AREA;REGIONE;PROVINCIA;2020_CodCom;NTN 2020 fino a 50 mq;NTN  2020 50 -| 85 mq;NTN 2020 85 -| 115 mq;NTN  2020 115 -| 145 mq;NTN  2020 oltre 145 mq;NTN 2020
Nord Est;Veneto;PD;A001;11;48;56,33;48;83,17;246,5
Nord Ovest;Lombardia;LO;A004;3;1;0;0;1;5
Nord Ovest;Lombardia;LC;A005;1;12;7,5;5,33;7,67;33,5
Centro;Toscana;SI;A006;4,67;22,66;23,83;19,01;11;81,17
Isole;Sardegna;OR;A007;3;2;3;2,5;5;15,5
Sud;Abruzzo;PE;A008;3;1;2;0;1;7
Nord Ovest;Lombardia;MI;A010;30,5;159,5;103,59;59,25;33,13;385,97
Sud;Basilicata;PZ;A013;0;1;0;0;3;4
Isole;Sicilia;RG;A014;8;8;9,5;7;8,03;40,53
Sud;Puglia;FG;A015;1;6,89;10,89;3;1;22,78
Nord Ovest;Piemonte;CN;A016;0;4;4;1;1;10
Sud;Basilicata;MT;A017;6;3;2,08;1;1;13,08
Sud;Abruzzo;AQ;A018;0;0;1;0;0;1
Centro;Lazio;RI;A019;0;0;0;0;0;0
Sud;Basilicata;PZ;A020;3,34;5;2;1;1;12,34
Sud;Campania;SA;A023;1;4;5;3,75;3;16,75
Sud;Campania;NA;A024;36,42;92,88;104;57,63;30,81;321,74
Isole;Sicilia;CT;A025;2;5;6,5;6;6,5;26
Isole;Sicilia;CT;A026;13;41,5;51,08;31,65;31,91;169,14
Isole;Sicilia;CT;A027;3;39,34;79,28;54,89;36;212,51
Isole;Sicilia;CT;A028;20,71;68,43;105,16;87,52;67,8;349,62
Isole;Sicilia;CT;A029;3;12,41;35;28;37,72;116,13
Centro;Lazio;FR;A032;0;3;0;1;0;4
Sud;Calabria;CS;A033;0;0;0;0;0;0
Nord Ovest;Lombardia;BS;A034;2;4;0,5;2;8;16,5
Centro;Marche;PS;A035;2;4;8;2;12,43;28,43
Nord Ovest;Lombardia;MN;A038;0;2;2;3;6;13
Nord Ovest;Lombardia;CR;A039;0,17;1,51;0,17;2,5;3,1;7,45
Centro;Lazio;VT;A040;0;3;8;7,75;11;29,75
Sud;Calabria;CS;A041;6;13,5;3;0;2;24,5
Sud;Calabria;VV;A043;0;1;1;0;0;2
Centro;Marche;AP;A044;5,6;5,83;8,5;5,67;3,92;29,52
Centro;Umbria;TR;A045;2;9;13,5;9;10,67;44,17
Centro;Marche;AP;A047;3;10;4;4,5;5;26,5
Sud;Puglia;BA;A048;25;13,84;37,84;36;19,18;131,86
Isole;Sicilia;CL;A049;0;2,9;3,67;2;3;11,57
Sud;Molise;CB;A050;1;0;0;0;0;1
Sud;Molise;IS;A051;0;0;0;0;0;0
Nord Ovest;Piemonte;AL;A052;20;72,02;75,42;46;32,33;245,77
Sud;Calabria;CS;A053;2;9;13,2;5;7,7;36,9
Centro;Lazio;FR;A054;3;4;5;4;3,5;19,5
Sud;Puglia;BA;A055;17;23,5;36,5;36,67;28,42;142,09
Isole;Sicilia;CT;A056;25,17;52,97;35,53;36,67;37,67;188,01
Nord Ovest;Lombardia;BG;A057;1;4;5;1;5,5;16,5
Nord Ovest;Lombardia;BG;A058;1;1,84;2,34;0,33;4;9,51
Nord Est;Veneto;RO;A059;6;43,59;57,96;37,5;36,36;181,41
Nord Ovest;Lombardia;BS;A060;2;9;11;10,5;17;49,5
Nord Est;Veneto;VR;A061;0;4,5;5;3;4,25;16,75
Centro;Lazio;RM;A062;3;7;1;2;2,42;15,42
Sud;Campania;NA;A064;61,01;71,5;56,42;51,55;36,64;277,12
Sud;Calabria;RC;A065;0;0;1;1;4;6
Nord Est;Emilia-Romagna;PC;A067;2;7,5;4;3;11,25;27,75
Sud;Campania;NA;A068;2,39;8,17;15,3;4;14,59;44,45
Isole;Sardegna;SS;A069;0;1;0;2;0;3
Isole;Sicilia;EN;A070;6,67;8,34;10;9;11,17;45,18
Centro;Toscana;PT;A071;2,83;49,89;47,92;20,58;29,8;151,02
Nord Ovest;Piemonte;AT;A072;2;5;3;3;6;19
Nord Ovest;Piemonte;TO;A074;3;2;9,5;3;4;21,5
Nord Est;Veneto;PD;A075;0;1;5,83;8,25;3;18,08
Nord Ovest;Lombardia;CR;A076;2;11;7;4;5;29
Sud;Calabria;RC;A077;0;0;1;0;0;1
Sud;Molise;IS;A080;3;6,23;6;5;9,54;29,77
Centro;Lazio;FR;A081;1;0;0;0;1;2
Nord Ovest;Lombardia;BS;A082;0;1;2;1,5;3,67;8,17
Nord Est;Veneto;BL;A083;5,94;19;12,92;7,25;5,06;50,17
Centro;Lazio;RM;A084;3,75;5;3,5;1;3,5;16,75
Nord Ovest;Lombardia;VA;A085;0;2,6;7,69;0,83;1,5;12,62
Nord Ovest;Lombardia;MB;A087;13;73,34;66,83;16;19,77;188,94
Nord Ovest;Piemonte;NO;A088;0;3;2;4;17,94;26,94
Isole;Sicilia;AG;A089;59,29;92,54;96,1;121,39;83,82;453,14
Sud;Campania;SA;A091;43,5;89,23;67,14;30,5;27,75;258,12
Centro;Marche;AN;A092;1;9,5;6;5;9,5;31
Nord Est;Veneto;VI;A093;3;0;2;4;8;17
Nord Ovest;Valle d'Aosta;AO;A094;14,17;31,5;5,67;4;3,67;59,01
Nord Ovest;Lombardia;MB;A096;4;6;3;2;6;21
Isole;Sardegna;OR;A097;0;0;0;0;3;3
Isole;Sicilia;EN;A098;1;3;6;4;4;18
Sud;Abruzzo;AQ;A100;2;2,5;2;0;2;8,5
Sud;Campania;AV;A101;0;5;5;3;9;22
Sud;Calabria;CS;A102;0;0;0;0;0,96;0,96
Sud;Calabria;CS;A105;0;0;1;0;0;1
Sud;Campania;CE;A106;0;0;0;0;0;0
Nord Ovest;Piemonte;BI;A107;0;2;0;1;1;4
Nord Ovest;Valle d'Aosta;AO;A108;3;9;4;0;2;18
Nord Ovest;Piemonte;TO;A109;5;15;14;6;4;44
Sud;Campania;BN;A110;4;2;8;6;19,88;39,88
Nord Ovest;Liguria;IM;A111;2;4;2;0;0;8
Nord Ovest;Lombardia;LC;A112;1;9,5;5;4;2;21,5
Nord Ovest;Piemonte;CN;A113;0;4;0;1;0,5;5,5
Isole;Sardegna;SS;A115;0;0;0;1;2;3
Nord Ovest;Piemonte;TO;A117;3;10;1;0;1;15
Nord Ovest;Lombardia;PV;A118;0;0;3;3;2,5;8,5
Nord Ovest;Piemonte;VC;A119;6,33;14,58;0,33;2;3;26,24
Sud;Abruzzo;PE;A120;3,67;4;5;6;3;21,67
Nord Est;Veneto;BL;A121;1;2;5;6,5;5;19,5
Nord Ovest;Liguria;SV;A122;48;92,5;53;14,5;14,83;222,83
Centro;Lazio;FR;A123;6;23,33;18;15;36,9;99,23
Nord Ovest;Piemonte;CN;A124;39;120;97,79;33,24;28;318,03
Sud;Abruzzo;TE;A125;48;133,23;49;15,39;10,39;256,01
Isole;Sardegna;OR;A126;0;0;0;0;0;0
Nord Ovest;Lombardia;MI;A127;0;9,2;15;7,67;5;36,87
Sud;Campania;SA;A128;3;5;3;3;4;18
Nord Ovest;Lombardia;BG;A129;2;22;30,31;15,75;15,5;85,56
Nord Ovest;Piemonte;VC;A130;0;2;0;0;2;4
Sud;Basilicata;PZ;A131;2,66;1;0;1;0;4,66
Centro;Lazio;RM;A132;18,16;143,19;108,17;46,33;36,94;352,79
Nord Ovest;Lombardia;PV;A134;0;0;0,5;1;1;2,5
Nord Ovest;Lombardia;SO;A135;1;0,61;1;0,5;0;3,11
Nord Est;Veneto;VR;A137;0;7;16,5;9,34;20,13;52,97
Nord Est;Emilia-Romagna;PR;A138;0;3,17;1;4;9;17,17
Nord Ovest;Piemonte;CN;A139;0;0;0;0;0;0
Nord Ovest;Lombardia;CO;A143;3,5;14,5;10,3;9,75;18;56,05
Nord Ovest;Liguria;SV;A145;30,34;85,5;38,5;31,67;24,29;210,3
Nord Ovest;Piemonte;AL;A146;1;2;3;0;2;8
Sud;Puglia;BA;A149;12,33;13;16,67;16,53;11;69,53
Sud;Puglia;FG;A150;2;1;3;0;0;6
Nord Ovest;Lombardia;CO;A153;0,88;6;7;11;9;33,88
Nord Est;Veneto;VI;A154;0;0;3,5;6;6;15,5
Sud;Calabria;CZ;A155;0;0;4;0;0;4
Nord Ovest;Piemonte;TO;A157;0;1;1;3;2;7
Nord Ovest;Lombardia;MB;A159;4;28,33;22,5;21,5;12;88,33
Sud;Calabria;CS;A160;1;4;1;0;0;6
Nord Est;Veneto;PD;A161;3,05;63,5;90,92;83,34;117,05;357,86
Nord Est;Emilia-Romagna;RE;A162;1;19,5;18,58;11;32,46;82,54
Nord Ovest;Lombardia;BG;A163;8,89;39,17;47,08;27,39;25,25;147,78
Nord Ovest;Lombardia;CO;A164;1;7;6;10,5;6,5;31
Nord Ovest;Liguria;SV;A165;6,83;35;28,5;8,5;3;81,83
Nord Ovest;Liguria;SV;A166;12,5;45,84;25,75;17;4,5;105,59
Nord Ovest;Lombardia;VA;A167;0;14,16;11,5;6;10,66;42,32
Nord Ovest;Lombardia;PV;A171;0;0;0;3;4;7
Nord Ovest;Lombardia;SO;A172;12,33;6,17;3;4,5;2;28
Nord Ovest;Piemonte;AT;A173;0;0;1;0;5;6
Nord Ovest;Lombardia;PV;A175;1;11;9,5;5,5;7,12;34,12
Isole;Sicilia;TP;A176;42,38;88,57;97,3;71,51;51,69;351,45
Isole;Sicilia;ME;A177;3;2;0;0;2;7
Isole;Sardegna;OR;A180;1,75;3;0,75;3,08;4;12,58
Isole;Sicilia;AG;A181;4;0;2;2,05;4;12,05
Nord Ovest;Piemonte;AL;A182;62,18;279,85;326,77;120,04;164,23;953,07
Sud;Calabria;CS;A183;0;0;0;0;1;1
Sud;Puglia;LE;A184;6;10;10,67;8;15,33;50
Sud;Puglia;LE;A185;3;10;18,8;15,5;11;58,3
Sud;Campania;SA;A186;0;0;0;0;1,33;1,33
Sud;Abruzzo;AQ;A187;7;23,39;7;2;0;39,39
Nord Ovest;Lombardia;BS;A188;1;2;4;2;5;14
Nord Ovest;Piemonte;AL;A189;0;2;0;1;15,33;18,33
Nord Est;Emilia-Romagna;RA;A191;6,83;11,5;11,33;21,75;31;82,41
Isole;Sardegna;SS;A192;72,66;239,22;135,07;71,08;29,66;547,69
Nord Ovest;Lombardia;BG;A193;0;2,34;5;5,5;1,17;14,01
Isole;Sicilia;ME;A194;1;1;0;1;0;3
Isole;Sicilia;PA;A195;0;5,67;7;2;2;16,67
Sud;Basilicata;MT;A196;1;3,86;2;2;0;8,86
Nord Ovest;Piemonte;AL;A197;0;1;0;0;2,33;3,33
Nord Ovest;Piemonte;VC;A198;2;1,83;1;3;5,33;13,16
Sud;Campania;CE;A200;1;1;1;2;10;15
Isole;Sicilia;ME;A201;2,25;4;3,25;1,2;2;12,7
Isole;Sicilia;PA;A202;1;3;3;1,17;6,8;14,97
Isole;Sicilia;PA;A203;0;0;0;0;0;0
Isole;Sardegna;OR;A204;0;0;0;0;2,33;2,33
Nord Ovest;Valle d'Aosta;AO;A205;0;2;1;1;0;4
Nord Est;Veneto;BL;A206;3;17,63;6;2;3,4;32,03
Centro;Umbria;TR;A207;1;2;1;3;2,5;9,5
Sud;Puglia;LE;A208;1;15,3;8,75;10,62;7;42,67
Centro;Lazio;RM;A210;4;7,5;7;4;1;23,5
Nord Ovest;Lombardia;BG;A214;1;11;21,86;6,5;7;47,36
Nord Ovest;Lombardia;BG;A215;0;12,34;13;5,5;5,39;36,23
Nord Ovest;Lombardia;BG;A216;1;17;33,66;26;11;88,66
Nord Ovest;Lombardia;BG;A217;2;9;17;10,97;10,5;49,47
Nord Ovest;Piemonte;TO;A218;1;17;12;9;23,35;62,35
Nord Est;Veneto;VI;A220;0;1,05;4;0;7;12,05
Nord Ovest;Piemonte;TO;A221;0;2;1;2;0;5
Nord Ovest;Piemonte;TO;A222;5,5;73;57,42;21,86;30;187,78
Nord Est;Emilia-Romagna;PC;A223;0,67;4;11,67;6;14,56;36,9
Nord Ovest;Lombardia;CO;A224;0;2;5;4;9;20
Sud;Puglia;BA;A225;45,16;110,19;171,83;91,37;83;501,55
Nord Ovest;Liguria;SV;A226;2;6;8;4,5;3,5;24
Nord Ovest;Piemonte;AL;A227;0;0;2;0;2;4
Sud;Campania;AV;A228;2;4,75;5;3;2;16,75
Isole;Sicilia;PA;A229;5;12;35;25,67;37,33;115
Sud;Campania;SA;A230;1;8;7,13;6,13;11,26;33,52
Nord Est;Veneto;VI;A231;8;53,5;60,17;39,5;37,5;198,67
Centro;Marche;AP;A233;0;16,06;12,34;7;0;35,4
Sud;Calabria;CS;A234;0;0;0;0;0;0
Sud;Abruzzo;CH;A235;3;6;7;2,67;6;24,67
Nord Est;Veneto;VI;A236;0;2;3;0;4;9
Nord Est;Veneto;TV;A237;4;10,5;10,33;9;15,16;48,99
Nord Ovest;Piemonte;CN;A238;0;0;0;0;0;0
Isole;Sicilia;PA;A239;5;8;10,5;8;14,33;45,83
Sud;Calabria;CS;A240;0;3;1;0;3;7
Centro;Toscana;LU;A241;3,5;59,17;43,75;27,83;43,83;178,08
Centro;Umbria;TR;A242;7;5,5;3;2;4,5;22
Sud;Campania;CE;A243;0;0;1;1;4;6
Centro;Lazio;FR;A244;1;4;4;1;2;12
Nord Ovest;Piemonte;AL;A245;0;0;0;0;1;1
Nord Ovest;Lombardia;BG;A246;12;54,22;35;18,83;24;144,05
Nord Ovest;Lombardia;CO;A249;5;5;14,17;6;11,5;41,67
Sud;Campania;SA;A251;1;6,33;5,27;4;2,33;18,93
Centro;Marche;AP;A252;0;3,84;5,26;5;8,84;22,94
Sud;Calabria;CS;A253;5;13;23,17;22;30;93,17
Nord Est;Friuli- Venezia Giulia;UD;A254;1;1;0,3;1;5;8,3
Sud;Calabria;CZ;A255;1;2;1,67;0,67;1;6,34
Centro;Lazio;FR;A256;1;4;0;0;3;8
Sud;Calabria;CZ;A257;0;0;1;0;2;3
Centro;Lazio;RI;A258;6,5;4,84;3;1,5;3,45;19,29
Nord Ovest;Lombardia;BG;A259;0;6;6,5;5;7;24,5
Nord Ovest;Liguria;SP;A261;13;40,33;12,5;9,25;11,25;86,33
Centro;Umbria;TR;A262;2;37;36;31,5;26,67;133,17
Sud;Calabria;CS;A263;4;10;2;3,5;0;19,5
Nord Ovest;Piemonte;NO;A264;0;5;4,67;3;3;15,67
Sud;Campania;BN;A265;0,5;0;1;3,5;7;12
Nord Est;Friuli- Venezia Giulia;UD;A267;0,5;3;2;0;4;9,5
Sud;Campania;NA;A268;5;6,78;5,83;5;3;25,61
Centro;Lazio;FR;A269;9;48,5;27;29;25,33;138,83
Sud;Abruzzo;TE;A270;0;1;1;1;1,5;4,5
Centro;Marche;AN;A271;59,27;280,41;317,31;192,61;150,81;1000,41
Sud;Calabria;CZ;A272;0;1;0;0;1;2
Nord Ovest;Lombardia;SO;A273;0;1;0;1;2;4
Nord Ovest;Piemonte;TO;A275;0;2;3;6;3,33;14,33
Nord Ovest;Liguria;SV;A278;63,08;95,17;32;14,69;6,5;211,44
Nord Ovest;Piemonte;BI;A280;7;7,25;4;8,17;9,67;36,09
Sud;Puglia;LE;A281;2;7,3;5;5,96;3,33;23,59
Nord Ovest;Piemonte;TO;A282;0;4;1;0;1;6
Nord Est;Friuli- Venezia Giulia;PN;A283;0;3;2;1,84;3;9,84
Sud;Campania;AV;A284;1;1;2;0;0;4
Sud;Puglia;BA;A285;56,05;158,08;288,77;174,73;91,99;769,62
Isole;Sardegna;SS;A287;0;1;0;0;1;2
Nord Ovest;Lombardia;BS;A288;3;7;0,6;1;0;11,6
Nord Ovest;Lombardia;VA;A290;3;12;22,5;13;15,5;66
Centro;Toscana;AR;A291;2,78;6,5;10;7,95;10,5;37,73
Nord Est;Veneto;VR;A292;0;4;8;11;18,25;41,25
Nord Ovest;Lombardia;BS;A293;9,83;14;5;3;1;32,83
Sud;Campania;SA;A294;25;27,92;56;49,97;27,21;186,1
Nord Ovest;Piemonte;TO;A295;3;3;4;1;6;17
Nord Est;Veneto;PD;A296;1;2;6;8,47;12,8;30,27
Centro;Lazio;RM;A297;6;35,59;36,63;22,3;29,85;130,37
Nord Ovest;Lombardia;CR;A299;0;1;1;2;6;10
Nord Ovest;Piemonte;AT;A300;0;2;3,17;4;9;18,17
Nord Ovest;Lombardia;LC;A301;1,5;1;2,5;3,83;3;11,83
Nord Est;Veneto;VE;A302;2;3;3;5,66;16,67;30,33
Sud;Calabria;RC;A303;0;1;1;0;1,5;3,5
Nord Ovest;Lombardia;BG;A304;0,33;8;11,99;25,66;5,2;51,18
Nord Ovest;Valle d'Aosta;AO;A305;4,5;19,5;2;0;0;26
Nord Ovest;Valle d'Aosta;AO;A308;3;7,17;1;0;0;11,17
Centro;Lazio;RM;A309;4;2;2,5;0;1;9,5
Centro;Lazio;FR;A310;18,56;33,97;27;11,5;16;107,03
Nord Ovest;Piemonte;AT;A312;0;0;0;4;8,44;12,44
Isole;Sicilia;ME;A313;0;0;2;0;0;2
Sud;Calabria;RC;A314;1;1;1;2,5;2;7,5
Centro;Lazio;RI;A315;0;6,5;5,17;2,5;2;16,17
Nord Ovest;Piemonte;VB;A317;2;1;4;1;0;8
Sud;Abruzzo;AQ;A318;0;0;0,67;0;0;0,67
Nord Ovest;Lombardia;CO;A319;0;3;3;3;2;11
Sud;Puglia;FG;A320;0;1;4;1;2;8
Sud;Basilicata;PZ;A321;2;4,83;1;1;1;9,83
Centro;Lazio;RM;A323;59,8;310,16;258,96;162,58;129,49;920,99
Nord Est;Emilia-Romagna;BO;A324;4,83;53,17;54,67;22,5;27,1;162,27
Nord Ovest;Piemonte;VB;A325;0;2;1;0;1;4
Nord Ovest;Valle d'Aosta;AO;A326;22,56;129,55;93,5;38,01;20,12;303,74
Centro;Marche;PS;A327;3;6;5,5;2;2;18,5
Sud;Campania;BN;A328;0;0;2;4;13;19
Centro;Marche;MC;A329;1;7,5;3,5;2,5;5,5;20
Sud;Campania;BN;A330;1;1;0,83;2;1;5,83
Nord Ovest;Lombardia;CO;A333;5,5;13,02;27,51;13,5;23,35;82,88
Centro;Marche;MC;A334;0;4,75;2;8,17;7,5;22,42
Centro;Marche;AP;A335;0;1;1,17;1;5;8,17
Nord Ovest;Lombardia;SO;A337;25,78;56,45;9,43;4;2;97,66
Nord Ovest;Liguria;IM;A338;5;5;2;5;2;19
Sud;Puglia;FG;A339;3,86;6,84;20,25;18,11;12,25;61,31
Sud;Calabria;CS;A340;1;2;1,5;1;3;8,5
Centro;Lazio;LT;A341;31;162;178,84;102,14;80,39;554,37
Sud;Campania;SA;A343;3;3;0;0,5;6;12,5
Nord Ovest;Liguria;IM;A344;0;0;0;0,67;0;0,67
Sud;Abruzzo;AQ;A345;41,46;137,19;149,64;149,54;126,08;603,91
Sud;Campania;AV;A347;0;0,26;3,33;2,33;0,75;6,67
Centro;Lazio;FR;A348;0;4;5,62;3;4,5;17,12
Sud;Puglia;LE;A350;4;17,39;4,8;5;7,5;38,69
Isole;Sicilia;AG;A351;4;10;14,5;9,5;4;42
Nord Ovest;Piemonte;AT;A352;0;0;1;1;5;7
Nord Est;Friuli- Venezia Giulia;PN;A354;0;0;1;2;6,17;9,17
Isole;Sardegna;NU;A355;9,78;46,28;14,5;13;10;93,56
Isole;Sardegna;OR;A357;0;1;6;3;10;20
Nord Ovest;Piemonte;VC;A358;0;0;1;0;3,5;4,5
Isole;Sardegna;CA;A359;10,46;13;7,8;7,83;12,03;51,12
Nord Est;Veneto;TV;A360;2;9;14;10,25;18,75;54
Centro;Lazio;FR;A363;0;6;4;2;11;23
Nord Ovest;Lombardia;BG;A365;0,75;10;16,5;9;5;41,25
Centro;Marche;AN;A366;0;4;8,5;11,17;13,89;37,56
Sud;Abruzzo;CH;A367;1;3;1;0;2;7
Isole;Sardegna;OR;A368;0;0;1;2,78;4;7,78
Centro;Toscana;GR;A369;3;25;15;12,82;9,44;65,26
Centro;Lazio;RM;A370;9,5;16,5;6;2;4;38
Nord Ovest;Lombardia;VA;A371;4;20;28;12,5;11;75,5
Nord Ovest;Liguria;SP;A373;4,5;27,5;21,25;11,5;20;84,75
Nord Est;Veneto;VR;A374;1;5;20;11;21,75;58,75
Nord Ovest;Lombardia;MI;A375;4;19,5;22,5;13;15,5;74,5
Nord Ovest;Lombardia;MB;A376;38,29;87,78;87,15;28,43;23,58;265,23
Nord Est;Veneto;VI;A377;0,5;13;8;10,5;36,16;68,16
Isole;Sardegna;SS;A379;0;0;1;0;1;2
Isole;Sardegna;OR;A380;0;0;0;1;1;2
Nord Ovest;Lombardia;SO;A382;1;6,49;0;4;1,5;12,99
Nord Ovest;Lombardia;BG;A383;9,5;8,5;5,33;7,63;2;32,96
Sud;Calabria;RC;A385;6;16;6,63;5;7;40,63
Sud;Calabria;VV;A386;1;1;0;2;1;5
Nord Ovest;Lombardia;PV;A387;0;0;0;3,5;4;7,5
Nord Ovest;Liguria;GE;A388;20;72,9;53,4;24,47;15,5;186,27
Nord Ovest;Lombardia;MI;A389;14,5;63,5;92,08;36,7;61;267,78
Centro;Toscana;AR;A390;39,5;173,98;250,64;143,82;166,11;774,05
Nord Ovest;Lombardia;CO;A391;2;13;4;1;6;26
Nord Est;Emilia-Romagna;BO;A392;5,75;41;26,75;12;15,5;101
Nord Est;Emilia-Romagna;FE;A393;3,5;34,05;36,61;46,23;74,67;195,06
Nord Ovest;Piemonte;CN;A394;6;4;1;2;0;13
Nord Ovest;Piemonte;CN;A396;0;0;0;0;2;2
Sud;Calabria;CZ;A397;0;0;0;0;0;0
Sud;Abruzzo;CH;A398;0;0;0;2;3;5
Sud;Campania;AV;A399;5,99;16;19,68;24,76;26,86;93,29
Nord Est;Veneto;RO;A400;3;9;4,17;6;9,87;32,04
Centro;Lazio;RM;A401;13;49,5;43;33;37,39;175,89
Sud;Abruzzo;CH;A402;0;1;1;0;1,5;3,5
Sud;Campania;CE;A403;2;3,5;4,67;5;6,67;21,84
Nord Ovest;Piemonte;TO;A405;0;2,5;1;1;1;5,5
Isole;Sardegna;NU;A407;0;4,17;0;1;3;8,17
Nord Ovest;Piemonte;VB;A409;2;6;4;5;10,5;27,5
Centro;Lazio;VT;A412;0;1;1;2;0;4
Nord Ovest;Lombardia;MI;A413;14,84;50,16;40,67;23,67;18,17;147,51
Nord Ovest;Piemonte;NO;A414;1;5;3,5;4;2,28;15,78
Sud;Basilicata;PZ;A415;2;1,46;2;0;1;6,46
Nord Ovest;Liguria;IM;A418;0;0;0;1;0;1
Isole;Sardegna;CA;A419;0;0;2;0;0;2
Centro;Lazio;FR;A421;0;0;0;2;3;5
Nord Ovest;Liguria;SV;A422;0;2;0;2,33;2;6,33
Nord Ovest;Valle d'Aosta;AO;A424;1;1;3;0;0;5
Sud;Puglia;LE;A425;2;2;1;2;9,2;16,2
Nord Ovest;Piemonte;VB;A427;0;1;1;2;1;5
Nord Ovest;Piemonte;NO;A429;13,5;92,5;88,01;37,5;36,3;267,81
Nord Ovest;Lombardia;CO;A430;5;5,84;11,66;7,78;5,5;35,78
Sud;Campania;BN;A431;2,77;0,75;5;2;3;13,52
Sud;Campania;BN;A432;2;2,75;1,75;1,75;2;10,25
Centro;Lazio;FR;A433;2;7;4;7,17;9,5;29,67
Nord Est;Veneto;PD;A434;1;2;6,5;2;11,09;22,59
Nord Est;Veneto;RO;A435;0,5;2;5;4,5;13,5;25,5
Nord Ovest;Piemonte;AL;A436;2;21,5;24;7;10,5;65
Centro;Marche;AP;A437;4;0,5;3;2;2;11,5
Nord Est;Veneto;PD;A438;0;0;3;4;7,25;14,25
Centro;Umbria;TR;A439;3;1;5;2;6;17
Nord Ovest;Lombardia;BG;A440;0;3,5;10;10;4,25;27,75
Nord Ovest;Lombardia;VA;A441;0;16,83;14;4,11;12,44;47,38
Nord Est;Veneto;BL;A443;1;9,58;13,5;3;12,5;39,58
Nord Est;Veneto;VI;A444;0;14;15;3;16;48
Sud;Abruzzo;TE;A445;0;0;1;0;0;1
Centro;Lazio;RM;A446;2;1,83;2,5;3,34;4;13,67
Nord Est;Friuli- Venezia Giulia;UD;A447;4,33;15,67;0;5,33;4,5;29,83
Nord Est;Friuli- Venezia Giulia;UD;A448;1;2;6,1;2,5;10,5;22,1
Centro;Lazio;RM;A449;8;14;24,5;12;8,5;67
Nord Ovest;Lombardia;BS;A451;11,84;26,23;17,17;6,5;6,5;68,24
Nord Ovest;Valle d'Aosta;AO;A452;0;4;0,25;0;1;5,25
Isole;Sardegna;SS;A453;28,98;99,4;57,67;24,11;44,75;254,91
Isole;Sardegna;NU;A454;0;0;0;0;0,5;0,5
Sud;Campania;NA;A455;19,88;21,67;47,47;21,96;14;124,98
Nord Est;Veneto;PD;A458;0,5;4;12,5;4,5;10,47;31,97
Nord Est;Veneto;VI;A459;9;56,37;70,56;45;71,06;251,99
Sud;Campania;SA;A460;13,01;36,75;14,5;7,83;6;78,09
Centro;Toscana;SI;A461;4;10;17,5;5,5;7;44
Centro;Marche;AP;A462;10,02;97,5;141,08;97,16;58,58;404,34
Sud;Puglia;FG;A463;7;11;11,75;3;8,85;41,6
Centro;Lazio;RI;A464;5;6;2;1;1;15
Nord Est;Veneto;VI;A465;18;54,8;17,72;20,83;9;120,35
Nord Ovest;Piemonte;VC;A466;0;1;4;0;7,5;12,5
Nord Est;Veneto;VI;A467;0;0,89;0;0;10,17;11,06
Centro;Toscana;SI;A468;1;10;23,34;17,33;27,23;78,9
Nord Ovest;Lombardia;MN;A470;5;14;18;16,67;32,5;86,17
Nord Est;Veneto;TV;A471;6;17,67;17;18,67;17,66;77
Centro;Lazio;RI;A472;2;2;2;3;6;15
Nord Ovest;Lombardia;MI;A473;8,5;43;26,34;19,67;17,5;115,01
Isole;Sardegna;CA;A474;22;86,5;49,5;29,52;35,22;222,74
Centro;Umbria;PG;A475;22,12;54,1;61,11;49,3;67,09;253,72
Nord Ovest;Lombardia;CO;A476;1,22;11,22;14,5;8,89;5,33;41,16
Isole;Sardegna;OR;A477;0;0;0;0;0,92;0,92
Isole;Sicilia;EN;A478;2;5,08;5;11;7,17;30,25
Nord Ovest;Piemonte;AT;A479;77,2;294,34;226,6;98,75;136,8;833,69
Isole;Sardegna;OR;A480;1;0;1;0;2,53;4,53
Sud;Abruzzo;AQ;A481;1;37;5;4,5;1;48,5
Sud;Basilicata;PZ;A482;0;0;3;5;1;9
Sud;Campania;SA;A484;0;1;1;1;3;6
Sud;Abruzzo;CH;A485;2;7,5;8,33;10;10,22;38,05
Centro;Lazio;FR;A486;2;5;4;4,2;11,5;26,7
Sud;Campania;SA;A487;0;1;0;0;0;1
Sud;Abruzzo;TE;A488;2;8,97;12,83;13,5;10,03;47,33
Sud;Campania;AV;A489;3,5;13;19,25;19;14;68,75
Centro;Umbria;TR;A490;0;1;2;4,5;5;12,5
Nord Est;Friuli- Venezia Giulia;UD;A491;0;2;2;6,86;10;20,86
Isole;Sardegna;NU;A492;0;0;0;1;2;3
Isole;Sicilia;SR;A494;16,33;136,56;98,69;122,17;63,66;437,41
Sud;Campania;SA;A495;0;0;2;1,5;2,5;6
Centro;Toscana;MS;A496;7;16,75;19,83;13,33;10,5;67,41
Nord Ovest;Piemonte;VB;A497;5,67;3,5;2,92;0;0;12,09
Nord Ovest;Liguria;IM;A499;1;2;3;0;1;7
Nord Est;Veneto;BL;A501;13,5;48,5;18;7;3;90
Centro;Lazio;FR;A502;0;4;0;0;1;5
Isole;Sardegna;NU;A503;0;0;0,33;1;1;2,33
Nord Ovest;Liguria;GE;A506;1;3;4,45;9;5,5;22,95
Sud;Campania;AV;A508;2;6,95;7;3;9,68;28,63
Sud;Campania;AV;A509;11,02;35,73;70,12;92,64;86,57;296,08
Nord Ovest;Lombardia;BG;A511;1;0;1;0;0;2
Sud;Campania;CE;A512;33;47,52;62,83;93,17;70,27;306,79
Sud;Puglia;TA;A514;2,5;2,5;4;7;8;24
Sud;Abruzzo;AQ;A515;14,67;56,5;92,63;66,3;64,87;294,97
Nord Est;Friuli- Venezia Giulia;PN;A516;29,67;43;22,28;19,17;38,17;152,29
Nord Ovest;Lombardia;BG;A517;7;17,84;2,33;1;2;30,17
Nord Ovest;Piemonte;TO;A518;1;33,75;43;22,08;29,58;129,41
Sud;Basilicata;PZ;A519;0;5;7;7;3,75;22,75
Nord Ovest;Valle d'Aosta;AO;A521;0;0,5;0;1;0;1,5
Isole;Sicilia;SR;A522;27;52,75;49,64;39,54;29,41;198,34
Nord Ovest;Piemonte;AL;A523;0;0;0;2;2;4
Nord Ovest;Piemonte;TO;A525;0;0;1;1;5;7
Nord Ovest;Lombardia;CR;A526;0;0;0;0;2;2
Nord Ovest;Piemonte;AT;A527;1;0;0;0;5;6
Nord Ovest;Lombardia;BG;A528;3;15,86;27,22;8,17;14,5;68,75
Nord Ovest;Lombardia;BS;A529;1;8;14,5;5;9;37,5
Nord Est;Friuli- Venezia Giulia;PN;A530;1;31;36;24;52,27;144,27
Nord Ovest;Lombardia;VA;A531;3;7;11,17;5,5;10;36,67
Nord Ovest;Lombardia;VA;A532;2;2;2;1;6,83;13,83
Nord Ovest;Lombardia;BG;A533;0;0;2;1;1;4
Nord Ovest;Piemonte;VB;A534;0;2;4;3;2;11
Sud;Campania;NA;A535;11;41,93;31;17,5;5;106,43
Nord Ovest;Liguria;IM;A536;0;4;3;0;2;9
Nord Ovest;Lombardia;PV;A538;0;0;0;3;2;5
Nord Est;Veneto;RO;A539;5;15;25;15;37,87;97,87
Nord Est;Veneto;VR;A540;3;8;4;4;7;26
Centro;Toscana;AR;A541;1;5;1;1;2,67;10,67
Sud;Calabria;CZ;A542;2,56;16,25;10,95;9,33;6;45,09
Sud;Calabria;RC;A544;1;1;2;0;2;6
Isole;Sicilia;PA;A546;29,64;57,78;74,51;69,17;54,55;285,65
Nord Est;Emilia-Romagna;RA;A547;6;26,5;23;19,5;52,55;127,55
Nord Ovest;Lombardia;PV;A550;0;1;2,5;0,58;0;4,08
Nord Est;Emilia-Romagna;RA;A551;0;2;8;7;10,17;27,17
Sud;Calabria;RC;A552;0;9;13,3;7,3;8;37,6
Nord Est;Friuli- Venezia Giulia;UD;A553;3;4;3;14;15;39
Nord Ovest;Piemonte;CN;A555;1;2;1;1;2;7
Nord Ovest;Lombardia;BG;A557;0;11;20,25;8,5;6;45,75
Centro;Toscana;LU;A560;1;12;16;13;18,9;60,9
Centro;Toscana;PT;A561;23,5;67,08;51,2;37,53;42,06;221,37
Centro;Toscana;PI;A562;7;64,17;68,13;60,66;95,39;295,35
Centro;Toscana;FI;A564;8,33;54,67;65,05;35,56;52,01;215,62
Nord Est;Emilia-Romagna;FO;A565;3,75;5,78;8,75;7,17;6,5;31,95
Sud;Campania;AV;A566;3;9,53;4;5,06;2;23,59
Sud;Molise;IS;A567;1;3;1;3,5;0;8,5
Nord Est;Veneto;PD;A568;0;7;8,67;6;11,5;33,17
Nord Ovest;Lombardia;BS;A569;1;30,53;24,9;19,75;35,92;112,1
Nord Ovest;Lombardia;CR;A570;2;14;12,25;12;16;56,25
Nord Ovest;Piemonte;CN;A571;33,54;30,01;19,5;13,75;28,25;125,05
Sud;Puglia;LE;A572;1;0,17;2;0;2;5,17
Nord Est;Emilia-Romagna;RE;A573;1;13,67;36,5;13,33;21,75;86,25
Nord Est;Veneto;RO;A574;0;0;1;1;10;12
Nord Ovest;Lombardia;MN;A575;1;14;12;8;21;56
Centro;Toscana;MS;A576;2,5;7,63;6;5;7,33;28,46
Centro;Lazio;VT;A577;1;5;6;4;7,33;23,33
Nord Ovest;Lombardia;BS;A578;4;14;14,88;6,21;8,25;47,34
Sud;Campania;CE;A579;1;1;2;2;6;12
Sud;Campania;AV;A580;0;3,11;5,5;1,94;11,67;22,22
Nord Ovest;Liguria;IM;A581;4,33;3,33;0;2;0;9,66
Nord Ovest;Piemonte;TO;A584;0;1;0;0,33;2,17;3,5
Nord Est;Emilia-Romagna;RE;A586;0;2,5;7,5;4,83;9,86;24,69
Nord Ovest;Piemonte;TO;A587;1;2;3;3;15,5;24,5
Nord Ovest;Piemonte;AT;A588;0;2;0;1;3;6
Nord Ovest;Piemonte;CN;A589;0;3;0;0;4;7
Nord Ovest;Piemonte;TO;A590;0;0;0;0;8,78;8,78
Nord Ovest;Piemonte;TO;A591;2;3;1;6;36;48
Isole;Sicilia;PA;A592;5;11,22;18,88;12,33;9;56,43
Nord Ovest;Liguria;SV;A593;0;1;0;0;0;1
Nord Ovest;Lombardia;LC;A594;8;30,9;7;7,25;5;58,15
Isole;Sardegna;CA;A597;0;0;1;0;0;1
Nord Ovest;Piemonte;TO;A599;3;7,5;0;1;0;11,5
Nord Ovest;Piemonte;VC;A600;1;2;2;0;0;5
Nord Ovest;Piemonte;VC;A601;0;0;0;0;1;1
Sud;Abruzzo;AQ;A603;2;5;4;2;2;15
Sud;Basilicata;PZ;A604;1;5;7,25;0;1;14,25
Nord Ovest;Piemonte;AL;A605;0;2;2;2;5,5;11,5
Isole;Sardegna;SS;A606;0;0;0;3;1,78;4,78
Nord Ovest;Piemonte;TO;A607;1;6;15;3,63;4;29,63
Isole;Sardegna;OR;A609;0;0;0;0;0;0
Nord Ovest;Piemonte;VB;A610;3;6;0;1;1;11
Sud;Basilicata;PZ;A612;0;2;3;0;1,5;6,5
Nord Est;Veneto;PD;A613;0;1;3;5;9,83;18,83
Isole;Sardegna;OR;A614;0;0;0;0;0;0
Sud;Basilicata;PZ;A615;2;0;4;1;1;8
Sud;Molise;CB;A616;1;3;0,9;2;3;9,9
Sud;Campania;NA;A617;2;6;7;6,17;2;23,17
Nord Ovest;Lombardia;MI;A618;23,03;61,01;29,75;16,5;5;135,29
Nord Ovest;Lombardia;VA;A619;0;4;3;6,5;12;25,5
Isole;Sardegna;OR;A621;0;1;2;0;0;3
Nord Ovest;Piemonte;TO;A625;0;0;0;1;6;7
Centro;Marche;AN;A626;1,75;1;2;0;3;7,75
Centro;Lazio;VT;A628;0;7;2;0;3;12
Nord Ovest;Piemonte;CN;A629;0;0,5;2;3;2;7,5
Nord Ovest;Lombardia;BS;A630;0;1;1;5;9,67;16,67
Nord Ovest;Lombardia;BG;A631;0;0;6;2;4;12
Centro;Toscana;FI;A632;1;24,93;39,25;16,5;21,5;103,18
Nord Ovest;Lombardia;PV;A634;0;1;1,67;3;3,5;9,17
Nord Est;Veneto;PD;A637;0;0;1;1;0;2
Isole;Sicilia;ME;A638;4,66;28,53;55,89;46,58;43,5;179,16
Nord Est;Friuli- Venezia Giulia;PN;A640;0;0;2;2;2;6
Nord Ovest;Valle d'Aosta;AO;A643;0;0;1;0;0;1
Nord Ovest;Lombardia;VA;A645;0,5;4,5;1;3,5;2;11,5
Nord Est;Emilia-Romagna;PR;A646;5;4;5,83;3,5;20,53;38,86
Nord Ovest;Liguria;SV;A647;2;3;1;0,5;4;10,5
Nord Est;Veneto;VR;A650;13;43,1;33,92;18,71;16,16;124,89
Nord Ovest;Piemonte;TO;A651;76,32;102,64;28,67;8,18;2;217,81
Nord Ovest;Lombardia;MI;A652;16,5;81,01;66,83;35,5;18,5;218,34
Nord Ovest;Piemonte;NO;A653;0;0;0;3;2;5
Isole;Sardegna;OR;A655;0;0;0;0;1;1
Sud;Abruzzo;AQ;A656;1,5;1;0;2;0;4,5
Centro;Toscana;LU;A657;2;12;9;12,17;21,17;56,34
Nord Ovest;Liguria;GE;A658;1,5;11;12,5;5;1;31
Nord Ovest;Piemonte;CN;A660;1;10;11,83;15;18;55,83
Nord Ovest;Lombardia;BS;A661;0;4;1;1;1;7
Sud;Puglia;BA;A662;320,53;825,07;964,95;640,81;395,61;3146,97
Isole;Sardegna;NU;A663;3;4;8,66;2;5,5;23,16
Nord Ovest;Lombardia;BG;A664;1;7,25;8,5;5;5;26,75
Nord Est;Emilia-Romagna;BO;A665;3,5;31,5;22,3;10;11;78,3
Sud;Basilicata;PZ;A666;1,67;5;2;5;4;17,67
Sud;Abruzzo;AQ;A667;2;1;2;4;4;13
Nord Ovest;Lombardia;MB;A668;4;24,78;26,5;17,05;13,17;85,5
Sud;Puglia;BA;A669;110,12;202,21;225,53;110,29;59,03;707,18
Nord Ovest;Lombardia;CO;A670;3,5;3;0;1;0;7,5
Nord Ovest;Piemonte;CN;A671;0;0;1;1;1;3
Nord Ovest;Piemonte;TO;A673;0;0;1;1;1;3
Sud;Campania;SA;A674;5;27,67;27,33;24,11;16,5;100,61
Isole;Sicilia;EN;A676;6,67;5;9,67;7;10,5;38,84
Isole;Sardegna;CA;A677;0;0,5;0;1;0;1,5
Sud;Abruzzo;AQ;A678;2;8;1;2;0;13
Isole;Sardegna;CA;A681;0;0;0;0;5;5
Nord Ovest;Lombardia;LC;A683;0;3;12;4;1;20
Nord Ovest;Lombardia;BG;A684;0;4,04;7,92;7;12,16;31,12
Nord Ovest;Lombardia;LC;A686;1;9,67;10,5;5;11,34;37,51
Nord Ovest;Lombardia;LC;A687;10,03;30,3;14,5;3;3,5;61,33
Nord Ovest;Piemonte;AL;A689;0;2;2;2;9;15
Nord Ovest;Lombardia;PV;A690;2;1;2;3;1;9
Centro;Umbria;TR;A691;5;2;4;5;11,5;27,5
Sud;Abruzzo;TE;A692;2;0;1;1;5;9
Sud;Campania;BN;A696;5;2;1;0;2;10
Nord Ovest;Lombardia;MI;A697;2;9,5;11;3,5;9;35
Isole;Sicilia;ME;A698;0;0;0;0;1;1
Nord Ovest;Lombardia;MI;A699;6;26;43,5;25,5;26;127
Nord Est;Friuli- Venezia Giulia;UD;A700;0;5,22;8,5;6,39;22;42,11
Centro;Lazio;VT;A701;1;6;8;5;3,5;23,5
Nord Ovest;Lombardia;BS;A702;0;5;4;7,5;4;20,5
Nord Est;Veneto;VI;A703;20,54;120,28;109;84;122,13;455,95
Centro;Lazio;VT;A704;5;12,5;5;10,5;7,5;40,5
Nord Ovest;Lombardia;VA;A705;0;4;0;1;1;6
Centro;Lazio;VT;A706;3;5,5;5,5;5,67;4;23,67
Centro;Lazio;LT;A707;3;5,5;4;3;0,25;15,75
Nord Ovest;Piemonte;AL;A708;2;0;3,5;3;15;23,5
Nord Ovest;Piemonte;CN;A709;0;0;0;1;6;7
Centro;Umbria;PG;A710;6;49,17;55;30,29;37,84;178,3
Nord Ovest;Lombardia;PV;A712;2;6;2;2;3;15
Nord Est;Emilia-Romagna;MO;A713;5;21,33;16;4;10;56,33
Nord Est;Veneto;PD;A714;0;9;8,25;2;4,5;23,75
Nord Ovest;Piemonte;CN;A716;0;0;0;0;1;1
Sud;Campania;SA;A717;12;76,26;94,83;93,96;46,05;323,1
Nord Ovest;Lombardia;PV;A718;0;3;0;2;0;5
Isole;Sicilia;PA;A719;0;0;0;1;2;3
Centro;Lazio;FR;A720;2;1,33;1;1;5,83;11,16
Isole;Sardegna;OR;A721;0;0;1;1;3,22;5,22
Isole;Sardegna;NU;A722;1;9,92;0;0;4;14,92
Nord Ovest;Piemonte;VB;A725;4;26,5;21,5;5,5;3,27;60,77
Nord Ovest;Lombardia;VA;A728;0;1;3;2;0;6
Nord Ovest;Lombardia;BS;A729;2;28,5;29,5;23,5;44,77;128,27
Nord Est;Emilia-Romagna;PR;A731;0;3,75;10;11,26;8,57;33,58
Nord Ovest;Lombardia;BG;A732;0;0;5;2,83;1;8,83
Nord Ovest;Piemonte;VB;A733;1;3;2;5,61;4,5;16,11
Nord Ovest;Piemonte;TO;A734;10,22;79,17;59,43;21;22,93;192,75
Nord Ovest;Piemonte;CN;A735;0;5;7,5;6;11;29,5
Sud;Calabria;CZ;A736;1;1;2;1;1;6
Nord Est;Veneto;VR;A737;1;8;10,5;7;10;36,5
Nord Ovest;Piemonte;AL;A738;1;1;3;0;1;6
Centro;Marche;MC;A739;2;0;1;1;3;7
Centro;Marche;PS;A740;0;0;1;1;1;3
Nord Ovest;Lombardia;PV;A741;2;22;18;11;14,17;67,17
Nord Ovest;Piemonte;VB;A742;4;3;8;1;0;16
Sud;Basilicata;PZ;A743;2;9;4;2,5;4;21,5
Nord Ovest;Lombardia;LC;A745;18;31,67;13,38;8;3;74,05
Sud;Abruzzo;TE;A746;1;8;11;13,84;13,67;47,51
Nord Est;Emilia-Romagna;RN;A747;48,56;88,01;46,84;24,91;18,73;227,05
Centro;Lazio;RM;A749;0,5;3,5;8;3;0;15
Nord Ovest;Piemonte;CN;A750;1;4;2;2,88;1,5;11,38
Nord Ovest;Lombardia;MI;A751;6,17;12,17;25,17;1,5;9,51;54,52
Nord Ovest;Piemonte;NO;A752;2;15;34;10,17;15,83;77
Sud;Campania;CE;A755;0,5;4;7,5;6,5;13,1;31,6
Sud;Campania;SA;A756;0;0;0;1;6;7
Nord Est;Veneto;BL;A757;28,87;99,61;92,45;78,01;89,63;388,57
Nord Ovest;Lombardia;MB;A759;5,33;33;27;9,2;11,17;85,7
Centro;Marche;AP;A760;0,5;0;1,25;0;0;1,75
Sud;Molise;IS;A761;1;2;0;0;0;3
Sud;Calabria;CS;A762;1,13;3,01;1;1;1;7,14
Centro;Lazio;FR;A763;0;0;1,5;0;0;1,5
Isole;Sicilia;PA;A764;4;16;7;3,5;11;41,5
Centro;Lazio;RI;A765;0;0,33;0;3;1;4,33
Isole;Sicilia;CT;A766;10;31,8;43,75;36,75;37,71;160,01
Sud;Calabria;CS;A768;0;1;0;0;1;2
Centro;Marche;AN;A769;1;1,5;2;7,3;6,33;18,13
Nord Ovest;Piemonte;AT;A770;0;0,67;0;0;2,67;3,34
Nord Est;Emilia-Romagna;BO;A771;7,5;24,51;13;5;10,13;60,14
Sud;Calabria;KR;A772;0;1;1;2;1;5
Sud;Calabria;CS;A773;16;47;18;18,17;12,33;111,5
Nord Ovest;Piemonte;CN;A774;0;0;0;0,5;0;0,5
Isole;Sardegna;NU;A776;0;0;0;0;1;1
Nord Ovest;Lombardia;SO;A777;0;1;0;0;0;1
Nord Ovest;Lombardia;CO;A778;0;0;3;0,5;0;3,5
Nord Ovest;Piemonte;CN;A779;0;6,5;8,67;8;18,97;42,14
Sud;Calabria;RC;A780;3;0;2,5;3;0;8,5
Isole;Sardegna;SS;A781;0;2;0;0;3,67;5,67
Nord Ovest;Piemonte;CN;A782;2;0;2;0;0;4
Sud;Campania;BN;A783;23,75;76,25;122,8;89,38;92,24;404,42
Nord Ovest;Piemonte;BI;A784;1;0;3,5;2,8;1;8,3
Nord Est;Emilia-Romagna;BO;A785;1;16,55;25;20;14,8;77,35
Nord Ovest;Lombardia;BG;A786;2;5;9,5;4;10;30,5
Nord Ovest;Lombardia;SO;A787;4,75;9,78;4,67;5,56;7,5;32,26
Nord Est;Emilia-Romagna;PR;A788;11,75;16;18,5;6;10,87;63,12
Isole;Sardegna;SS;A789;1;5,5;3,33;3;8;20,83
Nord Ovest;Lombardia;CO;A791;0;5,67;9,5;7,67;10;32,84
Nord Ovest;Lombardia;PV;A792;2,5;2,5;4,5;5;16;30,5
Nord Ovest;Piemonte;AL;A793;0;0;2;0;5;7
Nord Ovest;Lombardia;BG;A794;136,2;460,62;457,34;270,89;219,5;1544,55
Nord Est;Veneto;RO;A795;0;0;4,17;5;8;17,17
Nord Ovest;Liguria;SV;A796;3,5;16,08;8;3,5;4;35,08
Nord Ovest;Piemonte;CN;A798;0;0;0;0;0;0
Nord Ovest;Lombardia;BS;A799;0;4,5;6,5;3,31;7,73;22,04
Sud;Basilicata;MT;A801;18,89;57,88;20;16,8;15;128,57
Nord Ovest;Lombardia;MB;A802;7;59,25;56,3;43,67;19,5;185,72
Nord Ovest;Lombardia;MI;A804;3;2;6,5;4;12,33;27,83
Nord Ovest;Piemonte;CN;A805;3;5;10;10,5;12,67;41,17
Nord Est;Emilia-Romagna;FO;A809;7,5;29,5;34,5;25,05;28,43;124,98
Nord Est;Friuli- Venezia Giulia;UD;A810;0;7;1;2;8,22;18,22
Nord Ovest;Lombardia;LO;A811;1,5;0;2;2;2;7,5
Nord Ovest;Piemonte;AT;A812;0;0;1;1;6,5;8,5
Nord Ovest;Piemonte;AL;A813;0;0;0;0;1;1
Nord Ovest;Lombardia;BG;A815;1;0;5,5;5;6,22;17,72
Nord Ovest;Lombardia;BS;A816;0;1,5;1,24;0;1;3,74
Nord Ovest;Lombardia;BS;A817;0;8;8,36;4,3;5;25,66
Nord Ovest;Lombardia;MB;A818;7;41;59,5;24,89;22,5;154,89
Nord Ovest;Lombardia;VA;A819;1;8,33;5,5;9,5;5,49;29,82
Nord Ovest;Lombardia;MI;A820;0;9,5;4,5;5,5;5;24,5
Nord Est;Emilia-Romagna;PC;A823;0;1;3;2;8;14
Nord Ovest;Lombardia;VA;A825;3;15;7;4;19,22;48,22
Nord Ovest;Lombardia;VA;A826;1;16,5;23;11;25,45;76,95
Isole;Sardegna;SS;A827;0;0,5;1;1;0,75;3,25
Nord Est;Emilia-Romagna;PC;A831;4;17;7,8;8;17,67;54,47
Centro;Umbria;PG;A832;0;5;4;1,5;6;16,5
Nord Ovest;Piemonte;VB;A834;0;6,5;3;1;1,5;12
Centro;Umbria;PG;A835;0,88;3,5;8;6,83;13,43;32,64
Nord Ovest;Liguria;SP;A836;0;1;2;4;5;12
Nord Est;Veneto;VR;A837;1;0;0,5;6;9;16,5
Isole;Sicilia;CT;A841;12,5;21,97;17,5;15,08;17,21;84,26
Sud;Calabria;CS;A842;0;0;0;0;0;0
Sud;Calabria;RC;A843;5,5;8;4;7;4,5;29
Nord Ovest;Piemonte;NO;A844;0;2;2,5;2;2;8,5
Nord Ovest;Lombardia;VA;A845;1;3,75;7,56;6,5;6,5;25,31
Nord Ovest;Lombardia;BG;A846;8;11,33;1;1;1;22,33
Nord Ovest;Piemonte;VC;A847;0;0;2;3;6;11
Nord Ovest;Lombardia;SO;A848;3;10;0,67;2,25;4,5;20,42
Nord Ovest;Lombardia;MB;A849;8,78;51,06;39,29;28,2;20,8;148,13
Nord Est;Emilia-Romagna;RE;A850;0;21;26;26,5;32,78;106,28
Centro;Toscana;AR;A851;7,67;25;19,5;20,5;15,11;87,78
Centro;Toscana;LI;A852;29,88;39,04;5;10;7;90,92
Nord Ovest;Piemonte;TO;A853;0;10;10;6;7,33;33,33
Sud;Puglia;FG;A854;2;6;3,28;2;1;14,28
Nord Est;Friuli- Venezia Giulia;UD;A855;0;0;0;1;9;10
Isole;Sardegna;OR;A856;0;0;0;0;1;1
Centro;Lazio;VT;A857;4;2,17;3,23;3;2,2;14,6
Nord Ovest;Piemonte;BI;A859;51,79;170,61;173,95;76,24;99;571,59
Nord Ovest;Lombardia;BS;A861;3,66;9,22;9,03;7,7;6,37;35,98
Centro;Toscana;PI;A864;5;38;20;24,5;17,11;104,61
Nord Ovest;Lombardia;CO;A870;3;22;24,18;13;6;68,18
Nord Ovest;Lombardia;MI;A872;5;26,5;18,5;8;4;62
Sud;Puglia;BA;A874;2;1;8;7;2;20
Nord Ovest;Piemonte;BI;A876;1;0,17;1;0,17;6,72;9,06
Nord Ovest;Valle d'Aosta;AO;A877;0;0;0;2;0;2
Nord Ovest;Lombardia;BS;A878;0;0;1;1;3,5;5,5
Isole;Sardegna;NU;A880;0;0;1;2;0;3
Sud;Campania;AV;A881;0;6,56;6;0;4;16,56
Isole;Sicilia;PA;A882;2;1,66;10,5;3,5;8;25,66
Sud;Puglia;BA;A883;60,58;158,64;162,56;110,72;43,63;536,13
Sud;Abruzzo;AQ;A884;0;2;1;0,5;0;3,5
Sud;Abruzzo;TE;A885;0;3;0;0;2;5
Sud;Calabria;CS;A887;4;3;4;6;9;26
Nord Ovest;Piemonte;AL;A889;2;4;4;5;5,55;20,55
Nord Ovest;Lombardia;VA;A891;2;5,5;9;8;11,67;36,17
Sud;Puglia;BA;A892;9;18;39,5;21;12,33;99,83
Sud;Puglia;BA;A893;40,5;92,21;111,45;100,58;52,5;397,24
Sud;Puglia;BA;A894;9;29,5;44;30;12,2;124,7
Isole;Sardegna;NU;A895;0;3;2;0;0;5
Isole;Sicilia;AG;A896;2;1;0;0;2,25;5,25
Sud;Calabria;RC;A897;0;1;1;0;1;3
Nord Ovest;Lombardia;CO;A898;1;3;6;4;3;17
Nord Ovest;Lombardia;BG;A903;0;0;0;0;0;0
Nord Ovest;Lombardia;CO;A904;1;1;0;0;1;3
Nord Ovest;Lombardia;CO;A905;0;7;1,5;10;5;23,5
Nord Est;Veneto;PD;A906;0;4,5;3,85;3,34;8,67;20,36
Nord Est;Emilia-Romagna;PC;A909;9;22,83;16,44;11,5;14,5;74,27
Nord Ovest;Piemonte;TO;A910;4;7,83;2;3;0;16,83
Nord Ovest;Piemonte;NO;A911;1;2;1;2;5;11
Sud;Calabria;CS;A912;0;0;0;0;2;2
Nord Ovest;Piemonte;VC;A914;0;4;2;0;2;8
Nord Ovest;Lombardia;VA;A918;1;2;2;7,5;8,33;20,83
Nord Ovest;Lombardia;LO;A919;2;4,5;3;5;1;15,5
Nord Ovest;Lombardia;MI;A920;0,44;12;11,17;10,5;14,92;49,03
Nord Ovest;Liguria;GE;A922;3;22,78;18,5;6;3;53,28
Nord Ovest;Piemonte;VB;A925;1;2;1;1;2;7
Nord Ovest;Piemonte;NO;A929;0;0;4;0;9;13
Sud;Molise;CB;A930;3;6;12;14;12;47
Nord Ovest;Liguria;SV;A931;4;8;10,5;3;2;27,5
Nord Ovest;Liguria;SP;A932;2;10;12,25;3;8,5;35,75
Nord Ovest;Lombardia;BG;A937;0;19,24;29,8;23,67;18,3;91,01
Nord Ovest;Lombardia;MI;A940;27,5;166;105,83;49;30,17;378,5
Nord Ovest;Piemonte;TO;A941;0;1;5;1;14;21
Sud;Basilicata;MT;A942;3,93;14;13,67;2;1;34,6
Nord Est;Emilia-Romagna;BO;A944;819,7;2175,41;1434,09;530,87;391,51;5351,58
Sud;Abruzzo;PE;A945;0;1,5;0,67;0;2;4,17
Isole;Sicilia;PA;A946;3;6;6;7;4;26
Centro;Marche;MC;A947;2;4;0;2,5;0;8,5
Isole;Sardegna;NU;A948;0;2,88;0;1;4;7,88
Centro;Lazio;VT;A949;6,5;14,72;9,83;5;8,08;44,13
Nord Ovest;Lombardia;BG;A950;3;37;23;20;11;94
Nord Ovest;Piemonte;NO;A953;1;4;5;1;3,66;14,66
Nord Est;Veneto;VI;A954;1;11,5;17;8;22,5;60
Centro;Lazio;VT;A955;3;5,89;5,5;2;5;21,39
Sud;Abruzzo;CH;A956;2;1;3;0,33;1;7,33
Isole;Sicilia;CL;A957;1;1;1;1;1;5
Isole;Sicilia;PA;A958;0;1;3,5;0;7;11,5
Nord Est;Emilia-Romagna;MO;A959;3;38,33;48;16,67;23,58;129,58
Isole;Sardegna;OR;A960;0;1;0;2;2;5
Nord Ovest;Liguria;SP;A961;2,5;13;6,67;4,5;1,33;28
Nord Ovest;Lombardia;BG;A962;0;10;32;12,5;17,77;72,27
Nord Ovest;Lombardia;BG;A963;3;37;43;43,7;19,17;145,87
Nord Est;Veneto;VR;A964;0;0;7;5;9;21
Nord Est;Emilia-Romagna;FE;A965;0;17;27;25;34,7;103,7
Sud;Campania;BN;A970;6;9;0,86;1;6;22,86
Sud;Molise;CB;A971;1;2;1;0;0,83;4,83
Nord Ovest;Lombardia;CR;A972;0;1;1;2,5;4;8,5
Sud;Calabria;CS;A973;7;18,02;8,75;1;4,1;38,87
Sud;Campania;AV;A975;0;1;2;1;7;11
Isole;Sardegna;SS;A976;1;0;0;0;0;1
Isole;Sardegna;SS;A977;0;0;2;4,25;7,25;13,5
Isole;Sardegna;SS;A978;0;1;5;2;11,83;19,83
Nord Ovest;Piemonte;CN;A979;0;0;1;0;1;2
Centro;Lazio;RI;A981;1,5;1,8;3;2;1,5;9,8
Nord Est;Veneto;BL;A982;3;14,72;13;2;1;33,72
Nord Est;Friuli- Venezia Giulia;UD;A983;0;1;2;0;2;5
Nord Ovest;Liguria;IM;A984;36,17;98,17;49,5;17;15;215,84
Nord Ovest;Lombardia;CR;A986;0;4;2;0,2;2;8,2
Nord Est;Emilia-Romagna;PR;A987;0;5;1;1;4,33;11,33
Nord Est;Emilia-Romagna;RE;A988;0;16,5;12;14,5;16,85;59,85
Nord Ovest;Lombardia;PV;A989;0;15;10;8,75;5,33;39,08
Nord Ovest;Piemonte;TO;A990;1;41;45,09;14,5;11;112,59
Isole;Sicilia;PA;A991;3;6;7;6,75;4;26,75
Nord Ovest;Liguria;SP;A992;0;4;0,5;0;2;6,5
Nord Ovest;Liguria;IM;A993;0;0,88;1;1;5;7,88
Nord Ovest;Lombardia;LO;A995;4;21,5;4;8;7;44,5
Centro;Lazio;RI;A996;0;1;3,67;1,67;0;6,34
Nord Ovest;Piemonte;AL;A998;0;0;6,5;0;9;15,5
Nord Ovest;Liguria;SV;A999;138,83;135,42;19,59;3;3;299,84
Nord Est;Emilia-Romagna;FO;B001;16;32,2;11;7;2,5;68,7
Sud;Calabria;CZ;B002;6;14,22;9;13,5;8;50,72
Nord Ovest;Piemonte;TO;B003;0;1;0,17;1,17;0;2,34
Nord Ovest;Liguria;SV;B005;10,67;32,75;7;6,5;6,25;63,17
Centro;Toscana;LU;B007;0;5;12,27;5,33;20,92;43,52
Centro;Lazio;RI;B008;1,89;8,28;7,75;7,38;7;32,3
Nord Ovest;Piemonte;VC;B009;0;1;5;4;6;16
Nord Ovest;Lombardia;BG;B010;0;2;2;1;1;6
Nord Ovest;Lombardia;MN;B012;1;13;3;7,25;6,25;30,5
Nord Ovest;Lombardia;PV;B014;0;1;0;3,5;3;7,5
Nord Ovest;Piemonte;TO;B015;0;3;4;8;12;27
Nord Ovest;Piemonte;NO;B016;1;3;4,34;4;5;17,34
Nord Ovest;Lombardia;LO;B017;0;6,5;7;8,5;2;24
Nord Ovest;Piemonte;CN;B018;0;0;1;0;1;2
Nord Ovest;Piemonte;NO;B019;11;48;57,4;44,54;41,12;202,06
Nord Ovest;Liguria;IM;B020;6,75;3;2;1;4;16,75
Nord Ovest;Piemonte;TO;B021;0;0;0;1;4;5
Nord Ovest;Piemonte;TO;B024;2;4;7,5;3;4;20,5
Nord Est;Emilia-Romagna;PC;B025;0;9,17;15,11;15,67;24,47;64,42
Centro;Marche;PS;B026;1;2;3;2;2;10
Nord Ovest;Lombardia;PV;B028;0;0;1;0,06;8,08;9,14
Nord Ovest;Piemonte;AL;B029;0;0;0,25;0;1;1,25
Nord Ovest;Lombardia;PV;B030;0;0;0,5;1;6,5;8
Nord Est;Veneto;PD;B031;1,33;15,83;14;16;32;79,16
Nord Ovest;Piemonte;CN;B033;13,04;39,5;40,5;20;18,17;131,21
Nord Est;Emilia-Romagna;PR;B034;2;60,17;116,74;59,5;40,25;278,66
Nord Ovest;Lombardia;BS;B035;0;13,67;5,4;14,5;18,66;52,23
Centro;Toscana;FI;B036;8;69,84;68,39;37,38;29,66;213,27
Nord Ovest;Piemonte;AL;B037;0;1;4;1;3,5;9,5
Nord Ovest;Lombardia;PV;B038;1;1;2;2;4,5;10,5
Nord Ovest;Lombardia;BS;B040;5;22,5;22,5;17,5;20;87,5
Nord Ovest;Piemonte;VC;B041;1,04;40;37,5;21;42,17;141,71
Nord Est;Emilia-Romagna;PR;B042;7,5;16;21,87;8,33;11,33;65,03
Nord Ovest;Piemonte;NO;B043;0;12;12,5;5;11;40,5
Nord Est;Emilia-Romagna;BO;B044;3;4;5,5;8,17;5;25,67
Nord Ovest;Piemonte;VC;B046;1;2;1;5,66;6;15,66
Nord Ovest;Liguria;SV;B048;0;0;1;1;1;3
Nord Ovest;Lombardia;SO;B049;14,5;31,83;23,5;4,5;4;78,33
Nord Ovest;Lombardia;PV;B051;0;9,5;8,5;0;6,5;24,5
Nord Ovest;Lombardia;BS;B054;13;32,75;12;2,5;6;66,25
Isole;Sardegna;OR;B055;0;0;0;0;1;1
Isole;Sardegna;NU;B056;0,5;1;1,5;2;1,83;6,83
Sud;Abruzzo;CH;B057;1;2;0;0;0;3
Nord Ovest;Piemonte;BI;B058;0;0;0;2;2;4
Nord Est;Veneto;TV;B061;2;4,1;5;3;20;34,1
Isole;Sardegna;NU;B062;0;0;0;0;2;2
Isole;Sardegna;SS;B063;0;0;0;2;0;2
Isole;Sardegna;SS;B064;0;0;0;0;1;1
Nord Ovest;Liguria;GE;B067;2;7,67;8,5;2,5;7;27,67
Isole;Sardegna;NU;B068;6,83;34,17;17,44;11,82;8,65;78,91
Nord Est;Veneto;RO;B069;0;4;3;1;5;13
Nord Est;Veneto;VR;B070;0;0;0;0;4,5;4,5
Nord Ovest;Piemonte;AL;B071;0;4,5;2;1;7,83;15,33
Nord Est;Veneto;VR;B073;13,17;50;12,08;8;17,2;100,45
Nord Ovest;Piemonte;TO;B075;0;3;10;3;8,67;24,67
Sud;Campania;NA;B076;2,67;13,17;33,42;23,78;22,8;95,84
Sud;Campania;NA;B077;7;18,63;11,75;9,5;8,5;55,38
Nord Ovest;Piemonte;CN;B079;0;0;1;0;0,5;1,5
Nord Ovest;Piemonte;AL;B080;0;4;1;1;2;8
Nord Ovest;Lombardia;LC;B081;0;8;8,56;1;7,33;24,89
Nord Ovest;Lombardia;PV;B082;1;2;1;1;3;8
Nord Ovest;Lombardia;BG;B083;0;5;3;2;1;11
Nord Ovest;Piemonte;CN;B084;1;2;2;5;4;14
Sud;Calabria;CZ;B085;7,83;16,5;7;2;3;36,33
Sud;Puglia;LE;B086;0;0;2;1;3;6
Nord Ovest;Lombardia;BG;B088;2;15,5;21,67;6,5;7;52,67
Nord Ovest;Lombardia;BS;B091;13;23;29,5;11,5;23,42;100,42
Isole;Sardegna;SS;B094;0;1;0;0;2;3
Sud;Calabria;RC;B097;3;1;2;1;0;7
Sud;Calabria;RC;B098;3,17;6;14,5;7;5,5;36,17
Sud;Calabria;RC;B099;3;4,33;3;2,92;5,25;18,5
Nord Ovest;Lombardia;BS;B100;5;9;2,33;2,33;2,25;20,91
Nord Ovest;Piemonte;CN;B101;6;17,42;18,67;13;17,83;72,92
Nord Ovest;Lombardia;BS;B102;6,5;26,4;22,67;16,33;9,33;81,23
Sud;Puglia;FG;B104;6;6,04;5;5;1;23,04
Nord Ovest;Lombardia;MB;B105;14;88,53;57,26;25,75;19,75;205,29
Nord Est;Veneto;PD;B106;0;5,94;3;14;14,83;37,77
Nord Est;Veneto;VR;B107;4;22,5;45;40,5;44,65;156,65
Nord Ovest;Piemonte;AL;B109;0;0;0;0;0;0
Nord Ovest;Lombardia;MN;B110;0;4;8;6;13,93;31,93
Nord Ovest;Piemonte;CN;B111;17;82,7;119,37;54,48;62,53;336,08
Nord Ovest;Lombardia;BG;B112;0;6;6;2;2,11;16,11
Centro;Lazio;RM;B114;14,5;63;61,5;24,55;21,25;184,8
Sud;Campania;SA;B115;1;4;6,33;1,07;9,71;22,11
Nord Ovest;Lombardia;PV;B117;1;7,5;7;5;2;22,5
Sud;Calabria;RC;B118;1,16;2,08;1;2;2;8,24
Nord Ovest;Lombardia;BS;B120;2;6;3;6,5;3;20,5
Nord Ovest;Piemonte;TO;B121;0,5;34,42;32,25;11,9;21,92;100,99
Nord Ovest;Lombardia;BG;B123;13;9;4,17;0;0,25;26,42
Nord Ovest;Lombardia;BS;B124;0;2;1,67;1,5;2;7,17
Nord Ovest;Lombardia;VA;B126;1;9,75;8,5;4;14,17;37,42
Nord Est;Veneto;TV;B128;0;12,5;15,5;14;17,5;59,5
Nord Ovest;Lombardia;CR;B129;1;8,5;11,5;10,22;12,5;43,72
Nord Ovest;Lombardia;VA;B131;0;0;3;1;2;6
Nord Est;Veneto;VI;B132;0;4,4;8;10,5;22;44,9
Nord Ovest;Lombardia;CO;B134;3;19;19;8,89;16,17;66,06
Nord Ovest;Lombardia;BG;B137;6;18,5;35,67;18,33;15,99;94,49
Nord Ovest;Lombardia;BG;B138;5;20,83;24;14,42;29,53;93,78
Nord Ovest;Lombardia;LO;B141;1;11;14,5;16,5;8,33;51,33
Nord Ovest;Lombardia;PV;B142;0;0;2;0;3;5
Nord Est;Veneto;VI;B143;3;3,66;15;13,44;13,04;48,14
Nord Ovest;Lombardia;CO;B144;0;4,5;12;4,5;3;24
Nord Ovest;Lombardia;BS;B149;1;8,33;9;5,5;10,5;34,33
Nord Ovest;Lombardia;VA;B150;0;1;2,5;4,5;9,5;17,5
Nord Est;Veneto;VR;B152;0;1;3;3;1;8
Nord Est;Veneto;VR;B154;19,25;21,5;13,5;8,97;7;70,22
Nord Est;Emilia-Romagna;RE;B156;1;12;9;4;28,33;54,33
Nord Ovest;Lombardia;BS;B157;170,15;726,39;726,22;402,87;378,69;2404,32
Nord Ovest;Lombardia;PV;B159;1;6;9,5;5;8;29,5
Nord Est;Veneto;VI;B161;2;3,89;2;1;9;17,89
Nord Ovest;Lombardia;MI;B162;42,06;184,72;70,24;32,13;14;343,15
Nord Ovest;Lombardia;VA;B166;12;19,17;6,83;4;12,33;54,33
Nord Ovest;Piemonte;CN;B167;0;2;3;1;3;9
Sud;Calabria;VV;B169;5;6,99;3,5;0;1;16,49
Nord Ovest;Piemonte;TO;B171;1;12;17,67;7,5;12,75;50,92
Nord Ovest;Lombardia;CO;B172;0,83;0;0;1;0;1,83
Sud;Basilicata;PZ;B173;1;3;3,5;4;1;12,5
Nord Ovest;Piemonte;CN;B175;0;3;0;1;0;4
Nord Ovest;Piemonte;NO;B176;0;3;3,5;1;9,5;17
Nord Ovest;Lombardia;BG;B178;1;18,51;25;10;12;66,51
Nord Ovest;Piemonte;AL;B179;0;0;2;1;2;5
Sud;Puglia;BR;B180;28,2;165,93;237,95;190,3;110,59;732,97
Sud;Basilicata;PZ;B181;0;3,5;2;0;0;5,5
Nord Ovest;Lombardia;VA;B182;0;0;2;1,5;3;6,5
Nord Ovest;Piemonte;NO;B183;0;1;1;1;4;7
Nord Ovest;Lombardia;BS;B184;0;3;4;3,67;2;12,67
Nord Ovest;Lombardia;MB;B187;3;10,5;21,5;14;14,17;63,17
Nord Est;Emilia-Romagna;RA;B188;0;18,99;11,49;12,79;27,1;70,37
Nord Ovest;Lombardia;VA;B191;0;1;4;2;2,8;9,8
Nord Ovest;Valle d'Aosta;AO;B192;0;3,33;3;2;1;9,33
Sud;Abruzzo;PE;B193;0;1;0;0;0;1
Nord Ovest;Lombardia;LC;B194;10;8,5;11,5;1;6,5;37,5
Centro;Lazio;FR;B195;0;0;0,25;3;4;7,25
Nord Est;Veneto;VI;B196;2;10;8;8;15,7;43,7
Sud;Calabria;VV;B197;0;0;0;0,5;0;0,5
Isole;Sicilia;ME;B198;5,5;20;14;1;5;45,5
Nord Ovest;Piemonte;CN;B200;0;1;1;0;2;4
Nord Ovest;Lombardia;PV;B201;7;35;47;11;23,4;123,4
Isole;Sicilia;CT;B202;12,3;22,83;25,59;17,39;20,42;98,53
Nord Ovest;Piemonte;CN;B204;1;0;4,5;2;2;9,5
Nord Ovest;Piemonte;TO;B205;0;4;0;3;1;8
Nord Ovest;Piemonte;VB;B207;2;3;2;2;4;13
Nord Ovest;Piemonte;TO;B209;0;1;1;2;6;10
Nord Ovest;Lombardia;MB;B212;23,43;190,1;138,77;49,67;46,17;448,14
Nord Est;Veneto;PD;B213;2;17,5;27;24,5;14,5;85,5
Nord Ovest;Liguria;SP;B214;0;1;9;1;0;11
Nord Est;Friuli- Venezia Giulia;PN;B215;0;4,5;21;9,83;34;69,33
Nord Ovest;Piemonte;TO;B216;1;15;27;17;27,5;87,5
Nord Ovest;Lombardia;BG;B217;2;1;2,57;0;0;5,57
Nord Ovest;Lombardia;CO;B218;2;8,5;5,5;1;5;22
Nord Ovest;Lombardia;VA;B219;1;1;1;1;2;6
Nord Ovest;Piemonte;AT;B221;0;1;0;2;3;6
Nord Ovest;Lombardia;BG;B223;0;12,5;23,5;8,75;7;51,75
Nord Ovest;Piemonte;TO;B225;0;0;3,5;2;11;16,5
Sud;Campania;NA;B227;4;11,5;31,58;21,33;7,33;75,74
Nord Ovest;Lombardia;VA;B228;1,5;3,02;5;4;4;17,52
Nord Ovest;Piemonte;BI;B229;0;1;3;4;6,5;14,5
Nord Ovest;Valle d'Aosta;AO;B230;12,99;13,77;1,07;2;2;31,83
Nord Ovest;Piemonte;TO;B232;0;5;2;2;5;14
Sud;Calabria;RC;B234;3;2;0;0;2;7
Nord Ovest;Lombardia;MI;B235;0;13;7,5;5;5;30,5
Nord Ovest;Piemonte;AT;B236;0;0;0;1;4;5
Isole;Sicilia;SR;B237;2;6,25;3;1,5;2;14,75
Sud;Abruzzo;CH;B238;1;1;2;6;8,5;18,5
Sud;Campania;BN;B239;0;0;0;2;2;4
Nord Ovest;Lombardia;MI;B240;15;110,27;107,06;48;41,5;321,83
Sud;Campania;SA;B242;1;10;5,2;3;5;24,2
Centro;Toscana;AR;B243;2;26,78;21,97;13,19;20,67;84,61
Isole;Sardegna;SS;B246;1;2;1;1;4;9
Nord Est;Friuli- Venezia Giulia;PN;B247;0;1;5,83;9;23,17;39
Isole;Sardegna;NU;B248;24,62;101,83;36,67;13,42;3,5;180,04
Nord Est;Emilia-Romagna;BO;B249;10,57;75,25;70;25;32,68;213,5
Isole;Sardegna;CA;B250;2;9;6;3,8;1,8;22,6
Centro;Toscana;PT;B251;3;19;13,5;6,25;21,25;63
Nord Ovest;Lombardia;SO;B255;0;0;1;1;4,83;6,83
Sud;Abruzzo;AQ;B256;0;0;0,5;1;2;3,5
Nord Ovest;Lombardia;VA;B258;0;7;9,9;6,5;5;28,4
Nord Est;Friuli- Venezia Giulia;UD;B259;0;6;9,22;10;24,17;49,39
Nord Ovest;Lombardia;LC;B261;0;5;13;3;6;27
Nord Ovest;Lombardia;CO;B262;3;14,5;14,56;6;6;44,06
Isole;Sardegna;SS;B264;0;1;1;0;0;2
Isole;Sardegna;SS;B265;0;0;1;0;1;2
Sud;Campania;SA;B266;0;0;0,25;1,25;3,75;5,25
Sud;Campania;BN;B267;0;1;1;0;0;2
Sud;Abruzzo;CH;B268;0;1;1;0;0;2
Centro;Toscana;SI;B269;1;1,5;11,67;5;3,5;22,67
Sud;Calabria;CS;B270;1;2;0;3,67;2,5;9,17
Nord Ovest;Lombardia;MB;B272;5;10,67;17,5;8;8,5;49,67
Isole;Sardegna;CA;B274;0;0;2;1;1;4
Isole;Sicilia;AG;B275;1;1;2;2;5,5;11,5
Isole;Sardegna;SS;B276;2;0;0;0;1;3
Nord Ovest;Piemonte;TO;B278;0;0;1;0;3;4
Nord Ovest;Piemonte;TO;B279;1;3;4;1;6;15
Nord Ovest;Piemonte;VC;B280;0;2;0;1;4;7
Isole;Sardegna;OR;B281;0;0;0;0;2,03;2,03
Nord Ovest;Liguria;GE;B282;2;18,5;26,5;9,5;6,75;63,25
Nord Ovest;Piemonte;TO;B284;0;0;3;1;4;8
Nord Ovest;Piemonte;CN;B285;3;14,7;29,17;18,5;30,16;95,53
Nord Ovest;Lombardia;MI;B286;3;26;20;4;7,1;60,1
Isole;Sicilia;SR;B287;1;1;0;2;0;4
Isole;Sicilia;TP;B288;3;1;1;5;4;14
Nord Ovest;Lombardia;MB;B289;5,67;33,17;18,5;12,67;4;74,01
Nord Ovest;Lombardia;MI;B292;8;52,67;47,75;18;14;140,42
Nord Est;Emilia-Romagna;PR;B293;0;5;14,25;7,75;18;45
Sud;Abruzzo;PE;B294;1;0,5;4;1;1,5;8
Sud;Molise;CB;B295;3;6;1;0;0;10
Nord Est;Veneto;VR;B296;9,5;57,75;75,97;43,5;48,21;234,93
Nord Ovest;Piemonte;TO;B297;4;17,83;15,42;7;6,58;50,83
Nord Ovest;Lombardia;VA;B300;57,48;325,58;283,18;158,25;187,16;1011,65
Nord Ovest;Lombardia;MI;B301;6;52,89;55;21,33;30,41;165,63
Isole;Sicilia;CL;B302;16;16,25;4;4;9;49,25
Centro;Toscana;PI;B303;5;14,5;6,63;12,5;14,71;53,34
Nord Est;Veneto;VR;B304;2;17,34;18,33;10,75;15,5;63,92
Nord Ovest;Piemonte;TO;B305;0;17,5;13,21;15,5;21,71;67,92
Nord Ovest;Piemonte;AT;B306;1;5;4;2;9,43;21,43
Nord Est;Friuli- Venezia Giulia;UD;B309;0;7,5;11;8;10;36,5
Nord Ovest;Lombardia;BG;B310;2;14;17;5;10,5;48,5
Nord Ovest;Piemonte;AL;B311;2;4,5;5,5;2;1;15
Nord Ovest;Lombardia;VA;B312;0;0;1;2;2,5;5,5
Nord Ovest;Lombardia;CO;B313;4;22,51;15,53;10,5;12,5;65,04
Isole;Sardegna;OR;B314;3,75;23;15;11,5;7,5;60,75
Isole;Sicilia;PA;B315;1;12,25;6;10;10;39,25
Sud;Molise;IS;B317;1;1;0;0;2;4
Sud;Calabria;KR;B319;0;2;1;2;0;5
Nord Ovest;Lombardia;VA;B326;1;9;7;2,5;7,25;26,75
Nord Est;Emilia-Romagna;RE;B328;7;21;34;17,84;28,85;108,69
Nord Est;Emilia-Romagna;PC;B332;1,5;5,33;17,99;13,5;18,03;56,35
Nord Est;Veneto;PD;B345;2;31,5;50,5;31,61;40,83;156,44
Nord Ovest;Lombardia;CO;B346;6,11;40;30,9;19;12;108,01
Nord Est;Veneto;TV;B349;7;13;16;4;14,5;54,5
Nord Ovest;Piemonte;TO;B350;1;2;8;9,5;12;32,5
Sud;Campania;SA;B351;3;1;1;2;2;9
Centro;Marche;PS;B352;3;4;9,38;6,5;14,67;37,55
Isole;Sardegna;CA;B354;77,86;434,58;433,41;319,59;285,64;1551,08
Nord Ovest;Lombardia;CO;B355;0;6;1;1;3;11
Sud;Puglia;FG;B357;3;14,67;6;8,67;1;33,34
Sud;Abruzzo;AQ;B358;0;0;1;0;1,83;2,83
Sud;Campania;CE;B361;1;0;1;4;6;12
Sud;Campania;CE;B362;3,02;3;5;6;10;27,02
Nord Ovest;Lombardia;BS;B365;0;7;7,5;2;2;18,5
Nord Ovest;Lombardia;SO;B366;0;5;1,33;0;1;7,33
Sud;Campania;AV;B367;0;0,5;3;0;1;4,5
Nord Ovest;Lombardia;VA;B368;0,56;14,54;22,42;20,06;14;71,58
Nord Ovest;Liguria;SV;B369;1;38,75;40;26,17;18;123,92
Sud;Campania;NA;B371;23,53;52,76;76,5;40,83;25,56;219,18
Sud;Campania;AV;B374;0;2;2;1;0;5
Nord Est;Veneto;BL;B375;2;7;4;0;0,2;13,2
Nord Ovest;Piemonte;AT;B376;0;1;2;3;11;17
Isole;Sicilia;AG;B377;0;3;5;1;1,22;10,22
Isole;Sardegna;SS;B378;1;4;1,02;5;2;13,02
Sud;Calabria;RC;B379;0;0;1;0;1;2
Nord Ovest;Piemonte;VB;B380;4;5;2;0;2;13
Isole;Sicilia;EN;B381;1;7;7,67;1;6,5;23,17
Sud;Abruzzo;AQ;B382;2;1;2;0,5;0;5,5
Isole;Sardegna;CA;B383;5;20,78;16;5;4,5;51,28
Isole;Sicilia;CT;B384;5;10;6,75;8,5;6,89;37,14
Isole;Sicilia;TP;B385;2;5;10,94;6;8,67;32,61
Nord Ovest;Lombardia;PV;B387;1;1;5;3;8,5;18,5
Centro;Lazio;VT;B388;3;3;0;0;1;7
Centro;Toscana;PI;B390;5;18;22;15,5;25,5;86
Sud;Basilicata;MT;B391;0;2;1;0;1;4
Centro;Toscana;PI;B392;5,25;51,5;39,63;24,5;25,44;146,32
Nord Ovest;Lombardia;BG;B393;1,5;13;17,05;14;11,5;57,05
Nord Ovest;Lombardia;BS;B394;1;31,17;30,33;14,75;30,33;107,58
Nord Ovest;Lombardia;BG;B395;3;10;23;9;10,5;55,5
Nord Ovest;Lombardia;LC;B396;4,09;26,51;17,67;15;9,85;73,12
Centro;Marche;MC;B398;0;0;0,5;3;1;4,5
Nord Est;Emilia-Romagna;BO;B399;6;56,61;53;12,34;26,17;154,12
Nord Est;Veneto;VR;B402;4;28,75;32,67;16,42;22,23;104,07
Nord Est;Veneto;VI;B403;1,75;20;23,75;13,5;30;89
Nord Est;Emilia-Romagna;PC;B405;0;4;7;6,67;10,22;27,89
Centro;Toscana;FI;B406;23,5;92,67;73,3;31,09;45;265,56
Nord Est;Emilia-Romagna;PR;B408;2,5;8,93;2,5;6;8,5;28,43
Nord Ovest;Liguria;SV;B409;0;1,52;5,1;1;1;8,62
Nord Ovest;Liguria;SP;B410;0;3;1;2;1;7
Sud;Puglia;LE;B413;1;6,5;7,25;10;11,17;35,92
Sud;Campania;AV;B415;6;9;4,67;3;1;23,67
Nord Ovest;Liguria;SV;B416;0;3;4;6;7;20
Nord Ovest;Piemonte;BI;B417;0;1;3;0;0;4
Nord Ovest;Piemonte;AT;B418;0;2;1;5;12;20
Nord Ovest;Lombardia;LC;B423;10,03;29,41;39,42;19,5;15,82;114,18
Sud;Calabria;CS;B424;16,07;3;2;1;1;23,07
Nord Ovest;Piemonte;AT;B425;0;0;1;0;4,5;5,5
Sud;Calabria;CS;B426;0;2;1;1;3;7
Isole;Sicilia;AG;B427;2;6;4,5;5;8;25,5
Isole;Sicilia;CT;B428;37,75;70,12;58,53;53,08;46,67;266,15
Isole;Sicilia;CL;B429;45,42;117,79;115,68;116,48;75,47;470,84
Isole;Sicilia;PA;B430;2;2;4;3,5;3,5;15
Nord Ovest;Piemonte;NO;B431;1;1;4,67;1,67;8;16,34
Nord Est;Veneto;RO;B432;0;0;0;0;0;0
Nord Est;Veneto;VI;B433;0;4;3;3;14,83;24,83
Nord Ovest;Lombardia;BG;B434;1,44;13,22;21,5;22,78;10;68,94
Nord Ovest;Piemonte;TO;B435;2;20,5;29,5;18;45,5;115,5
Nord Ovest;Lombardia;BS;B436;1;5;15;5;9;35
Sud;Campania;SA;B437;0;0;2;2;3,2;7,2
Nord Ovest;Lombardia;CR;B439;0;0;0,25;0,25;2,5;3
Sud;Basilicata;PZ;B440;0;0,5;1,33;1;2;4,83
Nord Est;Veneto;VI;B441;0;3;1;2;4;10
Nord Ovest;Lombardia;BG;B442;1;14;10,75;9,75;10;45,5
Sud;Basilicata;PZ;B443;1;0;0;0;0;1
Sud;Campania;BN;B444;1;2;0;2,25;5,75;11
Sud;Campania;CE;B445;0,8;1,4;3,4;3;11,45;20,05
Centro;Umbria;TR;B446;0,71;1,11;5;5;9,5;21,32
Nord Ovest;Lombardia;PV;B447;1;0;0;0;2;3
Nord Ovest;Lombardia;MI;B448;1;5;1;5;5;17
Nord Ovest;Lombardia;BS;B450;1;11;14,67;11,17;24,48;62,32
Sud;Campania;NA;B452;5;5;12;7,16;7;36,16
Nord Ovest;Piemonte;AL;B453;0;1;1;1;3,5;6,5
Centro;Toscana;LU;B455;29,12;81,88;90,92;57,87;90,9;350,69
Nord Ovest;Piemonte;BI;B457;0;0;0;2;4;6
Isole;Sicilia;AG;B460;2;1;1;1;1;6
Nord Ovest;Lombardia;MI;B461;13;40,94;29,5;10,5;12;105,94
Nord Ovest;Piemonte;TO;B462;1;12;25;11,5;23;72,5
Nord Ovest;Piemonte;VB;B463;1;2;3,5;1;3,5;11
Nord Ovest;Piemonte;BI;B465;0;1;0;2,5;5;8,5
Sud;Molise;IS;B466;4,58;2,33;1,67;0;2;10,58
Nord Ovest;Piemonte;CN;B467;0;1;0;0;2;3
Centro;Marche;AN;B468;7;17,39;15,76;5,13;8,81;54,09
Nord Ovest;Piemonte;AT;B469;0;1;0;0;4,5;5,5
Centro;Marche;AN;B470;0;7,5;9,9;7,5;6;30,9
Nord Ovest;Lombardia;BG;B471;2;3,67;3;2;1;11,67
Centro;Lazio;RM;B472;3,81;1,5;0;0;1;6,31
Nord Ovest;Piemonte;NO;B473;11;27;53;23;31;145
Centro;Marche;MC;B474;3;10,5;4,42;4;4,5;26,42
Sud;Campania;SA;B476;6;17;6;10;4;43
Sud;Campania;CE;B477;1;3;4;0;5;13
Sud;Calabria;RC;B481;0;0;0;0;0;0
Nord Ovest;Piemonte;AL;B482;0;2;1;0;7,5;10,5
Nord Est;Friuli- Venezia Giulia;UD;B483;0;1;2;1;10;14
Nord Ovest;Lombardia;CR;B484;0;2;2;3;6,83;13,83
Nord Est;Veneto;VI;B485;3;23,67;37,17;24,17;44,5;132,51
Isole;Sicilia;AG;B486;1;8;2,83;11,46;1;24,29
Nord Ovest;Liguria;GE;B490;7;33,25;21,17;9;10;80,42
Nord Ovest;Valle d'Aosta;AO;B491;2;5;1;0;2;10
Sud;Campania;SA;B492;2;9,89;18,21;8,06;18,42;56,58
Nord Est;Veneto;VE;B493;1;20,5;13;15,5;22,34;72,34
Sud;Campania;CE;B494;2;1;1;0;4;8
Centro;Lazio;RM;B496;5;21,25;11,67;9,5;11,17;58,59
Centro;Toscana;GR;B497;1;4;10;1;1;17
Nord Ovest;Lombardia;CR;B498;0;0;0;1;0,13;1,13
Nord Est;Emilia-Romagna;RE;B499;0;10,5;20;11;12,33;53,83
Sud;Calabria;CS;B500;0;0;0;0;0;0
Nord Ovest;Lombardia;MB;B501;0;3;7,5;3;6;19,5
Nord Est;Emilia-Romagna;RE;B502;0;7;10;1;17;35
Centro;Umbria;PG;B504;3;6;5;4;4;22
Nord Ovest;Piemonte;VC;B505;0;1;5;3;1;10
Sud;Puglia;LE;B506;2;4;8,67;6,25;13,63;34,55
Centro;Toscana;FI;B507;37,45;192,42;133,96;81,82;66,16;511,81
Centro;Toscana;LI;B509;9;54;43,92;23,54;11;141,46
Nord Ovest;Piemonte;TO;B510;2;3;3;2;1;11
Nord Est;Veneto;VI;B511;0;0;2;4;9,58;15,58
Nord Ovest;Piemonte;TO;B512;0;1;5;2;4;12
Nord Ovest;Lombardia;CO;B513;6;9;3;1;2;21
Sud;Abruzzo;TE;B515;1;1,03;3,44;6;6;17,47
Sud;Calabria;RC;B516;3,67;5;8;4;2,67;23,34
Sud;Molise;CB;B519;35,74;88,95;104,34;134,88;84,73;448,64
Isole;Sicilia;AG;B520;4;9;15,11;16;18,59;62,7
Isole;Sicilia;TP;B521;6;7,5;20,75;20,67;25,5;80,42
Sud;Molise;CB;B522;0;2;2;0;0;4
Nord Est;Veneto;PD;B524;3,32;27;44,5;32;49,4;156,22
Sud;Abruzzo;AQ;B526;4;15,23;3;3;0;25,23
Centro;Lazio;LT;B527;1;2;0;1;1;5
Sud;Molise;CB;B528;1;1,5;1,5;1;3;8
Nord Ovest;Lombardia;SO;B530;8,55;18,5;1;2,72;2;32,77
Nord Est;Veneto;PD;B531;1;4;5,5;2;9;21,5
Isole;Sicilia;PA;B532;28,52;87,33;27,5;14;5;162,35
Isole;Sicilia;PA;B533;0;1;0;0;0;1
Centro;Marche;AP;B534;0;6,5;2,49;4;3,22;16,21
Isole;Sicilia;PA;B535;0;1;1;2;3;7
Nord Est;Friuli- Venezia Giulia;UD;B536;0;6;11,5;24;32,33;73,83
Isole;Sicilia;CL;B537;2;3;1;2,5;2;10,5
Nord Ovest;Liguria;GE;B538;2;3;6,5;4,5;9;25
Nord Est;Emilia-Romagna;MO;B539;7;27,7;26;13,25;18,36;92,31
Nord Ovest;Valle d'Aosta;AO;B540;4;8;1;0;1,5;14,5
Sud;Campania;BN;B541;0;0,5;0;2;1,5;4
Sud;Campania;BN;B542;0;1;0;0;1,5;2,5
Centro;Lazio;FR;B543;2;2;2;1;3;10
Sud;Molise;CB;B544;3,5;2,67;1;0;0;7,17
Nord Est;Veneto;VE;B546;0;16,2;22,99;25,56;20;84,75
Sud;Basilicata;PZ;B549;1;0,5;1;1;2;5,5
Sud;Molise;CB;B550;26,17;121,95;27,89;3,13;6,89;186,03
Nord Ovest;Liguria;GE;B551;1;20;22,5;4;3;50,5
Centro;Toscana;LI;B553;19,5;25,08;16,25;7,6;8;76,43
Nord Est;Veneto;VE;B554;1;24,55;29,13;25;41,68;121,36
Sud;Campania;SA;B555;0;0;2;0;0;2
Isole;Sicilia;PA;B556;0;3,33;1;3;4;11,33
Centro;Toscana;LU;B557;0;0;0;2;7;9
Nord Ovest;Liguria;IM;B559;5;24,97;6;6,58;7;49,55
Isole;Sicilia;CT;B561;0;10,67;15;11,67;5;42,34
Centro;Marche;MC;B562;0;0;0;2;1;3
Nord Est;Veneto;PD;B563;5;23,17;18,5;13,33;23,33;83,33
Nord Est;Veneto;PD;B564;0;3;13,5;8,5;18,75;43,75
Sud;Campania;NA;B565;1;4;9;9,42;3,67;27,09
Nord Est;Emilia-Romagna;MO;B566;1;4;4;5,5;11,11;25,61
Nord Ovest;Lombardia;PV;B567;0;0;1;3;4,5;8,5
Sud;Abruzzo;AQ;B569;6;4;2;0;1;13
Nord Est;Emilia-Romagna;BO;B572;0;8,22;7,44;8,33;11;34,99
Nord Ovest;Piemonte;CN;B573;1;7;18;7,71;13,06;46,77
Nord Est;Veneto;BL;B574;2;8;5,5;1;1;17,5
Centro;Lazio;RM;B576;4;15;13;8,5;13,3;53,8
Nord Est;Veneto;RO;B578;0;4,5;11;11;4;30,5
Sud;Basilicata;PZ;B580;1;2;1;1;0;5
Sud;Campania;CE;B581;0;2,5;3,86;5;9,93;21,29
Nord Est;Veneto;RO;B582;0;1;1;1;0,5;3,5
Sud;Puglia;FG;B584;5;4,1;6;4,33;1,2;20,63
Nord Ovest;Piemonte;BI;B586;1;8;16,33;9,5;17;51,83
Nord Ovest;Lombardia;PV;B587;0;1;2;4;9;16
Nord Ovest;Piemonte;TO;B588;0;1;1;1;8;11
Nord Est;Veneto;PD;B589;0;4;0,5;2;7,47;13,97
Sud;Campania;AV;B590;2;2;0;2;1;7
Sud;Calabria;RC;B591;0;0,67;0;2;1;3,67
Nord Ovest;Piemonte;TO;B592;0;14;23,5;9;18;64,5
Nord Ovest;Lombardia;MI;B593;6;31,67;42,58;14;21,97;116,22
Nord Ovest;Piemonte;AT;B594;1;26;37,67;7,33;37,88;109,88
Centro;Lazio;RI;B595;2,75;4;2,5;1;0;10,25
Centro;Lazio;VT;B597;0;15;5,5;7;8;35,5
Nord Est;Friuli- Venezia Giulia;PN;B598;5;6;10;8,5;20;49,5
Isole;Sicilia;AG;B602;24;43,5;31,5;55,08;38,25;192,33
Isole;Sicilia;SR;B603;2;11;10,67;6,75;8,5;38,92
Centro;Lazio;VT;B604;4;5,5;5,5;5;7,83;27,83
Nord Ovest;Piemonte;TO;B605;0;2;2;1;1;6
Sud;Abruzzo;AQ;B606;0;2;1;0,5;1;4,5
Sud;Calabria;CS;B607;0;0;1;0;1;2
Sud;Campania;SA;B608;1;0;0;0;0;1
Centro;Umbria;PG;B609;0;4;2,5;2;9;17,5
Nord Ovest;Piemonte;VB;B610;1;5,5;4,44;1;5;16,94
Nord Ovest;Lombardia;MN;B612;0;2;4;6;18,25;30,25
Nord Ovest;Lombardia;PV;B613;2;0;3,33;0;5,15;10,48
Nord Ovest;Piemonte;VB;B615;5,33;11;14,5;12;7,5;50,33
Sud;Puglia;LE;B616;0;1;0;0;3;4
Sud;Calabria;RC;B617;0;0;0;0;1;1
Nord Ovest;Lombardia;BG;B618;3;16,39;15,5;2;10,5;47,39
Sud;Puglia;BA;B619;53,91;46,84;66,7;48;27,83;243,28
Sud;Abruzzo;CH;B620;0;1;0;0;4;5
Nord Ovest;Piemonte;CN;B621;0;2;0;1;0;3
Sud;Abruzzo;AQ;B624;0;2;2;0;0;4
Centro;Toscana;PO;B626;0,69;13,17;13,28;8,2;11,57;46,91
Centro;Lazio;RI;B627;0;4;2;2;1;9
Nord Ovest;Piemonte;TO;B628;0;7;8;4;19;38
Nord Ovest;Piemonte;AL;B629;1;2;4;0;1;8
Sud;Molise;IS;B630;0;1;1,5;0;3;5,5
Centro;Lazio;RI;B631;0;7;2;1;7;17
Centro;Lazio;RM;B632;0;2;2;1;3;8
Nord Ovest;Piemonte;AT;B633;0;1;0;3;2;6
Nord Ovest;Lombardia;VA;B634;3;12;31,63;17,5;18;82,13
Centro;Lazio;RM;B635;0;1;1;0;0;2
Centro;Marche;PS;B636;0;4,25;1,17;4,5;1;10,92
Nord Ovest;Piemonte;TO;B637;7;8,5;2,5;3;1;22
Nord Ovest;Lombardia;CO;B639;30,07;146,51;114,23;78,75;102,17;471,73
Sud;Abruzzo;TE;B640;0;0;1;0;0;1
Nord Ovest;Lombardia;CO;B641;2,06;33,01;18,7;8;11,5;73,27
Nord Est;Veneto;VE;B642;154,07;248,42;91,3;23,14;17;533,93
Nord Est;Emilia-Romagna;PC;B643;0;3;7,5;3;10;23,5
Sud;Campania;SA;B644;9;84,09;44,72;32;30;199,81
Isole;Sicilia;PA;B645;4;5,5;28,75;10,33;10,5;59,08
Centro;Toscana;GR;B646;8;10,66;12,67;5;5,75;42,08
Centro;Toscana;PI;B647;3;20;16,17;11;15,17;65,34
Centro;Toscana;LU;B648;2,17;42,83;63,42;67,09;142,65;318,16
Centro;Lazio;RM;B649;9;46;28,25;15,5;12,38;111,13
Nord Ovest;Lombardia;CR;B650;0;5;3,5;3;5,1;16,6
Sud;Abruzzo;AQ;B651;0;2;1;2;6;11
Nord Ovest;Lombardia;CO;B653;3;17,83;11,81;10,5;14,5;57,64
Sud;Calabria;VV;B655;0;0;1;0;0;1
Sud;Abruzzo;AQ;B656;7;7,5;7,83;5,5;7;34,83
Sud;Abruzzo;AQ;B658;1;0;3;1;1;6
Isole;Sicilia;ME;B660;0;0;0;1;0,33;1,33
Nord Ovest;Lombardia;BG;B661;0;3;2,75;3;3;11,75
Nord Est;Veneto;BL;B662;4;15;18;11;23,47;71,47
Centro;Lazio;VT;B663;7;9,4;8;3;4,83;32,23
Nord Ovest;Lombardia;BS;B664;1;1;2,5;3;3,33;10,83
Isole;Sicilia;ME;B666;9;43,25;14,09;16,32;16,5;99,16
Sud;Campania;CE;B667;2;9;7;14;12;44
Centro;Toscana;LI;B669;19,6;23,9;6;8,5;4;62
Centro;Toscana;AR;B670;1;8,5;14,5;5;14;43
Nord Ovest;Lombardia;MB;B671;4;23,5;14,72;6;4;52,22
Sud;Abruzzo;AQ;B672;0;0;0;0;0,24;0,24
Sud;Campania;AV;B674;1,09;5,75;2,66;4,3;1,16;14,96
Isole;Sardegna;CA;B675;3;48,5;48,33;36,5;43,11;179,44
Nord Ovest;Lombardia;BS;B676;1;1;2,67;2;3;9,67
Sud;Abruzzo;AQ;B677;8,5;15;7;5;1;36,5
Nord Est;Veneto;TV;B678;0;3;7;4,92;17,83;32,75
Nord Ovest;Lombardia;CR;B679;0;0;0;0;1;1
Nord Ovest;Lombardia;CR;B680;0;0;0;0,83;2;2,83
Sud;Abruzzo;PE;B681;0;10;9;6,5;4,02;29,52
Sud;Molise;IS;B682;2,67;4,84;1;0;0;8,51
Centro;Toscana;FI;B684;2;36,84;22,5;14,5;14,83;90,67
Centro;Toscana;LI;B685;3;4;4;2;2;15
Nord Ovest;Lombardia;CR;B686;1;10;10,36;1;2,4;24,76
Centro;Lazio;RM;B687;2;4,75;0;0;0;6,75
Centro;Lazio;VT;B688;4;32;18,5;13;13,5;81
Nord Est;Emilia-Romagna;BO;B689;3;29,59;25,5;10;13;81,09
Sud;Puglia;LE;B690;3;1;0;0;1,67;5,67
Centro;Lazio;VT;B691;14,5;26;18,01;12,75;8,5;79,76
Nord Ovest;Piemonte;CN;B692;1;0;0;1;0;2
Centro;Toscana;AR;B693;0;0;2;0,5;4;6,5
Nord Ovest;Piemonte;VB;B694;0;1;3;0;1;5
Isole;Sicilia;ME;B695;1;1;2;6;2;12
Sud;Campania;NA;B696;5;14,75;3;6,24;5,36;34,35
Nord Ovest;Lombardia;BS;B698;2;27;19;9,33;15,27;72,6
Nord Ovest;Piemonte;AL;B701;0;0;5;1,67;6,17;12,84
Nord Ovest;Lombardia;BG;B703;8,5;34;36,17;28;14,67;121,34
Sud;Campania;CE;B704;1;0;0;0;1;2
Nord Ovest;Piemonte;TO;B705;4,17;5;8,5;3;5;25,67
Sud;Campania;AV;B706;0;0;3;0;2,33;5,33
Nord Ovest;Piemonte;AT;B707;0;1;0;0;1,5;2,5
Nord Ovest;Piemonte;BI;B708;1;0;1,5;0;1,5;4
Nord Est;Veneto;VR;B709;2;21,42;24,33;19;32,72;99,47
Nord Ovest;Lombardia;BG;B710;1;5;21;7,3;12,67;46,97
Nord Ovest;Lombardia;BS;B711;4;27;28,02;19;26,11;104,13
Sud;Campania;CE;B715;3,04;14;19,07;18,1;27,04;81,25
Sud;Puglia;BA;B716;2;33,83;61,83;27;13,4;138,06
Sud;Calabria;CZ;B717;2;1;2;0;0;5
Sud;Calabria;RC;B718;0;0;0;0;0;0
Nord Ovest;Piemonte;CN;B719;4;12;21;12;19,64;68,64
Nord Ovest;Piemonte;CN;B720;1;1;6;5;6;19
Sud;Abruzzo;PE;B722;3,33;6,33;4;2;3,67;19,33
Sud;Puglia;FG;B724;2;11;9;8,83;4,62;35,45
Sud;Abruzzo;AQ;B725;0;1;0;1;0;2
Nord Ovest;Liguria;GE;B726;1;7;6,5;4,5;3;22
Centro;Marche;AP;B727;2;3,33;1;0;4,48;10,81
Nord Ovest;Lombardia;MB;B729;15;67,56;80;36,75;30,5;229,81
Nord Ovest;Lombardia;CO;B730;1;8,5;5,95;3,5;8;26,95
Nord Ovest;Lombardia;BG;B731;6;43,67;57,17;40,5;23,23;170,57
Nord Ovest;Lombardia;VA;B732;0;8,5;6,08;1,08;4;19,66
Nord Ovest;Piemonte;TO;B733;2;2;2;1;3;10
Nord Ovest;Liguria;IM;B734;0;0;2;1;0;3
Centro;Lazio;VT;B735;1;2,75;8,5;3;4,25;19,5
Nord Ovest;Piemonte;AL;B736;0;2,83;2,66;2;4,5;11,99
Isole;Sardegna;CA;B738;22;65,52;60;15;8,33;170,85
Sud;Campania;NA;B740;1;0,5;0,67;4;3;9,17
Nord Ovest;Lombardia;PV;B741;0;2;6;0;2;10
Nord Ovest;Lombardia;CO;B742;0;2;5,5;6,5;13,04;27,04
Sud;Basilicata;PZ;B743;0;0;0;0;0;0
Nord Est;Veneto;TV;B744;2;32,33;34;17,5;30,5;116,33
Isole;Sardegna;CA;B745;4;28,12;36,67;20,53;26,97;116,29
Nord Ovest;Liguria;SV;B748;2;12,5;17,5;9;6,67;47,67
Nord Est;Veneto;PD;B749;0;0;1;0,5;3;4,5
Nord Ovest;Piemonte;VC;B752;2;0;1;0;0,67;3,67
Nord Ovest;Lombardia;VA;B754;12,61;55;48,2;38;29,32;183,13
Nord Ovest;Piemonte;CN;B755;0;3;1,5;1;4;9,5
Sud;Calabria;RC;B756;0;0,15;1;3;0;4,15
Sud;Calabria;CZ;B758;1;9;2,67;2;0;14,67
Sud;Campania;NA;B759;11;29,72;54,56;21,33;19,67;136,28
Centro;Toscana;LU;B760;1;3;1;0;0;5
Nord Ovest;Piemonte;TO;B762;1;0;4;1;1;7
Nord Ovest;Lombardia;LC;B763;0;1;0;1;3;5
Nord Ovest;Piemonte;AL;B765;0;0;1;1;1;3
Sud;Calabria;RC;B766;0;0;2;1;1;4
Nord Ovest;Piemonte;VC;B767;0;1;1;1;2,5;5,5
Nord Ovest;Piemonte;VC;B768;0;1;0;2;7,38;10,38
Nord Ovest;Piemonte;AL;B769;0;1;0;3;3;7
Sud;Calabria;KR;B771;0;0;0;0;1;1
Isole;Sardegna;SS;B772;0;0;0;0;0;0
Sud;Calabria;CS;B774;14,25;17,5;11,67;7,16;5,2;55,78
Sud;Campania;AV;B776;0;1;2;2;0;5
Nord Ovest;Piemonte;TO;B777;0;22,99;22,5;14,47;16,49;76,45
Nord Ovest;Lombardia;CO;B778;1;6,5;6;2,13;6,5;22,13
Sud;Campania;CE;B779;0;0;13,45;5;7,33;25,78
Isole;Sicilia;PA;B780;39;81,99;86,22;85,47;107,89;400,57
Sud;Campania;CE;B781;7,26;8,67;3;9;15,87;43,8
Nord Ovest;Piemonte;VC;B782;0;1;0;5;1;7
Sud;Puglia;FG;B784;0;0;0;0;1;1
Nord Ovest;Lombardia;CO;B785;3;8,4;4;6;4,5;25,9
Isole;Sicilia;SR;B787;6,44;20;17,92;32,82;22,57;99,75
Nord Est;Friuli- Venezia Giulia;UD;B788;0;2;6;2;14,75;24,75
Isole;Sardegna;CA;B789;16;27,17;17,75;5,5;8;74,42
Sud;Calabria;CZ;B790;2;0;1;1;1;5
Nord Ovest;Piemonte;TO;B791;6;62,39;93,67;36,83;50;248,89
Sud;Puglia;LE;B792;1;5;13,9;17;22,58;59,48
Centro;Toscana;PO;B794;5;39,52;29;25,33;33,42;132,27
Nord Est;Veneto;PD;B795;4;11;15,34;6;28;64,34
Nord Ovest;Lombardia;VA;B796;1;25,5;25,14;11;18,75;81,39
Nord Ovest;Lombardia;MB;B798;2;39,5;31,33;15,8;19;107,63
Nord Ovest;Lombardia;BG;B801;2;19;20,9;15;19,5;76,4
Sud;Calabria;CS;B802;1;0;1;1;8;11
Nord Ovest;Lombardia;BG;B803;6;14;4;1;1;26
Isole;Sicilia;ME;B804;6;8,5;2,66;2;4;23,16
Nord Ovest;Lombardia;VA;B805;22;104,38;67,03;28,06;22,08;243,55
Nord Ovest;Lombardia;VA;B807;2;8,5;10;11;12,13;43,63
Sud;Puglia;TA;B808;0;4;4;13;5;26
Sud;Puglia;BR;B809;31,5;55,45;58,82;27,33;26;199,1
Sud;Molise;IS;B810;0;4;0;0;1;5
Nord Est;Emilia-Romagna;PC;B812;2;12,95;19;8;28,72;70,67
Sud;Calabria;CS;B813;0;1;0;1;0;2
Centro;Marche;PS;B816;2;9;0;7;3,5;21,5
Nord Ovest;Lombardia;BS;B817;4;21,5;34;16,92;24,5;100,92
Nord Ovest;Piemonte;AL;B818;0;4;0;2;6;12
Nord Est;Emilia-Romagna;MO;B819;28,5;238,89;311,93;169,1;162,07;910,49
Nord Ovest;Lombardia;MI;B820;2,5;30;11,5;5;9,58;58,58
Sud;Puglia;LE;B822;1;3;6,78;4,67;3;18,45
Nord Ovest;Piemonte;NO;B823;1;0,5;5,84;2,67;8,5;18,51
Nord Ovest;Lombardia;PV;B824;1;13;20;7;15,83;56,83
Nord Est;Emilia-Romagna;RE;B825;3,5;12;9;5,67;9,5;39,67
Sud;Abruzzo;CH;B826;0;2;0;1;0;3
Sud;Abruzzo;PE;B827;0;0;0;1;1;2
Centro;Lazio;RM;B828;10;5,94;3;2,5;3;24,44
Sud;Puglia;FG;B829;2;3;6;3;3;17
Sud;Molise;IS;B830;1;2;0;2,5;1,52;7,02
Centro;Toscana;MS;B832;69,76;170,59;164,88;77,25;60,9;543,38
Nord Est;Veneto;VI;B835;0;3;6;4;12,45;25,45
Nord Ovest;Piemonte;AL;B836;1;1;2;2;0;6
Nord Ovest;Liguria;SP;B838;5;3;4,75;1;1;14,75
Nord Ovest;Liguria;SP;B839;2,5;2,5;3,25;1,5;6,5;16,25
Nord Ovest;Piemonte;AL;B840;0;1;0;0;2;3
Nord Ovest;Piemonte;CN;B841;0;3;16;5;20;44
Sud;Abruzzo;AQ;B842;4,5;8,84;18,22;5,25;2,67;39,48
Nord Est;Veneto;VI;B844;0;1;4,6;4;10;19,6
Nord Ovest;Piemonte;CN;B845;1,78;2;1,1;0;0;4,88
Centro;Marche;PS;B846;1;21,5;13;10;18,25;63,75
Nord Ovest;Piemonte;AL;B847;0;0;0;0;4;4
Nord Est;Veneto;PD;B848;0;5;8,36;6,5;15,22;35,08
Nord Ovest;Lombardia;MI;B850;12,5;65;86;34;19,17;216,67
Nord Ovest;Lombardia;CO;B851;3;23;16;13;9,5;64,5
Sud;Abruzzo;CH;B853;0;0;1;1;1;3
Nord Ovest;Lombardia;BG;B854;1;10;14,67;11;8,55;45,22
Sud;Calabria;KR;B857;0;2,5;0;0;2;4,5
Sud;Molise;CB;B858;4;7,67;1;4;3;19,67
Sud;Abruzzo;CH;B859;0;0;0;0;0;0
Sud;Campania;CE;B860;7;13;28;24,17;15,25;87,42
Sud;Abruzzo;CH;B861;0;1;0;0;0,33;1,33
Centro;Lazio;FR;B862;0;0;1;0;2;3
Nord Ovest;Piemonte;NO;B864;0;1;5;1;3;10
Sud;Abruzzo;CH;B865;1;17,33;9,67;8;7,75;43,75
Sud;Campania;AV;B866;0;1;0;2;1,5;4,5
Nord Ovest;Piemonte;TO;B867;1;2;6;4;5,5;18,5
Sud;Campania;SA;B868;0;0;2,75;1;0;3,75
Nord Ovest;Lombardia;CR;B869;1;8,5;8;16;13,4;46,9
Nord Ovest;Piemonte;AL;B870;0;3;1,5;1,5;6,5;12,5
Sud;Molise;CB;B871;0;1;1;0;0;2
Sud;Campania;CE;B872;3;0;1;5;20,5;29,5
Sud;Campania;BN;B873;0;0;0;1;0;1
Nord Ovest;Lombardia;VA;B875;0;6;7,75;3,11;9;25,86
Nord Ovest;Piemonte;VB;B876;2;3;4;4,95;8,5;22,45
Nord Est;Veneto;PD;B877;0;2;4,5;6;7,8;20,3
Centro;Toscana;PI;B878;4,5;4;2;2;4;16,5
Nord Est;Veneto;TV;B879;4,17;52,03;35,17;34,42;38,8;164,59
Nord Est;Emilia-Romagna;BO;B880;11;199,69;117,51;34,63;21,9;384,73
Nord Ovest;Lombardia;CR;B881;0;12;10;7;0;29
Nord Ovest;Piemonte;AL;B882;1;1;0;1;1;4
Nord Ovest;Piemonte;NO;B883;0;0;0;2;0;2
Nord Ovest;Piemonte;AL;B885;26,5;142,15;129,84;51,89;77,11;427,49
Nord Est;Veneto;VR;B886;1;16,17;8;16,5;33,01;74,68
Nord Ovest;Lombardia;LO;B887;2;13;9,75;8;5,5;38,25
Sud;Campania;SA;B888;2;0;2;0;3;7
Nord Ovest;Lombardia;CR;B889;0;1;1;2;1;5
Nord Ovest;Lombardia;CR;B890;0;0;1,5;2;2;5,5
Nord Ovest;Lombardia;CR;B891;0;6;2;2;12;22
Nord Est;Emilia-Romagna;BO;B892;1;4,5;15,33;3,75;7;31,58
Nord Est;Emilia-Romagna;RE;B893;7,25;71,5;59,28;42;42,79;222,82
Nord Ovest;Piemonte;CN;B894;4;1;1;3;2;11
Sud;Campania;SA;B895;10;39,5;24,7;12,03;3;89,23
Sud;Abruzzo;CH;B896;1;1;2;1;2;7
Nord Ovest;Piemonte;NO;B897;0;2;2;2;9,08;15,08
Nord Ovest;Lombardia;CR;B898;4;25,1;32,5;29,8;37,64;129,04
Nord Ovest;Lombardia;LO;B899;1;8;23;3,5;3;38,5
Nord Ovest;Lombardia;CR;B900;0;4;2;4;3,25;13,25
Nord Ovest;Lombardia;MN;B901;2;2,89;1;0,89;2,67;9,45
Nord Ovest;Piemonte;AL;B902;0;3;3;0;6,5;12,5
Sud;Calabria;CS;B903;7,94;46,83;18;6,96;3,9;83,63
Sud;Puglia;FG;B904;2;4;3;1;2;12
Sud;Campania;NA;B905;16,49;59,96;113,28;41,67;22,25;253,65
Sud;Basilicata;PZ;B906;0;0;0;0;0;0
Nord Ovest;Lombardia;MN;B907;1;1,5;6,67;4;8;21,17
Nord Ovest;Lombardia;LO;B910;10,75;46,09;71,25;28,89;34,06;191,04
Nord Ovest;Lombardia;MN;B911;0;1;2,22;8;6,22;17,44
Nord Est;Veneto;PD;B912;0;9;12;2,5;14,5;38
Nord Ovest;Lombardia;CR;B914;0;0;0;6,08;8,4;14,48
Sud;Puglia;FG;B915;15,01;26,72;13,83;25,86;10,5;91,92
Sud;Campania;CE;B916;4;6,41;10,5;8;4,67;33,58
Sud;Puglia;FG;B917;0;0;2;0;0,33;2,33
Isole;Sicilia;ME;B918;0;3;1;1;1;6
Centro;Lazio;FR;B919;1;3;3;1;5,67;13,67
Nord Ovest;Piemonte;NO;B920;0;1;4;2,33;5;12,33
Nord Ovest;Lombardia;VA;B921;0;6;7,21;0;6,5;19,71
Sud;Campania;NA;B922;3,66;2;1,25;1;8;15,91
Sud;Puglia;BA;B923;15;54,17;76;24,92;32,05;202,14
Sud;Campania;NA;B924;0;16,83;5;2;5;28,83
Sud;Campania;NA;B925;1;2;17,67;9,67;9,67;40,01
Nord Ovest;Liguria;SV;B927;0;2;2;1;1;6
Nord Ovest;Piemonte;VC;B928;0;1;0,08;1;1,5;3,58
Nord Ovest;Lombardia;PV;B929;1;1;1;0;1,67;4,67
Centro;Lazio;RM;B932;1,33;3,11;0,22;0,11;0;4,77
Nord Ovest;Piemonte;BI;B933;0;6;3;0;2;11
Centro;Lazio;RI;B934;2;3,5;1;1,5;0;8
Sud;Campania;CE;B935;2;12;15;23;10;62
Sud;Puglia;LE;B936;10;18,5;22;27;23,2;100,7
Nord Ovest;Lombardia;LC;B937;3;14;5,63;0;2;24,63
Nord Ovest;Lombardia;MI;B938;0;18,5;12;4,5;4;39
Nord Ovest;Liguria;GE;B939;2;19;17;6,17;7,27;51,44
Nord Est;Friuli- Venezia Giulia;PN;B940;1;10;9,5;11;23,5;55
Nord Ovest;Piemonte;AL;B941;0;0;0;0,17;0;0,17
Nord Ovest;Lombardia;LC;B943;9;36,5;34,07;28,55;37,83;145,95
Nord Ovest;Lombardia;PV;B945;0;0;1;2;1;4
Sud;Campania;NA;B946;7;19,82;63,94;22,28;8;121,04
Nord Ovest;Lombardia;BG;B947;0;8;7,5;4;10,67;30,17
Centro;Umbria;PG;B948;2,03;6;4,67;2;2;16,7
Nord Ovest;Lombardia;VA;B949;2,33;6;10;5;7,08;30,41
Centro;Toscana;PI;B950;11,5;118,67;165,06;96,67;104,48;496,38
Nord Ovest;Piemonte;VC;B952;0;1;0;1;1;3
Nord Ovest;Piemonte;TO;B953;0;0;1,89;1;5;7,89
Nord Ovest;Lombardia;PV;B954;0;2;1;3;5;11
Nord Ovest;Piemonte;TO;B955;0;7;8;2;16;33
Nord Ovest;Liguria;GE;B956;1;15;17,5;7,5;8,33;49,33
Nord Ovest;Lombardia;LO;B958;3;20,33;4;3,5;3;33,83
Sud;Campania;SA;B959;0;2;1;0;1;4
Nord Ovest;Piemonte;TO;B960;7;50,5;38,5;25,5;21,17;142,67
Nord Ovest;Lombardia;LO;B961;0;1;4,5;3;3;11,5
Centro;Toscana;FI;B962;19,84;133,77;139,77;58,27;45,01;396,66
Sud;Campania;CE;B963;34,56;97,67;128,83;172,85;178,58;612,49
Nord Est;Veneto;TV;B965;4;54,49;43,25;32;41,58;175,32
Sud;Calabria;RC;B966;0;3;1;0;0,5;4,5
Nord Est;Emilia-Romagna;RE;B967;0;11,25;10,93;15;15,15;52,33
Sud;Calabria;KR;B968;0;0;1;0;1;2
Nord Est;Emilia-Romagna;BO;B969;3,5;13,5;9,5;4,25;9;39,75
Nord Ovest;Lombardia;BG;B971;2;15;13;4,5;6;40,5
Nord Ovest;Lombardia;CO;B974;1;0;1;1;3;6
Nord Ovest;Lombardia;CO;B977;3;16,5;16,16;18,01;11,83;65,5
Nord Ovest;Lombardia;BG;B978;1;5;6,09;5;3,5;20,59
Centro;Toscana;MS;B979;0;4,67;1,67;1,83;2;10,17
Sud;Campania;NA;B980;6;3;4,09;0;2,09;15,18
Nord Est;Emilia-Romagna;RA;B982;0;4;4;2;6,42;16,42
Centro;Toscana;SI;B984;0;17,17;12,67;10;6;45,84
Sud;Abruzzo;CH;B985;2;3;11,5;2;11;29,5
Nord Ovest;Lombardia;VA;B987;0;29,49;11;5,5;16;61,99
Nord Ovest;Lombardia;PV;B988;7,5;30,5;32;18,3;14,5;102,8
Nord Ovest;Lombardia;MI;B989;1,5;13,75;10;10,75;16,25;52,25
Sud;Campania;NA;B990;21,6;75,09;155,94;93,67;26,72;373,02
Nord Ovest;Piemonte;AT;B991;0;1;3,83;1;11;16,83
Nord Ovest;Lombardia;SO;B993;19;23,5;1,58;1;0;45,08
Nord Est;Friuli- Venezia Giulia;UD;B994;1;1;1,5;2;9;14,5
Nord Ovest;Lombardia;LC;B996;3,5;19,5;18;4,67;3,5;49,17
Sud;Campania;AV;B997;3;2;1;2;0;8
Sud;Puglia;BA;B998;21;91;48;30,5;41,5;232
Nord Ovest;Lombardia;VA;B999;0;1;1,5;2;3;7,5
Sud;Calabria;CS;C002;15,05;45,38;27,49;15,33;27,17;130,42
Nord Ovest;Lombardia;MI;C003;10,5;80,5;114,75;36;20;261,75
Nord Ovest;Lombardia;VA;C004;3;55,17;78,19;32;44,67;213,03
Isole;Sicilia;SR;C006;0;2;2;1;3;8
Nord Ovest;Lombardia;BG;C007;3,5;0;0;0;0;3,5
Nord Ovest;Lombardia;MI;C013;18,73;68,3;37,77;6,67;10,5;141,97
Nord Ovest;Lombardia;MI;C014;22;61;42,83;30,05;24,17;180,05
Nord Ovest;Lombardia;CO;C020;1;8,1;12,67;5,5;8;35,27
Nord Ovest;Piemonte;AT;C022;1;3;3;0;3;10
Nord Ovest;Lombardia;LC;C024;1;4,5;6;0;0;11,5
Nord Ovest;Piemonte;AL;C027;1;1,5;6;2,5;9;20
Nord Ovest;Piemonte;AL;C030;1;2;3;2;7,5;15,5
Nord Ovest;Lombardia;MI;C033;2,5;1;4,5;3,5;6;17,5
Centro;Lazio;FR;C034;11;80,5;84,67;54,83;46,05;277,05
Nord Est;Veneto;VI;C037;3;27,67;51,5;52,5;53;187,67
Nord Ovest;Lombardia;PV;C038;1;8;10;9,5;18,25;46,75
Sud;Abruzzo;TE;C040;0;0;0;0;2;2
Nord Est;Veneto;VR;C041;0;1;5,5;8,5;10,68;25,68
Centro;Toscana;LI;C044;7,5;69,52;37,53;15;15,1;144,65
Nord Ovest;Piemonte;TO;C045;0;1;2;5;11;19
Nord Ovest;Piemonte;CN;C046;3;7;11;4;6;31
Nord Ovest;Piemonte;AT;C047;0;2;4;2,5;8;16,5
Nord Ovest;Piemonte;TO;C048;0;2;2;3;2;9
Nord Ovest;Piemonte;AT;C049;4;2;3;1;16,44;26,44
Nord Ovest;Lombardia;PV;C050;0;0;3;1;4;8
Isole;Sicilia;ME;C051;0;6;1;0;0;7
Nord Ovest;Lombardia;MI;C052;3,92;22;32;15,86;23,83;97,61
Nord Ovest;Lombardia;PV;C053;1;12;15;5,5;16;49,5
Nord Ovest;Lombardia;BS;C055;0,5;12,82;20,5;18,33;25,43;77,58
Nord Est;Veneto;VI;C056;0;12,5;5;4;6;27,5
Nord Est;Veneto;PD;C057;0;1;0;1;9;11
Sud;Campania;AV;C058;0;0;1;0;3;4
Nord Ovest;Lombardia;MN;C059;1;4;7;6;12,76;30,76
Centro;Marche;AN;C060;1;11,5;12;3;10,5;38
Nord Ovest;Liguria;SV;C063;0;0;1;0,01;1;2,01
Nord Ovest;Piemonte;AT;C064;0;0,5;0,5;0;1;2
Nord Est;Emilia-Romagna;RA;C065;5;23;20,5;17;20,68;86,18
Sud;Molise;CB;C066;1;2;0;2;1;6
Isole;Sicilia;PA;C067;7;16,96;17,68;11;7,5;60,14
Sud;Campania;SA;C069;0;0;1;0;0;1
Centro;Marche;AP;C070;0;3;0;0;6;9
Nord Ovest;Lombardia;BS;C072;3;12,17;13,17;14;12,2;54,54
Nord Est;Veneto;TV;C073;0;4;3;1;8,16;16,16
Isole;Sicilia;PA;C074;1;11,5;21,75;16;18;68,25
Nord Est;Emilia-Romagna;BO;C075;2,67;12,13;6,78;8;9;38,58
Nord Ovest;Lombardia;MN;C076;1;16;14,83;7,67;15,67;55,17
Nord Est;Veneto;VR;C078;3;32,5;44;22,22;29,49;131,21
Nord Ovest;Lombardia;BG;C079;5;19,08;24;22,15;19,04;89,27
Nord Est;Emilia-Romagna;RN;C080;2;1;3;2;0,5;8,5
Nord Ovest;Piemonte;CN;C081;0;3;1;0;1,83;5,83
Sud;Molise;IS;C082;2;1;0;1;1;5
Sud;Abruzzo;AQ;C083;2;17;6;2;2;29
Centro;Toscana;GR;C085;9,75;11,75;9,4;5;12,17;48,07
Nord Est;Emilia-Romagna;BO;C086;0;2;4;3;4;13
Nord Ovest;Lombardia;CR;C089;0;0;1;0,13;2;3,13
Sud;Abruzzo;AQ;C090;3;1;1,67;0;2;7,67
Isole;Sicilia;CT;C091;2,3;2;5,95;3,17;3,67;17,09
Centro;Marche;AP;C093;2,75;11,83;23,67;14,75;15,53;68,53
Isole;Sicilia;ME;C094;0;1,5;2;1;0;4,5
Sud;Abruzzo;AQ;C096;22,39;68,5;31;7;6;134,89
Sud;Campania;CE;C097;1;0;0;0;0;1
Centro;Lazio;RI;C098;2;1;0;1;0;4
Centro;Marche;AN;C100;6;28,78;38,33;40;43,43;156,54
Centro;Toscana;FI;C101;6,1;42,11;50,58;30,17;30,25;159,21
Centro;Toscana;AR;C102;0,33;7,33;3,5;7,57;5;23,73
Centro;Lazio;LT;C104;2,17;5,33;2;5,83;6,83;22,16
Sud;Campania;AV;C105;0;3;0;0;0,5;3,5
Sud;Campania;BN;C106;3;0;1;2,5;0;6,5
Nord Est;Emilia-Romagna;MO;C107;17,67;145,36;136,46;54,15;61,36;415
Sud;Calabria;CS;C108;1;2;7;12,5;19;41,5
Nord Ovest;Liguria;IM;C110;1;0;0;0;1;2
Nord Est;Veneto;TV;C111;16,83;61,52;100,12;79,5;110,46;368,43
Centro;Toscana;PI;C113;1;20;23,5;23,39;41,33;109,22
Sud;Abruzzo;CH;C114;0;7;8;7;8,5;30,5
Nord Ovest;Lombardia;CR;C115;0;0;0,5;1;0;1,5
Centro;Lazio;RM;C116;5;26,5;18,5;8;5,5;63,5
Centro;Umbria;TR;C117;1;3;3;1;7;15
Nord Ovest;Lombardia;MN;C118;1;14;15;18,33;41,71;90,04
Nord Est;Veneto;VI;C119;1;10;13;3;16;43
Sud;Basilicata;PZ;C120;0;1;0,67;1;1,67;4,34
Nord Est;Emilia-Romagna;BO;C121;4;11;13,17;2;9,67;39,84
Nord Est;Veneto;RO;C122;2;2;2;3;9;18
Sud;Abruzzo;CH;C123;1;2;0;3;0;6
Sud;Campania;SA;C125;12,13;59,75;22,26;11,53;16;121,67
Sud;Abruzzo;AQ;C126;1;0;1;1;2;5
Nord Ovest;Piemonte;AT;C127;1;3;2;3;7,4;16,4
Sud;Abruzzo;TE;C128;2;4;10,75;8,25;12,67;37,67
Sud;Campania;NA;C129;29,75;90,33;90,94;58,85;39,67;309,54
Isole;Sicilia;TP;C130;24,61;48,97;46,88;26,57;19,04;166,07
Nord Ovest;Piemonte;TO;C133;7;23;17;17;26,29;90,29
Sud;Puglia;BA;C134;14,5;40;53,5;37;42,17;187,17
Isole;Sicilia;PA;C135;1,17;5,5;1,5;1,17;1;10,34
Sud;Puglia;TA;C136;18,5;50,36;46;31,76;18,5;165,12
Nord Ovest;Piemonte;AL;C137;0;0;0;0;0;0
Nord Ovest;Lombardia;VA;C139;20;66,06;62,36;18,59;26,56;193,57
Nord Est;Emilia-Romagna;RE;C141;10,33;68,67;44,15;36,75;41,65;201,55
Nord Ovest;Piemonte;AL;C142;0;1;0;0;2;3
Nord Ovest;Liguria;IM;C143;4;14,11;5;0,11;2;25,22
Nord Est;Emilia-Romagna;PC;C145;3;9,33;11;7,93;13,83;45,09
Centro;Toscana;GR;C147;2;5,5;2,67;2,25;7;19,42
Nord Ovest;Piemonte;AL;C148;2;9,5;5;6;18;40,5
Nord Ovest;Piemonte;NO;C149;0;0;1;1;0;2
Centro;Marche;AN;C152;0;1;1;0,5;4;6,5
Nord Ovest;Lombardia;CR;C153;3;20;26;16,83;29,5;95,33
Nord Ovest;Piemonte;AT;C154;0;0;0;0;1;1
Nord Ovest;Piemonte;BI;C155;0;1;0;1;5;7
Nord Ovest;Piemonte;AL;C156;0;0;0;0,5;1;1,5
Nord Ovest;Lombardia;PV;C157;0;0;1,5;0;3;4,5
Nord Ovest;Piemonte;AL;C158;0;8;5;6;5;24
Nord Ovest;Piemonte;AL;C160;0;0;0;0;8,83;8,83
Nord Ovest;Piemonte;AT;C161;0;0;2;0;3,5;5,5
Nord Ovest;Piemonte;AL;C162;0;3,01;1;1;8;13,01
Nord Ovest;Piemonte;CN;C165;1;4;6;1;4;16
Nord Ovest;Piemonte;NO;C166;14;28,5;23,66;21;30;117,16
Nord Ovest;Piemonte;CN;C167;0;1;0;0;0;1
Sud;Abruzzo;TE;C169;0;0;1;1;1;3
Centro;Toscana;SI;C172;2;4;7,5;3,5;6,5;23,5
Nord Ovest;Piemonte;CN;C173;2;2;0;3;5;12
Centro;Toscana;PI;C174;3,5;9;6;5,39;4;27,89
Sud;Molise;CB;C175;0;1;0;1;0;2
Nord Ovest;Piemonte;CN;C176;0;0;2;0;4;6
Centro;Lazio;FR;C177;1;0;0;1;3;5
Sud;Campania;CE;C178;1,8;0;0;1;1;3,8
Nord Ovest;Lombardia;VA;C181;1;13;4,67;8;9,58;36,25
Nord Ovest;Lombardia;PV;C184;0;0;1;1;5;7
Nord Est;Emilia-Romagna;BO;C185;4;16,5;20,33;15,5;15,5;71,83
Nord Ovest;Lombardia;SO;C186;2;1,17;1,33;1;1,25;6,75
Nord Ovest;Lombardia;LC;C187;1;5;6,5;3,5;4,5;20,5
Sud;Campania;NA;C188;2;8,5;18,83;3;5,83;38,16
Nord Est;Veneto;TV;C190;0;7,2;5,4;2;15;29,6
Nord Ovest;Lombardia;MN;C195;0;10;7,67;12,5;13;43,17
Sud;Molise;CB;C197;1;3,93;1;1;0;6,93
Sud;Puglia;FG;C198;0;3;1;1,5;2;7,5
Sud;Basilicata;PZ;C199;0,5;0;0;0;0,5;1
Sud;Molise;IS;C200;0;0;0;0;2;2
Sud;Basilicata;PZ;C201;0;1;0;0;1;2
Sud;Puglia;FG;C202;1;1;0;0;1;3
Centro;Lazio;RM;C203;6;13,17;16,17;5;9;49,34
Nord Est;Emilia-Romagna;BO;C204;9,5;95,34;92,76;34;31,51;263,11
Nord Ovest;Piemonte;CN;C205;2,25;4,42;1;1;1;9,67
Nord Ovest;Lombardia;CO;C206;0;2;3;1;0,5;6,5
Nord Est;Veneto;RO;C207;1;2;6,75;5,5;17;32,25
Nord Ovest;Lombardia;BS;C208;7,5;36,25;52,4;28;28;152,15
Sud;Basilicata;PZ;C209;3;0;1;0;0;4
Isole;Sicilia;ME;C210;0;2;1;0;0;3
Sud;Campania;CE;C211;0;0,67;0;2,84;6;9,51
Nord Ovest;Lombardia;PV;C213;0;0;1;1;5,22;7,22
Nord Ovest;Piemonte;CN;C214;0;0;1;0;1;2
Nord Est;Veneto;RO;C215;0;3;6;2;9;20
Nord Est;Friuli- Venezia Giulia;PN;C217;0;0;1;1;1;3
Nord Est;Emilia-Romagna;RE;C218;0;17,5;21;6,25;32,52;77,27
Nord Est;Emilia-Romagna;RE;C219;2,49;25,62;32,34;20,83;26,11;107,39
Nord Ovest;Lombardia;CO;C220;0;5;0;2;0;7
Sud;Puglia;FG;C222;2;1;0;1,37;0;4,37
Centro;Lazio;FR;C223;2;2,5;0,5;1;1;7
Centro;Lazio;RI;C224;1;1;3;4;4;13
Nord Est;Veneto;VR;C225;8;59;60;16,94;35,75;179,69
Nord Ovest;Piemonte;AT;C226;0;0;0;1;4,5;5,5
Centro;Toscana;SI;C227;9;22,5;22;17;31,33;101,83
Nord Ovest;Lombardia;LO;C228;2;2;4;1;5,84;14,84
Nord Ovest;Piemonte;AL;C229;1;2;0;0;4,5;7,5
Nord Ovest;Piemonte;AT;C230;0;2;0;2;3;7
Sud;Campania;SA;C231;3;5;2;3;3;16
Nord Ovest;Piemonte;AT;C232;1;8;5;4;16;34
Sud;Campania;SA;C235;0;4;1;0;0;5
Centro;Toscana;LU;C236;2;9;6;8,5;8;33,5
Centro;Lazio;RM;C237;2;16;16;8,17;15,67;57,84
Nord Ovest;Liguria;SP;C240;4,5;18;19;17;13,17;71,67
Nord Ovest;Piemonte;TO;C241;0;3;8;2;2;15
Nord Est;Emilia-Romagna;MO;C242;3;42;52,17;31,17;35,89;164,23
Nord Ovest;Piemonte;AL;C243;0;4;9;3;16;32
Centro;Toscana;PI;C244;3;5,5;5;2;4;19,5
Sud;Campania;BN;C245;1;0;0;1;0;2
Sud;Molise;IS;C246;0;0,8;0;0;2;2,8
Sud;Molise;IS;C247;0;0;0;0,99;0;0,99
Centro;Marche;AN;C248;0;5,83;11,56;9,34;4,75;31,48
Sud;Campania;BN;C250;0;0,61;0;1,5;0;2,11
Centro;Marche;MC;C251;1;5;14,33;11,83;10;42,16
Centro;Umbria;PG;C252;0;7;8,33;1,5;9;25,83
Nord Ovest;Piemonte;AT;C253;0;1;0;0;3;4
Nord Ovest;Lombardia;BG;C255;2;6;8,5;2,67;5,53;24,7
Sud;Campania;SA;C259;6;13,83;27,17;22,5;41,11;110,61
Nord Est;Emilia-Romagna;PC;C261;4;30;44,17;34;26;138,17
Sud;Campania;SA;C262;3,34;3,5;0,67;2;2;11,51
Centro;Toscana;AR;C263;4,17;5;11,17;2;8,5;30,84
Nord Est;Emilia-Romagna;BO;C265;7,5;52,5;84,44;30,63;30,2;205,27
Centro;Lazio;RM;C266;2;3,33;2;0;0;7,33
Centro;Marche;MC;C267;0;0;0;0;0;0
Centro;Lazio;RI;C268;3;2;2,5;0;2;9,5
Centro;Lazio;VT;C269;0;6;0;1,5;4,34;11,84
Sud;Molise;IS;C270;1;1;2;0,5;4;8,5
Sud;Basilicata;PZ;C271;1;4;1;2;0;8
Isole;Sardegna;SS;C272;48;51,17;16;5,5;8;128,67
Nord Ovest;Lombardia;VA;C273;2;5;2;0,3;1;10,3
Nord Ovest;Piemonte;AL;C274;0;0;0;1;4,5;5,5
Isole;Sicilia;AG;C275;6;12,72;8,89;14,5;9,5;51,61
Nord Ovest;Liguria;SV;C276;0;0;1;0;0;1
Sud;Abruzzo;AQ;C278;0;0;0;0;0;0
Sud;Abruzzo;AQ;C279;0;1;4,67;0;0;5,67
Sud;Campania;BN;C280;0;1;0;0;3,2;4,2
Nord Ovest;Valle d'Aosta;AO;C282;2;2;7;1;1;13
Sud;Campania;AV;C283;0;1;3;0;1;5
Sud;Campania;BN;C284;0;2;0;0,5;0;2,5
Sud;Calabria;RC;C285;5;17;5,67;6;2;35,67
Isole;Sicilia;TP;C286;10,86;43,2;67,95;49,5;48,41;219,92
Nord Est;Emilia-Romagna;MO;C287;14,5;30,83;29,23;22,8;27,45;124,81
Nord Est;Emilia-Romagna;PC;C288;0;9;17;7,5;20,45;53,95
Centro;Umbria;TR;C289;1;3;6;2;2;14
Nord Ovest;Lombardia;CR;C290;0;0;0;0;1;1
Sud;Campania;CE;C291;7;110,74;112,89;82,49;103,67;416,79
Nord Est;Emilia-Romagna;BO;C292;9;61,75;73,83;32,75;37,03;214,36
Nord Ovest;Lombardia;BS;C293;8;30,87;34,67;16,97;29,33;119,84
Nord Ovest;Valle d'Aosta;AO;C294;6;9,75;12,5;2;0;30,25
Nord Est;Emilia-Romagna;BO;C296;3;25,98;24,16;8,05;9,58;70,77
Isole;Sicilia;CT;C297;3,75;16;6;3;13;41,75
Sud;Abruzzo;CH;C298;0;4;1;1;0;6
Nord Ovest;Lombardia;VA;C300;3;17,5;21,5;8;19,33;69,33
Sud;Calabria;CS;C301;0;2;2;3;7,08;14,08
Nord Ovest;Liguria;GE;C302;4;4;1;0;1;10
Centro;Toscana;LU;C303;3;5;2;1;1;12
Nord Ovest;Lombardia;LO;C304;1;4,5;11;9,5;10,72;36,72
Sud;Campania;SA;C306;0;0;1;3;1,67;5,67
Nord Ovest;Piemonte;TO;C307;0;18;17;18;37,18;90,18
Sud;Abruzzo;PE;C308;0;0;0;0,5;2;2,5
Centro;Umbria;PG;C309;6;38,5;51,47;27,5;41,69;165,16
Centro;Toscana;GR;C310;29,52;57,53;36,76;22,67;29,07;175,55
Sud;Abruzzo;TE;C311;2;2;1;2;1;8
Nord Ovest;Lombardia;MN;C312;5,5;54;76,23;43,87;51,34;230,94
Centro;Toscana;SI;C313;2;19;4,3;3,5;1;29,8
Nord Ovest;Piemonte;CN;C314;0;1;0;1;2;4
Centro;Lazio;VT;C315;2;7,5;2,5;1;3,83;16,83
Sud;Abruzzo;TE;C316;0,5;2;2;4,5;10;19
Nord Ovest;Piemonte;CN;C317;0;1;1;2;4,33;8,33
Centro;Toscana;AR;C318;0;6;5;2;3,5;16,5
Centro;Toscana;AR;C319;4,83;29,6;28,5;13,5;30,61;107,04
Centro;Marche;AP;C321;0;1,5;1;6;5,83;14,33
Sud;Abruzzo;TE;C322;0;1;2;2;2;7
Nord Ovest;Piemonte;CN;C323;0;0;1;0;3;4
Nord Ovest;Lombardia;BG;C324;17,5;50,96;29,95;15;19,44;132,85
Nord Ovest;Lombardia;SO;C325;1;0;2;2;0,5;5,5
Nord Est;Friuli- Venezia Giulia;UD;C327;0;6;4;4,33;15,58;29,91
Nord Ovest;Lombardia;LO;C329;1;11;11;4,5;10,25;37,75
Nord Ovest;Lombardia;BS;C330;0;0;1,8;0,96;3;5,76
Centro;Marche;AP;C331;3;2;5;4;3;17
Nord Ovest;Lombardia;BS;C332;1;31;55,64;29;25,24;141,88
Sud;Puglia;LE;C334;1;1;2,5;2;1;7,5
Sud;Puglia;LE;C335;2;1;3;0;10;16
Sud;Puglia;LE;C336;16,33;24,83;15,66;15,33;7;79,15
Nord Ovest;Lombardia;BG;C337;0;2;1,5;0;1;4,5
Centro;Lazio;FR;C338;1;1;2,5;1;2;7,5
Nord Est;Emilia-Romagna;FO;C339;9;14,47;10;12,5;14;59,97
Centro;Lazio;FR;C340;2;1;0;0;4,33;7,33
Isole;Sicilia;AG;C341;5;0;0;1;3;9
Isole;Sicilia;EN;C342;17;37,05;30,39;42,67;26,01;153,12
Nord Ovest;Lombardia;VA;C343;1;8,5;16;8,5;6,67;40,67
Isole;Sicilia;PA;C344;2;3,72;2,5;1;2;11,22
Sud;Basilicata;PZ;C345;2;1;0;0;0;3
Sud;Molise;CB;C346;0;2;0;0,67;0;2,67
Isole;Sicilia;ME;C347;1;2;1;1;1,5;6,5
Sud;Calabria;CS;C348;0;0;0;0;0;0
Sud;Calabria;CS;C349;5,75;12,5;24,92;30;37,5;110,67
Isole;Sicilia;CT;C351;326,7;651,46;758,11;509,96;457,36;2703,59
Sud;Calabria;CZ;C352;56,18;161,24;165,36;124,31;110,37;617,46
Isole;Sicilia;EN;C353;5;5,67;3;1;8;22,67
Sud;Abruzzo;PE;C354;3,78;1;0,82;0;4;9,6
Isole;Sicilia;AG;C356;10;6;6;4;6;32
Nord Est;Emilia-Romagna;RN;C357;19,92;66,83;34,27;32;20,17;173,19
Sud;Campania;BN;C359;1;0;0;0,25;0;1,25
Nord Ovest;Lombardia;PV;C360;2;15,5;18,5;9;9,75;54,75
Sud;Campania;SA;C361;16,9;60,34;62,14;50,5;51,03;240,91
Nord Ovest;Piemonte;BI;C363;1;3;13;2;8,5;27,5
Nord Ovest;Piemonte;NO;C364;0;0;1;0;1;2
Nord Ovest;Piemonte;NO;C365;1;2;1;0;2;6
Nord Ovest;Piemonte;TO;C369;0;2;4;4;13;23
Nord Est;Veneto;VR;C370;3;20,95;19,5;11,3;15,11;69,86
Nord Ovest;Piemonte;CN;C375;0;1;1;1;3;6
Nord Ovest;Piemonte;CN;C376;0,75;13,51;11,53;5,16;12;42,95
Sud;Puglia;LE;C377;2;9;20,5;28;43,17;102,67
Nord Ovest;Piemonte;NO;C378;0;0;1;0;5,5;6,5
Nord Ovest;Lombardia;CO;C381;0;0;0;0;0;0
Nord Ovest;Lombardia;VA;C382;0;21;11,5;7,5;7,75;47,75
Nord Est;Veneto;VE;C383;3;16,55;30,19;24,5;13,84;88,08
Nord Est;Veneto;TV;C384;0,07;13;9;3,5;10;35,57
Nord Est;Friuli- Venezia Giulia;PN;C385;1;1;2,5;4,5;7,83;16,83
Nord Ovest;Piemonte;AL;C387;0;0;0;0;4;4
Nord Est;Veneto;VE;C388;127,45;664,7;241,61;84,83;48,95;1167,54
Nord Est;Friuli- Venezia Giulia;UD;C389;0;1,5;2;0;0;3,5
Centro;Lazio;RM;C390;7;28,34;22,17;10,5;12,89;80,9
Nord Ovest;Lombardia;LO;C394;1;5;3;3;4;16
Nord Ovest;Lombardia;MB;C395;2,5;40,83;36,23;12,5;5;97,06
Nord Ovest;Lombardia;BG;C396;1;9;10,5;9;8,85;38,35
Nord Est;Emilia-Romagna;MO;C398;1;8;14;12;19,75;54,75
Nord Ovest;Piemonte;TO;C404;2;9;11;6;23,5;51,5
Nord Est;Emilia-Romagna;RE;C405;1;18,25;25,9;11,25;27,1;83,5
Nord Ovest;Lombardia;MN;C406;0;8;1;4;10,75;23,75
Centro;Toscana;AR;C407;3;31,17;26,58;11,25;15;87
Nord Ovest;Lombardia;BS;C408;3;12;24,83;17,83;26,59;84,25
Nord Ovest;Lombardia;VA;C409;0;1;0;0;1;2
Nord Ovest;Lombardia;BG;C410;0;1,66;3,5;6;6,36;17,52
Nord Est;Veneto;VR;C412;0;3;5;5;5,5;18,5
Centro;Lazio;FR;C413;1;13,5;13;14,47;18;59,97
Nord Ovest;Lombardia;PV;C414;0;2;0;1;4;7
Centro;Toscana;LI;C415;23,5;139,14;97,66;54,58;37,84;352,72
Nord Ovest;Lombardia;BS;C417;1;2,25;4,5;1;1;9,75
Nord Ovest;Lombardia;SO;C418;0;0;0;0;0;0
Isole;Sicilia;PA;C420;0;1;1;0;1;3
Isole;Sicilia;PA;C421;23,12;57,42;38;14;14,5;147,04
Nord Est;Veneto;VE;C422;0;13;12,33;16;14,81;56,14
Sud;Puglia;BR;C424;71,02;36,44;35,22;25,45;20,44;188,57
Sud;Abruzzo;AQ;C426;8;12;5;4;7;36
Sud;Abruzzo;CH;C428;0;6;1;0;0;7
Sud;Puglia;FG;C429;0;2;0;0;0;2
Sud;Calabria;CS;C430;2;1;3;0;4;10
Nord Ovest;Piemonte;AL;C432;0;0;2;0;4;6
Nord Ovest;Lombardia;CR;C435;0;0;1;2;1;4
Sud;Puglia;BA;C436;4;11,5;18,5;19;15;68
Sud;Calabria;CS;C437;0;0;0,5;1;2;3,5
Nord Ovest;Piemonte;AT;C438;4;4;1;1;2;12
Nord Ovest;Lombardia;BS;C439;1;13,28;10,5;3;19,83;47,61
Nord Ovest;Piemonte;AT;C440;0;1;0;0;2;3
Nord Ovest;Piemonte;CN;C441;1;2;0,5;0;2;5,5
Sud;Puglia;FG;C442;0;1;0;0;0;1
Nord Ovest;Liguria;SV;C443;14,33;45,64;19;4,67;4,5;88,14
Sud;Campania;SA;C444;0;2;1;0;0;3
Centro;Lazio;VT;C446;1;1;2;1;3;8
Centro;Lazio;VT;C447;1;4,17;2,75;1;2;10,92
Sud;Puglia;BR;C448;2;4,5;7;4,75;4;22,25
Sud;Abruzzo;TE;C449;0;1;1;1;5;8
Sud;Calabria;CZ;C453;0;0;0;1;0;1
Nord Ovest;Lombardia;BG;C456;2;4;11;2;14,75;33,75
Nord Ovest;Lombardia;BG;C457;2,5;5;9,5;7,17;12,07;36,24
Nord Est;Veneto;BL;C458;1;13,67;10,67;3;1,67;30,01
Nord Ovest;Lombardia;BG;C459;0;5;9;4,5;11,33;29,83
Nord Est;Veneto;RO;C461;0;1;1;1;3,5;6,5
Nord Ovest;Liguria;SV;C463;1;7;9;1;3,88;21,88
Nord Ovest;Piemonte;CN;C466;0;7;22,5;4;14,33;47,83
Nord Est;Emilia-Romagna;FE;C469;12,08;116,33;118,84;67,24;76,21;390,7
Sud;Campania;SA;C470;9,61;21,5;16;4;5,33;56,44
Isole;Sicilia;EN;C471;6;19,2;5;3,67;3;36,87
Sud;Calabria;CZ;C472;0;1;0;0;0;1
Sud;Abruzzo;PE;C474;2;9;11;12;23,33;57,33
Sud;Campania;BN;C476;0;0;1,5;0;2,21;3,71
Nord Ovest;Piemonte;VB;C478;1,4;1;1;0;0;3,4
Centro;Lazio;FR;C479;1;9;12;10,67;8,33;41
Isole;Sicilia;EN;C480;2;2;6;0;4,22;14,22
Nord Ovest;Liguria;GE;C481;2;13;7;7,17;7;36,17
Nord Ovest;Lombardia;CO;C482;0;3;0;0;2;5
Nord Ovest;Piemonte;NO;C483;6;16;21,66;11,5;12;67,16
Nord Ovest;Lombardia;PV;C484;0;4;14,5;4;7;29,5
Sud;Campania;SA;C485;1;2;2;0;2;7
Sud;Molise;CB;C486;3,5;2;2;1,25;7,67;16,42
Nord Ovest;Piemonte;TO;C487;0;3;2;2,5;6;13,5
Sud;Molise;CB;C488;0;1;0;0;0;1
Sud;Calabria;CS;C489;2,5;2;1;2;0;7,5
Sud;Abruzzo;AQ;C492;0;4,8;0;1;2;7,8
Nord Ovest;Lombardia;SO;C493;1;3;1;0;0;5
Nord Est;Friuli- Venezia Giulia;UD;C494;0;1;1;2;3;7
Sud;Campania;NA;C495;6,5;13,86;27,84;9,51;6,78;64,49
Isole;Sicilia;PA;C496;2;3,8;4;4,83;4;18,63
Nord Ovest;Piemonte;TO;C497;3,92;20;1;6;6;36,92
Nord Est;Veneto;VR;C498;5;29,66;32,5;32,83;78,17;178,16
Nord Est;Veneto;RO;C500;2;2;5,17;4,84;9;23,01
Nord Ovest;Lombardia;MN;C502;0;0;2;2;4,5;8,5
Nord Ovest;Piemonte;AL;C503;0;0;0;0;3;3
Nord Ovest;Piemonte;CN;C504;2;5;4;2;9;22
Nord Ovest;Piemonte;TO;C505;2,5;6;3;0;1;12,5
Nord Ovest;Lombardia;BG;C506;6;13;3;5,5;2,5;30
Nord Ovest;Piemonte;AL;C507;0;0;0;0;1;1
Nord Ovest;Lombardia;PV;C508;1;2;2;2;0;7
Nord Ovest;Lombardia;PV;C509;0;1;0;0;2;3
Nord Ovest;Liguria;SV;C510;89,33;91,84;16,04;4;7;208,21
Nord Ovest;Liguria;IM;C511;4;8;2;1;4;19
Nord Ovest;Lombardia;MB;C512;1;31;20,5;14;6;72,5
Nord Est;Emilia-Romagna;PC;C513;0,5;0;1;1;0;2,5
Sud;Puglia;FG;C514;71,26;107,97;91,33;92;49,33;411,89
Sud;Calabria;CS;C515;2;0;4;3;2;11
Nord Ovest;Lombardia;CO;C516;1;19;36;11;22,5;89,5
Sud;Abruzzo;TE;C517;1;0;0;0;4;5
Centro;Lazio;RM;C518;2;3;1;1,5;1;8,5
Nord Ovest;Lombardia;CO;C520;8,04;18;14,5;5,5;8,17;54,21
Nord Ovest;Lombardia;LC;C521;0;9;24;5,08;8,66;46,74
Nord Ovest;Lombardia;MI;C523;20,5;140,33;157,84;130;62,85;511,52
Centro;Marche;AN;C524;0;1;5;5;8;19
Sud;Campania;BN;C525;4,25;5,5;5;4,92;4;23,67
Centro;Umbria;PG;C527;0;2;2;0;1;5
Nord Ovest;Piemonte;AT;C528;0;1;0;0;3,5;4,5
Centro;Toscana;FI;C529;4,12;28,5;24,25;18;14;88,87
Nord Ovest;Piemonte;CN;C530;2;1;0;1;1;5
Nord Ovest;Piemonte;AL;C531;0;2;1;2;7;12
Nord Ovest;Piemonte;BI;C532;0;1;4;6;7,5;18,5
Nord Ovest;Piemonte;AT;C533;0;2;1;2,5;1,38;6,88
Sud;Molise;IS;C534;0;1;2;0;0;3
Nord Ovest;Lombardia;MI;C536;5;13;11;15;18,5;62,5
Nord Ovest;Lombardia;MI;C537;6;54,67;47,2;16,33;19;143,2
Nord Est;Veneto;VR;C538;0;13;11;3;10,4;37,4
Sud;Basilicata;PZ;C539;0;3;0;0;0;3
Centro;Toscana;FI;C540;2;46,66;53,74;26,45;32,65;161,5
Nord Ovest;Lombardia;PV;C541;7;36,5;19;5,5;14;82
Sud;Calabria;CZ;C542;0,22;0;4;1;1;6,22
Centro;Lazio;RM;C543;7;11,5;2,5;4;3;28
Nord Est;Veneto;PD;C544;0;5;10,5;7;8;30,5
Centro;Lazio;FR;C545;8;3;5,5;5,5;3,33;25,33
Nord Ovest;Piemonte;CN;C547;0;3;7;8;18,67;36,67
Nord Ovest;Piemonte;VC;C548;0;0;2;0;0;2
Nord Ovest;Lombardia;BS;C549;1;0;2;0;1;4
Nord Ovest;Piemonte;CN;C550;0,86;2;5,98;3;18,5;30,34
Nord Ovest;Lombardia;PV;C551;0;0;5;1,5;3;9,5
Centro;Lazio;RM;C552;75,85;204,94;128,38;63,25;67,01;539,43
Nord Est;Emilia-Romagna;RA;C553;75,42;240,62;125,25;52,75;40,16;534,2
Sud;Calabria;CS;C554;2;2;2;1;0,5;7,5
Nord Ovest;Lombardia;LO;C555;3;17;15;4;13;52
Sud;Campania;AV;C557;9;5;3,11;12,47;18,68;48,26
Sud;Campania;CE;C558;4;2;2;1;7;16
Nord Ovest;Liguria;IM;C559;10;8,9;7;2;1;28,9
Sud;Calabria;CS;C560;0;4;0,67;2;1;7,67
Sud;Campania;CE;C561;1;7,26;31;12,13;12;63,39
Nord Ovest;Lombardia;LC;C563;0;1;2;3,42;2;8,42
Nord Ovest;Piemonte;TO;C564;60,35;42,51;9,5;6;3,5;121,86
Nord Ovest;Lombardia;MI;C565;16;135,56;52,25;10;4,33;218,14
Nord Ovest;Lombardia;MB;C566;35;142,21;160,49;53,13;42,02;432,85
Nord Ovest;Piemonte;VB;C567;0;1,5;0;0;1;2,5
Isole;Sicilia;ME;C568;2;0;4;2,67;0,5;9,17
Nord Ovest;Lombardia;MI;C569;7,5;58,5;47,1;29,89;18,91;161,9
Nord Est;Emilia-Romagna;FO;C573;45,46;206,97;240,65;137,77;196,47;827,32
Nord Est;Emilia-Romagna;FO;C574;92,93;140,23;92,5;53,92;48,58;428,16
Sud;Campania;AV;C576;0;2;4;2;7;15
Nord Est;Veneto;BL;C577;3;5,83;9,33;4,75;14;36,91
Nord Ovest;Liguria;IM;C578;1;0;0;1;0;2
Nord Est;Veneto;TV;C580;1;10;8;10,02;8;37,02
Sud;Calabria;VV;C581;0;1;0;2;0;3
Centro;Marche;MC;C582;0;1;0;1;4;6
Nord Ovest;Piemonte;AT;C583;0;0;0;1;2;3
Sud;Campania;SA;C584;3;3;0;0,33;0;6,33
Nord Ovest;Lombardia;BS;C585;1;3;2,25;0,25;4;10,5
Centro;Toscana;SI;C587;1;2;4;3;7;17
Sud;Calabria;CS;C588;2;11,5;6,56;13,45;2;35,51
Nord Ovest;Piemonte;CN;C589;1;13;15;7;18;54
Nord Ovest;Lombardia;BS;C591;2;2;2;1;3;10
Nord Ovest;Valle d'Aosta;AO;C593;4;5;2;1;0;12
Nord Ovest;Valle d'Aosta;AO;C594;5;1;0;0;1;7
Nord Ovest;Valle d'Aosta;AO;C595;0;1;0;0;1;2
Nord Ovest;Valle d'Aosta;AO;C596;1;0;1;0;1;3
Nord Ovest;Valle d'Aosta;AO;C598;1;5,5;3,8;3;4;17,3
Nord Ovest;Piemonte;CN;C599;7;23;21,33;13,83;43;108,16
Isole;Sardegna;SS;C600;0;0;0;0;0;0
Nord Ovest;Piemonte;TO;C604;1;11,67;4,01;1,33;1;19,01
Nord Est;Veneto;VI;C605;1;15;26,67;16;22,5;81,17
Sud;Campania;AV;C606;1;0;1;0;1;3
Centro;Toscana;SI;C608;3;17,84;18,17;8;7,67;54,68
Centro;Toscana;PI;C609;2;5;4,5;5,05;5,03;21,58
Nord Ovest;Piemonte;TO;C610;0;3,67;2;1,67;0,67;8,01
Isole;Sicilia;RG;C612;5,75;25,68;12,4;12,83;9,17;65,83
Isole;Sardegna;SS;C613;1,5;3;0;0;8;12,5
Nord Est;Veneto;TV;C614;1;4,5;8,83;5,33;8,5;28,16
Centro;Marche;AN;C615;5;41,31;49;25;15,25;135,56
Sud;Calabria;CZ;C616;4;3;1;3;5;16
Nord Ovest;Lombardia;BS;C618;13,5;43,34;69,67;41,42;57,17;225,1
Sud;Basilicata;PZ;C619;0;8;2;1;1;12
Sud;Molise;IS;C620;0;0;0;0;1;1
Nord Ovest;Liguria;GE;C621;22,85;132,42;111,73;48,92;19,67;335,59
Nord Ovest;Lombardia;SO;C623;9;33;27;6,5;11,33;86,83
Nord Ovest;Piemonte;TO;C624;0;4;0;1,17;16;21,17
Nord Ovest;Piemonte;TO;C627;14,92;129,26;122,75;66,1;62,09;395,12
Nord Ovest;Lombardia;SO;C628;15,1;37,1;7,17;1,33;3,66;64,36
Nord Ovest;Piemonte;TO;C629;1;0,5;0;0,5;2;4
Nord Est;Veneto;BL;C630;1,5;2;3;2;1,65;10,15
Centro;Toscana;PT;C631;1;6,17;5;11;13,53;36,7
Sud;Abruzzo;CH;C632;18,16;97,79;97,36;69,84;60,78;343,93
Sud;Puglia;FG;C633;1;8,5;1;0;1,25;11,75
Nord Ovest;Lombardia;CR;C634;0;6;2;2;5;15
Nord Ovest;Lombardia;BG;C635;0,06;6,75;7;12,25;2,25;28,31
Nord Ovest;Lombardia;PV;C637;0;3;8,5;10;16;37,5
Nord Est;Veneto;VE;C638;124,05;213,63;181,51;95,5;48,87;663,56
Nord Ovest;Piemonte;TO;C639;19,33;14,17;4,5;4,5;5;47,5
Nord Est;Friuli- Venezia Giulia;PN;C640;0;5;9;6;16,13;36,13
Centro;Toscana;AR;C648;0;4,5;2,97;1;3;11,47
Nord Ovest;Lombardia;BG;C649;0;13,22;27;13,5;13,25;66,97
Nord Est;Veneto;VI;C650;0;3,33;5;2;10,55;20,88
Nord Ovest;Lombardia;SO;C651;0;3;1,5;2,33;3;9,83
Nord Ovest;Piemonte;CN;C653;3;16,34;3;5,5;11;38,84
Isole;Sicilia;PA;C654;0;0;3;7;8;18
Nord Ovest;Piemonte;TO;C655;3;2;3;3,75;0;11,75
Nord Est;Friuli- Venezia Giulia;UD;C656;8,85;4,24;6;3;2;24,09
Nord Ovest;Liguria;IM;C657;0;1;4;0,5;2;7,5
Nord Ovest;Piemonte;AT;C658;0;0;0;1;2;3
Sud;Campania;AV;C659;0;7;3;0;2;12
Nord Ovest;Liguria;IM;C660;0;1;1;2;0;4
Centro;Toscana;SI;C661;1;7;6;4;3,22;21,22
Centro;Toscana;SI;C662;4;8,67;24,5;9,5;16,84;63,51
Centro;Toscana;AR;C663;1;1;5,78;4;7;18,78
Nord Ovest;Piemonte;TO;C665;5;109;109,17;37;41,67;301,84
Isole;Sicilia;AG;C668;1;3,8;5;5,83;4,66;20,29
Nord Est;Emilia-Romagna;RE;C669;1;4;10;10,5;16;41,5
Nord Est;Veneto;TV;C670;1,1;3,5;5;17;20,09;46,69
Nord Est;Veneto;BL;C672;3,67;4;0;0;0;7,67
Nord Ovest;Liguria;GE;C673;0;3;1;1;3,5;8,5
Sud;Calabria;CZ;C674;1;1;1,5;2;0;5,5
Sud;Campania;NA;C675;3;7,67;13,33;10,62;16;50,62
Sud;Campania;SA;C676;1;2;2;0;2;7
Centro;Lazio;RM;C677;3,33;0;1;1;0;5,33
Nord Ovest;Lombardia;CR;C678;0;3,5;1;0;0;4,5
Nord Ovest;Piemonte;TO;C679;0;0;0;0;1;1
Nord Ovest;Piemonte;VC;C680;0;2;4;8;12;26
Nord Ovest;Piemonte;CN;C681;0;1;1;0;1;3
Nord Ovest;Lombardia;PV;C684;0;1;7,5;1,5;4;14
Nord Ovest;Lombardia;BS;C685;0;1;3,42;2,17;4,24;10,83
Nord Ovest;Lombardia;PV;C686;0;14;19;13;12,83;58,83
Nord Est;Veneto;TV;C689;0;5;3,83;4;9,63;22,46
Nord Ovest;Lombardia;BS;C691;1;1,75;0;2;1;5,75
Sud;Calabria;RC;C695;0;0;0;0;0;0
Isole;Sicilia;PA;C696;0;0;4;4;9;17
Sud;Campania;NA;C697;2;6,21;8;8,5;7,33;32,04
Nord Ovest;Lombardia;BS;C698;0;0;1;3;3;7
Nord Est;Friuli- Venezia Giulia;PN;C699;0;0;0;1;1;2
Nord Ovest;Piemonte;AT;C701;1;2;1;0;4;8
Centro;Lazio;RM;C702;0;1;0;2;0;3
Nord Ovest;Lombardia;CR;C703;0;0;0;0;9;9
Centro;Marche;MC;C704;0;6;13;20,5;27;66,5
Centro;Toscana;GR;C705;3;10,17;2;2;6;23,17
Nord Ovest;Lombardia;MI;C707;138,83;380,61;151,33;50,5;24,72;745,99
Isole;Sicilia;PA;C708;2;10,5;21;18,87;18,63;71
Nord Ovest;Lombardia;SO;C709;0;0,5;2;0;0;2,5
Sud;Calabria;RC;C710;5;5;4;3;1;18
Nord Ovest;Piemonte;TO;C711;0;0;1;0;1;2
Nord Est;Veneto;PD;C713;0;2;0;2,5;3;7,5
Nord Est;Veneto;VE;C714;0;0;5;3,42;11;19,42
Nord Ovest;Piemonte;TO;C715;0;0;1;0,67;2,84;4,51
Sud;Campania;CE;C716;0;0;1;0;0;1
Nord Ovest;Liguria;IM;C718;8,25;10;8;3,33;1;30,58
Sud;Campania;BN;C719;2;1;0;1;4,89;8,89
Nord Ovest;Piemonte;TO;C722;7,33;58,18;59,49;27,06;35,06;187,12
Sud;Basilicata;MT;C723;0;0;0;0;0;0
Nord Ovest;Lombardia;CO;C724;0;4,5;3;4;7;18,5
Sud;Calabria;KR;C725;6;3;4;1;2;16
Sud;Calabria;KR;C726;7;22;28,25;11,33;7;75,58
Nord Ovest;Lombardia;BG;C728;0;6;18,01;17,25;6,75;48,01
Nord Ovest;Liguria;SV;C729;10;11;0;2;6;29
Nord Ovest;Lombardia;BG;C730;2;12;23;14,11;9,5;60,61
Nord Ovest;Lombardia;VA;C732;5;30;35;20,67;31,53;122,2
Nord Ovest;Lombardia;MI;C733;0;26;28,01;18,72;18,33;91,06
Nord Est;Veneto;TV;C735;3;6,23;8;7,5;17,99;42,72
Nord Ovest;Piemonte;CN;C738;0;0;2;2;1;5
Nord Ovest;Piemonte;AT;C739;0;2;1;1;4;8
Centro;Lazio;LT;C740;39;60,95;71,5;42,07;36,28;249,8
Sud;Puglia;BR;C741;10,5;27,53;20,66;26,5;14;99,19
Centro;Umbria;PG;C742;2;1;4;3;10,67;20,67
Nord Est;Veneto;PD;C743;2;23;33,08;38;62,25;158,33
Centro;Umbria;PG;C744;3;10;14;18;22;67
Centro;Umbria;PG;C745;14;63;93,18;81,65;59,31;311,14
Centro;Lazio;RI;C746;4,5;8,5;6,5;12,5;8,67;40,67
Sud;Calabria;RC;C747;6,67;8,5;7;10;9,17;41,34
Centro;Lazio;RI;C749;0;1;1;0;0;2
Sud;Abruzzo;PE;C750;8,67;22;36,75;16,33;27,33;111,08
Nord Ovest;Lombardia;VA;C751;0;8;10,5;7;8;33,5
Nord Ovest;Lombardia;LC;C752;1,5;9;7,4;5,5;6,5;29,9
Nord Ovest;Liguria;IM;C755;2;3;3;3;1;12
Nord Ovest;Piemonte;VC;C757;0;0;0;1,5;1;2,5
Nord Est;Friuli- Venezia Giulia;UD;C758;1;14;31,67;29,34;46,83;122,84
Nord Ovest;Lombardia;BG;C759;0,25;8;15,25;6;8,5;38
Nord Ovest;Lombardia;BS;C760;0;3;4;7;2;16
Sud;Calabria;CS;C763;0;1;1;0;2;4
Sud;Molise;CB;C764;0;1;1;0;0;2
Centro;Lazio;VT;C765;7,88;33,23;26,19;16,28;15,87;99,45
Sud;Abruzzo;AQ;C766;0;1;2;1;0;4
Centro;Lazio;RM;C767;3,1;33;21;6;14,5;77,6
Sud;Abruzzo;CH;C768;0;1;0;0;2;3
Sud;Molise;IS;C769;0;1;0;2;0;3
Centro;Marche;MC;C770;49,04;168,22;142,1;79,14;68,07;506,57
Sud;Abruzzo;PE;C771;1;1;0;1;2;5
Sud;Molise;CB;C772;0;0;0;0;0;0
Centro;Lazio;RM;C773;25,5;126,98;180,46;83,38;44,21;460,53
Centro;Toscana;AR;C774;4,34;18;8;7,16;19;56,5
Sud;Abruzzo;CH;C776;0;0;2;1;2,5;5,5
Nord Est;Emilia-Romagna;FO;C777;0;7;4,44;7,56;8,63;27,63
Sud;Abruzzo;AQ;C778;1;7;1;1;2;12
Sud;Abruzzo;PE;C779;0,75;2,75;2;1;6;12,5
Centro;Lazio;VT;C780;1;2;2;1;7,5;13,5
Sud;Abruzzo;TE;C781;0;1;3,5;2,67;8,2;15,37
Centro;Toscana;GR;C782;4;7,55;8,5;5;1,17;26,22
Sud;Abruzzo;AQ;C783;0;0;5;3;2;10
Centro;Lazio;RM;C784;2;7;2;1;3;15
Nord Ovest;Lombardia;SO;C785;18,5;12;5,75;3;0;39,25
Nord Ovest;Lombardia;CO;C787;0;0;1;0;2,5;3,5
Nord Ovest;Lombardia;BG;C789;0;0,25;3;1;2;6,25
Nord Est;Friuli- Venezia Giulia;PN;C790;1,13;0;0;2,25;4,25;7,63
Nord Est;Friuli- Venezia Giulia;PN;C791;0;2,5;2;3;5;12,5
Nord Ovest;Piemonte;CN;C792;0;1;2;3;2;8
Nord Ovest;Piemonte;TO;C793;10;7,67;2;0;0;19,67
Sud;Calabria;CS;C795;1;0;0;0;4;5
Nord Ovest;Lombardia;VA;C796;0;6;2;7;4,5;19,5
Nord Ovest;Lombardia;BG;C800;9,33;40,2;34,49;10;5;99,02
Nord Ovest;Piemonte;TO;C801;1;2;5;3;12,5;23,5
Nord Ovest;Piemonte;TO;C803;13,33;21,83;19,5;4;7,5;66,16
Nord Ovest;Piemonte;AT;C804;0;0;0;0;1;1
Nord Ovest;Lombardia;BS;C806;2;16;38;18,17;32,74;106,91
Nord Ovest;Piemonte;AT;C807;1;3;4;1;5;14
Nord Ovest;Lombardia;VA;C810;4;8,5;10,83;11,33;12;46,66
Sud;Abruzzo;AQ;C811;2;0;0;1;0;3
Nord Est;Veneto;PD;C812;0;10,33;8,83;16,5;17,1;52,76
Nord Ovest;Lombardia;PV;C813;0;0;2;3;5;10
Nord Est;Emilia-Romagna;FE;C814;5,17;21,14;25,33;27,17;21,83;100,64
Nord Est;Veneto;TV;C815;0;8;5;8,38;12,8;34,18
Nord Ovest;Lombardia;LO;C816;7;54,45;55,17;22;25,17;163,79
Nord Est;Friuli- Venezia Giulia;UD;C817;2;24;26,5;24,41;45,74;122,65
Isole;Sardegna;SS;C818;0;1,32;0;0;1;2,32
Nord Ovest;Piemonte;BI;C819;0;1,5;2;2;2,5;8
Nord Ovest;Lombardia;MB;C820;1;23;29,5;19;23;95,5
Nord Ovest;Valle d'Aosta;AO;C821;4;13,5;4;2;1;24,5
Nord Ovest;Liguria;GE;C823;13;55;25,67;9,5;4,13;107,3
Nord Est;Veneto;VI;C824;0;3,83;7;5,16;6,84;22,83
Nord Ovest;Liguria;GE;C826;0;12,17;21;10,25;8;51,42
Nord Ovest;Piemonte;NO;C829;4;5,67;1,5;0;0;11,17
Nord Ovest;Lombardia;BG;C835;3;4,75;3,25;0;0;11
Centro;Lazio;FR;C836;0;2;1,5;0;1;4,5
Nord Est;Emilia-Romagna;PC;C838;2;10;11,83;3,5;1,5;28,83
Nord Ovest;Lombardia;LC;C839;8,5;55,17;41;14;13,25;131,92
Centro;Lazio;RI;C841;0;2;0;0;0;2
Sud;Abruzzo;AQ;C844;1;0;0;2;0;3
Centro;Umbria;PG;C845;0;0;3,5;1;9;13,5
Sud;Campania;BN;C846;0;3;0;1;2,5;6,5
Centro;Toscana;SI;C847;13;70,6;68,44;39,45;26,5;217,99
Nord Est;Veneto;TV;C848;0;9;10;8;16;43
Nord Ovest;Lombardia;BS;C850;1;4,5;11,5;8;9,5;34,5
Nord Ovest;Lombardia;LC;C851;3;3,44;4;1;7;18,44
Nord Est;Emilia-Romagna;PR;C852;7,5;57,5;55;21,5;23,25;164,75
Sud;Abruzzo;PE;C853;1;2;5;4,67;5;17,67
Sud;Molise;CB;C854;0;0;1;0;0;1
Sud;Abruzzo;CH;C855;1;0;0;0;0;1
Sud;Abruzzo;CH;C856;0;0;1;0;0;1
Centro;Lazio;RI;C857;0;4;0,67;1;0;5,67
Centro;Lazio;RM;C858;1,5;48,47;43;31,07;22,5;146,54
Centro;Lazio;RI;C859;0;1;0;0;0;1
Nord Ovest;Piemonte;TO;C860;25,25;255,17;211,29;48,83;28;568,54
Sud;Abruzzo;AQ;C862;2,29;2;1;0,75;2;8,04
Centro;Lazio;FR;C864;4,5;2;0;1;2,5;10
Sud;Puglia;LE;C865;0;9;2;6;11;28
Sud;Abruzzo;AQ;C866;0;2;1;0;2;5
Nord Ovest;Piemonte;TO;C867;0;1;0;0;0;1
Nord Ovest;Piemonte;TO;C868;0;0;0;0,5;2;2,5
Centro;Toscana;LI;C869;7,5;44,77;59,84;43,83;35,06;191
Centro;Lazio;FR;C870;0;4;0;0;0,88;4,88
Isole;Sicilia;PA;C871;7,5;10;3,5;4;4;29
Sud;Molise;CB;C875;1;1;0;0,47;6;8,47
Centro;Lazio;RI;C876;1;5;4;5;4,6;19,6
Centro;Marche;AP;C877;1;1;6,5;2;6,83;17,33
Sud;Molise;IS;C878;0;0;2;1;0;3
Sud;Campania;SA;C879;0;2;1;1;2;6
Centro;Lazio;RI;C880;0;1;0;0;0;1
Isole;Sardegna;CA;C882;0;1;0;0;0;1
Nord Ovest;Lombardia;BS;C883;3;10;2,49;4;0,44;19,93
Nord Ovest;Piemonte;VC;C884;0;0;0;0;0;0
Nord Est;Friuli- Venezia Giulia;UD;C885;1;2;2;1;13,5;19,5
Centro;Marche;MC;C886;0;1;0;1;0;2
Sud;Basilicata;MT;C888;2;1;2;1;3;9
Nord Est;Veneto;VR;C890;4;12,67;24;13;50;103,67
Nord Ovest;Lombardia;BS;C893;1;16,5;18,5;11,5;17,17;64,67
Nord Ovest;Lombardia;BG;C894;8;20,17;20;23,85;16,33;88,35
Nord Ovest;Lombardia;MI;C895;60,25;306,06;148,28;50,4;27,94;592,93
Nord Est;Veneto;VR;C897;4,25;27,22;25;13,5;24,8;94,77
Centro;Lazio;RM;C900;3;9,92;3;7,5;5;28,42
Sud;Abruzzo;TE;C901;2;3;6;2,5;6;19,5
Nord Ovest;Lombardia;CO;C902;2;0;1;0;1;4
Nord Ovest;Lombardia;SO;C903;1;3;1;1;1;7
Nord Est;Emilia-Romagna;PR;C904;1,05;19,5;21,33;8,5;25,5;75,88
Sud;Calabria;CS;C905;0;1;0;1;0;2
Nord Ovest;Lombardia;MI;C908;0;10;15,76;4,5;2,5;32,76
Nord Ovest;Lombardia;BG;C910;3;4;4;1,5;1;13,5
Nord Ovest;Lombardia;VA;C911;1,5;4;1,5;3;3,5;13,5
Nord Est;Emilia-Romagna;FE;C912;275,03;484,54;96,98;36,9;39,23;932,68
Centro;Toscana;MS;C914;0;1;4;2;2,5;9,5
Nord Ovest;Lombardia;LO;C917;1;17;8;6;3,5;35,5
Nord Est;Friuli- Venezia Giulia;UD;C918;1;3,5;2;1,17;0;7,67
Nord Est;Veneto;BL;C919;5,5;15;10;0;1;31,5
Nord Est;Veneto;BL;C920;6;11,98;14,67;9;2,33;43,98
Nord Ovest;Lombardia;VA;C922;1,67;6;6;3;13,5;30,17
Nord Ovest;Lombardia;BS;C925;1;12;7;10;12;42
Nord Ovest;Piemonte;NO;C926;0;0;3;7;4;14
Isole;Sicilia;RG;C927;15,67;36,01;39,75;41,19;37,96;170,58
Isole;Sicilia;AG;C928;0;0;1;1;3;5
Sud;Campania;NA;C929;1;0;0;1;2,33;4,33
Nord Ovest;Lombardia;MN;C930;0;0;0;1;5,98;6,98
Nord Ovest;Lombardia;CO;C933;76,88;337,01;260,1;136,67;148,72;959,38
Nord Est;Emilia-Romagna;PR;C934;0;3;0;5;2;10
Centro;Marche;AP;C935;0;5;4,5;6;2,5;18
Nord Ovest;Lombardia;CO;C936;4,75;6,75;6;5,16;7;29,66
Nord Ovest;Lombardia;BG;C937;1;16;11;6,78;7,34;42,12
Nord Est;Veneto;VE;C938;0;3;3;3,58;3;12,58
Sud;Campania;CE;C939;1;1;0;0;5;7
Sud;Campania;SA;C940;0;1,02;2;1;2;6,02
Sud;Molise;IS;C941;2;1;3;0;0;6
Nord Est;Veneto;VR;C943;0;1,5;0;0;5,5;7
Centro;Lazio;RI;C946;1;1,5;1,5;1;1,88;6,88
Nord Ovest;Lombardia;BS;C948;5;41;46,64;31,5;36,84;160,98
Nord Est;Veneto;VE;C950;0;10;28,28;10;23,25;71,53
Nord Est;Emilia-Romagna;MO;C951;1;8,5;20,5;6;17;53
Nord Ovest;Lombardia;MB;C952;18;61,38;73,18;29,5;18,19;200,25
Sud;Calabria;RC;C954;0;2;4;2,66;1,33;9,99
Nord Ovest;Piemonte;TO;C955;6,5;21,67;23,5;14,5;10,83;77
Isole;Sicilia;ME;C956;3;0;0;1;1;5
Nord Est;Veneto;TV;C957;11;69,53;122;81,84;81;365,37
Nord Ovest;Lombardia;PV;C958;0;3;3;2;3,17;11,17
Centro;Lazio;RI;C959;0,5;1;2,5;0;4;8
Sud;Calabria;CZ;C960;0;1;1,75;0;0;2,75
Nord Ovest;Piemonte;AL;C962;0;0;1;2;3;6
Nord Est;Emilia-Romagna;RA;C963;2;13,35;25;18,61;53,92;112,88
Nord Est;Veneto;PD;C964;2;19,75;27,33;23,5;38,25;110,83
Isole;Sicilia;PA;C968;0;0;0;7;3,33;10,33
Centro;Lazio;RI;C969;1;2;5;3;9;20
Sud;Campania;AV;C971;0;3;0;4;5;12
Sud;Abruzzo;TE;C972;1;0;1;4;4,01;10,01
Sud;Campania;SA;C973;1;0;2;0;0;3
Sud;Campania;SA;C974;1;4;5;2;0;12
Sud;Puglia;BA;C975;23;49;89,65;62;31,83;255,48
Sud;Campania;AV;C976;1;1;1;3;6;12
Nord Ovest;Piemonte;AL;C977;3;0;0;3;14;20
Sud;Puglia;LE;C978;6;7,75;13,75;22,25;27,75;77,5
Nord Ovest;Lombardia;PV;C979;1;4;2;0,89;3,78;11,67
Nord Est;Emilia-Romagna;FE;C980;1;31;43;31,67;42,68;149,35
Nord Ovest;Lombardia;PV;C982;0;0;0;1;0;1
Sud;Puglia;BA;C983;61,35;117,03;121,67;72,5;51,75;424,3
Sud;Campania;SA;C984;2;3;3,17;1;1;10,17
Nord Ovest;Lombardia;MI;C986;13;108,1;88,63;31,72;43;284,45
Nord Est;Veneto;RO;C987;0;2,5;3,5;6;3;15
Centro;Lazio;VT;C988;0;4;2,5;5;3,67;15,17
Centro;Umbria;PG;C990;7,5;63,5;66,99;52,33;49,25;239,57
Nord Est;Friuli- Venezia Giulia;PN;C991;5;32,5;22;35,33;82,8;177,63
Nord Est;Veneto;TV;C992;2;15;16;6;15,22;54,22
Nord Est;Friuli- Venezia Giulia;PN;C993;1;11;2;0;6,5;20,5
Nord Ovest;Liguria;GE;C995;0;0;0;1;1;2
Centro;Toscana;LU;C996;2,83;9;5,5;8;14,16;39,49
Centro;Lazio;FR;C998;0;1;1;0;0;2
Sud;Abruzzo;AQ;C999;1;1;1;0,11;0;3,11
Centro;Lazio;LT;D003;10;17;16;8,5;3;54,5
Nord Est;Emilia-Romagna;RN;D004;4,25;26;8,5;9,39;19,91;68,05
Sud;Puglia;LE;D006;4;7;0;7;8;26
Centro;Marche;AN;D007;0;4;6;7;10,95;27,95
Nord Ovest;Piemonte;TO;D008;10;21;8;2,17;15,5;56,67
Isole;Sicilia;PA;D009;6,83;5;8,89;15,5;11,5;47,72
Sud;Basilicata;PZ;D010;7;8;3;2;3,5;23,5
Sud;Campania;SA;D011;0;0;0;0;2;2
Nord Ovest;Valle d'Aosta;AO;D012;18,09;46,39;15;9,78;10;99,26
Nord Ovest;Lombardia;MI;D013;23;123;55,4;22;20,4;243,8
Nord Ovest;Lombardia;BG;D015;1;4;4;0;0,5;9,5
Nord Ovest;Lombardia;BG;D016;2;7;1;0;1;11
Nord Ovest;Lombardia;MI;D018;32;106,6;103,67;35,11;21;298,38
Nord Ovest;Lombardia;MB;D019;8;42;45,5;20;18,67;134,17
Nord Est;Veneto;VI;D020;3,5;5;20,5;20,5;36,5;86
Nord Ovest;Lombardia;LO;D021;2,5;5,5;19;8,5;4;39,5
Nord Ovest;Piemonte;CN;D022;1;2;9;7;9;28
Centro;Lazio;VT;D024;14,42;103,68;73,08;35,5;28,5;255,18
Nord Est;Emilia-Romagna;PR;D026;8,5;5,72;7;4,08;12,88;38,18
Nord Est;Friuli- Venezia Giulia;UD;D027;1;2;4;3;12,49;22,49
Nord Ovest;Lombardia;LO;D028;1;0;2,4;2;0;5,4
Nord Ovest;Lombardia;LO;D029;0;0;1,5;3,35;1;5,85
Nord Est;Veneto;TV;D030;1;11;9;4;21,17;46,17
Nord Ovest;Lombardia;MI;D033;0;0;1;1;1;3
Nord Est;Emilia-Romagna;RE;D037;6,5;62;93;32,34;63,32;257,16
Nord Ovest;Lombardia;MB;D038;4;40,5;19;5;9,22;77,72
Nord Est;Veneto;PD;D040;1;4;5;6,5;6,2;22,7
Nord Ovest;Lombardia;CO;D041;2;4;0;1;1;8
Centro;Marche;MC;D042;1;14,26;27;18,9;15,41;76,57
Sud;Abruzzo;TE;D043;0;6;10,5;3;6;25,5
Sud;Puglia;LE;D044;2;2;2;2;3,33;11,33
Nord Ovest;Lombardia;MI;D045;51,5;243,25;107,63;17;14,17;433,55
Nord Ovest;Piemonte;AT;D046;0;0;0;0;1,5;1,5
Sud;Calabria;CZ;D049;2;1;1,33;1,89;0;6,22
Nord Ovest;Piemonte;AT;D050;0;0;0;0;0;0
Nord Ovest;Piemonte;AT;D051;0;0;0;0;0;0
Nord Ovest;Piemonte;AT;D052;2;1;1;1;9,5;14,5
Nord Est;Emilia-Romagna;PC;D054;0;2;0;0;3;5
Nord Ovest;Lombardia;CR;D056;0;1;0;4;8;13
Nord Ovest;Lombardia;CR;D057;0;0;0;3;4;7
Nord Ovest;Lombardia;BS;D058;2;23,5;17,5;15,33;14,5;72,83
Nord Est;Emilia-Romagna;PC;D061;1;4;5;6,33;7;23,33
Nord Ovest;Piemonte;CN;D062;2;0;5;5;9;21
Nord Ovest;Lombardia;BS;D064;42,5;63,5;9,16;3;1;119,16
Nord Ovest;Lombardia;LC;D065;1;2;0,33;0;2;5,33
Nord Ovest;Lombardia;BG;D066;0;2;1;5;2,56;10,56
Nord Ovest;Lombardia;LO;D068;1;3;3;1;3;11
Nord Ovest;Piemonte;AT;D072;0;0;0;0;4;4
Sud;Abruzzo;TE;D076;0;0;0;0;0;0
Centro;Toscana;AR;D077;13;45,5;37,83;32;48,35;176,68
Sud;Abruzzo;PE;D078;0;0;0;0;0,67;0,67
Nord Ovest;Lombardia;PV;D081;0;3;1;0;2,33;6,33
Nord Ovest;Lombardia;BS;D082;0;0;2,5;3,01;3,5;9,01
Nord Est;Friuli- Venezia Giulia;UD;D085;0;1;1,72;1;8,5;12,22
Sud;Calabria;CS;D086;32,13;106,61;149,41;109,08;97,25;494,48
Nord Ovest;Liguria;IM;D087;0;0;0;0;0;0
Nord Ovest;Lombardia;SO;D088;1,33;13;12,67;2;7;36
Sud;Calabria;RC;D089;1;5;0;0;1;7
Nord Ovest;Piemonte;TO;D092;0;0;0;0;1;1
Nord Ovest;Piemonte;CN;D093;0;0;1;1;4,79;6,79
Nord Ovest;Piemonte;BI;D094;3;40;36,33;27,5;32,9;139,73
Nord Ovest;Liguria;SV;D095;1;1;2;2,5;3;9,5
Centro;Marche;AP;D096;0;0;1;0;0;1
Nord Ovest;Piemonte;VB;D099;2;6;1,5;3;4;16,5
Isole;Sardegna;SS;D100;0;0;1;1,86;0;2,86
Nord Ovest;Piemonte;AT;D101;0;0;1;1;4;6
Nord Ovest;Piemonte;AL;D102;0;0;0;0;0;0
Nord Ovest;Lombardia;BG;D103;0;2,34;0;0;0,59;2,93
Nord Est;Veneto;RO;D105;0;4;2;3,5;7,61;17,11
Nord Est;Veneto;VI;D107;7;17;21;11;26,9;82,9
Centro;Umbria;PG;D108;0;1;0;0,5;4;5,5
Nord Ovest;Lombardia;PV;D109;0;0;1;0;1;2
Nord Ovest;Lombardia;BG;D110;0;5;7,5;4,5;1;18
Nord Ovest;Lombardia;BG;D111;10,25;10,67;1,42;2;2;26,34
Nord Ovest;Lombardia;LC;D112;0;7;15,84;5;6,5;34,34
Nord Ovest;Piemonte;VC;D113;1;0;1;3;2,5;7,5
Nord Ovest;Liguria;IM;D114;5,5;18;5;2;0;30,5
Nord Ovest;Lombardia;BG;D117;4;24,5;20,03;20,17;15,93;84,63
Nord Est;Veneto;VR;D118;1;25,5;32,1;9,75;14,6;82,95
Nord Ovest;Piemonte;AT;D119;0;7,6;14,67;7,5;26,96;56,73
Nord Ovest;Piemonte;CN;D120;0;12;8;5,5;2,5;28
Nord Est;Emilia-Romagna;RA;D121;0;11;11;15,9;18;55,9
Sud;Calabria;KR;D122;36;71,82;93,53;76,92;59,86;338,13
Sud;Calabria;KR;D123;15,5;15;8,5;6;12,88;57,88
Centro;Lazio;RI;D124;1;1;3;1;3;9
Nord Ovest;Lombardia;BG;D126;0;8;26;9;8;51
Nord Ovest;Lombardia;PV;D127;0;0;1;0;7;8
Sud;Basilicata;MT;D128;0;1;0;2;0;3
Nord Ovest;Lombardia;LC;D131;0;2;2,17;0;2;6,17
Nord Ovest;Piemonte;VC;D132;2;0;3,67;2;3;10,67
Nord Ovest;Piemonte;CN;D133;0;1;1;2;5;9
Nord Ovest;Piemonte;VB;D134;6,67;12,17;6;2;4,67;31,51
Nord Est;Veneto;VI;D136;4;15;49,02;14,5;38,12;120,64
Sud;Abruzzo;CH;D137;0;0;0;0;5;5
Nord Ovest;Lombardia;BG;D139;2;7;12,61;5;2,11;28,72
Nord Ovest;Lombardia;CR;D141;0;0;2;3;2;7
Nord Ovest;Lombardia;CR;D142;40;133,83;126,35;66,25;50,42;416,85
Nord Ovest;Lombardia;LC;D143;1;3;5;2;6;17
Nord Ovest;Lombardia;VA;D144;0,1;1,33;2;0;0;3,43
Nord Ovest;Lombardia;LC;D145;6;27,47;18,17;2;10;63,64
Nord Ovest;Lombardia;CO;D147;0;0;1;2;3;6
Nord Ovest;Piemonte;AL;D149;0;0;1;1;2;4
Nord Ovest;Lombardia;CR;D150;54,62;269,5;238,36;126,08;144,07;832,63
Nord Ovest;Lombardia;CR;D151;0;3;9;9;3;24
Nord Ovest;Piemonte;VC;D154;0;9;26,8;7,5;19,5;62,8
Nord Est;Veneto;VI;D156;1;1;4;2,64;1;9,64
Nord Ovest;Lombardia;LO;D159;1;10;2,5;3,11;3;19,61
Nord Est;Veneto;RO;D161;0;2;1;6;7,22;16,22
Nord Ovest;Piemonte;NO;D162;0;0;1,17;3;5,17;9,34
Nord Ovest;Piemonte;BI;D165;0;4;3;2,83;1;10,83
Nord Est;Emilia-Romagna;BO;D166;9,75;42;37,77;16,83;33,79;140,14
Nord Ovest;Piemonte;VB;D168;0;8;13,51;6;10,11;37,62
Sud;Campania;NA;D170;2;13,69;21,9;20,66;4,83;63,08
Sud;Puglia;TA;D171;4;12;30,17;21,06;12;79,23
Nord Ovest;Piemonte;CN;D172;13;9;0;4;0;26
Nord Ovest;Liguria;GE;D175;1;4;4;1;0;10
Nord Ovest;Piemonte;VB;D177;5,95;7;8,17;5,67;3;29,79
Sud;Abruzzo;TE;D179;1;3;0,5;0;1;5,5
Sud;Calabria;CS;D180;1;1;0;0;1;3
Sud;Calabria;CZ;D181;18;10,67;11;1;4;44,67
Sud;Calabria;CS;D184;5;14;8;9;13,25;49,25
Nord Ovest;Lombardia;VA;D185;0;1;1;0;1;3
Nord Ovest;Lombardia;CR;D186;0;1;1;0;1;3
Nord Ovest;Piemonte;VC;D187;0;1;2;1;0;4
Sud;Calabria;KR;D189;1;10,75;5;3;4;23,75
Nord Ovest;Lombardia;VA;D192;2;15;15,5;6;13;51,5
Nord Est;Veneto;VR;D193;1;13,78;15,5;10;21,64;61,92
Sud;Campania;SA;D195;0;0;0;0;0;0
Nord Ovest;Lombardia;CO;D196;1;2,5;11,54;1;5;21,04
Nord Ovest;Piemonte;TO;D197;0;0;1;2;3;6
Nord Ovest;Lombardia;MI;D198;6;27,18;33,5;10;23,5;100,18
Nord Ovest;Lombardia;VA;D199;0;4;7;3,34;8,17;22,51
Isole;Sardegna;OR;D200;5,5;4;7,84;0,83;11,08;29,25
Sud;Abruzzo;PE;D201;0;1;2;0;2;5
Nord Ovest;Piemonte;TO;D202;4;14;11;13;51,83;93,83
Nord Ovest;Lombardia;CR;D203;0;0;2;0,67;0;2,67
Nord Ovest;Lombardia;VA;D204;0;2,5;4,5;1;3;11
Nord Ovest;Piemonte;CN;D205;38,47;151,82;182,24;109,76;113,45;595,74
Nord Ovest;Piemonte;AT;D207;0;0;0;0;3;3
Nord Ovest;Piemonte;TO;D208;4;26;17,96;10,11;18,75;76,82
Sud;Abruzzo;CH;D209;2;2;10;8;10,67;32,67
Centro;Marche;AP;D210;9;20,25;12,5;7,52;1,75;51,02
Centro;Marche;AN;D211;1;3,08;11;4,5;15;34,58
Isole;Sardegna;OR;D214;0;0;0;0;1;1
Nord Ovest;Piemonte;NO;D216;0;2;2;10;12;26
Nord Ovest;Lombardia;VA;D217;1,89;0,5;0;0,5;0;2,89
Sud;Calabria;CZ;D218;0,8;0;1;3;3,6;8,4
Nord Ovest;Piemonte;BI;D219;0;3;1;1;3;8
Nord Ovest;Lombardia;BG;D221;2,5;26,08;34;12;7,5;82,08
Sud;Puglia;LE;D223;0;2;1;2;5,63;10,63
Nord Est;Veneto;PD;D226;0;20;16,5;13,89;23,8;74,19
Nord Ovest;Lombardia;MN;D227;3;46;44,55;19;42,5;155,05
Sud;Campania;CE;D228;1;2,67;8,16;6;10,04;27,87
Nord Ovest;Lombardia;MI;D229;4;25;22;23;17;91
Sud;Campania;BN;D230;5,1;5;2,25;1;7,14;20,49
Nord Ovest;Lombardia;MI;D231;12,58;95,02;66,84;29,67;17,55;221,66
Nord Ovest;Lombardia;CO;D232;1;2;1;0;0;4
Nord Ovest;Lombardia;BG;D233;3,6;3;2;0;3;11,6
Isole;Sicilia;TP;D234;2;7,95;5;5,33;4,83;25,11
Sud;Calabria;KR;D236;5,83;29;10,75;5,17;6,5;57,25
Sud;Puglia;LE;D237;6;24,42;17,28;5,47;8,25;61,42
Nord Ovest;Lombardia;VA;D238;7;7,25;6,5;10,38;11,78;42,91
Nord Ovest;Lombardia;VA;D239;0;6;9;3;5,5;23,5
Nord Ovest;Lombardia;MI;D244;0;14,5;16;8;16,33;54,83
Nord Ovest;Lombardia;BG;D245;23,1;76,25;91,94;37,35;36,33;264,97
Nord Est;Veneto;BL;D247;2;2;4;1;1;10
Nord Ovest;Lombardia;BS;D251;4;35;47,1;38,67;31;155,77
Sud;Calabria;VV;D253;0;5;0;1;2;8
Nord Ovest;Liguria;GE;D255;6;18;16;6,5;4;50,5
Nord Ovest;Lombardia;VA;D256;0;5;4;4;3;16
Sud;Calabria;CZ;D257;5;20;8,25;4,72;7;44,97
Nord Ovest;Lombardia;SO;D258;0;4;1;2;0;7
Isole;Sardegna;CA;D259;1;41;17,3;15,58;18,33;93,21
Isole;Sardegna;CA;D260;1;2,5;3,83;5;3;15,33
Sud;Calabria;CZ;D261;3;3;2,17;1;4,5;13,67
Nord Ovest;Liguria;SV;D264;3;1,5;0;4;3;11,5
Nord Ovest;Liguria;SP;D265;9;21;5,17;4;3;42,17
Nord Ovest;Lombardia;SO;D266;1;6;2,5;2,5;4,28;16,28
Isole;Sicilia;CL;D267;4;2,22;3,56;7;2;18,78
Sud;Calabria;RC;D268;0,44;3;1,5;0;5,5;10,44
Sud;Puglia;FG;D269;1;3;4,5;2;1;11,5
Nord Ovest;Lombardia;BS;D270;2;16;15,5;8;19,67;61,17
Nord Ovest;Piemonte;CN;D271;3,5;9,5;6;8;6,5;33,5
Nord Ovest;Piemonte;AL;D272;0;0;0;0;3;3
Nord Ovest;Piemonte;AL;D277;0;2;0;0;3;5
Nord Ovest;Lombardia;CR;D278;0;0;0;0;0,5;0,5
Centro;Umbria;PG;D279;5;12,5;28,5;16,39;19;81,39
Nord Ovest;Lombardia;LC;D280;7,5;17,89;6;1;5;37,39
Nord Ovest;Piemonte;VC;D281;0;2;3,5;2;10;17,5
Nord Ovest;Lombardia;BS;D284;56,93;193,99;134,87;61,5;72,92;520,21
Nord Ovest;Lombardia;MB;D286;32;185,55;144,75;40,61;31,5;434,41
Isole;Sardegna;NU;D287;0;1;1,09;1,09;0;3,18
Sud;Calabria;CS;D289;29,41;48,1;23;11,5;10;122,01
Sud;Calabria;CS;D290;0;0;0;1;2;3
Nord Ovest;Piemonte;CN;D291;1;0;7;2;11;21
Sud;Campania;SA;D292;0;1,83;3,2;2;7,67;14,7
Nord Ovest;Liguria;IM;D293;4,5;6,97;3;1,5;0;15,97
Nord Ovest;Liguria;IM;D296;10;16,33;5;2;5;38,33
Nord Ovest;Liguria;IM;D297;40,83;82,05;21,5;5;9;158,38
Nord Ovest;Liguria;IM;D298;2;4;2,5;4;1;13,5
Centro;Toscana;FI;D299;1;11,06;15;12,5;11,89;51,45
Nord Est;Friuli- Venezia Giulia;UD;D300;0;1;2,83;0,5;6;10,33
Sud;Calabria;VV;D303;4;0;2;1;1;8
Sud;Calabria;CS;D304;0;1;2;2;2;7
Sud;Puglia;LE;D305;2,25;5,25;7,25;4,25;6,17;25,17
Nord Ovest;Piemonte;NO;D309;0;0;1;1;3,82;5,82
Nord Ovest;Lombardia;CO;D310;1;4;2;0;1;8
Nord Ovest;Piemonte;CN;D314;2;14;10;4,5;16,61;47,11
Sud;Abruzzo;CH;D315;4,33;2;1,5;0;1;8,83
Nord Est;Friuli- Venezia Giulia;UD;D316;0;3;0;0;0,25;3,25
Nord Est;Veneto;VR;D317;0;10;8;3;3;24
Nord Ovest;Liguria;IM;D318;4,5;9,5;5;3,83;3,17;26
Nord Ovest;Liguria;IM;D319;5,25;6;5;6;6,75;29
Isole;Sardegna;CA;D323;3,5;7;19,87;19,9;17,92;68,19
Nord Est;Veneto;VE;D325;1,5;44,57;57,34;37,5;40,25;181,16
Nord Ovest;Lombardia;LC;D327;0;5;4;8,15;1;18,15
Sud;Calabria;CS;D328;0;1;2;0;2;5
Nord Ovest;Lombardia;CO;D329;6;8;2;1;2,53;19,53
Nord Est;Veneto;BL;D330;5;9,25;8,5;0;5;27,75
Sud;Campania;AV;D331;0;0;2,78;3;2;7,78
Nord Ovest;Piemonte;VB;D332;12,05;50,99;74,2;32,74;24;193,98
Isole;Sardegna;CA;D333;1;8;7;2;4;22
Isole;Sardegna;CA;D334;0;1;5;8,8;5,55;20,35
Nord Ovest;Valle d'Aosta;AO;D338;3;7;2;2;2;16
Nord Ovest;Piemonte;BI;D339;0;2;4;1;2,5;9,5
Nord Ovest;Lombardia;CO;D341;3;11;1,5;2,75;1,5;19,75
Isole;Sardegna;CA;D344;0;1;1,8;2;2;6,8
Isole;Sardegna;NU;D345;1;20,5;12;2,5;5;41
Nord Ovest;Lombardia;LC;D346;1;9;2,5;0;1,5;14
Nord Ovest;Piemonte;NO;D347;2;10;12;4;5;33
Nord Ovest;Lombardia;PV;D348;2;4;13;6;11,55;36,55
Nord Ovest;Piemonte;BI;D350;0;0;1;0;2,88;3,88
Nord Ovest;Lombardia;MN;D351;0;0;1;1;20,5;22,5
Nord Ovest;Lombardia;BG;D352;5;4;2;1;2,33;14,33
Nord Ovest;Lombardia;CO;D355;0;0;0;0;0;0
Nord Ovest;Valle d'Aosta;AO;D356;2;3;1;1;0;7
Nord Est;Emilia-Romagna;FO;D357;2;1,33;1;4;6;14,33
Nord Ovest;Lombardia;CR;D358;1;6,5;4,5;3;12,33;27,33
Nord Est;Emilia-Romagna;BO;D360;2;13,11;28;9,85;14;66,96
Sud;Campania;CE;D361;0;1;1,75;2,67;6;11,42
Sud;Calabria;VV;D364;2;4;1;3;3;13
Nord Est;Friuli- Venezia Giulia;UD;D366;0;0;0;0;0;0
Nord Ovest;Lombardia;MI;D367;0;17;20;5;9;51
Nord Ovest;Piemonte;CN;D372;11;20;9,83;8,98;14,17;63,98
Nord Ovest;Piemonte;TO;D373;2;54;36,47;10,5;21;123,97
Nord Ovest;Piemonte;VB;D374;2;5,67;2;1;2,34;13,01
Isole;Sardegna;NU;D376;0;0;1;0;1;2
Nord Ovest;Lombardia;SO;D377;0;4;9,66;5,83;2;21,49
Nord Est;Veneto;VI;D379;1;22;25,67;16,8;36,94;102,41
Sud;Campania;BN;D380;5;0;1;4;2,78;12,78
Nord Ovest;Lombardia;VA;D384;3,64;10;6,5;2;3,25;25,39
Nord Ovest;Lombardia;VA;D385;0;4;2;0;1;7
Sud;Campania;BN;D386;1;0;1;2,67;3;7,67
Nord Ovest;Piemonte;AT;D388;0;6;1;0;5;12
Sud;Campania;SA;D390;7,89;27,21;45,5;54,17;34,83;169,6
Nord Ovest;Lombardia;BS;D391;7;16;10,5;13,5;8,5;55,5
Sud;Abruzzo;PE;D394;1;2;1;1;2,5;7,5
Nord Ovest;Lombardia;LC;D398;0;1;4;0;2;7
Isole;Sardegna;CA;D399;2;36,5;48,17;25,25;13,5;125,42
Nord Ovest;Piemonte;CN;D401;1;0;0;1;0,16;2,16
Nord Ovest;Valle d'Aosta;AO;D402;1;1,5;1;0;0;3,5
Centro;Toscana;FI;D403;20;138,87;143,87;77,28;76,9;456,92
Nord Ovest;Lombardia;BG;D406;6;13;5,5;3,66;11;39,16
Nord Est;Veneto;VI;D407;3;9,5;9,75;7,67;6;35,92
Nord Est;Friuli- Venezia Giulia;UD;D408;1;0;1,5;1,5;6;10
Nord Ovest;Piemonte;CN;D410;9;13,5;6;2;4,5;35
Nord Ovest;Lombardia;BG;D411;1;3,5;2;3;6;15,5
Nord Ovest;Piemonte;CN;D412;1;4;5;1;5,5;16,5
Sud;Basilicata;PZ;D414;1;0;0;1;0;2
Nord Est;Veneto;VE;D415;33,25;62,34;33,5;21,18;26,13;176,4
Nord Ovest;Lombardia;CO;D416;4;51,5;40,95;24,34;21,33;142,12
Nord Est;Veneto;VR;D419;0;5;3;3;6;17
Nord Est;Veneto;VR;D420;3;12,5;0;1;2;18,5
Nord Ovest;Lombardia;BS;D421;5;23,33;17,58;19,34;22,75;88
Sud;Puglia;BR;D422;0;1;8,04;6;7,38;22,42
Isole;Sicilia;TP;D423;3;24,39;43,76;54,23;43,58;168,96
Nord Ovest;Liguria;SV;D424;1;1;0,5;0;1;3,5
Nord Est;Friuli- Venezia Giulia;PN;D426;0;0;4;2;1;7
Nord Ovest;Lombardia;LC;D428;0;1;1;0;0;2
Centro;Marche;MC;D429;0;1,95;3,33;2;2;9,28
Isole;Sardegna;NU;D430;0;0;0;2;1;3
Isole;Sardegna;NU;D431;0;0;0;0;0;0
Nord Ovest;Piemonte;TO;D433;6,25;3,25;1;2,94;0,25;13,69
Nord Ovest;Lombardia;BS;D434;1;16;14,5;6,75;16;54,25
Nord Ovest;Lombardia;LC;D436;0;2,5;1;0;2;5,5
Centro;Lazio;FR;D440;0;0;3;0;3,67;6,67
Isole;Sardegna;SS;D441;0;0;0;0;1;1
Nord Est;Veneto;PD;D442;7,57;48,3;62,63;34,69;46,73;199,92
Isole;Sardegna;NU;D443;0;0;0;0;1;1
Nord Ovest;Valle d'Aosta;AO;D444;2;2;3;2;3;12
Nord Ovest;Lombardia;CO;D445;0;4;4,5;3,63;5,13;17,26
Nord Ovest;Piemonte;AL;D447;6;9;3;3;2;23
Nord Est;Emilia-Romagna;RE;D450;2;15,5;21,63;6,5;21,13;66,76
Centro;Marche;AN;D451;10;39,5;66,3;38,33;38;192,13
Centro;Lazio;VT;D452;5;25;21,5;15,5;11;78
Sud;Calabria;VV;D453;2,17;3,17;1;1;4;11,34
Centro;Umbria;TR;D454;0;2,5;2,5;6,67;2,5;14,17
Nord Est;Friuli- Venezia Giulia;UD;D455;1;2;4;2;11;20
Nord Ovest;Lombardia;SO;D456;1;2;2;0,5;0;5,5
Nord Est;Emilia-Romagna;RA;D458;24,4;176,94;181,7;85,1;142,2;610,34
Sud;Puglia;FG;D459;7;13,83;2;1;2;25,83
Nord Est;Friuli- Venezia Giulia;UD;D461;1;6,5;11,9;8,5;19;46,9
Nord Ovest;Lombardia;CO;D462;0;6;2;8;8,67;24,67
Sud;Puglia;TA;D463;1;2;2;5,5;3,27;13,77
Sud;Calabria;CS;D464;3;2;3;4;4,5;16,5
Sud;Abruzzo;AQ;D465;1;0;1;1;0;3
Nord Ovest;Lombardia;VA;D467;3;25;32,33;29,33;27,35;117,01
Sud;Campania;BN;D469;4;2;0;1;4,67;11,67
Nord Est;Veneto;BL;D470;17,22;16,41;22,22;10,92;5;71,77
Centro;Marche;AN;D472;19,73;45,71;95,5;48,65;39,75;249,34
Sud;Calabria;CS;D473;3;15,5;7,92;3;0;29,42
Isole;Sicilia;ME;D474;7;12,19;5,85;2;4;31,04
Centro;Lazio;VT;D475;0;1;1;5;2;9
Sud;Calabria;CZ;D476;0;18;2;2;3,83;25,83
Centro;Marche;AP;D477;1;2;2;10;5,75;20,75
Sud;Abruzzo;CH;D480;0;2;0;0;0;2
Nord Ovest;Lombardia;CO;D482;1;6;15;8;10,5;40,5
Centro;Lazio;FR;D483;3;1;0;2;2,25;8,25
Nord Est;Emilia-Romagna;MO;D486;8,11;18,33;17,38;12;11,17;66,99
Nord Est;Friuli- Venezia Giulia;PN;D487;2;1;0;1;7,17;11,17
Centro;Marche;PS;D488;86,5;215,21;151,34;79,88;119,66;652,59
Sud;Abruzzo;TE;D489;0;1;2;0,5;0,33;3,83
Nord Ovest;Lombardia;BG;D490;3;19,05;42,5;12,35;15,22;92,12
Nord Ovest;Lombardia;BG;D491;0;3;5;2;1;11
Nord Ovest;Piemonte;NO;D492;0;1;0;2,5;8;11,5
Centro;Lazio;RI;D493;7;36;27;25,01;30;125,01
Sud;Abruzzo;CH;D494;0;1;6;3;6,5;16,5
Sud;Abruzzo;CH;D495;0;2;0;1;1,67;4,67
Nord Est;Veneto;VI;D496;0;3;1;7;11;22
Sud;Basilicata;PZ;D497;0;0;0;0;0;0
Nord Ovest;Piemonte;CN;D499;0;2;6;2;3;13
Sud;Abruzzo;PE;D501;0;2;0;0;0;2
Nord Est;Emilia-Romagna;PC;D502;0;4;4;3;4,5;15,5
Centro;Lazio;VT;D503;5;10,83;4;3;3;25,83
Nord Est;Veneto;TV;D505;3;19;11,5;13,66;22,83;69,99
Sud;Puglia;BR;D508;45,3;89,97;77,69;55,35;54,55;322,86
Nord Ovest;Liguria;GE;D509;0;1;0;0;0;1
Centro;Toscana;PI;D510;0;2,5;7;3;11,5;24
Nord Ovest;Piemonte;CN;D511;0,5;0;1;2;2,5;6
Nord Ovest;Liguria;GE;D512;0;0;1;0;1;2
Sud;Basilicata;MT;D513;2;0;1;2;0;5
Isole;Sicilia;AG;D514;15;15;24,5;29;27,83;111,33
Isole;Sicilia;TP;D518;8;38,06;12,13;8;6,75;72,94
Nord Ovest;Piemonte;TO;D520;1;16;6;4;9,33;36,33
Nord Ovest;Liguria;SV;D522;1;1;1;0;2;5
Nord Ovest;Piemonte;CN;D523;0;1;3;1;1;6
Nord Ovest;Piemonte;TO;D524;1;3;4;1;10,82;19,82
Nord Est;Emilia-Romagna;PR;D526;1,33;27,5;31,5;16,67;18,72;95,72
Sud;Campania;SA;D527;0;0;1;0;0;1
Nord Ovest;Piemonte;AL;D528;0;2;2,67;2;7,5;14,17
Nord Est;Veneto;BL;D530;7,4;35,84;37,02;40,4;59,78;180,44
Nord Ovest;Lombardia;CO;D531;1;11,3;7,5;10,5;7;37,3
Nord Ovest;Piemonte;TO;D532;8;7,5;2;5;7;29,5
Nord Ovest;Valle d'Aosta;AO;D537;3;8;7;7;3;28
Centro;Umbria;TR;D538;1,56;1,56;3,22;1;3,5;10,84
Centro;Lazio;FR;D539;9;21;15;27,5;23,75;96,25
Isole;Sicilia;SR;D540;1;2;8;0;1;12
Centro;Marche;PS;D541;1;6,5;14,67;13,17;14,36;49,7
Centro;Marche;AP;D542;101,27;81,73;85;51,45;56,66;376,11
Nord Ovest;Lombardia;VA;D543;3;10,7;29;19,39;11;73,09
Sud;Calabria;CZ;D544;0;1;2;1;3,5;7,5
Sud;Calabria;RC;D545;0;1;2;1;2;6
Sud;Calabria;CZ;D546;1;3;3;2,44;3;12,44
Sud;Basilicata;MT;D547;3;9;8;13,5;8,5;42
Nord Est;Emilia-Romagna;FE;D548;86,07;571,86;457,16;249,78;310,46;1675,33
Nord Est;Veneto;VR;D549;3;7;8;2;0;20
Sud;Molise;CB;D550;1;1;6,5;4;14,75;27,25
Nord Ovest;Lombardia;VA;D551;0;0;5;1,5;3;9,5
Nord Ovest;Lombardia;PV;D552;0;8;3;1;4;16
Nord Ovest;Piemonte;TO;D553;0;0;1;1;1;3
Nord Ovest;Piemonte;AT;D554;0;3;1;3,33;8,5;15,83
Nord Est;Emilia-Romagna;PC;D555;0;15,2;6,67;1,33;4,33;27,53
Sud;Calabria;RC;D557;0;0;0;0;0;0
Nord Ovest;Piemonte;AL;D559;0;2;3;2;0,5;7,5
Centro;Lazio;RI;D560;4;4;3;2;1;14
Centro;Lazio;RM;D561;15;67,83;38,25;30;25,57;176,65
Nord Ovest;Piemonte;TO;D562;5;4;3;7,5;11;30,5
Centro;Marche;MC;D564;0;5,38;3,67;1;1,5;11,55
Centro;Marche;MC;D566;0;0;0;1;1;2
Isole;Sicilia;PA;D567;7;22,5;23,35;29;8;89,85
Nord Est;Veneto;RO;D568;0;2,17;3;4;3,17;12,34
Isole;Sicilia;ME;D569;2;2,33;1;1;3,16;9,49
Centro;Umbria;TR;D570;0;2,5;4,33;1;7,33;15,16
Nord Ovest;Lombardia;CR;D574;0;6;2;1;2,67;11,67
Centro;Toscana;FI;D575;6;34,05;33,5;13,83;23,33;110,71
Nord Ovest;Lombardia;BS;D576;6;6;1;2,38;1,92;17,3
Nord Est;Veneto;RO;D577;0;8,42;5;11,67;7;32,09
Nord Est;Veneto;VE;D578;2;43;27,41;27,83;18;118,24
Nord Ovest;Lombardia;CO;D579;1;3,01;6,5;1;1;12,51
Sud;Calabria;CS;D582;0;2;0;1;3;6
Isole;Sardegna;OR;D585;0;1;0;0;3,5;4,5
Centro;Lazio;RM;D586;0;4;0;0;1;5
Sud;Calabria;VV;D587;4;3;2;4,67;3,22;16,89
Nord Ovest;Lombardia;BG;D588;2;13;14,5;8,75;11,75;50
Sud;Calabria;VV;D589;0;0;1;0,83;1;2,83
Centro;Toscana;MS;D590;0;2;5;4,5;6,5;18
Centro;Lazio;FR;D591;46,5;15;4;2;1;68,5
Sud;Abruzzo;CH;D592;0,33;1;1;2;1,38;5,71
Sud;Basilicata;PZ;D593;0;0;2;0;3;5
Nord Ovest;Lombardia;PV;D594;0;2;5;0;4;11
Sud;Molise;IS;D595;1;1;0;1;1;4
Sud;Calabria;VV;D596;1;2;1;1;2;7
Centro;Marche;AN;D597;1;10;11;11;15,25;48,25
Nord Est;Emilia-Romagna;MO;D599;6;31,92;39,17;36,5;33,17;146,76
Nord Ovest;Liguria;SV;D600;34,17;124,01;45,72;10,25;15;229,15
Nord Ovest;Lombardia;BG;D604;0;6,17;3;3;1;13,17
Nord Ovest;Lombardia;CO;D605;7;36,5;20;11;19,58;94,08
Nord Ovest;Lombardia;BG;D606;1;3;6;8;5;23
Nord Est;Emilia-Romagna;MO;D607;4;47,71;69,87;37,31;22,77;181,66
Nord Ovest;Piemonte;TO;D608;1;5;2;1;4;13
Nord Est;Emilia-Romagna;PC;D611;1;29;36,09;24,01;32,73;122,83
Centro;Toscana;FI;D612;475,34;1520;1144,76;601,2;472,97;4214,27
Centro;Toscana;FI;D613;3;18,75;19,5;12;16,75;70
Sud;Calabria;CS;D614;0,34;1;1,67;0,5;1;4,51
Sud;Campania;SA;D615;11;21,02;27;25,75;15,67;100,44
Nord Est;Emilia-Romagna;MO;D617;9,83;17,75;3,5;2;3,5;36,58
Sud;Calabria;RC;D619;1;0;1;0;1;3
Nord Est;Friuli- Venezia Giulia;PN;D621;0;15;33;23,67;42,88;114,55
Isole;Sicilia;ME;D622;1;3;0,23;0;1;5,23
Isole;Sicilia;CT;D623;4;8,04;17,5;15;6;50,54
Sud;Calabria;CS;D624;1;20,48;4,83;4;1,5;31,81
Centro;Marche;MC;D628;3,83;0,13;6;5,28;8,69;23,93
Centro;Toscana;MS;D629;5,5;13,5;15,64;14;16,87;65,51
Nord Est;Friuli- Venezia Giulia;UD;D630;0;1;0;0;8,5;9,5
Nord Ovest;Lombardia;BS;D634;8;25;30,5;12,8;19,05;95,35
Isole;Sicilia;ME;D635;1;2;0;0;0;3
Isole;Sicilia;SR;D636;2;24,17;30,5;41,23;26,83;124,73
Isole;Sardegna;SS;D637;0;2;2;1;0;5
Sud;Campania;AV;D638;1;0;0,07;1;0;2,07
Isole;Sardegna;CA;D639;0;4,39;5,5;4;3;16,89
Isole;Sardegna;NU;D640;0;0;0;0;0;0
Nord Ovest;Piemonte;VC;D641;1;1;0;1;1;4
Sud;Puglia;FG;D643;90,05;290,42;462,37;258,05;192,73;1293,62
Sud;Campania;BN;D644;1;0;2;2;3;8
Nord Ovest;Piemonte;TO;D646;0;3;3,5;3;5,5;15
Centro;Toscana;AR;D649;1;13,5;12,17;14,67;29,87;71,21
Sud;Campania;BN;D650;1;1;0;4;1;7
Centro;Marche;AP;D652;0;12,5;20,25;13;13;58,75
Centro;Umbria;PG;D653;9,5;90,34;135,94;107,26;95,92;438,96
Nord Est;Veneto;TV;D654;1;8;9;8,5;9,5;36
Nord Ovest;Liguria;SP;D655;3,67;25,33;28,66;5,5;4,33;67,49
Centro;Toscana;GR;D656;34,75;134,17;98,77;28,83;18,5;315,02
Nord Ovest;Lombardia;LO;D660;2;6,5;9;5,5;2,5;25,5
Isole;Sicilia;ME;D661;0;0;0;1;1;2
Centro;Lazio;LT;D662;19;57,24;53,2;53,39;49,84;232,67
Isole;Sardegna;NU;D665;0;0;3;2,67;12,5;18,17
Nord Ovest;Valle d'Aosta;AO;D666;5;3;0;2;1;11
Centro;Lazio;FR;D667;1;3,23;2;3;3;12,23
Nord Est;Emilia-Romagna;BO;D668;0;1;4,5;2,5;5;13
Nord Est;Friuli- Venezia Giulia;PN;D670;6,44;31;42;33,5;56,42;169,36
Sud;Campania;AV;D671;0;2;3;2;0;7
Nord Ovest;Lombardia;BG;D672;0;21;14,5;5,5;21,17;62,17
Nord Est;Emilia-Romagna;PR;D673;1;8;28,19;8,24;30,34;75,77
Nord Est;Veneto;TV;D674;1;11,5;6,73;6;15,98;41,21
Nord Ovest;Piemonte;NO;D675;4;5;4,5;5;8,5;27
Nord Ovest;Piemonte;VC;D676;1;3;2;3;4,3;13,3
Nord Ovest;Liguria;GE;D677;0,5;3;1;2;1;7,5
Nord Ovest;Piemonte;AT;D678;0;4;1;0;5;10
Nord Est;Veneto;PD;D679;1;7,57;10;7;32;57,57
Nord Est;Veneto;TV;D680;0;10;9;11;24,8;54,8
Sud;Abruzzo;AQ;D681;0;0;0;0;1;1
Centro;Lazio;FR;D682;0;0;0;0;4,5;4,5
Sud;Campania;CE;D683;0;0;1;0;0;1
Nord Ovest;Lombardia;BG;D684;2;1;3;5;0,38;11,38
Nord Est;Emilia-Romagna;PR;D685;4;11;15,67;9;13,67;53,34
Nord Est;Veneto;BL;D686;2;2,33;3,62;1;7,5;16,45
Nord Ovest;Lombardia;BG;D688;7;15,06;4;2;0;28,06
Centro;Lazio;RI;D689;3,5;12;11,44;1;3;30,94
Sud;Abruzzo;CH;D690;2;30,5;42;21;18,5;114
Centro;Marche;AP;D691;1;2;0;1;1,5;5,5
Sud;Campania;BN;D693;1;0;1;3;6;11
Nord Ovest;Lombardia;SO;D694;2;6;1;1;0;10
Isole;Sardegna;OR;D695;0;0;0;0,5;1;1,5
Sud;Basilicata;PZ;D696;1;0;3;0;2,75;6,75
Nord Ovest;Lombardia;BG;D697;2;3,5;2;1;8,5;17
Nord Est;Friuli- Venezia Giulia;UD;D700;0;1;1,5;5,33;11;18,83
Sud;Campania;AV;D701;2,27;4;9;4;9,75;29,02
Sud;Campania;NA;D702;4,23;15,33;12,1;2;10,5;44,16
Sud;Molise;IS;D703;0;1;0;0;0,5;1,5
Nord Est;Emilia-Romagna;FO;D704;67,05;375,06;367,52;178,82;213,25;1201,7
Nord Est;Emilia-Romagna;FO;D705;6;42,49;34,4;15,64;34,45;132,98
Nord Ovest;Piemonte;VB;D706;0;1;0;2;2;5
Centro;Lazio;RM;D707;4,89;25;27,89;25,89;49,34;133,01
Centro;Lazio;LT;D708;26,84;102,89;97,34;54;41;322,07
Sud;Campania;CE;D709;0;0;1,67;1;2;4,67
Nord Ovest;Lombardia;CR;D710;0;1;1;1;5;8
Nord Est;Emilia-Romagna;MO;D711;11;111,47;115,22;79,85;60,41;377,95
Nord Ovest;Piemonte;VC;D712;0;0;0;2;0;2
Sud;Molise;IS;D715;0;0;1;0;0;1
Nord Est;Veneto;VI;D717;12;11,83;2;3;1,5;30,33
Nord Est;Friuli- Venezia Giulia;UD;D718;1;2;0;0,33;2;5,33
Nord Est;Friuli- Venezia Giulia;UD;D719;7;21,17;3,67;4,33;2;38,17
Nord Est;Friuli- Venezia Giulia;UD;D720;0;0;1;1;1;3
Nord Ovest;Piemonte;TO;D725;1;5;3;1;4;14
Nord Ovest;Lombardia;BG;D727;2;4;10,5;6,94;5;28,44
Nord Est;Emilia-Romagna;PR;D728;0;14,5;19;9;7;49,5
Centro;Toscana;LU;D730;13,52;23,5;28,67;21,5;70,41;157,6
Nord Ovest;Lombardia;PV;D732;0;1;0;1;2,25;4,25
Isole;Sicilia;ME;D733;2;2;2;2;1;9
Centro;Toscana;LU;D734;0;0;0;1;2;3
Centro;Toscana;MS;D735;4,83;10,5;13,67;5;7,17;41,17
Sud;Abruzzo;AQ;D736;0;0;0;0;1;1
Sud;Molise;CB;D737;3;0;2;0;1,45;6,45
Sud;Abruzzo;CH;D738;20;35,02;9;11,5;10,5;86,02
Nord Est;Veneto;VE;D740;1;7,5;14,83;6,99;11,14;41,46
Nord Est;Veneto;VE;D741;0;7;11;6;18,75;42,75
Nord Ovest;Piemonte;CN;D742;23,5;69,25;72,31;34,7;53;252,76
Sud;Calabria;CZ;D744;0;0;0;0;2;2
Centro;Umbria;PG;D745;0;4;6,75;5,94;6;22,69
Sud;Calabria;RC;D746;0;4;4;1;4;13
Nord Est;Veneto;VE;D748;0;15,5;14,86;7,4;18,01;55,77
Centro;Marche;PS;D749;1;7,5;16;9;18,09;51,59
Nord Est;Veneto;VI;D750;0;7;0,78;1;2;10,78
Nord Ovest;Piemonte;CN;D751;6;16,25;4;2;1,83;30,08
Nord Ovest;Piemonte;CN;D752;114,56;42,68;5;5,5;5;172,74
Sud;Puglia;TA;D754;3;1;5;6,5;5;20,5
Sud;Campania;BN;D755;0;0;1;0;3;4
Sud;Campania;BN;D756;1,75;1;0;1;2,03;5,78
Sud;Abruzzo;CH;D757;0;0;1;2;0;3
Nord Ovest;Liguria;SP;D758;0;7;1,17;3,67;1;12,84
Nord Ovest;Piemonte;AL;D759;0;0;0;2;3,83;5,83
Centro;Marche;AP;D760;0;0;0;0;2;2
Sud;Puglia;BR;D761;15,62;73,3;76,97;50,87;21,46;238,22
Sud;Calabria;VV;D762;0;2;1;1;0;4
Sud;Abruzzo;CH;D763;19,67;163,79;58,86;35,67;40,5;318,49
Sud;Calabria;CS;D764;0;7;3;0;2,83;12,83
Isole;Sicilia;ME;D765;1;1,84;4,5;0,67;3,89;11,9
Sud;Basilicata;PZ;D766;0;2;1;3;0;6
Sud;Calabria;VV;D767;1;1;0;1;1;4
Isole;Sicilia;SR;D768;10,5;14;16;16;19,82;76,32
Sud;Campania;CE;D769;0;5,34;3,17;6,89;8,78;24,18
Nord Ovest;Piemonte;AL;D770;0;1;0;1;5;7
Nord Ovest;Lombardia;PV;D771;0;1;1;2;4;8
Centro;Lazio;RM;D773;9,17;80,32;67,16;31,5;30,17;218,32
Sud;Calabria;CS;D774;0;1;0;2;3;6
Nord Est;Veneto;RO;D776;1;3;3;2;5,08;14,08
Nord Ovest;Piemonte;AL;D777;1;5;4;4;4,5;18,5
Nord Ovest;Piemonte;AL;D780;0;0;1;3;7,67;11,67
Nord Ovest;Piemonte;TO;D781;6,5;6;1;2,5;1;17
Nord Ovest;Piemonte;CN;D782;3;4;9;3;1;20
Nord Est;Emilia-Romagna;MO;D783;1;6,5;13;4,5;5,75;30,75
Sud;Campania;BN;D784;0;0;1;1;1;3
Centro;Lazio;RI;D785;1;1;6,3;0;0,5;8,8
Centro;Umbria;PG;D786;3,67;37,43;43,5;34,5;36,84;155,94
Centro;Umbria;PG;D787;0,5;5,83;4;2;6;18,33
Nord Est;Veneto;RO;D788;2;3;5,33;8,33;6,67;25,33
Sud;Campania;NA;D789;24,05;34,17;51,56;57,28;23,92;190,98
Sud;Campania;NA;D790;9;13,55;20,47;18;4;65,02
Centro;Marche;PS;D791;0;1;0;0;3;4
Isole;Sicilia;ME;D793;1;0;1;0;2;4
Nord Est;Veneto;TV;D794;1;3;8;7;7;26
Sud;Abruzzo;CH;D796;0,75;4;1;1;1;7,75
Nord Ovest;Piemonte;AL;D797;0;0;0;0;4;4
Sud;Campania;AV;D798;2;1;0,5;4,67;4,83;13
Sud;Campania;CE;D799;5,5;2;8;4,44;6;25,94
Sud;Campania;CE;D801;1;0,83;11,74;4;12;29,57
Nord Ovest;Piemonte;AT;D802;0;2;1;2;8,5;13,5
Sud;Abruzzo;CH;D803;1;1;0;2,5;3;7,5
Nord Est;Friuli- Venezia Giulia;PN;D804;0;2;0;0;0,33;2,33
Nord Ovest;Piemonte;TO;D805;0;4;2;2;5;13
Centro;Marche;PS;D807;0;0;0;1;0;1
Centro;Marche;PS;D808;1;4,78;1;5,89;3,83;16,5
Centro;Lazio;FR;D810;14;50,74;71,95;61,78;57,67;256,14
Sud;Molise;IS;D811;0;5;3;3;6;17
Nord Ovest;Piemonte;TO;D812;7;8;11,5;5;17,75;49,25
Nord Ovest;Piemonte;AL;D813;0;1;4;2;5;12
Nord Ovest;Piemonte;AL;D814;2;8;12;1;9,5;32,5
Centro;Toscana;FI;D815;7,25;45,8;44,33;30,8;38,59;166,77
Nord Ovest;Lombardia;BG;D817;1;3;3;1;0;8
Nord Est;Veneto;VR;D818;1;10;8,5;7;14,17;40,67
Centro;Lazio;FR;D819;0;3;2;1;1;7
Sud;Abruzzo;CH;D823;1;2;0;0;1;4
Isole;Sicilia;ME;D824;2;7,06;4,22;2,8;2;18,08
Isole;Sicilia;ME;D825;14;21,75;7;7;6;55,75
Sud;Campania;SA;D826;1;1,86;2;0;1;5,86
Isole;Sardegna;CA;D827;0;0;1;0;0,5;1,5
Sud;Calabria;CS;D828;4,01;23;6,25;7;11,5;51,76
Nord Est;Emilia-Romagna;RA;D829;1;11;11;13;15,5;51,5
Nord Ovest;Lombardia;SO;D830;0;4;1,94;0;2;7,94
Sud;Campania;SA;D832;0;1;1;0;0;2
Nord Ovest;Lombardia;CR;D834;0;2;0;2;5;9
Nord Ovest;Piemonte;AL;D835;0;1;4;1;7;13
Centro;Marche;PS;D836;14,33;37,5;13;7,44;11,5;83,77
Nord Ovest;Valle d'Aosta;AO;D839;0;3;1;3;5;12
Nord Ovest;Lombardia;CR;D841;0;4;4;5;7;20
Isole;Sardegna;NU;D842;1;0;0;0;0;1
Centro;Lazio;LT;D843;27;76,78;73,01;46,09;17,5;240,38
Isole;Sicilia;ME;D844;0;4;6;8;4;22
Nord Ovest;Lombardia;MI;D845;5;41;37;16;15,58;114,58
Nord Est;Emilia-Romagna;BO;D847;4;13,14;16,15;13,5;14,67;61,46
Nord Ovest;Piemonte;BI;D848;0;12;7,5;5,5;13;38
Isole;Sicilia;EN;D849;3,56;4;5;0,33;2;14,89
Sud;Abruzzo;AQ;D850;0;0;0;2;0;2
Sud;Puglia;LE;D851;13,58;9;3;3,94;10,19;39,71
Sud;Calabria;CZ;D852;1;2;0;0;0;3
Centro;Marche;MC;D853;0;0;11;0;1;12
Nord Est;Veneto;TV;D854;0;6;9,5;2,17;21,5;39,17
Nord Est;Veneto;RO;D855;0;0;1;0;6;7
Nord Ovest;Piemonte;CN;D856;0;0;1;0;0;1
Centro;Toscana;SI;D858;1;10,22;5;3;8,5;27,72
Isole;Sardegna;NU;D859;0;1;3;0,5;1,64;6,14
Isole;Sicilia;ME;D861;0;2;1;1;1;5
Sud;Puglia;LE;D862;22,25;28,15;33,56;39,28;52,01;175,25
Sud;Puglia;LE;D863;8;37,11;18,02;22,39;21,67;107,19
Sud;Calabria;RC;D864;2;4;1;1;0;8
Nord Ovest;Lombardia;LC;D865;4;31,33;30,5;18,65;16;100,48
Nord Est;Emilia-Romagna;FO;D867;0;29;13,34;1,5;5;48,84
Nord Ovest;Lombardia;LO;D868;1;7;4;6;2,5;20,5
Nord Ovest;Lombardia;VA;D869;39;195,56;173;82,3;100,79;590,65
Centro;Lazio;VT;D870;1;3;0;3;2,5;9,5
Nord Ovest;Lombardia;VA;D871;0;1;3;1;3,5;8,5
Nord Ovest;Piemonte;NO;D872;6;46,17;53,83;32,67;28,33;167
Nord Ovest;Lombardia;PV;D873;0;0;1;0;0;1
Centro;Toscana;LU;D874;1,8;6,17;14,17;6,8;14,96;43,9
Centro;Lazio;RM;D875;4;12,92;10,67;6,25;11,33;45,17
Sud;Basilicata;PZ;D876;0;0;0;0;1;1
Nord Est;Emilia-Romagna;BO;D878;3;17;21;8;8,95;57,95
Nord Est;Veneto;PD;D879;2,72;5;9,67;8,25;28,75;54,39
Centro;Lazio;FR;D881;1;2;2,5;2;2;9,5
Nord Est;Veneto;VI;D882;18,75;59,47;16;7;13;114,22
Sud;Puglia;LE;D883;31,5;86,95;63,69;38,52;27,86;248,52
Sud;Campania;CE;D884;1;0;0;0;1;2
Isole;Sicilia;ME;D885;0;0;0,5;0;0;0,5
Sud;Campania;CE;D886;4,92;4;2,5;0,5;4,5;16,42
Isole;Sardegna;NU;D888;0;0;0;2;1;3
Nord Est;Veneto;PD;D889;2;4;7,57;8,8;16,55;38,92
Nord Ovest;Piemonte;AL;D890;0;1;1;3,33;5;10,33
Nord Ovest;Lombardia;BS;D891;5;11;9,5;3,5;9,25;38,25
Nord Ovest;Lombardia;PV;D892;1;0;0;1;2;4
Nord Ovest;Piemonte;CN;D894;0;1;0;0;0;1
Centro;Toscana;FI;D895;1;14,17;4,75;9;11;39,92
Sud;Molise;CB;D896;0,5;2,67;2;0;2;7,17
Nord Est;Veneto;VI;D897;2;2;9;4;19;36
Sud;Abruzzo;CH;D898;0;1;2,22;0;0;3,22
Nord Est;Emilia-Romagna;FO;D899;3;23,5;54,39;20;20,75;121,64
Nord Ovest;Lombardia;PV;D901;2;15,51;23,32;15,7;16,08;72,61
Nord Est;Veneto;VI;D902;0;0;2;0;1,5;3,5
Nord Ovest;Lombardia;BG;D903;7,67;14,43;1,25;1;4;28,35
Nord Ovest;Lombardia;BG;D905;2;6,5;13;8,5;11,38;41,38
Nord Ovest;Lombardia;BG;D906;0;2;2;0;2;6
Isole;Sicilia;PA;D907;0;5,84;10,9;6;12,6;35,34
Sud;Basilicata;MT;D909;1;0;2;0,67;0;3,67
Nord Ovest;Piemonte;AL;D910;0;0;2,5;1;4;7,5
Nord Ovest;Piemonte;NO;D911;0;3;4;5;12;24
Nord Ovest;Lombardia;MI;D912;23,25;102,01;90;34;20,61;269,87
Nord Ovest;Lombardia;LC;D913;0;4;4;1;6,5;15,5
Nord Est;Veneto;VR;D915;16;21,5;11,33;4;8,11;60,94
Nord Ovest;Lombardia;BS;D917;17,55;22,67;16,03;10,6;15;81,85
Nord Ovest;Lombardia;BS;D918;2;31,11;34,33;14,33;10,92;92,69
Nord Ovest;Piemonte;CN;D920;17;9;7;4;12;49
Nord Ovest;Piemonte;NO;D921;0;8;3;3,5;6;20,5
Nord Ovest;Lombardia;BS;D924;6;15,83;11,15;7,9;17,4;58,28
Nord Ovest;Lombardia;PV;D925;3,5;14;22,33;12;29,92;81,75
Nord Ovest;Lombardia;LC;D926;0;3,5;14,17;2,5;4;24,17
Nord Ovest;Liguria;SV;D927;2;11;6;1;1;21
Nord Ovest;Lombardia;CO;D930;1;0;2;0;1;4
Nord Ovest;Piemonte;TO;D931;1;0;0,33;1;4;6,33
Sud;Calabria;CZ;D932;0;1;3;2;2,07;8,07
Nord Ovest;Piemonte;TO;D933;9;38,83;48;20;27,97;143,8
Nord Est;Emilia-Romagna;RE;D934;4;9;12,5;14,5;16;56
Nord Est;Emilia-Romagna;FO;D935;7,05;44,33;28,5;17;10,2;107,08
Nord Ovest;Piemonte;VC;D938;9;10,5;11,59;9,22;15,5;55,81
Nord Ovest;Lombardia;BS;D940;1,14;26,17;28,5;23,5;22,84;102,15
Nord Est;Veneto;RO;D942;0;1;6;3;2,17;12,17
Nord Ovest;Lombardia;BG;D943;1;4,13;1,39;1,33;3;10,85
Nord Ovest;Piemonte;AL;D944;0;6;6;9;13;34
Centro;Lazio;RM;D945;0;6;4;0;2;12
Nord Ovest;Lombardia;VA;D946;3;29,5;31,88;18,8;30,28;113,46
Isole;Sardegna;NU;D947;3;0;2;2,5;4,63;12,13
Centro;Toscana;GR;D948;5,5;39,21;38,81;18;12,5;114,02
Nord Ovest;Lombardia;MN;D949;0;1;4;6;6;17
Nord Ovest;Lombardia;VA;D951;5;6,5;7;5;12;35,5
Nord Ovest;Lombardia;BG;D952;1;15,5;14,5;2;7,67;40,67
Nord Est;Veneto;PD;D956;0;9;6,5;9,5;16;41
Nord Est;Veneto;VR;D957;0;1;9,67;7,17;18,67;36,51
Nord Est;Emilia-Romagna;PC;D958;2;7,5;6,99;4,17;10,5;31,16
Nord Ovest;Lombardia;MN;D959;0;1;1,2;1;3,33;6,53
Isole;Sicilia;CL;D960;78,92;123,7;92,68;84,01;80,5;459,81
Nord Est;Emilia-Romagna;RN;D961;0;5;4,33;1;0;10,33
Nord Est;Friuli- Venezia Giulia;UD;D962;3;6;21,65;9;36,2;75,85
Nord Ovest;Lombardia;VA;D963;1;4;5;3,5;1;14,5
Centro;Lazio;RM;D964;8;23;9,97;8,5;8,5;57,97
Centro;Marche;AN;D965;2;1,67;1,5;2;1;8,17
Nord Ovest;Lombardia;CR;D966;0;0;3;2;4,42;9,42
Nord Ovest;Piemonte;CN;D967;0,5;2;2;4;3,5;12
Isole;Sardegna;NU;D968;0;0;1;1;2;4
Nord Ovest;Liguria;GE;D969;377,39;2601,22;2246,55;904,02;593,86;6723,04
Isole;Sardegna;CA;D970;0;0;0,5;0;1;1,5
Sud;Basilicata;PZ;D971;2;2;5,5;10,33;1;20,83
Centro;Lazio;RM;D972;15,25;63,67;48,99;29,83;28,17;185,91
Nord Ovest;Lombardia;CO;D974;2;2;3;1;3;11
Sud;Calabria;RC;D975;0;2;3;1;4;10
Sud;Calabria;RC;D976;5;9;12;8;11;45
Isole;Sicilia;PA;D977;2;2;4;3;6,5;17,5
Centro;Lazio;RM;D978;0;4,67;4,67;0;0;9,34
Nord Ovest;Lombardia;PV;D980;0;1;5,5;4;1;11,5
Nord Ovest;Lombardia;VA;D981;10;31,5;38,17;18;15,92;113,59
Isole;Sardegna;NU;D982;0;0;0;2;1;3
Nord Ovest;Piemonte;TO;D983;1;3;2;0;0;6
Nord Ovest;Piemonte;VB;D984;1;1;0;0;0;2
Nord Ovest;Lombardia;VA;D987;4;12,67;15;8;5,5;45,17
Sud;Calabria;VV;D988;0;0;1;3;0;4
Nord Ovest;Lombardia;SO;D990;3,19;3,06;1,02;0;0,02;7,29
Nord Ovest;Lombardia;CR;D993;1;2,5;1;3;2;9,5
Isole;Sardegna;CA;D994;0;0;0;0;4;4
Nord Ovest;Lombardia;MI;D995;12;54,5;27,5;8;10,01;112,01
Sud;Abruzzo;CH;D996;0;1;3;1;4;9
Isole;Sardegna;CA;D997;0;1;0;0;5,8;6,8
Sud;Campania;AV;D998;0,25;3;7,25;2;6,58;19,08
Nord Ovest;Lombardia;BS;D999;4;33,53;44,9;20;43,42;145,85
Nord Ovest;Piemonte;NO;E001;0;1;5,5;6;5,5;18
Nord Ovest;Piemonte;VB;E003;3;12;13;5,5;5,5;39
Isole;Sardegna;OR;E004;0;2;5;3;5;15
Nord Ovest;Lombardia;BG;E006;3;14;13;6,5;10;46,5
Nord Ovest;Piemonte;VC;E007;0;0;3;0;1;4
Nord Est;Veneto;RO;E008;1;2;0;5;7;15
Nord Ovest;Piemonte;TO;E009;1;2;1;1;1;6
Nord Ovest;Lombardia;BS;E010;0;4;5,33;6;4;19,33
Sud;Campania;CE;E011;0;0;0;0;1;1
Centro;Umbria;PG;E012;1;4;6;8;13,33;32,33
Isole;Sicilia;PA;E013;0,5;0;1;2;1;4,5
Isole;Sicilia;ME;E014;51,38;56,5;25,16;7;25,67;165,71
Nord Ovest;Piemonte;AL;E015;0;0;0;1;4,5;5,5
Isole;Sicilia;RG;E016;1;2;0;0,38;1;4,38
Isole;Sicilia;CT;E017;2,5;27,92;41,8;51,5;63,56;187,28
Isole;Sardegna;SS;E019;0;3;1;1;0;5
Nord Ovest;Piemonte;TO;E020;14,6;56,95;53,94;33,84;70,4;229,73
Nord Est;Veneto;TV;E021;0;9,5;15;6;14;44,5
Isole;Sardegna;CA;E022;1;2;3;0;2,17;8,17
Isole;Sicilia;TP;E023;0;4;3;1;6,5;14,5
Nord Ovest;Piemonte;BI;E024;0;1;0;0;1;2
Sud;Calabria;RC;E025;2;4;1,75;1,67;0;9,42
Sud;Campania;SA;E026;1;4,5;8;6,5;7;27
Sud;Campania;SA;E027;3;14,86;14,5;23,42;15,3;71,08
Nord Ovest;Piemonte;VB;E028;6;6,04;7;6;5;30,04
Nord Ovest;Valle d'Aosta;AO;E029;1;5;2;2;2;12
Sud;Molise;CB;E030;1;0;1;0;4;6
Sud;Calabria;CZ;E031;0;0;2,88;2;3,67;8,55
Sud;Basilicata;PZ;E033;0;2;1;1;0;4
Sud;Campania;BN;E034;0;2;0;0;1;3
Sud;Puglia;TA;E036;14,4;73,69;39,17;27,38;9,88;164,52
Sud;Campania;SA;E037;0;1;0;0;2,89;3,89
Sud;Puglia;BA;E038;31,42;43;51;55,67;31,89;212,98
Sud;Campania;CE;E039;1;0;0,5;1;3,33;5,83
Sud;Abruzzo;AQ;E040;10,17;3;6;0;2;21,17
Sud;Calabria;RC;E041;2;11;18;10;18;59
Isole;Sicilia;ME;E043;14,5;20,8;10,99;2;5;53,29
Sud;Calabria;RC;E044;4;8,83;2;0;5;19,83
Centro;Umbria;TR;E045;2;11;14;4;7,5;38,5
Sud;Puglia;BA;E047;18,6;40,7;50,29;47,17;23,67;180,43
Isole;Sardegna;NU;E049;1;3,5;3;0,67;0;8,17
Sud;Calabria;CZ;E050;1;0;4,07;6,11;6;17,18
Sud;Abruzzo;CH;E052;3;2;2,17;2,5;9,33;19
Sud;Puglia;LE;E053;0;3;1;1;4;9
Sud;Campania;NA;E054;53,3;129,82;242,08;154,95;183,39;763,54
Isole;Sicilia;PA;E055;0;2;0;3;2;7
Sud;Abruzzo;CH;E056;0;2;1,96;1;0;4,96
Centro;Lazio;FR;E057;4,08;1;0;1;5,33;11,41
Sud;Abruzzo;TE;E058;13,06;84,56;100,47;35,5;42;275,59
Sud;Campania;SA;E060;0;1;3;1;3;8
Sud;Puglia;LE;E061;0;3;5;0,83;1;9,83
Nord Ovest;Lombardia;PV;E062;3,25;27,17;24,53;7;12,25;74,2
Nord Ovest;Lombardia;MB;E063;26;94;79,1;25,42;43,05;267,57
Nord Ovest;Liguria;SV;E064;1;1;1;0;1;4
Nord Ovest;Liguria;SV;E066;1;2;0;0;0;3
Nord Ovest;Piemonte;TO;E067;1,5;8,13;12;16;27,83;65,46
Sud;Calabria;CZ;E068;14;27,5;6;3;4,5;55
Nord Ovest;Liguria;SP;E070;0;2,5;5;0;3,33;10,83
Nord Est;Veneto;TV;E071;0;9;7;6,5;31,69;54,19
Nord Ovest;Lombardia;PV;E072;4,02;19;3;3;14,5;43,52
Isole;Sicilia;PA;E074;0;0;2;0;0;2
Nord Ovest;Lombardia;MN;E078;1;14,5;15,92;13,5;26;70,92
Nord Ovest;Lombardia;VA;E079;4;9;10,33;3,5;9;35,83
Nord Ovest;Lombardia;PV;E081;2;3;0;0;5;10
Nord Ovest;Lombardia;CR;E082;0;2;1;2;1;6
Nord Est;Friuli- Venezia Giulia;UD;E083;2;3;7;8,5;18,5;39
Isole;Sardegna;CA;E084;0;0;0;0;0;0
Isole;Sardegna;CA;E085;1;5,36;9,5;6;6,93;28,79
Isole;Sardegna;CA;E086;1;4;7,33;1;8;21,33
Isole;Sardegna;OR;E087;0;0;0;1;2;3
Isole;Sardegna;OR;E088;0;1;0;2;2;5
Nord Ovest;Lombardia;MN;E089;0;10;15;9,33;16;50,33
Nord Ovest;Lombardia;SO;E090;5;6,83;8,5;1;1;22,33
Centro;Lazio;RM;E091;1;0;0;0;0,25;1,25
Nord Est;Veneto;TV;E092;3;4;6;3;14,58;30,58
Sud;Basilicata;MT;E093;1;1;2;1;0;5
Nord Ovest;Lombardia;MI;E094;25;130,67;104,56;41,83;17,22;319,28
Sud;Abruzzo;AQ;E096;0;0;0;1;0;1
Nord Ovest;Lombardia;BG;E100;3;4;16,39;11,83;9,5;44,72
Nord Ovest;Lombardia;VA;E101;1;3,5;7,17;10;11,34;33,01
Nord Ovest;Lombardia;VA;E102;3;29,67;34,71;10,5;20,67;98,55
Nord Ovest;Lombardia;BG;E103;2;13;24;18;35,25;92,25
Nord Ovest;Lombardia;VA;E104;0;10;4;4;9;27
Nord Ovest;Lombardia;BG;E106;4;3;3;0;1;11
Nord Est;Emilia-Romagna;FE;E107;0;4;6,08;6,5;8,5;25,08
Nord Ovest;Liguria;GE;E109;3;1;1;0;0;5
Nord Ovest;Piemonte;CN;E111;0;1;0;2;0;3
Nord Est;Veneto;BL;E113;5;9,24;2;3,5;3;22,74
Nord Est;Emilia-Romagna;PC;E114;0;13,5;20,52;9,54;24,67;68,23
Nord Ovest;Piemonte;CN;E115;0;0;0;0;0;0
Nord Ovest;Lombardia;BS;E116;0;8,5;11;11,92;13,56;44,98
Nord Ovest;Piemonte;CN;E118;3;5;4;0,92;12;24,92
Nord Ovest;Piemonte;NO;E120;1;3;6;10,5;14,5;35
Centro;Marche;PS;E122;0;11;17;3;7,5;38,5
Centro;Lazio;VT;E126;3,8;3,7;1,8;2;1;12,3
Nord Ovest;Lombardia;LO;E127;2;6,5;6,17;2;3;19,67
Centro;Lazio;VT;E128;2;3;4;4;3;16
Nord Ovest;Piemonte;BI;E130;0;10;2;4;12;28
Sud;Campania;NA;E131;10;27;26,84;35,28;12,81;111,93
Nord Est;Emilia-Romagna;PC;E132;3,21;5,5;10,07;7,5;15,14;41,42
Isole;Sicilia;CT;E133;11;15;16,67;9,83;20;72,5
Nord Ovest;Piemonte;AT;E134;0;0;1;0,5;2,83;4,33
Nord Est;Emilia-Romagna;BO;E136;2,05;52,5;61,75;34,25;23;173,55
Nord Ovest;Lombardia;CO;E139;2;9,16;7;5;3,33;26,49
Nord Ovest;Lombardia;CO;E141;0;0;5;2;3,25;10,25
Isole;Sicilia;ME;E142;0;0;2;0;1,17;3,17
Nord Ovest;Piemonte;NO;E143;0;1;3;4;7;15
Nord Ovest;Lombardia;VA;E144;1;4;2;0;3;10
Nord Est;Veneto;PD;E145;0;12;3;5;13,67;33,67
Nord Est;Veneto;PD;E146;1;3;3;5,5;4;16,5
Sud;Basilicata;MT;E147;6;7;10,17;3,75;3,22;30,14
Nord Ovest;Lombardia;BG;E148;8,5;21;26,55;18;14,66;88,71
Isole;Sicilia;PA;E149;1;0;3;1;0;5
Nord Ovest;Lombardia;PV;E152;0;6;9,67;3;7;25,67
Nord Ovest;Piemonte;VB;E153;5;14,5;19,5;14,5;13,5;67
Nord Ovest;Piemonte;TO;E154;7;9;3;2;1;22
Sud;Puglia;BA;E155;21;57,25;99,17;70,89;65,31;313,62
Isole;Sicilia;CT;E156;4;39;75,25;59;37,5;214,75
Sud;Campania;CE;E158;4;7;3;1,66;12,75;28,41
Nord Ovest;Piemonte;AT;E159;0;1;1;2;7;11
Centro;Lazio;RI;E160;2;2;2;1;2;9
Sud;Campania;AV;E161;1;0;0;0;1;2
Nord Ovest;Piemonte;VC;E163;0;0;1;0;0;1
Nord Ovest;Piemonte;AL;E164;0;0;1;0;1,67;2,67
Nord Ovest;Valle d'Aosta;AO;E165;28;16;6;5,13;4,5;59,63
Nord Ovest;Valle d'Aosta;AO;E167;2;3;1;0;0;6
Nord Ovest;Valle d'Aosta;AO;E168;11,04;27,5;6;5,5;4,72;54,76
Centro;Toscana;FI;E169;9,16;33,33;45,34;33,45;53,73;175,01
Nord Ovest;Lombardia;MI;E170;5;16,5;5;1;4,33;31,83
Nord Est;Veneto;VR;E171;6,45;15,95;14,5;19,24;19,9;76,04
Nord Ovest;Lombardia;CO;E172;0;1,5;2;1;3,5;8
Sud;Campania;CE;E173;2;7;31,47;34,18;11,18;85,83
Nord Ovest;Piemonte;NO;E177;1;3,99;5,5;4;14,5;28,99
Nord Est;Friuli- Venezia Giulia;UD;E179;0;1;0;0;0;1
Sud;Calabria;CS;E180;0,5;3;1,5;0;5,5;10,5
Nord Ovest;Piemonte;CN;E182;1;9;9;0;0;19
Nord Est;Veneto;VI;E184;1;3;9;8;15,14;36,14
Sud;Calabria;CS;E185;59,81;55,17;9;4;2;129,98
Nord Est;Emilia-Romagna;BO;E187;2;31;15,56;4,5;21,17;74,23
Nord Ovest;Piemonte;AL;E188;0;2;1;1;2,5;6,5
Nord Ovest;Lombardia;BG;E189;14;23;4,33;2,5;2;45,83
Nord Ovest;Piemonte;AL;E191;1;0;0,5;4;0;5,5
Nord Ovest;Lombardia;BG;E192;9;7;3;1;2,5;22,5
Nord Ovest;Lombardia;CR;E193;0;2;0;3;4,83;9,83
Nord Ovest;Lombardia;PV;E195;0;10,5;6;11,63;11,17;39,3
Nord Est;Emilia-Romagna;PC;E196;2;5,08;5;5,5;13,35;30,93
Nord Ovest;Piemonte;TO;E199;3,5;7,5;0;4;0;15
Nord Ovest;Lombardia;SO;E200;6,04;8,27;4;4;3;25,31
Nord Ovest;Lombardia;SO;E201;1,94;4,67;0,92;2,25;4,5;14,28
Centro;Toscana;GR;E202;74,58;313,89;270,72;159,47;102,23;920,89
Nord Ovest;Piemonte;TO;E203;0;1,5;3,5;1;4;10
Centro;Lazio;RM;E204;12;62,67;46,11;41,17;51,51;213,46
Sud;Puglia;TA;E205;24;57,36;69,78;39;37,58;227,72
Sud;Campania;AV;E206;2;2;3,25;0,14;6,5;13,89
Centro;Marche;AP;E207;19;65,5;59,33;25,5;19,83;189,16
Centro;Marche;AP;E208;0;1,66;1;6,33;9;17,99
Isole;Sicilia;AG;E209;4;7,88;7;14,8;8,73;42,41
Centro;Lazio;VT;E210;2,5;10,5;6;4;4;27
Sud;Calabria;RC;E212;3,86;4;0,86;5;0,07;13,79
Sud;Basilicata;MT;E213;1;4;4,42;0;0;9,42
Sud;Campania;AV;E214;0;2;2;1;5,06;10,06
Nord Est;Veneto;VE;E215;0;3;5;2;15,5;25,5
Nord Ovest;Piemonte;TO;E216;16,05;190,62;144,16;33,25;19,5;403,58
Nord Ovest;Lombardia;CR;E217;0;2;4;0;3,17;9,17
Nord Ovest;Lombardia;BG;E219;0;11,39;32,13;22,89;23,5;89,91
Sud;Basilicata;PZ;E221;0;6;1;1,5;3,5;12
Sud;Puglia;BA;E223;16;32,78;29,57;31,28;17;126,63
Sud;Campania;NA;E224;9,07;14,32;16;10;11,75;61,14
Nord Est;Veneto;VI;E226;1;6;6;6,95;12;31,95
Sud;Puglia;LE;E227;1;2;2;7;6;18
Centro;Marche;MC;E228;0;0;0;0;1,97;1,97
Centro;Umbria;PG;E229;0;2;4;5,66;9;20,66
Centro;Umbria;PG;E230;2,83;14,37;15;19,33;35,84;87,37
Nord Est;Emilia-Romagna;RE;E232;0;13;9;5;23;50
Isole;Sicilia;ME;E233;0;1;2,08;1;0;4,08
Isole;Sardegna;CA;E234;0;0;1;0;0;1
Nord Ovest;Lombardia;CO;E235;5,54;23,67;18,5;13,5;17,5;78,71
Centro;Lazio;FR;E236;0;2;0;2,67;3,5;8,17
Nord Ovest;Piemonte;VC;E237;0;0;1;1;2;4
Nord Ovest;Lombardia;LO;E238;1;9,13;8;1;4,28;23,41
Sud;Calabria;CZ;E239;0;4;7;2;6;19
Nord Est;Veneto;RO;E240;0;2;1;9;6;18
Centro;Umbria;TR;E241;1,5;0,33;4;1;2;8,83
Sud;Calabria;CS;E242;6,25;14,22;7;4;1;32,47
Sud;Abruzzo;CH;E243;3;11;16;7;11;48
Sud;Molise;CB;E244;1;3;1;0;1;6
Sud;Campania;AV;E245;1;0;3;4;0,5;8,5
Sud;Basilicata;PZ;E246;2,78;0;0;0,11;2;4,89
Sud;Molise;CB;E248;0;2;1;0;0;3
Sud;Campania;BN;E249;1;3;2,5;2;3,5;12
Centro;Toscana;PI;E250;0;5;4;2;4,5;15,5
Nord Ovest;Piemonte;CN;E251;2;5;5;2;16,5;30,5
Isole;Sardegna;CA;E252;0;2;1,33;0;7,39;10,72
Nord Est;Emilia-Romagna;RE;E253;1;29,75;33,26;19,75;45,08;128,84
Nord Ovest;Piemonte;AL;E255;0;0;0;1;3;4
Centro;Umbria;PG;E256;9;23,33;38,82;38,03;62,58;171,76
Nord Ovest;Lombardia;MI;E258;0;2,5;2;5,16;6,16;15,82
Sud;Molise;CB;E259;3;8;3,5;10;6;30,5
Nord Ovest;Lombardia;MN;E261;3;7,5;6;7,67;20,5;44,67
Centro;Lazio;RM;E263;57,18;406,72;308,39;162,94;106,89;1042,12
Nord Est;Emilia-Romagna;MO;E264;4;16;16,33;7,67;12,43;56,43
Nord Ovest;Lombardia;PV;E265;6;37;42,6;22,3;11;118,9
Sud;Abruzzo;CH;E266;0;1;2;0;1,33;4,33
Nord Ovest;Piemonte;VB;E269;1,17;4;0;0;0,67;5,84
Isole;Sardegna;CA;E270;1;11,8;10,83;14,17;25,67;63,47
Nord Ovest;Lombardia;BS;E271;8,75;47,06;33,64;29,56;51;170,01
Nord Ovest;Lombardia;CR;E272;0;1;4,69;2,33;8,5;16,52
Nord Ovest;Valle d'Aosta;AO;E273;4;2;1;0;1;8
Sud;Calabria;CZ;E274;0;0;0;0;0;0
Nord Ovest;Lombardia;BS;E280;10;11;5;2;5,5;33,5
Isole;Sardegna;CA;E281;13;38,65;38,92;49,25;33,51;173,33
Nord Ovest;Piemonte;CN;E282;0;1;1;2;1;5
Isole;Sardegna;NU;E283;0;0;1;1;3;5
Nord Est;Veneto;VR;E284;1;6;7,5;6;19;39,5
Isole;Sardegna;SS;E285;0;0;0;0;0;0
Nord Ovest;Lombardia;LC;E287;6;10,15;14,67;6;8,25;45,07
Nord Est;Emilia-Romagna;BO;E289;27,01;207,78;268,64;118,08;108,44;729,95
Nord Ovest;Liguria;IM;E290;47,5;168,06;128,46;57,05;35,25;436,32
Centro;Toscana;FI;E291;11;40;33;20,33;41,06;145,39
Nord Ovest;Lombardia;VA;E292;0;0,5;0;1;4;5,5
Nord Ovest;Piemonte;AT;E295;0;5;2,67;1;15;23,67
Nord Ovest;Lombardia;BS;E297;5,5;0,5;1;0;0;7
Nord Ovest;Lombardia;VA;E299;6;32;45;14,5;20;117,5
Nord Ovest;Piemonte;TO;E301;0;1;0;0;0;1
Nord Ovest;Piemonte;VB;E304;1;1;1;0;0;3
Nord Ovest;Lombardia;LC;E305;3;8,51;4,47;2;0;17,98
Nord Ovest;Valle d'Aosta;AO;E306;1;3;0;1;1;6
Sud;Abruzzo;AQ;E307;1,06;1,53;2,75;1;5,5;11,84
Nord Ovest;Lombardia;CO;E309;6;41,25;33,02;13,21;17;110,48
Nord Ovest;Lombardia;PV;E310;0;5;4;3;3;15
Nord Ovest;Piemonte;TO;E311;1;6;2;2;2;13
Nord Ovest;Lombardia;MI;E313;3;26,66;31;9,67;24,34;94,67
Nord Ovest;Piemonte;NO;E314;4;9;11;10;16,33;50,33
Nord Ovest;Lombardia;MI;E317;5;42,01;31,83;25,92;19,18;123,94
Nord Est;Emilia-Romagna;FE;E320;0;3;4;8,5;11;26,5
Sud;Calabria;VV;E321;1;2;1;2;9;15
Isole;Sardegna;NU;E323;0;2;0;2;2,03;6,03
Nord Ovest;Lombardia;BS;E325;0;4;1;0;0;5
Sud;Basilicata;MT;E326;6,5;6,42;10,5;6,5;2;31,92
Nord Ovest;Piemonte;CN;E327;0;0;0;0;0;0
Sud;Calabria;CZ;E328;4;5,5;3;6;3;21,5
Sud;Campania;NA;E329;5,67;27,83;27,33;12;11,33;84,16
Centro;Lazio;VT;E330;1;6,5;5;3;2;17,5
Sud;Puglia;FG;E332;3,75;10,92;2;2;4;22,67
Nord Ovest;Lombardia;BS;E333;6;35,54;23,75;14;20,5;99,79
Sud;Molise;IS;E335;7,75;32,48;32,5;28;28,73;129,46
Isole;Sardegna;NU;E336;0;2;1;2,1;6,6;11,7
Isole;Sicilia;PA;E337;0;0;2;1;1,5;4,5
Nord Ovest;Piemonte;AT;E338;0;0;1;1;4,5;6,5
Sud;Calabria;KR;E339;39,7;32,65;12,5;3,33;5,5;93,68
Centro;Lazio;FR;E340;4;8;9,17;7,5;18,5;47,17
Nord Ovest;Liguria;GE;E341;0;11,34;6;7,1;3;27,44
Nord Ovest;Lombardia;SO;E342;21,61;22,5;13,38;3,17;1;61,66
Sud;Abruzzo;TE;E343;3,67;4;2;5;2;16,67
Nord Ovest;Piemonte;TO;E345;0;0;0;0;3;3
Nord Ovest;Liguria;IM;E346;3;3;2;2;2;12
Centro;Toscana;GR;E348;13,5;6;3;0;2;24,5
Nord Est;Veneto;VR;E349;2;27;36,67;32,09;36,5;134,26
Isole;Sicilia;PA;E350;13;24,95;10,5;8;6;62,45
Centro;Marche;PS;E351;0;2;1;0;1;4
Nord Ovest;Lombardia;BG;E353;2;2;1,5;0;1;6,5
Nord Est;Veneto;VI;E354;1;15,5;23;25,83;29;94,33
Nord Ovest;Lombardia;CR;E356;0;0;1;0;7,66;8,66
Nord Est;Veneto;VR;E358;0;7;3,5;2,5;8,59;21,59
Nord Ovest;Piemonte;AL;E360;0;0;0;0;5;5
Sud;Puglia;FG;E363;2;0,17;0;0;0;2,17
Nord Ovest;Lombardia;BS;E364;0;7;9;8;8,67;32,67
Sud;Campania;SA;E365;2;6;3;4;1;16
Isole;Sicilia;RG;E366;19,01;47,35;41,36;20,8;21,83;150,35
Nord Ovest;Lombardia;VA;E367;7;10;9;9,5;24;59,5
Nord Ovest;Piemonte;TO;E368;0;0;0;0;3;3
Nord Ovest;Valle d'Aosta;AO;E369;1;1;0;1;0;3
Nord Ovest;Lombardia;BG;E370;0;1;1;0;2,33;4,33
Nord Ovest;Valle d'Aosta;AO;E371;1;1;0;1;2;5
Sud;Abruzzo;CH;E372;52,33;183,28;132,6;99,61;45,61;513,43
Nord Est;Veneto;TV;E373;1;22,82;11;11;19,82;65,64
Isole;Sicilia;ME;E374;2;3,22;1,22;0;1;7,44
Centro;Lazio;LT;E375;6,5;11,5;18,17;10,25;11,5;57,92
Isole;Sardegna;SS;E376;0;0;0;0;1;1
Isole;Sardegna;SS;E377;0;1,67;4;5;10;20,67
Nord Ovest;Piemonte;TO;E379;18,02;54,54;74,58;48;47,22;242,36
Nord Ovest;Lombardia;CR;E380;1;6;4;3;2;16
Sud;Molise;CB;E381;0;4;2;0;1;7
Centro;Lazio;RM;E382;1;3;1,5;0,33;0;5,83
Nord Ovest;Lombardia;VA;E386;0;13,5;21;13;8,5;56
Isole;Sardegna;NU;E387;0;4;0;0;1;5
Centro;Marche;AN;E388;37;90,17;109,74;65,19;60,83;362,93
Sud;Calabria;VV;E389;0;4;0;0;0;4
Isole;Sicilia;AG;E390;1;0;1;1;0;3
Nord Ovest;Valle d'Aosta;AO;E391;1;0;1;0;1;3
Centro;Lazio;RM;E392;2;16,5;12;9;9;48,5
Centro;Lazio;RI;E393;0;1;0;2;0;3
Nord Ovest;Piemonte;TO;E394;0;3,25;5,5;3;8;19,75
Nord Ovest;Lombardia;MI;E395;7;46,33;28;13;12,69;107,02
Sud;Campania;NA;E396;5;5;1;1;2,67;14,67
Sud;Campania;AV;E397;1,25;6,86;2;1;2;13,11
Isole;Sardegna;NU;E400;0;1,5;2;3;8,5;15
Isole;Sardegna;SS;E401;1;0;1;0;2;4
Sud;Calabria;RC;E402;0;0;0,5;0;0;0,5
Nord Est;Veneto;VI;E403;2;0;0;1;0;3
Nord Ovest;Lombardia;CO;E405;1,51;3;4;3;5,5;17,01
Nord Ovest;Piemonte;CN;E406;0;1;2;1;1;5
Sud;Calabria;CS;E407;0;3;3,5;1;3;10,5
Sud;Basilicata;PZ;E409;4;6;5,3;4,99;2;22,29
Nord Est;Emilia-Romagna;FE;E410;1;9,5;21,67;4,76;7,25;44,18
Centro;Toscana;PI;E413;0;2;5;0;4;11
Nord Ovest;Liguria;SV;E414;15,16;29,78;8,5;2;1;56,44
Nord Ovest;Lombardia;MI;E415;15;98,31;71,81;32;48;265,12
Nord Ovest;Lombardia;CO;E416;0;0;0;2;0;2
Sud;Calabria;CS;E417;0;1;1;1;1;4
Sud;Calabria;CS;E419;0;0;0,22;0;0;0,22
Nord Ovest;Lombardia;BG;E422;4,5;21;12;9;12,5;59
Nord Ovest;Piemonte;TO;E423;2;31;32;8,6;14,82;88,42
Sud;Abruzzo;CH;E424;2;0,83;7;0;0,5;10,33
Isole;Sardegna;SS;E425;28,5;95,05;69,33;47;13,5;253,38
Nord Est;Emilia-Romagna;MO;E426;5;7,5;10,3;4,17;9,02;35,99
Nord Ovest;Lombardia;CO;E428;0;11;4;4;4;23
Nord Est;Veneto;BL;E429;1,5;5,25;4,5;5,5;7,11;23,86
Nord Ovest;Piemonte;CN;E430;3;5;10,17;1,67;13;32,84
Isole;Sicilia;AG;E431;12,17;4,5;3;4;1,5;25,17
Centro;Toscana;PT;E432;0;9,78;9,78;8,5;20,03;48,09
Nord Ovest;Piemonte;VC;E433;0;0;0;1;2;3
Sud;Abruzzo;CH;E435;7;40,5;70,17;45,31;46,17;209,15
Nord Ovest;Piemonte;NO;E436;0;0;0;0;1;1
Nord Ovest;Lombardia;PV;E437;4;34,67;8;5,5;9;61,17
Nord Est;Emilia-Romagna;PR;E438;2;24,5;42;17;23;108,5
Nord Ovest;Lombardia;PV;E439;0,5;1,5;1;6;1;10
Isole;Sardegna;NU;E441;0;2;3;4,5;4;13,5
Nord Ovest;Lombardia;SO;E443;2,63;6;2,63;0;1;12,26
Nord Ovest;Piemonte;TO;E445;4;14,5;16,5;12;21,17;68,17
Centro;Marche;AP;E447;0;0;1;1;1;3
Sud;Campania;AV;E448;0;1;1,44;0;1;3,44
Sud;Calabria;CS;E450;0;0;1;1;0;2
Centro;Toscana;PT;E451;1;7;5;8;20,17;41,17
Nord Ovest;Lombardia;PV;E454;2;7;0;1;3;13
Sud;Molise;CB;E456;1;4,75;7;6;5,22;23,97
Nord Ovest;Valle d'Aosta;AO;E458;7,5;26;13;6;5;57,5
Isole;Sicilia;PA;E459;3;22,67;6,5;10,5;6,17;48,84
Nord Ovest;Lombardia;CO;E462;0;0;0;0;0;0
Nord Ovest;Liguria;SP;E463;91,96;439,69;338,59;118,49;82,21;1070,94
Isole;Sardegna;CA;E464;0;0;0;1;4;5
Nord Est;Veneto;VI;E465;0;0;0;0;0;0
Centro;Toscana;FI;E466;11,32;56,47;48,5;31,6;45,17;193,06
Centro;Lazio;VT;E467;3;3,75;0;0;0;6,75
Sud;Puglia;TA;E469;12;14;27,8;8,47;10;72,27
Nord Ovest;Valle d'Aosta;AO;E470;11,67;27,47;12;6;2;59,14
Sud;Puglia;BR;E471;0;13,96;16,5;10,17;13,33;53,96
Centro;Lazio;LT;E472;68,73;342,66;291,69;206,98;195,95;1106,01
Nord Est;Friuli- Venezia Giulia;UD;E473;14,7;35,5;39;26,33;62,84;178,37
Sud;Basilicata;PZ;E474;3;2;1;3;2;11
Sud;Calabria;CS;E475;3;1,5;3;1;2,5;11
Nord Est;Friuli- Venezia Giulia;UD;E476;0;0;0;0;2;2
Sud;Calabria;RC;E479;1;2,67;2,5;7;6,67;19,84
Sud;Campania;SA;E480;3;4;9;3;3,67;22,67
Sud;Basilicata;PZ;E482;1;1;1,22;1;1;5,22
Sud;Basilicata;PZ;E483;0;3;8,39;7;10,33;28,72
Nord Ovest;Piemonte;TO;E484;1;2;2;1;8;14
Sud;Campania;SA;E485;0;2;1;0;1;4
Sud;Campania;SA;E486;1;1;0;0;0;2
Sud;Campania;AV;E487;0;1;1;2;11;15
Nord Ovest;Liguria;GE;E488;28;72,09;51;13;12;176,09
Nord Est;Veneto;VR;E489;2;26,67;23,97;7;28,67;88,31
Nord Est;Veneto;BL;E490;2;2;6;1;4,38;15,38
Sud;Basilicata;PZ;E493;8,25;23,59;15,89;18,38;14,5;80,61
Nord Ovest;Lombardia;VA;E494;1,1;15,33;7,6;9,6;8,6;42,23
Nord Ovest;Lombardia;VA;E496;4;28;28,5;13;12,42;85,92
Nord Ovest;Lombardia;BS;E497;0;1;0;0;3;4
Sud;Campania;SA;E498;1;5;3;4;1,89;14,89
Nord Est;Veneto;VR;E502;10;81,33;29,01;11,83;20;152,17
Nord Ovest;Lombardia;MB;E504;2;23;23,5;8,83;11,5;68,83
Sud;Abruzzo;AQ;E505;2;2;6;3;0;13
Sud;Puglia;LE;E506;51,02;236,46;282,05;234,71;301,88;1106,12
Nord Ovest;Lombardia;LC;E507;34,73;164,61;167,7;75,29;80,71;523,04
Nord Ovest;Lombardia;BG;E509;0;9,5;5,25;8,58;4,89;28,22
Nord Ovest;Lombardia;VA;E510;2;31,17;8,5;5;13,67;60,34
Nord Est;Veneto;VR;E512;7;45;88,89;68,25;110,76;319,9
Nord Ovest;Lombardia;MI;E514;54,49;285,5;234,32;108,3;115,84;798,45
Nord Est;Veneto;PD;E515;2;27,33;40,88;29,49;46,92;146,62
Isole;Sardegna;NU;E517;0;0;0;0;0;0
Nord Ovest;Piemonte;TO;E518;13,5;66;52,8;28,83;20,5;181,63
Nord Ovest;Liguria;GE;E519;1;11;12;0;7,67;31,67
Nord Ovest;Piemonte;TO;E520;1;2,33;3;3;2;11,33
Nord Est;Veneto;RO;E522;7;20;32,67;24,5;37,22;121,39
Isole;Sicilia;ME;E523;0;1;0;0;0;1
Nord Ovest;Lombardia;BG;E524;0;2;1;1;3;7
Nord Ovest;Lombardia;BS;E526;4;38;25,5;34,23;30,77;132,5
Centro;Lazio;LT;E527;1;4;3;3;3,5;14,5
Nord Ovest;Piemonte;VC;E528;0;1;1;0;2;4
Nord Ovest;Lombardia;MB;E530;14;70;34,23;22,67;16,56;157,46
Sud;Abruzzo;CH;E531;0;1;0;0;1;2
Isole;Sicilia;SR;E532;21;33,99;27,38;33,33;17,11;132,81
Centro;Lazio;RI;E535;12,33;17,17;12,3;2,5;4,55;48,85
Isole;Sicilia;EN;E536;7,58;18,25;18,51;13;16,75;74,09
Sud;Puglia;TA;E537;2,17;38,3;35;14,75;25,75;115,97
Sud;Puglia;LE;E538;1;5;12,7;15;17;50,7
Nord Ovest;Piemonte;CN;E539;0;0;0,5;0;8,67;9,17
Nord Ovest;Piemonte;CN;E540;0;0;1;1;2;4
Isole;Sicilia;PA;E541;1;7,44;2,86;5;12,67;28,97
Nord Ovest;Liguria;SP;E542;23,71;90,42;48;22,3;10,25;194,68
Nord Ovest;Piemonte;AL;E543;1;4;3;1;3;12
Nord Ovest;Piemonte;NO;E544;12,5;25;13,5;4,76;7;62,76
Nord Ovest;Piemonte;CN;E546;0;2;1;0;4,25;7,25
Nord Est;Emilia-Romagna;PR;E547;1;14;13;7;22,68;57,68
Nord Est;Emilia-Romagna;PR;E548;1;3;7;1,5;6,17;18,67
Sud;Puglia;FG;E549;24,83;47,25;12,75;9;4;97,83
Nord Ovest;Lombardia;MB;E550;8;36;37,63;15,94;25,82;123,39
Nord Ovest;Piemonte;TO;E551;0;2;2;2;10;16
Nord Est;Friuli- Venezia Giulia;UD;E553;0;5;6,17;4;19,25;34,42
Sud;Campania;CE;E554;0;0;0;0;0;0
Isole;Sicilia;ME;E555;16;30,45;8;1;1;56,45
Sud;Campania;NA;E557;2;0;4;1;3;10
Sud;Abruzzo;PE;E558;3;1;1,5;2;3,33;10,83
Sud;Abruzzo;CH;E559;0;0;1;0;1;2
Nord Ovest;Liguria;SP;E560;7,16;16,5;20,47;9,61;1;54,74
Nord Ovest;Lombardia;BG;E562;2;13;5,67;5;8;33,67
Sud;Puglia;LE;E563;2;5;15;6,33;10;38,33
Nord Ovest;Piemonte;CN;E564;0;0;1;0;2;3
Nord Ovest;Piemonte;TO;E566;0;1;1;0;2;4
Nord Ovest;Lombardia;CO;E569;0;1,01;3;2;2,5;8,51
Sud;Campania;CE;E570;0;0;1;0;1;2
Isole;Sicilia;ME;E571;0;2;3;0;1;6
Isole;Sicilia;AG;E573;47,35;49,68;38,25;51,08;42,67;229,03
Centro;Toscana;MS;E574;5,5;8;2,75;3,83;9,34;29,42
Centro;Lazio;RM;E576;0;0;2,5;1;1;4,5
Isole;Sicilia;CT;E578;2;1;3;2;4;12
Nord Ovest;Lombardia;LC;E581;1,5;17,5;5;3;5,67;32,67
Nord Ovest;Piemonte;VC;E583;0;0;1;1;2,5;4,5
Nord Est;Friuli- Venezia Giulia;UD;E584;212,24;236,96;54,58;40,17;22,72;566,67
Nord Ovest;Valle d'Aosta;AO;E587;1;3;1;2;0;7
Nord Est;Veneto;BL;E588;2,33;23;29;13,83;19,75;87,91
Sud;Campania;BN;E589;1;2;3,92;1;7,5;15,42
Sud;Calabria;VV;E590;3;3;6;1;1;14
Nord Ovest;Lombardia;MB;E591;21;197,11;117,84;44,75;32,92;413,62
Nord Est;Veneto;PD;E592;0;16,67;32,92;32;24,01;105,6
Nord Ovest;Lombardia;CO;E593;0;18;13,5;5;10,5;47
Isole;Sicilia;ME;E594;0;3;0;1;1;5
Nord Ovest;Lombardia;BS;E596;2,75;3;2;2;4;13,75
Nord Ovest;Piemonte;CN;E597;63,91;53,81;10,77;3,42;2;133,91
Sud;Molise;CB;E599;0;0;2;1;1;4
Nord Ovest;Lombardia;PV;E600;4;7,5;13;4,5;5;34
Isole;Sicilia;CT;E602;2;6;1;7;8,5;24,5
Sud;Campania;AV;E605;0;3;4;4;7,93;18,93
Isole;Sicilia;ME;E606;36,87;33,37;24,49;12,34;10,25;117,32
Nord Ovest;Lombardia;CO;E607;6;27,17;15;9;8;65,17
Nord Ovest;Lombardia;PV;E608;0;0;0;0;0;0
Nord Ovest;Lombardia;MI;E610;0;22,72;11,5;5;1,83;41,05
Sud;Abruzzo;CH;E611;0;1;1;0;0;2
Centro;Umbria;PG;E613;0;1;3;1,88;7;12,88
Nord Ovest;Piemonte;CN;E615;0;0;1;0;1;2
Nord Ovest;Lombardia;MB;E617;58,17;256,33;219,38;63,11;56,22;653,21
Isole;Sicilia;CL;E618;0;1,5;0;0;2;3,5
Sud;Campania;NA;E620;0;0;1;1;0;2
Nord Ovest;Lombardia;SO;E621;22,04;36,41;9;4;4;75,45
Nord Ovest;Lombardia;CO;E623;0;1;1;0;0;2
Centro;Toscana;LI;E625;99,79;608,91;599,57;296,47;235,29;1840,03
Nord Ovest;Piemonte;VC;E626;0;10;11,5;7;12,5;41
Nord Ovest;Lombardia;LO;E627;0;2,5;7,5;3;7;20
Sud;Puglia;LE;E629;3;12;26;12,31;16;69,31
Sud;Puglia;TA;E630;2;19;20,3;8;11,34;60,64
Nord Ovest;Liguria;SV;E632;62,63;132,2;35,29;9;2,48;241,6
Nord Ovest;Piemonte;AT;E633;0;1;0;1;2;4
Nord Ovest;Piemonte;TO;E635;3;4,89;4;2;3,22;17,11
Nord Ovest;Lombardia;CO;E638;1;9,67;14,67;13,6;7,33;46,27
Nord Ovest;Lombardia;MI;E639;15,67;64,23;32,43;17,5;4;133,83
Nord Ovest;Lombardia;BG;E640;2;0;1;0;1;4
Isole;Sardegna;NU;E644;0;0;2;0;1;3
Sud;Puglia;BA;E645;8,24;18;22,9;26,44;24,43;100,01
Isole;Sardegna;NU;E646;0;0;1;0;0;1
Isole;Sardegna;NU;E647;0;0;0;2;2;4
Nord Ovest;Lombardia;LO;E648;51;201,16;236,78;80,05;74,09;643,08
Nord Ovest;Lombardia;LO;E651;2;39,82;26,17;12;5;84,99
Nord Ovest;Lombardia;BS;E652;2;2,95;6,5;1,17;5;17,62
Nord Ovest;Lombardia;BS;E654;0;2,5;11;5;9,58;28,08
Nord Est;Emilia-Romagna;BO;E655;2;18,17;14;8,5;16;58,67
Nord Ovest;Lombardia;LC;E656;2;7;13,67;9,7;5,08;37,45
Nord Ovest;Lombardia;CO;E659;4;39,5;39,97;11,5;8,5;103,47
Nord Ovest;Piemonte;TO;E660;0;0;1;2,17;6,34;9,51
Nord Ovest;Piemonte;TO;E661;0;1;0;0;10,4;11,4
Nord Ovest;Lombardia;PV;E662;0,25;3;3,5;4;6,69;17,44
Nord Ovest;Lombardia;VA;E665;1;16,5;12;7;13,87;50,37
Nord Ovest;Lombardia;VA;E666;3;29,69;35,42;15,5;18;101,61
Centro;Toscana;FI;E668;0;4;6;1;2,5;13,5
Sud;Molise;IS;E669;0;0;0;0;0;0
Nord Est;Veneto;VI;E671;1;13,83;12;11;17,5;55,33
Nord Ovest;Lombardia;BS;E673;0;1;1,33;0;3,69;6,02
Isole;Sicilia;ME;E674;0;1;1;0;0;2
Nord Est;Emilia-Romagna;FO;E675;2;11,5;18;14,5;22,2;68,2
Sud;Calabria;CS;E677;3;6;3,67;2;2,39;17,06
Sud;Calabria;CS;E678;0;6,53;3;2;4;15,53
Nord Ovest;Lombardia;CO;E679;1;6,5;10;2;4;23,5
Centro;Toscana;LI;E680;19;27,5;9,5;2;0;58
Centro;Lazio;RI;E681;1;2;1;2;0,33;6,33
Nord Est;Veneto;VI;E682;9;27;43,91;31,12;43,84;154,87
Nord Ovest;Piemonte;TO;E683;0;0;0;1;1;2
Nord Est;Veneto;PD;E684;1;22;9;7;18;57
Nord Ovest;Piemonte;VB;E685;0;0;0;1;0;1
Nord Est;Veneto;BL;E687;2;2,5;0;0,4;1;5,9
Nord Est;Veneto;RO;E689;1;5;5;5;0;16
Centro;Marche;AN;E690;7,59;34,94;30;22,5;24,15;119,18
Sud;Abruzzo;PE;E691;2;13;11;15;14,11;55,11
Nord Est;Veneto;TV;E692;3;20;11;8;36,96;78,96
Centro;Toscana;AR;E693;7;15,67;18,5;6,5;25,75;73,42
Centro;Marche;MC;E694;0,5;1;2;1;4;8,5
Nord Ovest;Liguria;GE;E695;0;0;0;0;0;0
Nord Ovest;Lombardia;BS;E698;0;1;3;0;2;6
Isole;Sardegna;NU;E700;0;4;1;0;1;6
Nord Ovest;Lombardia;BG;E704;5;16,5;13,5;10,99;10;55,99
Nord Ovest;Lombardia;SO;E705;0;0;0;0;1;1
Nord Ovest;Lombardia;BS;E706;1;4;1;0;3,5;9,5
Nord Ovest;Lombardia;VA;E707;0;4;5;0;4,33;13,33
Nord Est;Veneto;BL;E708;2,15;1;4;1,5;1;9,65
Nord Est;Veneto;PD;E709;2;1;4;1;9,83;17,83
Nord Ovest;Piemonte;VC;E711;1;2;0;0;2;5
Centro;Lazio;VT;E713;0;2,5;0;0;1,5;4
Isole;Sicilia;AG;E714;0;3;1;0;3;7
Centro;Toscana;LU;E715;43,33;241,22;193,42;186,1;241,82;905,89
Sud;Puglia;FG;E716;13,69;35,37;75,77;54,16;24,79;203,78
Centro;Toscana;AR;E718;1;3;5;4,5;10,67;24,17
Nord Ovest;Liguria;IM;E719;1;1;1;1;0;4
Sud;Molise;CB;E722;2;1;0;0;1;4
Sud;Abruzzo;AQ;E723;3;11;17,33;14;7,5;52,83
Sud;Abruzzo;AQ;E724;23;12;1;0;0;36
Nord Est;Emilia-Romagna;PC;E726;1;5,3;10,08;7,38;16,66;40,42
Centro;Umbria;TR;E729;4;6,03;6;5;3;24,03
Nord Est;Emilia-Romagna;RA;E730;13,23;78;86,16;53,88;132,52;363,79
Nord Est;Veneto;VI;E731;1;2;6,89;5;12,67;27,56
Nord Ovest;Lombardia;VA;E734;14;50,02;45,84;37;27,53;174,39
Nord Ovest;Lombardia;CO;E735;3;21,95;13,5;1;2;41,45
Isole;Sardegna;NU;E736;0;0;1;0;0;1
Nord Ovest;Liguria;GE;E737;2;3;3;2,17;2;12,17
Nord Ovest;Lombardia;BS;E738;4,6;22,16;60,83;25,93;35,3;148,82
Isole;Sardegna;CA;E742;0;0;0;2;2,91;4,91
Centro;Marche;PS;E743;0;0;0;1,17;1;2,17
Sud;Calabria;CS;E745;0;3;2;2,5;1,5;9
Sud;Campania;AV;E746;0;1;0;0;0,67;1,67
Isole;Sardegna;SS;E747;1;0;5;2;0,5;8,5
Sud;Molise;CB;E748;1;0;2;1;0;4
Nord Ovest;Lombardia;CO;E749;1;8,02;21,6;10;8,5;49,12
Nord Ovest;Lombardia;CO;E750;1;7;6;3;5;22
Nord Ovest;Lombardia;BG;E751;2;8;4;8;3,5;25,5
Isole;Sardegna;SS;E752;1;3;2;2,8;1;9,8
Nord Ovest;Lombardia;CO;E753;6,61;17,61;37,5;27,28;25,83;114,83
Sud;Campania;CE;E754;5,5;6;16;34,42;25,33;87,25
Nord Ovest;Piemonte;TO;E758;12,83;35;24,5;11;21,5;104,83
Nord Ovest;Piemonte;TO;E759;0;1,67;2;0;1;4,67
Nord Est;Friuli- Venezia Giulia;UD;E760;0;2;4;1;4;11
Nord Est;Veneto;RO;E761;0;1,6;2,4;5;15;24
Nord Ovest;Piemonte;TO;E763;3;1,5;1;1;1;7,5
Sud;Campania;SA;E767;0;1;0;1;1;3
Nord Ovest;Lombardia;VA;E769;0;2;1;2;3;8
Nord Ovest;Lombardia;BG;E770;1,5;0,5;0,5;2,67;1;6,17
Nord Est;Emilia-Romagna;RE;E772;0;9;27;7,83;23,7;67,53
Sud;Calabria;CS;E773;0;4;3;6;3;16
Nord Ovest;Lombardia;LO;E777;0;0;0;0;0;0
Sud;Molise;IS;E778;0;1;3,99;1;1,5;7,49
Sud;Molise;IS;E779;0;0;0;2;1;3
Sud;Molise;CB;E780;0;3;2;1;0;6
Nord Ovest;Piemonte;TO;E782;0;3;1;4;10;18
Centro;Marche;MC;E783;17,67;85,67;92,25;79,02;50,68;325,29
Sud;Campania;CE;E784;9;9;12,63;8;13,17;51,8
Centro;Marche;PS;E785;0;2;3;2;6,5;13,5
Nord Ovest;Lombardia;MB;E786;2;36;43,15;8,5;13;102,65
Nord Ovest;Lombardia;BS;E787;0;4;2;3;2,5;11,5
Isole;Sardegna;NU;E788;4;3,2;11;9,3;14,5;42
Nord Ovest;Piemonte;CN;E789;0;2;0;0;0;2
Nord Ovest;Piemonte;VB;E790;4;11,56;2;2;3;22,56
Sud;Campania;CE;E791;19,34;37,64;70,18;61,57;58,59;247,32
Nord Ovest;Lombardia;CR;E793;2;8;4;5;7;26
Nord Ovest;Lombardia;BG;E794;0;7,5;14;10,4;2;33,9
Nord Ovest;Piemonte;VB;E795;5;4;1;2;1,5;13,5
Centro;Lazio;LT;E798;1;6;1,22;2,22;4,5;14,94
Sud;Molise;CB;E799;2;7;2;2;4;17
Nord Ovest;Lombardia;MI;E801;15,33;117,19;139,2;31,75;38,99;342,46
Nord Ovest;Piemonte;NO;E803;1;2;4;0;8,5;15,5
Nord Ovest;Lombardia;PV;E804;1;5;2;5,72;2,5;16,22
Centro;Umbria;PG;E805;8;32,83;38,33;22,5;36;137,66
Sud;Calabria;CZ;E806;0;4;1;1;1;7
Centro;Marche;AP;E807;0;0;2,17;2;1,5;5,67
Nord Ovest;Piemonte;CN;E808;0;5;2;3;9,5;19,5
Nord Ovest;Piemonte;CN;E809;1,5;4;2;2;13,5;23
Centro;Toscana;GR;E810;4;15;11;5;9,17;44,17
Sud;Abruzzo;AQ;E811;1;1;4,67;10,92;14;31,59
Centro;Lazio;RI;E812;1;4,5;3;6;9;23,5
Centro;Lazio;RM;E813;2;4;5;2;0;13
Sud;Campania;SA;E814;0;1;0;1;0;2
Sud;Puglia;LE;E815;4,5;24,05;18;18;25,02;89,57
Nord Ovest;Liguria;SV;E816;1;5,9;2;0;2;10,9
Nord Ovest;Piemonte;TO;E817;0;0;4;0;5;9
Nord Ovest;Lombardia;MN;E818;0;1;1,17;3;3;8,17
Nord Ovest;Lombardia;MI;E819;4,5;22;31,2;23,67;24;105,37
Nord Est;Friuli- Venezia Giulia;UD;E820;0;2;5;4;11;22
Nord Ovest;Piemonte;BI;E821;1,5;1;0;1;4;7,5
Isole;Sardegna;NU;E825;0;3;1;4;3,99;11,99
Nord Ovest;Lombardia;CO;E830;2,5;6;5,75;1;3;18,25
Nord Est;Friuli- Venezia Giulia;UD;E833;1;9;8,25;2;16,4;36,65
Sud;Calabria;CZ;E834;2,25;3,78;3;4,33;1,86;15,22
Sud;Calabria;CS;E835;2;4;0;1;0;7
Sud;Calabria;VV;E836;0;1;1,5;2,71;2,5;7,71
Centro;Marche;AN;E837;0;3;7,25;12,5;13;35,75
Nord Est;Emilia-Romagna;RN;E838;0;1;1;2;1;5
Sud;Campania;SA;E839;2;10;11,46;3,83;2;29,29
Nord Ovest;Lombardia;LO;E840;0;3;1;5;4;13
Nord Ovest;Lombardia;BS;E841;1;4;10,33;3,5;6,92;25,75
Nord Ovest;Liguria;SP;E842;1;3;3;3;3;13
Nord Ovest;Lombardia;CR;E843;0;4;3;5;4,25;16,25
Nord Est;Emilia-Romagna;BO;E844;6,5;42,33;47;13,96;19,7;129,49
Nord Est;Veneto;VR;E848;4;20,82;9,61;9,67;5,55;49,65
Nord Ovest;Lombardia;BS;E851;1;0;3;0;3,5;7,5
Nord Ovest;Lombardia;LO;E852;1;10;8;3,5;4;26,5
Nord Ovest;Piemonte;VB;E853;1;8,63;5;2;1;17,63
Isole;Sicilia;CT;E854;6;4,5;4;3,5;5;23
Isole;Sicilia;ME;E855;1;6;4,67;0;1,63;13,3
Nord Ovest;Lombardia;VA;E856;0;2,22;1,22;4;2;9,44
Nord Ovest;Lombardia;LC;E858;0;13;16,19;6;8;43,19
Sud;Calabria;CS;E859;0;0;0;0;1;1
Nord Ovest;Liguria;SV;E860;0;5;5;0;4;14
Nord Ovest;Lombardia;VA;E863;2,02;61,83;56,08;19;34,67;173,6
Nord Est;Veneto;VI;E864;1;29,67;44,42;29;55,47;159,56
Nord Ovest;Lombardia;BS;E865;4;3;7;2;2;18
Centro;Marche;AP;E868;1;0;5;3,67;4,4;14,07
Isole;Sicilia;ME;E869;1;0;1;0;0;2
Nord Ovest;Piemonte;AL;E870;0;0;0;0;0;0
Sud;Calabria;CS;E872;0;0;0;1;2;3
Sud;Calabria;RC;E873;3;1;4;0;1;9
Isole;Sardegna;NU;E874;0;1;0;1,25;2,9;5,15
Centro;Toscana;GR;E875;3;20,33;17;11,33;12,25;63,91
Isole;Sicilia;ME;E876;1;0;2,67;1;2;6,67
Isole;Sardegna;CA;E877;0;0;1;0;2;3
Sud;Calabria;CS;E878;19,17;13;5;2;2;41,17
Nord Ovest;Lombardia;LC;E879;4,6;28,1;30,19;12,21;15,6;90,7
Nord Ovest;Piemonte;NO;E880;0;0;0;0;2;2
Sud;Puglia;TA;E882;28,5;95,96;84,76;38,92;46;294,14
Nord Ovest;Lombardia;BS;E883;22,5;61,71;42,55;18,5;27,13;172,39
Nord Ovest;Lombardia;BS;E884;3;32;29,16;18,67;34,75;117,58
Sud;Puglia;FG;E885;59,76;182,42;132,1;101,21;51,66;527,15
Nord Ovest;Piemonte;CN;E887;0;2;0;1;5;8
Sud;Calabria;CS;E888;1;2;2;2;2;9
Nord Est;Friuli- Venezia Giulia;PN;E889;2;9;29,67;17;26,75;84,42
Sud;Campania;AV;E891;0;3,5;4;3;3;13,5
Sud;Abruzzo;PE;E892;2;8,5;13;6,5;14,5;44,5
Nord Est;Veneto;TV;E893;0;9,5;7,5;2;7,5;26,5
Nord Ovest;Piemonte;CN;E894;1;10;13,67;7;7,5;39,17
Nord Ovest;Lombardia;SO;E896;1;1;1;0;0;3
Nord Ovest;Lombardia;MN;E897;46,5;341,97;320,42;133,59;93,44;935,92
Nord Est;Friuli- Venezia Giulia;UD;E899;1;5;18,22;11,5;18,34;54,06
Centro;Lazio;RM;E900;4;26;31,5;19;23,33;103,83
Nord Ovest;Lombardia;BG;E901;1;11,5;22,5;19,5;20;74,5
Isole;Sardegna;SS;E902;0;0;0;1;0,5;1,5
Isole;Sardegna;CA;E903;1;27,37;16,78;10,02;14,39;69,56
Nord Est;Emilia-Romagna;MO;E904;2,5;32;55,44;31,16;29,5;150,6
Nord Est;Emilia-Romagna;MO;E905;0,5;19,5;24;8;11,33;63,33
Sud;Campania;NA;E906;21;54,01;84,44;88,05;39,44;286,94
Nord Ovest;Piemonte;NO;E907;0;3;1,5;7;2,5;14
Centro;Lazio;RM;E908;4;1;0;1;0;6
Nord Est;Friuli- Venezia Giulia;UD;E910;2;7;7;7;7;30
Nord Est;Veneto;VR;E911;8,6;1;4;3,18;4,18;20,96
Nord Est;Veneto;VI;E912;0;18,84;17;14;27,5;77,34
Sud;Calabria;CS;E914;1;0;1;0;1;3
Sud;Calabria;CS;E915;0;0;5;1;3;9
Nord Ovest;Piemonte;AT;E917;0;0;0;1;3;4
Sud;Basilicata;PZ;E919;3,91;6,99;2;2,5;8,5;23,9
Nord Ovest;Lombardia;MI;E921;3;16,5;16,5;13;16,75;65,75
Nord Ovest;Lombardia;MN;E922;1,75;9;10;10;25,67;56,42
Sud;Calabria;CZ;E923;0;0;1;0;0;1
Centro;Lazio;RM;E924;3;18,6;13;3;4,5;42,1
Sud;Calabria;CZ;E925;2;2;1;1;4;10
Centro;Lazio;RI;E927;0;1;1;0;0;2
Nord Ovest;Lombardia;BS;E928;0;5,11;8,5;5,72;2,67;22
Nord Ovest;Lombardia;VA;E929;2;7;8;7;9,5;33,5
Centro;Toscana;LI;E930;11,52;20,64;9;3,5;3;47,66
Centro;Toscana;LI;E931;5,07;14,4;7,5;0;1,5;28,47
Sud;Campania;CE;E932;16,6;13,93;30,6;14,6;44,44;120,17
Centro;Toscana;AR;E933;0;3;6;4;7;20
Nord Ovest;Lombardia;PV;E934;2;11;7;3;0;23
Nord Est;Veneto;VE;E936;1;98,67;69,86;30,34;44,83;244,7
Nord Ovest;Piemonte;CN;E939;0;5;10;9,5;19;43,5
Nord Est;Veneto;TV;E940;0;18,5;21,5;10;14,83;64,83
Nord Ovest;Piemonte;TO;E941;0;2;3;0;8;13
Nord Ovest;Piemonte;AT;E944;0;0;0;0;4;4
Nord Ovest;Piemonte;CN;E945;0;0;1;1;4;6
Sud;Puglia;FG;E946;64,74;64,39;30;26,17;7;192,3
Nord Ovest;Lombardia;LC;E947;6;12;3,5;1,25;1,5;24,25
Nord Ovest;Lombardia;MN;E949;0;0;0;0;2;2
Nord Ovest;Lombardia;CO;E951;14,75;98,77;98,49;28,01;39;279,02
Isole;Sicilia;CL;E953;0;0;1;3;1;5
Sud;Campania;NA;E954;0;4;19;12;7,67;42,67
Sud;Campania;NA;E955;13,33;24;36,5;31,78;43,83;149,44
Sud;Calabria;RC;E956;0;7,25;3;4;6,42;20,67
Isole;Sicilia;PA;E957;1;1,8;7;5;9;23,8
Centro;Lazio;RM;E958;48,07;339,48;139,39;78,83;47,28;653,05
Centro;Toscana;PT;E960;1;12;6,5;12,67;15,5;47,67
Nord Ovest;Lombardia;BS;E961;0;3;3;1,5;2;9,5
Nord Ovest;Lombardia;MN;E962;1;14,5;13,83;16;31,63;76,96
Nord Ovest;Piemonte;CN;E963;1;5;3;1,04;2,5;12,54
Nord Ovest;Lombardia;VA;E965;2;17;33;9;17;78
Nord Ovest;Lombardia;BS;E967;2;14,46;10;14,42;6,5;47,38
Sud;Calabria;RC;E968;1;2;0;0;1;4
Nord Est;Veneto;VI;E970;1,67;31;32,5;27,5;35,5;128,17
Centro;Toscana;FI;E971;1;9,5;11,17;7,5;12;41,17
Isole;Sardegna;OR;E972;2;3;4,5;7,33;18,3;35,13
Nord Ovest;Piemonte;CN;E973;0;0;0;0;2;2
Isole;Sicilia;TP;E974;40,75;82,5;110,45;113,84;118,58;466,12
Centro;Umbria;PG;E975;5;24,67;23,5;24,09;38,67;115,93
Sud;Basilicata;PZ;E976;3;0,5;2;1,5;5;12
Sud;Basilicata;PZ;E977;3;4,5;10;11;10,67;39,17
Centro;Lazio;VT;E978;4;12;13;6,28;5;40,28
Sud;Puglia;LE;E979;3;7,5;12,5;6;11;40
Nord Est;Veneto;VE;E980;3;47,5;72,83;53,39;56,57;233,29
Nord Est;Friuli- Venezia Giulia;UD;E982;2,04;8;20,5;8;33,32;71,86
Nord Ovest;Lombardia;CR;E983;0;2;9,67;9;6,25;26,92
Sud;Puglia;LE;E984;0,67;0;0;2;2;4,67
Sud;Puglia;TA;E986;68,17;92,96;108,71;73,58;78,41;421,83
Nord Ovest;Lombardia;BG;E987;5;34;32,25;24,5;17;112,75
Nord Ovest;Piemonte;CN;E988;0;3;2,75;3;3;11,75
Sud;Abruzzo;TE;E989;43,67;141,16;56,75;22;15,5;279,08
Sud;Calabria;CZ;E991;0;0;0;0;1,5;1,5
Isole;Sardegna;SS;E992;0;0;2;0;1;3
Sud;Calabria;RC;E993;0;3;1;1;1;6
Nord Ovest;Lombardia;LO;E994;1;10;9;1;3;24
Sud;Puglia;TA;E995;11,42;33,17;23,25;7;14;88,84
Sud;Campania;AV;E997;0;0;2;1;2;5
Sud;Campania;CE;E998;0;4;4;1;5;14
Nord Ovest;Lombardia;PV;E999;0;3;6;0;7;16
Sud;Calabria;CS;F001;0;0;3;2;1;6
Nord Ovest;Lombardia;VA;F002;1;1,75;0;0,75;1;4,5
Nord Ovest;Lombardia;MI;F003;3;23,97;49;14;10,25;100,22
Isole;Sicilia;CT;F004;29,71;71,75;27,75;23;16;168,21
Isole;Sicilia;CT;F005;3;24;85,42;47,9;69,42;229,74
Sud;Basilicata;PZ;F006;2;2;1;1;0,56;6,56
Nord Ovest;Lombardia;VA;F007;0;0;0;0;0;0
Nord Est;Veneto;TV;F009;0;7,11;5,5;5,34;6,83;24,78
Nord Ovest;Piemonte;VB;F010;1;0;3;1,5;3;8,5
Nord Est;Veneto;PD;F011;1;22,25;35,25;27;38,25;123,75
Nord Est;Veneto;TV;F012;0;23,14;21,2;13,51;27,07;84,92
Nord Est;Veneto;PD;F013;0;0;1,5;5;11,25;17,75
Nord Ovest;Piemonte;AL;F015;0;0;0;1;3;4
Nord Est;Emilia-Romagna;FE;F016;0,33;5,42;5;7,5;8,75;27
Nord Ovest;Lombardia;CO;F017;8;17;8;3;4,25;40,25
Nord Ovest;Liguria;GE;F020;0;6;7,08;5;2;20,08
Centro;Marche;AP;F021;0;0;0;0;1,67;1,67
Sud;Abruzzo;AQ;F022;3;1,5;1;3;0;8,5
Centro;Toscana;MS;F023;40,69;200,41;137,01;79,2;67,37;524,68
Centro;Umbria;PG;F024;1;4,4;8;4;8,9;26,3
Centro;Toscana;PT;F025;2;18,42;13,89;11,5;12,67;58,48
Sud;Puglia;TA;F027;12;41,37;51,12;67,5;35,29;207,28
Nord Ovest;Lombardia;LO;F028;0;23;11,18;10,5;7;51,68
Nord Est;Emilia-Romagna;RA;F029;6;30,67;24,6;17,5;24,95;103,72
Sud;Campania;NA;F030;5;17,84;20;14;16;72,84
Centro;Toscana;GR;F032;10;41,5;22,03;19,25;10,94;103,72
Nord Est;Veneto;PD;F033;0;12,5;4,2;8;9,5;34,2
Centro;Toscana;LU;F035;5;36,5;48,17;24,33;55,2;169,2
Nord Ovest;Piemonte;BI;F037;0;0;2;1;1;4
Nord Ovest;Piemonte;TO;F041;1;1;1;0;0;3
Nord Ovest;Piemonte;BI;F042;5;4;5;6,5;5;25,5
Sud;Campania;CE;F043;2;5;3;3;3,25;16,25
Centro;Marche;AP;F044;5;3;6;2;3;19
Nord Ovest;Liguria;SV;F046;0;1;1;0;2;4
Nord Ovest;Piemonte;NO;F047;8,5;3;6;5;3,17;25,67
Nord Ovest;Piemonte;VB;F048;0;3;0;0;0;3
Isole;Sardegna;OR;F050;2;0;0,13;0,5;3,02;5,65
Centro;Marche;MC;F051;1;11;20,97;19,67;14,5;67,14
Sud;Basilicata;MT;F052;21,12;138,09;212,52;121,57;79,97;573,27
Nord Ovest;Piemonte;TO;F053;4;5,5;9,5;3;12;34
Sud;Puglia;LE;F054;30,34;32;11,5;12,5;17,5;103,84
Sud;Molise;CB;F055;0;2;1;1;1;5
Nord Ovest;Piemonte;TO;F058;4;7;4,99;5;1;21,99
Sud;Puglia;FG;F059;5;19,12;11,5;2;2;39,62
Isole;Sicilia;TP;F061;11,5;38,84;59,56;65,67;76,36;251,93
Nord Ovest;Lombardia;BS;F063;5;32,5;37,6;21,5;46,17;142,77
Centro;Lazio;RM;F064;3;12,5;3;1;5,5;25
Isole;Sicilia;CL;F065;16,5;21,73;19,83;11,33;12;81,39
Isole;Sicilia;ME;F066;0;0;0;0;0;0
Nord Ovest;Piemonte;TO;F067;2;6,5;1;10,5;27,11;47,11
Nord Ovest;Lombardia;SO;F070;3,33;2;1;3;2;11,33
Isole;Sardegna;NU;F073;0;0;1;0;0;1
Nord Ovest;Piemonte;TO;F074;2;5;5;2;5;19
Nord Ovest;Lombardia;MB;F078;8;125,83;109,17;37,5;30,05;310,55
Nord Ovest;Lombardia;PV;F080;0,72;24,5;20,22;13,93;17,75;77,12
Nord Est;Emilia-Romagna;PR;F082;6,2;35,2;45;19,9;26,5;132,8
Nord Est;Emilia-Romagna;BO;F083;15;63;69;28,84;39,25;215,09
Nord Ovest;Lombardia;MI;F084;2,53;65,11;44;20;18,5;150,14
Nord Ovest;Lombardia;BG;F085;2;4;5;4,5;1;16,5
Nord Ovest;Lombardia;MN;F086;1;7;7;6,5;23,33;44,83
Nord Est;Emilia-Romagna;MO;F087;0,95;6;17,1;16,5;36,42;76,97
Nord Est;Veneto;TV;F088;0,5;3;6;1,5;11,5;22,5
Nord Est;Friuli- Venezia Giulia;PN;F089;0;1;0;2,5;6;9,5
Nord Est;Veneto;PD;F092;0;5,99;2;3;3;13,99
Nord Ovest;Piemonte;NO;F093;4;9,99;12;9,6;5,5;41,09
Nord Est;Veneto;RO;F095;0,5;3;0;0,5;6;10
Nord Ovest;Piemonte;AL;F096;0;0;1,33;1;7,06;9,39
Nord Est;Emilia-Romagna;FO;F097;6,5;24,08;27,67;16,17;20;94,42
Nord Ovest;Liguria;GE;F098;1;7;12;2,5;3;25,5
Nord Ovest;Lombardia;MI;F100;41,7;104,25;58,33;25,16;20,33;249,77
Sud;Puglia;LE;F101;20,5;78,44;29,33;12,08;23,5;163,85
Nord Ovest;Lombardia;LO;F102;1;0;0;0;1;2
Sud;Basilicata;PZ;F104;18,5;26,8;22,97;30,09;20,33;118,69
Sud;Calabria;RC;F105;0;1;0;1;1;3
Sud;Calabria;RC;F106;1;0;1;1,75;3,89;7,64
Isole;Sicilia;SR;F107;2;18,5;26,33;26,17;12,2;85,2
Sud;Calabria;KR;F108;6;8;8;5;5,5;32,5
Sud;Puglia;LE;F109;1;6;3;3;3;16
Sud;Campania;AV;F110;0;1;0;2;2;5
Sud;Campania;NA;F111;7;25,5;54,22;35;26;147,72
Sud;Calabria;RC;F112;1;8;15,5;12;8;44,5
Sud;Campania;BN;F113;0;1;0;0;3;4
Nord Ovest;Piemonte;CN;F114;0;5;2;1;1;9
Nord Ovest;Lombardia;SO;F115;1;1;2;0;0;4
Nord Est;Veneto;TV;F116;3,5;31,25;20,5;16;40,41;111,66
Sud;Puglia;LE;F117;1;1,5;5;3,75;3;14,25
Nord Ovest;Lombardia;MI;F119;20;103,45;78;19;19,75;240,2
Nord Ovest;Lombardia;CO;F120;5;12;13;13;8;51
Nord Ovest;Lombardia;PV;F122;0;2;2;4;6,5;14,5
Nord Ovest;Liguria;IM;F123;0;2;1;0;1;4
Sud;Calabria;CS;F125;1;4;9;10,5;18,5;43
Isole;Sicilia;AG;F126;2;10,66;11,67;9;10,63;43,96
Centro;Lazio;RM;F127;21;83,1;53,43;28,38;23,58;209,49
Nord Est;Veneto;VE;F130;0;11,5;14;12;10;47,5
Nord Ovest;Piemonte;AL;F131;0;0;0;0;0;0
Nord Ovest;Lombardia;LC;F133;12,52;30,25;53,17;30,3;29,75;155,99
Nord Ovest;Lombardia;VA;F134;1;1;5;3;7;17
Centro;Marche;PS;F135;0;0;5;2;5,5;12,5
Centro;Marche;PS;F136;1;0,67;3,44;2;2;9,11
Nord Est;Emilia-Romagna;RN;F137;3;14,05;11,5;4,33;12,67;45,55
Sud;Campania;SA;F138;8,5;34,33;35;26,5;23,74;128,07
Nord Est;Emilia-Romagna;FO;F139;2;6;6,5;15,8;28,84;59,14
Nord Ovest;Piemonte;TO;F140;0;0;1;0;15;16
Sud;Campania;AV;F141;3;12,5;26;21;15,67;78,17
Nord Est;Friuli- Venezia Giulia;UD;F144;0;1;2;0,83;7,5;11,33
Centro;Marche;AN;F145;0;2;2;5;0;9
Nord Ovest;Piemonte;VB;F146;2;10;6;5;6;29
Isole;Sicilia;ME;F147;1;1;2;4;0,5;8,5
Nord Est;Veneto;PD;F148;1;0;0;4,5;15;20,5
Nord Ovest;Lombardia;LO;F149;2;3;11;5;2;23
Nord Ovest;Lombardia;CO;F151;0;9;5,5;5,75;9,5;29,75
Sud;Puglia;BR;F152;10;39;62,67;41,19;39,23;192,09
Nord Ovest;Lombardia;SO;F153;2;3;0;0,5;2;7,5
Nord Ovest;Lombardia;VA;F154;0;0;1;8;8;17
Nord Ovest;Lombardia;MI;F155;1;14;14;5,5;14,17;48,67
Nord Est;Emilia-Romagna;FE;F156;4,82;8;11,02;6,23;16,33;46,4
Sud;Calabria;KR;F157;2;8,83;4;2;4;20,83
Isole;Sicilia;ME;F158;100,24;510,85;425,86;379,89;245,54;1662,38
Nord Est;Veneto;PD;F161;1,5;41,67;45,5;15,5;27,25;131,42
Sud;Campania;NA;F162;3,5;8,67;9,63;9,76;6,33;37,89
Nord Ovest;Lombardia;MB;F165;2;14;15,56;3,17;7;41,73
Nord Ovest;Piemonte;BI;F167;1;3,5;1;4;2;11,5
Nord Ovest;Lombardia;PV;F170;0;0;0;1;4,6;5,6
Nord Ovest;Lombardia;PV;F171;0;0;0;1;2;3
Nord Est;Veneto;VR;F172;1;2;1,5;7;11;22,5
Nord Ovest;Liguria;GE;F173;0,5;2;1,5;1;6,5;11,5
Nord Ovest;Lombardia;PV;F175;0;2;2;3;3,5;10,5
Nord Ovest;Piemonte;TO;F182;1,5;5;4,5;0,5;1,5;13
Isole;Sicilia;PA;F184;1;1,15;4;4;1;11,15
Nord Ovest;Lombardia;BG;F186;0;2,33;1;1;0,5;4,83
Nord Ovest;Piemonte;NO;F188;0;0;5,5;2,5;1,5;9,5
Nord Ovest;Piemonte;BI;F189;0;0;0;1;1;2
Nord Est;Veneto;TV;F190;0;2;5,5;4,5;15,83;27,83
Nord Ovest;Piemonte;NO;F191;3;3;0;1;1,5;8,5
Nord Ovest;Piemonte;VB;F192;1;3,78;0;2;1;7,78
Centro;Lazio;RI;F193;3;0;1;0;0;4
Sud;Puglia;LE;F194;1;2;3;3;5;14
Sud;Abruzzo;CH;F196;0;7;6;5,5;3;21,5
Sud;Calabria;CZ;F200;0;1;1,44;1;1;4,44
Sud;Basilicata;MT;F201;2;5;4;2;1;14
Nord Ovest;Liguria;GE;F202;0;8,25;9;4;4,01;25,26
Sud;Campania;CE;F203;4;4;8;1;4,5;21,5
Nord Ovest;Lombardia;MI;F205;4735,93;9182,78;4430,26;1772,25;1528,57;21649,79
Isole;Sicilia;ME;F206;19;61,05;66,41;72,7;46,33;265,49
Sud;Calabria;VV;F207;4;5,67;3,17;4;2;18,84
Isole;Sardegna;OR;F208;2;0;3;1;0,9;6,9
Isole;Sicilia;CT;F209;5,86;7,75;11,16;7;3,83;35,6
Isole;Sicilia;ME;F210;0;2;0;1;0;3
Nord Ovest;Liguria;SV;F213;0;6;13,5;7;5;31,5
Isole;Sicilia;CT;F214;0,5;2;2;2;1;7,5
Nord Ovest;Lombardia;BS;F216;2;4;3;2;5,25;16,25
Isole;Sicilia;CT;F217;7;14,5;10;5,33;13,33;50,16
Nord Est;Veneto;VR;F218;1;6;11;14;18,83;50,83
Nord Est;Emilia-Romagna;BO;F219;8,1;34;36,04;16,55;20,72;115,41
Sud;Puglia;BA;F220;19,81;25,55;15,13;13,17;4;77,66
Sud;Puglia;LE;F221;0;2;5,75;2;8,71;18,46
Sud;Campania;SA;F223;2,37;8,19;2;0;1;13,56
Centro;Lazio;LT;F224;29,33;62,92;49,33;22,42;20,59;184,59
Centro;Toscana;LU;F225;1,33;2,5;4,5;4;5,5;17,83
Nord Ovest;Liguria;SV;F226;1,2;5;0,2;1;2;9,4
Nord Est;Veneto;VE;F229;13,75;123,5;117,11;64,84;79,75;398,95
Sud;Campania;AV;F230;0;0;3;3;5,66;11,66
Isole;Sicilia;CT;F231;5;1;7;6;12,25;31,25
Nord Ovest;Piemonte;AL;F232;0;0;1;2;3;6
Sud;Molise;CB;F233;0;2,5;3;3;3,33;11,83
Nord Ovest;Lombardia;PV;F238;0;7;7;6;18,5;38,5
Sud;Molise;IS;F239;0;1;0;0;0;1
Nord Est;Emilia-Romagna;MO;F240;6,01;75,14;91,25;45,5;76,26;294,16
Nord Est;Veneto;VE;F241;7;72,75;74,83;59,67;88,11;302,36
Isole;Sicilia;ME;F242;4;1;4;0;1;10
Nord Ovest;Lombardia;BG;F243;2;6,5;6;2;6,34;22,84
Nord Est;Emilia-Romagna;RN;F244;31,6;89,23;65;18,5;12;216,33
Isole;Sicilia;PA;F246;14;34,5;37,84;35,5;32,67;154,51
Nord Ovest;Lombardia;MB;F247;0;16;19,6;14;11;60,6
Nord Ovest;Lombardia;LC;F248;9;36,5;36;15,75;16,67;113,92
Sud;Basilicata;PZ;F249;0;1;0;0;0;1
Isole;Sicilia;CT;F250;8,6;48,68;71,5;70,47;53,25;252,5
Isole;Sicilia;ME;F251;2;6;11;6;7;32
Nord Ovest;Piemonte;AT;F254;0;0;1;1;5;7
Nord Ovest;Liguria;GE;F256;3,96;7,5;6;2;3,38;22,84
Nord Est;Emilia-Romagna;MO;F257;152,7;568,66;719,29;358,34;351,16;2150,15
Isole;Sicilia;RG;F258;38,75;96,61;81,36;103,97;77,83;398,52
Nord Est;Emilia-Romagna;FO;F259;1;7;8,27;10;6,92;33,19
Nord Ovest;Lombardia;LO;F260;3,5;34;19;10,79;8,14;75,43
Isole;Sardegna;NU;F261;0;1;0;0;0;1
Sud;Puglia;BA;F262;13;43,75;94,28;51,14;21;223,17
Nord Ovest;Lombardia;LC;F265;8,03;19,03;6;2;0;35,06
Nord Est;Friuli- Venezia Giulia;UD;F266;0;0;0;1,5;0;1,5
Nord Ovest;Lombardia;MN;F267;0;5;7;3;15,17;30,17
Centro;Marche;MC;F268;1;2;2;6;5;16
Nord Est;Veneto;TV;F269;10;95,74;137,83;47,08;120,5;411,15
Isole;Sardegna;OR;F270;0;0;0;1;1;2
Isole;Sardegna;OR;F271;0;0;0;0;0;0
Isole;Sardegna;OR;F272;1;1;1;6;9,5;18,5
Sud;Campania;BN;F274;1;3;2;2;9,5;17,5
Nord Est;Friuli- Venezia Giulia;UD;F275;0;0;2,5;2;3,17;7,67
Nord Ovest;Lombardia;BG;F276;0;1;0;1;1;3
Isole;Sicilia;ME;F277;1;0;0;3;1;5
Sud;Campania;SA;F278;0;0;2;2;2,83;6,83
Nord Ovest;Piemonte;CN;F279;0;0;0;0;0;0
Sud;Puglia;BA;F280;18,3;44,4;59,17;28,89;17,58;168,34
Nord Ovest;Piemonte;AL;F281;0;8,5;5;2;8;23,5
Centro;Toscana;LU;F283;0;2;0;2;4;8
Sud;Puglia;BA;F284;63,45;186,9;190,33;106,17;36;582,85
Sud;Campania;BN;F287;0;3;0,5;0;2,5;6
Nord Est;Emilia-Romagna;BO;F288;8;58,5;71;32,33;31,91;201,74
Nord Ovest;Liguria;IM;F290;1;6;0;2;2;11
Nord Ovest;Piemonte;AL;F293;0;0;0;0;5;5
Sud;Molise;CB;F294;0;0;0;0;0;0
Sud;Basilicata;PZ;F295;3;1,5;1,5;2;1;9
Nord Ovest;Piemonte;VC;F297;0;2;1;0;0;3
Isole;Sicilia;AG;F299;19;19;23,34;33,8;14;109,14
Sud;Calabria;RC;F301;1;2;1,11;1;2,11;7,22
Nord Ovest;Lombardia;LC;F304;5;6;7;5,75;7;30,75
Nord Ovest;Lombardia;CO;F305;0;7;3,06;2,17;8,55;20,78
Nord Ovest;Piemonte;AT;F308;0;0;0;1;1;2
Nord Ovest;Piemonte;CN;F309;0;0;0;2;4;6
Centro;Marche;PS;F310;3;4;3;4;9,5;23,5
Nord Ovest;Piemonte;AT;F311;0;3;1;1;5,5;10,5
Nord Ovest;Piemonte;CN;F312;0;3;0;0;1;4
Nord Ovest;Piemonte;AL;F313;0;1,09;0;0;7;8,09
Nord Ovest;Piemonte;TO;F315;0;0;0;1;2,5;3,5
Nord Ovest;Piemonte;AT;F316;0;2;0,2;3,2;11,7;17,1
Nord Ovest;Piemonte;NO;F317;0,5;5;1;6;4,5;17
Nord Ovest;Piemonte;TO;F318;1;6;0;0;1;8
Centro;Lazio;RI;F319;2,5;4,78;1;2;3;13,28
Nord Ovest;Piemonte;AL;F320;0;0;0;0;1;1
Sud;Molise;CB;F322;0;0;1;0;0;1
Nord Ovest;Piemonte;AT;F323;0;0;4;1,17;5;10,17
Sud;Calabria;RC;F324;3;5,33;8;8;2,61;26,94
Nord Ovest;Piemonte;AT;F325;0;0;0;2,92;2;4,92
Nord Ovest;Piemonte;CN;F326;1;0;1;3;4,5;9,5
Nord Ovest;Piemonte;TO;F327;6,75;11,76;1,5;2;0;22,01
Nord Ovest;Lombardia;BG;F328;3;11;0;2;3,54;19,54
Nord Ovest;Piemonte;CN;F329;0;2;1;0;0;3
Nord Ovest;Piemonte;CN;F330;1;1;5;4;4,5;15,5
Nord Est;Veneto;TV;F332;1;14;10;9;16,44;50,44
Isole;Sardegna;CA;F333;1;3;5,5;4,83;2,1;16,43
Nord Ovest;Piemonte;TO;F335;44;252,49;176,28;58,42;105,81;637
Nord Ovest;Piemonte;AT;F336;2;8;6,42;5;15,5;36,92
Nord Ovest;Piemonte;AL;F337;0;1;0;0;2;3
Nord Ovest;Piemonte;CN;F338;0;0;2;2;2;6
Nord Est;Emilia-Romagna;PR;F340;2;6;5,5;2;7,33;22,83
Nord Ovest;Piemonte;VC;F342;0;1;0;2;8;11
Nord Ovest;Piemonte;AT;F343;0;0;1;2;5;8
Nord Est;Emilia-Romagna;RN;F346;1;5;2;0;4;12
Centro;Marche;PS;F347;0;2;4,5;5;8;19,5
Centro;Marche;PS;F348;19;105,83;35;18,2;17;195,03
Nord Ovest;Piemonte;CN;F351;4,09;57,54;71;50;45;227,63
Sud;Campania;CE;F352;20,07;68,67;45,17;25,52;47,3;206,73
Nord Ovest;Liguria;GE;F354;8;23,5;9,5;5;6,5;52,5
Nord Ovest;Piemonte;CN;F355;0;1;1;1;2;5
Nord Est;Emilia-Romagna;MO;F357;9,5;40,66;33;23;33,25;139,41
Nord Ovest;Piemonte;CN;F358;1;5;1;6;9;22
Isole;Sicilia;ME;F359;2;2,5;5;3,5;3;16
Nord Est;Veneto;TV;F360;1;6;5,17;1;4;17,17
Nord Ovest;Piemonte;AT;F361;0;1;0;0;5;6
Nord Est;Emilia-Romagna;BO;F363;1,67;17,27;14,92;3,71;17,86;55,43
Sud;Calabria;VV;F364;0;1;1;0;1;3
Nord Ovest;Piemonte;AL;F365;1;1;0;1;3;6
Nord Ovest;Valle d'Aosta;AO;F367;1;3;6,25;0;3,25;13,5
Isole;Sicilia;ME;F368;1;0;0;0;0;1
Nord Ovest;Piemonte;BI;F369;2;7;5,5;4,67;7,5;26,67
Sud;Calabria;CS;F370;1;1;1;0;0;3
Nord Ovest;Lombardia;CO;F372;1;5;6;1;4,95;17,95
Nord Ovest;Lombardia;BS;F373;4;33,52;10,5;8;18,5;74,52
Nord Ovest;Piemonte;AL;F374;0;0;2;0;0;2
Nord Ovest;Lombardia;BS;F375;2;4;0;1;0;7
Sud;Puglia;BA;F376;40;136,53;148,57;111,31;77,18;513,59
Isole;Sicilia;PA;F377;36,67;61,14;63,59;50,64;45,59;257,63
Centro;Marche;AP;F379;0;0;0;0,5;3;3,5
Centro;Marche;AP;F380;1;5;5,5;3;2;16,5
Centro;Marche;AN;F381;0,75;7;8,64;8,9;8,75;34,04
Nord Est;Veneto;PD;F382;0,75;38,36;35,67;32,58;55,25;162,61
Isole;Sardegna;CA;F383;3;47;23,42;25,75;23,34;122,51
Centro;Toscana;PT;F384;3;45,17;42,33;31,34;39,33;161,17
Nord Ovest;Piemonte;CN;F385;1;5;7;6;12,5;31,5
Nord Ovest;Piemonte;AT;F386;0;2;0;1;4;7
Nord Ovest;Piemonte;AL;F387;0,83;2;0;1;1,83;5,66
Nord Ovest;Piemonte;AT;F390;0;1;0;0;7;8
Sud;Molise;CB;F391;1;2,17;1;2;1,33;7,5
Nord Ovest;Lombardia;SO;F393;2,53;3,75;4,75;1;3;15,03
Nord Est;Veneto;PD;F394;6;15;21;16,33;40,29;98,62
Isole;Sicilia;ME;F395;0;3;1;1;1;6
Sud;Campania;AV;F397;1,5;1,67;1;0;0;4,17
Centro;Toscana;FI;F398;2;14,83;8,5;10;7,33;42,66
Sud;Basilicata;MT;F399;1;9;10,08;3,5;3;26,58
Isole;Sicilia;ME;F400;0;2;2;1;4,5;9,5
Centro;Marche;AN;F401;0;4,5;13;7,75;15,14;40,39
Nord Ovest;Piemonte;AL;F403;0;0;0;0;0;0
Nord Ovest;Piemonte;AL;F404;0;2;3;0;4;9
Nord Ovest;Piemonte;CN;F405;7,5;5;1;0;0,5;14
Nord Ovest;Piemonte;TO;F407;3;2;2;7;7,33;21,33
Nord Ovest;Piemonte;CN;F408;0;0;2;1;5;8
Nord Ovest;Piemonte;AT;F409;0;0;4;2;8;14
Centro;Toscana;PT;F410;1;14,39;20;12,5;30,97;78,86
Nord Ovest;Piemonte;TO;F411;0;0;3;1;4;8
Isole;Sicilia;AG;F414;4;8;3;0;1;16
Centro;Marche;AP;F415;1;2;2,17;2,33;4;11,5
Sud;Calabria;CS;F416;7;33,39;42;39;32,28;153,67
Nord Ovest;Lombardia;PV;F417;0;1;1;2;4;8
Centro;Lazio;VT;F419;16,67;80,18;46,17;19;12,14;174,16
Nord Ovest;Piemonte;TO;F420;0;2;7;10;8;27
Nord Ovest;Piemonte;TO;F422;1;11,17;10;4,6;12,72;39,49
Nord Ovest;Lombardia;LO;F423;1;9;10,33;5,66;6,25;32,24
Nord Ovest;Piemonte;CN;F424;1;1;0;0;1;3
Sud;Campania;SA;F426;7,5;3;1;2;2,88;16,38
Nord Ovest;Lombardia;CO;F427;3;19;24,17;10,17;15,84;72,18
Centro;Marche;AP;F428;0;1;1,5;1;2,5;6
Sud;Molise;IS;F429;1;1;1;0;3;6
Centro;Lazio;RI;F430;0;2;3;0;0;5
Sud;Calabria;CZ;F432;8;14;8;5;3,67;38,67
Sud;Abruzzo;CH;F433;0;0;0;0;0;0
Nord Ovest;Lombardia;CR;F434;0;5;3;3,5;4;15,5
Centro;Toscana;GR;F437;29,68;69,57;46,6;20,25;24,11;190,21
Nord Ovest;Lombardia;PV;F440;0;2;5;6;3;16
Sud;Abruzzo;PE;F441;0;2;1;0;4;7
Nord Est;Veneto;VI;F442;1;8,34;14,92;17,39;14,63;56,28
Nord Est;Veneto;TV;F443;25;84,42;55,77;66,05;97,08;328,32
Nord Ovest;Liguria;GE;F445;0;2;1;0;0;3
Centro;Lazio;RI;F446;0,5;3;1;0;1;5,5
Sud;Campania;AV;F448;4;1;8;3;6,33;22,33
Nord Ovest;Lombardia;PV;F449;1;0;0;2;3;6
Centro;Marche;PS;F450;1;4,5;0;0;7,5;13
Centro;Toscana;LU;F452;2;3;4;2,5;13;24,5
Centro;Marche;AN;F453;0;1;3,5;3;5,5;13
Centro;Marche;MC;F454;1;5,67;8;7,33;8,67;30,67
Nord Ovest;Piemonte;AL;F455;0;0;0;2;1,6;3,6
Centro;Umbria;PG;F456;0;1;3,5;3,5;6;14
Centro;Umbria;TR;F457;0,67;12;7;10,6;13;43,27
Centro;Toscana;PI;F458;1;6;9;1;6,25;23,25
Centro;Marche;MC;F460;0;0;0;0;1;1
Nord Est;Veneto;VR;F461;0;3;4;9,96;8,88;25,84
Centro;Umbria;TR;F462;2,25;0;0;1,88;5,5;9,63
Nord Est;Emilia-Romagna;RE;F463;2;39,5;39;18,67;30,3;129,47
Nord Est;Veneto;VI;F464;16,67;97,1;93,75;70,5;59,12;337,14
Nord Est;Veneto;VI;F465;0;7;6;6,5;9,84;29,34
Centro;Marche;PS;F467;0;0;1;2;4;7
Nord Ovest;Piemonte;AT;F468;3;3;6;2;7;21
Nord Ovest;Piemonte;AL;F469;0;2;0;1;1;4
Nord Ovest;Lombardia;BS;F471;15,01;85,8;71,37;55,12;85,3;312,6
Nord Est;Emilia-Romagna;PR;F473;5;31;48,5;20,5;34,25;139,25
Sud;Molise;CB;F475;1,42;1;1,5;0;2,42;6,34
Centro;Lazio;RM;F477;15;43,5;23;7,6;8;97,1
Centro;Marche;PS;F478;1;2;2;2;2;9
Sud;Campania;SA;F479;5,67;20,17;8;4,83;4,57;43,24
Sud;Campania;SA;F480;1;19;33;23;16;92
Sud;Campania;SA;F481;6,25;13;26,5;22,75;12;80,5
Centro;Marche;MC;F482;2,5;10,5;17;20,5;9;59,5
Nord Ovest;Piemonte;VB;F483;1;4;1;2;1,5;9,5
Nord Est;Emilia-Romagna;MO;F484;3,17;14,5;5,67;2;3,5;28,84
Nord Est;Veneto;VI;F486;0;7;4;3;16;30
Centro;Marche;AP;F487;0;0;1;1;0,5;2,5
Sud;Campania;NA;F488;7,9;11,9;11;7;3;40,8
Isole;Sicilia;CL;F489;2,34;4,9;5,9;2;0,75;15,89
Sud;Campania;AV;F491;1;0,33;4,89;2;5;13,22
Centro;Umbria;PG;F492;0;4;8;5;12,22;29,22
Centro;Marche;AP;F493;0;0;0;0;1;1
Sud;Campania;BN;F494;1;1;2;0;0;4
Sud;Molise;CB;F495;1;1;2;0,61;1,5;6,11
Centro;Marche;MC;F496;2;1;5;0;4;12
Centro;Marche;PS;F497;0;4;1,5;3,33;2,67;11,5
Sud;Abruzzo;CH;F498;0;0;0;1;0;1
Centro;Lazio;VT;F499;6;20,67;23;27,17;24,96;101,8
Sud;Abruzzo;TE;F500;0;0;1,5;1;1;3,5
Centro;Marche;AP;F501;1;3;5;4;8;21
Nord Est;Emilia-Romagna;RN;F502;2;5;7;6;8,72;28,72
Nord Est;Emilia-Romagna;MO;F503;0;6;4,75;6,75;10,42;27,92
Centro;Lazio;RM;F504;1;0;2;1;1;5
Sud;Campania;AV;F506;3;14,83;19;22,5;24;83,33
Sud;Campania;SA;F507;0;1;0;0;2;3
Nord Est;Veneto;VR;F508;0;14;18,17;17;24,35;73,52
Centro;Marche;AP;F509;0;3;5;1;1,67;10,67
Centro;Umbria;TR;F510;2;1;4;1;4;12
Sud;Campania;AV;F511;0;0;0;4;7;11
Sud;Campania;AV;F512;0;2;1;3;2,5;8,5
Centro;Umbria;TR;F513;2;2;1;0;2;7
Nord Est;Veneto;VI;F514;0;3;4;9;12;28
Nord Est;Veneto;VI;F515;0;1;3;1,5;1;6,5
Centro;Marche;AP;F516;2;3;1;0;1;7
Centro;Marche;AP;F517;1;0;0;2;2;5
Nord Ovest;Piemonte;AL;F518;0;0;0;2;2;4
Sud;Calabria;CS;F519;9;6,83;2,77;1;2;21,6
Centro;Marche;AP;F520;0;1;4;10;6,67;21,67
Centro;Marche;AP;F522;2;7;11;15,17;19,5;54,67
Nord Est;Emilia-Romagna;RN;F523;1;0;2,67;1,5;2;7,17
Centro;Marche;PS;F524;0;3;0;2;2;7
Nord Ovest;Lombardia;VA;F526;2;6;8;5,17;11;32,17
Nord Ovest;Piemonte;AT;F527;0;2;1;0;14,5;17,5
Nord Ovest;Liguria;IM;F528;2;1;0;0;0;3
Nord Est;Veneto;PD;F529;4,16;24,5;27,17;21,5;43,25;120,58
Sud;Puglia;TA;F531;1;3;7;12,17;4;27,17
Nord Ovest;Lombardia;BS;F532;2;9;1,67;1;2,5;16,17
Centro;Marche;PS;F533;6,25;28,5;28,75;9;10;82,5
Centro;Lazio;RM;F534;4,33;5;3;0;1;13,33
Sud;Abruzzo;CH;F535;0;1;0;1;0;2
Centro;Marche;AP;F536;0;0;0;0;0;0
Sud;Calabria;VV;F537;14;52,13;41,79;43,33;47,13;198,38
Sud;Puglia;FG;F538;2;10;1,78;1;1;15,78
Centro;Umbria;PG;F540;0;2;0;2;0;4
Centro;Lazio;RI;F541;3;7,2;1;2,67;3;16,87
Isole;Sardegna;SS;F542;0;0;0;0;0;0
Centro;Umbria;TR;F543;0;5;3,5;3;3;14,5
Isole;Sicilia;PA;F544;1,5;9,5;4;8,75;1,33;25,08
Centro;Lazio;RM;F545;2;5;10,17;3,5;7;27,67
Sud;Campania;AV;F546;1;1,33;6,38;10,17;10,17;29,05
Nord Ovest;Lombardia;BG;F547;1;10;9,75;7,92;4,33;33
Sud;Molise;CB;F548;0;0;1;0;0;1
Centro;Marche;AP;F549;0;0;1;0;1;2
Nord Ovest;Piemonte;CN;F550;1;1;0;1;3;6
Centro;Toscana;FI;F551;7,59;39,83;46,53;54,03;36,79;184,77
Centro;Marche;MC;F552;0;2;4,34;2;4;12,34
Isole;Sicilia;PA;F553;1;2,67;7;0,75;1,5;12,92
Nord Ovest;Piemonte;AT;F556;0;2;2;0;14;18
Sud;Campania;BN;F557;1;0;0;0;3;4
Nord Ovest;Piemonte;CN;F558;0;2;0;0;0;2
Sud;Campania;AV;F559;3;2;1;3,2;1;10,2
Centro;Marche;AN;F560;15,75;38,71;26,5;23,34;25,67;129,97
Nord Ovest;Lombardia;LC;F561;1;4;7;4;5;21
Nord Ovest;Piemonte;AL;F562;0;0;0;1;2;3
Sud;Puglia;TA;F563;3,5;5;4,5;2;5;20
Nord Ovest;Lombardia;CO;F564;0;4;0;1;2;7
Centro;Toscana;AR;F565;0;1;4;2;2,5;9,5
Sud;Campania;AV;F566;4;3;4;4,17;12,34;27,51
Centro;Marche;MC;F567;0;6;7;4,28;10,5;27,78
Sud;Basilicata;PZ;F568;1;3;5;0;0;9
Sud;Molise;CB;F569;0;0;0;0;0;0
Centro;Marche;AP;F570;0,5;1;1;0;0,5;3
Centro;Toscana;PO;F572;5,34;34;61;30,28;25,5;156,12
Sud;Basilicata;PZ;F573;1;2;1,5;1;2;7,5
Nord Est;Friuli- Venezia Giulia;UD;F574;0;0;2;0;2;4
Sud;Molise;CB;F576;8;28;17,25;8;6,94;68,19
Sud;Abruzzo;CH;F578;0;0;1;2;0;3
Centro;Lazio;RI;F579;0;0;0;0;0;0
Sud;Molise;IS;F580;0;0;0;1;0,8;1,8
Centro;Marche;AN;F581;2;2;4,75;3,75;3,26;15,76
Sud;Abruzzo;CH;F582;2;3;1;3;0;9
Sud;Abruzzo;TE;F585;10,07;79,42;62,33;38,59;33,82;224,23
Sud;Calabria;CZ;F586;0;14,25;21,67;11;14;60,92
Sud;Puglia;TA;F587;0;1;3,67;4;4;12,67
Centro;Marche;PS;F589;1;2;4;1;4,5;12,5
Centro;Lazio;RM;F590;3;28,5;23,67;14,5;12,5;82,17
Centro;Marche;AP;F591;3;26,5;35,25;26,75;21,17;112,67
Centro;Toscana;SI;F592;3,5;11,92;25,89;18,17;27,83;87,31
Centro;Toscana;AR;F594;2;0;2;2;7,5;13,5
Sud;Abruzzo;AQ;F595;1,75;6,23;3;2,5;1;14,48
Nord Est;Friuli- Venezia Giulia;PN;F596;0;3;2,5;7,67;17,17;30,34
Nord Est;Emilia-Romagna;BO;F597;2;23,67;17,5;6,17;22;71,34
Centro;Toscana;SI;F598;5;37,5;32;16;15,67;106,17
Centro;Marche;AP;F599;0;0;0;0;0;0
Centro;Marche;AN;F600;0;2;8,17;2;8,83;21
Sud;Molise;IS;F601;0;2;1;1;1;5
Centro;Lazio;VT;F603;3,47;4,5;6;0;2;15,97
Sud;Puglia;LE;F604;0;12,11;17,22;14,11;16;59,44
Centro;Toscana;SI;F605;2;16,5;27,5;16;11;73
Centro;Lazio;VT;F606;4;4;12;5;21,66;46,66
Sud;Calabria;VV;F607;1;3,5;1;1;0;6,5
Nord Ovest;Piemonte;CN;F608;1,83;9;1;4;1,83;17,66
Nord Ovest;Liguria;SP;F609;7,29;5;3,97;0;0;16,26
Isole;Sicilia;RG;F610;0;6;3;3;2;14
Centro;Lazio;RM;F611;48;173,25;113,88;65,67;32,43;433,23
Centro;Toscana;GR;F612;0;0;8;1,61;2;11,61
Centro;Marche;AP;F614;0;1,5;4,11;3,5;2,61;11,72
Centro;Lazio;LT;F616;4;4,5;6;1;9;24,5
Sud;Campania;SA;F618;0;1;2,75;0,5;0,5;4,75
Centro;Lazio;RI;F619;1;3;1;1;1;7
Centro;Lazio;FR;F620;5;3;5;5;11,17;29,17
Centro;Marche;MC;F621;1;2;4,28;3;7;17,28
Centro;Marche;MC;F622;0;0;1;0;0;1
Sud;Puglia;LE;F623;0;3;2;2;4,5;11,5
Sud;Campania;SA;F625;2,5;5,4;3;3,33;4;18,23
Centro;Marche;AP;F626;0;0;2;1;1,5;4,5
Nord Est;Emilia-Romagna;BO;F627;3,5;28,92;26,33;18;40,25;117
Centro;Toscana;AR;F628;2;9,67;19,39;7,2;19,17;57,43
Centro;Umbria;PG;F629;1,67;3;0,33;1,92;2;8,92
Sud;Puglia;FG;F631;21,36;25,44;31,58;15,83;8;102,21
Centro;Marche;MC;F632;15;33;40,27;21,48;27,5;137,25
Centro;Marche;AN;F634;0;7,5;16,5;12,5;6,67;43,17
Sud;Campania;BN;F636;8;12,74;12,26;12,08;20,39;65,47
Sud;Basilicata;MT;F637;9;13,68;27,34;14,92;6;70,94
Nord Ovest;Lombardia;PV;F638;0;0;0;1;2;3
Nord Ovest;Piemonte;VB;F639;2;4,22;0;1;1;8,22
Centro;Toscana;PI;F640;2;9;10;4;11;36
Nord Est;Emilia-Romagna;MO;F642;6;18,65;14,5;7,4;5;51,55
Nord Ovest;Lombardia;PV;F644;1;1;1;0;2;5
Sud;Abruzzo;PE;F646;49,17;173,74;179,58;80,07;70;552,56
Centro;Toscana;FI;F648;7;27,67;39,5;30,2;31;135,37
Nord Ovest;Piemonte;TO;F651;0;3;1;0;11;15
Centro;Marche;AP;F653;1;0,5;4,83;6,83;6,5;19,66
Nord Ovest;Piemonte;CN;F654;0;1;4,5;1;11,75;18,25
Isole;Sicilia;AG;F655;0;2;3;3,5;6;14,5
Centro;Toscana;AR;F656;12;50,26;56;39;46,83;204,09
Nord Ovest;Lombardia;LC;F657;0;8;8;3;6;25
Sud;Campania;AV;F660;1;2;0;0;0;3
Centro;Toscana;PI;F661;1;12,5;1,5;4;6;25
Nord Est;Veneto;VI;F662;6;2;7,26;6;14;35,26
Centro;Marche;AP;F664;1;0;0;2;1;4
Centro;Marche;AP;F665;0;0;1;1;2;4
Nord Ovest;Piemonte;CN;F666;0;3;0;2;3;8
Isole;Sardegna;SS;F667;1;1;0;2,78;1;5,78
Nord Est;Emilia-Romagna;FO;F668;0;3;4;3;3;13
Nord Ovest;Piemonte;CN;F669;0;0;2;2,5;11;15,5
Nord Ovest;Lombardia;PV;F670;0;4;0;2;2;8
Nord Est;Emilia-Romagna;PC;F671;1;5;8;10;32,89;56,89
Nord Ovest;Lombardia;BS;F672;1;7;7,8;9;15,33;40,13
Nord Ovest;Lombardia;LC;F674;1;13,33;9,5;3;8,83;35,66
Nord Est;Veneto;VI;F675;4,67;18;23,67;18,17;40;104,51
Centro;Toscana;SI;F676;3;4;1,8;4;1;13,8
Centro;Toscana;GR;F677;2;11;19;10,86;4;46,86
Centro;Toscana;MS;F679;7,71;27,07;34,7;12,5;20,17;102,15
Nord Ovest;Lombardia;BS;F680;0;24;15,66;4,66;14,13;58,45
Nord Ovest;Lombardia;CR;F681;0;2;6;5,08;9;22,08
Nord Ovest;Liguria;GE;F682;2;10;9;5,5;1;27,5
Centro;Umbria;PG;F685;0;4;0,67;4;6,5;15,17
Centro;Toscana;PI;F686;4,02;13,04;30,5;21,5;24,57;93,63
Centro;Lazio;RI;F687;5;5;7;4,5;6;27,5
Nord Ovest;Lombardia;CO;F688;1;7;8;2;6,5;24,5
Sud;Molise;CB;F689;1;0;1;0;1;3
Sud;Abruzzo;TE;F690;3,78;1,78;4;4;11;24,56
Centro;Lazio;RM;F692;1;7;4;0;3,42;15,42
Nord Est;Veneto;VI;F696;1;5;4;1,5;3,75;15,25
Centro;Marche;AP;F697;0;0;5;3;0;8
Isole;Sardegna;NU;F698;0;3;2;1;1,75;7,75
Nord Ovest;Lombardia;PV;F701;0,22;2;12,22;4,5;7,72;26,66
Nord Ovest;Lombardia;VA;F703;1;3,5;1,58;4;7,14;17,22
Nord Ovest;Lombardia;MB;F704;170,2;631,46;541,97;239,69;170,61;1753,93
Nord Ovest;Lombardia;MN;F705;2,92;7;9;7;10;35,92
Nord Est;Emilia-Romagna;BO;F706;6,24;31;18,53;14,89;16,14;86,8
Nord Ovest;Piemonte;AL;F707;0;0;1;2;8,5;11,5
Sud;Calabria;CS;F708;2,5;2;0;5,5;5,19;15,19
Nord Ovest;Piemonte;AT;F709;0;0;1;1;6;8
Nord Ovest;Lombardia;VA;F711;2;8,42;12;6,5;13;41,92
Nord Ovest;Lombardia;SO;F712;10,11;40,61;35,28;19,75;10,06;115,81
Nord Ovest;Piemonte;AL;F713;0;0;2;0;2;4
Nord Est;Emilia-Romagna;RN;F715;0;18,67;21,96;8,96;12,33;61,92
Sud;Puglia;LE;F716;2;9;6;3,6;7;27,6
Sud;Campania;BN;F717;4;2;0;4,25;2,5;12,75
Nord Est;Emilia-Romagna;BO;F718;0;7;8;7,5;9;31,5
Nord Ovest;Lombardia;BG;F720;1;1;4,5;4,33;6,5;17,33
Isole;Sardegna;SS;F721;2;0,67;2;0;2;6,67
Centro;Marche;AP;F722;0;2;0;0;0;2
Nord Ovest;Piemonte;CN;F723;0;6;5;6;12;29
Nord Est;Emilia-Romagna;PC;F724;1;2;3;2;8,67;16,67
Nord Est;Veneto;TV;F725;1;7;12,5;5;15,2;40,7
Nord Ovest;Valle d'Aosta;AO;F726;10,5;21,5;5,5;5,5;3;46
Isole;Sardegna;OR;F727;0,5;0;0,5;0;0;1
Nord Est;Veneto;TV;F729;0;4,89;3;2,75;9;19,64
Centro;Lazio;RM;F730;2;7;2;0;0;11
Sud;Campania;SA;F731;0;0;0;0;1,5;1,5
Sud;Abruzzo;AQ;F732;3;3,67;1;0;0;7,67
Nord Ovest;Piemonte;TO;F733;0;1;1;3;4;9
Centro;Lazio;RM;F734;2;15;13,5;15,5;18,25;64,25
Sud;Calabria;CS;F735;2;2,58;1;1;2;8,58
Nord Ovest;Lombardia;VA;F736;3;13;7,42;6;11;40,42
Nord Ovest;Piemonte;AL;F737;0;2;4;1,56;4;11,56
Nord Ovest;Lombardia;BG;F738;0;7;2;3,25;9,25;21,5
Nord Ovest;Lombardia;PV;F739;0;0;0,5;3,33;5,5;9,33
Centro;Lazio;FR;F740;2,5;4;5,25;4;4;19,75
Nord Ovest;Piemonte;CN;F743;0;3;5;1;2;11
Sud;Campania;AV;F744;0;2;1;0;0;3
Centro;Marche;AN;F745;0;2,5;1,33;6,44;4;14,27
Centro;Lazio;RI;F746;0;1;0,88;0;0,88;2,76
Sud;Abruzzo;TE;F747;0;2;7;4;5;18
Sud;Molise;CB;F748;0;1;3;0;1;5
Centro;Marche;MC;F749;0;8,5;17;15,34;14,18;55,02
Nord Est;Friuli- Venezia Giulia;PN;F750;0;6;0;4;7,5;17,5
Nord Ovest;Piemonte;AL;F751;0;4;1;0;2;7
Nord Ovest;Lombardia;PV;F754;9,5;70,25;55,5;27,5;33,33;196,08
Nord Est;Friuli- Venezia Giulia;UD;F756;0;8;7,5;12,17;15;42,67
Nord Ovest;Lombardia;LC;F758;0;1;0;0;0;1
Nord Est;Friuli- Venezia Giulia;UD;F760;0;1;0;0,5;13;14,5
Nord Ovest;Lombardia;CR;F761;0;0;1;1;2,5;4,5
Sud;Campania;AV;F762;0;0;1;2;1;4
Sud;Abruzzo;TE;F764;2;7,5;12;10,5;14;46
Sud;Abruzzo;PE;F765;0,67;2;0;2;4,87;9,54
Nord Est;Veneto;TV;F770;6,25;22,5;23,5;18,83;31,92;103
Nord Ovest;Lombardia;CR;F771;0;0;0;2;2;4
Isole;Sicilia;ME;F772;0;2;1;1;0;4
Isole;Sicilia;ME;F773;0;2;3;0;2;7
Nord Ovest;Piemonte;VC;F774;0;1;0,5;0;4;5,5
Sud;Calabria;CS;F775;0;1;1;0;0;2
Nord Ovest;Piemonte;BI;F776;0;1,5;2,17;1,67;9;14,34
Sud;Puglia;FG;F777;2;0;1,67;4;1,5;9,17
Sud;Calabria;RC;F779;4;2;3,5;3;1,17;13,67
Sud;Calabria;CZ;F780;0;2;0;0;0;2
Isole;Sicilia;CT;F781;19;21;16;18,59;17;91,59
Nord Ovest;Lombardia;MI;F783;8;31,25;31,83;18,5;14,5;104,08
Sud;Puglia;TA;F784;23,3;21;24;27,42;11,5;107,22
Sud;Abruzzo;CH;F785;0;0;2;1,5;2;5,5
Nord Ovest;Lombardia;BG;F786;4;9,5;10,16;8,11;5,94;37,71
Nord Ovest;Lombardia;CO;F788;3,5;33,16;29,66;8,8;25,33;100,45
Nord Est;Veneto;VR;F789;0;26,5;35,5;28;23,7;113,7
Nord Ovest;Lombardia;BG;F791;4,5;30,1;25,17;13,5;12,75;86,02
Centro;Marche;MC;F793;0;0;0;0;0;0
Nord Ovest;Lombardia;MB;F797;12;101,56;76,34;23,17;32;245,07
Sud;Campania;AV;F798;3;5,67;21;13;2;44,67
Sud;Campania;NA;F799;10,83;40,48;95,5;46,75;33,58;227,14
Nord Ovest;Lombardia;LO;F801;3;23;17,5;9;7,5;60
Centro;Toscana;MS;F802;4,36;4;7;6,33;5,5;27,19
Nord Ovest;Lombardia;BS;F806;0;0;0,33;3;0;3,33
Isole;Sardegna;CA;F808;18,67;55,84;18;8,5;5;106,01
Nord Ovest;Piemonte;CN;F809;0;5;3;1;5;14
Nord Est;Veneto;VI;F810;0;0;3;0;1,78;4,78
Nord Ovest;Piemonte;CN;F811;0;0;1;2;2;5
Nord Ovest;Liguria;SV;F813;0;0;1;1;1;3
Nord Ovest;Piemonte;AL;F814;0;0;1,43;2;8,83;12,26
Centro;Toscana;SI;F815;5;3;8;8;9;33
Sud;Puglia;LE;F816;1;8,45;6;4,67;8;28,12
Sud;Basilicata;PZ;F817;9;20,13;4,86;1;2;36,99
Isole;Sardegna;SS;F818;0;0;1;1;1;3
Nord Ovest;Lombardia;BS;F820;2;6;2;7,67;7;24,67
Isole;Sardegna;CA;F822;0;0;0;1;4;5
Nord Est;Veneto;VE;F826;1;21;28,17;14,67;26;90,84
Nord Ovest;Lombardia;CO;F828;1;5,83;3,5;1;2;13,33
Nord Est;Veneto;VI;F829;0;11;11;7;19,72;48,72
Isole;Sicilia;CL;F830;19,77;21,67;20;19;8;88,44
Sud;Abruzzo;TE;F831;23,89;68,94;33,5;17,27;23,55;167,15
Nord Est;Friuli- Venezia Giulia;UD;F832;0;2;0;6;9,31;17,31
Nord Ovest;Piemonte;BI;F833;0;1;0;1,33;2;4,33
Nord Est;Veneto;VI;F838;0;4;5,83;4;4,5;18,33
Sud;Campania;NA;F839;1028,65;1784,1;1783,7;979,25;769,12;6344,82
Isole;Sardegna;OR;F840;0;3;1,33;1;2;7,33
Isole;Sardegna;CA;F841;2;0;0;1;5,33;8,33
Sud;Puglia;LE;F842;42,5;103,2;92;63,05;77,72;378,47
Sud;Calabria;VV;F843;0;4;0;7;10;21
Centro;Umbria;TR;F844;9,3;30,6;35;19,17;41,33;135,4
Isole;Sicilia;AG;F845;16;10;8,67;7,67;14,42;56,76
Nord Ovest;Piemonte;CN;F846;0;7;10;3;9;29
Nord Ovest;Liguria;SV;F847;0;1;0;1;0;2
Isole;Sicilia;ME;F848;1;4;2;1;0;8
Nord Ovest;Lombardia;BS;F851;0;16;16,5;12,35;20,33;65,18
Sud;Abruzzo;AQ;F852;1;2;2;0,5;3;8,5
Centro;Lazio;RM;F857;3;4,38;2;1;2;12,38
Nord Ovest;Liguria;GE;F858;0;3,25;6;2;5;16,25
Nord Ovest;Piemonte;NO;F859;3,5;14,5;11,5;4;8,5;42
Nord Est;Veneto;VR;F861;2;21;24,1;28,25;39,5;114,85
Nord Ovest;Liguria;GE;F862;0;2,5;6;2;2,33;12,83
Nord Ovest;Piemonte;CN;F863;4;3;3,17;6;11,5;27,67
Nord Ovest;Lombardia;BG;F864;5;29,25;25,22;25,87;14,25;99,59
Centro;Lazio;RM;F865;1;6;5;3;12;27
Sud;Basilicata;PZ;F866;0;2;0;0;0;2
Isole;Sardegna;OR;F867;0;0;0;0;1;1
Centro;Lazio;VT;F868;9;21,81;11,67;29,5;35,88;107,86
Sud;Abruzzo;TE;F870;3;5,11;9;9,33;9;35,44
Centro;Lazio;RM;F871;0;3;4,5;5,5;3,5;16,5
Nord Est;Veneto;TV;F872;1;12;11,5;9;27,25;60,75
Nord Ovest;Lombardia;MI;F874;13,25;55;57,4;44;23,5;193,15
Centro;Lazio;RI;F876;1;1;2;1;0;5
Nord Ovest;Lombardia;CO;F877;1;5;6;2;6;20
Nord Ovest;Piemonte;BI;F878;0,5;1,61;2;3;6,5;13,61
Centro;Lazio;RM;F880;65,47;208,33;144,11;63,75;37,81;519,47
Sud;Puglia;LE;F881;0;10,75;8,92;4,39;4;28,06
Nord Est;Emilia-Romagna;PR;F882;3;4;16;6,67;20,66;50,33
Nord Ovest;Piemonte;CN;F883;0;0;0;0;1;1
Nord Ovest;Lombardia;BS;F884;1;2;0;3,34;2;8,34
Nord Ovest;Piemonte;NO;F886;0;2;0;2;3,5;7,5
Nord Ovest;Lombardia;LC;F887;1;5,5;7,5;5,67;6;25,67
Nord Ovest;Piemonte;TO;F889;15,5;250,12;155;39,83;47,83;508,28
Isole;Sicilia;CT;F890;2;15,67;23;12,5;33,5;86,67
Nord Ovest;Lombardia;PV;F891;0;1;0;0;2;3
Isole;Sicilia;EN;F892;6;5,5;25,75;17,25;14,25;68,75
Sud;Calabria;VV;F893;1,5;10,67;9,78;4,78;6;32,73
Nord Ovest;Piemonte;CN;F894;1;2,66;1,66;0;0,33;5,65
Nord Ovest;Piemonte;CN;F895;0,2;3;2,2;2;3,67;11,07
Nord Est;Friuli- Venezia Giulia;UD;F898;0;2,33;3;2;9,5;16,83
Isole;Sicilia;CL;F899;26,42;39,28;32,33;15,01;21,86;134,9
Isole;Sicilia;EN;F900;2;2,92;1,22;3;6,25;15,39
Isole;Sicilia;ME;F901;2;9,5;7;6,33;5;29,83
Nord Ovest;Piemonte;AT;F902;5;31,5;32;19,83;39,5;127,83
Nord Est;Veneto;VE;F904;4;35;49,25;34,17;44,89;167,31
Nord Ovest;Piemonte;TO;F906;0;2;0;2;0;4
Sud;Calabria;CS;F907;0;0;1;1;0;2
Sud;Abruzzo;PE;F908;0;1;0;2;5;8
Sud;Calabria;CZ;F910;22,43;13;4,4;7;4;50,83
Centro;Umbria;PG;F911;2;6,5;8,25;3,83;7,75;28,33
Sud;Campania;SA;F912;37,44;45,03;77,01;72,13;77,35;308,96
Sud;Campania;SA;F913;7;17,33;39,96;51,22;31,95;147,46
Nord Est;Emilia-Romagna;PR;F914;5;31,5;44,33;21,33;37,25;139,41
Sud;Puglia;BA;F915;30,4;39,03;45,23;32,93;20,17;167,76
Sud;Puglia;LE;F916;0;0;1;0;3,67;4,67
Sud;Basilicata;PZ;F917;0;1;1;1;0;3
Nord Est;Veneto;VR;F918;2;16;12;12;20,78;62,78
Nord Est;Veneto;VR;F921;1;8;8;3;8;28
Nord Est;Veneto;VI;F922;0;0;0,5;0;3,8;4,3
Sud;Puglia;BA;F923;14;52,11;39,99;42,63;40,47;189,2
Sud;Campania;NA;F924;8,75;17,5;72,97;50,5;59,85;209,57
Nord Ovest;Piemonte;TO;F925;0;18,72;21,25;8,5;20,64;69,11
Nord Ovest;Liguria;SV;F926;12;17,3;9;5;5;48,3
Nord Ovest;Piemonte;TO;F927;1;1;2;0;1;5
Nord Est;Emilia-Romagna;MO;F930;1;48;39,47;19,5;24,67;132,64
Nord Ovest;Piemonte;TO;F931;1;22,3;24;9;16,5;72,8
Nord Ovest;Piemonte;VB;F932;1;0;1;3;4;9
Isole;Sardegna;NU;F933;0;0;0;0;0;0
Isole;Sardegna;OR;F934;2;1;1;3;0;7
Centro;Umbria;PG;F935;5;4;8,5;4;4;25,5
Centro;Lazio;LT;F937;13;9;4,5;2;3;31,5
Nord Ovest;Lombardia;MI;F939;0;0;0;0;1;1
Nord Ovest;Lombardia;BG;F941;1,5;7;9;0;1;18,5
Sud;Abruzzo;TE;F942;4;3,33;5;8;11,33;31,66
Isole;Sicilia;SR;F943;29,5;90,81;72,62;60,13;38,51;291,57
Nord Ovest;Lombardia;MB;F944;18,11;89,25;80,06;22,5;12;221,92
Nord Ovest;Piemonte;TO;F948;0;3;1;1;2;7
Isole;Sicilia;ME;F951;0;1;3,83;2;5;11,83
Nord Ovest;Piemonte;NO;F952;60,12;421,57;409,66;170,4;169,03;1230,78
Nord Ovest;Lombardia;MI;F955;13,68;89,81;54,5;19;16,5;193,49
Nord Ovest;Lombardia;SO;F956;3,67;5,5;3,34;6;1;19,51
Nord Est;Veneto;VI;F957;1;8;9;4;14;36
Nord Ovest;Lombardia;CO;F958;0;4,5;11;2;7;24,5
Nord Est;Emilia-Romagna;RE;F960;3;18,5;31;20,25;30,72;103,47
Nord Ovest;Piemonte;CN;F961;0;3;1,33;1;4,5;9,83
Nord Est;Veneto;PD;F962;5,33;40,17;52,16;28,36;33,5;159,52
Nord Est;Veneto;VE;F963;1;18;22;12;14,08;67,08
Nord Est;Veneto;VI;F964;1,5;21,33;19,2;30;31,54;103,57
Nord Ovest;Piemonte;AL;F965;9;92;97;52;37,11;287,11
Nord Est;Emilia-Romagna;MO;F966;2,9;14,28;18,18;13;25,47;73,83
Sud;Campania;SA;F967;2;2;5;2;1;12
Nord Ovest;Lombardia;MI;F968;0;20,5;10,25;12,5;14,75;58
Sud;Puglia;LE;F970;2;6,67;8;5,28;6,94;28,89
Nord Ovest;Piemonte;CN;F972;1;0;0;0;1;2
Isole;Sardegna;OR;F974;0;0;0;0;0;0
Isole;Sardegna;SS;F975;0;0;0;0;1;1
Isole;Sardegna;SS;F976;0;0;0;0;5;5
Isole;Sardegna;SS;F977;3;3;3,96;2;2;13,96
Centro;Marche;AN;F978;31;86,05;23;7,73;7,9;155,68
Isole;Sardegna;NU;F979;7,5;35,34;55,28;46,95;41,15;186,22
Isole;Sardegna;OR;F980;2;1;1;4;2,5;10,5
Isole;Sardegna;NU;F981;0;0;0;0;2;2
Isole;Sardegna;NU;F982;0;0;0;0;3;3
Isole;Sardegna;CA;F983;0;0;2,75;1;4,47;8,22
Isole;Sardegna;OR;F985;0;0;0;0;1;1
Isole;Sardegna;NU;F986;0;1;1,5;2;8,38;12,88
Nord Ovest;Valle d'Aosta;AO;F987;3;12,05;6,89;4,83;0;26,77
Sud;Campania;AV;F988;1;1;6,5;6;6;20,5
Nord Ovest;Lombardia;BS;F989;0;7;3;7;8,5;25,5
Nord Ovest;Lombardia;BS;F990;0;15;18,17;13;11,28;57,45
Isole;Sardegna;CA;F991;1;0;2;1;2;6
Nord Ovest;Piemonte;BI;F992;0;8,5;4,5;7;9;29
Nord Ovest;Piemonte;BI;F993;0;3,83;7;0;6,5;17,33
Nord Est;Veneto;RO;F994;7;33,22;45,5;22;39;146,72
Nord Ovest;Piemonte;AL;F995;0;0,25;0;0;2,25;2,5
Sud;Abruzzo;AQ;F996;0;0;0;0;1;1
Nord Ovest;Piemonte;AL;F997;0;0;1;1;4,88;6,88
Nord Ovest;Piemonte;AL;F998;0;0;0;0;3;3
Nord Est;Veneto;TV;F999;10;37,5;32,4;35,87;45,81;161,58
Nord Ovest;Lombardia;BS;G001;0;2;6;1;2;11
Sud;Abruzzo;AQ;G002;1,5;0;0;2;2;5,5
Centro;Marche;AN;G003;0;1;4;6,5;3;14,5
Nord Ovest;Lombardia;CR;G004;5;12,25;13,96;4,25;8,47;43,93
Centro;Marche;AP;G005;2;9;9,5;1;9,08;30,58
Nord Ovest;Lombardia;BS;G006;1;8;10,08;10,51;14,5;44,09
Nord Ovest;Piemonte;VB;G007;5,67;5,55;6,26;2,88;4;24,36
Nord Ovest;Lombardia;VA;G008;1;4,25;18;7;14;44,25
Nord Ovest;Lombardia;LC;G009;4;33,5;27,5;18,67;13;96,67
Nord Ovest;Piemonte;TO;G010;0;4;4;2,5;6;16,5
Sud;Campania;SA;G011;0;8;5,67;4;8;25,67
Nord Ovest;Valle d'Aosta;AO;G012;0;0;0;0;0;0
Isole;Sardegna;SS;G015;145,32;378,9;159,51;73,02;80,6;837,35
Nord Ovest;Piemonte;VC;G016;0;2;1;2;2;7
Nord Ovest;Piemonte;VC;G018;0;0;0;1;2;3
Nord Ovest;Piemonte;NO;G019;6;17,33;37,63;38,96;43,63;143,55
Nord Ovest;Piemonte;NO;G020;0;4;4;8;5,63;21,63
Nord Ovest;Lombardia;PV;G021;0;1;2,5;1;2,5;7
Centro;Lazio;RM;G022;9;20;11,5;9;7;56,5
Sud;Campania;SA;G023;1;2;4,83;3;7,25;18,08
Nord Ovest;Lombardia;CO;G025;4,5;46,33;54,75;20,06;15,78;141,42
Nord Ovest;Lombardia;LC;G026;2;17;22,5;12;17;70,5
Nord Ovest;Lombardia;VA;G028;6;29;63,15;34,17;38;170,32
Nord Ovest;Lombardia;LC;G030;2;20,5;12;5,5;9,8;49,8
Isole;Sardegna;NU;G031;5;4;3;1;6;19
Nord Ovest;Lombardia;PV;G032;0;1;0;0;1;2
Sud;Calabria;CZ;G034;1;0;1;0;1;3
Isole;Sicilia;ME;G036;7;8,05;4;1,5;0;20,55
Sud;Basilicata;MT;G037;2;0;1;0;0;3
Sud;Campania;SA;G039;1;6,5;4;3;2,3;16,8
Nord Ovest;Lombardia;LC;G040;2;11;11,67;3;4,5;32,17
Nord Ovest;Liguria;IM;G041;1,5;1;1;0;1;4,5
Nord Ovest;Piemonte;AL;G042;0;0;0;0;1;1
Isole;Sardegna;OR;G043;0;0,75;0;0;1;1,75
Isole;Sardegna;NU;G044;0;0;0;1,66;0;1,66
Nord Ovest;Valle d'Aosta;AO;G045;2;3;1;0;1;7
Isole;Sardegna;SS;G046;1;7;9,25;3;2;22,25
Nord Ovest;Lombardia;CR;G047;0;0;0;2;7,5;9,5
Nord Ovest;Piemonte;AT;G048;0;0;0;0;1;1
Nord Ovest;Lombardia;BG;G049;1;0;0;0;0;1
Nord Ovest;Lombardia;BG;G050;19,17;15,5;7;3;1;45,67
Nord Ovest;Lombardia;BG;G054;3;1;0;0;0;4
Nord Ovest;Lombardia;CO;G056;0;3;7;1,5;2;13,5
Isole;Sardegna;NU;G058;0;0;0;0;0;0
Nord Ovest;Lombardia;BS;G061;0;5;6,91;10;16;37,91
Nord Ovest;Piemonte;VB;G062;5;31,43;44,68;22,78;17;120,89
Sud;Campania;SA;G063;0;1;1;0;0,5;2,5
Isole;Sardegna;NU;G064;0;0;0;0;2;2
Centro;Lazio;VT;G065;2;3,25;0,5;0;3,5;9,25
Nord Ovest;Piemonte;CN;G066;3,2;4,5;0,33;1,5;3;12,53
Nord Ovest;Lombardia;BG;G068;7;5;2;0,71;1;15,71
Isole;Sardegna;NU;G070;0;0;1;0;2;3
Isole;Sardegna;NU;G071;0;0;0;0;0,5;0,5
Nord Ovest;Lombardia;BS;G074;0;1;1;0;1;3
Nord Ovest;Lombardia;BG;G075;5,7;18,5;3;1,5;2,67;31,37
Nord Ovest;Liguria;SV;G076;0;0;0;0;0;0
Nord Ovest;Lombardia;MI;G078;16;64,34;44,3;37,38;19,2;181,22
Sud;Abruzzo;AQ;G079;1;2;0;0;0,17;3,17
Nord Est;Veneto;VR;G080;1;33;26,39;15,5;45,99;121,88
Sud;Basilicata;PZ;G081;1;2,75;3;3;0;9,75
Sud;Calabria;RC;G082;2;3;2;4,57;1;12,57
Isole;Sardegna;NU;G084;0;0;0,88;2,75;2;5,63
Sud;Molise;CB;G086;1;1;0,75;1;4;7,75
Nord Ovest;Piemonte;TO;G087;3;84,5;67,25;13;22,5;190,25
Centro;Toscana;GR;G088;20,97;72;50,17;19,31;27,61;190,06
Centro;Toscana;PI;G090;0;4;2;1;0;7
Nord Ovest;Liguria;GE;G093;0;1;0;1;0;2
Nord Est;Veneto;VI;G095;1;1;1;0,5;12,72;16,22
Nord Ovest;Lombardia;LO;G096;0;3;8;3,67;6,62;21,29
Isole;Sardegna;NU;G097;1;1;1;0;4;7
Sud;Puglia;BR;G098;5;18,5;18,88;14,5;15;71,88
Sud;Abruzzo;AQ;G102;1;1;4;1;3;10
Nord Ovest;Lombardia;VA;G103;12,33;38;35,5;21,67;15,5;123
Nord Ovest;Lombardia;VA;G105;0;1;1;2;6;10
Nord Ovest;Lombardia;LO;G107;0;5;2;6;6;19
Nord Ovest;Lombardia;BG;G108;0;2,67;5;3;3;13,67
Nord Ovest;Piemonte;TO;G109;0;0;2;1;1;4
Sud;Calabria;CS;G110;2;3;3,8;0;2;10,8
Centro;Lazio;VT;G111;2;8;6;7,5;7;30,5
Isole;Sardegna;OR;G113;16,14;78,64;63,24;50,83;52,16;261,01
Nord Ovest;Piemonte;CN;G114;9;18,43;11;4;6;48,43
Nord Est;Veneto;TV;G115;1;2;12;4,33;18,5;37,83
Nord Ovest;Lombardia;MB;G116;3;27;38;14;6,5;88,5
Nord Ovest;Piemonte;VB;G117;1;8;4,92;5,5;8,5;27,92
Nord Ovest;Lombardia;BG;G118;2;3;2;1;0;8
Isole;Sardegna;NU;G119;1;11,5;6;1;5,15;24,65
Isole;Sardegna;NU;G120;0;0;2;0,75;0;2,75
Sud;Campania;SA;G121;0;0;0;0;3;3
Isole;Sardegna;NU;G122;0;0;0;1;3;4
Nord Est;Veneto;TV;G123;0;2;7,5;4;10,5;24
Nord Ovest;Piemonte;AL;G124;1;1;0;0,75;1;3,75
Sud;Puglia;FG;G125;2,17;8,33;4;0;4;18,5
Nord Ovest;Lombardia;CO;G126;0;2;9;4,25;6;21,25
Sud;Abruzzo;CH;G128;0;3;7;1,5;8;19,5
Sud;Calabria;CS;G129;0;1;1;0;0;2
Sud;Campania;CE;G130;3;5;52,25;27,2;11,17;98,62
Sud;Puglia;FG;G131;14;24,8;41;32;14;125,8
Isole;Sardegna;CA;G133;0;0;0;0;2;2
Nord Ovest;Piemonte;NO;G134;2;5;4,33;3;5,16;19,49
Centro;Lazio;VT;G135;3,5;26;17,33;18;15;79,83
Sud;Puglia;LE;G136;1,5;2;3,5;3,67;0,5;11,17
Centro;Marche;AP;G137;0;0;0;1,5;1;2,5
Centro;Toscana;AR;G139;0;1;2;0,95;0,28;4,23
Sud;Abruzzo;CH;G141;17;41,75;33;40;29,3;161,05
Sud;Abruzzo;AQ;G142;0;1;2;1;0;4
Nord Ovest;Liguria;SP;G143;5;22,08;14,17;6,5;10,17;57,92
Nord Ovest;Liguria;SV;G144;3;1;3;0;2;9
Sud;Abruzzo;AQ;G145;1;6;1;3;3;14
Isole;Sardegna;NU;G146;0;0;0;0;1;1
Isole;Sardegna;NU;G147;0;0;2;0;0,2;2,2
Centro;Umbria;TR;G148;5,02;26,5;38;17,6;39,17;126,29
Nord Ovest;Lombardia;BS;G149;4;38;27,83;16,75;29,59;116,17
Nord Ovest;Lombardia;BS;G150;0;3;2;3;3;11
Nord Ovest;Piemonte;TO;G151;0;2;1;3;6;12
Nord Ovest;Piemonte;TO;G152;1;1;3;3;4;12
Isole;Sardegna;SS;G153;1;0;0;2;5,8;8,8
Isole;Sardegna;NU;G154;0;0;0;0;0;0
Nord Ovest;Liguria;SV;G155;0;6,18;6,35;1;1;14,53
Isole;Sardegna;SS;G156;1;1;5;2;4,75;13,75
Centro;Marche;AN;G157;10;49,5;81,33;58,67;68,68;268,18
Isole;Sardegna;NU;G158;0;2;1;0;1,56;4,56
Nord Ovest;Lombardia;BG;G159;4;14,78;17,42;8,94;5;50,14
Nord Ovest;Lombardia;BG;G160;5;39,33;57;38,5;25,69;165,52
Nord Ovest;Lombardia;LC;G161;4;13;13,5;9;9;48,5
Nord Est;Friuli- Venezia Giulia;UD;G163;0;3;5;8;17,75;33,75
Nord Ovest;Liguria;IM;G164;14;48;16,02;12;8;98,02
Sud;Campania;AV;G165;0;2;0;3;2;7
Nord Ovest;Lombardia;LO;G166;0;5,5;3;7;5;20,5
Nord Est;Veneto;PD;G167;1;14;17;6,2;22,29;60,49
Nord Est;Veneto;BL;G169;0;1;1;0;0,5;2,5
Nord Ovest;Lombardia;BS;G170;7;47,89;51,89;14;27,01;147,79
Nord Ovest;Lombardia;LO;G171;1;2;3;1;2;9
Isole;Sardegna;SS;G178;0;2;1,5;4;3;10,5
Nord Ovest;Lombardia;BS;G179;2;8;4;3;2;19
Nord Ovest;Lombardia;MI;G181;4;12;15,22;4;5,17;40,39
Nord Ovest;Piemonte;CN;G183;3;7,92;0;4;3;17,92
Nord Est;Emilia-Romagna;FE;G184;0;7;10,17;10;21,5;48,67
Nord Ovest;Lombardia;CR;G185;0;2;3;2;8,5;15,5
Nord Ovest;Lombardia;MN;G186;2;8,62;9;17;19,45;56,07
Sud;Puglia;BR;G187;134,39;189,47;153,45;79,35;61,42;618,08
Sud;Puglia;LE;G188;9;28,19;15,46;8;7,88;68,53
Centro;Umbria;TR;G189;1;3;2;0;7;13
Sud;Campania;NA;G190;14,25;18,73;30;10,01;11,34;84,33
Isole;Sardegna;NU;G191;0;0;0;0,8;1,5;2,3
Sud;Campania;SA;G192;0;4,5;0;1;1;6,5
Nord Ovest;Piemonte;AL;G193;3;1;1;4;7;16
Nord Ovest;Lombardia;PV;G194;0;1;3;1;7;12
Nord Est;Emilia-Romagna;PC;G195;1;7;2;2;0,38;12,38
Nord Ovest;Piemonte;TO;G196;40,5;66,25;20,5;8,5;5;140,75
Nord Ovest;Piemonte;AL;G197;2;19,42;33,25;13;16,67;84,34
Nord Est;Friuli- Venezia Giulia;UD;G198;0;2;5;2;5;14
Nord Ovest;Piemonte;AL;G199;0;2;1;1;5,5;9,5
Sud;Abruzzo;AQ;G200;16;30,2;7;2;2;57,2
Isole;Sardegna;NU;G201;0;0;1;0;2;3
Nord Ovest;Piemonte;TO;G202;0;0;0;1,5;5;6,5
Isole;Sardegna;SS;G203;0;8,86;11,44;6;12,75;39,05
Nord Ovest;Piemonte;AL;G204;1;1;6;1;8;17
Nord Est;Emilia-Romagna;BO;G205;6;51,49;58,33;19,61;14,33;149,76
Nord Ovest;Lombardia;MI;G206;0;2;8;3;2;15
Isole;Sardegna;CA;G207;0;1;2,67;1;3,67;8,34
Isole;Sicilia;TP;G208;1;10,36;12;12,25;11,67;47,28
Isole;Sicilia;ME;G209;3;3;5;4,25;5;20,25
Sud;Abruzzo;AQ;G210;2;3,5;1;2,5;5;14
Isole;Sicilia;SR;G211;9,37;48,06;52,67;25,79;23,25;159,14
Centro;Umbria;PG;G212;0;1;4;1;4;10
Nord Ovest;Lombardia;BS;G213;13,5;43,5;27,11;15,8;39,97;139,88
Nord Ovest;Piemonte;AL;G215;0;0;0;0;1;1
Nord Ovest;Lombardia;BS;G217;2;8;7,5;7,72;9,67;34,89
Nord Ovest;Lombardia;LC;G218;7;10;14,5;5;8;44,5
Nord Ovest;Lombardia;MI;G220;48,41;188,45;157,73;61,29;33,33;489,21
Nord Ovest;Lombardia;CR;G222;0;2;0,5;2,56;3,39;8,45
Nord Ovest;Lombardia;LC;G223;5;22;19,2;10,34;19,33;75,87
Nord Est;Veneto;PD;G224;244,13;537,12;933,41;581,37;555,03;2851,06
Isole;Sardegna;SS;G225;1;0;2;2,58;1;6,58
Sud;Campania;SA;G226;1;4;4;2;5,5;16,5
Sud;Campania;BN;G227;0;0;1,5;2,8;4,83;9,13
Nord Ovest;Piemonte;CN;G228;14;35;14;5;11,5;79,5
Nord Est;Veneto;TV;G229;5;50;45,25;34,5;67,15;201,9
Sud;Campania;SA;G230;25,25;34,67;55,89;52,46;42,29;210,56
Centro;Lazio;RI;G232;0;5;1;2;0;8
Nord Ovest;Lombardia;BG;G233;0;6;10;12;4;32
Isole;Sicilia;ME;G234;1;3;3;2;0;9
Sud;Abruzzo;CH;G237;1;7;2;1;9;20
Nord Est;Friuli- Venezia Giulia;UD;G238;0;8;6,5;5;24;43,5
Nord Ovest;Piemonte;CN;G240;1;0;1;0;3,5;5,5
Nord Ovest;Lombardia;LC;G241;0;0;0;0;0;0
Sud;Campania;AV;G242;0;1;1;0;4;6
Sud;Campania;BN;G243;0;0;0;0;1;1
Nord Ovest;Lombardia;BS;G247;0;3,67;1;2;0;6,67
Nord Ovest;Lombardia;BS;G248;2;7;6;3;6,07;24,07
Nord Ovest;Lombardia;BG;G249;1;9;8;8,5;6;32,5
Nord Est;Emilia-Romagna;MO;G250;5,5;11;4,5;3,33;5,83;30,16
Sud;Puglia;TA;G251;9;10;13;9;6,25;47,25
Sud;Puglia;TA;G252;13,91;21,43;30,64;17;9,58;92,56
Isole;Sicilia;CT;G253;18,22;9,67;7,48;12;12;59,37
Centro;Toscana;PI;G254;2;4;18,75;6;16,4;47,15
Nord Est;Emilia-Romagna;PR;G255;2;2;6;1,67;5;16,67
Sud;Molise;CB;G257;0;1;3;2;2;8
Isole;Sardegna;SS;G258;27,55;56,23;27,34;9;14;134,12
Nord Ovest;Lombardia;BG;G259;2;18,75;8;13;8;49,75
Nord Ovest;Lombardia;CR;G260;1;4,66;6;8,5;5,75;25,91
Sud;Basilicata;PZ;G261;10;7;10;4,5;5;36,5
Nord Ovest;Piemonte;TO;G262;0;2;2;1;3,83;8,83
Isole;Sicilia;PA;G263;1;1;1;0;0;3
Nord Ovest;Lombardia;BS;G264;30,17;51;48,71;35,33;39,61;204,82
Nord Ovest;Piemonte;VC;G266;0;2;1;2;5;10
Isole;Sicilia;SR;G267;10;27,34;9,25;15;10,11;71,7
Nord Est;Friuli- Venezia Giulia;UD;G268;0;3;1;7,5;14;25,5
Centro;Toscana;FI;G270;2;10;2;0;4,5;18,5
Sud;Abruzzo;CH;G271;2;4;2,5;2;2,8;13,3
Sud;Calabria;CZ;G272;0;0;1;0;1;2
Isole;Sicilia;PA;G273;510,4;1120,19;1262,6;1156,65;950,49;5000,33
Centro;Lazio;RM;G274;16;56,47;45,22;23,38;35,61;176,68
Nord Ovest;Lombardia;PV;G275;0;3;4;2,5;3,67;13,17
Centro;Lazio;FR;G276;7,44;12,5;12;11,33;11,5;54,77
Sud;Calabria;RC;G277;1;2;0,66;3;1;7,66
Sud;Calabria;KR;G278;1;1;0;1;1;4
Nord Ovest;Piemonte;VB;G280;0;1;1;2;0;4
Nord Ovest;Liguria;SV;G281;0;0;1;0;4;5
Isole;Sicilia;AG;G282;16,93;19,89;23,31;29,97;24,74;114,84
Sud;Campania;NA;G283;10,25;7,5;16;14,09;17,35;65,19
Nord Est;Friuli- Venezia Giulia;UD;G284;2;12;24,5;12;12,72;63,22
Sud;Puglia;LE;G285;1;0;0;0;0;1
Isole;Sardegna;OR;G286;0;1;0;0,5;1;2,5
Isole;Sardegna;CA;G287;3;5;2;3,97;3;16,97
Sud;Calabria;RC;G288;7,2;24,58;22,74;24;15;93,52
Centro;Marche;AP;G289;0;0;0;0;0;0
Sud;Abruzzo;CH;G290;4;2;3;0;2;11
Sud;Puglia;BA;G291;20;28,83;43,5;35,92;27;155,25
Sud;Campania;SA;G292;0;0;1;0;3;4
Centro;Lazio;RM;G293;10;36,92;35,51;19,67;31,83;133,93
Sud;Abruzzo;CH;G294;2;2;1;1;1;7
Nord Ovest;Lombardia;BG;G295;0;10;11;8,67;15,81;45,48
Nord Est;Veneto;VR;G297;0;1,5;3;5,5;2;12
Sud;Calabria;CS;G298;0;0;0;0;1;1
Nord Est;Friuli- Venezia Giulia;UD;G300;0;4,56;1;4;5,57;15,13
Nord Ovest;Piemonte;CN;G302;8;4;0;2;4;18
Nord Ovest;Piemonte;TO;G303;0;2;3;4;8,83;17,83
Nord Ovest;Lombardia;PV;G304;0;1,79;0;3;1;5,79
Nord Ovest;Lombardia;CR;G306;3;19,67;34,85;12,61;13,67;83,8
Sud;Calabria;CS;G307;0;0;0;0;0;0
Centro;Umbria;PG;G308;0;5;8;6,5;16,17;35,67
Sud;Campania;NA;G309;8;18;78,28;42,25;36,08;182,61
Sud;Campania;BN;G311;5;6;6;3,5;4;24,5
Sud;Puglia;FG;G312;5;3,75;2;0,4;1;12,15
Isole;Sicilia;TP;G315;7;25,14;15,25;12,67;3;63,06
Nord Ovest;Lombardia;MI;G316;2;29,5;19,5;9;7;67
Sud;Calabria;CS;G317;10,5;16,5;26,94;13,25;12,25;79,44
Sud;Campania;BN;G318;2;1;3;2;4,01;12,01
Isole;Sicilia;TP;G319;3,07;10;14,5;19,75;25,83;73,15
Sud;Calabria;CS;G320;0;2;0,67;0;1;3,67
Nord Est;Veneto;RO;G323;0;1;1,5;1;6;9,5
Nord Ovest;Lombardia;MI;G324;20,5;137;127;48,87;55,4;388,77
Sud;Puglia;LE;G325;14,89;17,25;17,25;14,17;15;78,56
Nord Ovest;Lombardia;BS;G327;5;18,33;22;21,06;12,2;78,59
Nord Ovest;Piemonte;TO;G330;1;0;0;0;0;1
Sud;Calabria;CS;G331;0;1;2;2;0;5
Sud;Campania;CE;G333;5;5;8,2;12,33;37,91;68,44
Nord Ovest;Piemonte;AL;G334;0;2;0;1;7;10
Sud;Calabria;VV;G335;4;10;5,5;1,5;4;25
Nord Ovest;Lombardia;LC;G336;0,43;2;1;0;0;3,43
Nord Est;Emilia-Romagna;PR;G337;217,63;823,03;882,17;332,08;328,3;2583,21
Nord Ovest;Piemonte;AL;G338;0;0,5;3,5;3;1;8
Nord Ovest;Piemonte;CN;G339;0;1;2;1;3;7
Sud;Campania;AV;G340;0;0;1;0;3;4
Nord Ovest;Lombardia;PV;G342;0;9,5;4;1;5;19,5
Centro;Umbria;TR;G344;3;0;2;1,5;1;7,5
Nord Ovest;Lombardia;BG;G346;4;7,85;8,67;5,85;2;28,37
Isole;Sicilia;TP;G347;2;2,5;13;11;9;37,5
Isole;Sicilia;PA;G348;12,8;26;28;28,93;38,27;134
Nord Ovest;Piemonte;NO;G349;1;5;1;3,95;7,04;17,99
Nord Ovest;Lombardia;BG;G350;6,5;8;1;2,94;3;21,44
Nord Est;Friuli- Venezia Giulia;UD;G352;3;12;40,11;15,17;30,89;101,17
Nord Est;Friuli- Venezia Giulia;PN;G353;7;10;9;12;21,84;59,84
Nord Ovest;Lombardia;BS;G354;0;0;1;1;0;2
Nord Ovest;Piemonte;AT;G358;0;0;2;1;9;12
Centro;Umbria;PG;G359;8;13;19;9,33;14,83;64,16
Nord Ovest;Lombardia;BS;G361;2;17,83;21,11;7,76;17,32;66,02
Centro;Lazio;FR;G362;0;1;0;1;0;2
Sud;Campania;CE;G364;3;3;0,44;0,44;11,94;18,82
Nord Est;Veneto;VR;G365;0;9;10;6;13,17;38,17
Nord Ovest;Piemonte;AL;G367;0;1;2;1;8;12
Nord Ovest;Lombardia;LC;G368;2;10,5;5,17;4,75;3;25,42
Sud;Campania;AV;G370;1;1;1,5;3;1;7,5
Isole;Sicilia;CT;G371;22,54;56,78;63,91;51,81;46,34;241,38
Sud;Calabria;CS;G372;0;1;1;1;0;3
Centro;Lazio;FR;G374;0;4,83;3;5;9;21,83
Isole;Sardegna;SS;G376;0,67;4;4;1;9,25;18,92
Isole;Sicilia;ME;G377;2,33;22;13,33;15,16;12;64,82
Sud;Puglia;LE;G378;1;7;4;0;4;16
Isole;Sardegna;OR;G379;0;0;1;0;0,4;1,4
Nord Est;Friuli- Venezia Giulia;UD;G381;0;3;3;2;4;12
Isole;Sardegna;CA;G382;0;0;0;0;0;0
Isole;Sardegna;CA;G383;0;0;2;1,5;1;4,5
Isole;Sardegna;OR;G384;0;0,67;0;0;3;3,67
Nord Ovest;Lombardia;MI;G385;6,4;56,12;46,37;10,89;11,24;131,02
Sud;Campania;BN;G386;0;0;0;0,83;0;0,83
Nord Ovest;Piemonte;TO;G387;0;1,5;0;3;14;18,5
Nord Ovest;Lombardia;PV;G388;186,87;499,95;251,05;103,33;95,11;1136,31
Nord Est;Friuli- Venezia Giulia;UD;G389;0;8,67;10;7;32,17;57,84
Nord Ovest;Lombardia;BS;G391;0;4;7,5;2;8;21,5
Nord Ovest;Piemonte;TO;G392;1;2;0;7;3;13
Nord Est;Emilia-Romagna;MO;G393;8,58;44,42;52,34;39,25;43,5;188,09
Sud;Calabria;RC;G394;0;0;0;0;0;0
Centro;Toscana;PI;G395;3,67;11,67;10;7,33;11;43,67
Nord Ovest;Piemonte;AL;G397;0;1;0;1;6;8
Nord Ovest;Piemonte;TO;G398;1;5,13;6,4;3;18,5;34,03
Isole;Sicilia;CT;G402;2,5;17,33;33;28,3;34;115,13
Centro;Marche;AP;G403;8;21,5;15,31;5;4;53,81
Nord Est;Veneto;BL;G404;3,5;6,83;6,88;8,42;10,83;36,46
Nord Ovest;Lombardia;BS;G407;0;4,5;10,5;6,75;6;27,75
Nord Est;Veneto;TV;G408;3;13,5;7,5;13;27,83;64,83
Nord Ovest;Lombardia;SO;G410;0;0;0;1;0;1
Sud;Calabria;CS;G411;0;1;1;0;1;3
Nord Ovest;Lombardia;BG;G412;4;20,03;16,17;10,93;10;61,13
Nord Ovest;Lombardia;CO;G415;0;2;1;0;1;4
Centro;Marche;PS;G416;1;2;0,33;1;0;4,33
Nord Ovest;Lombardia;MN;G417;1;6,5;12,67;11,29;23,45;54,91
Nord Ovest;Lombardia;BG;G418;1;1;4;4,83;1;11,83
Centro;Toscana;FI;G420;4;26;37,4;18,45;23,5;109,35
Nord Ovest;Piemonte;NO;G421;0,13;4;6;1,5;4,5;16,13
Nord Est;Emilia-Romagna;PR;G424;1;2;2;2,42;5;12,42
Sud;Campania;SA;G426;1;18;26,1;23;22;90,1
Nord Ovest;Piemonte;AT;G430;0;2;0;3;1;6
Nord Ovest;Lombardia;SO;G431;1;2,5;2;7;1;13,5
Centro;Umbria;TR;G432;2,67;4;1;2;7;16,67
Nord Est;Emilia-Romagna;RN;G433;2;3,22;5,16;1;6,5;17,88
Sud;Abruzzo;CH;G434;3;2;0;0;0;5
Sud;Abruzzo;CH;G435;1;1;2;0;2;6
Centro;Marche;MC;G436;0;0;0;2,33;1;3,33
Sud;Abruzzo;TE;G437;0;2;4;0;2;8
Sud;Abruzzo;PE;G438;2;3;9,25;19,33;13,5;47,08
Sud;Calabria;CZ;G439;0;3;0;0;2;5
Sud;Abruzzo;CH;G441;0;0;3,5;1,17;0;4,67
Nord Est;Veneto;BL;G442;0;3,17;2;1;1;7,17
Centro;Lazio;RM;G444;1;2;0;0;1;4
Isole;Sardegna;NU;G445;0;2,75;1;0;6;9,75
Isole;Sardegna;CA;G446;0;1;0;1,11;2,11;4,22
Sud;Campania;SA;G447;1;3;6;2;2,5;14,5
Sud;Abruzzo;AQ;G449;1;3;4;2,5;3;13,5
Isole;Sardegna;SS;G450;0;1;1,67;2;5,8;10,47
Centro;Marche;PS;G453;0;3;11,75;4,17;23,08;42
Nord Ovest;Liguria;IM;G454;4;4;6;2;2;18
Sud;Campania;SA;G455;0;2;0;1;1;4
Nord Ovest;Lombardia;LC;G456;6;17;4,5;1;3;31,5
Nord Ovest;Piemonte;CN;G457;0;0;0,5;0;2;2,5
Nord Ovest;Piemonte;CN;G458;0;0;0;0;0;0
Nord Ovest;Valle d'Aosta;AO;G459;0;4;1;0;0;5
Nord Est;Veneto;PD;G461;0;4;9;7,5;11,23;31,73
Nord Ovest;Piemonte;TO;G462;0;0;1;0;2;3
Nord Ovest;Piemonte;TO;G463;4;13;13,5;11,5;7;49
Nord Ovest;Piemonte;TO;G465;1,67;2;4;2;6,7;16,37
Nord Est;Emilia-Romagna;BO;G467;14,33;77,75;99,19;36,25;57,16;284,68
Nord Ovest;Lombardia;CR;G469;0;9;7;5;14;35
Nord Ovest;Piemonte;VC;G471;0;1;1;1;9,5;12,5
Nord Ovest;Lombardia;BS;G474;0;2;0;1;2;5
Nord Ovest;Lombardia;BS;G475;0;0;2;0;3,67;5,67
Sud;Campania;SA;G476;0;0,67;0;0;1;1,67
Nord Ovest;Piemonte;TO;G477;0;2;1;0,5;5;8,5
Centro;Umbria;PG;G478;147,68;417,87;429,91;319,05;256,75;1571,26
Centro;Marche;PS;G479;52,5;259,97;241,5;170,04;170,86;894,87
Centro;Toscana;LU;G480;3,17;6,67;3;3;16;31,84
Nord Est;Veneto;VR;G481;5,5;43,5;70,5;51,83;55,25;226,58
Sud;Abruzzo;PE;G482;50,47;245,63;339,96;272,73;166,3;1075,09
Nord Ovest;Lombardia;CR;G483;1;2;0;1;7;11
Sud;Abruzzo;AQ;G484;10,01;20,5;6;4,38;2,5;43,39
Nord Ovest;Lombardia;LC;G485;1;5;11;3;2,5;22,5
Sud;Molise;IS;G486;0;0;0;0;6,93;6,93
Sud;Puglia;FG;G487;24,17;26;7,5;3;5;65,67
Nord Ovest;Lombardia;MI;G488;23,5;118,5;156,02;50,33;32,67;381,02
Nord Est;Veneto;VR;G489;26;99,26;65,2;25,5;30;245,96
Centro;Toscana;PT;G491;5,5;41,89;35,94;33,6;51,66;168,59
Sud;Abruzzo;AQ;G492;3;12,75;6,5;2;2;26,25
Sud;Abruzzo;AQ;G493;9,33;26,06;7;1,25;3;46,64
Sud;Campania;BN;G494;1;3;1;1;2;8
Sud;Molise;IS;G495;0;0;1;0;1;2
Sud;Basilicata;PZ;G496;0,75;4;2,83;1,5;1,89;10,97
Sud;Molise;IS;G497;0;2;1;1;0;4
Centro;Lazio;RI;G498;6;8,99;3;2,84;5;25,83
Sud;Abruzzo;PE;G499;0;0;1,72;3,5;2,5;7,72
Centro;Lazio;FR;G500;3;2;0;1;3,33;9,33
Nord Ovest;Lombardia;MI;G502;4;51,4;44,25;15,5;12;127,15
Nord Ovest;Lombardia;CR;G504;0;0,6;1;5;0,6;7,2
Nord Ovest;Piemonte;TO;G505;2;5;4;2;5;18
Sud;Molise;CB;G506;4;11;4,8;11;3;33,8
Centro;Lazio;RI;G507;0;1;0;1;0;2
Sud;Calabria;KR;G508;3;4;9;4;5;25
Sud;Campania;SA;G509;0;5;0;0,33;2;7,33
Isole;Sicilia;PA;G510;7;3;1;5;3,67;19,67
Isole;Sicilia;PA;G511;1;4,8;3;7;3,25;19,05
Sud;Molise;CB;G512;4;2;3;1;2;12
Centro;Lazio;RI;G513;4;4,67;4,5;0,17;1;14,34
Centro;Marche;PS;G514;1;3;2;2;5;13
Centro;Marche;MC;G515;0;4;0;2;3,67;9,67
Centro;Marche;AP;G516;1;5;1,36;1,5;6;14,86
Sud;Calabria;CZ;G517;1;1,5;2;0;0;4,5
Sud;Calabria;CZ;G518;0;1;2;1;4;8
Sud;Campania;AV;G519;0;0;3;0;0;3
Nord Ovest;Piemonte;NO;G520;1,08;2,08;2;1,5;4;10,66
Nord Ovest;Piemonte;BI;G521;1;1;1;3;8;14
Isole;Sicilia;ME;G522;0;1;1;1,5;0;3,5
Sud;Molise;IS;G523;1;1;2;0;1;5
Sud;Abruzzo;AQ;G524;0;2,67;2;1;1;6,67
Nord Est;Veneto;RO;G525;1;1;1;1,5;0,5;5
Nord Ovest;Piemonte;CN;G526;0;6,17;12;6,5;19,25;43,92
Nord Ovest;Piemonte;VC;G528;0;1;7;0;7;15
Nord Ovest;Lombardia;BS;G529;0;2;3;0,5;2,67;8,17
Nord Ovest;Piemonte;CN;G532;0;0;1;0;3;4
Nord Est;Veneto;PD;G534;1;0;0;2;7;10
Nord Est;Emilia-Romagna;PC;G535;82;329;432,38;209,14;196,27;1248,79
Sud;Campania;SA;G538;1;1;3;1;2;8
Sud;Campania;SA;G540;0;0;0;1;0;1
Sud;Campania;CE;G541;2;1;1;1;3;8
Nord Ovest;Liguria;SV;G542;0;4;7;5;5;21
Isole;Sicilia;PA;G543;3;6;8;5;5,11;27,11
Nord Ovest;Valle d'Aosta;AO;G545;0;2;2;0;0;4
Nord Ovest;Lombardia;BS;G546;4;13;12,67;8;7,5;45,17
Centro;Toscana;SI;G547;0,08;10,5;15;8,75;11;45,33
Nord Ovest;Lombardia;BS;G549;2;6;13;5,5;13,5;40
Centro;Marche;PS;G551;0;1;0;2;1,36;4,36
Sud;Calabria;CS;G553;0;0;1;1;2;4
Sud;Abruzzo;PE;G555;0;7;15,9;6;13;41,9
Nord Ovest;Lombardia;CO;G556;6;9,78;4;2;2,5;24,28
Nord Est;Emilia-Romagna;PC;G557;1;5;6;9;7,5;28,5
Nord Ovest;Lombardia;CR;G558;1;7,11;2,5;3,5;5,12;19,23
Nord Ovest;Piemonte;TO;G559;1,5;36,75;48;35,5;30;151,75
Nord Est;Veneto;VI;G560;0;1;1;5;8;15
Nord Ovest;Piemonte;CN;G561;0;2;5;4,5;3;14,5
Nord Ovest;Lombardia;BG;G564;0;1;2;1;1,25;5,25
Nord Est;Veneto;VE;G565;2;31,22;53,43;27,17;34,5;148,32
Nord Est;Emilia-Romagna;BO;G566;5;26,74;14;18,89;19,43;84,06
Sud;Campania;NA;G568;4;11,5;11,86;14,5;7,5;49,36
Nord Est;Emilia-Romagna;BO;G570;13;70,02;63,61;23,4;55,24;225,27
Centro;Lazio;VT;G571;3,5;4;1,5;3,67;2;14,67
Nord Ovest;Lombardia;SO;G572;0;1;2;1;1,57;5,57
Nord Ovest;Lombardia;BG;G574;0;9;2;2;1;14
Nord Ovest;Piemonte;CN;G575;1;8,32;11,3;4;11;35,62
Nord Ovest;Lombardia;SO;G576;2;1;5,5;1;1;10,5
Nord Ovest;Piemonte;BI;G577;0;0;1;0;0;1
Nord Ovest;Lombardia;BG;G579;3;6,5;4,5;1;1,5;16,5
Isole;Sicilia;EN;G580;19,58;35,22;41,7;46,77;39,21;182,48
Centro;Toscana;LU;G582;0;0,78;0;2,81;2;5,59
Nord Ovest;Lombardia;BG;G583;8;15,61;3,9;1;1;29,51
Nord Est;Veneto;PD;G587;0;18,5;23;19,34;41,38;102,22
Nord Ovest;Lombardia;BG;G588;0,67;0,5;0;0;0;1,17
Sud;Abruzzo;PE;G589;1;0;1;3;0;5
Sud;Basilicata;PZ;G590;2;5;6;3;1;17
Centro;Lazio;FR;G591;1;3;1;1;2,5;8,5
Centro;Lazio;FR;G592;1;1;3;1;1,17;7,17
Nord Ovest;Piemonte;AT;G593;0;0;0;1;0;1
Nord Ovest;Piemonte;BI;G594;3;5;1;1;2;12
Sud;Campania;CE;G596;2;6;4;6,97;15,9;34,87
Isole;Sicilia;CT;G597;0,25;6;6;7;5;24,25
Centro;Lazio;FR;G598;3;12;14;6;1,89;36,89
Nord Ovest;Piemonte;VB;G600;1;1;2,5;5;2,5;12
Centro;Umbria;PG;G601;0;1,67;7;4,5;9;22,17
Centro;Toscana;SI;G602;0;6,67;1;5,8;9;22,47
Nord Ovest;Lombardia;CR;G603;0;1;2;2,5;6;11,5
Sud;Puglia;FG;G604;0;2;4;1,38;0;7,38
Nord Ovest;Liguria;SV;G605;82;112,19;23;5;2,33;224,52
Sud;Molise;IS;G606;0;0;0;1;0;1
Nord Ovest;Liguria;IM;G607;2;3;3;1;0;9
Sud;Abruzzo;TE;G608;1;5;2;1;0,02;9,02
Sud;Molise;CB;G609;0;3;2;1,67;1;7,67
Sud;Molise;CB;G610;0,5;1,5;1;0,5;0;3,5
Sud;Campania;AV;G611;0;0;1;5;3;9
Nord Ovest;Lombardia;PV;G612;0;3;4;2;6;15
Sud;Abruzzo;CH;G613;0;0;0;0;0;0
Sud;Basilicata;PZ;G614;1;1;1;0;3;6
Sud;Calabria;CS;G615;0;2;0;0;3;5
Sud;Basilicata;PZ;G616;6;6,67;2;1;2;17,67
Centro;Umbria;PG;G618;0;3;5;0;3,75;11,75
Nord Ovest;Piemonte;AL;G619;0;0;1;0;8,5;9,5
Sud;Campania;CE;G620;1;3;2;0;8,08;14,08
Sud;Abruzzo;PE;G621;0;0;0;1;0;1
Sud;Calabria;CS;G622;0;4;3;4;1;12
Sud;Basilicata;PZ;G623;2;0,44;1;0;0;3,44
Isole;Sicilia;EN;G624;8;8,55;4;10;14,8;45,35
Nord Ovest;Piemonte;CN;G625;2;1;0;1;1;5
Sud;Campania;BN;G626;0;0;0;0;0;0
Centro;Marche;PS;G627;0;0;0;1;1;2
Centro;Toscana;LU;G628;27,53;58,33;63,84;47,66;85,89;283,25
Sud;Campania;AV;G629;0;8,58;4,11;5;6;23,69
Sud;Campania;CE;G630;0;1;4;7,63;4;16,63
Sud;Campania;BN;G631;4;6;1;2;4,63;17,63
Nord Ovest;Liguria;IM;G632;1;4;5;1;4,5;15,5
Nord Ovest;Lombardia;MI;G634;7;47,83;68,59;23,5;10,9;157,82
Nord Ovest;Lombardia;PV;G635;0;0;0;0;3,5;3,5
Centro;Toscana;PT;G636;3;17,89;24,9;10,83;13,28;69,9
Nord Ovest;Lombardia;PV;G639;1;2;3;3,5;4;13,5
Nord Est;Veneto;BL;G642;14;22,53;17,29;10,5;8;72,32
Nord Est;Emilia-Romagna;BO;G643;1;23,05;13,5;8,67;25;71,22
Nord Est;Veneto;TV;G645;3;29,9;17,83;9,17;47,65;107,55
Nord Ovest;Liguria;GE;G646;2,5;6,17;12;2;7;29,67
Nord Ovest;Lombardia;CR;G647;0;0;2;6;6,67;14,67
Centro;Toscana;LU;G648;0;3,5;1;6;6,33;16,83
Nord Est;Emilia-Romagna;MO;G649;5,5;13,49;12,5;8,63;7,75;47,87
Nord Ovest;Lombardia;PV;G650;1,5;2;6,5;5,5;5;20,5
Nord Ovest;Lombardia;CR;G651;0;3;1;2;2;8
Centro;Toscana;AR;G653;1;2;7,76;4,34;9,25;24,35
Centro;Marche;MC;G657;0,5;2;1;0;2;5,5
Nord Ovest;Piemonte;VB;G658;1;0;3;0;5,56;9,56
Centro;Lazio;FR;G659;22;15,67;7;7;3;54,67
Nord Ovest;Liguria;IM;G660;3;6;5;3,5;2;19,5
Sud;Campania;CE;G661;5,01;3;1,67;6,78;11,33;27,79
Centro;Lazio;FR;G662;1;0;1;1;3;6
Sud;Basilicata;PZ;G663;2;3;13;6,5;4,06;28,56
Nord Ovest;Liguria;SP;G664;1;7,14;2;2;1;13,14
Nord Ovest;Lombardia;CO;G665;0;0;3;0;3;6
Nord Ovest;Piemonte;VC;G666;0;1;0;1;1;3
Isole;Sardegna;CA;G669;0,09;0;2;0;2,09;4,18
Sud;Campania;NA;G670;4;9;1,66;5,33;3,33;23,32
Nord Ovest;Lombardia;PV;G671;0;3;2,5;6;3;14,5
Nord Ovest;Piemonte;TO;G672;2;11;10,17;8,11;12,05;43,33
Nord Est;Veneto;RO;G673;1;3;1;1;3;9
Nord Ovest;Piemonte;TO;G674;30,5;175,14;143,6;63,56;56;468,8
Nord Ovest;Piemonte;AT;G676;0;2;1;0;3;6
Nord Ovest;Piemonte;TO;G678;6;13,33;10,05;11,5;35,73;76,61
Nord Est;Friuli- Venezia Giulia;PN;G680;0;1,5;1;3;7;12,5
Centro;Marche;PS;G682;1;1,81;2;1;1,33;7,14
Nord Ovest;Piemonte;CN;G683;0;1;5,5;4;4;14,5
Nord Ovest;Piemonte;TO;G684;1;12;7;0;11,5;31,5
Nord Ovest;Piemonte;VC;G685;1;4;2,33;0;0;7,33
Nord Ovest;Lombardia;MI;G686;31,5;223,76;137,83;39;22,67;454,76
Centro;Toscana;LI;G687;32;182,8;130,7;41,5;42,54;429,54
Nord Est;Veneto;PD;G688;6;9;21;4,67;23;63,67
Centro;Marche;MC;G690;0;0;1;2;2;5
Nord Ovest;Piemonte;TO;G691;2,5;64;90,76;26,75;50,83;234,84
Nord Ovest;Piemonte;AT;G692;0;0;1;0;2;3
Nord Est;Veneto;PD;G693;3;61,4;55,83;44,96;71,76;236,95
Nord Est;Veneto;VI;G694;0;8,33;18,25;16,34;18;60,92
Nord Est;Emilia-Romagna;PC;G696;1;3;1;2;4;11
Nord Ovest;Piemonte;CN;G697;1;1;0;2;1;5
Centro;Lazio;LT;G698;5;15,67;26;17,67;10,67;75,01
Isole;Sicilia;ME;G699;8,75;9,03;4;1;0,75;23,53
Centro;Toscana;PI;G702;136,66;321,47;324,04;194,54;169,39;1146,1
Nord Ovest;Piemonte;NO;G703;4;2;1;2,5;2;11,5
Centro;Lazio;RM;G704;3;3,5;0;0;0;6,5
Nord Ovest;Piemonte;TO;G705;9;6;10;2;12,95;39,95
Sud;Campania;SA;G707;2;11,78;3,33;1;3;21,11
Nord Ovest;Lombardia;BS;G710;6;28,5;25,67;23,83;21,5;105,5
Sud;Basilicata;MT;G712;35,5;53;27;10;9;134,5
Centro;Toscana;PT;G713;39,38;185,82;212,4;164,07;188,07;789,74
Centro;Toscana;GR;G716;7;12,5;20,89;5,5;8;53,89
Nord Ovest;Lombardia;MN;G717;0;0;0;2;2,17;4,17
Nord Ovest;Lombardia;SO;G718;2,57;9,77;10,25;3;3;28,59
Nord Ovest;Piemonte;TO;G719;1;0;1;3;7;12
Nord Ovest;Lombardia;PV;G720;1;0,5;1,33;0,67;3;6,5
Nord Ovest;Lombardia;CR;G721;0;7;11;11,01;21,12;50,13
Sud;Calabria;VV;G722;7;31,12;20,8;12;4;74,92
Sud;Abruzzo;CH;G724;22,5;7;1;0;2;32,5
Sud;Abruzzo;AQ;G726;2,5;4,5;2;2;5,33;16,33
Sud;Molise;IS;G727;0;0,5;2,04;0;0;2,54
Sud;Calabria;VV;G728;0;0;1;0;0;1
Sud;Calabria;RC;G729;0;0;1;0;0;1
Sud;Calabria;CS;G733;0;0;0;0;0;0
Sud;Calabria;CZ;G734;0;2;2;1;3;8
Sud;Calabria;RC;G735;0;0;0;0;0;0
Nord Est;Friuli- Venezia Giulia;UD;G736;0;1;4;3;0,89;8,89
Nord Ovest;Lombardia;CO;G737;5;3;2,5;5,17;5;20,67
Isole;Sardegna;SS;G740;0,04;5;3;1;5,81;14,85
Nord Ovest;Liguria;SV;G741;0;0;1;0;1;2
Nord Ovest;Piemonte;CN;G742;0;3;3;1;16,25;23,25
Nord Est;Friuli- Venezia Giulia;UD;G743;1;1;3;2;1;8
Centro;Toscana;MS;G746;1;1;4;0;6,94;12,94
Nord Est;Emilia-Romagna;PC;G747;1;12,5;32,25;16,5;29;91,25
Centro;Lazio;FR;G749;2;3;1;1;6;13
Sud;Puglia;LE;G751;3;5,5;5;6,67;5;25,17
Centro;Toscana;SI;G752;13;65,63;81,46;34,21;40,5;234,8
Nord Ovest;Lombardia;MN;G753;1;6;17,89;18,5;24,59;67,98
Centro;Toscana;PO;G754;6;24,38;23,5;12;22,34;88,22
Centro;Lazio;RI;G756;5;4;7;4;1;21
Centro;Lazio;RI;G757;1;3;2;3;5;14
Centro;Umbria;PG;G758;0;0,25;0;0;1;1,25
Sud;Abruzzo;CH;G760;0;0;0;1;3;4
Sud;Puglia;FG;G761;3;2;3;7,67;4;19,67
Sud;Campania;NA;G762;9;24,5;23;20,47;10,44;87,41
Centro;Lazio;RI;G763;7;11,5;17;10,75;11,5;57,75
Centro;Lazio;RI;G764;3;4;6;6,5;1;20,5
Centro;Lazio;RI;G765;1;7;6;6;4,5;24,5
Sud;Abruzzo;AQ;G766;0;0;0;0;2;2
Isole;Sicilia;TP;G767;0;0;3;0;4;7
Nord Est;Emilia-Romagna;FE;G768;3;25,17;22,28;35,16;15,7;101,31
Sud;Puglia;BA;G769;0;2;2;2;0;6
Centro;Lazio;RI;G770;1;1;2;1,5;2,25;7,75
Centro;Marche;AN;G771;0;0;0;1;4;5
Nord Ovest;Lombardia;MI;G772;4;22,25;39,75;8,75;14;88,75
Nord Ovest;Lombardia;CO;G773;3;16;6;2;5;32
Nord Ovest;Lombardia;BG;G774;0;3;3;2,5;2;10,5
Nord Ovest;Piemonte;NO;G775;0;2;3;2;2;9
Nord Est;Veneto;VI;G776;1;7;7,5;6;18,06;39,56
Nord Ovest;Piemonte;TO;G777;4,33;21,14;34,16;13,5;22,17;95,3
Nord Ovest;Lombardia;BS;G779;1;0;4;3,5;3;11,5
Nord Est;Friuli- Venezia Giulia;PN;G780;0;3;8;3;20;34
Nord Est;Veneto;RO;G782;1;12;12,5;6;16;47,5
Centro;Lazio;RM;G784;1;5;2;0;2;10
Sud;Calabria;VV;G785;2;1,75;0;3;2;8,75
Sud;Basilicata;MT;G786;5;67,01;52,52;31,1;12;167,63
Sud;Puglia;BA;G787;31,41;64,88;42,6;13,29;13;165,18
Nord Est;Emilia-Romagna;PC;G788;0;0;2;1;2;5
Nord Est;Emilia-Romagna;MO;G789;3;6,5;8,5;2,83;2;22,83
Centro;Umbria;TR;G790;0;1;2;0;1;4
Sud;Calabria;RC;G791;9;6;5,5;5;4,67;30,17
Isole;Sicilia;PA;G792;4,94;5;13,25;3,3;2,25;28,74
Sud;Campania;SA;G793;1;1;4,5;1,25;7,83;15,58
Nord Ovest;Valle d'Aosta;AO;G794;1;3;3;1;1;9
Sud;Campania;NA;G795;2,67;10;11;14,5;7;45,17
Sud;Campania;SA;G796;6;12,11;14,17;3,5;5;40,78
Isole;Sicilia;PA;G797;14,88;8,15;0,5;2;3,65;29,18
Nord Ovest;Piemonte;BI;G798;0;1,67;0,38;1;8,38;11,43
Sud;Abruzzo;CH;G799;1;4;3,25;3;10;21,25
Nord Ovest;Piemonte;CN;G800;0;1;2;4;3;10
Nord Ovest;Lombardia;BS;G801;4;23,33;11;4;10,08;52,41
Nord Est;Veneto;PD;G802;1;5,5;7;16;4;33,5
Centro;Marche;AN;G803;1;3,88;16;5;7;32,88
Centro;Toscana;PI;G804;2;12,5;11;9,86;13,4;48,76
Nord Ovest;Piemonte;TO;G805;2;5;4,25;2;1;14,25
Sud;Basilicata;MT;G806;8;5,8;5,9;2;2;23,7
Nord Ovest;Piemonte;AL;G807;0;2;0;1;0;3
Nord Ovest;Piemonte;NO;G809;0;1;6;1;6;14
Centro;Lazio;RM;G811;113,07;396,69;227,73;63,92;32,66;834,07
Sud;Campania;NA;G812;28,5;60,33;153,59;70,95;41,92;355,29
Sud;Campania;NA;G813;3,78;13,18;19,7;22,73;12;71,39
Nord Ovest;Liguria;IM;G814;2;6;0;1;4;13
Nord Ovest;Lombardia;BS;G815;0;6;5;5;7,5;23,5
Nord Ovest;Lombardia;MN;G816;0;0;0;1;3,29;4,29
Isole;Sardegna;OR;G817;0;0;0;0;0;0
Nord Ovest;Lombardia;BS;G818;4;10,95;18,5;2,33;9,5;45,28
Nord Ovest;Piemonte;BI;G820;1;4;7,5;5,5;13;31
Nord Ovest;Lombardia;CO;G821;1;0;0;0;1;2
Centro;Toscana;PI;G822;9;50,84;39,33;38;28,69;165,86
Nord Est;Veneto;PD;G823;0;3;3;4;7,5;17,5
Centro;Toscana;FI;G825;5,5;53,07;64,82;29,5;30,67;183,56
Nord Ovest;Piemonte;TO;G826;4,33;26;18;11;8;67,33
Sud;Campania;BN;G827;0;0;0;2;3,75;5,75
Nord Ovest;Lombardia;SO;G829;0,72;10,33;4,22;3,41;2,1;20,78
Nord Est;Friuli- Venezia Giulia;UD;G831;1;3;2;3;1;10
Centro;Toscana;PT;G833;4;12,75;25;11,38;20,67;73,8
Sud;Campania;SA;G834;13;51;78,41;48;19,91;210,32
Nord Est;Veneto;RO;G836;2;12;5;9;8;36
Nord Ovest;Piemonte;CN;G837;7,5;13;3;3;0;26,5
Centro;Lazio;FR;G838;3;3;14;9;16,39;45,39
Nord Ovest;Piemonte;AL;G839;0;5;8;9;8,5;30,5
Nord Ovest;Liguria;IM;G840;3;6,83;7;8;5,33;30,16
Nord Est;Emilia-Romagna;PC;G842;2;2,8;7,5;5;10;27,3
Centro;Toscana;PI;G843;18;102,17;100,22;64,97;51,33;336,69
Nord Ovest;Lombardia;BS;G844;35,03;72,29;29;8,02;8,4;152,74
Nord Est;Veneto;TV;G846;2;28,33;20,5;9,75;22,32;82,9
Nord Ovest;Lombardia;CO;G847;0;8,5;6,5;3,39;5;23,39
Sud;Campania;BN;G848;2;2;3;1;0,5;8,5
Sud;Campania;CE;G849;0;0;1;0;4;5
Nord Est;Veneto;PD;G850;0;7,15;11;4,15;9;31,3
Nord Ovest;Lombardia;PV;G851;0;0;0;1;2;3
Nord Est;Emilia-Romagna;PC;G852;0;7,39;22,83;12;11;53,22
Nord Ovest;Lombardia;BG;G853;2;18;20;12,5;17,67;70,17
Nord Ovest;Valle d'Aosta;AO;G854;3;6,25;7;1;1;18,25
Nord Est;Veneto;PD;G855;5;35,33;40,5;21,85;28,78;131,46
Nord Ovest;Lombardia;BG;G856;4;31,01;44,67;19,51;14,86;114,05
Nord Ovest;Piemonte;AL;G858;0;5,5;3;1,67;10;20,17
Nord Ovest;Lombardia;BS;G859;1;6;14,8;5,17;13,01;39,98
Nord Ovest;Valle d'Aosta;AO;G860;4;1;0;1;2;8
Nord Ovest;Piemonte;AL;G861;0;0;0;0;0;0
Nord Ovest;Lombardia;MN;G862;3;8;3;4;11,5;29,5
Nord Ovest;Lombardia;BG;G864;1;8;15,97;9;6;39,97
Centro;Lazio;LT;G865;1,5;11,5;29,92;8;9;59,92
Nord Ovest;Liguria;SV;G866;2;2;2;5;3;14
Nord Ovest;Lombardia;BG;G867;1;12;9;10;14;46
Nord Ovest;Lombardia;BS;G869;0;6;7,33;3;17,81;34,14
Centro;Toscana;MS;G870;7,06;16,63;20,17;7,33;14;65,19
Centro;Lazio;LT;G871;5,5;13,83;4;4,5;1;28,83
Nord Ovest;Piemonte;AL;G872;1;0;1;1,5;1;4,5
Centro;Marche;AP;G873;0;6;3;1;4;14
Centro;Lazio;RM;G874;1;6;4;0;3;14
Nord Est;Veneto;TV;G875;2;37,5;34,5;18;53,5;145,5
Nord Ovest;Piemonte;AL;G877;5;9;7,5;4;8;33,5
Sud;Abruzzo;PE;G878;4;4;2;4;3;17
Centro;Toscana;AR;G879;1;5,5;15,83;4;10,25;36,58
Centro;Umbria;TR;G881;0;0;0;3;7;10
Centro;Toscana;LU;G882;2;26,17;18,83;12;16,08;75,08
Nord Est;Friuli- Venezia Giulia;PN;G886;2;30,33;43;29,83;51;156,16
Sud;Campania;SA;G887;1;2;1;0;1;5
Nord Est;Friuli- Venezia Giulia;PN;G888;44,33;173,15;218,59;155,02;131,19;722,28
Nord Ovest;Lombardia;CO;G889;11,25;20,92;12,25;7,34;9;60,76
Nord Ovest;Liguria;IM;G890;1;0;2;1;2;6
Nord Est;Friuli- Venezia Giulia;UD;G891;1;2;5;3;7;18
Nord Ovest;Piemonte;AT;G894;1;1;0;5;4,5;11,5
Nord Ovest;Lombardia;PV;G895;0;1;3;8;0;12
Nord Ovest;Piemonte;TO;G900;2;1;4;3;1;11
Sud;Campania;NA;G902;36,5;92,72;139,71;87,21;70,71;426,85
Sud;Campania;CE;G903;0,06;1;14;5,66;5;25,72
Nord Est;Emilia-Romagna;FO;G904;0;3;1;0;2,39;6,39
Sud;Calabria;RC;G905;0;1,75;1;2;0;4,75
Nord Ovest;Lombardia;VA;G906;2;9,88;3;2;7,67;24,55
Nord Ovest;Lombardia;VA;G907;6;21,6;15,6;7;7,5;57,7
Nord Est;Veneto;TV;G909;0;1;2;0;3;6
Sud;Molise;CB;G910;0;2;2;2;1;7
Centro;Toscana;LI;G912;18;34,17;25,55;8;11,17;96,89
Nord Ovest;Liguria;GE;G913;1;2;0;0,5;0;3,5
Nord Est;Veneto;VE;G914;8,14;61,9;53,5;55,64;74,29;253,47
Nord Est;Emilia-Romagna;FE;G916;4;26,5;45;29,17;30,35;135,02
Nord Ovest;Lombardia;MN;G917;3;44,67;56,83;29,25;44,75;178,5
Centro;Marche;MC;G919;47;122,95;47,84;17;14,99;249,78
Centro;Marche;AP;G920;9,5;59,67;45,92;21,77;21,5;158,36
Centro;Marche;AP;G921;19,07;59,9;43;24;22,87;168,84
Isole;Sardegna;CA;G922;3;7,86;6;6,92;7;30,78
Nord Est;Veneto;RO;G923;5,5;20,78;17,22;14,5;21;79
Isole;Sardegna;SS;G924;5,33;54,72;55,25;22,33;15;152,63
Nord Ovest;Liguria;SP;G925;5;22,22;8,67;2;3;40,89
Nord Est;Veneto;RO;G926;12,7;32,13;33,95;34,81;29,83;143,42
Nord Ovest;Piemonte;BI;G927;0;0;0,75;5;4;9,75
Isole;Sardegna;NU;G929;0;19,55;8;1;2;30,55
Nord Est;Veneto;VI;G931;1;1;3;2;4;11
Sud;Campania;SA;G932;0;0;1,33;2;3,5;6,83
Nord Est;Veneto;TV;G933;0;4,17;0;2;8,17;14,34
Centro;Lazio;RI;G934;0;0;2,88;0;0;2,88
Centro;Lazio;FR;G935;0;2;2;1;0;5
Nord Ovest;Lombardia;SO;G937;2;3;3;0;0;8
Sud;Campania;SA;G939;0;4;2;1;3;10
Nord Ovest;Piemonte;VC;G940;2;3,5;1;0;0,5;7
Sud;Basilicata;PZ;G942;30,87;89,73;119,06;104,24;58,57;402,47
Nord Est;Veneto;VI;G943;0;5,41;1,1;5;13,5;25,01
Nord Est;Veneto;TV;G944;0;12;9;6;9;36
Nord Est;Veneto;VR;G945;2,5;10,5;17,67;16,37;27,17;74,21
Nord Est;Emilia-Romagna;RE;G947;0;13;15,67;12;15,11;55,78
Nord Est;Friuli- Venezia Giulia;UD;G949;1;2;3;9,25;21,5;36,75
Centro;Lazio;RI;G951;7;3,88;1,05;4;1;16,93
Isole;Sicilia;RG;G953;6;27,91;42,87;28;26,96;131,74
Sud;Molise;IS;G954;1,5;3;2;2;7;15,5
Nord Ovest;Lombardia;MI;G955;4;54,33;36,5;24;12;130,83
Nord Est;Veneto;VI;G957;0;3;3;2;13,5;21,5
Nord Ovest;Lombardia;BS;G959;7,5;8;13;4;16;48,5
Nord Ovest;Piemonte;AL;G960;0;1;2;1;4;8
Nord Ovest;Piemonte;AL;G961;0,5;7;12;11;16,5;47
Isole;Sardegna;SS;G962;1;1;0;2;6;10
Nord Est;Veneto;PD;G963;0;2;10,25;2;7,11;21,36
Sud;Campania;NA;G964;22,5;85;88,83;64,1;59,18;319,61
Nord Ovest;Lombardia;MI;G965;9;49,69;24,17;12;10,83;105,69
Nord Est;Friuli- Venezia Giulia;UD;G966;0;7;16;20;36,33;79,33
Nord Ovest;Lombardia;BG;G968;2;11;20,97;8;7;48,97
Nord Est;Friuli- Venezia Giulia;UD;G969;0;11;6;7,5;20,5;45
Nord Ovest;Piemonte;CN;G970;0;1;0,5;1;0;2,5
Nord Est;Emilia-Romagna;BO;G972;9;46,2;52,72;30,89;39,33;178,14
Nord Ovest;Piemonte;TO;G973;66;53;10;3;8,5;140,5
Nord Ovest;Piemonte;BI;G974;0;8;6;3;7,61;24,61
Sud;Calabria;CS;G975;19;54,11;24,33;7;14;118,44
Sud;Campania;SA;G976;1;1;5;1;0;8
Nord Ovest;Lombardia;BS;G977;0;7;7;4;8,92;26,92
Nord Ovest;Piemonte;TO;G978;23,5;9,33;5;1;0;38,83
Nord Ovest;Piemonte;TO;G979;1;0;2;1,46;10,5;14,96
Nord Ovest;Piemonte;BI;G980;0,78;7,11;12,45;4,45;5,5;30,29
Nord Est;Veneto;VE;G981;0;9;6;9;11,5;35,5
Nord Ovest;Piemonte;TO;G982;1;8;4;3;3,5;19,5
Nord Ovest;Piemonte;VC;G985;4;3;2;1;6;16
Nord Ovest;Piemonte;TO;G986;0;2;1,5;2;8;13,5
Nord Ovest;Piemonte;AL;G987;0;0;0;3;0;3
Nord Ovest;Piemonte;TO;G988;0;0;1;1;2;4
Sud;Campania;AV;G990;0;1;2,5;4;5;12,5
Sud;Campania;CE;G991;0;1;1;2;0;4
Sud;Abruzzo;AQ;G992;0;1;1;0;2;4
Nord Ovest;Lombardia;SO;G993;0,75;5,25;1,5;1,5;2,25;11,25
Nord Est;Friuli- Venezia Giulia;PN;G994;1;16;19;20,83;35,83;92,66
Sud;Campania;CE;G995;0;0;1;1;1;3
Nord Ovest;Piemonte;TO;G997;1;1;0;1;1;4
Centro;Toscana;PO;G999;79,99;504,57;560,81;349,16;363,67;1858,2
Nord Ovest;Piemonte;NO;H001;0;2;2;2;7;13
Nord Est;Friuli- Venezia Giulia;UD;H002;0;1;2;2;3,17;8,17
Sud;Campania;AV;H006;4;3;6;9,74;4;26,74
Sud;Abruzzo;AQ;H007;5;7;8,5;8,5;3,5;32,5
Nord Est;Friuli- Venezia Giulia;PN;H010;1;8;9;3;9;30
Nord Ovest;Piemonte;CN;H011;0;4;3;0;1;8
Sud;Calabria;RC;H013;1;0;0;0;0;1
Nord Est;Friuli- Venezia Giulia;UD;H014;0;2;2;2;6;12
Centro;Umbria;PG;H015;1,5;0;1;1;2;5,5
Nord Est;Emilia-Romagna;FO;H017;2;14,67;16,17;11;10,5;54,34
Nord Ovest;Lombardia;BG;H020;2;12;8,54;6;4;32,54
Nord Ovest;Piemonte;AL;H021;0;1;4;3,5;9,5;18
Nord Est;Veneto;TV;H022;14,33;61,5;58,25;34;53,97;222,05
Nord Ovest;Lombardia;MI;H026;2;23,5;21,3;9,5;13,17;69,47
Nord Ovest;Liguria;IM;H027;0;6,17;4;1;3;14,17
Nord Ovest;Lombardia;LC;H028;2;2;4;0,5;2;10,5
Nord Est;Friuli- Venezia Giulia;UD;H029;0;2;9,5;5;21;37,5
Nord Ovest;Piemonte;VB;H030;2;3;6;1;7;19
Nord Ovest;Piemonte;VB;H033;3;4;9;1;2;19
Nord Est;Emilia-Romagna;FO;H034;2;1,67;1;0;3,1;7,77
Nord Ovest;Lombardia;BG;H036;2;8,5;3,5;0;4;18
Nord Ovest;Piemonte;VB;H037;0;0;3;0;2;5
Nord Est;Friuli- Venezia Giulia;UD;H038;0;0;0;0;1;1
Nord Est;Friuli- Venezia Giulia;UD;H040;0;0;2;1;1,75;4,75
Nord Ovest;Valle d'Aosta;AO;H042;11,02;18,03;11;1;4;45,05
Nord Ovest;Lombardia;BS;H043;0;0;2;4;2,5;8,5
Sud;Campania;CE;H045;0;0;0;2;3;5
Nord Ovest;Lombardia;BG;H046;0;11;13,4;10;12,33;46,73
Nord Est;Veneto;VR;H048;0,31;3;6;10,12;11,44;30,87
Sud;Abruzzo;CH;H052;1;2;2;4;2;11
Nord Ovest;Lombardia;BS;H055;0;8,38;12,33;9;11,38;41,09
Sud;Abruzzo;AQ;H056;1;3;0;1,2;3;8,2
Nord Ovest;Piemonte;CN;H059;0;1;1;0;1,33;3,33
Nord Est;Emilia-Romagna;MO;H061;0;5;9;4,89;8;26,89
Sud;Campania;SA;H062;3;4,67;2;0,99;2,99;13,65
Nord Ovest;Lombardia;LC;H063;0;3,5;4;2,5;2;12
Nord Ovest;Piemonte;CN;H068;0;4;6;2;14,5;26,5
Nord Ovest;Piemonte;CN;H069;0;0;0,11;1;1;2,11
Isole;Sicilia;PA;H070;7,75;3;4;3,25;8,08;26,08
Centro;Lazio;VT;H071;1;2;3;0;3;9
Sud;Campania;NA;H072;12,98;19,78;12,5;12,5;7;64,76
Nord Ovest;Liguria;GE;H073;1;0;2;0;3;6
Nord Ovest;Lombardia;CO;H074;1;6;1;3;4;15
Centro;Lazio;LT;H076;2;1;2;0;2,33;7,33
Nord Ovest;Lombardia;BS;H077;0;0;0;0;0;0
Nord Ovest;Lombardia;BS;H078;0;19,83;11,49;17,84;15,5;64,66
Sud;Molise;CB;H083;0;1;0;0;0;1
Nord Ovest;Piemonte;CN;H085;0;0;0;2,5;0;2,5
Nord Ovest;Lombardia;BS;H086;3;26;12;6;15;62
Sud;Campania;BN;H087;0;0;0;0,5;2;2,5
Isole;Sardegna;CA;H088;8;32;14,41;6,75;20,74;81,9
Nord Est;Friuli- Venezia Giulia;UD;H089;0;1;2;1;2;6
Sud;Puglia;TA;H090;2;35,28;35,45;29;28,66;130,39
Nord Ovest;Lombardia;BG;H091;0;2;5;1;5;13
Nord Ovest;Lombardia;CO;H094;0;1,5;4,17;0;1;6,67
Isole;Sardegna;SS;H095;0;1;0,22;0;1;2,22
Sud;Puglia;BA;H096;36,67;54,47;55,58;76,4;38,78;261,9
Sud;Campania;AV;H097;0;1;2;0,83;6;9,83
Sud;Abruzzo;CH;H098;0;1;3;0;1;5
Nord Ovest;Piemonte;TO;H100;0;0;0;0;2;2
Sud;Campania;NA;H101;8;17,6;29;28,92;13,5;97,02
Nord Ovest;Piemonte;AT;H102;0;0;0;0;1,5;1,5
Nord Ovest;Piemonte;AL;H104;1;1;2;1;3,5;8,5
Nord Ovest;Piemonte;VB;H106;0;3;2;0;5;10
Nord Ovest;Piemonte;VB;H107;3;1;3;2;0;9
Nord Ovest;Piemonte;VC;H108;1;4;11;4;12;32
Centro;Toscana;PT;H109;3;54,09;73,5;45,99;59,31;235,89
Nord Ovest;Valle d'Aosta;AO;H110;1;15;12;3;8;39
Sud;Campania;NA;H114;6,5;49,89;77,75;62,5;29,5;226,14
Nord Est;Veneto;VE;H117;42;62;27,31;16,17;13;160,48
Isole;Sardegna;CA;H118;46;221,86;147,81;87,95;101,05;604,67
Isole;Sardegna;CA;H119;4;38,75;26,5;16;25,17;110,42
Nord Ovest;Piemonte;TO;H120;0;0;2;0;1;3
Nord Ovest;Piemonte;AL;H121;1;0;1;0;2;4
Nord Est;Emilia-Romagna;RE;H122;2;14;33,5;20;46,17;115,67
Nord Ovest;Liguria;SV;H126;2,5;18;17,02;6;11,67;55,19
Nord Ovest;Piemonte;TO;H127;0;1;2;1;2;6
Sud;Campania;AV;H128;0;0;1;4;3;8
Nord Ovest;Lombardia;MN;H129;0,5;0,75;3,5;1,67;4,95;11,37
Nord Ovest;Lombardia;CR;H130;1;0;5;2;1;9
Nord Est;Veneto;TV;H131;2;27;29,33;14,5;17,88;90,71
Nord Ovest;Piemonte;VC;H132;0;1;3;0;2;6
Nord Est;Veneto;VI;H134;0;9,25;8;7,25;25;49,5
Nord Ovest;Lombardia;BS;H140;1,72;11;27,83;8;19,67;68,22
Nord Ovest;Lombardia;MN;H143;0;4;8,17;6,11;15,5;33,78
Sud;Puglia;LE;H147;3;16,6;10,17;17,67;17;64,44
Isole;Sicilia;AG;H148;1,92;12;11;7,83;11,38;44,13
Nord Ovest;Piemonte;CN;H150;3;22;26;16,67;22,5;90,17
Isole;Sicilia;ME;H151;0;0;0;0;0;0
Centro;Toscana;SI;H153;0;1,5;1;1;6,83;10,33
Isole;Sicilia;CT;H154;5;2,75;2,86;2;4;16,61
Centro;Toscana;SI;H156;2;5,5;1;2;2;12,5
Centro;Toscana;SI;H157;0;2;4;0;3;9
Isole;Sicilia;AG;H159;6,34;12,5;14,8;10;8,17;51,81
Nord Est;Friuli- Venezia Giulia;UD;H161;0;3;2;5,33;17,5;27,83
Isole;Sicilia;RG;H163;48,21;207,88;176,73;154,83;166,13;753,78
Sud;Campania;CE;H165;1;0;1;3;1,44;6,44
Sud;Abruzzo;AQ;H166;2;1;4;1,5;2,83;11,33
Isole;Sicilia;CT;H168;7;7,92;13,5;7,4;8,33;44,15
Nord Ovest;Lombardia;VA;H173;1;0;1;2;1,5;5,5
Nord Ovest;Lombardia;VA;H174;3;5;2;3;4;17
Isole;Sicilia;CT;H175;5,86;12,23;8;15,47;14,53;56,09
Nord Ovest;Lombardia;BG;H176;1;9,17;11,67;11,67;8,72;42,23
Nord Ovest;Lombardia;BG;H177;7;20,11;3,5;1,03;2,5;34,14
Nord Ovest;Liguria;IM;H180;0;1;0;0;0;1
Centro;Marche;AP;H182;0;0;3,2;3,5;1,5;8,2
Nord Ovest;Liguria;GE;H183;79,15;245,7;127,71;33,45;26,6;512,61
Sud;Abruzzo;CH;H184;0;2;0,67;0;1;3,67
Centro;Toscana;SI;H185;1;7;14;6,67;12,28;40,95
Sud;Basilicata;PZ;H186;1;6;9,78;2;2;20,78
Sud;Basilicata;PZ;H187;3,33;0;0;1,75;0;5,08
Nord Ovest;Piemonte;VC;H188;0;3;1;1;1;6
Nord Ovest;Lombardia;SO;H192;2;3;0;1;1;7
Isole;Sicilia;AG;H194;6;8;7,83;10,5;13,67;46
Nord Est;Emilia-Romagna;MO;H195;0;22;14;5,33;12,67;54
Nord Est;Friuli- Venezia Giulia;UD;H196;2;2;3;0,75;3;10,75
Sud;Campania;SA;H198;2,9;7,34;2;1;1;14,24
Nord Est;Emilia-Romagna;RA;H199;299,39;784,78;480,02;265,12;355,46;2184,77
Nord Est;Friuli- Venezia Giulia;UD;H200;0;0;0;0;2;2
Sud;Campania;CE;H202;0;0;0;0;0;0
Nord Ovest;Piemonte;VB;H203;0;1;0;1,5;0,5;3
Nord Ovest;Lombardia;PV;H204;0;0;1;1;0;2
Isole;Sicilia;AG;H205;2;5,33;7,92;4;3;22,25
Nord Est;Friuli- Venezia Giulia;UD;H206;0;5;12;7;22;46
Nord Ovest;Piemonte;TO;H207;2;1;4;5,5;7,5;20
Sud;Campania;CE;H210;1;7,5;12,5;9;6,5;36,5
Centro;Marche;MC;H211;3;33,34;39,88;43,23;31,51;150,96
Nord Ovest;Liguria;GE;H212;8;61,25;31,86;7,2;14,5;122,81
Nord Ovest;Piemonte;NO;H213;1;0;1;0;2;4
Nord Est;Veneto;VI;H214;6,1;6,77;3,5;7;7,25;30,62
Nord Ovest;Lombardia;PV;H216;0;0;0;1,33;5;6,33
Nord Ovest;Lombardia;MN;H218;0;2;0;0;10,5;12,5
Nord Ovest;Piemonte;AT;H219;1;2;0;4;10;17
Nord Est;Veneto;TV;H220;3;0;2;1;2;8
Isole;Sicilia;EN;H221;10,58;13,5;11,75;8;12,96;56,79
Centro;Toscana;FI;H222;4;43,5;61,11;41,96;37,29;187,86
Nord Est;Emilia-Romagna;RE;H223;107,62;615,88;663,21;323,8;325,47;2035,98
Sud;Calabria;RC;H224;34,12;184,96;201,6;229,36;189,41;839,45
Nord Est;Emilia-Romagna;RE;H225;1;10,67;18;16,5;29,27;75,44
Sud;Campania;BN;H227;0;0;0;0;0;0
Isole;Sicilia;ME;H228;2;4;3;1,08;0;10,08
Nord Est;Friuli- Venezia Giulia;UD;H229;0;11;10,5;10;31;62,5
Nord Ovest;Lombardia;BS;H230;0;2,75;3;4,33;8,63;18,71
Nord Ovest;Lombardia;MB;H233;3;8,76;14;7,01;7,76;40,53
Sud;Calabria;CS;H235;4;104,07;80,05;67,07;74,9;330,09
Nord Est;Veneto;TV;H238;2;41,67;17,75;13;16;90,42
Nord Ovest;Lombardia;MI;H240;7;79,5;56,88;15,33;32,17;190,88
Nord Est;Friuli- Venezia Giulia;UD;H242;0;1;1;2,5;0,25;4,75
Sud;Campania;NA;H243;49,01;73,96;61,55;66,81;37,88;289,21
Nord Est;Friuli- Venezia Giulia;UD;H244;0;1;1;0;0,5;2,5
Isole;Sicilia;CL;H245;1;2;3;0;0;6
Nord Ovest;Lombardia;PV;H246;1;3;4,42;0,84;16,67;25,93
Nord Ovest;Piemonte;CN;H247;0;5;6,5;7,5;12,5;31,5
Nord Ovest;Piemonte;AT;H250;0;2;1;2,5;3;8,5
Nord Est;Veneto;TV;H253;3;2;8;2;9;24
Nord Ovest;Lombardia;CO;H255;0;2,78;1;0;1,78;5,56
Nord Ovest;Lombardia;BS;H256;5;34;41;37,5;35,11;152,61
Nord Ovest;Liguria;IM;H257;3;1;2;0;1;7
Nord Ovest;Liguria;GE;H258;0;4,5;3,67;0;2;10,17
Nord Ovest;Lombardia;CO;H259;0,5;0;0;0;0;0,5
Nord Ovest;Valle d'Aosta;AO;H262;0;2;2;1;0;5
Nord Ovest;Valle d'Aosta;AO;H263;3,31;3;0;1;0;7,31
Nord Ovest;Lombardia;MI;H264;73,16;268,15;219,1;82,14;47;689,55
Sud;Calabria;RC;H265;2;0,19;5;1;0;8,19
Nord Ovest;Liguria;SV;H266;0;0;0;1;1;2
Centro;Lazio;RM;H267;2;18,5;20,75;16,5;24,33;82,08
Sud;Campania;CE;H268;0;0;0;1,56;5,5;7,06
Isole;Sicilia;AG;H269;16;23,5;37,5;16;26,59;119,59
Nord Ovest;Piemonte;TO;H270;5;1;1;0;1;8
Sud;Calabria;VV;H271;5,06;18,67;6,17;8,17;2;40,07
Nord Ovest;Piemonte;AL;H272;0;0;1;1;4,5;6,5
Sud;Molise;CB;H273;1;6,5;5,5;8;1;22
Nord Est;Emilia-Romagna;RN;H274;31,6;148,27;119,73;51,75;41,11;392,46
Nord Ovest;Liguria;SP;H275;9;3;12,17;10;8;42,17
Nord Ovest;Lombardia;CR;H276;0;3;6;8,5;3,33;20,83
Sud;Campania;SA;H277;1;3,5;0;0;1;5,5
Nord Est;Veneto;TV;H280;5,66;24;15,66;8,5;32,48;86,3
Isole;Sicilia;CL;H281;22,67;17,86;11,67;18,33;16,58;87,11
Centro;Lazio;RI;H282;28,17;101,55;94,66;62,84;84,29;371,51
Nord Ovest;Piemonte;CN;H285;0;2,5;1;1;1;5,5
Centro;Toscana;FI;H286;3;21;22,17;17,19;33,75;97,11
Sud;Puglia;FG;H287;2;1;5,67;0,17;1;9,84
Centro;Lazio;RM;H288;6,83;23,78;26,5;18,78;18;93,89
Nord Est;Friuli- Venezia Giulia;UD;H289;1;1;1;0;4;7
Nord Ovest;Piemonte;VC;H293;1;1;1;2;1;6
Nord Est;Emilia-Romagna;RN;H294;135,53;509,18;474,93;198,63;158,49;1476,76
Nord Est;Emilia-Romagna;RE;H298;2;7,55;16;8,5;9,25;43,3
Centro;Lazio;RM;H300;2;2;3;0;3;10
Isole;Sardegna;OR;H301;4;2;2;2;4,5;14,5
Nord Est;Emilia-Romagna;RA;H302;2;12,75;15,33;9;15,92;55
Nord Est;Emilia-Romagna;MO;H303;0,67;1;2;5;1,34;10,01
Nord Ovest;Liguria;SP;H304;11,5;7,33;5;1;0;24,83
Sud;Basilicata;PZ;H307;8,88;19;20,75;14,07;6;68,7
Sud;Molise;IS;H308;1;0,5;1;0;1;3,5
Sud;Molise;CB;H311;0;1;1,33;1;0;3,33
Sud;Basilicata;PZ;H312;2,5;2;1;0,33;1;6,83
Sud;Molise;CB;H313;1;2;0;3;7;13
Nord Ovest;Lombardia;CR;H314;0;2;1;1;4;8
Nord Ovest;Lombardia;CR;H315;0;1;12,5;5;6;24,5
Nord Ovest;Lombardia;CR;H316;0;0;1;0;2;3
Centro;Toscana;PI;H319;0;9;4,5;3,5;6;23
Sud;Abruzzo;CH;H320;1;1;3;1;5;11
Centro;Marche;AP;H321;1;10;8,67;10;8,17;37,84
Centro;Marche;MC;H323;2;0;0;0;1,22;3,22
Centro;Lazio;FR;H324;0;1;2;2;8,28;13,28
Isole;Sicilia;CT;H325;2,33;25,5;19,2;23,5;13,67;84,2
Nord Ovest;Piemonte;CN;H326;0;0;1;0;0;1
Nord Est;Veneto;BL;H327;1;5;3;1;1;11
Nord Ovest;Liguria;IM;H328;6;18,5;8;1,25;2;35,75
Nord Ovest;Lombardia;BG;H331;1;25,5;8;2,75;4,5;41,75
Nord Ovest;Piemonte;TO;H333;0;3,33;3;1;12,33;19,66
Nord Ovest;Piemonte;AL;H334;2;2,5;5;1;7,44;17,94
Nord Ovest;Piemonte;TO;H335;5;58,5;62;46,67;55;227,17
Nord Ovest;Lombardia;PV;H336;3;11;14,17;6;11;45,17
Nord Ovest;Piemonte;TO;H337;0;10,5;12,5;9,5;11;43,5
Nord Ovest;Piemonte;TO;H338;0;0;2;1;9;12
Nord Ovest;Piemonte;TO;H340;8;30;46,5;25;30,25;139,75
Nord Ovest;Lombardia;CR;H341;0;0;1;2;8;11
Nord Ovest;Lombardia;MN;H342;0;0,83;1;2,66;12,17;16,66
Nord Ovest;Piemonte;AL;H343;0;1;0;0;5,5;6,5
Nord Ovest;Piemonte;TO;H344;0;3;5;4;7;19
Nord Ovest;Piemonte;VC;H346;0;0;0;0;2;2
Nord Est;Friuli- Venezia Giulia;UD;H347;0;2;8;1;7,5;18,5
Sud;Basilicata;PZ;H348;1;4;6;3;1;15
Nord Est;Emilia-Romagna;PC;H350;1,08;26,91;22;13,25;25,83;89,07
Sud;Abruzzo;AQ;H353;21;47;12;2;1;83
Centro;Lazio;RI;H354;4;4,5;1;2;1;12,5
Nord Ovest;Piemonte;TO;H355;15;243,01;165,17;60,56;57,14;540,88
Nord Est;Veneto;VR;H356;0;1;10;6,67;6,67;24,34
Nord Ovest;Lombardia;CR;H357;12;40,6;31,67;18,99;16,49;119,75
Sud;Calabria;RC;H359;6;2,5;2,5;5,5;4;20,5
Nord Est;Veneto;VI;H361;25,75;102,03;35,33;16,5;21,03;200,64
Nord Ovest;Piemonte;CN;H362;0;3;0;0;1;4
Nord Ovest;Piemonte;CN;H363;0;0;0;0;0;0
Nord Ovest;Piemonte;VC;H364;0;0;1;0;3,5;4,5
Nord Ovest;Piemonte;VC;H365;0;1;1;1;5;8
Nord Ovest;Piemonte;AT;H366;0;1;1;0;2,5;4,5
Nord Ovest;Piemonte;TO;H367;0;5,1;4;3,83;9;21,93
Nord Ovest;Lombardia;PV;H369;0;13,75;12;17,75;16,5;60
Nord Ovest;Lombardia;MI;H371;1,54;10,08;8;2;10;31,62
Nord Ovest;Lombardia;CR;H372;0;1;2;2;6,25;11,25
Nord Ovest;Lombardia;MI;H373;2,8;23,96;15,45;9,63;16,67;68,51
Nord Ovest;Lombardia;PV;H375;0;0;0;2;2;4
Nord Ovest;Piemonte;AT;H376;0;0;0;0;3,33;3,33
Nord Ovest;Piemonte;CN;H377;1;10;2,5;1,5;1;16
Nord Ovest;Piemonte;CN;H378;22,63;20,05;0;1;2;45,68
Nord Est;Veneto;BL;H379;7;19,5;4;0,25;7,66;38,41
Isole;Sicilia;ME;H380;0;1;3;0;0,25;4,25
Sud;Campania;AV;H382;0;2;11;4;5;22
Sud;Calabria;KR;H383;0;0;1;1;2;4
Nord Est;Emilia-Romagna;PR;H384;0;2;8;4;12,67;26,67
Nord Ovest;Piemonte;CN;H385;3,5;6;1,67;1,5;6,4;19,07
Nord Ovest;Piemonte;TO;H386;0;7;1;2;5;15
Centro;Lazio;RM;H387;1;0;0;0;0;1
Sud;Abruzzo;AQ;H389;0;0;0;0;0;0
Centro;Marche;AP;H390;0;3,25;3,8;2;3;12,05
Nord Ovest;Piemonte;CN;H391;0;0;0;0;1;1
Nord Ovest;Piemonte;AT;H392;0;1;1;2;6;10
Centro;Lazio;FR;H393;0;0;1;0,67;2;3,67
Sud;Campania;SA;H394;2;5;5;4;12,08;28,08
Nord Ovest;Piemonte;CN;H395;0;1;1;2;9;13
Nord Ovest;Lombardia;PV;H396;1;0;0;0;0;1
Sud;Campania;CE;H398;1,97;2;1;2,66;7;14,63
Sud;Abruzzo;AQ;H399;4;3;4;2;1;14
Sud;Abruzzo;AQ;H400;16,25;16;5;0;3;40,25
Centro;Lazio;RM;H401;2;1,8;0;0;0;3,8
Sud;Abruzzo;AQ;H402;20;37,68;4;3,07;4;68,75
Sud;Calabria;KR;H403;1;1;2;3;3,67;10,67
Centro;Lazio;RM;H404;20;57,67;27;16,25;25,83;146,75
Isole;Sicilia;ME;H405;0;0;0;1;0;1
Nord Ovest;Piemonte;AL;H406;0;2;0;2;0;4
Nord Ovest;Piemonte;CN;H407;3;8,04;6,5;4;7;28,54
Sud;Calabria;RC;H408;0;0;0;0;0;0
Sud;Puglia;TA;H409;0;2;3;1,5;5;11,5
Nord Ovest;Lombardia;BS;H410;0;4;5;4;11;24
Centro;Lazio;RM;H411;0;0;1;0;0;1
Sud;Campania;SA;H412;1;3;2;1;0;7
Centro;Lazio;LT;H413;2,5;8,67;4;0;2;17,17
Nord Ovest;Piemonte;AL;H414;0;1;2,67;4,33;5,5;13,5
Sud;Calabria;CS;H416;3;13,25;4,5;4,5;2;27,25
Centro;Toscana;GR;H417;0,75;5;10;3;4;22,75
Isole;Sicilia;ME;H418;13,5;26,5;11;4;7;62
Sud;Molise;IS;H420;1;0;2;0;4;7
Centro;Lazio;LT;H421;0;2;2;0;1;5
Isole;Sicilia;PA;H422;1;1;1;0;4;7
Sud;Campania;CE;H423;1;6,5;4;1;4,89;17,39
Sud;Abruzzo;CH;H424;0;0;0;0;0;0
Sud;Abruzzo;PE;H425;1;0;1;3;1;6
Sud;Basilicata;PZ;H426;4;0,2;1;1;0;6,2
Centro;Lazio;RI;H427;1;2;1;2;3;9
Isole;Sicilia;PA;H428;1;1,17;5,5;0;3;10,67
Sud;Abruzzo;AQ;H429;2;1;0;0;1;4
Sud;Campania;SA;H431;3,4;11,7;21,29;20,37;7,5;64,26
Centro;Lazio;RM;H432;13,67;22,5;18,5;11,75;33,9;100,32
Sud;Campania;NA;H433;5;5;5,67;10;8,33;34
Sud;Abruzzo;AQ;H434;24,54;45,81;18;3,02;1;92,37
Sud;Campania;CE;H436;0;0;1;1;3;5
Nord Est;Emilia-Romagna;FO;H437;0;4,5;2,33;2;7,5;16,33
Sud;Campania;AV;H438;1;1;1;1;3;7
Sud;Abruzzo;CH;H439;2;6;2;1;9;20
Sud;Abruzzo;TE;H440;0;0;0;0;0;0
Centro;Lazio;RM;H441;2;2;0;0;1;5
Sud;Abruzzo;CH;H442;1;1;0;0;1;3
Centro;Lazio;FR;H443;1;3;3,44;4;13;24,44
Centro;Lazio;LT;H444;2;0;0;0;0;2
Sud;Molise;IS;H445;1;1;0;0;0;2
Centro;Lazio;RI;H446;2;8;4;1;2;17
Nord Ovest;Piemonte;CN;H447;1;1;2;4;2;10
Sud;Abruzzo;CH;H448;0;0,83;0;1;1,5;3,33
Centro;Toscana;GR;H449;7,5;26,96;36,5;10;6;86,96
Nord Ovest;Lombardia;PV;H450;0;1;1;0;7;9
Nord Ovest;Piemonte;AT;H451;0;0;1;0,86;5,5;7,36
Nord Ovest;Liguria;SV;H452;0,5;2;1;1;1;5,5
Nord Ovest;Piemonte;CN;H453;2;3,5;7,5;2,11;8,5;23,61
Sud;Molise;CB;H454;0;0;0;0;1;1
Isole;Sicilia;ME;H455;0;1;0;0,5;0;1,5
Sud;Calabria;RC;H456;3;16,25;8,33;10,33;8,83;46,74
Sud;Molise;IS;H458;4;0;1;1;1;7
Sud;Campania;CE;H459;0;0;0;0;1;1
Nord Ovest;Liguria;IM;H460;0;2;3;0;0;5
Nord Ovest;Liguria;SP;H461;0;3;1;1,08;0;5,08
Nord Ovest;Piemonte;CN;H462;0;0;0;0;0;0
Nord Ovest;Piemonte;AL;H465;1;4;2;1;0;8
Nord Ovest;Piemonte;AT;H466;0;0;0;0;3;3
Sud;Puglia;FG;H467;1;2;2,17;1;1;7,17
Nord Ovest;Piemonte;AT;H468;2;1;4;2;2,5;11,5
Nord Ovest;Lombardia;MI;H470;0;13,5;15,33;11,5;9;49,33
Nord Ovest;Piemonte;CN;H472;2;2;3;2,5;11;20,5
Nord Ovest;Piemonte;CN;H473;0;2;0;0;4;6
Nord Ovest;Piemonte;CN;H474;1;0;0;0;3,67;4,67
Nord Ovest;Lombardia;BS;H477;4,5;26,5;31,33;23;24,33;109,66
Nord Ovest;Lombardia;CO;H478;0;1;3;0;5;9
Isole;Sicilia;ME;H479;0;2;1;0,25;3;6,25
Sud;Puglia;FG;H480;19,87;30;10;1;6,5;67,37
Nord Ovest;Lombardia;MN;H481;0;5;9,5;4,34;18,02;36,86
Nord Ovest;Lombardia;BS;H484;7;13;14,17;9;9,5;52,67
Sud;Campania;SA;H485;0,4;1;0;1;1,8;4,2
Nord Ovest;Lombardia;LC;H486;1;2,5;8;4;3,5;19
Sud;Calabria;CS;H488;1,8;2;6;7;10,89;27,69
Sud;Calabria;RC;H489;0;0,75;2;1;0;3,75
Sud;Calabria;CS;H490;2;5;4;5;5,22;21,22
Nord Ovest;Lombardia;PV;H491;0;1;4;2;1;8
Nord Ovest;Lombardia;BG;H492;2;8,67;19;6,5;10;46,17
Nord Ovest;Lombardia;SO;H493;1;2;0;3;1,5;7,5
Centro;Lazio;RM;H494;1;2;0;0;0;3
Sud;Abruzzo;CH;H495;1;1;0;0;0;2
Nord Ovest;Valle d'Aosta;AO;H497;3;2;1;2;3;11
Nord Ovest;Piemonte;TO;H498;0;3;4;5;7,17;19,17
Nord Est;Emilia-Romagna;RE;H500;0;5;7,75;5,56;6,14;24,45
Centro;Lazio;RM;H501;2702,35;12043,4;8208,12;3658,54;2937,33;29549,74
Nord Ovest;Piemonte;NO;H502;0;4;9;6;5,5;24,5
Sud;Campania;SA;H503;0;1;1;0;0;2
Nord Ovest;Lombardia;PV;H505;1;1;4,5;3,5;1,25;11,25
Isole;Sardegna;SS;H507;1;0;0;1,83;0,75;3,58
Nord Ovest;Lombardia;CR;H508;0;9,5;10;8;6,72;34,22
Nord Ovest;Lombardia;BG;H509;12,66;59,45;85,94;47,67;33,33;239,05
Nord Ovest;Piemonte;TO;H511;0;4;7;1;7,66;19,66
Nord Est;Veneto;VI;H512;0;22;23,49;12;45,53;103,02
Sud;Calabria;VV;H516;0;3;2;0,75;2;7,75
Nord Ovest;Piemonte;NO;H518;6;21,5;19;4,67;8,01;59,18
Isole;Sicilia;ME;H519;5,33;39,4;14,83;16,08;11,5;87,14
Nord Ovest;Lombardia;CO;H521;0;2;5;3;5,5;15,5
Nord Est;Veneto;VR;H522;0;4;6;5,44;9,94;25,38
Nord Est;Veneto;TV;H523;1,8;45,75;28,53;39,28;40,78;156,14
Nord Ovest;Lombardia;BS;H525;6,25;33,5;37,75;11,33;14,55;103,38
Nord Ovest;Lombardia;PV;H527;0;5,5;4;3;2,5;15
Nord Ovest;Lombardia;MB;H529;5;25,6;15;6,3;5,5;57,4
Nord Est;Friuli- Venezia Giulia;UD;H533;0;3;2;1;5;11
Centro;Lazio;VT;H534;12;31,33;33,28;9;21,46;107,07
Nord Ovest;Lombardia;BG;H535;0;8,17;2;1,33;2,5;14
Nord Ovest;Liguria;GE;H536;3;26,5;18,5;12,5;7,42;67,92
Nord Ovest;Lombardia;MB;H537;1;22;15,5;6,5;6,05;51,05
Nord Ovest;Piemonte;BI;H538;0;2;0;1;5;8
Nord Ovest;Piemonte;TO;H539;3;3;9;1;1;17
Nord Est;Veneto;VR;H540;1;13;9;14;24,36;61,36
Nord Ovest;Lombardia;MN;H541;1;11,38;12,5;11,76;24,72;61,36
Nord Est;Emilia-Romagna;FO;H542;2;2;5,5;4;10,5;24
Nord Ovest;Lombardia;BG;H544;4;5;3;0;2;14
Nord Ovest;Liguria;GE;H546;1;0;0;0;0;1
Nord Ovest;Piemonte;TO;H547;2;6;4;4;11;27
Nord Ovest;Piemonte;VC;H549;0;0;1;2;2,5;5,5
Nord Ovest;Piemonte;BI;H553;0;1;1;4,5;13,5;20
Nord Ovest;Piemonte;TO;H554;0;0;0;0;0;0
Nord Ovest;Piemonte;TO;H555;6;11;8;2;4;31
Nord Est;Veneto;VI;H556;2;11;23,5;14,09;42,87;93,46
Sud;Calabria;RC;H558;1;4;8;6;8;27
Nord Ovest;Lombardia;PV;H559;0;1;2;0;1;4
Nord Ovest;Lombardia;MI;H560;5;29,72;11;5;7,17;57,89
Nord Ovest;Piemonte;BI;H561;1;3,25;0;0;4;8,25
Sud;Abruzzo;PE;H562;0;1;5;8;9,22;23,22
Sud;Campania;SA;H564;0;0;0;0;0;0
Sud;Calabria;CS;H565;0;3;5;3;4;15
Sud;Abruzzo;CH;H566;0;1,75;0;0;0;1,75
Sud;Puglia;FG;H568;0;0;2;1;0;3
Nord Ovest;Piemonte;AL;H569;1;1;1;2;5,33;10,33
Centro;Toscana;LI;H570;68,5;190,49;143,3;65,87;63,42;531,58
Sud;Calabria;CS;H572;12;17,33;7;5,67;2;44
Nord Est;Veneto;RO;H573;75,92;65,3;39,66;25,77;17;223,65
Isole;Sicilia;SR;H574;8;15;18,68;13,23;12,86;67,77
Centro;Marche;AN;H575;0;2;4;0;5,33;11,33
Nord Ovest;Piemonte;VC;H577;0;1;2;2;3,28;8,28
Nord Ovest;Piemonte;CN;H578;1;6;5,5;2;2;16,5
Nord Est;Veneto;VI;H580;1;15;20,5;11,33;21,17;69
Nord Ovest;Liguria;GE;H581;0;6;14;1,75;3,5;25,25
Nord Ovest;Piemonte;TO;H583;5,5;4;16;14,5;27,5;67,5
Nord Ovest;Lombardia;BG;H584;4,32;12,26;9,33;1,66;6;33,57
Sud;Calabria;CS;H585;0;1;0;1;1;3
Centro;Marche;AP;H588;0;1,07;0;0;2;3,07
Sud;Molise;CB;H589;1,25;1;0;0,5;0;2,75
Sud;Basilicata;PZ;H590;2;2;1,5;1;5,78;12,28
Sud;Basilicata;MT;H591;7;3;2;2;1;15
Sud;Campania;AV;H592;2,26;1;3;4;3,22;13,48
Nord Est;Emilia-Romagna;PC;H593;6;26;64,67;24;29,66;150,33
Nord Est;Veneto;VI;H594;3,5;9,6;0,38;0;2;15,48
Nord Ovest;Lombardia;BS;H598;11,33;79,25;59;30,06;50,45;230,09
Nord Ovest;Liguria;GE;H599;0;1,75;3;0;0;4,75
Nord Ovest;Lombardia;CO;H601;7;46;33;9,5;16,67;112,17
Nord Ovest;Lombardia;CO;H602;3;13,5;11,5;8;8;44
Nord Ovest;Lombardia;MN;H604;0;10;13,33;22;24,4;69,73
Nord Est;Veneto;VR;H606;0,67;1;3,67;3;10,5;18,84
Nord Est;Veneto;VR;H608;6;9;4;5;8,9;32,9
Nord Est;Friuli- Venezia Giulia;PN;H609;1;11;16,5;8;27,5;64
Nord Est;Veneto;VR;H610;0;1;3;2,5;2,5;9
Nord Ovest;Lombardia;PV;H614;0;0;0;0;2,5;2,5
Nord Ovest;Lombardia;BG;H615;11,5;15,58;15,33;5;8,5;55,91
Centro;Lazio;RM;H618;2;1;0,5;1;0;4,5
Nord Est;Veneto;RO;H620;44,5;141,39;159,9;86,75;120,41;552,95
Sud;Calabria;CS;H621;1;2;1;3;4;11
Nord Est;Veneto;PD;H622;1;7,5;3;9;10,5;31
Nord Ovest;Lombardia;MI;H623;42;192,45;130,37;30;17,29;412,11
Nord Est;Veneto;PD;H625;4;47,5;84,28;59;58,55;253,33
Nord Ovest;Piemonte;TO;H627;5;13,08;8;4,5;6;36,58
Nord Est;Emilia-Romagna;RE;H628;12;63,17;48,17;18,41;32,68;174,43
Nord Ovest;Lombardia;BS;H630;0;9,5;12;14;14,44;49,94
Nord Ovest;Piemonte;TO;H631;1;3;2;1;6;13
Sud;Puglia;LE;H632;5;8;5,67;7,55;16,33;42,55
Nord Ovest;Piemonte;CN;H633;0;0;1;0;1;2
Centro;Toscana;FI;H635;4,5;23,5;17,75;11,5;16,5;73,75
Sud;Basilicata;PZ;H641;1;2;0;0,58;0;3,58
Nord Est;Emilia-Romagna;RA;H642;4;26,58;25;15,5;25,5;96,58
Sud;Puglia;BA;H643;4,5;29,69;30,36;29,75;17,82;112,12
Sud;Campania;SA;H644;0;3;3;1;1;8
Sud;Puglia;BA;H645;27,17;74,25;82,26;44,5;19,17;247,35
Sud;Basilicata;PZ;H646;2;2;1;0;0;5
Centro;Lazio;LT;H647;20;66,5;63,45;41,75;34,33;226,03
Nord Ovest;Lombardia;BS;H650;1;1;5;6;14;27
Nord Ovest;Lombardia;MN;H652;0;4;3;3;26,5;36,5
Sud;Campania;SA;H654;0;0;0;0;0;0
Nord Est;Veneto;PD;H655;1;0;6,5;13,44;14;34,94
Nord Est;Friuli- Venezia Giulia;PN;H657;5;49,83;62;47,67;71,92;236,42
Centro;Lazio;RM;H658;3,5;10;7;9;14,17;43,67
Isole;Sardegna;NU;H659;0;0;0,58;0,67;2;3,25
Isole;Sardegna;NU;H661;0;0;0;1;0;1
Nord Ovest;Piemonte;BI;H662;8;9;9;2;3;31
Nord Ovest;Valle d'Aosta;AO;H669;1;5,5;7,33;3,5;6;23,33
Nord Ovest;Valle d'Aosta;AO;H670;0;2;1;2;0;5
Nord Ovest;Valle d'Aosta;AO;H671;0;0;3;3;3;9
Nord Ovest;Valle d'Aosta;AO;H672;2;2,5;1;1;0;6,5
Nord Ovest;Valle d'Aosta;AO;H673;0;2;1;0;0,5;3,5
Nord Ovest;Valle d'Aosta;AO;H674;5;13;18;6;4;46
Nord Ovest;Valle d'Aosta;AO;H675;2,5;12;7;0;5;26,5
Nord Ovest;Valle d'Aosta;AO;H676;4,5;10,47;7,5;4,5;4;30,97
Nord Ovest;Piemonte;AL;H677;0;0;0;3;2;5
Nord Est;Emilia-Romagna;BO;H678;2;34,48;34;13,5;28,17;112,15
Nord Ovest;Lombardia;CO;H679;2;3;2,5;2;0;9,5
Nord Ovest;Piemonte;BI;H681;1;1;0;2;2;6
Nord Est;Emilia-Romagna;PR;H682;3;14;19,5;14,22;14;64,72
Sud;Campania;SA;H683;4;3;5;6,67;9,45;28,12
Nord Ovest;Piemonte;TO;H684;6;5;5;0;2;18
Sud;Campania;SA;H686;0;1;2;0;1;4
Sud;Basilicata;MT;H687;1;3;5,52;3,83;4;17,35
Isole;Sicilia;TP;H688;0;0;4;2;2;8
Nord Est;Veneto;RO;H689;0;0;1;0;2,5;3,5
Nord Ovest;Piemonte;VC;H690;0;1;1;0;0;2
Nord Ovest;Piemonte;TO;H691;0;2;10;0;5;17
Sud;Molise;CB;H693;4,67;2;0;0;1;7,67
Nord Ovest;Piemonte;AL;H694;1;3;5;1;13,5;23,5
Nord Ovest;Piemonte;CN;H695;0;3;4;0;0;7
Nord Ovest;Lombardia;BS;H699;5;9;5;3,07;6,04;28,11
Isole;Sicilia;TP;H700;2;5;4,11;8,67;15,11;34,89
Nord Ovest;Lombardia;LO;H701;1;4;8;9;6;28
Nord Ovest;Piemonte;TO;H702;0;2;0;0;1;3
Sud;Campania;SA;H703;60,61;206,62;290,68;246,66;170,08;974,65
Nord Ovest;Piemonte;CN;H704;0;0;1;0;1;2
Nord Est;Veneto;TV;H706;2;9;13,5;15,08;20,67;60,25
Nord Ovest;Piemonte;VC;H707;0;0;0;1;1,22;2,22
Sud;Puglia;LE;H708;1;5;7,67;6;7,4;27,07
Nord Ovest;Piemonte;CN;H710;0;1;3;1;8;13
Nord Est;Veneto;VR;H712;1;3;1;1;1,33;7,33
Centro;Lazio;RI;H713;0;0;1;1;1;3
Nord Est;Veneto;VR;H714;0;1;4,5;6,84;13,2;25,54
Sud;Abruzzo;PE;H715;0;1;0;0;0;1
Nord Ovest;Piemonte;CN;H716;0;0;0;0;3;3
Nord Ovest;Lombardia;BS;H717;7;47;50,15;21,67;36,5;162,32
Nord Est;Emilia-Romagna;PR;H720;15;73;98,05;46,56;62,72;295,33
Nord Ovest;Lombardia;VA;H723;2;2;4;2,5;13;23,5
Nord Est;Emilia-Romagna;RN;H724;1;19;9,5;7,67;15,5;52,67
Nord Ovest;Piemonte;VC;H725;2;7,67;11;6,67;18,67;46,01
Nord Ovest;Piemonte;BI;H726;0;1;2;1;8;12
Nord Ovest;Piemonte;CN;H727;8;47,17;54,33;27;43,97;180,47
Sud;Puglia;LE;H729;15,49;35,68;14,25;14;7,18;86,6
Sud;Basilicata;PZ;H730;0;1;0;0;0;1
Nord Ovest;Lombardia;CR;H731;0;1;1;0,17;7,21;9,38
Sud;Campania;SA;H732;0;0,5;0;0;0,5;1
Sud;Campania;AV;H733;1,18;0,72;3;0,18;2;7,08
Nord Ovest;Piemonte;TO;H734;1;0;1;0;0;2
Nord Est;Veneto;VE;H735;6;26,25;28,83;31;30,92;123
Nord Ovest;Lombardia;VA;H736;1;43,33;47,5;35,73;44,26;171,82
Isole;Sardegna;CA;H738;0;1;2,75;4;10,44;18,19
Isole;Sardegna;CA;H739;0;2;0;0;4,34;6,34
Isole;Sicilia;AG;H743;3;5;6,25;9,19;13,4;36,84
Centro;Toscana;PT;H744;4,59;14,42;9,42;6,5;9;43,93
Centro;Lazio;RM;H745;1;1;1;0,33;0;3,33
Nord Ovest;Piemonte;CN;H746;1;0;0;1;0;2
Sud;Puglia;BA;H749;3,9;6;7,17;15;7,5;39,57
Nord Ovest;Lombardia;SO;H752;1,67;3,5;3;2;3;13,17
Nord Ovest;Piemonte;TO;H753;0;3;7;1;2;13
Nord Ovest;Piemonte;CN;H755;22,5;23;8,5;2;6;62
Isole;Sardegna;OR;H756;0;1;4;2;5;12
Sud;Puglia;LE;H757;1;1;0;0;4;6
Nord Ovest;Lombardia;CO;H760;0;0;1;1;1;3
Nord Ovest;Liguria;IM;H763;41;57,17;5;1,5;2;106,67
Sud;Campania;BN;H764;5;6,33;5;5;6;27,33
Sud;Calabria;CS;H765;0;2;2;0;0;4
Isole;Sardegna;CA;H766;0;0;0;0;0;0
Nord Ovest;Lombardia;CR;H767;1;4;2;2;3,87;12,87
Nord Est;Veneto;RO;H768;0;4;1;3;10;18
Centro;Marche;AP;H769;46,3;198,82;153,74;70,58;58,29;527,73
Nord Ovest;Piemonte;CN;H770;0;0;1;0;1;2
Nord Ovest;Lombardia;MN;H771;2;5;10;6,5;23,92;47,42
Sud;Abruzzo;AQ;H772;1;10,5;8,11;4,33;2,25;26,19
Sud;Abruzzo;AQ;H773;0;0;0;0;0;0
Sud;Calabria;CS;H774;1;0;0;0;0;1
Nord Ovest;Piemonte;TO;H775;8;12,51;32;18;23,75;94,26
Nord Ovest;Piemonte;VB;H777;0;4,5;2;3;3;12,5
Isole;Sicilia;AG;H778;3;2;6;3;5;19
Centro;Lazio;FR;H779;0;0;1;0;0;1
Nord Ovest;Liguria;IM;H780;2;3;3,6;2;0;10,6
Nord Est;Veneto;TV;H781;3;39;41,5;16,78;25,89;126,17
Sud;Molise;CB;H782;0;0;0;0;1;1
Nord Est;Veneto;VR;H783;12;49,75;84,55;44,58;55,25;246,13
Sud;Abruzzo;CH;H784;1;0;0;1;1;3
Sud;Calabria;VV;H785;0;1;0;2;2;5
Nord Ovest;Piemonte;TO;H789;0;1;11;9;14;35
Centro;Toscana;SI;H790;2,08;4,28;3,52;1;2;12,88
Centro;Toscana;FI;H791;4,5;30,17;47,17;26,92;36,1;144,86
Isole;Sicilia;CL;H792;11,78;35,57;36,14;37,17;18,67;139,33
Sud;Puglia;LE;H793;2;11,59;17;14;18,33;62,92
Nord Est;Emilia-Romagna;MO;H794;2;32,5;13,5;6,5;8;62,5
Sud;Basilicata;PZ;H795;0;0;1,5;0;2;3,5
Sud;Basilicata;PZ;H796;0;2;1;1;1;5
Isole;Sicilia;PA;H797;3;3,33;5,67;3,33;10;25,33
Sud;Campania;CE;H798;1;2;5;4;21;33
Nord Ovest;Lombardia;PV;H799;0;4;2;2;1;9
Sud;Campania;SA;H800;2;8;20,17;9,5;18;57,67
Nord Est;Emilia-Romagna;RN;H801;3;28,5;18,84;8;7,83;66,17
Nord Ovest;Liguria;GE;H802;1;4;10,5;2;4;21,5
Nord Ovest;Lombardia;MI;H803;1,67;22,84;16;8;23,83;72,34
Nord Ovest;Piemonte;TO;H804;1;0;3;0;2;6
Isole;Sicilia;CT;H805;1;1,5;4;1;5;12,5
Sud;Calabria;CS;H806;1;0;0;0;0;1
Sud;Calabria;VV;H807;1;1;0;1;2;5
Sud;Basilicata;PZ;H808;0;0;0;0;1;1
Centro;Marche;PS;H809;1;17,5;13,5;4;7,5;43,5
Nord Ovest;Piemonte;AL;H810;0;1;1;1;9;12
Nord Ovest;Piemonte;AT;H811;0;11;11,43;9;51,67;83,1
Nord Ovest;Piemonte;CN;H812;1,17;4;1,63;1;6;13,8
Nord Ovest;Lombardia;PV;H814;0;1;0;0;1;2
Nord Ovest;Lombardia;CR;H815;0;0;1;0;6,17;7,17
Nord Est;Friuli- Venezia Giulia;UD;H816;0;14,56;18;16;43,26;91,82
Sud;Calabria;CS;H818;1;3;4;2,67;2;12,67
Sud;Abruzzo;AQ;H819;1;1;1;1,89;0;4,89
Nord Ovest;Piemonte;TO;H820;1;0;1;1;0;3
Nord Ovest;Piemonte;BI;H821;0;3;5;4;5;17
Sud;Puglia;BR;H822;1;5,5;5;4,5;5;21
Nord Est;Veneto;VE;H823;21,5;116,62;141,34;89,5;114,84;483,8
Centro;Lazio;FR;H824;4,5;8,51;3,67;2,13;3;21,81
Sud;Calabria;CS;H825;3;3;2;0;0,5;8,5
Sud;Puglia;LE;H826;2;3,03;6,93;1,33;10,5;23,79
Nord Ovest;Lombardia;MI;H827;19;133,5;107,72;71,6;34,5;366,32
Nord Est;Veneto;VI;H829;3;18,22;16,31;18,67;33,52;89,72
Sud;Basilicata;PZ;H831;2;6,47;3;2;3,5;16,97
Sud;Molise;CB;H833;0;0;0;0;0,33;0,33
Sud;Campania;CE;H834;3;6;18,84;20,5;21,63;69,97
Nord Est;Emilia-Romagna;MO;H835;4;23,5;11;18;22;78,5
Centro;Lazio;LT;H836;14;52,67;30;27,38;23,31;147,36
Nord Ovest;Lombardia;BS;H838;5;11,17;17;4,08;14,34;51,59
Sud;Puglia;FG;H839;8,43;19,33;33,02;17,25;11,33;89,36
Nord Ovest;Lombardia;CO;H840;5,5;15;17,6;9,44;15;62,54
Sud;Calabria;CS;H841;0;0,67;1;0;5,21;6,88
Isole;Sicilia;ME;H842;0;4;5;7,67;5,25;21,92
Nord Est;Veneto;TV;H843;2;13;17,66;6;18,75;57,41
Nord Ovest;Lombardia;LO;H844;0;3;8,5;3;4;18,5
Sud;Calabria;CZ;H846;0;0;1;0;1;2
Nord Ovest;Piemonte;TO;H847;0;8,5;8;8;16,5;41
Isole;Sardegna;SS;H848;18;20,5;8;4;6,5;57
Isole;Sicilia;ME;H850;2;4;3;1;2;12
Nord Ovest;Piemonte;CN;H851;0;3;7;3;14,25;27,25
Nord Ovest;Piemonte;CN;H852;2;5;10;4,77;3;24,77
Nord Ovest;Piemonte;TO;H855;0;8;13,72;9;18,5;49,22
Isole;Sardegna;CA;H856;2,5;2;6,39;12,5;13,33;36,72
Centro;Umbria;TR;H857;1;9;9,5;4;13,5;37
Nord Ovest;Lombardia;PV;H859;1;7;11,2;11;9,83;40,03
Sud;Campania;NA;H860;1;5;7,67;14;9,17;36,84
Nord Ovest;Piemonte;VC;H861;0;2;5,5;4;5,5;17
Nord Ovest;Piemonte;TO;H862;3;8,5;8;2;10;31,5
Nord Ovest;Lombardia;BS;H865;2;5;7;7;6;27
Sud;Molise;CB;H867;0;1;2,84;2,5;6;12,34
Nord Ovest;Lombardia;SO;H868;2;4;3,5;1,67;2;13,17
Nord Ovest;Lombardia;MN;H870;0;0;2;1;6,5;9,5
Nord Ovest;Lombardia;VA;H872;0,5;3;2,17;1;5;11,67
Nord Ovest;Piemonte;TO;H873;2;11,5;12,67;11;15;52,17
Centro;Toscana;SI;H875;2;14;18;7;15;56
Centro;Marche;MC;H876;0;9,5;5;9;4,5;28
Sud;Calabria;CS;H877;5;7,5;4;4;1,5;22
Nord Ovest;Piemonte;AL;H878;0;1;2,5;0;7,5;11
Centro;Lazio;FR;H880;1;0;3;4;3;11
Sud;Calabria;CS;H881;0;1;0;0;0;1
Sud;Puglia;TA;H882;0;7;19;21,5;22;69,5
Nord Ovest;Lombardia;MN;H883;2;30;41;32,5;58,94;164,44
Nord Ovest;Lombardia;MI;H884;4;44;36,9;13,5;15;113,4
Nord Ovest;Lombardia;PV;H885;0;0;6;1;4;11
Nord Est;Emilia-Romagna;PC;H887;3;4,8;22,3;6,5;13,67;50,27
Sud;Basilicata;MT;H888;4;1;1,75;0;0;6,75
Sud;Calabria;RC;H889;2;2;2;1,64;4;11,64
Nord Ovest;Piemonte;TO;H890;4;4;4;0,5;12,5;25
Nord Est;Friuli- Venezia Giulia;PN;H891;1;1;4;3;14,5;23,5
Sud;Campania;NA;H892;10,11;67,86;107,24;63,03;33,05;281,29
Nord Est;Veneto;PD;H893;6;28,84;17,5;19,25;21;92,59
Sud;Campania;BN;H894;3;5;17;28,67;16;69,67
Nord Est;Friuli- Venezia Giulia;UD;H895;5;16;23;9,5;19,33;72,83
Nord Est;Emilia-Romagna;BO;H896;3,5;35;38,33;24,5;31;132,33
Nord Est;Veneto;PD;H897;1;14;3;9;10;37
Sud;Campania;BN;H898;0;1;1;1;2,88;5,88
Nord Ovest;Piemonte;AT;H899;0;0;0;0;1,5;1,5
Nord Ovest;Piemonte;TO;H900;1;3,39;4;1;4,5;13,89
Centro;Toscana;AR;H901;13,96;49;72,39;38,5;17,75;191,6
Sud;Calabria;RC;H903;1;0;0;0;0;1
Nord Est;Friuli- Venezia Giulia;UD;H906;3;7;13;18;19,17;60,17
Sud;Campania;SA;H907;1,11;21,39;8;3,9;2;36,4
Nord Ovest;Lombardia;BG;H910;3;5,5;12,75;10;6;37,25
Nord Ovest;Lombardia;MN;H912;0;0;1;1,25;7;9,25
Centro;Lazio;VT;H913;1;2;1;0;0;4
Isole;Sicilia;AG;H914;5,66;8,5;2;10;11,67;37,83
Nord Est;Veneto;VR;H916;1;3;5,61;12,89;6,25;28,75
Centro;Lazio;FR;H917;0;3;3,83;1;5,08;12,91
Nord Ovest;Lombardia;CR;H918;0;1;5;1;11,5;18,5
Sud;Calabria;CS;H919;4,73;15,15;18;28;14,89;80,77
Sud;Molise;CB;H920;0;5;0;1;0;6
Nord Est;Emilia-Romagna;RN;H921;2;19;18,27;16,45;14,88;70,6
Isole;Sicilia;CT;H922;2,5;23,08;28;67,08;74;194,66
Sud;Abruzzo;CH;H923;1;2;1;1;1;6
Nord Est;Veneto;VR;H924;1;72,69;104,93;77,67;58,4;314,69
Sud;Puglia;FG;H926;12,63;39,07;55,17;32,42;24;163,29
Sud;Molise;CB;H928;1;1;4;0;0;6
Sud;Molise;CB;H929;0;0;1;1;2;4
Nord Ovest;Lombardia;MI;H930;57,01;342;141,05;50,98;64,49;655,53
Sud;Campania;NA;H931;4;9;9,39;13,18;17,17;52,74
Isole;Sicilia;PA;H933;1;2;8;2,5;21,19;34,69
Centro;Umbria;PG;H935;2;18,5;27;25;20,5;93
Nord Ovest;Piemonte;TO;H936;0;3;4;1;14;22
Centro;Toscana;FI;H937;1;5;2;4,22;4,8;17,02
Nord Est;Veneto;BL;H938;0;2;2;4,5;6;14,5
Sud;Campania;CE;H939;3;4;1;0;0;8
Isole;Sicilia;CT;H940;2;6;16,08;29,5;32,67;86,25
Sud;Calabria;VV;H941;3;2;0;0;1;6
Centro;Lazio;RM;H942;0;2;1;0;0;3
Sud;Campania;SA;H943;9;4;3;2,5;1;19,5
Nord Est;Veneto;VR;H944;0;4;19,5;9,5;23,42;56,42
Nord Est;Emilia-Romagna;BO;H945;25;128,19;146,83;44,65;53,83;398,5
Nord Est;Emilia-Romagna;RN;H949;2;14;4;3;5,5;28,5
Nord Est;Friuli- Venezia Giulia;UD;H951;0;4;0,5;3;6;13,5
Sud;Campania;BN;H953;1;3,83;3;2,79;5;15,62
Sud;Campania;BN;H955;0;1;0;0;0,5;1,5
Nord Ovest;Liguria;IM;H957;6,17;16,02;6;3,25;0;31,44
Centro;Marche;PS;H958;0;2;6;7;6;21
Sud;Calabria;RC;H959;0;7,72;5;1;2,22;15,94
Sud;Calabria;CS;H961;0;0;0;0;1;1
Sud;Calabria;CS;H962;0;3;4;0,86;3;10,86
Sud;Campania;BN;H967;0;1;0;0;4;5
Centro;Lazio;VT;H969;3;3,17;3,67;3;2,67;15,51
Sud;Calabria;RC;H970;0;1;4;2;1;8
Sud;Calabria;CS;H971;12;21,75;4;6,67;9;53,42
Sud;Campania;BN;H973;1;1;0;0;1;3
Isole;Sardegna;CA;H974;2;12,75;10;6,98;14,17;45,9
Sud;Campania;AV;H975;0;7;3;2;3;15
Sud;Calabria;CZ;H976;1;1;1;1;2;6
Sud;Campania;SA;H977;0;2,5;5;8,6;5;21,1
Sud;Campania;CE;H978;0,08;4,35;21,35;19;4,75;49,53
Centro;Marche;AN;H979;0;1;2;3,67;4;10,67
Sud;Calabria;CS;H981;0;4,5;4;4;6,5;19
Isole;Sicilia;ME;H982;7,58;5;2;0;3;17,58
Sud;Campania;BN;H984;0;1;2;2;4,63;9,63
Sud;Puglia;FG;H985;20,34;42,53;27,61;19,17;6,83;116,48
Sud;Puglia;FG;H986;1;1;0;0;0;2
Nord Ovest;Piemonte;AT;H987;0;1;0;0;8;9
Sud;Molise;CB;H990;4;4;7,44;4,58;3;23,02
Sud;Abruzzo;CH;H991;0;0;1;0;0;1
Sud;Calabria;CS;H992;3;1;0;0;1;5
Sud;Basilicata;PZ;H994;0;0;0;1;0;1
Nord Est;Veneto;RO;H996;0;2;8,34;2,73;12,07;25,14
Nord Ovest;Piemonte;TO;H997;0;0;0;1;4,5;5,5
Nord Est;Friuli- Venezia Giulia;PN;H999;1;1;2;1;3;8
Sud;Campania;BN;I002;1;0;1,94;3;4;9,94
Nord Est;Veneto;VR;I003;2;54,39;79,25;44,25;29,08;208,97
Nord Ovest;Lombardia;MN;I005;0,5;1;1;1;2,5;6
Nord Ovest;Lombardia;CR;I007;0;0;0;0;4;4
Nord Est;Veneto;PD;I008;6;15,5;11;18,67;47,5;98,67
Nord Est;Emilia-Romagna;RE;I011;2;31;21;11,67;21,5;87,17
Nord Ovest;Lombardia;LO;I012;0;15;16,5;6,5;6,5;44,5
Nord Ovest;Lombardia;PV;I014;4;34,97;28,5;16,5;9,5;93,47
Sud;Campania;AV;I016;5;8;7;5;15,96;40,96
Nord Ovest;Piemonte;AT;I017;0;0;2;2,5;6;10,5
Sud;Puglia;TA;I018;0;6,41;2;7,5;10,8;26,71
Sud;Campania;SA;I019;5;9;10,5;7;7;38,5
Sud;Molise;CB;I023;5,01;11;6,01;1;1;24,02
Nord Ovest;Piemonte;TO;I024;1;28;35,5;17,5;28,5;110,5
Nord Ovest;Piemonte;NO;I025;0;3;5;3;6,28;17,28
Sud;Calabria;KR;I026;0;2;0;2;3;7
Nord Est;Emilia-Romagna;FO;I027;1;43,5;33;30,5;19,25;127,25
Isole;Sicilia;PA;I028;1;4;2,5;1;3,17;11,67
Sud;Basilicata;MT;I029;1;3;2;1;0;7
Nord Ovest;Piemonte;TO;I030;8,17;58;50,5;27,5;44,7;188,87
Sud;Campania;SA;I031;2;7;3;1;0;13
Sud;Campania;SA;I032;2;1,5;0;0;0,5;4
Sud;Campania;AV;I034;0;4;4;2;3;13
Isole;Sicilia;CT;I035;3;2;6;1;3,24;15,24
Nord Ovest;Piemonte;CN;I037;1;4;0;1;3;9
Nord Est;Veneto;VE;I040;231,88;175,97;33,5;13,5;37,06;491,91
Sud;Puglia;BR;I045;5;11,45;5;5,75;3;30,2
Centro;Toscana;PI;I046;9,8;59,58;64,3;37,58;72,5;243,76
Nord Ovest;Lombardia;PV;I048;0;13;12;6;10;41
Sud;Campania;BN;I049;1;0;0;3;1;5
Nord Ovest;Lombardia;CO;I051;0;0;0;0;0;0
Nord Ovest;Piemonte;NO;I052;0;0;0;1;1;2
Sud;Puglia;BA;I053;13;14;15;8,33;11,5;61,83
Sud;Puglia;FG;I054;10,77;19,5;30,17;19,59;10,67;90,7
Sud;Campania;CE;I056;11,13;16;36;66,33;28;157,46
Sud;Calabria;KR;I057;0;0;1;1;1;3
Sud;Calabria;VV;I058;3;2;1;0;0;6
Sud;Puglia;LE;I059;2;15,67;16,5;8;10;52,17
Sud;Calabria;CS;I060;26,17;89;21;3;4;143,17
Sud;Campania;AV;I061;0;0;2,17;0;0;2,17
Sud;Campania;BN;I062;1;3;1;1;10,67;16,67
Nord Est;Veneto;BL;I063;0;3;3;0;0;6
Sud;Puglia;BR;I066;1,97;7,17;2;3;7,25;21,39
Centro;Marche;AN;I071;1;1;2;1;1;6
Sud;Puglia;FG;I072;3;5;9,5;3;9;29,5
Sud;Campania;NA;I073;2;5;7;6;7,67;27,67
Nord Ovest;Piemonte;AT;I076;1;1,83;2;1;7,5;13,33
Nord Ovest;Lombardia;BG;I079;2,3;8,34;10,44;6,03;6,59;33,7
Isole;Sicilia;ME;I084;0;1;2;2;4;9
Isole;Sicilia;ME;I086;1;5,5;3;6;4;19,5
Nord Est;Veneto;BL;I088;5;7;2,5;2;3,04;19,54
Sud;Campania;SA;I089;0;2;2;2;0;6
Nord Ovest;Piemonte;TO;I090;1;6;4;1;6,5;18,5
Nord Est;Friuli- Venezia Giulia;UD;I092;0;1;5,67;3;7;16,67
Sud;Calabria;CZ;I093;0;3;3;1;3;10
Sud;Calabria;CZ;I095;1;1;1;2;2;7
Sud;Molise;IS;I096;0;3;1;0,5;1;5,5
Isole;Sicilia;CT;I098;2;3;19;17;14,5;55,5
Sud;Calabria;RC;I102;0;1;0;0;0;1
Nord Est;Veneto;TV;I103;0;8;6;6,5;16,67;37,17
Nord Est;Veneto;VR;I105;1,66;13;10,5;3;16,34;44,5
Nord Est;Veneto;PD;I107;0;2;2;3;13,33;20,33
Sud;Calabria;CS;I108;1;2;0;0;0;3
Nord Est;Veneto;VR;I109;1;15;25,84;21,34;35;98,18
Nord Est;Emilia-Romagna;BO;I110;14;64,67;54,83;19,56;25,67;178,73
Sud;Campania;CE;I113;0;0;0;0;0,07;0,07
Sud;Calabria;CS;I114;1;1;5,5;2;2;11,5
Sud;Puglia;LE;I115;2;4;4,83;5;5,5;21,33
Nord Ovest;Piemonte;NO;I116;0;5;1;4;4;14
Nord Est;Veneto;VI;I117;0;0;0;5;2;7
Isole;Sardegna;CA;I118;0;4;3;1,2;1;9,2
Sud;Puglia;BR;I119;3;10;30,01;17,61;21,03;81,65
Nord Est;Veneto;PD;I120;1;4;6;8,5;11,25;30,75
Sud;Abruzzo;AQ;I121;0,67;0;0;0;0;0,67
Sud;Molise;CB;I122;3;1,33;1;0;1;6,33
Nord Est;Emilia-Romagna;RE;I123;1;10;14,5;9;8,16;42,66
Nord Est;Veneto;TV;I124;6;6;11;7,5;16,88;47,38
Centro;Lazio;RM;I125;2;9,5;3,5;6;5;26
Nord Ovest;Piemonte;TO;I126;0;0;0;0;0;0
Nord Est;Emilia-Romagna;MO;I128;0;5;7;6,72;15;33,72
Sud;Campania;AV;I129;0;1;1,5;3;4;9,5
Sud;Campania;CE;I130;0;1;1;2,75;4;8,75
Sud;Campania;CE;I131;13,5;14;17,5;36;18,42;99,42
Sud;Calabria;RC;I132;2;1;0;0;0;3
Nord Est;Emilia-Romagna;MO;I133;0;15,5;8,61;8;16,73;48,84
Centro;Toscana;SI;I135;1;6;9;6;7;29
Nord Est;Friuli- Venezia Giulia;PN;I136;1;5;7;4;18,82;35,82
Nord Ovest;Piemonte;TO;I137;1;7;9;7,5;16,1;40,6
Nord Ovest;Liguria;IM;I138;212,21;363,44;160,24;76,17;52;864,06
Sud;Calabria;RC;I139;0;2;5;1;0;8
Nord Ovest;Lombardia;LO;I140;2;9;4,5;1;5,83;22,33
Centro;Toscana;LU;I142;2;3;2;2;2,5;11,5
Sud;Campania;SA;I143;2;1;3;0;1;7
Nord Ovest;Piemonte;AL;I144;0;4;3;5,5;12,75;25,25
Sud;Campania;BN;I145;3;4,5;5;3,12;8,68;24,3
Isole;Sicilia;ME;I147;0;1,5;1;1;0;3,5
Sud;Abruzzo;CH;I148;30,83;64,58;70,83;45,42;12;223,66
Nord Ovest;Piemonte;AL;I150;1;1;0;0,5;1;3,5
Sud;Campania;NA;I151;0;6,67;10,79;11,42;14,75;43,63
Nord Ovest;Piemonte;TO;I152;1;2;5;3,5;11,5;23
Nord Est;Emilia-Romagna;PR;I153;2;14,67;9;11;14,5;51,17
Nord Ovest;Piemonte;TO;I154;2;6;9;4;7;28
Centro;Toscana;AR;I155;3,08;14;21,5;26,94;38,1;103,62
Centro;Marche;MC;I156;2;19,17;40,63;25,83;14,84;102,47
Sud;Basilicata;PZ;I157;0;0,5;0,5;0;1;2
Sud;Puglia;FG;I158;34,17;61,09;120,51;85,34;75,15;376,26
Nord Ovest;Lombardia;CO;I162;14,5;15;7,17;2,67;4;43,34
Sud;Campania;AV;I163;1;0;0;0;2;3
Sud;Calabria;CZ;I164;0;6,83;1;0;0,38;8,21
Sud;Calabria;CS;I165;3;3;1;1;2;10
Isole;Sardegna;CA;I166;0;17,4;8,5;14;13,83;53,73
Nord Ovest;Lombardia;BG;I168;3,5;8;6,7;1,78;0,67;20,65
Isole;Sicilia;CL;I169;2,51;8;6,67;7;11,34;35,52
Sud;Calabria;CZ;I170;4,89;7,84;5;10,67;0;28,4
Sud;Calabria;CS;I171;0;1;0,17;0,75;0,34;2,26
Sud;Puglia;LE;I172;2;9;9;3;3;26
Isole;Sicilia;PA;I174;3;3;3;0;0;9
Nord Ovest;Lombardia;PV;I175;0;1;3;4;4,17;12,17
Sud;Calabria;RC;I176;1;2,36;0;0;0;3,36
Centro;Toscana;PI;I177;0;20,5;24,25;19;30,33;94,08
Isole;Sicilia;RG;I178;12,06;50,67;43,92;23,11;10,5;140,26
Sud;Campania;BN;I179;0;3;1;0;3,67;7,67
Sud;Molise;CB;I181;1;8;3;2;1;15
Isole;Sardegna;CA;I182;0;0,8;2;1,5;0,33;4,63
Sud;Calabria;CS;I183;0;3;3;0,83;0,67;7,5
Isole;Sicilia;ME;I184;0;1;2;1;2;6
Isole;Sicilia;AG;I185;1;0;1;1;1;4
Centro;Toscana;GR;I187;4;19;6,5;9,17;13,5;52,17
Isole;Sicilia;PA;I188;14;9,9;12,59;16;17,49;69,98
Sud;Molise;IS;I189;0;2;0;0;3;5
Nord Ovest;Piemonte;AL;I190;0;0;0;0;0,5;0,5
Nord Est;Emilia-Romagna;BO;I191;7,5;27;27,67;12,67;15;89,84
Sud;Calabria;CS;I192;1;1;1;1,5;0,5;5
Sud;Puglia;FG;I193;6,78;6,93;3,42;2;2,17;21,3
Nord Est;Emilia-Romagna;RA;I196;2,89;12;13;9,17;8;45,06
Sud;Campania;BN;I197;2;10,89;6,5;8;23,75;51,14
Sud;Calabria;RC;I198;0;0;0;0;0;0
Isole;Sicilia;ME;I199;8;21,3;13;10,5;8;60,8
Nord Est;Emilia-Romagna;RN;I201;0;3;5,5;2;3;13,5
Isole;Sicilia;CT;I202;0;6;10,44;19;32,1;67,54
Nord Ovest;Lombardia;PV;I203;1;2;3;0;11;17
Isole;Sardegna;OR;I205;1;6,33;7;4;5,75;24,08
Nord Est;Veneto;BL;I206;0,59;5;23,47;16,5;20,67;66,23
Nord Est;Veneto;PD;I207;1;15;6;12,5;24,16;58,66
Sud;Campania;NA;I208;2,67;11,25;14,41;7,75;5;41,08
Nord Ovest;Piemonte;CN;I210;0;3;4;4;11;22
Nord Ovest;Lombardia;PV;I213;0;2;1;7;2;12
Sud;Calabria;RC;I214;0;0;0;0;0;0
Isole;Sicilia;ME;I215;21,83;18;2,5;3;1;46,33
Isole;Sicilia;CT;I216;2;3,51;1;3;1;10,51
Centro;Toscana;PI;I217;1;8,5;3;3;3,15;18,65
Sud;Campania;AV;I219;0;0;0,5;1;1,61;3,11
Isole;Sicilia;ME;I220;1;2;4;3,8;5,83;16,63
Nord Est;Veneto;TV;I221;2;23;24,5;20,4;15,67;85,57
Isole;Sicilia;AG;I224;0;1;5;9,58;11,67;27,25
Nord Ovest;Liguria;GE;I225;11,5;46,18;43,69;14,71;30,41;146,49
Nord Ovest;Lombardia;PV;I230;7;6;2;2;1;18
Centro;Toscana;PI;I232;3;57,16;26,06;18;31,5;135,72
Sud;Campania;CE;I233;6;3;30;22,75;24,98;86,73
Sud;Campania;CE;I234;15,53;27,42;51,37;71,83;55,98;222,13
Nord Ovest;Lombardia;PV;I236;1;10;17;6,5;12,5;47
Nord Ovest;Lombardia;PV;I237;0;2;1;2,5;12;17,5
Sud;Molise;IS;I238;0;5;2;2;2;11
Isole;Sicilia;CT;I240;3;9,75;8;7,5;6,5;34,75
Nord Est;Veneto;VE;I242;5;58,67;43,97;18,5;26,61;152,75
Nord Ovest;Lombardia;LC;I243;1;3;6;3;1;14
Sud;Abruzzo;CH;I244;0;3;2;5;4,25;14,25
Sud;Campania;CE;I247;2,33;2;0;0;2;6,33
Nord Est;Friuli- Venezia Giulia;UD;I248;0;1;2;2,1;10;15,1
Nord Ovest;Piemonte;VB;I249;8;25;10,5;0,5;6;50
Centro;Marche;AN;I251;1;3,5;5;5,5;12;27
Sud;Campania;SA;I253;6;17,83;8,5;4;2;38,33
Isole;Sicilia;ME;I254;0;3,5;1;1;1;6,5
Centro;Lazio;RM;I255;42,5;152,36;94,04;32,67;43,45;365,02
Centro;Lazio;FR;I256;0;0;0;0;1;1
Nord Ovest;Piemonte;TO;I258;1;15;10,5;12;14,67;53,17
Nord Est;Veneto;VR;I259;4,67;21;39;26,01;26,67;117,35
Sud;Campania;SA;I260;0;0;0;1;0;1
Sud;Campania;CE;I261;0;4;12;18,86;4;38,86
Sud;Campania;NA;I262;13;27,55;27,33;29,58;21;118,46
Centro;Umbria;PG;I263;0;1;0,5;1,5;0;3
Sud;Campania;AV;I264;1;0;0;1;0,33;2,33
Centro;Lazio;FR;I265;0;0;0;0;6;6
Sud;Calabria;CZ;I266;8,3;12,57;5,8;0;0;26,67
Isole;Sardegna;CA;I271;0;1,96;0;1,8;2;5,76
Sud;Campania;CE;I273;0;3;1;4;5;13
Nord Ovest;Lombardia;LO;I274;7;44,83;50;24,83;15,5;142,16
Nord Est;Veneto;PD;I275;4,5;11,83;16,2;8,75;17,79;59,07
Nord Ovest;Lombardia;PV;I276;0;0;2;3;1;6
Sud;Campania;BN;I277;6;4,5;0,83;2;6,57;19,9
Sud;Campania;SA;I278;0;2;0;2;0,5;4,5
Sud;Campania;AV;I279;0;2,12;0;1;0;3,12
Sud;Campania;AV;I280;1;3;2;1;1;8
Sud;Campania;AV;I281;1;1,25;2;1;11;16,25
Sud;Molise;IS;I282;0;1;0;0;0;1
Isole;Sicilia;ME;I283;0;0,67;2,58;1;0,91;5,16
Centro;Lazio;RM;I284;7;11,67;6;9;9;42,67
Centro;Marche;MC;I286;0;0;1;0;8,28;9,28
Centro;Marche;PS;I287;1;3,5;6;5,7;8,67;24,87
Sud;Basilicata;PZ;I288;1;1;0;0;1;3
Sud;Molise;CB;I289;0;1;0;1;0;2
Isole;Sicilia;AG;I290;7;1;1;0;2;11
Isole;Sicilia;TP;I291;0;3;3,86;5,17;11;23,03
Nord Est;Veneto;VR;I292;4;8;5,5;6,42;4,57;28,49
Sud;Campania;NA;I293;17;22;31,95;21,44;9,83;102,22
Isole;Sardegna;CA;I294;5;30;23;8,5;21,5;88
Nord Ovest;Piemonte;TO;I296;4;11;19,5;6;12;52,5
Isole;Sardegna;OR;I298;0;0;0;0;3;3
Sud;Campania;NA;I300;1,17;12,54;11,67;14,37;8,15;47,9
Sud;Campania;AV;I301;0;0;1;1,5;1,5;4
Centro;Lazio;FR;I302;0;0;1;1;1,83;3,83
Nord Est;Emilia-Romagna;RN;I304;6;52,75;39,33;28,17;36,5;162,75
Sud;Basilicata;PZ;I305;5;6,17;7,89;6;4;29,06
Sud;Campania;CE;I306;0;9,72;45,5;21,2;12,98;89,4
Sud;Campania;SA;I307;1;0;4,5;2;12,5;20
Sud;Calabria;KR;I308;0;3;1;2;1;7
Sud;Calabria;CS;I309;1;2;2;0;1;6
Nord Est;Emilia-Romagna;FO;I310;1;9;10;10,17;8,17;38,34
Isole;Sicilia;ME;I311;13,89;21,17;19,5;8,4;10,83;73,79
Isole;Sardegna;SS;I312;20;48,58;23,29;3;6,67;101,54
Isole;Sicilia;CT;I314;0;6;9;13,17;14,29;42,46
Centro;Marche;AP;I315;0;0;0;2,5;1,84;4,34
Nord Ovest;Piemonte;CN;I316;1;7;5;4;14,5;31,5
Sud;Campania;SA;I317;6,99;3,33;7,42;11,25;6,67;35,66
Sud;Abruzzo;TE;I318;2;4;6,42;10;12,32;34,74
Nord Est;Veneto;PD;I319;0;2;2,5;2;7;13,5
Sud;Molise;CB;I320;2;0;0;2;4;8
Centro;Lazio;FR;I321;4;1;6;4;7,33;22,33
Sud;Calabria;CZ;I322;0;0;0;0;1;1
Centro;Marche;AP;I324;1;9,5;22;22,3;17,49;72,29
Sud;Abruzzo;AQ;I326;0,67;6,32;4,5;1;2,5;14,99
Nord Ovest;Piemonte;TO;I327;1;18;17,83;11,67;19;67,5
Isole;Sicilia;ME;I328;0;1;1,17;1;0;3,17
Isole;Sardegna;NU;I329;34,25;98,71;40,13;20,5;18;211,59
Sud;Puglia;BA;I330;24,82;34,84;35,61;53;39,86;188,13
Sud;Abruzzo;PE;I332;0;4;4;2,5;1;11,5
Sud;Calabria;RC;I333;1;1;0;3;2;7
Sud;Abruzzo;CH;I335;1;0;1;3;4;9
Sud;Abruzzo;AQ;I336;0;0;0;0;0;0
Nord Ovest;Piemonte;VC;I337;3;16,89;16;15,5;14,51;65,9
Centro;Lazio;LT;I339;4;0,7;7,42;7;9,5;28,62
Sud;Calabria;RC;I341;1;6;4,25;2;0;13,25
Nord Est;Emilia-Romagna;RE;I342;1;28;38;18;22,33;107,33
Centro;Marche;PS;I344;4;1,17;0;0;6;11,17
Nord Ovest;Liguria;GE;I346;2;15,33;17,88;9;4,9;49,11
Nord Est;Veneto;BL;I347;1;7;0,17;1;0,5;9,67
Sud;Abruzzo;TE;I348;0;0;5,5;8;6;19,5
Sud;Calabria;VV;I350;0;5;0;1;0;6
Centro;Lazio;FR;I351;0;2,75;5;3;1;11,75
Centro;Lazio;RM;I352;6,25;13;8;4;2;33,25
Nord Est;Veneto;VI;I353;1;11;10,47;3,67;16,2;42,34
Isole;Sicilia;AG;I356;0;1;5,03;1;5,5;12,53
Sud;Campania;AV;I357;0;0;0;1;3;4
Sud;Calabria;CS;I359;0;2;0;2;6,94;10,94
Sud;Abruzzo;AQ;I360;1;4;2;2;0;9
Nord Ovest;Lombardia;MI;I361;2;14,5;17;5;5,67;44,17
Nord Ovest;Lombardia;LO;I362;0;4;3;2,33;4,5;13,83
Nord Ovest;Liguria;SP;I363;5,5;36,17;18;17;19,83;96,5
Centro;Lazio;FR;I364;1;1;1;0;0;3
Nord Ovest;Liguria;IM;I365;10,5;26;5,5;1;1;44
Nord Ovest;Piemonte;CN;I367;0;5,5;9,75;4;5,85;25,1
Nord Ovest;Liguria;GE;I368;5,25;11;5,5;2;3,8;27,55
Isole;Sicilia;ME;I370;3;10;14;4,5;4,5;36
Sud;Calabria;RC;I371;4;4;5;1,63;2,21;16,84
Nord Ovest;Piemonte;CN;I372;1;1;3;2;11,25;18,25
Nord Est;Veneto;VE;I373;1,1;17,05;32,5;20,83;48,5;119,98
Isole;Sardegna;OR;I374;1;1;1;0;6,75;9,75
Nord Est;Veneto;PD;I375;0;0;0;0;7,92;7,92
Sud;Abruzzo;PE;I376;1;0;4,67;0,25;0;5,92
Sud;Campania;SA;I377;12,33;7,5;8;12,38;6,8;47,01
Centro;Umbria;TR;I381;0;1;4;4;9,5;18,5
Nord Est;Veneto;TV;I382;2;22;26,67;18,5;33,53;102,7
Isole;Sardegna;OR;I384;0;3,5;9;0;6,47;18,97
Sud;Calabria;CS;I388;0;2;1;1;3;7
Sud;Abruzzo;AQ;I389;0;6;0;2;2;10
Centro;Toscana;LI;I390;26,63;69,97;33,69;12;12,55;154,84
Sud;Campania;NA;I391;2,44;7,75;21,44;23;9;63,63
Nord Est;Veneto;BL;I392;11,34;16,5;20,34;2,33;3,34;53,85
Sud;Calabria;CZ;I393;2;2;1;0;4,57;9,57
Sud;Abruzzo;CH;I394;8;12,5;21,38;4;5;50,88
Sud;Puglia;BR;I396;2;33,51;40,94;32;25,75;134,2
Centro;Lazio;RM;I400;6;8,8;6;3;1;24,8
Nord Est;Veneto;VI;I401;0;4;13;5,6;21,36;43,96
Isole;Sardegna;CA;I402;1;5;1;3;10;20
Nord Est;Friuli- Venezia Giulia;PN;I403;4;22,5;39,78;34,5;40,81;141,59
Nord Est;Friuli- Venezia Giulia;UD;I405;0;2;1;3,5;1,83;8,33
Isole;Sicilia;TP;I407;8,5;41,5;21,69;3,33;4,05;79,07
Centro;Lazio;FR;I408;0;1;3;0,5;4;8,5
Nord Ovest;Lombardia;MI;I409;9;35,67;34,5;14,44;15;108,61
Sud;Campania;SA;I410;1;0;0;3;2,75;6,75
Nord Ovest;Lombardia;BS;I412;2,33;12;26,5;9,5;5,5;55,83
Nord Est;Veneto;VR;I414;5;24;15,17;5,5;8;57,67
Nord Ovest;Lombardia;MI;I415;3;17,5;10;7;4;41,5
Nord Ovest;Lombardia;PV;I416;0;0,17;1;0;2;3,17
Nord Est;Veneto;TV;I417;0;16;15,7;7;10,67;49,37
Nord Est;Veneto;PD;I418;2;22;20,67;11,5;53,9;110,07
Isole;Sicilia;ME;I420;3;3;6;3;5;20
Nord Est;Veneto;UD;I421;7,24;29,96;9;3;2,5;51,7
Sud;Campania;SA;I422;7,25;5,33;9,5;6,85;3;31,93
Sud;Calabria;CS;I423;0;2;1;1,5;4,5;9
Centro;Lazio;RM;I424;5,5;1,5;2;0;0;9
Nord Est;Veneto;VI;I425;1,5;9;7;5;12,5;35
Sud;Basilicata;PZ;I426;1;1;2;1;2;7
Isole;Sardegna;CA;I428;2;0;2;4;7;15
Nord Ovest;Piemonte;AL;I429;0;1;1;0;1;3
Nord Est;Veneto;VI;I430;1;8,43;19,37;12;19,8;60,6
Nord Ovest;Piemonte;AL;I432;0;0;0;0;7;7
Nord Ovest;Lombardia;BS;I433;4;23,87;37,47;22,17;26,5;114,01
Nord Est;Emilia-Romagna;PC;I434;0;0;7;7;9,39;23,39
Nord Est;Veneto;TV;I435;1;6;3;3;4;17
Centro;Marche;MC;I436;4,85;13,6;9,04;7;2,33;36,82
Nord Ovest;Lombardia;BG;I437;4,68;34;30,84;9,28;24,04;102,84
Sud;Campania;SA;I438;28,5;31,42;38,1;29,65;28,24;155,91
Nord Ovest;Lombardia;VA;I441;23,15;165,34;140,27;66,83;61,78;457,37
Nord Ovest;Valle d'Aosta;AO;I442;2;9;8,94;2,89;6;28,83
Isole;Sardegna;CA;I443;1,17;5;6;8,25;7,09;27,51
Nord Est;Emilia-Romagna;FO;I444;0;1,91;4,67;4;9,5;20,08
Centro;Toscana;SI;I445;2;21;7,5;6;13,5;50
Nord Ovest;Lombardia;PV;I447;3;5;2;1,5;6;17,5
Isole;Sardegna;NU;I448;0;1;1;0;1;3
Nord Ovest;Liguria;SP;I449;15,5;63;53,5;33,39;27;192,39
Sud;Campania;SA;I451;0;1;0;2;7,33;10,33
Isole;Sardegna;SS;I452;72,36;251,7;271,08;227,61;151,97;974,72
Nord Ovest;Liguria;SV;I453;4;16,67;12,33;8;3,25;44,25
Centro;Toscana;LI;I454;1,33;4;3;2,5;0;10,83
Sud;Campania;BN;I455;0;0;0;0;1;1
Sud;Basilicata;PZ;I457;1;0;0;0;0,5;1,5
Centro;Marche;PS;I460;0;2;1;2;5;10
Centro;Marche;AN;I461;3;9,81;10,67;6,17;21,5;51,15
Nord Est;Emilia-Romagna;MO;I462;15;88,17;141,85;89,84;61,29;396,15
Sud;Calabria;CZ;I463;6,34;3;9;4;4,33;26,67
Nord Est;Friuli- Venezia Giulia;UD;I464;2;6,5;3;1;2;14,5
Nord Ovest;Piemonte;TO;I465;12,36;9,04;2;1;1;25,4
Nord Ovest;Piemonte;TO;I466;67,27;55,5;7;1;2;132,77
Sud;Puglia;TA;I467;1;11,89;13;23;19,79;68,68
Sud;Calabria;KR;I468;0;1;2;0;2;5
Sud;Campania;NA;I469;3;6;14,67;32,36;16,05;72,08
Nord Ovest;Piemonte;CN;I470;6;53,5;75,83;48,27;67,33;250,93
Sud;Campania;AV;I471;2;3,17;3;1;0;9,17
Nord Est;Emilia-Romagna;FO;I472;6,03;65;35,5;19,49;24;150,02
Nord Est;Emilia-Romagna;MO;I473;2;32,19;26,86;24;20,94;105,99
Nord Ovest;Liguria;GE;I475;0;7,5;12,98;9;7;36,48
Nord Ovest;Lombardia;BS;I476;1;4,67;3;0;2;10,67
Isole;Sicilia;ME;I477;0;2;2;2;1;7
Nord Est;Friuli- Venezia Giulia;UD;I478;0;0;0;0;1;1
Nord Ovest;Liguria;SV;I480;32,5;249,77;226,35;86,59;61,9;657,11
Sud;Abruzzo;PE;I482;1;3;5,5;4;9;22,5
Sud;Campania;SA;I483;21;37,3;47,51;54,01;38;197,82
Nord Ovest;Piemonte;CN;I484;2;0;0;0;1;3
Sud;Calabria;CS;I485;1,5;1;0;0;1;3,5
Sud;Campania;SA;I486;0;0;5;1;1;7
Nord Ovest;Lombardia;PV;I487;0;1;0;1;3;5
Sud;Calabria;CS;I489;210,77;153,64;23,17;12,67;8,24;408,49
Nord Ovest;Piemonte;TO;I490;0;7;8;6;11,75;32,75
Isole;Sicilia;ME;I492;2,34;7;3,25;1;3,11;16,7
Sud;Campania;AV;I493;0;1;0;0;1;2
Sud;Calabria;KR;I494;3;1;3;0;3;10
Nord Est;Emilia-Romagna;RE;I496;2;64,17;116,15;44,67;75,2;302,19
Nord Ovest;Lombardia;CR;I497;0;0;0;0;10,17;10,17
Nord Ovest;Lombardia;CR;I498;0;0;1;1;1,67;3,67
Centro;Lazio;RI;I499;15;19;8,5;3,5;8,17;54,17
Sud;Abruzzo;AQ;I501;6,5;7;3;2,8;0;19,3
Isole;Sardegna;OR;I503;0;1;0;0;2,8;3,8
Centro;Toscana;GR;I504;1;17,5;10,08;9,5;16;54,08
Nord Ovest;Lombardia;BG;I506;4;38;32,8;27;17;118,8
Sud;Molise;IS;I507;0;1;1;0;0;2
Centro;Toscana;GR;I510;6;20,69;16,67;5;6,5;54,86
Nord Ovest;Piemonte;TO;I511;0;0;0;0;2;2
Nord Ovest;Piemonte;CN;I512;0;4,75;2;6;3;15,75
Sud;Abruzzo;CH;I520;1;1;1;1;8;12
Centro;Umbria;PG;I522;1;1,5;0,5;2;0,67;5,67
Centro;Umbria;PG;I523;1;1;6;1;1;10
Sud;Abruzzo;CH;I526;4,67;2;1;1;1;9,67
Nord Est;Veneto;VI;I527;1;2;2,75;4;5;14,75
Nord Ovest;Lombardia;CO;I529;3,5;8;1;1;3,5;17
Nord Ovest;Lombardia;BG;I530;6,5;11,5;3,04;4;3;28,04
Nord Est;Veneto;VI;I531;21,41;91,7;107,91;77,95;128,33;427,3
Nord Ovest;Lombardia;MN;I532;0;0,16;0;3;1;4,16
Isole;Sicilia;AG;I533;68,54;72,36;60,5;63,97;71,54;336,91
Isole;Sicilia;PA;I534;0;2;5,5;1;0;8,5
Isole;Sicilia;RG;I535;21;66,83;60,33;30,95;22,5;201,61
Sud;Calabria;RC;I536;0;0;1;0;0;1
Sud;Calabria;RC;I537;6;8,5;4;2;3,67;24,17
Isole;Sicilia;PA;I538;0;3;0;3;0;6
Nord Ovest;Piemonte;TO;I539;0;0;2;0;11;13
Sud;Campania;NA;I540;3;2;16;16;13,5;50,5
Isole;Sicilia;PA;I541;1;0;0;0;0;1
Sud;Abruzzo;AQ;I543;0,5;1,25;0;0;0;1,75
Nord Ovest;Piemonte;VC;I544;1;2,5;1;3;0,5;8
Nord Ovest;Piemonte;VC;I545;18,1;18,25;3;2;1;42,35
Sud;Abruzzo;AQ;I546;1;3;9;2,5;9;24,5
Isole;Sicilia;CT;I548;12,45;12,25;12,55;18,72;13;68,97
Sud;Puglia;LE;I549;2;4;6,83;6;8,5;27,33
Nord Est;Veneto;VE;I551;6;49,5;64,25;48,5;61,25;229,5
Sud;Abruzzo;AQ;I553;2,33;7,33;5;2,5;3;20,16
Nord Ovest;Piemonte;AT;I555;0;0;0;1;5;6
Nord Ovest;Liguria;IM;I556;1;1;2;1;1;6
Sud;Abruzzo;AQ;I558;0;0;1;0;0;1
Sud;Puglia;LE;I559;1;2;4;0;0;7
Nord Ovest;Lombardia;LO;I561;1;7,1;7;4,5;0,56;20,16
Nord Est;Friuli- Venezia Giulia;UD;I562;0;2;6;3,5;21;32,5
Nord Est;Veneto;BL;I563;8,5;30,5;32,5;17,63;35,08;124,21
Isole;Sardegna;OR;I564;1;2;2;2,5;5;12,5
Isole;Sardegna;SS;I565;1;1;2;1;1;6
Nord Ovest;Lombardia;MI;I566;5,5;60,09;54,35;11,33;17;148,27
Nord Ovest;Lombardia;BG;I567;0,17;7,93;5;5,02;7,5;25,62
Centro;Marche;MC;I569;0;0;0;0;0;0
Isole;Sardegna;CA;I570;1;0;0;1;4,5;6,5
Centro;Toscana;GR;I571;4;5;5;4;4;22
Centro;Lazio;RM;I573;9;20,67;10,17;16,17;11,67;67,68
Nord Ovest;Lombardia;MI;I577;33;213,74;178,94;92,2;102;619,88
Nord Est;Veneto;TV;I578;1;0;4,67;6;2,5;14,17
Isole;Sardegna;CA;I580;7,5;104,08;76,5;26,42;38,9;253,4
Centro;Lazio;RI;I581;0;5,5;2;1;1,5;10
Isole;Sardegna;CA;I582;0;0;1;2;0;3
Centro;Umbria;PG;I585;1;3;6;1;1;12
Nord Ovest;Lombardia;BS;I588;0;1;2,5;1;1;5,5
Sud;Calabria;CZ;I589;0;0,83;1;0;0;1,83
Sud;Calabria;CZ;I590;11;26,39;17;9,33;10;73,72
Nord Est;Veneto;BL;I592;4,31;12,56;2;2,15;0,17;21,19
Nord Est;Veneto;VR;I594;2,5;2;10,17;2;5,9;22,57
Nord Est;Veneto;PD;I595;1,5;39,17;79,92;60,83;81,58;263
Nord Ovest;Lombardia;BG;I597;4,25;22,61;15;9,25;8,35;59,46
Isole;Sardegna;SS;I598;0;0;0;0;1;1
Nord Ovest;Lombardia;PV;I599;0;0;0;1;0;1
Sud;Calabria;RC;I600;0;1;1;2;1;5
Centro;Toscana;GR;I601;1;4;6,5;1;4;16,5
Nord Ovest;Lombardia;MI;I602;14,17;115,49;66,11;21,16;23;239,93
Isole;Sardegna;OR;I605;1;0;1,75;3;4;9,75
Sud;Campania;AV;I606;0;1;0;1;0;2
Nord Ovest;Lombardia;BS;I607;0;1;1;3;1;6
Centro;Marche;AN;I608;48;177,17;120,84;81,2;78,67;505,88
Isole;Sardegna;OR;I609;0;0;0;0;1;1
Sud;Basilicata;PZ;I610;7,16;3,87;7,1;7;2,67;27,8
Nord Ovest;Lombardia;CO;I611;1;8,83;5,33;3;9;27,16
Nord Ovest;Lombardia;LO;I612;2;10,5;9;2;1,83;25,33
Isole;Sardegna;OR;I613;0;0;0;0;2;2
Isole;Sardegna;SS;I614;0;5;11;5;8,56;29,56
Isole;Sardegna;CA;I615;0;11;3;3;6,17;23,17
Sud;Molise;CB;I618;1;0;2;1,8;2;6,8
Nord Est;Friuli- Venezia Giulia;PN;I621;0;0;4;2;4,75;10,75
Centro;Toscana;LU;I622;7,83;22,5;14;13,11;16;73,44
Isole;Sardegna;CA;I624;0;1;5;1;4;11
Nord Ovest;Lombardia;MB;I625;61,7;220,03;185,71;89,45;70,05;626,94
Nord Est;Veneto;BL;I626;0;2,67;2;4,75;8,17;17,59
Nord Ovest;Lombardia;CR;I627;4;10;8;10,67;3;35,67
Nord Ovest;Lombardia;BG;I628;16,04;96,01;109,26;35,13;31,83;288,27
Nord Ovest;Lombardia;BG;I629;5,99;29,16;8;4,91;1,11;49,17
Sud;Campania;AV;I630;0;0;5;3,65;9,56;18,21
Nord Ovest;Lombardia;BS;I631;1;6;7;5,5;8,33;27,83
Nord Ovest;Lombardia;MN;I632;0;5;11,26;16;26,3;58,56
Nord Ovest;Lombardia;BS;I633;34,75;106,82;48,9;29,75;25,6;245,82
Centro;Lazio;LT;I634;1;13;14,75;8,5;20;57,25
Nord Est;Veneto;TV;I635;2;10;4;4;22,83;42,83
Nord Ovest;Lombardia;SO;I636;1;1;1;0;0;3
Nord Ovest;Piemonte;AT;I637;0;0;0;0;2;2
Sud;Calabria;VV;I639;5;10,8;10;3,9;4,83;34,53
Nord Ovest;Liguria;GE;I640;3;21,48;24,67;13;10,25;72,4
Sud;Puglia;FG;I641;4,88;9;6;2,18;6,88;28,94
Sud;Calabria;CS;I642;0,67;0;0;0,67;0;1,34
Centro;Marche;AN;I643;0;6;7,02;10;1,67;24,69
Isole;Sicilia;CL;I644;9;7,33;9,83;11,33;5;42,49
Nord Ovest;Piemonte;AL;I645;0;1;0;1;1;3
Nord Ovest;Piemonte;CN;I646;0;0;2;3;2;7
Isole;Sardegna;CA;I647;1;5;8,5;9;11,28;34,78
Sud;Campania;SA;I648;1;0;0;2;1;4
Sud;Abruzzo;PE;I649;9;3;0;0;1;13
Centro;Marche;MC;I651;2;1;2,67;0;0;5,67
Sud;Campania;NA;I652;1;3;4;0;0,25;8,25
Centro;Marche;AN;I653;1;4,14;1;6;8;20,14
Centro;Marche;PS;I654;0;0,33;0;1;2,67;4
Sud;Calabria;CZ;I655;5;0;3;1;3;12
Sud;Calabria;RC;I656;1;0;0;0;1;2
Nord Ovest;Piemonte;AL;I657;3;18,5;30,5;12,5;8;72,5
Nord Ovest;Piemonte;CN;I659;0;1,5;0;1;0;2,5
Centro;Toscana;PT;I660;4;37,67;20;13,95;18,5;94,12
Centro;Marche;MC;I661;1;7;2,75;2;2,67;15,42
Nord Ovest;Lombardia;MN;I662;0;0;1;2;10,33;13,33
Nord Ovest;Piemonte;VC;I663;1;3,5;9;8;13;34,5
Sud;Campania;SA;I666;0;6;3,5;3;7;19,5
Isole;Sardegna;CA;I667;0;1;2;2,5;12,67;18,17
Isole;Sardegna;NU;I668;0;0;0;0;2;2
Centro;Lazio;FR;I669;2;2;12;3;6,5;25,5
Sud;Calabria;CZ;I671;3;4,66;2;3;0,5;13,16
Nord Est;Veneto;BL;I673;0;6;2,25;1;4,56;13,81
Sud;Campania;CE;I676;30,61;108,06;79,57;78,47;58,09;354,8
Sud;Campania;SA;I677;0;0;0;3;1,33;4,33
Nord Ovest;Piemonte;AT;I678;0;1;0;0;3,5;4,5
Sud;Molise;IS;I679;0;1;0;0;0;1
Centro;Toscana;AR;I681;0;2;0,5;0;3;5,5
Sud;Molise;IS;I682;0;0;0;2;2,67;4,67
Nord Ovest;Lombardia;CR;I683;0;0;4;8,5;11;23,5
Centro;Toscana;FI;I684;47,05;186,65;196,45;74,35;75,36;579,86
Nord Est;Friuli- Venezia Giulia;PN;I686;1;9;11;6;21,33;48,33
Nord Ovest;Lombardia;VA;I688;6;45,67;38;12,5;19,5;121,67
Nord Est;Emilia-Romagna;MO;I689;11;31,67;13,5;8,5;10,17;74,84
Nord Ovest;Lombardia;MI;I690;237,92;531,68;251,21;65,27;33,5;1119,58
Nord Ovest;Piemonte;TO;I692;65,5;53,52;11,01;5,01;3;138,04
Nord Ovest;Liguria;GE;I693;15,55;92,89;59,8;19,67;12,23;200,14
Isole;Sardegna;CA;I695;4;99,46;30,72;18,17;24,78;177,13
Nord Ovest;Lombardia;MI;I696;3;29,5;29,88;6;8,5;76,88
Centro;Lazio;FR;I697;1;1;0;0;1;3
Nord Ovest;Piemonte;AT;I698;0;0;1;0;2;3
Isole;Sardegna;CA;I699;1;8,5;20,5;6;15,33;51,33
Nord Ovest;Lombardia;MI;I700;27,5;103,71;78,17;24;12,67;246,05
Nord Ovest;Piemonte;TO;I701;0;0;0;0;0;0
Nord Ovest;Piemonte;TO;I702;0;2;3,67;0;4;9,67
Nord Ovest;Piemonte;TO;I703;20,5;221,96;184,52;51,78;46,75;525,51
Sud;Calabria;CZ;I704;1;4;2;4;2;13
Isole;Sardegna;CA;I705;0;0;0;1;0;1
Isole;Sardegna;NU;I706;0;2;2;1;1;6
Isole;Sardegna;NU;I707;0;0;0;0;2,5;2,5
Nord Ovest;Lombardia;MB;I709;19,33;105,83;75,59;38,36;34,51;273,62
Nord Ovest;Piemonte;AL;I711;0;2;0;1;5;8
Centro;Lazio;LT;I712;9,89;23,93;15,89;13,33;31,92;94,96
Centro;Lazio;FR;I716;3;9,5;3;4;1;20,5
Isole;Sardegna;OR;I717;0;0;1,67;0;2;3,67
Isole;Sardegna;OR;I718;0;0;0;0;3;3
Sud;Campania;SA;I720;1,33;5,06;13;4,03;6,67;30,09
Isole;Sardegna;OR;I721;0;0;0;0;0;0
Isole;Sicilia;AG;I723;5;7,5;8;2;4;26,5
Isole;Sardegna;CA;I724;0;0;1;0;1;2
Sud;Calabria;RC;I725;2;10,53;19,92;11;10,11;53,56
Centro;Toscana;SI;I726;43,8;157,99;167,41;123,54;94,35;587,09
Centro;Umbria;PG;I727;1;1;4,5;4;7,67;18,17
Centro;Toscana;FI;I728;7,5;47,08;48,58;33,49;29,17;165,82
Isole;Sardegna;NU;I730;0;0;0;0;1;1
Isole;Sardegna;SS;I732;1;0;2;1,75;2;6,75
Isole;Sardegna;CA;I734;0;2;1;1;4;8
Isole;Sardegna;CA;I735;0,75;0;0;0;0,75;1,5
Nord Ovest;Piemonte;NO;I736;0;0,25;1,25;1,25;2;4,75
Nord Ovest;Piemonte;AL;I738;1;6;3;5;5,56;20,56
Nord Ovest;Lombardia;PV;I739;0;0;1;0;5,5;6,5
Sud;Abruzzo;TE;I741;31,71;85,05;48,84;23;14,5;203,1
Isole;Sardegna;OR;I742;0;0;0;0;1;1
Isole;Sardegna;OR;I743;0;0;0;3,48;2;5,48
Sud;Calabria;VV;I744;0;0;0;0;0;0
Sud;Calabria;CZ;I745;8,13;21,85;4,67;8,67;4;47,32
Isole;Sicilia;ME;I747;0;1;2;2;1;6
Isole;Sardegna;NU;I748;0;1;0;0;6,74;7,74
Isole;Sardegna;OR;I749;1;0;0;1,88;0;2,88
Nord Ovest;Piemonte;CN;I750;0;0;0;0;1;1
Isole;Sardegna;NU;I751;6,5;34,82;31,63;9;5,83;87,78
Isole;Sardegna;CA;I752;6,04;31,5;34,98;25,72;27,56;125,8
Sud;Calabria;RC;I753;0;1;0;0;0;1
Isole;Sicilia;SR;I754;99,61;259,36;284,2;274,28;203,47;1120,92
Sud;Campania;AV;I756;0;0;7;3;7,29;17,29
Isole;Sardegna;OR;I757;0;0;0;0;2;2
Centro;Marche;AN;I758;3;37;10;8,17;6;64,17
Nord Ovest;Lombardia;LC;I759;0;3;6;1;2,75;12,75
Nord Ovest;Lombardia;LC;I761;2;8;7,5;1;7,66;26,16
Isole;Sardegna;CA;I765;1;1;1,5;1;3,39;7,89
Nord Ovest;Piemonte;NO;I767;0;1;1;0;4;6
Centro;Marche;AP;I774;0;0;1;0;0;1
Nord Est;Veneto;VR;I775;3;19,67;21,75;18;21,97;84,39
Nord Est;Friuli- Venezia Giulia;UD;I777;0;1;1;1;3;6
Isole;Sardegna;OR;I778;0;0;0;0;0;0
Nord Est;Emilia-Romagna;FO;I779;1;2,81;4;0,83;3,5;12,14
Sud;Puglia;LE;I780;0;3;7;3;6,86;19,86
Nord Ovest;Piemonte;AT;I781;0;0;0;0;0;0
Nord Ovest;Lombardia;BS;I782;6;21;9,17;7;14;57,17
Nord Est;Veneto;VI;I783;3;7;10;11;6;37
Isole;Sicilia;SR;I785;2;5,75;7,83;3;2,5;21,08
Nord Ovest;Lombardia;MI;I786;4;43,5;43,83;17;18;126,33
Nord Est;Emilia-Romagna;RA;I787;1;5,5;15;6,83;14,5;42,83
Nord Ovest;Lombardia;CR;I790;0;0;1,5;0,5;7,5;9,5
Isole;Sardegna;OR;I791;0;1;4;2;4,61;11,61
Nord Ovest;Lombardia;VA;I793;3,5;9,5;4;2;6;25
Nord Ovest;Lombardia;VA;I794;0;11;15;6,5;6;38,5
Nord Ovest;Liguria;IM;I796;1;3;4;4;4;16
Isole;Sardegna;CA;I797;0;0;1;0;2,25;3,25
Nord Ovest;Piemonte;AL;I798;1;2;2,5;2;6;13,5
Nord Est;Veneto;PD;I799;0;6,5;7;12,5;25,83;51,83
Sud;Puglia;LE;I800;3;3;5;5,29;7,3;23,59
Nord Ovest;Lombardia;MN;I801;1;10;7;5;8;31
Nord Est;Emilia-Romagna;MO;I802;6;55,75;57,25;24,38;41,25;184,63
Nord Est;Emilia-Romagna;PR;I803;0;3;5,67;1,5;3,67;13,84
Sud;Abruzzo;AQ;I804;3,5;22,89;36,67;37,85;33,64;134,55
Sud;Campania;AV;I805;0;5;7;10;14;36
Nord Ovest;Piemonte;AL;I808;0;0;0;0;2;2
Sud;Campania;BN;I809;1;1;2;1;5;10
Nord Ovest;Lombardia;BG;I812;1,5;10;3,5;4,5;6;25,5
Nord Ovest;Lombardia;BG;I813;0;10;9;2;0;21
Nord Ovest;Lombardia;LO;I815;0;8,75;6,25;2;3,5;20,5
Nord Ovest;Piemonte;CN;I817;0,67;0;1;1;1,33;4
Nord Ovest;Lombardia;VA;I819;11,5;68,65;53,25;31,17;40,07;204,64
Sud;Campania;NA;I820;16,1;20,5;24,5;25,61;16,34;103,05
Nord Est;Veneto;VR;I821;3;29,75;38,39;28,23;29,92;129,29
Nord Ovest;Piemonte;CN;I822;1;3;16,75;16,69;18,5;55,94
Nord Ovest;Piemonte;CN;I823;0;1;2;3;14,5;20,5
Isole;Sicilia;CL;I824;7,94;10,94;12;6,75;5;42,63
Nord Ovest;Lombardia;PV;I825;0;3;1;5;4;13
Nord Est;Veneto;VR;I826;9;29,44;44,36;31,65;46,31;160,76
Nord Ovest;Lombardia;CR;I827;3;12,5;12;11;23;61,5
Nord Ovest;Lombardia;SO;I828;9,35;10;6,5;2,17;1,34;29,36
Nord Ovest;Lombardia;SO;I829;33,59;82,13;55,21;41,8;26,41;239,14
Nord Ovest;Lombardia;BG;I830;4;10;3;1;2;20
Nord Ovest;Lombardia;BS;I831;0;1;3;1;2;7
Centro;Lazio;LT;I832;17,67;11,66;17,17;4,75;11;62,25
Centro;Lazio;FR;I838;2,25;15;15,83;27,67;39,92;100,67
Nord Est;Emilia-Romagna;PR;I840;0;9,5;14,67;5,17;16,25;45,59
Centro;Toscana;GR;I841;3;6;3,75;4;7;23,75
Sud;Campania;AV;I843;1;2,52;4,12;1,08;2;10,72
Sud;Calabria;CZ;I844;2;2,36;1,86;1,5;0;7,72
Nord Ovest;Piemonte;BI;I847;0;0;2;0;9;11
Nord Ovest;Lombardia;LO;I848;0;20;22,5;8;5;55,5
Nord Ovest;Lombardia;CR;I849;2;22,75;28,5;12,5;30,25;96
Nord Est;Veneto;VR;I850;1;2;8,67;5,56;12,17;29,4
Isole;Sardegna;NU;I851;0;0;2;1;4,8;7,8
Nord Ovest;Liguria;GE;I852;6;21;14,5;9;7;57,5
Sud;Calabria;VV;I853;0;0;0;0;0;0
Sud;Calabria;VV;I854;4,5;1;1;0;2;8,5
Centro;Lazio;VT;I855;9;30,5;24,34;13,17;12,67;89,68
Nord Ovest;Lombardia;CO;I856;1;1;3;2;1;8
Nord Ovest;Piemonte;NO;I857;0;1;0;2;1;4
Nord Ovest;Lombardia;BG;I858;3,67;22,75;29,5;12,5;14,5;82,92
Nord Ovest;Lombardia;CO;I860;2;9,5;1;1;1,33;14,83
Isole;Sardegna;OR;I861;0;0;0;0;1;1
Sud;Campania;NA;I862;8,15;30,4;19,03;18,05;8,45;84,08
Isole;Sardegna;SS;I863;21,72;59,11;25,5;25,5;18,22;150,05
Isole;Sicilia;SR;I864;5,5;6;15,14;3,22;6;35,86
Nord Ovest;Lombardia;CR;I865;0;3;4,33;1;7,25;15,58
Nord Est;Veneto;BL;I866;1;6,5;2,5;2;15,38;27,38
Nord Est;Veneto;VI;I867;2;6;10;5;20;43
Nord Ovest;Piemonte;BI;I868;0;1;1;0;2;4
Nord Ovest;Lombardia;BG;I869;0;9;14;9,67;5;37,67
Sud;Calabria;CZ;I872;6;32,19;28,69;23,19;16;106,07
Nord Ovest;Lombardia;BG;I873;4,67;9;14,8;8;13;49,47
Sud;Calabria;CZ;I874;0;1;0;1;5;7
Sud;Calabria;CZ;I875;2;1;1;1;1;6
Nord Est;Veneto;BL;I876;0;0;1;1;2;4
Centro;Toscana;SI;I877;6;25;31;14,89;21;97,89
Nord Ovest;Lombardia;MB;I878;7,66;25;17;15,17;8;72,83
Nord Est;Veneto;VI;I879;0;8;13,6;4,74;22,67;49,01
Nord Ovest;Piemonte;NO;I880;0;3;2;0;2;7
Isole;Sicilia;ME;I881;4;10,28;19;8;6,5;47,78
Sud;Calabria;VV;I884;0;0;1;2;1;4
Sud;Campania;CE;I885;1;0;2;9,67;6;18,67
Nord Ovest;Piemonte;TO;I886;4;4;8;4;1,33;21,33
Sud;Puglia;LE;I887;4,34;6,17;7,17;2,67;6,5;26,85
Centro;Umbria;PG;I888;2;17;11,5;11,5;22,67;64,67
Isole;Sicilia;EN;I891;1;0;2;2;1;6
Centro;Lazio;LT;I892;11,5;20,39;6,67;4,13;4;46,69
Sud;Campania;AV;I893;0;3;10,5;3,5;5;22
Nord Ovest;Lombardia;PV;I894;0;0;2;0;2;4
Sud;Calabria;CS;I895;0;2;5,33;5;7;19,33
Sud;Calabria;CS;I896;12,06;31,25;8;3;3;57,31
Nord Ovest;Piemonte;AL;I901;0;2;1;3;3;9
Centro;Lazio;LT;I902;0;2;0;1;5;8
Nord Est;Emilia-Romagna;MO;I903;7;32;42,54;23,08;18,67;123,29
Nord Est;Friuli- Venezia Giulia;PN;I904;1;15;22;15;35,76;88,76
Sud;Calabria;VV;I905;0;1;1;1;0;3
Nord Ovest;Lombardia;CR;I906;1;2;4;3;4;14
Sud;Puglia;BA;I907;12,83;11,33;7,5;7,2;9,75;48,61
Nord Est;Veneto;VE;I908;2;96,31;121,26;53,83;52,51;325,91
Nord Ovest;Lombardia;CR;I909;1;0;0;0;2,5;3,5
Sud;Molise;CB;I910;2;1;0;1;1;5
Nord Ovest;Piemonte;AL;I911;0;0;0;0;0;0
Centro;Marche;AP;I912;2;13;26;12,74;8,42;62,16
Nord Ovest;Lombardia;CR;I914;2,5;21;25,17;19,83;11,83;80,33
Nord Ovest;Lombardia;BG;I916;0;10;4;0;1;15
Sud;Basilicata;PZ;I917;1;1;1;0;1,44;4,44
Nord Ovest;Lombardia;BG;I919;6,38;10;11,92;8,5;6;42,8
Centro;Umbria;PG;I921;17,57;63,22;76,09;54,5;55,58;266,96
Sud;Abruzzo;PE;I922;4;28;36,5;21,67;33,67;123,84
Sud;Puglia;LE;I923;1;0;0,5;2,78;5,67;9,95
Nord Ovest;Liguria;SV;I926;12,5;49,75;9,17;3;2;76,42
Nord Est;Veneto;TV;I927;4;40,45;47,5;23,39;38,19;153,53
Nord Ovest;Lombardia;SO;I928;2;1;1;0;0;4
Sud;Calabria;CZ;I929;3;11,17;6;5;5;30,17
Sud;Puglia;LE;I930;2;17;21,5;13,43;23,58;77,51
Centro;Marche;AN;I932;0;7;5;1;9;22
Nord Ovest;Lombardia;CR;I935;0;1;5,67;1;8,67;16,34
Sud;Calabria;RC;I936;0;0;0;0;0;0
Sud;Calabria;CZ;I937;11,33;16;5;1;2;35,33
Nord Est;Veneto;PD;I938;1;5,22;2;8;19,11;35,33
Nord Ovest;Piemonte;AL;I941;0;1;3;2;7,5;13,5
Centro;Toscana;LU;I942;8;4;3;3,51;7;25,51
Nord Ovest;Lombardia;CO;I943;1;0;2;1;1;5
Sud;Calabria;VV;I945;1;2;2,89;6,55;0;12,44
Nord Ovest;Liguria;SV;I946;4,5;12,74;9,5;6;6,57;39,31
Nord Ovest;Liguria;SV;I947;2;2;4;2;1;11
Sud;Puglia;LE;I950;0,25;1;0;4;2,67;7,92
Nord Ovest;Lombardia;BG;I951;11;50,39;71,92;29,5;29,67;192,48
Nord Est;Veneto;RO;I953;0;5,25;8;7;7,25;27,5
Sud;Basilicata;MT;I954;3;7;8,18;3;2,25;23,43
Sud;Calabria;RC;I955;4;3;1;0;3;11
Sud;Calabria;RC;I956;1;2,83;3;1;0;7,83
Centro;Lazio;RI;I959;5,02;7;2,67;1;3,04;18,73
Sud;Campania;SA;I960;1;1;0;1;0;3
Sud;Puglia;FG;I962;3;8,75;8;11,5;5,5;36,75
Sud;Puglia;FG;I963;3;7;5,38;8;4;27,38
Nord Est;Veneto;VE;I965;2;10,33;12,5;5,16;11;40,99
Nord Ovest;Lombardia;PV;I968;6;26;37,33;16,75;25;111,08
Nord Ovest;Piemonte;TO;I969;0;0;0;0;0;0
Nord Ovest;Piemonte;TO;I970;0;11,98;12,5;11;27,5;62,98
Centro;Lazio;FR;I973;0;2;0;1;2,67;5,67
Nord Est;Friuli- Venezia Giulia;UD;I974;0;0;0;0;2,33;2,33
Nord Ovest;Piemonte;VB;I976;8;27,75;34,5;5;18,5;93,75
Nord Ovest;Piemonte;AL;I977;2;5;10,5;5;12;34,5
Sud;Campania;NA;I978;1;4;9;5,4;4,67;24,07
Nord Ovest;Piemonte;BI;I980;0;4;3;1;1;9
Centro;Umbria;TR;I981;3;13,25;7;12;12,55;47,8
Sud;Calabria;KR;I982;4;24,75;8;3;2;41,75
Nord Ovest;Piemonte;VC;I984;1;1;0;2;7,5;11,5
Nord Ovest;Piemonte;CN;I985;0;3;1;0;1;5
Nord Ovest;Lombardia;BG;I986;0;6,67;5,67;3;6;21,34
Sud;Campania;AV;I990;2;1;4;0,75;2;9,75
Centro;Toscana;AR;I991;4,01;12,2;12,07;13,92;10,37;52,57
Centro;Lazio;RM;I992;25,67;36,79;14,5;12;6,75;95,71
Sud;Campania;CE;I993;0;1,67;25,84;10,33;9,5;47,34
Nord Ovest;Lombardia;LC;I994;1;0;1;1;1;4
Isole;Sardegna;CA;I995;2;0;0;1;2;5
Nord Ovest;Lombardia;LC;I996;0;2;3;0;3;8
Nord Ovest;Lombardia;BG;I997;0;5;9;9;9,5;32,5
Nord Ovest;Lombardia;MB;I998;2;32,5;20,17;7;3,08;64,75
Nord Ovest;Lombardia;BS;L002;5;7;5,04;8;3,44;28,48
Nord Ovest;Lombardia;VA;L003;1;9,44;9,5;9;9;37,94
Sud;Campania;AV;L004;1;1;1;2;4;9
Isole;Sardegna;NU;L006;0;1;0;1;5;7
Nord Ovest;Piemonte;NO;L007;0;2;4,5;6,33;14,33;27,16
Sud;Puglia;LE;L008;2,5;2,84;6;1,78;7,9;21,02
Centro;Lazio;FR;L009;2;9;7;1;5;24
Sud;Puglia;LE;L010;1;0;0;0;0,5;1,5
Sud;Puglia;LE;L011;0;18;19;15;27,66;79,66
Nord Ovest;Piemonte;TO;L013;2;9,39;8;5;11;35,39
Nord Est;Veneto;TV;L014;4;19,38;18,17;32,5;27,83;101,88
Nord Ovest;Lombardia;MN;L015;2;1;4,33;2;12,58;21,91
Isole;Sicilia;CL;L016;0;1,67;2;1;1,67;6,34
Centro;Lazio;VT;L017;4,5;22;27;21;26,95;101,45
Nord Est;Friuli- Venezia Giulia;UD;L018;1;3,75;2;0,44;3;10,19
Centro;Toscana;LI;L019;2;23,5;12,5;6;4;48
Nord Ovest;Lombardia;MN;L020;9;49,75;69,67;31;64,28;223,7
Nord Ovest;Lombardia;LC;L022;1;4;0;3;0;8
Isole;Sardegna;OR;L023;0;0;0;0;0;0
Nord Ovest;Liguria;IM;L024;26,25;73,78;31,5;7,5;3;142,03
Sud;Abruzzo;AQ;L025;8;41,17;21,17;11,25;12,67;94,26
Nord Est;Veneto;RO;L026;3;10,5;15;7,5;14,5;50,5
Nord Ovest;Piemonte;AL;L027;0;8;8;1,5;3;20,5
Nord Est;Veneto;BL;L030;2;2;5;1;5,16;15,16
Nord Ovest;Lombardia;VA;L032;2;6;6;9,61;9,5;33,11
Nord Est;Emilia-Romagna;RN;L034;0;3;1;0,5;0;4,5
Nord Ovest;Lombardia;SO;L035;0;9,5;4,5;6,5;1,11;21,61
Isole;Sardegna;NU;L036;0;0;0;0;0;0
Nord Ovest;Lombardia;BG;L037;1;7,5;0;0;3;11,5
Centro;Toscana;AR;L038;1;1;1;0;2,17;5,17
Nord Est;Friuli- Venezia Giulia;UD;L039;0;3,72;6,17;3,72;24,09;37,7
Nord Est;Veneto;BL;L040;3;13;10,63;4;3,67;34,3
Isole;Sicilia;ME;L042;14;35;18,96;12;11;90,96
Centro;Lazio;RI;L046;0;5;3;3;5;16
Sud;Abruzzo;CH;L047;0;0;0;1;1,49;2,49
Nord Ovest;Piemonte;CN;L048;0;1;6;2;1;10
Sud;Puglia;TA;L049;118,1;446,06;471,78;424,49;246,79;1707,22
Nord Est;Friuli- Venezia Giulia;UD;L050;3;17,5;25;20;39,67;105,17
Sud;Calabria;CS;L055;2;1;2;2;1;8
Nord Ovest;Lombardia;SO;L056;3,3;3,1;0;0;1,42;7,82
Nord Est;Veneto;TV;L058;3;2;4;1;21,55;31,55
Nord Ovest;Piemonte;AL;L059;0;2;1;3;1;7
Sud;Campania;AV;L061;0;1;0;0;3,5;4,5
Sud;Campania;AV;L062;6;4,09;1;2,09;6,45;19,63
Sud;Calabria;RC;L063;6,33;15;11;11;19;62,33
Sud;Puglia;LE;L064;6;10,92;11,5;7,25;12,13;47,8
Nord Est;Friuli- Venezia Giulia;UD;L065;2;35;55,5;16;49,58;158,08
Nord Ovest;Piemonte;TO;L066;0;2;0;0;3;5
Sud;Molise;CB;L069;0;4;0;1;3;8
Sud;Calabria;CZ;L070;10;13;3;2;10;38
Nord Ovest;Lombardia;CO;L071;2;17,5;17,67;7,25;6,5;50,92
Nord Ovest;Lombardia;BG;L073;7;5;2,5;4;3,28;21,78
Sud;Puglia;LE;L074;3;8,75;10,5;10,46;14,5;47,21
Nord Ovest;Piemonte;BI;L075;1;1;1;1;6;10
Centro;Marche;PS;L078;0;1,22;0;0;4;5,22
Centro;Marche;PS;L081;1;20,83;24,75;6,5;15;68,08
Sud;Basilicata;PZ;L082;0;1;2;2;1;6
Sud;Campania;CE;L083;2;14,33;12,5;6,75;13,2;48,78
Nord Ovest;Lombardia;SO;L084;11,5;21,35;12,74;2,33;8;55,92
Nord Est;Veneto;VE;L085;1;2;2;4;6,5;15,5
Sud;Campania;BN;L086;0;4;6;8,5;19;37,5
Nord Ovest;Lombardia;BG;L087;4;9;25,83;14,5;10;63,33
Isole;Sardegna;SS;L088;0;2;4;3,2;3,87;13,07
Isole;Sardegna;SS;L093;11,33;25,5;16;17,5;12,4;82,73
Nord Ovest;Lombardia;BS;L094;17,75;62,34;6;0;5;91,09
Nord Est;Veneto;PD;L100;2;18,5;24,09;16,17;28,57;89,33
Sud;Campania;AV;L102;1;1,5;3,67;0;3,5;9,67
Sud;Abruzzo;TE;L103;18,1;82,54;131,2;98,83;86,65;417,32
Nord Ovest;Piemonte;NO;L104;0;0;1;0;0;1
Centro;Lazio;FR;L105;0;1;1;0;0;2
Sud;Puglia;BA;L109;53,14;57,73;59,28;42,36;17,03;229,54
Isole;Sicilia;PA;L112;6;28,89;29,17;39,38;31,33;134,77
Sud;Molise;CB;L113;26,48;105,32;94,38;72,14;38,22;336,54
Nord Ovest;Lombardia;VA;L115;3;7;6,83;3,16;7;26,99
Nord Ovest;Piemonte;BI;L116;2;0;0;0;5;7
Centro;Umbria;TR;L117;69,72;270,18;315,49;187,68;178,68;1021,75
Nord Ovest;Lombardia;BG;L118;8,5;28;39,73;12,89;10;99,12
Centro;Lazio;LT;L120;46,42;168,69;117,7;89,7;60,7;483,21
Isole;Sardegna;OR;L122;2;6;11,25;14,57;14,8;48,62
Centro;Toscana;AR;L123;2;12,5;25,67;24,77;26,33;91,27
Sud;Calabria;CS;L124;0;3;1;2;2;8
Nord Ovest;Lombardia;LO;L125;0;0;2;2,5;2;6,5
Sud;Basilicata;PZ;L126;0;1;3;2;0,33;6,33
Sud;Calabria;RC;L127;1;0,5;0;0;1;2,5
Isole;Sicilia;PA;L131;4,04;46,36;64,08;30,89;17,25;162,62
Nord Est;Veneto;PD;L132;0;0;7;5;6;18
Sud;Calabria;CS;L134;0;0;0;0;0;0
Nord Est;Veneto;VR;L136;0,15;3;5;3,5;13,5;25,15
Centro;Toscana;PI;L138;2;11,5;10,5;10;7,17;41,17
Nord Ovest;Piemonte;AL;L139;2;1;3;2;7;15
Isole;Sardegna;NU;L140;3;5;3,5;1,5;1;14
Sud;Campania;NA;L142;4;2;8,83;12,67;10,83;38,33
Nord Ovest;Piemonte;AL;L143;2;2;1;2;3;10
Nord Ovest;Liguria;IM;L146;0;0;0;0;0;0
Centro;Lazio;VT;L150;2;3;2;3;0;10
Nord Ovest;Liguria;SV;L152;1;3;0;0;0;4
Isole;Sardegna;NU;L153;0;0;0;0;1;1
Isole;Sardegna;CA;L154;5;5,68;7,33;5,42;6,16;29,59
Sud;Campania;CE;L155;0;4,16;50,33;18,75;20,67;93,91
Nord Est;Veneto;VI;L156;0,12;21;15;17,5;39,4;93,02
Nord Est;Veneto;VI;L157;8;77,49;79,95;51,17;53,69;270,3
Isole;Sardegna;SS;L158;5;1;3;1;5;15
Isole;Sardegna;NU;L160;0;0;0;0;1;1
Nord Ovest;Lombardia;CR;L164;0;0;0,33;0;1,33;1,66
Nord Ovest;Piemonte;AL;L165;0;0;0;0;10;10
Sud;Puglia;LE;L166;0;4;3,86;2;2;11,86
Nord Ovest;Liguria;GE;L167;0;3;3;1;3;10
Nord Ovest;Piemonte;AT;L168;0;1;3;1;13;18
Nord Ovest;Lombardia;BS;L169;7,25;22,25;9;3,25;5;46,75
Isole;Sardegna;NU;L172;0;0;0;0;0;0
Sud;Abruzzo;AQ;L173;1;0;0;0;0;1
Nord Ovest;Lombardia;SO;L175;4;20,33;21,67;13;17;76
Sud;Calabria;CZ;L177;2;12;4;2;2;22
Isole;Sardegna;SS;L180;2;4,5;4;4;6;20,5
Sud;Basilicata;PZ;L181;2;4,9;12;5,83;9;33,73
Centro;Lazio;RM;L182;33,06;156,22;122,66;61,31;37,25;410,5
Nord Est;Emilia-Romagna;PR;L183;1,01;15,5;16,75;12,5;17;62,76
Nord Est;Emilia-Romagna;RE;L184;1;4,96;6,08;8,69;11,05;31,78
Sud;Campania;BN;L185;0;0;0;2;0;2
Sud;Abruzzo;PE;L186;0;1,5;2,83;1;1,17;6,5
Nord Ovest;Piemonte;VB;L187;1,8;4;3,05;2;0;10,85
Centro;Umbria;PG;L188;11;34;40,5;23,88;62;171,38
Centro;Lazio;RI;L189;0;2;3;2;2;9
Nord Ovest;Liguria;SV;L190;4;19;4;4;2;33
Centro;Marche;MC;L191;4,92;20,83;48,72;37,55;27,11;139,13
Centro;Lazio;RM;L192;3;10,75;8;5;6,5;33,25
Nord Ovest;Piemonte;BI;L193;0;8;5;2;10;25
Sud;Abruzzo;CH;L194;0;4,5;5;3;4,17;16,67
Nord Est;Friuli- Venezia Giulia;UD;L195;1,2;16,5;20;13,67;18,83;70,2
Sud;Basilicata;PZ;L197;0;4,17;3,34;1,5;2;11,01
Nord Est;Veneto;PD;L199;0,66;21,66;24,5;19,5;23,67;89,99
Isole;Sardegna;NU;L202;0;1;1;1;3,5;6,5
Nord Ovest;Piemonte;AT;L203;1;0;1;0;6;8
Nord Ovest;Piemonte;AT;L204;0;0;0;0;2;2
Sud;Campania;CE;L205;0;0;0;1;4;5
Sud;Calabria;CS;L206;0;0;3;2;1;6
Sud;Abruzzo;TE;L207;0;0;0;0;1;1
Nord Ovest;Lombardia;BS;L210;3;19;26,67;10,17;10,5;69,34
Sud;Campania;SA;L212;0;8;4;0,5;3;15,5
Sud;Puglia;BR;L213;2,67;14,42;16;4;13;50,09
Sud;Campania;AV;L214;0;3;3;4;4;14
Sud;Molise;CB;L215;0;0,2;1,5;1,5;0,05;3,25
Centro;Umbria;PG;L216;8;27;27;11;16,57;89,57
Nord Ovest;Valle d'Aosta;AO;L217;21;21,63;7;2;1;52,63
Sud;Abruzzo;CH;L218;3;4;4,5;1;5;17,5
Nord Ovest;Piemonte;TO;L219;1583,05;5527,85;2820,67;1105,65;836,88;11874,1
Sud;Puglia;BA;L220;13,88;24,26;16;25,38;12,83;92,35
Nord Ovest;Lombardia;CR;L221;0;0;0;0;2;2
Nord Ovest;Piemonte;NO;L223;0;0;0;0,5;5;5,5
Sud;Abruzzo;CH;L224;0;0;4;4;3,78;11,78
Nord Ovest;Lombardia;CR;L225;0;0;0;0;1;1
Sud;Abruzzo;AQ;L227;1;0;0;1;4;6
Nord Ovest;Lombardia;CO;L228;0;2,67;3;5;6,38;17,05
Nord Est;Emilia-Romagna;PR;L229;2;3;3,11;5;1;14,11
Sud;Molise;CB;L230;0;3,17;1;2;1,58;7,75
Isole;Sardegna;NU;L231;1;5,17;1;2;2;11,17
Sud;Campania;SA;L233;1;1,5;3;1;0;6,5
Isole;Sardegna;SS;L235;0;2;0;1;4;7
Nord Ovest;Lombardia;PV;L237;0;2;1;2;4,57;9,57
Nord Ovest;Piemonte;TO;L238;0;0,5;11;4;11;26,5
Nord Ovest;Piemonte;BI;L239;0;1;1,33;0;2;4,33
Sud;Calabria;CZ;L240;0;2;0;0;4;6
Nord Ovest;Piemonte;CN;L241;2,34;2;1;0;0;5,34
Centro;Lazio;FR;L243;0;6,5;4;1,5;4;16
Nord Ovest;Lombardia;SO;L244;5,96;6;3,17;1;0;16,13
Sud;Campania;NA;L245;43;57,75;79,34;43;31,84;254,93
Nord Est;Friuli- Venezia Giulia;UD;L246;1;0;3,5;4;11,5;20
Nord Ovest;Piemonte;TO;L247;0;0;2;1;1;4
Nord Est;Veneto;VI;L248;3;8,5;7,9;11,67;25,66;56,73
Nord Ovest;Lombardia;PV;L250;0;0;0;1;0;1
Nord Ovest;Lombardia;BG;L251;2;25,01;44,61;7,25;11,5;90,37
Nord Ovest;Piemonte;CN;L252;0;2;0;0;0;2
Sud;Abruzzo;CH;L253;0;1;0;0;0;1
Sud;Campania;BN;L254;1;3,5;2;2;0;8,5
Nord Ovest;Lombardia;PV;L256;0;3;1;1;5;10
Nord Ovest;Lombardia;LC;L257;0;3,5;22,7;6,63;5;37,83
Nord Ovest;Lombardia;CR;L258;0;0;1;1;8,5;10,5
Sud;Campania;NA;L259;64,07;139,61;140,89;94,45;49,08;488,1
Nord Ovest;Lombardia;PV;L262;0;1,5;0;0;0;1,5
Sud;Abruzzo;PE;L263;0,67;2;2;0,83;4,13;9,63
Nord Ovest;Lombardia;BG;L265;1;7;17,5;6;12,17;43,67
Nord Est;Veneto;VE;L267;0;8;7;11;8;34
Nord Ovest;Lombardia;PV;L269;0;9;7;3;13;32
Nord Est;Veneto;PD;L270;0,73;15,23;16,23;6;19,46;57,65
Isole;Sicilia;ME;L271;1;3;10,67;13,67;10;38,34
Sud;Campania;AV;L272;0;0;1;1;2;4
Sud;Puglia;FG;L273;9;19,38;24,5;35,5;28,17;116,55
Sud;Campania;SA;L274;0;4;4,67;2;2;12,67
Nord Ovest;Lombardia;BG;L276;0;1;4;3;3;11
Nord Ovest;Piemonte;TO;L277;6,67;34,5;19,5;11,25;16;87,92
Nord Ovest;Piemonte;CN;L278;0;0;2;3;2;7
Centro;Marche;AP;L279;0;0;0;0;2;2
Sud;Puglia;BR;L280;0;6;12;12,67;3;33,67
Nord Ovest;Piemonte;CN;L281;0;0;0;0;0;0
Isole;Sicilia;PA;L282;2;2;3;1;3;11
Sud;Abruzzo;CH;L284;0;1;9;5;5,5;20,5
Nord Ovest;Lombardia;PV;L285;1;5,5;11;5,5;5,5;28,5
Centro;Lazio;RI;L286;1;7;4,5;2;5;19,5
Nord Est;Veneto;VR;L287;11,5;34;43,5;14;32,83;135,83
Centro;Lazio;FR;L290;0;1;3,26;3,75;3;11,01
Sud;Abruzzo;CH;L291;0;1;1;2;0;4
Nord Ovest;Lombardia;PV;L292;0;0;2;1;6,5;9,5
Centro;Lazio;RI;L293;6,67;0;0;1;7;14,67
Sud;Puglia;TA;L294;10;11;9;6,5;1,5;38
Sud;Abruzzo;TE;L295;1;1;4;1;3,5;10,5
Nord Ovest;Lombardia;CR;L296;0;0;0;0;3,11;3,11
Nord Est;Veneto;VI;L297;1;38;41,5;15,22;24,45;120,17
Nord Ovest;Liguria;GE;L298;5,25;22,33;6,33;9,92;6;49,83
Nord Est;Emilia-Romagna;PR;L299;6,1;27;23,2;6;20,5;82,8
Sud;Campania;AV;L301;0;0;0;0,83;0;0,83
Centro;Lazio;RM;L302;1;2;1;0;2;6
Centro;Toscana;SI;L303;0;7;16;10,72;18,42;52,14
Nord Ovest;Piemonte;AL;L304;10,5;84,17;92,67;40,17;59,33;286,84
Sud;Calabria;CS;L305;17;36,19;11,92;5,66;5;75,77
Sud;Campania;SA;L306;0;2;0;0;0;2
Sud;Abruzzo;TE;L307;38,02;179,1;44,75;14;15,67;291,54
Isole;Sicilia;ME;L308;2,6;2;4,8;2;2;13,4
Nord Est;Friuli- Venezia Giulia;UD;L309;0;10;5;4;6;25
Centro;Lazio;VT;L310;10;7,5;15,5;18,5;24,88;76,38
Nord Ovest;Lombardia;BS;L312;20,28;99,31;54,69;24;36,86;235,14
Sud;Abruzzo;TE;L314;1;2;1;1;1;6
Nord Ovest;Liguria;SV;L315;3;3,5;6,5;5,5;3;21,5
Nord Ovest;Lombardia;SO;L316;0;3;0;0;1;4
Isole;Sicilia;PA;L317;7,61;14;33,25;17,47;12,25;84,58
Nord Ovest;Lombardia;VA;L319;14,5;61;57,08;42;47,92;222,5
Isole;Sardegna;OR;L321;0;0;1,5;0,6;2;4,1
Sud;Campania;SA;L323;6,14;7,89;5;4;2;25,03
Nord Est;Friuli- Venezia Giulia;PN;L324;0;0;1;1;0;2
Nord Est;Friuli- Venezia Giulia;PN;L325;0;2;0;2,5;5;9,5
Sud;Basilicata;PZ;L326;0;1;3;3;4;11
Nord Ovest;Piemonte;TO;L327;2,5;5,5;6;6,67;17,8;38,47
Sud;Puglia;BA;L328;31,75;102,09;160,2;132,32;67,07;493,43
Nord Ovest;Lombardia;SO;L330;1;2;9;6,75;3;21,75
Isole;Sicilia;TP;L331;56,42;118,68;91,43;118,81;102,33;487,67
Isole;Sicilia;PA;L332;1;4;5;4,22;5;19,22
Nord Ovest;Piemonte;VB;L333;2;6;5;2;5;20
Sud;Abruzzo;AQ;L334;2;6,75;8;2;5;23,75
Nord Est;Friuli- Venezia Giulia;UD;L335;0;1;3,83;4;4;12,83
Nord Ovest;Piemonte;VB;L336;1;0;2;0;1;4
Isole;Sardegna;CA;L337;0;0;2;1;3,5;6,5
Nord Ovest;Lombardia;BS;L339;5;36;38,17;24,08;39,6;142,85
Nord Ovest;Piemonte;TO;L340;0;1;0;0;2,77;3,77
Nord Ovest;Lombardia;VA;L342;2,5;8;3,22;3,5;10,32;27,54
Nord Ovest;Piemonte;TO;L345;1;4;1;0;5;11
Nord Est;Emilia-Romagna;PR;L346;3,9;17,67;26,52;18,5;23,67;90,26
Nord Est;Friuli- Venezia Giulia;PN;L347;0;0;2;3;7,15;12,15
Nord Est;Emilia-Romagna;PC;L348;1,5;4,5;9,75;9;10,5;35,25
Nord Est;Veneto;PD;L349;2;41,5;20;19,7;29,97;113,17
Sud;Calabria;CS;L353;5;10;11;13,5;4;43,5
Isole;Sicilia;CT;L355;1;14,9;25,59;29,5;40,12;111,11
Nord Ovest;Piemonte;NO;L356;3,5;61,5;89,39;31,67;27,99;214,05
Sud;Basilicata;PZ;L357;0,33;1,5;2,3;1;1,66;6,79
Nord Est;Veneto;RO;L359;1;3;3;6;16;29
Nord Est;Emilia-Romagna;FO;L361;0;3;1,5;3;3;10,5
Sud;Abruzzo;CH;L363;0;1;0;4;1;6
Nord Est;Veneto;VR;L364;0;10;10,13;8,33;20,67;49,13
Centro;Marche;MC;L366;0;6;14;15,67;12,78;48,45
Nord Ovest;Piemonte;CN;L367;0;0;0;0;3;3
Isole;Sicilia;CT;L369;6;17,75;42,5;30;29,23;125,48
Nord Ovest;Lombardia;BS;L372;12;18,5;10;8;11;59,5
Sud;Campania;SA;L377;0;1;0;0;1;2
Sud;Campania;CE;L379;7;11,86;50,95;44;27,34;141,15
Nord Ovest;Lombardia;BS;L380;0;8,5;12;7;12,72;40,22
Nord Est;Friuli- Venezia Giulia;UD;L382;0;1;0;2;9,17;12,17
Sud;Puglia;LE;L383;3;16;18;19,32;14,83;71,15
Centro;Toscana;SI;L384;0;0,5;1,5;6;5;13
Centro;Toscana;MS;L386;0;2;1;3;1,5;7,5
Nord Ovest;Lombardia;BG;L388;2;26,42;13;23;11,67;76,09
Nord Ovest;Lombardia;CR;L389;2;9,5;8;2;10;31,5
Nord Ovest;Lombardia;SO;L392;0;11,34;7;2;8;28,34
Isole;Sardegna;OR;L393;0;2;4;3;4;13
Nord Est;Veneto;VR;L396;0;4;8;3;3,5;18,5
Centro;Umbria;PG;L397;6;5;10;8,33;21,16;50,49
Centro;Lazio;FR;L398;12;25,5;3,5;3;3,5;47,5
Sud;Campania;AV;L399;0;0;1;0;0;1
Nord Ovest;Lombardia;BG;L400;33,53;134,97;123,55;52,25;46,19;390,49
Centro;Lazio;RM;L401;6,5;38,5;19,25;16;12;92,25
Nord Est;Veneto;TV;L402;6;18,5;13,5;14,5;21,92;74,42
Nord Ovest;Piemonte;AL;L403;0;0;0;0;0;0
Nord Ovest;Lombardia;BG;L404;1;18;34,94;30,23;34,5;118,67
Nord Ovest;Lombardia;BS;L406;0;0;2;0;1;3
Nord Est;Veneto;TV;L407;38,21;274,93;338,49;224,17;301,91;1177,71
Nord Ovest;Lombardia;MI;L408;6;34;24;19,5;10;93,5
Nord Ovest;Lombardia;MI;L409;20,5;140,13;108,5;36;34,5;339,63
Nord Ovest;Piemonte;CN;L410;0;0;0;0;3;3
Nord Ovest;Lombardia;MI;L411;11;41,5;66;19,5;7,5;145,5
Nord Ovest;Lombardia;CO;L413;0;1;0;0;0;1
Nord Est;Veneto;PD;L414;2;9,5;11;7,75;17,58;47,83
Nord Ovest;Lombardia;MI;L415;1;26,5;26;8;10;71,5
Nord Ovest;Liguria;GE;L416;0;4;2;0,5;1;7,5
Sud;Basilicata;MT;L418;6;3,83;3,33;7;4,67;24,83
Sud;Puglia;LE;L419;16,86;20,5;11;14;24,75;87,11
Nord Ovest;Piemonte;VC;L420;0;0;0;0;1;1
Nord Est;Friuli- Venezia Giulia;UD;L421;2;9;25,25;15;30,5;81,75
Isole;Sardegna;NU;L423;0;0;0;0;0;0
Sud;Puglia;BA;L425;18;45,5;73,23;55,83;29;221,56
Nord Ovest;Lombardia;CR;L426;1,5;0,06;6;3,5;6,12;17,18
Nord Ovest;Piemonte;CN;L427;2;4;4;3;9;22
Isole;Sardegna;SS;L428;51,5;58,85;14,25;6;9;139,6
Nord Ovest;Piemonte;VC;L429;2;23,17;22,83;15;18,5;81,5
Nord Ovest;Liguria;IM;L430;6,5;4,68;0,5;0;2;13,68
Isole;Sicilia;ME;L431;1;0;0;0;0;1
Nord Ovest;Piemonte;AL;L432;0;0;1,5;0;2,5;4
Nord Est;Veneto;VI;L433;0;8,5;15,4;15;24,42;63,32
Nord Ovest;Lombardia;MB;L434;2;20,17;9,67;17,15;17,25;66,24
Sud;Molise;CB;L435;7;5,5;3;2;6,5;24
Centro;Lazio;FR;L437;2;2,11;2;1;3,11;10,22
Nord Est;Friuli- Venezia Giulia;UD;L438;0;0;1;2;7;10
Sud;Basilicata;PZ;L439;1,93;0;1;0;1;3,93
Nord Ovest;Lombardia;PV;L440;1;4;16,5;1,5;4,5;27,5
Nord Ovest;Piemonte;TO;L445;2;30,5;37,5;16,5;27;113,5
Sud;Puglia;FG;L447;1;8;16,17;5,17;3;33,34
Isole;Sicilia;EN;L448;5;9;8,67;12;18,19;52,86
Nord Ovest;Lombardia;PV;L449;2;8;7;6;10;33
Nord Ovest;Piemonte;VB;L450;0;1,67;3;2;4;10,67
Nord Ovest;Piemonte;VC;L451;0;0,5;3;4;4,5;12
Sud;Calabria;VV;L452;18;23,67;16;9,06;10;76,73
Nord Ovest;Lombardia;PV;L453;0;1,5;3;3;4;11,5
Nord Ovest;Lombardia;MI;L454;9;42;14;6;10;81
Sud;Molise;CB;L458;0;1;2,5;1;1;5,5
Sud;Abruzzo;CH;L459;1;1;0;0;0;2
Sud;Campania;NA;L460;0;3;6;2;5;16
Sud;Campania;AV;L461;0;0;2;1;0;3
Sud;Puglia;LE;L462;14;10,25;7;13,66;10;54,91
Isole;Sardegna;CA;L463;0;1;0;0;3;4
Isole;Sardegna;SS;L464;0;2;0;1;0;3
Centro;Umbria;PG;L466;4,5;8;7;15,44;11;45,94
Nord Ovest;Lombardia;LO;L469;0;0,5;8;6;1;15,5
Nord Ovest;Lombardia;CO;L470;3;46,25;27,25;12;13,5;102
Nord Ovest;Lombardia;MI;L471;3;15,5;10,25;14,5;16;59,25
Sud;Puglia;BA;L472;8;16,59;37;41;31,42;134,01
Isole;Sardegna;CA;L473;0;0;1;1;2;4
Sud;Abruzzo;PE;L475;0;0;0;1;0;1
Sud;Basilicata;MT;L477;2;4,75;7;3;4;20,75
Isole;Sicilia;ME;L478;5,08;5;9;5;2;26,08
Nord Ovest;Lombardia;VA;L480;6;31,75;34,17;12,88;18;102,8
Isole;Sicilia;ME;L482;0;0;0,5;2,5;3;6
Nord Est;Friuli- Venezia Giulia;UD;L483;78,78;383,95;439,96;250,58;272,54;1425,81
Sud;Puglia;LE;L484;26,84;44,68;24,59;26,97;21,28;144,36
Sud;Puglia;LE;L485;1;7;5,5;2,5;9,66;25,66
Nord Ovest;Lombardia;CO;L487;4;14,5;20;18,95;12,83;70,28
Isole;Sardegna;OR;L488;1;0;1;0;0;2
Isole;Sardegna;NU;L489;0;1;0;0,75;1,5;3,25
Sud;Calabria;KR;L492;0;1;1;0;0;2
Nord Ovest;Lombardia;BS;L494;4;5;9,84;9;6;33,84
Isole;Sardegna;OR;L496;0;2;2;1;4,5;9,5
Nord Est;Veneto;PD;L497;0;0;1;3;4;8
Centro;Marche;PS;L498;2;8,66;14,34;10,09;14,34;49,43
Nord Ovest;Liguria;SV;L499;3;10,17;5;1,14;4,14;23,45
Centro;Marche;PS;L500;6;28,4;20,25;22,44;32,16;109,25
Centro;Marche;MC;L501;1;2;1,5;4,5;4,07;13,07
Nord Ovest;Lombardia;BG;L502;2;14,5;25,5;13,76;17,5;73,26
Isole;Sardegna;SS;L503;3;2;3;3;2,25;13,25
Sud;Molise;CB;L505;3;7;3;1,93;3;17,93
Isole;Sardegna;NU;L506;0;0;0;0;0;0
Nord Ovest;Liguria;GE;L507;3;6,5;8;0;4;21,5
Isole;Sardegna;OR;L508;2;0;2;1;0;5
Isole;Sardegna;SS;L509;0;2;1;6;4,83;13,83
Nord Ovest;Lombardia;MB;L511;4;48,9;45;33,63;20,43;151,96
Isole;Sardegna;CA;L512;1;2;4;4;5,5;16,5
Isole;Sardegna;CA;L513;0;0;1;1,83;1;3,83
Isole;Sardegna;NU;L514;0;0;0;2,72;0;2,72
Nord Ovest;Piemonte;TO;L515;1;7;2,5;0;2,5;13
Nord Ovest;Piemonte;TO;L516;2;4,33;2;2;0;10,33
Centro;Marche;MC;L517;7,33;7;0;1;0;15,33
Isole;Sicilia;PA;L519;1;6,67;1;1,33;0,67;10,67
Isole;Sardegna;CA;L521;3;30,92;15,5;14;13,83;77,25
Centro;Toscana;PT;L522;1,5;12,33;12,97;4;21,5;52,3
Sud;Calabria;CS;L524;0;0;0;1;1;2
Centro;Lazio;RI;L525;0;0;0;1;0;1
Sud;Abruzzo;CH;L526;2;1;1;0;2;6
Nord Ovest;Liguria;SV;L528;3;41,67;30,75;12,67;5,5;93,59
Centro;Toscana;FI;L529;1,75;6;13;11;13;44,75
Nord Ovest;Piemonte;AT;L531;0;0;0;1;3;4
Sud;Basilicata;PZ;L532;7;1;1;0;1;10
Centro;Toscana;LU;L533;2,49;0,83;6,16;2;1;12,48
Nord Ovest;Lombardia;CR;L535;1;5,5;6;5;9,5;27
Centro;Toscana;PO;L537;4,17;17,5;32,5;29;25,5;108,67
Nord Ovest;Piemonte;TO;L538;1;6;10;4,5;6;27,5
Nord Ovest;Lombardia;CR;L539;2;7;9,5;12;11,5;42
Sud;Campania;CE;L540;0;2;6;9;8;25
Nord Ovest;Lombardia;BG;L544;12;15,83;2;0;2,5;32,33
Nord Ovest;Lombardia;BG;L545;5;7,5;16;16,5;6,22;51,22
Nord Ovest;Liguria;GE;L546;0;11;6;0;4,67;21,67
Nord Ovest;Lombardia;CO;L547;6;10;13;3,14;4,5;36,64
Nord Est;Veneto;VI;L551;10;55,47;55,53;50,22;73,08;244,3
Nord Est;Veneto;VI;L554;0;2;0,33;2;4,5;8,83
Nord Ovest;Piemonte;TO;L555;3;12;11,75;6,5;23;56,25
Nord Ovest;Piemonte;BI;L556;0;6;1;2;9,5;18,5
Nord Ovest;Lombardia;SO;L557;12;41;16,19;3,5;5,5;78,19
Nord Ovest;Piemonte;CN;L558;5;6;3;2;2;18
Isole;Sicilia;ME;L561;0;0;5;4;2;11
Nord Ovest;Lombardia;PV;L562;0;5;1;5;2,5;13,5
Nord Ovest;Lombardia;SO;L563;15,73;43,61;9,05;6;3;77,39
Nord Est;Veneto;TV;L565;0;10;11;15,27;22,33;58,6
Nord Ovest;Piemonte;VC;L566;0;7;3,5;3;5,33;18,83
Nord Est;Veneto;VR;L567;14,5;56,5;52,5;25;51;199,5
Nord Ovest;Lombardia;PV;L568;0;0;0;1;0;1
Centro;Lazio;VT;L569;11,52;21,25;17;4,33;5,67;59,77
Nord Ovest;Piemonte;AL;L570;20,5;86,67;50,61;43;27,25;228,03
Sud;Puglia;BA;L571;12,13;42,99;58,75;29,17;14;157,04
Nord Ovest;Lombardia;LO;L572;0;9;7,5;2;6;24,5
Centro;Umbria;PG;L573;0;1;1;5;5,17;12,17
Nord Ovest;Piemonte;AT;L574;1;0,5;5;4,25;9;19,75
Nord Ovest;Lombardia;SO;L576;33;14,05;3,51;1;1,17;52,73
Nord Ovest;Lombardia;VA;L577;5;8;2;3;7;25
Nord Ovest;Piemonte;TO;L578;2;4;1;3;4;14
Nord Ovest;Lombardia;BG;L579;5;5;0,5;2;1,6;14,1
Nord Ovest;Piemonte;CN;L580;0;1;0;1;0;2
Nord Ovest;Lombardia;LC;L581;0;5,5;5,67;2,33;3,33;16,83
Nord Ovest;Valle d'Aosta;AO;L582;0;2;1,17;0;0;3,17
Isole;Sicilia;EN;L583;7;9;9,5;5,33;9;39,83
Nord Est;Veneto;BL;L584;2;1;4;6,5;2,5;16
Nord Ovest;Piemonte;BI;L586;0;0;0;1;0;1
Sud;Campania;AV;L589;1,89;1,08;1;1,5;3;8,47
Nord Est;Veneto;BL;L590;0;5,67;10,25;1;1;17,92
Sud;Campania;CE;L591;1;4,75;5,63;3;4;18,38
Nord Ovest;Lombardia;PV;L593;0;2;9;4;13,34;28,34
Sud;Campania;CE;L594;0;2;0;0;0;2
Nord Ovest;Liguria;IM;L596;6;3;4;0;2;15
Sud;Abruzzo;TE;L597;0;6,5;0;0;1;7,5
Centro;Lazio;FR;L598;2;2;3;4;2;13
Nord Ovest;Liguria;IM;L599;13;43,97;11,5;3;4;75,47
Isole;Sicilia;PA;L603;0;7;7;3;5;22
Isole;Sardegna;SS;L604;15,5;49;11;8;5;88,5
Centro;Lazio;FR;L605;0;2;0;1;0;3
Sud;Calabria;VV;L607;0;0;0;1;0;1
Isole;Sicilia;CL;L609;1,17;4,5;5,67;4;4,5;19,84
Centro;Lazio;RM;L611;0;1;1;0;0;2
Centro;Lazio;VT;L612;4;6;6,5;2;1;19,5
Isole;Sardegna;CA;L613;0;0;2;0;0;2
Centro;Lazio;FR;L614;3,5;2;0,09;0,22;2;7,81
Sud;Campania;AV;L616;1;0;3;2;1;7
Nord Ovest;Lombardia;PV;L617;0;6;9;2;5;22
Nord Ovest;Piemonte;BI;L620;0;1;3,5;1;5;10,5
Nord Ovest;Lombardia;BG;L623;8;2;0;0;0;10
Nord Est;Veneto;VI;L624;4;7;4,45;7;14,92;37,37
Centro;Lazio;RM;L625;1;4;2;0,8;2;9,8
Nord Ovest;Lombardia;BS;L626;1;7;5,33;1;4;18,33
Centro;Umbria;PG;L627;2;1;2,83;0;0;5,83
Sud;Campania;SA;L628;2,5;7,13;13,13;16,17;13,28;52,21
Nord Ovest;Piemonte;TO;L629;0;0;1,67;3,67;2;7,34
Nord Ovest;Piemonte;CN;L631;1;6;0;0;0;7
Nord Ovest;Piemonte;AL;L633;0,5;0,5;0;2,5;9,5;13
Nord Ovest;Lombardia;LC;L634;4,5;24,5;36;14;14,33;93,33
Nord Ovest;Lombardia;SO;L638;2;6;1;0;0;9
Centro;Lazio;RM;L639;2;20,5;16;10,67;9,33;58,5
Nord Ovest;Lombardia;CO;L640;0;2;6;4;9;21
Nord Est;Emilia-Romagna;PR;L641;1;2;2;1;8,5;14,5
Nord Ovest;Lombardia;BG;L642;1;1;0;0;2;4
Nord Ovest;Valle d'Aosta;AO;L643;0;1;0;0;0;1
Nord Ovest;Piemonte;TO;L644;0;3;7;13,46;6,5;29,96
Nord Ovest;Valle d'Aosta;AO;L647;1;4;0;0;2;7
Nord Ovest;Piemonte;VB;L651;1;3,33;2;1;1;8,33
Centro;Umbria;PG;L653;0;1;1;1;1;4
Nord Ovest;Valle d'Aosta;AO;L654;119,88;69,76;21,66;9,06;2;222,36
Nord Ovest;Lombardia;BG;L655;1,1;3;1;2;0,08;7,18
Sud;Campania;SA;L656;0;1;1;0;0;2
Isole;Sicilia;CT;L658;4;10;16,67;22,83;15,89;69,39
Nord Ovest;Lombardia;MI;L664;3;12;12;12;6,67;45,67
Nord Ovest;Lombardia;MI;L665;11;36;38,67;12,5;14,7;112,87
Nord Ovest;Piemonte;VB;L666;0;1,5;2;4;1,8;9,3
Nord Ovest;Lombardia;MI;L667;9;61,73;37,78;16,67;14,6;139,78
Nord Ovest;Piemonte;NO;L668;0;1;3;0;3,5;7,5
Nord Ovest;Piemonte;VC;L669;6;19,83;21,84;13,5;15;76,17
Nord Ovest;Piemonte;NO;L670;0,25;6;12;9;13,5;40,75
Nord Ovest;Lombardia;VA;L671;3;10;9,88;2,67;4,37;29,92
Nord Est;Emilia-Romagna;PR;L672;0;3;9,33;4;1,61;17,94
Sud;Calabria;RC;L673;0;1;1;1;0;3
Nord Ovest;Liguria;SV;L675;46,56;109,62;44,44;17,5;14,83;232,95
Centro;Lazio;RI;L676;0,92;2,25;0;0;1;4,17
Nord Ovest;Lombardia;MB;L677;10;53,39;36,2;9;9,43;118,02
Nord Ovest;Lombardia;LC;L680;1,75;13;2;2;2;20,75
Nord Ovest;Liguria;SP;L681;1;1;4,5;4;5,17;15,67
Nord Ovest;Lombardia;VA;L682;55,92;258,8;236,95;143,68;173,84;869,19
Nord Ovest;Piemonte;TO;L685;1;2;2;1;2;8
Nord Est;Friuli- Venezia Giulia;UD;L686;1;1;5,5;4;14;25,5
Nord Est;Emilia-Romagna;PR;L689;2,5;3,5;3;7;9;25
Nord Ovest;Lombardia;PV;L690;2;17;9;9;4;41
Nord Ovest;Piemonte;VB;L691;3;6,39;10;6,25;6;31,64
Nord Ovest;Liguria;IM;L693;3;2;0;1;5;11
Sud;Molise;IS;L696;0;0;0;0;1;1
Nord Ovest;Piemonte;TO;L698;0;4,17;2,67;1;4,33;12,17
Sud;Calabria;VV;L699;0;1;1;1;0;3
Nord Est;Veneto;TV;L700;1;13;7;6;20,5;47,5
Centro;Toscana;PI;L702;2;18;24;27;24,17;95,17
Nord Ovest;Lombardia;VA;L703;3;16,5;27,5;18;16,67;81,67
Nord Ovest;Lombardia;MB;L704;12;19;25,46;12,38;19,77;88,61
Nord Est;Veneto;TV;L706;3;35,5;23,12;18,67;50,17;130,46
Nord Ovest;Lombardia;BG;L707;2;3,67;0;0,5;2;8,17
Nord Ovest;Lombardia;MB;L709;0;8,5;11,5;6,5;5;31,5
Nord Est;Veneto;PD;L710;0;13;15;12;17,5;57,5
Sud;Puglia;LE;L711;4;4;8,63;8,67;18,5;43,8
Nord Ovest;Piemonte;BI;L712;1,31;2;2;1;2,81;9,12
Centro;Lazio;VT;L713;5,5;11,84;4;3,17;3,5;28,01
Nord Ovest;Lombardia;CO;L715;0;1,44;0;1;3;5,44
Nord Ovest;Lombardia;PV;L716;0;0;0;0;1;1
Centro;Lazio;RM;L719;28;80,79;84,5;62,5;78,91;334,7
Nord Ovest;Lombardia;PV;L720;3,5;22;6;11;16;58,5
Nord Est;Veneto;VR;L722;2;7,5;2;0;2;13,5
Nord Est;Veneto;VI;L723;0;1;2;5;8,75;16,75
Sud;Molise;IS;L725;5;6,67;27;19,75;16,83;75,25
Nord Ovest;Piemonte;TO;L726;4;5;4;3;5,5;21,5
Nord Ovest;Piemonte;TO;L727;13;119;115,9;39,58;16;303,48
Centro;Marche;AP;L728;1;1,5;1;0;1;4,5
Nord Ovest;Piemonte;CN;L729;0;5,22;4,22;1;4;14,44
Nord Ovest;Liguria;SV;L730;0;0,5;1;0;2;3,5
Nord Ovest;Lombardia;VA;L733;0;13;11,17;6,5;12;42,67
Nord Ovest;Lombardia;VA;L734;0;7;30,5;12;24,95;74,45
Isole;Sicilia;ME;L735;0,5;10,5;8;10;3;32
Nord Est;Veneto;VE;L736;127,97;933,62;923,9;409,33;351,74;2746,56
Nord Ovest;Lombardia;CO;L737;0;12,8;11;9,33;6,75;39,88
Sud;Basilicata;PZ;L738;12;14,25;12,67;13;12;63,92
Sud;Campania;AV;L739;0;0;3;3;5,86;11,86
Isole;Sicilia;PA;L740;4;4,89;2,5;3;1,5;15,89
Nord Ovest;Liguria;IM;L741;55,68;92,75;69,33;15;10,67;243,43
Centro;Lazio;LT;L742;2;3;2,67;1;0;8,67
Nord Est;Friuli- Venezia Giulia;UD;L743;0;0;5,5;4,5;8,17;18,17
Nord Ovest;Lombardia;MB;L744;7;27,58;26,5;6,42;12,7;80,2
Nord Ovest;Piemonte;VB;L746;26;151,35;123,12;60,22;49,47;410,16
Sud;Calabria;CS;L747;0;3;1;2;0;6
Nord Ovest;Lombardia;CO;L748;0;5;2;1;1,67;9,67
Nord Ovest;Lombardia;SO;L749;1;8;2,83;0;1;12,83
Nord Ovest;Piemonte;VC;L750;57,38;197,6;145,86;65,13;66;531,97
Nord Ovest;Lombardia;LC;L751;0;5,75;7;2;3;17,75
Nord Ovest;Lombardia;BG;L752;4;12,01;28;10,5;6,67;61,18
Nord Ovest;Lombardia;BG;L753;0;15,51;42,52;13;12,5;83,53
Nord Ovest;Piemonte;CN;L758;0;1;0;0;3;4
Nord Est;Emilia-Romagna;BO;L762;3;35;30;12;12;92
Nord Est;Emilia-Romagna;FO;L764;1;11;4,33;2,58;6;24,91
Nord Ovest;Lombardia;VA;L765;3;30,73;15,5;20;32,67;101,9
Nord Ovest;Piemonte;CN;L771;5,17;10,8;1,34;2;0;19,31
Nord Est;Emilia-Romagna;PC;L772;2;5;7;8;14,5;36,5
Nord Ovest;Lombardia;MI;L773;1,34;20,34;16,5;3;10,5;51,68
Nord Ovest;Liguria;SP;L774;5;7;1;3;0;16
Centro;Toscana;PO;L775;1;16;26;9;17,1;69,1
Sud;Puglia;LE;L776;3;7,17;6;6,75;10;32,92
Nord Ovest;Lombardia;BS;L777;1;19,5;17;16,28;20;73,78
Nord Ovest;Lombardia;BS;L778;1;1;17;7;9;35
Nord Ovest;Piemonte;TO;L779;0;6;10;9;9,5;34,5
Centro;Lazio;FR;L780;1,66;4;9;7;28,5;50,16
Nord Est;Veneto;VR;L781;169,51;808,3;1026,49;511,91;428,75;2944,96
Nord Ovest;Valle d'Aosta;AO;L783;0;2;5;1;4;12
Nord Ovest;Lombardia;PV;L784;0;0;0;3;0,5;3,5
Nord Ovest;Piemonte;BI;L785;0;0;1,67;1;3;5,67
Nord Ovest;Piemonte;TO;L787;1;3;2;3;15,5;24,5
Nord Ovest;Lombardia;PV;L788;0;0;0;0;1;1
Nord Ovest;Lombardia;CO;L792;1;8,5;13;9,5;10;42
Nord Ovest;Lombardia;BG;L795;2;9;11,5;6,5;9,92;38,92
Nord Est;Emilia-Romagna;RN;L797;0;24,61;24;14;14,83;77,44
Nord Ovest;Lombardia;SO;L799;0;0;0;0;0;0
Nord Est;Friuli- Venezia Giulia;UD;L801;0;1,5;0;1;1;3,5
Sud;Calabria;KR;L802;5;2;1;2;1;11
Nord Ovest;Piemonte;CN;L804;1;17,5;19,42;11,5;18,5;67,92
Nord Est;Veneto;PD;L805;0;3;8;0;3,17;14,17
Nord Ovest;Lombardia;CR;L806;0;5;6,5;6;8,8;26,3
Nord Ovest;Piemonte;AT;L807;0;0;1;0;0;1
Nord Ovest;Piemonte;NO;L808;1;3;1;2;3;10
Nord Ovest;Liguria;IM;L809;0;0;0;1;1;2
Nord Est;Veneto;VR;L810;1,04;5;2,5;3,17;7,81;19,52
Nord Ovest;Piemonte;TO;L811;1;1;0;1;1;4
Nord Ovest;Lombardia;BS;L812;0;10;7,33;7,22;6,5;31,05
Centro;Lazio;VT;L814;6,2;27,66;26;24,43;33,58;117,87
Nord Est;Emilia-Romagna;RE;L815;1;6;5,25;4;4;20,25
Nord Ovest;Lombardia;BS;L816;8;37,5;8;2;1;56,5
Nord Ovest;Piemonte;CN;L817;0;9;2;2;4;17
Nord Ovest;Liguria;SP;L819;6,5;11,17;16,75;13,36;13;60,78
Nord Est;Emilia-Romagna;RE;L820;0;8;6,5;8;12,17;34,67
Nord Ovest;Liguria;SV;L823;0;1;1;2;2;6
Nord Ovest;Lombardia;MN;L826;5,11;37,5;45,83;29;80,8;198,24
Nord Ovest;Lombardia;BG;L827;0;1;1;3;1;6
Isole;Sicilia;CT;L828;3;16,36;15,75;9,5;26,84;71,45
Nord Ovest;Piemonte;AT;L829;0;0;0;1,5;1;2,5
Nord Ovest;Piemonte;TO;L830;0;0;0;0;0;0
Nord Est;Emilia-Romagna;RE;L831;3;16;12;6,69;8,4;46,09
Centro;Toscana;LU;L833;54,63;269,59;243,45;115,2;117,02;799,89
Nord Ovest;Piemonte;AT;L834;0;1;0;0;5;6
Sud;Campania;SA;L835;7;14;12;8;3;44
Centro;Lazio;FR;L836;0;1;0;0,8;2;3,8
Isole;Sicilia;PA;L837;3,8;5;2;2;6;18,8
Centro;Toscana;FI;L838;6,5;14,92;23,53;16;22,41;83,36
Nord Est;Veneto;VI;L840;137,65;364;433,68;288,81;241,64;1465,78
Nord Ovest;Piemonte;CN;L841;2;5,65;10;1;11;29,65
Sud;Puglia;FG;L842;10,56;20,5;25,25;8,43;12;76,74
Centro;Lazio;FR;L843;0;3;3;2;2;10
Sud;Campania;CE;L844;0;2,5;3;8;18;31,5
Sud;Campania;NA;L845;6,5;24,71;28,22;22;16,17;97,6
Sud;Abruzzo;PE;L846;0;0;0;0;1;1
Nord Ovest;Piemonte;NO;L847;0;1;0;0;3;4
Nord Est;Emilia-Romagna;PC;L848;0;1;2,5;4,34;16;23,84
Centro;Toscana;PI;L850;4;19;29;16,33;25,5;93,83
Centro;Lazio;RM;L851;2;9,5;2;0;0;13,5
Nord Ovest;Lombardia;PV;L854;3;42,04;46;6,5;7;104,54
Nord Est;Veneto;TV;L856;0;6;7;2;8,5;23,5
Nord Ovest;Piemonte;TO;L857;0;7;5;1;0;13
Sud;Puglia;FG;L858;43,66;63,3;30,42;15,5;9,17;162,05
Sud;Basilicata;PZ;L859;3;4;2;4;1;14
Sud;Campania;SA;L860;11;19,92;18,41;5,33;6;60,66
Nord Ovest;Lombardia;BG;L865;0;4;4;1;0,17;9,17
Nord Ovest;Lombardia;LC;L866;0;12;3;3;5;23
Nord Est;Emilia-Romagna;FE;L868;0;7,5;16;16,6;24,77;64,87
Nord Est;Veneto;VR;L869;3;40,13;46,15;22,59;30,5;142,37
Nord Ovest;Lombardia;PV;L872;56,19;263,24;182,22;80,51;92,47;674,63
Sud;Basilicata;PZ;L873;0;0;2;0;0;2
Sud;Basilicata;PZ;L874;2;7;1;1;1;12
Nord Ovest;Lombardia;VA;L876;6;13,1;19,38;11,29;13,89;63,66
Nord Est;Veneto;PD;L878;2;1;1;2,5;3,61;10,11
Nord Ovest;Piemonte;AT;L879;0;1;0,67;0,67;6;8,34
Nord Ovest;Piemonte;BI;L880;4;16,33;21;10,61;20,5;72,44
Nord Ovest;Piemonte;AL;L881;0;1;2;1;5;9
Centro;Lazio;VT;L882;2;17,95;11;7;3,5;41,45
Nord Ovest;Lombardia;MI;L883;2;59;40;17;10;128
Nord Est;Emilia-Romagna;MO;L885;11,02;81,36;102,17;45,56;31,38;271,49
Nord Ovest;Piemonte;AL;L887;2;2;3;3;4;14
Nord Ovest;Piemonte;CN;L888;4,75;6;4;4,5;11,5;30,75
Nord Ovest;Piemonte;VB;L889;0;3;3;2;2;10
Nord Est;Veneto;BL;L890;2;6,67;4;0;3;15,67
Nord Est;Veneto;PD;L892;2;23,83;39,25;35,89;38,17;139,14
Nord Ovest;Lombardia;BG;L894;0;3;0;2;2;7
Nord Est;Emilia-Romagna;PC;L897;1;4;10;5;13;33
Nord Ovest;Piemonte;TO;L898;0;6;25,75;8;20;59,75
Nord Est;Veneto;VE;L899;4;40,5;29;10;30,3;113,8
Nord Est;Veneto;PD;L900;2,87;57,5;64,67;39,19;64,99;229,22
Nord Ovest;Piemonte;AL;L904;0;3;8;2;7;20
Centro;Lazio;FR;L905;1;0;1;0;1;3
Nord Ovest;Piemonte;VB;L906;0;10,67;10,63;3,5;7;31,8
Nord Ovest;Lombardia;SO;L907;4,5;1;2;0;2,1;9,6
Nord Ovest;Lombardia;SO;L908;2;3;1,5;1;4;11,5
Nord Est;Friuli- Venezia Giulia;UD;L909;0;3,5;0,5;3;7;14
Nord Est;Veneto;VR;L912;1;5;15,71;10;27,5;59,21
Centro;Toscana;LU;L913;1;7;2;3;3;16
Isole;Sicilia;PA;L916;4;12;34;24,5;31;105,5
Nord Ovest;Lombardia;PV;L917;0;0;0;0;0;0
Nord Ovest;Lombardia;BS;L919;2,5;20,5;31,17;20,5;18,63;93,3
Sud;Puglia;BR;L920;10;9,75;6;3;5;33,75
Sud;Abruzzo;PE;L922;0;0;0;0;2;2
Nord Ovest;Lombardia;BS;L923;0;1;1;1;1,63;4,63
Isole;Sardegna;CA;L924;1;7,88;9,34;9;19,87;47,09
Centro;Toscana;LU;L926;0;3,5;2;0;5,5;11
Nord Ovest;Lombardia;MI;L928;1;20;25;13,11;17;76,11
Nord Ovest;Lombardia;BG;L929;3,03;8;14;9;14;48,03
Nord Ovest;Piemonte;AL;L931;1,5;2;0;2;11;16,5
Nord Ovest;Piemonte;BI;L933;0;1;0;1;3;5
Nord Est;Veneto;PD;L934;1;4;5;6;7,39;23,39
Nord Ovest;Lombardia;BG;L936;2,5;16,5;15,17;5;5;44,17
Nord Est;Veneto;PD;L937;2;3,22;1;3,22;10,16;19,6
Nord Ovest;Lombardia;BG;L938;4;6,67;3;1;2;16,67
Nord Est;Veneto;RO;L939;0;5;5,17;5,5;16;31,67
Nord Ovest;Piemonte;CN;L942;0;3;1;2,75;11,33;18,08
Nord Ovest;Liguria;IM;L943;0;4;3;2;0;9
Isole;Sicilia;AG;L944;1;3;1;1;0;6
Nord Ovest;Piemonte;AT;L945;0;6,5;6;1;13;26,5
Centro;Toscana;MS;L946;5;4;14;2;9,5;34,5
Nord Est;Veneto;PD;L947;0;17,5;22,49;25,5;39,92;105,41
Nord Ovest;Piemonte;TO;L948;0;3;5;10,5;19;37,5
Nord Est;Veneto;VR;L949;13;65;86,5;61;79,56;305,06
Isole;Sicilia;ME;L950;2;17,08;15;9,66;5,5;49,24
Isole;Sicilia;PA;L951;1;3;4;3,5;7,08;18,58
Nord Est;Veneto;VI;L952;0;3;3;1;8,5;15,5
Isole;Sardegna;NU;L953;1;1;0;0;1;3
Nord Ovest;Lombardia;CO;L956;6;19,67;17,5;14;9;66,17
Sud;Abruzzo;AQ;L958;4;3;0;1;2;10
Isole;Sicilia;CL;L959;1;2;3,8;0;2;8,8
Sud;Abruzzo;CH;L961;1;0;1;2;2,67;6,67
Nord Ovest;Piemonte;AL;L963;0;0;3;0;5;8
Sud;Abruzzo;CH;L964;2;0;1;4;5,8;12,8
Sud;Campania;AV;L965;0;0;2;0;0;2
Isole;Sardegna;CA;L966;0;0;0,25;1;3,91;5,16
Nord Est;Veneto;RO;L967;0;2;2;4;5;13
Isole;Sardegna;CA;L968;1;1;2,5;4,8;5,75;15,05
Nord Est;Emilia-Romagna;RE;L969;3;15;15;11,67;12,53;57,2
Nord Ovest;Piemonte;AL;L970;0;0;0;0;4;4
Nord Ovest;Piemonte;AL;L972;0;2;5;5;7;19
Sud;Campania;AV;L973;2;4;0;3;2;11
Nord Ovest;Piemonte;CN;L974;1;8;9;18;20,83;56,83
Nord Ovest;Liguria;SV;L975;4;2;5,25;4,25;2,75;18,25
Nord Ovest;Lombardia;LO;L977;0;3;13;13;3;32
Nord Ovest;Piemonte;BI;L978;0;0;0;0;0;0
Nord Est;Veneto;PD;L979;3;14;9,86;20,5;15,58;62,94
Nord Est;Emilia-Romagna;PC;L980;0;0;0;2;4,83;6,83
Nord Ovest;Valle d'Aosta;AO;L981;2;5;1;1;0;9
Nord Ovest;Piemonte;TO;L982;0;3,67;4,67;3;2;13,34
Nord Ovest;Lombardia;PV;L983;0;0;0;3,5;1;4,5
Nord Ovest;Piemonte;AT;L984;0;19;16;1;17;53
Nord Est;Veneto;RO;L985;0;1,5;4;7,5;4,5;17,5
Isole;Sardegna;CA;L986;0;0;0;0;1;1
Isole;Sardegna;CA;L987;0;0;0;2;1;3
Nord Est;Veneto;RO;L988;1;2;1;1;7,5;12,5
Isole;Sardegna;SS;L989;0;0;0;3;4,61;7,61
Nord Ovest;Piemonte;CN;L990;1;0;1;2;4;8
Isole;Sardegna;OR;L991;0;1;0;0,5;2;3,5
Isole;Sardegna;NU;L992;0;0;0;0,8;0;0,8
Nord Ovest;Lombardia;PV;L994;0;6;12;4;3;25
Nord Ovest;Lombardia;BS;L995;11;17;22,54;6;13,5;70,04
Isole;Sardegna;CA;L998;3;10;8,67;2;5;28,67
Nord Ovest;Piemonte;TO;L999;4;5;7;2;10,34;28,34
Nord Ovest;Piemonte;TO;M002;0,25;4;2;7;21;34,25
Nord Ovest;Piemonte;VC;M003;0;0;1;0;0;1
Nord Ovest;Piemonte;TO;M004;0;1;2;2;2,5;7,5
Nord Ovest;Piemonte;TO;M007;7;7;8;3;9;34
Nord Ovest;Piemonte;AL;M009;0;0;1;0;3;4
Isole;Sicilia;EN;M011;3;9,25;5,17;2;6,38;25,8
Nord Ovest;Piemonte;TO;M013;5;6;4;5;4,83;24,83
Nord Ovest;Piemonte;TO;M014;3,75;20,5;14,67;7;8,75;54,67
Nord Ovest;Piemonte;CN;M015;0,83;3;1;1;9,11;14,94
Isole;Sardegna;CA;M016;0;0;0;0;1;1
Nord Ovest;Lombardia;MB;M017;8;75,5;58,34;38,67;35,5;216,01
Sud;Calabria;RC;M018;3;20;21,61;16,56;18,5;79,67
Nord Ovest;Piemonte;AT;M019;0;0;0;1;2;3
Sud;Abruzzo;AQ;M021;0;0;1;0;0;1
Sud;Abruzzo;CH;M022;0;1;3,07;2;1;7,07
Sud;Abruzzo;AQ;M023;1;1;1;0;0;3
Isole;Sardegna;CA;M025;0;2,5;1;5,83;11,9;21,23
Isole;Sardegna;CA;M026;0;3;3,5;2,83;6;15,33
Nord Ovest;Piemonte;TO;M027;0;9;7;8;2;26
Nord Ovest;Piemonte;VC;M028;0;1;1;1;3;6
Isole;Sardegna;OR;M030;0;0;1;3;4;8
Sud;Abruzzo;AQ;M031;0;3;1;1;0;5
Nord Est;Veneto;VI;M032;2;8;7,76;6,92;14,5;39,18
Sud;Abruzzo;AQ;M041;2;4,5;5;1;0;12,5
Nord Ovest;Piemonte;VB;M042;0;0;1;0;0,75;1,75
Nord Ovest;Lombardia;MN;M044;0;3,5;3;5;8;19,5
Nord Ovest;Lombardia;BG;M045;1;17;21,73;11,5;14,33;65,56
Nord Est;Veneto;TV;M048;13;52;51,33;22,91;53,67;192,91
Nord Ovest;Lombardia;BG;M050;2,5;4;2,42;2;5,34;16,26
Nord Ovest;Lombardia;MB;M052;19,3;78,09;85,79;38;29,84;251,02
Nord Ovest;Lombardia;MI;M053;30,33;84,33;39;10,22;6,67;170,55
Nord Ovest;Piemonte;CN;M055;1;7,34;1,83;2;0;12,17
Sud;Molise;CB;M057;1;7;4,25;3;6;21,25
Nord Ovest;Piemonte;AT;M058;0;0;1;1;2;4
Centro;Toscana;FI;M059;3;27;36,86;26,17;34,73;127,76
Nord Ovest;Piemonte;TO;M060;4;55,5;64;19;55,33;197,83
Nord Ovest;Piemonte;NO;M062;0;0;3;1;2;6
Nord Ovest;Piemonte;CN;M063;105,03;30,04;3;5;0,05;143,12
Nord Ovest;Lombardia;BS;M065;7;15,5;3;0;0;25,5
Nord Ovest;Piemonte;TO;M069;1;3;1;2;7,22;14,22
Nord Ovest;Lombardia;BS;M070;1;0;0;0,67;3;4,67
Nord Ovest;Piemonte;TO;M071;0;2;0;3;8;13
Sud;Campania;NA;M072;2,67;2;1;2;5,17;12,84
Nord Ovest;Piemonte;AL;M077;2;6;3;4;4,6;19,6
Centro;Marche;MC;M078;1;0;0;0;0;1
Nord Ovest;Lombardia;PV;M079;0;3;1;2;2;8
Nord Ovest;Piemonte;TO;M080;0;1;0;0;4;5
Isole;Sicilia;TP;M081;0;1;0;1;3,5;5,5
Centro;Lazio;VT;M082;48,35;213,46;203,83;167,88;145,98;779,5
Centro;Lazio;FR;M083;0;0;0;0;0;0
Nord Est;Friuli- Venezia Giulia;PN;M085;1;4,11;2;2,56;4,22;13,89
Centro;Lazio;VT;M086;5;4,5;21,5;12,5;17,17;60,67
Isole;Sicilia;RG;M088;26,8;102,19;107,75;85,8;81,17;403,71
Nord Est;Veneto;TV;M089;13,04;43,19;87,7;63,58;87,5;295,01
Sud;Abruzzo;AQ;M090;1,33;1;0;0;3;5,33
Nord Ovest;Lombardia;MI;M091;3;35;33,5;10;10;91,5
Sud;Campania;CE;M092;4,5;9,99;8,5;24,66;11,75;59,4
Sud;Campania;BN;M093;2;1,43;1;2;1;7,43
Nord Ovest;Piemonte;TO;M094;7;16,67;7;3,5;3;37,17
Centro;Lazio;RM;M095;0;0;0;0;0;0
Nord Est;Friuli- Venezia Giulia;PN;M096;0;4;3;2;6,5;15,5
Nord Ovest;Piemonte;BI;M098;2;1;1;0;3;7
Isole;Sicilia;CT;M100;3,01;10,51;7;8,01;7,75;36,28
Nord Ovest;Lombardia;VA;M101;0;3;5;1;1;10
Nord Ovest;Lombardia;MI;M102;0;17,17;10;3;5;35,17
Nord Est;Veneto;PD;M103;2;5,27;8;4;16,22;35,49
Nord Ovest;Lombardia;BS;M104;1,75;84,67;23,33;12,17;13,08;135
Nord Ovest;Liguria;GE;M105;0;6;2;1;1;10
Nord Ovest;Piemonte;VC;M106;0;1;2;0;0;3
Nord Est;Veneto;BL;M108;3;5;0,9;1;0;9,9
Nord Ovest;Lombardia;PV;M109;15,5;118,95;134,17;77,25;51,33;397,2
Nord Est;Emilia-Romagna;FE;M110;2;5;12,33;3,17;18,01;40,51
Nord Ovest;Piemonte;VB;M111;0,5;3;2;2;5;12,5
Sud;Campania;NA;M115;10,25;15,26;48,25;38,5;23,44;135,7
Nord Ovest;Lombardia;CR;M116;0;0;1;0;1;2
Nord Est;Veneto;TV;M118;1;24,33;12;10,5;24,5;72,33
Nord Ovest;Lombardia;PV;M119;0;0;0;1;3;4
Nord Ovest;Piemonte;AL;M120;0;0,5;2;1;2;5,5
Nord Ovest;Piemonte;AL;M121;0;0;0;2;2;4
Nord Ovest;Piemonte;TO;M122;7,5;50;45;20,83;40,26;163,59
Nord Ovest;Piemonte;AL;M123;0;3,25;4;0;2;9,25
Nord Est;Veneto;BL;M124;1,5;9;1;2,5;3,17;17,17
Nord Ovest;Lombardia;MN;M125;2;21;11,33;11,83;25,67;71,83
Centro;Toscana;PI;M126;9;26,66;15,63;18,84;17,22;87,35
Nord Ovest;Lombardia;CR;M127;0;0;0;0;2;2
Sud;Campania;AV;M130;0;3,04;1;3,04;1,87;8,95
Sud;Puglia;FG;M131;0;0;1;1,87;0;2,87
Sud;Puglia;FG;M132;4;3;2;0;0;9
Nord Ovest;Piemonte;TO;M133;0;16,5;26;15;23,98;81,48
Nord Ovest;Piemonte;CN;M136;0;0;0;1;3;4
Sud;Calabria;VV;M138;0;0;1;0,33;0;1,33
Isole;Sicilia;CT;M139;0;7,33;10;9;12,17;38,5
Sud;Calabria;CZ;M140;1;3,33;0;3;0;7,33
Centro;Lazio;RM;M141;12,25;36,67;43,17;22,75;32;146,84
Sud;Calabria;VV;M143;3;20,17;10;0;3;36,17
Nord Ovest;Lombardia;BG;M144;4;12;7;7;7,2;37,2
Nord Est;Veneto;VI;M145;2;8;6;13,67;21,67;51,34
Nord Ovest;Lombardia;BG;M147;1;29,5;55,91;20,5;12,33;119,24
Nord Ovest;Lombardia;PV;M150;0;3,46;1,25;1,5;3;9,21
Nord Ovest;Lombardia;PV;M152;5;7;1,5;5;3;21,5
Isole;Sardegna;OR;M153;0;0;0;1;2;3
Nord Ovest;Lombardia;CO;M156;0;0;1;0;1;2
Nord Ovest;Lombardia;LO;M158;9,5;40;36,5;14,5;12,5;113
Nord Ovest;Lombardia;PV;M161;0;4;0;3;1,5;8,5
Nord Ovest;Lombardia;PV;M162;0;1;2;0;4;7
Nord Est;Veneto;TV;M163;0;3;3;3;8;17
Nord Est;Emilia-Romagna;PC;M165;0;1;1;2;1;5
Nord Ovest;Lombardia;PV;M166;0;0;0;0;0;0
Nord Ovest;Lombardia;PV;M167;0;0,5;8;4;8,08;20,58
Isole;Sardegna;OR;M168;2;0;0;0;2;4
Centro;Toscana;MS;M169;3;6,5;6;4;0,5;20
Nord Est;Veneto;VI;M170;0;0;1;3,33;4;8,33
Nord Est;Veneto;TV;M171;1;27;32,33;20;32,83;113,16
Nord Est;Veneto;VR;M172;0;40,17;52,1;50,67;53,85;196,79
Nord Ovest;Lombardia;MI;M176;2;30;28,3;10;6;76,3
Nord Ovest;Liguria;SP;M177;0;0;0;0;0,66;0,66
Nord Est;Veneto;VR;M178;0;1,5;5,83;4,5;13,5;25,33
Nord Ovest;Piemonte;BI;M179;0;1;0;1;1;3
Nord Ovest;Lombardia;PV;M180;0;2;3;3,5;13;21,5
Nord Ovest;Liguria;GE;M182;5;10,17;16;8;6,5;45,67
Nord Est;Emilia-Romagna;MO;M183;9,17;31,17;26,17;17,5;11,67;95,68
Nord Ovest;Lombardia;BG;M184;0;6,17;15,18;5,67;12,84;39,86
Nord Est;Emilia-Romagna;BO;M185;7;110,58;86,15;24;34,16;261,89
Sud;Puglia;LE;M187;0;0;1;1;3,75;5,75
Nord Ovest;Lombardia;BS;M188;2;5;1;0;2;10
Nord Est;Veneto;BL;M189;0;0;0;0;0;0
Nord Est;Friuli- Venezia Giulia;PN;M190;1;7,66;19,99;19,82;24,07;72,54
Nord Est;Veneto;VI;M194;1;0;1;0;2;4
Nord Ovest;Piemonte;BI;M196;1;1;2;2;3;9
Nord Ovest;Liguria;SV;M197;0;1,17;2;1;0;4,17
Nord Est;Veneto;VI;M199;0;10,5;11,57;14;27,22;63,29
Nord Est;Friuli- Venezia Giulia;UD;M200;0;0;0;0;2;2
Nord Ovest;Piemonte;BI;M201;0;2;0;4;5;11
Sud;Calabria;CS;M202;0;0;4;3;2;9
Sud;Campania;AV;M203;1;2;3,33;0,83;1;8,16
Sud;Calabria;VV;M204;1;3;1;1;1;7
Centro;Lazio;RM;M207;1;25;14;11,08;14,08;65,16
Sud;Calabria;CZ;M208;40,36;65,25;56,34;40,69;76,83;279,47
Isole;Sardegna;CA;M209;2;6;10;3;2;23
Isole;Sicilia;ME;M210;7;4;11;8;4,5;34,5
Isole;Sicilia;ME;M211;2;6;7;3;1,5;19,5
Centro;Lazio;RM;M212;41,93;299,2;175,67;49,41;36,18;602,39
Centro;Lazio;RM;M213;89,38;357,87;179,43;91,92;80,44;799,04
Isole;Sardegna;SS;M214;26;24;6,14;0;0,14;56,28
Sud;Campania;SA;M253;0,14;3;2;1;7,03;13,17
Sud;Abruzzo;AQ;M255;0;0;1,88;0;0;1,88
Sud;Basilicata;MT;M256;1;12,25;12;11;11,25;47,5
Isole;Sicilia;SR;M257;1,17;7,12;4,5;3,19;2,01;17,99
Centro;Umbria;TR;M258;0;0;0,75;1;3;4,75
Isole;Sardegna;SS;M259;5;5;2;0;2;14
Sud;Campania;CE;M260;2,67;2;1;3,67;10,13;19,47
Sud;Puglia;LE;M261;3,28;13,64;5;4;1;26,92
Sud;Puglia;LE;M263;17;83,57;66,46;27,34;17,33;211,7
Sud;Puglia;LE;M264;0;1;1;0;4,67;6,67
Nord Est;Friuli- Venezia Giulia;PN;M265;0;1;2,5;5,92;1;10,42
Sud;Puglia;FG;M266;2;1;4;0;1;8
Isole;Sicilia;PA;M268;0;1;1;0;2;4
Sud;Basilicata;PZ;M269;1;3;0,75;2;1;7,75
Isole;Sardegna;CA;M270;0;0;2;0;1;3
Isole;Sicilia;CT;M271;0;1,5;3;3;1;8,5
Centro;Lazio;RM;M272;20,44;173,96;172,07;45,67;22,83;434,97
Sud;Campania;NA;M273;1;12,73;10,5;8,5;4;36,73
Isole;Sardegna;SS;M274;19,24;34,34;12,5;6;4;76,08
Isole;Sardegna;SS;M275;7;46,12;15,52;11;4;83,64
Isole;Sardegna;SS;M276;0;0;0;2,5;1;3,5
Sud;Calabria;RC;M277;0;6;2;0;8;16
Isole;Sardegna;CA;M278;0;0;0,8;1;2;3,8
Isole;Sicilia;SR;M279;4,98;5;23,89;14,75;10;58,62
Sud;Campania;NA;M280;8;13,67;13,5;16;12,67;63,84
Isole;Sicilia;TP;M281;2;6;7,76;8;3;26,76
Isole;Sardegna;SS;M282;0;8;0;1,8;0;9,8
Isole;Sicilia;CT;M283;0;2;0;0;0;2
Isole;Sardegna;SS;M284;1;24,93;0;0;4;29,93
Isole;Sicilia;ME;M286;0;11,17;17;3,17;7,67;39,01
Isole;Sicilia;CT;M287;6,67;9;16,5;7,5;11,97;51,64
Isole;Sardegna;CA;M288;0;11,52;9,26;5,39;4,93;31,1
Sud;Campania;NA;M289;4;7;5;1;7;24
Isole;Sardegna;SS;M290;16,46;18,83;12;3;1;51,29
Isole;Sardegna;CA;M291;0,83;0;1;0;2,78;4,61
Isole;Sardegna;SS;M292;0;0;0;0;0;0
Sud;Campania;SA;M294;2;18;16,5;23,5;8,75;68,75
Centro;Lazio;RM;M295;5;42;39,4;14,25;13;113,65
Centro;Lazio;RM;M297;111,1;507,55;200,89;76,75;68,5;964,79
Sud;Puglia;TA;M298;0,9;11,7;18,5;12,01;28,47;71,58
Nord Est;Veneto;PD;M300;0;10;12,03;29,55;31,95;83,53
Isole;Sardegna;SS;M301;0;2;0;2;1;5
Nord Ovest;Piemonte;AT;M302;0;1;2;4;14,66;21,66
Nord Est;Veneto;VE;M308;33,58;131,01;39,5;22,75;18;244,84
Nord Ovest;Lombardia;BS;M312;15;83,5;68,57;27;48,09;242,16
Nord Ovest;Lombardia;CO;M315;3;14,99;20,66;5;3,33;46,98
Nord Ovest;Piemonte;TO;M316;2;31;32,83;5;10;80,83
Nord Est;Friuli- Venezia Giulia;UD;M317;0;16,5;12,5;14,5;19,72;63,22
Centro;Marche;AN;M318;2,11;23;16;15;12,17;68,28
Centro;Toscana;LU;M319;0;2;2;2;0,9;6,9
Nord Est;Emilia-Romagna;BO;M320;22,06;126,58;115,4;58,37;91,65;414,06
Centro;Toscana;FI;M321;12,5;69,23;71,29;36,5;46,48;236
Centro;Toscana;AR;M322;2;18,5;33,25;16;28,09;97,84
Nord Est;Emilia-Romagna;FE;M323;1;6,5;20,44;12;18,14;58,08
Nord Est;Emilia-Romagna;RN;M324;2;9;15,6;9,22;12;47,82
Nord Est;Emilia-Romagna;PR;M325;2;17;13;13,96;22,92;68,88
Centro;Toscana;FI;M326;4,5;22,3;30,76;21,17;18,75;97,48
Centro;Toscana;PI;M327;2;23,5;32;31,04;49,47;138,01
Centro;Toscana;PI;M328;0,83;15,5;15,17;15,67;17;64,17
Centro;Toscana;AR;M329;5;8,25;11;5,08;15,94;45,27
Sud;Campania;AV;M330;8;10,5;30;23,14;24,5;96,14
Centro;Marche;PS;M331;7,17;49,77;30,88;25,83;14,11;127,76
Nord Est;Veneto;BL;M332;1;3,5;5;3,6;2,5;15,6
Nord Ovest;Lombardia;BG;M333;6;14;14,95;9,78;9,5;54,23
Nord Ovest;Lombardia;BG;M334;1,5;4,97;10,13;2,61;7,01;26,22
Nord Ovest;Lombardia;CO;M335;8,5;33,5;6;11;12,83;71,83
Nord Ovest;Lombardia;CO;M336;0;9,5;16,5;3;15;44
Nord Ovest;Lombardia;LC;M337;7,66;21;26,21;3,86;9,8;68,53
Nord Ovest;Lombardia;PV;M338;1;1;1;3;1,13;7,13
Nord Ovest;Lombardia;VA;M339;11,75;28,25;25;10,5;17;92,5
Nord Ovest;Lombardia;MN;M340;5;44;30,8;27,82;41,07;148,69
Nord Ovest;Lombardia;CO;M341;6;29;26;11,5;7;79,5
Nord Est;Veneto;BL;M342;0,61;6,33;7,15;10;12,73;36,82
Nord Est;Friuli- Venezia Giulia;PN;M346;1;2;3,5;2;15,5;24
Centro;Toscana;LU;M347;0;2;1,5;2;3;8,5
Nord Ovest;Lombardia;LC;M348;3;5;11;4,33;11,39;34,72
Nord Est;Emilia-Romagna;RE;M364;39,5;30,83;13,61;14,34;10,56;108,84
Nord Est;Emilia-Romagna;PR;M367;0;3,5;2;5;10,25;20,75
Nord Est;Emilia-Romagna;RN;M368;3;18,83;17,5;10,95;10,5;60,78
Nord Est;Emilia-Romagna;BO;M369;4;17,16;24,08;17,25;16,16;78,65
Nord Ovest;Piemonte;VB;M370;5;2;1;2;0;10
Nord Ovest;Piemonte;BI;M371;3;8;1;5;10;27
Nord Ovest;Lombardia;PV;M372;0;5;9;4,5;2;20,5
Nord Ovest;Piemonte;BI;M373;0;2,58;1;3;8,66;15,24
Nord Est;Veneto;BL;M374;13,78;28,55;8;4;10,84;65,17
Nord Est;Veneto;BL;M375;6,83;12,42;6,44;7,89;25,93;59,51
Centro;Toscana;PT;M376;27;31,05;11;6,5;4;79,55
Centro;Toscana;PT;M377;6;19,77;29,25;10,1;13,01;78,13
Centro;Toscana;SI;M378;5;7,5;17,75;16,33;13,33;59,91
Centro;Marche;PS;M379;1;10;6;2,67;10,67;30,34
Centro;Marche;PS;M380;2;18,5;18;12,5;27;78
Nord Est;Emilia-Romagna;FE;M381;2;19,83;22,55;19,25;33,42;97,05
Centro;Marche;MC;M382;2;4;2;0,5;3;11,5
Nord Ovest;Lombardia;CO;M383;4;20;15,67;11,17;17;67,84
Nord Est;Veneto;VI;M384;1;5;6;2,5;13,28;27,78
Sud;Calabria;CS;M385;1;12,75;6;9;14;42,75
Nord Est;Emilia-Romagna;PC;M386;4;9,33;13,08;8,33;18,91;53,65
Nord Ovest;Liguria;IM;M387;3;2;3;1;0;9
Nord Ovest;Piemonte;AL;M388;1;4;8;4;9;26
Nord Ovest;Piemonte;VC;M389;1,65;3;1,5;1;1;8,15
Centro;Toscana;LI;M391;33;23,83;12,75;7,5;2;79,08
Centro;Toscana;AR;M392;1;4,5;12;3,3;6,3;27,1
Nord Ovest;Lombardia;LO;M393;0;1;3;1,5;1,5;7
Nord Ovest;Lombardia;CO;M394;3;14,5;5;7;8,5;38
Nord Ovest;Lombardia;LC;M395;0;7;4,5;2;1;14,5
Nord Ovest;Lombardia;MN;M396;1;8;9,69;6;14;38,69
Nord Ovest;Piemonte;AL;M397;1;3;1;3,5;4,5;13
Nord Ovest;Piemonte;VC;M398;3,42;2,83;1;5,33;4,5;17,08
Nord Est;Friuli- Venezia Giulia;UD;M399;1;1;0;0;2;4
Nord Est;Veneto;VI;M401;3;7,83;15,36;11,36;22,01;59,56
Nord Est;Veneto;PD;M402;0;3;8;8,5;19,5;39
Sud;Calabria;CS;M403;23,46;138,62;137,25;134,89;116,29;550,51
Nord Ovest;Piemonte;VB;M404;0;5;6;3;1;15
Nord Ovest;Piemonte;TO;M405;2;2;0;5;6;15
Nord Ovest;Lombardia;MN;M406;0;2;3;3;6,9;14,9
Centro;Toscana;FI;M408;6,5;22,5;30,07;17,83;34,09;110,99
Nord Est;Emilia-Romagna;FE;M409;3;18,5;11,5;4;14,33;51,33
Nord Est;Emilia-Romagna;FE;M410;0;4;6,25;13;13,9;37,15
Nord Est;Emilia-Romagna;PR;M411;5;30;29,67;22;36,38;123,05
Nord Ovest;Lombardia;CO;M412;2,33;7,67;22,08;7,62;16,5;56,2
Centro;Marche;PS;M413;2,89;3;7;8;9,64;30,53
Nord Ovest;Piemonte;BI;M414;0;0;0;2;2;4
Nord Ovest;Piemonte;TO;M415;9;9;3;5;5;31
Nord Ovest;Piemonte;NO;M416;2;7;6;9,5;16,42;40,92
Nord Ovest;Piemonte;BI;M417;2;16;22,5;19;20,5;80
Nord Ovest;Lombardia;CR;M418;0;5,5;5;4;17;31,5
Nord Ovest;Lombardia;PV;M419;1;6;2,75;5;4,67;19,42
Nord Ovest;Piemonte;AL;M420;0;0;0;2;6;8
Nord Est;Veneto;BL;M421;4,56;21;44,17;27,17;51,17;148,07
Nord Est;Veneto;TV;M422;0;6;7,93;1,5;22,27;37,7
Nord Est;Veneto;VI;M423;2;11,33;6,63;8;11;38,96
Nord Ovest;Lombardia;MI;M424;2;31;32,5;9,33;11,16;85,99
Nord Ovest;Lombardia;VA;M425;0;10;4;3,5;9;26,5
Nord Est;Veneto;VI;M426;0;5;6;6;11,17;28,17
Nord Est;Veneto;VI;M427;7;35,35;19,17;11,5;18,17;91,19
Sud;Puglia;LE;M428;2;2,33;8,85;13,78;29,16;56,12
