AREA;REGIONE;PROVINCIA;2020_CodCom;NTN_2020_Depositi_Pert;NTN_2020_Box
Nord Est;Veneto;PD;A001;10,17;245,51
Nord Ovest;Lombardia;LO;A004;0;2
Nord Ovest;Lombardia;LC;A005;5;31,58
Centro;Toscana;SI;A006;14,51;40,94
Isole;Sardegna;OR;A007;0,5;3
Sud;Abruzzo;PE;A008;1;0
Nord Ovest;Lombardia;MI;A010;71,66;330,16
Sud;Basilicata;PZ;A013;2;0
Isole;Sicilia;RG;A014;2;12,83
Sud;Puglia;FG;A015;3,78;13,89
Nord Ovest;Piemonte;CN;A016;1;1,5
Sud;Basilicata;MT;A017;5;2
Sud;Abruzzo;AQ;A018;2;0
Centro;Lazio;RI;A019;0;0
Sud;Basilicata;PZ;A020;1,17;2
Sud;Campania;SA;A023;7;5
Sud;Campania;NA;A024;37,2;198
Isole;Sicilia;CT;A025;1;15
Isole;Sicilia;CT;A026;14,84;101,24
Isole;Sicilia;CT;A027;11,75;131,33
Isole;Sicilia;CT;A028;32,31;206,14
Isole;Sicilia;CT;A029;6,5;51,66
Centro;Lazio;FR;A032;0;0
Sud;Calabria;CS;A033;0;0
Nord Ovest;Lombardia;BS;A034;0;11
Centro;Marche;PS;A035;1;5,66
Nord Ovest;Lombardia;MN;A038;0;7
Nord Ovest;Lombardia;CR;A039;1;3,94
Centro;Lazio;VT;A040;5;14
Sud;Calabria;CS;A041;2,5;2
Sud;Calabria;VV;A043;0;0
Centro;Marche;AP;A044;19,51;9,5
Centro;Umbria;TR;A045;3;18
Centro;Marche;AP;A047;4;10
Sud;Puglia;BA;A048;25,67;78,84
Isole;Sicilia;CL;A049;1,67;0
Sud;Molise;CB;A050;0;0
Sud;Molise;IS;A051;1;0
Nord Ovest;Piemonte;AL;A052;68,64;149,92
Sud;Calabria;CS;A053;8;3,2
Centro;Lazio;FR;A054;2;0
Sud;Puglia;BA;A055;18;65,5
Isole;Sicilia;CT;A056;30,86;72,91
Nord Ovest;Lombardia;BG;A057;3;11
Nord Ovest;Lombardia;BG;A058;0,34;5,35
Nord Est;Veneto;RO;A059;14,83;96,29
Nord Ovest;Lombardia;BS;A060;3;30
Nord Est;Veneto;VR;A061;2;14
Centro;Lazio;RM;A062;5;7
Sud;Campania;NA;A064;26,92;53,67
Sud;Calabria;RC;A065;0;0
Nord Est;Emilia-Romagna;PC;A067;9;7,75
Sud;Campania;NA;A068;5,85;5,02
Isole;Sardegna;SS;A069;0;0
Isole;Sicilia;EN;A070;7,89;12,84
Centro;Toscana;PT;A071;18;103,03
Nord Ovest;Piemonte;AT;A072;0;8
Nord Ovest;Piemonte;TO;A074;1;15,5
Nord Est;Veneto;PD;A075;0;16,08
Nord Ovest;Lombardia;CR;A076;0,5;21,5
Sud;Calabria;RC;A077;0;0
Sud;Molise;IS;A080;2;13
Centro;Lazio;FR;A081;0;0
Nord Ovest;Lombardia;BS;A082;0;4
Nord Est;Veneto;BL;A083;8,64;44,38
Centro;Lazio;RM;A084;2;1,5
Nord Ovest;Lombardia;VA;A085;0;2
Nord Ovest;Lombardia;MI;A087;21,9;143
Nord Ovest;Piemonte;NO;A088;2;26,94
Isole;Sicilia;AG;A089;37,84;53,42
Sud;Campania;SA;A091;23;95,08
Centro;Marche;AN;A092;5;19,5
Nord Est;Veneto;VI;A093;1;11
Nord Ovest;Valle d'Aosta;AO;A094;16,35;39
Nord Ovest;Lombardia;MI;A096;1;15
Isole;Sardegna;OR;A097;0;1
Isole;Sicilia;EN;A098;0;4
Sud;Abruzzo;AQ;A100;0;1
Sud;Campania;AV;A101;6;4
Sud;Calabria;CS;A102;0,96;0
Sud;Calabria;CS;A105;0;0
Sud;Campania;CE;A106;0;0
Nord Ovest;Piemonte;BI;A107;0;1
Nord Ovest;Valle d'Aosta;AO;A108;10;8
Nord Ovest;Piemonte;TO;A109;7;21
Sud;Campania;BN;A110;6;16
Nord Ovest;Liguria;IM;A111;2;1
Nord Ovest;Lombardia;LC;A112;3;17
Nord Ovest;Piemonte;CN;A113;2;2
Isole;Sardegna;SS;A115;0;0
Nord Ovest;Piemonte;TO;A117;2;4,5
Nord Ovest;Lombardia;PV;A118;1;6
Nord Ovest;Piemonte;VC;A119;2,86;32,25
Sud;Abruzzo;PE;A120;5;10
Nord Est;Veneto;BL;A121;2;11,25
Nord Ovest;Liguria;SV;A122;55,5;135,08
Centro;Lazio;FR;A123;8;8
Nord Ovest;Piemonte;CN;A124;64,66;275,4
Sud;Abruzzo;TE;A125;60,27;116,56
Isole;Sardegna;OR;A126;0;0
Nord Ovest;Lombardia;MI;A127;5,57;33,9
Sud;Campania;SA;A128;2;5
Nord Ovest;Lombardia;BG;A129;4,5;75,39
Nord Ovest;Piemonte;VC;A130;2;0
Sud;Basilicata;PZ;A131;4;1,83
Centro;Lazio;RM;A132;56,87;179,94
Nord Ovest;Lombardia;PV;A134;0;1,5
Nord Ovest;Lombardia;SO;A135;1;1
Nord Est;Veneto;VR;A137;4,5;41,27
Nord Est;Emilia-Romagna;PR;A138;2;6,33
Nord Ovest;Piemonte;CN;A139;0;0
Nord Ovest;Lombardia;CO;A143;10;39,67
Nord Ovest;Liguria;SV;A145;37,57;121,4
Nord Ovest;Piemonte;AL;A146;3;2
Sud;Puglia;BA;A149;21;31,17
Sud;Puglia;FG;A150;1;0
Nord Ovest;Lombardia;CO;A153;6;27,67
Nord Est;Veneto;VI;A154;3;12,5
Sud;Calabria;CZ;A155;3;1
Nord Ovest;Piemonte;TO;A157;2;7
Nord Ovest;Lombardia;MI;A159;15,17;75,33
Sud;Calabria;CS;A160;0;0
Nord Est;Veneto;PD;A161;5,83;382,95
Nord Est;Emilia-Romagna;RE;A162;1,43;69,58
Nord Ovest;Lombardia;BG;A163;24,5;140,36
Nord Ovest;Lombardia;CO;A164;5;27,5
Nord Ovest;Liguria;SV;A165;11,33;39,5
Nord Ovest;Liguria;SV;A166;21;48,07
Nord Ovest;Lombardia;VA;A167;3;37,58
Nord Ovest;Lombardia;PV;A171;0;5
Nord Ovest;Lombardia;SO;A172;15,59;9
Nord Ovest;Piemonte;AT;A173;0;4
Nord Ovest;Lombardia;PV;A175;3;29,5
Isole;Sicilia;TP;A176;23,45;78,77
Isole;Sicilia;ME;A177;3;0
Isole;Sardegna;OR;A180;0;4
Isole;Sicilia;AG;A181;6,33;0
Nord Ovest;Piemonte;AL;A182;128,14;629,84
Sud;Calabria;CS;A183;2;1
Sud;Puglia;LE;A184;7;9
Sud;Puglia;LE;A185;7,67;32
Sud;Campania;SA;A186;1;1
Sud;Abruzzo;AQ;A187;9,05;7,15
Nord Ovest;Lombardia;BS;A188;4;5
Nord Ovest;Piemonte;AL;A189;3;6
Nord Est;Emilia-Romagna;RA;A191;5;50,33
Isole;Sardegna;SS;A192;90,2;318,78
Nord Ovest;Lombardia;BG;A193;0,34;5,84
Isole;Sicilia;ME;A194;2;0
Isole;Sicilia;PA;A195;3,5;1
Sud;Basilicata;MT;A196;3,86;1
Nord Ovest;Piemonte;AL;A197;1;0
Nord Ovest;Piemonte;VC;A198;3;13,82
Sud;Campania;CE;A200;3;2
Isole;Sicilia;ME;A201;3;6
Isole;Sicilia;PA;A202;4;3
Isole;Sicilia;PA;A203;0;0
Isole;Sardegna;OR;A204;0;1
Nord Ovest;Valle d'Aosta;AO;A205;1;0
Nord Est;Veneto;BL;A206;7,83;23,63
Centro;Umbria;TR;A207;3;6
Sud;Puglia;LE;A208;3;6,75
Centro;Lazio;RM;A210;5;4
Nord Ovest;Lombardia;BG;A214;16,57;41,5
Nord Ovest;Lombardia;BG;A215;3,5;36,33
Nord Ovest;Lombardia;BG;A216;8;110,66
Nord Ovest;Lombardia;BG;A217;8;47,97
Nord Ovest;Piemonte;TO;A218;5;50,85
Nord Est;Veneto;VI;A220;0;11,05
Nord Ovest;Piemonte;TO;A221;0;2
Nord Ovest;Piemonte;TO;A222;33;181,72
Nord Est;Emilia-Romagna;PC;A223;2,5;35,07
Nord Ovest;Lombardia;CO;A224;1;19
Sud;Puglia;BA;A225;78,02;330,35
Nord Ovest;Liguria;SV;A226;3,04;14
Nord Ovest;Piemonte;AL;A227;0;2
Sud;Campania;AV;A228;5;1
Isole;Sicilia;PA;A229;2;8,5
Sud;Campania;SA;A230;8,5;12
Nord Est;Veneto;VI;A231;16;232,17
Centro;Marche;AP;A233;4,5;32,67
Sud;Calabria;CS;A234;0;0
Sud;Abruzzo;CH;A235;3;11
Nord Est;Veneto;VI;A236;0;7
Nord Est;Veneto;TV;A237;7;30
Nord Ovest;Piemonte;CN;A238;1;0
Isole;Sicilia;PA;A239;3;14
Sud;Calabria;CS;A240;2;1
Centro;Toscana;LU;A241;21;134,83
Centro;Umbria;TR;A242;5;5
Sud;Campania;CE;A243;2;1
Centro;Lazio;FR;A244;3;0
Nord Ovest;Piemonte;AL;A245;0;1
Nord Ovest;Lombardia;BG;A246;15;128,05
Nord Ovest;Lombardia;CO;A249;8,2;31,5
Sud;Campania;SA;A251;5,9;1
Centro;Marche;AP;A252;5,67;6,17
Sud;Calabria;CS;A253;12;30,67
Nord Est;Friuli- Venezia Giulia;UD;A254;1;5,6
Sud;Calabria;CZ;A255;1;0
Centro;Lazio;FR;A256;2;0
Sud;Calabria;CZ;A257;0;1
Centro;Lazio;RI;A258;5,2;5,49
Nord Ovest;Lombardia;BG;A259;2;18,5
Nord Ovest;Liguria;SP;A261;13,04;29
Centro;Umbria;TR;A262;18,67;57
Sud;Calabria;CS;A263;2;3
Nord Ovest;Piemonte;NO;A264;1;5
Sud;Campania;BN;A265;1;0
Nord Est;Friuli- Venezia Giulia;UD;A267;1;3
Sud;Campania;NA;A268;8;6
Centro;Lazio;FR;A269;18;43
Sud;Abruzzo;TE;A270;2;1
Centro;Marche;AN;A271;117,02;384,3
Sud;Calabria;CZ;A272;2;0
Nord Ovest;Lombardia;SO;A273;1;4
Nord Ovest;Piemonte;TO;A275;1;11,66
Nord Ovest;Liguria;SV;A278;69,52;158,66
Nord Ovest;Piemonte;BI;A280;5,5;19,17
Sud;Puglia;LE;A281;0;3,5
Nord Ovest;Piemonte;TO;A282;2;2
Nord Est;Friuli- Venezia Giulia;PN;A283;1;2
Sud;Campania;AV;A284;0;0
Sud;Puglia;BA;A285;141,46;403,64
Isole;Sardegna;SS;A287;0;0
Nord Ovest;Lombardia;BS;A288;4,5;4
Nord Ovest;Lombardia;VA;A290;5,02;39
Centro;Toscana;AR;A291;4;18
Nord Est;Veneto;VR;A292;1;36
Nord Ovest;Lombardia;BS;A293;5;19,83
Sud;Campania;SA;A294;26,27;81,48
Nord Ovest;Piemonte;TO;A295;5;9
Nord Est;Veneto;PD;A296;0;22,6
Centro;Lazio;RM;A297;7,38;46,5
Nord Ovest;Lombardia;CR;A299;0;4,67
Nord Ovest;Piemonte;AT;A300;1;12,67
Nord Ovest;Lombardia;LC;A301;2,13;11,83
Nord Est;Veneto;VE;A302;2;19
Sud;Calabria;RC;A303;0;0
Nord Ovest;Lombardia;BG;A304;3;46
Nord Ovest;Valle d'Aosta;AO;A305;8,25;8
Nord Ovest;Valle d'Aosta;AO;A308;2,33;4
Centro;Lazio;RM;A309;2;0
Centro;Lazio;FR;A310;8;19
Nord Ovest;Piemonte;AT;A312;0;1,22
Isole;Sicilia;ME;A313;1;0
Sud;Calabria;RC;A314;0,8;1
Centro;Lazio;RI;A315;2;3,5
Nord Ovest;Piemonte;VB;A317;6,5;2
Sud;Abruzzo;AQ;A318;0;0
Nord Ovest;Lombardia;CO;A319;1;10
Sud;Puglia;FG;A320;1;1
Sud;Basilicata;PZ;A321;6;2
Centro;Lazio;RM;A323;67,6;310,08
Nord Est;Emilia-Romagna;BO;A324;18;135
Nord Ovest;Piemonte;VB;A325;2;0
Nord Ovest;Valle d'Aosta;AO;A326;77,77;248,82
Centro;Marche;PS;A327;3;4,5
Sud;Campania;BN;A328;5;3
Centro;Marche;MC;A329;4;3
Sud;Campania;BN;A330;0;0
Nord Ovest;Lombardia;CO;A333;17,09;81,06
Centro;Marche;MC;A334;4;9,25
Centro;Marche;AP;A335;0;2,17
Nord Ovest;Lombardia;SO;A337;27,63;80,08
Nord Ovest;Liguria;IM;A338;9;2
Sud;Puglia;FG;A339;4,25;32,2
Sud;Calabria;CS;A340;0;0
Centro;Lazio;LT;A341;90,91;339,42
Sud;Campania;SA;A343;2,25;2
Nord Ovest;Liguria;IM;A344;0,67;0
Sud;Abruzzo;AQ;A345;221,26;370,22
Sud;Campania;AV;A347;0,75;4,66
Centro;Lazio;FR;A348;1;2
Sud;Puglia;LE;A350;4;6,5
Isole;Sicilia;AG;A351;11;3,5
Nord Ovest;Piemonte;AT;A352;0;0
Nord Est;Friuli- Venezia Giulia;PN;A354;2;2
Isole;Sardegna;NU;A355;12;52,36
Isole;Sardegna;OR;A357;0;2
Nord Ovest;Piemonte;VC;A358;1;1
Isole;Sardegna;CA;A359;6;14
Nord Est;Veneto;TV;A360;4,25;43
Centro;Lazio;FR;A363;1;3
Nord Ovest;Lombardia;BG;A365;5,64;34,09
Centro;Marche;AN;A366;7;14,72
Sud;Abruzzo;CH;A367;0;0
Isole;Sardegna;OR;A368;1;0
Centro;Toscana;GR;A369;15,21;17,5
Centro;Lazio;RM;A370;1;5
Nord Ovest;Lombardia;VA;A371;15;69
Nord Ovest;Liguria;SP;A373;24;32,5
Nord Est;Veneto;VR;A374;2,11;54,5
Nord Ovest;Lombardia;MI;A375;18;73,5
Nord Ovest;Lombardia;MI;A376;74,37;234,28
Nord Est;Veneto;VI;A377;2,5;47,66
Isole;Sardegna;SS;A379;0;0
Isole;Sardegna;OR;A380;0;0
Nord Ovest;Lombardia;SO;A382;2;7
Nord Ovest;Lombardia;BG;A383;3,73;27,13
Sud;Calabria;RC;A385;3;5
Sud;Calabria;VV;A386;3,14;0
Nord Ovest;Lombardia;PV;A387;2;2
Nord Ovest;Liguria;GE;A388;43,54;139,01
Nord Ovest;Lombardia;MI;A389;61,4;271,58
Centro;Toscana;AR;A390;138,86;530,97
Nord Ovest;Lombardia;CO;A391;13;18
Nord Est;Emilia-Romagna;BO;A392;15;101,75
Nord Est;Emilia-Romagna;FE;A393;18,02;127,2
Nord Ovest;Piemonte;CN;A394;1,5;8,5
Nord Ovest;Piemonte;CN;A396;0;3
Sud;Calabria;CZ;A397;0;0
Sud;Abruzzo;CH;A398;0;0
Sud;Campania;AV;A399;9,99;28,53
Nord Est;Veneto;RO;A400;1;9,17
Centro;Lazio;RM;A401;27;65,75
Sud;Abruzzo;CH;A402;2;0
Sud;Campania;CE;A403;4;9,17
Nord Ovest;Piemonte;TO;A405;0;2
Isole;Sardegna;NU;A407;0;0
Nord Ovest;Piemonte;VB;A409;0;13,5
Centro;Lazio;VT;A412;2;0
Nord Ovest;Lombardia;MI;A413;11,48;129,83
Nord Ovest;Piemonte;NO;A414;3;8
Sud;Basilicata;PZ;A415;4;1
Nord Ovest;Liguria;IM;A418;3;0
Isole;Sardegna;CA;A419;0;0
Centro;Lazio;FR;A421;1;0
Nord Ovest;Liguria;SV;A422;5;2,33
Nord Ovest;Valle d'Aosta;AO;A424;6;0
Sud;Puglia;LE;A425;3;2
Nord Ovest;Piemonte;VB;A427;0;2
Nord Ovest;Piemonte;NO;A429;52,33;239,01
Nord Ovest;Lombardia;CO;A430;12;30,25
Sud;Campania;BN;A431;2;3
Sud;Campania;BN;A432;3,5;0,75
Centro;Lazio;FR;A433;4;5,5
Nord Est;Veneto;PD;A434;0,96;16,46
Nord Est;Veneto;RO;A435;1;18,5
Nord Ovest;Piemonte;AL;A436;12,5;54,5
Centro;Marche;AP;A437;2;1
Nord Est;Veneto;PD;A438;1;10,63
Centro;Umbria;TR;A439;2,5;5,33
Nord Ovest;Lombardia;BG;A440;1;26
Nord Ovest;Lombardia;VA;A441;5,22;55,05
Nord Est;Veneto;BL;A443;10;12
Nord Est;Veneto;VI;A444;3;22
Sud;Abruzzo;TE;A445;0;0
Centro;Lazio;RM;A446;0;4,5
Nord Est;Friuli- Venezia Giulia;UD;A447;4,5;11
Nord Est;Friuli- Venezia Giulia;UD;A448;2,5;17,6
Centro;Lazio;RM;A449;7,33;31
Nord Ovest;Lombardia;BS;A451;11,5;70
Nord Ovest;Valle d'Aosta;AO;A452;0;0
Isole;Sardegna;SS;A453;21,76;94,6
Isole;Sardegna;NU;A454;0;0,5
Sud;Campania;NA;A455;9,72;15,5
Nord Est;Veneto;PD;A458;3;23
Nord Est;Veneto;VI;A459;13,2;220,97
Sud;Campania;SA;A460;7;30,5
Centro;Toscana;SI;A461;4;32
Centro;Marche;AP;A462;66,53;169,25
Sud;Puglia;FG;A463;5;11
Centro;Lazio;RI;A464;1;4
Nord Est;Veneto;VI;A465;15,33;95,12
Nord Ovest;Piemonte;VC;A466;5;7,5
Nord Est;Veneto;VI;A467;0;4,5
Centro;Toscana;SI;A468;11;49,97
Nord Ovest;Lombardia;MN;A470;4;61,58
Nord Est;Veneto;TV;A471;9;56,68
Centro;Lazio;RI;A472;3;6
Nord Ovest;Lombardia;MI;A473;19,17;126,51
Isole;Sardegna;CA;A474;19,5;104,63
Centro;Umbria;PG;A475;44,86;148,76
Nord Ovest;Lombardia;CO;A476;3;30,33
Isole;Sardegna;OR;A477;0;0
Isole;Sicilia;EN;A478;0,33;15,75
Nord Ovest;Piemonte;AT;A479;114,81;504,51
Isole;Sardegna;OR;A480;0;0
Sud;Abruzzo;AQ;A481;25;5
Sud;Basilicata;PZ;A482;7;4
Sud;Campania;SA;A484;2;2
Sud;Abruzzo;CH;A485;3,22;21,22
Centro;Lazio;FR;A486;7,23;13
Sud;Campania;SA;A487;0;0
Sud;Abruzzo;TE;A488;17;19
Sud;Campania;AV;A489;11,56;21
Centro;Umbria;TR;A490;3;2
Nord Est;Friuli- Venezia Giulia;UD;A491;2;6
Isole;Sardegna;NU;A492;1;1
Isole;Sicilia;SR;A494;11;108,69
Sud;Campania;SA;A495;3;1,5
Centro;Toscana;MS;A496;12,41;35,33
Nord Ovest;Piemonte;VB;A497;2;1
Nord Ovest;Liguria;IM;A499;1;0
Nord Est;Veneto;BL;A501;17,33;43,41
Centro;Lazio;FR;A502;2;1
Isole;Sardegna;NU;A503;0;0
Nord Ovest;Liguria;GE;A506;6;13
Sud;Campania;AV;A508;9;4
Sud;Campania;AV;A509;33,65;193,5
Nord Ovest;Lombardia;BG;A511;0,33;0
Sud;Campania;CE;A512;35;148,13
Sud;Puglia;TA;A514;1;5
Sud;Abruzzo;AQ;A515;36;139,91
Nord Est;Friuli- Venezia Giulia;PN;A516;21,78;85,67
Nord Ovest;Lombardia;BG;A517;0;30,34
Nord Ovest;Piemonte;TO;A518;17;110,44
Sud;Basilicata;PZ;A519;12,45;11,75
Nord Ovest;Valle d'Aosta;AO;A521;0;0
Isole;Sicilia;SR;A522;12,55;47,68
Nord Ovest;Piemonte;AL;A523;0;0
Nord Ovest;Piemonte;TO;A525;1;4
Nord Ovest;Lombardia;CR;A526;0;2
Nord Ovest;Piemonte;AT;A527;1;2
Nord Ovest;Lombardia;BG;A528;6,8;76,39
Nord Ovest;Lombardia;BS;A529;1;39,5
Nord Est;Friuli- Venezia Giulia;PN;A530;22;124,25
Nord Ovest;Lombardia;VA;A531;3,5;28,5
Nord Ovest;Lombardia;VA;A532;2;4,83
Nord Ovest;Lombardia;BG;A533;1;2
Nord Ovest;Piemonte;VB;A534;1;7
Sud;Campania;NA;A535;15;20
Nord Ovest;Liguria;IM;A536;10;1
Nord Ovest;Lombardia;PV;A538;0;2
Nord Est;Veneto;RO;A539;2;56,37
Nord Est;Veneto;VR;A540;2,78;7
Centro;Toscana;AR;A541;1,67;0
Sud;Calabria;CZ;A542;7;2,17
Sud;Calabria;RC;A544;3;0
Isole;Sicilia;PA;A546;21,55;75
Nord Est;Emilia-Romagna;RA;A547;16;85,36
Nord Ovest;Lombardia;PV;A550;2,16;1
Nord Est;Emilia-Romagna;RA;A551;0;19,34
Sud;Calabria;RC;A552;4;1,2
Nord Est;Friuli- Venezia Giulia;UD;A553;10;21,5
Nord Ovest;Piemonte;CN;A555;1;3
Nord Ovest;Lombardia;BG;A557;8,25;53,25
Centro;Toscana;LU;A560;10;11
Centro;Toscana;PT;A561;19,33;126,59
Centro;Toscana;PI;A562;46,42;176,83
Centro;Toscana;FI;A564;33,06;157,17
Nord Est;Emilia-Romagna;FO;A565;6,07;18,67
Sud;Campania;AV;A566;6,5;9
Sud;Molise;IS;A567;0;4
Nord Est;Veneto;PD;A568;1;17
Nord Ovest;Lombardia;BS;A569;13;92,03
Nord Ovest;Lombardia;CR;A570;3,84;52,17
Nord Ovest;Piemonte;CN;A571;31,51;71,55
Sud;Puglia;LE;A572;1;0
Nord Est;Emilia-Romagna;RE;A573;2;88,23
Nord Est;Veneto;RO;A574;0;4
Nord Ovest;Lombardia;MN;A575;3,5;66,5
Centro;Toscana;MS;A576;9;2
Centro;Lazio;VT;A577;5,5;10
Nord Ovest;Lombardia;BS;A578;2,95;13
Sud;Campania;CE;A579;4;3
Sud;Campania;AV;A580;2;6,11
Nord Ovest;Liguria;IM;A581;7;1
Nord Ovest;Piemonte;TO;A584;0;1,66
Nord Est;Emilia-Romagna;RE;A586;5;13,5
Nord Ovest;Piemonte;TO;A587;7;22
Nord Ovest;Piemonte;AT;A588;0;1
Nord Ovest;Piemonte;CN;A589;1;2
Nord Ovest;Piemonte;TO;A590;0;2
Nord Ovest;Piemonte;TO;A591;2,25;38,5
Isole;Sicilia;PA;A592;0,33;2,89
Nord Ovest;Liguria;SV;A593;1;1
Nord Ovest;Lombardia;LC;A594;2,34;36,23
Isole;Sardegna;CA;A597;0;0
Nord Ovest;Piemonte;TO;A599;0;3
Nord Ovest;Piemonte;VC;A600;0,8;0
Nord Ovest;Piemonte;VC;A601;0;1
Sud;Abruzzo;AQ;A603;1;8
Sud;Basilicata;PZ;A604;5;2
Nord Ovest;Piemonte;AL;A605;2,5;4
Isole;Sardegna;SS;A606;1;1
Nord Ovest;Piemonte;TO;A607;2,63;21
Isole;Sardegna;OR;A609;0;0
Nord Ovest;Piemonte;VB;A610;2;1
Sud;Basilicata;PZ;A612;0,5;1
Nord Est;Veneto;PD;A613;2;9,5
Isole;Sardegna;OR;A614;0;0
Sud;Basilicata;PZ;A615;2;1
Sud;Molise;CB;A616;0;4,9
Sud;Campania;NA;A617;6;1,25
Nord Ovest;Lombardia;MI;A618;12,63;63,17
Nord Ovest;Lombardia;VA;A619;6,5;16
Isole;Sardegna;OR;A621;0;0
Nord Ovest;Piemonte;TO;A625;1;7
Centro;Marche;AN;A626;1;2
Centro;Lazio;VT;A628;3;2
Nord Ovest;Piemonte;CN;A629;3;4
Nord Ovest;Lombardia;BS;A630;2;9,5
Nord Ovest;Lombardia;BG;A631;0;8,25
Centro;Toscana;FI;A632;11,03;61,26
Nord Ovest;Lombardia;PV;A634;1;4,67
Nord Est;Veneto;PD;A637;0;1
Isole;Sicilia;ME;A638;13,53;27,07
Nord Est;Friuli- Venezia Giulia;PN;A640;2;0
Nord Ovest;Valle d'Aosta;AO;A643;0;0
Nord Ovest;Lombardia;VA;A645;0,5;13,5
Nord Est;Emilia-Romagna;PR;A646;7,36;15,89
Nord Ovest;Liguria;SV;A647;3;3,5
Nord Est;Veneto;VR;A650;6,58;94,9
Nord Ovest;Piemonte;TO;A651;28,17;151
Nord Ovest;Lombardia;MI;A652;34,84;178,67
Nord Ovest;Piemonte;NO;A653;0;2
Isole;Sardegna;OR;A655;0;0
Sud;Abruzzo;AQ;A656;0;0
Centro;Toscana;LU;A657;6,5;20,67
Nord Ovest;Liguria;GE;A658;9;4,5
Nord Ovest;Piemonte;CN;A660;14;30,94
Nord Ovest;Lombardia;BS;A661;1;4
Sud;Puglia;BA;A662;347,31;1495,79
Isole;Sardegna;NU;A663;1;0
Nord Ovest;Lombardia;BG;A664;2;23
Nord Est;Emilia-Romagna;BO;A665;4,5;56,97
Sud;Basilicata;PZ;A666;3;7
Sud;Abruzzo;AQ;A667;5;4
Nord Ovest;Lombardia;MI;A668;18;72,47
Sud;Puglia;BA;A669;81,45;390,45
Nord Ovest;Lombardia;CO;A670;0;1
Nord Ovest;Piemonte;CN;A671;2;4
Nord Ovest;Piemonte;TO;A673;0;1
Sud;Campania;SA;A674;15,25;64,6
Isole;Sicilia;EN;A676;8;12,67
Isole;Sardegna;CA;A677;0;0
Sud;Abruzzo;AQ;A678;1;5
Isole;Sardegna;CA;A681;0;0
Nord Ovest;Lombardia;LC;A683;5,04;20,2
Nord Ovest;Lombardia;BG;A684;1,66;25,25
Nord Ovest;Lombardia;LC;A686;6;36,49
Nord Ovest;Lombardia;LC;A687;10,11;31,91
Nord Ovest;Piemonte;AL;A689;4;11
Nord Ovest;Lombardia;PV;A690;1;5
Centro;Umbria;TR;A691;5;12
Sud;Abruzzo;TE;A692;0;3,68
Sud;Campania;BN;A696;1;0
Nord Ovest;Lombardia;MI;A697;7;30,5
Isole;Sicilia;ME;A698;1;0
Nord Ovest;Lombardia;MI;A699;16;121
Nord Est;Friuli- Venezia Giulia;UD;A700;4;26,5
Centro;Lazio;VT;A701;8,02;6
Nord Ovest;Lombardia;BS;A702;0;18,5
Nord Est;Veneto;VI;A703;36,37;422,58
Centro;Lazio;VT;A704;4;8,5
Nord Ovest;Lombardia;VA;A705;0;2
Centro;Lazio;VT;A706;4;1,67
Centro;Lazio;LT;A707;1,75;0,75
Nord Ovest;Piemonte;AL;A708;4;16
Nord Ovest;Piemonte;CN;A709;3;6
Centro;Umbria;PG;A710;19,66;136,65
Nord Ovest;Lombardia;PV;A712;1;10
Nord Est;Emilia-Romagna;MO;A713;7;48,33
Nord Est;Veneto;PD;A714;0;17
Nord Ovest;Piemonte;CN;A716;0;0
Sud;Campania;SA;A717;29,8;179,26
Nord Ovest;Lombardia;PV;A718;0;3
Isole;Sicilia;PA;A719;1;1
Centro;Lazio;FR;A720;2;5
Isole;Sardegna;OR;A721;0;0
Isole;Sardegna;NU;A722;1;3
Nord Ovest;Piemonte;VB;A725;5,05;56,55
Nord Ovest;Lombardia;VA;A728;0;5
Nord Ovest;Lombardia;BS;A729;5,95;110,82
Nord Est;Emilia-Romagna;PR;A731;4,18;18,25
Nord Ovest;Lombardia;BG;A732;2,66;3
Nord Ovest;Piemonte;VB;A733;6;6,17
Nord Ovest;Piemonte;TO;A734;18,17;152,98
Nord Ovest;Piemonte;CN;A735;5;24,5
Sud;Calabria;CZ;A736;1;2
Nord Est;Veneto;VR;A737;5;25,5
Nord Ovest;Piemonte;AL;A738;0;3
Centro;Marche;MC;A739;2;5,5
Centro;Marche;PS;A740;0;2
Nord Ovest;Lombardia;PV;A741;7;45
Nord Ovest;Piemonte;VB;A742;2;3
Sud;Basilicata;PZ;A743;9,75;3
Nord Ovest;Lombardia;LC;A745;10,71;48,38
Sud;Abruzzo;TE;A746;9,33;20,33
Nord Est;Emilia-Romagna;RN;A747;25,07;153,15
Centro;Lazio;RM;A749;4,5;3
Nord Ovest;Piemonte;CN;A750;1;0
Nord Ovest;Lombardia;MI;A751;5,84;51,34
Nord Ovest;Piemonte;NO;A752;3,06;75
Sud;Campania;CE;A755;1,87;20,38
Sud;Campania;SA;A756;2;0
Nord Est;Veneto;BL;A757;59,08;239,03
Nord Ovest;Lombardia;MI;A759;8,83;75,25
Centro;Marche;AP;A760;0;0,75
Sud;Molise;IS;A761;0;0,5
Sud;Calabria;CS;A762;4;2
Centro;Lazio;FR;A763;0,5;0,5
Isole;Sicilia;PA;A764;0;0
Centro;Lazio;RI;A765;2;0
Isole;Sicilia;CT;A766;21,83;68,88
Sud;Calabria;CS;A768;2;0
Centro;Marche;AN;A769;0,8;6,63
Nord Ovest;Piemonte;AT;A770;0;0,67
Nord Est;Emilia-Romagna;BO;A771;3,87;16,83
Sud;Calabria;KR;A772;0;0
Sud;Calabria;CS;A773;8;26,68
Nord Ovest;Piemonte;CN;A774;0;0,5
Isole;Sardegna;NU;A776;0;0
Nord Ovest;Lombardia;SO;A777;0;1
Nord Ovest;Lombardia;CO;A778;1;1
Nord Ovest;Piemonte;CN;A779;4,5;18,67
Sud;Calabria;RC;A780;0;0
Isole;Sardegna;SS;A781;0,67;0
Nord Ovest;Piemonte;CN;A782;1;0
Sud;Campania;BN;A783;47,87;124,46
Nord Ovest;Piemonte;BI;A784;1;7,3
Nord Est;Emilia-Romagna;BO;A785;4;70,91
Nord Ovest;Lombardia;BG;A786;6;17,5
Nord Ovest;Lombardia;SO;A787;13;14,11
Nord Est;Emilia-Romagna;PR;A788;12;22,7
Isole;Sardegna;SS;A789;4;2
Nord Ovest;Lombardia;CO;A791;6,34;22,84
Nord Ovest;Lombardia;PV;A792;1;27,5
Nord Ovest;Piemonte;AL;A793;2;1
Nord Ovest;Lombardia;BG;A794;240,61;1956,31
Nord Est;Veneto;RO;A795;3;12,67
Nord Ovest;Liguria;SV;A796;5,08;28,58
Nord Ovest;Piemonte;CN;A798;0;0
Nord Ovest;Lombardia;BS;A799;2,93;21,5
Sud;Basilicata;MT;A801;13;46
Nord Ovest;Lombardia;MI;A802;50,33;165,3
Nord Ovest;Lombardia;MI;A804;2,29;17,25
Nord Ovest;Piemonte;CN;A805;2;29
Nord Est;Emilia-Romagna;FO;A809;12,33;80,05
Nord Est;Friuli- Venezia Giulia;UD;A810;4;18,22
Nord Ovest;Lombardia;LO;A811;1;5
Nord Ovest;Piemonte;AT;A812;0;2
Nord Ovest;Piemonte;AL;A813;0;0
Nord Ovest;Lombardia;BG;A815;0,22;15,94
Nord Ovest;Lombardia;BS;A816;1;1
Nord Ovest;Lombardia;BS;A817;6,02;9,8
Nord Ovest;Lombardia;MI;A818;17;124,69
Nord Ovest;Lombardia;VA;A819;3,5;18,49
Nord Ovest;Lombardia;MI;A820;1;21
Nord Est;Emilia-Romagna;PC;A823;2;9
Nord Ovest;Lombardia;VA;A825;1;45,44
Nord Ovest;Lombardia;VA;A826;5,02;59,03
Isole;Sardegna;SS;A827;0;0
Nord Est;Emilia-Romagna;PC;A831;6,67;20,13
Centro;Umbria;PG;A832;1,7;7
Nord Ovest;Piemonte;VB;A834;0;4
Centro;Umbria;PG;A835;5;19,14
Nord Ovest;Liguria;SP;A836;5,66;1
Nord Est;Veneto;VR;A837;3;8
Isole;Sicilia;CT;A841;15;23,55
Sud;Calabria;CS;A842;0;0
Sud;Calabria;RC;A843;1;2
Nord Ovest;Piemonte;NO;A844;0;7,5
Nord Ovest;Lombardia;VA;A845;1;18,5
Nord Ovest;Lombardia;BG;A846;7;21
Nord Ovest;Piemonte;VC;A847;4;8
Nord Ovest;Lombardia;SO;A848;4;0
Nord Ovest;Lombardia;MI;A849;24,25;122,8
Nord Est;Emilia-Romagna;RE;A850;6;106,5
Centro;Toscana;AR;A851;10,17;54,28
Centro;Toscana;LI;A852;5,01;20
Nord Ovest;Piemonte;TO;A853;5,11;24,99
Sud;Puglia;FG;A854;2;4
Nord Est;Friuli- Venezia Giulia;UD;A855;1;8
Isole;Sardegna;OR;A856;0;0
Centro;Lazio;VT;A857;6,23;5,98
Nord Ovest;Piemonte;BI;A859;140,4;360,76
Nord Ovest;Lombardia;BS;A861;4,5;14,7
Centro;Toscana;PI;A864;16;56,5
Nord Ovest;Lombardia;CO;A870;10,8;58,23
Nord Ovest;Lombardia;MI;A872;4;56
Sud;Puglia;BA;A874;4;18
Nord Ovest;Piemonte;BI;A876;3;2
Nord Ovest;Valle d'Aosta;AO;A877;0;2
Nord Ovest;Lombardia;BS;A878;0;3
Isole;Sardegna;NU;A880;0,78;0
Sud;Campania;AV;A881;3;6,56
Isole;Sicilia;PA;A882;14,67;4,5
Sud;Puglia;BA;A883;143,21;233,07
Sud;Abruzzo;AQ;A884;2;0
Sud;Abruzzo;TE;A885;2;1
Sud;Calabria;CS;A887;3;1
Nord Ovest;Piemonte;AL;A889;4,35;4,75
Nord Ovest;Lombardia;VA;A891;11;25
Sud;Puglia;BA;A892;14,33;65,25
Sud;Puglia;BA;A893;72,03;146,47
Sud;Puglia;BA;A894;21,67;79,2
Isole;Sardegna;NU;A895;0,5;0
Isole;Sicilia;AG;A896;1;2
Sud;Calabria;RC;A897;0;0
Nord Ovest;Lombardia;CO;A898;3;15
Nord Ovest;Lombardia;BG;A903;0;0
Nord Ovest;Lombardia;CO;A904;1;2
Nord Ovest;Lombardia;CO;A905;7,05;14
Nord Est;Veneto;PD;A906;1,34;9,34
Nord Est;Emilia-Romagna;PC;A909;11;36,11
Nord Ovest;Piemonte;TO;A910;2;7
Nord Ovest;Piemonte;NO;A911;0,75;4,25
Sud;Calabria;CS;A912;0;0
Nord Ovest;Piemonte;VC;A914;1;1
Nord Ovest;Lombardia;VA;A918;1;19
Nord Ovest;Lombardia;LO;A919;0;12,5
Nord Ovest;Lombardia;MI;A920;8,11;38,2
Nord Ovest;Liguria;GE;A922;15;36
Nord Ovest;Piemonte;VB;A925;4;0
Nord Ovest;Piemonte;NO;A929;3;9
Sud;Molise;CB;A930;8;18
Nord Ovest;Liguria;SV;A931;4,64;20,5
Nord Ovest;Liguria;SP;A932;9;11
Nord Ovest;Lombardia;BG;A937;8,73;79,97
Nord Ovest;Lombardia;MI;A940;69,15;307,4
Nord Ovest;Piemonte;TO;A941;6;15
Sud;Basilicata;MT;A942;3;18
Nord Est;Emilia-Romagna;BO;A944;1225,99;2850,97
Sud;Abruzzo;PE;A945;3,84;0
Isole;Sicilia;PA;A946;1;1
Centro;Marche;MC;A947;0;3
Isole;Sardegna;NU;A948;0;2
Centro;Lazio;VT;A949;4,5;10,22
Nord Ovest;Lombardia;BG;A950;4;80,5
Nord Ovest;Piemonte;NO;A953;5;8,66
Nord Est;Veneto;VI;A954;1;69,5
Centro;Lazio;VT;A955;2;2
Sud;Abruzzo;CH;A956;3;2,33
Isole;Sicilia;CL;A957;0;0
Isole;Sicilia;PA;A958;3;2
Nord Est;Emilia-Romagna;MO;A959;8,25;135,74
Isole;Sardegna;OR;A960;0;1
Nord Ovest;Liguria;SP;A961;3,03;11,18
Nord Ovest;Lombardia;BG;A962;6,17;65,67
Nord Ovest;Lombardia;BG;A963;17;143,95
Nord Est;Veneto;VR;A964;2;16
Nord Est;Emilia-Romagna;FE;A965;6;79,16
Sud;Campania;BN;A970;1;0
Sud;Molise;CB;A971;0;1
Nord Ovest;Lombardia;CR;A972;4;6,5
Sud;Calabria;CS;A973;3;2
Sud;Campania;AV;A975;2;5
Isole;Sardegna;SS;A976;0;1
Isole;Sardegna;SS;A977;1;3,25
Isole;Sardegna;SS;A978;1,67;1
Nord Ovest;Piemonte;CN;A979;0;0
Centro;Lazio;RI;A981;1;3
Nord Est;Veneto;BL;A982;12;23,5
Nord Est;Friuli- Venezia Giulia;UD;A983;1;4
Nord Ovest;Liguria;IM;A984;48,26;166,43
Nord Ovest;Lombardia;CR;A986;0;8
Nord Est;Emilia-Romagna;PR;A987;1;6,33
Nord Est;Emilia-Romagna;RE;A988;10;44
Nord Ovest;Lombardia;PV;A989;2;41,08
Nord Ovest;Piemonte;TO;A990;18;95,59
Isole;Sicilia;PA;A991;8;4
Nord Ovest;Liguria;SP;A992;2;2
Nord Ovest;Liguria;IM;A993;2;0
Nord Ovest;Lombardia;LO;A995;7;35,17
Centro;Lazio;RI;A996;2;4,67
Nord Ovest;Piemonte;AL;A998;6;9
Nord Ovest;Liguria;SV;A999;48,92;150,25
Nord Est;Emilia-Romagna;FO;B001;9;87
Sud;Calabria;CZ;B002;13;4
Nord Ovest;Piemonte;TO;B003;0;1,17
Nord Ovest;Liguria;SV;B005;20;41,67
Centro;Toscana;LU;B007;16,83;10,98
Centro;Lazio;RI;B008;6,5;5
Nord Ovest;Piemonte;VC;B009;6;8
Nord Ovest;Lombardia;BG;B010;1;8
Nord Ovest;Lombardia;MN;B012;0;31
Nord Ovest;Lombardia;PV;B014;0,5;0
Nord Ovest;Piemonte;TO;B015;10,25;20
Nord Ovest;Piemonte;NO;B016;0;11,17
Nord Ovest;Lombardia;LO;B017;4;22,5
Nord Ovest;Piemonte;CN;B018;0;2
Nord Ovest;Piemonte;NO;B019;22;169,44
Nord Ovest;Liguria;IM;B020;5;0
Nord Ovest;Piemonte;TO;B021;0;5
Nord Ovest;Piemonte;TO;B024;4;10,46
Nord Est;Emilia-Romagna;PC;B025;5;44,08
Centro;Marche;PS;B026;1;1
Nord Ovest;Lombardia;PV;B028;1;6,08
Nord Ovest;Piemonte;AL;B029;0;0
Nord Ovest;Lombardia;PV;B030;1;3
Nord Est;Veneto;PD;B031;3;67,5
Nord Ovest;Piemonte;CN;B033;29,29;94,19
Nord Est;Emilia-Romagna;PR;B034;55,67;257,48
Nord Ovest;Lombardia;BS;B035;3,3;29,57
Centro;Toscana;FI;B036;55,1;120,16
Nord Ovest;Piemonte;AL;B037;2;8
Nord Ovest;Lombardia;PV;B038;0,5;8
Nord Ovest;Lombardia;BS;B040;7,5;79
Nord Ovest;Piemonte;VC;B041;30;109,13
Nord Est;Emilia-Romagna;PR;B042;6,73;26,33
Nord Ovest;Piemonte;NO;B043;5;34,5
Nord Est;Emilia-Romagna;BO;B044;8;19,5
Nord Ovest;Piemonte;VC;B046;2;14,49
Nord Ovest;Liguria;SV;B048;1;1
Nord Ovest;Lombardia;SO;B049;38,55;44,17
Nord Ovest;Lombardia;PV;B051;1;30,5
Nord Ovest;Lombardia;BS;B054;3;45,42
Isole;Sardegna;OR;B055;0;0
Isole;Sardegna;NU;B056;2;2
Sud;Abruzzo;CH;B057;0;1
Nord Ovest;Piemonte;BI;B058;0;5
Nord Est;Veneto;TV;B061;1;28,26
Isole;Sardegna;NU;B062;1;1
Isole;Sardegna;SS;B063;0;1
Isole;Sardegna;SS;B064;1;0
Nord Ovest;Liguria;GE;B067;4;4
Isole;Sardegna;NU;B068;14,38;8,7
Nord Est;Veneto;RO;B069;1,51;9
Nord Est;Veneto;VR;B070;0;1
Nord Ovest;Piemonte;AL;B071;0;4
Nord Est;Veneto;VR;B073;3,83;57,33
Nord Ovest;Piemonte;TO;B075;5;21,67
Sud;Campania;NA;B076;12,69;25,83
Sud;Campania;NA;B077;10;8,5
Nord Ovest;Piemonte;CN;B079;0;1
Nord Ovest;Piemonte;AL;B080;4;0
Nord Ovest;Lombardia;LC;B081;0;21,66
Nord Ovest;Lombardia;PV;B082;2;4
Nord Ovest;Lombardia;BG;B083;1;5
Nord Ovest;Piemonte;CN;B084;1;5
Sud;Calabria;CZ;B085;0;2
Sud;Puglia;LE;B086;2,5;2
Nord Ovest;Lombardia;BG;B088;11;69,83
Nord Ovest;Lombardia;BS;B091;12;73
Isole;Sardegna;SS;B094;0,12;0
Sud;Calabria;RC;B097;0;0
Sud;Calabria;RC;B098;2;1
Sud;Calabria;RC;B099;1;3
Nord Ovest;Lombardia;BS;B100;4,88;7,66
Nord Ovest;Piemonte;CN;B101;12,39;45,83
Nord Ovest;Lombardia;BS;B102;2;70,4
Sud;Puglia;FG;B104;5;4
Nord Ovest;Lombardia;MI;B105;40,83;180,26
Nord Est;Veneto;PD;B106;0,08;24,61
Nord Est;Veneto;VR;B107;17,23;141,5
Nord Ovest;Piemonte;AL;B109;0;0
Nord Ovest;Lombardia;MN;B110;0;21,6
Nord Ovest;Piemonte;CN;B111;83,68;285,21
Nord Ovest;Lombardia;BG;B112;1,5;7,34
Centro;Lazio;RM;B114;57,97;106,8
Sud;Campania;SA;B115;6,18;4
Nord Ovest;Lombardia;PV;B117;6;8
Sud;Calabria;RC;B118;2;2
Nord Ovest;Lombardia;BS;B120;3;20,5
Nord Ovest;Piemonte;TO;B121;9,5;84,56
Nord Ovest;Lombardia;BG;B123;1;13,67
Nord Ovest;Lombardia;BS;B124;0;3,5
Nord Ovest;Lombardia;VA;B126;5;20,25
Nord Est;Veneto;TV;B128;3,5;56,5
Nord Ovest;Lombardia;CR;B129;2,13;51,39
Nord Ovest;Lombardia;VA;B131;2;4
Nord Est;Veneto;VI;B132;0,5;32,9
Nord Ovest;Lombardia;CO;B134;7;48,22
Nord Ovest;Lombardia;BG;B137;8,08;85,05
Nord Ovest;Lombardia;BG;B138;25,58;87,83
Nord Ovest;Lombardia;LO;B141;6;31,5
Nord Ovest;Lombardia;PV;B142;0;2
Nord Est;Veneto;VI;B143;3,33;40,44
Nord Ovest;Lombardia;CO;B144;3;14,5
Nord Ovest;Lombardia;BS;B149;11;23,5
Nord Ovest;Lombardia;VA;B150;1;11
Nord Est;Veneto;VR;B152;0;2
Nord Est;Veneto;VR;B154;15,33;37,47
Nord Est;Emilia-Romagna;RE;B156;6;41,66
Nord Ovest;Lombardia;BS;B157;239,32;1767,4
Nord Ovest;Lombardia;PV;B159;8,5;21
Nord Est;Veneto;VI;B161;0;18,89
Nord Ovest;Lombardia;MI;B162;68;220,56
Nord Ovest;Lombardia;VA;B166;6;26,33
Nord Ovest;Piemonte;CN;B167;0;0
Sud;Calabria;VV;B169;0,33;0
Nord Ovest;Piemonte;TO;B171;4,84;39,91
Nord Ovest;Lombardia;CO;B172;1;0
Sud;Basilicata;PZ;B173;1;1
Nord Ovest;Piemonte;CN;B175;2;1
Nord Ovest;Piemonte;NO;B176;2;18,5
Nord Ovest;Lombardia;BG;B178;5,5;56,5
Nord Ovest;Piemonte;AL;B179;1;1
Sud;Puglia;BR;B180;62,25;424,3
Sud;Basilicata;PZ;B181;1;0
Nord Ovest;Lombardia;VA;B182;1;5,5
Nord Ovest;Piemonte;NO;B183;2;6
Nord Ovest;Lombardia;BS;B184;0;5
Nord Ovest;Lombardia;MI;B187;9;60,08
Nord Est;Emilia-Romagna;RA;B188;10,79;29,46
Nord Ovest;Lombardia;VA;B191;0;1,8
Nord Ovest;Valle d'Aosta;AO;B192;0;8,33
Sud;Abruzzo;PE;B193;0;0
Nord Ovest;Lombardia;LC;B194;5;26,65
Centro;Lazio;FR;B195;0;0
Nord Est;Veneto;VI;B196;6;39,4
Sud;Calabria;VV;B197;0;0
Isole;Sicilia;ME;B198;14;14
Nord Ovest;Piemonte;CN;B200;1;1
Nord Ovest;Lombardia;PV;B201;20,72;73,15
Isole;Sicilia;CT;B202;37,84;28,84
Nord Ovest;Piemonte;CN;B204;1;9
Nord Ovest;Piemonte;TO;B205;0;0
Nord Ovest;Piemonte;VB;B207;1;8
Nord Ovest;Piemonte;TO;B209;0;10
Nord Ovest;Lombardia;MI;B212;131,23;401,3
Nord Est;Veneto;PD;B213;4,5;81,17
Nord Ovest;Liguria;SP;B214;3,25;2
Nord Est;Friuli- Venezia Giulia;PN;B215;6,83;56,33
Nord Ovest;Piemonte;TO;B216;5;73,5
Nord Ovest;Lombardia;BG;B217;0;3
Nord Ovest;Lombardia;CO;B218;14,25;6,5
Nord Ovest;Lombardia;VA;B219;2;4
Nord Ovest;Piemonte;AT;B221;0;1
Nord Ovest;Lombardia;BG;B223;4,5;56,25
Nord Ovest;Piemonte;TO;B225;2;6
Sud;Campania;NA;B227;13,67;28
Nord Ovest;Lombardia;VA;B228;2;21,51
Nord Ovest;Piemonte;BI;B229;1,67;5
Nord Ovest;Valle d'Aosta;AO;B230;8,67;8,84
Nord Ovest;Piemonte;TO;B232;0;10
Sud;Calabria;RC;B234;0;0
Nord Ovest;Lombardia;MI;B235;0;29,5
Nord Ovest;Piemonte;AT;B236;1;3
Isole;Sicilia;SR;B237;2;6
Sud;Abruzzo;CH;B238;5;4
Sud;Campania;BN;B239;0;0
Nord Ovest;Lombardia;MI;B240;53,24;324,37
Sud;Campania;SA;B242;7;1
Centro;Toscana;AR;B243;10,89;48,62
Isole;Sardegna;SS;B246;1,04;1
Nord Est;Friuli- Venezia Giulia;PN;B247;2;19
Isole;Sardegna;NU;B248;5;48,16
Nord Est;Emilia-Romagna;BO;B249;35,26;201,35
Isole;Sardegna;CA;B250;0;5
Centro;Toscana;PT;B251;2,25;48,5
Nord Ovest;Lombardia;SO;B255;2;3,83
Sud;Abruzzo;AQ;B256;1;2
Nord Ovest;Lombardia;VA;B258;2,34;27,93
Nord Est;Friuli- Venezia Giulia;UD;B259;8;42,17
Nord Ovest;Lombardia;LC;B261;5;27,5
Nord Ovest;Lombardia;CO;B262;2,78;51,84
Isole;Sardegna;SS;B264;0;0
Isole;Sardegna;SS;B265;0;0
Sud;Campania;SA;B266;0;0
Sud;Campania;BN;B267;1;1
Sud;Abruzzo;CH;B268;0;0
Centro;Toscana;SI;B269;1;17
Sud;Calabria;CS;B270;1,5;1,5
Nord Ovest;Lombardia;MI;B272;1,5;47,67
Isole;Sardegna;CA;B274;0;0
Isole;Sicilia;AG;B275;8,5;1
Isole;Sardegna;SS;B276;3;0
Nord Ovest;Piemonte;TO;B278;1;4
Nord Ovest;Piemonte;TO;B279;2;6
Nord Ovest;Piemonte;VC;B280;3;3
Isole;Sardegna;OR;B281;0;0
Nord Ovest;Liguria;GE;B282;10;27,5
Nord Ovest;Piemonte;TO;B284;3;8
Nord Ovest;Piemonte;CN;B285;16,1;69,67
Nord Ovest;Lombardia;MI;B286;11;62
Isole;Sicilia;SR;B287;2;0,92
Isole;Sicilia;TP;B288;1;0
Nord Ovest;Lombardia;MI;B289;10,17;76,17
Nord Ovest;Lombardia;MI;B292;50;123,67
Nord Est;Emilia-Romagna;PR;B293;4;35,5
Sud;Abruzzo;PE;B294;2;6,5
Sud;Molise;CB;B295;2;3
Nord Est;Veneto;VR;B296;58,08;217,89
Nord Ovest;Piemonte;TO;B297;8,26;30,5
Nord Ovest;Lombardia;VA;B300;156,25;865,88
Nord Ovest;Lombardia;MI;B301;30,04;164,8
Isole;Sicilia;CL;B302;4;9
Centro;Toscana;PI;B303;12,98;20,13
Nord Est;Veneto;VR;B304;8,25;58,52
Nord Ovest;Piemonte;TO;B305;12;51,92
Nord Ovest;Piemonte;AT;B306;0;10
Nord Est;Friuli- Venezia Giulia;UD;B309;3;27,5
Nord Ovest;Lombardia;BG;B310;5,5;39,5
Nord Ovest;Piemonte;AL;B311;1;3
Nord Ovest;Lombardia;VA;B312;2;3,5
Nord Ovest;Lombardia;CO;B313;10,5;39,06
Isole;Sardegna;OR;B314;1;3
Isole;Sicilia;PA;B315;6;3,5
Sud;Molise;IS;B317;3;0
Sud;Calabria;KR;B319;5;1
Nord Ovest;Lombardia;VA;B326;2;15
Nord Est;Emilia-Romagna;RE;B328;4;89,03
Nord Est;Emilia-Romagna;PC;B332;3;48
Nord Est;Veneto;PD;B345;4;157,11
Nord Ovest;Lombardia;CO;B346;18,22;82,9
Nord Est;Veneto;TV;B349;2;50
Nord Ovest;Piemonte;TO;B350;3,56;23,5
Sud;Campania;SA;B351;4;2
Centro;Marche;PS;B352;6;7
Isole;Sardegna;CA;B354;211,38;744,97
Nord Ovest;Lombardia;CO;B355;1;6
Sud;Puglia;FG;B357;4;8,5
Sud;Abruzzo;AQ;B358;0;1
Sud;Campania;CE;B361;4;2
Sud;Campania;CE;B362;8;18
Nord Ovest;Lombardia;BS;B365;1,65;16
Nord Ovest;Lombardia;SO;B366;1,44;6,33
Sud;Campania;AV;B367;3,5;1
Nord Ovest;Lombardia;VA;B368;5,5;53,54
Nord Ovest;Liguria;SV;B369;29,5;65,42
Sud;Campania;NA;B371;11,15;98,88
Sud;Campania;AV;B374;0;2,08
Nord Est;Veneto;BL;B375;4;14
Nord Ovest;Piemonte;AT;B376;1;11
Isole;Sicilia;AG;B377;3;0
Isole;Sardegna;SS;B378;0;2
Sud;Calabria;RC;B379;0;0
Nord Ovest;Piemonte;VB;B380;1;3
Isole;Sicilia;EN;B381;3;2,67
Sud;Abruzzo;AQ;B382;1;1
Isole;Sardegna;CA;B383;4;3
Isole;Sicilia;CT;B384;6,75;17,17
Isole;Sicilia;TP;B385;8,5;14
Nord Ovest;Lombardia;PV;B387;1;14
Centro;Lazio;VT;B388;1,5;1
Centro;Toscana;PI;B390;14,33;39,5
Sud;Basilicata;MT;B391;4;0
Centro;Toscana;PI;B392;14,56;85,88
Nord Ovest;Lombardia;BG;B393;4;44,29
Nord Ovest;Lombardia;BS;B394;9,7;83,58
Nord Ovest;Lombardia;BG;B395;7,98;40
Nord Ovest;Lombardia;LC;B396;6,46;68,42
Centro;Marche;MC;B398;0;4,5
Nord Est;Emilia-Romagna;BO;B399;11;170,45
Nord Est;Veneto;VR;B402;13,58;96,47
Nord Est;Veneto;VI;B403;4;82,75
Nord Est;Emilia-Romagna;PC;B405;1;17
Centro;Toscana;FI;B406;52,02;219,47
Nord Est;Emilia-Romagna;PR;B408;7,33;14,43
Nord Ovest;Liguria;SV;B409;2,77;7
Nord Ovest;Liguria;SP;B410;1;0
Sud;Puglia;LE;B413;1,33;12,67
Sud;Campania;AV;B415;2;2,5
Nord Ovest;Liguria;SV;B416;10;6
Nord Ovest;Piemonte;BI;B417;1;0
Nord Ovest;Piemonte;AT;B418;0;6
Nord Ovest;Lombardia;LC;B423;15,27;90,84
Sud;Calabria;CS;B424;2;0
Nord Ovest;Piemonte;AT;B425;3;0
Sud;Calabria;CS;B426;0;0
Isole;Sicilia;AG;B427;9;1,5
Isole;Sicilia;CT;B428;20;61,03
Isole;Sicilia;CL;B429;48,74;106,24
Isole;Sicilia;PA;B430;3;0
Nord Ovest;Piemonte;NO;B431;6,67;15,67
Nord Est;Veneto;RO;B432;0;0
Nord Est;Veneto;VI;B433;0;13,34
Nord Ovest;Lombardia;BG;B434;2,5;64,74
Nord Ovest;Piemonte;TO;B435;28;95,5
Nord Ovest;Lombardia;BS;B436;2,5;31
Sud;Campania;SA;B437;2;7
Nord Ovest;Lombardia;CR;B439;0;1
Sud;Basilicata;PZ;B440;4,83;5
Nord Est;Veneto;VI;B441;3;5
Nord Ovest;Lombardia;BG;B442;1;39,5
Sud;Basilicata;PZ;B443;0;0
Sud;Campania;BN;B444;1;3
Sud;Campania;CE;B445;5,07;5
Centro;Umbria;TR;B446;7,39;7,22
Nord Ovest;Lombardia;PV;B447;0;0
Nord Ovest;Lombardia;MI;B448;1;11
Nord Ovest;Lombardia;BS;B450;1,78;50,76
Sud;Campania;NA;B452;3,5;8,5
Nord Ovest;Piemonte;AL;B453;0;2
Centro;Toscana;LU;B455;53,64;108,45
Nord Ovest;Piemonte;BI;B457;0;3
Isole;Sicilia;AG;B460;2;1
Nord Ovest;Lombardia;MI;B461;18,14;89,08
Nord Ovest;Piemonte;TO;B462;13;58
Nord Ovest;Piemonte;VB;B463;3;7,5
Nord Ovest;Piemonte;BI;B465;0;4,5
Sud;Molise;IS;B466;1;0,5
Nord Ovest;Piemonte;CN;B467;0;2
Centro;Marche;AN;B468;8,37;24,05
Nord Ovest;Piemonte;AT;B469;0;0
Centro;Marche;AN;B470;1,5;26,9
Nord Ovest;Lombardia;BG;B471;0;8
Centro;Lazio;RM;B472;0,5;0
Nord Ovest;Piemonte;NO;B473;8;138,75
Centro;Marche;MC;B474;2;14,5
Sud;Campania;SA;B476;2,83;1
Sud;Campania;CE;B477;1;4
Sud;Calabria;RC;B481;2;0
Nord Ovest;Piemonte;AL;B482;1;2
Nord Est;Friuli- Venezia Giulia;UD;B483;3;6
Nord Ovest;Lombardia;CR;B484;5,33;8,33
Nord Est;Veneto;VI;B485;7,67;137,34
Isole;Sicilia;AG;B486;3,92;1,5
Nord Ovest;Liguria;GE;B490;15,5;36,17
Nord Ovest;Valle d'Aosta;AO;B491;0;0
Sud;Campania;SA;B492;10,88;13,12
Nord Est;Veneto;VE;B493;3;63,5
Sud;Campania;CE;B494;1;1
Centro;Lazio;RM;B496;14,67;15,59
Centro;Toscana;GR;B497;2;1
Nord Ovest;Lombardia;CR;B498;0;2
Nord Est;Emilia-Romagna;RE;B499;5;53
Sud;Calabria;CS;B500;0;0
Nord Ovest;Lombardia;MI;B501;2;17,5
Nord Est;Emilia-Romagna;RE;B502;1;30
Centro;Umbria;PG;B504;1;8
Nord Ovest;Piemonte;VC;B505;1;1
Sud;Puglia;LE;B506;5;9,92
Centro;Toscana;FI;B507;30,5;339,31
Centro;Toscana;LI;B509;30,38;101,54
Nord Ovest;Piemonte;TO;B510;1;2
Nord Est;Veneto;VI;B511;0;7,58
Nord Ovest;Piemonte;TO;B512;1;10
Nord Ovest;Lombardia;CO;B513;10;18,7
Sud;Abruzzo;TE;B515;2;6
Sud;Calabria;RC;B516;1;8,5
Sud;Molise;CB;B519;68,21;226,08
Isole;Sicilia;AG;B520;5,26;6
Isole;Sicilia;TP;B521;5;1
Sud;Molise;CB;B522;0;0
Nord Est;Veneto;PD;B524;6,25;171,01
Sud;Abruzzo;AQ;B526;5;14,78
Centro;Lazio;LT;B527;0;1
Sud;Molise;CB;B528;1;3,5
Nord Ovest;Lombardia;SO;B530;7,28;14,67
Nord Est;Veneto;PD;B531;0;15,5
Isole;Sicilia;PA;B532;5;10,03
Isole;Sicilia;PA;B533;0;0
Centro;Marche;AP;B534;3,33;9,5
Isole;Sicilia;PA;B535;1,67;3
Nord Est;Friuli- Venezia Giulia;UD;B536;5,5;54,83
Isole;Sicilia;CL;B537;1;1
Nord Ovest;Liguria;GE;B538;3,5;9,5
Nord Est;Emilia-Romagna;MO;B539;10,09;97,64
Nord Ovest;Valle d'Aosta;AO;B540;7;6,13
Sud;Campania;BN;B541;0;0
Sud;Campania;BN;B542;0;1
Centro;Lazio;FR;B543;2;1
Sud;Molise;CB;B544;5;1
Nord Est;Veneto;VE;B546;4,2;78,6
Sud;Basilicata;PZ;B549;6;2,5
Sud;Molise;CB;B550;3;35
Nord Ovest;Liguria;GE;B551;16,33;6,5
Centro;Toscana;LI;B553;10,89;16
Nord Est;Veneto;VE;B554;7;118,36
Sud;Campania;SA;B555;2;0
Isole;Sicilia;PA;B556;1;1,33
Centro;Toscana;LU;B557;2;2
Nord Ovest;Liguria;IM;B559;16,75;21,5
Isole;Sicilia;CT;B561;2,67;31,5
Centro;Marche;MC;B562;0;1
Nord Est;Veneto;PD;B563;7;74,5
Nord Est;Veneto;PD;B564;0;37
Sud;Campania;NA;B565;6,67;9
Nord Est;Emilia-Romagna;MO;B566;5;21
Nord Ovest;Lombardia;PV;B567;0;5
Sud;Abruzzo;AQ;B569;0;9
Nord Est;Emilia-Romagna;BO;B572;8;20,21
Nord Ovest;Piemonte;CN;B573;5;29,77
Nord Est;Veneto;BL;B574;6,67;8,5
Centro;Lazio;RM;B576;6,75;10,5
Nord Est;Veneto;RO;B578;6;22,5
Sud;Basilicata;PZ;B580;1;0
Sud;Campania;CE;B581;3;4
Nord Est;Veneto;RO;B582;0;3,5
Sud;Puglia;FG;B584;5,77;0
Nord Ovest;Piemonte;BI;B586;7;48,67
Nord Ovest;Lombardia;PV;B587;1;8
Nord Ovest;Piemonte;TO;B588;0;3
Nord Est;Veneto;PD;B589;0;8,27
Sud;Campania;AV;B590;2;1
Sud;Calabria;RC;B591;1;0
Nord Ovest;Piemonte;TO;B592;7;67
Nord Ovest;Lombardia;MI;B593;19,5;108,72
Nord Ovest;Piemonte;AT;B594;13,5;48,34
Centro;Lazio;RI;B595;2;0,5
Centro;Lazio;VT;B597;8,5;10,33
Nord Est;Friuli- Venezia Giulia;PN;B598;8,5;35,5
Isole;Sicilia;AG;B602;35,79;23,83
Isole;Sicilia;SR;B603;0,67;10,42
Centro;Lazio;VT;B604;9,5;13
Nord Ovest;Piemonte;TO;B605;0;2
Sud;Abruzzo;AQ;B606;2;0
Sud;Calabria;CS;B607;2;1
Sud;Campania;SA;B608;0;0
Centro;Umbria;PG;B609;1;10,5
Nord Ovest;Piemonte;VB;B610;5;9,58
Nord Ovest;Lombardia;MN;B612;0,02;23,5
Nord Ovest;Lombardia;PV;B613;3,66;1,66
Nord Ovest;Piemonte;VB;B615;14,5;25,5
Sud;Puglia;LE;B616;2;0
Sud;Calabria;RC;B617;0;0
Nord Ovest;Lombardia;BG;B618;2,5;36
Sud;Puglia;BA;B619;24,5;109,46
Sud;Abruzzo;CH;B620;0;0
Nord Ovest;Piemonte;CN;B621;0;0
Sud;Abruzzo;AQ;B624;0;0
Centro;Toscana;PO;B626;4,33;21,5
Centro;Lazio;RI;B627;3;3
Nord Ovest;Piemonte;TO;B628;3;21
Nord Ovest;Piemonte;AL;B629;4;3
Sud;Molise;IS;B630;0;0
Centro;Lazio;RI;B631;3,5;4
Centro;Lazio;RM;B632;1;1
Nord Ovest;Piemonte;AT;B633;1;0
Nord Ovest;Lombardia;VA;B634;13,85;75,13
Centro;Lazio;RM;B635;0;0
Centro;Marche;PS;B636;3,46;2
Nord Ovest;Piemonte;TO;B637;3;6
Nord Ovest;Lombardia;CO;B639;66,1;369,64
Sud;Abruzzo;TE;B640;1;0
Nord Ovest;Lombardia;CO;B641;19;43,7
Nord Est;Veneto;VE;B642;55,83;328,96
Nord Est;Emilia-Romagna;PC;B643;0;16,5
Sud;Campania;SA;B644;16,24;42,5
Isole;Sicilia;PA;B645;11,83;10
Centro;Toscana;GR;B646;1;18,5
Centro;Toscana;PI;B647;7,17;46
Centro;Toscana;LU;B648;52,68;134,83
Centro;Lazio;RM;B649;12;45,59
Nord Ovest;Lombardia;CR;B650;1,1;13,6
Sud;Abruzzo;AQ;B651;1;4
Nord Ovest;Lombardia;CO;B653;5;44,25
Sud;Calabria;VV;B655;0;0
Sud;Abruzzo;AQ;B656;0;5
Sud;Abruzzo;AQ;B658;0;1
Isole;Sicilia;ME;B660;0;0
Nord Ovest;Lombardia;BG;B661;2;13
Nord Est;Veneto;BL;B662;9;46,44
Centro;Lazio;VT;B663;3;8
Nord Ovest;Lombardia;BS;B664;0;8,77
Isole;Sicilia;ME;B666;13,27;20
Sud;Campania;CE;B667;6;20,34
Centro;Toscana;LI;B669;7,17;28
Centro;Toscana;AR;B670;9;27,94
Nord Ovest;Lombardia;MI;B671;2;46,22
Sud;Abruzzo;AQ;B672;1;0
Sud;Campania;AV;B674;11,93;9,62
Isole;Sardegna;CA;B675;5;24,5
Nord Ovest;Lombardia;BS;B676;0;2,67
Sud;Abruzzo;AQ;B677;14,33;7
Nord Est;Veneto;TV;B678;6,67;24,17
Nord Ovest;Lombardia;CR;B679;0;0
Nord Ovest;Lombardia;CR;B680;0;2,83
Sud;Abruzzo;PE;B681;3;19
Sud;Molise;IS;B682;0,33;2,17
Centro;Toscana;FI;B684;13,5;64,17
Centro;Toscana;LI;B685;0;1
Nord Ovest;Lombardia;CR;B686;0;19,16
Centro;Lazio;RM;B687;2;3
Centro;Lazio;VT;B688;16;20
Nord Est;Emilia-Romagna;BO;B689;11,5;61,83
Sud;Puglia;LE;B690;1;1
Centro;Lazio;VT;B691;13,67;17
Nord Ovest;Piemonte;CN;B692;0;0
Centro;Toscana;AR;B693;6;1,67
Nord Ovest;Piemonte;VB;B694;2;0
Isole;Sicilia;ME;B695;4;6
Sud;Campania;NA;B696;5,2;0
Nord Ovest;Lombardia;BS;B698;11;60,77
Nord Ovest;Piemonte;AL;B701;1;11
Nord Ovest;Lombardia;BG;B703;17,5;105,92
Sud;Campania;CE;B704;0;0
Nord Ovest;Piemonte;TO;B705;2;9,83
Sud;Campania;AV;B706;3;0
Nord Ovest;Piemonte;AT;B707;0;1,5
Nord Ovest;Piemonte;BI;B708;0;0
Nord Est;Veneto;VR;B709;8,61;52,63
Nord Ovest;Lombardia;BG;B710;9,06;31,8
Nord Ovest;Lombardia;BS;B711;8;104,02
Sud;Campania;CE;B715;13,5;30,57
Sud;Puglia;BA;B716;22,5;95
Sud;Calabria;CZ;B717;1;0
Sud;Calabria;RC;B718;0;0
Nord Ovest;Piemonte;CN;B719;15,83;44,67
Nord Ovest;Piemonte;CN;B720;1;11,5
Sud;Abruzzo;PE;B722;2;3
Sud;Puglia;FG;B724;3;16
Sud;Abruzzo;AQ;B725;0;1
Nord Ovest;Liguria;GE;B726;7,75;15,5
Centro;Marche;AP;B727;0;3,58
Nord Ovest;Lombardia;MI;B729;40,72;181,31
Nord Ovest;Lombardia;CO;B730;5;14,62
Nord Ovest;Lombardia;BG;B731;10;149,51
Nord Ovest;Lombardia;VA;B732;2;20
Nord Ovest;Piemonte;TO;B733;1;6
Nord Ovest;Liguria;IM;B734;3;0
Centro;Lazio;VT;B735;2;3,25
Nord Ovest;Piemonte;AL;B736;2;7,33
Isole;Sardegna;CA;B738;11;76,7
Sud;Campania;NA;B740;1;3,5
Nord Ovest;Lombardia;PV;B741;1;10
Nord Ovest;Lombardia;CO;B742;1,04;21,58
Sud;Basilicata;PZ;B743;0;1
Nord Est;Veneto;TV;B744;18,03;111,72
Isole;Sardegna;CA;B745;12;15
Nord Ovest;Liguria;SV;B748;9,5;33
Nord Est;Veneto;PD;B749;0;0,5
Nord Ovest;Piemonte;VC;B752;0,67;0
Nord Ovest;Lombardia;VA;B754;8,83;150,71
Nord Ovest;Piemonte;CN;B755;1;1
Sud;Calabria;RC;B756;0;0
Sud;Calabria;CZ;B758;0;0
Sud;Campania;NA;B759;5,83;53,75
Centro;Toscana;LU;B760;0;1
Nord Ovest;Piemonte;TO;B762;5;0
Nord Ovest;Lombardia;LC;B763;0,5;2
Nord Ovest;Piemonte;AL;B765;0;1,32
Sud;Calabria;RC;B766;0;0
Nord Ovest;Piemonte;VC;B767;6,5;8
Nord Ovest;Piemonte;VC;B768;0;8,52
Nord Ovest;Piemonte;AL;B769;1;3
Sud;Calabria;KR;B771;0;0
Isole;Sardegna;SS;B772;0;0
Sud;Calabria;CS;B774;5,13;3,5
Sud;Campania;AV;B776;1;1
Nord Ovest;Piemonte;TO;B777;17;63,71
Nord Ovest;Lombardia;CO;B778;3;18,13
Sud;Campania;CE;B779;3,6;11
Isole;Sicilia;PA;B780;18;9
Sud;Campania;CE;B781;1;10,94
Nord Ovest;Piemonte;VC;B782;1;3
Sud;Puglia;FG;B784;1;0
Nord Ovest;Lombardia;CO;B785;7;17
Isole;Sicilia;SR;B787;10,5;71,13
Nord Est;Friuli- Venezia Giulia;UD;B788;4;11,75
Isole;Sardegna;CA;B789;10;3
Sud;Calabria;CZ;B790;0;0
Nord Ovest;Piemonte;TO;B791;17,6;195
Sud;Puglia;LE;B792;0,5;14,25
Centro;Toscana;PO;B794;12;91,02
Nord Est;Veneto;PD;B795;11;47,67
Nord Ovest;Lombardia;VA;B796;12,42;59,97
Nord Ovest;Lombardia;MI;B798;20,5;88,43
Nord Ovest;Lombardia;BG;B801;4;73,4
Sud;Calabria;CS;B802;3;1
Nord Ovest;Lombardia;BG;B803;2;9
Isole;Sicilia;ME;B804;13,5;3,42
Nord Ovest;Lombardia;VA;B805;36,78;248,1
Nord Ovest;Lombardia;VA;B807;5;35,83
Sud;Puglia;TA;B808;1,5;13
Sud;Puglia;BR;B809;29;42,89
Sud;Molise;IS;B810;2;1
Nord Est;Emilia-Romagna;PC;B812;9;58,89
Sud;Calabria;CS;B813;1;0
Centro;Marche;PS;B816;3;10,5
Nord Ovest;Lombardia;BS;B817;8;89,92
Nord Ovest;Piemonte;AL;B818;1;3
Nord Est;Emilia-Romagna;MO;B819;88,07;829,98
Nord Ovest;Lombardia;MI;B820;3;65,66
Sud;Puglia;LE;B822;3;2
Nord Ovest;Piemonte;NO;B823;4,17;12,01
Nord Ovest;Lombardia;PV;B824;1,5;61,43
Nord Est;Emilia-Romagna;RE;B825;9,74;24,5
Sud;Abruzzo;CH;B826;1;1
Sud;Abruzzo;PE;B827;1;1
Centro;Lazio;RM;B828;3;8
Sud;Puglia;FG;B829;1;5
Sud;Molise;IS;B830;1,02;1,5
Centro;Toscana;MS;B832;72,11;142,49
Nord Est;Veneto;VI;B835;0;22,34
Nord Ovest;Piemonte;AL;B836;3;0
Nord Ovest;Liguria;SP;B838;2;0
Nord Ovest;Liguria;SP;B839;0,17;1,5
Nord Ovest;Piemonte;AL;B840;1;1
Nord Ovest;Piemonte;CN;B841;17;37
Sud;Abruzzo;AQ;B842;8,5;16,5
Nord Est;Veneto;VI;B844;0;11,6
Nord Ovest;Piemonte;CN;B845;0;0,2
Centro;Marche;PS;B846;1;47,75
Nord Ovest;Piemonte;AL;B847;0;0
Nord Est;Veneto;PD;B848;1;24,97
Nord Ovest;Lombardia;MI;B850;38;208,66
Nord Ovest;Lombardia;CO;B851;8;52
Sud;Abruzzo;CH;B853;0;1
Nord Ovest;Lombardia;BG;B854;2,47;42,88
Sud;Calabria;KR;B857;0;3
Sud;Molise;CB;B858;2;1
Sud;Abruzzo;CH;B859;0;0
Sud;Campania;CE;B860;17,25;63,34
Sud;Abruzzo;CH;B861;0;0
Centro;Lazio;FR;B862;0;2
Nord Ovest;Piemonte;NO;B864;1;9
Sud;Abruzzo;CH;B865;4;11,42
Sud;Campania;AV;B866;2;0
Nord Ovest;Piemonte;TO;B867;1;10,5
Sud;Campania;SA;B868;1;1
Nord Ovest;Lombardia;CR;B869;3;27,04
Nord Ovest;Piemonte;AL;B870;1;4
Sud;Molise;CB;B871;0;1
Sud;Campania;CE;B872;0;0
Sud;Campania;BN;B873;0;0
Nord Ovest;Lombardia;VA;B875;2;13,25
Nord Ovest;Piemonte;VB;B876;3;15,45
Nord Est;Veneto;PD;B877;1,25;13,3
Centro;Toscana;PI;B878;3,5;1
Nord Est;Veneto;TV;B879;11;165,87
Nord Est;Emilia-Romagna;BO;B880;65,83;441,36
Nord Ovest;Lombardia;CR;B881;4;28
Nord Ovest;Piemonte;AL;B882;1;1
Nord Ovest;Piemonte;NO;B883;0;2
Nord Ovest;Piemonte;AL;B885;70,17;267,23
Nord Est;Veneto;VR;B886;8;59,01
Nord Ovest;Lombardia;LO;B887;3;36,5
Sud;Campania;SA;B888;2;0
Nord Ovest;Lombardia;CR;B889;1;3
Nord Ovest;Lombardia;CR;B890;1;3,5
Nord Ovest;Lombardia;CR;B891;0;23
Nord Est;Emilia-Romagna;BO;B892;3;26,33
Nord Est;Emilia-Romagna;RE;B893;16,5;221,17
Nord Ovest;Piemonte;CN;B894;0;7,5
Sud;Campania;SA;B895;10,42;21
Sud;Abruzzo;CH;B896;2;3
Nord Ovest;Piemonte;NO;B897;1;12
Nord Ovest;Lombardia;CR;B898;21,8;103,63
Nord Ovest;Lombardia;LO;B899;7;30,5
Nord Ovest;Lombardia;CR;B900;1;11,5
Nord Ovest;Lombardia;MN;B901;1;2,67
Nord Ovest;Piemonte;AL;B902;2;5
Sud;Calabria;CS;B903;6,29;4,72
Sud;Puglia;FG;B904;0;2
Sud;Campania;NA;B905;47,45;110
Sud;Basilicata;PZ;B906;0;0
Nord Ovest;Lombardia;MN;B907;0;17,17
Nord Ovest;Lombardia;LO;B910;10,75;139,09
Nord Ovest;Lombardia;MN;B911;0;11
Nord Est;Veneto;PD;B912;2,92;29
Nord Ovest;Lombardia;CR;B914;0;12
Sud;Puglia;FG;B915;6,88;39,5
Sud;Campania;CE;B916;2,66;10,5
Sud;Puglia;FG;B917;2,66;0,33
Isole;Sicilia;ME;B918;0;1
Centro;Lazio;FR;B919;1;1
Nord Ovest;Piemonte;NO;B920;2;7,33
Nord Ovest;Lombardia;VA;B921;2;9,5
Sud;Campania;NA;B922;0;11
Sud;Puglia;BA;B923;30,61;129,14
Sud;Campania;NA;B924;6;0
Sud;Campania;NA;B925;3,71;9,34
Nord Ovest;Liguria;SV;B927;0;2
Nord Ovest;Piemonte;VC;B928;4,5;6
Nord Ovest;Lombardia;PV;B929;3;3
Centro;Lazio;RM;B932;3,22;0
Nord Ovest;Piemonte;BI;B933;1;4
Centro;Lazio;RI;B934;7;1,5
Sud;Campania;CE;B935;11;36
Sud;Puglia;LE;B936;8;31,33
Nord Ovest;Lombardia;LC;B937;2,39;8
Nord Ovest;Lombardia;MI;B938;2;37,5
Nord Ovest;Liguria;GE;B939;14;36,4
Nord Est;Friuli- Venezia Giulia;PN;B940;8,5;43,5
Nord Ovest;Piemonte;AL;B941;0;0
Nord Ovest;Lombardia;LC;B943;19,86;97,56
Nord Ovest;Lombardia;PV;B945;0;4
Sud;Campania;NA;B946;11;58,42
Nord Ovest;Lombardia;BG;B947;6;22,17
Centro;Umbria;PG;B948;5,5;8,5
Nord Ovest;Lombardia;VA;B949;9;24,08
Centro;Toscana;PI;B950;78,39;252,22
Nord Ovest;Piemonte;VC;B952;1;0
Nord Ovest;Piemonte;TO;B953;2;6,89
Nord Ovest;Lombardia;PV;B954;2;8,5
Nord Ovest;Piemonte;TO;B955;0;21
Nord Ovest;Liguria;GE;B956;16,5;21,33
Nord Ovest;Lombardia;LO;B958;0;32,33
Sud;Campania;SA;B959;0;0
Nord Ovest;Piemonte;TO;B960;30;116,42
Nord Ovest;Lombardia;LO;B961;0;4,5
Centro;Toscana;FI;B962;79,4;237,36
Sud;Campania;CE;B963;107,75;457,54
Nord Est;Veneto;TV;B965;14,5;198,87
Sud;Calabria;RC;B966;0;0
Nord Est;Emilia-Romagna;RE;B967;15,45;28,44
Sud;Calabria;KR;B968;1;1
Nord Est;Emilia-Romagna;BO;B969;9;16,25
Nord Ovest;Lombardia;BG;B971;8,58;32
Nord Ovest;Lombardia;CO;B974;3,05;7
Nord Ovest;Lombardia;CO;B977;4,54;65,51
Nord Ovest;Lombardia;BG;B978;1;14,5
Centro;Toscana;MS;B979;5,01;0,33
Sud;Campania;NA;B980;1;1
Nord Est;Emilia-Romagna;RA;B982;0;9,5
Centro;Toscana;SI;B984;3,55;28,17
Sud;Abruzzo;CH;B985;10;8
Nord Ovest;Lombardia;VA;B987;11,83;57,83
Nord Ovest;Lombardia;PV;B988;12;87,1
Nord Ovest;Lombardia;MI;B989;4;47,25
Sud;Campania;NA;B990;21,51;121,46
Nord Ovest;Piemonte;AT;B991;0;3,5
Nord Ovest;Lombardia;SO;B993;19,33;28,5
Nord Est;Friuli- Venezia Giulia;UD;B994;3;5
Nord Ovest;Lombardia;LC;B996;3,2;28,67
Sud;Campania;AV;B997;2;3
Sud;Puglia;BA;B998;17;63,66
Nord Ovest;Lombardia;VA;B999;2;1
Sud;Calabria;CS;C002;19,16;16,74
Nord Ovest;Lombardia;MI;C003;30,5;242,25
Nord Ovest;Lombardia;VA;C004;17,51;196,89
Isole;Sicilia;SR;C006;1;1
Nord Ovest;Lombardia;BG;C007;0;1
Nord Ovest;Lombardia;MI;C013;7,77;101,35
Nord Ovest;Lombardia;MI;C014;24;172,05
Nord Ovest;Lombardia;CO;C020;1,75;36,17
Nord Ovest;Piemonte;AT;C022;3;5
Nord Ovest;Lombardia;LC;C024;0;11,5
Nord Ovest;Piemonte;AL;C027;1;7,5
Nord Ovest;Piemonte;AL;C030;7;5
Nord Ovest;Lombardia;MI;C033;1;12,5
Centro;Lazio;FR;C034;24,5;144,55
Nord Est;Veneto;VI;C037;21;179,84
Nord Ovest;Lombardia;PV;C038;2;40,25
Sud;Abruzzo;TE;C040;0;0
Nord Est;Veneto;VR;C041;1,6;11,5
Centro;Toscana;LI;C044;19,35;72,55
Nord Ovest;Piemonte;TO;C045;4;8
Nord Ovest;Piemonte;CN;C046;1;10
Nord Ovest;Piemonte;AT;C047;0,5;7,5
Nord Ovest;Piemonte;TO;C048;0;12
Nord Ovest;Piemonte;AT;C049;1;9,3
Nord Ovest;Lombardia;PV;C050;2;2
Isole;Sicilia;ME;C051;5,25;1
Nord Ovest;Lombardia;MI;C052;9;70,75
Nord Ovest;Lombardia;PV;C053;8;39,83
Nord Ovest;Lombardia;BS;C055;2,92;68,8
Nord Est;Veneto;VI;C056;0;26,5
Nord Est;Veneto;PD;C057;1;4
Sud;Campania;AV;C058;0;1
Nord Ovest;Lombardia;MN;C059;0;18
Centro;Marche;AN;C060;0;35,5
Nord Ovest;Liguria;SV;C063;2,07;0
Nord Ovest;Piemonte;AT;C064;0;0
Nord Est;Emilia-Romagna;RA;C065;4,5;78,18
Sud;Molise;CB;C066;0;0
Isole;Sicilia;PA;C067;16,33;4
Sud;Campania;SA;C069;0;0
Centro;Marche;AP;C070;3,5;4
Nord Ovest;Lombardia;BS;C072;2,25;47,76
Nord Est;Veneto;TV;C073;0;15,99
Isole;Sicilia;PA;C074;6,5;10
Nord Est;Emilia-Romagna;BO;C075;3,56;21
Nord Ovest;Lombardia;MN;C076;3;41,33
Nord Est;Veneto;VR;C078;8,84;122,21
Nord Ovest;Lombardia;BG;C079;1,25;73,5
Nord Est;Emilia-Romagna;RN;C080;0;1
Nord Ovest;Piemonte;CN;C081;0,33;1
Sud;Molise;IS;C082;0;1
Sud;Abruzzo;AQ;C083;7,5;7
Centro;Toscana;GR;C085;11,35;20,24
Nord Est;Emilia-Romagna;BO;C086;2,82;2
Nord Ovest;Lombardia;CR;C089;0;1
Sud;Abruzzo;AQ;C090;1;3
Isole;Sicilia;CT;C091;0;3,23
Centro;Marche;AP;C093;7;46
Isole;Sicilia;ME;C094;0;3
Sud;Abruzzo;AQ;C096;38,2;62,72
Sud;Campania;CE;C097;0;0,67
Centro;Lazio;RI;C098;1;2
Centro;Marche;AN;C100;9;108,42
Centro;Toscana;FI;C101;31,04;81,43
Centro;Toscana;AR;C102;2;9,24
Centro;Lazio;LT;C104;2;2
Sud;Campania;AV;C105;0,5;2
Sud;Campania;BN;C106;1;0
Nord Est;Emilia-Romagna;MO;C107;41,67;438,13
Sud;Calabria;CS;C108;8,5;13
Nord Ovest;Liguria;IM;C110;2;0
Nord Est;Veneto;TV;C111;55,5;389,79
Centro;Toscana;PI;C113;17,41;61,73
Sud;Abruzzo;CH;C114;3,09;21
Nord Ovest;Lombardia;CR;C115;0;1
Centro;Lazio;RM;C116;9,59;33,9
Centro;Umbria;TR;C117;2;1
Nord Ovest;Lombardia;MN;C118;0;76,21
Nord Est;Veneto;VI;C119;3,75;32
Sud;Basilicata;PZ;C120;3;0
Nord Est;Emilia-Romagna;BO;C121;4;32,84
Nord Est;Veneto;RO;C122;0;8
Sud;Abruzzo;CH;C123;0;0
Sud;Campania;SA;C125;6;37,5
Sud;Abruzzo;AQ;C126;0;1
Nord Ovest;Piemonte;AT;C127;1;8,5
Sud;Abruzzo;TE;C128;7;18,25
Sud;Campania;NA;C129;30,32;84,2
Isole;Sicilia;TP;C130;13;16,42
Nord Ovest;Piemonte;TO;C133;26;96,09
Sud;Puglia;BA;C134;63,17;60,56
Isole;Sicilia;PA;C135;3;1,5
Sud;Puglia;TA;C136;31,5;32,13
Nord Ovest;Piemonte;AL;C137;0;0
Nord Ovest;Lombardia;VA;C139;14,21;152,53
Nord Est;Emilia-Romagna;RE;C141;11,63;201,93
Nord Ovest;Piemonte;AL;C142;0;0
Nord Ovest;Liguria;IM;C143;2;4
Nord Est;Emilia-Romagna;PC;C145;4,83;24,08
Centro;Toscana;GR;C147;6,33;9
Nord Ovest;Piemonte;AL;C148;3;28
Nord Ovest;Piemonte;NO;C149;0;2
Centro;Marche;AN;C152;2;4
Nord Ovest;Lombardia;CR;C153;13,5;83,83
Nord Ovest;Piemonte;AT;C154;0;0
Nord Ovest;Piemonte;BI;C155;0;5
Nord Ovest;Piemonte;AL;C156;0;1
Nord Ovest;Lombardia;PV;C157;0;5,5
Nord Ovest;Piemonte;AL;C158;2;9
Nord Ovest;Piemonte;AL;C160;0;1,66
Nord Ovest;Piemonte;AT;C161;2,5;0
Nord Ovest;Piemonte;AL;C162;2;7
Nord Ovest;Piemonte;CN;C165;3;9
Nord Ovest;Piemonte;NO;C166;9,5;77,87
Nord Ovest;Piemonte;CN;C167;1;1
Sud;Abruzzo;TE;C169;1;1
Centro;Toscana;SI;C172;6;9
Nord Ovest;Piemonte;CN;C173;2;3
Centro;Toscana;PI;C174;12;10,89
Sud;Molise;CB;C175;0;2
Nord Ovest;Piemonte;CN;C176;1;0
Centro;Lazio;FR;C177;0;1
Sud;Campania;CE;C178;2,8;0
Nord Ovest;Lombardia;VA;C181;3;15
Nord Ovest;Lombardia;PV;C184;0;7
Nord Est;Emilia-Romagna;BO;C185;2,5;72,83
Nord Ovest;Lombardia;SO;C186;4,58;2
Nord Ovest;Lombardia;LC;C187;0,11;16,5
Sud;Campania;NA;C188;9,33;34,5
Nord Est;Veneto;TV;C190;4,75;19,4
Nord Ovest;Lombardia;MN;C195;2;29,67
Sud;Molise;CB;C197;3;0
Sud;Puglia;FG;C198;1;3,5
Sud;Basilicata;PZ;C199;0;0
Sud;Molise;IS;C200;1;1
Sud;Basilicata;PZ;C201;0;0
Sud;Puglia;FG;C202;0;1
Centro;Lazio;RM;C203;19,85;8,5
Nord Est;Emilia-Romagna;BO;C204;42,68;275,77
Nord Ovest;Piemonte;CN;C205;2;0
Nord Ovest;Lombardia;CO;C206;1;5
Nord Est;Veneto;RO;C207;3;24,25
Nord Ovest;Lombardia;BS;C208;4;159,65
Sud;Basilicata;PZ;C209;3;0
Isole;Sicilia;ME;C210;0;0
Sud;Campania;CE;C211;1;2
Nord Ovest;Lombardia;PV;C213;2;3
Nord Ovest;Piemonte;CN;C214;0;0
Nord Est;Veneto;RO;C215;3,25;13,5
Nord Est;Friuli- Venezia Giulia;PN;C217;0;1
Nord Est;Emilia-Romagna;RE;C218;2;62,42
Nord Est;Emilia-Romagna;RE;C219;30,1;74,22
Nord Ovest;Lombardia;CO;C220;0;6
Sud;Puglia;FG;C222;1;1
Centro;Lazio;FR;C223;2;1
Centro;Lazio;RI;C224;3,75;2
Nord Est;Veneto;VR;C225;16,67;174,85
Nord Ovest;Piemonte;AT;C226;0;1
Centro;Toscana;SI;C227;11;74,84
Nord Ovest;Lombardia;LO;C228;2,67;5,17
Nord Ovest;Piemonte;AL;C229;0,5;1,5
Nord Ovest;Piemonte;AT;C230;0;2
Sud;Campania;SA;C231;1;8
Nord Ovest;Piemonte;AT;C232;4;16
Sud;Campania;SA;C235;0,67;0
Centro;Toscana;LU;C236;7;16,5
Centro;Lazio;RM;C237;9,2;23,84
Nord Ovest;Liguria;SP;C240;7,34;44,5
Nord Ovest;Piemonte;TO;C241;3,5;4,5
Nord Est;Emilia-Romagna;MO;C242;24,75;167,67
Nord Ovest;Piemonte;AL;C243;5;24
Centro;Toscana;PI;C244;9,5;5
Sud;Campania;BN;C245;1;0
Sud;Molise;IS;C246;0;1,8
Sud;Molise;IS;C247;0;0
Centro;Marche;AN;C248;2,18;21,42
Sud;Campania;BN;C250;0,61;2
Centro;Marche;MC;C251;5;17
Centro;Umbria;PG;C252;5;9
Nord Ovest;Piemonte;AT;C253;0;0
Nord Ovest;Lombardia;BG;C255;1,86;21,84
Sud;Campania;SA;C259;18,33;56,84
Nord Est;Emilia-Romagna;PC;C261;7,79;113,17
Sud;Campania;SA;C262;1,5;2,67
Centro;Toscana;AR;C263;8,17;3,5
Nord Est;Emilia-Romagna;BO;C265;17;158,2
Centro;Lazio;RM;C266;0;0
Centro;Marche;MC;C267;0;0
Centro;Lazio;RI;C268;1,81;5,5
Centro;Lazio;VT;C269;2;4,34
Sud;Molise;IS;C270;3;0
Sud;Basilicata;PZ;C271;0;1
Isole;Sardegna;SS;C272;6;77
Nord Ovest;Lombardia;VA;C273;1;9,3
Nord Ovest;Piemonte;AL;C274;1;1
Isole;Sicilia;AG;C275;11;7
Nord Ovest;Liguria;SV;C276;1;0
Sud;Abruzzo;AQ;C278;0;0
Sud;Abruzzo;AQ;C279;1,67;0
Sud;Campania;BN;C280;2;0
Nord Ovest;Valle d'Aosta;AO;C282;3;10
Sud;Campania;AV;C283;2;2
Sud;Campania;BN;C284;0;2
Sud;Calabria;RC;C285;2;2
Isole;Sicilia;TP;C286;35,07;36,67
Nord Est;Emilia-Romagna;MO;C287;20,13;100,29
Nord Est;Emilia-Romagna;PC;C288;1,14;49,09
Centro;Umbria;TR;C289;3;4
Nord Ovest;Lombardia;CR;C290;0;1
Sud;Campania;CE;C291;6;47
Nord Est;Emilia-Romagna;BO;C292;32,1;203,05
Nord Ovest;Lombardia;BS;C293;7;92,77
Nord Ovest;Valle d'Aosta;AO;C294;13;14,75
Nord Est;Emilia-Romagna;BO;C296;18,58;21,44
Isole;Sicilia;CT;C297;22,75;3
Sud;Abruzzo;CH;C298;1;1
Nord Ovest;Lombardia;VA;C300;14,1;59,46
Sud;Calabria;CS;C301;2;4
Nord Ovest;Liguria;GE;C302;1;1
Centro;Toscana;LU;C303;4;4
Nord Ovest;Lombardia;LO;C304;3,25;23,22
Sud;Campania;SA;C306;0;1
Nord Ovest;Piemonte;TO;C307;15,03;75,16
Sud;Abruzzo;PE;C308;0;0
Centro;Umbria;PG;C309;29,74;96,91
Centro;Toscana;GR;C310;12,17;71,67
Sud;Abruzzo;TE;C311;3;2
Nord Ovest;Lombardia;MN;C312;12;197,72
Centro;Toscana;SI;C313;6,5;9,8
Nord Ovest;Piemonte;CN;C314;1;1
Centro;Lazio;VT;C315;5,5;1,5
Sud;Abruzzo;TE;C316;4;11,5
Nord Ovest;Piemonte;CN;C317;1;2
Centro;Toscana;AR;C318;0;10
Centro;Toscana;AR;C319;13,49;57,23
Centro;Marche;AP;C321;3;6,66
Sud;Abruzzo;TE;C322;0;3
Nord Ovest;Piemonte;CN;C323;2;0
Nord Ovest;Lombardia;BG;C324;7,83;95,14
Nord Ovest;Lombardia;SO;C325;1,25;1
Nord Est;Friuli- Venezia Giulia;UD;C327;0;15
Nord Ovest;Lombardia;LO;C329;3,75;40
Nord Ovest;Lombardia;BS;C330;1,75;3,9
Centro;Marche;AP;C331;0;11
Nord Ovest;Lombardia;BS;C332;10;99,58
Sud;Puglia;LE;C334;2;1
Sud;Puglia;LE;C335;1;1
Sud;Puglia;LE;C336;3;20
Nord Ovest;Lombardia;BG;C337;0;4,5
Centro;Lazio;FR;C338;3;0,33
Nord Est;Emilia-Romagna;FO;C339;5;37,5
Centro;Lazio;FR;C340;0;0
Isole;Sicilia;AG;C341;3;1
Isole;Sicilia;EN;C342;16,56;62,4
Nord Ovest;Lombardia;VA;C343;3,5;30,17
Isole;Sicilia;PA;C344;8,94;2,5
Sud;Basilicata;PZ;C345;2;0
Sud;Molise;CB;C346;1;0
Isole;Sicilia;ME;C347;1,8;0,8
Sud;Calabria;CS;C348;0;0
Sud;Calabria;CS;C349;20,83;23
Isole;Sicilia;CT;C351;116,41;963,16
Sud;Calabria;CZ;C352;64,75;68,27
Isole;Sicilia;EN;C353;4;4
Sud;Abruzzo;PE;C354;4,78;3
Isole;Sicilia;AG;C356;5;0
Nord Est;Emilia-Romagna;RN;C357;18,58;127,89
Sud;Campania;BN;C359;0;0
Nord Ovest;Lombardia;PV;C360;9,09;50,25
Sud;Campania;SA;C361;58,88;121,12
Nord Ovest;Piemonte;BI;C363;8;29
Nord Ovest;Piemonte;NO;C364;0;1
Nord Ovest;Piemonte;NO;C365;0;4
Nord Ovest;Piemonte;TO;C369;3;13
Nord Est;Veneto;VR;C370;8;66,56
Nord Ovest;Piemonte;CN;C375;0;2
Nord Ovest;Piemonte;CN;C376;1,75;20,45
Sud;Puglia;LE;C377;2;61,21
Nord Ovest;Piemonte;NO;C378;1;8
Nord Ovest;Lombardia;CO;C381;0;0
Nord Ovest;Lombardia;VA;C382;3;39,75
Nord Est;Veneto;VE;C383;7,29;56,04
Nord Est;Veneto;TV;C384;1;28,28
Nord Est;Friuli- Venezia Giulia;PN;C385;1,83;6,33
Nord Ovest;Piemonte;AL;C387;2;2
Nord Est;Veneto;VE;C388;120,22;1129,2
Nord Est;Friuli- Venezia Giulia;UD;C389;2;1
Centro;Lazio;RM;C390;23,34;23,67
Nord Ovest;Lombardia;LO;C394;0;11
Nord Ovest;Lombardia;MI;C395;9,5;83,9
Nord Ovest;Lombardia;BG;C396;14;54,35
Nord Est;Emilia-Romagna;MO;C398;1;55,25
Nord Ovest;Piemonte;TO;C404;7;33
Nord Est;Emilia-Romagna;RE;C405;9,17;82,33
Nord Ovest;Lombardia;MN;C406;0;12,75
Centro;Toscana;AR;C407;10,25;57,33
Nord Ovest;Lombardia;BS;C408;2;57,08
Nord Ovest;Lombardia;VA;C409;0;1
Nord Ovest;Lombardia;BG;C410;2,86;14,86
Nord Est;Veneto;VR;C412;5;10
Centro;Lazio;FR;C413;3;15
Nord Ovest;Lombardia;PV;C414;0;2
Centro;Toscana;LI;C415;60,85;207,91
Nord Ovest;Lombardia;BS;C417;2;7
Nord Ovest;Lombardia;SO;C418;0;0
Isole;Sicilia;PA;C420;0;0
Isole;Sicilia;PA;C421;33,27;19,21
Nord Est;Veneto;VE;C422;3;41,83
Sud;Puglia;BR;C424;28,63;56,54
Sud;Abruzzo;AQ;C426;3,5;4
Sud;Abruzzo;CH;C428;2;0
Sud;Puglia;FG;C429;0;1
Sud;Calabria;CS;C430;1;0
Nord Ovest;Piemonte;AL;C432;0;0
Nord Ovest;Lombardia;CR;C435;1;3
Sud;Puglia;BA;C436;6;21,5
Sud;Calabria;CS;C437;1;0
Nord Ovest;Piemonte;AT;C438;1;6
Nord Ovest;Lombardia;BS;C439;5;24,81
Nord Ovest;Piemonte;AT;C440;0;1
Nord Ovest;Piemonte;CN;C441;1;0
Sud;Puglia;FG;C442;3;0
Nord Ovest;Liguria;SV;C443;21,55;41,17
Sud;Campania;SA;C444;1;0
Centro;Lazio;VT;C446;1;2
Centro;Lazio;VT;C447;4,75;3,67
Sud;Puglia;BR;C448;0;3,5
Sud;Abruzzo;TE;C449;1;7
Sud;Calabria;CZ;C453;1;0
Nord Ovest;Lombardia;BG;C456;3;25,75
Nord Ovest;Lombardia;BG;C457;3;37,64
Nord Est;Veneto;BL;C458;11;14
Nord Ovest;Lombardia;BG;C459;2;18,83
Nord Est;Veneto;RO;C461;0,5;2,5
Nord Ovest;Liguria;SV;C463;2,41;15,88
Nord Ovest;Piemonte;CN;C466;11,1;40,62
Nord Est;Emilia-Romagna;FE;C469;28;312,16
Sud;Campania;SA;C470;1;7
Isole;Sicilia;EN;C471;16,83;8,34
Sud;Calabria;CZ;C472;1;0
Sud;Abruzzo;PE;C474;7,39;33,33
Sud;Campania;BN;C476;0,88;1
Nord Ovest;Piemonte;VB;C478;1;0
Centro;Lazio;FR;C479;5;4
Isole;Sicilia;EN;C480;2;5
Nord Ovest;Liguria;GE;C481;6,67;5
Nord Ovest;Lombardia;CO;C482;0;2
Nord Ovest;Piemonte;NO;C483;4,5;52,32
Nord Ovest;Lombardia;PV;C484;3;24,5
Sud;Campania;SA;C485;5;1
Sud;Molise;CB;C486;2,75;1,5
Nord Ovest;Piemonte;TO;C487;0;7,5
Sud;Molise;CB;C488;1;0
Sud;Calabria;CS;C489;1;0
Sud;Abruzzo;AQ;C492;2;2
Nord Ovest;Lombardia;SO;C493;2;2
Nord Est;Friuli- Venezia Giulia;UD;C494;2;1
Sud;Campania;NA;C495;4,17;21,71
Isole;Sicilia;PA;C496;0;0
Nord Ovest;Piemonte;TO;C497;4;12
Nord Est;Veneto;VR;C498;26;159,16
Nord Est;Veneto;RO;C500;2;12,01
Nord Ovest;Lombardia;MN;C502;0;8,5
Nord Ovest;Piemonte;AL;C503;1;2
Nord Ovest;Piemonte;CN;C504;4;13
Nord Ovest;Piemonte;TO;C505;1;7
Nord Ovest;Lombardia;BG;C506;2;19
Nord Ovest;Piemonte;AL;C507;2;0
Nord Ovest;Lombardia;PV;C508;0;0
Nord Ovest;Lombardia;PV;C509;1;0
Nord Ovest;Liguria;SV;C510;59,25;136,67
Nord Ovest;Liguria;IM;C511;23;0
Nord Ovest;Lombardia;MI;C512;17;61,5
Nord Est;Emilia-Romagna;PC;C513;1;1
Sud;Puglia;FG;C514;40,75;138,66
Sud;Calabria;CS;C515;3;2
Nord Ovest;Lombardia;CO;C516;10;76,5
Sud;Abruzzo;TE;C517;0;1
Centro;Lazio;RM;C518;3,5;1
Nord Ovest;Lombardia;CO;C520;8,3;30,97
Nord Ovest;Lombardia;LC;C521;3;39,75
Nord Ovest;Lombardia;MI;C523;182,82;547,52
Centro;Marche;AN;C524;2;21
Sud;Campania;BN;C525;3,5;0
Centro;Umbria;PG;C527;2;3
Nord Ovest;Piemonte;AT;C528;0;2
Centro;Toscana;FI;C529;11,5;57,5
Nord Ovest;Piemonte;CN;C530;0;1
Nord Ovest;Piemonte;AL;C531;3;7
Nord Ovest;Piemonte;BI;C532;1;13,5
Nord Ovest;Piemonte;AT;C533;0;1
Sud;Molise;IS;C534;3;0
Nord Ovest;Lombardia;MI;C536;3;61
Nord Ovest;Lombardia;MI;C537;26,25;114,87
Nord Est;Veneto;VR;C538;4,9;27
Sud;Basilicata;PZ;C539;1;0
Centro;Toscana;FI;C540;47;72,48
Nord Ovest;Lombardia;PV;C541;3;62,5
Sud;Calabria;CZ;C542;2;1,33
Centro;Lazio;RM;C543;10,5;16,5
Nord Est;Veneto;PD;C544;1;27,5
Centro;Lazio;FR;C545;1,83;5
Nord Ovest;Piemonte;CN;C547;6,89;29
Nord Ovest;Piemonte;VC;C548;0;0
Nord Ovest;Lombardia;BS;C549;1;1
Nord Ovest;Piemonte;CN;C550;5;17,49
Nord Ovest;Lombardia;PV;C551;1;3,5
Centro;Lazio;RM;C552;59,67;221,51
Nord Est;Emilia-Romagna;RA;C553;38,33;425,12
Sud;Calabria;CS;C554;2,5;2
Nord Ovest;Lombardia;LO;C555;7;44
Sud;Campania;AV;C557;11,07;5
Sud;Campania;CE;C558;1;2
Nord Ovest;Liguria;IM;C559;5;18
Sud;Calabria;CS;C560;0;1
Sud;Campania;CE;C561;7;52
Nord Ovest;Lombardia;LC;C563;1;6,42
Nord Ovest;Piemonte;TO;C564;17,17;98,68
Nord Ovest;Lombardia;MI;C565;32,25;143,58
Nord Ovest;Lombardia;MI;C566;114,55;358,57
Nord Ovest;Piemonte;VB;C567;2;1
Isole;Sicilia;ME;C568;5;2,5
Nord Ovest;Lombardia;MI;C569;33,11;140,7
Nord Est;Emilia-Romagna;FO;C573;89,96;669,05
Nord Est;Emilia-Romagna;FO;C574;30,37;220,14
Sud;Campania;AV;C576;12;3
Nord Est;Veneto;BL;C577;7,5;16,33
Nord Ovest;Liguria;IM;C578;2;0
Nord Est;Veneto;TV;C580;2,5;29,02
Sud;Calabria;VV;C581;0;0
Centro;Marche;MC;C582;2;2
Nord Ovest;Piemonte;AT;C583;1;0
Sud;Campania;SA;C584;1;0
Nord Ovest;Lombardia;BS;C585;1;2
Centro;Toscana;SI;C587;4;8
Sud;Calabria;CS;C588;6;5,89
Nord Ovest;Piemonte;CN;C589;14,16;27
Nord Ovest;Lombardia;BS;C591;5,33;4
Nord Ovest;Valle d'Aosta;AO;C593;2;4
Nord Ovest;Valle d'Aosta;AO;C594;7,14;7
Nord Ovest;Valle d'Aosta;AO;C595;5;2
Nord Ovest;Valle d'Aosta;AO;C596;3;0
Nord Ovest;Valle d'Aosta;AO;C598;9,1;11
Nord Ovest;Piemonte;CN;C599;22;83,33
Isole;Sardegna;SS;C600;0;1
Nord Ovest;Piemonte;TO;C604;4,67;2,67
Nord Est;Veneto;VI;C605;3;66,13
Sud;Campania;AV;C606;1;0
Centro;Toscana;SI;C608;14,52;50,51
Centro;Toscana;PI;C609;5;4,83
Nord Ovest;Piemonte;TO;C610;0;6,34
Isole;Sicilia;RG;C612;10,17;22,4
Isole;Sardegna;SS;C613;1;2
Nord Est;Veneto;TV;C614;3;20,99
Centro;Marche;AN;C615;15,35;78,49
Sud;Calabria;CZ;C616;1;2
Nord Ovest;Lombardia;BS;C618;21;161,77
Sud;Basilicata;PZ;C619;4;1
Sud;Molise;IS;C620;0;0
Nord Ovest;Liguria;GE;C621;48,24;283,66
Nord Ovest;Lombardia;SO;C623;35,09;70,31
Nord Ovest;Piemonte;TO;C624;5,17;16,67
Nord Ovest;Piemonte;TO;C627;66,67;300,4
Nord Ovest;Lombardia;SO;C628;36,38;42,92
Nord Ovest;Piemonte;TO;C629;2,5;0
Nord Est;Veneto;BL;C630;2;2
Centro;Toscana;PT;C631;1;11,75
Sud;Abruzzo;CH;C632;37,72;193,84
Sud;Puglia;FG;C633;2;5
Nord Ovest;Lombardia;CR;C634;1;12
Nord Ovest;Lombardia;BG;C635;4,75;30
Nord Ovest;Lombardia;PV;C637;6;26
Nord Est;Veneto;VE;C638;93,43;441,84
Nord Ovest;Piemonte;TO;C639;10;14,14
Nord Est;Friuli- Venezia Giulia;PN;C640;2,8;33,96
Centro;Toscana;AR;C648;1,93;3
Nord Ovest;Lombardia;BG;C649;19,05;64,72
Nord Est;Veneto;VI;C650;1;13,55
Nord Ovest;Lombardia;SO;C651;2;4,5
Nord Ovest;Piemonte;CN;C653;10,96;18,51
Isole;Sicilia;PA;C654;7;3
Nord Ovest;Piemonte;TO;C655;3;6
Nord Est;Friuli- Venezia Giulia;UD;C656;3,67;14,09
Nord Ovest;Liguria;IM;C657;3,5;1
Nord Ovest;Piemonte;AT;C658;0;0
Sud;Campania;AV;C659;2;6
Nord Ovest;Liguria;IM;C660;2;1
Centro;Toscana;SI;C661;5,25;4
Centro;Toscana;SI;C662;6;38,67
Centro;Toscana;AR;C663;1;5,94
Nord Ovest;Piemonte;TO;C665;28,5;237,17
Isole;Sicilia;AG;C668;2;1,5
Nord Est;Emilia-Romagna;RE;C669;11,67;23,5
Nord Est;Veneto;TV;C670;2,2;27,47
Nord Est;Veneto;BL;C672;0;4
Nord Ovest;Liguria;GE;C673;2;4
Sud;Calabria;CZ;C674;2,5;0
Sud;Campania;NA;C675;7,66;17,5
Sud;Campania;SA;C676;1;0
Centro;Lazio;RM;C677;1;3
Nord Ovest;Lombardia;CR;C678;0;3,5
Nord Ovest;Piemonte;TO;C679;0;0
Nord Ovest;Piemonte;VC;C680;3;18,84
Nord Ovest;Piemonte;CN;C681;0;1
Nord Ovest;Lombardia;PV;C684;3;1,5
Nord Ovest;Lombardia;BS;C685;0,5;5,67
Nord Ovest;Lombardia;PV;C686;3;56,83
Nord Est;Veneto;TV;C689;4;9,3
Nord Ovest;Lombardia;BS;C691;1;1
Sud;Calabria;RC;C695;0;1
Isole;Sicilia;PA;C696;2;0
Sud;Campania;NA;C697;5,1;8
Nord Ovest;Lombardia;BS;C698;1;4
Nord Est;Friuli- Venezia Giulia;PN;C699;1;1
Nord Ovest;Piemonte;AT;C701;0;1
Centro;Lazio;RM;C702;1;0
Nord Ovest;Lombardia;CR;C703;0;9
Centro;Marche;MC;C704;15,99;32,4
Centro;Toscana;GR;C705;8,31;4
Nord Ovest;Lombardia;MI;C707;104,04;786,68
Isole;Sicilia;PA;C708;5,5;9,83
Nord Ovest;Lombardia;SO;C709;0;1
Sud;Calabria;RC;C710;1;0
Nord Ovest;Piemonte;TO;C711;0;1
Nord Est;Veneto;PD;C713;0;2,5
Nord Est;Veneto;VE;C714;2;14
Nord Ovest;Piemonte;TO;C715;0;2
Sud;Campania;CE;C716;0;1
Nord Ovest;Liguria;IM;C718;11;14,5
Sud;Campania;BN;C719;0,89;0
Nord Ovest;Piemonte;TO;C722;31,12;157,28
Sud;Basilicata;MT;C723;2;0
Nord Ovest;Lombardia;CO;C724;1;22,5
Sud;Calabria;KR;C725;1;2
Sud;Calabria;KR;C726;15;3
Nord Ovest;Lombardia;BG;C728;3;62,01
Nord Ovest;Liguria;SV;C729;5;7
Nord Ovest;Lombardia;BG;C730;7;68,11
Nord Ovest;Lombardia;VA;C732;10,28;117,41
Nord Ovest;Lombardia;MI;C733;11,01;83,84
Nord Est;Veneto;TV;C735;2,5;15,5
Nord Ovest;Piemonte;CN;C738;1;1
Nord Ovest;Piemonte;AT;C739;1;2,25
Centro;Lazio;LT;C740;33,28;125,45
Sud;Puglia;BR;C741;15,5;44,42
Centro;Umbria;PG;C742;0;10
Nord Est;Veneto;PD;C743;13;130,51
Centro;Umbria;PG;C744;16;40,5
Centro;Umbria;PG;C745;36,8;190,81
Centro;Lazio;RI;C746;9;12
Sud;Calabria;RC;C747;10,91;2,67
Centro;Lazio;RI;C749;3,34;2,34
Sud;Abruzzo;PE;C750;16,33;89
Nord Ovest;Lombardia;VA;C751;2;29,33
Nord Ovest;Lombardia;LC;C752;3;28,98
Nord Ovest;Liguria;IM;C755;6;3
Nord Ovest;Piemonte;VC;C757;0;0
Nord Est;Friuli- Venezia Giulia;UD;C758;6,33;91,34
Nord Ovest;Lombardia;BG;C759;5,33;28,16
Nord Ovest;Lombardia;BS;C760;1;5
Sud;Calabria;CS;C763;2;1
Sud;Molise;CB;C764;0;0
Centro;Lazio;VT;C765;18,92;41,65
Sud;Abruzzo;AQ;C766;0;0
Centro;Lazio;RM;C767;10;22
Sud;Abruzzo;CH;C768;0;0
Sud;Molise;IS;C769;0;0
Centro;Marche;MC;C770;69,23;297,3
Sud;Abruzzo;PE;C771;1;1
Sud;Molise;CB;C772;2;0
Centro;Lazio;RM;C773;82,54;210,1
Centro;Toscana;AR;C774;6,5;26,83
Sud;Abruzzo;CH;C776;1,5;6,5
Nord Est;Emilia-Romagna;FO;C777;2,11;14,39
Sud;Abruzzo;AQ;C778;0;1
Sud;Abruzzo;PE;C779;2,75;7,75
Centro;Lazio;VT;C780;2;3
Sud;Abruzzo;TE;C781;5,99;2
Centro;Toscana;GR;C782;9,33;8,21
Sud;Abruzzo;AQ;C783;2;5
Centro;Lazio;RM;C784;3;2
Nord Ovest;Lombardia;SO;C785;6;35,5
Nord Ovest;Lombardia;CO;C787;5;1
Nord Ovest;Lombardia;BG;C789;0,33;5
Nord Est;Friuli- Venezia Giulia;PN;C790;3;4,38
Nord Est;Friuli- Venezia Giulia;PN;C791;4;2
Nord Ovest;Piemonte;CN;C792;2;1
Nord Ovest;Piemonte;TO;C793;1;17
Sud;Calabria;CS;C795;0;0
Nord Ovest;Lombardia;VA;C796;2;16,5
Nord Ovest;Lombardia;BG;C800;14,17;96,52
Nord Ovest;Piemonte;TO;C801;7;13,3
Nord Ovest;Piemonte;TO;C803;7;25
Nord Ovest;Piemonte;AT;C804;0;0
Nord Ovest;Lombardia;BS;C806;4;88,5
Nord Ovest;Piemonte;AT;C807;0;3
Nord Ovest;Lombardia;VA;C810;4;33,99
Sud;Abruzzo;AQ;C811;0;0
Nord Est;Veneto;PD;C812;3;43
Nord Ovest;Lombardia;PV;C813;2;5
Nord Est;Emilia-Romagna;FE;C814;4;59,47
Nord Est;Veneto;TV;C815;4;29,56
Nord Ovest;Lombardia;LO;C816;12,5;150,92
Nord Est;Friuli- Venezia Giulia;UD;C817;17,67;98,57
Isole;Sardegna;SS;C818;0;0,81
Nord Ovest;Piemonte;BI;C819;5,2;8,5
Nord Ovest;Lombardia;MI;C820;9;85,75
Nord Ovest;Valle d'Aosta;AO;C821;8;15,5
Nord Ovest;Liguria;GE;C823;22,26;73,17
Nord Est;Veneto;VI;C824;2,83;20,85
Nord Ovest;Liguria;GE;C826;13;29
Nord Ovest;Piemonte;NO;C829;0,17;3
Nord Ovest;Lombardia;BG;C835;2;10,75
Centro;Lazio;FR;C836;0;1,5
Nord Est;Emilia-Romagna;PC;C838;1,67;11,33
Nord Ovest;Lombardia;LC;C839;21;141,17
Centro;Lazio;RI;C841;0;0,5
Sud;Abruzzo;AQ;C844;0;0
Centro;Umbria;PG;C845;0,5;7
Sud;Campania;BN;C846;0;0
Centro;Toscana;SI;C847;18,78;169,51
Nord Est;Veneto;TV;C848;3,5;34,5
Nord Ovest;Lombardia;BS;C850;6,75;26
Nord Ovest;Lombardia;LC;C851;5,44;16
Nord Est;Emilia-Romagna;PR;C852;38;138,04
Sud;Abruzzo;PE;C853;4,67;7,34
Sud;Molise;CB;C854;1;0
Sud;Abruzzo;CH;C855;0;0
Sud;Abruzzo;CH;C856;1;1
Centro;Lazio;RI;C857;3;0
Centro;Lazio;RM;C858;18,3;102,06
Centro;Lazio;RI;C859;0;0
Nord Ovest;Piemonte;TO;C860;95,36;415,39
Sud;Abruzzo;AQ;C862;0,87;1
Centro;Lazio;FR;C864;0;0
Sud;Puglia;LE;C865;2;8
Sud;Abruzzo;AQ;C866;0;1
Nord Ovest;Piemonte;TO;C867;0;1
Nord Ovest;Piemonte;TO;C868;1;5
Centro;Toscana;LI;C869;30,33;109,99
Centro;Lazio;FR;C870;0;0
Isole;Sicilia;PA;C871;7;0
Sud;Molise;CB;C875;0,93;3
Centro;Lazio;RI;C876;6,1;1
Centro;Marche;AP;C877;2;7,83
Sud;Molise;IS;C878;0;0
Sud;Campania;SA;C879;2;2
Centro;Lazio;RI;C880;0;0
Isole;Sardegna;CA;C882;0;0
Nord Ovest;Lombardia;BS;C883;4;12
Nord Ovest;Piemonte;VC;C884;0;0
Nord Est;Friuli- Venezia Giulia;UD;C885;3;12,5
Centro;Marche;MC;C886;0;2
Sud;Basilicata;MT;C888;1;0
Nord Est;Veneto;VR;C890;7,5;51,84
Nord Ovest;Lombardia;BS;C893;5,34;58,85
Nord Ovest;Lombardia;BG;C894;16,02;86,35
Nord Ovest;Lombardia;MI;C895;97,72;372,14
Nord Est;Veneto;VR;C897;9,25;97,22
Centro;Lazio;RM;C900;9,84;16
Sud;Abruzzo;TE;C901;2;6,5
Nord Ovest;Lombardia;CO;C902;0;2
Nord Ovest;Lombardia;SO;C903;5,5;2
Nord Est;Emilia-Romagna;PR;C904;6;73,33
Sud;Calabria;CS;C905;1,5;0
Nord Ovest;Lombardia;MI;C908;5;33,26
Nord Ovest;Lombardia;BG;C910;1;11,5
Nord Ovest;Lombardia;VA;C911;3;7
Nord Est;Emilia-Romagna;FE;C912;35,6;177,55
Centro;Toscana;MS;C914;3,25;1
Nord Ovest;Lombardia;LO;C917;0;31,5
Nord Est;Friuli- Venezia Giulia;UD;C918;0;0
Nord Est;Veneto;BL;C919;2;13,5
Nord Est;Veneto;BL;C920;14,5;15,31
Nord Ovest;Lombardia;VA;C922;2;34
Nord Ovest;Lombardia;BS;C925;1;34
Nord Ovest;Piemonte;NO;C926;1;9
Isole;Sicilia;RG;C927;12,99;53,17
Isole;Sicilia;AG;C928;0;1
Sud;Campania;NA;C929;1;2
Nord Ovest;Lombardia;MN;C930;0;0,5
Nord Ovest;Lombardia;CO;C933;217,08;697,43
Nord Est;Emilia-Romagna;PR;C934;2;4
Centro;Marche;AP;C935;3;12,5
Nord Ovest;Lombardia;CO;C936;8,5;7
Nord Ovest;Lombardia;BG;C937;9,57;46,29
Nord Est;Veneto;VE;C938;2;4,63
Sud;Campania;CE;C939;1;2
Sud;Campania;SA;C940;2;1
Sud;Molise;IS;C941;2;2
Nord Est;Veneto;VR;C943;1,5;2,5
Centro;Lazio;RI;C946;2;1
Nord Ovest;Lombardia;BS;C948;14,27;120,84
Nord Est;Veneto;VE;C950;8;53,28
Nord Est;Emilia-Romagna;MO;C951;3;42,46
Nord Ovest;Lombardia;MI;C952;30,12;187,55
Sud;Calabria;RC;C954;2;0
Nord Ovest;Piemonte;TO;C955;18;42,5
Isole;Sicilia;ME;C956;1;1
Nord Est;Veneto;TV;C957;105,34;352,81
Nord Ovest;Lombardia;PV;C958;2;12,67
Centro;Lazio;RI;C959;0,5;3,5
Sud;Calabria;CZ;C960;1,75;0
Nord Ovest;Piemonte;AL;C962;0;5
Nord Est;Emilia-Romagna;RA;C963;5,33;88,28
Nord Est;Veneto;PD;C964;5,29;86,55
Isole;Sicilia;PA;C968;6;6
Centro;Lazio;RI;C969;1;7
Sud;Campania;AV;C971;7;5
Sud;Abruzzo;TE;C972;1;1
Sud;Campania;SA;C973;2;0
Sud;Campania;SA;C974;4;0
Sud;Puglia;BA;C975;33,17;108,5
Sud;Campania;AV;C976;5;13,99
Nord Ovest;Piemonte;AL;C977;3;9
Sud;Puglia;LE;C978;1;17,83
Nord Ovest;Lombardia;PV;C979;0;11,17
Nord Est;Emilia-Romagna;FE;C980;12;112,49
Nord Ovest;Lombardia;PV;C982;0;0
Sud;Puglia;BA;C983;104,02;114,5
Sud;Campania;SA;C984;1;1
Nord Ovest;Lombardia;MI;C986;49,5;239,12
Nord Est;Veneto;RO;C987;0;5,5
Centro;Lazio;VT;C988;4;3,17
Centro;Umbria;PG;C990;35,42;196,32
Nord Est;Friuli- Venezia Giulia;PN;C991;25,06;145,65
Nord Est;Veneto;TV;C992;7;50,22
Nord Est;Friuli- Venezia Giulia;PN;C993;1;12,5
Nord Ovest;Liguria;GE;C995;2;0
Centro;Toscana;LU;C996;4,5;9
Centro;Lazio;FR;C998;2;1
Sud;Abruzzo;AQ;C999;0;0
Centro;Lazio;LT;D003;5,34;8
Nord Est;Emilia-Romagna;RN;D004;9;48,39
Sud;Puglia;LE;D006;10;8
Centro;Marche;AN;D007;9;8,5
Nord Ovest;Piemonte;TO;D008;6,5;29
Isole;Sicilia;PA;D009;14,5;9
Sud;Basilicata;PZ;D010;18;5
Sud;Campania;SA;D011;1;0
Nord Ovest;Valle d'Aosta;AO;D012;36,91;98,96
Nord Ovest;Lombardia;MI;D013;48;189,17
Nord Ovest;Lombardia;BG;D015;1;3,67
Nord Ovest;Lombardia;BG;D016;0;13
Nord Ovest;Lombardia;MI;D018;87,5;256,96
Nord Ovest;Lombardia;MI;D019;28,5;111,75
Nord Est;Veneto;VI;D020;8,07;72,75
Nord Ovest;Lombardia;LO;D021;5;34
Nord Ovest;Piemonte;CN;D022;5;16
Centro;Lazio;VT;D024;35,08;49,81
Nord Est;Emilia-Romagna;PR;D026;8,38;11,63
Nord Est;Friuli- Venezia Giulia;UD;D027;1;14,83
Nord Ovest;Lombardia;LO;D028;0;3
Nord Ovest;Lombardia;LO;D029;0;4,85
Nord Est;Veneto;TV;D030;5;36,53
Nord Ovest;Lombardia;MI;D033;0;2
Nord Est;Emilia-Romagna;RE;D037;44,5;231,19
Nord Ovest;Lombardia;MI;D038;8;75,22
Nord Est;Veneto;PD;D040;0;13,5
Nord Ovest;Lombardia;CO;D041;1;0
Centro;Marche;MC;D042;12;54,49
Sud;Abruzzo;TE;D043;5;26,5
Sud;Puglia;LE;D044;2;2
Nord Ovest;Lombardia;MI;D045;55;223,99
Nord Ovest;Piemonte;AT;D046;0;0,5
Sud;Calabria;CZ;D049;2;0
Nord Ovest;Piemonte;AT;D050;0;0
Nord Ovest;Piemonte;AT;D051;0;0
Nord Ovest;Piemonte;AT;D052;0;1
Nord Est;Emilia-Romagna;PC;D054;0;2
Nord Ovest;Lombardia;CR;D056;0;7
Nord Ovest;Lombardia;CR;D057;0;7
Nord Ovest;Lombardia;BS;D058;6;86,5
Nord Est;Emilia-Romagna;PC;D061;0;16,85
Nord Ovest;Piemonte;CN;D062;2,91;13
Nord Ovest;Lombardia;BS;D064;13,66;108,33
Nord Ovest;Lombardia;LC;D065;0,51;3,16
Nord Ovest;Lombardia;BG;D066;1;9,06
Nord Ovest;Lombardia;LO;D068;0;8
Nord Ovest;Piemonte;AT;D072;0;2
Sud;Abruzzo;TE;D076;1;0
Centro;Toscana;AR;D077;34,5;66,32
Sud;Abruzzo;PE;D078;0;0
Nord Ovest;Lombardia;PV;D081;0;5
Nord Ovest;Lombardia;BS;D082;0;6,18
Nord Est;Friuli- Venezia Giulia;UD;D085;4;5
Sud;Calabria;CS;D086;73,74;171,02
Nord Ovest;Liguria;IM;D087;0;0
Nord Ovest;Lombardia;SO;D088;12,33;18
Sud;Calabria;RC;D089;0;0
Nord Ovest;Piemonte;TO;D092;0;0
Nord Ovest;Piemonte;CN;D093;0,5;1
Nord Ovest;Piemonte;BI;D094;42,82;129,13
Nord Ovest;Liguria;SV;D095;4;7
Centro;Marche;AP;D096;0;1
Nord Ovest;Piemonte;VB;D099;5;5
Isole;Sardegna;SS;D100;1;3,86
Nord Ovest;Piemonte;AT;D101;1;2
Nord Ovest;Piemonte;AL;D102;0;0
Nord Ovest;Lombardia;BG;D103;0;2,93
Nord Est;Veneto;RO;D105;1;4
Nord Est;Veneto;VI;D107;2;96,3
Centro;Umbria;PG;D108;0;3
Nord Ovest;Lombardia;PV;D109;1;0
Nord Ovest;Lombardia;BG;D110;1,33;18
Nord Ovest;Lombardia;BG;D111;0;20,47
Nord Ovest;Lombardia;LC;D112;3;28,84
Nord Ovest;Piemonte;VC;D113;0;5,5
Nord Ovest;Liguria;IM;D114;8;20,54
Nord Ovest;Lombardia;BG;D117;5;69,6
Nord Est;Veneto;VR;D118;10;86,22
Nord Ovest;Piemonte;AT;D119;3;33,17
Nord Ovest;Piemonte;CN;D120;5;26,5
Nord Est;Emilia-Romagna;RA;D121;3;43
Sud;Calabria;KR;D122;34,24;76,15
Sud;Calabria;KR;D123;15;8
Centro;Lazio;RI;D124;4;4
Nord Ovest;Lombardia;BG;D126;7;47
Nord Ovest;Lombardia;PV;D127;0;5
Sud;Basilicata;MT;D128;0;0
Nord Ovest;Lombardia;LC;D131;0;2
Nord Ovest;Piemonte;VC;D132;0;0
Nord Ovest;Piemonte;CN;D133;1;3
Nord Ovest;Piemonte;VB;D134;8,34;15,5
Nord Est;Veneto;VI;D136;16;145,08
Sud;Abruzzo;CH;D137;1;2
Nord Ovest;Lombardia;BG;D139;2,33;27,75
Nord Ovest;Lombardia;CR;D141;0;5
Nord Ovest;Lombardia;CR;D142;56,55;375,77
Nord Ovest;Lombardia;LC;D143;1;9
Nord Ovest;Lombardia;VA;D144;0,33;2
Nord Ovest;Lombardia;LC;D145;6,73;54,5
Nord Ovest;Lombardia;CO;D147;4,17;3
Nord Ovest;Piemonte;AL;D149;0;4
Nord Ovest;Lombardia;CR;D150;125,88;602,71
Nord Ovest;Lombardia;CR;D151;1;19
Nord Ovest;Piemonte;VC;D154;7;43,3
Nord Est;Veneto;VI;D156;6;4
Nord Ovest;Lombardia;LO;D159;1,5;15
Nord Est;Veneto;RO;D161;1;10
Nord Ovest;Piemonte;NO;D162;1;8,34
Nord Ovest;Piemonte;BI;D165;0;7
Nord Est;Emilia-Romagna;BO;D166;19,47;105,97
Nord Ovest;Piemonte;VB;D168;11,2;29
Sud;Campania;NA;D170;8,11;50,33
Sud;Puglia;TA;D171;14,03;14,12
Nord Ovest;Piemonte;CN;D172;0;4,25
Nord Ovest;Liguria;GE;D175;1;1
Nord Ovest;Piemonte;VB;D177;7,63;7,67
Sud;Abruzzo;TE;D179;0;0
Sud;Calabria;CS;D180;1;1
Sud;Calabria;CZ;D181;1;0
Sud;Calabria;CS;D184;7,75;11
Nord Ovest;Lombardia;VA;D185;0;5
Nord Ovest;Lombardia;CR;D186;1;1
Nord Ovest;Piemonte;VC;D187;3;3
Sud;Calabria;KR;D189;4;2
Nord Ovest;Lombardia;VA;D192;6;37,5
Nord Est;Veneto;VR;D193;7,12;58,48
Sud;Campania;SA;D195;0;0
Nord Ovest;Lombardia;CO;D196;3;14,54
Nord Ovest;Piemonte;TO;D197;0;4
Nord Ovest;Lombardia;MI;D198;19,5;83,19
Nord Ovest;Lombardia;VA;D199;2,17;18
Isole;Sardegna;OR;D200;6,25;2
Sud;Abruzzo;PE;D201;2;1
Nord Ovest;Piemonte;TO;D202;24,04;58,51
Nord Ovest;Lombardia;CR;D203;0;2,67
Nord Ovest;Lombardia;VA;D204;3;8
Nord Ovest;Piemonte;CN;D205;166,74;414,52
Nord Ovest;Piemonte;AT;D207;0;2
Nord Ovest;Piemonte;TO;D208;14,25;49,03
Sud;Abruzzo;CH;D209;3;17,5
Centro;Marche;AP;D210;15,5;45,75
Centro;Marche;AN;D211;5,25;11,5
Isole;Sardegna;OR;D214;0;0
Nord Ovest;Piemonte;NO;D216;1;18,5
Nord Ovest;Lombardia;VA;D217;5;0
Sud;Calabria;CZ;D218;1;0,6
Nord Ovest;Piemonte;BI;D219;3;1
Nord Ovest;Lombardia;BG;D221;4,53;67,88
Sud;Puglia;LE;D223;3,17;1
Nord Est;Veneto;PD;D226;2;62,52
Nord Ovest;Lombardia;MN;D227;7;144,21
Sud;Campania;CE;D228;3,5;9,54
Nord Ovest;Lombardia;MI;D229;31,63;100,31
Sud;Campania;BN;D230;3,37;2
Nord Ovest;Lombardia;MI;D231;58,91;201,02
Nord Ovest;Lombardia;CO;D232;1;1
Nord Ovest;Lombardia;BG;D233;0;9
Isole;Sicilia;TP;D234;3;2,33
Sud;Calabria;KR;D236;5;0
Sud;Puglia;LE;D237;3,5;4,8
Nord Ovest;Lombardia;VA;D238;1,66;29,82
Nord Ovest;Lombardia;VA;D239;1,5;20
Nord Ovest;Lombardia;MI;D244;7,5;55,45
Nord Ovest;Lombardia;BG;D245;24,17;248,86
Nord Est;Veneto;BL;D247;2;5
Nord Ovest;Lombardia;BS;D251;27,5;130,53
Sud;Calabria;VV;D253;0;1
Nord Ovest;Liguria;GE;D255;13,5;5
Nord Ovest;Lombardia;VA;D256;0,07;14
Sud;Calabria;CZ;D257;7;4
Nord Ovest;Lombardia;SO;D258;1;4
Isole;Sardegna;CA;D259;9,42;39,56
Isole;Sardegna;CA;D260;0;4
Sud;Calabria;CZ;D261;2,17;2
Nord Ovest;Liguria;SV;D264;0;2
Nord Ovest;Liguria;SP;D265;9,5;28,67
Nord Ovest;Lombardia;SO;D266;3,83;7,5
Isole;Sicilia;CL;D267;4;2
Sud;Calabria;RC;D268;0;3
Sud;Puglia;FG;D269;3;3
Nord Ovest;Lombardia;BS;D270;3;80,67
Nord Ovest;Piemonte;CN;D271;7;9,5
Nord Ovest;Piemonte;AL;D272;1;1
Nord Ovest;Piemonte;AL;D277;0,33;3
Nord Ovest;Lombardia;CR;D278;0;0
Centro;Umbria;PG;D279;12,83;56,5
Nord Ovest;Lombardia;LC;D280;4,92;21
Nord Ovest;Piemonte;VC;D281;2;11
Nord Ovest;Lombardia;BS;D284;61,53;469,02
Nord Ovest;Lombardia;MI;D286;94,84;360,74
Isole;Sardegna;NU;D287;0;0
Sud;Calabria;CS;D289;9;8,01
Sud;Calabria;CS;D290;2;0
Nord Ovest;Piemonte;CN;D291;1;21
Sud;Campania;SA;D292;2,67;0,33
Nord Ovest;Liguria;IM;D293;1,5;6
Nord Ovest;Liguria;IM;D296;20;17
Nord Ovest;Liguria;IM;D297;41,51;80,5
Nord Ovest;Liguria;IM;D298;4,5;4
Centro;Toscana;FI;D299;6,39;24
Nord Est;Friuli- Venezia Giulia;UD;D300;3;2,5
Sud;Calabria;VV;D303;2,67;0
Sud;Calabria;CS;D304;0;0
Sud;Puglia;LE;D305;1;6
Nord Ovest;Piemonte;NO;D309;1;3
Nord Ovest;Lombardia;CO;D310;4;1
Nord Ovest;Piemonte;CN;D314;12,33;22,19
Sud;Abruzzo;CH;D315;1;0
Nord Est;Friuli- Venezia Giulia;UD;D316;0;0
Nord Est;Veneto;VR;D317;4;15
Nord Ovest;Liguria;IM;D318;13;30
Nord Ovest;Liguria;IM;D319;9;9,5
Isole;Sardegna;CA;D323;3;7
Nord Est;Veneto;VE;D325;12,84;193,49
Nord Ovest;Lombardia;LC;D327;1,15;19,15
Sud;Calabria;CS;D328;1;1
Nord Ovest;Lombardia;CO;D329;9;7
Nord Est;Veneto;BL;D330;6,99;10,25
Sud;Campania;AV;D331;2,33;11
Nord Ovest;Piemonte;VB;D332;37,47;150,59
Isole;Sardegna;CA;D333;0;5
Isole;Sardegna;CA;D334;0;0,33
Nord Ovest;Valle d'Aosta;AO;D338;14;10
Nord Ovest;Piemonte;BI;D339;3,35;1
Nord Ovest;Lombardia;CO;D341;5,52;6,5
Isole;Sardegna;CA;D344;0;0
Isole;Sardegna;NU;D345;3;1
Nord Ovest;Lombardia;LC;D346;9;2
Nord Ovest;Piemonte;NO;D347;5;28
Nord Ovest;Lombardia;PV;D348;5,5;33,05
Nord Ovest;Piemonte;BI;D350;0;1
Nord Ovest;Lombardia;MN;D351;2;17,5
Nord Ovest;Lombardia;BG;D352;3;11,83
Nord Ovest;Lombardia;CO;D355;0;0
Nord Ovest;Valle d'Aosta;AO;D356;3;5
Nord Est;Emilia-Romagna;FO;D357;3;3
Nord Ovest;Lombardia;CR;D358;0,33;17,5
Nord Est;Emilia-Romagna;BO;D360;10;61,96
Sud;Campania;CE;D361;1,75;2,75
Sud;Calabria;VV;D364;0;0
Nord Est;Friuli- Venezia Giulia;UD;D366;0;0
Nord Ovest;Lombardia;MI;D367;3;49
Nord Ovest;Piemonte;CN;D372;7,33;28,9
Nord Ovest;Piemonte;TO;D373;28,34;100,16
Nord Ovest;Piemonte;VB;D374;1;3
Isole;Sardegna;NU;D376;0;1
Nord Ovest;Lombardia;SO;D377;6;19,34
Nord Est;Veneto;VI;D379;9;96,98
Sud;Campania;BN;D380;3;1
Nord Ovest;Lombardia;VA;D384;2;10,5
Nord Ovest;Lombardia;VA;D385;3;2
Sud;Campania;BN;D386;0;1
Nord Ovest;Piemonte;AT;D388;0;8
Sud;Campania;SA;D390;25,11;36,33
Nord Ovest;Lombardia;BS;D391;10,5;41
Sud;Abruzzo;PE;D394;2;4
Nord Ovest;Lombardia;LC;D398;2;4
Isole;Sardegna;CA;D399;19;52,66
Nord Ovest;Piemonte;CN;D401;0,17;0
Nord Ovest;Valle d'Aosta;AO;D402;0;1,5
Centro;Toscana;FI;D403;85,28;288,76
Nord Ovest;Lombardia;BG;D406;5;32,66
Nord Est;Veneto;VI;D407;4;12
Nord Est;Friuli- Venezia Giulia;UD;D408;1;3
Nord Ovest;Piemonte;CN;D410;6,1;21,5
Nord Ovest;Lombardia;BG;D411;0;10,5
Nord Ovest;Piemonte;CN;D412;6;9,5
Sud;Basilicata;PZ;D414;2;0
Nord Est;Veneto;VE;D415;17,5;134,23
Nord Ovest;Lombardia;CO;D416;29,81;122,46
Nord Est;Veneto;VR;D419;4;10
Nord Est;Veneto;VR;D420;3;11,5
Nord Ovest;Lombardia;BS;D421;5,75;77,67
Sud;Puglia;BR;D422;0;3,5
Isole;Sicilia;TP;D423;6,37;41,5
Nord Ovest;Liguria;SV;D424;2;0
Nord Est;Friuli- Venezia Giulia;PN;D426;1;0
Nord Ovest;Lombardia;LC;D428;1;1
Centro;Marche;MC;D429;1,09;6,2
Isole;Sardegna;NU;D430;0;1
Isole;Sardegna;NU;D431;0;0
Nord Ovest;Piemonte;TO;D433;3;0
Nord Ovest;Lombardia;BS;D434;9;32
Nord Ovest;Lombardia;LC;D436;3,17;0,5
Centro;Lazio;FR;D440;2;1,67
Isole;Sardegna;SS;D441;0;1
Nord Est;Veneto;PD;D442;13;144,06
Isole;Sardegna;NU;D443;1;0
Nord Ovest;Valle d'Aosta;AO;D444;1;2
Nord Ovest;Lombardia;CO;D445;2,5;11,5
Nord Ovest;Piemonte;AL;D447;6;5
Nord Est;Emilia-Romagna;RE;D450;7,83;53,37
Centro;Marche;AN;D451;26,7;111,59
Centro;Lazio;VT;D452;7,5;8
Sud;Calabria;VV;D453;3;0
Centro;Umbria;TR;D454;1;9,67
Nord Est;Friuli- Venezia Giulia;UD;D455;1;5
Nord Ovest;Lombardia;SO;D456;0,14;2
Nord Est;Emilia-Romagna;RA;D458;56,67;480,04
Sud;Puglia;FG;D459;0;12
Nord Est;Friuli- Venezia Giulia;UD;D461;5,75;28,4
Nord Ovest;Lombardia;CO;D462;7,71;17
Sud;Puglia;TA;D463;1;3,5
Sud;Calabria;CS;D464;5;0
Sud;Abruzzo;AQ;D465;0;0
Nord Ovest;Lombardia;VA;D467;10,5;96,84
Sud;Campania;BN;D469;1;1
Nord Est;Veneto;BL;D470;10,81;49,22
Centro;Marche;AN;D472;26,14;124,15
Sud;Calabria;CS;D473;1;9,92
Isole;Sicilia;ME;D474;1;4
Centro;Lazio;VT;D475;2;5
Sud;Calabria;CZ;D476;1;5
Centro;Marche;AP;D477;5;13,75
Sud;Abruzzo;CH;D480;2;0
Nord Ovest;Lombardia;CO;D482;6,67;45,66
Centro;Lazio;FR;D483;1;0
Nord Est;Emilia-Romagna;MO;D486;15;21,83
Nord Est;Friuli- Venezia Giulia;PN;D487;0;3,17
Centro;Marche;PS;D488;71,21;417,89
Sud;Abruzzo;TE;D489;2;0
Nord Ovest;Lombardia;BG;D490;7;103,98
Nord Ovest;Lombardia;BG;D491;0;12
Nord Ovest;Piemonte;NO;D492;1,5;8
Centro;Lazio;RI;D493;16;42,5
Sud;Abruzzo;CH;D494;0;6
Sud;Abruzzo;CH;D495;1;1
Nord Est;Veneto;VI;D496;1;21
Sud;Basilicata;PZ;D497;0;0
Nord Ovest;Piemonte;CN;D499;2;4
Sud;Abruzzo;PE;D501;2;1
Nord Est;Emilia-Romagna;PC;D502;2;5
Centro;Lazio;VT;D503;2;6,58
Nord Est;Veneto;TV;D505;12,75;54,61
Sud;Puglia;BR;D508;33,2;86,57
Nord Ovest;Liguria;GE;D509;0;0
Centro;Toscana;PI;D510;5;9
Nord Ovest;Piemonte;CN;D511;0;4,5
Nord Ovest;Liguria;GE;D512;1;0
Sud;Basilicata;MT;D513;2;0
Isole;Sicilia;AG;D514;17,84;10,5
Isole;Sicilia;TP;D518;4,63;5,05
Nord Ovest;Piemonte;TO;D520;4;35
Nord Ovest;Liguria;SV;D522;2;6
Nord Ovest;Piemonte;CN;D523;1;4
Nord Ovest;Piemonte;TO;D524;2;10,36
Nord Est;Emilia-Romagna;PR;D526;14;90,22
Sud;Campania;SA;D527;0;1
Nord Ovest;Piemonte;AL;D528;2;9,17
Nord Est;Veneto;BL;D530;40,75;146,72
Nord Ovest;Lombardia;CO;D531;7,5;33,3
Nord Ovest;Piemonte;TO;D532;7;3,5
Nord Ovest;Valle d'Aosta;AO;D537;14;10
Centro;Umbria;TR;D538;2,34;4,22
Centro;Lazio;FR;D539;8,36;10
Isole;Sicilia;SR;D540;5;9
Centro;Marche;PS;D541;3;28,67
Centro;Marche;AP;D542;42,6;154,58
Nord Ovest;Lombardia;VA;D543;11;51,9
Sud;Calabria;CZ;D544;1;1
Sud;Calabria;RC;D545;0;0
Sud;Calabria;CZ;D546;5;0
Sud;Basilicata;MT;D547;10;11,5
Nord Est;Emilia-Romagna;FE;D548;189,74;1268,18
Nord Est;Veneto;VR;D549;0;11
Sud;Molise;CB;D550;4;13,25
Nord Ovest;Lombardia;VA;D551;1;13,5
Nord Ovest;Lombardia;PV;D552;3;11
Nord Ovest;Piemonte;TO;D553;1;2
Nord Ovest;Piemonte;AT;D554;0;6
Nord Est;Emilia-Romagna;PC;D555;0;9,67
Sud;Calabria;RC;D557;0;0
Nord Ovest;Piemonte;AL;D559;2,5;6
Centro;Lazio;RI;D560;3;3
Centro;Lazio;RM;D561;32,17;121,4
Nord Ovest;Piemonte;TO;D562;6;12,33
Centro;Marche;MC;D564;1;2,38
Centro;Marche;MC;D566;0;0
Isole;Sicilia;PA;D567;6,17;15
Nord Est;Veneto;RO;D568;0;6
Isole;Sicilia;ME;D569;3,66;0
Centro;Umbria;TR;D570;5;5
Nord Ovest;Lombardia;CR;D574;0;8,67
Centro;Toscana;FI;D575;17;51,79
Nord Ovest;Lombardia;BS;D576;1;14,67
Nord Est;Veneto;RO;D577;2;22,67
Nord Est;Veneto;VE;D578;1,17;155,91
Nord Ovest;Lombardia;CO;D579;1;10,51
Sud;Calabria;CS;D582;3;0
Isole;Sardegna;OR;D585;0;0
Centro;Lazio;RM;D586;3;1
Sud;Calabria;VV;D587;1;1
Nord Ovest;Lombardia;BG;D588;4,14;39,25
Sud;Calabria;VV;D589;0,8;0
Centro;Toscana;MS;D590;11,49;1,66
Centro;Lazio;FR;D591;10,08;11,5
Sud;Abruzzo;CH;D592;0;4,33
Sud;Basilicata;PZ;D593;1;3
Nord Ovest;Lombardia;PV;D594;2;10
Sud;Molise;IS;D595;0;0
Sud;Calabria;VV;D596;0;0
Centro;Marche;AN;D597;8;20,5
Nord Est;Emilia-Romagna;MO;D599;15,59;104,07
Nord Ovest;Liguria;SV;D600;73,54;170,47
Nord Ovest;Lombardia;BG;D604;0;9
Nord Ovest;Lombardia;CO;D605;17,25;77
Nord Ovest;Lombardia;BG;D606;2;27
Nord Est;Emilia-Romagna;MO;D607;23;193,01
Nord Ovest;Piemonte;TO;D608;9;6
Nord Est;Emilia-Romagna;PC;D611;9,79;99,13
Centro;Toscana;FI;D612;587,83;1703,66
Centro;Toscana;FI;D613;9,69;35,25
Sud;Calabria;CS;D614;0;0
Sud;Campania;SA;D615;15,1;45,42
Nord Est;Emilia-Romagna;MO;D617;4,25;21,83
Sud;Calabria;RC;D619;0;0
Nord Est;Friuli- Venezia Giulia;PN;D621;20,48;115,76
Isole;Sicilia;ME;D622;2;0
Isole;Sicilia;CT;D623;8;36,18
Sud;Calabria;CS;D624;0,83;0,5
Centro;Marche;MC;D628;4,18;2,09
Centro;Toscana;MS;D629;24;11
Nord Est;Friuli- Venezia Giulia;UD;D630;1;1
Nord Ovest;Lombardia;BS;D634;5,17;82,26
Isole;Sicilia;ME;D635;1;7
Isole;Sicilia;SR;D636;2,5;51,75
Isole;Sardegna;SS;D637;1;2
Sud;Campania;AV;D638;0;1
Isole;Sardegna;CA;D639;0;2
Isole;Sardegna;NU;D640;0;0
Nord Ovest;Piemonte;VC;D641;0;0
Sud;Puglia;FG;D643;134,72;905,95
Sud;Campania;BN;D644;1;0
Nord Ovest;Piemonte;TO;D646;1,5;6
Centro;Toscana;AR;D649;7;41,48
Sud;Campania;BN;D650;1;0
Centro;Marche;AP;D652;7,5;47,75
Centro;Umbria;PG;D653;70,57;307,59
Nord Est;Veneto;TV;D654;2;24,5
Nord Ovest;Liguria;SP;D655;14;31,33
Centro;Toscana;GR;D656;40,21;165,21
Nord Ovest;Lombardia;LO;D660;1,75;16
Isole;Sicilia;ME;D661;0;0
Centro;Lazio;LT;D662;40,05;42,09
Isole;Sardegna;NU;D665;0;5,66
Nord Ovest;Valle d'Aosta;AO;D666;4;2
Centro;Lazio;FR;D667;0;2
Nord Est;Emilia-Romagna;BO;D668;1;6,5
Nord Est;Friuli- Venezia Giulia;PN;D670;26;142,5
Sud;Campania;AV;D671;1;1
Nord Ovest;Lombardia;BG;D672;3,25;51,59
Nord Est;Emilia-Romagna;PR;D673;12;62,91
Nord Est;Veneto;TV;D674;5,65;35,48
Nord Ovest;Piemonte;NO;D675;0,5;13
Nord Ovest;Piemonte;VC;D676;1;6,9
Nord Ovest;Liguria;GE;D677;1;0
Nord Ovest;Piemonte;AT;D678;3;3
Nord Est;Veneto;PD;D679;1,5;40,5
Nord Est;Veneto;TV;D680;7;40,5
Sud;Abruzzo;AQ;D681;0;0
Centro;Lazio;FR;D682;0;2
Sud;Campania;CE;D683;0;1
Nord Ovest;Lombardia;BG;D684;1;8
Nord Est;Emilia-Romagna;PR;D685;4;46,84
Nord Est;Veneto;BL;D686;5,11;6
Nord Ovest;Lombardia;BG;D688;1;23
Centro;Lazio;RI;D689;5,78;6,44
Sud;Abruzzo;CH;D690;8;104
Centro;Marche;AP;D691;1;3,5
Sud;Campania;BN;D693;2;0
Nord Ovest;Lombardia;SO;D694;4,58;1
Isole;Sardegna;OR;D695;0;0,5
Sud;Basilicata;PZ;D696;0;1
Nord Ovest;Lombardia;BG;D697;1,5;16,5
Nord Est;Friuli- Venezia Giulia;UD;D700;2;9
Sud;Campania;AV;D701;2;7
Sud;Campania;NA;D702;8,13;3,1
Sud;Molise;IS;D703;1,5;0,5
Nord Est;Emilia-Romagna;FO;D704;117,23;995,44
Nord Est;Emilia-Romagna;FO;D705;9;106,03
Nord Ovest;Piemonte;VB;D706;1;3
Centro;Lazio;RM;D707;15;89,06
Centro;Lazio;LT;D708;55,58;108,67
Sud;Campania;CE;D709;1,67;1
Nord Ovest;Lombardia;CR;D710;0;6
Nord Est;Emilia-Romagna;MO;D711;72,52;389,82
Nord Ovest;Piemonte;VC;D712;0;2
Sud;Molise;IS;D715;1;0
Nord Est;Veneto;VI;D717;1;12,83
Nord Est;Friuli- Venezia Giulia;UD;D718;3;1
Nord Est;Friuli- Venezia Giulia;UD;D719;11,79;19,53
Nord Est;Friuli- Venezia Giulia;UD;D720;0;1
Nord Ovest;Piemonte;TO;D725;2;6
Nord Ovest;Lombardia;BG;D727;2;22,44
Nord Est;Emilia-Romagna;PR;D728;7,22;28,33
Centro;Toscana;LU;D730;16,5;15,13
Nord Ovest;Lombardia;PV;D732;0;2
Isole;Sicilia;ME;D733;1;0
Centro;Toscana;LU;D734;0,25;0
Centro;Toscana;MS;D735;2;21
Sud;Abruzzo;AQ;D736;0;0
Sud;Molise;CB;D737;0,25;1,2
Sud;Abruzzo;CH;D738;19;35,02
Nord Est;Veneto;VE;D740;5,67;33,16
Nord Est;Veneto;VE;D741;5;37,08
Nord Ovest;Piemonte;CN;D742;66;155,84
Sud;Calabria;CZ;D744;0;0
Centro;Umbria;PG;D745;6;12,75
Sud;Calabria;RC;D746;0;3
Nord Est;Veneto;VE;D748;2;56,73
Centro;Marche;PS;D749;4,67;18,67
Nord Est;Veneto;VI;D750;1;8
Nord Ovest;Piemonte;CN;D751;10;12
Nord Ovest;Piemonte;CN;D752;40,11;136,8
Sud;Puglia;TA;D754;0;4
Sud;Campania;BN;D755;0;0
Sud;Campania;BN;D756;3;0,08
Sud;Abruzzo;CH;D757;0;0
Nord Ovest;Liguria;SP;D758;1;4
Nord Ovest;Piemonte;AL;D759;0;3
Centro;Marche;AP;D760;1;1
Sud;Puglia;BR;D761;16,87;83,75
Sud;Calabria;VV;D762;0;1
Sud;Abruzzo;CH;D763;40,22;187,39
Sud;Calabria;CS;D764;2;0
Isole;Sicilia;ME;D765;3;0
Sud;Basilicata;PZ;D766;0;0
Sud;Calabria;VV;D767;0;0
Isole;Sicilia;SR;D768;11;35
Sud;Campania;CE;D769;3,8;4,17
Nord Ovest;Piemonte;AL;D770;1;3
Nord Ovest;Lombardia;PV;D771;0;3
Centro;Lazio;RM;D773;29,48;143,67
Sud;Calabria;CS;D774;0;1
Nord Est;Veneto;RO;D776;2;13,33
Nord Ovest;Piemonte;AL;D777;1;5
Nord Ovest;Piemonte;AL;D780;1;4,67
Nord Ovest;Piemonte;TO;D781;4;3
Nord Ovest;Piemonte;CN;D782;4,88;4
Nord Est;Emilia-Romagna;MO;D783;5,25;11
Sud;Campania;BN;D784;2;0
Centro;Lazio;RI;D785;1,5;1
Centro;Umbria;PG;D786;15,64;105,84
Centro;Umbria;PG;D787;0,83;5,5
Nord Est;Veneto;RO;D788;1,5;12,33
Sud;Campania;NA;D789;27,26;73,76
Sud;Campania;NA;D790;12,8;34,43
Centro;Marche;PS;D791;1;0
Isole;Sicilia;ME;D793;0;0
Nord Est;Veneto;TV;D794;2;13,93
Sud;Abruzzo;CH;D796;1;1
Nord Ovest;Piemonte;AL;D797;1;2
Sud;Campania;AV;D798;1,17;7
Sud;Campania;CE;D799;0,5;9,5
Sud;Campania;CE;D801;2;5
Nord Ovest;Piemonte;AT;D802;0;7
Sud;Abruzzo;CH;D803;1;1,5
Nord Est;Friuli- Venezia Giulia;PN;D804;0;0
Nord Ovest;Piemonte;TO;D805;1;8
Centro;Marche;PS;D807;0;0
Centro;Marche;PS;D808;3,33;1
Centro;Lazio;FR;D810;65,72;107
Sud;Molise;IS;D811;3;4
Nord Ovest;Piemonte;TO;D812;5;27,5
Nord Ovest;Piemonte;AL;D813;2;9
Nord Ovest;Piemonte;AL;D814;2;12,5
Centro;Toscana;FI;D815;31,5;88,16
Nord Ovest;Lombardia;BG;D817;1,08;5
Nord Est;Veneto;VR;D818;6;23,67
Centro;Lazio;FR;D819;2;2
Sud;Abruzzo;CH;D823;0;1
Isole;Sicilia;ME;D824;2;2,17
Isole;Sicilia;ME;D825;3;17
Sud;Campania;SA;D826;3;0
Isole;Sardegna;CA;D827;0;0
Sud;Calabria;CS;D828;7,18;2
Nord Est;Emilia-Romagna;RA;D829;0;29,5
Nord Ovest;Lombardia;SO;D830;0;0
Sud;Campania;SA;D832;0;1
Nord Ovest;Lombardia;CR;D834;1;5
Nord Ovest;Piemonte;AL;D835;0;4
Centro;Marche;PS;D836;14;31
Nord Ovest;Valle d'Aosta;AO;D839;5;2
Nord Ovest;Lombardia;CR;D841;0;17
Isole;Sardegna;NU;D842;0;0
Centro;Lazio;LT;D843;40,1;84,9
Isole;Sicilia;ME;D844;3;14,67
Nord Ovest;Lombardia;MI;D845;8;114,83
Nord Est;Emilia-Romagna;BO;D847;5,97;33,41
Nord Ovest;Piemonte;BI;D848;5;22,5
Isole;Sicilia;EN;D849;0,5;6
Sud;Abruzzo;AQ;D850;0;0
Sud;Puglia;LE;D851;9;4
Sud;Calabria;CZ;D852;2;0
Centro;Marche;MC;D853;0;10
Nord Est;Veneto;TV;D854;7,5;31,67
Nord Est;Veneto;RO;D855;1;5
Nord Ovest;Piemonte;CN;D856;0;0
Centro;Toscana;SI;D858;6,56;24,83
Isole;Sardegna;NU;D859;1;1,42
Isole;Sicilia;ME;D861;1;1
Sud;Puglia;LE;D862;10,8;43,64
Sud;Puglia;LE;D863;9,75;25
Sud;Calabria;RC;D864;0;0
Nord Ovest;Lombardia;LC;D865;45,52;120,81
Nord Est;Emilia-Romagna;FO;D867;3;41
Nord Ovest;Lombardia;LO;D868;2,1;20,5
Nord Ovest;Lombardia;VA;D869;88,67;551,65
Centro;Lazio;VT;D870;6;3
Nord Ovest;Lombardia;VA;D871;0;9,5
Nord Ovest;Piemonte;NO;D872;25,3;125,16
Nord Ovest;Lombardia;PV;D873;0;0
Centro;Toscana;LU;D874;3,6;6,67
Centro;Lazio;RM;D875;17;5
Sud;Basilicata;PZ;D876;0;0
Nord Est;Emilia-Romagna;BO;D878;2,95;54,83
Nord Est;Veneto;PD;D879;6;40,33
Centro;Lazio;FR;D881;4;1
Nord Est;Veneto;VI;D882;8,18;97,67
Sud;Puglia;LE;D883;13,87;112,83
Sud;Campania;CE;D884;1;1
Isole;Sicilia;ME;D885;1;0
Sud;Campania;CE;D886;1;1
Isole;Sardegna;NU;D888;0;0
Nord Est;Veneto;PD;D889;4,43;19,71
Nord Ovest;Piemonte;AL;D890;3,17;3
Nord Ovest;Lombardia;BS;D891;1;32,66
Nord Ovest;Lombardia;PV;D892;2;0
Nord Ovest;Piemonte;CN;D894;0;0
Centro;Toscana;FI;D895;6,5;21,94
Sud;Molise;CB;D896;2,5;0
Nord Est;Veneto;VI;D897;4;22,5
Sud;Abruzzo;CH;D898;0;3
Nord Est;Emilia-Romagna;FO;D899;11;134,39
Nord Ovest;Lombardia;PV;D901;10;60,6
Nord Est;Veneto;VI;D902;0;2,5
Nord Ovest;Lombardia;BG;D903;2,83;19
Nord Ovest;Lombardia;BG;D905;5,5;38,5
Nord Ovest;Lombardia;BG;D906;0;2
Isole;Sicilia;PA;D907;3,9;8
Sud;Basilicata;MT;D909;1;1
Nord Ovest;Piemonte;AL;D910;2;4,5
Nord Ovest;Piemonte;NO;D911;1;22
Nord Ovest;Lombardia;MI;D912;38,8;216
Nord Ovest;Lombardia;LC;D913;2,48;12,5
Nord Est;Veneto;VR;D915;4;32,75
Nord Ovest;Lombardia;BS;D917;10,84;54,6
Nord Ovest;Lombardia;BS;D918;4,5;48,67
Nord Ovest;Piemonte;CN;D920;12;21
Nord Ovest;Piemonte;NO;D921;1;15,5
Nord Ovest;Lombardia;BS;D924;9,43;13,4
Nord Ovest;Lombardia;PV;D925;7;64,08
Nord Ovest;Lombardia;LC;D926;2,66;27
Nord Ovest;Liguria;SV;D927;0;16
Nord Ovest;Lombardia;CO;D930;2;0
Nord Ovest;Piemonte;TO;D931;1;8,33
Sud;Calabria;CZ;D932;6,07;0
Nord Ovest;Piemonte;TO;D933;24;104,64
Nord Est;Emilia-Romagna;RE;D934;12,5;39,5
Nord Est;Emilia-Romagna;FO;D935;15,5;98,23
Nord Ovest;Piemonte;VC;D938;5,84;36,47
Nord Ovest;Lombardia;BS;D940;11,5;70,84
Nord Est;Veneto;RO;D942;0;7,17
Nord Ovest;Lombardia;BG;D943;1;4,33
Nord Ovest;Piemonte;AL;D944;3;24
Centro;Lazio;RM;D945;0;1
Nord Ovest;Lombardia;VA;D946;14,75;89,4
Isole;Sardegna;NU;D947;0;0
Centro;Toscana;GR;D948;16,06;57,35
Nord Ovest;Lombardia;MN;D949;2,36;17
Nord Ovest;Lombardia;VA;D951;3,05;33
Nord Ovest;Lombardia;BG;D952;4,53;29,17
Nord Est;Veneto;PD;D956;4;31
Nord Est;Veneto;VR;D957;3;27,84
Nord Est;Emilia-Romagna;PC;D958;1;14,5
Nord Ovest;Lombardia;MN;D959;0;2
Isole;Sicilia;CL;D960;17,9;71,81
Nord Est;Emilia-Romagna;RN;D961;0;6,5
Nord Est;Friuli- Venezia Giulia;UD;D962;6,17;44,49
Nord Ovest;Lombardia;VA;D963;0;14
Centro;Lazio;RM;D964;8,5;12,5
Centro;Marche;AN;D965;0;3,5
Nord Ovest;Lombardia;CR;D966;0;2,42
Nord Ovest;Piemonte;CN;D967;1,5;7,5
Isole;Sardegna;NU;D968;0;0
Nord Ovest;Liguria;GE;D969;1028,18;2758,55
Isole;Sardegna;CA;D970;0;0
Sud;Basilicata;PZ;D971;3,83;7
Centro;Lazio;RM;D972;30,76;76,41
Nord Ovest;Lombardia;CO;D974;5;5
Sud;Calabria;RC;D975;1;2
Sud;Calabria;RC;D976;1;6,5
Isole;Sicilia;PA;D977;6,5;1
Centro;Lazio;RM;D978;4;0
Nord Ovest;Lombardia;PV;D980;0;8,5
Nord Ovest;Lombardia;VA;D981;15,12;87,68
Isole;Sardegna;NU;D982;0;0
Nord Ovest;Piemonte;TO;D983;2;3
Nord Ovest;Piemonte;VB;D984;1;0
Nord Ovest;Lombardia;VA;D987;5,5;30,49
Sud;Calabria;VV;D988;0;2
Nord Ovest;Lombardia;SO;D990;0,15;2
Nord Ovest;Lombardia;CR;D993;0;7,5
Isole;Sardegna;CA;D994;0;0
Nord Ovest;Lombardia;MI;D995;5;122,01
Sud;Abruzzo;CH;D996;2;7
Isole;Sardegna;CA;D997;2;0
Sud;Campania;AV;D998;3,5;4,08
Nord Ovest;Lombardia;BS;D999;4;109,12
Nord Ovest;Piemonte;NO;E001;5;12
Nord Ovest;Piemonte;VB;E003;4,08;29,51
Isole;Sardegna;OR;E004;2;2
Nord Ovest;Lombardia;BG;E006;6;43,5
Nord Ovest;Piemonte;VC;E007;2;3
Nord Est;Veneto;RO;E008;1;7
Nord Ovest;Piemonte;TO;E009;2;3
Nord Ovest;Lombardia;BS;E010;2;12
Sud;Campania;CE;E011;0;0
Centro;Umbria;PG;E012;8,5;19
Isole;Sicilia;PA;E013;0;3
Isole;Sicilia;ME;E014;7,2;47,17
Nord Ovest;Piemonte;AL;E015;0;3,5
Isole;Sicilia;RG;E016;4;4,38
Isole;Sicilia;CT;E017;22,48;128,03
Isole;Sardegna;SS;E019;0;3,89
Nord Ovest;Piemonte;TO;E020;31,45;132,78
Nord Est;Veneto;TV;E021;5,5;37,5
Isole;Sardegna;CA;E022;0;0
Isole;Sicilia;TP;E023;1;7,5
Nord Ovest;Piemonte;BI;E024;2;2
Sud;Calabria;RC;E025;4;1
Sud;Campania;SA;E026;9;6,67
Sud;Campania;SA;E027;17,51;28,86
Nord Ovest;Piemonte;VB;E028;0;9
Nord Ovest;Valle d'Aosta;AO;E029;5;1
Sud;Molise;CB;E030;2;0
Sud;Calabria;CZ;E031;0,06;0
Sud;Basilicata;PZ;E033;0;0
Sud;Campania;BN;E034;0;0
Sud;Puglia;TA;E036;32,61;43,75
Sud;Campania;SA;E037;0;1
Sud;Puglia;BA;E038;37;97,11
Sud;Campania;CE;E039;3;0
Sud;Abruzzo;AQ;E040;2;6
Sud;Calabria;RC;E041;3;13
Isole;Sicilia;ME;E043;5,99;2
Sud;Calabria;RC;E044;2;2
Centro;Umbria;TR;E045;6;17
Sud;Puglia;BA;E047;36,26;67,72
Isole;Sardegna;NU;E049;0;3,5
Sud;Calabria;CZ;E050;5,21;1
Sud;Abruzzo;CH;E052;5,14;2
Sud;Puglia;LE;E053;1;1
Sud;Campania;NA;E054;67,25;414,3
Isole;Sicilia;PA;E055;1;1
Sud;Abruzzo;CH;E056;0;0
Centro;Lazio;FR;E057;2;0,83
Sud;Abruzzo;TE;E058;51,16;184,2
Sud;Campania;SA;E060;0;0
Sud;Puglia;LE;E061;0;2
Nord Ovest;Lombardia;PV;E062;13,5;68,7
Nord Ovest;Lombardia;MI;E063;49,82;223,76
Nord Ovest;Liguria;SV;E064;3;4
Nord Ovest;Liguria;SV;E066;0;0
Nord Ovest;Piemonte;TO;E067;10,33;48,33
Sud;Calabria;CZ;E068;6;5
Nord Ovest;Liguria;SP;E070;5,33;1
Nord Est;Veneto;TV;E071;5;37,02
Nord Ovest;Lombardia;PV;E072;2;30
Isole;Sicilia;PA;E074;0;0
Nord Ovest;Lombardia;MN;E078;4;58,42
Nord Ovest;Lombardia;VA;E079;1;20
Nord Ovest;Lombardia;PV;E081;1;2
Nord Ovest;Lombardia;CR;E082;0;5
Nord Est;Friuli- Venezia Giulia;UD;E083;3;22
Isole;Sardegna;CA;E084;0;0
Isole;Sardegna;CA;E085;1;0
Isole;Sardegna;CA;E086;1;4
Isole;Sardegna;OR;E087;0;0
Isole;Sardegna;OR;E088;0;0
Nord Ovest;Lombardia;MN;E089;3,17;38,33
Nord Ovest;Lombardia;SO;E090;19,33;9,5
Centro;Lazio;RM;E091;0;1
Nord Est;Veneto;TV;E092;3;22,83
Sud;Basilicata;MT;E093;2;4
Nord Ovest;Lombardia;MI;E094;103;278,89
Sud;Abruzzo;AQ;E096;2;0
Nord Ovest;Lombardia;BG;E100;5,08;34,16
Nord Ovest;Lombardia;VA;E101;3;22,01
Nord Ovest;Lombardia;VA;E102;15;80,05
Nord Ovest;Lombardia;BG;E103;7,3;109,25
Nord Ovest;Lombardia;VA;E104;3;20,5
Nord Ovest;Lombardia;BG;E106;2;7
Nord Est;Emilia-Romagna;FE;E107;3;8,59
Nord Ovest;Liguria;GE;E109;1;0
Nord Ovest;Piemonte;CN;E111;1;0
Nord Est;Veneto;BL;E113;2,54;6,62
Nord Est;Emilia-Romagna;PC;E114;2;71,25
Nord Ovest;Piemonte;CN;E115;0;0
Nord Ovest;Lombardia;BS;E116;1,07;25,5
Nord Ovest;Piemonte;CN;E118;3;9,42
Nord Ovest;Piemonte;NO;E120;3;24
Centro;Marche;PS;E122;3;22
Centro;Lazio;VT;E126;0;1
Nord Ovest;Lombardia;LO;E127;4,5;8,17
Centro;Lazio;VT;E128;3;3
Nord Ovest;Piemonte;BI;E130;3;11
Sud;Campania;NA;E131;11,72;62,58
Nord Est;Emilia-Romagna;PC;E132;1;39
Isole;Sicilia;CT;E133;4,67;15
Nord Ovest;Piemonte;AT;E134;0;3
Nord Est;Emilia-Romagna;BO;E136;35,3;195,25
Nord Ovest;Lombardia;CO;E139;6,48;20,33
Nord Ovest;Lombardia;CO;E141;4;2,25
Isole;Sicilia;ME;E142;2;1
Nord Ovest;Piemonte;NO;E143;5;9
Nord Ovest;Lombardia;VA;E144;0;6
Nord Est;Veneto;PD;E145;0;29,67
Nord Est;Veneto;PD;E146;0;14,5
Sud;Basilicata;MT;E147;9,44;8
Nord Ovest;Lombardia;BG;E148;8;93,05
Isole;Sicilia;PA;E149;3,75;0
Nord Ovest;Lombardia;PV;E152;2;30
Nord Ovest;Piemonte;VB;E153;8;39
Nord Ovest;Piemonte;TO;E154;3;13,5
Sud;Puglia;BA;E155;135,14;122,81
Isole;Sicilia;CT;E156;9;159,5
Sud;Campania;CE;E158;1;9
Nord Ovest;Piemonte;AT;E159;0;3
Centro;Lazio;RI;E160;0;3
Sud;Campania;AV;E161;0;2
Nord Ovest;Piemonte;VC;E163;0;1
Nord Ovest;Piemonte;AL;E164;1;0
Nord Ovest;Valle d'Aosta;AO;E165;21,56;42,9
Nord Ovest;Valle d'Aosta;AO;E167;1;9
Nord Ovest;Valle d'Aosta;AO;E168;13,44;40,23
Centro;Toscana;FI;E169;26;63
Nord Ovest;Lombardia;MI;E170;4,5;44,16
Nord Est;Veneto;VR;E171;14;48,75
Nord Ovest;Lombardia;CO;E172;2;2,17
Sud;Campania;CE;E173;1,75;45
Nord Ovest;Piemonte;NO;E177;6,83;18,5
Nord Est;Friuli- Venezia Giulia;UD;E179;0;0
Sud;Calabria;CS;E180;0,5;1
Nord Ovest;Piemonte;CN;E182;11;16
Nord Est;Veneto;VI;E184;1,5;33,14
Sud;Calabria;CS;E185;6,5;2
Nord Est;Emilia-Romagna;BO;E187;13,17;38,39
Nord Ovest;Piemonte;AL;E188;0,5;2
Nord Ovest;Lombardia;BG;E189;4;34,5
Nord Ovest;Piemonte;AL;E191;3,5;0
Nord Ovest;Lombardia;BG;E192;1;16,83
Nord Ovest;Lombardia;CR;E193;0;5
Nord Ovest;Lombardia;PV;E195;9;35,86
Nord Est;Emilia-Romagna;PC;E196;4,04;14,89
Nord Ovest;Piemonte;TO;E199;3;1
Nord Ovest;Lombardia;SO;E200;26,01;3
Nord Ovest;Lombardia;SO;E201;9,2;2
Centro;Toscana;GR;E202;67,25;527,7
Nord Ovest;Piemonte;TO;E203;0;5
Centro;Lazio;RM;E204;36,5;178,17
Sud;Puglia;TA;E205;31,83;84,92
Sud;Campania;AV;E206;0;2
Centro;Marche;AP;E207;49,71;126,5
Centro;Marche;AP;E208;0,89;12,88
Isole;Sicilia;AG;E209;4;4,33
Centro;Lazio;VT;E210;6;10
Sud;Calabria;RC;E212;0;1
Sud;Basilicata;MT;E213;1;2
Sud;Campania;AV;E214;1;3,14
Nord Est;Veneto;VE;E215;0;21
Nord Ovest;Piemonte;TO;E216;65,3;273,75
Nord Ovest;Lombardia;CR;E217;1;7,17
Nord Ovest;Lombardia;BG;E219;5,93;79,76
Sud;Basilicata;PZ;E221;6;1,5
Sud;Puglia;BA;E223;5,33;38,5
Sud;Campania;NA;E224;5,73;15
Nord Est;Veneto;VI;E226;3;26,95
Sud;Puglia;LE;E227;1;7
Centro;Marche;MC;E228;0;0,84
Centro;Umbria;PG;E229;6,16;11,33
Centro;Umbria;PG;E230;13,83;37,67
Nord Est;Emilia-Romagna;RE;E232;3;30
Isole;Sicilia;ME;E233;1;1
Isole;Sardegna;CA;E234;0;0
Nord Ovest;Lombardia;CO;E235;15,34;67,5
Centro;Lazio;FR;E236;2;4
Nord Ovest;Piemonte;VC;E237;3;0
Nord Ovest;Lombardia;LO;E238;2,13;15,27
Sud;Calabria;CZ;E239;6;1
Nord Est;Veneto;RO;E240;1;5
Centro;Umbria;TR;E241;2;2
Sud;Calabria;CS;E242;2;2,22
Sud;Abruzzo;CH;E243;8;17,75
Sud;Molise;CB;E244;1;0
Sud;Campania;AV;E245;2,5;0
Sud;Basilicata;PZ;E246;1;0,78
Sud;Molise;CB;E248;0;1
Sud;Campania;BN;E249;2,5;2
Centro;Toscana;PI;E250;1;10
Nord Ovest;Piemonte;CN;E251;4;18,5
Isole;Sardegna;CA;E252;0;0
Nord Est;Emilia-Romagna;RE;E253;5;112,57
Nord Ovest;Piemonte;AL;E255;0;1
Centro;Umbria;PG;E256;28,53;70,81
Nord Ovest;Lombardia;MI;E258;1;18,66
Sud;Molise;CB;E259;2;17,5
Nord Ovest;Lombardia;MN;E261;3,92;34,67
Centro;Lazio;RM;E263;163,7;763,45
Nord Est;Emilia-Romagna;MO;E264;3;35,85
Nord Ovest;Lombardia;PV;E265;29,3;125,47
Sud;Abruzzo;CH;E266;1;1
Nord Ovest;Piemonte;VB;E269;1,17;3
Isole;Sardegna;CA;E270;2,19;7,9
Nord Ovest;Lombardia;BS;E271;25,32;136
Nord Ovest;Lombardia;CR;E272;3;10,19
Nord Ovest;Valle d'Aosta;AO;E273;6,5;5
Sud;Calabria;CZ;E274;1;1
Nord Ovest;Lombardia;BS;E280;0;5,85
Isole;Sardegna;CA;E281;13,2;49,85
Nord Ovest;Piemonte;CN;E282;0;2
Isole;Sardegna;NU;E283;1;0
Nord Est;Veneto;VR;E284;2;28
Isole;Sardegna;SS;E285;0;0
Nord Ovest;Lombardia;LC;E287;7;35,63
Nord Est;Emilia-Romagna;BO;E289;121,42;639,47
Nord Ovest;Liguria;IM;E290;109,81;179,43
Centro;Toscana;FI;E291;16,84;66,25
Nord Ovest;Lombardia;VA;E292;0;6,5
Nord Ovest;Piemonte;AT;E295;3;14,17
Nord Ovest;Lombardia;BS;E297;1;2
Nord Ovest;Lombardia;VA;E299;19,5;111,48
Nord Ovest;Piemonte;TO;E301;0;0
Nord Ovest;Piemonte;VB;E304;4;0
Nord Ovest;Lombardia;LC;E305;10,24;9,57
Nord Ovest;Valle d'Aosta;AO;E306;5;0
Sud;Abruzzo;AQ;E307;4,06;3,83
Nord Ovest;Lombardia;CO;E309;17,81;82,83
Nord Ovest;Lombardia;PV;E310;2;13
Nord Ovest;Piemonte;TO;E311;1;3
Nord Ovest;Lombardia;MI;E313;23,33;99,33
Nord Ovest;Piemonte;NO;E314;3;23
Nord Ovest;Lombardia;MI;E317;18;117,51
Nord Est;Emilia-Romagna;FE;E320;3,14;18,64
Sud;Calabria;VV;E321;0;2
Isole;Sardegna;NU;E323;0;0
Nord Ovest;Lombardia;BS;E325;0;1
Sud;Basilicata;MT;E326;3;6,33
Nord Ovest;Piemonte;CN;E327;0;0
Sud;Calabria;CZ;E328;3;0
Sud;Campania;NA;E329;7,82;6
Centro;Lazio;VT;E330;8,11;7
Sud;Puglia;FG;E332;3;4,17
Nord Ovest;Lombardia;BS;E333;11,9;70,75
Sud;Molise;IS;E335;40;44,96
Isole;Sardegna;NU;E336;2,6;0
Isole;Sicilia;PA;E337;0,5;1
Nord Ovest;Piemonte;AT;E338;2;1,5
Sud;Calabria;KR;E339;4,5;5
Centro;Lazio;FR;E340;10;12,78
Nord Ovest;Liguria;GE;E341;8,34;7
Nord Ovest;Lombardia;SO;E342;16,76;48,17
Sud;Abruzzo;TE;E343;6;6
Nord Ovest;Piemonte;TO;E345;0;2
Nord Ovest;Liguria;IM;E346;3;1
Centro;Toscana;GR;E348;4;7
Nord Est;Veneto;VR;E349;14;104,01
Isole;Sicilia;PA;E350;6,5;20,95
Centro;Marche;PS;E351;0;1
Nord Ovest;Lombardia;BG;E353;1;1
Nord Est;Veneto;VI;E354;6;83,33
Nord Ovest;Lombardia;CR;E356;1;5,66
Nord Est;Veneto;VR;E358;0,59;17,77
Nord Ovest;Piemonte;AL;E360;0;4
Sud;Puglia;FG;E363;2;0
Nord Ovest;Lombardia;BS;E364;2;22
Sud;Campania;SA;E365;2;0
Isole;Sicilia;RG;E366;15,16;19,72
Nord Ovest;Lombardia;VA;E367;3,14;43
Nord Ovest;Piemonte;TO;E368;0;1
Nord Ovest;Valle d'Aosta;AO;E369;0;0
Nord Ovest;Lombardia;BG;E370;0;1,33
Nord Ovest;Valle d'Aosta;AO;E371;3;2
Sud;Abruzzo;CH;E372;67,7;310,11
Nord Est;Veneto;TV;E373;6;52
Isole;Sicilia;ME;E374;1;1,67
Centro;Lazio;LT;E375;19;8
Isole;Sardegna;SS;E376;0;1
Isole;Sardegna;SS;E377;2;13
Nord Ovest;Piemonte;TO;E379;45,86;200,5
Nord Ovest;Lombardia;CR;E380;0;12
Sud;Molise;CB;E381;0;1
Centro;Lazio;RM;E382;1;0
Nord Ovest;Lombardia;VA;E386;6;61,34
Isole;Sardegna;NU;E387;1;0
Centro;Marche;AN;E388;51,3;196,69
Sud;Calabria;VV;E389;0;0
Isole;Sicilia;AG;E390;0;2
Nord Ovest;Valle d'Aosta;AO;E391;0;1
Centro;Lazio;RM;E392;3;25,5
Centro;Lazio;RI;E393;1;0
Nord Ovest;Piemonte;TO;E394;3,5;13,5
Nord Ovest;Lombardia;MI;E395;16;95,02
Sud;Campania;NA;E396;4,66;2
Sud;Campania;AV;E397;0,5;4,25
Isole;Sardegna;NU;E400;2;0
Isole;Sardegna;SS;E401;0;1
Sud;Calabria;RC;E402;0;0
Nord Est;Veneto;VI;E403;0;0
Nord Ovest;Lombardia;CO;E405;12,5;30,05
Nord Ovest;Piemonte;CN;E406;1;5
Sud;Calabria;CS;E407;3;3,5
Sud;Basilicata;PZ;E409;12,78;11,99
Nord Est;Emilia-Romagna;FE;E410;1;20,48
Centro;Toscana;PI;E413;11;6
Nord Ovest;Liguria;SV;E414;16,78;35
Nord Ovest;Lombardia;MI;E415;55,78;214,8
Nord Ovest;Lombardia;CO;E416;1;1
Sud;Calabria;CS;E417;0;2
Sud;Calabria;CS;E419;0;0,22
Nord Ovest;Lombardia;BG;E422;5,5;63
Nord Ovest;Piemonte;TO;E423;12,5;90,7
Sud;Abruzzo;CH;E424;2,5;4
Isole;Sardegna;SS;E425;23;58,87
Nord Est;Emilia-Romagna;MO;E426;1;21,24
Nord Ovest;Lombardia;CO;E428;5,5;18
Nord Est;Veneto;BL;E429;7,5;1,86
Nord Ovest;Piemonte;CN;E430;3;15,17
Isole;Sicilia;AG;E431;0,25;0
Centro;Toscana;PT;E432;5;22,2
Nord Ovest;Piemonte;VC;E433;1;2
Sud;Abruzzo;CH;E435;38,42;119,98
Nord Ovest;Piemonte;NO;E436;0;0
Nord Ovest;Lombardia;PV;E437;4;47,17
Nord Est;Emilia-Romagna;PR;E438;15,5;69,5
Nord Ovest;Lombardia;PV;E439;1;2,5
Isole;Sardegna;NU;E441;2;3
Nord Ovest;Lombardia;SO;E443;11,15;5,26
Nord Ovest;Piemonte;TO;E445;9,5;31,67
Centro;Marche;AP;E447;2;2
Sud;Campania;AV;E448;3;0,44
Sud;Calabria;CS;E450;0;0
Centro;Toscana;PT;E451;6;24,5
Nord Ovest;Lombardia;PV;E454;1;10
Sud;Molise;CB;E456;2;9,96
Nord Ovest;Valle d'Aosta;AO;E458;14,52;41
Isole;Sicilia;PA;E459;16,33;3,5
Nord Ovest;Lombardia;CO;E462;0;0
Nord Ovest;Liguria;SP;E463;153,26;271,08
Isole;Sardegna;CA;E464;1;0
Nord Est;Veneto;VI;E465;0;0
Centro;Toscana;FI;E466;26,63;76,82
Centro;Lazio;VT;E467;1,75;2
Sud;Puglia;TA;E469;18;22,17
Nord Ovest;Valle d'Aosta;AO;E470;22,33;74,67
Sud;Puglia;BR;E471;2,96;11,67
Centro;Lazio;LT;E472;157,2;704,92
Nord Est;Friuli- Venezia Giulia;UD;E473;22,5;97,54
Sud;Basilicata;PZ;E474;7;1
Sud;Calabria;CS;E475;4;0
Nord Est;Friuli- Venezia Giulia;UD;E476;0;1
Sud;Calabria;RC;E479;2,67;0,5
Sud;Campania;SA;E480;1;2
Sud;Basilicata;PZ;E482;10,41;0
Sud;Basilicata;PZ;E483;4;6,5
Nord Ovest;Piemonte;TO;E484;2;5
Sud;Campania;SA;E485;3;1
Sud;Campania;SA;E486;2;0
Sud;Campania;AV;E487;1;3
Nord Ovest;Liguria;GE;E488;32,9;132
Nord Est;Veneto;VR;E489;11;92,64
Nord Est;Veneto;BL;E490;3;4
Sud;Basilicata;PZ;E493;15,11;29
Nord Ovest;Lombardia;VA;E494;5;40
Nord Ovest;Lombardia;VA;E496;6,33;64,4
Nord Ovest;Lombardia;BS;E497;1;0
Sud;Campania;SA;E498;6;8
Nord Est;Veneto;VR;E502;26,36;106,33
Nord Ovest;Lombardia;MI;E504;15,25;62,33
Sud;Abruzzo;AQ;E505;3;2
Sud;Puglia;LE;E506;68,86;525,05
Nord Ovest;Lombardia;LC;E507;116,64;397,74
Nord Ovest;Lombardia;BG;E509;12,25;37,66
Nord Ovest;Lombardia;VA;E510;4,34;46,35
Nord Est;Veneto;VR;E512;22,74;231,45
Nord Ovest;Lombardia;MI;E514;101,2;698,31
Nord Est;Veneto;PD;E515;2;139,87
Isole;Sardegna;NU;E517;0;1
Nord Ovest;Piemonte;TO;E518;42,99;186,3
Nord Ovest;Liguria;GE;E519;5;16,67
Nord Ovest;Piemonte;TO;E520;3;1
Nord Est;Veneto;RO;E522;12;80,32
Isole;Sicilia;ME;E523;1;0
Nord Ovest;Lombardia;BG;E524;0;2
Nord Ovest;Lombardia;BS;E526;4,56;114,46
Centro;Lazio;LT;E527;4,67;5
Nord Ovest;Piemonte;VC;E528;1;7
Nord Ovest;Lombardia;MI;E530;14;120,17
Sud;Abruzzo;CH;E531;0;0
Isole;Sicilia;SR;E532;27,7;51,51
Centro;Lazio;RI;E535;7,75;6,8
Isole;Sicilia;EN;E536;13,75;17,08
Sud;Puglia;TA;E537;1;6
Sud;Puglia;LE;E538;7;27
Nord Ovest;Piemonte;CN;E539;3,17;1,67
Nord Ovest;Piemonte;CN;E540;0;1
Isole;Sicilia;PA;E541;7;1
Nord Ovest;Liguria;SP;E542;34,17;116,82
Nord Ovest;Piemonte;AL;E543;0;4
Nord Ovest;Piemonte;NO;E544;10;29,34
Nord Ovest;Piemonte;CN;E546;1;2
Nord Est;Emilia-Romagna;PR;E547;4;43,68
Nord Est;Emilia-Romagna;PR;E548;6;7,5
Sud;Puglia;FG;E549;6,08;46
Nord Ovest;Lombardia;MI;E550;23,61;133,12
Nord Ovest;Piemonte;TO;E551;0;10
Nord Est;Friuli- Venezia Giulia;UD;E553;3,04;22,5
Sud;Campania;CE;E554;0;0
Isole;Sicilia;ME;E555;5;18,5
Sud;Campania;NA;E557;7;14
Sud;Abruzzo;PE;E558;1;1,33
Sud;Abruzzo;CH;E559;0;0
Nord Ovest;Liguria;SP;E560;8,04;18,11
Nord Ovest;Lombardia;BG;E562;6,78;26,67
Sud;Puglia;LE;E563;4,5;12,83
Nord Ovest;Piemonte;CN;E564;1;1
Nord Ovest;Piemonte;TO;E566;1;1
Nord Ovest;Lombardia;CO;E569;1,51;17,01
Sud;Campania;CE;E570;0;0
Isole;Sicilia;ME;E571;1;0
Isole;Sicilia;AG;E573;17,39;46,74
Centro;Toscana;MS;E574;5,75;5
Centro;Lazio;RM;E576;3,5;0
Isole;Sicilia;CT;E578;4;3
Nord Ovest;Lombardia;LC;E581;11;27,67
Nord Ovest;Piemonte;VC;E583;0,5;5,5
Nord Est;Friuli- Venezia Giulia;UD;E584;75,28;259,09
Nord Ovest;Valle d'Aosta;AO;E587;4;0
Nord Est;Veneto;BL;E588;10,83;67,5
Sud;Campania;BN;E589;1;0
Sud;Calabria;VV;E590;0;1
Nord Ovest;Lombardia;MI;E591;59,59;311,87
Nord Est;Veneto;PD;E592;4,5;104,09
Nord Ovest;Lombardia;CO;E593;0;45,8
Isole;Sicilia;ME;E594;0;1
Nord Ovest;Lombardia;BS;E596;1;10,75
Nord Ovest;Piemonte;CN;E597;31,87;81,81
Sud;Molise;CB;E599;0;2
Nord Ovest;Lombardia;PV;E600;1;27
Isole;Sicilia;CT;E602;6,5;9
Sud;Campania;AV;E605;3;9
Isole;Sicilia;ME;E606;12,83;14,17
Nord Ovest;Lombardia;CO;E607;9,5;57,17
Nord Ovest;Lombardia;PV;E608;0;0
Nord Ovest;Lombardia;MI;E610;10;56,22
Sud;Abruzzo;CH;E611;0;1
Centro;Umbria;PG;E613;5;2
Nord Ovest;Piemonte;CN;E615;1;1
Nord Ovest;Lombardia;MI;E617;167,61;565,82
Isole;Sicilia;CL;E618;1;0,5
Sud;Campania;NA;E620;1;3
Nord Ovest;Lombardia;SO;E621;43,73;52,25
Nord Ovest;Lombardia;CO;E623;1;1,5
Centro;Toscana;LI;E625;191,38;860,04
Nord Ovest;Piemonte;VC;E626;10;30
Nord Ovest;Lombardia;LO;E627;0;18,5
Sud;Puglia;LE;E629;6;30
Sud;Puglia;TA;E630;3;4,67
Nord Ovest;Liguria;SV;E632;54,5;167,06
Nord Ovest;Piemonte;AT;E633;1;0
Nord Ovest;Piemonte;TO;E635;3;3
Nord Ovest;Lombardia;CO;E638;8,34;39,27
Nord Ovest;Lombardia;MI;E639;9;88,25
Nord Ovest;Lombardia;BG;E640;0;2
Isole;Sardegna;NU;E644;1;0
Sud;Puglia;BA;E645;17,93;26,5
Isole;Sardegna;NU;E646;0;0
Isole;Sardegna;NU;E647;0;0
Nord Ovest;Lombardia;LO;E648;143,69;512,78
Nord Ovest;Lombardia;LO;E651;9;54,16
Nord Ovest;Lombardia;BS;E652;0;6
Nord Ovest;Lombardia;BS;E654;0,33;34,66
Nord Est;Emilia-Romagna;BO;E655;5;39,17
Nord Ovest;Lombardia;LC;E656;12,34;39,53
Nord Ovest;Lombardia;CO;E659;15,27;85,87
Nord Ovest;Piemonte;TO;E660;3;10,08
Nord Ovest;Piemonte;TO;E661;1;7
Nord Ovest;Lombardia;PV;E662;0;12,25
Nord Ovest;Lombardia;VA;E665;2;51,5
Nord Ovest;Lombardia;VA;E666;16,3;84,36
Centro;Toscana;FI;E668;1;10
Sud;Molise;IS;E669;0;0
Nord Est;Veneto;VI;E671;2,33;55,67
Nord Ovest;Lombardia;BS;E673;0;4,33
Isole;Sicilia;ME;E674;0;0
Nord Est;Emilia-Romagna;FO;E675;1,5;56,25
Sud;Calabria;CS;E677;7;2
Sud;Calabria;CS;E678;0;3,78
Nord Ovest;Lombardia;CO;E679;6;26
Centro;Toscana;LI;E680;10;26,5
Centro;Lazio;RI;E681;3,66;0
Nord Est;Veneto;VI;E682;8;124,75
Nord Ovest;Piemonte;TO;E683;0;2
Nord Est;Veneto;PD;E684;4;49
Nord Ovest;Piemonte;VB;E685;1,2;0,4
Nord Est;Veneto;BL;E687;2;0,5
Nord Est;Veneto;RO;E689;1;11
Centro;Marche;AN;E690;5;77,17
Sud;Abruzzo;PE;E691;4;26,11
Nord Est;Veneto;TV;E692;10,79;53,67
Centro;Toscana;AR;E693;10,5;38,5
Centro;Marche;MC;E694;3;16,5
Nord Ovest;Liguria;GE;E695;1;2
Nord Ovest;Lombardia;BS;E698;0;1
Isole;Sardegna;NU;E700;1,02;1
Nord Ovest;Lombardia;BG;E704;7,5;33,49
Nord Ovest;Lombardia;SO;E705;0;1
Nord Ovest;Lombardia;BS;E706;8,5;4,5
Nord Ovest;Lombardia;VA;E707;1;13
Nord Est;Veneto;BL;E708;1,5;2
Nord Est;Veneto;PD;E709;1;9,83
Nord Ovest;Piemonte;VC;E711;0;1,33
Centro;Lazio;VT;E713;1;1,5
Isole;Sicilia;AG;E714;6;0
Centro;Toscana;LU;E715;144,33;435,67
Sud;Puglia;FG;E716;23,5;124,91
Centro;Toscana;AR;E718;3;11,67
Nord Ovest;Liguria;IM;E719;0;0
Sud;Molise;CB;E722;3;5
Sud;Abruzzo;AQ;E723;10;7,5
Sud;Abruzzo;AQ;E724;11;14,5
Nord Est;Emilia-Romagna;PC;E726;8;14,99
Centro;Umbria;TR;E729;5,09;0,03
Nord Est;Emilia-Romagna;RA;E730;33,83;255,06
Nord Est;Veneto;VI;E731;2;21,84
Nord Ovest;Lombardia;VA;E734;20,5;130,8
Nord Ovest;Lombardia;CO;E735;4;45,59
Isole;Sardegna;NU;E736;0;0
Nord Ovest;Liguria;GE;E737;4;2,5
Nord Ovest;Lombardia;BS;E738;11,38;84,12
Isole;Sardegna;CA;E742;0;0
Centro;Marche;PS;E743;0;0
Sud;Calabria;CS;E745;3;3
Sud;Campania;AV;E746;1;1,67
Isole;Sardegna;SS;E747;3,5;0
Sud;Molise;CB;E748;0;2
Nord Ovest;Lombardia;CO;E749;16;51,1
Nord Ovest;Lombardia;CO;E750;2,66;16
Nord Ovest;Lombardia;BG;E751;0,5;26,5
Isole;Sardegna;SS;E752;3;0
Nord Ovest;Lombardia;CO;E753;18,65;85,22
Sud;Campania;CE;E754;11,5;60
Nord Ovest;Piemonte;TO;E758;16;63,5
Nord Ovest;Piemonte;TO;E759;0;1,67
Nord Est;Friuli- Venezia Giulia;UD;E760;2;5
Nord Est;Veneto;RO;E761;5;16,2
Nord Ovest;Piemonte;TO;E763;0;1
Sud;Campania;SA;E767;0;0
Nord Ovest;Lombardia;VA;E769;1;7
Nord Ovest;Lombardia;BG;E770;1;1
Nord Est;Emilia-Romagna;RE;E772;5;51,86
Sud;Calabria;CS;E773;1;8
Nord Ovest;Lombardia;LO;E777;0;0
Sud;Molise;IS;E778;0;0,5
Sud;Molise;IS;E779;2;0
Sud;Molise;CB;E780;4;0
Nord Ovest;Piemonte;TO;E782;1,25;7,25
Centro;Marche;MC;E783;72,62;218,19
Sud;Campania;CE;E784;9,18;22
Centro;Marche;PS;E785;0;2,5
Nord Ovest;Lombardia;MI;E786;26;88,52
Nord Ovest;Lombardia;BS;E787;2;8,5
Isole;Sardegna;NU;E788;4;20,14
Nord Ovest;Piemonte;CN;E789;0;0
Nord Ovest;Piemonte;VB;E790;3;11,17
Sud;Campania;CE;E791;43,72;103,5
Nord Ovest;Lombardia;CR;E793;2;23
Nord Ovest;Lombardia;BG;E794;6;32,9
Nord Ovest;Piemonte;VB;E795;1,5;3
Centro;Lazio;LT;E798;1;1
Sud;Molise;CB;E799;2;2
Nord Ovest;Lombardia;MI;E801;88,02;325,18
Nord Ovest;Piemonte;NO;E803;5;5
Nord Ovest;Lombardia;PV;E804;2,22;16,5
Centro;Umbria;PG;E805;11,16;80,99
Sud;Calabria;CZ;E806;3;0
Centro;Marche;AP;E807;2;4,42
Nord Ovest;Piemonte;CN;E808;3;5,5
Nord Ovest;Piemonte;CN;E809;2;28,5
Centro;Toscana;GR;E810;6,98;17
Sud;Abruzzo;AQ;E811;3;14
Centro;Lazio;RI;E812;5;7,5
Centro;Lazio;RM;E813;2;2
Sud;Campania;SA;E814;1;1
Sud;Puglia;LE;E815;7;25,21
Nord Ovest;Liguria;SV;E816;2;6,9
Nord Ovest;Piemonte;TO;E817;2;10
Nord Ovest;Lombardia;MN;E818;1;4,17
Nord Ovest;Lombardia;MI;E819;12,5;103,57
Nord Est;Friuli- Venezia Giulia;UD;E820;0;13,5
Nord Ovest;Piemonte;BI;E821;0;1
Isole;Sardegna;NU;E825;2;0
Nord Ovest;Lombardia;CO;E830;1;11
Nord Est;Friuli- Venezia Giulia;UD;E833;2;30,65
Sud;Calabria;CZ;E834;5;1
Sud;Calabria;CS;E835;1;1
Sud;Calabria;VV;E836;0;0
Centro;Marche;AN;E837;3,33;26,83
Nord Est;Emilia-Romagna;RN;E838;3;1
Sud;Campania;SA;E839;6;11
Nord Ovest;Lombardia;LO;E840;1;13
Nord Ovest;Lombardia;BS;E841;0;17,92
Nord Ovest;Liguria;SP;E842;2;0
Nord Ovest;Lombardia;CR;E843;2,25;16,25
Nord Est;Emilia-Romagna;BO;E844;14,5;112,19
Nord Est;Veneto;VR;E848;23,54;26,54
Nord Ovest;Lombardia;BS;E851;0;3,5
Nord Ovest;Lombardia;LO;E852;1;16
Nord Ovest;Piemonte;VB;E853;9,06;11,37
Isole;Sicilia;CT;E854;3;5,5
Isole;Sicilia;ME;E855;5;1
Nord Ovest;Lombardia;VA;E856;0;5,44
Nord Ovest;Lombardia;LC;E858;4,45;37,02
Sud;Calabria;CS;E859;2;0
Nord Ovest;Liguria;SV;E860;3;2
Nord Ovest;Lombardia;VA;E863;28,4;161,69
Nord Est;Veneto;VI;E864;5;174,86
Nord Ovest;Lombardia;BS;E865;4,83;4
Centro;Marche;AP;E868;1;10,67
Isole;Sicilia;ME;E869;0;0
Nord Ovest;Piemonte;AL;E870;0;0
Sud;Calabria;CS;E872;0;0
Sud;Calabria;RC;E873;0;0
Isole;Sardegna;NU;E874;2;1
Centro;Toscana;GR;E875;17;20,5
Isole;Sicilia;ME;E876;0;0
Isole;Sardegna;CA;E877;0;0
Sud;Calabria;CS;E878;0;4
Nord Ovest;Lombardia;LC;E879;17,89;83,46
Nord Ovest;Piemonte;NO;E880;0;1
Sud;Puglia;TA;E882;29,13;34,79
Nord Ovest;Lombardia;BS;E883;6;159,45
Nord Ovest;Lombardia;BS;E884;8;109,4
Sud;Puglia;FG;E885;58,61;196,44
Nord Ovest;Piemonte;CN;E887;1;3
Sud;Calabria;CS;E888;1;1
Nord Est;Friuli- Venezia Giulia;PN;E889;9;76,17
Sud;Campania;AV;E891;3;6
Sud;Abruzzo;PE;E892;5;30,5
Nord Est;Veneto;TV;E893;3;22,5
Nord Ovest;Piemonte;CN;E894;4;30,5
Nord Ovest;Lombardia;SO;E896;3;0
Nord Ovest;Lombardia;MN;E897;205,97;632,55
Nord Est;Friuli- Venezia Giulia;UD;E899;11;38,55
Centro;Lazio;RM;E900;12;28,5
Nord Ovest;Lombardia;BG;E901;6;73,5
Isole;Sardegna;SS;E902;0;0
Isole;Sardegna;CA;E903;0;14,5
Nord Est;Emilia-Romagna;MO;E904;13,73;158,45
Nord Est;Emilia-Romagna;MO;E905;12,33;53,83
Sud;Campania;NA;E906;18;118,02
Nord Ovest;Piemonte;NO;E907;1,5;7,5
Centro;Lazio;RM;E908;2;1
Nord Est;Friuli- Venezia Giulia;UD;E910;2;19
Nord Est;Veneto;VR;E911;2,47;9,09
Nord Est;Veneto;VI;E912;8;75,01
Sud;Calabria;CS;E914;1;1
Sud;Calabria;CS;E915;0;2
Nord Ovest;Piemonte;AT;E917;2;3
Sud;Basilicata;PZ;E919;5,25;4
Nord Ovest;Lombardia;MI;E921;11;59,5
Nord Ovest;Lombardia;MN;E922;1;35,92
Sud;Calabria;CZ;E923;0;0
Centro;Lazio;RM;E924;5;13,6
Sud;Calabria;CZ;E925;2;2
Centro;Lazio;RI;E927;1;0
Nord Ovest;Lombardia;BS;E928;2,09;11,67
Nord Ovest;Lombardia;VA;E929;1;35,5
Centro;Toscana;LI;E930;10,18;8
Centro;Toscana;LI;E931;2,5;6,9
Sud;Campania;CE;E932;14,8;63,18
Centro;Toscana;AR;E933;0;20
Nord Ovest;Lombardia;PV;E934;0;15
Nord Est;Veneto;VE;E936;9,93;299,11
Nord Ovest;Piemonte;CN;E939;7;34,75
Nord Est;Veneto;TV;E940;12,21;61
Nord Ovest;Piemonte;TO;E941;1;4
Nord Ovest;Piemonte;AT;E944;0;2
Nord Ovest;Piemonte;CN;E945;2;7
Sud;Puglia;FG;E946;16;42
Nord Ovest;Lombardia;LC;E947;2;12
Nord Ovest;Lombardia;MN;E949;0;0,5
Nord Ovest;Lombardia;CO;E951;37,33;253,96
Isole;Sicilia;CL;E953;1;0
Sud;Campania;NA;E954;10;24
Sud;Campania;NA;E955;17,83;60,95
Sud;Calabria;RC;E956;3,5;2,5
Isole;Sicilia;PA;E957;1;2
Centro;Lazio;RM;E958;110,61;516,4
Centro;Toscana;PT;E960;3,75;13
Nord Ovest;Lombardia;BS;E961;1;2
Nord Ovest;Lombardia;MN;E962;5;59,79
Nord Ovest;Piemonte;CN;E963;1;0
Nord Ovest;Lombardia;VA;E965;15;76,06
Nord Ovest;Lombardia;BS;E967;2;33
Sud;Calabria;RC;E968;0;1
Nord Est;Veneto;VI;E970;35,5;111,01
Centro;Toscana;FI;E971;4,5;10,67
Isole;Sardegna;OR;E972;1,99;2,99
Nord Ovest;Piemonte;CN;E973;0;2
Isole;Sicilia;TP;E974;41,24;155,17
Centro;Umbria;PG;E975;13,17;70,05
Sud;Basilicata;PZ;E976;3;1,75
Sud;Basilicata;PZ;E977;9,17;19
Centro;Lazio;VT;E978;9;6
Sud;Puglia;LE;E979;0,94;9
Nord Est;Veneto;VE;E980;4,58;210,56
Nord Est;Friuli- Venezia Giulia;UD;E982;9,26;65,65
Nord Ovest;Lombardia;CR;E983;2,75;31,17
Sud;Puglia;LE;E984;0;0
Sud;Puglia;TA;E986;45,67;70,67
Nord Ovest;Lombardia;BG;E987;4,5;106,92
Nord Ovest;Piemonte;CN;E988;0;5,5
Sud;Abruzzo;TE;E989;36,54;178,28
Sud;Calabria;CZ;E991;0;0
Isole;Sardegna;SS;E992;0;4
Sud;Calabria;RC;E993;0;0
Nord Ovest;Lombardia;LO;E994;1;24
Sud;Puglia;TA;E995;5,5;4,5
Sud;Campania;AV;E997;0;2
Sud;Campania;CE;E998;3;0
Nord Ovest;Lombardia;PV;E999;5;16
Sud;Calabria;CS;F001;1;1
Nord Ovest;Lombardia;VA;F002;1;2,75
Nord Ovest;Lombardia;MI;F003;19;94,16
Isole;Sicilia;CT;F004;13,17;142,75
Isole;Sicilia;CT;F005;4;70,4
Sud;Basilicata;PZ;F006;2;0
Nord Ovest;Lombardia;VA;F007;0;0
Nord Est;Veneto;TV;F009;4,75;17,5
Nord Ovest;Piemonte;VB;F010;0;5
Nord Est;Veneto;PD;F011;8,25;121,52
Nord Est;Veneto;TV;F012;10;83,13
Nord Est;Veneto;PD;F013;0,5;13,5
Nord Ovest;Piemonte;AL;F015;0;4
Nord Est;Emilia-Romagna;FE;F016;0,17;20,25
Nord Ovest;Lombardia;CO;F017;3;16,77
Nord Ovest;Liguria;GE;F020;10,33;10,58
Centro;Marche;AP;F021;0;0
Sud;Abruzzo;AQ;F022;0;2
Centro;Toscana;MS;F023;88,87;175,65
Centro;Umbria;PG;F024;9;8
Centro;Toscana;PT;F025;6;32,22
Sud;Puglia;TA;F027;58,78;72,4
Nord Ovest;Lombardia;LO;F028;3;42,01
Nord Est;Emilia-Romagna;RA;F029;19,33;63,7
Sud;Campania;NA;F030;14,33;14,33
Centro;Toscana;GR;F032;22,5;42,94
Nord Est;Veneto;PD;F033;1;32,2
Centro;Toscana;LU;F035;26,42;35,33
Nord Ovest;Piemonte;BI;F037;1;3
Nord Ovest;Piemonte;TO;F041;0;0
Nord Ovest;Piemonte;BI;F042;8,67;9
Sud;Campania;CE;F043;1;3
Centro;Marche;AP;F044;4;9
Nord Ovest;Liguria;SV;F046;0;0
Nord Ovest;Piemonte;NO;F047;3;14
Nord Ovest;Piemonte;VB;F048;0;0
Isole;Sardegna;OR;F050;0;1
Centro;Marche;MC;F051;6;46,16
Sud;Basilicata;MT;F052;70,87;287
Nord Ovest;Piemonte;TO;F053;3;26
Sud;Puglia;LE;F054;5,34;13
Sud;Molise;CB;F055;0;2
Nord Ovest;Piemonte;TO;F058;3;3,33
Sud;Puglia;FG;F059;4,33;20
Isole;Sicilia;TP;F061;4,77;37,1
Nord Ovest;Lombardia;BS;F063;8;139,1
Centro;Lazio;RM;F064;6,84;6,5
Isole;Sicilia;CL;F065;3,5;13
Isole;Sicilia;ME;F066;4,83;0
Nord Ovest;Piemonte;TO;F067;7,11;34,77
Nord Ovest;Lombardia;SO;F070;2;4,3
Isole;Sardegna;NU;F073;0;0
Nord Ovest;Piemonte;TO;F074;1;5
Nord Ovest;Lombardia;MI;F078;41,36;289,63
Nord Ovest;Lombardia;PV;F080;7;53,62
Nord Est;Emilia-Romagna;PR;F082;19;91,9
Nord Est;Emilia-Romagna;BO;F083;22,1;145,77
Nord Ovest;Lombardia;MI;F084;16;151
Nord Ovest;Lombardia;BG;F085;6,5;16,5
Nord Ovest;Lombardia;MN;F086;1,5;47
Nord Est;Emilia-Romagna;MO;F087;9;114,29
Nord Est;Veneto;TV;F088;5;17
Nord Est;Friuli- Venezia Giulia;PN;F089;3;5
Nord Est;Veneto;PD;F092;2;9
Nord Ovest;Piemonte;NO;F093;8;36,5
Nord Est;Veneto;RO;F095;0,5;5,25
Nord Ovest;Piemonte;AL;F096;1;4,33
Nord Est;Emilia-Romagna;FO;F097;7,25;69,84
Nord Ovest;Liguria;GE;F098;13;10,5
Nord Ovest;Lombardia;MI;F100;42,53;170,08
Sud;Puglia;LE;F101;3;11,5
Nord Ovest;Lombardia;LO;F102;0;2
Sud;Basilicata;PZ;F104;27;50,39
Sud;Calabria;RC;F105;0;1
Sud;Calabria;RC;F106;1;0
Isole;Sicilia;SR;F107;3,67;40
Sud;Calabria;KR;F108;11;4
Sud;Puglia;LE;F109;0;5
Sud;Campania;AV;F110;0;0
Sud;Campania;NA;F111;9;77
Sud;Calabria;RC;F112;1;4,88
Sud;Campania;BN;F113;0;1
Nord Ovest;Piemonte;CN;F114;3;2
Nord Ovest;Lombardia;SO;F115;2;0
Nord Est;Veneto;TV;F116;18,3;117,41
Sud;Puglia;LE;F117;1;1
Nord Ovest;Lombardia;MI;F119;42;185,75
Nord Ovest;Lombardia;CO;F120;6,8;34
Nord Ovest;Lombardia;PV;F122;1;5
Nord Ovest;Liguria;IM;F123;1;0
Sud;Calabria;CS;F125;8;7,5
Isole;Sicilia;AG;F126;17,67;9,88
Centro;Lazio;RM;F127;40,1;134,62
Nord Est;Veneto;VE;F130;7;33,5
Nord Ovest;Piemonte;AL;F131;0;0
Nord Ovest;Lombardia;LC;F133;29,03;123,54
Nord Ovest;Lombardia;VA;F134;0;11
Centro;Marche;PS;F135;1,5;6
Centro;Marche;PS;F136;1;2,67
Nord Est;Emilia-Romagna;RN;F137;4;23
Sud;Campania;SA;F138;26,18;47
Nord Est;Emilia-Romagna;FO;F139;6;41
Nord Ovest;Piemonte;TO;F140;1;13,5
Sud;Campania;AV;F141;9,11;40
Nord Est;Friuli- Venezia Giulia;UD;F144;1;5,5
Centro;Marche;AN;F145;2;7
Nord Ovest;Piemonte;VB;F146;7;8,5
Isole;Sicilia;ME;F147;1;1
Nord Est;Veneto;PD;F148;4,5;11,5
Nord Ovest;Lombardia;LO;F149;0;26
Nord Ovest;Lombardia;CO;F151;7,75;31,75
Sud;Puglia;BR;F152;10,46;65,75
Nord Ovest;Lombardia;SO;F153;11;1
Nord Ovest;Lombardia;VA;F154;1;14
Nord Ovest;Lombardia;MI;F155;1,67;51,67
Nord Est;Emilia-Romagna;FE;F156;2,33;25,13
Sud;Calabria;KR;F157;7;7,5
Isole;Sicilia;ME;F158;219,29;393,72
Nord Est;Veneto;PD;F161;6;122,74
Sud;Campania;NA;F162;8,83;19,45
Nord Ovest;Lombardia;MI;F165;1,67;30,62
Nord Ovest;Piemonte;BI;F167;1,5;1
Nord Ovest;Lombardia;PV;F170;0;4,1
Nord Ovest;Lombardia;PV;F171;0;2
Nord Est;Veneto;VR;F172;3;12,5
Nord Ovest;Liguria;GE;F173;2;7
Nord Ovest;Lombardia;PV;F175;3;6
Nord Ovest;Piemonte;TO;F182;4;5,5
Isole;Sicilia;PA;F184;6;2
Nord Ovest;Lombardia;BG;F186;0;0
Nord Ovest;Piemonte;NO;F188;2;9
Nord Ovest;Piemonte;BI;F189;2;1
Nord Est;Veneto;TV;F190;3;13,33
Nord Ovest;Piemonte;NO;F191;0,5;2
Nord Ovest;Piemonte;VB;F192;3;2,75
Centro;Lazio;RI;F193;0;1
Sud;Puglia;LE;F194;3;2
Sud;Abruzzo;CH;F196;1;5
Sud;Calabria;CZ;F200;1;0
Sud;Basilicata;MT;F201;2;1
Nord Ovest;Liguria;GE;F202;5,5;6,67
Sud;Campania;CE;F203;1;3
Nord Ovest;Lombardia;MI;F205;5580,76;10643,56
Isole;Sicilia;ME;F206;21,64;78,37
Sud;Calabria;VV;F207;1;3
Isole;Sardegna;OR;F208;0;0
Isole;Sicilia;CT;F209;3,5;10,42
Isole;Sicilia;ME;F210;0;0
Nord Ovest;Liguria;SV;F213;4;17
Isole;Sicilia;CT;F214;2;0
Nord Ovest;Lombardia;BS;F216;0;5,25
Isole;Sicilia;CT;F217;5,13;6
Nord Est;Veneto;VR;F218;7,02;42,31
Nord Est;Emilia-Romagna;BO;F219;17,62;97,32
Sud;Puglia;BA;F220;6,17;15,5
Sud;Puglia;LE;F221;0;3
Sud;Campania;SA;F223;4;0
Centro;Lazio;LT;F224;34,16;29,75
Centro;Toscana;LU;F225;1;3
Nord Ovest;Liguria;SV;F226;3;5
Nord Est;Veneto;VE;F229;24,22;343,89
Sud;Campania;AV;F230;2;5,33
Isole;Sicilia;CT;F231;1;4,92
Nord Ovest;Piemonte;AL;F232;0;3
Sud;Molise;CB;F233;2,33;4
Nord Ovest;Lombardia;PV;F238;1;31,67
Sud;Molise;IS;F239;1;1
Nord Est;Emilia-Romagna;MO;F240;43,34;265,93
Nord Est;Veneto;VE;F241;21;269,85
Isole;Sicilia;ME;F242;3;0
Nord Ovest;Lombardia;BG;F243;0;15,5
Nord Est;Emilia-Romagna;RN;F244;28,67;183,31
Isole;Sicilia;PA;F246;10,91;6
Nord Ovest;Lombardia;MI;F247;9;63,2
Nord Ovest;Lombardia;LC;F248;33,36;98,75
Sud;Basilicata;PZ;F249;1;0
Isole;Sicilia;CT;F250;24,5;135,8
Isole;Sicilia;ME;F251;2;11,99
Nord Ovest;Piemonte;AT;F254;1;3
Nord Ovest;Liguria;GE;F256;1,75;4
Nord Est;Emilia-Romagna;MO;F257;516,46;1909,75
Isole;Sicilia;RG;F258;46,87;169,13
Nord Est;Emilia-Romagna;FO;F259;9;17,1
Nord Ovest;Lombardia;LO;F260;6,48;66,64
Isole;Sardegna;NU;F261;1;0
Sud;Puglia;BA;F262;31,28;107,45
Nord Ovest;Lombardia;LC;F265;2;20
Nord Est;Friuli- Venezia Giulia;UD;F266;1;0,5
Nord Ovest;Lombardia;MN;F267;0;19,5
Centro;Marche;MC;F268;2;5
Nord Est;Veneto;TV;F269;31,18;430,19
Isole;Sardegna;OR;F270;0;0
Isole;Sardegna;OR;F271;0;0
Isole;Sardegna;OR;F272;1;1
Sud;Campania;BN;F274;0,5;2
Nord Est;Friuli- Venezia Giulia;UD;F275;0;3,5
Nord Ovest;Lombardia;BG;F276;0,5;1,5
Isole;Sicilia;ME;F277;2;1
Sud;Campania;SA;F278;2;0
Nord Ovest;Piemonte;CN;F279;1;0
Sud;Puglia;BA;F280;26,72;44,88
Nord Ovest;Piemonte;AL;F281;3;11
Centro;Toscana;LU;F283;5;0
Sud;Puglia;BA;F284;102,03;268,33
Sud;Campania;BN;F287;0,5;1
Nord Est;Emilia-Romagna;BO;F288;31,08;175,95
Nord Ovest;Liguria;IM;F290;8;0
Nord Ovest;Piemonte;AL;F293;0;1
Sud;Molise;CB;F294;0;0
Sud;Basilicata;PZ;F295;3,5;3
Nord Ovest;Piemonte;VC;F297;0;1
Isole;Sicilia;AG;F299;7,33;11
Sud;Calabria;RC;F301;1;2
Nord Ovest;Lombardia;LC;F304;4,25;19,25
Nord Ovest;Lombardia;CO;F305;10;11,45
Nord Ovest;Piemonte;AT;F308;1;0
Nord Ovest;Piemonte;CN;F309;1;0
Centro;Marche;PS;F310;3;10
Nord Ovest;Piemonte;AT;F311;2;0
Nord Ovest;Piemonte;CN;F312;1;1
Nord Ovest;Piemonte;AL;F313;1,59;3
Nord Ovest;Piemonte;TO;F315;0;5
Nord Ovest;Piemonte;AT;F316;6;5
Nord Ovest;Piemonte;NO;F317;1,5;11,5
Nord Ovest;Piemonte;TO;F318;4;3
Centro;Lazio;RI;F319;5;4,39
Nord Ovest;Piemonte;AL;F320;0;1
Sud;Molise;CB;F322;1;0
Nord Ovest;Piemonte;AT;F323;0;6,17
Sud;Calabria;RC;F324;6;2
Nord Ovest;Piemonte;AT;F325;1;1
Nord Ovest;Piemonte;CN;F326;5;5
Nord Ovest;Piemonte;TO;F327;0;4,75
Nord Ovest;Lombardia;BG;F328;0;8
Nord Ovest;Piemonte;CN;F329;0;2
Nord Ovest;Piemonte;CN;F330;0;7,5
Nord Est;Veneto;TV;F332;5;47
Isole;Sardegna;CA;F333;0;1
Nord Ovest;Piemonte;TO;F335;92,44;437,91
Nord Ovest;Piemonte;AT;F336;4,25;9,87
Nord Ovest;Piemonte;AL;F337;0;3
Nord Ovest;Piemonte;CN;F338;4;3
Nord Est;Emilia-Romagna;PR;F340;3;8
Nord Ovest;Piemonte;VC;F342;0;7,5
Nord Ovest;Piemonte;AT;F343;0;1,13
Nord Est;Emilia-Romagna;RN;F346;1;5
Centro;Marche;PS;F347;0;9
Centro;Marche;PS;F348;17,5;98,01
Nord Ovest;Piemonte;CN;F351;61,75;165,57
Sud;Campania;CE;F352;12,17;22
Nord Ovest;Liguria;GE;F354;6;38,5
Nord Ovest;Piemonte;CN;F355;0;2
Nord Est;Emilia-Romagna;MO;F357;17,42;84,25
Nord Ovest;Piemonte;CN;F358;4,06;9
Isole;Sicilia;ME;F359;2;1
Nord Est;Veneto;TV;F360;1;14,67
Nord Ovest;Piemonte;AT;F361;0;1
Nord Est;Emilia-Romagna;BO;F363;8,99;29,89
Sud;Calabria;VV;F364;0;0
Nord Ovest;Piemonte;AL;F365;1;3
Nord Ovest;Valle d'Aosta;AO;F367;9;5
Isole;Sicilia;ME;F368;0;1
Nord Ovest;Piemonte;BI;F369;10;22,17
Sud;Calabria;CS;F370;0;2
Nord Ovest;Lombardia;CO;F372;2;18,45
Nord Ovest;Lombardia;BS;F373;4,75;68
Nord Ovest;Piemonte;AL;F374;0;2
Nord Ovest;Lombardia;BS;F375;0,33;7
Sud;Puglia;BA;F376;40,14;223,39
Isole;Sicilia;PA;F377;43,43;26,1
Centro;Marche;AP;F379;0;0,5
Centro;Marche;AP;F380;6;15,5
Centro;Marche;AN;F381;2;26,9
Nord Est;Veneto;PD;F382;13,83;128,58
Isole;Sardegna;CA;F383;11,33;49
Centro;Toscana;PT;F384;8,17;86,11
Nord Ovest;Piemonte;CN;F385;7;25
Nord Ovest;Piemonte;AT;F386;0,5;1
Nord Ovest;Piemonte;AL;F387;0;0
Nord Ovest;Piemonte;AT;F390;1;3
Sud;Molise;CB;F391;0;0
Nord Ovest;Lombardia;SO;F393;10,5;0
Nord Est;Veneto;PD;F394;14;59
Isole;Sicilia;ME;F395;2;1
Sud;Campania;AV;F397;0;0
Centro;Toscana;FI;F398;5,6;19,5
Sud;Basilicata;MT;F399;15,55;2
Isole;Sicilia;ME;F400;1;0
Centro;Marche;AN;F401;4;22,64
Nord Ovest;Piemonte;AL;F403;0;0
Nord Ovest;Piemonte;AL;F404;0;1
Nord Ovest;Piemonte;CN;F405;5;9,5
Nord Ovest;Piemonte;TO;F407;2,66;7
Nord Ovest;Piemonte;CN;F408;0;6,5
Nord Ovest;Piemonte;AT;F409;2;3
Centro;Toscana;PT;F410;5,5;40,5
Nord Ovest;Piemonte;TO;F411;0;4
Isole;Sicilia;AG;F414;2,67;0
Centro;Marche;AP;F415;3;2
Sud;Calabria;CS;F416;22;35
Nord Ovest;Lombardia;PV;F417;0;3
Centro;Lazio;VT;F419;13,38;27,5
Nord Ovest;Piemonte;TO;F420;6;22
Nord Ovest;Piemonte;TO;F422;8,52;25,22
Nord Ovest;Lombardia;LO;F423;2;34,15
Nord Ovest;Piemonte;CN;F424;0;1
Sud;Campania;SA;F426;4,94;2
Nord Ovest;Lombardia;CO;F427;5,5;72,51
Centro;Marche;AP;F428;0;4
Sud;Molise;IS;F429;3;1
Centro;Lazio;RI;F430;3;3
Sud;Calabria;CZ;F432;4;7
Sud;Abruzzo;CH;F433;0;0
Nord Ovest;Lombardia;CR;F434;1;15
Centro;Toscana;GR;F437;18,5;102,87
Nord Ovest;Lombardia;PV;F440;2;16
Sud;Abruzzo;PE;F441;1;4
Nord Est;Veneto;VI;F442;9;41,52
Nord Est;Veneto;TV;F443;44,61;361,58
Nord Ovest;Liguria;GE;F445;1;0
Centro;Lazio;RI;F446;0;0
Sud;Campania;AV;F448;1;4
Nord Ovest;Lombardia;PV;F449;1;3
Centro;Marche;PS;F450;0;11
Centro;Toscana;LU;F452;3;8
Centro;Marche;AN;F453;1;5
Centro;Marche;MC;F454;3;23,83
Nord Ovest;Piemonte;AL;F455;1;1,6
Centro;Umbria;PG;F456;2;7,5
Centro;Umbria;TR;F457;11,4;25,23
Centro;Toscana;PI;F458;13;5
Centro;Marche;MC;F460;0;0
Nord Est;Veneto;VR;F461;2,33;12
Centro;Umbria;TR;F462;3;3,25
Nord Est;Emilia-Romagna;RE;F463;32;129,17
Nord Est;Veneto;VI;F464;25,85;278,53
Nord Est;Veneto;VI;F465;1;25,17
Centro;Marche;PS;F467;1;3
Nord Ovest;Piemonte;AT;F468;0;15
Nord Ovest;Piemonte;AL;F469;0;1
Nord Ovest;Lombardia;BS;F471;26,18;271,35
Nord Est;Emilia-Romagna;PR;F473;8;107,57
Sud;Molise;CB;F475;0;1,75
Centro;Lazio;RM;F477;10;49,5
Centro;Marche;PS;F478;3;4
Sud;Campania;SA;F479;3;2,4
Sud;Campania;SA;F480;9,5;71
Sud;Campania;SA;F481;15,5;26,75
Centro;Marche;MC;F482;3,5;30,67
Nord Ovest;Piemonte;VB;F483;9;4,5
Nord Est;Emilia-Romagna;MO;F484;1;10,84
Nord Est;Veneto;VI;F486;6,5;20
Centro;Marche;AP;F487;0;0,5
Sud;Campania;NA;F488;7;1
Isole;Sicilia;CL;F489;2;1
Sud;Campania;AV;F491;0;4
Centro;Umbria;PG;F492;2;10,72
Centro;Marche;AP;F493;0;0
Sud;Campania;BN;F494;2;0
Sud;Molise;CB;F495;2;4,11
Centro;Marche;MC;F496;0;6,5
Centro;Marche;PS;F497;0;4,83
Sud;Abruzzo;CH;F498;0;0
Centro;Lazio;VT;F499;20,25;19,75
Sud;Abruzzo;TE;F500;0;2,5
Centro;Marche;AP;F501;1;4
Nord Est;Emilia-Romagna;RN;F502;1;16,72
Nord Est;Emilia-Romagna;MO;F503;9;14,71
Centro;Lazio;RM;F504;0;1
Sud;Campania;AV;F506;11;52
Sud;Campania;SA;F507;0;0
Nord Est;Veneto;VR;F508;1;45,75
Centro;Marche;AP;F509;2;5,5
Centro;Umbria;TR;F510;4;2
Sud;Campania;AV;F511;1,5;2
Sud;Campania;AV;F512;3,5;2,5
Centro;Umbria;TR;F513;2;6
Nord Est;Veneto;VI;F514;0;21
Nord Est;Veneto;VI;F515;2;9
Centro;Marche;AP;F516;0;2
Centro;Marche;AP;F517;2;2
Nord Ovest;Piemonte;AL;F518;0;1
Sud;Calabria;CS;F519;2;2
Centro;Marche;AP;F520;2,17;15
Centro;Marche;AP;F522;6;35,5
Nord Est;Emilia-Romagna;RN;F523;0;2
Centro;Marche;PS;F524;1;0
Nord Ovest;Lombardia;VA;F526;3;17,67
Nord Ovest;Piemonte;AT;F527;3,5;3
Nord Ovest;Liguria;IM;F528;3;1
Nord Est;Veneto;PD;F529;6,5;105,14
Sud;Puglia;TA;F531;2,04;6
Nord Ovest;Lombardia;BS;F532;9,5;5
Centro;Marche;PS;F533;5;62,5
Centro;Lazio;RM;F534;2,5;3
Sud;Abruzzo;CH;F535;0;0
Centro;Marche;AP;F536;0;0
Sud;Calabria;VV;F537;22;56,98
Sud;Puglia;FG;F538;2;0
Centro;Umbria;PG;F540;1;0
Centro;Lazio;RI;F541;7;4
Isole;Sardegna;SS;F542;0;0
Centro;Umbria;TR;F543;6;7,5
Isole;Sicilia;PA;F544;2;1
Centro;Lazio;RM;F545;8;2,5
Sud;Campania;AV;F546;6,17;13,5
Nord Ovest;Lombardia;BG;F547;0,75;30,63
Sud;Molise;CB;F548;1;0
Centro;Marche;AP;F549;0;1
Nord Ovest;Piemonte;CN;F550;0;3
Centro;Toscana;FI;F551;19;153,08
Centro;Marche;MC;F552;4,65;10,27
Isole;Sicilia;PA;F553;2,76;0
Nord Ovest;Piemonte;AT;F556;2;4
Sud;Campania;BN;F557;1;0
Nord Ovest;Piemonte;CN;F558;0;2
Sud;Campania;AV;F559;3;2
Centro;Marche;AN;F560;14,5;77,67
Nord Ovest;Lombardia;LC;F561;2;8
Nord Ovest;Piemonte;AL;F562;0;1
Sud;Puglia;TA;F563;1;10
Nord Ovest;Lombardia;CO;F564;4;3,83
Centro;Toscana;AR;F565;2;1
Sud;Campania;AV;F566;3;18,5
Centro;Marche;MC;F567;2,03;30
Sud;Basilicata;PZ;F568;2;1
Sud;Molise;CB;F569;1;1
Centro;Marche;AP;F570;0;0
Centro;Toscana;PO;F572;12,68;139,16
Sud;Basilicata;PZ;F573;10;1
Nord Est;Friuli- Venezia Giulia;UD;F574;0;1
Sud;Molise;CB;F576;10,44;27,08
Sud;Abruzzo;CH;F578;0;2
Centro;Lazio;RI;F579;0;1
Sud;Molise;IS;F580;0;0
Centro;Marche;AN;F581;1;4
Sud;Abruzzo;CH;F582;2;2
Sud;Abruzzo;TE;F585;37,06;154,38
Sud;Calabria;CZ;F586;8,25;10
Sud;Puglia;TA;F587;0;2
Centro;Marche;PS;F589;1;8,75
Centro;Lazio;RM;F590;13,91;60,5
Centro;Marche;AP;F591;12;91
Centro;Toscana;SI;F592;12,33;70,58
Centro;Toscana;AR;F594;4;8
Sud;Abruzzo;AQ;F595;4,5;3,5
Nord Est;Friuli- Venezia Giulia;PN;F596;3,5;14,17
Nord Est;Emilia-Romagna;BO;F597;9;66,34
Centro;Toscana;SI;F598;8,02;85
Centro;Marche;AP;F599;0;0
Centro;Marche;AN;F600;0;17,17
Sud;Molise;IS;F601;1;1
Centro;Lazio;VT;F603;1,5;1
Sud;Puglia;LE;F604;5,33;14,55
Centro;Toscana;SI;F605;9,5;52
Centro;Lazio;VT;F606;4;8
Sud;Calabria;VV;F607;1;1,5
Nord Ovest;Piemonte;CN;F608;6;2,83
Nord Ovest;Liguria;SP;F609;11,06;8,83
Isole;Sicilia;RG;F610;2;4
Centro;Lazio;RM;F611;105,35;300,62
Centro;Toscana;GR;F612;1,61;3
Centro;Marche;AP;F614;1;6,5
Centro;Lazio;LT;F616;5;0
Sud;Campania;SA;F618;0,95;1
Centro;Lazio;RI;F619;0;2
Centro;Lazio;FR;F620;2;6
Centro;Marche;MC;F621;2;9,06
Centro;Marche;MC;F622;0;0
Sud;Puglia;LE;F623;0;2
Sud;Campania;SA;F625;1;4,67
Centro;Marche;AP;F626;0,5;1
Nord Est;Emilia-Romagna;BO;F627;19,19;106,5
Centro;Toscana;AR;F628;5,7;31,45
Centro;Umbria;PG;F629;0,33;0
Sud;Puglia;FG;F631;18,66;36,33
Centro;Marche;MC;F632;23,47;85,12
Centro;Marche;AN;F634;4;39,5
Sud;Campania;BN;F636;14,14;17,48
Sud;Basilicata;MT;F637;8;17
Nord Ovest;Lombardia;PV;F638;0;0
Nord Ovest;Piemonte;VB;F639;6;0
Centro;Toscana;PI;F640;4;20,5
Nord Est;Emilia-Romagna;MO;F642;13,58;31,07
Nord Ovest;Lombardia;PV;F644;0;0
Sud;Abruzzo;PE;F646;48,57;406,91
Centro;Toscana;FI;F648;11,83;82,67
Nord Ovest;Piemonte;TO;F651;3;7
Centro;Marche;AP;F653;2;8,66
Nord Ovest;Piemonte;CN;F654;2;7,5
Isole;Sicilia;AG;F655;1;6,5
Centro;Toscana;AR;F656;31,5;112,79
Nord Ovest;Lombardia;LC;F657;4;20
Sud;Campania;AV;F660;1;0
Centro;Toscana;PI;F661;5;4
Nord Est;Veneto;VI;F662;5,14;30,01
Centro;Marche;AP;F664;0;0
Centro;Marche;AP;F665;1;2
Nord Ovest;Piemonte;CN;F666;1;2
Isole;Sardegna;SS;F667;3;1
Nord Est;Emilia-Romagna;FO;F668;2;15,5
Nord Ovest;Piemonte;CN;F669;2;12
Nord Ovest;Lombardia;PV;F670;1;2
Nord Est;Emilia-Romagna;PC;F671;2;44,39
Nord Ovest;Lombardia;BS;F672;2;28
Nord Ovest;Lombardia;LC;F674;3;30,33
Nord Est;Veneto;VI;F675;5,67;114,06
Centro;Toscana;SI;F676;3;3
Centro;Toscana;GR;F677;15;4,5
Centro;Toscana;MS;F679;7,67;42,76
Nord Ovest;Lombardia;BS;F680;0;44,67
Nord Ovest;Lombardia;CR;F681;1;16,92
Nord Ovest;Liguria;GE;F682;9;5
Centro;Umbria;PG;F685;1;3,67
Centro;Toscana;PI;F686;14,65;60,61
Centro;Lazio;RI;F687;8;11
Nord Ovest;Lombardia;CO;F688;4;16,5
Sud;Molise;CB;F689;3;0
Sud;Abruzzo;TE;F690;8,78;8
Centro;Lazio;RM;F692;1;5
Nord Est;Veneto;VI;F696;1;9,66
Centro;Marche;AP;F697;1;2
Isole;Sardegna;NU;F698;3;1
Nord Ovest;Lombardia;PV;F701;3;8,5
Nord Ovest;Lombardia;VA;F703;0;22,89
Nord Ovest;Lombardia;MI;F704;416,04;1560,45
Nord Ovest;Lombardia;MN;F705;4;27
Nord Est;Emilia-Romagna;BO;F706;8,39;49,33
Nord Ovest;Piemonte;AL;F707;0;8
Sud;Calabria;CS;F708;2;3
Nord Ovest;Piemonte;AT;F709;0;1
Nord Ovest;Lombardia;VA;F711;2,92;52,92
Nord Ovest;Lombardia;SO;F712;29,83;100,45
Nord Ovest;Piemonte;AL;F713;0;0
Nord Est;Emilia-Romagna;RN;F715;5;52,33
Sud;Puglia;LE;F716;1;7
Sud;Campania;BN;F717;7,5;2,5
Nord Est;Emilia-Romagna;BO;F718;0;24
Nord Ovest;Lombardia;BG;F720;2;19,74
Isole;Sardegna;SS;F721;0;0
Centro;Marche;AP;F722;1;0
Nord Ovest;Piemonte;CN;F723;4,17;18
Nord Est;Emilia-Romagna;PC;F724;2;7
Nord Est;Veneto;TV;F725;6;23,7
Nord Ovest;Valle d'Aosta;AO;F726;10;37,5
Isole;Sardegna;OR;F727;0;0
Nord Est;Veneto;TV;F729;1;13,75
Centro;Lazio;RM;F730;5;4
Sud;Campania;SA;F731;0;0
Sud;Abruzzo;AQ;F732;0;0
Nord Ovest;Piemonte;TO;F733;0;5
Centro;Lazio;RM;F734;1;32
Sud;Calabria;CS;F735;2,58;1
Nord Ovest;Lombardia;VA;F736;8,79;25,34
Nord Ovest;Piemonte;AL;F737;4;3
Nord Ovest;Lombardia;BG;F738;1;16,25
Nord Ovest;Lombardia;PV;F739;0,5;5,33
Centro;Lazio;FR;F740;3,33;7
Nord Ovest;Piemonte;CN;F743;4,52;10
Sud;Campania;AV;F744;4;2
Centro;Marche;AN;F745;0;3,33
Centro;Lazio;RI;F746;0;0
Sud;Abruzzo;TE;F747;5;14
Sud;Molise;CB;F748;1,5;1
Centro;Marche;MC;F749;12;29,34
Nord Est;Friuli- Venezia Giulia;PN;F750;3;7,5
Nord Ovest;Piemonte;AL;F751;0;1
Nord Ovest;Lombardia;PV;F754;11;149,14
Nord Est;Friuli- Venezia Giulia;UD;F756;7,33;33
Nord Ovest;Lombardia;LC;F758;0;0
Nord Est;Friuli- Venezia Giulia;UD;F760;0;5
Nord Ovest;Lombardia;CR;F761;0;3
Sud;Campania;AV;F762;0;1
Sud;Abruzzo;TE;F764;13,5;25
Sud;Abruzzo;PE;F765;1,67;4,87
Nord Est;Veneto;TV;F770;15,25;85,25
Nord Ovest;Lombardia;CR;F771;1;1
Isole;Sicilia;ME;F772;1;0
Isole;Sicilia;ME;F773;3;0
Nord Ovest;Piemonte;VC;F774;0;4,5
Sud;Calabria;CS;F775;0;0
Nord Ovest;Piemonte;BI;F776;2;11,5
Sud;Puglia;FG;F777;0;4
Sud;Calabria;RC;F779;3;3
Sud;Calabria;CZ;F780;0;0
Isole;Sicilia;CT;F781;8,5;28,5
Nord Ovest;Lombardia;MI;F783;11,32;81,58
Sud;Puglia;TA;F784;29,1;31,67
Sud;Abruzzo;CH;F785;0;4,5
Nord Ovest;Lombardia;BG;F786;0;30,49
Nord Ovest;Lombardia;CO;F788;12,9;98,46
Nord Est;Veneto;VR;F789;3,5;109
Nord Ovest;Lombardia;BG;F791;7,72;82,75
Centro;Marche;MC;F793;0,45;0
Nord Ovest;Lombardia;MI;F797;43;223,42
Sud;Campania;AV;F798;11;15
Sud;Campania;NA;F799;24,5;180,74
Nord Ovest;Lombardia;LO;F801;5;52,08
Centro;Toscana;MS;F802;5;3
Nord Ovest;Lombardia;BS;F806;1;2,33
Isole;Sardegna;CA;F808;5;35
Nord Ovest;Piemonte;CN;F809;2;8
Nord Est;Veneto;VI;F810;0;4
Nord Ovest;Piemonte;CN;F811;0;6
Nord Ovest;Liguria;SV;F813;0;1
Nord Ovest;Piemonte;AL;F814;1,11;5,43
Centro;Toscana;SI;F815;10;16
Sud;Puglia;LE;F816;1;5,67
Sud;Basilicata;PZ;F817;10,82;9
Isole;Sardegna;SS;F818;0;1
Nord Ovest;Lombardia;BS;F820;1;16,67
Isole;Sardegna;CA;F822;0;0
Nord Est;Veneto;VE;F826;10,18;90,17
Nord Ovest;Lombardia;CO;F828;1,17;9
Nord Est;Veneto;VI;F829;3;49,78
Isole;Sicilia;CL;F830;14,2;7
Sud;Abruzzo;TE;F831;33;79
Nord Est;Friuli- Venezia Giulia;UD;F832;2;10,81
Nord Ovest;Piemonte;BI;F833;0;3
Nord Est;Veneto;VI;F838;7;32,33
Sud;Campania;NA;F839;456,94;1351,93
Isole;Sardegna;OR;F840;1;3
Isole;Sardegna;CA;F841;0;0
Sud;Puglia;LE;F842;12,29;67,9
Sud;Calabria;VV;F843;0;1
Centro;Umbria;TR;F844;20,59;74,9
Isole;Sicilia;AG;F845;17,88;8,34
Nord Ovest;Piemonte;CN;F846;2;23
Nord Ovest;Liguria;SV;F847;0;0
Isole;Sicilia;ME;F848;7;1
Nord Ovest;Lombardia;BS;F851;6;37,52
Sud;Abruzzo;AQ;F852;1;2,5
Centro;Lazio;RM;F857;3,5;1
Nord Ovest;Liguria;GE;F858;3;3
Nord Ovest;Piemonte;NO;F859;5,5;20
Nord Est;Veneto;VR;F861;14,37;93,47
Nord Ovest;Liguria;GE;F862;3,33;2
Nord Ovest;Piemonte;CN;F863;4,33;12,67
Nord Ovest;Lombardia;BG;F864;20,37;94,24
Centro;Lazio;RM;F865;1;10
Sud;Basilicata;PZ;F866;1;0
Isole;Sardegna;OR;F867;0;0
Centro;Lazio;VT;F868;13;16,38
Sud;Abruzzo;TE;F870;6;13
Centro;Lazio;RM;F871;3;7,5
Nord Est;Veneto;TV;F872;4;41,5
Nord Ovest;Lombardia;MI;F874;24,68;158,31
Centro;Lazio;RI;F876;2;1
Nord Ovest;Lombardia;CO;F877;1,33;5
Nord Ovest;Piemonte;BI;F878;2,5;6
Centro;Lazio;RM;F880;68,39;261,28
Sud;Puglia;LE;F881;5,5;5,5
Nord Est;Emilia-Romagna;PR;F882;8;19
Nord Ovest;Piemonte;CN;F883;0;0
Nord Ovest;Lombardia;BS;F884;4;5,67
Nord Ovest;Piemonte;NO;F886;1;6
Nord Ovest;Lombardia;LC;F887;7,04;16,5
Nord Ovest;Piemonte;TO;F889;94;355,22
Isole;Sicilia;CT;F890;9,5;21,83
Nord Ovest;Lombardia;PV;F891;0;1
Isole;Sicilia;EN;F892;5,25;18
Sud;Calabria;VV;F893;3;3
Nord Ovest;Piemonte;CN;F894;1,33;2
Nord Ovest;Piemonte;CN;F895;0;1,2
Nord Est;Friuli- Venezia Giulia;UD;F898;4;7,5
Isole;Sicilia;CL;F899;6,67;9,5
Isole;Sicilia;EN;F900;0,5;6
Isole;Sicilia;ME;F901;2;8
Nord Ovest;Piemonte;AT;F902;16,5;75,5
Nord Est;Veneto;VE;F904;10;191,42
Nord Ovest;Piemonte;TO;F906;1;0
Sud;Calabria;CS;F907;0;0
Sud;Abruzzo;PE;F908;1;5
Sud;Calabria;CZ;F910;8;2
Centro;Umbria;PG;F911;8,25;8,08
Sud;Campania;SA;F912;47,68;123,97
Sud;Campania;SA;F913;15;122
Nord Est;Emilia-Romagna;PR;F914;23,5;127
Sud;Puglia;BA;F915;38,63;47
Sud;Puglia;LE;F916;0;2
Sud;Basilicata;PZ;F917;10,66;0
Nord Est;Veneto;VR;F918;4,5;49,5
Nord Est;Veneto;VR;F921;2;30
Nord Est;Veneto;VI;F922;0;1
Sud;Puglia;BA;F923;20,52;101,13
Sud;Campania;NA;F924;20,25;100,67
Nord Ovest;Piemonte;TO;F925;2,72;55,5
Nord Ovest;Liguria;SV;F926;12;59
Nord Ovest;Piemonte;TO;F927;0;1
Nord Est;Emilia-Romagna;MO;F930;15;133,63
Nord Ovest;Piemonte;TO;F931;4;73,5
Nord Ovest;Piemonte;VB;F932;0;1
Isole;Sardegna;NU;F933;0;0
Isole;Sardegna;OR;F934;2;1
Centro;Umbria;PG;F935;4,5;5
Centro;Lazio;LT;F937;3,25;6,5
Nord Ovest;Lombardia;MI;F939;0;0,5
Nord Ovest;Lombardia;BG;F941;2,99;15,99
Sud;Abruzzo;TE;F942;6,52;9,51
Isole;Sicilia;SR;F943;38,68;38,15
Nord Ovest;Lombardia;MI;F944;42,08;196,14
Nord Ovest;Piemonte;TO;F948;0;4
Isole;Sicilia;ME;F951;0;0
Nord Ovest;Piemonte;NO;F952;194,95;971,01
Nord Ovest;Lombardia;MI;F955;35,09;137,01
Nord Ovest;Lombardia;SO;F956;5,88;6,5
Nord Est;Veneto;VI;F957;6;38
Nord Ovest;Lombardia;CO;F958;3;24,5
Nord Est;Emilia-Romagna;RE;F960;9,58;90,46
Nord Ovest;Piemonte;CN;F961;3;5,5
Nord Est;Veneto;PD;F962;4,17;190,02
Nord Est;Veneto;VE;F963;5,55;61,16
Nord Est;Veneto;VI;F964;12;86,03
Nord Ovest;Piemonte;AL;F965;31;167,53
Nord Est;Emilia-Romagna;MO;F966;4,36;56,72
Sud;Campania;SA;F967;4;4
Nord Ovest;Lombardia;MI;F968;2;62,5
Sud;Puglia;LE;F970;6,83;7,11
Nord Ovest;Piemonte;CN;F972;1;0
Isole;Sardegna;OR;F974;0;0
Isole;Sardegna;SS;F975;0;1
Isole;Sardegna;SS;F976;0;0
Isole;Sardegna;SS;F977;1;5
Centro;Marche;AN;F978;8,92;76,66
Isole;Sardegna;NU;F979;14,5;47,63
Isole;Sardegna;OR;F980;0;1
Isole;Sardegna;NU;F981;0;0
Isole;Sardegna;NU;F982;0;0
Isole;Sardegna;CA;F983;0;0
Isole;Sardegna;OR;F985;0;0
Isole;Sardegna;NU;F986;1;0
Nord Ovest;Valle d'Aosta;AO;F987;10,78;11,72
Sud;Campania;AV;F988;10;4,75
Nord Ovest;Lombardia;BS;F989;0;18
Nord Ovest;Lombardia;BS;F990;3,05;46,17
Isole;Sardegna;CA;F991;0;0
Nord Ovest;Piemonte;BI;F992;2,5;12
Nord Ovest;Piemonte;BI;F993;4,83;11
Nord Est;Veneto;RO;F994;0;130,05
Nord Ovest;Piemonte;AL;F995;0;2
Sud;Abruzzo;AQ;F996;1;0
Nord Ovest;Piemonte;AL;F997;0;3
Nord Ovest;Piemonte;AL;F998;0;1
Nord Est;Veneto;TV;F999;28,61;162,97
Nord Ovest;Lombardia;BS;G001;1;8
Sud;Abruzzo;AQ;G002;2,5;2,5
Centro;Marche;AN;G003;0;9,5
Nord Ovest;Lombardia;CR;G004;2;35,19
Centro;Marche;AP;G005;4;9,5
Nord Ovest;Lombardia;BS;G006;4;35,9
Nord Ovest;Piemonte;VB;G007;2,38;4
Nord Ovest;Lombardia;VA;G008;7;31
Nord Ovest;Lombardia;LC;G009;19,03;102,67
Nord Ovest;Piemonte;TO;G010;0;13,5
Sud;Campania;SA;G011;4;3
Nord Ovest;Valle d'Aosta;AO;G012;0;0
Isole;Sardegna;SS;G015;112,23;400,03
Nord Ovest;Piemonte;VC;G016;0;2
Nord Ovest;Piemonte;VC;G018;1;2
Nord Ovest;Piemonte;NO;G019;9;121,63
Nord Ovest;Piemonte;NO;G020;3;18
Nord Ovest;Lombardia;PV;G021;1;1,5
Centro;Lazio;RM;G022;18;9,5
Sud;Campania;SA;G023;4,5;2
Nord Ovest;Lombardia;CO;G025;19,45;111,08
Nord Ovest;Lombardia;LC;G026;10;57
Nord Ovest;Lombardia;VA;G028;37,15;163,32
Nord Ovest;Lombardia;LC;G030;8,75;36,3
Isole;Sardegna;NU;G031;2;2
Nord Ovest;Lombardia;PV;G032;0;1
Sud;Calabria;CZ;G034;0;0
Isole;Sicilia;ME;G036;0;2
Sud;Basilicata;MT;G037;3;0
Sud;Campania;SA;G039;5;2,5
Nord Ovest;Lombardia;LC;G040;2,5;18
Nord Ovest;Liguria;IM;G041;2;0
Nord Ovest;Piemonte;AL;G042;0;1
Isole;Sardegna;OR;G043;0;0
Isole;Sardegna;NU;G044;0;0
Nord Ovest;Valle d'Aosta;AO;G045;1;2,5
Isole;Sardegna;SS;G046;2;11
Nord Ovest;Lombardia;CR;G047;0;8
Nord Ovest;Piemonte;AT;G048;0;0
Nord Ovest;Lombardia;BG;G049;0;0
Nord Ovest;Lombardia;BG;G050;2,67;29,5
Nord Ovest;Lombardia;BG;G054;0;4
Nord Ovest;Lombardia;CO;G056;0,5;17,5
Isole;Sardegna;NU;G058;0;0
Nord Ovest;Lombardia;BS;G061;6;21,96
Nord Ovest;Piemonte;VB;G062;19,56;79,21
Sud;Campania;SA;G063;0;0
Isole;Sardegna;NU;G064;0;0
Centro;Lazio;VT;G065;1;3,25
Nord Ovest;Piemonte;CN;G066;2;3
Nord Ovest;Lombardia;BG;G068;3,01;16,67
Isole;Sardegna;NU;G070;0;0
Isole;Sardegna;NU;G071;0;0
Nord Ovest;Lombardia;BS;G074;0;0
Nord Ovest;Lombardia;BG;G075;3;24,7
Nord Ovest;Liguria;SV;G076;1;0
Nord Ovest;Lombardia;MI;G078;38,25;150,21
Sud;Abruzzo;AQ;G079;0;0,17
Nord Est;Veneto;VR;G080;16;111,91
Sud;Basilicata;PZ;G081;1;3
Sud;Calabria;RC;G082;1;2
Isole;Sardegna;NU;G084;0;1
Sud;Molise;CB;G086;0;2
Nord Ovest;Piemonte;TO;G087;42;175,61
Centro;Toscana;GR;G088;20,68;80,22
Centro;Toscana;PI;G090;0;3
Nord Ovest;Liguria;GE;G093;0;1
Nord Est;Veneto;VI;G095;0;11,92
Nord Ovest;Lombardia;LO;G096;1,2;18,62
Isole;Sardegna;NU;G097;0;1
Sud;Puglia;BR;G098;5;16,5
Sud;Abruzzo;AQ;G102;3;5
Nord Ovest;Lombardia;VA;G103;27,17;115,16
Nord Ovest;Lombardia;VA;G105;1;4
Nord Ovest;Lombardia;LO;G107;1;18
Nord Ovest;Lombardia;BG;G108;0;12,34
Nord Ovest;Piemonte;TO;G109;0;3
Sud;Calabria;CS;G110;3;0
Centro;Lazio;VT;G111;6;7
Isole;Sardegna;OR;G113;31;59,16
Nord Ovest;Piemonte;CN;G114;12,5;11,83
Nord Est;Veneto;TV;G115;4,5;28,75
Nord Ovest;Lombardia;MI;G116;25;99,5
Nord Ovest;Piemonte;VB;G117;1,5;11,17
Nord Ovest;Lombardia;BG;G118;1,67;2
Isole;Sardegna;NU;G119;0;2
Isole;Sardegna;NU;G120;0;1
Sud;Campania;SA;G121;0;5
Isole;Sardegna;NU;G122;0;0
Nord Est;Veneto;TV;G123;2;19,5
Nord Ovest;Piemonte;AL;G124;0;0
Sud;Puglia;FG;G125;3,33;1
Nord Ovest;Lombardia;CO;G126;2;14,75
Sud;Abruzzo;CH;G128;4,5;2,5
Sud;Calabria;CS;G129;0;1
Sud;Campania;CE;G130;5,63;81
Sud;Puglia;FG;G131;18,5;58
Isole;Sardegna;CA;G133;0;0
Nord Ovest;Piemonte;NO;G134;0,5;15,16
Centro;Lazio;VT;G135;17,5;30,5
Sud;Puglia;LE;G136;0,5;0,5
Centro;Marche;AP;G137;0;2
Centro;Toscana;AR;G139;2;1,95
Sud;Abruzzo;CH;G141;35;76,04
Sud;Abruzzo;AQ;G142;2;2
Nord Ovest;Liguria;SP;G143;7,33;18,5
Nord Ovest;Liguria;SV;G144;0;4
Sud;Abruzzo;AQ;G145;2;1
Isole;Sardegna;NU;G146;2;0
Isole;Sardegna;NU;G147;0;0
Centro;Umbria;TR;G148;20,08;59,15
Nord Ovest;Lombardia;BS;G149;8;102,92
Nord Ovest;Lombardia;BS;G150;1;13
Nord Ovest;Piemonte;TO;G151;1,2;8
Nord Ovest;Piemonte;TO;G152;3;7
Isole;Sardegna;SS;G153;3;3
Isole;Sardegna;NU;G154;0;0
Nord Ovest;Liguria;SV;G155;2,45;2,59
Isole;Sardegna;SS;G156;1;10
Centro;Marche;AN;G157;19,5;188,59
Isole;Sardegna;NU;G158;2;0
Nord Ovest;Lombardia;BG;G159;4,13;46,5
Nord Ovest;Lombardia;BG;G160;12,25;163,46
Nord Ovest;Lombardia;LC;G161;14,09;47
Nord Est;Friuli- Venezia Giulia;UD;G163;4;29,25
Nord Ovest;Liguria;IM;G164;21;65
Sud;Campania;AV;G165;0;5
Nord Ovest;Lombardia;LO;G166;2,5;19
Nord Est;Veneto;PD;G167;3,5;39
Nord Est;Veneto;BL;G169;0,5;0
Nord Ovest;Lombardia;BS;G170;9;132,18
Nord Ovest;Lombardia;LO;G171;4;6,5
Isole;Sardegna;SS;G178;4,5;4
Nord Ovest;Lombardia;BS;G179;3,5;13,5
Nord Ovest;Lombardia;MI;G181;3,22;45,61
Nord Ovest;Piemonte;CN;G183;1;0
Nord Est;Emilia-Romagna;FE;G184;3;33,17
Nord Ovest;Lombardia;CR;G185;2;8,5
Nord Ovest;Lombardia;MN;G186;3,29;25,52
Sud;Puglia;BR;G187;72,42;93,93
Sud;Puglia;LE;G188;8;31,86
Centro;Umbria;TR;G189;3;4
Sud;Campania;NA;G190;12,75;21,25
Isole;Sardegna;NU;G191;0;0
Sud;Campania;SA;G192;0;1
Nord Ovest;Piemonte;AL;G193;0;3
Nord Ovest;Lombardia;PV;G194;0;4
Nord Est;Emilia-Romagna;PC;G195;3;3
Nord Ovest;Piemonte;TO;G196;16;86
Nord Ovest;Piemonte;AL;G197;11;59,57
Nord Est;Friuli- Venezia Giulia;UD;G198;2;5
Nord Ovest;Piemonte;AL;G199;5,5;1
Sud;Abruzzo;AQ;G200;12,84;30,29
Isole;Sardegna;NU;G201;1;0
Nord Ovest;Piemonte;TO;G202;0;2,5
Isole;Sardegna;SS;G203;6,5;8,3
Nord Ovest;Piemonte;AL;G204;2;11
Nord Est;Emilia-Romagna;BO;G205;22,5;150,23
Nord Ovest;Lombardia;MI;G206;10;11
Isole;Sardegna;CA;G207;0;0
Isole;Sicilia;TP;G208;8,5;10,5
Isole;Sicilia;ME;G209;5;3,75
Sud;Abruzzo;AQ;G210;4;3,5
Isole;Sicilia;SR;G211;7,67;34,1
Centro;Umbria;PG;G212;3;2
Nord Ovest;Lombardia;BS;G213;11,82;116,6
Nord Ovest;Piemonte;AL;G215;0;0
Nord Ovest;Lombardia;BS;G217;5;28,89
Nord Ovest;Lombardia;LC;G218;5;30
Nord Ovest;Lombardia;MI;G220;73,75;382,98
Nord Ovest;Lombardia;CR;G222;0;3
Nord Ovest;Lombardia;LC;G223;11,17;65,8
Nord Est;Veneto;PD;G224;210;2624,8
Isole;Sardegna;SS;G225;1,58;1,92
Sud;Campania;SA;G226;1;4
Sud;Campania;BN;G227;0;0
Nord Ovest;Piemonte;CN;G228;7;38,5
Nord Est;Veneto;TV;G229;19,88;201,65
Sud;Campania;SA;G230;18,99;135,78
Centro;Lazio;RI;G232;2;2
Nord Ovest;Lombardia;BG;G233;0;31
Isole;Sicilia;ME;G234;2;3
Sud;Abruzzo;CH;G237;4;10,5
Nord Est;Friuli- Venezia Giulia;UD;G238;13;35,5
Nord Ovest;Piemonte;CN;G240;1,32;2,5
Nord Ovest;Lombardia;LC;G241;0;1
Sud;Campania;AV;G242;1;1
Sud;Campania;BN;G243;0;0
Nord Ovest;Lombardia;BS;G247;2;0
Nord Ovest;Lombardia;BS;G248;2;16
Nord Ovest;Lombardia;BG;G249;8,33;43,5
Nord Est;Emilia-Romagna;MO;G250;3,5;10,49
Sud;Puglia;TA;G251;7;14
Sud;Puglia;TA;G252;21,56;26
Isole;Sicilia;CT;G253;8,58;9,92
Centro;Toscana;PI;G254;8,86;25
Nord Est;Emilia-Romagna;PR;G255;3;6
Sud;Molise;CB;G257;5,5;3
Isole;Sardegna;SS;G258;14,36;52,92
Nord Ovest;Lombardia;BG;G259;2,75;45,75
Nord Ovest;Lombardia;CR;G260;0;25,67
Sud;Basilicata;PZ;G261;2;8,5
Nord Ovest;Piemonte;TO;G262;3;6,33
Isole;Sicilia;PA;G263;2;0
Nord Ovest;Lombardia;BS;G264;9,81;173
Nord Ovest;Piemonte;VC;G266;2;8
Isole;Sicilia;SR;G267;13,5;17
Nord Est;Friuli- Venezia Giulia;UD;G268;2;12,5
Centro;Toscana;FI;G270;1;6,5
Sud;Abruzzo;CH;G271;1,5;4
Sud;Calabria;CZ;G272;0;0
Isole;Sicilia;PA;G273;267,64;820,88
Centro;Lazio;RM;G274;38,79;56,73
Nord Ovest;Lombardia;PV;G275;0;5,67
Centro;Lazio;FR;G276;13,96;4,33
Sud;Calabria;RC;G277;0;0
Sud;Calabria;KR;G278;2;0
Nord Ovest;Piemonte;VB;G280;1;3
Nord Ovest;Liguria;SV;G281;1;1
Isole;Sicilia;AG;G282;14,5;7,5
Sud;Campania;NA;G283;16,13;27,84
Nord Est;Friuli- Venezia Giulia;UD;G284;14;49
Sud;Puglia;LE;G285;0;0
Isole;Sardegna;OR;G286;0;0
Isole;Sardegna;CA;G287;4;3
Sud;Calabria;RC;G288;10;26,54
Centro;Marche;AP;G289;0;0
Sud;Abruzzo;CH;G290;5;3
Sud;Puglia;BA;G291;16;56,25
Sud;Campania;SA;G292;0;1
Centro;Lazio;RM;G293;25,17;33
Sud;Abruzzo;CH;G294;1;2
Nord Ovest;Lombardia;BG;G295;4,89;31,21
Nord Est;Veneto;VR;G297;0;10
Sud;Calabria;CS;G298;1;0
Nord Est;Friuli- Venezia Giulia;UD;G300;5;6,56
Nord Ovest;Piemonte;CN;G302;9;5
Nord Ovest;Piemonte;TO;G303;1;10,83
Nord Ovest;Lombardia;PV;G304;0;3
Nord Ovest;Lombardia;CR;G306;4;73,97
Sud;Calabria;CS;G307;0;0
Centro;Umbria;PG;G308;11;22,34
Sud;Campania;NA;G309;11;150,5
Sud;Campania;BN;G311;5;1
Sud;Puglia;FG;G312;0,26;0
Isole;Sicilia;TP;G315;23,14;3,25
Nord Ovest;Lombardia;MI;G316;5;64
Sud;Calabria;CS;G317;3;15,25
Sud;Campania;BN;G318;0;4
Isole;Sicilia;TP;G319;3,04;13
Sud;Calabria;CS;G320;2;1
Nord Est;Veneto;RO;G323;1;2
Nord Ovest;Lombardia;MI;G324;67,66;330,41
Sud;Puglia;LE;G325;7,83;19,5
Nord Ovest;Lombardia;BS;G327;5;81,59
Nord Ovest;Piemonte;TO;G330;0;1
Sud;Calabria;CS;G331;0;0
Sud;Campania;CE;G333;5,58;22,33
Nord Ovest;Piemonte;AL;G334;0;3
Sud;Calabria;VV;G335;1;4
Nord Ovest;Lombardia;LC;G336;1,43;1
Nord Est;Emilia-Romagna;PR;G337;550,47;2069,98
Nord Ovest;Piemonte;AL;G338;5;1,5
Nord Ovest;Piemonte;CN;G339;2;1
Sud;Campania;AV;G340;1;0
Nord Ovest;Lombardia;PV;G342;1;15
Centro;Umbria;TR;G344;2;3,5
Nord Ovest;Lombardia;BG;G346;3,5;27,1
Isole;Sicilia;TP;G347;5;8
Isole;Sicilia;PA;G348;10,33;8,5
Nord Ovest;Piemonte;NO;G349;1;12,9
Nord Ovest;Lombardia;BG;G350;2;22,44
Nord Est;Friuli- Venezia Giulia;UD;G352;12,98;89,61
Nord Est;Friuli- Venezia Giulia;PN;G353;7,13;40,84
Nord Ovest;Lombardia;BS;G354;1;1
Nord Ovest;Piemonte;AT;G358;0;4
Centro;Umbria;PG;G359;12,33;30,49
Nord Ovest;Lombardia;BS;G361;0,5;56,35
Centro;Lazio;FR;G362;1;0
Sud;Campania;CE;G364;1;1
Nord Est;Veneto;VR;G365;3;31,67
Nord Ovest;Piemonte;AL;G367;2;11
Nord Ovest;Lombardia;LC;G368;4,17;19,75
Sud;Campania;AV;G370;2;4
Isole;Sicilia;CT;G371;32,88;71,89
Sud;Calabria;CS;G372;0;0
Centro;Lazio;FR;G374;3,83;2
Isole;Sardegna;SS;G376;1;8,75
Isole;Sicilia;ME;G377;10,5;8,5
Sud;Puglia;LE;G378;1;4
Isole;Sardegna;OR;G379;0;0
Nord Est;Friuli- Venezia Giulia;UD;G381;2;10
Isole;Sardegna;CA;G382;0;0
Isole;Sardegna;CA;G383;1;0,5
Isole;Sardegna;OR;G384;0;2
Nord Ovest;Lombardia;MI;G385;24;120,5
Sud;Campania;BN;G386;1;0
Nord Ovest;Piemonte;TO;G387;1;10,5
Nord Ovest;Lombardia;PV;G388;178,58;670,83
Nord Est;Friuli- Venezia Giulia;UD;G389;11;42,67
Nord Ovest;Lombardia;BS;G391;2;16,5
Nord Ovest;Piemonte;TO;G392;0;13,02
Nord Est;Emilia-Romagna;MO;G393;28,66;136,26
Sud;Calabria;RC;G394;0;1
Centro;Toscana;PI;G395;10;14
Nord Ovest;Piemonte;AL;G397;2;5
Nord Ovest;Piemonte;TO;G398;2,5;23,4
Isole;Sicilia;CT;G402;11;45
Centro;Marche;AP;G403;12;34,31
Nord Est;Veneto;BL;G404;5,08;19,24
Nord Ovest;Lombardia;BS;G407;0;26,48
Nord Est;Veneto;TV;G408;7;50,83
Nord Ovest;Lombardia;SO;G410;1;0
Sud;Calabria;CS;G411;0;0
Nord Ovest;Lombardia;BG;G412;2,44;65,68
Nord Ovest;Lombardia;CO;G415;0;0
Centro;Marche;PS;G416;2,33;0
Nord Ovest;Lombardia;MN;G417;2;43,91
Nord Ovest;Lombardia;BG;G418;0;3,58
Centro;Toscana;FI;G420;8,52;47,9
Nord Ovest;Piemonte;NO;G421;0,5;8
Nord Est;Emilia-Romagna;PR;G424;2;4
Sud;Campania;SA;G426;13,3;51,1
Nord Ovest;Piemonte;AT;G430;0;8
Nord Ovest;Lombardia;SO;G431;4;14
Centro;Umbria;TR;G432;5;2
Nord Est;Emilia-Romagna;RN;G433;2,5;3,72
Sud;Abruzzo;CH;G434;3;0
Sud;Abruzzo;CH;G435;2;2
Centro;Marche;MC;G436;0;1
Sud;Abruzzo;TE;G437;5;9
Sud;Abruzzo;PE;G438;7,83;24,25
Sud;Calabria;CZ;G439;1;3
Sud;Abruzzo;CH;G441;0;1
Nord Est;Veneto;BL;G442;1,5;4,67
Centro;Lazio;RM;G444;1;0
Isole;Sardegna;NU;G445;0;1
Isole;Sardegna;CA;G446;0;0
Sud;Campania;SA;G447;2;1
Sud;Abruzzo;AQ;G449;2;2
Isole;Sardegna;SS;G450;2;0
Centro;Marche;PS;G453;4,33;9,17
Nord Ovest;Liguria;IM;G454;4,33;2
Sud;Campania;SA;G455;0;0
Nord Ovest;Lombardia;LC;G456;7;20,59
Nord Ovest;Piemonte;CN;G457;0;0
Nord Ovest;Piemonte;CN;G458;0;0
Nord Ovest;Valle d'Aosta;AO;G459;8;0
Nord Est;Veneto;PD;G461;1;19,5
Nord Ovest;Piemonte;TO;G462;0;2
Nord Ovest;Piemonte;TO;G463;3;20
Nord Ovest;Piemonte;TO;G465;6,06;6
Nord Est;Emilia-Romagna;BO;G467;48,06;243,53
Nord Ovest;Lombardia;CR;G469;1;27
Nord Ovest;Piemonte;VC;G471;2;9
Nord Ovest;Lombardia;BS;G474;0;3
Nord Ovest;Lombardia;BS;G475;1;0,5
Sud;Campania;SA;G476;0;1
Nord Ovest;Piemonte;TO;G477;1;4,5
Centro;Umbria;PG;G478;178,02;1057,18
Centro;Marche;PS;G479;117,69;465,23
Centro;Toscana;LU;G480;11;7
Nord Est;Veneto;VR;G481;35,7;209,58
Sud;Abruzzo;PE;G482;113,13;693,2
Nord Ovest;Lombardia;CR;G483;2;4
Sud;Abruzzo;AQ;G484;2;7
Nord Ovest;Lombardia;LC;G485;3,04;26
Sud;Molise;IS;G486;1,93;0
Sud;Puglia;FG;G487;3;22
Nord Ovest;Lombardia;MI;G488;48;374,02
Nord Est;Veneto;VR;G489;23,16;216,32
Centro;Toscana;PT;G491;15,94;88,33
Sud;Abruzzo;AQ;G492;4;5
Sud;Abruzzo;AQ;G493;3,58;19
Sud;Campania;BN;G494;1,8;1
Sud;Molise;IS;G495;1;1
Sud;Basilicata;PZ;G496;3,5;0
Sud;Molise;IS;G497;1;3
Centro;Lazio;RI;G498;6;2,33
Sud;Abruzzo;PE;G499;0;1
Centro;Lazio;FR;G500;1;1,33
Nord Ovest;Lombardia;MI;G502;18,33;109,65
Nord Ovest;Lombardia;CR;G504;0;4
Nord Ovest;Piemonte;TO;G505;2;5
Sud;Molise;CB;G506;3;14
Centro;Lazio;RI;G507;0;0
Sud;Calabria;KR;G508;12;2
Sud;Campania;SA;G509;2,5;0
Isole;Sicilia;PA;G510;0,83;1
Isole;Sicilia;PA;G511;4;5
Sud;Molise;CB;G512;2;4
Centro;Lazio;RI;G513;2;1,84
Centro;Marche;PS;G514;0;8,33
Centro;Marche;MC;G515;1;3
Centro;Marche;AP;G516;1,6;5
Sud;Calabria;CZ;G517;4,2;0
Sud;Calabria;CZ;G518;4;0
Sud;Campania;AV;G519;2;0
Nord Ovest;Piemonte;NO;G520;1,08;3
Nord Ovest;Piemonte;BI;G521;1,5;8,5
Isole;Sicilia;ME;G522;3;2
Sud;Molise;IS;G523;1;1
Sud;Abruzzo;AQ;G524;3,33;3
Nord Est;Veneto;RO;G525;0;0,5
Nord Ovest;Piemonte;CN;G526;13,5;43,17
Nord Ovest;Piemonte;VC;G528;0;10
Nord Ovest;Lombardia;BS;G529;0,75;2,5
Nord Ovest;Piemonte;CN;G532;0;3
Nord Est;Veneto;PD;G534;0;4
Nord Est;Emilia-Romagna;PC;G535;191,64;1035,97
Sud;Campania;SA;G538;5,5;3
Sud;Campania;SA;G540;1;0
Sud;Campania;CE;G541;1;1
Nord Ovest;Liguria;SV;G542;6;2
Isole;Sicilia;PA;G543;5;3
Nord Ovest;Valle d'Aosta;AO;G545;8;1
Nord Ovest;Lombardia;BS;G546;5;34,17
Centro;Toscana;SI;G547;7,5;16,5
Nord Ovest;Lombardia;BS;G549;4;21
Centro;Marche;PS;G551;1;2
Sud;Calabria;CS;G553;0;0
Sud;Abruzzo;PE;G555;6,5;24,25
Nord Ovest;Lombardia;CO;G556;12;11
Nord Est;Emilia-Romagna;PC;G557;1;10,5
Nord Ovest;Lombardia;CR;G558;0;11,63
Nord Ovest;Piemonte;TO;G559;13;144,25
Nord Est;Veneto;VI;G560;1;12
Nord Ovest;Piemonte;CN;G561;6;9,5
Nord Ovest;Lombardia;BG;G564;0;4,25
Nord Est;Veneto;VE;G565;6;171,38
Nord Est;Emilia-Romagna;BO;G566;7,38;37,41
Sud;Campania;NA;G568;23,5;34,5
Nord Est;Emilia-Romagna;BO;G570;56,16;185,23
Centro;Lazio;VT;G571;0,67;4,17
Nord Ovest;Lombardia;SO;G572;2;1,5
Nord Ovest;Lombardia;BG;G574;0;23
Nord Ovest;Piemonte;CN;G575;13;19,5
Nord Ovest;Lombardia;SO;G576;6,5;2
Nord Ovest;Piemonte;BI;G577;1;1
Nord Ovest;Lombardia;BG;G579;2;16
Isole;Sicilia;EN;G580;24,65;52,48
Centro;Toscana;LU;G582;1,5;0
Nord Ovest;Lombardia;BG;G583;1;20,41
Nord Est;Veneto;PD;G587;5;89,19
Nord Ovest;Lombardia;BG;G588;2;2,17
Sud;Abruzzo;PE;G589;6;1
Sud;Basilicata;PZ;G590;9;3
Centro;Lazio;FR;G591;1;3
Centro;Lazio;FR;G592;2,17;0
Nord Ovest;Piemonte;AT;G593;0;0
Nord Ovest;Piemonte;BI;G594;1;0
Sud;Campania;CE;G596;7,22;5
Isole;Sicilia;CT;G597;4,5;8
Centro;Lazio;FR;G598;4;10
Nord Ovest;Piemonte;VB;G600;2;5,5
Centro;Umbria;PG;G601;4,34;4,5
Centro;Toscana;SI;G602;7,67;6,13
Nord Ovest;Lombardia;CR;G603;1;8
Sud;Puglia;FG;G604;1;2
Nord Ovest;Liguria;SV;G605;45,33;169,44
Sud;Molise;IS;G606;0;1
Nord Ovest;Liguria;IM;G607;5;0
Sud;Abruzzo;TE;G608;0;0
Sud;Molise;CB;G609;2;3
Sud;Molise;CB;G610;0,5;1,5
Sud;Campania;AV;G611;1;1
Nord Ovest;Lombardia;PV;G612;8;6
Sud;Abruzzo;CH;G613;0;0
Sud;Basilicata;PZ;G614;3;3
Sud;Calabria;CS;G615;2;1
Sud;Basilicata;PZ;G616;2,67;5
Centro;Umbria;PG;G618;2;5
Nord Ovest;Piemonte;AL;G619;25,49;5
Sud;Campania;CE;G620;1;3,25
Sud;Abruzzo;PE;G621;0;0
Sud;Calabria;CS;G622;3;1
Sud;Basilicata;PZ;G623;7;0
Isole;Sicilia;EN;G624;6;17,05
Nord Ovest;Piemonte;CN;G625;0,14;1
Sud;Campania;BN;G626;0;0
Centro;Marche;PS;G627;0;0
Centro;Toscana;LU;G628;28,06;66,94
Sud;Campania;AV;G629;0,11;1,66
Sud;Campania;CE;G630;1;5
Sud;Campania;BN;G631;4;1
Nord Ovest;Liguria;IM;G632;8;3,5
Nord Ovest;Lombardia;MI;G634;15;129,33
Nord Ovest;Lombardia;PV;G635;1;3,5
Centro;Toscana;PT;G636;7,5;50,2
Nord Ovest;Lombardia;PV;G639;1;2,13
Nord Est;Veneto;BL;G642;11,88;38,25
Nord Est;Emilia-Romagna;BO;G643;9,52;55,92
Nord Est;Veneto;TV;G645;21,32;86,78
Nord Ovest;Liguria;GE;G646;5,17;18
Nord Ovest;Lombardia;CR;G647;1;9,34
Centro;Toscana;LU;G648;5;1,33
Nord Est;Emilia-Romagna;MO;G649;4,83;29,24
Nord Ovest;Lombardia;PV;G650;3;11
Nord Ovest;Lombardia;CR;G651;0;7
Centro;Toscana;AR;G653;2,52;2,25
Centro;Marche;MC;G657;4;2
Nord Ovest;Piemonte;VB;G658;0;7
Centro;Lazio;FR;G659;7;7,67
Nord Ovest;Liguria;IM;G660;4,5;3
Sud;Campania;CE;G661;2;10,51
Centro;Lazio;FR;G662;1;0
Sud;Basilicata;PZ;G663;1,06;22,5
Nord Ovest;Liguria;SP;G664;2;6
Nord Ovest;Lombardia;CO;G665;0;0
Nord Ovest;Piemonte;VC;G666;0;1
Isole;Sardegna;CA;G669;0;0
Sud;Campania;NA;G670;3;6
Nord Ovest;Lombardia;PV;G671;1;15
Nord Ovest;Piemonte;TO;G672;7,11;19,57
Nord Est;Veneto;RO;G673;1;4
Nord Ovest;Piemonte;TO;G674;87,77;302,95
Nord Ovest;Piemonte;AT;G676;1;0
Nord Ovest;Piemonte;TO;G678;9;58,15
Nord Est;Friuli- Venezia Giulia;PN;G680;0;1
Centro;Marche;PS;G682;1;2
Nord Ovest;Piemonte;CN;G683;0;10
Nord Ovest;Piemonte;TO;G684;5;24,5
Nord Ovest;Piemonte;VC;G685;0;2,33
Nord Ovest;Lombardia;MI;G686;94,33;371,45
Centro;Toscana;LI;G687;87,73;121,1
Nord Est;Veneto;PD;G688;4,86;36,67
Centro;Marche;MC;G690;1;3
Nord Ovest;Piemonte;TO;G691;51;177,93
Nord Ovest;Piemonte;AT;G692;0;3
Nord Est;Veneto;PD;G693;6,4;228,78
Nord Est;Veneto;VI;G694;3;51,75
Nord Est;Emilia-Romagna;PC;G696;1;3
Nord Ovest;Piemonte;CN;G697;1;1
Centro;Lazio;LT;G698;14;33,34
Isole;Sicilia;ME;G699;4,25;4
Centro;Toscana;PI;G702;196,54;613,99
Nord Ovest;Piemonte;NO;G703;1,33;5,5
Centro;Lazio;RM;G704;3,5;1
Nord Ovest;Piemonte;TO;G705;4;24,45
Sud;Campania;SA;G707;6;5
Nord Ovest;Lombardia;BS;G710;8,87;68,17
Sud;Basilicata;MT;G712;16,62;39
Centro;Toscana;PT;G713;91,55;367,72
Centro;Toscana;GR;G716;8,42;22,97
Nord Ovest;Lombardia;MN;G717;0;2
Nord Ovest;Lombardia;SO;G718;21,09;13,5
Nord Ovest;Piemonte;TO;G719;1;3
Nord Ovest;Lombardia;PV;G720;2,33;5,17
Nord Ovest;Lombardia;CR;G721;3;31,04
Sud;Calabria;VV;G722;6,99;15
Sud;Abruzzo;CH;G724;12,5;11
Sud;Abruzzo;AQ;G726;5;10
Sud;Molise;IS;G727;0;0,04
Sud;Calabria;VV;G728;0;0
Sud;Calabria;RC;G729;0;0
Sud;Calabria;CS;G733;0;0
Sud;Calabria;CZ;G734;1;1
Sud;Calabria;RC;G735;0;0
Nord Est;Friuli- Venezia Giulia;UD;G736;1;1,89
Nord Ovest;Lombardia;CO;G737;4;2
Isole;Sardegna;SS;G740;2;5,31
Nord Ovest;Liguria;SV;G741;2;1
Nord Ovest;Piemonte;CN;G742;4,4;15,25
Nord Est;Friuli- Venezia Giulia;UD;G743;0;4
Centro;Toscana;MS;G746;3;4,5
Nord Est;Emilia-Romagna;PC;G747;2;86,25
Centro;Lazio;FR;G749;2;0
Sud;Puglia;LE;G751;2;8
Centro;Toscana;SI;G752;23,25;130,95
Nord Ovest;Lombardia;MN;G753;2;51,75
Centro;Toscana;PO;G754;10;62,17
Centro;Lazio;RI;G756;8;4,5
Centro;Lazio;RI;G757;2;1
Centro;Umbria;PG;G758;0;0
Sud;Abruzzo;CH;G760;0;1
Sud;Puglia;FG;G761;3;2
Sud;Campania;NA;G762;20,94;50,58
Centro;Lazio;RI;G763;13;18,5
Centro;Lazio;RI;G764;1;6
Centro;Lazio;RI;G765;2,5;8
Sud;Abruzzo;AQ;G766;0;0
Isole;Sicilia;TP;G767;4;3
Nord Est;Emilia-Romagna;FE;G768;4,95;90,78
Sud;Puglia;BA;G769;8;7
Centro;Lazio;RI;G770;3,25;2
Centro;Marche;AN;G771;0;0
Nord Ovest;Lombardia;MI;G772;14;76,75
Nord Ovest;Lombardia;CO;G773;6;5
Nord Ovest;Lombardia;BG;G774;0;11,5
Nord Ovest;Piemonte;NO;G775;1;5
Nord Est;Veneto;VI;G776;3;30,62
Nord Ovest;Piemonte;TO;G777;14,32;76,99
Nord Ovest;Lombardia;BS;G779;1;7,5
Nord Est;Friuli- Venezia Giulia;PN;G780;6,5;19,5
Nord Est;Veneto;RO;G782;2,95;31
Centro;Lazio;RM;G784;1;1
Sud;Calabria;VV;G785;3;0
Sud;Basilicata;MT;G786;17,04;85
Sud;Puglia;BA;G787;38,74;75,92
Nord Est;Emilia-Romagna;PC;G788;0;4
Nord Est;Emilia-Romagna;MO;G789;9;6,5
Centro;Umbria;TR;G790;1;1
Sud;Calabria;RC;G791;1;3
Isole;Sicilia;PA;G792;8,5;1
Sud;Campania;SA;G793;6,17;5,25
Nord Ovest;Valle d'Aosta;AO;G794;2;7
Sud;Campania;NA;G795;10;14,04
Sud;Campania;SA;G796;8;13,17
Isole;Sicilia;PA;G797;4,12;12
Nord Ovest;Piemonte;BI;G798;4,06;11,05
Sud;Abruzzo;CH;G799;2;8,25
Nord Ovest;Piemonte;CN;G800;1;9
Nord Ovest;Lombardia;BS;G801;5;57,08
Nord Est;Veneto;PD;G802;0;30,5
Centro;Marche;AN;G803;1,88;32,5
Centro;Toscana;PI;G804;28,83;17,5
Nord Ovest;Piemonte;TO;G805;4,67;7,92
Sud;Basilicata;MT;G806;5;4
Nord Ovest;Piemonte;AL;G807;0;2
Nord Ovest;Piemonte;NO;G809;0;9
Centro;Lazio;RM;G811;130,5;533,92
Sud;Campania;NA;G812;66,61;201,53
Sud;Campania;NA;G813;9,87;18,67
Nord Ovest;Liguria;IM;G814;4;8
Nord Ovest;Lombardia;BS;G815;0;17
Nord Ovest;Lombardia;MN;G816;0;3,3
Isole;Sardegna;OR;G817;0;0
Nord Ovest;Lombardia;BS;G818;6;29,11
Nord Ovest;Piemonte;BI;G820;7,04;29,5
Nord Ovest;Lombardia;CO;G821;0;0
Centro;Toscana;PI;G822;21,5;96,14
Nord Est;Veneto;PD;G823;0;8
Centro;Toscana;FI;G825;23,17;104,14
Nord Ovest;Piemonte;TO;G826;10;41
Sud;Campania;BN;G827;0;2,13
Nord Ovest;Lombardia;SO;G829;11,44;3,33
Nord Est;Friuli- Venezia Giulia;UD;G831;1,56;1
Centro;Toscana;PT;G833;5,5;35,5
Sud;Campania;SA;G834;12,54;111,5
Nord Est;Veneto;RO;G836;0;21,5
Nord Ovest;Piemonte;CN;G837;12,06;9
Centro;Lazio;FR;G838;9,17;21
Nord Ovest;Piemonte;AL;G839;1;19,75
Nord Ovest;Liguria;IM;G840;9,83;10
Nord Est;Emilia-Romagna;PC;G842;0,5;14,42
Centro;Toscana;PI;G843;46,08;146,9
Nord Ovest;Lombardia;BS;G844;33,48;131,65
Nord Est;Veneto;TV;G846;9,4;72,03
Nord Ovest;Lombardia;CO;G847;2,05;21
Sud;Campania;BN;G848;3,08;0,5
Sud;Campania;CE;G849;1;0
Nord Est;Veneto;PD;G850;1;22,15
Nord Ovest;Lombardia;PV;G851;0;1
Nord Est;Emilia-Romagna;PC;G852;3;50,6
Nord Ovest;Lombardia;BG;G853;9,5;53,8
Nord Ovest;Valle d'Aosta;AO;G854;7,44;7,25
Nord Est;Veneto;PD;G855;6;130,2
Nord Ovest;Lombardia;BG;G856;10,66;93,33
Nord Ovest;Piemonte;AL;G858;0;9,17
Nord Ovest;Lombardia;BS;G859;2,67;25,67
Nord Ovest;Valle d'Aosta;AO;G860;2;7
Nord Ovest;Piemonte;AL;G861;0;0
Nord Ovest;Lombardia;MN;G862;4,02;23
Nord Ovest;Lombardia;BG;G864;9,97;32,94
Centro;Lazio;LT;G865;10,17;31,92
Nord Ovest;Liguria;SV;G866;4;2
Nord Ovest;Lombardia;BG;G867;6;49
Nord Ovest;Lombardia;BS;G869;1;26,96
Centro;Toscana;MS;G870;18,05;17,34
Centro;Lazio;LT;G871;6,5;0
Nord Ovest;Piemonte;AL;G872;1;4,5
Centro;Marche;AP;G873;2;7
Centro;Lazio;RM;G874;4;3
Nord Est;Veneto;TV;G875;22,76;159,24
Nord Ovest;Piemonte;AL;G877;6,5;8
Sud;Abruzzo;PE;G878;0;7
Centro;Toscana;AR;G879;1,28;16,75
Centro;Umbria;TR;G881;0;4
Centro;Toscana;LU;G882;1,25;43,04
Nord Est;Friuli- Venezia Giulia;PN;G886;55;147,66
Sud;Campania;SA;G887;2;0
Nord Est;Friuli- Venezia Giulia;PN;G888;209,77;586,54
Nord Ovest;Lombardia;CO;G889;13,25;35,67
Nord Ovest;Liguria;IM;G890;2;0
Nord Est;Friuli- Venezia Giulia;UD;G891;5;6,33
Nord Ovest;Piemonte;AT;G894;4;4,5
Nord Ovest;Lombardia;PV;G895;1;10
Nord Ovest;Piemonte;TO;G900;3;7
Sud;Campania;NA;G902;33,25;190,86
Sud;Campania;CE;G903;7;15
Nord Est;Emilia-Romagna;FO;G904;1,39;1
Sud;Calabria;RC;G905;0;1
Nord Ovest;Lombardia;VA;G906;3,13;11,45
Nord Ovest;Lombardia;VA;G907;4;24
Nord Est;Veneto;TV;G909;1;3
Sud;Molise;CB;G910;2;1
Centro;Toscana;LI;G912;12,14;25,5
Nord Ovest;Liguria;GE;G913;3;3
Nord Est;Veneto;VE;G914;35,14;229,57
Nord Est;Emilia-Romagna;FE;G916;16,74;95,02
Nord Ovest;Lombardia;MN;G917;5;179,67
Centro;Marche;MC;G919;28,35;205,5
Centro;Marche;AP;G920;23,17;104,67
Centro;Marche;AP;G921;28;90,44
Isole;Sardegna;CA;G922;2;4
Nord Est;Veneto;RO;G923;4,67;55,52
Isole;Sardegna;SS;G924;8;67,11
Nord Ovest;Liguria;SP;G925;12,3;16,54
Nord Est;Veneto;RO;G926;5;94,89
Nord Ovest;Piemonte;BI;G927;3;7
Isole;Sardegna;NU;G929;2;1
Nord Est;Veneto;VI;G931;0;2
Sud;Campania;SA;G932;0;3
Nord Est;Veneto;TV;G933;1;13,16
Centro;Lazio;RI;G934;0;0
Centro;Lazio;FR;G935;0;2
Nord Ovest;Lombardia;SO;G937;1;3
Sud;Campania;SA;G939;5;1
Nord Ovest;Piemonte;VC;G940;1;1
Sud;Basilicata;PZ;G942;38,16;188,46
Nord Est;Veneto;VI;G943;0;13
Nord Est;Veneto;TV;G944;2;41
Nord Est;Veneto;VR;G945;11;78,04
Nord Est;Emilia-Romagna;RE;G947;4;43,45
Nord Est;Friuli- Venezia Giulia;UD;G949;5;28,25
Centro;Lazio;RI;G951;0;1,05
Isole;Sicilia;RG;G953;8,5;46,75
Sud;Molise;IS;G954;3;3
Nord Ovest;Lombardia;MI;G955;50,33;132,42
Nord Est;Veneto;VI;G957;1;15,5
Nord Ovest;Lombardia;BS;G959;0;36,5
Nord Ovest;Piemonte;AL;G960;2;3
Nord Ovest;Piemonte;AL;G961;4,5;33,5
Isole;Sardegna;SS;G962;5;6
Nord Est;Veneto;PD;G963;0;16,11
Sud;Campania;NA;G964;39;44,37
Nord Ovest;Lombardia;MI;G965;11,44;93,99
Nord Est;Friuli- Venezia Giulia;UD;G966;7;53
Nord Ovest;Lombardia;BG;G968;11;42,47
Nord Est;Friuli- Venezia Giulia;UD;G969;5;38,5
Nord Ovest;Piemonte;CN;G970;0;3
Nord Est;Emilia-Romagna;BO;G972;29,6;146,51
Nord Ovest;Piemonte;TO;G973;28;113
Nord Ovest;Piemonte;BI;G974;5,19;17,22
Sud;Calabria;CS;G975;5,11;15,33
Sud;Campania;SA;G976;1,39;0
Nord Ovest;Lombardia;BS;G977;1;12,67
Nord Ovest;Piemonte;TO;G978;7,67;17,26
Nord Ovest;Piemonte;TO;G979;1;6,5
Nord Ovest;Piemonte;BI;G980;6,45;22,83
Nord Est;Veneto;VE;G981;1;25,5
Nord Ovest;Piemonte;TO;G982;5,5;0
Nord Ovest;Piemonte;VC;G985;1;10
Nord Ovest;Piemonte;TO;G986;5;5
Nord Ovest;Piemonte;AL;G987;0,33;2
Nord Ovest;Piemonte;TO;G988;0;0
Sud;Campania;AV;G990;1;3,5
Sud;Campania;CE;G991;1;1
Sud;Abruzzo;AQ;G992;2;1
Nord Ovest;Lombardia;SO;G993;2,25;6,5
Nord Est;Friuli- Venezia Giulia;PN;G994;15;73,16
Sud;Campania;CE;G995;1;0
Nord Ovest;Piemonte;TO;G997;1;2
Centro;Toscana;PO;G999;230,46;1347,05
Nord Ovest;Piemonte;NO;H001;1,5;7
Nord Est;Friuli- Venezia Giulia;UD;H002;2;0
Sud;Campania;AV;H006;2;14
Sud;Abruzzo;AQ;H007;4;15,5
Nord Est;Friuli- Venezia Giulia;PN;H010;2;20
Nord Ovest;Piemonte;CN;H011;1;1
Sud;Calabria;RC;H013;0;0
Nord Est;Friuli- Venezia Giulia;UD;H014;1,5;1
Centro;Umbria;PG;H015;4,25;1
Nord Est;Emilia-Romagna;FO;H017;7,18;17
Nord Ovest;Lombardia;BG;H020;7;14
Nord Ovest;Piemonte;AL;H021;3;6
Nord Est;Veneto;TV;H022;21,17;213,69
Nord Ovest;Lombardia;MI;H026;26;85,3
Nord Ovest;Liguria;IM;H027;9,67;1
Nord Ovest;Lombardia;LC;H028;2;5
Nord Est;Friuli- Venezia Giulia;UD;H029;6;23,5
Nord Ovest;Piemonte;VB;H030;2;6
Nord Ovest;Piemonte;VB;H033;5,94;4
Nord Est;Emilia-Romagna;FO;H034;1;3
Nord Ovest;Lombardia;BG;H036;2;10,5
Nord Ovest;Piemonte;VB;H037;4,5;6
Nord Est;Friuli- Venezia Giulia;UD;H038;4;1
Nord Est;Friuli- Venezia Giulia;UD;H040;1;1
Nord Ovest;Valle d'Aosta;AO;H042;16,5;30,5
Nord Ovest;Lombardia;BS;H043;1;4
Sud;Campania;CE;H045;1;0
Nord Ovest;Lombardia;BG;H046;2;46,73
Nord Est;Veneto;VR;H048;5;16,98
Sud;Abruzzo;CH;H052;0;2
Nord Ovest;Lombardia;BS;H055;5;30,33
Sud;Abruzzo;AQ;H056;0;4,2
Nord Ovest;Piemonte;CN;H059;1;1,33
Nord Est;Emilia-Romagna;MO;H061;8,75;17
Sud;Campania;SA;H062;2;4
Nord Ovest;Lombardia;LC;H063;2,5;9,5
Nord Ovest;Piemonte;CN;H068;3;14
Nord Ovest;Piemonte;CN;H069;0;1,11
Isole;Sicilia;PA;H070;14,08;3
Centro;Lazio;VT;H071;4;1
Sud;Campania;NA;H072;15,57;1
Nord Ovest;Liguria;GE;H073;2;0
Nord Ovest;Lombardia;CO;H074;4;8
Centro;Lazio;LT;H076;0;2
Nord Ovest;Lombardia;BS;H077;0;0
Nord Ovest;Lombardia;BS;H078;6,87;54,5
Sud;Molise;CB;H083;0;0
Nord Ovest;Piemonte;CN;H085;0;0
Nord Ovest;Lombardia;BS;H086;3;45,77
Sud;Campania;BN;H087;0;0
Isole;Sardegna;CA;H088;3;21,08
Nord Est;Friuli- Venezia Giulia;UD;H089;0;2
Sud;Puglia;TA;H090;1;24
Nord Ovest;Lombardia;BG;H091;1;8
Nord Ovest;Lombardia;CO;H094;0;12,67
Isole;Sardegna;SS;H095;0;0
Sud;Puglia;BA;H096;38,17;108,43
Sud;Campania;AV;H097;0;1
Sud;Abruzzo;CH;H098;0;2
Nord Ovest;Piemonte;TO;H100;1;2
Sud;Campania;NA;H101;9,18;33,75
Nord Ovest;Piemonte;AT;H102;0;0
Nord Ovest;Piemonte;AL;H104;0;3
Nord Ovest;Piemonte;VB;H106;1;0
Nord Ovest;Piemonte;VB;H107;7;2
Nord Ovest;Piemonte;VC;H108;3;21,96
Centro;Toscana;PT;H109;31,68;182,69
Nord Ovest;Valle d'Aosta;AO;H110;6,13;39,65
Sud;Campania;NA;H114;32,03;123,25
Nord Est;Veneto;VE;H117;5;159,91
Isole;Sardegna;CA;H118;88,25;273,23
Isole;Sardegna;CA;H119;11;54,75
Nord Ovest;Piemonte;TO;H120;2;1
Nord Ovest;Piemonte;AL;H121;1;2
Nord Est;Emilia-Romagna;RE;H122;9,5;111,67
Nord Ovest;Liguria;SV;H126;19,64;22,5
Nord Ovest;Piemonte;TO;H127;1;3
Sud;Campania;AV;H128;1;3
Nord Ovest;Lombardia;MN;H129;0;3,5
Nord Ovest;Lombardia;CR;H130;1;6
Nord Est;Veneto;TV;H131;7,69;89,38
Nord Ovest;Piemonte;VC;H132;1;5
Nord Est;Veneto;VI;H134;2,2;51,51
Nord Ovest;Lombardia;BS;H140;0,5;50,67
Nord Ovest;Lombardia;MN;H143;1;23,67
Sud;Puglia;LE;H147;2;11,2
Isole;Sicilia;AG;H148;4,63;3,5
Nord Ovest;Piemonte;CN;H150;12;76
Isole;Sicilia;ME;H151;0;0
Centro;Toscana;SI;H153;2;1,33
Isole;Sicilia;CT;H154;1;1
Centro;Toscana;SI;H156;1;3
Centro;Toscana;SI;H157;4;2
Isole;Sicilia;AG;H159;8,67;4
Nord Est;Friuli- Venezia Giulia;UD;H161;3;13,83
Isole;Sicilia;RG;H163;76,43;361,47
Sud;Campania;CE;H165;1;4
Sud;Abruzzo;AQ;H166;3,5;4
Isole;Sicilia;CT;H168;8,75;7,25
Nord Ovest;Lombardia;VA;H173;0;3
Nord Ovest;Lombardia;VA;H174;4;13
Isole;Sicilia;CT;H175;14,31;11,67
Nord Ovest;Lombardia;BG;H176;4;41,18
Nord Ovest;Lombardia;BG;H177;0;30
Nord Ovest;Liguria;IM;H180;0;0
Centro;Marche;AP;H182;1,2;4,2
Nord Ovest;Liguria;GE;H183;105,74;239,33
Sud;Abruzzo;CH;H184;1;1
Centro;Toscana;SI;H185;1,5;30,28
Sud;Basilicata;PZ;H186;2,75;4
Sud;Basilicata;PZ;H187;1,19;3
Nord Ovest;Piemonte;VC;H188;1;0
Nord Ovest;Lombardia;SO;H192;3,5;3,5
Isole;Sicilia;AG;H194;7;9,67
Nord Est;Emilia-Romagna;MO;H195;4;54,5
Nord Est;Friuli- Venezia Giulia;UD;H196;2;8
Sud;Campania;SA;H198;4;0
Nord Est;Emilia-Romagna;RA;H199;241,66;1401,37
Nord Est;Friuli- Venezia Giulia;UD;H200;2;1
Sud;Campania;CE;H202;1;0
Nord Ovest;Piemonte;VB;H203;2;13
Nord Ovest;Lombardia;PV;H204;0;1
Isole;Sicilia;AG;H205;3,33;1
Nord Est;Friuli- Venezia Giulia;UD;H206;5;24
Nord Ovest;Piemonte;TO;H207;3;12,5
Sud;Campania;CE;H210;5,5;24,5
Centro;Marche;MC;H211;28,91;80,99
Nord Ovest;Liguria;GE;H212;29,38;92,94
Nord Ovest;Piemonte;NO;H213;2;2
Nord Est;Veneto;VI;H214;2,52;19,07
Nord Ovest;Lombardia;PV;H216;1;5,33
Nord Ovest;Lombardia;MN;H218;0;5
Nord Ovest;Piemonte;AT;H219;3;6
Nord Est;Veneto;TV;H220;1;8
Isole;Sicilia;EN;H221;10,67;16,33
Centro;Toscana;FI;H222;27,63;95,26
Nord Est;Emilia-Romagna;RE;H223;266,36;1769,45
Sud;Calabria;RC;H224;56;291
Nord Est;Emilia-Romagna;RE;H225;1;64,18
Sud;Campania;BN;H227;0;0
Isole;Sicilia;ME;H228;1;2,08
Nord Est;Friuli- Venezia Giulia;UD;H229;7;47,5
Nord Ovest;Lombardia;BS;H230;0;12,59
Nord Ovest;Lombardia;MI;H233;4;30,5
Sud;Calabria;CS;H235;77,07;118
Nord Est;Veneto;TV;H238;9;85,62
Nord Ovest;Lombardia;MI;H240;27,54;165,3
Nord Est;Friuli- Venezia Giulia;UD;H242;1;1
Sud;Campania;NA;H243;33,13;81,46
Nord Est;Friuli- Venezia Giulia;UD;H244;1;1,5
Isole;Sicilia;CL;H245;3;1
Nord Ovest;Lombardia;PV;H246;3;11,92
Nord Ovest;Piemonte;CN;H247;7,24;16,5
Nord Ovest;Piemonte;AT;H250;2;3
Nord Est;Veneto;TV;H253;2;8
Nord Ovest;Lombardia;CO;H255;0;1,99
Nord Ovest;Lombardia;BS;H256;17,5;129,13
Nord Ovest;Liguria;IM;H257;5;0
Nord Ovest;Liguria;GE;H258;1;0
Nord Ovest;Lombardia;CO;H259;0;0
Nord Ovest;Valle d'Aosta;AO;H262;1;0
Nord Ovest;Valle d'Aosta;AO;H263;2;1
Nord Ovest;Lombardia;MI;H264;99,5;510,63
Sud;Calabria;RC;H265;2;0
Nord Ovest;Liguria;SV;H266;0;0
Centro;Lazio;RM;H267;10;53,92
Sud;Campania;CE;H268;1;1
Isole;Sicilia;AG;H269;9,5;11
Nord Ovest;Piemonte;TO;H270;2;1
Sud;Calabria;VV;H271;3;4
Nord Ovest;Piemonte;AL;H272;0;2,5
Sud;Molise;CB;H273;5,63;9
Nord Est;Emilia-Romagna;RN;H274;36,96;359,14
Nord Ovest;Liguria;SP;H275;23,07;10
Nord Ovest;Lombardia;CR;H276;1;19,83
Sud;Campania;SA;H277;3,83;3,5
Nord Est;Veneto;TV;H280;10,33;74,97
Isole;Sicilia;CL;H281;6;12
Centro;Lazio;RI;H282;38,22;169,34
Nord Ovest;Piemonte;CN;H285;2,08;2,08
Centro;Toscana;FI;H286;11,08;60,97
Sud;Puglia;FG;H287;5;2,5
Centro;Lazio;RM;H288;13;52,5
Nord Est;Friuli- Venezia Giulia;UD;H289;0,13;1
Nord Ovest;Piemonte;VC;H293;0;0
Nord Est;Emilia-Romagna;RN;H294;144,65;1141,32
Nord Est;Emilia-Romagna;RE;H298;5;42,05
Centro;Lazio;RM;H300;3;0
Isole;Sardegna;OR;H301;0;1
Nord Est;Emilia-Romagna;RA;H302;6;35,66
Nord Est;Emilia-Romagna;MO;H303;2,34;5,01
Nord Ovest;Liguria;SP;H304;10,25;0
Sud;Basilicata;PZ;H307;3;16,5
Sud;Molise;IS;H308;1;1
Sud;Molise;CB;H311;1;0
Sud;Basilicata;PZ;H312;4;3,33
Sud;Molise;CB;H313;5,01;10
Nord Ovest;Lombardia;CR;H314;1;9
Nord Ovest;Lombardia;CR;H315;4;26,5
Nord Ovest;Lombardia;CR;H316;1;2
Centro;Toscana;PI;H319;6,25;9
Sud;Abruzzo;CH;H320;2;3,5
Centro;Marche;AP;H321;3;23
Centro;Marche;MC;H323;6,5;1,22
Centro;Lazio;FR;H324;1;0
Isole;Sicilia;CT;H325;4,66;61,83
Nord Ovest;Piemonte;CN;H326;0;0
Nord Est;Veneto;BL;H327;2;3,5
Nord Ovest;Liguria;IM;H328;5;20,25
Nord Ovest;Lombardia;BG;H331;10;50,77
Nord Ovest;Piemonte;TO;H333;4;13,83
Nord Ovest;Piemonte;AL;H334;0;10,67
Nord Ovest;Piemonte;TO;H335;66,5;171,17
Nord Ovest;Lombardia;PV;H336;5;37,77
Nord Ovest;Piemonte;TO;H337;7;46
Nord Ovest;Piemonte;TO;H338;0;7,5
Nord Ovest;Piemonte;TO;H340;29;123
Nord Ovest;Lombardia;CR;H341;0;7
Nord Ovest;Lombardia;MN;H342;3;6,83
Nord Ovest;Piemonte;AL;H343;0;1,5
Nord Ovest;Piemonte;TO;H344;4;8
Nord Ovest;Piemonte;VC;H346;1;2
Nord Est;Friuli- Venezia Giulia;UD;H347;3;15
Sud;Basilicata;PZ;H348;2,5;0
Nord Est;Emilia-Romagna;PC;H350;6,17;58,33
Sud;Abruzzo;AQ;H353;29,67;28,5
Centro;Lazio;RI;H354;3;1,5
Nord Ovest;Piemonte;TO;H355;80;392,6
Nord Est;Veneto;VR;H356;3,5;18,17
Nord Ovest;Lombardia;CR;H357;25;93,6
Sud;Calabria;RC;H359;1;2
Nord Est;Veneto;VI;H361;18,42;171,25
Nord Ovest;Piemonte;CN;H362;0;2
Nord Ovest;Piemonte;CN;H363;0;0
Nord Ovest;Piemonte;VC;H364;2;6,5
Nord Ovest;Piemonte;VC;H365;2;11
Nord Ovest;Piemonte;AT;H366;0;0
Nord Ovest;Piemonte;TO;H367;3;24,03
Nord Ovest;Lombardia;PV;H369;11,5;52,5
Nord Ovest;Lombardia;MI;H371;4,14;28,12
Nord Ovest;Lombardia;CR;H372;0;8
Nord Ovest;Lombardia;MI;H373;10,58;58,45
Nord Ovest;Lombardia;PV;H375;5;1
Nord Ovest;Piemonte;AT;H376;2;1
Nord Ovest;Piemonte;CN;H377;6;9
Nord Ovest;Piemonte;CN;H378;9,77;27
Nord Est;Veneto;BL;H379;14,5;12
Isole;Sicilia;ME;H380;0;1
Sud;Campania;AV;H382;5;3
Sud;Calabria;KR;H383;0;1
Nord Est;Emilia-Romagna;PR;H384;1;21,24
Nord Ovest;Piemonte;CN;H385;4,57;7
Nord Ovest;Piemonte;TO;H386;1;9
Centro;Lazio;RM;H387;0;0
Sud;Abruzzo;AQ;H389;0;0
Centro;Marche;AP;H390;4;8,3
Nord Ovest;Piemonte;CN;H391;0;1
Nord Ovest;Piemonte;AT;H392;0;3
Centro;Lazio;FR;H393;1;0
Sud;Campania;SA;H394;9,6;9
Nord Ovest;Piemonte;CN;H395;0;7
Nord Ovest;Lombardia;PV;H396;0;0
Sud;Campania;CE;H398;1;1
Sud;Abruzzo;AQ;H399;2;2
Sud;Abruzzo;AQ;H400;9;17
Centro;Lazio;RM;H401;2;1
Sud;Abruzzo;AQ;H402;8;35,33
Sud;Calabria;KR;H403;1;1
Centro;Lazio;RM;H404;14;58,67
Isole;Sicilia;ME;H405;0;0
Nord Ovest;Piemonte;AL;H406;0;3
Nord Ovest;Piemonte;CN;H407;4,08;15,5
Sud;Calabria;RC;H408;0;0
Sud;Puglia;TA;H409;0;3,5
Nord Ovest;Lombardia;BS;H410;0,67;19,67
Centro;Lazio;RM;H411;1,67;1,67
Sud;Campania;SA;H412;1;1
Centro;Lazio;LT;H413;2;0
Nord Ovest;Piemonte;AL;H414;0;5,83
Sud;Calabria;CS;H416;3;6,5
Centro;Toscana;GR;H417;7,75;5
Isole;Sicilia;ME;H418;7;14,25
Sud;Molise;IS;H420;2;1,56
Centro;Lazio;LT;H421;2;0
Isole;Sicilia;PA;H422;3;3
Sud;Campania;CE;H423;1;2
Sud;Abruzzo;CH;H424;0;0
Sud;Abruzzo;PE;H425;0;0
Sud;Basilicata;PZ;H426;6,4;1
Centro;Lazio;RI;H427;2;4
Isole;Sicilia;PA;H428;5;2
Sud;Abruzzo;AQ;H429;0;3
Sud;Campania;SA;H431;7,98;29,76
Centro;Lazio;RM;H432;20,17;46,9
Sud;Campania;NA;H433;8,16;10,33
Sud;Abruzzo;AQ;H434;27;30,54
Sud;Campania;CE;H436;1;1
Nord Est;Emilia-Romagna;FO;H437;1;4,5
Sud;Campania;AV;H438;2;2
Sud;Abruzzo;CH;H439;6;5
Sud;Abruzzo;TE;H440;0;0
Centro;Lazio;RM;H441;3;2
Sud;Abruzzo;CH;H442;0;0
Centro;Lazio;FR;H443;1;2,75
Centro;Lazio;LT;H444;0;0
Sud;Molise;IS;H445;0;1
Centro;Lazio;RI;H446;2;0,5
Nord Ovest;Piemonte;CN;H447;1;4
Sud;Abruzzo;CH;H448;0;1
Centro;Toscana;GR;H449;22;33,51
Nord Ovest;Lombardia;PV;H450;1;3
Nord Ovest;Piemonte;AT;H451;1,5;0
Nord Ovest;Liguria;SV;H452;2;2
Nord Ovest;Piemonte;CN;H453;3,61;15,5
Sud;Molise;CB;H454;0;0
Isole;Sicilia;ME;H455;2;1
Sud;Calabria;RC;H456;8,33;9,5
Sud;Molise;IS;H458;2;0
Sud;Campania;CE;H459;0;0
Nord Ovest;Liguria;IM;H460;6;1
Nord Ovest;Liguria;SP;H461;2;1
Nord Ovest;Piemonte;CN;H462;0;0
Nord Ovest;Piemonte;AL;H465;3;2
Nord Ovest;Piemonte;AT;H466;2;0
Sud;Puglia;FG;H467;0,5;1
Nord Ovest;Piemonte;AT;H468;0;2
Nord Ovest;Lombardia;MI;H470;4;48,33
Nord Ovest;Piemonte;CN;H472;3;13,5
Nord Ovest;Piemonte;CN;H473;0;1
Nord Ovest;Piemonte;CN;H474;3;0
Nord Ovest;Lombardia;BS;H477;13,42;99,07
Nord Ovest;Lombardia;CO;H478;0;9
Isole;Sicilia;ME;H479;1;1
Sud;Puglia;FG;H480;7;21,19
Nord Ovest;Lombardia;MN;H481;2;24,44
Nord Ovest;Lombardia;BS;H484;0;26,17
Sud;Campania;SA;H485;1;3,8
Nord Ovest;Lombardia;LC;H486;4;11,5
Sud;Calabria;CS;H488;6;0
Sud;Calabria;RC;H489;0;0
Sud;Calabria;CS;H490;8;7
Nord Ovest;Lombardia;PV;H491;0;7
Nord Ovest;Lombardia;BG;H492;4,67;38,17
Nord Ovest;Lombardia;SO;H493;0,5;1,5
Centro;Lazio;RM;H494;1;0
Sud;Abruzzo;CH;H495;0;0
Nord Ovest;Valle d'Aosta;AO;H497;2;3
Nord Ovest;Piemonte;TO;H498;1,5;21,17
Nord Est;Emilia-Romagna;RE;H500;5,75;22,33
Centro;Lazio;RM;H501;6212,63;17280,04
Nord Ovest;Piemonte;NO;H502;2,5;20,92
Sud;Campania;SA;H503;0;2
Nord Ovest;Lombardia;PV;H505;0;2,5
Isole;Sardegna;SS;H507;0;1
Nord Ovest;Lombardia;CR;H508;4;27,22
Nord Ovest;Lombardia;BG;H509;33,59;204,76
Nord Ovest;Piemonte;TO;H511;2;16
Nord Est;Veneto;VI;H512;5;90,35
Sud;Calabria;VV;H516;0;1
Nord Ovest;Piemonte;NO;H518;10;49,85
Isole;Sicilia;ME;H519;6;12,5
Nord Ovest;Lombardia;CO;H521;2;15,5
Nord Est;Veneto;VR;H522;2;22
Nord Est;Veneto;TV;H523;15,26;140,5
Nord Ovest;Lombardia;BS;H525;17,67;93,22
Nord Ovest;Lombardia;PV;H527;0;17
Nord Ovest;Lombardia;MI;H529;5;55,4
Nord Est;Friuli- Venezia Giulia;UD;H533;0;9
Centro;Lazio;VT;H534;12;26,78
Nord Ovest;Lombardia;BG;H535;1;7
Nord Ovest;Liguria;GE;H536;12,17;25,25
Nord Ovest;Lombardia;MI;H537;14;42,25
Nord Ovest;Piemonte;BI;H538;0;3
Nord Ovest;Piemonte;TO;H539;1;5
Nord Est;Veneto;VR;H540;2;35,5
Nord Ovest;Lombardia;MN;H541;1;38,6
Nord Est;Emilia-Romagna;FO;H542;3;22,5
Nord Ovest;Lombardia;BG;H544;1;7
Nord Ovest;Liguria;GE;H546;0;0
Nord Ovest;Piemonte;TO;H547;3;22
Nord Ovest;Piemonte;VC;H549;0;2,5
Nord Ovest;Piemonte;BI;H553;5,5;16
Nord Ovest;Piemonte;TO;H554;0;0
Nord Ovest;Piemonte;TO;H555;10;8
Nord Est;Veneto;VI;H556;3,53;71,59
Sud;Calabria;RC;H558;5;6
Nord Ovest;Lombardia;PV;H559;0;2
Nord Ovest;Lombardia;MI;H560;13,13;51,67
Nord Ovest;Piemonte;BI;H561;1;0
Sud;Abruzzo;PE;H562;0;8,5
Sud;Campania;SA;H564;0;0
Sud;Calabria;CS;H565;3,5;3
Sud;Abruzzo;CH;H566;0;0
Sud;Puglia;FG;H568;2;0
Nord Ovest;Piemonte;AL;H569;0;6
Centro;Toscana;LI;H570;84,2;297,42
Sud;Calabria;CS;H572;0;7
Nord Est;Veneto;RO;H573;1,91;62,65
Isole;Sicilia;SR;H574;11,18;14,45
Centro;Marche;AN;H575;7;7
Nord Ovest;Piemonte;VC;H577;1;0,28
Nord Ovest;Piemonte;CN;H578;1;10
Nord Est;Veneto;VI;H580;3;60
Nord Ovest;Liguria;GE;H581;7;11,5
Nord Ovest;Piemonte;TO;H583;7;59,5
Nord Ovest;Lombardia;BG;H584;1,33;18,33
Sud;Calabria;CS;H585;1;0
Centro;Marche;AP;H588;0;1
Sud;Molise;CB;H589;1;0,25
Sud;Basilicata;PZ;H590;7,5;5,48
Sud;Basilicata;MT;H591;2;1
Sud;Campania;AV;H592;1;6
Nord Est;Emilia-Romagna;PC;H593;18,57;142,99
Nord Est;Veneto;VI;H594;1,38;10
Nord Ovest;Lombardia;BS;H598;9,5;204,11
Nord Ovest;Liguria;GE;H599;1,75;1
Nord Ovest;Lombardia;CO;H601;6;103
Nord Ovest;Lombardia;CO;H602;2;32
Nord Ovest;Lombardia;MN;H604;4;54,83
Nord Est;Veneto;VR;H606;0;11
Nord Est;Veneto;VR;H608;4;18,4
Nord Est;Friuli- Venezia Giulia;PN;H609;14;51,5
Nord Est;Veneto;VR;H610;1;1,5
Nord Ovest;Lombardia;PV;H614;1;1
Nord Ovest;Lombardia;BG;H615;3,17;46,5
Centro;Lazio;RM;H618;3;1,67
Nord Est;Veneto;RO;H620;30,83;433,32
Sud;Calabria;CS;H621;2;1
Nord Est;Veneto;PD;H622;2;25,5
Nord Ovest;Lombardia;MI;H623;65,43;384,37
Nord Est;Veneto;PD;H625;9,5;341,33
Nord Ovest;Piemonte;TO;H627;10,25;14,58
Nord Est;Emilia-Romagna;RE;H628;24;169,5
Nord Ovest;Lombardia;BS;H630;0;43,94
Nord Ovest;Piemonte;TO;H631;2;1
Sud;Puglia;LE;H632;2;10
Nord Ovest;Piemonte;CN;H633;1;1
Centro;Toscana;FI;H635;18,5;31,79
Sud;Basilicata;PZ;H641;0;2
Nord Est;Emilia-Romagna;RA;H642;5;82,58
Sud;Puglia;BA;H643;14,11;67,1
Sud;Campania;SA;H644;4;1
Sud;Puglia;BA;H645;71,07;107,91
Sud;Basilicata;PZ;H646;1;2
Centro;Lazio;LT;H647;31,5;66,62
Nord Ovest;Lombardia;BS;H650;2;13
Nord Ovest;Lombardia;MN;H652;1;23
Sud;Campania;SA;H654;0;0
Nord Est;Veneto;PD;H655;0;29,5
Nord Est;Friuli- Venezia Giulia;PN;H657;50,81;208,92
Centro;Lazio;RM;H658;3,5;12
Isole;Sardegna;NU;H659;0;0
Isole;Sardegna;NU;H661;0;0
Nord Ovest;Piemonte;BI;H662;8;12
Nord Ovest;Valle d'Aosta;AO;H669;18,22;34,5
Nord Ovest;Valle d'Aosta;AO;H670;1;1
Nord Ovest;Valle d'Aosta;AO;H671;0;4
Nord Ovest;Valle d'Aosta;AO;H672;1,52;2
Nord Ovest;Valle d'Aosta;AO;H673;0;1
Nord Ovest;Valle d'Aosta;AO;H674;15,14;28
Nord Ovest;Valle d'Aosta;AO;H675;1;15,5
Nord Ovest;Valle d'Aosta;AO;H676;4,21;14,08
Nord Ovest;Piemonte;AL;H677;4;1
Nord Est;Emilia-Romagna;BO;H678;7;113,01
Nord Ovest;Lombardia;CO;H679;0;4,5
Nord Ovest;Piemonte;BI;H681;4;5
Nord Est;Emilia-Romagna;PR;H682;10;68
Sud;Campania;SA;H683;9;10,28
Nord Ovest;Piemonte;TO;H684;3;5
Sud;Campania;SA;H686;2;3
Sud;Basilicata;MT;H687;2;1
Isole;Sicilia;TP;H688;2;4
Nord Est;Veneto;RO;H689;1,5;2,5
Nord Ovest;Piemonte;VC;H690;0;1
Nord Ovest;Piemonte;TO;H691;10;11
Sud;Molise;CB;H693;0;1
Nord Ovest;Piemonte;AL;H694;4;13,5
Nord Ovest;Piemonte;CN;H695;2;2
Nord Ovest;Lombardia;BS;H699;1,38;22
Isole;Sicilia;TP;H700;10;7
Nord Ovest;Lombardia;LO;H701;6;26
Nord Ovest;Piemonte;TO;H702;0;1
Sud;Campania;SA;H703;89,62;369,52
Nord Ovest;Piemonte;CN;H704;0;2
Nord Est;Veneto;TV;H706;4;50,08
Nord Ovest;Piemonte;VC;H707;1;2
Sud;Puglia;LE;H708;2;9
Nord Ovest;Piemonte;CN;H710;5,5;7
Nord Est;Veneto;VR;H712;1;2
Centro;Lazio;RI;H713;2;0
Nord Est;Veneto;VR;H714;2,5;21,33
Sud;Abruzzo;PE;H715;0;0
Nord Ovest;Piemonte;CN;H716;0;1
Nord Ovest;Lombardia;BS;H717;14,37;126,32
Nord Est;Emilia-Romagna;PR;H720;43,83;223,67
Nord Ovest;Lombardia;VA;H723;2,13;17,5
Nord Est;Emilia-Romagna;RN;H724;2;38,17
Nord Ovest;Piemonte;VC;H725;4,67;31,84
Nord Ovest;Piemonte;BI;H726;2,75;10,5
Nord Ovest;Piemonte;CN;H727;42,52;143,37
Sud;Puglia;LE;H729;18;11,17
Sud;Basilicata;PZ;H730;1;0
Nord Ovest;Lombardia;CR;H731;0;4,72
Sud;Campania;SA;H732;1,5;0,5
Sud;Campania;AV;H733;4,62;2
Nord Ovest;Piemonte;TO;H734;1;1
Nord Est;Veneto;VE;H735;7,83;124,83
Nord Ovest;Lombardia;VA;H736;15,12;129,7
Isole;Sardegna;CA;H738;3;0
Isole;Sardegna;CA;H739;0;0
Isole;Sicilia;AG;H743;5,97;5,75
Centro;Toscana;PT;H744;4;6,99
Centro;Lazio;RM;H745;1,08;0
Nord Ovest;Piemonte;CN;H746;0;0
Sud;Puglia;BA;H749;12;12,5
Nord Ovest;Lombardia;SO;H752;12,17;4
Nord Ovest;Piemonte;TO;H753;0;12
Nord Ovest;Piemonte;CN;H755;10,49;17
Isole;Sardegna;OR;H756;0;0
Sud;Puglia;LE;H757;2;2
Nord Ovest;Lombardia;CO;H760;0;0
Nord Ovest;Liguria;IM;H763;32;51,67
Sud;Campania;BN;H764;5;1
Sud;Calabria;CS;H765;2;1
Isole;Sardegna;CA;H766;0;0
Nord Ovest;Lombardia;CR;H767;3;10,87
Nord Est;Veneto;RO;H768;1;5
Centro;Marche;AP;H769;91,45;315,89
Nord Ovest;Piemonte;CN;H770;0;1
Nord Ovest;Lombardia;MN;H771;1;29,67
Sud;Abruzzo;AQ;H772;5;2,66
Sud;Abruzzo;AQ;H773;0;0
Sud;Calabria;CS;H774;0;0
Nord Ovest;Piemonte;TO;H775;12,2;68,77
Nord Ovest;Piemonte;VB;H777;2;17
Isole;Sicilia;AG;H778;1;3
Centro;Lazio;FR;H779;0;0
Nord Ovest;Liguria;IM;H780;7;2
Nord Est;Veneto;TV;H781;25,88;126,95
Sud;Molise;CB;H782;0;0
Nord Est;Veneto;VR;H783;16;236,83
Sud;Abruzzo;CH;H784;5;1
Sud;Calabria;VV;H785;1;0
Nord Ovest;Piemonte;TO;H789;3;21
Centro;Toscana;SI;H790;4,5;4,5
Centro;Toscana;FI;H791;29;81,42
Isole;Sicilia;CL;H792;13;53,06
Sud;Puglia;LE;H793;2;27,5
Nord Est;Emilia-Romagna;MO;H794;5;59,5
Sud;Basilicata;PZ;H795;0;1
Sud;Basilicata;PZ;H796;5;3
Isole;Sicilia;PA;H797;1;0
Sud;Campania;CE;H798;0;0
Nord Ovest;Lombardia;PV;H799;2;4
Sud;Campania;SA;H800;7;20
Nord Est;Emilia-Romagna;RN;H801;7,5;52,33
Nord Ovest;Liguria;GE;H802;2;10
Nord Ovest;Lombardia;MI;H803;16,5;46,33
Nord Ovest;Piemonte;TO;H804;1;1
Isole;Sicilia;CT;H805;1;2
Sud;Calabria;CS;H806;0;0
Sud;Calabria;VV;H807;0;0
Sud;Basilicata;PZ;H808;0;0
Centro;Marche;PS;H809;1;25,5
Nord Ovest;Piemonte;AL;H810;1;7
Nord Ovest;Piemonte;AT;H811;2,22;38
Nord Ovest;Piemonte;CN;H812;3;2
Nord Ovest;Lombardia;PV;H814;4;0
Nord Ovest;Lombardia;CR;H815;1,5;4,17
Nord Est;Friuli- Venezia Giulia;UD;H816;21,41;58,67
Sud;Calabria;CS;H818;4;0
Sud;Abruzzo;AQ;H819;3;2
Nord Ovest;Piemonte;TO;H820;2;4
Nord Ovest;Piemonte;BI;H821;7;16,02
Sud;Puglia;BR;H822;1;6,67
Nord Est;Veneto;VE;H823;43,42;490,44
Centro;Lazio;FR;H824;4,89;1
Sud;Calabria;CS;H825;2;2
Sud;Puglia;LE;H826;0;5
Nord Ovest;Lombardia;MI;H827;44;351,1
Nord Est;Veneto;VI;H829;5,5;75,55
Sud;Basilicata;PZ;H831;10,9;5,8
Sud;Molise;CB;H833;0;0,33
Sud;Campania;CE;H834;5,5;17
Nord Est;Emilia-Romagna;MO;H835;3,5;60,58
Centro;Lazio;LT;H836;27;27
Nord Ovest;Lombardia;BS;H838;1;37,67
Sud;Puglia;FG;H839;1;34,08
Nord Ovest;Lombardia;CO;H840;9,25;60,94
Sud;Calabria;CS;H841;1,71;2
Isole;Sicilia;ME;H842;5,33;3,33
Nord Est;Veneto;TV;H843;9;49,5
Nord Ovest;Lombardia;LO;H844;0;23
Sud;Calabria;CZ;H846;0;0
Nord Ovest;Piemonte;TO;H847;3;35
Isole;Sardegna;SS;H848;1,5;3
Isole;Sicilia;ME;H850;1,94;3
Nord Ovest;Piemonte;CN;H851;4;18,25
Nord Ovest;Piemonte;CN;H852;3;12,75
Nord Ovest;Piemonte;TO;H855;9;37,08
Isole;Sardegna;CA;H856;1;2
Centro;Umbria;TR;H857;6;21
Nord Ovest;Lombardia;PV;H859;2;39,83
Sud;Campania;NA;H860;3,5;5,5
Nord Ovest;Piemonte;VC;H861;1;25
Nord Ovest;Piemonte;TO;H862;11;21,5
Nord Ovest;Lombardia;BS;H865;1;23
Sud;Molise;CB;H867;0,17;8,5
Nord Ovest;Lombardia;SO;H868;5;3
Nord Ovest;Lombardia;MN;H870;0;7
Nord Ovest;Lombardia;VA;H872;1,5;4
Nord Ovest;Piemonte;TO;H873;9,17;39,83
Centro;Toscana;SI;H875;10,38;15
Centro;Marche;MC;H876;4,5;5,5
Sud;Calabria;CS;H877;2;1
Nord Ovest;Piemonte;AL;H878;1,67;8,5
Centro;Lazio;FR;H880;0;2
Sud;Calabria;CS;H881;3;0
Sud;Puglia;TA;H882;8,67;29,5
Nord Ovest;Lombardia;MN;H883;12,16;144
Nord Ovest;Lombardia;MI;H884;4,5;115
Nord Ovest;Lombardia;PV;H885;1;9
Nord Est;Emilia-Romagna;PC;H887;6,5;39
Sud;Basilicata;MT;H888;5;2
Sud;Calabria;RC;H889;1;3
Nord Ovest;Piemonte;TO;H890;2,5;15
Nord Est;Friuli- Venezia Giulia;PN;H891;7;9,5
Sud;Campania;NA;H892;27,61;94,8
Nord Est;Veneto;PD;H893;0,12;78,5
Sud;Campania;BN;H894;7;45,89
Nord Est;Friuli- Venezia Giulia;UD;H895;19,59;56,75
Nord Est;Emilia-Romagna;BO;H896;17;149,61
Nord Est;Veneto;PD;H897;5,5;27,5
Sud;Campania;BN;H898;7,88;2
Nord Ovest;Piemonte;AT;H899;0;0
Nord Ovest;Piemonte;TO;H900;0;6
Centro;Toscana;AR;H901;23;118,5
Sud;Calabria;RC;H903;0;1
Nord Est;Friuli- Venezia Giulia;UD;H906;10,5;45,67
Sud;Campania;SA;H907;6;1
Nord Ovest;Lombardia;BG;H910;4;27
Nord Ovest;Lombardia;MN;H912;0;6,25
Centro;Lazio;VT;H913;3;1
Isole;Sicilia;AG;H914;6;8
Nord Est;Veneto;VR;H916;4,06;16,42
Centro;Lazio;FR;H917;1;1,33
Nord Ovest;Lombardia;CR;H918;1;16,5
Sud;Calabria;CS;H919;27,6;12,5
Sud;Molise;CB;H920;8;2
Nord Est;Emilia-Romagna;RN;H921;7,17;44,32
Isole;Sicilia;CT;H922;13;118,92
Sud;Abruzzo;CH;H923;3;1
Nord Est;Veneto;VR;H924;57,5;283,87
Sud;Puglia;FG;H926;31,53;65,04
Sud;Molise;CB;H928;2;0
Sud;Molise;CB;H929;0;2
Nord Ovest;Lombardia;MI;H930;120,5;534,59
Sud;Campania;NA;H931;6,13;21,7
Isole;Sicilia;PA;H933;5;1
Centro;Umbria;PG;H935;7,75;51,5
Nord Ovest;Piemonte;TO;H936;3;14
Centro;Toscana;FI;H937;4;6
Nord Est;Veneto;BL;H938;2;9
Sud;Campania;CE;H939;3;0
Isole;Sicilia;CT;H940;1;79,17
Sud;Calabria;VV;H941;0;1
Centro;Lazio;RM;H942;0;0
Sud;Campania;SA;H943;13;7
Nord Est;Veneto;VR;H944;2;35,17
Nord Est;Emilia-Romagna;BO;H945;82,67;399,16
Nord Est;Emilia-Romagna;RN;H949;1,02;12
Nord Est;Friuli- Venezia Giulia;UD;H951;2;1,5
Sud;Campania;BN;H953;2;1
Sud;Campania;BN;H955;0;0
Nord Ovest;Liguria;IM;H957;12,5;23,25
Centro;Marche;PS;H958;0;7
Sud;Calabria;RC;H959;0,22;0,5
Sud;Calabria;CS;H961;0;0
Sud;Calabria;CS;H962;0,86;3
Sud;Campania;BN;H967;0;3
Centro;Lazio;VT;H969;2,66;3,67
Sud;Calabria;RC;H970;0;2
Sud;Calabria;CS;H971;4;2
Sud;Campania;BN;H973;0;0
Isole;Sardegna;CA;H974;4;8
Sud;Campania;AV;H975;1;10
Sud;Calabria;CZ;H976;1;1
Sud;Campania;SA;H977;8,05;11,05
Sud;Campania;CE;H978;2;37
Centro;Marche;AN;H979;1;5,67
Sud;Calabria;CS;H981;3;1
Isole;Sicilia;ME;H982;10,58;1
Sud;Campania;BN;H984;2;2,33
Sud;Puglia;FG;H985;9,8;32,67
Sud;Puglia;FG;H986;1;0
Nord Ovest;Piemonte;AT;H987;4;4
Sud;Molise;CB;H990;1;11
Sud;Abruzzo;CH;H991;0;0
Sud;Calabria;CS;H992;0;0
Sud;Basilicata;PZ;H994;0;0
Nord Est;Veneto;RO;H996;3;13,93
Nord Ovest;Piemonte;TO;H997;2;2
Nord Est;Friuli- Venezia Giulia;PN;H999;1;4
Sud;Campania;BN;I002;3;2
Nord Est;Veneto;VR;I003;29;199,39
Nord Ovest;Lombardia;MN;I005;0;2
Nord Ovest;Lombardia;CR;I007;0;5
Nord Est;Veneto;PD;I008;13;61,67
Nord Est;Emilia-Romagna;RE;I011;5;83,36
Nord Ovest;Lombardia;LO;I012;3;34
Nord Ovest;Lombardia;PV;I014;12,03;88,8
Sud;Campania;AV;I016;7,67;6
Nord Ovest;Piemonte;AT;I017;3;2
Sud;Puglia;TA;I018;2,5;3
Sud;Campania;SA;I019;7,06;17
Sud;Molise;CB;I023;2;8,2
Nord Ovest;Piemonte;TO;I024;22;88
Nord Ovest;Piemonte;NO;I025;0;13
Sud;Calabria;KR;I026;0;0
Nord Est;Emilia-Romagna;FO;I027;2;123,87
Isole;Sicilia;PA;I028;4;0
Sud;Basilicata;MT;I029;3;1
Nord Ovest;Piemonte;TO;I030;36;155,8
Sud;Campania;SA;I031;3;13
Sud;Campania;SA;I032;0,5;0
Sud;Campania;AV;I034;4;9
Isole;Sicilia;CT;I035;0;1
Nord Ovest;Piemonte;CN;I037;2;5
Nord Est;Veneto;VE;I040;22,11;204,44
Sud;Puglia;BR;I045;3;8
Centro;Toscana;PI;I046;35,25;142,53
Nord Ovest;Lombardia;PV;I048;2;29,67
Sud;Campania;BN;I049;0;0
Nord Ovest;Lombardia;CO;I051;0;1
Nord Ovest;Piemonte;NO;I052;0;2
Sud;Puglia;BA;I053;5;23
Sud;Puglia;FG;I054;10;39,98
Sud;Campania;CE;I056;10,63;122
Sud;Calabria;KR;I057;2,75;0
Sud;Calabria;VV;I058;1;2
Sud;Puglia;LE;I059;1;11,5
Sud;Calabria;CS;I060;10;6,25
Sud;Campania;AV;I061;0;1
Sud;Campania;BN;I062;0,67;2
Nord Est;Veneto;BL;I063;0;1
Sud;Puglia;BR;I066;0;5,14
Centro;Marche;AN;I071;0;3
Sud;Puglia;FG;I072;5;7
Sud;Campania;NA;I073;3;10,84
Nord Ovest;Piemonte;AT;I076;0;5,5
Nord Ovest;Lombardia;BG;I079;8,5;26,29
Isole;Sicilia;ME;I084;5;2
Isole;Sicilia;ME;I086;2;1
Nord Est;Veneto;BL;I088;4,64;9,04
Sud;Campania;SA;I089;0;1
Nord Ovest;Piemonte;TO;I090;1;7,5
Nord Est;Friuli- Venezia Giulia;UD;I092;0;4
Sud;Calabria;CZ;I093;2;1
Sud;Calabria;CZ;I095;4;0
Sud;Molise;IS;I096;1;1
Isole;Sicilia;CT;I098;6;38
Sud;Calabria;RC;I102;0;0
Nord Est;Veneto;TV;I103;1;43
Nord Est;Veneto;VR;I105;4,67;34,83
Nord Est;Veneto;PD;I107;1;14,33
Sud;Calabria;CS;I108;0;0
Nord Est;Veneto;VR;I109;27,79;96,61
Nord Est;Emilia-Romagna;BO;I110;18;169,23
Sud;Campania;CE;I113;0;0
Sud;Calabria;CS;I114;3;1
Sud;Puglia;LE;I115;0;4
Nord Ovest;Piemonte;NO;I116;1;12
Nord Est;Veneto;VI;I117;0;2
Isole;Sardegna;CA;I118;0;2
Sud;Puglia;BR;I119;3,53;22,78
Nord Est;Veneto;PD;I120;1,75;24,75
Sud;Abruzzo;AQ;I121;4;1
Sud;Molise;CB;I122;3,33;0
Nord Est;Emilia-Romagna;RE;I123;3,33;43,5
Nord Est;Veneto;TV;I124;4,1;29,94
Centro;Lazio;RM;I125;8,5;4
Nord Ovest;Piemonte;TO;I126;0;0
Nord Est;Emilia-Romagna;MO;I128;2;25,72
Sud;Campania;AV;I129;4,75;2
Sud;Campania;CE;I130;2,75;0
Sud;Campania;CE;I131;18;88
Sud;Calabria;RC;I132;0;0
Nord Est;Emilia-Romagna;MO;I133;3,13;45,06
Centro;Toscana;SI;I135;1;12,5
Nord Est;Friuli- Venezia Giulia;PN;I136;8;26,37
Nord Ovest;Piemonte;TO;I137;3;28,1
Nord Ovest;Liguria;IM;I138;200,06;396,88
Sud;Calabria;RC;I139;1;0
Nord Ovest;Lombardia;LO;I140;4,5;20,33
Centro;Toscana;LU;I142;1;1
Sud;Campania;SA;I143;0;1
Nord Ovest;Piemonte;AL;I144;2,5;13,5
Sud;Campania;BN;I145;0,12;4,12
Isole;Sicilia;ME;I147;1;1
Sud;Abruzzo;CH;I148;22,11;149,16
Nord Ovest;Piemonte;AL;I150;1;1,5
Sud;Campania;NA;I151;12,33;14
Nord Ovest;Piemonte;TO;I152;2;21
Nord Est;Emilia-Romagna;PR;I153;1;35,17
Nord Ovest;Piemonte;TO;I154;3;22
Centro;Toscana;AR;I155;15,67;49,11
Centro;Marche;MC;I156;20,79;56,63
Sud;Basilicata;PZ;I157;0;0
Sud;Puglia;FG;I158;43,27;178,8
Nord Ovest;Lombardia;CO;I162;7,5;23
Sud;Campania;AV;I163;1;0
Sud;Calabria;CZ;I164;0;0
Sud;Calabria;CS;I165;4;0
Isole;Sardegna;CA;I166;2;8,9
Nord Ovest;Lombardia;BG;I168;7;8,7
Isole;Sicilia;CL;I169;2;5
Sud;Calabria;CZ;I170;2,34;0
Sud;Calabria;CS;I171;0,92;0
Sud;Puglia;LE;I172;0;4
Isole;Sicilia;PA;I174;5;1
Nord Ovest;Lombardia;PV;I175;3;10
Sud;Calabria;RC;I176;0;0
Centro;Toscana;PI;I177;10,75;50,5
Isole;Sicilia;RG;I178;4,06;48,65
Sud;Campania;BN;I179;0,67;0
Sud;Molise;CB;I181;1;4
Isole;Sardegna;CA;I182;0;0
Sud;Calabria;CS;I183;1,75;0,83
Isole;Sicilia;ME;I184;0;1
Isole;Sicilia;AG;I185;1;1
Centro;Toscana;GR;I187;4;16,17
Isole;Sicilia;PA;I188;4,5;8
Sud;Molise;IS;I189;0;2
Nord Ovest;Piemonte;AL;I190;0;0
Nord Est;Emilia-Romagna;BO;I191;14;84,34
Sud;Calabria;CS;I192;2;0
Sud;Puglia;FG;I193;2;3
Nord Est;Emilia-Romagna;RA;I196;0;22
Sud;Campania;BN;I197;5;7
Sud;Calabria;RC;I198;2;0
Isole;Sicilia;ME;I199;12,75;29,71
Nord Est;Emilia-Romagna;RN;I201;1,5;1
Isole;Sicilia;CT;I202;3,83;47,86
Nord Ovest;Lombardia;PV;I203;4;9
Isole;Sardegna;OR;I205;0;8
Nord Est;Veneto;BL;I206;7,5;43
Nord Est;Veneto;PD;I207;2,5;39
Sud;Campania;NA;I208;7,5;16,91
Nord Ovest;Piemonte;CN;I210;6;18
Nord Ovest;Lombardia;PV;I213;1;11,25
Sud;Calabria;RC;I214;0;0
Isole;Sicilia;ME;I215;2;3
Isole;Sicilia;CT;I216;1;2
Centro;Toscana;PI;I217;3,84;5
Sud;Campania;AV;I219;1;1,61
Isole;Sicilia;ME;I220;7;3,5
Nord Est;Veneto;TV;I221;11,5;88,3
Isole;Sicilia;AG;I224;7;14,5
Nord Ovest;Liguria;GE;I225;26,73;113,18
Nord Ovest;Lombardia;PV;I230;2;4,5
Centro;Toscana;PI;I232;17,61;113,56
Sud;Campania;CE;I233;7,5;53,17
Sud;Campania;CE;I234;26,06;155,17
Nord Ovest;Lombardia;PV;I236;1;38,5
Nord Ovest;Lombardia;PV;I237;2;7
Sud;Molise;IS;I238;2;3
Isole;Sicilia;CT;I240;10;12,5
Nord Est;Veneto;VE;I242;20,5;143,21
Nord Ovest;Lombardia;LC;I243;2;11
Sud;Abruzzo;CH;I244;3;10
Sud;Campania;CE;I247;2;1
Nord Est;Friuli- Venezia Giulia;UD;I248;1;8,5
Nord Ovest;Piemonte;VB;I249;7,5;33,5
Centro;Marche;AN;I251;0;13
Sud;Campania;SA;I253;1;3,33
Isole;Sicilia;ME;I254;0;0
Centro;Lazio;RM;I255;43,66;217,69
Centro;Lazio;FR;I256;0;0
Nord Ovest;Piemonte;TO;I258;5;35,67
Nord Est;Veneto;VR;I259;10;88,59
Sud;Campania;SA;I260;1;1
Sud;Campania;CE;I261;5;30
Sud;Campania;NA;I262;13,16;39,7
Centro;Umbria;PG;I263;1;1
Sud;Campania;AV;I264;1;0
Centro;Lazio;FR;I265;1;1
Sud;Calabria;CZ;I266;5,8;0
Isole;Sardegna;CA;I271;0,5;0
Sud;Campania;CE;I273;2;11
Nord Ovest;Lombardia;LO;I274;3,83;114,33
Nord Est;Veneto;PD;I275;4;44,7
Nord Ovest;Lombardia;PV;I276;0;5
Sud;Campania;BN;I277;2;0
Sud;Campania;SA;I278;3;0
Sud;Campania;AV;I279;0,12;2,12
Sud;Campania;AV;I280;2;2
Sud;Campania;AV;I281;6;9,25
Sud;Molise;IS;I282;0;0
Isole;Sicilia;ME;I283;4,58;0
Centro;Lazio;RM;I284;8,5;18
Centro;Marche;MC;I286;4,78;3
Centro;Marche;PS;I287;4,5;7,67
Sud;Basilicata;PZ;I288;0;0
Sud;Molise;CB;I289;2;1
Isole;Sicilia;AG;I290;0;0
Isole;Sicilia;TP;I291;1,5;7,5
Nord Est;Veneto;VR;I292;8,71;10,42
Sud;Campania;NA;I293;9,4;33,06
Isole;Sardegna;CA;I294;6;9
Nord Ovest;Piemonte;TO;I296;9,5;39
Isole;Sardegna;OR;I298;0;0
Sud;Campania;NA;I300;10,34;8,28
Sud;Campania;AV;I301;1;1
Centro;Lazio;FR;I302;1;0
Nord Est;Emilia-Romagna;RN;I304;16,92;117,92
Sud;Basilicata;PZ;I305;13;12,5
Sud;Campania;CE;I306;24,63;67,17
Sud;Campania;SA;I307;0;3
Sud;Calabria;KR;I308;1;0
Sud;Calabria;CS;I309;3;0
Nord Est;Emilia-Romagna;FO;I310;3;22
Isole;Sicilia;ME;I311;7,5;28,33
Isole;Sardegna;SS;I312;6,33;28
Isole;Sicilia;CT;I314;9,83;11
Centro;Marche;AP;I315;0;2
Nord Ovest;Piemonte;CN;I316;5,16;38,5
Sud;Campania;SA;I317;6,33;6,67
Sud;Abruzzo;TE;I318;5;19,33
Nord Est;Veneto;PD;I319;0;13,5
Sud;Molise;CB;I320;3;3
Centro;Lazio;FR;I321;10;3
Sud;Calabria;CZ;I322;3;0
Centro;Marche;AP;I324;6,6;38,5
Sud;Abruzzo;AQ;I326;3;3,5
Nord Ovest;Piemonte;TO;I327;4;65,5
Isole;Sicilia;ME;I328;1;0
Isole;Sardegna;NU;I329;17;66,55
Sud;Puglia;BA;I330;25,67;92,46
Sud;Abruzzo;PE;I332;0;1
Sud;Calabria;RC;I333;0;3
Sud;Abruzzo;CH;I335;3;3
Sud;Abruzzo;AQ;I336;0;0
Nord Ovest;Piemonte;VC;I337;7;55,39
Centro;Lazio;LT;I339;8;3
Sud;Calabria;RC;I341;1;1,5
Nord Est;Emilia-Romagna;RE;I342;11,07;118,3
Centro;Marche;PS;I344;3;2
Nord Ovest;Liguria;GE;I346;18,5;26,71
Nord Est;Veneto;BL;I347;2,7;6
Sud;Abruzzo;TE;I348;1;6
Sud;Calabria;VV;I350;0;0
Centro;Lazio;FR;I351;3;1
Centro;Lazio;RM;I352;11;3
Nord Est;Veneto;VI;I353;4,47;32,17
Isole;Sicilia;AG;I356;3,28;6,5
Sud;Campania;AV;I357;1;1
Sud;Calabria;CS;I359;3;5
Sud;Abruzzo;AQ;I360;1,5;3
Nord Ovest;Lombardia;MI;I361;11;51,17
Nord Ovest;Lombardia;LO;I362;5,13;8
Nord Ovest;Liguria;SP;I363;25,53;65,83
Centro;Lazio;FR;I364;0;1
Nord Ovest;Liguria;IM;I365;9;38,5
Nord Ovest;Piemonte;CN;I367;6;9,58
Nord Ovest;Liguria;GE;I368;1;12
Isole;Sicilia;ME;I370;8,5;2
Sud;Calabria;RC;I371;0;0
Nord Ovest;Piemonte;CN;I372;4;4
Nord Est;Veneto;VE;I373;13,5;87,05
Isole;Sardegna;OR;I374;1;2
Nord Est;Veneto;PD;I375;0,17;6,59
Sud;Abruzzo;PE;I376;0,58;0
Sud;Campania;SA;I377;2,2;14,38
Centro;Umbria;TR;I381;1;5,5
Nord Est;Veneto;TV;I382;19,17;80,3
Isole;Sardegna;OR;I384;2;0
Sud;Calabria;CS;I388;5;0
Sud;Abruzzo;AQ;I389;3;2
Centro;Toscana;LI;I390;19,96;102,55
Sud;Campania;NA;I391;3,25;53,22
Nord Est;Veneto;BL;I392;12,5;33,33
Sud;Calabria;CZ;I393;0;0
Sud;Abruzzo;CH;I394;16;17
Sud;Puglia;BR;I396;17;34,83
Centro;Lazio;RM;I400;5;2
Nord Est;Veneto;VI;I401;4;33,13
Isole;Sardegna;CA;I402;3;0
Nord Est;Friuli- Venezia Giulia;PN;I403;17,04;103,01
Nord Est;Friuli- Venezia Giulia;UD;I405;2;13,33
Isole;Sicilia;TP;I407;16;13,58
Centro;Lazio;FR;I408;0;0
Nord Ovest;Lombardia;MI;I409;14,5;94
Sud;Campania;SA;I410;0;0
Nord Ovest;Lombardia;BS;I412;7,5;63,83
Nord Est;Veneto;VR;I414;10;36,5
Nord Ovest;Lombardia;MI;I415;3;43,5
Nord Ovest;Lombardia;PV;I416;1;2
Nord Est;Veneto;TV;I417;8,2;44,2
Nord Est;Veneto;PD;I418;9;96,57
Isole;Sicilia;ME;I420;4;5
Nord Est;Veneto;UD;I421;6,33;40,95
Sud;Campania;SA;I422;1;3
Sud;Calabria;CS;I423;4,17;1
Centro;Lazio;RM;I424;0;0,5
Nord Est;Veneto;VI;I425;4;24
Sud;Basilicata;PZ;I426;3;0
Isole;Sardegna;CA;I428;0;0
Nord Ovest;Piemonte;AL;I429;0;2
Nord Est;Veneto;VI;I430;1;52,85
Nord Ovest;Piemonte;AL;I432;3;2
Nord Ovest;Lombardia;BS;I433;14,28;115,02
Nord Est;Emilia-Romagna;PC;I434;1;19,83
Nord Est;Veneto;TV;I435;1,12;12
Centro;Marche;MC;I436;2,04;13,5
Nord Ovest;Lombardia;BG;I437;7,09;112,21
Sud;Campania;SA;I438;26,24;37,09
Nord Ovest;Lombardia;VA;I441;87,42;395,48
Nord Ovest;Valle d'Aosta;AO;I442;10,44;33,16
Isole;Sardegna;CA;I443;0,14;1
Nord Est;Emilia-Romagna;FO;I444;2;7,33
Centro;Toscana;SI;I445;4,83;17,26
Nord Ovest;Lombardia;PV;I447;0,5;6
Isole;Sardegna;NU;I448;1;0
Nord Ovest;Liguria;SP;I449;31,95;106,62
Sud;Campania;SA;I451;3,83;2,33
Isole;Sardegna;SS;I452;85,67;582,9
Nord Ovest;Liguria;SV;I453;5,5;15,25
Centro;Toscana;LI;I454;2;2,49
Sud;Campania;BN;I455;0;0
Sud;Basilicata;PZ;I457;2;0
Centro;Marche;PS;I460;0,75;11,75
Centro;Marche;AN;I461;8,5;13,8
Nord Est;Emilia-Romagna;MO;I462;78;383,14
Sud;Calabria;CZ;I463;2;6
Nord Est;Friuli- Venezia Giulia;UD;I464;1;2
Nord Ovest;Piemonte;TO;I465;2;19,16
Nord Ovest;Piemonte;TO;I466;15;96,16
Sud;Puglia;TA;I467;8,28;11
Sud;Calabria;KR;I468;0;0
Sud;Campania;NA;I469;2,86;51,5
Nord Ovest;Piemonte;CN;I470;55,43;196,06
Sud;Campania;AV;I471;3;0
Nord Est;Emilia-Romagna;FO;I472;11,5;124,68
Nord Est;Emilia-Romagna;MO;I473;6,5;106,28
Nord Ovest;Liguria;GE;I475;12,49;8,99
Nord Ovest;Lombardia;BS;I476;4;2,67
Isole;Sicilia;ME;I477;2;0
Nord Est;Friuli- Venezia Giulia;UD;I478;0;0
Nord Ovest;Liguria;SV;I480;134,92;257,23
Sud;Abruzzo;PE;I482;2;10,5
Sud;Campania;SA;I483;25,5;72,17
Nord Ovest;Piemonte;CN;I484;2;0
Sud;Calabria;CS;I485;1,75;0
Sud;Campania;SA;I486;5;1
Nord Ovest;Lombardia;PV;I487;0;4
Sud;Calabria;CS;I489;38,83;20
Nord Ovest;Piemonte;TO;I490;3;25
Isole;Sicilia;ME;I492;2,5;2,5
Sud;Campania;AV;I493;0;1
Sud;Calabria;KR;I494;3;0
Nord Est;Emilia-Romagna;RE;I496;46,71;260,37
Nord Ovest;Lombardia;CR;I497;0;3,67
Nord Ovest;Lombardia;CR;I498;1;1
Centro;Lazio;RI;I499;6;6
Sud;Abruzzo;AQ;I501;10,3;3
Isole;Sardegna;OR;I503;1;0
Centro;Toscana;GR;I504;13;16,08
Nord Ovest;Lombardia;BG;I506;19,5;102,91
Sud;Molise;IS;I507;0;0
Centro;Toscana;GR;I510;8,25;31,44
Nord Ovest;Piemonte;TO;I511;0;1
Nord Ovest;Piemonte;CN;I512;5,75;14,5
Sud;Abruzzo;CH;I520;2;8
Centro;Umbria;PG;I522;1,5;2
Centro;Umbria;PG;I523;1;0
Sud;Abruzzo;CH;I526;0;1
Nord Est;Veneto;VI;I527;1,75;14,75
Nord Ovest;Lombardia;CO;I529;4,5;2,83
Nord Ovest;Lombardia;BG;I530;4,04;17
Nord Est;Veneto;VI;I531;25,34;355,15
Nord Ovest;Lombardia;MN;I532;0;4
Isole;Sicilia;AG;I533;39,58;25,17
Isole;Sicilia;PA;I534;1;2
Isole;Sicilia;RG;I535;16,5;44,25
Sud;Calabria;RC;I536;0;0
Sud;Calabria;RC;I537;0;4
Isole;Sicilia;PA;I538;0;0
Nord Ovest;Piemonte;TO;I539;3;8
Sud;Campania;NA;I540;6,5;35
Isole;Sicilia;PA;I541;0;0
Sud;Abruzzo;AQ;I543;0;0
Nord Ovest;Piemonte;VC;I544;2,5;5,5
Nord Ovest;Piemonte;VC;I545;2;22,75
Sud;Abruzzo;AQ;I546;0;12,5
Isole;Sicilia;CT;I548;5;23,5
Sud;Puglia;LE;I549;2;11
Nord Est;Veneto;VE;I551;12;221,95
Sud;Abruzzo;AQ;I553;0,75;1,5
Nord Ovest;Piemonte;AT;I555;0;1
Nord Ovest;Liguria;IM;I556;2;1
Sud;Abruzzo;AQ;I558;0;0
Sud;Puglia;LE;I559;2,5;1
Nord Ovest;Lombardia;LO;I561;3;15,6
Nord Est;Friuli- Venezia Giulia;UD;I562;3;20
Nord Est;Veneto;BL;I563;17,16;97,71
Isole;Sardegna;OR;I564;0;1
Isole;Sardegna;SS;I565;0;0
Nord Ovest;Lombardia;MI;I566;23,5;141,33
Nord Ovest;Lombardia;BG;I567;3,09;17,29
Centro;Marche;MC;I569;0;0
Isole;Sardegna;CA;I570;0;0
Centro;Toscana;GR;I571;16;12
Centro;Lazio;RM;I573;19,83;20,34
Nord Ovest;Lombardia;MI;I577;234,88;631,81
Nord Est;Veneto;TV;I578;2;6,84
Isole;Sardegna;CA;I580;41,67;189,17
Centro;Lazio;RI;I581;4;3
Isole;Sardegna;CA;I582;0;0
Centro;Umbria;PG;I585;1;2
Nord Ovest;Lombardia;BS;I588;0;6,5
Sud;Calabria;CZ;I589;1,83;0
Sud;Calabria;CZ;I590;3,89;2,5
Nord Est;Veneto;BL;I592;6,49;15,13
Nord Est;Veneto;VR;I594;3,67;6
Nord Est;Veneto;PD;I595;8;237,75
Nord Ovest;Lombardia;BG;I597;7,14;45,81
Isole;Sardegna;SS;I598;0;2
Nord Ovest;Lombardia;PV;I599;0;1
Sud;Calabria;RC;I600;0;0
Centro;Toscana;GR;I601;10;8
Nord Ovest;Lombardia;MI;I602;59,64;207,16
Isole;Sardegna;OR;I605;5,25;2
Sud;Campania;AV;I606;2;0
Nord Ovest;Lombardia;BS;I607;1;5
Centro;Marche;AN;I608;68,98;395,62
Isole;Sardegna;OR;I609;0;0
Sud;Basilicata;PZ;I610;6;5
Nord Ovest;Lombardia;CO;I611;2,83;21,33
Nord Ovest;Lombardia;LO;I612;6;9,74
Isole;Sardegna;OR;I613;0;0
Isole;Sardegna;SS;I614;3;13,74
Isole;Sardegna;CA;I615;2;4
Sud;Molise;CB;I618;1,8;1
Nord Est;Friuli- Venezia Giulia;PN;I621;2;5
Centro;Toscana;LU;I622;9;17,11
Isole;Sardegna;CA;I624;0;2
Nord Ovest;Lombardia;MI;I625;140,53;537,2
Nord Est;Veneto;BL;I626;2,67;5,17
Nord Ovest;Lombardia;CR;I627;1;36,66
Nord Ovest;Lombardia;BG;I628;32,19;292,92
Nord Ovest;Lombardia;BG;I629;2,2;30,27
Sud;Campania;AV;I630;3,41;2,33
Nord Ovest;Lombardia;BS;I631;3;7
Nord Ovest;Lombardia;MN;I632;7;37,56
Nord Ovest;Lombardia;BS;I633;16,41;219,31
Centro;Lazio;LT;I634;12,25;33,5
Nord Est;Veneto;TV;I635;7,5;33,5
Nord Ovest;Lombardia;SO;I636;0;1
Nord Ovest;Piemonte;AT;I637;0;1
Sud;Calabria;VV;I639;4,83;5
Nord Ovest;Liguria;GE;I640;26,8;24,84
Sud;Puglia;FG;I641;2;8
Sud;Calabria;CS;I642;0;0
Centro;Marche;AN;I643;1;11
Isole;Sicilia;CL;I644;13,61;8
Nord Ovest;Piemonte;AL;I645;0;0
Nord Ovest;Piemonte;CN;I646;1;1
Isole;Sardegna;CA;I647;0;3
Sud;Campania;SA;I648;0;0
Sud;Abruzzo;PE;I649;1;2,33
Centro;Marche;MC;I651;0;1
Sud;Campania;NA;I652;0;2
Centro;Marche;AN;I653;1;12
Centro;Marche;PS;I654;2;1
Sud;Calabria;CZ;I655;4;1
Sud;Calabria;RC;I656;1;0
Nord Ovest;Piemonte;AL;I657;2;53,5
Nord Ovest;Piemonte;CN;I659;1;0
Centro;Toscana;PT;I660;6;84
Centro;Marche;MC;I661;1;3
Nord Ovest;Lombardia;MN;I662;1;8,33
Nord Ovest;Piemonte;VC;I663;4;29,5
Sud;Campania;SA;I666;9;1
Isole;Sardegna;CA;I667;0;0
Isole;Sardegna;NU;I668;0;0
Centro;Lazio;FR;I669;1;1
Sud;Calabria;CZ;I671;3;0
Nord Est;Veneto;BL;I673;4,5;4,5
Sud;Campania;CE;I676;22,5;113,66
Sud;Campania;SA;I677;1;0
Nord Ovest;Piemonte;AT;I678;0;1
Sud;Molise;IS;I679;0;1
Centro;Toscana;AR;I681;1;2
Sud;Molise;IS;I682;2,32;1
Nord Ovest;Lombardia;CR;I683;4,34;18,5
Centro;Toscana;FI;I684;111,82;410,23
Nord Est;Friuli- Venezia Giulia;PN;I686;8;35,5
Nord Ovest;Lombardia;VA;I688;14,28;98,16
Nord Est;Emilia-Romagna;MO;I689;10,5;47,33
Nord Ovest;Lombardia;MI;I690;168,39;776,14
Nord Ovest;Piemonte;TO;I692;12;110,02
Nord Ovest;Liguria;GE;I693;31,35;146,83
Isole;Sardegna;CA;I695;14;59
Nord Ovest;Lombardia;MI;I696;6;75,38
Centro;Lazio;FR;I697;0;0
Nord Ovest;Piemonte;AT;I698;0;1
Isole;Sardegna;CA;I699;2,5;11
Nord Ovest;Lombardia;MI;I700;24,5;241,01
Nord Ovest;Piemonte;TO;I701;0;0
Nord Ovest;Piemonte;TO;I702;1,5;4
Nord Ovest;Piemonte;TO;I703;52,21;364,51
Sud;Calabria;CZ;I704;2;0
Isole;Sardegna;CA;I705;0;0
Isole;Sardegna;NU;I706;0;1
Isole;Sardegna;NU;I707;0;1
Nord Ovest;Lombardia;MI;I709;38,16;233,58
Nord Ovest;Piemonte;AL;I711;1;1
Centro;Lazio;LT;I712;10,1;16,5
Centro;Lazio;FR;I716;7,5;0
Isole;Sardegna;OR;I717;0;0
Isole;Sardegna;OR;I718;1;0
Sud;Campania;SA;I720;11,33;9,67
Isole;Sardegna;OR;I721;0;0
Isole;Sicilia;AG;I723;6;3
Isole;Sardegna;CA;I724;0;0
Sud;Calabria;RC;I725;2;12,2
Centro;Toscana;SI;I726;66,25;298,58
Centro;Umbria;PG;I727;4;13,5
Centro;Toscana;FI;I728;11,33;92,32
Isole;Sardegna;NU;I730;0;1
Isole;Sardegna;SS;I732;0;2
Isole;Sardegna;CA;I734;0;0
Isole;Sardegna;CA;I735;0;0
Nord Ovest;Piemonte;NO;I736;1;2
Nord Ovest;Piemonte;AL;I738;2;8,06
Nord Ovest;Lombardia;PV;I739;2;4
Sud;Abruzzo;TE;I741;35,29;85,5
Isole;Sardegna;OR;I742;0;0
Isole;Sardegna;OR;I743;0;0
Sud;Calabria;VV;I744;0;0
Sud;Calabria;CZ;I745;3,01;2
Isole;Sicilia;ME;I747;4;0
Isole;Sardegna;NU;I748;0;1,86
Isole;Sardegna;OR;I749;0;1
Nord Ovest;Piemonte;CN;I750;1;1
Isole;Sardegna;NU;I751;2,33;3
Isole;Sardegna;CA;I752;9;34,25
Sud;Calabria;RC;I753;0;0
Isole;Sicilia;SR;I754;39,49;318,43
Sud;Campania;AV;I756;3;10,83
Isole;Sardegna;OR;I757;0;0
Centro;Marche;AN;I758;3;60,57
Nord Ovest;Lombardia;LC;I759;5,5;12,75
Nord Ovest;Lombardia;LC;I761;1,5;17,5
Isole;Sardegna;CA;I765;0;0
Nord Ovest;Piemonte;NO;I767;1;5
Centro;Marche;AP;I774;0;0
Nord Est;Veneto;VR;I775;10;77,17
Nord Est;Friuli- Venezia Giulia;UD;I777;0;2
Isole;Sardegna;OR;I778;0;0
Nord Est;Emilia-Romagna;FO;I779;2;6,64
Sud;Puglia;LE;I780;2;2
Nord Ovest;Piemonte;AT;I781;0;0
Nord Ovest;Lombardia;BS;I782;3;50,53
Nord Est;Veneto;VI;I783;0;14
Isole;Sicilia;SR;I785;1;6,08
Nord Ovest;Lombardia;MI;I786;15,3;101,5
Nord Est;Emilia-Romagna;RA;I787;2,5;30,33
Nord Ovest;Lombardia;CR;I790;0;4
Isole;Sardegna;OR;I791;1;0
Nord Ovest;Lombardia;VA;I793;2;26
Nord Ovest;Lombardia;VA;I794;5;26,5
Nord Ovest;Liguria;IM;I796;7,5;3
Isole;Sardegna;CA;I797;0;0
Nord Ovest;Piemonte;AL;I798;2;5
Nord Est;Veneto;PD;I799;0,5;27,7
Sud;Puglia;LE;I800;1;14
Nord Ovest;Lombardia;MN;I801;2;26
Nord Est;Emilia-Romagna;MO;I802;11,63;160,92
Nord Est;Emilia-Romagna;PR;I803;2,4;7,34
Sud;Abruzzo;AQ;I804;35,94;74,34
Sud;Campania;AV;I805;4;17
Nord Ovest;Piemonte;AL;I808;0;2
Sud;Campania;BN;I809;2;1
Nord Ovest;Lombardia;BG;I812;3,5;18,5
Nord Ovest;Lombardia;BG;I813;0;24
Nord Ovest;Lombardia;LO;I815;3;31
Nord Ovest;Piemonte;CN;I817;0,33;0
Nord Ovest;Lombardia;VA;I819;20,99;155,77
Sud;Campania;NA;I820;16;29,27
Nord Est;Veneto;VR;I821;9,24;106,17
Nord Ovest;Piemonte;CN;I822;9,25;50,44
Nord Ovest;Piemonte;CN;I823;1;10
Isole;Sicilia;CL;I824;2,5;9,89
Nord Ovest;Lombardia;PV;I825;2;6
Nord Est;Veneto;VR;I826;25,88;136,27
Nord Ovest;Lombardia;CR;I827;10;42
Nord Ovest;Lombardia;SO;I828;23,34;11
Nord Ovest;Lombardia;SO;I829;106,23;190,15
Nord Ovest;Lombardia;BG;I830;0;10
Nord Ovest;Lombardia;BS;I831;2,45;3
Centro;Lazio;LT;I832;12;8,75
Centro;Lazio;FR;I838;7;40,75
Nord Est;Emilia-Romagna;PR;I840;4;35,17
Centro;Toscana;GR;I841;10,5;3
Sud;Campania;AV;I843;0,04;3,96
Sud;Calabria;CZ;I844;5,5;1,86
Nord Ovest;Piemonte;BI;I847;3;6
Nord Ovest;Lombardia;LO;I848;4;53,5
Nord Ovest;Lombardia;CR;I849;9;67,25
Nord Est;Veneto;VR;I850;2,83;14,4
Isole;Sardegna;NU;I851;0;1
Nord Ovest;Liguria;GE;I852;12,5;28
Sud;Calabria;VV;I853;0;0
Sud;Calabria;VV;I854;2;0
Centro;Lazio;VT;I855;25,17;21
Nord Ovest;Lombardia;CO;I856;3;8
Nord Ovest;Piemonte;NO;I857;1;1
Nord Ovest;Lombardia;BG;I858;5,75;86,25
Nord Ovest;Lombardia;CO;I860;0,2;6,5
Isole;Sardegna;OR;I861;0;2
Sud;Campania;NA;I862;12,98;28,13
Isole;Sardegna;SS;I863;7,9;12
Isole;Sicilia;SR;I864;7,21;16
Nord Ovest;Lombardia;CR;I865;1;10,08
Nord Est;Veneto;BL;I866;4;13,05
Nord Est;Veneto;VI;I867;2;15,25
Nord Ovest;Piemonte;BI;I868;2;3
Nord Ovest;Lombardia;BG;I869;1;36
Sud;Calabria;CZ;I872;10,72;11,5
Nord Ovest;Lombardia;BG;I873;7,97;30,5
Sud;Calabria;CZ;I874;3;0
Sud;Calabria;CZ;I875;2;0
Nord Est;Veneto;BL;I876;1;3
Centro;Toscana;SI;I877;7,25;56,34
Nord Ovest;Lombardia;MI;I878;11,25;47,83
Nord Est;Veneto;VI;I879;0;39,27
Nord Ovest;Piemonte;NO;I880;1;5
Isole;Sicilia;ME;I881;6;7,28
Sud;Calabria;VV;I884;0;0
Sud;Campania;CE;I885;3,05;10
Nord Ovest;Piemonte;TO;I886;1;12,66
Sud;Puglia;LE;I887;0,34;6
Centro;Umbria;PG;I888;4;30,5
Isole;Sicilia;EN;I891;3;2
Centro;Lazio;LT;I892;6,67;20,5
Sud;Campania;AV;I893;1;10
Nord Ovest;Lombardia;PV;I894;0;3
Sud;Calabria;CS;I895;1;2
Sud;Calabria;CS;I896;7,42;12
Nord Ovest;Piemonte;AL;I901;1;1
Centro;Lazio;LT;I902;0;1
Nord Est;Emilia-Romagna;MO;I903;29,18;126,87
Nord Est;Friuli- Venezia Giulia;PN;I904;13;65
Sud;Calabria;VV;I905;0;1
Nord Ovest;Lombardia;CR;I906;2;11
Sud;Puglia;BA;I907;9,8;5,75
Nord Est;Veneto;VE;I908;7;343,42
Nord Ovest;Lombardia;CR;I909;0;1
Sud;Molise;CB;I910;0;2
Nord Ovest;Piemonte;AL;I911;0;0
Centro;Marche;AP;I912;12,67;55,82
Nord Ovest;Lombardia;CR;I914;5;81,72
Nord Ovest;Lombardia;BG;I916;0;17
Sud;Basilicata;PZ;I917;0;1
Nord Ovest;Lombardia;BG;I919;5,75;32
Centro;Umbria;PG;I921;52,65;158,89
Sud;Abruzzo;PE;I922;9,89;103,99
Sud;Puglia;LE;I923;1;1,5
Nord Ovest;Liguria;SV;I926;15;56,92
Nord Est;Veneto;TV;I927;21,69;154,95
Nord Ovest;Lombardia;SO;I928;0;0
Sud;Calabria;CZ;I929;7,5;2,25
Sud;Puglia;LE;I930;2,08;14
Centro;Marche;AN;I932;7;11
Nord Ovest;Lombardia;CR;I935;2;18,34
Sud;Calabria;RC;I936;0;0
Sud;Calabria;CZ;I937;4;7
Nord Est;Veneto;PD;I938;0,5;23,78
Nord Ovest;Piemonte;AL;I941;2,5;9
Centro;Toscana;LU;I942;6;1
Nord Ovest;Lombardia;CO;I943;0;3
Sud;Calabria;VV;I945;1;0
Nord Ovest;Liguria;SV;I946;4,5;9,25
Nord Ovest;Liguria;SV;I947;1;2
Sud;Puglia;LE;I950;2;2,67
Nord Ovest;Lombardia;BG;I951;34,45;181,47
Nord Est;Veneto;RO;I953;1;20,98
Sud;Basilicata;MT;I954;10,5;1,18
Sud;Calabria;RC;I955;0;1
Sud;Calabria;RC;I956;4;2
Centro;Lazio;RI;I959;2;5
Sud;Campania;SA;I960;1;0
Sud;Puglia;FG;I962;1;5,5
Sud;Puglia;FG;I963;1;12
Nord Est;Veneto;VE;I965;1,5;33,23
Nord Ovest;Lombardia;PV;I968;12,56;80
Nord Ovest;Piemonte;TO;I969;0;0
Nord Ovest;Piemonte;TO;I970;9,03;43,4
Centro;Lazio;FR;I973;0;0
Nord Est;Friuli- Venezia Giulia;UD;I974;1;0
Nord Ovest;Piemonte;VB;I976;9,95;48,25
Nord Ovest;Piemonte;AL;I977;0,25;15
Sud;Campania;NA;I978;3;16,25
Nord Ovest;Piemonte;BI;I980;3;6
Centro;Umbria;TR;I981;9,05;17
Sud;Calabria;KR;I982;0,88;8
Nord Ovest;Piemonte;VC;I984;2;8
Nord Ovest;Piemonte;CN;I985;0;0
Nord Ovest;Lombardia;BG;I986;1;18
Sud;Campania;AV;I990;1,75;2,75
Centro;Toscana;AR;I991;10,84;37,51
Centro;Lazio;RM;I992;35,75;17,5
Sud;Campania;CE;I993;12,55;32,33
Nord Ovest;Lombardia;LC;I994;1;1
Isole;Sardegna;CA;I995;0;0
Nord Ovest;Lombardia;LC;I996;2;10
Nord Ovest;Lombardia;BG;I997;1,67;29,5
Nord Ovest;Lombardia;MI;I998;11;63,34
Nord Ovest;Lombardia;BS;L002;2,5;22,46
Nord Ovest;Lombardia;VA;L003;7;35
Sud;Campania;AV;L004;0;4
Isole;Sardegna;NU;L006;2;0
Nord Ovest;Piemonte;NO;L007;0;19
Sud;Puglia;LE;L008;1,13;3,78
Centro;Lazio;FR;L009;5;3
Sud;Puglia;LE;L010;0;2
Sud;Puglia;LE;L011;1;56,8
Nord Ovest;Piemonte;TO;L013;10,33;16
Nord Est;Veneto;TV;L014;13,88;86
Nord Ovest;Lombardia;MN;L015;0;7
Isole;Sicilia;CL;L016;0;1
Centro;Lazio;VT;L017;22,67;33
Nord Est;Friuli- Venezia Giulia;UD;L018;2,88;3
Centro;Toscana;LI;L019;13,4;23,5
Nord Ovest;Lombardia;MN;L020;14,67;192,26
Nord Ovest;Lombardia;LC;L022;1;7
Isole;Sardegna;OR;L023;0;0
Nord Ovest;Liguria;IM;L024;42,8;62,81
Sud;Abruzzo;AQ;L025;14;24,92
Nord Est;Veneto;RO;L026;2;31,26
Nord Ovest;Piemonte;AL;L027;2;11
Nord Est;Veneto;BL;L030;6;4
Nord Ovest;Lombardia;VA;L032;5,5;22,27
Nord Est;Emilia-Romagna;RN;L034;0;0,5
Nord Ovest;Lombardia;SO;L035;9,08;13,83
Isole;Sardegna;NU;L036;0;0
Nord Ovest;Lombardia;BG;L037;4;8,5
Centro;Toscana;AR;L038;1;2
Nord Est;Friuli- Venezia Giulia;UD;L039;3,44;21,09
Nord Est;Veneto;BL;L040;5,67;11
Isole;Sicilia;ME;L042;10;34,08
Centro;Lazio;RI;L046;2;4
Sud;Abruzzo;CH;L047;0;0
Nord Ovest;Piemonte;CN;L048;2;9
Sud;Puglia;TA;L049;127,57;409,63
Nord Est;Friuli- Venezia Giulia;UD;L050;20,12;59,34
Sud;Calabria;CS;L055;4;1
Nord Ovest;Lombardia;SO;L056;0,3;1
Nord Est;Veneto;TV;L058;5;12,8
Nord Ovest;Piemonte;AL;L059;1;3
Sud;Campania;AV;L061;0;3,17
Sud;Campania;AV;L062;3,09;4
Sud;Calabria;RC;L063;6,53;7,5
Sud;Puglia;LE;L064;2,5;7
Nord Est;Friuli- Venezia Giulia;UD;L065;25,5;157,25
Nord Ovest;Piemonte;TO;L066;1;1
Sud;Molise;CB;L069;2;2
Sud;Calabria;CZ;L070;5;2
Nord Ovest;Lombardia;CO;L071;9,18;25,75
Nord Ovest;Lombardia;BG;L073;0;17,5
Sud;Puglia;LE;L074;0,5;6
Nord Ovest;Piemonte;BI;L075;0;4
Centro;Marche;PS;L078;3;0
Centro;Marche;PS;L081;2,25;61,75
Sud;Basilicata;PZ;L082;0;0
Sud;Campania;CE;L083;10;15
Nord Ovest;Lombardia;SO;L084;27,39;19,49
Nord Est;Veneto;VE;L085;1;12,5
Sud;Campania;BN;L086;5;15
Nord Ovest;Lombardia;BG;L087;10,83;46,64
Isole;Sardegna;SS;L088;1;0
Isole;Sardegna;SS;L093;8,8;25
Nord Ovest;Lombardia;BS;L094;7;87,59
Nord Est;Veneto;PD;L100;5,17;65,4
Sud;Campania;AV;L102;2,5;7,67
Sud;Abruzzo;TE;L103;129,29;247,61
Nord Ovest;Piemonte;NO;L104;0;1
Centro;Lazio;FR;L105;1;0
Sud;Puglia;BA;L109;68,02;59,66
Isole;Sicilia;PA;L112;25,87;25
Sud;Molise;CB;L113;37,18;253,07
Nord Ovest;Lombardia;VA;L115;4,38;16,33
Nord Ovest;Piemonte;BI;L116;3;6
Centro;Umbria;TR;L117;128,07;604,31
Nord Ovest;Lombardia;BG;L118;2,05;103,44
Centro;Lazio;LT;L120;54,61;125,59
Isole;Sardegna;OR;L122;1;4
Centro;Toscana;AR;L123;5;52,66
Sud;Calabria;CS;L124;2;1
Nord Ovest;Lombardia;LO;L125;1;6
Sud;Basilicata;PZ;L126;1;0
Sud;Calabria;RC;L127;1;0
Isole;Sicilia;PA;L131;9,5;23,75
Nord Est;Veneto;PD;L132;1,5;17
Sud;Calabria;CS;L134;1;0
Nord Est;Veneto;VR;L136;3,15;10,65
Centro;Toscana;PI;L138;13,67;21,17
Nord Ovest;Piemonte;AL;L139;2;10,5
Isole;Sardegna;NU;L140;0;0
Sud;Campania;NA;L142;2;9,67
Nord Ovest;Piemonte;AL;L143;1;3
Nord Ovest;Liguria;IM;L146;1;2
Centro;Lazio;VT;L150;6;0
Nord Ovest;Liguria;SV;L152;0;3
Isole;Sardegna;NU;L153;0;0
Isole;Sardegna;CA;L154;1;0
Sud;Campania;CE;L155;14;89,5
Nord Est;Veneto;VI;L156;8,65;82,62
Nord Est;Veneto;VI;L157;18;251,12
Isole;Sardegna;SS;L158;2;2
Isole;Sardegna;NU;L160;0;0
Nord Ovest;Lombardia;CR;L164;0,66;1,99
Nord Ovest;Piemonte;AL;L165;0;4,5
Sud;Puglia;LE;L166;1;2,86
Nord Ovest;Liguria;GE;L167;5;2
Nord Ovest;Piemonte;AT;L168;3;5
Nord Ovest;Lombardia;BS;L169;6;17,5
Isole;Sardegna;NU;L172;0;0
Sud;Abruzzo;AQ;L173;0;1
Nord Ovest;Lombardia;SO;L175;30,84;52,67
Sud;Calabria;CZ;L177;5;3
Isole;Sardegna;SS;L180;1;5
Sud;Basilicata;PZ;L181;9,96;10,5
Centro;Lazio;RM;L182;84,19;187,01
Nord Est;Emilia-Romagna;PR;L183;9,75;25,26
Nord Est;Emilia-Romagna;RE;L184;6,45;20,12
Sud;Campania;BN;L185;0;0
Sud;Abruzzo;PE;L186;1;1
Nord Ovest;Piemonte;VB;L187;1;5,5
Centro;Umbria;PG;L188;38;76,17
Centro;Lazio;RI;L189;3;4
Nord Ovest;Liguria;SV;L190;4;24
Centro;Marche;MC;L191;14,04;105,7
Centro;Lazio;RM;L192;9;10,2
Nord Ovest;Piemonte;BI;L193;3;13,46
Sud;Abruzzo;CH;L194;1;2
Nord Est;Friuli- Venezia Giulia;UD;L195;21;59,83
Sud;Basilicata;PZ;L197;0,5;7
Nord Est;Veneto;PD;L199;6;73,67
Isole;Sardegna;NU;L202;0;1
Nord Ovest;Piemonte;AT;L203;0;2
Nord Ovest;Piemonte;AT;L204;1;1
Sud;Campania;CE;L205;0;1
Sud;Calabria;CS;L206;0;2
Sud;Abruzzo;TE;L207;0;0
Nord Ovest;Lombardia;BS;L210;4;71,67
Sud;Campania;SA;L212;0;3,5
Sud;Puglia;BR;L213;1;9,75
Sud;Campania;AV;L214;4;9
Sud;Molise;CB;L215;0,5;0,6
Centro;Umbria;PG;L216;7,9;68,47
Nord Ovest;Valle d'Aosta;AO;L217;14,77;32,5
Sud;Abruzzo;CH;L218;1;5
Nord Ovest;Piemonte;TO;L219;2234,98;4828,51
Sud;Puglia;BA;L220;11,33;17,33
Nord Ovest;Lombardia;CR;L221;0;2
Nord Ovest;Piemonte;NO;L223;0;6,5
Sud;Abruzzo;CH;L224;5;7,67
Nord Ovest;Lombardia;CR;L225;0;0
Sud;Abruzzo;AQ;L227;0;1
Nord Ovest;Lombardia;CO;L228;4;14,88
Nord Est;Emilia-Romagna;PR;L229;2;6
Sud;Molise;CB;L230;2;4,17
Isole;Sardegna;NU;L231;0;0
Sud;Campania;SA;L233;0;1
Isole;Sardegna;SS;L235;0;0
Nord Ovest;Lombardia;PV;L237;0;3,57
Nord Ovest;Piemonte;TO;L238;1;23,5
Nord Ovest;Piemonte;BI;L239;0;1
Sud;Calabria;CZ;L240;3;0
Nord Ovest;Piemonte;CN;L241;0,67;2,67
Centro;Lazio;FR;L243;1,5;0
Nord Ovest;Lombardia;SO;L244;10,5;5
Sud;Campania;NA;L245;21,4;47,58
Nord Est;Friuli- Venezia Giulia;UD;L246;3;8
Nord Ovest;Piemonte;TO;L247;1;2
Nord Est;Veneto;VI;L248;3,33;40
Nord Ovest;Lombardia;PV;L250;0;1
Nord Ovest;Lombardia;BG;L251;9,71;89,94
Nord Ovest;Piemonte;CN;L252;0;0
Sud;Abruzzo;CH;L253;0;0
Sud;Campania;BN;L254;1,5;0
Nord Ovest;Lombardia;PV;L256;0;8
Nord Ovest;Lombardia;BG;L257;3,5;37,11
Nord Ovest;Lombardia;CR;L258;0;5,5
Sud;Campania;NA;L259;48,36;74,66
Nord Ovest;Lombardia;PV;L262;0,5;1,5
Sud;Abruzzo;PE;L263;1;3,13
Nord Ovest;Lombardia;BG;L265;4;40,17
Nord Est;Veneto;VE;L267;2;26,5
Nord Ovest;Lombardia;PV;L269;1;34
Nord Est;Veneto;PD;L270;2,5;43,46
Isole;Sicilia;ME;L271;5,67;11
Sud;Campania;AV;L272;0;2
Sud;Puglia;FG;L273;17;45,91
Sud;Campania;SA;L274;5;1
Nord Ovest;Lombardia;BG;L276;0;9
Nord Ovest;Piemonte;TO;L277;18,5;47,5
Nord Ovest;Piemonte;CN;L278;0;3
Centro;Marche;AP;L279;0;0
Sud;Puglia;BR;L280;2;8,17
Nord Ovest;Piemonte;CN;L281;0;0
Isole;Sicilia;PA;L282;0;3
Sud;Abruzzo;CH;L284;1;7
Nord Ovest;Lombardia;PV;L285;0;22
Centro;Lazio;RI;L286;2;13
Nord Est;Veneto;VR;L287;11;77,83
Centro;Lazio;FR;L290;2;0
Sud;Abruzzo;CH;L291;1;2
Nord Ovest;Lombardia;PV;L292;1;5
Centro;Lazio;RI;L293;1;1
Sud;Puglia;TA;L294;1,5;2,5
Sud;Abruzzo;TE;L295;6;2
Nord Ovest;Lombardia;CR;L296;0,5;1
Nord Est;Veneto;VI;L297;6,67;138,64
Nord Ovest;Liguria;GE;L298;20,75;9
Nord Est;Emilia-Romagna;PR;L299;4;77,7
Sud;Campania;AV;L301;0,83;0
Centro;Lazio;RM;L302;1;1
Centro;Toscana;SI;L303;10,44;26,99
Nord Ovest;Piemonte;AL;L304;45,68;196,01
Sud;Calabria;CS;L305;10,98;9
Sud;Campania;SA;L306;1;1
Sud;Abruzzo;TE;L307;93,5;228,42
Isole;Sicilia;ME;L308;1,8;3
Nord Est;Friuli- Venezia Giulia;UD;L309;6;16,33
Centro;Lazio;VT;L310;15,5;17,5
Nord Ovest;Lombardia;BS;L312;13,33;157,72
Sud;Abruzzo;TE;L314;1,67;1
Nord Ovest;Liguria;SV;L315;4;9
Nord Ovest;Lombardia;SO;L316;3;4
Isole;Sicilia;PA;L317;6;7,67
Nord Ovest;Lombardia;VA;L319;17,09;186,59
Isole;Sardegna;OR;L321;0;1
Sud;Campania;SA;L323;11;2
Nord Est;Friuli- Venezia Giulia;PN;L324;0;1
Nord Est;Friuli- Venezia Giulia;PN;L325;0;2,5
Sud;Basilicata;PZ;L326;6;2
Nord Ovest;Piemonte;TO;L327;2,5;27,47
Sud;Puglia;BA;L328;79,75;253,34
Nord Ovest;Lombardia;SO;L330;10;14,75
Isole;Sicilia;TP;L331;32,53;134,13
Isole;Sicilia;PA;L332;0;0
Nord Ovest;Piemonte;VB;L333;2;2
Sud;Abruzzo;AQ;L334;4;6,5
Nord Est;Friuli- Venezia Giulia;UD;L335;0;4,83
Nord Ovest;Piemonte;VB;L336;2;0
Isole;Sardegna;CA;L337;0;0
Nord Ovest;Lombardia;BS;L339;5,5;119
Nord Ovest;Piemonte;TO;L340;0;1,5
Nord Ovest;Lombardia;VA;L342;1,67;24,6
Nord Ovest;Piemonte;TO;L345;0;1
Nord Est;Emilia-Romagna;PR;L346;12,95;73,84
Nord Est;Friuli- Venezia Giulia;PN;L347;0;5,15
Nord Est;Emilia-Romagna;PC;L348;5;18,25
Nord Est;Veneto;PD;L349;7;82,37
Sud;Calabria;CS;L353;13,34;9
Isole;Sicilia;CT;L355;12,08;38,29
Nord Ovest;Piemonte;NO;L356;26;216,56
Sud;Basilicata;PZ;L357;0,8;1,33
Nord Est;Veneto;RO;L359;0,2;16,2
Nord Est;Emilia-Romagna;FO;L361;0;3,5
Sud;Abruzzo;CH;L363;0;8
Nord Est;Veneto;VR;L364;8;34,18
Centro;Marche;MC;L366;6;38,17
Nord Ovest;Piemonte;CN;L367;0;1
Isole;Sicilia;CT;L369;9,33;110,98
Nord Ovest;Lombardia;BS;L372;13,64;36
Sud;Campania;SA;L377;1;1
Sud;Campania;CE;L379;7,01;94,95
Nord Ovest;Lombardia;BS;L380;2;30,89
Nord Est;Friuli- Venezia Giulia;UD;L382;0;6
Sud;Puglia;LE;L383;3;10
Centro;Toscana;SI;L384;4;6
Centro;Toscana;MS;L386;2;3
Nord Ovest;Lombardia;BG;L388;1,33;83,56
Nord Ovest;Lombardia;CR;L389;4;30
Nord Ovest;Lombardia;SO;L392;10;12,67
Isole;Sardegna;OR;L393;1;0
Nord Est;Veneto;VR;L396;7;18,5
Centro;Umbria;PG;L397;14;23,89
Centro;Lazio;FR;L398;6;10
Sud;Campania;AV;L399;0;1
Nord Ovest;Lombardia;BG;L400;66,9;370,8
Centro;Lazio;RM;L401;16,3;23
Nord Est;Veneto;TV;L402;3;60,67
Nord Ovest;Piemonte;AL;L403;0;0
Nord Ovest;Lombardia;BG;L404;21,95;121,94
Nord Ovest;Lombardia;BS;L406;2;0
Nord Est;Veneto;TV;L407;170,67;944,55
Nord Ovest;Lombardia;MI;L408;19;126,52
Nord Ovest;Lombardia;MI;L409;47;297,63
Nord Ovest;Piemonte;CN;L410;0;0
Nord Ovest;Lombardia;MI;L411;22,56;136
Nord Ovest;Lombardia;CO;L413;1;1
Nord Est;Veneto;PD;L414;4;38,6
Nord Ovest;Lombardia;MI;L415;10;90
Nord Ovest;Liguria;GE;L416;3,25;0
Sud;Basilicata;MT;L418;9,66;8,83
Sud;Puglia;LE;L419;14,5;25
Nord Ovest;Piemonte;VC;L420;1;2
Nord Est;Friuli- Venezia Giulia;UD;L421;10,06;64,75
Isole;Sardegna;NU;L423;0;0
Sud;Puglia;BA;L425;34;131,83
Nord Ovest;Lombardia;CR;L426;8;11,06
Nord Ovest;Piemonte;CN;L427;3;11
Isole;Sardegna;SS;L428;4,5;66
Nord Ovest;Piemonte;VC;L429;10,05;44,78
Nord Ovest;Liguria;IM;L430;3,83;0
Isole;Sicilia;ME;L431;0;0
Nord Ovest;Piemonte;AL;L432;2;0,5
Nord Est;Veneto;VI;L433;8;52,95
Nord Ovest;Lombardia;MI;L434;3,17;65,33
Sud;Molise;CB;L435;10;3
Centro;Lazio;FR;L437;0,25;1
Nord Est;Friuli- Venezia Giulia;UD;L438;0;3
Sud;Basilicata;PZ;L439;3,42;0
Nord Ovest;Lombardia;PV;L440;5;24
Nord Ovest;Piemonte;TO;L445;12;93,17
Sud;Puglia;FG;L447;7,31;9
Isole;Sicilia;EN;L448;5;21,19
Nord Ovest;Lombardia;PV;L449;2;20
Nord Ovest;Piemonte;VB;L450;5;3
Nord Ovest;Piemonte;VC;L451;3;13
Sud;Calabria;VV;L452;9;7
Nord Ovest;Lombardia;PV;L453;0;9,5
Nord Ovest;Lombardia;MI;L454;8;52,5
Sud;Molise;CB;L458;0,25;1,5
Sud;Abruzzo;CH;L459;1;1
Sud;Campania;NA;L460;4;13
Sud;Campania;AV;L461;0;0
Sud;Puglia;LE;L462;6,46;14
Isole;Sardegna;CA;L463;0;0
Isole;Sardegna;SS;L464;0;1
Centro;Umbria;PG;L466;6,21;24,44
Nord Ovest;Lombardia;LO;L469;0;10
Nord Ovest;Lombardia;CO;L470;17;85,24
Nord Ovest;Lombardia;MI;L471;8,83;39,08
Sud;Puglia;BA;L472;14,18;80,17
Isole;Sardegna;CA;L473;0;0
Sud;Abruzzo;PE;L475;1;0
Sud;Basilicata;MT;L477;6,75;7
Isole;Sicilia;ME;L478;4;2,63
Nord Ovest;Lombardia;VA;L480;23,88;87,63
Isole;Sicilia;ME;L482;1;0
Nord Est;Friuli- Venezia Giulia;UD;L483;289,65;1112,97
Sud;Puglia;LE;L484;7,8;12,92
Sud;Puglia;LE;L485;1,5;6,33
Nord Ovest;Lombardia;CO;L487;7;59,95
Isole;Sardegna;OR;L488;0;0
Isole;Sardegna;NU;L489;0;0
Sud;Calabria;KR;L492;0;0
Nord Ovest;Lombardia;BS;L494;2;19,17
Isole;Sardegna;OR;L496;0;0
Nord Est;Veneto;PD;L497;0;5
Centro;Marche;PS;L498;3,88;10,5
Nord Ovest;Liguria;SV;L499;6,78;2,5
Centro;Marche;PS;L500;7,84;31,58
Centro;Marche;MC;L501;2,5;4,5
Nord Ovest;Lombardia;BG;L502;9,4;66,39
Isole;Sardegna;SS;L503;1;7
Sud;Molise;CB;L505;3;10
Isole;Sardegna;NU;L506;0;0
Nord Ovest;Liguria;GE;L507;6;14
Isole;Sardegna;OR;L508;0;0
Isole;Sardegna;SS;L509;3;5,5
Nord Ovest;Lombardia;MI;L511;30,14;136,56
Isole;Sardegna;CA;L512;0;1
Isole;Sardegna;CA;L513;0;0
Isole;Sardegna;NU;L514;0;0
Nord Ovest;Piemonte;TO;L515;0;4,5
Nord Ovest;Piemonte;TO;L516;4;1
Centro;Marche;MC;L517;4;5,83
Isole;Sicilia;PA;L519;1,75;1,67
Isole;Sardegna;CA;L521;3,25;20
Centro;Toscana;PT;L522;2,67;35,5
Sud;Calabria;CS;L524;1;0
Centro;Lazio;RI;L525;0;0
Sud;Abruzzo;CH;L526;2;2
Nord Ovest;Liguria;SV;L528;29,02;31,08
Centro;Toscana;FI;L529;1;35
Nord Ovest;Piemonte;AT;L531;1;1
Sud;Basilicata;PZ;L532;1;4
Centro;Toscana;LU;L533;2,83;2
Nord Ovest;Lombardia;CR;L535;1;23
Centro;Toscana;PO;L537;13;78,71
Nord Ovest;Piemonte;TO;L538;6,5;17
Nord Ovest;Lombardia;CR;L539;1;29,5
Sud;Campania;CE;L540;1;10
Nord Ovest;Lombardia;BG;L544;3;22,5
Nord Ovest;Lombardia;BG;L545;7,33;53,72
Nord Ovest;Liguria;GE;L546;7,5;5
Nord Ovest;Lombardia;CO;L547;6,5;20,52
Nord Est;Veneto;VI;L551;26;171,23
Nord Est;Veneto;VI;L554;6;4
Nord Ovest;Piemonte;TO;L555;12,75;37,75
Nord Ovest;Piemonte;BI;L556;1,5;15,5
Nord Ovest;Lombardia;SO;L557;36,61;59,28
Nord Ovest;Piemonte;CN;L558;5;5
Isole;Sicilia;ME;L561;0;3
Nord Ovest;Lombardia;PV;L562;2;5
Nord Ovest;Lombardia;SO;L563;40,12;58,7
Nord Est;Veneto;TV;L565;8,83;44,33
Nord Ovest;Piemonte;VC;L566;1;12,5
Nord Est;Veneto;VR;L567;20;205,5
Nord Ovest;Lombardia;PV;L568;0;1
Centro;Lazio;VT;L569;6;7
Nord Ovest;Piemonte;AL;L570;23,5;104,24
Sud;Puglia;BA;L571;23,5;94,01
Nord Ovest;Lombardia;LO;L572;1;25,5
Centro;Umbria;PG;L573;2;12
Nord Ovest;Piemonte;AT;L574;0;8,25
Nord Ovest;Lombardia;SO;L576;22,47;44,03
Nord Ovest;Lombardia;VA;L577;3,25;10,5
Nord Ovest;Piemonte;TO;L578;2,5;9
Nord Ovest;Lombardia;BG;L579;5;11
Nord Ovest;Piemonte;CN;L580;0;1
Nord Ovest;Lombardia;LC;L581;1;15,33
Nord Ovest;Valle d'Aosta;AO;L582;0;1,17
Isole;Sicilia;EN;L583;5;20
Nord Est;Veneto;BL;L584;7;8
Nord Ovest;Piemonte;BI;L586;0;1
Sud;Campania;AV;L589;1,5;2
Nord Est;Veneto;BL;L590;4,5;6,92
Sud;Campania;CE;L591;0,96;11,5
Nord Ovest;Lombardia;PV;L593;6,17;29,34
Sud;Campania;CE;L594;0;0
Nord Ovest;Liguria;IM;L596;9;3
Sud;Abruzzo;TE;L597;1;1
Centro;Lazio;FR;L598;2;4
Nord Ovest;Liguria;IM;L599;14,55;38,3
Isole;Sicilia;PA;L603;4;1
Isole;Sardegna;SS;L604;2;45,5
Centro;Lazio;FR;L605;1;0
Sud;Calabria;VV;L607;0;0
Isole;Sicilia;CL;L609;2;6
Centro;Lazio;RM;L611;1;1
Centro;Lazio;VT;L612;4;5
Isole;Sardegna;CA;L613;0;0
Centro;Lazio;FR;L614;0;1,78
Sud;Campania;AV;L616;2;2
Nord Ovest;Lombardia;PV;L617;4;18
Nord Ovest;Piemonte;BI;L620;3;13,5
Nord Ovest;Lombardia;BG;L623;0;12
Nord Est;Veneto;VI;L624;9,54;12,95
Centro;Lazio;RM;L625;4,8;1
Nord Ovest;Lombardia;BS;L626;2;15,33
Centro;Umbria;PG;L627;4;0,83
Sud;Campania;SA;L628;7;13,97
Nord Ovest;Piemonte;TO;L629;1;3,67
Nord Ovest;Piemonte;CN;L631;1;0
Nord Ovest;Piemonte;AL;L633;0;8
Nord Ovest;Lombardia;LC;L634;36,17;67,33
Nord Ovest;Lombardia;SO;L638;10,33;2
Centro;Lazio;RM;L639;10,17;25
Nord Ovest;Lombardia;CO;L640;4;21,67
Nord Est;Emilia-Romagna;PR;L641;8;6,5
Nord Ovest;Lombardia;BG;L642;0;3
Nord Ovest;Valle d'Aosta;AO;L643;3;0
Nord Ovest;Piemonte;TO;L644;9,96;16
Nord Ovest;Valle d'Aosta;AO;L647;4;0
Nord Ovest;Piemonte;VB;L651;4,5;1
Centro;Umbria;PG;L653;2;0
Nord Ovest;Valle d'Aosta;AO;L654;35,52;172,98
Nord Ovest;Lombardia;BG;L655;0,08;3
Sud;Campania;SA;L656;0;2
Isole;Sicilia;CT;L658;0;31,17
Nord Ovest;Lombardia;MI;L664;12,25;35,67
Nord Ovest;Lombardia;MI;L665;9,04;104,42
Nord Ovest;Piemonte;VB;L666;1,4;1
Nord Ovest;Lombardia;MI;L667;28;112,34
Nord Ovest;Piemonte;NO;L668;1;4,5
Nord Ovest;Piemonte;VC;L669;24,2;32,42
Nord Ovest;Piemonte;NO;L670;4;29,75
Nord Ovest;Lombardia;VA;L671;5;18,37
Nord Est;Emilia-Romagna;PR;L672;4,23;11,43
Sud;Calabria;RC;L673;1;0
Nord Ovest;Liguria;SV;L675;39,49;139
Centro;Lazio;RI;L676;1,5;0
Nord Ovest;Lombardia;MI;L677;32,25;94,12
Nord Ovest;Lombardia;LC;L680;5;8
Nord Ovest;Liguria;SP;L681;1;4,17
Nord Ovest;Lombardia;VA;L682;110,05;763,56
Nord Ovest;Piemonte;TO;L685;1;5
Nord Est;Friuli- Venezia Giulia;UD;L686;7;13
Nord Est;Emilia-Romagna;PR;L689;4,5;10
Nord Ovest;Lombardia;PV;L690;7,5;18,5
Nord Ovest;Piemonte;VB;L691;17;9,5
Nord Ovest;Liguria;IM;L693;7,33;1
Sud;Molise;IS;L696;0;1
Nord Ovest;Piemonte;TO;L698;2,75;7,17
Sud;Calabria;VV;L699;1;0,5
Nord Est;Veneto;TV;L700;8;36,11
Centro;Toscana;PI;L702;20,17;41,5
Nord Ovest;Lombardia;VA;L703;12,11;76,34
Nord Ovest;Lombardia;MI;L704;19,7;84,7
Nord Est;Veneto;TV;L706;17,97;97,67
Nord Ovest;Lombardia;BG;L707;2,17;6,67
Nord Ovest;Lombardia;MI;L709;3,08;32
Nord Est;Veneto;PD;L710;4,5;55,5
Sud;Puglia;LE;L711;2;12,3
Nord Ovest;Piemonte;BI;L712;1,5;6,62
Centro;Lazio;VT;L713;3,5;2
Nord Ovest;Lombardia;CO;L715;0;1
Nord Ovest;Lombardia;PV;L716;0;0
Centro;Lazio;RM;L719;39,33;132,77
Nord Ovest;Lombardia;PV;L720;13;58
Nord Est;Veneto;VR;L722;4,5;5,5
Nord Est;Veneto;VI;L723;1;9
Sud;Molise;IS;L725;18,38;44,38
Nord Ovest;Piemonte;TO;L726;8;6,33
Nord Ovest;Piemonte;TO;L727;20,24;232,03
Centro;Marche;AP;L728;0,5;1
Nord Ovest;Piemonte;CN;L729;5;7
Nord Ovest;Liguria;SV;L730;1;2
Nord Ovest;Lombardia;VA;L733;6;37,34
Nord Ovest;Lombardia;VA;L734;15;58,7
Isole;Sicilia;ME;L735;0;8
Nord Est;Veneto;VE;L736;238,98;1965,26
Nord Ovest;Lombardia;CO;L737;5;36,55
Sud;Basilicata;PZ;L738;10,67;14,25
Sud;Campania;AV;L739;4;6
Isole;Sicilia;PA;L740;3;2,5
Nord Ovest;Liguria;IM;L741;61,5;66,95
Centro;Lazio;LT;L742;3;0
Nord Est;Friuli- Venezia Giulia;UD;L743;4;8,33
Nord Ovest;Lombardia;MI;L744;9;61,2
Nord Ovest;Piemonte;VB;L746;59,71;349,37
Sud;Calabria;CS;L747;5;0
Nord Ovest;Lombardia;CO;L748;5;4
Nord Ovest;Lombardia;SO;L749;5;2
Nord Ovest;Piemonte;VC;L750;70,21;353,05
Nord Ovest;Lombardia;LC;L751;3;8,75
Nord Ovest;Lombardia;BG;L752;9,44;44,17
Nord Ovest;Lombardia;BG;L753;4,01;73,93
Nord Ovest;Piemonte;CN;L758;3;1
Nord Est;Emilia-Romagna;BO;L762;12;79,5
Nord Est;Emilia-Romagna;FO;L764;1,5;5
Nord Ovest;Lombardia;VA;L765;13,34;93,48
Nord Ovest;Piemonte;CN;L771;7,13;12,67
Nord Est;Emilia-Romagna;PC;L772;0,5;14
Nord Ovest;Lombardia;MI;L773;5;39,67
Nord Ovest;Liguria;SP;L774;5,5;1
Centro;Toscana;PO;L775;17;41,6
Sud;Puglia;LE;L776;2;2
Nord Ovest;Lombardia;BS;L777;2,5;51,03
Nord Ovest;Lombardia;BS;L778;1;31
Nord Ovest;Piemonte;TO;L779;5;31,96
Centro;Lazio;FR;L780;12,17;7
Nord Est;Veneto;VR;L781;604,56;2635,83
Nord Ovest;Valle d'Aosta;AO;L783;9;3
Nord Ovest;Lombardia;PV;L784;1;4,5
Nord Ovest;Piemonte;BI;L785;0;4
Nord Ovest;Piemonte;TO;L787;1;6,5
Nord Ovest;Lombardia;PV;L788;0;1
Nord Ovest;Lombardia;CO;L792;8,5;38
Nord Ovest;Lombardia;BG;L795;9,1;23,17
Nord Est;Emilia-Romagna;RN;L797;5;61,84
Nord Ovest;Lombardia;SO;L799;0;0
Nord Est;Friuli- Venezia Giulia;UD;L801;0;1
Sud;Calabria;KR;L802;0;1
Nord Ovest;Piemonte;CN;L804;14;45
Nord Est;Veneto;PD;L805;0;11
Nord Ovest;Lombardia;CR;L806;0;25,63
Nord Ovest;Piemonte;AT;L807;0;0
Nord Ovest;Piemonte;NO;L808;1;7
Nord Ovest;Liguria;IM;L809;1;0
Nord Est;Veneto;VR;L810;1,5;5,04
Nord Ovest;Piemonte;TO;L811;1;0
Nord Ovest;Lombardia;BS;L812;2;14,55
Centro;Lazio;VT;L814;18;31
Nord Est;Emilia-Romagna;RE;L815;6;7
Nord Ovest;Lombardia;BS;L816;8;45
Nord Ovest;Piemonte;CN;L817;6;11
Nord Ovest;Liguria;SP;L819;15,28;17,75
Nord Est;Emilia-Romagna;RE;L820;8;29,5
Nord Ovest;Liguria;SV;L823;2;0
Nord Ovest;Lombardia;MN;L826;16,56;173,93
Nord Ovest;Lombardia;BG;L827;1;3
Isole;Sicilia;CT;L828;3;22,17
Nord Ovest;Piemonte;AT;L829;0;4
Nord Ovest;Piemonte;TO;L830;1;0
Nord Est;Emilia-Romagna;RE;L831;7,13;29,52
Centro;Toscana;LU;L833;70,96;159,92
Nord Ovest;Piemonte;AT;L834;0;2
Sud;Campania;SA;L835;3,25;4,67
Centro;Lazio;FR;L836;1;0
Isole;Sicilia;PA;L837;4;1
Centro;Toscana;FI;L838;17,13;32,91
Nord Est;Veneto;VI;L840;94,84;1527,37
Nord Ovest;Piemonte;CN;L841;8;20
Sud;Puglia;FG;L842;10,75;17,84
Centro;Lazio;FR;L843;1;0
Sud;Campania;CE;L844;5,02;1
Sud;Campania;NA;L845;12,4;69
Sud;Abruzzo;PE;L846;0;0
Nord Ovest;Piemonte;NO;L847;2;3
Nord Est;Emilia-Romagna;PC;L848;0;8,5
Centro;Toscana;PI;L850;20;47,5
Centro;Lazio;RM;L851;5;1
Nord Ovest;Lombardia;PV;L854;4;103,54
Nord Est;Veneto;TV;L856;1;21,5
Nord Ovest;Piemonte;TO;L857;11;8
Sud;Puglia;FG;L858;23,38;37,91
Sud;Basilicata;PZ;L859;5;2
Sud;Campania;SA;L860;10,58;10
Nord Ovest;Lombardia;BG;L865;0;8,5
Nord Ovest;Lombardia;LC;L866;1;19,8
Nord Est;Emilia-Romagna;FE;L868;3;57,31
Nord Est;Veneto;VR;L869;17,5;129,73
Nord Ovest;Lombardia;PV;L872;78,62;523,76
Sud;Basilicata;PZ;L873;2;1
Sud;Basilicata;PZ;L874;4;4
Nord Ovest;Lombardia;VA;L876;12;47,73
Nord Est;Veneto;PD;L878;1;7,5
Nord Ovest;Piemonte;AT;L879;0;2
Nord Ovest;Piemonte;BI;L880;12,04;65,61
Nord Ovest;Piemonte;AL;L881;0;3
Centro;Lazio;VT;L882;8;9
Nord Ovest;Lombardia;MI;L883;26;124,5
Nord Est;Emilia-Romagna;MO;L885;52,67;268,34
Nord Ovest;Piemonte;AL;L887;1;7
Nord Ovest;Piemonte;CN;L888;5,5;14,5
Nord Ovest;Piemonte;VB;L889;1;4
Nord Est;Veneto;BL;L890;2,68;5
Nord Est;Veneto;PD;L892;2;131,06
Nord Ovest;Lombardia;BG;L894;1;0
Nord Est;Emilia-Romagna;PC;L897;4;27
Nord Ovest;Piemonte;TO;L898;10;51
Nord Est;Veneto;VE;L899;2;104,5
Nord Est;Veneto;PD;L900;9,89;269,14
Nord Ovest;Piemonte;AL;L904;3,5;14
Centro;Lazio;FR;L905;1;2
Nord Ovest;Piemonte;VB;L906;4;31,8
Nord Ovest;Lombardia;SO;L907;7,25;2
Nord Ovest;Lombardia;SO;L908;5,5;5
Nord Est;Friuli- Venezia Giulia;UD;L909;4;11
Nord Est;Veneto;VR;L912;2,1;40,5
Centro;Toscana;LU;L913;4;2
Isole;Sicilia;PA;L916;5;11,58
Nord Ovest;Lombardia;PV;L917;0;0
Nord Ovest;Lombardia;BS;L919;5;60,63
Sud;Puglia;BR;L920;5;4,8
Sud;Abruzzo;PE;L922;0;2
Nord Ovest;Lombardia;BS;L923;0;4
Isole;Sardegna;CA;L924;5,13;1,33
Centro;Toscana;LU;L926;0;1
Nord Ovest;Lombardia;MI;L928;19,72;66
Nord Ovest;Lombardia;BG;L929;1;44
Nord Ovest;Piemonte;AL;L931;0;5
Nord Ovest;Piemonte;BI;L933;3;2
Nord Est;Veneto;PD;L934;1;20,14
Nord Ovest;Lombardia;BG;L936;6;47,92
Nord Est;Veneto;PD;L937;1,08;2,16
Nord Ovest;Lombardia;BG;L938;2,5;17
Nord Est;Veneto;RO;L939;2;18,5
Nord Ovest;Piemonte;CN;L942;1;3
Nord Ovest;Liguria;IM;L943;0;0
Isole;Sicilia;AG;L944;2;0
Nord Ovest;Piemonte;AT;L945;3;19
Centro;Toscana;MS;L946;6;11,5
Nord Est;Veneto;PD;L947;5,2;94,83
Nord Ovest;Piemonte;TO;L948;6;29
Nord Est;Veneto;VR;L949;30,5;286,01
Isole;Sicilia;ME;L950;8,17;14
Isole;Sicilia;PA;L951;1;2
Nord Est;Veneto;VI;L952;5;5
Isole;Sardegna;NU;L953;0;0
Nord Ovest;Lombardia;CO;L956;8,34;63,34
Sud;Abruzzo;AQ;L958;3;5
Isole;Sicilia;CL;L959;0;1
Sud;Abruzzo;CH;L961;1;1,67
Nord Ovest;Piemonte;AL;L963;0;4
Sud;Abruzzo;CH;L964;3;5
Sud;Campania;AV;L965;0;2
Isole;Sardegna;CA;L966;0;0
Nord Est;Veneto;RO;L967;0;6
Isole;Sardegna;CA;L968;1;0
Nord Est;Emilia-Romagna;RE;L969;12;28,67
Nord Ovest;Piemonte;AL;L970;0;3
Nord Ovest;Piemonte;AL;L972;0;10
Sud;Campania;AV;L973;1;7
Nord Ovest;Piemonte;CN;L974;14;41,21
Nord Ovest;Liguria;SV;L975;4,5;7
Nord Ovest;Lombardia;LO;L977;0;37
Nord Ovest;Piemonte;BI;L978;0;0
Nord Est;Veneto;PD;L979;2;53,5
Nord Est;Emilia-Romagna;PC;L980;0;4,5
Nord Ovest;Valle d'Aosta;AO;L981;6;0
Nord Ovest;Piemonte;TO;L982;1;9,67
Nord Ovest;Lombardia;PV;L983;1;1,5
Nord Ovest;Piemonte;AT;L984;2;34
Nord Est;Veneto;RO;L985;3;12
Isole;Sardegna;CA;L986;1;0
Isole;Sardegna;CA;L987;0;0
Nord Est;Veneto;RO;L988;2;1,5
Isole;Sardegna;SS;L989;4;3,78
Nord Ovest;Piemonte;CN;L990;1;4
Isole;Sardegna;OR;L991;0;0
Isole;Sardegna;NU;L992;0;0
Nord Ovest;Lombardia;PV;L994;6;23
Nord Ovest;Lombardia;BS;L995;4,86;56,03
Isole;Sardegna;CA;L998;7;0
Nord Ovest;Piemonte;TO;L999;4;13,17
Nord Ovest;Piemonte;TO;M002;3;22
Nord Ovest;Piemonte;VC;M003;0;1
Nord Ovest;Piemonte;TO;M004;0;7,5
Nord Ovest;Piemonte;TO;M007;11;23
Nord Ovest;Piemonte;AL;M009;0;4
Isole;Sicilia;EN;M011;9,67;9,04
Nord Ovest;Piemonte;TO;M013;2;8,83
Nord Ovest;Piemonte;TO;M014;10,67;36,84
Nord Ovest;Piemonte;CN;M015;4,61;9
Isole;Sardegna;CA;M016;1;1
Nord Ovest;Lombardia;MI;M017;57;207,5
Sud;Calabria;RC;M018;4;31,5
Nord Ovest;Piemonte;AT;M019;0;1
Sud;Abruzzo;AQ;M021;0;0
Sud;Abruzzo;CH;M022;0,4;0,2
Sud;Abruzzo;AQ;M023;0;0
Isole;Sardegna;CA;M025;0;0
Isole;Sardegna;CA;M026;0;1
Nord Ovest;Piemonte;TO;M027;8;21,5
Nord Ovest;Piemonte;VC;M028;0;5
Isole;Sardegna;OR;M030;0;0
Sud;Abruzzo;AQ;M031;1;0
Nord Est;Veneto;VI;M032;1;27,76
Sud;Abruzzo;AQ;M041;3;2
Nord Ovest;Piemonte;VB;M042;0,67;1
Nord Ovest;Lombardia;MN;M044;3;8,5
Nord Ovest;Lombardia;BG;M045;4,83;66,96
Nord Est;Veneto;TV;M048;22,64;175,45
Nord Ovest;Lombardia;BG;M050;1,75;8,67
Nord Ovest;Lombardia;MI;M052;36,04;227,81
Nord Ovest;Lombardia;MI;M053;20;149,72
Nord Ovest;Piemonte;CN;M055;1,5;1
Sud;Molise;CB;M057;1;6
Nord Ovest;Piemonte;AT;M058;2;0
Centro;Toscana;FI;M059;18,33;70,94
Nord Ovest;Piemonte;TO;M060;35,25;195,42
Nord Ovest;Piemonte;NO;M062;3;3
Nord Ovest;Piemonte;CN;M063;33,04;70,84
Nord Ovest;Lombardia;BS;M065;2;29
Nord Ovest;Piemonte;TO;M069;3,11;15,22
Nord Ovest;Lombardia;BS;M070;0,67;4
Nord Ovest;Piemonte;TO;M071;1;9,5
Sud;Campania;NA;M072;2,17;2,34
Nord Ovest;Piemonte;AL;M077;3,6;5
Centro;Marche;MC;M078;0;0
Nord Ovest;Lombardia;PV;M079;1;3
Nord Ovest;Piemonte;TO;M080;3;1
Isole;Sicilia;TP;M081;3;1,5
Centro;Lazio;VT;M082;154,31;397,53
Centro;Lazio;FR;M083;0;0
Nord Est;Friuli- Venezia Giulia;PN;M085;0;3,5
Centro;Lazio;VT;M086;10,08;22,5
Isole;Sicilia;RG;M088;15,38;164,71
Nord Est;Veneto;TV;M089;50,22;227,25
Sud;Abruzzo;AQ;M090;2;2
Nord Ovest;Lombardia;MI;M091;28;81,99
Sud;Campania;CE;M092;12,5;39
Sud;Campania;BN;M093;1;0
Nord Ovest;Piemonte;TO;M094;3;7,67
Centro;Lazio;RM;M095;0;0
Nord Est;Friuli- Venezia Giulia;PN;M096;0;4,67
Nord Ovest;Piemonte;BI;M098;0;4
Isole;Sicilia;CT;M100;9;10,5
Nord Ovest;Lombardia;VA;M101;0;8
Nord Ovest;Lombardia;MI;M102;2;32,5
Nord Est;Veneto;PD;M103;2,33;18,9
Nord Ovest;Lombardia;BS;M104;2;107,02
Nord Ovest;Liguria;GE;M105;2,22;0
Nord Ovest;Piemonte;VC;M106;1;1
Nord Est;Veneto;BL;M108;5,4;8
Nord Ovest;Lombardia;PV;M109;63,5;282,95
Nord Est;Emilia-Romagna;FE;M110;3;23,67
Nord Ovest;Piemonte;VB;M111;1;9
Sud;Campania;NA;M115;20,1;101,96
Nord Ovest;Lombardia;CR;M116;0;0
Nord Est;Veneto;TV;M118;6;73,83
Nord Ovest;Lombardia;PV;M119;1;2
Nord Ovest;Piemonte;AL;M120;0;4,5
Nord Ovest;Piemonte;AL;M121;1;0
Nord Ovest;Piemonte;TO;M122;17,13;174,13
Nord Ovest;Piemonte;AL;M123;4;6
Nord Est;Veneto;BL;M124;0;6
Nord Ovest;Lombardia;MN;M125;4,17;51,34
Centro;Toscana;PI;M126;25,05;18,4
Nord Ovest;Lombardia;CR;M127;0;0
Sud;Campania;AV;M130;6;4
Sud;Puglia;FG;M131;0;0
Sud;Puglia;FG;M132;1;3
Nord Ovest;Piemonte;TO;M133;11,83;60,31
Nord Ovest;Piemonte;CN;M136;1;5
Sud;Calabria;VV;M138;0;0
Isole;Sicilia;CT;M139;8;15
Sud;Calabria;CZ;M140;3,08;0
Centro;Lazio;RM;M141;27;44,17
Sud;Calabria;VV;M143;1,17;6
Nord Ovest;Lombardia;BG;M144;7;20
Nord Est;Veneto;VI;M145;2;64,34
Nord Ovest;Lombardia;BG;M147;10;127,16
Nord Ovest;Lombardia;PV;M150;4;6,25
Nord Ovest;Lombardia;PV;M152;2;12,5
Isole;Sardegna;OR;M153;0;1
Nord Ovest;Lombardia;CO;M156;4;1
Nord Ovest;Lombardia;LO;M158;16;103,5
Nord Ovest;Lombardia;PV;M161;3;5
Nord Ovest;Lombardia;PV;M162;2;2
Nord Est;Veneto;TV;M163;1;15
Nord Est;Emilia-Romagna;PC;M165;0;1
Nord Ovest;Lombardia;PV;M166;0;0
Nord Ovest;Lombardia;PV;M167;2;13,5
Isole;Sardegna;OR;M168;0;0
Centro;Toscana;MS;M169;3,17;2
Nord Est;Veneto;VI;M170;0;3,33
Nord Est;Veneto;TV;M171;11,17;90,83
Nord Est;Veneto;VR;M172;17,6;206,72
Nord Ovest;Lombardia;MI;M176;3,02;106,64
Nord Ovest;Liguria;SP;M177;1;0,33
Nord Est;Veneto;VR;M178;2;16,5
Nord Ovest;Piemonte;BI;M179;1;1
Nord Ovest;Lombardia;PV;M180;1;14,5
Nord Ovest;Liguria;GE;M182;8;33,23
Nord Est;Emilia-Romagna;MO;M183;8,5;51,67
Nord Ovest;Lombardia;BG;M184;5,67;44,94
Nord Est;Emilia-Romagna;BO;M185;19,24;243,77
Sud;Puglia;LE;M187;1;2
Nord Ovest;Lombardia;BS;M188;2;5
Nord Est;Veneto;BL;M189;0;0
Nord Est;Friuli- Venezia Giulia;PN;M190;7,25;50,04
Nord Est;Veneto;VI;M194;1;3
Nord Ovest;Piemonte;BI;M196;2;7
Nord Ovest;Liguria;SV;M197;2;0
Nord Est;Veneto;VI;M199;3;44,29
Nord Est;Friuli- Venezia Giulia;UD;M200;0;0
Nord Ovest;Piemonte;BI;M201;2;7
Sud;Calabria;CS;M202;2;2
Sud;Campania;AV;M203;1;3,33
Sud;Calabria;VV;M204;0;0
Centro;Lazio;RM;M207;9;48
Sud;Calabria;CZ;M208;35,63;44,95
Isole;Sardegna;CA;M209;0;1
Isole;Sicilia;ME;M210;11;5
Isole;Sicilia;ME;M211;3;5
Centro;Lazio;RM;M212;30,79;215,94
Centro;Lazio;RM;M213;57,66;240,85
Isole;Sardegna;SS;M214;4;15
Sud;Campania;SA;M253;7,14;0,5
Sud;Abruzzo;AQ;M255;0;1,88
Sud;Basilicata;MT;M256;8;16
Isole;Sicilia;SR;M257;3;3
Centro;Umbria;TR;M258;1,75;5
Isole;Sardegna;SS;M259;0;6
Sud;Campania;CE;M260;0;0,5
Sud;Puglia;LE;M261;2;7
Sud;Puglia;LE;M263;5;14,5
Sud;Puglia;LE;M264;0;2
Nord Est;Friuli- Venezia Giulia;PN;M265;2;3,5
Sud;Puglia;FG;M266;0;4
Isole;Sicilia;PA;M268;0;1
Sud;Basilicata;PZ;M269;1;3,75
Isole;Sardegna;CA;M270;0;0
Isole;Sicilia;CT;M271;1;2
Centro;Lazio;RM;M272;75,59;330,93
Sud;Campania;NA;M273;4,5;9,03
Isole;Sardegna;SS;M274;2;31,5
Isole;Sardegna;SS;M275;4,56;21,83
Isole;Sardegna;SS;M276;0;1,5
Sud;Calabria;RC;M277;0;1
Isole;Sardegna;CA;M278;0;0
Isole;Sicilia;SR;M279;3;12,75
Sud;Campania;NA;M280;15,38;13,67
Isole;Sicilia;TP;M281;4,88;1
Isole;Sardegna;SS;M282;2;8
Isole;Sicilia;CT;M283;0;1
Isole;Sardegna;SS;M284;0;20
Isole;Sicilia;ME;M286;10,5;4,67
Isole;Sicilia;CT;M287;5,83;14,75
Isole;Sardegna;CA;M288;0,8;6
Sud;Campania;NA;M289;0;5
Isole;Sardegna;SS;M290;3;10,33
Isole;Sardegna;CA;M291;0;0
Isole;Sardegna;SS;M292;0;0
Sud;Campania;SA;M294;12,63;18
Centro;Lazio;RM;M295;24,33;39,9
Centro;Lazio;RM;M297;172,01;690,83
Sud;Puglia;TA;M298;1,83;24,92
Nord Est;Veneto;PD;M300;1;77,81
Isole;Sardegna;SS;M301;0;0
Nord Ovest;Piemonte;AT;M302;0;6
Nord Est;Veneto;VE;M308;16,05;210,53
Nord Ovest;Lombardia;BS;M312;10,34;225,86
Nord Ovest;Lombardia;CO;M315;19,5;39,31
Nord Ovest;Piemonte;TO;M316;19;74,33
Nord Est;Friuli- Venezia Giulia;UD;M317;3;50,22
Centro;Marche;AN;M318;11,67;47
Centro;Toscana;LU;M319;2;2,5
Nord Est;Emilia-Romagna;BO;M320;72,14;327,35
Centro;Toscana;FI;M321;28,47;216,8
Centro;Toscana;AR;M322;6,7;49,34
Nord Est;Emilia-Romagna;FE;M323;5,25;35,3
Nord Est;Emilia-Romagna;RN;M324;2;37,6
Nord Est;Emilia-Romagna;PR;M325;7;61,51
Centro;Toscana;FI;M326;11,5;52
Centro;Toscana;PI;M327;35,19;58,85
Centro;Toscana;PI;M328;11,34;35,54
Centro;Toscana;AR;M329;5,12;17
Sud;Campania;AV;M330;9;44,14
Centro;Marche;PS;M331;15,06;94,92
Nord Est;Veneto;BL;M332;2,6;3
Nord Ovest;Lombardia;BG;M333;5,89;32,56
Nord Ovest;Lombardia;BG;M334;6,7;14,14
Nord Ovest;Lombardia;CO;M335;17;31,75
Nord Ovest;Lombardia;CO;M336;8,2;37
Nord Ovest;Lombardia;LC;M337;10,96;52,31
Nord Ovest;Lombardia;PV;M338;1;5,13
Nord Ovest;Lombardia;VA;M339;18,5;29,5
Nord Ovest;Lombardia;MN;M340;6;134,27
Nord Ovest;Lombardia;CO;M341;22,89;53,5
Nord Est;Veneto;BL;M342;4;20,73
Nord Est;Friuli- Venezia Giulia;PN;M346;2;18
Centro;Toscana;LU;M347;0;1
Nord Ovest;Lombardia;LC;M348;1;36,22
Nord Est;Emilia-Romagna;RE;M364;33,67;45,66
Nord Est;Emilia-Romagna;PR;M367;2;15,5
Nord Est;Emilia-Romagna;RN;M368;2;42,78
Nord Est;Emilia-Romagna;BO;M369;8,5;32,49
Nord Ovest;Piemonte;VB;M370;2,33;0
Nord Ovest;Piemonte;BI;M371;3;15
Nord Ovest;Lombardia;PV;M372;2;14,5
Nord Ovest;Piemonte;BI;M373;2;2,33
Nord Est;Veneto;BL;M374;16,66;41,54
Nord Est;Veneto;BL;M375;12,08;21,75
Centro;Toscana;PT;M376;15;24
Centro;Toscana;PT;M377;7,5;44,66
Centro;Toscana;SI;M378;9,33;19,41
Centro;Marche;PS;M379;0;26,17
Centro;Marche;PS;M380;1,5;59
Nord Est;Emilia-Romagna;FE;M381;7;84,55
Centro;Marche;MC;M382;5;2
Nord Ovest;Lombardia;CO;M383;7;33,5
Nord Est;Veneto;VI;M384;5;15,5
Sud;Calabria;CS;M385;7;5
Nord Est;Emilia-Romagna;PC;M386;3,33;12,58
Nord Ovest;Liguria;IM;M387;6;0
Nord Ovest;Piemonte;AL;M388;3;11
Nord Ovest;Piemonte;VC;M389;1;2
Centro;Toscana;LI;M391;16;27,18
Centro;Toscana;AR;M392;6,08;19,97
Nord Ovest;Lombardia;LO;M393;0;8,5
Nord Ovest;Lombardia;CO;M394;6;25,5
Nord Ovest;Lombardia;LC;M395;5;10
Nord Ovest;Lombardia;MN;M396;3;32,25
Nord Ovest;Piemonte;AL;M397;0;4
Nord Ovest;Piemonte;VC;M398;4;4
Nord Est;Friuli- Venezia Giulia;UD;M399;1;1
Nord Est;Veneto;VI;M401;3;34,21
Nord Est;Veneto;PD;M402;4;22
Sud;Calabria;CS;M403;79,34;107,67
Nord Ovest;Piemonte;VB;M404;1;1
Nord Ovest;Piemonte;TO;M405;1;1
Nord Ovest;Lombardia;MN;M406;3;5,5
Centro;Toscana;FI;M408;16,92;51,66
Nord Est;Emilia-Romagna;FE;M409;3;37
Nord Est;Emilia-Romagna;FE;M410;2;23,15
Nord Est;Emilia-Romagna;PR;M411;13,38;99,67
Nord Ovest;Lombardia;CO;M412;13,66;47,7
Centro;Marche;PS;M413;6,5;9,25
Nord Ovest;Piemonte;BI;M414;3;8
Nord Ovest;Piemonte;TO;M415;4;5
Nord Ovest;Piemonte;NO;M416;5;28,67
Nord Ovest;Piemonte;BI;M417;15,5;30,5
Nord Ovest;Lombardia;CR;M418;3;26,5
Nord Ovest;Lombardia;PV;M419;3;1,5
Nord Ovest;Piemonte;AL;M420;1;2
Nord Est;Veneto;BL;M421;16,92;80,83
Nord Est;Veneto;TV;M422;5,5;22
Nord Est;Veneto;VI;M423;7;10
Nord Ovest;Lombardia;MI;M424;8,33;80,67
Nord Ovest;Lombardia;VA;M425;1,5;18,5
Nord Est;Veneto;VI;M426;2;23,17
Nord Est;Veneto;VI;M427;6;43,71
Sud;Puglia;LE;M428;3;10,5
