Area;Regione;Provincia;2024_CodCom;NTN_2024_Depositi_Pert;NTN_2024_Box
Nord Est;Veneto;PD;A001;16,75;310,98
Nord Ovest;Lombardia;LO;A004;1;1
Nord Ovest;Lombardia;LC;A005;10,06;18,26
Centro;Toscana;SI;A006;15,84;39,5
Isole;Sardegna;OR;A007;1;0
Sud;Abruzzo;PE;A008;1;2
Nord Ovest;Lombardia;MI;A010;95,41;336,94
Sud;Basilicata;PZ;A013;4,9;0
Isole;Sicilia;RG;A014;4,38;10,97
Sud;Puglia;FG;A015;6,5;15,55
Nord Ovest;Piemonte;CN;A016;2,57;0
Sud;Basilicata;MT;A017;1;1
Sud;Abruzzo;AQ;A018;2;2
Centro;Lazio;RI;A019;0;2,1
Sud;Basilicata;PZ;A020;6,1;3,76
Sud;Campania;SA;A023;4,33;4
Sud;Campania;NA;A024;46,2;187,98
Isole;Sicilia;CT;A025;1;9,5
Isole;Sicilia;CT;A026;32,14;115,16
Isole;Sicilia;CT;A027;20;194,74
Isole;Sicilia;CT;A028;55,6;296,28
Isole;Sicilia;CT;A029;14,67;64,44
Centro;Lazio;FR;A032;2,25;1
Sud;Calabria;CS;A033;1;2
Nord Ovest;Lombardia;BS;A034;0,17;10,34
Centro;Marche;PS;A035;3,67;11,34
Nord Ovest;Lombardia;MN;A038;4;19
Nord Ovest;Lombardia;CR;A039;1;11
Centro;Lazio;VT;A040;9;23,92
Sud;Calabria;CS;A041;2,26;2
Sud;Calabria;VV;A043;1,78;0
Centro;Marche;AP;A044;18,58;6,62
Centro;Umbria;TR;A045;11,56;23,72
Centro;Marche;AP;A047;3,08;39
Sud;Puglia;BA;A048;45,5;131,09
Isole;Sicilia;CL;A049;4;1
Sud;Molise;CB;A050;0;1
Sud;Molise;IS;A051;0;0
Nord Ovest;Piemonte;AL;A052;108,83;173,55
Sud;Calabria;CS;A053;11,58;4
Centro;Lazio;FR;A054;7;4
Sud;Puglia;BA;A055;25;91,5
Isole;Sicilia;CT;A056;48,17;122,32
Nord Ovest;Lombardia;BG;A057;7,62;13,12
Nord Ovest;Lombardia;BG;A058;2,33;7
Nord Est;Veneto;RO;A059;13,92;123,26
Nord Ovest;Lombardia;BS;A060;9;44,89
Nord Est;Veneto;VR;A061;6;37,5
Centro;Lazio;RM;A062;6,58;0
Sud;Campania;NA;A064;52,63;87,39
Sud;Calabria;RC;A065;0;0
Nord Est;Emilia-Romagna;PC;A067;8;14,33
Sud;Campania;NA;A068;8,5;7,5
Isole;Sardegna;SS;A069;1;3
Isole;Sicilia;EN;A070;11;16,5
Centro;Toscana;PT;A071;10,85;84,61
Nord Ovest;Piemonte;AT;A072;10,44;14,75
Nord Ovest;Piemonte;TO;A074;4;15
Nord Est;Veneto;PD;A075;2;26
Nord Ovest;Lombardia;CR;A076;4,86;54,83
Sud;Calabria;RC;A077;0;0
Sud;Molise;IS;A080;4,63;9,5
Centro;Lazio;FR;A081;0;0
Nord Ovest;Lombardia;BS;A082;8;6,25
Nord Est;Veneto;BL;A083;13;25,33
Centro;Lazio;RM;A084;8,78;7,5
Nord Ovest;Lombardia;VA;A085;3,5;12,83
Nord Ovest;Lombardia;MI;A087;152,86;324,48
Nord Ovest;Piemonte;NO;A088;3;21,5
Isole;Sicilia;AG;A089;69,4;62,91
Sud;Campania;SA;A091;47;149,5
Centro;Marche;AN;A092;5,67;24,5
Nord Est;Veneto;VI;A093;0;11,5
Nord Ovest;Valle d'Aosta;AO;A094;39,49;74,97
Nord Ovest;Lombardia;MI;A096;8;31,5
Isole;Sardegna;OR;A097;3;0
Isole;Sicilia;EN;A098;1;11
Sud;Abruzzo;AQ;A100;3,67;1
Sud;Campania;AV;A101;5;11
Sud;Calabria;CS;A102;2;2
Sud;Calabria;CS;A105;0;0
Sud;Campania;CE;A106;0;0
Nord Ovest;Piemonte;BI;A107;0;1
Nord Ovest;Valle d'Aosta;AO;A108;8,44;5,9
Nord Ovest;Piemonte;TO;A109;16;32,78
Sud;Campania;BN;A110;13;23,55
Nord Ovest;Liguria;IM;A111;4;0
Nord Ovest;Lombardia;LC;A112;4;22,67
Nord Ovest;Piemonte;CN;A113;4;3
Isole;Sardegna;SS;A115;3;2
Nord Ovest;Piemonte;TO;A117;4;4
Nord Ovest;Lombardia;PV;A118;2;7,17
Nord Ovest;Piemonte;VC;A119;12,84;83,5
Sud;Abruzzo;PE;A120;6;8,5
Nord Ovest;Liguria;SV;A122;81,38;244,44
Centro;Lazio;FR;A123;17,67;20,21
Nord Ovest;Piemonte;CN;A124;131,74;335,89
Sud;Abruzzo;TE;A125;127,6;334,7
Isole;Sardegna;OR;A126;1;0
Nord Ovest;Lombardia;MI;A127;6,75;38,14
Sud;Campania;SA;A128;8;8
Nord Ovest;Lombardia;BG;A129;17,92;107,88
Nord Ovest;Piemonte;VC;A130;1;4
Sud;Basilicata;PZ;A131;0,5;1
Centro;Lazio;RM;A132;76,06;256,27
Nord Ovest;Lombardia;PV;A134;0;3
Nord Ovest;Lombardia;SO;A135;9;2
Nord Est;Veneto;VR;A137;4;36,27
Nord Est;Emilia-Romagna;PR;A138;6,24;15
Nord Ovest;Piemonte;CN;A139;3;1
Nord Ovest;Lombardia;CO;A143;21;41,56
Nord Ovest;Liguria;SV;A145;118,12;206,84
Nord Ovest;Piemonte;AL;A146;5;6,5
Sud;Puglia;BA;A149;14;27
Sud;Puglia;FG;A150;1;1
Nord Ovest;Lombardia;CO;A153;27,5;41,33
Nord Est;Veneto;VI;A154;3;12,33
Sud;Calabria;CZ;A155;2;1
Nord Ovest;Piemonte;TO;A157;4;14,5
Nord Ovest;Lombardia;MI;A159;14;81,92
Sud;Calabria;CS;A160;1;2
Nord Est;Veneto;PD;A161;8,33;400,16
Nord Est;Emilia-Romagna;RE;A162;23;105,4
Nord Ovest;Lombardia;BG;A163;32,18;238,26
Nord Ovest;Lombardia;CO;A164;12,34;46,84
Nord Ovest;Liguria;SV;A165;23,17;59,17
Nord Ovest;Liguria;SV;A166;58,33;80,22
Nord Ovest;Lombardia;VA;A167;14,5;39,25
Nord Ovest;Lombardia;PV;A171;1;2
Nord Ovest;Lombardia;SO;A172;23,7;5,96
Nord Ovest;Piemonte;AT;A173;1;8
Nord Ovest;Lombardia;PV;A175;5,5;58,5
Isole;Sicilia;TP;A176;33,83;113,8
Isole;Sicilia;ME;A177;4;1
Isole;Sardegna;OR;A180;1;1
Isole;Sicilia;AG;A181;2,67;2,7
Nord Ovest;Piemonte;AL;A182;324,26;772,39
Sud;Calabria;CS;A183;1;0
Sud;Puglia;LE;A184;12;2,5
Sud;Puglia;LE;A185;2,25;22,08
Sud;Campania;SA;A186;1;0
Sud;Abruzzo;AQ;A187;9;6
Nord Ovest;Lombardia;BS;A188;1;16,75
Nord Ovest;Piemonte;AL;A189;0;4,33
Nord Est;Emilia-Romagna;RA;A191;23,72;73,5
Isole;Sardegna;SS;A192;105,16;476,8
Nord Ovest;Lombardia;BG;A193;4,5;5,5
Isole;Sicilia;ME;A194;0;0
Isole;Sicilia;PA;A195;7,75;3
Sud;Basilicata;MT;A196;9,97;0
Nord Ovest;Piemonte;AL;A197;2;3
Nord Ovest;Piemonte;VC;A198;1;9
Sud;Campania;CE;A200;4;6
Isole;Sicilia;ME;A201;0;9
Isole;Sicilia;PA;A202;8,14;7
Isole;Sicilia;PA;A203;2;1
Isole;Sardegna;OR;A204;0;0
Nord Ovest;Valle d'Aosta;AO;A205;0;1
Nord Est;Veneto;BL;A206;12,17;16,67
Centro;Umbria;TR;A207;2,66;5,33
Sud;Puglia;LE;A208;3;9,75
Centro;Lazio;RM;A210;7;3
Nord Ovest;Lombardia;BG;A214;12,16;63,49
Nord Ovest;Lombardia;BG;A215;16,56;67,2
Nord Ovest;Lombardia;BG;A216;21;69,5
Nord Ovest;Lombardia;BG;A217;18,5;47,49
Nord Ovest;Piemonte;TO;A218;16;48,44
Nord Est;Veneto;VI;A220;8;20
Nord Ovest;Piemonte;TO;A221;0;5
Nord Ovest;Piemonte;TO;A222;59,33;210,57
Nord Est;Emilia-Romagna;PC;A223;6;34,5
Nord Ovest;Lombardia;CO;A224;2;17,5
Sud;Puglia;BA;A225;219,65;611,91
Nord Ovest;Liguria;SV;A226;35,04;17,5
Nord Ovest;Piemonte;AL;A227;0;3
Sud;Campania;AV;A228;3;4
Isole;Sicilia;PA;A229;9,66;9,33
Sud;Campania;SA;A230;6,5;24,25
Nord Est;Veneto;VI;A231;11,49;168,6
Centro;Marche;AP;A233;18;69,67
Sud;Calabria;CS;A234;2;0
Sud;Abruzzo;CH;A235;3;10
Nord Est;Veneto;VI;A236;0,33;8
Nord Est;Veneto;TV;A237;5,5;38,4
Nord Ovest;Piemonte;CN;A238;0;2
Isole;Sicilia;PA;A239;8;6
Sud;Calabria;CS;A240;4;2
Centro;Toscana;LU;A241;24;136,51
Centro;Umbria;TR;A242;3;7
Sud;Campania;CE;A243;2;3
Centro;Lazio;FR;A244;5,5;7
Nord Ovest;Piemonte;AL;A245;0;1
Nord Ovest;Lombardia;BG;A246;59,12;224,06
Nord Ovest;Lombardia;CO;A249;14,68;49,22
Sud;Campania;SA;A251;7;1
Centro;Marche;AP;A252;3;8,17
Sud;Calabria;CS;A253;19,2;38,5
Nord Est;Friuli- Venezia Giulia;UD;A254;0;7
Sud;Calabria;CZ;A255;0;0
Centro;Lazio;FR;A256;2;0
Sud;Calabria;CZ;A257;1;0
Centro;Lazio;RI;A258;8,67;9,4
Nord Ovest;Lombardia;BG;A259;3,09;20,26
Nord Ovest;Liguria;SP;A261;19,34;34,11
Centro;Umbria;TR;A262;30,1;47,8
Sud;Calabria;CS;A263;3;5
Nord Ovest;Piemonte;NO;A264;9;5
Sud;Campania;BN;A265;1;0
Nord Est;Friuli- Venezia Giulia;UD;A267;3;1
Sud;Campania;NA;A268;14,5;3
Centro;Lazio;FR;A269;18,5;30
Sud;Abruzzo;TE;A270;1;3
Centro;Marche;AN;A271;356,04;473,24
Sud;Calabria;CZ;A272;1;1
Nord Ovest;Lombardia;SO;A273;4;3
Nord Ovest;Piemonte;TO;A275;4,17;14,75
Nord Ovest;Liguria;SV;A278;76,25;190,16
Nord Ovest;Piemonte;BI;A280;27;26
Sud;Puglia;LE;A281;5;3
Nord Ovest;Piemonte;TO;A282;2;4,5
Nord Est;Friuli- Venezia Giulia;PN;A283;3;1
Sud;Campania;AV;A284;2;2,17
Sud;Puglia;BA;A285;183,25;496,66
Isole;Sardegna;SS;A287;0;0
Nord Ovest;Lombardia;BS;A288;1,5;5,47
Nord Ovest;Lombardia;VA;A290;24;52,61
Centro;Toscana;AR;A291;12,34;13
Nord Est;Veneto;VR;A292;0;26
Nord Ovest;Lombardia;BS;A293;5;23,5
Sud;Campania;SA;A294;31,22;100,06
Nord Ovest;Piemonte;TO;A295;3;5
Nord Est;Veneto;PD;A296;3,06;25,4
Centro;Lazio;RM;A297;13;39,7
Nord Ovest;Lombardia;CR;A299;1;11,51
Nord Ovest;Piemonte;AT;A300;5;8
Nord Ovest;Lombardia;LC;A301;7,01;15
Nord Est;Veneto;VE;A302;6;34,84
Sud;Calabria;RC;A303;1;0
Nord Ovest;Lombardia;BG;A304;11,97;48,58
Nord Ovest;Valle d'Aosta;AO;A305;5,8;14,54
Nord Ovest;Valle d'Aosta;AO;A308;5;5
Centro;Lazio;RM;A309;1;1
Centro;Lazio;FR;A310;19,02;44,5
Nord Ovest;Piemonte;AT;A312;4;7
Isole;Sicilia;ME;A313;0;0
Sud;Calabria;RC;A314;2;2
Centro;Lazio;RI;A315;2,5;6
Nord Ovest;Piemonte;VB;A317;3;3,5
Sud;Abruzzo;AQ;A318;3;22
Nord Ovest;Lombardia;CO;A319;3,67;16,67
Sud;Puglia;FG;A320;0;5,88
Sud;Basilicata;PZ;A321;8,5;2,5
Centro;Lazio;RM;A323;124,17;398,9
Nord Est;Emilia-Romagna;BO;A324;29,88;126,88
Nord Ovest;Piemonte;VB;A325;0;1
Nord Ovest;Valle d'Aosta;AO;A326;147,35;345,84
Centro;Marche;PS;A327;4;5
Sud;Campania;BN;A328;3;6
Centro;Marche;MC;A329;8,16;7,33
Sud;Campania;BN;A330;2;0
Nord Ovest;Lombardia;CO;A333;20,2;122,42
Centro;Marche;MC;A334;6;15,11
Centro;Marche;AP;A335;0;5,5
Nord Ovest;Lombardia;SO;A337;43,82;106,05
Nord Ovest;Liguria;IM;A338;9;0
Sud;Puglia;FG;A339;8,24;36,5
Sud;Calabria;CS;A340;2;1,33
Centro;Lazio;LT;A341;119,73;421,76
Sud;Campania;SA;A343;6,84;3
Nord Ovest;Liguria;IM;A344;3;1
Sud;Abruzzo;AQ;A345;308,64;532,53
Sud;Campania;AV;A347;2;7
Centro;Lazio;FR;A348;0;2
Sud;Puglia;LE;A350;2;6
Isole;Sicilia;AG;A351;10,67;5,64
Nord Ovest;Piemonte;AT;A352;1;4
Nord Est;Friuli- Venezia Giulia;PN;A354;1;4
Isole;Sardegna;NU;A355;13;86,5
Isole;Sardegna;OR;A357;1;1
Nord Ovest;Piemonte;VC;A358;11;11
Isole;Sardegna;CA;A359;4,07;12,16
Nord Est;Veneto;TV;A360;6;47
Centro;Lazio;FR;A363;9,5;8,34
Nord Ovest;Lombardia;BG;A365;13,67;90,67
Centro;Marche;AN;A366;15,66;14,09
Sud;Abruzzo;CH;A367;4;0
Isole;Sardegna;OR;A368;0,88;0
Centro;Toscana;GR;A369;38,69;38,12
Centro;Lazio;RM;A370;6,15;5
Nord Ovest;Lombardia;VA;A371;15;97
Nord Ovest;Liguria;SP;A373;44,56;30,5
Nord Est;Veneto;VR;A374;9;50
Nord Ovest;Lombardia;MI;A375;24;62,5
Nord Ovest;Lombardia;MI;A376;98,11;232,48
Nord Est;Veneto;VI;A377;10,25;40,17
Isole;Sardegna;SS;A379;1;0
Isole;Sardegna;OR;A380;0;0
Nord Ovest;Lombardia;SO;A382;14,7;17
Nord Ovest;Lombardia;BG;A383;8,31;39,46
Sud;Calabria;RC;A385;0;7
Sud;Calabria;VV;A386;0;0
Nord Ovest;Lombardia;PV;A387;3;6,5
Nord Ovest;Liguria;GE;A388;50,31;188,03
Nord Ovest;Lombardia;MI;A389;88,58;288,44
Centro;Toscana;AR;A390;256,71;639,52
Nord Ovest;Lombardia;CO;A391;5;19
Nord Est;Emilia-Romagna;BO;A392;23,57;151,25
Nord Est;Emilia-Romagna;FE;A393;32,42;166,67
Nord Ovest;Piemonte;CN;A394;3;13
Nord Ovest;Piemonte;CN;A396;0;0
Sud;Calabria;CZ;A397;0;0
Sud;Abruzzo;CH;A398;2;0,66
Sud;Campania;AV;A399;23;31,17
Nord Est;Veneto;RO;A400;3;23
Centro;Lazio;RM;A401;18,48;76,55
Sud;Abruzzo;CH;A402;1;1
Sud;Campania;CE;A403;6;9
Nord Ovest;Piemonte;TO;A405;1;3,17
Isole;Sardegna;NU;A407;0;2
Nord Ovest;Piemonte;VB;A409;5;9,5
Centro;Lazio;VT;A412;4;0
Nord Ovest;Lombardia;MI;A413;43,06;169,98
Nord Ovest;Piemonte;NO;A414;7,75;10
Sud;Basilicata;PZ;A415;0;1
Nord Ovest;Liguria;IM;A418;0;0
Isole;Sardegna;CA;A419;0;0
Centro;Lazio;FR;A421;1,67;2,67
Nord Ovest;Liguria;SV;A422;1;2
Nord Ovest;Valle d'Aosta;AO;A424;9;1
Sud;Puglia;LE;A425;4;10
Nord Ovest;Piemonte;VB;A427;2;1
Nord Ovest;Piemonte;NO;A429;62,07;194,14
Nord Ovest;Lombardia;CO;A430;22,43;56,9
Sud;Campania;BN;A431;3;3
Sud;Campania;BN;A432;3;1
Centro;Lazio;FR;A433;7,55;4,5
Nord Est;Veneto;PD;A434;3,5;11,83
Nord Est;Veneto;RO;A435;1;17,08
Nord Ovest;Piemonte;AL;A436;27;55,99
Centro;Marche;AP;A437;8,88;2,33
Nord Est;Veneto;PD;A438;1;17,5
Centro;Umbria;TR;A439;15;10
Nord Ovest;Lombardia;BG;A440;2;28,33
Nord Ovest;Lombardia;VA;A441;4;55
Nord Est;Veneto;BL;A443;10;16,8
Nord Est;Veneto;VI;A444;4,25;11,58
Sud;Abruzzo;TE;A445;1,25;3
Centro;Lazio;RM;A446;3;2
Nord Est;Friuli- Venezia Giulia;UD;A447;3;7,5
Nord Est;Friuli- Venezia Giulia;UD;A448;5;17,5
Centro;Lazio;RM;A449;9,34;26,42
Nord Ovest;Lombardia;BS;A451;5,67;57,5
Nord Ovest;Valle d'Aosta;AO;A452;5,83;4
Isole;Sardegna;SS;A453;40,21;136,4
Isole;Sardegna;NU;A454;0;2
Sud;Campania;NA;A455;14,32;38,6
Nord Est;Veneto;PD;A458;3;67,22
Nord Est;Veneto;VI;A459;48,32;254,03
Sud;Campania;SA;A460;17,5;36
Centro;Toscana;SI;A461;11,34;63
Centro;Marche;AP;A462;156,12;209,19
Sud;Puglia;FG;A463;5;15,33
Centro;Lazio;RI;A464;10;5
Nord Est;Veneto;VI;A465;22,75;121,26
Nord Ovest;Piemonte;VC;A466;2;12
Nord Est;Veneto;VI;A467;0;3
Centro;Toscana;SI;A468;23,4;117,25
Nord Ovest;Lombardia;MN;A470;13,33;75,99
Nord Est;Veneto;TV;A471;5,58;58,6
Centro;Lazio;RI;A472;3;7
Nord Ovest;Lombardia;MI;A473;107;238
Isole;Sardegna;CA;A474;32;139,83
Centro;Umbria;PG;A475;50,96;121,7
Nord Ovest;Lombardia;CO;A476;15;38,03
Isole;Sardegna;OR;A477;0;0
Isole;Sicilia;EN;A478;7,5;13,83
Nord Ovest;Piemonte;AT;A479;319,53;616,03
Isole;Sardegna;OR;A480;0;0
Sud;Abruzzo;AQ;A481;20,5;11,39
Sud;Basilicata;PZ;A482;5;7
Sud;Campania;SA;A484;7;1,5
Sud;Abruzzo;CH;A485;15;27,5
Centro;Lazio;FR;A486;6;4
Sud;Campania;SA;A487;0;0
Sud;Abruzzo;TE;A488;16,31;28,5
Sud;Campania;AV;A489;14,47;30,5
Centro;Umbria;TR;A490;6,25;13
Nord Est;Friuli- Venezia Giulia;UD;A491;5;8
Isole;Sardegna;NU;A492;0;1
Isole;Sicilia;SR;A494;19,39;126,13
Sud;Campania;SA;A495;5,33;0,33
Centro;Toscana;MS;A496;34,47;81,56
Nord Ovest;Piemonte;VB;A497;3,47;0
Nord Ovest;Liguria;IM;A499;0;0
Nord Est;Veneto;BL;A501;15,7;52,47
Centro;Lazio;FR;A502;2;2
Isole;Sardegna;NU;A503;1;0
Nord Ovest;Liguria;GE;A506;9,89;20
Sud;Campania;AV;A508;12;6,33
Sud;Campania;AV;A509;63,12;272,89
Nord Ovest;Lombardia;BG;A511;1;4
Sud;Campania;CE;A512;59,42;232,49
Sud;Puglia;TA;A514;3;4,05
Sud;Abruzzo;AQ;A515;107,81;329,82
Nord Est;Friuli- Venezia Giulia;PN;A516;28;85,05
Nord Ovest;Lombardia;BG;A517;7;37
Nord Ovest;Piemonte;TO;A518;55,42;141,03
Sud;Basilicata;PZ;A519;8,34;11,34
Nord Ovest;Valle d'Aosta;AO;A521;0;0
Isole;Sicilia;SR;A522;23;72,58
Nord Ovest;Piemonte;AL;A523;1;1
Nord Ovest;Piemonte;TO;A525;3;3
Nord Ovest;Lombardia;CR;A526;0;5
Nord Ovest;Piemonte;AT;A527;3;1
Nord Ovest;Lombardia;BG;A528;16,87;123,48
Nord Ovest;Lombardia;BS;A529;4;41
Nord Est;Friuli- Venezia Giulia;PN;A530;29,5;138,92
Nord Ovest;Lombardia;VA;A531;16,5;40,05
Nord Ovest;Lombardia;VA;A532;1,5;1
Nord Ovest;Lombardia;BG;A533;1;2,5
Nord Ovest;Piemonte;VB;A534;7;4,5
Sud;Campania;NA;A535;24;8,5
Nord Ovest;Liguria;IM;A536;15,5;8,25
Nord Ovest;Lombardia;PV;A538;0;1,5
Nord Est;Veneto;RO;A539;16;105,77
Nord Est;Veneto;VR;A540;12,4;18
Centro;Toscana;AR;A541;3,5;1
Sud;Calabria;CZ;A542;9,5;4,5
Sud;Calabria;RC;A544;1;0
Isole;Sicilia;PA;A546;33,77;60,67
Nord Est;Emilia-Romagna;RA;A547;19,31;118,81
Nord Ovest;Lombardia;PV;A550;4;4,34
Nord Est;Emilia-Romagna;RA;A551;1;13,17
Sud;Calabria;RC;A552;2;15,5
Nord Est;Friuli- Venezia Giulia;UD;A553;6,17;18,33
Nord Ovest;Piemonte;CN;A555;8,06;5
Nord Ovest;Lombardia;BG;A557;17,5;76,22
Centro;Toscana;LU;A560;20,5;19
Centro;Toscana;PT;A561;50,58;227,28
Centro;Toscana;PI;A562;51,84;165,72
Centro;Toscana;FI;A564;40,54;195,71
Nord Est;Emilia-Romagna;FO;A565;11,54;28,19
Sud;Campania;AV;A566;10,81;14,73
Sud;Molise;IS;A567;3,67;6
Nord Est;Veneto;PD;A568;2,83;20,17
Nord Ovest;Lombardia;BS;A569;15;99,85
Nord Ovest;Lombardia;CR;A570;5,67;54,22
Nord Ovest;Piemonte;CN;A571;29,64;63,93
Sud;Puglia;LE;A572;2;1
Nord Est;Emilia-Romagna;RE;A573;14;95,9
Nord Est;Veneto;RO;A574;1;1,5
Nord Ovest;Lombardia;MN;A575;12;78,75
Centro;Toscana;MS;A576;27,88;10,49
Centro;Lazio;VT;A577;6;11,75
Nord Ovest;Lombardia;BS;A578;14,74;10
Sud;Campania;CE;A579;6;1
Sud;Campania;AV;A580;6,53;5
Nord Ovest;Liguria;IM;A581;3;3
Nord Ovest;Piemonte;TO;A584;0;4
Nord Est;Emilia-Romagna;RE;A586;5,81;25,5
Nord Ovest;Piemonte;TO;A587;6;14
Nord Ovest;Piemonte;AT;A588;2;3
Nord Ovest;Piemonte;CN;A589;2;1
Nord Ovest;Piemonte;TO;A590;1;1,5
Nord Ovest;Piemonte;TO;A591;14,33;31
Isole;Sicilia;PA;A592;8,5;8
Nord Ovest;Liguria;SV;A593;2;3
Nord Ovest;Lombardia;LC;A594;13,7;49,5
Isole;Sardegna;CA;A597;0;0
Nord Ovest;Piemonte;TO;A599;1;1,44
Nord Ovest;Piemonte;VC;A600;0,2;0
Nord Ovest;Piemonte;VC;A601;0;0
Sud;Abruzzo;AQ;A603;2;2,08
Sud;Basilicata;PZ;A604;2,08;1,08
Nord Ovest;Piemonte;AL;A605;3;5,5
Isole;Sardegna;SS;A606;1;1
Nord Ovest;Piemonte;TO;A607;12,22;46
Isole;Sardegna;OR;A609;0;0
Nord Ovest;Piemonte;VB;A610;0,13;3
Sud;Basilicata;PZ;A612;1;0
Nord Est;Veneto;PD;A613;1;13,67
Isole;Sardegna;OR;A614;0;0,5
Sud;Basilicata;PZ;A615;11,75;3
Sud;Molise;CB;A616;1;9
Sud;Campania;NA;A617;8;2
Nord Ovest;Lombardia;MI;A618;48,55;63,92
Nord Ovest;Lombardia;VA;A619;7;13
Isole;Sardegna;OR;A621;1;0
Nord Ovest;Piemonte;TO;A625;3;15
Centro;Marche;AN;A626;2;2,5
Centro;Lazio;VT;A628;1;3
Nord Ovest;Piemonte;CN;A629;0;1
Nord Ovest;Lombardia;BS;A630;1;12,14
Nord Ovest;Lombardia;BG;A631;1;1
Centro;Toscana;FI;A632;22,49;87,19
Nord Ovest;Lombardia;PV;A634;0;1
Nord Est;Veneto;PD;A637;0;4
Isole;Sicilia;ME;A638;28,83;26,5
Nord Est;Friuli- Venezia Giulia;PN;A640;0;1
Nord Ovest;Valle d'Aosta;AO;A643;1;0
Nord Est;Emilia-Romagna;PR;A646;8,11;24,8
Nord Ovest;Liguria;SV;A647;13;1
Nord Est;Veneto;VR;A650;29;161,8
Nord Ovest;Piemonte;TO;A651;48,63;152,38
Nord Ovest;Lombardia;MI;A652;38,5;164,97
Nord Ovest;Piemonte;NO;A653;0;3
Isole;Sardegna;OR;A655;0;1
Sud;Abruzzo;AQ;A656;2,5;3
Centro;Toscana;LU;A657;30;39,8
Nord Ovest;Liguria;GE;A658;11;6
Nord Ovest;Piemonte;CN;A660;28,33;60
Nord Ovest;Lombardia;BS;A661;2;5
Sud;Puglia;BA;A662;1229,42;3804,86
Isole;Sardegna;NU;A663;0;8
Nord Ovest;Lombardia;BG;A664;5;37,16
Nord Est;Emilia-Romagna;BO;A665;11;77
Sud;Basilicata;PZ;A666;11;2
Sud;Abruzzo;AQ;A667;4;5,11
Nord Ovest;Lombardia;MI;A668;19;83
Sud;Puglia;BA;A669;113,82;422,02
Nord Ovest;Lombardia;CO;A670;1;5,61
Nord Ovest;Piemonte;CN;A671;2;0
Nord Ovest;Piemonte;TO;A673;0;1
Sud;Campania;SA;A674;15,88;81,37
Isole;Sicilia;EN;A676;1,33;28,62
Isole;Sardegna;CA;A677;1;0
Sud;Abruzzo;AQ;A678;2;2
Isole;Sardegna;CA;A681;0;0
Nord Ovest;Lombardia;LC;A683;5,28;22,25
Nord Ovest;Lombardia;BG;A684;3,33;15
Nord Ovest;Lombardia;LC;A686;16,42;43,54
Nord Ovest;Lombardia;LC;A687;17,34;39,84
Nord Ovest;Piemonte;AL;A689;1;10,5
Nord Ovest;Lombardia;PV;A690;3,17;12,67
Centro;Umbria;TR;A691;25;14,67
Sud;Abruzzo;TE;A692;0;4
Sud;Campania;BN;A696;4;2
Nord Ovest;Lombardia;MI;A697;11;50,42
Isole;Sicilia;ME;A698;0;1,25
Nord Ovest;Lombardia;MI;A699;96;157,12
Nord Est;Friuli- Venezia Giulia;UD;A700;7,67;38,5
Centro;Lazio;VT;A701;17;5
Nord Ovest;Lombardia;BS;A702;1;29,84
Nord Est;Veneto;VI;A703;73,47;462,89
Centro;Lazio;VT;A704;17,33;15,06
Nord Ovest;Lombardia;VA;A705;1;3
Centro;Lazio;VT;A706;7,75;6
Centro;Lazio;LT;A707;1;6
Nord Ovest;Piemonte;AL;A708;1;4
Nord Ovest;Piemonte;CN;A709;1,75;2
Centro;Umbria;PG;A710;55,5;186,89
Nord Ovest;Lombardia;PV;A712;1;5
Nord Est;Emilia-Romagna;MO;A713;8;64,5
Nord Est;Veneto;PD;A714;5,5;39,5
Nord Ovest;Piemonte;CN;A716;4;1
Sud;Campania;SA;A717;54,7;182,82
Nord Ovest;Lombardia;PV;A718;0;7,5
Isole;Sicilia;PA;A719;1;1
Centro;Lazio;FR;A720;1,67;2,5
Isole;Sardegna;OR;A721;0;0
Isole;Sardegna;NU;A722;2;13
Nord Ovest;Piemonte;VB;A725;7,51;68,01
Nord Ovest;Lombardia;VA;A728;1;6
Nord Ovest;Lombardia;BS;A729;15,55;97,5
Nord Est;Emilia-Romagna;PR;A731;12,58;22,72
Nord Ovest;Lombardia;BG;A732;0;1
Nord Ovest;Piemonte;VB;A733;3;6
Nord Ovest;Piemonte;TO;A734;69,5;168,64
Nord Ovest;Piemonte;CN;A735;24;29,5
Sud;Calabria;CZ;A736;0;0
Nord Est;Veneto;VR;A737;5;28,5
Nord Ovest;Piemonte;AL;A738;1;4
Centro;Marche;MC;A739;1;0
Centro;Marche;PS;A740;3;2
Nord Ovest;Lombardia;PV;A741;13;53,88
Nord Ovest;Piemonte;VB;A742;1,5;17
Sud;Basilicata;PZ;A743;12,09;12,01
Nord Ovest;Lombardia;LC;A745;28,23;62,5
Sud;Abruzzo;TE;A746;15,75;38
Nord Est;Emilia-Romagna;RN;A747;49,05;217,33
Centro;Lazio;RM;A749;6,55;0
Nord Ovest;Piemonte;CN;A750;0;3
Nord Ovest;Lombardia;MI;A751;9,84;33,5
Nord Ovest;Piemonte;NO;A752;11;88,5
Sud;Campania;CE;A755;4,5;24,67
Sud;Campania;SA;A756;2;0,17
Nord Est;Veneto;BL;A757;101,5;341,53
Nord Ovest;Lombardia;MI;A759;28;87,82
Centro;Marche;AP;A760;2;1
Sud;Molise;IS;A761;0;3
Sud;Calabria;CS;A762;0;2
Centro;Lazio;FR;A763;0;0
Isole;Sicilia;PA;A764;2;0
Centro;Lazio;RI;A765;5,88;1
Isole;Sicilia;CT;A766;40,05;100,22
Sud;Calabria;CS;A768;0,5;0
Centro;Marche;AN;A769;2;9
Nord Ovest;Piemonte;AT;A770;0;2
Nord Est;Emilia-Romagna;BO;A771;13,26;18,49
Sud;Calabria;KR;A772;4;0
Sud;Calabria;CS;A773;17,11;33,27
Nord Ovest;Piemonte;CN;A774;2;0
Isole;Sardegna;NU;A776;0;0
Nord Ovest;Lombardia;SO;A777;2;1
Nord Ovest;Lombardia;CO;A778;1;1,5
Nord Ovest;Piemonte;CN;A779;12,5;22
Sud;Calabria;RC;A780;1;1,75
Isole;Sardegna;SS;A781;1;2,5
Nord Ovest;Piemonte;CN;A782;0;0
Sud;Campania;BN;A783;99,89;169,01
Nord Ovest;Piemonte;BI;A784;2;5,5
Nord Est;Emilia-Romagna;BO;A785;25,6;95,64
Nord Ovest;Lombardia;BG;A786;7,25;20,84
Nord Ovest;Lombardia;SO;A787;15,23;11,23
Nord Est;Emilia-Romagna;PR;A788;11,58;26,64
Isole;Sardegna;SS;A789;2,67;1
Nord Ovest;Lombardia;CO;A791;6,33;21,46
Nord Ovest;Lombardia;PV;A792;4;21,66
Nord Ovest;Piemonte;AL;A793;1;3
Nord Ovest;Lombardia;BG;A794;707,68;2039,93
Nord Est;Veneto;RO;A795;0,25;9,58
Nord Ovest;Liguria;SV;A796;17,29;47,5
Nord Ovest;Piemonte;CN;A798;0;2
Nord Ovest;Lombardia;BS;A799;0;17
Sud;Basilicata;MT;A801;20;23,2
Nord Ovest;Lombardia;MI;A802;45,83;165,83
Nord Ovest;Lombardia;MI;A804;8;25,49
Nord Ovest;Piemonte;CN;A805;9;26,5
Nord Est;Emilia-Romagna;FO;A809;10,5;101,57
Nord Est;Friuli- Venezia Giulia;UD;A810;0;8
Nord Ovest;Lombardia;LO;A811;1;13
Nord Ovest;Piemonte;AT;A812;1;2
Nord Ovest;Piemonte;AL;A813;0;1
Nord Ovest;Lombardia;BG;A815;1,5;11,34
Nord Ovest;Lombardia;BS;A816;2;3,06
Nord Ovest;Lombardia;BS;A817;7;7
Nord Ovest;Lombardia;MI;A818;39,19;172,7
Nord Ovest;Lombardia;VA;A819;19;36
Nord Ovest;Lombardia;MI;A820;11;30
Nord Est;Emilia-Romagna;PC;A823;0;2,5
Nord Ovest;Lombardia;VA;A825;8,38;37,5
Nord Ovest;Lombardia;VA;A826;20,5;78,5
Isole;Sardegna;SS;A827;0;0
Nord Est;Emilia-Romagna;PC;A831;3,83;19,42
Centro;Umbria;PG;A832;2;17,5
Nord Ovest;Piemonte;VB;A834;4,4;3
Centro;Umbria;PG;A835;4,67;21,34
Nord Ovest;Liguria;SP;A836;8,5;0
Nord Est;Veneto;VR;A837;1;16,52
Isole;Sicilia;CT;A841;21,43;35
Sud;Calabria;CS;A842;1;1
Sud;Calabria;RC;A843;5,5;7
Nord Ovest;Piemonte;NO;A844;1;9
Nord Ovest;Lombardia;VA;A845;8,25;29,5
Nord Ovest;Lombardia;BG;A846;1;22
Nord Ovest;Piemonte;VC;A847;3,5;20,34
Nord Ovest;Lombardia;SO;A848;8;1,5
Nord Ovest;Lombardia;MI;A849;42;135,85
Nord Est;Emilia-Romagna;RE;A850;9,97;118,59
Centro;Toscana;AR;A851;14,97;38,5
Centro;Toscana;LI;A852;8,52;20,41
Nord Ovest;Piemonte;TO;A853;10,36;23
Sud;Puglia;FG;A854;3;2
Nord Est;Friuli- Venezia Giulia;UD;A855;4;10
Isole;Sardegna;OR;A856;0;0
Centro;Lazio;VT;A857;6,67;8,67
Nord Ovest;Piemonte;BI;A859;325,13;512,26
Nord Ovest;Lombardia;BS;A861;6,05;31,64
Centro;Toscana;PI;A864;15;70,8
Nord Ovest;Lombardia;CO;A870;18,5;68,67
Nord Ovest;Lombardia;MI;A872;13,06;65,22
Sud;Puglia;BA;A874;4;10,83
Nord Ovest;Piemonte;BI;A876;7;16,5
Nord Ovest;Valle d'Aosta;AO;A877;1;1
Nord Ovest;Lombardia;BS;A878;1;3,28
Isole;Sardegna;NU;A880;0;0,5
Sud;Campania;AV;A881;3;15,67
Isole;Sicilia;PA;A882;12,07;4,4
Sud;Puglia;BA;A883;210,52;265,95
Sud;Abruzzo;AQ;A884;1;0
Sud;Abruzzo;TE;A885;2;4
Sud;Calabria;CS;A887;8,46;5,66
Nord Ovest;Piemonte;AL;A889;3;5
Nord Ovest;Lombardia;VA;A891;5;32,5
Sud;Puglia;BA;A892;24;78,33
Sud;Puglia;BA;A893;130,87;333,35
Sud;Puglia;BA;A894;31,55;118,72
Isole;Sardegna;NU;A895;1;2
Isole;Sicilia;AG;A896;10;2,5
Sud;Calabria;RC;A897;3;1
Nord Ovest;Lombardia;CO;A898;7;32,5
Nord Ovest;Lombardia;BG;A903;1;0
Nord Ovest;Lombardia;CO;A904;1;1
Nord Ovest;Lombardia;CO;A905;11,57;14,7
Nord Est;Veneto;PD;A906;2;15,33
Nord Est;Emilia-Romagna;PC;A909;12;36,83
Nord Ovest;Piemonte;TO;A910;1;3
Nord Ovest;Piemonte;NO;A911;4;5,5
Sud;Calabria;CS;A912;1;4
Nord Ovest;Piemonte;VC;A914;4;1,39
Nord Ovest;Lombardia;VA;A918;2,8;13
Nord Ovest;Lombardia;LO;A919;1;18,33
Nord Ovest;Lombardia;MI;A920;6,28;37,45
Nord Ovest;Liguria;GE;A922;11;30
Nord Ovest;Piemonte;VB;A925;8,41;3
Nord Ovest;Piemonte;NO;A929;2;7
Sud;Molise;CB;A930;5,5;17,5
Nord Ovest;Liguria;SV;A931;8;27,5
Nord Ovest;Liguria;SP;A932;18,38;29,66
Nord Ovest;Lombardia;BG;A937;19,77;65,84
Nord Ovest;Lombardia;MI;A940;167,71;359,15
Nord Ovest;Piemonte;TO;A941;10;23,5
Sud;Basilicata;MT;A942;4;18
Nord Est;Emilia-Romagna;BO;A944;2241,15;3190,39
Sud;Abruzzo;PE;A945;1;3
Isole;Sicilia;PA;A946;2;0
Centro;Marche;MC;A947;1;3
Isole;Sardegna;NU;A948;2;4
Centro;Lazio;VT;A949;15;16,17
Nord Ovest;Lombardia;BG;A950;9;85,17
Nord Ovest;Piemonte;NO;A953;1;5
Nord Est;Veneto;VI;A954;4,24;66,06
Centro;Lazio;VT;A955;9,75;15,5
Sud;Abruzzo;CH;A956;5;4
Isole;Sicilia;CL;A957;0;0
Isole;Sicilia;PA;A958;3;1,67
Nord Est;Emilia-Romagna;MO;A959;7,06;151,31
Isole;Sardegna;OR;A960;1;0
Nord Ovest;Liguria;SP;A961;3,57;10,25
Nord Ovest;Lombardia;BG;A962;21,03;76,64
Nord Ovest;Lombardia;BG;A963;17,77;172,45
Nord Est;Veneto;VR;A964;3;18,5
Nord Est;Emilia-Romagna;FE;A965;34;154,8
Sud;Campania;BN;A970;1;3
Sud;Molise;CB;A971;3,5;3
Nord Ovest;Lombardia;CR;A972;3;9,5
Sud;Calabria;CS;A973;1;8
Sud;Campania;AV;A975;2;3,67
Isole;Sardegna;SS;A976;2;4
Isole;Sardegna;SS;A977;2;1
Isole;Sardegna;SS;A978;4;7
Nord Ovest;Piemonte;CN;A979;0;3
Centro;Lazio;RI;A981;1;1,67
Nord Est;Veneto;BL;A982;14,47;40,28
Nord Est;Friuli- Venezia Giulia;UD;A983;1;3,25
Nord Ovest;Liguria;IM;A984;103,72;194,73
Nord Ovest;Lombardia;CR;A986;1,5;4
Nord Est;Emilia-Romagna;PR;A987;1;10
Nord Est;Emilia-Romagna;RE;A988;21;63,55
Nord Ovest;Lombardia;PV;A989;22;72
Nord Ovest;Piemonte;TO;A990;54,25;112,92
Isole;Sicilia;PA;A991;4;4,67
Nord Ovest;Liguria;SP;A992;3;3,5
Nord Ovest;Liguria;IM;A993;13;0
Nord Ovest;Lombardia;LO;A995;8;48,33
Centro;Lazio;RI;A996;3,67;0,25
Nord Ovest;Piemonte;AL;A998;11,67;14
Nord Ovest;Liguria;SV;A999;84,5;163,92
Nord Est;Emilia-Romagna;FO;B001;3;24,5
Sud;Calabria;CZ;B002;6;3
Nord Ovest;Piemonte;TO;B003;3,5;4,5
Nord Ovest;Liguria;SV;B005;16,15;71,03
Centro;Toscana;LU;B007;15;19
Centro;Lazio;RI;B008;8;15,5
Nord Ovest;Piemonte;VC;B009;6;24
Nord Ovest;Lombardia;BG;B010;1;13
Nord Ovest;Lombardia;MN;B012;1;26,5
Nord Ovest;Lombardia;PV;B014;0;3
Nord Ovest;Piemonte;TO;B015;11,5;11,5
Nord Ovest;Piemonte;NO;B016;2;10
Nord Ovest;Lombardia;LO;B017;2,5;33,75
Nord Ovest;Piemonte;CN;B018;0;2
Nord Ovest;Piemonte;NO;B019;62,03;187,02
Nord Ovest;Liguria;IM;B020;7;1
Nord Ovest;Piemonte;TO;B021;3;9
Nord Ovest;Piemonte;TO;B024;11;30,42
Nord Est;Emilia-Romagna;PC;B025;14,5;90
Centro;Marche;PS;B026;4,99;2
Nord Ovest;Lombardia;PV;B028;4;8
Nord Ovest;Piemonte;AL;B029;1;2
Nord Ovest;Lombardia;PV;B030;0;2
Nord Est;Veneto;PD;B031;3,67;87,69
Nord Ovest;Piemonte;CN;B033;75,79;127,98
Nord Est;Emilia-Romagna;PR;B034;108,92;355,57
Nord Ovest;Lombardia;BS;B035;0,5;44
Centro;Toscana;FI;B036;43,33;115
Nord Ovest;Piemonte;AL;B037;1,5;2,83
Nord Ovest;Lombardia;PV;B038;0;6
Nord Ovest;Lombardia;BS;B040;18,95;67,17
Nord Ovest;Piemonte;VC;B041;51,48;77,59
Nord Est;Emilia-Romagna;PR;B042;19,2;36,75
Nord Ovest;Piemonte;NO;B043;15;40,88
Nord Est;Emilia-Romagna;BO;B044;18,38;38
Nord Ovest;Piemonte;VC;B046;9;18
Nord Ovest;Liguria;SV;B048;0;2,5
Nord Ovest;Lombardia;SO;B049;43,15;37,05
Nord Ovest;Lombardia;PV;B051;10;62
Nord Ovest;Lombardia;BS;B054;9,91;50
Isole;Sardegna;OR;B055;1;0
Isole;Sardegna;NU;B056;0;3,5
Sud;Abruzzo;CH;B057;1;0
Nord Ovest;Piemonte;BI;B058;1,5;7,5
Nord Est;Veneto;TV;B061;4;35,49
Isole;Sardegna;NU;B062;0;4
Isole;Sardegna;SS;B063;1;1
Isole;Sardegna;SS;B064;0;2
Nord Ovest;Liguria;GE;B067;1,89;6,5
Isole;Sardegna;NU;B068;11,22;15,33
Nord Est;Veneto;RO;B069;0;14,01
Nord Est;Veneto;VR;B070;0;7
Nord Ovest;Piemonte;AL;B071;2;12,25
Nord Est;Veneto;VR;B073;21,7;86,3
Nord Ovest;Piemonte;TO;B075;4;27
Sud;Campania;NA;B076;13,31;23,16
Sud;Campania;NA;B077;14,91;17,27
Nord Ovest;Piemonte;CN;B079;2;0
Nord Ovest;Piemonte;AL;B080;1,5;2
Nord Ovest;Lombardia;LC;B081;8;32,67
Nord Ovest;Lombardia;PV;B082;1;5
Nord Ovest;Lombardia;BG;B083;1;1
Nord Ovest;Piemonte;CN;B084;4,5;6,58
Sud;Calabria;CZ;B085;1;0
Sud;Puglia;LE;B086;3;3
Nord Ovest;Lombardia;BG;B088;16;63,58
Nord Ovest;Lombardia;BS;B091;24,25;87,03
Isole;Sardegna;SS;B094;0,8;1
Sud;Calabria;RC;B097;0;0
Sud;Calabria;RC;B098;4,6;4
Sud;Calabria;RC;B099;9;9
Nord Ovest;Lombardia;BS;B100;5,5;10
Nord Ovest;Piemonte;CN;B101;46,6;54,88
Nord Ovest;Lombardia;BS;B102;11;83,67
Sud;Puglia;FG;B104;4;3
Nord Ovest;Lombardia;MI;B105;70,53;209,99
Nord Est;Veneto;PD;B106;3;29,61
Nord Est;Veneto;VR;B107;24,25;165,78
Nord Ovest;Piemonte;AL;B109;0;3
Nord Ovest;Lombardia;MN;B110;2;31,5
Nord Ovest;Piemonte;CN;B111;156,61;369,95
Nord Ovest;Lombardia;BG;B112;1;11
Centro;Lazio;RM;B114;65,83;147,48
Sud;Campania;SA;B115;5,03;9
Nord Ovest;Lombardia;PV;B117;5,5;6,5
Sud;Calabria;RC;B118;0;0
Nord Ovest;Lombardia;BS;B120;0;13
Nord Ovest;Piemonte;TO;B121;19,5;78,95
Nord Ovest;Lombardia;BG;B123;4;11,5
Nord Ovest;Lombardia;BS;B124;1,5;1
Nord Ovest;Lombardia;VA;B126;7,25;25
Nord Est;Veneto;TV;B128;9,25;63,64
Nord Ovest;Lombardia;CR;B129;7,5;72,01
Nord Est;Veneto;VI;B132;5,5;35,25
Nord Ovest;Lombardia;CO;B134;15,51;70,83
Nord Ovest;Lombardia;BG;B137;39,16;137,44
Nord Ovest;Lombardia;BG;B138;32,5;130,17
Nord Ovest;Lombardia;LO;B141;3,5;22,33
Nord Ovest;Lombardia;PV;B142;0;4,5
Nord Est;Veneto;VI;B143;4,33;45,11
Nord Ovest;Lombardia;CO;B144;2;10,5
Nord Ovest;Lombardia;BS;B149;9,83;10
Nord Ovest;Lombardia;VA;B150;2;13,5
Nord Est;Veneto;VR;B152;2;2
Nord Est;Veneto;VR;B154;23;54,05
Nord Est;Emilia-Romagna;RE;B156;9,5;61,64
Nord Ovest;Lombardia;BS;B157;897,56;2354,63
Nord Ovest;Lombardia;PV;B159;7,5;40,25
Nord Est;Veneto;VI;B161;1;16,5
Nord Ovest;Lombardia;MI;B162;177,83;379,16
Nord Ovest;Lombardia;VA;B166;5,83;10,5
Nord Ovest;Piemonte;CN;B167;0;2
Sud;Calabria;VV;B169;3;2
Nord Ovest;Piemonte;TO;B171;9,34;38,77
Nord Ovest;Lombardia;CO;B172;0;6
Sud;Basilicata;PZ;B173;10;2
Nord Ovest;Piemonte;CN;B175;2;2
Nord Ovest;Piemonte;NO;B176;8,25;19,6
Nord Ovest;Lombardia;BG;B178;14;52,2
Nord Ovest;Piemonte;AL;B179;3;1
Sud;Puglia;BR;B180;110,64;426,21
Sud;Basilicata;PZ;B181;5,34;0
Nord Ovest;Lombardia;VA;B182;1;1,33
Nord Ovest;Piemonte;NO;B183;1,33;6
Nord Ovest;Lombardia;BS;B184;2,5;4
Nord Ovest;Lombardia;MI;B187;17,84;63,67
Nord Est;Emilia-Romagna;RA;B188;16,39;41,83
Nord Ovest;Lombardia;VA;B191;1,5;8,5
Nord Ovest;Valle d'Aosta;AO;B192;0;5
Sud;Abruzzo;PE;B193;0;0
Nord Ovest;Lombardia;LC;B194;11;36
Centro;Lazio;FR;B195;3;4,08
Nord Est;Veneto;VI;B196;1,5;30
Sud;Calabria;VV;B197;0;1
Isole;Sicilia;ME;B198;19,67;11
Nord Ovest;Piemonte;CN;B200;2;4
Nord Ovest;Lombardia;PV;B201;38;87,17
Isole;Sicilia;CT;B202;56,39;56,04
Nord Ovest;Piemonte;CN;B204;7,97;9,75
Nord Ovest;Piemonte;TO;B205;3;4
Nord Ovest;Piemonte;VB;B207;3;8
Nord Ovest;Piemonte;TO;B209;1;3
Nord Ovest;Lombardia;MI;B212;193,67;480,74
Nord Est;Veneto;PD;B213;1;44,84
Nord Ovest;Liguria;SP;B214;2,25;3,75
Nord Est;Friuli- Venezia Giulia;PN;B215;7;64,55
Nord Ovest;Piemonte;TO;B216;31;95,25
Nord Ovest;Lombardia;BG;B217;0;7,75
Nord Ovest;Lombardia;CO;B218;6;14
Nord Ovest;Lombardia;VA;B219;2;4,51
Nord Ovest;Piemonte;AT;B221;1;1
Nord Ovest;Lombardia;BG;B223;24,3;98,6
Nord Ovest;Piemonte;TO;B225;0;5,75
Sud;Campania;NA;B227;19,34;34
Nord Ovest;Lombardia;VA;B228;18;20
Nord Ovest;Piemonte;BI;B229;4,17;7
Nord Ovest;Valle d'Aosta;AO;B230;4,16;17,56
Nord Ovest;Piemonte;TO;B232;1;13
Sud;Calabria;RC;B234;0,83;0
Nord Ovest;Lombardia;MI;B235;5,5;50
Nord Ovest;Piemonte;AT;B236;3;2,5
Isole;Sicilia;SR;B237;0;5
Sud;Abruzzo;CH;B238;7;8,17
Sud;Campania;BN;B239;2;2
Nord Ovest;Lombardia;MI;B240;109,61;309,07
Sud;Campania;SA;B242;10;2
Centro;Toscana;AR;B243;17,5;56,15
Isole;Sardegna;SS;B246;0;2
Nord Est;Friuli- Venezia Giulia;PN;B247;5;19
Isole;Sardegna;NU;B248;6;65
Nord Est;Emilia-Romagna;BO;B249;41,5;147,91
Isole;Sardegna;CA;B250;5,29;4,06
Centro;Toscana;PT;B251;8,36;67,67
Nord Ovest;Lombardia;SO;B255;14,5;2
Sud;Abruzzo;AQ;B256;2;1
Nord Ovest;Lombardia;VA;B258;3;16
Nord Est;Friuli- Venezia Giulia;UD;B259;11;51,9
Nord Ovest;Lombardia;LC;B261;14,5;30,25
Nord Ovest;Lombardia;CO;B262;10,16;32,99
Isole;Sardegna;SS;B264;0;0
Isole;Sardegna;SS;B265;0;1
Sud;Campania;SA;B266;3;2
Sud;Campania;BN;B267;4;1
Sud;Abruzzo;CH;B268;0;0
Centro;Toscana;SI;B269;13,08;23,5
Sud;Calabria;CS;B270;6;2
Nord Ovest;Lombardia;MI;B272;50;93,37
Isole;Sardegna;CA;B274;1;0
Isole;Sicilia;AG;B275;8,17;0
Isole;Sardegna;SS;B276;1;1
Nord Ovest;Piemonte;TO;B278;2;5
Nord Ovest;Piemonte;TO;B279;0;7
Nord Ovest;Piemonte;VC;B280;2;3
Isole;Sardegna;OR;B281;1,66;2
Nord Ovest;Liguria;GE;B282;22,67;35,71
Nord Ovest;Piemonte;TO;B284;4;15,5
Nord Ovest;Piemonte;CN;B285;59,67;80,29
Nord Ovest;Lombardia;MI;B286;13,8;51,24
Isole;Sicilia;SR;B287;3;2
Isole;Sicilia;TP;B288;1;0
Nord Ovest;Lombardia;MI;B289;21,29;89,01
Nord Ovest;Lombardia;MI;B292;22,51;95,84
Nord Est;Emilia-Romagna;PR;B293;12,5;62,5
Sud;Abruzzo;PE;B294;0;3
Sud;Molise;CB;B295;3;5
Nord Est;Veneto;VR;B296;55,39;234,45
Nord Ovest;Piemonte;TO;B297;19,83;42,83
Nord Ovest;Lombardia;VA;B300;520,31;1212,07
Nord Ovest;Lombardia;MI;B301;52,33;175,25
Isole;Sicilia;CL;B302;3,92;4
Centro;Toscana;PI;B303;15;14,5
Nord Est;Veneto;VR;B304;11,42;70
Nord Ovest;Piemonte;TO;B305;58,02;86,34
Nord Ovest;Piemonte;AT;B306;4;6
Nord Est;Friuli- Venezia Giulia;UD;B309;1;21,5
Nord Ovest;Lombardia;BG;B310;5;43,5
Nord Ovest;Piemonte;AL;B311;8;5
Nord Ovest;Lombardia;VA;B312;0;2,67
Nord Ovest;Lombardia;CO;B313;15;68,7
Isole;Sardegna;OR;B314;2,33;12
Isole;Sicilia;PA;B315;21,66;8
Sud;Molise;IS;B317;0;0
Sud;Calabria;KR;B319;7,11;9,39
Nord Ovest;Lombardia;VA;B326;13,5;13,33
Nord Est;Emilia-Romagna;RE;B328;16;110,11
Nord Est;Emilia-Romagna;PC;B332;17;83,34
Nord Est;Veneto;PD;B345;12,83;135,27
Nord Ovest;Lombardia;CO;B346;15;87,17
Nord Est;Veneto;TV;B349;8;49,17
Nord Ovest;Piemonte;TO;B350;15,5;47,5
Sud;Campania;SA;B351;7;3
Centro;Marche;PS;B352;24,62;27,15
Isole;Sardegna;CA;B354;324,93;1025,42
Nord Ovest;Lombardia;CO;B355;7,76;12
Sud;Puglia;FG;B357;13;15,75
Sud;Abruzzo;AQ;B358;1;0
Sud;Campania;CE;B361;1;1
Sud;Campania;CE;B362;5;6,18
Nord Ovest;Lombardia;BS;B365;3;17
Nord Ovest;Lombardia;SO;B366;6,5;3
Sud;Campania;AV;B367;2,65;3,25
Nord Ovest;Lombardia;VA;B368;14;104,31
Nord Ovest;Liguria;SV;B369;50,62;90,5
Sud;Campania;NA;B371;44,78;71,94
Sud;Campania;AV;B374;8,24;6
Nord Est;Veneto;BL;B375;10,75;10,67
Nord Ovest;Piemonte;AT;B376;8;4
Isole;Sicilia;AG;B377;1;1
Isole;Sardegna;SS;B378;6;1
Sud;Calabria;RC;B379;0;1
Nord Ovest;Piemonte;VB;B380;2;2
Isole;Sicilia;EN;B381;5;2
Sud;Abruzzo;AQ;B382;5;1,91
Isole;Sardegna;CA;B383;4,96;8
Isole;Sicilia;CT;B384;17,27;25,07
Isole;Sicilia;TP;B385;18;12
Nord Ovest;Lombardia;PV;B387;5,33;10
Centro;Lazio;VT;B388;2;2,5
Centro;Toscana;PI;B390;11,25;36,77
Sud;Basilicata;MT;B391;0;2
Centro;Toscana;PI;B392;9,71;98,16
Nord Ovest;Lombardia;BG;B393;10;57,84
Nord Ovest;Lombardia;BS;B394;16;118
Nord Ovest;Lombardia;BG;B395;12;45,71
Nord Ovest;Lombardia;LC;B396;14,2;66,6
Centro;Marche;MC;B398;7;14,33
Nord Est;Emilia-Romagna;BO;B399;36,5;183,27
Nord Est;Veneto;VR;B402;23;139,33
Nord Est;Veneto;VI;B403;10;160,61
Nord Est;Emilia-Romagna;PC;B405;5,25;14,75
Centro;Toscana;FI;B406;39;156,52
Nord Est;Emilia-Romagna;PR;B408;12,5;24,07
Nord Ovest;Liguria;SV;B409;8,42;9
Nord Ovest;Liguria;SP;B410;8;0
Sud;Puglia;LE;B413;2;21,11
Sud;Campania;AV;B415;3;6
Nord Ovest;Liguria;SV;B416;17;13
Nord Ovest;Piemonte;BI;B417;3;3
Nord Ovest;Piemonte;AT;B418;0;2,33
Nord Ovest;Lombardia;LC;B423;24,25;104
Sud;Calabria;CS;B424;0,67;1
Nord Ovest;Piemonte;AT;B425;3;4
Sud;Calabria;CS;B426;1;1
Isole;Sicilia;AG;B427;7;1,33
Isole;Sicilia;CT;B428;23,98;85,82
Isole;Sicilia;CL;B429;81,92;152,07
Isole;Sicilia;PA;B430;7,5;2
Nord Ovest;Piemonte;NO;B431;2;21
Nord Est;Veneto;RO;B432;1;7,5
Nord Est;Veneto;VI;B433;1;10,44
Nord Ovest;Lombardia;BG;B434;34,66;108,79
Nord Ovest;Piemonte;TO;B435;15;70,5
Nord Ovest;Lombardia;BS;B436;7;32,04
Sud;Campania;SA;B437;8;3
Nord Ovest;Lombardia;CR;B439;0;5,5
Sud;Basilicata;PZ;B440;4,33;6
Nord Est;Veneto;VI;B441;1;3
Nord Ovest;Lombardia;BG;B442;8;67,5
Sud;Basilicata;PZ;B443;0;1
Sud;Campania;BN;B444;3;12
Sud;Campania;CE;B445;9;12
Centro;Umbria;TR;B446;8;8,25
Nord Ovest;Lombardia;PV;B447;0;0
Nord Ovest;Lombardia;MI;B448;2;14
Nord Ovest;Lombardia;BS;B450;10,25;53,17
Sud;Campania;NA;B452;8;12,62
Nord Ovest;Piemonte;AL;B453;0;3
Centro;Toscana;LU;B455;65,6;107,78
Nord Ovest;Piemonte;BI;B457;5,33;2
Isole;Sicilia;AG;B460;4;0
Nord Ovest;Lombardia;MI;B461;53;117,35
Nord Ovest;Piemonte;TO;B462;22,1;48
Nord Ovest;Piemonte;VB;B463;9;6
Nord Ovest;Piemonte;BI;B465;12;8
Sud;Molise;IS;B466;0,66;0
Nord Ovest;Piemonte;CN;B467;4;2
Centro;Marche;AN;B468;18;35,19
Nord Ovest;Piemonte;AT;B469;1;0
Centro;Marche;AN;B470;3,5;21,22
Nord Ovest;Lombardia;BG;B471;2,82;2,2
Centro;Lazio;RM;B472;3;2
Nord Ovest;Piemonte;NO;B473;24;126,96
Centro;Marche;MC;B474;17,17;22
Sud;Campania;SA;B476;14,5;5
Sud;Campania;CE;B477;2,8;7
Sud;Calabria;RC;B481;2;0
Nord Ovest;Piemonte;AL;B482;5;7
Nord Est;Friuli- Venezia Giulia;UD;B483;1;4,5
Nord Ovest;Lombardia;CR;B484;2;13,97
Nord Est;Veneto;VI;B485;6,01;108,99
Isole;Sicilia;AG;B486;12,58;2
Nord Ovest;Liguria;GE;B490;18,75;83,17
Nord Ovest;Valle d'Aosta;AO;B491;1;0
Sud;Campania;SA;B492;23,67;28,87
Nord Est;Veneto;VE;B493;1,67;52,68
Sud;Campania;CE;B494;1;1,33
Centro;Lazio;RM;B496;19,33;69,3
Centro;Toscana;GR;B497;8;7
Nord Ovest;Lombardia;CR;B498;0;5
Nord Est;Emilia-Romagna;RE;B499;11;66,2
Sud;Calabria;CS;B500;1,66;1
Nord Ovest;Lombardia;MI;B501;8;26
Nord Est;Emilia-Romagna;RE;B502;4,67;53,17
Centro;Umbria;PG;B504;1,83;7,25
Nord Ovest;Piemonte;VC;B505;10,98;4
Sud;Puglia;LE;B506;12,16;25,92
Centro;Toscana;FI;B507;41,09;316,12
Centro;Toscana;LI;B509;70,07;105,67
Nord Ovest;Piemonte;TO;B510;3;0
Nord Est;Veneto;VI;B511;1;8,93
Nord Ovest;Piemonte;TO;B512;1;10
Nord Ovest;Lombardia;CO;B513;17,85;33,55
Sud;Abruzzo;TE;B515;12;14,58
Sud;Calabria;RC;B516;2;6
Sud;Molise;CB;B519;118,43;232,75
Isole;Sicilia;AG;B520;11,5;14,79
Isole;Sicilia;TP;B521;8;7
Sud;Molise;CB;B522;1;0
Nord Est;Veneto;PD;B524;11;168,94
Sud;Abruzzo;AQ;B526;15,5;23,2
Centro;Lazio;LT;B527;0,86;0
Sud;Molise;CB;B528;4,28;8,83
Nord Ovest;Lombardia;SO;B530;16,41;33,38
Nord Est;Veneto;PD;B531;1;25
Isole;Sicilia;PA;B532;8,08;41,37
Isole;Sicilia;PA;B533;1;0
Centro;Marche;AP;B534;8,5;8
Isole;Sicilia;PA;B535;1;2
Nord Est;Friuli- Venezia Giulia;UD;B536;10;55,5
Isole;Sicilia;CL;B537;2,8;0
Nord Ovest;Liguria;GE;B538;16,62;10,23
Nord Est;Emilia-Romagna;MO;B539;14,2;88,49
Nord Ovest;Valle d'Aosta;AO;B540;4,5;6
Sud;Campania;BN;B541;1;1
Sud;Campania;BN;B542;0;0
Centro;Lazio;FR;B543;4;6
Sud;Molise;CB;B544;4;2
Nord Est;Veneto;VE;B546;3;82,17
Sud;Basilicata;PZ;B549;3,33;0
Sud;Molise;CB;B550;7;54,52
Nord Ovest;Liguria;GE;B551;25,13;33,17
Centro;Toscana;LI;B553;24,21;26,4
Nord Est;Veneto;VE;B554;8,95;171,22
Sud;Campania;SA;B555;0;0
Isole;Sicilia;PA;B556;3,4;9,75
Centro;Toscana;LU;B557;4;4,5
Nord Ovest;Liguria;IM;B559;27,35;21
Isole;Sicilia;CT;B561;2,5;26
Centro;Marche;MC;B562;2;1
Nord Est;Veneto;PD;B563;3;116,99
Nord Est;Veneto;PD;B564;1,34;35,97
Sud;Campania;NA;B565;15;17
Nord Est;Emilia-Romagna;MO;B566;3;32,18
Nord Ovest;Lombardia;PV;B567;1;6
Sud;Abruzzo;AQ;B569;1;5
Nord Est;Emilia-Romagna;BO;B572;14,67;16,5
Nord Ovest;Piemonte;CN;B573;16;29
Nord Est;Veneto;BL;B574;23;11,38
Centro;Lazio;RM;B576;9;4
Nord Est;Veneto;RO;B578;6;36,17
Sud;Basilicata;PZ;B580;1;0
Sud;Campania;CE;B581;1,8;4
Nord Est;Veneto;RO;B582;0;2,5
Sud;Puglia;FG;B584;4;1
Nord Ovest;Piemonte;BI;B586;28;77,75
Nord Ovest;Lombardia;PV;B587;0;12
Nord Ovest;Piemonte;TO;B588;5;10,5
Nord Est;Veneto;PD;B589;2;13,5
Sud;Campania;AV;B590;5;4
Sud;Calabria;RC;B591;3;1
Nord Ovest;Piemonte;TO;B592;14;57,5
Nord Ovest;Lombardia;MI;B593;73,5;145,39
Nord Ovest;Piemonte;AT;B594;41,07;78,8
Centro;Lazio;RI;B595;8;5
Centro;Lazio;VT;B597;3,5;5
Nord Est;Friuli- Venezia Giulia;PN;B598;10,57;25,83
Isole;Sicilia;AG;B602;38,51;43,67
Isole;Sicilia;SR;B603;3,11;15
Centro;Lazio;VT;B604;17,34;17,58
Nord Ovest;Piemonte;TO;B605;0;0
Sud;Abruzzo;AQ;B606;0;1,75
Sud;Calabria;CS;B607;2,5;2,17
Sud;Campania;SA;B608;0;2
Centro;Umbria;PG;B609;16,66;33
Nord Ovest;Piemonte;VB;B610;3,5;5
Nord Ovest;Lombardia;MN;B612;6;40,59
Nord Ovest;Lombardia;PV;B613;5;10
Nord Ovest;Piemonte;VB;B615;21,23;34
Sud;Puglia;LE;B616;2;3
Sud;Calabria;RC;B617;0;0
Nord Ovest;Lombardia;BG;B618;21;63,83
Sud;Puglia;BA;B619;43,17;109,46
Sud;Abruzzo;CH;B620;1;0
Nord Ovest;Piemonte;CN;B621;2;1
Sud;Abruzzo;AQ;B624;0;0
Centro;Toscana;PO;B626;9;10,67
Centro;Lazio;RI;B627;8;4
Nord Ovest;Piemonte;TO;B628;2,5;13,67
Nord Ovest;Piemonte;AL;B629;2;3,5
Sud;Molise;IS;B630;2;2,2
Centro;Lazio;RI;B631;3,5;11
Centro;Lazio;RM;B632;2;4
Nord Ovest;Piemonte;AT;B633;3;3
Nord Ovest;Lombardia;VA;B634;24,51;69,5
Centro;Lazio;RM;B635;0;0
Centro;Marche;PS;B636;6,47;7
Nord Ovest;Piemonte;TO;B637;6;11
Nord Ovest;Lombardia;CO;B639;131,46;453,73
Sud;Abruzzo;TE;B640;1;2,5
Nord Ovest;Lombardia;CO;B641;25,67;51,17
Nord Est;Veneto;VE;B642;28,23;380,4
Nord Est;Emilia-Romagna;PC;B643;7;42,56
Sud;Campania;SA;B644;19,72;61,43
Isole;Sicilia;PA;B645;13;30,03
Centro;Toscana;GR;B646;9,08;61,8
Centro;Toscana;PI;B647;7,92;48,67
Centro;Toscana;LU;B648;86,26;140,37
Centro;Lazio;RM;B649;13;47,85
Nord Ovest;Lombardia;CR;B650;2;21
Sud;Abruzzo;AQ;B651;6;2
Nord Ovest;Lombardia;CO;B653;27,2;63,87
Sud;Calabria;VV;B655;2;0
Sud;Abruzzo;AQ;B656;1;7,66
Sud;Abruzzo;AQ;B658;2,67;1
Isole;Sicilia;ME;B660;1;1,75
Nord Ovest;Lombardia;BG;B661;4;13,03
Nord Est;Veneto;BL;B662;12;45,26
Centro;Lazio;VT;B663;5;9
Nord Ovest;Lombardia;BS;B664;6,66;5
Isole;Sicilia;ME;B666;29,08;49,17
Sud;Campania;CE;B667;9,25;55,5
Centro;Toscana;LI;B669;16,2;16,08
Centro;Toscana;AR;B670;7;32,9
Nord Ovest;Lombardia;MI;B671;26,78;57
Sud;Abruzzo;AQ;B672;0;0
Sud;Campania;AV;B674;6,96;5,3
Isole;Sardegna;CA;B675;5;46
Nord Ovest;Lombardia;BS;B676;0;2,5
Sud;Abruzzo;AQ;B677;7,67;38
Nord Est;Veneto;TV;B678;4,5;20,57
Nord Ovest;Lombardia;CR;B679;0;7
Nord Ovest;Lombardia;CR;B680;1;7,8
Sud;Abruzzo;PE;B681;0;15,25
Sud;Molise;IS;B682;3,38;4,5
Centro;Toscana;FI;B684;12;72
Centro;Toscana;LI;B685;2;0,5
Nord Ovest;Lombardia;CR;B686;2;13
Centro;Lazio;RM;B687;3;2
Centro;Lazio;VT;B688;17,67;35,18
Nord Est;Emilia-Romagna;BO;B689;25,5;70,8
Sud;Puglia;LE;B690;0;1
Centro;Lazio;VT;B691;11,5;25,5
Nord Ovest;Piemonte;CN;B692;0;1
Centro;Toscana;AR;B693;6,75;6,25
Nord Ovest;Piemonte;VB;B694;3;2
Isole;Sicilia;ME;B695;6,5;2
Sud;Campania;NA;B696;14;1,5
Nord Ovest;Lombardia;BS;B698;3,83;42,5
Nord Ovest;Piemonte;AL;B701;5;19
Nord Ovest;Lombardia;BG;B703;29,87;108,92
Sud;Campania;CE;B704;2;1
Nord Ovest;Piemonte;TO;B705;8;20,5
Sud;Campania;AV;B706;5,5;7
Nord Ovest;Piemonte;AT;B707;1;1
Nord Ovest;Piemonte;BI;B708;0;2
Nord Est;Veneto;VR;B709;14,83;47,83
Nord Ovest;Lombardia;BG;B710;9,5;26,5
Nord Ovest;Lombardia;BS;B711;13;87
Sud;Campania;CE;B715;29;47,61
Sud;Puglia;BA;B716;29,5;180,41
Sud;Calabria;CZ;B717;2;0
Sud;Calabria;RC;B718;1;0
Nord Ovest;Piemonte;CN;B719;18,1;42,35
Nord Ovest;Piemonte;CN;B720;5,34;21,38
Sud;Abruzzo;PE;B722;11;8,67
Sud;Puglia;FG;B724;5;27,08
Sud;Abruzzo;AQ;B725;1;0
Nord Ovest;Liguria;GE;B726;16,83;10,99
Centro;Marche;AP;B727;1;6
Nord Ovest;Lombardia;MI;B729;81,25;175,34
Nord Ovest;Lombardia;CO;B730;18,25;20,5
Nord Ovest;Lombardia;BG;B731;18,49;175,44
Nord Ovest;Lombardia;VA;B732;2;28,88
Nord Ovest;Piemonte;TO;B733;1;10
Nord Ovest;Liguria;IM;B734;0;0
Centro;Lazio;VT;B735;8,5;9
Nord Ovest;Piemonte;AL;B736;0;4
Isole;Sardegna;CA;B738;13;78,17
Sud;Campania;NA;B740;0,76;1,13
Nord Ovest;Lombardia;PV;B741;1;11,38
Nord Ovest;Lombardia;CO;B742;10,67;27,95
Sud;Basilicata;PZ;B743;1;0
Nord Est;Veneto;TV;B744;43,9;163,5
Isole;Sardegna;CA;B745;6,3;19,5
Nord Ovest;Liguria;SV;B748;16,08;28
Nord Ovest;Piemonte;VC;B752;1;0
Nord Ovest;Lombardia;VA;B754;28,5;199,08
Nord Ovest;Piemonte;CN;B755;0,5;11,5
Sud;Calabria;RC;B756;0;0
Sud;Calabria;CZ;B758;3;4
Sud;Campania;NA;B759;30,4;49,09
Centro;Toscana;LU;B760;1,6;4
Nord Ovest;Piemonte;TO;B762;2;0
Nord Ovest;Lombardia;LC;B763;3;5
Nord Ovest;Piemonte;AL;B765;1;0
Sud;Calabria;RC;B766;0;0
Nord Ovest;Piemonte;VC;B767;2;9,5
Nord Ovest;Piemonte;VC;B768;2;8
Nord Ovest;Piemonte;AL;B769;0;2
Sud;Calabria;KR;B771;4;0
Isole;Sardegna;SS;B772;0;3
Sud;Calabria;CS;B774;21,42;12
Sud;Campania;AV;B776;4;2
Nord Ovest;Piemonte;TO;B777;30;85,17
Nord Ovest;Lombardia;CO;B778;9;43,83
Sud;Campania;CE;B779;8,45;17
Isole;Sicilia;PA;B780;33,92;23
Sud;Campania;CE;B781;7;8
Nord Ovest;Piemonte;VC;B782;3,5;10,5
Sud;Puglia;FG;B784;0;2
Nord Ovest;Lombardia;CO;B785;12;15
Isole;Sicilia;SR;B787;19,69;104,5
Nord Est;Friuli- Venezia Giulia;UD;B788;2;9
Isole;Sardegna;CA;B789;6,09;2
Sud;Calabria;CZ;B790;1;0
Nord Ovest;Piemonte;TO;B791;61;276,38
Sud;Puglia;LE;B792;2;20,67
Centro;Toscana;PO;B794;10,67;59,1
Nord Est;Veneto;PD;B795;5,67;74,31
Nord Ovest;Lombardia;VA;B796;15,17;77,23
Nord Ovest;Lombardia;MI;B798;36;87,54
Nord Ovest;Lombardia;BG;B801;16,62;44,09
Sud;Calabria;CS;B802;2;3
Nord Ovest;Lombardia;BG;B803;4;11,5
Isole;Sicilia;ME;B804;19,8;3
Nord Ovest;Lombardia;VA;B805;103,05;338,55
Nord Ovest;Lombardia;VA;B807;9;48,5
Sud;Puglia;TA;B808;1;13,67
Sud;Puglia;BR;B809;50,23;62,8
Sud;Molise;IS;B810;3,78;0
Nord Est;Emilia-Romagna;PC;B812;15;66,7
Sud;Calabria;CS;B813;0,33;1
Centro;Marche;PS;B816;2,5;11,06
Nord Ovest;Lombardia;BS;B817;7,5;131,33
Nord Ovest;Piemonte;AL;B818;1;13
Nord Est;Emilia-Romagna;MO;B819;166,18;1169,35
Nord Ovest;Lombardia;MI;B820;7,83;72,5
Sud;Puglia;LE;B822;0,5;4
Nord Ovest;Piemonte;NO;B823;6,76;16,99
Nord Ovest;Lombardia;PV;B824;4;76
Nord Est;Emilia-Romagna;RE;B825;14,89;47,91
Sud;Abruzzo;CH;B826;2;3
Sud;Abruzzo;PE;B827;0;3
Centro;Lazio;RM;B828;8,39;4,39
Sud;Puglia;FG;B829;2,67;6
Sud;Molise;IS;B830;2;0
Centro;Toscana;MS;B832;123,94;154,84
Nord Est;Veneto;VI;B835;1;20,65
Nord Ovest;Piemonte;AL;B836;0;0
Nord Ovest;Liguria;SP;B838;6;3
Nord Ovest;Liguria;SP;B839;8,5;2
Nord Ovest;Piemonte;AL;B840;0;2
Nord Ovest;Piemonte;CN;B841;19;39,5
Sud;Abruzzo;AQ;B842;11;20,5
Nord Est;Veneto;VI;B844;3,25;16
Nord Ovest;Piemonte;CN;B845;0;0
Centro;Marche;PS;B846;10;58,25
Nord Ovest;Piemonte;AL;B847;3,5;5,5
Nord Est;Veneto;PD;B848;6;37,67
Nord Ovest;Lombardia;MI;B850;50,4;207,39
Nord Ovest;Lombardia;CO;B851;25,6;66,74
Sud;Abruzzo;CH;B853;1;1
Nord Ovest;Lombardia;BG;B854;5,82;59,17
Sud;Calabria;KR;B857;2;2
Sud;Molise;CB;B858;2;6
Sud;Abruzzo;CH;B859;1;3
Sud;Campania;CE;B860;11,16;60,24
Sud;Abruzzo;CH;B861;3;1
Centro;Lazio;FR;B862;5,34;2,67
Nord Ovest;Piemonte;NO;B864;2;21,26
Sud;Abruzzo;CH;B865;4,5;22
Sud;Campania;AV;B866;2;2
Nord Ovest;Piemonte;TO;B867;10;17,5
Sud;Campania;SA;B868;3;2
Nord Ovest;Lombardia;CR;B869;5,25;37,3
Nord Ovest;Piemonte;AL;B870;3;6
Sud;Molise;CB;B871;3;0
Sud;Campania;CE;B872;1;4
Sud;Campania;BN;B873;2;0
Nord Ovest;Lombardia;VA;B875;3;16
Nord Ovest;Piemonte;VB;B876;4,72;13,22
Nord Est;Veneto;PD;B877;4,84;25,66
Centro;Toscana;PI;B878;5;5
Nord Est;Veneto;TV;B879;17,17;227,85
Nord Est;Emilia-Romagna;BO;B880;211,99;449
Nord Ovest;Lombardia;CR;B881;2;16,5
Nord Ovest;Piemonte;AL;B882;1;1,33
Nord Ovest;Piemonte;NO;B883;0;7
Nord Ovest;Piemonte;AL;B885;192,2;315,06
Nord Est;Veneto;VR;B886;9,5;50,75
Nord Ovest;Lombardia;LO;B887;18;56
Sud;Campania;SA;B888;6,25;1,25
Nord Ovest;Lombardia;CR;B889;3;10,5
Nord Ovest;Lombardia;CR;B890;0;3
Nord Ovest;Lombardia;CR;B891;0;27
Nord Est;Emilia-Romagna;BO;B892;12;23,83
Nord Est;Emilia-Romagna;RE;B893;39;287,91
Nord Ovest;Piemonte;CN;B894;2;6
Sud;Campania;SA;B895;13,3;19,88
Sud;Abruzzo;CH;B896;5,83;17
Nord Ovest;Piemonte;NO;B897;1;23
Nord Ovest;Lombardia;CR;B898;39,51;174,57
Nord Ovest;Lombardia;LO;B899;6,08;44,08
Nord Ovest;Lombardia;CR;B900;6;21,33
Nord Ovest;Lombardia;MN;B901;3,67;19,8
Nord Ovest;Piemonte;AL;B902;1;5,5
Sud;Calabria;CS;B903;8,53;5
Sud;Puglia;FG;B904;1;5
Sud;Campania;NA;B905;57,48;165,75
Sud;Basilicata;PZ;B906;0;0
Nord Ovest;Lombardia;MN;B907;1;24,25
Nord Ovest;Lombardia;LO;B910;20;176,74
Nord Ovest;Lombardia;MN;B911;0;3,5
Nord Est;Veneto;PD;B912;3;34,37
Nord Ovest;Lombardia;CR;B914;0,5;13,66
Sud;Puglia;FG;B915;14,87;39,65
Sud;Campania;CE;B916;8;15,44
Sud;Puglia;FG;B917;0;2
Isole;Sicilia;ME;B918;3;1
Centro;Lazio;FR;B919;2;3,5
Nord Ovest;Piemonte;NO;B920;1;3
Nord Ovest;Lombardia;VA;B921;4;10
Sud;Campania;NA;B922;4,5;15,17
Sud;Puglia;BA;B923;47,23;143,78
Sud;Campania;NA;B924;0;2
Sud;Campania;NA;B925;5,58;12,83
Nord Ovest;Liguria;SV;B927;3;4
Nord Ovest;Piemonte;VC;B928;0;0
Nord Ovest;Lombardia;PV;B929;0;7
Centro;Lazio;RM;B932;3;1
Nord Ovest;Piemonte;BI;B933;6;7,5
Centro;Lazio;RI;B934;6,4;1
Sud;Campania;CE;B935;20;64,03
Sud;Puglia;LE;B936;11,67;50,88
Nord Ovest;Lombardia;LC;B937;5,76;10
Nord Ovest;Lombardia;MI;B938;8,5;44,5
Nord Ovest;Liguria;GE;B939;18,5;38,42
Nord Est;Friuli- Venezia Giulia;PN;B940;12,9;53,05
Nord Ovest;Piemonte;AL;B941;0;0
Nord Ovest;Lombardia;LC;B943;24,72;110,12
Nord Ovest;Lombardia;PV;B945;2;7
Sud;Campania;NA;B946;9,53;55
Nord Ovest;Lombardia;BG;B947;13,5;38,8
Centro;Umbria;PG;B948;9,57;16,54
Nord Ovest;Lombardia;VA;B949;8,67;23,5
Centro;Toscana;PI;B950;85,19;243,89
Nord Ovest;Piemonte;VC;B952;0;8
Nord Ovest;Piemonte;TO;B953;2;5
Nord Ovest;Lombardia;PV;B954;5;19
Nord Ovest;Piemonte;TO;B955;9;26
Nord Ovest;Liguria;GE;B956;11;6,5
Nord Ovest;Lombardia;LO;B958;8,55;52,75
Sud;Campania;SA;B959;6;1
Nord Ovest;Piemonte;TO;B960;87;125
Nord Ovest;Lombardia;LO;B961;4,5;6
Centro;Toscana;FI;B962;120,59;383,65
Sud;Campania;CE;B963;182,49;651,22
Nord Est;Veneto;TV;B965;6,78;140,49
Sud;Calabria;RC;B966;0;0
Nord Est;Emilia-Romagna;RE;B967;18,5;39,4
Sud;Calabria;KR;B968;2;1
Nord Est;Emilia-Romagna;BO;B969;13,5;21,08
Nord Ovest;Lombardia;BG;B971;15;52
Nord Ovest;Lombardia;CO;B974;4,88;9,05
Nord Ovest;Lombardia;CO;B977;16;66,92
Nord Ovest;Lombardia;BG;B978;9;23,94
Centro;Toscana;MS;B979;7,75;0
Sud;Campania;NA;B980;6,28;2,72
Nord Est;Emilia-Romagna;RA;B982;5;8,5
Centro;Toscana;SI;B984;11,74;14,66
Sud;Abruzzo;CH;B985;10;12
Nord Ovest;Lombardia;VA;B987;10,54;50,17
Nord Ovest;Lombardia;PV;B988;16,12;159,59
Nord Ovest;Lombardia;MI;B989;9;51,83
Sud;Campania;NA;B990;40,59;196,58
Nord Ovest;Piemonte;AT;B991;1;3,5
Nord Ovest;Lombardia;SO;B993;31,39;39,74
Nord Est;Friuli- Venezia Giulia;UD;B994;5;8,5
Nord Ovest;Lombardia;LC;B996;12;28,21
Sud;Campania;AV;B997;2;1
Sud;Puglia;BA;B998;17,96;61,5
Nord Ovest;Lombardia;VA;B999;0;3
Sud;Calabria;CS;C002;28;28,5
Nord Ovest;Lombardia;MI;C003;127,04;295,09
Nord Ovest;Lombardia;VA;C004;47,21;254,29
Isole;Sicilia;SR;C006;1;0,5
Nord Ovest;Lombardia;BG;C007;1;0
Nord Ovest;Lombardia;MI;C013;35,89;122,84
Nord Ovest;Lombardia;MI;C014;49,77;168,25
Nord Ovest;Lombardia;CO;C020;8,43;70
Nord Ovest;Piemonte;AT;C022;4;0
Nord Ovest;Lombardia;LC;C024;2;23,25
Nord Ovest;Piemonte;AL;C027;5;42
Nord Ovest;Piemonte;AL;C030;4;10,5
Nord Ovest;Lombardia;MI;C033;3;9
Centro;Lazio;FR;C034;25,34;181,17
Nord Est;Veneto;VI;C037;16,5;144,3
Nord Ovest;Lombardia;PV;C038;12;69,75
Sud;Abruzzo;TE;C040;0;0
Nord Est;Veneto;VR;C041;5;26
Centro;Toscana;LI;C044;37,18;74,95
Nord Ovest;Piemonte;TO;C045;4;12
Nord Ovest;Piemonte;CN;C046;11;18
Nord Ovest;Piemonte;AT;C047;0;4
Nord Ovest;Piemonte;TO;C048;3,5;20,5
Nord Ovest;Piemonte;AT;C049;10,5;19,67
Nord Ovest;Lombardia;PV;C050;1,44;1
Isole;Sicilia;ME;C051;1;1
Nord Ovest;Lombardia;MI;C052;23,33;102,49
Nord Ovest;Lombardia;PV;C053;20,92;62,3
Nord Ovest;Lombardia;BS;C055;2,5;46,77
Nord Est;Veneto;VI;C056;0,94;26,67
Nord Est;Veneto;PD;C057;1;4
Sud;Campania;AV;C058;1,4;2,33
Nord Ovest;Lombardia;MN;C059;1;32,37
Centro;Marche;AN;C060;3;34,74
Nord Ovest;Liguria;SV;C063;3;0
Nord Ovest;Piemonte;AT;C064;0;2
Nord Est;Emilia-Romagna;RA;C065;7;87,7
Sud;Molise;CB;C066;5;4
Isole;Sicilia;PA;C067;12,8;3,75
Sud;Campania;SA;C069;3;1
Centro;Marche;AP;C070;1;10,3
Nord Ovest;Lombardia;BS;C072;6,51;42,51
Nord Est;Veneto;TV;C073;0;23
Isole;Sicilia;PA;C074;18,17;19
Nord Est;Emilia-Romagna;BO;C075;10,01;22,39
Nord Ovest;Lombardia;MN;C076;4;32,5
Nord Est;Veneto;VR;C078;20,44;132,33
Nord Ovest;Lombardia;BG;C079;9;76,04
Nord Est;Emilia-Romagna;RN;C080;0;1
Nord Ovest;Piemonte;CN;C081;6;2
Sud;Molise;IS;C082;1;0
Sud;Abruzzo;AQ;C083;2;1,67
Centro;Toscana;GR;C085;20,17;33
Nord Est;Emilia-Romagna;BO;C086;4;6,5
Nord Ovest;Lombardia;CR;C089;2;3
Sud;Abruzzo;AQ;C090;2;0
Isole;Sicilia;CT;C091;1;6
Centro;Marche;AP;C093;8;44,84
Isole;Sicilia;ME;C094;0;1
Sud;Abruzzo;AQ;C096;37,72;70,92
Sud;Campania;CE;C097;0;0
Centro;Lazio;RI;C098;4;0
Centro;Marche;AN;C100;16,83;99,34
Centro;Toscana;FI;C101;51,99;104,67
Centro;Toscana;AR;C102;2;5,02
Centro;Lazio;LT;C104;9;8
Sud;Campania;AV;C105;0;1
Sud;Campania;BN;C106;1;0
Nord Est;Emilia-Romagna;MO;C107;88,94;522,09
Sud;Calabria;CS;C108;5,5;11
Nord Ovest;Liguria;IM;C110;7;0
Nord Est;Veneto;TV;C111;66,81;566,79
Centro;Toscana;PI;C113;20,61;80,63
Sud;Abruzzo;CH;C114;9,5;22,74
Nord Ovest;Lombardia;CR;C115;1;3
Centro;Lazio;RM;C116;14,66;43,5
Centro;Umbria;TR;C117;10,17;9,5
Nord Ovest;Lombardia;MN;C118;7;101,09
Nord Est;Veneto;VI;C119;4,25;49,84
Sud;Basilicata;PZ;C120;4;0,5
Nord Est;Emilia-Romagna;BO;C121;10,67;49,55
Nord Est;Veneto;RO;C122;5;11
Sud;Abruzzo;CH;C123;5;2
Sud;Campania;SA;C125;8;32
Sud;Abruzzo;AQ;C126;1;2
Nord Ovest;Piemonte;AT;C127;9;25
Sud;Abruzzo;TE;C128;7;26
Sud;Campania;NA;C129;53,11;144,66
Isole;Sicilia;TP;C130;11,5;25,83
Nord Ovest;Piemonte;TO;C133;32,11;94
Sud;Puglia;BA;C134;45,6;93,56
Isole;Sicilia;PA;C135;4,62;8
Sud;Puglia;TA;C136;32,5;133
Nord Ovest;Piemonte;AL;C137;0;1
Nord Ovest;Lombardia;VA;C139;61,07;195,25
Nord Est;Emilia-Romagna;RE;C141;31,16;171,3
Nord Ovest;Piemonte;AL;C142;0;3
Nord Ovest;Liguria;IM;C143;2;4
Nord Est;Emilia-Romagna;PC;C145;7,66;42,5
Centro;Toscana;GR;C147;11,3;4,81
Nord Ovest;Piemonte;AL;C148;3;24,5
Nord Ovest;Piemonte;NO;C149;0;0
Centro;Marche;AN;C152;0,34;3
Nord Ovest;Lombardia;CR;C153;7,5;88
Nord Ovest;Piemonte;AT;C154;0;0
Nord Ovest;Piemonte;BI;C155;4;9
Nord Ovest;Piemonte;AL;C156;1;3
Nord Ovest;Lombardia;PV;C157;0;14
Nord Ovest;Piemonte;AL;C158;9;30,5
Nord Ovest;Piemonte;AL;C160;2;2
Nord Ovest;Piemonte;AT;C161;2;0
Nord Ovest;Piemonte;AL;C162;0;8,25
Nord Ovest;Piemonte;CN;C165;4,5;6
Nord Ovest;Piemonte;NO;C166;15,63;130,84
Nord Ovest;Piemonte;CN;C167;1,34;5
Sud;Abruzzo;TE;C169;1,21;0,84
Centro;Toscana;SI;C172;6;16,03
Nord Ovest;Piemonte;CN;C173;0;3,6
Centro;Toscana;PI;C174;5,14;12,75
Sud;Molise;CB;C175;5;0
Nord Ovest;Piemonte;CN;C176;3;2
Centro;Lazio;FR;C177;0,33;2
Sud;Campania;CE;C178;1;0
Nord Ovest;Lombardia;VA;C181;7;8,5
Nord Ovest;Lombardia;PV;C184;0;8
Nord Est;Emilia-Romagna;BO;C185;6,16;87,05
Nord Ovest;Lombardia;SO;C186;3,77;3,5
Nord Ovest;Lombardia;LC;C187;2,5;52
Sud;Campania;NA;C188;7;28,33
Nord Est;Veneto;TV;C190;7;32,08
Nord Ovest;Lombardia;MN;C195;2;20,5
Sud;Molise;CB;C197;2,83;1
Sud;Puglia;FG;C198;4;3
Sud;Basilicata;PZ;C199;5;0
Sud;Molise;IS;C200;1;0
Sud;Basilicata;PZ;C201;3,5;3
Sud;Puglia;FG;C202;2;3
Centro;Lazio;RM;C203;27,25;13,72
Nord Est;Emilia-Romagna;BO;C204;49;219,5
Nord Ovest;Piemonte;CN;C205;0;0
Nord Ovest;Lombardia;CO;C206;3,5;8
Nord Est;Veneto;RO;C207;4;33,5
Nord Ovest;Lombardia;BS;C208;5;129,5
Sud;Basilicata;PZ;C209;5;1
Isole;Sicilia;ME;C210;5;2
Sud;Campania;CE;C211;2;2
Nord Ovest;Lombardia;PV;C213;0;6,5
Nord Ovest;Piemonte;CN;C214;1;0
Nord Est;Veneto;RO;C215;2;20,3
Nord Est;Friuli- Venezia Giulia;PN;C217;2;5,5
Nord Est;Emilia-Romagna;RE;C218;15,25;84,69
Nord Est;Emilia-Romagna;RE;C219;48,45;80,49
Nord Ovest;Lombardia;CO;C220;0;8,5
Sud;Puglia;FG;C222;1;2
Centro;Lazio;FR;C223;1;0
Centro;Lazio;RI;C224;6;2,5
Nord Est;Veneto;VR;C225;42,5;217,48
Nord Ovest;Piemonte;AT;C226;0;2
Centro;Toscana;SI;C227;18,83;74,17
Nord Ovest;Lombardia;LO;C228;2,25;9,42
Nord Ovest;Piemonte;AL;C229;3;1
Nord Ovest;Piemonte;AT;C230;1;1
Sud;Campania;SA;C231;3;20
Nord Ovest;Piemonte;AT;C232;5;27,78
Sud;Campania;SA;C235;3;2
Centro;Toscana;LU;C236;7,92;22,64
Centro;Lazio;RM;C237;12,75;50,75
Nord Ovest;Liguria;SP;C240;25,17;52
Nord Ovest;Piemonte;TO;C241;1;4
Nord Est;Emilia-Romagna;MO;C242;29,19;200,23
Nord Ovest;Piemonte;AL;C243;11,67;31,74
Centro;Toscana;PI;C244;10,75;5
Sud;Campania;BN;C245;1,67;0
Sud;Molise;IS;C246;6,25;2
Sud;Molise;IS;C247;0;0
Centro;Marche;AN;C248;10,08;31,19
Sud;Campania;BN;C250;3;0
Centro;Marche;MC;C251;9;25,28
Centro;Umbria;PG;C252;5;10,5
Nord Ovest;Piemonte;AT;C253;0;1
Nord Ovest;Lombardia;BG;C255;3;25
Sud;Campania;SA;C259;13,83;32
Nord Est;Emilia-Romagna;PC;C261;31,85;155,5
Sud;Campania;SA;C262;11;2
Centro;Toscana;AR;C263;2,33;6,67
Nord Est;Emilia-Romagna;BO;C265;65,43;193,35
Centro;Lazio;RM;C266;1;1
Centro;Marche;MC;C267;2;2
Centro;Lazio;RI;C268;7,5;5
Centro;Lazio;VT;C269;6;4
Sud;Molise;IS;C270;4;0
Sud;Basilicata;PZ;C271;8,1;3
Isole;Sardegna;SS;C272;13;77,6
Nord Ovest;Lombardia;VA;C273;4;16
Nord Ovest;Piemonte;AL;C274;2;4
Isole;Sicilia;AG;C275;28,8;8,67
Nord Ovest;Liguria;SV;C276;7;1
Sud;Abruzzo;AQ;C278;0;3
Sud;Abruzzo;AQ;C279;0;0
Sud;Campania;BN;C280;2;1
Nord Ovest;Valle d'Aosta;AO;C282;2;13
Sud;Campania;AV;C283;12,33;0
Sud;Campania;BN;C284;1,83;0
Sud;Calabria;RC;C285;4;5
Isole;Sicilia;TP;C286;40,35;64,55
Nord Est;Emilia-Romagna;MO;C287;23;82
Nord Est;Emilia-Romagna;PC;C288;5,14;72,29
Centro;Umbria;TR;C289;12,34;9,34
Nord Ovest;Lombardia;CR;C290;0;1
Sud;Campania;CE;C291;24;85,6
Nord Est;Emilia-Romagna;BO;C292;63,5;313,53
Nord Ovest;Lombardia;BS;C293;9,5;106,45
Nord Ovest;Valle d'Aosta;AO;C294;27,75;26,17
Nord Est;Emilia-Romagna;BO;C296;11,5;23,98
Isole;Sicilia;CT;C297;26,92;3,75
Sud;Abruzzo;CH;C298;2;3
Nord Ovest;Lombardia;VA;C300;30,08;86,63
Sud;Calabria;CS;C301;1;3
Nord Ovest;Liguria;GE;C302;9,33;1,33
Centro;Toscana;LU;C303;1,17;6
Nord Ovest;Lombardia;LO;C304;5,75;37,5
Sud;Campania;SA;C306;0;2
Nord Ovest;Piemonte;TO;C307;15,5;76,89
Sud;Abruzzo;PE;C308;1;0
Centro;Umbria;PG;C309;51;141,23
Centro;Toscana;GR;C310;33,01;117,93
Sud;Abruzzo;TE;C311;2;3
Nord Ovest;Lombardia;MN;C312;24,5;229,83
Centro;Toscana;SI;C313;12;11
Nord Ovest;Piemonte;CN;C314;3;2
Centro;Lazio;VT;C315;4;6
Sud;Abruzzo;TE;C316;3,5;6
Nord Ovest;Piemonte;CN;C317;1;7
Centro;Toscana;AR;C318;6;18,67
Centro;Toscana;AR;C319;19,73;62,9
Centro;Marche;AP;C321;3;8
Sud;Abruzzo;TE;C322;1;2
Nord Ovest;Piemonte;CN;C323;0;3
Nord Ovest;Lombardia;BG;C324;20,5;116,38
Nord Ovest;Lombardia;SO;C325;4,5;6,5
Nord Est;Friuli- Venezia Giulia;UD;C327;9;25
Nord Ovest;Lombardia;LO;C329;2;86,51
Nord Ovest;Lombardia;BS;C330;5;3
Centro;Marche;AP;C331;0;9
Nord Ovest;Lombardia;BS;C332;11,01;61,51
Sud;Puglia;LE;C334;1;1
Sud;Puglia;LE;C335;1;4,78
Sud;Puglia;LE;C336;8,76;14,67
Nord Ovest;Lombardia;BG;C337;5,5;3,5
Centro;Lazio;FR;C338;0;1
Nord Est;Emilia-Romagna;FO;C339;12;36,83
Centro;Lazio;FR;C340;2;6
Isole;Sicilia;AG;C341;5;4
Isole;Sicilia;EN;C342;44,27;78,47
Nord Ovest;Lombardia;VA;C343;7;30
Isole;Sicilia;PA;C344;7;6
Sud;Basilicata;PZ;C345;1;1
Sud;Molise;CB;C346;6;2
Isole;Sicilia;ME;C347;2;1
Sud;Calabria;CS;C348;0;0
Sud;Calabria;CS;C349;32,55;23,7
Isole;Sicilia;CT;C351;176,98;1203,02
Sud;Calabria;CZ;C352;141,32;73,02
Isole;Sicilia;EN;C353;1;5,25
Sud;Abruzzo;PE;C354;0;1
Isole;Sicilia;AG;C356;17;0
Nord Est;Emilia-Romagna;RN;C357;70,17;213,89
Sud;Campania;BN;C359;4;1
Nord Ovest;Lombardia;PV;C360;12,83;76,78
Sud;Campania;SA;C361;85,58;116,33
Nord Ovest;Piemonte;BI;C363;8;33
Nord Ovest;Piemonte;NO;C364;3;2
Nord Ovest;Piemonte;NO;C365;0,33;5
Nord Ovest;Piemonte;TO;C369;4;17
Nord Est;Veneto;VR;C370;12,06;83,56
Nord Ovest;Piemonte;CN;C375;5;14
Nord Ovest;Piemonte;CN;C376;17;30,19
Sud;Puglia;LE;C377;7,5;70
Nord Ovest;Piemonte;NO;C378;0,88;9
Nord Ovest;Lombardia;CO;C381;0;1
Nord Ovest;Lombardia;VA;C382;18;81,75
Nord Est;Veneto;VE;C383;12,75;114,36
Nord Est;Veneto;TV;C384;4;31,92
Nord Est;Friuli- Venezia Giulia;PN;C385;3;5
Nord Ovest;Piemonte;AL;C387;6;2,33
Nord Est;Veneto;VE;C388;128,84;1353,25
Nord Est;Friuli- Venezia Giulia;UD;C389;0;2
Centro;Lazio;RM;C390;20;55,17
Nord Ovest;Lombardia;LO;C394;6;26,52
Nord Ovest;Lombardia;MI;C395;52,2;113,95
Nord Ovest;Lombardia;BG;C396;16,33;54,5
Nord Est;Emilia-Romagna;MO;C398;10,5;68,5
Nord Ovest;Piemonte;TO;C404;9,39;43,5
Nord Est;Emilia-Romagna;RE;C405;20;108,95
Nord Ovest;Lombardia;MN;C406;1,79;9,05
Centro;Toscana;AR;C407;30;89,06
Nord Ovest;Lombardia;BS;C408;10,43;59,16
Nord Ovest;Lombardia;VA;C409;1;9
Nord Ovest;Lombardia;BG;C410;2;9,8
Nord Est;Veneto;VR;C412;4;13,5
Centro;Lazio;FR;C413;19,75;9,06
Nord Ovest;Lombardia;PV;C414;1;0
Centro;Toscana;LI;C415;84,44;251,28
Nord Ovest;Lombardia;BS;C417;1,91;4
Nord Ovest;Lombardia;SO;C418;8,5;1
Isole;Sicilia;PA;C420;0;0
Isole;Sicilia;PA;C421;35,03;31,51
Nord Est;Veneto;VE;C422;13;87,67
Sud;Puglia;BR;C424;48,29;66,65
Sud;Abruzzo;AQ;C426;16;18
Sud;Abruzzo;CH;C428;4;5
Sud;Puglia;FG;C429;4;4
Sud;Calabria;CS;C430;3;2,5
Nord Ovest;Piemonte;AL;C432;3;4
Nord Ovest;Lombardia;CR;C435;2;23
Sud;Puglia;BA;C436;8;26,17
Sud;Calabria;CS;C437;1;1
Nord Ovest;Piemonte;AT;C438;0;2
Nord Ovest;Lombardia;BS;C439;4,17;38,34
Nord Ovest;Piemonte;AT;C440;0;2
Nord Ovest;Piemonte;CN;C441;1;0
Sud;Puglia;FG;C442;2;0
Nord Ovest;Liguria;SV;C443;29,8;88,35
Sud;Campania;SA;C444;1;0
Centro;Lazio;VT;C446;2;1,5
Centro;Lazio;VT;C447;8,67;5
Sud;Puglia;BR;C448;3;13,14
Sud;Abruzzo;TE;C449;8;6
Sud;Calabria;CZ;C453;1;1
Nord Ovest;Lombardia;BG;C456;3,5;21,33
Nord Ovest;Lombardia;BG;C457;5,16;42,4
Nord Est;Veneto;BL;C458;10,5;5
Nord Ovest;Lombardia;BG;C459;9,67;31,22
Nord Est;Veneto;RO;C461;2,5;14
Nord Ovest;Liguria;SV;C463;27;36
Nord Ovest;Piemonte;CN;C466;18;71,92
Nord Est;Emilia-Romagna;FE;C469;60,61;443,76
Sud;Campania;SA;C470;11;7
Isole;Sicilia;EN;C471;18;10,17
Sud;Calabria;CZ;C472;1;0
Sud;Abruzzo;PE;C474;5,67;48,17
Sud;Campania;BN;C476;3;1
Nord Ovest;Piemonte;VB;C478;3;8
Centro;Lazio;FR;C479;6;12
Isole;Sicilia;EN;C480;5;4
Nord Ovest;Liguria;GE;C481;19;7
Nord Ovest;Lombardia;CO;C482;2;7
Nord Ovest;Piemonte;NO;C483;25;76
Nord Ovest;Lombardia;PV;C484;4,61;47,22
Sud;Campania;SA;C485;4;0
Sud;Molise;CB;C486;5,5;1
Nord Ovest;Piemonte;TO;C487;1,5;14,5
Sud;Molise;CB;C488;3;3
Sud;Calabria;CS;C489;2,33;2
Sud;Abruzzo;AQ;C492;3;3
Nord Ovest;Lombardia;SO;C493;4,5;2
Nord Est;Friuli- Venezia Giulia;UD;C494;0;1
Sud;Campania;NA;C495;13,92;29
Isole;Sicilia;PA;C496;2;1
Nord Ovest;Piemonte;TO;C497;4;7,67
Nord Est;Veneto;VR;C498;37,77;204,98
Nord Est;Veneto;RO;C500;9;16,66
Sud;Calabria;KR;C501;1;0
Nord Ovest;Lombardia;MN;C502;0;13,5
Nord Ovest;Piemonte;AL;C503;0;5
Nord Ovest;Piemonte;CN;C504;1;12
Nord Ovest;Piemonte;TO;C505;1,5;9
Nord Ovest;Lombardia;BG;C506;4;32,17
Nord Ovest;Piemonte;AL;C507;1;0
Nord Ovest;Lombardia;PV;C508;0;2
Nord Ovest;Lombardia;PV;C509;3;3,25
Nord Ovest;Liguria;SV;C510;91,58;182,37
Nord Ovest;Liguria;IM;C511;29,5;6
Nord Ovest;Lombardia;MI;C512;31,12;79,7
Nord Est;Emilia-Romagna;PC;C513;3;3
Sud;Puglia;FG;C514;62,66;172,72
Sud;Calabria;CS;C515;3;0
Nord Ovest;Lombardia;CO;C516;28,84;115,61
Sud;Abruzzo;TE;C517;2;3
Centro;Lazio;RM;C518;1;3
Nord Ovest;Lombardia;CO;C520;32,15;62
Nord Ovest;Lombardia;LC;C521;8,5;60,5
Nord Ovest;Lombardia;MI;C523;205,88;599,09
Centro;Marche;AN;C524;7,25;23,63
Sud;Campania;BN;C525;2,33;2
Centro;Umbria;PG;C527;2;4,45
Nord Ovest;Piemonte;AT;C528;0;0,83
Centro;Toscana;FI;C529;13,83;57,16
Nord Ovest;Piemonte;CN;C530;0;0
Nord Ovest;Piemonte;AL;C531;0;7
Nord Ovest;Piemonte;BI;C532;5,5;16,5
Nord Ovest;Piemonte;AT;C533;1,5;3
Sud;Molise;IS;C534;1;0
Nord Ovest;Lombardia;MI;C536;6;45,5
Nord Ovest;Lombardia;MI;C537;45,44;170,78
Nord Est;Veneto;VR;C538;5,5;23,66
Sud;Basilicata;PZ;C539;1;0
Centro;Toscana;FI;C540;77,39;121,15
Nord Ovest;Lombardia;PV;C541;11;88
Sud;Calabria;CZ;C542;3;2,72
Centro;Lazio;RM;C543;24,33;35,37
Nord Est;Veneto;PD;C544;6;49,3
Centro;Lazio;FR;C545;3;7
Nord Ovest;Piemonte;CN;C547;27,25;37,5
Nord Ovest;Piemonte;VC;C548;2;0
Nord Ovest;Lombardia;BS;C549;3;9
Nord Ovest;Piemonte;CN;C550;6;18
Nord Ovest;Lombardia;PV;C551;1;6
Centro;Lazio;RM;C552;74,81;232,63
Nord Est;Emilia-Romagna;RA;C553;116,51;586,67
Sud;Calabria;CS;C554;2;0
Nord Ovest;Lombardia;LO;C555;3,5;40,14
Sud;Campania;AV;C557;11;6
Sud;Campania;CE;C558;2,83;1
Nord Ovest;Liguria;IM;C559;11,64;33,2
Sud;Calabria;CS;C560;0;0
Sud;Campania;CE;C561;4,85;61,5
Nord Ovest;Lombardia;LC;C563;0,67;7
Nord Ovest;Piemonte;TO;C564;33,22;71,59
Nord Ovest;Lombardia;MI;C565;82,02;179,22
Nord Ovest;Lombardia;MI;C566;213,4;494,4
Nord Ovest;Piemonte;VB;C567;1;2
Isole;Sicilia;ME;C568;8;8,88
Nord Ovest;Lombardia;MI;C569;63,7;166,19
Nord Est;Emilia-Romagna;FO;C573;189,28;829,61
Nord Est;Emilia-Romagna;FO;C574;67,33;246,86
Sud;Campania;AV;C576;3;6
Nord Est;Veneto;BL;C577;7,5;18,33
Nord Ovest;Liguria;IM;C578;0;0
Nord Est;Veneto;TV;C580;2;37,7
Sud;Calabria;VV;C581;0,17;1,34
Centro;Marche;MC;C582;1;2,25
Nord Ovest;Piemonte;AT;C583;0,84;0,34
Sud;Campania;SA;C584;3;1,33
Nord Ovest;Lombardia;BS;C585;6,5;9,86
Centro;Toscana;SI;C587;15;11
Sud;Calabria;CS;C588;4;10
Nord Ovest;Piemonte;CN;C589;25,09;40,11
Nord Ovest;Lombardia;BS;C591;6,32;10
Nord Ovest;Valle d'Aosta;AO;C593;12;11,67
Nord Ovest;Valle d'Aosta;AO;C594;4,5;5,5
Nord Ovest;Valle d'Aosta;AO;C595;4;2
Nord Ovest;Valle d'Aosta;AO;C596;1;1
Nord Ovest;Valle d'Aosta;AO;C598;8;12,5
Nord Ovest;Piemonte;CN;C599;42,64;106,75
Isole;Sardegna;SS;C600;0;0
Nord Ovest;Piemonte;TO;C604;4,14;2,5
Nord Est;Veneto;VI;C605;4,25;90,1
Sud;Campania;AV;C606;1;2
Centro;Toscana;SI;C608;19,29;67,62
Centro;Toscana;PI;C609;15,5;0
Nord Ovest;Piemonte;TO;C610;4;11
Isole;Sicilia;RG;C612;13;13,5
Isole;Sardegna;SS;C613;1;4,44
Nord Est;Veneto;TV;C614;4,13;21,17
Centro;Marche;AN;C615;40,47;100,58
Sud;Calabria;CZ;C616;3;4
Nord Ovest;Lombardia;BS;C618;38,81;211,98
Sud;Basilicata;PZ;C619;7;4
Sud;Molise;IS;C620;0;0,4
Nord Ovest;Liguria;GE;C621;128,7;272,94
Nord Ovest;Lombardia;SO;C623;59,81;77,91
Nord Ovest;Piemonte;TO;C624;11;9
Nord Ovest;Piemonte;TO;C627;141,24;351,34
Nord Ovest;Lombardia;SO;C628;58,06;62,57
Nord Ovest;Piemonte;TO;C629;1;2
Nord Est;Veneto;BL;C630;6,5;2,5
Centro;Toscana;PT;C631;5;14,5
Sud;Abruzzo;CH;C632;166,16;359,57
Sud;Puglia;FG;C633;2;2
Nord Ovest;Lombardia;CR;C634;0;33,83
Nord Ovest;Lombardia;BG;C635;5,6;34,5
Nord Ovest;Lombardia;PV;C637;8,5;41
Nord Est;Veneto;VE;C638;184;547,98
Nord Ovest;Piemonte;TO;C639;9;20,25
Nord Est;Friuli- Venezia Giulia;PN;C640;8,5;45,83
Centro;Toscana;AR;C648;2;7,17
Nord Ovest;Lombardia;BG;C649;8,11;57,15
Nord Est;Veneto;VI;C650;2;12
Nord Ovest;Lombardia;SO;C651;1;13
Nord Ovest;Piemonte;CN;C653;7,68;25,38
Isole;Sicilia;PA;C654;4,67;4,5
Nord Ovest;Piemonte;TO;C655;4;11
Nord Est;Friuli- Venezia Giulia;UD;C656;5,33;18,26
Nord Ovest;Liguria;IM;C657;4;0
Nord Ovest;Piemonte;AT;C658;0;12
Sud;Campania;AV;C659;4;4
Nord Ovest;Liguria;IM;C660;4,5;2
Centro;Toscana;SI;C661;10,18;5
Centro;Toscana;SI;C662;11,5;51,66
Centro;Toscana;AR;C663;4,83;7
Nord Ovest;Piemonte;TO;C665;82,88;266,88
Isole;Sicilia;AG;C668;7,58;4,33
Nord Est;Emilia-Romagna;RE;C669;10;15
Nord Est;Veneto;TV;C670;2;23,5
Nord Est;Veneto;BL;C672;1;10
Nord Ovest;Liguria;GE;C673;11;8
Sud;Calabria;CZ;C674;2;0
Sud;Campania;NA;C675;42;53,97
Sud;Campania;SA;C676;1,5;3
Centro;Lazio;RM;C677;3;6
Nord Ovest;Lombardia;CR;C678;0;7
Nord Ovest;Piemonte;TO;C679;0;1
Nord Ovest;Piemonte;VC;C680;3;19
Nord Ovest;Piemonte;CN;C681;1;2
Nord Ovest;Lombardia;PV;C684;4;3
Nord Ovest;Lombardia;BS;C685;0;5
Nord Ovest;Lombardia;PV;C686;7,5;68,97
Nord Est;Veneto;TV;C689;3;15,33
Nord Ovest;Lombardia;BS;C691;0;0
Sud;Calabria;RC;C695;0;0
Isole;Sicilia;PA;C696;2,5;1
Sud;Campania;NA;C697;5,83;9
Nord Ovest;Lombardia;BS;C698;1;6
Nord Est;Friuli- Venezia Giulia;PN;C699;1,5;1
Nord Ovest;Piemonte;AT;C701;1;0
Centro;Lazio;RM;C702;0;1
Nord Ovest;Lombardia;CR;C703;1;8,5
Centro;Marche;MC;C704;24,17;46,17
Centro;Toscana;GR;C705;15,17;15
Nord Ovest;Lombardia;MI;C707;230,71;570,15
Isole;Sicilia;PA;C708;12,83;17,5
Nord Ovest;Lombardia;SO;C709;3;1
Sud;Calabria;RC;C710;2;1
Nord Ovest;Piemonte;TO;C711;3;2
Nord Est;Veneto;PD;C713;1,85;6
Nord Est;Veneto;VE;C714;0;18
Nord Ovest;Piemonte;TO;C715;1;0
Sud;Campania;CE;C716;0;0
Nord Ovest;Liguria;IM;C718;15,33;25,5
Sud;Campania;BN;C719;2;3
Nord Ovest;Piemonte;TO;C722;46,45;170,34
Sud;Basilicata;MT;C723;1;1
Nord Ovest;Lombardia;CO;C724;8,71;25,5
Sud;Calabria;KR;C725;9,9;2,2
Sud;Calabria;KR;C726;10,2;4
Nord Ovest;Lombardia;BG;C728;13,83;65,83
Nord Ovest;Liguria;SV;C729;6,5;8
Nord Ovest;Lombardia;BG;C730;14,48;59,51
Nord Ovest;Lombardia;VA;C732;26,5;84,27
Nord Ovest;Lombardia;MI;C733;18;112,38
Nord Est;Veneto;TV;C735;5,75;13,5
Nord Ovest;Piemonte;CN;C738;0;2
Nord Ovest;Piemonte;AT;C739;2;5,25
Centro;Lazio;LT;C740;66,5;111
Sud;Puglia;BR;C741;25,58;51,25
Centro;Umbria;PG;C742;4,5;27,5
Nord Est;Veneto;PD;C743;12;177,9
Centro;Umbria;PG;C744;22,25;57,27
Centro;Umbria;PG;C745;68;209,92
Centro;Lazio;RI;C746;13;28,33
Sud;Calabria;RC;C747;12,17;6,34
Centro;Lazio;RI;C749;1;0
Sud;Abruzzo;PE;C750;25,56;121,42
Nord Ovest;Lombardia;VA;C751;5,5;24,34
Nord Ovest;Lombardia;LC;C752;10;17,71
Nord Ovest;Liguria;IM;C755;6;7
Nord Ovest;Piemonte;VC;C757;0;0
Nord Est;Friuli- Venezia Giulia;UD;C758;24;98,33
Nord Ovest;Lombardia;BG;C759;6;37,3
Nord Ovest;Lombardia;BS;C760;12;10,3
Sud;Calabria;CS;C763;6;1
Sud;Molise;CB;C764;14,5;7
Centro;Lazio;VT;C765;24,47;79,17
Sud;Abruzzo;AQ;C766;2,25;0
Centro;Lazio;RM;C767;15,33;28,01
Sud;Abruzzo;CH;C768;0;0
Sud;Molise;IS;C769;3;0
Centro;Marche;MC;C770;141,92;418,46
Sud;Abruzzo;PE;C771;1;3,22
Sud;Molise;CB;C772;7;2,17
Centro;Lazio;RM;C773;120,2;301,05
Centro;Toscana;AR;C774;13,5;26
Sud;Abruzzo;CH;C776;2;2
Nord Est;Emilia-Romagna;FO;C777;5;17,83
Sud;Abruzzo;AQ;C778;1;0
Sud;Abruzzo;PE;C779;3,5;4
Centro;Lazio;VT;C780;5;5,5
Sud;Abruzzo;TE;C781;2,38;5,39
Centro;Toscana;GR;C782;16;8
Sud;Abruzzo;AQ;C783;4;4
Centro;Lazio;RM;C784;11,5;13,67
Nord Ovest;Lombardia;SO;C785;17,42;16
Nord Ovest;Lombardia;CO;C787;7;2
Nord Ovest;Lombardia;BG;C789;2,66;3,66
Nord Est;Friuli- Venezia Giulia;PN;C790;2;1
Nord Est;Friuli- Venezia Giulia;PN;C791;1;1
Nord Ovest;Piemonte;CN;C792;3;5
Nord Ovest;Piemonte;TO;C793;4;9
Sud;Calabria;CS;C795;0;1
Nord Ovest;Lombardia;VA;C796;2;10,84
Nord Ovest;Lombardia;BG;C800;39,19;132,62
Nord Ovest;Piemonte;TO;C801;4;5
Nord Ovest;Piemonte;TO;C803;16,99;34,91
Nord Ovest;Piemonte;AT;C804;0;0
Nord Ovest;Lombardia;BS;C806;26,96;95,04
Nord Ovest;Piemonte;AT;C807;9;7,75
Nord Ovest;Lombardia;VA;C810;9;21
Sud;Abruzzo;AQ;C811;1;1
Nord Est;Veneto;PD;C812;4,82;54,46
Nord Ovest;Lombardia;PV;C813;3;3
Nord Est;Emilia-Romagna;FE;C814;21,56;77,89
Nord Est;Veneto;TV;C815;15,5;35,17
Nord Ovest;Lombardia;LO;C816;63,06;156,27
Nord Est;Friuli- Venezia Giulia;UD;C817;24;140,16
Isole;Sardegna;SS;C818;0,15;2
Nord Ovest;Piemonte;BI;C819;10,1;20
Nord Ovest;Lombardia;MI;C820;25,5;58,65
Nord Ovest;Valle d'Aosta;AO;C821;25,34;16
Nord Ovest;Liguria;GE;C823;31,68;80,22
Nord Est;Veneto;VI;C824;1;17,5
Nord Ovest;Liguria;GE;C826;29,59;31,5
Nord Ovest;Piemonte;NO;C829;1,5;8
Nord Ovest;Lombardia;BG;C835;6,8;19,7
Centro;Lazio;FR;C836;1;2
Nord Est;Emilia-Romagna;PC;C838;6,81;10
Nord Ovest;Lombardia;LC;C839;36,31;180,16
Centro;Lazio;RI;C841;3,5;1
Sud;Abruzzo;AQ;C844;1;2
Centro;Umbria;PG;C845;6;23
Sud;Campania;BN;C846;3;1
Centro;Toscana;SI;C847;27,63;162,93
Nord Est;Veneto;TV;C848;4;49,42
Nord Ovest;Lombardia;BS;C850;22;45,45
Nord Ovest;Lombardia;LC;C851;1,5;10,5
Nord Est;Emilia-Romagna;PR;C852;50,5;169,83
Sud;Abruzzo;PE;C853;8;25,5
Sud;Molise;CB;C854;3;3
Sud;Abruzzo;CH;C855;3;2
Sud;Abruzzo;CH;C856;1;2
Centro;Lazio;RI;C857;2;3
Centro;Lazio;RM;C858;38,75;154,14
Centro;Lazio;RI;C859;1;5
Nord Ovest;Piemonte;TO;C860;248,76;567,08
Sud;Abruzzo;AQ;C862;1;3
Centro;Lazio;FR;C864;0;1
Sud;Puglia;LE;C865;0;7
Sud;Abruzzo;AQ;C866;0;2
Nord Ovest;Piemonte;TO;C867;1;5
Nord Ovest;Piemonte;TO;C868;1;5
Centro;Toscana;LI;C869;57,62;151,18
Centro;Lazio;FR;C870;2;0
Isole;Sicilia;PA;C871;13,67;0
Sud;Molise;CB;C875;2,33;0,5
Centro;Lazio;RI;C876;4,5;13
Centro;Marche;AP;C877;6;28,75
Sud;Molise;IS;C878;0,12;1
Sud;Campania;SA;C879;3,08;2
Centro;Lazio;RI;C880;10;2
Isole;Sardegna;CA;C882;0;0
Nord Ovest;Lombardia;BS;C883;8,14;12
Nord Ovest;Piemonte;VC;C884;0;0
Nord Est;Friuli- Venezia Giulia;UD;C885;6;16
Centro;Marche;MC;C886;3,89;4,5
Sud;Basilicata;MT;C888;4;4
Nord Est;Veneto;VR;C890;14,21;66,5
Nord Ovest;Lombardia;BS;C893;11;76,16
Nord Ovest;Lombardia;BG;C894;21,29;105,04
Nord Ovest;Lombardia;MI;C895;199,45;487,17
Nord Est;Veneto;VR;C897;31,02;108,02
Centro;Lazio;RM;C900;6;15
Sud;Abruzzo;TE;C901;14,25;23,5
Nord Ovest;Lombardia;CO;C902;5;5
Nord Ovest;Lombardia;SO;C903;3,5;3
Nord Est;Emilia-Romagna;PR;C904;4;78,33
Sud;Calabria;CS;C905;1;1
Nord Ovest;Lombardia;MI;C908;6,5;28
Nord Ovest;Lombardia;BG;C910;6,66;12,83
Nord Ovest;Lombardia;VA;C911;2;16
Nord Est;Emilia-Romagna;FE;C912;55,62;265,77
Centro;Toscana;MS;C914;7;1,5
Nord Ovest;Lombardia;LO;C917;6,25;43
Nord Est;Friuli- Venezia Giulia;UD;C918;2;1
Nord Est;Veneto;BL;C919;7,54;18,97
Nord Est;Veneto;BL;C920;17,76;12,69
Nord Ovest;Lombardia;VA;C922;5,05;23,96
Nord Ovest;Lombardia;BS;C925;4;29
Nord Ovest;Piemonte;NO;C926;5,58;21,5
Isole;Sicilia;RG;C927;18;69,19
Isole;Sicilia;AG;C928;1;2
Sud;Campania;NA;C929;1;1
Nord Ovest;Lombardia;MN;C930;1;3
Nord Ovest;Lombardia;CO;C933;463,98;1158,09
Nord Est;Emilia-Romagna;PR;C934;0,5;6,67
Centro;Marche;AP;C935;6;11
Nord Ovest;Lombardia;CO;C936;2,46;6,75
Nord Ovest;Lombardia;BG;C937;18;75
Nord Est;Veneto;VE;C938;2,5;21
Sud;Campania;CE;C939;3,88;2
Sud;Campania;SA;C940;1;0
Sud;Molise;IS;C941;1;1
Nord Est;Veneto;VR;C943;0,33;13,16
Centro;Lazio;RI;C946;0;1
Nord Ovest;Lombardia;BS;C948;29,81;166,06
Nord Est;Veneto;VE;C950;9,1;75,61
Nord Est;Emilia-Romagna;MO;C951;22,59;104,07
Nord Ovest;Lombardia;MI;C952;119,23;241,42
Sud;Calabria;RC;C954;5,5;4
Nord Ovest;Piemonte;TO;C955;28,5;38,5
Isole;Sicilia;ME;C956;1;0
Nord Est;Veneto;TV;C957;132,79;656,28
Nord Ovest;Lombardia;PV;C958;3,5;19
Centro;Lazio;RI;C959;2;9
Sud;Calabria;CZ;C960;0;0
Nord Ovest;Piemonte;AL;C962;1;1,5
Nord Est;Emilia-Romagna;RA;C963;6,5;66,92
Nord Est;Veneto;PD;C964;6;88,66
Isole;Sicilia;PA;C968;6;8
Centro;Lazio;RI;C969;2,5;9,17
Sud;Campania;AV;C971;2;3,92
Sud;Abruzzo;TE;C972;3,5;18
Sud;Campania;SA;C973;3;1
Sud;Campania;SA;C974;12,68;10,93
Sud;Puglia;BA;C975;66,8;234,94
Sud;Campania;AV;C976;4,26;5,63
Nord Ovest;Piemonte;AL;C977;1;6
Sud;Puglia;LE;C978;10;32,79
Nord Ovest;Lombardia;PV;C979;0;27
Nord Est;Emilia-Romagna;FE;C980;29;162,05
Nord Ovest;Lombardia;PV;C982;3;3
Sud;Puglia;BA;C983;129,29;139,45
Sud;Campania;SA;C984;3,11;3,42
Nord Ovest;Lombardia;MI;C986;92,84;291,74
Nord Est;Veneto;RO;C987;1;16,75
Centro;Lazio;VT;C988;3;8
Centro;Umbria;PG;C990;51,75;195,94
Nord Est;Friuli- Venezia Giulia;PN;C991;26,05;128,36
Nord Est;Veneto;TV;C992;7;57
Nord Est;Friuli- Venezia Giulia;PN;C993;3;15
Nord Ovest;Liguria;GE;C995;0;0
Centro;Toscana;LU;C996;13;17
Centro;Lazio;FR;C998;6;1
Sud;Abruzzo;AQ;C999;1;1
Centro;Lazio;LT;D003;26,25;18,5
Nord Est;Emilia-Romagna;RN;D004;2,5;49,87
Sud;Puglia;LE;D006;11,75;12
Centro;Marche;AN;D007;9;15
Nord Ovest;Piemonte;TO;D008;10,03;29,06
Isole;Sicilia;PA;D009;12,78;13,17
Sud;Basilicata;PZ;D010;10;5,12
Sud;Campania;SA;D011;1;1,67
Nord Ovest;Valle d'Aosta;AO;D012;55,03;157,63
Nord Ovest;Lombardia;MI;D013;105,45;276,04
Nord Ovest;Lombardia;BG;D015;2,5;8,5
Nord Ovest;Lombardia;BG;D016;4;9,33
Nord Ovest;Lombardia;MI;D018;83,14;233,23
Nord Ovest;Lombardia;MI;D019;70,22;167,61
Nord Est;Veneto;VI;D020;18,63;66,62
Nord Ovest;Lombardia;LO;D021;4;35
Nord Ovest;Piemonte;CN;D022;6;13
Centro;Lazio;VT;D024;36,19;55,4
Nord Est;Emilia-Romagna;PR;D026;7;8,72
Nord Est;Friuli- Venezia Giulia;UD;D027;14;27,83
Nord Ovest;Lombardia;LO;D028;4;7
Nord Ovest;Lombardia;LO;D029;1,89;1,89
Nord Est;Veneto;TV;D030;8,11;36,16
Nord Ovest;Lombardia;MI;D033;0;3,5
Nord Est;Emilia-Romagna;RE;D037;53,08;268,32
Nord Ovest;Lombardia;MI;D038;19;63
Nord Est;Veneto;PD;D040;1,86;22,5
Nord Ovest;Lombardia;CO;D041;4;5
Centro;Marche;MC;D042;32,68;62,25
Sud;Abruzzo;TE;D043;6;21
Sud;Puglia;LE;D044;4;2
Nord Ovest;Lombardia;MI;D045;158,7;261,39
Nord Ovest;Piemonte;AT;D046;0;0
Sud;Calabria;CZ;D049;2;1
Nord Ovest;Piemonte;AT;D050;0;1
Nord Ovest;Piemonte;AT;D051;2;0
Nord Ovest;Piemonte;AT;D052;0;2
Nord Est;Emilia-Romagna;PC;D054;5;9
Nord Ovest;Lombardia;CR;D056;1;14
Nord Ovest;Lombardia;CR;D057;1;9
Nord Ovest;Lombardia;BS;D058;12,28;62,59
Nord Est;Emilia-Romagna;PC;D061;6;37,15
Nord Ovest;Piemonte;CN;D062;4;7
Nord Ovest;Lombardia;BS;D064;35,66;127,04
Nord Ovest;Lombardia;LC;D065;1;2,34
Nord Ovest;Lombardia;BG;D066;5;16,5
Nord Ovest;Lombardia;LO;D068;0;9
Nord Ovest;Piemonte;AT;D072;0;0
Sud;Abruzzo;TE;D076;2;0
Centro;Toscana;AR;D077;25,66;98,15
Sud;Abruzzo;PE;D078;0;0
Nord Ovest;Lombardia;PV;D081;5;8
Nord Ovest;Lombardia;BS;D082;5;18,5
Nord Est;Friuli- Venezia Giulia;UD;D085;1;3,5
Sud;Calabria;CS;D086;98,34;243,12
Nord Ovest;Liguria;IM;D087;7;1
Nord Ovest;Lombardia;SO;D088;23,24;23,87
Sud;Calabria;RC;D089;0;0
Nord Ovest;Piemonte;TO;D092;3;9
Nord Ovest;Piemonte;CN;D093;5;4,11
Nord Ovest;Piemonte;BI;D094;115,16;174,06
Nord Ovest;Liguria;SV;D095;5;6
Centro;Marche;AP;D096;1;2
Nord Ovest;Piemonte;VB;D099;16;4
Isole;Sardegna;SS;D100;2;1
Nord Ovest;Piemonte;AT;D101;0;5
Nord Ovest;Piemonte;AL;D102;1,22;0
Nord Ovest;Lombardia;BG;D103;0;6,84
Nord Est;Veneto;RO;D105;3,98;13
Nord Est;Veneto;VI;D107;3;94,85
Centro;Umbria;PG;D108;2,5;2,5
Nord Ovest;Lombardia;PV;D109;0;3
Nord Ovest;Lombardia;BG;D110;3;37,06
Nord Ovest;Lombardia;BG;D111;2;32,33
Nord Ovest;Lombardia;LC;D112;13,5;37,5
Nord Ovest;Piemonte;VC;D113;5;7,5
Nord Ovest;Liguria;IM;D114;6,25;10,42
Nord Ovest;Lombardia;BG;D117;19,99;81,32
Nord Est;Veneto;VR;D118;6;70,04
Nord Ovest;Piemonte;AT;D119;9;35,42
Nord Ovest;Piemonte;CN;D120;10,98;19,62
Nord Est;Emilia-Romagna;RA;D121;2;47,72
Sud;Calabria;KR;D122;31,05;126,7
Sud;Calabria;KR;D123;18;8
Centro;Lazio;RI;D124;2;0
Nord Ovest;Lombardia;BG;D126;1;45,5
Nord Ovest;Lombardia;PV;D127;0;3
Sud;Basilicata;MT;D128;1;1
Nord Ovest;Lombardia;LC;D131;0;1
Nord Ovest;Piemonte;VC;D132;3;0
Nord Ovest;Piemonte;CN;D133;3;1
Nord Ovest;Piemonte;VB;D134;1;11,33
Nord Est;Veneto;VI;D136;11,41;186,44
Sud;Abruzzo;CH;D137;3;2,5
Nord Ovest;Lombardia;BG;D139;7;38,75
Nord Ovest;Lombardia;CR;D141;0;13
Nord Ovest;Lombardia;CR;D142;106,36;513,9
Nord Ovest;Lombardia;LC;D143;1;8
Nord Ovest;Lombardia;VA;D144;5;6,01
Nord Ovest;Lombardia;LC;D145;9,25;59,6
Nord Ovest;Lombardia;CO;D147;2;7
Nord Ovest;Piemonte;AL;D149;13,67;5,17
Nord Ovest;Lombardia;CR;D150;346,06;809,4
Nord Ovest;Lombardia;CR;D151;3;23,5
Nord Ovest;Piemonte;VC;D154;23,1;83,16
Nord Est;Veneto;VI;D156;3;8
Nord Ovest;Lombardia;LO;D159;5;27,5
Nord Est;Veneto;RO;D161;3;12,5
Nord Ovest;Piemonte;NO;D162;1;10
Nord Ovest;Piemonte;BI;D165;7;11
Nord Est;Emilia-Romagna;BO;D166;25,57;145,08
Nord Ovest;Piemonte;VB;D168;22,78;21,51
Sud;Campania;NA;D170;4,2;25,25
Sud;Puglia;TA;D171;19;25,25
Nord Ovest;Piemonte;CN;D172;2;4,25
Nord Ovest;Liguria;GE;D175;2;2,65
Nord Ovest;Piemonte;VB;D177;10,66;14,01
Sud;Abruzzo;TE;D179;4;0,96
Sud;Calabria;CS;D180;2;0
Sud;Calabria;CZ;D181;7;1
Sud;Calabria;CS;D184;10;17
Nord Ovest;Lombardia;VA;D185;0;3
Nord Ovest;Lombardia;CR;D186;1;4
Nord Ovest;Piemonte;VC;D187;1;2
Sud;Calabria;KR;D189;4;1
Nord Ovest;Lombardia;VA;D192;11;32,83
Nord Est;Veneto;VR;D193;6,07;52
Sud;Campania;SA;D195;3;1
Nord Ovest;Lombardia;CO;D196;3;19
Nord Ovest;Piemonte;TO;D197;1,5;6
Nord Ovest;Lombardia;MI;D198;25,67;88,7
Nord Ovest;Lombardia;VA;D199;9;14
Isole;Sardegna;OR;D200;8;6
Sud;Abruzzo;PE;D201;0;0,67
Nord Ovest;Piemonte;TO;D202;23;55,43
Nord Ovest;Lombardia;CR;D203;0;3
Nord Ovest;Lombardia;VA;D204;4,46;17
Nord Ovest;Piemonte;CN;D205;458,6;518,6
Nord Ovest;Piemonte;AT;D207;3;1
Nord Ovest;Piemonte;TO;D208;20,38;57,12
Sud;Abruzzo;CH;D209;3;17
Centro;Marche;AP;D210;26;61,36
Centro;Marche;AN;D211;10,8;21
Isole;Sardegna;OR;D214;0;0
Nord Ovest;Piemonte;NO;D216;4,5;12,5
Nord Ovest;Lombardia;VA;D217;9;0
Sud;Calabria;CZ;D218;7;2
Nord Ovest;Piemonte;BI;D219;4;5
Nord Ovest;Lombardia;BG;D221;46,28;111,48
Sud;Puglia;LE;D223;2,66;5
Nord Est;Veneto;PD;D226;5;59,61
Nord Ovest;Lombardia;MN;D227;14;179
Sud;Campania;CE;D228;11;30,5
Nord Ovest;Lombardia;MI;D229;37,75;101,13
Sud;Campania;BN;D230;5;1,24
Nord Ovest;Lombardia;MI;D231;92,62;198,08
Nord Ovest;Lombardia;CO;D232;3;1
Nord Ovest;Lombardia;BG;D233;9,16;7,53
Isole;Sicilia;TP;D234;3;2
Sud;Calabria;KR;D236;7;3
Sud;Puglia;LE;D237;9,77;9
Nord Ovest;Lombardia;VA;D238;5;28,33
Nord Ovest;Lombardia;VA;D239;7,17;26,34
Nord Ovest;Lombardia;MI;D244;10,5;61,43
Nord Ovest;Lombardia;BG;D245;65,32;355,21
Nord Est;Veneto;BL;D247;3,17;7,58
Nord Ovest;Lombardia;BS;D251;40,15;137,85
Sud;Calabria;VV;D253;0;0
Nord Ovest;Liguria;GE;D255;12,33;9,5
Nord Ovest;Lombardia;VA;D256;5;16
Sud;Calabria;CZ;D257;6,5;7
Nord Ovest;Lombardia;SO;D258;10,5;9
Isole;Sardegna;CA;D259;13;30
Isole;Sardegna;CA;D260;0;1,75
Sud;Calabria;CZ;D261;5,83;1,83
Nord Ovest;Liguria;SV;D264;11,5;10
Nord Ovest;Liguria;SP;D265;9;35
Nord Ovest;Lombardia;SO;D266;5,5;14
Isole;Sicilia;CL;D267;4;2
Sud;Calabria;RC;D268;0;0
Sud;Puglia;FG;D269;8;4
Nord Ovest;Lombardia;BS;D270;0;62,07
Nord Ovest;Piemonte;CN;D271;5,78;12,5
Nord Ovest;Piemonte;AL;D272;0;0
Nord Ovest;Piemonte;AL;D277;0,33;0
Nord Ovest;Lombardia;CR;D278;0;1
Centro;Umbria;PG;D279;22,33;73,5
Nord Ovest;Lombardia;LC;D280;16;37,52
Nord Ovest;Piemonte;VC;D281;1;7
Nord Ovest;Lombardia;BS;D284;108,04;602,39
Nord Ovest;Lombardia;MI;D286;158,98;480,71
Isole;Sardegna;NU;D287;0;2
Sud;Calabria;CS;D289;16,67;12,17
Sud;Calabria;CS;D290;1,5;0
Nord Ovest;Piemonte;CN;D291;8,5;28
Sud;Campania;SA;D292;4;5,5
Nord Ovest;Liguria;IM;D293;6,66;10,5
Nord Ovest;Liguria;IM;D296;22;31,5
Nord Ovest;Liguria;IM;D297;50,5;109,41
Nord Ovest;Liguria;IM;D298;9,5;10,51
Centro;Toscana;FI;D299;6,5;32,26
Nord Est;Friuli- Venezia Giulia;UD;D300;2;7,61
Sud;Calabria;VV;D303;0;1
Sud;Calabria;CS;D304;0;2
Sud;Puglia;LE;D305;3;12
Nord Ovest;Piemonte;NO;D309;0,25;3,42
Nord Ovest;Lombardia;CO;D310;3;7
Nord Ovest;Piemonte;CN;D314;19,18;33,02
Sud;Abruzzo;CH;D315;6;2
Nord Est;Friuli- Venezia Giulia;UD;D316;0;0
Nord Est;Veneto;VR;D317;5;15
Nord Ovest;Liguria;IM;D318;21;3
Nord Ovest;Liguria;IM;D319;11,5;8,5
Isole;Sardegna;CA;D323;5,93;13,83
Nord Est;Veneto;VE;D325;18,5;230,42
Nord Ovest;Lombardia;LC;D327;7,5;19,16
Sud;Calabria;CS;D328;0;2
Nord Ovest;Lombardia;CO;D329;13,93;18,1
Nord Est;Veneto;BL;D330;10,92;12
Sud;Campania;AV;D331;1;1
Nord Ovest;Piemonte;VB;D332;88,39;131,31
Isole;Sardegna;CA;D333;1;7
Isole;Sardegna;CA;D334;0;1
Nord Ovest;Valle d'Aosta;AO;D338;25;9,33
Nord Ovest;Piemonte;BI;D339;2;7
Nord Ovest;Lombardia;CO;D341;14,63;16,25
Isole;Sardegna;CA;D344;3,5;0
Isole;Sardegna;NU;D345;11;2
Nord Ovest;Lombardia;LC;D346;5,25;12
Nord Ovest;Piemonte;NO;D347;4;30
Nord Ovest;Lombardia;PV;D348;16;57,5
Nord Ovest;Piemonte;BI;D350;1;7
Nord Ovest;Lombardia;MN;D351;3,11;22,22
Nord Ovest;Lombardia;BG;D352;1;11
Nord Ovest;Lombardia;CO;D355;1,5;1
Nord Ovest;Valle d'Aosta;AO;D356;4;3
Nord Est;Emilia-Romagna;FO;D357;1;10,5
Nord Ovest;Lombardia;CR;D358;3,5;34,36
Nord Est;Emilia-Romagna;BO;D360;12,34;42,39
Sud;Campania;CE;D361;2;2
Sud;Calabria;VV;D364;1,5;0
Nord Est;Friuli- Venezia Giulia;UD;D366;0;1
Nord Ovest;Lombardia;MI;D367;11;32,67
Nord Ovest;Piemonte;CN;D372;27,89;30,48
Nord Ovest;Piemonte;TO;D373;29,5;76,59
Nord Ovest;Piemonte;VB;D374;12;11
Isole;Sardegna;NU;D376;0;0,5
Nord Ovest;Lombardia;SO;D377;13;28
Nord Est;Veneto;VI;D379;11,25;124,52
Sud;Campania;BN;D380;0;2
Nord Ovest;Lombardia;VA;D384;11,7;14,7
Nord Ovest;Lombardia;VA;D385;0;2
Sud;Campania;BN;D386;9;0
Nord Ovest;Piemonte;AT;D388;0;8
Sud;Campania;SA;D390;30,5;46,34
Nord Ovest;Lombardia;BS;D391;23;58
Sud;Abruzzo;PE;D394;1;0
Nord Ovest;Lombardia;LC;D398;0;4,25
Isole;Sardegna;CA;D399;28,4;77
Nord Ovest;Piemonte;CN;D401;2;0
Nord Ovest;Valle d'Aosta;AO;D402;0;2,25
Centro;Toscana;FI;D403;113,09;367,28
Nord Ovest;Lombardia;BG;D406;10;36,5
Nord Est;Veneto;VI;D407;9;13,5
Nord Est;Friuli- Venezia Giulia;UD;D408;3;5,33
Nord Ovest;Piemonte;CN;D410;7,58;29
Nord Ovest;Lombardia;BG;D411;10;22,5
Nord Ovest;Piemonte;CN;D412;6;9,13
Sud;Basilicata;PZ;D414;0;0
Nord Est;Veneto;VE;D415;19;221,17
Nord Ovest;Lombardia;CO;D416;47,54;162,85
Nord Est;Veneto;VR;D419;2;29,75
Nord Est;Veneto;VR;D420;4;8,59
Nord Ovest;Lombardia;BS;D421;7,5;89,6
Sud;Puglia;BR;D422;1;4,36
Isole;Sicilia;TP;D423;28,95;83,96
Nord Ovest;Liguria;SV;D424;8;2
Nord Est;Friuli- Venezia Giulia;PN;D426;0;0,17
Nord Ovest;Lombardia;LC;D428;5;1,67
Centro;Marche;MC;D429;3;7,33
Isole;Sardegna;NU;D430;0;0
Isole;Sardegna;NU;D431;2;0
Nord Ovest;Piemonte;TO;D433;1;1,5
Nord Ovest;Lombardia;BS;D434;15,35;29,98
Nord Ovest;Lombardia;LC;D436;7,18;9,67
Centro;Lazio;FR;D440;10,52;4,67
Isole;Sardegna;SS;D441;0;0
Nord Est;Veneto;PD;D442;28;180,15
Isole;Sardegna;NU;D443;0;0
Nord Ovest;Valle d'Aosta;AO;D444;4,33;3
Nord Ovest;Lombardia;CO;D445;6,4;44,5
Nord Ovest;Piemonte;AL;D447;3;6
Nord Est;Emilia-Romagna;RE;D450;12,5;81,94
Centro;Marche;AN;D451;80,89;172,56
Centro;Lazio;VT;D452;5,33;24,17
Sud;Calabria;VV;D453;3;2
Centro;Umbria;TR;D454;9,5;16,5
Nord Est;Friuli- Venezia Giulia;UD;D455;4;14,41
Nord Ovest;Lombardia;SO;D456;3,5;1
Nord Est;Emilia-Romagna;RA;D458;140,19;490,02
Sud;Puglia;FG;D459;0;15
Nord Est;Friuli- Venezia Giulia;UD;D461;7,5;46,75
Nord Ovest;Lombardia;CO;D462;18,22;11,56
Sud;Puglia;TA;D463;3;5
Sud;Calabria;CS;D464;2,5;1,5
Sud;Abruzzo;AQ;D465;2;3
Nord Ovest;Lombardia;VA;D467;26;124,65
Sud;Campania;BN;D469;2,83;0
Nord Est;Veneto;BL;D470;38,37;41,72
Sud;Campania;CE;D471;1;1
Centro;Marche;AN;D472;68,96;155,23
Sud;Calabria;CS;D473;4;18
Isole;Sicilia;ME;D474;0;3,66
Centro;Lazio;VT;D475;4;15,5
Sud;Calabria;CZ;D476;5;7,12
Centro;Marche;AP;D477;1;5
Sud;Abruzzo;CH;D480;3;0
Nord Ovest;Lombardia;CO;D482;9;28,5
Centro;Lazio;FR;D483;2;1
Nord Est;Emilia-Romagna;MO;D486;14,67;27,5
Nord Est;Friuli- Venezia Giulia;PN;D487;0;9,5
Centro;Marche;PS;D488;142,16;800,7
Sud;Abruzzo;TE;D489;1;2
Nord Ovest;Lombardia;BG;D490;16,17;105,21
Nord Ovest;Lombardia;BG;D491;0;18,1
Nord Ovest;Piemonte;NO;D492;3,5;13
Centro;Lazio;RI;D493;16,33;61,38
Sud;Abruzzo;CH;D494;2,66;8
Sud;Abruzzo;CH;D495;3;3
Nord Est;Veneto;VI;D496;1;21
Sud;Basilicata;PZ;D497;1;0
Nord Ovest;Piemonte;CN;D499;7;9
Sud;Abruzzo;PE;D501;9,66;7
Nord Est;Emilia-Romagna;PC;D502;11,92;15,13
Centro;Lazio;VT;D503;11,42;2
Nord Est;Veneto;TV;D505;10;40,5
Sud;Puglia;BR;D508;47,75;121,48
Nord Ovest;Liguria;GE;D509;0;0
Centro;Toscana;PI;D510;5;12,5
Nord Ovest;Piemonte;CN;D511;0;5
Nord Ovest;Liguria;GE;D512;4,83;1,79
Sud;Basilicata;MT;D513;9;1
Isole;Sicilia;AG;D514;21,66;19,78
Isole;Sicilia;TP;D518;12,89;8,33
Nord Ovest;Piemonte;TO;D520;6,5;49
Nord Ovest;Liguria;SV;D522;4;6
Nord Ovest;Piemonte;CN;D523;0;0
Nord Ovest;Piemonte;TO;D524;5;13,5
Nord Est;Emilia-Romagna;PR;D526;20,6;102,57
Sud;Campania;SA;D527;1;0
Nord Ovest;Piemonte;AL;D528;0;7,5
Nord Est;Veneto;BL;D530;72,87;166,83
Nord Ovest;Lombardia;CO;D531;9,83;42
Nord Ovest;Piemonte;TO;D532;5,34;20
Nord Ovest;Valle d'Aosta;AO;D537;5,5;6
Centro;Umbria;TR;D538;12,5;1
Centro;Lazio;FR;D539;22,5;7
Isole;Sicilia;SR;D540;4;5
Centro;Marche;PS;D541;20,96;41,51
Centro;Marche;AP;D542;70,02;228,82
Nord Ovest;Lombardia;VA;D543;6,33;45,53
Sud;Calabria;CZ;D544;1,2;2
Sud;Calabria;RC;D545;0;0
Sud;Calabria;CZ;D546;3,33;4
Sud;Basilicata;MT;D547;10,34;21
Nord Est;Emilia-Romagna;FE;D548;345,61;1360,28
Nord Est;Veneto;VR;D549;1;15
Sud;Molise;CB;D550;10,17;7,75
Nord Ovest;Lombardia;VA;D551;4,66;8,67
Nord Ovest;Lombardia;PV;D552;1;7
Nord Ovest;Piemonte;TO;D553;0;0
Nord Ovest;Piemonte;AT;D554;0,5;5
Nord Est;Emilia-Romagna;PC;D555;9,5;19,23
Sud;Calabria;RC;D557;0;0
Nord Ovest;Piemonte;AL;D559;1;1
Centro;Lazio;RI;D560;5;0
Centro;Lazio;RM;D561;46,67;135,33
Nord Ovest;Piemonte;TO;D562;4;10,54
Centro;Marche;MC;D564;7,5;7,33
Centro;Marche;MC;D566;1;0,01
Isole;Sicilia;PA;D567;21;63
Nord Est;Veneto;RO;D568;2;19,93
Isole;Sicilia;ME;D569;5;1
Centro;Umbria;TR;D570;5;5
Nord Ovest;Lombardia;CR;D574;0;8
Centro;Toscana;FI;D575;22;62,78
Nord Ovest;Lombardia;BS;D576;0;10
Nord Est;Veneto;RO;D577;7;35
Nord Est;Veneto;VE;D578;4,17;124,42
Nord Ovest;Lombardia;CO;D579;8,43;33,14
Sud;Calabria;CS;D582;0;1
Isole;Sardegna;OR;D585;0;0
Centro;Lazio;RM;D586;0;0
Sud;Calabria;VV;D587;3;5
Nord Ovest;Lombardia;BG;D588;11,6;37,26
Sud;Calabria;VV;D589;1;0
Centro;Toscana;MS;D590;17,5;9,5
Centro;Lazio;FR;D591;9,5;7,78
Sud;Abruzzo;CH;D592;0;0
Sud;Basilicata;PZ;D593;9,35;0,67
Nord Ovest;Lombardia;PV;D594;0;5
Sud;Molise;IS;D595;2,5;2,25
Sud;Calabria;VV;D596;1;0
Centro;Marche;AN;D597;8,17;47,84
Nord Est;Emilia-Romagna;MO;D599;33,53;154,19
Nord Ovest;Liguria;SV;D600;119,03;242,9
Nord Ovest;Lombardia;BG;D604;6,83;21,01
Nord Ovest;Lombardia;CO;D605;24,12;129,67
Nord Ovest;Lombardia;BG;D606;8,42;27,83
Nord Est;Emilia-Romagna;MO;D607;44,46;241,28
Nord Ovest;Piemonte;TO;D608;1;3
Nord Est;Emilia-Romagna;PC;D611;35,91;147,39
Centro;Toscana;FI;D612;1018,98;2112,92
Centro;Toscana;FI;D613;11,5;26,66
Sud;Calabria;CS;D614;4,75;1
Sud;Campania;SA;D615;26,26;81,5
Nord Est;Emilia-Romagna;MO;D617;15,67;27,6
Sud;Calabria;RC;D619;0;0
Nord Est;Friuli- Venezia Giulia;PN;D621;17,11;107,35
Isole;Sicilia;ME;D622;1;3
Isole;Sicilia;CT;D623;11;49,5
Sud;Calabria;CS;D624;2;3
Centro;Marche;MC;D628;2,5;5,5
Centro;Toscana;MS;D629;44,88;14,31
Nord Est;Friuli- Venezia Giulia;UD;D630;0;6
Nord Ovest;Lombardia;BS;D634;13,99;95
Isole;Sicilia;ME;D635;2;1
Isole;Sicilia;SR;D636;6,5;62,04
Isole;Sardegna;SS;D637;3;1
Sud;Campania;AV;D638;1;2
Isole;Sardegna;CA;D639;1,75;2
Isole;Sardegna;NU;D640;1;2
Nord Ovest;Piemonte;VC;D641;3;0
Sud;Puglia;FG;D643;175,88;842,44
Sud;Campania;BN;D644;2;0
Nord Ovest;Piemonte;TO;D646;5;24
Centro;Toscana;AR;D649;15,53;44,89
Sud;Campania;BN;D650;2;0
Centro;Marche;AP;D652;18,17;45
Centro;Umbria;PG;D653;135,63;444,18
Nord Est;Veneto;TV;D654;9;20,4
Nord Ovest;Liguria;SP;D655;19,07;27
Centro;Toscana;GR;D656;56,43;161,86
Nord Ovest;Lombardia;LO;D660;6;32,5
Isole;Sicilia;ME;D661;3;0
Centro;Lazio;LT;D662;82,59;60,09
Isole;Sardegna;NU;D665;2;1
Nord Ovest;Valle d'Aosta;AO;D666;7;1
Centro;Lazio;FR;D667;4;5
Nord Est;Emilia-Romagna;BO;D668;6;17,96
Nord Est;Friuli- Venezia Giulia;PN;D670;20,5;126,95
Sud;Campania;AV;D671;2,33;3,04
Nord Ovest;Lombardia;BG;D672;3,5;60,5
Nord Est;Emilia-Romagna;PR;D673;20,14;55,17
Nord Est;Veneto;TV;D674;7,56;34,84
Nord Ovest;Piemonte;NO;D675;2;12
Nord Ovest;Piemonte;VC;D676;4;10,56
Nord Ovest;Liguria;GE;D677;2,5;0
Nord Ovest;Piemonte;AT;D678;1;1,67
Nord Est;Veneto;PD;D679;5;35,42
Nord Est;Veneto;TV;D680;6;37,44
Sud;Abruzzo;AQ;D681;2;0
Centro;Lazio;FR;D682;0;0
Sud;Campania;CE;D683;1;1
Nord Ovest;Lombardia;BG;D684;4,5;16
Nord Est;Emilia-Romagna;PR;D685;8;62,5
Nord Est;Veneto;BL;D686;3;18
Nord Ovest;Lombardia;BG;D688;5,75;41,97
Centro;Lazio;RI;D689;4;21,5
Sud;Abruzzo;CH;D690;15;131,8
Centro;Marche;AP;D691;0;3,17
Sud;Campania;BN;D693;0;0
Nord Ovest;Lombardia;SO;D694;2,5;1,89
Isole;Sardegna;OR;D695;0;0,78
Sud;Basilicata;PZ;D696;2;2,21
Nord Ovest;Lombardia;BG;D697;6,66;13
Nord Est;Friuli- Venezia Giulia;UD;D700;5;3
Sud;Campania;AV;D701;9,33;14
Sud;Campania;NA;D702;13,84;4,52
Sud;Molise;IS;D703;7;3
Nord Est;Emilia-Romagna;FO;D704;204,93;1137,96
Nord Est;Emilia-Romagna;FO;D705;22,35;123,47
Nord Ovest;Piemonte;VB;D706;0,84;4,17
Centro;Lazio;RM;D707;21,66;222,17
Centro;Lazio;LT;D708;64,17;110,75
Sud;Campania;CE;D709;0;0
Nord Ovest;Lombardia;CR;D710;0;10,5
Nord Est;Emilia-Romagna;MO;D711;76,93;430,65
Nord Ovest;Piemonte;VC;D712;0;7
Sud;Molise;IS;D715;3;1,67
Nord Est;Veneto;VI;D717;14,03;37,5
Nord Est;Friuli- Venezia Giulia;UD;D718;2;2
Nord Est;Friuli- Venezia Giulia;UD;D719;12,99;18,58
Nord Est;Friuli- Venezia Giulia;UD;D720;3;3
Nord Ovest;Piemonte;TO;D725;11,45;35,63
Nord Ovest;Lombardia;BG;D727;8;40,67
Nord Est;Emilia-Romagna;PR;D728;30,78;48,96
Centro;Toscana;LU;D730;21;52
Nord Ovest;Lombardia;PV;D732;1;8
Isole;Sicilia;ME;D733;4;0
Centro;Toscana;LU;D734;4,5;1
Centro;Toscana;MS;D735;24,37;20
Sud;Abruzzo;AQ;D736;4;1
Sud;Molise;CB;D737;1;2
Sud;Abruzzo;CH;D738;19;46
Nord Est;Veneto;VE;D740;3;44,75
Nord Est;Veneto;VE;D741;6;34,53
Nord Ovest;Piemonte;CN;D742;94,06;188,59
Sud;Calabria;CZ;D744;0,44;0
Centro;Umbria;PG;D745;3,33;16,33
Sud;Calabria;RC;D746;5;1
Nord Est;Veneto;VE;D748;5,55;77,29
Centro;Marche;PS;D749;13,25;29,57
Nord Est;Veneto;VI;D750;5,5;11,17
Nord Ovest;Piemonte;CN;D751;7;11,25
Nord Ovest;Piemonte;CN;D752;44,13;116,52
Sud;Puglia;TA;D754;2;5
Sud;Campania;BN;D755;2;1
Sud;Campania;BN;D756;3,7;1
Sud;Abruzzo;CH;D757;2;0
Nord Ovest;Liguria;SP;D758;7;10
Nord Ovest;Piemonte;AL;D759;0;3
Centro;Marche;AP;D760;1;3
Sud;Puglia;BR;D761;12,17;96,75
Sud;Calabria;VV;D762;1;0
Sud;Abruzzo;CH;D763;45,98;208,61
Sud;Calabria;CS;D764;3;2
Isole;Sicilia;ME;D765;2,01;5,5
Sud;Basilicata;PZ;D766;4;4
Sud;Calabria;VV;D767;0;2
Isole;Sicilia;SR;D768;22,5;36
Sud;Campania;CE;D769;2;1,17
Nord Ovest;Piemonte;AL;D770;2;1
Nord Ovest;Lombardia;PV;D771;2;13
Centro;Lazio;RM;D773;57,22;147,19
Sud;Calabria;CS;D774;3;2
Nord Est;Veneto;RO;D776;3;7
Nord Ovest;Piemonte;AL;D777;0;3
Nord Ovest;Piemonte;AL;D780;1;5,33
Nord Ovest;Piemonte;TO;D781;6;1
Nord Ovest;Piemonte;CN;D782;1,5;4
Nord Est;Emilia-Romagna;MO;D783;8,5;12,5
Sud;Campania;BN;D784;4,5;1,5
Centro;Lazio;RI;D785;2;0
Centro;Umbria;PG;D786;34;96,25
Centro;Umbria;PG;D787;8,33;7
Nord Est;Veneto;RO;D788;1;12
Sud;Campania;NA;D789;23,53;192,03
Sud;Campania;NA;D790;16,57;34,99
Centro;Marche;PS;D791;0;2
Isole;Sicilia;ME;D793;0;0
Nord Est;Veneto;TV;D794;7,5;16,5
Sud;Abruzzo;CH;D796;1;2
Nord Ovest;Piemonte;AL;D797;1;3
Sud;Campania;AV;D798;7;8
Sud;Campania;CE;D799;5,61;31,67
Sud;Campania;CE;D801;3,42;12
Nord Ovest;Piemonte;AT;D802;0;2,5
Sud;Abruzzo;CH;D803;1;3
Nord Est;Friuli- Venezia Giulia;PN;D804;1;1
Nord Ovest;Piemonte;TO;D805;2;14,5
Centro;Marche;PS;D807;1;0,5
Centro;Marche;PS;D808;3;6,39
Centro;Lazio;FR;D810;47,36;125,84
Sud;Molise;IS;D811;2;3
Nord Ovest;Piemonte;TO;D812;4;9,5
Nord Ovest;Piemonte;AL;D813;4;10,5
Nord Ovest;Piemonte;AL;D814;1;11,5
Centro;Toscana;FI;D815;35,19;99,69
Nord Ovest;Lombardia;BG;D817;2;3
Nord Est;Veneto;VR;D818;6,69;21,92
Centro;Lazio;FR;D819;3;0
Sud;Abruzzo;CH;D823;0;1
Isole;Sicilia;ME;D824;2;14
Isole;Sicilia;ME;D825;5;34
Sud;Campania;SA;D826;1;0
Isole;Sardegna;CA;D827;0;0
Sud;Calabria;CS;D828;4,39;2
Nord Est;Emilia-Romagna;RA;D829;7,5;57,5
Nord Ovest;Lombardia;SO;D830;0,83;0,83
Sud;Campania;SA;D832;0;0
Nord Ovest;Lombardia;CR;D834;0,5;7,33
Nord Ovest;Piemonte;AL;D835;1;3,5
Centro;Marche;PS;D836;18;46,98
Nord Ovest;Valle d'Aosta;AO;D839;5,96;2,67
Nord Ovest;Lombardia;CR;D841;1;12,5
Isole;Sardegna;NU;D842;0;0
Centro;Lazio;LT;D843;66,28;72,56
Isole;Sicilia;ME;D844;5;16
Nord Ovest;Lombardia;MI;D845;25,5;142,13
Nord Est;Emilia-Romagna;BO;D847;7,09;30,36
Nord Ovest;Piemonte;BI;D848;10,5;23,5
Isole;Sicilia;EN;D849;3,75;6,69
Sud;Abruzzo;AQ;D850;2;0
Sud;Puglia;LE;D851;6,5;3
Sud;Calabria;CZ;D852;2;1
Centro;Marche;MC;D853;3;3
Nord Est;Veneto;TV;D854;13,5;39,94
Nord Est;Veneto;RO;D855;1,5;5
Nord Ovest;Piemonte;CN;D856;0;0
Centro;Toscana;SI;D858;16,18;34,66
Isole;Sardegna;NU;D859;1,75;4
Isole;Sicilia;ME;D861;0,5;2,5
Sud;Puglia;LE;D862;18;44,67
Sud;Puglia;LE;D863;21,68;26,4
Sud;Calabria;RC;D864;0;1
Nord Ovest;Lombardia;LC;D865;22,42;62,41
Nord Est;Emilia-Romagna;FO;D867;2,5;3
Nord Ovest;Lombardia;LO;D868;2;20,5
Nord Ovest;Lombardia;VA;D869;228,65;706,44
Centro;Lazio;VT;D870;2,5;5
Nord Ovest;Lombardia;VA;D871;1;4
Nord Ovest;Piemonte;NO;D872;40,96;199,33
Nord Ovest;Lombardia;PV;D873;0;0
Centro;Toscana;LU;D874;8,05;9,5
Centro;Lazio;RM;D875;15,44;25,94
Sud;Basilicata;PZ;D876;5;1
Nord Est;Emilia-Romagna;BO;D878;9;77
Nord Est;Veneto;PD;D879;2;28
Centro;Lazio;FR;D881;6;4
Nord Est;Veneto;VI;D882;26,24;140,32
Sud;Puglia;LE;D883;31,56;170,09
Sud;Campania;CE;D884;0;0
Isole;Sicilia;ME;D885;1;2
Sud;Campania;CE;D886;2;1,8
Isole;Sardegna;NU;D888;0;0
Nord Est;Veneto;PD;D889;1,77;23,56
Nord Ovest;Piemonte;AL;D890;0;4
Nord Ovest;Lombardia;BS;D891;18,38;47,33
Nord Ovest;Lombardia;PV;D892;0;0
Nord Ovest;Piemonte;CN;D894;2;3
Centro;Toscana;FI;D895;14;20,75
Sud;Molise;CB;D896;3,13;8
Nord Est;Veneto;VI;D897;8;19,6
Sud;Abruzzo;CH;D898;5,34;1,67
Nord Est;Emilia-Romagna;FO;D899;17,5;96,88
Nord Ovest;Lombardia;PV;D901;14,75;98,6
Nord Ovest;Lombardia;BG;D903;5;28,78
Nord Ovest;Lombardia;BG;D905;7,05;27,5
Nord Ovest;Lombardia;BG;D906;0,5;6
Isole;Sicilia;PA;D907;8,59;9
Sud;Basilicata;MT;D909;1;1
Nord Ovest;Piemonte;AL;D910;6;4
Nord Ovest;Piemonte;NO;D911;2;11,5
Nord Ovest;Lombardia;MI;D912;115,01;291,11
Nord Ovest;Lombardia;LC;D913;9;9,5
Nord Est;Veneto;VR;D915;30;51,72
Nord Ovest;Lombardia;BS;D917;26,02;43
Nord Ovest;Lombardia;BS;D918;24;99,72
Nord Ovest;Piemonte;CN;D920;25;32
Nord Ovest;Piemonte;NO;D921;3;18,33
Nord Ovest;Lombardia;BS;D924;16,17;16
Nord Ovest;Lombardia;PV;D925;15,75;81,25
Nord Ovest;Lombardia;LC;D926;10,04;28
Nord Ovest;Liguria;SV;D927;4;16
Nord Ovest;Lombardia;CO;D930;9;1,5
Nord Ovest;Piemonte;TO;D931;0;1
Sud;Calabria;CZ;D932;4;0
Nord Ovest;Piemonte;TO;D933;35,67;98,75
Nord Est;Emilia-Romagna;RE;D934;19,34;89,59
Nord Est;Emilia-Romagna;FO;D935;13,26;133,67
Nord Ovest;Piemonte;VC;D938;23,98;79,91
Nord Ovest;Lombardia;BS;D940;23,5;75,97
Nord Est;Veneto;RO;D942;3;7,5
Nord Ovest;Lombardia;BG;D943;0;3
Nord Ovest;Piemonte;AL;D944;9;24
Centro;Lazio;RM;D945;1;6
Nord Ovest;Lombardia;VA;D946;23,75;93,05
Isole;Sardegna;NU;D947;3,5;2
Centro;Toscana;GR;D948;35,08;83,6
Nord Ovest;Lombardia;MN;D949;0,5;14
Nord Ovest;Lombardia;VA;D951;13,33;60,33
Nord Ovest;Lombardia;BG;D952;7;59,22
Nord Est;Veneto;PD;D956;0;40
Nord Est;Veneto;VR;D957;10;47,88
Nord Est;Emilia-Romagna;PC;D958;3,3;28,43
Nord Ovest;Lombardia;MN;D959;0;10
Isole;Sicilia;CL;D960;37,17;93,98
Nord Est;Emilia-Romagna;RN;D961;0;8,5
Nord Est;Friuli- Venezia Giulia;UD;D962;19,87;55,46
Nord Ovest;Lombardia;VA;D963;5;28
Centro;Lazio;RM;D964;13;17
Centro;Marche;AN;D965;0;2
Nord Ovest;Lombardia;CR;D966;5;8
Nord Ovest;Piemonte;CN;D967;3;15,17
Isole;Sardegna;NU;D968;0;0
Nord Ovest;Liguria;GE;D969;1787,36;3506,18
Isole;Sardegna;CA;D970;0;0
Sud;Basilicata;PZ;D971;7;2
Centro;Lazio;RM;D972;22,67;110,94
Nord Ovest;Lombardia;CO;D974;6,67;19,6
Sud;Calabria;RC;D975;0,33;0
Sud;Calabria;RC;D976;3;3
Isole;Sicilia;PA;D977;4,08;3
Centro;Lazio;RM;D978;9;2
Nord Ovest;Lombardia;PV;D980;3;15
Nord Ovest;Lombardia;VA;D981;34,29;151,31
Isole;Sardegna;NU;D982;0;0
Nord Ovest;Piemonte;TO;D983;4;3
Nord Ovest;Piemonte;VB;D984;6;2
Nord Ovest;Lombardia;VA;D987;15;57,5
Sud;Calabria;VV;D988;1;0,89
Nord Ovest;Lombardia;SO;D990;7,54;6
Nord Ovest;Lombardia;CR;D993;0;7
Isole;Sardegna;CA;D994;0;0
Nord Ovest;Lombardia;MI;D995;91;211,52
Sud;Abruzzo;CH;D996;3;3
Isole;Sardegna;CA;D997;0;0
Sud;Campania;AV;D998;8;6
Nord Ovest;Lombardia;BS;D999;26,32;164,28
Nord Ovest;Piemonte;NO;E001;5;18,5
Nord Ovest;Piemonte;VB;E003;13;33,5
Isole;Sardegna;OR;E004;1;9
Nord Ovest;Lombardia;BG;E006;5;48,89
Nord Ovest;Piemonte;VC;E007;0;2,5
Nord Est;Veneto;RO;E008;3,64;10,75
Nord Ovest;Piemonte;TO;E009;3,68;1
Nord Ovest;Lombardia;BS;E010;5;8
Sud;Campania;CE;E011;0;2
Centro;Umbria;PG;E012;3;11,5
Isole;Sicilia;PA;E013;1;0
Isole;Sicilia;ME;E014;13;85,71
Nord Ovest;Piemonte;AL;E015;0;5,5
Isole;Sicilia;RG;E016;4,75;4,34
Isole;Sicilia;CT;E017;29,17;143,13
Isole;Sardegna;SS;E019;3,75;1
Nord Ovest;Piemonte;TO;E020;58,83;137,15
Nord Est;Veneto;TV;E021;7,66;48,52
Isole;Sardegna;CA;E022;1;0
Isole;Sicilia;TP;E023;0;5,5
Nord Ovest;Piemonte;BI;E024;0;4
Sud;Calabria;RC;E025;1;0
Sud;Campania;SA;E026;8;6
Sud;Campania;SA;E027;16,58;15
Nord Ovest;Piemonte;VB;E028;4;18,33
Nord Ovest;Valle d'Aosta;AO;E029;12;12
Sud;Molise;CB;E030;2;1
Sud;Calabria;CZ;E031;6,99;2,33
Sud;Basilicata;PZ;E033;0;0
Sud;Campania;BN;E034;0,67;0
Sud;Puglia;TA;E036;28;70,6
Sud;Campania;SA;E037;1;2,67
Sud;Puglia;BA;E038;65,17;151,74
Sud;Campania;CE;E039;1;1
Sud;Abruzzo;AQ;E040;1;0,83
Sud;Calabria;RC;E041;2;11,63
Isole;Sicilia;ME;E043;12;5
Sud;Calabria;RC;E044;4;2
Centro;Umbria;TR;E045;8,75;7
Sud;Puglia;BA;E047;73,88;123,08
Isole;Sardegna;NU;E049;0;1
Sud;Calabria;CZ;E050;12;2,5
Sud;Abruzzo;CH;E052;6;5
Sud;Puglia;LE;E053;2;2,5
Sud;Campania;NA;E054;91,83;520,41
Isole;Sicilia;PA;E055;4,93;1
Sud;Abruzzo;CH;E056;1;2
Centro;Lazio;FR;E057;3;3
Sud;Abruzzo;TE;E058;126,65;217,51
Sud;Campania;SA;E060;0;1
Sud;Puglia;LE;E061;0;4
Nord Ovest;Lombardia;PV;E062;16,5;67,5
Nord Ovest;Lombardia;MI;E063;88,52;331,67
Nord Ovest;Liguria;SV;E064;3;3
Nord Ovest;Liguria;SV;E066;4;4
Nord Ovest;Piemonte;TO;E067;4;47
Sud;Calabria;CZ;E068;3;11,5
Nord Ovest;Liguria;SP;E070;6;6
Nord Est;Veneto;TV;E071;5;35,13
Nord Ovest;Lombardia;PV;E072;10,81;38,68
Isole;Sicilia;PA;E074;0;0
Nord Ovest;Lombardia;MN;E078;9,13;80,13
Nord Ovest;Lombardia;VA;E079;6;16
Nord Ovest;Lombardia;PV;E081;2;2
Nord Ovest;Lombardia;CR;E082;1;8
Nord Est;Friuli- Venezia Giulia;UD;E083;6;50,33
Isole;Sardegna;CA;E084;0;0
Isole;Sardegna;CA;E085;2;0
Isole;Sardegna;CA;E086;2,67;8
Isole;Sardegna;OR;E087;0;0
Isole;Sardegna;OR;E088;0;0
Nord Ovest;Lombardia;MN;E089;4,3;70,69
Nord Ovest;Lombardia;SO;E090;20,92;2
Centro;Lazio;RM;E091;0;0
Nord Est;Veneto;TV;E092;8;31,5
Sud;Basilicata;MT;E093;1;3
Nord Ovest;Lombardia;MI;E094;152,76;315,58
Sud;Abruzzo;AQ;E096;3;2
Nord Ovest;Lombardia;BG;E100;9,99;42,2
Nord Ovest;Lombardia;VA;E101;5;27,79
Nord Ovest;Lombardia;VA;E102;32,7;122,38
Nord Ovest;Lombardia;BG;E103;31,97;120,64
Nord Ovest;Lombardia;VA;E104;2;25
Nord Ovest;Lombardia;BG;E106;0;19
Nord Est;Emilia-Romagna;FE;E107;0;5,5
Nord Ovest;Liguria;GE;E109;8;1
Nord Ovest;Piemonte;CN;E111;0;1
Nord Est;Veneto;BL;E113;9,5;12,55
Nord Est;Emilia-Romagna;PC;E114;13,2;69
Nord Ovest;Piemonte;CN;E115;0;0
Nord Ovest;Lombardia;BS;E116;4,07;32,5
Nord Ovest;Piemonte;CN;E118;10;22,66
Nord Ovest;Piemonte;NO;E120;13,06;29,79
Centro;Marche;PS;E122;5;52
Centro;Lazio;VT;E126;2,9;5,34
Nord Ovest;Lombardia;LO;E127;1;21,33
Centro;Lazio;VT;E128;22;7
Nord Ovest;Piemonte;BI;E130;10;12,01
Sud;Campania;NA;E131;39,72;104,58
Nord Est;Emilia-Romagna;PC;E132;3;36,9
Isole;Sicilia;CT;E133;13;15
Nord Ovest;Piemonte;AT;E134;3,5;3,7
Nord Est;Emilia-Romagna;BO;E136;54,84;236,86
Nord Ovest;Lombardia;CO;E139;11,08;31,92
Nord Ovest;Lombardia;CO;E141;2,25;6
Isole;Sicilia;ME;E142;5;3
Nord Ovest;Piemonte;NO;E143;3,84;11,83
Nord Ovest;Lombardia;VA;E144;2;10,5
Nord Est;Veneto;PD;E145;0;9,83
Nord Est;Veneto;PD;E146;1;11
Sud;Basilicata;MT;E147;7,44;5,8
Nord Ovest;Lombardia;BG;E148;14,67;82,86
Isole;Sicilia;PA;E149;6;1
Nord Ovest;Lombardia;PV;E152;7;23,46
Nord Ovest;Piemonte;VB;E153;25,67;70,31
Nord Ovest;Piemonte;TO;E154;2;7
Sud;Puglia;BA;E155;145,68;249,09
Isole;Sicilia;CT;E156;11,25;187,56
Sud;Campania;CE;E158;3;11
Nord Ovest;Piemonte;AT;E159;0;5
Centro;Lazio;RI;E160;1;7
Sud;Campania;AV;E161;1;2,44
Nord Ovest;Piemonte;VC;E163;0;0
Nord Ovest;Piemonte;AL;E164;0;1
Nord Ovest;Valle d'Aosta;AO;E165;16,5;58,65
Nord Ovest;Valle d'Aosta;AO;E167;2,75;10,33
Nord Ovest;Valle d'Aosta;AO;E168;14,57;22,12
Centro;Toscana;FI;E169;31,01;70,04
Nord Ovest;Lombardia;MI;E170;9,3;34,73
Nord Est;Veneto;VR;E171;19,9;63,08
Nord Ovest;Lombardia;CO;E172;4;4
Sud;Campania;CE;E173;8,42;59,2
Nord Ovest;Piemonte;NO;E177;13,33;33,53
Nord Est;Friuli- Venezia Giulia;UD;E179;0;0
Sud;Calabria;CS;E180;0;0
Nord Ovest;Piemonte;CN;E182;2;8
Nord Est;Veneto;VI;E184;0;30,17
Sud;Calabria;CS;E185;13;5
Nord Est;Emilia-Romagna;BO;E187;14,72;45,05
Nord Ovest;Piemonte;AL;E188;1;3
Nord Ovest;Lombardia;BG;E189;6,05;50,78
Nord Ovest;Piemonte;AL;E191;4,75;6
Nord Ovest;Lombardia;BG;E192;4;31,4
Nord Ovest;Lombardia;CR;E193;1;10
Nord Ovest;Lombardia;PV;E195;14;43,83
Nord Est;Emilia-Romagna;PC;E196;7;18,5
Nord Ovest;Piemonte;TO;E199;3;3
Nord Ovest;Lombardia;SO;E200;40,27;15
Nord Ovest;Lombardia;SO;E201;21,49;8,83
Centro;Toscana;GR;E202;153,68;631,73
Nord Ovest;Piemonte;TO;E203;5;0
Centro;Lazio;RM;E204;66;207,58
Sud;Puglia;TA;E205;26,48;88,09
Sud;Campania;AV;E206;7;7,5
Centro;Marche;AP;E207;34,35;137,42
Centro;Marche;AP;E208;2;10,67
Isole;Sicilia;AG;E209;11,34;8,11
Centro;Lazio;VT;E210;7;16,5
Sud;Calabria;RC;E212;0;0
Sud;Basilicata;MT;E213;5,66;3,14
Sud;Campania;AV;E214;8;1,83
Nord Est;Veneto;VE;E215;4;13,5
Nord Ovest;Piemonte;TO;E216;195,32;342,4
Nord Ovest;Lombardia;CR;E217;2;21
Nord Ovest;Lombardia;BG;E219;29,83;139,63
Sud;Basilicata;PZ;E221;7;1
Sud;Puglia;BA;E223;22,38;22
Sud;Campania;NA;E224;10,96;122,34
Nord Est;Veneto;VI;E226;7;44,5
Sud;Puglia;LE;E227;2;13,75
Centro;Marche;MC;E228;2;0
Centro;Umbria;PG;E229;11;15,42
Centro;Umbria;PG;E230;26;66,84
Nord Est;Emilia-Romagna;RE;E232;10,5;60,92
Isole;Sicilia;ME;E233;4;1,75
Isole;Sardegna;CA;E234;0;0
Nord Ovest;Lombardia;CO;E235;15,99;59
Centro;Lazio;FR;E236;4;4
Nord Ovest;Piemonte;VC;E237;5,34;2
Nord Ovest;Lombardia;LO;E238;7;15
Sud;Calabria;CZ;E239;7,67;7
Nord Est;Veneto;RO;E240;1;8,83
Centro;Umbria;TR;E241;4,75;5,33
Sud;Calabria;CS;E242;0;6
Sud;Abruzzo;CH;E243;12;15
Sud;Molise;CB;E244;1;0
Sud;Campania;AV;E245;7;1
Sud;Basilicata;PZ;E246;4,5;0
Sud;Molise;CB;E248;1;2
Sud;Campania;BN;E249;6;3
Centro;Toscana;PI;E250;7,25;6,25
Nord Ovest;Piemonte;CN;E251;12;25,5
Isole;Sardegna;CA;E252;0;0
Nord Est;Emilia-Romagna;RE;E253;15;117,29
Nord Ovest;Piemonte;AL;E255;0;2
Centro;Umbria;PG;E256;68,14;142,76
Nord Ovest;Lombardia;MI;E258;0;20
Sud;Molise;CB;E259;13,04;25,63
Nord Ovest;Lombardia;MN;E261;2;35
Centro;Lazio;RM;E263;177,82;723,71
Nord Est;Emilia-Romagna;MO;E264;21,27;52,45
Nord Ovest;Lombardia;PV;E265;25,5;129,05
Sud;Abruzzo;CH;E266;4;0
Nord Ovest;Piemonte;VB;E269;2,5;0
Isole;Sardegna;CA;E270;7,61;4
Nord Ovest;Lombardia;BS;E271;18,87;150,47
Nord Ovest;Lombardia;CR;E272;2;18,78
Nord Ovest;Valle d'Aosta;AO;E273;8,32;4,83
Sud;Calabria;CZ;E274;0;0
Nord Ovest;Lombardia;BS;E280;4;7,16
Isole;Sardegna;CA;E281;25,56;62,16
Nord Ovest;Piemonte;CN;E282;1;1
Isole;Sardegna;NU;E283;0;0,68
Nord Est;Veneto;VR;E284;11;34,5
Isole;Sardegna;SS;E285;0;1
Nord Ovest;Lombardia;LC;E287;4;28
Nord Est;Emilia-Romagna;BO;E289;222,65;851,42
Nord Ovest;Liguria;IM;E290;139,87;262,12
Centro;Toscana;FI;E291;36,56;82,57
Nord Ovest;Lombardia;VA;E292;2;7,67
Nord Ovest;Piemonte;AT;E295;6,67;5
Nord Ovest;Lombardia;BS;E297;3;5
Nord Ovest;Lombardia;VA;E299;49;136,24
Nord Ovest;Piemonte;TO;E301;0;0
Nord Ovest;Piemonte;VB;E304;1;0
Nord Ovest;Lombardia;LC;E305;7,23;25,28
Nord Ovest;Valle d'Aosta;AO;E306;1;0
Sud;Abruzzo;AQ;E307;8;4
Nord Ovest;Lombardia;CO;E309;30,4;81,66
Nord Ovest;Lombardia;PV;E310;4,25;11,75
Nord Ovest;Piemonte;TO;E311;4;3,5
Nord Ovest;Lombardia;MI;E313;23;96,61
Nord Ovest;Piemonte;NO;E314;15,34;29,5
Nord Ovest;Lombardia;MI;E317;42,23;152,42
Nord Est;Emilia-Romagna;FE;E320;7,14;23,64
Sud;Calabria;VV;E321;1;4
Isole;Sardegna;NU;E323;0;0,03
Nord Ovest;Lombardia;BS;E325;0;0
Sud;Basilicata;MT;E326;6;0
Nord Ovest;Piemonte;CN;E327;0;0
Sud;Calabria;CZ;E328;9;0
Sud;Campania;NA;E329;13,94;5,5
Centro;Lazio;VT;E330;9;4
Sud;Puglia;FG;E332;12,5;11,22
Nord Ovest;Lombardia;BS;E333;47,24;101,63
Sud;Molise;IS;E335;35;41,31
Isole;Sardegna;NU;E336;1;0
Isole;Sicilia;PA;E337;2;1
Nord Ovest;Piemonte;AT;E338;4,99;8,99
Sud;Calabria;KR;E339;6,26;10
Centro;Lazio;FR;E340;8,33;9
Nord Ovest;Liguria;GE;E341;16;1
Nord Ovest;Lombardia;SO;E342;11,12;36,5
Sud;Abruzzo;TE;E343;5;7
Nord Ovest;Piemonte;TO;E345;0;2
Nord Ovest;Liguria;IM;E346;11,5;3
Centro;Toscana;GR;E348;9,92;6
Nord Est;Veneto;VR;E349;22,18;84,15
Isole;Sicilia;PA;E350;6;40,25
Centro;Marche;PS;E351;0;1
Nord Ovest;Lombardia;BG;E353;0;5,83
Nord Est;Veneto;VI;E354;6,14;96,09
Nord Ovest;Lombardia;CR;E356;1;9
Nord Est;Veneto;VR;E358;4;28,57
Nord Ovest;Piemonte;AL;E360;1;0
Sud;Puglia;FG;E363;1;0
Nord Ovest;Lombardia;BS;E364;1;28,5
Sud;Campania;SA;E365;1;2
Isole;Sicilia;RG;E366;28,33;48,42
Nord Ovest;Lombardia;VA;E367;14,28;89,38
Nord Ovest;Piemonte;TO;E368;1;1
Nord Ovest;Valle d'Aosta;AO;E369;3;1
Nord Ovest;Lombardia;BG;E370;1;7,44
Nord Ovest;Valle d'Aosta;AO;E371;8,75;1,75
Sud;Abruzzo;CH;E372;115,34;410,57
Nord Est;Veneto;TV;E373;14;79
Isole;Sicilia;ME;E374;5;3,02
Centro;Lazio;LT;E375;25;12,5
Isole;Sardegna;SS;E376;0;0
Isole;Sardegna;SS;E377;6,1;14,3
Nord Ovest;Piemonte;TO;E379;104,72;254,38
Nord Ovest;Lombardia;CR;E380;1;13,5
Sud;Molise;CB;E381;1;0
Centro;Lazio;RM;E382;4;0
Nord Ovest;Lombardia;VA;E386;8,12;47,51
Isole;Sardegna;NU;E387;1,33;0
Centro;Marche;AN;E388;100,07;312,06
Sud;Calabria;VV;E389;2;5
Isole;Sicilia;AG;E390;2;0
Nord Ovest;Valle d'Aosta;AO;E391;4;0
Centro;Lazio;RM;E392;7,5;59,03
Centro;Lazio;RI;E393;1;3
Nord Ovest;Piemonte;TO;E394;5;13
Nord Ovest;Lombardia;MI;E395;28;182,33
Sud;Campania;NA;E396;2,33;2
Sud;Campania;AV;E397;4;5,83
Isole;Sardegna;NU;E400;5;0
Isole;Sardegna;SS;E401;0;2
Sud;Calabria;RC;E402;0;1
Nord Est;Veneto;VI;E403;0;4,42
Nord Ovest;Lombardia;CO;E405;13;8
Nord Ovest;Piemonte;CN;E406;2;5
Sud;Calabria;CS;E407;2;1
Sud;Basilicata;PZ;E409;23,33;10
Nord Est;Emilia-Romagna;FE;E410;7;28,65
Centro;Toscana;PI;E413;8,33;3
Nord Ovest;Liguria;SV;E414;21,15;42,22
Nord Ovest;Lombardia;MI;E415;164,62;450,02
Nord Ovest;Lombardia;CO;E416;3;0
Sud;Calabria;CS;E417;3;3
Sud;Calabria;CS;E419;0;1
Nord Ovest;Lombardia;BG;E422;10,83;77,72
Nord Ovest;Piemonte;TO;E423;29;70,25
Sud;Abruzzo;CH;E424;4;2
Isole;Sardegna;SS;E425;16;50
Nord Est;Emilia-Romagna;MO;E426;12,02;42,5
Nord Ovest;Lombardia;CO;E428;11,17;29,96
Nord Est;Veneto;BL;E429;10,33;15,82
Nord Ovest;Piemonte;CN;E430;4,17;9,77
Isole;Sicilia;AG;E431;7,78;2
Centro;Toscana;PT;E432;11;49,87
Nord Ovest;Piemonte;VC;E433;0;2
Sud;Abruzzo;CH;E435;78;276,8
Nord Ovest;Piemonte;NO;E436;0;1
Nord Ovest;Lombardia;PV;E437;19;79,1
Nord Est;Emilia-Romagna;PR;E438;21,17;94,35
Nord Ovest;Lombardia;PV;E439;2;4
Isole;Sardegna;NU;E441;5;13
Nord Ovest;Lombardia;SO;E443;14,77;13,58
Nord Ovest;Piemonte;TO;E445;18,5;53,5
Centro;Marche;AP;E447;1;0
Sud;Campania;AV;E448;4;4
Sud;Calabria;CS;E450;0;0
Centro;Toscana;PT;E451;8,75;32,35
Nord Ovest;Lombardia;PV;E454;1;9,33
Sud;Molise;CB;E456;10,67;16
Nord Ovest;Valle d'Aosta;AO;E458;21,67;48,57
Isole;Sicilia;PA;E459;17,7;1
Nord Ovest;Lombardia;CO;E462;0;1
Nord Ovest;Liguria;SP;E463;261,85;349,56
Isole;Sardegna;CA;E464;0;0
Nord Est;Veneto;VI;E465;0;2
Centro;Toscana;FI;E466;43,14;97
Centro;Lazio;VT;E467;4;5
Sud;Puglia;TA;E469;11,12;21,11
Nord Ovest;Valle d'Aosta;AO;E470;17;51,83
Sud;Puglia;BR;E471;3;17,72
Centro;Lazio;LT;E472;203;786,2
Nord Est;Friuli- Venezia Giulia;UD;E473;18,33;141,83
Sud;Basilicata;PZ;E474;16,17;3,67
Sud;Calabria;CS;E475;1;1,75
Nord Est;Friuli- Venezia Giulia;UD;E476;2;2
Sud;Calabria;RC;E479;3;4
Sud;Campania;SA;E480;2;2
Sud;Basilicata;PZ;E482;9,81;2,5
Sud;Basilicata;PZ;E483;10;6
Nord Ovest;Piemonte;TO;E484;5;11
Sud;Campania;SA;E485;7,5;4
Sud;Campania;SA;E486;6;0
Sud;Campania;AV;E487;4,67;2
Nord Ovest;Liguria;GE;E488;70,02;131,53
Nord Est;Veneto;VR;E489;21;92,75
Nord Est;Veneto;BL;E490;5;2
Sud;Basilicata;PZ;E493;18,36;28,88
Nord Ovest;Lombardia;VA;E494;12,25;67,33
Nord Ovest;Lombardia;VA;E496;37,06;103,79
Nord Ovest;Lombardia;BS;E497;0;1
Sud;Campania;SA;E498;4;5,3
Nord Est;Veneto;VR;E502;36,04;131,66
Nord Ovest;Lombardia;MI;E504;9,5;68,84
Sud;Abruzzo;AQ;E505;0,67;2
Sud;Puglia;LE;E506;95,08;694,31
Nord Ovest;Lombardia;LC;E507;190,06;558,83
Nord Ovest;Lombardia;BG;E509;8,51;49,93
Nord Ovest;Lombardia;VA;E510;10;49,67
Nord Est;Veneto;VR;E512;20,5;243,62
Nord Ovest;Lombardia;MI;E514;274,6;970,14
Nord Est;Veneto;PD;E515;3;151,05
Isole;Sardegna;NU;E517;0;1
Nord Ovest;Piemonte;TO;E518;110,33;248,83
Nord Ovest;Liguria;GE;E519;11;20
Nord Ovest;Piemonte;TO;E520;1;6
Nord Est;Veneto;RO;E522;10,13;67,76
Isole;Sicilia;ME;E523;2,14;0
Nord Ovest;Lombardia;BG;E524;1,67;5,67
Nord Ovest;Lombardia;BS;E526;20,5;106,66
Centro;Lazio;LT;E527;12;4
Nord Ovest;Piemonte;VC;E528;1;5
Nord Ovest;Lombardia;MI;E530;39,95;157,69
Sud;Abruzzo;CH;E531;4;2
Isole;Sicilia;SR;E532;16,56;70,44
Centro;Lazio;RI;E535;13,33;23,17
Isole;Sicilia;EN;E536;12,75;23,39
Sud;Puglia;TA;E537;13,25;3
Sud;Puglia;LE;E538;3;30
Nord Ovest;Piemonte;CN;E539;1;2
Nord Ovest;Piemonte;CN;E540;1;3
Isole;Sicilia;PA;E541;14;5
Nord Ovest;Liguria;SP;E542;46,21;100,37
Nord Ovest;Piemonte;AL;E543;3,18;2,17
Nord Ovest;Piemonte;NO;E544;12,14;39,22
Nord Ovest;Piemonte;CN;E546;1,5;3,5
Nord Est;Emilia-Romagna;PR;E547;11,37;41
Nord Est;Emilia-Romagna;PR;E548;1;5
Sud;Puglia;FG;E549;10;79,55
Nord Ovest;Lombardia;MI;E550;38,39;125,34
Nord Ovest;Piemonte;TO;E551;1;17,75
Nord Est;Friuli- Venezia Giulia;UD;E553;4;13,5
Sud;Campania;CE;E554;0;2
Isole;Sicilia;ME;E555;5,33;21,09
Sud;Campania;NA;E557;3,67;7,42
Sud;Abruzzo;PE;E558;5;1
Sud;Abruzzo;CH;E559;0,88;1,88
Nord Ovest;Liguria;SP;E560;17,51;40,83
Nord Ovest;Lombardia;BG;E562;5,25;42,5
Sud;Puglia;LE;E563;4;26,42
Nord Ovest;Piemonte;CN;E564;1;1
Nord Ovest;Piemonte;TO;E566;1;4
Nord Ovest;Lombardia;CO;E569;7,02;5,02
Sud;Campania;CE;E570;0,75;0
Isole;Sicilia;ME;E571;2;0
Isole;Sicilia;AG;E573;25,8;45,75
Centro;Toscana;MS;E574;16,75;17
Centro;Lazio;RM;E576;4;0
Isole;Sicilia;CT;E578;10,5;10,75
Nord Ovest;Lombardia;LC;E581;5,76;32,17
Nord Ovest;Piemonte;VC;E583;1;3
Nord Est;Friuli- Venezia Giulia;UD;E584;96,48;424,91
Nord Ovest;Valle d'Aosta;AO;E587;1;0,5
Nord Est;Veneto;BL;E588;11;20,92
Sud;Campania;BN;E589;5;2
Sud;Calabria;VV;E590;1,59;0
Nord Ovest;Lombardia;MI;E591;163,88;467,13
Nord Est;Veneto;PD;E592;4;183,41
Nord Ovest;Lombardia;CO;E593;9,33;27,29
Isole;Sicilia;ME;E594;1;1
Nord Ovest;Lombardia;BS;E596;2;1
Nord Ovest;Piemonte;CN;E597;45,19;92,35
Sud;Molise;CB;E599;4,8;2
Nord Ovest;Lombardia;PV;E600;3;25
Isole;Sicilia;CT;E602;9,25;10,5
Sud;Campania;AV;E605;4,75;9,75
Isole;Sicilia;ME;E606;17,58;8,5
Nord Ovest;Lombardia;CO;E607;21,22;67,49
Nord Ovest;Lombardia;PV;E608;0;0
Nord Ovest;Lombardia;MI;E610;6;48,8
Sud;Abruzzo;CH;E611;0;1,75
Centro;Umbria;PG;E613;4;5
Nord Ovest;Piemonte;CN;E615;0;0
Nord Ovest;Lombardia;MI;E617;230,19;634,96
Isole;Sicilia;CL;E618;6;2
Sud;Campania;NA;E620;3;1
Nord Ovest;Lombardia;SO;E621;48,31;32,5
Nord Ovest;Lombardia;CO;E623;4;0
Centro;Toscana;LI;E625;322,57;840,82
Nord Ovest;Piemonte;VC;E626;6;33
Nord Ovest;Lombardia;LO;E627;1,5;23,5
Sud;Puglia;LE;E629;10,44;45,5
Sud;Puglia;TA;E630;4;8
Nord Ovest;Liguria;SV;E632;56,32;209,35
Nord Ovest;Piemonte;AT;E633;1;3
Nord Ovest;Piemonte;TO;E635;9;9
Nord Ovest;Lombardia;CO;E638;9,66;37,7
Nord Ovest;Lombardia;MI;E639;34,83;107,23
Nord Ovest;Lombardia;BG;E640;0;3,25
Isole;Sardegna;NU;E644;2;1
Sud;Puglia;BA;E645;22;25,34
Isole;Sardegna;NU;E646;0;0
Isole;Sardegna;NU;E647;0;0
Nord Ovest;Lombardia;LO;E648;217,99;562,5
Isole;Sardegna;NU;E649;1;0
Nord Ovest;Lombardia;LO;E651;11,5;81
Nord Ovest;Lombardia;BS;E652;3;13
Nord Ovest;Lombardia;BS;E654;3,13;26,88
Nord Est;Emilia-Romagna;BO;E655;30;53,27
Nord Ovest;Lombardia;LC;E656;11;64,14
Nord Ovest;Lombardia;CO;E659;29,1;128,35
Nord Ovest;Piemonte;TO;E660;5;15
Nord Ovest;Piemonte;TO;E661;2;11,5
Nord Ovest;Lombardia;PV;E662;0;12,67
Nord Ovest;Lombardia;VA;E665;22,33;73,44
Nord Ovest;Lombardia;VA;E666;25;107
Centro;Toscana;FI;E668;4,33;11,14
Sud;Molise;IS;E669;3,5;1
Nord Est;Veneto;VI;E671;12,17;62,92
Nord Ovest;Lombardia;BS;E673;1,75;6,58
Isole;Sicilia;ME;E674;3;1
Nord Est;Emilia-Romagna;FO;E675;4;48,3
Sud;Calabria;CS;E677;0;3
Sud;Calabria;CS;E678;4;4
Nord Ovest;Lombardia;CO;E679;12;21,28
Centro;Toscana;LI;E680;11,5;27,44
Centro;Lazio;RI;E681;1,5;1
Nord Est;Veneto;VI;E682;29,17;179,52
Nord Ovest;Piemonte;TO;E683;3;9
Nord Est;Veneto;PD;E684;7,62;75,5
Nord Ovest;Piemonte;VB;E685;0;0
Nord Est;Veneto;BL;E687;2,98;3
Nord Est;Veneto;RO;E689;0;13
Centro;Marche;AN;E690;16,5;95,06
Sud;Abruzzo;PE;E691;10;24,85
Nord Est;Veneto;TV;E692;11;65,5
Centro;Toscana;AR;E693;20,89;33,5
Centro;Marche;MC;E694;4;3
Nord Ovest;Liguria;GE;E695;2;0
Nord Ovest;Lombardia;BS;E698;0;3
Isole;Sardegna;NU;E700;0;5
Nord Ovest;Lombardia;BG;E704;19,24;54,55
Nord Ovest;Lombardia;SO;E705;1;0
Nord Ovest;Lombardia;BS;E706;3;16,5
Nord Ovest;Lombardia;VA;E707;1,5;15,2
Nord Est;Veneto;BL;E708;6,13;7
Nord Est;Veneto;PD;E709;1,78;12
Nord Ovest;Piemonte;VC;E711;0,62;2,5
Centro;Lazio;VT;E713;4;4
Isole;Sicilia;AG;E714;5;3
Centro;Toscana;LU;E715;175,84;507,89
Sud;Puglia;FG;E716;46,56;173,97
Centro;Toscana;AR;E718;4,5;15
Nord Ovest;Liguria;IM;E719;2;1
Sud;Molise;CB;E722;0;2,5
Sud;Abruzzo;AQ;E723;9;6
Sud;Abruzzo;AQ;E724;18;17
Nord Est;Emilia-Romagna;PC;E726;5,09;23
Centro;Umbria;TR;E729;4,5;3,35
Nord Est;Emilia-Romagna;RA;E730;71,33;246,67
Nord Est;Veneto;VI;E731;2;27,4
Nord Ovest;Lombardia;VA;E734;56,27;178,16
Nord Ovest;Lombardia;CO;E735;5;47,03
Isole;Sardegna;NU;E736;0;1,26
Nord Ovest;Liguria;GE;E737;12;6
Nord Ovest;Lombardia;BS;E738;37,8;97,65
Isole;Sardegna;CA;E742;0;0
Centro;Marche;PS;E743;3,33;1,89
Sud;Calabria;CS;E745;3,15;4,83
Sud;Campania;AV;E746;4;2,75
Isole;Sardegna;SS;E747;7;3
Sud;Molise;CB;E748;3;3
Nord Ovest;Lombardia;CO;E749;18;46,5
Nord Ovest;Lombardia;CO;E750;9,75;24
Nord Ovest;Lombardia;BG;E751;6;22,25
Isole;Sardegna;SS;E752;3;4,5
Nord Ovest;Lombardia;CO;E753;24,5;81,42
Sud;Campania;CE;E754;18,5;71,4
Nord Ovest;Piemonte;TO;E758;31;69,72
Nord Ovest;Piemonte;TO;E759;1;1
Nord Est;Friuli- Venezia Giulia;UD;E760;1;8
Nord Est;Veneto;RO;E761;3;15,5
Nord Ovest;Piemonte;TO;E763;0;4
Sud;Campania;SA;E767;0;0
Nord Ovest;Lombardia;VA;E769;2,16;17
Nord Ovest;Lombardia;BG;E770;0;5
Nord Est;Emilia-Romagna;RE;E772;10;63
Sud;Calabria;CS;E773;9,2;11
Nord Ovest;Lombardia;LO;E777;0;0
Sud;Molise;IS;E778;1;0
Sud;Molise;IS;E779;0;2
Sud;Molise;CB;E780;1;2
Nord Ovest;Piemonte;TO;E782;1;14,67
Centro;Marche;MC;E783;127,31;213,46
Sud;Campania;CE;E784;15,37;89,66
Centro;Marche;PS;E785;6,33;4
Nord Ovest;Lombardia;MI;E786;35,8;152,22
Nord Ovest;Lombardia;BS;E787;4;17
Isole;Sardegna;NU;E788;7;25,21
Nord Ovest;Piemonte;CN;E789;0;0
Nord Ovest;Piemonte;VB;E790;5,76;5
Sud;Campania;CE;E791;40,21;106,02
Nord Ovest;Lombardia;CR;E793;2;18
Nord Ovest;Lombardia;BG;E794;11;71,67
Nord Ovest;Piemonte;VB;E795;2;4
Centro;Lazio;LT;E798;6,1;0,83
Sud;Molise;CB;E799;9;3
Nord Ovest;Lombardia;MI;E801;86,13;270,05
Nord Ovest;Piemonte;NO;E803;4;10
Nord Ovest;Lombardia;PV;E804;4,5;15,33
Centro;Umbria;PG;E805;38,56;96,39
Sud;Calabria;CZ;E806;2;3
Centro;Marche;AP;E807;0;3
Nord Ovest;Piemonte;CN;E808;0;10
Nord Ovest;Piemonte;CN;E809;1;16,83
Centro;Toscana;GR;E810;6;13,5
Sud;Abruzzo;AQ;E811;1;6,68
Centro;Lazio;RI;E812;5,01;16
Centro;Lazio;RM;E813;2,5;1,67
Sud;Campania;SA;E814;0;0
Sud;Puglia;LE;E815;15,48;33
Nord Ovest;Liguria;SV;E816;2;15,5
Nord Ovest;Piemonte;TO;E817;2;3
Nord Ovest;Lombardia;MN;E818;1,5;17,25
Nord Ovest;Lombardia;MI;E819;22,13;114,85
Nord Est;Friuli- Venezia Giulia;UD;E820;1;12
Nord Ovest;Piemonte;BI;E821;0;1
Isole;Sardegna;NU;E825;0;2
Nord Ovest;Lombardia;CO;E830;0;11
Nord Est;Friuli- Venezia Giulia;UD;E833;10;37,83
Sud;Calabria;CZ;E834;5,42;3,66
Sud;Calabria;CS;E835;1,5;0
Sud;Calabria;VV;E836;4;0
Centro;Marche;AN;E837;7,5;39,4
Nord Est;Emilia-Romagna;RN;E838;0;0
Sud;Campania;SA;E839;12,16;12,89
Nord Ovest;Lombardia;LO;E840;1;5,67
Nord Ovest;Lombardia;BS;E841;1,5;37,5
Nord Ovest;Liguria;SP;E842;2;0
Nord Ovest;Lombardia;CR;E843;0;12,5
Nord Est;Emilia-Romagna;BO;E844;18,5;125,52
Nord Est;Veneto;VR;E848;12;14
Nord Ovest;Lombardia;BS;E851;6;20
Nord Ovest;Lombardia;LO;E852;2;17,75
Nord Ovest;Piemonte;VB;E853;7,5;15
Isole;Sicilia;CT;E854;4,5;9,13
Isole;Sicilia;ME;E855;2;0
Nord Ovest;Lombardia;LC;E858;14,21;36,92
Sud;Calabria;CS;E859;1;1
Nord Ovest;Liguria;SV;E860;2;0
Nord Ovest;Lombardia;VA;E863;52,75;168,7
Nord Est;Veneto;VI;E864;7,67;144,41
Nord Ovest;Lombardia;BS;E865;9,5;8,34
Centro;Marche;AP;E868;2;15
Isole;Sicilia;ME;E869;1;1
Nord Ovest;Piemonte;AL;E870;0;0
Sud;Calabria;CS;E872;0,05;0
Sud;Calabria;RC;E873;2;0
Isole;Sardegna;NU;E874;0;0,67
Centro;Toscana;GR;E875;57;31,83
Isole;Sicilia;ME;E876;1;0
Isole;Sardegna;CA;E877;2;0
Sud;Calabria;CS;E878;5;10,92
Nord Ovest;Lombardia;LC;E879;27,5;78,34
Nord Ovest;Piemonte;NO;E880;2;2,5
Sud;Puglia;TA;E882;35,94;57,79
Nord Ovest;Lombardia;BS;E883;11,64;159,87
Nord Ovest;Lombardia;BS;E884;13,7;141,02
Sud;Puglia;FG;E885;77,42;234,82
Nord Ovest;Piemonte;CN;E887;8,56;6
Sud;Calabria;CS;E888;1;4
Nord Est;Friuli- Venezia Giulia;PN;E889;30;81,17
Sud;Campania;AV;E891;0;11
Sud;Abruzzo;PE;E892;9,75;18,5
Nord Est;Veneto;TV;E893;4;19,58
Nord Ovest;Piemonte;CN;E894;18;43,13
Nord Ovest;Lombardia;SO;E896;1;0
Nord Ovest;Lombardia;MN;E897;211,33;520,49
Nord Est;Friuli- Venezia Giulia;UD;E899;14;40
Centro;Lazio;RM;E900;13;51,17
Nord Ovest;Lombardia;BG;E901;11,83;75
Isole;Sardegna;SS;E902;0;0
Isole;Sardegna;CA;E903;3;10,5
Nord Est;Emilia-Romagna;MO;E904;38,38;247,01
Nord Est;Emilia-Romagna;MO;E905;14;65,58
Sud;Campania;NA;E906;26,01;159,98
Nord Ovest;Piemonte;NO;E907;4;18,7
Centro;Lazio;RM;E908;2;2
Nord Est;Friuli- Venezia Giulia;UD;E910;0;5
Nord Est;Veneto;VR;E911;6,5;19,67
Nord Est;Veneto;VI;E912;11,17;73,72
Sud;Calabria;CS;E914;1;1
Sud;Calabria;CS;E915;5;6
Nord Ovest;Piemonte;AT;E917;0;0
Sud;Basilicata;PZ;E919;15;5
Nord Ovest;Lombardia;MI;E921;15,67;67,56
Nord Ovest;Lombardia;MN;E922;6;49,47
Sud;Calabria;CZ;E923;0;0
Centro;Lazio;RM;E924;12,5;21,5
Sud;Calabria;CZ;E925;1;2
Centro;Lazio;RI;E927;0;0
Nord Ovest;Lombardia;BS;E928;5;21,25
Nord Ovest;Lombardia;VA;E929;9,33;32,57
Centro;Toscana;LI;E930;25,17;16,26
Centro;Toscana;LI;E931;7,1;17,6
Sud;Campania;CE;E932;20,91;124,44
Centro;Toscana;AR;E933;1;25
Nord Ovest;Lombardia;PV;E934;1;31
Nord Est;Veneto;VE;E936;5,5;322,95
Nord Ovest;Piemonte;CN;E939;9,5;28,06
Nord Est;Veneto;TV;E940;11,67;62,59
Nord Ovest;Piemonte;TO;E941;3;10
Nord Ovest;Piemonte;AT;E944;0;3
Nord Ovest;Piemonte;CN;E945;1;4,33
Sud;Puglia;FG;E946;25,66;60,17
Nord Ovest;Lombardia;LC;E947;0;11,83
Nord Ovest;Lombardia;MN;E949;1;3
Nord Ovest;Lombardia;CO;E951;96,88;312,36
Isole;Sicilia;CL;E953;0,67;2
Sud;Campania;NA;E954;9;45
Sud;Campania;NA;E955;31,47;145,5
Sud;Calabria;RC;E956;4;2
Isole;Sicilia;PA;E957;3;0
Centro;Lazio;RM;E958;110,28;544,31
Centro;Toscana;PT;E960;10;24,5
Nord Ovest;Lombardia;BS;E961;0,75;1
Nord Ovest;Lombardia;MN;E962;4;77,32
Nord Ovest;Piemonte;CN;E963;1;0
Nord Ovest;Lombardia;VA;E965;27;107,25
Nord Ovest;Lombardia;BS;E967;9,5;14
Sud;Calabria;RC;E968;3;2
Nord Est;Veneto;VI;E970;22,55;80,78
Centro;Toscana;FI;E971;7,17;15,5
Isole;Sardegna;OR;E972;2;0
Nord Ovest;Piemonte;CN;E973;0;1
Isole;Sicilia;TP;E974;67,06;200,01
Centro;Umbria;PG;E975;43,92;128,54
Sud;Basilicata;PZ;E976;8;1
Sud;Basilicata;PZ;E977;7;24
Centro;Lazio;VT;E978;9,84;9
Sud;Puglia;LE;E979;5,25;8
Nord Est;Veneto;VE;E980;22,93;222,99
Nord Est;Friuli- Venezia Giulia;UD;E982;12,77;46,49
Nord Ovest;Lombardia;CR;E983;2;15
Sud;Puglia;LE;E984;1,34;3
Sud;Puglia;TA;E986;72,5;116,17
Nord Ovest;Lombardia;BG;E987;21,5;134,68
Nord Ovest;Piemonte;CN;E988;7;1,89
Sud;Abruzzo;TE;E989;63,71;275,35
Sud;Calabria;CZ;E991;0;0
Isole;Sardegna;SS;E992;0;0
Sud;Calabria;RC;E993;0;0
Nord Ovest;Lombardia;LO;E994;0;23,83
Sud;Puglia;TA;E995;5;16
Sud;Campania;AV;E997;3;2
Sud;Campania;CE;E998;10,33;2
Nord Ovest;Lombardia;PV;E999;0;37
Sud;Calabria;CS;F001;0;1
Nord Ovest;Lombardia;VA;F002;1;3
Nord Ovest;Lombardia;MI;F003;9,5;72
Isole;Sicilia;CT;F004;34,26;164,89
Isole;Sicilia;CT;F005;16,1;89,17
Sud;Basilicata;PZ;F006;2,83;0,8
Nord Ovest;Lombardia;VA;F007;0;1
Nord Est;Veneto;TV;F009;1;13
Nord Ovest;Piemonte;VB;F010;11;4
Nord Est;Veneto;PD;F011;2,25;109,17
Nord Est;Veneto;TV;F012;9,13;87,53
Nord Est;Veneto;PD;F013;6;9,5
Nord Ovest;Piemonte;AL;F015;3,75;2
Nord Est;Emilia-Romagna;FE;F016;4,88;6,5
Nord Ovest;Lombardia;CO;F017;10,64;21,93
Nord Ovest;Liguria;GE;F020;10,17;17
Centro;Marche;AP;F021;2;3
Sud;Abruzzo;AQ;F022;1;3
Centro;Toscana;MS;F023;126,73;279,89
Centro;Umbria;PG;F024;12,67;14,67
Centro;Toscana;PT;F025;11,58;59,67
Sud;Puglia;TA;F027;61,36;95,59
Nord Ovest;Lombardia;LO;F028;0;56
Nord Est;Emilia-Romagna;RA;F029;18,31;97,48
Sud;Campania;NA;F030;17;25,51
Centro;Toscana;GR;F032;33,37;78,21
Nord Est;Veneto;PD;F033;1;50,34
Centro;Toscana;LU;F035;34,83;58,5
Nord Ovest;Piemonte;BI;F037;1;5
Nord Ovest;Piemonte;TO;F041;0;0
Nord Ovest;Piemonte;BI;F042;13;26
Sud;Campania;CE;F043;3;16
Centro;Marche;AP;F044;2;16
Nord Ovest;Liguria;SV;F046;0;1
Nord Ovest;Piemonte;NO;F047;1;14
Nord Ovest;Piemonte;VB;F048;0;0
Isole;Sardegna;OR;F050;0;1
Centro;Marche;MC;F051;33,19;54,17
Sud;Basilicata;MT;F052;125,16;355,82
Nord Ovest;Piemonte;TO;F053;8,8;34,47
Sud;Puglia;LE;F054;10,33;31
Sud;Molise;CB;F055;0;4
Nord Ovest;Piemonte;TO;F058;0,66;2,33
Sud;Puglia;FG;F059;10,25;24
Isole;Sicilia;TP;F061;30,33;42
Nord Ovest;Lombardia;BS;F063;9,47;183,83
Centro;Lazio;RM;F064;3;3,6
Isole;Sicilia;CL;F065;13,94;11
Isole;Sicilia;ME;F066;1,5;2
Nord Ovest;Piemonte;TO;F067;8,5;57,8
Nord Ovest;Lombardia;SO;F070;7,5;3,5
Isole;Sardegna;NU;F073;0;0
Nord Ovest;Piemonte;TO;F074;6;6
Nord Ovest;Lombardia;MI;F078;130,57;364,47
Nord Ovest;Lombardia;PV;F080;3;45,04
Nord Est;Emilia-Romagna;PR;F082;25,88;116,61
Nord Est;Emilia-Romagna;BO;F083;50,36;174,79
Nord Ovest;Lombardia;MI;F084;37,25;183,33
Nord Ovest;Lombardia;BG;F085;9,42;37,84
Nord Ovest;Lombardia;MN;F086;1;25,6
Nord Est;Emilia-Romagna;MO;F087;8,5;104,5
Nord Est;Veneto;TV;F088;4;18,42
Nord Est;Friuli- Venezia Giulia;PN;F089;3;7
Nord Est;Veneto;PD;F092;3;12,11
Nord Ovest;Piemonte;NO;F093;17,5;44,5
Nord Est;Veneto;RO;F095;3,5;21,75
Nord Ovest;Piemonte;AL;F096;2;11
Nord Est;Emilia-Romagna;FO;F097;9,75;64,58
Nord Ovest;Liguria;GE;F098;9,72;15,39
Nord Ovest;Lombardia;MI;F100;110,22;223,3
Sud;Puglia;LE;F101;3;26,5
Nord Ovest;Lombardia;LO;F102;0;0,5
Sud;Basilicata;PZ;F104;24,38;34,67
Sud;Calabria;RC;F105;0;0
Sud;Calabria;RC;F106;1;1,58
Isole;Sicilia;SR;F107;8;44
Sud;Calabria;KR;F108;2;7
Sud;Puglia;LE;F109;1,33;10,89
Sud;Campania;AV;F110;0;2
Sud;Campania;NA;F111;27,52;124,01
Sud;Calabria;RC;F112;0;6
Sud;Campania;BN;F113;0;2
Nord Ovest;Piemonte;CN;F114;4;9,66
Nord Ovest;Lombardia;SO;F115;5,5;1
Nord Est;Veneto;TV;F116;29,07;164,29
Sud;Puglia;LE;F117;0;0
Nord Ovest;Lombardia;MI;F119;107,2;265,94
Nord Ovest;Lombardia;CO;F120;17,25;70,42
Nord Ovest;Lombardia;PV;F122;5;6
Nord Ovest;Liguria;IM;F123;3;0
Sud;Calabria;CS;F125;3;10
Isole;Sicilia;AG;F126;8,75;19,34
Centro;Lazio;RM;F127;39,1;128,89
Nord Est;Veneto;VE;F130;10,17;57,25
Nord Ovest;Piemonte;AL;F131;0;0
Nord Ovest;Lombardia;LC;F133;68,16;185,68
Nord Ovest;Lombardia;VA;F134;1;10,33
Centro;Marche;PS;F135;1;4
Centro;Marche;PS;F136;4;8
Nord Est;Emilia-Romagna;RN;F137;9;19
Sud;Campania;SA;F138;32,93;62,4
Nord Est;Emilia-Romagna;FO;F139;14,5;51,76
Nord Ovest;Piemonte;TO;F140;4,79;11,5
Sud;Campania;AV;F141;20,81;68,67
Nord Est;Friuli- Venezia Giulia;UD;F144;1;5
Centro;Marche;AN;F145;1;4
Nord Ovest;Piemonte;VB;F146;10,04;7,72
Isole;Sicilia;ME;F147;2;1
Nord Est;Veneto;PD;F148;2;6
Nord Ovest;Lombardia;LO;F149;2;22
Nord Ovest;Lombardia;CO;F151;6,83;40,17
Sud;Puglia;BR;F152;23,02;79,88
Nord Ovest;Lombardia;SO;F153;13;7,13
Nord Ovest;Lombardia;VA;F154;6;24
Nord Ovest;Lombardia;MI;F155;10;51,84
Nord Est;Emilia-Romagna;FE;F156;13,84;40,8
Sud;Calabria;KR;F157;7;0
Isole;Sicilia;ME;F158;261,82;423,65
Nord Est;Veneto;PD;F161;3,5;180,23
Sud;Campania;NA;F162;12,99;9,69
Nord Ovest;Lombardia;MI;F165;9,3;45,42
Nord Ovest;Piemonte;BI;F167;2;7
Nord Ovest;Lombardia;PV;F170;0;6
Nord Ovest;Lombardia;PV;F171;1;1,5
Nord Est;Veneto;VR;F172;0;8,5
Nord Ovest;Liguria;GE;F173;8;8
Nord Ovest;Lombardia;PV;F175;3;6,17
Nord Ovest;Piemonte;TO;F182;3,5;8,5
Isole;Sicilia;PA;F184;4,5;1
Nord Ovest;Lombardia;BG;F186;5,33;5,15
Nord Ovest;Piemonte;NO;F188;1;19
Nord Ovest;Piemonte;BI;F189;3;1
Nord Est;Veneto;TV;F190;6,5;14,5
Nord Ovest;Piemonte;NO;F191;7;4,3
Nord Ovest;Piemonte;VB;F192;3,5;2,33
Centro;Lazio;RI;F193;2,83;0,83
Sud;Puglia;LE;F194;1;1,37
Sud;Abruzzo;CH;F196;4;13
Sud;Calabria;CZ;F200;2;0
Sud;Basilicata;MT;F201;1;0,89
Nord Ovest;Liguria;GE;F202;18,17;10
Sud;Campania;CE;F203;6;0,98
Nord Ovest;Lombardia;MI;F205;10543,35;12250,68
Isole;Sicilia;ME;F206;31,31;207,86
Sud;Calabria;VV;F207;4;0
Isole;Sardegna;OR;F208;0;0
Isole;Sicilia;CT;F209;4,5;16,16
Isole;Sicilia;ME;F210;4;1
Nord Ovest;Liguria;SV;F213;21;22
Isole;Sicilia;CT;F214;6;3
Nord Ovest;Lombardia;BS;F216;1;8,5
Isole;Sicilia;CT;F217;10;14,55
Nord Est;Veneto;VR;F218;11;39,2
Nord Est;Emilia-Romagna;BO;F219;21,73;106,6
Sud;Puglia;BA;F220;8,25;28
Sud;Puglia;LE;F221;7;3,5
Sud;Campania;SA;F223;3,66;0
Centro;Lazio;LT;F224;53,19;25,5
Centro;Toscana;LU;F225;8;3,5
Nord Ovest;Liguria;SV;F226;8,83;2
Nord Est;Veneto;VE;F229;25,62;425,46
Sud;Campania;AV;F230;4,2;9,39
Isole;Sicilia;CT;F231;4;9,09
Nord Ovest;Piemonte;AL;F232;1;6
Sud;Molise;CB;F233;3;6
Nord Ovest;Lombardia;PV;F238;4;35,5
Sud;Molise;IS;F239;2;1
Nord Est;Emilia-Romagna;MO;F240;96,68;417,75
Nord Est;Veneto;VE;F241;36;327,88
Isole;Sicilia;ME;F242;3;6
Nord Ovest;Lombardia;BG;F243;1;29
Nord Est;Emilia-Romagna;RN;F244;40,5;136,36
Isole;Sicilia;PA;F246;28,01;16
Nord Ovest;Lombardia;MI;F247;15,5;77,57
Nord Ovest;Lombardia;LC;F248;28,5;83,27
Sud;Basilicata;PZ;F249;0;0
Isole;Sicilia;CT;F250;34,52;119,69
Isole;Sicilia;ME;F251;7,58;6,1
Nord Ovest;Piemonte;AT;F254;0;0
Nord Ovest;Liguria;GE;F256;4,67;5
Nord Est;Emilia-Romagna;MO;F257;786,38;2104,44
Isole;Sicilia;RG;F258;71,02;308,22
Nord Est;Emilia-Romagna;FO;F259;10;19
Nord Ovest;Lombardia;LO;F260;10;73
Isole;Sardegna;NU;F261;0;0
Sud;Puglia;BA;F262;103,2;372,49
Nord Ovest;Lombardia;LC;F265;3;25,66
Nord Est;Friuli- Venezia Giulia;UD;F266;1;8,08
Nord Ovest;Lombardia;MN;F267;7,54;32,21
Centro;Marche;MC;F268;3,5;4
Nord Est;Veneto;TV;F269;66;415,84
Isole;Sardegna;OR;F270;0;0
Isole;Sardegna;OR;F271;0;0
Isole;Sardegna;OR;F272;2;0
Sud;Campania;BN;F274;3;1
Nord Est;Friuli- Venezia Giulia;UD;F275;0;3
Nord Ovest;Lombardia;BG;F276;0;1
Isole;Sicilia;ME;F277;1,5;3
Sud;Campania;SA;F278;2;0
Nord Ovest;Piemonte;CN;F279;1;5
Sud;Puglia;BA;F280;50,81;56,05
Nord Ovest;Piemonte;AL;F281;3;15,05
Centro;Toscana;LU;F283;3;4,5
Sud;Puglia;BA;F284;142,54;311,6
Sud;Campania;BN;F287;0;0
Nord Est;Emilia-Romagna;BO;F288;44,5;161,46
Nord Ovest;Liguria;IM;F290;24,75;1
Nord Ovest;Piemonte;AL;F293;0;1
Sud;Molise;CB;F294;0;0
Sud;Basilicata;PZ;F295;9,5;5
Nord Ovest;Piemonte;VC;F297;4;3
Isole;Sicilia;AG;F299;23,67;31,5
Sud;Calabria;RC;F301;5;1
Nord Ovest;Lombardia;LC;F304;6,09;22,56
Nord Ovest;Lombardia;CO;F305;8,5;26
Nord Ovest;Piemonte;AT;F308;1;2
Nord Ovest;Piemonte;CN;F309;3;3
Centro;Marche;PS;F310;1,5;24
Nord Ovest;Piemonte;AT;F311;8,21;1
Nord Ovest;Piemonte;CN;F312;2;2
Nord Ovest;Piemonte;AL;F313;1;8
Nord Ovest;Piemonte;TO;F315;0;2
Nord Ovest;Piemonte;AT;F316;6;14
Nord Ovest;Piemonte;NO;F317;1;17
Nord Ovest;Piemonte;TO;F318;1;1
Centro;Lazio;RI;F319;7;0
Nord Ovest;Piemonte;AL;F320;0;2
Sud;Molise;CB;F322;1;1,71
Nord Ovest;Piemonte;AT;F323;0;2
Sud;Calabria;RC;F324;3,42;3
Nord Ovest;Piemonte;AT;F325;1,5;4,5
Nord Ovest;Piemonte;CN;F326;4;7
Nord Ovest;Piemonte;TO;F327;1,67;10,67
Nord Ovest;Lombardia;BG;F328;0;13,5
Nord Ovest;Piemonte;CN;F329;1;10
Nord Ovest;Piemonte;CN;F330;0,67;8,01
Nord Est;Veneto;TV;F332;3;42,96
Isole;Sardegna;CA;F333;4,6;3
Nord Ovest;Piemonte;TO;F335;234,45;567,14
Nord Ovest;Piemonte;AT;F336;9;21,61
Nord Ovest;Piemonte;AL;F337;0;2
Nord Ovest;Piemonte;CN;F338;0;0
Nord Est;Emilia-Romagna;PR;F340;4,5;5,5
Nord Ovest;Piemonte;VC;F342;2;15,99
Nord Ovest;Piemonte;AT;F343;2;2
Nord Est;Emilia-Romagna;RN;F346;0,5;5,5
Centro;Marche;PS;F347;2;11
Centro;Marche;PS;F348;23;179,5
Nord Ovest;Piemonte;CN;F351;141,33;236,84
Sud;Campania;CE;F352;20,66;65,22
Nord Ovest;Liguria;GE;F354;27;58,17
Nord Ovest;Piemonte;CN;F355;2;2
Nord Est;Emilia-Romagna;MO;F357;49,24;115,13
Nord Ovest;Piemonte;CN;F358;3;4
Isole;Sicilia;ME;F359;7,33;2
Nord Est;Veneto;TV;F360;0;3
Nord Ovest;Piemonte;AT;F361;2;5
Nord Est;Emilia-Romagna;BO;F363;13,53;59,22
Sud;Calabria;VV;F364;1,75;1
Nord Ovest;Piemonte;AL;F365;1;0
Nord Ovest;Valle d'Aosta;AO;F367;16;8,17
Isole;Sicilia;ME;F368;1;0
Nord Ovest;Piemonte;BI;F369;14,33;28,67
Sud;Calabria;CS;F370;3;2,74
Nord Ovest;Lombardia;CO;F372;4;20,5
Nord Ovest;Lombardia;BS;F373;7;53,67
Nord Ovest;Piemonte;AL;F374;2;6
Nord Ovest;Lombardia;BS;F375;1;13
Sud;Puglia;BA;F376;125,25;372,64
Isole;Sicilia;PA;F377;63,78;33,25
Centro;Marche;AP;F379;0;0
Centro;Marche;AP;F380;3,33;23,9
Centro;Marche;AN;F381;5;13,01
Nord Est;Veneto;PD;F382;14,6;161,95
Isole;Sardegna;CA;F383;5,75;52,67
Centro;Toscana;PT;F384;21,96;157,82
Nord Ovest;Piemonte;CN;F385;3;7
Nord Ovest;Piemonte;AT;F386;0;0
Nord Ovest;Piemonte;AL;F387;1;2
Nord Ovest;Piemonte;AT;F390;0;8
Sud;Molise;CB;F391;2;2
Nord Ovest;Lombardia;SO;F393;10,66;7,78
Nord Est;Veneto;PD;F394;14,33;80,2
Isole;Sicilia;ME;F395;7;0
Sud;Campania;AV;F397;0;0
Centro;Toscana;FI;F398;12,14;13,17
Sud;Basilicata;MT;F399;12;2
Isole;Sicilia;ME;F400;3,5;1
Centro;Marche;AN;F401;7,25;36,26
Nord Ovest;Piemonte;AL;F403;0;0
Nord Ovest;Piemonte;AL;F404;1;2
Nord Ovest;Piemonte;CN;F405;9,66;18
Nord Ovest;Piemonte;TO;F407;1;2,01
Nord Ovest;Piemonte;CN;F408;3;6,67
Nord Ovest;Piemonte;AT;F409;1,75;3
Centro;Toscana;PT;F410;6;43,93
Nord Ovest;Piemonte;TO;F411;6;16
Isole;Sicilia;AG;F414;2;1
Centro;Marche;AP;F415;0;0,33
Sud;Calabria;CS;F416;48;29,5
Nord Ovest;Lombardia;PV;F417;0,5;7,34
Centro;Lazio;VT;F419;24,17;33,5
Nord Ovest;Piemonte;TO;F420;8,83;20
Nord Ovest;Piemonte;TO;F422;10,6;35,17
Nord Ovest;Lombardia;LO;F423;5;31,8
Nord Ovest;Piemonte;CN;F424;0;1
Sud;Campania;SA;F426;1;0
Nord Ovest;Lombardia;CO;F427;14,25;73,67
Centro;Marche;AP;F428;0;4
Sud;Molise;IS;F429;0;1
Centro;Lazio;RI;F430;1;1
Sud;Calabria;CZ;F432;8;4
Sud;Abruzzo;CH;F433;0;0
Nord Ovest;Lombardia;CR;F434;1;20
Centro;Toscana;GR;F437;37,58;106,03
Nord Ovest;Lombardia;PV;F440;8;12,5
Sud;Abruzzo;PE;F441;5;3
Nord Est;Veneto;VI;F442;10,9;50,17
Nord Est;Veneto;TV;F443;42,08;378,13
Nord Ovest;Liguria;GE;F445;8,07;0
Centro;Lazio;RI;F446;4;8
Sud;Campania;AV;F448;3,93;5,17
Nord Ovest;Lombardia;PV;F449;4;5
Centro;Marche;PS;F450;2,17;16
Centro;Toscana;LU;F452;4,8;11,17
Centro;Marche;AN;F453;5;14,5
Centro;Marche;MC;F454;11;32,83
Nord Ovest;Piemonte;AL;F455;1;0
Centro;Umbria;PG;F456;3,27;11,68
Centro;Umbria;TR;F457;8,44;18,58
Centro;Toscana;PI;F458;9;5
Centro;Marche;MC;F460;1;0,33
Nord Est;Veneto;VR;F461;6,83;26,06
Centro;Umbria;TR;F462;2,77;14
Nord Est;Emilia-Romagna;RE;F463;16,5;93,08
Nord Est;Veneto;VI;F464;40,06;265,51
Nord Est;Veneto;VI;F465;5;24,16
Centro;Marche;PS;F467;1;1
Nord Ovest;Piemonte;AT;F468;1;7
Nord Ovest;Piemonte;AL;F469;1;5
Nord Ovest;Lombardia;BS;F471;38,5;323,07
Nord Est;Emilia-Romagna;PR;F473;23,34;113,64
Sud;Molise;CB;F475;6;4,67
Centro;Lazio;RM;F477;13,5;53,99
Nord Est;Emilia-Romagna;RN;F478;2;6,5
Sud;Campania;SA;F479;13;6,5
Sud;Campania;SA;F480;12,6;108,44
Sud;Campania;SA;F481;24,5;19,34
Centro;Marche;MC;F482;6,69;49,5
Nord Ovest;Piemonte;VB;F483;13,66;4,5
Nord Est;Emilia-Romagna;MO;F484;7,03;22
Nord Est;Veneto;VI;F486;5;7,8
Centro;Marche;AP;F487;0;0
Sud;Campania;NA;F488;9,83;2,55
Isole;Sicilia;CL;F489;3;1
Sud;Campania;AV;F491;9,54;6,24
Centro;Umbria;PG;F492;11,02;14,4
Centro;Marche;AP;F493;2;0
Sud;Campania;BN;F494;6,67;0
Sud;Molise;CB;F495;3;5
Centro;Marche;MC;F496;3;19,88
Centro;Marche;PS;F497;2,5;3,5
Sud;Abruzzo;CH;F498;1;0
Centro;Lazio;VT;F499;38,5;44,5
Sud;Abruzzo;TE;F500;1;1
Centro;Marche;AP;F501;6;5
Nord Est;Emilia-Romagna;RN;F502;2;21,85
Nord Est;Emilia-Romagna;MO;F503;14,5;23,5
Centro;Lazio;RM;F504;1;1
Sud;Campania;AV;F506;19,5;84,5
Sud;Campania;SA;F507;0;0
Nord Est;Veneto;VR;F508;11,5;72,5
Centro;Marche;AP;F509;6,89;3,33
Centro;Umbria;TR;F510;0,5;3,33
Sud;Campania;AV;F511;1;1
Sud;Campania;AV;F512;5,33;3
Centro;Umbria;TR;F513;4;3,5
Nord Est;Veneto;VI;F514;2,62;48,5
Nord Est;Veneto;VI;F515;0;11,17
Centro;Marche;AP;F516;7;3
Centro;Marche;AP;F517;1;1
Nord Ovest;Piemonte;AL;F518;0;1
Sud;Calabria;CS;F519;0;4
Centro;Marche;AP;F520;7,5;9,22
Centro;Marche;AP;F522;16,28;86,4
Nord Est;Emilia-Romagna;RN;F523;0;5
Centro;Marche;PS;F524;0;2
Nord Ovest;Lombardia;VA;F526;6;19
Nord Ovest;Piemonte;AT;F527;2;5
Nord Ovest;Liguria;IM;F528;2;0
Nord Est;Veneto;PD;F529;9,15;140,59
Sud;Puglia;TA;F531;3;7
Nord Ovest;Lombardia;BS;F532;17;5
Centro;Marche;PS;F533;4,73;39,5
Centro;Lazio;RM;F534;7;5
Sud;Abruzzo;CH;F535;1;0
Centro;Marche;AP;F536;0;1
Sud;Calabria;VV;F537;27,67;63,44
Sud;Puglia;FG;F538;3;2
Centro;Umbria;PG;F540;7;1
Centro;Lazio;RI;F541;8,5;7,5
Isole;Sardegna;SS;F542;0;0
Centro;Umbria;TR;F543;10;7,5
Isole;Sicilia;PA;F544;4;2
Centro;Lazio;RM;F545;3,77;3
Sud;Campania;AV;F546;16,86;25,33
Nord Ovest;Lombardia;BG;F547;8;43,5
Sud;Molise;CB;F548;0;1
Centro;Marche;AP;F549;2;3
Nord Ovest;Piemonte;CN;F550;0;0
Centro;Toscana;FI;F551;28,76;147,69
Centro;Marche;MC;F552;1,5;22,45
Isole;Sicilia;PA;F553;4,83;6
Nord Ovest;Piemonte;AT;F556;8;6
Sud;Campania;BN;F557;1;1
Nord Ovest;Piemonte;CN;F558;0;2
Sud;Campania;AV;F559;5;4,5
Centro;Marche;AN;F560;15;57,21
Nord Ovest;Lombardia;LC;F561;4;15,44
Nord Ovest;Piemonte;AL;F562;0;2
Sud;Puglia;TA;F563;3;11,67
Nord Ovest;Lombardia;CO;F564;3;5
Centro;Toscana;AR;F565;1;1,75
Sud;Campania;AV;F566;9;9
Centro;Marche;MC;F567;10,5;36,17
Sud;Basilicata;PZ;F568;1;1
Sud;Molise;CB;F569;3;2
Centro;Marche;AP;F570;0;0
Centro;Toscana;PO;F572;37,66;149,13
Sud;Basilicata;PZ;F573;1;1
Nord Est;Friuli- Venezia Giulia;UD;F574;0;1,89
Sud;Molise;CB;F576;7;35
Sud;Abruzzo;CH;F578;0;2
Centro;Lazio;RI;F579;2;2
Sud;Molise;IS;F580;1;1
Centro;Marche;AN;F581;3,14;8
Sud;Abruzzo;CH;F582;2;5
Sud;Abruzzo;TE;F585;98,97;220,65
Sud;Calabria;CZ;F586;10,2;25,1
Sud;Puglia;TA;F587;6;4,5
Centro;Marche;PS;F589;5;16,44
Centro;Lazio;RM;F590;26;59,57
Centro;Marche;AP;F591;14,95;88,61
Centro;Toscana;SI;F592;26,01;97,41
Centro;Toscana;AR;F594;2;5
Sud;Abruzzo;AQ;F595;3,7;9
Nord Est;Friuli- Venezia Giulia;PN;F596;4,09;17,5
Nord Est;Emilia-Romagna;BO;F597;13;80,44
Centro;Toscana;SI;F598;31,5;83,5
Centro;Marche;AP;F599;0;1
Centro;Marche;AN;F600;1,5;20
Sud;Molise;IS;F601;3,49;3,44
Centro;Lazio;VT;F603;8,17;2
Sud;Puglia;LE;F604;19;43,17
Centro;Toscana;SI;F605;24,5;58,63
Centro;Lazio;VT;F606;2;10
Sud;Calabria;VV;F607;5;1
Nord Ovest;Piemonte;CN;F608;5;8
Nord Ovest;Liguria;SP;F609;6;4
Isole;Sicilia;RG;F610;3;3
Centro;Lazio;RM;F611;90,66;282,49
Centro;Toscana;GR;F612;5;7,5
Centro;Marche;AP;F614;1;5,5
Centro;Lazio;LT;F616;4;1
Sud;Campania;SA;F618;4,11;1
Centro;Lazio;RI;F619;1;2
Centro;Lazio;FR;F620;12,5;8
Centro;Marche;MC;F621;8,67;22
Centro;Marche;MC;F622;1;5
Sud;Puglia;LE;F623;1;2
Sud;Campania;SA;F625;8;7,5
Centro;Marche;AP;F626;5;6
Nord Est;Emilia-Romagna;BO;F627;24,8;81,9
Centro;Toscana;AR;F628;30;61,63
Centro;Umbria;PG;F629;4;6
Sud;Puglia;FG;F631;14,89;31,98
Centro;Marche;MC;F632;45,07;117,12
Centro;Marche;AN;F634;11,5;49
Sud;Campania;BN;F636;13,83;21,49
Sud;Basilicata;MT;F637;17,96;19,83
Nord Ovest;Lombardia;PV;F638;3;5
Nord Ovest;Piemonte;VB;F639;21;4
Centro;Toscana;PI;F640;14;15
Nord Est;Emilia-Romagna;MO;F642;11,6;23,42
Nord Ovest;Lombardia;PV;F644;3;11
Sud;Abruzzo;PE;F646;124,33;490,88
Centro;Toscana;FI;F648;42,83;70,73
Nord Ovest;Piemonte;TO;F651;0;2
Centro;Marche;AP;F653;1,58;21
Nord Ovest;Piemonte;CN;F654;4,09;11
Isole;Sicilia;AG;F655;2;6
Centro;Toscana;AR;F656;56,18;164,91
Nord Ovest;Lombardia;LC;F657;7;40,7
Sud;Campania;AV;F660;0;0
Centro;Toscana;PI;F661;5;8,05
Nord Est;Veneto;VI;F662;2;20,5
Centro;Marche;AP;F664;0;1
Centro;Marche;AP;F665;2;1
Nord Ovest;Piemonte;CN;F666;0;0
Isole;Sardegna;SS;F667;4;0
Nord Est;Emilia-Romagna;FO;F668;4;14,5
Nord Ovest;Piemonte;CN;F669;4;15
Nord Ovest;Lombardia;PV;F670;3;11
Nord Est;Emilia-Romagna;PC;F671;7;47,82
Nord Ovest;Lombardia;BS;F672;1,75;32,49
Nord Ovest;Lombardia;LC;F674;15,33;52,25
Nord Est;Veneto;VI;F675;4;128,36
Centro;Toscana;SI;F676;12;11,89
Centro;Toscana;GR;F677;13;4,4
Centro;Toscana;MS;F679;22;91,93
Nord Ovest;Lombardia;BS;F680;4;49,92
Nord Ovest;Lombardia;CR;F681;1;16,57
Nord Ovest;Liguria;GE;F682;11,46;8
Centro;Umbria;PG;F685;9,22;5
Centro;Toscana;PI;F686;22,8;85,75
Centro;Lazio;RI;F687;17,5;16
Nord Ovest;Lombardia;CO;F688;3,83;21,33
Sud;Molise;CB;F689;0;0
Sud;Abruzzo;TE;F690;15,75;19,5
Centro;Lazio;RM;F692;2;6
Nord Est;Veneto;VI;F696;5;23,33
Centro;Marche;AP;F697;1;4
Isole;Sardegna;NU;F698;1;5,53
Nord Ovest;Lombardia;PV;F701;4;9,33
Nord Ovest;Lombardia;VA;F703;2;10,33
Nord Ovest;Lombardia;MI;F704;795,17;1751,95
Nord Ovest;Lombardia;MN;F705;5;25
Nord Est;Emilia-Romagna;BO;F706;22,7;80
Nord Ovest;Piemonte;AL;F707;4;18,5
Sud;Calabria;CS;F708;7,83;3,75
Nord Ovest;Lombardia;VA;F711;10,16;32,33
Nord Ovest;Lombardia;SO;F712;52,84;114,31
Nord Ovest;Piemonte;AL;F713;0;1,5
Nord Est;Emilia-Romagna;RN;F715;12,5;71,92
Sud;Puglia;LE;F716;6;10
Sud;Campania;BN;F717;4;6
Nord Est;Emilia-Romagna;BO;F718;11,5;44,49
Nord Ovest;Lombardia;BG;F720;5,33;22,5
Isole;Sardegna;SS;F721;1,04;3
Centro;Marche;AP;F722;0;0
Nord Ovest;Piemonte;CN;F723;4;21
Nord Est;Emilia-Romagna;PC;F724;3,95;5
Nord Est;Veneto;TV;F725;5;42,24
Nord Ovest;Valle d'Aosta;AO;F726;19;35,07
Isole;Sardegna;OR;F727;0;0
Nord Est;Veneto;TV;F729;8;28,75
Centro;Lazio;RM;F730;3;1
Sud;Campania;SA;F731;2;0
Sud;Abruzzo;AQ;F732;1;0
Nord Ovest;Piemonte;TO;F733;1;5
Centro;Lazio;RM;F734;7;44,38
Sud;Calabria;CS;F735;3;3,83
Nord Ovest;Lombardia;VA;F736;8;42
Nord Ovest;Piemonte;AL;F737;0;3
Nord Ovest;Lombardia;BG;F738;6,25;26
Nord Ovest;Lombardia;PV;F739;1;2
Centro;Lazio;FR;F740;6,83;1
Nord Ovest;Piemonte;CN;F743;5,5;11,75
Sud;Campania;AV;F744;0;1
Centro;Marche;AN;F745;9;8
Centro;Lazio;RI;F746;1,5;1,75
Sud;Abruzzo;TE;F747;4;11
Sud;Molise;CB;F748;1;2
Centro;Marche;MC;F749;9,5;44,75
Nord Est;Friuli- Venezia Giulia;PN;F750;6;19
Nord Ovest;Piemonte;AL;F751;4;6
Nord Ovest;Lombardia;PV;F754;39;173,23
Nord Est;Friuli- Venezia Giulia;UD;F756;11;50
Nord Ovest;Lombardia;LC;F758;0;0
Nord Est;Friuli- Venezia Giulia;UD;F760;1;22
Nord Ovest;Lombardia;CR;F761;2;6
Sud;Campania;AV;F762;2;0
Sud;Abruzzo;TE;F764;8,33;36,33
Sud;Abruzzo;PE;F765;2;8
Nord Est;Veneto;TV;F770;26,32;79,71
Nord Ovest;Lombardia;CR;F771;0;9
Isole;Sicilia;ME;F772;2;1
Isole;Sicilia;ME;F773;2;1
Nord Ovest;Piemonte;VC;F774;0;8
Sud;Calabria;CS;F775;4;0
Nord Ovest;Piemonte;BI;F776;1;0
Sud;Puglia;FG;F777;0,93;4
Sud;Calabria;RC;F779;4;5
Sud;Calabria;CZ;F780;1;0
Isole;Sicilia;CT;F781;16,75;34,7
Nord Ovest;Lombardia;MI;F783;23,78;128,57
Sud;Puglia;TA;F784;34,25;41
Sud;Abruzzo;CH;F785;2;4
Nord Ovest;Lombardia;BG;F786;5;42,67
Nord Ovest;Lombardia;CO;F788;20,17;123,1
Nord Est;Veneto;VR;F789;22;110,84
Nord Ovest;Lombardia;BG;F791;13;88,5
Centro;Marche;MC;F793;0;1
Nord Ovest;Lombardia;MI;F797;79,35;236,58
Sud;Campania;AV;F798;9;9,25
Sud;Campania;NA;F799;46,15;175,5
Nord Ovest;Lombardia;LO;F801;14;73,83
Centro;Toscana;MS;F802;28,83;10
Nord Ovest;Lombardia;BS;F806;0;0,17
Isole;Sardegna;CA;F808;2;53
Nord Ovest;Piemonte;CN;F809;4;11,25
Nord Est;Veneto;VI;F810;2;2
Nord Ovest;Piemonte;CN;F811;1;3
Nord Ovest;Liguria;SV;F813;2;6
Nord Ovest;Piemonte;AL;F814;1;14
Centro;Toscana;SI;F815;13;12,3
Sud;Puglia;LE;F816;6;11
Sud;Basilicata;PZ;F817;21,17;13,5
Isole;Sardegna;SS;F818;0;2,5
Nord Ovest;Lombardia;BS;F820;3;19
Isole;Sardegna;CA;F822;0;0
Nord Est;Veneto;VE;F826;11,8;105,27
Nord Ovest;Lombardia;CO;F828;3;14
Nord Est;Veneto;VI;F829;2;39,94
Isole;Sicilia;CL;F830;23,67;14,83
Sud;Abruzzo;TE;F831;46,56;148
Nord Est;Friuli- Venezia Giulia;UD;F832;1,17;15,5
Nord Ovest;Piemonte;BI;F833;4;2,92
Nord Est;Veneto;VI;F838;1;23,33
Sud;Campania;NA;F839;882,47;1415,44
Isole;Sardegna;OR;F840;0;0
Isole;Sardegna;CA;F841;0;0
Sud;Puglia;LE;F842;29,64;80,46
Sud;Calabria;VV;F843;0;0
Centro;Umbria;TR;F844;34,6;74,96
Isole;Sicilia;AG;F845;20,84;19,34
Nord Ovest;Piemonte;CN;F846;7;17,5
Nord Ovest;Liguria;SV;F847;4;0
Isole;Sicilia;ME;F848;8;3
Nord Ovest;Lombardia;BS;F851;34,71;76,3
Sud;Abruzzo;AQ;F852;0;7
Centro;Lazio;RM;F857;4;1,25
Nord Ovest;Liguria;GE;F858;10;4
Nord Ovest;Piemonte;NO;F859;6,41;27
Nord Est;Veneto;VR;F861;23,62;119,69
Nord Ovest;Liguria;GE;F862;2;3
Nord Ovest;Piemonte;CN;F863;11,26;20
Nord Ovest;Lombardia;BG;F864;34,66;114,79
Centro;Lazio;RM;F865;6,5;6
Sud;Basilicata;PZ;F866;2;1
Isole;Sardegna;OR;F867;1;0
Centro;Lazio;VT;F868;15,9;16
Sud;Abruzzo;TE;F870;13,5;39,17
Centro;Lazio;RM;F871;9,34;11
Nord Est;Veneto;TV;F872;8;37,67
Nord Ovest;Lombardia;MI;F874;41,56;186,34
Centro;Lazio;RI;F876;1,5;0,5
Nord Ovest;Lombardia;CO;F877;14;12,15
Nord Ovest;Piemonte;BI;F878;8,1;19
Centro;Lazio;RM;F880;89,03;264,3
Sud;Puglia;LE;F881;4;4
Nord Est;Emilia-Romagna;PR;F882;16;25
Nord Ovest;Piemonte;CN;F883;2;4
Nord Ovest;Lombardia;BS;F884;4;11,5
Nord Ovest;Piemonte;NO;F886;1;4
Nord Ovest;Lombardia;LC;F887;7,13;37
Nord Ovest;Piemonte;TO;F889;187,13;402,62
Isole;Sicilia;CT;F890;5;22,11
Nord Ovest;Lombardia;PV;F891;0;1
Isole;Sicilia;EN;F892;11,57;27,49
Sud;Calabria;VV;F893;7;7
Nord Ovest;Piemonte;CN;F894;4;2
Nord Ovest;Piemonte;CN;F895;1;6
Nord Est;Friuli- Venezia Giulia;UD;F898;5,75;6
Isole;Sicilia;CL;F899;9;21
Isole;Sicilia;EN;F900;4,25;6
Isole;Sicilia;ME;F901;5,5;11
Nord Ovest;Piemonte;AT;F902;37,21;59,5
Nord Est;Veneto;VE;F904;9;166,4
Nord Ovest;Piemonte;TO;F906;3;0
Sud;Calabria;CS;F907;0;0
Sud;Abruzzo;PE;F908;1;2
Sud;Calabria;CZ;F910;12;4,5
Centro;Umbria;PG;F911;19,43;12,04
Sud;Campania;SA;F912;55,04;111,66
Sud;Campania;SA;F913;21;64,38
Nord Est;Emilia-Romagna;PR;F914;33;125,83
Sud;Puglia;BA;F915;54,74;110,79
Sud;Puglia;LE;F916;1,44;1,25
Sud;Basilicata;PZ;F917;1;1
Nord Est;Veneto;VR;F918;25;92,67
Nord Est;Veneto;VR;F921;3;39,08
Nord Est;Veneto;VI;F922;2;4
Sud;Puglia;BA;F923;38,51;96,98
Sud;Campania;NA;F924;46,83;106,42
Nord Ovest;Piemonte;TO;F925;20;67,5
Nord Ovest;Liguria;SV;F926;19,5;34,5
Nord Ovest;Piemonte;TO;F927;3;3
Nord Est;Emilia-Romagna;MO;F930;35,32;256,09
Nord Ovest;Piemonte;TO;F931;22;79,78
Nord Ovest;Piemonte;VB;F932;9;6,38
Isole;Sardegna;NU;F933;0;0
Isole;Sardegna;OR;F934;1;1,17
Centro;Umbria;PG;F935;12,44;10
Centro;Lazio;LT;F937;3,25;13,83
Nord Ovest;Lombardia;MI;F939;0;4
Nord Ovest;Lombardia;BG;F941;3,32;17,33
Sud;Abruzzo;TE;F942;13,03;21,05
Isole;Sicilia;SR;F943;40,34;88,28
Nord Ovest;Lombardia;MI;F944;97,93;225,41
Nord Ovest;Piemonte;TO;F948;1;1
Isole;Sicilia;ME;F951;2;2,1
Nord Ovest;Piemonte;NO;F952;458,79;1226,87
Nord Ovest;Lombardia;MI;F955;68,18;178,08
Nord Ovest;Lombardia;SO;F956;14,24;10
Nord Est;Veneto;VI;F957;6,5;27,5
Nord Ovest;Lombardia;CO;F958;6;18,74
Nord Est;Emilia-Romagna;RE;F960;27,67;151,86
Nord Ovest;Piemonte;CN;F961;3;3
Nord Est;Veneto;PD;F962;7,25;170,45
Nord Est;Veneto;VE;F963;14,42;80
Nord Est;Veneto;VI;F964;9;86,09
Nord Ovest;Piemonte;AL;F965;86,33;206,54
Nord Est;Emilia-Romagna;MO;F966;11;130,83
Sud;Campania;SA;F967;3;1
Nord Ovest;Lombardia;MI;F968;5,4;101,81
Sud;Puglia;LE;F970;4,67;7,17
Nord Ovest;Piemonte;CN;F972;2;7
Isole;Sardegna;OR;F974;0;0
Isole;Sardegna;SS;F975;1;3
Isole;Sardegna;SS;F976;0;1,5
Isole;Sardegna;SS;F977;1;3,5
Centro;Marche;AN;F978;13,25;61,09
Isole;Sardegna;NU;F979;42,27;94,92
Isole;Sardegna;OR;F980;2;4
Isole;Sardegna;NU;F981;0;0
Isole;Sardegna;NU;F982;1;0
Isole;Sardegna;CA;F983;0;0
Isole;Sardegna;OR;F985;0;0
Isole;Sardegna;NU;F986;0;1
Nord Ovest;Valle d'Aosta;AO;F987;12;18
Sud;Campania;AV;F988;10;6,62
Nord Ovest;Lombardia;BS;F989;5,5;34,83
Nord Ovest;Lombardia;BS;F990;10;53,67
Isole;Sardegna;CA;F991;0;0
Nord Ovest;Piemonte;BI;F992;16,34;32,67
Nord Ovest;Piemonte;BI;F993;10,99;17
Nord Est;Veneto;RO;F994;15,5;151
Nord Ovest;Piemonte;AL;F995;1;6
Sud;Abruzzo;AQ;F996;1;5
Nord Ovest;Piemonte;AL;F997;1;3
Nord Ovest;Piemonte;AL;F998;0;1
Nord Est;Veneto;TV;F999;34;226,1
Nord Ovest;Lombardia;BS;G001;3,5;7
Sud;Abruzzo;AQ;G002;4;8,2
Centro;Marche;AN;G003;2;9,22
Nord Ovest;Lombardia;CR;G004;12,83;58,83
Centro;Marche;AP;G005;9,16;19,25
Nord Ovest;Lombardia;BS;G006;6;31
Nord Ovest;Piemonte;VB;G007;10;17
Nord Ovest;Lombardia;VA;G008;8,5;34,42
Nord Ovest;Lombardia;LC;G009;19,21;123,99
Nord Ovest;Piemonte;TO;G010;5,75;18
Sud;Campania;SA;G011;3;4,66
Nord Ovest;Valle d'Aosta;AO;G012;0;0
Isole;Sardegna;SS;G015;102,66;536,04
Nord Ovest;Piemonte;VC;G016;1;10
Nord Ovest;Piemonte;VC;G018;0;3,5
Nord Ovest;Piemonte;NO;G019;19,81;184,56
Nord Ovest;Piemonte;NO;G020;2,25;45,25
Nord Ovest;Lombardia;PV;G021;1;4,5
Centro;Lazio;RM;G022;19,5;12,83
Sud;Campania;SA;G023;8,33;13
Nord Ovest;Lombardia;CO;G025;41,4;143,36
Nord Ovest;Lombardia;LC;G026;21,33;51
Nord Ovest;Lombardia;VA;G028;28,13;114,67
Nord Ovest;Lombardia;LC;G030;12,5;73,54
Isole;Sardegna;NU;G031;1;2
Nord Ovest;Lombardia;PV;G032;0;0
Sud;Calabria;CZ;G034;1;0
Isole;Sicilia;ME;G036;2;7
Sud;Basilicata;MT;G037;1;0
Sud;Campania;SA;G039;5;5
Nord Ovest;Lombardia;LC;G040;5,75;10
Nord Ovest;Liguria;IM;G041;0;0
Nord Ovest;Piemonte;AL;G042;0;0
Isole;Sardegna;OR;G043;0;0
Isole;Sardegna;NU;G044;0;1
Nord Ovest;Valle d'Aosta;AO;G045;0;4
Isole;Sardegna;SS;G046;4;31,5
Nord Ovest;Lombardia;CR;G047;1;8,44
Nord Ovest;Piemonte;AT;G048;0;0
Nord Ovest;Lombardia;BG;G049;0;3
Nord Ovest;Lombardia;BG;G050;9,25;39,34
Nord Ovest;Lombardia;BG;G054;0;5,08
Nord Ovest;Lombardia;CO;G056;3;17
Isole;Sardegna;NU;G058;0;2
Nord Ovest;Lombardia;BS;G061;6,5;15
Nord Ovest;Piemonte;VB;G062;43,5;104,52
Sud;Campania;SA;G063;2;1
Isole;Sardegna;NU;G064;0;0
Centro;Lazio;VT;G065;1,66;2
Nord Ovest;Piemonte;CN;G066;0,22;1
Nord Ovest;Lombardia;BG;G068;6;29
Isole;Sardegna;NU;G070;0;0
Isole;Sardegna;NU;G071;0;1
Nord Ovest;Lombardia;BS;G074;1;0
Nord Ovest;Lombardia;BG;G075;10,83;45,65
Nord Ovest;Liguria;SV;G076;0;0
Nord Ovest;Lombardia;MI;G078;92,37;210,78
Sud;Abruzzo;AQ;G079;1,66;4
Nord Est;Veneto;VR;G080;16,25;95,27
Sud;Basilicata;PZ;G081;3,5;5,22
Sud;Calabria;RC;G082;3,5;1
Isole;Sardegna;NU;G084;1;1
Sud;Molise;CB;G086;1,25;4,5
Nord Ovest;Piemonte;TO;G087;85,5;193,8
Centro;Toscana;GR;G088;28,01;79,33
Centro;Toscana;PI;G090;2,33;0,5
Nord Ovest;Liguria;GE;G093;2;4
Nord Est;Veneto;VI;G095;2;11,22
Nord Ovest;Lombardia;LO;G096;2,72;18,3
Isole;Sardegna;NU;G097;1;1
Sud;Puglia;BR;G098;9,33;26,13
Sud;Abruzzo;AQ;G102;2;2
Nord Ovest;Lombardia;VA;G103;40,92;92,72
Nord Ovest;Lombardia;VA;G105;2;4
Nord Ovest;Lombardia;LO;G107;2;27
Nord Ovest;Lombardia;BG;G108;4;15
Nord Ovest;Piemonte;TO;G109;0;3
Sud;Calabria;CS;G110;1;5
Centro;Lazio;VT;G111;3;8,5
Isole;Sardegna;OR;G113;18,89;92,83
Nord Ovest;Piemonte;CN;G114;36,41;16
Nord Est;Veneto;TV;G115;4,5;31,44
Nord Ovest;Lombardia;MI;G116;16,92;75,17
Nord Ovest;Piemonte;VB;G117;7,34;17,84
Nord Ovest;Lombardia;BG;G118;1;1
Isole;Sardegna;NU;G119;4;5,5
Isole;Sardegna;NU;G120;0;0
Sud;Campania;SA;G121;2;0
Isole;Sardegna;NU;G122;1;0
Nord Est;Veneto;TV;G123;4;21
Nord Ovest;Piemonte;AL;G124;2,33;4
Sud;Puglia;FG;G125;1;1
Nord Ovest;Lombardia;CO;G126;3;34
Sud;Abruzzo;CH;G128;6;11
Sud;Calabria;CS;G129;1;1,5
Sud;Campania;CE;G130;10,33;249,3
Sud;Puglia;FG;G131;17;53,73
Isole;Sardegna;CA;G133;0;0
Nord Ovest;Piemonte;NO;G134;4;14,69
Centro;Lazio;VT;G135;35,07;93,33
Sud;Puglia;LE;G136;2;5
Centro;Marche;AP;G137;1;1
Centro;Toscana;AR;G139;2,25;0
Sud;Abruzzo;CH;G141;67,75;123,98
Sud;Abruzzo;AQ;G142;1;4
Nord Ovest;Liguria;SP;G143;16;28,3
Nord Ovest;Liguria;SV;G144;7;5,5
Sud;Abruzzo;AQ;G145;1;0,75
Isole;Sardegna;NU;G146;3;0
Isole;Sardegna;NU;G147;1;0
Centro;Umbria;TR;G148;53,75;74,82
Nord Ovest;Lombardia;BS;G149;24,5;81,5
Nord Ovest;Lombardia;BS;G150;0;15
Nord Ovest;Piemonte;TO;G151;3;1
Nord Ovest;Piemonte;TO;G152;2;6,94
Isole;Sardegna;SS;G153;3;2,5
Isole;Sardegna;NU;G154;0;0
Nord Ovest;Liguria;SV;G155;2;3
Isole;Sardegna;SS;G156;2;6
Centro;Marche;AN;G157;53,82;185,43
Isole;Sardegna;NU;G158;1;0
Nord Ovest;Lombardia;BG;G159;4;68,22
Nord Ovest;Lombardia;BG;G160;28,42;237,36
Nord Ovest;Lombardia;LC;G161;32,54;85,5
Nord Est;Friuli- Venezia Giulia;UD;G163;13,33;30
Nord Ovest;Liguria;IM;G164;25,34;73,47
Sud;Campania;AV;G165;3,5;11
Nord Ovest;Lombardia;LO;G166;4;18,73
Nord Est;Veneto;PD;G167;3,56;44,65
Nord Est;Veneto;BL;G169;0;0
Nord Ovest;Lombardia;BS;G170;15,75;180,37
Nord Ovest;Lombardia;LO;G171;2;17
Isole;Sardegna;SS;G178;3,44;6
Nord Ovest;Lombardia;BS;G179;9;19,5
Nord Ovest;Lombardia;MI;G181;17;43
Nord Ovest;Piemonte;CN;G183;0;0
Nord Est;Emilia-Romagna;FE;G184;4,22;47,5
Nord Ovest;Lombardia;CR;G185;1;13,17
Nord Ovest;Lombardia;MN;G186;7,75;62
Sud;Puglia;BR;G187;113,37;96,94
Sud;Puglia;LE;G188;13,19;43,79
Centro;Umbria;TR;G189;5,5;8,5
Sud;Campania;NA;G190;28,87;11,82
Isole;Sardegna;NU;G191;0,5;1
Sud;Campania;SA;G192;1;0
Nord Ovest;Piemonte;AL;G193;3,67;4,34
Nord Ovest;Lombardia;PV;G194;1;1,5
Nord Est;Emilia-Romagna;PC;G195;3,5;2,5
Nord Ovest;Piemonte;TO;G196;49,25;88,5
Nord Ovest;Piemonte;AL;G197;28,4;69,94
Nord Est;Friuli- Venezia Giulia;UD;G198;11;15
Nord Ovest;Piemonte;AL;G199;2;3
Sud;Abruzzo;AQ;G200;14,06;28,98
Isole;Sardegna;NU;G201;0;0
Nord Ovest;Piemonte;TO;G202;0;2
Isole;Sardegna;SS;G203;6;10,5
Nord Ovest;Piemonte;AL;G204;1;5,5
Nord Est;Emilia-Romagna;BO;G205;55,09;167,66
Nord Ovest;Lombardia;MI;G206;2;18,5
Isole;Sardegna;CA;G207;0;0
Isole;Sicilia;TP;G208;10,56;19,5
Isole;Sicilia;ME;G209;6,5;9
Sud;Abruzzo;AQ;G210;10;9
Isole;Sicilia;SR;G211;14;85
Centro;Umbria;PG;G212;0;4
Nord Ovest;Lombardia;BS;G213;15,53;140,06
Nord Ovest;Piemonte;AL;G215;0;3
Nord Ovest;Lombardia;BS;G217;2;15,33
Nord Ovest;Lombardia;LC;G218;8;37,05
Nord Ovest;Lombardia;MI;G220;263,22;583,07
Nord Ovest;Lombardia;CR;G222;0;6
Nord Ovest;Lombardia;LC;G223;23;73
Nord Est;Veneto;PD;G224;529,88;3575,93
Isole;Sardegna;SS;G225;1;3
Sud;Campania;SA;G226;7;5
Sud;Campania;BN;G227;5;2
Nord Ovest;Piemonte;CN;G228;9;35,5
Nord Est;Veneto;TV;G229;41,26;236,6
Sud;Campania;SA;G230;38,92;181,18
Centro;Lazio;RI;G232;1;0
Nord Ovest;Lombardia;BG;G233;2,1;21,82
Isole;Sicilia;ME;G234;5;1
Sud;Abruzzo;CH;G237;4;9
Nord Est;Friuli- Venezia Giulia;UD;G238;5,75;31,83
Nord Ovest;Piemonte;CN;G240;3;5
Nord Ovest;Lombardia;LC;G241;1;0
Sud;Campania;AV;G242;6;1
Sud;Campania;BN;G243;0;1
Nord Ovest;Lombardia;BS;G247;2;1
Nord Ovest;Lombardia;BS;G248;2;24,5
Nord Ovest;Lombardia;BG;G249;10,5;62,3
Nord Est;Emilia-Romagna;MO;G250;8,23;18,58
Sud;Puglia;TA;G251;11;19
Sud;Puglia;TA;G252;32,65;41,5
Isole;Sicilia;CT;G253;6,5;15,5
Centro;Toscana;PI;G254;8,81;21,5
Nord Est;Emilia-Romagna;PR;G255;8,37;7,3
Sud;Molise;CB;G257;5;7
Isole;Sardegna;SS;G258;20;57,75
Nord Ovest;Lombardia;BG;G259;7,08;41,45
Nord Ovest;Lombardia;CR;G260;1;23
Sud;Basilicata;PZ;G261;5;7,03
Nord Ovest;Piemonte;TO;G262;4;8
Isole;Sicilia;PA;G263;6,29;1,34
Nord Ovest;Lombardia;BS;G264;34,92;229,94
Nord Ovest;Piemonte;VC;G266;1;7,38
Isole;Sicilia;SR;G267;6;34,73
Nord Est;Friuli- Venezia Giulia;UD;G268;3,89;10,5
Centro;Toscana;FI;G270;5,13;3
Sud;Abruzzo;CH;G271;4;1
Sud;Calabria;CZ;G272;1;1
Isole;Sicilia;PA;G273;406,35;1110,49
Centro;Lazio;RM;G274;34,25;57
Nord Ovest;Lombardia;PV;G275;7;19
Centro;Lazio;FR;G276;16,7;10,5
Sud;Calabria;RC;G277;0;1
Sud;Calabria;KR;G278;0;0
Nord Ovest;Piemonte;VB;G280;9;5
Nord Ovest;Liguria;SV;G281;6;3
Isole;Sicilia;AG;G282;17;18,21
Sud;Campania;NA;G283;18,88;35,54
Nord Est;Friuli- Venezia Giulia;UD;G284;40,13;76,54
Sud;Puglia;LE;G285;2,25;2,33
Isole;Sardegna;OR;G286;0;1
Isole;Sardegna;CA;G287;8;2,25
Sud;Calabria;RC;G288;11;26,69
Centro;Marche;AP;G289;0;0,72
Sud;Abruzzo;CH;G290;6;4
Sud;Puglia;BA;G291;21;73,25
Sud;Campania;SA;G292;1;0
Centro;Lazio;RM;G293;34,67;48,2
Sud;Abruzzo;CH;G294;18;6
Nord Ovest;Lombardia;BG;G295;10,72;48,22
Nord Est;Veneto;VR;G297;1;5
Sud;Calabria;CS;G298;2;1
Nord Est;Friuli- Venezia Giulia;UD;G300;3;2,25
Nord Ovest;Piemonte;CN;G302;5;1
Nord Ovest;Piemonte;TO;G303;4;12
Nord Ovest;Lombardia;PV;G304;0;0
Nord Ovest;Lombardia;CR;G306;4;97,9
Sud;Calabria;CS;G307;0;0
Centro;Umbria;PG;G308;23,53;26,5
Sud;Campania;NA;G309;33,5;76,52
Sud;Campania;BN;G311;6;0
Sud;Puglia;FG;G312;5;1
Isole;Sicilia;TP;G315;39,9;4,78
Nord Ovest;Lombardia;MI;G316;18,67;61,66
Sud;Calabria;CS;G317;20,75;14
Sud;Campania;BN;G318;4;6
Isole;Sicilia;TP;G319;17,5;8
Sud;Calabria;CS;G320;0;1
Nord Est;Veneto;RO;G323;0;4
Nord Ovest;Lombardia;MI;G324;103,86;368,26
Sud;Puglia;LE;G325;11;35,33
Nord Ovest;Lombardia;BS;G327;16,83;84,17
Nord Ovest;Piemonte;TO;G330;2;0
Sud;Calabria;CS;G331;1;1
Sud;Campania;CE;G333;12,18;48,9
Nord Ovest;Piemonte;AL;G334;5;5
Sud;Calabria;VV;G335;1;1
Nord Ovest;Lombardia;LC;G336;0;1
Nord Est;Emilia-Romagna;PR;G337;1105,35;2328,65
Nord Ovest;Piemonte;AL;G338;6;1
Nord Ovest;Piemonte;CN;G339;0;2
Sud;Campania;AV;G340;5;2
Nord Ovest;Lombardia;PV;G342;1;25,21
Centro;Umbria;TR;G344;2,04;3
Nord Ovest;Lombardia;BG;G346;4,63;23,55
Isole;Sicilia;TP;G347;22;16
Isole;Sicilia;PA;G348;20,17;21,5
Nord Ovest;Piemonte;NO;G349;8;25
Nord Ovest;Lombardia;BG;G350;0;13
Nord Est;Friuli- Venezia Giulia;UD;G352;42,42;138,19
Nord Est;Friuli- Venezia Giulia;PN;G353;15,09;61,41
Nord Ovest;Lombardia;BS;G354;2,92;1,76
Nord Ovest;Piemonte;AT;G358;0,5;1
Centro;Umbria;PG;G359;12,5;62,5
Nord Ovest;Lombardia;BS;G361;3;59,68
Centro;Lazio;FR;G362;1;0
Sud;Campania;CE;G364;3;6
Nord Est;Veneto;VR;G365;5;19
Nord Ovest;Piemonte;AL;G367;2;8
Nord Ovest;Lombardia;LC;G368;5;18
Sud;Campania;AV;G370;3,5;3
Isole;Sicilia;CT;G371;51,08;107,26
Sud;Calabria;CS;G372;1;0
Centro;Lazio;FR;G374;2;4,5
Isole;Sardegna;SS;G376;2;5
Isole;Sicilia;ME;G377;19,72;12
Sud;Puglia;LE;G378;3;4
Isole;Sardegna;OR;G379;0;0
Nord Est;Friuli- Venezia Giulia;UD;G381;7,25;12
Isole;Sardegna;CA;G382;0;0
Isole;Sardegna;CA;G383;1;0,08
Isole;Sardegna;OR;G384;0;0
Nord Ovest;Lombardia;MI;G385;31,67;133,67
Sud;Campania;BN;G386;0;0
Nord Ovest;Piemonte;TO;G387;0;5
Nord Ovest;Lombardia;PV;G388;381,27;685,62
Nord Est;Friuli- Venezia Giulia;UD;G389;14;42
Nord Ovest;Lombardia;BS;G391;8,5;20
Nord Ovest;Piemonte;TO;G392;9;40,5
Nord Est;Emilia-Romagna;MO;G393;78,18;158,57
Sud;Calabria;RC;G394;0;0
Centro;Toscana;PI;G395;33;19,67
Nord Ovest;Piemonte;AL;G397;5;8
Nord Ovest;Piemonte;TO;G398;9;25
Isole;Sicilia;CT;G402;8,7;53,17
Centro;Marche;AP;G403;6,75;46,43
Nord Est;Veneto;BL;G404;11,21;15
Nord Ovest;Lombardia;BS;G407;0,67;26
Nord Est;Veneto;TV;G408;8;48,04
Nord Ovest;Lombardia;SO;G410;1;2
Sud;Calabria;CS;G411;3;1
Nord Ovest;Lombardia;BG;G412;24,59;97,3
Nord Ovest;Lombardia;CO;G415;3;1
Centro;Marche;PS;G416;1;1
Nord Ovest;Lombardia;MN;G417;2;42,3
Nord Ovest;Lombardia;BG;G418;5;7
Centro;Toscana;FI;G420;17,44;59,17
Nord Ovest;Piemonte;NO;G421;3;2
Nord Est;Emilia-Romagna;PR;G424;1,67;10
Sud;Campania;SA;G426;19,83;90,06
Nord Ovest;Piemonte;AT;G430;0;1
Nord Ovest;Lombardia;SO;G431;9,83;8,34
Centro;Umbria;TR;G432;2;8
Nord Est;Emilia-Romagna;RN;G433;8;4,5
Sud;Abruzzo;CH;G434;1;0
Sud;Abruzzo;CH;G435;3;0
Centro;Marche;MC;G436;2,5;4,75
Sud;Abruzzo;TE;G437;1;5
Sud;Abruzzo;PE;G438;17,94;37,79
Sud;Calabria;CZ;G439;3;2
Sud;Abruzzo;CH;G441;1;2
Nord Est;Veneto;BL;G442;2;6
Centro;Lazio;RM;G444;2;0
Isole;Sardegna;NU;G445;0;1
Isole;Sardegna;CA;G446;1;0
Sud;Campania;SA;G447;7;0
Sud;Abruzzo;AQ;G449;3,5;5
Isole;Sardegna;SS;G450;0;4
Centro;Marche;PS;G453;9,38;17
Nord Ovest;Liguria;IM;G454;26,5;2
Sud;Campania;SA;G455;1;0
Nord Ovest;Lombardia;LC;G456;7,5;24
Nord Ovest;Piemonte;CN;G457;3;0
Nord Ovest;Piemonte;CN;G458;0;1
Nord Ovest;Valle d'Aosta;AO;G459;6;0
Nord Est;Veneto;PD;G461;3;32,83
Nord Ovest;Piemonte;TO;G462;2;4
Nord Ovest;Piemonte;TO;G463;25,08;40,26
Nord Ovest;Piemonte;TO;G465;9,05;5,33
Nord Est;Emilia-Romagna;BO;G467;81,51;339,33
Nord Ovest;Lombardia;CR;G469;2;34
Nord Ovest;Piemonte;VC;G471;0;1
Nord Ovest;Lombardia;BS;G474;3,5;5
Nord Ovest;Lombardia;BS;G475;0,5;1,5
Sud;Campania;SA;G476;1;1
Nord Ovest;Piemonte;TO;G477;2;1
Centro;Umbria;PG;G478;480,68;1384,4
Centro;Marche;PS;G479;233,58;666,58
Centro;Toscana;LU;G480;11,5;8,75
Nord Est;Veneto;VR;G481;34;220,2
Sud;Abruzzo;PE;G482;225,19;1189,22
Nord Ovest;Lombardia;CR;G483;2;10
Sud;Abruzzo;AQ;G484;3,25;17
Nord Ovest;Lombardia;LC;G485;3,5;15,8
Sud;Molise;IS;G486;1;0
Sud;Puglia;FG;G487;7,64;6,33
Nord Ovest;Lombardia;MI;G488;129,08;450,35
Nord Est;Veneto;VR;G489;75,09;260,19
Centro;Toscana;PT;G491;57,75;117,09
Sud;Abruzzo;AQ;G492;6;5,5
Sud;Abruzzo;AQ;G493;11,5;23,58
Sud;Campania;BN;G494;3;0
Sud;Molise;IS;G495;0;0
Sud;Basilicata;PZ;G496;2;1
Sud;Molise;IS;G497;0;2
Centro;Lazio;RI;G498;4,01;1
Sud;Abruzzo;PE;G499;3;0
Centro;Lazio;FR;G500;0;2,5
Nord Ovest;Lombardia;MI;G502;61,67;150,5
Nord Ovest;Lombardia;CR;G504;0;7
Nord Ovest;Piemonte;TO;G505;2;8
Sud;Molise;CB;G506;2;29,4
Centro;Lazio;RI;G507;2;0
Sud;Calabria;KR;G508;5;3
Sud;Campania;SA;G509;0;0
Isole;Sicilia;PA;G510;5,5;4
Isole;Sicilia;PA;G511;2;2
Sud;Molise;CB;G512;9;4
Centro;Lazio;RI;G513;5,5;5,56
Centro;Marche;PS;G514;1;5,5
Centro;Marche;MC;G515;0,17;3
Centro;Marche;AP;G516;1;10
Sud;Calabria;CZ;G517;0,99;0
Sud;Calabria;CZ;G518;0;0
Sud;Campania;AV;G519;2,66;0
Nord Ovest;Piemonte;NO;G520;1,58;5,75
Nord Ovest;Piemonte;BI;G521;5;12,83
Isole;Sicilia;ME;G522;8;0
Sud;Molise;IS;G523;2;1
Sud;Abruzzo;AQ;G524;4,5;2,05
Nord Est;Veneto;RO;G525;0,17;5
Nord Ovest;Piemonte;CN;G526;16,83;41,58
Nord Ovest;Piemonte;VC;G528;2,5;13,5
Nord Ovest;Lombardia;BS;G529;1;5,22
Nord Ovest;Piemonte;CN;G532;3;1
Nord Est;Veneto;PD;G534;1;6
Nord Est;Emilia-Romagna;PC;G535;412,36;1175,99
Sud;Campania;SA;G538;1,5;0
Sud;Campania;SA;G540;1;2
Sud;Campania;CE;G541;1;0
Nord Ovest;Liguria;SV;G542;2;1
Isole;Sicilia;PA;G543;6;4
Nord Ovest;Valle d'Aosta;AO;G545;2,5;0
Nord Ovest;Lombardia;BS;G546;12,94;40,83
Centro;Toscana;SI;G547;10;19,32
Nord Ovest;Lombardia;BS;G549;9,29;27,7
Centro;Marche;PS;G551;2,25;7,25
Sud;Calabria;CS;G553;1;0
Sud;Abruzzo;PE;G555;10;45,5
Nord Ovest;Lombardia;CO;G556;8,8;17,97
Nord Est;Emilia-Romagna;PC;G557;6,5;19,5
Nord Ovest;Lombardia;CR;G558;1;23,25
Nord Ovest;Piemonte;TO;G559;77,84;176,5
Nord Est;Veneto;VI;G560;0;12,5
Nord Ovest;Piemonte;CN;G561;5;13
Nord Ovest;Lombardia;BG;G564;1;4
Nord Est;Veneto;VE;G565;12,34;195,62
Nord Est;Emilia-Romagna;BO;G566;16,6;38,82
Sud;Campania;NA;G568;12,67;52,25
Nord Est;Emilia-Romagna;BO;G570;68,02;218,71
Centro;Lazio;VT;G571;10;3,5
Nord Ovest;Lombardia;SO;G572;0;4,5
Nord Ovest;Lombardia;BG;G574;5;14,5
Nord Ovest;Piemonte;CN;G575;11,33;27,16
Nord Ovest;Lombardia;SO;G576;6,17;4,67
Nord Ovest;Piemonte;BI;G577;1;2,5
Nord Ovest;Lombardia;BG;G579;6;13
Isole;Sicilia;EN;G580;41,16;71,25
Centro;Toscana;LU;G582;2;1
Nord Ovest;Lombardia;BG;G583;5;26,25
Nord Est;Veneto;PD;G587;7;88,66
Nord Ovest;Lombardia;BG;G588;0;4
Sud;Abruzzo;PE;G589;3;3
Sud;Basilicata;PZ;G590;7,33;6,99
Centro;Lazio;FR;G591;1;3
Centro;Lazio;FR;G592;3,33;0
Nord Ovest;Piemonte;AT;G593;0;1
Nord Ovest;Piemonte;BI;G594;3;0
Sud;Campania;CE;G596;14,5;23,96
Isole;Sicilia;CT;G597;10,5;11,5
Centro;Lazio;FR;G598;6,83;6,5
Nord Ovest;Piemonte;VB;G600;4;7
Centro;Umbria;PG;G601;8,3;10,5
Centro;Toscana;SI;G602;5,8;7,17
Nord Ovest;Lombardia;CR;G603;0;12
Sud;Puglia;FG;G604;0,67;0
Nord Ovest;Liguria;SV;G605;74,67;224,45
Sud;Molise;IS;G606;1;1
Nord Ovest;Liguria;IM;G607;6;2
Sud;Abruzzo;TE;G608;1;1
Sud;Molise;CB;G609;1;4
Sud;Molise;CB;G610;2;0
Sud;Campania;AV;G611;2;5,99
Nord Ovest;Lombardia;PV;G612;5;1
Sud;Abruzzo;CH;G613;0;0
Sud;Basilicata;PZ;G614;4;0,5
Sud;Calabria;CS;G615;0;0
Sud;Basilicata;PZ;G616;7,5;3
Centro;Umbria;PG;G618;13,17;9
Nord Ovest;Piemonte;AL;G619;1;3
Sud;Campania;CE;G620;5,5;9
Sud;Abruzzo;PE;G621;0;0
Sud;Calabria;CS;G622;1;0
Sud;Basilicata;PZ;G623;3,75;0,75
Isole;Sicilia;EN;G624;11,83;19,72
Nord Ovest;Piemonte;CN;G625;2;1,16
Sud;Campania;BN;G626;0;0
Centro;Marche;PS;G627;2;0
Centro;Toscana;LU;G628;54,48;81,43
Sud;Campania;AV;G629;3,5;6
Sud;Campania;CE;G630;4;1
Sud;Campania;BN;G631;5,5;3
Nord Ovest;Liguria;IM;G632;8;1
Nord Ovest;Lombardia;MI;G634;43,05;165,05
Nord Ovest;Lombardia;PV;G635;0;1
Centro;Toscana;PT;G636;10,58;58,92
Nord Ovest;Lombardia;PV;G639;4;24,83
Nord Est;Veneto;BL;G642;22,25;44,28
Nord Est;Emilia-Romagna;BO;G643;11,83;68,28
Nord Est;Veneto;TV;G645;47,33;133,02
Nord Ovest;Liguria;GE;G646;9,08;20,17
Nord Ovest;Lombardia;CR;G647;1;12
Centro;Toscana;LU;G648;2,5;4,67
Nord Est;Emilia-Romagna;MO;G649;18,42;25,67
Nord Ovest;Lombardia;PV;G650;8;25,33
Nord Ovest;Lombardia;CR;G651;3;5
Centro;Toscana;AR;G653;7,8;17
Centro;Marche;MC;G657;7,2;2,79
Nord Ovest;Piemonte;VB;G658;7,34;7
Centro;Lazio;FR;G659;16,94;6,67
Nord Ovest;Liguria;IM;G660;21;1
Sud;Campania;CE;G661;6;8,5
Centro;Lazio;FR;G662;1;0
Sud;Basilicata;PZ;G663;4;11
Nord Ovest;Liguria;SP;G664;1,25;10,75
Nord Ovest;Lombardia;CO;G665;2;0
Nord Ovest;Piemonte;VC;G666;2;2,33
Isole;Sardegna;CA;G669;0;0
Sud;Campania;NA;G670;3,83;0,92
Nord Ovest;Lombardia;PV;G671;2;15,5
Nord Ovest;Piemonte;TO;G672;13,66;27,6
Nord Est;Veneto;RO;G673;0;9,5
Nord Ovest;Piemonte;TO;G674;175,47;331,47
Nord Ovest;Piemonte;AT;G676;1;1
Nord Ovest;Piemonte;TO;G678;28,5;75,87
Nord Est;Friuli- Venezia Giulia;PN;G680;2;2,5
Centro;Marche;PS;G682;2;3
Nord Ovest;Piemonte;CN;G683;0;7
Nord Ovest;Piemonte;TO;G684;8;34,8
Nord Ovest;Piemonte;VC;G685;1;5
Nord Ovest;Lombardia;MI;G686;158,58;494,81
Centro;Toscana;LI;G687;158,36;176,57
Nord Est;Veneto;PD;G688;2;41
Centro;Marche;MC;G690;1,5;8
Nord Ovest;Piemonte;TO;G691;89,75;168,5
Nord Ovest;Piemonte;AT;G692;1;2
Nord Est;Veneto;PD;G693;6;226,02
Nord Est;Veneto;VI;G694;10,5;75,33
Nord Est;Emilia-Romagna;PC;G696;0;6
Nord Ovest;Piemonte;CN;G697;1;1
Centro;Lazio;LT;G698;8,13;21,5
Isole;Sicilia;ME;G699;5,07;22
Centro;Toscana;PI;G702;278,15;752,45
Nord Ovest;Piemonte;NO;G703;6,33;13
Centro;Lazio;RM;G704;4,5;1
Nord Ovest;Piemonte;TO;G705;13;40,5
Sud;Campania;SA;G707;9,83;2
Nord Ovest;Lombardia;BS;G710;14,5;65,5
Sud;Basilicata;MT;G712;28,01;44
Centro;Toscana;PT;G713;177,86;427,58
Centro;Toscana;GR;G716;17;21,67
Nord Ovest;Lombardia;MN;G717;1,33;4
Nord Ovest;Lombardia;SO;G718;19,91;17,7
Nord Ovest;Piemonte;TO;G719;5;15
Nord Ovest;Lombardia;PV;G720;2;3,75
Nord Ovest;Lombardia;CR;G721;6,5;64,43
Sud;Calabria;VV;G722;12;31,76
Sud;Abruzzo;CH;G724;13,5;21,5
Sud;Abruzzo;AQ;G726;5,33;8
Sud;Molise;IS;G727;2;0
Sud;Calabria;VV;G728;1;0
Sud;Calabria;RC;G729;0;0
Sud;Calabria;CS;G733;0;0
Sud;Calabria;CZ;G734;3,8;2
Sud;Calabria;RC;G735;0;3
Nord Est;Friuli- Venezia Giulia;UD;G736;1;6
Nord Ovest;Lombardia;CO;G737;6,33;5
Isole;Sardegna;SS;G740;5,44;2,67
Nord Ovest;Liguria;SV;G741;3;4
Nord Ovest;Piemonte;CN;G742;7,9;20,9
Nord Est;Friuli- Venezia Giulia;UD;G743;1,5;10,44
Centro;Toscana;MS;G746;17,5;8
Nord Est;Emilia-Romagna;PC;G747;7;83,83
Centro;Lazio;FR;G749;4,5;3,26
Sud;Puglia;LE;G751;4;8
Centro;Toscana;SI;G752;48,22;181,68
Nord Ovest;Lombardia;MN;G753;8;54,08
Centro;Toscana;PO;G754;7;81,67
Centro;Lazio;RI;G756;8,22;9
Centro;Lazio;RI;G757;15;12
Centro;Umbria;PG;G758;1,67;0
Sud;Abruzzo;CH;G760;0;1
Sud;Puglia;FG;G761;2;16
Sud;Campania;NA;G762;39,67;66,34
Centro;Lazio;RI;G763;36,98;45,08
Centro;Lazio;RI;G764;6;6
Centro;Lazio;RI;G765;15;8
Sud;Abruzzo;AQ;G766;1;0
Isole;Sicilia;TP;G767;1;5
Nord Est;Emilia-Romagna;FE;G768;20,16;146,64
Sud;Puglia;BA;G769;9,5;4
Centro;Lazio;RI;G770;2;1
Centro;Marche;AN;G771;0;4
Nord Ovest;Lombardia;MI;G772;29;85,25
Nord Ovest;Lombardia;CO;G773;2;3,5
Nord Ovest;Lombardia;BG;G774;0,11;22,65
Nord Ovest;Piemonte;NO;G775;0;3
Nord Est;Veneto;VI;G776;7;29,12
Nord Ovest;Piemonte;TO;G777;26,83;102,14
Nord Ovest;Lombardia;BS;G779;2;12,5
Nord Est;Friuli- Venezia Giulia;PN;G780;8;27,92
Nord Est;Veneto;RO;G782;3;60,66
Centro;Lazio;RM;G784;4,89;3
Sud;Calabria;VV;G785;1;0
Sud;Basilicata;MT;G786;18,12;70
Sud;Puglia;BA;G787;40,86;61,94
Nord Est;Emilia-Romagna;PC;G788;0;5
Nord Est;Emilia-Romagna;MO;G789;4;27,5
Centro;Umbria;TR;G790;1;0
Sud;Calabria;RC;G791;11,57;9,33
Isole;Sicilia;PA;G792;7,6;1,56
Sud;Campania;SA;G793;3;5,5
Nord Ovest;Valle d'Aosta;AO;G794;9;10,33
Sud;Campania;NA;G795;13,37;19,5
Sud;Campania;SA;G796;7,89;2
Isole;Sicilia;PA;G797;19;5,25
Nord Ovest;Piemonte;BI;G798;6;9
Sud;Abruzzo;CH;G799;1;3
Nord Ovest;Piemonte;CN;G800;3;9
Nord Ovest;Lombardia;BS;G801;5;59
Nord Est;Veneto;PD;G802;0;41,95
Centro;Marche;AN;G803;0;34,5
Centro;Toscana;PI;G804;31,94;21,88
Nord Ovest;Piemonte;TO;G805;3;3
Sud;Basilicata;MT;G806;12;5
Nord Ovest;Piemonte;AL;G807;0;0
Nord Ovest;Piemonte;NO;G809;4;20
Centro;Lazio;RM;G811;266,88;924,63
Sud;Campania;NA;G812;59,85;136,04
Sud;Campania;NA;G813;22,35;34,33
Nord Ovest;Liguria;IM;G814;7;5
Nord Ovest;Lombardia;BS;G815;3;22,93
Nord Ovest;Lombardia;MN;G816;4;7,5
Isole;Sardegna;OR;G817;0;0
Nord Ovest;Lombardia;BS;G818;9,5;38,18
Nord Ovest;Piemonte;BI;G820;13,8;31,29
Nord Ovest;Lombardia;CO;G821;1;7
Centro;Toscana;PI;G822;20,28;150,72
Nord Est;Veneto;PD;G823;3;5,3
Centro;Toscana;FI;G825;42,37;104,82
Nord Ovest;Piemonte;TO;G826;16;23,5
Sud;Campania;BN;G827;3;1
Nord Ovest;Lombardia;SO;G829;10;10,09
Nord Est;Friuli- Venezia Giulia;UD;G831;6;8,5
Centro;Toscana;PT;G833;9,5;35,4
Sud;Campania;SA;G834;36,34;181,06
Nord Est;Veneto;RO;G836;0;22,5
Nord Ovest;Piemonte;CN;G837;5;5
Centro;Lazio;FR;G838;9;13,66
Nord Ovest;Piemonte;AL;G839;9;35
Nord Ovest;Liguria;IM;G840;12,49;5
Nord Est;Emilia-Romagna;PC;G842;20,33;48,84
Centro;Toscana;PI;G843;69,6;183,07
Nord Ovest;Lombardia;BS;G844;21,61;140,79
Nord Est;Veneto;TV;G846;17,64;72,77
Nord Ovest;Lombardia;CO;G847;18;46,28
Sud;Campania;BN;G848;2;0
Sud;Campania;CE;G849;4;0
Nord Est;Veneto;PD;G850;5,5;41
Nord Ovest;Lombardia;PV;G851;0;6,5
Nord Est;Emilia-Romagna;PC;G852;17,5;74,5
Nord Ovest;Lombardia;BG;G853;17;76,85
Nord Ovest;Valle d'Aosta;AO;G854;8;16,5
Nord Est;Veneto;PD;G855;9,5;156,1
Nord Ovest;Lombardia;BG;G856;25,53;141,05
Nord Ovest;Piemonte;AL;G858;2,67;11
Nord Ovest;Lombardia;BS;G859;10;51,5
Nord Ovest;Valle d'Aosta;AO;G860;1;2
Nord Ovest;Piemonte;AL;G861;0;6
Nord Ovest;Lombardia;MN;G862;1,07;17,33
Nord Ovest;Lombardia;BG;G864;13,97;36,91
Centro;Lazio;LT;G865;15,25;35,56
Nord Ovest;Liguria;SV;G866;5,67;4,67
Nord Ovest;Lombardia;BG;G867;8,5;60,58
Nord Ovest;Lombardia;BS;G869;7;57,75
Centro;Toscana;MS;G870;34,5;36,67
Centro;Lazio;LT;G871;3;0
Nord Ovest;Piemonte;AL;G872;1;4
Centro;Marche;AP;G873;1;3
Centro;Lazio;RM;G874;5;7
Nord Est;Veneto;TV;G875;12,67;176,26
Nord Ovest;Piemonte;AL;G877;4;17,17
Sud;Abruzzo;PE;G878;5;16,93
Centro;Toscana;AR;G879;9,85;31,55
Centro;Umbria;TR;G881;1;4,5
Centro;Toscana;LU;G882;13,17;34,5
Nord Est;Friuli- Venezia Giulia;PN;G886;29,16;119,56
Sud;Campania;SA;G887;1;1
Nord Est;Friuli- Venezia Giulia;PN;G888;310,48;689,06
Nord Ovest;Lombardia;CO;G889;10;46,54
Nord Ovest;Liguria;IM;G890;4;5,16
Nord Est;Friuli- Venezia Giulia;UD;G891;2,5;4,89
Nord Ovest;Piemonte;AT;G894;1;6
Nord Ovest;Lombardia;PV;G895;3;9
Nord Ovest;Piemonte;TO;G900;6;10
Sud;Campania;NA;G902;39;177,23
Sud;Campania;CE;G903;7;13
Nord Est;Emilia-Romagna;FO;G904;4;5,33
Sud;Calabria;RC;G905;1,67;2,67
Nord Ovest;Lombardia;VA;G906;10,5;24
Nord Ovest;Lombardia;VA;G907;11,67;32,38
Nord Est;Veneto;TV;G909;0;6
Sud;Molise;CB;G910;3;6
Centro;Toscana;LI;G912;18,67;30,92
Nord Ovest;Liguria;GE;G913;1;0
Nord Est;Veneto;VE;G914;34,24;243
Nord Est;Emilia-Romagna;FE;G916;18,8;98
Nord Ovest;Lombardia;MN;G917;6;211,02
Centro;Marche;MC;G919;71,72;200,79
Centro;Marche;AP;G920;58,16;130,39
Centro;Marche;AP;G921;58,69;133,71
Isole;Sardegna;CA;G922;1,22;5,22
Nord Est;Veneto;RO;G923;3;32,43
Isole;Sardegna;SS;G924;29,33;127,83
Nord Ovest;Liguria;SP;G925;16,18;20
Nord Est;Veneto;RO;G926;10,15;84,77
Nord Ovest;Piemonte;BI;G927;1;9,5
Isole;Sardegna;NU;G929;2,78;6
Nord Est;Veneto;VI;G931;1;2
Sud;Campania;SA;G932;20;70
Nord Est;Veneto;TV;G933;6;16,17
Centro;Lazio;RI;G934;5,5;11
Centro;Lazio;FR;G935;1;2
Nord Ovest;Lombardia;SO;G937;4;3,67
Sud;Campania;SA;G939;2;0,5
Nord Ovest;Piemonte;VC;G940;1;2,74
Sud;Basilicata;PZ;G942;167,54;269,71
Nord Est;Veneto;VI;G943;4;23
Nord Est;Veneto;TV;G944;5;45,17
Nord Est;Veneto;VR;G945;14;60,83
Nord Est;Emilia-Romagna;RE;G947;8;65,67
Nord Est;Friuli- Venezia Giulia;UD;G949;4;20,25
Centro;Lazio;RI;G951;4;0,89
Isole;Sicilia;RG;G953;6,75;72,42
Sud;Molise;IS;G954;1;2
Nord Ovest;Lombardia;MI;G955;30;128,8
Nord Est;Veneto;VI;G957;2,5;11,75
Nord Ovest;Lombardia;BS;G959;3,5;36,5
Nord Ovest;Piemonte;AL;G960;6;4
Nord Ovest;Piemonte;AL;G961;7;44,5
Isole;Sardegna;SS;G962;3;4
Nord Est;Veneto;PD;G963;1;21,33
Sud;Campania;NA;G964;34,8;45,65
Nord Ovest;Lombardia;MI;G965;79,8;186
Nord Est;Friuli- Venezia Giulia;UD;G966;15,5;50,75
Nord Ovest;Lombardia;BG;G968;9,41;49,53
Nord Est;Friuli- Venezia Giulia;UD;G969;8,5;29,5
Nord Ovest;Piemonte;CN;G970;0;2
Nord Est;Emilia-Romagna;BO;G972;50,58;151
Nord Ovest;Piemonte;TO;G973;17;60,33
Nord Ovest;Piemonte;BI;G974;14;13
Sud;Calabria;CS;G975;6,08;18,08
Sud;Campania;SA;G976;0;0
Nord Ovest;Lombardia;BS;G977;4,33;20
Nord Ovest;Piemonte;TO;G978;4;19,16
Nord Ovest;Piemonte;TO;G979;2;10
Nord Ovest;Piemonte;BI;G980;10;23
Nord Est;Veneto;VE;G981;5,78;47,78
Nord Ovest;Piemonte;TO;G982;13;6
Nord Ovest;Piemonte;VC;G985;4;16
Nord Ovest;Piemonte;TO;G986;2;3
Nord Ovest;Piemonte;AL;G987;2;5
Nord Ovest;Piemonte;TO;G988;3;4
Sud;Campania;AV;G990;2;8
Sud;Campania;CE;G991;1,33;1
Sud;Abruzzo;AQ;G992;4;7
Nord Ovest;Lombardia;SO;G993;13,31;9,22
Nord Est;Friuli- Venezia Giulia;PN;G994;27,33;76,5
Sud;Campania;CE;G995;0;1
Nord Ovest;Piemonte;TO;G997;2;4
Centro;Toscana;PO;G999;349,11;1593,19
Nord Ovest;Piemonte;NO;H001;4;14
Nord Est;Friuli- Venezia Giulia;UD;H002;3;5,5
Sud;Campania;AV;H006;3;5,83
Sud;Abruzzo;AQ;H007;12;26,5
Nord Est;Friuli- Venezia Giulia;PN;H010;2;16
Nord Ovest;Piemonte;CN;H011;1;1
Sud;Calabria;RC;H013;0;0
Nord Est;Friuli- Venezia Giulia;UD;H014;1;2,5
Centro;Umbria;PG;H015;4;4
Nord Est;Emilia-Romagna;FO;H017;13,5;33,57
Nord Ovest;Lombardia;BG;H020;8,22;29,56
Nord Ovest;Piemonte;AL;H021;2;9
Nord Est;Veneto;TV;H022;27,5;252,65
Nord Ovest;Lombardia;MI;H026;45;85,5
Nord Ovest;Liguria;IM;H027;7;0,5
Nord Ovest;Lombardia;LC;H028;3;4,5
Nord Est;Friuli- Venezia Giulia;UD;H029;6;19
Nord Ovest;Piemonte;VB;H030;4,16;18,17
Nord Ovest;Piemonte;VB;H033;0;0
Nord Est;Emilia-Romagna;FO;H034;0;5
Nord Ovest;Lombardia;BG;H036;6;18
Nord Ovest;Piemonte;VB;H037;4,5;9,5
Nord Est;Friuli- Venezia Giulia;UD;H038;0;2
Nord Est;Friuli- Venezia Giulia;UD;H040;0;2
Nord Ovest;Valle d'Aosta;AO;H042;24,33;43
Nord Ovest;Lombardia;BS;H043;0;0
Sud;Campania;CE;H045;1;1
Nord Ovest;Lombardia;BG;H046;2;44
Nord Est;Veneto;VR;H048;2;15,5
Sud;Abruzzo;CH;H052;2;2,33
Nord Ovest;Lombardia;BS;H055;8,5;57,37
Sud;Abruzzo;AQ;H056;3;4
Nord Ovest;Piemonte;CN;H059;0;3,5
Nord Est;Emilia-Romagna;MO;H061;10,73;31,37
Sud;Campania;SA;H062;0;4,67
Nord Ovest;Lombardia;LC;H063;2,4;9,84
Nord Ovest;Piemonte;CN;H068;0;10
Nord Ovest;Piemonte;CN;H069;2;2
Isole;Sicilia;PA;H070;15,3;0
Centro;Lazio;VT;H071;1;1
Sud;Campania;NA;H072;13,83;3
Nord Ovest;Liguria;GE;H073;1;0
Nord Ovest;Lombardia;CO;H074;1;2
Centro;Lazio;LT;H076;7,17;1
Nord Ovest;Lombardia;BS;H077;0;1
Nord Ovest;Lombardia;BS;H078;13,2;57,08
Sud;Molise;CB;H083;0;1
Nord Ovest;Piemonte;CN;H085;4;0
Nord Ovest;Lombardia;BS;H086;5;34
Sud;Campania;BN;H087;0;0
Isole;Sardegna;CA;H088;5,07;40
Nord Est;Friuli- Venezia Giulia;UD;H089;2;4
Sud;Puglia;TA;H090;8;21,5
Nord Ovest;Lombardia;BG;H091;1,5;13,42
Nord Ovest;Lombardia;CO;H094;6,11;19,69
Isole;Sardegna;SS;H095;0;0
Sud;Puglia;BA;H096;48,59;157,17
Sud;Campania;AV;H097;1;10
Sud;Abruzzo;CH;H098;0,89;0
Nord Ovest;Piemonte;TO;H100;0;1
Sud;Campania;NA;H101;14,71;22,8
Nord Ovest;Piemonte;AT;H102;0;1
Nord Ovest;Piemonte;AL;H104;1;2
Nord Ovest;Piemonte;VB;H106;12;0
Nord Ovest;Piemonte;VB;H107;6;2,25
Nord Ovest;Piemonte;VC;H108;11,85;28,5
Centro;Toscana;PT;H109;24;142,76
Nord Ovest;Valle d'Aosta;AO;H110;21,97;46,83
Sud;Campania;NA;H114;34;168,67
Nord Est;Veneto;VE;H117;4,5;111,16
Isole;Sardegna;CA;H118;113,87;355,19
Isole;Sardegna;CA;H119;26;60,5
Nord Ovest;Piemonte;TO;H120;0;2
Nord Ovest;Piemonte;AL;H121;0;8
Nord Est;Emilia-Romagna;RE;H122;19;117,78
Nord Ovest;Liguria;SV;H126;38,79;27,89
Nord Ovest;Piemonte;TO;H127;4,5;7,67
Sud;Campania;AV;H128;0;0
Nord Ovest;Lombardia;MN;H129;2;7
Nord Ovest;Lombardia;CR;H130;1;9
Nord Est;Veneto;TV;H131;13,83;85,28
Nord Ovest;Piemonte;VC;H132;2;9
Nord Est;Veneto;VI;H134;1;59,98
Nord Ovest;Lombardia;BS;H140;5,66;41,82
Nord Ovest;Lombardia;MN;H143;3;39,25
Sud;Puglia;LE;H147;5;16
Isole;Sicilia;AG;H148;16,64;10,33
Nord Ovest;Piemonte;CN;H150;18,33;64,24
Isole;Sicilia;ME;H151;1;0
Centro;Toscana;SI;H153;4,05;3,42
Isole;Sicilia;CT;H154;0;7,25
Centro;Toscana;SI;H156;6;4
Centro;Toscana;SI;H157;3,25;3
Isole;Sicilia;AG;H159;9;5
Nord Est;Friuli- Venezia Giulia;UD;H161;0;19,5
Isole;Sicilia;RG;H163;112,71;436,8
Sud;Campania;CE;H165;0,5;0
Sud;Abruzzo;AQ;H166;5;12
Isole;Sicilia;CT;H168;5,28;5
Nord Ovest;Lombardia;VA;H173;5,1;6,44
Nord Ovest;Lombardia;VA;H174;4;10,5
Isole;Sicilia;CT;H175;17,1;26,42
Nord Ovest;Lombardia;BG;H176;42;107,86
Nord Ovest;Lombardia;BG;H177;2;40,67
Nord Ovest;Liguria;IM;H180;2;4
Centro;Marche;AP;H182;1;4
Nord Ovest;Liguria;GE;H183;213,55;341,8
Sud;Abruzzo;CH;H184;5;1
Centro;Toscana;SI;H185;15;35
Sud;Basilicata;PZ;H186;5,5;6,84
Sud;Basilicata;PZ;H187;4,06;3,5
Nord Ovest;Piemonte;VC;H188;2;0,75
Nord Ovest;Lombardia;SO;H192;3;4
Isole;Sicilia;AG;H194;9,17;13,33
Nord Est;Emilia-Romagna;MO;H195;14;96,26
Nord Est;Friuli- Venezia Giulia;UD;H196;4;11,33
Sud;Campania;SA;H198;6,66;1
Nord Est;Emilia-Romagna;RA;H199;428,08;1779,93
Nord Est;Friuli- Venezia Giulia;UD;H200;0;0
Sud;Campania;CE;H202;4;0
Nord Ovest;Piemonte;VB;H203;3,5;0
Nord Ovest;Lombardia;PV;H204;5;5,25
Isole;Sicilia;AG;H205;10;3
Nord Est;Friuli- Venezia Giulia;UD;H206;8;26,5
Nord Ovest;Piemonte;TO;H207;5;19,39
Sud;Campania;CE;H210;16,83;21
Centro;Marche;MC;H211;52,83;105,73
Nord Ovest;Liguria;GE;H212;37,99;67,27
Nord Ovest;Piemonte;NO;H213;0,11;7,36
Nord Est;Veneto;VI;H214;17,37;30,51
Nord Ovest;Lombardia;PV;H216;2;6
Nord Ovest;Lombardia;MN;H218;0;1
Nord Ovest;Piemonte;AT;H219;2;9
Nord Est;Veneto;TV;H220;0;4
Isole;Sicilia;EN;H221;13;29,17
Centro;Toscana;FI;H222;46,73;102,32
Nord Est;Emilia-Romagna;RE;H223;674,57;2133,99
Sud;Calabria;RC;H224;128,39;391,09
Nord Est;Emilia-Romagna;RE;H225;8;77,89
Sud;Campania;BN;H227;0;0
Isole;Sicilia;ME;H228;4;7,42
Nord Est;Friuli- Venezia Giulia;UD;H229;3;42,5
Nord Ovest;Lombardia;BS;H230;0;12,28
Nord Ovest;Lombardia;MI;H233;12;51,25
Sud;Calabria;CS;H235;77,49;138,36
Nord Est;Veneto;TV;H238;5;64,48
Nord Ovest;Lombardia;MI;H240;53,56;155,84
Nord Est;Friuli- Venezia Giulia;UD;H242;3;2,33
Sud;Campania;NA;H243;26,9;87,88
Nord Est;Friuli- Venezia Giulia;UD;H244;0;0
Isole;Sicilia;CL;H245;2,67;4
Nord Ovest;Lombardia;PV;H246;1,5;10,5
Nord Ovest;Piemonte;CN;H247;17;14,11
Nord Ovest;Piemonte;AT;H250;1;3
Nord Est;Veneto;TV;H253;4,17;10,21
Nord Ovest;Lombardia;CO;H255;1;0
Nord Ovest;Lombardia;BS;H256;40,93;159,37
Nord Ovest;Liguria;IM;H257;8;1
Nord Ovest;Liguria;GE;H258;6,5;3
Nord Ovest;Lombardia;CO;H259;0;0
Nord Ovest;Valle d'Aosta;AO;H262;0;4
Nord Ovest;Valle d'Aosta;AO;H263;4;1
Nord Ovest;Lombardia;MI;H264;256,86;665,69
Sud;Calabria;RC;H265;3;4
Nord Ovest;Liguria;SV;H266;5;3
Centro;Lazio;RM;H267;10;45
Sud;Campania;CE;H268;3;5
Isole;Sicilia;AG;H269;9,5;8
Nord Ovest;Piemonte;TO;H270;0;1,33
Sud;Calabria;VV;H271;6,67;0,67
Nord Ovest;Piemonte;AL;H272;5;4
Sud;Molise;CB;H273;10;10
Nord Est;Emilia-Romagna;RN;H274;67,43;537,04
Nord Ovest;Liguria;SP;H275;16,5;15,5
Nord Ovest;Lombardia;CR;H276;1;18
Sud;Campania;SA;H277;3,83;4
Nord Est;Veneto;TV;H280;16;69,01
Isole;Sicilia;CL;H281;3,64;16,2
Centro;Lazio;RI;H282;98;193,3
Nord Ovest;Piemonte;CN;H285;0;4
Centro;Toscana;FI;H286;31,25;54,42
Sud;Puglia;FG;H287;4,22;4,5
Centro;Lazio;RM;H288;24,5;80,83
Nord Est;Friuli- Venezia Giulia;UD;H289;5,32;5,17
Nord Ovest;Piemonte;VC;H293;1;1
Nord Est;Emilia-Romagna;RN;H294;309,02;1597,08
Nord Est;Emilia-Romagna;RE;H298;11,99;45
Centro;Lazio;RM;H300;0,67;0
Isole;Sardegna;OR;H301;0;3
Nord Est;Emilia-Romagna;RA;H302;12,5;34,83
Nord Est;Emilia-Romagna;MO;H303;1;11,5
Nord Ovest;Liguria;SP;H304;11,04;4
Sud;Basilicata;PZ;H307;20,19;17,58
Sud;Molise;IS;H308;4;6
Sud;Molise;CB;H311;2;1
Sud;Basilicata;PZ;H312;3;1
Sud;Molise;CB;H313;9,25;12
Nord Ovest;Lombardia;CR;H314;2;13,5
Nord Ovest;Lombardia;CR;H315;0;35,9
Nord Ovest;Lombardia;CR;H316;0;9
Centro;Toscana;PI;H319;13,73;20
Sud;Abruzzo;CH;H320;3;15
Centro;Marche;AP;H321;6;10,51
Centro;Marche;MC;H323;0,5;4
Centro;Lazio;FR;H324;1;3
Isole;Sicilia;CT;H325;5,66;105,5
Nord Ovest;Piemonte;CN;H326;3,7;0
Nord Est;Veneto;BL;H327;10;2,5
Nord Ovest;Liguria;IM;H328;10;37,17
Nord Ovest;Lombardia;BG;H331;8;38,54
Nord Ovest;Piemonte;TO;H333;4;4
Nord Ovest;Piemonte;AL;H334;1,33;10
Nord Ovest;Piemonte;TO;H335;72,5;192,55
Nord Ovest;Lombardia;PV;H336;17;60,17
Nord Ovest;Piemonte;TO;H337;4,5;44,34
Nord Ovest;Piemonte;TO;H338;7,5;13,5
Nord Ovest;Piemonte;TO;H340;50;119,16
Nord Ovest;Lombardia;CR;H341;0;14
Nord Ovest;Lombardia;MN;H342;2;9
Nord Ovest;Piemonte;AL;H343;1;3
Nord Ovest;Piemonte;TO;H344;3;12,51
Nord Ovest;Piemonte;VC;H346;1;5
Nord Est;Friuli- Venezia Giulia;UD;H347;1;25,17
Sud;Basilicata;PZ;H348;3;0
Nord Est;Emilia-Romagna;PC;H350;11,5;62,93
Sud;Abruzzo;AQ;H353;8,5;22,01
Centro;Lazio;RI;H354;4;5,5
Nord Ovest;Piemonte;TO;H355;224,5;514,72
Nord Est;Veneto;VR;H356;4;28
Nord Ovest;Lombardia;CR;H357;18,5;103,4
Sud;Calabria;RC;H359;2;2
Nord Est;Veneto;VI;H361;33,04;179,96
Nord Ovest;Piemonte;CN;H362;2;1
Nord Ovest;Piemonte;CN;H363;0;2
Nord Ovest;Piemonte;VC;H364;0;8
Nord Ovest;Piemonte;VC;H365;10;23,68
Nord Ovest;Piemonte;AT;H366;0;1
Nord Ovest;Piemonte;TO;H367;7;34,08
Nord Ovest;Lombardia;PV;H369;20;66,58
Nord Ovest;Lombardia;MI;H371;17,31;44,5
Nord Ovest;Lombardia;CR;H372;3;18,83
Nord Ovest;Lombardia;MI;H373;15,51;65,75
Nord Ovest;Lombardia;PV;H375;0;2
Nord Ovest;Piemonte;AT;H376;2,5;2,5
Nord Ovest;Piemonte;CN;H377;7;19,33
Nord Ovest;Piemonte;CN;H378;8,62;22,5
Nord Est;Veneto;BL;H379;17,73;24,23
Isole;Sicilia;ME;H380;2;1
Sud;Campania;AV;H382;2,5;3
Sud;Calabria;KR;H383;1,99;0
Nord Est;Emilia-Romagna;PR;H384;1;23,67
Nord Ovest;Piemonte;CN;H385;3;3,25
Nord Ovest;Piemonte;TO;H386;10,5;9
Centro;Lazio;RM;H387;0;0
Sud;Abruzzo;AQ;H389;2;1
Centro;Marche;AP;H390;2,5;3,5
Nord Ovest;Piemonte;CN;H391;0;2
Nord Ovest;Piemonte;AT;H392;3;0
Centro;Lazio;FR;H393;2,5;2
Sud;Campania;SA;H394;7,11;3
Nord Ovest;Piemonte;CN;H395;2;8,95
Nord Ovest;Lombardia;PV;H396;0;0
Sud;Campania;CE;H398;4;1
Sud;Abruzzo;AQ;H399;2;7,5
Sud;Abruzzo;AQ;H400;12;24,5
Centro;Lazio;RM;H401;0;0
Sud;Abruzzo;AQ;H402;25,5;50
Sud;Calabria;KR;H403;4;1
Centro;Lazio;RM;H404;18,9;50,17
Isole;Sicilia;ME;H405;0;0
Nord Ovest;Piemonte;AL;H406;3;2
Nord Ovest;Piemonte;CN;H407;10;19,58
Sud;Calabria;RC;H408;0;0
Sud;Puglia;TA;H409;2;3
Nord Ovest;Lombardia;BS;H410;10,79;44,99
Centro;Lazio;RM;H411;0;0
Sud;Campania;SA;H412;5,17;1
Centro;Lazio;LT;H413;6,5;4
Nord Ovest;Piemonte;AL;H414;0;7,5
Sud;Calabria;CS;H416;11;8
Centro;Toscana;GR;H417;7,5;3
Isole;Sicilia;ME;H418;11,8;16,5
Sud;Molise;IS;H420;1;2
Centro;Lazio;LT;H421;1;1
Isole;Sicilia;PA;H422;1;4,33
Sud;Campania;CE;H423;5,83;3
Sud;Abruzzo;CH;H424;0;2
Sud;Abruzzo;PE;H425;3;1
Sud;Basilicata;PZ;H426;5;0
Centro;Lazio;RI;H427;5;2
Isole;Sicilia;PA;H428;4;1
Sud;Abruzzo;AQ;H429;0;4
Sud;Campania;SA;H431;8,72;32
Centro;Lazio;RM;H432;18,18;51,04
Sud;Campania;NA;H433;2,67;11,53
Sud;Abruzzo;AQ;H434;43,72;61,5
Sud;Campania;CE;H436;2,33;1
Nord Est;Emilia-Romagna;FO;H437;3;5
Sud;Campania;AV;H438;1;1
Sud;Abruzzo;CH;H439;2;6
Sud;Abruzzo;TE;H440;0;4
Centro;Lazio;RM;H441;3;8
Sud;Abruzzo;CH;H442;3;1
Centro;Lazio;FR;H443;2;3
Centro;Lazio;LT;H444;2;2
Sud;Molise;IS;H445;2;1
Centro;Lazio;RI;H446;4;0
Nord Ovest;Piemonte;CN;H447;2;4
Sud;Abruzzo;CH;H448;3;6
Centro;Toscana;GR;H449;42;64,08
Nord Ovest;Lombardia;PV;H450;2;3
Nord Ovest;Piemonte;AT;H451;1,25;1
Nord Ovest;Liguria;SV;H452;8;5
Nord Ovest;Piemonte;CN;H453;12;19,5
Sud;Molise;CB;H454;8;4,75
Isole;Sicilia;ME;H455;2;5
Sud;Calabria;RC;H456;7;9
Sud;Molise;IS;H458;0;0
Sud;Campania;CE;H459;0,5;0
Nord Ovest;Liguria;IM;H460;3;1
Nord Ovest;Liguria;SP;H461;10,16;0
Nord Ovest;Piemonte;CN;H462;0;0
Nord Ovest;Piemonte;AL;H465;3;0
Nord Ovest;Piemonte;AT;H466;0;2
Sud;Puglia;FG;H467;1;0
Nord Ovest;Piemonte;AT;H468;2,33;6
Nord Ovest;Lombardia;MI;H470;11,83;63,02
Nord Ovest;Piemonte;CN;H472;3;7
Nord Ovest;Piemonte;CN;H473;3,33;3,33
Nord Ovest;Piemonte;CN;H474;1;3
Nord Ovest;Lombardia;BS;H477;10;102,06
Nord Ovest;Lombardia;CO;H478;1;7
Isole;Sicilia;ME;H479;2;3
Sud;Puglia;FG;H480;14,5;51,44
Nord Ovest;Lombardia;MN;H481;4;29,58
Nord Ovest;Lombardia;BS;H484;8;27,9
Sud;Campania;SA;H485;4,5;1
Nord Ovest;Lombardia;LC;H486;7;28,5
Sud;Calabria;CS;H488;5;2
Sud;Calabria;RC;H489;0;0
Sud;Calabria;CS;H490;3,61;8
Nord Ovest;Lombardia;PV;H491;0;12,5
Nord Ovest;Lombardia;BG;H492;5,22;27,36
Nord Ovest;Lombardia;SO;H493;1,08;1
Centro;Lazio;RM;H494;2;0
Sud;Abruzzo;CH;H495;0;0
Nord Ovest;Valle d'Aosta;AO;H497;6;3
Nord Ovest;Piemonte;TO;H498;6;14
Nord Est;Emilia-Romagna;RE;H500;9,33;33
Centro;Lazio;RM;H501;9731,4;21311,53
Nord Ovest;Piemonte;NO;H502;15;33
Sud;Campania;SA;H503;0;3
Nord Ovest;Lombardia;PV;H505;0;4
Isole;Sardegna;SS;H507;0;0
Nord Ovest;Lombardia;CR;H508;2;27,5
Nord Ovest;Lombardia;BG;H509;56,56;264,45
Nord Ovest;Piemonte;TO;H511;18;32
Nord Est;Veneto;VI;H512;22;118,36
Sud;Calabria;VV;H516;0;1
Nord Ovest;Piemonte;NO;H518;21,67;72,84
Isole;Sicilia;ME;H519;6,33;24
Nord Est;Veneto;VR;H522;3,62;14,08
Nord Est;Veneto;TV;H523;17,32;141,65
Nord Ovest;Lombardia;BS;H525;23,33;113,31
Nord Ovest;Lombardia;PV;H527;0;28,5
Nord Ovest;Lombardia;MI;H529;12;60,31
Nord Est;Friuli- Venezia Giulia;UD;H533;4,17;17,06
Centro;Lazio;VT;H534;28,59;36,17
Nord Ovest;Lombardia;BG;H535;5,83;5,89
Nord Ovest;Liguria;GE;H536;13;27,33
Nord Ovest;Lombardia;MI;H537;15,5;61,91
Nord Ovest;Piemonte;BI;H538;6,33;12
Nord Ovest;Piemonte;TO;H539;1;1
Nord Est;Veneto;VR;H540;9,67;68,56
Nord Ovest;Lombardia;MN;H541;5;55
Nord Est;Emilia-Romagna;FO;H542;3;43
Nord Ovest;Lombardia;BG;H544;5;19
Nord Ovest;Liguria;GE;H546;0;0
Nord Ovest;Piemonte;TO;H547;5;25,78
Nord Ovest;Piemonte;VC;H549;0;5
Nord Ovest;Piemonte;BI;H553;6;7
Nord Ovest;Piemonte;TO;H554;3;5
Nord Ovest;Piemonte;TO;H555;11,5;11
Nord Est;Veneto;VI;H556;18,85;89,73
Sud;Calabria;RC;H558;4,75;4
Nord Ovest;Lombardia;PV;H559;2;6
Nord Ovest;Lombardia;MI;H560;14,13;69,84
Nord Ovest;Piemonte;BI;H561;4;0
Sud;Abruzzo;PE;H562;3,33;13
Sud;Campania;SA;H564;3;1
Sud;Calabria;CS;H565;7;2,5
Sud;Abruzzo;CH;H566;1;1
Sud;Puglia;FG;H568;2;2
Nord Ovest;Piemonte;AL;H569;3;6,67
Centro;Toscana;LI;H570;113,16;373,2
Sud;Calabria;CS;H572;8,25;5
Nord Est;Veneto;RO;H573;8,3;75,01
Isole;Sicilia;SR;H574;7;18,61
Centro;Marche;AN;H575;1;16,85
Nord Ovest;Piemonte;VC;H577;1,81;0
Nord Ovest;Piemonte;CN;H578;10,5;10,28
Nord Est;Veneto;VI;H580;5;48,1
Nord Ovest;Liguria;GE;H581;11;4
Nord Ovest;Piemonte;TO;H583;23;83,18
Nord Ovest;Lombardia;BG;H584;4,11;21,17
Sud;Calabria;CS;H585;2;1
Centro;Marche;AP;H588;0;2
Sud;Molise;CB;H589;0;1,75
Sud;Basilicata;PZ;H590;6;10,75
Sud;Basilicata;MT;H591;8;6
Sud;Campania;AV;H592;2,33;5
Nord Est;Emilia-Romagna;PC;H593;40,07;165,71
Nord Est;Veneto;VI;H594;0;10,5
Nord Ovest;Lombardia;BS;H598;42,97;234,29
Nord Ovest;Liguria;GE;H599;4,75;1
Nord Ovest;Lombardia;CO;H601;21;92,63
Nord Ovest;Lombardia;CO;H602;8,25;68
Nord Ovest;Lombardia;MN;H604;5;78
Nord Est;Veneto;VR;H606;5;15
Nord Est;Veneto;VR;H608;4;7,67
Nord Est;Friuli- Venezia Giulia;PN;H609;12,5;48,67
Nord Est;Veneto;VR;H610;3,8;3,8
Nord Ovest;Lombardia;PV;H614;1;2
Nord Ovest;Lombardia;BG;H615;13,16;76,22
Centro;Lazio;RM;H618;2,67;5
Nord Est;Veneto;RO;H620;57,76;539,57
Sud;Calabria;CS;H621;1;4
Nord Est;Veneto;PD;H622;2,14;32,25
Nord Ovest;Lombardia;MI;H623;225,04;588,55
Nord Est;Veneto;PD;H625;14;306,77
Nord Ovest;Piemonte;TO;H627;15,5;44,05
Nord Est;Emilia-Romagna;RE;H628;31,17;233,95
Nord Ovest;Lombardia;BS;H630;14,05;38,05
Nord Ovest;Piemonte;TO;H631;6,5;5
Sud;Puglia;LE;H632;9,94;9,48
Nord Ovest;Piemonte;CN;H633;0,33;1
Centro;Toscana;FI;H635;4;34,04
Sud;Basilicata;PZ;H641;1;2
Nord Est;Emilia-Romagna;RA;H642;16,17;101,2
Sud;Puglia;BA;H643;19;106,67
Sud;Campania;SA;H644;1;0
Sud;Puglia;BA;H645;85,86;58,83
Sud;Basilicata;PZ;H646;2,48;1,6
Centro;Lazio;LT;H647;21,57;89,17
Nord Ovest;Lombardia;BS;H650;9,5;34,83
Nord Ovest;Lombardia;MN;H652;5,5;20,21
Sud;Campania;SA;H654;0;0
Nord Est;Veneto;PD;H655;1;48,11
Nord Est;Friuli- Venezia Giulia;PN;H657;68,45;207,15
Centro;Lazio;RM;H658;8;23,39
Isole;Sardegna;NU;H659;1;0
Isole;Sardegna;NU;H661;0;1
Nord Ovest;Piemonte;BI;H662;15,38;17,5
Nord Ovest;Valle d'Aosta;AO;H669;3;17,2
Nord Ovest;Valle d'Aosta;AO;H670;1;0
Nord Ovest;Valle d'Aosta;AO;H671;5,5;5,5
Nord Ovest;Valle d'Aosta;AO;H672;2,5;3,5
Nord Ovest;Valle d'Aosta;AO;H673;0;1
Nord Ovest;Valle d'Aosta;AO;H674;27,11;26
Nord Ovest;Valle d'Aosta;AO;H675;7;2
Nord Ovest;Valle d'Aosta;AO;H676;25,5;42,5
Nord Ovest;Piemonte;AL;H677;0;1
Nord Est;Emilia-Romagna;BO;H678;10;113,53
Nord Ovest;Lombardia;CO;H679;3,5;6
Nord Ovest;Piemonte;BI;H681;4;7
Nord Est;Emilia-Romagna;PR;H682;7;103,5
Sud;Campania;SA;H683;9;13,43
Nord Ovest;Piemonte;TO;H684;3;4
Sud;Campania;SA;H686;2;1
Sud;Basilicata;MT;H687;2,19;0
Isole;Sicilia;TP;H688;0;4,5
Nord Est;Veneto;RO;H689;2;6
Nord Ovest;Piemonte;VC;H690;1;1
Nord Ovest;Piemonte;TO;H691;3;12
Sud;Molise;CB;H693;2;2
Nord Ovest;Piemonte;AL;H694;9;25
Nord Ovest;Piemonte;CN;H695;9;3
Nord Ovest;Lombardia;BS;H699;18,17;27,72
Isole;Sicilia;TP;H700;16;16,22
Nord Ovest;Lombardia;LO;H701;3,67;39,5
Nord Ovest;Piemonte;TO;H702;0;0
Sud;Campania;SA;H703;179,1;525,9
Nord Ovest;Piemonte;CN;H704;0;2
Nord Est;Veneto;TV;H706;5;47,95
Nord Ovest;Piemonte;VC;H707;0;1
Sud;Puglia;LE;H708;2;10,25
Nord Ovest;Piemonte;CN;H710;8;5
Nord Est;Veneto;VR;H712;1,17;2
Centro;Lazio;RI;H713;8,25;1
Nord Est;Veneto;VR;H714;1;23,28
Sud;Abruzzo;PE;H715;0;0
Nord Ovest;Piemonte;CN;H716;0;2
Nord Ovest;Lombardia;BS;H717;27,57;150,08
Nord Est;Emilia-Romagna;PR;H720;81,45;252,75
Nord Ovest;Lombardia;VA;H723;13,3;24,52
Nord Est;Emilia-Romagna;RN;H724;6,9;38,45
Nord Ovest;Piemonte;VC;H725;8,88;35,08
Nord Ovest;Piemonte;BI;H726;9;31
Nord Ovest;Piemonte;CN;H727;108,29;155,88
Sud;Puglia;LE;H729;12,21;9,78
Sud;Basilicata;PZ;H730;4;2
Nord Ovest;Lombardia;CR;H731;0;8,75
Sud;Campania;SA;H732;1;0
Sud;Campania;AV;H733;1;5
Nord Ovest;Piemonte;TO;H734;1;0
Nord Est;Veneto;VE;H735;12,51;173,25
Nord Ovest;Lombardia;VA;H736;56,5;188,16
Isole;Sardegna;CA;H738;5;0
Isole;Sardegna;CA;H739;1;0
Isole;Sicilia;AG;H743;17,5;18,25
Centro;Toscana;PT;H744;11,66;16,99
Centro;Lazio;RM;H745;5;2,44
Nord Ovest;Piemonte;CN;H746;0;0
Sud;Puglia;BA;H749;13;27,47
Nord Ovest;Lombardia;SO;H752;15,5;7,61
Nord Ovest;Piemonte;TO;H753;1;12
Nord Ovest;Piemonte;CN;H755;24,57;30,07
Isole;Sardegna;OR;H756;6;2
Sud;Puglia;LE;H757;2;2
Nord Ovest;Lombardia;CO;H760;6;2
Nord Ovest;Liguria;IM;H763;36,35;71,75
Sud;Campania;BN;H764;1;0
Sud;Calabria;CS;H765;2,5;0
Isole;Sardegna;CA;H766;0;0
Nord Ovest;Lombardia;CR;H767;2;10,84
Nord Est;Veneto;RO;H768;2;9,44
Centro;Marche;AP;H769;181,5;569,56
Nord Ovest;Piemonte;CN;H770;3;3
Nord Ovest;Lombardia;MN;H771;4,5;59,53
Sud;Abruzzo;AQ;H772;6;3
Sud;Abruzzo;AQ;H773;0;0
Sud;Calabria;CS;H774;0;0
Nord Ovest;Piemonte;TO;H775;12;81,4
Nord Ovest;Piemonte;VB;H777;4;9
Isole;Sicilia;AG;H778;3;2
Centro;Lazio;FR;H779;1;0
Nord Ovest;Liguria;IM;H780;2;3
Nord Est;Veneto;TV;H781;40,42;120,62
Sud;Molise;CB;H782;1;0
Nord Est;Veneto;VR;H783;28,83;247,3
Sud;Abruzzo;CH;H784;5;4
Sud;Calabria;VV;H785;1;2
Nord Ovest;Piemonte;TO;H789;6;12,2
Centro;Toscana;SI;H790;14;5,5
Centro;Toscana;FI;H791;38,76;79,29
Isole;Sicilia;CL;H792;22,72;67,75
Sud;Puglia;LE;H793;6,27;39,33
Nord Est;Emilia-Romagna;MO;H794;16;99,92
Sud;Basilicata;PZ;H795;0;0
Sud;Basilicata;PZ;H796;8,5;2
Isole;Sicilia;PA;H797;2;1
Sud;Campania;CE;H798;2;1
Nord Ovest;Lombardia;PV;H799;2;4
Sud;Campania;SA;H800;12,5;32,11
Nord Est;Emilia-Romagna;RN;H801;5;58
Nord Ovest;Liguria;GE;H802;6;12
Nord Ovest;Lombardia;MI;H803;31,84;75,5
Nord Ovest;Piemonte;TO;H804;0;3
Isole;Sicilia;CT;H805;1,07;2,25
Sud;Calabria;CS;H806;0;0
Sud;Calabria;VV;H807;2;2
Sud;Basilicata;PZ;H808;4;0
Centro;Marche;PS;H809;3,99;33
Nord Ovest;Piemonte;AL;H810;1;0
Nord Ovest;Piemonte;AT;H811;17,33;45,75
Nord Ovest;Piemonte;CN;H812;4;2,34
Nord Ovest;Lombardia;PV;H814;1;1,25
Nord Ovest;Lombardia;CR;H815;4;9
Nord Est;Friuli- Venezia Giulia;UD;H816;10,17;62,75
Sud;Calabria;CS;H818;5,98;1,28
Sud;Abruzzo;AQ;H819;7,83;7
Nord Ovest;Piemonte;TO;H820;0;3
Nord Ovest;Piemonte;BI;H821;3,5;18
Sud;Puglia;BR;H822;4;11,5
Nord Est;Veneto;VE;H823;67,75;763,76
Centro;Lazio;FR;H824;6,2;4,5
Sud;Calabria;CS;H825;5;2
Sud;Puglia;LE;H826;4,09;10
Nord Ovest;Lombardia;MI;H827;114,18;297,19
Nord Est;Veneto;VI;H829;10;74,88
Sud;Basilicata;PZ;H831;2,01;2
Sud;Molise;CB;H833;2;0
Sud;Campania;CE;H834;16;31
Nord Est;Emilia-Romagna;MO;H835;12,34;146,71
Centro;Lazio;LT;H836;13,92;16,08
Nord Ovest;Lombardia;BS;H838;6;37,5
Sud;Puglia;FG;H839;5,5;39,51
Nord Ovest;Lombardia;CO;H840;18;84,83
Sud;Calabria;CS;H841;1,22;1,33
Isole;Sicilia;ME;H842;8,5;12
Nord Est;Veneto;TV;H843;11;61,69
Nord Ovest;Lombardia;LO;H844;10;28,5
Sud;Calabria;CZ;H846;3;0
Nord Ovest;Piemonte;TO;H847;21;48,43
Isole;Sardegna;SS;H848;2;15
Isole;Sicilia;ME;H850;5;2
Nord Ovest;Piemonte;CN;H851;9,66;15,96
Nord Ovest;Piemonte;CN;H852;4;7,5
Nord Ovest;Piemonte;TO;H855;21;38,5
Isole;Sardegna;CA;H856;3;1
Centro;Umbria;TR;H857;5;33
Nord Ovest;Lombardia;PV;H859;8;46,08
Sud;Campania;NA;H860;0,25;8
Nord Ovest;Piemonte;VC;H861;3;12
Nord Ovest;Piemonte;TO;H862;11;12
Nord Ovest;Lombardia;BS;H865;2,5;26,5
Sud;Molise;CB;H867;2;9
Nord Ovest;Lombardia;SO;H868;4,5;0
Nord Ovest;Lombardia;MN;H870;5;15
Nord Ovest;Lombardia;VA;H872;3;22,5
Nord Ovest;Piemonte;TO;H873;13,25;39
Centro;Toscana;SI;H875;21,5;31,75
Centro;Marche;MC;H876;1,56;9
Sud;Calabria;CS;H877;3;2
Nord Ovest;Piemonte;AL;H878;1;1
Centro;Lazio;FR;H880;8;0
Sud;Calabria;CS;H881;2;0
Sud;Puglia;TA;H882;7,67;57,18
Nord Ovest;Lombardia;MN;H883;11,5;160,75
Nord Ovest;Lombardia;MI;H884;27,25;94,88
Nord Ovest;Lombardia;PV;H885;1;13,63
Nord Est;Emilia-Romagna;PC;H887;11,78;71,38
Sud;Basilicata;MT;H888;2;0
Sud;Calabria;RC;H889;3;1
Nord Ovest;Piemonte;TO;H890;2;23
Nord Est;Friuli- Venezia Giulia;PN;H891;5;11,6
Sud;Campania;NA;H892;36,81;191,42
Nord Est;Veneto;PD;H893;1;83,74
Sud;Campania;BN;H894;8;31,97
Nord Est;Friuli- Venezia Giulia;UD;H895;14,5;54,48
Nord Est;Emilia-Romagna;BO;H896;37,7;186,1
Nord Est;Veneto;PD;H897;4;26,33
Sud;Campania;BN;H898;2,86;1,17
Nord Ovest;Piemonte;AT;H899;0;0
Nord Ovest;Piemonte;TO;H900;8;10
Centro;Toscana;AR;H901;54,82;91,48
Sud;Calabria;RC;H903;2;0
Nord Est;Friuli- Venezia Giulia;UD;H906;14;69,88
Sud;Campania;SA;H907;12,5;8
Nord Ovest;Lombardia;BG;H910;11,02;31,92
Nord Ovest;Lombardia;MN;H912;0,5;5
Centro;Lazio;VT;H913;1;4
Isole;Sicilia;AG;H914;9,53;3,5
Nord Est;Veneto;VR;H916;6,42;20,58
Centro;Lazio;FR;H917;0;4
Nord Ovest;Lombardia;CR;H918;2;13,52
Sud;Calabria;CS;H919;15,5;17
Sud;Molise;CB;H920;2;1
Nord Est;Emilia-Romagna;RN;H921;9;54,08
Isole;Sicilia;CT;H922;15,28;112,16
Sud;Abruzzo;CH;H923;0;0
Nord Est;Veneto;VR;H924;53,94;268,47
Sud;Puglia;FG;H926;29,88;108,06
Sud;Molise;CB;H928;2;1,5
Sud;Molise;CB;H929;1;0
Nord Ovest;Lombardia;MI;H930;169,34;433,83
Sud;Campania;NA;H931;24,83;13
Isole;Sicilia;PA;H933;4;3
Centro;Umbria;PG;H935;19,66;57
Nord Ovest;Piemonte;TO;H936;6,5;20,1
Centro;Toscana;FI;H937;2,5;4,67
Nord Est;Veneto;BL;H938;5;7
Sud;Campania;CE;H939;1;0
Isole;Sicilia;CT;H940;10;74,83
Sud;Calabria;VV;H941;2;1
Centro;Lazio;RM;H942;3,25;1
Sud;Campania;SA;H943;7,2;5
Nord Est;Veneto;VR;H944;6;52,72
Nord Est;Emilia-Romagna;BO;H945;125,91;421,33
Nord Est;Emilia-Romagna;RN;H949;2;20,67
Nord Est;Friuli- Venezia Giulia;UD;H951;0;2
Sud;Campania;BN;H953;2;1
Sud;Campania;BN;H955;2,08;0
Nord Ovest;Liguria;IM;H957;15;31
Centro;Marche;PS;H958;6;11
Sud;Calabria;RC;H959;1,2;0
Sud;Calabria;CS;H961;0;0
Sud;Calabria;CS;H962;1;2
Sud;Campania;BN;H967;3,67;0
Centro;Lazio;VT;H969;7,5;8,5
Sud;Calabria;RC;H970;0;2
Sud;Calabria;CS;H971;10,5;6
Sud;Campania;BN;H973;0;0
Isole;Sardegna;CA;H974;1,67;9,95
Sud;Campania;AV;H975;1;9,5
Sud;Calabria;CZ;H976;2,5;2
Sud;Campania;SA;H977;3,5;5
Sud;Campania;CE;H978;9;54,33
Centro;Marche;AN;H979;1;7
Sud;Calabria;CS;H981;5;1
Isole;Sicilia;ME;H982;3;0
Sud;Campania;BN;H984;1;2
Sud;Puglia;FG;H985;11,3;37
Sud;Puglia;FG;H986;2;1
Nord Ovest;Piemonte;AT;H987;0;2
Sud;Molise;CB;H990;5;10
Sud;Abruzzo;CH;H991;1;4
Sud;Calabria;CS;H992;1,66;0
Sud;Basilicata;PZ;H994;2,15;0
Nord Est;Veneto;RO;H996;2;17,75
Nord Ovest;Piemonte;TO;H997;0;8,67
Nord Est;Friuli- Venezia Giulia;PN;H999;1;4,97
Sud;Campania;BN;I002;3;6
Nord Est;Veneto;VR;I003;52,2;248,93
Nord Ovest;Lombardia;MN;I005;1;10
Nord Ovest;Lombardia;CR;I007;0;3,5
Nord Est;Veneto;PD;I008;15;85,83
Nord Est;Emilia-Romagna;RE;I011;11,67;93,01
Nord Ovest;Lombardia;LO;I012;10,67;43,27
Nord Ovest;Lombardia;PV;I014;21;102,17
Sud;Campania;AV;I016;8,34;2
Nord Ovest;Piemonte;AT;I017;0;1
Sud;Puglia;TA;I018;4;7
Sud;Campania;SA;I019;8;17
Sud;Molise;CB;I023;0;19,04
Nord Ovest;Piemonte;TO;I024;13;107,6
Nord Ovest;Piemonte;NO;I025;1,5;11,5
Sud;Calabria;KR;I026;1;0
Nord Est;Emilia-Romagna;FO;I027;13;141,76
Isole;Sicilia;PA;I028;13,66;3
Sud;Basilicata;MT;I029;3;2,78
Nord Ovest;Piemonte;TO;I030;57,99;194,89
Sud;Campania;SA;I031;3;7,34
Sud;Campania;SA;I032;0;0
Sud;Campania;AV;I034;1;9
Isole;Sicilia;CT;I035;4;6,75
Nord Ovest;Piemonte;CN;I037;4;15
Nord Est;Veneto;VE;I040;21,77;310,43
Sud;Puglia;BR;I045;3;10,67
Centro;Toscana;PI;I046;39,08;127,57
Nord Ovest;Lombardia;PV;I048;12,17;64,67
Sud;Campania;BN;I049;1;1,5
Nord Ovest;Lombardia;CO;I051;1,44;0,5
Nord Ovest;Piemonte;NO;I052;2;7
Sud;Puglia;BA;I053;20,17;28,8
Sud;Puglia;FG;I054;16,58;54,62
Sud;Campania;CE;I056;24,5;203,18
Sud;Calabria;KR;I057;0;1
Sud;Calabria;VV;I058;3;0
Sud;Puglia;LE;I059;10,66;27,75
Sud;Calabria;CS;I060;10;7,67
Sud;Campania;AV;I061;1;5,5
Sud;Campania;BN;I062;6,45;5
Nord Est;Veneto;BL;I063;0;6
Sud;Puglia;BR;I066;1;15,67
Centro;Marche;AN;I071;0;1,5
Sud;Puglia;FG;I072;4,31;18
Sud;Campania;NA;I073;4,22;16,22
Nord Ovest;Piemonte;AT;I076;0;2
Nord Ovest;Lombardia;BG;I079;10,67;33,36
Isole;Sicilia;ME;I084;2,78;0
Isole;Sicilia;ME;I086;11;1
Nord Est;Veneto;BL;I088;6,45;6
Sud;Campania;SA;I089;1;2
Nord Ovest;Piemonte;TO;I090;5;13,33
Nord Est;Friuli- Venezia Giulia;UD;I092;2;6,9
Sud;Calabria;CZ;I093;7;5
Sud;Calabria;CZ;I095;1;0
Sud;Molise;IS;I096;3,67;3
Isole;Sicilia;CT;I098;4;45,17
Sud;Calabria;RC;I102;2;0
Nord Est;Veneto;TV;I103;3;34,67
Nord Est;Veneto;VR;I105;11;26,67
Nord Est;Veneto;PD;I107;0;18
Sud;Calabria;CS;I108;3;0
Nord Est;Veneto;VR;I109;16,84;123,72
Nord Est;Emilia-Romagna;BO;I110;16;143,91
Sud;Campania;CE;I113;0;0
Sud;Calabria;CS;I114;7;1
Sud;Puglia;LE;I115;1;7
Nord Ovest;Piemonte;NO;I116;6;23
Nord Est;Veneto;VI;I117;4;7
Isole;Sardegna;CA;I118;0;1
Sud;Puglia;BR;I119;5;32,92
Nord Est;Veneto;PD;I120;0;11,5
Sud;Abruzzo;AQ;I121;1;2
Sud;Molise;CB;I122;0;1
Nord Est;Emilia-Romagna;RE;I123;12,33;57,86
Nord Est;Veneto;TV;I124;7,7;36,58
Centro;Lazio;RM;I125;5;8
Nord Ovest;Piemonte;TO;I126;1;2
Nord Est;Emilia-Romagna;MO;I128;8;26,89
Sud;Campania;AV;I129;2;6
Sud;Campania;CE;I130;2;1
Sud;Campania;CE;I131;15;80
Sud;Calabria;RC;I132;1;1
Nord Est;Emilia-Romagna;MO;I133;7;88
Centro;Toscana;SI;I135;7;15
Nord Est;Friuli- Venezia Giulia;PN;I136;7,17;33,33
Nord Ovest;Piemonte;TO;I137;11;34,33
Nord Ovest;Liguria;IM;I138;386,93;545,38
Sud;Calabria;RC;I139;0;0
Nord Ovest;Lombardia;LO;I140;3;45,92
Centro;Toscana;LU;I142;4;4
Sud;Campania;SA;I143;3;0
Nord Ovest;Piemonte;AL;I144;4,5;22,51
Sud;Campania;BN;I145;2;13
Isole;Sicilia;ME;I147;2;0
Sud;Abruzzo;CH;I148;49,19;243,4
Nord Ovest;Piemonte;AL;I150;0;2
Sud;Campania;NA;I151;15;18,34
Nord Ovest;Piemonte;TO;I152;3;14,35
Nord Est;Emilia-Romagna;PR;I153;9;52,7
Nord Ovest;Piemonte;TO;I154;10;23
Centro;Toscana;AR;I155;31,23;68
Centro;Marche;MC;I156;38;66,5
Sud;Basilicata;PZ;I157;0,75;0
Sud;Puglia;FG;I158;59,32;264,03
Nord Ovest;Lombardia;CO;I162;32,67;23,57
Sud;Campania;AV;I163;1;3
Sud;Calabria;CZ;I164;5,62;0
Sud;Calabria;CS;I165;6;2
Isole;Sardegna;CA;I166;5;32,99
Nord Ovest;Lombardia;BG;I168;8;8,5
Isole;Sicilia;CL;I169;8,89;7,78
Sud;Calabria;CZ;I170;6;2
Sud;Calabria;CS;I171;2,25;1
Sud;Puglia;LE;I172;2;10
Isole;Sicilia;PA;I174;0;0
Nord Ovest;Lombardia;PV;I175;9;22
Sud;Calabria;RC;I176;0;0
Centro;Toscana;PI;I177;20,13;82,01
Isole;Sicilia;RG;I178;14,84;80,25
Sud;Campania;BN;I179;0;0
Sud;Molise;CB;I181;0;1
Isole;Sardegna;CA;I182;3,58;0
Sud;Calabria;CS;I183;3;0
Isole;Sicilia;ME;I184;2;2
Isole;Sicilia;AG;I185;3;1
Centro;Toscana;GR;I187;11,33;25,86
Isole;Sicilia;PA;I188;14;18,83
Sud;Molise;IS;I189;2;1
Nord Ovest;Piemonte;AL;I190;1;3
Nord Est;Emilia-Romagna;BO;I191;25,14;112,45
Sud;Calabria;CS;I192;4;2
Sud;Puglia;FG;I193;7,27;16
Nord Est;Emilia-Romagna;RA;I196;1;18,07
Sud;Campania;BN;I197;13,05;5,67
Sud;Calabria;RC;I198;0;0
Isole;Sicilia;ME;I199;17;42
Nord Est;Emilia-Romagna;RN;I201;2;7
Isole;Sicilia;CT;I202;4;60,89
Nord Ovest;Lombardia;PV;I203;19;13,75
Isole;Sardegna;OR;I205;1;8,33
Nord Est;Veneto;BL;I206;6,5;28,92
Nord Est;Veneto;PD;I207;4,25;58,13
Sud;Campania;NA;I208;14,54;17,74
Nord Ovest;Piemonte;CN;I210;3;11,8
Nord Ovest;Lombardia;PV;I213;0;13
Sud;Calabria;RC;I214;0;0
Isole;Sicilia;ME;I215;6;13,13
Isole;Sicilia;CT;I216;6;5
Centro;Toscana;PI;I217;10,25;17
Sud;Campania;AV;I219;4;4,03
Isole;Sicilia;ME;I220;8,5;0
Nord Est;Veneto;TV;I221;13,71;78,68
Isole;Sicilia;AG;I224;5,83;19,04
Nord Ovest;Liguria;GE;I225;58,29;134,75
Nord Ovest;Lombardia;PV;I230;4;2,5
Centro;Toscana;PI;I232;25,52;120,33
Sud;Campania;CE;I233;13,5;49
Sud;Campania;CE;I234;41,91;148,82
Nord Ovest;Lombardia;PV;I236;11;72,67
Nord Ovest;Lombardia;PV;I237;3,5;10
Sud;Molise;IS;I238;2;3
Isole;Sicilia;CT;I240;14;11,83
Nord Est;Veneto;VE;I242;15,75;182,5
Nord Ovest;Lombardia;LC;I243;5,3;8,25
Sud;Abruzzo;CH;I244;3;6
Sud;Campania;CE;I247;2,5;5
Nord Est;Friuli- Venezia Giulia;UD;I248;3;12
Nord Ovest;Piemonte;VB;I249;16,33;37,16
Centro;Marche;AN;I251;9,5;28,33
Sud;Campania;SA;I253;7,34;5,34
Isole;Sicilia;ME;I254;2,75;0
Centro;Lazio;RM;I255;62,43;242,88
Centro;Lazio;FR;I256;0;0
Nord Ovest;Piemonte;TO;I258;11,5;42,75
Nord Est;Veneto;VR;I259;42,57;139,09
Sud;Campania;SA;I260;2,67;0,67
Sud;Campania;CE;I261;6,38;27
Sud;Campania;NA;I262;27,36;40,34
Centro;Umbria;PG;I263;5;3
Sud;Campania;AV;I264;3;1,5
Centro;Lazio;FR;I265;1;0
Sud;Calabria;CZ;I266;19,67;2
Isole;Sardegna;CA;I271;0;0
Sud;Campania;CE;I273;0;0
Nord Ovest;Lombardia;LO;I274;29,25;134,03
Nord Est;Veneto;PD;I275;2,58;42,63
Nord Ovest;Lombardia;PV;I276;1,66;15,5
Sud;Campania;BN;I277;5;5
Sud;Campania;SA;I278;0;0
Sud;Campania;AV;I279;2;1
Sud;Campania;AV;I280;1;0
Sud;Campania;AV;I281;6,17;6,42
Sud;Molise;IS;I282;0;1
Isole;Sicilia;ME;I283;7,5;0,66
Centro;Lazio;RM;I284;5;23
Centro;Marche;MC;I286;2;0
Centro;Marche;PS;I287;6,4;5,8
Sud;Basilicata;PZ;I288;0;1
Sud;Molise;CB;I289;1;1
Isole;Sicilia;AG;I290;2;0
Isole;Sicilia;TP;I291;2;6,83
Nord Est;Veneto;VR;I292;13,56;6
Sud;Campania;NA;I293;33;91,5
Isole;Sardegna;CA;I294;5,16;15
Nord Ovest;Piemonte;TO;I296;12,31;48,5
Isole;Sardegna;OR;I298;0;0
Sud;Campania;NA;I300;11;8,13
Sud;Campania;AV;I301;0;2
Centro;Lazio;FR;I302;0;1
Nord Est;Emilia-Romagna;RN;I304;27;156,32
Sud;Basilicata;PZ;I305;13,25;10,5
Sud;Campania;CE;I306;21,88;73,05
Sud;Campania;SA;I307;8;3
Sud;Calabria;KR;I308;1;1
Sud;Calabria;CS;I309;10;3
Nord Est;Emilia-Romagna;FO;I310;8,5;17,64
Isole;Sicilia;ME;I311;7,44;31,5
Isole;Sardegna;SS;I312;18,84;94
Isole;Sicilia;CT;I314;3,8;12,83
Centro;Marche;AP;I315;2,2;2
Nord Ovest;Piemonte;CN;I316;13,14;23
Sud;Campania;SA;I317;10,92;6,5
Sud;Abruzzo;TE;I318;20;32,11
Nord Est;Veneto;PD;I319;1;15,5
Sud;Molise;CB;I320;1,5;2
Centro;Lazio;FR;I321;5;5,33
Sud;Calabria;CZ;I322;1;0
Centro;Marche;AP;I324;26,41;66,81
Sud;Abruzzo;AQ;I326;5,5;4
Nord Ovest;Piemonte;TO;I327;29,07;102,69
Isole;Sicilia;ME;I328;6,83;3,94
Isole;Sardegna;NU;I329;9,33;93
Sud;Puglia;BA;I330;20,75;117,72
Sud;Abruzzo;PE;I332;1;0
Sud;Calabria;RC;I333;3;0
Sud;Abruzzo;CH;I335;2;3
Sud;Abruzzo;AQ;I336;0;0
Nord Ovest;Piemonte;VC;I337;14,3;75,33
Centro;Lazio;LT;I339;4,99;8
Sud;Calabria;RC;I341;4;1
Nord Est;Emilia-Romagna;RE;I342;37,83;149,53
Centro;Marche;PS;I344;0;2
Nord Ovest;Liguria;GE;I346;25,5;25,5
Nord Est;Veneto;BL;I347;9,57;6,25
Sud;Abruzzo;TE;I348;3;16,5
Sud;Calabria;VV;I350;0;0
Centro;Lazio;FR;I351;5;2
Centro;Lazio;RM;I352;9,6;9,3
Nord Est;Veneto;VI;I353;4,33;38
Isole;Sicilia;AG;I356;9;2
Sud;Campania;AV;I357;1;1
Sud;Calabria;CS;I359;2;4
Sud;Abruzzo;AQ;I360;0;0
Nord Ovest;Lombardia;MI;I361;15,16;47,24
Nord Ovest;Lombardia;LO;I362;7;16
Nord Ovest;Liguria;SP;I363;19,77;67,97
Centro;Lazio;FR;I364;4;1,62
Nord Ovest;Liguria;IM;I365;18,75;57,96
Nord Ovest;Piemonte;CN;I367;2;12
Nord Ovest;Liguria;GE;I368;19;17
Isole;Sicilia;ME;I370;12,17;6
Sud;Calabria;RC;I371;0;0
Nord Ovest;Piemonte;CN;I372;1;5,5
Nord Est;Veneto;VE;I373;11,66;104,66
Isole;Sardegna;OR;I374;0;2
Nord Est;Veneto;PD;I375;0;5,67
Sud;Abruzzo;PE;I376;3,5;3,5
Sud;Campania;SA;I377;12;10,5
Centro;Umbria;TR;I381;3;4
Nord Est;Veneto;TV;I382;15,5;127,13
Isole;Sardegna;OR;I384;1;1
Sud;Calabria;CS;I388;2;3
Sud;Abruzzo;AQ;I389;5,5;3
Centro;Toscana;LI;I390;27,73;192,8
Sud;Campania;NA;I391;14;49
Nord Est;Veneto;BL;I392;29,5;76,29
Sud;Calabria;CZ;I393;4;1
Sud;Abruzzo;CH;I394;9,4;26,85
Sud;Puglia;BR;I396;28,02;52,27
Centro;Lazio;RM;I400;10,67;6,67
Nord Est;Veneto;VI;I401;8,97;36,81
Isole;Sardegna;CA;I402;1;1
Nord Est;Friuli- Venezia Giulia;PN;I403;53,54;181,81
Nord Est;Friuli- Venezia Giulia;UD;I405;2;8,5
Isole;Sicilia;TP;I407;3,2;53,61
Centro;Lazio;FR;I408;0;0
Nord Ovest;Lombardia;MI;I409;50,13;172,19
Sud;Campania;SA;I410;7;3
Nord Ovest;Lombardia;BS;I412;7,22;45
Nord Est;Veneto;VR;I414;2,58;39,29
Nord Ovest;Lombardia;MI;I415;11;74,52
Nord Ovest;Lombardia;PV;I416;0;2
Nord Est;Veneto;TV;I417;4,11;58,41
Nord Est;Veneto;PD;I418;5;170,79
Isole;Sicilia;ME;I420;9,3;4
Nord Est;Friuli- Venezia Giulia;UD;I421;34,91;170,5
Sud;Campania;SA;I422;11;8,67
Sud;Calabria;CS;I423;8;0
Centro;Lazio;RM;I424;0;0
Nord Est;Veneto;VI;I425;4;28,17
Sud;Basilicata;PZ;I426;5;2
Isole;Sardegna;CA;I428;1;0
Nord Ovest;Piemonte;AL;I429;0;1
Nord Est;Veneto;VI;I430;6,5;55,39
Nord Ovest;Piemonte;AL;I432;0;0,5
Nord Ovest;Lombardia;BS;I433;22,27;102,04
Nord Est;Emilia-Romagna;PC;I434;7;19
Nord Est;Veneto;TV;I435;4,05;11,5
Centro;Marche;MC;I436;28,27;20
Nord Ovest;Lombardia;BG;I437;11,33;124,11
Sud;Campania;SA;I438;52,08;68,08
Nord Ovest;Lombardia;VA;I441;206,17;481,9
Nord Ovest;Valle d'Aosta;AO;I442;25,58;45
Isole;Sardegna;CA;I443;1;2
Nord Est;Emilia-Romagna;FO;I444;7;10
Centro;Toscana;SI;I445;9,92;33,58
Nord Ovest;Lombardia;PV;I447;2;12
Isole;Sardegna;NU;I448;0;1
Nord Ovest;Liguria;SP;I449;52,68;135,63
Sud;Campania;SA;I451;4,67;4
Isole;Sardegna;SS;I452;124,11;710,95
Nord Ovest;Liguria;SV;I453;21;17,17
Centro;Toscana;LI;I454;2;4,49
Sud;Campania;BN;I455;2;0
Sud;Basilicata;PZ;I457;3;0
Nord Est;Emilia-Romagna;RN;I460;2,33;4
Centro;Marche;AN;I461;16,67;24,75
Nord Est;Emilia-Romagna;MO;I462;265,35;642,98
Sud;Calabria;CZ;I463;5;11
Nord Est;Friuli- Venezia Giulia;UD;I464;1;3
Nord Ovest;Piemonte;TO;I465;12;35,13
Nord Ovest;Piemonte;TO;I466;41,23;116,26
Sud;Puglia;TA;I467;3;16,67
Sud;Calabria;KR;I468;0;2
Sud;Campania;NA;I469;13,5;51,45
Nord Ovest;Piemonte;CN;I470;114,85;227,89
Sud;Campania;AV;I471;3,5;2
Nord Est;Emilia-Romagna;FO;I472;27;191,13
Nord Est;Emilia-Romagna;MO;I473;14,75;96,04
Nord Ovest;Liguria;GE;I475;22;12
Nord Ovest;Lombardia;BS;I476;3,5;12,22
Isole;Sicilia;ME;I477;0;1
Nord Est;Friuli- Venezia Giulia;UD;I478;1;1
Nord Ovest;Liguria;SV;I480;236,53;339,41
Sud;Abruzzo;PE;I482;9;12
Sud;Campania;SA;I483;36,35;116,73
Nord Ovest;Piemonte;CN;I484;0;0
Sud;Calabria;CS;I485;1;0
Sud;Campania;SA;I486;6;0
Nord Ovest;Lombardia;PV;I487;0;3
Sud;Calabria;CS;I489;95,86;51
Nord Ovest;Piemonte;TO;I490;11;26,5
Isole;Sicilia;ME;I492;4;1
Sud;Campania;AV;I493;2;0,5
Sud;Calabria;KR;I494;1;0
Nord Est;Emilia-Romagna;RE;I496;74,29;253,89
Nord Ovest;Lombardia;CR;I497;0;6,33
Nord Ovest;Lombardia;CR;I498;1;4
Centro;Lazio;RI;I499;13;10
Sud;Abruzzo;AQ;I501;4;11
Isole;Sardegna;OR;I503;1;2
Centro;Toscana;GR;I504;29,34;35,25
Nord Ovest;Lombardia;BG;I506;30,97;152,55
Sud;Molise;IS;I507;2;0
Centro;Toscana;GR;I510;12,2;50,67
Nord Ovest;Piemonte;TO;I511;0;1
Nord Ovest;Piemonte;CN;I512;2,24;13
Sud;Abruzzo;CH;I520;7;5
Centro;Umbria;PG;I522;2;6,3
Centro;Umbria;PG;I523;9;3
Sud;Abruzzo;CH;I526;3,5;4,75
Nord Est;Veneto;VI;I527;3;18,5
Nord Ovest;Lombardia;CO;I529;6;11
Nord Ovest;Lombardia;BG;I530;6,67;17,75
Nord Est;Veneto;VI;I531;61,87;418,78
Nord Ovest;Lombardia;MN;I532;0;7
Isole;Sicilia;AG;I533;45,51;23,97
Isole;Sicilia;PA;I534;2;2
Isole;Sicilia;RG;I535;28,11;65,5
Sud;Calabria;RC;I536;0;1
Sud;Calabria;RC;I537;2;5
Isole;Sicilia;PA;I538;1;1
Nord Ovest;Piemonte;TO;I539;2,5;11
Sud;Campania;NA;I540;15,61;31
Isole;Sicilia;PA;I541;8;0
Sud;Abruzzo;AQ;I543;0;3
Nord Ovest;Piemonte;VC;I544;5;9,67
Nord Ovest;Piemonte;VC;I545;4;20,35
Sud;Abruzzo;AQ;I546;11,5;23,67
Isole;Sicilia;CT;I548;4;27
Sud;Puglia;LE;I549;8,3;6,5
Nord Est;Veneto;VE;I551;12,08;189,39
Sud;Abruzzo;AQ;I553;6,5;12
Nord Ovest;Piemonte;AT;I555;1;2
Nord Ovest;Liguria;IM;I556;2;0
Sud;Abruzzo;AQ;I558;2;0
Sud;Puglia;LE;I559;1;1
Nord Ovest;Lombardia;LO;I561;0,25;16
Nord Est;Friuli- Venezia Giulia;UD;I562;1;10,38
Nord Est;Veneto;BL;I563;12,33;62,43
Isole;Sardegna;OR;I564;0;2
Isole;Sardegna;SS;I565;0;1
Nord Ovest;Lombardia;MI;I566;96,25;213,17
Nord Ovest;Lombardia;BG;I567;11;14,83
Centro;Marche;MC;I569;2;4
Isole;Sardegna;CA;I570;0;0
Centro;Toscana;GR;I571;17;26
Centro;Lazio;RM;I573;23,5;28,5
Nord Ovest;Lombardia;MI;I577;239,01;536,49
Nord Est;Veneto;TV;I578;6;25
Isole;Sardegna;CA;I580;32;125
Centro;Lazio;RI;I581;3;2
Isole;Sardegna;CA;I582;0;0
Centro;Umbria;PG;I585;4,34;2
Nord Ovest;Lombardia;BS;I588;0;8,25
Sud;Calabria;CZ;I589;0,5;0,33
Sud;Calabria;CZ;I590;14,83;6,89
Nord Est;Veneto;BL;I592;8,89;14
Nord Est;Veneto;VR;I594;3;8
Nord Est;Veneto;PD;I595;20,78;316,33
Nord Ovest;Lombardia;BG;I597;8,42;51,67
Isole;Sardegna;SS;I598;1;1
Nord Ovest;Lombardia;PV;I599;0;2
Sud;Calabria;RC;I600;1;0
Centro;Toscana;GR;I601;13,5;3
Nord Ovest;Lombardia;MI;I602;80,2;249,63
Isole;Sardegna;OR;I605;0;0
Sud;Campania;AV;I606;1;3
Nord Ovest;Lombardia;BS;I607;2;8
Centro;Marche;AN;I608;178,54;554,32
Isole;Sardegna;OR;I609;0;0
Sud;Basilicata;PZ;I610;13,75;8,75
Nord Ovest;Lombardia;CO;I611;4;26
Nord Ovest;Lombardia;LO;I612;4;13,5
Isole;Sardegna;OR;I613;0;0
Isole;Sardegna;SS;I614;6;8,5
Isole;Sardegna;CA;I615;2;6
Sud;Molise;CB;I618;4;6
Nord Est;Friuli- Venezia Giulia;PN;I621;1;8,83
Centro;Toscana;LU;I622;25,52;29,69
Isole;Sardegna;CA;I624;4;7
Nord Ovest;Lombardia;MI;I625;217,39;591,14
Nord Est;Veneto;BL;I626;5,5;10
Nord Ovest;Lombardia;CR;I627;5,33;48
Nord Ovest;Lombardia;BG;I628;100,94;440,4
Nord Ovest;Lombardia;BG;I629;7,89;61
Sud;Campania;AV;I630;6;10,5
Nord Ovest;Lombardia;BS;I631;5;10,5
Nord Ovest;Lombardia;MN;I632;5;45,34
Nord Ovest;Lombardia;BS;I633;30,8;214,16
Centro;Lazio;LT;I634;14,55;33,6
Nord Est;Veneto;TV;I635;11;39,61
Nord Ovest;Lombardia;SO;I636;1;2
Nord Ovest;Piemonte;AT;I637;1;0
Sud;Calabria;VV;I639;7;5
Nord Ovest;Liguria;GE;I640;33,16;17
Sud;Puglia;FG;I641;5;21
Sud;Calabria;CS;I642;0;1
Centro;Marche;AN;I643;2;14,5
Isole;Sicilia;CL;I644;6,11;9
Nord Ovest;Piemonte;AL;I645;1;2
Nord Ovest;Piemonte;CN;I646;0;0
Isole;Sardegna;CA;I647;1;1
Sud;Campania;SA;I648;1;2
Sud;Abruzzo;PE;I649;3;3,5
Centro;Marche;MC;I651;2;1
Sud;Campania;NA;I652;6;3
Centro;Marche;AN;I653;3;17,5
Centro;Marche;PS;I654;3;2
Sud;Calabria;CZ;I655;3;1
Sud;Calabria;RC;I656;1,5;0
Nord Ovest;Piemonte;AL;I657;12;45,17
Nord Ovest;Piemonte;CN;I659;1;4,83
Centro;Toscana;PT;I660;11;67,74
Centro;Marche;MC;I661;1;7,5
Nord Ovest;Lombardia;MN;I662;2;9,5
Nord Ovest;Piemonte;VC;I663;16,5;34,5
Sud;Campania;SA;I666;3;5
Isole;Sardegna;CA;I667;0;1
Isole;Sardegna;NU;I668;0;0
Centro;Lazio;FR;I669;5;3
Sud;Calabria;CZ;I671;8;7
Nord Est;Veneto;BL;I673;11,75;9,53
Sud;Campania;CE;I676;47,74;108,21
Sud;Campania;SA;I677;2;2
Nord Ovest;Piemonte;AT;I678;0;0
Sud;Molise;IS;I679;17;0
Centro;Toscana;AR;I681;13,17;3,44
Sud;Molise;IS;I682;5,5;1
Nord Ovest;Lombardia;CR;I683;1;17,67
Centro;Toscana;FI;I684;127,71;406,41
Nord Est;Friuli- Venezia Giulia;PN;I686;6,45;33,33
Nord Ovest;Lombardia;VA;I688;32,56;114,1
Nord Est;Emilia-Romagna;MO;I689;14;68,49
Nord Ovest;Lombardia;MI;I690;566,02;1231,33
Nord Ovest;Piemonte;TO;I692;36,93;113,02
Nord Ovest;Liguria;GE;I693;72,73;231,35
Isole;Sardegna;CA;I695;19,25;90,75
Nord Ovest;Lombardia;MI;I696;16,05;101,95
Centro;Lazio;FR;I697;1,2;0
Nord Ovest;Piemonte;AT;I698;2;1,5
Isole;Sardegna;CA;I699;2;16
Nord Ovest;Lombardia;MI;I700;64,5;227,07
Nord Ovest;Piemonte;TO;I701;0;5
Nord Ovest;Piemonte;TO;I702;4;14
Nord Ovest;Piemonte;TO;I703;176,52;450,16
Sud;Calabria;CZ;I704;1;0,5
Isole;Sardegna;CA;I705;0;0
Isole;Sardegna;NU;I706;0;1
Isole;Sardegna;NU;I707;0;0
Nord Ovest;Lombardia;MI;I709;61,72;244,43
Nord Ovest;Piemonte;AL;I711;2;8,5
Centro;Lazio;LT;I712;23,17;21,5
Centro;Lazio;FR;I716;5;0
Isole;Sardegna;OR;I717;0;0
Isole;Sardegna;OR;I718;0;0
Sud;Campania;SA;I720;15,5;32,8
Isole;Sardegna;OR;I721;0;1
Isole;Sicilia;AG;I723;6;20,5
Isole;Sardegna;CA;I724;0;0
Sud;Calabria;RC;I725;5,5;18
Centro;Toscana;SI;I726;111,44;426,91
Centro;Umbria;PG;I727;7;11,73
Centro;Toscana;FI;I728;21,9;114,62
Isole;Sardegna;NU;I730;2;3,5
Isole;Sardegna;SS;I732;5;2
Isole;Sardegna;CA;I734;0;3
Isole;Sardegna;CA;I735;0;0
Nord Ovest;Piemonte;NO;I736;3;4
Nord Ovest;Piemonte;AL;I738;7;12,4
Nord Ovest;Lombardia;PV;I739;0;0
Sud;Abruzzo;TE;I741;52,65;147,77
Isole;Sardegna;OR;I742;0;0
Isole;Sardegna;OR;I743;0;1
Sud;Calabria;VV;I744;4;2
Sud;Calabria;CZ;I745;0;2
Isole;Sicilia;ME;I747;6;1
Isole;Sardegna;NU;I748;1,38;4
Isole;Sardegna;OR;I749;0;0
Nord Ovest;Piemonte;CN;I750;0;2
Isole;Sardegna;NU;I751;5;24,28
Isole;Sardegna;CA;I752;14,76;64,83
Sud;Calabria;RC;I753;1;1
Isole;Sicilia;SR;I754;89,45;491,17
Sud;Campania;AV;I756;1;10
Isole;Sardegna;OR;I757;0;0
Centro;Marche;AN;I758;4,25;21,5
Nord Ovest;Lombardia;LC;I759;2,22;18,72
Nord Ovest;Lombardia;LC;I761;7;23
Isole;Sardegna;CA;I765;0;0
Nord Ovest;Piemonte;NO;I767;2;5,5
Centro;Marche;AP;I774;0;2
Nord Est;Veneto;VR;I775;10;89,8
Nord Est;Friuli- Venezia Giulia;UD;I777;4;4
Isole;Sardegna;OR;I778;0;0
Nord Est;Emilia-Romagna;FO;I779;4;25,55
Sud;Puglia;LE;I780;4;6,94
Nord Ovest;Piemonte;AT;I781;0;1
Nord Ovest;Lombardia;BS;I782;5;52,25
Nord Est;Veneto;VI;I783;0;6
Isole;Sicilia;SR;I785;2;5,33
Nord Ovest;Lombardia;MI;I786;51,11;167,85
Nord Est;Emilia-Romagna;RA;I787;2;30
Nord Ovest;Lombardia;CR;I790;2;7
Isole;Sardegna;OR;I791;0;0,9
Nord Ovest;Lombardia;VA;I793;14,31;59,67
Nord Ovest;Lombardia;VA;I794;20,08;72,46
Nord Ovest;Liguria;IM;I796;13;2
Isole;Sardegna;CA;I797;0;1
Nord Ovest;Piemonte;AL;I798;0;8,5
Nord Est;Veneto;PD;I799;3;38,75
Sud;Puglia;LE;I800;2;6
Nord Ovest;Lombardia;MN;I801;6;21,5
Nord Est;Emilia-Romagna;MO;I802;8,58;178,09
Nord Est;Emilia-Romagna;PR;I803;4;18,67
Sud;Abruzzo;AQ;I804;67,73;91,51
Sud;Campania;AV;I805;7;36,09
Nord Ovest;Piemonte;AL;I808;0;3
Sud;Campania;BN;I809;1;1
Nord Ovest;Lombardia;BG;I812;2;29,17
Nord Ovest;Lombardia;BG;I813;3;21
Nord Ovest;Lombardia;LO;I815;1;29,5
Nord Ovest;Piemonte;CN;I817;2;1
Nord Ovest;Lombardia;VA;I819;53,85;215,63
Sud;Campania;NA;I820;28,58;22
Nord Est;Veneto;VR;I821;21,08;125,39
Nord Ovest;Piemonte;CN;I822;14;49,5
Nord Ovest;Piemonte;CN;I823;4;14
Isole;Sicilia;CL;I824;6,85;20,5
Nord Ovest;Lombardia;PV;I825;3,62;6,3
Nord Est;Veneto;VR;I826;38,72;174,41
Nord Ovest;Lombardia;CR;I827;10;44,5
Nord Ovest;Lombardia;SO;I828;19,23;18,11
Nord Ovest;Lombardia;SO;I829;137,55;260,3
Nord Ovest;Lombardia;BG;I830;6,83;23,52
Nord Ovest;Lombardia;BS;I831;5,5;3
Centro;Lazio;LT;I832;29,25;20
Centro;Lazio;FR;I838;24;22,25
Nord Est;Emilia-Romagna;PR;I840;4;31,26
Centro;Toscana;GR;I841;21,5;5
Sud;Campania;AV;I843;1,06;1,72
Sud;Calabria;CZ;I844;1;0
Nord Ovest;Piemonte;BI;I847;6,34;9,67
Nord Ovest;Lombardia;LO;I848;15;72
Nord Ovest;Lombardia;CR;I849;15;95,69
Nord Est;Veneto;VR;I850;2;23,46
Isole;Sardegna;NU;I851;0;0,5
Nord Ovest;Liguria;GE;I852;21,37;33,25
Sud;Calabria;VV;I853;0;0
Sud;Calabria;VV;I854;0;0
Centro;Lazio;VT;I855;20,38;41,33
Nord Ovest;Lombardia;CO;I856;3,5;7
Nord Ovest;Piemonte;NO;I857;0;1
Nord Ovest;Lombardia;BG;I858;20,1;61,3
Nord Ovest;Lombardia;CO;I860;0;12
Isole;Sardegna;OR;I861;0;0
Sud;Campania;NA;I862;18,97;34,67
Isole;Sardegna;SS;I863;19,67;21,38
Isole;Sicilia;SR;I864;3;18,78
Nord Ovest;Lombardia;CR;I865;2;24,83
Nord Est;Veneto;BL;I866;5,75;11,67
Nord Est;Veneto;VI;I867;3;27,5
Nord Ovest;Piemonte;BI;I868;2;5
Nord Ovest;Lombardia;BG;I869;7;52,17
Sud;Calabria;CZ;I872;20,55;10
Nord Ovest;Lombardia;BG;I873;10,13;63,5
Sud;Calabria;CZ;I874;2;3
Sud;Calabria;CZ;I875;4;0
Nord Est;Veneto;BL;I876;0;6
Centro;Toscana;SI;I877;16,83;99,67
Nord Ovest;Lombardia;MI;I878;23,9;91,25
Nord Ovest;Piemonte;NO;I880;0;13
Isole;Sicilia;ME;I881;10;9,17
Sud;Calabria;VV;I884;1;0
Sud;Campania;CE;I885;7,05;22
Nord Ovest;Piemonte;TO;I886;3;7
Sud;Puglia;LE;I887;4;10,78
Centro;Umbria;PG;I888;28,25;49,5
Isole;Sicilia;EN;I891;1;1
Centro;Lazio;LT;I892;6;18
Sud;Campania;AV;I893;1,75;9,8
Nord Ovest;Lombardia;PV;I894;3;2,17
Sud;Calabria;CS;I895;3,5;2
Sud;Calabria;CS;I896;30;19,25
Nord Ovest;Piemonte;AL;I901;4,99;6,83
Centro;Lazio;LT;I902;3;0
Nord Est;Emilia-Romagna;MO;I903;42,6;146,88
Nord Est;Friuli- Venezia Giulia;PN;I904;33,5;83,38
Sud;Calabria;VV;I905;0;0
Nord Ovest;Lombardia;CR;I906;2;5
Sud;Puglia;BA;I907;4;14,21
Nord Est;Veneto;VE;I908;25,39;425,01
Nord Ovest;Lombardia;CR;I909;0;6
Sud;Molise;CB;I910;0;0
Nord Ovest;Piemonte;AL;I911;0;2
Centro;Marche;AP;I912;12,5;38,94
Nord Ovest;Lombardia;CR;I914;7;85,26
Nord Ovest;Lombardia;BG;I916;2;13
Sud;Basilicata;PZ;I917;4;1
Nord Ovest;Lombardia;BG;I919;13;49,5
Centro;Umbria;PG;I921;100,81;244,83
Sud;Abruzzo;PE;I922;22,94;170,35
Sud;Puglia;LE;I923;1;7
Nord Ovest;Liguria;SV;I926;54;76,91
Nord Est;Veneto;TV;I927;19;153,39
Nord Ovest;Lombardia;SO;I928;4;2
Sud;Calabria;CZ;I929;6;6,5
Sud;Puglia;LE;I930;3,08;35
Centro;Marche;AN;I932;6;9
Nord Ovest;Lombardia;CR;I935;1;10,5
Sud;Calabria;RC;I936;0;0
Sud;Calabria;CZ;I937;5,5;6
Nord Est;Veneto;PD;I938;6;45,23
Nord Ovest;Piemonte;AL;I941;1;14,67
Centro;Toscana;LU;I942;18,51;2,67
Nord Ovest;Lombardia;CO;I943;2,33;3
Sud;Calabria;VV;I945;2,5;1
Nord Ovest;Liguria;SV;I946;12,54;15
Nord Ovest;Liguria;SV;I947;5;5
Sud;Puglia;LE;I950;3;0
Nord Ovest;Lombardia;BG;I951;46,67;246,43
Nord Est;Veneto;RO;I953;6;22,5
Sud;Basilicata;MT;I954;7,6;4,5
Sud;Calabria;RC;I955;1;1
Sud;Calabria;RC;I956;6,12;2,12
Centro;Lazio;RI;I959;6;7,89
Sud;Campania;SA;I960;7;0
Sud;Puglia;FG;I962;2;18
Sud;Puglia;FG;I963;0;12
Nord Est;Veneto;VE;I965;4;97,99
Nord Ovest;Lombardia;PV;I968;23,34;106,98
Nord Ovest;Piemonte;TO;I969;3;1
Nord Ovest;Piemonte;TO;I970;15;42,11
Centro;Lazio;FR;I973;0;0
Nord Est;Friuli- Venezia Giulia;UD;I974;0;0
Nord Ovest;Piemonte;VB;I976;34,35;73,69
Nord Ovest;Piemonte;AL;I977;10;16,39
Sud;Campania;NA;I978;16,66;7,39
Nord Ovest;Piemonte;BI;I980;1;7
Centro;Umbria;TR;I981;13;19,17
Sud;Calabria;KR;I982;4;6,83
Nord Ovest;Piemonte;VC;I984;2,5;10
Nord Ovest;Piemonte;CN;I985;1;0
Nord Ovest;Lombardia;BG;I986;6;5
Sud;Campania;AV;I990;0;0
Centro;Toscana;AR;I991;17,5;48
Centro;Lazio;RM;I992;48,08;31,83
Sud;Campania;CE;I993;11,31;38,2
Nord Ovest;Lombardia;LC;I994;2;0
Isole;Sardegna;CA;I995;0;0
Nord Ovest;Lombardia;LC;I996;1;8
Nord Ovest;Lombardia;BG;I997;6,71;56,91
Nord Ovest;Lombardia;MI;I998;23,08;73,92
Nord Ovest;Lombardia;BS;L002;8;31,5
Nord Ovest;Lombardia;VA;L003;9,07;39
Sud;Campania;AV;L004;1;2
Isole;Sardegna;NU;L006;1;4,2
Nord Ovest;Piemonte;NO;L007;6;13,5
Sud;Puglia;LE;L008;2;9
Centro;Lazio;FR;L009;6,83;3,16
Sud;Puglia;LE;L010;1,33;5
Sud;Puglia;LE;L011;1;51,85
Nord Ovest;Piemonte;TO;L013;27;28
Nord Est;Veneto;TV;L014;25,5;98,58
Nord Ovest;Lombardia;MN;L015;3;19
Isole;Sicilia;CL;L016;6;2
Centro;Lazio;VT;L017;24,4;47,72
Nord Est;Friuli- Venezia Giulia;UD;L018;5,5;4
Centro;Toscana;LI;L019;15;14
Nord Ovest;Lombardia;MN;L020;37,07;254,05
Nord Ovest;Lombardia;LC;L022;2;7
Isole;Sardegna;OR;L023;0;0
Nord Ovest;Liguria;IM;L024;66,77;110,1
Sud;Abruzzo;AQ;L025;20,34;28,86
Nord Est;Veneto;RO;L026;3;65,77
Nord Ovest;Piemonte;AL;L027;1;7,83
Nord Est;Veneto;BL;L030;4,5;4
Nord Ovest;Lombardia;VA;L032;7,39;40,46
Nord Est;Emilia-Romagna;RN;L034;1;1,5
Nord Ovest;Lombardia;SO;L035;17,95;17
Isole;Sardegna;NU;L036;0;0
Nord Ovest;Lombardia;BG;L037;1;11
Centro;Toscana;AR;L038;5,58;1
Nord Est;Friuli- Venezia Giulia;UD;L039;3;21
Nord Est;Veneto;BL;L040;14;16
Isole;Sicilia;ME;L042;24,63;39,91
Centro;Lazio;RI;L046;8;3,5
Sud;Abruzzo;CH;L047;1,5;0,67
Nord Ovest;Piemonte;CN;L048;3;14,5
Sud;Puglia;TA;L049;176,41;494,73
Nord Est;Friuli- Venezia Giulia;UD;L050;35;62,62
Sud;Calabria;CS;L055;1;0
Nord Ovest;Lombardia;SO;L056;0;0
Nord Est;Veneto;TV;L058;8,44;28,34
Nord Ovest;Piemonte;AL;L059;1;3
Sud;Campania;AV;L061;1;1
Sud;Campania;AV;L062;2,22;3
Sud;Calabria;RC;L063;9,14;16,75
Sud;Puglia;LE;L064;5;10
Nord Est;Friuli- Venezia Giulia;UD;L065;48,99;219,5
Nord Ovest;Piemonte;TO;L066;4;2
Sud;Molise;CB;L069;2;0
Sud;Calabria;CZ;L070;11;5
Nord Ovest;Lombardia;CO;L071;19,5;42,01
Nord Ovest;Lombardia;BG;L073;6,75;18,1
Sud;Puglia;LE;L074;5;14
Nord Ovest;Piemonte;BI;L075;5;10
Centro;Marche;PS;L078;2;5
Centro;Marche;PS;L081;8;80,73
Sud;Basilicata;PZ;L082;4;2
Sud;Campania;CE;L083;7;18
Nord Ovest;Lombardia;SO;L084;33,23;38,35
Nord Est;Veneto;VE;L085;5;18,33
Sud;Campania;BN;L086;16;46
Nord Ovest;Lombardia;BG;L087;14;53,68
Isole;Sardegna;SS;L088;1;2
Isole;Sardegna;SS;L093;14;36,83
Nord Ovest;Lombardia;BS;L094;19,45;76
Nord Est;Veneto;PD;L100;2,6;76,93
Sud;Campania;AV;L102;1;9,04
Sud;Abruzzo;TE;L103;155,11;249,41
Nord Ovest;Piemonte;NO;L104;1;1
Centro;Lazio;FR;L105;0;0
Sud;Puglia;BA;L109;92,35;130,28
Isole;Sicilia;PA;L112;32,67;26
Sud;Molise;CB;L113;58,94;356,7
Nord Ovest;Lombardia;VA;L115;4;21,88
Nord Ovest;Piemonte;BI;L116;8;8
Centro;Umbria;TR;L117;304;778,94
Nord Ovest;Lombardia;BG;L118;9;102,4
Centro;Lazio;LT;L120;74,27;150,74
Isole;Sardegna;OR;L122;4;7
Centro;Toscana;AR;L123;16,11;73,18
Sud;Calabria;CS;L124;6,67;5,39
Nord Ovest;Lombardia;LO;L125;0;8
Sud;Basilicata;PZ;L126;3;2
Sud;Calabria;RC;L127;0;0
Isole;Sicilia;PA;L131;13;30,5
Nord Est;Veneto;PD;L132;1;20,45
Sud;Calabria;CS;L134;4,33;2
Nord Est;Veneto;VR;L136;4,25;9,24
Centro;Toscana;PI;L138;19,5;17,67
Nord Ovest;Piemonte;AL;L139;1;3
Isole;Sardegna;NU;L140;2;0
Sud;Campania;NA;L142;17,5;15,93
Nord Ovest;Piemonte;AL;L143;2;7
Nord Ovest;Liguria;IM;L146;1;0
Centro;Lazio;VT;L150;1,4;2
Nord Ovest;Liguria;SV;L152;5;3
Isole;Sardegna;NU;L153;0;0
Isole;Sardegna;CA;L154;2,46;1
Sud;Campania;CE;L155;8,18;68,5
Nord Est;Veneto;VI;L156;5,5;91,2
Nord Est;Veneto;VI;L157;50,01;358,19
Isole;Sardegna;SS;L158;2;2
Isole;Sardegna;NU;L160;2;0
Nord Ovest;Lombardia;CR;L164;0;2
Nord Ovest;Piemonte;AL;L165;1;3
Sud;Puglia;LE;L166;2;2
Nord Ovest;Liguria;GE;L167;2;5
Nord Ovest;Piemonte;AT;L168;3;7
Nord Ovest;Lombardia;BS;L169;4;17,54
Isole;Sardegna;NU;L172;1;2
Sud;Abruzzo;AQ;L173;3;0
Nord Ovest;Lombardia;SO;L175;60,87;83,81
Sud;Calabria;CZ;L177;8,98;2
Isole;Sardegna;SS;L180;0;7,17
Sud;Basilicata;PZ;L181;24;19
Centro;Lazio;RM;L182;126,6;260,09
Nord Est;Emilia-Romagna;PR;L183;12,25;30,67
Nord Est;Emilia-Romagna;RE;L184;10,45;27,5
Sud;Campania;BN;L185;1;0
Sud;Abruzzo;PE;L186;2;12
Nord Ovest;Piemonte;VB;L187;2;8,5
Centro;Umbria;PG;L188;56,79;79,31
Centro;Lazio;RI;L189;6;2
Nord Ovest;Liguria;SV;L190;8;33
Centro;Marche;MC;L191;42,91;122,78
Centro;Lazio;RM;L192;16,92;13
Nord Ovest;Piemonte;BI;L193;14;33,51
Sud;Abruzzo;CH;L194;3,34;2
Nord Est;Friuli- Venezia Giulia;UD;L195;52,5;108
Sud;Basilicata;PZ;L197;3,89;1
Nord Est;Veneto;PD;L199;8;61,42
Isole;Sardegna;NU;L202;0,33;1,33
Nord Ovest;Piemonte;AT;L203;1;0
Sud;Campania;CE;L205;3;0
Sud;Calabria;CS;L206;0;1
Sud;Abruzzo;TE;L207;1;3
Nord Ovest;Lombardia;BS;L210;6,5;60,7
Sud;Campania;SA;L212;5;1
Sud;Puglia;BR;L213;0;16,17
Sud;Campania;AV;L214;8;10
Sud;Molise;CB;L215;0;5
Centro;Umbria;PG;L216;13,5;47,67
Nord Ovest;Valle d'Aosta;AO;L217;16,4;23,16
Sud;Abruzzo;CH;L218;3,5;9
Nord Ovest;Piemonte;TO;L219;6796,53;5935,34
Sud;Puglia;BA;L220;12,5;37
Nord Ovest;Lombardia;CR;L221;0;1
Nord Ovest;Piemonte;NO;L223;0;4
Sud;Abruzzo;CH;L224;2;5
Nord Ovest;Lombardia;CR;L225;0;0
Sud;Abruzzo;AQ;L227;6;13
Nord Ovest;Lombardia;CO;L228;3,6;16,33
Nord Est;Emilia-Romagna;PR;L229;1,67;3,16
Sud;Molise;CB;L230;6;6
Isole;Sardegna;NU;L231;1;8
Sud;Campania;SA;L233;3;3
Isole;Sardegna;SS;L235;1;2
Nord Ovest;Lombardia;PV;L237;2;5,05
Nord Ovest;Piemonte;TO;L238;5;15
Nord Ovest;Piemonte;BI;L239;0;1
Sud;Calabria;CZ;L240;1,19;1
Nord Ovest;Piemonte;CN;L241;4;6
Centro;Lazio;FR;L243;4;2
Nord Ovest;Lombardia;SO;L244;4;5
Sud;Campania;NA;L245;25,79;37,36
Nord Est;Friuli- Venezia Giulia;UD;L246;2;6,5
Nord Ovest;Piemonte;TO;L247;3;2,25
Nord Est;Veneto;VI;L248;10,5;47,28
Nord Ovest;Lombardia;PV;L250;0;1
Nord Ovest;Lombardia;BG;L251;40,9;111,65
Nord Ovest;Piemonte;CN;L252;0;0
Sud;Abruzzo;CH;L253;0;1,33
Sud;Campania;BN;L254;2;0
Nord Ovest;Lombardia;PV;L256;0;10
Nord Ovest;Lombardia;BG;L257;8,07;35,5
Nord Ovest;Lombardia;CR;L258;2,5;18,5
Sud;Campania;NA;L259;69,95;108,82
Nord Ovest;Lombardia;PV;L262;0;0
Sud;Abruzzo;PE;L263;6;3
Nord Ovest;Lombardia;BG;L265;2,38;20
Nord Est;Veneto;VE;L267;5;79,17
Nord Ovest;Lombardia;PV;L269;1;28
Nord Est;Veneto;PD;L270;5,67;37,59
Isole;Sicilia;ME;L271;6;5
Sud;Campania;AV;L272;2,5;3
Sud;Puglia;FG;L273;4;39
Sud;Campania;SA;L274;2;1
Nord Ovest;Lombardia;BG;L276;0;18,5
Nord Ovest;Piemonte;TO;L277;36,5;55,33
Nord Ovest;Piemonte;CN;L278;2;1
Centro;Marche;AP;L279;1;5
Sud;Puglia;BR;L280;4,25;10,5
Nord Ovest;Piemonte;CN;L281;0;0
Isole;Sicilia;PA;L282;2;3
Sud;Abruzzo;CH;L284;4,44;10,44
Nord Ovest;Lombardia;PV;L285;10;57,5
Centro;Lazio;RI;L286;9,5;10
Nord Est;Veneto;VR;L287;23,23;115,25
Centro;Lazio;FR;L290;2;1
Sud;Abruzzo;CH;L291;1;5
Nord Ovest;Lombardia;PV;L292;1;1
Centro;Lazio;RI;L293;4;9,5
Sud;Puglia;TA;L294;0;12,67
Sud;Abruzzo;TE;L295;3;2,11
Nord Ovest;Lombardia;CR;L296;3;4
Nord Est;Veneto;VI;L297;20,5;164,5
Nord Ovest;Liguria;GE;L298;12,13;14,89
Nord Est;Emilia-Romagna;PR;L299;19;105,72
Sud;Campania;AV;L301;1;2
Centro;Lazio;RM;L302;3;2
Centro;Toscana;SI;L303;10,59;34,68
Nord Ovest;Piemonte;AL;L304;76,11;255,02
Sud;Calabria;CS;L305;19;21,5
Sud;Campania;SA;L306;2;0
Sud;Abruzzo;TE;L307;194;454,25
Isole;Sicilia;ME;L308;7;1
Nord Est;Friuli- Venezia Giulia;UD;L309;1;23,15
Centro;Lazio;VT;L310;14,25;18,5
Nord Ovest;Lombardia;BS;L312;33,16;132,53
Sud;Abruzzo;TE;L314;1;1
Nord Ovest;Liguria;SV;L315;9,5;35,67
Nord Ovest;Lombardia;SO;L316;2,3;2
Isole;Sicilia;PA;L317;10,5;4
Nord Ovest;Lombardia;VA;L319;49,42;210,26
Isole;Sardegna;OR;L321;0;0
Sud;Campania;SA;L323;9,33;8
Nord Est;Friuli- Venezia Giulia;PN;L324;1;2
Nord Est;Friuli- Venezia Giulia;PN;L325;0;6
Sud;Basilicata;PZ;L326;10;2
Nord Ovest;Piemonte;TO;L327;5;26,5
Sud;Puglia;BA;L328;120,52;329,51
Nord Ovest;Lombardia;SO;L330;8;4,5
Isole;Sicilia;TP;L331;71,59;179,23
Isole;Sicilia;PA;L332;2,5;8,5
Nord Ovest;Piemonte;VB;L333;4;6,67
Sud;Abruzzo;AQ;L334;5,33;7
Nord Est;Friuli- Venezia Giulia;UD;L335;0;10,17
Nord Ovest;Piemonte;VB;L336;4;3
Isole;Sardegna;CA;L337;0;0
Nord Ovest;Lombardia;BS;L339;10,5;101,89
Nord Ovest;Piemonte;TO;L340;1,5;4
Nord Ovest;Lombardia;VA;L342;2,25;29
Nord Ovest;Piemonte;TO;L345;0;2
Nord Est;Emilia-Romagna;PR;L346;20,9;92,45
Nord Est;Friuli- Venezia Giulia;PN;L347;3;4,5
Nord Est;Emilia-Romagna;PC;L348;16,25;29,75
Nord Est;Veneto;PD;L349;4;87,47
Sud;Calabria;CS;L353;13;21
Isole;Sicilia;CT;L355;4,75;47,89
Nord Ovest;Piemonte;NO;L356;53;312,08
Sud;Basilicata;PZ;L357;8,5;2
Nord Est;Veneto;RO;L359;4;26
Nord Est;Emilia-Romagna;FO;L361;0;3,5
Sud;Abruzzo;CH;L363;3;4
Nord Est;Veneto;VR;L364;11,63;37,23
Centro;Marche;MC;L366;19,17;36,7
Nord Ovest;Piemonte;CN;L367;0;2
Isole;Sicilia;CT;L369;10,67;151,05
Nord Ovest;Lombardia;BS;L372;11,82;28,42
Sud;Campania;SA;L377;1;2
Sud;Campania;CE;L379;5;86,5
Nord Ovest;Lombardia;BS;L380;4;30,5
Nord Est;Friuli- Venezia Giulia;UD;L382;8;11
Sud;Puglia;LE;L383;6;26
Centro;Toscana;SI;L384;7;6
Centro;Toscana;MS;L386;2;6
Nord Ovest;Lombardia;BG;L388;32,4;108,67
Nord Ovest;Lombardia;CR;L389;1,5;29,67
Nord Ovest;Lombardia;SO;L392;5,68;7,34
Isole;Sardegna;OR;L393;0;10
Nord Est;Veneto;VR;L396;6;19,5
Centro;Umbria;PG;L397;17,25;61,5
Centro;Lazio;FR;L398;8,75;20,97
Sud;Campania;AV;L399;0;2
Nord Ovest;Lombardia;BG;L400;264,87;581,92
Centro;Lazio;RM;L401;21,39;44
Nord Est;Veneto;TV;L402;4,47;58,78
Nord Ovest;Piemonte;AL;L403;0;2,5
Nord Ovest;Lombardia;BG;L404;27,5;198,85
Nord Ovest;Lombardia;BS;L406;0,44;0
Nord Est;Veneto;TV;L407;260,78;1169,11
Nord Ovest;Lombardia;MI;L408;14;80,5
Nord Ovest;Lombardia;MI;L409;89,59;289,46
Nord Ovest;Piemonte;CN;L410;3;3
Nord Ovest;Lombardia;MI;L411;51,64;165,58
Nord Ovest;Lombardia;CO;L413;0,67;1
Nord Est;Veneto;PD;L414;4,47;27,42
Nord Ovest;Lombardia;MI;L415;40;125,68
Nord Ovest;Liguria;GE;L416;2;1
Sud;Basilicata;MT;L418;14,17;11,83
Sud;Puglia;LE;L419;25;29,67
Nord Ovest;Piemonte;VC;L420;2;9
Nord Est;Friuli- Venezia Giulia;UD;L421;22,12;93,8
Isole;Sardegna;NU;L423;0;0
Sud;Puglia;BA;L425;29,22;103,15
Nord Ovest;Lombardia;CR;L426;1;13
Nord Ovest;Piemonte;CN;L427;4,75;14,25
Isole;Sardegna;SS;L428;4;73,5
Nord Ovest;Piemonte;VC;L429;16,9;70,3
Nord Ovest;Liguria;IM;L430;12,33;2
Isole;Sicilia;ME;L431;2,75;1
Nord Ovest;Piemonte;AL;L432;5,46;0,75
Nord Est;Veneto;VI;L433;8,9;37
Nord Ovest;Lombardia;MI;L434;20,81;124,33
Sud;Molise;CB;L435;2,66;10
Centro;Lazio;FR;L437;2;3
Nord Est;Friuli- Venezia Giulia;UD;L438;2;10
Sud;Basilicata;PZ;L439;1;4
Nord Ovest;Lombardia;PV;L440;5;44
Nord Ovest;Piemonte;TO;L445;45;120
Sud;Puglia;FG;L447;4;22
Isole;Sicilia;EN;L448;18,33;23,27
Nord Ovest;Lombardia;PV;L449;8;41,5
Nord Ovest;Piemonte;VB;L450;8,4;4
Nord Ovest;Piemonte;VC;L451;7,5;35,83
Sud;Calabria;VV;L452;21,89;4
Nord Ovest;Lombardia;PV;L453;10;8
Nord Ovest;Lombardia;MI;L454;23,74;83,5
Sud;Molise;CB;L458;0;0
Sud;Abruzzo;CH;L459;6;1
Sud;Campania;NA;L460;4;11,5
Sud;Campania;AV;L461;2,16;3
Sud;Puglia;LE;L462;10;17
Isole;Sardegna;CA;L463;0;0
Isole;Sardegna;SS;L464;0;3
Centro;Umbria;PG;L466;13,88;37,5
Nord Ovest;Lombardia;LO;L469;3;11,88
Nord Ovest;Lombardia;CO;L470;64,24;119,33
Nord Ovest;Lombardia;MI;L471;15,5;100,65
Sud;Puglia;BA;L472;18,05;68,08
Isole;Sardegna;CA;L473;0;0
Sud;Abruzzo;PE;L475;1;1
Sud;Basilicata;MT;L477;6;2
Isole;Sicilia;ME;L478;4,5;5,5
Nord Ovest;Lombardia;VA;L480;35,59;153,85
Isole;Sicilia;ME;L482;3;0,67
Nord Est;Friuli- Venezia Giulia;UD;L483;451,77;1237,38
Sud;Puglia;LE;L484;8,25;30
Sud;Puglia;LE;L485;2,5;12
Isole;Sardegna;OR;L488;0;0
Isole;Sardegna;NU;L489;1;0
Sud;Calabria;KR;L492;0;0
Nord Ovest;Lombardia;BS;L494;10;31,33
Isole;Sardegna;OR;L496;1;2
Nord Est;Veneto;PD;L497;1;10,5
Centro;Marche;PS;L498;2,99;24
Nord Ovest;Liguria;SV;L499;6;6
Centro;Marche;PS;L500;13,98;43,56
Centro;Marche;MC;L501;2;12,61
Nord Ovest;Lombardia;BG;L502;20,5;94,03
Isole;Sardegna;SS;L503;5;2,5
Sud;Molise;CB;L505;4;6,72
Isole;Sardegna;NU;L506;0;0
Nord Ovest;Liguria;GE;L507;13,86;8
Isole;Sardegna;OR;L508;0;0
Isole;Sardegna;SS;L509;0,11;10,5
Nord Ovest;Lombardia;MI;L511;55,25;145,25
Isole;Sardegna;CA;L512;4;5
Isole;Sardegna;CA;L513;0;0
Isole;Sardegna;NU;L514;1,5;0
Nord Ovest;Piemonte;TO;L515;1;4
Nord Ovest;Piemonte;TO;L516;1;2
Centro;Marche;MC;L517;8,2;11,74
Isole;Sicilia;PA;L519;7;0
Isole;Sardegna;CA;L521;3;23,33
Centro;Toscana;PT;L522;11,75;44
Sud;Calabria;CS;L524;0;1
Centro;Lazio;RI;L525;0;1
Sud;Abruzzo;CH;L526;3;4
Nord Ovest;Liguria;SV;L528;47,15;33,37
Centro;Toscana;FI;L529;8;31,67
Nord Ovest;Piemonte;AT;L531;4;0
Sud;Basilicata;PZ;L532;0;2
Centro;Toscana;LU;L533;2;1
Nord Ovest;Lombardia;CR;L535;3;25,89
Centro;Toscana;PO;L537;21,56;72
Nord Ovest;Piemonte;TO;L538;5;12
Nord Ovest;Lombardia;CR;L539;5;42,84
Sud;Campania;CE;L540;6;58
Nord Ovest;Lombardia;BG;L544;9,2;59,39
Nord Ovest;Lombardia;BG;L545;3,01;32,18
Nord Ovest;Liguria;GE;L546;7;1
Nord Ovest;Lombardia;CO;L547;21;19,5
Nord Est;Veneto;VI;L551;58,33;198
Nord Est;Veneto;VI;L554;5;7
Nord Ovest;Piemonte;TO;L555;6,5;37,61
Nord Ovest;Piemonte;BI;L556;3;22
Nord Ovest;Lombardia;SO;L557;46,7;65,92
Nord Ovest;Piemonte;CN;L558;2;10,5
Isole;Sicilia;ME;L561;0;1,5
Nord Ovest;Lombardia;PV;L562;1;11,17
Nord Ovest;Lombardia;SO;L563;66,64;64,2
Nord Est;Veneto;TV;L565;23,08;53,56
Nord Ovest;Piemonte;VC;L566;2,5;19,5
Nord Est;Veneto;VR;L567;36,19;184,84
Nord Ovest;Lombardia;PV;L568;0;0
Centro;Lazio;VT;L569;5;4
Nord Ovest;Piemonte;AL;L570;128,52;244,86
Sud;Puglia;BA;L571;34,64;75,81
Nord Ovest;Lombardia;LO;L572;4;33
Centro;Umbria;PG;L573;6,5;12,17
Nord Ovest;Piemonte;AT;L574;7;19,5
Nord Ovest;Lombardia;SO;L576;26,03;28,5
Nord Ovest;Lombardia;VA;L577;4;8
Nord Ovest;Piemonte;TO;L578;6,75;13,5
Nord Ovest;Lombardia;BG;L579;1;13
Nord Ovest;Piemonte;CN;L580;0,5;4
Nord Ovest;Lombardia;LC;L581;1;10
Nord Ovest;Valle d'Aosta;AO;L582;1;1
Isole;Sicilia;EN;L583;7;25,69
Nord Est;Veneto;BL;L584;8,83;4,66
Nord Ovest;Piemonte;BI;L586;0;1
Sud;Campania;AV;L589;3,95;2,78
Nord Est;Veneto;BL;L590;9;15
Sud;Campania;CE;L591;2;3
Nord Ovest;Lombardia;PV;L593;0;15
Sud;Campania;CE;L594;0;0
Nord Ovest;Liguria;IM;L596;10,83;8,5
Sud;Abruzzo;TE;L597;9,08;4,34
Centro;Lazio;FR;L598;2,5;1
Nord Ovest;Liguria;IM;L599;39,52;33
Isole;Sicilia;PA;L603;5;1,5
Isole;Sardegna;SS;L604;8;93,69
Centro;Lazio;FR;L605;0;0
Sud;Calabria;VV;L607;0;0
Isole;Sicilia;CL;L609;8,67;5
Centro;Lazio;RM;L611;0;1
Centro;Lazio;VT;L612;4;5,17
Isole;Sardegna;CA;L613;0;1
Centro;Lazio;FR;L614;1;2,25
Sud;Campania;AV;L616;1;0
Nord Ovest;Lombardia;PV;L617;2;10
Nord Ovest;Piemonte;BI;L620;9;12
Nord Ovest;Lombardia;BG;L623;1;3,5
Nord Est;Veneto;VI;L624;3;11
Centro;Lazio;RM;L625;1;2
Nord Ovest;Lombardia;BS;L626;2;12,34
Centro;Umbria;PG;L627;11;3
Sud;Campania;SA;L628;19,04;22,17
Nord Ovest;Piemonte;TO;L629;2;3,25
Nord Ovest;Piemonte;CN;L631;2,33;2
Nord Ovest;Piemonte;AL;L633;2;4,5
Nord Ovest;Lombardia;LC;L634;29,22;82,53
Nord Ovest;Lombardia;SO;L638;10,84;6,33
Centro;Lazio;RM;L639;17;34
Nord Ovest;Lombardia;CO;L640;14;30,69
Nord Est;Emilia-Romagna;PR;L641;2,5;0,59
Nord Ovest;Lombardia;BG;L642;2,5;3
Nord Ovest;Valle d'Aosta;AO;L643;1;3,67
Nord Ovest;Piemonte;TO;L644;4,5;20,75
Nord Ovest;Valle d'Aosta;AO;L647;2;1
Nord Ovest;Piemonte;VB;L651;2;1
Centro;Umbria;PG;L653;1;3
Nord Ovest;Valle d'Aosta;AO;L654;55,04;134,71
Nord Ovest;Lombardia;BG;L655;0;10,2
Sud;Campania;SA;L656;3;3,33
Isole;Sicilia;CT;L658;9,1;51,63
Nord Ovest;Lombardia;MI;L664;13;51,33
Nord Ovest;Lombardia;MI;L665;52,51;133,17
Nord Ovest;Piemonte;VB;L666;3;5
Nord Ovest;Lombardia;MI;L667;33,25;165,38
Nord Ovest;Piemonte;NO;L668;2;9
Nord Ovest;Piemonte;VC;L669;36,94;48,11
Nord Ovest;Piemonte;NO;L670;5,5;32,91
Nord Ovest;Lombardia;VA;L671;6;32,92
Nord Est;Emilia-Romagna;PR;L672;10,5;15,22
Sud;Calabria;RC;L673;0;0
Nord Ovest;Liguria;SV;L675;83,89;148,03
Centro;Lazio;RI;L676;0;0
Nord Ovest;Lombardia;MI;L677;39,25;135,35
Nord Ovest;Lombardia;LC;L680;3;24,75
Nord Ovest;Liguria;SP;L681;7;20,75
Nord Ovest;Lombardia;VA;L682;339,23;975,11
Nord Ovest;Piemonte;TO;L685;2;1
Nord Est;Friuli- Venezia Giulia;UD;L686;4,1;7
Nord Est;Emilia-Romagna;PR;L689;9;8,83
Nord Ovest;Lombardia;PV;L690;11,5;28,5
Nord Ovest;Piemonte;VB;L691;19,68;3,75
Nord Ovest;Liguria;IM;L693;7,99;1
Sud;Molise;IS;L696;0;0
Nord Ovest;Piemonte;TO;L698;3;22
Sud;Calabria;VV;L699;1;1
Nord Est;Veneto;TV;L700;17,7;30,33
Centro;Toscana;PI;L702;27,5;49,67
Nord Ovest;Lombardia;VA;L703;27,4;90,41
Nord Ovest;Lombardia;MI;L704;25;99,67
Nord Est;Veneto;TV;L706;12;133,68
Nord Ovest;Lombardia;BG;L707;1,5;6
Nord Ovest;Lombardia;MI;L709;9;23,5
Nord Est;Veneto;PD;L710;2,5;52
Sud;Puglia;LE;L711;1;20,16
Nord Ovest;Piemonte;BI;L712;6;8
Centro;Lazio;VT;L713;4;3
Nord Ovest;Lombardia;CO;L715;4,08;0
Nord Ovest;Lombardia;PV;L716;0;0
Centro;Lazio;RM;L719;62,33;158,64
Nord Ovest;Lombardia;PV;L720;2,23;55,17
Nord Est;Veneto;VR;L722;3;9,68
Nord Est;Veneto;VI;L723;2,5;12,67
Sud;Molise;IS;L725;15;27,46
Nord Ovest;Piemonte;TO;L726;2;7
Nord Ovest;Piemonte;TO;L727;142,38;314,75
Centro;Marche;AP;L728;6;4
Nord Ovest;Piemonte;CN;L729;10,92;21,63
Nord Ovest;Liguria;SV;L730;0;0
Nord Ovest;Lombardia;VA;L733;13,07;47,84
Nord Ovest;Lombardia;VA;L734;17,33;80,92
Isole;Sicilia;ME;L735;14,5;12
Nord Est;Veneto;VE;L736;618,26;2425,84
Nord Ovest;Lombardia;CO;L737;3;23
Sud;Basilicata;PZ;L738;22,58;21,5
Sud;Campania;AV;L739;3;6
Isole;Sicilia;PA;L740;4;0
Nord Ovest;Liguria;IM;L741;126,39;160,71
Centro;Lazio;LT;L742;0;1
Nord Est;Friuli- Venezia Giulia;UD;L743;3,33;7,33
Nord Ovest;Lombardia;MI;L744;19,25;97,18
Nord Ovest;Piemonte;VB;L746;136,92;370,84
Sud;Calabria;CS;L747;4;1
Nord Ovest;Lombardia;CO;L748;10;1
Nord Ovest;Lombardia;SO;L749;9;5
Nord Ovest;Piemonte;VC;L750;219,08;400,05
Nord Ovest;Lombardia;LC;L751;7,25;13,83
Nord Ovest;Lombardia;BG;L752;11,67;62,5
Nord Ovest;Lombardia;BG;L753;20,2;97,09
Nord Ovest;Piemonte;CN;L758;4;9
Nord Est;Emilia-Romagna;BO;L762;23,33;85,75
Nord Est;Emilia-Romagna;FO;L764;5,5;12,17
Nord Ovest;Lombardia;VA;L765;8;78,58
Nord Ovest;Piemonte;CN;L771;14,13;23
Nord Est;Emilia-Romagna;PC;L772;10,26;15
Nord Ovest;Lombardia;MI;L773;6;57
Nord Ovest;Liguria;SP;L774;8,25;0,5
Centro;Toscana;PO;L775;28,5;23
Sud;Puglia;LE;L776;2,75;9
Nord Ovest;Lombardia;BS;L777;6,83;128,33
Nord Ovest;Lombardia;BS;L778;4;30,06
Nord Ovest;Piemonte;TO;L779;7,5;43,46
Centro;Lazio;FR;L780;10,33;7
Nord Est;Veneto;VR;L781;1167,22;3054
Nord Ovest;Valle d'Aosta;AO;L783;10,1;8,67
Nord Ovest;Lombardia;PV;L784;0;2
Nord Ovest;Piemonte;BI;L785;6;19,68
Nord Ovest;Piemonte;TO;L787;3;19,5
Nord Ovest;Lombardia;PV;L788;2;13
Nord Ovest;Lombardia;CO;L792;9,5;45,16
Nord Ovest;Lombardia;BG;L795;10,15;37,82
Nord Est;Emilia-Romagna;RN;L797;4,5;94,04
Nord Ovest;Lombardia;SO;L799;4,5;3
Nord Est;Friuli- Venezia Giulia;UD;L801;1;2
Sud;Calabria;KR;L802;2;1
Nord Ovest;Piemonte;CN;L804;26,79;54,86
Nord Est;Veneto;PD;L805;0;14,6
Nord Ovest;Lombardia;CR;L806;6,5;42,67
Nord Ovest;Piemonte;AT;L807;2;2
Nord Ovest;Piemonte;NO;L808;6,33;14
Nord Ovest;Liguria;IM;L809;8;0
Nord Est;Veneto;VR;L810;6;6,89
Nord Ovest;Piemonte;TO;L811;4;9,25
Nord Ovest;Lombardia;BS;L812;11,5;69
Centro;Lazio;VT;L814;32,75;31,26
Nord Est;Emilia-Romagna;RE;L815;11,38;11
Nord Ovest;Lombardia;BS;L816;5,07;29
Nord Ovest;Piemonte;CN;L817;3;25
Nord Ovest;Liguria;SP;L819;38,2;20,38
Nord Est;Emilia-Romagna;RE;L820;7;29,76
Nord Ovest;Liguria;SV;L823;9;3
Nord Ovest;Lombardia;MN;L826;21,11;205,97
Nord Ovest;Lombardia;BG;L827;1,5;7
Isole;Sicilia;CT;L828;8;41,5
Nord Ovest;Piemonte;AT;L829;0;0,75
Nord Ovest;Piemonte;TO;L830;0;5
Nord Est;Emilia-Romagna;RE;L831;7,5;30,33
Centro;Toscana;LU;L833;81,53;163,71
Nord Ovest;Piemonte;AT;L834;4;9
Sud;Campania;SA;L835;5;5
Centro;Lazio;FR;L836;0;1
Isole;Sicilia;PA;L837;10;2
Centro;Toscana;FI;L838;21,67;28,72
Nord Est;Veneto;VI;L840;292,84;1910,34
Nord Ovest;Piemonte;CN;L841;12,33;23
Sud;Puglia;FG;L842;13,57;25,63
Centro;Lazio;FR;L843;2,5;2
Sud;Campania;CE;L844;2,34;0
Sud;Campania;NA;L845;23,24;42,63
Sud;Abruzzo;PE;L846;1;1
Nord Ovest;Piemonte;NO;L847;0;2
Nord Est;Emilia-Romagna;PC;L848;7;14,5
Centro;Toscana;PI;L850;24,99;23
Centro;Lazio;RM;L851;5;3
Nord Ovest;Lombardia;PV;L854;9;108,42
Nord Est;Veneto;TV;L856;6;18
Nord Ovest;Piemonte;TO;L857;0;2
Sud;Puglia;FG;L858;40,95;63,76
Sud;Basilicata;PZ;L859;6,83;4
Sud;Campania;SA;L860;13,11;5,22
Nord Ovest;Lombardia;BG;L865;6;15,17
Nord Ovest;Lombardia;LC;L866;11,67;25
Nord Est;Emilia-Romagna;FE;L868;8;88,83
Nord Est;Veneto;VR;L869;16,68;128,55
Nord Ovest;Lombardia;PV;L872;193,05;676,37
Sud;Basilicata;PZ;L873;1;0
Sud;Basilicata;PZ;L874;13,33;5,83
Nord Ovest;Lombardia;VA;L876;14;50
Nord Ovest;Piemonte;AT;L879;2;1
Nord Ovest;Piemonte;BI;L880;35,78;84,29
Nord Ovest;Piemonte;AL;L881;4;9
Centro;Lazio;VT;L882;10,5;14
Nord Ovest;Lombardia;MI;L883;44;122,08
Nord Est;Emilia-Romagna;MO;L885;83,41;303,51
Nord Ovest;Piemonte;AL;L887;9;14
Nord Ovest;Piemonte;CN;L888;4;10
Nord Ovest;Piemonte;VB;L889;0;2,5
Nord Est;Veneto;BL;L890;3;5,5
Nord Est;Veneto;PD;L892;3,5;141,68
Nord Ovest;Lombardia;BG;L894;1;0
Nord Est;Emilia-Romagna;PC;L897;5,83;32,07
Nord Ovest;Piemonte;TO;L898;13;35,63
Nord Est;Veneto;VE;L899;4,59;113,48
Nord Est;Veneto;PD;L900;18;315,13
Nord Ovest;Piemonte;AL;L904;3;15,17
Centro;Lazio;FR;L905;0;0
Nord Ovest;Piemonte;VB;L906;34,4;42,2
Nord Ovest;Lombardia;SO;L907;7,83;3
Nord Ovest;Lombardia;SO;L908;20,83;12
Nord Est;Friuli- Venezia Giulia;UD;L909;3;16
Nord Est;Veneto;VR;L912;3;32,22
Centro;Toscana;LU;L913;2;1
Isole;Sicilia;PA;L916;5,67;15,5
Nord Ovest;Lombardia;PV;L917;0;0
Nord Ovest;Lombardia;BS;L919;26,33;74,84
Sud;Puglia;BR;L920;9,55;11
Sud;Abruzzo;PE;L922;0,5;0
Nord Ovest;Lombardia;BS;L923;1;9
Isole;Sardegna;CA;L924;8;3
Centro;Toscana;LU;L926;2,5;0
Nord Ovest;Lombardia;MI;L928;19,55;96,05
Nord Ovest;Lombardia;BG;L929;6,34;45,09
Nord Ovest;Piemonte;AL;L931;0;1
Nord Ovest;Piemonte;BI;L933;3;1
Nord Est;Veneto;PD;L934;1;15,48
Nord Ovest;Lombardia;BG;L936;10;58
Nord Est;Veneto;PD;L937;0;6,5
Nord Ovest;Lombardia;BG;L938;3;21,5
Nord Est;Veneto;RO;L939;1;30,76
Nord Ovest;Piemonte;CN;L942;5;16
Nord Ovest;Liguria;IM;L943;6,99;2,66
Isole;Sicilia;AG;L944;4;1
Nord Ovest;Piemonte;AT;L945;4;22,19
Centro;Toscana;MS;L946;22,45;29,17
Nord Est;Veneto;PD;L947;10,2;95,27
Nord Ovest;Piemonte;TO;L948;7,14;27
Nord Est;Veneto;VR;L949;77,89;364,8
Isole;Sicilia;ME;L950;12,3;12,5
Isole;Sicilia;PA;L951;3;1
Nord Est;Veneto;VI;L952;0;6,09
Isole;Sardegna;NU;L953;0;3
Nord Ovest;Lombardia;CO;L956;25,33;130,33
Sud;Abruzzo;AQ;L958;2;5
Isole;Sicilia;CL;L959;3,5;1,5
Sud;Abruzzo;CH;L961;5;6
Nord Ovest;Piemonte;AL;L963;1;3
Sud;Abruzzo;CH;L964;6;3
Sud;Campania;AV;L965;0;2
Isole;Sardegna;CA;L966;0;0
Nord Est;Veneto;RO;L967;3;7,15
Isole;Sardegna;CA;L968;2;2,25
Nord Est;Emilia-Romagna;RE;L969;23,63;30,96
Nord Ovest;Piemonte;AL;L970;2;3
Nord Ovest;Piemonte;AL;L972;3;16,5
Sud;Campania;AV;L973;0;3
Nord Ovest;Piemonte;CN;L974;17;42,92
Nord Ovest;Liguria;SV;L975;11;38,5
Nord Ovest;Lombardia;LO;L977;3;28
Nord Ovest;Piemonte;BI;L978;2,34;3,67
Nord Est;Veneto;PD;L979;0;43,33
Nord Est;Emilia-Romagna;PC;L980;1,25;8
Nord Ovest;Valle d'Aosta;AO;L981;11,13;8
Nord Ovest;Piemonte;TO;L982;1;9,5
Nord Ovest;Lombardia;PV;L983;3;13,67
Nord Ovest;Piemonte;AT;L984;14,35;55,17
Nord Est;Veneto;RO;L985;2;7,5
Isole;Sardegna;CA;L986;0;0
Isole;Sardegna;CA;L987;0;0
Nord Est;Veneto;RO;L988;0;11
Isole;Sardegna;SS;L989;8,2;4
Nord Ovest;Piemonte;CN;L990;0,63;5,5
Isole;Sardegna;OR;L991;0;1
Isole;Sardegna;NU;L992;1;0
Nord Ovest;Lombardia;PV;L994;18,5;39
Nord Ovest;Lombardia;BS;L995;13,5;52,67
Isole;Sardegna;CA;L998;2,17;0
Nord Ovest;Piemonte;TO;L999;9,5;19,5
Nord Ovest;Piemonte;TO;M002;9;30,5
Nord Ovest;Piemonte;VC;M003;5;8
Nord Ovest;Piemonte;TO;M004;0;6
Nord Ovest;Piemonte;TO;M007;2;9
Nord Ovest;Piemonte;AL;M009;1;2
Isole;Sicilia;EN;M011;7,36;14
Nord Ovest;Piemonte;TO;M013;7;9
Nord Ovest;Piemonte;TO;M014;17,05;40,8
Nord Ovest;Piemonte;CN;M015;1;5,25
Isole;Sardegna;CA;M016;0;1
Nord Ovest;Lombardia;MI;M017;69,75;179,27
Sud;Calabria;RC;M018;6;44
Nord Ovest;Piemonte;AT;M019;0;2
Sud;Abruzzo;AQ;M021;0;2
Sud;Abruzzo;CH;M022;5;5,5
Sud;Abruzzo;AQ;M023;1;1
Isole;Sardegna;CA;M025;0;6,5
Isole;Sardegna;CA;M026;0;3
Nord Ovest;Piemonte;TO;M027;11;45,5
Nord Ovest;Piemonte;VC;M028;5;14
Isole;Sardegna;OR;M030;0,5;1
Sud;Abruzzo;AQ;M031;4;2
Nord Est;Veneto;VI;M032;5;53,22
Sud;Abruzzo;AQ;M041;1;3
Nord Ovest;Piemonte;VB;M042;3;0
Nord Ovest;Lombardia;MN;M044;1;16,83
Nord Ovest;Lombardia;BG;M045;23,84;93,4
Nord Est;Veneto;TV;M048;30,96;227,56
Nord Ovest;Lombardia;BG;M050;9;13,27
Nord Ovest;Lombardia;MI;M052;194,26;477,26
Nord Ovest;Lombardia;MI;M053;115,83;422,73
Nord Ovest;Piemonte;CN;M055;2,89;1
Sud;Molise;CB;M057;2,75;7
Nord Ovest;Piemonte;AT;M058;3;2,5
Centro;Toscana;FI;M059;14,71;71,93
Nord Ovest;Piemonte;TO;M060;49,5;219,84
Nord Ovest;Piemonte;NO;M062;1;6
Nord Ovest;Piemonte;CN;M063;7;7
Nord Ovest;Lombardia;BS;M065;8;49,17
Nord Ovest;Piemonte;TO;M069;1,5;15,5
Nord Ovest;Lombardia;BS;M070;2;9
Nord Ovest;Piemonte;TO;M071;0;10,42
Sud;Campania;NA;M072;4,85;2,89
Nord Ovest;Piemonte;AL;M077;6;8
Centro;Marche;MC;M078;7;3
Nord Ovest;Lombardia;PV;M079;4;18,5
Nord Ovest;Piemonte;TO;M080;2;1
Isole;Sicilia;TP;M081;0;2
Centro;Lazio;VT;M082;197,6;548,71
Centro;Lazio;FR;M083;1;0
Nord Est;Friuli- Venezia Giulia;PN;M085;4;4,5
Centro;Lazio;VT;M086;12;23,34
Isole;Sicilia;RG;M088;41,26;138,58
Nord Est;Veneto;TV;M089;70,28;276,03
Sud;Abruzzo;AQ;M090;3;2
Nord Ovest;Lombardia;MI;M091;47,55;129,46
Sud;Campania;CE;M092;6;44
Sud;Campania;BN;M093;5;0
Nord Ovest;Piemonte;TO;M094;5,25;11
Centro;Lazio;RM;M095;1;1
Nord Est;Friuli- Venezia Giulia;PN;M096;2;8,5
Nord Ovest;Piemonte;BI;M098;2;8
Isole;Sicilia;CT;M100;5,55;10,34
Nord Ovest;Lombardia;VA;M101;2,5;15,18
Nord Ovest;Lombardia;MI;M102;10;45,5
Nord Est;Veneto;PD;M103;3,5;19,94
Nord Ovest;Lombardia;BS;M104;16;94,96
Nord Ovest;Liguria;GE;M105;4;1
Nord Ovest;Piemonte;VC;M106;0;1
Nord Est;Veneto;BL;M108;3,5;9,17
Nord Ovest;Lombardia;PV;M109;181,44;471,07
Nord Est;Emilia-Romagna;FE;M110;8;17,75
Nord Ovest;Piemonte;VB;M111;5,13;7,13
Sud;Campania;NA;M115;25,17;167,11
Nord Ovest;Lombardia;CR;M116;0;4
Nord Est;Veneto;TV;M118;6;67,97
Nord Ovest;Lombardia;PV;M119;0;1
Nord Ovest;Piemonte;AL;M120;1;8
Nord Ovest;Piemonte;AL;M121;0;0
Nord Ovest;Piemonte;TO;M122;50,93;199,83
Nord Ovest;Piemonte;AL;M123;2;3,33
Nord Est;Veneto;BL;M124;8;11,5
Nord Ovest;Lombardia;MN;M125;8;70,67
Centro;Toscana;PI;M126;34,76;33,72
Nord Ovest;Lombardia;CR;M127;0;3
Sud;Campania;AV;M130;0,59;11
Sud;Puglia;FG;M131;2;0
Sud;Puglia;FG;M132;6;3
Nord Ovest;Piemonte;TO;M133;28;86,2
Nord Ovest;Piemonte;CN;M136;2,67;5
Sud;Calabria;VV;M138;1;7
Isole;Sicilia;CT;M139;9,5;20
Sud;Calabria;CZ;M140;5;0
Centro;Lazio;RM;M141;64,5;60,5
Sud;Calabria;VV;M143;0;1,5
Nord Ovest;Lombardia;BG;M144;5;17,33
Nord Est;Veneto;VI;M145;4,52;46,97
Nord Ovest;Lombardia;BG;M147;32,99;155,87
Nord Ovest;Lombardia;PV;M150;3;7,5
Nord Ovest;Lombardia;PV;M152;0;12
Isole;Sardegna;OR;M153;1;0
Nord Ovest;Lombardia;CO;M156;0;3,33
Nord Ovest;Lombardia;LO;M158;26,08;106,5
Nord Ovest;Lombardia;PV;M161;3;6
Nord Ovest;Lombardia;PV;M162;1;3
Nord Est;Veneto;TV;M163;1;14,17
Nord Est;Emilia-Romagna;PC;M165;0;1,33
Nord Ovest;Lombardia;PV;M166;0;2
Nord Ovest;Lombardia;PV;M167;7;25,5
Isole;Sardegna;OR;M168;1;1
Centro;Toscana;MS;M169;6,5;3
Nord Est;Veneto;VI;M170;1;11,27
Nord Est;Veneto;TV;M171;11,57;94,91
Nord Est;Veneto;VR;M172;24,66;180,62
Nord Ovest;Lombardia;MI;M176;15,09;101,97
Nord Ovest;Liguria;SP;M177;2;2
Nord Est;Veneto;VR;M178;7;24,33
Nord Ovest;Piemonte;BI;M179;1;4
Nord Ovest;Lombardia;PV;M180;7;35,5
Nord Ovest;Liguria;GE;M182;19,23;46,42
Nord Est;Emilia-Romagna;MO;M183;16;60
Nord Ovest;Lombardia;BG;M184;21,62;60,86
Nord Est;Emilia-Romagna;BO;M185;104,96;339,27
Sud;Puglia;LE;M187;0;4,66
Nord Ovest;Lombardia;BS;M188;2;5
Nord Est;Veneto;BL;M189;0;1
Nord Est;Friuli- Venezia Giulia;PN;M190;10,67;63,47
Nord Est;Veneto;VI;M194;1;7
Nord Ovest;Piemonte;BI;M196;5;9
Nord Ovest;Liguria;SV;M197;4;4
Nord Est;Veneto;VI;M199;4,25;46,77
Nord Est;Friuli- Venezia Giulia;UD;M200;1,62;2,25
Nord Ovest;Piemonte;BI;M201;7,83;10
Sud;Calabria;CS;M202;6;4
Sud;Campania;AV;M203;1;1
Sud;Calabria;VV;M204;0;0
Centro;Lazio;RM;M207;20,5;89,5
Sud;Calabria;CZ;M208;43,22;63,67
Isole;Sardegna;CA;M209;2,82;4
Isole;Sicilia;ME;M210;5;4,33
Isole;Sicilia;ME;M211;5;6
Centro;Lazio;RM;M212;41,56;277,13
Centro;Lazio;RM;M213;88,5;302,55
Isole;Sardegna;SS;M214;3;31
Sud;Campania;SA;M253;7;3
Sud;Abruzzo;AQ;M255;1;1,5
Sud;Basilicata;MT;M256;7,01;13,5
Isole;Sicilia;SR;M257;2,5;8
Centro;Umbria;TR;M258;2;7
Isole;Sardegna;SS;M259;2,92;19,42
Sud;Campania;CE;M260;1;0
Sud;Puglia;LE;M261;3,5;4
Sud;Puglia;LE;M263;5;35,41
Sud;Puglia;LE;M264;1,67;0
Nord Est;Friuli- Venezia Giulia;PN;M265;2;0,95
Sud;Puglia;FG;M266;1;1
Isole;Sicilia;PA;M268;0;1,5
Sud;Basilicata;PZ;M269;2,49;2,35
Isole;Sardegna;CA;M270;0;0
Isole;Sicilia;CT;M271;0;1
Centro;Lazio;RM;M272;111,32;426,75
Sud;Campania;NA;M273;11,98;7,5
Isole;Sardegna;SS;M274;6;52,08
Isole;Sardegna;SS;M275;11,2;51,5
Isole;Sardegna;SS;M276;1;2
Sud;Calabria;RC;M277;8,92;3,5
Isole;Sardegna;CA;M278;1;0
Isole;Sicilia;SR;M279;2;17,34
Sud;Campania;NA;M280;11,5;12,78
Isole;Sicilia;TP;M281;5;3
Isole;Sardegna;SS;M282;2;5
Isole;Sicilia;CT;M283;1;1,4
Isole;Sardegna;SS;M284;2;3,09
Isole;Sardegna;NU;M285;2;4
Isole;Sicilia;ME;M286;7,33;5
Isole;Sicilia;CT;M287;5,5;4
Isole;Sardegna;CA;M288;3;15,54
Sud;Campania;NA;M289;4,78;0,5
Isole;Sardegna;SS;M290;1,01;15
Isole;Sardegna;CA;M291;0;0
Isole;Sardegna;SS;M292;1;3
Sud;Campania;SA;M294;20,54;96,5
Centro;Lazio;RM;M295;39;66,12
Centro;Lazio;RM;M297;177,99;843,3
Sud;Puglia;TA;M298;16,33;31,8
Nord Est;Veneto;PD;M300;8,06;68,21
Isole;Sardegna;SS;M301;2;0
Nord Ovest;Piemonte;AT;M302;9,33;9,16
Nord Est;Veneto;VE;M308;38,2;173,7
Centro;Lazio;RM;M309;74,91;295,61
Nord Ovest;Lombardia;BS;M312;42,51;257,24
Nord Ovest;Lombardia;CO;M315;22,11;40,67
Nord Ovest;Piemonte;TO;M316;16,06;70,68
Nord Est;Friuli- Venezia Giulia;UD;M317;6,75;59,75
Centro;Marche;AN;M318;9,58;64,17
Centro;Toscana;LU;M319;0,06;6
Nord Est;Emilia-Romagna;BO;M320;91,11;338,19
Centro;Toscana;FI;M321;50,83;178,74
Centro;Toscana;AR;M322;24,53;64,27
Nord Est;Emilia-Romagna;FE;M323;13;92,33
Nord Est;Emilia-Romagna;RN;M324;7,87;21,66
Nord Est;Emilia-Romagna;PR;M325;9,48;80,5
Centro;Toscana;FI;M326;17;59,5
Centro;Toscana;PI;M327;41,14;75,75
Centro;Toscana;PI;M328;14;39,75
Centro;Toscana;AR;M329;11,33;86,33
Sud;Campania;AV;M330;17,06;52,06
Centro;Marche;PS;M331;14;108,25
Nord Ovest;Lombardia;BG;M333;12,33;42,34
Nord Ovest;Lombardia;BG;M334;16,96;33,68
Nord Ovest;Lombardia;CO;M335;17,24;26,58
Nord Ovest;Lombardia;CO;M336;14,66;64,1
Nord Ovest;Lombardia;LC;M337;27,05;57,77
Nord Ovest;Lombardia;PV;M338;2;6
Nord Ovest;Lombardia;VA;M339;13,64;20,5
Nord Ovest;Lombardia;MN;M340;21,5;176,34
Nord Ovest;Lombardia;CO;M341;22,82;36,17
Nord Est;Veneto;BL;M342;7;29,47
Nord Est;Friuli- Venezia Giulia;PN;M346;23;28,67
Centro;Toscana;LU;M347;1;2,92
Nord Ovest;Lombardia;LC;M348;7,64;36
Nord Est;Emilia-Romagna;RE;M364;32,03;35,15
Nord Est;Emilia-Romagna;PR;M367;5;22
Nord Est;Emilia-Romagna;RN;M368;5;77,95
Nord Est;Emilia-Romagna;BO;M369;32,43;39,84
Nord Ovest;Piemonte;VB;M370;8;1
Nord Ovest;Piemonte;BI;M371;6;31,5
Nord Ovest;Lombardia;PV;M372;9;14
Nord Ovest;Piemonte;BI;M373;3;7
Nord Est;Veneto;BL;M374;20,06;51,8
Nord Est;Veneto;BL;M375;11,5;15,67
Centro;Toscana;PT;M376;15,12;25,16
Centro;Toscana;PT;M377;20,33;43
Centro;Toscana;SI;M378;22,67;40,44
Centro;Marche;PS;M379;8;22,33
Centro;Marche;PS;M380;14,77;116,67
Nord Est;Emilia-Romagna;FE;M381;12,2;137,44
Centro;Marche;MC;M382;6,5;1
Nord Ovest;Lombardia;CO;M383;14,67;56,49
Nord Est;Veneto;VI;M384;1,5;52
Sud;Calabria;CS;M385;9,33;10
Nord Est;Emilia-Romagna;PC;M386;15,68;28,28
Nord Ovest;Liguria;IM;M387;10,5;1
Nord Ovest;Piemonte;AL;M388;8;8
Nord Ovest;Piemonte;VC;M389;1,25;2
Centro;Toscana;LI;M391;22,65;36,15
Centro;Toscana;AR;M392;13,25;33
Nord Ovest;Lombardia;LO;M393;0;8
Nord Ovest;Lombardia;CO;M394;7,5;37,75
Nord Ovest;Lombardia;LC;M395;5;7
Nord Ovest;Lombardia;MN;M396;7,5;51,03
Nord Ovest;Piemonte;AL;M397;1;5
Nord Ovest;Piemonte;VC;M398;11;16
Nord Est;Friuli- Venezia Giulia;UD;M399;1,17;2,83
Nord Est;Veneto;VI;M401;6,5;38
Nord Est;Veneto;PD;M402;3;56,33
Sud;Calabria;CS;M403;107,18;119,56
Nord Ovest;Piemonte;VB;M404;8,33;3
Nord Ovest;Piemonte;TO;M405;8;14
Nord Ovest;Lombardia;MN;M406;4,6;17,01
Centro;Toscana;FI;M408;26;52,38
Nord Est;Emilia-Romagna;FE;M409;6,5;45,36
Nord Est;Emilia-Romagna;FE;M410;16,39;78,9
Nord Est;Emilia-Romagna;PR;M411;22,38;172,43
Nord Ovest;Lombardia;CO;M412;16,5;47,23
Centro;Marche;PS;M413;12;16,5
Nord Ovest;Piemonte;BI;M414;5;18
Nord Ovest;Piemonte;TO;M415;3;5
Nord Ovest;Piemonte;NO;M416;8;38,35
Nord Ovest;Piemonte;BI;M417;64,5;96,63
Nord Ovest;Lombardia;CR;M418;3,1;31,43
Nord Ovest;Lombardia;PV;M419;9,5;7
Nord Ovest;Piemonte;AL;M420;4;6
Nord Est;Veneto;BL;M421;41,42;109,87
Nord Est;Veneto;TV;M422;5;41,32
Nord Est;Veneto;VI;M423;15,33;22,47
Nord Ovest;Lombardia;MI;M424;7,85;123,19
Nord Ovest;Lombardia;VA;M425;1;33,83
Nord Est;Veneto;VI;M426;6,47;32
Nord Est;Veneto;VI;M427;7,16;58,5
Sud;Puglia;LE;M428;7;14,75
Isole;Sicilia;TP;M432;4,3;8
Nord Ovest;Lombardia;VA;M433;3,17;34
Nord Ovest;Piemonte;AT;M434;0;0,5
Nord Ovest;Lombardia;CO;M435;16,22;64,04
Nord Est;Veneto;VI;M436;6;71,05
Nord Est;Veneto;BL;M437;14,75;27,5
Nord Est;Veneto;PD;M438;3,13;13,01
