Area;Regione;Provincia;2024_CodCom;Comune;Cap;TAGLIA MERCATO
Nord Est;Veneto;PD;A001;ABANO TERME;NonCap;M
Nord Ovest;Lombardia;LO;A004;ABBADIA CERRETO;NonCap;S
Nord Ovest;Lombardia;LC;A005;ABBADIA LARIANA;NonCap;S
Centro;Toscana;SI;A006;ABBADIA SAN SALVATORE;NonCap;S
Isole;Sardegna;OR;A007;ABBASANTA;NonCap;S
Sud;Abruzzo;PE;A008;ABBATEGGIO;NonCap;S
Nord Ovest;Lombardia;MI;A010;ABBIATEGRASSO;NonCap;L
Sud;Basilicata;PZ;A013;ABRIOLA;NonCap;S
Isole;Sicilia;RG;A014;ACATE;NonCap;S
Sud;Puglia;FG;A015;ACCADIA;NonCap;S
Nord Ovest;Piemonte;CN;A016;ACCEGLIO;NonCap;S
Sud;Basilicata;MT;A017;ACCETTURA;NonCap;S
Sud;Abruzzo;AQ;A018;ACCIANO;NonCap;S
Centro;Lazio;RI;A019;ACCUMOLI;NonCap;S
Sud;Basilicata;PZ;A020;ACERENZA;NonCap;S
Sud;Campania;SA;A023;ACERNO;NonCap;S
Sud;Campania;NA;A024;ACERRA;NonCap;M
Isole;Sicilia;CT;A025;ACI BONACCORSI;NonCap;S
Isole;Sicilia;CT;A026;ACI CASTELLO;NonCap;M
Isole;Sicilia;CT;A027;ACI CATENA;NonCap;M
Isole;Sicilia;CT;A028;ACIREALE;NonCap;L
Isole;Sicilia;CT;A029;ACI SANT`ANTONIO;NonCap;M
Centro;Lazio;FR;A032;ACQUAFONDATA;NonCap;S
Sud;Calabria;CS;A033;ACQUAFORMOSA;NonCap;S
Nord Ovest;Lombardia;BS;A034;ACQUAFREDDA;NonCap;S
Centro;Marche;PS;A035;ACQUALAGNA;NonCap;S
Nord Ovest;Lombardia;MN;A038;ACQUANEGRA SUL CHIESE;NonCap;S
Nord Ovest;Lombardia;CR;A039;ACQUANEGRA CREMONESE;NonCap;S
Centro;Lazio;VT;A040;ACQUAPENDENTE;NonCap;S
Sud;Calabria;CS;A041;ACQUAPPESA;NonCap;S
Sud;Calabria;VV;A043;ACQUARO;NonCap;S
Centro;Marche;AP;A044;ACQUASANTA TERME;NonCap;S
Centro;Umbria;TR;A045;ACQUASPARTA;NonCap;S
Centro;Marche;AP;A047;ACQUAVIVA PICENA;NonCap;S
Sud;Puglia;BA;A048;ACQUAVIVA DELLE FONTI;NonCap;S
Isole;Sicilia;CL;A049;ACQUAVIVA PLATANI;NonCap;S
Sud;Molise;CB;A050;ACQUAVIVA COLLECROCE;NonCap;S
Sud;Molise;IS;A051;ACQUAVIVA D`ISERNIA;NonCap;S
Nord Ovest;Piemonte;AL;A052;ACQUI TERME;NonCap;M
Sud;Calabria;CS;A053;ACRI;NonCap;S
Centro;Lazio;FR;A054;ACUTO;NonCap;S
Sud;Puglia;BA;A055;ADELFIA;NonCap;S
Isole;Sicilia;CT;A056;ADRANO;NonCap;S
Nord Ovest;Lombardia;BG;A057;ADRARA SAN MARTINO;NonCap;S
Nord Ovest;Lombardia;BG;A058;ADRARA SAN ROCCO;NonCap;S
Nord Est;Veneto;RO;A059;ADRIA;NonCap;M
Nord Ovest;Lombardia;BS;A060;ADRO;NonCap;S
Nord Est;Veneto;VR;A061;AFFI;NonCap;S
Centro;Lazio;RM;A062;AFFILE;NonCap;S
Sud;Campania;NA;A064;AFRAGOLA;NonCap;M
Sud;Calabria;RC;A065;AFRICO;NonCap;S
Nord Est;Emilia-Romagna;PC;A067;AGAZZANO;NonCap;S
Sud;Campania;NA;A068;AGEROLA;NonCap;S
Isole;Sardegna;SS;A069;AGGIUS;NonCap;S
Isole;Sicilia;EN;A070;AGIRA;NonCap;S
Centro;Toscana;PT;A071;AGLIANA;NonCap;M
Nord Ovest;Piemonte;AT;A072;AGLIANO;NonCap;S
Nord Ovest;Piemonte;TO;A074;AGLIE`;NonCap;S
Nord Est;Veneto;PD;A075;AGNA;NonCap;S
Nord Ovest;Lombardia;CR;A076;AGNADELLO;NonCap;S
Sud;Calabria;RC;A077;AGNANA CALABRA;NonCap;S
Sud;Molise;IS;A080;AGNONE;NonCap;S
Centro;Lazio;FR;A081;VILLA LATINA;NonCap;S
Nord Ovest;Lombardia;BS;A082;AGNOSINE;NonCap;S
Nord Est;Veneto;BL;A083;AGORDO;NonCap;S
Centro;Lazio;RM;A084;AGOSTA;NonCap;S
Nord Ovest;Lombardia;VA;A085;AGRA;NonCap;S
Nord Ovest;Lombardia;MI;A087;AGRATE BRIANZA;NonCap;M
Nord Ovest;Piemonte;NO;A088;AGRATE CONTURBIA;NonCap;S
Isole;Sicilia;AG;A089;AGRIGENTO;cap;L
Sud;Campania;SA;A091;AGROPOLI;NonCap;M
Centro;Marche;AN;A092;AGUGLIANO;NonCap;S
Nord Est;Veneto;VI;A093;AGUGLIARO;NonCap;S
Nord Ovest;Valle d'Aosta;AO;A094;AYAS;NonCap;S
Nord Ovest;Lombardia;MI;A096;AICURZIO;NonCap;S
Isole;Sardegna;OR;A097;AIDOMAGGIORE;NonCap;S
Isole;Sicilia;EN;A098;AIDONE;NonCap;S
Sud;Abruzzo;AQ;A100;AIELLI;NonCap;S
Sud;Campania;AV;A101;AIELLO DEL SABATO;NonCap;S
Sud;Calabria;CS;A102;AIELLO CALABRO;NonCap;S
Sud;Calabria;CS;A105;AIETA;NonCap;S
Sud;Campania;CE;A106;AILANO;NonCap;S
Nord Ovest;Piemonte;BI;A107;AILOCHE;NonCap;S
Nord Ovest;Valle d'Aosta;AO;A108;AYMAVILLES;NonCap;S
Nord Ovest;Piemonte;TO;A109;AIRASCA;NonCap;S
Sud;Campania;BN;A110;AIROLA;NonCap;S
Nord Ovest;Liguria;IM;A111;AIROLE;NonCap;S
Nord Ovest;Lombardia;LC;A112;AIRUNO;NonCap;S
Nord Ovest;Piemonte;CN;A113;AISONE;NonCap;S
Isole;Sardegna;SS;A115;ALA` DEI SARDI;NonCap;S
Nord Ovest;Piemonte;TO;A117;ALA DI STURA;NonCap;S
Nord Ovest;Lombardia;PV;A118;ALAGNA;NonCap;S
Nord Ovest;Piemonte;VC;A119;ALAGNA VALSESIA;NonCap;S
Sud;Abruzzo;PE;A120;ALANNO;NonCap;S
Nord Ovest;Liguria;SV;A122;ALASSIO;NonCap;L
Centro;Lazio;FR;A123;ALATRI;NonCap;S
Nord Ovest;Piemonte;CN;A124;ALBA;NonCap;L
Sud;Abruzzo;TE;A125;ALBA ADRIATICA;NonCap;M
Isole;Sardegna;OR;A126;ALBAGIARA;NonCap;S
Nord Ovest;Lombardia;MI;A127;ALBAIRATE;NonCap;S
Sud;Campania;SA;A128;ALBANELLA;NonCap;S
Nord Ovest;Lombardia;BG;A129;ALBANO SANT`ALESSANDRO;NonCap;S
Nord Ovest;Piemonte;VC;A130;ALBANO VERCELLESE;NonCap;S
Sud;Basilicata;PZ;A131;ALBANO DI LUCANIA;NonCap;S
Centro;Lazio;RM;A132;ALBANO LAZIALE;NonCap;L
Nord Ovest;Lombardia;PV;A134;ALBAREDO ARNABOLDI;NonCap;S
Nord Ovest;Lombardia;SO;A135;ALBAREDO PER SAN MARCO;NonCap;S
Nord Est;Veneto;VR;A137;ALBAREDO D`ADIGE;NonCap;S
Nord Est;Emilia-Romagna;PR;A138;ALBARETO;NonCap;S
Nord Ovest;Piemonte;CN;A139;ALBARETTO DELLA TORRE;NonCap;S
Nord Ovest;Lombardia;CO;A143;ALBAVILLA;NonCap;S
Nord Ovest;Liguria;SV;A145;ALBENGA;NonCap;L
Nord Ovest;Piemonte;AL;A146;ALBERA LIGURE;NonCap;S
Sud;Puglia;BA;A149;ALBEROBELLO;NonCap;S
Sud;Puglia;FG;A150;ALBERONA;NonCap;S
Nord Ovest;Lombardia;CO;A153;ALBESE CON CASSANO;NonCap;S
Nord Est;Veneto;VI;A154;ALBETTONE;NonCap;S
Sud;Calabria;CZ;A155;ALBI;NonCap;S
Nord Ovest;Piemonte;TO;A157;ALBIANO D`IVREA;NonCap;S
Nord Ovest;Lombardia;MI;A159;ALBIATE;NonCap;S
Sud;Calabria;CS;A160;ALBIDONA;NonCap;S
Nord Est;Veneto;PD;A161;ALBIGNASEGO;NonCap;L
Nord Est;Emilia-Romagna;RE;A162;ALBINEA;NonCap;S
Nord Ovest;Lombardia;BG;A163;ALBINO;NonCap;M
Nord Ovest;Lombardia;CO;A164;ALBIOLO;NonCap;S
Nord Ovest;Liguria;SV;A165;ALBISSOLA MARINA;NonCap;M
Nord Ovest;Liguria;SV;A166;ALBISOLA SUPERIORE;NonCap;M
Nord Ovest;Lombardia;VA;A167;ALBIZZATE;NonCap;S
Nord Ovest;Lombardia;PV;A171;ALBONESE;NonCap;S
Nord Ovest;Lombardia;SO;A172;ALBOSAGGIA;NonCap;S
Nord Ovest;Piemonte;AT;A173;ALBUGNANO;NonCap;S
Nord Ovest;Lombardia;PV;A175;ALBUZZANO;NonCap;S
Isole;Sicilia;TP;A176;ALCAMO;NonCap;M
Isole;Sicilia;ME;A177;ALCARA LI FUSI;NonCap;S
Isole;Sardegna;OR;A180;ALES;NonCap;S
Isole;Sicilia;AG;A181;ALESSANDRIA DELLA ROCCA;NonCap;S
Nord Ovest;Piemonte;AL;A182;ALESSANDRIA;cap;L
Sud;Calabria;CS;A183;ALESSANDRIA D CARRETTO;NonCap;S
Sud;Puglia;LE;A184;ALESSANO;NonCap;S
Sud;Puglia;LE;A185;ALEZIO;NonCap;S
Sud;Campania;SA;A186;ALFANO;NonCap;S
Sud;Abruzzo;AQ;A187;ALFEDENA;NonCap;S
Nord Ovest;Lombardia;BS;A188;ALFIANELLO;NonCap;S
Nord Ovest;Piemonte;AL;A189;ALFIANO NATTA;NonCap;S
Nord Est;Emilia-Romagna;RA;A191;ALFONSINE;NonCap;S
Isole;Sardegna;SS;A192;ALGHERO;NonCap;L
Nord Ovest;Lombardia;BG;A193;ALGUA;NonCap;S
Isole;Sicilia;ME;A194;ALI`;NonCap;S
Isole;Sicilia;PA;A195;ALIA;NonCap;S
Sud;Basilicata;MT;A196;ALIANO;NonCap;S
Nord Ovest;Piemonte;AL;A197;ALICE BEL COLLE;NonCap;S
Nord Ovest;Piemonte;VC;A198;ALICE CASTELLO;NonCap;S
Sud;Campania;CE;A200;ALIFE;NonCap;S
Isole;Sicilia;ME;A201;ALI` TERME;NonCap;S
Isole;Sicilia;PA;A202;ALIMENA;NonCap;S
Isole;Sicilia;PA;A203;ALIMINUSA;NonCap;S
Isole;Sardegna;OR;A204;ALLAI;NonCap;S
Nord Ovest;Valle d'Aosta;AO;A205;ALLEIN;NonCap;S
Nord Est;Veneto;BL;A206;ALLEGHE;NonCap;S
Centro;Umbria;TR;A207;ALLERONA;NonCap;S
Sud;Puglia;LE;A208;ALLISTE;NonCap;S
Centro;Lazio;RM;A210;ALLUMIERE;NonCap;S
Nord Ovest;Lombardia;BG;A214;ALME`;NonCap;S
Nord Ovest;Lombardia;BG;A215;VILLA D`ALME;NonCap;S
Nord Ovest;Lombardia;BG;A216;ALMENNO SAN BARTOLOMEO;NonCap;S
Nord Ovest;Lombardia;BG;A217;ALMENNO SAN SALVATORE;NonCap;S
Nord Ovest;Piemonte;TO;A218;ALMESE;NonCap;S
Nord Est;Veneto;VI;A220;ALONTE;NonCap;S
Nord Ovest;Piemonte;TO;A221;ALPETTE;NonCap;S
Nord Ovest;Piemonte;TO;A222;ALPIGNANO;NonCap;M
Nord Est;Emilia-Romagna;PC;A223;ALSENO;NonCap;S
Nord Ovest;Lombardia;CO;A224;ALSERIO;NonCap;S
Sud;Puglia;BA;A225;ALTAMURA;NonCap;M
Nord Ovest;Liguria;SV;A226;ALTARE;NonCap;S
Nord Ovest;Piemonte;AL;A227;ALTAVILLA MONFERRATO;NonCap;S
Sud;Campania;AV;A228;ALTAVILLA IRPINA;NonCap;S
Isole;Sicilia;PA;A229;ALTAVILLA MILICIA;NonCap;S
Sud;Campania;SA;A230;ALTAVILLA SILENTINA;NonCap;S
Nord Est;Veneto;VI;A231;ALTAVILLA VICENTINA;NonCap;M
Centro;Marche;AP;A233;ALTIDONA;NonCap;S
Sud;Calabria;CS;A234;ALTILIA;NonCap;S
Sud;Abruzzo;CH;A235;ALTINO;NonCap;S
Nord Est;Veneto;VI;A236;ALTISSIMO;NonCap;S
Nord Est;Veneto;TV;A237;ALTIVOLE;NonCap;S
Nord Ovest;Piemonte;CN;A238;ALTO;NonCap;S
Isole;Sicilia;PA;A239;ALTOFONTE;NonCap;S
Sud;Calabria;CS;A240;ALTOMONTE;NonCap;S
Centro;Toscana;LU;A241;ALTOPASCIO;NonCap;M
Centro;Umbria;TR;A242;ALVIANO;NonCap;S
Sud;Campania;CE;A243;ALVIGNANO;NonCap;S
Centro;Lazio;FR;A244;ALVITO;NonCap;S
Nord Ovest;Piemonte;AL;A245;ALZANO SCRIVIA;NonCap;S
Nord Ovest;Lombardia;BG;A246;ALZANO LOMBARDO;NonCap;M
Nord Ovest;Lombardia;CO;A249;ALZATE BRIANZA;NonCap;S
Sud;Campania;SA;A251;AMALFI;NonCap;S
Centro;Marche;AP;A252;AMANDOLA;NonCap;S
Sud;Calabria;CS;A253;AMANTEA;NonCap;S
Nord Est;Friuli- Venezia Giulia;UD;A254;AMARO;NonCap;S
Sud;Calabria;CZ;A255;AMARONI;NonCap;S
Centro;Lazio;FR;A256;AMASENO;NonCap;S
Sud;Calabria;CZ;A257;AMATO;NonCap;S
Centro;Lazio;RI;A258;AMATRICE;NonCap;S
Nord Ovest;Lombardia;BG;A259;AMBIVERE;NonCap;S
Nord Ovest;Liguria;SP;A261;AMEGLIA;NonCap;S
Centro;Umbria;TR;A262;AMELIA;NonCap;S
Sud;Calabria;CS;A263;AMENDOLARA;NonCap;S
Nord Ovest;Piemonte;NO;A264;AMENO;NonCap;S
Sud;Campania;BN;A265;AMOROSI;NonCap;S
Nord Est;Friuli- Venezia Giulia;UD;A267;AMPEZZO;NonCap;S
Sud;Campania;NA;A268;ANACAPRI;NonCap;S
Centro;Lazio;FR;A269;ANAGNI;NonCap;M
Sud;Abruzzo;TE;A270;ANCARANO;NonCap;S
Centro;Marche;AN;A271;ANCONA;cap;L
Sud;Calabria;CZ;A272;ANDALI;NonCap;S
Nord Ovest;Lombardia;SO;A273;ANDALO VALTELLINO;NonCap;S
Nord Ovest;Piemonte;TO;A275;ANDEZENO;NonCap;S
Nord Ovest;Liguria;SV;A278;ANDORA;NonCap;L
Nord Ovest;Piemonte;BI;A280;ANDORNO MICCA;NonCap;S
Sud;Puglia;LE;A281;ANDRANO;NonCap;S
Nord Ovest;Piemonte;TO;A282;ANDRATE;NonCap;S
Nord Est;Friuli- Venezia Giulia;PN;A283;ANDREIS;NonCap;S
Sud;Campania;AV;A284;ANDRETTA;NonCap;S
Sud;Puglia;BA;A285;ANDRIA;NonCap;L
Isole;Sardegna;SS;A287;ANELA;NonCap;S
Nord Ovest;Lombardia;BS;A288;ANFO;NonCap;S
Nord Ovest;Lombardia;VA;A290;ANGERA;NonCap;S
Centro;Toscana;AR;A291;ANGHIARI;NonCap;S
Nord Est;Veneto;VR;A292;ANGIARI;NonCap;S
Nord Ovest;Lombardia;BS;A293;ANGOLO TERME;NonCap;S
Sud;Campania;SA;A294;ANGRI;NonCap;M
Nord Ovest;Piemonte;TO;A295;ANGROGNA;NonCap;S
Nord Est;Veneto;PD;A296;ANGUILLARA VENETA;NonCap;S
Centro;Lazio;RM;A297;ANGUILLARA SABAZIA;NonCap;M
Nord Ovest;Lombardia;CR;A299;ANNICCO;NonCap;S
Nord Ovest;Piemonte;AT;A300;CASTELLO DI ANNONE;NonCap;S
Nord Ovest;Lombardia;LC;A301;ANNONE DI BRIANZA;NonCap;S
Nord Est;Veneto;VE;A302;ANNONE VENETO;NonCap;S
Sud;Calabria;RC;A303;ANOIA;NonCap;S
Nord Ovest;Lombardia;BG;A304;ANTEGNATE;NonCap;S
Nord Ovest;Valle d'Aosta;AO;A305;ANTEY SAINT ANDRE`;NonCap;S
Nord Ovest;Valle d'Aosta;AO;A308;LA MAGDELEINE;NonCap;S
Centro;Lazio;RM;A309;ANTICOLI CORRADO;NonCap;S
Centro;Lazio;FR;A310;FIUGGI;NonCap;S
Nord Ovest;Piemonte;AT;A312;ANTIGNANO;NonCap;S
Isole;Sicilia;ME;A313;ANTILLO;NonCap;S
Sud;Calabria;RC;A314;ANTONIMINA;NonCap;S
Centro;Lazio;RI;A315;ANTRODOCO;NonCap;S
Nord Ovest;Piemonte;VB;A317;ANTRONA SCHIERANCO;NonCap;S
Sud;Abruzzo;AQ;A318;ANVERSA DEGLI ABRUZZI;NonCap;S
Nord Ovest;Lombardia;CO;A319;ANZANO DEL PARCO;NonCap;S
Sud;Puglia;FG;A320;ANZANO DI PUGLIA;NonCap;S
Sud;Basilicata;PZ;A321;ANZI;NonCap;S
Centro;Lazio;RM;A323;ANZIO;NonCap;L
Nord Est;Emilia-Romagna;BO;A324;ANZOLA DELL`EMILIA;NonCap;M
Nord Ovest;Piemonte;VB;A325;ANZOLA D OSSOLA;NonCap;S
Nord Ovest;Valle d'Aosta;AO;A326;AOSTA;cap;L
Centro;Marche;PS;A327;APECCHIO;NonCap;S
Sud;Campania;BN;A328;APICE;NonCap;S
Centro;Marche;MC;A329;APIRO;NonCap;S
Sud;Campania;BN;A330;APOLLOSA;NonCap;S
Nord Ovest;Lombardia;CO;A333;APPIANO GENTILE;NonCap;S
Centro;Marche;MC;A334;APPIGNANO;NonCap;S
Centro;Marche;AP;A335;APPIGNANO DEL TRONTO;NonCap;S
Nord Ovest;Lombardia;SO;A337;APRICA;NonCap;S
Nord Ovest;Liguria;IM;A338;APRICALE;NonCap;S
Sud;Puglia;FG;A339;APRICENA;NonCap;S
Sud;Calabria;CS;A340;APRIGLIANO;NonCap;S
Centro;Lazio;LT;A341;APRILIA;NonCap;L
Sud;Campania;SA;A343;AQUARA;NonCap;S
Nord Ovest;Liguria;IM;A344;AQUILA D`ARROSCIA;NonCap;S
Sud;Abruzzo;AQ;A345;L`AQUILA;cap;L
Sud;Campania;AV;A347;AQUILONIA;NonCap;S
Centro;Lazio;FR;A348;AQUINO;NonCap;S
Sud;Puglia;LE;A350;ARADEO;NonCap;S
Isole;Sicilia;AG;A351;ARAGONA;NonCap;S
Nord Ovest;Piemonte;AT;A352;ARAMENGO;NonCap;S
Nord Est;Friuli- Venezia Giulia;PN;A354;ARBA;NonCap;S
Isole;Sardegna;NU;A355;TORTOLI`;NonCap;S
Isole;Sardegna;OR;A357;ARBOREA;NonCap;S
Nord Ovest;Piemonte;VC;A358;ARBORIO;NonCap;S
Isole;Sardegna;CA;A359;ARBUS;NonCap;S
Nord Est;Veneto;TV;A360;ARCADE;NonCap;S
Centro;Lazio;FR;A363;ARCE;NonCap;S
Nord Ovest;Lombardia;BG;A365;ARCENE;NonCap;S
Centro;Marche;AN;A366;ARCEVIA;NonCap;S
Sud;Abruzzo;CH;A367;ARCHI;NonCap;S
Isole;Sardegna;OR;A368;SAN NICOLO` D`ARCIDANO;NonCap;S
Centro;Toscana;GR;A369;ARCIDOSSO;NonCap;S
Centro;Lazio;RM;A370;ARCINAZZO ROMANO;NonCap;S
Nord Ovest;Lombardia;VA;A371;ARCISATE;NonCap;S
Nord Ovest;Liguria;SP;A373;ARCOLA;NonCap;S
Nord Est;Veneto;VR;A374;ARCOLE;NonCap;S
Nord Ovest;Lombardia;MI;A375;ARCONATE;NonCap;S
Nord Ovest;Lombardia;MI;A376;ARCORE;NonCap;M
Nord Est;Veneto;VI;A377;ARCUGNANO;NonCap;S
Isole;Sardegna;SS;A379;ARDARA;NonCap;S
Isole;Sardegna;OR;A380;ARDAULI;NonCap;S
Nord Ovest;Lombardia;SO;A382;ARDENNO;NonCap;S
Nord Ovest;Lombardia;BG;A383;ARDESIO;NonCap;S
Sud;Calabria;RC;A385;ARDORE;NonCap;S
Sud;Calabria;VV;A386;ARENA;NonCap;S
Nord Ovest;Lombardia;PV;A387;ARENA PO;NonCap;S
Nord Ovest;Liguria;GE;A388;ARENZANO;NonCap;L
Nord Ovest;Lombardia;MI;A389;ARESE;NonCap;L
Centro;Toscana;AR;A390;AREZZO;cap;L
Nord Ovest;Lombardia;CO;A391;ARGEGNO;NonCap;S
Nord Est;Emilia-Romagna;BO;A392;ARGELATO;NonCap;M
Nord Est;Emilia-Romagna;FE;A393;ARGENTA;NonCap;M
Nord Ovest;Piemonte;CN;A394;ARGENTERA;NonCap;S
Nord Ovest;Piemonte;CN;A396;ARGUELLO;NonCap;S
Sud;Calabria;CZ;A397;ARGUSTO;NonCap;S
Sud;Abruzzo;CH;A398;ARI;NonCap;S
Sud;Campania;AV;A399;ARIANO IRPINO;NonCap;S
Nord Est;Veneto;RO;A400;ARIANO NEL POLESINE;NonCap;S
Centro;Lazio;RM;A401;ARICCIA;NonCap;M
Sud;Abruzzo;CH;A402;ARIELLI;NonCap;S
Sud;Campania;CE;A403;ARIENZO;NonCap;S
Nord Ovest;Piemonte;TO;A405;ARIGNANO;NonCap;S
Isole;Sardegna;NU;A407;ARITZO;NonCap;S
Nord Ovest;Piemonte;VB;A409;ARIZZANO;NonCap;S
Centro;Lazio;VT;A412;ARLENA DI CASTRO;NonCap;S
Nord Ovest;Lombardia;MI;A413;ARLUNO;NonCap;M
Nord Ovest;Piemonte;NO;A414;ARMENO;NonCap;S
Sud;Basilicata;PZ;A415;ARMENTO;NonCap;S
Nord Ovest;Liguria;IM;A418;ARMO;NonCap;S
Isole;Sardegna;CA;A419;ARMUNGIA;NonCap;S
Centro;Lazio;FR;A421;ARNARA;NonCap;S
Nord Ovest;Liguria;SV;A422;ARNASCO;NonCap;S
Nord Ovest;Valle d'Aosta;AO;A424;ARNAD;NonCap;S
Sud;Puglia;LE;A425;ARNESANO;NonCap;S
Nord Ovest;Piemonte;VB;A427;AROLA;NonCap;S
Nord Ovest;Piemonte;NO;A429;ARONA;NonCap;M
Nord Ovest;Lombardia;CO;A430;AROSIO;NonCap;S
Sud;Campania;BN;A431;ARPAIA;NonCap;S
Sud;Campania;BN;A432;ARPAISE;NonCap;S
Centro;Lazio;FR;A433;ARPINO;NonCap;S
Nord Est;Veneto;PD;A434;ARQUA` PETRARCA;NonCap;S
Nord Est;Veneto;RO;A435;ARQUA` POLESINE;NonCap;S
Nord Ovest;Piemonte;AL;A436;ARQUATA SCRIVIA;NonCap;S
Centro;Marche;AP;A437;ARQUATA DEL TRONTO;NonCap;S
Nord Est;Veneto;PD;A438;ARRE;NonCap;S
Centro;Umbria;TR;A439;ARRONE;NonCap;S
Nord Ovest;Lombardia;BG;A440;ARZAGO D`ADDA;NonCap;S
Nord Ovest;Lombardia;VA;A441;ARSAGO SEPRIO;NonCap;S
Nord Est;Veneto;BL;A443;ARSIE`;NonCap;S
Nord Est;Veneto;VI;A444;ARSIERO;NonCap;S
Sud;Abruzzo;TE;A445;ARSITA;NonCap;S
Centro;Lazio;RM;A446;ARSOLI;NonCap;S
Nord Est;Friuli- Venezia Giulia;UD;A447;ARTA TERME;NonCap;S
Nord Est;Friuli- Venezia Giulia;UD;A448;ARTEGNA;NonCap;S
Centro;Lazio;RM;A449;ARTENA;NonCap;S
Nord Ovest;Lombardia;BS;A451;ARTOGNE;NonCap;S
Nord Ovest;Valle d'Aosta;AO;A452;ARVIER;NonCap;S
Isole;Sardegna;SS;A453;ARZACHENA;NonCap;L
Isole;Sardegna;NU;A454;ARZANA;NonCap;S
Sud;Campania;NA;A455;ARZANO;NonCap;S
Nord Est;Veneto;PD;A458;ARZERGRANDE;NonCap;S
Nord Est;Veneto;VI;A459;ARZIGNANO;NonCap;M
Sud;Campania;SA;A460;ASCEA;NonCap;S
Centro;Toscana;SI;A461;ASCIANO;NonCap;S
Centro;Marche;AP;A462;ASCOLI PICENO;cap;L
Sud;Puglia;FG;A463;ASCOLI SATRIANO;NonCap;S
Centro;Lazio;RI;A464;ASCREA;NonCap;S
Nord Est;Veneto;VI;A465;ASIAGO;NonCap;M
Nord Ovest;Piemonte;VC;A466;ASIGLIANO VERCELLESE;NonCap;S
Nord Est;Veneto;VI;A467;ASIGLIANO VENETO;NonCap;S
Centro;Toscana;SI;A468;SINALUNGA;NonCap;S
Nord Ovest;Lombardia;MN;A470;ASOLA;NonCap;S
Nord Est;Veneto;TV;A471;ASOLO;NonCap;S
Centro;Lazio;RI;A472;CASPERIA;NonCap;S
Nord Ovest;Lombardia;MI;A473;ASSAGO;NonCap;M
Isole;Sardegna;CA;A474;ASSEMINI;NonCap;M
Centro;Umbria;PG;A475;ASSISI;NonCap;M
Nord Ovest;Lombardia;CO;A476;ASSO;NonCap;S
Isole;Sardegna;OR;A477;ASSOLO;NonCap;S
Isole;Sicilia;EN;A478;ASSORO;NonCap;S
Nord Ovest;Piemonte;AT;A479;ASTI;cap;L
Isole;Sardegna;OR;A480;ASUNI;NonCap;S
Sud;Abruzzo;AQ;A481;ATELETA;NonCap;S
Sud;Basilicata;PZ;A482;ATELLA;NonCap;S
Sud;Campania;SA;A484;ATENA LUCANA;NonCap;S
Sud;Abruzzo;CH;A485;ATESSA;NonCap;S
Centro;Lazio;FR;A486;ATINA;NonCap;S
Sud;Campania;SA;A487;ATRANI;NonCap;S
Sud;Abruzzo;TE;A488;ATRI;NonCap;S
Sud;Campania;AV;A489;ATRIPALDA;NonCap;S
Centro;Umbria;TR;A490;ATTIGLIANO;NonCap;S
Nord Est;Friuli- Venezia Giulia;UD;A491;ATTIMIS;NonCap;S
Isole;Sardegna;NU;A492;ATZARA;NonCap;S
Isole;Sicilia;SR;A494;AUGUSTA;NonCap;M
Sud;Campania;SA;A495;AULETTA;NonCap;S
Centro;Toscana;MS;A496;AULLA;NonCap;S
Nord Ovest;Piemonte;VB;A497;AURANO;NonCap;S
Nord Ovest;Liguria;IM;A499;AURIGO;NonCap;S
Nord Est;Veneto;BL;A501;AURONZO DI CADORE;NonCap;S
Centro;Lazio;FR;A502;AUSONIA;NonCap;S
Isole;Sardegna;NU;A503;AUSTIS;NonCap;S
Nord Ovest;Liguria;GE;A506;AVEGNO;NonCap;S
Sud;Campania;AV;A508;AVELLA;NonCap;S
Sud;Campania;AV;A509;AVELLINO;cap;L
Nord Ovest;Lombardia;BG;A511;AVERARA;NonCap;S
Sud;Campania;CE;A512;AVERSA;NonCap;L
Sud;Puglia;TA;A514;AVETRANA;NonCap;S
Sud;Abruzzo;AQ;A515;AVEZZANO;NonCap;M
Nord Est;Friuli- Venezia Giulia;PN;A516;AVIANO;NonCap;S
Nord Ovest;Lombardia;BG;A517;AVIATICO;NonCap;S
Nord Ovest;Piemonte;TO;A518;AVIGLIANA;NonCap;M
Sud;Basilicata;PZ;A519;AVIGLIANO;NonCap;S
Nord Ovest;Valle d'Aosta;AO;A521;AVISE;NonCap;S
Isole;Sicilia;SR;A522;AVOLA;NonCap;S
Nord Ovest;Piemonte;AL;A523;AVOLASCA;NonCap;S
Nord Ovest;Piemonte;TO;A525;AZEGLIO;NonCap;S
Nord Ovest;Lombardia;CR;A526;AZZANELLO;NonCap;S
Nord Ovest;Piemonte;AT;A527;AZZANO;NonCap;S
Nord Ovest;Lombardia;BG;A528;AZZANO SAN PAOLO;NonCap;S
Nord Ovest;Lombardia;BS;A529;AZZANO MELLA;NonCap;S
Nord Est;Friuli- Venezia Giulia;PN;A530;AZZANO DECIMO;NonCap;S
Nord Ovest;Lombardia;VA;A531;AZZATE;NonCap;S
Nord Ovest;Lombardia;VA;A532;AZZIO;NonCap;S
Nord Ovest;Lombardia;BG;A533;AZZONE;NonCap;S
Nord Ovest;Piemonte;VB;A534;BACENO;NonCap;S
Sud;Campania;NA;A535;BACOLI;NonCap;M
Nord Ovest;Liguria;IM;A536;BADALUCCO;NonCap;S
Nord Ovest;Lombardia;PV;A538;BADIA PAVESE;NonCap;S
Nord Est;Veneto;RO;A539;BADIA POLESINE;NonCap;S
Nord Est;Veneto;VR;A540;BADIA CALAVENA;NonCap;S
Centro;Toscana;AR;A541;BADIA TEDALDA;NonCap;S
Sud;Calabria;CZ;A542;BADOLATO;NonCap;S
Sud;Calabria;RC;A544;BAGALADI;NonCap;S
Isole;Sicilia;PA;A546;BAGHERIA;NonCap;M
Nord Est;Emilia-Romagna;RA;A547;BAGNACAVALLO;NonCap;M
Nord Ovest;Lombardia;PV;A550;BAGNARIA;NonCap;S
Nord Est;Emilia-Romagna;RA;A551;BAGNARA DI ROMAGNA;NonCap;S
Sud;Calabria;RC;A552;BAGNARA CALABRA;NonCap;S
Nord Est;Friuli- Venezia Giulia;UD;A553;BAGNARIA ARSA;NonCap;S
Nord Ovest;Piemonte;CN;A555;BAGNASCO;NonCap;S
Nord Ovest;Lombardia;BG;A557;BAGNATICA;NonCap;S
Centro;Toscana;LU;A560;BAGNI DI LUCCA;NonCap;S
Centro;Toscana;PT;A561;MONTECATINI TERME;NonCap;M
Centro;Toscana;PI;A562;SAN GIULIANO TERME;NonCap;L
Centro;Toscana;FI;A564;BAGNO A RIPOLI;NonCap;L
Nord Est;Emilia-Romagna;FO;A565;BAGNO DI ROMAGNA;NonCap;S
Sud;Campania;AV;A566;BAGNOLI IRPINO;NonCap;S
Sud;Molise;IS;A567;BAGNOLI DEL TRIGNO;NonCap;S
Nord Est;Veneto;PD;A568;BAGNOLI DI SOPRA;NonCap;S
Nord Ovest;Lombardia;BS;A569;BAGNOLO MELLA;NonCap;S
Nord Ovest;Lombardia;CR;A570;BAGNOLO CREMASCO;NonCap;S
Nord Ovest;Piemonte;CN;A571;BAGNOLO PIEMONTE;NonCap;S
Sud;Puglia;LE;A572;BAGNOLO DEL SALENTO;NonCap;S
Nord Est;Emilia-Romagna;RE;A573;BAGNOLO IN PIANO;NonCap;S
Nord Est;Veneto;RO;A574;BAGNOLO DI PO;NonCap;S
Nord Ovest;Lombardia;MN;A575;BAGNOLO SAN VITO;NonCap;S
Centro;Toscana;MS;A576;BAGNONE;NonCap;S
Centro;Lazio;VT;A577;BAGNOREGIO;NonCap;S
Nord Ovest;Lombardia;BS;A578;BAGOLINO;NonCap;S
Sud;Campania;CE;A579;BAIA E LATINA;NonCap;S
Sud;Campania;AV;A580;BAIANO;NonCap;S
Nord Ovest;Liguria;IM;A581;BAIARDO;NonCap;S
Nord Ovest;Piemonte;TO;A584;BAIRO;NonCap;S
Nord Est;Emilia-Romagna;RE;A586;BAISO;NonCap;S
Nord Ovest;Piemonte;TO;A587;BALANGERO;NonCap;S
Nord Ovest;Piemonte;AT;A588;BALDICHIERI D`ASTI;NonCap;S
Nord Ovest;Piemonte;CN;A589;BALDISSERO D`ALBA;NonCap;S
Nord Ovest;Piemonte;TO;A590;BALDISSERO CANAVESE;NonCap;S
Nord Ovest;Piemonte;TO;A591;BALDISSERO TORINESE;NonCap;S
Isole;Sicilia;PA;A592;BALESTRATE;NonCap;S
Nord Ovest;Liguria;SV;A593;BALESTRINO;NonCap;S
Nord Ovest;Lombardia;LC;A594;BALLABIO;NonCap;S
Isole;Sardegna;CA;A597;BALLAO;NonCap;S
Nord Ovest;Piemonte;TO;A599;BALME;NonCap;S
Nord Ovest;Piemonte;VC;A600;BALMUCCIA;NonCap;S
Nord Ovest;Piemonte;VC;A601;BALOCCO;NonCap;S
Sud;Abruzzo;AQ;A603;BALSORANO;NonCap;S
Sud;Basilicata;PZ;A604;BALVANO;NonCap;S
Nord Ovest;Piemonte;AL;A605;BALZOLA;NonCap;S
Isole;Sardegna;SS;A606;BANARI;NonCap;S
Nord Ovest;Piemonte;TO;A607;BANCHETTE;NonCap;S
Isole;Sardegna;OR;A609;VILLA VERDE;NonCap;S
Nord Ovest;Piemonte;VB;A610;BANNIO ANZINO;NonCap;S
Sud;Basilicata;PZ;A612;BANZI;NonCap;S
Nord Est;Veneto;PD;A613;BAONE;NonCap;S
Isole;Sardegna;OR;A614;BARADILI;NonCap;S
Sud;Basilicata;PZ;A615;BARAGIANO;NonCap;S
Sud;Molise;CB;A616;BARANELLO;NonCap;S
Sud;Campania;NA;A617;BARANO D`ISCHIA;NonCap;S
Nord Ovest;Lombardia;MI;A618;BARANZATE;NonCap;S
Nord Ovest;Lombardia;VA;A619;BARASSO;NonCap;S
Isole;Sardegna;OR;A621;BARATILI SAN PIETRO;NonCap;S
Nord Ovest;Piemonte;TO;A625;BARBANIA;NonCap;S
Centro;Marche;AN;A626;BARBARA;NonCap;S
Centro;Lazio;VT;A628;BARBARANO ROMANO;NonCap;S
Nord Ovest;Piemonte;CN;A629;BARBARESCO;NonCap;S
Nord Ovest;Lombardia;BS;A630;BARBARIGA;NonCap;S
Nord Ovest;Lombardia;BG;A631;BARBATA;NonCap;S
Centro;Toscana;FI;A632;BARBERINO DI MUGELLO;NonCap;M
Nord Ovest;Lombardia;PV;A634;BARBIANELLO;NonCap;S
Nord Est;Veneto;PD;A637;BARBONA;NonCap;S
Isole;Sicilia;ME;A638;BARCELLONA POZZO GOTTO;NonCap;S
Nord Est;Friuli- Venezia Giulia;PN;A640;BARCIS;NonCap;S
Nord Ovest;Valle d'Aosta;AO;A643;BARD;NonCap;S
Nord Est;Emilia-Romagna;PR;A646;BARDI;NonCap;S
Nord Ovest;Liguria;SV;A647;BARDINETO;NonCap;S
Nord Est;Veneto;VR;A650;BARDOLINO;NonCap;M
Nord Ovest;Piemonte;TO;A651;BARDONECCHIA;NonCap;M
Nord Ovest;Lombardia;MI;A652;BAREGGIO;NonCap;M
Nord Ovest;Piemonte;NO;A653;BARENGO;NonCap;S
Isole;Sardegna;OR;A655;BARESSA;NonCap;S
Sud;Abruzzo;AQ;A656;BARETE;NonCap;S
Centro;Toscana;LU;A657;BARGA;NonCap;S
Nord Ovest;Liguria;GE;A658;BARGAGLI;NonCap;S
Nord Ovest;Piemonte;CN;A660;BARGE;NonCap;S
Nord Ovest;Lombardia;BS;A661;BARGHE;NonCap;S
Sud;Puglia;BA;A662;BARI;cap;XL
Isole;Sardegna;NU;A663;BARI SARDO;NonCap;S
Nord Ovest;Lombardia;BG;A664;BARIANO;NonCap;S
Nord Est;Emilia-Romagna;BO;A665;BARICELLA;NonCap;S
Sud;Basilicata;PZ;A666;BARILE;NonCap;S
Sud;Abruzzo;AQ;A667;BARISCIANO;NonCap;S
Nord Ovest;Lombardia;MI;A668;BARLASSINA;NonCap;S
Sud;Puglia;BA;A669;BARLETTA;NonCap;L
Nord Ovest;Lombardia;CO;A670;BARNI;NonCap;S
Nord Ovest;Piemonte;CN;A671;BAROLO;NonCap;S
Nord Ovest;Piemonte;TO;A673;BARONE CANAVESE;NonCap;S
Sud;Campania;SA;A674;BARONISSI;NonCap;M
Isole;Sicilia;EN;A676;BARRAFRANCA;NonCap;S
Isole;Sardegna;CA;A677;BARRALI;NonCap;S
Sud;Abruzzo;AQ;A678;BARREA;NonCap;S
Isole;Sardegna;CA;A681;BARUMINI;NonCap;S
Nord Ovest;Lombardia;LC;A683;BARZAGO;NonCap;S
Nord Ovest;Lombardia;BG;A684;BARZANA;NonCap;S
Nord Ovest;Lombardia;LC;A686;BARZANO`;NonCap;S
Nord Ovest;Lombardia;LC;A687;BARZIO;NonCap;S
Nord Ovest;Piemonte;AL;A689;BASALUZZO;NonCap;S
Nord Ovest;Lombardia;PV;A690;BASCAPE;NonCap;S
Centro;Umbria;TR;A691;BASCHI;NonCap;S
Sud;Abruzzo;TE;A692;BASCIANO;NonCap;S
Sud;Campania;BN;A696;BASELICE;NonCap;S
Nord Ovest;Lombardia;MI;A697;BASIANO;NonCap;S
Isole;Sicilia;ME;A698;BASICO`;NonCap;S
Nord Ovest;Lombardia;MI;A699;BASIGLIO;NonCap;M
Nord Est;Friuli- Venezia Giulia;UD;A700;BASILIANO;NonCap;S
Centro;Lazio;VT;A701;VASANELLO;NonCap;S
Nord Ovest;Lombardia;BS;A702;BASSANO BRESCIANO;NonCap;S
Nord Est;Veneto;VI;A703;BASSANO DEL GRAPPA;NonCap;L
Centro;Lazio;VT;A704;BASSANO ROMANO;NonCap;S
Nord Ovest;Lombardia;VA;A705;TRONZANO LAGO MAGGIORE;NonCap;S
Centro;Lazio;VT;A706;BASSANO IN TEVERINA;NonCap;S
Centro;Lazio;LT;A707;BASSIANO;NonCap;S
Nord Ovest;Piemonte;AL;A708;BASSIGNANA;NonCap;S
Nord Ovest;Piemonte;CN;A709;BASTIA MONDOVI;NonCap;S
Centro;Umbria;PG;A710;BASTIA UMBRA;NonCap;M
Nord Ovest;Lombardia;PV;A712;BASTIDA PANCARANA;NonCap;S
Nord Est;Emilia-Romagna;MO;A713;BASTIGLIA;NonCap;S
Nord Est;Veneto;PD;A714;BATTAGLIA TERME;NonCap;S
Nord Ovest;Piemonte;CN;A716;BATTIFOLLO;NonCap;S
Sud;Campania;SA;A717;BATTIPAGLIA;NonCap;M
Nord Ovest;Lombardia;PV;A718;BATTUDA;NonCap;S
Isole;Sicilia;PA;A719;BAUCINA;NonCap;S
Centro;Lazio;FR;A720;BOVILLE ERNICA;NonCap;S
Isole;Sardegna;OR;A721;BAULADU;NonCap;S
Isole;Sardegna;NU;A722;BAUNEI;NonCap;S
Nord Ovest;Piemonte;VB;A725;BAVENO;NonCap;S
Nord Ovest;Lombardia;VA;A728;BEDERO VALCUVIA;NonCap;S
Nord Ovest;Lombardia;BS;A729;BEDIZZOLE;NonCap;S
Nord Est;Emilia-Romagna;PR;A731;BEDONIA;NonCap;S
Nord Ovest;Lombardia;BG;A732;BEDULITA;NonCap;S
Nord Ovest;Piemonte;VB;A733;BEE;NonCap;S
Nord Ovest;Piemonte;TO;A734;BEINASCO;NonCap;M
Nord Ovest;Piemonte;CN;A735;BEINETTE;NonCap;S
Sud;Calabria;CZ;A736;BELCASTRO;NonCap;S
Nord Est;Veneto;VR;A737;BELFIORE;NonCap;S
Nord Ovest;Piemonte;AL;A738;BELFORTE MONFERRATO;NonCap;S
Centro;Marche;MC;A739;BELFORTE DEL CHIENTI;NonCap;S
Centro;Marche;PS;A740;BELFORTE ALL`ISAURO;NonCap;S
Nord Ovest;Lombardia;PV;A741;BELGIOIOSO;NonCap;S
Nord Ovest;Piemonte;VB;A742;BELGIRATE;NonCap;S
Sud;Basilicata;PZ;A743;BELLA;NonCap;S
Nord Ovest;Lombardia;LC;A745;BELLANO;NonCap;S
Sud;Abruzzo;TE;A746;BELLANTE;NonCap;S
Nord Est;Emilia-Romagna;RN;A747;BELLARIA IGEA MARINA;NonCap;M
Centro;Lazio;RM;A749;BELLEGRA;NonCap;S
Nord Ovest;Piemonte;CN;A750;BELLINO;NonCap;S
Nord Ovest;Lombardia;MI;A751;BELLINZAGO LOMBARDO;NonCap;S
Nord Ovest;Piemonte;NO;A752;BELLINZAGO NOVARESE;NonCap;S
Sud;Campania;CE;A755;BELLONA;NonCap;S
Sud;Campania;SA;A756;BELLOSGUARDO;NonCap;S
Nord Est;Veneto;BL;A757;BELLUNO;cap;M
Nord Ovest;Lombardia;MI;A759;BELLUSCO;NonCap;S
Centro;Marche;AP;A760;BELMONTE PICENO;NonCap;S
Sud;Molise;IS;A761;BELMONTE DEL SANNIO;NonCap;S
Sud;Calabria;CS;A762;BELMONTE CALABRO;NonCap;S
Centro;Lazio;FR;A763;BELMONTE CASTELLO;NonCap;S
Isole;Sicilia;PA;A764;BELMONTE MEZZAGNO;NonCap;S
Centro;Lazio;RI;A765;BELMONTE IN SABINA;NonCap;S
Isole;Sicilia;CT;A766;BELPASSO;NonCap;S
Sud;Calabria;CS;A768;BELSITO;NonCap;S
Centro;Marche;AN;A769;BELVEDERE OSTRENSE;NonCap;S
Nord Ovest;Piemonte;AT;A770;BELVEGLIO;NonCap;S
Nord Est;Emilia-Romagna;BO;A771;LIZZANO IN BELVEDERE;NonCap;S
Sud;Calabria;KR;A772;BELVEDERE DI SPINELLO;NonCap;S
Sud;Calabria;CS;A773;BELVEDERE MARITTIMO;NonCap;S
Nord Ovest;Piemonte;CN;A774;BELVEDERE LANGHE;NonCap;S
Isole;Sardegna;NU;A776;BELVI;NonCap;S
Nord Ovest;Lombardia;SO;A777;BEMA;NonCap;S
Nord Ovest;Lombardia;CO;A778;BENE LARIO;NonCap;S
Nord Ovest;Piemonte;CN;A779;BENE VAGIENNA;NonCap;S
Sud;Calabria;RC;A780;BENESTARE;NonCap;S
Isole;Sardegna;SS;A781;BENETUTTI;NonCap;S
Nord Ovest;Piemonte;CN;A782;BENEVELLO;NonCap;S
Sud;Campania;BN;A783;BENEVENTO;cap;L
Nord Ovest;Piemonte;BI;A784;BENNA;NonCap;S
Nord Est;Emilia-Romagna;BO;A785;BENTIVOGLIO;NonCap;S
Nord Ovest;Lombardia;BG;A786;BERBENNO;NonCap;S
Nord Ovest;Lombardia;SO;A787;BERBENNO DI VALTELLINA;NonCap;S
Nord Est;Emilia-Romagna;PR;A788;BERCETO;NonCap;S
Isole;Sardegna;SS;A789;BERCHIDDA;NonCap;S
Nord Ovest;Lombardia;CO;A791;BEREGAZZO CON FIGLIARO;NonCap;S
Nord Ovest;Lombardia;PV;A792;BEREGUARDO;NonCap;S
Nord Ovest;Piemonte;AL;A793;BERGAMASCO;NonCap;S
Nord Ovest;Lombardia;BG;A794;BERGAMO;cap;L
Nord Est;Veneto;RO;A795;BERGANTINO;NonCap;S
Nord Ovest;Liguria;SV;A796;BERGEGGI;NonCap;S
Nord Ovest;Piemonte;CN;A798;BERGOLO;NonCap;S
Nord Ovest;Lombardia;BS;A799;BERLINGO;NonCap;S
Sud;Basilicata;MT;A801;BERNALDA;NonCap;S
Nord Ovest;Lombardia;MI;A802;BERNAREGGIO;NonCap;M
Nord Ovest;Lombardia;MI;A804;BERNATE TICINO;NonCap;S
Nord Ovest;Piemonte;CN;A805;BERNEZZO;NonCap;S
Nord Est;Emilia-Romagna;FO;A809;BERTINORO;NonCap;M
Nord Est;Friuli- Venezia Giulia;UD;A810;BERTIOLO;NonCap;S
Nord Ovest;Lombardia;LO;A811;BERTONICO;NonCap;S
Nord Ovest;Piemonte;AT;A812;BERZANO DI SAN PIETRO;NonCap;S
Nord Ovest;Piemonte;AL;A813;BERZANO DI TORTONA;NonCap;S
Nord Ovest;Lombardia;BG;A815;BERZO SAN FERMO;NonCap;S
Nord Ovest;Lombardia;BS;A816;BERZO DEMO;NonCap;S
Nord Ovest;Lombardia;BS;A817;BERZO INFERIORE;NonCap;S
Nord Ovest;Lombardia;MI;A818;BESANA IN BRIANZA;NonCap;M
Nord Ovest;Lombardia;VA;A819;BESANO;NonCap;S
Nord Ovest;Lombardia;MI;A820;BESATE;NonCap;S
Nord Est;Emilia-Romagna;PC;A823;BESENZONE;NonCap;S
Nord Ovest;Lombardia;VA;A825;BESNATE;NonCap;S
Nord Ovest;Lombardia;VA;A826;BESOZZO;NonCap;S
Isole;Sardegna;SS;A827;BESSUDE;NonCap;S
Nord Est;Emilia-Romagna;PC;A831;BETTOLA;NonCap;S
Centro;Umbria;PG;A832;BETTONA;NonCap;S
Nord Ovest;Piemonte;VB;A834;BEURA CARDEZZA;NonCap;S
Centro;Umbria;PG;A835;BEVAGNA;NonCap;S
Nord Ovest;Liguria;SP;A836;BEVERINO;NonCap;S
Nord Est;Veneto;VR;A837;BEVILACQUA;NonCap;S
Isole;Sicilia;CT;A841;BIANCAVILLA;NonCap;S
Sud;Calabria;CS;A842;BIANCHI;NonCap;S
Sud;Calabria;RC;A843;BIANCO;NonCap;S
Nord Ovest;Piemonte;NO;A844;BIANDRATE;NonCap;S
Nord Ovest;Lombardia;VA;A845;BIANDRONNO;NonCap;S
Nord Ovest;Lombardia;BG;A846;BIANZANO;NonCap;S
Nord Ovest;Piemonte;VC;A847;BIANZE;NonCap;S
Nord Ovest;Lombardia;SO;A848;BIANZONE;NonCap;S
Nord Ovest;Lombardia;MI;A849;BIASSONO;NonCap;M
Nord Est;Emilia-Romagna;RE;A850;BIBBIANO;NonCap;S
Centro;Toscana;AR;A851;BIBBIENA;NonCap;S
Centro;Toscana;LI;A852;BIBBONA;NonCap;S
Nord Ovest;Piemonte;TO;A853;BIBIANA;NonCap;S
Sud;Puglia;FG;A854;BICCARI;NonCap;S
Nord Est;Friuli- Venezia Giulia;UD;A855;BICINICCO;NonCap;S
Isole;Sardegna;OR;A856;BIDONI`;NonCap;S
Centro;Lazio;VT;A857;BLERA;NonCap;S
Nord Ovest;Piemonte;BI;A859;BIELLA;cap;L
Nord Ovest;Lombardia;BS;A861;BIENNO;NonCap;S
Centro;Toscana;PI;A864;BIENTINA;NonCap;S
Nord Ovest;Lombardia;CO;A870;BINAGO;NonCap;S
Nord Ovest;Lombardia;MI;A872;BINASCO;NonCap;S
Sud;Puglia;BA;A874;BINETTO;NonCap;S
Nord Ovest;Piemonte;BI;A876;BIOGLIO;NonCap;S
Nord Ovest;Valle d'Aosta;AO;A877;BIONAZ;NonCap;S
Nord Ovest;Lombardia;BS;A878;BIONE;NonCap;S
Isole;Sardegna;NU;A880;BIRORI;NonCap;S
Sud;Campania;AV;A881;BISACCIA;NonCap;S
Isole;Sicilia;PA;A882;BISACQUINO;NonCap;S
Sud;Puglia;BA;A883;BISCEGLIE;NonCap;L
Sud;Abruzzo;AQ;A884;BISEGNA;NonCap;S
Sud;Abruzzo;TE;A885;BISENTI;NonCap;S
Sud;Calabria;CS;A887;BISIGNANO;NonCap;S
Nord Ovest;Piemonte;AL;A889;BISTAGNO;NonCap;S
Nord Ovest;Lombardia;VA;A891;BISUSCHIO;NonCap;S
Sud;Puglia;BA;A892;BITETTO;NonCap;S
Sud;Puglia;BA;A893;BITONTO;NonCap;L
Sud;Puglia;BA;A894;BITRITTO;NonCap;S
Isole;Sardegna;NU;A895;BITTI;NonCap;S
Isole;Sicilia;AG;A896;BIVONA;NonCap;S
Sud;Calabria;RC;A897;BIVONGI;NonCap;S
Nord Ovest;Lombardia;CO;A898;BIZZARONE;NonCap;S
Nord Ovest;Lombardia;BG;A903;BLELLO;NonCap;S
Nord Ovest;Lombardia;CO;A904;BLESSAGNO;NonCap;S
Nord Ovest;Lombardia;CO;A905;BLEVIO;NonCap;S
Nord Est;Veneto;PD;A906;BOARA PISANI;NonCap;S
Nord Est;Emilia-Romagna;PC;A909;BOBBIO;NonCap;S
Nord Ovest;Piemonte;TO;A910;BOBBIO PELLICE;NonCap;S
Nord Ovest;Piemonte;NO;A911;BOCA;NonCap;S
Sud;Calabria;CS;A912;BOCCHIGLIERO;NonCap;S
Nord Ovest;Piemonte;VC;A914;BOCCIOLETO;NonCap;S
Nord Ovest;Lombardia;VA;A918;BODIO LOMNAGO;NonCap;S
Nord Ovest;Lombardia;LO;A919;BOFFALORA D`ADDA;NonCap;S
Nord Ovest;Lombardia;MI;A920;BOFFALORA SOPRA TICINO;NonCap;S
Nord Ovest;Liguria;GE;A922;BOGLIASCO;NonCap;S
Nord Ovest;Piemonte;VB;A925;BOGNANCO;NonCap;S
Nord Ovest;Piemonte;NO;A929;BOGOGNO;NonCap;S
Sud;Molise;CB;A930;BOIANO;NonCap;S
Nord Ovest;Liguria;SV;A931;BOISSANO;NonCap;S
Nord Ovest;Liguria;SP;A932;BOLANO;NonCap;S
Nord Ovest;Lombardia;BG;A937;BOLGARE;NonCap;S
Nord Ovest;Lombardia;MI;A940;BOLLATE;NonCap;L
Nord Ovest;Piemonte;TO;A941;BOLLENGO;NonCap;S
Sud;Basilicata;MT;A942;NOVA SIRI;NonCap;S
Nord Est;Emilia-Romagna;BO;A944;BOLOGNA;cap;XL
Sud;Abruzzo;PE;A945;BOLOGNANO;NonCap;S
Isole;Sicilia;PA;A946;BOLOGNETTA;NonCap;S
Centro;Marche;MC;A947;BOLOGNOLA;NonCap;S
Isole;Sardegna;NU;A948;BOLOTANA;NonCap;S
Centro;Lazio;VT;A949;BOLSENA;NonCap;S
Nord Ovest;Lombardia;BG;A950;BOLTIERE;NonCap;S
Nord Ovest;Piemonte;NO;A953;BOLZANO NOVARESE;NonCap;S
Nord Est;Veneto;VI;A954;BOLZANO VICENTINO;NonCap;S
Centro;Lazio;VT;A955;BOMARZO;NonCap;S
Sud;Abruzzo;CH;A956;BOMBA;NonCap;S
Isole;Sicilia;CL;A957;BOMPENSIERE;NonCap;S
Isole;Sicilia;PA;A958;BOMPIETRO;NonCap;S
Nord Est;Emilia-Romagna;MO;A959;BOMPORTO;NonCap;S
Isole;Sardegna;OR;A960;BONARCADO;NonCap;S
Nord Ovest;Liguria;SP;A961;BONASSOLA;NonCap;S
Nord Ovest;Lombardia;BG;A962;BONATE SOTTO;NonCap;S
Nord Ovest;Lombardia;BG;A963;BONATE SOPRA;NonCap;M
Nord Est;Veneto;VR;A964;BONAVIGO;NonCap;S
Nord Est;Emilia-Romagna;FE;A965;BONDENO;NonCap;S
Sud;Campania;BN;A970;BONEA;NonCap;S
Sud;Molise;CB;A971;BONEFRO;NonCap;S
Nord Ovest;Lombardia;CR;A972;BONEMERSE;NonCap;S
Sud;Calabria;CS;A973;BONIFATI;NonCap;S
Sud;Campania;AV;A975;BONITO;NonCap;S
Isole;Sardegna;SS;A976;BONNANARO;NonCap;S
Isole;Sardegna;SS;A977;BONO;NonCap;S
Isole;Sardegna;SS;A978;BONORVA;NonCap;S
Nord Ovest;Piemonte;CN;A979;BONVICINO;NonCap;S
Centro;Lazio;RI;A981;BORBONA;NonCap;S
Nord Est;Veneto;BL;A982;BORCA DI CADORE;NonCap;S
Nord Est;Friuli- Venezia Giulia;UD;A983;BORDANO;NonCap;S
Nord Ovest;Liguria;IM;A984;BORDIGHERA;NonCap;L
Nord Ovest;Lombardia;CR;A986;BORDOLANO;NonCap;S
Nord Est;Emilia-Romagna;PR;A987;BORE;NonCap;S
Nord Est;Emilia-Romagna;RE;A988;BORETTO;NonCap;S
Nord Ovest;Lombardia;PV;A989;BORGARELLO;NonCap;S
Nord Ovest;Piemonte;TO;A990;BORGARO TORINESE;NonCap;M
Isole;Sicilia;PA;A991;BORGETTO;NonCap;S
Nord Ovest;Liguria;SP;A992;BORGHETTO DI VARA;NonCap;S
Nord Ovest;Liguria;IM;A993;BORGHETTO D`ARROSCIA;NonCap;S
Nord Ovest;Lombardia;LO;A995;BORGHETTO LODIGIANO;NonCap;S
Centro;Lazio;RI;A996;BORGO VELINO;NonCap;S
Nord Ovest;Piemonte;AL;A998;BORGHETTO DI BORBERA;NonCap;S
Nord Ovest;Liguria;SV;A999;BORGHETTO SANTO SPIRITO;NonCap;M
Nord Est;Emilia-Romagna;FO;B001;BORGHI;NonCap;S
Sud;Calabria;CZ;B002;BORGIA;NonCap;S
Nord Ovest;Piemonte;TO;B003;BORGIALLO;NonCap;S
Nord Ovest;Liguria;SV;B005;BORGIO-VEREZZI;NonCap;S
Centro;Toscana;LU;B007;BORGO A MOZZANO;NonCap;S
Centro;Lazio;RI;B008;BORGOROSE;NonCap;S
Nord Ovest;Piemonte;VC;B009;BORGO D`ALE;NonCap;S
Nord Ovest;Lombardia;BG;B010;BORGO DI TERZO;NonCap;S
Nord Ovest;Lombardia;MN;B012;MOTTEGGIANA;NonCap;S
Nord Ovest;Lombardia;PV;B014;SUARDI;NonCap;S
Nord Ovest;Piemonte;TO;B015;BORGOFRANCO D`IVREA;NonCap;S
Nord Ovest;Piemonte;NO;B016;BORGOLAVEZZARO;NonCap;S
Nord Ovest;Lombardia;LO;B017;BORGO SAN GIOVANNI;NonCap;S
Nord Ovest;Piemonte;CN;B018;BORGOMALE;NonCap;S
Nord Ovest;Piemonte;NO;B019;BORGOMANERO;NonCap;S
Nord Ovest;Liguria;IM;B020;BORGOMARO;NonCap;S
Nord Ovest;Piemonte;TO;B021;BORGOMASINO;NonCap;S
Nord Ovest;Piemonte;TO;B024;BORGONE SUSA;NonCap;S
Nord Est;Emilia-Romagna;PC;B025;BORGONOVO VAL TIDONE;NonCap;S
Centro;Marche;PS;B026;BORGO PACE;NonCap;S
Nord Ovest;Lombardia;PV;B028;BORGO PRIOLO;NonCap;S
Nord Ovest;Piemonte;AL;B029;BORGORATTO ALESSANDRINO;NonCap;S
Nord Ovest;Lombardia;PV;B030;BORGORATTO MORMOROLO;NonCap;S
Nord Est;Veneto;PD;B031;BORGORICCO;NonCap;S
Nord Ovest;Piemonte;CN;B033;BORGO SAN DALMAZZO;NonCap;M
Nord Est;Emilia-Romagna;PR;B034;FIDENZA;NonCap;M
Nord Ovest;Lombardia;BS;B035;BORGO SAN GIACOMO;NonCap;S
Centro;Toscana;FI;B036;BORGO SAN LORENZO;NonCap;M
Nord Ovest;Piemonte;AL;B037;BORGO SAN MARTINO;NonCap;S
Nord Ovest;Lombardia;PV;B038;BORGO SAN SIRO;NonCap;S
Nord Ovest;Lombardia;BS;B040;BORGOSATOLLO;NonCap;S
Nord Ovest;Piemonte;VC;B041;BORGOSESIA;NonCap;S
Nord Est;Emilia-Romagna;PR;B042;BORGO VAL DI TARO;NonCap;S
Nord Ovest;Piemonte;NO;B043;BORGO TICINO;NonCap;S
Nord Est;Emilia-Romagna;BO;B044;BORGO TOSSIGNANO;NonCap;S
Nord Ovest;Piemonte;VC;B046;BORGO VERCELLI;NonCap;S
Nord Ovest;Liguria;SV;B048;BORMIDA;NonCap;S
Nord Ovest;Lombardia;SO;B049;BORMIO;NonCap;M
Nord Ovest;Lombardia;PV;B051;BORNASCO;NonCap;S
Nord Ovest;Lombardia;BS;B054;BORNO;NonCap;S
Isole;Sardegna;OR;B055;BORONEDDU;NonCap;S
Isole;Sardegna;NU;B056;BORORE;NonCap;S
Sud;Abruzzo;CH;B057;BORRELLO;NonCap;S
Nord Ovest;Piemonte;BI;B058;BORRIANA;NonCap;S
Nord Est;Veneto;TV;B061;BORSO DEL GRAPPA;NonCap;S
Isole;Sardegna;NU;B062;BORTIGALI;NonCap;S
Isole;Sardegna;SS;B063;BORTIGIADAS;NonCap;S
Isole;Sardegna;SS;B064;BORUTTA;NonCap;S
Nord Ovest;Liguria;GE;B067;BORZONASCA;NonCap;S
Isole;Sardegna;NU;B068;BOSA;NonCap;S
Nord Est;Veneto;RO;B069;BOSARO;NonCap;S
Nord Est;Veneto;VR;B070;BOSCHI SANT`ANNA;NonCap;S
Nord Ovest;Piemonte;AL;B071;BOSCO MARENGO;NonCap;S
Nord Est;Veneto;VR;B073;BOSCO CHIESANUOVA;NonCap;S
Nord Ovest;Piemonte;TO;B075;BOSCONERO;NonCap;S
Sud;Campania;NA;B076;BOSCOREALE;NonCap;S
Sud;Campania;NA;B077;BOSCOTRECASE;NonCap;S
Nord Ovest;Piemonte;CN;B079;BOSIA;NonCap;S
Nord Ovest;Piemonte;AL;B080;BOSIO;NonCap;S
Nord Ovest;Lombardia;LC;B081;BOSISIO PARINI;NonCap;S
Nord Ovest;Lombardia;PV;B082;BOSNASCO;NonCap;S
Nord Ovest;Lombardia;BG;B083;BOSSICO;NonCap;S
Nord Ovest;Piemonte;CN;B084;BOSSOLASCO;NonCap;S
Sud;Calabria;CZ;B085;BOTRICELLO;NonCap;S
Sud;Puglia;LE;B086;BOTRUGNO;NonCap;S
Nord Ovest;Lombardia;BG;B088;BOTTANUCO;NonCap;S
Nord Ovest;Lombardia;BS;B091;BOTTICINO;NonCap;S
Isole;Sardegna;SS;B094;BOTTIDDA;NonCap;S
Sud;Calabria;RC;B097;BOVA;NonCap;S
Sud;Calabria;RC;B098;BOVALINO;NonCap;S
Sud;Calabria;RC;B099;BOVA MARINA;NonCap;S
Nord Ovest;Lombardia;BS;B100;BOVEGNO;NonCap;S
Nord Ovest;Piemonte;CN;B101;BOVES;NonCap;S
Nord Ovest;Lombardia;BS;B102;BOVEZZO;NonCap;S
Sud;Puglia;FG;B104;BOVINO;NonCap;S
Nord Ovest;Lombardia;MI;B105;BOVISIO MASCIAGO;NonCap;M
Nord Est;Veneto;PD;B106;BOVOLENTA;NonCap;S
Nord Est;Veneto;VR;B107;BOVOLONE;NonCap;S
Nord Ovest;Piemonte;AL;B109;BOZZOLE;NonCap;S
Nord Ovest;Lombardia;MN;B110;BOZZOLO;NonCap;S
Nord Ovest;Piemonte;CN;B111;BRA;NonCap;M
Nord Ovest;Lombardia;BG;B112;BRACCA;NonCap;S
Centro;Lazio;RM;B114;BRACCIANO;NonCap;M
Sud;Campania;SA;B115;BRACIGLIANO;NonCap;S
Nord Ovest;Lombardia;PV;B117;BRALLO DI PREGOLA;NonCap;S
Sud;Calabria;RC;B118;BRANCALEONE;NonCap;S
Nord Ovest;Lombardia;BS;B120;BRANDICO;NonCap;S
Nord Ovest;Piemonte;TO;B121;BRANDIZZO;NonCap;S
Nord Ovest;Lombardia;BG;B123;BRANZI;NonCap;S
Nord Ovest;Lombardia;BS;B124;BRAONE;NonCap;S
Nord Ovest;Lombardia;VA;B126;BREBBIA;NonCap;S
Nord Est;Veneto;TV;B128;BREDA DI PIAVE;NonCap;S
Nord Ovest;Lombardia;CR;B129;CASTELVERDE;NonCap;S
Nord Est;Veneto;VI;B132;BREGANZE;NonCap;S
Nord Ovest;Lombardia;CO;B134;BREGNANO;NonCap;S
Nord Ovest;Lombardia;BG;B137;BREMBATE;NonCap;S
Nord Ovest;Lombardia;BG;B138;BREMBATE DI SOPRA;NonCap;S
Nord Ovest;Lombardia;LO;B141;BREMBIO;NonCap;S
Nord Ovest;Lombardia;PV;B142;BREME;NonCap;S
Nord Est;Veneto;VI;B143;BRENDOLA;NonCap;S
Nord Ovest;Lombardia;CO;B144;BRENNA;NonCap;S
Nord Ovest;Lombardia;BS;B149;BRENO;NonCap;S
Nord Ovest;Lombardia;VA;B150;BRENTA;NonCap;S
Nord Est;Veneto;VR;B152;BRENTINO BELLUNO;NonCap;S
Nord Est;Veneto;VR;B154;BRENZONE;NonCap;S
Nord Est;Emilia-Romagna;RE;B156;BRESCELLO;NonCap;S
Nord Ovest;Lombardia;BS;B157;BRESCIA;cap;XL
Nord Ovest;Lombardia;PV;B159;BRESSANA BOTTARONE;NonCap;S
Nord Est;Veneto;VI;B161;BRESSANVIDO;NonCap;S
Nord Ovest;Lombardia;MI;B162;BRESSO;NonCap;M
Nord Ovest;Lombardia;VA;B166;BREZZO DI BEDERO;NonCap;S
Nord Ovest;Piemonte;CN;B167;BRIAGLIA;NonCap;S
Sud;Calabria;VV;B169;BRIATICO;NonCap;S
Nord Ovest;Piemonte;TO;B171;BRICHERASIO;NonCap;S
Nord Ovest;Lombardia;CO;B172;BRIENNO;NonCap;S
Sud;Basilicata;PZ;B173;BRIENZA;NonCap;S
Nord Ovest;Piemonte;CN;B175;BRIGA ALTA;NonCap;S
Nord Ovest;Piemonte;NO;B176;BRIGA NOVARESE;NonCap;S
Nord Ovest;Lombardia;BG;B178;BRIGNANO GERA D`ADDA;NonCap;S
Nord Ovest;Piemonte;AL;B179;BRIGNANO-FRASCATA;NonCap;S
Sud;Puglia;BR;B180;BRINDISI;cap;L
Sud;Basilicata;PZ;B181;BRINDISI MONTAGNA;NonCap;S
Nord Ovest;Lombardia;VA;B182;BRINZIO;NonCap;S
Nord Ovest;Piemonte;NO;B183;BRIONA;NonCap;S
Nord Ovest;Lombardia;BS;B184;BRIONE;NonCap;S
Nord Ovest;Lombardia;MI;B187;BRIOSCO;NonCap;S
Nord Est;Emilia-Romagna;RA;B188;BRISIGHELLA;NonCap;S
Nord Ovest;Lombardia;VA;B191;BRISSAGO-VALTRAVAGLIA;NonCap;S
Nord Ovest;Valle d'Aosta;AO;B192;BRISSOGNE;NonCap;S
Sud;Abruzzo;PE;B193;BRITTOLI;NonCap;S
Nord Ovest;Lombardia;LC;B194;BRIVIO;NonCap;S
Centro;Lazio;FR;B195;BROCCOSTELLA;NonCap;S
Nord Est;Veneto;VI;B196;BROGLIANO;NonCap;S
Sud;Calabria;VV;B197;BROGNATURO;NonCap;S
Isole;Sicilia;ME;B198;BROLO;NonCap;S
Nord Ovest;Piemonte;CN;B200;BRONDELLO;NonCap;S
Nord Ovest;Lombardia;PV;B201;BRONI;NonCap;S
Isole;Sicilia;CT;B202;BRONTE;NonCap;S
Nord Ovest;Piemonte;CN;B204;BROSSASCO;NonCap;S
Nord Ovest;Piemonte;TO;B205;BROSSO;NonCap;S
Nord Ovest;Piemonte;VB;B207;BROVELLO CARPUGNINO;NonCap;S
Nord Ovest;Piemonte;TO;B209;BROZOLO;NonCap;S
Nord Ovest;Lombardia;MI;B212;BRUGHERIO;NonCap;L
Nord Est;Veneto;PD;B213;BRUGINE;NonCap;S
Nord Ovest;Liguria;SP;B214;BRUGNATO;NonCap;S
Nord Est;Friuli- Venezia Giulia;PN;B215;BRUGNERA;NonCap;S
Nord Ovest;Piemonte;TO;B216;BRUINO;NonCap;S
Nord Ovest;Lombardia;BG;B217;BRUMANO;NonCap;S
Nord Ovest;Lombardia;CO;B218;BRUNATE;NonCap;S
Nord Ovest;Lombardia;VA;B219;BRUNELLO;NonCap;S
Nord Ovest;Piemonte;AT;B221;BRUNO;NonCap;S
Nord Ovest;Lombardia;BG;B223;BRUSAPORTO;NonCap;S
Nord Ovest;Piemonte;TO;B225;BRUSASCO;NonCap;S
Sud;Campania;NA;B227;BRUSCIANO;NonCap;S
Nord Ovest;Lombardia;VA;B228;BRUSIMPIANO;NonCap;S
Nord Ovest;Piemonte;BI;B229;BRUSNENGO;NonCap;S
Nord Ovest;Valle d'Aosta;AO;B230;BRUSSON;NonCap;S
Nord Ovest;Piemonte;TO;B232;BRUZOLO;NonCap;S
Sud;Calabria;RC;B234;BRUZZANO ZEFFIRIO;NonCap;S
Nord Ovest;Lombardia;MI;B235;BUBBIANO;NonCap;S
Nord Ovest;Piemonte;AT;B236;BUBBIO;NonCap;S
Isole;Sicilia;SR;B237;BUCCHERI;NonCap;S
Sud;Abruzzo;CH;B238;BUCCHIANICO;NonCap;S
Sud;Campania;BN;B239;BUCCIANO;NonCap;S
Nord Ovest;Lombardia;MI;B240;BUCCINASCO;NonCap;L
Sud;Campania;SA;B242;BUCCINO;NonCap;S
Centro;Toscana;AR;B243;BUCINE;NonCap;S
Isole;Sardegna;SS;B246;BUDDUSO`;NonCap;S
Nord Est;Friuli- Venezia Giulia;PN;B247;BUDOIA;NonCap;S
Isole;Sardegna;NU;B248;BUDONI;NonCap;M
Nord Est;Emilia-Romagna;BO;B249;BUDRIO;NonCap;M
Isole;Sardegna;CA;B250;BUGGERRU;NonCap;S
Centro;Toscana;PT;B251;BUGGIANO;NonCap;S
Nord Ovest;Lombardia;SO;B255;BUGLIO IN MONTE;NonCap;S
Sud;Abruzzo;AQ;B256;BUGNARA;NonCap;S
Nord Ovest;Lombardia;VA;B258;BUGUGGIATE;NonCap;S
Nord Est;Friuli- Venezia Giulia;UD;B259;BUJA;NonCap;S
Nord Ovest;Lombardia;LC;B261;BULCIAGO;NonCap;S
Nord Ovest;Lombardia;CO;B262;BULGAROGRASSO;NonCap;S
Isole;Sardegna;SS;B264;BULTEI;NonCap;S
Isole;Sardegna;SS;B265;BULZI;NonCap;S
Sud;Campania;SA;B266;BUONABITACOLO;NonCap;S
Sud;Campania;BN;B267;BUONALBERGO;NonCap;S
Sud;Abruzzo;CH;B268;MONTEBELLO SUL SANGRO;NonCap;S
Centro;Toscana;SI;B269;BUONCONVENTO;NonCap;S
Sud;Calabria;CS;B270;BUONVICINO;NonCap;S
Nord Ovest;Lombardia;MI;B272;BURAGO DI MOLGORA;NonCap;S
Isole;Sardegna;CA;B274;BURCEI;NonCap;S
Isole;Sicilia;AG;B275;BURGIO;NonCap;S
Isole;Sardegna;SS;B276;BURGOS;NonCap;S
Nord Ovest;Piemonte;TO;B278;BURIASCO;NonCap;S
Nord Ovest;Piemonte;TO;B279;BUROLO;NonCap;S
Nord Ovest;Piemonte;VC;B280;BURONZO;NonCap;S
Isole;Sardegna;OR;B281;BUSACHI;NonCap;S
Nord Ovest;Liguria;GE;B282;BUSALLA;NonCap;S
Nord Ovest;Piemonte;TO;B284;BUSANO;NonCap;S
Nord Ovest;Piemonte;CN;B285;BUSCA;NonCap;S
Nord Ovest;Lombardia;MI;B286;BUSCATE;NonCap;S
Isole;Sicilia;SR;B287;BUSCEMI;NonCap;S
Isole;Sicilia;TP;B288;BUSETO PALIZZOLO;NonCap;S
Nord Ovest;Lombardia;MI;B289;BUSNAGO;NonCap;S
Nord Ovest;Lombardia;MI;B292;BUSSERO;NonCap;S
Nord Est;Emilia-Romagna;PR;B293;BUSSETO;NonCap;S
Sud;Abruzzo;PE;B294;BUSSI SUL TIRINO;NonCap;S
Sud;Molise;CB;B295;BUSSO;NonCap;S
Nord Est;Veneto;VR;B296;BUSSOLENGO;NonCap;M
Nord Ovest;Piemonte;TO;B297;BUSSOLENO;NonCap;S
Nord Ovest;Lombardia;VA;B300;BUSTO ARSIZIO;NonCap;L
Nord Ovest;Lombardia;MI;B301;BUSTO GAROLFO;NonCap;M
Isole;Sicilia;CL;B302;BUTERA;NonCap;S
Centro;Toscana;PI;B303;BUTI;NonCap;S
Nord Est;Veneto;VR;B304;BUTTAPIETRA;NonCap;S
Nord Ovest;Piemonte;TO;B305;BUTTIGLIERA ALTA;NonCap;S
Nord Ovest;Piemonte;AT;B306;BUTTIGLIERA D`ASTI;NonCap;S
Nord Est;Friuli- Venezia Giulia;UD;B309;BUTTRIO;NonCap;S
Nord Ovest;Lombardia;BG;B310;SAN PAOLO D`ARGON;NonCap;S
Nord Ovest;Piemonte;AL;B311;CABELLA LIGURE;NonCap;S
Nord Ovest;Lombardia;VA;B312;CASTELLO CABIAGLIO;NonCap;S
Nord Ovest;Lombardia;CO;B313;CABIATE;NonCap;S
Isole;Sardegna;OR;B314;CABRAS;NonCap;S
Isole;Sicilia;PA;B315;CACCAMO;NonCap;S
Sud;Molise;IS;B317;POGGIO SANNITA;NonCap;S
Sud;Calabria;KR;B319;CACCURI;NonCap;S
Nord Ovest;Lombardia;VA;B326;CADEGLIANO-VICONAGO;NonCap;S
Nord Est;Emilia-Romagna;RE;B328;CADELBOSCO DI SOPRA;NonCap;S
Nord Est;Emilia-Romagna;PC;B332;CADEO;NonCap;S
Nord Est;Veneto;PD;B345;CADONEGHE;NonCap;M
Nord Ovest;Lombardia;CO;B346;CADORAGO;NonCap;S
Nord Est;Veneto;TV;B349;CAERANO DI SAN MARCO;NonCap;S
Nord Ovest;Piemonte;TO;B350;CAFASSE;NonCap;S
Sud;Campania;SA;B351;CAGGIANO;NonCap;S
Centro;Marche;PS;B352;CAGLI;NonCap;S
Isole;Sardegna;CA;B354;CAGLIARI;cap;L
Nord Ovest;Lombardia;CO;B355;CAGLIO;NonCap;S
Sud;Puglia;FG;B357;CAGNANO VARANO;NonCap;S
Sud;Abruzzo;AQ;B358;CAGNANO AMITERNO;NonCap;S
Sud;Campania;CE;B361;CAIANELLO;NonCap;S
Sud;Campania;CE;B362;CAIAZZO;NonCap;S
Nord Ovest;Lombardia;BS;B365;CAINO;NonCap;S
Nord Ovest;Lombardia;SO;B366;CAIOLO;NonCap;S
Sud;Campania;AV;B367;CAIRANO;NonCap;S
Nord Ovest;Lombardia;VA;B368;CAIRATE;NonCap;S
Nord Ovest;Liguria;SV;B369;CAIRO MONTENOTTE;NonCap;S
Sud;Campania;NA;B371;CAIVANO;NonCap;M
Sud;Campania;AV;B374;CALABRITTO;NonCap;S
Nord Est;Veneto;BL;B375;CALALZO DI CADORE;NonCap;S
Nord Ovest;Piemonte;AT;B376;CALAMANDRANA;NonCap;S
Isole;Sicilia;AG;B377;CALAMONACI;NonCap;S
Isole;Sardegna;SS;B378;CALANGIANUS;NonCap;S
Sud;Calabria;RC;B379;CALANNA;NonCap;S
Nord Ovest;Piemonte;VB;B380;CALASCA CASTIGLIONE;NonCap;S
Isole;Sicilia;EN;B381;CALASCIBETTA;NonCap;S
Sud;Abruzzo;AQ;B382;CALASCIO;NonCap;S
Isole;Sardegna;CA;B383;CALASETTA;NonCap;S
Isole;Sicilia;CT;B384;CALATABIANO;NonCap;S
Isole;Sicilia;TP;B385;CALATAFIMI SEGESTA;NonCap;S
Nord Ovest;Lombardia;PV;B387;LUNGAVILLA;NonCap;S
Centro;Lazio;VT;B388;CALCATA;NonCap;S
Centro;Toscana;PI;B390;CALCI;NonCap;S
Sud;Basilicata;MT;B391;CALCIANO;NonCap;S
Centro;Toscana;PI;B392;CALCINAIA;NonCap;M
Nord Ovest;Lombardia;BG;B393;CALCINATE;NonCap;S
Nord Ovest;Lombardia;BS;B394;CALCINATO;NonCap;S
Nord Ovest;Lombardia;BG;B395;CALCIO;NonCap;S
Nord Ovest;Lombardia;LC;B396;CALCO;NonCap;S
Centro;Marche;MC;B398;CALDAROLA;NonCap;S
Nord Est;Emilia-Romagna;BO;B399;CALDERARA DI RENO;NonCap;M
Nord Est;Veneto;VR;B402;CALDIERO;NonCap;S
Nord Est;Veneto;VI;B403;CALDOGNO;NonCap;S
Nord Est;Emilia-Romagna;PC;B405;CALENDASCO;NonCap;S
Centro;Toscana;FI;B406;CALENZANO;NonCap;M
Nord Est;Emilia-Romagna;PR;B408;CALESTANO;NonCap;S
Nord Ovest;Liguria;SV;B409;CALICE LIGURE;NonCap;S
Nord Ovest;Liguria;SP;B410;CALICE AL CORNOVIGLIO;NonCap;S
Sud;Puglia;LE;B413;CALIMERA;NonCap;S
Sud;Campania;AV;B415;CALITRI;NonCap;S
Nord Ovest;Liguria;SV;B416;CALIZZANO;NonCap;S
Nord Ovest;Piemonte;BI;B417;CALLABIANA;NonCap;S
Nord Ovest;Piemonte;AT;B418;CALLIANO MONFERRATO;NonCap;S
Nord Ovest;Lombardia;LC;B423;CALOLZIOCORTE;NonCap;S
Sud;Calabria;CS;B424;CALOPEZZATI;NonCap;S
Nord Ovest;Piemonte;AT;B425;CALOSSO;NonCap;S
Sud;Calabria;CS;B426;CALOVETO;NonCap;S
Isole;Sicilia;AG;B427;CALTABELLOTTA;NonCap;S
Isole;Sicilia;CT;B428;CALTAGIRONE;NonCap;M
Isole;Sicilia;CL;B429;CALTANISSETTA;cap;M
Isole;Sicilia;PA;B430;CALTAVUTURO;NonCap;S
Nord Ovest;Piemonte;NO;B431;CALTIGNAGA;NonCap;S
Nord Est;Veneto;RO;B432;CALTO;NonCap;S
Nord Est;Veneto;VI;B433;CALTRANO;NonCap;S
Nord Ovest;Lombardia;BG;B434;CALUSCO D`ADDA;NonCap;S
Nord Ovest;Piemonte;TO;B435;CALUSO;NonCap;S
Nord Ovest;Lombardia;BS;B436;CALVAGESE DELLA RIVIERA;NonCap;S
Sud;Campania;SA;B437;CALVANICO;NonCap;S
Nord Ovest;Lombardia;CR;B439;CALVATONE;NonCap;S
Sud;Basilicata;PZ;B440;CALVELLO;NonCap;S
Nord Est;Veneto;VI;B441;CALVENE;NonCap;S
Nord Ovest;Lombardia;BG;B442;CALVENZANO;NonCap;S
Sud;Basilicata;PZ;B443;CALVERA;NonCap;S
Sud;Campania;BN;B444;CALVI;NonCap;S
Sud;Campania;CE;B445;CALVI RISORTA;NonCap;S
Centro;Umbria;TR;B446;CALVI DELL`UMBRIA;NonCap;S
Nord Ovest;Lombardia;PV;B447;CALVIGNANO;NonCap;S
Nord Ovest;Lombardia;MI;B448;CALVIGNASCO;NonCap;S
Nord Ovest;Lombardia;BS;B450;CALVISANO;NonCap;S
Sud;Campania;NA;B452;CALVIZZANO;NonCap;S
Nord Ovest;Piemonte;AL;B453;CAMAGNA MONFERRATO;NonCap;S
Centro;Toscana;LU;B455;CAMAIORE;NonCap;L
Nord Ovest;Piemonte;BI;B457;CAMANDONA;NonCap;S
Isole;Sicilia;AG;B460;CAMASTRA;NonCap;S
Nord Ovest;Lombardia;MI;B461;CAMBIAGO;NonCap;S
Nord Ovest;Piemonte;TO;B462;CAMBIANO;NonCap;S
Nord Ovest;Piemonte;VB;B463;CAMBIASCA;NonCap;S
Nord Ovest;Piemonte;BI;B465;CAMBURZANO;NonCap;S
Sud;Molise;IS;B466;SANT`ELENA SANNITA;NonCap;S
Nord Ovest;Piemonte;CN;B467;CAMERANA;NonCap;S
Centro;Marche;AN;B468;CAMERANO;NonCap;S
Nord Ovest;Piemonte;AT;B469;CAMERANO CASASCO;NonCap;S
Centro;Marche;AN;B470;CAMERATA PICENA;NonCap;S
Nord Ovest;Lombardia;BG;B471;CAMERATA CORNELLO;NonCap;S
Centro;Lazio;RM;B472;CAMERATA NUOVA;NonCap;S
Nord Ovest;Piemonte;NO;B473;CAMERI;NonCap;S
Centro;Marche;MC;B474;CAMERINO;NonCap;S
Sud;Campania;SA;B476;CAMEROTA;NonCap;S
Sud;Campania;CE;B477;CAMIGLIANO;NonCap;S
Sud;Calabria;RC;B481;CAMINI;NonCap;S
Nord Ovest;Piemonte;AL;B482;CAMINO;NonCap;S
Nord Est;Friuli- Venezia Giulia;UD;B483;CAMINO AL TAGLIAMENTO;NonCap;S
Nord Ovest;Lombardia;CR;B484;CAMISANO;NonCap;S
Nord Est;Veneto;VI;B485;CAMISANO VICENTINO;NonCap;M
Isole;Sicilia;AG;B486;CAMMARATA;NonCap;S
Nord Ovest;Liguria;GE;B490;CAMOGLI;NonCap;M
Nord Ovest;Valle d'Aosta;AO;B491;CHAMOIS;NonCap;S
Sud;Campania;SA;B492;CAMPAGNA;NonCap;S
Nord Est;Veneto;VE;B493;CAMPAGNA LUPIA;NonCap;S
Sud;Campania;CE;B494;CASTEL CAMPAGNANO;NonCap;S
Centro;Lazio;RM;B496;CAMPAGNANO DI ROMA;NonCap;S
Centro;Toscana;GR;B497;CAMPAGNATICO;NonCap;S
Nord Ovest;Lombardia;CR;B498;CAMPAGNOLA CREMASCA;NonCap;S
Nord Est;Emilia-Romagna;RE;B499;CAMPAGNOLA EMILIA;NonCap;S
Sud;Calabria;CS;B500;CAMPANA;NonCap;S
Nord Ovest;Lombardia;MI;B501;CAMPARADA;NonCap;S
Nord Est;Emilia-Romagna;RE;B502;CAMPEGINE;NonCap;S
Centro;Umbria;PG;B504;CAMPELLO SUL CLITUNNO;NonCap;S
Nord Ovest;Piemonte;VC;B505;CAMPERTOGNO;NonCap;S
Sud;Puglia;LE;B506;CAMPI SALENTINA;NonCap;S
Centro;Toscana;FI;B507;CAMPI BISENZIO;NonCap;L
Centro;Toscana;LI;B509;CAMPIGLIA MARITTIMA;NonCap;M
Nord Ovest;Piemonte;TO;B510;VALPRATO SOANA;NonCap;S
Nord Est;Veneto;VI;B511;CAMPIGLIA DEI BERICI;NonCap;S
Nord Ovest;Piemonte;TO;B512;CAMPIGLIONE FENILE;NonCap;S
Nord Ovest;Lombardia;CO;B513;CAMPIONE D`ITALIA;NonCap;S
Sud;Abruzzo;TE;B515;CAMPLI;NonCap;S
Sud;Calabria;RC;B516;CAMPO CALABRO;NonCap;S
Sud;Molise;CB;B519;CAMPOBASSO;cap;L
Isole;Sicilia;AG;B520;CAMPOBELLO DI LICATA;NonCap;S
Isole;Sicilia;TP;B521;CAMPOBELLO DI MAZARA;NonCap;S
Sud;Molise;CB;B522;CAMPOCHIARO;NonCap;S
Nord Est;Veneto;PD;B524;CAMPODARSEGO;NonCap;M
Sud;Abruzzo;AQ;B526;CAMPO DI GIOVE;NonCap;S
Centro;Lazio;LT;B527;CAMPODIMELE;NonCap;S
Sud;Molise;CB;B528;CAMPODIPIETRA;NonCap;S
Nord Ovest;Lombardia;SO;B530;CAMPODOLCINO;NonCap;S
Nord Est;Veneto;PD;B531;CAMPODORO;NonCap;S
Isole;Sicilia;PA;B532;CAMPOFELICE DI ROCCELLA;NonCap;S
Isole;Sicilia;PA;B533;CAMPOFELICE DI FITALIA;NonCap;S
Centro;Marche;AP;B534;CAMPOFILONE;NonCap;S
Isole;Sicilia;PA;B535;CAMPOFIORITO;NonCap;S
Nord Est;Friuli- Venezia Giulia;UD;B536;CAMPOFORMIDO;NonCap;S
Isole;Sicilia;CL;B537;CAMPOFRANCO;NonCap;S
Nord Ovest;Liguria;GE;B538;CAMPO LIGURE;NonCap;S
Nord Est;Emilia-Romagna;MO;B539;CAMPOGALLIANO;NonCap;S
Nord Ovest;Valle d'Aosta;AO;B540;CHAMPORCHER;NonCap;S
Sud;Campania;BN;B541;CAMPOLATTARO;NonCap;S
Sud;Campania;BN;B542;CAMPOLI D MONTE TABURNO;NonCap;S
Centro;Lazio;FR;B543;CAMPOLI APPENNINO;NonCap;S
Sud;Molise;CB;B544;CAMPOLIETO;NonCap;S
Nord Est;Veneto;VE;B546;CAMPOLONGO MAGGIORE;NonCap;S
Sud;Basilicata;PZ;B549;CAMPOMAGGIORE;NonCap;S
Sud;Molise;CB;B550;CAMPOMARINO;NonCap;S
Nord Ovest;Liguria;GE;B551;CAMPOMORONE;NonCap;S
Centro;Toscana;LI;B553;CAMPO NELL`ELBA;NonCap;S
Nord Est;Veneto;VE;B554;CAMPONOGARA;NonCap;S
Sud;Campania;SA;B555;CAMPORA;NonCap;S
Isole;Sicilia;PA;B556;CAMPOREALE;NonCap;S
Centro;Toscana;LU;B557;CAMPORGIANO;NonCap;S
Nord Ovest;Liguria;IM;B559;CAMPOROSSO;NonCap;S
Isole;Sicilia;CT;B561;CAMPOROTONDO ETNEO;NonCap;S
Centro;Marche;MC;B562;CAMPOROTONDO FIASTRONE;NonCap;S
Nord Est;Veneto;PD;B563;CAMPOSAMPIERO;NonCap;S
Nord Est;Veneto;PD;B564;CAMPO SAN MARTINO;NonCap;S
Sud;Campania;NA;B565;CAMPOSANO;NonCap;S
Nord Est;Emilia-Romagna;MO;B566;CAMPOSANTO;NonCap;S
Nord Ovest;Lombardia;PV;B567;CAMPOSPINOSO;NonCap;S
Sud;Abruzzo;AQ;B569;CAMPOTOSTO;NonCap;S
Nord Est;Emilia-Romagna;BO;B572;CAMUGNANO;NonCap;S
Nord Ovest;Piemonte;CN;B573;CANALE;NonCap;S
Nord Est;Veneto;BL;B574;CANALE D`AGORDO;NonCap;S
Centro;Lazio;RM;B576;CANALE MONTERANO;NonCap;S
Nord Est;Veneto;RO;B578;CANARO;NonCap;S
Sud;Basilicata;PZ;B580;CANCELLARA;NonCap;S
Sud;Campania;CE;B581;CANCELLO ED ARNONE;NonCap;S
Nord Est;Veneto;RO;B582;CANDA;NonCap;S
Sud;Puglia;FG;B584;CANDELA;NonCap;S
Nord Ovest;Piemonte;BI;B586;CANDELO;NonCap;S
Nord Ovest;Lombardia;PV;B587;CANDIA LOMELLINA;NonCap;S
Nord Ovest;Piemonte;TO;B588;CANDIA CANAVESE;NonCap;S
Nord Est;Veneto;PD;B589;CANDIANA;NonCap;S
Sud;Campania;AV;B590;CANDIDA;NonCap;S
Sud;Calabria;RC;B591;CANDIDONI;NonCap;S
Nord Ovest;Piemonte;TO;B592;CANDIOLO;NonCap;S
Nord Ovest;Lombardia;MI;B593;CANEGRATE;NonCap;S
Nord Ovest;Piemonte;AT;B594;CANELLI;NonCap;S
Centro;Lazio;RI;B595;ORVINIO;NonCap;S
Centro;Lazio;VT;B597;CANEPINA;NonCap;S
Nord Est;Friuli- Venezia Giulia;PN;B598;CANEVA;NonCap;S
Isole;Sicilia;AG;B602;CANICATTI`;NonCap;S
Isole;Sicilia;SR;B603;CANICATTINI BAGNI;NonCap;S
Centro;Lazio;VT;B604;CANINO;NonCap;S
Nord Ovest;Piemonte;TO;B605;CANISCHIO;NonCap;S
Sud;Abruzzo;AQ;B606;CANISTRO;NonCap;S
Sud;Calabria;CS;B607;CANNA;NonCap;S
Sud;Campania;SA;B608;CANNALONGA;NonCap;S
Centro;Umbria;PG;B609;CANNARA;NonCap;S
Nord Ovest;Piemonte;VB;B610;CANNERO RIVIERA;NonCap;S
Nord Ovest;Lombardia;MN;B612;CANNETO SULL`OGLIO;NonCap;S
Nord Ovest;Lombardia;PV;B613;CANNETO PAVESE;NonCap;S
Nord Ovest;Piemonte;VB;B615;CANNOBIO;NonCap;S
Sud;Puglia;LE;B616;CANNOLE;NonCap;S
Sud;Calabria;RC;B617;CANOLO;NonCap;S
Nord Ovest;Lombardia;BG;B618;CANONICA D`ADDA;NonCap;S
Sud;Puglia;BA;B619;CANOSA DI PUGLIA;NonCap;M
Sud;Abruzzo;CH;B620;CANOSA SANNITA;NonCap;S
Nord Ovest;Piemonte;CN;B621;CANOSIO;NonCap;S
Sud;Abruzzo;AQ;B624;CANSANO;NonCap;S
Centro;Toscana;PO;B626;CANTAGALLO;NonCap;S
Centro;Lazio;RI;B627;CANTALICE;NonCap;S
Nord Ovest;Piemonte;TO;B628;CANTALUPA;NonCap;S
Nord Ovest;Piemonte;AL;B629;CANTALUPO LIGURE;NonCap;S
Sud;Molise;IS;B630;CANTALUPO NEL SANNIO;NonCap;S
Centro;Lazio;RI;B631;CANTALUPO IN SABINA;NonCap;S
Centro;Lazio;RM;B632;MANDELA;NonCap;S
Nord Ovest;Piemonte;AT;B633;CANTARANA;NonCap;S
Nord Ovest;Lombardia;VA;B634;CANTELLO;NonCap;S
Centro;Lazio;RM;B635;CANTERANO;NonCap;S
Centro;Marche;PS;B636;CANTIANO;NonCap;S
Nord Ovest;Piemonte;TO;B637;CANTOIRA;NonCap;S
Nord Ovest;Lombardia;CO;B639;CANTU`;NonCap;L
Sud;Abruzzo;TE;B640;CANZANO;NonCap;S
Nord Ovest;Lombardia;CO;B641;CANZO;NonCap;S
Nord Est;Veneto;VE;B642;CAORLE;NonCap;L
Nord Est;Emilia-Romagna;PC;B643;CAORSO;NonCap;S
Sud;Campania;SA;B644;CAPACCIO;NonCap;M
Isole;Sicilia;PA;B645;CAPACI;NonCap;S
Centro;Toscana;GR;B646;CAPALBIO;NonCap;S
Centro;Toscana;PI;B647;CAPANNOLI;NonCap;S
Centro;Toscana;LU;B648;CAPANNORI;NonCap;L
Centro;Lazio;RM;B649;CAPENA;NonCap;M
Nord Ovest;Lombardia;CR;B650;CAPERGNANICA;NonCap;S
Sud;Abruzzo;AQ;B651;CAPESTRANO;NonCap;S
Nord Ovest;Lombardia;CO;B653;CAPIAGO INTIMIANO;NonCap;S
Sud;Calabria;VV;B655;CAPISTRANO;NonCap;S
Sud;Abruzzo;AQ;B656;CAPISTRELLO;NonCap;S
Sud;Abruzzo;AQ;B658;CAPITIGNANO;NonCap;S
Isole;Sicilia;ME;B660;CAPIZZI;NonCap;S
Nord Ovest;Lombardia;BG;B661;CAPIZZONE;NonCap;S
Nord Est;Veneto;BL;B662;PONTE NELLE ALPI;NonCap;S
Centro;Lazio;VT;B663;CAPODIMONTE;NonCap;S
Nord Ovest;Lombardia;BS;B664;CAPO DI PONTE;NonCap;S
Isole;Sicilia;ME;B666;CAPO D`ORLANDO;NonCap;S
Sud;Campania;CE;B667;CAPODRISE;NonCap;S
Centro;Toscana;LI;B669;CAPOLIVERI;NonCap;S
Centro;Toscana;AR;B670;CAPOLONA;NonCap;S
Nord Ovest;Lombardia;MI;B671;CAPONAGO;NonCap;S
Sud;Abruzzo;AQ;B672;CAPORCIANO;NonCap;S
Sud;Campania;AV;B674;CAPOSELE;NonCap;S
Isole;Sardegna;CA;B675;CAPOTERRA;NonCap;M
Nord Ovest;Lombardia;BS;B676;CAPOVALLE;NonCap;S
Sud;Abruzzo;AQ;B677;CAPPADOCIA;NonCap;S
Nord Est;Veneto;TV;B678;CAPPELLA MAGGIORE;NonCap;S
Nord Ovest;Lombardia;CR;B679;CAPPELLA CANTONE;NonCap;S
Nord Ovest;Lombardia;CR;B680;CAPPELLA DE` PICENARDI;NonCap;S
Sud;Abruzzo;PE;B681;CAPPELLE SUL TAVO;NonCap;S
Sud;Molise;IS;B682;CAPRACOTTA;NonCap;S
Centro;Toscana;FI;B684;CAPRAIA E LIMITE;NonCap;M
Centro;Toscana;LI;B685;CAPRAIA ISOLA;NonCap;S
Nord Ovest;Lombardia;CR;B686;CAPRALBA;NonCap;S
Centro;Lazio;RM;B687;CAPRANICA PRENESTINA;NonCap;S
Centro;Lazio;VT;B688;CAPRANICA;NonCap;S
Nord Est;Emilia-Romagna;BO;B689;MARZABOTTO;NonCap;S
Sud;Puglia;LE;B690;CAPRARICA DI LECCE;NonCap;S
Centro;Lazio;VT;B691;CAPRAROLA;NonCap;S
Nord Ovest;Piemonte;CN;B692;CAPRAUNA;NonCap;S
Centro;Toscana;AR;B693;CAPRESE MICHELANGELO;NonCap;S
Nord Ovest;Piemonte;VB;B694;CAPREZZO;NonCap;S
Isole;Sicilia;ME;B695;CAPRI LEONE;NonCap;S
Sud;Campania;NA;B696;CAPRI;NonCap;M
Nord Ovest;Lombardia;BS;B698;CAPRIANO DEL COLLE;NonCap;S
Nord Ovest;Piemonte;AL;B701;CAPRIATA D`ORBA;NonCap;S
Nord Ovest;Lombardia;BG;B703;CAPRIATE SAN GERVASIO;NonCap;S
Sud;Campania;CE;B704;CAPRIATI A VOLTURNO;NonCap;S
Nord Ovest;Piemonte;TO;B705;CAPRIE;NonCap;S
Sud;Campania;AV;B706;CAPRIGLIA IRPINA;NonCap;S
Nord Ovest;Piemonte;AT;B707;CAPRIGLIO;NonCap;S
Nord Ovest;Piemonte;BI;B708;CAPRILE;NonCap;S
Nord Est;Veneto;VR;B709;CAPRINO VERONESE;NonCap;S
Nord Ovest;Lombardia;BG;B710;CAPRINO BERGAMASCO;NonCap;S
Nord Ovest;Lombardia;BS;B711;CAPRIOLO;NonCap;S
Sud;Campania;CE;B715;CAPUA;NonCap;S
Sud;Puglia;BA;B716;CAPURSO;NonCap;S
Sud;Calabria;CZ;B717;CARAFFA DI CATANZARO;NonCap;S
Sud;Calabria;RC;B718;CARAFFA DEL BIANCO;NonCap;S
Nord Ovest;Piemonte;CN;B719;CARAGLIO;NonCap;S
Nord Ovest;Piemonte;CN;B720;CARAMAGNA PIEMONTE;NonCap;S
Sud;Abruzzo;PE;B722;CARAMANICO TERME;NonCap;S
Sud;Puglia;FG;B724;CARAPELLE;NonCap;S
Sud;Abruzzo;AQ;B725;CARAPELLE CALVISIO;NonCap;S
Nord Ovest;Liguria;GE;B726;CARASCO;NonCap;S
Centro;Marche;AP;B727;CARASSAI;NonCap;S
Nord Ovest;Lombardia;MI;B729;CARATE BRIANZA;NonCap;M
Nord Ovest;Lombardia;CO;B730;CARATE URIO;NonCap;S
Nord Ovest;Lombardia;BG;B731;CARAVAGGIO;NonCap;M
Nord Ovest;Lombardia;VA;B732;CARAVATE;NonCap;S
Nord Ovest;Piemonte;TO;B733;CARAVINO;NonCap;S
Nord Ovest;Liguria;IM;B734;CARAVONICA;NonCap;S
Centro;Lazio;VT;B735;CARBOGNANO;NonCap;S
Nord Ovest;Piemonte;AL;B736;CARBONARA SCRIVIA;NonCap;S
Isole;Sardegna;CA;B738;VILLASIMIUS;NonCap;M
Sud;Campania;NA;B740;CARBONARA DI NOLA;NonCap;S
Nord Ovest;Lombardia;PV;B741;CARBONARA AL TICINO;NonCap;S
Nord Ovest;Lombardia;CO;B742;CARBONATE;NonCap;S
Sud;Basilicata;PZ;B743;CARBONE;NonCap;S
Nord Est;Veneto;TV;B744;CARBONERA;NonCap;S
Isole;Sardegna;CA;B745;CARBONIA;NonCap;S
Nord Ovest;Liguria;SV;B748;CARCARE;NonCap;S
Nord Ovest;Piemonte;VC;B752;CARCOFORO;NonCap;S
Nord Ovest;Lombardia;VA;B754;CARDANO AL CAMPO;NonCap;M
Nord Ovest;Piemonte;CN;B755;CARDE;NonCap;S
Sud;Calabria;RC;B756;CARDETO;NonCap;S
Sud;Calabria;CZ;B758;CARDINALE;NonCap;S
Sud;Campania;NA;B759;CARDITO;NonCap;S
Centro;Toscana;LU;B760;CAREGGINE;NonCap;S
Nord Ovest;Piemonte;TO;B762;CAREMA;NonCap;S
Nord Ovest;Lombardia;LC;B763;CARENNO;NonCap;S
Nord Ovest;Piemonte;AL;B765;CARENTINO;NonCap;S
Sud;Calabria;RC;B766;CARERI;NonCap;S
Nord Ovest;Piemonte;VC;B767;CARESANA;NonCap;S
Nord Ovest;Piemonte;VC;B768;CARESANABLOT;NonCap;S
Nord Ovest;Piemonte;AL;B769;CAREZZANO;NonCap;S
Sud;Calabria;KR;B771;CARFIZZI;NonCap;S
Isole;Sardegna;SS;B772;CARGEGHE;NonCap;S
Sud;Calabria;CS;B774;CARIATI;NonCap;S
Sud;Campania;AV;B776;CARIFE;NonCap;S
Nord Ovest;Piemonte;TO;B777;CARIGNANO;NonCap;S
Nord Ovest;Lombardia;CO;B778;CARIMATE;NonCap;S
Sud;Campania;CE;B779;CARINARO;NonCap;S
Isole;Sicilia;PA;B780;CARINI;NonCap;M
Sud;Campania;CE;B781;CARINOLA;NonCap;S
Nord Ovest;Piemonte;VC;B782;CARISIO;NonCap;S
Sud;Puglia;FG;B784;CARLANTINO;NonCap;S
Nord Ovest;Lombardia;CO;B785;CARLAZZO;NonCap;S
Isole;Sicilia;SR;B787;CARLENTINI;NonCap;S
Nord Est;Friuli- Venezia Giulia;UD;B788;CARLINO;NonCap;S
Isole;Sardegna;CA;B789;CARLOFORTE;NonCap;S
Sud;Calabria;CZ;B790;CARLOPOLI;NonCap;S
Nord Ovest;Piemonte;TO;B791;CARMAGNOLA;NonCap;M
Sud;Puglia;LE;B792;CARMIANO;NonCap;S
Centro;Toscana;PO;B794;CARMIGNANO;NonCap;M
Nord Est;Veneto;PD;B795;CARMIGNANO DI BRENTA;NonCap;S
Nord Ovest;Lombardia;VA;B796;CARNAGO;NonCap;S
Nord Ovest;Lombardia;MI;B798;CARNATE;NonCap;S
Nord Ovest;Lombardia;BG;B801;CAROBBIO DEGLI ANGELI;NonCap;S
Sud;Calabria;CS;B802;CAROLEI;NonCap;S
Nord Ovest;Lombardia;BG;B803;CARONA;NonCap;S
Isole;Sicilia;ME;B804;CARONIA;NonCap;S
Nord Ovest;Lombardia;VA;B805;CARONNO PERTUSELLA;NonCap;M
Nord Ovest;Lombardia;VA;B807;CARONNO VARESINO;NonCap;S
Sud;Puglia;TA;B808;CAROSINO;NonCap;S
Sud;Puglia;BR;B809;CAROVIGNO;NonCap;S
Sud;Molise;IS;B810;CAROVILLI;NonCap;S
Nord Est;Emilia-Romagna;PC;B812;CARPANETO PIACENTINO;NonCap;S
Sud;Calabria;CS;B813;CARPANZANO;NonCap;S
Centro;Marche;PS;B816;CARPEGNA;NonCap;S
Nord Ovest;Lombardia;BS;B817;CARPENEDOLO;NonCap;S
Nord Ovest;Piemonte;AL;B818;CARPENETO;NonCap;S
Nord Est;Emilia-Romagna;MO;B819;CARPI;NonCap;L
Nord Ovest;Lombardia;MI;B820;CARPIANO;NonCap;S
Sud;Puglia;LE;B822;CARPIGNANO SALENTINO;NonCap;S
Nord Ovest;Piemonte;NO;B823;CARPIGNANO SESIA;NonCap;S
Nord Ovest;Lombardia;PV;B824;CURA CARPIGNANO;NonCap;S
Nord Est;Emilia-Romagna;RE;B825;CARPINETI;NonCap;S
Sud;Abruzzo;CH;B826;CARPINETO SINELLO;NonCap;S
Sud;Abruzzo;PE;B827;CARPINETO DELLA NORA;NonCap;S
Centro;Lazio;RM;B828;CARPINETO ROMANO;NonCap;S
Sud;Puglia;FG;B829;CARPINO;NonCap;S
Sud;Molise;IS;B830;CARPINONE;NonCap;S
Centro;Toscana;MS;B832;CARRARA;NonCap;L
Nord Est;Veneto;VI;B835;CARRE`;NonCap;S
Nord Ovest;Piemonte;AL;B836;CARREGA LIGURE;NonCap;S
Nord Ovest;Liguria;SP;B838;CARRO;NonCap;S
Nord Ovest;Liguria;SP;B839;CARRODANO;NonCap;S
Nord Ovest;Piemonte;AL;B840;CARROSIO;NonCap;S
Nord Ovest;Piemonte;CN;B841;CARRU;NonCap;S
Sud;Abruzzo;AQ;B842;CARSOLI;NonCap;S
Nord Est;Veneto;VI;B844;CARTIGLIANO;NonCap;S
Nord Ovest;Piemonte;CN;B845;CARTIGNANO;NonCap;S
Centro;Marche;PS;B846;CARTOCETO;NonCap;S
Nord Ovest;Piemonte;AL;B847;CARTOSIO;NonCap;S
Nord Est;Veneto;PD;B848;CARTURA;NonCap;S
Nord Ovest;Lombardia;MI;B850;CARUGATE;NonCap;M
Nord Ovest;Lombardia;CO;B851;CARUGO;NonCap;S
Sud;Abruzzo;CH;B853;CARUNCHIO;NonCap;S
Nord Ovest;Lombardia;BG;B854;CARVICO;NonCap;S
Sud;Calabria;KR;B857;CASABONA;NonCap;S
Sud;Molise;CB;B858;CASACALENDA;NonCap;S
Sud;Abruzzo;CH;B859;CASACANDITELLA;NonCap;S
Sud;Campania;CE;B860;CASAGIOVE;NonCap;S
Sud;Abruzzo;CH;B861;CASALANGUIDA;NonCap;S
Centro;Lazio;FR;B862;CASALATTICO;NonCap;S
Nord Ovest;Piemonte;NO;B864;CASALBELTRAME;NonCap;S
Sud;Abruzzo;CH;B865;CASALBORDINO;NonCap;S
Sud;Campania;AV;B866;CASALBORE;NonCap;S
Nord Ovest;Piemonte;TO;B867;CASALBORGONE;NonCap;S
Sud;Campania;SA;B868;CASALBUONO;NonCap;S
Nord Ovest;Lombardia;CR;B869;CASALBUTTANO ED UNITI;NonCap;S
Nord Ovest;Piemonte;AL;B870;CASAL CERMELLI;NonCap;S
Sud;Molise;CB;B871;CASALCIPRANO;NonCap;S
Sud;Campania;CE;B872;CASAL DI PRINCIPE;NonCap;S
Sud;Campania;BN;B873;CASALDUNI;NonCap;S
Nord Ovest;Lombardia;VA;B875;CASALE LITTA;NonCap;S
Nord Ovest;Piemonte;VB;B876;CASALE CORTE CERRO;NonCap;S
Nord Est;Veneto;PD;B877;CASALE DI SCODOSIA;NonCap;S
Centro;Toscana;PI;B878;CASALE MARITTIMO;NonCap;S
Nord Est;Veneto;TV;B879;CASALE SUL SILE;NonCap;M
Nord Est;Emilia-Romagna;BO;B880;CASALECCHIO DI RENO;NonCap;L
Nord Ovest;Lombardia;CR;B881;CASALE CREM VIDOLASCO;NonCap;S
Nord Ovest;Piemonte;AL;B882;CASALEGGIO BOIRO;NonCap;S
Nord Ovest;Piemonte;NO;B883;CASALEGGIO NOVARA;NonCap;S
Nord Ovest;Piemonte;AL;B885;CASALE MONFERRATO;NonCap;M
Nord Est;Veneto;VR;B886;CASALEONE;NonCap;S
Nord Ovest;Lombardia;LO;B887;CASALETTO LODIGIANO;NonCap;S
Sud;Campania;SA;B888;CASALETTO SPARTANO;NonCap;S
Nord Ovest;Lombardia;CR;B889;CASALETTO CEREDANO;NonCap;S
Nord Ovest;Lombardia;CR;B890;CASALETTO DI SOPRA;NonCap;S
Nord Ovest;Lombardia;CR;B891;CASALETTO VAPRIO;NonCap;S
Nord Est;Emilia-Romagna;BO;B892;CASALFIUMANESE;NonCap;S
Nord Est;Emilia-Romagna;RE;B893;CASALGRANDE;NonCap;M
Nord Ovest;Piemonte;CN;B894;CASALGRASSO;NonCap;S
Sud;Campania;SA;B895;CASAL VELINO;NonCap;S
Sud;Abruzzo;CH;B896;CASALINCONTRADA;NonCap;S
Nord Ovest;Piemonte;NO;B897;CASALINO;NonCap;S
Nord Ovest;Lombardia;CR;B898;CASALMAGGIORE;NonCap;M
Nord Ovest;Lombardia;LO;B899;CASALMAIOCCO;NonCap;S
Nord Ovest;Lombardia;CR;B900;CASALMORANO;NonCap;S
Nord Ovest;Lombardia;MN;B901;CASALMORO;NonCap;S
Nord Ovest;Piemonte;AL;B902;CASALNOCETO;NonCap;S
Sud;Calabria;CS;B903;VILLAPIANA;NonCap;S
Sud;Puglia;FG;B904;CASALNUOVO MONTEROTARO;NonCap;S
Sud;Campania;NA;B905;CASALNUOVO DI NAPOLI;NonCap;M
Sud;Basilicata;PZ;B906;SAN PAOLO ALBANESE;NonCap;S
Nord Ovest;Lombardia;MN;B907;CASALOLDO;NonCap;S
Nord Ovest;Lombardia;LO;B910;CASALPUSTERLENGO;NonCap;M
Nord Ovest;Lombardia;MN;B911;CASALROMANO;NonCap;S
Nord Est;Veneto;PD;B912;CASALSERUGO;NonCap;S
Nord Ovest;Lombardia;CR;B914;POZZAGLIO ED UNITI;NonCap;S
Sud;Puglia;FG;B915;TRINITAPOLI;NonCap;S
Sud;Campania;CE;B916;CASALUCE;NonCap;S
Sud;Puglia;FG;B917;CASALVECCHIO DI PUGLIA;NonCap;S
Isole;Sicilia;ME;B918;CASALVECCHIO SICULO;NonCap;S
Centro;Lazio;FR;B919;CASALVIERI;NonCap;S
Nord Ovest;Piemonte;NO;B920;CASALVOLONE;NonCap;S
Nord Ovest;Lombardia;VA;B921;CASALZUIGNO;NonCap;S
Sud;Campania;NA;B922;CASAMARCIANO;NonCap;S
Sud;Puglia;BA;B923;CASAMASSIMA;NonCap;M
Sud;Campania;NA;B924;CASAMICCIOLA TERME;NonCap;S
Sud;Campania;NA;B925;CASANDRINO;NonCap;S
Nord Ovest;Liguria;SV;B927;CASANOVA LERRONE;NonCap;S
Nord Ovest;Piemonte;VC;B928;CASANOVA ELVO;NonCap;S
Nord Ovest;Lombardia;PV;B929;CASANOVA LONATI;NonCap;S
Centro;Lazio;RM;B932;CASAPE;NonCap;S
Nord Ovest;Piemonte;BI;B933;CASAPINTA;NonCap;S
Centro;Lazio;RI;B934;CASAPROTA;NonCap;S
Sud;Campania;CE;B935;CASAPULLA;NonCap;S
Sud;Puglia;LE;B936;CASARANO;NonCap;S
Nord Ovest;Lombardia;LC;B937;CASARGO;NonCap;S
Nord Ovest;Lombardia;MI;B938;CASARILE;NonCap;S
Nord Ovest;Liguria;GE;B939;CASARZA LIGURE;NonCap;S
Nord Est;Friuli- Venezia Giulia;PN;B940;CASARSA DELLA DELIZIA;NonCap;S
Nord Ovest;Piemonte;AL;B941;CASASCO;NonCap;S
Nord Ovest;Lombardia;LC;B943;CASATENOVO;NonCap;M
Nord Ovest;Lombardia;PV;B945;CASATISMA;NonCap;S
Sud;Campania;NA;B946;CASAVATORE;NonCap;S
Nord Ovest;Lombardia;BG;B947;CASAZZA;NonCap;S
Centro;Umbria;PG;B948;CASCIA;NonCap;S
Nord Ovest;Lombardia;VA;B949;CASCIAGO;NonCap;S
Centro;Toscana;PI;B950;CASCINA;NonCap;L
Nord Ovest;Piemonte;VC;B952;SAN GIACOMO VERCELLESE;NonCap;S
Nord Ovest;Piemonte;TO;B953;CASCINETTE D`IVREA;NonCap;S
Nord Ovest;Lombardia;PV;B954;CASEI GEROLA;NonCap;S
Nord Ovest;Piemonte;TO;B955;CASELETTE;NonCap;S
Nord Ovest;Liguria;GE;B956;CASELLA;NonCap;S
Nord Ovest;Lombardia;LO;B958;CASELLE LURANI;NonCap;S
Sud;Campania;SA;B959;CASELLE IN PITTARI;NonCap;S
Nord Ovest;Piemonte;TO;B960;CASELLE TORINESE;NonCap;M
Nord Ovest;Lombardia;LO;B961;CASELLE LANDI;NonCap;S
Centro;Toscana;FI;B962;SCANDICCI;NonCap;L
Sud;Campania;CE;B963;CASERTA;cap;L
Nord Est;Veneto;TV;B965;CASIER;NonCap;M
Sud;Calabria;RC;B966;CASIGNANA;NonCap;S
Nord Est;Emilia-Romagna;RE;B967;CASINA;NonCap;S
Sud;Calabria;KR;B968;CASTELSILANO;NonCap;S
Nord Est;Emilia-Romagna;BO;B969;CASTEL DI CASIO;NonCap;S
Nord Ovest;Lombardia;BG;B971;CASIRATE D`ADDA;NonCap;S
Nord Ovest;Lombardia;CO;B974;CASLINO D`ERBA;NonCap;S
Nord Ovest;Lombardia;CO;B977;CASNATE CON BERNATE;NonCap;S
Nord Ovest;Lombardia;BG;B978;CASNIGO;NonCap;S
Centro;Toscana;MS;B979;CASOLA IN LUNIGIANA;NonCap;S
Sud;Campania;NA;B980;CASOLA DI NAPOLI;NonCap;S
Nord Est;Emilia-Romagna;RA;B982;CASOLA VALSENIO;NonCap;S
Centro;Toscana;SI;B984;CASOLE D ELSA;NonCap;S
Sud;Abruzzo;CH;B985;CASOLI;NonCap;S
Nord Ovest;Lombardia;VA;B987;CASORATE SEMPIONE;NonCap;S
Nord Ovest;Lombardia;PV;B988;CASORATE PRIMO;NonCap;S
Nord Ovest;Lombardia;MI;B989;CASOREZZO;NonCap;S
Sud;Campania;NA;B990;CASORIA;NonCap;L
Nord Ovest;Piemonte;AT;B991;CASORZO;NonCap;S
Nord Ovest;Lombardia;SO;B993;CASPOGGIO;NonCap;S
Nord Est;Friuli- Venezia Giulia;UD;B994;CASSACCO;NonCap;S
Nord Ovest;Lombardia;LC;B996;CASSAGO BRIANZA;NonCap;S
Sud;Campania;AV;B997;CASSANO IRPINO;NonCap;S
Sud;Puglia;BA;B998;CASSANO DELLE MURGE;NonCap;S
Nord Ovest;Lombardia;VA;B999;CASSANO VALCUVIA;NonCap;S
Sud;Calabria;CS;C002;CASSANO ALLO IONIO;NonCap;S
Nord Ovest;Lombardia;MI;C003;CASSANO D`ADDA;NonCap;M
Nord Ovest;Lombardia;VA;C004;CASSANO MAGNAGO;NonCap;M
Isole;Sicilia;SR;C006;CASSARO;NonCap;S
Nord Ovest;Lombardia;BG;C007;CASSIGLIO;NonCap;S
Nord Ovest;Lombardia;MI;C013;PERO;NonCap;M
Nord Ovest;Lombardia;MI;C014;CASSINA DE`PECCHI;NonCap;M
Nord Ovest;Lombardia;CO;C020;CASSINA RIZZARDI;NonCap;S
Nord Ovest;Piemonte;AT;C022;CASSINASCO;NonCap;S
Nord Ovest;Lombardia;LC;C024;CASSINA VALSASSINA;NonCap;S
Nord Ovest;Piemonte;AL;C027;CASSINE;NonCap;S
Nord Ovest;Piemonte;AL;C030;CASSINELLE;NonCap;S
Nord Ovest;Lombardia;MI;C033;CASSINETTA DI LUGAGNANO;NonCap;S
Centro;Lazio;FR;C034;CASSINO;NonCap;M
Nord Est;Veneto;VI;C037;CASSOLA;NonCap;M
Nord Ovest;Lombardia;PV;C038;CASSOLNOVO;NonCap;S
Sud;Abruzzo;TE;C040;CASTEL CASTAGNA;NonCap;S
Nord Est;Veneto;VR;C041;CASTAGNARO;NonCap;S
Centro;Toscana;LI;C044;CASTAGNETO CARDUCCI;NonCap;M
Nord Ovest;Piemonte;TO;C045;CASTAGNETO PO;NonCap;S
Nord Ovest;Piemonte;CN;C046;CASTAGNITO;NonCap;S
Nord Ovest;Piemonte;AT;C047;CASTAGNOLE MONFERRATO;NonCap;S
Nord Ovest;Piemonte;TO;C048;CASTAGNOLE PIEMONTE;NonCap;S
Nord Ovest;Piemonte;AT;C049;CASTAGNOLE LANZE;NonCap;S
Nord Ovest;Lombardia;PV;C050;CASTANA;NonCap;S
Isole;Sicilia;ME;C051;CASTELL`UMBERTO;NonCap;S
Nord Ovest;Lombardia;MI;C052;CASTANO PRIMO;NonCap;S
Nord Ovest;Lombardia;PV;C053;CASTEGGIO;NonCap;S
Nord Ovest;Lombardia;BS;C055;CASTEGNATO;NonCap;S
Nord Est;Veneto;VI;C056;CASTEGNERO;NonCap;S
Nord Est;Veneto;PD;C057;CASTELBALDO;NonCap;S
Sud;Campania;AV;C058;CASTEL BARONIA;NonCap;S
Nord Ovest;Lombardia;MN;C059;CASTELBELFORTE;NonCap;S
Centro;Marche;AN;C060;CASTELBELLINO;NonCap;S
Nord Ovest;Liguria;SV;C063;CASTELBIANCO;NonCap;S
Nord Ovest;Piemonte;AT;C064;CASTEL BOGLIONE;NonCap;S
Nord Est;Emilia-Romagna;RA;C065;CASTEL BOLOGNESE;NonCap;S
Sud;Molise;CB;C066;CASTELBOTTACCIO;NonCap;S
Isole;Sicilia;PA;C067;CASTELBUONO;NonCap;S
Sud;Campania;SA;C069;CASTELCIVITA;NonCap;S
Centro;Marche;AP;C070;SERVIGLIANO;NonCap;S
Nord Ovest;Lombardia;BS;C072;CASTELCOVATI;NonCap;S
Nord Est;Veneto;TV;C073;CASTELCUCCO;NonCap;S
Isole;Sicilia;PA;C074;CASTELDACCIA;NonCap;S
Nord Est;Emilia-Romagna;BO;C075;CASTEL D`AIANO;NonCap;S
Nord Ovest;Lombardia;MN;C076;CASTEL D`ARIO;NonCap;S
Nord Est;Veneto;VR;C078;CASTEL D`AZZANO;NonCap;S
Nord Ovest;Lombardia;BG;C079;CASTELLI CALEPIO;NonCap;S
Nord Est;Emilia-Romagna;RN;C080;CASTELDELCI;NonCap;S
Nord Ovest;Piemonte;CN;C081;CASTELDELFINO;NonCap;S
Sud;Molise;IS;C082;CASTEL DEL GIUDICE;NonCap;S
Sud;Abruzzo;AQ;C083;CASTEL DEL MONTE;NonCap;S
Centro;Toscana;GR;C085;CASTEL DEL PIANO;NonCap;S
Nord Est;Emilia-Romagna;BO;C086;CASTEL DEL RIO;NonCap;S
Nord Ovest;Lombardia;CR;C089;CASTELDIDONE;NonCap;S
Sud;Abruzzo;AQ;C090;CASTEL DI IERI;NonCap;S
Isole;Sicilia;CT;C091;CASTEL DI IUDICA;NonCap;S
Centro;Marche;AP;C093;CASTEL DI LAMA;NonCap;S
Isole;Sicilia;ME;C094;CASTEL DI LUCIO;NonCap;S
Sud;Abruzzo;AQ;C096;CASTEL DI SANGRO;NonCap;S
Sud;Campania;CE;C097;CASTEL DI SASSO;NonCap;S
Centro;Lazio;RI;C098;CASTEL DI TORA;NonCap;S
Centro;Marche;AN;C100;CASTELFIDARDO;NonCap;M
Centro;Toscana;FI;C101;CASTELFIORENTINO;NonCap;M
Centro;Toscana;AR;C102;CASTEL FOCOGNANO;NonCap;S
Centro;Lazio;LT;C104;CASTELFORTE;NonCap;S
Sud;Campania;AV;C105;CASTELFRANCI;NonCap;S
Sud;Campania;BN;C106;CASTELFRANCO IN MISCANO;NonCap;S
Nord Est;Emilia-Romagna;MO;C107;CASTELFRANCO EMILIA;NonCap;L
Sud;Calabria;CS;C108;CASTROLIBERO;NonCap;S
Nord Ovest;Liguria;IM;C110;CASTEL VITTORIO;NonCap;S
Nord Est;Veneto;TV;C111;CASTELFRANCO VENETO;NonCap;L
Centro;Toscana;PI;C113;CASTELFRANCO DI SOTTO;NonCap;S
Sud;Abruzzo;CH;C114;CASTEL FRENTANO;NonCap;S
Nord Ovest;Lombardia;CR;C115;CASTEL GABBIANO;NonCap;S
Centro;Lazio;RM;C116;CASTEL GANDOLFO;NonCap;S
Centro;Umbria;TR;C117;CASTEL GIORGIO;NonCap;S
Nord Ovest;Lombardia;MN;C118;CASTEL GOFFREDO;NonCap;S
Nord Est;Veneto;VI;C119;CASTELGOMBERTO;NonCap;S
Sud;Basilicata;PZ;C120;CASTELGRANDE;NonCap;S
Nord Est;Emilia-Romagna;BO;C121;CASTEL GUELFO BOLOGNA;NonCap;S
Nord Est;Veneto;RO;C122;CASTELGUGLIELMO;NonCap;S
Sud;Abruzzo;CH;C123;CASTELGUIDONE;NonCap;S
Sud;Campania;SA;C125;CASTELLABATE;NonCap;S
Sud;Abruzzo;AQ;C126;CASTELLAFIUME;NonCap;S
Nord Ovest;Piemonte;AT;C127;CASTELL ALFERO;NonCap;S
Sud;Abruzzo;TE;C128;CASTELLALTO;NonCap;S
Sud;Campania;NA;C129;CASTELLAMMARE DI STABIA;NonCap;L
Isole;Sicilia;TP;C130;CASTELLAMMARE DEL GOLFO;NonCap;M
Nord Ovest;Piemonte;TO;C133;CASTELLAMONTE;NonCap;S
Sud;Puglia;BA;C134;CASTELLANA GROTTE;NonCap;M
Isole;Sicilia;PA;C135;CASTELLANA SICULA;NonCap;S
Sud;Puglia;TA;C136;CASTELLANETA;NonCap;M
Nord Ovest;Piemonte;AL;C137;CASTELLANIA;NonCap;S
Nord Ovest;Lombardia;VA;C139;CASTELLANZA;NonCap;M
Nord Est;Emilia-Romagna;RE;C141;CASTELLARANO;NonCap;M
Nord Ovest;Piemonte;AL;C142;CASTELLAR GUIDOBONO;NonCap;S
Nord Ovest;Liguria;IM;C143;CASTELLARO;NonCap;S
Nord Est;Emilia-Romagna;PC;C145;CASTELL`ARQUATO;NonCap;S
Centro;Toscana;GR;C147;CASTELL AZZARA;NonCap;S
Nord Ovest;Piemonte;AL;C148;CASTELLAZZO BORMIDA;NonCap;S
Nord Ovest;Piemonte;NO;C149;CASTELLAZZO NOVARESE;NonCap;S
Centro;Marche;AN;C152;CASTELLEONE DI SUASA;NonCap;S
Nord Ovest;Lombardia;CR;C153;CASTELLEONE;NonCap;S
Nord Ovest;Piemonte;AT;C154;CASTELLERO;NonCap;S
Nord Ovest;Piemonte;BI;C155;CASTELLETTO CERVO;NonCap;S
Nord Ovest;Piemonte;AL;C156;CASTELLETTO D`ERRO;NonCap;S
Nord Ovest;Lombardia;PV;C157;CASTELLETTO BRANDUZZO;NonCap;S
Nord Ovest;Piemonte;AL;C158;CASTELLETTO D`ORBA;NonCap;S
Nord Ovest;Piemonte;AL;C160;CASTELLETTO MERLI;NonCap;S
Nord Ovest;Piemonte;AT;C161;CASTELLETTO MOLINA;NonCap;S
Nord Ovest;Piemonte;AL;C162;CASTELLETTO MONFERRATO;NonCap;S
Nord Ovest;Piemonte;CN;C165;CASTELLETTO STURA;NonCap;S
Nord Ovest;Piemonte;NO;C166;CASTELLETTO TICINO;NonCap;S
Nord Ovest;Piemonte;CN;C167;CASTELLETTO UZZONE;NonCap;S
Sud;Abruzzo;TE;C169;CASTELLI;NonCap;S
Centro;Toscana;SI;C172;CASTELLINA IN CHIANTI;NonCap;S
Nord Ovest;Piemonte;CN;C173;CASTELLINALDO;NonCap;S
Centro;Toscana;PI;C174;CASTELLINA MARITTIMA;NonCap;S
Sud;Molise;CB;C175;CASTELLINO DEL BIFERNO;NonCap;S
Nord Ovest;Piemonte;CN;C176;CASTELLINO TANARO;NonCap;S
Centro;Lazio;FR;C177;CASTELLIRI;NonCap;S
Sud;Campania;CE;C178;CASTELLO DEL MATESE;NonCap;S
Nord Ovest;Lombardia;VA;C181;CASTELVECCANA;NonCap;S
Nord Ovest;Lombardia;PV;C184;CASTELLO D`AGOGNA;NonCap;S
Nord Est;Emilia-Romagna;BO;C185;CASTELLO D`ARGILE;NonCap;S
Nord Ovest;Lombardia;SO;C186;CASTELLO DELL'ACQUA;NonCap;S
Nord Ovest;Lombardia;LC;C187;CASTELLO DI BRIANZA;NonCap;S
Sud;Campania;NA;C188;CASTELLO DI CISTERNA;NonCap;S
Nord Est;Veneto;TV;C190;CASTELLO DI GODEGO;NonCap;S
Nord Ovest;Lombardia;MN;C195;CASTELLUCCHIO;NonCap;S
Sud;Molise;CB;C197;CASTELMAURO;NonCap;S
Sud;Puglia;FG;C198;CASTELLUCCIO DEI SAURI;NonCap;S
Sud;Basilicata;PZ;C199;CASTELLUCCIO INFERIORE;NonCap;S
Sud;Molise;IS;C200;CASTELVERRINO;NonCap;S
Sud;Basilicata;PZ;C201;CASTELLUCCIO SUPERIORE;NonCap;S
Sud;Puglia;FG;C202;CASTELLUCCIO V MAGGIORE;NonCap;S
Centro;Lazio;RM;C203;CASTEL MADAMA;NonCap;S
Nord Est;Emilia-Romagna;BO;C204;CASTEL MAGGIORE;NonCap;L
Nord Ovest;Piemonte;CN;C205;CASTELMAGNO;NonCap;S
Nord Ovest;Lombardia;CO;C206;CASTELMARTE;NonCap;S
Nord Est;Veneto;RO;C207;CASTELMASSA;NonCap;S
Nord Ovest;Lombardia;BS;C208;CASTEL MELLA;NonCap;M
Sud;Basilicata;PZ;C209;CASTELMEZZANO;NonCap;S
Isole;Sicilia;ME;C210;CASTELMOLA;NonCap;S
Sud;Campania;CE;C211;CASTEL MORRONE;NonCap;S
Nord Ovest;Lombardia;PV;C213;CASTELNOVETTO;NonCap;S
Nord Ovest;Piemonte;CN;C214;CASTELNUOVO DI CEVA;NonCap;S
Nord Est;Veneto;RO;C215;CASTELNUOVO BARIANO;NonCap;S
Nord Est;Friuli- Venezia Giulia;PN;C217;CASTELNOVO DEL FRIULI;NonCap;S
Nord Est;Emilia-Romagna;RE;C218;CASTELNOVO DI SOTTO;NonCap;S
Nord Est;Emilia-Romagna;RE;C219;CASTELNOVO NEI MONTI;NonCap;S
Nord Ovest;Lombardia;CO;C220;CASTELNUOVO BOZZENTE;NonCap;S
Sud;Puglia;FG;C222;CASTELNUOVO DI DAUNIA;NonCap;S
Centro;Lazio;FR;C223;CASTELNUOVO PARANO;NonCap;S
Centro;Lazio;RI;C224;CASTELNUOVO DI FARFA;NonCap;S
Nord Est;Veneto;VR;C225;CASTELNUOVO DI VERONA;NonCap;M
Nord Ovest;Piemonte;AT;C226;CASTELNUOVO BELBO;NonCap;S
Centro;Toscana;SI;C227;CASTELNUOVO BERARDENGA;NonCap;M
Nord Ovest;Lombardia;LO;C228;CASTELNUOVO BOCCA ADDA;NonCap;S
Nord Ovest;Piemonte;AL;C229;CASTELNUOVO BORMIDA;NonCap;S
Nord Ovest;Piemonte;AT;C230;CASTELNUOVO CALCEA;NonCap;S
Sud;Campania;SA;C231;CASTELNUOVO CILENTO;NonCap;S
Nord Ovest;Piemonte;AT;C232;CASTELNUOVO DON BOSCO;NonCap;S
Sud;Campania;SA;C235;CASTELNUOVO DI CONZA;NonCap;S
Centro;Toscana;LU;C236;CASTELNUOVO GARFAGNANA;NonCap;S
Centro;Lazio;RM;C237;CASTELNUOVO DI PORTO;NonCap;S
Nord Ovest;Liguria;SP;C240;CASTELNUOVO MAGRA;NonCap;S
Nord Ovest;Piemonte;TO;C241;CASTELNUOVO NIGRA;NonCap;S
Nord Est;Emilia-Romagna;MO;C242;CASTELNUOVO RANGONE;NonCap;M
Nord Ovest;Piemonte;AL;C243;CASTELNUOVO SCRIVIA;NonCap;S
Centro;Toscana;PI;C244;CASTELNUOVO VAL DI CECINA;NonCap;S
Sud;Campania;BN;C245;CASTELPAGANO;NonCap;S
Sud;Molise;IS;C246;CASTELPETROSO;NonCap;S
Sud;Molise;IS;C247;CASTELPIZZUTO;NonCap;S
Centro;Marche;AN;C248;CASTELPLANIO;NonCap;S
Sud;Campania;BN;C250;CASTELPOTO;NonCap;S
Centro;Marche;MC;C251;CASTELRAIMONDO;NonCap;S
Centro;Umbria;PG;C252;CASTEL RITALDI;NonCap;S
Nord Ovest;Piemonte;AT;C253;CASTEL ROCCHERO;NonCap;S
Nord Ovest;Lombardia;BG;C255;CASTEL ROZZONE;NonCap;S
Sud;Campania;SA;C259;CASTEL SAN GIORGIO;NonCap;S
Nord Est;Emilia-Romagna;PC;C261;CASTEL SAN GIOVANNI;NonCap;M
Sud;Campania;SA;C262;CASTEL SAN LORENZO;NonCap;S
Centro;Toscana;AR;C263;CASTEL SAN NICCOLO;NonCap;S
Nord Est;Emilia-Romagna;BO;C265;CASTEL SAN PIETRO TERME;NonCap;M
Centro;Lazio;RM;C266;CASTEL S PIETRO ROMANO;NonCap;S
Centro;Marche;MC;C267;CASTELSANTANGELO S NERA;NonCap;S
Centro;Lazio;RI;C268;CASTEL SANT ANGELO;NonCap;S
Centro;Lazio;VT;C269;CASTEL SANT`ELIA;NonCap;S
Sud;Molise;IS;C270;CASTEL SAN VINCENZO;NonCap;S
Sud;Basilicata;PZ;C271;CASTELSARACENO;NonCap;S
Isole;Sardegna;SS;C272;CASTELSARDO;NonCap;S
Nord Ovest;Lombardia;VA;C273;CASTELSEPRIO;NonCap;S
Nord Ovest;Piemonte;AL;C274;CASTELSPINA;NonCap;S
Isole;Sicilia;AG;C275;CASTELTERMINI;NonCap;S
Nord Ovest;Liguria;SV;C276;CASTELVECCHIO DI R B;NonCap;S
Sud;Abruzzo;AQ;C278;CASTELVECCHIO CALVISIO;NonCap;S
Sud;Abruzzo;AQ;C279;CASTELVECCHIO SUBEQUO;NonCap;S
Sud;Campania;BN;C280;CASTELVENERE;NonCap;S
Nord Ovest;Valle d'Aosta;AO;C282;VERRES;NonCap;S
Sud;Campania;AV;C283;CASTELVETERE SUL CALORE;NonCap;S
Sud;Campania;BN;C284;CASTELVETERE V FORTORE;NonCap;S
Sud;Calabria;RC;C285;CAULONIA;NonCap;S
Isole;Sicilia;TP;C286;CASTELVETRANO;NonCap;M
Nord Est;Emilia-Romagna;MO;C287;CASTELVETRO DI MODENA;NonCap;S
Nord Est;Emilia-Romagna;PC;C288;CASTELVETRO PIACENTINO;NonCap;S
Centro;Umbria;TR;C289;CASTEL VISCARDO;NonCap;S
Nord Ovest;Lombardia;CR;C290;CASTELVISCONTI;NonCap;S
Sud;Campania;CE;C291;CASTEL VOLTURNO;NonCap;M
Nord Est;Emilia-Romagna;BO;C292;CASTENASO;NonCap;M
Nord Ovest;Lombardia;BS;C293;CASTENEDOLO;NonCap;S
Nord Ovest;Valle d'Aosta;AO;C294;CHATILLON;NonCap;S
Nord Est;Emilia-Romagna;BO;C296;CASTIGLIONE DEI PEPOLI;NonCap;S
Isole;Sicilia;CT;C297;CASTIGLIONE DI SICILIA;NonCap;S
Sud;Abruzzo;CH;C298;CASTIGLIONE MESS MARINO;NonCap;S
Nord Ovest;Lombardia;VA;C300;CASTIGLIONE OLONA;NonCap;S
Sud;Calabria;CS;C301;CASTIGLIONE COSENTINO;NonCap;S
Nord Ovest;Liguria;GE;C302;CASTIGLIONE CHIAVARESE;NonCap;S
Centro;Toscana;LU;C303;CASTIGLIONE GARFAGNANA;NonCap;S
Nord Ovest;Lombardia;LO;C304;CASTIGLIONE D`ADDA;NonCap;S
Sud;Campania;SA;C306;CASTIGLIONE D GENOVESI;NonCap;S
Nord Ovest;Piemonte;TO;C307;CASTIGLIONE TORINESE;NonCap;S
Sud;Abruzzo;PE;C308;CASTIGLIONE A CASAURIA;NonCap;S
Centro;Umbria;PG;C309;CASTIGLIONE DEL LAGO;NonCap;M
Centro;Toscana;GR;C310;CASTIGLIONE D PESCAIA;NonCap;L
Sud;Abruzzo;TE;C311;COLLEDARA;NonCap;S
Nord Ovest;Lombardia;MN;C312;CASTIGLIONE D STIVIERE;NonCap;M
Centro;Toscana;SI;C313;CASTIGLIONE D ORCIA;NonCap;S
Nord Ovest;Piemonte;CN;C314;CASTIGLIONE FALLETTO;NonCap;S
Centro;Lazio;VT;C315;CASTIGLIONE IN TEVERINA;NonCap;S
Sud;Abruzzo;TE;C316;CASTIGLIONE M RAIMONDO;NonCap;S
Nord Ovest;Piemonte;CN;C317;CASTIGLIONE TINELLA;NonCap;S
Centro;Toscana;AR;C318;CASTIGLION FIBOCCHI;NonCap;S
Centro;Toscana;AR;C319;CASTIGLION FIORENTINO;NonCap;S
Centro;Marche;AP;C321;CASTIGNANO;NonCap;S
Sud;Abruzzo;TE;C322;CASTILENTI;NonCap;S
Nord Ovest;Piemonte;CN;C323;CASTINO;NonCap;S
Nord Ovest;Lombardia;BG;C324;CASTIONE D PRESOLANA;NonCap;S
Nord Ovest;Lombardia;SO;C325;CASTIONE ANDEVENNO;NonCap;S
Nord Est;Friuli- Venezia Giulia;UD;C327;CASTIONS DI STRADA;NonCap;S
Nord Ovest;Lombardia;LO;C329;CASTIRAGA VIDARDO;NonCap;S
Nord Ovest;Lombardia;BS;C330;CASTO;NonCap;S
Centro;Marche;AP;C331;CASTORANO;NonCap;S
Nord Ovest;Lombardia;BS;C332;CASTREZZATO;NonCap;S
Sud;Puglia;LE;C334;CASTRI DI LECCE;NonCap;S
Sud;Puglia;LE;C335;CASTRIGNANO DE' GRECI;NonCap;S
Sud;Puglia;LE;C336;CASTRIGNANO DEL CAPO;NonCap;S
Nord Ovest;Lombardia;BG;C337;CASTRO;NonCap;S
Centro;Lazio;FR;C338;CASTRO DEI VOLSCI;NonCap;S
Nord Est;Emilia-Romagna;FO;C339;CASTROCARO TERME T SOLE;NonCap;S
Centro;Lazio;FR;C340;CASTROCIELO;NonCap;S
Isole;Sicilia;AG;C341;CASTROFILIPPO;NonCap;S
Isole;Sicilia;EN;C342;ENNA;cap;M
Nord Ovest;Lombardia;VA;C343;CASTRONNO;NonCap;S
Isole;Sicilia;PA;C344;CASTRONUOVO DI SICILIA;NonCap;S
Sud;Basilicata;PZ;C345;CASTRONUOVO SANT`ANDREA;NonCap;S
Sud;Molise;CB;C346;CASTROPIGNANO;NonCap;S
Isole;Sicilia;ME;C347;CASTROREALE;NonCap;S
Sud;Calabria;CS;C348;CASTROREGIO;NonCap;S
Sud;Calabria;CS;C349;CASTROVILLARI;NonCap;S
Isole;Sicilia;CT;C351;CATANIA;cap;XL
Sud;Calabria;CZ;C352;CATANZARO;cap;L
Isole;Sicilia;EN;C353;CATENANUOVA;NonCap;S
Sud;Abruzzo;PE;C354;CATIGNANO;NonCap;S
Isole;Sicilia;AG;C356;CATTOLICA ERACLEA;NonCap;S
Nord Est;Emilia-Romagna;RN;C357;CATTOLICA;NonCap;M
Sud;Campania;BN;C359;CAUTANO;NonCap;S
Nord Ovest;Lombardia;PV;C360;CAVA MANARA;NonCap;S
Sud;Campania;SA;C361;CAVA DE` TIRRENI;NonCap;M
Nord Ovest;Piemonte;BI;C363;CAVAGLIA;NonCap;S
Nord Ovest;Piemonte;NO;C364;CAVAGLIETTO;NonCap;S
Nord Ovest;Piemonte;NO;C365;CAVAGLIO D`AGOGNA;NonCap;S
Nord Ovest;Piemonte;TO;C369;CAVAGNOLO;NonCap;S
Nord Est;Veneto;VR;C370;CAVAION VERONESE;NonCap;S
Nord Ovest;Piemonte;CN;C375;CAVALLERLEONE;NonCap;S
Nord Ovest;Piemonte;CN;C376;CAVALLERMAGGIORE;NonCap;S
Sud;Puglia;LE;C377;CAVALLINO;NonCap;S
Nord Ovest;Piemonte;NO;C378;CAVALLIRIO;NonCap;S
Nord Ovest;Lombardia;CO;C381;CAVARGNA;NonCap;S
Nord Ovest;Lombardia;VA;C382;CAVARIA CON PREMEZZO;NonCap;S
Nord Est;Veneto;VE;C383;CAVARZERE;NonCap;S
Nord Est;Veneto;TV;C384;CAVASO DEL TOMBA;NonCap;S
Nord Est;Friuli- Venezia Giulia;PN;C385;CAVASSO NUOVO;NonCap;S
Nord Ovest;Piemonte;AL;C387;CAVATORE;NonCap;S
Nord Est;Veneto;VE;C388;JESOLO;NonCap;L
Nord Est;Friuli- Venezia Giulia;UD;C389;CAVAZZO CARNICO;NonCap;S
Centro;Lazio;RM;C390;CAVE;NonCap;S
Nord Ovest;Lombardia;LO;C394;CAVENAGO D`ADDA;NonCap;S
Nord Ovest;Lombardia;MI;C395;CAVENAGO DI BRIANZA;NonCap;S
Nord Ovest;Lombardia;BG;C396;CAVERNAGO;NonCap;S
Nord Est;Emilia-Romagna;MO;C398;CAVEZZO;NonCap;S
Nord Ovest;Piemonte;TO;C404;CAVOUR;NonCap;S
Nord Est;Emilia-Romagna;RE;C405;CAVRIAGO;NonCap;S
Nord Ovest;Lombardia;MN;C406;CAVRIANA;NonCap;S
Centro;Toscana;AR;C407;CAVRIGLIA;NonCap;S
Nord Ovest;Lombardia;BS;C408;CAZZAGO SAN MARTINO;NonCap;S
Nord Ovest;Lombardia;VA;C409;CAZZAGO BRABBIA;NonCap;S
Nord Ovest;Lombardia;BG;C410;CAZZANO SANT`ANDREA;NonCap;S
Nord Est;Veneto;VR;C412;CAZZANO DI TRAMIGNA;NonCap;S
Centro;Lazio;FR;C413;CECCANO;NonCap;S
Nord Ovest;Lombardia;PV;C414;CECIMA;NonCap;S
Centro;Toscana;LI;C415;CECINA;NonCap;L
Nord Ovest;Lombardia;BS;C417;CEDEGOLO;NonCap;S
Nord Ovest;Lombardia;SO;C418;CEDRASCO;NonCap;S
Isole;Sicilia;PA;C420;CEFALA` DIANA;NonCap;S
Isole;Sicilia;PA;C421;CEFALU`;NonCap;M
Nord Est;Veneto;VE;C422;CEGGIA;NonCap;S
Sud;Puglia;BR;C424;CEGLIE MESSAPICA;NonCap;S
Sud;Abruzzo;AQ;C426;CELANO;NonCap;S
Sud;Abruzzo;CH;C428;CELENZA SUL TRIGNO;NonCap;S
Sud;Puglia;FG;C429;CELENZA VALFORTORE;NonCap;S
Sud;Calabria;CS;C430;CELICO;NonCap;S
Nord Ovest;Piemonte;AL;C432;CELLA MONTE;NonCap;S
Nord Ovest;Lombardia;CR;C435;CELLA DATI;NonCap;S
Sud;Puglia;BA;C436;CELLAMARE;NonCap;S
Sud;Calabria;CS;C437;CELLARA;NonCap;S
Nord Ovest;Piemonte;AT;C438;CELLARENGO;NonCap;S
Nord Ovest;Lombardia;BS;C439;CELLATICA;NonCap;S
Nord Ovest;Piemonte;AT;C440;CELLE ENOMONDO;NonCap;S
Nord Ovest;Piemonte;CN;C441;CELLE DI MACRA;NonCap;S
Sud;Puglia;FG;C442;CELLE SAN VITO;NonCap;S
Nord Ovest;Liguria;SV;C443;CELLE LIGURE;NonCap;M
Sud;Campania;SA;C444;CELLE DI BULGHERIA;NonCap;S
Centro;Lazio;VT;C446;CELLENO;NonCap;S
Centro;Lazio;VT;C447;CELLERE;NonCap;S
Sud;Puglia;BR;C448;CELLINO SAN MARCO;NonCap;S
Sud;Abruzzo;TE;C449;CELLINO ATTANASIO;NonCap;S
Sud;Calabria;CZ;C453;CENADI;NonCap;S
Nord Ovest;Lombardia;BG;C456;CENATE SOPRA;NonCap;S
Nord Ovest;Lombardia;BG;C457;CENATE SOTTO;NonCap;S
Nord Est;Veneto;BL;C458;CENCENIGHE AGORDINO;NonCap;S
Nord Ovest;Lombardia;BG;C459;CENE;NonCap;S
Nord Est;Veneto;RO;C461;CENESELLI;NonCap;S
Nord Ovest;Liguria;SV;C463;CENGIO;NonCap;S
Nord Ovest;Piemonte;CN;C466;CENTALLO;NonCap;S
Nord Est;Emilia-Romagna;FE;C469;CENTO;NonCap;L
Sud;Campania;SA;C470;CENTOLA;NonCap;S
Isole;Sicilia;EN;C471;CENTURIPE;NonCap;S
Sud;Calabria;CZ;C472;CENTRACHE;NonCap;S
Sud;Abruzzo;PE;C474;CEPAGATTI;NonCap;S
Sud;Campania;BN;C476;CEPPALONI;NonCap;S
Nord Ovest;Piemonte;VB;C478;CEPPO MORELLI;NonCap;S
Centro;Lazio;FR;C479;CEPRANO;NonCap;S
Isole;Sicilia;EN;C480;CERAMI;NonCap;S
Nord Ovest;Liguria;GE;C481;CERANESI;NonCap;S
Nord Ovest;Lombardia;CO;C482;CERANO D INTELVI;NonCap;S
Nord Ovest;Piemonte;NO;C483;CERANO;NonCap;S
Nord Ovest;Lombardia;PV;C484;CERANOVA;NonCap;S
Sud;Campania;SA;C485;CERASO;NonCap;S
Sud;Molise;CB;C486;CERCEMAGGIORE;NonCap;S
Nord Ovest;Piemonte;TO;C487;CERCENASCO;NonCap;S
Sud;Molise;CB;C488;CERCEPICCOLA;NonCap;S
Sud;Calabria;CS;C489;CERCHIARA DI CALABRIA;NonCap;S
Sud;Abruzzo;AQ;C492;CERCHIO;NonCap;S
Nord Ovest;Lombardia;SO;C493;CERCINO;NonCap;S
Nord Est;Friuli- Venezia Giulia;UD;C494;CERCIVENTO;NonCap;S
Sud;Campania;NA;C495;CERCOLA;NonCap;S
Isole;Sicilia;PA;C496;CERDA;NonCap;S
Nord Ovest;Piemonte;TO;C497;CERES;NonCap;S
Nord Est;Veneto;VR;C498;CEREA;NonCap;M
Nord Est;Veneto;RO;C500;CEREGNANO;NonCap;S
Sud;Calabria;KR;C501;CERENZIA;NonCap;S
Nord Ovest;Lombardia;MN;C502;CERESARA;NonCap;S
Nord Ovest;Piemonte;AL;C503;CERESETO;NonCap;S
Nord Ovest;Piemonte;CN;C504;CERESOLE ALBA;NonCap;S
Nord Ovest;Piemonte;TO;C505;CERESOLE REALE;NonCap;S
Nord Ovest;Lombardia;BG;C506;CERETE;NonCap;S
Nord Ovest;Piemonte;AL;C507;CERRETO GRUE;NonCap;S
Nord Ovest;Lombardia;PV;C508;CERETTO LOMELLINA;NonCap;S
Nord Ovest;Lombardia;PV;C509;CERGNAGO;NonCap;S
Nord Ovest;Liguria;SV;C510;CERIALE;NonCap;M
Nord Ovest;Liguria;IM;C511;CERIANA;NonCap;S
Nord Ovest;Lombardia;MI;C512;CERIANO LAGHETTO;NonCap;S
Nord Est;Emilia-Romagna;PC;C513;CERIGNALE;NonCap;S
Sud;Puglia;FG;C514;CERIGNOLA;NonCap;M
Sud;Calabria;CS;C515;CERISANO;NonCap;S
Nord Ovest;Lombardia;CO;C516;CERMENATE;NonCap;S
Sud;Abruzzo;TE;C517;CERMIGNANO;NonCap;S
Centro;Lazio;RM;C518;CERRETO LAZIALE;NonCap;S
Nord Ovest;Lombardia;CO;C520;CERNOBBIO;NonCap;M
Nord Ovest;Lombardia;LC;C521;CERNUSCO LOMBARDONE;NonCap;S
Nord Ovest;Lombardia;MI;C523;CERNUSCO SUL NAVIGLIO;NonCap;L
Centro;Marche;AN;C524;CERRETO D`ESI;NonCap;S
Sud;Campania;BN;C525;CERRETO SANNITA;NonCap;S
Centro;Umbria;PG;C527;CERRETO DI SPOLETO;NonCap;S
Nord Ovest;Piemonte;AT;C528;CERRETO D`ASTI;NonCap;S
Centro;Toscana;FI;C529;CERRETO GUIDI;NonCap;S
Nord Ovest;Piemonte;CN;C530;CERRETO DELLE LANGHE;NonCap;S
Nord Ovest;Piemonte;AL;C531;CERRINA;NonCap;S
Nord Ovest;Piemonte;BI;C532;CERRIONE;NonCap;S
Nord Ovest;Piemonte;AT;C533;CERRO TANARO;NonCap;S
Sud;Molise;IS;C534;CERRO AL VOLTURNO;NonCap;S
Nord Ovest;Lombardia;MI;C536;CERRO AL LAMBRO;NonCap;S
Nord Ovest;Lombardia;MI;C537;CERRO MAGGIORE;NonCap;M
Nord Est;Veneto;VR;C538;CERRO VERONESE;NonCap;S
Sud;Basilicata;PZ;C539;CERSOSIMO;NonCap;S
Centro;Toscana;FI;C540;CERTALDO;NonCap;M
Nord Ovest;Lombardia;PV;C541;CERTOSA DI PAVIA;NonCap;S
Sud;Calabria;CZ;C542;CERVA;NonCap;S
Centro;Lazio;RM;C543;CERVARA DI ROMA;NonCap;S
Nord Est;Veneto;PD;C544;CERVARESE SANTA CROCE;NonCap;S
Centro;Lazio;FR;C545;CERVARO;NonCap;S
Nord Ovest;Piemonte;CN;C547;CERVASCA;NonCap;S
Nord Ovest;Piemonte;VC;C548;CERVATTO;NonCap;S
Nord Ovest;Lombardia;BS;C549;CERVENO;NonCap;S
Nord Ovest;Piemonte;CN;C550;CERVERE;NonCap;S
Nord Ovest;Lombardia;PV;C551;CERVESINA;NonCap;S
Centro;Lazio;RM;C552;CERVETERI;NonCap;L
Nord Est;Emilia-Romagna;RA;C553;CERVIA;NonCap;L
Sud;Calabria;CS;C554;CERVICATI;NonCap;S
Nord Ovest;Lombardia;LO;C555;CERVIGNANO D`ADDA;NonCap;S
Sud;Campania;AV;C557;CERVINARA;NonCap;S
Sud;Campania;CE;C558;CERVINO;NonCap;S
Nord Ovest;Liguria;IM;C559;CERVO;NonCap;S
Sud;Calabria;CS;C560;CERZETO;NonCap;S
Sud;Campania;CE;C561;CESA;NonCap;S
Nord Ovest;Lombardia;LC;C563;CESANA BRIANZA;NonCap;S
Nord Ovest;Piemonte;TO;C564;CESANA TORINESE;NonCap;S
Nord Ovest;Lombardia;MI;C565;CESANO BOSCONE;NonCap;M
Nord Ovest;Lombardia;MI;C566;CESANO MADERNO;NonCap;L
Nord Ovest;Piemonte;VB;C567;CESARA;NonCap;S
Isole;Sicilia;ME;C568;CESARO`;NonCap;S
Nord Ovest;Lombardia;MI;C569;CESATE;NonCap;M
Nord Est;Emilia-Romagna;FO;C573;CESENA;NonCap;L
Nord Est;Emilia-Romagna;FO;C574;CESENATICO;NonCap;L
Sud;Campania;AV;C576;CESINALI;NonCap;S
Nord Est;Veneto;BL;C577;CESIOMAGGIORE;NonCap;S
Nord Ovest;Liguria;IM;C578;CESIO;NonCap;S
Nord Est;Veneto;TV;C580;CESSALTO;NonCap;S
Sud;Calabria;VV;C581;CESSANITI;NonCap;S
Centro;Marche;MC;C582;CESSAPALOMBO;NonCap;S
Nord Ovest;Piemonte;AT;C583;CESSOLE;NonCap;S
Sud;Campania;SA;C584;CETARA;NonCap;S
Nord Ovest;Lombardia;BS;C585;CETO;NonCap;S
Centro;Toscana;SI;C587;CETONA;NonCap;S
Sud;Calabria;CS;C588;CETRARO;NonCap;S
Nord Ovest;Piemonte;CN;C589;CEVA;NonCap;S
Nord Ovest;Lombardia;BS;C591;CEVO;NonCap;S
Nord Ovest;Valle d'Aosta;AO;C593;CHALLAND SAINT ANSELME;NonCap;S
Nord Ovest;Valle d'Aosta;AO;C594;CHALLAND SAINT VICTOR;NonCap;S
Nord Ovest;Valle d'Aosta;AO;C595;CHAMBAVE;NonCap;S
Nord Ovest;Valle d'Aosta;AO;C596;CHAMPDEPRAZ;NonCap;S
Nord Ovest;Valle d'Aosta;AO;C598;CHARVENSOD;NonCap;S
Nord Ovest;Piemonte;CN;C599;CHERASCO;NonCap;S
Isole;Sardegna;SS;C600;CHEREMULE;NonCap;S
Nord Ovest;Piemonte;TO;C604;CHIALAMBERTO;NonCap;S
Nord Est;Veneto;VI;C605;CHIAMPO;NonCap;S
Sud;Campania;AV;C606;CHIANCHE;NonCap;S
Centro;Toscana;SI;C608;CHIANCIANO TERME;NonCap;S
Centro;Toscana;PI;C609;CHIANNI;NonCap;S
Nord Ovest;Piemonte;TO;C610;CHIANOCCO;NonCap;S
Isole;Sicilia;RG;C612;CHIARAMONTE GULFI;NonCap;S
Isole;Sardegna;SS;C613;CHIARAMONTI;NonCap;S
Nord Est;Veneto;TV;C614;CHIARANO;NonCap;S
Centro;Marche;AN;C615;CHIARAVALLE;NonCap;S
Sud;Calabria;CZ;C616;CHIARAVALLE CENTRALE;NonCap;S
Nord Ovest;Lombardia;BS;C618;CHIARI;NonCap;M
Sud;Basilicata;PZ;C619;CHIAROMONTE;NonCap;S
Sud;Molise;IS;C620;CHIAUCI;NonCap;S
Nord Ovest;Liguria;GE;C621;CHIAVARI;NonCap;L
Nord Ovest;Lombardia;SO;C623;CHIAVENNA;NonCap;S
Nord Ovest;Piemonte;TO;C624;CHIAVERANO;NonCap;S
Nord Ovest;Piemonte;TO;C627;CHIERI;NonCap;L
Nord Ovest;Lombardia;SO;C628;CHIESA IN VALMALENCO;NonCap;S
Nord Ovest;Piemonte;TO;C629;CHIESANUOVA;NonCap;S
Nord Est;Veneto;BL;C630;CHIES D`ALPAGO;NonCap;S
Centro;Toscana;PT;C631;CHIESINA UZZANESE;NonCap;S
Sud;Abruzzo;CH;C632;CHIETI;cap;L
Sud;Puglia;FG;C633;CHIEUTI;NonCap;S
Nord Ovest;Lombardia;CR;C634;CHIEVE;NonCap;S
Nord Ovest;Lombardia;BG;C635;CHIGNOLO D`ISOLA;NonCap;S
Nord Ovest;Lombardia;PV;C637;CHIGNOLO PO;NonCap;S
Nord Est;Veneto;VE;C638;CHIOGGIA;NonCap;L
Nord Ovest;Piemonte;TO;C639;CHIOMONTE;NonCap;S
Nord Est;Friuli- Venezia Giulia;PN;C640;CHIONS;NonCap;S
Centro;Toscana;AR;C648;CHITIGNANO;NonCap;S
Nord Ovest;Lombardia;BG;C649;CHIUDUNO;NonCap;S
Nord Est;Veneto;VI;C650;CHIUPPANO;NonCap;S
Nord Ovest;Lombardia;SO;C651;CHIURO;NonCap;S
Nord Ovest;Piemonte;CN;C653;CHIUSA DI PESIO;NonCap;S
Isole;Sicilia;PA;C654;CHIUSA SCLAFANI;NonCap;S
Nord Ovest;Piemonte;TO;C655;CHIUSA DI SAN MICHELE;NonCap;S
Nord Est;Friuli- Venezia Giulia;UD;C656;CHIUSAFORTE;NonCap;S
Nord Ovest;Liguria;IM;C657;CHIUSANICO;NonCap;S
Nord Ovest;Piemonte;AT;C658;CHIUSANO D`ASTI;NonCap;S
Sud;Campania;AV;C659;CHIUSANO DI S DOMENICO;NonCap;S
Nord Ovest;Liguria;IM;C660;CHIUSAVECCHIA;NonCap;S
Centro;Toscana;SI;C661;CHIUSDINO;NonCap;S
Centro;Toscana;SI;C662;CHIUSI;NonCap;S
Centro;Toscana;AR;C663;CHIUSI DELLA VERNA;NonCap;S
Nord Ovest;Piemonte;TO;C665;CHIVASSO;NonCap;M
Isole;Sicilia;AG;C668;CIANCIANA;NonCap;S
Nord Est;Emilia-Romagna;RE;C669;CIANO D`ENZA;NonCap;S
Nord Est;Veneto;TV;C670;CROCETTA DEL MONTELLO;NonCap;S
Nord Est;Veneto;BL;C672;CIBIANA DI CADORE;NonCap;S
Nord Ovest;Liguria;GE;C673;CICAGNA;NonCap;S
Sud;Calabria;CZ;C674;CICALA;NonCap;S
Sud;Campania;NA;C675;CICCIANO;NonCap;S
Sud;Campania;SA;C676;CICERALE;NonCap;S
Centro;Lazio;RM;C677;CICILIANO;NonCap;S
Nord Ovest;Lombardia;CR;C678;CICOGNOLO;NonCap;S
Nord Ovest;Piemonte;TO;C679;CICONIO;NonCap;S
Nord Ovest;Piemonte;VC;C680;CIGLIANO;NonCap;S
Nord Ovest;Piemonte;CN;C681;CIGLIE;NonCap;S
Nord Ovest;Lombardia;PV;C684;CIGOGNOLA;NonCap;S
Nord Ovest;Lombardia;BS;C685;CIGOLE;NonCap;S
Nord Ovest;Lombardia;PV;C686;CILAVEGNA;NonCap;S
Nord Est;Veneto;TV;C689;CIMADOLMO;NonCap;S
Nord Ovest;Lombardia;BS;C691;CIMBERGO;NonCap;S
Sud;Calabria;RC;C695;CIMINA`;NonCap;S
Isole;Sicilia;PA;C696;CIMINNA;NonCap;S
Sud;Campania;NA;C697;CIMITILE;NonCap;S
Nord Ovest;Lombardia;BS;C698;TAVERNOLE SUL MELLA;NonCap;S
Nord Est;Friuli- Venezia Giulia;PN;C699;CIMOLAIS;NonCap;S
Nord Ovest;Piemonte;AT;C701;CINAGLIO;NonCap;S
Centro;Lazio;RM;C702;CINETO ROMANO;NonCap;S
Nord Ovest;Lombardia;CR;C703;CINGIA DE` BOTTI;NonCap;S
Centro;Marche;MC;C704;CINGOLI;NonCap;S
Centro;Toscana;GR;C705;CINIGIANO;NonCap;S
Nord Ovest;Lombardia;MI;C707;CINISELLO BALSAMO;NonCap;L
Isole;Sicilia;PA;C708;CINISI;NonCap;S
Nord Ovest;Lombardia;SO;C709;CINO;NonCap;S
Sud;Calabria;RC;C710;CINQUEFRONDI;NonCap;S
Nord Ovest;Piemonte;TO;C711;CINTANO;NonCap;S
Nord Est;Veneto;PD;C713;CINTO EUGANEO;NonCap;S
Nord Est;Veneto;VE;C714;CINTO CAOMAGGIORE;NonCap;S
Nord Ovest;Piemonte;TO;C715;CINZANO;NonCap;S
Sud;Campania;CE;C716;CIORLANO;NonCap;S
Nord Ovest;Liguria;IM;C718;CIPRESSA;NonCap;S
Sud;Campania;BN;C719;CIRCELLO;NonCap;S
Nord Ovest;Piemonte;TO;C722;CIRIE`;NonCap;M
Sud;Basilicata;MT;C723;CIRIGLIANO;NonCap;S
Nord Ovest;Lombardia;CO;C724;CIRIMIDO;NonCap;S
Sud;Calabria;KR;C725;CIRO`;NonCap;S
Sud;Calabria;KR;C726;CIRO` MARINA;NonCap;S
Nord Ovest;Lombardia;BG;C728;CISANO BERGAMASCO;NonCap;S
Nord Ovest;Liguria;SV;C729;CISANO SUL NEVA;NonCap;S
Nord Ovest;Lombardia;BG;C730;CISERANO;NonCap;S
Nord Ovest;Lombardia;VA;C732;CISLAGO;NonCap;S
Nord Ovest;Lombardia;MI;C733;CISLIANO;NonCap;S
Nord Est;Veneto;TV;C735;CISON DI VALMARINO;NonCap;S
Nord Ovest;Piemonte;CN;C738;CISSONE;NonCap;S
Nord Ovest;Piemonte;AT;C739;CISTERNA D`ASTI;NonCap;S
Centro;Lazio;LT;C740;CISTERNA DI LATINA;NonCap;M
Sud;Puglia;BR;C741;CISTERNINO;NonCap;S
Centro;Umbria;PG;C742;CITERNA;NonCap;S
Nord Est;Veneto;PD;C743;CITTADELLA;NonCap;M
Centro;Umbria;PG;C744;CITTA` DELLA PIEVE;NonCap;S
Centro;Umbria;PG;C745;CITTA` DI CASTELLO;NonCap;M
Centro;Lazio;RI;C746;CITTADUCALE;NonCap;S
Sud;Calabria;RC;C747;CITTANOVA;NonCap;S
Centro;Lazio;RI;C749;CITTAREALE;NonCap;S
Sud;Abruzzo;PE;C750;CITTA` SANT`ANGELO;NonCap;S
Nord Ovest;Lombardia;VA;C751;CITTIGLIO;NonCap;S
Nord Ovest;Lombardia;LC;C752;CIVATE;NonCap;S
Nord Ovest;Liguria;IM;C755;CIVEZZA;NonCap;S
Nord Ovest;Piemonte;VC;C757;CIVIASCO;NonCap;S
Nord Est;Friuli- Venezia Giulia;UD;C758;CIVIDALE DEL FRIULI;NonCap;S
Nord Ovest;Lombardia;BG;C759;CIVIDATE AL PIANO;NonCap;S
Nord Ovest;Lombardia;BS;C760;CIVIDATE CAMUNO;NonCap;S
Sud;Calabria;CS;C763;CIVITA;NonCap;S
Sud;Molise;CB;C764;CIVITA CAMPOMARANO;NonCap;S
Centro;Lazio;VT;C765;CIVITA CASTELLANA;NonCap;S
Sud;Abruzzo;AQ;C766;CIVITA D`ANTINO;NonCap;S
Centro;Lazio;RM;C767;LANUVIO;NonCap;S
Sud;Abruzzo;CH;C768;CIVITALUPARELLA;NonCap;S
Sud;Molise;IS;C769;CIVITANOVA DEL SANNIO;NonCap;S
Centro;Marche;MC;C770;CIVITANOVA MARCHE;NonCap;L
Sud;Abruzzo;PE;C771;CIVITAQUANA;NonCap;S
Sud;Molise;CB;C772;DURONIA;NonCap;S
Centro;Lazio;RM;C773;CIVITAVECCHIA;NonCap;L
Centro;Toscana;AR;C774;CIVITELLA VALDICHIANA;NonCap;S
Sud;Abruzzo;CH;C776;CIVITELLA MESS RAIMONDO;NonCap;S
Nord Est;Emilia-Romagna;FO;C777;CIVITELLA DI ROMAGNA;NonCap;S
Sud;Abruzzo;AQ;C778;CIVITELLA ALFEDENA;NonCap;S
Sud;Abruzzo;PE;C779;CIVITELLA CASANOVA;NonCap;S
Centro;Lazio;VT;C780;CIVITELLA D`AGLIANO;NonCap;S
Sud;Abruzzo;TE;C781;CIVITELLA DEL TRONTO;NonCap;S
Centro;Toscana;GR;C782;CIVITELLA PAGANICO;NonCap;S
Sud;Abruzzo;AQ;C783;CIVITELLA ROVETO;NonCap;S
Centro;Lazio;RM;C784;CIVITELLA SAN PAOLO;NonCap;S
Nord Ovest;Lombardia;SO;C785;CIVO;NonCap;S
Nord Ovest;Lombardia;CO;C787;CLAINO CON OSTENO;NonCap;S
Nord Ovest;Lombardia;BG;C789;UBIALE CLANEZZO;NonCap;S
Nord Est;Friuli- Venezia Giulia;PN;C790;CLAUT;NonCap;S
Nord Est;Friuli- Venezia Giulia;PN;C791;CLAUZETTO;NonCap;S
Nord Ovest;Piemonte;CN;C792;CLAVESANA;NonCap;S
Nord Ovest;Piemonte;TO;C793;CLAVIERE;NonCap;S
Sud;Calabria;CS;C795;CLETO;NonCap;S
Nord Ovest;Lombardia;VA;C796;CLIVIO;NonCap;S
Nord Ovest;Lombardia;BG;C800;CLUSONE;NonCap;S
Nord Ovest;Piemonte;TO;C801;COASSOLO TORINESE;NonCap;S
Nord Ovest;Piemonte;TO;C803;COAZZE;NonCap;S
Nord Ovest;Piemonte;AT;C804;COAZZOLO;NonCap;S
Nord Ovest;Lombardia;BS;C806;COCCAGLIO;NonCap;S
Nord Ovest;Piemonte;AT;C807;COCCONATO;NonCap;S
Nord Ovest;Lombardia;VA;C810;COCQUIO-TREVISAGO;NonCap;S
Sud;Abruzzo;AQ;C811;COCULLO;NonCap;S
Nord Est;Veneto;PD;C812;CODEVIGO;NonCap;S
Nord Ovest;Lombardia;PV;C813;CODEVILLA;NonCap;S
Nord Est;Emilia-Romagna;FE;C814;CODIGORO;NonCap;S
Nord Est;Veneto;TV;C815;CODOGNE`;NonCap;S
Nord Ovest;Lombardia;LO;C816;CODOGNO;NonCap;M
Nord Est;Friuli- Venezia Giulia;UD;C817;CODROIPO;NonCap;M
Isole;Sardegna;SS;C818;CODRONGIANUS;NonCap;S
Nord Ovest;Piemonte;BI;C819;COGGIOLA;NonCap;S
Nord Ovest;Lombardia;MI;C820;COGLIATE;NonCap;S
Nord Ovest;Valle d'Aosta;AO;C821;COGNE;NonCap;S
Nord Ovest;Liguria;GE;C823;COGOLETO;NonCap;M
Nord Est;Veneto;VI;C824;COGOLLO DEL CENGIO;NonCap;S
Nord Ovest;Liguria;GE;C826;COGORNO;NonCap;S
Nord Ovest;Piemonte;NO;C829;COLAZZA;NonCap;S
Nord Ovest;Lombardia;BG;C835;COLERE;NonCap;S
Centro;Lazio;FR;C836;COLFELICE;NonCap;S
Nord Est;Emilia-Romagna;PC;C838;COLI;NonCap;S
Nord Ovest;Lombardia;LC;C839;COLICO;NonCap;M
Centro;Lazio;RI;C841;COLLALTO SABINO;NonCap;S
Sud;Abruzzo;AQ;C844;COLLARMELE;NonCap;S
Centro;Umbria;PG;C845;COLLAZZONE;NonCap;S
Sud;Campania;BN;C846;COLLE SANNITA;NonCap;S
Centro;Toscana;SI;C847;COLLE DI VAL D ELSA;NonCap;M
Nord Est;Veneto;TV;C848;COLLE UMBERTO;NonCap;S
Nord Ovest;Lombardia;BS;C850;COLLEBEATO;NonCap;S
Nord Ovest;Lombardia;LC;C851;COLLE BRIANZA;NonCap;S
Nord Est;Emilia-Romagna;PR;C852;COLLECCHIO;NonCap;M
Sud;Abruzzo;PE;C853;COLLECORVINO;NonCap;S
Sud;Molise;CB;C854;COLLE D`ANCHISE;NonCap;S
Sud;Abruzzo;CH;C855;COLLEDIMACINE;NonCap;S
Sud;Abruzzo;CH;C856;COLLEDIMEZZO;NonCap;S
Centro;Lazio;RI;C857;COLLE DI TORA;NonCap;S
Centro;Lazio;RM;C858;COLLEFERRO;NonCap;M
Centro;Lazio;RI;C859;COLLEGIOVE;NonCap;S
Nord Ovest;Piemonte;TO;C860;COLLEGNO;NonCap;L
Sud;Abruzzo;AQ;C862;COLLELONGO;NonCap;S
Centro;Lazio;FR;C864;COLLEPARDO;NonCap;S
Sud;Puglia;LE;C865;COLLEPASSO;NonCap;S
Sud;Abruzzo;AQ;C866;COLLEPIETRO;NonCap;S
Nord Ovest;Piemonte;TO;C867;COLLERETTO CASTELNUOVO;NonCap;S
Nord Ovest;Piemonte;TO;C868;COLLERETTO GIACOSA;NonCap;S
Centro;Toscana;LI;C869;COLLESALVETTI;NonCap;M
Centro;Lazio;FR;C870;COLLE SAN MAGNO;NonCap;S
Isole;Sicilia;PA;C871;COLLESANO;NonCap;S
Sud;Molise;CB;C875;COLLETORTO;NonCap;S
Centro;Lazio;RI;C876;COLLEVECCHIO;NonCap;S
Centro;Marche;AP;C877;COLLI DEL TRONTO;NonCap;S
Sud;Molise;IS;C878;COLLI A VOLTURNO;NonCap;S
Sud;Campania;SA;C879;COLLIANO;NonCap;S
Centro;Lazio;RI;C880;COLLI SUL VELINO;NonCap;S
Isole;Sardegna;CA;C882;COLLINAS;NonCap;S
Nord Ovest;Lombardia;BS;C883;COLLIO;NonCap;S
Nord Ovest;Piemonte;VC;C884;COLLOBIANO;NonCap;S
Nord Est;Friuli- Venezia Giulia;UD;C885;COLLOREDO MONTE ALBANO;NonCap;S
Centro;Marche;MC;C886;COLMURANO;NonCap;S
Sud;Basilicata;MT;C888;COLOBRARO;NonCap;S
Nord Est;Veneto;VR;C890;COLOGNA VENETA;NonCap;S
Nord Ovest;Lombardia;BS;C893;COLOGNE;NonCap;S
Nord Ovest;Lombardia;BG;C894;COLOGNO AL SERIO;NonCap;S
Nord Ovest;Lombardia;MI;C895;COLOGNO MONZESE;NonCap;L
Nord Est;Veneto;VR;C897;COLOGNOLA AI COLLI;NonCap;S
Centro;Lazio;RM;C900;COLONNA;NonCap;S
Sud;Abruzzo;TE;C901;COLONNELLA;NonCap;S
Nord Ovest;Lombardia;CO;C902;COLONNO;NonCap;S
Nord Ovest;Lombardia;SO;C903;COLORINA;NonCap;S
Nord Est;Emilia-Romagna;PR;C904;COLORNO;NonCap;S
Sud;Calabria;CS;C905;COLOSIMI;NonCap;S
Nord Ovest;Lombardia;MI;C908;COLTURANO;NonCap;S
Nord Ovest;Lombardia;BG;C910;COLZATE;NonCap;S
Nord Ovest;Lombardia;VA;C911;COMABBIO;NonCap;S
Nord Est;Emilia-Romagna;FE;C912;COMACCHIO;NonCap;L
Centro;Toscana;MS;C914;COMANO;NonCap;S
Nord Ovest;Lombardia;LO;C917;COMAZZO;NonCap;S
Nord Est;Friuli- Venezia Giulia;UD;C918;COMEGLIANS;NonCap;S
Nord Est;Veneto;BL;C919;SANTO STEFANO DI CADORE;NonCap;S
Nord Est;Veneto;BL;C920;COMELICO SUPERIORE;NonCap;S
Nord Ovest;Lombardia;VA;C922;COMERIO;NonCap;S
Nord Ovest;Lombardia;BS;C925;COMEZZANO-CIZZAGO;NonCap;S
Nord Ovest;Piemonte;NO;C926;COMIGNAGO;NonCap;S
Isole;Sicilia;RG;C927;COMISO;NonCap;S
Isole;Sicilia;AG;C928;COMITINI;NonCap;S
Sud;Campania;NA;C929;COMIZIANO;NonCap;S
Nord Ovest;Lombardia;MN;C930;COMMESSAGGIO;NonCap;S
Nord Ovest;Lombardia;CO;C933;COMO;cap;L
Nord Est;Emilia-Romagna;PR;C934;COMPIANO;NonCap;S
Centro;Marche;AP;C935;COMUNANZA;NonCap;S
Nord Ovest;Lombardia;CO;C936;VALSOLDA;NonCap;S
Nord Ovest;Lombardia;BG;C937;COMUN NUOVO;NonCap;S
Nord Est;Veneto;VE;C938;CONA;NonCap;S
Sud;Campania;CE;C939;CONCA DELLA CAMPANIA;NonCap;S
Sud;Campania;SA;C940;CONCA DEI MARINI;NonCap;S
Sud;Molise;IS;C941;CONCA CASALE;NonCap;S
Nord Est;Veneto;VR;C943;CONCAMARISE;NonCap;S
Centro;Lazio;RI;C946;CONCERVIANO;NonCap;S
Nord Ovest;Lombardia;BS;C948;CONCESIO;NonCap;M
Nord Est;Veneto;VE;C950;CONCORDIA SAGITTARIA;NonCap;S
Nord Est;Emilia-Romagna;MO;C951;CONCORDIA SULLA SECCHIA;NonCap;S
Nord Ovest;Lombardia;MI;C952;CONCOREZZO;NonCap;M
Sud;Calabria;RC;C954;CONDOFURI;NonCap;S
Nord Ovest;Piemonte;TO;C955;CONDOVE;NonCap;S
Isole;Sicilia;ME;C956;CONDRO`;NonCap;S
Nord Est;Veneto;TV;C957;CONEGLIANO;NonCap;L
Nord Ovest;Lombardia;PV;C958;CONFIENZA;NonCap;S
Centro;Lazio;RI;C959;CONFIGNI;NonCap;S
Sud;Calabria;CZ;C960;CONFLENTI;NonCap;S
Nord Ovest;Piemonte;AL;C962;CONIOLO;NonCap;S
Nord Est;Emilia-Romagna;RA;C963;CONSELICE;NonCap;S
Nord Est;Veneto;PD;C964;CONSELVE;NonCap;S
Isole;Sicilia;PA;C968;CONTESSA ENTELLINA;NonCap;S
Centro;Lazio;RI;C969;CONTIGLIANO;NonCap;S
Sud;Campania;AV;C971;CONTRADA;NonCap;S
Sud;Abruzzo;TE;C972;CONTROGUERRA;NonCap;S
Sud;Campania;SA;C973;CONTRONE;NonCap;S
Sud;Campania;SA;C974;CONTURSI TERME;NonCap;S
Sud;Puglia;BA;C975;CONVERSANO;NonCap;M
Sud;Campania;AV;C976;CONZA DELLA CAMPANIA;NonCap;S
Nord Ovest;Piemonte;AL;C977;CONZANO;NonCap;S
Sud;Puglia;LE;C978;COPERTINO;NonCap;S
Nord Ovest;Lombardia;PV;C979;COPIANO;NonCap;S
Nord Est;Emilia-Romagna;FE;C980;COPPARO;NonCap;S
Nord Ovest;Lombardia;PV;C982;CORANA;NonCap;S
Sud;Puglia;BA;C983;CORATO;NonCap;L
Sud;Campania;SA;C984;CORBARA;NonCap;S
Nord Ovest;Lombardia;MI;C986;CORBETTA;NonCap;M
Nord Est;Veneto;RO;C987;CORBOLA;NonCap;S
Centro;Lazio;VT;C988;CORCHIANO;NonCap;S
Centro;Umbria;PG;C990;CORCIANO;NonCap;M
Nord Est;Friuli- Venezia Giulia;PN;C991;CORDENONS;NonCap;M
Nord Est;Veneto;TV;C992;CORDIGNANO;NonCap;S
Nord Est;Friuli- Venezia Giulia;PN;C993;CORDOVADO;NonCap;S
Nord Ovest;Liguria;GE;C995;COREGLIA LIGURE;NonCap;S
Centro;Toscana;LU;C996;COREGLIA ANTELMINELLI;NonCap;S
Centro;Lazio;FR;C998;CORENO AUSONIO;NonCap;S
Sud;Abruzzo;AQ;C999;CORFINIO;NonCap;S
Centro;Lazio;LT;D003;CORI;NonCap;S
Nord Est;Emilia-Romagna;RN;D004;CORIANO;NonCap;S
Sud;Puglia;LE;D006;CORIGLIANO D'OTRANTO;NonCap;S
Centro;Marche;AN;D007;CORINALDO;NonCap;S
Nord Ovest;Piemonte;TO;D008;CORIO;NonCap;S
Isole;Sicilia;PA;D009;CORLEONE;NonCap;S
Sud;Basilicata;PZ;D010;CORLETO PERTICARA;NonCap;S
Sud;Campania;SA;D011;CORLETO MONFORTE;NonCap;S
Nord Ovest;Valle d'Aosta;AO;D012;COURMAYEUR;NonCap;M
Nord Ovest;Lombardia;MI;D013;CORMANO;NonCap;M
Nord Ovest;Lombardia;BG;D015;CORNA IMAGNA;NonCap;S
Nord Ovest;Lombardia;BG;D016;CORNALBA;NonCap;S
Nord Ovest;Lombardia;MI;D018;CORNAREDO;NonCap;M
Nord Ovest;Lombardia;MI;D019;CORNATE D`ADDA;NonCap;M
Nord Est;Veneto;VI;D020;CORNEDO VICENTINO;NonCap;S
Nord Ovest;Lombardia;LO;D021;CORNEGLIANO LAUDENSE;NonCap;S
Nord Ovest;Piemonte;CN;D022;CORNELIANO D`ALBA;NonCap;S
Centro;Lazio;VT;D024;TARQUINIA;NonCap;M
Nord Est;Emilia-Romagna;PR;D026;CORNIGLIO;NonCap;S
Nord Est;Friuli- Venezia Giulia;UD;D027;CORNO DI ROSAZZO;NonCap;S
Nord Ovest;Lombardia;LO;D028;CORNO GIOVINE;NonCap;S
Nord Ovest;Lombardia;LO;D029;CORNOVECCHIO;NonCap;S
Nord Est;Veneto;TV;D030;CORNUDA;NonCap;S
Nord Ovest;Lombardia;MI;D033;MORIMONDO;NonCap;S
Nord Est;Emilia-Romagna;RE;D037;CORREGGIO;NonCap;M
Nord Ovest;Lombardia;MI;D038;CORREZZANA;NonCap;S
Nord Est;Veneto;PD;D040;CORREZZOLA;NonCap;S
Nord Ovest;Lombardia;CO;D041;CORRIDO;NonCap;S
Centro;Marche;MC;D042;CORRIDONIA;NonCap;S
Sud;Abruzzo;TE;D043;CORROPOLI;NonCap;S
Sud;Puglia;LE;D044;CORSANO;NonCap;S
Nord Ovest;Lombardia;MI;D045;CORSICO;NonCap;L
Nord Ovest;Piemonte;AT;D046;CORSIONE;NonCap;S
Sud;Calabria;CZ;D049;CORTALE;NonCap;S
Nord Ovest;Piemonte;AT;D050;CORTANDONE;NonCap;S
Nord Ovest;Piemonte;AT;D051;CORTANZE;NonCap;S
Nord Ovest;Piemonte;AT;D052;CORTAZZONE;NonCap;S
Nord Est;Emilia-Romagna;PC;D054;CORTE BRUGNATELLA;NonCap;S
Nord Ovest;Lombardia;CR;D056;CORTE DE` CORTESI CON CIGNONE;NonCap;S
Nord Ovest;Lombardia;CR;D057;CORTE DE` FRATI;NonCap;S
Nord Ovest;Lombardia;BS;D058;CORTE FRANCA;NonCap;S
Nord Est;Emilia-Romagna;PC;D061;CORTEMAGGIORE;NonCap;S
Nord Ovest;Piemonte;CN;D062;CORTEMILIA;NonCap;S
Nord Ovest;Lombardia;BS;D064;CORTENO GOLGI;NonCap;S
Nord Ovest;Lombardia;LC;D065;CORTENOVA;NonCap;S
Nord Ovest;Lombardia;BG;D066;CORTENUOVA;NonCap;S
Nord Ovest;Lombardia;LO;D068;CORTE PALASIO;NonCap;S
Nord Ovest;Piemonte;AT;D072;CORTIGLIONE;NonCap;S
Sud;Abruzzo;TE;D076;CORTINO;NonCap;S
Centro;Toscana;AR;D077;CORTONA;NonCap;M
Sud;Abruzzo;PE;D078;CORVARA;NonCap;S
Nord Ovest;Lombardia;PV;D081;CORVINO SAN QUIRICO;NonCap;S
Nord Ovest;Lombardia;BS;D082;CORZANO;NonCap;S
Nord Est;Friuli- Venezia Giulia;UD;D085;COSEANO;NonCap;S
Sud;Calabria;CS;D086;COSENZA;cap;L
Nord Ovest;Liguria;IM;D087;COSIO D`ARROSCIA;NonCap;S
Nord Ovest;Lombardia;SO;D088;COSIO VALTELLINO;NonCap;S
Sud;Calabria;RC;D089;COSOLETO;NonCap;S
Nord Ovest;Piemonte;TO;D092;COSSANO CANAVESE;NonCap;S
Nord Ovest;Piemonte;CN;D093;COSSANO BELBO;NonCap;S
Nord Ovest;Piemonte;BI;D094;COSSATO;NonCap;S
Nord Ovest;Liguria;SV;D095;COSSERIA;NonCap;S
Centro;Marche;AP;D096;COSSIGNANO;NonCap;S
Nord Ovest;Piemonte;VB;D099;COSSOGNO;NonCap;S
Isole;Sardegna;SS;D100;COSSOINE;NonCap;S
Nord Ovest;Piemonte;AT;D101;COSSOMBRATO;NonCap;S
Nord Ovest;Piemonte;AL;D102;COSTA VESCOVATO;NonCap;S
Nord Ovest;Lombardia;BG;D103;COSTA VALLE IMAGNA;NonCap;S
Nord Est;Veneto;RO;D105;COSTA DI ROVIGO;NonCap;S
Nord Est;Veneto;VI;D107;COSTABISSARA;NonCap;S
Centro;Umbria;PG;D108;COSTACCIARO;NonCap;S
Nord Ovest;Lombardia;PV;D109;COSTA DEI NOBILI;NonCap;S
Nord Ovest;Lombardia;BG;D110;COSTA DI MEZZATE;NonCap;S
Nord Ovest;Lombardia;BG;D111;COSTA DI SERINA;NonCap;S
Nord Ovest;Lombardia;LC;D112;COSTA MASNAGA;NonCap;S
Nord Ovest;Piemonte;VC;D113;COSTANZANA;NonCap;S
Nord Ovest;Liguria;IM;D114;COSTARAINERA;NonCap;S
Nord Ovest;Lombardia;BG;D117;COSTA VOLPINO;NonCap;S
Nord Est;Veneto;VR;D118;COSTERMANO;NonCap;S
Nord Ovest;Piemonte;AT;D119;COSTIGLIOLE D`ASTI;NonCap;S
Nord Ovest;Piemonte;CN;D120;COSTIGLIOLE SALUZZO;NonCap;S
Nord Est;Emilia-Romagna;RA;D121;COTIGNOLA;NonCap;S
Sud;Calabria;KR;D122;CROTONE;cap;L
Sud;Calabria;KR;D123;COTRONEI;NonCap;S
Centro;Lazio;RI;D124;COTTANELLO;NonCap;S
Nord Ovest;Lombardia;BG;D126;COVO;NonCap;S
Nord Ovest;Lombardia;PV;D127;COZZO;NonCap;S
Sud;Basilicata;MT;D128;CRACO;NonCap;S
Nord Ovest;Lombardia;LC;D131;CRANDOLA VALSASSINA;NonCap;S
Nord Ovest;Piemonte;VC;D132;CRAVAGLIANA;NonCap;S
Nord Ovest;Piemonte;CN;D133;CRAVANZANA;NonCap;S
Nord Ovest;Piemonte;VB;D134;CRAVEGGIA;NonCap;S
Nord Est;Veneto;VI;D136;CREAZZO;NonCap;S
Sud;Abruzzo;CH;D137;CRECCHIO;NonCap;S
Nord Ovest;Lombardia;BG;D139;CREDARO;NonCap;S
Nord Ovest;Lombardia;CR;D141;CREDERA RUBBIANO;NonCap;S
Nord Ovest;Lombardia;CR;D142;CREMA;NonCap;L
Nord Ovest;Lombardia;LC;D143;CREMELLA;NonCap;S
Nord Ovest;Lombardia;VA;D144;CREMENAGA;NonCap;S
Nord Ovest;Lombardia;LC;D145;CREMENO;NonCap;S
Nord Ovest;Lombardia;CO;D147;CREMIA;NonCap;S
Nord Ovest;Piemonte;AL;D149;CREMOLINO;NonCap;S
Nord Ovest;Lombardia;CR;D150;CREMONA;cap;L
Nord Ovest;Lombardia;CR;D151;CREMOSANO;NonCap;S
Nord Ovest;Piemonte;VC;D154;CRESCENTINO;NonCap;S
Nord Est;Veneto;VI;D156;CRESPADORO;NonCap;S
Nord Ovest;Lombardia;LO;D159;CRESPIATICA;NonCap;S
Nord Est;Veneto;RO;D161;CRESPINO;NonCap;S
Nord Ovest;Piemonte;NO;D162;CRESSA;NonCap;S
Nord Ovest;Piemonte;BI;D165;CREVACUORE;NonCap;S
Nord Est;Emilia-Romagna;BO;D166;CREVALCORE;NonCap;M
Nord Ovest;Piemonte;VB;D168;CREVOLADOSSOLA;NonCap;S
Sud;Campania;NA;D170;CRISPANO;NonCap;S
Sud;Puglia;TA;D171;CRISPIANO;NonCap;S
Nord Ovest;Piemonte;CN;D172;CRISSOLO;NonCap;S
Nord Ovest;Liguria;GE;D175;CROCEFIESCHI;NonCap;S
Nord Ovest;Piemonte;VB;D177;CRODO;NonCap;S
Sud;Abruzzo;TE;D179;CROGNALETO;NonCap;S
Sud;Calabria;CS;D180;CROPALATI;NonCap;S
Sud;Calabria;CZ;D181;CROPANI;NonCap;S
Sud;Calabria;CS;D184;CROSIA;NonCap;S
Nord Ovest;Lombardia;VA;D185;CROSIO DELLA VALLE;NonCap;S
Nord Ovest;Lombardia;CR;D186;CROTTA D`ADDA;NonCap;S
Nord Ovest;Piemonte;VC;D187;CROVA;NonCap;S
Sud;Calabria;KR;D189;CRUCOLI;NonCap;S
Nord Ovest;Lombardia;VA;D192;CUASSO AL MONTE;NonCap;S
Nord Est;Veneto;VR;D193;VERONELLA;NonCap;S
Sud;Campania;SA;D195;CUCCARO VETERE;NonCap;S
Nord Ovest;Lombardia;CO;D196;CUCCIAGO;NonCap;S
Nord Ovest;Piemonte;TO;D197;CUCEGLIO;NonCap;S
Nord Ovest;Lombardia;MI;D198;CUGGIONO;NonCap;S
Nord Ovest;Lombardia;VA;D199;CUGLIATE-FABIASCO;NonCap;S
Isole;Sardegna;OR;D200;CUGLIERI;NonCap;S
Sud;Abruzzo;PE;D201;CUGNOLI;NonCap;S
Nord Ovest;Piemonte;TO;D202;CUMIANA;NonCap;S
Nord Ovest;Lombardia;CR;D203;CUMIGNANO SUL NAVIGLIO;NonCap;S
Nord Ovest;Lombardia;VA;D204;CUNARDO;NonCap;S
Nord Ovest;Piemonte;CN;D205;CUNEO;cap;L
Nord Ovest;Piemonte;AT;D207;CUNICO;NonCap;S
Nord Ovest;Piemonte;TO;D208;CUORGNE`;NonCap;S
Sud;Abruzzo;CH;D209;CUPELLO;NonCap;S
Centro;Marche;AP;D210;CUPRA MARITTIMA;NonCap;S
Centro;Marche;AN;D211;CUPRAMONTANA;NonCap;S
Isole;Sardegna;OR;D214;CURCURIS;NonCap;S
Nord Ovest;Piemonte;NO;D216;CUREGGIO;NonCap;S
Nord Ovest;Lombardia;VA;D217;CURIGLIA C MONTEVIASCO;NonCap;S
Sud;Calabria;CZ;D218;CURINGA;NonCap;S
Nord Ovest;Piemonte;BI;D219;CURINO;NonCap;S
Nord Ovest;Lombardia;BG;D221;CURNO;NonCap;S
Sud;Puglia;LE;D223;CURSI;NonCap;S
Nord Est;Veneto;PD;D226;CURTAROLO;NonCap;S
Nord Ovest;Lombardia;MN;D227;CURTATONE;NonCap;M
Sud;Campania;CE;D228;CURTI;NonCap;S
Nord Ovest;Lombardia;MI;D229;CUSAGO;NonCap;S
Sud;Campania;BN;D230;CUSANO MUTRI;NonCap;S
Nord Ovest;Lombardia;MI;D231;CUSANO MILANINO;NonCap;M
Nord Ovest;Lombardia;CO;D232;CUSINO;NonCap;S
Nord Ovest;Lombardia;BG;D233;CUSIO;NonCap;S
Isole;Sicilia;TP;D234;CUSTONACI;NonCap;S
Sud;Calabria;KR;D236;CUTRO;NonCap;S
Sud;Puglia;LE;D237;CUTROFIANO;NonCap;S
Nord Ovest;Lombardia;VA;D238;CUVEGLIO;NonCap;S
Nord Ovest;Lombardia;VA;D239;CUVIO;NonCap;S
Nord Ovest;Lombardia;MI;D244;DAIRAGO;NonCap;S
Nord Ovest;Lombardia;BG;D245;DALMINE;NonCap;M
Nord Est;Veneto;BL;D247;DANTA DI CADORE;NonCap;S
Nord Ovest;Lombardia;BS;D251;DARFO BOARIO TERME;NonCap;S
Sud;Calabria;VV;D253;DASA';NonCap;S
Nord Ovest;Liguria;GE;D255;DAVAGNA;NonCap;S
Nord Ovest;Lombardia;VA;D256;DAVERIO;NonCap;S
Sud;Calabria;CZ;D257;DAVOLI;NonCap;S
Nord Ovest;Lombardia;SO;D258;DAZIO;NonCap;S
Isole;Sardegna;CA;D259;DECIMOMANNU;NonCap;S
Isole;Sardegna;CA;D260;DECIMOPUTZU;NonCap;S
Sud;Calabria;CZ;D261;DECOLLATURA;NonCap;S
Nord Ovest;Liguria;SV;D264;DEGO;NonCap;S
Nord Ovest;Liguria;SP;D265;DEIVA MARINA;NonCap;S
Nord Ovest;Lombardia;SO;D266;DELEBIO;NonCap;S
Isole;Sicilia;CL;D267;DELIA;NonCap;S
Sud;Calabria;RC;D268;DELIANUOVA;NonCap;S
Sud;Puglia;FG;D269;DELICETO;NonCap;S
Nord Ovest;Lombardia;BS;D270;DELLO;NonCap;S
Nord Ovest;Piemonte;CN;D271;DEMONTE;NonCap;S
Nord Ovest;Piemonte;AL;D272;DENICE;NonCap;S
Nord Ovest;Piemonte;AL;D277;DERNICE;NonCap;S
Nord Ovest;Lombardia;CR;D278;DEROVERE;NonCap;S
Centro;Umbria;PG;D279;DERUTA;NonCap;S
Nord Ovest;Lombardia;LC;D280;DERVIO;NonCap;S
Nord Ovest;Piemonte;VC;D281;DESANA;NonCap;S
Nord Ovest;Lombardia;BS;D284;DESENZANO DEL GARDA;NonCap;L
Nord Ovest;Lombardia;MI;D286;DESIO;NonCap;L
Isole;Sardegna;NU;D287;DESULO;NonCap;S
Sud;Calabria;CS;D289;DIAMANTE;NonCap;S
Sud;Calabria;CS;D290;SCIGLIANO;NonCap;S
Nord Ovest;Piemonte;CN;D291;DIANO D`ALBA;NonCap;S
Sud;Campania;SA;D292;TEGGIANO;NonCap;S
Nord Ovest;Liguria;IM;D293;DIANO ARENTINO;NonCap;S
Nord Ovest;Liguria;IM;D296;DIANO CASTELLO;NonCap;S
Nord Ovest;Liguria;IM;D297;DIANO MARINA;NonCap;M
Nord Ovest;Liguria;IM;D298;DIANO SAN PIETRO;NonCap;S
Centro;Toscana;FI;D299;DICOMANO;NonCap;S
Nord Est;Friuli- Venezia Giulia;UD;D300;DIGNANO;NonCap;S
Sud;Calabria;VV;D303;DINAMI;NonCap;S
Sud;Calabria;CS;D304;DIPIGNANO;NonCap;S
Sud;Puglia;LE;D305;DISO;NonCap;S
Nord Ovest;Piemonte;NO;D309;DIVIGNANO;NonCap;S
Nord Ovest;Lombardia;CO;D310;DIZZASCO;NonCap;S
Nord Ovest;Piemonte;CN;D314;DOGLIANI;NonCap;S
Sud;Abruzzo;CH;D315;DOGLIOLA;NonCap;S
Nord Est;Friuli- Venezia Giulia;UD;D316;DOGNA;NonCap;S
Nord Est;Veneto;VR;D317;DOLCE`;NonCap;S
Nord Ovest;Liguria;IM;D318;DOLCEACQUA;NonCap;S
Nord Ovest;Liguria;IM;D319;DOLCEDO;NonCap;S
Isole;Sardegna;CA;D323;DOLIANOVA;NonCap;S
Nord Est;Veneto;VE;D325;DOLO;NonCap;M
Nord Ovest;Lombardia;LC;D327;DOLZAGO;NonCap;S
Sud;Calabria;CS;D328;DOMANICO;NonCap;S
Nord Ovest;Lombardia;CO;D329;DOMASO;NonCap;S
Nord Est;Veneto;BL;D330;DOMEGGE DI CADORE;NonCap;S
Sud;Campania;AV;D331;DOMICELLA;NonCap;S
Nord Ovest;Piemonte;VB;D332;DOMODOSSOLA;NonCap;M
Isole;Sardegna;CA;D333;DOMUS DE MARIA;NonCap;S
Isole;Sardegna;CA;D334;DOMUSNOVAS;NonCap;S
Nord Ovest;Valle d'Aosta;AO;D338;DONNAS;NonCap;S
Nord Ovest;Piemonte;BI;D339;DONATO;NonCap;S
Nord Ovest;Lombardia;CO;D341;DONGO;NonCap;S
Isole;Sardegna;CA;D344;DONORI;NonCap;S
Isole;Sardegna;NU;D345;DORGALI;NonCap;S
Nord Ovest;Lombardia;LC;D346;DORIO;NonCap;S
Nord Ovest;Piemonte;NO;D347;DORMELLETTO;NonCap;S
Nord Ovest;Lombardia;PV;D348;DORNO;NonCap;S
Nord Ovest;Piemonte;BI;D350;DORZANO;NonCap;S
Nord Ovest;Lombardia;MN;D351;DOSOLO;NonCap;S
Nord Ovest;Lombardia;BG;D352;DOSSENA;NonCap;S
Nord Ovest;Lombardia;CO;D355;DOSSO DEL LIRO;NonCap;S
Nord Ovest;Valle d'Aosta;AO;D356;DOUES;NonCap;S
Nord Est;Emilia-Romagna;FO;D357;DOVADOLA;NonCap;S
Nord Ovest;Lombardia;CR;D358;DOVERA;NonCap;S
Nord Est;Emilia-Romagna;BO;D360;DOZZA;NonCap;S
Sud;Campania;CE;D361;DRAGONI;NonCap;S
Sud;Calabria;VV;D364;DRAPIA;NonCap;S
Nord Est;Friuli- Venezia Giulia;UD;D366;DRENCHIA;NonCap;S
Nord Ovest;Lombardia;MI;D367;DRESANO;NonCap;S
Nord Ovest;Piemonte;CN;D372;DRONERO;NonCap;S
Nord Ovest;Piemonte;TO;D373;DRUENTO;NonCap;S
Nord Ovest;Piemonte;VB;D374;DRUOGNO;NonCap;S
Isole;Sardegna;NU;D376;DUALCHI;NonCap;S
Nord Ovest;Lombardia;SO;D377;DUBINO;NonCap;S
Nord Est;Veneto;VI;D379;DUEVILLE;NonCap;M
Sud;Campania;BN;D380;DUGENTA;NonCap;S
Nord Ovest;Lombardia;VA;D384;DUMENZA;NonCap;S
Nord Ovest;Lombardia;VA;D385;DUNO;NonCap;S
Sud;Campania;BN;D386;DURAZZANO;NonCap;S
Nord Ovest;Piemonte;AT;D388;DUSINO SAN MICHELE;NonCap;S
Sud;Campania;SA;D390;EBOLI;NonCap;M
Nord Ovest;Lombardia;BS;D391;EDOLO;NonCap;S
Sud;Abruzzo;PE;D394;ELICE;NonCap;S
Nord Ovest;Lombardia;LC;D398;ELLO;NonCap;S
Isole;Sardegna;CA;D399;ELMAS;NonCap;S
Nord Ovest;Piemonte;CN;D401;ELVA;NonCap;S
Nord Ovest;Valle d'Aosta;AO;D402;EMARESE;NonCap;S
Centro;Toscana;FI;D403;EMPOLI;NonCap;L
Nord Ovest;Lombardia;BG;D406;ENDINEGAIANO;NonCap;S
Nord Est;Veneto;VI;D407;ENEGO;NonCap;S
Nord Est;Friuli- Venezia Giulia;UD;D408;ENEMONZO;NonCap;S
Nord Ovest;Piemonte;CN;D410;ENTRACQUE;NonCap;S
Nord Ovest;Lombardia;BG;D411;ENTRATICO;NonCap;S
Nord Ovest;Piemonte;CN;D412;ENVIE;NonCap;S
Sud;Basilicata;PZ;D414;EPISCOPIA;NonCap;S
Nord Est;Veneto;VE;D415;ERACLEA;NonCap;M
Nord Ovest;Lombardia;CO;D416;ERBA;NonCap;M
Nord Est;Veneto;VR;D419;ERBE`;NonCap;S
Nord Est;Veneto;VR;D420;ERBEZZO;NonCap;S
Nord Ovest;Lombardia;BS;D421;ERBUSCO;NonCap;S
Sud;Puglia;BR;D422;ERCHIE;NonCap;S
Isole;Sicilia;TP;D423;ERICE;NonCap;M
Nord Ovest;Liguria;SV;D424;ERLI;NonCap;S
Nord Est;Friuli- Venezia Giulia;PN;D426;ERTO E CASSO;NonCap;S
Nord Ovest;Lombardia;LC;D428;ERVE;NonCap;S
Centro;Marche;MC;D429;ESANATOGLIA;NonCap;S
Isole;Sardegna;NU;D430;ESCALAPLANO;NonCap;S
Isole;Sardegna;NU;D431;ESCOLCA;NonCap;S
Nord Ovest;Piemonte;TO;D433;EXILLES;NonCap;S
Nord Ovest;Lombardia;BS;D434;ESINE;NonCap;S
Nord Ovest;Lombardia;LC;D436;ESINO LARIO;NonCap;S
Centro;Lazio;FR;D440;ESPERIA;NonCap;S
Isole;Sardegna;SS;D441;ESPORLATU;NonCap;S
Nord Est;Veneto;PD;D442;ESTE;NonCap;M
Isole;Sardegna;NU;D443;ESTERZILI;NonCap;S
Nord Ovest;Valle d'Aosta;AO;D444;ETROUBLES;NonCap;S
Nord Ovest;Lombardia;CO;D445;EUPILIO;NonCap;S
Nord Ovest;Piemonte;AL;D447;FABBRICA CURONE;NonCap;S
Nord Est;Emilia-Romagna;RE;D450;FABBRICO;NonCap;S
Centro;Marche;AN;D451;FABRIANO;NonCap;M
Centro;Lazio;VT;D452;FABRICA DI ROMA;NonCap;S
Sud;Calabria;VV;D453;FABRIZIA;NonCap;S
Centro;Umbria;TR;D454;FABRO;NonCap;S
Nord Est;Friuli- Venezia Giulia;UD;D455;FAEDIS;NonCap;S
Nord Ovest;Lombardia;SO;D456;FAEDO VALTELLINO;NonCap;S
Nord Est;Emilia-Romagna;RA;D458;FAENZA;NonCap;L
Sud;Puglia;FG;D459;FAETO;NonCap;S
Nord Est;Friuli- Venezia Giulia;UD;D461;FAGAGNA;NonCap;S
Nord Ovest;Lombardia;CO;D462;FAGGETO LARIO;NonCap;S
Sud;Puglia;TA;D463;FAGGIANO;NonCap;S
Sud;Calabria;CS;D464;FAGNANO CASTELLO;NonCap;S
Sud;Abruzzo;AQ;D465;FAGNANO ALTO;NonCap;S
Nord Ovest;Lombardia;VA;D467;FAGNANO OLONA;NonCap;S
Sud;Campania;BN;D469;FAICCHIO;NonCap;S
Nord Est;Veneto;BL;D470;FALCADE;NonCap;S
Sud;Campania;CE;D471;FALCIANO DEL MASSICO;NonCap;S
Centro;Marche;AN;D472;FALCONARA MARITTIMA;NonCap;M
Sud;Calabria;CS;D473;FALCONARA ALBANESE;NonCap;S
Isole;Sicilia;ME;D474;FALCONE;NonCap;S
Centro;Lazio;VT;D475;FALERIA;NonCap;S
Sud;Calabria;CZ;D476;FALERNA;NonCap;S
Centro;Marche;AP;D477;FALERONE;NonCap;S
Sud;Abruzzo;CH;D480;FALLO;NonCap;S
Nord Ovest;Lombardia;CO;D482;FALOPPIO;NonCap;S
Centro;Lazio;FR;D483;FALVATERRA;NonCap;S
Nord Est;Emilia-Romagna;MO;D486;FANANO;NonCap;S
Nord Est;Friuli- Venezia Giulia;PN;D487;FANNA;NonCap;S
Centro;Marche;PS;D488;FANO;NonCap;L
Sud;Abruzzo;TE;D489;FANO ADRIANO;NonCap;S
Nord Ovest;Lombardia;BG;D490;FARA GERA D`ADDA;NonCap;S
Nord Ovest;Lombardia;BG;D491;FARA OLIVANA CON SOLA;NonCap;S
Nord Ovest;Piemonte;NO;D492;FARA NOVARESE;NonCap;S
Centro;Lazio;RI;D493;FARA IN SABINA;NonCap;M
Sud;Abruzzo;CH;D494;FARA FILIORUM PETRI;NonCap;S
Sud;Abruzzo;CH;D495;FARA SAN MARTINO;NonCap;S
Nord Est;Veneto;VI;D496;FARA VICENTINO;NonCap;S
Sud;Basilicata;PZ;D497;FARDELLA;NonCap;S
Nord Ovest;Piemonte;CN;D499;FARIGLIANO;NonCap;S
Sud;Abruzzo;PE;D501;FARINDOLA;NonCap;S
Nord Est;Emilia-Romagna;PC;D502;FARINI;NonCap;S
Centro;Lazio;VT;D503;FARNESE;NonCap;S
Nord Est;Veneto;TV;D505;FARRA DI SOLIGO;NonCap;S
Sud;Puglia;BR;D508;FASANO;NonCap;M
Nord Ovest;Liguria;GE;D509;FASCIA;NonCap;S
Centro;Toscana;PI;D510;FAUGLIA;NonCap;S
Nord Ovest;Piemonte;CN;D511;FAULE;NonCap;S
Nord Ovest;Liguria;GE;D512;FAVALE DI MALVARO;NonCap;S
Sud;Basilicata;MT;D513;VALSINNI;NonCap;S
Isole;Sicilia;AG;D514;FAVARA;NonCap;S
Isole;Sicilia;TP;D518;FAVIGNANA;NonCap;S
Nord Ovest;Piemonte;TO;D520;FAVRIA;NonCap;S
Nord Ovest;Liguria;SV;D522;ORCO FEGLINO;NonCap;S
Nord Ovest;Piemonte;CN;D523;FEISOGLIO;NonCap;S
Nord Ovest;Piemonte;TO;D524;FELETTO;NonCap;S
Nord Est;Emilia-Romagna;PR;D526;FELINO;NonCap;S
Sud;Campania;SA;D527;FELITTO;NonCap;S
Nord Ovest;Piemonte;AL;D528;FELIZZANO;NonCap;S
Nord Est;Veneto;BL;D530;FELTRE;NonCap;M
Nord Ovest;Lombardia;CO;D531;FENEGRO`;NonCap;S
Nord Ovest;Piemonte;TO;D532;FENESTRELLE;NonCap;S
Nord Ovest;Valle d'Aosta;AO;D537;FENIS;NonCap;S
Centro;Umbria;TR;D538;FERENTILLO;NonCap;S
Centro;Lazio;FR;D539;FERENTINO;NonCap;S
Isole;Sicilia;SR;D540;FERLA;NonCap;S
Centro;Marche;PS;D541;FERMIGNANO;NonCap;S
Centro;Marche;AP;D542;FERMO;NonCap;M
Nord Ovest;Lombardia;VA;D543;FERNO;NonCap;S
Sud;Calabria;CZ;D544;FEROLETO ANTICO;NonCap;S
Sud;Calabria;RC;D545;FEROLETO DELLA CHIESA;NonCap;S
Sud;Calabria;CZ;D546;PIANOPOLI;NonCap;S
Sud;Basilicata;MT;D547;FERRANDINA;NonCap;S
Nord Est;Emilia-Romagna;FE;D548;FERRARA;cap;L
Nord Est;Veneto;VR;D549;FERRARA DI MONTE BALDO;NonCap;S
Sud;Molise;CB;D550;FERRAZZANO;NonCap;S
Nord Ovest;Lombardia;VA;D551;FERRERA DI VARESE;NonCap;S
Nord Ovest;Lombardia;PV;D552;FERRERA ERBOGNONE;NonCap;S
Nord Ovest;Piemonte;TO;D553;MONCENISIO;NonCap;S
Nord Ovest;Piemonte;AT;D554;FERRERE;NonCap;S
Nord Est;Emilia-Romagna;PC;D555;FERRIERE;NonCap;S
Sud;Calabria;RC;D557;FERRUZZANO;NonCap;S
Nord Ovest;Piemonte;AL;D559;FRACONALTO;NonCap;S
Centro;Lazio;RI;D560;FIAMIGNANO;NonCap;S
Centro;Lazio;RM;D561;FIANO ROMANO;NonCap;M
Nord Ovest;Piemonte;TO;D562;FIANO;NonCap;S
Centro;Marche;MC;D564;FIASTRA;NonCap;S
Centro;Marche;MC;D566;POGGIO SAN VICINO;NonCap;S
Isole;Sicilia;PA;D567;FICARAZZI;NonCap;S
Nord Est;Veneto;RO;D568;FICAROLO;NonCap;S
Isole;Sicilia;ME;D569;FICARRA;NonCap;S
Centro;Umbria;TR;D570;FICULLE;NonCap;S
Nord Ovest;Lombardia;CR;D574;FIESCO;NonCap;S
Centro;Toscana;FI;D575;FIESOLE;NonCap;M
Nord Ovest;Lombardia;BS;D576;FIESSE;NonCap;S
Nord Est;Veneto;RO;D577;FIESSO UMBERTIANO;NonCap;S
Nord Est;Veneto;VE;D578;FIESSO D`ARTICO;NonCap;S
Nord Ovest;Lombardia;CO;D579;FIGINO SERENZA;NonCap;S
Sud;Calabria;CS;D582;FIGLINE VEGLIATURO;NonCap;S
Isole;Sardegna;OR;D585;GONNOSNO`;NonCap;S
Centro;Lazio;RM;D586;FILACCIANO;NonCap;S
Sud;Calabria;VV;D587;FILADELFIA;NonCap;S
Nord Ovest;Lombardia;BG;D588;FILAGO;NonCap;S
Sud;Calabria;VV;D589;FILANDARI;NonCap;S
Centro;Toscana;MS;D590;FILATTIERA;NonCap;S
Centro;Lazio;FR;D591;FILETTINO;NonCap;S
Sud;Abruzzo;CH;D592;FILETTO;NonCap;S
Sud;Basilicata;PZ;D593;FILIANO;NonCap;S
Nord Ovest;Lombardia;PV;D594;FILIGHERA;NonCap;S
Sud;Molise;IS;D595;FILIGNANO;NonCap;S
Sud;Calabria;VV;D596;FILOGASO;NonCap;S
Centro;Marche;AN;D597;FILOTTRANO;NonCap;S
Nord Est;Emilia-Romagna;MO;D599;FINALE EMILIA;NonCap;S
Nord Ovest;Liguria;SV;D600;FINALE LIGURE;NonCap;L
Nord Ovest;Lombardia;BG;D604;FINO DEL MONTE;NonCap;S
Nord Ovest;Lombardia;CO;D605;FINO MORNASCO;NonCap;M
Nord Ovest;Lombardia;BG;D606;FIORANO AL SERIO;NonCap;S
Nord Est;Emilia-Romagna;MO;D607;FIORANO MODENESE;NonCap;M
Nord Ovest;Piemonte;TO;D608;FIORANO CANAVESE;NonCap;S
Nord Est;Emilia-Romagna;PC;D611;FIORENZUOLA D`ARDA;NonCap;M
Centro;Toscana;FI;D612;FIRENZE;cap;XL
Centro;Toscana;FI;D613;FIRENZUOLA;NonCap;S
Sud;Calabria;CS;D614;FIRMO;NonCap;S
Sud;Campania;SA;D615;FISCIANO;NonCap;S
Nord Est;Emilia-Romagna;MO;D617;FIUMALBO;NonCap;S
Sud;Calabria;RC;D619;FIUMARA;NonCap;S
Nord Est;Friuli- Venezia Giulia;PN;D621;FIUME VENETO;NonCap;S
Isole;Sicilia;ME;D622;FIUMEDINISI;NonCap;S
Isole;Sicilia;CT;D623;FIUMEFREDDO DI SICILIA;NonCap;S
Sud;Calabria;CS;D624;FIUMEFREDDO BRUZIO;NonCap;S
Centro;Marche;MC;D628;FIUMINATA;NonCap;S
Centro;Toscana;MS;D629;FIVIZZANO;NonCap;S
Nord Est;Friuli- Venezia Giulia;UD;D630;FLAIBANO;NonCap;S
Nord Ovest;Lombardia;BS;D634;FLERO;NonCap;S
Isole;Sicilia;ME;D635;FLORESTA;NonCap;S
Isole;Sicilia;SR;D636;FLORIDIA;NonCap;S
Isole;Sardegna;SS;D637;FLORINAS;NonCap;S
Sud;Campania;AV;D638;FLUMERI;NonCap;S
Isole;Sardegna;CA;D639;FLUMINIMAGGIORE;NonCap;S
Isole;Sardegna;NU;D640;FLUSSIO;NonCap;S
Nord Ovest;Piemonte;VC;D641;FOBELLO;NonCap;S
Sud;Puglia;FG;D643;FOGGIA;cap;L
Sud;Campania;BN;D644;FOGLIANISE;NonCap;S
Nord Ovest;Piemonte;TO;D646;FOGLIZZO;NonCap;S
Centro;Toscana;AR;D649;FOIANO DELLA CHIANA;NonCap;S
Sud;Campania;BN;D650;FOIANO DI VAL FORTORE;NonCap;S
Centro;Marche;AP;D652;FOLIGNANO;NonCap;S
Centro;Umbria;PG;D653;FOLIGNO;NonCap;L
Nord Est;Veneto;TV;D654;FOLLINA;NonCap;S
Nord Ovest;Liguria;SP;D655;FOLLO;NonCap;S
Centro;Toscana;GR;D656;FOLLONICA;NonCap;L
Nord Ovest;Lombardia;LO;D660;FOMBIO;NonCap;S
Isole;Sicilia;ME;D661;FONDACHELLI-FANTINA;NonCap;S
Centro;Lazio;LT;D662;FONDI;NonCap;M
Isole;Sardegna;NU;D665;FONNI;NonCap;S
Nord Ovest;Valle d'Aosta;AO;D666;FONTAINEMORE;NonCap;S
Centro;Lazio;FR;D667;FONTANA LIRI;NonCap;S
Nord Est;Emilia-Romagna;BO;D668;FONTANELICE;NonCap;S
Nord Est;Friuli- Venezia Giulia;PN;D670;FONTANAFREDDA;NonCap;S
Sud;Campania;AV;D671;FONTANAROSA;NonCap;S
Nord Ovest;Lombardia;BG;D672;FONTANELLA;NonCap;S
Nord Est;Emilia-Romagna;PR;D673;FONTANELLATO;NonCap;S
Nord Est;Veneto;TV;D674;FONTANELLE;NonCap;S
Nord Ovest;Piemonte;NO;D675;FONTANETO D`AGOGNA;NonCap;S
Nord Ovest;Piemonte;VC;D676;FONTANETTO PO;NonCap;S
Nord Ovest;Liguria;GE;D677;FONTANIGORDA;NonCap;S
Nord Ovest;Piemonte;AT;D678;FONTANILE;NonCap;S
Nord Est;Veneto;PD;D679;FONTANIVA;NonCap;S
Nord Est;Veneto;TV;D680;FONTE;NonCap;S
Sud;Abruzzo;AQ;D681;FONTECCHIO;NonCap;S
Centro;Lazio;FR;D682;FONTECHIARI;NonCap;S
Sud;Campania;CE;D683;FONTEGRECA;NonCap;S
Nord Ovest;Lombardia;BG;D684;FONTENO;NonCap;S
Nord Est;Emilia-Romagna;PR;D685;FONTEVIVO;NonCap;S
Nord Est;Veneto;BL;D686;FONZASO;NonCap;S
Nord Ovest;Lombardia;BG;D688;FOPPOLO;NonCap;S
Centro;Lazio;RI;D689;FORANO;NonCap;S
Sud;Abruzzo;CH;D690;SAN GIOVANNI TEATINO;NonCap;S
Centro;Marche;AP;D691;FORCE;NonCap;S
Sud;Campania;BN;D693;FORCHIA;NonCap;S
Nord Ovest;Lombardia;SO;D694;FORCOLA;NonCap;S
Isole;Sardegna;OR;D695;FORDONGIANUS;NonCap;S
Sud;Basilicata;PZ;D696;FORENZA;NonCap;S
Nord Ovest;Lombardia;BG;D697;FORESTO SPARSO;NonCap;S
Nord Est;Friuli- Venezia Giulia;UD;D700;FORGARIA NEL FRIULI;NonCap;S
Sud;Campania;AV;D701;FORINO;NonCap;S
Sud;Campania;NA;D702;FORIO;NonCap;S
Sud;Molise;IS;D703;FORLI DEL SANNIO;NonCap;S
Nord Est;Emilia-Romagna;FO;D704;FORLI;cap;L
Nord Est;Emilia-Romagna;FO;D705;FORLIMPOPOLI;NonCap;M
Nord Ovest;Piemonte;VB;D706;FORMAZZA;NonCap;S
Centro;Lazio;RM;D707;FORMELLO;NonCap;M
Centro;Lazio;LT;D708;FORMIA;NonCap;L
Sud;Campania;CE;D709;FORMICOLA;NonCap;S
Nord Ovest;Lombardia;CR;D710;FORMIGARA;NonCap;S
Nord Est;Emilia-Romagna;MO;D711;FORMIGINE;NonCap;L
Nord Ovest;Piemonte;VC;D712;FORMIGLIANA;NonCap;S
Sud;Molise;IS;D715;FORNELLI;NonCap;S
Nord Est;Veneto;VI;D717;TONEZZA DEL CIMONE;NonCap;S
Nord Est;Friuli- Venezia Giulia;UD;D718;FORNI AVOLTRI;NonCap;S
Nord Est;Friuli- Venezia Giulia;UD;D719;FORNI DI SOPRA;NonCap;S
Nord Est;Friuli- Venezia Giulia;UD;D720;FORNI DI SOTTO;NonCap;S
Nord Ovest;Piemonte;TO;D725;FORNO CANAVESE;NonCap;S
Nord Ovest;Lombardia;BG;D727;FORNOVO SAN GIOVANNI;NonCap;S
Nord Est;Emilia-Romagna;PR;D728;FORNOVO DI TARO;NonCap;S
Centro;Toscana;LU;D730;FORTE DE MARMI;NonCap;L
Nord Ovest;Lombardia;PV;D732;FORTUNAGO;NonCap;S
Isole;Sicilia;ME;D733;FORZA D`AGRO`;NonCap;S
Centro;Toscana;LU;D734;FOSCIANDORA;NonCap;S
Centro;Toscana;MS;D735;FOSDINOVO;NonCap;S
Sud;Abruzzo;AQ;D736;FOSSA;NonCap;S
Sud;Molise;CB;D737;FOSSALTO;NonCap;S
Sud;Abruzzo;CH;D738;FOSSACESIA;NonCap;S
Nord Est;Veneto;VE;D740;FOSSALTA DI PIAVE;NonCap;S
Nord Est;Veneto;VE;D741;FOSSALTA DI PORTOGRUARO;NonCap;S
Nord Ovest;Piemonte;CN;D742;FOSSANO;NonCap;M
Sud;Calabria;CZ;D744;FOSSATO SERRALTA;NonCap;S
Centro;Umbria;PG;D745;FOSSATO DI VICO;NonCap;S
Sud;Calabria;RC;D746;MONTEBELLO IONICO;NonCap;S
Nord Est;Veneto;VE;D748;FOSSO`;NonCap;S
Centro;Marche;PS;D749;FOSSOMBRONE;NonCap;S
Nord Est;Veneto;VI;D750;FOZA;NonCap;S
Nord Ovest;Piemonte;CN;D751;FRABOSA SOPRANA;NonCap;S
Nord Ovest;Piemonte;CN;D752;FRABOSA SOTTANA;NonCap;S
Sud;Puglia;TA;D754;FRAGAGNANO;NonCap;S
Sud;Campania;BN;D755;FRAGNETO L`ABATE;NonCap;S
Sud;Campania;BN;D756;FRAGNETO MONFORTE;NonCap;S
Sud;Abruzzo;CH;D757;FRAINE;NonCap;S
Nord Ovest;Liguria;SP;D758;FRAMURA;NonCap;S
Nord Ovest;Piemonte;AL;D759;FRANCAVILLA BISIO;NonCap;S
Centro;Marche;AP;D760;FRANCAVILLA D`ETE;NonCap;S
Sud;Puglia;BR;D761;FRANCAVILLA FONTANA;NonCap;M
Sud;Calabria;VV;D762;FRANCAVILLA ANGITOLA;NonCap;S
Sud;Abruzzo;CH;D763;FRANCAVILLA AL MARE;NonCap;L
Sud;Calabria;CS;D764;FRANCAVILLA MARITTIMA;NonCap;S
Isole;Sicilia;ME;D765;FRANCAVILLA DI SICILIA;NonCap;S
Sud;Basilicata;PZ;D766;FRANCAVILLA IN SINNI;NonCap;S
Sud;Calabria;VV;D767;FRANCICA;NonCap;S
Isole;Sicilia;SR;D768;FRANCOFONTE;NonCap;S
Sud;Campania;CE;D769;FRANCOLISE;NonCap;S
Nord Ovest;Piemonte;AL;D770;FRASCARO;NonCap;S
Nord Ovest;Lombardia;PV;D771;FRASCAROLO;NonCap;S
Centro;Lazio;RM;D773;FRASCATI;NonCap;L
Sud;Calabria;CS;D774;FRASCINETO;NonCap;S
Nord Est;Veneto;RO;D776;FRASSINELLE POLESINE;NonCap;S
Nord Ovest;Piemonte;AL;D777;FRASSINELLO MONFERRATO;NonCap;S
Nord Ovest;Piemonte;AL;D780;FRASSINETO PO;NonCap;S
Nord Ovest;Piemonte;TO;D781;FRASSINETTO;NonCap;S
Nord Ovest;Piemonte;CN;D782;FRASSINO;NonCap;S
Nord Est;Emilia-Romagna;MO;D783;FRASSINORO;NonCap;S
Sud;Campania;BN;D784;FRASSO TELESINO;NonCap;S
Centro;Lazio;RI;D785;FRASSO SABINO;NonCap;S
Centro;Umbria;PG;D786;UMBERTIDE;NonCap;S
Centro;Umbria;PG;D787;FRATTA TODINA;NonCap;S
Nord Est;Veneto;RO;D788;FRATTA POLESINE;NonCap;S
Sud;Campania;NA;D789;FRATTAMAGGIORE;NonCap;M
Sud;Campania;NA;D790;FRATTAMINORE;NonCap;S
Centro;Marche;PS;D791;FRATTE ROSA;NonCap;S
Isole;Sicilia;ME;D793;FRAZZANO`;NonCap;S
Nord Est;Veneto;TV;D794;FREGONA;NonCap;S
Sud;Abruzzo;CH;D796;FRESAGRANDINARIA;NonCap;S
Nord Ovest;Piemonte;AL;D797;FRESONARA;NonCap;S
Sud;Campania;AV;D798;FRIGENTO;NonCap;S
Sud;Campania;CE;D799;FRIGNANO;NonCap;S
Sud;Campania;CE;D801;VILLA DI BRIANO;NonCap;S
Nord Ovest;Piemonte;AT;D802;FRINCO;NonCap;S
Sud;Abruzzo;CH;D803;FRISA;NonCap;S
Nord Est;Friuli- Venezia Giulia;PN;D804;FRISANCO;NonCap;S
Nord Ovest;Piemonte;TO;D805;FRONT;NonCap;S
Centro;Marche;PS;D807;FRONTINO;NonCap;S
Centro;Marche;PS;D808;FRONTONE;NonCap;S
Centro;Lazio;FR;D810;FROSINONE;cap;L
Sud;Molise;IS;D811;FROSOLONE;NonCap;S
Nord Ovest;Piemonte;TO;D812;FROSSASCO;NonCap;S
Nord Ovest;Piemonte;AL;D813;FRUGAROLO;NonCap;S
Nord Ovest;Piemonte;AL;D814;FUBINE;NonCap;S
Centro;Toscana;FI;D815;FUCECCHIO;NonCap;M
Nord Ovest;Lombardia;BG;D817;FUIPIANO VALLE IMAGNA;NonCap;S
Nord Est;Veneto;VR;D818;FUMANE;NonCap;S
Centro;Lazio;FR;D819;FUMONE;NonCap;S
Sud;Abruzzo;CH;D823;FURCI;NonCap;S
Isole;Sicilia;ME;D824;FURCI SICULO;NonCap;S
Isole;Sicilia;ME;D825;FURNARI;NonCap;S
Sud;Campania;SA;D826;FURORE;NonCap;S
Isole;Sardegna;CA;D827;FURTEI;NonCap;S
Sud;Calabria;CS;D828;FUSCALDO;NonCap;S
Nord Est;Emilia-Romagna;RA;D829;FUSIGNANO;NonCap;S
Nord Ovest;Lombardia;SO;D830;FUSINE;NonCap;S
Sud;Campania;SA;D832;FUTANI;NonCap;S
Nord Ovest;Lombardia;CR;D834;GABBIONETA BINANUOVA;NonCap;S
Nord Ovest;Piemonte;AL;D835;GABIANO;NonCap;S
Centro;Marche;PS;D836;GABICCE MARE;NonCap;S
Nord Ovest;Valle d'Aosta;AO;D839;GABY;NonCap;S
Nord Ovest;Lombardia;CR;D841;GADESCO PIEVE DELMONA;NonCap;S
Isole;Sardegna;NU;D842;GADONI;NonCap;S
Centro;Lazio;LT;D843;GAETA;NonCap;M
Isole;Sicilia;ME;D844;GAGGI;NonCap;S
Nord Ovest;Lombardia;MI;D845;GAGGIANO;NonCap;M
Nord Est;Emilia-Romagna;BO;D847;GAGGIO MONTANO;NonCap;S
Nord Ovest;Piemonte;BI;D848;GAGLIANICO;NonCap;S
Isole;Sicilia;EN;D849;GAGLIANO CASTELFERRATO;NonCap;S
Sud;Abruzzo;AQ;D850;GAGLIANO ATERNO;NonCap;S
Sud;Puglia;LE;D851;GAGLIANO DEL CAPO;NonCap;S
Sud;Calabria;CZ;D852;GAGLIATO;NonCap;S
Centro;Marche;MC;D853;GAGLIOLE;NonCap;S
Nord Est;Veneto;TV;D854;GAIARINE;NonCap;S
Nord Est;Veneto;RO;D855;GAIBA;NonCap;S
Nord Ovest;Piemonte;CN;D856;GAIOLA;NonCap;S
Centro;Toscana;SI;D858;GAIOLE IN CHIANTI;NonCap;S
Isole;Sardegna;NU;D859;GAIRO;NonCap;S
Isole;Sicilia;ME;D861;GALATI MAMERTINO;NonCap;S
Sud;Puglia;LE;D862;GALATINA;NonCap;S
Sud;Puglia;LE;D863;GALATONE;NonCap;S
Sud;Calabria;RC;D864;GALATRO;NonCap;S
Nord Ovest;Lombardia;LC;D865;GALBIATE;NonCap;S
Nord Est;Emilia-Romagna;FO;D867;GALEATA;NonCap;S
Nord Ovest;Lombardia;LO;D868;GALGAGNANO;NonCap;S
Nord Ovest;Lombardia;VA;D869;GALLARATE;NonCap;L
Centro;Lazio;VT;D870;GALLESE;NonCap;S
Nord Ovest;Lombardia;VA;D871;GALLIATE LOMBARDO;NonCap;S
Nord Ovest;Piemonte;NO;D872;GALLIATE;NonCap;S
Nord Ovest;Lombardia;PV;D873;GALLIAVOLA;NonCap;S
Centro;Toscana;LU;D874;GALLICANO;NonCap;S
Centro;Lazio;RM;D875;GALLICANO NEL LAZIO;NonCap;S
Sud;Basilicata;PZ;D876;GALLICCHIO;NonCap;S
Nord Est;Emilia-Romagna;BO;D878;GALLIERA;NonCap;S
Nord Est;Veneto;PD;D879;GALLIERA VENETA;NonCap;S
Centro;Lazio;FR;D881;GALLINARO;NonCap;S
Nord Est;Veneto;VI;D882;GALLIO;NonCap;S
Sud;Puglia;LE;D883;GALLIPOLI;NonCap;M
Sud;Campania;CE;D884;GALLO;NonCap;S
Isole;Sicilia;ME;D885;GALLODORO;NonCap;S
Sud;Campania;CE;D886;GALLUCCIO;NonCap;S
Isole;Sardegna;NU;D888;GALTELLI;NonCap;S
Nord Est;Veneto;PD;D889;GALZIGNANO TERME;NonCap;S
Nord Ovest;Piemonte;AL;D890;GAMALERO;NonCap;S
Nord Ovest;Lombardia;BS;D891;GAMBARA;NonCap;S
Nord Ovest;Lombardia;PV;D892;GAMBARANA;NonCap;S
Nord Ovest;Piemonte;CN;D894;GAMBASCA;NonCap;S
Centro;Toscana;FI;D895;GAMBASSI TERME;NonCap;S
Sud;Molise;CB;D896;GAMBATESA;NonCap;S
Nord Est;Veneto;VI;D897;GAMBELLARA;NonCap;S
Sud;Abruzzo;CH;D898;GAMBERALE;NonCap;S
Nord Est;Emilia-Romagna;FO;D899;GAMBETTOLA;NonCap;S
Nord Ovest;Lombardia;PV;D901;GAMBOLO;NonCap;S
Nord Ovest;Lombardia;BG;D903;GANDELLINO;NonCap;S
Nord Ovest;Lombardia;BG;D905;GANDINO;NonCap;S
Nord Ovest;Lombardia;BG;D906;GANDOSSO;NonCap;S
Isole;Sicilia;PA;D907;GANGI;NonCap;S
Sud;Basilicata;MT;D909;GARAGUSO;NonCap;S
Nord Ovest;Piemonte;AL;D910;GARBAGNA;NonCap;S
Nord Ovest;Piemonte;NO;D911;GARBAGNA NOVARESE;NonCap;S
Nord Ovest;Lombardia;MI;D912;GARBAGNATE MILANESE;NonCap;L
Nord Ovest;Lombardia;LC;D913;GARBAGNATE MONASTERO;NonCap;S
Nord Est;Veneto;VR;D915;GARDA;NonCap;S
Nord Ovest;Lombardia;BS;D917;GARDONE RIVIERA;NonCap;S
Nord Ovest;Lombardia;BS;D918;GARDONE VAL TROMPIA;NonCap;S
Nord Ovest;Piemonte;CN;D920;GARESSIO;NonCap;S
Nord Ovest;Piemonte;NO;D921;GARGALLO;NonCap;S
Nord Ovest;Lombardia;BS;D924;GARGNANO;NonCap;S
Nord Ovest;Lombardia;PV;D925;GARLASCO;NonCap;S
Nord Ovest;Lombardia;LC;D926;GARLATE;NonCap;S
Nord Ovest;Liguria;SV;D927;GARLENDA;NonCap;S
Nord Ovest;Lombardia;CO;D930;GARZENO;NonCap;S
Nord Ovest;Piemonte;TO;D931;GARZIGLIANA;NonCap;S
Sud;Calabria;CZ;D932;GASPERINA;NonCap;S
Nord Ovest;Piemonte;TO;D933;GASSINO TORINESE;NonCap;S
Nord Est;Emilia-Romagna;RE;D934;GATTATICO;NonCap;S
Nord Est;Emilia-Romagna;FO;D935;GATTEO;NonCap;M
Nord Ovest;Piemonte;VC;D938;GATTINARA;NonCap;S
Nord Ovest;Lombardia;BS;D940;GAVARDO;NonCap;S
Nord Est;Veneto;RO;D942;GAVELLO;NonCap;S
Nord Ovest;Lombardia;BG;D943;GAVERINA TERME;NonCap;S
Nord Ovest;Piemonte;AL;D944;GAVI;NonCap;S
Centro;Lazio;RM;D945;GAVIGNANO;NonCap;S
Nord Ovest;Lombardia;VA;D946;GAVIRATE;NonCap;S
Isole;Sardegna;NU;D947;GAVOI;NonCap;S
Centro;Toscana;GR;D948;GAVORRANO;NonCap;S
Nord Ovest;Lombardia;MN;D949;GAZOLDO DEGLI IPPOLITI;NonCap;S
Nord Ovest;Lombardia;VA;D951;GAZZADA SCHIANNO;NonCap;S
Nord Ovest;Lombardia;BG;D952;GAZZANIGA;NonCap;S
Nord Est;Veneto;PD;D956;GAZZO PADOVANO;NonCap;S
Nord Est;Veneto;VR;D957;GAZZO VERONESE;NonCap;S
Nord Est;Emilia-Romagna;PC;D958;GAZZOLA;NonCap;S
Nord Ovest;Lombardia;MN;D959;GAZZUOLO;NonCap;S
Isole;Sicilia;CL;D960;GELA;NonCap;M
Nord Est;Emilia-Romagna;RN;D961;GEMMANO;NonCap;S
Nord Est;Friuli- Venezia Giulia;UD;D962;GEMONA DEL FRIULI;NonCap;S
Nord Ovest;Lombardia;VA;D963;GEMONIO;NonCap;S
Centro;Lazio;RM;D964;GENAZZANO;NonCap;S
Centro;Marche;AN;D965;GENGA;NonCap;S
Nord Ovest;Lombardia;CR;D966;GENIVOLTA;NonCap;S
Nord Ovest;Piemonte;CN;D967;GENOLA;NonCap;S
Isole;Sardegna;NU;D968;GENONI;NonCap;S
Nord Ovest;Liguria;GE;D969;GENOVA;cap;XL
Isole;Sardegna;CA;D970;GENURI;NonCap;S
Sud;Basilicata;PZ;D971;GENZANO DI LUCANIA;NonCap;S
Centro;Lazio;RM;D972;GENZANO DI ROMA;NonCap;M
Nord Ovest;Lombardia;CO;D974;GERA LARIO;NonCap;S
Sud;Calabria;RC;D975;GERACE;NonCap;S
Sud;Calabria;RC;D976;LOCRI;NonCap;S
Isole;Sicilia;PA;D977;GERACI SICULO;NonCap;S
Centro;Lazio;RM;D978;GERANO;NonCap;S
Nord Ovest;Lombardia;PV;D980;GERENZAGO;NonCap;S
Nord Ovest;Lombardia;VA;D981;GERENZANO;NonCap;S
Isole;Sardegna;NU;D982;GERGEI;NonCap;S
Nord Ovest;Piemonte;TO;D983;GERMAGNANO;NonCap;S
Nord Ovest;Piemonte;VB;D984;GERMAGNO;NonCap;S
Nord Ovest;Lombardia;VA;D987;GERMIGNAGA;NonCap;S
Sud;Calabria;VV;D988;GEROCARNE;NonCap;S
Nord Ovest;Lombardia;SO;D990;GEROLA ALTA;NonCap;S
Nord Ovest;Lombardia;CR;D993;GERRE DE` CAPRIOLI;NonCap;S
Isole;Sardegna;CA;D994;GESICO;NonCap;S
Nord Ovest;Lombardia;MI;D995;GESSATE;NonCap;M
Sud;Abruzzo;CH;D996;GESSOPALENA;NonCap;S
Isole;Sardegna;CA;D997;GESTURI;NonCap;S
Sud;Campania;AV;D998;GESUALDO;NonCap;S
Nord Ovest;Lombardia;BS;D999;GHEDI;NonCap;M
Nord Ovest;Piemonte;NO;E001;GHEMME;NonCap;S
Nord Ovest;Piemonte;VB;E003;GHIFFA;NonCap;S
Isole;Sardegna;OR;E004;GHILARZA;NonCap;S
Nord Ovest;Lombardia;BG;E006;GHISALBA;NonCap;S
Nord Ovest;Piemonte;VC;E007;GHISLARENGO;NonCap;S
Nord Est;Veneto;RO;E008;GIACCIANO C BARUCHELLA;NonCap;S
Nord Ovest;Piemonte;TO;E009;GIAGLIONE;NonCap;S
Nord Ovest;Lombardia;BS;E010;GIANICO;NonCap;S
Sud;Campania;CE;E011;GIANO VETUSTO;NonCap;S
Centro;Umbria;PG;E012;GIANO DELL`UMBRIA;NonCap;S
Isole;Sicilia;PA;E013;GIARDINELLO;NonCap;S
Isole;Sicilia;ME;E014;GIARDINI-NAXOS;NonCap;S
Nord Ovest;Piemonte;AL;E015;GIAROLE;NonCap;S
Isole;Sicilia;RG;E016;GIARRATANA;NonCap;S
Isole;Sicilia;CT;E017;GIARRE;NonCap;M
Isole;Sardegna;SS;E019;GIAVE;NonCap;S
Nord Ovest;Piemonte;TO;E020;GIAVENO;NonCap;M
Nord Est;Veneto;TV;E021;GIAVERA DEL MONTELLO;NonCap;S
Isole;Sardegna;CA;E022;GIBA;NonCap;S
Isole;Sicilia;TP;E023;GIBELLINA;NonCap;S
Nord Ovest;Piemonte;BI;E024;GIFFLENGA;NonCap;S
Sud;Calabria;RC;E025;GIFFONE;NonCap;S
Sud;Campania;SA;E026;GIFFONI SEI CASALI;NonCap;S
Sud;Campania;SA;E027;GIFFONI VALLE PIANA;NonCap;S
Nord Ovest;Piemonte;VB;E028;GIGNESE;NonCap;S
Nord Ovest;Valle d'Aosta;AO;E029;GIGNOD;NonCap;S
Sud;Molise;CB;E030;GILDONE;NonCap;S
Sud;Calabria;CZ;E031;GIMIGLIANO;NonCap;S
Sud;Basilicata;PZ;E033;GINESTRA;NonCap;S
Sud;Campania;BN;E034;GINESTRA D SCHIAVONI;NonCap;S
Sud;Puglia;TA;E036;GINOSA;NonCap;M
Sud;Campania;SA;E037;GIOI;NonCap;S
Sud;Puglia;BA;E038;GIOIA DEL COLLE;NonCap;M
Sud;Campania;CE;E039;GIOIA SANNITICA;NonCap;S
Sud;Abruzzo;AQ;E040;GIOIA DEI MARSI;NonCap;S
Sud;Calabria;RC;E041;GIOIA TAURO;NonCap;S
Isole;Sicilia;ME;E043;GIOIOSA MAREA;NonCap;S
Sud;Calabria;RC;E044;GIOIOSA IONICA;NonCap;S
Centro;Umbria;TR;E045;GIOVE;NonCap;S
Sud;Puglia;BA;E047;GIOVINAZZO;NonCap;M
Isole;Sardegna;NU;E049;GIRASOLE;NonCap;S
Sud;Calabria;CZ;E050;GIRIFALCO;NonCap;S
Sud;Abruzzo;CH;E052;GISSI;NonCap;S
Sud;Puglia;LE;E053;GIUGGIANELLO;NonCap;S
Sud;Campania;NA;E054;GIUGLIANO IN CAMPANIA;NonCap;L
Isole;Sicilia;PA;E055;GIULIANA;NonCap;S
Sud;Abruzzo;CH;E056;GIULIANO TEATINO;NonCap;S
Centro;Lazio;FR;E057;GIULIANO DI ROMA;NonCap;S
Sud;Abruzzo;TE;E058;GIULIANOVA;NonCap;M
Sud;Campania;SA;E060;GIUNGANO;NonCap;S
Sud;Puglia;LE;E061;GIURDIGNANO;NonCap;S
Nord Ovest;Lombardia;PV;E062;GIUSSAGO;NonCap;S
Nord Ovest;Lombardia;MI;E063;GIUSSANO;NonCap;M
Nord Ovest;Liguria;SV;E064;GIUSTENICE;NonCap;S
Nord Ovest;Liguria;SV;E066;GIUSVALLA;NonCap;S
Nord Ovest;Piemonte;TO;E067;GIVOLETTO;NonCap;S
Sud;Calabria;CZ;E068;GIZZERIA;NonCap;S
Nord Ovest;Liguria;SP;E070;SESTA GODANO;NonCap;S
Nord Est;Veneto;TV;E071;GODEGA DI SANT`URBANO;NonCap;S
Nord Ovest;Lombardia;PV;E072;GODIASCO;NonCap;S
Isole;Sicilia;PA;E074;GODRANO;NonCap;S
Nord Ovest;Lombardia;MN;E078;GOITO;NonCap;S
Nord Ovest;Lombardia;VA;E079;GOLASECCA;NonCap;S
Nord Ovest;Lombardia;PV;E081;GOLFERENZO;NonCap;S
Nord Ovest;Lombardia;CR;E082;GOMBITO;NonCap;S
Nord Est;Friuli- Venezia Giulia;UD;E083;GONARS;NonCap;S
Isole;Sardegna;CA;E084;GONI;NonCap;S
Isole;Sardegna;CA;E085;GONNOSFANADIGA;NonCap;S
Isole;Sardegna;CA;E086;GONNESA;NonCap;S
Isole;Sardegna;OR;E087;GONNOSCODINA;NonCap;S
Isole;Sardegna;OR;E088;GONNOSTRAMATZA;NonCap;S
Nord Ovest;Lombardia;MN;E089;GONZAGA;NonCap;S
Nord Ovest;Lombardia;SO;E090;GORDONA;NonCap;S
Centro;Lazio;RM;E091;GORGA;NonCap;S
Nord Est;Veneto;TV;E092;GORGO AL MONTICANO;NonCap;S
Sud;Basilicata;MT;E093;GORGOGLIONE;NonCap;S
Nord Ovest;Lombardia;MI;E094;GORGONZOLA;NonCap;L
Sud;Abruzzo;AQ;E096;GORIANO SICOLI;NonCap;S
Nord Ovest;Lombardia;BG;E100;GORLAGO;NonCap;S
Nord Ovest;Lombardia;VA;E101;GORLA MAGGIORE;NonCap;S
Nord Ovest;Lombardia;VA;E102;GORLA MINORE;NonCap;S
Nord Ovest;Lombardia;BG;E103;GORLE;NonCap;S
Nord Ovest;Lombardia;VA;E104;GORNATE-OLONA;NonCap;S
Nord Ovest;Lombardia;BG;E106;GORNO;NonCap;S
Nord Est;Emilia-Romagna;FE;E107;GORO;NonCap;S
Nord Ovest;Liguria;GE;E109;GORRETO;NonCap;S
Nord Ovest;Piemonte;CN;E111;GORZEGNO;NonCap;S
Nord Est;Veneto;BL;E113;GOSALDO;NonCap;S
Nord Est;Emilia-Romagna;PC;E114;GOSSOLENGO;NonCap;S
Nord Ovest;Piemonte;CN;E115;GOTTASECCA;NonCap;S
Nord Ovest;Lombardia;BS;E116;GOTTOLENGO;NonCap;S
Nord Ovest;Piemonte;CN;E118;GOVONE;NonCap;S
Nord Ovest;Piemonte;NO;E120;GOZZANO;NonCap;S
Centro;Marche;PS;E122;GRADARA;NonCap;S
Centro;Lazio;VT;E126;GRADOLI;NonCap;S
Nord Ovest;Lombardia;LO;E127;GRAFFIGNANA;NonCap;S
Centro;Lazio;VT;E128;GRAFFIGNANO;NonCap;S
Nord Ovest;Piemonte;BI;E130;GRAGLIA;NonCap;S
Sud;Campania;NA;E131;GRAGNANO;NonCap;M
Nord Est;Emilia-Romagna;PC;E132;GRAGNANO TREBBIENSE;NonCap;S
Isole;Sicilia;CT;E133;GRAMMICHELE;NonCap;S
Nord Ovest;Piemonte;AT;E134;GRANA;NonCap;S
Nord Est;Emilia-Romagna;BO;E136;GRANAROLO DELL`EMILIA;NonCap;M
Nord Ovest;Lombardia;CO;E139;GRANDATE;NonCap;S
Nord Ovest;Lombardia;CO;E141;GRANDOLA ED UNITI;NonCap;S
Isole;Sicilia;ME;E142;GRANITI;NonCap;S
Nord Ovest;Piemonte;NO;E143;GRANOZZO CON MONTICELLO;NonCap;S
Nord Ovest;Lombardia;VA;E144;GRANTOLA;NonCap;S
Nord Est;Veneto;PD;E145;GRANTORTO;NonCap;S
Nord Est;Veneto;PD;E146;GRANZE;NonCap;S
Sud;Basilicata;MT;E147;GRASSANO;NonCap;S
Nord Ovest;Lombardia;BG;E148;GRASSOBBIO;NonCap;S
Isole;Sicilia;PA;E149;GRATTERI;NonCap;S
Nord Ovest;Lombardia;PV;E152;GRAVELLONA;NonCap;S
Nord Ovest;Piemonte;VB;E153;GRAVELLONA TOCE;NonCap;S
Nord Ovest;Piemonte;TO;E154;GRAVERE;NonCap;S
Sud;Puglia;BA;E155;GRAVINA IN PUGLIA;NonCap;M
Isole;Sicilia;CT;E156;GRAVINA DI CATANIA;NonCap;M
Sud;Campania;CE;E158;GRAZZANISE;NonCap;S
Nord Ovest;Piemonte;AT;E159;GRAZZANO BADOGLIO;NonCap;S
Centro;Lazio;RI;E160;GRECCIO;NonCap;S
Sud;Campania;AV;E161;GRECI;NonCap;S
Nord Ovest;Piemonte;VC;E163;GREGGIO;NonCap;S
Nord Ovest;Piemonte;AL;E164;GREMIASCO;NonCap;S
Nord Ovest;Valle d'Aosta;AO;E165;GRESSAN;NonCap;S
Nord Ovest;Valle d'Aosta;AO;E167;GRESSONEY LA TRINITE`;NonCap;S
Nord Ovest;Valle d'Aosta;AO;E168;GRESSONEY SAINT JEAN;NonCap;S
Centro;Toscana;FI;E169;GREVE IN CHIANTI;NonCap;M
Nord Ovest;Lombardia;MI;E170;GREZZAGO;NonCap;S
Nord Est;Veneto;VR;E171;GREZZANA;NonCap;S
Nord Ovest;Lombardia;CO;E172;GRIANTE;NonCap;S
Sud;Campania;CE;E173;GRICIGNANO DI AVERSA;NonCap;S
Nord Ovest;Piemonte;NO;E177;GRIGNASCO;NonCap;S
Nord Est;Friuli- Venezia Giulia;UD;E179;GRIMACCO;NonCap;S
Sud;Calabria;CS;E180;GRIMALDI;NonCap;S
Nord Ovest;Piemonte;CN;E182;GRINZANE CAVOUR;NonCap;S
Nord Est;Veneto;VI;E184;GRISIGNANO DI ZOCCO;NonCap;S
Sud;Calabria;CS;E185;GRISOLIA;NonCap;S
Nord Est;Emilia-Romagna;BO;E187;GRIZZANA MORANDI;NonCap;S
Nord Ovest;Piemonte;AL;E188;GROGNARDO;NonCap;S
Nord Ovest;Lombardia;BG;E189;GROMO;NonCap;S
Nord Ovest;Piemonte;AL;E191;GRONDONA;NonCap;S
Nord Ovest;Lombardia;BG;E192;GRONE;NonCap;S
Nord Ovest;Lombardia;CR;E193;GRONTARDO;NonCap;S
Nord Ovest;Lombardia;PV;E195;GROPELLO CAIROLI;NonCap;S
Nord Est;Emilia-Romagna;PC;E196;GROPPARELLO;NonCap;S
Nord Ovest;Piemonte;TO;E199;GROSCAVALLO;NonCap;S
Nord Ovest;Lombardia;SO;E200;GROSIO;NonCap;S
Nord Ovest;Lombardia;SO;E201;GROSOTTO;NonCap;S
Centro;Toscana;GR;E202;GROSSETO;cap;L
Nord Ovest;Piemonte;TO;E203;GROSSO;NonCap;S
Centro;Lazio;RM;E204;GROTTAFERRATA;NonCap;L
Sud;Puglia;TA;E205;GROTTAGLIE;NonCap;M
Sud;Campania;AV;E206;GROTTAMINARDA;NonCap;S
Centro;Marche;AP;E207;GROTTAMMARE;NonCap;M
Centro;Marche;AP;E208;GROTTAZZOLINA;NonCap;S
Isole;Sicilia;AG;E209;GROTTE;NonCap;S
Centro;Lazio;VT;E210;GROTTE DI CASTRO;NonCap;S
Sud;Calabria;RC;E212;GROTTERIA;NonCap;S
Sud;Basilicata;MT;E213;GROTTOLE;NonCap;S
Sud;Campania;AV;E214;GROTTOLELLA;NonCap;S
Nord Est;Veneto;VE;E215;GRUARO;NonCap;S
Nord Ovest;Piemonte;TO;E216;GRUGLIASCO;NonCap;L
Nord Ovest;Lombardia;CR;E217;GRUMELLO C ED UNITI;NonCap;S
Nord Ovest;Lombardia;BG;E219;GRUMELLO DEL MONTE;NonCap;S
Sud;Basilicata;PZ;E221;GRUMENTO NOVA;NonCap;S
Sud;Puglia;BA;E223;GRUMO APPULA;NonCap;S
Sud;Campania;NA;E224;GRUMO NEVANO;NonCap;S
Nord Est;Veneto;VI;E226;GRUMOLO DELLE ABBADESSE;NonCap;S
Sud;Puglia;LE;E227;GUAGNANO;NonCap;S
Centro;Marche;MC;E228;GUALDO;NonCap;S
Centro;Umbria;PG;E229;GUALDO CATTANEO;NonCap;S
Centro;Umbria;PG;E230;GUALDO TADINO;NonCap;S
Nord Est;Emilia-Romagna;RE;E232;GUALTIERI;NonCap;S
Isole;Sicilia;ME;E233;GUALTIERI SICAMINO`;NonCap;S
Isole;Sardegna;CA;E234;GUAMAGGIORE;NonCap;S
Nord Ovest;Lombardia;CO;E235;GUANZATE;NonCap;S
Centro;Lazio;FR;E236;GUARCINO;NonCap;S
Nord Ovest;Piemonte;VC;E237;GUARDABOSONE;NonCap;S
Nord Ovest;Lombardia;LO;E238;GUARDAMIGLIO;NonCap;S
Sud;Calabria;CZ;E239;GUARDAVALLE;NonCap;S
Nord Est;Veneto;RO;E240;GUARDA VENETA;NonCap;S
Centro;Umbria;TR;E241;GUARDEA;NonCap;S
Sud;Calabria;CS;E242;GUARDIA PIEMONTESE;NonCap;S
Sud;Abruzzo;CH;E243;GUARDIAGRELE;NonCap;S
Sud;Molise;CB;E244;GUARDIALFIERA;NonCap;S
Sud;Campania;AV;E245;GUARDIA LOMBARDI;NonCap;S
Sud;Basilicata;PZ;E246;GUARDIA PERTICARA;NonCap;S
Sud;Molise;CB;E248;GUARDIAREGIA;NonCap;S
Sud;Campania;BN;E249;GUARDIA SANFRAMONDI;NonCap;S
Centro;Toscana;PI;E250;GUARDISTALLO;NonCap;S
Nord Ovest;Piemonte;CN;E251;GUARENE;NonCap;S
Isole;Sardegna;CA;E252;GUASILA;NonCap;S
Nord Est;Emilia-Romagna;RE;E253;GUASTALLA;NonCap;S
Nord Ovest;Piemonte;AL;E255;GUAZZORA;NonCap;S
Centro;Umbria;PG;E256;GUBBIO;NonCap;M
Nord Ovest;Lombardia;MI;E258;GUDO VISCONTI;NonCap;S
Sud;Molise;CB;E259;GUGLIONESI;NonCap;S
Nord Ovest;Lombardia;MN;E261;GUIDIZZOLO;NonCap;S
Centro;Lazio;RM;E263;GUIDONIA MONTECELIO;NonCap;L
Nord Est;Emilia-Romagna;MO;E264;GUIGLIA;NonCap;S
Nord Ovest;Lombardia;PV;E265;SIZIANO;NonCap;S
Sud;Abruzzo;CH;E266;GUILMI;NonCap;S
Nord Ovest;Piemonte;VB;E269;GURRO;NonCap;S
Isole;Sardegna;CA;E270;GUSPINI;NonCap;S
Nord Ovest;Lombardia;BS;E271;GUSSAGO;NonCap;M
Nord Ovest;Lombardia;CR;E272;GUSSOLA;NonCap;S
Nord Ovest;Valle d'Aosta;AO;E273;HONE;NonCap;S
Sud;Calabria;CZ;E274;JACURSO;NonCap;S
Nord Ovest;Lombardia;BS;E280;IDRO;NonCap;S
Isole;Sardegna;CA;E281;IGLESIAS;NonCap;S
Nord Ovest;Piemonte;CN;E282;IGLIANO;NonCap;S
Isole;Sardegna;NU;E283;ILBONO;NonCap;S
Nord Est;Veneto;VR;E284;ILLASI;NonCap;S
Isole;Sardegna;SS;E285;ILLORAI;NonCap;S
Nord Ovest;Lombardia;LC;E287;IMBERSAGO;NonCap;S
Nord Est;Emilia-Romagna;BO;E289;IMOLA;NonCap;L
Nord Ovest;Liguria;IM;E290;IMPERIA;cap;L
Centro;Toscana;FI;E291;IMPRUNETA;NonCap;M
Nord Ovest;Lombardia;VA;E292;INARZO;NonCap;S
Nord Ovest;Piemonte;AT;E295;INCISA SCAPACCINO;NonCap;S
Nord Ovest;Lombardia;BS;E297;INCUDINE;NonCap;S
Nord Ovest;Lombardia;VA;E299;INDUNO OLONA;NonCap;S
Nord Ovest;Piemonte;TO;E301;INGRIA;NonCap;S
Nord Ovest;Piemonte;VB;E304;INTRAGNA;NonCap;S
Nord Ovest;Lombardia;LC;E305;INTROBIO;NonCap;S
Nord Ovest;Valle d'Aosta;AO;E306;INTROD;NonCap;S
Sud;Abruzzo;AQ;E307;INTRODACQUA;NonCap;S
Nord Ovest;Lombardia;CO;E309;INVERIGO;NonCap;S
Nord Ovest;Lombardia;PV;E310;INVERNO E MONTELEONE;NonCap;S
Nord Ovest;Piemonte;TO;E311;INVERSO PINASCA;NonCap;S
Nord Ovest;Lombardia;MI;E313;INVERUNO;NonCap;S
Nord Ovest;Piemonte;NO;E314;INVORIO;NonCap;S
Nord Ovest;Lombardia;MI;E317;INZAGO;NonCap;M
Nord Est;Emilia-Romagna;FE;E320;IOLANDA DI SAVOIA;NonCap;S
Sud;Calabria;VV;E321;IONADI;NonCap;S
Isole;Sardegna;NU;E323;IRGOLI;NonCap;S
Nord Ovest;Lombardia;BS;E325;IRMA;NonCap;S
Sud;Basilicata;MT;E326;IRSINA;NonCap;S
Nord Ovest;Piemonte;CN;E327;ISASCA;NonCap;S
Sud;Calabria;CZ;E328;ISCA SULLO IONIO;NonCap;S
Sud;Campania;NA;E329;ISCHIA;NonCap;M
Centro;Lazio;VT;E330;ISCHIA DI CASTRO;NonCap;S
Sud;Puglia;FG;E332;ISCHITELLA;NonCap;S
Nord Ovest;Lombardia;BS;E333;ISEO;NonCap;M
Sud;Molise;IS;E335;ISERNIA;cap;M
Isole;Sardegna;NU;E336;ISILI;NonCap;S
Isole;Sicilia;PA;E337;ISNELLO;NonCap;S
Nord Ovest;Piemonte;AT;E338;ISOLA D`ASTI;NonCap;S
Sud;Calabria;KR;E339;ISOLA DI CAPO RIZZUTO;NonCap;S
Centro;Lazio;FR;E340;ISOLA DEL LIRI;NonCap;S
Nord Ovest;Liguria;GE;E341;ISOLA DEL CANTONE;NonCap;S
Nord Ovest;Lombardia;SO;E342;MADESIMO;NonCap;S
Sud;Abruzzo;TE;E343;ISOLA GRAN SASSO ITALIA;NonCap;S
Nord Ovest;Piemonte;TO;E345;ISOLABELLA;NonCap;S
Nord Ovest;Liguria;IM;E346;ISOLABONA;NonCap;S
Centro;Toscana;GR;E348;ISOLA DEL GIGLIO;NonCap;S
Nord Est;Veneto;VR;E349;ISOLA DELLA SCALA;NonCap;S
Isole;Sicilia;PA;E350;ISOLA DELLE FEMMINE;NonCap;S
Centro;Marche;PS;E351;ISOLA DEL PIANO;NonCap;S
Nord Ovest;Lombardia;BG;E353;ISOLA DI FONDRA;NonCap;S
Nord Est;Veneto;VI;E354;ISOLA VICENTINA;NonCap;M
Nord Ovest;Lombardia;CR;E356;ISOLA DOVARESE;NonCap;S
Nord Est;Veneto;VR;E358;ISOLA RIZZA;NonCap;S
Nord Ovest;Piemonte;AL;E360;ISOLA SANT`ANTONIO;NonCap;S
Sud;Puglia;FG;E363;ISOLE TREMITI;NonCap;S
Nord Ovest;Lombardia;BS;E364;ISORELLA;NonCap;S
Sud;Campania;SA;E365;ISPANI;NonCap;S
Isole;Sicilia;RG;E366;ISPICA;NonCap;S
Nord Ovest;Lombardia;VA;E367;ISPRA;NonCap;S
Nord Ovest;Piemonte;TO;E368;ISSIGLIO;NonCap;S
Nord Ovest;Valle d'Aosta;AO;E369;ISSIME;NonCap;S
Nord Ovest;Lombardia;BG;E370;ISSO;NonCap;S
Nord Ovest;Valle d'Aosta;AO;E371;ISSOGNE;NonCap;S
Sud;Abruzzo;CH;E372;VASTO;NonCap;L
Nord Est;Veneto;TV;E373;ISTRANA;NonCap;S
Isole;Sicilia;ME;E374;ITALA;NonCap;S
Centro;Lazio;LT;E375;ITRI;NonCap;S
Isole;Sardegna;SS;E376;ITTIREDDU;NonCap;S
Isole;Sardegna;SS;E377;ITTIRI;NonCap;S
Nord Ovest;Piemonte;TO;E379;IVREA;NonCap;M
Nord Ovest;Lombardia;CR;E380;IZANO;NonCap;S
Sud;Molise;CB;E381;JELSI;NonCap;S
Centro;Lazio;RM;E382;JENNE;NonCap;S
Nord Ovest;Lombardia;VA;E386;JERAGO CON ORAGO;NonCap;S
Isole;Sardegna;NU;E387;JERZU;NonCap;S
Centro;Marche;AN;E388;JESI;NonCap;L
Sud;Calabria;VV;E389;JOPPOLO;NonCap;S
Isole;Sicilia;AG;E390;JOPPOLO GIANCAXIO;NonCap;S
Nord Ovest;Valle d'Aosta;AO;E391;JOVENCAN;NonCap;S
Centro;Lazio;RM;E392;LABICO;NonCap;S
Centro;Lazio;RI;E393;LABRO;NonCap;S
Nord Ovest;Piemonte;TO;E394;LA CASSA;NonCap;S
Nord Ovest;Lombardia;MI;E395;LACCHIARELLA;NonCap;S
Sud;Campania;NA;E396;LACCO AMENO;NonCap;S
Sud;Campania;AV;E397;LACEDONIA;NonCap;S
Isole;Sardegna;NU;E400;LACONI;NonCap;S
Isole;Sardegna;SS;E401;LAERRU;NonCap;S
Sud;Calabria;RC;E402;LAGANADI;NonCap;S
Nord Est;Veneto;VI;E403;LAGHI;NonCap;S
Nord Ovest;Lombardia;CO;E405;LAGLIO;NonCap;S
Nord Ovest;Piemonte;CN;E406;LAGNASCO;NonCap;S
Sud;Calabria;CS;E407;LAGO;NonCap;S
Sud;Basilicata;PZ;E409;LAGONEGRO;NonCap;S
Nord Est;Emilia-Romagna;FE;E410;LAGOSANTO;NonCap;S
Centro;Toscana;PI;E413;LAIATICO;NonCap;S
Nord Ovest;Liguria;SV;E414;LAIGUEGLIA;NonCap;S
Nord Ovest;Lombardia;MI;E415;LAINATE;NonCap;M
Nord Ovest;Lombardia;CO;E416;LAINO;NonCap;S
Sud;Calabria;CS;E417;LAINO BORGO;NonCap;S
Sud;Calabria;CS;E419;LAINO CASTELLO;NonCap;S
Nord Ovest;Lombardia;BG;E422;LALLIO;NonCap;S
Nord Ovest;Piemonte;TO;E423;LA LOGGIA;NonCap;M
Sud;Abruzzo;CH;E424;LAMA DEI PELIGNI;NonCap;S
Isole;Sardegna;SS;E425;LA MADDALENA;NonCap;M
Nord Est;Emilia-Romagna;MO;E426;LAMA MOCOGNO;NonCap;S
Nord Ovest;Lombardia;CO;E428;LAMBRUGO;NonCap;S
Nord Est;Veneto;BL;E429;LAMON;NonCap;S
Nord Ovest;Piemonte;CN;E430;LA MORRA;NonCap;S
Isole;Sicilia;AG;E431;LAMPEDUSA E LINOSA;NonCap;S
Centro;Toscana;PT;E432;LAMPORECCHIO;NonCap;S
Nord Ovest;Piemonte;VC;E433;LAMPORO;NonCap;S
Sud;Abruzzo;CH;E435;LANCIANO;NonCap;M
Nord Ovest;Piemonte;NO;E436;LANDIONA;NonCap;S
Nord Ovest;Lombardia;PV;E437;LANDRIANO;NonCap;S
Nord Est;Emilia-Romagna;PR;E438;LANGHIRANO;NonCap;S
Nord Ovest;Lombardia;PV;E439;LANGOSCO;NonCap;S
Isole;Sardegna;NU;E441;LANUSEI;NonCap;S
Nord Ovest;Lombardia;SO;E443;LANZADA;NonCap;S
Nord Ovest;Piemonte;TO;E445;LANZO TORINESE;NonCap;S
Centro;Marche;AP;E447;LAPEDONA;NonCap;S
Sud;Campania;AV;E448;LAPIO;NonCap;S
Sud;Calabria;CS;E450;LAPPANO;NonCap;S
Centro;Toscana;PT;E451;LARCIANO;NonCap;S
Nord Ovest;Lombardia;PV;E454;LARDIRAGO;NonCap;S
Sud;Molise;CB;E456;LARINO;NonCap;S
Nord Ovest;Valle d'Aosta;AO;E458;LA SALLE;NonCap;S
Isole;Sicilia;PA;E459;LASCARI;NonCap;S
Nord Ovest;Lombardia;CO;E462;LASNIGO;NonCap;S
Nord Ovest;Liguria;SP;E463;LA SPEZIA;cap;L
Isole;Sardegna;CA;E464;LAS PLASSAS;NonCap;S
Nord Est;Veneto;VI;E465;LASTEBASSE;NonCap;S
Centro;Toscana;FI;E466;LASTRA A SIGNA;NonCap;M
Centro;Lazio;VT;E467;LATERA;NonCap;S
Sud;Puglia;TA;E469;LATERZA;NonCap;S
Nord Ovest;Valle d'Aosta;AO;E470;LA THUILE;NonCap;S
Sud;Puglia;BR;E471;LATIANO;NonCap;S
Centro;Lazio;LT;E472;LATINA;cap;L
Nord Est;Friuli- Venezia Giulia;UD;E473;LATISANA;NonCap;M
Sud;Basilicata;PZ;E474;LATRONICO;NonCap;S
Sud;Calabria;CS;E475;LATTARICO;NonCap;S
Nord Est;Friuli- Venezia Giulia;UD;E476;LAUCO;NonCap;S
Sud;Calabria;RC;E479;LAUREANA DI BORRELLO;NonCap;S
Sud;Campania;SA;E480;LAUREANA CILENTO;NonCap;S
Sud;Basilicata;PZ;E482;LAURENZANA;NonCap;S
Sud;Basilicata;PZ;E483;LAURIA;NonCap;S
Nord Ovest;Piemonte;TO;E484;LAURIANO;NonCap;S
Sud;Campania;SA;E485;LAURINO;NonCap;S
Sud;Campania;SA;E486;LAURITO;NonCap;S
Sud;Campania;AV;E487;LAURO;NonCap;S
Nord Ovest;Liguria;GE;E488;LAVAGNA;NonCap;L
Nord Est;Veneto;VR;E489;LAVAGNO;NonCap;S
Nord Est;Veneto;BL;E490;LA VALLE AGORDINA;NonCap;S
Sud;Basilicata;PZ;E493;LAVELLO;NonCap;S
Nord Ovest;Lombardia;VA;E494;LAVENA-PONTE TRESA;NonCap;S
Nord Ovest;Lombardia;VA;E496;LAVENO-MOMBELLO;NonCap;S
Nord Ovest;Lombardia;BS;E497;LAVENONE;NonCap;S
Sud;Campania;SA;E498;LAVIANO;NonCap;S
Nord Est;Veneto;VR;E502;LAZISE;NonCap;M
Nord Ovest;Lombardia;MI;E504;LAZZATE;NonCap;S
Sud;Abruzzo;AQ;E505;LECCE NEI MARSI;NonCap;S
Sud;Puglia;LE;E506;LECCE;cap;L
Nord Ovest;Lombardia;LC;E507;LECCO;cap;L
Nord Ovest;Lombardia;BG;E509;LEFFE;NonCap;S
Nord Ovest;Lombardia;VA;E510;LEGGIUNO;NonCap;S
Nord Est;Veneto;VR;E512;LEGNAGO;NonCap;M
Nord Ovest;Lombardia;MI;E514;LEGNANO;NonCap;L
Nord Est;Veneto;PD;E515;LEGNARO;NonCap;S
Isole;Sardegna;NU;E517;LEI;NonCap;S
Nord Ovest;Piemonte;TO;E518;LEINI;NonCap;M
Nord Ovest;Liguria;GE;E519;LEIVI;NonCap;S
Nord Ovest;Piemonte;TO;E520;LEMIE;NonCap;S
Nord Est;Veneto;RO;E522;LENDINARA;NonCap;S
Isole;Sicilia;ME;E523;LENI;NonCap;S
Nord Ovest;Lombardia;BG;E524;LENNA;NonCap;S
Nord Ovest;Lombardia;BS;E526;LENO;NonCap;M
Centro;Lazio;LT;E527;LENOLA;NonCap;S
Nord Ovest;Piemonte;VC;E528;LENTA;NonCap;S
Nord Ovest;Lombardia;MI;E530;LENTATE SUL SEVESO;NonCap;M
Sud;Abruzzo;CH;E531;LENTELLA;NonCap;S
Isole;Sicilia;SR;E532;LENTINI;NonCap;S
Centro;Lazio;RI;E535;LEONESSA;NonCap;S
Isole;Sicilia;EN;E536;LEONFORTE;NonCap;S
Sud;Puglia;TA;E537;LEPORANO;NonCap;S
Sud;Puglia;LE;E538;LEQUILE;NonCap;S
Nord Ovest;Piemonte;CN;E539;LEQUIO TANARO;NonCap;S
Nord Ovest;Piemonte;CN;E540;LEQUIO BERRIA;NonCap;S
Isole;Sicilia;PA;E541;LERCARA FRIDDI;NonCap;S
Nord Ovest;Liguria;SP;E542;LERICI;NonCap;M
Nord Ovest;Piemonte;AL;E543;LERMA;NonCap;S
Nord Ovest;Piemonte;NO;E544;LESA;NonCap;S
Nord Ovest;Piemonte;CN;E546;LESEGNO;NonCap;S
Nord Est;Emilia-Romagna;PR;E547;LESIGNANO DE` BAGNI;NonCap;S
Nord Est;Emilia-Romagna;PR;E548;TERENZO;NonCap;S
Sud;Puglia;FG;E549;LESINA;NonCap;S
Nord Ovest;Lombardia;MI;E550;LESMO;NonCap;M
Nord Ovest;Piemonte;TO;E551;LESSOLO;NonCap;S
Nord Est;Friuli- Venezia Giulia;UD;E553;LESTIZZA;NonCap;S
Sud;Campania;CE;E554;LETINO;NonCap;S
Isole;Sicilia;ME;E555;LETOIANNI;NonCap;S
Sud;Campania;NA;E557;LETTERE;NonCap;S
Sud;Abruzzo;PE;E558;LETTOMANOPPELLO;NonCap;S
Sud;Abruzzo;CH;E559;LETTOPALENA;NonCap;S
Nord Ovest;Liguria;SP;E560;LEVANTO;NonCap;S
Nord Ovest;Lombardia;BG;E562;LEVATE;NonCap;S
Sud;Puglia;LE;E563;LEVERANO;NonCap;S
Nord Ovest;Piemonte;CN;E564;LEVICE;NonCap;S
Nord Ovest;Piemonte;TO;E566;LEVONE;NonCap;S
Nord Ovest;Lombardia;CO;E569;LEZZENO;NonCap;S
Sud;Campania;CE;E570;LIBERI;NonCap;S
Isole;Sicilia;ME;E571;LIBRIZZI;NonCap;S
Isole;Sicilia;AG;E573;LICATA;NonCap;S
Centro;Toscana;MS;E574;LICCIANA NARDI;NonCap;S
Centro;Lazio;RM;E576;LICENZA;NonCap;S
Isole;Sicilia;CT;E578;LICODIA EUBEA;NonCap;S
Nord Ovest;Lombardia;LC;E581;LIERNA;NonCap;S
Nord Ovest;Piemonte;VC;E583;LIGNANA;NonCap;S
Nord Est;Friuli- Venezia Giulia;UD;E584;LIGNANO SABBIADORO;NonCap;L
Nord Ovest;Valle d'Aosta;AO;E587;LILLIANES;NonCap;S
Nord Est;Veneto;BL;E588;LIMANA;NonCap;S
Sud;Campania;BN;E589;LIMATOLA;NonCap;S
Sud;Calabria;VV;E590;LIMBADI;NonCap;S
Nord Ovest;Lombardia;MI;E591;LIMBIATE;NonCap;L
Nord Est;Veneto;PD;E592;LIMENA;NonCap;S
Nord Ovest;Lombardia;CO;E593;LIMIDO COMASCO;NonCap;S
Isole;Sicilia;ME;E594;LIMINA;NonCap;S
Nord Ovest;Lombardia;BS;E596;LIMONE SUL GARDA;NonCap;S
Nord Ovest;Piemonte;CN;E597;LIMONE PIEMONTE;NonCap;S
Sud;Molise;CB;E599;LIMOSANO;NonCap;S
Nord Ovest;Lombardia;PV;E600;LINAROLO;NonCap;S
Isole;Sicilia;CT;E602;LINGUAGLOSSA;NonCap;S
Sud;Campania;AV;E605;LIONI;NonCap;S
Isole;Sicilia;ME;E606;LIPARI;NonCap;S
Nord Ovest;Lombardia;CO;E607;LIPOMO;NonCap;S
Nord Ovest;Lombardia;PV;E608;LIRIO;NonCap;S
Nord Ovest;Lombardia;MI;E610;LISCATE;NonCap;S
Sud;Abruzzo;CH;E611;LISCIA;NonCap;S
Centro;Umbria;PG;E613;LISCIANO NICCONE;NonCap;S
Nord Ovest;Piemonte;CN;E615;LISIO;NonCap;S
Nord Ovest;Lombardia;MI;E617;LISSONE;NonCap;L
Isole;Sicilia;CL;E618;MILENA;NonCap;S
Sud;Campania;NA;E620;LIVERI;NonCap;S
Nord Ovest;Lombardia;SO;E621;LIVIGNO;NonCap;S
Nord Ovest;Lombardia;CO;E623;LIVO;NonCap;S
Centro;Toscana;LI;E625;LIVORNO;cap;L
Nord Ovest;Piemonte;VC;E626;LIVORNO FERRARIS;NonCap;S
Nord Ovest;Lombardia;LO;E627;LIVRAGA;NonCap;S
Sud;Puglia;LE;E629;LIZZANELLO;NonCap;S
Sud;Puglia;TA;E630;LIZZANO;NonCap;S
Nord Ovest;Liguria;SV;E632;LOANO;NonCap;L
Nord Ovest;Piemonte;AT;E633;LOAZZOLO;NonCap;S
Nord Ovest;Piemonte;TO;E635;LOCANA;NonCap;S
Nord Ovest;Lombardia;CO;E638;LOCATE VARESINO;NonCap;S
Nord Ovest;Lombardia;MI;E639;LOCATE DI TRIULZI;NonCap;M
Nord Ovest;Lombardia;BG;E640;LOCATELLO;NonCap;S
Isole;Sardegna;NU;E644;LOCERI;NonCap;S
Sud;Puglia;BA;E645;LOCOROTONDO;NonCap;S
Isole;Sardegna;NU;E646;LOCULI;NonCap;S
Isole;Sardegna;NU;E647;LODE`;NonCap;S
Nord Ovest;Lombardia;LO;E648;LODI;cap;L
Isole;Sardegna;NU;E649;LODINE;NonCap;S
Nord Ovest;Lombardia;LO;E651;LODI VECCHIO;NonCap;S
Nord Ovest;Lombardia;BS;E652;LODRINO;NonCap;S
Nord Ovest;Lombardia;BS;E654;LOGRATO;NonCap;S
Nord Est;Emilia-Romagna;BO;E655;LOIANO;NonCap;S
Nord Ovest;Lombardia;LC;E656;LOMAGNA;NonCap;S
Nord Ovest;Lombardia;CO;E659;LOMAZZO;NonCap;S
Nord Ovest;Piemonte;TO;E660;LOMBARDORE;NonCap;S
Nord Ovest;Piemonte;TO;E661;LOMBRIASCO;NonCap;S
Nord Ovest;Lombardia;PV;E662;LOMELLO;NonCap;S
Nord Ovest;Lombardia;VA;E665;LONATE CEPPINO;NonCap;S
Nord Ovest;Lombardia;VA;E666;LONATE POZZOLO;NonCap;S
Centro;Toscana;FI;E668;LONDA;NonCap;S
Sud;Molise;IS;E669;LONGANO;NonCap;S
Nord Est;Veneto;VI;E671;LONGARE;NonCap;S
Nord Ovest;Lombardia;BS;E673;LONGHENA;NonCap;S
Isole;Sicilia;ME;E674;LONGI;NonCap;S
Nord Est;Emilia-Romagna;FO;E675;LONGIANO;NonCap;S
Sud;Calabria;CS;E677;LONGOBARDI;NonCap;S
Sud;Calabria;CS;E678;LONGOBUCCO;NonCap;S
Nord Ovest;Lombardia;CO;E679;LONGONE AL SEGRINO;NonCap;S
Centro;Toscana;LI;E680;PORTO AZZURRO;NonCap;S
Centro;Lazio;RI;E681;LONGONE SABINO;NonCap;S
Nord Est;Veneto;VI;E682;LONIGO;NonCap;M
Nord Ovest;Piemonte;TO;E683;LORANZE`;NonCap;S
Nord Est;Veneto;PD;E684;LOREGGIA;NonCap;S
Nord Ovest;Piemonte;VB;E685;LOREGLIA;NonCap;S
Nord Est;Veneto;BL;E687;LORENZAGO DI CADORE;NonCap;S
Nord Est;Veneto;RO;E689;LOREO;NonCap;S
Centro;Marche;AN;E690;LORETO;NonCap;S
Sud;Abruzzo;PE;E691;LORETO APRUTINO;NonCap;S
Nord Est;Veneto;TV;E692;LORIA;NonCap;S
Centro;Toscana;AR;E693;LORO CIUFFENNA;NonCap;S
Centro;Marche;MC;E694;LORO PICENO;NonCap;S
Nord Ovest;Liguria;GE;E695;LORSICA;NonCap;S
Nord Ovest;Lombardia;BS;E698;LOSINE;NonCap;S
Isole;Sardegna;NU;E700;LOTZORAI;NonCap;S
Nord Ovest;Lombardia;BG;E704;LOVERE;NonCap;S
Nord Ovest;Lombardia;SO;E705;LOVERO VALTELLINO;NonCap;S
Nord Ovest;Lombardia;BS;E706;LOZIO;NonCap;S
Nord Ovest;Lombardia;VA;E707;LOZZA;NonCap;S
Nord Est;Veneto;BL;E708;LOZZO DI CADORE;NonCap;S
Nord Est;Veneto;PD;E709;LOZZO ATESTINO;NonCap;S
Nord Ovest;Piemonte;VC;E711;LOZZOLO;NonCap;S
Centro;Lazio;VT;E713;LUBRIANO;NonCap;S
Isole;Sicilia;AG;E714;LUCCA SICULA;NonCap;S
Centro;Toscana;LU;E715;LUCCA;cap;L
Sud;Puglia;FG;E716;LUCERA;NonCap;M
Centro;Toscana;AR;E718;LUCIGNANO;NonCap;S
Nord Ovest;Liguria;IM;E719;LUCINASCO;NonCap;S
Sud;Molise;CB;E722;LUCITO;NonCap;S
Sud;Abruzzo;AQ;E723;LUCO DEI MARSI;NonCap;S
Sud;Abruzzo;AQ;E724;LUCOLI;NonCap;S
Nord Est;Emilia-Romagna;PC;E726;LUGAGNANO VAL D`ARDA;NonCap;S
Centro;Umbria;TR;E729;LUGNANO IN TEVERINA;NonCap;S
Nord Est;Emilia-Romagna;RA;E730;LUGO;NonCap;M
Nord Est;Veneto;VI;E731;LUGO DI VICENZA;NonCap;S
Nord Ovest;Lombardia;VA;E734;LUINO;NonCap;M
Nord Ovest;Lombardia;CO;E735;LUISAGO;NonCap;S
Isole;Sardegna;NU;E736;LULA;NonCap;S
Nord Ovest;Liguria;GE;E737;LUMARZO;NonCap;S
Nord Ovest;Lombardia;BS;E738;LUMEZZANE;NonCap;M
Isole;Sardegna;CA;E742;LUNAMATRONA;NonCap;S
Centro;Marche;PS;E743;LUNANO;NonCap;S
Sud;Calabria;CS;E745;LUNGRO;NonCap;S
Sud;Campania;AV;E746;LUOGOSANO;NonCap;S
Isole;Sardegna;SS;E747;LUOGOSANTO;NonCap;S
Sud;Molise;CB;E748;LUPARA;NonCap;S
Nord Ovest;Lombardia;CO;E749;LURAGO D`ERBA;NonCap;S
Nord Ovest;Lombardia;CO;E750;LURAGO MARINONE;NonCap;S
Nord Ovest;Lombardia;BG;E751;LURANO;NonCap;S
Isole;Sardegna;SS;E752;LURAS;NonCap;S
Nord Ovest;Lombardia;CO;E753;LURATE CACCIVIO;NonCap;S
Sud;Campania;CE;E754;LUSCIANO;NonCap;S
Nord Ovest;Piemonte;TO;E758;LUSERNA SAN GIOVANNI;NonCap;S
Nord Ovest;Piemonte;TO;E759;LUSERNETTA;NonCap;S
Nord Est;Friuli- Venezia Giulia;UD;E760;LUSEVERA;NonCap;S
Nord Est;Veneto;RO;E761;LUSIA;NonCap;S
Nord Ovest;Piemonte;TO;E763;LUSIGLIE`;NonCap;S
Sud;Campania;SA;E767;LUSTRA;NonCap;S
Nord Ovest;Lombardia;VA;E769;LUVINATE;NonCap;S
Nord Ovest;Lombardia;BG;E770;LUZZANA;NonCap;S
Nord Est;Emilia-Romagna;RE;E772;LUZZARA;NonCap;S
Sud;Calabria;CS;E773;LUZZI;NonCap;S
Nord Ovest;Lombardia;LO;E777;MACCASTORNA;NonCap;S
Sud;Molise;IS;E778;MACCHIA D`ISERNIA;NonCap;S
Sud;Molise;IS;E779;MACCHIAGODENA;NonCap;S
Sud;Molise;CB;E780;MACCHIA VALFORTORE;NonCap;S
Nord Ovest;Piemonte;TO;E782;MACELLO;NonCap;S
Centro;Marche;MC;E783;MACERATA;cap;L
Sud;Campania;CE;E784;MACERATA CAMPANIA;NonCap;S
Centro;Marche;PS;E785;MACERATA FELTRIA;NonCap;S
Nord Ovest;Lombardia;MI;E786;MACHERIO;NonCap;S
Nord Ovest;Lombardia;BS;E787;MACLODIO;NonCap;S
Isole;Sardegna;NU;E788;MACOMER;NonCap;S
Nord Ovest;Piemonte;CN;E789;MACRA;NonCap;S
Nord Ovest;Piemonte;VB;E790;MACUGNAGA;NonCap;S
Sud;Campania;CE;E791;MADDALONI;NonCap;M
Nord Ovest;Lombardia;CR;E793;MADIGNANO;NonCap;S
Nord Ovest;Lombardia;BG;E794;MADONE;NonCap;S
Nord Ovest;Piemonte;VB;E795;MADONNA DEL SASSO;NonCap;S
Centro;Lazio;LT;E798;MAENZA;NonCap;S
Sud;Molise;CB;E799;MAFALDA;NonCap;S
Nord Ovest;Lombardia;MI;E801;MAGENTA;NonCap;M
Nord Ovest;Piemonte;NO;E803;MAGGIORA;NonCap;S
Nord Ovest;Lombardia;PV;E804;MAGHERNO;NonCap;S
Centro;Umbria;PG;E805;MAGIONE;NonCap;S
Sud;Calabria;CZ;E806;MAGISANO;NonCap;S
Centro;Marche;AP;E807;MAGLIANO DI TENNA;NonCap;S
Nord Ovest;Piemonte;CN;E808;MAGLIANO ALPI;NonCap;S
Nord Ovest;Piemonte;CN;E809;MAGLIANO ALFIERI;NonCap;S
Centro;Toscana;GR;E810;MAGLIANO IN TOSCANA;NonCap;S
Sud;Abruzzo;AQ;E811;MAGLIANO DE` MARSI;NonCap;S
Centro;Lazio;RI;E812;MAGLIANO SABINA;NonCap;S
Centro;Lazio;RM;E813;MAGLIANO ROMANO;NonCap;S
Sud;Campania;SA;E814;MAGLIANO VETERE;NonCap;S
Sud;Puglia;LE;E815;MAGLIE;NonCap;S
Nord Ovest;Liguria;SV;E816;MAGLIOLO;NonCap;S
Nord Ovest;Piemonte;TO;E817;MAGLIONE;NonCap;S
Nord Ovest;Lombardia;MN;E818;MAGNACAVALLO;NonCap;S
Nord Ovest;Lombardia;MI;E819;MAGNAGO;NonCap;S
Nord Est;Friuli- Venezia Giulia;UD;E820;MAGNANO IN RIVIERA;NonCap;S
Nord Ovest;Piemonte;BI;E821;MAGNANO;NonCap;S
Isole;Sardegna;NU;E825;MAGOMADAS;NonCap;S
Nord Ovest;Lombardia;CO;E830;MAGREGLIO;NonCap;S
Nord Est;Friuli- Venezia Giulia;UD;E833;MAJANO;NonCap;S
Sud;Calabria;CZ;E834;MAIDA;NonCap;S
Sud;Calabria;CS;E835;MAIERA`;NonCap;S
Sud;Calabria;VV;E836;MAIERATO;NonCap;S
Centro;Marche;AN;E837;MAIOLATI SPONTINI;NonCap;S
Nord Est;Emilia-Romagna;RN;E838;MAIOLO;NonCap;S
Sud;Campania;SA;E839;MAIORI;NonCap;S
Nord Ovest;Lombardia;LO;E840;MAIRAGO;NonCap;S
Nord Ovest;Lombardia;BS;E841;MAIRANO;NonCap;S
Nord Ovest;Liguria;SP;E842;MAISSANA;NonCap;S
Nord Ovest;Lombardia;CR;E843;MALAGNINO;NonCap;S
Nord Est;Emilia-Romagna;BO;E844;MALALBERGO;NonCap;S
Nord Est;Veneto;VR;E848;MALCESINE;NonCap;S
Nord Ovest;Lombardia;BS;E851;MALEGNO;NonCap;S
Nord Ovest;Lombardia;LO;E852;MALEO;NonCap;S
Nord Ovest;Piemonte;VB;E853;MALESCO;NonCap;S
Isole;Sicilia;CT;E854;MALETTO;NonCap;S
Isole;Sicilia;ME;E855;MALFA;NonCap;S
Nord Ovest;Lombardia;LC;E858;MALGRATE;NonCap;S
Sud;Calabria;CS;E859;MALITO;NonCap;S
Nord Ovest;Liguria;SV;E860;MALLARE;NonCap;S
Nord Ovest;Lombardia;VA;E863;MALNATE;NonCap;M
Nord Est;Veneto;VI;E864;MALO;NonCap;M
Nord Ovest;Lombardia;BS;E865;MALONNO;NonCap;S
Centro;Marche;AP;E868;MALTIGNANO;NonCap;S
Isole;Sicilia;ME;E869;MALVAGNA;NonCap;S
Nord Ovest;Piemonte;AL;E870;MALVICINO;NonCap;S
Sud;Calabria;CS;E872;MALVITO;NonCap;S
Sud;Calabria;RC;E873;MAMMOLA;NonCap;S
Isole;Sardegna;NU;E874;MAMOIADA;NonCap;S
Centro;Toscana;GR;E875;MANCIANO;NonCap;S
Isole;Sicilia;ME;E876;MANDANICI;NonCap;S
Isole;Sardegna;CA;E877;MANDAS;NonCap;S
Sud;Calabria;CS;E878;MANDATORICCIO;NonCap;S
Nord Ovest;Lombardia;LC;E879;MANDELLO DEL LARIO;NonCap;S
Nord Ovest;Piemonte;NO;E880;MANDELLO VITTA;NonCap;S
Sud;Puglia;TA;E882;MANDURIA;NonCap;M
Nord Ovest;Lombardia;BS;E883;MANERBA DEL GARDA;NonCap;M
Nord Ovest;Lombardia;BS;E884;MANERBIO;NonCap;M
Sud;Puglia;FG;E885;MANFREDONIA;NonCap;L
Nord Ovest;Piemonte;CN;E887;MANGO;NonCap;S
Sud;Calabria;CS;E888;MANGONE;NonCap;S
Nord Est;Friuli- Venezia Giulia;PN;E889;MANIAGO;NonCap;S
Sud;Campania;AV;E891;MANOCALZATI;NonCap;S
Sud;Abruzzo;PE;E892;MANOPPELLO;NonCap;S
Nord Est;Veneto;TV;E893;MANSUE`;NonCap;S
Nord Ovest;Piemonte;CN;E894;MANTA;NonCap;S
Nord Ovest;Lombardia;SO;E896;MANTELLO;NonCap;S
Nord Ovest;Lombardia;MN;E897;MANTOVA;cap;L
Nord Est;Friuli- Venezia Giulia;UD;E899;MANZANO;NonCap;S
Centro;Lazio;RM;E900;MANZIANA;NonCap;M
Nord Ovest;Lombardia;BG;E901;MAPELLO;NonCap;S
Isole;Sardegna;SS;E902;MARA;NonCap;S
Isole;Sardegna;CA;E903;MARACALAGONIS;NonCap;S
Nord Est;Emilia-Romagna;MO;E904;MARANELLO;NonCap;M
Nord Est;Emilia-Romagna;MO;E905;MARANO SUL PANARO;NonCap;S
Sud;Campania;NA;E906;MARANO DI NAPOLI;NonCap;L
Nord Ovest;Piemonte;NO;E907;MARANO TICINO;NonCap;S
Centro;Lazio;RM;E908;MARANO EQUO;NonCap;S
Nord Est;Friuli- Venezia Giulia;UD;E910;MARANO LAGUNARE;NonCap;S
Nord Est;Veneto;VR;E911;MARANO DI VALPOLICELLA;NonCap;S
Nord Est;Veneto;VI;E912;MARANO VICENTINO;NonCap;S
Sud;Calabria;CS;E914;MARANO MARCHESATO;NonCap;S
Sud;Calabria;CS;E915;MARANO PRINCIPATO;NonCap;S
Nord Ovest;Piemonte;AT;E917;MARANZANA;NonCap;S
Sud;Basilicata;PZ;E919;MARATEA;NonCap;S
Nord Ovest;Lombardia;MI;E921;MARCALLO CON CASONE;NonCap;S
Nord Ovest;Lombardia;MN;E922;MARCARIA;NonCap;S
Sud;Calabria;CZ;E923;MARCEDUSA;NonCap;S
Centro;Lazio;RM;E924;MARCELLINA;NonCap;S
Sud;Calabria;CZ;E925;MARCELLINARA;NonCap;S
Centro;Lazio;RI;E927;MARCETELLI;NonCap;S
Nord Ovest;Lombardia;BS;E928;MARCHENO;NonCap;S
Nord Ovest;Lombardia;VA;E929;MARCHIROLO;NonCap;S
Centro;Toscana;LI;E930;MARCIANA;NonCap;S
Centro;Toscana;LI;E931;MARCIANA MARINA;NonCap;S
Sud;Campania;CE;E932;MARCIANISE;NonCap;S
Centro;Toscana;AR;E933;MARCIANO DELLA CHIANA;NonCap;S
Nord Ovest;Lombardia;PV;E934;MARCIGNAGO;NonCap;S
Nord Est;Veneto;VE;E936;MARCON;NonCap;M
Nord Ovest;Piemonte;CN;E939;MARENE;NonCap;S
Nord Est;Veneto;TV;E940;MARENO DI PIAVE;NonCap;S
Nord Ovest;Piemonte;TO;E941;MARENTINO;NonCap;S
Nord Ovest;Piemonte;AT;E944;MARETTO;NonCap;S
Nord Ovest;Piemonte;CN;E945;MARGARITA;NonCap;S
Sud;Puglia;FG;E946;MARGHERITA DI SAVOIA;NonCap;S
Nord Ovest;Lombardia;LC;E947;MARGNO;NonCap;S
Nord Ovest;Lombardia;MN;E949;MARIANA MANTOVANA;NonCap;S
Nord Ovest;Lombardia;CO;E951;MARIANO COMENSE;NonCap;M
Isole;Sicilia;CL;E953;MARIANOPOLI;NonCap;S
Sud;Campania;NA;E954;MARIGLIANELLA;NonCap;S
Sud;Campania;NA;E955;MARIGLIANO;NonCap;S
Sud;Calabria;RC;E956;MARINA D GIOIOSA IONICA;NonCap;S
Isole;Sicilia;PA;E957;MARINEO;NonCap;S
Centro;Lazio;RM;E958;MARINO;NonCap;L
Centro;Toscana;PT;E960;MARLIANA;NonCap;S
Nord Ovest;Lombardia;BS;E961;MARMENTINO;NonCap;S
Nord Ovest;Lombardia;MN;E962;MARMIROLO;NonCap;S
Nord Ovest;Piemonte;CN;E963;MARMORA;NonCap;S
Nord Ovest;Lombardia;VA;E965;MARNATE;NonCap;S
Nord Ovest;Lombardia;BS;E967;MARONE;NonCap;S
Sud;Calabria;RC;E968;MAROPATI;NonCap;S
Nord Est;Veneto;VI;E970;MAROSTICA;NonCap;M
Centro;Toscana;FI;E971;MARRADI;NonCap;S
Isole;Sardegna;OR;E972;MARRUBIU;NonCap;S
Nord Ovest;Piemonte;CN;E973;MARSAGLIA;NonCap;S
Isole;Sicilia;TP;E974;MARSALA;NonCap;L
Centro;Umbria;PG;E975;MARSCIANO;NonCap;M
Sud;Basilicata;PZ;E976;MARSICO NUOVO;NonCap;S
Sud;Basilicata;PZ;E977;MARSICOVETERE;NonCap;S
Centro;Lazio;VT;E978;MARTA;NonCap;S
Sud;Puglia;LE;E979;MARTANO;NonCap;S
Nord Est;Veneto;VE;E980;MARTELLAGO;NonCap;M
Nord Est;Friuli- Venezia Giulia;UD;E982;MARTIGNACCO;NonCap;S
Nord Ovest;Lombardia;CR;E983;MARTIGNANA DI PO;NonCap;S
Sud;Puglia;LE;E984;MARTIGNANO;NonCap;S
Sud;Puglia;TA;E986;MARTINA FRANCA;NonCap;L
Nord Ovest;Lombardia;BG;E987;MARTINENGO;NonCap;S
Nord Ovest;Piemonte;CN;E988;MARTINIANA PO;NonCap;S
Sud;Abruzzo;TE;E989;MARTINSICURO;NonCap;M
Sud;Calabria;CZ;E991;MARTIRANO LOMBARDO;NonCap;S
Isole;Sardegna;SS;E992;MARTIS;NonCap;S
Sud;Calabria;RC;E993;MARTONE;NonCap;S
Nord Ovest;Lombardia;LO;E994;MARUDO;NonCap;S
Sud;Puglia;TA;E995;MARUGGIO;NonCap;S
Sud;Campania;AV;E997;MARZANO DI NOLA;NonCap;S
Sud;Campania;CE;E998;MARZANO APPIO;NonCap;S
Nord Ovest;Lombardia;PV;E999;MARZANO;NonCap;S
Sud;Calabria;CS;F001;MARZI;NonCap;S
Nord Ovest;Lombardia;VA;F002;MARZIO;NonCap;S
Nord Ovest;Lombardia;MI;F003;MASATE;NonCap;S
Isole;Sicilia;CT;F004;MASCALI;NonCap;S
Isole;Sicilia;CT;F005;MASCALUCIA;NonCap;M
Sud;Basilicata;PZ;F006;MASCHITO;NonCap;S
Nord Ovest;Lombardia;VA;F007;MASCIAGO PRIMO;NonCap;S
Nord Est;Veneto;TV;F009;MASER;NonCap;S
Nord Ovest;Piemonte;VB;F010;MASERA;NonCap;S
Nord Est;Veneto;PD;F011;MASERA` DI PADOVA;NonCap;S
Nord Est;Veneto;TV;F012;MASERADA SUL PIAVE;NonCap;S
Nord Est;Veneto;PD;F013;MASI;NonCap;S
Nord Ovest;Piemonte;AL;F015;MASIO;NonCap;S
Nord Est;Emilia-Romagna;FE;F016;MASI TORELLO;NonCap;S
Nord Ovest;Lombardia;CO;F017;MASLIANICO;NonCap;S
Nord Ovest;Liguria;GE;F020;MASONE;NonCap;S
Centro;Marche;AP;F021;MASSA FERMANA;NonCap;S
Sud;Abruzzo;AQ;F022;MASSA D`ALBE;NonCap;S
Centro;Toscana;MS;F023;MASSA;cap;L
Centro;Umbria;PG;F024;MASSA MARTANA;NonCap;S
Centro;Toscana;PT;F025;MASSA E COZZILE;NonCap;S
Sud;Puglia;TA;F027;MASSAFRA;NonCap;M
Nord Ovest;Lombardia;LO;F028;MASSALENGO;NonCap;S
Nord Est;Emilia-Romagna;RA;F029;MASSA LOMBARDA;NonCap;S
Sud;Campania;NA;F030;MASSA LUBRENSE;NonCap;M
Centro;Toscana;GR;F032;MASSA MARITTIMA;NonCap;S
Nord Est;Veneto;PD;F033;MASSANZAGO;NonCap;S
Centro;Toscana;LU;F035;MASSAROSA;NonCap;M
Nord Ovest;Piemonte;BI;F037;MASSAZZA;NonCap;S
Nord Ovest;Piemonte;TO;F041;MASSELLO;NonCap;S
Nord Ovest;Piemonte;BI;F042;MASSERANO;NonCap;S
Sud;Campania;CE;F043;SAN MARCO EVANGELISTA;NonCap;S
Centro;Marche;AP;F044;MASSIGNANO;NonCap;S
Nord Ovest;Liguria;SV;F046;MASSIMINO;NonCap;S
Nord Ovest;Piemonte;NO;F047;MASSINO VISCONTI;NonCap;S
Nord Ovest;Piemonte;VB;F048;MASSIOLA;NonCap;S
Isole;Sardegna;OR;F050;MASULLAS;NonCap;S
Centro;Marche;MC;F051;MATELICA;NonCap;S
Sud;Basilicata;MT;F052;MATERA;cap;L
Nord Ovest;Piemonte;TO;F053;MATHI;NonCap;S
Sud;Puglia;LE;F054;MATINO;NonCap;S
Sud;Molise;CB;F055;MATRICE;NonCap;S
Nord Ovest;Piemonte;TO;F058;MATTIE;NonCap;S
Sud;Puglia;FG;F059;MATTINATA;NonCap;S
Isole;Sicilia;TP;F061;MAZARA DEL VALLO;NonCap;M
Nord Ovest;Lombardia;BS;F063;MAZZANO;NonCap;M
Centro;Lazio;RM;F064;MAZZANO ROMANO;NonCap;S
Isole;Sicilia;CL;F065;MAZZARINO;NonCap;S
Isole;Sicilia;ME;F066;MAZZARRA` SANT`ANDREA;NonCap;S
Nord Ovest;Piemonte;TO;F067;MAZZE`;NonCap;S
Nord Ovest;Lombardia;SO;F070;MAZZO DI VALTELLINA;NonCap;S
Isole;Sardegna;NU;F073;MEANA SARDO;NonCap;S
Nord Ovest;Piemonte;TO;F074;MEANA DI SUSA;NonCap;S
Nord Ovest;Lombardia;MI;F078;MEDA;NonCap;M
Nord Ovest;Lombardia;PV;F080;MEDE;NonCap;S
Nord Est;Emilia-Romagna;PR;F082;MEDESANO;NonCap;S
Nord Est;Emilia-Romagna;BO;F083;MEDICINA;NonCap;M
Nord Ovest;Lombardia;MI;F084;MEDIGLIA;NonCap;M
Nord Ovest;Lombardia;BG;F085;MEDOLAGO;NonCap;S
Nord Ovest;Lombardia;MN;F086;MEDOLE;NonCap;S
Nord Est;Emilia-Romagna;MO;F087;MEDOLLA;NonCap;S
Nord Est;Veneto;TV;F088;MEDUNA DI LIVENZA;NonCap;S
Nord Est;Friuli- Venezia Giulia;PN;F089;MEDUNO;NonCap;S
Nord Est;Veneto;PD;F092;MEGLIADINO SAN VITALE;NonCap;S
Nord Ovest;Piemonte;NO;F093;MEINA;NonCap;S
Nord Est;Veneto;RO;F095;MELARA;NonCap;S
Nord Ovest;Piemonte;AL;F096;MELAZZO;NonCap;S
Nord Est;Emilia-Romagna;FO;F097;MELDOLA;NonCap;S
Nord Ovest;Liguria;GE;F098;MELE;NonCap;S
Nord Ovest;Lombardia;MI;F100;MELEGNANO;NonCap;M
Sud;Puglia;LE;F101;MELENDUGNO;NonCap;S
Nord Ovest;Lombardia;LO;F102;MELETI;NonCap;S
Sud;Basilicata;PZ;F104;MELFI;NonCap;S
Sud;Calabria;RC;F105;MELICUCCA`;NonCap;S
Sud;Calabria;RC;F106;MELICUCCO;NonCap;S
Isole;Sicilia;SR;F107;MELILLI;NonCap;S
Sud;Calabria;KR;F108;MELISSA;NonCap;S
Sud;Puglia;LE;F109;MELISSANO;NonCap;S
Sud;Campania;AV;F110;MELITO IRPINO;NonCap;S
Sud;Campania;NA;F111;MELITO DI NAPOLI;NonCap;M
Sud;Calabria;RC;F112;MELITO DI PORTO SALVO;NonCap;S
Sud;Campania;BN;F113;MELIZZANO;NonCap;S
Nord Ovest;Piemonte;CN;F114;MELLE;NonCap;S
Nord Ovest;Lombardia;SO;F115;MELLO;NonCap;S
Nord Est;Veneto;TV;F116;SILEA;NonCap;S
Sud;Puglia;LE;F117;MELPIGNANO;NonCap;S
Nord Ovest;Lombardia;MI;F119;MELZO;NonCap;M
Nord Ovest;Lombardia;CO;F120;MENAGGIO;NonCap;S
Nord Ovest;Lombardia;PV;F122;MENCONICO;NonCap;S
Nord Ovest;Liguria;IM;F123;MENDATICA;NonCap;S
Sud;Calabria;CS;F125;MENDICINO;NonCap;S
Isole;Sicilia;AG;F126;MENFI;NonCap;S
Centro;Lazio;RM;F127;MENTANA;NonCap;M
Nord Est;Veneto;VE;F130;MEOLO;NonCap;S
Nord Ovest;Piemonte;AL;F131;MERANA;NonCap;S
Nord Ovest;Lombardia;LC;F133;MERATE;NonCap;M
Nord Ovest;Lombardia;VA;F134;MERCALLO;NonCap;S
Centro;Marche;PS;F135;MERCATELLO SUL METAURO;NonCap;S
Centro;Marche;PS;F136;MERCATINO CONCA;NonCap;S
Nord Est;Emilia-Romagna;RN;F137;NOVAFELTRIA;NonCap;S
Sud;Campania;SA;F138;MERCATO SAN SEVERINO;NonCap;M
Nord Est;Emilia-Romagna;FO;F139;MERCATO SARACENO;NonCap;S
Nord Ovest;Piemonte;TO;F140;MERCENASCO;NonCap;S
Sud;Campania;AV;F141;MERCOGLIANO;NonCap;S
Nord Est;Friuli- Venezia Giulia;UD;F144;MERETO DI TOMBA;NonCap;S
Centro;Marche;AN;F145;MERGO;NonCap;S
Nord Ovest;Piemonte;VB;F146;MERGOZZO;NonCap;S
Isole;Sicilia;ME;F147;MERI`;NonCap;S
Nord Est;Veneto;PD;F148;MERLARA;NonCap;S
Nord Ovest;Lombardia;LO;F149;MERLINO;NonCap;S
Nord Ovest;Lombardia;CO;F151;MERONE;NonCap;S
Sud;Puglia;BR;F152;MESAGNE;NonCap;M
Nord Ovest;Lombardia;SO;F153;MESE;NonCap;S
Nord Ovest;Lombardia;VA;F154;MESENZANA;NonCap;S
Nord Ovest;Lombardia;MI;F155;MESERO;NonCap;S
Nord Est;Emilia-Romagna;FE;F156;MESOLA;NonCap;S
Sud;Calabria;KR;F157;MESORACA;NonCap;S
Isole;Sicilia;ME;F158;MESSINA;cap;L
Nord Est;Veneto;PD;F161;MESTRINO;NonCap;S
Sud;Campania;NA;F162;META;NonCap;S
Nord Ovest;Lombardia;MI;F165;MEZZAGO;NonCap;S
Nord Ovest;Piemonte;BI;F167;MEZZANA MORTIGLIENGO;NonCap;S
Nord Ovest;Lombardia;PV;F170;MEZZANA BIGLI;NonCap;S
Nord Ovest;Lombardia;PV;F171;MEZZANA RABATTONE;NonCap;S
Nord Est;Veneto;VR;F172;MEZZANE DI SOTTO;NonCap;S
Nord Ovest;Liguria;GE;F173;MEZZANEGO;NonCap;S
Nord Ovest;Lombardia;PV;F175;MEZZANINO;NonCap;S
Nord Ovest;Piemonte;TO;F182;MEZZENILE;NonCap;S
Isole;Sicilia;PA;F184;MEZZOJUSO;NonCap;S
Nord Ovest;Lombardia;BG;F186;MEZZOLDO;NonCap;S
Nord Ovest;Piemonte;NO;F188;MEZZOMERICO;NonCap;S
Nord Ovest;Piemonte;BI;F189;MIAGLIANO;NonCap;S
Nord Est;Veneto;TV;F190;MIANE;NonCap;S
Nord Ovest;Piemonte;NO;F191;MIASINO;NonCap;S
Nord Ovest;Piemonte;VB;F192;MIAZZINA;NonCap;S
Centro;Lazio;RI;F193;MICIGLIANO;NonCap;S
Sud;Puglia;LE;F194;MIGGIANO;NonCap;S
Sud;Abruzzo;CH;F196;MIGLIANICO;NonCap;S
Sud;Calabria;CZ;F200;MIGLIERINA;NonCap;S
Sud;Basilicata;MT;F201;MIGLIONICO;NonCap;S
Nord Ovest;Liguria;GE;F202;MIGNANEGO;NonCap;S
Sud;Campania;CE;F203;MIGNANO MONTE LUNGO;NonCap;S
Nord Ovest;Lombardia;MI;F205;MILANO;cap;XXL
Isole;Sicilia;ME;F206;MILAZZO;NonCap;M
Sud;Calabria;VV;F207;MILETO;NonCap;S
Isole;Sardegna;OR;F208;MILIS;NonCap;S
Isole;Sicilia;CT;F209;MILITELLO I V D CATANIA;NonCap;S
Isole;Sicilia;ME;F210;MILITELLO ROSMARINO;NonCap;S
Nord Ovest;Liguria;SV;F213;MILLESIMO;NonCap;S
Isole;Sicilia;CT;F214;MILO;NonCap;S
Nord Ovest;Lombardia;BS;F216;MILZANO;NonCap;S
Isole;Sicilia;CT;F217;MINEO;NonCap;S
Nord Est;Veneto;VR;F218;MINERBE;NonCap;S
Nord Est;Emilia-Romagna;BO;F219;MINERBIO;NonCap;S
Sud;Puglia;BA;F220;MINERVINO MURGE;NonCap;S
Sud;Puglia;LE;F221;MINERVINO DI LECCE;NonCap;S
Sud;Campania;SA;F223;MINORI;NonCap;S
Centro;Lazio;LT;F224;MINTURNO;NonCap;M
Centro;Toscana;LU;F225;MINUCCIANO;NonCap;S
Nord Ovest;Liguria;SV;F226;MIOGLIA;NonCap;S
Nord Est;Veneto;VE;F229;MIRA;NonCap;L
Sud;Campania;AV;F230;MIRABELLA ECLANO;NonCap;S
Isole;Sicilia;CT;F231;MIRABELLA IMBACCARI;NonCap;S
Nord Ovest;Piemonte;AL;F232;MIRABELLO MONFERRATO;NonCap;S
Sud;Molise;CB;F233;MIRABELLO SANNITICO;NonCap;S
Nord Ovest;Lombardia;PV;F238;MIRADOLO TERME;NonCap;S
Sud;Molise;IS;F239;MIRANDA;NonCap;S
Nord Est;Emilia-Romagna;MO;F240;MIRANDOLA;NonCap;M
Nord Est;Veneto;VE;F241;MIRANO;NonCap;L
Isole;Sicilia;ME;F242;MIRTO;NonCap;S
Nord Ovest;Lombardia;BG;F243;MISANO DI GERA D`ADDA;NonCap;S
Nord Est;Emilia-Romagna;RN;F244;MISANO ADRIATICO;NonCap;M
Isole;Sicilia;PA;F246;MISILMERI;NonCap;S
Nord Ovest;Lombardia;MI;F247;MISINTO;NonCap;S
Nord Ovest;Lombardia;LC;F248;MISSAGLIA;NonCap;S
Sud;Basilicata;PZ;F249;MISSANELLO;NonCap;S
Isole;Sicilia;CT;F250;MISTERBIANCO;NonCap;M
Isole;Sicilia;ME;F251;MISTRETTA;NonCap;S
Nord Ovest;Piemonte;AT;F254;MOASCA;NonCap;S
Nord Ovest;Liguria;GE;F256;MOCONESI;NonCap;S
Nord Est;Emilia-Romagna;MO;F257;MODENA;cap;L
Isole;Sicilia;RG;F258;MODICA;NonCap;M
Nord Est;Emilia-Romagna;FO;F259;MODIGLIANA;NonCap;S
Nord Ovest;Lombardia;LO;F260;TAVAZZANO VILLAVESCO;NonCap;S
Isole;Sardegna;NU;F261;MODOLO;NonCap;S
Sud;Puglia;BA;F262;MODUGNO;NonCap;M
Nord Ovest;Lombardia;LC;F265;MOGGIO;NonCap;S
Nord Est;Friuli- Venezia Giulia;UD;F266;MOGGIO UDINESE;NonCap;S
Nord Ovest;Lombardia;MN;F267;MOGLIA;NonCap;S
Centro;Marche;MC;F268;MOGLIANO;NonCap;S
Nord Est;Veneto;TV;F269;MOGLIANO VENETO;NonCap;L
Isole;Sardegna;OR;F270;MOGORELLA;NonCap;S
Isole;Sardegna;OR;F271;RUINAS;NonCap;S
Isole;Sardegna;OR;F272;MOGORO;NonCap;S
Sud;Campania;BN;F274;MOIANO;NonCap;S
Nord Est;Friuli- Venezia Giulia;UD;F275;MOIMACCO;NonCap;S
Nord Ovest;Lombardia;BG;F276;MOIO DE` CALVI;NonCap;S
Isole;Sicilia;ME;F277;MOIO ALCANTARA;NonCap;S
Sud;Campania;SA;F278;MOIO DELLA CIVITELLA;NonCap;S
Nord Ovest;Piemonte;CN;F279;MOIOLA;NonCap;S
Sud;Puglia;BA;F280;MOLA DI BARI;NonCap;M
Nord Ovest;Piemonte;AL;F281;MOLARE;NonCap;S
Centro;Toscana;LU;F283;MOLAZZANA;NonCap;S
Sud;Puglia;BA;F284;MOLFETTA;NonCap;L
Sud;Campania;BN;F287;MOLINARA;NonCap;S
Nord Est;Emilia-Romagna;BO;F288;MOLINELLA;NonCap;M
Nord Ovest;Liguria;IM;F290;MOLINI DI TRIORA;NonCap;S
Nord Ovest;Piemonte;AL;F293;MOLINO DEI TORTI;NonCap;S
Sud;Molise;CB;F294;MOLISE;NonCap;S
Sud;Basilicata;PZ;F295;MOLITERNO;NonCap;S
Nord Ovest;Piemonte;VC;F297;MOLLIA;NonCap;S
Isole;Sicilia;AG;F299;PORTO EMPEDOCLE;NonCap;S
Sud;Calabria;RC;F301;MOLOCHIO;NonCap;S
Nord Ovest;Lombardia;LC;F304;MOLTENO;NonCap;S
Nord Ovest;Lombardia;CO;F305;MOLTRASIO;NonCap;S
Nord Ovest;Piemonte;AT;F308;MOMBALDONE;NonCap;S
Nord Ovest;Piemonte;CN;F309;MOMBARCARO;NonCap;S
Centro;Marche;PS;F310;MOMBAROCCIO;NonCap;S
Nord Ovest;Piemonte;AT;F311;MOMBARUZZO;NonCap;S
Nord Ovest;Piemonte;CN;F312;MOMBASIGLIO;NonCap;S
Nord Ovest;Piemonte;AL;F313;MOMBELLO MONFERRATO;NonCap;S
Nord Ovest;Piemonte;TO;F315;MOMBELLO DI TORINO;NonCap;S
Nord Ovest;Piemonte;AT;F316;MOMBERCELLI;NonCap;S
Nord Ovest;Piemonte;NO;F317;MOMO;NonCap;S
Nord Ovest;Piemonte;TO;F318;MONPANTERO;NonCap;S
Centro;Lazio;RI;F319;MOMPEO;NonCap;S
Nord Ovest;Piemonte;AL;F320;MOMPERONE;NonCap;S
Sud;Molise;CB;F322;MONACILIONI;NonCap;S
Nord Ovest;Piemonte;AT;F323;MONALE;NonCap;S
Sud;Calabria;RC;F324;MONASTERACE;NonCap;S
Nord Ovest;Piemonte;AT;F325;MONASTERO BORMIDA;NonCap;S
Nord Ovest;Piemonte;CN;F326;MONASTERO DI VASCO;NonCap;S
Nord Ovest;Piemonte;TO;F327;MONASTERO DI LANZO;NonCap;S
Nord Ovest;Lombardia;BG;F328;MONASTEROLO D CASTELLO;NonCap;S
Nord Ovest;Piemonte;CN;F329;MONASTEROLO CASOTTO;NonCap;S
Nord Ovest;Piemonte;CN;F330;MONASTEROLO SAVIGLIANO;NonCap;S
Nord Est;Veneto;TV;F332;MONASTIER DI TREVISO;NonCap;S
Isole;Sardegna;CA;F333;MONASTIR;NonCap;S
Nord Ovest;Piemonte;TO;F335;MONCALIERI;NonCap;L
Nord Ovest;Piemonte;AT;F336;MONCALVO;NonCap;S
Nord Ovest;Piemonte;AL;F337;MONCESTINO;NonCap;S
Nord Ovest;Piemonte;CN;F338;MONCHIERO;NonCap;S
Nord Est;Emilia-Romagna;PR;F340;MONCHIO DELLE CORTI;NonCap;S
Nord Ovest;Piemonte;VC;F342;MONCRIVELLO;NonCap;S
Nord Ovest;Piemonte;AT;F343;MONCUCCO TORINESE;NonCap;S
Nord Est;Emilia-Romagna;RN;F346;MONDAINO;NonCap;S
Centro;Marche;PS;F347;MONDAVIO;NonCap;S
Centro;Marche;PS;F348;MONDOLFO;NonCap;S
Nord Ovest;Piemonte;CN;F351;MONDOVI`;NonCap;M
Sud;Campania;CE;F352;MONDRAGONE;NonCap;S
Nord Ovest;Liguria;GE;F354;MONEGLIA;NonCap;S
Nord Ovest;Piemonte;CN;F355;MONESIGLIO;NonCap;S
Nord Est;Emilia-Romagna;MO;F357;SERRAMAZZONI;NonCap;S
Nord Ovest;Piemonte;CN;F358;MONFORTE D`ALBA;NonCap;S
Isole;Sicilia;ME;F359;MONFORTE SAN GIORGIO;NonCap;S
Nord Est;Veneto;TV;F360;MONFUMO;NonCap;S
Nord Ovest;Piemonte;AT;F361;MONGARDINO;NonCap;S
Nord Est;Emilia-Romagna;BO;F363;MONGHIDORO;NonCap;S
Sud;Calabria;VV;F364;MONGIANA;NonCap;S
Nord Ovest;Piemonte;AL;F365;MONGIARDINO LIGURE;NonCap;S
Nord Ovest;Valle d'Aosta;AO;F367;MONTJOVET;NonCap;S
Isole;Sicilia;ME;F368;MONGIUFFI MELIA;NonCap;S
Nord Ovest;Piemonte;BI;F369;MONGRANDO;NonCap;S
Sud;Calabria;CS;F370;MONGRASSANO;NonCap;S
Nord Ovest;Lombardia;CO;F372;MONGUZZO;NonCap;S
Nord Ovest;Lombardia;BS;F373;MONIGA DEL GARDA;NonCap;S
Nord Ovest;Piemonte;AL;F374;MONLEALE;NonCap;S
Nord Ovest;Lombardia;BS;F375;MONNO;NonCap;S
Sud;Puglia;BA;F376;MONOPOLI;NonCap;L
Isole;Sicilia;PA;F377;MONREALE;NonCap;M
Centro;Marche;AP;F379;MONSAMPIETRO MORICO;NonCap;S
Centro;Marche;AP;F380;MONSAMPOLO DEL TRONTO;NonCap;S
Centro;Marche;AN;F381;MONSANO;NonCap;S
Nord Est;Veneto;PD;F382;MONSELICE;NonCap;M
Isole;Sardegna;CA;F383;MONSERRATO;NonCap;S
Centro;Toscana;PT;F384;MONSUMMANO TERME;NonCap;M
Nord Ovest;Piemonte;CN;F385;MONTA;NonCap;S
Nord Ovest;Piemonte;AT;F386;MONTABONE;NonCap;S
Nord Ovest;Piemonte;AL;F387;MONTACUTO;NonCap;S
Nord Ovest;Piemonte;AT;F390;MONTAFIA;NonCap;S
Sud;Molise;CB;F391;MONTAGANO;NonCap;S
Nord Ovest;Lombardia;SO;F393;MONTAGNA IN VALTELLINA;NonCap;S
Nord Est;Veneto;PD;F394;MONTAGNANA;NonCap;S
Isole;Sicilia;ME;F395;MONTAGNAREALE;NonCap;S
Sud;Campania;AV;F397;MONTAGUTO;NonCap;S
Centro;Toscana;FI;F398;MONTAIONE;NonCap;S
Sud;Basilicata;MT;F399;MONTALBANO IONICO;NonCap;S
Isole;Sicilia;ME;F400;MONTALBANO ELICONA;NonCap;S
Centro;Marche;AN;F401;OSTRA;NonCap;S
Nord Ovest;Piemonte;AL;F403;MONTALDEO;NonCap;S
Nord Ovest;Piemonte;AL;F404;MONTALDO BORMIDA;NonCap;S
Nord Ovest;Piemonte;CN;F405;MONTALDO DI MONDOVI;NonCap;S
Nord Ovest;Piemonte;TO;F407;MONTALDO TORINESE;NonCap;S
Nord Ovest;Piemonte;CN;F408;MONTALDO ROERO;NonCap;S
Nord Ovest;Piemonte;AT;F409;MONTALDO SCARAMPI;NonCap;S
Centro;Toscana;PT;F410;MONTALE;NonCap;S
Nord Ovest;Piemonte;TO;F411;MONTALENGHE;NonCap;S
Isole;Sicilia;AG;F414;MONTALLEGRO;NonCap;S
Centro;Marche;AP;F415;MONTALTO DELLE MARCHE;NonCap;S
Sud;Calabria;CS;F416;MONTALTO UFFUGO;NonCap;S
Nord Ovest;Lombardia;PV;F417;MONTALTO PAVESE;NonCap;S
Centro;Lazio;VT;F419;MONTALTO DI CASTRO;NonCap;M
Nord Ovest;Piemonte;TO;F420;MONTALTO DORA;NonCap;S
Nord Ovest;Piemonte;TO;F422;MONTANARO;NonCap;S
Nord Ovest;Lombardia;LO;F423;MONTANASO LOMBARDO;NonCap;S
Nord Ovest;Piemonte;CN;F424;MONTANERA;NonCap;S
Sud;Campania;SA;F426;MONTANO ANTILIA;NonCap;S
Nord Ovest;Lombardia;CO;F427;MONTANO LUCINO;NonCap;S
Centro;Marche;AP;F428;MONTAPPONE;NonCap;S
Sud;Molise;IS;F429;MONTAQUILA;NonCap;S
Centro;Lazio;RI;F430;MONTASOLA;NonCap;S
Sud;Calabria;CZ;F432;MONTAURO;NonCap;S
Sud;Abruzzo;CH;F433;MONTAZZOLI;NonCap;S
Nord Ovest;Lombardia;CR;F434;MONTE CREMASCO;NonCap;S
Centro;Toscana;GR;F437;MONTE ARGENTARIO;NonCap;L
Nord Ovest;Lombardia;PV;F440;MONTEBELLO BATTAGLIA;NonCap;S
Sud;Abruzzo;PE;F441;MONTEBELLO DI BERTONA;NonCap;S
Nord Est;Veneto;VI;F442;MONTEBELLO VICENTINO;NonCap;S
Nord Est;Veneto;TV;F443;MONTEBELLUNA;NonCap;L
Nord Ovest;Liguria;GE;F445;MONTEBRUNO;NonCap;S
Centro;Lazio;RI;F446;MONTEBUONO;NonCap;S
Sud;Campania;AV;F448;MONTECALVO IRPINO;NonCap;S
Nord Ovest;Lombardia;PV;F449;MONTECALVO VERSIGGIA;NonCap;S
Centro;Marche;PS;F450;MONTECALVO IN FOGLIA;NonCap;S
Centro;Toscana;LU;F452;MONTECARLO;NonCap;S
Centro;Marche;AN;F453;MONTECAROTTO;NonCap;S
Centro;Marche;MC;F454;MONTECASSIANO;NonCap;S
Nord Ovest;Piemonte;AL;F455;MONTECASTELLO;NonCap;S
Centro;Umbria;PG;F456;MONTE CASTELLO DI VIBIO;NonCap;S
Centro;Umbria;TR;F457;MONTECASTRILLI;NonCap;S
Centro;Toscana;PI;F458;MONTECATINI VAL DI CECINA;NonCap;S
Centro;Marche;MC;F460;MONTE CAVALLO;NonCap;S
Nord Est;Veneto;VR;F461;MONTECCHIA DI CROSARA;NonCap;S
Centro;Umbria;TR;F462;MONTECCHIO;NonCap;S
Nord Est;Emilia-Romagna;RE;F463;MONTECCHIO EMILIA;NonCap;S
Nord Est;Veneto;VI;F464;MONTECCHIO MAGGIORE;NonCap;M
Nord Est;Veneto;VI;F465;MONTECCHIO PRECALCINO;NonCap;S
Centro;Marche;PS;F467;MONTE CERIGNONE;NonCap;S
Nord Ovest;Piemonte;AT;F468;MONTECHIARO D`ASTI;NonCap;S
Nord Ovest;Piemonte;AL;F469;MONTECHIARO D`ACQUI;NonCap;S
Nord Ovest;Lombardia;BS;F471;MONTICHIARI;NonCap;M
Nord Est;Emilia-Romagna;PR;F473;MONTECHIARUGOLO;NonCap;M
Sud;Molise;CB;F475;MONTECILFONE;NonCap;S
Centro;Lazio;RM;F477;MONTECOMPATRI;NonCap;M
Nord Est;Emilia-Romagna;RN;F478;MONTECOPIOLO;NonCap;S
Sud;Campania;SA;F479;MONTECORICE;NonCap;S
Sud;Campania;SA;F480;MONTECORVINO PUGLIANO;NonCap;S
Sud;Campania;SA;F481;MONTECORVINO ROVELLA;NonCap;S
Centro;Marche;MC;F482;MONTECOSARO;NonCap;S
Nord Ovest;Piemonte;VB;F483;MONTECRESTESE;NonCap;S
Nord Est;Emilia-Romagna;MO;F484;MONTECRETO;NonCap;S
Nord Est;Veneto;VI;F486;MONTE DI MALO;NonCap;S
Centro;Marche;AP;F487;MONTEDINOVE;NonCap;S
Sud;Campania;NA;F488;MONTE DI PROCIDA;NonCap;S
Isole;Sicilia;CL;F489;MONTEDORO;NonCap;S
Sud;Campania;AV;F491;MONTEFALCIONE;NonCap;S
Centro;Umbria;PG;F492;MONTEFALCO;NonCap;S
Centro;Marche;AP;F493;MONTEFALCONE APPENNINO;NonCap;S
Sud;Campania;BN;F494;MONTEFALCONE V FORTORE;NonCap;S
Sud;Molise;CB;F495;MONTEFALCONE NEL SANNIO;NonCap;S
Centro;Marche;MC;F496;MONTEFANO;NonCap;S
Centro;Marche;PS;F497;MONTEFELCINO;NonCap;S
Sud;Abruzzo;CH;F498;MONTEFERRANTE;NonCap;S
Centro;Lazio;VT;F499;MONTEFIASCONE;NonCap;S
Sud;Abruzzo;TE;F500;MONTEFINO;NonCap;S
Centro;Marche;AP;F501;MONTEFIORE DELL`ASO;NonCap;S
Nord Est;Emilia-Romagna;RN;F502;MONTEFIORE CONCA;NonCap;S
Nord Est;Emilia-Romagna;MO;F503;MONTEFIORINO;NonCap;S
Centro;Lazio;RM;F504;MONTEFLAVIO;NonCap;S
Sud;Campania;AV;F506;MONTEFORTE IRPINO;NonCap;S
Sud;Campania;SA;F507;MONTEFORTE CILENTO;NonCap;S
Nord Est;Veneto;VR;F508;MONTEFORTE D`ALPONE;NonCap;S
Centro;Marche;AP;F509;MONTEFORTINO;NonCap;S
Centro;Umbria;TR;F510;MONTEFRANCO;NonCap;S
Sud;Campania;AV;F511;MONTEFREDANE;NonCap;S
Sud;Campania;AV;F512;MONTEFUSCO;NonCap;S
Centro;Umbria;TR;F513;MONTEGABBIONE;NonCap;S
Nord Est;Veneto;VI;F514;MONTEGALDA;NonCap;S
Nord Est;Veneto;VI;F515;MONTEGALDELLA;NonCap;S
Centro;Marche;AP;F516;MONTEGALLO;NonCap;S
Centro;Marche;AP;F517;MONTE GIBERTO;NonCap;S
Nord Ovest;Piemonte;AL;F518;MONTEGIOCO;NonCap;S
Sud;Calabria;CS;F519;MONTEGIORDANO;NonCap;S
Centro;Marche;AP;F520;MONTEGIORGIO;NonCap;S
Centro;Marche;AP;F522;MONTEGRANARO;NonCap;S
Nord Est;Emilia-Romagna;RN;F523;MONTEGRIDOLFO;NonCap;S
Centro;Marche;PS;F524;MONTE GRIMANO;NonCap;S
Nord Ovest;Lombardia;VA;F526;MONTEGRINO-VALTRAVAGLIA;NonCap;S
Nord Ovest;Piemonte;AT;F527;MONTEGROSSO D`ASTI;NonCap;S
Nord Ovest;Liguria;IM;F528;MONTEGROSSO PIAN LATTE;NonCap;S
Nord Est;Veneto;PD;F529;MONTEGROTTO TERME;NonCap;S
Sud;Puglia;TA;F531;MONTEIASI;NonCap;S
Nord Ovest;Lombardia;BS;F532;MONTE ISOLA;NonCap;S
Centro;Marche;PS;F533;MONTELABBATE;NonCap;S
Centro;Lazio;RM;F534;MONTELANICO;NonCap;S
Sud;Abruzzo;CH;F535;MONTELAPIANO;NonCap;S
Centro;Marche;AP;F536;MONTELEONE DI FERMO;NonCap;S
Sud;Calabria;VV;F537;VIBO VALENTIA;cap;M
Sud;Puglia;FG;F538;MONTELEONE DI PUGLIA;NonCap;S
Centro;Umbria;PG;F540;MONTELEONE DI SPOLETO;NonCap;S
Centro;Lazio;RI;F541;MONTELEONE SABINO;NonCap;S
Isole;Sardegna;SS;F542;MONTELEONE ROCCA DORIA;NonCap;S
Centro;Umbria;TR;F543;MONTELEONE D`ORVIETO;NonCap;S
Isole;Sicilia;PA;F544;MONTELEPRE;NonCap;S
Centro;Lazio;RM;F545;MONTELIBRETTI;NonCap;S
Sud;Campania;AV;F546;MONTELLA;NonCap;S
Nord Ovest;Lombardia;BG;F547;MONTELLO;NonCap;S
Sud;Molise;CB;F548;MONTELONGO;NonCap;S
Centro;Marche;AP;F549;MONTELPARO;NonCap;S
Nord Ovest;Piemonte;CN;F550;MONTELUPO ALBESE;NonCap;S
Centro;Toscana;FI;F551;MONTELUPO FIORENTINO;NonCap;M
Centro;Marche;MC;F552;MONTELUPONE;NonCap;S
Isole;Sicilia;PA;F553;MONTEMAGGIORE BELSITO;NonCap;S
Nord Ovest;Piemonte;AT;F556;MONTEMAGNO;NonCap;S
Sud;Campania;BN;F557;SANT`ARCANGELO TRIMONTE;NonCap;S
Nord Ovest;Piemonte;CN;F558;MONTEMALE DI CUNEO;NonCap;S
Sud;Campania;AV;F559;MONTEMARANO;NonCap;S
Centro;Marche;AN;F560;MONTEMARCIANO;NonCap;S
Nord Ovest;Lombardia;LC;F561;MONTE MARENZO;NonCap;S
Nord Ovest;Piemonte;AL;F562;MONTEMARZINO;NonCap;S
Sud;Puglia;TA;F563;MONTEMESOLA;NonCap;S
Nord Ovest;Lombardia;CO;F564;MONTEMEZZO;NonCap;S
Centro;Toscana;AR;F565;MONTEMIGNAIO;NonCap;S
Sud;Campania;AV;F566;MONTEMILETTO;NonCap;S
Centro;Marche;MC;F567;POLLENZA;NonCap;S
Sud;Basilicata;PZ;F568;MONTEMILONE;NonCap;S
Sud;Molise;CB;F569;MONTEMITRO;NonCap;S
Centro;Marche;AP;F570;MONTEMONACO;NonCap;S
Centro;Toscana;PO;F572;MONTEMURLO;NonCap;M
Sud;Basilicata;PZ;F573;MONTEMURRO;NonCap;S
Nord Est;Friuli- Venezia Giulia;UD;F574;MONTENARS;NonCap;S
Sud;Molise;CB;F576;MONTENERO DI BISACCIA;NonCap;S
Sud;Abruzzo;CH;F578;MONTENERODOMO;NonCap;S
Centro;Lazio;RI;F579;MONTENERO SABINO;NonCap;S
Sud;Molise;IS;F580;MONTENERO VALCOCCHIARA;NonCap;S
Centro;Marche;AN;F581;OSTRA VETERE;NonCap;S
Sud;Abruzzo;CH;F582;MONTEODORISIO;NonCap;S
Sud;Abruzzo;TE;F585;ROSETO DEGLI ABRUZZI;NonCap;M
Sud;Calabria;CZ;F586;MONTEPAONE;NonCap;S
Sud;Puglia;TA;F587;MONTEPARANO;NonCap;S
Centro;Marche;PS;F589;MONTE PORZIO;NonCap;S
Centro;Lazio;RM;F590;MONTE PORZIO CATONE;NonCap;S
Centro;Marche;AP;F591;MONTEPRANDONE;NonCap;S
Centro;Toscana;SI;F592;MONTEPULCIANO;NonCap;S
Centro;Toscana;AR;F594;MONTERCHI;NonCap;S
Sud;Abruzzo;AQ;F595;MONTEREALE;NonCap;S
Nord Est;Friuli- Venezia Giulia;PN;F596;MONTEREALE VALCELLINA;NonCap;S
Nord Est;Emilia-Romagna;BO;F597;MONTERENZIO;NonCap;S
Centro;Toscana;SI;F598;MONTERIGGIONI;NonCap;M
Centro;Marche;AP;F599;MONTE RINALDO;NonCap;S
Centro;Marche;AN;F600;MONTE ROBERTO;NonCap;S
Sud;Molise;IS;F601;MONTERODUNI;NonCap;S
Centro;Lazio;VT;F603;MONTE ROMANO;NonCap;S
Sud;Puglia;LE;F604;MONTERONI DI LECCE;NonCap;S
Centro;Toscana;SI;F605;MONTERONI D ARBIA;NonCap;S
Centro;Lazio;VT;F606;MONTEROSI;NonCap;S
Sud;Calabria;VV;F607;MONTEROSSO CALABRO;NonCap;S
Nord Ovest;Piemonte;CN;F608;MONTEROSSO GRANA;NonCap;S
Nord Ovest;Liguria;SP;F609;MONTEROSSO AL MARE;NonCap;S
Isole;Sicilia;RG;F610;MONTEROSSO ALMO;NonCap;S
Centro;Lazio;RM;F611;MONTEROTONDO;NonCap;L
Centro;Toscana;GR;F612;MONTEROTONDO MARITTIMO;NonCap;S
Centro;Marche;AP;F614;MONTERUBBIANO;NonCap;S
Centro;Lazio;LT;F616;MONTE SAN BIAGIO;NonCap;S
Sud;Campania;SA;F618;MONTE SAN GIACOMO;NonCap;S
Centro;Lazio;RI;F619;MONTE S GIOVANNI SABINA;NonCap;S
Centro;Lazio;FR;F620;MONTE S GIOVANNI CAMPAN;NonCap;S
Centro;Marche;MC;F621;MONTE SAN GIUSTO;NonCap;S
Centro;Marche;MC;F622;MONTE SAN MARTINO;NonCap;S
Sud;Puglia;LE;F623;MONTESANO SALENTINO;NonCap;S
Sud;Campania;SA;F625;MONTESANO S MARCELLANA;NonCap;S
Centro;Marche;AP;F626;MONTE SAN PIETRANGELI;NonCap;S
Nord Est;Emilia-Romagna;BO;F627;MONTE SAN PIETRO;NonCap;M
Centro;Toscana;AR;F628;MONTE SAN SAVINO;NonCap;S
Centro;Umbria;PG;F629;MONTE S MARIA TIBERINA;NonCap;S
Sud;Puglia;FG;F631;MONTE SANT ANGELO;NonCap;S
Centro;Marche;MC;F632;POTENZA PICENA;NonCap;M
Centro;Marche;AN;F634;MONTE SAN VITO;NonCap;S
Sud;Campania;BN;F636;MONTESARCHIO;NonCap;S
Sud;Basilicata;MT;F637;MONTESCAGLIOSO;NonCap;S
Nord Ovest;Lombardia;PV;F638;MONTESCANO;NonCap;S
Nord Ovest;Piemonte;VB;F639;MONTESCHENO;NonCap;S
Centro;Toscana;PI;F640;MONTESCUDAIO;NonCap;S
Nord Est;Emilia-Romagna;MO;F642;MONTESE;NonCap;S
Nord Ovest;Lombardia;PV;F644;MONTESEGALE;NonCap;S
Sud;Abruzzo;PE;F646;MONTESILVANO;NonCap;L
Centro;Toscana;FI;F648;MONTESPERTOLI;NonCap;M
Nord Ovest;Piemonte;TO;F651;MONTEU DA PO;NonCap;S
Centro;Marche;AP;F653;MONTE URANO;NonCap;S
Nord Ovest;Piemonte;CN;F654;MONTEU ROERO;NonCap;S
Isole;Sicilia;AG;F655;MONTEVAGO;NonCap;S
Centro;Toscana;AR;F656;MONTEVARCHI;NonCap;M
Nord Ovest;Lombardia;LC;F657;MONTEVECCHIA;NonCap;S
Sud;Campania;AV;F660;MONTEVERDE;NonCap;S
Centro;Toscana;PI;F661;MONTEVERDI MARITTIMO;NonCap;S
Nord Est;Veneto;VI;F662;MONTEVIALE;NonCap;S
Centro;Marche;AP;F664;MONTE VIDON COMBATTE;NonCap;S
Centro;Marche;AP;F665;MONTE VIDON CORRADO;NonCap;S
Nord Ovest;Piemonte;CN;F666;MONTEZEMOLO;NonCap;S
Isole;Sardegna;SS;F667;MONTI;NonCap;S
Nord Est;Emilia-Romagna;FO;F668;MONTIANO;NonCap;S
Nord Ovest;Piemonte;CN;F669;MONTICELLO D`ALBA;NonCap;S
Nord Ovest;Lombardia;PV;F670;MONTICELLI PAVESE;NonCap;S
Nord Est;Emilia-Romagna;PC;F671;MONTICELLI D`ONGINA;NonCap;S
Nord Ovest;Lombardia;BS;F672;MONTICELLI BRUSATI;NonCap;S
Nord Ovest;Lombardia;LC;F674;MONTICELLO BRIANZA;NonCap;S
Nord Est;Veneto;VI;F675;MONTICELLO CONTE OTTO;NonCap;S
Centro;Toscana;SI;F676;MONTICIANO;NonCap;S
Centro;Toscana;GR;F677;MONTIERI;NonCap;S
Centro;Toscana;MS;F679;MONTIGNOSO;NonCap;M
Nord Ovest;Lombardia;BS;F680;MONTIRONE;NonCap;S
Nord Ovest;Lombardia;CR;F681;MONTODINE;NonCap;S
Nord Ovest;Liguria;GE;F682;MONTOGGIO;NonCap;S
Centro;Umbria;PG;F685;MONTONE;NonCap;S
Centro;Toscana;PI;F686;MONTOPOLI IN VAL D`ARNO;NonCap;S
Centro;Lazio;RI;F687;MONTOPOLI DI SABINA;NonCap;S
Nord Ovest;Lombardia;CO;F688;MONTORFANO;NonCap;S
Sud;Molise;CB;F689;MONTORIO NEI FRENTANI;NonCap;S
Sud;Abruzzo;TE;F690;MONTORIO AL VOMANO;NonCap;S
Centro;Lazio;RM;F692;MONTORIO ROMANO;NonCap;S
Nord Est;Veneto;VI;F696;MONTORSO VICENTINO;NonCap;S
Centro;Marche;AP;F697;MONTOTTONE;NonCap;S
Isole;Sardegna;NU;F698;MONTRESTA;NonCap;S
Nord Ovest;Lombardia;PV;F701;MONTU BECCARIA;NonCap;S
Nord Ovest;Lombardia;VA;F703;MONVALLE;NonCap;S
Nord Ovest;Lombardia;MI;F704;MONZA;NonCap;L
Nord Ovest;Lombardia;MN;F705;MONZAMBANO;NonCap;S
Nord Est;Emilia-Romagna;BO;F706;MONZUNO;NonCap;S
Nord Ovest;Piemonte;AL;F707;MORANO SUL PO;NonCap;S
Sud;Calabria;CS;F708;MORANO CALABRO;NonCap;S
Nord Ovest;Lombardia;VA;F711;MORAZZONE;NonCap;S
Nord Ovest;Lombardia;SO;F712;MORBEGNO;NonCap;S
Nord Ovest;Piemonte;AL;F713;MORBELLO;NonCap;S
Nord Est;Emilia-Romagna;RN;F715;MORCIANO DI ROMAGNA;NonCap;S
Sud;Puglia;LE;F716;MORCIANO DI LEUCA;NonCap;S
Sud;Campania;BN;F717;MORCONE;NonCap;S
Nord Est;Emilia-Romagna;BO;F718;MORDANO;NonCap;S
Nord Ovest;Lombardia;BG;F720;MORENGO;NonCap;S
Isole;Sardegna;SS;F721;MORES;NonCap;S
Centro;Marche;AP;F722;MORESCO;NonCap;S
Nord Ovest;Piemonte;CN;F723;MORETTA;NonCap;S
Nord Est;Emilia-Romagna;PC;F724;MORFASSO;NonCap;S
Nord Est;Veneto;TV;F725;MORGANO;NonCap;S
Nord Ovest;Valle d'Aosta;AO;F726;MORGEX;NonCap;S
Isole;Sardegna;OR;F727;MORGONGIORI;NonCap;S
Nord Est;Veneto;TV;F729;MORIAGO DELLA BATTAGLIA;NonCap;S
Centro;Lazio;RM;F730;MORICONE;NonCap;S
Sud;Campania;SA;F731;MORIGERATI;NonCap;S
Sud;Abruzzo;AQ;F732;MORINO;NonCap;S
Nord Ovest;Piemonte;TO;F733;MORIONDO TORINESE;NonCap;S
Centro;Lazio;RM;F734;MORLUPO;NonCap;S
Sud;Calabria;CS;F735;MORMANNO;NonCap;S
Nord Ovest;Lombardia;VA;F736;MORNAGO;NonCap;S
Nord Ovest;Piemonte;AL;F737;MORNESE;NonCap;S
Nord Ovest;Lombardia;BG;F738;MORNICO AL SERIO;NonCap;S
Nord Ovest;Lombardia;PV;F739;MORNICO LOSANA;NonCap;S
Centro;Lazio;FR;F740;MOROLO;NonCap;S
Nord Ovest;Piemonte;CN;F743;MOROZZO;NonCap;S
Sud;Campania;AV;F744;MORRA DE SANCTIS;NonCap;S
Centro;Marche;AN;F745;MORRO D`ALBA;NonCap;S
Centro;Lazio;RI;F746;MORRO REATINO;NonCap;S
Sud;Abruzzo;TE;F747;MORRO D`ORO;NonCap;S
Sud;Molise;CB;F748;MORRONE DEL SANNIO;NonCap;S
Centro;Marche;MC;F749;MORROVALLE;NonCap;S
Nord Est;Friuli- Venezia Giulia;PN;F750;MORSANO AL TAGLIAMENTO;NonCap;S
Nord Ovest;Piemonte;AL;F751;MORSASCO;NonCap;S
Nord Ovest;Lombardia;PV;F754;MORTARA;NonCap;M
Nord Est;Friuli- Venezia Giulia;UD;F756;MORTEGLIANO;NonCap;S
Nord Ovest;Lombardia;LC;F758;MORTERONE;NonCap;S
Nord Est;Friuli- Venezia Giulia;UD;F760;MORUZZO;NonCap;S
Nord Ovest;Lombardia;CR;F761;MOSCAZZANO;NonCap;S
Sud;Campania;AV;F762;MOSCHIANO;NonCap;S
Sud;Abruzzo;TE;F764;MOSCIANO SANT`ANGELO;NonCap;S
Sud;Abruzzo;PE;F765;MOSCUFO;NonCap;S
Nord Est;Veneto;TV;F770;MOTTA DI LIVENZA;NonCap;S
Nord Ovest;Lombardia;CR;F771;MOTTA BALUFFI;NonCap;S
Isole;Sicilia;ME;F772;MOTTA CAMASTRA;NonCap;S
Isole;Sicilia;ME;F773;MOTTA D`AFFERMO;NonCap;S
Nord Ovest;Piemonte;VC;F774;MOTTA DEI CONTI;NonCap;S
Sud;Calabria;CS;F775;MOTTAFOLLONE;NonCap;S
Nord Ovest;Piemonte;BI;F776;MOTTALCIATA;NonCap;S
Sud;Puglia;FG;F777;MOTTA MONTECORVINO;NonCap;S
Sud;Calabria;RC;F779;MOTTA SAN GIOVANNI;NonCap;S
Sud;Calabria;CZ;F780;MOTTA SANTA LUCIA;NonCap;S
Isole;Sicilia;CT;F781;MOTTA SANT`ANASTASIA;NonCap;S
Nord Ovest;Lombardia;MI;F783;MOTTA VISCONTI;NonCap;S
Sud;Puglia;TA;F784;MOTTOLA;NonCap;S
Sud;Abruzzo;CH;F785;MOZZAGROGNA;NonCap;S
Nord Ovest;Lombardia;BG;F786;MOZZANICA;NonCap;S
Nord Ovest;Lombardia;CO;F788;MOZZATE;NonCap;M
Nord Est;Veneto;VR;F789;MOZZECANE;NonCap;S
Nord Ovest;Lombardia;BG;F791;MOZZO;NonCap;S
Centro;Marche;MC;F793;MUCCIA;NonCap;S
Nord Ovest;Lombardia;MI;F797;MUGGIO`;NonCap;M
Sud;Campania;AV;F798;MUGNANO DEL CARDINALE;NonCap;S
Sud;Campania;NA;F799;MUGNANO DI NAPOLI;NonCap;M
Nord Ovest;Lombardia;LO;F801;MULAZZANO;NonCap;S
Centro;Toscana;MS;F802;MULAZZO;NonCap;S
Nord Ovest;Lombardia;BS;F806;MURA;NonCap;S
Isole;Sardegna;CA;F808;MURAVERA;NonCap;S
Nord Ovest;Piemonte;CN;F809;MURAZZANO;NonCap;S
Nord Est;Veneto;VI;F810;SALCEDO;NonCap;S
Nord Ovest;Piemonte;CN;F811;MURELLO;NonCap;S
Nord Ovest;Liguria;SV;F813;MURIALDO;NonCap;S
Nord Ovest;Piemonte;AL;F814;MURISENGO;NonCap;S
Centro;Toscana;SI;F815;MURLO;NonCap;S
Sud;Puglia;LE;F816;MURO LECCESE;NonCap;S
Sud;Basilicata;PZ;F817;MURO LUCANO;NonCap;S
Isole;Sardegna;SS;F818;MUROS;NonCap;S
Nord Ovest;Lombardia;BS;F820;MUSCOLINE;NonCap;S
Isole;Sardegna;CA;F822;MUSEI;NonCap;S
Nord Est;Veneto;VE;F826;MUSILE DI PIAVE;NonCap;S
Nord Ovest;Lombardia;CO;F828;MUSSO;NonCap;S
Nord Est;Veneto;VI;F829;MUSSOLENTE;NonCap;S
Isole;Sicilia;CL;F830;MUSSOMELI;NonCap;S
Sud;Abruzzo;TE;F831;PINETO;NonCap;S
Nord Est;Friuli- Venezia Giulia;UD;F832;MUZZANA DEL TURGNANO;NonCap;S
Nord Ovest;Piemonte;BI;F833;MUZZANO;NonCap;S
Nord Est;Veneto;VI;F838;NANTO;NonCap;S
Sud;Campania;NA;F839;NAPOLI;cap;XL
Isole;Sardegna;OR;F840;NARBOLIA;NonCap;S
Isole;Sardegna;CA;F841;NARCAO;NonCap;S
Sud;Puglia;LE;F842;NARDO';NonCap;M
Sud;Calabria;VV;F843;NARDODIPACE;NonCap;S
Centro;Umbria;TR;F844;NARNI;NonCap;M
Isole;Sicilia;AG;F845;NARO;NonCap;S
Nord Ovest;Piemonte;CN;F846;NARZOLE;NonCap;S
Nord Ovest;Liguria;SV;F847;NASINO;NonCap;S
Isole;Sicilia;ME;F848;NASO;NonCap;S
Nord Ovest;Lombardia;BS;F851;NAVE;NonCap;S
Sud;Abruzzo;AQ;F852;NAVELLI;NonCap;S
Centro;Lazio;RM;F857;NAZZANO;NonCap;S
Nord Ovest;Liguria;GE;F858;NE;NonCap;S
Nord Ovest;Piemonte;NO;F859;NEBBIUNO;NonCap;S
Nord Est;Veneto;VR;F861;NEGRAR DI VALPOLICELLA;NonCap;M
Nord Ovest;Liguria;GE;F862;NEIRONE;NonCap;S
Nord Ovest;Piemonte;CN;F863;NEIVE;NonCap;S
Nord Ovest;Lombardia;BG;F864;NEMBRO;NonCap;S
Centro;Lazio;RM;F865;NEMI;NonCap;S
Sud;Basilicata;PZ;F866;NEMOLI;NonCap;S
Isole;Sardegna;OR;F867;NEONELI;NonCap;S
Centro;Lazio;VT;F868;NEPI;NonCap;S
Sud;Abruzzo;TE;F870;NERETO;NonCap;S
Centro;Lazio;RM;F871;NEROLA;NonCap;S
Nord Est;Veneto;TV;F872;NERVESA DELLA BATTAGLIA;NonCap;S
Nord Ovest;Lombardia;MI;F874;NERVIANO;NonCap;M
Centro;Lazio;RI;F876;NESPOLO;NonCap;S
Nord Ovest;Lombardia;CO;F877;NESSO;NonCap;S
Nord Ovest;Piemonte;BI;F878;NETRO;NonCap;S
Centro;Lazio;RM;F880;NETTUNO;NonCap;L
Sud;Puglia;LE;F881;NEVIANO;NonCap;S
Nord Est;Emilia-Romagna;PR;F882;NEVIANO DEGLI ARDUINI;NonCap;S
Nord Ovest;Piemonte;CN;F883;NEVIGLIE;NonCap;S
Nord Ovest;Lombardia;BS;F884;NIARDO;NonCap;S
Nord Ovest;Piemonte;NO;F886;NIBBIOLA;NonCap;S
Nord Ovest;Lombardia;LC;F887;NIBIONNO;NonCap;S
Nord Ovest;Piemonte;TO;F889;NICHELINO;NonCap;L
Isole;Sicilia;CT;F890;NICOLOSI;NonCap;S
Nord Ovest;Lombardia;PV;F891;NICORVO;NonCap;S
Isole;Sicilia;EN;F892;NICOSIA;NonCap;S
Sud;Calabria;VV;F893;NICOTERA;NonCap;S
Nord Ovest;Piemonte;CN;F894;NIELLA BELBO;NonCap;S
Nord Ovest;Piemonte;CN;F895;NIELLA TANARO;NonCap;S
Nord Est;Friuli- Venezia Giulia;UD;F898;NIMIS;NonCap;S
Isole;Sicilia;CL;F899;NISCEMI;NonCap;S
Isole;Sicilia;EN;F900;NISSORIA;NonCap;S
Isole;Sicilia;ME;F901;NIZZA DI SICILIA;NonCap;S
Nord Ovest;Piemonte;AT;F902;NIZZA MONFERRATO;NonCap;S
Nord Est;Veneto;VE;F904;NOALE;NonCap;M
Nord Ovest;Piemonte;TO;F906;NOASCA;NonCap;S
Sud;Calabria;CS;F907;NOCARA;NonCap;S
Sud;Abruzzo;PE;F908;NOCCIANO;NonCap;S
Sud;Calabria;CZ;F910;NOCERA TERINESE;NonCap;S
Centro;Umbria;PG;F911;NOCERA UMBRA;NonCap;S
Sud;Campania;SA;F912;NOCERA INFERIORE;NonCap;M
Sud;Campania;SA;F913;NOCERA SUPERIORE;NonCap;S
Nord Est;Emilia-Romagna;PR;F914;NOCETO;NonCap;M
Sud;Puglia;BA;F915;NOCI;NonCap;S
Sud;Puglia;LE;F916;NOCIGLIA;NonCap;S
Sud;Basilicata;PZ;F917;NOEPOLI;NonCap;S
Nord Est;Veneto;VR;F918;NOGARA;NonCap;S
Nord Est;Veneto;VR;F921;NOGAROLE ROCCA;NonCap;S
Nord Est;Veneto;VI;F922;NOGAROLE VICENTINO;NonCap;S
Sud;Puglia;BA;F923;NOICATTARO;NonCap;M
Sud;Campania;NA;F924;NOLA;NonCap;M
Nord Ovest;Piemonte;TO;F925;NOLE;NonCap;S
Nord Ovest;Liguria;SV;F926;NOLI;NonCap;S
Nord Ovest;Piemonte;TO;F927;NOMAGLIO;NonCap;S
Nord Est;Emilia-Romagna;MO;F930;NONANTOLA;NonCap;M
Nord Ovest;Piemonte;TO;F931;NONE;NonCap;S
Nord Ovest;Piemonte;VB;F932;NONIO;NonCap;S
Isole;Sardegna;NU;F933;NORAGUGUME;NonCap;S
Isole;Sardegna;OR;F934;NORBELLO;NonCap;S
Centro;Umbria;PG;F935;NORCIA;NonCap;S
Centro;Lazio;LT;F937;NORMA;NonCap;S
Nord Ovest;Lombardia;MI;F939;NOSATE;NonCap;S
Nord Ovest;Lombardia;BG;F941;PONTE NOSSA;NonCap;S
Sud;Abruzzo;TE;F942;NOTARESCO;NonCap;S
Isole;Sicilia;SR;F943;NOTO;NonCap;M
Nord Ovest;Lombardia;MI;F944;NOVA MILANESE;NonCap;M
Nord Ovest;Piemonte;TO;F948;NOVALESA;NonCap;S
Isole;Sicilia;ME;F951;NOVARA DI SICILIA;NonCap;S
Nord Ovest;Piemonte;NO;F952;NOVARA;cap;L
Nord Ovest;Lombardia;MI;F955;NOVATE MILANESE;NonCap;M
Nord Ovest;Lombardia;SO;F956;NOVATE MEZZOLA;NonCap;S
Nord Est;Veneto;VI;F957;NOVE;NonCap;S
Nord Ovest;Lombardia;CO;F958;NOVEDRATE;NonCap;S
Nord Est;Emilia-Romagna;RE;F960;NOVELLARA;NonCap;S
Nord Ovest;Piemonte;CN;F961;NOVELLO;NonCap;S
Nord Est;Veneto;PD;F962;NOVENTA PADOVANA;NonCap;M
Nord Est;Veneto;VE;F963;NOVENTA DI PIAVE;NonCap;S
Nord Est;Veneto;VI;F964;NOVENTA VICENTINA;NonCap;S
Nord Ovest;Piemonte;AL;F965;NOVI LIGURE;NonCap;M
Nord Est;Emilia-Romagna;MO;F966;NOVI DI MODENA;NonCap;S
Sud;Campania;SA;F967;NOVI VELIA;NonCap;S
Nord Ovest;Lombardia;MI;F968;NOVIGLIO;NonCap;S
Sud;Puglia;LE;F970;NOVOLI;NonCap;S
Nord Ovest;Piemonte;CN;F972;NUCETTO;NonCap;S
Isole;Sardegna;OR;F974;NUGHEDU SANTA VITTORIA;NonCap;S
Isole;Sardegna;SS;F975;NUGHEDU SAN NICOLO`;NonCap;S
Isole;Sardegna;SS;F976;NULE;NonCap;S
Isole;Sardegna;SS;F977;NULVI;NonCap;S
Centro;Marche;AN;F978;NUMANA;NonCap;M
Isole;Sardegna;NU;F979;NUORO;cap;M
Isole;Sardegna;OR;F980;NURACHI;NonCap;S
Isole;Sardegna;NU;F981;NURAGUS;NonCap;S
Isole;Sardegna;NU;F982;NURALLAO;NonCap;S
Isole;Sardegna;CA;F983;NURAMINIS;NonCap;S
Isole;Sardegna;OR;F985;NURECI;NonCap;S
Isole;Sardegna;NU;F986;NURRI;NonCap;S
Nord Ovest;Valle d'Aosta;AO;F987;NUS;NonCap;S
Sud;Campania;AV;F988;NUSCO;NonCap;S
Nord Ovest;Lombardia;BS;F989;NUVOLENTO;NonCap;S
Nord Ovest;Lombardia;BS;F990;NUVOLERA;NonCap;S
Isole;Sardegna;CA;F991;NUXIS;NonCap;S
Nord Ovest;Piemonte;BI;F992;OCCHIEPPO INFERIORE;NonCap;S
Nord Ovest;Piemonte;BI;F993;OCCHIEPPO SUPERIORE;NonCap;S
Nord Est;Veneto;RO;F994;OCCHIOBELLO;NonCap;M
Nord Ovest;Piemonte;AL;F995;OCCIMIANO;NonCap;S
Sud;Abruzzo;AQ;F996;OCRE;NonCap;S
Nord Ovest;Piemonte;AL;F997;ODALENGO GRANDE;NonCap;S
Nord Ovest;Piemonte;AL;F998;ODALENGO PICCOLO;NonCap;S
Nord Est;Veneto;TV;F999;ODERZO;NonCap;M
Nord Ovest;Lombardia;BS;G001;ODOLO;NonCap;S
Sud;Abruzzo;AQ;G002;OFENA;NonCap;S
Centro;Marche;AN;G003;OFFAGNA;NonCap;S
Nord Ovest;Lombardia;CR;G004;OFFANENGO;NonCap;S
Centro;Marche;AP;G005;OFFIDA;NonCap;S
Nord Ovest;Lombardia;BS;G006;OFFLAGA;NonCap;S
Nord Ovest;Piemonte;VB;G007;OGGEBBIO;NonCap;S
Nord Ovest;Lombardia;VA;G008;OGGIONA CON S STEFANO;NonCap;S
Nord Ovest;Lombardia;LC;G009;OGGIONO;NonCap;S
Nord Ovest;Piemonte;TO;G010;OGLIANICO;NonCap;S
Sud;Campania;SA;G011;OGLIASTRO CILENTO;NonCap;S
Nord Ovest;Valle d'Aosta;AO;G012;OYACE;NonCap;S
Isole;Sardegna;SS;G015;OLBIA;NonCap;L
Nord Ovest;Piemonte;VC;G016;OLCENENGO;NonCap;S
Nord Ovest;Piemonte;VC;G018;OLDENICO;NonCap;S
Nord Ovest;Piemonte;NO;G019;OLEGGIO;NonCap;M
Nord Ovest;Piemonte;NO;G020;OLEGGIO CASTELLO;NonCap;S
Nord Ovest;Lombardia;PV;G021;OLEVANO DI LOMELLINA;NonCap;S
Centro;Lazio;RM;G022;OLEVANO ROMANO;NonCap;S
Sud;Campania;SA;G023;OLEVANO SUL TUSCIANO;NonCap;S
Nord Ovest;Lombardia;CO;G025;OLGIATE COMASCO;NonCap;M
Nord Ovest;Lombardia;LC;G026;OLGIATE MOLGORA;NonCap;S
Nord Ovest;Lombardia;VA;G028;OLGIATE OLONA;NonCap;M
Nord Ovest;Lombardia;LC;G030;OLGINATE;NonCap;S
Isole;Sardegna;NU;G031;OLIENA;NonCap;S
Nord Ovest;Lombardia;PV;G032;OLIVA GESSI;NonCap;S
Sud;Calabria;CZ;G034;OLIVADI;NonCap;S
Isole;Sicilia;ME;G036;OLIVERI;NonCap;S
Sud;Basilicata;MT;G037;OLIVETO LUCANO;NonCap;S
Sud;Campania;SA;G039;OLIVETO CITRA;NonCap;S
Nord Ovest;Lombardia;LC;G040;OLIVETO LARIO;NonCap;S
Nord Ovest;Liguria;IM;G041;OLIVETTA SAN MICHELE;NonCap;S
Nord Ovest;Piemonte;AL;G042;OLIVOLA;NonCap;S
Isole;Sardegna;OR;G043;OLLASTRA SIMAXIS;NonCap;S
Isole;Sardegna;NU;G044;OLLOLAI;NonCap;S
Nord Ovest;Valle d'Aosta;AO;G045;OLLOMONT;NonCap;S
Isole;Sardegna;SS;G046;OLMEDO;NonCap;S
Nord Ovest;Lombardia;CR;G047;OLMENETA;NonCap;S
Nord Ovest;Piemonte;AT;G048;OLMO GENTILE;NonCap;S
Nord Ovest;Lombardia;BG;G049;OLMO AL BREMBO;NonCap;S
Nord Ovest;Lombardia;BG;G050;OLTRE IL COLLE;NonCap;S
Nord Ovest;Lombardia;BG;G054;OLTRESSENDA ALTA;NonCap;S
Nord Ovest;Lombardia;CO;G056;OLTRONA DI SAN MAMETTE;NonCap;S
Isole;Sardegna;NU;G058;OLZAI;NonCap;S
Nord Ovest;Lombardia;BS;G061;OME;NonCap;S
Nord Ovest;Piemonte;VB;G062;OMEGNA;NonCap;S
Sud;Campania;SA;G063;OMIGNANO;NonCap;S
Isole;Sardegna;NU;G064;ONANI;NonCap;S
Centro;Lazio;VT;G065;ONANO;NonCap;S
Nord Ovest;Piemonte;CN;G066;ONCINO;NonCap;S
Nord Ovest;Lombardia;BG;G068;ONETA;NonCap;S
Isole;Sardegna;NU;G070;ONIFAI;NonCap;S
Isole;Sardegna;NU;G071;ONIFERI;NonCap;S
Nord Ovest;Lombardia;BS;G074;ONO SAN PIETRO;NonCap;S
Nord Ovest;Lombardia;BG;G075;ONORE;NonCap;S
Nord Ovest;Liguria;SV;G076;ONZO;NonCap;S
Nord Ovest;Lombardia;MI;G078;OPERA;NonCap;M
Sud;Abruzzo;AQ;G079;OPI;NonCap;S
Nord Est;Veneto;VR;G080;OPPEANO;NonCap;S
Sud;Basilicata;PZ;G081;OPPIDO LUCANO;NonCap;S
Sud;Calabria;RC;G082;OPPIDO MAMERTINA;NonCap;S
Isole;Sardegna;NU;G084;ORANI;NonCap;S
Sud;Molise;CB;G086;ORATINO;NonCap;S
Nord Ovest;Piemonte;TO;G087;ORBASSANO;NonCap;M
Centro;Toscana;GR;G088;ORBETELLO;NonCap;L
Centro;Toscana;PI;G090;ORCIANO PISANO;NonCap;S
Nord Ovest;Liguria;GE;G093;ORERO;NonCap;S
Nord Est;Veneto;VI;G095;ORGIANO;NonCap;S
Nord Ovest;Lombardia;LO;G096;PIEVE FISSIRAGA;NonCap;S
Isole;Sardegna;NU;G097;ORGOSOLO;NonCap;S
Sud;Puglia;BR;G098;ORIA;NonCap;S
Sud;Abruzzo;AQ;G102;ORICOLA;NonCap;S
Nord Ovest;Lombardia;VA;G103;ORIGGIO;NonCap;S
Nord Ovest;Lombardia;VA;G105;ORINO;NonCap;S
Nord Ovest;Lombardia;LO;G107;ORIO LITTA;NonCap;S
Nord Ovest;Lombardia;BG;G108;ORIO AL SERIO;NonCap;S
Nord Ovest;Piemonte;TO;G109;ORIO CANAVESE;NonCap;S
Sud;Calabria;CS;G110;ORIOLO;NonCap;S
Centro;Lazio;VT;G111;ORIOLO ROMANO;NonCap;S
Isole;Sardegna;OR;G113;ORISTANO;cap;M
Nord Ovest;Piemonte;CN;G114;ORMEA;NonCap;S
Nord Est;Veneto;TV;G115;ORMELLE;NonCap;S
Nord Ovest;Lombardia;MI;G116;ORNAGO;NonCap;S
Nord Ovest;Piemonte;VB;G117;ORNAVASSO;NonCap;S
Nord Ovest;Lombardia;BG;G118;ORNICA;NonCap;S
Isole;Sardegna;NU;G119;OROSEI;NonCap;S
Isole;Sardegna;NU;G120;OROTELLI;NonCap;S
Sud;Campania;SA;G121;ORRIA;NonCap;S
Isole;Sardegna;NU;G122;ORROLI;NonCap;S
Nord Est;Veneto;TV;G123;ORSAGO;NonCap;S
Nord Ovest;Piemonte;AL;G124;ORSARA BORMIDA;NonCap;S
Sud;Puglia;FG;G125;ORSARA DI PUGLIA;NonCap;S
Nord Ovest;Lombardia;CO;G126;ORSENIGO;NonCap;S
Sud;Abruzzo;CH;G128;ORSOGNA;NonCap;S
Sud;Calabria;CS;G129;ORSOMARSO;NonCap;S
Sud;Campania;CE;G130;ORTA DI ATELLA;NonCap;M
Sud;Puglia;FG;G131;ORTA NOVA;NonCap;S
Isole;Sardegna;CA;G133;ORTACESUS;NonCap;S
Nord Ovest;Piemonte;NO;G134;ORTA SAN GIULIO;NonCap;S
Centro;Lazio;VT;G135;ORTE;NonCap;S
Sud;Puglia;LE;G136;ORTELLE;NonCap;S
Centro;Marche;AP;G137;ORTEZZANO;NonCap;S
Centro;Toscana;AR;G139;ORTIGNANO RAGGIOLO;NonCap;S
Sud;Abruzzo;CH;G141;ORTONA;NonCap;M
Sud;Abruzzo;AQ;G142;ORTONA DEI MARSI;NonCap;S
Nord Ovest;Liguria;SP;G143;LUNI;NonCap;S
Nord Ovest;Liguria;SV;G144;ORTOVERO;NonCap;S
Sud;Abruzzo;AQ;G145;ORTUCCHIO;NonCap;S
Isole;Sardegna;NU;G146;ORTUERI;NonCap;S
Isole;Sardegna;NU;G147;ORUNE;NonCap;S
Centro;Umbria;TR;G148;ORVIETO;NonCap;M
Nord Ovest;Lombardia;BS;G149;ORZINUOVI;NonCap;S
Nord Ovest;Lombardia;BS;G150;ORZIVECCHI;NonCap;S
Nord Ovest;Piemonte;TO;G151;OSASCO;NonCap;S
Nord Ovest;Piemonte;TO;G152;OSASIO;NonCap;S
Isole;Sardegna;SS;G153;OSCHIRI;NonCap;S
Isole;Sardegna;NU;G154;OSIDDA;NonCap;S
Nord Ovest;Liguria;SV;G155;OSIGLIA;NonCap;S
Isole;Sardegna;SS;G156;OSILO;NonCap;S
Centro;Marche;AN;G157;OSIMO;NonCap;L
Isole;Sardegna;NU;G158;OSINI;NonCap;S
Nord Ovest;Lombardia;BG;G159;OSIO SOPRA;NonCap;S
Nord Ovest;Lombardia;BG;G160;OSIO SOTTO;NonCap;M
Nord Ovest;Lombardia;LC;G161;OSNAGO;NonCap;S
Nord Est;Friuli- Venezia Giulia;UD;G163;OSOPPO;NonCap;S
Nord Ovest;Liguria;IM;G164;OSPEDALETTI;NonCap;M
Sud;Campania;AV;G165;OSPEDALETTO D`ALPINOLO;NonCap;S
Nord Ovest;Lombardia;LO;G166;OSPEDALETTO LODIGIANO;NonCap;S
Nord Est;Veneto;PD;G167;OSPEDALETTO EUGANEO;NonCap;S
Nord Est;Veneto;BL;G169;OSPITALE DI CADORE;NonCap;S
Nord Ovest;Lombardia;BS;G170;OSPITALETTO;NonCap;M
Nord Ovest;Lombardia;LO;G171;OSSAGO LODIGIANO;NonCap;S
Isole;Sardegna;SS;G178;OSSI;NonCap;S
Nord Ovest;Lombardia;BS;G179;OSSIMO;NonCap;S
Nord Ovest;Lombardia;MI;G181;OSSONA;NonCap;S
Nord Ovest;Piemonte;CN;G183;OSTANA;NonCap;S
Nord Est;Emilia-Romagna;FE;G184;OSTELLATO;NonCap;S
Nord Ovest;Lombardia;CR;G185;OSTIANO;NonCap;S
Nord Ovest;Lombardia;MN;G186;OSTIGLIA;NonCap;S
Sud;Puglia;BR;G187;OSTUNI;NonCap;L
Sud;Puglia;LE;G188;OTRANTO;NonCap;S
Centro;Umbria;TR;G189;OTRICOLI;NonCap;S
Sud;Campania;NA;G190;OTTAVIANO;NonCap;S
Isole;Sardegna;NU;G191;OTTANA;NonCap;S
Sud;Campania;SA;G192;OTTATI;NonCap;S
Nord Ovest;Piemonte;AL;G193;OTTIGLIO;NonCap;S
Nord Ovest;Lombardia;PV;G194;OTTOBIANO;NonCap;S
Nord Est;Emilia-Romagna;PC;G195;OTTONE;NonCap;S
Nord Ovest;Piemonte;TO;G196;OULX;NonCap;S
Nord Ovest;Piemonte;AL;G197;OVADA;NonCap;S
Nord Est;Friuli- Venezia Giulia;UD;G198;OVARO;NonCap;S
Nord Ovest;Piemonte;AL;G199;OVIGLIO;NonCap;S
Sud;Abruzzo;AQ;G200;OVINDOLI;NonCap;S
Isole;Sardegna;NU;G201;OVODDA;NonCap;S
Nord Ovest;Piemonte;TO;G202;OZEGNA;NonCap;S
Isole;Sardegna;SS;G203;OZIERI;NonCap;S
Nord Ovest;Piemonte;AL;G204;OZZANO MONFERRATO;NonCap;S
Nord Est;Emilia-Romagna;BO;G205;OZZANO DELL`EMILIA;NonCap;M
Nord Ovest;Lombardia;MI;G206;OZZERO;NonCap;S
Isole;Sardegna;CA;G207;PABILLONIS;NonCap;S
Isole;Sicilia;TP;G208;PACECO;NonCap;S
Isole;Sicilia;ME;G209;PACE DEL MELA;NonCap;S
Sud;Abruzzo;AQ;G210;PACENTRO;NonCap;S
Isole;Sicilia;SR;G211;PACHINO;NonCap;S
Centro;Umbria;PG;G212;PACIANO;NonCap;S
Nord Ovest;Lombardia;BS;G213;PADENGHE SUL GARDA;NonCap;M
Nord Ovest;Piemonte;AL;G215;PADERNA;NonCap;S
Nord Ovest;Lombardia;BS;G217;PADERNO FRANCIACORTA;NonCap;S
Nord Ovest;Lombardia;LC;G218;PADERNO D`ADDA;NonCap;S
Nord Ovest;Lombardia;MI;G220;PADERNO DUGNANO;NonCap;L
Nord Ovest;Lombardia;CR;G222;PADERNO PONCHIELLI;NonCap;S
Nord Ovest;Lombardia;LC;G223;ROBBIATE;NonCap;S
Nord Est;Veneto;PD;G224;PADOVA;cap;XL
Isole;Sardegna;SS;G225;PADRIA;NonCap;S
Sud;Campania;SA;G226;PADULA;NonCap;S
Sud;Campania;BN;G227;PADULI;NonCap;S
Nord Ovest;Piemonte;CN;G228;PAESANA;NonCap;S
Nord Est;Veneto;TV;G229;PAESE;NonCap;M
Sud;Campania;SA;G230;PAGANI;NonCap;M
Centro;Lazio;RI;G232;PAGANICO SABINO;NonCap;S
Nord Ovest;Lombardia;BG;G233;PAGAZZANO;NonCap;S
Isole;Sicilia;ME;G234;PAGLIARA;NonCap;S
Sud;Abruzzo;CH;G237;PAGLIETA;NonCap;S
Nord Est;Friuli- Venezia Giulia;UD;G238;PAGNACCO;NonCap;S
Nord Ovest;Piemonte;CN;G240;PAGNO;NonCap;S
Nord Ovest;Lombardia;LC;G241;PAGNONA;NonCap;S
Sud;Campania;AV;G242;PAGO DEL VALLO DI LAURO;NonCap;S
Sud;Campania;BN;G243;PAGO VEIANO;NonCap;S
Nord Ovest;Lombardia;BS;G247;PAISCO LOVENO;NonCap;S
Nord Ovest;Lombardia;BS;G248;PAITONE;NonCap;S
Nord Ovest;Lombardia;BG;G249;PALADINA;NonCap;S
Nord Est;Emilia-Romagna;MO;G250;PALAGANO;NonCap;S
Sud;Puglia;TA;G251;PALAGIANELLO;NonCap;S
Sud;Puglia;TA;G252;PALAGIANO;NonCap;S
Isole;Sicilia;CT;G253;PALAGONIA;NonCap;S
Centro;Toscana;PI;G254;PALAIA;NonCap;S
Nord Est;Emilia-Romagna;PR;G255;PALANZANO;NonCap;S
Sud;Molise;CB;G257;PALATA;NonCap;S
Isole;Sardegna;SS;G258;PALAU;NonCap;M
Nord Ovest;Lombardia;BG;G259;PALAZZAGO;NonCap;S
Nord Ovest;Lombardia;CR;G260;PALAZZO PIGNANO;NonCap;S
Sud;Basilicata;PZ;G261;PALAZZO SAN GERVASIO;NonCap;S
Nord Ovest;Piemonte;TO;G262;PALAZZO CANAVESE;NonCap;S
Isole;Sicilia;PA;G263;PALAZZO ADRIANO;NonCap;S
Nord Ovest;Lombardia;BS;G264;PALAZZOLO SULL`OGLIO;NonCap;M
Nord Ovest;Piemonte;VC;G266;PALAZZOLO VERCELLESE;NonCap;S
Isole;Sicilia;SR;G267;PALAZZOLO ACREIDE;NonCap;S
Nord Est;Friuli- Venezia Giulia;UD;G268;PALAZZOLO DELLO STELLA;NonCap;S
Centro;Toscana;FI;G270;PALAZZUOLO SUL SENIO;NonCap;S
Sud;Abruzzo;CH;G271;PALENA;NonCap;S
Sud;Calabria;CZ;G272;PALERMITI;NonCap;S
Isole;Sicilia;PA;G273;PALERMO;cap;XL
Centro;Lazio;RM;G274;PALESTRINA;NonCap;M
Nord Ovest;Lombardia;PV;G275;PALESTRO;NonCap;S
Centro;Lazio;FR;G276;PALIANO;NonCap;S
Sud;Calabria;RC;G277;PALIZZI;NonCap;S
Sud;Calabria;KR;G278;PALLAGORIO;NonCap;S
Nord Ovest;Piemonte;VB;G280;PALLANZENO;NonCap;S
Nord Ovest;Liguria;SV;G281;PALLARE;NonCap;S
Isole;Sicilia;AG;G282;PALMA DI MONTECHIARO;NonCap;S
Sud;Campania;NA;G283;PALMA CAMPANIA;NonCap;S
Nord Est;Friuli- Venezia Giulia;UD;G284;PALMANOVA;NonCap;S
Sud;Puglia;LE;G285;PALMARIGGI;NonCap;S
Isole;Sardegna;OR;G286;PALMAS ARBOREA;NonCap;S
Isole;Sardegna;CA;G287;SAN GIOVANNI SUERGIU;NonCap;S
Sud;Calabria;RC;G288;PALMI;NonCap;S
Centro;Marche;AP;G289;PALMIANO;NonCap;S
Sud;Abruzzo;CH;G290;PALMOLI;NonCap;S
Sud;Puglia;BA;G291;PALO DEL COLLE;NonCap;M
Sud;Campania;SA;G292;PALOMONTE;NonCap;S
Centro;Lazio;RM;G293;PALOMBARA SABINA;NonCap;S
Sud;Abruzzo;CH;G294;PALOMBARO;NonCap;S
Nord Ovest;Lombardia;BG;G295;PALOSCO;NonCap;S
Nord Est;Veneto;VR;G297;PALU`;NonCap;S
Sud;Calabria;CS;G298;PALUDI;NonCap;S
Nord Est;Friuli- Venezia Giulia;UD;G300;PALUZZA;NonCap;S
Nord Ovest;Piemonte;CN;G302;PAMPARATO;NonCap;S
Nord Ovest;Piemonte;TO;G303;PANCALIERI;NonCap;S
Nord Ovest;Lombardia;PV;G304;PANCARANA;NonCap;S
Nord Ovest;Lombardia;CR;G306;PANDINO;NonCap;S
Sud;Calabria;CS;G307;PANETTIERI;NonCap;S
Centro;Umbria;PG;G308;PANICALE;NonCap;S
Sud;Campania;NA;G309;VILLARICCA;NonCap;M
Sud;Campania;BN;G311;PANNARANO;NonCap;S
Sud;Puglia;FG;G312;PANNI;NonCap;S
Isole;Sicilia;TP;G315;PANTELLERIA;NonCap;S
Nord Ovest;Lombardia;MI;G316;PANTIGLIATE;NonCap;S
Sud;Calabria;CS;G317;PAOLA;NonCap;S
Sud;Campania;BN;G318;PAOLISI;NonCap;S
Isole;Sicilia;TP;G319;VALDERICE;NonCap;S
Sud;Calabria;CS;G320;PAPASIDERO;NonCap;S
Nord Est;Veneto;RO;G323;PAPOZZE;NonCap;S
Nord Ovest;Lombardia;MI;G324;PARABIAGO;NonCap;L
Sud;Puglia;LE;G325;PARABITA;NonCap;S
Nord Ovest;Lombardia;BS;G327;PARATICO;NonCap;S
Nord Ovest;Piemonte;TO;G330;PARELLA;NonCap;S
Sud;Calabria;CS;G331;PARENTI;NonCap;S
Sud;Campania;CE;G333;PARETE;NonCap;S
Nord Ovest;Piemonte;AL;G334;PARETO;NonCap;S
Sud;Calabria;VV;G335;PARGHELIA;NonCap;S
Nord Ovest;Lombardia;LC;G336;PARLASCO;NonCap;S
Nord Est;Emilia-Romagna;PR;G337;PARMA;cap;XL
Nord Ovest;Piemonte;AL;G338;PARODI LIGURE;NonCap;S
Nord Ovest;Piemonte;CN;G339;PAROLDO;NonCap;S
Sud;Campania;AV;G340;PAROLISE;NonCap;S
Nord Ovest;Lombardia;PV;G342;PARONA;NonCap;S
Centro;Umbria;TR;G344;PARRANO;NonCap;S
Nord Ovest;Lombardia;BG;G346;PARRE;NonCap;S
Isole;Sicilia;TP;G347;PARTANNA;NonCap;S
Isole;Sicilia;PA;G348;PARTINICO;NonCap;S
Nord Ovest;Piemonte;NO;G349;PARUZZARO;NonCap;S
Nord Ovest;Lombardia;BG;G350;PARZANICA;NonCap;S
Nord Est;Friuli- Venezia Giulia;UD;G352;PASIAN DI PRATO;NonCap;S
Nord Est;Friuli- Venezia Giulia;PN;G353;PASIANO DI PORDENONE;NonCap;S
Nord Ovest;Lombardia;BS;G354;PASPARDO;NonCap;S
Nord Ovest;Piemonte;AT;G358;PASSERANO MARMORITO;NonCap;S
Centro;Umbria;PG;G359;PASSIGNANO S TRASIMENO;NonCap;S
Nord Ovest;Lombardia;BS;G361;PASSIRANO;NonCap;S
Centro;Lazio;FR;G362;PASTENA;NonCap;S
Sud;Campania;CE;G364;PASTORANO;NonCap;S
Nord Est;Veneto;VR;G365;PASTRENGO;NonCap;S
Nord Ovest;Piemonte;AL;G367;PASTURANA;NonCap;S
Nord Ovest;Lombardia;LC;G368;PASTURO;NonCap;S
Sud;Campania;AV;G370;PATERNOPOLI;NonCap;S
Isole;Sicilia;CT;G371;PATERNO`;NonCap;M
Sud;Calabria;CS;G372;PATERNO CALABRO;NonCap;S
Centro;Lazio;FR;G374;PATRICA;NonCap;S
Isole;Sardegna;SS;G376;PATTADA;NonCap;S
Isole;Sicilia;ME;G377;PATTI;NonCap;S
Sud;Puglia;LE;G378;PATU';NonCap;S
Isole;Sardegna;OR;G379;PAU;NonCap;S
Nord Est;Friuli- Venezia Giulia;UD;G381;PAULARO;NonCap;S
Isole;Sardegna;CA;G382;PAULI ARBAREI;NonCap;S
Isole;Sardegna;CA;G383;SAN NICOLO` GERREI;NonCap;S
Isole;Sardegna;OR;G384;PAULILATINO;NonCap;S
Nord Ovest;Lombardia;MI;G385;PAULLO;NonCap;S
Sud;Campania;BN;G386;PAUPISI;NonCap;S
Nord Ovest;Piemonte;TO;G387;PAVAROLO;NonCap;S
Nord Ovest;Lombardia;PV;G388;PAVIA;cap;L
Nord Est;Friuli- Venezia Giulia;UD;G389;PAVIA DI UDINE;NonCap;S
Nord Ovest;Lombardia;BS;G391;PAVONE DEL MELLA;NonCap;S
Nord Ovest;Piemonte;TO;G392;PAVONE CANAVESE;NonCap;S
Nord Est;Emilia-Romagna;MO;G393;PAVULLO NEL FRIGNANO;NonCap;S
Sud;Calabria;RC;G394;PAZZANO;NonCap;S
Centro;Toscana;PI;G395;PECCIOLI;NonCap;S
Nord Ovest;Piemonte;AL;G397;PECETTO DI VALENZA;NonCap;S
Nord Ovest;Piemonte;TO;G398;PECETTO TORINESE;NonCap;S
Isole;Sicilia;CT;G402;PEDARA;NonCap;M
Centro;Marche;AP;G403;PEDASO;NonCap;S
Nord Est;Veneto;BL;G404;PEDAVENA;NonCap;S
Nord Ovest;Lombardia;BS;G407;SAN PAOLO;NonCap;S
Nord Est;Veneto;TV;G408;PEDEROBBA;NonCap;S
Nord Ovest;Lombardia;SO;G410;PEDESINA;NonCap;S
Sud;Calabria;CS;G411;PEDIVIGLIANO;NonCap;S
Nord Ovest;Lombardia;BG;G412;PEDRENGO;NonCap;S
Nord Ovest;Lombardia;CO;G415;PEGLIO;NonCap;S
Centro;Marche;PS;G416;PEGLIO;NonCap;S
Nord Ovest;Lombardia;MN;G417;PEGOGNAGA;NonCap;S
Nord Ovest;Lombardia;BG;G418;PEIA;NonCap;S
Centro;Toscana;FI;G420;PELAGO;NonCap;S
Nord Ovest;Piemonte;NO;G421;PELLA;NonCap;S
Nord Est;Emilia-Romagna;PR;G424;PELLEGRINO PARMENSE;NonCap;S
Sud;Campania;SA;G426;PELLEZZANO;NonCap;S
Nord Ovest;Piemonte;AT;G430;PENANGO;NonCap;S
Nord Ovest;Lombardia;SO;G431;POGGIRIDENTI;NonCap;S
Centro;Umbria;TR;G432;PENNA IN TEVERINA;NonCap;S
Nord Est;Emilia-Romagna;RN;G433;PENNABILLI;NonCap;S
Sud;Abruzzo;CH;G434;PENNADOMO;NonCap;S
Sud;Abruzzo;CH;G435;PENNAPIEDIMONTE;NonCap;S
Centro;Marche;MC;G436;PENNA SAN GIOVANNI;NonCap;S
Sud;Abruzzo;TE;G437;PENNA SANT`ANDREA;NonCap;S
Sud;Abruzzo;PE;G438;PENNE;NonCap;S
Sud;Calabria;CZ;G439;PENTONE;NonCap;S
Sud;Abruzzo;CH;G441;PERANO;NonCap;S
Nord Est;Veneto;BL;G442;PERAROLO DI CADORE;NonCap;S
Centro;Lazio;RM;G444;PERCILE;NonCap;S
Isole;Sardegna;NU;G445;PERDASDEFOGU;NonCap;S
Isole;Sardegna;CA;G446;PERDAXIUS;NonCap;S
Sud;Campania;SA;G447;PERDIFUMO;NonCap;S
Sud;Abruzzo;AQ;G449;PERETO;NonCap;S
Isole;Sardegna;SS;G450;PERFUGAS;NonCap;S
Centro;Marche;PS;G453;PERGOLA;NonCap;S
Nord Ovest;Liguria;IM;G454;PERINALDO;NonCap;S
Sud;Campania;SA;G455;PERITO;NonCap;S
Nord Ovest;Lombardia;LC;G456;PERLEDO;NonCap;S
Nord Ovest;Piemonte;CN;G457;PERLETTO;NonCap;S
Nord Ovest;Piemonte;CN;G458;PERLO;NonCap;S
Nord Ovest;Valle d'Aosta;AO;G459;PERLOZ;NonCap;S
Nord Est;Veneto;PD;G461;PERNUMIA;NonCap;S
Nord Ovest;Piemonte;TO;G462;PEROSA CANAVESE;NonCap;S
Nord Ovest;Piemonte;TO;G463;PEROSA ARGENTINA;NonCap;S
Nord Ovest;Piemonte;TO;G465;PERRERO;NonCap;S
Nord Est;Emilia-Romagna;BO;G467;SAN GIOVANNI PERSICETO;NonCap;L
Nord Ovest;Lombardia;CR;G469;PERSICO DOSIMO;NonCap;S
Nord Ovest;Piemonte;VC;G471;PERTENGO;NonCap;S
Nord Ovest;Lombardia;BS;G474;PERTICA ALTA;NonCap;S
Nord Ovest;Lombardia;BS;G475;PERTICA BASSA;NonCap;S
Sud;Campania;SA;G476;PERTOSA;NonCap;S
Nord Ovest;Piemonte;TO;G477;PERTUSIO;NonCap;S
Centro;Umbria;PG;G478;PERUGIA;cap;L
Centro;Marche;PS;G479;PESARO;cap;L
Centro;Toscana;LU;G480;PESCAGLIA;NonCap;S
Nord Est;Veneto;VR;G481;PESCANTINA;NonCap;M
Sud;Abruzzo;PE;G482;PESCARA;cap;L
Nord Ovest;Lombardia;CR;G483;PESCAROLO ED UNITI;NonCap;S
Sud;Abruzzo;AQ;G484;PESCASSEROLI;NonCap;S
Nord Ovest;Lombardia;LC;G485;PESCATE;NonCap;S
Sud;Molise;IS;G486;PESCHE;NonCap;S
Sud;Puglia;FG;G487;PESCHICI;NonCap;S
Nord Ovest;Lombardia;MI;G488;PESCHIERA BORROMEO;NonCap;L
Nord Est;Veneto;VR;G489;PESCHIERA DEL GARDA;NonCap;M
Centro;Toscana;PT;G491;PESCIA;NonCap;M
Sud;Abruzzo;AQ;G492;PESCINA;NonCap;S
Sud;Abruzzo;AQ;G493;PESCOCOSTANZO;NonCap;S
Sud;Campania;BN;G494;PESCO SANNITA;NonCap;S
Sud;Molise;IS;G495;PESCOLANCIANO;NonCap;S
Sud;Basilicata;PZ;G496;PESCOPAGANO;NonCap;S
Sud;Molise;IS;G497;PESCOPENNATARO;NonCap;S
Centro;Lazio;RI;G498;PESCOROCCHIANO;NonCap;S
Sud;Abruzzo;PE;G499;PESCOSANSONESCO;NonCap;S
Centro;Lazio;FR;G500;PESCOSOLIDO;NonCap;S
Nord Ovest;Lombardia;MI;G502;PESSANO CON BORNAGO;NonCap;S
Nord Ovest;Lombardia;CR;G504;PESSINA CREMONESE;NonCap;S
Nord Ovest;Piemonte;TO;G505;PESSINETTO;NonCap;S
Sud;Molise;CB;G506;PETACCIATO;NonCap;S
Centro;Lazio;RI;G507;TURANIA;NonCap;S
Sud;Calabria;KR;G508;PETILIA POLICASTRO;NonCap;S
Sud;Campania;SA;G509;PETINA;NonCap;S
Isole;Sicilia;PA;G510;PETRALIA SOPRANA;NonCap;S
Isole;Sicilia;PA;G511;PETRALIA SOTTANA;NonCap;S
Sud;Molise;CB;G512;PETRELLA TIFERNINA;NonCap;S
Centro;Lazio;RI;G513;PETRELLA SALTO;NonCap;S
Centro;Marche;PS;G514;PETRIANO;NonCap;S
Centro;Marche;MC;G515;PETRIOLO;NonCap;S
Centro;Marche;AP;G516;PETRITOLI;NonCap;S
Sud;Calabria;CZ;G517;PETRIZZI;NonCap;S
Sud;Calabria;CZ;G518;PETRONA`;NonCap;S
Sud;Campania;AV;G519;PETRURO IRPINO;NonCap;S
Nord Ovest;Piemonte;NO;G520;PETTENASCO;NonCap;S
Nord Ovest;Piemonte;BI;G521;PETTINENGO;NonCap;S
Isole;Sicilia;ME;G522;PETTINEO;NonCap;S
Sud;Molise;IS;G523;PETTORANELLO DEL MOLISE;NonCap;S
Sud;Abruzzo;AQ;G524;PETTORANO SUL GIZIO;NonCap;S
Nord Est;Veneto;RO;G525;PETTORAZZA GRIMANI;NonCap;S
Nord Ovest;Piemonte;CN;G526;PEVERAGNO;NonCap;S
Nord Ovest;Piemonte;VC;G528;PEZZANA;NonCap;S
Nord Ovest;Lombardia;BS;G529;PEZZAZE;NonCap;S
Nord Ovest;Piemonte;CN;G532;PEZZOLO VALLE UZZONE;NonCap;S
Nord Est;Veneto;PD;G534;PIACENZA D`ADIGE;NonCap;S
Nord Est;Emilia-Romagna;PC;G535;PIACENZA;cap;L
Sud;Campania;SA;G538;PIAGGINE;NonCap;S
Sud;Campania;SA;G540;VALLE DELL`ANGELO;NonCap;S
Sud;Campania;CE;G541;PIANA DI MONTE VERNA;NonCap;S
Nord Ovest;Liguria;SV;G542;PIANA CRIXIA;NonCap;S
Isole;Sicilia;PA;G543;PIANA DEGLI ALBANESI;NonCap;S
Nord Ovest;Valle d'Aosta;AO;G545;PONTBOSET;NonCap;S
Nord Ovest;Lombardia;BS;G546;PIAN CAMUNO;NonCap;S
Centro;Toscana;SI;G547;PIANCASTAGNAIO;NonCap;S
Nord Ovest;Lombardia;BS;G549;PIANCOGNO;NonCap;S
Centro;Marche;PS;G551;PIANDIMELETO;NonCap;S
Sud;Calabria;CS;G553;PIANE CRATI;NonCap;S
Sud;Abruzzo;PE;G555;PIANELLA;NonCap;S
Nord Ovest;Lombardia;CO;G556;PIANELLO DEL LARIO;NonCap;S
Nord Est;Emilia-Romagna;PC;G557;PIANELLO VAL TIDONE;NonCap;S
Nord Ovest;Lombardia;CR;G558;PIANENGO;NonCap;S
Nord Ovest;Piemonte;TO;G559;PIANEZZA;NonCap;M
Nord Est;Veneto;VI;G560;PIANEZZE;NonCap;S
Nord Ovest;Piemonte;CN;G561;PIANFEI;NonCap;S
Nord Ovest;Lombardia;BG;G564;PIANICO;NonCap;S
Nord Est;Veneto;VE;G565;PIANIGA;NonCap;M
Nord Est;Emilia-Romagna;BO;G566;SAN BENEDETTO VAL DI SAMBRO;NonCap;S
Sud;Campania;NA;G568;PIANO DI SORRENTO;NonCap;S
Nord Est;Emilia-Romagna;BO;G570;PIANORO;NonCap;M
Centro;Lazio;VT;G571;PIANSANO;NonCap;S
Nord Ovest;Lombardia;SO;G572;PIANTEDO;NonCap;S
Nord Ovest;Lombardia;BG;G574;PIARIO;NonCap;S
Nord Ovest;Piemonte;CN;G575;PIASCO;NonCap;S
Nord Ovest;Lombardia;SO;G576;PIATEDA;NonCap;S
Nord Ovest;Piemonte;BI;G577;PIATTO;NonCap;S
Nord Ovest;Lombardia;BG;G579;PIAZZA BREMBANA;NonCap;S
Isole;Sicilia;EN;G580;PIAZZA ARMERINA;NonCap;S
Centro;Toscana;LU;G582;PIAZZA AL SERCHIO;NonCap;S
Nord Ovest;Lombardia;BG;G583;PIAZZATORRE;NonCap;S
Nord Est;Veneto;PD;G587;PIAZZOLA SUL BRENTA;NonCap;S
Nord Ovest;Lombardia;BG;G588;PIAZZOLO;NonCap;S
Sud;Abruzzo;PE;G589;PICCIANO;NonCap;S
Sud;Basilicata;PZ;G590;PICERNO;NonCap;S
Centro;Lazio;FR;G591;PICINISCO;NonCap;S
Centro;Lazio;FR;G592;PICO;NonCap;S
Nord Ovest;Piemonte;AT;G593;PIEA;NonCap;S
Nord Ovest;Piemonte;BI;G594;PIEDICAVALLO;NonCap;S
Sud;Campania;CE;G596;PIEDIMONTE MATESE;NonCap;S
Isole;Sicilia;CT;G597;PIEDIMONTE ETNEO;NonCap;S
Centro;Lazio;FR;G598;PIEDIMONTE SAN GERMANO;NonCap;S
Nord Ovest;Piemonte;VB;G600;PIEDIMULERA;NonCap;S
Centro;Umbria;PG;G601;PIEGARO;NonCap;S
Centro;Toscana;SI;G602;PIENZA;NonCap;S
Nord Ovest;Lombardia;CR;G603;PIERANICA;NonCap;S
Sud;Puglia;FG;G604;PIETRAMONTECORVINO;NonCap;S
Nord Ovest;Liguria;SV;G605;PIETRA LIGURE;NonCap;L
Sud;Molise;IS;G606;PIETRABBONDANTE;NonCap;S
Nord Ovest;Liguria;IM;G607;PIETRABRUNA;NonCap;S
Sud;Abruzzo;TE;G608;PIETRACAMELA;NonCap;S
Sud;Molise;CB;G609;PIETRACATELLA;NonCap;S
Sud;Molise;CB;G610;PIETRACUPA;NonCap;S
Sud;Campania;AV;G611;PIETRADEFUSI;NonCap;S
Nord Ovest;Lombardia;PV;G612;PIETRA DE GIORGI;NonCap;S
Sud;Abruzzo;CH;G613;PIETRAFERRAZZANA;NonCap;S
Sud;Basilicata;PZ;G614;SATRIANO DI LUCANIA;NonCap;S
Sud;Calabria;CS;G615;PIETRAFITTA;NonCap;S
Sud;Basilicata;PZ;G616;PIETRAGALLA;NonCap;S
Centro;Umbria;PG;G618;PIETRALUNGA;NonCap;S
Nord Ovest;Piemonte;AL;G619;PIETRA MARAZZI;NonCap;S
Sud;Campania;CE;G620;PIETRAMELARA;NonCap;S
Sud;Abruzzo;PE;G621;PIETRANICO;NonCap;S
Sud;Calabria;CS;G622;PIETRAPAOLA;NonCap;S
Sud;Basilicata;PZ;G623;PIETRAPERTOSA;NonCap;S
Isole;Sicilia;EN;G624;PIETRAPERZIA;NonCap;S
Nord Ovest;Piemonte;CN;G625;PIETRAPORZIO;NonCap;S
Sud;Campania;BN;G626;PIETRAROIA;NonCap;S
Centro;Marche;PS;G627;PIETRARUBBIA;NonCap;S
Centro;Toscana;LU;G628;PIETRASANTA;NonCap;L
Sud;Campania;AV;G629;PIETRASTORNINA;NonCap;S
Sud;Campania;CE;G630;PIETRAVAIRANO;NonCap;S
Sud;Campania;BN;G631;PIETRELCINA;NonCap;S
Nord Ovest;Liguria;IM;G632;PIEVE DI TECO;NonCap;S
Nord Ovest;Lombardia;MI;G634;PIEVE EMANUELE;NonCap;M
Nord Ovest;Lombardia;PV;G635;PIEVE ALBIGNOLA;NonCap;S
Centro;Toscana;PT;G636;PIEVE A NIEVOLE;NonCap;S
Nord Ovest;Lombardia;PV;G639;PIEVE DEL CAIRO;NonCap;S
Nord Est;Veneto;BL;G642;PIEVE DI CADORE;NonCap;S
Nord Est;Emilia-Romagna;BO;G643;PIEVE DI CENTO;NonCap;S
Nord Est;Veneto;TV;G645;PIEVE DI SOLIGO;NonCap;S
Nord Ovest;Liguria;GE;G646;PIEVE LIGURE;NonCap;S
Nord Ovest;Lombardia;CR;G647;PIEVE D`OLMI;NonCap;S
Centro;Toscana;LU;G648;PIEVE FOSCIANA;NonCap;S
Nord Est;Emilia-Romagna;MO;G649;PIEVEPELAGO;NonCap;S
Nord Ovest;Lombardia;PV;G650;PIEVE PORTO MORONE;NonCap;S
Nord Ovest;Lombardia;CR;G651;PIEVE SAN GIACOMO;NonCap;S
Centro;Toscana;AR;G653;PIEVE SANTO STEFANO;NonCap;S
Centro;Marche;MC;G657;PIEVE TORINA;NonCap;S
Nord Ovest;Piemonte;VB;G658;PIEVE VERGONTE;NonCap;S
Centro;Lazio;FR;G659;PIGLIO;NonCap;S
Nord Ovest;Liguria;IM;G660;PIGNA;NonCap;S
Sud;Campania;CE;G661;PIGNATARO MAGGIORE;NonCap;S
Centro;Lazio;FR;G662;PIGNATARO INTERAMNA;NonCap;S
Sud;Basilicata;PZ;G663;PIGNOLA;NonCap;S
Nord Ovest;Liguria;SP;G664;PIGNONE;NonCap;S
Nord Ovest;Lombardia;CO;G665;PIGRA;NonCap;S
Nord Ovest;Piemonte;VC;G666;PILA;NonCap;S
Isole;Sardegna;CA;G669;PIMENTEL;NonCap;S
Sud;Campania;NA;G670;PIMONTE;NonCap;S
Nord Ovest;Lombardia;PV;G671;PINAROLO PO;NonCap;S
Nord Ovest;Piemonte;TO;G672;PINASCA;NonCap;S
Nord Est;Veneto;RO;G673;PINCARA;NonCap;S
Nord Ovest;Piemonte;TO;G674;PINEROLO;NonCap;L
Nord Ovest;Piemonte;AT;G676;PINO D`ASTI;NonCap;S
Nord Ovest;Piemonte;TO;G678;PINO TORINESE;NonCap;M
Nord Est;Friuli- Venezia Giulia;PN;G680;PINZANO AL TAGLIAMENTO;NonCap;S
Centro;Marche;PS;G682;PIOBBICO;NonCap;S
Nord Ovest;Piemonte;CN;G683;PIOBESI D`ALBA;NonCap;S
Nord Ovest;Piemonte;TO;G684;PIOBESI TORINESE;NonCap;S
Nord Ovest;Piemonte;VC;G685;PIODE;NonCap;S
Nord Ovest;Lombardia;MI;G686;PIOLTELLO;NonCap;L
Centro;Toscana;LI;G687;PIOMBINO;NonCap;L
Nord Est;Veneto;PD;G688;PIOMBINO DESE;NonCap;S
Centro;Marche;MC;G690;PIORACO;NonCap;S
Nord Ovest;Piemonte;TO;G691;PIOSSASCO;NonCap;M
Nord Ovest;Piemonte;AT;G692;PIOVA MASSAIA;NonCap;S
Nord Est;Veneto;PD;G693;PIOVE DI SACCO;NonCap;M
Nord Est;Veneto;VI;G694;PIOVENE-ROCCHETTE;NonCap;S
Nord Est;Emilia-Romagna;PC;G696;PIOZZANO;NonCap;S
Nord Ovest;Piemonte;CN;G697;PIOZZO;NonCap;S
Centro;Lazio;LT;G698;PRIVERNO;NonCap;S
Isole;Sicilia;ME;G699;PIRAINO;NonCap;S
Centro;Toscana;PI;G702;PISA;cap;L
Nord Ovest;Piemonte;NO;G703;PISANO;NonCap;S
Centro;Lazio;RM;G704;PISONIANO;NonCap;S
Nord Ovest;Piemonte;TO;G705;PISCINA;NonCap;S
Sud;Campania;SA;G707;PISCIOTTA;NonCap;S
Nord Ovest;Lombardia;BS;G710;PISOGNE;NonCap;S
Sud;Basilicata;MT;G712;PISTICCI;NonCap;S
Centro;Toscana;PT;G713;PISTOIA;cap;L
Centro;Toscana;GR;G716;PITIGLIANO;NonCap;S
Nord Ovest;Lombardia;MN;G717;PIUBEGA;NonCap;S
Nord Ovest;Lombardia;SO;G718;PIURO;NonCap;S
Nord Ovest;Piemonte;TO;G719;PIVERONE;NonCap;S
Nord Ovest;Lombardia;PV;G720;PIZZALE;NonCap;S
Nord Ovest;Lombardia;CR;G721;PIZZIGHETTONE;NonCap;S
Sud;Calabria;VV;G722;PIZZO;NonCap;S
Sud;Abruzzo;CH;G724;PIZZOFERRATO;NonCap;S
Sud;Abruzzo;AQ;G726;PIZZOLI;NonCap;S
Sud;Molise;IS;G727;PIZZONE;NonCap;S
Sud;Calabria;VV;G728;PIZZONI;NonCap;S
Sud;Calabria;RC;G729;PLACANICA;NonCap;S
Sud;Calabria;CS;G733;PLATACI;NonCap;S
Sud;Calabria;CZ;G734;PLATANIA;NonCap;S
Sud;Calabria;RC;G735;PLATI`;NonCap;S
Nord Est;Friuli- Venezia Giulia;UD;G736;TAIPANA;NonCap;S
Nord Ovest;Lombardia;CO;G737;PLESIO;NonCap;S
Isole;Sardegna;SS;G740;PLOAGHE;NonCap;S
Nord Ovest;Liguria;SV;G741;PLODIO;NonCap;S
Nord Ovest;Piemonte;CN;G742;POCAPAGLIA;NonCap;S
Nord Est;Friuli- Venezia Giulia;UD;G743;POCENIA;NonCap;S
Centro;Toscana;MS;G746;PODENZANA;NonCap;S
Nord Est;Emilia-Romagna;PC;G747;PODENZANO;NonCap;S
Centro;Lazio;FR;G749;POFI;NonCap;S
Sud;Puglia;LE;G751;POGGIARDO;NonCap;S
Centro;Toscana;SI;G752;POGGIBONSI;NonCap;M
Nord Ovest;Lombardia;MN;G753;POGGIO RUSCO;NonCap;S
Centro;Toscana;PO;G754;POGGIO A CAIANO;NonCap;M
Centro;Lazio;RI;G756;POGGIO BUSTONE;NonCap;S
Centro;Lazio;RI;G757;POGGIO CATINO;NonCap;S
Centro;Umbria;PG;G758;POGGIODOMO;NonCap;S
Sud;Abruzzo;CH;G760;POGGIOFIORITO;NonCap;S
Sud;Puglia;FG;G761;POGGIO IMPERIALE;NonCap;S
Sud;Campania;NA;G762;POGGIOMARINO;NonCap;S
Centro;Lazio;RI;G763;POGGIO MIRTETO;NonCap;S
Centro;Lazio;RI;G764;POGGIO MOIANO;NonCap;S
Centro;Lazio;RI;G765;POGGIO NATIVO;NonCap;S
Sud;Abruzzo;AQ;G766;POGGIO PICENZE;NonCap;S
Isole;Sicilia;TP;G767;POGGIOREALE;NonCap;S
Nord Est;Emilia-Romagna;FE;G768;POGGIO RENATICO;NonCap;S
Sud;Puglia;BA;G769;POGGIORSINI;NonCap;S
Centro;Lazio;RI;G770;POGGIO SAN LORENZO;NonCap;S
Centro;Marche;AN;G771;POGGIO SAN MARCELLO;NonCap;S
Nord Ovest;Lombardia;MI;G772;POGLIANO MILANESE;NonCap;S
Nord Ovest;Lombardia;CO;G773;POGNANA LARIO;NonCap;S
Nord Ovest;Lombardia;BG;G774;POGNANO;NonCap;S
Nord Ovest;Piemonte;NO;G775;POGNO;NonCap;S
Nord Est;Veneto;VI;G776;POIANA MAGGIORE;NonCap;S
Nord Ovest;Piemonte;TO;G777;POIRINO;NonCap;S
Nord Ovest;Lombardia;BS;G779;POLAVENO;NonCap;S
Nord Est;Friuli- Venezia Giulia;PN;G780;POLCENIGO;NonCap;S
Nord Est;Veneto;RO;G782;POLESELLA;NonCap;S
Centro;Lazio;RM;G784;POLI;NonCap;S
Sud;Calabria;VV;G785;POLIA;NonCap;S
Sud;Basilicata;MT;G786;POLICORO;NonCap;M
Sud;Puglia;BA;G787;POLIGNANO A MARE;NonCap;M
Nord Est;Emilia-Romagna;PC;G788;SAN PIETRO IN CERRO;NonCap;S
Nord Est;Emilia-Romagna;MO;G789;POLINAGO;NonCap;S
Centro;Umbria;TR;G790;POLINO;NonCap;S
Sud;Calabria;RC;G791;POLISTENA;NonCap;S
Isole;Sicilia;PA;G792;POLIZZI GENEROSA;NonCap;S
Sud;Campania;SA;G793;POLLA;NonCap;S
Nord Ovest;Valle d'Aosta;AO;G794;POLLEIN;NonCap;S
Sud;Campania;NA;G795;POLLENA TROCCHIA;NonCap;S
Sud;Campania;SA;G796;POLLICA;NonCap;S
Isole;Sicilia;PA;G797;POLLINA;NonCap;S
Nord Ovest;Piemonte;BI;G798;POLLONE;NonCap;S
Sud;Abruzzo;CH;G799;POLLUTRI;NonCap;S
Nord Ovest;Piemonte;CN;G800;POLONGHERA;NonCap;S
Nord Ovest;Lombardia;BS;G801;POLPENAZZE DEL GARDA;NonCap;S
Nord Est;Veneto;PD;G802;POLVERARA;NonCap;S
Centro;Marche;AN;G803;POLVERIGI;NonCap;S
Centro;Toscana;PI;G804;POMARANCE;NonCap;S
Nord Ovest;Piemonte;TO;G805;POMARETTO;NonCap;S
Sud;Basilicata;MT;G806;POMARICO;NonCap;S
Nord Ovest;Piemonte;AL;G807;POMARO MONFERRATO;NonCap;S
Nord Ovest;Piemonte;NO;G809;POMBIA;NonCap;S
Centro;Lazio;RM;G811;POMEZIA;NonCap;L
Sud;Campania;NA;G812;POMIGLIANO D`ARCO;NonCap;M
Sud;Campania;NA;G813;POMPEI;NonCap;S
Nord Ovest;Liguria;IM;G814;POMPEIANA;NonCap;S
Nord Ovest;Lombardia;BS;G815;POMPIANO;NonCap;S
Nord Ovest;Lombardia;MN;G816;POMPONESCO;NonCap;S
Isole;Sardegna;OR;G817;POMPU;NonCap;S
Nord Ovest;Lombardia;BS;G818;PONCARALE;NonCap;S
Nord Ovest;Piemonte;BI;G820;PONDERANO;NonCap;S
Nord Ovest;Lombardia;CO;G821;PONNA;NonCap;S
Centro;Toscana;PI;G822;PONSACCO;NonCap;M
Nord Est;Veneto;PD;G823;PONSO;NonCap;S
Centro;Toscana;FI;G825;PONTASSIEVE;NonCap;M
Nord Ovest;Piemonte;TO;G826;PONT CANAVESE;NonCap;S
Sud;Campania;BN;G827;PONTE;NonCap;S
Nord Ovest;Lombardia;SO;G829;PONTE IN VALTELLINA;NonCap;S
Nord Est;Friuli- Venezia Giulia;UD;G831;PONTEBBA;NonCap;S
Centro;Toscana;PT;G833;PONTE BUGGIANESE;NonCap;S
Sud;Campania;SA;G834;PONTECAGNANO FAIANO;NonCap;M
Nord Est;Veneto;RO;G836;PONTECCHIO POLESINE;NonCap;S
Nord Ovest;Piemonte;CN;G837;PONTECHIANALE;NonCap;S
Centro;Lazio;FR;G838;PONTECORVO;NonCap;S
Nord Ovest;Piemonte;AL;G839;PONTECURONE;NonCap;S
Nord Ovest;Liguria;IM;G840;PONTEDASSIO;NonCap;S
Nord Est;Emilia-Romagna;PC;G842;PONTE DELL`OLIO;NonCap;S
Centro;Toscana;PI;G843;PONTEDERA;NonCap;L
Nord Ovest;Lombardia;BS;G844;PONTE DI LEGNO;NonCap;M
Nord Est;Veneto;TV;G846;PONTE DI PIAVE;NonCap;S
Nord Ovest;Lombardia;CO;G847;PONTE LAMBRO;NonCap;S
Sud;Campania;BN;G848;PONTELANDOLFO;NonCap;S
Sud;Campania;CE;G849;PONTELATONE;NonCap;S
Nord Est;Veneto;PD;G850;PONTELONGO;NonCap;S
Nord Ovest;Lombardia;PV;G851;PONTE NIZZA;NonCap;S
Nord Est;Emilia-Romagna;PC;G852;PONTENURE;NonCap;S
Nord Ovest;Lombardia;BG;G853;PONTERANICA;NonCap;S
Nord Ovest;Valle d'Aosta;AO;G854;PONT SAINT MARTIN;NonCap;S
Nord Est;Veneto;PD;G855;PONTE SAN NICOLO`;NonCap;M
Nord Ovest;Lombardia;BG;G856;PONTE SAN PIETRO;NonCap;S
Nord Ovest;Piemonte;AL;G858;PONTESTURA;NonCap;S
Nord Ovest;Lombardia;BS;G859;PONTEVICO;NonCap;S
Nord Ovest;Valle d'Aosta;AO;G860;PONTEY;NonCap;S
Nord Ovest;Piemonte;AL;G861;PONTI;NonCap;S
Nord Ovest;Lombardia;MN;G862;PONTI SUL MINCIO;NonCap;S
Nord Ovest;Lombardia;BG;G864;PONTIDA;NonCap;S
Centro;Lazio;LT;G865;PONTINIA;NonCap;S
Nord Ovest;Liguria;SV;G866;PONTINVREA;NonCap;S
Nord Ovest;Lombardia;BG;G867;PONTIROLO NUOVO;NonCap;S
Nord Ovest;Lombardia;BS;G869;PONTOGLIO;NonCap;S
Centro;Toscana;MS;G870;PONTREMOLI;NonCap;S
Centro;Lazio;LT;G871;PONZA;NonCap;S
Nord Ovest;Piemonte;AL;G872;PONZANO MONFERRATO;NonCap;S
Centro;Marche;AP;G873;PONZANO DI FERMO;NonCap;S
Centro;Lazio;RM;G874;PONZANO ROMANO;NonCap;S
Nord Est;Veneto;TV;G875;PONZANO VENETO;NonCap;M
Nord Ovest;Piemonte;AL;G877;PONZONE;NonCap;S
Sud;Abruzzo;PE;G878;POPOLI;NonCap;S
Centro;Toscana;AR;G879;POPPI;NonCap;S
Centro;Umbria;TR;G881;PORANO;NonCap;S
Centro;Toscana;LU;G882;PORCARI;NonCap;S
Nord Est;Friuli- Venezia Giulia;PN;G886;PORCIA;NonCap;S
Sud;Campania;SA;G887;STELLA CILENTO;NonCap;S
Nord Est;Friuli- Venezia Giulia;PN;G888;PORDENONE;cap;L
Nord Ovest;Lombardia;CO;G889;PORLEZZA;NonCap;S
Nord Ovest;Liguria;IM;G890;PORNASSIO;NonCap;S
Nord Est;Friuli- Venezia Giulia;UD;G891;PORPETTO;NonCap;S
Nord Ovest;Piemonte;AT;G894;PORTACOMARO;NonCap;S
Nord Ovest;Lombardia;PV;G895;PORTALBERA;NonCap;S
Nord Ovest;Piemonte;TO;G900;PORTE;NonCap;S
Sud;Campania;NA;G902;PORTICI;NonCap;L
Sud;Campania;CE;G903;PORTICO DI CASERTA;NonCap;S
Nord Est;Emilia-Romagna;FO;G904;PORTICO E SAN BENEDETTO;NonCap;S
Sud;Calabria;RC;G905;PORTIGLIOLA;NonCap;S
Nord Ovest;Lombardia;VA;G906;PORTO CERESIO;NonCap;S
Nord Ovest;Lombardia;VA;G907;PORTO VALTRAVAGLIA;NonCap;S
Nord Est;Veneto;TV;G909;PORTOBUFFOLE`;NonCap;S
Sud;Molise;CB;G910;PORTOCANNONE;NonCap;S
Centro;Toscana;LI;G912;PORTOFERRAIO;NonCap;M
Nord Ovest;Liguria;GE;G913;PORTOFINO;NonCap;S
Nord Est;Veneto;VE;G914;PORTOGRUARO;NonCap;M
Nord Est;Emilia-Romagna;FE;G916;PORTOMAGGIORE;NonCap;S
Nord Ovest;Lombardia;MN;G917;PORTO MANTOVANO;NonCap;M
Centro;Marche;MC;G919;PORTO RECANATI;NonCap;M
Centro;Marche;AP;G920;PORTO SAN GIORGIO;NonCap;M
Centro;Marche;AP;G921;PORTO SANT`ELPIDIO;NonCap;M
Isole;Sardegna;CA;G922;PORTOSCUSO;NonCap;S
Nord Est;Veneto;RO;G923;PORTO TOLLE;NonCap;S
Isole;Sardegna;SS;G924;PORTO TORRES;NonCap;M
Nord Ovest;Liguria;SP;G925;PORTOVENERE;NonCap;S
Nord Est;Veneto;RO;G926;PORTO VIRO;NonCap;S
Nord Ovest;Piemonte;BI;G927;PORTULA;NonCap;S
Isole;Sardegna;NU;G929;POSADA;NonCap;S
Nord Est;Veneto;VI;G931;POSINA;NonCap;S
Sud;Campania;SA;G932;POSITANO;NonCap;S
Nord Est;Veneto;TV;G933;POSSAGNO;NonCap;S
Centro;Lazio;RI;G934;POSTA;NonCap;S
Centro;Lazio;FR;G935;POSTA FIBRENO;NonCap;S
Nord Ovest;Lombardia;SO;G937;POSTALESIO;NonCap;S
Sud;Campania;SA;G939;POSTIGLIONE;NonCap;S
Nord Ovest;Piemonte;VC;G940;POSTUA;NonCap;S
Sud;Basilicata;PZ;G942;POTENZA;cap;L
Nord Est;Veneto;VI;G943;POVE DEL GRAPPA;NonCap;S
Nord Est;Veneto;TV;G944;POVEGLIANO;NonCap;S
Nord Est;Veneto;VR;G945;POVEGLIANO VERONESE;NonCap;S
Nord Est;Emilia-Romagna;RE;G947;POVIGLIO;NonCap;S
Nord Est;Friuli- Venezia Giulia;UD;G949;POVOLETTO;NonCap;S
Centro;Lazio;RI;G951;POZZAGLIA SABINA;NonCap;S
Isole;Sicilia;RG;G953;POZZALLO;NonCap;S
Sud;Molise;IS;G954;POZZILLI;NonCap;S
Nord Ovest;Lombardia;MI;G955;POZZO D`ADDA;NonCap;S
Nord Est;Veneto;VI;G957;POZZOLEONE;NonCap;S
Nord Ovest;Lombardia;BS;G959;POZZOLENGO;NonCap;S
Nord Ovest;Piemonte;AL;G960;POZZOL GROPPO;NonCap;S
Nord Ovest;Piemonte;AL;G961;POZZOLO FORMIGARO;NonCap;S
Isole;Sardegna;SS;G962;POZZOMAGGIORE;NonCap;S
Nord Est;Veneto;PD;G963;POZZONOVO;NonCap;S
Sud;Campania;NA;G964;POZZUOLI;NonCap;L
Nord Ovest;Lombardia;MI;G965;POZZUOLO MARTESANA;NonCap;S
Nord Est;Friuli- Venezia Giulia;UD;G966;POZZUOLO DEL FRIULI;NonCap;S
Nord Ovest;Lombardia;BG;G968;PRADALUNGA;NonCap;S
Nord Est;Friuli- Venezia Giulia;UD;G969;PRADAMANO;NonCap;S
Nord Ovest;Piemonte;CN;G970;PRADLEVES;NonCap;S
Nord Est;Emilia-Romagna;BO;G972;SASSO MARCONI;NonCap;M
Nord Ovest;Piemonte;TO;G973;PRAGELATO;NonCap;S
Nord Ovest;Piemonte;BI;G974;PRAY;NonCap;S
Sud;Calabria;CS;G975;PRAIA A MARE;NonCap;S
Sud;Campania;SA;G976;PRAIANO;NonCap;S
Nord Ovest;Lombardia;BS;G977;PRALBOINO;NonCap;S
Nord Ovest;Piemonte;TO;G978;PRALI;NonCap;S
Nord Ovest;Piemonte;TO;G979;PRALORMO;NonCap;S
Nord Ovest;Piemonte;BI;G980;PRALUNGO;NonCap;S
Nord Est;Veneto;VE;G981;PRAMAGGIORE;NonCap;S
Nord Ovest;Piemonte;TO;G982;PRAMOLLO;NonCap;S
Nord Ovest;Piemonte;VC;G985;PRAROLO;NonCap;S
Nord Ovest;Piemonte;TO;G986;PRAROSTINO;NonCap;S
Nord Ovest;Piemonte;AL;G987;PRASCO;NonCap;S
Nord Ovest;Piemonte;TO;G988;PRASCORSANO;NonCap;S
Sud;Campania;AV;G990;PRATA PRINCIPATO ULTRA;NonCap;S
Sud;Campania;CE;G991;PRATA SANNITA;NonCap;S
Sud;Abruzzo;AQ;G992;PRATA D`ANSIDONIA;NonCap;S
Nord Ovest;Lombardia;SO;G993;PRATA CAMPORTACCIO;NonCap;S
Nord Est;Friuli- Venezia Giulia;PN;G994;PRATA DI PORDENONE;NonCap;S
Sud;Campania;CE;G995;PRATELLA;NonCap;S
Nord Ovest;Piemonte;TO;G997;PRATIGLIONE;NonCap;S
Centro;Toscana;PO;G999;PRATO;cap;L
Nord Ovest;Piemonte;NO;H001;PRATO SESIA;NonCap;S
Nord Est;Friuli- Venezia Giulia;UD;H002;PRATO CARNICO;NonCap;S
Sud;Campania;AV;H006;PRATOLA SERRA;NonCap;S
Sud;Abruzzo;AQ;H007;PRATOLA PELIGNA;NonCap;S
Nord Est;Friuli- Venezia Giulia;PN;H010;PRAVISDOMINI;NonCap;S
Nord Ovest;Piemonte;CN;H011;PRAZZO;NonCap;S
Sud;Calabria;RC;H013;SAMO;NonCap;S
Nord Est;Friuli- Venezia Giulia;UD;H014;PRECENICCO;NonCap;S
Centro;Umbria;PG;H015;PRECI;NonCap;S
Nord Est;Emilia-Romagna;FO;H017;PREDAPPIO;NonCap;S
Nord Ovest;Lombardia;BG;H020;PREDORE;NonCap;S
Nord Ovest;Piemonte;AL;H021;PREDOSA;NonCap;S
Nord Est;Veneto;TV;H022;PREGANZIOL;NonCap;M
Nord Ovest;Lombardia;MI;H026;PREGNANA MILANESE;NonCap;S
Nord Ovest;Liguria;IM;H027;PRELA`;NonCap;S
Nord Ovest;Lombardia;LC;H028;PREMANA;NonCap;S
Nord Est;Friuli- Venezia Giulia;UD;H029;PREMARIACCO;NonCap;S
Nord Ovest;Piemonte;VB;H030;PREMENO;NonCap;S
Nord Ovest;Piemonte;VB;H033;PREMIA;NonCap;S
Nord Est;Emilia-Romagna;FO;H034;PREMILCUORE;NonCap;S
Nord Ovest;Lombardia;BG;H036;PREMOLO;NonCap;S
Nord Ovest;Piemonte;VB;H037;PREMOSELLO CHIOVENDA;NonCap;S
Nord Est;Friuli- Venezia Giulia;UD;H038;PREONE;NonCap;S
Nord Est;Friuli- Venezia Giulia;UD;H040;PREPOTTO;NonCap;S
Nord Ovest;Valle d'Aosta;AO;H042;PRE` SAINT DIDIER;NonCap;S
Nord Ovest;Lombardia;BS;H043;PRESEGLIE;NonCap;S
Sud;Campania;CE;H045;PRESENZANO;NonCap;S
Nord Ovest;Lombardia;BG;H046;PRESEZZO;NonCap;S
Nord Est;Veneto;VR;H048;PRESSANA;NonCap;S
Sud;Abruzzo;CH;H052;PRETORO;NonCap;S
Nord Ovest;Lombardia;BS;H055;PREVALLE;NonCap;S
Sud;Abruzzo;AQ;H056;PREZZA;NonCap;S
Nord Ovest;Piemonte;CN;H059;PRIERO;NonCap;S
Nord Est;Emilia-Romagna;MO;H061;PRIGNANO SULLA SECCHIA;NonCap;S
Sud;Campania;SA;H062;PRIGNANO CILENTO;NonCap;S
Nord Ovest;Lombardia;LC;H063;PRIMALUNA;NonCap;S
Nord Ovest;Piemonte;CN;H068;PRIOCCA;NonCap;S
Nord Ovest;Piemonte;CN;H069;PRIOLA;NonCap;S
Isole;Sicilia;PA;H070;PRIZZI;NonCap;S
Centro;Lazio;VT;H071;PROCENO;NonCap;S
Sud;Campania;NA;H072;PROCIDA;NonCap;S
Nord Ovest;Liguria;GE;H073;PROPATA;NonCap;S
Nord Ovest;Lombardia;CO;H074;PROSERPIO;NonCap;S
Centro;Lazio;LT;H076;PROSSEDI;NonCap;S
Nord Ovest;Lombardia;BS;H077;PROVAGLIO VAL SABBIA;NonCap;S
Nord Ovest;Lombardia;BS;H078;PROVAGLIO D`ISEO;NonCap;S
Sud;Molise;CB;H083;PROVVIDENTI;NonCap;S
Nord Ovest;Piemonte;CN;H085;PRUNETTO;NonCap;S
Nord Ovest;Lombardia;BS;H086;PUEGNAGO DEL GARDA;NonCap;S
Sud;Campania;BN;H087;PUGLIANELLO;NonCap;S
Isole;Sardegna;CA;H088;PULA;NonCap;M
Nord Est;Friuli- Venezia Giulia;UD;H089;PULFERO;NonCap;S
Sud;Puglia;TA;H090;PULSANO;NonCap;S
Nord Ovest;Lombardia;BG;H091;PUMENENGO;NonCap;S
Nord Ovest;Lombardia;CO;H094;PUSIANO;NonCap;S
Isole;Sardegna;SS;H095;PUTIFIGARI;NonCap;S
Sud;Puglia;BA;H096;PUTIGNANO;NonCap;M
Sud;Campania;AV;H097;QUADRELLE;NonCap;S
Sud;Abruzzo;CH;H098;QUADRI;NonCap;S
Nord Ovest;Piemonte;TO;H100;QUAGLIUZZO;NonCap;S
Sud;Campania;NA;H101;QUALIANO;NonCap;S
Nord Ovest;Piemonte;AT;H102;QUARANTI;NonCap;S
Nord Ovest;Piemonte;AL;H104;QUARGNENTO;NonCap;S
Nord Ovest;Piemonte;VB;H106;QUARNA SOPRA;NonCap;S
Nord Ovest;Piemonte;VB;H107;QUARNA SOTTO;NonCap;S
Nord Ovest;Piemonte;VC;H108;QUARONA;NonCap;S
Centro;Toscana;PT;H109;QUARRATA;NonCap;M
Nord Ovest;Valle d'Aosta;AO;H110;QUART;NonCap;S
Sud;Campania;NA;H114;QUARTO;NonCap;M
Nord Est;Veneto;VE;H117;QUARTO D`ALTINO;NonCap;S
Isole;Sardegna;CA;H118;QUARTU SANT`ELENA;NonCap;L
Isole;Sardegna;CA;H119;QUARTUCCIU;NonCap;S
Nord Ovest;Piemonte;TO;H120;QUASSOLO;NonCap;S
Nord Ovest;Piemonte;AL;H121;QUATTORDIO;NonCap;S
Nord Est;Emilia-Romagna;RE;H122;QUATTRO CASTELLA;NonCap;M
Nord Ovest;Liguria;SV;H126;QUILIANO;NonCap;S
Nord Ovest;Piemonte;TO;H127;QUINCINETTO;NonCap;S
Sud;Campania;AV;H128;QUINDICI;NonCap;S
Nord Ovest;Lombardia;MN;H129;QUINGENTOLE;NonCap;S
Nord Ovest;Lombardia;CR;H130;QUINTANO;NonCap;S
Nord Est;Veneto;TV;H131;QUINTO DI TREVISO;NonCap;S
Nord Ovest;Piemonte;VC;H132;QUINTO VERCELLESE;NonCap;S
Nord Est;Veneto;VI;H134;QUINTO VICENTINO;NonCap;S
Nord Ovest;Lombardia;BS;H140;QUINZANO D`OGLIO;NonCap;S
Nord Ovest;Lombardia;MN;H143;QUISTELLO;NonCap;S
Sud;Puglia;LE;H147;RACALE;NonCap;S
Isole;Sicilia;AG;H148;RACALMUTO;NonCap;S
Nord Ovest;Piemonte;CN;H150;RACCONIGI;NonCap;S
Isole;Sicilia;ME;H151;RACCUIA;NonCap;S
Centro;Toscana;SI;H153;RADDA IN CHIANTI;NonCap;S
Isole;Sicilia;CT;H154;RADDUSA;NonCap;S
Centro;Toscana;SI;H156;RADICOFANI;NonCap;S
Centro;Toscana;SI;H157;RADICONDOLI;NonCap;S
Isole;Sicilia;AG;H159;RAFFADALI;NonCap;S
Nord Est;Friuli- Venezia Giulia;UD;H161;RAGOGNA;NonCap;S
Isole;Sicilia;RG;H163;RAGUSA;cap;L
Sud;Campania;CE;H165;RUVIANO;NonCap;S
Sud;Abruzzo;AQ;H166;RAIANO;NonCap;S
Isole;Sicilia;CT;H168;RAMACCA;NonCap;S
Nord Ovest;Lombardia;VA;H173;RANCIO VALCUVIA;NonCap;S
Nord Ovest;Lombardia;VA;H174;RANCO;NonCap;S
Isole;Sicilia;CT;H175;RANDAZZO;NonCap;S
Nord Ovest;Lombardia;BG;H176;RANICA;NonCap;S
Nord Ovest;Lombardia;BG;H177;RANZANICO;NonCap;S
Nord Ovest;Liguria;IM;H180;RANZO;NonCap;S
Centro;Marche;AP;H182;RAPAGNANO;NonCap;S
Nord Ovest;Liguria;GE;H183;RAPALLO;NonCap;L
Sud;Abruzzo;CH;H184;RAPINO;NonCap;S
Centro;Toscana;SI;H185;RAPOLANO TERME;NonCap;S
Sud;Basilicata;PZ;H186;RAPOLLA;NonCap;S
Sud;Basilicata;PZ;H187;RAPONE;NonCap;S
Nord Ovest;Piemonte;VC;H188;RASSA;NonCap;S
Nord Ovest;Lombardia;SO;H192;RASURA;NonCap;S
Isole;Sicilia;AG;H194;RAVANUSA;NonCap;S
Nord Est;Emilia-Romagna;MO;H195;RAVARINO;NonCap;S
Nord Est;Friuli- Venezia Giulia;UD;H196;RAVASCLETTO;NonCap;S
Sud;Campania;SA;H198;RAVELLO;NonCap;S
Nord Est;Emilia-Romagna;RA;H199;RAVENNA;cap;L
Nord Est;Friuli- Venezia Giulia;UD;H200;RAVEO;NonCap;S
Sud;Campania;CE;H202;RAVISCANINA;NonCap;S
Nord Ovest;Piemonte;VB;H203;RE;NonCap;S
Nord Ovest;Lombardia;PV;H204;REA;NonCap;S
Isole;Sicilia;AG;H205;REALMONTE;NonCap;S
Nord Est;Friuli- Venezia Giulia;UD;H206;REANA DEL ROIALE;NonCap;S
Nord Ovest;Piemonte;TO;H207;REANO;NonCap;S
Sud;Campania;CE;H210;RECALE;NonCap;S
Centro;Marche;MC;H211;RECANATI;NonCap;M
Nord Ovest;Liguria;GE;H212;RECCO;NonCap;M
Nord Ovest;Piemonte;NO;H213;RECETTO;NonCap;S
Nord Est;Veneto;VI;H214;RECOARO TERME;NonCap;S
Nord Ovest;Lombardia;PV;H216;REDAVALLE;NonCap;S
Nord Ovest;Lombardia;MN;H218;REDONDESCO;NonCap;S
Nord Ovest;Piemonte;AT;H219;REFRANCORE;NonCap;S
Nord Est;Veneto;TV;H220;REFRONTOLO;NonCap;S
Isole;Sicilia;EN;H221;REGALBUTO;NonCap;S
Centro;Toscana;FI;H222;REGGELLO;NonCap;M
Nord Est;Emilia-Romagna;RE;H223;REGGIO NELL`EMILIA;cap;L
Sud;Calabria;RC;H224;REGGIO DI CALABRIA;cap;L
Nord Est;Emilia-Romagna;RE;H225;REGGIOLO;NonCap;S
Sud;Campania;BN;H227;REINO;NonCap;S
Isole;Sicilia;ME;H228;REITANO;NonCap;S
Nord Est;Friuli- Venezia Giulia;UD;H229;REMANZACCO;NonCap;S
Nord Ovest;Lombardia;BS;H230;REMEDELLO;NonCap;S
Nord Ovest;Lombardia;MI;H233;RENATE;NonCap;S
Sud;Calabria;CS;H235;RENDE;NonCap;L
Nord Est;Veneto;TV;H238;RESANA;NonCap;S
Nord Ovest;Lombardia;MI;H240;RESCALDINA;NonCap;M
Nord Est;Friuli- Venezia Giulia;UD;H242;RESIA;NonCap;S
Sud;Campania;NA;H243;ERCOLANO;NonCap;M
Nord Est;Friuli- Venezia Giulia;UD;H244;RESIUTTA;NonCap;S
Isole;Sicilia;CL;H245;RESUTTANO;NonCap;S
Nord Ovest;Lombardia;PV;H246;RETORBIDO;NonCap;S
Nord Ovest;Piemonte;CN;H247;REVELLO;NonCap;S
Nord Ovest;Piemonte;AT;H250;REVIGLIASCO D`ASTI;NonCap;S
Nord Est;Veneto;TV;H253;REVINE LAGO;NonCap;S
Nord Ovest;Lombardia;CO;H255;REZZAGO;NonCap;S
Nord Ovest;Lombardia;BS;H256;REZZATO;NonCap;M
Nord Ovest;Liguria;IM;H257;REZZO;NonCap;S
Nord Ovest;Liguria;GE;H258;REZZOAGLIO;NonCap;S
Nord Ovest;Lombardia;CO;H259;VAL REZZO;NonCap;S
Nord Ovest;Valle d'Aosta;AO;H262;RHEMES NOTRE DAME;NonCap;S
Nord Ovest;Valle d'Aosta;AO;H263;RHEMES SAINT GEORGES;NonCap;S
Nord Ovest;Lombardia;MI;H264;RHO;NonCap;L
Sud;Calabria;RC;H265;RIACE;NonCap;S
Nord Ovest;Liguria;SV;H266;RIALTO;NonCap;S
Centro;Lazio;RM;H267;RIANO;NonCap;M
Sud;Campania;CE;H268;RIARDO;NonCap;S
Isole;Sicilia;AG;H269;RIBERA;NonCap;S
Nord Ovest;Piemonte;TO;H270;RIBORDONE;NonCap;S
Sud;Calabria;VV;H271;RICADI;NonCap;S
Nord Ovest;Piemonte;AL;H272;RICALDONE;NonCap;S
Sud;Molise;CB;H273;RICCIA;NonCap;S
Nord Est;Emilia-Romagna;RN;H274;RICCIONE;NonCap;L
Nord Ovest;Liguria;SP;H275;RICCO` D GOLFO D SPEZIA;NonCap;S
Nord Ovest;Lombardia;CR;H276;RICENGO;NonCap;S
Sud;Campania;SA;H277;RICIGLIANO;NonCap;S
Nord Est;Veneto;TV;H280;RIESE PIO X;NonCap;S
Isole;Sicilia;CL;H281;RIESI;NonCap;S
Centro;Lazio;RI;H282;RIETI;cap;L
Nord Ovest;Piemonte;CN;H285;RIFREDDO;NonCap;S
Centro;Toscana;FI;H286;RIGNANO SULL ARNO;NonCap;M
Sud;Puglia;FG;H287;RIGNANO GARGANICO;NonCap;S
Centro;Lazio;RM;H288;RIGNANO FLAMINIO;NonCap;M
Nord Est;Friuli- Venezia Giulia;UD;H289;RIGOLATO;NonCap;S
Nord Ovest;Piemonte;VC;H293;RIMELLA;NonCap;S
Nord Est;Emilia-Romagna;RN;H294;RIMINI;cap;L
Nord Est;Emilia-Romagna;RE;H298;RIO SALICETO;NonCap;S
Centro;Lazio;RM;H300;RIOFREDDO;NonCap;S
Isole;Sardegna;OR;H301;RIOLA SARDO;NonCap;S
Nord Est;Emilia-Romagna;RA;H302;RIOLO TERME;NonCap;S
Nord Est;Emilia-Romagna;MO;H303;RIOLUNATO;NonCap;S
Nord Ovest;Liguria;SP;H304;RIOMAGGIORE;NonCap;S
Sud;Basilicata;PZ;H307;RIONERO IN VULTURE;NonCap;S
Sud;Molise;IS;H308;RIONERO SANNITICO;NonCap;S
Sud;Molise;CB;H311;RIPABOTTONI;NonCap;S
Sud;Basilicata;PZ;H312;RIPACANDIDA;NonCap;S
Sud;Molise;CB;H313;RIPALIMOSANI;NonCap;S
Nord Ovest;Lombardia;CR;H314;RIPALTA ARPINA;NonCap;S
Nord Ovest;Lombardia;CR;H315;RIPALTA CREMASCA;NonCap;S
Nord Ovest;Lombardia;CR;H316;RIPALTA GUERINA;NonCap;S
Centro;Toscana;PI;H319;RIPARBELLA;NonCap;S
Sud;Abruzzo;CH;H320;RIPA TEATINA;NonCap;S
Centro;Marche;AP;H321;RIPATRANSONE;NonCap;S
Centro;Marche;MC;H323;RIPE SAN GINESIO;NonCap;S
Centro;Lazio;FR;H324;RIPI;NonCap;S
Isole;Sicilia;CT;H325;RIPOSTO;NonCap;S
Nord Ovest;Piemonte;CN;H326;RITTANA;NonCap;S
Nord Est;Veneto;BL;H327;RIVAMONTE AGORDINO;NonCap;S
Nord Ovest;Liguria;IM;H328;RIVA LIGURE;NonCap;S
Nord Ovest;Lombardia;BG;H331;RIVA DI SOLTO;NonCap;S
Nord Ovest;Piemonte;TO;H333;RIVALBA;NonCap;S
Nord Ovest;Piemonte;AL;H334;RIVALTA BORMIDA;NonCap;S
Nord Ovest;Piemonte;TO;H335;RIVALTA DI TORINO;NonCap;M
Nord Ovest;Lombardia;PV;H336;RIVANAZZANO;NonCap;S
Nord Ovest;Piemonte;TO;H337;RIVA PRESSO CHIERI;NonCap;S
Nord Ovest;Piemonte;TO;H338;RIVARA;NonCap;S
Nord Ovest;Piemonte;TO;H340;RIVAROLO CANAVESE;NonCap;S
Nord Ovest;Lombardia;CR;H341;RIVAROLO DEL RE E UNITI;NonCap;S
Nord Ovest;Lombardia;MN;H342;RIVAROLO MANTOVANO;NonCap;S
Nord Ovest;Piemonte;AL;H343;RIVARONE;NonCap;S
Nord Ovest;Piemonte;TO;H344;RIVAROSSA;NonCap;S
Nord Ovest;Piemonte;VC;H346;RIVE;NonCap;S
Nord Est;Friuli- Venezia Giulia;UD;H347;RIVE D`ARCANO;NonCap;S
Sud;Basilicata;PZ;H348;RIVELLO;NonCap;S
Nord Est;Emilia-Romagna;PC;H350;RIVERGARO;NonCap;S
Sud;Abruzzo;AQ;H353;RIVISONDOLI;NonCap;S
Centro;Lazio;RI;H354;RIVODUTRI;NonCap;S
Nord Ovest;Piemonte;TO;H355;RIVOLI;NonCap;L
Nord Est;Veneto;VR;H356;RIVOLI VERONESE;NonCap;S
Nord Ovest;Lombardia;CR;H357;RIVOLTA D`ADDA;NonCap;S
Sud;Calabria;RC;H359;RIZZICONI;NonCap;S
Nord Est;Veneto;VI;H361;ROANA;NonCap;M
Nord Ovest;Piemonte;CN;H362;ROASCHIA;NonCap;S
Nord Ovest;Piemonte;CN;H363;ROASCIO;NonCap;S
Nord Ovest;Piemonte;VC;H364;ROVASENDA;NonCap;S
Nord Ovest;Piemonte;VC;H365;ROASIO;NonCap;S
Nord Ovest;Piemonte;AT;H366;ROATTO;NonCap;S
Nord Ovest;Piemonte;TO;H367;ROBASSOMERO;NonCap;S
Nord Ovest;Lombardia;PV;H369;ROBBIO;NonCap;S
Nord Ovest;Lombardia;MI;H371;ROBECCHETTO CON INDUNO;NonCap;S
Nord Ovest;Lombardia;CR;H372;ROBECCO D`OGLIO;NonCap;S
Nord Ovest;Lombardia;MI;H373;ROBECCO SUL NAVIGLIO;NonCap;S
Nord Ovest;Lombardia;PV;H375;ROBECCO PAVESE;NonCap;S
Nord Ovest;Piemonte;AT;H376;ROBELLA;NonCap;S
Nord Ovest;Piemonte;CN;H377;ROBILANTE;NonCap;S
Nord Ovest;Piemonte;CN;H378;ROBURENT;NonCap;S
Nord Est;Veneto;BL;H379;ROCCA PIETORE;NonCap;S
Isole;Sicilia;ME;H380;ROCCAVALDINA;NonCap;S
Sud;Campania;AV;H382;ROCCABASCERANA;NonCap;S
Sud;Calabria;KR;H383;ROCCABERNARDA;NonCap;S
Nord Est;Emilia-Romagna;PR;H384;ROCCABIANCA;NonCap;S
Nord Ovest;Piemonte;CN;H385;ROCCABRUNA;NonCap;S
Nord Ovest;Piemonte;TO;H386;ROCCA CANAVESE;NonCap;S
Centro;Lazio;RM;H387;ROCCA CANTERANO;NonCap;S
Sud;Abruzzo;AQ;H389;ROCCACASALE;NonCap;S
Centro;Marche;AP;H390;ROCCAFLUVIONE;NonCap;S
Nord Ovest;Piemonte;CN;H391;ROCCA CIGLIE;NonCap;S
Nord Ovest;Piemonte;AT;H392;ROCCA D`ARAZZO;NonCap;S
Centro;Lazio;FR;H393;ROCCADARCE;NonCap;S
Sud;Campania;SA;H394;ROCCADASPIDE;NonCap;S
Nord Ovest;Piemonte;CN;H395;ROCCA DE BALDI;NonCap;S
Nord Ovest;Lombardia;PV;H396;ROCCA DE GIORGI;NonCap;S
Sud;Campania;CE;H398;ROCCA D`EVANDRO;NonCap;S
Sud;Abruzzo;AQ;H399;ROCCA DI BOTTE;NonCap;S
Sud;Abruzzo;AQ;H400;ROCCA DI CAMBIO;NonCap;S
Centro;Lazio;RM;H401;ROCCA DI CAVE;NonCap;S
Sud;Abruzzo;AQ;H402;ROCCA DI MEZZO;NonCap;S
Sud;Calabria;KR;H403;ROCCA DI NETO;NonCap;S
Centro;Lazio;RM;H404;ROCCA DI PAPA;NonCap;M
Isole;Sicilia;ME;H405;ROCCAFIORITA;NonCap;S
Nord Ovest;Piemonte;AL;H406;ROCCAFORTE LIGURE;NonCap;S
Nord Ovest;Piemonte;CN;H407;ROCCAFORTE MONDOVI;NonCap;S
Sud;Calabria;RC;H408;ROCCAFORTE DEL GRECO;NonCap;S
Sud;Puglia;TA;H409;ROCCAFORZATA;NonCap;S
Nord Ovest;Lombardia;BS;H410;ROCCAFRANCA;NonCap;S
Centro;Lazio;RM;H411;ROCCAGIOVINE;NonCap;S
Sud;Campania;SA;H412;ROCCAGLORIOSA;NonCap;S
Centro;Lazio;LT;H413;ROCCAGORGA;NonCap;S
Nord Ovest;Piemonte;AL;H414;ROCCA GRIMALDA;NonCap;S
Sud;Calabria;CS;H416;ROCCA IMPERIALE;NonCap;S
Centro;Toscana;GR;H417;ROCCALBEGNA;NonCap;S
Isole;Sicilia;ME;H418;ROCCALUMERA;NonCap;S
Sud;Molise;IS;H420;ROCCAMANDOLFI;NonCap;S
Centro;Lazio;LT;H421;ROCCAMASSIMA;NonCap;S
Isole;Sicilia;PA;H422;ROCCAMENA;NonCap;S
Sud;Campania;CE;H423;ROCCAMONFINA;NonCap;S
Sud;Abruzzo;CH;H424;ROCCAMONTEPIANO;NonCap;S
Sud;Abruzzo;PE;H425;ROCCAMORICE;NonCap;S
Sud;Basilicata;PZ;H426;ROCCANOVA;NonCap;S
Centro;Lazio;RI;H427;ROCCANTICA;NonCap;S
Isole;Sicilia;PA;H428;ROCCAPALUMBA;NonCap;S
Sud;Abruzzo;AQ;H429;ROCCA PIA;NonCap;S
Sud;Campania;SA;H431;ROCCAPIEMONTE;NonCap;S
Centro;Lazio;RM;H432;ROCCA PRIORA;NonCap;M
Sud;Campania;NA;H433;ROCCARAINOLA;NonCap;S
Sud;Abruzzo;AQ;H434;ROCCARASO;NonCap;S
Sud;Campania;CE;H436;ROCCAROMANA;NonCap;S
Nord Est;Emilia-Romagna;FO;H437;ROCCA SAN CASCIANO;NonCap;S
Sud;Campania;AV;H438;ROCCA SAN FELICE;NonCap;S
Sud;Abruzzo;CH;H439;ROCCA SAN GIOVANNI;NonCap;S
Sud;Abruzzo;TE;H440;ROCCA SANTA MARIA;NonCap;S
Centro;Lazio;RM;H441;ROCCA SANTO STEFANO;NonCap;S
Sud;Abruzzo;CH;H442;ROCCASCALEGNA;NonCap;S
Centro;Lazio;FR;H443;ROCCASECCA;NonCap;S
Centro;Lazio;LT;H444;ROCCASECCA DEI VOLSCI;NonCap;S
Sud;Molise;IS;H445;ROCCASICURA;NonCap;S
Centro;Lazio;RI;H446;ROCCA SINIBALDA;NonCap;S
Nord Ovest;Piemonte;CN;H447;ROCCASPARVERA;NonCap;S
Sud;Abruzzo;CH;H448;ROCCASPINALVETI;NonCap;S
Centro;Toscana;GR;H449;ROCCASTRADA;NonCap;S
Nord Ovest;Lombardia;PV;H450;ROCCA SUSELLA;NonCap;S
Nord Ovest;Piemonte;AT;H451;ROCCAVERANO;NonCap;S
Nord Ovest;Liguria;SV;H452;ROCCAVIGNALE;NonCap;S
Nord Ovest;Piemonte;CN;H453;ROCCAVIONE;NonCap;S
Sud;Molise;CB;H454;ROCCAVIVARA;NonCap;S
Isole;Sicilia;ME;H455;ROCCELLA VALDEMONE;NonCap;S
Sud;Calabria;RC;H456;ROCCELLA IONICA;NonCap;S
Sud;Molise;IS;H458;ROCCHETTA A VOLTURNO;NonCap;S
Sud;Campania;CE;H459;ROCCHETTA E CROCE;NonCap;S
Nord Ovest;Liguria;IM;H460;ROCCHETTA NERVINA;NonCap;S
Nord Ovest;Liguria;SP;H461;ROCCHETTA DI VARA;NonCap;S
Nord Ovest;Piemonte;CN;H462;ROCCHETTA BELBO;NonCap;S
Nord Ovest;Piemonte;AL;H465;ROCCHETTA LIGURE;NonCap;S
Nord Ovest;Piemonte;AT;H466;ROCCHETTA PALAFEA;NonCap;S
Sud;Puglia;FG;H467;ROCCHETTA SANT`ANTONIO;NonCap;S
Nord Ovest;Piemonte;AT;H468;ROCCHETTA TANARO;NonCap;S
Nord Ovest;Lombardia;MI;H470;RODANO;NonCap;S
Nord Ovest;Piemonte;CN;H472;RODDI;NonCap;S
Nord Ovest;Piemonte;CN;H473;RODDINO;NonCap;S
Nord Ovest;Piemonte;CN;H474;RODELLO;NonCap;S
Nord Ovest;Lombardia;BS;H477;RODENGO-SAIANO;NonCap;S
Nord Ovest;Lombardia;CO;H478;RODERO;NonCap;S
Isole;Sicilia;ME;H479;RODI` MILICI;NonCap;S
Sud;Puglia;FG;H480;RODI GARGANICO;NonCap;S
Nord Ovest;Lombardia;MN;H481;RODIGO;NonCap;S
Nord Ovest;Lombardia;BS;H484;ROE` VOLCIANO;NonCap;S
Sud;Campania;SA;H485;ROFRANO;NonCap;S
Nord Ovest;Lombardia;LC;H486;ROGENO;NonCap;S
Sud;Calabria;CS;H488;ROGGIANO GRAVINA;NonCap;S
Sud;Calabria;RC;H489;ROGHUDI;NonCap;S
Sud;Calabria;CS;H490;ROGLIANO;NonCap;S
Nord Ovest;Lombardia;PV;H491;ROGNANO;NonCap;S
Nord Ovest;Lombardia;BG;H492;ROGNO;NonCap;S
Nord Ovest;Lombardia;SO;H493;ROGOLO;NonCap;S
Centro;Lazio;RM;H494;ROIATE;NonCap;S
Sud;Abruzzo;CH;H495;ROIO DEL SANGRO;NonCap;S
Nord Ovest;Valle d'Aosta;AO;H497;ROISAN;NonCap;S
Nord Ovest;Piemonte;TO;H498;ROLETTO;NonCap;S
Nord Est;Emilia-Romagna;RE;H500;ROLO;NonCap;S
Centro;Lazio;RM;H501;ROMA;cap;XXL
Nord Ovest;Piemonte;NO;H502;ROMAGNANO SESIA;NonCap;S
Sud;Campania;SA;H503;ROMAGNANO AL MONTE;NonCap;S
Nord Ovest;Lombardia;PV;H505;ROMAGNESE;NonCap;S
Isole;Sardegna;SS;H507;ROMANA;NonCap;S
Nord Ovest;Lombardia;CR;H508;ROMANENGO;NonCap;S
Nord Ovest;Lombardia;BG;H509;ROMANO DI LOMBARDIA;NonCap;M
Nord Ovest;Piemonte;TO;H511;ROMANO CANAVESE;NonCap;S
Nord Est;Veneto;VI;H512;ROMANO D`EZZELINO;NonCap;S
Sud;Calabria;VV;H516;ROMBIOLO;NonCap;S
Nord Ovest;Piemonte;NO;H518;ROMENTINO;NonCap;S
Isole;Sicilia;ME;H519;ROMETTA;NonCap;S
Nord Est;Veneto;VR;H522;RONCA`;NonCap;S
Nord Est;Veneto;TV;H523;RONCADE;NonCap;S
Nord Ovest;Lombardia;BS;H525;RONCADELLE;NonCap;S
Nord Ovest;Lombardia;PV;H527;RONCARO;NonCap;S
Nord Ovest;Lombardia;MI;H529;RONCELLO;NonCap;S
Nord Est;Friuli- Venezia Giulia;UD;H533;RONCHIS;NonCap;S
Centro;Lazio;VT;H534;RONCIGLIONE;NonCap;S
Nord Ovest;Lombardia;BG;H535;RONCOBELLO;NonCap;S
Nord Ovest;Liguria;GE;H536;RONCO SCRIVIA;NonCap;S
Nord Ovest;Lombardia;MI;H537;RONCO BRIANTINO;NonCap;S
Nord Ovest;Piemonte;BI;H538;RONCO BIELLESE;NonCap;S
Nord Ovest;Piemonte;TO;H539;RONCO CANAVESE;NonCap;S
Nord Est;Veneto;VR;H540;RONCO ALL`ADIGE;NonCap;S
Nord Ovest;Lombardia;MN;H541;RONCOFERRARO;NonCap;S
Nord Est;Emilia-Romagna;FO;H542;RONCOFREDDO;NonCap;S
Nord Ovest;Lombardia;BG;H544;RONCOLA;NonCap;S
Nord Ovest;Liguria;GE;H546;RONDANINA;NonCap;S
Nord Ovest;Piemonte;TO;H547;RONDISSONE;NonCap;S
Nord Ovest;Piemonte;VC;H549;RONSECCO;NonCap;S
Nord Ovest;Piemonte;BI;H553;ROPPOLO;NonCap;S
Nord Ovest;Piemonte;TO;H554;RORA`;NonCap;S
Nord Ovest;Piemonte;TO;H555;ROURE;NonCap;S
Nord Est;Veneto;VI;H556;ROSA`;NonCap;S
Sud;Calabria;RC;H558;ROSARNO;NonCap;S
Nord Ovest;Lombardia;PV;H559;ROSASCO;NonCap;S
Nord Ovest;Lombardia;MI;H560;ROSATE;NonCap;S
Nord Ovest;Piemonte;BI;H561;ROSAZZA;NonCap;S
Sud;Abruzzo;PE;H562;ROSCIANO;NonCap;S
Sud;Campania;SA;H564;ROSCIGNO;NonCap;S
Sud;Calabria;CS;H565;ROSE;NonCap;S
Sud;Abruzzo;CH;H566;ROSELLO;NonCap;S
Sud;Puglia;FG;H568;ROSETO VALFORTORE;NonCap;S
Nord Ovest;Piemonte;AL;H569;ROSIGNANO MONFERRATO;NonCap;S
Centro;Toscana;LI;H570;ROSIGNANO MARITTIMO;NonCap;L
Sud;Calabria;CS;H572;ROSETO CAPO SPULICO;NonCap;S
Nord Est;Veneto;RO;H573;ROSOLINA;NonCap;M
Isole;Sicilia;SR;H574;ROSOLINI;NonCap;S
Centro;Marche;AN;H575;ROSORA;NonCap;S
Nord Ovest;Piemonte;VC;H577;ROSSA;NonCap;S
Nord Ovest;Piemonte;CN;H578;ROSSANA;NonCap;S
Nord Est;Veneto;VI;H580;ROSSANO VENETO;NonCap;S
Nord Ovest;Liguria;GE;H581;ROSSIGLIONE;NonCap;S
Nord Ovest;Piemonte;TO;H583;ROSTA;NonCap;S
Nord Ovest;Lombardia;BG;H584;ROTA D`IMAGNA;NonCap;S
Sud;Calabria;CS;H585;ROTA GRECA;NonCap;S
Centro;Marche;AP;H588;ROTELLA;NonCap;S
Sud;Molise;CB;H589;ROTELLO;NonCap;S
Sud;Basilicata;PZ;H590;ROTONDA;NonCap;S
Sud;Basilicata;MT;H591;ROTONDELLA;NonCap;S
Sud;Campania;AV;H592;ROTONDI;NonCap;S
Nord Est;Emilia-Romagna;PC;H593;ROTTOFRENO;NonCap;M
Nord Est;Veneto;VI;H594;ROTZO;NonCap;S
Nord Ovest;Lombardia;BS;H598;ROVATO;NonCap;M
Nord Ovest;Liguria;GE;H599;ROVEGNO;NonCap;S
Nord Ovest;Lombardia;CO;H601;ROVELLASCA;NonCap;S
Nord Ovest;Lombardia;CO;H602;ROVELLO PORRO;NonCap;S
Nord Ovest;Lombardia;MN;H604;ROVERBELLA;NonCap;S
Nord Est;Veneto;VR;H606;ROVERCHIARA;NonCap;S
Nord Est;Veneto;VR;H608;ROVERE` VERONESE;NonCap;S
Nord Est;Friuli- Venezia Giulia;PN;H609;ROVEREDO IN PIANO;NonCap;S
Nord Est;Veneto;VR;H610;ROVEREDO DI GUA`;NonCap;S
Nord Ovest;Lombardia;PV;H614;ROVESCALA;NonCap;S
Nord Ovest;Lombardia;BG;H615;ROVETTA;NonCap;S
Centro;Lazio;RM;H618;ROVIANO;NonCap;S
Nord Est;Veneto;RO;H620;ROVIGO;cap;L
Sud;Calabria;CS;H621;ROVITO;NonCap;S
Nord Est;Veneto;PD;H622;ROVOLON;NonCap;S
Nord Ovest;Lombardia;MI;H623;ROZZANO;NonCap;L
Nord Est;Veneto;PD;H625;RUBANO;NonCap;M
Nord Ovest;Piemonte;TO;H627;RUBIANA;NonCap;S
Nord Est;Emilia-Romagna;RE;H628;RUBIERA;NonCap;M
Nord Ovest;Lombardia;BS;H630;RUDIANO;NonCap;S
Nord Ovest;Piemonte;TO;H631;RUEGLIO;NonCap;S
Sud;Puglia;LE;H632;RUFFANO;NonCap;S
Nord Ovest;Piemonte;CN;H633;RUFFIA;NonCap;S
Centro;Toscana;FI;H635;RUFINA;NonCap;S
Sud;Basilicata;PZ;H641;RUOTI;NonCap;S
Nord Est;Emilia-Romagna;RA;H642;RUSSI;NonCap;S
Sud;Puglia;BA;H643;RUTIGLIANO;NonCap;S
Sud;Campania;SA;H644;RUTINO;NonCap;S
Sud;Puglia;BA;H645;RUVO DI PUGLIA;NonCap;M
Sud;Basilicata;PZ;H646;RUVO DEL MONTE;NonCap;S
Centro;Lazio;LT;H647;SABAUDIA;NonCap;M
Nord Ovest;Lombardia;BS;H650;SABBIO CHIESE;NonCap;S
Nord Ovest;Lombardia;MN;H652;SABBIONETA;NonCap;S
Sud;Campania;SA;H654;SACCO;NonCap;S
Nord Est;Veneto;PD;H655;SACCOLONGO;NonCap;S
Nord Est;Friuli- Venezia Giulia;PN;H657;SACILE;NonCap;M
Centro;Lazio;RM;H658;SACROFANO;NonCap;S
Isole;Sardegna;NU;H659;SADALI;NonCap;S
Isole;Sardegna;NU;H661;SAGAMA;NonCap;S
Nord Ovest;Piemonte;BI;H662;SAGLIANO MICCA;NonCap;S
Nord Ovest;Valle d'Aosta;AO;H669;SAINT CHRISTOPHE;NonCap;S
Nord Ovest;Valle d'Aosta;AO;H670;SAINT DENIS;NonCap;S
Nord Ovest;Valle d'Aosta;AO;H671;SAINT MARCEL;NonCap;S
Nord Ovest;Valle d'Aosta;AO;H672;SAINT NICOLAS;NonCap;S
Nord Ovest;Valle d'Aosta;AO;H673;SAINT OYEN;NonCap;S
Nord Ovest;Valle d'Aosta;AO;H674;SAINT PIERRE;NonCap;S
Nord Ovest;Valle d'Aosta;AO;H675;SAINT RHEMY;NonCap;S
Nord Ovest;Valle d'Aosta;AO;H676;SAINT VINCENT;NonCap;S
Nord Ovest;Piemonte;AL;H677;SALA MONFERRATO;NonCap;S
Nord Est;Emilia-Romagna;BO;H678;SALA BOLOGNESE;NonCap;S
Nord Ovest;Lombardia;CO;H679;SALA COMACINA;NonCap;S
Nord Ovest;Piemonte;BI;H681;SALA BIELLESE;NonCap;S
Nord Est;Emilia-Romagna;PR;H682;SALA BAGANZA;NonCap;S
Sud;Campania;SA;H683;SALA CONSILINA;NonCap;S
Nord Ovest;Piemonte;TO;H684;SALBERTRAND;NonCap;S
Sud;Campania;SA;H686;SALENTO;NonCap;S
Sud;Basilicata;MT;H687;SALANDRA;NonCap;S
Isole;Sicilia;TP;H688;SALAPARUTA;NonCap;S
Nord Est;Veneto;RO;H689;SALARA;NonCap;S
Nord Ovest;Piemonte;VC;H690;SALASCO;NonCap;S
Nord Ovest;Piemonte;TO;H691;SALASSA;NonCap;S
Sud;Molise;CB;H693;SALCITO;NonCap;S
Nord Ovest;Piemonte;AL;H694;SALE;NonCap;S
Nord Ovest;Piemonte;CN;H695;SALE DELLE LANGHE;NonCap;S
Nord Ovest;Lombardia;BS;H699;SALE MARASINO;NonCap;S
Isole;Sicilia;TP;H700;SALEMI;NonCap;S
Nord Ovest;Lombardia;LO;H701;SALERANO SUL LAMBRO;NonCap;S
Nord Ovest;Piemonte;TO;H702;SALERANO CANAVESE;NonCap;S
Sud;Campania;SA;H703;SALERNO;cap;L
Nord Ovest;Piemonte;CN;H704;SALE SAN GIOVANNI;NonCap;S
Nord Est;Veneto;TV;H706;SALGAREDA;NonCap;S
Nord Ovest;Piemonte;VC;H707;SALI VERCELLESE;NonCap;S
Sud;Puglia;LE;H708;SALICE SALENTINO;NonCap;S
Nord Ovest;Piemonte;CN;H710;SALICETO;NonCap;S
Nord Est;Veneto;VR;H712;SAN MAURO DI SALINE;NonCap;S
Centro;Lazio;RI;H713;SALISANO;NonCap;S
Nord Est;Veneto;VR;H714;SALIZZOLE;NonCap;S
Sud;Abruzzo;PE;H715;SALLE;NonCap;S
Nord Ovest;Piemonte;CN;H716;SALMOUR;NonCap;S
Nord Ovest;Lombardia;BS;H717;SALO`;NonCap;M
Nord Est;Emilia-Romagna;PR;H720;SALSOMAGGIORE;NonCap;M
Nord Ovest;Lombardia;VA;H723;SALTRIO;NonCap;S
Nord Est;Emilia-Romagna;RN;H724;SALUDECIO;NonCap;S
Nord Ovest;Piemonte;VC;H725;SALUGGIA;NonCap;S
Nord Ovest;Piemonte;BI;H726;SALUSSOLA;NonCap;S
Nord Ovest;Piemonte;CN;H727;SALUZZO;NonCap;M
Sud;Puglia;LE;H729;SALVE;NonCap;S
Sud;Basilicata;PZ;H730;SAVOIA DI LUCANIA;NonCap;S
Nord Ovest;Lombardia;CR;H731;SALVIROLA;NonCap;S
Sud;Campania;SA;H732;SALVITELLE;NonCap;S
Sud;Campania;AV;H733;SALZA IRPINA;NonCap;S
Nord Ovest;Piemonte;TO;H734;SALZA DI PINEROLO;NonCap;S
Nord Est;Veneto;VE;H735;SALZANO;NonCap;M
Nord Ovest;Lombardia;VA;H736;SAMARATE;NonCap;S
Isole;Sardegna;CA;H738;SAMASSI;NonCap;S
Isole;Sardegna;CA;H739;SAMATZAI;NonCap;S
Isole;Sicilia;AG;H743;SAMBUCA DI SICILIA;NonCap;S
Centro;Toscana;PT;H744;SAMBUCA PISTOIESE;NonCap;S
Centro;Lazio;RM;H745;SAMBUCI;NonCap;S
Nord Ovest;Piemonte;CN;H746;SAMBUCO;NonCap;S
Sud;Puglia;BA;H749;SAMMICHELE DI BARI;NonCap;S
Nord Ovest;Lombardia;SO;H752;SAMOLACO;NonCap;S
Nord Ovest;Piemonte;TO;H753;SAMONE;NonCap;S
Nord Ovest;Piemonte;CN;H755;SAMPEYRE;NonCap;S
Isole;Sardegna;OR;H756;SAMUGHEO;NonCap;S
Sud;Puglia;LE;H757;SANARICA;NonCap;S
Nord Ovest;Lombardia;CO;H760;S BARTOLOMEO V CAVARGNA;NonCap;S
Nord Ovest;Liguria;IM;H763;SAN BARTOLOMEO AL MARE;NonCap;S
Sud;Campania;BN;H764;SAN BARTOLOMEO IN GALDO;NonCap;S
Sud;Calabria;CS;H765;SAN BASILE;NonCap;S
Isole;Sardegna;CA;H766;SAN BASILIO;NonCap;S
Nord Ovest;Lombardia;CR;H767;SAN BASSANO;NonCap;S
Nord Est;Veneto;RO;H768;SAN BELLINO;NonCap;S
Centro;Marche;AP;H769;S BENEDETTO DEL TRONTO;NonCap;L
Nord Ovest;Piemonte;CN;H770;SAN BENEDETTO BELBO;NonCap;S
Nord Ovest;Lombardia;MN;H771;SAN BENEDETTO PO;NonCap;S
Sud;Abruzzo;AQ;H772;SAN BENEDETTO DEI MARSI;NonCap;S
Sud;Abruzzo;AQ;H773;SAN BENEDETTO IN PERILLIS;NonCap;S
Sud;Calabria;CS;H774;SAN BENEDETTO ULLANO;NonCap;S
Nord Ovest;Piemonte;TO;H775;SAN BENIGNO CANAVESE;NonCap;S
Nord Ovest;Piemonte;VB;H777;SAN BERNARDINO VERBANO;NonCap;S
Isole;Sicilia;AG;H778;SAN BIAGIO PLATANI;NonCap;S
Centro;Lazio;FR;H779;SAN BIAGIO SARACINISCO;NonCap;S
Nord Ovest;Liguria;IM;H780;SAN BIAGIO DELLA CIMA;NonCap;S
Nord Est;Veneto;TV;H781;SAN BIAGIO DI CALLALTA;NonCap;S
Sud;Molise;CB;H782;SAN BIASE;NonCap;S
Nord Est;Veneto;VR;H783;SAN BONIFACIO;NonCap;M
Sud;Abruzzo;CH;H784;SAN BUONO;NonCap;S
Sud;Calabria;VV;H785;SAN CALOGERO;NonCap;S
Nord Ovest;Piemonte;TO;H789;SAN CARLO CANAVESE;NonCap;S
Centro;Toscana;SI;H790;SAN CASCIANO DEI BAGNI;NonCap;S
Centro;Toscana;FI;H791;SAN CASCIANO VAL PESA;NonCap;M
Isole;Sicilia;CL;H792;SAN CATALDO;NonCap;S
Sud;Puglia;LE;H793;SAN CESARIO DI LECCE;NonCap;S
Nord Est;Emilia-Romagna;MO;H794;SAN CESARIO SUL PANARO;NonCap;S
Sud;Basilicata;PZ;H795;SAN CHIRICO NUOVO;NonCap;S
Sud;Basilicata;PZ;H796;SAN CHIRICO RAPARO;NonCap;S
Isole;Sicilia;PA;H797;SAN CIPIRELLO;NonCap;S
Sud;Campania;CE;H798;SAN CIPRIANO D`AVERSA;NonCap;S
Nord Ovest;Lombardia;PV;H799;SAN CIPRIANO PO;NonCap;S
Sud;Campania;SA;H800;SAN CIPRIANO PICENTINO;NonCap;S
Nord Est;Emilia-Romagna;RN;H801;SAN CLEMENTE;NonCap;S
Nord Ovest;Liguria;GE;H802;SAN COLOMBANO CERTENOLI;NonCap;S
Nord Ovest;Lombardia;MI;H803;SAN COLOMBANO AL LAMBRO;NonCap;S
Nord Ovest;Piemonte;TO;H804;SAN COLOMBANO BELMONTE;NonCap;S
Isole;Sicilia;CT;H805;SAN CONO;NonCap;S
Sud;Calabria;CS;H806;SAN COSMO ALBANESE;NonCap;S
Sud;Calabria;VV;H807;SAN COSTANTINO CALABRO;NonCap;S
Sud;Basilicata;PZ;H808;SAN COSTANTINO ALBANESE;NonCap;S
Centro;Marche;PS;H809;SAN COSTANZO;NonCap;S
Nord Ovest;Piemonte;AL;H810;SAN CRISTOFORO;NonCap;S
Nord Ovest;Piemonte;AT;H811;SAN DAMIANO D`ASTI;NonCap;S
Nord Ovest;Piemonte;CN;H812;SAN DAMIANO MACRA;NonCap;S
Nord Ovest;Lombardia;PV;H814;SAN DAMIANO AL COLLE;NonCap;S
Nord Ovest;Lombardia;CR;H815;SAN DANIELE PO;NonCap;S
Nord Est;Friuli- Venezia Giulia;UD;H816;SAN DANIELE DEL FRIULI;NonCap;S
Sud;Calabria;CS;H818;SAN DEMETRIO CORONE;NonCap;S
Sud;Abruzzo;AQ;H819;S DEMETRIO NE` VESTINI;NonCap;S
Nord Ovest;Piemonte;TO;H820;SAN DIDERO;NonCap;S
Nord Ovest;Piemonte;BI;H821;SANDIGLIANO;NonCap;S
Sud;Puglia;BR;H822;SAN DONACI;NonCap;S
Nord Est;Veneto;VE;H823;SAN DONA` DI PIAVE;NonCap;L
Centro;Lazio;FR;H824;S DONATO VAL DI COMINO;NonCap;S
Sud;Calabria;CS;H825;SAN DONATO DI NINEA;NonCap;S
Sud;Puglia;LE;H826;SAN DONATO DI LECCE;NonCap;S
Nord Ovest;Lombardia;MI;H827;SAN DONATO MILANESE;NonCap;L
Nord Est;Veneto;VI;H829;SANDRIGO;NonCap;S
Sud;Basilicata;PZ;H831;SAN FELE;NonCap;S
Sud;Molise;CB;H833;SAN FELICE DEL MOLISE;NonCap;S
Sud;Campania;CE;H834;SAN FELICE A CANCELLO;NonCap;S
Nord Est;Emilia-Romagna;MO;H835;SAN FELICE SUL PANARO;NonCap;S
Centro;Lazio;LT;H836;SAN FELICE CIRCEO;NonCap;M
Nord Ovest;Lombardia;BS;H838;SAN FELICE DEL BENACO;NonCap;S
Sud;Puglia;FG;H839;SAN FERDINANDO DI PUGLIA;NonCap;S
Nord Ovest;Lombardia;CO;H840;S FERMO DELLA BATTAGLIA;NonCap;S
Sud;Calabria;CS;H841;SAN FILI;NonCap;S
Isole;Sicilia;ME;H842;SAN FILIPPO DEL MELA;NonCap;S
Nord Est;Veneto;TV;H843;SAN FIOR;NonCap;S
Nord Ovest;Lombardia;LO;H844;SAN FIORANO;NonCap;S
Sud;Calabria;CZ;H846;SAN FLORO;NonCap;S
Nord Ovest;Piemonte;TO;H847;SAN FRANCESCO AL CAMPO;NonCap;S
Isole;Sardegna;SS;H848;AGLIENTU;NonCap;S
Isole;Sicilia;ME;H850;SAN FRATELLO;NonCap;S
Nord Ovest;Piemonte;CN;H851;SANFRE;NonCap;S
Nord Ovest;Piemonte;CN;H852;SANFRONT;NonCap;S
Nord Ovest;Piemonte;TO;H855;SANGANO;NonCap;S
Isole;Sardegna;CA;H856;SAN GAVINO MONREALE;NonCap;S
Centro;Umbria;TR;H857;SAN GEMINI;NonCap;S
Nord Ovest;Lombardia;PV;H859;SAN GENESIO ED UNITI;NonCap;S
Sud;Campania;NA;H860;SAN GENNARO VESUVIANO;NonCap;S
Nord Ovest;Piemonte;VC;H861;SAN GERMANO VERCELLESE;NonCap;S
Nord Ovest;Piemonte;TO;H862;SAN GERMANO CHISONE;NonCap;S
Nord Ovest;Lombardia;BS;H865;SAN GERVASIO BRESCIANO;NonCap;S
Sud;Molise;CB;H867;SAN GIACOMO SCHIAVONI;NonCap;S
Nord Ovest;Lombardia;SO;H868;SAN GIACOMO FILIPPO;NonCap;S
Nord Ovest;Lombardia;MN;H870;SAN GIACOMO D SEGNATE;NonCap;S
Nord Ovest;Lombardia;VA;H872;SANGIANO;NonCap;S
Nord Ovest;Piemonte;TO;H873;SAN GILLIO;NonCap;S
Centro;Toscana;SI;H875;SAN GIMIGNANO;NonCap;S
Centro;Marche;MC;H876;SAN GINESIO;NonCap;S
Sud;Calabria;CS;H877;SANGINETO;NonCap;S
Nord Ovest;Piemonte;AL;H878;SAN GIORGIO MONFERRATO;NonCap;S
Centro;Lazio;FR;H880;SAN GIORGIO A LIRI;NonCap;S
Sud;Calabria;CS;H881;SAN GIORGIO ALBANESE;NonCap;S
Sud;Puglia;TA;H882;SAN GIORGIO IONICO;NonCap;S
Nord Ovest;Lombardia;MN;H883;SAN GIORGIO BIGARELLO;NonCap;S
Nord Ovest;Lombardia;MI;H884;SAN GIORGIO SU LEGNANO;NonCap;S
Nord Ovest;Lombardia;PV;H885;SAN GIORGIO LOMELLINA;NonCap;S
Nord Est;Emilia-Romagna;PC;H887;SAN GIORGIO PIACENTINO;NonCap;S
Sud;Basilicata;MT;H888;SAN GIORGIO LUCANO;NonCap;S
Sud;Calabria;RC;H889;SAN GIORGIO MORGETO;NonCap;S
Nord Ovest;Piemonte;TO;H890;SAN GIORGIO CANAVESE;NonCap;S
Nord Est;Friuli- Venezia Giulia;PN;H891;SAN GIORGIO DELLA RICHINVELDA;NonCap;S
Sud;Campania;NA;H892;SAN GIORGIO A CREMANO;NonCap;L
Nord Est;Veneto;PD;H893;SAN GIORGIO D PERTICHE;NonCap;S
Sud;Campania;BN;H894;SAN GIORGIO DEL SANNIO;NonCap;S
Nord Est;Friuli- Venezia Giulia;UD;H895;SAN GIORGIO DI NOGARO;NonCap;S
Nord Est;Emilia-Romagna;BO;H896;SAN GIORGIO DI PIANO;NonCap;M
Nord Est;Veneto;PD;H897;SAN GIORGIO IN BOSCO;NonCap;S
Sud;Campania;BN;H898;SAN GIORGIO LA MOLARA;NonCap;S
Nord Ovest;Piemonte;AT;H899;SAN GIORGIO SCARAMPI;NonCap;S
Nord Ovest;Piemonte;TO;H900;SAN GIORIO DI SUSA;NonCap;S
Centro;Toscana;AR;H901;SAN GIOVANNI VALDARNO;NonCap;M
Sud;Calabria;RC;H903;SAN GIOVANNI DI GERACE;NonCap;S
Nord Est;Friuli- Venezia Giulia;UD;H906;S GIOVANNI AL NATISONE;NonCap;S
Sud;Campania;SA;H907;SAN GIOVANNI A PIRO;NonCap;S
Nord Ovest;Lombardia;BG;H910;SAN GIOVANNI BIANCO;NonCap;S
Nord Ovest;Lombardia;MN;H912;SAN GIOVANNI DEL DOSSO;NonCap;S
Centro;Lazio;VT;H913;VILLA S GIOVANNI TUSCIA;NonCap;S
Isole;Sicilia;AG;H914;SAN GIOVANNI GEMINI;NonCap;S
Nord Est;Veneto;VR;H916;SAN GIOVANNI ILARIONE;NonCap;S
Centro;Lazio;FR;H917;SAN GIOVANNI INCARICO;NonCap;S
Nord Ovest;Lombardia;CR;H918;SAN GIOVANNI IN CROCE;NonCap;S
Sud;Calabria;CS;H919;SAN GIOVANNI IN FIORE;NonCap;S
Sud;Molise;CB;H920;SAN GIOVANNI IN GALDO;NonCap;S
Nord Est;Emilia-Romagna;RN;H921;SAN GIOVANNI IN MARIGNANO;NonCap;S
Isole;Sicilia;CT;H922;SAN GIOVANNI LA PUNTA;NonCap;M
Sud;Abruzzo;CH;H923;SAN GIOVANNI LIPIONI;NonCap;S
Nord Est;Veneto;VR;H924;SAN GIOVANNI LUPATOTO;NonCap;M
Sud;Puglia;FG;H926;SAN GIOVANNI ROTONDO;NonCap;M
Sud;Molise;CB;H928;SAN GIULIANO DEL SANNIO;NonCap;S
Sud;Molise;CB;H929;SAN GIULIANO DI PUGLIA;NonCap;S
Nord Ovest;Lombardia;MI;H930;SAN GIULIANO MILANESE;NonCap;L
Sud;Campania;NA;H931;SAN GIUSEPPE VESUVIANO;NonCap;S
Isole;Sicilia;PA;H933;SAN GIUSEPPE IATO;NonCap;S
Centro;Umbria;PG;H935;SAN GIUSTINO;NonCap;S
Nord Ovest;Piemonte;TO;H936;SAN GIUSTO CANAVESE;NonCap;S
Centro;Toscana;FI;H937;SAN GODENZO;NonCap;S
Nord Est;Veneto;BL;H938;SAN GREGORIO NELLE ALPI;NonCap;S
Sud;Campania;CE;H939;SAN GREGORIO MATESE;NonCap;S
Isole;Sicilia;CT;H940;SAN GREGORIO DI CATANIA;NonCap;M
Sud;Calabria;VV;H941;SAN GREGORIO D'IPPONA;NonCap;S
Centro;Lazio;RM;H942;SAN GREGORIO DA SASSOLA;NonCap;S
Sud;Campania;SA;H943;SAN GREGORIO MAGNO;NonCap;S
Nord Est;Veneto;VR;H944;SANGUINETTO;NonCap;S
Nord Est;Emilia-Romagna;BO;H945;SAN LAZZARO DI SAVENA;NonCap;L
Nord Est;Emilia-Romagna;RN;H949;SAN LEO;NonCap;S
Nord Est;Friuli- Venezia Giulia;UD;H951;SAN LEONARDO;NonCap;S
Sud;Campania;BN;H953;SAN LEUCIO DEL SANNIO;NonCap;S
Sud;Campania;BN;H955;SAN LORENZELLO;NonCap;S
Nord Ovest;Liguria;IM;H957;SAN LORENZO AL MARE;NonCap;S
Centro;Marche;PS;H958;SAN LORENZO IN CAMPO;NonCap;S
Sud;Calabria;RC;H959;SAN LORENZO;NonCap;S
Sud;Calabria;CS;H961;SAN LORENZO BELLIZZI;NonCap;S
Sud;Calabria;CS;H962;SAN LORENZO DEL VALLO;NonCap;S
Sud;Campania;BN;H967;SAN LORENZO MAGGIORE;NonCap;S
Centro;Lazio;VT;H969;SAN LORENZO NUOVO;NonCap;S
Sud;Calabria;RC;H970;SAN LUCA;NonCap;S
Sud;Calabria;CS;H971;SAN LUCIDO;NonCap;S
Sud;Campania;BN;H973;SAN LUPO;NonCap;S
Isole;Sardegna;CA;H974;SANLURI;NonCap;S
Sud;Campania;AV;H975;SAN MANGO SUL CALORE;NonCap;S
Sud;Calabria;CZ;H976;SAN MANGO D`AQUINO;NonCap;S
Sud;Campania;SA;H977;SAN MANGO PIEMONTE;NonCap;S
Sud;Campania;CE;H978;SAN MARCELLINO;NonCap;S
Centro;Marche;AN;H979;SAN MARCELLO;NonCap;S
Sud;Calabria;CS;H981;SAN MARCO ARGENTANO;NonCap;S
Isole;Sicilia;ME;H982;SAN MARCO D`ALUNZIO;NonCap;S
Sud;Campania;BN;H984;SAN MARCO DEI CAVOTI;NonCap;S
Sud;Puglia;FG;H985;SAN MARCO IN LAMIS;NonCap;S
Sud;Puglia;FG;H986;SAN MARCO LA CATOLA;NonCap;S
Nord Ovest;Piemonte;AT;H987;SAN MARTINO ALFIERI;NonCap;S
Sud;Molise;CB;H990;SAN MARTINO IN PENSILIS;NonCap;S
Sud;Abruzzo;CH;H991;SAN MARTINO S MARRUCINA;NonCap;S
Sud;Calabria;CS;H992;SAN MARTINO DI FINITA;NonCap;S
Sud;Basilicata;PZ;H994;SAN MARTINO D`AGRI;NonCap;S
Nord Est;Veneto;RO;H996;SAN MARTINO DI VENEZZE;NonCap;S
Nord Ovest;Piemonte;TO;H997;SAN MARTINO CANAVESE;NonCap;S
Nord Est;Friuli- Venezia Giulia;PN;H999;SAN MARTINO AL TAGLIAMENTO;NonCap;S
Sud;Campania;BN;I002;SAN MARTINO SANNITA;NonCap;S
Nord Est;Veneto;VR;I003;S MARTINO BUON ALBERGO;NonCap;M
Nord Ovest;Lombardia;MN;I005;SAN MARTINO DALL`ARGINE;NonCap;S
Nord Ovest;Lombardia;CR;I007;SAN MARTINO DEL LAGO;NonCap;S
Nord Est;Veneto;PD;I008;SAN MARTINO DI LUPARI;NonCap;S
Nord Est;Emilia-Romagna;RE;I011;SAN MARTINO IN RIO;NonCap;S
Nord Ovest;Lombardia;LO;I012;SAN MARTINO IN STRADA;NonCap;S
Nord Ovest;Lombardia;PV;I014;SAN MARTINO SICCOMARIO;NonCap;S
Sud;Campania;AV;I016;S MARTINO VALLE CAUDINA;NonCap;S
Nord Ovest;Piemonte;AT;I017;SAN MARZANO OLIVETO;NonCap;S
Sud;Puglia;TA;I018;S MARZANO DI S GIUSEPPE;NonCap;S
Sud;Campania;SA;I019;SAN MARZANO SUL SARNO;NonCap;S
Sud;Molise;CB;I023;SAN MASSIMO;NonCap;S
Nord Ovest;Piemonte;TO;I024;SAN MAURIZIO CANAVESE;NonCap;M
Nord Ovest;Piemonte;NO;I025;SAN MAURIZIO D OPAGLIO;NonCap;S
Sud;Calabria;KR;I026;SAN MAURO MARCHESATO;NonCap;S
Nord Est;Emilia-Romagna;FO;I027;SAN MAURO PASCOLI;NonCap;M
Isole;Sicilia;PA;I028;SAN MAURO CASTELVERDE;NonCap;S
Sud;Basilicata;MT;I029;SAN MAURO FORTE;NonCap;S
Nord Ovest;Piemonte;TO;I030;SAN MAURO TORINESE;NonCap;M
Sud;Campania;SA;I031;SAN MAURO CILENTO;NonCap;S
Sud;Campania;SA;I032;SAN MAURO LA BRUCA;NonCap;S
Sud;Campania;AV;I034;SAN MICHELE DI SERINO;NonCap;S
Isole;Sicilia;CT;I035;SAN MICHELE DI GANZARIA;NonCap;S
Nord Ovest;Piemonte;CN;I037;SAN MICHELE MONDOVI`;NonCap;S
Nord Est;Veneto;VE;I040;S MICHELE TAGLIAMENTO;NonCap;L
Sud;Puglia;BR;I045;SAN MICHELE SALENTINO;NonCap;S
Centro;Toscana;PI;I046;SAN MINIATO;NonCap;M
Nord Ovest;Lombardia;PV;I048;SANNAZZARO DE` BURGONDI;NonCap;S
Sud;Campania;BN;I049;SAN NAZZARO;NonCap;S
Nord Ovest;Lombardia;CO;I051;S NAZZARO VAL CAVARGNA;NonCap;S
Nord Ovest;Piemonte;NO;I052;SAN NAZZARO SESIA;NonCap;S
Sud;Puglia;BA;I053;SANNICANDRO DI BARI;NonCap;S
Sud;Puglia;FG;I054;SANNICANDRO GARGANICO;NonCap;S
Sud;Campania;CE;I056;SAN NICOLA LA STRADA;NonCap;M
Sud;Calabria;KR;I057;SAN NICOLA DELL`ALTO;NonCap;S
Sud;Calabria;VV;I058;SAN NICOLA DA CRISSA;NonCap;S
Sud;Puglia;LE;I059;SANNICOLA;NonCap;S
Sud;Calabria;CS;I060;SAN NICOLA ARCELLA;NonCap;S
Sud;Campania;AV;I061;SAN NICOLA BARONIA;NonCap;S
Sud;Campania;BN;I062;SAN NICOLA MANFREDI;NonCap;S
Nord Est;Veneto;BL;I063;SAN NICOLO` DI COMELICO;NonCap;S
Sud;Puglia;BR;I066;SAN PANCRAZIO SALENTINO;NonCap;S
Centro;Marche;AN;I071;SAN PAOLO DI JESI;NonCap;S
Sud;Puglia;FG;I072;SAN PAOLO DI CIVITATE;NonCap;S
Sud;Campania;NA;I073;SAN PAOLO BEL SITO;NonCap;S
Nord Ovest;Piemonte;AT;I076;SAN PAOLO SOLBRITO;NonCap;S
Nord Ovest;Lombardia;BG;I079;SAN PELLEGRINO TERME;NonCap;S
Isole;Sicilia;ME;I084;SAN PIER NICETO;NonCap;S
Isole;Sicilia;ME;I086;SAN PIERO PATTI;NonCap;S
Nord Est;Veneto;BL;I088;SAN PIETRO DI CADORE;NonCap;S
Sud;Campania;SA;I089;SAN PIETRO AL TANAGRO;NonCap;S
Nord Ovest;Piemonte;TO;I090;SAN PIETRO VAL LEMINA;NonCap;S
Nord Est;Friuli- Venezia Giulia;UD;I092;SAN PIETRO AL NATISONE;NonCap;S
Sud;Calabria;CZ;I093;SAN PIETRO A MAIDA;NonCap;S
Sud;Calabria;CZ;I095;SAN PIETRO APOSTOLO;NonCap;S
Sud;Molise;IS;I096;SAN PIETRO AVELLANA;NonCap;S
Isole;Sicilia;CT;I098;SAN PIETRO CLARENZA;NonCap;S
Sud;Calabria;RC;I102;SAN PIETRO DI CARIDA`;NonCap;S
Nord Est;Veneto;TV;I103;SAN PIETRO DI FELETTO;NonCap;S
Nord Est;Veneto;VR;I105;SAN PIETRO DI MORUBIO;NonCap;S
Nord Est;Veneto;PD;I107;SAN PIETRO IN GU;NonCap;S
Sud;Calabria;CS;I108;SAN PIETRO IN AMANTEA;NonCap;S
Nord Est;Veneto;VR;I109;SAN PIETRO IN CARIANO;NonCap;M
Nord Est;Emilia-Romagna;BO;I110;SAN PIETRO IN CASALE;NonCap;M
Sud;Campania;CE;I113;SAN PIETRO INFINE;NonCap;S
Sud;Calabria;CS;I114;SAN PIETRO IN GUARANO;NonCap;S
Sud;Puglia;LE;I115;SAN PIETRO IN LAMA;NonCap;S
Nord Ovest;Piemonte;NO;I116;SAN PIETRO MOSEZZO;NonCap;S
Nord Est;Veneto;VI;I117;SAN PIETRO MUSSOLINO;NonCap;S
Isole;Sardegna;CA;I118;VILLA SAN PIETRO;NonCap;S
Sud;Puglia;BR;I119;SAN PIETRO VERNOTICO;NonCap;S
Nord Est;Veneto;PD;I120;SAN PIETRO VIMINARIO;NonCap;S
Sud;Abruzzo;AQ;I121;SAN PIO DELLE CAMERE;NonCap;S
Sud;Molise;CB;I122;SAN POLO MATESE;NonCap;S
Nord Est;Emilia-Romagna;RE;I123;SAN POLO D`ENZA;NonCap;S
Nord Est;Veneto;TV;I124;SAN POLO DI PIAVE;NonCap;S
Centro;Lazio;RM;I125;SAN POLO DEI CAVALIERI;NonCap;S
Nord Ovest;Piemonte;TO;I126;SAN PONSO;NonCap;S
Nord Est;Emilia-Romagna;MO;I128;SAN POSSIDONIO;NonCap;S
Sud;Campania;AV;I129;SAN POTITO ULTRA;NonCap;S
Sud;Campania;CE;I130;SAN POTITO SANNITICO;NonCap;S
Sud;Campania;CE;I131;SAN PRISCO;NonCap;S
Sud;Calabria;RC;I132;SAN PROCOPIO;NonCap;S
Nord Est;Emilia-Romagna;MO;I133;SAN PROSPERO;NonCap;S
Centro;Toscana;SI;I135;SAN QUIRICO D ORCIA;NonCap;S
Nord Est;Friuli- Venezia Giulia;PN;I136;SAN QUIRINO;NonCap;S
Nord Ovest;Piemonte;TO;I137;SAN RAFFAELE CIMENA;NonCap;S
Nord Ovest;Liguria;IM;I138;SAN REMO;NonCap;L
Sud;Calabria;RC;I139;SAN ROBERTO;NonCap;S
Nord Ovest;Lombardia;LO;I140;SAN ROCCO AL PORTO;NonCap;S
Centro;Toscana;LU;I142;SAN ROMANO GARFAGNANA;NonCap;S
Sud;Campania;SA;I143;SAN RUFO;NonCap;S
Nord Ovest;Piemonte;AL;I144;S SALVATORE MONFERRATO;NonCap;S
Sud;Campania;BN;I145;SAN SALVATORE TELESINO;NonCap;S
Isole;Sicilia;ME;I147;S SALVATORE DI FITALIA;NonCap;S
Sud;Abruzzo;CH;I148;SAN SALVO;NonCap;M
Nord Ovest;Piemonte;AL;I150;SAN SEBASTIANO CURONE;NonCap;S
Sud;Campania;NA;I151;S SEBASTIANO AL VESUVIO;NonCap;S
Nord Ovest;Piemonte;TO;I152;SAN SEBASTIANO DA PO;NonCap;S
Nord Est;Emilia-Romagna;PR;I153;SAN SECONDO PARMENSE;NonCap;S
Nord Ovest;Piemonte;TO;I154;SAN SECONDO DI PINEROLO;NonCap;S
Centro;Toscana;AR;I155;SAN SEPOLCRO;NonCap;S
Centro;Marche;MC;I156;SAN SEVERINO MARCHE;NonCap;S
Sud;Basilicata;PZ;I157;SAN SEVERINO LUCANO;NonCap;S
Sud;Puglia;FG;I158;SAN SEVERO;NonCap;M
Nord Ovest;Lombardia;CO;I162;SAN SIRO;NonCap;S
Sud;Campania;AV;I163;SAN SOSSIO BARONIA;NonCap;S
Sud;Calabria;CZ;I164;SAN SOSTENE;NonCap;S
Sud;Calabria;CS;I165;SAN SOSTI;NonCap;S
Isole;Sardegna;CA;I166;SAN SPERATE;NonCap;S
Nord Ovest;Lombardia;BG;I168;SANTA BRIGIDA;NonCap;S
Isole;Sicilia;CL;I169;S CATERINA VILLARMOSA;NonCap;S
Sud;Calabria;CZ;I170;S CATERINA DELLO IONIO;NonCap;S
Sud;Calabria;CS;I171;SANTA CATERINA ALBANESE;NonCap;S
Sud;Puglia;LE;I172;SANTA CESAREA TERME;NonCap;S
Isole;Sicilia;PA;I174;SANTA CRISTINA GELA;NonCap;S
Nord Ovest;Lombardia;PV;I175;S.CRISTINA E BISSONE;NonCap;S
Sud;Calabria;RC;I176;S CRISTINA D`ASPROMONTE;NonCap;S
Centro;Toscana;PI;I177;SANTA CROCE SULL`ARNO;NonCap;S
Isole;Sicilia;RG;I178;SANTA CROCE CAMERINA;NonCap;S
Sud;Campania;BN;I179;SANTA CROCE DEL SANNIO;NonCap;S
Sud;Molise;CB;I181;SANTA CROCE DI MAGLIANO;NonCap;S
Isole;Sardegna;CA;I182;SANTADI;NonCap;S
Sud;Calabria;CS;I183;SANTA DOMENICA TALAO;NonCap;S
Isole;Sicilia;ME;I184;SANTA DOMENICA VITTORIA;NonCap;S
Isole;Sicilia;AG;I185;SANTA ELISABETTA;NonCap;S
Centro;Toscana;GR;I187;SANTA FIORA;NonCap;S
Isole;Sicilia;PA;I188;SANTA FLAVIA;NonCap;S
Sud;Molise;IS;I189;SANT`AGAPITO;NonCap;S
Nord Ovest;Piemonte;AL;I190;SANT`AGATA FOSSILI;NonCap;S
Nord Est;Emilia-Romagna;BO;I191;SANT`AGATA BOLOGNESE;NonCap;S
Sud;Calabria;CS;I192;SANT`AGATA DI ESARO;NonCap;S
Sud;Puglia;FG;I193;SANT`AGATA DI PUGLIA;NonCap;S
Nord Est;Emilia-Romagna;RA;I196;SANT`AGATA SUL SANTERNO;NonCap;S
Sud;Campania;BN;I197;SANT`AGATA DE` GOTI;NonCap;S
Sud;Calabria;RC;I198;SANT`AGATA DEL BIANCO;NonCap;S
Isole;Sicilia;ME;I199;SANT`AGATA DI MILITELLO;NonCap;S
Nord Est;Emilia-Romagna;RN;I201;SANT`AGATA FELTRIA;NonCap;S
Isole;Sicilia;CT;I202;SANT`AGATA LI BATTIATI;NonCap;S
Nord Ovest;Lombardia;PV;I203;SANTA GIULETTA;NonCap;S
Isole;Sardegna;OR;I205;SANTA GIUSTA;NonCap;S
Nord Est;Veneto;BL;I206;SANTA GIUSTINA;NonCap;S
Nord Est;Veneto;PD;I207;SANTA GIUSTINA IN COLLE;NonCap;S
Sud;Campania;NA;I208;SANT`AGNELLO;NonCap;S
Nord Ovest;Piemonte;CN;I210;SANT`ALBANO STURA;NonCap;S
Nord Ovest;Lombardia;PV;I213;S.ALESSIO CON VIALONE;NonCap;S
Sud;Calabria;RC;I214;S ALESSIO IN ASPROMONTE;NonCap;S
Isole;Sicilia;ME;I215;SANT`ALESSIO SICULO;NonCap;S
Isole;Sicilia;CT;I216;SANT`ALFIO;NonCap;S
Centro;Toscana;PI;I217;SANTA LUCE;NonCap;S
Sud;Campania;AV;I219;SANTA LUCIA DI SERINO;NonCap;S
Isole;Sicilia;ME;I220;SANTA LUCIA DEL MELA;NonCap;S
Nord Est;Veneto;TV;I221;SANTA LUCIA DI PIAVE;NonCap;S
Isole;Sicilia;AG;I224;S MARGHERITA DI BELICE;NonCap;S
Nord Ovest;Liguria;GE;I225;SANTA MARGHERITA LIGURE;NonCap;L
Nord Ovest;Lombardia;PV;I230;S.MARGHERITA STAFFORA;NonCap;S
Centro;Toscana;PI;I232;SANTA MARIA A MONTE;NonCap;M
Sud;Campania;CE;I233;SANTA MARIA A VICO;NonCap;S
Sud;Campania;CE;I234;S MARIA CAPUA VETERE;NonCap;M
Nord Ovest;Lombardia;PV;I236;TRAVACO SICCOMARIO;NonCap;S
Nord Ovest;Lombardia;PV;I237;S.MARIA DELLA VERSA;NonCap;S
Sud;Molise;IS;I238;SANTA MARIA DEL MOLISE;NonCap;S
Isole;Sicilia;CT;I240;SANTA MARIA DI LICODIA;NonCap;S
Nord Est;Veneto;VE;I242;SANTA MARIA DI SALA;NonCap;M
Nord Ovest;Lombardia;LC;I243;SANTA MARIA HOE`;NonCap;S
Sud;Abruzzo;CH;I244;SANTA MARIA IMBARO;NonCap;S
Sud;Campania;CE;I247;SANTA MARIA LA FOSSA;NonCap;S
Nord Est;Friuli- Venezia Giulia;UD;I248;SANTA MARIA LA LONGA;NonCap;S
Nord Ovest;Piemonte;VB;I249;SANTA MARIA MAGGIORE;NonCap;S
Centro;Marche;AN;I251;SANTA MARIA NUOVA;NonCap;S
Sud;Campania;SA;I253;SANTA MARINA;NonCap;S
Isole;Sicilia;ME;I254;SANTA MARINA SALINA;NonCap;S
Centro;Lazio;RM;I255;SANTA MARINELLA;NonCap;L
Centro;Lazio;FR;I256;S AMBROGIO S GARIGLIANO;NonCap;S
Nord Ovest;Piemonte;TO;I258;SANT`AMBROGIO DI TORINO;NonCap;S
Nord Est;Veneto;VR;I259;S AMBROGIO VALPOLICELLA;NonCap;S
Sud;Campania;SA;I260;SANTOMENNA;NonCap;S
Sud;Campania;CE;I261;SAN TAMMARO;NonCap;S
Sud;Campania;NA;I262;SANT`ANASTASIA;NonCap;S
Centro;Umbria;PG;I263;SANT`ANATOLIA DI NARCO;NonCap;S
Sud;Campania;AV;I264;SANT`ANDREA DI CONZA;NonCap;S
Centro;Lazio;FR;I265;S ANDREA DEL GARIGLIANO;NonCap;S
Sud;Calabria;CZ;I266;S ANDREA APOSTOLO IONIO;NonCap;S
Isole;Sardegna;CA;I271;SANT`ANDREA FRIUS;NonCap;S
Sud;Campania;CE;I273;SANT`ANGELO D`ALIFE;NonCap;S
Nord Ovest;Lombardia;LO;I274;SANT`ANGELO LODIGIANO;NonCap;S
Nord Est;Veneto;PD;I275;S ANGELO D PIOVE D SACC;NonCap;S
Nord Ovest;Lombardia;PV;I276;SANT`ANGELO LOMELLINA;NonCap;S
Sud;Campania;BN;I277;SANT`ANGELO A CUPOLO;NonCap;S
Sud;Campania;SA;I278;SANT`ANGELO A FASANELLA;NonCap;S
Sud;Campania;AV;I279;SANT`ANGELO ALL`ESCA;NonCap;S
Sud;Campania;AV;I280;SANT`ANGELO A SCALA;NonCap;S
Sud;Campania;AV;I281;S ANGELO DEI LOMBARDI;NonCap;S
Sud;Molise;IS;I282;SANT`ANGELO DEL PESCO;NonCap;S
Isole;Sicilia;ME;I283;SANT`ANGELO DI BROLO;NonCap;S
Centro;Lazio;RM;I284;SANT`ANGELO ROMANO;NonCap;S
Centro;Marche;MC;I286;SANT`ANGELO IN PONTANO;NonCap;S
Centro;Marche;PS;I287;SANT`ANGELO IN VADO;NonCap;S
Sud;Basilicata;PZ;I288;SANT`ANGELO LE FRATTE;NonCap;S
Sud;Molise;CB;I289;SANT`ANGELO LIMOSANO;NonCap;S
Isole;Sicilia;AG;I290;SANT`ANGELO MUXARO;NonCap;S
Isole;Sicilia;TP;I291;SANTA NINFA;NonCap;S
Nord Est;Veneto;VR;I292;SANT`ANNA D`ALFAEDO;NonCap;S
Sud;Campania;NA;I293;SANT`ANTIMO;NonCap;S
Isole;Sardegna;CA;I294;SANT`ANTIOCO;NonCap;S
Nord Ovest;Piemonte;TO;I296;SANT`ANTONINO DI SUSA;NonCap;S
Isole;Sardegna;OR;I298;SANT`ANTONIO RUINAS;NonCap;S
Sud;Campania;NA;I300;SANT`ANTONIO ABATE;NonCap;S
Sud;Campania;AV;I301;SANTA PAOLINA;NonCap;S
Centro;Lazio;FR;I302;SANT`APOLLINARE;NonCap;S
Nord Est;Emilia-Romagna;RN;I304;SANTARCANGELO DI ROMAGNA;NonCap;M
Sud;Basilicata;PZ;I305;SANT`ARCANGELO;NonCap;S
Sud;Campania;CE;I306;SANT`ARPINO;NonCap;S
Sud;Campania;SA;I307;SANT`ARSENIO;NonCap;S
Sud;Calabria;KR;I308;SANTA SEVERINA;NonCap;S
Sud;Calabria;CS;I309;SANTA SOFIA D`EPIRO;NonCap;S
Nord Est;Emilia-Romagna;FO;I310;SANTA SOFIA;NonCap;S
Isole;Sicilia;ME;I311;SANTA TERESA DI RIVA;NonCap;S
Isole;Sardegna;SS;I312;SANTA TERESA GALLURA;NonCap;M
Isole;Sicilia;CT;I314;SANTA VENERINA;NonCap;S
Centro;Marche;AP;I315;S VITTORIA IN MATENANO;NonCap;S
Nord Ovest;Piemonte;CN;I316;SANTA VITTORIA D`ALBA;NonCap;S
Sud;Campania;SA;I317;S EGIDIO D MONTE ALBINO;NonCap;S
Sud;Abruzzo;TE;I318;S EGIDIO ALLA VIBRATA;NonCap;S
Nord Est;Veneto;PD;I319;SANT`ELENA;NonCap;S
Sud;Molise;CB;I320;SANT`ELIA A PIANISI;NonCap;S
Centro;Lazio;FR;I321;SANT`ELIA FIUMERAPIDO;NonCap;S
Sud;Calabria;CZ;I322;VALLEFIORITA;NonCap;S
Centro;Marche;AP;I324;SANT`ELPIDIO A MARE;NonCap;S
Sud;Abruzzo;AQ;I326;SANTE MARIE;NonCap;S
Nord Ovest;Piemonte;TO;I327;SANTENA;NonCap;S
Isole;Sicilia;ME;I328;SAN TEODORO;NonCap;S
Isole;Sardegna;NU;I329;SAN TEODORO;NonCap;M
Sud;Puglia;BA;I330;SANTERAMO IN COLLE;NonCap;M
Sud;Abruzzo;PE;I332;SANT`EUFEMIA A MAIELLA;NonCap;S
Sud;Calabria;RC;I333;S EUFEMIA D`ASPROMONTE;NonCap;S
Sud;Abruzzo;CH;I335;SANT`EUSANIO DEL SANGRO;NonCap;S
Sud;Abruzzo;AQ;I336;SANT`EUSANIO FORCONESE;NonCap;S
Nord Ovest;Piemonte;VC;I337;SANTHIA`;NonCap;S
Centro;Lazio;LT;I339;SANTI COSMA E DAMIANO;NonCap;S
Sud;Calabria;RC;I341;SANT`ILARIO DELLO IONIO;NonCap;S
Nord Est;Emilia-Romagna;RE;I342;SANT`ILARIO D`ENZA;NonCap;S
Centro;Marche;PS;I344;SANT`IPPOLITO;NonCap;S
Nord Ovest;Liguria;GE;I346;SANT`OLCESE;NonCap;S
Nord Est;Veneto;BL;I347;SAN TOMASO AGORDINO;NonCap;S
Sud;Abruzzo;TE;I348;SANT`OMERO;NonCap;S
Sud;Calabria;VV;I350;SANT'ONOFRIO;NonCap;S
Centro;Lazio;FR;I351;SANTOPADRE;NonCap;S
Centro;Lazio;RM;I352;SANT`ORESTE;NonCap;S
Nord Est;Veneto;VI;I353;SANTORSO;NonCap;S
Isole;Sicilia;AG;I356;SANTO STEFANO QUISQUINA;NonCap;S
Sud;Campania;AV;I357;SANTO STEFANO DEL SOLE;NonCap;S
Sud;Calabria;CS;I359;S STEFANO DI ROGLIANO;NonCap;S
Sud;Abruzzo;AQ;I360;S STEFANO DI SESSANIO;NonCap;S
Nord Ovest;Lombardia;MI;I361;SANTO STEFANO TICINO;NonCap;S
Nord Ovest;Lombardia;LO;I362;SANTO STEFANO LODIGIANO;NonCap;S
Nord Ovest;Liguria;SP;I363;SANTO STEFANO DI MAGRA;NonCap;S
Centro;Lazio;FR;I364;VILLA SANTO STEFANO;NonCap;S
Nord Ovest;Liguria;IM;I365;SANTO STEFANO AL MARE;NonCap;S
Nord Ovest;Piemonte;CN;I367;SANTO STEFANO BELBO;NonCap;S
Nord Ovest;Liguria;GE;I368;SANTO STEFANO D`AVETO;NonCap;S
Isole;Sicilia;ME;I370;S STEFANO DI CAMASTRA;NonCap;S
Sud;Calabria;RC;I371;S STEFANO IN ASPROMONTE;NonCap;S
Nord Ovest;Piemonte;CN;I372;SANTO STEFANO ROERO;NonCap;S
Nord Est;Veneto;VE;I373;SANTO STINO DI LIVENZA;NonCap;S
Isole;Sardegna;OR;I374;SANTU LUSSURGIU;NonCap;S
Nord Est;Veneto;PD;I375;SANT`URBANO;NonCap;S
Sud;Abruzzo;PE;I376;S VALENTINO ABRUZZO CIT;NonCap;S
Sud;Campania;SA;I377;SAN VALENTINO TORIO;NonCap;S
Centro;Umbria;TR;I381;SAN VENANZO;NonCap;S
Nord Est;Veneto;TV;I382;SAN VENDEMIANO;NonCap;S
Isole;Sardegna;OR;I384;SAN VERO MILIS;NonCap;S
Sud;Calabria;CS;I388;SAN VINCENZO LA COSTA;NonCap;S
Sud;Abruzzo;AQ;I389;S VINCENZO VALLE ROVETO;NonCap;S
Centro;Toscana;LI;I390;SAN VINCENZO;NonCap;M
Sud;Campania;NA;I391;SAN VITALIANO;NonCap;S
Nord Est;Veneto;BL;I392;SAN VITO DI CADORE;NonCap;S
Sud;Calabria;CZ;I393;SAN VITO SULLO IONIO;NonCap;S
Sud;Abruzzo;CH;I394;SAN VITO CHIETINO;NonCap;S
Sud;Puglia;BR;I396;SAN VITO DEI NORMANNI;NonCap;S
Centro;Lazio;RM;I400;SAN VITO ROMANO;NonCap;S
Nord Est;Veneto;VI;I401;SAN VITO DI LEGUZZANO;NonCap;S
Isole;Sardegna;CA;I402;SAN VITO;NonCap;S
Nord Est;Friuli- Venezia Giulia;PN;I403;SAN VITO AL TAGLIAMENTO;NonCap;S
Nord Est;Friuli- Venezia Giulia;UD;I405;SAN VITO DI FAGAGNA;NonCap;S
Isole;Sicilia;TP;I407;SAN VITO LO CAPO;NonCap;S
Centro;Lazio;FR;I408;SAN VITTORE DEL LAZIO;NonCap;S
Nord Ovest;Lombardia;MI;I409;SAN VITTORE OLONA;NonCap;S
Sud;Campania;SA;I410;SANZA;NonCap;S
Nord Ovest;Lombardia;BS;I412;SAN ZENO NAVIGLIO;NonCap;S
Nord Est;Veneto;VR;I414;SAN ZENO DI MONTAGNA;NonCap;S
Nord Ovest;Lombardia;MI;I415;SAN ZENONE AL LAMBRO;NonCap;S
Nord Ovest;Lombardia;PV;I416;SAN ZENONE AL PO;NonCap;S
Nord Est;Veneto;TV;I417;S ZENONE DEGLI EZZELINI;NonCap;S
Nord Est;Veneto;PD;I418;SAONARA;NonCap;S
Isole;Sicilia;ME;I420;SAPONARA;NonCap;S
Nord Est;Friuli- Venezia Giulia;UD;I421;SAPPADA;NonCap;S
Sud;Campania;SA;I422;SAPRI;NonCap;S
Sud;Calabria;CS;I423;SARACENA;NonCap;S
Centro;Lazio;RM;I424;SARACINESCO;NonCap;S
Nord Est;Veneto;VI;I425;SARCEDO;NonCap;S
Sud;Basilicata;PZ;I426;SARCONI;NonCap;S
Isole;Sardegna;CA;I428;SARDARA;NonCap;S
Nord Ovest;Piemonte;AL;I429;SARDIGLIANO;NonCap;S
Nord Est;Veneto;VI;I430;SAREGO;NonCap;S
Nord Ovest;Piemonte;AL;I432;SAREZZANO;NonCap;S
Nord Ovest;Lombardia;BS;I433;SAREZZO;NonCap;S
Nord Est;Emilia-Romagna;PC;I434;SARMATO;NonCap;S
Nord Est;Veneto;TV;I435;SARMEDE;NonCap;S
Centro;Marche;MC;I436;SARNANO;NonCap;S
Nord Ovest;Lombardia;BG;I437;SARNICO;NonCap;M
Sud;Campania;SA;I438;SARNO;NonCap;M
Nord Ovest;Lombardia;VA;I441;SARONNO;NonCap;L
Nord Ovest;Valle d'Aosta;AO;I442;SARRE;NonCap;S
Isole;Sardegna;CA;I443;SARROCH;NonCap;S
Nord Est;Emilia-Romagna;FO;I444;SARSINA;NonCap;S
Centro;Toscana;SI;I445;SARTEANO;NonCap;S
Nord Ovest;Lombardia;PV;I447;SARTIRANA LOMELLINA;NonCap;S
Isole;Sardegna;NU;I448;SARULE;NonCap;S
Nord Ovest;Liguria;SP;I449;SARZANA;NonCap;M
Sud;Campania;SA;I451;SASSANO;NonCap;S
Isole;Sardegna;SS;I452;SASSARI;cap;L
Nord Ovest;Liguria;SV;I453;SASSELLO;NonCap;S
Centro;Toscana;LI;I454;SASSETTA;NonCap;S
Sud;Campania;BN;I455;SASSINORO;NonCap;S
Sud;Basilicata;PZ;I457;SASSO DI CASTALDA;NonCap;S
Nord Est;Emilia-Romagna;RN;I460;SASSOFELTRIO;NonCap;S
Centro;Marche;AN;I461;SASSOFERRATO;NonCap;S
Nord Est;Emilia-Romagna;MO;I462;SASSUOLO;NonCap;L
Sud;Calabria;CZ;I463;SATRIANO;NonCap;S
Nord Est;Friuli- Venezia Giulia;UD;I464;SAURIS;NonCap;S
Nord Ovest;Piemonte;TO;I465;SAUZE DI CESANA;NonCap;S
Nord Ovest;Piemonte;TO;I466;SAUZE D`OULX;NonCap;M
Sud;Puglia;TA;I467;SAVA;NonCap;S
Sud;Calabria;KR;I468;SAVELLI;NonCap;S
Sud;Campania;NA;I469;SAVIANO;NonCap;S
Nord Ovest;Piemonte;CN;I470;SAVIGLIANO;NonCap;M
Sud;Campania;AV;I471;SAVIGNANO IRPINO;NonCap;S
Nord Est;Emilia-Romagna;FO;I472;SAVIGNANO SUL RUBICONE;NonCap;M
Nord Est;Emilia-Romagna;MO;I473;SAVIGNANO SUL PANARO;NonCap;S
Nord Ovest;Liguria;GE;I475;SAVIGNONE;NonCap;S
Nord Ovest;Lombardia;BS;I476;SAVIORE DELL`ADAMELLO;NonCap;S
Isole;Sicilia;ME;I477;SAVOCA;NonCap;S
Nord Est;Friuli- Venezia Giulia;UD;I478;SAVOGNA;NonCap;S
Nord Ovest;Liguria;SV;I480;SAVONA;cap;L
Sud;Abruzzo;PE;I482;SCAFA;NonCap;S
Sud;Campania;SA;I483;SCAFATI;NonCap;M
Nord Ovest;Piemonte;CN;I484;SCAGNELLO;NonCap;S
Sud;Calabria;CS;I485;SCALA COELI;NonCap;S
Sud;Campania;SA;I486;SCALA;NonCap;S
Nord Ovest;Lombardia;PV;I487;SCALDASOLE;NonCap;S
Sud;Calabria;CS;I489;SCALEA;NonCap;M
Nord Ovest;Piemonte;TO;I490;SCALENGHE;NonCap;S
Isole;Sicilia;ME;I492;SCALETTA ZANCLEA;NonCap;S
Sud;Campania;AV;I493;SCAMPITELLA;NonCap;S
Sud;Calabria;KR;I494;SCANDALE;NonCap;S
Nord Est;Emilia-Romagna;RE;I496;SCANDIANO;NonCap;M
Nord Ovest;Lombardia;CR;I497;SCANDOLARA RAVARA;NonCap;S
Nord Ovest;Lombardia;CR;I498;SCANDOLARA RIPA D`OGLIO;NonCap;S
Centro;Lazio;RI;I499;SCANDRIGLIA;NonCap;S
Sud;Abruzzo;AQ;I501;SCANNO;NonCap;S
Isole;Sardegna;OR;I503;SCANO DI MONTIFERRO;NonCap;S
Centro;Toscana;GR;I504;SCANSANO;NonCap;S
Nord Ovest;Lombardia;BG;I506;SCANZOROSCIATE;NonCap;M
Sud;Molise;IS;I507;SCAPOLI;NonCap;S
Centro;Toscana;GR;I510;SCARLINO;NonCap;S
Nord Ovest;Piemonte;TO;I511;SCARMAGNO;NonCap;S
Nord Ovest;Piemonte;CN;I512;SCARNAFIGI;NonCap;S
Sud;Abruzzo;CH;I520;SCERNI;NonCap;S
Centro;Umbria;PG;I522;SCHEGGIA E PASCELUPO;NonCap;S
Centro;Umbria;PG;I523;SCHEGGINO;NonCap;S
Sud;Abruzzo;CH;I526;SCHIAVI DI ABRUZZO;NonCap;S
Nord Est;Veneto;VI;I527;SCHIAVON;NonCap;S
Nord Ovest;Lombardia;CO;I529;SCHIGNANO;NonCap;S
Nord Ovest;Lombardia;BG;I530;SCHILPARIO;NonCap;S
Nord Est;Veneto;VI;I531;SCHIO;NonCap;L
Nord Ovest;Lombardia;MN;I532;SCHIVENOGLIA;NonCap;S
Isole;Sicilia;AG;I533;SCIACCA;NonCap;M
Isole;Sicilia;PA;I534;SCIARA;NonCap;S
Isole;Sicilia;RG;I535;SCICLI;NonCap;M
Sud;Calabria;RC;I536;SCIDO;NonCap;S
Sud;Calabria;RC;I537;SCILLA;NonCap;S
Isole;Sicilia;PA;I538;SCILLATO;NonCap;S
Nord Ovest;Piemonte;TO;I539;SCIOLZE;NonCap;S
Sud;Campania;NA;I540;SCISCIANO;NonCap;S
Isole;Sicilia;PA;I541;SCLAFANI BAGNI;NonCap;S
Sud;Abruzzo;AQ;I543;SCONTRONE;NonCap;S
Nord Ovest;Piemonte;VC;I544;SCOPA;NonCap;S
Nord Ovest;Piemonte;VC;I545;SCOPELLO;NonCap;S
Sud;Abruzzo;AQ;I546;SCOPPITO;NonCap;S
Isole;Sicilia;CT;I548;SCORDIA;NonCap;S
Sud;Puglia;LE;I549;SCORRANO;NonCap;S
Nord Est;Veneto;VE;I551;SCORZE`;NonCap;M
Sud;Abruzzo;AQ;I553;SCURCOLA MARSICANA;NonCap;S
Nord Ovest;Piemonte;AT;I555;SCURZOLENGO;NonCap;S
Nord Ovest;Liguria;IM;I556;SEBORGA;NonCap;S
Sud;Abruzzo;AQ;I558;SECINARO;NonCap;S
Sud;Puglia;LE;I559;SECLI';NonCap;S
Nord Ovest;Lombardia;LO;I561;SECUGNAGO;NonCap;S
Nord Est;Friuli- Venezia Giulia;UD;I562;SEDEGLIANO;NonCap;S
Nord Est;Veneto;BL;I563;SEDICO;NonCap;S
Isole;Sardegna;OR;I564;SEDILO;NonCap;S
Isole;Sardegna;SS;I565;SEDINI;NonCap;S
Nord Ovest;Lombardia;MI;I566;SEDRIANO;NonCap;M
Nord Ovest;Lombardia;BG;I567;SEDRINA;NonCap;S
Centro;Marche;MC;I569;SEFRO;NonCap;S
Isole;Sardegna;CA;I570;SEGARIU;NonCap;S
Centro;Toscana;GR;I571;SEGGIANO;NonCap;S
Centro;Lazio;RM;I573;SEGNI;NonCap;S
Nord Ovest;Lombardia;MI;I577;SEGRATE;NonCap;L
Nord Est;Veneto;TV;I578;SEGUSINO;NonCap;S
Isole;Sardegna;CA;I580;SELARGIUS;NonCap;M
Centro;Lazio;RI;I581;SELCI;NonCap;S
Isole;Sardegna;CA;I582;SELEGAS;NonCap;S
Centro;Umbria;PG;I585;SELLANO;NonCap;S
Nord Ovest;Lombardia;BS;I588;SELLERO;NonCap;S
Sud;Calabria;CZ;I589;SELLIA;NonCap;S
Sud;Calabria;CZ;I590;SELLIA MARINA;NonCap;S
Nord Est;Veneto;BL;I592;SELVA DI CADORE;NonCap;S
Nord Est;Veneto;VR;I594;SELVA DI PROGNO;NonCap;S
Nord Est;Veneto;PD;I595;SELVAZZANO DENTRO;NonCap;M
Nord Ovest;Lombardia;BG;I597;SELVINO;NonCap;S
Isole;Sardegna;SS;I598;SEMESTENE;NonCap;S
Nord Ovest;Lombardia;PV;I599;SEMIANA;NonCap;S
Sud;Calabria;RC;I600;SEMINARA;NonCap;S
Centro;Toscana;GR;I601;SEMPRONIANO;NonCap;S
Nord Ovest;Lombardia;MI;I602;SENAGO;NonCap;M
Isole;Sardegna;OR;I605;SENEGHE;NonCap;S
Sud;Campania;AV;I606;SENERCHIA;NonCap;S
Nord Ovest;Lombardia;BS;I607;SENIGA;NonCap;S
Centro;Marche;AN;I608;SENIGALLIA;NonCap;L
Isole;Sardegna;OR;I609;SENIS;NonCap;S
Sud;Basilicata;PZ;I610;SENISE;NonCap;S
Nord Ovest;Lombardia;CO;I611;SENNA COMASCO;NonCap;S
Nord Ovest;Lombardia;LO;I612;SENNA LODIGIANA;NonCap;S
Isole;Sardegna;OR;I613;SENNARIOLO;NonCap;S
Isole;Sardegna;SS;I614;SENNORI;NonCap;S
Isole;Sardegna;CA;I615;SENORBI`;NonCap;S
Sud;Molise;CB;I618;SEPINO;NonCap;S
Nord Est;Friuli- Venezia Giulia;PN;I621;SEQUALS;NonCap;S
Centro;Toscana;LU;I622;SERAVEZZA;NonCap;M
Isole;Sardegna;CA;I624;SERDIANA;NonCap;S
Nord Ovest;Lombardia;MI;I625;SEREGNO;NonCap;L
Nord Est;Veneto;BL;I626;SEREN DEL GRAPPA;NonCap;S
Nord Ovest;Lombardia;CR;I627;SERGNANO;NonCap;S
Nord Ovest;Lombardia;BG;I628;SERIATE;NonCap;L
Nord Ovest;Lombardia;BG;I629;SERINA;NonCap;S
Sud;Campania;AV;I630;SERINO;NonCap;S
Nord Ovest;Lombardia;BS;I631;SERLE;NonCap;S
Nord Ovest;Lombardia;MN;I632;SERMIDE E FELONICA;NonCap;S
Nord Ovest;Lombardia;BS;I633;SIRMIONE;NonCap;L
Centro;Lazio;LT;I634;SERMONETA;NonCap;S
Nord Est;Veneto;TV;I635;SERNAGLIA D BATTAGLIA;NonCap;S
Nord Ovest;Lombardia;SO;I636;SERNIO;NonCap;S
Nord Ovest;Piemonte;AT;I637;SEROLE;NonCap;S
Sud;Calabria;VV;I639;SERRA SAN BRUNO;NonCap;S
Nord Ovest;Liguria;GE;I640;SERRA RICCO`;NonCap;S
Sud;Puglia;FG;I641;SERRACAPRIOLA;NonCap;S
Sud;Calabria;CS;I642;SERRA D`AIELLO;NonCap;S
Centro;Marche;AN;I643;SERRA DE` CONTI;NonCap;S
Isole;Sicilia;CL;I644;SERRADIFALCO;NonCap;S
Nord Ovest;Piemonte;AL;I645;SERRALUNGA DI CREA;NonCap;S
Nord Ovest;Piemonte;CN;I646;SERRALUNGA D`ALBA;NonCap;S
Isole;Sardegna;CA;I647;SERRAMANNA;NonCap;S
Sud;Campania;SA;I648;SERRAMEZZANA;NonCap;S
Sud;Abruzzo;PE;I649;SERRAMONACESCA;NonCap;S
Centro;Marche;MC;I651;SERRAPETRONA;NonCap;S
Sud;Campania;NA;I652;SERRARA FONTANA;NonCap;S
Centro;Marche;AN;I653;SERRA SAN QUIRICO;NonCap;S
Centro;Marche;PS;I654;SERRA SANT`ABBONDIO;NonCap;S
Sud;Calabria;CZ;I655;SERRASTRETTA;NonCap;S
Sud;Calabria;RC;I656;SERRATA;NonCap;S
Nord Ovest;Piemonte;AL;I657;SERRAVALLE SCRIVIA;NonCap;S
Nord Ovest;Piemonte;CN;I659;SERRAVALLE LANGHE;NonCap;S
Centro;Toscana;PT;I660;SERRAVALLE PISTOIESE;NonCap;S
Centro;Marche;MC;I661;SERRAVALLE DI CHIENTI;NonCap;S
Nord Ovest;Lombardia;MN;I662;SERRAVALLE A PO;NonCap;S
Nord Ovest;Piemonte;VC;I663;SERRAVALLE SESIA;NonCap;S
Sud;Campania;SA;I666;SERRE;NonCap;S
Isole;Sardegna;CA;I667;SERRENTI;NonCap;S
Isole;Sardegna;NU;I668;SERRI;NonCap;S
Centro;Lazio;FR;I669;SERRONE;NonCap;S
Sud;Calabria;CZ;I671;SERSALE;NonCap;S
Nord Est;Veneto;BL;I673;SOVRAMONTE;NonCap;S
Sud;Campania;CE;I676;SESSA AURUNCA;NonCap;M
Sud;Campania;SA;I677;SESSA CILENTO;NonCap;S
Nord Ovest;Piemonte;AT;I678;SESSAME;NonCap;S
Sud;Molise;IS;I679;SESSANO DEL MOLISE;NonCap;S
Centro;Toscana;AR;I681;SESTINO;NonCap;S
Sud;Molise;IS;I682;SESTO CAMPANO;NonCap;S
Nord Ovest;Lombardia;CR;I683;SESTO ED UNITI;NonCap;S
Centro;Toscana;FI;I684;SESTO FIORENTINO;NonCap;L
Nord Est;Friuli- Venezia Giulia;PN;I686;SESTO AL REGHENA;NonCap;S
Nord Ovest;Lombardia;VA;I688;SESTO CALENDE;NonCap;S
Nord Est;Emilia-Romagna;MO;I689;SESTOLA;NonCap;S
Nord Ovest;Lombardia;MI;I690;SESTO SAN GIOVANNI;NonCap;L
Nord Ovest;Piemonte;TO;I692;SESTRIERE;NonCap;M
Nord Ovest;Liguria;GE;I693;SESTRI LEVANTE;NonCap;L
Isole;Sardegna;CA;I695;SESTU;NonCap;M
Nord Ovest;Lombardia;MI;I696;SETTALA;NonCap;S
Centro;Lazio;FR;I697;SETTEFRATI;NonCap;S
Nord Ovest;Piemonte;AT;I698;SETTIME;NonCap;S
Isole;Sardegna;CA;I699;SETTIMO SAN PIETRO;NonCap;S
Nord Ovest;Lombardia;MI;I700;SETTIMO MILANESE;NonCap;M
Nord Ovest;Piemonte;TO;I701;SETTIMO ROTTARO;NonCap;S
Nord Ovest;Piemonte;TO;I702;SETTIMO VITTONE;NonCap;S
Nord Ovest;Piemonte;TO;I703;SETTIMO TORINESE;NonCap;L
Sud;Calabria;CZ;I704;SETTINGIANO;NonCap;S
Isole;Sardegna;CA;I705;SETZU;NonCap;S
Isole;Sardegna;NU;I706;SEUI;NonCap;S
Isole;Sardegna;NU;I707;SEULO;NonCap;S
Nord Ovest;Lombardia;MI;I709;SEVESO;NonCap;M
Nord Ovest;Piemonte;AL;I711;SEZZADIO;NonCap;S
Centro;Lazio;LT;I712;SEZZE;NonCap;S
Centro;Lazio;FR;I716;SGURGOLA;NonCap;S
Isole;Sardegna;OR;I717;SIAMAGGIORE;NonCap;S
Isole;Sardegna;OR;I718;SIAMANNA;NonCap;S
Sud;Campania;SA;I720;SIANO;NonCap;S
Isole;Sardegna;OR;I721;SIAPICCIA;NonCap;S
Isole;Sicilia;AG;I723;SICULIANA;NonCap;S
Isole;Sardegna;CA;I724;SIDDI;NonCap;S
Sud;Calabria;RC;I725;SIDERNO;NonCap;S
Centro;Toscana;SI;I726;SIENA;cap;L
Centro;Umbria;PG;I727;SIGILLO;NonCap;S
Centro;Toscana;FI;I728;SIGNA;NonCap;M
Isole;Sardegna;NU;I730;SILANUS;NonCap;S
Isole;Sardegna;SS;I732;SILIGO;NonCap;S
Isole;Sardegna;CA;I734;SILIQUA;NonCap;S
Isole;Sardegna;CA;I735;SILIUS;NonCap;S
Nord Ovest;Piemonte;NO;I736;SILLAVENGO;NonCap;S
Nord Ovest;Piemonte;AL;I738;SILVANO D`ORBA;NonCap;S
Nord Ovest;Lombardia;PV;I739;SILVANO PIETRA;NonCap;S
Sud;Abruzzo;TE;I741;SILVI;NonCap;M
Isole;Sardegna;OR;I742;SIMALA;NonCap;S
Isole;Sardegna;OR;I743;SIMAXIS;NonCap;S
Sud;Calabria;VV;I744;SIMBARIO;NonCap;S
Sud;Calabria;CZ;I745;SIMERI CRICHI;NonCap;S
Isole;Sicilia;ME;I747;SINAGRA;NonCap;S
Isole;Sardegna;NU;I748;SINDIA;NonCap;S
Isole;Sardegna;OR;I749;SINI;NonCap;S
Nord Ovest;Piemonte;CN;I750;SINIO;NonCap;S
Isole;Sardegna;NU;I751;SINISCOLA;NonCap;S
Isole;Sardegna;CA;I752;SINNAI;NonCap;S
Sud;Calabria;RC;I753;SINOPOLI;NonCap;S
Isole;Sicilia;SR;I754;SIRACUSA;cap;L
Sud;Campania;AV;I756;SIRIGNANO;NonCap;S
Isole;Sardegna;OR;I757;SIRIS;NonCap;S
Centro;Marche;AN;I758;SIROLO;NonCap;S
Nord Ovest;Lombardia;LC;I759;SIRONE;NonCap;S
Nord Ovest;Lombardia;LC;I761;SIRTORI;NonCap;S
Isole;Sardegna;CA;I765;SIURGUS DONIGALA;NonCap;S
Nord Ovest;Piemonte;NO;I767;SIZZANO;NonCap;S
Centro;Marche;AP;I774;SMERILLO;NonCap;S
Nord Est;Veneto;VR;I775;SOAVE;NonCap;S
Nord Est;Friuli- Venezia Giulia;UD;I777;SOCCHIEVE;NonCap;S
Isole;Sardegna;OR;I778;SODDI;NonCap;S
Nord Est;Emilia-Romagna;FO;I779;SOGLIANO AL RUBICONE;NonCap;S
Sud;Puglia;LE;I780;SOGLIANO CAVOUR;NonCap;S
Nord Ovest;Piemonte;AT;I781;SOGLIO;NonCap;S
Nord Ovest;Lombardia;BS;I782;SOIANO DEL LAGO;NonCap;S
Nord Est;Veneto;VI;I783;SOLAGNA;NonCap;S
Isole;Sicilia;SR;I785;SOLARINO;NonCap;S
Nord Ovest;Lombardia;MI;I786;SOLARO;NonCap;M
Nord Est;Emilia-Romagna;RA;I787;SOLAROLO;NonCap;S
Nord Ovest;Lombardia;CR;I790;SOLAROLO RAINERIO;NonCap;S
Isole;Sardegna;OR;I791;SOLARUSSA;NonCap;S
Nord Ovest;Lombardia;VA;I793;SOLBIATE ARNO;NonCap;S
Nord Ovest;Lombardia;VA;I794;SOLBIATE OLONA;NonCap;S
Nord Ovest;Liguria;IM;I796;SOLDANO;NonCap;S
Isole;Sardegna;CA;I797;SOLEMINIS;NonCap;S
Nord Ovest;Piemonte;AL;I798;SOLERO;NonCap;S
Nord Est;Veneto;PD;I799;SOLESINO;NonCap;S
Sud;Puglia;LE;I800;SOLETO;NonCap;S
Nord Ovest;Lombardia;MN;I801;SOLFERINO;NonCap;S
Nord Est;Emilia-Romagna;MO;I802;SOLIERA;NonCap;S
Nord Est;Emilia-Romagna;PR;I803;SOLIGNANO;NonCap;S
Sud;Abruzzo;AQ;I804;SULMONA;NonCap;S
Sud;Campania;AV;I805;SOLOFRA;NonCap;S
Nord Ovest;Piemonte;AL;I808;SOLONGHELLO;NonCap;S
Sud;Campania;BN;I809;SOLOPACA;NonCap;S
Nord Ovest;Lombardia;BG;I812;SOLTO COLLINA;NonCap;S
Nord Ovest;Lombardia;BG;I813;SOLZA;NonCap;S
Nord Ovest;Lombardia;LO;I815;SOMAGLIA;NonCap;S
Nord Ovest;Piemonte;CN;I817;SOMANO;NonCap;S
Nord Ovest;Lombardia;VA;I819;SOMMA LOMBARDO;NonCap;M
Sud;Campania;NA;I820;SOMMA VESUVIANA;NonCap;S
Nord Est;Veneto;VR;I821;SOMMACAMPAGNA;NonCap;S
Nord Ovest;Piemonte;CN;I822;SOMMARIVA DEL BOSCO;NonCap;S
Nord Ovest;Piemonte;CN;I823;SOMMARIVA PERNO;NonCap;S
Isole;Sicilia;CL;I824;SOMMATINO;NonCap;S
Nord Ovest;Lombardia;PV;I825;SOMMO;NonCap;S
Nord Est;Veneto;VR;I826;SONA;NonCap;M
Nord Ovest;Lombardia;CR;I827;SONCINO;NonCap;S
Nord Ovest;Lombardia;SO;I828;SONDALO;NonCap;S
Nord Ovest;Lombardia;SO;I829;SONDRIO;cap;M
Nord Ovest;Lombardia;BG;I830;SONGAVAZZO;NonCap;S
Nord Ovest;Lombardia;BS;I831;SONICO;NonCap;S
Centro;Lazio;LT;I832;SONNINO;NonCap;S
Centro;Lazio;FR;I838;SORA;NonCap;M
Nord Est;Emilia-Romagna;PR;I840;SORAGNA;NonCap;S
Centro;Toscana;GR;I841;SORANO;NonCap;S
Sud;Campania;AV;I843;SORBO SERPICO;NonCap;S
Sud;Calabria;CZ;I844;SORBO SAN BASILE;NonCap;S
Nord Ovest;Piemonte;BI;I847;SORDEVOLO;NonCap;S
Nord Ovest;Lombardia;LO;I848;SORDIO;NonCap;S
Nord Ovest;Lombardia;CR;I849;SORESINA;NonCap;S
Nord Est;Veneto;VR;I850;SORGA`;NonCap;S
Isole;Sardegna;NU;I851;SORGONO;NonCap;S
Nord Ovest;Liguria;GE;I852;SORI;NonCap;S
Sud;Calabria;VV;I853;SORIANELLO;NonCap;S
Sud;Calabria;VV;I854;SORIANO CALABRO;NonCap;S
Centro;Lazio;VT;I855;SORIANO NEL CIMINO;NonCap;S
Nord Ovest;Lombardia;CO;I856;SORICO;NonCap;S
Nord Ovest;Piemonte;NO;I857;SORISO;NonCap;S
Nord Ovest;Lombardia;BG;I858;SORISOLE;NonCap;S
Nord Ovest;Lombardia;CO;I860;SORMANO;NonCap;S
Isole;Sardegna;OR;I861;SORRADILE;NonCap;S
Sud;Campania;NA;I862;SORRENTO;NonCap;M
Isole;Sardegna;SS;I863;SORSO;NonCap;S
Isole;Sicilia;SR;I864;SORTINO;NonCap;S
Nord Ovest;Lombardia;CR;I865;SOSPIRO;NonCap;S
Nord Est;Veneto;BL;I866;SOSPIROLO;NonCap;S
Nord Est;Veneto;VI;I867;SOSSANO;NonCap;S
Nord Ovest;Piemonte;BI;I868;SOSTEGNO;NonCap;S
Nord Ovest;Lombardia;BG;I869;SOTTO IL MONTE G XXIII;NonCap;S
Sud;Calabria;CZ;I872;SOVERATO;NonCap;S
Nord Ovest;Lombardia;BG;I873;SOVERE;NonCap;S
Sud;Calabria;CZ;I874;SOVERIA MANNELLI;NonCap;S
Sud;Calabria;CZ;I875;SOVERIA SIMERI;NonCap;S
Nord Est;Veneto;BL;I876;SOVERZENE;NonCap;S
Centro;Toscana;SI;I877;SOVICILLE;NonCap;M
Nord Ovest;Lombardia;MI;I878;SOVICO;NonCap;S
Nord Ovest;Piemonte;NO;I880;SOZZAGO;NonCap;S
Isole;Sicilia;ME;I881;SPADAFORA;NonCap;S
Sud;Calabria;VV;I884;SPADOLA;NonCap;S
Sud;Campania;CE;I885;SPARANISE;NonCap;S
Nord Ovest;Piemonte;TO;I886;SPARONE;NonCap;S
Sud;Puglia;LE;I887;SPECCHIA;NonCap;S
Centro;Umbria;PG;I888;SPELLO;NonCap;S
Isole;Sicilia;EN;I891;SPERLINGA;NonCap;S
Centro;Lazio;LT;I892;SPERLONGA;NonCap;S
Sud;Campania;AV;I893;SPERONE;NonCap;S
Nord Ovest;Lombardia;PV;I894;SPESSA;NonCap;S
Sud;Calabria;CS;I895;SPEZZANO ALBANESE;NonCap;S
Sud;Calabria;CS;I896;SPEZZANO DELLA SILA;NonCap;S
Nord Ovest;Piemonte;AL;I901;SPIGNO MONFERRATO;NonCap;S
Centro;Lazio;LT;I902;SPIGNO SATURNIA;NonCap;S
Nord Est;Emilia-Romagna;MO;I903;SPILAMBERTO;NonCap;S
Nord Est;Friuli- Venezia Giulia;PN;I904;SPILIMBERGO;NonCap;S
Sud;Calabria;VV;I905;SPILINGA;NonCap;S
Nord Ovest;Lombardia;CR;I906;SPINADESCO;NonCap;S
Sud;Puglia;BA;I907;SPINAZZOLA;NonCap;S
Nord Est;Veneto;VE;I908;SPINEA;NonCap;L
Nord Ovest;Lombardia;CR;I909;SPINEDA;NonCap;S
Sud;Molise;CB;I910;SPINETE;NonCap;S
Nord Ovest;Piemonte;AL;I911;SPINETO SCRIVIA;NonCap;S
Centro;Marche;AP;I912;SPINETOLI;NonCap;S
Nord Ovest;Lombardia;CR;I914;SPINO D`ADDA;NonCap;S
Nord Ovest;Lombardia;BG;I916;SPINONE AL LAGO;NonCap;S
Sud;Basilicata;PZ;I917;SPINOSO;NonCap;S
Nord Ovest;Lombardia;BG;I919;SPIRANO;NonCap;S
Centro;Umbria;PG;I921;SPOLETO;NonCap;M
Sud;Abruzzo;PE;I922;SPOLTORE;NonCap;M
Sud;Puglia;LE;I923;SPONGANO;NonCap;S
Nord Ovest;Liguria;SV;I926;SPOTORNO;NonCap;M
Nord Est;Veneto;TV;I927;SPRESIANO;NonCap;S
Nord Ovest;Lombardia;SO;I928;SPRIANA;NonCap;S
Sud;Calabria;CZ;I929;SQUILLACE;NonCap;S
Sud;Puglia;LE;I930;SQUINZANO;NonCap;S
Centro;Marche;AN;I932;STAFFOLO;NonCap;S
Nord Ovest;Lombardia;CR;I935;STAGNO LOMBARDO;NonCap;S
Sud;Calabria;RC;I936;STAITI;NonCap;S
Sud;Calabria;CZ;I937;STALETTI;NonCap;S
Nord Est;Veneto;PD;I938;STANGHELLA;NonCap;S
Nord Ovest;Piemonte;AL;I941;STAZZANO;NonCap;S
Centro;Toscana;LU;I942;STAZZEMA;NonCap;S
Nord Ovest;Lombardia;CO;I943;STAZZONA;NonCap;S
Sud;Calabria;VV;I945;STEFANACONI;NonCap;S
Nord Ovest;Liguria;SV;I946;STELLA;NonCap;S
Nord Ovest;Liguria;SV;I947;STELLANELLO;NonCap;S
Sud;Puglia;LE;I950;STERNATIA;NonCap;S
Nord Ovest;Lombardia;BG;I951;STEZZANO;NonCap;M
Nord Est;Veneto;RO;I953;STIENTA;NonCap;S
Sud;Basilicata;MT;I954;STIGLIANO;NonCap;S
Sud;Calabria;RC;I955;STIGNANO;NonCap;S
Sud;Calabria;RC;I956;STILO;NonCap;S
Centro;Lazio;RI;I959;STIMIGLIANO;NonCap;S
Sud;Campania;SA;I960;STIO;NonCap;S
Sud;Puglia;FG;I962;STORNARA;NonCap;S
Sud;Puglia;FG;I963;STORNARELLA;NonCap;S
Nord Est;Veneto;VE;I965;STRA;NonCap;S
Nord Ovest;Lombardia;PV;I968;STRADELLA;NonCap;S
Nord Ovest;Piemonte;TO;I969;STRAMBINELLO;NonCap;S
Nord Ovest;Piemonte;TO;I970;STRAMBINO;NonCap;S
Centro;Lazio;FR;I973;STRANGOLAGALLI;NonCap;S
Nord Est;Friuli- Venezia Giulia;UD;I974;STREGNA;NonCap;S
Nord Ovest;Piemonte;VB;I976;STRESA;NonCap;M
Nord Ovest;Piemonte;AL;I977;STREVI;NonCap;S
Sud;Campania;NA;I978;STRIANO;NonCap;S
Nord Ovest;Piemonte;BI;I980;STRONA;NonCap;S
Centro;Umbria;TR;I981;STRONCONE;NonCap;S
Sud;Calabria;KR;I982;STRONGOLI;NonCap;S
Nord Ovest;Piemonte;VC;I984;STROPPIANA;NonCap;S
Nord Ovest;Piemonte;CN;I985;STROPPO;NonCap;S
Nord Ovest;Lombardia;BG;I986;STROZZA;NonCap;S
Sud;Campania;AV;I990;STURNO;NonCap;S
Centro;Toscana;AR;I991;SUBBIANO;NonCap;S
Centro;Lazio;RM;I992;SUBIACO;NonCap;S
Sud;Campania;CE;I993;SUCCIVO;NonCap;S
Nord Ovest;Lombardia;LC;I994;SUEGLIO;NonCap;S
Isole;Sardegna;CA;I995;SUELLI;NonCap;S
Nord Ovest;Lombardia;LC;I996;SUELLO;NonCap;S
Nord Ovest;Lombardia;BG;I997;SUISIO;NonCap;S
Nord Ovest;Lombardia;MI;I998;SULBIATE;NonCap;S
Nord Ovest;Lombardia;BS;L002;SULZANO;NonCap;S
Nord Ovest;Lombardia;VA;L003;SUMIRAGO;NonCap;S
Sud;Campania;AV;L004;SUMMONTE;NonCap;S
Isole;Sardegna;NU;L006;SUNI;NonCap;S
Nord Ovest;Piemonte;NO;L007;SUNO;NonCap;S
Sud;Puglia;LE;L008;SUPERSANO;NonCap;S
Centro;Lazio;FR;L009;SUPINO;NonCap;S
Sud;Puglia;LE;L010;SURANO;NonCap;S
Sud;Puglia;LE;L011;SURBO;NonCap;S
Nord Ovest;Piemonte;TO;L013;SUSA;NonCap;S
Nord Est;Veneto;TV;L014;SUSEGANA;NonCap;S
Nord Ovest;Lombardia;MN;L015;SUSTINENTE;NonCap;S
Isole;Sicilia;CL;L016;SUTERA;NonCap;S
Centro;Lazio;VT;L017;SUTRI;NonCap;S
Nord Est;Friuli- Venezia Giulia;UD;L018;SUTRIO;NonCap;S
Centro;Toscana;LI;L019;SUVERETO;NonCap;S
Nord Ovest;Lombardia;MN;L020;SUZZARA;NonCap;M
Nord Ovest;Lombardia;LC;L022;TACENO;NonCap;S
Isole;Sardegna;OR;L023;TADASUNI;NonCap;S
Nord Ovest;Liguria;IM;L024;TAGGIA;NonCap;M
Sud;Abruzzo;AQ;L025;TAGLIACOZZO;NonCap;S
Nord Est;Veneto;RO;L026;TAGLIO DI PO;NonCap;S
Nord Ovest;Piemonte;AL;L027;TAGLIOLO MONFERRATO;NonCap;S
Nord Est;Veneto;BL;L030;TAIBON AGORDINO;NonCap;S
Nord Ovest;Lombardia;VA;L032;TAINO;NonCap;S
Nord Est;Emilia-Romagna;RN;L034;TALAMELLO;NonCap;S
Nord Ovest;Lombardia;SO;L035;TALAMONA;NonCap;S
Isole;Sardegna;NU;L036;TALANA;NonCap;S
Nord Ovest;Lombardia;BG;L037;TALEGGIO;NonCap;S
Centro;Toscana;AR;L038;TALLA;NonCap;S
Nord Est;Friuli- Venezia Giulia;UD;L039;TALMASSONS;NonCap;S
Nord Est;Veneto;BL;L040;TAMBRE;NonCap;S
Isole;Sicilia;ME;L042;TAORMINA;NonCap;S
Centro;Lazio;RI;L046;TARANO;NonCap;S
Sud;Abruzzo;CH;L047;TARANTA PELIGNA;NonCap;S
Nord Ovest;Piemonte;CN;L048;TARANTASCA;NonCap;S
Sud;Puglia;TA;L049;TARANTO;cap;L
Nord Est;Friuli- Venezia Giulia;UD;L050;TARCENTO;NonCap;S
Sud;Calabria;CS;L055;TARSIA;NonCap;S
Nord Ovest;Lombardia;SO;L056;TARTANO;NonCap;S
Nord Est;Veneto;TV;L058;TARZO;NonCap;S
Nord Ovest;Piemonte;AL;L059;TASSAROLO;NonCap;S
Sud;Campania;AV;L061;TAURANO;NonCap;S
Sud;Campania;AV;L062;TAURASI;NonCap;S
Sud;Calabria;RC;L063;TAURIANOVA;NonCap;S
Sud;Puglia;LE;L064;TAURISANO;NonCap;S
Nord Est;Friuli- Venezia Giulia;UD;L065;TAVAGNACCO;NonCap;M
Nord Ovest;Piemonte;TO;L066;TAVAGNASCO;NonCap;S
Sud;Molise;CB;L069;TAVENNA;NonCap;S
Sud;Calabria;CZ;L070;TAVERNA;NonCap;S
Nord Ovest;Lombardia;CO;L071;TAVERNERIO;NonCap;S
Nord Ovest;Lombardia;BG;L073;TAVERNOLA BERGAMASCA;NonCap;S
Sud;Puglia;LE;L074;TAVIANO;NonCap;S
Nord Ovest;Piemonte;BI;L075;TAVIGLIANO;NonCap;S
Centro;Marche;PS;L078;TAVOLETO;NonCap;S
Centro;Marche;PS;L081;TAVULLIA;NonCap;S
Sud;Basilicata;PZ;L082;TEANA;NonCap;S
Sud;Campania;CE;L083;TEANO;NonCap;S
Nord Ovest;Lombardia;SO;L084;TEGLIO;NonCap;S
Nord Est;Veneto;VE;L085;TEGLIO VENETO;NonCap;S
Sud;Campania;BN;L086;TELESE TERME;NonCap;S
Nord Ovest;Lombardia;BG;L087;TELGATE;NonCap;S
Isole;Sardegna;SS;L088;TELTI;NonCap;S
Isole;Sardegna;SS;L093;TEMPIO PAUSANIA;NonCap;S
Nord Ovest;Lombardia;BS;L094;TEMU`;NonCap;S
Nord Est;Veneto;PD;L100;TEOLO;NonCap;S
Sud;Campania;AV;L102;TEORA;NonCap;S
Sud;Abruzzo;TE;L103;TERAMO;cap;L
Nord Ovest;Piemonte;NO;L104;TERDOBBIATE;NonCap;S
Centro;Lazio;FR;L105;TERELLE;NonCap;S
Sud;Puglia;BA;L109;TERLIZZI;NonCap;M
Isole;Sicilia;PA;L112;TERMINI IMERESE;NonCap;M
Sud;Molise;CB;L113;TERMOLI;NonCap;L
Nord Ovest;Lombardia;VA;L115;TERNATE;NonCap;S
Nord Ovest;Piemonte;BI;L116;TERNENGO;NonCap;S
Centro;Umbria;TR;L117;TERNI;cap;L
Nord Ovest;Lombardia;BG;L118;TERNO D`ISOLA;NonCap;S
Centro;Lazio;LT;L120;TERRACINA;NonCap;L
Isole;Sardegna;OR;L122;TERRALBA;NonCap;S
Centro;Toscana;AR;L123;TERRANUOVA BRACCIOLINI;NonCap;S
Sud;Calabria;CS;L124;TERRANOVA DA SIBARI;NonCap;S
Nord Ovest;Lombardia;LO;L125;TERRANOVA PASSERINI;NonCap;S
Sud;Basilicata;PZ;L126;TERRANOVA DI POLLINO;NonCap;S
Sud;Calabria;RC;L127;TERRANOVA SAPPO MINULIO;NonCap;S
Isole;Sicilia;PA;L131;TERRASINI;NonCap;S
Nord Est;Veneto;PD;L132;TERRASSA PADOVANA;NonCap;S
Sud;Calabria;CS;L134;TERRAVECCHIA;NonCap;S
Nord Est;Veneto;VR;L136;TERRAZZO;NonCap;S
Centro;Toscana;PI;L138;TERRICCIOLA;NonCap;S
Nord Ovest;Piemonte;AL;L139;TERRUGGIA;NonCap;S
Isole;Sardegna;NU;L140;TERTENIA;NonCap;S
Sud;Campania;NA;L142;TERZIGNO;NonCap;S
Nord Ovest;Piemonte;AL;L143;TERZO;NonCap;S
Nord Ovest;Liguria;IM;L146;TERZORIO;NonCap;S
Centro;Lazio;VT;L150;TESSENNANO;NonCap;S
Nord Ovest;Liguria;SV;L152;TESTICO;NonCap;S
Isole;Sardegna;NU;L153;TETI;NonCap;S
Isole;Sardegna;CA;L154;TEULADA;NonCap;S
Sud;Campania;CE;L155;TEVEROLA;NonCap;S
Nord Est;Veneto;VI;L156;TEZZE SUL BRENTA;NonCap;S
Nord Est;Veneto;VI;L157;THIENE;NonCap;M
Isole;Sardegna;SS;L158;THIESI;NonCap;S
Isole;Sardegna;NU;L160;TIANA;NonCap;S
Nord Ovest;Lombardia;CR;L164;TICENGO;NonCap;S
Nord Ovest;Piemonte;AL;L165;TICINETO;NonCap;S
Sud;Puglia;LE;L166;TIGGIANO;NonCap;S
Nord Ovest;Liguria;GE;L167;TIGLIETO;NonCap;S
Nord Ovest;Piemonte;AT;L168;TIGLIOLE D`ASTI;NonCap;S
Nord Ovest;Lombardia;BS;L169;TIGNALE;NonCap;S
Isole;Sardegna;NU;L172;TINNURA;NonCap;S
Sud;Abruzzo;AQ;L173;TIONE DEGLI ABRUZZI;NonCap;S
Nord Ovest;Lombardia;SO;L175;TIRANO;NonCap;S
Sud;Calabria;CZ;L177;TIRIOLO;NonCap;S
Isole;Sardegna;SS;L180;TISSI;NonCap;S
Sud;Basilicata;PZ;L181;TITO;NonCap;S
Centro;Lazio;RM;L182;TIVOLI;NonCap;L
Nord Est;Emilia-Romagna;PR;L183;TIZZANO VAL PARMA;NonCap;S
Nord Est;Emilia-Romagna;RE;L184;TOANO;NonCap;S
Sud;Campania;BN;L185;TOCCO CAUDIO;NonCap;S
Sud;Abruzzo;PE;L186;TOCCO DA CASAURIA;NonCap;S
Nord Ovest;Piemonte;VB;L187;TOCENO;NonCap;S
Centro;Umbria;PG;L188;TODI;NonCap;M
Centro;Lazio;RI;L189;TOFFIA;NonCap;S
Nord Ovest;Liguria;SV;L190;TOIRANO;NonCap;S
Centro;Marche;MC;L191;TOLENTINO;NonCap;S
Centro;Lazio;RM;L192;TOLFA;NonCap;S
Nord Ovest;Piemonte;BI;L193;TOLLEGNO;NonCap;S
Sud;Abruzzo;CH;L194;TOLLO;NonCap;S
Nord Est;Friuli- Venezia Giulia;UD;L195;TOLMEZZO;NonCap;S
Sud;Basilicata;PZ;L197;TOLVE;NonCap;S
Nord Est;Veneto;PD;L199;TOMBOLO;NonCap;S
Isole;Sardegna;NU;L202;TONARA;NonCap;S
Nord Ovest;Piemonte;AT;L203;TONCO;NonCap;S
Sud;Campania;CE;L205;TORA E PICCILLI;NonCap;S
Sud;Calabria;CS;L206;TORANO CASTELLO;NonCap;S
Sud;Abruzzo;TE;L207;TORANO NUOVO;NonCap;S
Nord Ovest;Lombardia;BS;L210;TORBOLE CASAGLIA;NonCap;S
Sud;Campania;SA;L212;TORCHIARA;NonCap;S
Sud;Puglia;BR;L213;TORCHIAROLO;NonCap;S
Sud;Campania;AV;L214;TORELLA DE` LOMBARDI;NonCap;S
Sud;Molise;CB;L215;TORELLA DEL SANNIO;NonCap;S
Centro;Umbria;PG;L216;TORGIANO;NonCap;S
Nord Ovest;Valle d'Aosta;AO;L217;TORGNON;NonCap;S
Sud;Abruzzo;CH;L218;TORINO DI SANGRO;NonCap;S
Nord Ovest;Piemonte;TO;L219;TORINO;cap;XL
Sud;Puglia;BA;L220;TORITTO;NonCap;S
Nord Ovest;Lombardia;CR;L221;TORLINO VIMERCATI;NonCap;S
Nord Ovest;Piemonte;NO;L223;TORNACO;NonCap;S
Sud;Abruzzo;CH;L224;TORNARECCIO;NonCap;S
Nord Ovest;Lombardia;CR;L225;TORNATA;NonCap;S
Sud;Abruzzo;AQ;L227;TORNIMPARTE;NonCap;S
Nord Ovest;Lombardia;CO;L228;TORNO;NonCap;S
Nord Est;Emilia-Romagna;PR;L229;TORNOLO;NonCap;S
Sud;Molise;CB;L230;TORO;NonCap;S
Isole;Sardegna;NU;L231;TORPE`;NonCap;S
Sud;Campania;SA;L233;TORRACA;NonCap;S
Isole;Sardegna;SS;L235;TORRALBA;NonCap;S
Nord Ovest;Lombardia;PV;L237;TORRAZZA COSTE;NonCap;S
Nord Ovest;Piemonte;TO;L238;TORRAZZA PIEMONTE;NonCap;S
Nord Ovest;Piemonte;BI;L239;TORRAZZO;NonCap;S
Sud;Calabria;CZ;L240;TORRE DI RUGGIERO;NonCap;S
Nord Ovest;Piemonte;CN;L241;TORRE MONDOVI;NonCap;S
Centro;Lazio;FR;L243;TORRE CAJETANI;NonCap;S
Nord Ovest;Lombardia;SO;L244;TORRE DI SANTA MARIA;NonCap;S
Sud;Campania;NA;L245;TORRE ANNUNZIATA;NonCap;M
Nord Est;Friuli- Venezia Giulia;UD;L246;TORREANO;NonCap;S
Nord Ovest;Piemonte;TO;L247;TORRE CANAVESE;NonCap;S
Nord Est;Veneto;VI;L248;TORREBELVICINO;NonCap;S
Nord Ovest;Lombardia;PV;L250;TORRE B CASTELLARO;NonCap;S
Nord Ovest;Lombardia;BG;L251;TORRE BOLDONE;NonCap;M
Nord Ovest;Piemonte;CN;L252;TORRE BORMIDA;NonCap;S
Sud;Abruzzo;CH;L253;TORREBRUNA;NonCap;S
Sud;Campania;BN;L254;TORRECUSO;NonCap;S
Nord Ovest;Lombardia;PV;L256;TORRE D`ARESE;NonCap;S
Nord Ovest;Lombardia;BG;L257;TORRE DE` BUSI;NonCap;S
Nord Ovest;Lombardia;CR;L258;TORRE DE PICENARDI;NonCap;S
Sud;Campania;NA;L259;TORRE DEL GRECO;NonCap;L
Nord Ovest;Lombardia;PV;L262;TORRE DEI NEGRI;NonCap;S
Sud;Abruzzo;PE;L263;TORRE DE` PASSERI;NonCap;S
Nord Ovest;Lombardia;BG;L265;TORRE DE` ROVERI;NonCap;S
Nord Est;Veneto;VE;L267;TORRE DI MOSTO;NonCap;S
Nord Ovest;Lombardia;PV;L269;TORRE D`ISOLA;NonCap;S
Nord Est;Veneto;PD;L270;TORREGLIA;NonCap;S
Isole;Sicilia;ME;L271;TORREGROTTA;NonCap;S
Sud;Campania;AV;L272;TORRE LE NOCELLE;NonCap;S
Sud;Puglia;FG;L273;TORREMAGGIORE;NonCap;S
Sud;Campania;SA;L274;TORRE ORSAIA;NonCap;S
Nord Ovest;Lombardia;BG;L276;TORRE PALLAVICINA;NonCap;S
Nord Ovest;Piemonte;TO;L277;TORRE PELLICE;NonCap;S
Nord Ovest;Piemonte;CN;L278;TORRE SAN GIORGIO;NonCap;S
Centro;Marche;AP;L279;TORRE SAN PATRIZIO;NonCap;S
Sud;Puglia;BR;L280;TORRE SANTA SUSANNA;NonCap;S
Nord Ovest;Piemonte;CN;L281;TORRESINA;NonCap;S
Isole;Sicilia;PA;L282;TORRETTA;NonCap;S
Sud;Abruzzo;CH;L284;TORREVECCHIA TEATINA;NonCap;S
Nord Ovest;Lombardia;PV;L285;TORREVECCHIA PIA;NonCap;S
Centro;Lazio;RI;L286;TORRI IN SABINA;NonCap;S
Nord Est;Veneto;VR;L287;TORRI DEL BENACO;NonCap;M
Centro;Lazio;FR;L290;TORRICE;NonCap;S
Sud;Abruzzo;CH;L291;TORRICELLA PELIGNA;NonCap;S
Nord Ovest;Lombardia;PV;L292;TORRICELLA VERZATE;NonCap;S
Centro;Lazio;RI;L293;TORRICELLA IN SABINA;NonCap;S
Sud;Puglia;TA;L294;TORRICELLA;NonCap;S
Sud;Abruzzo;TE;L295;TORRICELLA SICURA;NonCap;S
Nord Ovest;Lombardia;CR;L296;TORRICELLA DEL PIZZO;NonCap;S
Nord Est;Veneto;VI;L297;TORRI DI QUARTESOLO;NonCap;S
Nord Ovest;Liguria;GE;L298;TORRIGLIA;NonCap;S
Nord Est;Emilia-Romagna;PR;L299;TORRILE;NonCap;S
Sud;Campania;AV;L301;TORRIONI;NonCap;S
Centro;Lazio;RM;L302;TORRITA TIBERINA;NonCap;S
Centro;Toscana;SI;L303;TORRITA DI SIENA;NonCap;S
Nord Ovest;Piemonte;AL;L304;TORTONA;NonCap;M
Sud;Calabria;CS;L305;TORTORA;NonCap;S
Sud;Campania;SA;L306;TORTORELLA;NonCap;S
Sud;Abruzzo;TE;L307;TORTORETO;NonCap;M
Isole;Sicilia;ME;L308;TORTORICI;NonCap;S
Nord Est;Friuli- Venezia Giulia;UD;L309;TORVISCOSA;NonCap;S
Centro;Lazio;VT;L310;TUSCANIA;NonCap;S
Nord Ovest;Lombardia;BS;L312;TOSCOLANO MADERNO;NonCap;M
Sud;Abruzzo;TE;L314;TOSSICIA;NonCap;S
Nord Ovest;Liguria;SV;L315;TOVO SAN GIACOMO;NonCap;S
Nord Ovest;Lombardia;SO;L316;TOVO DI SANT'AGATA;NonCap;S
Isole;Sicilia;PA;L317;TRABIA;NonCap;S
Nord Ovest;Lombardia;VA;L319;TRADATE;NonCap;M
Isole;Sardegna;OR;L321;TRAMATZA;NonCap;S
Sud;Campania;SA;L323;TRAMONTI;NonCap;S
Nord Est;Friuli- Venezia Giulia;PN;L324;TRAMONTI DI SOPRA;NonCap;S
Nord Est;Friuli- Venezia Giulia;PN;L325;TRAMONTI DI SOTTO;NonCap;S
Sud;Basilicata;PZ;L326;TRAMUTOLA;NonCap;S
Nord Ovest;Piemonte;TO;L327;TRANA;NonCap;S
Sud;Puglia;BA;L328;TRANI;NonCap;L
Nord Ovest;Lombardia;SO;L330;TRAONA;NonCap;S
Isole;Sicilia;TP;L331;TRAPANI;cap;L
Isole;Sicilia;PA;L332;TRAPPETO;NonCap;S
Nord Ovest;Piemonte;VB;L333;TRAREGO VIGGIONA;NonCap;S
Sud;Abruzzo;AQ;L334;TRASACCO;NonCap;S
Nord Est;Friuli- Venezia Giulia;UD;L335;TRASAGHIS;NonCap;S
Nord Ovest;Piemonte;VB;L336;TRASQUERA;NonCap;S
Isole;Sardegna;CA;L337;TRATALIAS;NonCap;S
Nord Ovest;Lombardia;BS;L339;TRAVAGLIATO;NonCap;M
Nord Ovest;Piemonte;TO;L340;TRAVES;NonCap;S
Nord Ovest;Lombardia;VA;L342;TRAVEDONA-MONATE;NonCap;S
Nord Ovest;Piemonte;TO;L345;TRAVERSELLA;NonCap;S
Nord Est;Emilia-Romagna;PR;L346;TRAVERSETOLO;NonCap;S
Nord Est;Friuli- Venezia Giulia;PN;L347;TRAVESIO;NonCap;S
Nord Est;Emilia-Romagna;PC;L348;TRAVO;NonCap;S
Nord Est;Veneto;PD;L349;TREBASELEGHE;NonCap;S
Sud;Calabria;CS;L353;TREBISACCE;NonCap;S
Isole;Sicilia;CT;L355;TRECASTAGNI;NonCap;S
Nord Ovest;Piemonte;NO;L356;TRECATE;NonCap;M
Sud;Basilicata;PZ;L357;TRECCHINA;NonCap;S
Nord Est;Veneto;RO;L359;TRECENTA;NonCap;S
Nord Est;Emilia-Romagna;FO;L361;TREDOZIO;NonCap;S
Sud;Abruzzo;CH;L363;TREGLIO;NonCap;S
Nord Est;Veneto;VR;L364;TREGNAGO;NonCap;S
Centro;Marche;MC;L366;TREIA;NonCap;S
Nord Ovest;Piemonte;CN;L367;TREISO;NonCap;S
Isole;Sicilia;CT;L369;TREMESTIERI ETNEO;NonCap;M
Nord Ovest;Lombardia;BS;L372;TREMOSINE;NonCap;S
Sud;Campania;SA;L377;TRENTINARA;NonCap;S
Sud;Campania;CE;L379;TRENTOLA DUCENTA;NonCap;S
Nord Ovest;Lombardia;BS;L380;TRENZANO;NonCap;S
Nord Est;Friuli- Venezia Giulia;UD;L382;TREPPO GRANDE;NonCap;S
Sud;Puglia;LE;L383;TREPUZZI;NonCap;S
Centro;Toscana;SI;L384;TREQUANDA;NonCap;S
Centro;Toscana;MS;L386;TRESANA;NonCap;S
Nord Ovest;Lombardia;BG;L388;TRESCORE BALNEARIO;NonCap;S
Nord Ovest;Lombardia;CR;L389;TRESCORE CREMASCO;NonCap;S
Nord Ovest;Lombardia;SO;L392;TRESIVIO;NonCap;S
Isole;Sardegna;OR;L393;TRESNURAGHES;NonCap;S
Nord Est;Veneto;VR;L396;TREVENZUOLO;NonCap;S
Centro;Umbria;PG;L397;TREVI;NonCap;S
Centro;Lazio;FR;L398;TREVI NEL LAZIO;NonCap;S
Sud;Campania;AV;L399;TREVICO;NonCap;S
Nord Ovest;Lombardia;BG;L400;TREVIGLIO;NonCap;L
Centro;Lazio;RM;L401;TREVIGNANO ROMANO;NonCap;S
Nord Est;Veneto;TV;L402;TREVIGNANO;NonCap;S
Nord Ovest;Piemonte;AL;L403;TREVILLE;NonCap;S
Nord Ovest;Lombardia;BG;L404;TREVIOLO;NonCap;M
Nord Ovest;Lombardia;BS;L406;TREVISO BRESCIANO;NonCap;S
Nord Est;Veneto;TV;L407;TREVISO;cap;L
Nord Ovest;Lombardia;MI;L408;TREZZANO ROSA;NonCap;S
Nord Ovest;Lombardia;MI;L409;TREZZANO SUL NAVIGLIO;NonCap;M
Nord Ovest;Piemonte;CN;L410;TREZZO TINELLA;NonCap;S
Nord Ovest;Lombardia;MI;L411;TREZZO SULL`ADDA;NonCap;S
Nord Ovest;Lombardia;CO;L413;TREZZONE;NonCap;S
Nord Est;Veneto;PD;L414;TRIBANO;NonCap;S
Nord Ovest;Lombardia;MI;L415;TRIBIANO;NonCap;S
Nord Ovest;Liguria;GE;L416;TRIBOGNA;NonCap;S
Sud;Basilicata;MT;L418;TRICARICO;NonCap;S
Sud;Puglia;LE;L419;TRICASE;NonCap;S
Nord Ovest;Piemonte;VC;L420;TRICERRO;NonCap;S
Nord Est;Friuli- Venezia Giulia;UD;L421;TRICESIMO;NonCap;S
Isole;Sardegna;NU;L423;TRIEI;NonCap;S
Sud;Puglia;BA;L425;TRIGGIANO;NonCap;M
Nord Ovest;Lombardia;CR;L426;TRIGOLO;NonCap;S
Nord Ovest;Piemonte;CN;L427;TRINITA`;NonCap;S
Isole;Sardegna;SS;L428;TRINITA` AGULTU VIGNOLA;NonCap;S
Nord Ovest;Piemonte;VC;L429;TRINO VERCELLESE;NonCap;S
Nord Ovest;Liguria;IM;L430;TRIORA;NonCap;S
Isole;Sicilia;ME;L431;TRIPI;NonCap;S
Nord Ovest;Piemonte;AL;L432;TRISOBBIO;NonCap;S
Nord Est;Veneto;VI;L433;TRISSINO;NonCap;S
Nord Ovest;Lombardia;MI;L434;TRIUGGIO;NonCap;S
Sud;Molise;CB;L435;TRIVENTO;NonCap;S
Centro;Lazio;FR;L437;TRIVIGLIANO;NonCap;S
Nord Est;Friuli- Venezia Giulia;UD;L438;TRIVIGNANO UDINESE;NonCap;S
Sud;Basilicata;PZ;L439;TRIVIGNO;NonCap;S
Nord Ovest;Lombardia;PV;L440;TRIVOLZIO;NonCap;S
Nord Ovest;Piemonte;TO;L445;TROFARELLO;NonCap;S
Sud;Puglia;FG;L447;TROIA;NonCap;S
Isole;Sicilia;EN;L448;TROINA;NonCap;S
Nord Ovest;Lombardia;PV;L449;TROMELLO;NonCap;S
Nord Ovest;Piemonte;VB;L450;TRONTANO;NonCap;S
Nord Ovest;Piemonte;VC;L451;TRONZANO VERCELLESE;NonCap;S
Sud;Calabria;VV;L452;TROPEA;NonCap;S
Nord Ovest;Lombardia;PV;L453;TROVO;NonCap;S
Nord Ovest;Lombardia;MI;L454;TRUCCAZZANO;NonCap;S
Sud;Molise;CB;L458;TUFARA;NonCap;S
Sud;Abruzzo;CH;L459;TUFILLO;NonCap;S
Sud;Campania;NA;L460;TUFINO;NonCap;S
Sud;Campania;AV;L461;TUFO;NonCap;S
Sud;Puglia;LE;L462;TUGLIE;NonCap;S
Isole;Sardegna;CA;L463;TUILI;NonCap;S
Isole;Sardegna;SS;L464;TULA;NonCap;S
Centro;Umbria;PG;L466;TUORO SUL TRASIMENO;NonCap;S
Nord Ovest;Lombardia;LO;L469;TURANO LODIGIANO;NonCap;S
Nord Ovest;Lombardia;CO;L470;TURATE;NonCap;S
Nord Ovest;Lombardia;MI;L471;TURBIGO;NonCap;S
Sud;Puglia;BA;L472;TURI;NonCap;S
Isole;Sardegna;CA;L473;TURRI;NonCap;S
Sud;Abruzzo;PE;L475;TURRIVALIGNANI;NonCap;S
Sud;Basilicata;MT;L477;TURSI;NonCap;S
Isole;Sicilia;ME;L478;TUSA;NonCap;S
Nord Ovest;Lombardia;VA;L480;UBOLDO;NonCap;S
Isole;Sicilia;ME;L482;UCRIA;NonCap;S
Nord Est;Friuli- Venezia Giulia;UD;L483;UDINE;cap;L
Sud;Puglia;LE;L484;UGENTO;NonCap;S
Sud;Puglia;LE;L485;UGGIANO LA CHIESA;NonCap;S
Isole;Sardegna;OR;L488;ULA` TIRSO;NonCap;S
Isole;Sardegna;NU;L489;ULASSAI;NonCap;S
Sud;Calabria;KR;L492;UMBRIATICO;NonCap;S
Nord Ovest;Lombardia;BS;L494;URAGO D`OGLIO;NonCap;S
Isole;Sardegna;OR;L496;URAS;NonCap;S
Nord Est;Veneto;PD;L497;URBANA;NonCap;S
Centro;Marche;PS;L498;URBANIA;NonCap;S
Nord Ovest;Liguria;SV;L499;URBE;NonCap;S
Centro;Marche;PS;L500;URBINO;NonCap;M
Centro;Marche;MC;L501;URBISAGLIA;NonCap;S
Nord Ovest;Lombardia;BG;L502;URGNANO;NonCap;S
Isole;Sardegna;SS;L503;URI;NonCap;S
Sud;Molise;CB;L505;URURI;NonCap;S
Isole;Sardegna;NU;L506;URZULEI;NonCap;S
Nord Ovest;Liguria;GE;L507;USCIO;NonCap;S
Isole;Sardegna;OR;L508;USELLUS;NonCap;S
Isole;Sardegna;SS;L509;USINI;NonCap;S
Nord Ovest;Lombardia;MI;L511;USMATE VELATE;NonCap;S
Isole;Sardegna;CA;L512;USSANA;NonCap;S
Isole;Sardegna;CA;L513;USSARAMANNA;NonCap;S
Isole;Sardegna;NU;L514;USSASSAI;NonCap;S
Nord Ovest;Piemonte;TO;L515;USSEAUX;NonCap;S
Nord Ovest;Piemonte;TO;L516;USSEGLIO;NonCap;S
Centro;Marche;MC;L517;USSITA;NonCap;S
Isole;Sicilia;PA;L519;USTICA;NonCap;S
Isole;Sardegna;CA;L521;UTA;NonCap;S
Centro;Toscana;PT;L522;UZZANO;NonCap;S
Sud;Calabria;CS;L524;VACCARIZZO ALBANESE;NonCap;S
Centro;Lazio;RI;L525;VACONE;NonCap;S
Sud;Abruzzo;CH;L526;VACRI;NonCap;S
Nord Ovest;Liguria;SV;L528;VADO LIGURE;NonCap;S
Centro;Toscana;FI;L529;VAGLIA;NonCap;S
Nord Ovest;Piemonte;AT;L531;VAGLIO SERRA;NonCap;S
Sud;Basilicata;PZ;L532;VAGLIO BASILICATA;NonCap;S
Centro;Toscana;LU;L533;VAGLI SOTTO;NonCap;S
Nord Ovest;Lombardia;CR;L535;VAIANO CREMASCO;NonCap;S
Centro;Toscana;PO;L537;VAIANO;NonCap;M
Nord Ovest;Piemonte;TO;L538;VAIE;NonCap;S
Nord Ovest;Lombardia;CR;L539;VAILATE;NonCap;S
Sud;Campania;CE;L540;VAIRANO PATENORA;NonCap;S
Nord Ovest;Lombardia;BG;L544;VALBONDIONE;NonCap;S
Nord Ovest;Lombardia;BG;L545;VALBREMBO;NonCap;S
Nord Ovest;Liguria;GE;L546;VALBREVENNA;NonCap;S
Nord Ovest;Lombardia;CO;L547;VALBRONA;NonCap;S
Nord Est;Veneto;VI;L551;VALDAGNO;NonCap;M
Nord Est;Veneto;VI;L554;VALDASTICO;NonCap;S
Nord Ovest;Piemonte;TO;L555;VAL DELLA TORRE;NonCap;S
Nord Ovest;Piemonte;BI;L556;VALDENGO;NonCap;S
Nord Ovest;Lombardia;SO;L557;VALDIDENTRO;NonCap;S
Nord Ovest;Piemonte;CN;L558;VALDIERI;NonCap;S
Isole;Sicilia;ME;L561;VALDINA;NonCap;S
Nord Ovest;Lombardia;PV;L562;VAL DI NIZZA;NonCap;S
Nord Ovest;Lombardia;SO;L563;VALDISOTTO;NonCap;S
Nord Est;Veneto;TV;L565;VALDOBBIADENE;NonCap;S
Nord Ovest;Piemonte;VC;L566;VALDUGGIA;NonCap;S
Nord Est;Veneto;VR;L567;VALEGGIO SUL MINCIO;NonCap;M
Nord Ovest;Lombardia;PV;L568;VALEGGIO;NonCap;S
Centro;Lazio;VT;L569;VALENTANO;NonCap;S
Nord Ovest;Piemonte;AL;L570;VALENZA;NonCap;M
Sud;Puglia;BA;L571;VALENZANO;NonCap;M
Nord Ovest;Lombardia;LO;L572;VALERA FRATTA;NonCap;S
Centro;Umbria;PG;L573;VALFABBRICA;NonCap;S
Nord Ovest;Piemonte;AT;L574;VALFENERA;NonCap;S
Nord Ovest;Lombardia;SO;L576;VALFURVA;NonCap;S
Nord Ovest;Lombardia;VA;L577;VALGANNA;NonCap;S
Nord Ovest;Piemonte;TO;L578;VALGIOIE;NonCap;S
Nord Ovest;Lombardia;BG;L579;VALGOGLIO;NonCap;S
Nord Ovest;Piemonte;CN;L580;VALGRANA;NonCap;S
Nord Ovest;Lombardia;LC;L581;VALGREGHENTINO;NonCap;S
Nord Ovest;Valle d'Aosta;AO;L582;VALGRISENCHE;NonCap;S
Isole;Sicilia;EN;L583;VALGUARNERA CAROPEPE;NonCap;S
Nord Est;Veneto;BL;L584;VALLADA AGORDINA;NonCap;S
Nord Ovest;Piemonte;BI;L586;VALLANZENGO;NonCap;S
Sud;Campania;AV;L589;VALLATA;NonCap;S
Nord Est;Veneto;BL;L590;VALLE DI CADORE;NonCap;S
Sud;Campania;CE;L591;VALLE DI MADDALONI;NonCap;S
Nord Ovest;Lombardia;PV;L593;VALLE LOMELLINA;NonCap;S
Sud;Campania;CE;L594;VALLE AGRICOLA;NonCap;S
Nord Ovest;Liguria;IM;L596;VALLEBONA;NonCap;S
Sud;Abruzzo;TE;L597;VALLE CASTELLANA;NonCap;S
Centro;Lazio;FR;L598;VALLECORSA;NonCap;S
Nord Ovest;Liguria;IM;L599;VALLECROSIA;NonCap;S
Isole;Sicilia;PA;L603;VALLEDOLMO;NonCap;S
Isole;Sardegna;SS;L604;VALLEDORIA;NonCap;S
Centro;Lazio;FR;L605;VALLEMAIO;NonCap;S
Sud;Calabria;VV;L607;VALLELONGA;NonCap;S
Isole;Sicilia;CL;L609;VALLELUNGA PRATAMENO;NonCap;S
Centro;Lazio;RM;L611;VALLEPIETRA;NonCap;S
Centro;Lazio;VT;L612;VALLERANO;NonCap;S
Isole;Sardegna;CA;L613;VALLERMOSA;NonCap;S
Centro;Lazio;FR;L614;VALLEROTONDA;NonCap;S
Sud;Campania;AV;L616;VALLESACCARDA;NonCap;S
Nord Ovest;Lombardia;PV;L617;VALLE SALIMBENE;NonCap;S
Nord Ovest;Piemonte;BI;L620;VALLE SAN NICOLAO;NonCap;S
Nord Ovest;Lombardia;BG;L623;VALLEVE;NonCap;S
Nord Est;Veneto;VI;L624;VALLI DEL PASUBIO;NonCap;S
Centro;Lazio;RM;L625;VALLINFREDA;NonCap;S
Nord Ovest;Lombardia;BS;L626;VALLIO TERME;NonCap;S
Centro;Umbria;PG;L627;VALLO DI NERA;NonCap;S
Sud;Campania;SA;L628;VALLO DELLA LUCANIA;NonCap;S
Nord Ovest;Piemonte;TO;L629;VALLO TORINESE;NonCap;S
Nord Ovest;Piemonte;CN;L631;VALLORIATE;NonCap;S
Nord Ovest;Piemonte;AL;L633;VALMACCA;NonCap;S
Nord Ovest;Lombardia;LC;L634;VALMADRERA;NonCap;S
Nord Ovest;Lombardia;SO;L638;VAL MASINO;NonCap;S
Centro;Lazio;RM;L639;VALMONTONE;NonCap;S
Nord Ovest;Lombardia;CO;L640;VALMOREA;NonCap;S
Nord Est;Emilia-Romagna;PR;L641;VALMOZZOLA;NonCap;S
Nord Ovest;Lombardia;BG;L642;VALNEGRA;NonCap;S
Nord Ovest;Valle d'Aosta;AO;L643;VALPELLINE;NonCap;S
Nord Ovest;Piemonte;TO;L644;VALPERGA;NonCap;S
Nord Ovest;Valle d'Aosta;AO;L647;VALSAVARENCHE;NonCap;S
Nord Ovest;Piemonte;VB;L651;VALSTRONA;NonCap;S
Centro;Umbria;PG;L653;VALTOPINA;NonCap;S
Nord Ovest;Valle d'Aosta;AO;L654;VALTOURNENCHE;NonCap;M
Nord Ovest;Lombardia;BG;L655;VALTORTA;NonCap;S
Sud;Campania;SA;L656;VALVA;NonCap;S
Isole;Sicilia;CT;L658;VALVERDE;NonCap;S
Nord Ovest;Lombardia;MI;L664;VANZAGHELLO;NonCap;S
Nord Ovest;Lombardia;MI;L665;VANZAGO;NonCap;M
Nord Ovest;Piemonte;VB;L666;VANZONE SAN CARLO;NonCap;S
Nord Ovest;Lombardia;MI;L667;VAPRIO D`ADDA;NonCap;M
Nord Ovest;Piemonte;NO;L668;VAPRIO D`AGOGNA;NonCap;S
Nord Ovest;Piemonte;VC;L669;VARALLO;NonCap;S
Nord Ovest;Piemonte;NO;L670;VARALLO POMBIA;NonCap;S
Nord Ovest;Lombardia;VA;L671;VARANO BORGHI;NonCap;S
Nord Est;Emilia-Romagna;PR;L672;VARANO DE` MELEGARI;NonCap;S
Sud;Calabria;RC;L673;VARAPODIO;NonCap;S
Nord Ovest;Liguria;SV;L675;VARAZZE;NonCap;L
Centro;Lazio;RI;L676;VARCO SABINO;NonCap;S
Nord Ovest;Lombardia;MI;L677;VAREDO;NonCap;M
Nord Ovest;Lombardia;LC;L680;VARENNA;NonCap;S
Nord Ovest;Liguria;SP;L681;VARESE LIGURE;NonCap;S
Nord Ovest;Lombardia;VA;L682;VARESE;cap;L
Nord Ovest;Piemonte;TO;L685;VARISELLA;NonCap;S
Nord Est;Friuli- Venezia Giulia;UD;L686;VARMO;NonCap;S
Nord Est;Emilia-Romagna;PR;L689;VARSI;NonCap;S
Nord Ovest;Lombardia;PV;L690;VARZI;NonCap;S
Nord Ovest;Piemonte;VB;L691;VARZO;NonCap;S
Nord Ovest;Liguria;IM;L693;VASIA;NonCap;S
Sud;Molise;IS;L696;VASTOGIRARDI;NonCap;S
Nord Ovest;Piemonte;TO;L698;VAUDA CANAVESE;NonCap;S
Sud;Calabria;VV;L699;VAZZANO;NonCap;S
Nord Est;Veneto;TV;L700;VAZZOLA;NonCap;S
Centro;Toscana;PI;L702;VECCHIANO;NonCap;S
Nord Ovest;Lombardia;VA;L703;VEDANO OLONA;NonCap;S
Nord Ovest;Lombardia;MI;L704;VEDANO AL LAMBRO;NonCap;S
Nord Est;Veneto;TV;L706;VEDELAGO;NonCap;S
Nord Ovest;Lombardia;BG;L707;VEDESETA;NonCap;S
Nord Ovest;Lombardia;MI;L709;VEDUGGIO CON COLZANO;NonCap;S
Nord Est;Veneto;PD;L710;VEGGIANO;NonCap;S
Sud;Puglia;LE;L711;VEGLIE;NonCap;S
Nord Ovest;Piemonte;BI;L712;VEGLIO;NonCap;S
Centro;Lazio;VT;L713;VEIANO;NonCap;S
Nord Ovest;Lombardia;CO;L715;VELESO;NonCap;S
Nord Ovest;Lombardia;PV;L716;VELEZZO LOMELLINA;NonCap;S
Centro;Lazio;RM;L719;VELLETRI;NonCap;L
Nord Ovest;Lombardia;PV;L720;VELLEZZO BELLINI;NonCap;S
Nord Est;Veneto;VR;L722;VELO VERONESE;NonCap;S
Nord Est;Veneto;VI;L723;VELO D`ASTICO;NonCap;S
Sud;Molise;IS;L725;VENAFRO;NonCap;S
Nord Ovest;Piemonte;TO;L726;VENAUS;NonCap;S
Nord Ovest;Piemonte;TO;L727;VENARIA;NonCap;L
Centro;Marche;AP;L728;VENAROTTA;NonCap;S
Nord Ovest;Piemonte;CN;L729;VENASCA;NonCap;S
Nord Ovest;Liguria;SV;L730;VENDONE;NonCap;S
Nord Ovest;Lombardia;VA;L733;VENEGONO INFERIORE;NonCap;S
Nord Ovest;Lombardia;VA;L734;VENEGONO SUPERIORE;NonCap;S
Isole;Sicilia;ME;L735;VENETICO;NonCap;S
Nord Est;Veneto;VE;L736;VENEZIA;cap;XL
Nord Ovest;Lombardia;CO;L737;VENIANO;NonCap;S
Sud;Basilicata;PZ;L738;VENOSA;NonCap;S
Sud;Campania;AV;L739;VENTICANO;NonCap;S
Isole;Sicilia;PA;L740;VENTIMIGLIA DI SICILIA;NonCap;S
Nord Ovest;Liguria;IM;L741;VENTIMIGLIA;NonCap;M
Centro;Lazio;LT;L742;VENTOTENE;NonCap;S
Nord Est;Friuli- Venezia Giulia;UD;L743;VENZONE;NonCap;S
Nord Ovest;Lombardia;MI;L744;VERANO BRIANZA;NonCap;S
Nord Ovest;Piemonte;VB;L746;VERBANIA;cap;L
Sud;Calabria;CS;L747;VERBICARO;NonCap;S
Nord Ovest;Lombardia;CO;L748;VERCANA;NonCap;S
Nord Ovest;Lombardia;SO;L749;VERCEIA;NonCap;S
Nord Ovest;Piemonte;VC;L750;VERCELLI;cap;L
Nord Ovest;Lombardia;LC;L751;VERCURAGO;NonCap;S
Nord Ovest;Lombardia;BG;L752;VERDELLINO;NonCap;S
Nord Ovest;Lombardia;BG;L753;VERDELLO;NonCap;S
Nord Ovest;Piemonte;CN;L758;VERDUNO;NonCap;S
Nord Est;Emilia-Romagna;BO;L762;VERGATO;NonCap;S
Nord Est;Emilia-Romagna;FO;L764;VERGHERETO;NonCap;S
Nord Ovest;Lombardia;VA;L765;VERGIATE;NonCap;S
Nord Ovest;Piemonte;CN;L771;VERNANTE;NonCap;S
Nord Est;Emilia-Romagna;PC;L772;VERNASCA;NonCap;S
Nord Ovest;Lombardia;MI;L773;VERNATE;NonCap;S
Nord Ovest;Liguria;SP;L774;VERNAZZA;NonCap;S
Centro;Toscana;PO;L775;VERNIO;NonCap;S
Sud;Puglia;LE;L776;VERNOLE;NonCap;S
Nord Ovest;Lombardia;BS;L777;VEROLANUOVA;NonCap;S
Nord Ovest;Lombardia;BS;L778;VEROLAVECCHIA;NonCap;S
Nord Ovest;Piemonte;TO;L779;VEROLENGO;NonCap;S
Centro;Lazio;FR;L780;VEROLI;NonCap;S
Nord Est;Veneto;VR;L781;VERONA;cap;XL
Nord Ovest;Valle d'Aosta;AO;L783;VERRAYES;NonCap;S
Nord Ovest;Lombardia;PV;L784;VERRETTO;NonCap;S
Nord Ovest;Piemonte;BI;L785;VERRONE;NonCap;S
Nord Ovest;Piemonte;TO;L787;VERRUA SAVOIA;NonCap;S
Nord Ovest;Lombardia;PV;L788;VERRUA PO;NonCap;S
Nord Ovest;Lombardia;CO;L792;VERTEMATE CON MINOPRIO;NonCap;S
Nord Ovest;Lombardia;BG;L795;VERTOVA;NonCap;S
Nord Est;Emilia-Romagna;RN;L797;VERUCCHIO;NonCap;S
Nord Ovest;Lombardia;SO;L799;VERVIO;NonCap;S
Nord Est;Friuli- Venezia Giulia;UD;L801;VERZEGNIS;NonCap;S
Sud;Calabria;KR;L802;VERZINO;NonCap;S
Nord Ovest;Piemonte;CN;L804;VERZUOLO;NonCap;S
Nord Est;Veneto;PD;L805;VESCOVANA;NonCap;S
Nord Ovest;Lombardia;CR;L806;VESCOVATO;NonCap;S
Nord Ovest;Piemonte;AT;L807;VESIME;NonCap;S
Nord Ovest;Piemonte;NO;L808;VESPOLATE;NonCap;S
Nord Ovest;Liguria;IM;L809;VESSALICO;NonCap;S
Nord Est;Veneto;VR;L810;VESTENANOVA;NonCap;S
Nord Ovest;Piemonte;TO;L811;VESTIGNE`;NonCap;S
Nord Ovest;Lombardia;BS;L812;VESTONE;NonCap;S
Centro;Lazio;VT;L814;VETRALLA;NonCap;S
Nord Est;Emilia-Romagna;RE;L815;VETTO D ENZA;NonCap;S
Nord Ovest;Lombardia;BS;L816;VEZZA D`OGLIO;NonCap;S
Nord Ovest;Piemonte;CN;L817;VEZZA D`ALBA;NonCap;S
Nord Ovest;Liguria;SP;L819;VEZZANO LIGURE;NonCap;S
Nord Est;Emilia-Romagna;RE;L820;VEZZANO SUL CROSTOLO;NonCap;S
Nord Ovest;Liguria;SV;L823;VEZZI PORTIO;NonCap;S
Nord Ovest;Lombardia;MN;L826;VIADANA;NonCap;M
Nord Ovest;Lombardia;BG;L827;VIADANICA;NonCap;S
Isole;Sicilia;CT;L828;VIAGRANDE;NonCap;S
Nord Ovest;Piemonte;AT;L829;VIALE;NonCap;S
Nord Ovest;Piemonte;TO;L830;VIALFRE`;NonCap;S
Nord Est;Emilia-Romagna;RE;L831;VIANO;NonCap;S
Centro;Toscana;LU;L833;VIAREGGIO;NonCap;L
Nord Ovest;Piemonte;AT;L834;VIARIGI;NonCap;S
Sud;Campania;SA;L835;VIBONATI;NonCap;S
Centro;Lazio;FR;L836;VICALVI;NonCap;S
Isole;Sicilia;PA;L837;VICARI;NonCap;S
Centro;Toscana;FI;L838;VICCHIO;NonCap;S
Nord Est;Veneto;VI;L840;VICENZA;cap;L
Nord Ovest;Piemonte;CN;L841;VICOFORTE;NonCap;S
Sud;Puglia;FG;L842;VICO DEL GARGANO;NonCap;S
Centro;Lazio;FR;L843;VICO NEL LAZIO;NonCap;S
Sud;Campania;CE;L844;VILLA LITERNO;NonCap;S
Sud;Campania;NA;L845;VICO EQUENSE;NonCap;M
Sud;Abruzzo;PE;L846;VICOLI;NonCap;S
Nord Ovest;Piemonte;NO;L847;VICOLUNGO;NonCap;S
Nord Est;Emilia-Romagna;PC;L848;ZIANO PIACENTINO;NonCap;S
Centro;Toscana;PI;L850;VICOPISANO;NonCap;S
Centro;Lazio;RM;L851;VICOVARO;NonCap;S
Nord Ovest;Lombardia;PV;L854;VIDIGULFO;NonCap;S
Nord Est;Veneto;TV;L856;VIDOR;NonCap;S
Nord Ovest;Piemonte;TO;L857;VIDRACCO;NonCap;S
Sud;Puglia;FG;L858;VIESTE;NonCap;M
Sud;Basilicata;PZ;L859;VIETRI DI POTENZA;NonCap;S
Sud;Campania;SA;L860;VIETRI SUL MARE;NonCap;S
Nord Ovest;Lombardia;BG;L865;VIGANO SAN MARTINO;NonCap;S
Nord Ovest;Lombardia;LC;L866;VIGANO`;NonCap;S
Nord Est;Emilia-Romagna;FE;L868;VIGARANO MAINARDA;NonCap;S
Nord Est;Veneto;VR;L869;VIGASIO;NonCap;S
Nord Ovest;Lombardia;PV;L872;VIGEVANO;NonCap;L
Sud;Basilicata;PZ;L873;VIGGIANELLO;NonCap;S
Sud;Basilicata;PZ;L874;VIGGIANO;NonCap;S
Nord Ovest;Lombardia;VA;L876;VIGGIU`;NonCap;S
Nord Ovest;Piemonte;AT;L879;VIGLIANO D`ASTI;NonCap;S
Nord Ovest;Piemonte;BI;L880;VIGLIANO BIELLESE;NonCap;S
Nord Ovest;Piemonte;AL;L881;VIGNALE MONFERRATO;NonCap;S
Centro;Lazio;VT;L882;VIGNANELLO;NonCap;S
Nord Ovest;Lombardia;MI;L883;VIGNATE;NonCap;M
Nord Est;Emilia-Romagna;MO;L885;VIGNOLA;NonCap;M
Nord Ovest;Piemonte;AL;L887;VIGNOLE BORBERA;NonCap;S
Nord Ovest;Piemonte;CN;L888;VIGNOLO;NonCap;S
Nord Ovest;Piemonte;VB;L889;VIGNONE;NonCap;S
Nord Est;Veneto;BL;L890;VIGO DI CADORE;NonCap;S
Nord Est;Veneto;PD;L892;VIGODARZERE;NonCap;S
Nord Ovest;Lombardia;BG;L894;VIGOLO;NonCap;S
Nord Est;Emilia-Romagna;PC;L897;VIGOLZONE;NonCap;S
Nord Ovest;Piemonte;TO;L898;VIGONE;NonCap;S
Nord Est;Veneto;VE;L899;VIGONOVO;NonCap;S
Nord Est;Veneto;PD;L900;VIGONZA;NonCap;M
Nord Ovest;Piemonte;AL;L904;VIGUZZOLO;NonCap;S
Centro;Lazio;FR;L905;VILLA SANTA LUCIA;NonCap;S
Nord Ovest;Piemonte;VB;L906;VILLADOSSOLA;NonCap;S
Nord Ovest;Lombardia;SO;L907;VILLA DI CHIAVENNA;NonCap;S
Nord Ovest;Lombardia;SO;L908;VILLA DI TIRANO;NonCap;S
Nord Est;Friuli- Venezia Giulia;UD;L909;VILLA SANTINA;NonCap;S
Nord Est;Veneto;VR;L912;VILLA BARTOLOMEA;NonCap;S
Centro;Toscana;LU;L913;VILLA BASILICA;NonCap;S
Isole;Sicilia;PA;L916;VILLABATE;NonCap;S
Nord Ovest;Lombardia;PV;L917;VILLA BISCOSSI;NonCap;S
Nord Ovest;Lombardia;BS;L919;VILLA CARCINA;NonCap;S
Sud;Puglia;BR;L920;VILLA CASTELLI;NonCap;S
Sud;Abruzzo;PE;L922;VILLA CELIERA;NonCap;S
Nord Ovest;Lombardia;BS;L923;VILLACHIARA;NonCap;S
Isole;Sardegna;CA;L924;VILLACIDRO;NonCap;S
Centro;Toscana;LU;L926;VILLA COLLEMANDINA;NonCap;S
Nord Ovest;Lombardia;MI;L928;VILLA CORTESE;NonCap;S
Nord Ovest;Lombardia;BG;L929;VILLA D`ADDA;NonCap;S
Nord Ovest;Piemonte;AL;L931;VILLADEATI;NonCap;S
Nord Ovest;Piemonte;BI;L933;VILLA DEL BOSCO;NonCap;S
Nord Est;Veneto;PD;L934;VILLA DEL CONTE;NonCap;S
Nord Ovest;Lombardia;BG;L936;VILLA DI SERIO;NonCap;S
Nord Est;Veneto;PD;L937;VILLA ESTENSE;NonCap;S
Nord Ovest;Lombardia;BG;L938;VILLA D`OGNA;NonCap;S
Nord Est;Veneto;RO;L939;VILLADOSE;NonCap;S
Nord Ovest;Piemonte;CN;L942;VILLAFALLETTO;NonCap;S
Nord Ovest;Liguria;IM;L943;VILLA FARALDI;NonCap;S
Isole;Sicilia;AG;L944;VILLAFRANCA SICULA;NonCap;S
Nord Ovest;Piemonte;AT;L945;VILLAFRANCA D`ASTI;NonCap;S
Centro;Toscana;MS;L946;VILLAFRANCA LUNIGIANA;NonCap;S
Nord Est;Veneto;PD;L947;VILLAFRANCA PADOVANA;NonCap;S
Nord Ovest;Piemonte;TO;L948;VILLAFRANCA PIEMONTE;NonCap;S
Nord Est;Veneto;VR;L949;VILLAFRANCA DI VERONA;NonCap;M
Isole;Sicilia;ME;L950;VILLAFRANCA TIRRENA;NonCap;S
Isole;Sicilia;PA;L951;VILLAFRATI;NonCap;S
Nord Est;Veneto;VI;L952;VILLAGA;NonCap;S
Isole;Sardegna;NU;L953;VILLAGRANDE STRISAILI;NonCap;S
Nord Ovest;Lombardia;CO;L956;VILLA GUARDIA;NonCap;S
Sud;Abruzzo;AQ;L958;VILLALAGO;NonCap;S
Isole;Sicilia;CL;L959;VILLALBA;NonCap;S
Sud;Abruzzo;CH;L961;VILLALFONSINA;NonCap;S
Nord Ovest;Piemonte;AL;L963;VILLALVERNIA;NonCap;S
Sud;Abruzzo;CH;L964;VILLAMAGNA;NonCap;S
Sud;Campania;AV;L965;VILLAMAINA;NonCap;S
Isole;Sardegna;CA;L966;VILLAMAR;NonCap;S
Nord Est;Veneto;RO;L967;VILLAMARZANA;NonCap;S
Isole;Sardegna;CA;L968;VILLAMASSARGIA;NonCap;S
Nord Est;Emilia-Romagna;RE;L969;VILLA MINOZZO;NonCap;S
Nord Ovest;Piemonte;AL;L970;VILLAMIROGLIO;NonCap;S
Nord Ovest;Piemonte;AL;L972;VILLANOVA MONFERRATO;NonCap;S
Sud;Campania;AV;L973;VILLANOVA DEL BATTISTA;NonCap;S
Nord Ovest;Piemonte;CN;L974;VILLANOVA MONDOVI`;NonCap;S
Nord Ovest;Liguria;SV;L975;VILLANOVA D`ALBENGA;NonCap;S
Nord Ovest;Lombardia;LO;L977;VILLANOVA DEL SILLARO;NonCap;S
Nord Ovest;Piemonte;BI;L978;VILLANOVA BIELLESE;NonCap;S
Nord Est;Veneto;PD;L979;VILLANOVA CAMPOSAMPIERO;NonCap;S
Nord Est;Emilia-Romagna;PC;L980;VILLANOVA SULL`ARDA;NonCap;S
Nord Ovest;Valle d'Aosta;AO;L981;VILLENEUVE;NonCap;S
Nord Ovest;Piemonte;TO;L982;VILLANOVA CANAVESE;NonCap;S
Nord Ovest;Lombardia;PV;L983;VILLANOVA D`ARDENGHI;NonCap;S
Nord Ovest;Piemonte;AT;L984;VILLANOVA D`ASTI;NonCap;S
Nord Est;Veneto;RO;L985;VILLANOVA DEL GHEBBO;NonCap;S
Isole;Sardegna;CA;L986;VILLANOVAFORRU;NonCap;S
Isole;Sardegna;CA;L987;VILLANOVAFRANCA;NonCap;S
Nord Est;Veneto;RO;L988;VILLANOVA MARCHESANA;NonCap;S
Isole;Sardegna;SS;L989;VILLANOVA MONTELEONE;NonCap;S
Nord Ovest;Piemonte;CN;L990;VILLANOVA SOLARO;NonCap;S
Isole;Sardegna;OR;L991;VILLANOVA TRUSCHEDU;NonCap;S
Isole;Sardegna;NU;L992;VILLANOVA TULO;NonCap;S
Nord Ovest;Lombardia;PV;L994;VILLANTERIO;NonCap;S
Nord Ovest;Lombardia;BS;L995;VILLANUOVA SUL CLISI;NonCap;S
Isole;Sardegna;CA;L998;VILLAPUTZU;NonCap;S
Nord Ovest;Piemonte;TO;L999;VILLAR DORA;NonCap;S
Nord Ovest;Piemonte;TO;M002;VILLARBASSE;NonCap;S
Nord Ovest;Piemonte;VC;M003;VILLARBOIT;NonCap;S
Nord Ovest;Piemonte;TO;M004;VILLAREGGIA;NonCap;S
Nord Ovest;Piemonte;TO;M007;VILLAR FOCCHIARDO;NonCap;S
Nord Ovest;Piemonte;AL;M009;VILLAROMAGNANO;NonCap;S
Isole;Sicilia;EN;M011;VILLAROSA;NonCap;S
Nord Ovest;Piemonte;TO;M013;VILLAR PELLICE;NonCap;S
Nord Ovest;Piemonte;TO;M014;VILLAR PEROSA;NonCap;S
Nord Ovest;Piemonte;CN;M015;VILLAR SAN COSTANZO;NonCap;S
Isole;Sardegna;CA;M016;VILLASALTO;NonCap;S
Nord Ovest;Lombardia;MI;M017;VILLASANTA;NonCap;M
Sud;Calabria;RC;M018;VILLA SAN GIOVANNI;NonCap;S
Nord Ovest;Piemonte;AT;M019;VILLA SAN SECONDO;NonCap;S
Sud;Abruzzo;AQ;M021;VILLA S LUCIA D ABRUZZI;NonCap;S
Sud;Abruzzo;CH;M022;VILLA SANTA MARIA;NonCap;S
Sud;Abruzzo;AQ;M023;VILLA SANT`ANGELO;NonCap;S
Isole;Sardegna;CA;M025;VILLASOR;NonCap;S
Isole;Sardegna;CA;M026;VILLASPECIOSA;NonCap;S
Nord Ovest;Piemonte;TO;M027;VILLASTELLONE;NonCap;S
Nord Ovest;Piemonte;VC;M028;VILLATA;NonCap;S
Isole;Sardegna;OR;M030;VILLA URBANA;NonCap;S
Sud;Abruzzo;AQ;M031;VILLAVALLELONGA;NonCap;S
Nord Est;Veneto;VI;M032;VILLAVERLA;NonCap;S
Sud;Abruzzo;AQ;M041;VILLETTA BARREA;NonCap;S
Nord Ovest;Piemonte;VB;M042;VILLETTE;NonCap;S
Nord Ovest;Lombardia;MN;M044;VILLIMPENTA;NonCap;S
Nord Ovest;Lombardia;BG;M045;VILLONGO;NonCap;S
Nord Est;Veneto;TV;M048;VILLORBA;NonCap;M
Nord Ovest;Lombardia;BG;M050;VILMINORE DI SCALVE;NonCap;S
Nord Ovest;Lombardia;MI;M052;VIMERCATE;NonCap;L
Nord Ovest;Lombardia;MI;M053;VIMODRONE;NonCap;M
Nord Ovest;Piemonte;CN;M055;VINADIO;NonCap;S
Sud;Molise;CB;M057;VINCHIATURO;NonCap;S
Nord Ovest;Piemonte;AT;M058;VINCHIO;NonCap;S
Centro;Toscana;FI;M059;VINCI;NonCap;M
Nord Ovest;Piemonte;TO;M060;VINOVO;NonCap;M
Nord Ovest;Piemonte;NO;M062;VINZAGLIO;NonCap;S
Nord Ovest;Piemonte;CN;M063;VIOLA;NonCap;S
Nord Ovest;Lombardia;BS;M065;VIONE;NonCap;S
Nord Ovest;Piemonte;TO;M069;VIRLE PIEMONTE;NonCap;S
Nord Ovest;Lombardia;BS;M070;VISANO;NonCap;S
Nord Ovest;Piemonte;TO;M071;VISCHE;NonCap;S
Sud;Campania;NA;M072;VISCIANO;NonCap;S
Nord Ovest;Piemonte;AL;M077;VISONE;NonCap;S
Centro;Marche;MC;M078;VISSO;NonCap;S
Nord Ovest;Lombardia;PV;M079;VISTARINO;NonCap;S
Nord Ovest;Piemonte;TO;M080;VISTRORIO;NonCap;S
Isole;Sicilia;TP;M081;VITA;NonCap;S
Centro;Lazio;VT;M082;VITERBO;cap;L
Centro;Lazio;FR;M083;VITICUSO;NonCap;S
Nord Est;Friuli- Venezia Giulia;PN;M085;VITO D`ASIO;NonCap;S
Centro;Lazio;VT;M086;VITORCHIANO;NonCap;S
Isole;Sicilia;RG;M088;VITTORIA;NonCap;M
Nord Est;Veneto;TV;M089;VITTORIO VENETO;NonCap;M
Sud;Abruzzo;AQ;M090;VITTORITO;NonCap;S
Nord Ovest;Lombardia;MI;M091;VITTUONE;NonCap;S
Sud;Campania;CE;M092;VITULAZIO;NonCap;S
Sud;Campania;BN;M093;VITULANO;NonCap;S
Nord Ovest;Piemonte;TO;M094;VIU`;NonCap;S
Centro;Lazio;RM;M095;VIVARO ROMANO;NonCap;S
Nord Est;Friuli- Venezia Giulia;PN;M096;VIVARO;NonCap;S
Nord Ovest;Piemonte;BI;M098;VIVERONE;NonCap;S
Isole;Sicilia;CT;M100;VIZZINI;NonCap;S
Nord Ovest;Lombardia;VA;M101;VIZZOLA TICINO;NonCap;S
Nord Ovest;Lombardia;MI;M102;VIZZOLO PREDABISSI;NonCap;S
Nord Est;Veneto;PD;M103;VO;NonCap;S
Nord Ovest;Lombardia;BS;M104;VOBARNO;NonCap;S
Nord Ovest;Liguria;GE;M105;VOBBIA;NonCap;S
Nord Ovest;Piemonte;VC;M106;VOCCA;NonCap;S
Nord Est;Veneto;BL;M108;VODO DI CADORE;NonCap;S
Nord Ovest;Lombardia;PV;M109;VOGHERA;NonCap;L
Nord Est;Emilia-Romagna;FE;M110;VOGHIERA;NonCap;S
Nord Ovest;Piemonte;VB;M111;VOGOGNA;NonCap;S
Sud;Campania;NA;M115;VOLLA;NonCap;M
Nord Ovest;Lombardia;CR;M116;VOLONGO;NonCap;S
Nord Est;Veneto;TV;M118;VOLPAGO DEL MONTELLO;NonCap;S
Nord Ovest;Lombardia;PV;M119;VOLPARA;NonCap;S
Nord Ovest;Piemonte;AL;M120;VOLPEDO;NonCap;S
Nord Ovest;Piemonte;AL;M121;VOLPEGLINO;NonCap;S
Nord Ovest;Piemonte;TO;M122;VOLPIANO;NonCap;M
Nord Ovest;Piemonte;AL;M123;VOLTAGGIO;NonCap;S
Nord Est;Veneto;BL;M124;VOLTAGO AGORDINO;NonCap;S
Nord Ovest;Lombardia;MN;M125;VOLTA MANTOVANA;NonCap;S
Centro;Toscana;PI;M126;VOLTERRA;NonCap;S
Nord Ovest;Lombardia;CR;M127;VOLTIDO;NonCap;S
Sud;Campania;AV;M130;VOLTURARA IRPINA;NonCap;S
Sud;Puglia;FG;M131;VOLTURARA APPULA;NonCap;S
Sud;Puglia;FG;M132;VOLTURINO;NonCap;S
Nord Ovest;Piemonte;TO;M133;VOLVERA;NonCap;S
Nord Ovest;Piemonte;CN;M136;VOTTIGNASCO;NonCap;S
Sud;Calabria;VV;M138;ZACCANOPOLI;NonCap;S
Isole;Sicilia;CT;M139;ZAFFERANA ETNEA;NonCap;S
Sud;Calabria;CZ;M140;ZAGARISE;NonCap;S
Centro;Lazio;RM;M141;ZAGAROLO;NonCap;M
Sud;Calabria;VV;M143;ZAMBRONE;NonCap;S
Nord Ovest;Lombardia;BG;M144;ZANDOBBIO;NonCap;S
Nord Est;Veneto;VI;M145;ZANE`;NonCap;S
Nord Ovest;Lombardia;BG;M147;ZANICA;NonCap;S
Nord Ovest;Lombardia;PV;M150;ZAVATTARELLO;NonCap;S
Nord Ovest;Lombardia;PV;M152;ZECCONE;NonCap;S
Isole;Sardegna;OR;M153;ZEDDIANI;NonCap;S
Nord Ovest;Lombardia;CO;M156;ZELBIO;NonCap;S
Nord Ovest;Lombardia;LO;M158;ZELO BUON PERSICO;NonCap;S
Nord Ovest;Lombardia;PV;M161;ZEME;NonCap;S
Nord Ovest;Lombardia;PV;M162;ZENEVREDO;NonCap;S
Nord Est;Veneto;TV;M163;ZENSON DI PIAVE;NonCap;S
Nord Est;Emilia-Romagna;PC;M165;ZERBA;NonCap;S
Nord Ovest;Lombardia;PV;M166;ZERBO;NonCap;S
Nord Ovest;Lombardia;PV;M167;ZERBOLO;NonCap;S
Isole;Sardegna;OR;M168;ZERFALIU;NonCap;S
Centro;Toscana;MS;M169;ZERI;NonCap;S
Nord Est;Veneto;VI;M170;ZERMEGHEDO;NonCap;S
Nord Est;Veneto;TV;M171;ZERO BRANCO;NonCap;S
Nord Est;Veneto;VR;M172;ZEVIO;NonCap;M
Nord Ovest;Lombardia;MI;M176;ZIBIDO SAN GIACOMO;NonCap;S
Nord Ovest;Liguria;SP;M177;ZIGNAGO;NonCap;S
Nord Est;Veneto;VR;M178;ZIMELLA;NonCap;S
Nord Ovest;Piemonte;BI;M179;ZIMONE;NonCap;S
Nord Ovest;Lombardia;PV;M180;ZINASCO;NonCap;S
Nord Ovest;Liguria;GE;M182;ZOAGLI;NonCap;S
Nord Est;Emilia-Romagna;MO;M183;ZOCCA;NonCap;S
Nord Ovest;Lombardia;BG;M184;ZOGNO;NonCap;S
Nord Est;Emilia-Romagna;BO;M185;ZOLA PREDOSA;NonCap;L
Sud;Puglia;LE;M187;ZOLLINO;NonCap;S
Nord Ovest;Lombardia;BS;M188;ZONE;NonCap;S
Nord Est;Veneto;BL;M189;ZOPPE` DI CADORE;NonCap;S
Nord Est;Friuli- Venezia Giulia;PN;M190;ZOPPOLA;NonCap;S
Nord Est;Veneto;VI;M194;ZOVENCEDO;NonCap;S
Nord Ovest;Piemonte;BI;M196;ZUBIENA;NonCap;S
Nord Ovest;Liguria;SV;M197;ZUCCARELLO;NonCap;S
Nord Est;Veneto;VI;M199;ZUGLIANO;NonCap;S
Nord Est;Friuli- Venezia Giulia;UD;M200;ZUGLIO;NonCap;S
Nord Ovest;Piemonte;BI;M201;ZUMAGLIA;NonCap;S
Sud;Calabria;CS;M202;ZUMPANO;NonCap;S
Sud;Campania;AV;M203;ZUNGOLI;NonCap;S
Sud;Calabria;VV;M204;ZUNGRI;NonCap;S
Centro;Lazio;RM;M207;LARIANO;NonCap;S
Sud;Calabria;CZ;M208;LAMEZIA TERME;NonCap;M
Isole;Sardegna;CA;M209;SANT`ANNA ARRESI;NonCap;S
Isole;Sicilia;ME;M210;TERME VIGLIATORE;NonCap;S
Isole;Sicilia;ME;M211;ACQUEDOLCI;NonCap;S
Centro;Lazio;RM;M212;LADISPOLI;NonCap;L
Centro;Lazio;RM;M213;ARDEA;NonCap;L
Isole;Sardegna;SS;M214;BADESI;NonCap;S
Sud;Campania;SA;M253;SICIGNANO DEGLI ALBURNI;NonCap;S
Sud;Abruzzo;AQ;M255;MOLINA ATERNO;NonCap;S
Sud;Basilicata;MT;M256;SCANZANO IONICO;NonCap;S
Isole;Sicilia;SR;M257;PORTOPALO DI CAPO PASSERO;NonCap;S
Centro;Umbria;TR;M258;AVIGLIANO UMBRO;NonCap;S
Isole;Sardegna;SS;M259;VIDDALBA;NonCap;S
Sud;Campania;CE;M260;CASAPESENNA;NonCap;S
Sud;Puglia;LE;M261;CASTRO;NonCap;S
Sud;Puglia;LE;M263;PORTO CESAREO;NonCap;S
Sud;Puglia;LE;M264;SAN CASSIANO;NonCap;S
Nord Est;Friuli- Venezia Giulia;PN;M265;VAJONT;NonCap;S
Sud;Puglia;FG;M266;ORDONA;NonCap;S
Isole;Sicilia;PA;M268;BLUFI;NonCap;S
Sud;Basilicata;PZ;M269;PATERNO;NonCap;S
Isole;Sardegna;CA;M270;MASAINAS;NonCap;S
Isole;Sicilia;CT;M271;MAZZARRONE;NonCap;S
Centro;Lazio;RM;M272;CIAMPINO;NonCap;L
Sud;Campania;NA;M273;S. MARIA LA CARITA`;NonCap;S
Isole;Sardegna;SS;M274;GOLFO ARANCI;NonCap;M
Isole;Sardegna;SS;M275;LOIRI PORTO S. PAOLO;NonCap;S
Isole;Sardegna;SS;M276;S. ANTONIO DI GALLURA;NonCap;S
Sud;Calabria;RC;M277;SAN FERDINANDO;NonCap;S
Isole;Sardegna;CA;M278;VILLAPERUCCIO;NonCap;S
Isole;Sicilia;SR;M279;PRIOLO GARGALLO;NonCap;S
Sud;Campania;NA;M280;TRECASE;NonCap;S
Isole;Sicilia;TP;M281;PETROSINO;NonCap;S
Isole;Sardegna;SS;M282;TERGU;NonCap;S
Isole;Sicilia;CT;M283;MANIACE;NonCap;S
Isole;Sardegna;SS;M284;S. MARIA COGHINAS;NonCap;S
Isole;Sardegna;NU;M285;CARDEDU;NonCap;S
Isole;Sicilia;ME;M286;TORRENOVA;NonCap;S
Isole;Sicilia;CT;M287;RAGALNA;NonCap;S
Isole;Sardegna;CA;M288;CASTIADAS;NonCap;S
Sud;Campania;NA;M289;MASSA DI SOMMA;NonCap;S
Isole;Sardegna;SS;M290;STINTINO;NonCap;S
Isole;Sardegna;CA;M291;PISCINAS;NonCap;S
Isole;Sardegna;SS;M292;ERULA;NonCap;S
Sud;Campania;SA;M294;BELLIZZI;NonCap;S
Centro;Lazio;RM;M295;SAN CESAREO;NonCap;M
Centro;Lazio;RM;M297;FIUMICINO;NonCap;L
Sud;Puglia;TA;M298;STATTE;NonCap;S
Nord Est;Veneto;PD;M300;DUE CARRARE;NonCap;S
Isole;Sardegna;SS;M301;PADRU;NonCap;S
Nord Ovest;Piemonte;AT;M302;MONTIGLIO MONFERRATO;NonCap;S
Nord Est;Veneto;VE;M308;CAVALLINO - TREPORTI;NonCap;S
Centro;Lazio;RM;M309;FONTE NUOVA;NonCap;S
Nord Ovest;Lombardia;BS;M312;LONATO DEL GARDA;NonCap;M
Nord Ovest;Lombardia;CO;M315;GRAVEDONA ED UNITI;NonCap;S
Nord Ovest;Piemonte;TO;M316;MAPPANO;NonCap;S
Nord Est;Friuli- Venezia Giulia;UD;M317;RIVIGNANO TEOR;NonCap;S
Centro;Marche;AN;M318;TRECASTELLI;NonCap;S
Centro;Toscana;LU;M319;FABBRICHE DI VERGEMOLI;NonCap;S
Nord Est;Emilia-Romagna;BO;M320;VALSAMOGGIA;NonCap;L
Centro;Toscana;FI;M321;FIGLINE E INCISA VALDARNO;NonCap;L
Centro;Toscana;AR;M322;CASTELFRANCO PIANDISCO`;NonCap;S
Nord Est;Emilia-Romagna;FE;M323;FISCAGLIA;NonCap;S
Nord Est;Emilia-Romagna;RN;M324;POGGIO TORRIANA;NonCap;S
Nord Est;Emilia-Romagna;PR;M325;SISSA TRECASALI;NonCap;S
Centro;Toscana;FI;M326;SCARPERIA E SAN PIERO;NonCap;M
Centro;Toscana;PI;M327;CASCIANA TERME LARI;NonCap;M
Centro;Toscana;PI;M328;CRESPINA LORENZANA;NonCap;S
Centro;Toscana;AR;M329;PRATOVECCHIO E STIA;NonCap;S
Sud;Campania;AV;M330;MONTORO;NonCap;S
Centro;Marche;PS;M331;VALLEFOGLIA;NonCap;S
Nord Ovest;Lombardia;BG;M333;SANT'OMOBONO TERME;NonCap;S
Nord Ovest;Lombardia;BG;M334;VAL BREMBILLA;NonCap;S
Nord Ovest;Lombardia;CO;M335;BELLAGIO;NonCap;S
Nord Ovest;Lombardia;CO;M336;COLVERDE;NonCap;S
Nord Ovest;Lombardia;LC;M337;VERDERIO;NonCap;S
Nord Ovest;Lombardia;PV;M338;CORNALE E BASTIDA;NonCap;S
Nord Ovest;Lombardia;VA;M339;MACCAGNO CON PINO E VEDDASCA;NonCap;S
Nord Ovest;Lombardia;MN;M340;BORGO VIRGILIO;NonCap;S
Nord Ovest;Lombardia;CO;M341;TREMEZZINA;NonCap;S
Nord Est;Veneto;BL;M342;LONGARONE;NonCap;S
Nord Est;Friuli- Venezia Giulia;PN;M346;VALVASONE ARZENE;NonCap;S
Centro;Toscana;LU;M347;SILLANO GIUNCUGNANO;NonCap;S
Nord Ovest;Lombardia;LC;M348;LA VALLETTA BRIANZA;NonCap;S
Nord Est;Emilia-Romagna;RE;M364;VENTASSO;NonCap;S
Nord Est;Emilia-Romagna;PR;M367;POLESINE ZIBELLO;NonCap;S
Nord Est;Emilia-Romagna;RN;M368;MONTESCUDO-MONTE COLOMBO;NonCap;S
Nord Est;Emilia-Romagna;BO;M369;ALTO RENO TERME;NonCap;S
Nord Ovest;Piemonte;VB;M370;BORGOMEZZAVALLE;NonCap;S
Nord Ovest;Piemonte;BI;M371;LESSONA;NonCap;S
Nord Ovest;Lombardia;PV;M372;CORTEOLONA E GENZONE;NonCap;S
Nord Ovest;Piemonte;BI;M373;CAMPIGLIA CERVO;NonCap;S
Nord Est;Veneto;BL;M374;VAL DI ZOLDO;NonCap;S
Nord Est;Veneto;BL;M375;ALPAGO;NonCap;S
Centro;Toscana;PT;M376;ABETONE CUTIGLIANO;NonCap;S
Centro;Toscana;PT;M377;SAN MARCELLO PITEGLIO;NonCap;S
Centro;Toscana;SI;M378;MONTALCINO;NonCap;S
Centro;Marche;PS;M379;TERRE ROVERESCHE;NonCap;S
Centro;Marche;PS;M380;COLLI AL METAURO;NonCap;S
Nord Est;Emilia-Romagna;FE;M381;TERRE DEL RENO;NonCap;S
Centro;Marche;MC;M382;VALFORNACE;NonCap;S
Nord Ovest;Lombardia;CO;M383;ALTA VALLE INTELVI;NonCap;S
Nord Est;Veneto;VI;M384;VAL LIONA;NonCap;S
Sud;Calabria;CS;M385;CASALI DEL MANCO;NonCap;S
Nord Est;Emilia-Romagna;PC;M386;ALTA VAL TIDONE;NonCap;S
Nord Ovest;Liguria;IM;M387;MONTALTO CARPASIO;NonCap;S
Nord Ovest;Piemonte;AL;M388;CASSANO SPINOLA;NonCap;S
Nord Ovest;Piemonte;VC;M389;ALTO SERMENZA;NonCap;S
Centro;Toscana;LI;M391;RIO;NonCap;S
Centro;Toscana;AR;M392;LATERINA PERGINE VALDARNO;NonCap;S
Nord Ovest;Lombardia;LO;M393;CASTELGERUNDO;NonCap;S
Nord Ovest;Lombardia;CO;M394;CENTRO VALLE INTELVI;NonCap;S
Nord Ovest;Lombardia;LC;M395;VALVARRONE;NonCap;S
Nord Ovest;Lombardia;MN;M396;BORGO MANTOVANO;NonCap;S
Nord Ovest;Piemonte;AL;M397;ALLUVIONI PIOVERA;NonCap;S
Nord Ovest;Piemonte;VC;M398;CELLIO CON BREIA;NonCap;S
Nord Est;Friuli- Venezia Giulia;UD;M399;TREPPO LIGOSULLO;NonCap;S
Nord Est;Veneto;VI;M401;BARBARANO MOSSANO;NonCap;S
Nord Est;Veneto;PD;M402;BORGO VENETO;NonCap;S
Sud;Calabria;CS;M403;CORIGLIANO-ROSSANO;NonCap;L
Nord Ovest;Piemonte;VB;M404;VALLE CANNOBINA;NonCap;S
Nord Ovest;Piemonte;TO;M405;VAL DI CHY;NonCap;S
Nord Ovest;Lombardia;MN;M406;BORGOCARBONARA;NonCap;S
Centro;Toscana;FI;M408;BARBERINO TAVARNELLE;NonCap;M
Nord Est;Emilia-Romagna;FE;M409;TRESIGNANA;NonCap;S
Nord Est;Emilia-Romagna;FE;M410;RIVA DEL PO;NonCap;S
Nord Est;Emilia-Romagna;PR;M411;SORBOLO MEZZANI;NonCap;S
Nord Ovest;Lombardia;CO;M412;SOLBIATE CON CAGNO;NonCap;S
Centro;Marche;PS;M413;SASSOCORVARO AUDITORE;NonCap;S
Nord Ovest;Piemonte;BI;M414;QUAREGNA CERRETO;NonCap;S
Nord Ovest;Piemonte;TO;M415;VALCHIUSA;NonCap;S
Nord Ovest;Piemonte;NO;M416;GATTICO-VERUNO;NonCap;S
Nord Ovest;Piemonte;BI;M417;VALDILANA;NonCap;S
Nord Ovest;Lombardia;CR;M418;PIADENA DRIZZONA;NonCap;S
Nord Ovest;Lombardia;PV;M419;COLLI VERDI;NonCap;S
Nord Ovest;Piemonte;AL;M420;LU E CUCCARO MONFERRATO;NonCap;S
Nord Est;Veneto;BL;M421;BORGO VALBELLUNA;NonCap;S
Nord Est;Veneto;TV;M422;PIEVE DEL GRAPPA;NonCap;S
Nord Est;Veneto;VI;M423;VALBRENTA;NonCap;S
Nord Ovest;Lombardia;MI;M424;VERMEZZO CON ZELO;NonCap;S
Nord Ovest;Lombardia;VA;M425;CADREZZATE CON OSMATE;NonCap;S
Nord Est;Veneto;VI;M426;COLCERESA;NonCap;S
Nord Est;Veneto;VI;M427;LUSIANA CONCO;NonCap;S
Sud;Puglia;LE;M428;PRESICCE-ACQUARICA;NonCap;S
Isole;Sicilia;TP;M432;MISILISCEMI;NonCap;S
Nord Ovest;Lombardia;VA;M433;BARDELLO CON MALGESSO E BREGANO;NonCap;S
Nord Ovest;Piemonte;AT;M434;MORANSENGO-TONENGO;NonCap;S
Nord Ovest;Lombardia;CO;M435;UGGIATE CON RONAGO;NonCap;S
Nord Est;Veneto;VI;M436;SOVIZZO;NonCap;S
Nord Est;Veneto;BL;M437;SETTEVILLE;NonCap;S
Nord Est;Veneto;PD;M438;SANTA CATERINA D`ESTE;NonCap;S
