AREA;Regione;prov;2018_CodCom;NTN_2018_Box;NTN_2018_Depositi_Pert
Nord Est;Veneto;PD;A001;270,42;23
Nord Ovest;Lombardia;LO;A004;1;1
Nord Ovest;Lombardia;LC;A005;28,5;3
Centro;Toscana;SI;A006;44,67;9
Isole;Sardegna;OR;A007;0;0
Sud;Abruzzo ;PE;A008;1;2
Nord Ovest;Lombardia;MI;A010;298,95;32,03
Sud;Basilicata;PZ;A013;1;3
Isole;Sicilia;RG;A014;3;1
Sud;Puglia;FG;A015;6,92;1
Nord Ovest;Piemonte;CN;A016;0;1,5
Sud;Basilicata;MT;A017;24;3
Sud;Abruzzo ;AQ;A018;0;1
Centro;Lazio;RI;A019;0;1
Sud;Basilicata;PZ;A020;4,5;3,25
Sud;Campania;SA;A023;2;2,67
Sud;Campania;NA;A024;177,53;43,78
Isole;Sicilia;CT;A025;10;2
Isole;Sicilia;CT;A026;90,19;17,33
Isole;Sicilia;CT;A027;112,48;13,5
Isole;Sicilia;CT;A028;188,76;29,36
Isole;Sicilia;CT;A029;50,08;3,75
Centro;Lazio;FR;A032;0;2
Sud;Calabria;CS;A033;0;0
Nord Ovest;Lombardia;BS;A034;3,5;0
Centro;Marche;PS;A035;3;0,5
Nord Ovest;Lombardia;MN;A038;9;2
Nord Ovest;Lombardia;CR;A039;5;0
Centro;Lazio;VT;A040;9;11,01
Sud;Calabria;CS;A041;1;0
Sud;Puglia;LE;A042;4;1
Sud;Calabria;VV;A043;0;0
Centro;Marche;AP;A044;1,67;2,67
Centro;Umbria;TR;A045;12;6,5
Centro;Marche;AP;A047;20;0
Sud;Puglia;BA;A048;68;26,5
Isole;Sicilia;CL;A049;0;3
Sud;Molise;CB;A050;0;0
Sud;Molise;IS;A051;0;0
Nord Ovest;Piemonte;AL;A052;137;29,62
Sud;Calabria;CS;A053;8,25;16,25
Centro;Lazio;FR;A054;1;1,33
Sud;Puglia;BA;A055;68,67;15,25
Isole;Sicilia;CT;A056;70,03;39,54
Nord Ovest;Lombardia;BG;A057;16,75;2,67
Nord Ovest;Lombardia;BG;A058;1,02;0,34
Nord Est;Veneto;RO;A059;109,31;9,36
Nord Ovest;Lombardia;BS;A060;50,8;2
Nord Est;Veneto;VR;A061;30;7
Centro;Lazio;RM;A062;2;1,5
Sud;Campania;NA;A064;66,02;25
Sud;Calabria;RC;A065;0;0
Nord Est;Emilia-Romagna;PC;A067;10,5;0
Sud;Campania;NA;A068;55,33;9,33
Isole;Sardegna;SS;A069;5;1,17
Isole;Sicilia;EN;A070;17,5;12,11
Centro;Toscana;PT;A071;112,83;5,17
Nord Ovest;Piemonte;AT;A072;5;0
Nord Ovest;Piemonte;TO;A074;14;5
Nord Est;Veneto;PD;A075;9,5;0
Nord Ovest;Lombardia;CR;A076;31;1
Sud;Calabria;RC;A077;0;0
Sud;Molise;IS;A080;2;3,34
Centro;Lazio;FR;A081;2;0
Nord Ovest;Lombardia;BS;A082;7;10,11
Nord Est;Veneto;BL;A083;49,71;10,83
Centro;Lazio;RM;A084;2;6
Nord Ovest;Lombardia;VA;A085;9,34;1
Nord Ovest;Lombardia;MI;A087;290,17;31,58
Nord Ovest;Piemonte;NO;A088;11;1
Isole;Sicilia;AG;A089;40,67;40,02
Sud;Campania;SA;A091;88,19;16,54
Centro;Marche;AN;A092;26,8;1
Nord Est;Veneto;VI;A093;6,5;0
Nord Ovest;Valle d'Aosta;AO;A094;53,66;26,16
Nord Ovest;Lombardia;MI;A096;22,86;0
Isole;Sardegna;OR;A097;0;0
Isole;Sicilia;EN;A098;6,93;5
Sud;Abruzzo ;AQ;A100;2;0
Sud;Campania;AV;A101;12;6,71
Sud;Calabria;CS;A102;0;0
Sud;Calabria;CS;A105;0;1
Sud;Campania;CE;A106;0;0
Nord Ovest;Piemonte;BI;A107;4;1
Nord Ovest;Valle d'Aosta;AO;A108;9;7
Nord Ovest;Piemonte;TO;A109;22;2
Sud;Campania;BN;A110;16;10,5
Nord Ovest;Liguria;IM;A111;0;7
Nord Ovest;Lombardia;LC;A112;12,58;3,5
Nord Ovest;Piemonte;CN;A113;1,5;0,5
Isole;Sardegna;SS;A115;0;0
Nord Ovest;Piemonte;TO;A117;7;2
Nord Ovest;Lombardia;PV;A118;4;1
Nord Ovest;Piemonte;VC;A119;14;4,6
Sud;Abruzzo ;PE;A120;3;2,86
Nord Est;Veneto;BL;A121;12,83;4,32
Nord Ovest;Liguria;SV;A122;215,33;68,28
Centro;Lazio;FR;A123;14,83;10,33
Nord Ovest;Piemonte;CN;A124;347,1;36,96
Sud;Abruzzo ;TE;A125;187,95;93,31
Isole;Sardegna;OR;A126;0;0
Nord Ovest;Lombardia;MI;A127;38,84;8
Sud;Campania;SA;A128;1;0
Nord Ovest;Lombardia;BG;A129;112,04;14,24
Nord Ovest;Piemonte;VC;A130;0;0
Sud;Basilicata;PZ;A131;0;1
Centro;Lazio;RM;A132;221,06;65,01
Nord Ovest;Lombardia;PV;A134;1;1
Nord Ovest;Lombardia;SO;A135;2,28;8,93
Nord Est;Veneto;VR;A137;29,5;3
Nord Est;Emilia-Romagna;PR;A138;9,25;3
Nord Ovest;Piemonte;CN;A139;0;1
Nord Ovest;Lombardia;CO;A143;59,23;10,72
Nord Ovest;Liguria;SV;A145;127,83;43,34
Nord Ovest;Piemonte;AL;A146;0;2
Sud;Puglia;BA;A149;31;19,67
Sud;Puglia;FG;A150;0;3
Nord Ovest;Lombardia;CO;A153;29,83;3
Nord Est;Veneto;VI;A154;11;0
Sud;Calabria;CZ;A155;0,33;2,88
Nord Ovest;Piemonte;TO;A157;8;0
Nord Ovest;Lombardia;MI;A159;69,33;8
Sud;Calabria;CS;A160;0;0
Nord Est;Veneto;PD;A161;377,32;1,5
Nord Est;Emilia-Romagna;RE;A162;74,22;0,72
Nord Ovest;Lombardia;BG;A163;136,19;14,16
Nord Ovest;Lombardia;CO;A164;21,99;0,27
Nord Ovest;Liguria;SV;A165;46,5;11,75
Nord Ovest;Liguria;SV;A166;49,43;30,25
Nord Ovest;Lombardia;VA;A167;40,97;2
Nord Ovest;Lombardia;PV;A171;2,5;0
Nord Ovest;Lombardia;SO;A172;6,5;6,83
Nord Ovest;Piemonte;AT;A173;1;0
Nord Ovest;Lombardia;PV;A175;48;4
Isole;Sicilia;TP;A176;95,47;21,54
Isole;Sicilia;ME;A177;0;3
Isole;Sardegna;OR;A180;0;0,8
Isole;Sicilia;AG;A181;1;4
Nord Ovest;Piemonte;AL;A182;565,23;83,53
Sud;Calabria;CS;A183;1;0
Sud;Puglia;LE;A184;6;2
Sud;Puglia;LE;A185;25;3
Sud;Campania;SA;A186;0,5;0
Sud;Abruzzo ;AQ;A187;2;4,9
Nord Ovest;Lombardia;BS;A188;8,5;0
Nord Ovest;Piemonte;AL;A189;1;0
Nord Est;Emilia-Romagna;RA;A191;42,25;4
Isole;Sardegna;SS;A192;326,1;83,6
Nord Ovest;Lombardia;BG;A193;5,67;0
Isole;Sicilia;ME;A194;1;0
Isole;Sicilia;PA;A195;0;0,11
Sud;Basilicata;MT;A196;0;3
Nord Ovest;Piemonte;AL;A197;0;0
Nord Ovest;Piemonte;VC;A198;6;0
Nord Ovest;Piemonte;TO;A199;3;0
Sud;Campania;CE;A200;3;3
Isole;Sicilia;ME;A201;3;4
Isole;Sicilia;PA;A202;5,25;5,3
Isole;Sicilia;PA;A203;0;0
Isole;Sardegna;OR;A204;0;0
Nord Ovest;Valle d'Aosta;AO;A205;0;0
Nord Est;Veneto;BL;A206;19;2,5
Centro;Umbria;TR;A207;3;3,13
Sud;Puglia;LE;A208;6,94;4
Centro;Lazio;RM;A210;7,5;7,5
Nord Ovest;Lombardia;BG;A214;27;5
Nord Ovest;Lombardia;BG;A215;30,89;2,42
Nord Ovest;Lombardia;BG;A216;79,07;2,88
Nord Ovest;Lombardia;BG;A217;54,8;7,43
Nord Ovest;Piemonte;TO;A218;47,16;10
Nord Est;Veneto;VI;A220;13;2
Nord Ovest;Piemonte;TO;A221;2;1
Nord Ovest;Piemonte;TO;A222;208,83;33,97
Nord Est;Emilia-Romagna;PC;A223;46,99;3
Nord Ovest;Lombardia;CO;A224;11;4
Sud;Puglia;BA;A225;290,22;70,51
Nord Ovest;Liguria;SV;A226;7;3
Nord Ovest;Piemonte;AL;A227;2;0
Sud;Campania;AV;A228;2;6
Isole;Sicilia;PA;A229;3;6,33
Sud;Campania;SA;A230;7;4,65
Nord Est;Veneto;VI;A231;171,71;7
Centro;Marche;AP;A233;34,66;2,33
Sud;Calabria;CS;A234;0;0
Sud;Abruzzo ;CH;A235;11;4
Nord Est;Veneto;VI;A236;6;0
Nord Est;Veneto;TV;A237;33,66;3
Nord Ovest;Piemonte;CN;A238;0;0
Isole;Sicilia;PA;A239;10;8,42
Sud;Calabria;CS;A240;4;6
Centro;Toscana;LU;A241;152,23;16,75
Centro;Umbria;TR;A242;4;2
Sud;Campania;CE;A243;6,5;2
Centro;Lazio;FR;A244;0;1,5
Nord Ovest;Piemonte;AL;A245;0;0
Nord Ovest;Lombardia;BG;A246;185,68;25,6
Nord Ovest;Lombardia;CO;A249;25,5;1
Sud;Campania;SA;A251;3,5;8,83
Centro;Marche;AP;A252;6;3,5
Sud;Calabria;CS;A253;38,08;9,17
Nord Est;Friuli- Venezia Giulia;UD;A254;5;2,5
Sud;Calabria;CZ;A255;0;2
Centro;Lazio;FR;A256;1;1
Sud;Calabria;CZ;A257;0;2
Centro;Lazio;RI;A258;5,22;0,22
Nord Ovest;Lombardia;BG;A259;20,75;1
Nord Ovest;Liguria;SP;A261;21,67;12,68
Centro;Umbria;TR;A262;29;13,27
Sud;Calabria;CS;A263;4;4,14
Nord Ovest;Piemonte;NO;A264;6;0,88
Sud;Campania;BN;A265;1;0
Nord Est;Friuli- Venezia Giulia;UD;A267;0;0
Sud;Campania;NA;A268;1;7
Centro;Lazio;FR;A269;25,28;19
Sud;Abruzzo ;TE;A270;4;1
Centro;Marche;AN;A271;401,1;64,42
Sud;Calabria;CZ;A272;0;0
Nord Ovest;Lombardia;SO;A273;0,5;2
Nord Ovest;Piemonte;TO;A275;12,1;6
Nord Ovest;Liguria;SV;A278;146,22;48,75
Nord Ovest;Piemonte;BI;A280;22,33;3
Sud;Puglia;LE;A281;4;1
Nord Ovest;Piemonte;TO;A282;1;1
Nord Est;Friuli- Venezia Giulia;PN;A283;1;1
Sud;Campania;AV;A284;0;0,5
Sud;Puglia;BA;A285;360,82;158,63
Isole;Sardegna;SS;A287;0;1
Nord Ovest;Lombardia;BS;A288;3;0
Nord Ovest;Lombardia;VA;A290;29,83;4
Centro;Toscana;AR;A291;15,72;6,5
Nord Est;Veneto;VR;A292;19;1
Nord Ovest;Lombardia;BS;A293;16;5
Sud;Campania;SA;A294;126,58;38,4
Nord Ovest;Piemonte;TO;A295;3,67;3,33
Nord Est;Veneto;PD;A296;17,16;1,22
Centro;Lazio;RM;A297;49,4;8
Nord Ovest;Lombardia;CR;A299;7;0
Nord Ovest;Piemonte;AT;A300;6;3
Nord Ovest;Lombardia;LC;A301;16;2
Nord Est;Veneto;VE;A302;20,5;3
Sud;Calabria;RC;A303;0;2
Nord Ovest;Lombardia;BG;A304;22;0
Nord Ovest;Valle d'Aosta;AO;A305;8;1
Nord Ovest;Valle d'Aosta;AO;A308;4;1
Centro;Lazio;RM;A309;1;2
Centro;Lazio;FR;A310;35;14,5
Nord Ovest;Piemonte;AT;A312;2;1
Isole;Sicilia;ME;A313;1;1
Sud;Calabria;RC;A314;0;0
Centro;Lazio;RI;A315;5;1
Nord Ovest;Piemonte;VB;A317;0;2,5
Sud;Abruzzo ;AQ;A318;1;0
Nord Ovest;Lombardia;CO;A319;12,5;0
Sud;Puglia;FG;A320;2;1
Sud;Basilicata;PZ;A321;1;5
Centro;Lazio;RM;A323;311,75;73
Nord Est;Emilia-Romagna;BO;A324;129,67;11
Nord Ovest;Piemonte;VB;A325;1;0
Nord Ovest;Valle d'Aosta;AO;A326;236,13;73,46
Centro;Marche;PS;A327;5;5
Sud;Campania;BN;A328;5,25;1
Centro;Marche;MC;A329;3,25;1,83
Sud;Campania;BN;A330;0;0
Nord Ovest;Lombardia;CO;A333;88,78;8,16
Centro;Marche;MC;A334;8,5;2,69
Centro;Marche;AP;A335;2;0
Nord Ovest;Lombardia;SO;A337;71,33;14,61
Nord Ovest;Liguria;IM;A338;0;6,5
Sud;Puglia;FG;A339;36,39;3
Sud;Calabria;CS;A340;0;1
Centro;Lazio;LT;A341;385,57;103,86
Sud;Campania;SA;A343;0,5;1
Nord Ovest;Liguria;IM;A344;0;0
Sud;Abruzzo ;AQ;A345;374,66;142,52
Sud;Campania;AV;A347;2;0
Centro;Lazio;FR;A348;4,83;0,5
Sud;Puglia;LE;A350;8;2,67
Isole;Sicilia;AG;A351;2,33;13,67
Nord Ovest;Piemonte;AT;A352;2;1
Nord Est;Friuli- Venezia Giulia;PN;A354;1,5;1
Isole;Sardegna;NU;A355;66,75;7
Isole;Sardegna;OR;A357;2;1
Nord Ovest;Piemonte;VC;A358;10,5;6
Isole;Sardegna;CA;A359;13;4,09
Nord Est;Veneto;TV;A360;39,98;2
Centro;Lazio;FR;A363;2;3,5
Nord Ovest;Lombardia;BG;A365;43,99;1,56
Centro;Marche;AN;A366;6,16;0,5
Sud;Abruzzo ;CH;A367;1,61;2,78
Isole;Sardegna;OR;A368;0;0,5
Centro;Toscana;GR;A369;18,5;12,5
Centro;Lazio;RM;A370;4,34;3
Nord Ovest;Lombardia;VA;A371;100,55;6,17
Nord Ovest;Liguria;SP;A373;17,5;23,5
Nord Est;Veneto;VR;A374;46,38;6,02
Nord Ovest;Lombardia;MI;A375;70;15,22
Nord Ovest;Lombardia;MI;A376;163,47;13,33
Nord Est;Veneto;VI;A377;54,17;7,83
Isole;Sardegna;SS;A379;0;1
Isole;Sardegna;OR;A380;0;0
Nord Ovest;Lombardia;SO;A382;6;4,66
Nord Ovest;Lombardia;BG;A383;22;6,58
Sud;Calabria;RC;A385;5,5;2
Sud;Calabria;VV;A386;0;2
Nord Ovest;Lombardia;PV;A387;6;2
Nord Ovest;Liguria;GE;A388;153,32;34,16
Nord Ovest;Lombardia;MI;A389;302,81;19,52
Centro;Toscana;AR;A390;593,91;112,65
Nord Ovest;Lombardia;CO;A391;25;8,51
Nord Est;Emilia-Romagna;BO;A392;118,83;4,93
Nord Est;Emilia-Romagna;FE;A393;122,59;7
Nord Ovest;Piemonte;CN;A394;11,33;0
Nord Ovest;Piemonte;CN;A396;1;0
Sud;Calabria;CZ;A397;0;1
Sud;Abruzzo ;CH;A398;2;0
Sud;Campania;AV;A399;35,93;12
Nord Est;Veneto;RO;A400;10;5
Centro;Lazio;RM;A401;54,24;13,5
Sud;Abruzzo ;CH;A402;1;2
Sud;Campania;CE;A403;3;2
Nord Ovest;Piemonte;TO;A405;4;0
Isole;Sardegna;NU;A407;0;0
Nord Ovest;Piemonte;VB;A409;11,5;1
Centro;Lazio;VT;A412;0;6
Nord Ovest;Lombardia;MI;A413;171,58;11,02
Nord Ovest;Piemonte;NO;A414;10;2
Sud;Basilicata;PZ;A415;1;3
Nord Ovest;Liguria;IM;A418;0;0
Isole;Sardegna;CA;A419;0;0
Centro;Lazio;FR;A421;1;2
Nord Ovest;Liguria;SV;A422;0;2
Nord Ovest;Valle d'Aosta;AO;A424;2,76;1,78
Sud;Puglia;LE;A425;1;0
Nord Ovest;Piemonte;VB;A427;0;0
Nord Ovest;Piemonte;NO;A429;143,15;14,28
Nord Ovest;Lombardia;CO;A430;73,5;14
Sud;Campania;BN;A431;0;0
Sud;Campania;BN;A432;0;1
Centro;Lazio;FR;A433;1,33;3,5
Nord Est;Veneto;PD;A434;12,84;2
Nord Est;Veneto;RO;A435;13,5;1
Nord Ovest;Piemonte;AL;A436;35;12,5
Centro;Marche;AP;A437;0;0
Nord Est;Veneto;PD;A438;7;0
Centro;Umbria;TR;A439;6,5;5,5
Nord Ovest;Lombardia;BG;A440;26,67;0
Nord Ovest;Lombardia;VA;A441;62,72;5,5
Nord Est;Veneto;BL;A443;10,03;3
Nord Est;Veneto;VI;A444;22,26;2,98
Sud;Abruzzo ;TE;A445;0;0
Centro;Lazio;RM;A446;2;3,67
Nord Est;Friuli- Venezia Giulia;UD;A447;8;3
Nord Est;Friuli- Venezia Giulia;UD;A448;6;2
Centro;Lazio;RM;A449;26,33;1
Nord Ovest;Lombardia;BS;A451;33,17;8
Nord Ovest;Valle d'Aosta;AO;A452;1;0
Isole;Sardegna;SS;A453;113,06;28
Isole;Sardegna;NU;A454;0;0
Sud;Campania;NA;A455;24,23;8,2
Nord Est;Veneto;PD;A458;33,75;0
Nord Est;Veneto;VI;A459;226,74;16,51
Sud;Campania;SA;A460;37,5;10,94
Centro;Toscana;SI;A461;29,94;13,83
Centro;Marche;AP;A462;169,9;51,57
Sud;Puglia;FG;A463;16,5;6,5
Centro;Lazio;RI;A464;3;2
Nord Est;Veneto;VI;A465;135,94;19,61
Nord Ovest;Piemonte;VC;A466;5;2,5
Nord Est;Veneto;VI;A467;6;0
Centro;Toscana;SI;A468;42,25;8,17
Nord Ovest;Lombardia;MN;A470;71,94;4
Nord Est;Veneto;TV;A471;61,89;5,17
Centro;Lazio;RI;A472;11,58;2,08
Nord Ovest;Lombardia;MI;A473;140,18;34,35
Isole;Sardegna;CA;A474;88,3;9,56
Centro;Umbria;PG;A475;128,61;29,94
Nord Ovest;Lombardia;CO;A476;14;3,5
Isole;Sardegna;OR;A477;0;0
Isole;Sicilia;EN;A478;3,8;8,61
Nord Ovest;Piemonte;AT;A479;538,18;48,5
Isole;Sardegna;OR;A480;0;0
Sud;Abruzzo ;AQ;A481;0;1
Sud;Basilicata;PZ;A482;9;1
Sud;Campania;SA;A484;2;2
Sud;Abruzzo ;CH;A485;26,17;3
Centro;Lazio;FR;A486;4;1
Sud;Campania;SA;A487;0;2
Sud;Abruzzo ;TE;A488;22,34;19
Sud;Campania;AV;A489;29,69;12,16
Centro;Umbria;TR;A490;4,5;6
Nord Est;Friuli- Venezia Giulia;UD;A491;2;0
Isole;Sardegna;NU;A492;0;1
Centro;Marche;PS;A493;4,17;0
Isole;Sicilia;SR;A494;91,77;15,33
Sud;Campania;SA;A495;3,86;3
Centro;Toscana;MS;A496;58,67;20,32
Nord Ovest;Piemonte;VB;A497;0;0
Nord Ovest;Liguria;IM;A499;0;2
Nord Est;Veneto;BL;A501;29,35;15,75
Centro;Lazio;FR;A502;1;2
Isole;Sardegna;NU;A503;1;0
Nord Ovest;Liguria;GE;A506;19,85;1
Sud;Campania;AV;A508;1;2
Sud;Campania;AV;A509;194,87;28,85
Nord Ovest;Lombardia;BG;A511;3;0
Sud;Campania;CE;A512;226,49;42,43
Sud;Puglia;TA;A514;6,53;3
Sud;Abruzzo ;AQ;A515;171,51;39,7
Nord Est;Friuli- Venezia Giulia;PN;A516;97,22;27,5
Nord Ovest;Lombardia;BG;A517;27,33;3,8
Nord Ovest;Piemonte;TO;A518;157,83;27
Sud;Basilicata;PZ;A519;14,69;10,5
Nord Ovest;Valle d'Aosta;AO;A521;0;0
Isole;Sicilia;SR;A522;53,22;16,96
Nord Ovest;Piemonte;AL;A523;0;0
Nord Ovest;Piemonte;TO;A525;13;5
Nord Ovest;Lombardia;CR;A526;2;0
Nord Ovest;Piemonte;AT;A527;2;0
Nord Ovest;Lombardia;BG;A528;89,11;17,45
Nord Ovest;Lombardia;BS;A529;45,5;2
Nord Est;Friuli- Venezia Giulia;PN;A530;133,23;19
Nord Ovest;Lombardia;VA;A531;40,33;15
Nord Ovest;Lombardia;VA;A532;6;0
Nord Ovest;Lombardia;BG;A533;1,9;0
Nord Ovest;Piemonte;VB;A534;5,5;0
Sud;Campania;NA;A535;12,42;11,46
Nord Ovest;Liguria;IM;A536;1;12
Nord Ovest;Lombardia;PV;A538;6;2
Nord Est;Veneto;RO;A539;64,14;1,59
Nord Est;Veneto;VR;A540;11,33;3
Centro;Toscana;AR;A541;2;6,54
Sud;Calabria;CZ;A542;0;3
Sud;Calabria;RC;A544;2;0
Isole;Sicilia;PA;A546;44,33;13,66
Nord Est;Emilia-Romagna;RA;A547;89,57;13
Nord Ovest;Lombardia;PV;A550;3,37;1
Nord Est;Emilia-Romagna;RA;A551;10,4;0
Sud;Calabria;RC;A552;13;4
Nord Est;Friuli- Venezia Giulia;UD;A553;14,16;1
Nord Ovest;Piemonte;CN;A555;3;3
Nord Ovest;Lombardia;BG;A557;43,66;4
Centro;Toscana;LU;A560;17;9
Centro;Toscana;PT;A561;149;13,33
Centro;Toscana;PI;A562;137,88;32,66
Centro;Toscana;FI;A564;149,44;28,75
Nord Est;Emilia-Romagna;FO;A565;20,17;5,75
Sud;Campania;AV;A566;8,16;5,5
Sud;Molise;IS;A567;1;4,5
Nord Est;Veneto;PD;A568;10,5;1
Nord Ovest;Lombardia;BS;A569;96,59;9,05
Nord Ovest;Lombardia;CR;A570;38,17;2,01
Nord Ovest;Piemonte;CN;A571;58,7;19
Sud;Puglia;LE;A572;3;0
Nord Est;Emilia-Romagna;RE;A573;92;2
Nord Est;Veneto;RO;A574;3;0
Nord Ovest;Lombardia;MN;A575;41,83;0,08
Centro;Toscana;MS;A576;3,5;14,54
Centro;Lazio;VT;A577;5,5;9,5
Nord Ovest;Lombardia;BS;A578;8,83;7,17
Sud;Campania;CE;A579;1;1
Sud;Campania;AV;A580;9;2
Nord Ovest;Liguria;IM;A581;2;1
Nord Ovest;Piemonte;TO;A584;4;0
Nord Est;Emilia-Romagna;RE;A586;18,01;7
Nord Ovest;Piemonte;TO;A587;9,5;4
Nord Ovest;Piemonte;AT;A588;6;1
Nord Ovest;Piemonte;CN;A589;3;1
Nord Ovest;Piemonte;TO;A590;2;1
Nord Ovest;Piemonte;TO;A591;26,06;3
Isole;Sicilia;PA;A592;2;6,67
Nord Ovest;Liguria;SV;A593;0;0
Nord Ovest;Lombardia;LC;A594;37,17;3
Isole;Sardegna;CA;A597;0;0
Nord Ovest;Piemonte;TO;A599;0;0,5
Nord Ovest;Piemonte;VC;A600;1;0
Nord Ovest;Piemonte;VC;A601;1,08;0
Sud;Abruzzo ;AQ;A603;6;3
Sud;Basilicata;PZ;A604;2,5;2
Nord Ovest;Piemonte;AL;A605;7;0
Isole;Sardegna;SS;A606;0;0
Nord Ovest;Piemonte;TO;A607;28;4
Isole;Sardegna;OR;A609;0;0
Nord Ovest;Piemonte;VB;A610;0,5;1
Sud;Basilicata;PZ;A612;0;0
Nord Est;Veneto;PD;A613;15;1
Isole;Sardegna;OR;A614;0;0
Sud;Basilicata;PZ;A615;4;10
Sud;Molise;CB;A616;6;2
Sud;Campania;NA;A617;2,5;4,17
Nord Ovest;Lombardia;MI;A618;46,67;11
Nord Ovest;Lombardia;VA;A619;6,33;4
Isole;Sardegna;OR;A621;0;0
Nord Ovest;Piemonte;TO;A625;11,99;2
Centro;Marche;AN;A626;2;0
Centro;Lazio;VT;A628;3;1
Nord Ovest;Piemonte;CN;A629;1;0
Nord Ovest;Lombardia;BS;A630;9,67;0
Nord Ovest;Lombardia;BG;A631;2,58;2
Centro;Toscana;FI;A632;72,5;11,96
Centro;Toscana;FI;A633;14;5,13
Nord Ovest;Lombardia;PV;A634;3,34;0
Nord Est;Veneto;PD;A637;0;1
Isole;Sicilia;ME;A638;13,57;16,12
Nord Est;Friuli- Venezia Giulia;PN;A640;1,83;0
Nord Ovest;Valle d'Aosta;AO;A643;0;0
Nord Ovest;Lombardia;VA;A645;8,5;1,5
Nord Est;Emilia-Romagna;PR;A646;14,25;2,11
Nord Ovest;Liguria;SV;A647;3;0
Nord Est;Veneto;VR;A650;117,9;3,5
Nord Ovest;Piemonte;TO;A651;134,77;10,67
Nord Ovest;Lombardia;MI;A652;198,69;16,5
Nord Ovest;Piemonte;NO;A653;2;0
Isole;Sardegna;OR;A655;0;0
Sud;Abruzzo ;AQ;A656;1;0
Centro;Toscana;LU;A657;29,45;11,92
Nord Ovest;Liguria;GE;A658;5,68;14,25
Nord Ovest;Piemonte;CN;A660;34,94;11
Nord Ovest;Lombardia;BS;A661;3,17;0
Sud;Puglia;BA;A662;2207,74;465,08
Isole;Sardegna;NU;A663;4;3
Nord Ovest;Lombardia;BG;A664;24,92;3,25
Nord Est;Emilia-Romagna;BO;A665;54,53;3
Sud;Basilicata;PZ;A666;5;5
Sud;Abruzzo ;AQ;A667;4;1
Nord Ovest;Lombardia;MI;A668;67,15;7,5
Sud;Puglia;BA;A669;376,82;68,2
Nord Ovest;Lombardia;CO;A670;6;0
Nord Ovest;Piemonte;CN;A671;2;0
Nord Ovest;Piemonte;TO;A673;0,67;1,83
Sud;Campania;SA;A674;110,07;22,1
Isole;Sicilia;EN;A676;13;1,93
Isole;Sardegna;CA;A677;0;0
Sud;Abruzzo ;AQ;A678;0;0
Isole;Sardegna;CA;A681;0;1
Nord Ovest;Lombardia;LC;A683;20,12;1,08
Nord Ovest;Lombardia;BG;A684;17;0,5
Nord Ovest;Lombardia;LC;A686;37,72;3
Nord Ovest;Lombardia;LC;A687;22,17;3
Nord Ovest;Piemonte;AL;A689;15,5;2
Nord Ovest;Lombardia;PV;A690;6,29;2
Centro;Umbria;TR;A691;6;6,83
Sud;Abruzzo ;TE;A692;2;0
Sud;Campania;BN;A696;1;2
Nord Ovest;Lombardia;MI;A697;50,25;1
Isole;Sicilia;ME;A698;2;0
Nord Ovest;Lombardia;MI;A699;139,3;10
Nord Est;Friuli- Venezia Giulia;UD;A700;19;0
Centro;Lazio;VT;A701;6;11,9
Nord Ovest;Lombardia;BS;A702;10,65;1
Nord Est;Veneto;VI;A703;431,92;28,5
Centro;Lazio;VT;A704;8;6
Nord Ovest;Lombardia;VA;A705;2;0
Centro;Lazio;VT;A706;2;9
Centro;Lazio;LT;A707;3;0
Nord Ovest;Piemonte;AL;A708;9,5;1
Nord Ovest;Piemonte;CN;A709;1;0
Centro;Umbria;PG;A710;130,03;23,17
Nord Ovest;Lombardia;PV;A712;5;0
Nord Est;Emilia-Romagna;MO;A713;41,5;3
Nord Est;Veneto;PD;A714;42;2,5
Nord Ovest;Piemonte;CN;A716;0;0,25
Sud;Campania;SA;A717;111,53;41,58
Nord Ovest;Lombardia;PV;A718;7,5;0
Isole;Sicilia;PA;A719;1;2
Centro;Lazio;FR;A720;1;1
Isole;Sardegna;OR;A721;0;0
Isole;Sardegna;NU;A722;3;0
Nord Ovest;Piemonte;VB;A725;45;5
Nord Ovest;Lombardia;VA;A728;10,43;0
Nord Ovest;Lombardia;BS;A729;117,66;4,17
Nord Est;Emilia-Romagna;PR;A731;12;0
Nord Ovest;Lombardia;BG;A732;6;3
Nord Ovest;Piemonte;VB;A733;16;0
Nord Ovest;Piemonte;TO;A734;142,51;10
Nord Ovest;Piemonte;CN;A735;46;4
Sud;Calabria;CZ;A736;1;0
Nord Est;Veneto;VR;A737;34,02;2
Nord Ovest;Piemonte;AL;A738;2;1
Centro;Marche;MC;A739;5;1
Centro;Marche;PS;A740;1,5;0
Nord Ovest;Lombardia;PV;A741;42;7,5
Nord Ovest;Piemonte;VB;A742;8;1
Sud;Basilicata;PZ;A743;4,95;8,91
Nord Ovest;Lombardia;LC;A745;37;10
Sud;Abruzzo ;TE;A746;17,5;4
Nord Est;Emilia-Romagna;RN;A747;134,92;14,66
Centro;Lazio;RM;A749;1;5,5
Nord Ovest;Piemonte;CN;A750;0;2
Nord Ovest;Lombardia;MI;A751;41,02;5,1
Nord Ovest;Piemonte;NO;A752;75,16;6,5
Sud;Campania;CE;A755;19;1
Sud;Campania;SA;A756;1;1
Nord Est;Veneto;BL;A757;231,23;40,6
Nord Ovest;Lombardia;MI;A759;77,8;8,92
Centro;Marche;AP;A760;0;0
Sud;Molise;IS;A761;0;0
Sud;Calabria;CS;A762;8;0
Centro;Lazio;FR;A763;0;0
Isole;Sicilia;PA;A764;0;2
Centro;Lazio;RI;A765;0;1
Isole;Sicilia;CT;A766;74,78;51,5
Sud;Calabria;CS;A768;0;1
Centro;Marche;AN;A769;9;5
Nord Ovest;Piemonte;AT;A770;0;0
Nord Est;Emilia-Romagna;BO;A771;20,5;6,67
Sud;Calabria;KR;A772;0;0
Sud;Calabria;CS;A773;18,5;8
Nord Ovest;Piemonte;CN;A774;1,5;0
Isole;Sardegna;NU;A776;0;0
Nord Ovest;Lombardia;SO;A777;1;4
Nord Ovest;Lombardia;CO;A778;0;1
Nord Ovest;Piemonte;CN;A779;18,25;4,5
Sud;Calabria;RC;A780;0;1
Isole;Sardegna;SS;A781;0;0
Nord Ovest;Piemonte;CN;A782;2;0
Sud;Campania;BN;A783;107,83;60,29
Nord Ovest;Piemonte;BI;A784;3;0
Nord Est;Emilia-Romagna;BO;A785;79,89;4
Nord Ovest;Lombardia;BG;A786;12,6;2,5
Nord Ovest;Lombardia;SO;A787;4;8,32
Nord Est;Emilia-Romagna;PR;A788;14,5;1,22
Isole;Sardegna;SS;A789;0;0
Nord Ovest;Lombardia;CO;A791;30;4
Nord Ovest;Lombardia;PV;A792;17,97;1,5
Nord Ovest;Piemonte;AL;A793;3;0
Nord Ovest;Lombardia;BG;A794;1437,97;168,35
Nord Est;Veneto;RO;A795;6,42;0
Nord Ovest;Liguria;SV;A796;40;17
Nord Ovest;Piemonte;CN;A798;1;0
Nord Ovest;Lombardia;BS;A799;24,53;1
Sud;Basilicata;MT;A801;27;12
Nord Ovest;Lombardia;MI;A802;139,84;27,5
Nord Ovest;Lombardia;MI;A804;21,19;3
Nord Ovest;Piemonte;CN;A805;15,33;2,5
Nord Est;Emilia-Romagna;FE;A806;16,5;7
Nord Est;Emilia-Romagna;FO;A809;111,22;4
Nord Est;Friuli- Venezia Giulia;UD;A810;7;1,42
Nord Ovest;Lombardia;LO;A811;8;1
Nord Ovest;Piemonte;AT;A812;3;0
Nord Ovest;Piemonte;AL;A813;1;0
Nord Ovest;Lombardia;BG;A815;5;1
Nord Ovest;Lombardia;BS;A816;2;3,13
Nord Ovest;Lombardia;BS;A817;11;3,42
Nord Ovest;Lombardia;MI;A818;157,46;21,83
Nord Ovest;Lombardia;VA;A819;11,5;1
Nord Ovest;Lombardia;MI;A820;24,21;3
Nord Est;Emilia-Romagna;PC;A823;5;0
Nord Ovest;Lombardia;VA;A825;42,46;1
Nord Ovest;Lombardia;VA;A826;63;2
Isole;Sardegna;SS;A827;1;1
Nord Est;Emilia-Romagna;PC;A831;4;4,5
Centro;Umbria;PG;A832;15,5;4
Nord Ovest;Piemonte;VB;A834;6;2,83
Centro;Umbria;PG;A835;22,33;2,67
Nord Ovest;Liguria;SP;A836;2;4,42
Nord Est;Veneto;VR;A837;17,92;2,92
Isole;Sicilia;CT;A841;25;16,5
Sud;Calabria;CS;A842;0;0
Sud;Calabria;RC;A843;4;1
Nord Ovest;Piemonte;NO;A844;10,67;3
Nord Ovest;Lombardia;VA;A845;25,17;4
Nord Ovest;Lombardia;BG;A846;7,84;1
Nord Ovest;Piemonte;VC;A847;13;4
Nord Ovest;Lombardia;SO;A848;0;5,5
Nord Ovest;Lombardia;MI;A849;128,71;34,26
Nord Est;Emilia-Romagna;RE;A850;89,49;8
Centro;Toscana;AR;A851;41,47;9,95
Centro;Toscana;LI;A852;14,58;5,03
Nord Ovest;Piemonte;TO;A853;20,06;3,86
Sud;Puglia;FG;A854;4,33;2
Nord Est;Friuli- Venezia Giulia;UD;A855;8;0
Isole;Sardegna;OR;A856;0;0
Centro;Lazio;VT;A857;8,5;6
Nord Ovest;Piemonte;BI;A859;363,53;51,47
Nord Ovest;Lombardia;BS;A861;9,5;7,94
Centro;Toscana;PI;A864;72,98;12,34
Nord Ovest;Lombardia;MN;A866;15;0
Nord Ovest;Lombardia;CO;A870;46,71;7,88
Nord Ovest;Lombardia;MI;A872;85,08;10,75
Sud;Puglia;BA;A874;6;5
Nord Ovest;Piemonte;BI;A876;2;2
Nord Ovest;Valle d'Aosta;AO;A877;1;0,17
Nord Ovest;Lombardia;BS;A878;1;1,75
Isole;Sardegna;NU;A880;1;0
Sud;Campania;AV;A881;21;3
Isole;Sicilia;PA;A882;7;10,5
Sud;Puglia;BA;A883;199,47;149,33
Sud;Abruzzo ;AQ;A884;0;0
Sud;Abruzzo ;TE;A885;0;0,33
Sud;Calabria;CS;A887;4;10,89
Nord Ovest;Piemonte;AL;A889;6;1
Nord Ovest;Lombardia;VA;A891;34,55;2
Sud;Puglia;BA;A892;59,86;16,86
Sud;Puglia;BA;A893;206,59;75,18
Sud;Puglia;BA;A894;113,67;23
Isole;Sardegna;NU;A895;0,5;0
Isole;Sicilia;AG;A896;3;11,5
Sud;Calabria;RC;A897;0;4
Nord Ovest;Lombardia;CO;A898;29,51;7,57
Nord Ovest;Lombardia;BG;A903;0;0
Nord Ovest;Lombardia;CO;A904;4;0
Nord Ovest;Lombardia;CO;A905;14;6,05
Nord Est;Veneto;PD;A906;14;0
Nord Est;Emilia-Romagna;PC;A909;19,8;5,75
Nord Ovest;Piemonte;TO;A910;7,5;0
Nord Ovest;Piemonte;NO;A911;2;2
Sud;Calabria;CS;A912;1;1
Nord Ovest;Piemonte;VC;A914;1;0
Nord Ovest;Lombardia;VA;A918;16,5;1,44
Nord Ovest;Lombardia;LO;A919;15,5;2
Nord Ovest;Lombardia;MI;A920;22,8;5
Nord Ovest;Liguria;GE;A922;82,83;10
Nord Ovest;Piemonte;VB;A925;3;6,5
Nord Ovest;Piemonte;NO;A929;6;1
Sud;Molise;CB;A930;20;6
Nord Ovest;Liguria;SV;A931;29;14
Nord Ovest;Liguria;SP;A932;20,83;11,04
Nord Ovest;Lombardia;BG;A937;68,71;0,27
Nord Ovest;Lombardia;MI;A940;351,48;100,59
Nord Ovest;Piemonte;TO;A941;14;3
Sud;Basilicata;MT;A942;12;1,25
Nord Est;Emilia-Romagna;BO;A944;2930,41;722,28
Sud;Abruzzo ;PE;A945;0;0
Isole;Sicilia;PA;A946;0;1
Centro;Marche;MC;A947;0;0
Isole;Sardegna;NU;A948;1;2
Centro;Lazio;VT;A949;23;13,5
Nord Ovest;Lombardia;BG;A950;86,74;5,17
Nord Ovest;Piemonte;NO;A953;9;0,5
Nord Est;Veneto;VI;A954;73,45;3
Centro;Lazio;VT;A955;10;6
Sud;Abruzzo ;CH;A956;1;0
Isole;Sicilia;CL;A957;1;1
Isole;Sicilia;PA;A958;4;3
Nord Est;Emilia-Romagna;MO;A959;76,75;1,28
Isole;Sardegna;OR;A960;0;1
Nord Ovest;Liguria;SP;A961;13,25;4
Nord Ovest;Lombardia;BG;A962;60,33;9,23
Nord Ovest;Lombardia;BG;A963;169,83;5,25
Nord Est;Veneto;VR;A964;7,67;0
Nord Est;Emilia-Romagna;FE;A965;62,08;5,22
Sud;Campania;BN;A970;0;0
Sud;Molise;CB;A971;1;0
Nord Ovest;Lombardia;CR;A972;9,5;1
Sud;Calabria;CS;A973;1;5
Sud;Campania;AV;A975;2;1
Isole;Sardegna;SS;A976;4;1
Isole;Sardegna;SS;A977;0;0
Isole;Sardegna;SS;A978;2,5;2
Nord Ovest;Piemonte;CN;A979;0;0
Centro;Lazio;RI;A981;1;5
Nord Est;Veneto;BL;A982;10,17;7
Nord Est;Friuli- Venezia Giulia;UD;A983;3;0
Nord Ovest;Liguria;IM;A984;159,73;42,13
Nord Ovest;Lombardia;CR;A986;3;1
Nord Est;Emilia-Romagna;PR;A987;5,02;2
Nord Est;Emilia-Romagna;RE;A988;42,67;4
Nord Ovest;Lombardia;PV;A989;35,5;2
Nord Ovest;Piemonte;TO;A990;116,17;2
Isole;Sicilia;PA;A991;7;2
Nord Ovest;Liguria;SP;A992;16;14
Nord Ovest;Liguria;IM;A993;0;0
Nord Ovest;Lombardia;LO;A995;42,1;0
Centro;Lazio;RI;A996;1;1,5
Nord Ovest;Piemonte;AL;A998;5,5;4
Nord Ovest;Liguria;SV;A999;120,33;43,5
Nord Est;Emilia-Romagna;FO;B001;107;13
Sud;Calabria;CZ;B002;2;6
Nord Ovest;Piemonte;TO;B003;3;0
Nord Ovest;Liguria;SV;B005;34;5
Centro;Toscana;LU;B007;10,13;8,4
Centro;Lazio;RI;B008;11;11,33
Nord Ovest;Piemonte;VC;B009;13;2
Nord Ovest;Lombardia;BG;B010;6;1
Nord Ovest;Lombardia;MN;B012;19;1
Nord Ovest;Lombardia;MN;B013;0;0
Nord Ovest;Lombardia;PV;B014;2;0
Nord Ovest;Piemonte;TO;B015;13;2,61
Nord Ovest;Piemonte;NO;B016;8;2,42
Nord Ovest;Lombardia;LO;B017;30,5;4
Nord Ovest;Piemonte;CN;B018;2;0
Nord Ovest;Piemonte;NO;B019;166,2;16
Nord Ovest;Liguria;IM;B020;0;9,17
Nord Ovest;Piemonte;TO;B021;1;0
Nord Ovest;Piemonte;TO;B024;18,29;2
Nord Est;Emilia-Romagna;PC;B025;60,25;5,67
Centro;Marche;PS;B026;0;0,67
Nord Ovest;Lombardia;PV;B028;8;2
Nord Ovest;Piemonte;AL;B029;1;0
Nord Ovest;Lombardia;PV;B030;2;2
Nord Est;Veneto;PD;B031;52,72;1,5
Nord Ovest;Piemonte;CN;B033;98,54;43,22
Nord Est;Emilia-Romagna;PR;B034;275,13;19,53
Nord Ovest;Lombardia;BS;B035;15,25;2
Centro;Toscana;FI;B036;113,92;26,03
Nord Ovest;Piemonte;AL;B037;2;0
Nord Ovest;Lombardia;PV;B038;1,77;1
Nord Ovest;Lombardia;BS;B040;84,75;3
Nord Ovest;Piemonte;VC;B041;94,46;18,33
Nord Est;Emilia-Romagna;PR;B042;30,4;9,5
Nord Ovest;Piemonte;NO;B043;42,35;4
Nord Est;Emilia-Romagna;BO;B044;24,17;0,5
Nord Ovest;Piemonte;VC;B046;22,5;5
Nord Ovest;Liguria;SV;B048;0;0
Nord Ovest;Lombardia;SO;B049;55,5;36,24
Nord Ovest;Lombardia;PV;B051;34,5;0
Nord Ovest;Lombardia;BS;B054;34,83;3,38
Isole;Sardegna;OR;B055;0;0
Isole;Sardegna;NU;B056;5;0
Sud;Abruzzo ;CH;B057;0;3
Nord Ovest;Piemonte;BI;B058;3,89;2
Nord Est;Veneto;TV;B061;27,5;3
Isole;Sardegna;NU;B062;3;2
Isole;Sardegna;SS;B063;2,13;0
Isole;Sardegna;SS;B064;1;0
Nord Ovest;Liguria;GE;B067;2,33;4
Isole;Sardegna;NU;B068;11,25;12
Nord Est;Veneto;RO;B069;5;0
Nord Est;Veneto;VR;B070;8,08;1
Nord Ovest;Piemonte;AL;B071;7,42;2
Nord Est;Veneto;VR;B073;62,33;7,5
Nord Ovest;Piemonte;TO;B075;21;3,5
Sud;Campania;NA;B076;26,89;17,75
Sud;Campania;NA;B077;9;12
Nord Ovest;Piemonte;CN;B079;0;0
Nord Ovest;Piemonte;AL;B080;1;0
Nord Ovest;Lombardia;LC;B081;17;4
Nord Ovest;Lombardia;PV;B082;3;1
Nord Ovest;Lombardia;BG;B083;4;0
Nord Ovest;Piemonte;CN;B084;6;1
Sud;Calabria;CZ;B085;0,33;2
Sud;Puglia;LE;B086;2;1
Nord Ovest;Lombardia;BG;B088;40,5;5
Nord Ovest;Lombardia;BS;B091;59,5;9,58
Isole;Sardegna;SS;B094;0;0
Sud;Calabria;RC;B097;1;0
Sud;Calabria;RC;B098;3;3
Sud;Calabria;RC;B099;2;1
Nord Ovest;Lombardia;BS;B100;4,84;2,25
Nord Ovest;Piemonte;CN;B101;47,75;18,42
Nord Ovest;Lombardia;BS;B102;71,94;0
Sud;Puglia;FG;B104;8;6,85
Nord Ovest;Lombardia;MI;B105;158,24;15,75
Nord Est;Veneto;PD;B106;18,5;0
Nord Est;Veneto;VR;B107;143,03;9,81
Nord Ovest;Piemonte;AL;B109;2;0
Nord Ovest;Lombardia;MN;B110;22,28;0
Nord Ovest;Piemonte;CN;B111;287,48;42,25
Nord Ovest;Lombardia;BG;B112;5;2
Centro;Lazio;RM;B114;126,68;68,83
Sud;Campania;SA;B115;4;3,03
Nord Ovest;Lombardia;PV;B117;2,5;4,5
Sud;Calabria;RC;B118;3,33;2
Nord Ovest;Lombardia;BS;B120;23,33;2
Nord Ovest;Piemonte;TO;B121;107,83;5
Nord Ovest;Lombardia;BG;B123;10,5;1,5
Nord Ovest;Lombardia;BS;B124;2;0
Nord Ovest;Lombardia;VA;B126;15,03;4
Nord Est;Veneto;TV;B128;51,81;5,98
Nord Ovest;Lombardia;CR;B129;43,75;2,17
Nord Ovest;Lombardia;VA;B131;7;0,01
Nord Est;Veneto;VI;B132;52,83;6
Nord Ovest;Lombardia;CO;B134;58,46;6,07
Nord Ovest;Lombardia;BG;B137;119,18;4,47
Nord Ovest;Lombardia;BG;B138;88,79;11,84
Nord Ovest;Lombardia;LO;B141;25,91;1
Nord Ovest;Lombardia;PV;B142;1;0
Nord Est;Veneto;VI;B143;41,6;4,05
Nord Ovest;Lombardia;CO;B144;18;3
Nord Ovest;Lombardia;BS;B149;10,26;4
Nord Ovest;Lombardia;VA;B150;15,68;2
Nord Est;Veneto;VR;B152;1;1
Nord Est;Veneto;VR;B154;32,5;11,5
Nord Est;Emilia-Romagna;RE;B156;41,61;4
Nord Ovest;Lombardia;BS;B157;1890,14;151,94
Nord Ovest;Lombardia;PV;B159;22;2
Nord Est;Veneto;VI;B161;20;1
Nord Ovest;Lombardia;MI;B162;234,1;47,33
Nord Ovest;Lombardia;VA;B166;27;4
Nord Ovest;Piemonte;CN;B167;0;0
Sud;Calabria;VV;B169;4;1
Nord Ovest;Piemonte;TO;B171;36,25;3,3
Nord Ovest;Lombardia;CO;B172;1;5
Sud;Basilicata;PZ;B173;0;6,25
Nord Ovest;Piemonte;CN;B175;0;0
Nord Ovest;Piemonte;NO;B176;17,25;0
Nord Ovest;Lombardia;BG;B178;72,47;6,3
Nord Ovest;Piemonte;AL;B179;0;0
Sud;Puglia;BR;B180;450,67;50,81
Sud;Basilicata;PZ;B181;1,35;2,45
Nord Ovest;Lombardia;VA;B182;1;1
Nord Ovest;Piemonte;NO;B183;3,61;1
Nord Ovest;Lombardia;BS;B184;1;1
Nord Ovest;Lombardia;MI;B187;66,54;8
Nord Est;Emilia-Romagna;RA;B188;23,67;7
Nord Ovest;Lombardia;VA;B191;4;4
Nord Ovest;Valle d'Aosta;AO;B192;10;1
Sud;Abruzzo ;PE;B193;0;0
Nord Ovest;Lombardia;LC;B194;35,08;5,36
Centro;Lazio;FR;B195;4,2;2
Nord Est;Veneto;VI;B196;43,75;2
Sud;Calabria;VV;B197;0;0
Isole;Sicilia;ME;B198;7;22
Nord Ovest;Piemonte;CN;B200;2;1
Nord Ovest;Lombardia;PV;B201;53,58;8
Isole;Sicilia;CT;B202;30,5;45,81
Nord Ovest;Piemonte;CN;B204;6,72;4
Nord Ovest;Piemonte;TO;B205;3;0
Nord Ovest;Piemonte;VB;B207;7,5;3
Nord Ovest;Piemonte;TO;B209;4;1
Nord Ovest;Lombardia;MI;B212;366,11;72,56
Nord Est;Veneto;PD;B213;35,08;1
Nord Ovest;Liguria;SP;B214;4;3
Nord Est;Friuli- Venezia Giulia;PN;B215;57,8;8,75
Nord Ovest;Piemonte;TO;B216;98,16;11
Nord Ovest;Lombardia;BG;B217;1,93;0
Nord Ovest;Lombardia;CO;B218;5,5;2
Nord Ovest;Lombardia;VA;B219;7,75;0
Nord Ovest;Piemonte;AT;B221;0;0
Nord Ovest;Lombardia;BG;B223;72,5;8
Nord Ovest;Piemonte;TO;B225;15;0
Sud;Campania;NA;B227;17,11;13,39
Nord Ovest;Lombardia;VA;B228;11;1
Nord Ovest;Piemonte;BI;B229;15,34;4,67
Nord Ovest;Valle d'Aosta;AO;B230;24;9,5
Nord Ovest;Piemonte;TO;B232;12,67;5,25
Sud;Calabria;RC;B234;0;0
Nord Ovest;Lombardia;MI;B235;24;1
Nord Ovest;Piemonte;AT;B236;2,5;1,5
Isole;Sicilia;SR;B237;6;2
Sud;Abruzzo ;CH;B238;3;1,33
Sud;Campania;BN;B239;1;1
Nord Ovest;Lombardia;MI;B240;275,01;12,59
Sud;Campania;SA;B242;0;15
Centro;Toscana;AR;B243;47,46;6,39
Isole;Sardegna;SS;B246;2;1
Nord Est;Friuli- Venezia Giulia;PN;B247;8,5;2
Isole;Sardegna;NU;B248;50,75;5
Nord Est;Emilia-Romagna;BO;B249;177,83;26,5
Isole;Sardegna;CA;B250;2;4
Centro;Toscana;PT;B251;50,67;8
Nord Ovest;Lombardia;SO;B255;1;8
Sud;Abruzzo ;AQ;B256;0;0
Nord Ovest;Lombardia;VA;B258;28,25;1,25
Nord Est;Friuli- Venezia Giulia;UD;B259;31,83;6
Nord Ovest;Lombardia;LC;B261;18,17;3,5
Nord Ovest;Lombardia;CO;B262;32,84;6
Isole;Sardegna;SS;B264;0;2
Isole;Sardegna;SS;B265;0;0
Sud;Campania;SA;B266;0;0,67
Sud;Campania;BN;B267;1;0
Sud;Abruzzo ;CH;B268;0;1
Centro;Toscana;SI;B269;19,72;5
Sud;Calabria;CS;B270;2;0
Nord Ovest;Lombardia;MI;B272;44;4
Isole;Sardegna;CA;B274;0;0
Isole;Sicilia;AG;B275;0;2,73
Isole;Sardegna;SS;B276;1;0
Nord Ovest;Piemonte;TO;B278;12;0
Nord Ovest;Piemonte;TO;B279;6,33;0
Nord Ovest;Piemonte;VC;B280;9;0
Isole;Sardegna;OR;B281;0;1
Nord Ovest;Liguria;GE;B282;16,83;9
Nord Ovest;Piemonte;TO;B284;13,67;4
Nord Ovest;Piemonte;CN;B285;75,83;12,62
Nord Ovest;Lombardia;MI;B286;31,01;4,67
Isole;Sicilia;SR;B287;1;2
Isole;Sicilia;TP;B288;1;0,5
Nord Ovest;Lombardia;MI;B289;89,74;8,99
Nord Ovest;Lombardia;MI;B292;104,5;7
Nord Est;Emilia-Romagna;PR;B293;53,34;4
Sud;Abruzzo ;PE;B294;0;0
Sud;Molise;CB;B295;1,66;1
Nord Est;Veneto;VR;B296;198,17;21,17
Nord Ovest;Piemonte;TO;B297;39,55;17,27
Nord Ovest;Lombardia;VA;B300;886,41;118,73
Nord Ovest;Lombardia;MI;B301;106,42;18,02
Isole;Sicilia;CL;B302;5,67;5
Centro;Toscana;PI;B303;23,5;11,5
Nord Est;Veneto;VR;B304;78;4,75
Nord Ovest;Piemonte;TO;B305;52;3
Nord Ovest;Piemonte;AT;B306;18,42;1
Nord Est;Friuli- Venezia Giulia;UD;B309;30,08;0
Nord Ovest;Lombardia;BG;B310;45,17;1,33
Nord Ovest;Piemonte;AL;B311;2;4,5
Nord Ovest;Lombardia;VA;B312;2;0
Nord Ovest;Lombardia;CO;B313;45,11;9
Isole;Sardegna;OR;B314;5,55;1,75
Isole;Sicilia;PA;B315;8,5;10
Sud;Molise;IS;B317;4;3,5
Sud;Calabria;KR;B319;0;4
Nord Ovest;Lombardia;CR;B320;1;0
Nord Ovest;Lombardia;VA;B326;23;11
Nord Est;Emilia-Romagna;RE;B328;106,64;2
Nord Est;Emilia-Romagna;PC;B332;49,06;3
Nord Est;Veneto;PD;B345;218,36;10
Nord Ovest;Lombardia;CO;B346;118,51;13,5
Nord Ovest;Lombardia;VA;B347;6,75;3
Nord Est;Veneto;TV;B349;49,32;3
Nord Ovest;Piemonte;TO;B350;31,5;2
Sud;Campania;SA;B351;3;2
Centro;Marche;PS;B352;8,5;3,25
Isole;Sardegna;CA;B354;775,76;200,61
Nord Ovest;Lombardia;CO;B355;4;2
Sud;Puglia;FG;B357;15,62;10
Sud;Abruzzo ;AQ;B358;2;0
Nord Ovest;Lombardia;CO;B359;22;1
Sud;Campania;CE;B361;2;0
Sud;Campania;CE;B362;2;3
Nord Ovest;Lombardia;BS;B365;10,78;0
Nord Ovest;Lombardia;SO;B366;1,5;1
Sud;Campania;AV;B367;0,26;0,78
Nord Ovest;Lombardia;VA;B368;63,39;10,5
Nord Ovest;Liguria;SV;B369;62;19,5
Sud;Campania;NA;B371;58,88;18,56
Sud;Campania;AV;B374;6,42;2,67
Nord Est;Veneto;BL;B375;10;2
Nord Ovest;Piemonte;AT;B376;7,5;0
Isole;Sicilia;AG;B377;0;2
Isole;Sardegna;SS;B378;5;0
Sud;Calabria;RC;B379;0;0
Nord Ovest;Piemonte;VB;B380;1;1,14
Isole;Sicilia;EN;B381;6,67;8,25
Sud;Abruzzo ;AQ;B382;0;1
Isole;Sardegna;CA;B383;4,34;2
Isole;Sicilia;CT;B384;17,5;8,67
Isole;Sicilia;TP;B385;5,97;15
Nord Ovest;Lombardia;PV;B387;16;1
Centro;Lazio;VT;B388;4;0
Centro;Toscana;PI;B390;28,22;12,99
Sud;Basilicata;MT;B391;0;0
Centro;Toscana;PI;B392;118,5;12,1
Nord Ovest;Lombardia;BG;B393;54,97;3,33
Nord Ovest;Lombardia;BS;B394;123,5;2
Nord Ovest;Lombardia;BG;B395;22,46;1
Nord Ovest;Lombardia;LC;B396;71,13;2
Centro;Marche;MC;B398;2,17;0
Nord Est;Emilia-Romagna;BO;B399;160,8;3,17
Nord Est;Veneto;VR;B402;89,66;7,17
Nord Est;Veneto;VI;B403;120,99;2,92
Nord Est;Emilia-Romagna;PC;B405;11;2
Centro;Toscana;FI;B406;149,94;21,02
Nord Est;Emilia-Romagna;PR;B408;19,08;7
Nord Ovest;Liguria;SV;B409;5;4
Nord Ovest;Liguria;SP;B410;1;5
Sud;Puglia;LE;B413;13,24;2
Sud;Campania;AV;B415;10,25;7
Nord Ovest;Liguria;SV;B416;5,5;7
Nord Ovest;Piemonte;BI;B417;8;2
Nord Ovest;Piemonte;AT;B418;4;1
Nord Ovest;Lombardia;LC;B423;70,29;12,15
Sud;Calabria;CS;B424;1;1
Nord Ovest;Piemonte;AT;B425;3;0
Sud;Calabria;CS;B426;1;0
Isole;Sicilia;AG;B427;1,1;8,61
Isole;Sicilia;CT;B428;47,38;21,54
Isole;Sicilia;CL;B429;101,77;43,68
Isole;Sicilia;PA;B430;2;4
Nord Ovest;Piemonte;NO;B431;6,5;1
Nord Est;Veneto;RO;B432;1,17;0
Nord Est;Veneto;VI;B433;9,18;5,4
Nord Ovest;Lombardia;BG;B434;50,02;1,83
Nord Ovest;Piemonte;TO;B435;65,72;8
Nord Ovest;Lombardia;BS;B436;25;0
Sud;Campania;SA;B437;3;0
Nord Ovest;Lombardia;CR;B439;1;0
Sud;Basilicata;PZ;B440;3;2
Nord Est;Veneto;VI;B441;6;1
Nord Ovest;Lombardia;BG;B442;45;1
Sud;Basilicata;PZ;B443;1;1,33
Sud;Campania;BN;B444;5;0,67
Sud;Campania;CE;B445;5,5;0,22
Centro;Umbria;TR;B446;4;8
Nord Ovest;Lombardia;PV;B447;1;0
Nord Ovest;Lombardia;MI;B448;14,83;0
Nord Ovest;Lombardia;BS;B450;46,3;2
Sud;Campania;NA;B452;24,83;5,2
Nord Ovest;Piemonte;AL;B453;1;0
Centro;Toscana;LU;B455;83,41;31,88
Nord Ovest;Piemonte;BI;B457;0;0
Isole;Sicilia;AG;B460;0,5;5
Nord Ovest;Lombardia;MI;B461;128,4;24,5
Nord Ovest;Piemonte;TO;B462;47;8,84
Nord Ovest;Piemonte;VB;B463;9,33;3
Nord Ovest;Piemonte;BI;B465;1;2
Sud;Molise;IS;B466;0;0
Nord Ovest;Piemonte;CN;B467;1;0
Centro;Marche;AN;B468;25,76;2,39
Nord Ovest;Piemonte;AT;B469;0;0
Centro;Marche;AN;B470;18;1
Nord Ovest;Lombardia;BG;B471;1;4
Centro;Lazio;RM;B472;0,78;0
Nord Ovest;Piemonte;NO;B473;117,01;7
Centro;Marche;MC;B474;17,5;3
Sud;Campania;SA;B476;3;2
Sud;Campania;CE;B477;9;0,9
Sud;Calabria;RC;B481;1;0,22
Nord Ovest;Piemonte;AL;B482;7;0
Nord Est;Friuli- Venezia Giulia;UD;B483;0;0
Nord Ovest;Lombardia;CR;B484;13,82;0
Nord Est;Veneto;VI;B485;123,88;7
Isole;Sicilia;AG;B486;1;6,17
Nord Ovest;Piemonte;CN;B489;0;1
Nord Ovest;Liguria;GE;B490;47,38;16,66
Nord Ovest;Valle d'Aosta;AO;B491;0;2
Sud;Campania;SA;B492;16;10,17
Nord Est;Veneto;VE;B493;70;5
Sud;Campania;CE;B494;0;0
Centro;Lazio;RM;B496;21;13,25
Centro;Toscana;GR;B497;3;4,34
Nord Ovest;Lombardia;CR;B498;2,34;0
Nord Est;Emilia-Romagna;RE;B499;61,32;3
Sud;Calabria;CS;B500;1;0
Nord Ovest;Lombardia;MI;B501;16,5;2
Nord Est;Emilia-Romagna;RE;B502;20,5;1
Centro;Umbria;PG;B504;5,56;4,56
Nord Ovest;Piemonte;VC;B505;10;7
Sud;Puglia;LE;B506;20,17;4
Centro;Toscana;FI;B507;431,5;25,18
Centro;Toscana;LI;B509;101,06;31,94
Nord Ovest;Piemonte;TO;B510;1;4
Nord Est;Veneto;VI;B511;4,25;0
Nord Ovest;Piemonte;TO;B512;5;1
Nord Ovest;Lombardia;CO;B513;22;4
Sud;Abruzzo ;TE;B515;4;0,75
Sud;Calabria;RC;B516;4,49;4
Sud;Molise;CB;B519;229,42;52,43
Isole;Sicilia;AG;B520;11,43;12,17
Isole;Sicilia;TP;B521;3;9,25
Sud;Molise;CB;B522;0;1
Nord Est;Veneto;PD;B524;164,76;10,33
Sud;Abruzzo ;AQ;B526;8,18;2
Centro;Lazio;LT;B527;0;1
Sud;Molise;CB;B528;6,78;3,79
Nord Ovest;Lombardia;SO;B530;16,63;10,94
Nord Est;Veneto;PD;B531;20,79;0
Isole;Sicilia;PA;B532;14,1;3,1
Isole;Sicilia;PA;B533;0;0
Centro;Marche;AP;B534;6;3
Isole;Sicilia;PA;B535;2;0,75
Nord Est;Friuli- Venezia Giulia;UD;B536;80,62;2,04
Isole;Sicilia;CL;B537;1;1
Nord Ovest;Liguria;GE;B538;11,67;8
Nord Est;Emilia-Romagna;MO;B539;114,23;11,5
Nord Ovest;Valle d'Aosta;AO;B540;3;4
Sud;Campania;BN;B541;2;0
Sud;Campania;BN;B542;0;1
Centro;Lazio;FR;B543;1;0
Sud;Molise;CB;B544;0;1
Nord Est;Veneto;VE;B546;80,61;1,5
Nord Est;Veneto;VI;B547;4;0
Sud;Basilicata;PZ;B549;1;0
Sud;Molise;CB;B550;36,7;3
Nord Ovest;Liguria;GE;B551;15,75;19,5
Centro;Toscana;LI;B553;21,5;9
Nord Est;Veneto;VE;B554;115,35;6,5
Sud;Campania;SA;B555;0;3
Isole;Sicilia;PA;B556;9;3
Centro;Toscana;LU;B557;2;1
Nord Ovest;Liguria;IM;B559;17;13
Isole;Sicilia;CT;B561;33;3
Centro;Marche;MC;B562;0;0,5
Nord Est;Veneto;PD;B563;99,89;5
Nord Est;Veneto;PD;B564;24,51;2
Sud;Campania;NA;B565;1;0
Nord Est;Emilia-Romagna;MO;B566;16,99;1
Nord Ovest;Lombardia;PV;B567;6;1
Sud;Abruzzo ;AQ;B569;2;1
Nord Est;Emilia-Romagna;BO;B572;11,67;6,72
Nord Ovest;Piemonte;CN;B573;27,33;5
Nord Est;Veneto;BL;B574;16,75;9,88
Centro;Lazio;RM;B576;6;3
Nord Est;Veneto;RO;B578;12,5;0
Sud;Basilicata;PZ;B580;1;5
Sud;Campania;CE;B581;5;0
Nord Est;Veneto;RO;B582;2;0
Sud;Puglia;FG;B584;8;2,04
Nord Ovest;Piemonte;BI;B586;51,34;11
Nord Ovest;Lombardia;PV;B587;6;1,4
Nord Ovest;Piemonte;TO;B588;5;2
Nord Est;Veneto;PD;B589;9,5;0
Sud;Campania;AV;B590;2,75;2,6
Sud;Calabria;RC;B591;0,5;1
Nord Ovest;Piemonte;TO;B592;68,86;11
Nord Ovest;Lombardia;MI;B593;117,4;4,75
Nord Ovest;Piemonte;AT;B594;49;7,24
Centro;Lazio;RI;B595;2,5;4,5
Centro;Lazio;VT;B597;5,17;4,28
Nord Est;Friuli- Venezia Giulia;PN;B598;30;6
Nord Ovest;Lombardia;PV;B599;0;0
Isole;Sicilia;AG;B602;29,25;30,27
Isole;Sicilia;SR;B603;5,33;3
Centro;Lazio;VT;B604;6,5;8,17
Nord Ovest;Piemonte;TO;B605;2;0,83
Sud;Abruzzo ;AQ;B606;0;0
Sud;Calabria;CS;B607;0;1
Sud;Campania;SA;B608;1;1
Centro;Umbria;PG;B609;17;2
Nord Ovest;Piemonte;VB;B610;2;3,17
Nord Ovest;Lombardia;MN;B612;17,62;0
Nord Ovest;Lombardia;PV;B613;8;1
Nord Ovest;Piemonte;VB;B615;49,37;14,01
Sud;Puglia;LE;B616;0;1
Sud;Calabria;RC;B617;0;0
Nord Ovest;Lombardia;BG;B618;35,23;0
Sud;Puglia;BA;B619;103,72;40,96
Sud;Abruzzo ;CH;B620;1;2
Nord Ovest;Piemonte;CN;B621;0;0
Sud;Abruzzo ;AQ;B624;2,5;0
Centro;Toscana;PO;B626;10,5;5,5
Centro;Lazio;RI;B627;5;3
Nord Ovest;Piemonte;TO;B628;16;3
Nord Ovest;Piemonte;AL;B629;1;1
Sud;Molise;IS;B630;2;1
Centro;Lazio;RI;B631;2;5
Centro;Lazio;RM;B632;0,5;1
Nord Ovest;Piemonte;AT;B633;1;0
Nord Ovest;Lombardia;VA;B634;36,81;12,3
Centro;Lazio;RM;B635;0;1
Centro;Marche;PS;B636;1;3
Nord Ovest;Piemonte;TO;B637;6;1
Nord Ovest;Lombardia;CO;B639;395,79;47,93
Sud;Abruzzo ;TE;B640;0;0,79
Nord Ovest;Lombardia;CO;B641;41,66;6,5
Nord Est;Veneto;VE;B642;296,89;23
Nord Est;Emilia-Romagna;PC;B643;21,83;0
Sud;Campania;SA;B644;32,44;7,5
Isole;Sicilia;PA;B645;24,13;4,5
Centro;Toscana;GR;B646;24,67;4,52
Centro;Toscana;PI;B647;44;8,33
Centro;Toscana;LU;B648;125,58;49,58
Centro;Lazio;RM;B649;71;7,5
Nord Ovest;Lombardia;CR;B650;22,8;0,5
Sud;Abruzzo ;AQ;B651;2;3
Nord Ovest;Lombardia;CO;B653;40,77;4,66
Sud;Calabria;VV;B655;0;0
Sud;Abruzzo ;AQ;B656;6;3
Sud;Abruzzo ;AQ;B658;0;0
Isole;Sicilia;ME;B660;2;4,17
Nord Ovest;Lombardia;BG;B661;8;0
Nord Est;Veneto;BL;B662;55,34;12,75
Centro;Lazio;VT;B663;25;0
Nord Ovest;Lombardia;BS;B664;5;1
Isole;Sicilia;ME;B666;36,5;9,39
Sud;Campania;CE;B667;25,33;4,83
Centro;Toscana;LI;B669;17,5;15,13
Centro;Toscana;AR;B670;32;17
Nord Ovest;Lombardia;MI;B671;55,95;6,53
Sud;Abruzzo ;AQ;B672;1;0
Sud;Campania;AV;B674;1;3,04
Isole;Sardegna;CA;B675;20,5;9,17
Nord Ovest;Lombardia;BS;B676;1;0
Sud;Abruzzo ;AQ;B677;14;7
Nord Est;Veneto;TV;B678;33,33;3,5
Nord Ovest;Lombardia;CR;B679;0,5;0
Nord Ovest;Lombardia;CR;B680;0;0
Sud;Abruzzo ;PE;B681;18,5;2
Sud;Molise;IS;B682;2;0,25
Centro;Toscana;FI;B684;77,5;5
Centro;Toscana;LI;B685;2;2
Nord Ovest;Lombardia;CR;B686;18;2,54
Centro;Lazio;RM;B687;2;2
Centro;Lazio;VT;B688;12,66;11
Nord Est;Emilia-Romagna;BO;B689;44,3;11,5
Sud;Puglia;LE;B690;0,67;0
Centro;Lazio;VT;B691;16,45;25,8
Nord Ovest;Piemonte;CN;B692;1;3
Centro;Toscana;AR;B693;5;6
Nord Ovest;Piemonte;VB;B694;1;3
Isole;Sicilia;ME;B695;2;9,67
Sud;Campania;NA;B696;1;5,34
Nord Ovest;Lombardia;BS;B698;41,33;3
Nord Ovest;Piemonte;AL;B701;10;1
Nord Ovest;Lombardia;BG;B703;66,9;6,68
Sud;Campania;CE;B704;1;0
Nord Ovest;Piemonte;TO;B705;19,92;4
Sud;Campania;AV;B706;7,91;4,47
Nord Ovest;Piemonte;AT;B707;2;1
Nord Ovest;Piemonte;BI;B708;2;2,25
Nord Est;Veneto;VR;B709;50,5;9
Nord Ovest;Lombardia;BG;B710;23,72;0
Nord Ovest;Lombardia;BS;B711;79,83;4
Sud;Campania;CE;B715;38;9
Sud;Puglia;BA;B716;71,98;20,71
Sud;Calabria;CZ;B717;1;0,8
Sud;Calabria;RC;B718;1;0
Nord Ovest;Piemonte;CN;B719;22,87;7
Nord Ovest;Piemonte;CN;B720;5;0
Sud;Abruzzo ;PE;B722;6;6
Sud;Puglia;FG;B724;37;0
Sud;Abruzzo ;AQ;B725;0;0
Nord Ovest;Liguria;GE;B726;22,67;13,5
Centro;Marche;AP;B727;1;0
Nord Ovest;Lombardia;MI;B729;231,07;41,91
Nord Ovest;Lombardia;CO;B730;11;3
Nord Ovest;Lombardia;BG;B731;149,35;8,58
Nord Ovest;Lombardia;VA;B732;23;1
Nord Ovest;Piemonte;TO;B733;4;1
Nord Ovest;Liguria;IM;B734;1;2
Centro;Lazio;VT;B735;4,61;3
Nord Ovest;Piemonte;AL;B736;1;1
Isole;Sardegna;CA;B738;68,61;16
Nord Ovest;Lombardia;MN;B739;4;0
Sud;Campania;NA;B740;3;1
Nord Ovest;Lombardia;PV;B741;9,5;0
Nord Ovest;Lombardia;CO;B742;36;0,4
Sud;Basilicata;PZ;B743;0;2
Nord Est;Veneto;TV;B744;137,12;23,1
Isole;Sardegna;CA;B745;11;5
Nord Ovest;Liguria;SV;B748;24,5;4,71
Nord Est;Veneto;PD;B749;7;1
Nord Ovest;Piemonte;VC;B752;1;2
Nord Ovest;Lombardia;VA;B754;168,62;24,11
Nord Ovest;Piemonte;CN;B755;11,5;0
Sud;Calabria;RC;B756;0;0
Sud;Calabria;CZ;B758;0;2,5
Sud;Campania;NA;B759;36,66;16,69
Centro;Toscana;LU;B760;0;2
Nord Ovest;Piemonte;TO;B762;2;8
Nord Ovest;Lombardia;LC;B763;4;0
Nord Ovest;Piemonte;AL;B765;0;0
Sud;Calabria;RC;B766;0;1
Nord Ovest;Piemonte;VC;B767;2;3
Nord Ovest;Piemonte;VC;B768;6;1
Nord Ovest;Piemonte;AL;B769;1;0
Sud;Calabria;KR;B771;1;2,32
Isole;Sardegna;SS;B772;0;0
Sud;Calabria;CS;B774;3;8,25
Sud;Campania;AV;B776;0;0,13
Nord Ovest;Piemonte;TO;B777;101,67;17
Nord Ovest;Lombardia;CO;B778;33;3
Sud;Campania;CE;B779;7,2;2,56
Isole;Sicilia;PA;B780;14,33;17,67
Sud;Campania;CE;B781;6;4
Nord Ovest;Piemonte;VC;B782;5;1
Sud;Puglia;FG;B784;0,33;0
Nord Ovest;Lombardia;CO;B785;19,33;3
Isole;Sicilia;SR;B787;85,04;13,88
Nord Est;Friuli- Venezia Giulia;UD;B788;3,17;2,33
Isole;Sardegna;CA;B789;2;7
Sud;Calabria;CZ;B790;0;0
Nord Ovest;Piemonte;TO;B791;220,18;14,75
Sud;Puglia;LE;B792;10;3
Centro;Toscana;PO;B794;95,18;7,17
Nord Est;Veneto;PD;B795;32;7
Nord Ovest;Lombardia;VA;B796;65,84;3
Nord Ovest;Lombardia;MI;B798;88;6,5
Nord Ovest;Lombardia;BG;B801;63,5;5
Sud;Calabria;CS;B802;3;0
Nord Ovest;Lombardia;BG;B803;10;1,08
Isole;Sicilia;ME;B804;1;8
Nord Ovest;Lombardia;VA;B805;285,83;79
Nord Ovest;Lombardia;VA;B807;36,84;6
Sud;Puglia;TA;B808;10,67;2
Sud;Puglia;BR;B809;46,25;29,5
Sud;Molise;IS;B810;1;2
Nord Est;Emilia-Romagna;PC;B812;49,42;8,5
Sud;Calabria;CS;B813;0;2,64
Centro;Marche;PS;B816;7;2
Nord Ovest;Lombardia;BS;B817;79,67;12,75
Nord Ovest;Piemonte;AL;B818;2,5;1
Nord Est;Emilia-Romagna;MO;B819;933,44;104,24
Nord Ovest;Lombardia;MI;B820;69,99;2
Sud;Puglia;LE;B822;1;0
Nord Ovest;Piemonte;NO;B823;15,33;2,33
Nord Ovest;Lombardia;PV;B824;90;6,89
Nord Est;Emilia-Romagna;RE;B825;19,9;6
Sud;Abruzzo ;CH;B826;0;0
Sud;Abruzzo ;PE;B827;2,17;0
Centro;Lazio;RM;B828;5;1
Sud;Puglia;FG;B829;7;1
Sud;Molise;IS;B830;0;1
Centro;Toscana;MS;B832;150,5;87,01
Nord Est;Veneto;VI;B835;20,67;1
Nord Ovest;Piemonte;AL;B836;0;2
Nord Ovest;Liguria;SP;B838;1,83;2
Nord Ovest;Liguria;SP;B839;1;2,5
Nord Ovest;Piemonte;AL;B840;2;1
Nord Ovest;Piemonte;CN;B841;36;12
Sud;Abruzzo ;AQ;B842;20,5;11
Nord Est;Veneto;VI;B844;16,5;0
Nord Ovest;Piemonte;CN;B845;1;0
Centro;Marche;PS;B846;44,5;3,33
Nord Ovest;Piemonte;AL;B847;0,33;0
Nord Est;Veneto;PD;B848;19,5;3,5
Nord Ovest;Lombardia;MI;B850;258,69;30,17
Nord Ovest;Lombardia;CO;B851;54,5;6
Sud;Abruzzo ;CH;B853;0;2
Nord Ovest;Lombardia;BG;B854;37,5;2
Sud;Calabria;KR;B857;0;1
Sud;Molise;CB;B858;4;2
Sud;Abruzzo ;CH;B859;3;2
Sud;Campania;CE;B860;65,48;8
Sud;Abruzzo ;CH;B861;0;0
Centro;Lazio;FR;B862;3;2
Nord Ovest;Piemonte;NO;B864;7;0
Sud;Abruzzo ;CH;B865;16,51;3,17
Sud;Campania;AV;B866;0;4
Nord Ovest;Piemonte;TO;B867;11,5;1
Sud;Campania;SA;B868;0;0
Nord Ovest;Lombardia;CR;B869;19;1
Nord Ovest;Piemonte;AL;B870;11;8
Sud;Molise;CB;B871;0;0
Sud;Campania;CE;B872;0;0
Sud;Campania;BN;B873;0;1
Nord Ovest;Lombardia;VA;B875;8,61;1,16
Nord Ovest;Piemonte;VB;B876;11,5;4
Nord Est;Veneto;PD;B877;14,75;1
Centro;Toscana;PI;B878;4;4,67
Nord Est;Veneto;TV;B879;170,56;18
Nord Est;Emilia-Romagna;BO;B880;330,12;38,55
Nord Ovest;Lombardia;CR;B881;14,58;0
Nord Ovest;Piemonte;AL;B882;0;1
Nord Ovest;Piemonte;NO;B883;2;0
Nord Ovest;Piemonte;AL;B885;194,21;30,11
Nord Est;Veneto;VR;B886;42;4
Nord Ovest;Lombardia;LO;B887;36,38;1
Sud;Campania;SA;B888;1;0
Nord Ovest;Lombardia;CR;B889;5,65;0
Nord Ovest;Lombardia;CR;B890;3;0
Nord Ovest;Lombardia;CR;B891;13,5;0
Nord Est;Emilia-Romagna;BO;B892;26,5;4
Nord Est;Emilia-Romagna;RE;B893;229,39;12
Nord Ovest;Piemonte;CN;B894;4;1
Sud;Campania;SA;B895;17;9,5
Sud;Abruzzo ;CH;B896;7;2
Nord Ovest;Piemonte;NO;B897;14,66;3
Nord Ovest;Lombardia;CR;B898;101,01;5,67
Nord Ovest;Lombardia;LO;B899;45,11;6
Nord Ovest;Lombardia;CR;B900;8;0
Nord Ovest;Lombardia;MN;B901;12;0
Nord Ovest;Piemonte;AL;B902;3;1
Sud;Calabria;CS;B903;7;9
Sud;Puglia;FG;B904;1,56;1
Sud;Campania;NA;B905;252,84;62,33
Sud;Basilicata;PZ;B906;0;0
Nord Ovest;Lombardia;MN;B907;13,26;0
Nord Ovest;Lombardia;LO;B910;160,66;8,15
Nord Ovest;Lombardia;MN;B911;3;0
Nord Est;Veneto;PD;B912;40,22;1
Nord Ovest;Lombardia;CR;B914;13;0
Sud;Puglia;FG;B915;35;13,16
Sud;Campania;CE;B916;12,4;4,4
Sud;Puglia;FG;B917;0;0
Isole;Sicilia;ME;B918;0;0
Centro;Lazio;FR;B919;0,67;0
Nord Ovest;Piemonte;NO;B920;7;0
Nord Ovest;Lombardia;VA;B921;14,5;5
Sud;Campania;NA;B922;4;2
Sud;Puglia;BA;B923;120,52;35,71
Sud;Campania;NA;B924;3;1,33
Sud;Campania;NA;B925;16,01;2,81
Nord Ovest;Liguria;SV;B927;2;5
Nord Ovest;Piemonte;VC;B928;0;0
Nord Ovest;Lombardia;PV;B929;1,5;0
Centro;Lazio;RM;B932;0;0
Nord Ovest;Piemonte;BI;B933;5,5;1
Centro;Lazio;RI;B934;0;3
Sud;Campania;CE;B935;52,66;11,83
Sud;Puglia;LE;B936;22;5,83
Nord Ovest;Lombardia;LC;B937;4,52;4,84
Nord Ovest;Lombardia;MI;B938;38,17;0
Nord Ovest;Liguria;GE;B939;26;6,5
Nord Est;Friuli- Venezia Giulia;PN;B940;59,48;4,5
Nord Ovest;Piemonte;AL;B941;0;1
Nord Ovest;Lombardia;LC;B943;122,69;21
Nord Ovest;Lombardia;PV;B945;2;0
Sud;Campania;NA;B946;38,22;10,58
Nord Ovest;Lombardia;BG;B947;20,5;1
Centro;Umbria;PG;B948;5,67;0,67
Nord Ovest;Lombardia;VA;B949;20;8
Centro;Toscana;PI;B950;289,67;79,46
Nord Ovest;Piemonte;VC;B952;0;0
Nord Ovest;Piemonte;TO;B953;9;0
Nord Ovest;Lombardia;PV;B954;8;1
Nord Ovest;Piemonte;TO;B955;16;6,9
Nord Ovest;Liguria;GE;B956;19,5;11,25
Nord Ovest;Lombardia;LO;B958;26,5;2,06
Sud;Campania;SA;B959;3;2
Nord Ovest;Piemonte;TO;B960;131,58;26,5
Nord Ovest;Lombardia;LO;B961;14;1
Centro;Toscana;FI;B962;305,06;104,76
Sud;Campania;CE;B963;578,41;97,92
Nord Est;Veneto;TV;B965;164,07;12,5
Sud;Calabria;RC;B966;0;0
Nord Est;Emilia-Romagna;RE;B967;27,48;9,1
Sud;Calabria;KR;B968;1;0
Nord Est;Emilia-Romagna;BO;B969;26;3
Nord Ovest;Lombardia;BG;B971;54,99;4
Nord Ovest;Lombardia;CO;B974;5;0,15
Nord Ovest;Lombardia;CO;B977;50,67;5,17
Nord Ovest;Lombardia;BG;B978;16,28;0
Centro;Toscana;MS;B979;1;10
Sud;Campania;NA;B980;0;1
Nord Est;Emilia-Romagna;RA;B982;11;3,17
Centro;Toscana;SI;B984;14,76;7,26
Sud;Abruzzo ;CH;B985;9,5;5
Nord Ovest;Lombardia;VA;B987;81,36;3
Nord Ovest;Lombardia;PV;B988;88;9,5
Nord Ovest;Lombardia;MI;B989;38;1,33
Sud;Campania;NA;B990;119,5;14,84
Nord Ovest;Piemonte;AT;B991;1;0
Nord Ovest;Lombardia;SO;B993;22,63;13
Nord Est;Friuli- Venezia Giulia;UD;B994;5;0
Nord Ovest;Lombardia;LC;B996;23;5
Sud;Campania;AV;B997;1;2
Sud;Puglia;BA;B998;66,73;17,3
Nord Ovest;Lombardia;VA;B999;1,63;1
Sud;Calabria;CS;C002;14,17;11
Nord Ovest;Lombardia;MI;C003;220;30,83
Nord Ovest;Lombardia;VA;C004;193,51;18,95
Isole;Sicilia;SR;C006;1;2
Nord Ovest;Lombardia;BG;C007;0;1
Nord Ovest;Lombardia;MI;C013;92,55;15,5
Nord Ovest;Lombardia;MI;C014;163,57;9,5
Nord Ovest;Lombardia;CO;C020;57,5;3
Nord Ovest;Piemonte;AT;C022;2;0
Nord Ovest;Lombardia;LC;C024;8;4,66
Nord Ovest;Piemonte;AL;C027;9;1
Nord Ovest;Piemonte;AL;C030;2;0
Nord Ovest;Lombardia;MI;C033;18,5;1
Centro;Lazio;FR;C034;138,67;40
Nord Est;Veneto;VI;C037;171,25;11
Nord Ovest;Lombardia;PV;C038;51;0
Sud;Abruzzo ;TE;C040;0;0
Nord Est;Veneto;VR;C041;13;3
Centro;Toscana;LI;C044;74,32;13
Nord Ovest;Piemonte;TO;C045;20;2
Nord Ovest;Piemonte;CN;C046;16,95;2
Nord Ovest;Piemonte;AT;C047;4;1
Nord Ovest;Piemonte;TO;C048;20,5;0
Nord Ovest;Piemonte;AT;C049;15,17;5
Nord Ovest;Lombardia;PV;C050;1,5;1
Isole;Sicilia;ME;C051;0;4,07
Nord Ovest;Lombardia;MI;C052;101,92;8,83
Nord Ovest;Lombardia;PV;C053;56,08;9
Nord Ovest;Lombardia;BS;C055;78,98;6,5
Nord Est;Veneto;VI;C056;15;0
Nord Est;Veneto;PD;C057;4;1
Sud;Campania;AV;C058;3,5;1
Nord Ovest;Lombardia;MN;C059;19;0
Centro;Marche;AN;C060;25,17;2
Nord Ovest;Liguria;SV;C063;3,63;0,47
Nord Ovest;Piemonte;AT;C064;1;2
Nord Est;Emilia-Romagna;RA;C065;90,67;6,5
Sud;Molise;CB;C066;1;0
Isole;Sicilia;PA;C067;6,33;13,83
Sud;Campania;SA;C069;1;2,88
Centro;Marche;AP;C070;7;2
Nord Ovest;Lombardia;BS;C072;33,8;0
Nord Est;Veneto;TV;C073;10;1
Isole;Sicilia;PA;C074;9,08;11
Nord Est;Emilia-Romagna;BO;C075;13,66;4
Nord Ovest;Lombardia;MN;C076;23,02;4,5
Nord Est;Veneto;VR;C078;126,5;15
Nord Ovest;Lombardia;BG;C079;63,13;5
Nord Est;Emilia-Romagna;RN;C080;0,33;0
Nord Ovest;Piemonte;CN;C081;1;0,89
Sud;Molise;IS;C082;0;0
Sud;Abruzzo ;AQ;C083;0;0
Centro;Toscana;GR;C085;21,66;6,05
Nord Est;Emilia-Romagna;BO;C086;8,17;3,53
Nord Ovest;Lombardia;CR;C089;2;0
Sud;Abruzzo ;AQ;C090;0;0
Isole;Sicilia;CT;C091;2;0
Centro;Marche;AP;C093;49,5;5
Isole;Sicilia;ME;C094;1,33;3,75
Sud;Abruzzo ;AQ;C096;52;26,55
Sud;Campania;CE;C097;0;2
Centro;Lazio;RI;C098;1;1
Centro;Marche;AN;C100;101,65;5,49
Centro;Toscana;FI;C101;86,16;39,93
Centro;Toscana;AR;C102;5,5;2
Centro;Lazio;LT;C104;1;4,25
Sud;Campania;AV;C105;2,02;0,38
Sud;Campania;BN;C106;0;1
Nord Est;Emilia-Romagna;MO;C107;411,94;54,4
Sud;Calabria;CS;C108;11,25;8
Nord Ovest;Liguria;IM;C110;1;5
Nord Est;Veneto;TV;C111;375,4;53,31
Centro;Toscana;PI;C113;49,7;9
Sud;Abruzzo ;CH;C114;27,5;6
Nord Ovest;Lombardia;CR;C115;2;0
Centro;Lazio;RM;C116;38,4;13,7
Centro;Umbria;TR;C117;4,75;2
Nord Ovest;Lombardia;MN;C118;88,41;1,25
Nord Est;Veneto;VI;C119;39;8,75
Sud;Basilicata;PZ;C120;0;1,33
Nord Est;Emilia-Romagna;BO;C121;43,23;3
Nord Est;Veneto;RO;C122;6;0
Sud;Abruzzo ;CH;C123;0;0
Sud;Campania;SA;C125;38;9,5
Sud;Abruzzo ;AQ;C126;1;2
Nord Ovest;Piemonte;AT;C127;9;4
Sud;Abruzzo ;TE;C128;13,86;7
Sud;Campania;NA;C129;117,72;47,76
Isole;Sicilia;TP;C130;16;18,67
Nord Ovest;Piemonte;TO;C133;70,75;18,5
Sud;Puglia;BA;C134;89,54;42,42
Isole;Sicilia;PA;C135;2;5,5
Sud;Puglia;TA;C136;56,66;29
Nord Ovest;Piemonte;AL;C137;0;0
Nord Ovest;Lombardia;VA;C139;179,02;16,89
Nord Ovest;Piemonte;CN;C140;1,5;0
Nord Est;Emilia-Romagna;RE;C141;198,17;9
Nord Ovest;Piemonte;AL;C142;0;0
Nord Ovest;Liguria;IM;C143;5;4
Nord Est;Emilia-Romagna;PC;C145;34,11;0
Centro;Toscana;GR;C147;5;4
Nord Ovest;Piemonte;AL;C148;29,5;2
Nord Ovest;Piemonte;NO;C149;0;0
Centro;Marche;AN;C152;2;1
Nord Ovest;Lombardia;CR;C153;71,26;4,83
Nord Ovest;Piemonte;AT;C154;1;0
Nord Ovest;Piemonte;BI;C155;2;2
Nord Ovest;Piemonte;AL;C156;0;2
Nord Ovest;Lombardia;PV;C157;30;0
Nord Ovest;Piemonte;AL;C158;5;2
Nord Ovest;Piemonte;AL;C160;0;2
Nord Ovest;Piemonte;AT;C161;0;0
Nord Ovest;Piemonte;AL;C162;7;0
Nord Ovest;Piemonte;CN;C165;9,9;3
Nord Ovest;Piemonte;NO;C166;85,53;5,5
Nord Ovest;Piemonte;CN;C167;0;1
Sud;Abruzzo ;TE;C169;0;0
Centro;Toscana;SI;C172;10;4
Nord Ovest;Piemonte;CN;C173;1;2
Centro;Toscana;PI;C174;6;4,5
Sud;Molise;CB;C175;0;0
Nord Ovest;Piemonte;CN;C176;2;0
Centro;Lazio;FR;C177;0;0,54
Sud;Campania;CE;C178;1;1
Nord Ovest;Lombardia;VA;C181;9,25;8,33
Nord Ovest;Lombardia;PV;C184;2,34;0
Nord Est;Emilia-Romagna;BO;C185;87;2
Nord Ovest;Lombardia;SO;C186;1;2
Nord Ovest;Lombardia;LC;C187;19,25;0,5
Sud;Campania;NA;C188;24;4,33
Nord Est;Veneto;TV;C190;42,55;5
Nord Ovest;Lombardia;MN;C195;25,56;1
Sud;Molise;CB;C197;3;1
Sud;Puglia;FG;C198;6;2
Sud;Basilicata;PZ;C199;1;2
Sud;Molise;IS;C200;0;0
Sud;Basilicata;PZ;C201;1;5
Sud;Puglia;FG;C202;2;1
Centro;Lazio;RM;C203;13,5;17,58
Nord Est;Emilia-Romagna;BO;C204;225,5;19
Nord Ovest;Piemonte;CN;C205;0;0
Nord Ovest;Lombardia;CO;C206;7;0
Nord Est;Veneto;RO;C207;31,34;5,9
Nord Ovest;Lombardia;BS;C208;128,45;3
Sud;Basilicata;PZ;C209;2;2
Isole;Sicilia;ME;C210;1;0,5
Sud;Campania;CE;C211;0;2,5
Nord Ovest;Lombardia;PV;C213;2;0
Nord Ovest;Piemonte;CN;C214;0;0
Nord Est;Veneto;RO;C215;10,01;1,4
Nord Est;Friuli- Venezia Giulia;PN;C217;4;1,11
Nord Est;Emilia-Romagna;RE;C218;54,49;3
Nord Est;Emilia-Romagna;RE;C219;76,34;14,64
Nord Ovest;Lombardia;CO;C220;7,5;2
Sud;Puglia;FG;C222;1;0,67
Centro;Lazio;FR;C223;0;1
Centro;Lazio;RI;C224;0;0
Nord Est;Veneto;VR;C225;163,92;14,5
Nord Ovest;Piemonte;AT;C226;1;1
Centro;Toscana;SI;C227;65,59;15,23
Nord Ovest;Lombardia;LO;C228;2;2
Nord Ovest;Piemonte;AL;C229;3;0
Nord Ovest;Piemonte;AT;C230;3,44;0
Sud;Campania;SA;C231;8;0
Nord Ovest;Piemonte;AT;C232;24;2
Sud;Campania;SA;C235;0;3
Centro;Toscana;LU;C236;21,16;7
Centro;Lazio;RM;C237;24,75;8
Nord Ovest;Liguria;SP;C240;33,5;16
Nord Ovest;Piemonte;TO;C241;5;1
Nord Est;Emilia-Romagna;MO;C242;204,73;26,5
Nord Ovest;Piemonte;AL;C243;13,33;2
Centro;Toscana;PI;C244;2,83;9,33
Sud;Campania;BN;C245;0;0
Sud;Molise;IS;C246;2,83;1,88
Sud;Molise;IS;C247;0;0
Centro;Marche;AN;C248;10,72;1,18
Sud;Campania;BN;C250;0;1
Centro;Marche;MC;C251;23;5
Centro;Umbria;PG;C252;13;5
Nord Ovest;Piemonte;AT;C253;0;0
Nord Ovest;Lombardia;BG;C255;28,5;2
Sud;Campania;SA;C259;26,17;13
Nord Est;Emilia-Romagna;PC;C261;190,04;8,11
Sud;Campania;SA;C262;1;1
Centro;Toscana;AR;C263;4,5;1
Nord Est;Emilia-Romagna;BO;C265;148,72;15,66
Centro;Lazio;RM;C266;0;0
Centro;Marche;MC;C267;0;0
Centro;Lazio;RI;C268;2;1,5
Centro;Lazio;VT;C269;7;3,5
Sud;Molise;IS;C270;0;1
Sud;Basilicata;PZ;C271;0,5;2,67
Isole;Sardegna;SS;C272;45,4;6
Nord Ovest;Lombardia;VA;C273;15;1
Nord Ovest;Piemonte;AL;C274;1;0
Isole;Sicilia;AG;C275;2,5;9
Nord Ovest;Liguria;SV;C276;0;4
Sud;Abruzzo ;AQ;C278;1;0
Sud;Abruzzo ;AQ;C279;1;2
Sud;Campania;BN;C280;0;2
Nord Ovest;Valle d'Aosta;AO;C282;11;8
Sud;Campania;AV;C283;2,26;7
Sud;Campania;BN;C284;1;1
Sud;Calabria;RC;C285;2;5
Isole;Sicilia;TP;C286;21,94;30,83
Nord Est;Emilia-Romagna;MO;C287;105,78;9
Nord Est;Emilia-Romagna;PC;C288;25,94;3,08
Centro;Umbria;TR;C289;6;7
Nord Ovest;Lombardia;CR;C290;3;1
Sud;Campania;CE;C291;29;13
Nord Est;Emilia-Romagna;BO;C292;249,42;63,89
Nord Ovest;Lombardia;BS;C293;94,42;9
Nord Ovest;Valle d'Aosta;AO;C294;26,25;16
Nord Est;Emilia-Romagna;BO;C296;17,25;5
Isole;Sicilia;CT;C297;1;26,05
Sud;Abruzzo ;CH;C298;0;0
Nord Ovest;Lombardia;VA;C300;76;8,38
Sud;Calabria;CS;C301;2;0,3
Nord Ovest;Liguria;GE;C302;0;5,32
Centro;Toscana;LU;C303;4;2
Nord Ovest;Lombardia;LO;C304;29,23;2
Sud;Campania;SA;C306;1;2
Nord Ovest;Piemonte;TO;C307;52,86;4
Sud;Abruzzo ;PE;C308;1;5
Centro;Umbria;PG;C309;100,67;22,62
Centro;Toscana;GR;C310;56;9,02
Sud;Abruzzo ;TE;C311;4;0
Nord Ovest;Lombardia;MN;C312;201,24;13
Centro;Toscana;SI;C313;8;11
Nord Ovest;Piemonte;CN;C314;8;6
Centro;Lazio;VT;C315;2;3
Sud;Abruzzo ;TE;C316;4;2
Nord Ovest;Piemonte;CN;C317;1,33;0
Centro;Toscana;AR;C318;7;0
Centro;Toscana;AR;C319;52;15,57
Centro;Marche;AP;C321;3,11;0
Sud;Abruzzo ;TE;C322;4;4
Nord Ovest;Piemonte;CN;C323;2;1
Nord Ovest;Lombardia;BG;C324;92,32;2
Nord Ovest;Lombardia;SO;C325;4,17;1,9
Nord Est;Friuli- Venezia Giulia;UD;C327;4;1
Nord Ovest;Lombardia;LO;C329;45,9;2,8
Nord Ovest;Lombardia;BS;C330;1,33;2
Centro;Marche;AP;C331;2;2
Nord Ovest;Lombardia;BS;C332;86,5;8
Sud;Puglia;LE;C334;1;0
Sud;Puglia;LE;C335;2;1,08
Sud;Puglia;LE;C336;13,5;6
Nord Ovest;Lombardia;BG;C337;6;2
Centro;Lazio;FR;C338;2;5
Nord Est;Emilia-Romagna;FO;C339;34,15;3
Centro;Lazio;FR;C340;0,8;1
Isole;Sicilia;AG;C341;1;4
Isole;Sicilia;EN;C342;72,47;17,53
Nord Ovest;Lombardia;VA;C343;30,5;1
Isole;Sicilia;PA;C344;3;7
Sud;Basilicata;PZ;C345;1;1
Sud;Molise;CB;C346;0;1
Isole;Sicilia;ME;C347;1;0,25
Sud;Calabria;CS;C348;0;0
Sud;Calabria;CS;C349;22;20
Isole;Sicilia;CT;C351;908,55;121,53
Sud;Calabria;CZ;C352;46,94;127,48
Isole;Sicilia;EN;C353;5;1
Sud;Abruzzo ;PE;C354;3;1,5
Isole;Sicilia;AG;C356;2;23
Nord Est;Emilia-Romagna;RN;C357;123,11;18,28
Sud;Campania;BN;C359;0;0
Nord Ovest;Lombardia;PV;C360;41,75;3,14
Sud;Campania;SA;C361;113,81;36,42
Nord Ovest;Piemonte;BI;C363;20,17;4
Nord Ovest;Piemonte;NO;C364;0;0
Nord Ovest;Piemonte;NO;C365;5;0
Nord Ovest;Piemonte;VB;C367;0;2
Nord Ovest;Piemonte;TO;C369;20,17;4
Nord Est;Veneto;VR;C370;119,99;2,5
Nord Ovest;Piemonte;CN;C375;1;1
Nord Ovest;Piemonte;CN;C376;40,3;5
Sud;Puglia;LE;C377;53,85;8,5
Nord Ovest;Piemonte;NO;C378;6;0
Nord Ovest;Lombardia;CO;C381;0;0
Nord Ovest;Lombardia;VA;C382;53,5;7,67
Nord Est;Veneto;VE;C383;48,34;2,5
Nord Est;Veneto;TV;C384;13,44;2,5
Nord Est;Friuli- Venezia Giulia;PN;C385;5,75;2,17
Nord Ovest;Piemonte;AL;C387;1;2
Nord Est;Veneto;VE;C388;802,77;93,88
Nord Est;Friuli- Venezia Giulia;UD;C389;6;3
Centro;Lazio;RM;C390;21,5;15,16
Nord Ovest;Lombardia;LO;C394;16;0
Nord Ovest;Lombardia;MI;C395;99,59;21,6
Nord Ovest;Lombardia;BG;C396;58,95;1,25
Nord Est;Emilia-Romagna;MO;C398;44,33;3
Nord Ovest;Piemonte;TO;C404;40,01;5,17
Nord Est;Emilia-Romagna;RE;C405;87,08;4
Nord Ovest;Lombardia;MN;C406;7,5;0
Centro;Toscana;AR;C407;78,93;7,3
Nord Ovest;Lombardia;BS;C408;65,34;3,25
Nord Ovest;Lombardia;VA;C409;4;0
Nord Ovest;Lombardia;BG;C410;6;0
Nord Est;Veneto;VR;C412;10;0,67
Centro;Lazio;FR;C413;7;6
Nord Ovest;Lombardia;PV;C414;1;0
Centro;Toscana;LI;C415;205,75;51,68
Nord Ovest;Lombardia;BS;C417;2,05;3
Nord Ovest;Lombardia;SO;C418;1;0,5
Isole;Sicilia;PA;C420;0;3
Isole;Sicilia;PA;C421;20,76;27,49
Nord Est;Veneto;VE;C422;57,29;5
Sud;Puglia;BR;C424;37,28;22
Sud;Abruzzo ;AQ;C426;6,2;9,2
Sud;Abruzzo ;CH;C428;0,5;1
Sud;Puglia;FG;C429;1;4
Sud;Calabria;CS;C430;2;2
Nord Ovest;Piemonte;AL;C432;1;1
Nord Ovest;Lombardia;CR;C435;0;0
Sud;Puglia;BA;C436;22;8
Sud;Calabria;CS;C437;0;0
Nord Ovest;Piemonte;AT;C438;1;0
Nord Ovest;Lombardia;BS;C439;26;2
Nord Ovest;Piemonte;AT;C440;0;0
Nord Ovest;Piemonte;CN;C441;0;0,5
Sud;Puglia;FG;C442;0;0
Nord Ovest;Liguria;SV;C443;52,58;16,97
Sud;Campania;SA;C444;0;2
Centro;Lazio;VT;C446;0,5;3,75
Centro;Lazio;VT;C447;0;1
Sud;Puglia;BR;C448;10;2
Sud;Abruzzo ;TE;C449;5;0
Sud;Calabria;CZ;C453;0;0
Nord Ovest;Lombardia;BG;C456;18;0
Nord Ovest;Lombardia;BG;C457;42,72;2
Nord Est;Veneto;BL;C458;8,11;10,51
Nord Ovest;Lombardia;BG;C459;32,25;6,08
Nord Est;Veneto;RO;C461;4,72;0,5
Nord Ovest;Liguria;SV;C463;9;5
Nord Ovest;Piemonte;CN;C466;42,81;7
Nord Est;Emilia-Romagna;FE;C469;319,01;16
Sud;Campania;SA;C470;2,33;8
Isole;Sicilia;EN;C471;13;15,2
Sud;Calabria;CZ;C472;0;2
Sud;Abruzzo ;PE;C474;21,92;4
Sud;Campania;BN;C476;2;0
Nord Ovest;Piemonte;VB;C478;0,75;0,75
Centro;Lazio;FR;C479;4,5;3
Isole;Sicilia;EN;C480;2;2,5
Nord Ovest;Liguria;GE;C481;11;12
Nord Ovest;Lombardia;CO;C482;2,92;0
Nord Ovest;Piemonte;NO;C483;35,89;0,33
Nord Ovest;Lombardia;PV;C484;33,25;1
Sud;Campania;SA;C485;1;1
Sud;Molise;CB;C486;3;1
Nord Ovest;Piemonte;TO;C487;16;1
Sud;Molise;CB;C488;0;1
Sud;Calabria;CS;C489;0;5
Sud;Abruzzo ;AQ;C492;0;1
Nord Ovest;Lombardia;SO;C493;1;4
Nord Est;Friuli- Venezia Giulia;UD;C494;2;3
Sud;Campania;NA;C495;46,39;22,66
Isole;Sicilia;PA;C496;2,5;6,5
Nord Ovest;Piemonte;TO;C497;3,75;1
Nord Est;Veneto;VR;C498;128,07;6
Nord Est;Veneto;RO;C500;15,25;1,9
Nord Ovest;Lombardia;MN;C502;6,33;0
Nord Ovest;Piemonte;AL;C503;0;0
Nord Ovest;Piemonte;CN;C504;17;1
Nord Ovest;Piemonte;TO;C505;13;1
Nord Ovest;Lombardia;BG;C506;23,67;0
Nord Ovest;Piemonte;AL;C507;0;0
Nord Ovest;Lombardia;PV;C508;2;0
Nord Ovest;Lombardia;PV;C509;3;0
Nord Ovest;Liguria;SV;C510;113,26;25,84
Nord Ovest;Liguria;IM;C511;2;13
Nord Ovest;Lombardia;MI;C512;63,67;19
Nord Est;Emilia-Romagna;PC;C513;1;0
Sud;Puglia;FG;C514;169,66;56,29
Sud;Calabria;CS;C515;1;2,5
Nord Ovest;Lombardia;CO;C516;73,33;5,15
Sud;Abruzzo ;TE;C517;1;0
Centro;Lazio;RM;C518;0;1
Nord Ovest;Lombardia;CO;C520;52;27,5
Nord Ovest;Lombardia;LC;C521;29,5;2
Nord Ovest;Lombardia;MI;C523;555,99;136,82
Centro;Marche;AN;C524;6;4
Sud;Campania;BN;C525;2;3
Nord Ovest;Piemonte;BI;C526;3;0
Centro;Umbria;PG;C527;0,78;3,78
Nord Ovest;Piemonte;AT;C528;1;1
Centro;Toscana;FI;C529;46,6;11,84
Nord Ovest;Piemonte;CN;C530;2;0
Nord Ovest;Piemonte;AL;C531;7,5;1
Nord Ovest;Piemonte;BI;C532;18;1
Nord Ovest;Piemonte;AT;C533;2;0
Sud;Molise;IS;C534;0;1,86
Nord Ovest;Lombardia;MI;C536;46;1
Nord Ovest;Lombardia;MI;C537;128,96;13,83
Nord Est;Veneto;VR;C538;26,53;2
Sud;Basilicata;PZ;C539;0;0
Centro;Toscana;FI;C540;54,48;46,96
Nord Ovest;Lombardia;PV;C541;69,5;3
Sud;Calabria;CZ;C542;1;3
Centro;Lazio;RM;C543;9;5
Nord Est;Veneto;PD;C544;42,17;1
Centro;Lazio;FR;C545;0,5;2
Nord Ovest;Piemonte;CN;C547;35,62;4
Nord Ovest;Piemonte;VC;C548;1,87;0
Nord Ovest;Lombardia;BS;C549;2;0,33
Nord Ovest;Piemonte;CN;C550;22;3
Nord Ovest;Lombardia;PV;C551;10,33;1
Centro;Lazio;RM;C552;181,92;58,44
Nord Est;Emilia-Romagna;RA;C553;433,64;40,91
Sud;Calabria;CS;C554;1;2
Nord Ovest;Lombardia;LO;C555;23,8;0
Sud;Campania;AV;C557;7,91;7,58
Sud;Campania;CE;C558;1,01;1
Nord Ovest;Liguria;IM;C559;33;3
Sud;Calabria;CS;C560;2;1
Sud;Campania;CE;C561;61,5;11,09
Nord Est;Veneto;BL;C562;11,21;6,5
Nord Ovest;Lombardia;LC;C563;9,3;4
Nord Ovest;Piemonte;TO;C564;72,69;19
Nord Ovest;Lombardia;MI;C565;136,28;17,22
Nord Ovest;Lombardia;MI;C566;413,68;82,43
Nord Ovest;Piemonte;VB;C567;1;2,5
Isole;Sicilia;ME;C568;3;6
Nord Ovest;Lombardia;MI;C569;155,85;32,66
Nord Est;Emilia-Romagna;FO;C573;731,52;70,23
Nord Est;Emilia-Romagna;FO;C574;197,29;31,69
Sud;Campania;AV;C576;9;1
Nord Est;Veneto;BL;C577;12,34;3
Nord Ovest;Liguria;IM;C578;1;4
Nord Est;Veneto;TV;C580;52,4;4
Sud;Calabria;VV;C581;0;4
Centro;Marche;MC;C582;1;0
Nord Ovest;Piemonte;AT;C583;1,5;0
Sud;Campania;SA;C584;0;1
Nord Ovest;Lombardia;BS;C585;5,5;1,5
Centro;Toscana;SI;C587;12;17
Sud;Calabria;CS;C588;4;4
Nord Ovest;Piemonte;CN;C589;22;4
Nord Ovest;Lombardia;BS;C591;3;7
Nord Ovest;Valle d'Aosta;AO;C593;2,5;4,5
Nord Ovest;Valle d'Aosta;AO;C594;1;0
Nord Ovest;Valle d'Aosta;AO;C595;3;1
Nord Ovest;Valle d'Aosta;AO;C596;1;2
Nord Ovest;Valle d'Aosta;AO;C598;8;6,58
Nord Ovest;Piemonte;CN;C599;97,36;36,61
Isole;Sardegna;SS;C600;1;0
Nord Ovest;Piemonte;TO;C604;4;0
Nord Est;Veneto;VI;C605;66,46;4
Sud;Campania;AV;C606;1;2
Centro;Toscana;SI;C608;38,08;14
Centro;Toscana;PI;C609;8;7,5
Nord Ovest;Piemonte;TO;C610;2,22;2
Isole;Sicilia;RG;C612;9,67;10
Isole;Sardegna;SS;C613;2;2
Nord Est;Veneto;TV;C614;23,33;2,13
Centro;Marche;AN;C615;88,07;8,91
Sud;Calabria;CZ;C616;2;2
Nord Ovest;Lombardia;BS;C618;170,28;13,83
Sud;Basilicata;PZ;C619;0;3,5
Sud;Molise;IS;C620;1;1
Nord Ovest;Liguria;GE;C621;231,71;53,6
Nord Ovest;Lombardia;SO;C623;69,36;42,79
Nord Ovest;Piemonte;TO;C624;5;2
Nord Ovest;Piemonte;TO;C627;369,59;53,05
Nord Ovest;Lombardia;SO;C628;34,71;30,88
Nord Ovest;Piemonte;TO;C629;0;0
Nord Est;Veneto;BL;C630;2,5;3,5
Centro;Toscana;PT;C631;16,5;2,33
Sud;Abruzzo ;CH;C632;180,15;52,93
Sud;Puglia;FG;C633;8;1,25
Nord Ovest;Lombardia;CR;C634;26;0
Nord Ovest;Lombardia;BG;C635;34,83;4,5
Nord Ovest;Lombardia;PV;C637;27,5;1
Nord Est;Veneto;VE;C638;438,03;121,26
Nord Ovest;Piemonte;TO;C639;14;3
Nord Est;Friuli- Venezia Giulia;PN;C640;28,17;4
Centro;Toscana;AR;C648;1,33;0
Nord Ovest;Lombardia;BG;C649;61,41;2,33
Nord Est;Veneto;VI;C650;15,5;1
Nord Ovest;Lombardia;SO;C651;4,5;3
Nord Ovest;Piemonte;CN;C653;18,79;9,6
Isole;Sicilia;PA;C654;2,88;7,83
Nord Ovest;Piemonte;TO;C655;6,5;5,78
Nord Est;Friuli- Venezia Giulia;UD;C656;10;3,17
Nord Ovest;Liguria;IM;C657;0;2
Nord Ovest;Piemonte;AT;C658;0;0
Sud;Campania;AV;C659;4;5,66
Nord Ovest;Liguria;IM;C660;0;3
Centro;Toscana;SI;C661;4;11
Centro;Toscana;SI;C662;33,17;9,47
Centro;Toscana;AR;C663;5,74;1
Nord Ovest;Piemonte;TO;C665;260,21;32,5
Isole;Sicilia;AG;C668;3;8
Nord Est;Emilia-Romagna;RE;C669;13,17;4
Nord Est;Veneto;TV;C670;29,75;2,25
Nord Est;Veneto;BL;C672;1;2,17
Nord Ovest;Liguria;GE;C673;2;2
Sud;Calabria;CZ;C674;0,5;1
Sud;Campania;NA;C675;36;17
Sud;Campania;SA;C676;0;2
Centro;Lazio;RM;C677;10;2
Nord Ovest;Lombardia;CR;C678;2;0
Nord Ovest;Piemonte;TO;C679;0,67;1
Nord Ovest;Piemonte;VC;C680;20,5;3
Nord Ovest;Piemonte;CN;C681;3;0
Nord Ovest;Lombardia;PV;C684;5;5
Nord Ovest;Lombardia;BS;C685;4;0
Nord Ovest;Lombardia;PV;C686;44;5
Nord Est;Veneto;TV;C689;17,5;1
Nord Ovest;Lombardia;BS;C691;2;0
Sud;Calabria;RC;C695;1;0
Isole;Sicilia;PA;C696;3;1
Sud;Campania;NA;C697;9;2
Nord Ovest;Lombardia;BS;C698;1,95;0
Nord Est;Friuli- Venezia Giulia;PN;C699;1;0
Nord Ovest;Piemonte;AT;C701;2;2
Centro;Lazio;RM;C702;0;0
Nord Ovest;Lombardia;CR;C703;3,67;0
Centro;Marche;MC;C704;31,25;14,44
Centro;Toscana;GR;C705;7,5;11,07
Nord Ovest;Lombardia;MI;C707;423,91;66,91
Isole;Sicilia;PA;C708;13,67;5,61
Nord Ovest;Lombardia;SO;C709;0;6
Sud;Calabria;RC;C710;2;6,13
Nord Ovest;Piemonte;TO;C711;3;1
Nord Est;Veneto;PD;C713;2;0
Nord Est;Veneto;VE;C714;17,23;0
Nord Ovest;Piemonte;TO;C715;0;0,5
Sud;Campania;CE;C716;0;0
Nord Ovest;Liguria;IM;C718;18;8
Sud;Campania;BN;C719;1;0
Nord Ovest;Piemonte;TO;C722;164,79;8,38
Sud;Basilicata;MT;C723;1;1
Nord Ovest;Lombardia;CO;C724;22;6
Sud;Calabria;KR;C725;4,34;4
Sud;Calabria;KR;C726;3,68;11,28
Nord Ovest;Lombardia;BG;C728;51,02;3
Nord Ovest;Liguria;SV;C729;1;3
Nord Ovest;Lombardia;BG;C730;46,67;6,73
Nord Ovest;Lombardia;VA;C732;102,06;14,22
Nord Ovest;Lombardia;MI;C733;78,92;4
Nord Est;Veneto;VI;C734;4;2
Nord Est;Veneto;TV;C735;6,83;3,5
Nord Ovest;Piemonte;CN;C738;1;0
Nord Ovest;Piemonte;AT;C739;1;1
Centro;Lazio;LT;C740;76,5;36,58
Sud;Puglia;BR;C741;30,83;18,86
Centro;Umbria;PG;C742;6;5
Nord Est;Veneto;PD;C743;114,45;9,67
Centro;Umbria;PG;C744;45,9;11,12
Centro;Umbria;PG;C745;184,83;23,83
Centro;Lazio;RI;C746;17,92;6
Sud;Calabria;RC;C747;7;9,95
Centro;Lazio;RI;C749;4,64;0,22
Sud;Abruzzo ;PE;C750;84;4
Nord Ovest;Lombardia;VA;C751;26,78;1
Nord Ovest;Lombardia;LC;C752;10,25;1
Nord Ovest;Liguria;IM;C755;12;4
Nord Ovest;Piemonte;VC;C757;0;1
Nord Est;Friuli- Venezia Giulia;UD;C758;73,67;9
Nord Ovest;Lombardia;BG;C759;30,25;2
Nord Ovest;Lombardia;BS;C760;10,9;3,75
Sud;Calabria;CS;C763;0;1
Sud;Molise;CB;C764;0;0
Centro;Lazio;VT;C765;66,64;20,25
Sud;Abruzzo ;AQ;C766;0,33;0
Centro;Lazio;RM;C767;33,5;7,67
Sud;Abruzzo ;CH;C768;0;1
Sud;Molise;IS;C769;2;1
Centro;Marche;MC;C770;365,72;62,55
Sud;Abruzzo ;PE;C771;3,5;2,5
Sud;Molise;CB;C772;1;1
Centro;Lazio;RM;C773;245,19;69,91
Centro;Toscana;AR;C774;35,05;7,17
Sud;Abruzzo ;CH;C776;1;0
Nord Est;Emilia-Romagna;FO;C777;11,26;3
Sud;Abruzzo ;AQ;C778;2;2
Sud;Abruzzo ;PE;C779;2;1
Centro;Lazio;VT;C780;7,5;10,5
Sud;Abruzzo ;TE;C781;3,33;4
Centro;Toscana;GR;C782;13;8,37
Sud;Abruzzo ;AQ;C783;3;1
Centro;Lazio;RM;C784;5;3,5
Nord Ovest;Lombardia;SO;C785;6;3,43
Nord Ovest;Lombardia;CO;C787;4;3
Nord Ovest;Lombardia;BG;C789;6;2
Nord Est;Friuli- Venezia Giulia;PN;C790;4;0
Nord Est;Friuli- Venezia Giulia;PN;C791;5,04;3
Nord Ovest;Piemonte;CN;C792;0;0
Nord Ovest;Piemonte;TO;C793;19;1
Sud;Calabria;CS;C795;0,44;0
Nord Ovest;Lombardia;VA;C796;21;2
Nord Ovest;Lombardia;BG;C800;72,67;19
Nord Ovest;Piemonte;TO;C801;8,66;3,5
Nord Ovest;Piemonte;TO;C803;26;2
Nord Ovest;Piemonte;AT;C804;0;0
Nord Ovest;Lombardia;BS;C806;67,67;7,38
Nord Ovest;Piemonte;AT;C807;4,8;0
Nord Ovest;Lombardia;VA;C810;22,2;5
Sud;Abruzzo ;AQ;C811;2;0
Nord Est;Veneto;PD;C812;42;2
Nord Ovest;Lombardia;PV;C813;4;3,1
Nord Est;Emilia-Romagna;FE;C814;52,21;6
Nord Est;Veneto;TV;C815;31,46;5
Nord Ovest;Lombardia;LO;C816;130,74;13,18
Nord Est;Friuli- Venezia Giulia;UD;C817;153,75;19
Isole;Sardegna;SS;C818;3;2,5
Nord Ovest;Piemonte;BI;C819;4,67;3,48
Nord Ovest;Lombardia;MI;C820;58,75;5,75
Nord Ovest;Valle d'Aosta;AO;C821;10,33;4,42
Nord Ovest;Liguria;GE;C823;80,17;24,58
Nord Est;Veneto;VI;C824;12,83;1,46
Nord Ovest;Liguria;GE;C826;52,17;17,31
Nord Ovest;Piemonte;NO;C829;6;1
Nord Ovest;Lombardia;BG;C835;12,08;6,17
Centro;Lazio;FR;C836;0;0
Nord Est;Emilia-Romagna;PC;C838;6;3
Nord Ovest;Lombardia;LC;C839;118,44;20
Centro;Lazio;RI;C841;0;4
Sud;Abruzzo ;AQ;C844;1;0
Centro;Umbria;PG;C845;12;6
Sud;Campania;BN;C846;0;1
Centro;Toscana;SI;C847;159,09;14,21
Nord Est;Veneto;TV;C848;37,75;3,5
Nord Ovest;Lombardia;BS;C850;25,83;5,33
Nord Ovest;Lombardia;LC;C851;18,11;2,04
Nord Est;Emilia-Romagna;PR;C852;164,56;17,88
Sud;Abruzzo ;PE;C853;8,41;4,5
Sud;Molise;CB;C854;0;2
Sud;Abruzzo ;CH;C855;0;0
Sud;Abruzzo ;CH;C856;0;1
Centro;Lazio;RI;C857;0;0
Centro;Lazio;RM;C858;112,5;18,17
Centro;Lazio;RI;C859;0;0
Nord Ovest;Piemonte;TO;C860;459,46;40
Sud;Abruzzo ;AQ;C862;0;2
Centro;Lazio;FR;C864;0;1
Sud;Puglia;LE;C865;8;2,5
Sud;Abruzzo ;AQ;C866;2;0
Nord Ovest;Piemonte;TO;C867;7;6
Nord Ovest;Piemonte;TO;C868;3;0
Centro;Toscana;LI;C869;124,6;24,58
Centro;Lazio;FR;C870;0;1,84
Isole;Sicilia;PA;C871;0;9,8
Sud;Molise;CB;C875;3;1
Centro;Lazio;RI;C876;2,99;3,65
Centro;Marche;AP;C877;17,08;5
Sud;Molise;IS;C878;5,17;1
Sud;Campania;SA;C879;3;3,04
Centro;Lazio;RI;C880;2,5;1,5
Isole;Sardegna;CA;C882;0;0
Nord Ovest;Lombardia;BS;C883;4,09;5,1
Nord Ovest;Piemonte;VC;C884;0;0
Nord Est;Friuli- Venezia Giulia;UD;C885;15;1
Centro;Marche;MC;C886;10;6
Sud;Basilicata;MT;C888;1;4
Nord Est;Veneto;VR;C890;48,99;1,21
Nord Ovest;Lombardia;BS;C893;88,8;5,5
Nord Ovest;Lombardia;BG;C894;100,83;10,38
Nord Ovest;Lombardia;MI;C895;373,85;55,97
Nord Est;Veneto;VR;C897;84,49;9
Centro;Lazio;RM;C900;9,5;5
Sud;Abruzzo ;TE;C901;16;4
Nord Ovest;Lombardia;CO;C902;2;0
Nord Ovest;Lombardia;SO;C903;1,5;6
Nord Est;Emilia-Romagna;PR;C904;56,73;1
Sud;Calabria;CS;C905;0;0
Nord Ovest;Lombardia;MI;C908;30;1,03
Nord Ovest;Lombardia;BG;C910;10,5;1
Nord Ovest;Lombardia;VA;C911;10,5;0
Nord Est;Emilia-Romagna;FE;C912;189,75;25,27
Centro;Toscana;MS;C914;0;3
Nord Ovest;Lombardia;LO;C917;36,25;0
Nord Est;Friuli- Venezia Giulia;UD;C918;1;1
Nord Est;Veneto;BL;C919;12,33;2,39
Nord Est;Veneto;BL;C920;17,78;8,84
Nord Ovest;Lombardia;VA;C922;19;0,11
Nord Ovest;Lombardia;BS;C925;26,5;0
Nord Ovest;Piemonte;NO;C926;9,9;1
Isole;Sicilia;RG;C927;44,01;13,56
Isole;Sicilia;AG;C928;2,67;3,34
Sud;Campania;NA;C929;0;0
Nord Ovest;Lombardia;MN;C930;5,13;0
Nord Ovest;Lombardia;CO;C933;815,52;155,73
Nord Est;Emilia-Romagna;PR;C934;5,5;2,5
Centro;Marche;AP;C935;13,5;2
Nord Ovest;Lombardia;CO;C936;17,83;6,17
Nord Ovest;Lombardia;BG;C937;27,88;3
Nord Est;Veneto;VE;C938;20;0,5
Sud;Campania;CE;C939;0;0,5
Sud;Campania;SA;C940;0;2
Sud;Molise;IS;C941;0;0
Nord Est;Veneto;VR;C943;5;0
Centro;Lazio;RI;C946;1;0
Nord Ovest;Lombardia;BS;C948;139,69;19,21
Nord Est;Veneto;VI;C949;16,34;1
Nord Est;Veneto;VE;C950;61,78;4,77
Nord Est;Emilia-Romagna;MO;C951;39,35;4,83
Nord Ovest;Lombardia;MI;C952;199,76;17,05
Sud;Calabria;RC;C954;2;0
Nord Ovest;Piemonte;TO;C955;26,02;7,56
Isole;Sicilia;ME;C956;1;0
Nord Est;Veneto;TV;C957;387,37;65,97
Nord Ovest;Lombardia;PV;C958;7,25;1,92
Centro;Lazio;RI;C959;1;2
Sud;Calabria;CZ;C960;0;2
Nord Ovest;Piemonte;AL;C962;2;1
Nord Est;Emilia-Romagna;RA;C963;35,86;1,5
Nord Est;Veneto;PD;C964;66,1;4,37
Isole;Sicilia;PA;C968;5,5;4,33
Centro;Lazio;RI;C969;13,5;2
Sud;Campania;AV;C971;4;3
Sud;Abruzzo ;TE;C972;1;2
Sud;Campania;SA;C973;0;1
Sud;Campania;SA;C974;2;1
Sud;Puglia;BA;C975;82,25;51,08
Sud;Campania;AV;C976;10;2
Nord Ovest;Piemonte;AL;C977;1;0
Sud;Puglia;LE;C978;37,17;7
Nord Ovest;Lombardia;PV;C979;16;1
Nord Est;Emilia-Romagna;FE;C980;118,54;7
Nord Ovest;Lombardia;PV;C982;4;1
Sud;Puglia;BA;C983;113,35;124,28
Sud;Campania;SA;C984;3;7
Nord Ovest;Lombardia;MI;C986;247,28;33
Nord Est;Veneto;RO;C987;9,5;0
Centro;Lazio;VT;C988;3;3
Centro;Umbria;PG;C990;214,67;29
Nord Est;Friuli- Venezia Giulia;PN;C991;139,66;16,75
Nord Est;Veneto;TV;C992;44,5;3
Nord Est;Friuli- Venezia Giulia;PN;C993;12,5;1,83
Nord Ovest;Liguria;GE;C995;0;1,04
Centro;Toscana;LU;C996;3;2,53
Centro;Lazio;FR;C998;2;1
Sud;Abruzzo ;AQ;C999;3,5;2
Centro;Lazio;LT;D003;11;15,9
Nord Est;Emilia-Romagna;RN;D004;59,59;3
Sud;Puglia;LE;D006;12;5
Centro;Marche;AN;D007;11,5;3
Nord Ovest;Piemonte;TO;D008;17,02;0,19
Isole;Sicilia;PA;D009;7,5;15,5
Sud;Basilicata;PZ;D010;3;1
Sud;Campania;SA;D011;1;0
Nord Ovest;Valle d'Aosta;AO;D012;104,48;35,2
Nord Ovest;Lombardia;MI;D013;204,69;28
Nord Ovest;Lombardia;BG;D015;4,5;0,5
Nord Ovest;Lombardia;BG;D016;6,5;1
Nord Ovest;Lombardia;MI;D018;229,96;52,17
Nord Ovest;Lombardia;MI;D019;133,08;18
Nord Est;Veneto;VI;D020;70,13;7,41
Nord Ovest;Lombardia;LO;D021;23;0
Nord Ovest;Piemonte;CN;D022;14,5;2
Centro;Lazio;VT;D024;61,71;80,99
Nord Est;Emilia-Romagna;PR;D026;7;5
Nord Est;Friuli- Venezia Giulia;UD;D027;5;1
Nord Ovest;Lombardia;LO;D028;6,5;0
Nord Ovest;Lombardia;LO;D029;2;0
Nord Est;Veneto;TV;D030;43,07;7
Nord Ovest;Lombardia;MI;D033;4;0
Nord Est;Emilia-Romagna;RE;D037;210,91;22,5
Nord Ovest;Lombardia;MI;D038;55;6,33
Nord Est;Veneto;PD;D040;20,14;2
Nord Ovest;Lombardia;CO;D041;0;1
Centro;Marche;MC;D042;61,81;13,06
Sud;Abruzzo ;TE;D043;24,08;6,17
Sud;Puglia;LE;D044;2,21;2
Nord Ovest;Lombardia;MI;D045;205;40,55
Nord Ovest;Piemonte;AT;D046;4;0
Sud;Calabria;CZ;D049;0;3
Nord Ovest;Piemonte;AT;D050;0;0
Nord Ovest;Piemonte;AT;D051;0;0
Nord Ovest;Piemonte;AT;D052;3;0
Nord Est;Emilia-Romagna;PC;D054;5,83;2
Nord Ovest;Lombardia;CR;D056;6;1
Nord Ovest;Lombardia;CR;D057;5;0
Nord Ovest;Lombardia;BS;D058;80,38;5,17
Nord Est;Emilia-Romagna;PC;D061;25;2
Nord Ovest;Piemonte;CN;D062;5;1
Nord Ovest;Lombardia;BS;D064;85,67;13,9
Nord Ovest;Lombardia;LC;D065;1;0,83
Nord Ovest;Lombardia;BG;D066;16,08;0
Nord Ovest;Lombardia;LO;D068;18;0
Nord Ovest;Piemonte;AT;D072;0;0
Sud;Abruzzo ;TE;D076;0;1
Centro;Toscana;AR;D077;72,98;14,41
Sud;Abruzzo ;PE;D078;0;1
Nord Ovest;Lombardia;PV;D081;3,56;0
Nord Ovest;Lombardia;BS;D082;11;0
Nord Est;Friuli- Venezia Giulia;UD;D085;12;2
Sud;Calabria;CS;D086;202,03;57,29
Nord Ovest;Liguria;IM;D087;0;0
Nord Ovest;Lombardia;SO;D088;18,67;5,67
Sud;Calabria;RC;D089;0;0
Nord Ovest;Piemonte;TO;D092;0;0
Nord Ovest;Piemonte;CN;D093;3;1
Nord Ovest;Piemonte;BI;D094;130,33;20
Nord Ovest;Liguria;SV;D095;2;1,5
Centro;Marche;AP;D096;0,75;0
Nord Ovest;Piemonte;VB;D099;3;12
Isole;Sardegna;SS;D100;4,5;1,17
Nord Ovest;Piemonte;AT;D101;3;0
Nord Ovest;Piemonte;AL;D102;3;0
Nord Ovest;Lombardia;BG;D103;2,34;0
Nord Est;Veneto;RO;D105;12,08;1
Nord Est;Veneto;VI;D107;99,51;6,5
Centro;Umbria;PG;D108;2,34;3
Nord Ovest;Lombardia;PV;D109;2;0
Nord Ovest;Lombardia;BG;D110;16,5;0,5
Nord Ovest;Lombardia;BG;D111;19,67;7,17
Nord Ovest;Lombardia;LC;D112;28,11;3
Nord Ovest;Piemonte;VC;D113;4;0
Nord Ovest;Liguria;IM;D114;15,06;3,5
Nord Ovest;Lombardia;BG;D117;88,23;9
Nord Est;Veneto;VR;D118;99,92;8
Nord Ovest;Piemonte;AT;D119;24,42;2
Nord Ovest;Piemonte;CN;D120;16,5;3
Nord Est;Emilia-Romagna;RA;D121;32,28;2,5
Sud;Calabria;KR;D122;103,25;33,93
Sud;Calabria;KR;D123;5;13,67
Centro;Lazio;RI;D124;2;3
Nord Ovest;Lombardia;BG;D126;33,33;0
Nord Ovest;Lombardia;PV;D127;2;0
Sud;Basilicata;MT;D128;0;0
Nord Ovest;Lombardia;LC;D131;2;0
Nord Ovest;Piemonte;VC;D132;0;0
Nord Ovest;Piemonte;CN;D133;1;0
Nord Ovest;Piemonte;VB;D134;4;2,67
Nord Est;Veneto;VI;D136;93,89;4,67
Sud;Abruzzo ;CH;D137;2,5;5
Nord Ovest;Lombardia;BG;D139;31,67;3,92
Nord Ovest;Lombardia;CR;D141;15,99;0
Nord Ovest;Lombardia;CR;D142;353,45;35,19
Nord Ovest;Lombardia;LC;D143;12,5;2,5
Nord Ovest;Lombardia;VA;D144;5;1
Nord Ovest;Lombardia;LC;D145;18,96;4,88
Nord Ovest;Lombardia;CO;D147;5,17;4
Nord Ovest;Piemonte;AL;D149;1;2
Nord Ovest;Lombardia;CR;D150;642,69;53,79
Nord Ovest;Lombardia;CR;D151;13;0
Nord Ovest;Piemonte;VC;D154;40,83;8
Nord Est;Veneto;VI;D156;1;1
Nord Est;Veneto;TV;D157;17,67;2
Nord Ovest;Lombardia;LO;D159;17;1
Nord Est;Veneto;RO;D161;15;3
Nord Ovest;Piemonte;NO;D162;6,33;1
Nord Ovest;Piemonte;BI;D165;5,5;2
Nord Est;Emilia-Romagna;BO;D166;103,7;2,5
Nord Ovest;Piemonte;VB;D168;20,87;10,7
Sud;Campania;NA;D170;34;10,53
Sud;Puglia;TA;D171;20,67;17,71
Nord Ovest;Piemonte;CN;D172;6,25;2
Nord Ovest;Liguria;GE;D175;1;1
Nord Ovest;Piemonte;VB;D177;6;3
Sud;Abruzzo ;TE;D179;3;1,33
Sud;Calabria;CS;D180;0;1
Sud;Calabria;CZ;D181;2;3
Sud;Calabria;CS;D184;8;8
Nord Ovest;Lombardia;VA;D185;12,17;0,5
Nord Ovest;Lombardia;CR;D186;3;0
Nord Ovest;Piemonte;VC;D187;4;1
Sud;Calabria;KR;D189;1;4,5
Nord Ovest;Lombardia;VA;D192;40,96;3,5
Nord Est;Veneto;VR;D193;57,83;5,89
Nord Ovest;Piemonte;AL;D194;1;0
Sud;Campania;SA;D195;0;0
Nord Ovest;Lombardia;CO;D196;17,78;5,5
Nord Ovest;Piemonte;TO;D197;8;0
Nord Ovest;Lombardia;MI;D198;83,33;8,75
Nord Ovest;Lombardia;VA;D199;9,5;4
Isole;Sardegna;OR;D200;3;9,67
Sud;Abruzzo ;PE;D201;0;2
Nord Ovest;Piemonte;TO;D202;62,83;7,33
Nord Ovest;Lombardia;CR;D203;0;0
Nord Ovest;Lombardia;VA;D204;21,55;1,25
Nord Ovest;Piemonte;CN;D205;437,03;87,96
Nord Ovest;Piemonte;AT;D207;0;0
Nord Ovest;Piemonte;TO;D208;43,31;14
Sud;Abruzzo ;CH;D209;13;0
Centro;Marche;AP;D210;40,33;12,33
Centro;Marche;AN;D211;14;2,5
Isole;Sardegna;OR;D214;0;0
Nord Ovest;Piemonte;NO;D216;5,5;2
Nord Ovest;Lombardia;VA;D217;0;2
Sud;Calabria;CZ;D218;0;2
Nord Ovest;Piemonte;BI;D219;5;2
Nord Ovest;Lombardia;BG;D221;87,31;7
Sud;Puglia;LE;D223;1,5;1
Nord Ovest;Piemonte;VB;D225;0;0
Nord Est;Veneto;PD;D226;59,84;1,5
Nord Ovest;Lombardia;MN;D227;194,27;7
Sud;Campania;CE;D228;31,7;4
Nord Ovest;Lombardia;MI;D229;97,21;8
Sud;Campania;BN;D230;1;2,5
Nord Ovest;Lombardia;MI;D231;190,28;24,66
Nord Ovest;Lombardia;CO;D232;0;1,5
Nord Ovest;Lombardia;BG;D233;4,33;0
Isole;Sicilia;TP;D234;0;1
Sud;Calabria;KR;D236;1;7,99
Sud;Puglia;LE;D237;7;7
Nord Ovest;Lombardia;VA;D238;26,58;4
Nord Ovest;Lombardia;VA;D239;7,5;0
Nord Ovest;Lombardia;MI;D244;64,31;12
Nord Ovest;Lombardia;BG;D245;324,53;17,07
Nord Est;Veneto;BL;D247;6;1
Nord Ovest;Lombardia;BS;D251;105,33;10,33
Sud;Calabria;VV;D253;0;1
Nord Ovest;Liguria;GE;D255;7;5
Nord Ovest;Lombardia;VA;D256;13;0
Sud;Calabria;CZ;D257;7;13
Nord Ovest;Lombardia;SO;D258;5,33;1
Isole;Sardegna;CA;D259;34,37;6
Isole;Sardegna;CA;D260;1;1
Sud;Calabria;CZ;D261;2;8
Nord Ovest;Liguria;SV;D264;5;5
Nord Ovest;Liguria;SP;D265;46,08;10,5
Nord Ovest;Lombardia;SO;D266;3;8,5
Isole;Sicilia;CL;D267;6;4
Sud;Calabria;RC;D268;0;0
Sud;Puglia;FG;D269;7,75;2
Nord Ovest;Lombardia;BS;D270;36,8;0
Nord Ovest;Piemonte;CN;D271;11,67;11,22
Nord Ovest;Piemonte;AL;D272;2;2
Nord Ovest;Piemonte;AL;D277;1;0
Nord Ovest;Lombardia;CR;D278;0;0
Centro;Umbria;PG;D279;42;5,5
Nord Ovest;Lombardia;LC;D280;11,51;2,94
Nord Ovest;Piemonte;VC;D281;4,5;2
Nord Ovest;Lombardia;BS;D284;486,47;43,27
Nord Ovest;Lombardia;MI;D286;374,97;49,96
Isole;Sardegna;NU;D287;0;1
Sud;Calabria;CS;D289;18,55;27,05
Sud;Calabria;CS;D290;1;2
Nord Ovest;Piemonte;CN;D291;16;2
Sud;Campania;SA;D292;5;4
Nord Ovest;Liguria;IM;D293;6;1,5
Nord Ovest;Liguria;IM;D296;24,5;9
Nord Ovest;Liguria;IM;D297;93;40,17
Nord Ovest;Liguria;IM;D298;9;11
Centro;Toscana;FI;D299;24,5;3,68
Nord Est;Friuli- Venezia Giulia;UD;D300;4,83;2
Sud;Calabria;VV;D303;1;1
Sud;Calabria;CS;D304;4;0
Sud;Puglia;LE;D305;7;3,5
Nord Ovest;Piemonte;NO;D309;14,67;2,67
Nord Ovest;Lombardia;CO;D310;7;2
Nord Ovest;Piemonte;CN;D314;12;5
Sud;Abruzzo ;CH;D315;2;1
Nord Est;Friuli- Venezia Giulia;UD;D316;0;2,75
Nord Est;Veneto;VR;D317;18,17;1
Nord Ovest;Liguria;IM;D318;1;18
Nord Ovest;Liguria;IM;D319;1;10
Isole;Sardegna;CA;D323;10;6
Nord Est;Veneto;VE;D325;193,42;8,17
Nord Ovest;Lombardia;LC;D327;15,5;2
Sud;Calabria;CS;D328;0;1
Nord Ovest;Lombardia;CO;D329;15,83;4,83
Nord Est;Veneto;BL;D330;11,16;3,25
Sud;Campania;AV;D331;2;0,5
Nord Ovest;Piemonte;VB;D332;153,26;29
Isole;Sardegna;CA;D333;18;2,5
Isole;Sardegna;CA;D334;2;1
Nord Ovest;Valle d'Aosta;AO;D338;8,22;8,25
Nord Ovest;Piemonte;BI;D339;4;2
Nord Ovest;Lombardia;CO;D341;11,25;15,5
Isole;Sardegna;CA;D344;2;1
Isole;Sardegna;NU;D345;1;4
Nord Ovest;Lombardia;LC;D346;16;4,25
Nord Ovest;Piemonte;NO;D347;15,5;2
Nord Ovest;Lombardia;PV;D348;29,5;0
Nord Ovest;Piemonte;BI;D350;2;0,5
Nord Ovest;Lombardia;MN;D351;14;0,5
Nord Ovest;Lombardia;BG;D352;11,75;4
Nord Ovest;Lombardia;CO;D355;0;3
Nord Ovest;Valle d'Aosta;AO;D356;4;2
Nord Est;Emilia-Romagna;FO;D357;2;1
Nord Ovest;Lombardia;CR;D358;36,64;1,67
Nord Est;Emilia-Romagna;BO;D360;63,33;5,19
Sud;Campania;CE;D361;1;0
Sud;Calabria;VV;D364;0;1
Nord Est;Friuli- Venezia Giulia;UD;D366;0;0
Nord Ovest;Lombardia;MI;D367;29,85;0
Nord Ovest;Lombardia;CR;D370;4;0
Nord Ovest;Piemonte;CN;D372;29,39;11,17
Nord Ovest;Piemonte;TO;D373;100,83;17,25
Nord Ovest;Piemonte;VB;D374;6;4,8
Isole;Sardegna;NU;D376;0;0
Nord Ovest;Lombardia;SO;D377;18,67;2
Nord Est;Veneto;VI;D379;128,05;1,5
Sud;Campania;BN;D380;0;0
Nord Ovest;Lombardia;VA;D384;7,5;5
Nord Ovest;Lombardia;VA;D385;0;0
Sud;Campania;BN;D386;0,75;1
Nord Ovest;Piemonte;AT;D388;6,5;0
Sud;Campania;SA;D390;74,67;14,45
Nord Ovest;Lombardia;BS;D391;23,59;4,84
Sud;Abruzzo ;PE;D394;0,67;0
Nord Ovest;Lombardia;LC;D398;7,33;1
Isole;Sardegna;CA;D399;35,7;19
Nord Ovest;Piemonte;CN;D401;0;0
Nord Ovest;Valle d'Aosta;AO;D402;2;1
Centro;Toscana;FI;D403;320,06;71,42
Nord Ovest;Lombardia;BG;D406;25,16;2,17
Nord Est;Veneto;VI;D407;10;5
Nord Est;Friuli- Venezia Giulia;UD;D408;5,25;0
Nord Ovest;Piemonte;CN;D410;9;0
Nord Ovest;Lombardia;BG;D411;5;1
Nord Ovest;Piemonte;CN;D412;8;2
Sud;Basilicata;PZ;D414;0;0
Nord Est;Veneto;VE;D415;100,5;8,5
Nord Ovest;Lombardia;CO;D416;110,16;10
Nord Est;Veneto;VR;D419;7,39;0,39
Nord Est;Veneto;VR;D420;4;3
Nord Ovest;Lombardia;BS;D421;88,56;3
Sud;Puglia;BR;D422;6;1
Isole;Sicilia;TP;D423;56,14;14,13
Nord Ovest;Liguria;SV;D424;1,5;2,5
Nord Est;Friuli- Venezia Giulia;PN;D426;2;0,25
Nord Ovest;Lombardia;LC;D428;1;0,67
Centro;Marche;MC;D429;11,1;0
Isole;Sardegna;NU;D430;0;0
Isole;Sardegna;NU;D431;0;0
Nord Ovest;Piemonte;TO;D433;0;2
Nord Ovest;Lombardia;BS;D434;28,66;2
Nord Ovest;Lombardia;LC;D436;1,92;0
Centro;Lazio;FR;D440;0;0
Isole;Sardegna;SS;D441;0;0
Nord Est;Veneto;PD;D442;125,14;6
Isole;Sardegna;NU;D443;0,83;0
Nord Ovest;Valle d'Aosta;AO;D444;1;0
Nord Ovest;Lombardia;CO;D445;10,5;1,5
Nord Ovest;Piemonte;AL;D447;21;1,5
Nord Est;Emilia-Romagna;RE;D450;68,55;2
Centro;Marche;AN;D451;100;14,5
Centro;Lazio;VT;D452;12,06;10,86
Sud;Calabria;VV;D453;0;4,16
Centro;Umbria;TR;D454;12;8
Nord Est;Friuli- Venezia Giulia;UD;D455;9,67;6,5
Nord Ovest;Lombardia;SO;D456;1;7,5
Nord Est;Emilia-Romagna;RA;D458;456,02;48
Sud;Puglia;FG;D459;6,5;0
Nord Est;Friuli- Venezia Giulia;UD;D461;37,17;6
Nord Ovest;Lombardia;CO;D462;3,5;4
Sud;Puglia;TA;D463;3,5;2,25
Sud;Calabria;CS;D464;1;8
Sud;Abruzzo ;AQ;D465;0;1
Nord Ovest;Lombardia;VA;D467;101,5;21
Sud;Campania;BN;D469;1;4
Nord Est;Veneto;BL;D470;27,94;19,76
Centro;Marche;AN;D472;143,25;22,71
Sud;Calabria;CS;D473;12;3
Isole;Sicilia;ME;D474;0;5,5
Centro;Lazio;VT;D475;42;10
Sud;Calabria;CZ;D476;2;4,78
Centro;Marche;AP;D477;9;2
Sud;Abruzzo ;CH;D480;0;0
Nord Ovest;Piemonte;VB;D481;0;1
Nord Ovest;Lombardia;CO;D482;61,4;6
Centro;Lazio;FR;D483;0;0
Nord Est;Emilia-Romagna;MO;D486;24,05;10
Nord Est;Friuli- Venezia Giulia;PN;D487;5;0,5
Centro;Marche;PS;D488;382,13;44,27
Sud;Abruzzo ;TE;D489;0;0
Nord Ovest;Lombardia;BG;D490;85,48;6,5
Nord Ovest;Lombardia;BG;D491;13;0
Nord Ovest;Piemonte;NO;D492;11,5;0
Centro;Lazio;RI;D493;29,3;17,14
Sud;Abruzzo ;CH;D494;4;0
Sud;Abruzzo ;CH;D495;1;1
Nord Est;Veneto;VI;D496;9,5;4
Sud;Basilicata;PZ;D497;1;0
Nord Ovest;Piemonte;CN;D499;10,67;1,5
Sud;Abruzzo ;PE;D501;3;2,75
Nord Est;Emilia-Romagna;PC;D502;3;5
Centro;Lazio;VT;D503;3;4,17
Nord Est;Veneto;TV;D505;30;6
Sud;Puglia;BR;D508;119,93;42,1
Nord Ovest;Liguria;GE;D509;0;0
Centro;Toscana;PI;D510;10;10
Nord Ovest;Piemonte;CN;D511;12;0
Nord Ovest;Liguria;GE;D512;0;4
Sud;Basilicata;MT;D513;1;2
Isole;Sicilia;AG;D514;10;16
Isole;Sicilia;TP;D518;5;4,75
Nord Ovest;Piemonte;TO;D520;31,5;1
Nord Ovest;Liguria;SV;D522;1;0
Nord Ovest;Piemonte;CN;D523;1;0
Nord Ovest;Piemonte;TO;D524;13,5;1
Nord Est;Emilia-Romagna;PR;D526;111,16;28,5
Sud;Campania;SA;D527;2;3
Nord Ovest;Piemonte;AL;D528;10;2
Nord Est;Veneto;BL;D530;128,17;31
Nord Ovest;Lombardia;CO;D531;19,4;2,5
Nord Ovest;Piemonte;TO;D532;8;2
Nord Ovest;Valle d'Aosta;AO;D537;3,27;7,33
Centro;Umbria;TR;D538;4,5;2
Centro;Lazio;FR;D539;3;15,75
Isole;Sicilia;SR;D540;9,5;10,5
Centro;Marche;PS;D541;33,63;3,57
Centro;Marche;AP;D542;162,69;48,56
Nord Ovest;Lombardia;VA;D543;55,95;10
Sud;Calabria;CZ;D544;0;0,33
Sud;Calabria;RC;D545;0;1
Sud;Calabria;CZ;D546;1,5;6,25
Sud;Basilicata;MT;D547;10,75;6
Nord Est;Emilia-Romagna;FE;D548;1184,12;75,15
Nord Est;Veneto;VR;D549;8;0
Sud;Molise;CB;D550;7;6
Nord Ovest;Lombardia;VA;D551;6;3
Nord Ovest;Lombardia;PV;D552;9;0
Nord Ovest;Piemonte;TO;D553;0;0
Nord Ovest;Piemonte;AT;D554;5,33;1
Nord Est;Emilia-Romagna;PC;D555;13,89;7
Sud;Calabria;RC;D557;0;0
Nord Ovest;Piemonte;AL;D559;2,25;1
Centro;Lazio;RI;D560;0;2
Centro;Lazio;RM;D561;90,5;28,5
Nord Ovest;Piemonte;TO;D562;19,45;1,15
Centro;Marche;MC;D564;2;3,73
Centro;Marche;MC;D566;1;0
Isole;Sicilia;PA;D567;12;6
Nord Est;Veneto;RO;D568;9;0
Isole;Sicilia;ME;D569;1;2
Centro;Umbria;TR;D570;4;5
Nord Ovest;Lombardia;CR;D574;3,5;0
Centro;Toscana;FI;D575;73,96;19,53
Nord Ovest;Lombardia;BS;D576;14;0
Nord Est;Veneto;RO;D577;20,68;2
Nord Est;Veneto;VE;D578;147,34;0
Nord Ovest;Lombardia;CO;D579;35,99;4,58
Sud;Calabria;CS;D582;0;2
Isole;Sardegna;OR;D585;0;0
Centro;Lazio;RM;D586;0;0
Sud;Calabria;VV;D587;1;3
Nord Ovest;Lombardia;BG;D588;23,66;3,84
Sud;Calabria;VV;D589;0;0,11
Centro;Toscana;MS;D590;5,5;12,83
Centro;Lazio;FR;D591;8;6
Sud;Abruzzo ;CH;D592;1;1
Sud;Basilicata;PZ;D593;2;8
Nord Ovest;Lombardia;PV;D594;9;0
Sud;Molise;IS;D595;1;1
Sud;Calabria;VV;D596;0;0
Centro;Marche;AN;D597;23,5;7
Nord Est;Emilia-Romagna;MO;D599;102,64;24,33
Nord Ovest;Liguria;SV;D600;207,1;62
Nord Ovest;Lombardia;BG;D604;7,19;1,94
Nord Ovest;Lombardia;CO;D605;116,08;12,02
Nord Ovest;Lombardia;BG;D606;21,25;1,25
Nord Est;Emilia-Romagna;MO;D607;170,75;21
Nord Ovest;Piemonte;TO;D608;7;2,5
Nord Est;Emilia-Romagna;PC;D611;191,6;64,12
Centro;Toscana;FI;D612;2015,57;595,57
Centro;Toscana;FI;D613;26,34;3,08
Sud;Calabria;CS;D614;2;1
Sud;Campania;SA;D615;66;32,41
Nord Est;Emilia-Romagna;MO;D617;14,5;9
Sud;Calabria;RC;D619;0;0
Nord Est;Friuli- Venezia Giulia;PN;D621;102,84;11,66
Isole;Sicilia;ME;D622;1;0
Isole;Sicilia;CT;D623;36,89;7
Sud;Calabria;CS;D624;3;2
Centro;Marche;MC;D628;1;2
Centro;Toscana;MS;D629;6;18,83
Nord Est;Friuli- Venezia Giulia;UD;D630;3;1
Nord Ovest;Lombardia;BS;D634;87,5;3
Isole;Sicilia;ME;D635;2;1
Isole;Sicilia;SR;D636;58,17;9
Isole;Sardegna;SS;D637;0;1,83
Sud;Campania;AV;D638;4;1
Isole;Sardegna;CA;D639;0;0
Isole;Sardegna;NU;D640;2;1
Nord Ovest;Piemonte;VC;D641;0;0
Sud;Puglia;FG;D643;736,77;143,3
Sud;Campania;BN;D644;0;0
Nord Ovest;Piemonte;TO;D646;8;0
Centro;Toscana;AR;D649;23,37;3
Sud;Campania;BN;D650;2;1
Centro;Marche;AP;D652;51,67;9,5
Centro;Umbria;PG;D653;356,33;57,56
Nord Est;Veneto;TV;D654;15,75;0,5
Nord Ovest;Liguria;SP;D655;22;13,01
Centro;Toscana;GR;D656;181,77;27,66
Nord Ovest;Lombardia;LO;D660;12;1,13
Isole;Sicilia;ME;D661;0;2
Centro;Lazio;LT;D662;32,41;34,83
Isole;Sardegna;NU;D665;3;0
Nord Ovest;Valle d'Aosta;AO;D666;2;5
Centro;Lazio;FR;D667;1;1
Nord Est;Emilia-Romagna;BO;D668;10,67;2
Nord Est;Friuli- Venezia Giulia;PN;D670;132,76;22,67
Sud;Campania;AV;D671;1,67;3
Nord Ovest;Lombardia;BG;D672;35,08;2
Nord Est;Emilia-Romagna;PR;D673;56,58;6,5
Nord Est;Veneto;TV;D674;40;7
Nord Ovest;Piemonte;NO;D675;10;3
Nord Ovest;Piemonte;VC;D676;6;1
Nord Ovest;Liguria;GE;D677;1;2,75
Nord Ovest;Piemonte;AT;D678;1;0
Nord Est;Veneto;PD;D679;27,67;2
Nord Est;Veneto;TV;D680;15,5;0
Sud;Abruzzo ;AQ;D681;0,5;0
Centro;Lazio;FR;D682;2;1
Sud;Campania;CE;D683;0;1
Nord Ovest;Lombardia;BG;D684;10,17;4
Nord Est;Emilia-Romagna;PR;D685;56;0
Nord Est;Veneto;BL;D686;10,08;2,75
Nord Ovest;Lombardia;BG;D688;21;0,39
Centro;Lazio;RI;D689;9;4,89
Sud;Abruzzo ;CH;D690;162,5;23,5
Centro;Marche;AP;D691;3;0
Sud;Campania;BN;D693;0;0
Nord Ovest;Lombardia;SO;D694;0;1,66
Isole;Sardegna;OR;D695;1;1
Sud;Basilicata;PZ;D696;0;1,96
Nord Ovest;Lombardia;BG;D697;13,67;1
Nord Est;Friuli- Venezia Giulia;UD;D700;9,5;1
Sud;Campania;AV;D701;4,93;3,87
Sud;Campania;NA;D702;7,21;7,35
Sud;Molise;IS;D703;1;1,87
Nord Est;Emilia-Romagna;FO;D704;942,11;79,76
Nord Est;Emilia-Romagna;FO;D705;102,91;8,5
Nord Ovest;Piemonte;VB;D706;7;2
Centro;Lazio;RM;D707;79,33;19,5
Centro;Lazio;LT;D708;132,62;38,06
Sud;Campania;CE;D709;1;1
Nord Ovest;Lombardia;CR;D710;3,5;0
Nord Est;Emilia-Romagna;MO;D711;416,9;41,62
Nord Ovest;Piemonte;VC;D712;2;1
Nord Est;Emilia-Romagna;FE;D713;16,83;0
Sud;Molise;IS;D715;3,02;4
Nord Est;Veneto;VI;D717;19,67;1,67
Nord Est;Friuli- Venezia Giulia;UD;D718;5;3,5
Nord Est;Friuli- Venezia Giulia;UD;D719;20,1;4,33
Nord Est;Friuli- Venezia Giulia;UD;D720;1;0
Nord Ovest;Piemonte;TO;D725;11;4,5
Nord Ovest;Lombardia;BG;D727;15,33;2,25
Nord Est;Emilia-Romagna;PR;D728;28,68;10
Centro;Toscana;LU;D730;22,5;4
Nord Ovest;Lombardia;PV;D732;0;0
Isole;Sicilia;ME;D733;0;3
Centro;Toscana;LU;D734;0;0
Centro;Toscana;MS;D735;11;8,5
Sud;Abruzzo ;AQ;D736;2;0
Sud;Molise;CB;D737;5;4,25
Sud;Abruzzo ;CH;D738;21,83;10
Nord Est;Veneto;VE;D740;42,23;8,67
Nord Est;Veneto;VE;D741;45;2
Nord Ovest;Piemonte;CN;D742;169,17;23,03
Sud;Calabria;CZ;D744;0;0
Centro;Umbria;PG;D745;3,83;2,5
Sud;Calabria;RC;D746;4,75;1
Nord Est;Veneto;VE;D748;80,44;7
Centro;Marche;PS;D749;28,67;1,83
Nord Est;Veneto;VI;D750;1;0
Nord Ovest;Piemonte;CN;D751;10;13
Nord Ovest;Piemonte;CN;D752;101,25;32,79
Sud;Puglia;TA;D754;3;3,08
Sud;Campania;BN;D755;0;1
Sud;Campania;BN;D756;1;0
Sud;Abruzzo ;CH;D757;1;0
Nord Ovest;Liguria;SP;D758;5;5
Nord Ovest;Piemonte;AL;D759;2;0
Centro;Marche;AP;D760;2;0
Sud;Puglia;BR;D761;115,5;11,98
Sud;Calabria;VV;D762;0;0
Sud;Abruzzo ;CH;D763;214,32;33,43
Sud;Calabria;CS;D764;0;4
Isole;Sicilia;ME;D765;3,5;4
Sud;Basilicata;PZ;D766;3;4
Sud;Calabria;VV;D767;0;0
Isole;Sicilia;SR;D768;32,42;8,97
Sud;Campania;CE;D769;2;2
Nord Ovest;Piemonte;AL;D770;0,5;0
Nord Ovest;Lombardia;PV;D771;4,66;0
Centro;Lazio;RM;D773;203,68;35,38
Sud;Calabria;CS;D774;1;3
Nord Est;Veneto;RO;D776;9,13;1
Nord Ovest;Piemonte;AL;D777;2;0
Nord Ovest;Piemonte;AL;D780;9;2
Nord Ovest;Piemonte;TO;D781;3;7
Nord Ovest;Piemonte;CN;D782;4;1
Nord Est;Emilia-Romagna;MO;D783;8,75;15,67
Sud;Campania;BN;D784;0;0
Centro;Lazio;RI;D785;0;1
Centro;Umbria;PG;D786;75,82;11
Centro;Umbria;PG;D787;0,5;0
Nord Est;Veneto;RO;D788;9;1
Sud;Campania;NA;D789;70,25;15
Sud;Campania;NA;D790;26,64;10,36
Centro;Marche;PS;D791;0;1
Isole;Sicilia;ME;D793;0;1
Nord Est;Veneto;TV;D794;11;3,59
Sud;Abruzzo ;CH;D796;2;0
Nord Ovest;Piemonte;AL;D797;0;0
Sud;Campania;AV;D798;3,5;1
Sud;Campania;CE;D799;5;4,3
Sud;Campania;CE;D801;0;2
Nord Ovest;Piemonte;AT;D802;2;0
Sud;Abruzzo ;CH;D803;0;1
Nord Est;Friuli- Venezia Giulia;PN;D804;1;1
Nord Ovest;Piemonte;TO;D805;7;2
Centro;Marche;PS;D807;2;1
Centro;Marche;PS;D808;0;0
Centro;Lazio;FR;D810;63,47;29,68
Sud;Molise;IS;D811;2;2
Nord Ovest;Piemonte;TO;D812;14,5;1
Nord Ovest;Piemonte;AL;D813;11,5;0
Nord Ovest;Piemonte;AL;D814;23,75;6
Centro;Toscana;FI;D815;99,67;15
Nord Ovest;Lombardia;BG;D817;1,25;4
Nord Est;Veneto;VR;D818;19,84;2,5
Centro;Lazio;FR;D819;2,4;0
Sud;Abruzzo ;CH;D823;2;0
Isole;Sicilia;ME;D824;9,91;2
Isole;Sicilia;ME;D825;17,4;5
Sud;Campania;SA;D826;0;0
Isole;Sardegna;CA;D827;0;0
Sud;Calabria;CS;D828;5;6,5
Nord Est;Emilia-Romagna;RA;D829;54,27;1
Nord Ovest;Lombardia;SO;D830;0;1
Sud;Campania;SA;D832;1;2
Nord Ovest;Lombardia;CR;D834;1;1
Nord Ovest;Piemonte;AL;D835;3;1
Centro;Marche;PS;D836;43,8;9,5
Nord Ovest;Valle d'Aosta;AO;D839;1,17;1,33
Nord Ovest;Lombardia;CR;D841;16,5;0,33
Isole;Sardegna;NU;D842;0;0
Centro;Lazio;LT;D843;52,97;34,47
Isole;Sicilia;ME;D844;13;4,5
Nord Ovest;Lombardia;MI;D845;129,29;18
Nord Est;Emilia-Romagna;BO;D847;31,68;8
Nord Ovest;Piemonte;BI;D848;29,5;6
Isole;Sicilia;EN;D849;6;4,08
Sud;Abruzzo ;AQ;D850;2;0,25
Sud;Puglia;LE;D851;0;1
Sud;Calabria;CZ;D852;0;2
Centro;Marche;MC;D853;0;0
Nord Est;Veneto;TV;D854;32;4
Nord Est;Veneto;RO;D855;2,5;0
Nord Ovest;Piemonte;CN;D856;1;3
Centro;Toscana;SI;D858;23;9,95
Isole;Sardegna;NU;D859;1;1
Isole;Sicilia;ME;D861;0;5,34
Sud;Puglia;LE;D862;38;15,24
Sud;Puglia;LE;D863;12,94;4,67
Sud;Calabria;RC;D864;0;2
Nord Ovest;Lombardia;LC;D865;56,01;9,24
Nord Est;Emilia-Romagna;FO;D867;9,45;0
Nord Ovest;Lombardia;LO;D868;32,6;3
Nord Ovest;Lombardia;VA;D869;650,11;65,95
Centro;Lazio;VT;D870;2;1
Nord Ovest;Lombardia;VA;D871;5;0
Nord Ovest;Piemonte;NO;D872;141,36;22
Nord Ovest;Lombardia;PV;D873;0;0
Centro;Toscana;LU;D874;8;5,5
Centro;Lazio;RM;D875;12;12
Sud;Basilicata;PZ;D876;0;0
Nord Est;Emilia-Romagna;BO;D878;59,5;3
Nord Est;Veneto;PD;D879;59,68;7
Centro;Lazio;FR;D881;0;1
Nord Est;Veneto;VI;D882;100,53;7,5
Sud;Puglia;LE;D883;131,37;17,58
Sud;Campania;CE;D884;1;0
Isole;Sicilia;ME;D885;0;2
Sud;Campania;CE;D886;1;2,44
Isole;Sardegna;NU;D888;0;0
Nord Est;Veneto;PD;D889;22,67;0,1
Nord Ovest;Piemonte;AL;D890;3;0
Nord Ovest;Lombardia;BS;D891;20,44;2
Nord Ovest;Lombardia;PV;D892;0;0
Nord Ovest;Piemonte;CN;D894;1;3
Centro;Toscana;FI;D895;16,24;4,05
Sud;Molise;CB;D896;1,08;1,17
Nord Est;Veneto;VI;D897;16,5;1
Sud;Abruzzo ;CH;D898;1;0
Nord Est;Emilia-Romagna;FO;D899;97,83;8
Nord Ovest;Lombardia;PV;D901;76,25;5
Nord Est;Veneto;VI;D902;5;1
Nord Ovest;Lombardia;BG;D903;26,43;1,31
Nord Ovest;Lombardia;BG;D905;30,08;3
Nord Ovest;Lombardia;BG;D906;8,5;2,62
Isole;Sicilia;PA;D907;8;8,4
Sud;Basilicata;MT;D909;1;0
Nord Ovest;Piemonte;AL;D910;2;1
Nord Ovest;Piemonte;NO;D911;14,5;1
Nord Ovest;Lombardia;MI;D912;233,46;40,66
Nord Ovest;Lombardia;LC;D913;20,97;4,45
Nord Est;Veneto;VR;D915;54,66;7,66
Nord Ovest;Lombardia;BS;D917;71,1;12
Nord Ovest;Lombardia;BS;D918;54,82;5,58
Nord Ovest;Piemonte;CN;D920;12;8
Nord Ovest;Piemonte;NO;D921;11;0
Nord Ovest;Lombardia;BS;D924;14;6
Nord Ovest;Lombardia;PV;D925;68,17;7
Nord Ovest;Lombardia;LC;D926;22;1
Nord Ovest;Liguria;SV;D927;10,5;1
Nord Ovest;Lombardia;CO;D930;0;2,33
Nord Ovest;Piemonte;TO;D931;0,02;0
Sud;Calabria;CZ;D932;2;0
Nord Ovest;Piemonte;TO;D933;91,21;7,75
Nord Est;Emilia-Romagna;RE;D934;34;1
Nord Est;Emilia-Romagna;FO;D935;105,25;4,17
Nord Ovest;Piemonte;NO;D937;19,67;5
Nord Ovest;Piemonte;VC;D938;53,34;9,34
Nord Ovest;Lombardia;BS;D940;83,22;5,7
Nord Est;Veneto;RO;D942;3,08;1
Nord Ovest;Lombardia;BG;D943;2;1
Nord Ovest;Piemonte;AL;D944;24,42;8
Centro;Lazio;RM;D945;1;2,33
Nord Ovest;Lombardia;VA;D946;90,8;4,5
Isole;Sardegna;NU;D947;1;0
Centro;Toscana;GR;D948;35;14,41
Nord Ovest;Lombardia;MN;D949;22;0
Nord Ovest;Lombardia;VA;D951;48,33;5,05
Nord Ovest;Lombardia;BG;D952;29,5;5,08
Nord Est;Veneto;PD;D956;24,5;0
Nord Est;Veneto;VR;D957;17,83;3
Nord Est;Emilia-Romagna;PC;D958;19,75;1
Nord Ovest;Lombardia;MN;D959;4;1
Isole;Sicilia;CL;D960;71,04;14,46
Nord Est;Emilia-Romagna;RN;D961;1;0,67
Nord Est;Friuli- Venezia Giulia;UD;D962;37,6;5
Nord Ovest;Lombardia;VA;D963;14;3
Centro;Lazio;RM;D964;5;10
Centro;Marche;AN;D965;1;3
Nord Ovest;Lombardia;CR;D966;3,22;0
Nord Ovest;Piemonte;CN;D967;11,44;0
Isole;Sardegna;NU;D968;0;0
Nord Ovest;Liguria;GE;D969;2477,83;866,36
Isole;Sardegna;CA;D970;0;0
Sud;Basilicata;PZ;D971;4,48;2,8
Centro;Lazio;RM;D972;81,84;16,85
Nord Ovest;Lombardia;CO;D974;10;1
Sud;Calabria;RC;D975;1;0,5
Sud;Calabria;RC;D976;4;7,16
Isole;Sicilia;PA;D977;3;7,5
Centro;Lazio;RM;D978;0;4,67
Nord Ovest;Lombardia;PV;D980;12;1
Nord Ovest;Lombardia;VA;D981;93,39;11,54
Isole;Sardegna;NU;D982;0;0
Nord Ovest;Piemonte;TO;D983;1;0
Nord Ovest;Piemonte;VB;D984;1;0
Nord Ovest;Lombardia;VA;D987;39,33;3
Sud;Calabria;VV;D988;0;0
Nord Ovest;Lombardia;SO;D990;2,5;3,06
Nord Ovest;Lombardia;CR;D993;10,5;0
Isole;Sardegna;CA;D994;0;0
Nord Ovest;Lombardia;MI;D995;127,51;27,57
Sud;Abruzzo ;CH;D996;2;0
Isole;Sardegna;CA;D997;0;2
Sud;Campania;AV;D998;5;3
Nord Ovest;Lombardia;BS;D999;125,69;4
Nord Ovest;Piemonte;NO;E001;15,17;4
Nord Ovest;Piemonte;VB;E003;27,58;13,36
Isole;Sardegna;OR;E004;3;3
Nord Ovest;Lombardia;BG;E006;36,3;0,83
Nord Ovest;Piemonte;VC;E007;0;0
Nord Est;Veneto;RO;E008;17;0
Nord Ovest;Piemonte;TO;E009;1;0
Nord Ovest;Lombardia;BS;E010;8;0
Sud;Campania;CE;E011;1;0
Centro;Umbria;PG;E012;8,5;1
Isole;Sicilia;PA;E013;1;0
Isole;Sicilia;ME;E014;63,9;15
Nord Ovest;Piemonte;AL;E015;2;0
Isole;Sicilia;RG;E016;6,11;2
Isole;Sicilia;CT;E017;115,57;17
Isole;Sardegna;SS;E019;0;0
Nord Ovest;Piemonte;TO;E020;135,16;19,8
Nord Est;Veneto;TV;E021;40,66;12
Isole;Sardegna;CA;E022;0;0
Isole;Sicilia;TP;E023;6;2
Nord Ovest;Piemonte;BI;E024;0;0
Sud;Calabria;RC;E025;0;0
Sud;Campania;SA;E026;11;1,5
Sud;Campania;SA;E027;20,3;9
Nord Ovest;Piemonte;VB;E028;6;0
Nord Ovest;Valle d'Aosta;AO;E029;3;8,5
Sud;Molise;CB;E030;1;1
Sud;Calabria;CZ;E031;0;7
Sud;Basilicata;PZ;E033;0;1
Sud;Campania;BN;E034;0;0
Sud;Puglia;TA;E036;63,43;34,95
Sud;Campania;SA;E037;1;5
Sud;Puglia;BA;E038;106,37;38,41
Sud;Campania;CE;E039;3,18;1
Sud;Abruzzo ;AQ;E040;0;0
Sud;Calabria;RC;E041;11,5;4,14
Isole;Sicilia;ME;E043;4,83;10,38
Sud;Calabria;RC;E044;3;0
Centro;Umbria;TR;E045;10;7
Sud;Puglia;BA;E047;57,25;35,35
Isole;Sardegna;NU;E049;1;0
Sud;Calabria;CZ;E050;0,05;5,33
Sud;Abruzzo ;CH;E052;1;1,5
Sud;Puglia;LE;E053;2;2
Sud;Campania;NA;E054;475,32;92
Isole;Sicilia;PA;E055;2;1
Sud;Abruzzo ;CH;E056;0,67;0
Centro;Lazio;FR;E057;2;1
Sud;Abruzzo ;TE;E058;149,11;46,58
Sud;Campania;SA;E060;1;0
Sud;Puglia;LE;E061;0;2
Nord Ovest;Lombardia;PV;E062;61;12
Nord Ovest;Lombardia;MI;E063;306,43;44,23
Nord Ovest;Liguria;SV;E064;2;0
Nord Ovest;Liguria;SV;E066;1;0
Nord Ovest;Piemonte;TO;E067;34,5;5
Sud;Calabria;CZ;E068;8;6
Nord Ovest;Liguria;SP;E070;2;1
Nord Est;Veneto;TV;E071;38;4
Nord Ovest;Lombardia;PV;E072;38,83;3
Isole;Sicilia;PA;E074;0;1
Nord Ovest;Lombardia;MN;E078;52,92;0
Nord Ovest;Lombardia;VA;E079;20,75;1
Nord Ovest;Lombardia;PV;E081;1;0
Nord Ovest;Lombardia;CR;E082;1;0
Nord Est;Friuli- Venezia Giulia;UD;E083;30,28;4
Isole;Sardegna;CA;E084;0;0
Isole;Sardegna;CA;E085;3;3
Isole;Sardegna;CA;E086;2;1
Isole;Sardegna;OR;E087;0;0
Isole;Sardegna;OR;E088;0;0
Nord Ovest;Lombardia;MN;E089;67,08;2,5
Nord Ovest;Lombardia;SO;E090;3,5;13,58
Centro;Lazio;RM;E091;1;1
Nord Est;Veneto;TV;E092;31,51;13,04
Sud;Basilicata;MT;E093;7,22;3
Nord Ovest;Lombardia;MI;E094;293,38;84,5
Sud;Abruzzo ;AQ;E096;1;0
Nord Ovest;Lombardia;BG;E100;50,05;8,68
Nord Ovest;Lombardia;VA;E101;26,15;0
Nord Ovest;Lombardia;VA;E102;92,6;5
Nord Ovest;Lombardia;BG;E103;93,39;13,07
Nord Ovest;Lombardia;VA;E104;5,83;0
Nord Ovest;Lombardia;BG;E106;1,2;1,25
Nord Est;Emilia-Romagna;FE;E107;13,67;1
Nord Ovest;Liguria;GE;E109;0;4,82
Nord Ovest;Piemonte;CN;E111;0;0
Nord Est;Veneto;BL;E113;3;7,98
Nord Est;Emilia-Romagna;PC;E114;73,5;3
Nord Ovest;Piemonte;CN;E115;0;0
Nord Ovest;Lombardia;BS;E116;25,78;2
Nord Ovest;Piemonte;CN;E118;16;1
Nord Ovest;Piemonte;NO;E120;24,01;4,5
Centro;Marche;PS;E122;53;1
Centro;Lazio;VT;E126;3;3
Nord Ovest;Lombardia;LO;E127;6;6
Centro;Lazio;VT;E128;3,17;5,67
Nord Ovest;Piemonte;BI;E130;9,5;4
Sud;Campania;NA;E131;99,39;25,05
Nord Est;Emilia-Romagna;PC;E132;41,75;2,33
Isole;Sicilia;CT;E133;18,5;8
Nord Ovest;Piemonte;AT;E134;1;0
Nord Est;Emilia-Romagna;BO;E136;197,9;18
Nord Ovest;Lombardia;CO;E139;42,56;6,3
Nord Ovest;Lombardia;CO;E141;6,51;3
Isole;Sicilia;ME;E142;2;3
Nord Ovest;Piemonte;NO;E143;3;0
Nord Ovest;Lombardia;VA;E144;7;1
Nord Est;Veneto;PD;E145;29,67;0
Nord Est;Veneto;PD;E146;10,5;0
Sud;Basilicata;MT;E147;3;6,2
Nord Ovest;Lombardia;BG;E148;86,83;4,06
Isole;Sicilia;PA;E149;0;3
Nord Ovest;Lombardia;PV;E152;20,5;0
Nord Ovest;Piemonte;VB;E153;53,03;8
Nord Ovest;Piemonte;TO;E154;1;1
Sud;Puglia;BA;E155;110,93;82,73
Isole;Sicilia;CT;E156;182,37;11
Sud;Campania;CE;E158;3;2
Nord Ovest;Piemonte;AT;E159;5;5
Centro;Lazio;RI;E160;4,15;3,33
Sud;Campania;AV;E161;0,17;1,22
Nord Ovest;Piemonte;VC;E163;1,67;0
Nord Ovest;Piemonte;AL;E164;2;5
Nord Ovest;Valle d'Aosta;AO;E165;54,5;10,02
Nord Ovest;Valle d'Aosta;AO;E167;16;5
Nord Ovest;Valle d'Aosta;AO;E168;30,81;2,33
Centro;Toscana;FI;E169;79,83;17,2
Nord Ovest;Lombardia;MI;E170;55,2;24
Nord Est;Veneto;VR;E171;59,91;8
Nord Ovest;Lombardia;CO;E172;5,33;3
Sud;Campania;CE;E173;43,83;7
Nord Ovest;Piemonte;NO;E177;37,19;10
Nord Est;Friuli- Venezia Giulia;UD;E179;0;1,28
Sud;Calabria;CS;E180;1;0
Nord Ovest;Piemonte;CN;E182;15;2
Nord Est;Veneto;VI;E184;20,5;1
Sud;Calabria;CS;E185;4;5
Nord Est;Emilia-Romagna;BO;E187;24,8;5
Nord Ovest;Piemonte;AL;E188;0,03;0
Nord Ovest;Lombardia;BG;E189;18,73;2
Nord Ovest;Piemonte;AL;E191;1;1
Nord Ovest;Lombardia;BG;E192;9;1
Nord Ovest;Lombardia;CR;E193;4;0
Nord Ovest;Lombardia;PV;E195;23,7;3
Nord Est;Emilia-Romagna;PC;E196;9,52;4,35
Nord Ovest;Piemonte;TO;E199;6;0
Nord Ovest;Lombardia;SO;E200;3,92;18,25
Nord Ovest;Lombardia;SO;E201;2;8
Centro;Toscana;GR;E202;512,92;69,33
Nord Ovest;Piemonte;TO;E203;0;0
Centro;Lazio;RM;E204;183,98;34,01
Sud;Puglia;TA;E205;80;23,5
Sud;Campania;AV;E206;9;5,67
Centro;Marche;AP;E207;117,28;22,55
Centro;Marche;AP;E208;4;0,11
Isole;Sicilia;AG;E209;4;18,21
Centro;Lazio;VT;E210;10;5,5
Sud;Calabria;RC;E212;1;1
Sud;Basilicata;MT;E213;3,33;4
Sud;Campania;AV;E214;4;3
Nord Est;Veneto;VE;E215;19;1
Nord Ovest;Piemonte;TO;E216;406,24;114
Nord Ovest;Lombardia;CR;E217;2;0
Nord Ovest;Lombardia;BG;E219;71,2;7,75
Sud;Basilicata;PZ;E221;2,5;5,75
Sud;Puglia;BA;E223;27,77;13,49
Sud;Campania;NA;E224;28,56;10,59
Nord Est;Veneto;VI;E226;23;4
Sud;Puglia;LE;E227;6,78;1,34
Centro;Marche;MC;E228;1,93;0
Centro;Umbria;PG;E229;15,5;4
Centro;Umbria;PG;E230;41,16;20,3
Nord Est;Emilia-Romagna;RE;E232;34,26;4
Isole;Sicilia;ME;E233;0;1
Isole;Sardegna;CA;E234;0;0
Nord Ovest;Lombardia;CO;E235;56,08;9
Centro;Lazio;FR;E236;0;0,22
Nord Ovest;Piemonte;VC;E237;4;2
Nord Ovest;Lombardia;LO;E238;13,75;3,75
Sud;Calabria;CZ;E239;1;3
Nord Est;Veneto;RO;E240;4;1
Centro;Umbria;TR;E241;7;4,75
Sud;Calabria;CS;E242;1,5;2,98
Sud;Abruzzo ;CH;E243;14,08;5,33
Sud;Molise;CB;E244;0;3,17
Sud;Campania;AV;E245;2;1,5
Sud;Basilicata;PZ;E246;1;1
Sud;Molise;CB;E248;0;0
Sud;Campania;BN;E249;3;4
Centro;Toscana;PI;E250;3;1
Nord Ovest;Piemonte;CN;E251;21;6
Isole;Sardegna;CA;E252;0;0
Nord Est;Emilia-Romagna;RE;E253;135,86;4
Nord Ovest;Piemonte;AL;E255;1;0
Centro;Umbria;PG;E256;99,14;35
Nord Ovest;Lombardia;MI;E258;12,5;0
Sud;Molise;CB;E259;19,5;1
Nord Ovest;Lombardia;MN;E261;40,75;0
Centro;Lazio;RM;E263;875,46;162,69
Nord Est;Emilia-Romagna;MO;E264;23,92;5,17
Nord Ovest;Lombardia;PV;E265;80,33;11
Sud;Abruzzo ;CH;E266;0;0
Nord Ovest;Piemonte;VB;E269;1;2
Isole;Sardegna;CA;E270;3;8
Nord Ovest;Lombardia;BS;E271;133,75;12,46
Nord Ovest;Lombardia;CR;E272;8;1
Nord Ovest;Valle d'Aosta;AO;E273;8,16;3,25
Sud;Calabria;CZ;E274;2;1
Nord Ovest;Lombardia;BS;E280;5;4,5
Isole;Sardegna;CA;E281;58,34;14,33
Nord Ovest;Piemonte;CN;E282;0;0
Isole;Sardegna;NU;E283;1;0
Nord Est;Veneto;VR;E284;32,37;1
Isole;Sardegna;SS;E285;0;1
Nord Ovest;Lombardia;LC;E287;34;12,15
Nord Est;Emilia-Romagna;BO;E289;731,05;69,58
Nord Ovest;Liguria;IM;E290;165,01;97,55
Centro;Toscana;FI;E291;72,23;20,8
Nord Ovest;Lombardia;VA;E292;5,5;1
Nord Ovest;Piemonte;AT;E295;3;3
Nord Ovest;Lombardia;BS;E297;2;0
Nord Ovest;Lombardia;VA;E299;93,15;8,33
Nord Ovest;Piemonte;TO;E301;0;0
Nord Ovest;Piemonte;VB;E304;0;4
Nord Ovest;Lombardia;LC;E305;16;2,13
Nord Ovest;Valle d'Aosta;AO;E306;1;5
Sud;Abruzzo ;AQ;E307;9;6,88
Nord Ovest;Lombardia;CO;E309;76,3;8,48
Nord Ovest;Lombardia;PV;E310;25,5;3
Nord Ovest;Piemonte;TO;E311;3;3
Nord Ovest;Lombardia;MI;E313;77,61;16,22
Nord Ovest;Piemonte;NO;E314;25,22;3
Nord Ovest;Lombardia;MI;E317;145,43;13,23
Nord Est;Emilia-Romagna;FE;E320;8,33;2
Sud;Calabria;VV;E321;7,5;5
Isole;Sardegna;NU;E323;0;0
Nord Ovest;Lombardia;BS;E325;0;0
Sud;Basilicata;MT;E326;4;10,58
Nord Ovest;Piemonte;CN;E327;0;0
Sud;Calabria;CZ;E328;1;2
Sud;Campania;NA;E329;8;7,49
Centro;Lazio;VT;E330;6;5
Sud;Puglia;FG;E332;9;4,5
Nord Ovest;Lombardia;BS;E333;88,01;7,89
Sud;Molise;IS;E335;70,5;20,31
Isole;Sardegna;NU;E336;0;0
Isole;Sicilia;PA;E337;0,67;1
Nord Ovest;Piemonte;AT;E338;8,5;1,08
Sud;Calabria;KR;E339;5;3
Centro;Lazio;FR;E340;6;4,5
Nord Ovest;Liguria;GE;E341;3;1
Nord Ovest;Lombardia;SO;E342;34,46;5
Sud;Abruzzo ;TE;E343;4,1;4
Nord Ovest;Piemonte;TO;E345;2,64;0
Nord Ovest;Liguria;IM;E346;2;5
Centro;Toscana;GR;E348;2;6,48
Nord Est;Veneto;VR;E349;77,22;5,8
Isole;Sicilia;PA;E350;16;2
Centro;Marche;PS;E351;0;0
Nord Ovest;Lombardia;BG;E353;3;1
Nord Est;Veneto;VI;E354;68,8;2
Nord Ovest;Lombardia;CR;E356;1;0
Nord Est;Veneto;VR;E358;15;0
Nord Ovest;Piemonte;AL;E360;1;0
Sud;Puglia;FG;E363;0;1
Nord Ovest;Lombardia;BS;E364;31,5;1
Sud;Campania;SA;E365;2;2
Isole;Sicilia;RG;E366;28,73;14,3
Nord Ovest;Lombardia;VA;E367;83,5;6,5
Nord Ovest;Piemonte;TO;E368;0;0
Nord Ovest;Valle d'Aosta;AO;E369;0;2
Nord Ovest;Lombardia;BG;E370;0,5;0
Nord Ovest;Valle d'Aosta;AO;E371;1;2
Sud;Abruzzo ;CH;E372;380,52;61,66
Nord Est;Veneto;TV;E373;78,14;8
Isole;Sicilia;ME;E374;2;2,17
Centro;Lazio;LT;E375;8;13,69
Isole;Sardegna;SS;E376;0;0
Isole;Sardegna;SS;E377;7,5;1,5
Nord Ovest;Piemonte;TO;E379;281,16;33,5
Nord Ovest;Lombardia;CR;E380;16,5;1
Sud;Molise;CB;E381;2;2,22
Centro;Lazio;RM;E382;1,33;1
Nord Ovest;Lombardia;VA;E386;52,3;9,5
Isole;Sardegna;NU;E387;1;1
Centro;Marche;AN;E388;234,41;29,76
Sud;Calabria;VV;E389;3;4
Isole;Sicilia;AG;E390;2;7
Nord Ovest;Valle d'Aosta;AO;E391;0;0
Centro;Lazio;RM;E392;28,5;17
Centro;Lazio;RI;E393;0;2
Nord Ovest;Piemonte;TO;E394;12;3
Nord Ovest;Lombardia;MI;E395;97,25;11
Sud;Campania;NA;E396;2,33;5,32
Sud;Campania;AV;E397;3;3,17
Isole;Sardegna;NU;E400;0;2,75
Isole;Sardegna;SS;E401;0;0
Sud;Calabria;RC;E402;0;0
Nord Est;Veneto;VI;E403;2,89;0
Nord Ovest;Lombardia;CO;E405;19,07;5
Nord Ovest;Piemonte;CN;E406;7,17;1
Sud;Calabria;CS;E407;1;2
Sud;Basilicata;PZ;E409;6,83;6
Nord Est;Emilia-Romagna;FE;E410;26,48;1
Centro;Toscana;PI;E413;8,33;4,17
Nord Ovest;Liguria;SV;E414;42,22;8,11
Nord Ovest;Lombardia;MI;E415;309,76;63,5
Nord Ovest;Lombardia;CO;E416;4,75;2
Sud;Calabria;CS;E417;0;2
Sud;Calabria;CS;E419;1;2
Nord Ovest;Lombardia;BG;E422;58,25;10
Nord Ovest;Piemonte;TO;E423;120,25;13
Sud;Abruzzo ;CH;E424;1,5;1
Isole;Sardegna;SS;E425;32,67;18
Nord Est;Emilia-Romagna;MO;E426;12,58;4,25
Nord Ovest;Lombardia;CO;E428;31,52;4,67
Nord Est;Veneto;BL;E429;3,5;9,99
Nord Ovest;Piemonte;CN;E430;13,08;3,17
Isole;Sicilia;AG;E431;1;7,06
Centro;Toscana;PT;E432;19,4;5
Nord Ovest;Piemonte;VC;E433;2,5;1
Sud;Abruzzo ;CH;E435;130,33;41
Nord Ovest;Piemonte;NO;E436;1;0
Nord Ovest;Lombardia;PV;E437;72,16;8
Nord Est;Emilia-Romagna;PR;E438;88,63;5
Nord Ovest;Lombardia;PV;E439;2;0
Isole;Sardegna;NU;E441;2;5,75
Nord Ovest;Lombardia;SO;E443;3,95;10,81
Nord Ovest;Piemonte;TO;E445;31,34;11,75
Centro;Marche;AP;E447;4;0,11
Sud;Campania;AV;E448;2;2
Sud;Calabria;CS;E450;0;3
Centro;Toscana;PT;E451;27,05;6
Nord Ovest;Lombardia;PV;E454;6;1
Sud;Molise;CB;E456;5;5
Nord Ovest;Valle d'Aosta;AO;E458;36,28;16
Isole;Sicilia;PA;E459;1;19,5
Nord Ovest;Lombardia;CO;E462;5,5;0
Nord Ovest;Liguria;SP;E463;261,49;154,84
Isole;Sardegna;CA;E464;0;0
Nord Est;Veneto;VI;E465;1,5;0
Centro;Toscana;FI;E466;99,28;15,97
Centro;Lazio;VT;E467;0,67;0
Sud;Puglia;TA;E469;19,67;24,25
Nord Ovest;Valle d'Aosta;AO;E470;71,1;29,84
Sud;Puglia;BR;E471;15,22;4
Centro;Lazio;LT;E472;783,79;150,88
Nord Est;Friuli- Venezia Giulia;UD;E473;118,69;39,33
Sud;Basilicata;PZ;E474;3;9
Sud;Calabria;CS;E475;0;5
Nord Est;Friuli- Venezia Giulia;UD;E476;0;1,5
Sud;Calabria;RC;E479;3;5
Sud;Campania;SA;E480;1;0
Sud;Basilicata;PZ;E482;2;5
Sud;Basilicata;PZ;E483;7;8,99
Nord Ovest;Piemonte;TO;E484;8;1
Sud;Campania;SA;E485;0;2
Sud;Campania;SA;E486;0;1
Sud;Campania;AV;E487;6,33;3,18
Nord Ovest;Liguria;GE;E488;111,5;20,08
Nord Est;Veneto;VR;E489;105;5,96
Nord Est;Veneto;BL;E490;2;4,11
Sud;Basilicata;PZ;E493;38,6;20,64
Nord Ovest;Lombardia;VA;E494;76,25;22
Nord Ovest;Lombardia;VA;E496;76,9;5,2
Nord Ovest;Lombardia;BS;E497;1;2
Sud;Campania;SA;E498;8,75;3
Nord Est;Veneto;VR;E502;108,5;18,58
Nord Ovest;Lombardia;MI;E504;81,83;17,93
Sud;Abruzzo ;AQ;E505;1;0
Sud;Puglia;LE;E506;544,12;59,77
Nord Ovest;Lombardia;LC;E507;432,65;110,03
Nord Ovest;Lombardia;BG;E509;13,8;5,72
Nord Ovest;Lombardia;VA;E510;39,5;5,5
Nord Est;Veneto;VR;E512;234,6;15,39
Nord Ovest;Lombardia;MI;E514;833,24;104,25
Nord Est;Veneto;PD;E515;89,75;1
Isole;Sardegna;NU;E517;0;0
Nord Ovest;Piemonte;TO;E518;212;26
Nord Ovest;Liguria;GE;E519;11;3
Nord Ovest;Piemonte;TO;E520;0;0
Nord Est;Veneto;RO;E522;56,1;2,11
Isole;Sicilia;ME;E523;0;1
Nord Ovest;Lombardia;BG;E524;0;0
Nord Ovest;Lombardia;BS;E526;120,07;9
Centro;Lazio;LT;E527;6,5;3
Nord Ovest;Piemonte;VC;E528;5;2
Nord Ovest;Lombardia;VA;E529;12,5;3
Nord Ovest;Lombardia;MI;E530;128,01;21,75
Sud;Abruzzo ;CH;E531;2;0
Isole;Sicilia;SR;E532;56,08;26,01
Centro;Lazio;RI;E535;10;2
Isole;Sicilia;EN;E536;14,5;16,7
Sud;Puglia;TA;E537;3;1
Sud;Puglia;LE;E538;46,75;6,5
Nord Ovest;Piemonte;CN;E539;2;2
Nord Ovest;Piemonte;CN;E540;0;0
Isole;Sicilia;PA;E541;5;7
Nord Ovest;Liguria;SP;E542;108,08;43,38
Nord Ovest;Piemonte;AL;E543;0;2
Nord Ovest;Piemonte;NO;E544;32,5;5,5
Nord Ovest;Piemonte;CN;E546;2;0
Nord Est;Emilia-Romagna;PR;E547;46,13;5,5
Nord Est;Emilia-Romagna;PR;E548;4,58;1
Sud;Puglia;FG;E549;62,96;5,75
Nord Ovest;Lombardia;MI;E550;112,33;26
Nord Ovest;Piemonte;TO;E551;10;1
Nord Est;Friuli- Venezia Giulia;UD;E553;14,73;1,09
Sud;Campania;CE;E554;0;0
Isole;Sicilia;ME;E555;17,91;4
Sud;Campania;NA;E557;9;0
Sud;Abruzzo ;PE;E558;0,33;3
Sud;Abruzzo ;CH;E559;0;0
Nord Ovest;Liguria;SP;E560;28;21
Nord Ovest;Lombardia;BG;E562;27,39;5
Sud;Puglia;LE;E563;14,67;6,22
Nord Ovest;Piemonte;CN;E564;0;0
Nord Ovest;Piemonte;TO;E566;3;2
Nord Ovest;Lombardia;CO;E569;14,55;1,51
Sud;Campania;CE;E570;0,3;2,3
Isole;Sicilia;ME;E571;0;3
Isole;Sicilia;AG;E573;39,24;21,17
Centro;Toscana;MS;E574;17,5;8,67
Centro;Lazio;RM;E576;1;1
Isole;Sicilia;CT;E578;5;1
Nord Ovest;Lombardia;LC;E581;22;5
Nord Ovest;Piemonte;VC;E583;4;3
Nord Est;Friuli- Venezia Giulia;UD;E584;301,88;92,06
Nord Ovest;Valle d'Aosta;AO;E587;0;1
Nord Est;Veneto;BL;E588;58;13,53
Sud;Campania;BN;E589;0;1
Sud;Calabria;VV;E590;0,5;3,8
Nord Ovest;Lombardia;MI;E591;271,02;46,1
Nord Est;Veneto;PD;E592;118,03;9,75
Nord Ovest;Lombardia;CO;E593;33,6;2
Isole;Sicilia;ME;E594;0;0
Nord Ovest;Lombardia;BS;E596;9;2
Nord Ovest;Piemonte;CN;E597;91,44;20,68
Sud;Molise;CB;E599;1;1
Nord Ovest;Lombardia;PV;E600;20;1
Isole;Sicilia;CT;E602;10,63;14,5
Sud;Campania;AV;E605;6,67;0,67
Isole;Sicilia;ME;E606;29,56;29,5
Nord Ovest;Lombardia;CO;E607;56,83;11
Nord Ovest;Lombardia;PV;E608;0;0
Nord Ovest;Lombardia;MI;E610;37,4;6,5
Sud;Abruzzo ;CH;E611;0;0
Centro;Umbria;PG;E613;4;2
Nord Ovest;Piemonte;CN;E615;0;0
Nord Ovest;Lombardia;MI;E617;595,39;133,67
Isole;Sicilia;CL;E618;3,67;0
Sud;Campania;NA;E620;1;0
Nord Ovest;Lombardia;SO;E621;46,79;29,22
Nord Ovest;Lombardia;CO;E623;0;1
Centro;Toscana;LI;E625;844,92;164,97
Nord Ovest;Piemonte;VC;E626;21,25;4
Nord Ovest;Lombardia;LO;E627;10,39;0
Sud;Puglia;LE;E629;43,33;8
Sud;Puglia;TA;E630;4;5,5
Nord Ovest;Liguria;SV;E632;237,99;56,1
Nord Ovest;Piemonte;AT;E633;1;0
Nord Ovest;Piemonte;TO;E635;3;3
Nord Ovest;Lombardia;CO;E638;41,3;5
Nord Ovest;Lombardia;MI;E639;138,71;9,18
Nord Ovest;Lombardia;BG;E640;0;3
Isole;Sardegna;NU;E644;0;0
Sud;Puglia;BA;E645;34,25;15
Isole;Sardegna;NU;E646;0;0
Isole;Sardegna;NU;E647;0;0
Nord Ovest;Lombardia;LO;E648;522,62;94,18
Nord Ovest;Lombardia;LO;E651;68,89;6,99
Nord Ovest;Lombardia;BS;E652;14;2,44
Nord Ovest;Lombardia;BS;E654;19,83;0,33
Nord Est;Emilia-Romagna;BO;E655;28,5;2,17
Nord Ovest;Lombardia;LC;E656;55,23;7
Nord Ovest;Lombardia;CO;E659;106,56;11
Nord Ovest;Piemonte;TO;E660;10;2
Nord Ovest;Piemonte;TO;E661;20;6
Nord Ovest;Lombardia;PV;E662;12,84;2
Nord Ovest;Lombardia;VA;E665;59;4,5
Nord Ovest;Lombardia;VA;E666;78,73;8
Centro;Toscana;FI;E668;12;1
Sud;Molise;IS;E669;0;3
Nord Est;Veneto;VI;E671;50,56;3,16
Nord Ovest;Lombardia;BS;E673;3;0
Isole;Sicilia;ME;E674;0;4
Nord Est;Emilia-Romagna;FO;E675;56,92;0
Sud;Calabria;CS;E677;2;6
Sud;Calabria;CS;E678;1;0
Nord Ovest;Lombardia;CO;E679;17;3,5
Centro;Toscana;LI;E680;22,5;5,67
Centro;Lazio;RI;E681;1;1
Nord Est;Veneto;VI;E682;166,62;4,5
Nord Ovest;Piemonte;TO;E683;1;0
Nord Est;Veneto;PD;E684;79;2
Nord Ovest;Piemonte;VB;E685;0;0
Nord Est;Veneto;BL;E687;1,95;4
Nord Est;Veneto;RO;E689;9,14;1
Centro;Marche;AN;E690;86,72;4
Sud;Abruzzo ;PE;E691;12,75;2
Nord Est;Veneto;TV;E692;36,34;7
Centro;Toscana;AR;E693;25;10,26
Centro;Marche;MC;E694;8;1
Nord Ovest;Liguria;GE;E695;0,86;0,8
Nord Ovest;Lombardia;BS;E698;0;0
Isole;Sardegna;NU;E700;2;1
Nord Ovest;Lombardia;BG;E704;37,39;3,58
Nord Ovest;Lombardia;SO;E705;0;3
Nord Ovest;Lombardia;BS;E706;8;6,5
Nord Ovest;Lombardia;VA;E707;8;3
Nord Est;Veneto;BL;E708;5,5;4,33
Nord Est;Veneto;PD;E709;20;1
Nord Ovest;Piemonte;VC;E711;3;1
Nord Ovest;Piemonte;AL;E712;1;0
Centro;Lazio;VT;E713;2;5
Isole;Sicilia;AG;E714;0;2
Centro;Toscana;LU;E715;461,22;141,9
Sud;Puglia;FG;E716;129,07;35,79
Centro;Toscana;AR;E718;8,67;2,33
Nord Ovest;Liguria;IM;E719;0;1
Sud;Molise;CB;E722;2;0
Sud;Abruzzo ;AQ;E723;14;4
Sud;Abruzzo ;AQ;E724;10,83;7
Nord Est;Emilia-Romagna;PC;E726;23,07;1,6
Nord Ovest;Piemonte;TO;E727;3;1
Centro;Umbria;TR;E729;2;4
Nord Est;Emilia-Romagna;RA;E730;218,89;28,45
Nord Est;Veneto;VI;E731;16,44;2
Nord Ovest;Lombardia;VA;E734;146,93;26,5
Nord Ovest;Lombardia;CO;E735;39,95;8
Isole;Sardegna;NU;E736;0;0
Nord Ovest;Liguria;GE;E737;5;0
Nord Ovest;Lombardia;BS;E738;59,16;14,35
Isole;Sardegna;CA;E742;0;1
Centro;Marche;PS;E743;4,33;2
Sud;Calabria;CS;E745;2;1
Sud;Campania;AV;E746;1;1
Isole;Sardegna;SS;E747;0;1
Sud;Molise;CB;E748;0;0
Nord Ovest;Lombardia;CO;E749;49,67;4,67
Nord Ovest;Lombardia;CO;E750;29,33;0
Nord Ovest;Lombardia;BG;E751;16,34;0,27
Isole;Sardegna;SS;E752;2,33;3,33
Nord Ovest;Lombardia;CO;E753;62,11;10
Sud;Campania;CE;E754;48;13,9
Nord Ovest;Piemonte;TO;E758;51,3;6,6
Nord Ovest;Piemonte;TO;E759;6;4,25
Nord Est;Friuli- Venezia Giulia;UD;E760;1;2
Nord Est;Veneto;RO;E761;14;3
Nord Est;Veneto;VI;E762;15,47;1
Nord Ovest;Piemonte;TO;E763;4;0
Sud;Campania;SA;E767;0;2
Nord Ovest;Lombardia;VA;E769;9,5;2
Nord Ovest;Lombardia;BG;E770;6;0
Nord Est;Emilia-Romagna;RE;E772;62,7;2
Sud;Calabria;CS;E773;5;6,41
Nord Ovest;Lombardia;LO;E777;1;0
Sud;Molise;IS;E778;0;0
Sud;Molise;IS;E779;4,5;0,5
Sud;Molise;CB;E780;0;0,25
Nord Ovest;Piemonte;TO;E782;1;0
Centro;Marche;MC;E783;204,52;43,31
Sud;Campania;CE;E784;18;2,1
Centro;Marche;PS;E785;5;1
Nord Ovest;Lombardia;MI;E786;69,52;7,09
Nord Ovest;Lombardia;BS;E787;6;0
Isole;Sardegna;NU;E788;12,72;4
Nord Ovest;Piemonte;CN;E789;0;4
Nord Ovest;Piemonte;VB;E790;2,5;4
Sud;Campania;CE;E791;109,2;37,92
Nord Ovest;Lombardia;CR;E793;25;2
Nord Ovest;Lombardia;BG;E794;71,83;8,67
Nord Ovest;Piemonte;VB;E795;2;0
Centro;Lazio;LT;E798;1,5;4
Sud;Molise;CB;E799;1;1
Nord Ovest;Lombardia;MI;E801;295,98;90,75
Nord Ovest;Piemonte;NO;E803;9;1
Nord Ovest;Lombardia;PV;E804;11;3
Centro;Umbria;PG;E805;75;13,2
Sud;Calabria;CZ;E806;0;0
Centro;Marche;AP;E807;2;0,5
Nord Ovest;Piemonte;CN;E808;9;1
Nord Ovest;Piemonte;CN;E809;17,33;0
Centro;Toscana;GR;E810;21;2
Sud;Abruzzo ;AQ;E811;2,5;8
Centro;Lazio;RI;E812;5;4,5
Centro;Lazio;RM;E813;1;2
Sud;Campania;SA;E814;1;0
Sud;Puglia;LE;E815;41,17;8
Nord Ovest;Liguria;SV;E816;14;2
Nord Ovest;Piemonte;TO;E817;1,83;0,83
Nord Ovest;Lombardia;MN;E818;5;1
Nord Ovest;Lombardia;MI;E819;81,73;6,4
Nord Est;Friuli- Venezia Giulia;UD;E820;5;1
Nord Ovest;Piemonte;BI;E821;0;1,5
Isole;Sardegna;NU;E825;0;0,5
Nord Ovest;Lombardia;CO;E830;11;1
Nord Est;Friuli- Venezia Giulia;UD;E833;26,5;3
Sud;Calabria;CZ;E834;2;8
Sud;Calabria;CS;E835;0;0
Sud;Calabria;VV;E836;0;2
Centro;Marche;AN;E837;26,5;1
Nord Est;Emilia-Romagna;RN;E838;2,23;0
Sud;Campania;SA;E839;12;3,47
Nord Ovest;Lombardia;LO;E840;7;0
Nord Ovest;Lombardia;BS;E841;42,34;0
Nord Ovest;Liguria;SP;E842;3,67;0
Nord Ovest;Lombardia;CR;E843;10;0
Nord Est;Emilia-Romagna;BO;E844;88,67;5
Nord Est;Veneto;VR;E848;29,5;12
Nord Ovest;Lombardia;BS;E851;4,5;2
Nord Ovest;Lombardia;LO;E852;11,83;1,33
Nord Ovest;Piemonte;VB;E853;5,11;4
Isole;Sicilia;CT;E854;3;2
Isole;Sicilia;ME;E855;0,5;0
Nord Ovest;Lombardia;VA;E856;3,5;0
Nord Ovest;Lombardia;LC;E858;47,54;13,83
Sud;Calabria;CS;E859;0;1,08
Nord Ovest;Liguria;SV;E860;4;2
Nord Ovest;Lombardia;VA;E863;176,28;21,5
Nord Est;Veneto;VI;E864;145,5;4
Nord Ovest;Lombardia;BS;E865;7;8,15
Centro;Marche;AP;E868;6;1
Isole;Sicilia;ME;E869;0;0
Nord Ovest;Piemonte;AL;E870;0;0
Sud;Calabria;CS;E872;1;0
Sud;Calabria;RC;E873;1;4
Isole;Sardegna;NU;E874;0;1
Centro;Toscana;GR;E875;10,5;29,69
Isole;Sicilia;ME;E876;0;0
Isole;Sardegna;CA;E877;0;0
Sud;Calabria;CS;E878;7;3
Nord Ovest;Lombardia;LC;E879;69,7;22,17
Nord Ovest;Piemonte;NO;E880;0;1
Sud;Puglia;TA;E882;39,84;13,22
Nord Ovest;Lombardia;BS;E883;191,24;14,03
Nord Ovest;Lombardia;BS;E884;76,47;2,5
Sud;Puglia;FG;E885;222,9;45,28
Nord Ovest;Piemonte;CN;E887;12,5;3
Sud;Calabria;CS;E888;4,99;1
Nord Est;Friuli- Venezia Giulia;PN;E889;69,28;6,89
Sud;Campania;AV;E891;7;3
Sud;Abruzzo ;PE;E892;26;1,5
Nord Est;Veneto;TV;E893;41,3;5,77
Nord Ovest;Piemonte;CN;E894;48,26;7
Nord Ovest;Lombardia;SO;E896;3,75;0,5
Nord Ovest;Lombardia;MN;E897;349,13;28,81
Nord Est;Friuli- Venezia Giulia;UD;E899;69,5;10,81
Centro;Lazio;RM;E900;19;5,55
Nord Ovest;Lombardia;BG;E901;76,37;10,34
Isole;Sardegna;SS;E902;1;0
Isole;Sardegna;CA;E903;17,5;1
Nord Est;Emilia-Romagna;MO;E904;197,62;33,6
Nord Est;Emilia-Romagna;MO;E905;52,6;5,59
Sud;Campania;NA;E906;109,5;26,33
Nord Ovest;Piemonte;NO;E907;11;3
Centro;Lazio;RM;E908;3;1
Nord Est;Friuli- Venezia Giulia;UD;E910;47;3
Nord Est;Veneto;VR;E911;7,5;0
Nord Est;Veneto;VI;E912;69,44;0,83
Sud;Calabria;CS;E914;2;0
Sud;Calabria;CS;E915;1;3
Nord Ovest;Piemonte;AT;E917;0;0
Sud;Basilicata;PZ;E919;6,67;4
Nord Ovest;Lombardia;MI;E921;64,25;7,67
Nord Ovest;Lombardia;MN;E922;24,66;0
Sud;Calabria;CZ;E923;0;0
Centro;Lazio;RM;E924;14;5
Sud;Calabria;CZ;E925;1;0
Centro;Lazio;RI;E927;0;0
Nord Ovest;Lombardia;BS;E928;13,5;0,75
Nord Ovest;Lombardia;VA;E929;33,56;2
Centro;Toscana;LI;E930;14,67;16,66
Centro;Toscana;LI;E931;3;2,17
Sud;Campania;CE;E932;79,16;30,16
Centro;Toscana;AR;E933;26,43;0
Nord Ovest;Lombardia;PV;E934;27,17;3
Nord Est;Veneto;VE;E936;290,24;6,75
Nord Ovest;Piemonte;CN;E939;29;7
Nord Est;Veneto;TV;E940;81,86;5
Nord Ovest;Piemonte;TO;E941;6;1
Nord Ovest;Piemonte;AT;E944;0;0
Nord Ovest;Piemonte;CN;E945;4,51;0
Sud;Puglia;FG;E946;33,83;7,56
Nord Ovest;Lombardia;LC;E947;10;0
Nord Ovest;Lombardia;MN;E949;8;0
Nord Ovest;Lombardia;CO;E951;258,32;29,08
Isole;Sicilia;CL;E953;4,86;1
Sud;Campania;NA;E954;28,5;11
Sud;Campania;NA;E955;74;27
Sud;Calabria;RC;E956;0;0
Isole;Sicilia;PA;E957;1;5
Centro;Lazio;RM;E958;436,85;85,01
Centro;Toscana;PT;E960;13;0
Nord Ovest;Lombardia;BS;E961;1,5;0
Nord Ovest;Lombardia;MN;E962;36;3
Nord Ovest;Piemonte;CN;E963;0;0
Nord Ovest;Lombardia;VA;E965;106;18,12
Nord Ovest;Lombardia;BS;E967;18,25;7,91
Sud;Calabria;RC;E968;1;1
Nord Est;Veneto;VI;E970;95,01;9
Centro;Toscana;FI;E971;9,83;4,33
Isole;Sardegna;OR;E972;0;2
Nord Ovest;Piemonte;CN;E973;0;1
Isole;Sicilia;TP;E974;168,9;51,15
Centro;Umbria;PG;E975;85,17;16,25
Sud;Basilicata;PZ;E976;5;5,5
Sud;Basilicata;PZ;E977;14;5
Centro;Lazio;VT;E978;9;8
Sud;Puglia;LE;E979;9;5
Nord Est;Veneto;VE;E980;244,79;14,91
Nord Est;Friuli- Venezia Giulia;UD;E982;54,5;1,76
Nord Ovest;Lombardia;CR;E983;18,57;2
Sud;Puglia;LE;E984;0,78;0,5
Sud;Puglia;TA;E986;63,58;43,1
Nord Ovest;Lombardia;BG;E987;121,5;8,33
Nord Ovest;Piemonte;CN;E988;2;1
Sud;Abruzzo ;TE;E989;190,02;51,26
Sud;Calabria;CZ;E991;0,67;1
Isole;Sardegna;SS;E992;1;0
Sud;Calabria;RC;E993;1;0
Nord Ovest;Lombardia;LO;E994;15,2;0
Sud;Puglia;TA;E995;3,5;5
Sud;Campania;AV;E997;2;0
Sud;Campania;CE;E998;2,17;1
Nord Ovest;Lombardia;PV;E999;20;0
Sud;Calabria;CS;F001;0;2
Nord Ovest;Lombardia;VA;F002;0,75;0
Nord Ovest;Lombardia;MI;F003;58,5;0
Isole;Sicilia;CT;F004;110,74;18,5
Isole;Sicilia;CT;F005;104,99;8,77
Sud;Basilicata;PZ;F006;2;2
Nord Ovest;Lombardia;VA;F007;1;0
Nord Est;Veneto;TV;F009;19,16;2
Nord Ovest;Piemonte;VB;F010;4,5;1
Nord Est;Veneto;PD;F011;101,83;1
Nord Est;Veneto;TV;F012;98,41;4,84
Nord Est;Veneto;PD;F013;14,5;0
Nord Ovest;Piemonte;AL;F015;6;1
Nord Est;Emilia-Romagna;FE;F016;9;0
Nord Ovest;Lombardia;CO;F017;16;3
Nord Est;Veneto;VI;F019;5;0
Nord Ovest;Liguria;GE;F020;5,33;15,33
Centro;Marche;AP;F021;0;0
Sud;Abruzzo ;AQ;F022;7;1
Centro;Toscana;MS;F023;215,31;67,69
Centro;Umbria;PG;F024;9,96;7,46
Centro;Toscana;PT;F025;65,7;1,78
Sud;Puglia;TA;F027;86,16;55,75
Nord Ovest;Lombardia;LO;F028;69,92;2
Nord Est;Emilia-Romagna;RA;F029;73,39;14,5
Sud;Campania;NA;F030;10,5;18
Centro;Toscana;GR;F032;40,36;10
Nord Est;Veneto;PD;F033;51;3
Centro;Toscana;LU;F035;43,84;19
Nord Ovest;Piemonte;BI;F037;6;0
Nord Ovest;Piemonte;TO;F041;0;1
Nord Ovest;Piemonte;BI;F042;17,83;11
Sud;Campania;CE;F043;8;0
Centro;Marche;AP;F044;13;9
Nord Ovest;Liguria;SV;F046;0;0
Nord Ovest;Piemonte;NO;F047;15,08;6,08
Nord Ovest;Piemonte;VB;F048;0;1
Isole;Sardegna;OR;F050;0;1
Centro;Marche;MC;F051;31,66;2
Sud;Basilicata;MT;F052;294,4;59,62
Nord Ovest;Piemonte;TO;F053;25;4,5
Sud;Puglia;LE;F054;27,5;14,65
Sud;Molise;CB;F055;1;0
Nord Ovest;Piemonte;TO;F058;2,99;1,98
Sud;Puglia;FG;F059;17,13;11,25
Isole;Sicilia;TP;F061;30,35;18,86
Nord Ovest;Lombardia;BS;F063;143,63;7,25
Centro;Lazio;RM;F064;3,5;4
Isole;Sicilia;CL;F065;7;7,42
Isole;Sicilia;ME;F066;0;1
Nord Ovest;Piemonte;TO;F067;43,33;9
Nord Ovest;Lombardia;SO;F070;3;4,33
Isole;Sardegna;NU;F073;0;1
Nord Ovest;Piemonte;TO;F074;3,11;1
Nord Ovest;Lombardia;MI;F078;240,97;29,55
Nord Ovest;Lombardia;PV;F080;31,46;1
Nord Est;Emilia-Romagna;PR;F082;91,27;6
Nord Est;Emilia-Romagna;BO;F083;158,78;19,33
Nord Ovest;Lombardia;MI;F084;145,5;16,62
Nord Ovest;Lombardia;BG;F085;24;2
Nord Ovest;Lombardia;MN;F086;33;1
Nord Est;Emilia-Romagna;MO;F087;64,23;4
Nord Est;Veneto;TV;F088;21;2
Nord Est;Friuli- Venezia Giulia;PN;F089;2;0
Nord Est;Veneto;PD;F092;8;3
Nord Ovest;Piemonte;NO;F093;22,12;7,97
Nord Est;Veneto;BL;F094;11,88;7,65
Nord Est;Veneto;RO;F095;5,99;0,99
Nord Ovest;Piemonte;AL;F096;3;8,75
Nord Est;Emilia-Romagna;FO;F097;41,38;2
Nord Ovest;Liguria;GE;F098;12,5;4,11
Nord Ovest;Lombardia;MI;F100;195,42;49,11
Sud;Puglia;LE;F101;15,83;2,5
Nord Ovest;Lombardia;LO;F102;4;0
Sud;Basilicata;PZ;F104;30,84;18
Sud;Calabria;RC;F105;0;0
Sud;Calabria;RC;F106;1;0
Isole;Sicilia;SR;F107;40,66;7,03
Sud;Calabria;KR;F108;11;2
Sud;Puglia;LE;F109;4;1
Sud;Campania;AV;F110;2,25;0
Sud;Campania;NA;F111;95,22;25,02
Sud;Calabria;RC;F112;7;5
Sud;Campania;BN;F113;0;3,5
Nord Ovest;Piemonte;CN;F114;2;2
Nord Ovest;Lombardia;SO;F115;1;1,5
Nord Est;Veneto;TV;F116;126,22;18,14
Sud;Puglia;LE;F117;6;1
Nord Ovest;Lombardia;MI;F119;181,75;30,5
Nord Ovest;Lombardia;CO;F120;52,33;6,77
Nord Ovest;Lombardia;PV;F122;1;0
Nord Ovest;Liguria;IM;F123;2;1
Sud;Calabria;CS;F125;9,25;2
Isole;Sicilia;AG;F126;9,5;11,07
Centro;Lazio;RM;F127;167,18;40,08
Nord Est;Veneto;VE;F130;42;4
Nord Ovest;Piemonte;AL;F131;0;0
Nord Ovest;Lombardia;LC;F133;150,31;29,8
Nord Ovest;Lombardia;VA;F134;11;0
Centro;Marche;PS;F135;1;1
Centro;Marche;PS;F136;2,5;0
Nord Est;Emilia-Romagna;RN;F137;23;2
Sud;Campania;SA;F138;53,94;13,33
Nord Est;Emilia-Romagna;FO;F139;37,67;4,83
Nord Ovest;Piemonte;TO;F140;12;2
Sud;Campania;AV;F141;48,5;15,04
Nord Est;Friuli- Venezia Giulia;UD;F144;4,94;0
Centro;Marche;AN;F145;4;1
Nord Ovest;Piemonte;VB;F146;1,5;1
Isole;Sicilia;ME;F147;3;0
Nord Est;Veneto;PD;F148;4,8;2
Nord Ovest;Lombardia;LO;F149;20;0
Nord Ovest;Lombardia;CO;F151;34,5;0
Sud;Puglia;BR;F152;80,32;4,17
Nord Ovest;Lombardia;SO;F153;6;6,5
Nord Ovest;Lombardia;VA;F154;32,5;3,5
Nord Ovest;Lombardia;MI;F155;46,9;3
Nord Est;Emilia-Romagna;FE;F156;40,67;6,5
Sud;Calabria;KR;F157;3;6,93
Isole;Sicilia;ME;F158;410,04;230,55
Nord Est;Veneto;PD;F161;149,35;4,09
Sud;Campania;NA;F162;15;14,5
Nord Ovest;Piemonte;TO;F164;0;0
Nord Ovest;Lombardia;MI;F165;47,45;10,5
Nord Ovest;Piemonte;BI;F167;1;0,5
Nord Ovest;Lombardia;PV;F170;2;0
Nord Ovest;Lombardia;PV;F171;0,5;0
Nord Est;Veneto;VR;F172;16,5;3
Nord Ovest;Liguria;GE;F173;5;0
Nord Est;Emilia-Romagna;PR;F174;16;2
Nord Ovest;Lombardia;PV;F175;7,17;0
Nord Ovest;Piemonte;TO;F182;4;0
Isole;Sicilia;PA;F184;3;4,67
Nord Ovest;Lombardia;BG;F186;3;1
Nord Ovest;Piemonte;NO;F188;6,5;2
Nord Ovest;Piemonte;BI;F189;1;1
Nord Est;Veneto;TV;F190;13,33;6
Nord Ovest;Piemonte;NO;F191;2,83;3
Nord Ovest;Piemonte;VB;F192;1;2
Centro;Lazio;RI;F193;0,33;0
Sud;Puglia;LE;F194;2;1
Sud;Abruzzo ;CH;F196;7;7
Sud;Calabria;CZ;F200;0;2
Sud;Basilicata;MT;F201;4;9
Nord Ovest;Liguria;GE;F202;32,34;6
Sud;Campania;CE;F203;5;3
Nord Ovest;Lombardia;MI;F205;11503,6;3844,36
Isole;Sicilia;ME;F206;114,56;18,83
Sud;Calabria;VV;F207;0;1
Isole;Sardegna;OR;F208;0,5;0
Isole;Sicilia;CT;F209;7;5
Isole;Sicilia;ME;F210;0;0
Nord Ovest;Liguria;SV;F213;18,5;7
Isole;Sicilia;CT;F214;3;3
Nord Ovest;Lombardia;BS;F216;4;0
Isole;Sicilia;CT;F217;8;8
Nord Est;Veneto;VR;F218;21;0
Nord Est;Emilia-Romagna;BO;F219;107,34;4,33
Sud;Puglia;BA;F220;16,3;11
Sud;Puglia;LE;F221;5;2,86
Sud;Campania;SA;F223;2;2
Centro;Lazio;LT;F224;26,17;32,51
Centro;Toscana;LU;F225;3;3
Nord Ovest;Liguria;SV;F226;1;6
Nord Est;Veneto;VE;F229;383,03;26,63
Sud;Campania;AV;F230;8,34;3,33
Isole;Sicilia;CT;F231;5;2
Nord Ovest;Piemonte;AL;F232;3;1
Sud;Molise;CB;F233;11;1
Nord Ovest;Lombardia;PV;F238;18,5;4
Sud;Molise;IS;F239;1;1
Nord Est;Emilia-Romagna;MO;F240;265,17;28,19
Nord Est;Veneto;VE;F241;285,66;17,83
Isole;Sicilia;ME;F242;0;2
Nord Ovest;Lombardia;BG;F243;23,78;2,11
Nord Est;Emilia-Romagna;RN;F244;183,29;10,67
Isole;Sicilia;PA;F246;11,78;8,89
Nord Ovest;Lombardia;MI;F247;72,66;2,33
Nord Ovest;Lombardia;LC;F248;85,5;15
Sud;Basilicata;PZ;F249;0;1
Isole;Sicilia;CT;F250;94,11;15,89
Isole;Sicilia;ME;F251;10,67;3,5
Nord Ovest;Piemonte;AT;F254;2;2
Nord Ovest;Liguria;GE;F256;2;2,5
Nord Est;Emilia-Romagna;MO;F257;1975,74;476,86
Isole;Sicilia;RG;F258;175,35;50,08
Nord Est;Emilia-Romagna;FO;F259;13,83;8
Nord Ovest;Lombardia;LO;F260;53;7
Isole;Sardegna;NU;F261;1;1
Sud;Puglia;BA;F262;113,78;34,36
Nord Ovest;Lombardia;LC;F265;19;9
Nord Est;Friuli- Venezia Giulia;UD;F266;1;1
Nord Ovest;Lombardia;MN;F267;34,5;2
Centro;Marche;MC;F268;7,17;3
Nord Est;Veneto;TV;F269;338,33;29
Isole;Sardegna;OR;F270;0;0
Isole;Sardegna;OR;F271;0;0
Isole;Sardegna;OR;F272;1;4
Sud;Campania;BN;F274;1;3
Nord Est;Friuli- Venezia Giulia;UD;F275;7;0
Nord Ovest;Lombardia;BG;F276;3;0
Isole;Sicilia;ME;F277;1;2
Sud;Campania;SA;F278;0;2,67
Nord Ovest;Piemonte;CN;F279;3;4
Sud;Puglia;BA;F280;81,76;43,26
Nord Ovest;Piemonte;AL;F281;7;4
Centro;Toscana;LU;F283;0;2
Sud;Puglia;BA;F284;151,27;91,87
Sud;Campania;BN;F287;0;2
Nord Est;Emilia-Romagna;BO;F288;125,7;18,44
Nord Ovest;Liguria;IM;F290;0;3
Nord Ovest;Piemonte;AL;F293;1;0
Sud;Molise;CB;F294;0;0
Sud;Basilicata;PZ;F295;1;7,75
Nord Ovest;Piemonte;VC;F297;2;1,33
Isole;Sicilia;AG;F299;9;27,23
Sud;Calabria;RC;F301;0;0
Nord Ovest;Lombardia;LC;F304;21;4
Nord Ovest;Lombardia;CO;F305;12,5;7
Nord Est;Veneto;VI;F306;11;5
Nord Ovest;Piemonte;AT;F308;2;4
Nord Ovest;Piemonte;CN;F309;2,99;0
Centro;Marche;PS;F310;6,6;0
Nord Ovest;Piemonte;AT;F311;5,33;1,5
Nord Ovest;Piemonte;CN;F312;1;0
Nord Ovest;Piemonte;AL;F313;1,5;2
Nord Ovest;Piemonte;TO;F315;1;0
Nord Ovest;Piemonte;AT;F316;8;4
Nord Ovest;Piemonte;NO;F317;12;2
Nord Ovest;Piemonte;TO;F318;1;1
Centro;Lazio;RI;F319;0;1
Nord Ovest;Piemonte;AL;F320;0;0
Sud;Molise;CB;F322;1;1
Nord Ovest;Piemonte;AT;F323;1;1
Sud;Calabria;RC;F324;2;11,5
Nord Ovest;Piemonte;AT;F325;0,5;0
Nord Ovest;Piemonte;CN;F326;2;3
Nord Ovest;Piemonte;TO;F327;2;0
Nord Ovest;Lombardia;BG;F328;11,83;1,4
Nord Ovest;Piemonte;CN;F329;1;0
Nord Ovest;Piemonte;CN;F330;10;2
Nord Est;Veneto;TV;F332;45,93;0
Isole;Sardegna;CA;F333;0,5;0,68
Nord Ovest;Piemonte;TO;F335;510,7;95,56
Nord Ovest;Piemonte;AT;F336;13,5;4
Nord Ovest;Piemonte;AL;F337;1;0
Nord Ovest;Piemonte;CN;F338;1,5;2
Nord Est;Emilia-Romagna;PR;F340;3,5;7
Nord Ovest;Piemonte;VC;F342;17;1
Nord Ovest;Piemonte;AT;F343;5,33;2
Nord Est;Emilia-Romagna;RN;F346;2,17;0
Centro;Marche;PS;F347;3;0
Centro;Marche;PS;F348;88,95;10,92
Nord Ovest;Piemonte;CN;F351;158,43;25,5
Sud;Campania;CE;F352;28,97;9,13
Nord Ovest;Liguria;GE;F354;37;9
Nord Ovest;Piemonte;CN;F355;0;4
Nord Est;Emilia-Romagna;MO;F357;76,62;21,08
Nord Ovest;Piemonte;CN;F358;6;1
Isole;Sicilia;ME;F359;0;6
Nord Est;Veneto;TV;F360;35;3
Nord Ovest;Piemonte;AT;F361;0;0
Nord Est;Emilia-Romagna;BO;F363;32,36;5,68
Sud;Calabria;VV;F364;1;1
Nord Ovest;Piemonte;AL;F365;2;3
Nord Ovest;Valle d'Aosta;AO;F367;3;2
Isole;Sicilia;ME;F368;0,67;3
Nord Ovest;Piemonte;BI;F369;19,16;3,5
Sud;Calabria;CS;F370;0;0
Nord Ovest;Lombardia;CO;F372;16;4,5
Nord Ovest;Lombardia;BS;F373;55;7
Nord Ovest;Piemonte;AL;F374;2;0
Nord Ovest;Lombardia;BS;F375;5;2
Sud;Puglia;BA;F376;270,8;72,69
Isole;Sicilia;PA;F377;22,5;40,46
Centro;Marche;AP;F379;3;2
Centro;Marche;AP;F380;12;1,89
Centro;Marche;AN;F381;17,5;1
Nord Est;Veneto;PD;F382;119,11;11,93
Isole;Sardegna;CA;F383;23,42;5
Centro;Toscana;PT;F384;88,55;1
Nord Ovest;Piemonte;CN;F385;14,5;0
Nord Ovest;Piemonte;AT;F386;1;3
Nord Ovest;Piemonte;AL;F387;0;0
Nord Ovest;Piemonte;AT;F390;2;1
Sud;Molise;CB;F391;2,33;3
Nord Ovest;Lombardia;SO;F393;7;4,17
Nord Est;Veneto;PD;F394;40,28;1,83
Isole;Sicilia;ME;F395;0;0
Sud;Campania;AV;F397;1;1
Centro;Toscana;FI;F398;21,06;13
Sud;Basilicata;MT;F399;1;7,99
Isole;Sicilia;ME;F400;3,67;2,66
Centro;Marche;AN;F401;24,45;1
Nord Ovest;Piemonte;AL;F403;1;0
Nord Ovest;Piemonte;AL;F404;1;0
Nord Ovest;Piemonte;CN;F405;9,5;5
Nord Ovest;Piemonte;TO;F407;1;4
Nord Ovest;Piemonte;CN;F408;1;0
Nord Ovest;Piemonte;AT;F409;1;0
Centro;Toscana;PT;F410;54,84;7
Nord Ovest;Piemonte;TO;F411;6;1
Isole;Sicilia;AG;F414;0;1
Centro;Marche;AP;F415;3,83;2
Sud;Calabria;CS;F416;35;55
Nord Ovest;Lombardia;PV;F417;2;6
Centro;Lazio;VT;F419;28,73;27,5
Nord Ovest;Piemonte;TO;F420;23,85;6,06
Nord Ovest;Piemonte;TO;F422;38,17;10,5
Nord Ovest;Lombardia;LO;F423;36;0
Nord Ovest;Piemonte;CN;F424;3;1
Sud;Campania;SA;F426;1;3,5
Nord Ovest;Lombardia;CO;F427;46,2;7,64
Centro;Marche;AP;F428;2;1
Sud;Molise;IS;F429;3;0
Centro;Lazio;RI;F430;0,5;1,5
Sud;Calabria;CZ;F432;4;0,75
Sud;Abruzzo ;CH;F433;0;1
Nord Ovest;Lombardia;CR;F434;19,5;0
Centro;Toscana;GR;F437;70,18;11,29
Nord Ovest;Lombardia;PV;F440;7;0
Sud;Abruzzo ;PE;F441;1;0
Nord Est;Veneto;VI;F442;51,47;4,3
Nord Est;Veneto;TV;F443;279,32;31,46
Nord Ovest;Liguria;GE;F445;0;2
Centro;Lazio;RI;F446;3,33;1
Sud;Campania;AV;F448;5;3
Nord Ovest;Lombardia;PV;F449;2;1
Centro;Marche;PS;F450;7,2;0
Centro;Toscana;LU;F452;7,83;3,5
Centro;Marche;AN;F453;5;1,33
Centro;Marche;MC;F454;19,01;5
Nord Ovest;Piemonte;AL;F455;1;0
Centro;Umbria;PG;F456;4;0
Centro;Umbria;TR;F457;13,6;1,19
Centro;Toscana;PI;F458;3;6,16
Centro;Marche;MC;F460;0;0
Nord Est;Veneto;VR;F461;21,17;0
Centro;Umbria;TR;F462;2;1
Nord Est;Emilia-Romagna;RE;F463;80,88;6
Nord Est;Veneto;VI;F464;233,14;18,55
Nord Est;Veneto;VI;F465;32,98;3,13
Centro;Marche;PS;F467;0;1
Nord Ovest;Piemonte;AT;F468;2;0
Nord Ovest;Piemonte;AL;F469;3;0
Nord Ovest;Lombardia;BS;F471;303,79;17,3
Nord Est;Emilia-Romagna;PR;F473;97,38;6
Centro;Marche;PS;F474;13,5;3,83
Sud;Molise;CB;F475;4;0
Centro;Lazio;RM;F477;62,25;4,5
Centro;Marche;PS;F478;1;3,5
Sud;Campania;SA;F479;5,5;4
Sud;Campania;SA;F480;74;13,61
Sud;Campania;SA;F481;18,5;12
Centro;Marche;MC;F482;45,83;1,39
Nord Ovest;Piemonte;VB;F483;4,5;8
Nord Est;Emilia-Romagna;MO;F484;11,5;2,9
Nord Est;Veneto;VI;F486;11,5;5
Centro;Marche;AP;F487;1;0
Sud;Campania;NA;F488;8;12,5
Isole;Sicilia;CL;F489;2;2
Sud;Campania;AV;F491;1,33;2
Centro;Umbria;PG;F492;17,8;4,5
Centro;Marche;AP;F493;1;0
Sud;Campania;BN;F494;1;4
Sud;Molise;CB;F495;5;2
Centro;Marche;MC;F496;10;2
Centro;Marche;PS;F497;7,5;1
Sud;Abruzzo ;CH;F498;0;0
Centro;Lazio;VT;F499;28,5;29,17
Sud;Abruzzo ;TE;F500;1;0
Centro;Marche;AP;F501;7,5;2
Nord Est;Emilia-Romagna;RN;F502;7;1
Nord Est;Emilia-Romagna;MO;F503;5,26;5,98
Centro;Lazio;RM;F504;0,8;3,49
Sud;Campania;AV;F506;46,83;14
Sud;Campania;SA;F507;0;1
Nord Est;Veneto;VR;F508;59,67;5,5
Centro;Marche;AP;F509;3,25;3,61
Centro;Umbria;TR;F510;4;1
Sud;Campania;AV;F511;1;1
Sud;Campania;AV;F512;2,5;1,5
Centro;Umbria;TR;F513;2;1
Nord Est;Veneto;VI;F514;14;1
Nord Est;Veneto;VI;F515;19,84;0
Centro;Marche;AP;F516;1;0,13
Centro;Marche;AP;F517;0;0
Nord Ovest;Piemonte;AL;F518;0;0
Sud;Calabria;CS;F519;3;1
Centro;Marche;AP;F520;10;3,38
Centro;Marche;AP;F522;16,95;10,62
Nord Est;Emilia-Romagna;RN;F523;1;1
Centro;Marche;PS;F524;1;0
Nord Ovest;Lombardia;VA;F526;11,34;2,67
Nord Ovest;Piemonte;AT;F527;9;3
Nord Ovest;Liguria;IM;F528;0;2
Nord Est;Veneto;PD;F529;136,95;2,95
Sud;Puglia;TA;F531;11;6,05
Nord Ovest;Lombardia;BS;F532;1;1,83
Centro;Marche;PS;F533;28,33;4,39
Centro;Lazio;RM;F534;0;6,8
Sud;Abruzzo ;CH;F535;0;0
Centro;Marche;AP;F536;0;0
Sud;Calabria;VV;F537;54,83;16,87
Sud;Puglia;FG;F538;0;2
Centro;Umbria;PG;F540;0;0
Centro;Lazio;RI;F541;2;3
Isole;Sardegna;SS;F542;0;0
Centro;Umbria;TR;F543;9;3
Isole;Sicilia;PA;F544;3;1,33
Centro;Lazio;RM;F545;2;3
Sud;Campania;AV;F546;13,5;11,13
Nord Ovest;Lombardia;BG;F547;24,12;5
Sud;Molise;CB;F548;0;0
Centro;Marche;AP;F549;4,34;3
Nord Ovest;Piemonte;CN;F550;3;1
Centro;Toscana;FI;F551;117,67;15,64
Centro;Marche;MC;F552;11,56;4
Isole;Sicilia;PA;F553;1;1
Nord Ovest;Piemonte;AT;F556;2;1
Sud;Campania;BN;F557;2;0
Nord Ovest;Piemonte;CN;F558;2;3
Sud;Campania;AV;F559;2;4
Centro;Marche;AN;F560;58,75;6
Nord Ovest;Lombardia;LC;F561;5,25;0
Nord Ovest;Piemonte;AL;F562;2;1
Sud;Puglia;TA;F563;6;3
Nord Ovest;Lombardia;CO;F564;0;1,33
Centro;Toscana;AR;F565;4;0
Sud;Campania;AV;F566;3;2
Centro;Marche;MC;F567;33,98;2
Sud;Basilicata;PZ;F568;3;1
Sud;Molise;CB;F569;1;1
Centro;Marche;AP;F570;1;0
Centro;Toscana;PO;F572;116,38;15,71
Sud;Basilicata;PZ;F573;0;4
Nord Est;Friuli- Venezia Giulia;UD;F574;2;0
Sud;Molise;CB;F576;14,67;5,83
Sud;Abruzzo ;CH;F578;0;0,5
Centro;Lazio;RI;F579;3;1
Sud;Molise;IS;F580;0;0
Centro;Marche;AN;F581;2;0
Sud;Abruzzo ;CH;F582;2;3
Sud;Abruzzo ;TE;F585;126,17;57,92
Sud;Calabria;CZ;F586;23;4,17
Sud;Puglia;TA;F587;2;1
Centro;Marche;PS;F589;4;2
Centro;Lazio;RM;F590;42,72;2
Centro;Marche;AP;F591;99,17;22
Centro;Toscana;SI;F592;56,8;22
Centro;Toscana;AR;F594;2,33;1
Sud;Abruzzo ;AQ;F595;5,45;2,67
Nord Est;Friuli- Venezia Giulia;PN;F596;13,33;1
Nord Est;Emilia-Romagna;BO;F597;67,8;11,5
Centro;Toscana;SI;F598;77,65;14,8
Centro;Marche;AP;F599;0;0
Centro;Marche;AN;F600;14,5;2
Sud;Molise;IS;F601;3;1
Centro;Lazio;VT;F603;0,83;0
Sud;Puglia;LE;F604;20,5;4
Centro;Toscana;SI;F605;57,09;15
Centro;Lazio;VT;F606;11,33;5
Sud;Calabria;VV;F607;0;0
Nord Ovest;Piemonte;CN;F608;5,8;1
Nord Ovest;Liguria;SP;F609;1;11,5
Isole;Sicilia;RG;F610;3,29;6,5
Centro;Lazio;RM;F611;388,91;121,31
Centro;Toscana;GR;F612;10;5
Centro;Marche;AP;F614;2,67;2,32
Centro;Lazio;LT;F616;6;10
Sud;Campania;SA;F618;0;2
Centro;Lazio;RI;F619;2,99;2,5
Centro;Lazio;FR;F620;7,25;5,33
Centro;Marche;MC;F621;16;3,75
Centro;Marche;MC;F622;2;2,33
Sud;Puglia;LE;F623;0,67;0
Sud;Campania;SA;F625;7;4
Centro;Marche;AP;F626;1,33;0
Nord Est;Emilia-Romagna;BO;F627;81,1;16,5
Centro;Toscana;AR;F628;47,8;11,37
Centro;Umbria;PG;F629;3;1,5
Sud;Puglia;FG;F631;25,67;18,5
Centro;Marche;MC;F632;83,69;17,5
Centro;Marche;AN;F634;55,06;10
Sud;Campania;BN;F636;29,25;19,72
Sud;Basilicata;MT;F637;5;12
Nord Ovest;Lombardia;PV;F638;0;0
Nord Ovest;Piemonte;VB;F639;0;0
Centro;Toscana;PI;F640;12;6,34
Nord Est;Emilia-Romagna;MO;F642;21,1;5
Nord Ovest;Lombardia;PV;F644;0;0
Sud;Abruzzo ;PE;F646;439,02;66,58
Centro;Toscana;FI;F648;72,82;8,36
Nord Ovest;Piemonte;TO;F651;7,82;0
Centro;Marche;AP;F653;14,48;2,5
Nord Ovest;Piemonte;CN;F654;7;1
Isole;Sicilia;AG;F655;6;2
Centro;Toscana;AR;F656;155,72;21,86
Nord Ovest;Lombardia;LC;F657;38,5;4,5
Sud;Campania;AV;F660;0;2
Centro;Toscana;PI;F661;6;0
Nord Est;Veneto;VI;F662;35,33;2
Centro;Marche;AP;F664;0,33;0
Centro;Marche;AP;F665;0;0
Nord Ovest;Piemonte;CN;F666;2;0
Isole;Sardegna;SS;F667;3;0
Nord Est;Emilia-Romagna;FO;F668;10;2
Nord Ovest;Piemonte;CN;F669;19;2
Nord Ovest;Lombardia;PV;F670;1;0
Nord Est;Emilia-Romagna;PC;F671;28,58;0
Nord Ovest;Lombardia;BS;F672;39,72;3,5
Nord Ovest;Lombardia;LC;F674;25,63;5
Nord Est;Veneto;VI;F675;119,64;5,27
Centro;Toscana;SI;F676;11,34;8,42
Centro;Toscana;GR;F677;2;3
Centro;Toscana;MS;F679;48,75;13,42
Nord Ovest;Lombardia;BS;F680;45,23;2
Nord Ovest;Lombardia;CR;F681;15,73;2
Nord Ovest;Liguria;GE;F682;5;1,5
Centro;Umbria;PG;F685;1;4
Centro;Toscana;PI;F686;55,39;11,21
Centro;Lazio;RI;F687;3;7
Nord Ovest;Lombardia;CO;F688;22,2;2
Sud;Molise;CB;F689;0;0
Sud;Abruzzo ;TE;F690;7;4
Centro;Lazio;RM;F692;3;2
Nord Est;Veneto;VI;F696;9,1;2
Centro;Marche;AP;F697;2;1,5
Isole;Sardegna;NU;F698;0;0
Nord Ovest;Lombardia;PV;F701;5,5;2
Nord Ovest;Lombardia;VA;F703;16;2
Nord Ovest;Lombardia;MI;F704;1407,34;217,55
Nord Ovest;Lombardia;MN;F705;24,9;2
Nord Est;Emilia-Romagna;BO;F706;49,5;7,5
Nord Ovest;Piemonte;AL;F707;9,08;0
Sud;Calabria;CS;F708;3;3,5
Nord Ovest;Piemonte;AT;F709;1;0
Nord Ovest;Lombardia;VA;F711;53,42;2
Nord Ovest;Lombardia;SO;F712;106,4;28,84
Nord Ovest;Piemonte;AL;F713;1,78;0
Nord Est;Emilia-Romagna;RN;F715;43,5;7
Sud;Puglia;LE;F716;6;4
Sud;Campania;BN;F717;3;4
Nord Est;Emilia-Romagna;BO;F718;43,02;1
Nord Ovest;Lombardia;BG;F720;15;0,48
Isole;Sardegna;SS;F721;0;2,78
Centro;Marche;AP;F722;1;1
Nord Ovest;Piemonte;CN;F723;32,75;7,83
Nord Est;Emilia-Romagna;PC;F724;6;0,67
Nord Est;Veneto;TV;F725;26,96;5
Nord Ovest;Valle d'Aosta;AO;F726;32;7
Isole;Sardegna;OR;F727;0;0
Nord Est;Veneto;TV;F729;11;0
Centro;Lazio;RM;F730;1,17;2
Sud;Campania;SA;F731;0;0,5
Sud;Abruzzo ;AQ;F732;2;0
Nord Ovest;Piemonte;TO;F733;1;0
Centro;Lazio;RM;F734;28,05;6,5
Sud;Calabria;CS;F735;0;5
Nord Ovest;Lombardia;VA;F736;26;2,69
Nord Ovest;Piemonte;AL;F737;0,67;1
Nord Ovest;Lombardia;BG;F738;14,9;1
Nord Ovest;Lombardia;PV;F739;1,5;0
Centro;Lazio;FR;F740;1;1
Nord Ovest;Piemonte;CN;F743;12,5;5
Sud;Campania;AV;F744;2;1
Centro;Marche;AN;F745;3;1
Centro;Lazio;RI;F746;0;0
Sud;Abruzzo ;TE;F747;18,17;6,02
Sud;Molise;CB;F748;3;1
Centro;Marche;MC;F749;24,83;11,49
Nord Est;Friuli- Venezia Giulia;PN;F750;18;2
Nord Ovest;Piemonte;AL;F751;4;0
Nord Ovest;Lombardia;PV;F754;123,64;8,62
Nord Est;Friuli- Venezia Giulia;UD;F756;16,5;3
Nord Ovest;Lombardia;LC;F758;0;0
Nord Est;Friuli- Venezia Giulia;UD;F760;17,02;0,5
Nord Ovest;Lombardia;CR;F761;4;0
Sud;Campania;AV;F762;1;1
Sud;Abruzzo ;TE;F764;22;11
Sud;Abruzzo ;PE;F765;2;3,83
Nord Est;Veneto;TV;F770;70,2;15,5
Nord Ovest;Lombardia;CR;F771;2;0
Isole;Sicilia;ME;F772;2;1
Isole;Sicilia;ME;F773;0;2
Nord Ovest;Piemonte;VC;F774;1,5;2
Sud;Calabria;CS;F775;0;0
Nord Ovest;Piemonte;BI;F776;10;3
Sud;Puglia;FG;F777;1;0
Sud;Calabria;RC;F779;2;4
Sud;Calabria;CZ;F780;1;0
Isole;Sicilia;CT;F781;32,17;10,33
Nord Ovest;Lombardia;MI;F783;86,08;4,06
Sud;Puglia;TA;F784;33,83;28,16
Sud;Abruzzo ;CH;F785;7;3
Nord Ovest;Lombardia;BG;F786;28,22;1,33
Nord Ovest;Lombardia;CO;F788;96,27;18,5
Nord Est;Veneto;VR;F789;119;11
Nord Ovest;Lombardia;BG;F791;80,5;5,5
Centro;Marche;MC;F793;0;0
Nord Ovest;Lombardia;MI;F797;228,6;39,66
Sud;Campania;AV;F798;11,5;3,34
Sud;Campania;NA;F799;141,31;15,61
Nord Ovest;Lombardia;LO;F801;76,34;1
Centro;Toscana;MS;F802;5;10,5
Nord Ovest;Lombardia;BS;F806;1,5;0
Isole;Sardegna;CA;F808;47;6
Nord Ovest;Piemonte;CN;F809;2;6
Nord Est;Veneto;VI;F810;2;2
Nord Ovest;Piemonte;CN;F811;5;1
Nord Ovest;Liguria;SV;F813;4;3
Nord Ovest;Piemonte;AL;F814;3;1
Centro;Toscana;SI;F815;15,33;4
Sud;Puglia;LE;F816;7;2,67
Sud;Basilicata;PZ;F817;5,16;10,28
Isole;Sardegna;SS;F818;1;0
Nord Ovest;Lombardia;BS;F820;15;0
Isole;Sardegna;CA;F822;0,25;0
Nord Est;Veneto;VE;F826;118,59;19,05
Nord Ovest;Lombardia;CO;F828;7;7,14
Nord Est;Veneto;VI;F829;36,15;2
Isole;Sicilia;CL;F830;12;14
Sud;Abruzzo ;TE;F831;69,5;24,5
Nord Est;Friuli- Venezia Giulia;UD;F832;4,5;1
Nord Ovest;Piemonte;BI;F833;3;0
Nord Est;Veneto;VI;F838;17;2
Sud;Campania;NA;F839;1313,36;461,14
Isole;Sardegna;OR;F840;0;2
Isole;Sardegna;CA;F841;0;0
Sud;Puglia;LE;F842;52,36;17,69
Sud;Calabria;VV;F843;0;0
Centro;Umbria;TR;F844;57,05;18,26
Isole;Sicilia;AG;F845;17;27,28
Nord Ovest;Piemonte;CN;F846;29;3
Nord Ovest;Liguria;SV;F847;1;1
Isole;Sicilia;ME;F848;1,67;12
Nord Ovest;Lombardia;BS;F851;58,08;2
Sud;Abruzzo ;AQ;F852;4,25;6
Centro;Lazio;RM;F857;0,5;0
Nord Ovest;Liguria;GE;F858;3;4,33
Nord Ovest;Piemonte;NO;F859;30,66;5
Nord Est;Veneto;VR;F861;143,84;10,33
Nord Ovest;Liguria;GE;F862;3;14
Nord Ovest;Piemonte;CN;F863;8;3
Nord Ovest;Lombardia;BG;F864;111,03;11,84
Centro;Lazio;RM;F865;6;1,5
Sud;Basilicata;PZ;F866;0;3
Isole;Sardegna;OR;F867;0;0
Centro;Lazio;VT;F868;17,32;14,91
Sud;Abruzzo ;TE;F870;13,5;4,25
Centro;Lazio;RM;F871;8;7
Nord Est;Veneto;TV;F872;21,25;2
Nord Ovest;Lombardia;MI;F874;150,63;18,17
Centro;Lazio;RI;F876;0;0
Nord Ovest;Lombardia;CO;F877;5,47;4
Nord Ovest;Piemonte;BI;F878;5,61;2,11
Centro;Lazio;RM;F880;209,91;75,22
Sud;Puglia;LE;F881;3;5
Nord Est;Emilia-Romagna;PR;F882;13,45;0,17
Nord Ovest;Piemonte;CN;F883;1;0
Nord Ovest;Lombardia;BS;F884;7;1,5
Nord Ovest;Piemonte;NO;F886;3,5;0
Nord Ovest;Lombardia;LC;F887;30,17;5
Nord Ovest;Piemonte;TO;F889;390,43;26,42
Isole;Sicilia;CT;F890;17,5;10
Nord Ovest;Lombardia;PV;F891;2;0
Isole;Sicilia;EN;F892;25,44;11,83
Sud;Calabria;VV;F893;1;3,25
Nord Ovest;Piemonte;CN;F894;0;1
Nord Ovest;Piemonte;CN;F895;2;0
Nord Est;Friuli- Venezia Giulia;UD;F898;7;0
Isole;Sicilia;CL;F899;6,66;7
Isole;Sicilia;EN;F900;2;3
Isole;Sicilia;ME;F901;11;6
Nord Ovest;Piemonte;AT;F902;70,91;9,67
Nord Est;Veneto;VE;F904;175,44;10,01
Nord Ovest;Piemonte;TO;F906;0,5;2
Sud;Calabria;CS;F907;0;0
Sud;Abruzzo ;PE;F908;3;1
Sud;Calabria;CZ;F910;5;3
Centro;Umbria;PG;F911;12,7;8,83
Sud;Campania;SA;F912;162;41,02
Sud;Campania;SA;F913;88,42;22,5
Nord Est;Emilia-Romagna;PR;F914;148,39;11
Sud;Puglia;BA;F915;62,16;39,25
Sud;Puglia;LE;F916;1;1,67
Sud;Basilicata;PZ;F917;0,42;6,5
Nord Est;Veneto;VR;F918;47,1;3
Nord Est;Veneto;VR;F921;37,43;4
Nord Est;Veneto;VI;F922;3;1
Sud;Puglia;BA;F923;90,4;20,94
Sud;Campania;NA;F924;119,63;22,54
Nord Ovest;Piemonte;TO;F925;35,17;5
Nord Ovest;Liguria;SV;F926;22,38;14,5
Nord Ovest;Piemonte;TO;F927;2;0,83
Nord Est;Emilia-Romagna;MO;F930;185,82;14,68
Nord Ovest;Piemonte;TO;F931;65;8
Nord Ovest;Piemonte;VB;F932;2,5;4,5
Isole;Sardegna;NU;F933;0;0
Isole;Sardegna;OR;F934;1;0
Centro;Umbria;PG;F935;8;6,85
Centro;Lazio;LT;F937;5,67;5
Nord Ovest;Lombardia;MI;F939;8,34;1,67
Nord Ovest;Lombardia;BG;F941;11;0
Sud;Abruzzo ;TE;F942;11;4
Isole;Sicilia;SR;F943;56,5;41,92
Nord Ovest;Lombardia;MI;F944;233,47;49
Nord Ovest;Piemonte;TO;F948;2;1
Isole;Sicilia;ME;F951;1;2
Nord Ovest;Piemonte;NO;F952;967,72;115,35
Nord Ovest;Lombardia;MI;F955;165,21;34,02
Nord Ovest;Lombardia;SO;F956;2,5;10,38
Nord Est;Veneto;VI;F957;19,17;2
Nord Ovest;Lombardia;CO;F958;6,99;0
Nord Est;Emilia-Romagna;RE;F960;99,51;6,08
Nord Ovest;Piemonte;CN;F961;9,5;2
Nord Est;Veneto;PD;F962;182,19;9,5
Nord Est;Veneto;VE;F963;93,28;10,33
Nord Est;Veneto;VI;F964;93,75;6
Nord Ovest;Piemonte;AL;F965;184;15,34
Nord Est;Emilia-Romagna;MO;F966;51,33;3
Sud;Campania;SA;F967;4;3,47
Nord Ovest;Lombardia;MI;F968;77,67;2
Sud;Puglia;LE;F970;6,9;3,5
Nord Ovest;Piemonte;CN;F972;1,78;2
Isole;Sardegna;OR;F974;0;0
Isole;Sardegna;SS;F975;0,08;0
Isole;Sardegna;SS;F976;1;1
Isole;Sardegna;SS;F977;0;0
Centro;Marche;AN;F978;45,99;14,03
Isole;Sardegna;NU;F979;76,04;16,5
Isole;Sardegna;OR;F980;1;0
Isole;Sardegna;NU;F981;0;0
Isole;Sardegna;NU;F982;0;0
Isole;Sardegna;CA;F983;0;0
Isole;Sardegna;OR;F985;0;0
Isole;Sardegna;NU;F986;0;1
Nord Ovest;Valle d'Aosta;AO;F987;16,33;16,99
Sud;Campania;AV;F988;4,53;2,33
Nord Ovest;Lombardia;BS;F989;15,5;1
Nord Ovest;Lombardia;BS;F990;39,71;2
Isole;Sardegna;CA;F991;0;1
Nord Ovest;Piemonte;BI;F992;27,84;3,67
Nord Ovest;Piemonte;BI;F993;15;3,5
Nord Est;Veneto;RO;F994;127,14;2,5
Nord Ovest;Piemonte;AL;F995;5;0,67
Sud;Abruzzo ;AQ;F996;0;0
Nord Ovest;Piemonte;AL;F997;1;0
Nord Ovest;Piemonte;AL;F998;0;0
Nord Est;Veneto;TV;F999;181,58;40,56
Nord Ovest;Lombardia;BS;G001;7,2;1
Sud;Abruzzo ;AQ;G002;4;0,22
Centro;Marche;AN;G003;12,5;0
Nord Ovest;Lombardia;CR;G004;54,17;4
Centro;Marche;AP;G005;7;3
Nord Ovest;Lombardia;BS;G006;18,5;3
Nord Ovest;Piemonte;VB;G007;7;6,67
Nord Ovest;Lombardia;VA;G008;51,88;3
Nord Ovest;Lombardia;LC;G009;83,25;14,03
Nord Ovest;Piemonte;TO;G010;11;0
Sud;Campania;SA;G011;1;1
Nord Ovest;Valle d'Aosta;AO;G012;0;3,5
Isole;Sardegna;SS;G015;397,02;88,71
Nord Ovest;Piemonte;VC;G016;4,5;0
Nord Ovest;Piemonte;VC;G018;2;0
Nord Ovest;Piemonte;NO;G019;140,94;12,33
Nord Ovest;Piemonte;NO;G020;18,56;3,33
Nord Ovest;Lombardia;PV;G021;5;1
Centro;Lazio;RM;G022;7;10,03
Sud;Campania;SA;G023;6;4,5
Nord Ovest;Lombardia;CO;G025;99,68;17,34
Nord Ovest;Lombardia;LC;G026;33,5;3,16
Nord Ovest;Lombardia;VA;G028;124,55;18
Nord Ovest;Lombardia;LC;G030;55,67;6,17
Isole;Sardegna;NU;G031;0,87;1
Nord Ovest;Lombardia;PV;G032;0;0
Sud;Calabria;CZ;G034;1;1
Isole;Sicilia;ME;G036;2;1
Sud;Basilicata;MT;G037;0;1
Sud;Campania;SA;G039;4;1
Nord Ovest;Lombardia;LC;G040;17,63;5,15
Nord Ovest;Liguria;IM;G041;0;4
Nord Ovest;Piemonte;AL;G042;0;0
Isole;Sardegna;OR;G043;0;0
Isole;Sardegna;NU;G044;0;0
Nord Ovest;Valle d'Aosta;AO;G045;1;0
Isole;Sardegna;SS;G046;22;3
Nord Ovest;Lombardia;CR;G047;6,5;0
Nord Ovest;Piemonte;AT;G048;0;0
Nord Ovest;Lombardia;BG;G049;2,9;1
Nord Ovest;Lombardia;BG;G050;26;1,17
Nord Ovest;Lombardia;BG;G054;1;0,17
Nord Ovest;Lombardia;CO;G056;13,5;0,14
Isole;Sardegna;NU;G058;0;0
Nord Ovest;Lombardia;BS;G061;16,5;6,5
Nord Ovest;Piemonte;VB;G062;102,83;16,66
Sud;Campania;SA;G063;0;1
Isole;Sardegna;NU;G064;0;0
Centro;Lazio;VT;G065;0;0
Nord Ovest;Piemonte;CN;G066;1,5;3
Nord Ovest;Lombardia;BG;G068;9,5;0
Isole;Sardegna;NU;G070;0;1
Isole;Sardegna;NU;G071;0;0
Nord Ovest;Lombardia;BS;G074;3,75;0,5
Nord Ovest;Lombardia;BG;G075;21,75;0,5
Nord Ovest;Liguria;SV;G076;0,5;0
Nord Ovest;Lombardia;MI;G078;149;10
Sud;Abruzzo ;AQ;G079;2;0
Nord Est;Veneto;VR;G080;98,22;2,33
Sud;Basilicata;PZ;G081;3,5;6,5
Sud;Calabria;RC;G082;1;2
Isole;Sardegna;NU;G084;1;0
Sud;Molise;CB;G086;2;2
Nord Ovest;Piemonte;TO;G087;201,72;24,33
Centro;Toscana;GR;G088;86,61;14,34
Centro;Toscana;PI;G090;4;1,5
Nord Ovest;Liguria;GE;G093;1;1,5
Nord Est;Veneto;VI;G095;3,17;1
Nord Ovest;Lombardia;LO;G096;10;0
Isole;Sardegna;NU;G097;3;0
Sud;Puglia;BR;G098;27,83;6
Sud;Abruzzo ;AQ;G102;8;0
Nord Ovest;Lombardia;VA;G103;81,27;11,66
Nord Ovest;Lombardia;VA;G105;1,5;0
Nord Ovest;Lombardia;LO;G107;12,16;1,5
Nord Ovest;Lombardia;BG;G108;16,34;2
Nord Ovest;Piemonte;TO;G109;1;0
Sud;Calabria;CS;G110;0;6
Centro;Lazio;VT;G111;10;6
Isole;Sardegna;OR;G113;75,85;31,5
Nord Ovest;Piemonte;CN;G114;12;8
Nord Est;Veneto;TV;G115;37,67;8
Nord Ovest;Lombardia;MI;G116;76,17;6
Nord Ovest;Piemonte;VB;G117;10;6
Nord Ovest;Lombardia;BG;G118;0;1
Isole;Sardegna;NU;G119;1;0,2
Isole;Sardegna;NU;G120;0,33;1,17
Sud;Campania;SA;G121;0;0,11
Isole;Sardegna;NU;G122;0;0
Nord Est;Veneto;TV;G123;25;1
Nord Ovest;Piemonte;AL;G124;2;1
Sud;Puglia;FG;G125;1;1
Nord Ovest;Lombardia;CO;G126;8,5;2,33
Sud;Abruzzo ;CH;G128;4;4,5
Sud;Calabria;CS;G129;1;1
Sud;Campania;CE;G130;105;4,5
Sud;Puglia;FG;G131;78,84;8
Isole;Sardegna;CA;G133;0;0
Nord Ovest;Piemonte;NO;G134;10,5;3
Centro;Lazio;VT;G135;65;12,5
Sud;Puglia;LE;G136;3,78;3
Centro;Marche;AP;G137;1;0
Centro;Toscana;AR;G139;2,5;3
Sud;Abruzzo ;CH;G141;74,24;38,09
Sud;Abruzzo ;AQ;G142;1;2
Nord Ovest;Liguria;SP;G143;10,3;2,67
Nord Ovest;Liguria;SV;G144;3,5;0
Sud;Abruzzo ;AQ;G145;5,22;0
Isole;Sardegna;NU;G146;0;0
Isole;Sardegna;NU;G147;1;0
Centro;Umbria;TR;G148;65;25,27
Nord Ovest;Lombardia;BS;G149;55,59;2
Nord Ovest;Lombardia;BS;G150;15,5;1
Nord Ovest;Piemonte;TO;G151;6;2
Nord Ovest;Piemonte;TO;G152;12;0
Isole;Sardegna;SS;G153;0,54;3
Isole;Sardegna;NU;G154;0;0
Nord Ovest;Liguria;SV;G155;1;2,5
Isole;Sardegna;SS;G156;7;1
Centro;Marche;AN;G157;224,4;11,29
Isole;Sardegna;NU;G158;0;1
Nord Ovest;Lombardia;BG;G159;60,2;5
Nord Ovest;Lombardia;BG;G160;132,5;11,86
Nord Ovest;Lombardia;LC;G161;48,16;17,86
Nord Est;Friuli- Venezia Giulia;UD;G163;12,75;1,5
Nord Ovest;Liguria;IM;G164;49;24,4
Sud;Campania;AV;G165;3;1
Nord Ovest;Lombardia;LO;G166;17;4
Nord Est;Veneto;PD;G167;40,4;3
Nord Est;Veneto;BL;G169;2;0
Nord Ovest;Lombardia;BS;G170;150,06;4
Nord Ovest;Lombardia;LO;G171;9;2
Isole;Sardegna;SS;G178;4;4,5
Nord Ovest;Lombardia;BS;G179;8;3
Nord Ovest;Lombardia;MI;G181;30,75;1,5
Nord Ovest;Piemonte;CN;G183;0;1
Nord Est;Emilia-Romagna;FE;G184;32,02;3,5
Nord Ovest;Lombardia;CR;G185;4,5;0
Nord Ovest;Lombardia;MN;G186;25,5;2,75
Sud;Puglia;BR;G187;86,6;81,7
Sud;Puglia;LE;G188;38,67;6,5
Centro;Umbria;TR;G189;4;5
Sud;Campania;NA;G190;25,25;20,67
Isole;Sardegna;NU;G191;0;0
Sud;Campania;SA;G192;0;0
Nord Ovest;Piemonte;AL;G193;5;0
Nord Ovest;Lombardia;PV;G194;6;0
Nord Est;Emilia-Romagna;PC;G195;0;3,6
Nord Ovest;Piemonte;TO;G196;67,6;11,5
Nord Ovest;Piemonte;AL;G197;67,5;20,67
Nord Est;Friuli- Venezia Giulia;UD;G198;3,57;4,5
Nord Ovest;Piemonte;AL;G199;3;0
Sud;Abruzzo ;AQ;G200;26,5;6
Isole;Sardegna;NU;G201;0;0
Nord Ovest;Piemonte;TO;G202;9,5;1
Isole;Sardegna;SS;G203;7;4,71
Nord Ovest;Piemonte;AL;G204;6;2
Nord Est;Emilia-Romagna;BO;G205;199,92;23,75
Nord Ovest;Lombardia;MI;G206;1;0
Isole;Sardegna;CA;G207;0;0
Isole;Sicilia;TP;G208;12,5;7,5
Isole;Sicilia;ME;G209;4,5;6,5
Sud;Abruzzo ;AQ;G210;2;0,15
Isole;Sicilia;SR;G211;39,94;7,37
Centro;Umbria;PG;G212;2;4
Nord Ovest;Lombardia;BS;G213;158,32;16,11
Nord Ovest;Piemonte;AL;G215;2;0
Nord Ovest;Lombardia;BS;G217;21;1
Nord Ovest;Lombardia;LC;G218;30;0
Nord Ovest;Lombardia;MI;G220;470,75;97,54
Nord Est;Veneto;TV;G221;4;2
Nord Ovest;Lombardia;CR;G222;5;0
Nord Ovest;Lombardia;LC;G223;75,42;7,99
Nord Est;Veneto;PD;G224;3164,77;214,36
Isole;Sardegna;SS;G225;2;2,5
Sud;Campania;SA;G226;9;3
Sud;Campania;BN;G227;3;2,87
Nord Ovest;Piemonte;CN;G228;22,58;5
Nord Est;Veneto;TV;G229;184,62;32,22
Sud;Campania;SA;G230;139,05;27,35
Centro;Lazio;RI;G232;0;3
Nord Ovest;Lombardia;BG;G233;16,33;0
Isole;Sicilia;ME;G234;4;1
Sud;Abruzzo ;CH;G237;6,83;6
Nord Est;Friuli- Venezia Giulia;UD;G238;42,67;5
Nord Ovest;Piemonte;CN;G240;2;1
Nord Ovest;Lombardia;LC;G241;0;1
Sud;Campania;AV;G242;0;0
Sud;Campania;BN;G243;1;0
Nord Ovest;Lombardia;BS;G247;1;0
Nord Ovest;Lombardia;BS;G248;15;0,85
Nord Ovest;Lombardia;BG;G249;38,83;3,84
Nord Est;Emilia-Romagna;MO;G250;4,5;1
Sud;Puglia;TA;G251;16;9
Sud;Puglia;TA;G252;41,36;13,14
Isole;Sicilia;CT;G253;18;8,67
Centro;Toscana;PI;G254;20;13,14
Nord Est;Emilia-Romagna;PR;G255;4;1
Sud;Molise;CB;G257;1;1
Isole;Sardegna;SS;G258;51,83;12
Nord Ovest;Lombardia;BG;G259;49,9;6,54
Nord Ovest;Lombardia;CR;G260;22;0
Sud;Basilicata;PZ;G261;5,2;4
Nord Ovest;Piemonte;TO;G262;2;2
Isole;Sicilia;PA;G263;0;2
Nord Ovest;Lombardia;BS;G264;163,75;8,33
Nord Ovest;Piemonte;VC;G266;3;0
Isole;Sicilia;SR;G267;28,25;6,67
Nord Est;Friuli- Venezia Giulia;UD;G268;9;1,67
Centro;Toscana;FI;G270;5;4
Sud;Abruzzo ;CH;G271;2;0
Sud;Calabria;CZ;G272;0;0
Isole;Sicilia;PA;G273;917,57;304,19
Centro;Lazio;RM;G274;62,38;29
Nord Ovest;Lombardia;PV;G275;14,84;0
Centro;Lazio;FR;G276;4;10
Sud;Calabria;RC;G277;1;0
Sud;Calabria;KR;G278;1;1
Nord Ovest;Piemonte;VB;G280;5;0
Nord Ovest;Liguria;SV;G281;1,5;2,67
Isole;Sicilia;AG;G282;5;18
Sud;Campania;NA;G283;34,56;26,13
Nord Est;Friuli- Venezia Giulia;UD;G284;45;13
Sud;Puglia;LE;G285;2;2
Isole;Sardegna;OR;G286;0;0
Isole;Sardegna;CA;G287;9;2
Sud;Calabria;RC;G288;18,5;9
Centro;Marche;AP;G289;0;0
Sud;Abruzzo ;CH;G290;5;5
Sud;Puglia;BA;G291;82,95;16
Sud;Campania;SA;G292;0,5;0
Centro;Lazio;RM;G293;13;28,5
Sud;Abruzzo ;CH;G294;3;1
Nord Ovest;Lombardia;BG;G295;34,5;0
Nord Est;Veneto;VR;G297;5,5;2,5
Sud;Calabria;CS;G298;2,5;1,75
Nord Est;Friuli- Venezia Giulia;UD;G300;0;2
Nord Ovest;Piemonte;CN;G302;4;0
Nord Ovest;Piemonte;TO;G303;10;0,5
Nord Ovest;Lombardia;PV;G304;1;0
Nord Ovest;Lombardia;CR;G306;68,91;0,83
Sud;Calabria;CS;G307;0;0
Centro;Umbria;PG;G308;12,83;7,81
Sud;Campania;NA;G309;93,25;19,47
Sud;Campania;BN;G311;0;4
Sud;Puglia;FG;G312;0;0
Isole;Sicilia;TP;G315;4,17;27,1
Nord Ovest;Lombardia;MI;G316;61,15;5,17
Sud;Calabria;CS;G317;12,5;7,54
Sud;Campania;BN;G318;5;1
Isole;Sicilia;TP;G319;13,34;5,33
Sud;Calabria;CS;G320;0;0
Nord Est;Veneto;RO;G323;6;1
Nord Ovest;Lombardia;MI;G324;323,21;62,58
Sud;Puglia;LE;G325;25;13
Nord Ovest;Lombardia;BS;G327;51,33;3
Nord Ovest;Piemonte;TO;G330;0;0
Sud;Calabria;CS;G331;6;1
Sud;Campania;CE;G333;17,17;5
Nord Ovest;Piemonte;AL;G334;0,64;0
Sud;Calabria;VV;G335;3;3,5
Nord Ovest;Lombardia;LC;G336;1;0
Nord Est;Emilia-Romagna;PR;G337;2045,01;329,93
Nord Ovest;Piemonte;AL;G338;6;3
Nord Ovest;Piemonte;CN;G339;1;0
Sud;Campania;AV;G340;2;1
Nord Ovest;Lombardia;PV;G342;9;1
Centro;Umbria;TR;G344;0;4
Nord Ovest;Lombardia;BG;G346;14;5
Isole;Sicilia;TP;G347;22,96;8,11
Isole;Sicilia;PA;G348;9;20,5
Nord Ovest;Piemonte;NO;G349;14,83;0
Nord Ovest;Lombardia;BG;G350;13;1
Nord Est;Friuli- Venezia Giulia;UD;G352;82,25;6,07
Nord Est;Friuli- Venezia Giulia;PN;G353;68,5;29,85
Nord Ovest;Lombardia;BS;G354;0,83;0
Nord Ovest;Piemonte;AT;G358;7,16;1
Centro;Umbria;PG;G359;31,17;11,5
Nord Ovest;Lombardia;BS;G361;72,19;2
Centro;Lazio;FR;G362;2;2
Sud;Campania;CE;G364;3;1
Nord Est;Veneto;VR;G365;24,92;1
Nord Ovest;Piemonte;AL;G367;8;1
Nord Ovest;Lombardia;LC;G368;6;1,5
Sud;Campania;AV;G370;3,53;3
Isole;Sicilia;CT;G371;66,12;42,97
Sud;Calabria;CS;G372;4,67;1,67
Centro;Lazio;FR;G374;0;0
Isole;Sardegna;SS;G376;3;1
Isole;Sicilia;ME;G377;18,5;21
Sud;Puglia;LE;G378;1;4
Isole;Sardegna;OR;G379;0;0
Nord Est;Friuli- Venezia Giulia;UD;G381;3,5;7,25
Isole;Sardegna;CA;G382;0;0
Isole;Sardegna;CA;G383;0;2
Isole;Sardegna;OR;G384;0,87;0
Nord Ovest;Lombardia;MI;G385;123;9,5
Sud;Campania;BN;G386;0;1
Nord Ovest;Piemonte;TO;G387;2;0
Nord Ovest;Lombardia;PV;G388;651,39;120,15
Nord Est;Friuli- Venezia Giulia;UD;G389;24;0,5
Nord Ovest;Lombardia;BS;G391;15,25;1
Nord Ovest;Piemonte;TO;G392;19,4;4
Nord Est;Emilia-Romagna;MO;G393;151,2;32,36
Sud;Calabria;RC;G394;0;4
Centro;Toscana;PI;G395;13,31;5,34
Nord Ovest;Piemonte;TO;G396;2;0
Nord Ovest;Piemonte;AL;G397;0;0
Nord Ovest;Piemonte;TO;G398;42,5;3
Isole;Sicilia;CT;G402;67;6,34
Centro;Marche;AP;G403;26;5
Nord Est;Veneto;BL;G404;25,5;6,33
Nord Ovest;Lombardia;BS;G407;32,62;2
Nord Est;Veneto;TV;G408;60,34;8,06
Nord Ovest;Lombardia;SO;G410;0;0
Sud;Calabria;CS;G411;2;0
Nord Ovest;Lombardia;BG;G412;63,5;5
Nord Ovest;Lombardia;CO;G415;2;3
Centro;Marche;PS;G416;0;0
Nord Ovest;Lombardia;MN;G417;52,48;3,08
Nord Ovest;Lombardia;BG;G418;6;2
Centro;Toscana;FI;G420;86,6;12,19
Nord Ovest;Piemonte;NO;G421;18;5
Nord Est;Emilia-Romagna;PR;G424;5;3
Sud;Campania;SA;G426;49,72;10,52
Nord Ovest;Piemonte;AT;G430;2;1
Nord Ovest;Lombardia;SO;G431;5;4
Centro;Umbria;TR;G432;6,5;1
Nord Est;Emilia-Romagna;RN;G433;7,33;1,13
Sud;Abruzzo ;CH;G434;2;0
Sud;Abruzzo ;CH;G435;0;1
Centro;Marche;MC;G436;2,85;1
Sud;Abruzzo ;TE;G437;8,31;0
Sud;Abruzzo ;PE;G438;23,75;16,17
Sud;Calabria;CZ;G439;1;1
Sud;Abruzzo ;CH;G441;1;2
Nord Est;Veneto;BL;G442;0;0
Centro;Lazio;RM;G444;0;1
Isole;Sardegna;NU;G445;0;1
Isole;Sardegna;CA;G446;0;0
Sud;Campania;SA;G447;0;2
Sud;Abruzzo ;AQ;G449;3;2,78
Isole;Sardegna;SS;G450;4;1
Centro;Marche;PS;G453;8;4,67
Nord Ovest;Liguria;IM;G454;2;11
Sud;Campania;SA;G455;0;1
Nord Ovest;Lombardia;LC;G456;19,64;8,5
Nord Ovest;Piemonte;CN;G457;2;0
Nord Ovest;Piemonte;CN;G458;0;0
Nord Ovest;Valle d'Aosta;AO;G459;0;3
Nord Est;Veneto;PD;G461;41,52;2
Nord Ovest;Piemonte;TO;G462;2;0
Nord Ovest;Piemonte;TO;G463;22;4,33
Nord Ovest;Piemonte;TO;G465;3;6
Nord Est;Emilia-Romagna;BO;G467;290,04;37,15
Nord Ovest;Lombardia;CR;G469;34;0
Nord Ovest;Piemonte;VC;G471;3;1
Nord Ovest;Lombardia;BS;G474;0;0,88
Nord Ovest;Lombardia;BS;G475;0;0
Sud;Campania;SA;G476;2;0
Nord Ovest;Piemonte;TO;G477;1;0
Centro;Umbria;PG;G478;1068,08;208,18
Centro;Marche;PS;G479;468,07;94,53
Centro;Toscana;LU;G480;10;8,66
Nord Est;Veneto;VR;G481;220,64;31,99
Sud;Abruzzo ;PE;G482;710,48;96,61
Nord Ovest;Lombardia;CR;G483;17,5;2
Sud;Abruzzo ;AQ;G484;7,36;4
Nord Ovest;Lombardia;LC;G485;22;3,58
Sud;Molise;IS;G486;0;0
Sud;Puglia;FG;G487;8;11
Nord Ovest;Lombardia;MI;G488;343,3;16
Nord Est;Veneto;VR;G489;279,64;36,54
Centro;Toscana;PT;G491;98,42;24,22
Sud;Abruzzo ;AQ;G492;5,5;2
Sud;Abruzzo ;AQ;G493;13,33;8,33
Sud;Campania;BN;G494;2;0
Sud;Molise;IS;G495;1;0
Sud;Basilicata;PZ;G496;2;1
Sud;Molise;IS;G497;1;0
Centro;Lazio;RI;G498;2,5;3,25
Sud;Abruzzo ;PE;G499;2;0
Centro;Lazio;FR;G500;2,5;1
Nord Ovest;Lombardia;MI;G502;92,17;11
Nord Ovest;Lombardia;CR;G504;5;0
Nord Ovest;Piemonte;TO;G505;5;0
Sud;Molise;CB;G506;11;2
Centro;Lazio;RI;G507;0;2
Sud;Calabria;KR;G508;7;13,28
Sud;Campania;SA;G509;2;3,5
Isole;Sicilia;PA;G510;1;3
Isole;Sicilia;PA;G511;0;5
Sud;Molise;CB;G512;3,5;1
Centro;Lazio;RI;G513;3;4
Centro;Marche;PS;G514;5;0
Centro;Marche;MC;G515;7;1
Centro;Marche;AP;G516;2;0
Sud;Calabria;CZ;G517;0;2
Sud;Calabria;CZ;G518;0;5,5
Sud;Campania;AV;G519;0,5;0
Nord Ovest;Piemonte;NO;G520;9,42;1
Nord Ovest;Piemonte;BI;G521;6,5;2
Isole;Sicilia;ME;G522;1;4,75
Sud;Molise;IS;G523;1;3
Sud;Abruzzo ;AQ;G524;3;2
Nord Est;Veneto;RO;G525;1,5;0
Nord Ovest;Piemonte;CN;G526;20,42;4
Nord Ovest;Piemonte;VC;G528;4;1
Nord Ovest;Lombardia;BS;G529;5;0,75
Nord Ovest;Piemonte;CN;G532;0;1
Nord Est;Veneto;PD;G534;2;1
Nord Est;Emilia-Romagna;PC;G535;1135,43;151,4
Nord Ovest;Lombardia;CR;G536;16,01;0,5
Sud;Campania;SA;G538;1,94;0
Sud;Campania;SA;G540;0;0
Sud;Campania;CE;G541;3;2
Nord Ovest;Liguria;SV;G542;3;8
Isole;Sicilia;PA;G543;4;2,89
Nord Ovest;Valle d'Aosta;AO;G545;1;2
Nord Ovest;Lombardia;BS;G546;40,33;7,43
Centro;Toscana;SI;G547;22,41;6,66
Nord Ovest;Lombardia;BS;G549;31;2,5
Centro;Marche;PS;G551;1,5;4
Sud;Calabria;CS;G553;0;0
Sud;Abruzzo ;PE;G555;18,17;1,5
Nord Ovest;Lombardia;CO;G556;9,78;6
Nord Est;Emilia-Romagna;PC;G557;14;2,2
Nord Ovest;Lombardia;CR;G558;19;0
Nord Ovest;Piemonte;TO;G559;179,28;19
Nord Est;Veneto;VI;G560;7;0
Nord Ovest;Piemonte;CN;G561;13,5;1,84
Nord Ovest;Lombardia;BG;G564;9;2,17
Nord Est;Veneto;VE;G565;142,66;3
Nord Est;Emilia-Romagna;BO;G566;18,43;4,03
Sud;Campania;NA;G568;64,02;15,5
Nord Est;Emilia-Romagna;BO;G570;180,3;26
Centro;Lazio;VT;G571;3;6
Nord Ovest;Lombardia;SO;G572;4;0
Nord Ovest;Lombardia;BG;G574;8,33;0
Nord Ovest;Piemonte;CN;G575;13,84;3,17
Nord Ovest;Lombardia;SO;G576;0;10,09
Nord Ovest;Piemonte;BI;G577;5,16;2
Nord Ovest;Lombardia;BG;G579;7,25;0
Isole;Sicilia;EN;G580;51,03;32,91
Centro;Toscana;LU;G582;1;0
Nord Ovest;Lombardia;BG;G583;12,33;0
Nord Est;Veneto;PD;G587;93;7
Nord Ovest;Lombardia;BG;G588;0;0,33
Sud;Abruzzo ;PE;G589;1;0,07
Sud;Basilicata;PZ;G590;9;2
Centro;Lazio;FR;G591;2;0
Centro;Lazio;FR;G592;1;2
Nord Ovest;Piemonte;AT;G593;3;0
Nord Ovest;Piemonte;BI;G594;0;1,73
Sud;Campania;CE;G596;12;7
Isole;Sicilia;CT;G597;7;9
Centro;Lazio;FR;G598;9;1,8
Nord Ovest;Piemonte;VB;G600;6,5;0
Centro;Umbria;PG;G601;6;3,37
Centro;Toscana;SI;G602;9,25;10,01
Nord Ovest;Lombardia;CR;G603;13;0
Sud;Puglia;FG;G604;0;0
Nord Ovest;Liguria;SV;G605;219,86;66,67
Sud;Molise;IS;G606;2;0
Nord Ovest;Liguria;IM;G607;0;3
Sud;Abruzzo ;TE;G608;0;1
Sud;Molise;CB;G609;4,5;1,5
Sud;Molise;CB;G610;2;0
Sud;Campania;AV;G611;5;2
Nord Ovest;Lombardia;PV;G612;2,66;1
Sud;Abruzzo ;CH;G613;1;0
Sud;Basilicata;PZ;G614;1;2,78
Sud;Calabria;CS;G615;0;0,5
Sud;Basilicata;PZ;G616;4;4
Centro;Umbria;PG;G618;5;2,5
Nord Ovest;Piemonte;AL;G619;2;0,02
Sud;Campania;CE;G620;4;3
Sud;Abruzzo ;PE;G621;1;2
Sud;Calabria;CS;G622;1;0,5
Sud;Basilicata;PZ;G623;3,5;4,5
Isole;Sicilia;EN;G624;10,5;9,93
Nord Ovest;Piemonte;CN;G625;2,5;0
Sud;Campania;BN;G626;0;0
Centro;Marche;PS;G627;0,5;0,25
Centro;Toscana;LU;G628;48,26;24,81
Sud;Campania;AV;G629;1;2
Sud;Campania;CE;G630;1;1
Sud;Campania;BN;G631;2,25;2
Nord Ovest;Liguria;IM;G632;0;8,5
Nord Ovest;Lombardia;MI;G634;122,31;11,5
Nord Ovest;Lombardia;PV;G635;11;0
Centro;Toscana;PT;G636;65,18;2,94
Nord Ovest;Lombardia;PV;G639;5,33;0
Nord Est;Veneto;BL;G642;33,83;7,07
Nord Est;Emilia-Romagna;BO;G643;64,94;10
Nord Est;Veneto;TV;G645;94,82;29
Nord Ovest;Liguria;GE;G646;24,9;7,9
Nord Ovest;Lombardia;CR;G647;10,13;0
Centro;Toscana;LU;G648;3,33;2,5
Nord Est;Emilia-Romagna;MO;G649;16;5,75
Nord Ovest;Lombardia;PV;G650;16;5
Nord Ovest;Lombardia;CR;G651;9;0
Centro;Toscana;AR;G653;5,5;3
Centro;Marche;MC;G657;0;2
Nord Ovest;Piemonte;VB;G658;13,34;6,35
Centro;Lazio;FR;G659;6,67;14,5
Nord Ovest;Liguria;IM;G660;0;5,5
Sud;Campania;CE;G661;9,63;4,67
Centro;Lazio;FR;G662;0;0
Sud;Basilicata;PZ;G663;9;5,22
Nord Ovest;Liguria;SP;G664;0;1
Nord Ovest;Lombardia;CO;G665;1;0
Nord Ovest;Piemonte;VC;G666;6;1
Isole;Sardegna;CA;G669;0;0
Sud;Campania;NA;G670;0;6
Nord Ovest;Lombardia;PV;G671;11,5;2
Nord Ovest;Piemonte;TO;G672;21,07;3
Nord Est;Veneto;RO;G673;3,24;0
Nord Ovest;Piemonte;TO;G674;331,62;54,24
Nord Ovest;Piemonte;AT;G676;0;0
Nord Ovest;Piemonte;TO;G678;65,09;7
Nord Est;Friuli- Venezia Giulia;PN;G680;1;0
Centro;Marche;PS;G682;2;1,5
Nord Ovest;Piemonte;CN;G683;13;3
Nord Ovest;Piemonte;TO;G684;28,85;3
Nord Ovest;Piemonte;VC;G685;3;4
Nord Ovest;Lombardia;MI;G686;320,64;31,38
Centro;Toscana;LI;G687;144,55;71,52
Nord Est;Veneto;PD;G688;36,83;1,08
Centro;Marche;MC;G690;3,5;2,5
Nord Ovest;Piemonte;TO;G691;161,62;28
Nord Ovest;Piemonte;AT;G692;1;0
Nord Est;Veneto;PD;G693;296,27;19
Nord Est;Veneto;VI;G694;47,5;4,5
Nord Est;Emilia-Romagna;PC;G696;1;0,11
Nord Ovest;Piemonte;CN;G697;4;4
Centro;Lazio;LT;G698;25;13
Isole;Sicilia;ME;G699;1,67;5
Centro;Toscana;PI;G702;654,27;161,14
Nord Ovest;Piemonte;NO;G703;4,5;0
Centro;Lazio;RM;G704;1;1
Nord Ovest;Piemonte;TO;G705;26,75;6
Sud;Campania;SA;G707;1;9
Nord Ovest;Lombardia;BS;G710;45,66;8
Sud;Basilicata;MT;G712;29,5;17,18
Centro;Toscana;PT;G713;444,23;67,35
Centro;Toscana;GR;G716;18,43;13,13
Nord Ovest;Lombardia;MN;G717;4;1
Nord Ovest;Lombardia;SO;G718;12,52;13,49
Nord Ovest;Piemonte;TO;G719;8;1
Nord Ovest;Lombardia;PV;G720;3;1
Nord Ovest;Lombardia;CR;G721;36,5;1
Sud;Calabria;VV;G722;21,94;8,91
Sud;Abruzzo ;CH;G724;9,5;11,5
Sud;Abruzzo ;AQ;G726;8,5;4,08
Sud;Molise;IS;G727;0;0
Sud;Calabria;VV;G728;0;1
Sud;Calabria;RC;G729;0;1
Sud;Calabria;CS;G733;2;1
Sud;Calabria;CZ;G734;0,5;1
Sud;Calabria;RC;G735;0;0
Nord Est;Friuli- Venezia Giulia;UD;G736;5,67;0
Nord Ovest;Lombardia;CO;G737;7;7
Isole;Sardegna;SS;G740;3,2;5
Nord Ovest;Liguria;SV;G741;4,25;0
Nord Ovest;Piemonte;CN;G742;18,5;4
Nord Est;Friuli- Venezia Giulia;UD;G743;7,6;0
Centro;Toscana;MS;G746;7;1
Nord Est;Emilia-Romagna;PC;G747;79,76;3
Centro;Lazio;FR;G749;0;0
Sud;Puglia;LE;G751;6,61;1
Centro;Toscana;SI;G752;163,83;21,11
Nord Ovest;Lombardia;MN;G753;36,42;2
Centro;Toscana;PO;G754;69,6;6
Centro;Lazio;RI;G756;5,67;0
Centro;Lazio;RI;G757;1;3,33
Centro;Umbria;PG;G758;0;1
Sud;Abruzzo ;CH;G760;1;2
Sud;Puglia;FG;G761;3;0
Sud;Campania;NA;G762;35,92;14,05
Centro;Lazio;RI;G763;40;14
Centro;Lazio;RI;G764;7;6,63
Centro;Lazio;RI;G765;6;5,5
Sud;Abruzzo ;AQ;G766;0;0
Isole;Sicilia;TP;G767;0;0
Nord Est;Emilia-Romagna;FE;G768;114,17;4
Sud;Puglia;BA;G769;3;2
Centro;Lazio;RI;G770;0;0
Centro;Marche;AN;G771;3;1
Nord Ovest;Lombardia;MI;G772;85,23;28,92
Nord Ovest;Lombardia;CO;G773;13;3
Nord Ovest;Lombardia;BG;G774;12;1
Nord Ovest;Piemonte;NO;G775;0;0
Nord Est;Veneto;VI;G776;24,22;2
Nord Ovest;Piemonte;TO;G777;71,6;2
Nord Ovest;Lombardia;BS;G779;8,5;2,56
Nord Est;Friuli- Venezia Giulia;PN;G780;12,2;3
Nord Est;Veneto;RO;G782;28,5;1
Centro;Lazio;RM;G784;0;4,5
Sud;Calabria;VV;G785;0;1
Sud;Basilicata;MT;G786;64,5;9,68
Sud;Puglia;BA;G787;66,41;43,39
Nord Est;Emilia-Romagna;PC;G788;4,17;0
Nord Est;Emilia-Romagna;MO;G789;20,41;6,5
Centro;Umbria;TR;G790;0;3
Sud;Calabria;RC;G791;3;4
Isole;Sicilia;PA;G792;0;11
Sud;Campania;SA;G793;5,5;3,25
Nord Ovest;Valle d'Aosta;AO;G794;10,5;2
Sud;Campania;NA;G795;18,16;11,12
Sud;Campania;SA;G796;3;5,56
Isole;Sicilia;PA;G797;2,92;11,44
Nord Ovest;Piemonte;BI;G798;10;4
Sud;Abruzzo ;CH;G799;5;3
Nord Ovest;Piemonte;CN;G800;5;1
Nord Ovest;Lombardia;BS;G801;123,5;8
Nord Est;Veneto;PD;G802;31,5;1
Centro;Marche;AN;G803;32,62;1
Centro;Toscana;PI;G804;16,25;16,83
Nord Ovest;Piemonte;TO;G805;1;0
Sud;Basilicata;MT;G806;6;5
Nord Ovest;Piemonte;AL;G807;1;1
Nord Ovest;Piemonte;NO;G809;15,33;0,75
Centro;Lazio;RM;G811;503,27;116,8
Sud;Campania;NA;G812;106,61;39,5
Sud;Campania;NA;G813;35,67;13,73
Nord Ovest;Liguria;IM;G814;7;4
Nord Ovest;Lombardia;BS;G815;18,41;0
Nord Ovest;Lombardia;MN;G816;14,34;1
Isole;Sardegna;OR;G817;0;0
Nord Ovest;Lombardia;BS;G818;41,15;1,99
Nord Ovest;Piemonte;BI;G820;24,06;3,39
Nord Ovest;Lombardia;CO;G821;0;1
Centro;Toscana;PI;G822;80,64;11
Nord Est;Veneto;PD;G823;7;2
Centro;Toscana;FI;G825;164;29,88
Nord Ovest;Piemonte;TO;G826;16,83;4
Sud;Campania;BN;G827;4;4
Nord Ovest;Lombardia;SO;G829;2,5;4
Nord Est;Friuli- Venezia Giulia;UD;G831;1,2;0
Centro;Toscana;PT;G833;36,56;1
Sud;Campania;SA;G834;124,5;16,21
Nord Est;Veneto;RO;G836;20,83;1
Nord Ovest;Piemonte;CN;G837;13;10,15
Centro;Lazio;FR;G838;9,5;9,25
Nord Ovest;Piemonte;AL;G839;13;2
Nord Ovest;Liguria;IM;G840;10;24
Nord Est;Emilia-Romagna;PC;G842;26,75;3,25
Centro;Toscana;PI;G843;177,96;37,54
Nord Ovest;Lombardia;BS;G844;118,33;20,28
Nord Est;Veneto;TV;G846;66,14;10,5
Nord Ovest;Lombardia;CO;G847;33,58;7,09
Sud;Campania;BN;G848;0;2
Sud;Campania;CE;G849;1;5
Nord Est;Veneto;PD;G850;23,5;0
Nord Ovest;Lombardia;PV;G851;3,5;0
Nord Est;Emilia-Romagna;PC;G852;58;1
Nord Ovest;Lombardia;BG;G853;53,35;4,7
Nord Ovest;Valle d'Aosta;AO;G854;13,58;8,39
Nord Est;Veneto;PD;G855;142,75;5,56
Nord Ovest;Lombardia;BG;G856;127,18;4,6
Nord Ovest;Piemonte;AL;G858;5,88;0
Nord Ovest;Lombardia;BS;G859;32,34;2
Nord Ovest;Valle d'Aosta;AO;G860;3,66;1
Nord Ovest;Piemonte;AL;G861;0,26;1,3
Nord Ovest;Lombardia;MN;G862;15;1
Nord Ovest;Lombardia;BG;G864;31;3
Centro;Lazio;LT;G865;45,87;5,16
Nord Ovest;Liguria;SV;G866;6;7,3
Nord Ovest;Lombardia;BG;G867;45;2
Nord Ovest;Lombardia;BS;G869;36,26;2
Centro;Toscana;MS;G870;17,5;19,13
Centro;Lazio;LT;G871;0;12
Nord Ovest;Piemonte;AL;G872;0;0
Centro;Marche;AP;G873;5;0
Centro;Lazio;RM;G874;1;1
Nord Est;Veneto;TV;G875;145,35;22
Nord Ovest;Piemonte;AL;G877;5;1
Sud;Abruzzo ;PE;G878;14,17;6,78
Centro;Toscana;AR;G879;12;2,5
Centro;Umbria;TR;G881;3;0
Centro;Toscana;LU;G882;35,49;2
Nord Est;Friuli- Venezia Giulia;PN;G886;107,37;26,5
Sud;Campania;SA;G887;1,25;3,5
Nord Est;Friuli- Venezia Giulia;PN;G888;540,64;165,89
Nord Ovest;Lombardia;CO;G889;36;3
Nord Ovest;Liguria;IM;G890;1;3
Nord Est;Friuli- Venezia Giulia;UD;G891;10;1
Nord Ovest;Piemonte;AT;G894;5;1
Nord Ovest;Lombardia;PV;G895;7;2
Nord Ovest;Piemonte;TO;G900;3,5;1
Sud;Campania;NA;G902;159,05;32,08
Sud;Campania;CE;G903;19;5,5
Nord Est;Emilia-Romagna;FO;G904;3,17;0
Sud;Calabria;RC;G905;2;0
Nord Ovest;Lombardia;VA;G906;28,83;6
Nord Ovest;Lombardia;VA;G907;34,34;22,67
Nord Est;Veneto;TV;G909;4;1
Sud;Molise;CB;G910;5,67;1
Centro;Toscana;LI;G912;37,5;20,28
Nord Ovest;Liguria;GE;G913;0;3
Nord Est;Veneto;VE;G914;176,97;26,17
Nord Est;Emilia-Romagna;FE;G916;64,71;4,25
Nord Ovest;Lombardia;MN;G917;169,74;1
Centro;Marche;MC;G919;169,47;23,03
Centro;Marche;AP;G920;64,95;25,67
Centro;Marche;AP;G921;103,79;21,33
Isole;Sardegna;CA;G922;6;3
Nord Est;Veneto;RO;G923;55,25;3,93
Isole;Sardegna;SS;G924;104;22
Nord Ovest;Liguria;SP;G925;36,42;5,17
Nord Est;Veneto;RO;G926;84,63;1,5
Nord Ovest;Piemonte;BI;G927;3;1,08
Isole;Sardegna;NU;G929;9,25;0
Nord Est;Veneto;VI;G931;5,5;3
Sud;Campania;SA;G932;11;1
Nord Est;Veneto;TV;G933;15;4
Centro;Lazio;RI;G934;1;4,84
Centro;Lazio;FR;G935;2;0
Nord Ovest;Lombardia;SO;G937;5;1
Sud;Campania;SA;G939;1;3,5
Nord Ovest;Piemonte;VC;G940;5;4
Sud;Basilicata;PZ;G942;184,4;55,55
Nord Est;Veneto;VI;G943;14,9;0
Nord Est;Veneto;TV;G944;41,27;0,56
Nord Est;Veneto;VR;G945;87,84;6
Nord Est;Emilia-Romagna;RE;G947;49,63;8
Nord Est;Friuli- Venezia Giulia;UD;G949;26,85;1
Centro;Lazio;RI;G951;0;0
Isole;Sicilia;RG;G953;62,25;9,11
Sud;Molise;IS;G954;4;7
Nord Ovest;Lombardia;MI;G955;97,9;38
Nord Est;Veneto;VI;G957;22;1
Nord Ovest;Lombardia;BS;G959;31,83;2,75
Nord Ovest;Piemonte;AL;G960;2;1,67
Nord Ovest;Piemonte;AL;G961;19;2
Isole;Sardegna;SS;G962;5,15;1
Nord Est;Veneto;PD;G963;13,5;0
Sud;Campania;NA;G964;36,86;40,17
Nord Ovest;Lombardia;MI;G965;103,39;16,5
Nord Est;Friuli- Venezia Giulia;UD;G966;37,93;3,5
Nord Ovest;Lombardia;BG;G968;36,98;3,66
Nord Est;Friuli- Venezia Giulia;UD;G969;28,66;0
Nord Ovest;Piemonte;CN;G970;0,22;3,5
Nord Est;Emilia-Romagna;BO;G972;147,85;21,89
Nord Ovest;Piemonte;TO;G973;60,5;3,33
Nord Ovest;Piemonte;BI;G974;8,75;3,75
Sud;Calabria;CS;G975;15,41;4
Sud;Campania;SA;G976;0;0
Nord Ovest;Lombardia;BS;G977;19,5;2,01
Nord Ovest;Piemonte;TO;G978;15,53;6
Nord Ovest;Piemonte;TO;G979;14;1,5
Nord Ovest;Piemonte;BI;G980;10,75;2
Nord Est;Veneto;VE;G981;21,5;5
Nord Ovest;Piemonte;TO;G982;0;3
Nord Ovest;Piemonte;VC;G985;3;3
Nord Ovest;Piemonte;TO;G986;8;2
Nord Ovest;Piemonte;AL;G987;1;2
Nord Ovest;Piemonte;TO;G988;2;2
Sud;Campania;AV;G990;6,5;2
Sud;Campania;CE;G991;1;0,5
Sud;Abruzzo ;AQ;G992;2;0
Nord Ovest;Lombardia;SO;G993;5;8,46
Nord Est;Friuli- Venezia Giulia;PN;G994;48;12
Sud;Campania;CE;G995;0;1
Nord Ovest;Piemonte;TO;G997;4,5;0,33
Centro;Toscana;PO;G999;1396,67;190,66
Nord Ovest;Piemonte;NO;H001;5,5;0
Nord Est;Friuli- Venezia Giulia;UD;H002;1,42;2
Sud;Campania;AV;H006;14,5;1
Sud;Abruzzo ;AQ;H007;9,83;3,5
Nord Est;Friuli- Venezia Giulia;PN;H010;22,33;1
Nord Ovest;Piemonte;CN;H011;2;2
Sud;Calabria;RC;H013;0;0
Nord Est;Friuli- Venezia Giulia;UD;H014;14,5;1
Centro;Umbria;PG;H015;0;1,94
Nord Est;Emilia-Romagna;FO;H017;18,09;0,25
Nord Ovest;Lombardia;BG;H020;25;1,33
Nord Ovest;Piemonte;AL;H021;4,2;0
Nord Est;Veneto;TV;H022;207,07;19
Nord Ovest;Lombardia;MI;H026;86,67;12,25
Nord Ovest;Liguria;IM;H027;1;5,5
Nord Ovest;Lombardia;LC;H028;6,66;1
Nord Est;Friuli- Venezia Giulia;UD;H029;25;2
Nord Ovest;Piemonte;VB;H030;2,99;1,44
Nord Ovest;Piemonte;VB;H033;2,33;1
Nord Est;Emilia-Romagna;FO;H034;1,5;0,9
Nord Ovest;Lombardia;BG;H036;8,5;0
Nord Ovest;Piemonte;VB;H037;12;4
Nord Est;Friuli- Venezia Giulia;UD;H038;0;0
Nord Est;Friuli- Venezia Giulia;UD;H040;1;0,33
Nord Ovest;Valle d'Aosta;AO;H042;24;12,05
Nord Ovest;Lombardia;BS;H043;1,75;0
Sud;Campania;CE;H045;1;1
Nord Ovest;Lombardia;BG;H046;45,51;3
Sud;Puglia;LE;H047;6,63;5
Nord Est;Veneto;VR;H048;15;1
Sud;Abruzzo ;CH;H052;4;1
Nord Ovest;Lombardia;BS;H055;22,84;1
Sud;Abruzzo ;AQ;H056;0;0
Nord Ovest;Piemonte;CN;H059;1;0
Nord Est;Emilia-Romagna;MO;H061;16,5;8,25
Sud;Campania;SA;H062;1;0
Nord Ovest;Lombardia;LC;H063;4;7,5
Nord Ovest;Piemonte;CN;H068;6;3,5
Nord Ovest;Piemonte;CN;H069;2;0
Isole;Sicilia;PA;H070;1;16,65
Centro;Lazio;VT;H071;0;3,25
Sud;Campania;NA;H072;2;7,26
Nord Ovest;Liguria;GE;H073;0;2
Nord Ovest;Lombardia;CO;H074;3;0
Centro;Lazio;LT;H076;1;1
Nord Ovest;Lombardia;BS;H077;2;0
Nord Ovest;Lombardia;BS;H078;57,27;10,5
Sud;Molise;CB;H083;0;0
Nord Ovest;Piemonte;CN;H085;0;0
Nord Ovest;Lombardia;BS;H086;47,12;7
Sud;Campania;BN;H087;0;0
Isole;Sardegna;CA;H088;31,67;3
Nord Est;Friuli- Venezia Giulia;UD;H089;0,17;1
Sud;Puglia;TA;H090;22;7
Nord Ovest;Lombardia;BG;H091;9;0
Nord Ovest;Lombardia;CO;H094;11;4
Isole;Sardegna;SS;H095;0;1
Sud;Puglia;BA;H096;115,39;35,41
Sud;Campania;AV;H097;5;1
Sud;Abruzzo ;CH;H098;0;0
Nord Ovest;Piemonte;TO;H100;4;0,33
Sud;Campania;NA;H101;22,9;14,17
Nord Ovest;Piemonte;AT;H102;0;0
Nord Ovest;Piemonte;BI;H103;12,5;3
Nord Ovest;Piemonte;AL;H104;5;5
Nord Ovest;Piemonte;VB;H106;3;1
Nord Ovest;Piemonte;VB;H107;1;0
Nord Ovest;Piemonte;VC;H108;15,5;1
Centro;Toscana;PT;H109;142,42;16
Nord Ovest;Valle d'Aosta;AO;H110;47;9,21
Sud;Campania;NA;H114;82;18,61
Nord Est;Veneto;VE;H117;131,85;4,9
Isole;Sardegna;CA;H118;316,67;75,83
Isole;Sardegna;CA;H119;47,91;4,5
Nord Ovest;Piemonte;TO;H120;4;1
Nord Ovest;Piemonte;AL;H121;5;4
Nord Est;Emilia-Romagna;RE;H122;120,6;4,2
Nord Ovest;Liguria;SV;H126;18,08;18,3
Nord Ovest;Piemonte;TO;H127;3;5
Sud;Campania;AV;H128;0;1
Nord Ovest;Lombardia;MN;H129;3;0
Nord Ovest;Lombardia;CR;H130;5;0
Nord Est;Veneto;TV;H131;82,33;12,72
Nord Ovest;Piemonte;VC;H132;2;0
Nord Est;Veneto;VI;H134;55,16;5
Nord Ovest;Lombardia;BS;H140;53;0
Nord Ovest;Lombardia;MN;H143;5,34;2
Sud;Puglia;LE;H147;16,58;4
Isole;Sicilia;AG;H148;7,25;9,17
Nord Ovest;Piemonte;CN;H150;57,46;9,5
Isole;Sicilia;ME;H151;0;1
Centro;Toscana;SI;H153;4;4
Isole;Sicilia;CT;H154;4,67;1
Centro;Toscana;SI;H156;3,5;1,4
Centro;Toscana;SI;H157;1,83;3
Isole;Sicilia;AG;H159;4;18,6
Nord Est;Friuli- Venezia Giulia;UD;H161;8;0
Isole;Sicilia;RG;H163;278,6;60,11
Sud;Campania;CE;H165;3;2
Sud;Abruzzo ;AQ;H166;9,01;1
Isole;Sicilia;CT;H168;7;11
Nord Ovest;Lombardia;VA;H173;2;0
Nord Ovest;Lombardia;VA;H174;12,94;1
Isole;Sicilia;CT;H175;8;24,14
Nord Ovest;Lombardia;BG;H176;48,75;3
Nord Ovest;Lombardia;BG;H177;17,67;0
Nord Ovest;Liguria;IM;H180;1;2,5
Centro;Marche;AP;H182;0,5;0
Nord Ovest;Liguria;GE;H183;272,91;104,67
Sud;Abruzzo ;CH;H184;0;2
Centro;Toscana;SI;H185;45,34;9
Sud;Basilicata;PZ;H186;13,5;6,25
Sud;Basilicata;PZ;H187;1;1
Nord Ovest;Piemonte;VC;H188;0;0
Nord Ovest;Lombardia;SO;H192;2;0
Isole;Sicilia;AG;H194;12,89;6
Nord Est;Emilia-Romagna;MO;H195;61,52;9,39
Nord Est;Friuli- Venezia Giulia;UD;H196;10;2
Sud;Campania;SA;H198;2;11
Nord Est;Emilia-Romagna;RA;H199;1312,46;185,88
Nord Est;Friuli- Venezia Giulia;UD;H200;0;0
Sud;Campania;CE;H202;0;1
Nord Ovest;Piemonte;VB;H203;1;3
Nord Ovest;Lombardia;PV;H204;1;0
Isole;Sicilia;AG;H205;3;2
Nord Est;Friuli- Venezia Giulia;UD;H206;43;2
Nord Ovest;Piemonte;TO;H207;10;0
Sud;Campania;CE;H210;27,33;6,33
Centro;Marche;MC;H211;83,76;14,57
Nord Ovest;Liguria;GE;H212;59,54;16,42
Nord Ovest;Piemonte;NO;H213;4;0
Nord Est;Veneto;VI;H214;19,9;14,17
Nord Ovest;Lombardia;PV;H216;3;1
Nord Ovest;Lombardia;MN;H218;2;0
Nord Ovest;Piemonte;AT;H219;7,89;3,78
Nord Est;Veneto;TV;H220;8,51;1,51
Isole;Sicilia;EN;H221;19,3;16,34
Centro;Toscana;FI;H222;120,47;18,17
Nord Est;Emilia-Romagna;RE;H223;1768,71;143,89
Sud;Calabria;RC;H224;396,54;67,32
Nord Est;Emilia-Romagna;RE;H225;95,07;4
Sud;Campania;BN;H227;0;1
Isole;Sicilia;ME;H228;1,82;1
Nord Est;Friuli- Venezia Giulia;UD;H229;36;2,25
Nord Ovest;Lombardia;BS;H230;9;0
Nord Ovest;Lombardia;MI;H233;40,5;5
Sud;Calabria;CS;H235;132,66;84,53
Nord Est;Veneto;TV;H238;50,25;4,88
Nord Ovest;Lombardia;MI;H240;138,56;29,5
Nord Est;Friuli- Venezia Giulia;UD;H242;1;1,5
Sud;Campania;NA;H243;55,57;18,8
Nord Est;Friuli- Venezia Giulia;UD;H244;0,33;0
Isole;Sicilia;CL;H245;2;5,5
Nord Ovest;Lombardia;PV;H246;13,67;0
Nord Ovest;Piemonte;CN;H247;19,66;3
Nord Ovest;Piemonte;AT;H250;3;0
Nord Est;Veneto;TV;H253;2;1
Nord Ovest;Lombardia;CO;H255;0;1
Nord Ovest;Lombardia;BS;H256;134,64;10,67
Nord Ovest;Liguria;IM;H257;2;7
Nord Ovest;Liguria;GE;H258;0;6,35
Nord Ovest;Lombardia;CO;H259;0;1
Nord Ovest;Valle d'Aosta;AO;H262;0;3,59
Nord Ovest;Valle d'Aosta;AO;H263;0,5;0
Nord Ovest;Lombardia;MI;H264;508,49;66,68
Sud;Calabria;RC;H265;2;2,75
Nord Ovest;Liguria;SV;H266;1;2
Centro;Lazio;RM;H267;49,4;10
Sud;Campania;CE;H268;1;0
Isole;Sicilia;AG;H269;11,5;10,5
Nord Ovest;Piemonte;TO;H270;1;7
Sud;Calabria;VV;H271;3;3
Nord Ovest;Piemonte;AL;H272;2;0
Sud;Molise;CB;H273;7;1,54
Nord Est;Emilia-Romagna;RN;H274;310,4;35
Nord Ovest;Liguria;SP;H275;15;7,57
Nord Ovest;Lombardia;CR;H276;15,89;0
Sud;Campania;SA;H277;8;3
Nord Est;Veneto;TV;H280;45,37;6,5
Isole;Sicilia;CL;H281;7;7,5
Centro;Lazio;RI;H282;185,09;46,56
Nord Ovest;Piemonte;CN;H285;1;2
Centro;Toscana;FI;H286;44,92;10,41
Sud;Puglia;FG;H287;1,14;1,07
Centro;Lazio;RM;H288;46,5;15
Nord Est;Friuli- Venezia Giulia;UD;H289;3;0
Nord Ovest;Piemonte;VC;H293;0;2
Nord Est;Emilia-Romagna;RN;H294;1157,64;129,84
Nord Est;Emilia-Romagna;RE;H298;53,25;2,5
Centro;Lazio;RM;H300;0;0
Isole;Sardegna;OR;H301;0;0
Nord Est;Emilia-Romagna;RA;H302;44,06;6
Nord Est;Emilia-Romagna;MO;H303;7,5;1
Nord Ovest;Liguria;SP;H304;6;19,75
Sud;Basilicata;PZ;H307;28,17;8,47
Sud;Molise;IS;H308;1;0
Sud;Molise;CB;H311;1;0
Sud;Basilicata;PZ;H312;0;3
Sud;Molise;CB;H313;14,67;4,17
Nord Ovest;Lombardia;CR;H314;6;0
Nord Ovest;Lombardia;CR;H315;35,5;0
Nord Ovest;Lombardia;CR;H316;3;1
Centro;Toscana;PI;H319;8;6
Sud;Abruzzo ;CH;H320;1;2
Centro;Marche;AP;H321;11;4
Centro;Marche;MC;H323;3;2
Centro;Lazio;FR;H324;1;1,5
Isole;Sicilia;CT;H325;82,16;22,85
Nord Ovest;Piemonte;CN;H326;0;4
Nord Est;Veneto;BL;H327;2;4
Nord Ovest;Liguria;IM;H328;42;11,22
Nord Ovest;Piemonte;VC;H329;2,33;3,56
Nord Ovest;Lombardia;BG;H331;31,56;7,95
Nord Ovest;Piemonte;TO;H333;5;4,5
Nord Ovest;Piemonte;AL;H334;5,5;1
Nord Ovest;Piemonte;TO;H335;190,03;32,17
Nord Ovest;Lombardia;PV;H336;42,5;0,5
Nord Ovest;Piemonte;TO;H337;57,17;6
Nord Ovest;Piemonte;TO;H338;7;1
Nord Ovest;Piemonte;TO;H340;134,98;21,5
Nord Ovest;Lombardia;CR;H341;3,5;0
Nord Ovest;Lombardia;MN;H342;8,18;0
Nord Ovest;Piemonte;AL;H343;0;2
Nord Ovest;Piemonte;TO;H344;16;0
Nord Ovest;Piemonte;VC;H346;1;0
Nord Est;Friuli- Venezia Giulia;UD;H347;8,34;2
Sud;Basilicata;PZ;H348;1;2
Nord Est;Emilia-Romagna;PC;H350;55,28;1
Sud;Abruzzo ;AQ;H353;12,83;8,83
Centro;Lazio;RI;H354;8;3
Nord Ovest;Piemonte;TO;H355;418,9;46,42
Nord Est;Veneto;VR;H356;5,1;0,27
Nord Ovest;Lombardia;CR;H357;58,47;5,75
Sud;Calabria;RC;H359;3,5;1
Nord Est;Emilia-Romagna;FE;H360;15,43;1
Nord Est;Veneto;VI;H361;135,11;15,17
Nord Ovest;Piemonte;CN;H362;2;2
Nord Ovest;Piemonte;CN;H363;0;0
Nord Ovest;Piemonte;VC;H364;2;0
Nord Ovest;Piemonte;VC;H365;25;6,33
Nord Ovest;Piemonte;AT;H366;1;1,5
Nord Ovest;Piemonte;TO;H367;20,9;1
Nord Ovest;Lombardia;PV;H369;34,76;4,25
Nord Ovest;Lombardia;MI;H371;25,17;4,17
Nord Ovest;Lombardia;CR;H372;11;2
Nord Ovest;Lombardia;MI;H373;48,92;1
Nord Ovest;Lombardia;PV;H375;0;0
Nord Ovest;Piemonte;AT;H376;0;0
Nord Ovest;Piemonte;CN;H377;14,38;5
Nord Ovest;Piemonte;CN;H378;14,63;6,13
Nord Est;Veneto;BL;H379;21,67;13,99
Isole;Sicilia;ME;H380;2;2
Sud;Campania;AV;H382;1;4
Sud;Calabria;KR;H383;0;2
Nord Est;Emilia-Romagna;PR;H384;18,5;0
Nord Ovest;Piemonte;CN;H385;6;3
Nord Ovest;Piemonte;TO;H386;6,5;2,8
Centro;Lazio;RM;H387;0;1
Sud;Abruzzo ;AQ;H389;3;0
Centro;Marche;AP;H390;16,67;3,67
Nord Ovest;Piemonte;CN;H391;1;0
Nord Ovest;Piemonte;AT;H392;0,75;3
Centro;Lazio;FR;H393;0;1
Sud;Campania;SA;H394;3;3
Nord Ovest;Piemonte;CN;H395;0;1
Nord Ovest;Lombardia;PV;H396;0;0
Sud;Campania;CE;H398;2;1
Sud;Abruzzo ;AQ;H399;3,97;2
Sud;Abruzzo ;AQ;H400;15;4
Centro;Lazio;RM;H401;0,33;1,99
Sud;Abruzzo ;AQ;H402;36,03;19,89
Sud;Calabria;KR;H403;4;0
Centro;Lazio;RM;H404;77,83;20,33
Isole;Sicilia;ME;H405;0;0
Nord Ovest;Piemonte;AL;H406;0;0
Nord Ovest;Piemonte;CN;H407;15;5
Sud;Calabria;RC;H408;0;0
Sud;Puglia;TA;H409;6;1
Nord Ovest;Lombardia;BS;H410;21,14;0
Centro;Lazio;RM;H411;0;0
Sud;Campania;SA;H412;0;2
Centro;Lazio;LT;H413;4;3
Nord Ovest;Piemonte;AL;H414;6,5;0
Sud;Calabria;CS;H416;5,61;3
Centro;Toscana;GR;H417;5;0
Isole;Sicilia;ME;H418;15;10
Sud;Molise;IS;H420;0;1
Centro;Lazio;LT;H421;1;1
Isole;Sicilia;PA;H422;4,67;1
Sud;Campania;CE;H423;2;1
Sud;Abruzzo ;CH;H424;0;0
Sud;Abruzzo ;PE;H425;2;1
Sud;Basilicata;PZ;H426;1;1
Centro;Lazio;RI;H427;0;1
Isole;Sicilia;PA;H428;2,5;4
Sud;Abruzzo ;AQ;H429;3,5;3
Sud;Campania;SA;H431;25,5;7,67
Centro;Lazio;RM;H432;39,54;16,06
Sud;Campania;NA;H433;7;6
Sud;Abruzzo ;AQ;H434;22;20,19
Sud;Campania;CE;H436;2;0
Nord Est;Emilia-Romagna;FO;H437;4,5;0
Sud;Campania;AV;H438;2,17;1,17
Sud;Abruzzo ;CH;H439;5;4
Sud;Abruzzo ;TE;H440;0;0
Centro;Lazio;RM;H441;1;3
Sud;Abruzzo ;CH;H442;1;1
Centro;Lazio;FR;H443;5;4
Centro;Lazio;LT;H444;2;1
Sud;Molise;IS;H445;1;1
Centro;Lazio;RI;H446;1;9,5
Nord Ovest;Piemonte;CN;H447;2;3
Sud;Abruzzo ;CH;H448;4;1
Centro;Toscana;GR;H449;33;26,5
Nord Ovest;Lombardia;PV;H450;2;0
Nord Ovest;Piemonte;AT;H451;0;0
Nord Ovest;Liguria;SV;H452;1;5
Nord Ovest;Piemonte;CN;H453;25,5;2
Sud;Molise;CB;H454;1;2
Isole;Sicilia;ME;H455;0;1
Sud;Calabria;RC;H456;8;2
Sud;Molise;IS;H458;2;2
Sud;Campania;CE;H459;0;0
Nord Ovest;Liguria;IM;H460;0;2
Nord Ovest;Liguria;SP;H461;0,5;1,08
Nord Ovest;Piemonte;CN;H462;1,5;0
Nord Ovest;Piemonte;AL;H465;0;2
Nord Ovest;Piemonte;AT;H466;0;1
Sud;Puglia;FG;H467;3;0
Nord Ovest;Piemonte;AT;H468;4;1
Nord Ovest;Lombardia;MI;H470;56,49;1
Nord Ovest;Piemonte;CN;H472;8,9;1
Nord Ovest;Piemonte;CN;H473;3;4
Nord Ovest;Piemonte;CN;H474;1;0
Nord Ovest;Lombardia;BS;H477;128,19;6,5
Nord Ovest;Lombardia;CO;H478;8,5;0
Isole;Sicilia;ME;H479;1;2
Sud;Puglia;FG;H480;20,79;9,2
Nord Ovest;Lombardia;MN;H481;16,5;1
Nord Ovest;Lombardia;BS;H484;21,82;2,57
Sud;Campania;SA;H485;0;4
Nord Ovest;Lombardia;LC;H486;18,5;4
Sud;Calabria;CS;H488;5;6,2
Sud;Calabria;RC;H489;0;0
Sud;Calabria;CS;H490;4,17;5
Nord Ovest;Lombardia;PV;H491;3,4;0
Nord Ovest;Lombardia;BG;H492;20,92;0,49
Nord Ovest;Lombardia;SO;H493;3,5;0,06
Centro;Lazio;RM;H494;0;3
Sud;Abruzzo ;CH;H495;0;0
Nord Ovest;Valle d'Aosta;AO;H497;1;0
Nord Ovest;Piemonte;TO;H498;17;4
Nord Est;Emilia-Romagna;RE;H500;26,5;5
Centro;Lazio;RM;H501;17887,26;5741,44
Nord Ovest;Piemonte;NO;H502;9,67;1
Sud;Campania;SA;H503;0,06;0
Nord Ovest;Lombardia;PV;H505;3;1
Isole;Sardegna;SS;H507;1;1
Nord Ovest;Lombardia;CR;H508;21;0
Nord Ovest;Lombardia;BG;H509;243,24;11,27
Nord Ovest;Piemonte;TO;H511;32,25;3
Nord Est;Veneto;VI;H512;97,4;2,5
Sud;Calabria;VV;H516;0;1
Nord Ovest;Piemonte;NO;H518;55,87;16
Isole;Sicilia;ME;H519;11,75;4,13
Nord Ovest;Lombardia;CO;H521;13,83;1,66
Nord Est;Veneto;VR;H522;12,67;4
Nord Est;Veneto;TV;H523;138,75;17,66
Nord Ovest;Lombardia;BS;H525;76,5;10
Nord Ovest;Lombardia;PV;H527;13;1
Nord Ovest;Lombardia;MI;H529;82,5;26,5
Nord Est;Friuli- Venezia Giulia;UD;H533;10;1
Centro;Lazio;VT;H534;18,5;10,37
Nord Ovest;Lombardia;BG;H535;4,33;0,83
Nord Ovest;Liguria;GE;H536;13,58;7
Nord Ovest;Lombardia;MI;H537;41,62;3
Nord Ovest;Piemonte;BI;H538;6;3
Nord Ovest;Piemonte;TO;H539;0;3
Nord Est;Veneto;VR;H540;54,83;3
Nord Ovest;Lombardia;MN;H541;45,05;2,5
Nord Est;Emilia-Romagna;FO;H542;17,25;2
Nord Ovest;Lombardia;BG;H544;12;1
Nord Ovest;Liguria;GE;H546;1;0
Nord Ovest;Piemonte;TO;H547;21;1
Nord Ovest;Piemonte;VC;H549;6;1
Nord Ovest;Piemonte;BI;H553;5;1
Nord Ovest;Piemonte;TO;H554;4;0,5
Nord Ovest;Piemonte;TO;H555;7,6;5,18
Nord Est;Veneto;VI;H556;85,5;5
Sud;Calabria;RC;H558;2;1
Nord Ovest;Lombardia;PV;H559;1;1
Nord Ovest;Lombardia;MI;H560;76;4
Nord Ovest;Piemonte;BI;H561;0;0
Sud;Abruzzo ;PE;H562;10;1
Sud;Campania;SA;H564;0;0
Sud;Calabria;CS;H565;4;3
Sud;Abruzzo ;CH;H566;0;0
Sud;Puglia;FG;H568;0;3
Nord Ovest;Piemonte;AL;H569;3;0
Centro;Toscana;LI;H570;310,1;75,8
Sud;Calabria;CS;H572;6;4
Nord Est;Veneto;RO;H573;51,5;3,58
Isole;Sicilia;SR;H574;11,59;6
Centro;Marche;AN;H575;4,51;1,5
Nord Ovest;Piemonte;VC;H577;0;0,8
Nord Ovest;Piemonte;CN;H578;3;0
Nord Est;Veneto;VI;H580;61,5;4
Nord Ovest;Liguria;GE;H581;6;5,5
Nord Ovest;Piemonte;TO;H583;70,78;4,5
Nord Ovest;Lombardia;BG;H584;15,39;5,33
Sud;Calabria;CS;H585;0;1
Centro;Marche;AP;H588;0;0
Sud;Molise;CB;H589;1;1
Sud;Basilicata;PZ;H590;4,15;4,5
Sud;Basilicata;MT;H591;2;7
Sud;Campania;AV;H592;2;2,33
Nord Est;Emilia-Romagna;PC;H593;118,5;9,07
Nord Est;Veneto;VI;H594;8,99;1,57
Nord Ovest;Lombardia;BS;H598;155,26;11
Nord Ovest;Liguria;GE;H599;5,5;3,5
Nord Ovest;Lombardia;CO;H601;85,17;19,45
Nord Ovest;Lombardia;CO;H602;35,64;5
Nord Ovest;Lombardia;MN;H604;63,5;5
Nord Est;Veneto;VR;H606;8;2
Nord Est;Veneto;VR;H608;6;3
Nord Est;Friuli- Venezia Giulia;PN;H609;66,8;11
Nord Est;Veneto;VR;H610;10,5;1
Nord Ovest;Lombardia;PV;H614;2;0
Nord Ovest;Lombardia;BG;H615;37,67;2
Centro;Lazio;RM;H618;1;1
Nord Est;Veneto;RO;H620;477,87;23,04
Sud;Calabria;CS;H621;0;0
Nord Est;Veneto;PD;H622;27,37;1,17
Nord Ovest;Lombardia;MI;H623;433,99;55,17
Nord Est;Veneto;PD;H625;238;4
Nord Ovest;Piemonte;TO;H627;12,35;4
Nord Est;Emilia-Romagna;RE;H628;164,08;7,5
Nord Ovest;Lombardia;BS;H630;46,82;1
Nord Ovest;Piemonte;TO;H631;4,13;0,63
Sud;Puglia;LE;H632;5;3
Nord Ovest;Piemonte;CN;H633;0;0
Centro;Toscana;FI;H635;43,17;6
Nord Ovest;Lombardia;PV;H637;2,33;1
Sud;Basilicata;PZ;H641;1;5
Nord Est;Emilia-Romagna;RA;H642;75,16;4
Sud;Puglia;BA;H643;52,3;16,69
Sud;Campania;SA;H644;0;0
Sud;Puglia;BA;H645;87,28;75,05
Sud;Basilicata;PZ;H646;2;3
Centro;Lazio;LT;H647;75,5;16,66
Nord Ovest;Lombardia;BS;H650;30;2,01
Nord Ovest;Lombardia;MN;H652;12;2
Sud;Campania;SA;H654;0;0
Nord Est;Veneto;PD;H655;22,61;2
Nord Est;Friuli- Venezia Giulia;PN;H657;193,51;41,5
Centro;Lazio;RM;H658;25,7;5,63
Isole;Sardegna;NU;H659;1;0
Isole;Sardegna;NU;H661;0;0
Nord Ovest;Piemonte;BI;H662;10;4
Nord Ovest;Valle d'Aosta;AO;H669;17;11
Nord Ovest;Valle d'Aosta;AO;H670;5;0
Nord Ovest;Valle d'Aosta;AO;H671;2;0
Nord Ovest;Valle d'Aosta;AO;H672;1;1
Nord Ovest;Valle d'Aosta;AO;H673;0;0
Nord Ovest;Valle d'Aosta;AO;H674;27,5;9,5
Nord Ovest;Valle d'Aosta;AO;H675;0;0
Nord Ovest;Valle d'Aosta;AO;H676;41,17;13,75
Nord Ovest;Piemonte;AL;H677;0;0
Nord Est;Emilia-Romagna;BO;H678;145,67;5,5
Nord Ovest;Lombardia;CO;H679;3;6
Nord Ovest;Piemonte;BI;H681;14;2,5
Nord Est;Emilia-Romagna;PR;H682;62,25;7,71
Sud;Campania;SA;H683;11,5;6
Nord Ovest;Piemonte;TO;H684;6,5;3
Sud;Campania;SA;H686;1;2
Sud;Basilicata;MT;H687;2;4,51
Isole;Sicilia;TP;H688;0;3,97
Nord Est;Veneto;RO;H689;2;1
Nord Ovest;Piemonte;VC;H690;1,5;0
Nord Ovest;Piemonte;TO;H691;17,5;0,5
Sud;Molise;CB;H693;2,67;1
Nord Ovest;Piemonte;AL;H694;15;5,5
Nord Ovest;Piemonte;CN;H695;0;1
Nord Ovest;Lombardia;BS;H699;23;3
Isole;Sicilia;TP;H700;10,33;8
Nord Ovest;Lombardia;LO;H701;21,5;0
Nord Ovest;Piemonte;TO;H702;5,67;1
Sud;Campania;SA;H703;485,86;113,45
Nord Ovest;Piemonte;CN;H704;2;1
Nord Est;Veneto;TV;H706;36;7
Nord Ovest;Piemonte;VC;H707;0;0
Sud;Puglia;LE;H708;4;3
Nord Ovest;Piemonte;CN;H710;2,67;5
Nord Est;Veneto;VR;H712;2,43;0
Centro;Lazio;RI;H713;5;4
Nord Est;Veneto;VR;H714;16,33;0
Sud;Abruzzo ;PE;H715;0;1
Nord Ovest;Piemonte;CN;H716;0;0
Nord Ovest;Lombardia;BS;H717;172,67;24,33
Nord Est;Emilia-Romagna;PR;H720;177,52;23,75
Nord Ovest;Lombardia;VA;H723;16;6,5
Nord Est;Emilia-Romagna;RN;H724;29,16;1
Nord Ovest;Piemonte;VC;H725;25;5,5
Nord Ovest;Piemonte;BI;H726;12;3
Nord Ovest;Piemonte;CN;H727;128,43;26,35
Sud;Puglia;LE;H729;8,67;12
Sud;Basilicata;PZ;H730;0;5
Nord Ovest;Lombardia;CR;H731;9,25;1
Sud;Campania;SA;H732;0,5;0,25
Sud;Campania;AV;H733;0;0
Nord Ovest;Piemonte;TO;H734;0;0
Nord Est;Veneto;VE;H735;157,06;6,5
Nord Ovest;Lombardia;VA;H736;125,49;9,63
Isole;Sardegna;CA;H738;0;0
Isole;Sardegna;CA;H739;0;0
Isole;Sicilia;AG;H743;5,27;10,52
Centro;Toscana;PT;H744;3,43;1,5
Centro;Lazio;RM;H745;2;0,5
Nord Ovest;Piemonte;CN;H746;0;0
Sud;Puglia;BA;H749;13,17;8,39
Nord Ovest;Lombardia;SO;H752;6,17;11,84
Nord Ovest;Piemonte;TO;H753;8,33;2
Nord Ovest;Piemonte;CN;H755;19,83;6,18
Isole;Sardegna;OR;H756;0;1
Sud;Puglia;LE;H757;1;1
Nord Ovest;Lombardia;CO;H760;3,33;1
Nord Ovest;Liguria;IM;H763;58,67;27,96
Sud;Campania;BN;H764;4;2
Sud;Calabria;CS;H765;0;0
Isole;Sardegna;CA;H766;0;0
Nord Ovest;Lombardia;CR;H767;4,66;0
Nord Est;Veneto;RO;H768;5,5;2
Centro;Marche;AP;H769;301,84;86,88
Nord Ovest;Piemonte;CN;H770;0,5;1
Nord Ovest;Lombardia;MN;H771;20,33;2
Sud;Abruzzo ;AQ;H772;2,25;1,25
Sud;Abruzzo ;AQ;H773;0;0
Sud;Calabria;CS;H774;1;0
Nord Ovest;Piemonte;TO;H775;74,3;6
Nord Ovest;Piemonte;VB;H777;3,5;2
Isole;Sicilia;AG;H778;3,8;4,11
Centro;Lazio;FR;H779;0;1
Nord Ovest;Liguria;IM;H780;0;5
Nord Est;Veneto;TV;H781;97,26;25,5
Sud;Molise;CB;H782;0,5;0
Nord Est;Veneto;VR;H783;236,66;12,48
Sud;Abruzzo ;CH;H784;2;3
Sud;Calabria;VV;H785;0;0
Nord Ovest;Piemonte;TO;H789;34;5
Centro;Toscana;SI;H790;8,75;5,75
Centro;Toscana;FI;H791;55,23;12,69
Isole;Sicilia;CL;H792;66,31;11,2
Sud;Puglia;LE;H793;34,34;4
Nord Est;Emilia-Romagna;MO;H794;74,74;7,5
Sud;Basilicata;PZ;H795;0;2,4
Sud;Basilicata;PZ;H796;2,22;1,8
Isole;Sicilia;PA;H797;0;0
Sud;Campania;CE;H798;1,5;0
Nord Ovest;Lombardia;PV;H799;3;0
Sud;Campania;SA;H800;20,17;11
Nord Est;Emilia-Romagna;RN;H801;66,91;2
Nord Ovest;Liguria;GE;H802;9,42;6,92
Nord Ovest;Lombardia;MI;H803;60,17;12
Nord Ovest;Piemonte;TO;H804;1;0
Isole;Sicilia;CT;H805;5,83;0
Sud;Calabria;CS;H806;0;0
Sud;Calabria;VV;H807;1;2
Sud;Basilicata;PZ;H808;0;0
Centro;Marche;PS;H809;25,58;0
Nord Ovest;Piemonte;AL;H810;2;0
Nord Ovest;Piemonte;AT;H811;44;5,09
Nord Ovest;Piemonte;CN;H812;0,5;1,98
Nord Ovest;Lombardia;PV;H814;2;2
Nord Ovest;Lombardia;CR;H815;4;0
Nord Est;Friuli- Venezia Giulia;UD;H816;54,21;11,31
Sud;Calabria;CS;H818;0;2
Sud;Abruzzo ;AQ;H819;5,4;2
Nord Ovest;Piemonte;TO;H820;0,5;0
Nord Ovest;Piemonte;BI;H821;17,8;2
Sud;Puglia;BR;H822;11;0
Nord Est;Veneto;VE;H823;472,55;35,5
Centro;Lazio;FR;H824;1;2
Sud;Calabria;CS;H825;1;6
Sud;Puglia;LE;H826;4;2
Nord Ovest;Lombardia;MI;H827;549,18;31
Nord Est;Veneto;VI;H829;52;2,08
Sud;Basilicata;PZ;H831;3;2,83
Sud;Molise;CB;H833;0,05;2,02
Sud;Campania;CE;H834;14,5;5,5
Nord Est;Emilia-Romagna;MO;H835;77,18;6
Centro;Lazio;LT;H836;16,92;13
Nord Ovest;Lombardia;BS;H838;38,2;3,33
Sud;Puglia;FG;H839;38,08;4
Nord Ovest;Lombardia;CO;H840;99,83;15,1
Sud;Calabria;CS;H841;0;0
Isole;Sicilia;ME;H842;12;10
Nord Est;Veneto;TV;H843;53,41;12
Nord Ovest;Lombardia;LO;H844;22,08;1
Sud;Calabria;CZ;H846;0;0
Nord Ovest;Piemonte;TO;H847;33,5;3
Isole;Sardegna;SS;H848;4,5;2,67
Isole;Sicilia;ME;H850;0;7
Nord Ovest;Piemonte;CN;H851;17;3,05
Nord Ovest;Piemonte;CN;H852;14,25;2,25
Nord Ovest;Piemonte;TO;H855;45,22;3,75
Isole;Sardegna;CA;H856;1;0
Centro;Umbria;TR;H857;18,03;1
Nord Ovest;Lombardia;PV;H859;37;3
Sud;Campania;NA;H860;20;1,33
Nord Ovest;Piemonte;VC;H861;6;0
Nord Ovest;Piemonte;TO;H862;12;3
Nord Ovest;Lombardia;BS;H865;26,4;0
Sud;Molise;CB;H867;6;1
Nord Ovest;Lombardia;SO;H868;0;1
Nord Ovest;Lombardia;MN;H870;10;0
Nord Ovest;Lombardia;VA;H872;3;0
Nord Ovest;Piemonte;TO;H873;46;1
Centro;Toscana;SI;H875;27,05;10,5
Centro;Marche;MC;H876;3;3,66
Sud;Calabria;CS;H877;0,5;2
Nord Ovest;Piemonte;AL;H878;6;0
Centro;Lazio;FR;H880;4,11;3
Sud;Calabria;CS;H881;0;1
Sud;Puglia;TA;H882;44,17;9,67
Nord Ovest;Lombardia;MN;H883;119,59;4
Nord Ovest;Lombardia;MI;H884;68,83;3
Nord Ovest;Lombardia;PV;H885;4;1
Nord Est;Emilia-Romagna;PC;H887;34,25;1
Sud;Basilicata;MT;H888;1,5;1
Sud;Calabria;RC;H889;3;2
Nord Ovest;Piemonte;TO;H890;13;6
Nord Est;Friuli- Venezia Giulia;PN;H891;6;0
Sud;Campania;NA;H892;98,3;30,44
Nord Est;Veneto;PD;H893;78,33;2
Sud;Campania;BN;H894;52,89;7,89
Nord Est;Friuli- Venezia Giulia;UD;H895;54,72;9,67
Nord Est;Emilia-Romagna;BO;H896;141,56;10,58
Nord Est;Veneto;PD;H897;25,5;2
Sud;Campania;BN;H898;0;0
Nord Ovest;Piemonte;AT;H899;0;0
Nord Ovest;Piemonte;TO;H900;5;5
Centro;Toscana;AR;H901;79,34;7
Sud;Calabria;RC;H903;0;1
Nord Est;Friuli- Venezia Giulia;UD;H906;72,5;5
Sud;Campania;SA;H907;5;6
Nord Ovest;Lombardia;BG;H910;29,23;8,44
Nord Ovest;Lombardia;MN;H912;3;0
Centro;Lazio;VT;H913;1;4
Isole;Sicilia;AG;H914;7;12,75
Nord Est;Veneto;VR;H916;20,83;5,34
Centro;Lazio;FR;H917;0;0,08
Nord Ovest;Lombardia;CR;H918;14,34;3
Sud;Calabria;CS;H919;18;23,33
Sud;Molise;CB;H920;0;4
Nord Est;Emilia-Romagna;RN;H921;48,75;5
Isole;Sicilia;CT;H922;103,25;9,67
Sud;Abruzzo ;CH;H923;0;0
Nord Est;Veneto;VR;H924;276,4;16,61
Sud;Puglia;FG;H926;62,92;15,43
Sud;Molise;CB;H928;6;3
Sud;Molise;CB;H929;5;0,92
Nord Ovest;Lombardia;MI;H930;423,1;73,53
Sud;Campania;NA;H931;14;11
Isole;Sicilia;PA;H933;5,5;1
Centro;Umbria;PG;H935;50,1;7
Nord Ovest;Piemonte;TO;H936;7;0
Centro;Toscana;FI;H937;3;1,9
Nord Est;Veneto;BL;H938;6,75;2,5
Sud;Campania;CE;H939;2;5
Isole;Sicilia;CT;H940;80;6,5
Sud;Calabria;VV;H941;2;1
Centro;Lazio;RM;H942;0;0
Sud;Campania;SA;H943;6;13
Nord Est;Veneto;VR;H944;26,78;2
Nord Est;Emilia-Romagna;BO;H945;438,17;50,52
Nord Est;Emilia-Romagna;RN;H949;7;1,13
Nord Est;Friuli- Venezia Giulia;UD;H951;2,5;0
Sud;Campania;BN;H953;0;0
Sud;Campania;BN;H955;0;4,5
Nord Ovest;Liguria;IM;H957;8,67;3
Centro;Marche;PS;H958;11;3
Sud;Calabria;RC;H959;1;0
Sud;Calabria;CS;H961;0;0
Sud;Calabria;CS;H962;0;1
Sud;Campania;BN;H967;0;1
Centro;Lazio;VT;H969;3;5,25
Sud;Calabria;RC;H970;0;0
Sud;Calabria;CS;H971;3,33;2,5
Sud;Campania;BN;H973;0;0
Isole;Sardegna;CA;H974;7;2,75
Sud;Campania;AV;H975;6;1
Sud;Calabria;CZ;H976;0;1
Sud;Campania;SA;H977;22,5;6
Sud;Campania;CE;H978;36,17;10
Centro;Marche;AN;H979;11,11;2
Sud;Calabria;CS;H981;1;8
Isole;Sicilia;ME;H982;0;3
Sud;Campania;BN;H984;1;2
Sud;Puglia;FG;H985;28,08;10
Sud;Puglia;FG;H986;1;1
Nord Ovest;Piemonte;AT;H987;2;1
Sud;Molise;CB;H990;3,58;2
Sud;Abruzzo ;CH;H991;1;2
Sud;Calabria;CS;H992;0;0
Sud;Basilicata;PZ;H994;2;0
Nord Est;Veneto;RO;H996;6,63;1
Nord Ovest;Piemonte;TO;H997;4;3
Nord Est;Friuli- Venezia Giulia;PN;H999;4;2
Sud;Campania;BN;I002;1;1,75
Nord Est;Veneto;VR;I003;188,55;14,69
Nord Ovest;Lombardia;MN;I005;3,25;0
Nord Ovest;Lombardia;CR;I007;3,67;0
Nord Est;Veneto;PD;I008;74,83;7,22
Nord Est;Emilia-Romagna;RE;I011;117,33;8,75
Nord Ovest;Lombardia;LO;I012;30,5;0
Nord Ovest;Lombardia;PV;I014;136,32;11,35
Sud;Campania;AV;I016;2,78;8,14
Nord Ovest;Piemonte;AT;I017;2,5;0
Sud;Puglia;TA;I018;1;2
Sud;Campania;SA;I019;14;5,03
Sud;Molise;CB;I023;15,02;0
Nord Ovest;Piemonte;TO;I024;85,13;1
Nord Ovest;Piemonte;NO;I025;14,63;2,5
Sud;Calabria;KR;I026;0;0
Nord Est;Emilia-Romagna;FO;I027;103,27;5,08
Isole;Sicilia;PA;I028;0;2,91
Sud;Basilicata;MT;I029;0;5
Nord Ovest;Piemonte;TO;I030;194,01;31,66
Sud;Campania;SA;I031;4;8
Sud;Campania;SA;I032;0;0
Sud;Campania;AV;I034;3;0
Isole;Sicilia;CT;I035;6,5;1
Nord Ovest;Piemonte;CN;I037;5;3
Nord Est;Veneto;VE;I040;230;20,59
Sud;Puglia;BR;I045;11,67;3
Centro;Toscana;PI;I046;126,27;28,33
Nord Est;Veneto;VI;I047;6,5;0
Nord Ovest;Lombardia;PV;I048;21,08;1
Sud;Campania;BN;I049;0;2
Nord Ovest;Lombardia;CO;I051;0;1
Nord Ovest;Piemonte;NO;I052;0;0
Sud;Puglia;BA;I053;19,75;6
Sud;Puglia;FG;I054;30,25;10,75
Sud;Campania;CE;I056;136,58;11,33
Sud;Calabria;KR;I057;0,66;0
Sud;Calabria;VV;I058;0;0
Sud;Puglia;LE;I059;12,06;4
Sud;Calabria;CS;I060;6,5;5,5
Sud;Campania;AV;I061;0;1
Sud;Campania;BN;I062;7;2
Nord Est;Veneto;BL;I063;2,5;0
Sud;Puglia;BR;I066;8;0
Centro;Marche;AN;I071;1,8;0,8
Sud;Puglia;FG;I072;10;4
Sud;Campania;NA;I073;10;1
Nord Ovest;Piemonte;AT;I076;8;1
Nord Ovest;Lombardia;BG;I079;38,3;3,96
Isole;Sicilia;ME;I084;1;6,22
Isole;Sicilia;ME;I086;0;1,5
Nord Est;Veneto;BL;I088;4,33;3,67
Sud;Campania;SA;I089;1;0
Nord Ovest;Piemonte;TO;I090;11;0
Nord Est;Friuli- Venezia Giulia;UD;I092;6;0
Sud;Calabria;CZ;I093;0;2
Sud;Calabria;CZ;I095;1;4
Sud;Molise;IS;I096;0;0
Isole;Sicilia;CT;I098;62,67;2
Sud;Calabria;RC;I102;0;0
Nord Est;Veneto;TV;I103;30;5,83
Nord Est;Veneto;VR;I105;15,17;2
Nord Est;Veneto;PD;I107;9,11;1
Sud;Calabria;CS;I108;0;0
Nord Est;Veneto;VR;I109;92,24;10
Nord Est;Emilia-Romagna;BO;I110;150,82;10,5
Sud;Campania;CE;I113;0;0
Sud;Calabria;CS;I114;1;1
Sud;Puglia;LE;I115;3;1
Nord Ovest;Piemonte;NO;I116;10;1
Nord Est;Veneto;VI;I117;2,5;0,44
Isole;Sardegna;CA;I118;1;0
Sud;Puglia;BR;I119;20,02;1
Nord Est;Veneto;PD;I120;18,99;10
Sud;Abruzzo ;AQ;I121;0;0
Sud;Molise;CB;I122;0;0
Nord Est;Emilia-Romagna;RE;I123;55,59;3
Nord Est;Veneto;TV;I124;30,32;5,96
Centro;Lazio;RM;I125;4;3,5
Nord Ovest;Piemonte;TO;I126;2,5;0
Nord Est;Emilia-Romagna;MO;I128;17;3
Sud;Campania;AV;I129;3;1,17
Sud;Campania;CE;I130;0;1
Sud;Campania;CE;I131;56,5;20,33
Sud;Calabria;RC;I132;0;0
Nord Est;Emilia-Romagna;MO;I133;74,84;19
Centro;Toscana;SI;I135;13,78;3
Nord Est;Friuli- Venezia Giulia;PN;I136;19,11;3
Nord Ovest;Piemonte;TO;I137;27,5;5
Nord Ovest;Liguria;IM;I138;361,04;170,4
Sud;Calabria;RC;I139;0;0
Nord Ovest;Lombardia;LO;I140;22;1,5
Centro;Toscana;LU;I142;0;3
Sud;Campania;SA;I143;3;1
Nord Ovest;Piemonte;AL;I144;9,44;3,5
Sud;Campania;BN;I145;6;1
Isole;Sicilia;ME;I147;4;1
Sud;Abruzzo ;CH;I148;149,04;27,19
Nord Ovest;Piemonte;AL;I150;4;5
Sud;Campania;NA;I151;19,28;11,52
Nord Ovest;Piemonte;TO;I152;8;4
Nord Est;Emilia-Romagna;PR;I153;38,88;0
Nord Ovest;Piemonte;TO;I154;33,34;7
Centro;Toscana;AR;I155;56,42;17,34
Centro;Marche;MC;I156;52,5;22,33
Sud;Basilicata;PZ;I157;1;1
Sud;Puglia;FG;I158;174,59;33,74
Nord Ovest;Lombardia;CO;I162;11;10
Sud;Campania;AV;I163;0;5,08
Sud;Calabria;CZ;I164;1;2
Sud;Calabria;CS;I165;0;2
Isole;Sardegna;CA;I166;22;3
Nord Ovest;Lombardia;BG;I168;4,17;3
Isole;Sicilia;CL;I169;6;1,67
Sud;Calabria;CZ;I170;1;4
Sud;Calabria;CS;I171;0;0,5
Sud;Puglia;LE;I172;6,33;1
Isole;Sicilia;PA;I174;0;2
Nord Ovest;Lombardia;PV;I175;11,17;0
Sud;Calabria;RC;I176;0;1
Centro;Toscana;PI;I177;81,9;10
Isole;Sicilia;RG;I178;51,5;3,75
Sud;Campania;BN;I179;0,8;0
Sud;Molise;CB;I181;4;0
Isole;Sardegna;CA;I182;0;4,88
Sud;Calabria;CS;I183;0;1
Isole;Sicilia;ME;I184;0;1
Isole;Sicilia;AG;I185;1;0
Centro;Toscana;GR;I187;22,22;3
Isole;Sicilia;PA;I188;16;7
Sud;Molise;IS;I189;0;0,05
Nord Ovest;Piemonte;AL;I190;2;3
Nord Est;Emilia-Romagna;BO;I191;75,89;10
Sud;Calabria;CS;I192;0;1
Sud;Puglia;FG;I193;9;5
Nord Est;Emilia-Romagna;RA;I196;19,5;2
Sud;Campania;BN;I197;4;6,58
Sud;Calabria;RC;I198;0;0
Isole;Sicilia;ME;I199;27;16,25
Nord Est;Emilia-Romagna;RN;I201;2;2
Isole;Sicilia;CT;I202;43;5
Nord Ovest;Lombardia;PV;I203;12,5;2
Isole;Sardegna;OR;I205;6,5;0
Nord Est;Veneto;BL;I206;34,78;14
Nord Est;Veneto;PD;I207;26;1
Sud;Campania;NA;I208;23,9;8
Nord Ovest;Piemonte;CN;I210;10;0
Nord Ovest;Lombardia;PV;I213;5;0
Sud;Calabria;RC;I214;0;0
Isole;Sicilia;ME;I215;4,5;2
Isole;Sicilia;CT;I216;3;2
Centro;Toscana;PI;I217;5,5;2
Sud;Campania;AV;I219;3,8;1,8
Isole;Sicilia;ME;I220;3,17;14,29
Nord Est;Veneto;TV;I221;100,27;13
Isole;Sicilia;AG;I224;12,77;6
Nord Ovest;Liguria;GE;I225;117,67;43,9
Nord Ovest;Lombardia;PV;I230;5;5
Centro;Toscana;PI;I232;122,5;24
Sud;Campania;CE;I233;53,33;8,31
Sud;Campania;CE;I234;202,97;33,19
Nord Ovest;Lombardia;PV;I236;41,34;2
Nord Ovest;Lombardia;PV;I237;3,33;0,5
Sud;Molise;IS;I238;1;3,67
Isole;Sicilia;CT;I240;8;15
Nord Est;Veneto;VE;I242;144,37;22
Nord Ovest;Lombardia;LC;I243;8;1
Sud;Abruzzo ;CH;I244;6;0
Sud;Campania;CE;I247;0;3
Nord Est;Friuli- Venezia Giulia;UD;I248;11,75;2
Nord Ovest;Piemonte;VB;I249;34,5;5,1
Centro;Marche;AN;I251;7,3;2,83
Sud;Campania;SA;I253;5;5
Isole;Sicilia;ME;I254;7;3
Centro;Lazio;RM;I255;194,76;51,94
Centro;Lazio;FR;I256;0;1
Nord Ovest;Piemonte;TO;I258;35;7,5
Nord Est;Veneto;VR;I259;137,48;13
Sud;Campania;SA;I260;0;1
Sud;Campania;CE;I261;42,5;7
Sud;Campania;NA;I262;42,69;18,01
Centro;Umbria;PG;I263;0;0
Sud;Campania;AV;I264;2;3
Centro;Lazio;FR;I265;0;1
Sud;Calabria;CZ;I266;0;5,48
Isole;Sardegna;CA;I271;0,8;1
Sud;Campania;CE;I273;1;1,5
Nord Ovest;Lombardia;LO;I274;98,9;7
Nord Est;Veneto;PD;I275;51,47;1,5
Nord Ovest;Lombardia;PV;I276;3;0
Sud;Campania;BN;I277;3,83;2
Sud;Campania;SA;I278;0;2
Sud;Campania;AV;I279;0;0
Sud;Campania;AV;I280;0;1,25
Sud;Campania;AV;I281;8,25;3,07
Sud;Molise;IS;I282;1;0
Isole;Sicilia;ME;I283;1,5;5,5
Centro;Lazio;RM;I284;15;11
Centro;Marche;MC;I286;2;0
Centro;Marche;PS;I287;8;2
Sud;Basilicata;PZ;I288;0;1
Sud;Molise;CB;I289;0;0
Isole;Sicilia;AG;I290;0;0
Isole;Sicilia;TP;I291;7;2
Nord Est;Veneto;VR;I292;8,5;7,07
Sud;Campania;NA;I293;49,67;13,97
Isole;Sardegna;CA;I294;12,75;4
Nord Ovest;Piemonte;TO;I296;33;4,5
Isole;Sardegna;OR;I298;0;0
Sud;Campania;NA;I300;7,92;5,25
Sud;Campania;AV;I301;2;1
Centro;Lazio;FR;I302;0;0
Nord Est;Emilia-Romagna;RN;I304;136,55;18,67
Sud;Basilicata;PZ;I305;5;10
Sud;Campania;CE;I306;56,17;8
Sud;Campania;SA;I307;4;1
Sud;Calabria;KR;I308;0,24;1,33
Sud;Calabria;CS;I309;0;1
Nord Est;Emilia-Romagna;FO;I310;22,17;1
Isole;Sicilia;ME;I311;16,41;9,33
Isole;Sardegna;SS;I312;48,96;9
Isole;Sicilia;CT;I314;17;4,83
Centro;Marche;AP;I315;1;0
Nord Ovest;Piemonte;CN;I316;24;1
Sud;Campania;SA;I317;6,99;5
Sud;Abruzzo ;TE;I318;27,07;8,33
Nord Est;Veneto;PD;I319;19;0
Sud;Molise;CB;I320;3;0
Centro;Lazio;FR;I321;4;8
Sud;Calabria;CZ;I322;1;3
Centro;Marche;AP;I324;45,43;14,22
Sud;Abruzzo ;AQ;I326;5,5;4,5
Nord Ovest;Piemonte;TO;I327;111,42;8,83
Isole;Sicilia;ME;I328;2;3,5
Isole;Sardegna;NU;I329;55,5;11,97
Sud;Puglia;BA;I330;85,25;42,86
Sud;Abruzzo ;PE;I332;2;0
Sud;Calabria;RC;I333;6;2
Sud;Abruzzo ;CH;I335;3;0
Sud;Abruzzo ;AQ;I336;1,5;1
Nord Ovest;Piemonte;VC;I337;70;1,08
Centro;Lazio;LT;I339;5,25;3,34
Sud;Calabria;RC;I341;0;0
Nord Est;Emilia-Romagna;RE;I342;116,14;7,05
Centro;Marche;PS;I344;3,34;0
Nord Ovest;Liguria;GE;I346;23;10,7
Nord Est;Veneto;BL;I347;5,5;10
Sud;Abruzzo ;TE;I348;5;0
Sud;Calabria;VV;I350;1;2,88
Centro;Lazio;FR;I351;0;1
Centro;Lazio;RM;I352;4,5;8,5
Nord Est;Veneto;VI;I353;35;3,2
Isole;Sicilia;AG;I356;3;5
Sud;Campania;AV;I357;1;2,89
Sud;Calabria;CS;I359;0;0
Sud;Abruzzo ;AQ;I360;0;2
Nord Ovest;Lombardia;MI;I361;46,51;5,17
Nord Ovest;Lombardia;LO;I362;10;0
Nord Ovest;Liguria;SP;I363;94,25;25,42
Centro;Lazio;FR;I364;0;2
Nord Ovest;Liguria;IM;I365;35,5;10,07
Nord Ovest;Piemonte;CN;I367;11,66;3,33
Nord Ovest;Liguria;GE;I368;9;2,17
Isole;Sicilia;ME;I370;2;9,7
Sud;Calabria;RC;I371;1;1
Nord Ovest;Piemonte;CN;I372;3,5;1
Nord Est;Veneto;VE;I373;102,5;8
Isole;Sardegna;OR;I374;2;1
Nord Est;Veneto;PD;I375;3,84;0
Sud;Abruzzo ;PE;I376;1;1
Sud;Campania;SA;I377;7,5;5,61
Centro;Umbria;TR;I381;2,83;3
Nord Est;Veneto;TV;I382;145,94;18,1
Isole;Sardegna;OR;I384;3;0
Sud;Calabria;CS;I388;4;1
Sud;Abruzzo ;AQ;I389;4;3
Centro;Toscana;LI;I390;92,78;13,42
Sud;Campania;NA;I391;57,83;8
Nord Est;Veneto;BL;I392;41,93;11,49
Sud;Calabria;CZ;I393;0;0
Sud;Abruzzo ;CH;I394;30,5;9,33
Sud;Puglia;BR;I396;29,5;12,33
Centro;Lazio;RM;I400;4,5;6,88
Nord Est;Veneto;VI;I401;35,5;0,67
Isole;Sardegna;CA;I402;2;0
Nord Est;Friuli- Venezia Giulia;PN;I403;118,67;14,67
Nord Est;Friuli- Venezia Giulia;UD;I405;9;4
Isole;Sicilia;TP;I407;33,04;5
Centro;Lazio;FR;I408;0;0,78
Nord Ovest;Lombardia;MI;I409;69;5,5
Sud;Campania;SA;I410;1;4,5
Nord Ovest;Lombardia;BS;I412;42,17;1,3
Nord Est;Veneto;VR;I414;40;16,66
Nord Ovest;Lombardia;MI;I415;55,4;1
Nord Ovest;Lombardia;PV;I416;0;1
Nord Est;Veneto;TV;I417;40,65;6,67
Nord Est;Veneto;PD;I418;101,23;1,53
Isole;Sicilia;ME;I420;4,5;4
Nord Est;Friuli- Venezia Giulia;UD;I421;51,87;8,5
Sud;Campania;SA;I422;13,17;6,33
Sud;Calabria;CS;I423;1;5
Centro;Lazio;RM;I424;0;1
Nord Est;Veneto;VI;I425;24;6
Sud;Basilicata;PZ;I426;2;1
Isole;Sardegna;CA;I428;0,25;2
Nord Ovest;Piemonte;AL;I429;0;0
Nord Est;Veneto;VI;I430;57,16;1
Nord Ovest;Piemonte;AL;I432;2;0
Nord Ovest;Lombardia;BS;I433;100,59;8,51
Nord Est;Emilia-Romagna;PC;I434;12,5;0
Nord Est;Veneto;TV;I435;6,33;1,83
Centro;Marche;MC;I436;11,91;2,02
Nord Ovest;Lombardia;BG;I437;99,79;13,57
Sud;Campania;SA;I438;37,63;20,33
Nord Ovest;Lombardia;VA;I441;448,96;64,85
Nord Ovest;Valle d'Aosta;AO;I442;33,4;7
Isole;Sardegna;CA;I443;0;3
Nord Est;Emilia-Romagna;FO;I444;2,5;2,5
Centro;Toscana;SI;I445;25,26;10,23
Nord Ovest;Lombardia;PV;I447;6,67;1
Isole;Sardegna;NU;I448;2;1
Nord Ovest;Liguria;SP;I449;120,57;43,62
Sud;Campania;SA;I451;0;0
Isole;Sardegna;SS;I452;614,06;115,47
Nord Ovest;Liguria;SV;I453;8;4
Centro;Toscana;LI;I454;2;7,33
Sud;Campania;BN;I455;0;3
Sud;Basilicata;PZ;I457;1;1,67
Centro;Marche;PS;I459;7;2
Centro;Marche;PS;I460;6,75;0
Centro;Marche;AN;I461;16,94;2,17
Nord Est;Emilia-Romagna;MO;I462;425;62,97
Sud;Calabria;CZ;I463;1;3
Nord Est;Friuli- Venezia Giulia;UD;I464;1;3,5
Nord Ovest;Piemonte;TO;I465;23;5,17
Nord Ovest;Piemonte;TO;I466;98,76;10
Sud;Puglia;TA;I467;11;4
Sud;Calabria;KR;I468;2;1
Sud;Campania;NA;I469;30;5
Nord Ovest;Piemonte;CN;I470;202,68;55,33
Sud;Campania;AV;I471;0;0
Nord Est;Emilia-Romagna;FO;I472;178,67;16,83
Nord Est;Emilia-Romagna;MO;I473;83,21;11,5
Nord Ovest;Liguria;GE;I475;8,5;12,88
Nord Ovest;Lombardia;BS;I476;5,58;2
Isole;Sicilia;ME;I477;2,5;2
Nord Est;Friuli- Venezia Giulia;UD;I478;1;2
Nord Ovest;Liguria;SV;I480;456,64;130,17
Sud;Abruzzo ;PE;I482;9;2
Sud;Campania;SA;I483;120,48;22,34
Nord Ovest;Piemonte;CN;I484;0;0
Sud;Calabria;CS;I485;0;0
Sud;Campania;SA;I486;1;5
Nord Ovest;Lombardia;PV;I487;6;0
Sud;Calabria;CS;I489;18,22;45,83
Nord Ovest;Piemonte;TO;I490;22,5;1
Isole;Sicilia;ME;I492;0;3,8
Sud;Campania;AV;I493;0;1,33
Sud;Calabria;KR;I494;0;0
Nord Est;Emilia-Romagna;RE;I496;243,1;18,19
Nord Ovest;Lombardia;CR;I497;2;0
Nord Ovest;Lombardia;CR;I498;2;0
Centro;Lazio;RI;I499;12;14
Sud;Abruzzo ;AQ;I501;5;3
Isole;Sardegna;OR;I503;0;0
Centro;Toscana;GR;I504;17,08;9,33
Nord Ovest;Lombardia;BG;I506;156,85;8,5
Sud;Molise;IS;I507;1;2
Centro;Toscana;GR;I510;37,5;6,8
Nord Ovest;Piemonte;TO;I511;5;0
Nord Ovest;Piemonte;CN;I512;13,5;2,14
Sud;Abruzzo ;CH;I520;5;2,67
Centro;Umbria;PG;I522;1,26;3
Centro;Umbria;PG;I523;1,17;1,83
Sud;Abruzzo ;CH;I526;2;4,5
Nord Est;Veneto;VI;I527;13;1
Nord Ovest;Lombardia;CO;I529;5,5;3
Nord Ovest;Lombardia;BG;I530;9,83;1,89
Nord Est;Veneto;VI;I531;335,63;26,95
Nord Ovest;Lombardia;MN;I532;2;0
Isole;Sicilia;AG;I533;21,66;37,31
Isole;Sicilia;PA;I534;1;0,67
Isole;Sicilia;RG;I535;41,72;15,17
Sud;Calabria;RC;I536;0;0
Sud;Calabria;RC;I537;6;1
Isole;Sicilia;PA;I538;0;0
Nord Ovest;Piemonte;TO;I539;14,1;2,6
Sud;Campania;NA;I540;9,1;6,5
Isole;Sicilia;PA;I541;0;2
Sud;Abruzzo ;AQ;I543;0;0
Nord Ovest;Piemonte;VC;I544;1;2
Nord Ovest;Piemonte;VC;I545;16;4
Sud;Abruzzo ;AQ;I546;16,5;2
Isole;Sicilia;CT;I548;23,83;9,33
Sud;Puglia;LE;I549;12;3
Nord Est;Veneto;VE;I551;213,11;10,75
Sud;Abruzzo ;AQ;I553;5;1
Nord Ovest;Piemonte;AT;I555;1;3
Nord Ovest;Liguria;IM;I556;1;2,25
Sud;Abruzzo ;AQ;I558;0;1,5
Sud;Puglia;LE;I559;0;1
Nord Ovest;Lombardia;LO;I561;32,22;0,22
Nord Est;Friuli- Venezia Giulia;UD;I562;13;0
Nord Est;Veneto;BL;I563;96,67;15,25
Isole;Sardegna;OR;I564;1;0
Isole;Sardegna;SS;I565;1;1
Nord Ovest;Lombardia;MI;I566;138,29;14,02
Nord Ovest;Lombardia;BG;I567;13,22;0,67
Centro;Marche;MC;I569;0;3
Isole;Sardegna;CA;I570;0;0
Centro;Toscana;GR;I571;6,5;5
Centro;Lazio;RM;I573;22;11,19
Nord Ovest;Lombardia;MI;I577;1169,84;205
Nord Est;Veneto;TV;I578;3,67;1
Isole;Sardegna;CA;I580;193,08;45,83
Centro;Lazio;RI;I581;2;2
Isole;Sardegna;CA;I582;0;0
Centro;Umbria;PG;I585;0;3
Nord Ovest;Lombardia;BS;I588;2,86;1
Sud;Calabria;CZ;I589;0;1
Sud;Calabria;CZ;I590;0;7
Nord Est;Veneto;BL;I592;14,25;4,71
Nord Est;Veneto;VR;I594;2;8
Nord Est;Veneto;PD;I595;336,46;7
Nord Ovest;Lombardia;BG;I597;33,2;2
Isole;Sardegna;SS;I598;0;0
Nord Ovest;Lombardia;PV;I599;2;0
Sud;Calabria;RC;I600;1;0
Centro;Toscana;GR;I601;7;8
Nord Ovest;Lombardia;MI;I602;186,5;27,61
Isole;Sardegna;OR;I605;0;2
Sud;Campania;AV;I606;0;0
Nord Ovest;Lombardia;BS;I607;4,5;0
Centro;Marche;AN;I608;358,92;60,49
Isole;Sardegna;OR;I609;0;0
Sud;Basilicata;PZ;I610;4,5;9,33
Nord Ovest;Lombardia;CO;I611;26,36;5,5
Nord Ovest;Lombardia;LO;I612;8;1
Isole;Sardegna;OR;I613;0;0
Isole;Sardegna;SS;I614;12,51;1,67
Isole;Sardegna;CA;I615;6;4
Sud;Molise;CB;I618;1;1
Nord Est;Friuli- Venezia Giulia;PN;I621;8,89;4
Centro;Toscana;LU;I622;28,83;8,5
Isole;Sardegna;CA;I624;3;0
Nord Ovest;Lombardia;MI;I625;552,46;82,39
Nord Est;Veneto;BL;I626;6,18;5,33
Nord Ovest;Lombardia;CR;I627;29,3;1
Nord Ovest;Lombardia;BG;I628;313,66;12,12
Nord Ovest;Lombardia;BG;I629;20,5;2,98
Sud;Campania;AV;I630;9;4,5
Nord Ovest;Lombardia;BS;I631;8;3
Nord Ovest;Lombardia;MN;I632;33,59;4
Nord Ovest;Lombardia;BS;I633;253,76;39,67
Centro;Lazio;LT;I634;45;9
Nord Est;Veneto;TV;I635;30;6
Nord Ovest;Lombardia;SO;I636;1;0
Nord Ovest;Piemonte;AT;I637;0;0
Sud;Calabria;VV;I639;1;6
Nord Ovest;Liguria;GE;I640;24,5;27
Sud;Puglia;FG;I641;5,17;3,8
Sud;Calabria;CS;I642;0;0
Centro;Marche;AN;I643;19;0,67
Isole;Sicilia;CL;I644;9;7
Nord Ovest;Piemonte;AL;I645;2;0
Nord Ovest;Piemonte;CN;I646;2;4
Isole;Sardegna;CA;I647;4;5
Sud;Campania;SA;I648;0;1,5
Sud;Abruzzo ;PE;I649;0;0
Centro;Marche;MC;I651;1;0
Sud;Campania;NA;I652;0;3
Centro;Marche;AN;I653;2;0
Centro;Marche;PS;I654;0,63;1,83
Sud;Calabria;CZ;I655;0;1
Sud;Calabria;RC;I656;0;0
Nord Ovest;Piemonte;AL;I657;23,5;4
Nord Ovest;Piemonte;CN;I659;0;1
Centro;Toscana;PT;I660;55,41;4
Centro;Marche;MC;I661;8,5;1
Nord Ovest;Lombardia;MN;I662;5;1
Nord Ovest;Piemonte;VC;I663;20,34;2
Sud;Campania;SA;I666;3;6
Isole;Sardegna;CA;I667;0;0
Isole;Sardegna;NU;I668;0;0
Centro;Lazio;FR;I669;0;1
Sud;Calabria;CZ;I671;1;5
Nord Est;Veneto;BL;I673;5;4,5
Sud;Campania;CE;I676;110,89;32,06
Sud;Campania;SA;I677;0;2
Nord Ovest;Piemonte;AT;I678;3;0
Sud;Molise;IS;I679;0;2
Centro;Toscana;AR;I681;2;1
Sud;Molise;IS;I682;0;1
Nord Ovest;Lombardia;CR;I683;17;0
Centro;Toscana;FI;I684;362,34;85,19
Nord Est;Friuli- Venezia Giulia;PN;I686;25,5;2
Nord Ovest;Lombardia;VA;I688;118,5;11,42
Nord Est;Emilia-Romagna;MO;I689;39,33;11,16
Nord Ovest;Lombardia;MI;I690;505,15;99,55
Nord Ovest;Piemonte;TO;I692;86,56;9
Nord Ovest;Liguria;GE;I693;132,66;57,83
Isole;Sardegna;CA;I695;65,5;14,5
Nord Ovest;Lombardia;MI;I696;89,83;4
Centro;Lazio;FR;I697;1;1
Nord Ovest;Piemonte;AT;I698;0;0
Isole;Sardegna;CA;I699;18,5;4,5
Nord Ovest;Lombardia;MI;I700;258,66;28,5
Nord Ovest;Piemonte;TO;I701;1;0
Nord Ovest;Piemonte;TO;I702;6;2
Nord Ovest;Piemonte;TO;I703;342,04;18,45
Sud;Calabria;CZ;I704;0;2
Isole;Sardegna;CA;I705;0;0
Isole;Sardegna;NU;I706;2;2
Isole;Sardegna;NU;I707;0;0
Nord Ovest;Lombardia;MI;I709;213,76;35,47
Nord Ovest;Piemonte;AL;I711;3;2
Centro;Lazio;LT;I712;11,16;13,02
Centro;Lazio;FR;I716;1;10
Isole;Sardegna;OR;I717;1;0
Isole;Sardegna;OR;I718;0;0
Sud;Campania;SA;I720;9;9
Isole;Sardegna;OR;I721;0;1
Isole;Sicilia;AG;I723;8;6
Isole;Sardegna;CA;I724;0;0,17
Sud;Calabria;RC;I725;13;4
Centro;Toscana;SI;I726;282,5;52,26
Centro;Umbria;PG;I727;8;1
Centro;Toscana;FI;I728;133,99;18,51
Isole;Sardegna;NU;I730;0;1
Isole;Sardegna;SS;I732;1;1
Isole;Sardegna;CA;I734;2;0
Isole;Sardegna;CA;I735;0;0
Nord Ovest;Piemonte;NO;I736;2;0
Nord Ovest;Piemonte;AL;I738;12;4
Nord Ovest;Lombardia;PV;I739;0;0
Sud;Abruzzo ;TE;I741;95,47;23,34
Isole;Sardegna;OR;I742;0;0
Isole;Sardegna;OR;I743;0;0
Sud;Calabria;VV;I744;0;0
Sud;Calabria;CZ;I745;0;4
Isole;Sicilia;ME;I747;0;6
Isole;Sardegna;NU;I748;1,5;0
Isole;Sardegna;OR;I749;0;0
Nord Ovest;Piemonte;CN;I750;1;0
Isole;Sardegna;NU;I751;11;6
Isole;Sardegna;CA;I752;47,75;10,5
Sud;Calabria;RC;I753;0;0
Isole;Sicilia;SR;I754;351,79;46,06
Sud;Campania;AV;I756;22,5;1
Isole;Sardegna;OR;I757;0;0
Centro;Marche;AN;I758;25,56;7,5
Nord Ovest;Lombardia;LC;I759;8;0,04
Nord Ovest;Lombardia;LC;I761;19;1,28
Isole;Sardegna;CA;I765;1;0
Nord Ovest;Piemonte;NO;I767;5,5;1,27
Centro;Marche;AP;I774;0;0
Nord Est;Veneto;VR;I775;75,76;11,6
Nord Est;Friuli- Venezia Giulia;UD;I777;1;0
Isole;Sardegna;OR;I778;0;0
Nord Est;Emilia-Romagna;FO;I779;19,98;3
Sud;Puglia;LE;I780;0,5;0
Nord Ovest;Piemonte;AT;I781;2;0
Nord Ovest;Lombardia;BS;I782;36,29;1
Nord Est;Veneto;VI;I783;6;1
Isole;Sicilia;SR;I785;8,67;2
Nord Ovest;Lombardia;MI;I786;112,54;18
Nord Est;Emilia-Romagna;RA;I787;26,17;3
Nord Ovest;Lombardia;CR;I790;4,5;0
Isole;Sardegna;OR;I791;0;0
Nord Ovest;Lombardia;CO;I792;23,5;0
Nord Ovest;Lombardia;VA;I793;40;9
Nord Ovest;Lombardia;VA;I794;42,2;4,5
Nord Ovest;Liguria;IM;I796;2;1
Isole;Sardegna;CA;I797;4;0,5
Nord Ovest;Piemonte;AL;I798;9;3,2
Nord Est;Veneto;PD;I799;37,72;1,5
Sud;Puglia;LE;I800;8;1
Nord Ovest;Lombardia;MN;I801;17;1
Nord Est;Emilia-Romagna;MO;I802;145,35;3
Nord Est;Emilia-Romagna;PR;I803;12,25;2
Sud;Abruzzo ;AQ;I804;108,66;21,4
Sud;Campania;AV;I805;24,33;6
Nord Ovest;Piemonte;AL;I808;1;0
Sud;Campania;BN;I809;1;3,22
Nord Ovest;Lombardia;BG;I812;20,5;1
Nord Ovest;Lombardia;BG;I813;25,75;1
Nord Ovest;Lombardia;LO;I815;33;1
Nord Ovest;Piemonte;CN;I817;4;1
Nord Ovest;Lombardia;VA;I819;166,56;14,33
Sud;Campania;NA;I820;34;13,89
Nord Est;Veneto;VR;I821;95,91;8
Nord Ovest;Piemonte;CN;I822;40,5;6,5
Nord Ovest;Piemonte;CN;I823;13,02;4
Isole;Sicilia;CL;I824;8,5;5,49
Nord Ovest;Lombardia;PV;I825;3;0
Nord Est;Veneto;VR;I826;115,83;16
Nord Ovest;Lombardia;CR;I827;48,38;0
Nord Ovest;Lombardia;SO;I828;26,43;20
Nord Ovest;Lombardia;SO;I829;187,46;71,69
Nord Ovest;Lombardia;BG;I830;13;2
Nord Ovest;Lombardia;BS;I831;4;2
Centro;Lazio;LT;I832;1,19;5,11
Nord Ovest;Piemonte;BI;I835;1;0
Centro;Lazio;FR;I838;57,08;12
Nord Est;Emilia-Romagna;PR;I840;35,42;3
Centro;Toscana;GR;I841;4,88;7,65
Sud;Campania;AV;I843;1;0
Sud;Calabria;CZ;I844;0;3,44
Nord Est;Emilia-Romagna;PR;I845;93,86;4
Nord Ovest;Piemonte;BI;I847;5;1
Nord Ovest;Lombardia;LO;I848;36,5;0
Nord Ovest;Lombardia;CR;I849;65,17;3
Nord Est;Veneto;VR;I850;12;4,2
Isole;Sardegna;NU;I851;0;1
Nord Ovest;Liguria;GE;I852;34;5,67
Sud;Calabria;VV;I853;0;0
Sud;Calabria;VV;I854;0;1,5
Centro;Lazio;VT;I855;17,41;17,88
Nord Ovest;Lombardia;CO;I856;5;3
Nord Ovest;Piemonte;NO;I857;0;0
Nord Ovest;Lombardia;BG;I858;80,46;6
Nord Ovest;Lombardia;CO;I860;3,5;4
Isole;Sardegna;OR;I861;1;0
Sud;Campania;NA;I862;34,9;16,74
Isole;Sardegna;SS;I863;5;10,49
Isole;Sicilia;SR;I864;20,78;5,18
Nord Ovest;Lombardia;CR;I865;16,25;1
Nord Est;Veneto;BL;I866;13,11;3
Nord Est;Veneto;VI;I867;23;1
Nord Ovest;Piemonte;BI;I868;6;2
Nord Ovest;Lombardia;BG;I869;47,48;3
Sud;Calabria;CZ;I872;13;14
Nord Ovest;Lombardia;BG;I873;148,33;4,5
Sud;Calabria;CZ;I874;0;1
Sud;Calabria;CZ;I875;3;0
Nord Est;Veneto;BL;I876;0,67;0
Centro;Toscana;SI;I877;86,5;14,5
Nord Ovest;Lombardia;MI;I878;84,92;25,08
Nord Est;Veneto;VI;I879;76,89;0,29
Nord Ovest;Piemonte;NO;I880;5,5;0
Isole;Sicilia;ME;I881;8,5;10
Sud;Calabria;VV;I884;0;0
Sud;Campania;CE;I885;14,2;1
Nord Ovest;Piemonte;TO;I886;8;0,06
Sud;Puglia;LE;I887;5,25;4
Centro;Umbria;PG;I888;26,83;5,1
Isole;Sicilia;EN;I891;0;2,8
Centro;Lazio;LT;I892;7;5
Sud;Campania;AV;I893;8,3;2,33
Nord Ovest;Lombardia;PV;I894;4;0
Sud;Calabria;CS;I895;0;2,33
Sud;Calabria;CS;I896;8,5;10,66
Nord Ovest;Piemonte;AL;I901;3;0
Centro;Lazio;LT;I902;3;1
Nord Est;Emilia-Romagna;MO;I903;124;6,5
Nord Est;Friuli- Venezia Giulia;PN;I904;79,08;14,66
Sud;Calabria;VV;I905;0;2
Nord Ovest;Lombardia;CR;I906;7;3
Sud;Puglia;BA;I907;15;7,84
Nord Est;Veneto;VE;I908;365,12;17,21
Nord Ovest;Lombardia;CR;I909;1;0
Sud;Molise;CB;I910;1;0
Nord Ovest;Piemonte;AL;I911;0;0
Centro;Marche;AP;I912;53,5;6
Nord Ovest;Lombardia;CR;I914;83,16;2
Nord Ovest;Lombardia;BG;I916;10,67;0
Sud;Basilicata;PZ;I917;3;9
Nord Ovest;Lombardia;BG;I919;29;3,5
Centro;Umbria;PG;I921;165,28;48,72
Sud;Abruzzo ;PE;I922;111,35;15
Sud;Puglia;LE;I923;4,75;2
Nord Ovest;Liguria;SV;I926;65,33;15,33
Nord Est;Veneto;TV;I927;123;8
Nord Ovest;Lombardia;SO;I928;2,99;4,53
Sud;Calabria;CZ;I929;3;2
Sud;Puglia;LE;I930;14,92;6,89
Centro;Marche;AN;I932;4,51;3,17
Nord Ovest;Lombardia;CR;I935;13,39;1
Sud;Calabria;RC;I936;1;0
Sud;Calabria;CZ;I937;3;4
Nord Est;Veneto;PD;I938;24,5;1
Nord Ovest;Piemonte;AL;I941;17,5;3
Centro;Toscana;LU;I942;0;8,89
Nord Ovest;Lombardia;CO;I943;3;0,5
Sud;Calabria;VV;I945;0;0
Nord Ovest;Liguria;SV;I946;10;8,5
Nord Ovest;Liguria;SV;I947;2;2
Sud;Puglia;LE;I950;1;0
Nord Ovest;Lombardia;BG;I951;173,04;9
Nord Est;Veneto;RO;I953;11;1
Sud;Basilicata;MT;I954;8;4
Sud;Calabria;RC;I955;0;0,5
Sud;Calabria;RC;I956;0;5
Centro;Lazio;RI;I959;4,5;1,5
Sud;Campania;SA;I960;0;0
Sud;Puglia;FG;I962;8;1
Sud;Puglia;FG;I963;10;1
Nord Est;Veneto;VE;I965;73,68;7
Nord Ovest;Lombardia;PV;I968;89,75;7,5
Nord Ovest;Piemonte;TO;I969;1;0
Nord Ovest;Piemonte;TO;I970;47;2
Centro;Lazio;FR;I973;0;0
Nord Est;Friuli- Venezia Giulia;UD;I974;1;0
Nord Ovest;Piemonte;VB;I976;42,82;9,68
Nord Ovest;Piemonte;AL;I977;7,17;2
Sud;Campania;NA;I978;7,75;9
Nord Ovest;Piemonte;BI;I980;4;4
Centro;Umbria;TR;I981;15;11
Sud;Calabria;KR;I982;5;5,94
Nord Ovest;Piemonte;VC;I984;4;0
Nord Ovest;Piemonte;CN;I985;0;0
Nord Ovest;Lombardia;BG;I986;4;2
Sud;Campania;AV;I990;4;1
Centro;Toscana;AR;I991;39,5;2
Centro;Lazio;RM;I992;21,83;41,42
Sud;Campania;CE;I993;63,59;16,01
Nord Ovest;Lombardia;LC;I994;1;2
Isole;Sardegna;CA;I995;0;0
Nord Ovest;Lombardia;LC;I996;13,5;4
Nord Ovest;Lombardia;BG;I997;50;3,5
Nord Ovest;Lombardia;MI;I998;51,5;14
Nord Ovest;Lombardia;BS;L002;30,01;2,33
Nord Ovest;Lombardia;VA;L003;51,62;6,67
Sud;Campania;AV;L004;6;1
Isole;Sardegna;NU;L006;0,67;0,67
Nord Ovest;Piemonte;NO;L007;11;2
Sud;Puglia;LE;L008;3;0
Centro;Lazio;FR;L009;1;0,33
Sud;Puglia;LE;L010;3;3
Sud;Puglia;LE;L011;52,6;4,5
Nord Ovest;Piemonte;TO;L013;24,54;8,31
Nord Est;Veneto;TV;L014;78,25;12,33
Nord Ovest;Lombardia;MN;L015;6,5;0
Isole;Sicilia;CL;L016;2,17;1
Centro;Lazio;VT;L017;32,25;17
Nord Est;Friuli- Venezia Giulia;UD;L018;1;4
Centro;Toscana;LI;L019;23;11,5
Nord Ovest;Lombardia;MN;L020;191,22;15,5
Nord Ovest;Lombardia;LC;L022;2;2
Isole;Sardegna;OR;L023;1;0
Nord Ovest;Liguria;IM;L024;89,25;42,75
Sud;Abruzzo ;AQ;L025;30,67;15,5
Nord Est;Veneto;RO;L026;49,64;2
Nord Ovest;Piemonte;AL;L027;3,5;1,95
Nord Est;Veneto;BL;L030;2,25;5
Nord Ovest;Lombardia;VA;L032;21,05;2
Nord Est;Emilia-Romagna;RN;L034;0;1
Nord Ovest;Lombardia;SO;L035;12,49;7,48
Isole;Sardegna;NU;L036;0;0
Nord Ovest;Lombardia;BG;L037;6,5;0,32
Centro;Toscana;AR;L038;3;0,88
Nord Est;Friuli- Venezia Giulia;UD;L039;18;1
Nord Est;Veneto;BL;L040;4,22;7,44
Isole;Sicilia;ME;L042;33;18,64
Centro;Lazio;RI;L046;0;3,5
Sud;Abruzzo ;CH;L047;2;0
Nord Ovest;Piemonte;CN;L048;20,76;3
Sud;Puglia;TA;L049;346,62;116,57
Nord Est;Friuli- Venezia Giulia;UD;L050;72,5;5,5
Sud;Calabria;CS;L055;2,93;2
Nord Ovest;Lombardia;SO;L056;0;5,25
Nord Est;Veneto;TV;L058;23,75;4
Nord Ovest;Piemonte;AL;L059;1;2
Sud;Campania;AV;L061;1,5;0
Sud;Campania;AV;L062;3,83;3,83
Sud;Calabria;RC;L063;8;6
Sud;Puglia;LE;L064;4,5;1,33
Nord Est;Friuli- Venezia Giulia;UD;L065;168,21;15
Nord Ovest;Piemonte;TO;L066;5;0
Centro;Toscana;FI;L067;38,68;8,67
Sud;Molise;CB;L069;2;0
Sud;Calabria;CZ;L070;1;4,5
Nord Ovest;Lombardia;CO;L071;36,5;6
Nord Ovest;Lombardia;BG;L073;15;0
Sud;Puglia;LE;L074;19,61;3
Nord Ovest;Piemonte;BI;L075;4;4
Centro;Marche;PS;L078;3;0
Centro;Marche;PS;L081;61,2;0
Sud;Basilicata;PZ;L082;0;1
Sud;Campania;CE;L083;13,5;7,67
Nord Ovest;Lombardia;SO;L084;12,89;13,75
Nord Est;Veneto;VE;L085;3,5;0
Sud;Campania;BN;L086;19;2
Nord Ovest;Lombardia;BG;L087;44,85;10
Isole;Sardegna;SS;L088;6;1
Isole;Sardegna;SS;L093;17;14,14
Nord Ovest;Lombardia;BS;L094;62,13;5
Nord Est;Veneto;PD;L100;70;2
Sud;Campania;AV;L102;4,38;3,15
Sud;Abruzzo ;TE;L103;137,51;66,61
Nord Ovest;Piemonte;NO;L104;3;0
Centro;Lazio;FR;L105;0;0
Sud;Puglia;BA;L109;73,22;73,22
Isole;Sicilia;PA;L112;20;27,4
Sud;Molise;CB;L113;262,99;26,73
Nord Ovest;Lombardia;VA;L115;13;3
Nord Ovest;Piemonte;BI;L116;1;0
Centro;Umbria;TR;L117;635;90,81
Nord Ovest;Lombardia;BG;L118;90,54;3,08
Centro;Lazio;LT;L120;117,32;48,61
Isole;Sardegna;OR;L122;4;1,75
Centro;Toscana;AR;L123;45,09;7,5
Sud;Calabria;CS;L124;4;2,86
Nord Ovest;Lombardia;LO;L125;11;0
Sud;Basilicata;PZ;L126;2;1
Sud;Calabria;RC;L127;0;0
Isole;Sicilia;PA;L131;21;10,33
Nord Est;Veneto;PD;L132;23,65;0
Sud;Calabria;CS;L134;1;0
Nord Est;Veneto;VR;L136;8;1
Centro;Toscana;PI;L138;25,39;14
Nord Ovest;Piemonte;AL;L139;2;0
Isole;Sardegna;NU;L140;2,33;0
Sud;Campania;NA;L142;15,5;4
Nord Ovest;Piemonte;AL;L143;5;0
Nord Ovest;Liguria;IM;L146;3;1
Centro;Lazio;VT;L150;1;1
Nord Ovest;Liguria;SV;L152;0;0
Isole;Sardegna;NU;L153;1;1
Isole;Sardegna;CA;L154;1;1
Sud;Campania;CE;L155;75,3;19,5
Nord Est;Veneto;VI;L156;87,23;2
Nord Est;Veneto;VI;L157;281,95;15,75
Isole;Sardegna;SS;L158;2;1,33
Isole;Sardegna;NU;L160;0;0
Nord Ovest;Lombardia;CR;L164;2;0
Nord Ovest;Piemonte;AL;L165;7;0
Sud;Puglia;LE;L166;1;2
Nord Ovest;Liguria;GE;L167;1,83;2,33
Nord Ovest;Piemonte;AT;L168;9,5;0
Nord Ovest;Lombardia;BS;L169;18;7
Isole;Sardegna;NU;L172;0;0
Sud;Abruzzo ;AQ;L173;1;3
Nord Ovest;Lombardia;SO;L175;55,73;32,63
Sud;Calabria;CZ;L177;0;2
Isole;Sardegna;SS;L180;7,5;0
Sud;Basilicata;PZ;L181;15,5;9
Centro;Lazio;RM;L182;213;86,92
Nord Est;Emilia-Romagna;PR;L183;9,5;1
Nord Est;Emilia-Romagna;RE;L184;12,5;1
Sud;Campania;BN;L185;2;0
Sud;Abruzzo ;PE;L186;2,33;1
Nord Ovest;Piemonte;VB;L187;5;0
Centro;Umbria;PG;L188;59,33;50,67
Centro;Lazio;RI;L189;3;2
Nord Ovest;Liguria;SV;L190;26,92;3
Centro;Marche;MC;L191;72,71;9
Centro;Lazio;RM;L192;7;7,3
Nord Ovest;Piemonte;BI;L193;22;8
Sud;Abruzzo ;CH;L194;7;4
Nord Est;Friuli- Venezia Giulia;UD;L195;47,16;7,52
Sud;Basilicata;PZ;L197;8,83;0,75
Nord Est;Veneto;PD;L199;66,25;4
Isole;Sardegna;NU;L202;0;1
Nord Ovest;Piemonte;AT;L203;1;0
Nord Ovest;Piemonte;AT;L204;3;0
Sud;Campania;CE;L205;0,83;1
Sud;Calabria;CS;L206;2;0
Sud;Abruzzo ;TE;L207;0;0
Nord Ovest;Lombardia;BS;L210;45,45;4,06
Sud;Campania;SA;L212;3;1,5
Sud;Puglia;BR;L213;7;1
Sud;Campania;AV;L214;3,27;4
Sud;Molise;CB;L215;0;0
Centro;Umbria;PG;L216;53,39;10
Nord Ovest;Valle d'Aosta;AO;L217;12,5;8,99
Sud;Abruzzo ;CH;L218;15;2
Nord Ovest;Piemonte;TO;L219;5138,2;951,19
Sud;Puglia;BA;L220;30,36;10,5
Nord Ovest;Lombardia;CR;L221;6,5;0
Nord Ovest;Piemonte;NO;L223;1,5;0
Sud;Abruzzo ;CH;L224;3;7
Nord Ovest;Lombardia;CR;L225;0;0
Sud;Abruzzo ;AQ;L227;2;2
Nord Ovest;Lombardia;CO;L228;12;2
Nord Est;Emilia-Romagna;PR;L229;4;0,13
Sud;Molise;CB;L230;2;2,5
Isole;Sardegna;NU;L231;3;1
Sud;Campania;SA;L233;0;2
Isole;Sardegna;SS;L235;2;1
Nord Ovest;Lombardia;PV;L237;5;2
Nord Ovest;Piemonte;TO;L238;25,1;0
Nord Ovest;Piemonte;BI;L239;4;2
Sud;Calabria;CZ;L240;0;1
Nord Ovest;Piemonte;CN;L241;1;1
Centro;Lazio;FR;L243;1;1
Nord Ovest;Lombardia;SO;L244;1;4
Sud;Campania;NA;L245;46,59;21,41
Nord Est;Friuli- Venezia Giulia;UD;L246;7;1
Nord Ovest;Piemonte;TO;L247;4;0
Nord Est;Veneto;VI;L248;46,48;6,25
Nord Ovest;Lombardia;PV;L250;2;0
Nord Ovest;Lombardia;BG;L251;89,84;6,87
Nord Ovest;Piemonte;CN;L252;1;0
Sud;Abruzzo ;CH;L253;0;0
Sud;Campania;BN;L254;1;2
Nord Ovest;Lombardia;PV;L256;6,5;1
Nord Ovest;Lombardia;BG;L257;30;1,5
Nord Ovest;Lombardia;CR;L258;3;0
Sud;Campania;NA;L259;98,13;33,76
Nord Ovest;Lombardia;PV;L262;1;0
Sud;Abruzzo ;PE;L263;6;0
Nord Ovest;Lombardia;BG;L265;24;8
Nord Est;Veneto;VE;L267;38,17;3
Nord Ovest;Lombardia;PV;L269;24;0
Nord Est;Veneto;PD;L270;39,5;2
Isole;Sicilia;ME;L271;4,5;4
Sud;Campania;AV;L272;2;2
Sud;Puglia;FG;L273;44,14;10,5
Sud;Campania;SA;L274;2;1
Nord Ovest;Lombardia;BG;L276;8;0
Nord Ovest;Piemonte;TO;L277;27,97;8,83
Nord Ovest;Piemonte;CN;L278;3;0
Centro;Marche;AP;L279;2,33;0
Sud;Puglia;BR;L280;7;1
Nord Ovest;Piemonte;CN;L281;0;0
Isole;Sicilia;PA;L282;1;3,92
Sud;Abruzzo ;CH;L284;6,66;3
Nord Ovest;Lombardia;PV;L285;25,5;0
Centro;Lazio;RI;L286;6;4
Nord Est;Veneto;VR;L287;69,49;11
Centro;Lazio;FR;L290;4;1
Sud;Abruzzo ;CH;L291;5;7
Nord Ovest;Lombardia;PV;L292;0;0
Centro;Lazio;RI;L293;1;3
Sud;Puglia;TA;L294;3;1
Sud;Abruzzo ;TE;L295;2;2
Nord Ovest;Lombardia;CR;L296;3;0
Nord Est;Veneto;VI;L297;125,41;1
Nord Ovest;Liguria;GE;L298;6,5;15
Nord Est;Emilia-Romagna;PR;L299;88,85;7
Sud;Campania;AV;L301;0;0
Centro;Lazio;RM;L302;1;1
Centro;Toscana;SI;L303;22;7,28
Nord Ovest;Piemonte;AL;L304;181,84;21,41
Sud;Calabria;CS;L305;18;6
Sud;Campania;SA;L306;0;0
Sud;Abruzzo ;TE;L307;229,67;87
Isole;Sicilia;ME;L308;7,33;9,44
Nord Est;Friuli- Venezia Giulia;UD;L309;12,5;1
Centro;Lazio;VT;L310;17;10,5
Nord Ovest;Lombardia;BS;L312;169,78;21,39
Sud;Abruzzo ;TE;L314;2,5;0
Nord Ovest;Liguria;SV;L315;25,12;6
Nord Ovest;Lombardia;SO;L316;1;0
Isole;Sicilia;PA;L317;4;5
Nord Ovest;Lombardia;VA;L319;186,69;17,85
Isole;Sardegna;OR;L321;1;0
Sud;Campania;SA;L323;1;8
Nord Est;Friuli- Venezia Giulia;PN;L324;2;2
Nord Est;Friuli- Venezia Giulia;PN;L325;0;6
Sud;Basilicata;PZ;L326;2;3
Nord Ovest;Piemonte;TO;L327;15;2
Sud;Puglia;BA;L328;223,88;80,85
Nord Ovest;Lombardia;SO;L330;21;9
Isole;Sicilia;TP;L331;186,42;21,49
Isole;Sicilia;PA;L332;1;4
Nord Ovest;Piemonte;VB;L333;11,5;0,5
Sud;Abruzzo ;AQ;L334;14;3
Nord Est;Friuli- Venezia Giulia;UD;L335;10,5;2
Nord Ovest;Piemonte;VB;L336;0;4
Isole;Sardegna;CA;L337;0;0
Nord Ovest;Piemonte;TO;L338;1;0
Nord Ovest;Lombardia;BS;L339;106,54;9
Nord Ovest;Piemonte;TO;L340;0;0
Nord Ovest;Lombardia;VA;L342;26,04;4
Nord Ovest;Piemonte;TO;L345;1;0
Nord Est;Emilia-Romagna;PR;L346;71;6,39
Nord Est;Friuli- Venezia Giulia;PN;L347;5;0
Nord Est;Emilia-Romagna;PC;L348;13,34;4,48
Nord Est;Veneto;PD;L349;69,25;9
Sud;Calabria;CS;L353;9,33;9,33
Isole;Sicilia;CT;L355;36,33;9,33
Nord Ovest;Piemonte;NO;L356;195,21;9
Sud;Basilicata;PZ;L357;0;1
Nord Est;Veneto;RO;L359;8,22;0
Nord Est;Emilia-Romagna;FO;L361;7;1
Sud;Abruzzo ;CH;L363;1;1
Nord Est;Veneto;VR;L364;17,78;9,75
Centro;Marche;MC;L366;33,5;13
Nord Ovest;Piemonte;CN;L367;2;0
Isole;Sicilia;CT;L369;109,36;9,75
Nord Ovest;Lombardia;BS;L372;25;8
Sud;Campania;SA;L377;1;1
Sud;Campania;CE;L379;85,11;5,5
Nord Ovest;Lombardia;BS;L380;38,92;0
Nord Est;Friuli- Venezia Giulia;UD;L382;4;0
Sud;Puglia;LE;L383;14;4
Centro;Toscana;SI;L384;8,5;2,5
Centro;Toscana;MS;L386;13,83;8
Nord Ovest;Lombardia;BG;L388;69,71;5,34
Nord Ovest;Lombardia;CR;L389;29,67;0,5
Nord Est;Emilia-Romagna;FE;L390;40;1
Nord Ovest;Lombardia;SO;L392;12;8,5
Isole;Sardegna;OR;L393;21;2
Nord Est;Veneto;VR;L396;19;1
Centro;Umbria;PG;L397;21,75;9,75
Centro;Lazio;FR;L398;4;3
Sud;Campania;AV;L399;0;1
Nord Ovest;Lombardia;BG;L400;490,3;70,03
Centro;Lazio;RM;L401;16,67;6,5
Nord Est;Veneto;TV;L402;67,05;5,75
Nord Ovest;Piemonte;AL;L403;3;2
Nord Ovest;Lombardia;BG;L404;122,69;18,08
Nord Ovest;Lombardia;BS;L406;1;0
Nord Est;Veneto;TV;L407;1038,27;169,52
Nord Ovest;Lombardia;MI;L408;85,55;26,14
Nord Ovest;Lombardia;MI;L409;272,78;8,5
Nord Ovest;Piemonte;CN;L410;0;0
Nord Ovest;Lombardia;MI;L411;126,98;29,5
Nord Ovest;Lombardia;CO;L413;1;0
Nord Est;Veneto;PD;L414;30;4
Nord Ovest;Lombardia;MI;L415;50,83;0
Nord Ovest;Liguria;GE;L416;0;2
Sud;Basilicata;MT;L418;6,17;8,64
Sud;Puglia;LE;L419;36,75;15,61
Nord Ovest;Piemonte;VC;L420;2;0
Nord Est;Friuli- Venezia Giulia;UD;L421;65,85;10
Nord Est;Veneto;BL;L422;33,67;9
Isole;Sardegna;NU;L423;0;0
Sud;Puglia;BA;L425;130,83;32,58
Nord Ovest;Lombardia;CR;L426;7;0
Nord Ovest;Piemonte;CN;L427;12;0
Isole;Sardegna;SS;L428;43,5;2
Nord Ovest;Piemonte;VC;L429;33,33;3,33
Nord Ovest;Liguria;IM;L430;0;4,5
Isole;Sicilia;ME;L431;0;1
Nord Ovest;Piemonte;AL;L432;3;4
Nord Est;Veneto;VI;L433;66,93;5,5
Nord Ovest;Lombardia;MI;L434;68,58;1,5
Sud;Molise;CB;L435;3;2,84
Nord Ovest;Piemonte;BI;L436;18;4
Centro;Lazio;FR;L437;2;0
Nord Est;Friuli- Venezia Giulia;UD;L438;3;1
Sud;Basilicata;PZ;L439;0;2
Nord Ovest;Lombardia;PV;L440;22;0,5
Nord Ovest;Piemonte;TO;L445;129,09;9
Sud;Puglia;FG;L447;17;7
Isole;Sicilia;EN;L448;20,17;7,66
Nord Ovest;Lombardia;PV;L449;27,5;1
Nord Ovest;Piemonte;VB;L450;2,67;10,5
Nord Ovest;Piemonte;VC;L451;29;10
Sud;Calabria;VV;L452;9;6,72
Nord Ovest;Lombardia;PV;L453;8;2
Nord Ovest;Lombardia;MI;L454;72,87;12,56
Sud;Molise;CB;L458;0;0
Sud;Abruzzo ;CH;L459;1;0
Sud;Campania;NA;L460;11;1
Sud;Campania;AV;L461;2;0,99
Sud;Puglia;LE;L462;10,58;4
Isole;Sardegna;CA;L463;0;0
Isole;Sardegna;SS;L464;1;0
Centro;Umbria;PG;L466;16,5;5
Nord Ovest;Lombardia;LO;L469;15;4
Nord Ovest;Lombardia;CO;L470;93;20,66
Nord Ovest;Lombardia;MI;L471;52,75;5,17
Sud;Puglia;BA;L472;80,67;14,76
Isole;Sardegna;CA;L473;0;0
Sud;Abruzzo ;PE;L475;0;0
Sud;Basilicata;MT;L477;5;15
Isole;Sicilia;ME;L478;5,72;3,5
Nord Ovest;Lombardia;VA;L480;118,74;31,28
Isole;Sicilia;ME;L482;0;2
Nord Est;Friuli- Venezia Giulia;UD;L483;1233,35;129,55
Sud;Puglia;LE;L484;23,78;8,25
Sud;Puglia;LE;L485;6,41;2,7
Nord Ovest;Lombardia;CO;L487;55,94;5,5
Isole;Sardegna;OR;L488;0;0
Isole;Sardegna;NU;L489;0;0
Sud;Calabria;KR;L492;0;0
Nord Ovest;Lombardia;BS;L494;31,34;1
Isole;Sardegna;OR;L496;0;0
Nord Est;Veneto;PD;L497;2,84;0
Centro;Marche;PS;L498;27;3,5
Nord Ovest;Liguria;SV;L499;5;2
Centro;Marche;PS;L500;46,25;15,26
Centro;Marche;MC;L501;4;0
Nord Ovest;Lombardia;BG;L502;85,51;5
Isole;Sardegna;SS;L503;5;2
Sud;Molise;CB;L505;7;0
Isole;Sardegna;NU;L506;0;0
Nord Ovest;Liguria;GE;L507;10;4,76
Isole;Sardegna;OR;L508;0;0
Isole;Sardegna;SS;L509;13,5;3
Nord Ovest;Lombardia;MI;L511;119,83;13,03
Isole;Sardegna;CA;L512;1;1,83
Isole;Sardegna;CA;L513;0;0
Isole;Sardegna;NU;L514;0;0
Nord Ovest;Piemonte;TO;L515;5;0
Nord Ovest;Piemonte;TO;L516;1;3
Centro;Marche;MC;L517;1;0
Isole;Sicilia;PA;L519;0;2
Isole;Sardegna;CA;L521;16;1
Centro;Toscana;PT;L522;42;5
Sud;Calabria;CS;L524;0;0
Centro;Lazio;RI;L525;0;0
Sud;Abruzzo ;CH;L526;2;1
Nord Ovest;Liguria;SV;L528;21,96;24
Centro;Toscana;FI;L529;38,17;4,12
Nord Ovest;Piemonte;AT;L531;3;0
Sud;Basilicata;PZ;L532;2;2
Centro;Toscana;LU;L533;0;1
Nord Ovest;Lombardia;CR;L535;24;2,75
Centro;Toscana;PO;L537;62,26;9,63
Nord Ovest;Piemonte;TO;L538;6;1
Nord Ovest;Lombardia;CR;L539;43,5;0
Sud;Campania;CE;L540;6;5,25
Nord Ovest;Lombardia;BG;L544;23,18;3,66
Nord Ovest;Lombardia;BG;L545;64,08;1
Nord Ovest;Liguria;GE;L546;2;3
Nord Ovest;Lombardia;CO;L547;10,67;5,14
Nord Ovest;Piemonte;TO;L548;1;2
Nord Est;Veneto;VI;L551;150;31,66
Nord Est;Veneto;VI;L554;1,11;1,11
Nord Ovest;Piemonte;TO;L555;46,5;5
Nord Ovest;Piemonte;BI;L556;13,75;3,25
Nord Ovest;Lombardia;SO;L557;50,18;20,31
Nord Ovest;Piemonte;CN;L558;3;0
Isole;Sicilia;ME;L561;0;0
Nord Ovest;Lombardia;PV;L562;1,96;1
Nord Ovest;Lombardia;SO;L563;29,5;26,13
Nord Est;Veneto;TV;L565;43,63;10,83
Nord Ovest;Piemonte;VC;L566;8,67;4,17
Nord Est;Veneto;VR;L567;212,64;11
Nord Ovest;Lombardia;PV;L568;1;1
Centro;Lazio;VT;L569;4;2,67
Nord Ovest;Piemonte;AL;L570;123,5;15
Sud;Puglia;BA;L571;86,5;32
Nord Ovest;Lombardia;LO;L572;17,17;1
Centro;Umbria;PG;L573;9;2
Nord Ovest;Piemonte;AT;L574;14,75;2
Nord Ovest;Lombardia;SO;L576;13,5;7,62
Nord Ovest;Lombardia;VA;L577;30,5;1
Nord Ovest;Piemonte;TO;L578;21,5;3
Nord Ovest;Lombardia;BG;L579;16,05;3,3
Nord Ovest;Piemonte;CN;L580;5;2
Nord Ovest;Lombardia;LC;L581;13;5,77
Nord Ovest;Valle d'Aosta;AO;L582;1;0
Isole;Sicilia;EN;L583;15;2
Nord Est;Veneto;BL;L584;4,59;4,99
Nord Ovest;Piemonte;BI;L586;0;1
Sud;Campania;AV;L589;1;0
Nord Est;Veneto;BL;L590;9,5;7
Sud;Campania;CE;L591;5;1
Nord Ovest;Lombardia;PV;L593;14;0
Sud;Campania;CE;L594;0;2
Nord Ovest;Liguria;IM;L596;5;14
Sud;Abruzzo ;TE;L597;1;0
Centro;Lazio;FR;L598;0;1
Nord Ovest;Liguria;IM;L599;52,96;10,04
Isole;Sicilia;PA;L603;1;5
Isole;Sardegna;SS;L604;68,47;4
Centro;Lazio;FR;L605;0;0
Nord Ovest;Piemonte;BI;L606;15;2,11
Sud;Calabria;VV;L607;0;0
Isole;Sicilia;CL;L609;2;3
Centro;Lazio;RM;L611;0;0
Centro;Lazio;VT;L612;7;9
Isole;Sardegna;CA;L613;0;1
Centro;Lazio;FR;L614;2;0
Sud;Campania;AV;L616;3,59;3,25
Nord Ovest;Lombardia;PV;L617;29,5;0
Nord Ovest;Piemonte;BI;L620;11;3
Nord Ovest;Lombardia;BG;L623;9,34;1,67
Nord Est;Veneto;VI;L624;17,75;2
Centro;Lazio;RM;L625;0;0
Nord Ovest;Lombardia;BS;L626;2;0
Centro;Umbria;PG;L627;2;5
Sud;Campania;SA;L628;15;4,5
Nord Ovest;Piemonte;TO;L629;1;0
Nord Ovest;Piemonte;CN;L631;1;1
Nord Ovest;Piemonte;AL;L633;11;0
Nord Ovest;Lombardia;LC;L634;63,02;7,25
Nord Ovest;Piemonte;CN;L636;1;0
Nord Ovest;Lombardia;SO;L638;3;7,11
Centro;Lazio;RM;L639;25;10
Nord Ovest;Lombardia;CO;L640;18;7
Nord Est;Emilia-Romagna;PR;L641;2;1,66
Nord Ovest;Lombardia;BG;L642;0,33;1
Nord Ovest;Valle d'Aosta;AO;L643;7;1
Nord Ovest;Piemonte;TO;L644;15,25;2
Nord Ovest;Valle d'Aosta;AO;L647;1;3
Nord Est;Veneto;VI;L650;4;1,38
Nord Ovest;Piemonte;VB;L651;3,41;1
Centro;Umbria;PG;L653;1;0
Nord Ovest;Valle d'Aosta;AO;L654;76,19;27,13
Nord Ovest;Lombardia;BG;L655;2;4
Sud;Campania;SA;L656;1,67;1,34
Isole;Sicilia;CT;L658;26,5;6,8
Nord Ovest;Lombardia;PV;L659;0;2
Nord Ovest;Lombardia;MI;L664;26,72;4,88
Nord Ovest;Lombardia;MI;L665;96;17,99
Nord Ovest;Piemonte;VB;L666;15;0
Nord Ovest;Lombardia;MI;L667;105,66;15,38
Nord Ovest;Piemonte;NO;L668;6;0
Nord Ovest;Piemonte;VC;L669;89,53;15,4
Nord Ovest;Piemonte;NO;L670;24,68;5
Nord Ovest;Lombardia;VA;L671;23;6
Nord Est;Emilia-Romagna;PR;L672;16;5
Sud;Calabria;RC;L673;0;1
Nord Ovest;Liguria;SV;L675;139,16;52,1
Centro;Lazio;RI;L676;4;0,33
Nord Ovest;Lombardia;MI;L677;185,99;26,99
Nord Ovest;Lombardia;LC;L680;8;4
Nord Ovest;Liguria;SP;L681;0,33;1,67
Nord Ovest;Lombardia;VA;L682;700,84;95,7
Nord Ovest;Piemonte;TO;L685;4;0
Nord Est;Friuli- Venezia Giulia;UD;L686;7;0
Nord Est;Emilia-Romagna;PR;L689;7;1
Nord Ovest;Lombardia;PV;L690;11,5;4,67
Nord Ovest;Piemonte;VB;L691;10,01;13
Nord Ovest;Liguria;IM;L693;1;8
Sud;Molise;IS;L696;1;0
Nord Ovest;Piemonte;TO;L698;15;4
Sud;Calabria;VV;L699;0;0
Nord Est;Veneto;TV;L700;29,5;6,67
Centro;Toscana;PI;L702;44,89;11,5
Nord Ovest;Lombardia;VA;L703;59;4
Nord Ovest;Lombardia;MI;L704;103,67;5,67
Nord Est;Veneto;TV;L706;85,5;11,5
Nord Ovest;Lombardia;BG;L707;0;0
Nord Ovest;Lombardia;MI;L709;23,25;2,5
Nord Est;Veneto;PD;L710;53,72;1
Sud;Puglia;LE;L711;17,25;1,5
Nord Ovest;Piemonte;BI;L712;0,5;2
Centro;Lazio;VT;L713;3;12
Nord Ovest;Lombardia;CO;L715;1;0
Nord Ovest;Lombardia;PV;L716;0;0
Centro;Lazio;RM;L719;117,67;34,34
Nord Ovest;Lombardia;PV;L720;37;0
Nord Est;Veneto;VR;L722;3;3,3
Nord Est;Veneto;VI;L723;11;0
Sud;Molise;IS;L725;22,89;11
Nord Ovest;Piemonte;TO;L726;5;2
Nord Ovest;Piemonte;TO;L727;272,17;21,67
Centro;Marche;AP;L728;3;1
Nord Ovest;Piemonte;CN;L729;13,28;1,78
Nord Ovest;Liguria;SV;L730;2;0
Nord Ovest;Lombardia;LC;L731;2;0
Nord Ovest;Lombardia;VA;L733;41,75;2,25
Nord Ovest;Lombardia;VA;L734;78,5;4,17
Isole;Sicilia;ME;L735;2;3
Nord Est;Veneto;VE;L736;1931,39;240
Nord Ovest;Lombardia;CO;L737;35,14;1
Sud;Basilicata;PZ;L738;11,17;16
Sud;Campania;AV;L739;2,33;0
Isole;Sicilia;PA;L740;0;1
Nord Ovest;Liguria;IM;L741;105,25;73,57
Centro;Lazio;LT;L742;0;5
Nord Est;Friuli- Venezia Giulia;UD;L743;3,5;2
Nord Ovest;Lombardia;MI;L744;96,66;8
Nord Ovest;Piemonte;VB;L746;270,55;49,02
Sud;Calabria;CS;L747;1;12
Nord Ovest;Lombardia;CO;L748;3;5
Nord Ovest;Lombardia;SO;L749;1;8
Nord Ovest;Piemonte;VC;L750;314,91;45,33
Nord Ovest;Lombardia;LC;L751;10;1
Nord Ovest;Lombardia;BG;L752;48,25;0
Nord Ovest;Lombardia;BG;L753;79,39;5,66
Nord Ovest;Piemonte;CN;L758;0;0
Nord Est;Emilia-Romagna;BO;L762;46,37;6
Nord Est;Emilia-Romagna;FO;L764;9;6
Nord Ovest;Lombardia;VA;L765;44,5;4
Nord Ovest;Lombardia;MI;L768;50,48;3,07
Nord Ovest;Piemonte;CN;L771;5,5;7,33
Nord Est;Emilia-Romagna;PC;L772;6,5;4,22
Nord Ovest;Lombardia;MI;L773;46,36;2
Nord Ovest;Liguria;SP;L774;1;7
Centro;Toscana;PO;L775;16,1;14,3
Sud;Puglia;LE;L776;6;0
Nord Ovest;Lombardia;BS;L777;56,37;3
Nord Ovest;Lombardia;BS;L778;25,5;0
Nord Ovest;Piemonte;TO;L779;29,5;1
Centro;Lazio;FR;L780;3;5
Nord Est;Veneto;VR;L781;2868,56;379,8
Nord Ovest;Valle d'Aosta;AO;L783;6,5;6
Nord Ovest;Lombardia;PV;L784;0;0
Nord Ovest;Piemonte;BI;L785;8,83;1
Nord Ovest;Piemonte;TO;L787;3;1
Nord Ovest;Lombardia;PV;L788;2;0
Nord Ovest;Lombardia;CO;L792;22,75;2
Nord Ovest;Lombardia;BG;L795;37,6;5,6
Nord Est;Emilia-Romagna;RN;L797;56,78;3
Nord Ovest;Piemonte;NO;L798;9,99;1,5
Nord Ovest;Lombardia;SO;L799;0;0
Nord Est;Friuli- Venezia Giulia;UD;L801;4;2
Sud;Calabria;KR;L802;0;5,78
Nord Ovest;Piemonte;CN;L804;42,58;3,09
Nord Est;Veneto;PD;L805;4,13;0
Nord Ovest;Lombardia;CR;L806;48;1
Nord Ovest;Piemonte;AT;L807;2;1
Nord Ovest;Piemonte;NO;L808;10,46;0
Nord Ovest;Liguria;IM;L809;0;0
Nord Est;Veneto;VR;L810;3;2,1
Nord Ovest;Piemonte;TO;L811;2;2
Nord Ovest;Lombardia;BS;L812;23;1
Centro;Lazio;VT;L814;19,5;19,63
Nord Est;Emilia-Romagna;RE;L815;5,17;7,49
Nord Ovest;Lombardia;BS;L816;34;4,05
Nord Ovest;Piemonte;CN;L817;21;1
Nord Ovest;Liguria;SP;L819;24;17,24
Nord Est;Emilia-Romagna;RE;L820;22,48;0,83
Nord Ovest;Liguria;SV;L823;7,33;1
Nord Ovest;Lombardia;MN;L826;172,98;9,11
Nord Ovest;Lombardia;BG;L827;2;1
Isole;Sicilia;CT;L828;28,17;3
Nord Ovest;Piemonte;AT;L829;0;0
Nord Ovest;Piemonte;TO;L830;2;1
Nord Est;Emilia-Romagna;RE;L831;23,25;2,5
Centro;Toscana;LU;L833;112,96;36,93
Nord Ovest;Piemonte;AT;L834;2;0
Sud;Campania;SA;L835;2;4
Centro;Lazio;FR;L836;0;0
Isole;Sicilia;PA;L837;2;6
Centro;Toscana;FI;L838;35,89;17,81
Nord Est;Veneto;VI;L840;1295,54;72,28
Nord Ovest;Piemonte;CN;L841;20,08;4,16
Sud;Puglia;FG;L842;20,2;9,9
Centro;Lazio;FR;L843;0;1,12
Sud;Campania;CE;L844;0;3
Sud;Campania;NA;L845;44,28;15,82
Sud;Abruzzo ;PE;L846;0;0
Nord Ovest;Piemonte;NO;L847;6;0
Nord Est;Emilia-Romagna;PC;L848;11,62;1
Centro;Toscana;PI;L850;28;9,7
Centro;Lazio;RM;L851;3,72;4,89
Nord Ovest;Lombardia;PV;L854;100,11;3,5
Nord Est;Veneto;TV;L856;12,75;1,5
Nord Ovest;Piemonte;TO;L857;0;0
Sud;Puglia;FG;L858;71;33,6
Sud;Basilicata;PZ;L859;5;7,54
Sud;Campania;SA;L860;1;9
Nord Ovest;Lombardia;BG;L865;5;0
Nord Ovest;Lombardia;LC;L866;22;5
Nord Est;Emilia-Romagna;FE;L868;73,5;2,2
Nord Est;Veneto;VR;L869;119,79;5
Nord Ovest;Lombardia;PV;L872;537,19;42,48
Sud;Basilicata;PZ;L873;2;2
Sud;Basilicata;PZ;L874;10;8
Nord Ovest;Lombardia;VA;L876;38,83;8
Nord Est;Veneto;PD;L878;2,74;0
Nord Ovest;Piemonte;AT;L879;0;0
Nord Ovest;Piemonte;BI;L880;60,64;6,54
Nord Ovest;Piemonte;AL;L881;8;0
Centro;Lazio;VT;L882;11;11,22
Nord Ovest;Lombardia;MI;L883;131,61;23,17
Nord Est;Emilia-Romagna;MO;L885;275,18;53,07
Nord Ovest;Piemonte;AL;L887;14,5;3,5
Nord Ovest;Piemonte;CN;L888;9;2
Nord Ovest;Piemonte;VB;L889;10;4,83
Nord Est;Veneto;BL;L890;7,5;0,5
Nord Est;Veneto;PD;L892;125,11;5
Nord Ovest;Lombardia;BG;L894;4,32;0
Nord Est;Emilia-Romagna;PC;L897;40,57;1
Nord Ovest;Piemonte;TO;L898;50,75;6
Nord Est;Veneto;VE;L899;107,83;3,25
Nord Est;Veneto;PD;L900;326,05;7,44
Nord Ovest;Piemonte;AL;L904;18,33;2,33
Centro;Lazio;FR;L905;0;0
Nord Ovest;Piemonte;VB;L906;26,2;7,14
Nord Ovest;Lombardia;SO;L907;2;19,67
Nord Ovest;Lombardia;SO;L908;5,25;3,75
Nord Est;Friuli- Venezia Giulia;UD;L909;16;0
Nord Est;Veneto;VR;L912;29,5;0,5
Centro;Toscana;LU;L913;3,5;1
Isole;Sicilia;PA;L916;11;6,5
Nord Ovest;Lombardia;PV;L917;0;0
Nord Ovest;Lombardia;BS;L919;67,59;5,5
Sud;Puglia;BR;L920;6,33;4,5
Sud;Abruzzo ;PE;L922;1;0
Nord Ovest;Lombardia;BS;L923;8,67;0
Isole;Sardegna;CA;L924;2;0,83
Centro;Toscana;LU;L926;3;1,5
Nord Ovest;Lombardia;MI;L928;111,58;20,25
Nord Ovest;Lombardia;BG;L929;34,68;0
Nord Ovest;Piemonte;AL;L931;3;1
Nord Ovest;Piemonte;BI;L933;3;0
Nord Est;Veneto;PD;L934;40;0
Nord Ovest;Lombardia;BG;L936;80,75;11
Nord Est;Veneto;PD;L937;7,65;0
Nord Ovest;Lombardia;BG;L938;12,39;3,33
Nord Est;Veneto;RO;L939;28,92;3
Nord Ovest;Piemonte;CN;L942;15,21;4,5
Nord Ovest;Liguria;IM;L943;0;3
Isole;Sicilia;AG;L944;0;2
Nord Ovest;Piemonte;AT;L945;25,92;1
Centro;Toscana;MS;L946;16;10
Nord Est;Veneto;PD;L947;109,5;1
Nord Ovest;Piemonte;TO;L948;26,33;4
Nord Est;Veneto;VR;L949;274,28;26,9
Isole;Sicilia;ME;L950;19,84;6,34
Isole;Sicilia;PA;L951;2;3,75
Nord Est;Veneto;VI;L952;5,5;1
Isole;Sardegna;NU;L953;0,83;0
Nord Ovest;Lombardia;CO;L956;101,17;18,48
Sud;Abruzzo ;AQ;L958;2;3
Isole;Sicilia;CL;L959;1;0
Sud;Abruzzo ;CH;L961;1;4
Nord Ovest;Piemonte;AL;L963;1;1
Sud;Abruzzo ;CH;L964;2;3
Sud;Campania;AV;L965;1;0
Isole;Sardegna;CA;L966;0;0,5
Nord Est;Veneto;RO;L967;7;3
Isole;Sardegna;CA;L968;0;1,5
Nord Est;Emilia-Romagna;RE;L969;20,3;5,79
Nord Ovest;Piemonte;AL;L970;1;0
Nord Ovest;Piemonte;AL;L972;6;0
Sud;Campania;AV;L973;7;3
Nord Ovest;Piemonte;CN;L974;21;4,83
Nord Ovest;Liguria;SV;L975;6,67;1
Nord Ovest;Lombardia;LO;L977;7;0
Nord Ovest;Piemonte;BI;L978;3;0
Nord Est;Veneto;PD;L979;65,49;3,67
Nord Est;Emilia-Romagna;PC;L980;4,5;0
Nord Ovest;Valle d'Aosta;AO;L981;5;2,25
Nord Ovest;Piemonte;TO;L982;4,67;1
Nord Ovest;Lombardia;PV;L983;2;0
Nord Ovest;Piemonte;AT;L984;27,93;6,67
Nord Est;Veneto;RO;L985;10,17;3
Isole;Sardegna;CA;L986;0;0
Isole;Sardegna;CA;L987;0;0
Nord Est;Veneto;RO;L988;3,25;1
Isole;Sardegna;SS;L989;0;4
Nord Ovest;Piemonte;CN;L990;5;0
Isole;Sardegna;OR;L991;0;0
Isole;Sardegna;NU;L992;0;0
Nord Ovest;Lombardia;PV;L994;16,33;1
Nord Ovest;Lombardia;BS;L995;50,32;6,5
Isole;Sardegna;CA;L998;0;0
Nord Ovest;Piemonte;TO;L999;23,17;4
Nord Ovest;Piemonte;TO;M002;29;8
Nord Ovest;Piemonte;VC;M003;1;0
Nord Ovest;Piemonte;TO;M004;7,75;0,75
Nord Ovest;Piemonte;TO;M007;9,5;4
Nord Ovest;Piemonte;AL;M009;0;1
Isole;Sicilia;EN;M011;16,3;10,89
Nord Ovest;Piemonte;TO;M013;2;0
Nord Ovest;Piemonte;TO;M014;27;6
Nord Ovest;Piemonte;CN;M015;5,46;1
Isole;Sardegna;CA;M016;0;0
Nord Ovest;Lombardia;MI;M017;137,42;12
Sud;Calabria;RC;M018;24,92;4,5
Nord Ovest;Piemonte;AT;M019;2;0
Sud;Abruzzo ;AQ;M021;0;0
Sud;Abruzzo ;CH;M022;1;2
Sud;Abruzzo ;AQ;M023;1;0
Isole;Sardegna;CA;M025;4;3
Isole;Sardegna;CA;M026;2;0
Nord Ovest;Piemonte;TO;M027;22;0,5
Nord Ovest;Piemonte;VC;M028;10;1
Isole;Sardegna;OR;M030;0;0
Sud;Abruzzo ;AQ;M031;1,42;0
Nord Est;Veneto;VI;M032;43,28;3
Sud;Abruzzo ;AQ;M041;2;0,75
Nord Ovest;Piemonte;VB;M042;0;0
Nord Ovest;Lombardia;MN;M044;14,25;0
Nord Ovest;Lombardia;BG;M045;70,08;4,5
Nord Est;Veneto;TV;M048;178,36;20,85
Nord Ovest;Lombardia;BG;M050;8,83;1,75
Nord Ovest;Lombardia;MI;M052;294,67;29,42
Nord Ovest;Lombardia;MI;M053;220,27;13
Nord Ovest;Piemonte;CN;M055;3;2
Sud;Molise;CB;M057;5,5;3
Nord Ovest;Piemonte;AT;M058;0,78;0
Centro;Toscana;FI;M059;72,4;15
Nord Ovest;Piemonte;TO;M060;177,7;23
Nord Ovest;Piemonte;NO;M062;3;0
Nord Ovest;Piemonte;CN;M063;11,01;0,04
Nord Ovest;Lombardia;BS;M065;9,5;2
Nord Ovest;Piemonte;TO;M069;10,22;0
Nord Ovest;Lombardia;BS;M070;4,67;0
Nord Ovest;Piemonte;TO;M071;10;5
Sud;Campania;NA;M072;5,16;3,5
Nord Ovest;Piemonte;AL;M077;4,5;1
Centro;Marche;MC;M078;1,25;2
Nord Ovest;Lombardia;PV;M079;6;0
Nord Ovest;Piemonte;TO;M080;3;0
Isole;Sicilia;TP;M081;1;1,67
Centro;Lazio;VT;M082;381,18;114,25
Centro;Lazio;FR;M083;0;0
Nord Est;Friuli- Venezia Giulia;PN;M085;2,2;1
Centro;Lazio;VT;M086;24,67;10,16
Isole;Sicilia;RG;M088;110,27;22,29
Nord Est;Veneto;TV;M089;222,28;46,13
Sud;Abruzzo ;AQ;M090;1,67;0
Nord Ovest;Lombardia;MI;M091;110,71;49,01
Sud;Campania;CE;M092;40,5;7
Sud;Campania;BN;M093;0;3
Nord Ovest;Piemonte;TO;M094;8,61;4,66
Centro;Lazio;RM;M095;0;1
Nord Est;Friuli- Venezia Giulia;PN;M096;0,5;0
Nord Ovest;Piemonte;BI;M098;11,5;5,5
Isole;Sicilia;CT;M100;5;5,5
Nord Ovest;Lombardia;VA;M101;14;1
Nord Ovest;Lombardia;MI;M102;45,75;10
Nord Est;Veneto;PD;M103;14,75;2,24
Nord Ovest;Lombardia;BS;M104;54,84;3,07
Nord Ovest;Liguria;GE;M105;0;1
Nord Ovest;Piemonte;VC;M106;0;1
Nord Est;Veneto;BL;M108;7,01;0
Nord Ovest;Lombardia;PV;M109;338,32;62
Nord Est;Emilia-Romagna;FE;M110;23,97;2
Nord Ovest;Piemonte;VB;M111;4,2;1,4
Sud;Campania;NA;M115;277,59;50,02
Nord Ovest;Lombardia;CR;M116;5;1
Nord Est;Veneto;TV;M118;108,28;3
Nord Ovest;Lombardia;PV;M119;2;1
Nord Ovest;Piemonte;AL;M120;10;1
Nord Ovest;Piemonte;AL;M121;0;0
Nord Ovest;Piemonte;TO;M122;163,41;11,71
Nord Ovest;Piemonte;AL;M123;4;2,53
Nord Est;Veneto;BL;M124;3;3,75
Nord Ovest;Lombardia;MN;M125;43;5
Centro;Toscana;PI;M126;29,55;21,58
Nord Ovest;Lombardia;CR;M127;1;0
Sud;Campania;AV;M130;2;0
Sud;Puglia;FG;M131;0;1
Sud;Puglia;FG;M132;1;3
Nord Ovest;Piemonte;TO;M133;87,09;8
Nord Ovest;Piemonte;CN;M136;0;0
Sud;Calabria;VV;M138;0;0
Isole;Sicilia;CT;M139;21;7,5
Sud;Calabria;CZ;M140;1;1
Centro;Lazio;RM;M141;48,25;32
Sud;Calabria;VV;M143;1;0
Nord Ovest;Lombardia;BG;M144;15,25;2
Nord Est;Veneto;VI;M145;41;1,52
Nord Ovest;Lombardia;BG;M147;122,08;15,07
Nord Ovest;Lombardia;PV;M150;4;1
Nord Ovest;Lombardia;PV;M152;12,01;1
Isole;Sardegna;OR;M153;0;0
Nord Ovest;Lombardia;CO;M156;2;0
Nord Ovest;Lombardia;LO;M158;87,97;4
Nord Ovest;Lombardia;MI;M160;31;1
Nord Ovest;Lombardia;PV;M161;3;1
Nord Ovest;Lombardia;PV;M162;1;1
Nord Est;Veneto;TV;M163;4;0
Nord Est;Emilia-Romagna;PC;M165;1;0
Nord Ovest;Lombardia;PV;M166;1;0
Nord Ovest;Lombardia;PV;M167;9,33;1
Isole;Sardegna;OR;M168;0;0
Centro;Toscana;MS;M169;1,08;8
Nord Est;Veneto;VI;M170;7;0,67
Nord Est;Veneto;TV;M171;109,06;7,67
Nord Est;Veneto;VR;M172;190,15;6
Nord Ovest;Lombardia;MI;M176;98,23;15,51
Nord Ovest;Liguria;SP;M177;0;0,5
Nord Est;Veneto;VR;M178;21,89;1
Nord Ovest;Piemonte;BI;M179;4;0
Nord Ovest;Lombardia;PV;M180;17,16;1,66
Nord Ovest;Liguria;GE;M182;27,5;4,15
Nord Est;Emilia-Romagna;MO;M183;27,17;6,46
Nord Ovest;Lombardia;BG;M184;52,02;8,36
Nord Est;Emilia-Romagna;BO;M185;245,98;30,5
Sud;Puglia;LE;M187;2,5;1
Nord Ovest;Lombardia;BS;M188;3;1
Nord Est;Veneto;BL;M189;0;0,66
Nord Est;Friuli- Venezia Giulia;PN;M190;72;12,67
Nord Est;Veneto;VI;M194;0;0
Nord Ovest;Piemonte;BI;M196;6,83;6,83
Nord Ovest;Liguria;SV;M197;5;0
Nord Est;Veneto;VI;M199;32,75;1,75
Nord Est;Friuli- Venezia Giulia;UD;M200;0;4
Nord Ovest;Piemonte;BI;M201;2;1
Sud;Calabria;CS;M202;0;2
Sud;Campania;AV;M203;0,75;0
Sud;Calabria;VV;M204;1;0
Centro;Lazio;RM;M207;54,5;9
Sud;Calabria;CZ;M208;47;35,5
Isole;Sardegna;CA;M209;0;0
Isole;Sicilia;ME;M210;7;7
Isole;Sicilia;ME;M211;6;5,2
Centro;Lazio;RM;M212;220,82;33,08
Centro;Lazio;RM;M213;233,03;60,68
Isole;Sardegna;SS;M214;17,83;4
Sud;Campania;SA;M253;2;3
Sud;Abruzzo ;AQ;M255;0;1
Sud;Basilicata;MT;M256;16;7,08
Isole;Sicilia;SR;M257;6;1,83
Centro;Umbria;TR;M258;3;6
Isole;Sardegna;SS;M259;25;0
Sud;Campania;CE;M260;0;2
Sud;Puglia;LE;M261;7,17;4
Sud;Puglia;LE;M263;25,5;6
Sud;Puglia;LE;M264;0,78;0
Nord Est;Friuli- Venezia Giulia;PN;M265;3,5;1,5
Sud;Puglia;FG;M266;11;2
Isole;Sicilia;PA;M268;3;2
Sud;Basilicata;PZ;M269;0;4
Isole;Sardegna;CA;M270;0;0
Isole;Sicilia;CT;M271;2;0
Centro;Lazio;RM;M272;379,65;113,25
Sud;Campania;NA;M273;7,44;11
Isole;Sardegna;SS;M274;44,5;5
Isole;Sardegna;SS;M275;40,62;5
Isole;Sardegna;SS;M276;1;0
Sud;Calabria;RC;M277;3;1
Isole;Sardegna;CA;M278;0;0
Isole;Sicilia;SR;M279;10;0
Sud;Campania;NA;M280;11,33;8,5
Isole;Sicilia;TP;M281;3,5;2
Isole;Sardegna;SS;M282;0;0
Isole;Sicilia;CT;M283;1;1
Isole;Sardegna;SS;M284;0;1
Isole;Sicilia;ME;M286;7;3
Isole;Sicilia;CT;M287;10;4,5
Isole;Sardegna;CA;M288;1;0,13
Sud;Campania;NA;M289;1;1
Isole;Sardegna;SS;M290;6,44;1
Isole;Sardegna;CA;M291;0;0
Isole;Sardegna;SS;M292;0;0
Sud;Campania;SA;M294;26,63;7,33
Centro;Lazio;RM;M295;40,5;10
Centro;Lazio;RM;M297;658,33;107,23
Sud;Puglia;TA;M298;13,67;2,67
Nord Est;Veneto;PD;M300;61,49;1,25
Isole;Sardegna;SS;M301;0;0
Nord Ovest;Piemonte;AT;M302;1;2
Nord Ovest;Piemonte;BI;M304;11,5;1
Nord Est;Veneto;VE;M308;185,81;12,05
Nord Ovest;Lombardia;BS;M312;215,29;18,33
Nord Ovest;Lombardia;CO;M315;38,32;7,5
Nord Ovest;Piemonte;TO;M316;117,17;68
Nord Est;Friuli- Venezia Giulia;UD;M317;62,17;6
Centro;Marche;AN;M318;37,75;1,17
Centro;Toscana;LU;M319;1;1
Nord Est;Emilia-Romagna;BO;M320;330,4;39,07
Centro;Toscana;FI;M321;161,85;23,5
Centro;Toscana;AR;M322;48,5;9,12
Nord Est;Emilia-Romagna;FE;M323;38,59;3,33
Nord Est;Emilia-Romagna;RN;M324;31,5;2
Nord Est;Emilia-Romagna;PR;M325;56,5;4
Centro;Toscana;FI;M326;52,44;16,87
Centro;Toscana;PI;M327;56,97;16
Centro;Toscana;PI;M328;17,25;9,32
Centro;Toscana;AR;M329;12,25;5,53
Sud;Campania;AV;M330;38,5;11,5
Centro;Marche;PS;M331;135,09;8
Nord Est;Veneto;BL;M332;5,5;1
Nord Ovest;Lombardia;BG;M333;22,33;10,12
Nord Ovest;Lombardia;BG;M334;24,49;5,33
Nord Ovest;Lombardia;CO;M335;19;6
Nord Ovest;Lombardia;CO;M336;54,9;11
Nord Ovest;Lombardia;LC;M337;33,5;1
Nord Ovest;Lombardia;PV;M338;0;0
Nord Ovest;Lombardia;VA;M339;16;6
Nord Ovest;Lombardia;MN;M340;122,49;9
Nord Ovest;Lombardia;CO;M341;44;28
Nord Est;Veneto;BL;M342;11,34;5,5
Nord Est;Friuli- Venezia Giulia;PN;M346;14,17;5
Centro;Toscana;LU;M347;0;0
Nord Ovest;Lombardia;LC;M348;29,92;3
Nord Est;Emilia-Romagna;RE;M364;20,62;21,05
Nord Est;Emilia-Romagna;PR;M367;16,33;1
Nord Est;Emilia-Romagna;RN;M368;48,54;2,67
Nord Est;Emilia-Romagna;BO;M369;24,25;12,5
Nord Ovest;Piemonte;VB;M370;1;12
Nord Ovest;Piemonte;BI;M371;12;7,5
Nord Ovest;Lombardia;PV;M372;21,5;13
Nord Ovest;Piemonte;BI;M373;4,33;4,83
Nord Est;Veneto;BL;M374;27,81;12,92
Nord Est;Veneto;BL;M375;22,6;8,78
Centro;Toscana;PT;M376;34;6,14
Centro;Toscana;PT;M377;81,58;2
Centro;Toscana;SI;M378;26;17
Centro;Marche;PS;M379;6,5;3,5
Centro;Marche;PS;M380;53;2,5
Nord Est;Emilia-Romagna;FE;M381;54,44;0
Centro;Marche;MC;M382;3;0,86
Nord Ovest;Lombardia;CO;M383;34;1,5
Nord Est;Veneto;VI;M384;14;2
Sud;Calabria;CS;M385;9;4
Nord Est;Emilia-Romagna;PC;M386;10;5
Nord Ovest;Liguria;IM;M387;1;4
Nord Ovest;Piemonte;AL;M388;5,33;0
Nord Ovest;Piemonte;VC;M389;1;0
Centro;Toscana;LI;M391;49,33;11,95
Centro;Toscana;AR;M392;21,92;2
Nord Ovest;Lombardia;LO;M393;9,61;0
Nord Ovest;Lombardia;CO;M394;23;6,25
Nord Ovest;Lombardia;LC;M395;4;2
Nord Ovest;Lombardia;MN;M396;28,02;2,5
Nord Ovest;Piemonte;AL;M397;1,33;0
Nord Ovest;Piemonte;VC;M398;5,17;7,5
Nord Est;Friuli- Venezia Giulia;UD;M399;2;3
Nord Est;Veneto;VI;M401;41,93;1
Nord Est;Veneto;PD;M402;38,5;1
Sud;Calabria;CS;M403;106,07;92,61
;;;;;
