AREA;REGIONE;PROVINCIA;2021_CodCom;NTN_2021_Depositi_Pert;NTN_2021_Box
Nord Est;Veneto;PD;A001;17,1;335,49
Nord Ovest;Lombardia;LO;A004;0;2
Nord Ovest;Lombardia;LC;A005;14,17;38
Centro;Toscana;SI;A006;16,75;55,22
Isole;Sardegna;OR;A007;2;1,08
Sud;Abruzzo;PE;A008;3;1
Nord Ovest;Lombardia;MI;A010;104,23;393,29
Sud;Basilicata;PZ;A013;8,28;0
Isole;Sicilia;RG;A014;1;17
Sud;Puglia;FG;A015;3;9,78
Nord Ovest;Piemonte;CN;A016;1;2
Sud;Basilicata;MT;A017;7,34;2
Sud;Abruzzo;AQ;A018;1;1
Centro;Lazio;RI;A019;0;1
Sud;Basilicata;PZ;A020;10;2
Sud;Campania;SA;A023;12,43;7,93
Sud;Campania;NA;A024;43,33;227,81
Isole;Sicilia;CT;A025;2;19
Isole;Sicilia;CT;A026;28;130,02
Isole;Sicilia;CT;A027;18;172,14
Isole;Sicilia;CT;A028;50,59;246,43
Isole;Sicilia;CT;A029;22;72,93
Centro;Lazio;FR;A032;0;0
Sud;Calabria;CS;A033;1;0
Nord Ovest;Lombardia;BS;A034;1;10,72
Centro;Marche;PS;A035;1;7,5
Nord Ovest;Lombardia;MN;A038;0;9,42
Nord Ovest;Lombardia;CR;A039;2;6,92
Centro;Lazio;VT;A040;9,17;22,5
Sud;Calabria;CS;A041;4;4
Sud;Calabria;VV;A043;1;0
Centro;Marche;AP;A044;22,17;5,7
Centro;Umbria;TR;A045;13,5;25
Centro;Marche;AP;A047;2,5;22,39
Sud;Puglia;BA;A048;35,22;104,44
Isole;Sicilia;CL;A049;2;0
Sud;Molise;CB;A050;0;2,5
Sud;Molise;IS;A051;0;1
Nord Ovest;Piemonte;AL;A052;67,37;132,58
Sud;Calabria;CS;A053;11,27;10
Centro;Lazio;FR;A054;3;0
Sud;Puglia;BA;A055;21,33;91,33
Isole;Sicilia;CT;A056;32,17;115,23
Nord Ovest;Lombardia;BG;A057;6;18,67
Nord Ovest;Lombardia;BG;A058;0,5;7
Nord Est;Veneto;RO;A059;21,5;133,74
Nord Ovest;Lombardia;BS;A060;4,5;53,28
Nord Est;Veneto;VR;A061;4;52,9
Centro;Lazio;RM;A062;2;4
Sud;Campania;NA;A064;38,39;98,75
Sud;Calabria;RC;A065;0;1
Nord Est;Emilia-Romagna;PC;A067;10,25;23,83
Sud;Campania;NA;A068;12;8
Isole;Sardegna;SS;A069;4;0
Isole;Sicilia;EN;A070;10,25;23,63
Centro;Toscana;PT;A071;18,75;103,2
Nord Ovest;Piemonte;AT;A072;5;7,04
Nord Ovest;Piemonte;TO;A074;5;29
Nord Est;Veneto;PD;A075;1;13
Nord Ovest;Lombardia;CR;A076;1;54,33
Sud;Calabria;RC;A077;0;0
Sud;Molise;IS;A080;2;7,13
Centro;Lazio;FR;A081;3;3,6
Nord Ovest;Lombardia;BS;A082;3,84;21,83
Nord Est;Veneto;BL;A083;8,67;39,67
Centro;Lazio;RM;A084;10;2
Nord Ovest;Lombardia;VA;A085;2,04;6,5
Nord Ovest;Lombardia;MI;A087;119,08;330,87
Nord Ovest;Piemonte;NO;A088;6;29
Isole;Sicilia;AG;A089;48,75;57,76
Sud;Campania;SA;A091;40,29;100,84
Centro;Marche;AN;A092;4;32,63
Nord Est;Veneto;VI;A093;1;9
Nord Ovest;Valle d'Aosta;AO;A094;41,51;72,39
Nord Ovest;Lombardia;MI;A096;4;21
Isole;Sardegna;OR;A097;0;0
Isole;Sicilia;EN;A098;4;10,72
Sud;Abruzzo;AQ;A100;5;4
Sud;Campania;AV;A101;4,34;14,07
Sud;Calabria;CS;A102;1;1
Sud;Calabria;CS;A105;1;0
Sud;Campania;CE;A106;1;0
Nord Ovest;Piemonte;BI;A107;0,66;2,66
Nord Ovest;Valle d'Aosta;AO;A108;13,75;10,5
Nord Ovest;Piemonte;TO;A109;10;38,5
Sud;Campania;BN;A110;9;10,67
Nord Ovest;Liguria;IM;A111;9;3
Nord Ovest;Lombardia;LC;A112;9,83;23,73
Nord Ovest;Piemonte;CN;A113;1,33;6,5
Isole;Sardegna;SS;A115;0;0
Nord Ovest;Piemonte;TO;A117;5;7
Nord Ovest;Lombardia;PV;A118;3;11
Nord Ovest;Piemonte;VC;A119;1,56;14,34
Sud;Abruzzo;PE;A120;0;2
Nord Est;Veneto;BL;A121;1;26
Nord Ovest;Liguria;SV;A122;107,63;356,66
Centro;Lazio;FR;A123;19,05;21,89
Nord Ovest;Piemonte;CN;A124;187,01;410,7
Sud;Abruzzo;TE;A125;116,67;226,13
Isole;Sardegna;OR;A126;0;0
Nord Ovest;Lombardia;MI;A127;22,34;71,5
Sud;Campania;SA;A128;10;2,5
Nord Ovest;Lombardia;BG;A129;12,74;148,21
Nord Ovest;Piemonte;VC;A130;2;1
Sud;Basilicata;PZ;A131;4,34;0
Centro;Lazio;RM;A132;61,03;289,28
Nord Ovest;Lombardia;PV;A134;0;2
Nord Ovest;Lombardia;SO;A135;4;3
Nord Est;Veneto;VR;A137;2;55,17
Nord Est;Emilia-Romagna;PR;A138;12,5;18,25
Nord Ovest;Piemonte;CN;A139;0;2
Nord Ovest;Lombardia;CO;A143;5,75;62,95
Nord Ovest;Liguria;SV;A145;77,83;189,83
Nord Ovest;Piemonte;AL;A146;1;2
Sud;Puglia;BA;A149;17;30,2
Sud;Puglia;FG;A150;2,22;4
Nord Ovest;Lombardia;CO;A153;11;39,83
Nord Est;Veneto;VI;A154;1;16,72
Sud;Calabria;CZ;A155;2;0
Nord Ovest;Piemonte;TO;A157;0;8,5
Nord Ovest;Lombardia;MI;A159;26,07;101,89
Sud;Calabria;CS;A160;2;0
Nord Est;Veneto;PD;A161;16,88;584,72
Nord Est;Emilia-Romagna;RE;A162;20,62;87,54
Nord Ovest;Lombardia;BG;A163;38,98;224,66
Nord Ovest;Lombardia;CO;A164;11,5;30,78
Nord Ovest;Liguria;SV;A165;16;58,41
Nord Ovest;Liguria;SV;A166;63,14;74,5
Nord Ovest;Lombardia;VA;A167;4,07;50,96
Nord Ovest;Lombardia;PV;A171;0;5
Nord Ovest;Lombardia;SO;A172;43,12;19,49
Nord Ovest;Piemonte;AT;A173;2;6
Nord Ovest;Lombardia;PV;A175;4;61,83
Isole;Sicilia;TP;A176;39;128,77
Isole;Sicilia;ME;A177;1,92;3
Isole;Sardegna;OR;A180;0;0
Isole;Sicilia;AG;A181;6;1
Nord Ovest;Piemonte;AL;A182;274,84;664,9
Sud;Calabria;CS;A183;1;1
Sud;Puglia;LE;A184;5;7,94
Sud;Puglia;LE;A185;7;28,33
Sud;Campania;SA;A186;1;0
Sud;Abruzzo;AQ;A187;9,38;13,15
Nord Ovest;Lombardia;BS;A188;0,5;9,33
Nord Ovest;Piemonte;AL;A189;2;2
Nord Est;Emilia-Romagna;RA;A191;11,5;98,15
Isole;Sardegna;SS;A192;124,61;438,17
Nord Ovest;Lombardia;BG;A193;1,5;8,13
Isole;Sicilia;ME;A194;1;2
Isole;Sicilia;PA;A195;6;2
Sud;Basilicata;MT;A196;3;0
Nord Ovest;Piemonte;AL;A197;2;1
Nord Ovest;Piemonte;VC;A198;3;21
Sud;Campania;CE;A200;2;4
Isole;Sicilia;ME;A201;0,57;5
Isole;Sicilia;PA;A202;4;4
Isole;Sicilia;PA;A203;2;0
Isole;Sardegna;OR;A204;0;1
Nord Ovest;Valle d'Aosta;AO;A205;0;0
Nord Est;Veneto;BL;A206;8,45;25
Centro;Umbria;TR;A207;0,5;13,75
Sud;Puglia;LE;A208;4;16,5
Centro;Lazio;RM;A210;6,67;4
Nord Ovest;Lombardia;BG;A214;25,28;68,67
Nord Ovest;Lombardia;BG;A215;12,79;57,99
Nord Ovest;Lombardia;BG;A216;13;65,68
Nord Ovest;Lombardia;BG;A217;10;57,22
Nord Ovest;Piemonte;TO;A218;19;59,6
Nord Est;Veneto;VI;A220;1;14,11
Nord Ovest;Piemonte;TO;A221;2,5;5
Nord Ovest;Piemonte;TO;A222;65,84;191,4
Nord Est;Emilia-Romagna;PC;A223;19;54,97
Nord Ovest;Lombardia;CO;A224;8;36
Sud;Puglia;BA;A225;206,05;451,81
Nord Ovest;Liguria;SV;A226;19,08;10
Nord Ovest;Piemonte;AL;A227;1;4
Sud;Campania;AV;A228;3;2,33
Isole;Sicilia;PA;A229;10,33;7
Sud;Campania;SA;A230;15,63;13,67
Nord Est;Veneto;VI;A231;10;222,18
Centro;Marche;AP;A233;3;60,83
Sud;Calabria;CS;A234;1;0
Sud;Abruzzo;CH;A235;3;21
Nord Est;Veneto;VI;A236;7;11
Nord Est;Veneto;TV;A237;4;30
Nord Ovest;Piemonte;CN;A238;0;0
Isole;Sicilia;PA;A239;7,17;6
Sud;Calabria;CS;A240;11;1
Centro;Toscana;LU;A241;24;146,5
Centro;Umbria;TR;A242;6,5;4
Sud;Campania;CE;A243;3,06;5,78
Centro;Lazio;FR;A244;6;2
Nord Ovest;Piemonte;AL;A245;0;0
Nord Ovest;Lombardia;BG;A246;38,01;231,23
Nord Ovest;Lombardia;CO;A249;14,1;59,47
Sud;Campania;SA;A251;7,67;4
Centro;Marche;AP;A252;13,5;17,16
Sud;Calabria;CS;A253;7,3;40,33
Nord Est;Friuli- Venezia Giulia;UD;A254;1,5;5
Sud;Calabria;CZ;A255;1;0
Centro;Lazio;FR;A256;1;4,83
Sud;Calabria;CZ;A257;1;0
Centro;Lazio;RI;A258;5,16;3
Nord Ovest;Lombardia;BG;A259;5,84;32,33
Nord Ovest;Liguria;SP;A261;24,58;33,5
Centro;Umbria;TR;A262;50,33;81,92
Sud;Calabria;CS;A263;2;5,57
Nord Ovest;Piemonte;NO;A264;2;2,67
Sud;Campania;BN;A265;0;2
Nord Est;Friuli- Venezia Giulia;UD;A267;1;5
Sud;Campania;NA;A268;10;7
Centro;Lazio;FR;A269;27,5;42,98
Sud;Abruzzo;TE;A270;2;6
Centro;Marche;AN;A271;264,91;493,43
Sud;Calabria;CZ;A272;0;0
Nord Ovest;Lombardia;SO;A273;1;0
Nord Ovest;Piemonte;TO;A275;2;13,5
Nord Ovest;Liguria;SV;A278;62,57;202,14
Nord Ovest;Piemonte;BI;A280;11,18;22
Sud;Puglia;LE;A281;1;1
Nord Ovest;Piemonte;TO;A282;11;3
Nord Est;Friuli- Venezia Giulia;PN;A283;1;2
Sud;Campania;AV;A284;4,92;2,92
Sud;Puglia;BA;A285;176,79;439,69
Isole;Sardegna;SS;A287;1;0
Nord Ovest;Lombardia;BS;A288;2;4,67
Nord Ovest;Lombardia;VA;A290;12,1;56,17
Centro;Toscana;AR;A291;17,44;20,46
Nord Est;Veneto;VR;A292;0;46,34
Nord Ovest;Lombardia;BS;A293;6;17,33
Sud;Campania;SA;A294;28,59;104,51
Nord Ovest;Piemonte;TO;A295;4;4
Nord Est;Veneto;PD;A296;1,34;19,24
Centro;Lazio;RM;A297;16,42;61,44
Nord Ovest;Lombardia;CR;A299;1;13,34
Nord Ovest;Piemonte;AT;A300;6;13,17
Nord Ovest;Lombardia;LC;A301;8;15
Nord Est;Veneto;VE;A302;6,5;25,5
Sud;Calabria;RC;A303;0;0
Nord Ovest;Lombardia;BG;A304;3,17;33
Nord Ovest;Valle d'Aosta;AO;A305;11,68;17,83
Nord Ovest;Valle d'Aosta;AO;A308;3,77;5
Centro;Lazio;RM;A309;7;1
Centro;Lazio;FR;A310;25,51;27,08
Nord Ovest;Piemonte;AT;A312;2;6
Isole;Sicilia;ME;A313;1;1
Sud;Calabria;RC;A314;0;0
Centro;Lazio;RI;A315;4,83;11,5
Nord Ovest;Piemonte;VB;A317;3,75;7
Sud;Abruzzo;AQ;A318;1,83;3,27
Nord Ovest;Lombardia;CO;A319;3,5;10
Sud;Puglia;FG;A320;0,5;3
Sud;Basilicata;PZ;A321;3,75;1
Centro;Lazio;RM;A323;138,08;518,86
Nord Est;Emilia-Romagna;BO;A324;38;160,25
Nord Ovest;Piemonte;VB;A325;5,33;2
Nord Ovest;Valle d'Aosta;AO;A326;137,46;285,1
Centro;Marche;PS;A327;2;4,92
Sud;Campania;BN;A328;8;5,5
Centro;Marche;MC;A329;0,5;4
Sud;Campania;BN;A330;1,4;0
Nord Ovest;Lombardia;CO;A333;18,42;86,7
Centro;Marche;MC;A334;2,17;18
Centro;Marche;AP;A335;0;5
Nord Ovest;Lombardia;SO;A337;32,69;80,04
Nord Ovest;Liguria;IM;A338;18,5;1
Sud;Puglia;FG;A339;7,5;42,92
Sud;Calabria;CS;A340;3;1
Centro;Lazio;LT;A341;147,09;563,1
Sud;Campania;SA;A343;4;0
Nord Ovest;Liguria;IM;A344;0;0
Sud;Abruzzo;AQ;A345;205,29;444,04
Sud;Campania;AV;A347;2,67;4,75
Centro;Lazio;FR;A348;2;6
Sud;Puglia;LE;A350;4;7
Isole;Sicilia;AG;A351;17;6
Nord Ovest;Piemonte;AT;A352;0;5
Nord Est;Friuli- Venezia Giulia;PN;A354;1;4,33
Isole;Sardegna;NU;A355;18;85,35
Isole;Sardegna;OR;A357;0;2
Nord Ovest;Piemonte;VC;A358;1;7
Isole;Sardegna;CA;A359;5;21,17
Nord Est;Veneto;TV;A360;6;39,5
Centro;Lazio;FR;A363;7;4
Nord Ovest;Lombardia;BG;A365;9,27;62,82
Centro;Marche;AN;A366;13;12
Sud;Abruzzo;CH;A367;3;4
Isole;Sardegna;OR;A368;0;0,67
Centro;Toscana;GR;A369;67,33;21,77
Centro;Lazio;RM;A370;11;13
Nord Ovest;Lombardia;VA;A371;16,83;88,32
Nord Ovest;Liguria;SP;A373;40,88;39,5
Nord Est;Veneto;VR;A374;4,86;53
Nord Ovest;Lombardia;MI;A375;15,5;74,77
Nord Ovest;Lombardia;MI;A376;102,75;281,36
Nord Est;Veneto;VI;A377;17,5;60,18
Isole;Sardegna;SS;A379;0;1
Isole;Sardegna;OR;A380;0;1
Nord Ovest;Lombardia;SO;A382;11,84;11
Nord Ovest;Lombardia;BG;A383;10,17;40,07
Sud;Calabria;RC;A385;9;7,75
Sud;Calabria;VV;A386;3;1
Nord Ovest;Lombardia;PV;A387;4;3
Nord Ovest;Liguria;GE;A388;43,59;189,89
Nord Ovest;Lombardia;MI;A389;70,34;308,03
Centro;Toscana;AR;A390;272,79;768,09
Nord Ovest;Lombardia;CO;A391;9,5;17,5
Nord Est;Emilia-Romagna;BO;A392;18,58;157,3
Nord Est;Emilia-Romagna;FE;A393;32,15;207,24
Nord Ovest;Piemonte;CN;A394;1;15,17
Nord Ovest;Piemonte;CN;A396;0;3
Sud;Calabria;CZ;A397;0;0
Sud;Abruzzo;CH;A398;0;2,83
Sud;Campania;AV;A399;19,14;40,02
Nord Est;Veneto;RO;A400;1;7
Centro;Lazio;RM;A401;32;77,5
Sud;Abruzzo;CH;A402;0;1
Sud;Campania;CE;A403;6;7,68
Nord Ovest;Piemonte;TO;A405;0;15
Isole;Sardegna;NU;A407;0;2
Nord Ovest;Piemonte;VB;A409;2;24,22
Centro;Lazio;VT;A412;8;1
Nord Ovest;Lombardia;MI;A413;28,84;127,98
Nord Ovest;Piemonte;NO;A414;11,5;9,5
Sud;Basilicata;PZ;A415;4;0
Nord Ovest;Liguria;IM;A418;0;0
Isole;Sardegna;CA;A419;0;0
Centro;Lazio;FR;A421;2;0,5
Nord Ovest;Liguria;SV;A422;4;0
Nord Ovest;Valle d'Aosta;AO;A424;8;1
Sud;Puglia;LE;A425;4;5
Nord Ovest;Piemonte;VB;A427;2;1
Nord Ovest;Piemonte;NO;A429;67,13;193,95
Nord Ovest;Lombardia;CO;A430;7;63
Sud;Campania;BN;A431;1;3
Sud;Campania;BN;A432;0;0
Centro;Lazio;FR;A433;9,75;4
Nord Est;Veneto;PD;A434;9,66;10
Nord Est;Veneto;RO;A435;3;20,5
Nord Ovest;Piemonte;AL;A436;13,17;60,5
Centro;Marche;AP;A437;10;2
Nord Est;Veneto;PD;A438;3;16,5
Centro;Umbria;TR;A439;2,67;4,84
Nord Ovest;Lombardia;BG;A440;3;36,79
Nord Ovest;Lombardia;VA;A441;4;48,16
Nord Est;Veneto;BL;A443;9,5;17,98
Nord Est;Veneto;VI;A444;6,58;20,38
Sud;Abruzzo;TE;A445;0;0
Centro;Lazio;RM;A446;1,97;3
Nord Est;Friuli- Venezia Giulia;UD;A447;2;13,5
Nord Est;Friuli- Venezia Giulia;UD;A448;18,77;32,5
Centro;Lazio;RM;A449;13,56;33
Nord Ovest;Lombardia;BS;A451;10,6;58,43
Nord Ovest;Valle d'Aosta;AO;A452;8;2,25
Isole;Sardegna;SS;A453;37,35;157,26
Isole;Sardegna;NU;A454;0;0
Sud;Campania;NA;A455;15,65;28,67
Nord Est;Veneto;PD;A458;1;41,88
Nord Est;Veneto;VI;A459;23,17;238,31
Sud;Campania;SA;A460;8,5;38,2
Centro;Toscana;SI;A461;13,2;56,25
Centro;Marche;AP;A462;111,01;219,54
Sud;Puglia;FG;A463;8;13,67
Centro;Lazio;RI;A464;5;1
Nord Est;Veneto;VI;A465;27,63;161,75
Nord Ovest;Piemonte;VC;A466;2;7,25
Nord Est;Veneto;VI;A467;1;4
Centro;Toscana;SI;A468;24,56;69,09
Nord Ovest;Lombardia;MN;A470;21,89;101,3
Nord Est;Veneto;TV;A471;3;59,97
Centro;Lazio;RI;A472;2;4
Nord Ovest;Lombardia;MI;A473;61,87;227
Isole;Sardegna;CA;A474;31,5;93
Centro;Umbria;PG;A475;43,11;145,76
Nord Ovest;Lombardia;CO;A476;9;29,67
Isole;Sardegna;OR;A477;0;0
Isole;Sicilia;EN;A478;5,48;7,56
Nord Ovest;Piemonte;AT;A479;237,35;575,99
Isole;Sardegna;OR;A480;0;0
Sud;Abruzzo;AQ;A481;12,25;3
Sud;Basilicata;PZ;A482;5;10,5
Sud;Campania;SA;A484;7;3
Sud;Abruzzo;CH;A485;17;29,5
Centro;Lazio;FR;A486;3,73;4,5
Sud;Campania;SA;A487;2;0
Sud;Abruzzo;TE;A488;22,15;23
Sud;Campania;AV;A489;16,68;34,5
Centro;Umbria;TR;A490;7;6,67
Nord Est;Friuli- Venezia Giulia;UD;A491;1;8
Isole;Sardegna;NU;A492;0;0
Isole;Sicilia;SR;A494;22,37;106,45
Sud;Campania;SA;A495;1,4;2
Centro;Toscana;MS;A496;24,62;48,33
Nord Ovest;Piemonte;VB;A497;3;1
Nord Ovest;Liguria;IM;A499;7;1
Nord Est;Veneto;BL;A501;22,44;76,05
Centro;Lazio;FR;A502;0,25;2
Isole;Sardegna;NU;A503;0;0
Nord Ovest;Liguria;GE;A506;8;28
Sud;Campania;AV;A508;4,5;5
Sud;Campania;AV;A509;39,97;289,9
Nord Ovest;Lombardia;BG;A511;5;3
Sud;Campania;CE;A512;39,55;230,06
Sud;Puglia;TA;A514;9;8
Sud;Abruzzo;AQ;A515;54,5;230,08
Nord Est;Friuli- Venezia Giulia;PN;A516;25,83;119,22
Nord Ovest;Lombardia;BG;A517;0;44,58
Nord Ovest;Piemonte;TO;A518;42,5;115,34
Sud;Basilicata;PZ;A519;27,7;11,4
Nord Ovest;Valle d'Aosta;AO;A521;1;2
Isole;Sicilia;SR;A522;23,5;75,8
Nord Ovest;Piemonte;AL;A523;1;1
Nord Ovest;Piemonte;TO;A525;2;14
Nord Ovest;Lombardia;CR;A526;0;8
Nord Ovest;Piemonte;AT;A527;0;1
Nord Ovest;Lombardia;BG;A528;17,67;90,87
Nord Ovest;Lombardia;BS;A529;1;61
Nord Est;Friuli- Venezia Giulia;PN;A530;30,5;159,31
Nord Ovest;Lombardia;VA;A531;18;75,33
Nord Ovest;Lombardia;VA;A532;3;3
Nord Ovest;Lombardia;BG;A533;1;2,63
Nord Ovest;Piemonte;VB;A534;5,97;5
Sud;Campania;NA;A535;15,36;18,13
Nord Ovest;Liguria;IM;A536;6;1
Nord Ovest;Lombardia;PV;A538;0;1
Nord Est;Veneto;RO;A539;10,09;76,53
Nord Est;Veneto;VR;A540;4,52;11,58
Centro;Toscana;AR;A541;0;0
Sud;Calabria;CZ;A542;7,5;2
Sud;Calabria;RC;A544;0;0
Isole;Sicilia;PA;A546;32,5;53,35
Nord Est;Emilia-Romagna;RA;A547;7,17;136,63
Nord Ovest;Lombardia;PV;A550;2,84;1,67
Nord Est;Emilia-Romagna;RA;A551;1;19,5
Sud;Calabria;RC;A552;0,5;4
Nord Est;Friuli- Venezia Giulia;UD;A553;9;33,01
Nord Ovest;Piemonte;CN;A555;2;4,67
Nord Ovest;Lombardia;BG;A557;8,35;76,14
Centro;Toscana;LU;A560;8,5;10,5
Centro;Toscana;PT;A561;38,24;192,92
Centro;Toscana;PI;A562;77,93;230,39
Centro;Toscana;FI;A564;39,5;181,33
Nord Est;Emilia-Romagna;FO;A565;15,9;47,96
Sud;Campania;AV;A566;4,33;23,17
Sud;Molise;IS;A567;1;2
Nord Est;Veneto;PD;A568;1;29
Nord Ovest;Lombardia;BS;A569;7;107,84
Nord Ovest;Lombardia;CR;A570;3,17;87,67
Nord Ovest;Piemonte;CN;A571;25,01;84,59
Sud;Puglia;LE;A572;4;1
Nord Est;Emilia-Romagna;RE;A573;7,84;109,7
Nord Est;Veneto;RO;A574;1;6
Nord Ovest;Lombardia;MN;A575;3,5;84,55
Centro;Toscana;MS;A576;19,25;7,92
Centro;Lazio;VT;A577;7;12,5
Nord Ovest;Lombardia;BS;A578;10,5;12,09
Sud;Campania;CE;A579;1;1
Sud;Campania;AV;A580;2,22;10,5
Nord Ovest;Liguria;IM;A581;9,33;1
Nord Ovest;Piemonte;TO;A584;5;2
Nord Est;Emilia-Romagna;RE;A586;14;27,58
Nord Ovest;Piemonte;TO;A587;11;19
Nord Ovest;Piemonte;AT;A588;1;2
Nord Ovest;Piemonte;CN;A589;2;4
Nord Ovest;Piemonte;TO;A590;2,5;3
Nord Ovest;Piemonte;TO;A591;9,5;52,42
Isole;Sicilia;PA;A592;6;4
Nord Ovest;Liguria;SV;A593;6;3
Nord Ovest;Lombardia;LC;A594;8,33;61,16
Isole;Sardegna;CA;A597;0;0
Nord Ovest;Piemonte;TO;A599;2;3
Nord Ovest;Piemonte;VC;A600;0;0
Nord Ovest;Piemonte;VC;A601;0;4
Sud;Abruzzo;AQ;A603;0,5;10
Sud;Basilicata;PZ;A604;0;1
Nord Ovest;Piemonte;AL;A605;3;9
Isole;Sardegna;SS;A606;0;2
Nord Ovest;Piemonte;TO;A607;12,5;38,17
Isole;Sardegna;OR;A609;0;0
Nord Ovest;Piemonte;VB;A610;2;12
Sud;Basilicata;PZ;A612;2;0
Nord Est;Veneto;PD;A613;1;29,17
Isole;Sardegna;OR;A614;0;0
Sud;Basilicata;PZ;A615;3;2
Sud;Molise;CB;A616;3;5
Sud;Campania;NA;A617;8,17;1
Nord Ovest;Lombardia;MI;A618;28,42;71,25
Nord Ovest;Lombardia;VA;A619;1;13
Isole;Sardegna;OR;A621;0;0
Nord Ovest;Piemonte;TO;A625;2;13
Centro;Marche;AN;A626;4;4
Centro;Lazio;VT;A628;3;1
Nord Ovest;Piemonte;CN;A629;0;1
Nord Ovest;Lombardia;BS;A630;2;19,25
Nord Ovest;Lombardia;BG;A631;0;6
Centro;Toscana;FI;A632;14,17;105,13
Nord Ovest;Lombardia;PV;A634;1;9
Nord Est;Veneto;PD;A637;0;0
Isole;Sicilia;ME;A638;23,1;30,72
Nord Est;Friuli- Venezia Giulia;PN;A640;1;0,33
Nord Ovest;Valle d'Aosta;AO;A643;1;0
Nord Ovest;Lombardia;VA;A645;0;21
Nord Est;Emilia-Romagna;PR;A646;8,22;18,8
Nord Ovest;Liguria;SV;A647;8;2
Nord Est;Veneto;VR;A650;12,44;141,11
Nord Ovest;Piemonte;TO;A651;60,55;259,06
Nord Ovest;Lombardia;MI;A652;64,69;236,13
Nord Ovest;Piemonte;NO;A653;1;3
Isole;Sardegna;OR;A655;0;0
Sud;Abruzzo;AQ;A656;2;3
Centro;Toscana;LU;A657;16,58;27
Nord Ovest;Liguria;GE;A658;28;12
Nord Ovest;Piemonte;CN;A660;32,67;59,22
Nord Ovest;Lombardia;BS;A661;3;1,5
Sud;Puglia;BA;A662;685,39;2133,28
Isole;Sardegna;NU;A663;1;8
Nord Ovest;Lombardia;BG;A664;2;36,5
Nord Est;Emilia-Romagna;BO;A665;9;91,67
Sud;Basilicata;PZ;A666;7,76;5,8
Sud;Abruzzo;AQ;A667;3;8
Nord Ovest;Lombardia;MI;A668;16;94,6
Sud;Puglia;BA;A669;110,52;411,63
Nord Ovest;Lombardia;CO;A670;1;4
Nord Ovest;Piemonte;CN;A671;0;0
Nord Ovest;Piemonte;TO;A673;2;3
Sud;Campania;SA;A674;40,22;117,61
Isole;Sicilia;EN;A676;12;19,67
Isole;Sardegna;CA;A677;0;0
Sud;Abruzzo;AQ;A678;4;1,5
Isole;Sardegna;CA;A681;0;0
Nord Ovest;Lombardia;LC;A683;5,72;23,48
Nord Ovest;Lombardia;BG;A684;4,44;20
Nord Ovest;Lombardia;LC;A686;12,89;56,89
Nord Ovest;Lombardia;LC;A687;11,11;49,49
Nord Ovest;Piemonte;AL;A689;3;18
Nord Ovest;Lombardia;PV;A690;2;14,08
Centro;Umbria;TR;A691;22;22,25
Sud;Abruzzo;TE;A692;6;7
Sud;Campania;BN;A696;2;0
Nord Ovest;Lombardia;MI;A697;12;48,58
Isole;Sicilia;ME;A698;0;0
Nord Ovest;Lombardia;MI;A699;35;174,1
Nord Est;Friuli- Venezia Giulia;UD;A700;2,5;31
Centro;Lazio;VT;A701;10,5;7,5
Nord Ovest;Lombardia;BS;A702;0;10
Nord Est;Veneto;VI;A703;91,87;549,01
Centro;Lazio;VT;A704;15,67;12,31
Nord Ovest;Lombardia;VA;A705;1;2,5
Centro;Lazio;VT;A706;4;8
Centro;Lazio;LT;A707;5,5;1
Nord Ovest;Piemonte;AL;A708;0;10
Nord Ovest;Piemonte;CN;A709;4;5
Centro;Umbria;PG;A710;39,17;189,06
Nord Ovest;Lombardia;PV;A712;0;4,5
Nord Est;Emilia-Romagna;MO;A713;7;62,83
Nord Est;Veneto;PD;A714;3,5;31,75
Nord Ovest;Piemonte;CN;A716;3;1
Sud;Campania;SA;A717;52,58;203,56
Nord Ovest;Lombardia;PV;A718;1;10
Isole;Sicilia;PA;A719;2;0
Centro;Lazio;FR;A720;3;3
Isole;Sardegna;OR;A721;0;0
Isole;Sardegna;NU;A722;0;5
Nord Ovest;Piemonte;VB;A725;14,61;94,29
Nord Ovest;Lombardia;VA;A728;1;1
Nord Ovest;Lombardia;BS;A729;7,76;121,31
Nord Est;Emilia-Romagna;PR;A731;6,33;24,83
Nord Ovest;Lombardia;BG;A732;1;2,51
Nord Ovest;Piemonte;VB;A733;6;6,33
Nord Ovest;Piemonte;TO;A734;65;146,8
Nord Ovest;Piemonte;CN;A735;14,5;40
Sud;Calabria;CZ;A736;1;3
Nord Est;Veneto;VR;A737;6;31,46
Nord Ovest;Piemonte;AL;A738;4;2
Centro;Marche;MC;A739;3;7
Centro;Marche;PS;A740;2,33;1
Nord Ovest;Lombardia;PV;A741;10,5;70,97
Nord Ovest;Piemonte;VB;A742;0;8
Sud;Basilicata;PZ;A743;6,89;4,89
Nord Ovest;Lombardia;LC;A745;24,01;89,01
Sud;Abruzzo;TE;A746;2;22,5
Nord Est;Emilia-Romagna;RN;A747;44,44;195,57
Centro;Lazio;RM;A749;4;3
Nord Ovest;Piemonte;CN;A750;0;0
Nord Ovest;Lombardia;MI;A751;8,24;43,33
Nord Ovest;Piemonte;NO;A752;16,59;108,66
Sud;Campania;CE;A755;8,22;21,99
Sud;Campania;SA;A756;4,33;1
Nord Est;Veneto;BL;A757;91,07;283,85
Nord Ovest;Lombardia;MI;A759;17;76,82
Centro;Marche;AP;A760;0;0
Sud;Molise;IS;A761;0;2
Sud;Calabria;CS;A762;0;2
Centro;Lazio;FR;A763;0;0
Isole;Sicilia;PA;A764;7,84;0
Centro;Lazio;RI;A765;5,5;2
Isole;Sicilia;CT;A766;21;123,5
Sud;Calabria;CS;A768;0;1
Centro;Marche;AN;A769;3,5;6
Nord Ovest;Piemonte;AT;A770;2;2
Nord Est;Emilia-Romagna;BO;A771;15,87;42,01
Sud;Calabria;KR;A772;0;1
Sud;Calabria;CS;A773;5;22
Nord Ovest;Piemonte;CN;A774;3;0
Isole;Sardegna;NU;A776;0;0
Nord Ovest;Lombardia;SO;A777;3;0
Nord Ovest;Lombardia;CO;A778;2;0
Nord Ovest;Piemonte;CN;A779;7;25
Sud;Calabria;RC;A780;0;1
Isole;Sardegna;SS;A781;1;1
Nord Ovest;Piemonte;CN;A782;0;4
Sud;Campania;BN;A783;84,76;159,82
Nord Ovest;Piemonte;BI;A784;0;13,5
Nord Est;Emilia-Romagna;BO;A785;27,72;58,3
Nord Ovest;Lombardia;BG;A786;6,3;21,63
Nord Ovest;Lombardia;SO;A787;14,5;7,5
Nord Est;Emilia-Romagna;PR;A788;11,37;20,5
Isole;Sardegna;SS;A789;1,33;3
Nord Ovest;Lombardia;CO;A791;8;19
Nord Ovest;Lombardia;PV;A792;6;33,5
Nord Ovest;Piemonte;AL;A793;1;4,5
Nord Ovest;Lombardia;BG;A794;430,85;1943,86
Nord Est;Veneto;RO;A795;1;13,25
Nord Ovest;Liguria;SV;A796;5,13;52,17
Nord Ovest;Piemonte;CN;A798;2;2
Nord Ovest;Lombardia;BS;A799;0;27,5
Sud;Basilicata;MT;A801;13,5;29
Nord Ovest;Lombardia;MI;A802;50,27;200,77
Nord Ovest;Lombardia;MI;A804;9,34;22,5
Nord Ovest;Piemonte;CN;A805;17;48,5
Nord Est;Emilia-Romagna;FO;A809;15,67;132,84
Nord Est;Friuli- Venezia Giulia;UD;A810;0;11,5
Nord Ovest;Lombardia;LO;A811;0;5,5
Nord Ovest;Piemonte;AT;A812;2;4
Nord Ovest;Piemonte;AL;A813;0;1
Nord Ovest;Lombardia;BG;A815;1;10
Nord Ovest;Lombardia;BS;A816;2,5;3
Nord Ovest;Lombardia;BS;A817;2;12,83
Nord Ovest;Lombardia;MI;A818;46,79;183,64
Nord Ovest;Lombardia;VA;A819;3;25
Nord Ovest;Lombardia;MI;A820;5;23,16
Nord Est;Emilia-Romagna;PC;A823;0;5
Nord Ovest;Lombardia;VA;A825;11,83;59,08
Nord Ovest;Lombardia;VA;A826;15,01;67,34
Isole;Sardegna;SS;A827;1,11;0
Nord Est;Emilia-Romagna;PC;A831;8,44;34,39
Centro;Umbria;PG;A832;7;23,5
Nord Ovest;Piemonte;VB;A834;9;7,38
Centro;Umbria;PG;A835;12,25;24
Nord Ovest;Liguria;SP;A836;8;8
Nord Est;Veneto;VR;A837;3;17,5
Isole;Sicilia;CT;A841;23,5;38,13
Sud;Calabria;CS;A842;1;0
Sud;Calabria;RC;A843;0;4
Nord Ovest;Piemonte;NO;A844;6;18,33
Nord Ovest;Lombardia;VA;A845;1;30,66
Nord Ovest;Lombardia;BG;A846;2;29
Nord Ovest;Piemonte;VC;A847;4;21,34
Nord Ovest;Lombardia;SO;A848;2;1
Nord Ovest;Lombardia;MI;A849;57,58;194,95
Nord Est;Emilia-Romagna;RE;A850;18;121,48
Centro;Toscana;AR;A851;14,53;65,06
Centro;Toscana;LI;A852;14,02;34
Nord Ovest;Piemonte;TO;A853;16,36;30,4
Sud;Puglia;FG;A854;5;5
Nord Est;Friuli- Venezia Giulia;UD;A855;1;7
Isole;Sardegna;OR;A856;0;0
Centro;Lazio;VT;A857;7,23;7,98
Nord Ovest;Piemonte;BI;A859;222,39;467,4
Nord Ovest;Lombardia;BS;A861;4,84;18
Centro;Toscana;PI;A864;16,84;115,96
Nord Ovest;Lombardia;CO;A870;23,13;73,23
Nord Ovest;Lombardia;MI;A872;13,25;82,42
Sud;Puglia;BA;A874;6;5
Nord Ovest;Piemonte;BI;A876;5,5;8,5
Nord Ovest;Valle d'Aosta;AO;A877;0;3
Nord Ovest;Lombardia;BS;A878;1,9;9,88
Isole;Sardegna;NU;A880;0;2,25
Sud;Campania;AV;A881;2;17,38
Isole;Sicilia;PA;A882;15;10
Sud;Puglia;BA;A883;198,38;286,53
Sud;Abruzzo;AQ;A884;1;0
Sud;Abruzzo;TE;A885;6,51;0,17
Sud;Calabria;CS;A887;3;1
Nord Ovest;Piemonte;AL;A889;5;4,5
Nord Ovest;Lombardia;VA;A891;4;27,83
Sud;Puglia;BA;A892;25,5;63,67
Sud;Puglia;BA;A893;117,13;261,33
Sud;Puglia;BA;A894;23;104,5
Isole;Sardegna;NU;A895;2;1,83
Isole;Sicilia;AG;A896;5,2;4
Sud;Calabria;RC;A897;0;0
Nord Ovest;Lombardia;CO;A898;4;25,83
Nord Ovest;Lombardia;BG;A903;0;0
Nord Ovest;Lombardia;CO;A904;4,5;8
Nord Ovest;Lombardia;CO;A905;5,5;9
Nord Est;Veneto;PD;A906;4;16,83
Nord Est;Emilia-Romagna;PC;A909;16,73;38,83
Nord Ovest;Piemonte;TO;A910;1;12
Nord Ovest;Piemonte;NO;A911;0;6
Sud;Calabria;CS;A912;1,83;1
Nord Ovest;Piemonte;VC;A914;3,67;1,22
Nord Ovest;Lombardia;VA;A918;3,33;30,05
Nord Ovest;Lombardia;LO;A919;1;20,5
Nord Ovest;Lombardia;MI;A920;15,25;44,94
Nord Ovest;Liguria;GE;A922;21,5;51
Nord Ovest;Piemonte;VB;A925;8;1
Nord Ovest;Piemonte;NO;A929;2;15,5
Sud;Molise;CB;A930;7,43;21,84
Nord Ovest;Liguria;SV;A931;14,16;39,58
Nord Ovest;Liguria;SP;A932;26,78;29,5
Nord Ovest;Lombardia;BG;A937;6;80,33
Nord Ovest;Lombardia;MI;A940;200,71;489,1
Nord Ovest;Piemonte;TO;A941;15,67;18,75
Sud;Basilicata;MT;A942;5;27
Nord Est;Emilia-Romagna;BO;A944;2244,28;3788,87
Sud;Abruzzo;PE;A945;1;1
Isole;Sicilia;PA;A946;3;0
Centro;Marche;MC;A947;1;2
Isole;Sardegna;NU;A948;0;3
Centro;Lazio;VT;A949;10,67;39,25
Nord Ovest;Lombardia;BG;A950;16,08;121,75
Nord Ovest;Piemonte;NO;A953;1;3
Nord Est;Veneto;VI;A954;4,58;105,24
Centro;Lazio;VT;A955;6,8;9
Sud;Abruzzo;CH;A956;5;2
Isole;Sicilia;CL;A957;0;1
Isole;Sicilia;PA;A958;4;1,11
Nord Est;Emilia-Romagna;MO;A959;13,8;141,72
Isole;Sardegna;OR;A960;1;1
Nord Ovest;Liguria;SP;A961;13;10,5
Nord Ovest;Lombardia;BG;A962;18,57;79,87
Nord Ovest;Lombardia;BG;A963;22,5;150,83
Nord Est;Veneto;VR;A964;2;23
Nord Est;Emilia-Romagna;FE;A965;19,49;122,47
Sud;Campania;BN;A970;2;0,11
Sud;Molise;CB;A971;1;3
Nord Ovest;Lombardia;CR;A972;0;5
Sud;Calabria;CS;A973;6,33;6
Sud;Campania;AV;A975;0,33;1
Isole;Sardegna;SS;A976;1;1
Isole;Sardegna;SS;A977;5;1
Isole;Sardegna;SS;A978;7,33;4
Nord Ovest;Piemonte;CN;A979;0;0
Centro;Lazio;RI;A981;2;2
Nord Est;Veneto;BL;A982;6,5;14,83
Nord Est;Friuli- Venezia Giulia;UD;A983;0;6,67
Nord Ovest;Liguria;IM;A984;93,53;185,97
Nord Ovest;Lombardia;CR;A986;1,86;9,01
Nord Est;Emilia-Romagna;PR;A987;0;6,17
Nord Est;Emilia-Romagna;RE;A988;5,5;50
Nord Ovest;Lombardia;PV;A989;4;39,3
Nord Ovest;Piemonte;TO;A990;51;173,08
Isole;Sicilia;PA;A991;7;6
Nord Ovest;Liguria;SP;A992;3,25;1
Nord Ovest;Liguria;IM;A993;2;3
Nord Ovest;Lombardia;LO;A995;6,28;61,79
Centro;Lazio;RI;A996;3;2
Nord Ovest;Piemonte;AL;A998;4;11
Nord Ovest;Liguria;SV;A999;72;210,73
Nord Est;Emilia-Romagna;FO;B001;4;31,5
Sud;Calabria;CZ;B002;5;0
Nord Ovest;Piemonte;TO;B003;6,92;11
Nord Ovest;Liguria;SV;B005;21,24;43,5
Centro;Toscana;LU;B007;7;15,67
Centro;Lazio;RI;B008;5,5;4
Nord Ovest;Piemonte;VC;B009;2,78;27,78
Nord Ovest;Lombardia;BG;B010;1,5;8
Nord Ovest;Lombardia;MN;B012;1;26
Nord Ovest;Lombardia;PV;B014;0;0
Nord Ovest;Piemonte;TO;B015;7;18,39
Nord Ovest;Piemonte;NO;B016;2;16,5
Nord Ovest;Lombardia;LO;B017;7;38,49
Nord Ovest;Piemonte;CN;B018;0;3
Nord Ovest;Piemonte;NO;B019;40,5;238,65
Nord Ovest;Liguria;IM;B020;20,5;1
Nord Ovest;Piemonte;TO;B021;7;12
Nord Ovest;Piemonte;TO;B024;10,15;20,46
Nord Est;Emilia-Romagna;PC;B025;14,92;82,48
Centro;Marche;PS;B026;2;4
Nord Ovest;Lombardia;PV;B028;4;6,86
Nord Ovest;Piemonte;AL;B029;0;1
Nord Ovest;Lombardia;PV;B030;2;3
Nord Est;Veneto;PD;B031;2;69,16
Nord Ovest;Piemonte;CN;B033;40,26;114,52
Nord Est;Emilia-Romagna;PR;B034;137,38;364,09
Nord Ovest;Lombardia;BS;B035;0;28,62
Centro;Toscana;FI;B036;40,22;101,59
Nord Ovest;Piemonte;AL;B037;2;6
Nord Ovest;Lombardia;PV;B038;0;10
Nord Ovest;Lombardia;BS;B040;16,34;84,8
Nord Ovest;Piemonte;VC;B041;43,93;96,99
Nord Est;Emilia-Romagna;PR;B042;12,01;47,92
Nord Ovest;Piemonte;NO;B043;13;71,5
Nord Est;Emilia-Romagna;BO;B044;7,75;26,25
Nord Ovest;Piemonte;VC;B046;6,25;28,75
Nord Ovest;Liguria;SV;B048;0;2
Nord Ovest;Lombardia;SO;B049;47,02;72
Nord Ovest;Lombardia;PV;B051;3,5;49,5
Nord Ovest;Lombardia;BS;B054;21,08;68,42
Isole;Sardegna;OR;B055;0;0
Isole;Sardegna;NU;B056;2;3
Sud;Abruzzo;CH;B057;0;2
Nord Ovest;Piemonte;BI;B058;7;9,8
Nord Est;Veneto;TV;B061;10,28;39,74
Isole;Sardegna;NU;B062;2,25;2,5
Isole;Sardegna;SS;B063;1;1
Isole;Sardegna;SS;B064;0;0
Nord Ovest;Liguria;GE;B067;13;7
Isole;Sardegna;NU;B068;13,66;17,33
Nord Est;Veneto;RO;B069;2;13
Nord Est;Veneto;VR;B070;1;14,5
Nord Ovest;Piemonte;AL;B071;7;20
Nord Est;Veneto;VR;B073;9,42;110,67
Nord Ovest;Piemonte;TO;B075;4;20,11
Sud;Campania;NA;B076;22,99;24,5
Sud;Campania;NA;B077;16,25;14,97
Nord Ovest;Piemonte;CN;B079;2;0
Nord Ovest;Piemonte;AL;B080;1;2
Nord Ovest;Lombardia;LC;B081;2;30
Nord Ovest;Lombardia;PV;B082;2,5;4
Nord Ovest;Lombardia;BG;B083;3;4
Nord Ovest;Piemonte;CN;B084;7,2;5,64
Sud;Calabria;CZ;B085;1;0
Sud;Puglia;LE;B086;0;3,8
Nord Ovest;Lombardia;BG;B088;15;66,83
Nord Ovest;Lombardia;BS;B091;12,87;115,42
Isole;Sardegna;SS;B094;0;1
Sud;Calabria;RC;B097;1;1
Sud;Calabria;RC;B098;1;10
Sud;Calabria;RC;B099;8;7,5
Nord Ovest;Lombardia;BS;B100;4;10,5
Nord Ovest;Piemonte;CN;B101;18,19;60,69
Nord Ovest;Lombardia;BS;B102;14;95,92
Sud;Puglia;FG;B104;6,99;7,67
Nord Ovest;Lombardia;MI;B105;73;239,13
Nord Est;Veneto;PD;B106;1;25,26
Nord Est;Veneto;VR;B107;15,86;165,66
Nord Ovest;Piemonte;AL;B109;0;1
Nord Ovest;Lombardia;MN;B110;2;25,95
Nord Ovest;Piemonte;CN;B111;146,71;391,31
Nord Ovest;Lombardia;BG;B112;2;7
Centro;Lazio;RM;B114;75;151,5
Sud;Campania;SA;B115;11,85;5,67
Nord Ovest;Lombardia;PV;B117;11,5;3,3
Sud;Calabria;RC;B118;4;5
Nord Ovest;Lombardia;BS;B120;0;13,75
Nord Ovest;Piemonte;TO;B121;23,5;133,09
Nord Ovest;Lombardia;BG;B123;6,5;20
Nord Ovest;Lombardia;BS;B124;2;4
Nord Ovest;Lombardia;VA;B126;5;33,34
Nord Est;Veneto;TV;B128;8;65
Nord Ovest;Lombardia;CR;B129;9;75,17
Nord Ovest;Lombardia;VA;B131;2,01;17
Nord Est;Veneto;VI;B132;2;52,52
Nord Ovest;Lombardia;CO;B134;9,38;78,5
Nord Ovest;Lombardia;BG;B137;11,5;101,64
Nord Ovest;Lombardia;BG;B138;22,17;100,11
Nord Ovest;Lombardia;LO;B141;3,17;26,04
Nord Ovest;Lombardia;PV;B142;3;3
Nord Est;Veneto;VI;B143;6;41,99
Nord Ovest;Lombardia;CO;B144;5,33;21,5
Nord Ovest;Lombardia;BS;B149;14;10,5
Nord Ovest;Lombardia;VA;B150;2;11,33
Nord Est;Veneto;VR;B152;0;1
Nord Est;Veneto;VR;B154;18;48,92
Nord Est;Emilia-Romagna;RE;B156;6;65,83
Nord Ovest;Lombardia;BS;B157;614,04;2582,62
Nord Ovest;Lombardia;PV;B159;6;47
Nord Est;Veneto;VI;B161;2;16
Nord Ovest;Lombardia;MI;B162;113,85;260,01
Nord Ovest;Lombardia;VA;B166;4;28,2
Nord Ovest;Piemonte;CN;B167;0;0
Sud;Calabria;VV;B169;3;7,75
Nord Ovest;Piemonte;TO;B171;14,17;59,41
Nord Ovest;Lombardia;CO;B172;1;2
Sud;Basilicata;PZ;B173;8,67;8,5
Nord Ovest;Piemonte;CN;B175;0;1
Nord Ovest;Piemonte;NO;B176;4;21
Nord Ovest;Lombardia;BG;B178;12;71,06
Nord Ovest;Piemonte;AL;B179;0;0
Sud;Puglia;BR;B180;87,6;515,91
Sud;Basilicata;PZ;B181;3;0,5
Nord Ovest;Lombardia;VA;B182;3;9
Nord Ovest;Piemonte;NO;B183;2,11;5,78
Nord Ovest;Lombardia;BS;B184;1;2,63
Nord Ovest;Lombardia;MI;B187;11,42;68,66
Nord Est;Emilia-Romagna;RA;B188;10,11;43,32
Nord Ovest;Lombardia;VA;B191;2;6
Nord Ovest;Valle d'Aosta;AO;B192;6;5
Sud;Abruzzo;PE;B193;0;1
Nord Ovest;Lombardia;LC;B194;14,67;37,64
Centro;Lazio;FR;B195;1;0
Nord Est;Veneto;VI;B196;7;37,2
Sud;Calabria;VV;B197;0;0
Isole;Sicilia;ME;B198;23,67;7,67
Nord Ovest;Piemonte;CN;B200;3;1
Nord Ovest;Lombardia;PV;B201;25,83;97
Isole;Sicilia;CT;B202;36,45;41,16
Nord Ovest;Piemonte;CN;B204;7,56;12,67
Nord Ovest;Piemonte;TO;B205;0;5
Nord Ovest;Piemonte;VB;B207;7;7,5
Nord Ovest;Piemonte;TO;B209;1;4
Nord Ovest;Lombardia;MI;B212;204,28;570,81
Nord Est;Veneto;PD;B213;2;51
Nord Ovest;Liguria;SP;B214;5;5
Nord Est;Friuli- Venezia Giulia;PN;B215;13,5;65,5
Nord Ovest;Piemonte;TO;B216;19,13;99,76
Nord Ovest;Lombardia;BG;B217;3;2
Nord Ovest;Lombardia;CO;B218;5;15,17
Nord Ovest;Lombardia;VA;B219;3;1
Nord Ovest;Piemonte;AT;B221;2;2
Nord Ovest;Lombardia;BG;B223;12,33;81,55
Nord Ovest;Piemonte;TO;B225;3,5;9,98
Sud;Campania;NA;B227;21;85,5
Nord Ovest;Lombardia;VA;B228;3;16,75
Nord Ovest;Piemonte;BI;B229;8;15,5
Nord Ovest;Valle d'Aosta;AO;B230;14;21
Nord Ovest;Piemonte;TO;B232;8,5;13,5
Sud;Calabria;RC;B234;4;1
Nord Ovest;Lombardia;MI;B235;4;39,5
Nord Ovest;Piemonte;AT;B236;2;4
Isole;Sicilia;SR;B237;2;7
Sud;Abruzzo;CH;B238;4;11
Sud;Campania;BN;B239;1;1
Nord Ovest;Lombardia;MI;B240;102,67;395,83
Sud;Campania;SA;B242;12;3
Centro;Toscana;AR;B243;15,13;53,34
Isole;Sardegna;SS;B246;1;3
Nord Est;Friuli- Venezia Giulia;PN;B247;1;14
Isole;Sardegna;NU;B248;6;56,66
Nord Est;Emilia-Romagna;BO;B249;46,93;188,68
Isole;Sardegna;CA;B250;0;4
Centro;Toscana;PT;B251;11,5;61,22
Nord Ovest;Lombardia;SO;B255;5;3
Sud;Abruzzo;AQ;B256;2;6,67
Nord Ovest;Lombardia;VA;B258;7,33;63,33
Nord Est;Friuli- Venezia Giulia;UD;B259;4;41,63
Nord Ovest;Lombardia;LC;B261;13,18;34,75
Nord Ovest;Lombardia;CO;B262;4,67;41,5
Isole;Sardegna;SS;B264;0;1
Isole;Sardegna;SS;B265;0;1
Sud;Campania;SA;B266;1;0
Sud;Campania;BN;B267;3;1
Sud;Abruzzo;CH;B268;0;2
Centro;Toscana;SI;B269;8,5;19,06
Sud;Calabria;CS;B270;1;2
Nord Ovest;Lombardia;MI;B272;12,5;72,79
Isole;Sardegna;CA;B274;0;0
Isole;Sicilia;AG;B275;9,44;2,5
Isole;Sardegna;SS;B276;0;0
Nord Ovest;Piemonte;TO;B278;4;9,39
Nord Ovest;Piemonte;TO;B279;4;11
Nord Ovest;Piemonte;VC;B280;4;11
Isole;Sardegna;OR;B281;0;2
Nord Ovest;Liguria;GE;B282;16,57;23
Nord Ovest;Piemonte;TO;B284;3;8
Nord Ovest;Piemonte;CN;B285;49,92;103,26
Nord Ovest;Lombardia;MI;B286;9;75,5
Isole;Sicilia;SR;B287;0,67;4
Isole;Sicilia;TP;B288;1;1
Nord Ovest;Lombardia;MI;B289;20;113,44
Nord Ovest;Lombardia;MI;B292;22,98;129,2
Nord Est;Emilia-Romagna;PR;B293;15;63,42
Sud;Abruzzo;PE;B294;1;8
Sud;Molise;CB;B295;4;0
Nord Est;Veneto;VR;B296;102;314,96
Nord Ovest;Piemonte;TO;B297;13,11;36,67
Nord Ovest;Lombardia;VA;B300;339,81;1117,01
Nord Ovest;Lombardia;MI;B301;39;170,93
Isole;Sicilia;CL;B302;5,3;5
Centro;Toscana;PI;B303;14,5;20,99
Nord Est;Veneto;VR;B304;15;82,04
Nord Ovest;Piemonte;TO;B305;14,5;71,84
Nord Ovest;Piemonte;AT;B306;1;15
Nord Est;Friuli- Venezia Giulia;UD;B309;4,5;32,5
Nord Ovest;Lombardia;BG;B310;6;51,5
Nord Ovest;Piemonte;AL;B311;6;6
Nord Ovest;Lombardia;VA;B312;0,05;9,25
Nord Ovest;Lombardia;CO;B313;21,69;69,26
Isole;Sardegna;OR;B314;4;19
Isole;Sicilia;PA;B315;11,25;9,17
Sud;Molise;IS;B317;1,33;2
Sud;Calabria;KR;B319;3;2,5
Nord Ovest;Lombardia;VA;B326;3;25
Nord Est;Emilia-Romagna;RE;B328;13,88;142,22
Nord Est;Emilia-Romagna;PC;B332;10;95,09
Nord Est;Veneto;PD;B345;14,11;225,96
Nord Ovest;Lombardia;CO;B346;16;92,25
Nord Est;Veneto;TV;B349;8,5;66,84
Nord Ovest;Piemonte;TO;B350;7,17;36,83
Sud;Campania;SA;B351;4,17;0,27
Centro;Marche;PS;B352;13;14,5
Isole;Sardegna;CA;B354;266,91;890,92
Nord Ovest;Lombardia;CO;B355;0;2,75
Sud;Puglia;FG;B357;6,99;16,4
Sud;Abruzzo;AQ;B358;0;2
Sud;Campania;CE;B361;2,06;4,5
Sud;Campania;CE;B362;13;22,68
Nord Ovest;Lombardia;BS;B365;9,33;21,17
Nord Ovest;Lombardia;SO;B366;3;4
Sud;Campania;AV;B367;3;1
Nord Ovest;Lombardia;VA;B368;20,17;84,7
Nord Ovest;Liguria;SV;B369;50,34;88,28
Sud;Campania;NA;B371;21,24;100,3
Sud;Campania;AV;B374;4;4,5
Nord Est;Veneto;BL;B375;2;12,33
Nord Ovest;Piemonte;AT;B376;1;7
Isole;Sicilia;AG;B377;1;0
Isole;Sardegna;SS;B378;1,5;4
Sud;Calabria;RC;B379;0;0
Nord Ovest;Piemonte;VB;B380;0,17;1
Isole;Sicilia;EN;B381;11,5;8,17
Sud;Abruzzo;AQ;B382;1;2
Isole;Sardegna;CA;B383;3,5;2
Isole;Sicilia;CT;B384;8,58;21,83
Isole;Sicilia;TP;B385;25;16,5
Nord Ovest;Lombardia;PV;B387;4,67;23,73
Centro;Lazio;VT;B388;4;4
Centro;Toscana;PI;B390;16,5;25
Sud;Basilicata;MT;B391;3;0
Centro;Toscana;PI;B392;20,25;118,6
Nord Ovest;Lombardia;BG;B393;9,5;42,6
Nord Ovest;Lombardia;BS;B394;21,54;153,04
Nord Ovest;Lombardia;BG;B395;7;52,17
Nord Ovest;Lombardia;LC;B396;13,09;85,94
Centro;Marche;MC;B398;12,25;13
Nord Est;Emilia-Romagna;BO;B399;25;288,3
Nord Est;Veneto;VR;B402;30,42;126,5
Nord Est;Veneto;VI;B403;9;170,8
Nord Est;Emilia-Romagna;PC;B405;5;17,39
Centro;Toscana;FI;B406;37,66;138,56
Nord Est;Emilia-Romagna;PR;B408;10,5;23,51
Nord Ovest;Liguria;SV;B409;4;11
Nord Ovest;Liguria;SP;B410;3;2
Sud;Puglia;LE;B413;2;20,17
Sud;Campania;AV;B415;5;11
Nord Ovest;Liguria;SV;B416;11,34;14,5
Nord Ovest;Piemonte;BI;B417;1;0,5
Nord Ovest;Piemonte;AT;B418;2;3
Nord Ovest;Lombardia;LC;B423;25,11;124,21
Sud;Calabria;CS;B424;1;0
Nord Ovest;Piemonte;AT;B425;1,5;5,5
Sud;Calabria;CS;B426;0;0
Isole;Sicilia;AG;B427;8;2
Isole;Sicilia;CT;B428;32,53;65,38
Isole;Sicilia;CL;B429;66;151,82
Isole;Sicilia;PA;B430;9,67;2
Nord Ovest;Piemonte;NO;B431;1;18
Nord Est;Veneto;RO;B432;0;1
Nord Est;Veneto;VI;B433;2;16,25
Nord Ovest;Lombardia;BG;B434;12,75;91,76
Nord Ovest;Piemonte;TO;B435;18,67;93,55
Nord Ovest;Lombardia;BS;B436;5;79
Sud;Campania;SA;B437;1;1
Nord Ovest;Lombardia;CR;B439;3;9,5
Sud;Basilicata;PZ;B440;1,89;3,14
Nord Est;Veneto;VI;B441;3;7
Nord Ovest;Lombardia;BG;B442;7;66
Sud;Basilicata;PZ;B443;2;0
Sud;Campania;BN;B444;1;6,5
Sud;Campania;CE;B445;3,94;4
Centro;Umbria;TR;B446;9,83;5
Nord Ovest;Lombardia;PV;B447;1;1
Nord Ovest;Lombardia;MI;B448;0;15,5
Nord Ovest;Lombardia;BS;B450;2;35,15
Sud;Campania;NA;B452;0;13
Nord Ovest;Piemonte;AL;B453;2;1,5
Centro;Toscana;LU;B455;75,17;131,42
Nord Ovest;Piemonte;BI;B457;5;6
Isole;Sicilia;AG;B460;3;2
Nord Ovest;Lombardia;MI;B461;36,01;171,33
Nord Ovest;Piemonte;TO;B462;14,9;43,67
Nord Ovest;Piemonte;VB;B463;2;6
Nord Ovest;Piemonte;BI;B465;4;10,5
Sud;Molise;IS;B466;1;0,24
Nord Ovest;Piemonte;CN;B467;3;4
Centro;Marche;AN;B468;5;46,9
Nord Ovest;Piemonte;AT;B469;0;4
Centro;Marche;AN;B470;6,5;24,5
Nord Ovest;Lombardia;BG;B471;3;3
Centro;Lazio;RM;B472;0;0
Nord Ovest;Piemonte;NO;B473;18;153,79
Centro;Marche;MC;B474;11;34
Sud;Campania;SA;B476;6,06;6
Sud;Campania;CE;B477;0,8;2,5
Sud;Calabria;RC;B481;2;1
Nord Ovest;Piemonte;AL;B482;0;7
Nord Est;Friuli- Venezia Giulia;UD;B483;4;8,84
Nord Ovest;Lombardia;CR;B484;2,5;3
Nord Est;Veneto;VI;B485;9;142,51
Isole;Sicilia;AG;B486;8,99;1,33
Nord Ovest;Liguria;GE;B490;27,5;82,52
Nord Ovest;Valle d'Aosta;AO;B491;3;0
Sud;Campania;SA;B492;22;27,92
Nord Est;Veneto;VE;B493;0,5;85,2
Sud;Campania;CE;B494;1;0
Centro;Lazio;RM;B496;33;49,96
Centro;Toscana;GR;B497;10;12
Nord Ovest;Lombardia;CR;B498;0;4
Nord Est;Emilia-Romagna;RE;B499;6;42,97
Sud;Calabria;CS;B500;0;0
Nord Ovest;Lombardia;MI;B501;6;28,5
Nord Est;Emilia-Romagna;RE;B502;8;58,84
Centro;Umbria;PG;B504;1,25;10,25
Nord Ovest;Piemonte;VC;B505;1;7,83
Sud;Puglia;LE;B506;2,17;23,78
Centro;Toscana;FI;B507;39,48;479,81
Centro;Toscana;LI;B509;52,1;150,5
Nord Ovest;Piemonte;TO;B510;3,17;2
Nord Est;Veneto;VI;B511;2,34;11,33
Nord Ovest;Piemonte;TO;B512;2;9
Nord Ovest;Lombardia;CO;B513;10,07;21,33
Sud;Abruzzo;TE;B515;9,75;31,46
Sud;Calabria;RC;B516;0;6
Sud;Molise;CB;B519;98,16;315,74
Isole;Sicilia;AG;B520;9,25;16,5
Isole;Sicilia;TP;B521;7;4
Sud;Molise;CB;B522;3,33;1
Nord Est;Veneto;PD;B524;15,33;215,25
Sud;Abruzzo;AQ;B526;9,71;16
Centro;Lazio;LT;B527;1;0
Sud;Molise;CB;B528;5,34;6,67
Nord Ovest;Lombardia;SO;B530;20,92;47,58
Nord Est;Veneto;PD;B531;1;55,08
Isole;Sicilia;PA;B532;5,1;25,22
Isole;Sicilia;PA;B533;1;0
Centro;Marche;AP;B534;3,5;14,89
Isole;Sicilia;PA;B535;5;1
Nord Est;Friuli- Venezia Giulia;UD;B536;8;96,08
Isole;Sicilia;CL;B537;1,5;2
Nord Ovest;Liguria;GE;B538;7;15,17
Nord Est;Emilia-Romagna;MO;B539;17,33;102,78
Nord Ovest;Valle d'Aosta;AO;B540;14,71;9
Sud;Campania;BN;B541;2;1
Sud;Campania;BN;B542;0;1
Centro;Lazio;FR;B543;1;0
Sud;Molise;CB;B544;4,67;3
Nord Est;Veneto;VE;B546;5;85,15
Sud;Basilicata;PZ;B549;2;0
Sud;Molise;CB;B550;3,87;63,79
Nord Ovest;Liguria;GE;B551;33;30
Centro;Toscana;LI;B553;18;41,13
Nord Est;Veneto;VE;B554;7,5;164,3
Sud;Campania;SA;B555;1;0
Isole;Sicilia;PA;B556;3;7,33
Centro;Toscana;LU;B557;3;3,39
Nord Ovest;Liguria;IM;B559;24,67;22
Isole;Sicilia;CT;B561;7;46
Centro;Marche;MC;B562;0;0
Nord Est;Veneto;PD;B563;12,01;137,46
Nord Est;Veneto;PD;B564;2;32
Sud;Campania;NA;B565;5;24
Nord Est;Emilia-Romagna;MO;B566;7;46,99
Nord Ovest;Lombardia;PV;B567;1;11
Sud;Abruzzo;AQ;B569;0;3
Nord Est;Emilia-Romagna;BO;B572;13,92;13,75
Nord Ovest;Piemonte;CN;B573;12,11;27,71
Nord Est;Veneto;BL;B574;11,07;8,58
Centro;Lazio;RM;B576;6,66;8,5
Nord Est;Veneto;RO;B578;7;24,34
Sud;Basilicata;PZ;B580;0;1
Sud;Campania;CE;B581;0;7
Nord Est;Veneto;RO;B582;0;3
Sud;Puglia;FG;B584;5,66;6
Nord Ovest;Piemonte;BI;B586;28,44;88,94
Nord Ovest;Lombardia;PV;B587;3,2;9,5
Nord Ovest;Piemonte;TO;B588;3;16
Nord Est;Veneto;PD;B589;0,8;22,93
Sud;Campania;AV;B590;4,04;1,08
Sud;Calabria;RC;B591;1;0
Nord Ovest;Piemonte;TO;B592;19;62,99
Nord Ovest;Lombardia;MI;B593;27,25;148,16
Nord Ovest;Piemonte;AT;B594;31;70,53
Centro;Lazio;RI;B595;1;2
Centro;Lazio;VT;B597;2;5,89
Nord Est;Friuli- Venezia Giulia;PN;B598;11,17;28,72
Isole;Sicilia;AG;B602;29,5;39,34
Isole;Sicilia;SR;B603;4;13,75
Centro;Lazio;VT;B604;15,5;15
Nord Ovest;Piemonte;TO;B605;1;4
Sud;Abruzzo;AQ;B606;0;0
Sud;Calabria;CS;B607;0;1
Sud;Campania;SA;B608;4;0
Centro;Umbria;PG;B609;6;25
Nord Ovest;Piemonte;VB;B610;7;6
Nord Ovest;Lombardia;MN;B612;3,5;34,33
Nord Ovest;Lombardia;PV;B613;2;4
Nord Ovest;Piemonte;VB;B615;10,9;73,5
Sud;Puglia;LE;B616;0;1
Sud;Calabria;RC;B617;0;0
Nord Ovest;Lombardia;BG;B618;7,75;40,25
Sud;Puglia;BA;B619;38,66;118,01
Sud;Abruzzo;CH;B620;0;0
Nord Ovest;Piemonte;CN;B621;0;2
Sud;Abruzzo;AQ;B624;0;0
Centro;Toscana;PO;B626;4,08;11,5
Centro;Lazio;RI;B627;10,84;10,84
Nord Ovest;Piemonte;TO;B628;8;27
Nord Ovest;Piemonte;AL;B629;3,5;1,5
Sud;Molise;IS;B630;4;2
Centro;Lazio;RI;B631;3;29
Centro;Lazio;RM;B632;1;3
Nord Ovest;Piemonte;AT;B633;0;2,33
Nord Ovest;Lombardia;VA;B634;16,13;30,48
Centro;Lazio;RM;B635;0;0
Centro;Marche;PS;B636;2,5;5
Nord Ovest;Piemonte;TO;B637;1;8
Nord Ovest;Lombardia;CO;B639;91,36;506,05
Sud;Abruzzo;TE;B640;1;2,5
Nord Ovest;Lombardia;CO;B641;31,4;49,42
Nord Est;Veneto;VE;B642;59,5;538,94
Nord Est;Emilia-Romagna;PC;B643;1;31
Sud;Campania;SA;B644;17,11;44,67
Isole;Sicilia;PA;B645;13;32,26
Centro;Toscana;GR;B646;14,54;40,84
Centro;Toscana;PI;B647;18,75;39
Centro;Toscana;LU;B648;72,7;172,78
Centro;Lazio;RM;B649;20;80,67
Nord Ovest;Lombardia;CR;B650;6;21,5
Sud;Abruzzo;AQ;B651;7;9
Nord Ovest;Lombardia;CO;B653;6,5;52,5
Sud;Calabria;VV;B655;2;1
Sud;Abruzzo;AQ;B656;11;6
Sud;Abruzzo;AQ;B658;0;1
Isole;Sicilia;ME;B660;4,88;2,67
Nord Ovest;Lombardia;BG;B661;2;10
Nord Est;Veneto;BL;B662;21,08;51,97
Centro;Lazio;VT;B663;4,67;13
Nord Ovest;Lombardia;BS;B664;5;12
Isole;Sicilia;ME;B666;22,57;35,9
Sud;Campania;CE;B667;12,58;59
Centro;Toscana;LI;B669;12,5;32,5
Centro;Toscana;AR;B670;6,67;40
Nord Ovest;Lombardia;MI;B671;13,03;77,33
Sud;Abruzzo;AQ;B672;2;2
Sud;Campania;AV;B674;5,04;2,12
Isole;Sardegna;CA;B675;5,54;47,17
Nord Ovest;Lombardia;BS;B676;0;2
Sud;Abruzzo;AQ;B677;11,83;36,89
Nord Est;Veneto;TV;B678;7;33,17
Nord Ovest;Lombardia;CR;B679;0;3
Nord Ovest;Lombardia;CR;B680;0;2
Sud;Abruzzo;PE;B681;3;18,24
Sud;Molise;IS;B682;5;10
Centro;Toscana;FI;B684;14,81;91,56
Centro;Toscana;LI;B685;1;0
Nord Ovest;Lombardia;CR;B686;1;30
Centro;Lazio;RM;B687;1;10
Centro;Lazio;VT;B688;26,85;43,6
Nord Est;Emilia-Romagna;BO;B689;20,82;78,4
Sud;Puglia;LE;B690;1;1
Centro;Lazio;VT;B691;16,96;15
Nord Ovest;Piemonte;CN;B692;0;0
Centro;Toscana;AR;B693;4,5;1,67
Nord Ovest;Piemonte;VB;B694;2;1,75
Isole;Sicilia;ME;B695;1,77;5
Sud;Campania;NA;B696;13,4;0,5
Nord Ovest;Lombardia;BS;B698;8;76,67
Nord Ovest;Piemonte;AL;B701;6;15,5
Nord Ovest;Lombardia;BG;B703;14,5;96,17
Sud;Campania;CE;B704;1;1
Nord Ovest;Piemonte;TO;B705;9;22,67
Sud;Campania;AV;B706;4,68;3
Nord Ovest;Piemonte;AT;B707;0;1
Nord Ovest;Piemonte;BI;B708;5;3
Nord Est;Veneto;VR;B709;20,84;73,54
Nord Ovest;Lombardia;BG;B710;8,57;27,75
Nord Ovest;Lombardia;BS;B711;15,32;128,51
Sud;Campania;CE;B715;19;48,87
Sud;Puglia;BA;B716;35;99,17
Sud;Calabria;CZ;B717;0,83;0
Sud;Calabria;RC;B718;1;1
Nord Ovest;Piemonte;CN;B719;30,25;64,9
Nord Ovest;Piemonte;CN;B720;2;27
Sud;Abruzzo;PE;B722;4;2
Sud;Puglia;FG;B724;3,93;27
Sud;Abruzzo;AQ;B725;0;0
Nord Ovest;Liguria;GE;B726;18,15;25
Centro;Marche;AP;B727;1,5;4
Nord Ovest;Lombardia;MI;B729;75,21;205,38
Nord Ovest;Lombardia;CO;B730;6,83;14
Nord Ovest;Lombardia;BG;B731;20,66;217,31
Nord Ovest;Lombardia;VA;B732;3;15
Nord Ovest;Piemonte;TO;B733;3;11
Nord Ovest;Liguria;IM;B734;0;0
Centro;Lazio;VT;B735;5;5
Nord Ovest;Piemonte;AL;B736;0;3,5
Isole;Sardegna;CA;B738;32,5;86,5
Sud;Campania;NA;B740;3;6
Nord Ovest;Lombardia;PV;B741;1;6
Nord Ovest;Lombardia;CO;B742;1,5;21,88
Sud;Basilicata;PZ;B743;0;0
Nord Est;Veneto;TV;B744;17,69;154,62
Isole;Sardegna;CA;B745;8,5;10
Nord Ovest;Liguria;SV;B748;22,5;35,8
Nord Est;Veneto;PD;B749;1,5;9
Nord Ovest;Piemonte;VC;B752;1;0
Nord Ovest;Lombardia;VA;B754;27,25;203,62
Nord Ovest;Piemonte;CN;B755;3;7
Sud;Calabria;RC;B756;0;0
Sud;Calabria;CZ;B758;3;0
Sud;Campania;NA;B759;15,16;41,28
Centro;Toscana;LU;B760;4;1
Nord Ovest;Piemonte;TO;B762;7,5;3
Nord Ovest;Lombardia;LC;B763;2,88;10
Nord Ovest;Piemonte;AL;B765;2;1,5
Sud;Calabria;RC;B766;0;1
Nord Ovest;Piemonte;VC;B767;2;9,67
Nord Ovest;Piemonte;VC;B768;2;25,5
Nord Ovest;Piemonte;AL;B769;0;1
Sud;Calabria;KR;B771;0;0
Isole;Sardegna;SS;B772;0;0
Sud;Calabria;CS;B774;7;7
Sud;Campania;AV;B776;0;2
Nord Ovest;Piemonte;TO;B777;40,86;89,14
Nord Ovest;Lombardia;CO;B778;11;40,85
Sud;Campania;CE;B779;4,66;18,67
Isole;Sicilia;PA;B780;33,22;24,84
Sud;Campania;CE;B781;5,84;7
Nord Ovest;Piemonte;VC;B782;0;11,17
Sud;Puglia;FG;B784;0;0
Nord Ovest;Lombardia;CO;B785;7,2;16,5
Isole;Sicilia;SR;B787;14;98,67
Nord Est;Friuli- Venezia Giulia;UD;B788;3,17;9,84
Isole;Sardegna;CA;B789;18,33;7
Sud;Calabria;CZ;B790;1;0
Nord Ovest;Piemonte;TO;B791;96,5;324,12
Sud;Puglia;LE;B792;4;16,52
Centro;Toscana;PO;B794;18,94;108,73
Nord Est;Veneto;PD;B795;3;44,57
Nord Ovest;Lombardia;VA;B796;16;72,5
Nord Ovest;Lombardia;MI;B798;35,5;132,5
Nord Ovest;Lombardia;BG;B801;1,33;59,22
Sud;Calabria;CS;B802;3;2
Nord Ovest;Lombardia;BG;B803;9,01;26,5
Isole;Sicilia;ME;B804;12,75;4,5
Nord Ovest;Lombardia;VA;B805;77,06;292,17
Nord Ovest;Lombardia;VA;B807;15;49,75
Sud;Puglia;TA;B808;7;9,67
Sud;Puglia;BR;B809;40,17;77,39
Sud;Molise;IS;B810;0;1,08
Nord Est;Emilia-Romagna;PC;B812;12,81;73,92
Sud;Calabria;CS;B813;2;0
Centro;Marche;PS;B816;4,5;12
Nord Ovest;Lombardia;BS;B817;14,5;123,64
Nord Ovest;Piemonte;AL;B818;2,5;2
Nord Est;Emilia-Romagna;MO;B819;188,4;1134,21
Nord Ovest;Lombardia;MI;B820;17;88,15
Sud;Puglia;LE;B822;1;3,34
Nord Ovest;Piemonte;NO;B823;3;12
Nord Ovest;Lombardia;PV;B824;1,5;64,05
Nord Est;Emilia-Romagna;RE;B825;10,39;38,39
Sud;Abruzzo;CH;B826;5,83;3
Sud;Abruzzo;PE;B827;0;0
Centro;Lazio;RM;B828;11;9,33
Sud;Puglia;FG;B829;2;4,5
Sud;Molise;IS;B830;3;1
Centro;Toscana;MS;B832;111,81;171,92
Nord Est;Veneto;VI;B835;4,5;34,75
Nord Ovest;Piemonte;AL;B836;4;2
Nord Ovest;Liguria;SP;B838;11;1,5
Nord Ovest;Liguria;SP;B839;4,75;0,75
Nord Ovest;Piemonte;AL;B840;2,25;7
Nord Ovest;Piemonte;CN;B841;20;34
Sud;Abruzzo;AQ;B842;11;37,33
Nord Est;Veneto;VI;B844;1;17
Nord Ovest;Piemonte;CN;B845;1;1
Centro;Marche;PS;B846;4,8;75,9
Nord Ovest;Piemonte;AL;B847;0;5
Nord Est;Veneto;PD;B848;2;39,25
Nord Ovest;Lombardia;MI;B850;94,34;312,72
Nord Ovest;Lombardia;CO;B851;22;92,83
Sud;Abruzzo;CH;B853;3;0
Nord Ovest;Lombardia;BG;B854;7;33,83
Sud;Calabria;KR;B857;3;0
Sud;Molise;CB;B858;8,33;5,33
Sud;Abruzzo;CH;B859;1;0
Sud;Campania;CE;B860;25;77,17
Sud;Abruzzo;CH;B861;3;2
Centro;Lazio;FR;B862;0;0
Nord Ovest;Piemonte;NO;B864;2;20,59
Sud;Abruzzo;CH;B865;9,33;18,17
Sud;Campania;AV;B866;0,67;0
Nord Ovest;Piemonte;TO;B867;12;25,5
Sud;Campania;SA;B868;1;0
Nord Ovest;Lombardia;CR;B869;0;26,8
Nord Ovest;Piemonte;AL;B870;2;6
Sud;Molise;CB;B871;2;0
Sud;Campania;CE;B872;1;6
Sud;Campania;BN;B873;0;1
Nord Ovest;Lombardia;VA;B875;3,66;18,5
Nord Ovest;Piemonte;VB;B876;6;17
Nord Est;Veneto;PD;B877;7;33,01
Centro;Toscana;PI;B878;6,4;9,4
Nord Est;Veneto;TV;B879;18,25;178,68
Nord Est;Emilia-Romagna;BO;B880;166,36;566,27
Nord Ovest;Lombardia;CR;B881;4,5;33,67
Nord Ovest;Piemonte;AL;B882;3;2
Nord Ovest;Piemonte;NO;B883;1;5,5
Nord Ovest;Piemonte;AL;B885;139,04;316,55
Nord Est;Veneto;VR;B886;10;56,05
Nord Ovest;Lombardia;LO;B887;8;44,8
Sud;Campania;SA;B888;1;1
Nord Ovest;Lombardia;CR;B889;0;11,5
Nord Ovest;Lombardia;CR;B890;0;1,5
Nord Ovest;Lombardia;CR;B891;1;22
Nord Est;Emilia-Romagna;BO;B892;6,08;29,66
Nord Est;Emilia-Romagna;RE;B893;44,75;284,67
Nord Ovest;Piemonte;CN;B894;2;8,67
Sud;Campania;SA;B895;13,67;41,04
Sud;Abruzzo;CH;B896;3;6
Nord Ovest;Piemonte;NO;B897;2;15,5
Nord Ovest;Lombardia;CR;B898;24,5;123,5
Nord Ovest;Lombardia;LO;B899;16,57;58,17
Nord Ovest;Lombardia;CR;B900;1;16,5
Nord Ovest;Lombardia;MN;B901;3,67;11,91
Nord Ovest;Piemonte;AL;B902;0;6
Sud;Calabria;CS;B903;4;6,2
Sud;Puglia;FG;B904;1;1
Sud;Campania;NA;B905;70,06;147,72
Sud;Basilicata;PZ;B906;0;0
Nord Ovest;Lombardia;MN;B907;0;19,83
Nord Ovest;Lombardia;LO;B910;24,5;175,25
Nord Ovest;Lombardia;MN;B911;1;18,17
Nord Est;Veneto;PD;B912;4;55,5
Nord Ovest;Lombardia;CR;B914;1;16
Sud;Puglia;FG;B915;6,33;35,33
Sud;Campania;CE;B916;8,09;7
Sud;Puglia;FG;B917;1;1
Isole;Sicilia;ME;B918;1;1
Centro;Lazio;FR;B919;0;4,5
Nord Ovest;Piemonte;NO;B920;0;9
Nord Ovest;Lombardia;VA;B921;0;3
Sud;Campania;NA;B922;3;3,5
Sud;Puglia;BA;B923;31,46;148,76
Sud;Campania;NA;B924;10;2,5
Sud;Campania;NA;B925;4,15;10,15
Nord Ovest;Liguria;SV;B927;5;2
Nord Ovest;Piemonte;VC;B928;0;2
Nord Ovest;Lombardia;PV;B929;1;1
Centro;Lazio;RM;B932;6;2
Nord Ovest;Piemonte;BI;B933;2;2
Centro;Lazio;RI;B934;2;0
Sud;Campania;CE;B935;16;46
Sud;Puglia;LE;B936;5;41,23
Nord Ovest;Lombardia;LC;B937;5,12;16,06
Nord Ovest;Lombardia;MI;B938;12;60,5
Nord Ovest;Liguria;GE;B939;20;41,7
Nord Est;Friuli- Venezia Giulia;PN;B940;25,34;99,33
Nord Ovest;Piemonte;AL;B941;0;0
Nord Ovest;Lombardia;LC;B943;31,42;155,98
Nord Ovest;Lombardia;PV;B945;0;12
Sud;Campania;NA;B946;12,98;109,75
Nord Ovest;Lombardia;BG;B947;5,45;17,53
Centro;Umbria;PG;B948;10;12,78
Nord Ovest;Lombardia;VA;B949;11,25;42,25
Centro;Toscana;PI;B950;105,67;344,56
Nord Ovest;Piemonte;VC;B952;1;0
Nord Ovest;Piemonte;TO;B953;2;13
Nord Ovest;Lombardia;PV;B954;2;21,5
Nord Ovest;Piemonte;TO;B955;13,5;38,5
Nord Ovest;Liguria;GE;B956;24,55;23,44
Nord Ovest;Lombardia;LO;B958;4,17;42,17
Sud;Campania;SA;B959;4,67;1
Nord Ovest;Piemonte;TO;B960;56,72;166
Nord Ovest;Lombardia;LO;B961;1,2;4
Centro;Toscana;FI;B962;134,55;325
Sud;Campania;CE;B963;166,29;609,29
Nord Est;Veneto;TV;B965;25;138
Sud;Calabria;RC;B966;0;0
Nord Est;Emilia-Romagna;RE;B967;28,8;55,3
Sud;Calabria;KR;B968;2;2
Nord Est;Emilia-Romagna;BO;B969;13,3;33,08
Nord Ovest;Lombardia;BG;B971;6;55,49
Nord Ovest;Lombardia;CO;B974;5,58;10,5
Nord Ovest;Lombardia;CO;B977;9,5;85
Nord Ovest;Lombardia;BG;B978;2;12,08
Centro;Toscana;MS;B979;9,67;2,17
Sud;Campania;NA;B980;2;2
Nord Est;Emilia-Romagna;RA;B982;6;9,75
Centro;Toscana;SI;B984;2,35;16,78
Sud;Abruzzo;CH;B985;3;10,83
Nord Ovest;Lombardia;VA;B987;4;63,73
Nord Ovest;Lombardia;PV;B988;14,11;132,27
Nord Ovest;Lombardia;MI;B989;14,83;79,95
Sud;Campania;NA;B990;35,49;134,58
Nord Ovest;Piemonte;AT;B991;3;1
Nord Ovest;Lombardia;SO;B993;29,82;62,53
Nord Est;Friuli- Venezia Giulia;UD;B994;4;12,5
Nord Ovest;Lombardia;LC;B996;9;45
Sud;Campania;AV;B997;0;5,5
Sud;Puglia;BA;B998;15;80,17
Nord Ovest;Lombardia;VA;B999;0;3
Sud;Calabria;CS;C002;14,42;27,25
Nord Ovest;Lombardia;MI;C003;79,53;298,84
Nord Ovest;Lombardia;VA;C004;30,18;225,5
Isole;Sicilia;SR;C006;3;0
Nord Ovest;Lombardia;BG;C007;0;0,5
Nord Ovest;Lombardia;MI;C013;26,83;130,32
Nord Ovest;Lombardia;MI;C014;48,67;203,63
Nord Ovest;Lombardia;CO;C020;8,25;80,5
Nord Ovest;Piemonte;AT;C022;2;5
Nord Ovest;Lombardia;LC;C024;2,33;49
Nord Ovest;Piemonte;AL;C027;9;13,67
Nord Ovest;Piemonte;AL;C030;1;2
Nord Ovest;Lombardia;MI;C033;9;40,5
Centro;Lazio;FR;C034;28,67;123,73
Nord Est;Veneto;VI;C037;25;174,98
Nord Ovest;Lombardia;PV;C038;6;68
Sud;Abruzzo;TE;C040;0;0
Nord Est;Veneto;VR;C041;3;13
Centro;Toscana;LI;C044;34,39;100,29
Nord Ovest;Piemonte;TO;C045;11;24,5
Nord Ovest;Piemonte;CN;C046;7;19
Nord Ovest;Piemonte;AT;C047;4;5
Nord Ovest;Piemonte;TO;C048;1,5;21,5
Nord Ovest;Piemonte;AT;C049;0;15
Nord Ovest;Lombardia;PV;C050;0;4
Isole;Sicilia;ME;C051;9;0,75
Nord Ovest;Lombardia;MI;C052;17,99;94,49
Nord Ovest;Lombardia;PV;C053;11,5;52,26
Nord Ovest;Lombardia;BS;C055;10,6;99,8
Nord Est;Veneto;VI;C056;1;21,5
Nord Est;Veneto;PD;C057;0;10,88
Sud;Campania;AV;C058;0;0
Nord Ovest;Lombardia;MN;C059;1;37,67
Centro;Marche;AN;C060;6;37,88
Nord Ovest;Liguria;SV;C063;0;0
Nord Ovest;Piemonte;AT;C064;0;0
Nord Est;Emilia-Romagna;RA;C065;7,5;94,43
Sud;Molise;CB;C066;5;2
Isole;Sicilia;PA;C067;17,61;7,75
Sud;Campania;SA;C069;5;0
Centro;Marche;AP;C070;7,5;10
Nord Ovest;Lombardia;BS;C072;4;60,5
Nord Est;Veneto;TV;C073;1;22,66
Isole;Sicilia;PA;C074;8;18
Nord Est;Emilia-Romagna;BO;C075;9,34;34,27
Nord Ovest;Lombardia;MN;C076;7;29,58
Nord Est;Veneto;VR;C078;52;250,5
Nord Ovest;Lombardia;BG;C079;8,04;106,53
Nord Est;Emilia-Romagna;RN;C080;3,25;1
Nord Ovest;Piemonte;CN;C081;6;4
Sud;Molise;IS;C082;0;0
Sud;Abruzzo;AQ;C083;3;4,86
Centro;Toscana;GR;C085;22;21,17
Nord Est;Emilia-Romagna;BO;C086;11;8
Nord Ovest;Lombardia;CR;C089;0;0,92
Sud;Abruzzo;AQ;C090;2,5;0
Isole;Sicilia;CT;C091;3;3,5
Centro;Marche;AP;C093;12;70,83
Isole;Sicilia;ME;C094;0;1
Sud;Abruzzo;AQ;C096;54,72;58,33
Sud;Campania;CE;C097;0;0
Centro;Lazio;RI;C098;3;0
Centro;Marche;AN;C100;19,11;122,77
Centro;Toscana;FI;C101;44,73;109,34
Centro;Toscana;AR;C102;5,5;6,1
Centro;Lazio;LT;C104;2,97;3
Sud;Campania;AV;C105;6,02;4,66
Sud;Campania;BN;C106;0,07;0,1
Nord Est;Emilia-Romagna;MO;C107;68,09;492,27
Sud;Calabria;CS;C108;1;13,67
Nord Ovest;Liguria;IM;C110;5;1
Nord Est;Veneto;TV;C111;56,33;432,37
Centro;Toscana;PI;C113;23,03;99,29
Sud;Abruzzo;CH;C114;6;19
Nord Ovest;Lombardia;CR;C115;0;4
Centro;Lazio;RM;C116;25,5;61,5
Centro;Umbria;TR;C117;6;7,5
Nord Ovest;Lombardia;MN;C118;5;136,4
Nord Est;Veneto;VI;C119;9;46,78
Sud;Basilicata;PZ;C120;3,75;0
Nord Est;Emilia-Romagna;BO;C121;11;75,83
Nord Est;Veneto;RO;C122;0;4,5
Sud;Abruzzo;CH;C123;2;1
Sud;Campania;SA;C125;8,5;34,5
Sud;Abruzzo;AQ;C126;0;0
Nord Ovest;Piemonte;AT;C127;16;42
Sud;Abruzzo;TE;C128;0;13
Sud;Campania;NA;C129;44,56;156,14
Isole;Sicilia;TP;C130;16,25;24,13
Nord Ovest;Piemonte;TO;C133;36;79
Sud;Puglia;BA;C134;60,92;133,58
Isole;Sicilia;PA;C135;5;1
Sud;Puglia;TA;C136;47,33;75,66
Nord Ovest;Piemonte;AL;C137;0;0
Nord Ovest;Lombardia;VA;C139;45,89;214,22
Nord Est;Emilia-Romagna;RE;C141;34,18;226,16
Nord Ovest;Piemonte;AL;C142;0;1
Nord Ovest;Liguria;IM;C143;3;3
Nord Est;Emilia-Romagna;PC;C145;14;38
Centro;Toscana;GR;C147;11,17;8,25
Nord Ovest;Piemonte;AL;C148;9,11;42,22
Nord Ovest;Piemonte;NO;C149;2;1
Centro;Marche;AN;C152;1;6,67
Nord Ovest;Lombardia;CR;C153;9,34;85,89
Nord Ovest;Piemonte;AT;C154;0;3
Nord Ovest;Piemonte;BI;C155;1;7
Nord Ovest;Piemonte;AL;C156;0;2
Nord Ovest;Lombardia;PV;C157;1;23,25
Nord Ovest;Piemonte;AL;C158;2;11
Nord Ovest;Piemonte;AL;C160;2;2
Nord Ovest;Piemonte;AT;C161;0;0
Nord Ovest;Piemonte;AL;C162;4;15,17
Nord Ovest;Piemonte;CN;C165;5;10
Nord Ovest;Piemonte;NO;C166;26,28;136,71
Nord Ovest;Piemonte;CN;C167;2;0
Sud;Abruzzo;TE;C169;4;0
Centro;Toscana;SI;C172;8;17
Nord Ovest;Piemonte;CN;C173;1;4
Centro;Toscana;PI;C174;14;13
Sud;Molise;CB;C175;1;1
Nord Ovest;Piemonte;CN;C176;2;1
Centro;Lazio;FR;C177;3;1
Sud;Campania;CE;C178;0;2,5
Nord Ovest;Lombardia;VA;C181;3,5;13,17
Nord Ovest;Lombardia;PV;C184;1,5;15
Nord Est;Emilia-Romagna;BO;C185;7;109,08
Nord Ovest;Lombardia;SO;C186;4,5;2
Nord Ovest;Lombardia;LC;C187;2,17;13
Sud;Campania;NA;C188;15,55;47
Nord Est;Veneto;TV;C190;8,25;40
Nord Ovest;Lombardia;MN;C195;11;45,75
Sud;Molise;CB;C197;5;3
Sud;Puglia;FG;C198;2,5;6
Sud;Basilicata;PZ;C199;0;2
Sud;Molise;IS;C200;0;0
Sud;Basilicata;PZ;C201;4;1,8
Sud;Puglia;FG;C202;2;0
Centro;Lazio;RM;C203;14,92;8,5
Nord Est;Emilia-Romagna;BO;C204;74,5;276,55
Nord Ovest;Piemonte;CN;C205;2;0
Nord Ovest;Lombardia;CO;C206;2,5;6
Nord Est;Veneto;RO;C207;1;46,04
Nord Ovest;Lombardia;BS;C208;8,55;182,05
Sud;Basilicata;PZ;C209;4,22;2
Isole;Sicilia;ME;C210;3;0
Sud;Campania;CE;C211;3,34;2
Nord Ovest;Lombardia;PV;C213;0;4,67
Nord Ovest;Piemonte;CN;C214;1;0
Nord Est;Veneto;RO;C215;4,05;17,3
Nord Est;Friuli- Venezia Giulia;PN;C217;3;6
Nord Est;Emilia-Romagna;RE;C218;11,84;90,84
Nord Est;Emilia-Romagna;RE;C219;44,82;88,52
Nord Ovest;Lombardia;CO;C220;1;0
Sud;Puglia;FG;C222;0;3,5
Centro;Lazio;FR;C223;0;1
Centro;Lazio;RI;C224;4;2,34
Nord Est;Veneto;VR;C225;32,11;255,77
Nord Ovest;Piemonte;AT;C226;1;4
Centro;Toscana;SI;C227;11,5;94,26
Nord Ovest;Lombardia;LO;C228;2;4,72
Nord Ovest;Piemonte;AL;C229;5;8
Nord Ovest;Piemonte;AT;C230;0;5
Sud;Campania;SA;C231;4,34;11
Nord Ovest;Piemonte;AT;C232;5;16,25
Sud;Campania;SA;C235;5;0
Centro;Toscana;LU;C236;10;14,67
Centro;Lazio;RM;C237;23,5;40,67
Nord Ovest;Liguria;SP;C240;11;40,5
Nord Ovest;Piemonte;TO;C241;1;3
Nord Est;Emilia-Romagna;MO;C242;45;267,51
Nord Ovest;Piemonte;AL;C243;3,33;30,43
Centro;Toscana;PI;C244;21;12,16
Sud;Campania;BN;C245;0;0
Sud;Molise;IS;C246;2;5
Sud;Molise;IS;C247;0;0
Centro;Marche;AN;C248;1,83;24,17
Sud;Campania;BN;C250;1;1
Centro;Marche;MC;C251;4;33,9
Centro;Umbria;PG;C252;6;10,33
Nord Ovest;Piemonte;AT;C253;0,17;0
Nord Ovest;Lombardia;BG;C255;1;31
Sud;Campania;SA;C259;19,17;68,75
Nord Est;Emilia-Romagna;PC;C261;22,45;159,6
Sud;Campania;SA;C262;3;2
Centro;Toscana;AR;C263;7,5;13,28
Nord Est;Emilia-Romagna;BO;C265;50,63;228,99
Centro;Lazio;RM;C266;2;2
Centro;Marche;MC;C267;3,5;0
Centro;Lazio;RI;C268;4,33;2,5
Centro;Lazio;VT;C269;9;4
Sud;Molise;IS;C270;2;1
Sud;Basilicata;PZ;C271;5;6
Isole;Sardegna;SS;C272;18;72,6
Nord Ovest;Lombardia;VA;C273;0;10,5
Nord Ovest;Piemonte;AL;C274;0;0
Isole;Sicilia;AG;C275;12,5;6,75
Nord Ovest;Liguria;SV;C276;1;2
Sud;Abruzzo;AQ;C278;1;1,5
Sud;Abruzzo;AQ;C279;0;2
Sud;Campania;BN;C280;3;1
Nord Ovest;Valle d'Aosta;AO;C282;15;10
Sud;Campania;AV;C283;7;4
Sud;Campania;BN;C284;0;0
Sud;Calabria;RC;C285;2;3
Isole;Sicilia;TP;C286;31,99;42,53
Nord Est;Emilia-Romagna;MO;C287;17,5;118,86
Nord Est;Emilia-Romagna;PC;C288;9,86;62,46
Centro;Umbria;TR;C289;3;9
Nord Ovest;Lombardia;CR;C290;0;0
Sud;Campania;CE;C291;12,2;53,83
Nord Est;Emilia-Romagna;BO;C292;91,64;398,42
Nord Ovest;Lombardia;BS;C293;10,56;153,09
Nord Ovest;Valle d'Aosta;AO;C294;14,82;24,62
Nord Est;Emilia-Romagna;BO;C296;19,69;31,08
Isole;Sicilia;CT;C297;24,8;6
Sud;Abruzzo;CH;C298;1;2
Nord Ovest;Lombardia;VA;C300;10;71,06
Sud;Calabria;CS;C301;3;6
Nord Ovest;Liguria;GE;C302;7;5
Centro;Toscana;LU;C303;2;4,5
Nord Ovest;Lombardia;LO;C304;2,5;30
Sud;Campania;SA;C306;3;3
Nord Ovest;Piemonte;TO;C307;25;70,46
Sud;Abruzzo;PE;C308;4;1
Centro;Umbria;PG;C309;46,1;140,8
Centro;Toscana;GR;C310;24,57;113,14
Sud;Abruzzo;TE;C311;3;6
Nord Ovest;Lombardia;MN;C312;31,25;249,19
Centro;Toscana;SI;C313;11;6
Nord Ovest;Piemonte;CN;C314;2,58;3
Centro;Lazio;VT;C315;5,33;5
Sud;Abruzzo;TE;C316;1,5;2,25
Nord Ovest;Piemonte;CN;C317;4;4
Centro;Toscana;AR;C318;0;10
Centro;Toscana;AR;C319;14,32;62,54
Centro;Marche;AP;C321;0;8,33
Sud;Abruzzo;TE;C322;4;2
Nord Ovest;Piemonte;CN;C323;0;1
Nord Ovest;Lombardia;BG;C324;11,16;134,39
Nord Ovest;Lombardia;SO;C325;8,75;8
Nord Est;Friuli- Venezia Giulia;UD;C327;6,5;21,33
Nord Ovest;Lombardia;LO;C329;2;51,38
Nord Ovest;Lombardia;BS;C330;5;3
Centro;Marche;AP;C331;3;10,5
Nord Ovest;Lombardia;BS;C332;6,5;87,61
Sud;Puglia;LE;C334;4;4
Sud;Puglia;LE;C335;2;2,72
Sud;Puglia;LE;C336;5,33;15,25
Nord Ovest;Lombardia;BG;C337;4,67;13
Centro;Lazio;FR;C338;2;0
Nord Est;Emilia-Romagna;FO;C339;7;56,33
Centro;Lazio;FR;C340;2;3
Isole;Sicilia;AG;C341;8;1
Isole;Sicilia;EN;C342;32,88;68,96
Nord Ovest;Lombardia;VA;C343;4;50,49
Isole;Sicilia;PA;C344;6;6
Sud;Basilicata;PZ;C345;5;0
Sud;Molise;CB;C346;2;1
Isole;Sicilia;ME;C347;0,2;1
Sud;Calabria;CS;C348;1;0
Sud;Calabria;CS;C349;41,08;33
Isole;Sicilia;CT;C351;163,11;1197,92
Sud;Calabria;CZ;C352;97,73;96,88
Isole;Sicilia;EN;C353;1,17;3
Sud;Abruzzo;PE;C354;2;1
Isole;Sicilia;AG;C356;11;1
Nord Est;Emilia-Romagna;RN;C357;35,75;282,13
Sud;Campania;BN;C359;0;1
Nord Ovest;Lombardia;PV;C360;21;78,33
Sud;Campania;SA;C361;66,24;121,47
Nord Ovest;Piemonte;BI;C363;17,5;41,01
Nord Ovest;Piemonte;NO;C364;0;4
Nord Ovest;Piemonte;NO;C365;0;5
Nord Ovest;Piemonte;TO;C369;2;25
Nord Est;Veneto;VR;C370;7,33;106
Nord Ovest;Piemonte;CN;C375;0;1
Nord Ovest;Piemonte;CN;C376;11,5;37
Sud;Puglia;LE;C377;4;68,5
Nord Ovest;Piemonte;NO;C378;3,33;19,33
Nord Ovest;Lombardia;CO;C381;1,5;2,87
Nord Ovest;Lombardia;VA;C382;14;66,68
Nord Est;Veneto;VE;C383;12,59;87,03
Nord Est;Veneto;TV;C384;6;51,47
Nord Est;Friuli- Venezia Giulia;PN;C385;0;7,5
Nord Ovest;Piemonte;AL;C387;1;0
Nord Est;Veneto;VE;C388;185,36;1423,71
Nord Est;Friuli- Venezia Giulia;UD;C389;2;2
Centro;Lazio;RM;C390;20,67;38,8
Nord Ovest;Lombardia;LO;C394;2;32,48
Nord Ovest;Lombardia;MI;C395;31,55;132,5
Nord Ovest;Lombardia;BG;C396;27,52;103,17
Nord Est;Emilia-Romagna;MO;C398;12,89;75,63
Nord Ovest;Piemonte;TO;C404;15,5;46,5
Nord Est;Emilia-Romagna;RE;C405;31,41;151,96
Nord Ovest;Lombardia;MN;C406;2;18,33
Centro;Toscana;AR;C407;18,42;110,78
Nord Ovest;Lombardia;BS;C408;6,46;69,76
Nord Ovest;Lombardia;VA;C409;0;4
Nord Ovest;Lombardia;BG;C410;2,33;13,5
Nord Est;Veneto;VR;C412;2;12,66
Centro;Lazio;FR;C413;10;17,5
Nord Ovest;Lombardia;PV;C414;1;2
Centro;Toscana;LI;C415;90,66;260,88
Nord Ovest;Lombardia;BS;C417;3;2
Nord Ovest;Lombardia;SO;C418;2;2
Isole;Sicilia;PA;C420;0;1
Isole;Sicilia;PA;C421;38,19;18,09
Nord Est;Veneto;VE;C422;15,7;64
Sud;Puglia;BR;C424;39,56;72,34
Sud;Abruzzo;AQ;C426;8,83;7,74
Sud;Abruzzo;CH;C428;0;4
Sud;Puglia;FG;C429;3;1,5
Sud;Calabria;CS;C430;1;1
Nord Ovest;Piemonte;AL;C432;0;4
Nord Ovest;Lombardia;CR;C435;1;4
Sud;Puglia;BA;C436;8;56
Sud;Calabria;CS;C437;1;0
Nord Ovest;Piemonte;AT;C438;3;6
Nord Ovest;Lombardia;BS;C439;12,33;69,22
Nord Ovest;Piemonte;AT;C440;0;0
Nord Ovest;Piemonte;CN;C441;0;0
Sud;Puglia;FG;C442;0;0
Nord Ovest;Liguria;SV;C443;24,24;68,68
Sud;Campania;SA;C444;4;0
Centro;Lazio;VT;C446;3;0,5
Centro;Lazio;VT;C447;8;0
Sud;Puglia;BR;C448;0;7,5
Sud;Abruzzo;TE;C449;4;2
Sud;Calabria;CZ;C453;0;0
Nord Ovest;Lombardia;BG;C456;3;34,5
Nord Ovest;Lombardia;BG;C457;5;64,85
Nord Est;Veneto;BL;C458;12,6;27
Nord Ovest;Lombardia;BG;C459;11,67;57,42
Nord Est;Veneto;RO;C461;1;5
Nord Ovest;Liguria;SV;C463;29;25,5
Nord Ovest;Piemonte;CN;C466;30;79,96
Nord Est;Emilia-Romagna;FE;C469;59,23;429,38
Sud;Campania;SA;C470;7,33;5,51
Isole;Sicilia;EN;C471;18,76;7,67
Sud;Calabria;CZ;C472;1;0
Sud;Abruzzo;PE;C474;8,5;36,42
Sud;Campania;BN;C476;4,33;2
Nord Ovest;Piemonte;VB;C478;8;2
Centro;Lazio;FR;C479;9,25;8,8
Isole;Sicilia;EN;C480;2;1
Nord Ovest;Liguria;GE;C481;30;21
Nord Ovest;Lombardia;CO;C482;4;4,5
Nord Ovest;Piemonte;NO;C483;17;87,72
Nord Ovest;Lombardia;PV;C484;1;39,5
Sud;Campania;SA;C485;1;0
Sud;Molise;CB;C486;4;1
Nord Ovest;Piemonte;TO;C487;1;11
Sud;Molise;CB;C488;1;1,5
Sud;Calabria;CS;C489;3;0
Sud;Abruzzo;AQ;C492;3,5;3,5
Nord Ovest;Lombardia;SO;C493;8;1
Nord Est;Friuli- Venezia Giulia;UD;C494;0,5;1
Sud;Campania;NA;C495;10,47;26,42
Isole;Sicilia;PA;C496;1,11;3
Nord Ovest;Piemonte;TO;C497;2;13
Nord Est;Veneto;VR;C498;24,91;218
Nord Est;Veneto;RO;C500;2;22
Nord Ovest;Lombardia;MN;C502;6;17,5
Nord Ovest;Piemonte;AL;C503;1;4
Nord Ovest;Piemonte;CN;C504;0;8
Nord Ovest;Piemonte;TO;C505;2;9
Nord Ovest;Lombardia;BG;C506;1;35,59
Nord Ovest;Piemonte;AL;C507;0;1
Nord Ovest;Lombardia;PV;C508;0;3
Nord Ovest;Lombardia;PV;C509;2;5
Nord Ovest;Liguria;SV;C510;47,17;181,27
Nord Ovest;Liguria;IM;C511;23;3
Nord Ovest;Lombardia;MI;C512;26,67;97,82
Nord Est;Emilia-Romagna;PC;C513;3,25;2,67
Sud;Puglia;FG;C514;63,38;206,67
Sud;Calabria;CS;C515;0,67;1
Nord Ovest;Lombardia;CO;C516;29,9;89,77
Sud;Abruzzo;TE;C517;1;0
Centro;Lazio;RM;C518;2;0
Nord Ovest;Lombardia;CO;C520;30,9;66,1
Nord Ovest;Lombardia;LC;C521;3;39
Nord Ovest;Lombardia;MI;C523;260,25;670,96
Centro;Marche;AN;C524;7,25;17,5
Sud;Campania;BN;C525;1;2
Centro;Umbria;PG;C527;2;4
Nord Ovest;Piemonte;AT;C528;0;0
Centro;Toscana;FI;C529;13,89;46,34
Nord Ovest;Piemonte;CN;C530;1;1
Nord Ovest;Piemonte;AL;C531;1;11
Nord Ovest;Piemonte;BI;C532;9,5;27
Nord Ovest;Piemonte;AT;C533;1;5
Sud;Molise;IS;C534;1,99;1,99
Nord Ovest;Lombardia;MI;C536;6;79,08
Nord Ovest;Lombardia;MI;C537;41,33;165,18
Nord Est;Veneto;VR;C538;4;30,99
Sud;Basilicata;PZ;C539;0;1
Centro;Toscana;FI;C540;82,5;93,89
Nord Ovest;Lombardia;PV;C541;13;91
Sud;Calabria;CZ;C542;0;0
Centro;Lazio;RM;C543;10;31
Nord Est;Veneto;PD;C544;4;56,55
Centro;Lazio;FR;C545;3;6
Nord Ovest;Piemonte;CN;C547;11,75;48,31
Nord Ovest;Piemonte;VC;C548;1,06;2
Nord Ovest;Lombardia;BS;C549;5;2
Nord Ovest;Piemonte;CN;C550;7;25
Nord Ovest;Lombardia;PV;C551;0;5,5
Centro;Lazio;RM;C552;100,52;249,94
Nord Est;Emilia-Romagna;RA;C553;85,84;732,57
Sud;Calabria;CS;C554;1;1
Nord Ovest;Lombardia;LO;C555;11,5;68,13
Sud;Campania;AV;C557;5,52;5,02
Sud;Campania;CE;C558;1,83;1
Nord Ovest;Liguria;IM;C559;15;35,89
Sud;Calabria;CS;C560;1;0
Sud;Campania;CE;C561;5,87;46,11
Nord Ovest;Lombardia;LC;C563;5,33;11,33
Nord Ovest;Piemonte;TO;C564;38,37;155,42
Nord Ovest;Lombardia;MI;C565;69,05;174,75
Nord Ovest;Lombardia;MI;C566;176,42;462,15
Nord Ovest;Piemonte;VB;C567;0;1
Isole;Sicilia;ME;C568;0,75;3,5
Nord Ovest;Lombardia;MI;C569;53,51;260,77
Nord Est;Emilia-Romagna;FO;C573;219,74;865,41
Nord Est;Emilia-Romagna;FO;C574;60,08;274,28
Sud;Campania;AV;C576;2,6;8
Nord Est;Veneto;BL;C577;13,33;28,71
Nord Ovest;Liguria;IM;C578;8;0
Nord Est;Veneto;TV;C580;1,5;39,17
Sud;Calabria;VV;C581;2;0
Centro;Marche;MC;C582;0;0,17
Nord Ovest;Piemonte;AT;C583;1;0
Sud;Campania;SA;C584;3;0
Nord Ovest;Lombardia;BS;C585;2,5;12
Centro;Toscana;SI;C587;8;6
Sud;Calabria;CS;C588;6,5;4
Nord Ovest;Piemonte;CN;C589;10;17
Nord Ovest;Lombardia;BS;C591;6;6
Nord Ovest;Valle d'Aosta;AO;C593;0;5,5
Nord Ovest;Valle d'Aosta;AO;C594;4;5,5
Nord Ovest;Valle d'Aosta;AO;C595;4,5;2,5
Nord Ovest;Valle d'Aosta;AO;C596;6;3
Nord Ovest;Valle d'Aosta;AO;C598;12,5;19,83
Nord Ovest;Piemonte;CN;C599;44,09;99,33
Isole;Sardegna;SS;C600;0;0
Nord Ovest;Piemonte;TO;C604;4,33;11,33
Nord Est;Veneto;VI;C605;14,5;93,94
Sud;Campania;AV;C606;0;1
Centro;Toscana;SI;C608;8,3;45,93
Centro;Toscana;PI;C609;14,84;15
Nord Ovest;Piemonte;TO;C610;12,34;15
Isole;Sicilia;RG;C612;10,67;21,76
Isole;Sardegna;SS;C613;1;2
Nord Est;Veneto;TV;C614;6,25;32,72
Centro;Marche;AN;C615;30,1;90,18
Sud;Calabria;CZ;C616;4;0
Nord Ovest;Lombardia;BS;C618;37,76;219,21
Sud;Basilicata;PZ;C619;11;1
Sud;Molise;IS;C620;3;0
Nord Ovest;Liguria;GE;C621;127,97;260,86
Nord Ovest;Lombardia;SO;C623;57,65;81,23
Nord Ovest;Piemonte;TO;C624;3;5
Nord Ovest;Piemonte;TO;C627;138,9;439,41
Nord Ovest;Lombardia;SO;C628;39,49;47,35
Nord Ovest;Piemonte;TO;C629;2,5;3
Nord Est;Veneto;BL;C630;4,33;4
Centro;Toscana;PT;C631;4,22;21,83
Sud;Abruzzo;CH;C632;65,5;223,37
Sud;Puglia;FG;C633;1;3
Nord Ovest;Lombardia;CR;C634;4;28
Nord Ovest;Lombardia;BG;C635;1;44
Nord Ovest;Lombardia;PV;C637;3,67;27,84
Nord Est;Veneto;VE;C638;182,87;562,93
Nord Ovest;Piemonte;TO;C639;4,5;11
Nord Est;Friuli- Venezia Giulia;PN;C640;10;44,33
Centro;Toscana;AR;C648;0;1
Nord Ovest;Lombardia;BG;C649;21,21;81,94
Nord Est;Veneto;VI;C650;3,5;14,21
Nord Ovest;Lombardia;SO;C651;3,5;8,67
Nord Ovest;Piemonte;CN;C653;13,58;27,03
Isole;Sicilia;PA;C654;11,78;4
Nord Ovest;Piemonte;TO;C655;8,87;13,7
Nord Est;Friuli- Venezia Giulia;UD;C656;5;28,39
Nord Ovest;Liguria;IM;C657;5,5;1
Nord Ovest;Piemonte;AT;C658;0;11
Sud;Campania;AV;C659;5,81;1,33
Nord Ovest;Liguria;IM;C660;4;0
Centro;Toscana;SI;C661;11;4,5
Centro;Toscana;SI;C662;18,44;46,42
Centro;Toscana;AR;C663;0,78;7,44
Nord Ovest;Piemonte;TO;C665;85,66;323
Isole;Sicilia;AG;C668;4,33;4
Nord Est;Emilia-Romagna;RE;C669;15,77;42,16
Nord Est;Veneto;TV;C670;7,75;31,65
Nord Est;Veneto;BL;C672;2;4
Nord Ovest;Liguria;GE;C673;5,92;2,59
Sud;Calabria;CZ;C674;2;1
Sud;Campania;NA;C675;15,67;55
Sud;Campania;SA;C676;2;1
Centro;Lazio;RM;C677;2;3
Nord Ovest;Lombardia;CR;C678;0;5
Nord Ovest;Piemonte;TO;C679;1;1
Nord Ovest;Piemonte;VC;C680;2;22
Nord Ovest;Piemonte;CN;C681;9;4
Nord Ovest;Lombardia;PV;C684;4;11,25
Nord Ovest;Lombardia;BS;C685;0;7,84
Nord Ovest;Lombardia;PV;C686;5,5;52,56
Nord Est;Veneto;TV;C689;1;14,05
Nord Ovest;Lombardia;BS;C691;0;0
Sud;Calabria;RC;C695;0;0
Isole;Sicilia;PA;C696;4;1
Sud;Campania;NA;C697;5;18
Nord Ovest;Lombardia;BS;C698;0,5;0,5
Nord Est;Friuli- Venezia Giulia;PN;C699;0;0
Nord Ovest;Piemonte;AT;C701;1;2
Centro;Lazio;RM;C702;1,5;1,75
Nord Ovest;Lombardia;CR;C703;0;3
Centro;Marche;MC;C704;24,93;21,6
Centro;Toscana;GR;C705;15;10,5
Nord Ovest;Lombardia;MI;C707;197,06;585,65
Isole;Sicilia;PA;C708;8;11,5
Nord Ovest;Lombardia;SO;C709;1,26;1
Sud;Calabria;RC;C710;6,5;4,5
Nord Ovest;Piemonte;TO;C711;2;2
Nord Est;Veneto;PD;C713;2;6
Nord Est;Veneto;VE;C714;4;30
Nord Ovest;Piemonte;TO;C715;1;3
Sud;Campania;CE;C716;0;0
Nord Ovest;Liguria;IM;C718;18,12;21,1
Sud;Campania;BN;C719;2;2
Nord Ovest;Piemonte;TO;C722;52,5;225,98
Sud;Basilicata;MT;C723;6;0
Nord Ovest;Lombardia;CO;C724;2,83;13,51
Sud;Calabria;KR;C725;2;1
Sud;Calabria;KR;C726;11,5;3,99
Nord Ovest;Lombardia;BG;C728;9;57,25
Nord Ovest;Liguria;SV;C729;4;9
Nord Ovest;Lombardia;BG;C730;11,95;67,59
Nord Ovest;Lombardia;VA;C732;22,67;105,71
Nord Ovest;Lombardia;MI;C733;28,28;126,05
Nord Est;Veneto;TV;C735;5,78;16,17
Nord Ovest;Piemonte;CN;C738;4;1
Nord Ovest;Piemonte;AT;C739;0;7
Centro;Lazio;LT;C740;62,17;133,9
Sud;Puglia;BR;C741;18,54;49,34
Centro;Umbria;PG;C742;6,33;9,5
Nord Est;Veneto;PD;C743;23,17;191,8
Centro;Umbria;PG;C744;30,96;56,69
Centro;Umbria;PG;C745;68,05;225,51
Centro;Lazio;RI;C746;13,17;19,86
Sud;Calabria;RC;C747;4,22;7,5
Centro;Lazio;RI;C749;1;0,5
Sud;Abruzzo;PE;C750;21,5;121,17
Nord Ovest;Lombardia;VA;C751;6;33,4
Nord Ovest;Lombardia;LC;C752;9,67;28,5
Nord Ovest;Liguria;IM;C755;2;10
Nord Ovest;Piemonte;VC;C757;0;1,99
Nord Est;Friuli- Venezia Giulia;UD;C758;31,5;68,08
Nord Ovest;Lombardia;BG;C759;1,54;31,84
Nord Ovest;Lombardia;BS;C760;6,85;11
Sud;Calabria;CS;C763;3;3
Sud;Molise;CB;C764;3;1
Centro;Lazio;VT;C765;24;65,45
Sud;Abruzzo;AQ;C766;1;3
Centro;Lazio;RM;C767;18,67;35,47
Sud;Abruzzo;CH;C768;4;0
Sud;Molise;IS;C769;1;1
Centro;Marche;MC;C770;104,85;425,63
Sud;Abruzzo;PE;C771;0;0
Sud;Molise;CB;C772;0;2
Centro;Lazio;RM;C773;102,01;248,47
Centro;Toscana;AR;C774;13,82;57,3
Sud;Abruzzo;CH;C776;3;3
Nord Est;Emilia-Romagna;FO;C777;6;13,8
Sud;Abruzzo;AQ;C778;1;0
Sud;Abruzzo;PE;C779;2;5,5
Centro;Lazio;VT;C780;6;1
Sud;Abruzzo;TE;C781;1;4
Centro;Toscana;GR;C782;18,77;14
Sud;Abruzzo;AQ;C783;5,5;4
Centro;Lazio;RM;C784;10;9
Nord Ovest;Lombardia;SO;C785;13,17;13,72
Nord Ovest;Lombardia;CO;C787;5,75;5,25
Nord Ovest;Lombardia;BG;C789;1,5;10,84
Nord Est;Friuli- Venezia Giulia;PN;C790;1,66;1,66
Nord Est;Friuli- Venezia Giulia;PN;C791;2,08;6,5
Nord Ovest;Piemonte;CN;C792;1;8
Nord Ovest;Piemonte;TO;C793;3,04;14
Sud;Calabria;CS;C795;0;0
Nord Ovest;Lombardia;VA;C796;3;20
Nord Ovest;Lombardia;BG;C800;36,75;172,17
Nord Ovest;Piemonte;TO;C801;2;7
Nord Ovest;Piemonte;TO;C803;16;33,25
Nord Ovest;Piemonte;AT;C804;1;4
Nord Ovest;Lombardia;BS;C806;24,17;104,43
Nord Ovest;Piemonte;AT;C807;1;2
Nord Ovest;Lombardia;VA;C810;1,67;38,17
Sud;Abruzzo;AQ;C811;1,63;0
Nord Est;Veneto;PD;C812;3,83;51,55
Nord Ovest;Lombardia;PV;C813;1;5,5
Nord Est;Emilia-Romagna;FE;C814;8;74,43
Nord Est;Veneto;TV;C815;11;38,11
Nord Ovest;Lombardia;LO;C816;39,66;181,26
Nord Est;Friuli- Venezia Giulia;UD;C817;28;195,5
Isole;Sardegna;SS;C818;1;2,8
Nord Ovest;Piemonte;BI;C819;15;9
Nord Ovest;Lombardia;MI;C820;22,03;89,59
Nord Ovest;Valle d'Aosta;AO;C821;47,15;23
Nord Ovest;Liguria;GE;C823;36,67;105,39
Nord Est;Veneto;VI;C824;6,33;20
Nord Ovest;Liguria;GE;C826;33,94;33,5
Nord Ovest;Piemonte;NO;C829;5;18
Nord Ovest;Lombardia;BG;C835;2,33;21,61
Centro;Lazio;FR;C836;0;1
Nord Est;Emilia-Romagna;PC;C838;4;12
Nord Ovest;Lombardia;LC;C839;42,29;203,3
Centro;Lazio;RI;C841;3;3
Sud;Abruzzo;AQ;C844;0;1
Centro;Umbria;PG;C845;3;6
Sud;Campania;BN;C846;2;0
Centro;Toscana;SI;C847;55,51;178,58
Nord Est;Veneto;TV;C848;10,17;44,59
Nord Ovest;Lombardia;BS;C850;9,68;46,93
Nord Ovest;Lombardia;LC;C851;8,7;19,5
Nord Est;Emilia-Romagna;PR;C852;51,49;175,6
Sud;Abruzzo;PE;C853;2;19
Sud;Molise;CB;C854;2;1
Sud;Abruzzo;CH;C855;0;0
Sud;Abruzzo;CH;C856;1;1
Centro;Lazio;RI;C857;1;1
Centro;Lazio;RM;C858;36,17;133,75
Centro;Lazio;RI;C859;1,67;1
Nord Ovest;Piemonte;TO;C860;238,6;559,13
Sud;Abruzzo;AQ;C862;1;2
Centro;Lazio;FR;C864;2;0
Sud;Puglia;LE;C865;1,5;10,16
Sud;Abruzzo;AQ;C866;0;0
Nord Ovest;Piemonte;TO;C867;2;3
Nord Ovest;Piemonte;TO;C868;0;9
Centro;Toscana;LI;C869;51;143,16
Centro;Lazio;FR;C870;0,06;1,06
Isole;Sicilia;PA;C871;6,5;0
Sud;Molise;CB;C875;3;1
Centro;Lazio;RI;C876;5;4
Centro;Marche;AP;C877;3;23,89
Sud;Molise;IS;C878;0;0
Sud;Campania;SA;C879;2;5
Centro;Lazio;RI;C880;0;1
Isole;Sardegna;CA;C882;0;0
Nord Ovest;Lombardia;BS;C883;5,5;18,25
Nord Ovest;Piemonte;VC;C884;0;0
Nord Est;Friuli- Venezia Giulia;UD;C885;5;22
Centro;Marche;MC;C886;0;1
Sud;Basilicata;MT;C888;2,67;3,84
Nord Est;Veneto;VR;C890;10,08;62,95
Nord Ovest;Lombardia;BS;C893;3;95,17
Nord Ovest;Lombardia;BG;C894;15,48;140,12
Nord Ovest;Lombardia;MI;C895;175,02;452,93
Nord Est;Veneto;VR;C897;6;101
Centro;Lazio;RM;C900;13,5;12,63
Sud;Abruzzo;TE;C901;11;21
Nord Ovest;Lombardia;CO;C902;7;16
Nord Ovest;Lombardia;SO;C903;2;5
Nord Est;Emilia-Romagna;PR;C904;5;89,17
Sud;Calabria;CS;C905;0;0
Nord Ovest;Lombardia;MI;C908;4;37
Nord Ovest;Lombardia;BG;C910;1,17;16,67
Nord Ovest;Lombardia;VA;C911;3;15
Nord Est;Emilia-Romagna;FE;C912;65,24;325,81
Centro;Toscana;MS;C914;10;5
Nord Ovest;Lombardia;LO;C917;6,5;46,83
Nord Est;Friuli- Venezia Giulia;UD;C918;1;2
Nord Est;Veneto;BL;C919;8,95;23,29
Nord Est;Veneto;BL;C920;23,84;24,2
Nord Ovest;Lombardia;VA;C922;8,13;44,9
Nord Ovest;Lombardia;BS;C925;3;39,5
Nord Ovest;Piemonte;NO;C926;0;10,5
Isole;Sicilia;RG;C927;14,53;77,44
Isole;Sicilia;AG;C928;4;3
Sud;Campania;NA;C929;2,33;0
Nord Ovest;Lombardia;MN;C930;3;7
Nord Ovest;Lombardia;CO;C933;354,75;971,33
Nord Est;Emilia-Romagna;PR;C934;1;3,86
Centro;Marche;AP;C935;7;20,01
Nord Ovest;Lombardia;CO;C936;19,65;27,5
Nord Ovest;Lombardia;BG;C937;9,5;53,33
Nord Est;Veneto;VE;C938;2;11,25
Sud;Campania;CE;C939;0,67;1
Sud;Campania;SA;C940;1,5;0
Sud;Molise;IS;C941;0;1
Nord Est;Veneto;VR;C943;0;7
Centro;Lazio;RI;C946;1;2
Nord Ovest;Lombardia;BS;C948;37,17;198,09
Nord Est;Veneto;VE;C950;18,42;79
Nord Est;Emilia-Romagna;MO;C951;16,55;77,45
Nord Ovest;Lombardia;MI;C952;99,87;295,37
Sud;Calabria;RC;C954;0;3
Nord Ovest;Piemonte;TO;C955;21,07;51,5
Isole;Sicilia;ME;C956;0;1
Nord Est;Veneto;TV;C957;100,84;426,64
Nord Ovest;Lombardia;PV;C958;2;17
Centro;Lazio;RI;C959;1;1,5
Sud;Calabria;CZ;C960;1,66;1
Nord Ovest;Piemonte;AL;C962;0;3
Nord Est;Emilia-Romagna;RA;C963;10;72,83
Nord Est;Veneto;PD;C964;11;86,73
Isole;Sicilia;PA;C968;1,75;4
Centro;Lazio;RI;C969;3,5;11
Sud;Campania;AV;C971;1;10
Sud;Abruzzo;TE;C972;1;6
Sud;Campania;SA;C973;3;0
Sud;Campania;SA;C974;5;3
Sud;Puglia;BA;C975;67;116,66
Sud;Campania;AV;C976;3,56;3
Nord Ovest;Piemonte;AL;C977;3;14,5
Sud;Puglia;LE;C978;13;32,9
Nord Ovest;Lombardia;PV;C979;5;17
Nord Est;Emilia-Romagna;FE;C980;24,5;179,19
Nord Ovest;Lombardia;PV;C982;0;2
Sud;Puglia;BA;C983;153,6;151,75
Sud;Campania;SA;C984;3;4
Nord Ovest;Lombardia;MI;C986;79,09;285,37
Nord Est;Veneto;RO;C987;3;13
Centro;Lazio;VT;C988;10,5;4,67
Centro;Umbria;PG;C990;64,63;198,08
Nord Est;Friuli- Venezia Giulia;PN;C991;38,03;160
Nord Est;Veneto;TV;C992;12;90,33
Nord Est;Friuli- Venezia Giulia;PN;C993;6;29
Nord Ovest;Liguria;GE;C995;3;3
Centro;Toscana;LU;C996;8,25;10,34
Centro;Lazio;FR;C998;4;0,07
Sud;Abruzzo;AQ;C999;1;3,5
Centro;Lazio;LT;D003;11,28;7
Nord Est;Emilia-Romagna;RN;D004;9;74
Sud;Puglia;LE;D006;7,6;7,5
Centro;Marche;AN;D007;3;11,5
Nord Ovest;Piemonte;TO;D008;22;37,05
Isole;Sicilia;PA;D009;13;12,83
Sud;Basilicata;PZ;D010;11;1,88
Sud;Campania;SA;D011;0;5
Nord Ovest;Valle d'Aosta;AO;D012;89,48;165,71
Nord Ovest;Lombardia;MI;D013;71,24;204,49
Nord Ovest;Lombardia;BG;D015;2,8;2
Nord Ovest;Lombardia;BG;D016;8,25;18
Nord Ovest;Lombardia;MI;D018;122,23;307,72
Nord Ovest;Lombardia;MI;D019;62,51;219,93
Nord Est;Veneto;VI;D020;11,05;85,38
Nord Ovest;Lombardia;LO;D021;3;40,33
Nord Ovest;Piemonte;CN;D022;2,33;22,5
Centro;Lazio;VT;D024;65,75;86,68
Nord Est;Emilia-Romagna;PR;D026;11,36;12
Nord Est;Friuli- Venezia Giulia;UD;D027;4;25
Nord Ovest;Lombardia;LO;D028;0,33;7,33
Nord Ovest;Lombardia;LO;D029;0;3
Nord Est;Veneto;TV;D030;8;43,83
Nord Ovest;Lombardia;MI;D033;0;3
Nord Est;Emilia-Romagna;RE;D037;82,48;307,21
Nord Ovest;Lombardia;MI;D038;20;71,96
Nord Est;Veneto;PD;D040;4;30,95
Nord Ovest;Lombardia;CO;D041;1;3
Centro;Marche;MC;D042;33,6;71,08
Sud;Abruzzo;TE;D043;8;26
Sud;Puglia;LE;D044;5;3
Nord Ovest;Lombardia;MI;D045;129,95;256,75
Nord Ovest;Piemonte;AT;D046;0;1
Sud;Calabria;CZ;D049;1;4
Nord Ovest;Piemonte;AT;D050;0;1
Nord Ovest;Piemonte;AT;D051;0;7
Nord Ovest;Piemonte;AT;D052;1;3
Nord Est;Emilia-Romagna;PC;D054;3,5;13,5
Nord Ovest;Lombardia;CR;D056;0;7
Nord Ovest;Lombardia;CR;D057;0;16
Nord Ovest;Lombardia;BS;D058;11,78;121
Nord Est;Emilia-Romagna;PC;D061;6;29,75
Nord Ovest;Piemonte;CN;D062;6,03;14
Nord Ovest;Lombardia;BS;D064;29,18;129,17
Nord Ovest;Lombardia;LC;D065;2;2,5
Nord Ovest;Lombardia;BG;D066;3,92;13,5
Nord Ovest;Lombardia;LO;D068;3;25
Nord Ovest;Piemonte;AT;D072;0;0
Sud;Abruzzo;TE;D076;0;0
Centro;Toscana;AR;D077;34,5;95,23
Sud;Abruzzo;PE;D078;0;0
Nord Ovest;Lombardia;PV;D081;0;4
Nord Ovest;Lombardia;BS;D082;0;12
Nord Est;Friuli- Venezia Giulia;UD;D085;3;9
Sud;Calabria;CS;D086;99,35;256,54
Nord Ovest;Liguria;IM;D087;1;4
Nord Ovest;Lombardia;SO;D088;13,37;39,7
Sud;Calabria;RC;D089;2;0
Nord Ovest;Piemonte;TO;D092;2,5;1
Nord Ovest;Piemonte;CN;D093;0;2
Nord Ovest;Piemonte;BI;D094;40,14;128,8
Nord Ovest;Liguria;SV;D095;5,33;6,5
Centro;Marche;AP;D096;0;1
Nord Ovest;Piemonte;VB;D099;10;2
Isole;Sardegna;SS;D100;1;1
Nord Ovest;Piemonte;AT;D101;0;4
Nord Ovest;Piemonte;AL;D102;0;1
Nord Ovest;Lombardia;BG;D103;0,95;9
Nord Est;Veneto;RO;D105;1;10,5
Nord Est;Veneto;VI;D107;4;129,14
Centro;Umbria;PG;D108;5;3,5
Nord Ovest;Lombardia;PV;D109;1;1
Nord Ovest;Lombardia;BG;D110;16,63;75,55
Nord Ovest;Lombardia;BG;D111;2;26,14
Nord Ovest;Lombardia;LC;D112;13,84;45,82
Nord Ovest;Piemonte;VC;D113;2;11
Nord Ovest;Liguria;IM;D114;11;22,78
Nord Ovest;Lombardia;BG;D117;16,75;76,26
Nord Est;Veneto;VR;D118;22;147,84
Nord Ovest;Piemonte;AT;D119;10;25,2
Nord Ovest;Piemonte;CN;D120;10;25,39
Nord Est;Emilia-Romagna;RA;D121;9;63,41
Sud;Calabria;KR;D122;39,45;110,2
Sud;Calabria;KR;D123;6;4
Centro;Lazio;RI;D124;4;1
Nord Ovest;Lombardia;BG;D126;6,21;46
Nord Ovest;Lombardia;PV;D127;1;1
Sud;Basilicata;MT;D128;0;0
Nord Ovest;Lombardia;LC;D131;0;4,67
Nord Ovest;Piemonte;VC;D132;8,84;2,84
Nord Ovest;Piemonte;CN;D133;2;0
Nord Ovest;Piemonte;VB;D134;9,5;20,5
Nord Est;Veneto;VI;D136;21;163,89
Sud;Abruzzo;CH;D137;1;1,25
Nord Ovest;Lombardia;BG;D139;5,17;54,67
Nord Ovest;Lombardia;CR;D141;6;14,25
Nord Ovest;Lombardia;CR;D142;103,82;448,74
Nord Ovest;Lombardia;LC;D143;7,1;18,5
Nord Ovest;Lombardia;VA;D144;1;6
Nord Ovest;Lombardia;LC;D145;11,5;56,33
Nord Ovest;Lombardia;CO;D147;6;4
Nord Ovest;Piemonte;AL;D149;0;12,5
Nord Ovest;Lombardia;CR;D150;295,85;984,08
Nord Ovest;Lombardia;CR;D151;0;21,23
Nord Ovest;Piemonte;VC;D154;19,01;80,49
Nord Est;Veneto;VI;D156;1;5,5
Nord Ovest;Lombardia;LO;D159;2,5;35
Nord Est;Veneto;RO;D161;2;12,5
Nord Ovest;Piemonte;NO;D162;0;3
Nord Ovest;Piemonte;BI;D165;2;9,42
Nord Est;Emilia-Romagna;BO;D166;25,17;169,24
Nord Ovest;Piemonte;VB;D168;33,99;25,64
Sud;Campania;NA;D170;7,7;22
Sud;Puglia;TA;D171;17,5;23
Nord Ovest;Piemonte;CN;D172;3;2
Nord Ovest;Liguria;GE;D175;2;1
Nord Ovest;Piemonte;VB;D177;12;18,5
Sud;Abruzzo;TE;D179;5;3
Sud;Calabria;CS;D180;2;0
Sud;Calabria;CZ;D181;4;1
Sud;Calabria;CS;D184;3,33;11
Nord Ovest;Lombardia;VA;D185;1;5
Nord Ovest;Lombardia;CR;D186;0;4
Nord Ovest;Piemonte;VC;D187;2;2,84
Sud;Calabria;KR;D189;1,5;6,25
Nord Ovest;Lombardia;VA;D192;18,17;46
Nord Est;Veneto;VR;D193;3;58,89
Sud;Campania;SA;D195;0;0
Nord Ovest;Lombardia;CO;D196;6,26;27,5
Nord Ovest;Piemonte;TO;D197;1;8,33
Nord Ovest;Lombardia;MI;D198;14;73,2
Nord Ovest;Lombardia;VA;D199;7,25;28,25
Isole;Sardegna;OR;D200;7,5;3,07
Sud;Abruzzo;PE;D201;1;4
Nord Ovest;Piemonte;TO;D202;24;69,16
Nord Ovest;Lombardia;CR;D203;0;2
Nord Ovest;Lombardia;VA;D204;4;26,92
Nord Ovest;Piemonte;CN;D205;388,15;565,07
Nord Ovest;Piemonte;AT;D207;2;4
Nord Ovest;Piemonte;TO;D208;29,5;80,56
Sud;Abruzzo;CH;D209;7;8,5
Centro;Marche;AP;D210;26,08;71,89
Centro;Marche;AN;D211;7,76;21,75
Isole;Sardegna;OR;D214;0;0
Nord Ovest;Piemonte;NO;D216;2;16
Nord Ovest;Lombardia;VA;D217;3;0
Sud;Calabria;CZ;D218;2;1,5
Nord Ovest;Piemonte;BI;D219;4;4
Nord Ovest;Lombardia;BG;D221;23,67;103,73
Sud;Puglia;LE;D223;1;4,69
Nord Est;Veneto;PD;D226;0;90,67
Nord Ovest;Lombardia;MN;D227;15;175,59
Sud;Campania;CE;D228;18,5;29,57
Nord Ovest;Lombardia;MI;D229;46;124,72
Sud;Campania;BN;D230;2,67;5
Nord Ovest;Lombardia;MI;D231;70,5;232,47
Nord Ovest;Lombardia;CO;D232;2;4
Nord Ovest;Lombardia;BG;D233;1,42;3,17
Isole;Sicilia;TP;D234;4;2
Sud;Calabria;KR;D236;6;6,5
Sud;Puglia;LE;D237;8;5
Nord Ovest;Lombardia;VA;D238;11,39;35,72
Nord Ovest;Lombardia;VA;D239;1,5;15
Nord Ovest;Lombardia;MI;D244;25;89,58
Nord Ovest;Lombardia;BG;D245;51,38;350,35
Nord Est;Veneto;BL;D247;2;5
Nord Ovest;Lombardia;BS;D251;42,16;181,59
Sud;Calabria;VV;D253;0;1
Nord Ovest;Liguria;GE;D255;22,04;7,5
Nord Ovest;Lombardia;VA;D256;4,32;22,5
Sud;Calabria;CZ;D257;6,5;4
Nord Ovest;Lombardia;SO;D258;4,67;7,67
Isole;Sardegna;CA;D259;10;52,83
Isole;Sardegna;CA;D260;0;0
Sud;Calabria;CZ;D261;2;2
Nord Ovest;Liguria;SV;D264;8;7
Nord Ovest;Liguria;SP;D265;30;65,33
Nord Ovest;Lombardia;SO;D266;7;9,38
Isole;Sicilia;CL;D267;1,8;7
Sud;Calabria;RC;D268;0;0
Sud;Puglia;FG;D269;4;8
Nord Ovest;Lombardia;BS;D270;4;73,8
Nord Ovest;Piemonte;CN;D271;15,33;19,7
Nord Ovest;Piemonte;AL;D272;3;1
Nord Ovest;Piemonte;AL;D277;2;1
Nord Ovest;Lombardia;CR;D278;0;0
Centro;Umbria;PG;D279;23,73;74,78
Nord Ovest;Lombardia;LC;D280;14,17;35,35
Nord Ovest;Piemonte;VC;D281;3,17;9,67
Nord Ovest;Lombardia;BS;D284;88,14;680,02
Nord Ovest;Lombardia;MI;D286;171,75;553,5
Isole;Sardegna;NU;D287;0;0
Sud;Calabria;CS;D289;15,67;29,69
Sud;Calabria;CS;D290;0;0,67
Nord Ovest;Piemonte;CN;D291;14,33;28,67
Sud;Campania;SA;D292;3;4
Nord Ovest;Liguria;IM;D293;5,02;13
Nord Ovest;Liguria;IM;D296;22;33
Nord Ovest;Liguria;IM;D297;65,49;145,64
Nord Ovest;Liguria;IM;D298;6;2
Centro;Toscana;FI;D299;4,5;35,9
Nord Est;Friuli- Venezia Giulia;UD;D300;1;6,5
Sud;Calabria;VV;D303;0;0
Sud;Calabria;CS;D304;4,5;5
Sud;Puglia;LE;D305;1;9,33
Nord Ovest;Piemonte;NO;D309;4;10
Nord Ovest;Lombardia;CO;D310;7;12,67
Nord Ovest;Piemonte;CN;D314;24,5;24,34
Sud;Abruzzo;CH;D315;2;1
Nord Est;Friuli- Venezia Giulia;UD;D316;0;0,5
Nord Est;Veneto;VR;D317;3;24
Nord Ovest;Liguria;IM;D318;22;51
Nord Ovest;Liguria;IM;D319;21;16
Isole;Sardegna;CA;D323;14;8
Nord Est;Veneto;VE;D325;20;232,32
Nord Ovest;Lombardia;LC;D327;5;41,5
Sud;Calabria;CS;D328;1;0
Nord Ovest;Lombardia;CO;D329;8;25
Nord Est;Veneto;BL;D330;5,5;11,42
Sud;Campania;AV;D331;0;2
Nord Ovest;Piemonte;VB;D332;88,45;161,13
Isole;Sardegna;CA;D333;0,5;12
Isole;Sardegna;CA;D334;2,6;2
Nord Ovest;Valle d'Aosta;AO;D338;13,5;10,67
Nord Ovest;Piemonte;BI;D339;5;9
Nord Ovest;Lombardia;CO;D341;4;9
Isole;Sardegna;CA;D344;5;0
Isole;Sardegna;NU;D345;4;3
Nord Ovest;Lombardia;LC;D346;5;7
Nord Ovest;Piemonte;NO;D347;9;27
Nord Ovest;Lombardia;PV;D348;10;59,25
Nord Ovest;Piemonte;BI;D350;5;7,5
Nord Ovest;Lombardia;MN;D351;2;24,5
Nord Ovest;Lombardia;BG;D352;2;9,5
Nord Ovest;Lombardia;CO;D355;2;0
Nord Ovest;Valle d'Aosta;AO;D356;1;0
Nord Est;Emilia-Romagna;FO;D357;3;5,5
Nord Ovest;Lombardia;CR;D358;2;42,95
Nord Est;Emilia-Romagna;BO;D360;23,21;80,67
Sud;Campania;CE;D361;4;3
Sud;Calabria;VV;D364;1;1
Nord Est;Friuli- Venezia Giulia;UD;D366;0,78;0
Nord Ovest;Lombardia;MI;D367;4;50,3
Nord Ovest;Piemonte;CN;D372;18,42;40,26
Nord Ovest;Piemonte;TO;D373;47,74;139,5
Nord Ovest;Piemonte;VB;D374;7,5;3
Isole;Sardegna;NU;D376;0;0
Nord Ovest;Lombardia;SO;D377;12,99;47,16
Nord Est;Veneto;VI;D379;6,25;145,8
Sud;Campania;BN;D380;1;1
Nord Ovest;Lombardia;VA;D384;4,33;10,5
Nord Ovest;Lombardia;VA;D385;1;3
Sud;Campania;BN;D386;1;0
Nord Ovest;Piemonte;AT;D388;0;8
Sud;Campania;SA;D390;31,23;60,5
Nord Ovest;Lombardia;BS;D391;18;48
Sud;Abruzzo;PE;D394;2;5
Nord Ovest;Lombardia;LC;D398;2;5
Isole;Sardegna;CA;D399;20;79
Nord Ovest;Piemonte;CN;D401;0;1
Nord Ovest;Valle d'Aosta;AO;D402;3;0
Centro;Toscana;FI;D403;124,31;451,62
Nord Ovest;Lombardia;BG;D406;10,5;47
Nord Est;Veneto;VI;D407;7,66;14,75
Nord Est;Friuli- Venezia Giulia;UD;D408;2;5
Nord Ovest;Piemonte;CN;D410;2;16,5
Nord Ovest;Lombardia;BG;D411;1;17
Nord Ovest;Piemonte;CN;D412;4;13
Sud;Basilicata;PZ;D414;1,5;1,5
Nord Est;Veneto;VE;D415;22,67;163,31
Nord Ovest;Lombardia;CO;D416;43,61;172,08
Nord Est;Veneto;VR;D419;2;13,67
Nord Est;Veneto;VR;D420;4;11,56
Nord Ovest;Lombardia;BS;D421;11;96,25
Sud;Puglia;BR;D422;1;6,33
Isole;Sicilia;TP;D423;8,67;58,7
Nord Ovest;Liguria;SV;D424;2,8;0
Nord Est;Friuli- Venezia Giulia;PN;D426;0;0
Nord Ovest;Lombardia;LC;D428;0;2
Centro;Marche;MC;D429;1;8,5
Isole;Sardegna;NU;D430;0;0
Isole;Sardegna;NU;D431;0;0
Nord Ovest;Piemonte;TO;D433;1;1
Nord Ovest;Lombardia;BS;D434;7,84;38,35
Nord Ovest;Lombardia;LC;D436;2,5;3,5
Centro;Lazio;FR;D440;3;0
Isole;Sardegna;SS;D441;0;0
Nord Est;Veneto;PD;D442;12,75;194,97
Isole;Sardegna;NU;D443;1;0
Nord Ovest;Valle d'Aosta;AO;D444;1;2,75
Nord Ovest;Lombardia;CO;D445;4,75;18,38
Nord Ovest;Piemonte;AL;D447;4;7
Nord Est;Emilia-Romagna;RE;D450;17,5;81,32
Centro;Marche;AN;D451;51,39;142,5
Centro;Lazio;VT;D452;14,48;18
Sud;Calabria;VV;D453;1,56;0
Centro;Umbria;TR;D454;3,5;18,5
Nord Est;Friuli- Venezia Giulia;UD;D455;5;11,5
Nord Ovest;Lombardia;SO;D456;3;0
Nord Est;Emilia-Romagna;RA;D458;113,43;535,29
Sud;Puglia;FG;D459;0;14,08
Nord Est;Friuli- Venezia Giulia;UD;D461;7;51
Nord Ovest;Lombardia;CO;D462;7,56;13
Sud;Puglia;TA;D463;3;3
Sud;Calabria;CS;D464;2,33;2
Sud;Abruzzo;AQ;D465;2;0
Nord Ovest;Lombardia;VA;D467;20,33;100,65
Sud;Campania;BN;D469;3;0
Nord Est;Veneto;BL;D470;33,6;43,83
Centro;Marche;AN;D472;53,27;142,99
Sud;Calabria;CS;D473;4,5;15,17
Isole;Sicilia;ME;D474;2;4
Centro;Lazio;VT;D475;5,36;4
Sud;Calabria;CZ;D476;2,83;5,5
Centro;Marche;AP;D477;3;17,66
Sud;Abruzzo;CH;D480;1;0
Nord Ovest;Lombardia;CO;D482;5;64,26
Centro;Lazio;FR;D483;2,5;0
Nord Est;Emilia-Romagna;MO;D486;17,84;45,67
Nord Est;Friuli- Venezia Giulia;PN;D487;0,5;10
Centro;Marche;PS;D488;146,75;620,9
Sud;Abruzzo;TE;D489;1;0
Nord Ovest;Lombardia;BG;D490;15;121,65
Nord Ovest;Lombardia;BG;D491;0;25,77
Nord Ovest;Piemonte;NO;D492;2;8
Centro;Lazio;RI;D493;14,5;38
Sud;Abruzzo;CH;D494;4;3
Sud;Abruzzo;CH;D495;0;5
Nord Est;Veneto;VI;D496;2,06;21,12
Sud;Basilicata;PZ;D497;2;0
Nord Ovest;Piemonte;CN;D499;4;7,5
Sud;Abruzzo;PE;D501;2,5;3,5
Nord Est;Emilia-Romagna;PC;D502;3,84;11
Centro;Lazio;VT;D503;3,67;1
Nord Est;Veneto;TV;D505;18,13;69,43
Sud;Puglia;BR;D508;60,36;110,5
Nord Ovest;Liguria;GE;D509;0;0
Centro;Toscana;PI;D510;23,5;17,2
Nord Ovest;Piemonte;CN;D511;1;6
Nord Ovest;Liguria;GE;D512;1;0
Sud;Basilicata;MT;D513;8;3
Isole;Sicilia;AG;D514;18,25;8,17
Isole;Sicilia;TP;D518;12;7,95
Nord Ovest;Piemonte;TO;D520;12;46,56
Nord Ovest;Liguria;SV;D522;2;16,75
Nord Ovest;Piemonte;CN;D523;0;0
Nord Ovest;Piemonte;TO;D524;5;21
Nord Est;Emilia-Romagna;PR;D526;8,33;113,49
Sud;Campania;SA;D527;2;0
Nord Ovest;Piemonte;AL;D528;2,25;14,34
Nord Est;Veneto;BL;D530;30,36;157,28
Nord Ovest;Lombardia;CO;D531;8,5;44,5
Nord Ovest;Piemonte;TO;D532;2,75;9
Nord Ovest;Valle d'Aosta;AO;D537;16;9
Centro;Umbria;TR;D538;12,5;8
Centro;Lazio;FR;D539;11,39;8,22
Isole;Sicilia;SR;D540;6;9
Centro;Marche;PS;D541;9,33;47,67
Centro;Marche;AP;D542;74,25;177,95
Nord Ovest;Lombardia;VA;D543;9,59;57,83
Sud;Calabria;CZ;D544;1;0
Sud;Calabria;RC;D545;0;0
Sud;Calabria;CZ;D546;1,98;4
Sud;Basilicata;MT;D547;12;12
Nord Est;Emilia-Romagna;FE;D548;344,7;1444,15
Nord Est;Veneto;VR;D549;2;14,25
Sud;Molise;CB;D550;4,39;15
Nord Ovest;Lombardia;VA;D551;1,5;6
Nord Ovest;Lombardia;PV;D552;1;3
Nord Ovest;Piemonte;TO;D553;1;1
Nord Ovest;Piemonte;AT;D554;3;11
Nord Est;Emilia-Romagna;PC;D555;5,83;14,33
Sud;Calabria;RC;D557;0;0
Nord Ovest;Piemonte;AL;D559;1,5;2
Centro;Lazio;RI;D560;2;2,5
Centro;Lazio;RM;D561;45,5;114,5
Nord Ovest;Piemonte;TO;D562;6,84;28,04
Centro;Marche;MC;D564;2;6,59
Centro;Marche;MC;D566;0;0,67
Isole;Sicilia;PA;D567;17;27
Nord Est;Veneto;RO;D568;1;12,5
Isole;Sicilia;ME;D569;11,88;0
Centro;Umbria;TR;D570;4;5
Nord Ovest;Lombardia;CR;D574;0;14
Centro;Toscana;FI;D575;24,9;78,96
Nord Ovest;Lombardia;BS;D576;1;12,33
Nord Est;Veneto;RO;D577;3;36,5
Nord Est;Veneto;VE;D578;4,93;145,28
Nord Ovest;Lombardia;CO;D579;11,19;44,25
Sud;Calabria;CS;D582;0;1
Isole;Sardegna;OR;D585;0;0
Centro;Lazio;RM;D586;1;0
Sud;Calabria;VV;D587;5;4,58
Nord Ovest;Lombardia;BG;D588;5;33,67
Sud;Calabria;VV;D589;0;0
Centro;Toscana;MS;D590;14;7,5
Centro;Lazio;FR;D591;14,32;13
Sud;Abruzzo;CH;D592;1;1
Sud;Basilicata;PZ;D593;4,02;1,33
Nord Ovest;Lombardia;PV;D594;2;7
Sud;Molise;IS;D595;1;0
Sud;Calabria;VV;D596;0;3
Centro;Marche;AN;D597;19,33;45,22
Nord Est;Emilia-Romagna;MO;D599;24,67;168,98
Nord Ovest;Liguria;SV;D600;98,16;245,8
Nord Ovest;Lombardia;BG;D604;1;17,5
Nord Ovest;Lombardia;CO;D605;25,5;161,18
Nord Ovest;Lombardia;BG;D606;1;34,61
Nord Est;Emilia-Romagna;MO;D607;41,91;211,42
Nord Ovest;Piemonte;TO;D608;1,25;4
Nord Est;Emilia-Romagna;PC;D611;24,55;149
Centro;Toscana;FI;D612;998,32;2230,41
Centro;Toscana;FI;D613;11,01;27
Sud;Calabria;CS;D614;4;0
Sud;Campania;SA;D615;25,67;90,95
Nord Est;Emilia-Romagna;MO;D617;7,5;33,91
Sud;Calabria;RC;D619;0;0
Nord Est;Friuli- Venezia Giulia;PN;D621;26;159,25
Isole;Sicilia;ME;D622;1;2
Isole;Sicilia;CT;D623;15,5;50,11
Sud;Calabria;CS;D624;2;1
Centro;Marche;MC;D628;8,33;4
Centro;Toscana;MS;D629;30,47;11,5
Nord Est;Friuli- Venezia Giulia;UD;D630;1;3,75
Nord Ovest;Lombardia;BS;D634;6,75;99,5
Isole;Sicilia;ME;D635;0;0
Isole;Sicilia;SR;D636;4;60,85
Isole;Sardegna;SS;D637;2;2
Sud;Campania;AV;D638;0;1
Isole;Sardegna;CA;D639;0,5;1
Isole;Sardegna;NU;D640;1;0
Nord Ovest;Piemonte;VC;D641;0;1
Sud;Puglia;FG;D643;209,84;1025,37
Sud;Campania;BN;D644;3,33;1
Nord Ovest;Piemonte;TO;D646;4,5;18
Centro;Toscana;AR;D649;8;65
Sud;Campania;BN;D650;3;1
Centro;Marche;AP;D652;16,5;58,16
Centro;Umbria;PG;D653;129,93;454,02
Nord Est;Veneto;TV;D654;5,2;26,25
Nord Ovest;Liguria;SP;D655;32,07;27
Centro;Toscana;GR;D656;43,1;247,06
Nord Ovest;Lombardia;LO;D660;2;24,5
Isole;Sicilia;ME;D661;0;0
Centro;Lazio;LT;D662;45,81;47,89
Isole;Sardegna;NU;D665;2,5;0,5
Nord Ovest;Valle d'Aosta;AO;D666;6;2
Centro;Lazio;FR;D667;0;2
Nord Est;Emilia-Romagna;BO;D668;2;16
Nord Est;Friuli- Venezia Giulia;PN;D670;17;216,99
Sud;Campania;AV;D671;4,34;4
Nord Ovest;Lombardia;BG;D672;5;38
Nord Est;Emilia-Romagna;PR;D673;13;50
Nord Est;Veneto;TV;D674;10,34;36,44
Nord Ovest;Piemonte;NO;D675;3;15,01
Nord Ovest;Piemonte;VC;D676;4;9
Nord Ovest;Liguria;GE;D677;0;1
Nord Ovest;Piemonte;AT;D678;1;1,5
Nord Est;Veneto;PD;D679;13;40
Nord Est;Veneto;TV;D680;2;46
Sud;Abruzzo;AQ;D681;0;1
Centro;Lazio;FR;D682;2;2
Sud;Campania;CE;D683;0;0
Nord Ovest;Lombardia;BG;D684;1;26
Nord Est;Emilia-Romagna;PR;D685;16,36;59,45
Nord Est;Veneto;BL;D686;5;15,67
Nord Ovest;Lombardia;BG;D688;5,83;20,25
Centro;Lazio;RI;D689;8;6
Sud;Abruzzo;CH;D690;14;186,5
Centro;Marche;AP;D691;0,17;3,17
Sud;Campania;BN;D693;2;0
Nord Ovest;Lombardia;SO;D694;2,33;1
Isole;Sardegna;OR;D695;0;1
Sud;Basilicata;PZ;D696;1;0
Nord Ovest;Lombardia;BG;D697;3,5;30,63
Nord Est;Friuli- Venezia Giulia;UD;D700;5;14
Sud;Campania;AV;D701;5;11
Sud;Campania;NA;D702;6,83;4,5
Sud;Molise;IS;D703;3;2
Nord Est;Emilia-Romagna;FO;D704;211,44;1328,36
Nord Est;Emilia-Romagna;FO;D705;15,75;137,45
Nord Ovest;Piemonte;VB;D706;0;3
Centro;Lazio;RM;D707;18;123,4
Centro;Lazio;LT;D708;62,25;133,83
Sud;Campania;CE;D709;2,5;5,5
Nord Ovest;Lombardia;CR;D710;0;9
Nord Est;Emilia-Romagna;MO;D711;111,21;501,68
Nord Ovest;Piemonte;VC;D712;4;6,75
Sud;Molise;IS;D715;1;2,5
Nord Est;Veneto;VI;D717;16,5;46,68
Nord Est;Friuli- Venezia Giulia;UD;D718;4,1;3,33
Nord Est;Friuli- Venezia Giulia;UD;D719;1,59;22,4
Nord Est;Friuli- Venezia Giulia;UD;D720;1,5;0
Nord Ovest;Piemonte;TO;D725;9;34,92
Nord Ovest;Lombardia;BG;D727;3;44,75
Nord Est;Emilia-Romagna;PR;D728;26,51;63,55
Centro;Toscana;LU;D730;17,75;75,7
Nord Ovest;Lombardia;PV;D732;1;2
Isole;Sicilia;ME;D733;0;3
Centro;Toscana;LU;D734;0;0,5
Centro;Toscana;MS;D735;26,5;29
Sud;Abruzzo;AQ;D736;0;2
Sud;Molise;CB;D737;6;3
Sud;Abruzzo;CH;D738;14;45,55
Nord Est;Veneto;VE;D740;6;57
Nord Est;Veneto;VE;D741;3;44
Nord Ovest;Piemonte;CN;D742;119,64;193,41
Sud;Calabria;CZ;D744;1;0
Centro;Umbria;PG;D745;7,33;25,55
Sud;Calabria;RC;D746;1;4,5
Nord Est;Veneto;VE;D748;8;111,69
Centro;Marche;PS;D749;9,2;21,21
Nord Est;Veneto;VI;D750;2;1
Nord Ovest;Piemonte;CN;D751;5,08;18
Nord Ovest;Piemonte;CN;D752;56,54;150,16
Sud;Puglia;TA;D754;1,5;5
Sud;Campania;BN;D755;2;1
Sud;Campania;BN;D756;0;0,5
Sud;Abruzzo;CH;D757;0;0
Nord Ovest;Liguria;SP;D758;6,17;10
Nord Ovest;Piemonte;AL;D759;0;10
Centro;Marche;AP;D760;3;2
Sud;Puglia;BR;D761;10,8;89,49
Sud;Calabria;VV;D762;2;0
Sud;Abruzzo;CH;D763;54,86;209,67
Sud;Calabria;CS;D764;4;3
Isole;Sicilia;ME;D765;8,5;9
Sud;Basilicata;PZ;D766;1;2
Sud;Calabria;VV;D767;0;0
Isole;Sicilia;SR;D768;6,5;43
Sud;Campania;CE;D769;1,75;4,33
Nord Ovest;Piemonte;AL;D770;0;1,5
Nord Ovest;Lombardia;PV;D771;0;5
Centro;Lazio;RM;D773;60,59;157,65
Sud;Calabria;CS;D774;1,25;1
Nord Est;Veneto;RO;D776;0;9
Nord Ovest;Piemonte;AL;D777;2;3
Nord Ovest;Piemonte;AL;D780;0;3
Nord Ovest;Piemonte;TO;D781;2;3
Nord Ovest;Piemonte;CN;D782;1;4
Nord Est;Emilia-Romagna;MO;D783;8,56;11,58
Sud;Campania;BN;D784;6,18;0
Centro;Lazio;RI;D785;0;5
Centro;Umbria;PG;D786;32,83;98,79
Centro;Umbria;PG;D787;2;5
Nord Est;Veneto;RO;D788;1;7,08
Sud;Campania;NA;D789;32,6;103,58
Sud;Campania;NA;D790;7,09;82,1
Centro;Marche;PS;D791;0;1
Isole;Sicilia;ME;D793;2;0
Nord Est;Veneto;TV;D794;3,25;12,25
Sud;Abruzzo;CH;D796;3;7
Nord Ovest;Piemonte;AL;D797;0;5
Sud;Campania;AV;D798;3;3
Sud;Campania;CE;D799;6,4;17
Sud;Campania;CE;D801;3;6
Nord Ovest;Piemonte;AT;D802;1;2,33
Sud;Abruzzo;CH;D803;0;1
Nord Est;Friuli- Venezia Giulia;PN;D804;0;0
Nord Ovest;Piemonte;TO;D805;4,5;8
Centro;Marche;PS;D807;0;0,5
Centro;Marche;PS;D808;1;4,24
Centro;Lazio;FR;D810;74,86;91,33
Sud;Molise;IS;D811;7;3
Nord Ovest;Piemonte;TO;D812;7;28
Nord Ovest;Piemonte;AL;D813;0;9
Nord Ovest;Piemonte;AL;D814;4,5;28,75
Centro;Toscana;FI;D815;35,89;113,3
Nord Ovest;Lombardia;BG;D817;4;7,4
Nord Est;Veneto;VR;D818;7,21;25
Centro;Lazio;FR;D819;1;2
Sud;Abruzzo;CH;D823;0;0
Isole;Sicilia;ME;D824;4;8,33
Isole;Sicilia;ME;D825;4,5;33,83
Sud;Campania;SA;D826;1;1
Isole;Sardegna;CA;D827;0;0
Sud;Calabria;CS;D828;9;2
Nord Est;Emilia-Romagna;RA;D829;7,5;61
Nord Ovest;Lombardia;SO;D830;2,5;2
Sud;Campania;SA;D832;2;0
Nord Ovest;Lombardia;CR;D834;0;1,5
Nord Ovest;Piemonte;AL;D835;0,33;7
Centro;Marche;PS;D836;28,2;59,97
Nord Ovest;Valle d'Aosta;AO;D839;5;1,56
Nord Ovest;Lombardia;CR;D841;2;21
Isole;Sardegna;NU;D842;0;0
Centro;Lazio;LT;D843;75,27;128,52
Isole;Sicilia;ME;D844;1;15,34
Nord Ovest;Lombardia;MI;D845;14,5;132,99
Nord Est;Emilia-Romagna;BO;D847;16;36,59
Nord Ovest;Piemonte;BI;D848;20;30,75
Isole;Sicilia;EN;D849;2;4,89
Sud;Abruzzo;AQ;D850;1;1
Sud;Puglia;LE;D851;2;14,5
Sud;Calabria;CZ;D852;0;0
Centro;Marche;MC;D853;3;2
Nord Est;Veneto;TV;D854;10;33,08
Nord Est;Veneto;RO;D855;1;2
Nord Ovest;Piemonte;CN;D856;2;5
Centro;Toscana;SI;D858;12,85;23,25
Isole;Sardegna;NU;D859;0;2
Isole;Sicilia;ME;D861;3,94;1
Sud;Puglia;LE;D862;19;55,35
Sud;Puglia;LE;D863;12,83;30,05
Sud;Calabria;RC;D864;7;1
Nord Ovest;Lombardia;LC;D865;41,87;108,84
Nord Est;Emilia-Romagna;FO;D867;1;7
Nord Ovest;Lombardia;LO;D868;3;35,5
Nord Ovest;Lombardia;VA;D869;173,54;774,12
Centro;Lazio;VT;D870;10,5;6,5
Nord Ovest;Lombardia;VA;D871;0;20,32
Nord Ovest;Piemonte;NO;D872;29,3;203,92
Nord Ovest;Lombardia;PV;D873;0;0,5
Centro;Toscana;LU;D874;7,01;10
Centro;Lazio;RM;D875;29,67;33
Sud;Basilicata;PZ;D876;0;0
Nord Est;Emilia-Romagna;BO;D878;13;81,91
Nord Est;Veneto;PD;D879;1;40
Centro;Lazio;FR;D881;3;2
Nord Est;Veneto;VI;D882;36,75;169,31
Sud;Puglia;LE;D883;18,1;140,01
Sud;Campania;CE;D884;1;4
Isole;Sicilia;ME;D885;0;0
Sud;Campania;CE;D886;6;11,33
Isole;Sardegna;NU;D888;1;0
Nord Est;Veneto;PD;D889;2;18,14
Nord Ovest;Piemonte;AL;D890;0;1
Nord Ovest;Lombardia;BS;D891;1;21
Nord Ovest;Lombardia;PV;D892;1;0
Nord Ovest;Piemonte;CN;D894;4;1
Centro;Toscana;FI;D895;11,5;23,09
Sud;Molise;CB;D896;2;1
Nord Est;Veneto;VI;D897;0;23,65
Sud;Abruzzo;CH;D898;1;1
Nord Est;Emilia-Romagna;FO;D899;18,67;175,78
Nord Ovest;Lombardia;PV;D901;6,06;111,62
Nord Est;Veneto;VI;D902;0;6,5
Nord Ovest;Lombardia;BG;D903;4;32,17
Nord Ovest;Lombardia;BG;D905;5,83;20
Nord Ovest;Lombardia;BG;D906;1;10,67
Isole;Sicilia;PA;D907;11,34;10
Sud;Basilicata;MT;D909;7;3
Nord Ovest;Piemonte;AL;D910;6;4
Nord Ovest;Piemonte;NO;D911;6;25
Nord Ovest;Lombardia;MI;D912;119,18;346,88
Nord Ovest;Lombardia;LC;D913;5,84;25,17
Nord Est;Veneto;VR;D915;14,35;58,67
Nord Ovest;Lombardia;BS;D917;15,09;45,5
Nord Ovest;Lombardia;BS;D918;14,7;76,04
Nord Ovest;Piemonte;CN;D920;7,42;23
Nord Ovest;Piemonte;NO;D921;2,5;13
Nord Ovest;Lombardia;BS;D924;8,56;19,33
Nord Ovest;Lombardia;PV;D925;16;83,52
Nord Ovest;Lombardia;LC;D926;10;19,5
Nord Ovest;Liguria;SV;D927;13;35,25
Nord Ovest;Lombardia;CO;D930;3;2,67
Nord Ovest;Piemonte;TO;D931;2;3
Sud;Calabria;CZ;D932;2,33;1
Nord Ovest;Piemonte;TO;D933;25;104,2
Nord Est;Emilia-Romagna;RE;D934;6,17;44,51
Nord Est;Emilia-Romagna;FO;D935;8,09;151,25
Nord Ovest;Piemonte;VC;D938;15,67;70,04
Nord Ovest;Lombardia;BS;D940;20;125,58
Nord Est;Veneto;RO;D942;1;14
Nord Ovest;Lombardia;BG;D943;0;2,76
Nord Ovest;Piemonte;AL;D944;10,5;32
Centro;Lazio;RM;D945;1,68;1,67
Nord Ovest;Lombardia;VA;D946;16,51;128,72
Isole;Sardegna;NU;D947;2,83;3,71
Centro;Toscana;GR;D948;25,12;72,06
Nord Ovest;Lombardia;MN;D949;4;30,2
Nord Ovest;Lombardia;VA;D951;10,54;66,75
Nord Ovest;Lombardia;BG;D952;6,52;52,6
Nord Est;Veneto;PD;D956;2;27,77
Nord Est;Veneto;VR;D957;5;29,16
Nord Est;Emilia-Romagna;PC;D958;9;37,11
Nord Ovest;Lombardia;MN;D959;0;12,35
Isole;Sicilia;CL;D960;29,23;102,25
Nord Est;Emilia-Romagna;RN;D961;0;6,5
Nord Est;Friuli- Venezia Giulia;UD;D962;10;52,4
Nord Ovest;Lombardia;VA;D963;5;27,5
Centro;Lazio;RM;D964;16;13,5
Centro;Marche;AN;D965;5;6,5
Nord Ovest;Lombardia;CR;D966;1;7,5
Nord Ovest;Piemonte;CN;D967;4,62;16,31
Isole;Sardegna;NU;D968;0;0
Nord Ovest;Liguria;GE;D969;1802,15;3413,48
Isole;Sardegna;CA;D970;0;0
Sud;Basilicata;PZ;D971;8,07;9,67
Centro;Lazio;RM;D972;19,51;226
Nord Ovest;Lombardia;CO;D974;8;24
Sud;Calabria;RC;D975;2;1
Sud;Calabria;RC;D976;6,94;10,94
Isole;Sicilia;PA;D977;5;1
Centro;Lazio;RM;D978;8;4,5
Nord Ovest;Lombardia;PV;D980;0;17
Nord Ovest;Lombardia;VA;D981;33,54;161,64
Isole;Sardegna;NU;D982;0;3
Nord Ovest;Piemonte;TO;D983;5;4,5
Nord Ovest;Piemonte;VB;D984;0;0
Nord Ovest;Lombardia;VA;D987;7;35,5
Sud;Calabria;VV;D988;1;0
Nord Ovest;Lombardia;SO;D990;5,2;2,51
Nord Ovest;Lombardia;CR;D993;0;22
Isole;Sardegna;CA;D994;0;0
Nord Ovest;Lombardia;MI;D995;40,5;159,87
Sud;Abruzzo;CH;D996;1;0
Isole;Sardegna;CA;D997;1;0
Sud;Campania;AV;D998;4;5,67
Nord Ovest;Lombardia;BS;D999;13,5;160,52
Nord Ovest;Piemonte;NO;E001;6,29;21,17
Nord Ovest;Piemonte;VB;E003;15,79;47,63
Isole;Sardegna;OR;E004;1;4
Nord Ovest;Lombardia;BG;E006;13,91;69,08
Nord Ovest;Piemonte;VC;E007;4;2
Nord Est;Veneto;RO;E008;0,2;12
Nord Ovest;Piemonte;TO;E009;0;4
Nord Ovest;Lombardia;BS;E010;5,13;20,83
Sud;Campania;CE;E011;2;0
Centro;Umbria;PG;E012;5,08;12,5
Isole;Sicilia;PA;E013;0,5;0
Isole;Sicilia;ME;E014;10,5;60,83
Nord Ovest;Piemonte;AL;E015;0;4,22
Isole;Sicilia;RG;E016;3,33;11
Isole;Sicilia;CT;E017;19;136,11
Isole;Sardegna;SS;E019;0;1
Nord Ovest;Piemonte;TO;E020;58,5;173,75
Nord Est;Veneto;TV;E021;9,5;43,26
Isole;Sardegna;CA;E022;0;0
Isole;Sicilia;TP;E023;2;11,83
Nord Ovest;Piemonte;BI;E024;0;0
Sud;Calabria;RC;E025;1;2
Sud;Campania;SA;E026;9,73;15
Sud;Campania;SA;E027;19,33;26,5
Nord Ovest;Piemonte;VB;E028;1;17,54
Nord Ovest;Valle d'Aosta;AO;E029;7,6;10,2
Sud;Molise;CB;E030;1;4
Sud;Calabria;CZ;E031;2;0
Sud;Basilicata;PZ;E033;1;1
Sud;Campania;BN;E034;0;0
Sud;Puglia;TA;E036;28,8;68,1
Sud;Campania;SA;E037;0;2
Sud;Puglia;BA;E038;62,75;143,61
Sud;Campania;CE;E039;2,75;0
Sud;Abruzzo;AQ;E040;0;3
Sud;Calabria;RC;E041;2,6;24,5
Isole;Sicilia;ME;E043;10,83;5,5
Sud;Calabria;RC;E044;3;1
Centro;Umbria;TR;E045;10;4,33
Sud;Puglia;BA;E047;46,84;89,83
Isole;Sardegna;NU;E049;0;1
Sud;Calabria;CZ;E050;9,5;1
Sud;Abruzzo;CH;E052;6;6
Sud;Puglia;LE;E053;2;2,75
Sud;Campania;NA;E054;89;488,59
Isole;Sicilia;PA;E055;3,68;0
Sud;Abruzzo;CH;E056;0;1
Centro;Lazio;FR;E057;4;1
Sud;Abruzzo;TE;E058;98,68;215,32
Sud;Campania;SA;E060;1;3,5
Sud;Puglia;LE;E061;2;3
Nord Ovest;Lombardia;PV;E062;18,5;79,82
Nord Ovest;Lombardia;MI;E063;99,75;346,75
Nord Ovest;Liguria;SV;E064;0;4
Nord Ovest;Liguria;SV;E066;1;4
Nord Ovest;Piemonte;TO;E067;7,17;54,17
Sud;Calabria;CZ;E068;9,92;11,96
Nord Ovest;Liguria;SP;E070;12;3
Nord Est;Veneto;TV;E071;6;58,01
Nord Ovest;Lombardia;PV;E072;6;60,75
Isole;Sicilia;PA;E074;0;0
Nord Ovest;Lombardia;MN;E078;6,5;110,5
Nord Ovest;Lombardia;VA;E079;1,5;19,75
Nord Ovest;Lombardia;PV;E081;0;2
Nord Ovest;Lombardia;CR;E082;1;8,17
Nord Est;Friuli- Venezia Giulia;UD;E083;7;32
Isole;Sardegna;CA;E084;0;0
Isole;Sardegna;CA;E085;2;1
Isole;Sardegna;CA;E086;1,89;1
Isole;Sardegna;OR;E087;0;0
Isole;Sardegna;OR;E088;0;0
Nord Ovest;Lombardia;MN;E089;3,25;63,83
Nord Ovest;Lombardia;SO;E090;21,99;4,83
Centro;Lazio;RM;E091;0;1
Nord Est;Veneto;TV;E092;6,42;25,25
Sud;Basilicata;MT;E093;2,5;0
Nord Ovest;Lombardia;MI;E094;180;383,09
Sud;Abruzzo;AQ;E096;1;1
Nord Ovest;Lombardia;BG;E100;6;78,31
Nord Ovest;Lombardia;VA;E101;4;34,5
Nord Ovest;Lombardia;VA;E102;21,75;102,75
Nord Ovest;Lombardia;BG;E103;10,52;82
Nord Ovest;Lombardia;VA;E104;4,5;28,34
Nord Ovest;Lombardia;BG;E106;9,4;15,75
Nord Est;Emilia-Romagna;FE;E107;0;6,75
Nord Ovest;Liguria;GE;E109;3;0
Nord Ovest;Piemonte;CN;E111;4;1
Nord Est;Veneto;BL;E113;9,07;16,72
Nord Est;Emilia-Romagna;PC;E114;10,46;84,5
Nord Ovest;Piemonte;CN;E115;1;0
Nord Ovest;Lombardia;BS;E116;1;48,17
Nord Ovest;Piemonte;CN;E118;6;13
Nord Ovest;Piemonte;NO;E120;11,89;33,65
Centro;Marche;PS;E122;4;43,9
Centro;Lazio;VT;E126;2;3,75
Nord Ovest;Lombardia;LO;E127;7;10
Centro;Lazio;VT;E128;6,5;4,17
Nord Ovest;Piemonte;BI;E130;9;7
Sud;Campania;NA;E131;13,54;72,28
Nord Est;Emilia-Romagna;PC;E132;7;79,17
Isole;Sicilia;CT;E133;4;15,5
Nord Ovest;Piemonte;AT;E134;0;3
Nord Est;Emilia-Romagna;BO;E136;40,66;275,6
Nord Ovest;Lombardia;CO;E139;2,84;24
Nord Ovest;Lombardia;CO;E141;7;3
Isole;Sicilia;ME;E142;4;0
Nord Ovest;Piemonte;NO;E143;1;9
Nord Ovest;Lombardia;VA;E144;4;15
Nord Est;Veneto;PD;E145;2;25,5
Nord Est;Veneto;PD;E146;0;11
Sud;Basilicata;MT;E147;5;2
Nord Ovest;Lombardia;BG;E148;11;106,87
Isole;Sicilia;PA;E149;7;0
Nord Ovest;Lombardia;PV;E152;8,33;36
Nord Ovest;Piemonte;VB;E153;22,5;48,62
Nord Ovest;Piemonte;TO;E154;3;9
Sud;Puglia;BA;E155;147,57;192,55
Isole;Sicilia;CT;E156;13,17;212,28
Sud;Campania;CE;E158;4;3,17
Nord Ovest;Piemonte;AT;E159;1;2,22
Centro;Lazio;RI;E160;3;7
Sud;Campania;AV;E161;0;0
Nord Ovest;Piemonte;VC;E163;0;4
Nord Ovest;Piemonte;AL;E164;1;2
Nord Ovest;Valle d'Aosta;AO;E165;13,97;36,22
Nord Ovest;Valle d'Aosta;AO;E167;4;11
Nord Ovest;Valle d'Aosta;AO;E168;4,12;30,36
Centro;Toscana;FI;E169;37,32;68,71
Nord Ovest;Lombardia;MI;E170;10,52;68,01
Nord Est;Veneto;VR;E171;28,5;52,33
Nord Ovest;Lombardia;CO;E172;2;6
Sud;Campania;CE;E173;11,91;33
Nord Ovest;Piemonte;NO;E177;12;38
Nord Est;Friuli- Venezia Giulia;UD;E179;0;0
Sud;Calabria;CS;E180;2;2
Nord Ovest;Piemonte;CN;E182;7;17
Nord Est;Veneto;VI;E184;4;61,83
Sud;Calabria;CS;E185;9;6,67
Nord Est;Emilia-Romagna;BO;E187;18,38;42,5
Nord Ovest;Piemonte;AL;E188;2;0,5
Nord Ovest;Lombardia;BG;E189;5;50,69
Nord Ovest;Piemonte;AL;E191;3;2,5
Nord Ovest;Lombardia;BG;E192;0;28
Nord Ovest;Lombardia;CR;E193;1;6
Nord Ovest;Lombardia;PV;E195;3,67;29,67
Nord Est;Emilia-Romagna;PC;E196;10,5;26,5
Nord Ovest;Piemonte;TO;E199;1;5
Nord Ovest;Lombardia;SO;E200;39,32;9,99
Nord Ovest;Lombardia;SO;E201;8,8;3
Centro;Toscana;GR;E202;113,54;787,1
Nord Ovest;Piemonte;TO;E203;1;1,75
Centro;Lazio;RM;E204;52,2;219,47
Sud;Puglia;TA;E205;33,64;90,46
Sud;Campania;AV;E206;2;12,3
Centro;Marche;AP;E207;33,25;126,34
Centro;Marche;AP;E208;1;7
Isole;Sicilia;AG;E209;9,92;8,22
Centro;Lazio;VT;E210;3;12,5
Sud;Calabria;RC;E212;1;1
Sud;Basilicata;MT;E213;1;1,33
Sud;Campania;AV;E214;1,26;4,13
Nord Est;Veneto;VE;E215;4;17,5
Nord Ovest;Piemonte;TO;E216;173,71;395,73
Nord Ovest;Lombardia;CR;E217;1;11,17
Nord Ovest;Lombardia;BG;E219;14,5;105,75
Sud;Basilicata;PZ;E221;5;5
Sud;Puglia;BA;E223;19,67;41
Sud;Campania;NA;E224;16,59;51,5
Nord Est;Veneto;VI;E226;2,33;44,83
Sud;Puglia;LE;E227;0;8,56
Centro;Marche;MC;E228;2;0
Centro;Umbria;PG;E229;6;15,93
Centro;Umbria;PG;E230;25,92;81,64
Nord Est;Emilia-Romagna;RE;E232;8;45,72
Isole;Sicilia;ME;E233;0;0
Isole;Sardegna;CA;E234;0;0
Nord Ovest;Lombardia;CO;E235;10,66;73,61
Centro;Lazio;FR;E236;6;5,33
Nord Ovest;Piemonte;VC;E237;3;1
Nord Ovest;Lombardia;LO;E238;4;19,5
Sud;Calabria;CZ;E239;5,4;2,25
Nord Est;Veneto;RO;E240;0;7
Centro;Umbria;TR;E241;0;6
Sud;Calabria;CS;E242;1;3
Sud;Abruzzo;CH;E243;13,73;17,5
Sud;Molise;CB;E244;1,34;2,25
Sud;Campania;AV;E245;2,61;1,61
Sud;Basilicata;PZ;E246;1;1
Sud;Molise;CB;E248;0;1
Sud;Campania;BN;E249;6;1
Centro;Toscana;PI;E250;6;17
Nord Ovest;Piemonte;CN;E251;14,07;34
Isole;Sardegna;CA;E252;0;1
Nord Est;Emilia-Romagna;RE;E253;14,99;164,44
Nord Ovest;Piemonte;AL;E255;0;1
Centro;Umbria;PG;E256;72,86;108,7
Nord Ovest;Lombardia;MI;E258;2;34
Sud;Molise;CB;E259;10;18,67
Nord Ovest;Lombardia;MN;E261;2;28,25
Centro;Lazio;RM;E263;226,73;1109,47
Nord Est;Emilia-Romagna;MO;E264;14,88;58,58
Nord Ovest;Lombardia;PV;E265;21;103,1
Sud;Abruzzo;CH;E266;0,11;0
Nord Ovest;Piemonte;VB;E269;0;3
Isole;Sardegna;CA;E270;7,83;10,4
Nord Ovest;Lombardia;BS;E271;36,03;192,51
Nord Ovest;Lombardia;CR;E272;4;22,5
Nord Ovest;Valle d'Aosta;AO;E273;3,86;2
Sud;Calabria;CZ;E274;0;0
Nord Ovest;Lombardia;BS;E280;1;16
Isole;Sardegna;CA;E281;19,36;56,62
Nord Ovest;Piemonte;CN;E282;0;0
Isole;Sardegna;NU;E283;0;0
Nord Est;Veneto;VR;E284;5,76;27,92
Isole;Sardegna;SS;E285;0;0
Nord Ovest;Lombardia;LC;E287;12;45,26
Nord Est;Emilia-Romagna;BO;E289;211,93;822,34
Nord Ovest;Liguria;IM;E290;172,83;225,91
Centro;Toscana;FI;E291;36,33;96,87
Nord Ovest;Lombardia;VA;E292;1;9
Nord Ovest;Piemonte;AT;E295;3;0,5
Nord Ovest;Lombardia;BS;E297;1;3
Nord Ovest;Lombardia;VA;E299;29,83;138,46
Nord Ovest;Piemonte;TO;E301;1;0
Nord Ovest;Piemonte;VB;E304;1;0
Nord Ovest;Lombardia;LC;E305;8,01;24
Nord Ovest;Valle d'Aosta;AO;E306;6;2
Sud;Abruzzo;AQ;E307;1,5;6,5
Nord Ovest;Lombardia;CO;E309;52,61;112,33
Nord Ovest;Lombardia;PV;E310;5;22,83
Nord Ovest;Piemonte;TO;E311;5,17;5
Nord Ovest;Lombardia;MI;E313;24;111,33
Nord Ovest;Piemonte;NO;E314;6,67;35,5
Nord Ovest;Lombardia;MI;E317;29,72;173,61
Nord Est;Emilia-Romagna;FE;E320;6,14;16,89
Sud;Calabria;VV;E321;2;3
Isole;Sardegna;NU;E323;0;1
Nord Ovest;Lombardia;BS;E325;0;0
Sud;Basilicata;MT;E326;9,5;9,33
Nord Ovest;Piemonte;CN;E327;2;2
Sud;Calabria;CZ;E328;7,57;2
Sud;Campania;NA;E329;12,89;4,5
Centro;Lazio;VT;E330;15;6
Sud;Puglia;FG;E332;6;13
Nord Ovest;Lombardia;BS;E333;27,92;115,87
Sud;Molise;IS;E335;29,06;50,3
Isole;Sardegna;NU;E336;0;0
Isole;Sicilia;PA;E337;1;0
Nord Ovest;Piemonte;AT;E338;5;14
Sud;Calabria;KR;E339;11;21,5
Centro;Lazio;FR;E340;7;12,33
Nord Ovest;Liguria;GE;E341;5;12
Nord Ovest;Lombardia;SO;E342;25,39;55,5
Sud;Abruzzo;TE;E343;6;11
Nord Ovest;Piemonte;TO;E345;1;3
Nord Ovest;Liguria;IM;E346;13;0
Centro;Toscana;GR;E348;7,5;8,85
Nord Est;Veneto;VR;E349;11,9;143,37
Isole;Sicilia;PA;E350;1;23
Centro;Marche;PS;E351;2;3
Nord Ovest;Lombardia;BG;E353;0;6
Nord Est;Veneto;VI;E354;6;138,07
Nord Ovest;Lombardia;CR;E356;0;7
Nord Est;Veneto;VR;E358;6;24,25
Nord Ovest;Piemonte;AL;E360;0;0
Sud;Puglia;FG;E363;0;0
Nord Ovest;Lombardia;BS;E364;4;30,34
Sud;Campania;SA;E365;3,67;2
Isole;Sicilia;RG;E366;37,57;48,82
Nord Ovest;Lombardia;VA;E367;12,5;67,81
Nord Ovest;Piemonte;TO;E368;2,67;4
Nord Ovest;Valle d'Aosta;AO;E369;2;0
Nord Ovest;Lombardia;BG;E370;0,5;4
Nord Ovest;Valle d'Aosta;AO;E371;7,5;2,66
Sud;Abruzzo;CH;E372;121,33;487,34
Nord Est;Veneto;TV;E373;9,75;96,75
Isole;Sicilia;ME;E374;3;4
Centro;Lazio;LT;E375;20,5;13
Isole;Sardegna;SS;E376;1;0
Isole;Sardegna;SS;E377;4;19,4
Nord Ovest;Piemonte;TO;E379;68,84;241,78
Nord Ovest;Lombardia;CR;E380;1;19
Sud;Molise;CB;E381;1;3
Centro;Lazio;RM;E382;1;2,5
Nord Ovest;Lombardia;VA;E386;14,5;53,01
Isole;Sardegna;NU;E387;0;0
Centro;Marche;AN;E388;113,96;316,31
Sud;Calabria;VV;E389;3;2
Isole;Sicilia;AG;E390;3;1
Nord Ovest;Valle d'Aosta;AO;E391;3;3
Centro;Lazio;RM;E392;5,5;44,53
Centro;Lazio;RI;E393;2;2
Nord Ovest;Piemonte;TO;E394;2,93;15
Nord Ovest;Lombardia;MI;E395;18,33;159,12
Sud;Campania;NA;E396;7,25;3
Sud;Campania;AV;E397;2;7
Isole;Sardegna;NU;E400;1;0
Isole;Sardegna;SS;E401;1;1
Sud;Calabria;RC;E402;0;0
Nord Est;Veneto;VI;E403;0;5,5
Nord Ovest;Lombardia;CO;E405;13,34;32,95
Nord Ovest;Piemonte;CN;E406;2,67;3
Sud;Calabria;CS;E407;0;0
Sud;Basilicata;PZ;E409;6;12,66
Nord Est;Emilia-Romagna;FE;E410;5;29
Centro;Toscana;PI;E413;6,11;6
Nord Ovest;Liguria;SV;E414;19,44;40,72
Nord Ovest;Lombardia;MI;E415;125,62;433,92
Nord Ovest;Lombardia;CO;E416;4,16;9
Sud;Calabria;CS;E417;3;3
Sud;Calabria;CS;E419;0;1
Nord Ovest;Lombardia;BG;E422;12;62,5
Nord Ovest;Piemonte;TO;E423;21;123,68
Sud;Abruzzo;CH;E424;0,5;2,5
Isole;Sardegna;SS;E425;26,67;60
Nord Est;Emilia-Romagna;MO;E426;14,02;45,92
Nord Ovest;Lombardia;CO;E428;5,5;26
Nord Est;Veneto;BL;E429;16;15,25
Nord Ovest;Piemonte;CN;E430;11;21,17
Isole;Sicilia;AG;E431;2;0
Centro;Toscana;PT;E432;9,05;35,95
Nord Ovest;Piemonte;VC;E433;1;3
Sud;Abruzzo;CH;E435;42;213,67
Nord Ovest;Piemonte;NO;E436;0;1
Nord Ovest;Lombardia;PV;E437;12,83;92,75
Nord Est;Emilia-Romagna;PR;E438;26,5;115,25
Nord Ovest;Lombardia;PV;E439;1;3,33
Isole;Sardegna;NU;E441;1,5;7,17
Nord Ovest;Lombardia;SO;E443;30,34;10,66
Nord Ovest;Piemonte;TO;E445;16;43,5
Centro;Marche;AP;E447;0;3
Sud;Campania;AV;E448;1;2
Sud;Calabria;CS;E450;0;0
Centro;Toscana;PT;E451;8;41
Nord Ovest;Lombardia;PV;E454;4;12
Sud;Molise;CB;E456;29,67;33,39
Nord Ovest;Valle d'Aosta;AO;E458;19,5;76,08
Isole;Sicilia;PA;E459;20,5;4
Nord Ovest;Lombardia;CO;E462;5;2,5
Nord Ovest;Liguria;SP;E463;239,38;391,23
Isole;Sardegna;CA;E464;0;0
Nord Est;Veneto;VI;E465;0;1,84
Centro;Toscana;FI;E466;42,1;102,15
Centro;Lazio;VT;E467;6,5;4
Sud;Puglia;TA;E469;13,16;31,95
Nord Ovest;Valle d'Aosta;AO;E470;17,34;54,58
Sud;Puglia;BR;E471;5,17;21,06
Centro;Lazio;LT;E472;227,41;955,87
Nord Est;Friuli- Venezia Giulia;UD;E473;20,8;142,42
Sud;Basilicata;PZ;E474;8,75;2
Sud;Calabria;CS;E475;1;0
Nord Est;Friuli- Venezia Giulia;UD;E476;2;0
Sud;Calabria;RC;E479;7;5
Sud;Campania;SA;E480;7;9
Sud;Basilicata;PZ;E482;1;2
Sud;Basilicata;PZ;E483;10;10
Nord Ovest;Piemonte;TO;E484;4;16,5
Sud;Campania;SA;E485;6;1
Sud;Campania;SA;E486;0,83;0
Sud;Campania;AV;E487;4;2
Nord Ovest;Liguria;GE;E488;61,16;119,54
Nord Est;Veneto;VR;E489;22,5;125,59
Nord Est;Veneto;BL;E490;5,8;4,86
Sud;Basilicata;PZ;E493;20,89;34,22
Nord Ovest;Lombardia;VA;E494;22,5;110,5
Nord Ovest;Lombardia;VA;E496;28,5;102,08
Nord Ovest;Lombardia;BS;E497;3;1
Sud;Campania;SA;E498;2;11,5
Nord Est;Veneto;VR;E502;41,63;171,48
Nord Ovest;Lombardia;MI;E504;37,5;99,84
Sud;Abruzzo;AQ;E505;1;3
Sud;Puglia;LE;E506;110,01;722,8
Nord Ovest;Lombardia;LC;E507;219,56;547,64
Nord Ovest;Lombardia;BG;E509;11;39,99
Nord Ovest;Lombardia;VA;E510;11,1;49,5
Nord Est;Veneto;VR;E512;45,22;263,59
Nord Ovest;Lombardia;MI;E514;282,33;964,24
Nord Est;Veneto;PD;E515;1;167,63
Isole;Sardegna;NU;E517;0;1
Nord Ovest;Piemonte;TO;E518;61;238,3
Nord Ovest;Liguria;GE;E519;6;23,17
Nord Ovest;Piemonte;TO;E520;4,5;5
Nord Est;Veneto;RO;E522;5,5;76,61
Isole;Sicilia;ME;E523;2,43;0
Nord Ovest;Lombardia;BG;E524;0;5
Nord Ovest;Lombardia;BS;E526;18,6;131,76
Centro;Lazio;LT;E527;9;2
Nord Ovest;Piemonte;VC;E528;0;1
Nord Ovest;Lombardia;MI;E530;40,5;158,96
Sud;Abruzzo;CH;E531;3;3
Isole;Sicilia;SR;E532;14,86;65,42
Centro;Lazio;RI;E535;8,33;13,45
Isole;Sicilia;EN;E536;24,83;46,18
Sud;Puglia;TA;E537;7;17,5
Sud;Puglia;LE;E538;2;23,87
Nord Ovest;Piemonte;CN;E539;10,5;4
Nord Ovest;Piemonte;CN;E540;0;0
Isole;Sicilia;PA;E541;5,8;4
Nord Ovest;Liguria;SP;E542;56,63;111,99
Nord Ovest;Piemonte;AL;E543;2;11
Nord Ovest;Piemonte;NO;E544;10,24;34,23
Nord Ovest;Piemonte;CN;E546;3;1
Nord Est;Emilia-Romagna;PR;E547;12,5;79,5
Nord Est;Emilia-Romagna;PR;E548;7;9,67
Sud;Puglia;FG;E549;8,17;125,05
Nord Ovest;Lombardia;MI;E550;37,14;157,66
Nord Ovest;Piemonte;TO;E551;3;13
Nord Est;Friuli- Venezia Giulia;UD;E553;10;15,5
Sud;Campania;CE;E554;0;0
Isole;Sicilia;ME;E555;11,5;16,02
Sud;Campania;NA;E557;6,33;9
Sud;Abruzzo;PE;E558;1;3
Sud;Abruzzo;CH;E559;2;0
Nord Ovest;Liguria;SP;E560;16,53;36,26
Nord Ovest;Lombardia;BG;E562;5;39,59
Sud;Puglia;LE;E563;3,33;22,67
Nord Ovest;Piemonte;CN;E564;1;0
Nord Ovest;Piemonte;TO;E566;0;6
Nord Ovest;Lombardia;CO;E569;7,5;3
Sud;Campania;CE;E570;0;1
Isole;Sicilia;ME;E571;0;0
Isole;Sicilia;AG;E573;27,25;49,35
Centro;Toscana;MS;E574;28,91;16
Centro;Lazio;RM;E576;9,5;0
Isole;Sicilia;CT;E578;4,67;7,39
Nord Ovest;Lombardia;LC;E581;10;30
Nord Ovest;Piemonte;VC;E583;2;3
Nord Est;Friuli- Venezia Giulia;UD;E584;129,51;371,89
Nord Ovest;Valle d'Aosta;AO;E587;1,16;3
Nord Est;Veneto;BL;E588;24,98;48
Sud;Campania;BN;E589;3;0
Sud;Calabria;VV;E590;1;0
Nord Ovest;Lombardia;MI;E591;119,54;382,22
Nord Est;Veneto;PD;E592;10;178,37
Nord Ovest;Lombardia;CO;E593;19;48,83
Isole;Sicilia;ME;E594;0;0
Nord Ovest;Lombardia;BS;E596;4;9,17
Nord Ovest;Piemonte;CN;E597;39,63;114,53
Sud;Molise;CB;E599;4;0
Nord Ovest;Lombardia;PV;E600;4;27,5
Isole;Sicilia;CT;E602;12;16,06
Sud;Campania;AV;E605;9,5;14,33
Isole;Sicilia;ME;E606;19,54;16,38
Nord Ovest;Lombardia;CO;E607;22;85,92
Nord Ovest;Lombardia;PV;E608;0;0
Nord Ovest;Lombardia;MI;E610;11;71,86
Sud;Abruzzo;CH;E611;0;3
Centro;Umbria;PG;E613;9,17;6
Nord Ovest;Piemonte;CN;E615;0;0
Nord Ovest;Lombardia;MI;E617;273,83;765,56
Isole;Sicilia;CL;E618;2;1
Sud;Campania;NA;E620;1;3
Nord Ovest;Lombardia;SO;E621;35,15;35,82
Nord Ovest;Lombardia;CO;E623;2,5;0
Centro;Toscana;LI;E625;384,15;989,6
Nord Ovest;Piemonte;VC;E626;9;39,5
Nord Ovest;Lombardia;LO;E627;7;30
Sud;Puglia;LE;E629;6;34,5
Sud;Puglia;TA;E630;5;10
Nord Ovest;Liguria;SV;E632;94,57;250,08
Nord Ovest;Piemonte;AT;E633;0;3
Nord Ovest;Piemonte;TO;E635;16;3
Nord Ovest;Lombardia;CO;E638;10;44,2
Nord Ovest;Lombardia;MI;E639;17,34;91,9
Nord Ovest;Lombardia;BG;E640;0;0
Isole;Sardegna;NU;E644;0;0
Sud;Puglia;BA;E645;21,17;42,84
Isole;Sardegna;NU;E646;0;0
Isole;Sardegna;NU;E647;1;1
Nord Ovest;Lombardia;LO;E648;170,15;676,26
Nord Ovest;Lombardia;LO;E651;10,66;92,49
Nord Ovest;Lombardia;BS;E652;5;3,5
Nord Ovest;Lombardia;BS;E654;0;36,79
Nord Est;Emilia-Romagna;BO;E655;9,33;69,5
Nord Ovest;Lombardia;LC;E656;12,6;57,33
Nord Ovest;Lombardia;CO;E659;31,09;104,97
Nord Ovest;Piemonte;TO;E660;3;18
Nord Ovest;Piemonte;TO;E661;4;11,43
Nord Ovest;Lombardia;PV;E662;5;9,66
Nord Ovest;Lombardia;VA;E665;12,43;56,59
Nord Ovest;Lombardia;VA;E666;22;111
Centro;Toscana;FI;E668;7,67;11,5
Sud;Molise;IS;E669;0;0
Nord Est;Veneto;VI;E671;4;66
Nord Ovest;Lombardia;BS;E673;0;4
Isole;Sicilia;ME;E674;0;3
Nord Est;Emilia-Romagna;FO;E675;6;65
Sud;Calabria;CS;E677;1;1
Sud;Calabria;CS;E678;4;5
Nord Ovest;Lombardia;CO;E679;9,63;33
Centro;Toscana;LI;E680;11;21
Centro;Lazio;RI;E681;2;1
Nord Est;Veneto;VI;E682;24,88;177,47
Nord Ovest;Piemonte;TO;E683;3;10
Nord Est;Veneto;PD;E684;3;67,83
Nord Ovest;Piemonte;VB;E685;1;1
Nord Est;Veneto;BL;E687;3,89;7,33
Nord Est;Veneto;RO;E689;3;20,5
Centro;Marche;AN;E690;21,78;106,78
Sud;Abruzzo;PE;E691;18,25;26,35
Nord Est;Veneto;TV;E692;8;64,43
Centro;Toscana;AR;E693;14,67;47,85
Centro;Marche;MC;E694;10,22;5
Nord Ovest;Liguria;GE;E695;0;0
Nord Ovest;Lombardia;BS;E698;0;4
Isole;Sardegna;NU;E700;0;5
Nord Ovest;Lombardia;BG;E704;10,67;54,8
Nord Ovest;Lombardia;SO;E705;3;1
Nord Ovest;Lombardia;BS;E706;0;7
Nord Ovest;Lombardia;VA;E707;1;17,2
Nord Est;Veneto;BL;E708;1;4
Nord Est;Veneto;PD;E709;3;17
Nord Ovest;Piemonte;VC;E711;2;4
Centro;Lazio;VT;E713;7,5;9,5
Isole;Sicilia;AG;E714;1;0
Centro;Toscana;LU;E715;254,45;620,05
Sud;Puglia;FG;E716;47,81;141,16
Centro;Toscana;AR;E718;6;18
Nord Ovest;Liguria;IM;E719;2;2
Sud;Molise;CB;E722;5,5;4,25
Sud;Abruzzo;AQ;E723;16,43;14,29
Sud;Abruzzo;AQ;E724;17;13,64
Nord Est;Emilia-Romagna;PC;E726;4;39,9
Centro;Umbria;TR;E729;3,25;5
Nord Est;Emilia-Romagna;RA;E730;54;298,84
Nord Est;Veneto;VI;E731;4,5;22,78
Nord Ovest;Lombardia;VA;E734;50,51;166,5
Nord Ovest;Lombardia;CO;E735;7,83;43
Isole;Sardegna;NU;E736;0;0
Nord Ovest;Liguria;GE;E737;9,5;6,75
Nord Ovest;Lombardia;BS;E738;32,58;102,44
Isole;Sardegna;CA;E742;0;0
Centro;Marche;PS;E743;0;3,57
Sud;Calabria;CS;E745;1;2
Sud;Campania;AV;E746;1;1
Isole;Sardegna;SS;E747;2;1
Sud;Molise;CB;E748;1;0
Nord Ovest;Lombardia;CO;E749;19;52,92
Nord Ovest;Lombardia;CO;E750;9,58;20,45
Nord Ovest;Lombardia;BG;E751;0;27,66
Isole;Sardegna;SS;E752;7;1
Nord Ovest;Lombardia;CO;E753;26,35;97,06
Sud;Campania;CE;E754;17;83,71
Nord Ovest;Piemonte;TO;E758;32;79,5
Nord Ovest;Piemonte;TO;E759;4;8
Nord Est;Friuli- Venezia Giulia;UD;E760;0;2
Nord Est;Veneto;RO;E761;2;8
Nord Ovest;Piemonte;TO;E763;0;1,5
Sud;Campania;SA;E767;1;0
Nord Ovest;Lombardia;VA;E769;6;22,83
Nord Ovest;Lombardia;BG;E770;0;11,5
Nord Est;Emilia-Romagna;RE;E772;8;83,25
Sud;Calabria;CS;E773;5;11
Nord Ovest;Lombardia;LO;E777;1;0
Sud;Molise;IS;E778;2;1,5
Sud;Molise;IS;E779;0,75;1
Sud;Molise;CB;E780;1;0
Nord Ovest;Piemonte;TO;E782;1;5
Centro;Marche;MC;E783;115,08;248,71
Sud;Campania;CE;E784;3,93;14,67
Centro;Marche;PS;E785;1;2,33
Nord Ovest;Lombardia;MI;E786;41,8;114,5
Nord Ovest;Lombardia;BS;E787;0;14,42
Isole;Sardegna;NU;E788;1;16,61
Nord Ovest;Piemonte;CN;E789;0;0
Nord Ovest;Piemonte;VB;E790;5,07;12,83
Sud;Campania;CE;E791;36,2;97,56
Nord Ovest;Lombardia;CR;E793;2,33;31,02
Nord Ovest;Lombardia;BG;E794;7;64,01
Nord Ovest;Piemonte;VB;E795;2;2
Centro;Lazio;LT;E798;4;3
Sud;Molise;CB;E799;2;2
Nord Ovest;Lombardia;MI;E801;125,09;433,48
Nord Ovest;Piemonte;NO;E803;3,92;7
Nord Ovest;Lombardia;PV;E804;1,5;24,83
Centro;Umbria;PG;E805;33,06;88,62
Sud;Calabria;CZ;E806;1;1
Centro;Marche;AP;E807;1;4
Nord Ovest;Piemonte;CN;E808;14;20
Nord Ovest;Piemonte;CN;E809;1;16
Centro;Toscana;GR;E810;12;20
Sud;Abruzzo;AQ;E811;14,21;7,99
Centro;Lazio;RI;E812;5,5;8,5
Centro;Lazio;RM;E813;3;4
Sud;Campania;SA;E814;0;1
Sud;Puglia;LE;E815;12,8;51,17
Nord Ovest;Liguria;SV;E816;3;17,67
Nord Ovest;Piemonte;TO;E817;1;2
Nord Ovest;Lombardia;MN;E818;2;5,67
Nord Ovest;Lombardia;MI;E819;24,55;124,69
Nord Est;Friuli- Venezia Giulia;UD;E820;2;13,33
Nord Ovest;Piemonte;BI;E821;0;2
Isole;Sardegna;NU;E825;2;0
Nord Ovest;Lombardia;CO;E830;1,67;14
Nord Est;Friuli- Venezia Giulia;UD;E833;5,34;43,5
Sud;Calabria;CZ;E834;2,33;1,66
Sud;Calabria;CS;E835;1;2
Sud;Calabria;VV;E836;2,71;0
Centro;Marche;AN;E837;9,22;35,69
Nord Est;Emilia-Romagna;RN;E838;1;4
Sud;Campania;SA;E839;14,5;10,67
Nord Ovest;Lombardia;LO;E840;1;12
Nord Ovest;Lombardia;BS;E841;5,67;37,5
Nord Ovest;Liguria;SP;E842;1;3
Nord Ovest;Lombardia;CR;E843;1;24
Nord Est;Emilia-Romagna;BO;E844;21,5;140,93
Nord Est;Veneto;VR;E848;42,73;54,17
Nord Ovest;Lombardia;BS;E851;3,75;5,17
Nord Ovest;Lombardia;LO;E852;4,67;27,84
Nord Ovest;Piemonte;VB;E853;7,79;14,28
Isole;Sicilia;CT;E854;0;7,34
Isole;Sicilia;ME;E855;4;1
Nord Ovest;Lombardia;VA;E856;0;6
Nord Ovest;Lombardia;LC;E858;9;39,64
Sud;Calabria;CS;E859;2;0
Nord Ovest;Liguria;SV;E860;3;4
Nord Ovest;Lombardia;VA;E863;39,96;187,09
Nord Est;Veneto;VI;E864;8,5;157,74
Nord Ovest;Lombardia;BS;E865;3,83;8,5
Centro;Marche;AP;E868;0;5
Isole;Sicilia;ME;E869;0,67;0
Nord Ovest;Piemonte;AL;E870;2;0
Sud;Calabria;CS;E872;1;2
Sud;Calabria;RC;E873;0,5;1
Isole;Sardegna;NU;E874;2;2
Centro;Toscana;GR;E875;59;37
Isole;Sicilia;ME;E876;1,5;0
Isole;Sardegna;CA;E877;0;0
Sud;Calabria;CS;E878;1;4
Nord Ovest;Lombardia;LC;E879;22,6;91,57
Nord Ovest;Piemonte;NO;E880;1;2,33
Sud;Puglia;TA;E882;16,79;81,3
Nord Ovest;Lombardia;BS;E883;9,12;211,99
Nord Ovest;Lombardia;BS;E884;12,89;138,71
Sud;Puglia;FG;E885;92,19;272,04
Nord Ovest;Piemonte;CN;E887;2;8,5
Sud;Calabria;CS;E888;5,34;2
Nord Est;Friuli- Venezia Giulia;PN;E889;17,33;112,25
Sud;Campania;AV;E891;1;3
Sud;Abruzzo;PE;E892;8;26
Nord Est;Veneto;TV;E893;6,5;41,33
Nord Ovest;Piemonte;CN;E894;14,8;39
Nord Ovest;Lombardia;SO;E896;4;2,5
Nord Ovest;Lombardia;MN;E897;259,65;626,14
Nord Est;Friuli- Venezia Giulia;UD;E899;27,64;63,63
Centro;Lazio;RM;E900;19,6;49
Nord Ovest;Lombardia;BG;E901;8;99,08
Isole;Sardegna;SS;E902;0;0
Isole;Sardegna;CA;E903;2;24,5
Nord Est;Emilia-Romagna;MO;E904;20;242,82
Nord Est;Emilia-Romagna;MO;E905;12;51
Sud;Campania;NA;E906;18,69;138,72
Nord Ovest;Piemonte;NO;E907;3;13
Centro;Lazio;RM;E908;2;2
Nord Est;Friuli- Venezia Giulia;UD;E910;6;18
Nord Est;Veneto;VR;E911;10,77;17
Nord Est;Veneto;VI;E912;6,67;80,59
Sud;Calabria;CS;E914;0;4
Sud;Calabria;CS;E915;1;0
Nord Ovest;Piemonte;AT;E917;0;0
Sud;Basilicata;PZ;E919;9,92;16
Nord Ovest;Lombardia;MI;E921;27,31;87
Nord Ovest;Lombardia;MN;E922;2;42,5
Sud;Calabria;CZ;E923;2;1
Centro;Lazio;RM;E924;6;17,3
Sud;Calabria;CZ;E925;2;2
Centro;Lazio;RI;E927;2,6;0
Nord Ovest;Lombardia;BS;E928;4;15,91
Nord Ovest;Lombardia;VA;E929;7;34
Centro;Toscana;LI;E930;22,85;19,28
Centro;Toscana;LI;E931;10,33;19
Sud;Campania;CE;E932;32,79;100,23
Centro;Toscana;AR;E933;3,83;27,67
Nord Ovest;Lombardia;PV;E934;2;23
Nord Est;Veneto;VE;E936;26,5;335,23
Nord Ovest;Piemonte;CN;E939;9;43,67
Nord Est;Veneto;TV;E940;17;80,33
Nord Ovest;Piemonte;TO;E941;2;6,5
Nord Ovest;Piemonte;AT;E944;0;5
Nord Ovest;Piemonte;CN;E945;1;5
Sud;Puglia;FG;E946;24,52;53,5
Nord Ovest;Lombardia;LC;E947;3,75;8,5
Nord Ovest;Lombardia;MN;E949;1;6,5
Nord Ovest;Lombardia;CO;E951;55,69;308,56
Isole;Sicilia;CL;E953;1;5
Sud;Campania;NA;E954;13;43
Sud;Campania;NA;E955;32,75;134,5
Sud;Calabria;RC;E956;3;2
Isole;Sicilia;PA;E957;7;4,95
Centro;Lazio;RM;E958;131,75;648,41
Centro;Toscana;PT;E960;6;23,77
Nord Ovest;Lombardia;BS;E961;0;2
Nord Ovest;Lombardia;MN;E962;2;74
Nord Ovest;Piemonte;CN;E963;5,59;0
Nord Ovest;Lombardia;VA;E965;16;107
Nord Ovest;Lombardia;BS;E967;10,17;24,86
Sud;Calabria;RC;E968;2;0
Nord Est;Veneto;VI;E970;51,26;196,55
Centro;Toscana;FI;E971;3,5;9,5
Isole;Sardegna;OR;E972;0;1,87
Nord Ovest;Piemonte;CN;E973;1;1
Isole;Sicilia;TP;E974;66,48;199,71
Centro;Umbria;PG;E975;39,39;95,87
Sud;Basilicata;PZ;E976;3;3
Sud;Basilicata;PZ;E977;5;18
Centro;Lazio;VT;E978;8,5;6,5
Sud;Puglia;LE;E979;3;18,17
Nord Est;Veneto;VE;E980;26,07;276,96
Nord Est;Friuli- Venezia Giulia;UD;E982;14,13;79,34
Nord Ovest;Lombardia;CR;E983;2;33,07
Sud;Puglia;LE;E984;1;1
Sud;Puglia;TA;E986;82,22;85,91
Nord Ovest;Lombardia;BG;E987;6,48;146,47
Nord Ovest;Piemonte;CN;E988;2;9
Sud;Abruzzo;TE;E989;55,41;211,15
Sud;Calabria;CZ;E991;1;2
Isole;Sardegna;SS;E992;0;0
Sud;Calabria;RC;E993;1;0,93
Nord Ovest;Lombardia;LO;E994;1;10,14
Sud;Puglia;TA;E995;9,5;11,5
Sud;Campania;AV;E997;4;5
Sud;Campania;CE;E998;7,33;0,33
Nord Ovest;Lombardia;PV;E999;2,5;23,5
Sud;Calabria;CS;F001;0;0
Nord Ovest;Lombardia;VA;F002;2;4
Nord Ovest;Lombardia;MI;F003;27;147,5
Isole;Sicilia;CT;F004;23,33;201,41
Isole;Sicilia;CT;F005;11,08;124,42
Sud;Basilicata;PZ;F006;3,5;1
Nord Ovest;Lombardia;VA;F007;0;3
Nord Est;Veneto;TV;F009;7;31,75
Nord Ovest;Piemonte;VB;F010;8;15,5
Nord Est;Veneto;PD;F011;3,5;126,18
Nord Est;Veneto;TV;F012;10;116,83
Nord Est;Veneto;PD;F013;1;10
Nord Ovest;Piemonte;AL;F015;1;6
Nord Est;Emilia-Romagna;FE;F016;2,17;18,16
Nord Ovest;Lombardia;CO;F017;5;14,17
Nord Ovest;Liguria;GE;F020;19,25;10,67
Centro;Marche;AP;F021;1;0
Sud;Abruzzo;AQ;F022;2,98;6,99
Centro;Toscana;MS;F023;137,91;291,32
Centro;Umbria;PG;F024;6,5;12
Centro;Toscana;PT;F025;10,83;48,97
Sud;Puglia;TA;F027;48,88;105,67
Nord Ovest;Lombardia;LO;F028;5,5;90,83
Nord Est;Emilia-Romagna;RA;F029;18,4;115,99
Sud;Campania;NA;F030;16,53;12,55
Centro;Toscana;GR;F032;23,96;63,61
Nord Est;Veneto;PD;F033;1,5;53,17
Centro;Toscana;LU;F035;36,34;44,5
Nord Ovest;Piemonte;BI;F037;1;2
Nord Ovest;Piemonte;TO;F041;2,5;1
Nord Ovest;Piemonte;BI;F042;12,26;12,49
Sud;Campania;CE;F043;2;18
Centro;Marche;AP;F044;1;13
Nord Ovest;Liguria;SV;F046;0;0
Nord Ovest;Piemonte;NO;F047;5;15,58
Nord Ovest;Piemonte;VB;F048;1;1
Isole;Sardegna;OR;F050;0;0
Centro;Marche;MC;F051;28,52;53,2
Sud;Basilicata;MT;F052;127,33;309,93
Nord Ovest;Piemonte;TO;F053;12,33;26,5
Sud;Puglia;LE;F054;10,99;18,56
Sud;Molise;CB;F055;1;4
Nord Ovest;Piemonte;TO;F058;10;7
Sud;Puglia;FG;F059;14,5;14,46
Isole;Sicilia;TP;F061;30,05;31,1
Nord Ovest;Lombardia;BS;F063;23,5;187,89
Centro;Lazio;RM;F064;4,33;8,5
Isole;Sicilia;CL;F065;16,54;8,66
Isole;Sicilia;ME;F066;4;0
Nord Ovest;Piemonte;TO;F067;11;51,39
Nord Ovest;Lombardia;SO;F070;2;0
Isole;Sardegna;NU;F073;0,5;0
Nord Ovest;Piemonte;TO;F074;5;9,67
Nord Ovest;Lombardia;MI;F078;92,91;396,16
Nord Ovest;Lombardia;PV;F080;9,6;46,42
Nord Est;Emilia-Romagna;PR;F082;18,83;97,01
Nord Est;Emilia-Romagna;BO;F083;38,1;265,94
Nord Ovest;Lombardia;MI;F084;35;169,28
Nord Ovest;Lombardia;BG;F085;10;43
Nord Ovest;Lombardia;MN;F086;0;38,75
Nord Est;Emilia-Romagna;MO;F087;5;77,54
Nord Est;Veneto;TV;F088;7;34,25
Nord Est;Friuli- Venezia Giulia;PN;F089;2,6;7,89
Nord Est;Veneto;PD;F092;4;8,97
Nord Ovest;Piemonte;NO;F093;23;48,81
Nord Est;Veneto;RO;F095;2,5;7,8
Nord Ovest;Piemonte;AL;F096;6;12,39
Nord Est;Emilia-Romagna;FO;F097;7,5;91,51
Nord Ovest;Liguria;GE;F098;3;10
Nord Ovest;Lombardia;MI;F100;62,47;243,49
Sud;Puglia;LE;F101;12;28
Nord Ovest;Lombardia;LO;F102;1;2,6
Sud;Basilicata;PZ;F104;31,57;37,59
Sud;Calabria;RC;F105;1;1
Sud;Calabria;RC;F106;1;3
Isole;Sicilia;SR;F107;15;40,83
Sud;Calabria;KR;F108;7;10,5
Sud;Puglia;LE;F109;0;12,02
Sud;Campania;AV;F110;1;1
Sud;Campania;NA;F111;19;91,34
Sud;Calabria;RC;F112;0;11
Sud;Campania;BN;F113;0;0
Nord Ovest;Piemonte;CN;F114;6;7
Nord Ovest;Lombardia;SO;F115;8,33;1,33
Nord Est;Veneto;TV;F116;84,75;243,65
Sud;Puglia;LE;F117;3;1,67
Nord Ovest;Lombardia;MI;F119;68,5;218,47
Nord Ovest;Lombardia;CO;F120;28,67;56
Nord Ovest;Lombardia;PV;F122;4,67;3
Nord Ovest;Liguria;IM;F123;1;4
Sud;Calabria;CS;F125;12,67;12
Isole;Sicilia;AG;F126;11,02;12,34
Centro;Lazio;RM;F127;58,84;189,8
Nord Est;Veneto;VE;F130;8;49,29
Nord Ovest;Piemonte;AL;F131;1,5;2,5
Nord Ovest;Lombardia;LC;F133;43,58;190,71
Nord Ovest;Lombardia;VA;F134;2;21,67
Centro;Marche;PS;F135;3;2
Centro;Marche;PS;F136;4,5;14
Nord Est;Emilia-Romagna;RN;F137;11;29,25
Sud;Campania;SA;F138;24,12;43
Nord Est;Emilia-Romagna;FO;F139;12;41,59
Nord Ovest;Piemonte;TO;F140;1;8
Sud;Campania;AV;F141;6,5;53,68
Nord Est;Friuli- Venezia Giulia;UD;F144;0;11,5
Centro;Marche;AN;F145;1;6
Nord Ovest;Piemonte;VB;F146;5,5;8
Isole;Sicilia;ME;F147;1;1
Nord Est;Veneto;PD;F148;2;3,72
Nord Ovest;Lombardia;LO;F149;1;28
Nord Ovest;Lombardia;CO;F151;10,25;33,16
Sud;Puglia;BR;F152;12,34;84,56
Nord Ovest;Lombardia;SO;F153;13;8
Nord Ovest;Lombardia;VA;F154;6;32
Nord Ovest;Lombardia;MI;F155;12;49,5
Nord Est;Emilia-Romagna;FE;F156;23;41,83
Sud;Calabria;KR;F157;5;4
Isole;Sicilia;ME;F158;300,95;584,03
Nord Est;Veneto;PD;F161;5,59;156,76
Sud;Campania;NA;F162;17;15,25
Nord Ovest;Lombardia;MI;F165;14;54,17
Nord Ovest;Piemonte;BI;F167;4,5;12
Nord Ovest;Lombardia;PV;F170;0;7,5
Nord Ovest;Lombardia;PV;F171;0;0
Nord Est;Veneto;VR;F172;2,33;15,78
Nord Ovest;Liguria;GE;F173;4;0,83
Nord Ovest;Lombardia;PV;F175;3;14
Nord Ovest;Piemonte;TO;F182;2;13,5
Isole;Sicilia;PA;F184;2;0,66
Nord Ovest;Lombardia;BG;F186;1;0,5
Nord Ovest;Piemonte;NO;F188;4;11
Nord Ovest;Piemonte;BI;F189;0;2
Nord Est;Veneto;TV;F190;12,66;21,34
Nord Ovest;Piemonte;NO;F191;3;3
Nord Ovest;Piemonte;VB;F192;1;20,05
Centro;Lazio;RI;F193;0,75;1
Sud;Puglia;LE;F194;3,56;4
Sud;Abruzzo;CH;F196;5;11
Sud;Calabria;CZ;F200;7;1
Sud;Basilicata;MT;F201;8;7,67
Nord Ovest;Liguria;GE;F202;10,75;14,5
Sud;Campania;CE;F203;4,5;2
Nord Ovest;Lombardia;MI;F205;10269,04;13826,67
Isole;Sicilia;ME;F206;28,76;77,93
Sud;Calabria;VV;F207;8;4
Isole;Sardegna;OR;F208;2;1
Isole;Sicilia;CT;F209;3,39;11,39
Isole;Sicilia;ME;F210;3;1
Nord Ovest;Liguria;SV;F213;11;21,5
Isole;Sicilia;CT;F214;2,5;1,67
Nord Ovest;Lombardia;BS;F216;2;8,5
Isole;Sicilia;CT;F217;6,75;12,75
Nord Est;Veneto;VR;F218;5,55;28,91
Nord Est;Emilia-Romagna;BO;F219;23;105,46
Sud;Puglia;BA;F220;17,05;13,05
Sud;Puglia;LE;F221;2;11
Sud;Campania;SA;F223;1;2,5
Centro;Lazio;LT;F224;36,06;32,67
Centro;Toscana;LU;F225;4;4,75
Nord Ovest;Liguria;SV;F226;7;8
Nord Est;Veneto;VE;F229;43,45;402,28
Sud;Campania;AV;F230;5,17;2
Isole;Sicilia;CT;F231;1;5,89
Nord Ovest;Piemonte;AL;F232;4;14,5
Sud;Molise;CB;F233;3;2
Nord Ovest;Lombardia;PV;F238;6,33;64,67
Sud;Molise;IS;F239;4;1
Nord Est;Emilia-Romagna;MO;F240;63,5;410,27
Nord Est;Veneto;VE;F241;42,08;323,96
Isole;Sicilia;ME;F242;4,17;1
Nord Ovest;Lombardia;BG;F243;4,11;37,01
Nord Est;Emilia-Romagna;RN;F244;37;227,2
Isole;Sicilia;PA;F246;22,67;12
Nord Ovest;Lombardia;MI;F247;11,5;78,33
Nord Ovest;Lombardia;LC;F248;39,27;147,8
Sud;Basilicata;PZ;F249;1;0
Isole;Sicilia;CT;F250;21,5;116,42
Isole;Sicilia;ME;F251;4;14
Nord Ovest;Piemonte;AT;F254;1;1
Nord Ovest;Liguria;GE;F256;6;6
Nord Est;Emilia-Romagna;MO;F257;1033,72;2601,07
Isole;Sicilia;RG;F258;84,23;237,74
Nord Est;Emilia-Romagna;FO;F259;9,87;18
Nord Ovest;Lombardia;LO;F260;10;64
Isole;Sardegna;NU;F261;1;0
Sud;Puglia;BA;F262;39,5;150,99
Nord Ovest;Lombardia;LC;F265;9,86;34,65
Nord Est;Friuli- Venezia Giulia;UD;F266;2;6,5
Nord Ovest;Lombardia;MN;F267;2;39
Centro;Marche;MC;F268;1;11,17
Nord Est;Veneto;TV;F269;54,34;526,74
Isole;Sardegna;OR;F270;0;0
Isole;Sardegna;OR;F271;0;0
Isole;Sardegna;OR;F272;0,86;0
Sud;Campania;BN;F274;3,5;2,75
Nord Est;Friuli- Venezia Giulia;UD;F275;2;8,44
Nord Ovest;Lombardia;BG;F276;0;5,3
Isole;Sicilia;ME;F277;2;2
Sud;Campania;SA;F278;0;0
Nord Ovest;Piemonte;CN;F279;0;2
Sud;Puglia;BA;F280;38,17;47,83
Nord Ovest;Piemonte;AL;F281;10,33;7,83
Centro;Toscana;LU;F283;1;2
Sud;Puglia;BA;F284;124,93;239,87
Sud;Campania;BN;F287;2;0
Nord Est;Emilia-Romagna;BO;F288;90;215,16
Nord Ovest;Liguria;IM;F290;8,75;0
Nord Ovest;Piemonte;AL;F293;2;1
Sud;Molise;CB;F294;0;0
Sud;Basilicata;PZ;F295;7,75;3
Nord Ovest;Piemonte;VC;F297;3;6
Isole;Sicilia;AG;F299;14;22,89
Sud;Calabria;RC;F301;3;1,33
Nord Ovest;Lombardia;LC;F304;19,67;34
Nord Ovest;Lombardia;CO;F305;9;17,37
Nord Ovest;Piemonte;AT;F308;0;0
Nord Ovest;Piemonte;CN;F309;3;7
Centro;Marche;PS;F310;6;19
Nord Ovest;Piemonte;AT;F311;1;2,39
Nord Ovest;Piemonte;CN;F312;3;2
Nord Ovest;Piemonte;AL;F313;1;9
Nord Ovest;Piemonte;TO;F315;1;1
Nord Ovest;Piemonte;AT;F316;10;9,33
Nord Ovest;Piemonte;NO;F317;1;17,17
Nord Ovest;Piemonte;TO;F318;1;3
Centro;Lazio;RI;F319;5;1,5
Nord Ovest;Piemonte;AL;F320;1,11;0
Sud;Molise;CB;F322;3;0
Nord Ovest;Piemonte;AT;F323;0;3,66
Sud;Calabria;RC;F324;4,5;2
Nord Ovest;Piemonte;AT;F325;3;3
Nord Ovest;Piemonte;CN;F326;2;5
Nord Ovest;Piemonte;TO;F327;0;6
Nord Ovest;Lombardia;BG;F328;2;20,5
Nord Ovest;Piemonte;CN;F329;4;0
Nord Ovest;Piemonte;CN;F330;1,5;16
Nord Est;Veneto;TV;F332;10;44,75
Isole;Sardegna;CA;F333;3;6
Nord Ovest;Piemonte;TO;F335;229,41;664,92
Nord Ovest;Piemonte;AT;F336;9;9
Nord Ovest;Piemonte;AL;F337;0;1
Nord Ovest;Piemonte;CN;F338;1;9
Nord Est;Emilia-Romagna;PR;F340;4;9,5
Nord Ovest;Piemonte;VC;F342;1;3
Nord Ovest;Piemonte;AT;F343;0;6,5
Nord Est;Emilia-Romagna;RN;F346;0;7,08
Centro;Marche;PS;F347;3;4
Centro;Marche;PS;F348;25,41;158,42
Nord Ovest;Piemonte;CN;F351;137,93;236,87
Sud;Campania;CE;F352;22,39;33,83
Nord Ovest;Liguria;GE;F354;22,5;67
Nord Ovest;Piemonte;CN;F355;1;2
Nord Est;Emilia-Romagna;MO;F357;19,4;103,47
Nord Ovest;Piemonte;CN;F358;2,07;17,17
Isole;Sicilia;ME;F359;5;0
Nord Est;Veneto;TV;F360;3;14
Nord Ovest;Piemonte;AT;F361;1;2
Nord Est;Emilia-Romagna;BO;F363;13,51;35,63
Sud;Calabria;VV;F364;0;0
Nord Ovest;Piemonte;AL;F365;2,28;2,6
Nord Ovest;Valle d'Aosta;AO;F367;8;1
Isole;Sicilia;ME;F368;2;0
Nord Ovest;Piemonte;BI;F369;10,42;19,71
Sud;Calabria;CS;F370;0;0
Nord Ovest;Lombardia;CO;F372;5;25,66
Nord Ovest;Lombardia;BS;F373;14,5;103,5
Nord Ovest;Piemonte;AL;F374;5;5,75
Nord Ovest;Lombardia;BS;F375;5;20
Sud;Puglia;BA;F376;76,7;396,02
Isole;Sicilia;PA;F377;56,01;41,66
Centro;Marche;AP;F379;3;0
Centro;Marche;AP;F380;5,5;24,5
Centro;Marche;AN;F381;1;24
Nord Est;Veneto;PD;F382;16,55;208,97
Isole;Sardegna;CA;F383;7;75,23
Centro;Toscana;PT;F384;12,5;129,76
Nord Ovest;Piemonte;CN;F385;9,75;23,33
Nord Ovest;Piemonte;AT;F386;0;1
Nord Ovest;Piemonte;AL;F387;0;0
Nord Ovest;Piemonte;AT;F390;1;5
Sud;Molise;CB;F391;3;1
Nord Ovest;Lombardia;SO;F393;19,5;7,67
Nord Est;Veneto;PD;F394;9,33;61,83
Isole;Sicilia;ME;F395;3,28;1
Sud;Campania;AV;F397;2;0
Centro;Toscana;FI;F398;6,51;19,5
Sud;Basilicata;MT;F399;18,49;4
Isole;Sicilia;ME;F400;3;2
Centro;Marche;AN;F401;12,67;24,9
Nord Ovest;Piemonte;AL;F403;0;0
Nord Ovest;Piemonte;AL;F404;0;3,67
Nord Ovest;Piemonte;CN;F405;9;16,52
Nord Ovest;Piemonte;TO;F407;0,52;4,33
Nord Ovest;Piemonte;CN;F408;4;9
Nord Ovest;Piemonte;AT;F409;2;2
Centro;Toscana;PT;F410;6;75,74
Nord Ovest;Piemonte;TO;F411;4;9
Isole;Sicilia;AG;F414;3;3
Centro;Marche;AP;F415;2,34;3,17
Sud;Calabria;CS;F416;32;56,5
Nord Ovest;Lombardia;PV;F417;0;8
Centro;Lazio;VT;F419;36,33;53,34
Nord Ovest;Piemonte;TO;F420;8;30,5
Nord Ovest;Piemonte;TO;F422;9;40,5
Nord Ovest;Lombardia;LO;F423;1,5;25,67
Nord Ovest;Piemonte;CN;F424;1;4
Sud;Campania;SA;F426;5;2
Nord Ovest;Lombardia;CO;F427;13;83,98
Centro;Marche;AP;F428;0;3,5
Sud;Molise;IS;F429;4;5,5
Centro;Lazio;RI;F430;3;4,5
Sud;Calabria;CZ;F432;2,33;5,28
Sud;Abruzzo;CH;F433;2;0,33
Nord Ovest;Lombardia;CR;F434;2,67;20,84
Centro;Toscana;GR;F437;36,15;189,28
Nord Ovest;Lombardia;PV;F440;1;9,5
Sud;Abruzzo;PE;F441;1;0
Nord Est;Veneto;VI;F442;7;56,73
Nord Est;Veneto;TV;F443;48,35;366,29
Nord Ovest;Liguria;GE;F445;6,75;2
Centro;Lazio;RI;F446;3;5
Sud;Campania;AV;F448;8;4
Nord Ovest;Lombardia;PV;F449;0,08;4,08
Centro;Marche;PS;F450;0;8,66
Centro;Toscana;LU;F452;5;9
Centro;Marche;AN;F453;4;7
Centro;Marche;MC;F454;7,67;34,51
Nord Ovest;Piemonte;AL;F455;0;0
Centro;Umbria;PG;F456;6;13
Centro;Umbria;TR;F457;3,08;21,92
Centro;Toscana;PI;F458;15,67;8,59
Centro;Marche;MC;F460;5;0
Nord Est;Veneto;VR;F461;3,67;34,84
Centro;Umbria;TR;F462;3,5;6
Nord Est;Emilia-Romagna;RE;F463;25;101,09
Nord Est;Veneto;VI;F464;25,43;321,2
Nord Est;Veneto;VI;F465;1;33,5
Centro;Marche;PS;F467;1;0
Nord Ovest;Piemonte;AT;F468;11;10
Nord Ovest;Piemonte;AL;F469;2;1,66
Nord Ovest;Lombardia;BS;F471;20,26;322,69
Nord Est;Emilia-Romagna;PR;F473;34,24;155,83
Sud;Molise;CB;F475;3;3,75
Centro;Lazio;RM;F477;9,5;70,27
Nord Est;Emilia-Romagna;RN;F478;1;4
Sud;Campania;SA;F479;5;5,92
Sud;Campania;SA;F480;7,17;162,83
Sud;Campania;SA;F481;21,75;25,92
Centro;Marche;MC;F482;11,67;52,17
Nord Ovest;Piemonte;VB;F483;11;4
Nord Est;Emilia-Romagna;MO;F484;1,4;24
Nord Est;Veneto;VI;F486;3;23,25
Centro;Marche;AP;F487;1;0
Sud;Campania;NA;F488;8,13;3,84
Isole;Sicilia;CL;F489;2;0
Sud;Campania;AV;F491;2;4
Centro;Umbria;PG;F492;8,83;20,66
Centro;Marche;AP;F493;0;5
Sud;Campania;BN;F494;2,25;1
Sud;Molise;CB;F495;6;5
Centro;Marche;MC;F496;11;11
Centro;Marche;PS;F497;2;7
Sud;Abruzzo;CH;F498;0;0
Centro;Lazio;VT;F499;40,42;39,17
Sud;Abruzzo;TE;F500;3;7
Centro;Marche;AP;F501;7,66;10,33
Nord Est;Emilia-Romagna;RN;F502;2,2;19,53
Nord Est;Emilia-Romagna;MO;F503;15,78;19,25
Centro;Lazio;RM;F504;2,67;1
Sud;Campania;AV;F506;5;60,5
Sud;Campania;SA;F507;0;0
Nord Est;Veneto;VR;F508;13,17;88,83
Centro;Marche;AP;F509;7;4
Centro;Umbria;TR;F510;4;5
Sud;Campania;AV;F511;6;5
Sud;Campania;AV;F512;1;1
Centro;Umbria;TR;F513;6,42;0,75
Nord Est;Veneto;VI;F514;2;35
Nord Est;Veneto;VI;F515;1;16,22
Centro;Marche;AP;F516;2,34;1,5
Centro;Marche;AP;F517;0;1
Nord Ovest;Piemonte;AL;F518;0;3
Sud;Calabria;CS;F519;7;6
Centro;Marche;AP;F520;1,83;20,83
Centro;Marche;AP;F522;10,49;35,42
Nord Est;Emilia-Romagna;RN;F523;0;1
Centro;Marche;PS;F524;0;3,5
Nord Ovest;Lombardia;VA;F526;5,58;24,5
Nord Ovest;Piemonte;AT;F527;14;21,51
Nord Ovest;Liguria;IM;F528;1;0
Nord Est;Veneto;PD;F529;10,33;154,91
Sud;Puglia;TA;F531;1;12
Nord Ovest;Lombardia;BS;F532;8,07;0,41
Centro;Marche;PS;F533;8,39;67
Centro;Lazio;RM;F534;4;8
Sud;Abruzzo;CH;F535;2;0
Centro;Marche;AP;F536;0;0
Sud;Calabria;VV;F537;42,16;57
Sud;Puglia;FG;F538;0;2
Centro;Umbria;PG;F540;20;4
Centro;Lazio;RI;F541;3;5,33
Isole;Sardegna;SS;F542;0;0
Centro;Umbria;TR;F543;27,99;12
Isole;Sicilia;PA;F544;5,33;1
Centro;Lazio;RM;F545;12;4
Sud;Campania;AV;F546;12,19;13,89
Nord Ovest;Lombardia;BG;F547;5;67,09
Sud;Molise;CB;F548;0;0,67
Centro;Marche;AP;F549;2;1,17
Nord Ovest;Piemonte;CN;F550;1;4
Centro;Toscana;FI;F551;25,63;148,47
Centro;Marche;MC;F552;4;12,8
Isole;Sicilia;PA;F553;7;1
Nord Ovest;Piemonte;AT;F556;5;2
Sud;Campania;BN;F557;0;0
Nord Ovest;Piemonte;CN;F558;4;2
Sud;Campania;AV;F559;8;4,17
Centro;Marche;AN;F560;22,43;78,79
Nord Ovest;Lombardia;LC;F561;0;4,31
Nord Ovest;Piemonte;AL;F562;2;2
Sud;Puglia;TA;F563;6;3
Nord Ovest;Lombardia;CO;F564;0;2
Centro;Toscana;AR;F565;1;3
Sud;Campania;AV;F566;5,5;11,04
Centro;Marche;MC;F567;13,03;40,83
Sud;Basilicata;PZ;F568;1,83;1,83
Sud;Molise;CB;F569;0;0
Centro;Marche;AP;F570;2;3,5
Centro;Toscana;PO;F572;26,28;187,37
Sud;Basilicata;PZ;F573;1;0
Nord Est;Friuli- Venezia Giulia;UD;F574;0;2
Sud;Molise;CB;F576;15,42;34
Sud;Abruzzo;CH;F578;0;3,34
Centro;Lazio;RI;F579;2;2
Sud;Molise;IS;F580;1,5;0
Centro;Marche;AN;F581;2,67;7
Sud;Abruzzo;CH;F582;3;11
Sud;Abruzzo;TE;F585;80,85;166,81
Sud;Calabria;CZ;F586;12;25
Sud;Puglia;TA;F587;2;2
Centro;Marche;PS;F589;0;9
Centro;Lazio;RM;F590;23,89;67,52
Centro;Marche;AP;F591;17;111,06
Centro;Toscana;SI;F592;38,39;84,92
Centro;Toscana;AR;F594;3,17;5,17
Sud;Abruzzo;AQ;F595;3;9,17
Nord Est;Friuli- Venezia Giulia;PN;F596;6,5;19,44
Nord Est;Emilia-Romagna;BO;F597;17;87,92
Centro;Toscana;SI;F598;16,32;148,5
Centro;Marche;AP;F599;1;0
Centro;Marche;AN;F600;3,5;19,75
Sud;Molise;IS;F601;1;3
Centro;Lazio;VT;F603;3;1
Sud;Puglia;LE;F604;9,5;25,22
Centro;Toscana;SI;F605;25,86;80,34
Centro;Lazio;VT;F606;5;14
Sud;Calabria;VV;F607;0,17;1
Nord Ovest;Piemonte;CN;F608;4;11
Nord Ovest;Liguria;SP;F609;14;4
Isole;Sicilia;RG;F610;2,5;6
Centro;Lazio;RM;F611;182,3;516,84
Centro;Toscana;GR;F612;4;7
Centro;Marche;AP;F614;7;6
Centro;Lazio;LT;F616;4;0
Sud;Campania;SA;F618;2,11;0
Centro;Lazio;RI;F619;2,5;4
Centro;Lazio;FR;F620;8,33;10,5
Centro;Marche;MC;F621;7;14
Centro;Marche;MC;F622;4;2
Sud;Puglia;LE;F623;2;1
Sud;Campania;SA;F625;4,95;4
Centro;Marche;AP;F626;0,5;1,83
Nord Est;Emilia-Romagna;BO;F627;43,5;160,01
Centro;Toscana;AR;F628;10,17;57,83
Centro;Umbria;PG;F629;4;1
Sud;Puglia;FG;F631;34,45;52,67
Centro;Marche;MC;F632;51,16;109,42
Centro;Marche;AN;F634;18,99;47,61
Sud;Campania;BN;F636;16,08;22,67
Sud;Basilicata;MT;F637;22;13,7
Nord Ovest;Lombardia;PV;F638;0;0
Nord Ovest;Piemonte;VB;F639;20,75;0
Centro;Toscana;PI;F640;15,17;28,67
Nord Est;Emilia-Romagna;MO;F642;8,79;48,48
Nord Ovest;Lombardia;PV;F644;2;0
Sud;Abruzzo;PE;F646;88,66;542,26
Centro;Toscana;FI;F648;40;106,04
Nord Ovest;Piemonte;TO;F651;1;9
Centro;Marche;AP;F653;8,33;24,25
Nord Ovest;Piemonte;CN;F654;3;7
Isole;Sicilia;AG;F655;0;8,6
Centro;Toscana;AR;F656;55,66;146,09
Nord Ovest;Lombardia;LC;F657;12;35,02
Sud;Campania;AV;F660;0;0
Centro;Toscana;PI;F661;9,66;1
Nord Est;Veneto;VI;F662;2,5;31,17
Centro;Marche;AP;F664;2;0
Centro;Marche;AP;F665;1;1
Nord Ovest;Piemonte;CN;F666;0;1
Isole;Sardegna;SS;F667;0;1
Nord Est;Emilia-Romagna;FO;F668;2,25;15,84
Nord Ovest;Piemonte;CN;F669;2;10
Nord Ovest;Lombardia;PV;F670;0;5
Nord Est;Emilia-Romagna;PC;F671;4,5;44,31
Nord Ovest;Lombardia;BS;F672;4,5;57,7
Nord Ovest;Lombardia;LC;F674;10;44,9
Nord Est;Veneto;VI;F675;2,67;121,92
Centro;Toscana;SI;F676;10;10
Centro;Toscana;GR;F677;10,67;8,55
Centro;Toscana;MS;F679;15,5;72,55
Nord Ovest;Lombardia;BS;F680;3;52,83
Nord Ovest;Lombardia;CR;F681;0;23
Nord Ovest;Liguria;GE;F682;6;8
Centro;Umbria;PG;F685;4;5
Centro;Toscana;PI;F686;14;94,95
Centro;Lazio;RI;F687;12,5;16,33
Nord Ovest;Lombardia;CO;F688;3;16,5
Sud;Molise;CB;F689;0;0
Sud;Abruzzo;TE;F690;9,5;8
Centro;Lazio;RM;F692;1;1
Nord Est;Veneto;VI;F696;4;16,51
Centro;Marche;AP;F697;0;2,67
Isole;Sardegna;NU;F698;0;2
Nord Ovest;Lombardia;PV;F701;3;12,5
Nord Ovest;Lombardia;VA;F703;0,5;22,5
Nord Ovest;Lombardia;MI;F704;737,47;1990,66
Nord Ovest;Lombardia;MN;F705;8;38,5
Nord Est;Emilia-Romagna;BO;F706;23,25;82,83
Nord Ovest;Piemonte;AL;F707;2;14,5
Sud;Calabria;CS;F708;2;2
Nord Ovest;Piemonte;AT;F709;1;1
Nord Ovest;Lombardia;VA;F711;10,5;67,69
Nord Ovest;Lombardia;SO;F712;63,78;146,75
Nord Ovest;Piemonte;AL;F713;1;2
Nord Est;Emilia-Romagna;RN;F715;6,25;58,17
Sud;Puglia;LE;F716;3;3
Sud;Campania;BN;F717;6;7,66
Nord Est;Emilia-Romagna;BO;F718;5;29,5
Nord Ovest;Lombardia;BG;F720;1;19
Isole;Sardegna;SS;F721;2;3
Centro;Marche;AP;F722;0;2
Nord Ovest;Piemonte;CN;F723;13,5;31,17
Nord Est;Emilia-Romagna;PC;F724;5,67;5,92
Nord Est;Veneto;TV;F725;3;49,95
Nord Ovest;Valle d'Aosta;AO;F726;21,83;59
Isole;Sardegna;OR;F727;0;0
Nord Est;Veneto;TV;F729;1,5;9,5
Centro;Lazio;RM;F730;7,33;2
Sud;Campania;SA;F731;2;0
Sud;Abruzzo;AQ;F732;0;0
Nord Ovest;Piemonte;TO;F733;0;14
Centro;Lazio;RM;F734;12;40
Sud;Calabria;CS;F735;9;2
Nord Ovest;Lombardia;VA;F736;5,62;31,5
Nord Ovest;Piemonte;AL;F737;1,13;4,5
Nord Ovest;Lombardia;BG;F738;6;23,8
Nord Ovest;Lombardia;PV;F739;0;3
Centro;Lazio;FR;F740;10;4
Nord Ovest;Piemonte;CN;F743;8;14
Sud;Campania;AV;F744;2;0
Centro;Marche;AN;F745;9;13
Centro;Lazio;RI;F746;1;1
Sud;Abruzzo;TE;F747;9;19
Sud;Molise;CB;F748;1,17;2
Centro;Marche;MC;F749;24,91;43
Nord Est;Friuli- Venezia Giulia;PN;F750;5;17,33
Nord Ovest;Piemonte;AL;F751;4,5;4
Nord Ovest;Lombardia;PV;F754;26,83;164,16
Nord Est;Friuli- Venezia Giulia;UD;F756;13,2;34
Nord Ovest;Lombardia;LC;F758;0;0
Nord Est;Friuli- Venezia Giulia;UD;F760;5;16,65
Nord Ovest;Lombardia;CR;F761;0;4
Sud;Campania;AV;F762;1;0
Sud;Abruzzo;TE;F764;9;28,5
Sud;Abruzzo;PE;F765;1,86;4
Nord Est;Veneto;TV;F770;30,72;127,85
Nord Ovest;Lombardia;CR;F771;0;2,5
Isole;Sicilia;ME;F772;0;1
Isole;Sicilia;ME;F773;1;0
Nord Ovest;Piemonte;VC;F774;1;9,33
Sud;Calabria;CS;F775;2;1
Nord Ovest;Piemonte;BI;F776;6;6
Sud;Puglia;FG;F777;2,96;4,96
Sud;Calabria;RC;F779;0;4
Sud;Calabria;CZ;F780;0;0
Isole;Sicilia;CT;F781;12;38
Nord Ovest;Lombardia;MI;F783;13,25;132,36
Sud;Puglia;TA;F784;27,5;33,44
Sud;Abruzzo;CH;F785;1,5;1,5
Nord Ovest;Lombardia;BG;F786;2,89;41,38
Nord Ovest;Lombardia;CO;F788;29,29;135,41
Nord Est;Veneto;VR;F789;12,47;111,66
Nord Ovest;Lombardia;BG;F791;13,52;128,97
Centro;Marche;MC;F793;0;2
Nord Ovest;Lombardia;MI;F797;82,26;312,19
Sud;Campania;AV;F798;8,9;12
Sud;Campania;NA;F799;28,99;145,72
Nord Ovest;Lombardia;LO;F801;16;114,66
Centro;Toscana;MS;F802;22,34;5,09
Nord Ovest;Lombardia;BS;F806;0;1
Isole;Sardegna;CA;F808;3;29
Nord Ovest;Piemonte;CN;F809;5,2;7
Nord Est;Veneto;VI;F810;1;5
Nord Ovest;Piemonte;CN;F811;1;6
Nord Ovest;Liguria;SV;F813;4;0
Nord Ovest;Piemonte;AL;F814;1;12
Centro;Toscana;SI;F815;0,5;13
Sud;Puglia;LE;F816;4,5;4,5
Sud;Basilicata;PZ;F817;22,3;16,05
Isole;Sardegna;SS;F818;0;0
Nord Ovest;Lombardia;BS;F820;2;30,99
Isole;Sardegna;CA;F822;0;0
Nord Est;Veneto;VE;F826;18,18;118,89
Nord Ovest;Lombardia;CO;F828;3,67;12,34
Nord Est;Veneto;VI;F829;7;51
Isole;Sicilia;CL;F830;13,33;7,08
Sud;Abruzzo;TE;F831;39,5;102
Nord Est;Friuli- Venezia Giulia;UD;F832;8;33,94
Nord Ovest;Piemonte;BI;F833;2,33;4,11
Nord Est;Veneto;VI;F838;6;29,25
Sud;Campania;NA;F839;801,07;1483,24
Isole;Sardegna;OR;F840;2;1
Isole;Sardegna;CA;F841;0;2
Sud;Puglia;LE;F842;32,84;73,42
Sud;Calabria;VV;F843;2;0
Centro;Umbria;TR;F844;58,46;93,67
Isole;Sicilia;AG;F845;16,66;11,66
Nord Ovest;Piemonte;CN;F846;2;22
Nord Ovest;Liguria;SV;F847;0;1
Isole;Sicilia;ME;F848;8,16;3,5
Nord Ovest;Lombardia;BS;F851;20,7;76,38
Sud;Abruzzo;AQ;F852;0;6
Centro;Lazio;RM;F857;2,25;3,25
Nord Ovest;Liguria;GE;F858;18,5;8
Nord Ovest;Piemonte;NO;F859;4,05;27
Nord Est;Veneto;VR;F861;30,95;153,61
Nord Ovest;Liguria;GE;F862;10;2
Nord Ovest;Piemonte;CN;F863;1;17,5
Nord Ovest;Lombardia;BG;F864;19,33;128,97
Centro;Lazio;RM;F865;3;6,5
Sud;Basilicata;PZ;F866;1,4;0
Isole;Sardegna;OR;F867;1,83;0
Centro;Lazio;VT;F868;16,55;23,97
Sud;Abruzzo;TE;F870;12;30
Centro;Lazio;RM;F871;9;11
Nord Est;Veneto;TV;F872;3,33;34,83
Nord Ovest;Lombardia;MI;F874;22,03;125,48
Centro;Lazio;RI;F876;0;0
Nord Ovest;Lombardia;CO;F877;11,45;20,31
Nord Ovest;Piemonte;BI;F878;9;12,83
Centro;Lazio;RM;F880;97,28;304
Sud;Puglia;LE;F881;0;9,75
Nord Est;Emilia-Romagna;PR;F882;11;33,5
Nord Ovest;Piemonte;CN;F883;1;2,5
Nord Ovest;Lombardia;BS;F884;1,6;3,89
Nord Ovest;Piemonte;NO;F886;5;16
Nord Ovest;Lombardia;LC;F887;10;24,5
Nord Ovest;Piemonte;TO;F889;188,51;496,82
Isole;Sicilia;CT;F890;3,5;22,01
Nord Ovest;Lombardia;PV;F891;0;1
Isole;Sicilia;EN;F892;8;32,11
Sud;Calabria;VV;F893;3;14,15
Nord Ovest;Piemonte;CN;F894;2;3
Nord Ovest;Piemonte;CN;F895;2;2
Nord Est;Friuli- Venezia Giulia;UD;F898;3;5
Isole;Sicilia;CL;F899;11;17,89
Isole;Sicilia;EN;F900;4,67;6
Isole;Sicilia;ME;F901;6;11
Nord Ovest;Piemonte;AT;F902;36,16;101,98
Nord Est;Veneto;VE;F904;21,49;250,03
Nord Ovest;Piemonte;TO;F906;4;2
Sud;Calabria;CS;F907;0;0
Sud;Abruzzo;PE;F908;1,25;5,25
Sud;Calabria;CZ;F910;4;3
Centro;Umbria;PG;F911;6,33;15
Sud;Campania;SA;F912;66,66;148,09
Sud;Campania;SA;F913;23,95;83,72
Nord Est;Emilia-Romagna;PR;F914;29,84;160
Sud;Puglia;BA;F915;48,96;82,33
Sud;Puglia;LE;F916;1;1
Sud;Basilicata;PZ;F917;9;1
Nord Est;Veneto;VR;F918;14;106
Nord Est;Veneto;VR;F921;3,93;58
Nord Est;Veneto;VI;F922;2,5;4
Sud;Puglia;BA;F923;32,75;104,05
Sud;Campania;NA;F924;43,03;159,13
Nord Ovest;Piemonte;TO;F925;17;77,25
Nord Ovest;Liguria;SV;F926;26,34;81,06
Nord Ovest;Piemonte;TO;F927;2;3
Nord Est;Emilia-Romagna;MO;F930;29,67;259,32
Nord Ovest;Piemonte;TO;F931;20;83
Nord Ovest;Piemonte;VB;F932;1;3
Isole;Sardegna;NU;F933;0;0
Isole;Sardegna;OR;F934;0;0,5
Centro;Umbria;PG;F935;6,2;12
Centro;Lazio;LT;F937;3;6,5
Nord Ovest;Lombardia;MI;F939;1;6
Nord Ovest;Lombardia;BG;F941;1,33;26
Sud;Abruzzo;TE;F942;6,51;16,05
Isole;Sicilia;SR;F943;42;57,44
Nord Ovest;Lombardia;MI;F944;80,23;268,17
Nord Ovest;Piemonte;TO;F948;2;5
Isole;Sicilia;ME;F951;0;4
Nord Ovest;Piemonte;NO;F952;383,79;1272,46
Nord Ovest;Lombardia;MI;F955;66,01;202,24
Nord Ovest;Lombardia;SO;F956;3,84;11,17
Nord Est;Veneto;VI;F957;5;40,41
Nord Ovest;Lombardia;CO;F958;1;18
Nord Est;Emilia-Romagna;RE;F960;12,96;116,76
Nord Ovest;Piemonte;CN;F961;3,5;6,5
Nord Est;Veneto;PD;F962;19,5;192,56
Nord Est;Veneto;VE;F963;13,33;116,11
Nord Est;Veneto;VI;F964;13;141,09
Nord Ovest;Piemonte;AL;F965;88;217,31
Nord Est;Emilia-Romagna;MO;F966;6,34;107,46
Sud;Campania;SA;F967;2;2
Nord Ovest;Lombardia;MI;F968;3;86,5
Sud;Puglia;LE;F970;5;10
Nord Ovest;Piemonte;CN;F972;3;1,5
Isole;Sardegna;OR;F974;0;0
Isole;Sardegna;SS;F975;0;1,02
Isole;Sardegna;SS;F976;0;1
Isole;Sardegna;SS;F977;0;1,92
Centro;Marche;AN;F978;18,9;107,4
Isole;Sardegna;NU;F979;32,86;89,29
Isole;Sardegna;OR;F980;1;2,5
Isole;Sardegna;NU;F981;0;0
Isole;Sardegna;NU;F982;0;1
Isole;Sardegna;CA;F983;1;1
Isole;Sardegna;OR;F985;0;0
Isole;Sardegna;NU;F986;0;1
Nord Ovest;Valle d'Aosta;AO;F987;27,01;35,86
Sud;Campania;AV;F988;10,07;8,96
Nord Ovest;Lombardia;BS;F989;2;31,28
Nord Ovest;Lombardia;BS;F990;6,34;46,38
Isole;Sardegna;CA;F991;1;0
Nord Ovest;Piemonte;BI;F992;18,18;34,16
Nord Ovest;Piemonte;BI;F993;6;21,73
Nord Est;Veneto;RO;F994;13;160,46
Nord Ovest;Piemonte;AL;F995;0;5
Sud;Abruzzo;AQ;F996;2;8
Nord Ovest;Piemonte;AL;F997;3;5
Nord Ovest;Piemonte;AL;F998;2;0
Nord Est;Veneto;TV;F999;45,24;205,57
Nord Ovest;Lombardia;BS;G001;2;2
Sud;Abruzzo;AQ;G002;0;0
Centro;Marche;AN;G003;11;9
Nord Ovest;Lombardia;CR;G004;2,5;72,64
Centro;Marche;AP;G005;5,5;18
Nord Ovest;Lombardia;BS;G006;7,83;69,79
Nord Ovest;Piemonte;VB;G007;9,75;26
Nord Ovest;Lombardia;VA;G008;7,75;55,25
Nord Ovest;Lombardia;LC;G009;21,02;141,75
Nord Ovest;Piemonte;TO;G010;3;20
Sud;Campania;SA;G011;7;1
Nord Ovest;Valle d'Aosta;AO;G012;0;0
Isole;Sardegna;SS;G015;112;459,58
Nord Ovest;Piemonte;VC;G016;2;12
Nord Ovest;Piemonte;VC;G018;7;4
Nord Ovest;Piemonte;NO;G019;28,83;200,29
Nord Ovest;Piemonte;NO;G020;5;31,25
Nord Ovest;Lombardia;PV;G021;2;6
Centro;Lazio;RM;G022;23,67;10
Sud;Campania;SA;G023;9,11;9,5
Nord Ovest;Lombardia;CO;G025;45,83;148,71
Nord Ovest;Lombardia;LC;G026;10,03;53,66
Nord Ovest;Lombardia;VA;G028;40,5;167,43
Nord Ovest;Lombardia;LC;G030;11,58;52,16
Isole;Sardegna;NU;G031;1;1
Nord Ovest;Lombardia;PV;G032;0;0
Sud;Calabria;CZ;G034;0;1
Isole;Sicilia;ME;G036;3,33;7
Sud;Basilicata;MT;G037;1,67;1,34
Sud;Campania;SA;G039;5;6
Nord Ovest;Lombardia;LC;G040;10,93;20,99
Nord Ovest;Liguria;IM;G041;5,75;0
Nord Ovest;Piemonte;AL;G042;1;0
Isole;Sardegna;OR;G043;0;1
Isole;Sardegna;NU;G044;0;0
Nord Ovest;Valle d'Aosta;AO;G045;5;2,5
Isole;Sardegna;SS;G046;12;23
Nord Ovest;Lombardia;CR;G047;0;7,17
Nord Ovest;Piemonte;AT;G048;0;1
Nord Ovest;Lombardia;BG;G049;2,2;2
Nord Ovest;Lombardia;BG;G050;3,08;36
Nord Ovest;Lombardia;BG;G054;1,01;6
Nord Ovest;Lombardia;CO;G056;0;18,34
Isole;Sardegna;NU;G058;0;0
Nord Ovest;Lombardia;BS;G061;8;25,17
Nord Ovest;Piemonte;VB;G062;33,87;115,41
Sud;Campania;SA;G063;2;3
Isole;Sardegna;NU;G064;1;0
Centro;Lazio;VT;G065;0,14;6
Nord Ovest;Piemonte;CN;G066;1,5;0
Nord Ovest;Lombardia;BG;G068;1;15,9
Isole;Sardegna;NU;G070;0;0
Isole;Sardegna;NU;G071;0;0
Nord Ovest;Lombardia;BS;G074;2,5;2
Nord Ovest;Lombardia;BG;G075;7,33;54,42
Nord Ovest;Liguria;SV;G076;4;0
Nord Ovest;Lombardia;MI;G078;104,61;269,55
Sud;Abruzzo;AQ;G079;1;4
Nord Est;Veneto;VR;G080;17,25;130,25
Sud;Basilicata;PZ;G081;10,46;2,79
Sud;Calabria;RC;G082;3;2
Isole;Sardegna;NU;G084;4;6
Sud;Molise;CB;G086;1;6
Nord Ovest;Piemonte;TO;G087;140,03;324,88
Centro;Toscana;GR;G088;26,08;102,39
Centro;Toscana;PI;G090;1;7
Nord Ovest;Liguria;GE;G093;3;7,5
Nord Est;Veneto;VI;G095;2;15
Nord Ovest;Lombardia;LO;G096;2;16
Isole;Sardegna;NU;G097;1;0
Sud;Puglia;BR;G098;8,09;23,5
Sud;Abruzzo;AQ;G102;0;2,5
Nord Ovest;Lombardia;VA;G103;42,75;145,83
Nord Ovest;Lombardia;VA;G105;3;4,5
Nord Ovest;Lombardia;LO;G107;3;19,5
Nord Ovest;Lombardia;BG;G108;1;30,29
Nord Ovest;Piemonte;TO;G109;1;5,5
Sud;Calabria;CS;G110;2;3
Centro;Lazio;VT;G111;6;3
Isole;Sardegna;OR;G113;30;115,85
Nord Ovest;Piemonte;CN;G114;18;14
Nord Est;Veneto;TV;G115;7,67;34
Nord Ovest;Lombardia;MI;G116;14;107,09
Nord Ovest;Piemonte;VB;G117;11;17,5
Nord Ovest;Lombardia;BG;G118;2;3,75
Isole;Sardegna;NU;G119;1;13
Isole;Sardegna;NU;G120;0;0
Sud;Campania;SA;G121;1;1
Isole;Sardegna;NU;G122;0;0
Nord Est;Veneto;TV;G123;3,25;14
Nord Ovest;Piemonte;AL;G124;4;2,5
Sud;Puglia;FG;G125;2,03;0
Nord Ovest;Lombardia;CO;G126;6;17
Sud;Abruzzo;CH;G128;8;8
Sud;Calabria;CS;G129;1;0
Sud;Campania;CE;G130;9,99;134,74
Sud;Puglia;FG;G131;15;77,83
Isole;Sardegna;CA;G133;0;0
Nord Ovest;Piemonte;NO;G134;0,25;13
Centro;Lazio;VT;G135;39,82;58
Sud;Puglia;LE;G136;3;3
Centro;Marche;AP;G137;2,67;0,92
Centro;Toscana;AR;G139;6;1
Sud;Abruzzo;CH;G141;59,73;110,98
Sud;Abruzzo;AQ;G142;0;1
Nord Ovest;Liguria;SP;G143;16,61;27,5
Nord Ovest;Liguria;SV;G144;3;11
Sud;Abruzzo;AQ;G145;0;2,11
Isole;Sardegna;NU;G146;1;0
Isole;Sardegna;NU;G147;0;2
Centro;Umbria;TR;G148;50,26;91,16
Nord Ovest;Lombardia;BS;G149;12,85;107,31
Nord Ovest;Lombardia;BS;G150;1;11,89
Nord Ovest;Piemonte;TO;G151;3;11
Nord Ovest;Piemonte;TO;G152;3;10
Isole;Sardegna;SS;G153;4,83;7,17
Isole;Sardegna;NU;G154;0,5;0
Nord Ovest;Liguria;SV;G155;4,17;3
Isole;Sardegna;SS;G156;1;3,33
Centro;Marche;AN;G157;50,67;301,78
Isole;Sardegna;NU;G158;1;0
Nord Ovest;Lombardia;BG;G159;3;62,67
Nord Ovest;Lombardia;BG;G160;18;181,27
Nord Ovest;Lombardia;LC;G161;10;62,5
Nord Est;Friuli- Venezia Giulia;UD;G163;3,33;15,38
Nord Ovest;Liguria;IM;G164;46,5;112,52
Sud;Campania;AV;G165;1;11
Nord Ovest;Lombardia;LO;G166;2;20,17
Nord Est;Veneto;PD;G167;4,85;43,36
Nord Est;Veneto;BL;G169;0;0
Nord Ovest;Lombardia;BS;G170;22;171,02
Nord Ovest;Lombardia;LO;G171;6;15
Isole;Sardegna;SS;G178;6;12
Nord Ovest;Lombardia;BS;G179;2;12,67
Nord Ovest;Lombardia;MI;G181;10;71,5
Nord Ovest;Piemonte;CN;G183;1;1
Nord Est;Emilia-Romagna;FE;G184;7;51,3
Nord Ovest;Lombardia;CR;G185;3,5;19
Nord Ovest;Lombardia;MN;G186;10,32;40,52
Sud;Puglia;BR;G187;128,61;115,76
Sud;Puglia;LE;G188;3,06;48,76
Centro;Umbria;TR;G189;3;5,83
Sud;Campania;NA;G190;24,58;18,5
Isole;Sardegna;NU;G191;0;1
Sud;Campania;SA;G192;1;0
Nord Ovest;Piemonte;AL;G193;1;3
Nord Ovest;Lombardia;PV;G194;1;6,5
Nord Est;Emilia-Romagna;PC;G195;4,11;4
Nord Ovest;Piemonte;TO;G196;18,83;101,49
Nord Ovest;Piemonte;AL;G197;25;74,5
Nord Est;Friuli- Venezia Giulia;UD;G198;2,47;7
Nord Ovest;Piemonte;AL;G199;2;10
Sud;Abruzzo;AQ;G200;11;37,39
Isole;Sardegna;NU;G201;0;0
Nord Ovest;Piemonte;TO;G202;9;9
Isole;Sardegna;SS;G203;12;12,17
Nord Ovest;Piemonte;AL;G204;1;7,94
Nord Est;Emilia-Romagna;BO;G205;108,24;329,9
Nord Ovest;Lombardia;MI;G206;1;12,75
Isole;Sardegna;CA;G207;0;0
Isole;Sicilia;TP;G208;4;18,47
Isole;Sicilia;ME;G209;5;3
Sud;Abruzzo;AQ;G210;4;6
Isole;Sicilia;SR;G211;19,39;46,11
Centro;Umbria;PG;G212;3;4
Nord Ovest;Lombardia;BS;G213;17,99;163,52
Nord Ovest;Piemonte;AL;G215;0;1
Nord Ovest;Lombardia;BS;G217;1;16
Nord Ovest;Lombardia;LC;G218;5,54;41,94
Nord Ovest;Lombardia;MI;G220;184,54;618,12
Nord Ovest;Lombardia;CR;G222;1,5;9,5
Nord Ovest;Lombardia;LC;G223;20,67;69,34
Nord Est;Veneto;PD;G224;471,99;3397,67
Isole;Sardegna;SS;G225;0;0
Sud;Campania;SA;G226;6;9
Sud;Campania;BN;G227;3,75;0
Nord Ovest;Piemonte;CN;G228;13,57;27,37
Nord Est;Veneto;TV;G229;49,31;268,34
Sud;Campania;SA;G230;15,83;137,06
Centro;Lazio;RI;G232;7;1
Nord Ovest;Lombardia;BG;G233;1;13,5
Isole;Sicilia;ME;G234;1;1
Sud;Abruzzo;CH;G237;2;7
Nord Est;Friuli- Venezia Giulia;UD;G238;4,9;61,15
Nord Ovest;Piemonte;CN;G240;1;3
Nord Ovest;Lombardia;LC;G241;2;1
Sud;Campania;AV;G242;2;0
Sud;Campania;BN;G243;5,2;2
Nord Ovest;Lombardia;BS;G247;4;2
Nord Ovest;Lombardia;BS;G248;1;22
Nord Ovest;Lombardia;BG;G249;7,5;40,54
Nord Est;Emilia-Romagna;MO;G250;5,78;22,42
Sud;Puglia;TA;G251;14,59;24,75
Sud;Puglia;TA;G252;28,38;47,17
Isole;Sicilia;CT;G253;3;29,38
Centro;Toscana;PI;G254;13,6;16
Nord Est;Emilia-Romagna;PR;G255;4;12,5
Sud;Molise;CB;G257;1;5
Isole;Sardegna;SS;G258;15,33;56,33
Nord Ovest;Lombardia;BG;G259;5;52,05
Nord Ovest;Lombardia;CR;G260;1;58,2
Sud;Basilicata;PZ;G261;4;8
Nord Ovest;Piemonte;TO;G262;0;5
Isole;Sicilia;PA;G263;4,89;0
Nord Ovest;Lombardia;BS;G264;20;203,24
Nord Ovest;Piemonte;VC;G266;3,5;9,5
Isole;Sicilia;SR;G267;13,5;33,33
Nord Est;Friuli- Venezia Giulia;UD;G268;1;12,33
Centro;Toscana;FI;G270;6;9,75
Sud;Abruzzo;CH;G271;8;6,61
Sud;Calabria;CZ;G272;0;0
Isole;Sicilia;PA;G273;404,76;1162,99
Centro;Lazio;RM;G274;47,77;85,34
Nord Ovest;Lombardia;PV;G275;5;11
Centro;Lazio;FR;G276;12,86;3,53
Sud;Calabria;RC;G277;0,5;0,5
Sud;Calabria;KR;G278;0;1
Nord Ovest;Piemonte;VB;G280;1;1,25
Nord Ovest;Liguria;SV;G281;2;2
Isole;Sicilia;AG;G282;21,24;9,5
Sud;Campania;NA;G283;17,17;25,34
Nord Est;Friuli- Venezia Giulia;UD;G284;18,5;54,83
Sud;Puglia;LE;G285;0;1
Isole;Sardegna;OR;G286;0;0
Isole;Sardegna;CA;G287;3,83;0
Sud;Calabria;RC;G288;2;12,33
Centro;Marche;AP;G289;0;0
Sud;Abruzzo;CH;G290;1;2
Sud;Puglia;BA;G291;25,31;101,39
Sud;Campania;SA;G292;5;4
Centro;Lazio;RM;G293;37,5;26
Sud;Abruzzo;CH;G294;3;5
Nord Ovest;Lombardia;BG;G295;6;51,92
Nord Est;Veneto;VR;G297;0;6
Sud;Calabria;CS;G298;2;0
Nord Est;Friuli- Venezia Giulia;UD;G300;3,67;3,92
Nord Ovest;Piemonte;CN;G302;11;15,5
Nord Ovest;Piemonte;TO;G303;8;16
Nord Ovest;Lombardia;PV;G304;2;2
Nord Ovest;Lombardia;CR;G306;7;82,48
Sud;Calabria;CS;G307;1;0
Centro;Umbria;PG;G308;13,06;24
Sud;Campania;NA;G309;53,79;118,86
Sud;Campania;BN;G311;5;0
Sud;Puglia;FG;G312;0;0
Isole;Sicilia;TP;G315;36,18;7
Nord Ovest;Lombardia;MI;G316;16,42;70,89
Sud;Calabria;CS;G317;21,99;18,92
Sud;Campania;BN;G318;1;3
Isole;Sicilia;TP;G319;6,42;26,17
Sud;Calabria;CS;G320;2;0
Nord Est;Veneto;RO;G323;1,5;12,73
Nord Ovest;Lombardia;MI;G324;103,45;389,59
Sud;Puglia;LE;G325;9,38;28,75
Nord Ovest;Lombardia;BS;G327;11;97
Nord Ovest;Piemonte;TO;G330;0;0
Sud;Calabria;CS;G331;6,88;4
Sud;Campania;CE;G333;6;67,68
Nord Ovest;Piemonte;AL;G334;1;1
Sud;Calabria;VV;G335;0;2
Nord Ovest;Lombardia;LC;G336;0;0
Nord Est;Emilia-Romagna;PR;G337;967,57;2495,89
Nord Ovest;Piemonte;AL;G338;0;3
Nord Ovest;Piemonte;CN;G339;1;2
Sud;Campania;AV;G340;1;0
Nord Ovest;Lombardia;PV;G342;1;25,5
Centro;Umbria;TR;G344;7;4
Nord Ovest;Lombardia;BG;G346;0;21,77
Isole;Sicilia;TP;G347;11,08;36,2
Isole;Sicilia;PA;G348;11,94;15,17
Nord Ovest;Piemonte;NO;G349;1;18
Nord Ovest;Lombardia;BG;G350;2;11
Nord Est;Friuli- Venezia Giulia;UD;G352;28,1;104,71
Nord Est;Friuli- Venezia Giulia;PN;G353;16,05;62
Nord Ovest;Lombardia;BS;G354;1,25;4,5
Nord Ovest;Piemonte;AT;G358;0;2,67
Centro;Umbria;PG;G359;14;64,33
Nord Ovest;Lombardia;BS;G361;8;63
Centro;Lazio;FR;G362;2;2
Sud;Campania;CE;G364;1;6,5
Nord Est;Veneto;VR;G365;5;37,67
Nord Ovest;Piemonte;AL;G367;2;10
Nord Ovest;Lombardia;LC;G368;5,5;19,05
Sud;Campania;AV;G370;1,5;1
Isole;Sicilia;CT;G371;45,7;125,16
Sud;Calabria;CS;G372;0;1
Centro;Lazio;FR;G374;1;4
Isole;Sardegna;SS;G376;1;13
Isole;Sicilia;ME;G377;27,41;12
Sud;Puglia;LE;G378;4;4
Isole;Sardegna;OR;G379;0;0
Nord Est;Friuli- Venezia Giulia;UD;G381;1,8;7,5
Isole;Sardegna;CA;G382;0;0
Isole;Sardegna;CA;G383;0;0
Isole;Sardegna;OR;G384;3,33;1
Nord Ovest;Lombardia;MI;G385;32,5;236,07
Sud;Campania;BN;G386;0;1
Nord Ovest;Piemonte;TO;G387;3;12
Nord Ovest;Lombardia;PV;G388;262,92;746,49
Nord Est;Friuli- Venezia Giulia;UD;G389;11;52
Nord Ovest;Lombardia;BS;G391;4,5;13
Nord Ovest;Piemonte;TO;G392;13;23,5
Nord Est;Emilia-Romagna;MO;G393;63,54;191,61
Sud;Calabria;RC;G394;2;0
Centro;Toscana;PI;G395;9,11;17,72
Nord Ovest;Piemonte;AL;G397;3;10,85
Nord Ovest;Piemonte;TO;G398;19,02;33,47
Isole;Sicilia;CT;G402;6,53;83,01
Centro;Marche;AP;G403;7;31,33
Nord Est;Veneto;BL;G404;17,51;25,5
Nord Ovest;Lombardia;BS;G407;3,33;33,89
Nord Est;Veneto;TV;G408;4;64,84
Nord Ovest;Lombardia;SO;G410;1;1
Sud;Calabria;CS;G411;0;0
Nord Ovest;Lombardia;BG;G412;5;78,6
Nord Ovest;Lombardia;CO;G415;2;0
Centro;Marche;PS;G416;1,5;7
Nord Ovest;Lombardia;MN;G417;3,5;64,65
Nord Ovest;Lombardia;BG;G418;2;17,35
Centro;Toscana;FI;G420;20,68;48,76
Nord Ovest;Piemonte;NO;G421;7;29
Nord Est;Emilia-Romagna;PR;G424;5,25;10,5
Sud;Campania;SA;G426;25;69
Nord Ovest;Piemonte;AT;G430;0;2
Nord Ovest;Lombardia;SO;G431;7,5;5,75
Centro;Umbria;TR;G432;10;1
Nord Est;Emilia-Romagna;RN;G433;2;10,5
Sud;Abruzzo;CH;G434;1;0
Sud;Abruzzo;CH;G435;0;0
Centro;Marche;MC;G436;5;1
Sud;Abruzzo;TE;G437;5;8
Sud;Abruzzo;PE;G438;11;22,75
Sud;Calabria;CZ;G439;6;2
Sud;Abruzzo;CH;G441;0;1
Nord Est;Veneto;BL;G442;1;11
Centro;Lazio;RM;G444;1,67;0,33
Isole;Sardegna;NU;G445;1;1
Isole;Sardegna;CA;G446;0;0
Sud;Campania;SA;G447;3;0,83
Sud;Abruzzo;AQ;G449;1,33;2
Isole;Sardegna;SS;G450;0;2
Centro;Marche;PS;G453;13;18
Nord Ovest;Liguria;IM;G454;17,5;6,17
Sud;Campania;SA;G455;0;0
Nord Ovest;Lombardia;LC;G456;14,18;31,5
Nord Ovest;Piemonte;CN;G457;1;3
Nord Ovest;Piemonte;CN;G458;0;2
Nord Ovest;Valle d'Aosta;AO;G459;12,5;2
Nord Est;Veneto;PD;G461;1,62;32,47
Nord Ovest;Piemonte;TO;G462;0;1,5
Nord Ovest;Piemonte;TO;G463;16;34,8
Nord Ovest;Piemonte;TO;G465;5;4
Nord Est;Emilia-Romagna;BO;G467;72,04;360,84
Nord Ovest;Lombardia;CR;G469;14;40
Nord Ovest;Piemonte;VC;G471;0;4,63
Nord Ovest;Lombardia;BS;G474;1;0
Nord Ovest;Lombardia;BS;G475;2;0
Sud;Campania;SA;G476;2;1
Nord Ovest;Piemonte;TO;G477;2;10
Centro;Umbria;PG;G478;389,2;1348,75
Centro;Marche;PS;G479;268,6;684,33
Centro;Toscana;LU;G480;8;9,25
Nord Est;Veneto;VR;G481;52,73;225,08
Sud;Abruzzo;PE;G482;234,81;861,53
Nord Ovest;Lombardia;CR;G483;0;7,5
Sud;Abruzzo;AQ;G484;7;12,08
Nord Ovest;Lombardia;LC;G485;1,17;23,42
Sud;Molise;IS;G486;0;1
Sud;Puglia;FG;G487;9,5;20
Nord Ovest;Lombardia;MI;G488;114,14;587,28
Nord Est;Veneto;VR;G489;24,63;258,3
Centro;Toscana;PT;G491;32,5;154,19
Sud;Abruzzo;AQ;G492;7;7
Sud;Abruzzo;AQ;G493;15,66;30
Sud;Campania;BN;G494;2;2
Sud;Molise;IS;G495;0;1
Sud;Basilicata;PZ;G496;6,47;1,58
Sud;Molise;IS;G497;0;1
Centro;Lazio;RI;G498;7,33;6,5
Sud;Abruzzo;PE;G499;0;0
Centro;Lazio;FR;G500;2;2
Nord Ovest;Lombardia;MI;G502;22,5;102,66
Nord Ovest;Lombardia;CR;G504;0;3
Nord Ovest;Piemonte;TO;G505;3;3
Sud;Molise;CB;G506;5;21,5
Centro;Lazio;RI;G507;4;0
Sud;Calabria;KR;G508;13;2
Sud;Campania;SA;G509;0;4
Isole;Sicilia;PA;G510;9,17;1
Isole;Sicilia;PA;G511;15,17;2
Sud;Molise;CB;G512;1,92;5
Centro;Lazio;RI;G513;15,08;10,17
Centro;Marche;PS;G514;1;5,5
Centro;Marche;MC;G515;4,67;3,67
Centro;Marche;AP;G516;1;7
Sud;Calabria;CZ;G517;2,66;2
Sud;Calabria;CZ;G518;2;1,5
Sud;Campania;AV;G519;0;1
Nord Ovest;Piemonte;NO;G520;2;11,57
Nord Ovest;Piemonte;BI;G521;6;7,67
Isole;Sicilia;ME;G522;5;2
Sud;Molise;IS;G523;0;3
Sud;Abruzzo;AQ;G524;2;3,5
Nord Est;Veneto;RO;G525;0;6,46
Nord Ovest;Piemonte;CN;G526;25,69;45
Nord Ovest;Piemonte;VC;G528;9;20,5
Nord Ovest;Lombardia;BS;G529;2;4
Nord Ovest;Piemonte;CN;G532;1;4
Nord Est;Veneto;PD;G534;0;11
Nord Est;Emilia-Romagna;PC;G535;371,5;1363,17
Sud;Campania;SA;G538;2,66;1
Sud;Campania;SA;G540;1;1
Sud;Campania;CE;G541;0;0
Nord Ovest;Liguria;SV;G542;5,5;6,5
Isole;Sicilia;PA;G543;12;8,25
Nord Ovest;Valle d'Aosta;AO;G545;4;0
Nord Ovest;Lombardia;BS;G546;8;57
Centro;Toscana;SI;G547;12,35;21
Nord Ovest;Lombardia;BS;G549;5,8;34,5
Centro;Marche;PS;G551;0,13;5,31
Sud;Calabria;CS;G553;0;0
Sud;Abruzzo;PE;G555;14,25;49,93
Nord Ovest;Lombardia;CO;G556;13,58;15,2
Nord Est;Emilia-Romagna;PC;G557;4;15
Nord Ovest;Lombardia;CR;G558;5;30,17
Nord Ovest;Piemonte;TO;G559;77,42;170,7
Nord Est;Veneto;VI;G560;6;12
Nord Ovest;Piemonte;CN;G561;3,5;11
Nord Ovest;Lombardia;BG;G564;0;5
Nord Est;Veneto;VE;G565;5,3;147,92
Nord Est;Emilia-Romagna;BO;G566;15,02;31,5
Sud;Campania;NA;G568;17;30,5
Nord Est;Emilia-Romagna;BO;G570;80,66;289,09
Centro;Lazio;VT;G571;13,5;6
Nord Ovest;Lombardia;SO;G572;3;3
Nord Ovest;Lombardia;BG;G574;1;6,17
Nord Ovest;Piemonte;CN;G575;14;23
Nord Ovest;Lombardia;SO;G576;13,07;11,75
Nord Ovest;Piemonte;BI;G577;3;5
Nord Ovest;Lombardia;BG;G579;2;19,58
Isole;Sicilia;EN;G580;40,33;73,39
Centro;Toscana;LU;G582;3;5
Nord Ovest;Lombardia;BG;G583;2;30,83
Nord Est;Veneto;PD;G587;14;115
Nord Ovest;Lombardia;BG;G588;0;7,33
Sud;Abruzzo;PE;G589;2;1,78
Sud;Basilicata;PZ;G590;8,5;2
Centro;Lazio;FR;G591;2;4
Centro;Lazio;FR;G592;1;0
Nord Ovest;Piemonte;AT;G593;1;6
Nord Ovest;Piemonte;BI;G594;1;2
Sud;Campania;CE;G596;9,33;7
Isole;Sicilia;CT;G597;19;9,5
Centro;Lazio;FR;G598;9;22
Nord Ovest;Piemonte;VB;G600;0;4,5
Centro;Umbria;PG;G601;9,06;14
Centro;Toscana;SI;G602;5,67;13,67
Nord Ovest;Lombardia;CR;G603;0;13,5
Sud;Puglia;FG;G604;3,89;0,18
Nord Ovest;Liguria;SV;G605;116,91;324,76
Sud;Molise;IS;G606;2;0
Nord Ovest;Liguria;IM;G607;6,5;2
Sud;Abruzzo;TE;G608;3;2,33
Sud;Molise;CB;G609;2;2
Sud;Molise;CB;G610;0;0
Sud;Campania;AV;G611;2,04;5,08
Nord Ovest;Lombardia;PV;G612;0;6
Sud;Abruzzo;CH;G613;0;0
Sud;Basilicata;PZ;G614;11,25;0
Sud;Calabria;CS;G615;0;0
Sud;Basilicata;PZ;G616;7,66;9,16
Centro;Umbria;PG;G618;7,67;5,67
Nord Ovest;Piemonte;AL;G619;2;7
Sud;Campania;CE;G620;4,67;5
Sud;Abruzzo;PE;G621;0;0
Sud;Calabria;CS;G622;2;6
Sud;Basilicata;PZ;G623;2,94;2
Isole;Sicilia;EN;G624;8;20
Nord Ovest;Piemonte;CN;G625;0;1
Sud;Campania;BN;G626;0;0
Centro;Marche;PS;G627;1,5;1,5
Centro;Toscana;LU;G628;42,51;89,78
Sud;Campania;AV;G629;1,5;5
Sud;Campania;CE;G630;5,34;4,5
Sud;Campania;BN;G631;4;1
Nord Ovest;Liguria;IM;G632;5;2,5
Nord Ovest;Lombardia;MI;G634;30,5;190,47
Nord Ovest;Lombardia;PV;G635;0;5
Centro;Toscana;PT;G636;9,76;57,27
Nord Ovest;Lombardia;PV;G639;2;12
Nord Est;Veneto;BL;G642;20,21;60,03
Nord Est;Emilia-Romagna;BO;G643;20;68,59
Nord Est;Veneto;TV;G645;27,14;122,16
Nord Ovest;Liguria;GE;G646;6;48
Nord Ovest;Lombardia;CR;G647;1;10
Centro;Toscana;LU;G648;5,75;8
Nord Est;Emilia-Romagna;MO;G649;3,56;28,92
Nord Ovest;Lombardia;PV;G650;8;15,34
Nord Ovest;Lombardia;CR;G651;2;8,5
Centro;Toscana;AR;G653;6,5;10
Centro;Marche;MC;G657;2;0
Nord Ovest;Piemonte;VB;G658;12,67;9
Centro;Lazio;FR;G659;18;9
Nord Ovest;Liguria;IM;G660;11;1
Sud;Campania;CE;G661;3;7,17
Centro;Lazio;FR;G662;0;0
Sud;Basilicata;PZ;G663;7;10,5
Nord Ovest;Liguria;SP;G664;3;6
Nord Ovest;Lombardia;CO;G665;0;4
Nord Ovest;Piemonte;VC;G666;2;2
Isole;Sardegna;CA;G669;0;0
Sud;Campania;NA;G670;2,33;2
Nord Ovest;Lombardia;PV;G671;1;21
Nord Ovest;Piemonte;TO;G672;17;27,5
Nord Est;Veneto;RO;G673;0;2
Nord Ovest;Piemonte;TO;G674;198,43;391,26
Nord Ovest;Piemonte;AT;G676;0;2
Nord Ovest;Piemonte;TO;G678;40,19;102,15
Nord Est;Friuli- Venezia Giulia;PN;G680;4;9
Centro;Marche;PS;G682;3;4
Nord Ovest;Piemonte;CN;G683;1;14,13
Nord Ovest;Piemonte;TO;G684;13;39,18
Nord Ovest;Piemonte;VC;G685;2;5
Nord Ovest;Lombardia;MI;G686;101,1;444,54
Centro;Toscana;LI;G687;165,17;173,68
Nord Est;Veneto;PD;G688;4;53
Centro;Marche;MC;G690;0;1
Nord Ovest;Piemonte;TO;G691;74;200,98
Nord Ovest;Piemonte;AT;G692;0;2
Nord Est;Veneto;PD;G693;13,2;222,54
Nord Est;Veneto;VI;G694;22,32;108,08
Nord Est;Emilia-Romagna;PC;G696;2;8
Nord Ovest;Piemonte;CN;G697;0;10
Centro;Lazio;LT;G698;17,14;29,33
Isole;Sicilia;ME;G699;16,5;2
Centro;Toscana;PI;G702;303,74;721,62
Nord Ovest;Piemonte;NO;G703;2;9,5
Centro;Lazio;RM;G704;3,33;1,89
Nord Ovest;Piemonte;TO;G705;21,3;29,3
Sud;Campania;SA;G707;5,75;1
Nord Ovest;Lombardia;BS;G710;13,75;71,91
Sud;Basilicata;MT;G712;41,81;58
Centro;Toscana;PT;G713;130,21;468,39
Centro;Toscana;GR;G716;13,5;24,83
Nord Ovest;Lombardia;MN;G717;2;15
Nord Ovest;Lombardia;SO;G718;11,41;10,33
Nord Ovest;Piemonte;TO;G719;2;4
Nord Ovest;Lombardia;PV;G720;4;7
Nord Ovest;Lombardia;CR;G721;13;75,06
Sud;Calabria;VV;G722;8;32,5
Sud;Abruzzo;CH;G724;20,09;11,66
Sud;Abruzzo;AQ;G726;5,17;15,17
Sud;Molise;IS;G727;4;0
Sud;Calabria;VV;G728;2,17;0
Sud;Calabria;RC;G729;0;0
Sud;Calabria;CS;G733;0;0
Sud;Calabria;CZ;G734;2;5
Sud;Calabria;RC;G735;1;1
Nord Est;Friuli- Venezia Giulia;UD;G736;2;6
Nord Ovest;Lombardia;CO;G737;11,5;16
Isole;Sardegna;SS;G740;8;6
Nord Ovest;Liguria;SV;G741;1;2,5
Nord Ovest;Piemonte;CN;G742;7;27
Nord Est;Friuli- Venezia Giulia;UD;G743;4,5;16
Centro;Toscana;MS;G746;11,4;4
Nord Est;Emilia-Romagna;PC;G747;11,5;101,99
Centro;Lazio;FR;G749;2;0
Sud;Puglia;LE;G751;8,5;8,33
Centro;Toscana;SI;G752;46,92;189,37
Nord Ovest;Lombardia;MN;G753;6,67;62,84
Centro;Toscana;PO;G754;11,5;71,19
Centro;Lazio;RI;G756;1,86;4,12
Centro;Lazio;RI;G757;9,83;3
Centro;Umbria;PG;G758;0;1
Sud;Abruzzo;CH;G760;0;2
Sud;Puglia;FG;G761;0,83;3
Sud;Campania;NA;G762;19,51;51,5
Centro;Lazio;RI;G763;18;29,09
Centro;Lazio;RI;G764;9;4
Centro;Lazio;RI;G765;5;17
Sud;Abruzzo;AQ;G766;1;2
Isole;Sicilia;TP;G767;3;3
Nord Est;Emilia-Romagna;FE;G768;11;133,43
Sud;Puglia;BA;G769;6;4
Centro;Lazio;RI;G770;1;1
Centro;Marche;AN;G771;3;5
Nord Ovest;Lombardia;MI;G772;31,67;95,92
Nord Ovest;Lombardia;CO;G773;4,8;4
Nord Ovest;Lombardia;BG;G774;0,38;13,61
Nord Ovest;Piemonte;NO;G775;0;2,78
Nord Est;Veneto;VI;G776;5;29,34
Nord Ovest;Piemonte;TO;G777;27,88;113,33
Nord Ovest;Lombardia;BS;G779;3,67;13,75
Nord Est;Friuli- Venezia Giulia;PN;G780;6,5;30,44
Nord Est;Veneto;RO;G782;7;40,25
Centro;Lazio;RM;G784;5;3
Sud;Calabria;VV;G785;0;1
Sud;Basilicata;MT;G786;18,65;80,75
Sud;Puglia;BA;G787;75,3;109,97
Nord Est;Emilia-Romagna;PC;G788;0;0,5
Nord Est;Emilia-Romagna;MO;G789;8;12,83
Centro;Umbria;TR;G790;1;1
Sud;Calabria;RC;G791;3;11,8
Isole;Sicilia;PA;G792;6;1
Sud;Campania;SA;G793;7;7
Nord Ovest;Valle d'Aosta;AO;G794;4,67;8
Sud;Campania;NA;G795;20,42;19,75
Sud;Campania;SA;G796;11,34;28
Isole;Sicilia;PA;G797;16,84;10,5
Nord Ovest;Piemonte;BI;G798;3;12,5
Sud;Abruzzo;CH;G799;3,5;4
Nord Ovest;Piemonte;CN;G800;0;10
Nord Ovest;Lombardia;BS;G801;6,95;132,46
Nord Est;Veneto;PD;G802;0,5;41,53
Centro;Marche;AN;G803;6;52,5
Centro;Toscana;PI;G804;23,19;17,11
Nord Ovest;Piemonte;TO;G805;9;12
Sud;Basilicata;MT;G806;11;8,1
Nord Ovest;Piemonte;AL;G807;0;3
Nord Ovest;Piemonte;NO;G809;4;25,5
Centro;Lazio;RM;G811;225,29;744,85
Sud;Campania;NA;G812;69,19;207,51
Sud;Campania;NA;G813;19,88;24,33
Nord Ovest;Liguria;IM;G814;6,08;6,08
Nord Ovest;Lombardia;BS;G815;0;34,25
Nord Ovest;Lombardia;MN;G816;1;5,5
Isole;Sardegna;OR;G817;0;0
Nord Ovest;Lombardia;BS;G818;9,09;55,66
Nord Ovest;Piemonte;BI;G820;17,75;45
Nord Ovest;Lombardia;CO;G821;0,75;2,97
Centro;Toscana;PI;G822;35,66;122,88
Nord Est;Veneto;PD;G823;2;16,92
Centro;Toscana;FI;G825;42,69;91,92
Nord Ovest;Piemonte;TO;G826;14;24
Sud;Campania;BN;G827;2;2
Nord Ovest;Lombardia;SO;G829;7,73;10,4
Nord Est;Friuli- Venezia Giulia;UD;G831;1;4,33
Centro;Toscana;PT;G833;13,5;53,17
Sud;Campania;SA;G834;37,34;121,59
Nord Est;Veneto;RO;G836;1;23,5
Nord Ovest;Piemonte;CN;G837;8,02;20,68
Centro;Lazio;FR;G838;9;4,5
Nord Ovest;Piemonte;AL;G839;8;41
Nord Ovest;Liguria;IM;G840;10,5;3
Nord Est;Emilia-Romagna;PC;G842;6;33,34
Centro;Toscana;PI;G843;98,61;223,66
Nord Ovest;Lombardia;BS;G844;42,74;182,21
Nord Est;Veneto;TV;G846;6,08;116,5
Nord Ovest;Lombardia;CO;G847;7,09;37
Sud;Campania;BN;G848;4,08;1
Sud;Campania;CE;G849;2;2
Nord Est;Veneto;PD;G850;1;42,4
Nord Ovest;Lombardia;PV;G851;2;2
Nord Est;Emilia-Romagna;PC;G852;7,33;88,67
Nord Ovest;Lombardia;BG;G853;13;74,75
Nord Ovest;Valle d'Aosta;AO;G854;13,17;12
Nord Est;Veneto;PD;G855;8;183,53
Nord Ovest;Lombardia;BG;G856;18,05;145,17
Nord Ovest;Piemonte;AL;G858;4;7
Nord Ovest;Lombardia;BS;G859;5,66;43,91
Nord Ovest;Valle d'Aosta;AO;G860;1,5;11
Nord Ovest;Piemonte;AL;G861;1;1
Nord Ovest;Lombardia;MN;G862;1,02;14
Nord Ovest;Lombardia;BG;G864;10,5;51
Centro;Lazio;LT;G865;15,01;43,2
Nord Ovest;Liguria;SV;G866;2,67;6
Nord Ovest;Lombardia;BG;G867;3;56
Nord Ovest;Lombardia;BS;G869;7;44,5
Centro;Toscana;MS;G870;32,06;35,75
Centro;Lazio;LT;G871;6;0
Nord Ovest;Piemonte;AL;G872;1;5
Centro;Marche;AP;G873;2;6
Centro;Lazio;RM;G874;6;3
Nord Est;Veneto;TV;G875;14,06;180,17
Nord Ovest;Piemonte;AL;G877;14;14,67
Sud;Abruzzo;PE;G878;3,5;17,67
Centro;Toscana;AR;G879;8;17,81
Centro;Umbria;TR;G881;3,5;7,5
Centro;Toscana;LU;G882;3,5;54,44
Nord Est;Friuli- Venezia Giulia;PN;G886;32;135,47
Sud;Campania;SA;G887;1;1,5
Nord Est;Friuli- Venezia Giulia;PN;G888;355,79;756,84
Nord Ovest;Lombardia;CO;G889;8,25;55,64
Nord Ovest;Liguria;IM;G890;2;1
Nord Est;Friuli- Venezia Giulia;UD;G891;2;8
Nord Ovest;Piemonte;AT;G894;0,29;6,75
Nord Ovest;Lombardia;PV;G895;1;11
Nord Ovest;Piemonte;TO;G900;3;6,5
Sud;Campania;NA;G902;36,18;176,17
Sud;Campania;CE;G903;6;23
Nord Est;Emilia-Romagna;FO;G904;0,5;3
Sud;Calabria;RC;G905;2;0
Nord Ovest;Lombardia;VA;G906;5,5;26,34
Nord Ovest;Lombardia;VA;G907;16,33;53,83
Nord Est;Veneto;TV;G909;0;1,5
Sud;Molise;CB;G910;1;5,5
Centro;Toscana;LI;G912;17,38;45,83
Nord Ovest;Liguria;GE;G913;5;2
Nord Est;Veneto;VE;G914;37,6;259,09
Nord Est;Emilia-Romagna;FE;G916;11;113,61
Nord Ovest;Lombardia;MN;G917;10;212,67
Centro;Marche;MC;G919;38,06;252,1
Centro;Marche;AP;G920;34;83,67
Centro;Marche;AP;G921;45,72;122,4
Isole;Sardegna;CA;G922;1,94;5,75
Nord Est;Veneto;RO;G923;6,25;61,79
Isole;Sardegna;SS;G924;32,5;114,56
Nord Ovest;Liguria;SP;G925;15,64;17,95
Nord Est;Veneto;RO;G926;4;88,31
Nord Ovest;Piemonte;BI;G927;0,5;6,5
Isole;Sardegna;NU;G929;2,92;5
Nord Est;Veneto;VI;G931;4;5,5
Sud;Campania;SA;G932;2;3
Nord Est;Veneto;TV;G933;4;10,99
Centro;Lazio;RI;G934;3;2
Centro;Lazio;FR;G935;0;0
Nord Ovest;Lombardia;SO;G937;1;2
Sud;Campania;SA;G939;3;7
Nord Ovest;Piemonte;VC;G940;1;0,33
Sud;Basilicata;PZ;G942;135,34;241,22
Nord Est;Veneto;VI;G943;1;16,5
Nord Est;Veneto;TV;G944;4,42;54,25
Nord Est;Veneto;VR;G945;16,5;84,67
Nord Est;Emilia-Romagna;RE;G947;2;75,13
Nord Est;Friuli- Venezia Giulia;UD;G949;5,33;33,83
Centro;Lazio;RI;G951;3;1
Isole;Sicilia;RG;G953;3;62,22
Sud;Molise;IS;G954;1;4
Nord Ovest;Lombardia;MI;G955;23,5;144,49
Nord Est;Veneto;VI;G957;2,1;17,89
Nord Ovest;Lombardia;BS;G959;5;42,5
Nord Ovest;Piemonte;AL;G960;2;2
Nord Ovest;Piemonte;AL;G961;5;27,17
Isole;Sardegna;SS;G962;1;5,17
Nord Est;Veneto;PD;G963;0;15
Sud;Campania;NA;G964;42,26;72,55
Nord Ovest;Lombardia;MI;G965;31,44;114,12
Nord Est;Friuli- Venezia Giulia;UD;G966;14,83;67,36
Nord Ovest;Lombardia;BG;G968;13,17;46,15
Nord Est;Friuli- Venezia Giulia;UD;G969;7;51
Nord Ovest;Piemonte;CN;G970;3;3
Nord Est;Emilia-Romagna;BO;G972;59,75;157,35
Nord Ovest;Piemonte;TO;G973;12;81,65
Nord Ovest;Piemonte;BI;G974;11;15,5
Sud;Calabria;CS;G975;20;21,34
Sud;Campania;SA;G976;1;0
Nord Ovest;Lombardia;BS;G977;3,5;24,46
Nord Ovest;Piemonte;TO;G978;12;25,04
Nord Ovest;Piemonte;TO;G979;2;14
Nord Ovest;Piemonte;BI;G980;12;7
Nord Est;Veneto;VE;G981;3;45,5
Nord Ovest;Piemonte;TO;G982;6;4
Nord Ovest;Piemonte;VC;G985;1;10
Nord Ovest;Piemonte;TO;G986;2,34;13,67
Nord Ovest;Piemonte;AL;G987;1;2
Nord Ovest;Piemonte;TO;G988;2;4
Sud;Campania;AV;G990;3,16;8,2
Sud;Campania;CE;G991;0;0
Sud;Abruzzo;AQ;G992;2;2
Nord Ovest;Lombardia;SO;G993;16,01;13,09
Nord Est;Friuli- Venezia Giulia;PN;G994;17;78,5
Sud;Campania;CE;G995;1;0
Nord Ovest;Piemonte;TO;G997;1;5
Centro;Toscana;PO;G999;441;1628,3
Nord Ovest;Piemonte;NO;H001;6,5;8
Nord Est;Friuli- Venezia Giulia;UD;H002;3;2,75
Sud;Campania;AV;H006;2;13,5
Sud;Abruzzo;AQ;H007;6,75;12
Nord Est;Friuli- Venezia Giulia;PN;H010;1;28
Nord Ovest;Piemonte;CN;H011;4;4,79
Sud;Calabria;RC;H013;0;0
Nord Est;Friuli- Venezia Giulia;UD;H014;8;9,33
Centro;Umbria;PG;H015;2,5;2
Nord Est;Emilia-Romagna;FO;H017;18,63;33,59
Nord Ovest;Lombardia;BG;H020;3,5;18,33
Nord Ovest;Piemonte;AL;H021;2;6,5
Nord Est;Veneto;TV;H022;28,03;223,42
Nord Ovest;Lombardia;MI;H026;17,99;93,74
Nord Ovest;Liguria;IM;H027;4;0,67
Nord Ovest;Lombardia;LC;H028;5,32;10
Nord Est;Friuli- Venezia Giulia;UD;H029;3;19,4
Nord Ovest;Piemonte;VB;H030;9,5;23
Nord Ovest;Piemonte;VB;H033;1;2,64
Nord Est;Emilia-Romagna;FO;H034;1;6,5
Nord Ovest;Lombardia;BG;H036;5;13
Nord Ovest;Piemonte;VB;H037;8;6,51
Nord Est;Friuli- Venezia Giulia;UD;H038;0;1,6
Nord Est;Friuli- Venezia Giulia;UD;H040;0;1
Nord Ovest;Valle d'Aosta;AO;H042;36,33;53,26
Nord Ovest;Lombardia;BS;H043;0;1
Sud;Campania;CE;H045;0;0
Nord Ovest;Lombardia;BG;H046;11,67;61,17
Nord Est;Veneto;VR;H048;1;14,5
Sud;Abruzzo;CH;H052;2;0
Nord Ovest;Lombardia;BS;H055;4,1;60,57
Sud;Abruzzo;AQ;H056;0;1
Nord Ovest;Piemonte;CN;H059;1;5
Nord Est;Emilia-Romagna;MO;H061;14,19;28,78
Sud;Campania;SA;H062;5;1
Nord Ovest;Lombardia;LC;H063;5,05;9,27
Nord Ovest;Piemonte;CN;H068;1,5;5
Nord Ovest;Piemonte;CN;H069;0;3
Isole;Sicilia;PA;H070;19,29;3,13
Centro;Lazio;VT;H071;2;2
Sud;Campania;NA;H072;16,06;2,66
Nord Ovest;Liguria;GE;H073;2;0
Nord Ovest;Lombardia;CO;H074;5;9,5
Centro;Lazio;LT;H076;1;1,5
Nord Ovest;Lombardia;BS;H077;1;4
Nord Ovest;Lombardia;BS;H078;11,83;61,11
Sud;Molise;CB;H083;1;0
Nord Ovest;Piemonte;CN;H085;1;1
Nord Ovest;Lombardia;BS;H086;3,58;69,45
Sud;Campania;BN;H087;1;1
Isole;Sardegna;CA;H088;2,5;31
Nord Est;Friuli- Venezia Giulia;UD;H089;0;3
Sud;Puglia;TA;H090;9;36,69
Nord Ovest;Lombardia;BG;H091;3;21
Nord Ovest;Lombardia;CO;H094;7,25;11,78
Isole;Sardegna;SS;H095;0;1
Sud;Puglia;BA;H096;60,16;161,84
Sud;Campania;AV;H097;1;8,22
Sud;Abruzzo;CH;H098;0;1,17
Nord Ovest;Piemonte;TO;H100;1;6
Sud;Campania;NA;H101;12,58;41,67
Nord Ovest;Piemonte;AT;H102;0;1
Nord Ovest;Piemonte;AL;H104;6;6
Nord Ovest;Piemonte;VB;H106;4;4,75
Nord Ovest;Piemonte;VB;H107;10,5;2,5
Nord Ovest;Piemonte;VC;H108;7,12;21
Centro;Toscana;PT;H109;33,33;180,74
Nord Ovest;Valle d'Aosta;AO;H110;21,76;36,33
Sud;Campania;NA;H114;40,5;207,43
Nord Est;Veneto;VE;H117;4;135,65
Isole;Sardegna;CA;H118;86;338,07
Isole;Sardegna;CA;H119;9,5;54
Nord Ovest;Piemonte;TO;H120;1;2
Nord Ovest;Piemonte;AL;H121;3;16
Nord Est;Emilia-Romagna;RE;H122;42;182,43
Nord Ovest;Liguria;SV;H126;26,85;17
Nord Ovest;Piemonte;TO;H127;8;4
Sud;Campania;AV;H128;0;0
Nord Ovest;Lombardia;MN;H129;0;7
Nord Ovest;Lombardia;CR;H130;0;11,5
Nord Est;Veneto;TV;H131;12;109,76
Nord Ovest;Piemonte;VC;H132;4,68;7
Nord Est;Veneto;VI;H134;3;84,61
Nord Ovest;Lombardia;BS;H140;4;47,13
Nord Ovest;Lombardia;MN;H143;1;31,17
Sud;Puglia;LE;H147;7;15,33
Isole;Sicilia;AG;H148;14,5;12,03
Nord Ovest;Piemonte;CN;H150;28,5;105,17
Isole;Sicilia;ME;H151;0;0
Centro;Toscana;SI;H153;3,54;5,09
Isole;Sicilia;CT;H154;2;5
Centro;Toscana;SI;H156;5;4
Centro;Toscana;SI;H157;4;0
Isole;Sicilia;AG;H159;9;7
Nord Est;Friuli- Venezia Giulia;UD;H161;1;8,33
Isole;Sicilia;RG;H163;109,44;460,71
Sud;Campania;CE;H165;1;2
Sud;Abruzzo;AQ;H166;9,25;10
Isole;Sicilia;CT;H168;11,01;12,76
Nord Ovest;Lombardia;VA;H173;0;4
Nord Ovest;Lombardia;VA;H174;4;25,17
Isole;Sicilia;CT;H175;20,17;22,75
Nord Ovest;Lombardia;BG;H176;4,25;74
Nord Ovest;Lombardia;BG;H177;0;36,56
Nord Ovest;Liguria;IM;H180;2,5;4
Centro;Marche;AP;H182;1;8
Nord Ovest;Liguria;GE;H183;225,02;403,78
Sud;Abruzzo;CH;H184;2;1
Centro;Toscana;SI;H185;17;44,34
Sud;Basilicata;PZ;H186;7,25;10,78
Sud;Basilicata;PZ;H187;6;2
Nord Ovest;Piemonte;VC;H188;0,33;1,04
Nord Ovest;Lombardia;SO;H192;2;0,33
Isole;Sicilia;AG;H194;7,67;15
Nord Est;Emilia-Romagna;MO;H195;4;99,5
Nord Est;Friuli- Venezia Giulia;UD;H196;5,5;19
Sud;Campania;SA;H198;10,38;1,5
Nord Est;Emilia-Romagna;RA;H199;433,3;1942,12
Nord Est;Friuli- Venezia Giulia;UD;H200;1;2,13
Sud;Campania;CE;H202;2;0
Nord Ovest;Piemonte;VB;H203;8;4
Nord Ovest;Lombardia;PV;H204;1;3
Isole;Sicilia;AG;H205;10,5;4,75
Nord Est;Friuli- Venezia Giulia;UD;H206;9,5;28,5
Nord Ovest;Piemonte;TO;H207;5;21,5
Sud;Campania;CE;H210;7;28,01
Centro;Marche;MC;H211;64,31;155,05
Nord Ovest;Liguria;GE;H212;43,06;91,09
Nord Ovest;Piemonte;NO;H213;0;8
Nord Est;Veneto;VI;H214;9;36,09
Nord Ovest;Lombardia;PV;H216;0;8
Nord Ovest;Lombardia;MN;H218;0;4
Nord Ovest;Piemonte;AT;H219;4;8
Nord Est;Veneto;TV;H220;1,5;5,83
Isole;Sicilia;EN;H221;10,97;17,94
Centro;Toscana;FI;H222;44,06;152,36
Nord Est;Emilia-Romagna;RE;H223;617,45;2296,86
Sud;Calabria;RC;H224;117,78;486,22
Nord Est;Emilia-Romagna;RE;H225;20;100,35
Sud;Campania;BN;H227;0;1
Isole;Sicilia;ME;H228;8;5,01
Nord Est;Friuli- Venezia Giulia;UD;H229;4;45,5
Nord Ovest;Lombardia;BS;H230;2;17,67
Nord Ovest;Lombardia;MI;H233;4,5;35
Sud;Calabria;CS;H235;90,22;164,69
Nord Est;Veneto;TV;H238;11,16;69,66
Nord Ovest;Lombardia;MI;H240;39,41;195,92
Nord Est;Friuli- Venezia Giulia;UD;H242;1;1,33
Sud;Campania;NA;H243;34,56;73
Nord Est;Friuli- Venezia Giulia;UD;H244;0,33;0
Isole;Sicilia;CL;H245;4;3,5
Nord Ovest;Lombardia;PV;H246;4;20
Nord Ovest;Piemonte;CN;H247;10,44;33,5
Nord Ovest;Piemonte;AT;H250;5;5
Nord Est;Veneto;TV;H253;8;9,5
Nord Ovest;Lombardia;CO;H255;2;2
Nord Ovest;Lombardia;BS;H256;27;189,46
Nord Ovest;Liguria;IM;H257;2,34;0,67
Nord Ovest;Liguria;GE;H258;2,25;0
Nord Ovest;Lombardia;CO;H259;0;0
Nord Ovest;Valle d'Aosta;AO;H262;5,09;1
Nord Ovest;Valle d'Aosta;AO;H263;2;0
Nord Ovest;Lombardia;MI;H264;218,42;616,32
Sud;Calabria;RC;H265;0;3
Nord Ovest;Liguria;SV;H266;1;6
Centro;Lazio;RM;H267;16,5;71,68
Sud;Campania;CE;H268;3,92;1,84
Isole;Sicilia;AG;H269;13;18,17
Nord Ovest;Piemonte;TO;H270;2;0,33
Sud;Calabria;VV;H271;11;2,5
Nord Ovest;Piemonte;AL;H272;0;3
Sud;Molise;CB;H273;1,33;6,67
Nord Est;Emilia-Romagna;RN;H274;90,36;573,67
Nord Ovest;Liguria;SP;H275;16,5;10,33
Nord Ovest;Lombardia;CR;H276;1;20,95
Sud;Campania;SA;H277;3;0,33
Nord Est;Veneto;TV;H280;3;72,76
Isole;Sicilia;CL;H281;4;17,89
Centro;Lazio;RI;H282;109,02;247,08
Nord Ovest;Piemonte;CN;H285;0;0
Centro;Toscana;FI;H286;19,78;67,53
Sud;Puglia;FG;H287;3;3
Centro;Lazio;RM;H288;17;53,5
Nord Est;Friuli- Venezia Giulia;UD;H289;4;1
Nord Ovest;Piemonte;VC;H293;0;0
Nord Est;Emilia-Romagna;RN;H294;231,27;1654,83
Nord Est;Emilia-Romagna;RE;H298;8,99;77,16
Centro;Lazio;RM;H300;1,44;1,22
Isole;Sardegna;OR;H301;0;0
Nord Est;Emilia-Romagna;RA;H302;6,25;46,26
Nord Est;Emilia-Romagna;MO;H303;2,5;8,7
Nord Ovest;Liguria;SP;H304;15;1,5
Sud;Basilicata;PZ;H307;15,25;29,17
Sud;Molise;IS;H308;1;5
Sud;Molise;CB;H311;1;0
Sud;Basilicata;PZ;H312;5,74;2,5
Sud;Molise;CB;H313;10,5;13
Nord Ovest;Lombardia;CR;H314;0;13,43
Nord Ovest;Lombardia;CR;H315;2,5;47
Nord Ovest;Lombardia;CR;H316;0;2,5
Centro;Toscana;PI;H319;11;11
Sud;Abruzzo;CH;H320;0;6
Centro;Marche;AP;H321;5;22,83
Centro;Marche;MC;H323;0;2
Centro;Lazio;FR;H324;2,5;3,5
Isole;Sicilia;CT;H325;8,88;93,14
Nord Ovest;Piemonte;CN;H326;6;1
Nord Est;Veneto;BL;H327;4;3
Nord Ovest;Liguria;IM;H328;16;30,35
Nord Ovest;Lombardia;BG;H331;4,5;55,62
Nord Ovest;Piemonte;TO;H333;3,67;5
Nord Ovest;Piemonte;AL;H334;3;6
Nord Ovest;Piemonte;TO;H335;108,93;240,33
Nord Ovest;Lombardia;PV;H336;17;76,5
Nord Ovest;Piemonte;TO;H337;14;54,34
Nord Ovest;Piemonte;TO;H338;2;6,5
Nord Ovest;Piemonte;TO;H340;47,88;159,9
Nord Ovest;Lombardia;CR;H341;0;15,85
Nord Ovest;Lombardia;MN;H342;4;13
Nord Ovest;Piemonte;AL;H343;0;0,5
Nord Ovest;Piemonte;TO;H344;5;13
Nord Ovest;Piemonte;VC;H346;1;3
Nord Est;Friuli- Venezia Giulia;UD;H347;1,95;13,67
Sud;Basilicata;PZ;H348;8,17;1
Nord Est;Emilia-Romagna;PC;H350;22,33;115,05
Sud;Abruzzo;AQ;H353;20,5;28,5
Centro;Lazio;RI;H354;0;1
Nord Ovest;Piemonte;TO;H355;191,95;597,95
Nord Est;Veneto;VR;H356;3,98;20,5
Nord Ovest;Lombardia;CR;H357;24,48;126,41
Sud;Calabria;RC;H359;1;1
Nord Est;Veneto;VI;H361;39,55;214,69
Nord Ovest;Piemonte;CN;H362;0;0
Nord Ovest;Piemonte;CN;H363;1;2
Nord Ovest;Piemonte;VC;H364;0;3
Nord Ovest;Piemonte;VC;H365;8,5;31,25
Nord Ovest;Piemonte;AT;H366;0;2
Nord Ovest;Piemonte;TO;H367;11,5;32,63
Nord Ovest;Lombardia;PV;H369;12;69,58
Nord Ovest;Lombardia;MI;H371;16;50,62
Nord Ovest;Lombardia;CR;H372;2;24
Nord Ovest;Lombardia;MI;H373;10,17;105,92
Nord Ovest;Lombardia;PV;H375;3;2
Nord Ovest;Piemonte;AT;H376;2;6
Nord Ovest;Piemonte;CN;H377;11;20
Nord Ovest;Piemonte;CN;H378;11,56;38,11
Nord Est;Veneto;BL;H379;13,4;32,81
Isole;Sicilia;ME;H380;1;0
Sud;Campania;AV;H382;5;7,5
Sud;Calabria;KR;H383;3;1
Nord Est;Emilia-Romagna;PR;H384;8;31,13
Nord Ovest;Piemonte;CN;H385;6,5;3
Nord Ovest;Piemonte;TO;H386;6;8,5
Centro;Lazio;RM;H387;0;0
Sud;Abruzzo;AQ;H389;0;0
Centro;Marche;AP;H390;4;9,5
Nord Ovest;Piemonte;CN;H391;0;0
Nord Ovest;Piemonte;AT;H392;2;7
Centro;Lazio;FR;H393;0;0
Sud;Campania;SA;H394;2,5;10
Nord Ovest;Piemonte;CN;H395;5,5;6,5
Nord Ovest;Lombardia;PV;H396;1;1
Sud;Campania;CE;H398;0;0
Sud;Abruzzo;AQ;H399;1;1,67
Sud;Abruzzo;AQ;H400;16,13;28,83
Centro;Lazio;RM;H401;0;1
Sud;Abruzzo;AQ;H402;20,33;72,38
Sud;Calabria;KR;H403;2;1
Centro;Lazio;RM;H404;28,6;108,32
Isole;Sicilia;ME;H405;0;0
Nord Ovest;Piemonte;AL;H406;0;2
Nord Ovest;Piemonte;CN;H407;12,04;14,67
Sud;Calabria;RC;H408;0;0
Sud;Puglia;TA;H409;0;8
Nord Ovest;Lombardia;BS;H410;4;30,95
Centro;Lazio;RM;H411;3;1
Sud;Campania;SA;H412;2;3
Centro;Lazio;LT;H413;2;0
Nord Ovest;Piemonte;AL;H414;2;9
Sud;Calabria;CS;H416;5;7,02
Centro;Toscana;GR;H417;7,46;5
Isole;Sicilia;ME;H418;6;21
Sud;Molise;IS;H420;3;0
Centro;Lazio;LT;H421;1;5
Isole;Sicilia;PA;H422;2;14,8
Sud;Campania;CE;H423;0,6;8
Sud;Abruzzo;CH;H424;0;3,33
Sud;Abruzzo;PE;H425;3;1
Sud;Basilicata;PZ;H426;0;1
Centro;Lazio;RI;H427;3;3
Isole;Sicilia;PA;H428;3;4
Sud;Abruzzo;AQ;H429;1;2
Sud;Campania;SA;H431;15,38;35,8
Centro;Lazio;RM;H432;23,33;52,41
Sud;Campania;NA;H433;3,5;8,67
Sud;Abruzzo;AQ;H434;51,59;58,84
Sud;Campania;CE;H436;2;2
Nord Est;Emilia-Romagna;FO;H437;0,5;3
Sud;Campania;AV;H438;2,5;2
Sud;Abruzzo;CH;H439;2,17;12
Sud;Abruzzo;TE;H440;0;0
Centro;Lazio;RM;H441;2,41;2,67
Sud;Abruzzo;CH;H442;0;0
Centro;Lazio;FR;H443;6;10,47
Centro;Lazio;LT;H444;1;2
Sud;Molise;IS;H445;4;0
Centro;Lazio;RI;H446;4;0,5
Nord Ovest;Piemonte;CN;H447;2;1
Sud;Abruzzo;CH;H448;1;8
Centro;Toscana;GR;H449;62;49,38
Nord Ovest;Lombardia;PV;H450;5,5;2
Nord Ovest;Piemonte;AT;H451;2;0,5
Nord Ovest;Liguria;SV;H452;5;4
Nord Ovest;Piemonte;CN;H453;10;20
Sud;Molise;CB;H454;1;0
Isole;Sicilia;ME;H455;1;0
Sud;Calabria;RC;H456;4;12
Sud;Molise;IS;H458;0;2
Sud;Campania;CE;H459;0;0
Nord Ovest;Liguria;IM;H460;5;1
Nord Ovest;Liguria;SP;H461;1,95;0
Nord Ovest;Piemonte;CN;H462;0;0
Nord Ovest;Piemonte;AL;H465;0;2
Nord Ovest;Piemonte;AT;H466;0;0
Sud;Puglia;FG;H467;2;1,5
Nord Ovest;Piemonte;AT;H468;1;6
Nord Ovest;Lombardia;MI;H470;22;77,6
Nord Ovest;Piemonte;CN;H472;3;4
Nord Ovest;Piemonte;CN;H473;1;4
Nord Ovest;Piemonte;CN;H474;1;3
Nord Ovest;Lombardia;BS;H477;13,3;122,91
Nord Ovest;Lombardia;CO;H478;0,25;7,25
Isole;Sicilia;ME;H479;2;1
Sud;Puglia;FG;H480;10,42;25,59
Nord Ovest;Lombardia;MN;H481;2;34,82
Nord Ovest;Lombardia;BS;H484;7,4;37
Sud;Campania;SA;H485;2;1
Nord Ovest;Lombardia;LC;H486;11;25
Sud;Calabria;CS;H488;6;2
Sud;Calabria;RC;H489;0;0
Sud;Calabria;CS;H490;8;9
Nord Ovest;Lombardia;PV;H491;0;17
Nord Ovest;Lombardia;BG;H492;4;36,99
Nord Ovest;Lombardia;SO;H493;0;6
Centro;Lazio;RM;H494;2;0
Sud;Abruzzo;CH;H495;0,93;0
Nord Ovest;Valle d'Aosta;AO;H497;7;5
Nord Ovest;Piemonte;TO;H498;6,5;23,8
Nord Est;Emilia-Romagna;RE;H500;4;37
Centro;Lazio;RM;H501;9567,2;22357,69
Nord Ovest;Piemonte;NO;H502;9,5;29,36
Sud;Campania;SA;H503;0;4
Nord Ovest;Lombardia;PV;H505;0;1
Isole;Sardegna;SS;H507;1;0
Nord Ovest;Lombardia;CR;H508;5;55,04
Nord Ovest;Lombardia;BG;H509;28,53;219,81
Nord Ovest;Piemonte;TO;H511;5,83;59,49
Nord Est;Veneto;VI;H512;13,5;94,87
Sud;Calabria;VV;H516;4;1
Nord Ovest;Piemonte;NO;H518;12;75,5
Isole;Sicilia;ME;H519;11;29,75
Nord Ovest;Lombardia;CO;H521;2;24,17
Nord Est;Veneto;VR;H522;5,89;24
Nord Est;Veneto;TV;H523;15,6;162,09
Nord Ovest;Lombardia;BS;H525;27,3;138,22
Nord Ovest;Lombardia;PV;H527;0,5;25,56
Nord Ovest;Lombardia;MI;H529;17;88,25
Nord Est;Friuli- Venezia Giulia;UD;H533;5,17;13,52
Centro;Lazio;VT;H534;26,58;36,96
Nord Ovest;Lombardia;BG;H535;2,08;8
Nord Ovest;Liguria;GE;H536;19;25,25
Nord Ovest;Lombardia;MI;H537;27;70,83
Nord Ovest;Piemonte;BI;H538;0;14
Nord Ovest;Piemonte;TO;H539;0;3,5
Nord Est;Veneto;VR;H540;9,7;62,96
Nord Ovest;Lombardia;MN;H541;7;51,72
Nord Est;Emilia-Romagna;FO;H542;6;25
Nord Ovest;Lombardia;BG;H544;2,78;26
Nord Ovest;Liguria;GE;H546;1;0
Nord Ovest;Piemonte;TO;H547;2,5;20
Nord Ovest;Piemonte;VC;H549;1,5;3
Nord Ovest;Piemonte;BI;H553;3;5
Nord Ovest;Piemonte;TO;H554;5;3
Nord Ovest;Piemonte;TO;H555;8;10,41
Nord Est;Veneto;VI;H556;16,67;90,28
Sud;Calabria;RC;H558;2;5
Nord Ovest;Lombardia;PV;H559;2,06;7,12
Nord Ovest;Lombardia;MI;H560;14;75,17
Nord Ovest;Piemonte;BI;H561;1;1,51
Sud;Abruzzo;PE;H562;2;11
Sud;Campania;SA;H564;0;0
Sud;Calabria;CS;H565;5;3
Sud;Abruzzo;CH;H566;0;0
Sud;Puglia;FG;H568;1,5;0
Nord Ovest;Piemonte;AL;H569;1;11,72
Centro;Toscana;LI;H570;127,57;396,29
Sud;Calabria;CS;H572;3;8,8
Nord Est;Veneto;RO;H573;10,26;113,36
Isole;Sicilia;SR;H574;8,3;41,02
Centro;Marche;AN;H575;0,5;6
Nord Ovest;Piemonte;VC;H577;1;1
Nord Ovest;Piemonte;CN;H578;5;8
Nord Est;Veneto;VI;H580;7,87;82,42
Nord Ovest;Liguria;GE;H581;8,75;9,5
Nord Ovest;Piemonte;TO;H583;27;84,09
Nord Ovest;Lombardia;BG;H584;0,5;19,5
Sud;Calabria;CS;H585;0;0
Centro;Marche;AP;H588;3;2,23
Sud;Molise;CB;H589;1;3
Sud;Basilicata;PZ;H590;5;6
Sud;Basilicata;MT;H591;9;1
Sud;Campania;AV;H592;1;5
Nord Est;Emilia-Romagna;PC;H593;25;159,75
Nord Est;Veneto;VI;H594;6;17,5
Nord Ovest;Lombardia;BS;H598;27,5;235,73
Nord Ovest;Liguria;GE;H599;14,5;2
Nord Ovest;Lombardia;CO;H601;29,09;102,23
Nord Ovest;Lombardia;CO;H602;13,08;52
Nord Ovest;Lombardia;MN;H604;6;57
Nord Est;Veneto;VR;H606;1;13,92
Nord Est;Veneto;VR;H608;3,5;7,66
Nord Est;Friuli- Venezia Giulia;PN;H609;14;52
Nord Est;Veneto;VR;H610;2,5;17
Nord Ovest;Lombardia;PV;H614;1;2
Nord Ovest;Lombardia;BG;H615;7;71,66
Centro;Lazio;RM;H618;1;3
Nord Est;Veneto;RO;H620;29,73;533,13
Sud;Calabria;CS;H621;2;2
Nord Est;Veneto;PD;H622;3;63
Nord Ovest;Lombardia;MI;H623;78,03;445,86
Nord Est;Veneto;PD;H625;9;343,38
Nord Ovest;Piemonte;TO;H627;4;23,17
Nord Est;Emilia-Romagna;RE;H628;46,5;217,42
Nord Ovest;Lombardia;BS;H630;3,38;56,75
Nord Ovest;Piemonte;TO;H631;2;2
Sud;Puglia;LE;H632;6;15,5
Nord Ovest;Piemonte;CN;H633;0;1,33
Centro;Toscana;FI;H635;9;47,5
Sud;Basilicata;PZ;H641;4;2,52
Nord Est;Emilia-Romagna;RA;H642;16,33;108,66
Sud;Puglia;BA;H643;19,67;97,79
Sud;Campania;SA;H644;4;1
Sud;Puglia;BA;H645;65,45;135,92
Sud;Basilicata;PZ;H646;2,11;0
Centro;Lazio;LT;H647;23,17;106,7
Nord Ovest;Lombardia;BS;H650;2,17;21,5
Nord Ovest;Lombardia;MN;H652;1,75;22
Sud;Campania;SA;H654;0;0
Nord Est;Veneto;PD;H655;4,67;43,17
Nord Est;Friuli- Venezia Giulia;PN;H657;68,73;228,98
Centro;Lazio;RM;H658;27,17;49,64
Isole;Sardegna;NU;H659;1;0
Isole;Sardegna;NU;H661;0;1
Nord Ovest;Piemonte;BI;H662;4;8,5
Nord Ovest;Valle d'Aosta;AO;H669;21,1;32,33
Nord Ovest;Valle d'Aosta;AO;H670;5,5;1
Nord Ovest;Valle d'Aosta;AO;H671;8,68;4
Nord Ovest;Valle d'Aosta;AO;H672;0,33;0,33
Nord Ovest;Valle d'Aosta;AO;H673;9;5
Nord Ovest;Valle d'Aosta;AO;H674;11,17;24
Nord Ovest;Valle d'Aosta;AO;H675;3,02;5,58
Nord Ovest;Valle d'Aosta;AO;H676;17;50,04
Nord Ovest;Piemonte;AL;H677;2;1
Nord Est;Emilia-Romagna;BO;H678;19,83;138,49
Nord Ovest;Lombardia;CO;H679;0;3
Nord Ovest;Piemonte;BI;H681;4,5;9
Nord Est;Emilia-Romagna;PR;H682;12,5;82,71
Sud;Campania;SA;H683;3,5;19,33
Nord Ovest;Piemonte;TO;H684;3;4
Sud;Campania;SA;H686;3;3
Sud;Basilicata;MT;H687;3;3,5
Isole;Sicilia;TP;H688;3,67;8,5
Nord Est;Veneto;RO;H689;2;8,5
Nord Ovest;Piemonte;VC;H690;0;1
Nord Ovest;Piemonte;TO;H691;10;27
Sud;Molise;CB;H693;1;0
Nord Ovest;Piemonte;AL;H694;2,44;12,12
Nord Ovest;Piemonte;CN;H695;2;1
Nord Ovest;Lombardia;BS;H699;8,25;40,33
Isole;Sicilia;TP;H700;14;14,02
Nord Ovest;Lombardia;LO;H701;1;48,5
Nord Ovest;Piemonte;TO;H702;3;7
Sud;Campania;SA;H703;186,5;452,86
Nord Ovest;Piemonte;CN;H704;0;0
Nord Est;Veneto;TV;H706;4;67,42
Nord Ovest;Piemonte;VC;H707;2;3
Sud;Puglia;LE;H708;0;14,83
Nord Ovest;Piemonte;CN;H710;1;3
Nord Est;Veneto;VR;H712;2;2,17
Centro;Lazio;RI;H713;2;1
Nord Est;Veneto;VR;H714;1;15,59
Sud;Abruzzo;PE;H715;1;0
Nord Ovest;Piemonte;CN;H716;0;4
Nord Ovest;Lombardia;BS;H717;32,24;165,17
Nord Est;Emilia-Romagna;PR;H720;127;282,16
Nord Ovest;Lombardia;VA;H723;3;16,5
Nord Est;Emilia-Romagna;RN;H724;8,42;38
Nord Ovest;Piemonte;VC;H725;13;26,67
Nord Ovest;Piemonte;BI;H726;7,58;12,25
Nord Ovest;Piemonte;CN;H727;142,84;158,84
Sud;Puglia;LE;H729;8,89;14,63
Sud;Basilicata;PZ;H730;3;0
Nord Ovest;Lombardia;CR;H731;0;20,5
Sud;Campania;SA;H732;0;2
Sud;Campania;AV;H733;4;3
Nord Ovest;Piemonte;TO;H734;1;0
Nord Est;Veneto;VE;H735;7,83;152,7
Nord Ovest;Lombardia;VA;H736;34;174,17
Isole;Sardegna;CA;H738;0;1
Isole;Sardegna;CA;H739;0;0
Isole;Sicilia;AG;H743;9,21;4
Centro;Toscana;PT;H744;11,11;10,83
Centro;Lazio;RM;H745;0;0
Nord Ovest;Piemonte;CN;H746;0;0
Sud;Puglia;BA;H749;6,76;9,75
Nord Ovest;Lombardia;SO;H752;10,22;8,33
Nord Ovest;Piemonte;TO;H753;2;11
Nord Ovest;Piemonte;CN;H755;17,75;21,39
Isole;Sardegna;OR;H756;1,22;0
Sud;Puglia;LE;H757;2;2
Nord Ovest;Lombardia;CO;H760;6;3,5
Nord Ovest;Liguria;IM;H763;29,29;68,42
Sud;Campania;BN;H764;6;2
Sud;Calabria;CS;H765;0;0
Isole;Sardegna;CA;H766;0;0
Nord Ovest;Lombardia;CR;H767;4;14,5
Nord Est;Veneto;RO;H768;1;8,5
Centro;Marche;AP;H769;203,3;494,91
Nord Ovest;Piemonte;CN;H770;0;0
Nord Ovest;Lombardia;MN;H771;3,5;38,81
Sud;Abruzzo;AQ;H772;4;0
Sud;Abruzzo;AQ;H773;2;1
Sud;Calabria;CS;H774;1,67;0,67
Nord Ovest;Piemonte;TO;H775;18;103,53
Nord Ovest;Piemonte;VB;H777;3,7;13
Isole;Sicilia;AG;H778;7;4
Centro;Lazio;FR;H779;0;0
Nord Ovest;Liguria;IM;H780;11,5;4
Nord Est;Veneto;TV;H781;21;131,58
Sud;Molise;CB;H782;1;0
Nord Est;Veneto;VR;H783;24,18;268,03
Sud;Abruzzo;CH;H784;5;5
Sud;Calabria;VV;H785;2,67;0
Nord Ovest;Piemonte;TO;H789;6;34
Centro;Toscana;SI;H790;2;6
Centro;Toscana;FI;H791;36,8;99,87
Isole;Sicilia;CL;H792;20,5;51,3
Sud;Puglia;LE;H793;9,94;37
Nord Est;Emilia-Romagna;MO;H794;8,5;104,02
Sud;Basilicata;PZ;H795;1;1
Sud;Basilicata;PZ;H796;3;7
Isole;Sicilia;PA;H797;1;1
Sud;Campania;CE;H798;2,73;0
Nord Ovest;Lombardia;PV;H799;0;2,5
Sud;Campania;SA;H800;13,33;30,67
Nord Est;Emilia-Romagna;RN;H801;0;71,45
Nord Ovest;Liguria;GE;H802;7;15
Nord Ovest;Lombardia;MI;H803;28,66;99,25
Nord Ovest;Piemonte;TO;H804;1;0
Isole;Sicilia;CT;H805;2;3,78
Sud;Calabria;CS;H806;0;0
Sud;Calabria;VV;H807;2,8;1
Sud;Basilicata;PZ;H808;1;1
Centro;Marche;PS;H809;7,5;37
Nord Ovest;Piemonte;AL;H810;0;4
Nord Ovest;Piemonte;AT;H811;15,99;56,49
Nord Ovest;Piemonte;CN;H812;2;0,78
Nord Ovest;Lombardia;PV;H814;1;3
Nord Ovest;Lombardia;CR;H815;0;8
Nord Est;Friuli- Venezia Giulia;UD;H816;29,4;67,73
Sud;Calabria;CS;H818;7;0,9
Sud;Abruzzo;AQ;H819;0;5,56
Nord Ovest;Piemonte;TO;H820;2;5,5
Nord Ovest;Piemonte;BI;H821;9;28,58
Sud;Puglia;BR;H822;1;11,25
Nord Est;Veneto;VE;H823;63,83;648,57
Centro;Lazio;FR;H824;7;6
Sud;Calabria;CS;H825;7;3
Sud;Puglia;LE;H826;2,09;7,33
Nord Ovest;Lombardia;MI;H827;172;439,77
Nord Est;Veneto;VI;H829;3,08;87,74
Sud;Basilicata;PZ;H831;3;6,66
Sud;Molise;CB;H833;0;1
Sud;Campania;CE;H834;7;20
Nord Est;Emilia-Romagna;MO;H835;8;116,23
Centro;Lazio;LT;H836;19,55;16,58
Nord Ovest;Lombardia;BS;H838;13,83;42,38
Sud;Puglia;FG;H839;5,28;44,33
Nord Ovest;Lombardia;CO;H840;19,34;101,44
Sud;Calabria;CS;H841;3;1
Isole;Sicilia;ME;H842;7,2;8,83
Nord Est;Veneto;TV;H843;12,5;66,08
Nord Ovest;Lombardia;LO;H844;1;15,72
Sud;Calabria;CZ;H846;3;1
Nord Ovest;Piemonte;TO;H847;4;49
Isole;Sardegna;SS;H848;0;17,5
Isole;Sicilia;ME;H850;13;0
Nord Ovest;Piemonte;CN;H851;9;25,5
Nord Ovest;Piemonte;CN;H852;11,07;7
Nord Ovest;Piemonte;TO;H855;10;42
Isole;Sardegna;CA;H856;1;0
Centro;Umbria;TR;H857;4,5;20,25
Nord Ovest;Lombardia;PV;H859;13;77,5
Sud;Campania;NA;H860;4;16
Nord Ovest;Piemonte;VC;H861;1;18
Nord Ovest;Piemonte;TO;H862;13;28
Nord Ovest;Lombardia;BS;H865;3;29,1
Sud;Molise;CB;H867;10;8,67
Nord Ovest;Lombardia;SO;H868;12;2
Nord Ovest;Lombardia;MN;H870;1;10
Nord Ovest;Lombardia;VA;H872;1,5;14,67
Nord Ovest;Piemonte;TO;H873;11;59,5
Centro;Toscana;SI;H875;19,07;27
Centro;Marche;MC;H876;3;6,5
Sud;Calabria;CS;H877;1;2
Nord Ovest;Piemonte;AL;H878;3;16
Centro;Lazio;FR;H880;0;2
Sud;Calabria;CS;H881;1,99;0
Sud;Puglia;TA;H882;14;49,5
Nord Ovest;Lombardia;MN;H883;9,08;153,42
Nord Ovest;Lombardia;MI;H884;18,5;91
Nord Ovest;Lombardia;PV;H885;3;6
Nord Est;Emilia-Romagna;PC;H887;11,5;46
Sud;Basilicata;MT;H888;0,25;0
Sud;Calabria;RC;H889;3;1
Nord Ovest;Piemonte;TO;H890;3;20,5
Nord Est;Friuli- Venezia Giulia;PN;H891;4;13
Sud;Campania;NA;H892;32,64;88,53
Nord Est;Veneto;PD;H893;3;93,99
Sud;Campania;BN;H894;25;64,5
Nord Est;Friuli- Venezia Giulia;UD;H895;12;51,79
Nord Est;Emilia-Romagna;BO;H896;26,33;244,73
Nord Est;Veneto;PD;H897;3,5;33,5
Sud;Campania;BN;H898;3;1
Nord Ovest;Piemonte;AT;H899;2;0
Nord Ovest;Piemonte;TO;H900;4;7
Centro;Toscana;AR;H901;54,76;101,89
Sud;Calabria;RC;H903;0;1
Nord Est;Friuli- Venezia Giulia;UD;H906;15,5;81,49
Sud;Campania;SA;H907;5;4
Nord Ovest;Lombardia;BG;H910;3,5;35,15
Nord Ovest;Lombardia;MN;H912;1;5
Centro;Lazio;VT;H913;7;2
Isole;Sicilia;AG;H914;13,17;2
Nord Est;Veneto;VR;H916;7,65;21
Centro;Lazio;FR;H917;0,67;2
Nord Ovest;Lombardia;CR;H918;0;15,5
Sud;Calabria;CS;H919;22,91;21,72
Sud;Molise;CB;H920;6;3
Nord Est;Emilia-Romagna;RN;H921;9,67;81,25
Isole;Sicilia;CT;H922;23;124,98
Sud;Abruzzo;CH;H923;0;3
Nord Est;Veneto;VR;H924;47,83;332,46
Sud;Puglia;FG;H926;30,25;86,49
Sud;Molise;CB;H928;0;1
Sud;Molise;CB;H929;1;5,19
Nord Ovest;Lombardia;MI;H930;211,69;573,69
Sud;Campania;NA;H931;12,33;34,66
Isole;Sicilia;PA;H933;7;1
Centro;Umbria;PG;H935;13;64
Nord Ovest;Piemonte;TO;H936;3;15,93
Centro;Toscana;FI;H937;1,5;4,34
Nord Est;Veneto;BL;H938;4;11
Sud;Campania;CE;H939;2;0
Isole;Sicilia;CT;H940;4,5;104,35
Sud;Calabria;VV;H941;0;1
Centro;Lazio;RM;H942;3;0
Sud;Campania;SA;H943;8;4,75
Nord Est;Veneto;VR;H944;3,17;32,5
Nord Est;Emilia-Romagna;BO;H945;121,9;473,13
Nord Est;Emilia-Romagna;RN;H949;2,5;7,5
Nord Est;Friuli- Venezia Giulia;UD;H951;0;1
Sud;Campania;BN;H953;4,5;1
Sud;Campania;BN;H955;2;1
Nord Ovest;Liguria;IM;H957;15,56;18,75
Centro;Marche;PS;H958;4;7
Sud;Calabria;RC;H959;0;1
Sud;Calabria;CS;H961;2;0
Sud;Calabria;CS;H962;3;3
Sud;Campania;BN;H967;0;0
Centro;Lazio;VT;H969;3,6;6
Sud;Calabria;RC;H970;0;0
Sud;Calabria;CS;H971;3;6
Sud;Campania;BN;H973;2;0
Isole;Sardegna;CA;H974;2,67;8
Sud;Campania;AV;H975;1;7
Sud;Calabria;CZ;H976;4;0
Sud;Campania;SA;H977;6;5
Sud;Campania;CE;H978;8,5;52,36
Centro;Marche;AN;H979;3;11
Sud;Calabria;CS;H981;6;2
Isole;Sicilia;ME;H982;6;0
Sud;Campania;BN;H984;2;8
Sud;Puglia;FG;H985;17,42;69,25
Sud;Puglia;FG;H986;1;1
Nord Ovest;Piemonte;AT;H987;0;1
Sud;Molise;CB;H990;7;9
Sud;Abruzzo;CH;H991;3;4
Sud;Calabria;CS;H992;3;1
Sud;Basilicata;PZ;H994;1;2
Nord Est;Veneto;RO;H996;7,5;22,75
Nord Ovest;Piemonte;TO;H997;0;2,5
Nord Est;Friuli- Venezia Giulia;PN;H999;4;7
Sud;Campania;BN;I002;2;0
Nord Est;Veneto;VR;I003;53,02;280,68
Nord Ovest;Lombardia;MN;I005;6;10
Nord Ovest;Lombardia;CR;I007;0,83;3
Nord Est;Veneto;PD;I008;10,11;102,8
Nord Est;Emilia-Romagna;RE;I011;23,5;109,93
Nord Ovest;Lombardia;LO;I012;4,5;38,75
Nord Ovest;Lombardia;PV;I014;17;92,79
Sud;Campania;AV;I016;9,5;6
Nord Ovest;Piemonte;AT;I017;6;6
Sud;Puglia;TA;I018;5,8;8
Sud;Campania;SA;I019;10;17,95
Sud;Molise;CB;I023;1;18,97
Nord Ovest;Piemonte;TO;I024;19;136,73
Nord Ovest;Piemonte;NO;I025;3;11,75
Sud;Calabria;KR;I026;0;2
Nord Est;Emilia-Romagna;FO;I027;18,62;162,67
Isole;Sicilia;PA;I028;12;0
Sud;Basilicata;MT;I029;0;0,33
Nord Ovest;Piemonte;TO;I030;92,67;223,8
Sud;Campania;SA;I031;1;9,82
Sud;Campania;SA;I032;2;0
Sud;Campania;AV;I034;3;4
Isole;Sicilia;CT;I035;1,67;3
Nord Ovest;Piemonte;CN;I037;8;9,5
Nord Est;Veneto;VE;I040;28,87;331,85
Sud;Puglia;BR;I045;4;13,23
Centro;Toscana;PI;I046;67,77;211,72
Nord Ovest;Lombardia;PV;I048;10,67;39,5
Sud;Campania;BN;I049;7;0
Nord Ovest;Lombardia;CO;I051;2;3
Nord Ovest;Piemonte;NO;I052;0;3
Sud;Puglia;BA;I053;13,5;38
Sud;Puglia;FG;I054;13;47,5
Sud;Campania;CE;I056;15;173,77
Sud;Calabria;KR;I057;0;0
Sud;Calabria;VV;I058;0;0
Sud;Puglia;LE;I059;0,5;10,5
Sud;Calabria;CS;I060;14;13
Sud;Campania;AV;I061;2;5
Sud;Campania;BN;I062;2;13
Nord Est;Veneto;BL;I063;2;4
Sud;Puglia;BR;I066;0;10,59
Centro;Marche;AN;I071;0,75;4
Sud;Puglia;FG;I072;5,87;12
Sud;Campania;NA;I073;4,34;7,3
Nord Ovest;Piemonte;AT;I076;2;5
Nord Ovest;Lombardia;BG;I079;11;44,25
Isole;Sicilia;ME;I084;6,33;0
Isole;Sicilia;ME;I086;4,33;1
Nord Est;Veneto;BL;I088;4,28;8,38
Sud;Campania;SA;I089;0;1
Nord Ovest;Piemonte;TO;I090;6,5;20,67
Nord Est;Friuli- Venezia Giulia;UD;I092;2,5;11
Sud;Calabria;CZ;I093;4;3,5
Sud;Calabria;CZ;I095;3;1
Sud;Molise;IS;I096;1;0
Isole;Sicilia;CT;I098;6,42;47,5
Sud;Calabria;RC;I102;1;0
Nord Est;Veneto;TV;I103;14;50,6
Nord Est;Veneto;VR;I105;5,66;35,16
Nord Est;Veneto;PD;I107;2;26,28
Sud;Calabria;CS;I108;0;1
Nord Est;Veneto;VR;I109;35;114,57
Nord Est;Emilia-Romagna;BO;I110;19;202,1
Sud;Campania;CE;I113;1,33;0
Sud;Calabria;CS;I114;1;3
Sud;Puglia;LE;I115;1;1,5
Nord Ovest;Piemonte;NO;I116;1;13,33
Nord Est;Veneto;VI;I117;2;2
Isole;Sardegna;CA;I118;0;2
Sud;Puglia;BR;I119;1;19,5
Nord Est;Veneto;PD;I120;1;37,59
Sud;Abruzzo;AQ;I121;0;0,5
Sud;Molise;CB;I122;1;1
Nord Est;Emilia-Romagna;RE;I123;16,67;88,26
Nord Est;Veneto;TV;I124;7,5;43,25
Centro;Lazio;RM;I125;5;11,5
Nord Ovest;Piemonte;TO;I126;0;4
Nord Est;Emilia-Romagna;MO;I128;3;22,42
Sud;Campania;AV;I129;3,17;10
Sud;Campania;CE;I130;2;2
Sud;Campania;CE;I131;20,33;62
Sud;Calabria;RC;I132;0;0
Nord Est;Emilia-Romagna;MO;I133;22;117,22
Centro;Toscana;SI;I135;5,5;20,33
Nord Est;Friuli- Venezia Giulia;PN;I136;10,5;95,67
Nord Ovest;Piemonte;TO;I137;14;45,8
Nord Ovest;Liguria;IM;I138;352,57;530,8
Sud;Calabria;RC;I139;0;0
Nord Ovest;Lombardia;LO;I140;3;29,5
Centro;Toscana;LU;I142;0;1
Sud;Campania;SA;I143;0;1
Nord Ovest;Piemonte;AL;I144;4,19;35,6
Sud;Campania;BN;I145;0,54;5,54
Isole;Sicilia;ME;I147;5,5;3
Sud;Abruzzo;CH;I148;20,9;185,33
Nord Ovest;Piemonte;AL;I150;1;1
Sud;Campania;NA;I151;5,17;16
Nord Ovest;Piemonte;TO;I152;5;30
Nord Est;Emilia-Romagna;PR;I153;6;61,5
Nord Ovest;Piemonte;TO;I154;4,5;31,5
Centro;Toscana;AR;I155;27,45;84,09
Centro;Marche;MC;I156;46,17;69,01
Sud;Basilicata;PZ;I157;0;0
Sud;Puglia;FG;I158;43,69;271,14
Nord Ovest;Lombardia;CO;I162;14,44;30
Sud;Campania;AV;I163;1,67;1,78
Sud;Calabria;CZ;I164;8,93;1
Sud;Calabria;CS;I165;1,67;2
Isole;Sardegna;CA;I166;2;30
Nord Ovest;Lombardia;BG;I168;3,85;9,18
Isole;Sicilia;CL;I169;2;7,75
Sud;Calabria;CZ;I170;7;5
Sud;Calabria;CS;I171;1;0
Sud;Puglia;LE;I172;3,17;11
Isole;Sicilia;PA;I174;0,33;0
Nord Ovest;Lombardia;PV;I175;1;15,33
Sud;Calabria;RC;I176;0;0
Centro;Toscana;PI;I177;12,17;91,25
Isole;Sicilia;RG;I178;10,22;95,26
Sud;Campania;BN;I179;1;0
Sud;Molise;CB;I181;4,25;7
Isole;Sardegna;CA;I182;2,73;0
Sud;Calabria;CS;I183;7;3
Isole;Sicilia;ME;I184;0;0
Isole;Sicilia;AG;I185;1;0
Centro;Toscana;GR;I187;14,58;25,58
Isole;Sicilia;PA;I188;13,9;7,7
Sud;Molise;IS;I189;3;1
Nord Ovest;Piemonte;AL;I190;2;1
Nord Est;Emilia-Romagna;BO;I191;8,5;87,94
Sud;Calabria;CS;I192;0;3
Sud;Puglia;FG;I193;1;4,46
Nord Est;Emilia-Romagna;RA;I196;3;18
Sud;Campania;BN;I197;15,48;5
Sud;Calabria;RC;I198;0;0
Isole;Sicilia;ME;I199;19,17;41,5
Nord Est;Emilia-Romagna;RN;I201;3,14;5,36
Isole;Sicilia;CT;I202;7;101,16
Nord Ovest;Lombardia;PV;I203;1;6
Isole;Sardegna;OR;I205;1;3,5
Nord Est;Veneto;BL;I206;18,31;45,67
Nord Est;Veneto;PD;I207;1;58,22
Sud;Campania;NA;I208;6,33;21,33
Nord Ovest;Piemonte;CN;I210;15;6
Nord Ovest;Lombardia;PV;I213;0;33,2
Sud;Calabria;RC;I214;0;0
Isole;Sicilia;ME;I215;13;14,66
Isole;Sicilia;CT;I216;4,49;1,92
Centro;Toscana;PI;I217;10,2;8
Sud;Campania;AV;I219;0;3
Isole;Sicilia;ME;I220;11,25;5
Nord Est;Veneto;TV;I221;32;146
Isole;Sicilia;AG;I224;7;31,89
Nord Ovest;Liguria;GE;I225;50,88;157,63
Nord Ovest;Lombardia;PV;I230;3;7
Centro;Toscana;PI;I232;32,94;108,88
Sud;Campania;CE;I233;22;68,5
Sud;Campania;CE;I234;57;195,17
Nord Ovest;Lombardia;PV;I236;3;42
Nord Ovest;Lombardia;PV;I237;4,5;12,71
Sud;Molise;IS;I238;5;0
Isole;Sicilia;CT;I240;18,5;10
Nord Est;Veneto;VE;I242;15,37;225,75
Nord Ovest;Lombardia;LC;I243;3;19,17
Sud;Abruzzo;CH;I244;4,5;11
Sud;Campania;CE;I247;1;1
Nord Est;Friuli- Venezia Giulia;UD;I248;8;37
Nord Ovest;Piemonte;VB;I249;19;47
Centro;Marche;AN;I251;4;9,67
Sud;Campania;SA;I253;5,16;5
Isole;Sicilia;ME;I254;3,47;2
Centro;Lazio;RM;I255;64,5;301,62
Centro;Lazio;FR;I256;5;1
Nord Ovest;Piemonte;TO;I258;6;36,42
Nord Est;Veneto;VR;I259;15,55;127,25
Sud;Campania;SA;I260;0;3
Sud;Campania;CE;I261;4;36
Sud;Campania;NA;I262;18,99;45,06
Centro;Umbria;PG;I263;7;2
Sud;Campania;AV;I264;2,5;2
Centro;Lazio;FR;I265;1;0,5
Sud;Calabria;CZ;I266;11,62;2
Isole;Sardegna;CA;I271;0,14;0
Sud;Campania;CE;I273;1,5;2
Nord Ovest;Lombardia;LO;I274;15;119,17
Nord Est;Veneto;PD;I275;0,24;109,12
Nord Ovest;Lombardia;PV;I276;5;8
Sud;Campania;BN;I277;4,5;1
Sud;Campania;SA;I278;0;1
Sud;Campania;AV;I279;0;0
Sud;Campania;AV;I280;2;1
Sud;Campania;AV;I281;4,05;14,55
Sud;Molise;IS;I282;0;1
Isole;Sicilia;ME;I283;6,67;0
Centro;Lazio;RM;I284;9;23
Centro;Marche;MC;I286;1;2
Centro;Marche;PS;I287;7;5,5
Sud;Basilicata;PZ;I288;1;0
Sud;Molise;CB;I289;0;0
Isole;Sicilia;AG;I290;6,67;0
Isole;Sicilia;TP;I291;4;13,33
Nord Est;Veneto;VR;I292;17,94;9,58
Sud;Campania;NA;I293;8,67;29,67
Isole;Sardegna;CA;I294;4,94;15
Nord Ovest;Piemonte;TO;I296;16,33;51,92
Isole;Sardegna;OR;I298;0;0
Sud;Campania;NA;I300;18,33;9,17
Sud;Campania;AV;I301;1;1
Centro;Lazio;FR;I302;3;2
Nord Est;Emilia-Romagna;RN;I304;26;202,27
Sud;Basilicata;PZ;I305;14,71;4,54
Sud;Campania;CE;I306;23,6;90,29
Sud;Campania;SA;I307;1;1
Sud;Calabria;KR;I308;5;1
Sud;Calabria;CS;I309;1;0
Nord Est;Emilia-Romagna;FO;I310;2;18,17
Isole;Sicilia;ME;I311;11,08;39,13
Isole;Sardegna;SS;I312;11,84;43,93
Isole;Sicilia;CT;I314;11,5;16,25
Centro;Marche;AP;I315;0;2,66
Nord Ovest;Piemonte;CN;I316;7,07;20
Sud;Campania;SA;I317;3,99;4,07
Sud;Abruzzo;TE;I318;19,83;31,67
Nord Est;Veneto;PD;I319;0;20
Sud;Molise;CB;I320;3,61;2
Centro;Lazio;FR;I321;7,5;4
Sud;Calabria;CZ;I322;3;0
Centro;Marche;AP;I324;6,67;52,96
Sud;Abruzzo;AQ;I326;3;4,5
Nord Ovest;Piemonte;TO;I327;18;100,08
Isole;Sicilia;ME;I328;1;2
Isole;Sardegna;NU;I329;25;103,49
Sud;Puglia;BA;I330;44,23;96,09
Sud;Abruzzo;PE;I332;1;2
Sud;Calabria;RC;I333;0;0
Sud;Abruzzo;CH;I335;0;4
Sud;Abruzzo;AQ;I336;0;0
Nord Ovest;Piemonte;VC;I337;19,5;98,23
Centro;Lazio;LT;I339;8;8,39
Sud;Calabria;RC;I341;2;2
Nord Est;Emilia-Romagna;RE;I342;22,13;142,93
Centro;Marche;PS;I344;0;5,67
Nord Ovest;Liguria;GE;I346;30;25,35
Nord Est;Veneto;BL;I347;3;15
Sud;Abruzzo;TE;I348;2;15,5
Sud;Calabria;VV;I350;0;1
Centro;Lazio;FR;I351;0;1
Centro;Lazio;RM;I352;7,5;8
Nord Est;Veneto;VI;I353;8,75;50,97
Isole;Sicilia;AG;I356;8;2
Sud;Campania;AV;I357;1,92;3
Sud;Calabria;CS;I359;1;2
Sud;Abruzzo;AQ;I360;0;0
Nord Ovest;Lombardia;MI;I361;17,83;61,58
Nord Ovest;Lombardia;LO;I362;1,83;11,5
Nord Ovest;Liguria;SP;I363;35,01;116,47
Centro;Lazio;FR;I364;5;2
Nord Ovest;Liguria;IM;I365;10;85,5
Nord Ovest;Piemonte;CN;I367;4,67;13,67
Nord Ovest;Liguria;GE;I368;9,17;14,67
Isole;Sicilia;ME;I370;8;4
Sud;Calabria;RC;I371;1;2
Nord Ovest;Piemonte;CN;I372;5;14,75
Nord Est;Veneto;VE;I373;10;90,42
Isole;Sardegna;OR;I374;0;0
Nord Est;Veneto;PD;I375;1;10
Sud;Abruzzo;PE;I376;1;3
Sud;Campania;SA;I377;9,82;12
Centro;Umbria;TR;I381;9;10,5
Nord Est;Veneto;TV;I382;29,5;102
Isole;Sardegna;OR;I384;3;1
Sud;Calabria;CS;I388;2;0
Sud;Abruzzo;AQ;I389;4;3,61
Centro;Toscana;LI;I390;36,96;127,18
Sud;Campania;NA;I391;18,75;51,5
Nord Est;Veneto;BL;I392;23,47;58,5
Sud;Calabria;CZ;I393;2;2
Sud;Abruzzo;CH;I394;16;28
Sud;Puglia;BR;I396;18,23;45,81
Centro;Lazio;RM;I400;8,33;3,5
Nord Est;Veneto;VI;I401;0;22,03
Isole;Sardegna;CA;I402;1;0
Nord Est;Friuli- Venezia Giulia;PN;I403;36,55;152,75
Nord Est;Friuli- Venezia Giulia;UD;I405;3;8
Isole;Sicilia;TP;I407;3;33,41
Centro;Lazio;FR;I408;1,34;0,33
Nord Ovest;Lombardia;MI;I409;23,83;113,27
Sud;Campania;SA;I410;3,08;1
Nord Ovest;Lombardia;BS;I412;1;54,13
Nord Est;Veneto;VR;I414;4;20
Nord Ovest;Lombardia;MI;I415;6;65,3
Nord Ovest;Lombardia;PV;I416;4;8
Nord Est;Veneto;TV;I417;5;52,33
Nord Est;Veneto;PD;I418;7,25;172,75
Isole;Sicilia;ME;I420;4;1,17
Nord Est;Friuli- Venezia Giulia;UD;I421;20,84;67,63
Sud;Campania;SA;I422;13,02;17,34
Sud;Calabria;CS;I423;5;0
Centro;Lazio;RM;I424;0;1,34
Nord Est;Veneto;VI;I425;2,08;28
Sud;Basilicata;PZ;I426;3;1
Isole;Sardegna;CA;I428;2;2
Nord Ovest;Piemonte;AL;I429;1;5
Nord Est;Veneto;VI;I430;7,5;71,05
Nord Ovest;Piemonte;AL;I432;2;9
Nord Ovest;Lombardia;BS;I433;16,54;99,91
Nord Est;Emilia-Romagna;PC;I434;4;28
Nord Est;Veneto;TV;I435;4;5
Centro;Marche;MC;I436;17,57;13,83
Nord Ovest;Lombardia;BG;I437;21,33;119,58
Sud;Campania;SA;I438;17,84;46,97
Nord Ovest;Lombardia;VA;I441;138,06;477,53
Nord Ovest;Valle d'Aosta;AO;I442;19,5;38,5
Isole;Sardegna;CA;I443;1;1
Nord Est;Emilia-Romagna;FO;I444;5;12,51
Centro;Toscana;SI;I445;6,16;49,5
Nord Ovest;Lombardia;PV;I447;2;7,17
Isole;Sardegna;NU;I448;0;0
Nord Ovest;Liguria;SP;I449;81,87;139,59
Sud;Campania;SA;I451;0;0
Isole;Sardegna;SS;I452;133,5;717,51
Nord Ovest;Liguria;SV;I453;19,5;22,75
Centro;Toscana;LI;I454;3;3
Sud;Campania;BN;I455;2;0
Sud;Basilicata;PZ;I457;5;1
Nord Est;Emilia-Romagna;RN;I460;3;20
Centro;Marche;AN;I461;9,17;21,83
Nord Est;Emilia-Romagna;MO;I462;192,2;670,43
Sud;Calabria;CZ;I463;6;5
Nord Est;Friuli- Venezia Giulia;UD;I464;0;0
Nord Ovest;Piemonte;TO;I465;10;32,53
Nord Ovest;Piemonte;TO;I466;25,83;121,37
Sud;Puglia;TA;I467;7;17,5
Sud;Calabria;KR;I468;2;1
Sud;Campania;NA;I469;11,08;47,67
Nord Ovest;Piemonte;CN;I470;115,96;267,69
Sud;Campania;AV;I471;6,25;0,67
Nord Est;Emilia-Romagna;FO;I472;16;183,74
Nord Est;Emilia-Romagna;MO;I473;12,9;144,15
Nord Ovest;Liguria;GE;I475;16,5;16,5
Nord Ovest;Lombardia;BS;I476;4,88;7,28
Isole;Sicilia;ME;I477;8;1
Nord Est;Friuli- Venezia Giulia;UD;I478;0;1
Nord Ovest;Liguria;SV;I480;233,24;343,09
Sud;Abruzzo;PE;I482;4;6
Sud;Campania;SA;I483;37,8;110,33
Nord Ovest;Piemonte;CN;I484;0;0
Sud;Calabria;CS;I485;1;0
Sud;Campania;SA;I486;1;1
Nord Ovest;Lombardia;PV;I487;1,5;5
Sud;Calabria;CS;I489;64,89;35,52
Nord Ovest;Piemonte;TO;I490;5;31
Isole;Sicilia;ME;I492;1;3
Sud;Campania;AV;I493;1;1
Sud;Calabria;KR;I494;5;0
Nord Est;Emilia-Romagna;RE;I496;87,5;311,37
Nord Ovest;Lombardia;CR;I497;0;8,28
Nord Ovest;Lombardia;CR;I498;0;3
Centro;Lazio;RI;I499;2;7
Sud;Abruzzo;AQ;I501;10,67;9
Isole;Sardegna;OR;I503;1,75;0
Centro;Toscana;GR;I504;28;14
Nord Ovest;Lombardia;BG;I506;17,12;170,68
Sud;Molise;IS;I507;0;1
Centro;Toscana;GR;I510;10,75;49,08
Nord Ovest;Piemonte;TO;I511;0;8
Nord Ovest;Piemonte;CN;I512;6;18
Sud;Abruzzo;CH;I520;3;2
Centro;Umbria;PG;I522;4,75;3
Centro;Umbria;PG;I523;7,5;0
Sud;Abruzzo;CH;I526;1,66;5,83
Nord Est;Veneto;VI;I527;2;17
Nord Ovest;Lombardia;CO;I529;8,38;3
Nord Ovest;Lombardia;BG;I530;4,37;24,99
Nord Est;Veneto;VI;I531;54,29;460,15
Nord Ovest;Lombardia;MN;I532;0;7,55
Isole;Sicilia;AG;I533;40,55;28,37
Isole;Sicilia;PA;I534;6;1
Isole;Sicilia;RG;I535;34,98;73,11
Sud;Calabria;RC;I536;0;0
Sud;Calabria;RC;I537;6;2
Isole;Sicilia;PA;I538;1;0
Nord Ovest;Piemonte;TO;I539;6;15
Sud;Campania;NA;I540;20;46,94
Isole;Sicilia;PA;I541;3,5;0
Sud;Abruzzo;AQ;I543;0;0
Nord Ovest;Piemonte;VC;I544;4;9,06
Nord Ovest;Piemonte;VC;I545;4,25;27
Sud;Abruzzo;AQ;I546;0;12,5
Isole;Sicilia;CT;I548;6,67;29,72
Sud;Puglia;LE;I549;3;7,5
Nord Est;Veneto;VE;I551;23,16;281,98
Sud;Abruzzo;AQ;I553;7;14,5
Nord Ovest;Piemonte;AT;I555;5;4
Nord Ovest;Liguria;IM;I556;2;2
Sud;Abruzzo;AQ;I558;1;0
Sud;Puglia;LE;I559;1;1
Nord Ovest;Lombardia;LO;I561;5;29,83
Nord Est;Friuli- Venezia Giulia;UD;I562;4;19,2
Nord Est;Veneto;BL;I563;24,34;92,25
Isole;Sardegna;OR;I564;0;1
Isole;Sardegna;SS;I565;0;2
Nord Ovest;Lombardia;MI;I566;83,66;195,83
Nord Ovest;Lombardia;BG;I567;6,34;19,5
Centro;Marche;MC;I569;3;3
Isole;Sardegna;CA;I570;0;1,78
Centro;Toscana;GR;I571;10,33;27
Centro;Lazio;RM;I573;23;35,17
Nord Ovest;Lombardia;MI;I577;313,58;768,09
Nord Est;Veneto;TV;I578;5;9,5
Isole;Sardegna;CA;I580;52,47;223,07
Centro;Lazio;RI;I581;3;2
Isole;Sardegna;CA;I582;0;0
Centro;Umbria;PG;I585;1,5;2
Nord Ovest;Lombardia;BS;I588;2,5;4,5
Sud;Calabria;CZ;I589;1;1,92
Sud;Calabria;CZ;I590;7,42;0
Nord Est;Veneto;BL;I592;9,67;14,28
Nord Est;Veneto;VR;I594;2;3,67
Nord Est;Veneto;PD;I595;7,5;359,89
Nord Ovest;Lombardia;BG;I597;17,33;58,64
Isole;Sardegna;SS;I598;0;1
Nord Ovest;Lombardia;PV;I599;1;2,25
Sud;Calabria;RC;I600;1,3;3
Centro;Toscana;GR;I601;13;2
Nord Ovest;Lombardia;MI;I602;84,36;312,9
Isole;Sardegna;OR;I605;1;1
Sud;Campania;AV;I606;0;1
Nord Ovest;Lombardia;BS;I607;1;4,5
Centro;Marche;AN;I608;129,97;489,49
Isole;Sardegna;OR;I609;0;0
Sud;Basilicata;PZ;I610;11,06;4
Nord Ovest;Lombardia;CO;I611;4;37
Nord Ovest;Lombardia;LO;I612;4;8,28
Isole;Sardegna;OR;I613;1;0
Isole;Sardegna;SS;I614;10;12,5
Isole;Sardegna;CA;I615;5;10
Sud;Molise;CB;I618;3;3
Nord Est;Friuli- Venezia Giulia;PN;I621;3,5;8
Centro;Toscana;LU;I622;27,5;53,33
Isole;Sardegna;CA;I624;0;6
Nord Ovest;Lombardia;MI;I625;195,7;617,5
Nord Est;Veneto;BL;I626;12,5;9,5
Nord Ovest;Lombardia;CR;I627;5,5;48,23
Nord Ovest;Lombardia;BG;I628;50,16;416,21
Nord Ovest;Lombardia;BG;I629;7,62;43,15
Sud;Campania;AV;I630;5,41;9,55
Nord Ovest;Lombardia;BS;I631;5;10
Nord Ovest;Lombardia;MN;I632;6,33;55
Nord Ovest;Lombardia;BS;I633;37;253,81
Centro;Lazio;LT;I634;24;72,25
Nord Est;Veneto;TV;I635;7,98;31,34
Nord Ovest;Lombardia;SO;I636;0;2
Nord Ovest;Piemonte;AT;I637;0;0
Sud;Calabria;VV;I639;3;5
Nord Ovest;Liguria;GE;I640;43,13;28,33
Sud;Puglia;FG;I641;3;13,88
Sud;Calabria;CS;I642;0;1
Centro;Marche;AN;I643;4;14,66
Isole;Sicilia;CL;I644;11,4;8,9
Nord Ovest;Piemonte;AL;I645;1;8
Nord Ovest;Piemonte;CN;I646;0;0
Isole;Sardegna;CA;I647;0,5;1,75
Sud;Campania;SA;I648;0;0
Sud;Abruzzo;PE;I649;0;2
Centro;Marche;MC;I651;0;4
Sud;Campania;NA;I652;0,5;2
Centro;Marche;AN;I653;2;12
Centro;Marche;PS;I654;1,5;1
Sud;Calabria;CZ;I655;2;2
Sud;Calabria;RC;I656;1;0
Nord Ovest;Piemonte;AL;I657;8,5;55,67
Nord Ovest;Piemonte;CN;I659;0;5,67
Centro;Toscana;PT;I660;17;89,37
Centro;Marche;MC;I661;5,5;4
Nord Ovest;Lombardia;MN;I662;1;6,5
Nord Ovest;Piemonte;VC;I663;12,92;31,59
Sud;Campania;SA;I666;5;4
Isole;Sardegna;CA;I667;0;0
Isole;Sardegna;NU;I668;0;0
Centro;Lazio;FR;I669;6,67;1
Sud;Calabria;CZ;I671;5,33;6,4
Nord Est;Veneto;BL;I673;8;7,66
Sud;Campania;CE;I676;37,09;114,25
Sud;Campania;SA;I677;1;1
Nord Ovest;Piemonte;AT;I678;0;1
Sud;Molise;IS;I679;5;0
Centro;Toscana;AR;I681;4,91;5
Sud;Molise;IS;I682;1,5;0
Nord Ovest;Lombardia;CR;I683;1;21,5
Centro;Toscana;FI;I684;139,35;482,28
Nord Est;Friuli- Venezia Giulia;PN;I686;11,55;57,84
Nord Ovest;Lombardia;VA;I688;28,32;131
Nord Est;Emilia-Romagna;MO;I689;17,76;48,44
Nord Ovest;Lombardia;MI;I690;401,04;840,58
Nord Ovest;Piemonte;TO;I692;21,82;115,58
Nord Ovest;Liguria;GE;I693;78,06;219,5
Isole;Sardegna;CA;I695;10;69,47
Nord Ovest;Lombardia;MI;I696;5;138
Centro;Lazio;FR;I697;1;1
Nord Ovest;Piemonte;AT;I698;0;4,5
Isole;Sardegna;CA;I699;7;20,84
Nord Ovest;Lombardia;MI;I700;86,33;303,82
Nord Ovest;Piemonte;TO;I701;1;5
Nord Ovest;Piemonte;TO;I702;4;11
Nord Ovest;Piemonte;TO;I703;127,91;413,1
Sud;Calabria;CZ;I704;11,8;1,8
Isole;Sardegna;CA;I705;0;0
Isole;Sardegna;NU;I706;0;0
Isole;Sardegna;NU;I707;0;0
Nord Ovest;Lombardia;MI;I709;90,91;308,81
Nord Ovest;Piemonte;AL;I711;1;8
Centro;Lazio;LT;I712;16,78;16,17
Centro;Lazio;FR;I716;6;2
Isole;Sardegna;OR;I717;0;0
Isole;Sardegna;OR;I718;0;0
Sud;Campania;SA;I720;8,01;16
Isole;Sardegna;OR;I721;0;0
Isole;Sicilia;AG;I723;4,25;3
Isole;Sardegna;CA;I724;0;0
Sud;Calabria;RC;I725;10,97;16,3
Centro;Toscana;SI;I726;58,66;411,35
Centro;Umbria;PG;I727;3,7;8
Centro;Toscana;FI;I728;26,92;156,75
Isole;Sardegna;NU;I730;0;2,38
Isole;Sardegna;SS;I732;2;0
Isole;Sardegna;CA;I734;2;2
Isole;Sardegna;CA;I735;0;0
Nord Ovest;Piemonte;NO;I736;0;0
Nord Ovest;Piemonte;AL;I738;3,5;8,5
Nord Ovest;Lombardia;PV;I739;0;4
Sud;Abruzzo;TE;I741;46,74;143,72
Isole;Sardegna;OR;I742;0;0
Isole;Sardegna;OR;I743;0;1
Sud;Calabria;VV;I744;1;1
Sud;Calabria;CZ;I745;5,67;0
Isole;Sicilia;ME;I747;6,5;0
Isole;Sardegna;NU;I748;0;2
Isole;Sardegna;OR;I749;0;0
Nord Ovest;Piemonte;CN;I750;0,34;1
Isole;Sardegna;NU;I751;2,33;8
Isole;Sardegna;CA;I752;14,11;53,92
Sud;Calabria;RC;I753;0;1
Isole;Sicilia;SR;I754;48,57;444,52
Sud;Campania;AV;I756;0;17
Isole;Sardegna;OR;I757;0;0
Centro;Marche;AN;I758;11;52,75
Nord Ovest;Lombardia;LC;I759;8,38;23
Nord Ovest;Lombardia;LC;I761;4,17;26
Isole;Sardegna;CA;I765;0;0
Nord Ovest;Piemonte;NO;I767;4;3,84
Centro;Marche;AP;I774;2;0
Nord Est;Veneto;VR;I775;18,02;80,63
Nord Est;Friuli- Venezia Giulia;UD;I777;1;3
Isole;Sardegna;OR;I778;0;0
Nord Est;Emilia-Romagna;FO;I779;10,04;25,75
Sud;Puglia;LE;I780;1;1
Nord Ovest;Piemonte;AT;I781;0;0
Nord Ovest;Lombardia;BS;I782;4,64;82,33
Nord Est;Veneto;VI;I783;4;12,83
Isole;Sicilia;SR;I785;3;5,22
Nord Ovest;Lombardia;MI;I786;52,34;193,34
Nord Est;Emilia-Romagna;RA;I787;1;36
Nord Ovest;Lombardia;CR;I790;2;5,5
Isole;Sardegna;OR;I791;0,93;2
Nord Ovest;Lombardia;VA;I793;23,45;57,04
Nord Ovest;Lombardia;VA;I794;8;57,23
Nord Ovest;Liguria;IM;I796;8;1
Isole;Sardegna;CA;I797;1;2
Nord Ovest;Piemonte;AL;I798;1;10
Nord Est;Veneto;PD;I799;2,25;37,5
Sud;Puglia;LE;I800;3;4,5
Nord Ovest;Lombardia;MN;I801;1;14,5
Nord Est;Emilia-Romagna;MO;I802;24;222,46
Nord Est;Emilia-Romagna;PR;I803;2;12
Sud;Abruzzo;AQ;I804;36,96;82,9
Sud;Campania;AV;I805;5,05;26
Nord Ovest;Piemonte;AL;I808;0;2
Sud;Campania;BN;I809;2;3,17
Nord Ovest;Lombardia;BG;I812;19;42,5
Nord Ovest;Lombardia;BG;I813;1;26,83
Nord Ovest;Lombardia;LO;I815;3;44,67
Nord Ovest;Piemonte;CN;I817;2;3
Nord Ovest;Lombardia;VA;I819;47,57;235,25
Sud;Campania;NA;I820;20,98;45,78
Nord Est;Veneto;VR;I821;17;145,6
Nord Ovest;Piemonte;CN;I822;18;61,33
Nord Ovest;Piemonte;CN;I823;10;22,69
Isole;Sicilia;CL;I824;12;16
Nord Ovest;Lombardia;PV;I825;1;4,5
Nord Est;Veneto;VR;I826;23,81;153,82
Nord Ovest;Lombardia;CR;I827;10;60,62
Nord Ovest;Lombardia;SO;I828;15,63;17,5
Nord Ovest;Lombardia;SO;I829;143,17;296,32
Nord Ovest;Lombardia;BG;I830;1;20,17
Nord Ovest;Lombardia;BS;I831;9;5
Centro;Lazio;LT;I832;15;12,44
Centro;Lazio;FR;I838;10,2;28,67
Nord Est;Emilia-Romagna;PR;I840;13,75;56,07
Centro;Toscana;GR;I841;9,72;8,25
Sud;Campania;AV;I843;0;1
Sud;Calabria;CZ;I844;1,8;0
Nord Ovest;Piemonte;BI;I847;8;12
Nord Ovest;Lombardia;LO;I848;11,67;60,26
Nord Ovest;Lombardia;CR;I849;22;91,33
Nord Est;Veneto;VR;I850;4;15
Isole;Sardegna;NU;I851;1;0
Nord Ovest;Liguria;GE;I852;14,25;31,33
Sud;Calabria;VV;I853;2;0
Sud;Calabria;VV;I854;1;1
Centro;Lazio;VT;I855;34,7;33,67
Nord Ovest;Lombardia;CO;I856;8;8
Nord Ovest;Piemonte;NO;I857;0;0
Nord Ovest;Lombardia;BG;I858;12,34;100,77
Nord Ovest;Lombardia;CO;I860;0,03;11,25
Isole;Sardegna;OR;I861;0;1
Sud;Campania;NA;I862;17,75;29,78
Isole;Sardegna;SS;I863;11,75;14,67
Isole;Sicilia;SR;I864;3,5;30,52
Nord Ovest;Lombardia;CR;I865;1;25
Nord Est;Veneto;BL;I866;7;15
Nord Est;Veneto;VI;I867;0;22,9
Nord Ovest;Piemonte;BI;I868;0;6
Nord Ovest;Lombardia;BG;I869;5,61;49,75
Sud;Calabria;CZ;I872;21,51;17,33
Nord Ovest;Lombardia;BG;I873;4;47,75
Sud;Calabria;CZ;I874;4,5;0
Sud;Calabria;CZ;I875;2,8;1
Nord Est;Veneto;BL;I876;0;1
Centro;Toscana;SI;I877;12,48;83,5
Nord Ovest;Lombardia;MI;I878;21,55;75,16
Nord Est;Veneto;VI;I879;5,46;68,46
Nord Ovest;Piemonte;NO;I880;0;11
Isole;Sicilia;ME;I881;19;12,67
Sud;Calabria;VV;I884;0;0,5
Sud;Campania;CE;I885;7;12,5
Nord Ovest;Piemonte;TO;I886;2;22
Sud;Puglia;LE;I887;1;6
Centro;Umbria;PG;I888;13,5;42,67
Isole;Sicilia;EN;I891;1;0
Centro;Lazio;LT;I892;4;15,92
Sud;Campania;AV;I893;1;17
Nord Ovest;Lombardia;PV;I894;1;10
Sud;Calabria;CS;I895;2;4,78
Sud;Calabria;CS;I896;15,16;14
Nord Ovest;Piemonte;AL;I901;4;4
Centro;Lazio;LT;I902;0;3
Nord Est;Emilia-Romagna;MO;I903;24,91;166,71
Nord Est;Friuli- Venezia Giulia;PN;I904;22,58;64,95
Sud;Calabria;VV;I905;0;0
Nord Ovest;Lombardia;CR;I906;2;13,5
Sud;Puglia;BA;I907;7;15,98
Nord Est;Veneto;VE;I908;20,5;454,4
Nord Ovest;Lombardia;CR;I909;0;5
Sud;Molise;CB;I910;2;2
Nord Ovest;Piemonte;AL;I911;1;4
Centro;Marche;AP;I912;12,88;49,5
Nord Ovest;Lombardia;CR;I914;10;102,08
Nord Ovest;Lombardia;BG;I916;4;22,11
Sud;Basilicata;PZ;I917;2;0
Nord Ovest;Lombardia;BG;I919;9;57,5
Centro;Umbria;PG;I921;68,58;194,03
Sud;Abruzzo;PE;I922;24,48;158,15
Sud;Puglia;LE;I923;4;2,4
Nord Ovest;Liguria;SV;I926;31,67;173,17
Nord Est;Veneto;TV;I927;34;153,82
Nord Ovest;Lombardia;SO;I928;7;11
Sud;Calabria;CZ;I929;5;4
Sud;Puglia;LE;I930;6;15,5
Centro;Marche;AN;I932;8,36;4,3
Nord Ovest;Lombardia;CR;I935;2;9,25
Sud;Calabria;RC;I936;0;1
Sud;Calabria;CZ;I937;5,33;4
Nord Est;Veneto;PD;I938;3;25,22
Nord Ovest;Piemonte;AL;I941;9,5;20,3
Centro;Toscana;LU;I942;7;1
Nord Ovest;Lombardia;CO;I943;3;2
Sud;Calabria;VV;I945;0;0
Nord Ovest;Liguria;SV;I946;28,64;24
Nord Ovest;Liguria;SV;I947;5;2
Sud;Puglia;LE;I950;3,67;3,5
Nord Ovest;Lombardia;BG;I951;30,19;203,93
Nord Est;Veneto;RO;I953;15;30,64
Sud;Basilicata;MT;I954;10,5;9,33
Sud;Calabria;RC;I955;0;1
Sud;Calabria;RC;I956;2;1
Centro;Lazio;RI;I959;4;17
Sud;Campania;SA;I960;1;0
Sud;Puglia;FG;I962;1;7
Sud;Puglia;FG;I963;1;17
Nord Est;Veneto;VE;I965;4;79,58
Nord Ovest;Lombardia;PV;I968;29;109,68
Nord Ovest;Piemonte;TO;I969;0;0
Nord Ovest;Piemonte;TO;I970;22,53;60,5
Centro;Lazio;FR;I973;2;1
Nord Est;Friuli- Venezia Giulia;UD;I974;0;0
Nord Ovest;Piemonte;VB;I976;19,49;80,48
Nord Ovest;Piemonte;AL;I977;4;23,5
Sud;Campania;NA;I978;9;8
Nord Ovest;Piemonte;BI;I980;1,5;5
Centro;Umbria;TR;I981;15;28,5
Sud;Calabria;KR;I982;1,11;6
Nord Ovest;Piemonte;VC;I984;1;4
Nord Ovest;Piemonte;CN;I985;2;0
Nord Ovest;Lombardia;BG;I986;2;22
Sud;Campania;AV;I990;0;5,75
Centro;Toscana;AR;I991;4;52,96
Centro;Lazio;RM;I992;46,41;35,75
Sud;Campania;CE;I993;13,86;33
Nord Ovest;Lombardia;LC;I994;2;2
Isole;Sardegna;CA;I995;0;0
Nord Ovest;Lombardia;LC;I996;0;7,75
Nord Ovest;Lombardia;BG;I997;11,5;51,5
Nord Ovest;Lombardia;MI;I998;28;112,5
Nord Ovest;Lombardia;BS;L002;8;40,5
Nord Ovest;Lombardia;VA;L003;12,5;66,13
Sud;Campania;AV;L004;1;5
Isole;Sardegna;NU;L006;0,2;2,2
Nord Ovest;Piemonte;NO;L007;0;22
Sud;Puglia;LE;L008;1;4
Centro;Lazio;FR;L009;2,33;2,5
Sud;Puglia;LE;L010;3;0
Sud;Puglia;LE;L011;2;64,17
Nord Ovest;Piemonte;TO;L013;19;42,33
Nord Est;Veneto;TV;L014;19,07;131,97
Nord Ovest;Lombardia;MN;L015;2;16,5
Isole;Sicilia;CL;L016;0;2
Centro;Lazio;VT;L017;15,5;47,05
Nord Est;Friuli- Venezia Giulia;UD;L018;3;2
Centro;Toscana;LI;L019;32,17;22,67
Nord Ovest;Lombardia;MN;L020;14,07;231,94
Nord Ovest;Lombardia;LC;L022;1;8
Isole;Sardegna;OR;L023;0;0
Nord Ovest;Liguria;IM;L024;83,32;68,77
Sud;Abruzzo;AQ;L025;26,67;38,75
Nord Est;Veneto;RO;L026;2;67,15
Nord Ovest;Piemonte;AL;L027;10,32;8
Nord Est;Veneto;BL;L030;5,5;11
Nord Ovest;Lombardia;VA;L032;4;37,44
Nord Est;Emilia-Romagna;RN;L034;0;2
Nord Ovest;Lombardia;SO;L035;14;7
Isole;Sardegna;NU;L036;1;0
Nord Ovest;Lombardia;BG;L037;4;14,63
Centro;Toscana;AR;L038;2,67;2
Nord Est;Friuli- Venezia Giulia;UD;L039;8;24
Nord Est;Veneto;BL;L040;9,98;11,66
Isole;Sicilia;ME;L042;21;35,75
Centro;Lazio;RI;L046;1;4
Sud;Abruzzo;CH;L047;2;0
Nord Ovest;Piemonte;CN;L048;7;18,5
Sud;Puglia;TA;L049;189,65;447,65
Nord Est;Friuli- Venezia Giulia;UD;L050;23,28;82,98
Sud;Calabria;CS;L055;0;0
Nord Ovest;Lombardia;SO;L056;1;1
Nord Est;Veneto;TV;L058;7;34
Nord Ovest;Piemonte;AL;L059;5;7
Sud;Campania;AV;L061;2;1
Sud;Campania;AV;L062;6;5
Sud;Calabria;RC;L063;8,13;13,75
Sud;Puglia;LE;L064;8,66;10,81
Nord Est;Friuli- Venezia Giulia;UD;L065;51;185,47
Nord Ovest;Piemonte;TO;L066;2;1
Sud;Molise;CB;L069;0;1
Sud;Calabria;CZ;L070;8;1
Nord Ovest;Lombardia;CO;L071;7;50,5
Nord Ovest;Lombardia;BG;L073;2;16,5
Sud;Puglia;LE;L074;7,87;12,67
Nord Ovest;Piemonte;BI;L075;1;7,5
Centro;Marche;PS;L078;0;3
Centro;Marche;PS;L081;4;76,47
Sud;Basilicata;PZ;L082;0;0
Sud;Campania;CE;L083;11;18,25
Nord Ovest;Lombardia;SO;L084;29,72;26,12
Nord Est;Veneto;VE;L085;4;9
Sud;Campania;BN;L086;5;19
Nord Ovest;Lombardia;BG;L087;12,49;63,83
Isole;Sardegna;SS;L088;1;1
Isole;Sardegna;SS;L093;8,09;21,66
Nord Ovest;Lombardia;BS;L094;19;121,24
Nord Est;Veneto;PD;L100;6;89,15
Sud;Campania;AV;L102;5;4
Sud;Abruzzo;TE;L103;144,4;229,02
Nord Ovest;Piemonte;NO;L104;0;4,83
Centro;Lazio;FR;L105;0,25;0
Sud;Puglia;BA;L109;64,83;74,83
Isole;Sicilia;PA;L112;31,06;20,88
Sud;Molise;CB;L113;52,75;338,59
Nord Ovest;Lombardia;VA;L115;5,17;17,68
Nord Ovest;Piemonte;BI;L116;2;2
Centro;Umbria;TR;L117;290,88;837,6
Nord Ovest;Lombardia;BG;L118;16,5;123,08
Centro;Lazio;LT;L120;79,18;156,39
Isole;Sardegna;OR;L122;0,75;3,5
Centro;Toscana;AR;L123;22,5;79,97
Sud;Calabria;CS;L124;3;1
Nord Ovest;Lombardia;LO;L125;1;7,5
Sud;Basilicata;PZ;L126;3;0
Sud;Calabria;RC;L127;0;0
Isole;Sicilia;PA;L131;11,5;54
Nord Est;Veneto;PD;L132;2;28,83
Sud;Calabria;CS;L134;0;0
Nord Est;Veneto;VR;L136;2;18,94
Centro;Toscana;PI;L138;13;27,5
Nord Ovest;Piemonte;AL;L139;2;9
Isole;Sardegna;NU;L140;1;2
Sud;Campania;NA;L142;13;7
Nord Ovest;Piemonte;AL;L143;1;4
Nord Ovest;Liguria;IM;L146;4;0
Centro;Lazio;VT;L150;5;1
Nord Ovest;Liguria;SV;L152;1;2
Isole;Sardegna;NU;L153;1;0
Isole;Sardegna;CA;L154;0;1
Sud;Campania;CE;L155;18;109
Nord Est;Veneto;VI;L156;7,5;106,67
Nord Est;Veneto;VI;L157;25,5;272,68
Isole;Sardegna;SS;L158;1;4
Isole;Sardegna;NU;L160;0;0
Nord Ovest;Lombardia;CR;L164;0;6
Nord Ovest;Piemonte;AL;L165;0;3
Sud;Puglia;LE;L166;4;0
Nord Ovest;Liguria;GE;L167;0;1
Nord Ovest;Piemonte;AT;L168;6;10,18
Nord Ovest;Lombardia;BS;L169;8,25;31
Isole;Sardegna;NU;L172;0;0,5
Sud;Abruzzo;AQ;L173;1;0
Nord Ovest;Lombardia;SO;L175;40,21;63,61
Sud;Calabria;CZ;L177;4,66;0
Isole;Sardegna;SS;L180;0;2
Sud;Basilicata;PZ;L181;14,25;18
Centro;Lazio;RM;L182;104,7;253,7
Nord Est;Emilia-Romagna;PR;L183;8;31
Nord Est;Emilia-Romagna;RE;L184;19,33;34,16
Sud;Campania;BN;L185;0;0
Sud;Abruzzo;PE;L186;2;3,97
Nord Ovest;Piemonte;VB;L187;5;10
Centro;Umbria;PG;L188;61,49;93,44
Centro;Lazio;RI;L189;3;2
Nord Ovest;Liguria;SV;L190;13,5;37,25
Centro;Marche;MC;L191;42,56;95,75
Centro;Lazio;RM;L192;13;11,08
Nord Ovest;Piemonte;BI;L193;4,67;16,67
Sud;Abruzzo;CH;L194;2;3
Nord Est;Friuli- Venezia Giulia;UD;L195;24,14;80,3
Sud;Basilicata;PZ;L197;1,63;7
Nord Est;Veneto;PD;L199;4;63,43
Isole;Sardegna;NU;L202;2;1,67
Nord Ovest;Piemonte;AT;L203;1;1
Nord Ovest;Piemonte;AT;L204;0;1
Sud;Campania;CE;L205;1;1
Sud;Calabria;CS;L206;1;2
Sud;Abruzzo;TE;L207;0;1,67
Nord Ovest;Lombardia;BS;L210;9;104,12
Sud;Campania;SA;L212;1;4
Sud;Puglia;BR;L213;0;9,5
Sud;Campania;AV;L214;3;5
Sud;Molise;CB;L215;4;1
Centro;Umbria;PG;L216;15,67;50,17
Nord Ovest;Valle d'Aosta;AO;L217;12,12;23,83
Sud;Abruzzo;CH;L218;7;15,96
Nord Ovest;Piemonte;TO;L219;5752,2;6108,77
Sud;Puglia;BA;L220;12;24,42
Nord Ovest;Lombardia;CR;L221;0;7
Nord Ovest;Piemonte;NO;L223;0;5
Sud;Abruzzo;CH;L224;3;4
Nord Ovest;Lombardia;CR;L225;0;0,67
Sud;Abruzzo;AQ;L227;1,5;4
Nord Ovest;Lombardia;CO;L228;15;22,8
Nord Est;Emilia-Romagna;PR;L229;1;7,25
Sud;Molise;CB;L230;2,5;2,5
Isole;Sardegna;NU;L231;1;1
Sud;Campania;SA;L233;1,64;1,64
Isole;Sardegna;SS;L235;0;3
Nord Ovest;Lombardia;PV;L237;2;11
Nord Ovest;Piemonte;TO;L238;4;34,5
Nord Ovest;Piemonte;BI;L239;0;3
Sud;Calabria;CZ;L240;0;0
Nord Ovest;Piemonte;CN;L241;0;4
Centro;Lazio;FR;L243;3;2
Nord Ovest;Lombardia;SO;L244;10,99;6,5
Sud;Campania;NA;L245;28,18;47,37
Nord Est;Friuli- Venezia Giulia;UD;L246;1;6
Nord Ovest;Piemonte;TO;L247;0,9;2,9
Nord Est;Veneto;VI;L248;10,76;53,18
Nord Ovest;Lombardia;PV;L250;0;5
Nord Ovest;Lombardia;BG;L251;31,12;158,86
Nord Ovest;Piemonte;CN;L252;0;1
Sud;Abruzzo;CH;L253;1;3
Sud;Campania;BN;L254;2;0
Nord Ovest;Lombardia;PV;L256;1;17,5
Nord Ovest;Lombardia;BG;L257;3;31,59
Nord Ovest;Lombardia;CR;L258;4;15,17
Sud;Campania;NA;L259;72,5;104,08
Nord Ovest;Lombardia;PV;L262;0;2
Sud;Abruzzo;PE;L263;0,17;3,3
Nord Ovest;Lombardia;BG;L265;4;52,72
Nord Est;Veneto;VE;L267;7,17;44,67
Nord Ovest;Lombardia;PV;L269;0;40
Nord Est;Veneto;PD;L270;3,67;41,72
Isole;Sicilia;ME;L271;2,5;10
Sud;Campania;AV;L272;2,67;2
Sud;Puglia;FG;L273;12,05;45,75
Sud;Campania;SA;L274;2;1
Nord Ovest;Lombardia;BG;L276;1;10,67
Nord Ovest;Piemonte;TO;L277;17,5;60,5
Nord Ovest;Piemonte;CN;L278;3,5;12,5
Centro;Marche;AP;L279;0;0
Sud;Puglia;BR;L280;1;10
Nord Ovest;Piemonte;CN;L281;0;1
Isole;Sicilia;PA;L282;5;2
Sud;Abruzzo;CH;L284;4;4
Nord Ovest;Lombardia;PV;L285;6;52
Centro;Lazio;RI;L286;5,52;11,66
Nord Est;Veneto;VR;L287;26,53;113,05
Centro;Lazio;FR;L290;6;2
Sud;Abruzzo;CH;L291;1;5
Nord Ovest;Lombardia;PV;L292;0;4
Centro;Lazio;RI;L293;3;0
Sud;Puglia;TA;L294;4,67;8
Sud;Abruzzo;TE;L295;5;2
Nord Ovest;Lombardia;CR;L296;0;2,5
Nord Est;Veneto;VI;L297;9;198,83
Nord Ovest;Liguria;GE;L298;18,75;16,5
Nord Est;Emilia-Romagna;PR;L299;23,67;111,17
Sud;Campania;AV;L301;1;0
Centro;Lazio;RM;L302;4;2
Centro;Toscana;SI;L303;14;37,34
Nord Ovest;Piemonte;AL;L304;67,14;254,24
Sud;Calabria;CS;L305;6;18
Sud;Campania;SA;L306;1,25;1
Sud;Abruzzo;TE;L307;147,16;389,54
Isole;Sicilia;ME;L308;6,5;2
Nord Est;Friuli- Venezia Giulia;UD;L309;6;25,67
Centro;Lazio;VT;L310;27,75;12,5
Nord Ovest;Lombardia;BS;L312;20,15;218,95
Sud;Abruzzo;TE;L314;2,5;0
Nord Ovest;Liguria;SV;L315;3;31,92
Nord Ovest;Lombardia;SO;L316;3;2
Isole;Sicilia;PA;L317;13,65;7
Nord Ovest;Lombardia;VA;L319;68,06;281,19
Isole;Sardegna;OR;L321;1;0,97
Sud;Campania;SA;L323;10,5;2
Nord Est;Friuli- Venezia Giulia;PN;L324;3;0
Nord Est;Friuli- Venezia Giulia;PN;L325;0;1
Sud;Basilicata;PZ;L326;8;4,5
Nord Ovest;Piemonte;TO;L327;8,54;33,58
Sud;Puglia;BA;L328;96,2;298,33
Nord Ovest;Lombardia;SO;L330;5,2;12
Isole;Sicilia;TP;L331;41,67;175,28
Isole;Sicilia;PA;L332;1;0
Nord Ovest;Piemonte;VB;L333;8;5
Sud;Abruzzo;AQ;L334;13,17;10,5
Nord Est;Friuli- Venezia Giulia;UD;L335;1;8
Nord Ovest;Piemonte;VB;L336;5,5;1
Isole;Sardegna;CA;L337;0;0
Nord Ovest;Lombardia;BS;L339;12;142,89
Nord Ovest;Piemonte;TO;L340;3,25;6
Nord Ovest;Lombardia;VA;L342;5,07;44,22
Nord Ovest;Piemonte;TO;L345;0;0
Nord Est;Emilia-Romagna;PR;L346;21;114,87
Nord Est;Friuli- Venezia Giulia;PN;L347;3,17;8
Nord Est;Emilia-Romagna;PC;L348;13,42;37,5
Nord Est;Veneto;PD;L349;10;89,67
Sud;Calabria;CS;L353;10,33;8
Isole;Sicilia;CT;L355;8,83;38,5
Nord Ovest;Piemonte;NO;L356;38,08;317,87
Sud;Basilicata;PZ;L357;0;1
Nord Est;Veneto;RO;L359;4;12,66
Nord Est;Emilia-Romagna;FO;L361;2;8
Sud;Abruzzo;CH;L363;0;4
Nord Est;Veneto;VR;L364;14,44;55,66
Centro;Marche;MC;L366;26;47,5
Nord Ovest;Piemonte;CN;L367;0;0
Isole;Sicilia;CT;L369;8,22;140,96
Nord Ovest;Lombardia;BS;L372;8,75;46,34
Sud;Campania;SA;L377;5,5;0
Sud;Campania;CE;L379;6;90,98
Nord Ovest;Lombardia;BS;L380;1;48,76
Nord Est;Friuli- Venezia Giulia;UD;L382;2;8
Sud;Puglia;LE;L383;5;26,17
Centro;Toscana;SI;L384;3;8,5
Centro;Toscana;MS;L386;13,84;3
Nord Ovest;Lombardia;BG;L388;20,32;118,28
Nord Ovest;Lombardia;CR;L389;2;44,33
Nord Ovest;Lombardia;SO;L392;9;19
Isole;Sardegna;OR;L393;3,67;1
Nord Est;Veneto;VR;L396;3;16,34
Centro;Umbria;PG;L397;14;28,86
Centro;Lazio;FR;L398;3;20
Sud;Campania;AV;L399;1;0
Nord Ovest;Lombardia;BG;L400;129,53;521,75
Centro;Lazio;RM;L401;19,57;38
Nord Est;Veneto;TV;L402;7,75;73,25
Nord Ovest;Piemonte;AL;L403;0;2
Nord Ovest;Lombardia;BG;L404;41,5;162,9
Nord Ovest;Lombardia;BS;L406;1;1,75
Nord Est;Veneto;TV;L407;267,04;1388,8
Nord Ovest;Lombardia;MI;L408;29;104
Nord Ovest;Lombardia;MI;L409;101,03;411,46
Nord Ovest;Piemonte;CN;L410;0;1
Nord Ovest;Lombardia;MI;L411;30,56;185,08
Nord Ovest;Lombardia;CO;L413;4;3
Nord Est;Veneto;PD;L414;2;29,33
Nord Ovest;Lombardia;MI;L415;0;95
Nord Ovest;Liguria;GE;L416;8;5
Sud;Basilicata;MT;L418;12,15;15
Sud;Puglia;LE;L419;18;31,35
Nord Ovest;Piemonte;VC;L420;0;6
Nord Est;Friuli- Venezia Giulia;UD;L421;16,06;68,89
Isole;Sardegna;NU;L423;0;0
Sud;Puglia;BA;L425;29,28;134,61
Nord Ovest;Lombardia;CR;L426;0,33;17,01
Nord Ovest;Piemonte;CN;L427;3;15
Isole;Sardegna;SS;L428;4;59,25
Nord Ovest;Piemonte;VC;L429;18,11;85,84
Nord Ovest;Liguria;IM;L430;8;1
Isole;Sicilia;ME;L431;0;0
Nord Ovest;Piemonte;AL;L432;0,5;3,5
Nord Est;Veneto;VI;L433;6;63,5
Nord Ovest;Lombardia;MI;L434;11;96,11
Sud;Molise;CB;L435;1,79;2
Centro;Lazio;FR;L437;0;0
Nord Est;Friuli- Venezia Giulia;UD;L438;0;9,8
Sud;Basilicata;PZ;L439;3;0
Nord Ovest;Lombardia;PV;L440;7;60,44
Nord Ovest;Piemonte;TO;L445;40;135,5
Sud;Puglia;FG;L447;16,06;11
Isole;Sicilia;EN;L448;12,68;30,27
Nord Ovest;Lombardia;PV;L449;5;38,85
Nord Ovest;Piemonte;VB;L450;16,5;8,5
Nord Ovest;Piemonte;VC;L451;9,25;29,66
Sud;Calabria;VV;L452;10;13
Nord Ovest;Lombardia;PV;L453;1;11
Nord Ovest;Lombardia;MI;L454;14;83,75
Sud;Molise;CB;L458;0;1
Sud;Abruzzo;CH;L459;2;0
Sud;Campania;NA;L460;0;8,5
Sud;Campania;AV;L461;2;4,77
Sud;Puglia;LE;L462;2;10,03
Isole;Sardegna;CA;L463;0;0
Isole;Sardegna;SS;L464;2;0
Centro;Umbria;PG;L466;10;29
Nord Ovest;Lombardia;LO;L469;0;25,38
Nord Ovest;Lombardia;CO;L470;39,51;144,35
Nord Ovest;Lombardia;MI;L471;6;68,18
Sud;Puglia;BA;L472;17,09;86,25
Isole;Sardegna;CA;L473;0;0
Sud;Abruzzo;PE;L475;0;0
Sud;Basilicata;MT;L477;5,33;7
Isole;Sicilia;ME;L478;7;7
Nord Ovest;Lombardia;VA;L480;40,62;200,06
Isole;Sicilia;ME;L482;2;0
Nord Est;Friuli- Venezia Giulia;UD;L483;514,44;1505,88
Sud;Puglia;LE;L484;4;36,71
Sud;Puglia;LE;L485;2;15,5
Nord Ovest;Lombardia;CO;L487;7,5;69,14
Isole;Sardegna;OR;L488;0;0
Isole;Sardegna;NU;L489;0;1
Sud;Calabria;KR;L492;0;0
Nord Ovest;Lombardia;BS;L494;5;27,67
Isole;Sardegna;OR;L496;0;1
Nord Est;Veneto;PD;L497;4;14,2
Centro;Marche;PS;L498;8;24,3
Nord Ovest;Liguria;SV;L499;3,33;9
Centro;Marche;PS;L500;15,67;41,72
Centro;Marche;MC;L501;0;8
Nord Ovest;Lombardia;BG;L502;20,36;130,84
Isole;Sardegna;SS;L503;1;4
Sud;Molise;CB;L505;1;8
Isole;Sardegna;NU;L506;0;0
Nord Ovest;Liguria;GE;L507;19,33;18
Isole;Sardegna;OR;L508;0;0
Isole;Sardegna;SS;L509;6,89;13
Nord Ovest;Lombardia;MI;L511;19,07;120,28
Isole;Sardegna;CA;L512;0;1
Isole;Sardegna;CA;L513;0;0
Isole;Sardegna;NU;L514;0;0
Nord Ovest;Piemonte;TO;L515;3;9
Nord Ovest;Piemonte;TO;L516;2;1
Centro;Marche;MC;L517;3;13,5
Isole;Sicilia;PA;L519;1;0
Isole;Sardegna;CA;L521;1;19
Centro;Toscana;PT;L522;11,67;83,5
Sud;Calabria;CS;L524;0;0
Centro;Lazio;RI;L525;5;2
Sud;Abruzzo;CH;L526;0,68;1,67
Nord Ovest;Liguria;SV;L528;35,26;36,79
Centro;Toscana;FI;L529;10,5;31,54
Nord Ovest;Piemonte;AT;L531;2;1
Sud;Basilicata;PZ;L532;1;3,6
Centro;Toscana;LU;L533;0;0
Nord Ovest;Lombardia;CR;L535;1;32,5
Centro;Toscana;PO;L537;20,5;62,42
Nord Ovest;Piemonte;TO;L538;4;14,17
Nord Ovest;Lombardia;CR;L539;4,5;61,57
Sud;Campania;CE;L540;15;30
Nord Ovest;Lombardia;BG;L544;4,53;54,33
Nord Ovest;Lombardia;BG;L545;9;59,25
Nord Ovest;Liguria;GE;L546;7;0,89
Nord Ovest;Lombardia;CO;L547;9;19
Nord Est;Veneto;VI;L551;71,98;193,04
Nord Est;Veneto;VI;L554;5,5;5
Nord Ovest;Piemonte;TO;L555;19,25;67,25
Nord Ovest;Piemonte;BI;L556;13;37
Nord Ovest;Lombardia;SO;L557;50,95;98,31
Nord Ovest;Piemonte;CN;L558;4,5;8,5
Isole;Sicilia;ME;L561;2,5;2
Nord Ovest;Lombardia;PV;L562;3;26
Nord Ovest;Lombardia;SO;L563;53,79;69,25
Nord Est;Veneto;TV;L565;15;46,16
Nord Ovest;Piemonte;VC;L566;5,5;17,75
Nord Est;Veneto;VR;L567;16,59;230,5
Nord Ovest;Lombardia;PV;L568;0;1
Centro;Lazio;VT;L569;5,17;8,5
Nord Ovest;Piemonte;AL;L570;92,5;170,76
Sud;Puglia;BA;L571;38;107,67
Nord Ovest;Lombardia;LO;L572;2;20,66
Centro;Umbria;PG;L573;6;7,83
Nord Ovest;Piemonte;AT;L574;4;17
Nord Ovest;Lombardia;SO;L576;29,92;42,92
Nord Ovest;Lombardia;VA;L577;2;11,5
Nord Ovest;Piemonte;TO;L578;3,5;21
Nord Ovest;Lombardia;BG;L579;3,67;27
Nord Ovest;Piemonte;CN;L580;3;7
Nord Ovest;Lombardia;LC;L581;3;19
Nord Ovest;Valle d'Aosta;AO;L582;6;2
Isole;Sicilia;EN;L583;10,72;24,66
Nord Est;Veneto;BL;L584;6,5;7
Nord Ovest;Piemonte;BI;L586;5;4
Sud;Campania;AV;L589;5,5;3,5
Nord Est;Veneto;BL;L590;4,73;13,11
Sud;Campania;CE;L591;2;5
Nord Ovest;Lombardia;PV;L593;4,5;14,5
Sud;Campania;CE;L594;2;0
Nord Ovest;Liguria;IM;L596;9;3
Sud;Abruzzo;TE;L597;2;2
Centro;Lazio;FR;L598;0;0
Nord Ovest;Liguria;IM;L599;39,81;56,1
Isole;Sicilia;PA;L603;0;0
Isole;Sardegna;SS;L604;13;119
Centro;Lazio;FR;L605;0;0
Sud;Calabria;VV;L607;0;0
Isole;Sicilia;CL;L609;3,5;3
Centro;Lazio;RM;L611;0;0
Centro;Lazio;VT;L612;3,17;5,61
Isole;Sardegna;CA;L613;0;0
Centro;Lazio;FR;L614;6;3
Sud;Campania;AV;L616;1;2
Nord Ovest;Lombardia;PV;L617;2;9,28
Nord Ovest;Piemonte;BI;L620;6;14
Nord Ovest;Lombardia;BG;L623;3,05;11,85
Nord Est;Veneto;VI;L624;5,5;12,84
Centro;Lazio;RM;L625;2;0
Nord Ovest;Lombardia;BS;L626;1,34;15,92
Centro;Umbria;PG;L627;2;0
Sud;Campania;SA;L628;12,67;14
Nord Ovest;Piemonte;TO;L629;0;5
Nord Ovest;Piemonte;CN;L631;1;1
Nord Ovest;Piemonte;AL;L633;3;5
Nord Ovest;Lombardia;LC;L634;22,58;87,45
Nord Ovest;Lombardia;SO;L638;9,5;3,25
Centro;Lazio;RM;L639;15;23
Nord Ovest;Lombardia;CO;L640;9,67;24,17
Nord Est;Emilia-Romagna;PR;L641;3;5
Nord Ovest;Lombardia;BG;L642;0;1
Nord Ovest;Valle d'Aosta;AO;L643;0,33;1,33
Nord Ovest;Piemonte;TO;L644;8;33,74
Nord Ovest;Valle d'Aosta;AO;L647;5;1
Nord Ovest;Piemonte;VB;L651;3,01;1
Centro;Umbria;PG;L653;4;1,83
Nord Ovest;Valle d'Aosta;AO;L654;34,99;112,59
Nord Ovest;Lombardia;BG;L655;3;5
Sud;Campania;SA;L656;0;2
Isole;Sicilia;CT;L658;4;36,75
Nord Ovest;Lombardia;MI;L664;15,42;84,22
Nord Ovest;Lombardia;MI;L665;50,22;149,95
Nord Ovest;Piemonte;VB;L666;4;3
Nord Ovest;Lombardia;MI;L667;52,75;161,19
Nord Ovest;Piemonte;NO;L668;1;8
Nord Ovest;Piemonte;VC;L669;25,16;35,17
Nord Ovest;Piemonte;NO;L670;8;54,56
Nord Ovest;Lombardia;VA;L671;4,25;28
Nord Est;Emilia-Romagna;PR;L672;5,5;28,65
Sud;Calabria;RC;L673;0,82;1
Nord Ovest;Liguria;SV;L675;119,07;297,39
Centro;Lazio;RI;L676;3;0
Nord Ovest;Lombardia;MI;L677;69,41;164,14
Nord Ovest;Lombardia;LC;L680;3;22
Nord Ovest;Liguria;SP;L681;3,5;0
Nord Ovest;Lombardia;VA;L682;266,69;917,01
Nord Ovest;Piemonte;TO;L685;2;10
Nord Est;Friuli- Venezia Giulia;UD;L686;4;11,55
Nord Est;Emilia-Romagna;PR;L689;8;11,67
Nord Ovest;Lombardia;PV;L690;5;28,5
Nord Ovest;Piemonte;VB;L691;20,5;21
Nord Ovest;Liguria;IM;L693;6;0
Sud;Molise;IS;L696;0;0
Nord Ovest;Piemonte;TO;L698;8;12
Sud;Calabria;VV;L699;1;0
Nord Est;Veneto;TV;L700;9,37;35,66
Centro;Toscana;PI;L702;22;50,52
Nord Ovest;Lombardia;VA;L703;20,33;78,54
Nord Ovest;Lombardia;MI;L704;37;112
Nord Est;Veneto;TV;L706;20,16;134,02
Nord Ovest;Lombardia;BG;L707;2;5
Nord Ovest;Lombardia;MI;L709;6,5;35
Nord Est;Veneto;PD;L710;3;71,27
Sud;Puglia;LE;L711;5;14,8
Nord Ovest;Piemonte;BI;L712;4;3
Centro;Lazio;VT;L713;7,38;3
Nord Ovest;Lombardia;CO;L715;2;3
Nord Ovest;Lombardia;PV;L716;0;0
Centro;Lazio;RM;L719;84,83;198,06
Nord Ovest;Lombardia;PV;L720;3;39,17
Nord Est;Veneto;VR;L722;2,5;12
Nord Est;Veneto;VI;L723;5;16,09
Sud;Molise;IS;L725;14;31
Nord Ovest;Piemonte;TO;L726;2;6
Nord Ovest;Piemonte;TO;L727;80;252,64
Centro;Marche;AP;L728;6;4
Nord Ovest;Piemonte;CN;L729;17,17;12
Nord Ovest;Liguria;SV;L730;0;0
Nord Ovest;Lombardia;VA;L733;10,34;55,1
Nord Ovest;Lombardia;VA;L734;16,33;98,4
Isole;Sicilia;ME;L735;11;9
Nord Est;Veneto;VE;L736;414,52;2030,33
Nord Ovest;Lombardia;CO;L737;7;35
Sud;Basilicata;PZ;L738;17,64;29,31
Sud;Campania;AV;L739;2;3
Isole;Sicilia;PA;L740;0;1
Nord Ovest;Liguria;IM;L741;113,1;129,04
Centro;Lazio;LT;L742;3;0
Nord Est;Friuli- Venezia Giulia;UD;L743;1,43;8
Nord Ovest;Lombardia;MI;L744;17;94,5
Nord Ovest;Piemonte;VB;L746;152,87;352,51
Sud;Calabria;CS;L747;0;0
Nord Ovest;Lombardia;CO;L748;4;11
Nord Ovest;Lombardia;SO;L749;8;0
Nord Ovest;Piemonte;VC;L750;150,91;437,16
Nord Ovest;Lombardia;LC;L751;9,73;24,67
Nord Ovest;Lombardia;BG;L752;17,12;57,42
Nord Ovest;Lombardia;BG;L753;16,05;88,92
Nord Ovest;Piemonte;CN;L758;10;11
Nord Est;Emilia-Romagna;BO;L762;25,83;70,47
Nord Est;Emilia-Romagna;FO;L764;4,2;17,84
Nord Ovest;Lombardia;VA;L765;17;88,51
Nord Ovest;Piemonte;CN;L771;9,28;8
Nord Est;Emilia-Romagna;PC;L772;3,33;15
Nord Ovest;Lombardia;MI;L773;8,5;62,17
Nord Ovest;Liguria;SP;L774;12;3
Centro;Toscana;PO;L775;29,76;31,05
Sud;Puglia;LE;L776;1;8,89
Nord Ovest;Lombardia;BS;L777;4;63,83
Nord Ovest;Lombardia;BS;L778;8;28,83
Nord Ovest;Piemonte;TO;L779;7;52,46
Centro;Lazio;FR;L780;17,25;9,66
Nord Est;Veneto;VR;L781;962,99;3394,67
Nord Ovest;Valle d'Aosta;AO;L783;10,5;5,5
Nord Ovest;Lombardia;PV;L784;2;1
Nord Ovest;Piemonte;BI;L785;1;12,5
Nord Ovest;Piemonte;TO;L787;2;9
Nord Ovest;Lombardia;PV;L788;2;5
Nord Ovest;Lombardia;CO;L792;5;40
Nord Ovest;Lombardia;BG;L795;4,83;46,66
Nord Est;Emilia-Romagna;RN;L797;4;88,5
Nord Ovest;Lombardia;SO;L799;2;0
Nord Est;Friuli- Venezia Giulia;UD;L801;1;1
Sud;Calabria;KR;L802;1;0
Nord Ovest;Piemonte;CN;L804;24,2;45,2
Nord Est;Veneto;PD;L805;0;13,9
Nord Ovest;Lombardia;CR;L806;4;40,33
Nord Ovest;Piemonte;AT;L807;0;0
Nord Ovest;Piemonte;NO;L808;1;15
Nord Ovest;Liguria;IM;L809;3;1
Nord Est;Veneto;VR;L810;7;11,33
Nord Ovest;Piemonte;TO;L811;2;6
Nord Ovest;Lombardia;BS;L812;3;32,22
Centro;Lazio;VT;L814;42,45;52,23
Nord Est;Emilia-Romagna;RE;L815;5;11
Nord Ovest;Lombardia;BS;L816;12,55;55
Nord Ovest;Piemonte;CN;L817;4;21
Nord Ovest;Liguria;SP;L819;34;18,5
Nord Est;Emilia-Romagna;RE;L820;10;41,85
Nord Ovest;Liguria;SV;L823;3;3
Nord Ovest;Lombardia;MN;L826;25,4;261,71
Nord Ovest;Lombardia;BG;L827;3,07;5,99
Isole;Sicilia;CT;L828;5,25;44,5
Nord Ovest;Piemonte;AT;L829;0;1
Nord Ovest;Piemonte;TO;L830;0;2
Nord Est;Emilia-Romagna;RE;L831;4;39,07
Centro;Toscana;LU;L833;110,08;217,91
Nord Ovest;Piemonte;AT;L834;1;3
Sud;Campania;SA;L835;5;6,89
Centro;Lazio;FR;L836;0;1
Isole;Sicilia;PA;L837;9;0
Centro;Toscana;FI;L838;13,53;57,5
Nord Est;Veneto;VI;L840;259,62;1831,32
Nord Ovest;Piemonte;CN;L841;8,67;16,67
Sud;Puglia;FG;L842;22,09;25,83
Centro;Lazio;FR;L843;1;0
Sud;Campania;CE;L844;9,3;5
Sud;Campania;NA;L845;18,83;68,72
Sud;Abruzzo;PE;L846;0;6
Nord Ovest;Piemonte;NO;L847;0;0
Nord Est;Emilia-Romagna;PC;L848;7;18
Centro;Toscana;PI;L850;32;61,6
Centro;Lazio;RM;L851;6,33;12,09
Nord Ovest;Lombardia;PV;L854;16,5;120,75
Nord Est;Veneto;TV;L856;4;32,5
Nord Ovest;Piemonte;TO;L857;5;7
Sud;Puglia;FG;L858;43,95;58,21
Sud;Basilicata;PZ;L859;7,34;2
Sud;Campania;SA;L860;17,11;6
Nord Ovest;Lombardia;BG;L865;2;15,67
Nord Ovest;Lombardia;LC;L866;2,25;23,5
Nord Est;Emilia-Romagna;FE;L868;10;102,35
Nord Est;Veneto;VR;L869;17;135,43
Nord Ovest;Lombardia;PV;L872;158,83;618,21
Sud;Basilicata;PZ;L873;2,67;0
Sud;Basilicata;PZ;L874;13;4,78
Nord Ovest;Lombardia;VA;L876;8;50
Nord Est;Veneto;PD;L878;1;16,33
Nord Ovest;Piemonte;AT;L879;2;3
Nord Ovest;Piemonte;BI;L880;25,5;80,5
Nord Ovest;Piemonte;AL;L881;1;5
Centro;Lazio;VT;L882;14,78;20,55
Nord Ovest;Lombardia;MI;L883;45,5;154,6
Nord Est;Emilia-Romagna;MO;L885;110,09;363
Nord Ovest;Piemonte;AL;L887;3;7,5
Nord Ovest;Piemonte;CN;L888;8,5;36,5
Nord Ovest;Piemonte;VB;L889;1;15
Nord Est;Veneto;BL;L890;4,67;8,33
Nord Est;Veneto;PD;L892;11,75;159,17
Nord Ovest;Lombardia;BG;L894;0;0
Nord Est;Emilia-Romagna;PC;L897;4;29,41
Nord Ovest;Piemonte;TO;L898;22;46
Nord Est;Veneto;VE;L899;7;105,84
Nord Est;Veneto;PD;L900;12,11;388,24
Nord Ovest;Piemonte;AL;L904;9,5;26,5
Centro;Lazio;FR;L905;0;2
Nord Ovest;Piemonte;VB;L906;9,33;35,99
Nord Ovest;Lombardia;SO;L907;17;2,75
Nord Ovest;Lombardia;SO;L908;17,13;14
Nord Est;Friuli- Venezia Giulia;UD;L909;3;15,5
Nord Est;Veneto;VR;L912;5,5;44,67
Centro;Toscana;LU;L913;3;4,25
Isole;Sicilia;PA;L916;17,67;15
Nord Ovest;Lombardia;PV;L917;0;0
Nord Ovest;Lombardia;BS;L919;24;104
Sud;Puglia;BR;L920;8;11,6
Sud;Abruzzo;PE;L922;0;0
Nord Ovest;Lombardia;BS;L923;0;13,37
Isole;Sardegna;CA;L924;7;1
Centro;Toscana;LU;L926;2;5,17
Nord Ovest;Lombardia;MI;L928;25,34;84,42
Nord Ovest;Lombardia;BG;L929;4,57;50,25
Nord Ovest;Piemonte;AL;L931;1;3
Nord Ovest;Piemonte;BI;L933;1;1
Nord Est;Veneto;PD;L934;0;16,5
Nord Ovest;Lombardia;BG;L936;18,09;91,85
Nord Est;Veneto;PD;L937;2;10,5
Nord Ovest;Lombardia;BG;L938;2;19,81
Nord Est;Veneto;RO;L939;1;32,52
Nord Ovest;Piemonte;CN;L942;4,8;16,5
Nord Ovest;Liguria;IM;L943;1;0
Isole;Sicilia;AG;L944;2;0
Nord Ovest;Piemonte;AT;L945;4,83;10,08
Centro;Toscana;MS;L946;10,49;18,5
Nord Est;Veneto;PD;L947;8;121,5
Nord Ovest;Piemonte;TO;L948;18,5;44,44
Nord Est;Veneto;VR;L949;33,78;297,04
Isole;Sicilia;ME;L950;13,66;19,5
Isole;Sicilia;PA;L951;1,67;1
Nord Est;Veneto;VI;L952;0;6
Isole;Sardegna;NU;L953;3;2
Nord Ovest;Lombardia;CO;L956;13,97;93,79
Sud;Abruzzo;AQ;L958;4;4
Isole;Sicilia;CL;L959;1;2,83
Sud;Abruzzo;CH;L961;1;2
Nord Ovest;Piemonte;AL;L963;0;4
Sud;Abruzzo;CH;L964;0;12
Sud;Campania;AV;L965;4;0
Isole;Sardegna;CA;L966;1;0
Nord Est;Veneto;RO;L967;1;8
Isole;Sardegna;CA;L968;0;1
Nord Est;Emilia-Romagna;RE;L969;16,43;24,43
Nord Ovest;Piemonte;AL;L970;0;0
Nord Ovest;Piemonte;AL;L972;2;18,01
Sud;Campania;AV;L973;1;2
Nord Ovest;Piemonte;CN;L974;22,5;54,33
Nord Ovest;Liguria;SV;L975;8;18,5
Nord Ovest;Lombardia;LO;L977;2;25,73
Nord Ovest;Piemonte;BI;L978;0;0
Nord Est;Veneto;PD;L979;1;73,64
Nord Est;Emilia-Romagna;PC;L980;0;6
Nord Ovest;Valle d'Aosta;AO;L981;2,09;21
Nord Ovest;Piemonte;TO;L982;5,5;9,5
Nord Ovest;Lombardia;PV;L983;0;7,5
Nord Ovest;Piemonte;AT;L984;10;31,33
Nord Est;Veneto;RO;L985;1;5,5
Isole;Sardegna;CA;L986;1;0
Isole;Sardegna;CA;L987;0,9;0
Nord Est;Veneto;RO;L988;2;4,5
Isole;Sardegna;SS;L989;4;4
Nord Ovest;Piemonte;CN;L990;1,17;9,83
Isole;Sardegna;OR;L991;0;0
Isole;Sardegna;NU;L992;0;0
Nord Ovest;Lombardia;PV;L994;9;35
Nord Ovest;Lombardia;BS;L995;6;79,42
Isole;Sardegna;CA;L998;2;1
Nord Ovest;Piemonte;TO;L999;9,25;27,26
Nord Ovest;Piemonte;TO;M002;8;50
Nord Ovest;Piemonte;VC;M003;0;0
Nord Ovest;Piemonte;TO;M004;0;10,5
Nord Ovest;Piemonte;TO;M007;6,25;22,88
Nord Ovest;Piemonte;AL;M009;1;4
Isole;Sicilia;EN;M011;7;12,25
Nord Ovest;Piemonte;TO;M013;1;4
Nord Ovest;Piemonte;TO;M014;18;52,87
Nord Ovest;Piemonte;CN;M015;6,5;8,5
Isole;Sardegna;CA;M016;0;0
Nord Ovest;Lombardia;MI;M017;101;290,48
Sud;Calabria;RC;M018;8,17;23
Nord Ovest;Piemonte;AT;M019;0;2
Sud;Abruzzo;AQ;M021;2;0
Sud;Abruzzo;CH;M022;2;6
Sud;Abruzzo;AQ;M023;2,5;1,5
Isole;Sardegna;CA;M025;1;4
Isole;Sardegna;CA;M026;0;3
Nord Ovest;Piemonte;TO;M027;22;34,5
Nord Ovest;Piemonte;VC;M028;3;4,5
Isole;Sardegna;OR;M030;0;1
Sud;Abruzzo;AQ;M031;3;1
Nord Est;Veneto;VI;M032;4,33;60,83
Sud;Abruzzo;AQ;M041;6;6
Nord Ovest;Piemonte;VB;M042;2;0,5
Nord Ovest;Lombardia;MN;M044;1;11
Nord Ovest;Lombardia;BG;M045;22,76;96
Nord Est;Veneto;TV;M048;36,8;216,47
Nord Ovest;Lombardia;BG;M050;1,25;13,72
Nord Ovest;Lombardia;MI;M052;90,97;341,76
Nord Ovest;Lombardia;MI;M053;68,5;225,97
Nord Ovest;Piemonte;CN;M055;6;3
Sud;Molise;CB;M057;6;9
Nord Ovest;Piemonte;AT;M058;1,99;3
Centro;Toscana;FI;M059;34,78;105,93
Nord Ovest;Piemonte;TO;M060;79,25;256,33
Nord Ovest;Piemonte;NO;M062;1;5
Nord Ovest;Piemonte;CN;M063;46,24;55,39
Nord Ovest;Lombardia;BS;M065;10,5;34,83
Nord Ovest;Piemonte;TO;M069;8,34;16,17
Nord Ovest;Lombardia;BS;M070;1;6,25
Nord Ovest;Piemonte;TO;M071;0;4
Sud;Campania;NA;M072;1;2,16
Nord Ovest;Piemonte;AL;M077;12;14,05
Centro;Marche;MC;M078;1,5;5,67
Nord Ovest;Lombardia;PV;M079;1;20
Nord Ovest;Piemonte;TO;M080;4;4
Isole;Sicilia;TP;M081;1;2
Centro;Lazio;VT;M082;253,8;583,81
Centro;Lazio;FR;M083;0;1
Nord Est;Friuli- Venezia Giulia;PN;M085;1;8
Centro;Lazio;VT;M086;19,34;22,5
Isole;Sicilia;RG;M088;38,82;139,29
Nord Est;Veneto;TV;M089;107,59;282,14
Sud;Abruzzo;AQ;M090;1;1,5
Nord Ovest;Lombardia;MI;M091;37,87;136,17
Sud;Campania;CE;M092;14,81;53
Sud;Campania;BN;M093;2,5;0
Nord Ovest;Piemonte;TO;M094;9;12
Centro;Lazio;RM;M095;0;0
Nord Est;Friuli- Venezia Giulia;PN;M096;1;11
Nord Ovest;Piemonte;BI;M098;9;11
Isole;Sicilia;CT;M100;3,67;14,5
Nord Ovest;Lombardia;VA;M101;0;6,02
Nord Ovest;Lombardia;MI;M102;8;69,17
Nord Est;Veneto;PD;M103;3;26,34
Nord Ovest;Lombardia;BS;M104;11,12;62,5
Nord Ovest;Liguria;GE;M105;12,33;5
Nord Ovest;Piemonte;VC;M106;0;0
Nord Est;Veneto;BL;M108;19,89;44,25
Nord Ovest;Lombardia;PV;M109;127,3;346,89
Nord Est;Emilia-Romagna;FE;M110;4;23,75
Nord Ovest;Piemonte;VB;M111;4;14,25
Sud;Campania;NA;M115;20,85;88,83
Nord Ovest;Lombardia;CR;M116;0;1
Nord Est;Veneto;TV;M118;3;79,5
Nord Ovest;Lombardia;PV;M119;1;5,99
Nord Ovest;Piemonte;AL;M120;2,5;7
Nord Ovest;Piemonte;AL;M121;1;2
Nord Ovest;Piemonte;TO;M122;37,27;225,5
Nord Ovest;Piemonte;AL;M123;3;6,5
Nord Est;Veneto;BL;M124;6,45;11,38
Nord Ovest;Lombardia;MN;M125;3,5;53,82
Centro;Toscana;PI;M126;57,25;23,1
Nord Ovest;Lombardia;CR;M127;0;1
Sud;Campania;AV;M130;6,14;5,04
Sud;Puglia;FG;M131;1;0
Sud;Puglia;FG;M132;4;3
Nord Ovest;Piemonte;TO;M133;24,67;101,62
Nord Ovest;Piemonte;CN;M136;4;6
Sud;Calabria;VV;M138;0;3
Isole;Sicilia;CT;M139;20;21,75
Sud;Calabria;CZ;M140;0;1
Centro;Lazio;RM;M141;64,98;43,49
Sud;Calabria;VV;M143;0;3
Nord Ovest;Lombardia;BG;M144;3;23
Nord Est;Veneto;VI;M145;5,02;47,39
Nord Ovest;Lombardia;BG;M147;13,11;127,19
Nord Ovest;Lombardia;PV;M150;2;4
Nord Ovest;Lombardia;PV;M152;5;29,39
Isole;Sardegna;OR;M153;1;1
Nord Ovest;Lombardia;CO;M156;2,67;4
Nord Ovest;Lombardia;LO;M158;21;135,82
Nord Ovest;Lombardia;PV;M161;1;12,5
Nord Ovest;Lombardia;PV;M162;4,84;6
Nord Est;Veneto;TV;M163;6;17,67
Nord Est;Emilia-Romagna;PC;M165;0;4
Nord Ovest;Lombardia;PV;M166;4;6
Nord Ovest;Lombardia;PV;M167;0;9
Isole;Sardegna;OR;M168;0;2
Centro;Toscana;MS;M169;17;2
Nord Est;Veneto;VI;M170;0;5
Nord Est;Veneto;TV;M171;11,6;126,74
Nord Est;Veneto;VR;M172;23,5;221,17
Nord Ovest;Lombardia;MI;M176;9;110,66
Nord Ovest;Liguria;SP;M177;0;1
Nord Est;Veneto;VR;M178;3,22;35
Nord Ovest;Piemonte;BI;M179;1;3
Nord Ovest;Lombardia;PV;M180;6,45;44,28
Nord Ovest;Liguria;GE;M182;17;50,76
Nord Est;Emilia-Romagna;MO;M183;21,18;76,25
Nord Ovest;Lombardia;BG;M184;22,5;76,18
Nord Est;Emilia-Romagna;BO;M185;55,65;309,55
Sud;Puglia;LE;M187;1;2,33
Nord Ovest;Lombardia;BS;M188;5;6
Nord Est;Veneto;BL;M189;0;0
Nord Est;Friuli- Venezia Giulia;PN;M190;5;55,32
Nord Est;Veneto;VI;M194;1;6,3
Nord Ovest;Piemonte;BI;M196;4;9
Nord Ovest;Liguria;SV;M197;4;2
Nord Est;Veneto;VI;M199;8;44,27
Nord Est;Friuli- Venezia Giulia;UD;M200;0;1
Nord Ovest;Piemonte;BI;M201;2;10
Sud;Calabria;CS;M202;7,5;4
Sud;Campania;AV;M203;0;0
Sud;Calabria;VV;M204;1;1
Centro;Lazio;RM;M207;7;56,5
Sud;Calabria;CZ;M208;40;81,34
Isole;Sardegna;CA;M209;0;0
Isole;Sicilia;ME;M210;3,83;16
Isole;Sicilia;ME;M211;9;6
Centro;Lazio;RM;M212;43,91;334,94
Centro;Lazio;RM;M213;113,26;351,96
Isole;Sardegna;SS;M214;2;24
Sud;Campania;SA;M253;2;1
Sud;Abruzzo;AQ;M255;3;0
Sud;Basilicata;MT;M256;7;21,04
Isole;Sicilia;SR;M257;3,42;2
Centro;Umbria;TR;M258;7,83;9,58
Isole;Sardegna;SS;M259;0;21
Sud;Campania;CE;M260;0;1,82
Sud;Puglia;LE;M261;4;5
Sud;Puglia;LE;M263;1;36
Sud;Puglia;LE;M264;1;3
Nord Est;Friuli- Venezia Giulia;PN;M265;2;5,39
Sud;Puglia;FG;M266;2;3
Isole;Sicilia;PA;M268;2,25;1
Sud;Basilicata;PZ;M269;2;2
Isole;Sardegna;CA;M270;0;0
Isole;Sicilia;CT;M271;1;6
Centro;Lazio;RM;M272;103;413,21
Sud;Campania;NA;M273;10,78;22,14
Isole;Sardegna;SS;M274;16;55,2
Isole;Sardegna;SS;M275;3;47,08
Isole;Sardegna;SS;M276;1;1,02
Sud;Calabria;RC;M277;3;1
Isole;Sardegna;CA;M278;0;0
Isole;Sicilia;SR;M279;2,75;17,32
Sud;Campania;NA;M280;21,25;12,58
Isole;Sicilia;TP;M281;2,4;3,5
Isole;Sardegna;SS;M282;0;4
Isole;Sicilia;CT;M283;0;1
Isole;Sardegna;SS;M284;3;1
Isole;Sicilia;ME;M286;10;4
Isole;Sicilia;CT;M287;6,5;9,51
Isole;Sardegna;CA;M288;0;4
Sud;Campania;NA;M289;2;1,28
Isole;Sardegna;SS;M290;5;13,67
Isole;Sardegna;CA;M291;0;0
Isole;Sardegna;SS;M292;1;2,66
Sud;Campania;SA;M294;8;23,5
Centro;Lazio;RM;M295;24,33;49,17
Centro;Lazio;RM;M297;226,41;892,34
Sud;Puglia;TA;M298;6,83;27,17
Nord Est;Veneto;PD;M300;5;99,49
Isole;Sardegna;SS;M301;2;0
Nord Ovest;Piemonte;AT;M302;2;4
Nord Est;Veneto;VE;M308;22,82;290,19
Nord Ovest;Lombardia;BS;M312;19,39;247,75
Nord Ovest;Lombardia;CO;M315;26;41,12
Nord Ovest;Piemonte;TO;M316;31;126,67
Nord Est;Friuli- Venezia Giulia;UD;M317;6,5;33
Centro;Marche;AN;M318;20,78;96,67
Centro;Toscana;LU;M319;7;1,5
Nord Est;Emilia-Romagna;BO;M320;94,85;389,52
Centro;Toscana;FI;M321;64,14;239,84
Centro;Toscana;AR;M322;27,75;78,17
Nord Est;Emilia-Romagna;FE;M323;10,7;74,44
Nord Est;Emilia-Romagna;RN;M324;1,67;31,5
Nord Est;Emilia-Romagna;PR;M325;14,56;72,09
Centro;Toscana;FI;M326;22,88;83,86
Centro;Toscana;PI;M327;54,66;86,8
Centro;Toscana;PI;M328;10;27
Centro;Toscana;AR;M329;20,84;26,38
Sud;Campania;AV;M330;16;45,17
Centro;Marche;PS;M331;20,22;139,33
Nord Est;Veneto;BL;M332;5;14
Nord Ovest;Lombardia;BG;M333;6;46
Nord Ovest;Lombardia;BG;M334;7,17;20,95
Nord Ovest;Lombardia;CO;M335;16,59;35,17
Nord Ovest;Lombardia;CO;M336;10;51,52
Nord Ovest;Lombardia;LC;M337;20;73,17
Nord Ovest;Lombardia;PV;M338;0;2,33
Nord Ovest;Lombardia;VA;M339;15,12;31,5
Nord Ovest;Lombardia;MN;M340;27;206,11
Nord Ovest;Lombardia;CO;M341;31,5;80,06
Nord Est;Veneto;BL;M342;7,63;21,09
Nord Est;Friuli- Venezia Giulia;PN;M346;2;16,75
Centro;Toscana;LU;M347;2,5;0
Nord Ovest;Lombardia;LC;M348;7,32;48,91
Nord Est;Emilia-Romagna;RE;M364;37,42;40,7
Nord Est;Emilia-Romagna;PR;M367;1;14,5
Nord Est;Emilia-Romagna;RN;M368;1,5;57,66
Nord Est;Emilia-Romagna;BO;M369;24,25;47
Nord Ovest;Piemonte;VB;M370;11,34;1,78
Nord Ovest;Piemonte;BI;M371;8;13
Nord Ovest;Lombardia;PV;M372;1;12
Nord Ovest;Piemonte;BI;M373;5;6,34
Nord Est;Veneto;BL;M374;28,24;49,23
Nord Est;Veneto;BL;M375;11,19;27,13
Centro;Toscana;PT;M376;12,51;25,89
Centro;Toscana;PT;M377;16,25;31,52
Centro;Toscana;SI;M378;9,45;29,53
Centro;Marche;PS;M379;5,67;14
Centro;Marche;PS;M380;16,04;80,11
Nord Est;Emilia-Romagna;FE;M381;20,25;146,21
Centro;Marche;MC;M382;1,5;3,5
Nord Ovest;Lombardia;CO;M383;11,78;56,85
Nord Est;Veneto;VI;M384;10,01;17,14
Sud;Calabria;CS;M385;6,67;7
Nord Est;Emilia-Romagna;PC;M386;7,83;23,09
Nord Ovest;Liguria;IM;M387;8;1
Nord Ovest;Piemonte;AL;M388;2;7,31
Nord Ovest;Piemonte;VC;M389;1;1
Centro;Toscana;LI;M391;21,79;44,34
Centro;Toscana;AR;M392;12;36,61
Nord Ovest;Lombardia;LO;M393;0;7,5
Nord Ovest;Lombardia;CO;M394;3,22;40,06
Nord Ovest;Lombardia;LC;M395;4;4
Nord Ovest;Lombardia;MN;M396;3,33;39,37
Nord Ovest;Piemonte;AL;M397;6;8,5
Nord Ovest;Piemonte;VC;M398;9;9,33
Nord Est;Friuli- Venezia Giulia;UD;M399;3,25;5
Nord Est;Veneto;VI;M401;7,12;33,62
Nord Est;Veneto;PD;M402;5;47,5
Sud;Calabria;CS;M403;102,75;104,89
Nord Ovest;Piemonte;VB;M404;11;5
Nord Ovest;Piemonte;TO;M405;9;12,15
Nord Ovest;Lombardia;MN;M406;3;9,34
Centro;Toscana;FI;M408;26,49;85,34
Nord Est;Emilia-Romagna;FE;M409;9,25;60,88
Nord Est;Emilia-Romagna;FE;M410;8,4;58,07
Nord Est;Emilia-Romagna;PR;M411;30,67;155,43
Nord Ovest;Lombardia;CO;M412;11,33;38,17
Centro;Marche;PS;M413;6;24,5
Nord Ovest;Piemonte;BI;M414;1;17,66
Nord Ovest;Piemonte;TO;M415;5;14,5
Nord Ovest;Piemonte;NO;M416;6;45,56
Nord Ovest;Piemonte;BI;M417;32,31;62,16
Nord Ovest;Lombardia;CR;M418;6;30
Nord Ovest;Lombardia;PV;M419;10;9
Nord Ovest;Piemonte;AL;M420;2,34;12,5
Nord Est;Veneto;BL;M421;23,69;94,32
Nord Est;Veneto;TV;M422;4;37,67
Nord Est;Veneto;VI;M423;13,24;26,32
Nord Ovest;Lombardia;MI;M424;13;111,67
Nord Ovest;Lombardia;VA;M425;5;42,5
Nord Est;Veneto;VI;M426;7;46
Nord Est;Veneto;VI;M427;9,2;67,7
Sud;Puglia;LE;M428;3;13,5
Isole;Sicilia;TP;M432;0;3
