AREA;Regione;prov;2011_CodCom;NTN_2011_Uffici;NTN_2011_Negozi_Lab;NTN_2011_Depositi_Comm;NTN_2011_TCO_B04;NTN_2011_TCO_D02;NTN_2011_TCO_D05;NTN_2011_TCO_D08;NTN_2011_PRO;NTN_2011_AGR
Nord Ovest;Liguria;GE;A388;2;2,5;7,72;0;0;0;1;2;0
Nord Ovest;Liguria;GE;A506;0;0;5;0;0;0;0;0,58;0
Nord Ovest;Liguria;GE;A658;0;1;5;0;0;0;0;0;0
Nord Ovest;Liguria;GE;A922;0;3;2,33;0;0;0;0;0;0
Nord Ovest;Liguria;GE;B067;0;0;9,34;0;0;0;0;0;0
Nord Ovest;Liguria;GE;B282;0;4;9,49;0;0;0;0;1;0
Nord Ovest;Liguria;GE;B490;1;0,5;4,5;0;0;0;0;0;0
Nord Ovest;Liguria;GE;B538;0;1;0;0;0;0;0;1;0
Nord Ovest;Liguria;GE;B551;0;1;7;0;0;0;0;0;0
Nord Ovest;Liguria;GE;B726;0;1;1,08;0;0;0;0;3;0
Nord Ovest;Liguria;GE;B939;0;0;3,34;0;0;0;0,5;2,92;0
Nord Ovest;Liguria;GE;B956;0;2;4,08;0;0;0;0;0;0
Nord Ovest;Liguria;GE;C302;0;0;5,75;0;0;0;0;0;0
Nord Ovest;Liguria;GE;C481;0;0;10,83;0;0;0;0;1;0
Nord Ovest;Liguria;GE;C621;8;8;10,16;0;0;1;0;1;0
Nord Ovest;Liguria;GE;C673;0;2;3,5;0;0;0;0;0;0
Nord Ovest;Liguria;GE;C823;1;15,06;8,38;0;0;0;0;2;0
Nord Ovest;Liguria;GE;C826;0;0,5;5;0;0;0;0;0;0
Nord Ovest;Liguria;GE;C995;0;0;0;0;0;0;0;0;0
Nord Ovest;Liguria;GE;D175;0;0;1,5;0;0;0;0;0;0
Nord Ovest;Liguria;GE;D255;0;0,25;4,33;0;0;0;0;0;0
Nord Ovest;Liguria;GE;D509;0;0;0;0;0;0;0;0;0
Nord Ovest;Liguria;GE;D512;0;0;4,5;0;0;0;0;0;0
Nord Ovest;Liguria;GE;D677;0;0;0;0;0;0;0;0;0
Nord Ovest;Liguria;GE;D969;167,32;350,75;239,04;1;1;0;56,19;68,14;2
Nord Ovest;Liguria;GE;E109;0;0;0;0;0;0;0;0;0
Nord Ovest;Liguria;GE;E341;0;1;6,5;0;0;0;0;2;0
Nord Ovest;Liguria;GE;E488;0;21;9,1;0;0;0;0;0;0
Nord Ovest;Liguria;GE;E519;0;1;1,5;0;0;0;0;5;0
Nord Ovest;Liguria;GE;E695;0;0;0,8;0;0;0;0;0;0
Nord Ovest;Liguria;GE;E737;0;0;3;0;0;0;0;0;0
Nord Ovest;Liguria;GE;F020;0;1;3,17;0;0;0;0;0;0
Nord Ovest;Liguria;GE;F098;0;0;9;0;0;0;0;2;0
Nord Ovest;Liguria;GE;F173;0;0;4;0;0;0;0;0;0
Nord Ovest;Liguria;GE;F202;0;1;6;0;0;0;0;2;0
Nord Ovest;Liguria;GE;F256;0;0;2,5;0;0;0;0;0;0
Nord Ovest;Liguria;GE;F354;0;1;2;0;22;0;0;0;0
Nord Ovest;Liguria;GE;F445;0;1;0;0;0;0;0;0;0
Nord Ovest;Liguria;GE;F682;0;1,17;6;0;0;0;0;0;0
Nord Ovest;Liguria;GE;F858;0;0;5,88;0;0;0;0;1;0
Nord Ovest;Liguria;GE;F862;0;1;2;0;0;0;0;0;0
Nord Ovest;Liguria;GE;G093;0;0;0;0;0;0;0;0;0
Nord Ovest;Liguria;GE;G646;0;1;1,25;0;0;0;0;0;0
Nord Ovest;Liguria;GE;G913;0;0;0;0;0;0;0;0;0
Nord Ovest;Liguria;GE;H073;0;0;2;0;0;0;0;0;0
Nord Ovest;Liguria;GE;H183;2;9,84;17,5;0;8;0;0;0;0
Nord Ovest;Liguria;GE;H212;0;5;9,08;0;0;0;0;1;0
Nord Ovest;Liguria;GE;H258;0;0;6,47;0;0;0;0;1;0
Nord Ovest;Liguria;GE;H536;0;4;9;0;0;0;0;0;0
Nord Ovest;Liguria;GE;H546;0;0;1;0;0;0;0;0;0
Nord Ovest;Liguria;GE;H581;0;3;13,66;0;0;0;0;0;0
Nord Ovest;Liguria;GE;H599;0;0;1,17;0;0;0;0;0;0
Nord Ovest;Liguria;GE;H802;0;5;9,5;0;0;0;0;0;0
Nord Ovest;Liguria;GE;I225;1;6,98;15,7;0;0;2;0;0;0
Nord Ovest;Liguria;GE;I346;0;0;13,33;0;0;0;0;1;0
Nord Ovest;Liguria;GE;I368;0;0;3,5;0;0;0;0;1;0
Nord Ovest;Liguria;GE;I475;0;2;6;0;0;0;1;1;0
Nord Ovest;Liguria;GE;I640;0;2,5;11,11;0;0;0;0;1;0
Nord Ovest;Liguria;GE;I693;4;5;26,55;0;0;0;0;5;0
Nord Ovest;Liguria;GE;I852;0;2;5,33;0;0;0;0;0;0
Nord Ovest;Liguria;GE;L167;0;1;0;0;0;0;0;0;0
Nord Ovest;Liguria;GE;L298;0;2;10,17;0;0;0;0;0;0
Nord Ovest;Liguria;GE;L416;0;0;0,67;0;0;0;0;1;0
Nord Ovest;Liguria;GE;L507;0;1,5;2;0;0;0;0;0;0
Nord Ovest;Liguria;GE;L546;0;0;1;0;0;0;0;0;0
Nord Ovest;Liguria;GE;M105;0;0;0,17;0;0;0;0;0;0
Nord Ovest;Liguria;GE;M182;0;1;0,5;0;0;0;0,03;1;0
Nord Ovest;Liguria;IM;A111;0;0;1;0;0;0;0;0;0
Nord Ovest;Liguria;IM;A338;0;0;1;0;0;0;0;0;0
Nord Ovest;Liguria;IM;A344;0;0;0;0;0;0;0;0;0
Nord Ovest;Liguria;IM;A418;0;0;0;0;0;0;0;0;0
Nord Ovest;Liguria;IM;A499;0;0;0;0;0;0;0;0;0
Nord Ovest;Liguria;IM;A536;0;1,8;4;0;0;0;0;0;0
Nord Ovest;Liguria;IM;A581;0;0;0;0;0;0;0;0;0
Nord Ovest;Liguria;IM;A984;0;9;9;0;7,2;0;0,5;1,01;0
Nord Ovest;Liguria;IM;A993;0;0;2;0;0;0;0;0;0
Nord Ovest;Liguria;IM;B020;0;0;2;0;0;0;0;0;0
Nord Ovest;Liguria;IM;B559;0;2;6;0;0;0;0;0;0
Nord Ovest;Liguria;IM;B734;0;0;0;0;0;0;0;0;0
Nord Ovest;Liguria;IM;B814;0;1;0;0;0;0;0;0;0
Nord Ovest;Liguria;IM;C110;0;0;1;0;0;0;0;0;0
Nord Ovest;Liguria;IM;C143;0;0;4;0;0;0;0;0;0
Nord Ovest;Liguria;IM;C511;0;0;3;0;0;0;0;0;0
Nord Ovest;Liguria;IM;C559;1;3;2;0;2;0;0;0;0
Nord Ovest;Liguria;IM;C578;0;0;3;0;0;0;0;0;0
Nord Ovest;Liguria;IM;C657;0;0;1;0;0;0;1;0;0
Nord Ovest;Liguria;IM;C660;0;0;2;0;0;0;0;0;0
Nord Ovest;Liguria;IM;C718;0;0;7,05;0;0;0;0;0;0
Nord Ovest;Liguria;IM;C755;0;0;0,5;0;0;0;0;0;0
Nord Ovest;Liguria;IM;D087;0;0;0;0;0;0;0;0;0
Nord Ovest;Liguria;IM;D114;0;0;1;0;0;0;0;0;0
Nord Ovest;Liguria;IM;D293;0;0;0,5;0;0;0;0;0;0
Nord Ovest;Liguria;IM;D296;0;0;3;0;0;0;0;0;0
Nord Ovest;Liguria;IM;D297;0;7;9;0;0;0;0;0;0
Nord Ovest;Liguria;IM;D298;0;0;4;0;0;0;0;0;0
Nord Ovest;Liguria;IM;D318;0;0;2,33;0;0;0;0;0;0
Nord Ovest;Liguria;IM;D319;0;1;6;0;0;0;0;0;0
Nord Ovest;Liguria;IM;E290;18,5;15;48,46;3;0;2;3;1;0
Nord Ovest;Liguria;IM;E346;0;1;2;0;0;0;0;0;0
Nord Ovest;Liguria;IM;E719;0;0;1;0;0;0;0;0;0
Nord Ovest;Liguria;IM;F123;0;0;2;0;0;0;0;0;0
Nord Ovest;Liguria;IM;F290;0;0;2;0;0;0;0;0;0
Nord Ovest;Liguria;IM;F406;0;0;0;0;0;0;0;0;0
Nord Ovest;Liguria;IM;F528;0;0;0;0;0;0;0;0;0
Nord Ovest;Liguria;IM;G041;0;0;1;0;0;0;0;0,3;0
Nord Ovest;Liguria;IM;G164;0,67;4;5,25;0;0;0;0;0;0
Nord Ovest;Liguria;IM;G454;0;0;3;0;0;0;0;0;0
Nord Ovest;Liguria;IM;G607;0;0;2;0;0;0;0;0;0
Nord Ovest;Liguria;IM;G632;0;2;3;1;0;0;0;1;0
Nord Ovest;Liguria;IM;G660;0;1;2;0;0;0;0;0;0
Nord Ovest;Liguria;IM;G814;0;0;0;0;0;0;0;0;0
Nord Ovest;Liguria;IM;G840;0;1;6;0;0;0;0;3;0
Nord Ovest;Liguria;IM;G890;0;0;4;0;0;0;0;0;0
Nord Ovest;Liguria;IM;H027;0;0;1;0;0;0;0;0;0
Nord Ovest;Liguria;IM;H180;0;0;4;0;0;0;0;0;0
Nord Ovest;Liguria;IM;H257;0;0;4;0;0;0;0;0;0
Nord Ovest;Liguria;IM;H328;0;1;4,09;0;0;0;0;0;0
Nord Ovest;Liguria;IM;H460;0;0;1;0;0;0;0;0;0
Nord Ovest;Liguria;IM;H763;0;10;1;0;1;0;0;0;0
Nord Ovest;Liguria;IM;H780;0;0;0;0;0;0;0;0;0
Nord Ovest;Liguria;IM;H957;0;0;1;0;0;0;0;0;0
Nord Ovest;Liguria;IM;I138;8;32,53;59,3;1;0,2;2;2;2;0
Nord Ovest;Liguria;IM;I365;0;0;5;0;3,5;0;0;0;0
Nord Ovest;Liguria;IM;I556;0;0;0;0;0;0;0;0;0
Nord Ovest;Liguria;IM;I796;0;0;4;0;0;0;0;0;0
Nord Ovest;Liguria;IM;L024;2;8,68;19,93;0;0;0;1,06;6,04;0
Nord Ovest;Liguria;IM;L146;0;0;1;0;0;0;0;0;0
Nord Ovest;Liguria;IM;L430;0;1;2;0;0;0;0;0;0
Nord Ovest;Liguria;IM;L596;0;0;1;0;0;0;0;0;0
Nord Ovest;Liguria;IM;L599;0;7;8,19;0;0;0;0;0,16;0
Nord Ovest;Liguria;IM;L693;0;0;2,75;0;0;0;0;0;0
Nord Ovest;Liguria;IM;L741;1;11;9,5;0;0;0;0;4;0
Nord Ovest;Liguria;IM;L809;0;0;0;0;0;0;0;0;0
Nord Ovest;Liguria;IM;L943;0;0;2;0;0;0;0;0;0
Nord Ovest;Liguria;SP;A261;1;4,17;7,79;0;0;0;0;0;0
Nord Ovest;Liguria;SP;A373;1;3;14;0;0;0;0;6;0
Nord Ovest;Liguria;SP;A836;0;0;1,25;0;0;0;0;0,67;0
Nord Ovest;Liguria;SP;A932;1;7,5;3,08;0;0;0;0;1;0
Nord Ovest;Liguria;SP;A961;0;0;1,42;0;0;0;0;0;0
Nord Ovest;Liguria;SP;A992;0;0;1;0;0;0;0;0;0
Nord Ovest;Liguria;SP;B214;0;0;3;0;0;0;0;1;0
Nord Ovest;Liguria;SP;B410;0;0;0;0;0;0;0;0;0
Nord Ovest;Liguria;SP;B838;0;0;1;0;0;0;0;0;0
Nord Ovest;Liguria;SP;B839;0;0;1;0;0;0;0;2;0
Nord Ovest;Liguria;SP;C240;1;4;4,08;0;0;0;1;1,5;0
Nord Ovest;Liguria;SP;D265;0;0;3;0;0;0;3;0;0
Nord Ovest;Liguria;SP;D655;0;0;10;0;0;0;0;5;0
Nord Ovest;Liguria;SP;D758;0;0;3;0;0;0;0;0;0
Nord Ovest;Liguria;SP;E070;0;3,96;2;0;0;0;0;0;0
Nord Ovest;Liguria;SP;E463;33,05;45,78;38,23;2;0;2;9,15;12;0
Nord Ovest;Liguria;SP;E542;1;2;4,23;0;0;0;0;0;0
Nord Ovest;Liguria;SP;E560;0;8;8,24;0;0;0;0;1;0
Nord Ovest;Liguria;SP;E842;0;0;0;0;0;0;0;0;0
Nord Ovest;Liguria;SP;F609;0;0;0;0;0;0;0;1;0
Nord Ovest;Liguria;SP;G143;4;2;6,42;0;1;0;0;1;0
Nord Ovest;Liguria;SP;G664;0;0;2;0;0;0;0;0;0
Nord Ovest;Liguria;SP;G925;0;3;2,53;0;0;0;0;0;0
Nord Ovest;Liguria;SP;H275;0;0;6;0;0;0;0;2;0
Nord Ovest;Liguria;SP;H304;0;2;4;0;0;0;0;0;0
Nord Ovest;Liguria;SP;H461;0;0;0;0;0;0;0;0;0
Nord Ovest;Liguria;SP;I363;0;4;4,35;1;0;0;1;14,09;0
Nord Ovest;Liguria;SP;I449;29;22,78;15,63;0;0;2;1;5;0
Nord Ovest;Liguria;SP;L681;0;0;6,52;0;0;0;0;0;0
Nord Ovest;Liguria;SP;L774;0;0;4;0;0;0;0;0;0
Nord Ovest;Liguria;SP;L819;0;3,22;7,41;0;0;0;4;4;0
Nord Ovest;Liguria;SP;M177;0;0;1;0;0;0;0;0;0
Nord Ovest;Liguria;SV;A122;0;12,5;14,65;0;0;1;0;0;0
Nord Ovest;Liguria;SV;A145;5;12,7;26,64;0;0;1;11,31;3;1
Nord Ovest;Liguria;SV;A165;0;5,5;2;0;0;0;1;0,06;0
Nord Ovest;Liguria;SV;A166;1;4,5;10;0;0;0;1;0;0
Nord Ovest;Liguria;SV;A226;0;0;8;0;0;0;0;1;0
Nord Ovest;Liguria;SV;A278;0;3;18,5;0;0;0;0;0;0
Nord Ovest;Liguria;SV;A422;0;0;0,5;0;0;0;0;0;0
Nord Ovest;Liguria;SV;A593;0;0;1;0;0;0;0;0;0,5
Nord Ovest;Liguria;SV;A647;0;0;4;0;0;0;0;0;0
Nord Ovest;Liguria;SV;A796;0;0;1;0;0;0;0;1;0
Nord Ovest;Liguria;SV;A931;0;2;3;0;0;0;0;1;0
Nord Ovest;Liguria;SV;A999;1;4;5;0;0;0;0;0;0
Nord Ovest;Liguria;SV;B005;1;1;6,02;0;0;0;0;0,03;0
Nord Ovest;Liguria;SV;B048;0;0;0;0;0;0;0;0;0
Nord Ovest;Liguria;SV;B369;3;4;16,41;0;0;0;5;2;0
Nord Ovest;Liguria;SV;B409;0;0;1;0;0;0;0;0;0
Nord Ovest;Liguria;SV;B416;0;0,33;6;0;0;0;0;0;0
Nord Ovest;Liguria;SV;B748;2;5;9,25;0;0;0;1;1;0
Nord Ovest;Liguria;SV;B927;0;0;4,5;0;0;0;0;0;0
Nord Ovest;Liguria;SV;C063;0;0;1;0;0;0;0;0;0
Nord Ovest;Liguria;SV;C276;0;0;2,97;0;0;0;0;0;0
Nord Ovest;Liguria;SV;C443;0;2;6,23;0;0;0;0;0;0
Nord Ovest;Liguria;SV;C463;0;3;3;0;0;0;0;1;0
Nord Ovest;Liguria;SV;C510;1;6;11,59;0;0;0;3,02;0;0
Nord Ovest;Liguria;SV;C729;0;0;6;0;0;0;1;1;0
Nord Ovest;Liguria;SV;D095;0;0;0;0;0;0;0;1;0
Nord Ovest;Liguria;SV;D264;0;3;2,16;0;1;0;0;0;0
Nord Ovest;Liguria;SV;D424;0;0;2;0;0;0;0;0;0
Nord Ovest;Liguria;SV;D522;0;0;3;0;0;0;1;0;0
Nord Ovest;Liguria;SV;D600;1;11;13,27;0;2,25;0;1;1;0
Nord Ovest;Liguria;SV;D927;0;0;0;0;0;0;0;0;0
Nord Ovest;Liguria;SV;E064;0;0;1,67;0;0;0;0;0;0
Nord Ovest;Liguria;SV;E066;0;0;0;0;0;0;0;0;0
Nord Ovest;Liguria;SV;E414;0;0;2;0;3,21;0;0;0;0
Nord Ovest;Liguria;SV;E632;3;6,87;13,92;0;0;0;1;0;0
Nord Ovest;Liguria;SV;E816;0;0;5,92;0;0;0;0;0,54;0
Nord Ovest;Liguria;SV;E860;0;0;3,17;0;0;0;0;0;0
Nord Ovest;Liguria;SV;F046;0;0;0;0;0;0;0;0;0
Nord Ovest;Liguria;SV;F213;0;3;6;0;0;0;1;2;0
Nord Ovest;Liguria;SV;F226;0;0;1;0;0;0;0;0;0
Nord Ovest;Liguria;SV;F813;0;0;1;0;0;0;0;1;0
Nord Ovest;Liguria;SV;F847;0;0;3;0;0;0;0;1;0
Nord Ovest;Liguria;SV;F926;0;2;3;0;0;0;0;0;0
Nord Ovest;Liguria;SV;G076;0;0;1;0;0;0;0;0;0
Nord Ovest;Liguria;SV;G144;0;0;5;0;0;0;0;0;0
Nord Ovest;Liguria;SV;G155;0;0;1;0;0;0;0;0;0
Nord Ovest;Liguria;SV;G281;0;0;0;0;0;0;0;0;0
Nord Ovest;Liguria;SV;G542;0;0;6;0;0;0;0;0;0
Nord Ovest;Liguria;SV;G605;0;2;13,33;0;0;1;2;3;0
Nord Ovest;Liguria;SV;G741;0;0;1;0;0;0;0;0;0
Nord Ovest;Liguria;SV;G866;0;0;2,5;0;0;0;0;0;0
Nord Ovest;Liguria;SV;H126;0;3;5,92;0;0;0;0;3,08;0
Nord Ovest;Liguria;SV;H266;0;0;1;0;0;0;0;0;0
Nord Ovest;Liguria;SV;H452;0;0;3;0;0;0;0;2;0
Nord Ovest;Liguria;SV;I453;0;1;1;0;0;0;0;0,08;0
Nord Ovest;Liguria;SV;I480;15;47,16;52,84;0;1;1;9;6,01;0
Nord Ovest;Liguria;SV;I926;2;1;3;0;0;0;0;0;0
Nord Ovest;Liguria;SV;I946;0;0;10;0;0;0;0;1;0
Nord Ovest;Liguria;SV;I947;0;0;5;0;0;0;0;0;0
Nord Ovest;Liguria;SV;L152;0;0;2;0;0;0;0;0;0
Nord Ovest;Liguria;SV;L190;0;0;7,5;0;0;0;0;3;0
Nord Ovest;Liguria;SV;L315;0;0;2;0;0;0;0;0;0
Nord Ovest;Liguria;SV;L499;0;0;0;0;1;0;0;0;0
Nord Ovest;Liguria;SV;L528;0;4;8,74;0;0;0;0;4;0
Nord Ovest;Liguria;SV;L675;2;4,83;16,84;0;0;0;4;0,4;0
Nord Ovest;Liguria;SV;L730;0;0;1;0;0;0;0;0;0
Nord Ovest;Liguria;SV;L823;0;0;1;0;0;0;0;0;0
Nord Ovest;Liguria;SV;L975;0;2;9,83;0;0;0;0;2;0
Nord Ovest;Liguria;SV;M197;0;1;1;0;0;0;0;0;0
Nord Ovest;Lombardia;BG;A057;0;0;3,5;0;0;0;0;4;0
Nord Ovest;Lombardia;BG;A058;0;0;0;0;0;0;0;0;0
Nord Ovest;Lombardia;BG;A129;2;6;7,33;0;0;0;0;18;0
Nord Ovest;Lombardia;BG;A163;10;13;15;0;0;1;25;6,06;0
Nord Ovest;Lombardia;BG;A193;0;0;0;0;0;0;0;0;0
Nord Ovest;Lombardia;BG;A214;7;5;6,64;0;0;0;4;2,37;0
Nord Ovest;Lombardia;BG;A215;1;3;9,51;0;0;0;0;0;0
Nord Ovest;Lombardia;BG;A216;0;1;14,67;0;0;1;2;5;0
Nord Ovest;Lombardia;BG;A217;1;3;3;0;0;0;0;0;0
Nord Ovest;Lombardia;BG;A246;5;4,78;8,34;0;0;0;1;3;0
Nord Ovest;Lombardia;BG;A259;0;0;0;0;0;0;0;2;0
Nord Ovest;Lombardia;BG;A304;1;1;2;0;0;0;0;1;0
Nord Ovest;Lombardia;BG;A365;0;2;5;0;0;0;0;0;0
Nord Ovest;Lombardia;BG;A383;1;0,33;8,68;0;0;0;0;0;0
Nord Ovest;Lombardia;BG;A440;0;0;0;0;0;0;0;0;0
Nord Ovest;Lombardia;BG;A511;0;0;2;0;0;0;0;0;0
Nord Ovest;Lombardia;BG;A517;0;0;1,5;0;0;0;0;0;0
Nord Ovest;Lombardia;BG;A528;3;6,33;8,63;0;0;0;0,33;6,37;0
Nord Ovest;Lombardia;BG;A533;0;0;2;0;0;0;0;0;0
Nord Ovest;Lombardia;BG;A557;1;6;3;0;0;0;0;2;0
Nord Ovest;Lombardia;BG;A631;0;0;0;0;0;0;0;1;0
Nord Ovest;Lombardia;BG;A664;0;0;4,5;0;0;0;0;3;1
Nord Ovest;Lombardia;BG;A684;0;0;0;0;0;0;0;1;0
Nord Ovest;Lombardia;BG;A732;0;0;2;0;0;0;0;0;0
Nord Ovest;Lombardia;BG;A786;0;0;1,2;0;0;0;0;1;0
Nord Ovest;Lombardia;BG;A794;114;105,6;62,64;1;1;1;10;10,8;0
Nord Ovest;Lombardia;BG;A815;0;0;0,25;0;0;0;0;0;0
Nord Ovest;Lombardia;BG;A846;0;0;1;0;0;0;0;0,12;0
Nord Ovest;Lombardia;BG;A903;0;0;0;0;0;0;0;0;0
Nord Ovest;Lombardia;BG;A937;0;2;9,25;0;0;0;1;1;0
Nord Ovest;Lombardia;BG;A950;1;1;10,33;0;0;0;0;3,23;0
Nord Ovest;Lombardia;BG;A962;1,5;2;2,5;0;0;0;0;0;0
Nord Ovest;Lombardia;BG;A963;6;3;10;0;0;0;1;4;0
Nord Ovest;Lombardia;BG;B010;0;8;0;0;0;0;1;0;0
Nord Ovest;Lombardia;BG;B083;0;0;1;0;0;0;0;0;0
Nord Ovest;Lombardia;BG;B088;0;0;10,33;0;0;0;0;4;0
Nord Ovest;Lombardia;BG;B112;0;1,5;1,25;0;0;0;0;0;0
Nord Ovest;Lombardia;BG;B123;0;0;0,81;0;0;0;0;0;0
Nord Ovest;Lombardia;BG;B137;1;1;6;0;0;0;0;2;0
Nord Ovest;Lombardia;BG;B138;2;13;8,46;0;0;0;0;7,96;0
Nord Ovest;Lombardia;BG;B140;1;1;5,58;0;0;0;0;4;0
Nord Ovest;Lombardia;BG;B178;0;2;3,38;0;0;0;1;4,09;0
Nord Ovest;Lombardia;BG;B217;0;0;2;0;0;0;0;0;0
Nord Ovest;Lombardia;BG;B223;5;1;2;0;0;0;0;8;0
Nord Ovest;Lombardia;BG;B310;0;0;1,5;0;0;0;1;2;0
Nord Ovest;Lombardia;BG;B393;0;1;2;0;0;0;4;8;0
Nord Ovest;Lombardia;BG;B395;3;3,5;6,5;0;0;0;0;2;0
Nord Ovest;Lombardia;BG;B434;2;1;1,35;0;0;0;2;8,35;0
Nord Ovest;Lombardia;BG;B442;1;2;2;0;0;0;0;3;0
Nord Ovest;Lombardia;BG;B471;0;0;6,51;0;0;0;0;1;0
Nord Ovest;Lombardia;BG;B618;5;3;4;0;0;0;0;4;0
Nord Ovest;Lombardia;BG;B661;0;0;1;0;0;0;0;0;0
Nord Ovest;Lombardia;BG;B703;2;4;4;0;0;0;0;9;0
Nord Ovest;Lombardia;BG;B710;0;3,5;4,75;0;0;0;0;1,16;0
Nord Ovest;Lombardia;BG;B731;4;10,47;10,02;0;0;0;0;7,02;2,5
Nord Ovest;Lombardia;BG;B801;0;0;7,5;0;0;0;6;3,22;0
Nord Ovest;Lombardia;BG;B803;0;0;1,5;0;0;0;0;0,04;0
Nord Ovest;Lombardia;BG;B854;0;7,5;1;0;1;0;0;1;0
Nord Ovest;Lombardia;BG;B947;2;2;3,81;0;0;1;1;10,27;0
Nord Ovest;Lombardia;BG;B971;0;1;0,5;0;0;0;0;4;0,75
Nord Ovest;Lombardia;BG;B978;2,5;2,7;2;0;0;0;0;3;0
Nord Ovest;Lombardia;BG;C007;0;0;1;0;0;0;0;0;0
Nord Ovest;Lombardia;BG;C079;9;10;6,83;0;0;0;1;7;0
Nord Ovest;Lombardia;BG;C255;1;3;3;0;0;0;0;0;0
Nord Ovest;Lombardia;BG;C324;0;0;4,17;0;0;0;0;0;0
Nord Ovest;Lombardia;BG;C337;0;0;2,67;0;0;0;0;0;0
Nord Ovest;Lombardia;BG;C396;1;0;0;0;0;0;1;0;0
Nord Ovest;Lombardia;BG;C410;0;0;0;0;0;0;0;0;0
Nord Ovest;Lombardia;BG;C456;0;0;2,5;0;0;0;0;0;0
Nord Ovest;Lombardia;BG;C457;4;0;2;0;0;0;0;5;0
Nord Ovest;Lombardia;BG;C459;0;6;4;0;0;0;0;1;0
Nord Ovest;Lombardia;BG;C506;1;2;1;0;0;0;0;1,18;0
Nord Ovest;Lombardia;BG;C635;0;0;2;0;0;0;0;0;0
Nord Ovest;Lombardia;BG;C649;1;0;2,75;0;0;0;1;14;0
Nord Ovest;Lombardia;BG;C728;0;2;5,29;0;0;0;0;5;0
Nord Ovest;Lombardia;BG;C730;0;3;4;0;0;0;1;11;0
Nord Ovest;Lombardia;BG;C759;1;2;2,23;0;0;1;0;2;0
Nord Ovest;Lombardia;BG;C789;0;1;1,09;0;0;0;0;0;0
Nord Ovest;Lombardia;BG;C800;4,6;17,99;7;0;0;0;1;3,07;0
Nord Ovest;Lombardia;BG;C835;0;1;2;0;0;0;0;0;0
Nord Ovest;Lombardia;BG;C894;2;2;6,58;0;0;0;0;2,04;0
Nord Ovest;Lombardia;BG;C910;1;0;0;0;0;0;0;0;0
Nord Ovest;Lombardia;BG;C937;0;2;8;0;0;0;1;5;0
Nord Ovest;Lombardia;BG;D015;0;0;0;0;0;0;0;0;0
Nord Ovest;Lombardia;BG;D016;0;0;0;0;0;0;0;0;0
Nord Ovest;Lombardia;BG;D066;0;0;0;0;0;0;0;0;0
Nord Ovest;Lombardia;BG;D103;1;0;1;0;0;0;0;0;0
Nord Ovest;Lombardia;BG;D110;1;0;1;0;0;0;0;8,13;1
Nord Ovest;Lombardia;BG;D111;1;0;8;0;0;0;0;0,05;0
Nord Ovest;Lombardia;BG;D117;5;9,83;8;0;0;0;0;3;0
Nord Ovest;Lombardia;BG;D126;0;0;0;0;0;0;0;5;0
Nord Ovest;Lombardia;BG;D139;0;2;2;0;0;0;0;4,09;0
Nord Ovest;Lombardia;BG;D221;7;7,22;6,54;0;0;0;0;5,23;0
Nord Ovest;Lombardia;BG;D233;0;0;6,67;0;0;0;0;0;0
Nord Ovest;Lombardia;BG;D245;3,5;7,5;11,86;0;0;1;1,03;4,52;0
Nord Ovest;Lombardia;BG;D352;0;0;3,44;0;0;0;0;0;0
Nord Ovest;Lombardia;BG;D406;1;1;3,44;0;0;0;0;8;0
Nord Ovest;Lombardia;BG;D411;0;0;0;0;0;0;0;1;0
Nord Ovest;Lombardia;BG;D490;0;2;3,06;0;0;0;0;2,05;0
Nord Ovest;Lombardia;BG;D491;1;0;2;0;0;0;0;2;0
Nord Ovest;Lombardia;BG;D588;0;1;0;0;0;0;0;2;0
Nord Ovest;Lombardia;BG;D604;0;0;4,79;0;0;0;0;0;0
Nord Ovest;Lombardia;BG;D606;0;0;1;0;0;0;0;0;0
Nord Ovest;Lombardia;BG;D672;2;0;3,83;0;0;0;0;0,03;0
Nord Ovest;Lombardia;BG;D684;0;0;2,33;0;0;0;0;0,93;0
Nord Ovest;Lombardia;BG;D688;0;0;2,33;0;0;0;0;0,04;0
Nord Ovest;Lombardia;BG;D697;0;0;2;0;0;0;0;0;0
Nord Ovest;Lombardia;BG;D727;0;3,06;1;0;0;0;0;3;1
Nord Ovest;Lombardia;BG;D817;0;0;0;0;0;0;0;0;0
Nord Ovest;Lombardia;BG;D903;0;0;1;0;0;0;0;0,03;0
Nord Ovest;Lombardia;BG;D905;1;5;3,75;0;0,93;0;0;6;0
Nord Ovest;Lombardia;BG;D906;1;0;4,33;0;0;0;0;0,18;0
Nord Ovest;Lombardia;BG;D943;0;0;1,5;0;0;0;0;0;0
Nord Ovest;Lombardia;BG;D952;1,5;2,44;5,89;0;0;0;0;0;0
Nord Ovest;Lombardia;BG;D991;0;0;1;0;0;0;0;0;0
Nord Ovest;Lombardia;BG;E006;1;0;9;0;0;0;0;13;0
Nord Ovest;Lombardia;BG;E100;1;3;6,66;0;0;0;1;7,42;0
Nord Ovest;Lombardia;BG;E103;6;5;6,54;0;0;0;0;4,81;0
Nord Ovest;Lombardia;BG;E106;0;1;3;0;0;0;0;0,03;0
Nord Ovest;Lombardia;BG;E148;8;5;4;0;0;0;1;28,29;0
Nord Ovest;Lombardia;BG;E189;0;1,5;1,63;0;0;0;0;0;0
Nord Ovest;Lombardia;BG;E192;0;0;2,5;0;0;0;0;0;0
Nord Ovest;Lombardia;BG;E219;10;6;12;0;0;0;2;6,05;0
Nord Ovest;Lombardia;BG;E353;0;0;1;0;0;0;0;0;0
Nord Ovest;Lombardia;BG;E370;1;0;0;0;0;0;1;0;2
Nord Ovest;Lombardia;BG;E422;1;0;6,33;0;0;0;0;1,03;0
Nord Ovest;Lombardia;BG;E509;2;6,3;4;0;0;0;1;1;0
Nord Ovest;Lombardia;BG;E524;0;1;2;0;0;0;0;2;0
Nord Ovest;Lombardia;BG;E562;0;0;3,11;0;0;0;0;3;0
Nord Ovest;Lombardia;BG;E640;0;0;0,95;0;0;0;0;0;0
Nord Ovest;Lombardia;BG;E704;3;6;7,22;0;0;0;0;0,03;0
Nord Ovest;Lombardia;BG;E751;0;0,75;3;0;0;0;0;6;0
Nord Ovest;Lombardia;BG;E770;0;1;2;0;0;0;0;2;0
Nord Ovest;Lombardia;BG;E794;1;5;1,25;0;0;0;0;0;0
Nord Ovest;Lombardia;BG;E901;0;1;3;0;0;0;0;2,23;0
Nord Ovest;Lombardia;BG;E987;1;11;10,05;0;0;0;0;13,01;0
Nord Ovest;Lombardia;BG;F085;2;2;1;0;0;0;1;6,06;0
Nord Ovest;Lombardia;BG;F186;0;0;0;0;0;0;0;0;0
Nord Ovest;Lombardia;BG;F243;0;2;1;0;0;0;0;0;0
Nord Ovest;Lombardia;BG;F276;0;0;11;0;0;0;0;0,05;0
Nord Ovest;Lombardia;BG;F328;0;0,5;2;0;0;0;0;0;0
Nord Ovest;Lombardia;BG;F547;0;1;3;0;0;0;0;2,15;0
Nord Ovest;Lombardia;BG;F720;0;0;1;0;0;0;0;0;0
Nord Ovest;Lombardia;BG;F738;0;1;2;0;0;0;0;3;0
Nord Ovest;Lombardia;BG;F786;0;3;5;0;0;0;0;1;0
Nord Ovest;Lombardia;BG;F791;0;8;4,5;0;0;0;0;4,44;0
Nord Ovest;Lombardia;BG;F864;9;8,23;8;0;0;0;0;13;0
Nord Ovest;Lombardia;BG;F941;1;5;4;0;0;0;0;4,48;0
Nord Ovest;Lombardia;BG;G049;0;1;0;0;0;0;0;0;0
Nord Ovest;Lombardia;BG;G050;0;2;1,33;0;0;0;0;0;0
Nord Ovest;Lombardia;BG;G054;0;0;1;0;0;0;0;0;0
Nord Ovest;Lombardia;BG;G068;0;0;3;0;0;0;0;0,1;0
Nord Ovest;Lombardia;BG;G075;0;1;5;0;0;0;1;3,15;2
Nord Ovest;Lombardia;BG;G108;0;1;3;0;0;0;0;0;0
Nord Ovest;Lombardia;BG;G118;0;0;1;0;0;0;0;0;0
Nord Ovest;Lombardia;BG;G159;1;2;3,25;0;0;0;0;0;0
Nord Ovest;Lombardia;BG;G160;1;7;6,11;0;0;0;3,25;6,6;0
Nord Ovest;Lombardia;BG;G233;0;1;0;0;0;0;1;2;0
Nord Ovest;Lombardia;BG;G249;1;2;3;0;0;0;0;1;0
Nord Ovest;Lombardia;BG;G259;1;1;2;0;0;0;1;2;0
Nord Ovest;Lombardia;BG;G295;3;3;3,25;0;0;0;2;4;1
Nord Ovest;Lombardia;BG;G346;1;4;10,23;0;0;0;0;0;0
Nord Ovest;Lombardia;BG;G350;2;0;1;0;0;0;0;0;0
Nord Ovest;Lombardia;BG;G412;0;6;3,4;0;0;0;0;7,2;0
Nord Ovest;Lombardia;BG;G418;0;0;1;0;0;0;0;0;0
Nord Ovest;Lombardia;BG;G564;0;0;1;0;0;0;0;0;0
Nord Ovest;Lombardia;BG;G574;0;0;1;0;0;0;0;0,04;0
Nord Ovest;Lombardia;BG;G579;0;0,33;1;0;0;0;0;0,01;0
Nord Ovest;Lombardia;BG;G583;0;0;2;0;0;0;0;0;0
Nord Ovest;Lombardia;BG;G588;0;0;0;0;0;0;0;0;0
Nord Ovest;Lombardia;BG;G774;0;0;4;0;0;0;0;0;0
Nord Ovest;Lombardia;BG;G853;0,97;3,75;5,25;0;0;0;0;1;1
Nord Ovest;Lombardia;BG;G856;1,33;12,82;13,82;0;0;0;0;4,1;0
Nord Ovest;Lombardia;BG;G864;0;0,5;6;0;0;0;0;1;0
Nord Ovest;Lombardia;BG;G867;0;1,67;2,17;0;0;0;0;4;0
Nord Ovest;Lombardia;BG;G968;0;1;4;0;0;1;0;0;0
Nord Ovest;Lombardia;BG;H020;3;0,67;2;0;0;0;0;0;0
Nord Ovest;Lombardia;BG;H036;0;0;0;0;0;0;0;0;0
Nord Ovest;Lombardia;BG;H046;2;1;0,33;0;0;0;0;11;0
Nord Ovest;Lombardia;BG;H091;1;2;2;0;0;0;0;0;0
Nord Ovest;Lombardia;BG;H176;4;9;4;0;0;0;0;3,02;0
Nord Ovest;Lombardia;BG;H177;0;0;0,25;0;0;0;0;0;0
Nord Ovest;Lombardia;BG;H331;1;1;1;0;0;0;0;0;0
Nord Ovest;Lombardia;BG;H492;0,33;3;8,5;0;0;0;1;1;0
Nord Ovest;Lombardia;BG;H509;9;8;12,75;0;0;0;1;0;1
Nord Ovest;Lombardia;BG;H535;0;1;1;0;0;0;0;0;0
Nord Ovest;Lombardia;BG;H544;0;0;0,33;0;0;0;0;0;0
Nord Ovest;Lombardia;BG;H584;0;0;0,19;0;0;0;0;0,06;0
Nord Ovest;Lombardia;BG;H615;0;4;6;0;0;0;0;8,09;0
Nord Ovest;Lombardia;BG;H910;0;7;10;0;0;0;0;2;1
Nord Ovest;Lombardia;BG;I079;1;1;2,83;0;0;0;0;4;0
Nord Ovest;Lombardia;BG;I168;0;0;2,32;0;0;0;0;0;0
Nord Ovest;Lombardia;BG;I349;0,5;2;4,27;0;0;0;0;0,27;1
Nord Ovest;Lombardia;BG;I437;6;6,78;8;0;0;0;0;3;0
Nord Ovest;Lombardia;BG;I506;1;2;8,17;0;0;0;0;4;0
Nord Ovest;Lombardia;BG;I530;0;3;2;0;0;0;0;0;0
Nord Ovest;Lombardia;BG;I567;0;0;5;0;0;0;0;0;0
Nord Ovest;Lombardia;BG;I597;0;0;3;0;0;0;0;0;0
Nord Ovest;Lombardia;BG;I628;6;9;16,67;0;0;1;1,5;6,97;0
Nord Ovest;Lombardia;BG;I629;0;2;5;0;0;0;0;0;0
Nord Ovest;Lombardia;BG;I812;0;1;3;0;0;0;0;0,06;0
Nord Ovest;Lombardia;BG;I813;0;0;1;0;0;0;0;0;0
Nord Ovest;Lombardia;BG;I830;0;1,02;1;0;0;0;0;2;0
Nord Ovest;Lombardia;BG;I858;0;1;11,08;0;0;0;0;0;0
Nord Ovest;Lombardia;BG;I869;0;1;3,33;0;0;0;0;2;0
Nord Ovest;Lombardia;BG;I873;1;1;3,75;0;0;0;0;2;0
Nord Ovest;Lombardia;BG;I916;0;0;1;0;0;0;0;0;0
Nord Ovest;Lombardia;BG;I919;0;0;8,25;0;0;0;0;1;0
Nord Ovest;Lombardia;BG;I951;6;1;3;0;0;0;0;4,26;0
Nord Ovest;Lombardia;BG;I986;0;0;0;0;0;0;0;0;0
Nord Ovest;Lombardia;BG;I997;1;5;2;0;0;0;0;0;0
Nord Ovest;Lombardia;BG;L037;0;0;5,4;0;0;0;0;0;0
Nord Ovest;Lombardia;BG;L073;0;1;4,2;0;0;0;0;0;0
Nord Ovest;Lombardia;BG;L087;3;1;4,31;0;0;0;0;4;0
Nord Ovest;Lombardia;BG;L118;1;2;3;0;0;0;0;2;0
Nord Ovest;Lombardia;BG;L251;2;2,25;7;0;0;0;0;0,25;0
Nord Ovest;Lombardia;BG;L265;0;2;2;0;0;0;0;0;0
Nord Ovest;Lombardia;BG;L276;0;0;2;0;0;0;0;0;0
Nord Ovest;Lombardia;BG;L388;6;6;12,26;0;0;0;0;4;0
Nord Ovest;Lombardia;BG;L400;29;72,34;20,82;0;0;2;10;17,06;0
Nord Ovest;Lombardia;BG;L404;9;3,78;3,39;0;0;0;1;17,45;0
Nord Ovest;Lombardia;BG;L502;5;4;13,58;0;0;0;1;7,11;0
Nord Ovest;Lombardia;BG;L544;1;1;2;0;0;0;0;0,04;0
Nord Ovest;Lombardia;BG;L545;1;0;2,9;0;0;0;0;1,4;0
Nord Ovest;Lombardia;BG;L579;1;0;3,83;0;0;0;0;0;0
Nord Ovest;Lombardia;BG;L623;0;0;2;0;0;0;0;0;0
Nord Ovest;Lombardia;BG;L642;0;1;0;0;0;0;0;0;0
Nord Ovest;Lombardia;BG;L649;0;0;1;0;0;0;0;0;0
Nord Ovest;Lombardia;BG;L655;0;0;8,09;0;0;0;0;0;0
Nord Ovest;Lombardia;BG;L707;0;0;4;0;0;0;0;0;0
Nord Ovest;Lombardia;BG;L752;0;3;3,25;0;0;0;0;3;0
Nord Ovest;Lombardia;BG;L753;2;3,88;5,46;0;0;0;0;16;0
Nord Ovest;Lombardia;BG;L795;0;3;6,25;0;0;0;0;2;0
Nord Ovest;Lombardia;BG;L827;0;0;1,4;0;0;0;0;0;0
Nord Ovest;Lombardia;BG;L865;0;0;1;0;0;0;1;0;0
Nord Ovest;Lombardia;BG;L894;0;0;2;0;0;0;0;0;2
Nord Ovest;Lombardia;BG;L929;3;4;4;0;0;0;0;5,02;0
Nord Ovest;Lombardia;BG;L936;0;1,5;4;0;0;0;0;2;0
Nord Ovest;Lombardia;BG;L938;0;1,25;0;0;0;0;1;0;0
Nord Ovest;Lombardia;BG;M045;9;8;8;0;0;0;0;3,34;0
Nord Ovest;Lombardia;BG;M050;0;1;2,87;0;0;0;0;1;0
Nord Ovest;Lombardia;BG;M144;0;0,83;2,28;0;0;0;0;1;0
Nord Ovest;Lombardia;BG;M147;1;6;10,16;0;0;0;0;1;0
Nord Ovest;Lombardia;BG;M184;0;0;10,35;0;0;0;0;2,08;0
Nord Ovest;Lombardia;BS;A034;0;2;1,12;0;0;0;0;1,06;0
Nord Ovest;Lombardia;BS;A060;3;2;6;0;0;0;0;5,16;1
Nord Ovest;Lombardia;BS;A082;3;0;5,67;0;0;0;0;1;0
Nord Ovest;Lombardia;BS;A188;0;1;1;0;0;0;0;0;0
Nord Ovest;Lombardia;BS;A288;0;0;3;0;1;0;0;0;0
Nord Ovest;Lombardia;BS;A293;0;0;6;0;0;0;0;0;1
Nord Ovest;Lombardia;BS;A451;1;3;3,05;0;0;0;0;0;0
Nord Ovest;Lombardia;BS;A529;0;5;1;0;0;0;0;2;0
Nord Ovest;Lombardia;BS;A569;4;2;1,03;0;0;0;0;1,9;0
Nord Ovest;Lombardia;BS;A578;1;0;14,12;0;0;0;0;0;0
Nord Ovest;Lombardia;BS;A630;0;1;2;0;0;0;0;1;0
Nord Ovest;Lombardia;BS;A661;1;0;1;0;0;0;0;2;0
Nord Ovest;Lombardia;BS;A702;0;0;2;0;0;0;1;0;0
Nord Ovest;Lombardia;BS;A729;4;5;8,44;0;0;0;3,11;11,33;0
Nord Ovest;Lombardia;BS;A799;1;3;2,51;0;0;0;0;1;1
Nord Ovest;Lombardia;BS;A816;0;0;3;0;0;0;0;0;0
Nord Ovest;Lombardia;BS;A817;0;1;1;0;0;0;0;0;0
Nord Ovest;Lombardia;BS;A861;0;7;10;0;0;0;0;1;0
Nord Ovest;Lombardia;BS;A878;0;0;5;0;0;0;0;1;0
Nord Ovest;Lombardia;BS;B035;1;6,5;7,83;0;0;0;0;3;0
Nord Ovest;Lombardia;BS;B040;0;5,5;8,5;0;0;0;0;6;0
Nord Ovest;Lombardia;BS;B054;0;1;3;0;0;0;0;0;0
Nord Ovest;Lombardia;BS;B091;2;1,5;7;0;0;0;0;1;0
Nord Ovest;Lombardia;BS;B100;0;0;1,31;0;0;0;0;0;0
Nord Ovest;Lombardia;BS;B102;1;7;3,58;0;0;0;0,12;1,04;0
Nord Ovest;Lombardia;BS;B120;0;0;0;0;0;0;0;0;0
Nord Ovest;Lombardia;BS;B124;0;0;1,67;0;0;0;0;0;0
Nord Ovest;Lombardia;BS;B149;3;5;7,5;0;0;0;0;0;0
Nord Ovest;Lombardia;BS;B157;146,2;162,06;105,01;5,45;1;2;14,02;35,08;0
Nord Ovest;Lombardia;BS;B184;0;0;0;0;0;0;0;0;0
Nord Ovest;Lombardia;BS;B365;0;0;3,11;0;0;0;0;0;0
Nord Ovest;Lombardia;BS;B394;2;3;10,18;0;0;0;0;5;3
Nord Ovest;Lombardia;BS;B436;0;0;4;0;0;0;0;0;0
Nord Ovest;Lombardia;BS;B450;0;1;3,95;0;0;0;0;2;0
Nord Ovest;Lombardia;BS;B664;0;0;6,84;0;0;0;0;0;0
Nord Ovest;Lombardia;BS;B676;0;0;4;0;0;0;0;0;0
Nord Ovest;Lombardia;BS;B698;0;3;8;0;0;0;0;6;0
Nord Ovest;Lombardia;BS;B711;13;20;10,67;0;0;0;1,05;10;0
Nord Ovest;Lombardia;BS;B817;1;6;17,5;0;0;0;1;3,42;0,67
Nord Ovest;Lombardia;BS;C055;4;2;10,4;0;0;0;0;6;0
Nord Ovest;Lombardia;BS;C072;0;5,33;5,32;0;0;0;0;3;0
Nord Ovest;Lombardia;BS;C208;6;5;11,67;0;0;0;0;2,28;0
Nord Ovest;Lombardia;BS;C293;5;5;17;0;0;0;4;17;3
Nord Ovest;Lombardia;BS;C330;0;0;8;0;0;0;1;0;0
Nord Ovest;Lombardia;BS;C332;0;3,5;9,75;0;0;0;1;0;1
Nord Ovest;Lombardia;BS;C408;5;1;5,17;0;0;0;0;14;0
Nord Ovest;Lombardia;BS;C417;0;2;4,56;0;0;0;0;0;0
Nord Ovest;Lombardia;BS;C439;0;5;5,83;0;0;0;0;9;0
Nord Ovest;Lombardia;BS;C549;0;0;0;0;0;0;0;0;0
Nord Ovest;Lombardia;BS;C585;1;0;4,34;0;0;0;0;1;0
Nord Ovest;Lombardia;BS;C591;0;0;2,5;0;0;0;0;0;0
Nord Ovest;Lombardia;BS;C618;6;9,5;15,93;0;0;0;2;10,14;3
Nord Ovest;Lombardia;BS;C685;0;0,33;1;0;0;0;0;1;0
Nord Ovest;Lombardia;BS;C691;0;0;1,5;0;0;0;0;0;0
Nord Ovest;Lombardia;BS;C698;0;1;4,57;0;0;0;0;2;0
Nord Ovest;Lombardia;BS;C760;1;5;4;0;0;0;0;0;0
Nord Ovest;Lombardia;BS;C806;2;0;3,5;0;0;0;0;4;0,5
Nord Ovest;Lombardia;BS;C850;0;0;6;0;0;0;1;5;0
Nord Ovest;Lombardia;BS;C883;0;0;4,2;0;0;0;0;0;0
Nord Ovest;Lombardia;BS;C893;5;2;6;0;0;0;0;3;0
Nord Ovest;Lombardia;BS;C925;0;1;2,07;0;0;0;0;0;1,07
Nord Ovest;Lombardia;BS;C948;8;6;10,73;0;0;1;2;7,87;0
Nord Ovest;Lombardia;BS;D058;1;14,53;7,06;0;0;0;0;2,02;0
Nord Ovest;Lombardia;BS;D064;2;3;12,86;0;0;0;0;1,04;0
Nord Ovest;Lombardia;BS;D082;0;1;5;0;0;0;0;2;0
Nord Ovest;Lombardia;BS;D251;21;8;21,21;0;1;1;0;3,04;0
Nord Ovest;Lombardia;BS;D270;1;1,33;4;0;0;0;0;1;0
Nord Ovest;Lombardia;BS;D284;19;20,99;30,77;0;0;1;0;2,34;1
Nord Ovest;Lombardia;BS;D391;0;0,39;8,92;0;0;0;0;0;0
Nord Ovest;Lombardia;BS;D421;6;20;14;0;0;0;1;8;1
Nord Ovest;Lombardia;BS;D434;0;2;4,84;0;0;0;0;3;0
Nord Ovest;Lombardia;BS;D576;0;1;3;0;0;0;0;0,5;0,25
Nord Ovest;Lombardia;BS;D634;6;22;4,5;0;0;0;0,02;5;0
Nord Ovest;Lombardia;BS;D891;2;4;4;0;0;0;0;0;0
Nord Ovest;Lombardia;BS;D917;0;0;5;0;0;0;0;0;0
Nord Ovest;Lombardia;BS;D918;9;8;5,29;0;0;0;1,01;9,1;0
Nord Ovest;Lombardia;BS;D924;1;0;5,5;0;0;0;0;0;0
Nord Ovest;Lombardia;BS;D940;5;12;11,16;0;0;0;0;2;0
Nord Ovest;Lombardia;BS;D999;1;4,89;16,48;0;0;0;0;4,05;2,33
Nord Ovest;Lombardia;BS;E010;0;2;3;0;0;0;0;4;0
Nord Ovest;Lombardia;BS;E116;0;0;3;0;0;0;0;1;2
Nord Ovest;Lombardia;BS;E271;10,5;13;15,5;0;0;0;0;38,05;0
Nord Ovest;Lombardia;BS;E280;0;2;2,5;0;0;0;0;0;0
Nord Ovest;Lombardia;BS;E297;0;0;0;0;0;0;0;0;0
Nord Ovest;Lombardia;BS;E325;0;0;0;0;0;0;0;0;0
Nord Ovest;Lombardia;BS;E333;9;8;14,35;0;0;1;0;2;0
Nord Ovest;Lombardia;BS;E364;0,5;1;5;0;0;0;0;2;0
Nord Ovest;Lombardia;BS;E497;0;0;2;0;0;0;0;0;0
Nord Ovest;Lombardia;BS;E526;5;6,77;8,11;0;0;0;0;6;1,2
Nord Ovest;Lombardia;BS;E596;0;1;0;0;0;0;0;0;0
Nord Ovest;Lombardia;BS;E652;0;4;11,33;0;0;0;0;2;0
Nord Ovest;Lombardia;BS;E654;3;2;4;0;0;1;0;9;0
Nord Ovest;Lombardia;BS;E667;6;6;19,08;0;0;0;0;9,46;1
Nord Ovest;Lombardia;BS;E673;1;0;0;0;0;0;0;2;0
Nord Ovest;Lombardia;BS;E698;0;0;0;0;0;0;0;0;0
Nord Ovest;Lombardia;BS;E706;0;0;1,41;0;0;0;0;0;0
Nord Ovest;Lombardia;BS;E738;10;22,63;32,71;0;0;0;1;37,01;0
Nord Ovest;Lombardia;BS;E787;0;4;0,5;0;0;0;0;0;0
Nord Ovest;Lombardia;BS;E841;0;1,66;7,83;0;0;0;0;0;0
Nord Ovest;Lombardia;BS;E851;0;3;4;0;0;0;0;0;0
Nord Ovest;Lombardia;BS;E865;2;0;3,23;0;0;0;6;0;0
Nord Ovest;Lombardia;BS;E883;6,12;9;9,45;0;0;0;1;2,96;0
Nord Ovest;Lombardia;BS;E884;6;10;11,41;0;0;2;0;6,14;0
Nord Ovest;Lombardia;BS;E928;0;6;4;0;0;0;0;5;0
Nord Ovest;Lombardia;BS;E961;0;0;0,5;0;0;0;0;0;0
Nord Ovest;Lombardia;BS;E967;0;4;1,5;0;0;0;0;0;0
Nord Ovest;Lombardia;BS;F063;4;2;5,56;0;0;0;0;1,4;0
Nord Ovest;Lombardia;BS;F216;0;2;2;0;0;0;0;0;1
Nord Ovest;Lombardia;BS;F373;2;2;7,5;0;0;0;0;3;0
Nord Ovest;Lombardia;BS;F375;0;0;0;0;0;0;0;0;0
Nord Ovest;Lombardia;BS;F471;8;5;20,79;0;0;0;1;15,37;0,75
Nord Ovest;Lombardia;BS;F532;0;0;2,2;0;0;0;0;0;0
Nord Ovest;Lombardia;BS;F672;0;0;5;0;0;0;0;2;0
Nord Ovest;Lombardia;BS;F680;1;5,5;4,5;0;0;0;0;4;0
Nord Ovest;Lombardia;BS;F806;0;0;2;0;0;0;0;1;0
Nord Ovest;Lombardia;BS;F820;2;0;3;0;0;0;0;0,08;0
Nord Ovest;Lombardia;BS;F851;0;5,5;7,32;0;0;0;0;3;0
Nord Ovest;Lombardia;BS;F884;0;0;1;0;0;0;1;0;0
Nord Ovest;Lombardia;BS;F989;0;5,67;5;0;0;0;0;1;0
Nord Ovest;Lombardia;BS;F990;3;0;7,33;0;0;0;0;1;0
Nord Ovest;Lombardia;BS;G001;0;6;2;0;0;0;0,28;0;0
Nord Ovest;Lombardia;BS;G006;0;0;2,5;0;0;0;0;1;0,06
Nord Ovest;Lombardia;BS;G061;2;2;1;0;0;0;0;0;0
Nord Ovest;Lombardia;BS;G074;0;0;0;0;0;0;0;0;0
Nord Ovest;Lombardia;BS;G149;10;2,25;13,49;0;0;1;0;5;0
Nord Ovest;Lombardia;BS;G150;1;1;3;0;0;0;0;0;0
Nord Ovest;Lombardia;BS;G170;4;11,13;10,63;0;0;0;2;1;0
Nord Ovest;Lombardia;BS;G179;0;0;3,17;0;0;0;0;0;0
Nord Ovest;Lombardia;BS;G213;6;2,83;7;0;2,08;0;0,01;1,16;0
Nord Ovest;Lombardia;BS;G217;10;0;4;0;0;0;0;1;0
Nord Ovest;Lombardia;BS;G247;0;0;1;0;0;0;0;0;0
Nord Ovest;Lombardia;BS;G248;0;1;1;0;0;0;0;5;0
Nord Ovest;Lombardia;BS;G264;11;10,17;11,78;0;0;0;2;10,02;1
Nord Ovest;Lombardia;BS;G327;3;5;9;0;2;0;1;5,02;0
Nord Ovest;Lombardia;BS;G354;0;0;1;0;0;0;0;0;0
Nord Ovest;Lombardia;BS;G361;1;1;7;0;0;0;0;4;0
Nord Ovest;Lombardia;BS;G391;1;1;2;0;0;0;0;4;0
Nord Ovest;Lombardia;BS;G407;2;1;2,88;0;0;0;0;0;1
Nord Ovest;Lombardia;BS;G474;0;0;3,5;0;0;0;0;0;0
Nord Ovest;Lombardia;BS;G475;0;0,11;2,62;0;0;0;0;1;0
Nord Ovest;Lombardia;BS;G529;0;2;4;0;0;0;0;1;0
Nord Ovest;Lombardia;BS;G546;0;1,1;8,76;0;0;0;0;6;0
Nord Ovest;Lombardia;BS;G549;0;1;5,5;0;0;0;0;0;0
Nord Ovest;Lombardia;BS;G710;3;12;11,37;0;0;0;1;4;0
Nord Ovest;Lombardia;BS;G779;0;1;1;0;0;0;0;0;0
Nord Ovest;Lombardia;BS;G801;4;0;2;0;0;0;0;1,54;0
Nord Ovest;Lombardia;BS;G815;2;0;4;0;0;0;0;4;0,5
Nord Ovest;Lombardia;BS;G818;0;7;7;0;0;0;0;3,08;1
Nord Ovest;Lombardia;BS;G844;1,07;0;13,67;0;0;0;0;1,11;1
Nord Ovest;Lombardia;BS;G859;2;2,5;2,5;0;0;0;0;1;0
Nord Ovest;Lombardia;BS;G869;2,5;8,5;1,22;0;0;0;0;1;0,05
Nord Ovest;Lombardia;BS;G959;0;1;2,17;0;0;0;0;0;0
Nord Ovest;Lombardia;BS;G977;1;3;2,11;0;0;0;0;0;0
Nord Ovest;Lombardia;BS;H043;0;0;1;0;0;0;0;1;0
Nord Ovest;Lombardia;BS;H050;0;0;1;0;0;0;0;2;0
Nord Ovest;Lombardia;BS;H055;1;1;3,49;0;0;0;0;1,33;0
Nord Ovest;Lombardia;BS;H077;0;0;3,83;0;0;0;0;0;0
Nord Ovest;Lombardia;BS;H078;0;6;6,99;0;0;0;2;4;0
Nord Ovest;Lombardia;BS;H086;0;0;6;0;0;0;2,14;1,02;0
Nord Ovest;Lombardia;BS;H140;0;2,5;4,98;0;0;0;0;2;0
Nord Ovest;Lombardia;BS;H230;0;7;0;0;1;0;0;4;0
Nord Ovest;Lombardia;BS;H256;5;11,67;15,5;0;0;1;0;9,08;0
Nord Ovest;Lombardia;BS;H410;7;1;7;0;0;0;0;4;0
Nord Ovest;Lombardia;BS;H477;2;3;6,5;0;0;0;3;8,36;0
Nord Ovest;Lombardia;BS;H484;4;2;11;0;1;0;0;3;0
Nord Ovest;Lombardia;BS;H525;8;5;3,33;0;0;0;1;1;0
Nord Ovest;Lombardia;BS;H598;11;14;10,34;0;0;0;0;7,01;0
Nord Ovest;Lombardia;BS;H630;0;2;6;0;0;0;1;3;0,33
Nord Ovest;Lombardia;BS;H650;2;0;6,49;0;0;0;0;2;0
Nord Ovest;Lombardia;BS;H699;1;0;4,5;0;0;0;0;0,06;0
Nord Ovest;Lombardia;BS;H717;9;8;9,52;0;0,5;1;0;1,32;0
Nord Ovest;Lombardia;BS;H838;2;1;7,5;0;0;0;0;0;0
Nord Ovest;Lombardia;BS;H865;2;2;1;0;0;0;0;3;0
Nord Ovest;Lombardia;BS;I412;7;5;2;0;0;0;0;2;0
Nord Ovest;Lombardia;BS;I433;7,44;12;15,94;0;0;0;0;4,25;0
Nord Ovest;Lombardia;BS;I476;0;0;4,87;0;0;0;0;1;0
Nord Ovest;Lombardia;BS;I588;1;0;2;0;0;0;0;1;0
Nord Ovest;Lombardia;BS;I607;0;0;0;0;0;0;0;0;0
Nord Ovest;Lombardia;BS;I631;1;1;0,5;0;0;0;0;0;0
Nord Ovest;Lombardia;BS;I633;10;15;13,75;0;0;0;1;1,25;0
Nord Ovest;Lombardia;BS;I782;2;0;3;0;0;0;0;7;0
Nord Ovest;Lombardia;BS;I831;0;0;2,67;0;0;0;0;0,06;0
Nord Ovest;Lombardia;BS;L002;0;1;3,5;0;0;0;0;2;1
Nord Ovest;Lombardia;BS;L094;1;0;0;0;0;0;0;0;0
Nord Ovest;Lombardia;BS;L169;0;0;12,09;0;0;0;0,92;0;0
Nord Ovest;Lombardia;BS;L210;0;3;4;0;0;0;0;8,5;0
Nord Ovest;Lombardia;BS;L312;2;2;10,88;0;0;0;0;2,06;0
Nord Ovest;Lombardia;BS;L339;3;12,42;13,05;0;0;0;1;8,75;2
Nord Ovest;Lombardia;BS;L372;0;0;4;0;0;0;0;0;0
Nord Ovest;Lombardia;BS;L380;0;1;3;0;0;0;0;4;0,22
Nord Ovest;Lombardia;BS;L406;0;0;5,25;0;0;0;0;0;0
Nord Ovest;Lombardia;BS;L494;1;1;0;0;0;0;0;0;1
Nord Ovest;Lombardia;BS;L626;0;0;1;0;0;0;0;0;0
Nord Ovest;Lombardia;BS;L777;2;1;5;0;0;0;0;2,25;0
Nord Ovest;Lombardia;BS;L778;0;3;4,75;0;0;0;0;1,5;0
Nord Ovest;Lombardia;BS;L812;2;2;3;0;0;0;2;2;0
Nord Ovest;Lombardia;BS;L816;0;1;2,33;1;0;0;0;1;0
Nord Ovest;Lombardia;BS;L919;2;4;6,33;0;0;0;0;4;0
Nord Ovest;Lombardia;BS;L923;0;0;2;0;0;0;0;3;0,25
Nord Ovest;Lombardia;BS;L995;4;6;5,5;0;0;0;0;3;0
Nord Ovest;Lombardia;BS;M065;1;0;1;0;0;0;0;0;0
Nord Ovest;Lombardia;BS;M070;0;3,5;2;0;0;0;0;8;1
Nord Ovest;Lombardia;BS;M104;2;6;6;0;0;0;0;5;0
Nord Ovest;Lombardia;BS;M188;0;1;7;0;0;0;0;0;0
Nord Ovest;Lombardia;BS;M312;0;0;0;0;0;0;0;0;0
Nord Ovest;Lombardia;CO;A143;2;1;8;0;0;0;0;0;0
Nord Ovest;Lombardia;CO;A153;0;1;3;0;0;0;2,5;3;0
Nord Ovest;Lombardia;CO;A164;0;0;2;0;0;0;0;1,13;1
Nord Ovest;Lombardia;CO;A224;0;0;1;0;0;0;0;0;0
Nord Ovest;Lombardia;CO;A249;0;0;4;0;0;0;0;0;0
Nord Ovest;Lombardia;CO;A319;0;0;2,2;0;0;0;0;4;1
Nord Ovest;Lombardia;CO;A333;5;4;11,93;0;0;0;0;2;0
Nord Ovest;Lombardia;CO;A391;0;2;2;0;0;1;0;0;0
Nord Ovest;Lombardia;CO;A430;0;1;1;0;0;1;0;1;0
Nord Ovest;Lombardia;CO;A476;0;0;3,77;0;0;0;0;0;0
Nord Ovest;Lombardia;CO;A670;0;0;0;0;0;0;0;0;0
Nord Ovest;Lombardia;CO;A744;0;5,06;3;0;1;2;0;0;0
Nord Ovest;Lombardia;CO;A778;0;0;1;0;0;0;0;0;0
Nord Ovest;Lombardia;CO;A791;0;0;1,5;0;0;0;4;0;0
Nord Ovest;Lombardia;CO;A870;1;2;1,67;0;0;0;0;1;0
Nord Ovest;Lombardia;CO;A898;0;0;1;0;0;0;0;0;0
Nord Ovest;Lombardia;CO;A904;0;0;1;0;0;0;0;0;0
Nord Ovest;Lombardia;CO;A905;0;0;4;0;0;0;0;0;0
Nord Ovest;Lombardia;CO;B134;1;1;4,5;0;0;0;0;4;0
Nord Ovest;Lombardia;CO;B144;0;0,5;1,88;0;0;0;0;0,17;0
Nord Ovest;Lombardia;CO;B172;0;0;2;0;0;0;0;0;0
Nord Ovest;Lombardia;CO;B218;1;0;1;0;0;0;0;0;0
Nord Ovest;Lombardia;CO;B262;1;1;6;0;0;0;0;2;0
Nord Ovest;Lombardia;CO;B313;1;5;12,25;0;0;1;0;2;0
Nord Ovest;Lombardia;CO;B346;1;3,75;8,53;0;0;0;1;1;0
Nord Ovest;Lombardia;CO;B355;0;0;0;0;0;0;0;0;0
Nord Ovest;Lombardia;CO;B359;0;1;2,31;0;0;0;0;1;0
Nord Ovest;Lombardia;CO;B513;0;7;2;0;0;0;0;0;0
Nord Ovest;Lombardia;CO;B639;14;27,67;28,92;0;0;0;1;16,83;0
Nord Ovest;Lombardia;CO;B641;0;1;2,5;0;0;0;0;0;0
Nord Ovest;Lombardia;CO;B653;1,5;4,25;1,25;0;0;0;0;1,48;0
Nord Ovest;Lombardia;CO;B730;0;0;0;0;0;0;0;0;0
Nord Ovest;Lombardia;CO;B742;0;0;2;0;0;0;0;2;0,5
Nord Ovest;Lombardia;CO;B778;0;0;4,5;0;0;0;0;0,43;0
Nord Ovest;Lombardia;CO;B785;0;2;3,61;0;0;0;0;0,09;0
Nord Ovest;Lombardia;CO;B851;1;1;3,67;0;0;0;0;6;0
Nord Ovest;Lombardia;CO;B942;0;0;1;0;0;0;0;0;0
Nord Ovest;Lombardia;CO;B974;0;0;1;0;0;0;0;2,08;0
Nord Ovest;Lombardia;CO;B977;0;0;4,5;0;0;0;0;10,01;0
Nord Ovest;Lombardia;CO;C020;2;0;1,5;0;0;0;0;4,69;0
Nord Ovest;Lombardia;CO;C206;0;1;0;0;0;0;0;1;2
Nord Ovest;Lombardia;CO;C220;0;0,25;0,5;0;0;0;0;0;0
Nord Ovest;Lombardia;CO;C299;0;0;3;0;0;0;0;0;0
Nord Ovest;Lombardia;CO;C374;0;1,16;3;0;0;0;0;0;0
Nord Ovest;Lombardia;CO;C381;0;0;1;0;0;0;0;0;0
Nord Ovest;Lombardia;CO;C482;0;0;2;0;0;0;0;0;0
Nord Ovest;Lombardia;CO;C516;2;2;5,25;0;0;1;5;1;0
Nord Ovest;Lombardia;CO;C520;1;5;4,25;0;1;1;1;0,38;0
Nord Ovest;Lombardia;CO;C724;0;0;2;0;0;0;0;0;0
Nord Ovest;Lombardia;CO;C754;1;0;0,67;0;0;0;0;0;0
Nord Ovest;Lombardia;CO;C787;0;0;0;0;0;0;0;0;0
Nord Ovest;Lombardia;CO;C902;0;0;2,75;0;0;0;0;0;0
Nord Ovest;Lombardia;CO;C933;58,57;50,33;53,74;1;2;5;13,5;41,63;0
Nord Ovest;Lombardia;CO;C936;0;0;11,09;0;0;0;0;0;0
Nord Ovest;Lombardia;CO;D041;0;0;1;0;0;0;0;0;0
Nord Ovest;Lombardia;CO;D147;0;0;4,5;0;0;0;0;0;0
Nord Ovest;Lombardia;CO;D196;1;1;0,07;0;0;0;0;3;0
Nord Ovest;Lombardia;CO;D232;0;0;0;0;0;0;0;0;0
Nord Ovest;Lombardia;CO;D310;0;0;1;0;0;0;0;0;0
Nord Ovest;Lombardia;CO;D329;0;3;2,5;0;0;0;0;0;0
Nord Ovest;Lombardia;CO;D341;1;1;5,5;0;0;0;0;0;0
Nord Ovest;Lombardia;CO;D355;0;0;0;0;0;0;0;0;0
Nord Ovest;Lombardia;CO;D369;0;1;0,2;1;0;0;0;0;0
Nord Ovest;Lombardia;CO;D416;9;7;10,48;0;0;0;1;3,25;0
Nord Ovest;Lombardia;CO;D445;0;1;2;0;0;0;0;0;0
Nord Ovest;Lombardia;CO;D462;0;0;5;0;0;0;0;0;0
Nord Ovest;Lombardia;CO;D482;0;3,5;3,5;0;0;0;0;0;0
Nord Ovest;Lombardia;CO;D531;0;1;1,17;0;0;0;1;0;0
Nord Ovest;Lombardia;CO;D579;0;4;2;0;0;0;0;6,13;0
Nord Ovest;Lombardia;CO;D605;4;3;16,59;0;0;1;1;6,06;0
Nord Ovest;Lombardia;CO;D930;0;0;1;0;0;0;0;0;0
Nord Ovest;Lombardia;CO;D974;0;0;1,33;0;0;0;0;1;0
Nord Ovest;Lombardia;CO;E051;0;1;5,5;0;0;0;1;1;0
Nord Ovest;Lombardia;CO;E139;1,48;0;4;0;0;0;15;3,16;0
Nord Ovest;Lombardia;CO;E141;0;2;4,25;0;0;0;0;0;0
Nord Ovest;Lombardia;CO;E172;0;1;0;0;0;0;0;0;0
Nord Ovest;Lombardia;CO;E235;2;2;5;0;0;0;2;2,2;0
Nord Ovest;Lombardia;CO;E309;0;1,33;9,91;0;0;0;0;2,15;0
Nord Ovest;Lombardia;CO;E405;0;0;3;0;0;0;0;1;0
Nord Ovest;Lombardia;CO;E416;0;0;2;0;0;0;0;0;0
Nord Ovest;Lombardia;CO;E428;1;0,5;1;0;0;0;0;0;0
Nord Ovest;Lombardia;CO;E444;0;1;1;0;0;0;0;0;0
Nord Ovest;Lombardia;CO;E462;0;0;1;0;0;0;0;0;0
Nord Ovest;Lombardia;CO;E525;0;1,5;3,5;0;0;0;0;0;0
Nord Ovest;Lombardia;CO;E569;0;0;2,5;0;0;0;0;0;0
Nord Ovest;Lombardia;CO;E593;1;1,56;3,5;0;0;0;1;2;0
Nord Ovest;Lombardia;CO;E607;0;2,33;10;0;0;0;0;2,2;0
Nord Ovest;Lombardia;CO;E623;0;1;2;0;0;0;0;0;0
Nord Ovest;Lombardia;CO;E638;0;0;6;0;0;0;0;3;0
Nord Ovest;Lombardia;CO;E659;1;1;3,76;0;0;0;0;1;0
Nord Ovest;Lombardia;CO;E679;1;0;2;0;0;0;0;0;0
Nord Ovest;Lombardia;CO;E735;3;1;1;0;0;0;3;4;0
Nord Ovest;Lombardia;CO;E749;2;1;6;0;0;0;2;3;0
Nord Ovest;Lombardia;CO;E750;0;0;2;0;0;0;1;2;0
Nord Ovest;Lombardia;CO;E753;2;3,67;9,75;0;0;0;2;4;0
Nord Ovest;Lombardia;CO;E830;0;0;0;0;0;0;0;0;0
Nord Ovest;Lombardia;CO;E951;12;18;23,16;0;0;0;3;10;0
Nord Ovest;Lombardia;CO;F017;0;2;0,5;1;0;0;0;1;0
Nord Ovest;Lombardia;CO;F120;0;0;3;0;0;0;0;1;0
Nord Ovest;Lombardia;CO;F151;0;1;2;0;0;0;0;1,06;0
Nord Ovest;Lombardia;CO;F181;0;0;1;0;0;0;0;0;0
Nord Ovest;Lombardia;CO;F305;0;0;2;0;0;0;0;0;0
Nord Ovest;Lombardia;CO;F372;1;0,83;1,5;0;0;0;0;2;0
Nord Ovest;Lombardia;CO;F427;1;2;3;0;0;0;1;0,04;0
Nord Ovest;Lombardia;CO;F564;0;0;4;0;0;0;0;0;0
Nord Ovest;Lombardia;CO;F688;1,5;0;5;0;0;0;0;1;0
Nord Ovest;Lombardia;CO;F788;2;3;4;0;0;1;0;2;0
Nord Ovest;Lombardia;CO;F828;0;0;0,37;0;0;0;0;0;0
Nord Ovest;Lombardia;CO;F877;0;0;3;0;0;0;0;0;0
Nord Ovest;Lombardia;CO;F958;0;4,5;2,7;0;0;0;0;4;0
Nord Ovest;Lombardia;CO;G025;4,82;4,33;15,08;0;0;1;2;0;0
Nord Ovest;Lombardia;CO;G056;2;1;2;0;0;0;0;0;0
Nord Ovest;Lombardia;CO;G126;0;0;1;0;0;0;0;2,05;0
Nord Ovest;Lombardia;CO;G182;0;0;4;0;0;0;0;0;0
Nord Ovest;Lombardia;CO;G329;0;0;2,1;0;0;0;0;0;0
Nord Ovest;Lombardia;CO;G415;0;0;1;0;0;0;0;0;0
Nord Ovest;Lombardia;CO;G427;0;0;0,5;0;0;0;0;0;0
Nord Ovest;Lombardia;CO;G556;1;0;5,75;0;0;0;0;0;0
Nord Ovest;Lombardia;CO;G665;0;0;0,5;0;0;0;0;0;0
Nord Ovest;Lombardia;CO;G737;0;0;4;0;0;0;0;0;0
Nord Ovest;Lombardia;CO;G773;0;0;1;0;0;0;0;0;0
Nord Ovest;Lombardia;CO;G821;0;0;3;0;0;0;0;0;0
Nord Ovest;Lombardia;CO;G847;1;0;2,5;0;0;0;0;1;0
Nord Ovest;Lombardia;CO;G889;1;1,33;4;0;0;0;1;0;0
Nord Ovest;Lombardia;CO;H074;0;1;1,67;0;0;0;0;0;0
Nord Ovest;Lombardia;CO;H094;0;0;1;0;0;0;0;0,02;0
Nord Ovest;Lombardia;CO;H171;0;0;0;0;0;0;0;0;0
Nord Ovest;Lombardia;CO;H255;0;0;0;0;0;0;0;0;0
Nord Ovest;Lombardia;CO;H259;0;0;1;0;0;0;0;0;0
Nord Ovest;Lombardia;CO;H478;0;0;0;0;0;0;0;0;0
Nord Ovest;Lombardia;CO;H521;0;1;1;0;0;0;0;0;0
Nord Ovest;Lombardia;CO;H601;1;2;7,5;0;0;1;0;2;0
Nord Ovest;Lombardia;CO;H602;0;2;1,5;0;0;0;0;7;0
Nord Ovest;Lombardia;CO;H679;0;0;1;0;1;0;0;0;0
Nord Ovest;Lombardia;CO;H760;0;0;1;0;0;0;0;0;0
Nord Ovest;Lombardia;CO;H830;0;0;3,05;0;0;0;0;0;0
Nord Ovest;Lombardia;CO;H840;0;0;0,02;0;0;0;0;0,06;0
Nord Ovest;Lombardia;CO;I051;0;0;0,67;0;0;0;0;0;0
Nord Ovest;Lombardia;CO;I162;0;0;9,5;0;0;0;0;0;0
Nord Ovest;Lombardia;CO;I529;0;0;0,5;0;0;0;0;0;0
Nord Ovest;Lombardia;CO;I611;2;1;3;0;0;0;1;3,07;0
Nord Ovest;Lombardia;CO;I792;0;1;2;0;0;0;0;0;0
Nord Ovest;Lombardia;CO;I856;0;0;3;0;0;0;0;0;0
Nord Ovest;Lombardia;CO;I860;0;0;0,52;0;0;0;1;0,02;0
Nord Ovest;Lombardia;CO;I943;0;0;2,5;0;0;0;0;0;0
Nord Ovest;Lombardia;CO;L071;0;1;3;0;0;0;0;7,01;0
Nord Ovest;Lombardia;CO;L228;0;0;2;0;0;0;0;0;0
Nord Ovest;Lombardia;CO;L371;0;1;5,25;0;0;0;0;0;0
Nord Ovest;Lombardia;CO;L413;0;0;0;0;0;0;0;0;0
Nord Ovest;Lombardia;CO;L470;0;10;10,16;0;0;0;0;4;0
Nord Ovest;Lombardia;CO;L487;0;2;11;0;0;0;0;0;0
Nord Ovest;Lombardia;CO;L547;0;1;2,33;0;0;0;0;4;0
Nord Ovest;Lombardia;CO;L640;0;1;2;0;0;0;0;0;0
Nord Ovest;Lombardia;CO;L715;0;0;1;0;0;0;0;0;0
Nord Ovest;Lombardia;CO;L737;0;0;3;0;0;0;1;4;0
Nord Ovest;Lombardia;CO;L748;1;0;2;0;0;0;0;0;0
Nord Ovest;Lombardia;CO;L792;0;2;6;0;0;0;0;0;0
Nord Ovest;Lombardia;CO;L956;1;3;7,89;0;0;1;3;1;0
Nord Ovest;Lombardia;CO;M156;0;0;1,01;0;0;0;0;0;0
Nord Ovest;Lombardia;CO;M315;5;2;9,75;0;0;0;3;0;0
Nord Ovest;Lombardia;CR;A039;2;1;0;0;0;0;0;0;0
Nord Ovest;Lombardia;CR;A076;0;3;3;0;0;0;0;1;0
Nord Ovest;Lombardia;CR;A299;0;0;0;0;0;0;0;0;0
Nord Ovest;Lombardia;CR;A526;0;0;4;0;0;0;0;0;0
Nord Ovest;Lombardia;CR;A570;1;1;7;0;0;0;0;2;0
Nord Ovest;Lombardia;CR;A972;0;0;0;0;0;0;0;0;0
Nord Ovest;Lombardia;CR;A986;0;0;0;0;0;0;0;0;0
Nord Ovest;Lombardia;CR;B129;2;1;4,45;0;0;2;0;3;1,47
Nord Ovest;Lombardia;CR;B320;0;0;0;0;0;0;0;0;0
Nord Ovest;Lombardia;CR;B439;0;1;0;0;0;0;0;0;0
Nord Ovest;Lombardia;CR;B484;0;0;0;0;0;0;1;2;0,86
Nord Ovest;Lombardia;CR;B498;0;0;1;0;0;0;0;1;0
Nord Ovest;Lombardia;CR;B650;1;1;1;0;0;0;0;0;0
Nord Ovest;Lombardia;CR;B679;0;0;0,5;0;0;0;0;0;0
Nord Ovest;Lombardia;CR;B680;0;0;0;0;0;0;0;0;0
Nord Ovest;Lombardia;CR;B686;0;1;0;0;0;0;0;0;2
Nord Ovest;Lombardia;CR;B869;0;0;0;0;0;0;2;2;0
Nord Ovest;Lombardia;CR;B881;0;0;7;0;0;0;0;0;0
Nord Ovest;Lombardia;CR;B889;0;0;1;0;0;0;0;0;0
Nord Ovest;Lombardia;CR;B890;0;0;0;0;0;0;0;0;0
Nord Ovest;Lombardia;CR;B891;0;3;3,22;0;0;0;0;0;0
Nord Ovest;Lombardia;CR;B898;5;12,42;12;0,33;0;0;5;2,15;0
Nord Ovest;Lombardia;CR;B900;0;2;2,33;0;0;1;0;0;0
Nord Ovest;Lombardia;CR;B914;0;0;0,5;0;0;0;0;1;0
Nord Ovest;Lombardia;CR;C089;0;0;1;0;0;0;0;0;0
Nord Ovest;Lombardia;CR;C115;0;0;0;0;0;0;0;0;0
Nord Ovest;Lombardia;CR;C153;2;0;9;0;0;0;0;2;1
Nord Ovest;Lombardia;CR;C290;1;1;2;0;0;0;0;0;0
Nord Ovest;Lombardia;CR;C435;0;0;0;0;0;0;0;0;0
Nord Ovest;Lombardia;CR;C634;0;0;0,33;0;0;0;0;1;0
Nord Ovest;Lombardia;CR;C678;0;0;0;0;0;0;0;0;0
Nord Ovest;Lombardia;CR;C703;0;0;3;0;0;0;0;1;0
Nord Ovest;Lombardia;CR;D056;0;1;1,5;0;0;0;0;0;0
Nord Ovest;Lombardia;CR;D057;0;1;0;0;0;0;1;0;0
Nord Ovest;Lombardia;CR;D141;0;1;2;0;0;0;0;0;0
Nord Ovest;Lombardia;CR;D142;17;25,5;17,9;0;0;1;1;7,02;0,4
Nord Ovest;Lombardia;CR;D150;24;60,33;30,5;0;0;2;9;13,15;0
Nord Ovest;Lombardia;CR;D151;0;1;1;0;0;0;2;1;0
Nord Ovest;Lombardia;CR;D186;0;0;0;0;0;0;0;0;1
Nord Ovest;Lombardia;CR;D203;0;0;0;0;0;0;0;0;0
Nord Ovest;Lombardia;CR;D278;0;0;0;0;0;0;0;0;0
Nord Ovest;Lombardia;CR;D358;0;0;2,55;0;0;0;0;0,05;1,1
Nord Ovest;Lombardia;CR;D370;0;0;1;0;0;0;0;0;0
Nord Ovest;Lombardia;CR;D574;0;1;0;0;0;0;0;0;0
Nord Ovest;Lombardia;CR;D710;0;0;0;0;0;0;0;0;0
Nord Ovest;Lombardia;CR;D834;0;0;4;0;0;0;0,25;0;0
Nord Ovest;Lombardia;CR;D841;0;0;1;0;0;0;0;2;0
Nord Ovest;Lombardia;CR;D966;0;1;1;0;0;0;0;0;0
Nord Ovest;Lombardia;CR;D993;0;0;1;0;0;0;0;0;0
Nord Ovest;Lombardia;CR;E082;0;0;0;0;0;0;0;0;0
Nord Ovest;Lombardia;CR;E193;0;0;1;0;0;0;0;0;0
Nord Ovest;Lombardia;CR;E217;0;1;0;0;0;0;0;7;0,5
Nord Ovest;Lombardia;CR;E272;0;3;3;0;0;0;0;0;0,17
Nord Ovest;Lombardia;CR;E356;0;2;1;0;0;0;0;0;0
Nord Ovest;Lombardia;CR;E380;0;1,66;3,08;0;0;0;0;1,33;0
Nord Ovest;Lombardia;CR;E793;0;1;1;0;0;0;0;1;0
Nord Ovest;Lombardia;CR;E843;0;0;0;0;0;0;0;1;1
Nord Ovest;Lombardia;CR;E983;1;0;0;0;0;0;0;0;0
Nord Ovest;Lombardia;CR;F434;0;0;1,83;0;0;0;0;0;0
Nord Ovest;Lombardia;CR;F681;0;1;0,6;0;0;0;0;0;0
Nord Ovest;Lombardia;CR;F761;0;0;1;0;0;0;0;0;0,33
Nord Ovest;Lombardia;CR;F771;0;0;1;0;0;0;0;0;0
Nord Ovest;Lombardia;CR;G004;0;2;1,5;0;0;0;0;3,16;0
Nord Ovest;Lombardia;CR;G047;0;0;0;0;0;0;0;0;0
Nord Ovest;Lombardia;CR;G185;0;1;1;0;0;0;0;0;1
Nord Ovest;Lombardia;CR;G222;0;1;0;0;0;0;0;0;0
Nord Ovest;Lombardia;CR;G260;0;2;4,5;0;0;0;0;1;0
Nord Ovest;Lombardia;CR;G306;1;1;5;0;0;0;0;3;2
Nord Ovest;Lombardia;CR;G469;0;0;2;0;0;0;0;1;0
Nord Ovest;Lombardia;CR;G483;0;1;1;0;0;0;0;4,5;2,5
Nord Ovest;Lombardia;CR;G504;0;2;2;0;0;0;2;0;0
Nord Ovest;Lombardia;CR;G536;2;2;1;0;0;0;0;1;0
Nord Ovest;Lombardia;CR;G558;0;0;4;0;0;0;0;0;0
Nord Ovest;Lombardia;CR;G603;0;1;0;0;0;0;0;0;0
Nord Ovest;Lombardia;CR;G647;0;0;1;0;0;0;0;1;0
Nord Ovest;Lombardia;CR;G651;0;4,5;2;0;0;0;0;1;1
Nord Ovest;Lombardia;CR;G721;1;3;5,98;0;0;0;1;2;0
Nord Ovest;Lombardia;CR;H130;0;1;3;0;0;0;0;0;0
Nord Ovest;Lombardia;CR;H276;1;1;1;0;0;0;0;0;0
Nord Ovest;Lombardia;CR;H314;0;0;1;0;0;0,5;0;0;0
Nord Ovest;Lombardia;CR;H315;0;0;4,75;0;0;0;0;1;0
Nord Ovest;Lombardia;CR;H316;0;0;0;0;0;0;0;0;0
Nord Ovest;Lombardia;CR;H341;0;0;2;0;0;0;0;0;0
Nord Ovest;Lombardia;CR;H357;0;3;6,79;0;0;0;0;8;2
Nord Ovest;Lombardia;CR;H372;0;0;1;0;0;0;0;0;0
Nord Ovest;Lombardia;CR;H508;0;2,5;2,25;0;0;0;1;2;0,5
Nord Ovest;Lombardia;CR;H731;0;0;0,5;0;0;0;0;3;0
Nord Ovest;Lombardia;CR;H767;0;1;1,5;0;0;0;0;0;0
Nord Ovest;Lombardia;CR;H815;0;0,5;1;0;0;0;0;0;0
Nord Ovest;Lombardia;CR;H918;0;0;1;0;0;0;0;0;1
Nord Ovest;Lombardia;CR;I007;0;0;0;0;0;0;0;0;0
Nord Ovest;Lombardia;CR;I497;0;0,33;1,71;0;0;0;0;0;0
Nord Ovest;Lombardia;CR;I498;0;0;0;0;0;0;0;0,4;0,2
Nord Ovest;Lombardia;CR;I627;1;0;2,5;0;0;0;0;4;0
Nord Ovest;Lombardia;CR;I683;0;4;1;0;0;0;0;8,99;2
Nord Ovest;Lombardia;CR;I790;0;1;1;0;0;0;0;0;0
Nord Ovest;Lombardia;CR;I827;2;2;3;0;0;0;0;2,04;2
Nord Ovest;Lombardia;CR;I849;6,5;7;3,83;4;0;0;0;4;1
Nord Ovest;Lombardia;CR;I865;0;0;1;0;0;0;0;2;0
Nord Ovest;Lombardia;CR;I906;0;1;1;0;0;0;0;0;2
Nord Ovest;Lombardia;CR;I909;0;0;1;0;0;0;0;0;0
Nord Ovest;Lombardia;CR;I914;2;0;3;0;1;0;0;3;0
Nord Ovest;Lombardia;CR;I935;0;0;0;0;0;0;0;0;1
Nord Ovest;Lombardia;CR;L164;0;0;0;0;0;0;0;2;3
Nord Ovest;Lombardia;CR;L221;0;0;0;0;0;0;0;0;0
Nord Ovest;Lombardia;CR;L225;0;0;0;0;0;0;0;0;0
Nord Ovest;Lombardia;CR;L258;0;1;1;0;0;0;0;3;0
Nord Ovest;Lombardia;CR;L296;0;0;0;0;0;0;0;0;0
Nord Ovest;Lombardia;CR;L389;0;1;1;0;0;0;0;0;0
Nord Ovest;Lombardia;CR;L426;0;0;1;0;0;0;0;0;0
Nord Ovest;Lombardia;CR;L535;0;2;3;0;0;0;0;2;0
Nord Ovest;Lombardia;CR;L539;0;2;2;0;0;0;1;1;0
Nord Ovest;Lombardia;CR;L806;0;2;0;0;0;0;0;4;0
Nord Ovest;Lombardia;CR;M116;0;0;0;0;0;0;0;1;0
Nord Ovest;Lombardia;CR;M127;0;0;0;0;0;0;0;0;0
Nord Ovest;Lombardia;LC;A005;0;3;1,87;0;1;0;0;0;0
Nord Ovest;Lombardia;LC;A112;1;0;1;0;0;0;0;5;0
Nord Ovest;Lombardia;LC;A301;0;0;3,5;0;0;0;0;1,05;0
Nord Ovest;Lombardia;LC;A594;0;0;3;0;0;0;0;1;0
Nord Ovest;Lombardia;LC;A683;0;0;7;0;0;0;1;2;0
Nord Ovest;Lombardia;LC;A686;2;1;8,28;0;0;0;0;4;0
Nord Ovest;Lombardia;LC;A687;1;0;5;0;1;0;0;1;0
Nord Ovest;Lombardia;LC;A745;1;1,5;8;0;0;0;0;0,04;0
Nord Ovest;Lombardia;LC;B081;0;1;3;0;0;0;0;1,05;0
Nord Ovest;Lombardia;LC;B194;1;4;8;0;0;0;0;3;0
Nord Ovest;Lombardia;LC;B261;2;3;2;0;0;0;0;3,02;0
Nord Ovest;Lombardia;LC;B396;1;2,5;3;0;0;0;0;4,12;0
Nord Ovest;Lombardia;LC;B423;3;7;6,8;0;0;0;1;1,05;0
Nord Ovest;Lombardia;LC;B763;0;0;2;0;0;0;0;0;0
Nord Ovest;Lombardia;LC;B937;0;0;8;0;0;0;0;0;0
Nord Ovest;Lombardia;LC;B943;0;4;23,33;0;0;0;0;3,33;0
Nord Ovest;Lombardia;LC;B996;1;0;7,5;0;0;0;0;1;1
Nord Ovest;Lombardia;LC;C024;0;0;1;0;0;0;0;0,05;0
Nord Ovest;Lombardia;LC;C187;0;0;0;0;0;0;0;0,03;0
Nord Ovest;Lombardia;LC;C521;4,5;1;1;0;0;0;0;0;0
Nord Ovest;Lombardia;LC;C563;0;0;0;0;0;0;0;0;0
Nord Ovest;Lombardia;LC;C752;0;0;2,11;0;0;0;0;3;0
Nord Ovest;Lombardia;LC;C839;2;6;11,72;0;0;0;0;1,2;0
Nord Ovest;Lombardia;LC;C851;0;0;2;0;0;0;0;1;0
Nord Ovest;Lombardia;LC;D065;1;0;5,67;0;0;0;0;3;0
Nord Ovest;Lombardia;LC;D112;1;1;1,5;0;0;0;0;2;0
Nord Ovest;Lombardia;LC;D131;0;0;4;0;0;0;0;0;0
Nord Ovest;Lombardia;LC;D143;2;2;1;0;0;0;0;0,03;0
Nord Ovest;Lombardia;LC;D145;0;0,08;3,3;0;0;0;0;0;0
Nord Ovest;Lombardia;LC;D280;0;2,5;5,89;0;0;0;0;0;0
Nord Ovest;Lombardia;LC;D327;0;1;3;0;0;0;0;2;0
Nord Ovest;Lombardia;LC;D346;0;0;2,5;0;0;0;0;0;0
Nord Ovest;Lombardia;LC;D398;0;0;1;0;0;0;0;1;0
Nord Ovest;Lombardia;LC;D428;0;0;0;0;0;0;0;0;0
Nord Ovest;Lombardia;LC;D436;0;0;1,25;0;0;0;0;0;0
Nord Ovest;Lombardia;LC;D865;1;7,5;10,38;0;0;0;0;2;0
Nord Ovest;Lombardia;LC;D913;3;0;4,19;0;0;0;0;4;0
Nord Ovest;Lombardia;LC;D926;0;0;5,25;0;0;0;0;0;0
Nord Ovest;Lombardia;LC;E287;1;1;3;0;0;0;0;0;0
Nord Ovest;Lombardia;LC;E305;1;0;1,02;0;0;0;0;0;0
Nord Ovest;Lombardia;LC;E308;0;0;0;0;0;0;0;0;0
Nord Ovest;Lombardia;LC;E507;26;41,21;38,14;0;0;1;5,03;12,53;0
Nord Ovest;Lombardia;LC;E581;0;0;6;0;0;0;0;0;0
Nord Ovest;Lombardia;LC;E656;3;2;3,83;0;0;0;0;3,12;0
Nord Ovest;Lombardia;LC;E858;0;1;4,5;0;0;0;0;1,05;0
Nord Ovest;Lombardia;LC;E879;1;5;11,61;0;0;0;0;3;0,2
Nord Ovest;Lombardia;LC;E947;0;2;2;0;0;0;0;0;0
Nord Ovest;Lombardia;LC;F133;7;5;12,75;0;0;0;2;7,11;0
Nord Ovest;Lombardia;LC;F248;1;4;10,5;0;0;0;0;3;1
Nord Ovest;Lombardia;LC;F265;0;0;0,14;0;0;0;0;0;0
Nord Ovest;Lombardia;LC;F304;1;0;1,63;0;0;0;0;1;0
Nord Ovest;Lombardia;LC;F561;0;0;1;0;0;0;0;0;0
Nord Ovest;Lombardia;LC;F657;0;0;3;0;0;0;0;0;0
Nord Ovest;Lombardia;LC;F674;1;0;2;0;0;0;1;0,37;0
Nord Ovest;Lombardia;LC;F758;0;0;2;0;0;0;0;0;0
Nord Ovest;Lombardia;LC;F887;0;0;3,02;0;0;0;0;4;0
Nord Ovest;Lombardia;LC;G009;4;4;1,51;0;0;0;0;6,02;0
Nord Ovest;Lombardia;LC;G026;0;3;4;0;0;0;0;6,71;0
Nord Ovest;Lombardia;LC;G030;2;3;3;0;0;0;0;7,85;0
Nord Ovest;Lombardia;LC;G040;0;0;2;0;0;0;0;0;0
Nord Ovest;Lombardia;LC;G161;0;1;0,63;0;0;0;0;1;0
Nord Ovest;Lombardia;LC;G218;1;2,5;2,08;0;0;0;0;2,06;0
Nord Ovest;Lombardia;LC;G223;1;3;9;0;0;0;0;6,15;0
Nord Ovest;Lombardia;LC;G241;0;0;0;0;0;0;0;0;0
Nord Ovest;Lombardia;LC;G336;0;0;0;0;0;0;0;0;0
Nord Ovest;Lombardia;LC;G368;0;1;3;0;0;0;0;0;0
Nord Ovest;Lombardia;LC;G448;0;1;2;0;0;0;0;2,03;0
Nord Ovest;Lombardia;LC;G456;0;0;3;0;0;0;0;1;0
Nord Ovest;Lombardia;LC;G485;1;1;9,22;0;0;0;0;3,14;0
Nord Ovest;Lombardia;LC;H028;0;1;2,75;0;0;0;0;0;0
Nord Ovest;Lombardia;LC;H063;2;3,5;2,19;0;0;0;0;0;0
Nord Ovest;Lombardia;LC;H486;1;1;2,48;0;0;0;0;0;0
Nord Ovest;Lombardia;LC;H596;0;0;3;0;0;0;0;0;0
Nord Ovest;Lombardia;LC;I243;0;0;2,13;0;0;0;0;1;0
Nord Ovest;Lombardia;LC;I759;0;0;0;0;0;0;0;1,06;0
Nord Ovest;Lombardia;LC;I761;1;0,5;2,12;0;0;0;0;1,87;0
Nord Ovest;Lombardia;LC;I994;0;0;4;0;0;0;0;0;0
Nord Ovest;Lombardia;LC;I996;0;0;1;0;0;0;0;0,23;0
Nord Ovest;Lombardia;LC;L022;0;0;3;0;0;0;0;0;0
Nord Ovest;Lombardia;LC;L257;0;1,5;4;0;0;0;0;2;0
Nord Ovest;Lombardia;LC;L368;0;0;0,67;0;0;0;0;0;0
Nord Ovest;Lombardia;LC;L581;0;2;5;0;0;0;0;2;0
Nord Ovest;Lombardia;LC;L634;1;4;13,16;0;0;1;0;15;0
Nord Ovest;Lombardia;LC;L680;0;1;0;0;0;0;0;0;0
Nord Ovest;Lombardia;LC;L731;0;0;5;0;0;0;0;0;0
Nord Ovest;Lombardia;LC;L751;2;1;4;0;0;0;0;0;0
Nord Ovest;Lombardia;LC;L755;1;0;1,5;0;0;0;0;2,19;0
Nord Ovest;Lombardia;LC;L756;2;3;0;0;0;0;0;2;0
Nord Ovest;Lombardia;LC;L813;0;0;1;0;0;0;0;0;0
Nord Ovest;Lombardia;LC;L866;1;4;5,33;0;0;0;0;2;0
Nord Ovest;Lombardia;LO;A004;0;0;0;0;0;0;0;0;0
Nord Ovest;Lombardia;LO;A811;0;0;0;0;0;1;0;0;0
Nord Ovest;Lombardia;LO;A919;0;0;3;0;0;0;0;0;0
Nord Ovest;Lombardia;LO;A995;0;0;2;0;0;0;0;3;1
Nord Ovest;Lombardia;LO;B017;1;5;1,5;0;0;1;0;0,6;0
Nord Ovest;Lombardia;LO;B141;0;0;0;0;0;0;0;1;0
Nord Ovest;Lombardia;LO;B456;0;0;1;0;0;0;0;0;0
Nord Ovest;Lombardia;LO;B887;0;1;1;0;0;0;0;0;0
Nord Ovest;Lombardia;LO;B899;0;0;0;0;0;0;0;2;0
Nord Ovest;Lombardia;LO;B910;4;10;6,5;0;0;0;1;6,02;0
Nord Ovest;Lombardia;LO;B958;0;3;0;0;0;0;0;0;0
Nord Ovest;Lombardia;LO;B961;0;0;3,25;0;0;0;0;0;0
Nord Ovest;Lombardia;LO;C228;1;0;0;0;0;0;0;0;0
Nord Ovest;Lombardia;LO;C304;0;1;2;0;0;0;0;0;0
Nord Ovest;Lombardia;LO;C329;0;3;7;0;0;0;0;0;0
Nord Ovest;Lombardia;LO;C362;0;0;0;0;0;0;0;0;0
Nord Ovest;Lombardia;LO;C394;0;1;1;0;0;0;0;0;0
Nord Ovest;Lombardia;LO;C555;0;2;5;0;0;0;0;0;0
Nord Ovest;Lombardia;LO;C816;15,34;17,5;11;0;0;0;1;5;0
Nord Ovest;Lombardia;LO;C917;1;2;5;0;0;0;0;0;0
Nord Ovest;Lombardia;LO;D021;0;0;5;0;0;0;1;1;0
Nord Ovest;Lombardia;LO;D028;0;1;1;0;0;0;0;0;0
Nord Ovest;Lombardia;LO;D029;0;0;0;0;0;0;0;0;0
Nord Ovest;Lombardia;LO;D068;0;0;0;0;0;0;0;0;0
Nord Ovest;Lombardia;LO;D159;1;1;2,07;0;0;0;2;0;0
Nord Ovest;Lombardia;LO;D660;0;3;7;0;0;0;0;5;1
Nord Ovest;Lombardia;LO;D868;0;0;0;0;0;0;0;0;0
Nord Ovest;Lombardia;LO;E127;0;0;5,06;0;0;0;0;0,06;0
Nord Ovest;Lombardia;LO;E238;0;0;0;0;0;0;0;2;0
Nord Ovest;Lombardia;LO;E627;0;0,5;0;0;0;0;0;0;0
Nord Ovest;Lombardia;LO;E648;11,25;37,41;27,15;0;0;1;4;3;1
Nord Ovest;Lombardia;LO;E651;1;1;3;0;0;0;0;4;0
Nord Ovest;Lombardia;LO;E777;0;0;0;0;0;0;0;0;0
Nord Ovest;Lombardia;LO;E840;0;0;0,33;0;0;0;0;0;0
Nord Ovest;Lombardia;LO;E852;0;1;4,86;0;0;0;0;2;0,78
Nord Ovest;Lombardia;LO;E994;2;1;3;0;0;0;0;0;0
Nord Ovest;Lombardia;LO;F028;1;1,5;0;0;0;0;0;3;0
Nord Ovest;Lombardia;LO;F102;0;0;0;0;0;0;0;1;0
Nord Ovest;Lombardia;LO;F149;0;0;0;0;0;0;0;1;0
Nord Ovest;Lombardia;LO;F260;2;3;4,5;0;0;0;0;6;4,5
Nord Ovest;Lombardia;LO;F423;0;0;4;0;0;0;0;0;0
Nord Ovest;Lombardia;LO;F801;0;1;2;0;0;0;1;3;3
Nord Ovest;Lombardia;LO;G096;1;3;0;0;0;0;0;1;1
Nord Ovest;Lombardia;LO;G107;0;3;1;0;0;0;0;1;0
Nord Ovest;Lombardia;LO;G166;0;0;2;0;0;0;1;0;0
Nord Ovest;Lombardia;LO;G171;0;0;0;0;0;0;0;0;0
Nord Ovest;Lombardia;LO;H701;0;1;0;0;0;0;0;0;0
Nord Ovest;Lombardia;LO;H844;0;0;0,25;0;0;0;0;0;0
Nord Ovest;Lombardia;LO;I012;1;5;0;0;0;0;2;3;0
Nord Ovest;Lombardia;LO;I140;0;0;2;0;0;1;0;8;0
Nord Ovest;Lombardia;LO;I274;3;21,5;6,33;1;0;0;0;1;0
Nord Ovest;Lombardia;LO;I362;0;1;4;0;0;0;0;0;0
Nord Ovest;Lombardia;LO;I561;1;0;1;0;0;0;0;0;0
Nord Ovest;Lombardia;LO;I612;0;1,5;6;0;0;0;0;1;1
Nord Ovest;Lombardia;LO;I815;0;0;3,33;0;0;0;0;4;0
Nord Ovest;Lombardia;LO;I848;0;1;0;0;0;0;0;3,4;0
Nord Ovest;Lombardia;LO;L125;0;1;0;0;0;0;0;0;0,5
Nord Ovest;Lombardia;LO;L469;0;0;1,86;0;0;0;0;0;0
Nord Ovest;Lombardia;LO;L572;0;0;0;0;0;0;0;0;0
Nord Ovest;Lombardia;LO;L977;0;0;2,2;0;0;0;0;1;0
Nord Ovest;Lombardia;LO;M158;0;2;2;0;0;0;0;0;0
Nord Ovest;Lombardia;MI;A010;6;17,78;8,54;0;0;0;2;2,03;2
Nord Ovest;Lombardia;MI;A087;9;4;7,99;0;0;0;1;15,5;0
Nord Ovest;Lombardia;MI;A096;1;0;4,25;0;0;0;0;1;0
Nord Ovest;Lombardia;MI;A127;0;2;3;0;0;0;1;2;0
Nord Ovest;Lombardia;MI;A159;0;3;5;0;0;0;0;1,27;0
Nord Ovest;Lombardia;MI;A375;0;3;8;0;0;0;1;6;0
Nord Ovest;Lombardia;MI;A376;3;17,5;10,75;0;0;0;1;9,5;1
Nord Ovest;Lombardia;MI;A389;8;12;8,54;0;0;0;4;6;0
Nord Ovest;Lombardia;MI;A413;4;2;7,67;0;0;0;0;7;0
Nord Ovest;Lombardia;MI;A473;10;11;1;0;0;0;1;9;1
Nord Ovest;Lombardia;MI;A618;0;3;3,11;0;0;0;0;7;0
Nord Ovest;Lombardia;MI;A652;5;19;12;0;0;0;0;11;0
Nord Ovest;Lombardia;MI;A668;1;7,5;7,83;0;0;0;0;3;0
Nord Ovest;Lombardia;MI;A697;1;0;6,85;0;0;0;0;2;0
Nord Ovest;Lombardia;MI;A699;12;3;10;0;1;0;1;4,22;0
Nord Ovest;Lombardia;MI;A751;0;0;3;0;0;0;0;0;0
Nord Ovest;Lombardia;MI;A759;0;2;4,75;0;0;0;0;9,64;0
Nord Ovest;Lombardia;MI;A802;1;1;4,65;0;0;0;0;1;0
Nord Ovest;Lombardia;MI;A804;0;1;3,63;0;0;0;0;0,25;0
Nord Ovest;Lombardia;MI;A818;1;5;10;0;0;0;0;4,32;0
Nord Ovest;Lombardia;MI;A820;0;0;0;0;0;0;0;0;0
Nord Ovest;Lombardia;MI;A849;7;5,5;6,57;0;0;0;0;7;0
Nord Ovest;Lombardia;MI;A872;0;1;3;0;0;0;0;4;0
Nord Ovest;Lombardia;MI;A920;0;2;5,25;0;0;0;0;2;0
Nord Ovest;Lombardia;MI;A940;9;19,5;15,74;0;0;0;2;5;0
Nord Ovest;Lombardia;MI;B105;1;9,83;14,08;0;0;0;3;7;0
Nord Ovest;Lombardia;MI;B162;8;22,2;5,06;1;0;0;1;8;0
Nord Ovest;Lombardia;MI;B187;0;4;3;0;0;0;1;1;0
Nord Ovest;Lombardia;MI;B212;8;30,98;25,83;0;0;0;3;7;0
Nord Ovest;Lombardia;MI;B235;0;1;2;0;0;0;0;0;0
Nord Ovest;Lombardia;MI;B240;7;14,17;6,95;0;0;0;2;16;0
Nord Ovest;Lombardia;MI;B272;1;0;1,25;0;0;0;0;7,3;0
Nord Ovest;Lombardia;MI;B286;0;0;4;0;0;0;0;2;0
Nord Ovest;Lombardia;MI;B289;3;1;5,5;0;0;0;0;11;0
Nord Ovest;Lombardia;MI;B292;1;0;3,33;0;0;0;0;1;0
Nord Ovest;Lombardia;MI;B301;1;13,42;9,08;0;0;0;0;5,2;0
Nord Ovest;Lombardia;MI;B448;0;1;0;0;0;0;3;2;0
Nord Ovest;Lombardia;MI;B461;2;3;6,67;0;0;0;0;3;0,5
Nord Ovest;Lombardia;MI;B501;0;0;3;0;0;0;0;0;0
Nord Ovest;Lombardia;MI;B593;1;9;6,16;0;0;0;0;8;0
Nord Ovest;Lombardia;MI;B671;0;0;5;0;0;0;4;4,02;0
Nord Ovest;Lombardia;MI;B729;7;11,5;8,75;0;0;0;1,11;9,17;0
Nord Ovest;Lombardia;MI;B798;0;1;0,33;0;0;0;0;0;0
Nord Ovest;Lombardia;MI;B820;0;2;1;0;0;0;0;1;1
Nord Ovest;Lombardia;MI;B850;1;3;2,07;0;0;0;0;0,08;0
Nord Ovest;Lombardia;MI;B938;1;1;3;0;0;0;0;2;0
Nord Ovest;Lombardia;MI;B989;0;1;1;0;0;0;0;4;0
Nord Ovest;Lombardia;MI;C003;7;11;19;0;0;0;0;1;0
Nord Ovest;Lombardia;MI;C013;3;6,17;6,25;0;0;0;5;6;0
Nord Ovest;Lombardia;MI;C014;2;14;8,12;0;0;0;2;1;0
Nord Ovest;Lombardia;MI;C033;0;0;0;0;0;0;0;4;0
Nord Ovest;Lombardia;MI;C052;1;6,25;8;0;0;0;0;5,25;0
Nord Ovest;Lombardia;MI;C395;3;1;4,12;0;0;0;2;3;0
Nord Ovest;Lombardia;MI;C512;0;1;8,39;0;0;0;0;3,02;0
Nord Ovest;Lombardia;MI;C523;8;27,24;26,9;0;0;0;7;14,09;0
Nord Ovest;Lombardia;MI;C536;0;6;2;0;0;0;2;3;0
Nord Ovest;Lombardia;MI;C537;2;4;7,5;0;0;0;1;6,58;0
Nord Ovest;Lombardia;MI;C565;3;12,25;7,57;0;0;0;3;5;0
Nord Ovest;Lombardia;MI;C566;8,5;18,47;40,61;0;0;0;2;9;0
Nord Ovest;Lombardia;MI;C569;0;6;13,23;0;0;0;0;0;0
Nord Ovest;Lombardia;MI;C707;10;38,95;20;0;0;0;2;12,5;0
Nord Ovest;Lombardia;MI;C733;1;1;9,63;0;0;0;0;0;1,33
Nord Ovest;Lombardia;MI;C820;2;1;7,76;0;0;0;0;1;0
Nord Ovest;Lombardia;MI;C895;10;20,3;17,73;0;0;0;2;13;0
Nord Ovest;Lombardia;MI;C908;0;0;2,83;0;0;0;0;1;0
Nord Ovest;Lombardia;MI;C952;2;10,5;13,22;0;0;1;2;15,74;0
Nord Ovest;Lombardia;MI;C986;3;4;11,67;0;0;0;0;0;0
Nord Ovest;Lombardia;MI;D013;4;13,83;4,39;0;0;0;2;2;0
Nord Ovest;Lombardia;MI;D018;1;12,5;16;0;0;0;1;10;0
Nord Ovest;Lombardia;MI;D019;6;4;15,07;0;0;0;1;6;0
Nord Ovest;Lombardia;MI;D033;0;1;3;0;0;0;0;1;0
Nord Ovest;Lombardia;MI;D038;0;2;2;0;0;0;0;0;0
Nord Ovest;Lombardia;MI;D045;7;19,83;14,39;0;0;0;2;6,12;0
Nord Ovest;Lombardia;MI;D198;1;0;6,25;0;0;0;0;7;0
Nord Ovest;Lombardia;MI;D229;3;3;8,5;0;0;0;0;5;1
Nord Ovest;Lombardia;MI;D231;1;24,55;13,46;0;0;0;0,5;2,04;0
Nord Ovest;Lombardia;MI;D244;0;0;6,25;0;0;0;0;2;0
Nord Ovest;Lombardia;MI;D286;8,67;21,09;23,26;0;0;0;5;10,55;0
Nord Ovest;Lombardia;MI;D367;0;2;1;0;0;0;1;1;0
Nord Ovest;Lombardia;MI;D845;1;2,1;5,1;0;0;0;2;4,5;3
Nord Ovest;Lombardia;MI;D912;1,83;11;22,33;0;0;0;1;8;0
Nord Ovest;Lombardia;MI;D995;1;0;9;0;0;0;0;10;0
Nord Ovest;Lombardia;MI;E063;8,44;21,47;25,68;0;0;0;2;13,56;0
Nord Ovest;Lombardia;MI;E094;3;21;11,43;0;0;0;2;5,08;0
Nord Ovest;Lombardia;MI;E170;0;0;6;0;0;0;0;2;0
Nord Ovest;Lombardia;MI;E258;0;0;2;0;0;0;0;0;1
Nord Ovest;Lombardia;MI;E313;0;5;3,25;0;0;0;0;2,25;0
Nord Ovest;Lombardia;MI;E317;3;2,67;6;0;0;0;1;1;1
Nord Ovest;Lombardia;MI;E395;0;2;1,5;0;0;0;0;10;0
Nord Ovest;Lombardia;MI;E415;1;11;11,06;0;0;0;1;15,69;0
Nord Ovest;Lombardia;MI;E504;0;4;4;0;0;0;0;0;0
Nord Ovest;Lombardia;MI;E514;47,41;48,41;28,98;0;0;2;24;36,94;0
Nord Ovest;Lombardia;MI;E530;5;12;15,42;0;0;0;0;2,07;0
Nord Ovest;Lombardia;MI;E550;3;4,5;7;0;0;0;0;1;0
Nord Ovest;Lombardia;MI;E591;5;14;15,33;0;0;0;0,33;4;0
Nord Ovest;Lombardia;MI;E610;0;2;4;0;0;0;6;5;0
Nord Ovest;Lombardia;MI;E617;11;53,71;41,78;0;0;0;2,02;9,15;0
Nord Ovest;Lombardia;MI;E639;1;1;2,13;0;0;0;0;4;0
Nord Ovest;Lombardia;MI;E786;5;5;3,71;0;0;0;0;2;0
Nord Ovest;Lombardia;MI;E801;7,8;19,06;15,84;0;0;0;1;8,01;0
Nord Ovest;Lombardia;MI;E819;1;4;7;0;0;0;0;5;0
Nord Ovest;Lombardia;MI;E921;1;1,5;5,61;0;0;0;0;3,6;0
Nord Ovest;Lombardia;MI;F003;2;0;2;0;0;0;0;6;0
Nord Ovest;Lombardia;MI;F078;7;26;7,86;0;0;0;0;5;0
Nord Ovest;Lombardia;MI;F084;1;5;6;0;0;0;0;1;0
Nord Ovest;Lombardia;MI;F100;3;9;8;0;0;0;2;0;0
Nord Ovest;Lombardia;MI;F119;5,33;12;4,63;0;0;1;0;4;0
Nord Ovest;Lombardia;MI;F155;3;4;2;0;0;0;0;0;0
Nord Ovest;Lombardia;MI;F165;0;0;2;0;0;0;1;3;0
Nord Ovest;Lombardia;MI;F205;874,99;1549,03;502,36;2;15;17;109,91;70,04;1
Nord Ovest;Lombardia;MI;F247;1;3;5,5;0;0;0;1;6,43;0
Nord Ovest;Lombardia;MI;F704;77;74,85;43,73;1;0;1;4;18,21;0
Nord Ovest;Lombardia;MI;F783;0;4,5;7;0;0;0;0;0;0
Nord Ovest;Lombardia;MI;F797;3;15,5;19,28;0;0;0;0;7;0
Nord Ovest;Lombardia;MI;F874;2;7,5;15,5;0;0;0;1;7,02;0
Nord Ovest;Lombardia;MI;F939;0;0;1;0;0;0;0;0;0
Nord Ovest;Lombardia;MI;F944;7;9,33;14,4;0;0;0;0;14,5;0
Nord Ovest;Lombardia;MI;F955;1;18,17;6;0;0;0;0;5;0
Nord Ovest;Lombardia;MI;F968;0;0;0;0;0;0;0;0;0
Nord Ovest;Lombardia;MI;G078;6;10;6;0;0;0;1;9;0
Nord Ovest;Lombardia;MI;G116;2;5;8,75;0;0;0;0;2;0
Nord Ovest;Lombardia;MI;G181;0;0;2,5;0;0;0;1;3;0
Nord Ovest;Lombardia;MI;G206;0;0;1;0;0;0;0;1;0
Nord Ovest;Lombardia;MI;G220;14;26,67;25,37;0;0;0;3;11,2;0
Nord Ovest;Lombardia;MI;G316;0;2;0;0;0;0;0;2;0
Nord Ovest;Lombardia;MI;G324;1;7,17;4,84;0;0;0;0;11,14;0
Nord Ovest;Lombardia;MI;G385;0;1;1;0;0;0;1;0;0
Nord Ovest;Lombardia;MI;G488;5;23;5,05;0;0;0;2;10;0
Nord Ovest;Lombardia;MI;G502;2;5;5,05;0;0;0;2;3,26;0
Nord Ovest;Lombardia;MI;G634;7;30,2;10,5;0;0;0;1;1;0
Nord Ovest;Lombardia;MI;G686;3;21;4,25;0;0;0;0;5;0
Nord Ovest;Lombardia;MI;G772;1;4,15;7;0;0;0;0;2;0
Nord Ovest;Lombardia;MI;G955;0;1;2,25;0;0;0;0;1;0
Nord Ovest;Lombardia;MI;G965;0;7;5,62;0;0;0;0;0;0
Nord Ovest;Lombardia;MI;H026;2;2;3,25;0;0;0;1;1;0
Nord Ovest;Lombardia;MI;H233;2;2,17;4,5;0;0;0;0;1;0
Nord Ovest;Lombardia;MI;H240;0;2;6;0;0;0;6;5,36;0
Nord Ovest;Lombardia;MI;H264;13;38;18,29;0;0;0;4;11,03;0
Nord Ovest;Lombardia;MI;H371;3;2;5;0;0;0;0;4;0
Nord Ovest;Lombardia;MI;H373;2;3;4,03;0;0;0;0;3;0
Nord Ovest;Lombardia;MI;H470;0;2;1,5;0;0;0;0;3;0
Nord Ovest;Lombardia;MI;H529;0;5;1;0;0;0;0;1;0
Nord Ovest;Lombardia;MI;H537;0;1;2;0;0;0;0;1;0
Nord Ovest;Lombardia;MI;H560;0;1;2;0;0;0;0;1;0
Nord Ovest;Lombardia;MI;H623;3,5;37;9;0;0;0;8;9,17;0
Nord Ovest;Lombardia;MI;H803;2;6;4;0;0;0;0;3;0
Nord Ovest;Lombardia;MI;H827;3;15;15;0;0;0;2;4;0
Nord Ovest;Lombardia;MI;H884;1;5;5,5;0;0;0;0;0;0
Nord Ovest;Lombardia;MI;H930;1;11;13,25;0;0;0;3;16,08;0
Nord Ovest;Lombardia;MI;I361;0;1;3;0;0;0;1;2;0
Nord Ovest;Lombardia;MI;I409;0;8;3;0;0;0;0;5;0
Nord Ovest;Lombardia;MI;I415;0;0;3;0;0;0;0;2;0
Nord Ovest;Lombardia;MI;I566;1;8;3;0;0;0;0;0;0
Nord Ovest;Lombardia;MI;I577;12;12,22;14;0;0;0;5;5;0
Nord Ovest;Lombardia;MI;I602;3;15,5;14,58;0;0;0;1;4;0
Nord Ovest;Lombardia;MI;I625;15;26,33;33,27;0;0;0;0;4;0
Nord Ovest;Lombardia;MI;I690;16,17;61,42;25,15;0;0;0;5;6,09;0
Nord Ovest;Lombardia;MI;I696;3;2,5;1;0;0;0;1;5;0
Nord Ovest;Lombardia;MI;I700;4;27;11,17;0;0;0;2;22,08;0
Nord Ovest;Lombardia;MI;I709;5;2;23,92;0;0;0;0;2;0
Nord Ovest;Lombardia;MI;I786;2;4;9,5;0;0;0;0;3;0
Nord Ovest;Lombardia;MI;I878;0;2;4,17;0;0;0;0;0;0
Nord Ovest;Lombardia;MI;I998;1;2;2;0;0;0;0;9;0
Nord Ovest;Lombardia;MI;L408;0;6;11;0;0;0;0;0;0
Nord Ovest;Lombardia;MI;L409;7;21,5;6,61;0;0;0;5;15,32;0
Nord Ovest;Lombardia;MI;L411;12,33;6;3,01;0;1;0;0;7;0
Nord Ovest;Lombardia;MI;L415;0;1;0,5;0;0;0;0;10;0
Nord Ovest;Lombardia;MI;L434;4,5;3;13,71;0;0;0;1;3;1
Nord Ovest;Lombardia;MI;L454;2;1;1;0;0;0;0;1;1,38
Nord Ovest;Lombardia;MI;L471;2;6;4;0;0;0;0;4,5;0
Nord Ovest;Lombardia;MI;L511;0;5;5,42;0;0;0;0;11,14;0
Nord Ovest;Lombardia;MI;L664;1;3;2;0;0;0;0;3;0
Nord Ovest;Lombardia;MI;L665;0;1;2;0;0;0;0;2;0
Nord Ovest;Lombardia;MI;L667;0;10;9;0;0;0;0;1;0
Nord Ovest;Lombardia;MI;L677;2;3;10,15;0;0,25;0;1;3;0
Nord Ovest;Lombardia;MI;L704;1;1;4;0;0;0;0;1;0
Nord Ovest;Lombardia;MI;L709;1;2;1,04;0;0;0;0;0;0
Nord Ovest;Lombardia;MI;L744;3;3;11,15;0;0;1;0;2;0
Nord Ovest;Lombardia;MI;L768;0;0,25;0,92;0;0;0;0;2;0
Nord Ovest;Lombardia;MI;L773;0;0;2,5;0;0;0;0;0;0
Nord Ovest;Lombardia;MI;L883;3;10;8,5;0;0;0;0;1;0
Nord Ovest;Lombardia;MI;L928;0;2,5;2;0;0;0;1;1;0
Nord Ovest;Lombardia;MI;M017;3,11;18,11;12,22;0;0;0;0;5,28;0
Nord Ovest;Lombardia;MI;M052;19;15,5;10;0;0;0;4;0;0
Nord Ovest;Lombardia;MI;M053;2;6,17;8;0;0;0;2;2;0
Nord Ovest;Lombardia;MI;M091;0;4;9;0;0;0;1;4;0
Nord Ovest;Lombardia;MI;M102;0;2;2,5;0;0;0;0;0;0
Nord Ovest;Lombardia;MI;M160;0;2;0;0;0;0;0;0;0
Nord Ovest;Lombardia;MI;M176;0;7;2,11;0;0;0;4;8;0
Nord Ovest;Lombardia;MN;A038;0;0;3;0;0;0;0;1;0
Nord Ovest;Lombardia;MN;A470;1;2;6;0;0;0;0;2;0
Nord Ovest;Lombardia;MN;A575;1;1,33;7,33;0;0;0;0;0;2
Nord Ovest;Lombardia;MN;A866;0;0;1;0;0;0;1;0;0
Nord Ovest;Lombardia;MN;B011;0;1;2;0;1;0;0;1;0
Nord Ovest;Lombardia;MN;B012;0;1;3;0;0;1;2;0;0
Nord Ovest;Lombardia;MN;B013;0;0;0;0;0;0;0;0;0,22
Nord Ovest;Lombardia;MN;B110;0;0;5,5;0;0;0;0;0;0
Nord Ovest;Lombardia;MN;B612;0;2;1,75;0;0;0;0;1;0
Nord Ovest;Lombardia;MN;B739;0;0;1;0;0;0;0;0;0
Nord Ovest;Lombardia;MN;B901;1;1;2;0;0;0;0;0;0
Nord Ovest;Lombardia;MN;B907;2;0;1,5;0;0;0;0;1;0
Nord Ovest;Lombardia;MN;B911;0;0;2;0;0;0;0;0;0
Nord Ovest;Lombardia;MN;C059;1;4;4;0;0;0;1;0;0
Nord Ovest;Lombardia;MN;C076;2;3;4,66;0;0;0;1;0;0
Nord Ovest;Lombardia;MN;C118;1;8,5;12,13;0;0;0;1;14;0,75
Nord Ovest;Lombardia;MN;C195;0;0;1;0;0;0;0;1;5,34
Nord Ovest;Lombardia;MN;C312;7;21,5;18,05;0;0;0;3;11,25;0
Nord Ovest;Lombardia;MN;C406;0;0,5;3;0;0;0;0;1;1
Nord Ovest;Lombardia;MN;C502;0;0;2;0;0;0;0;1;1
Nord Ovest;Lombardia;MN;C930;0;0;0;0;0;0;0;0;0
Nord Ovest;Lombardia;MN;D227;3;2;3,02;0;0,5;1;1;1,02;0
Nord Ovest;Lombardia;MN;D351;0;0;2;0;0;0;0;0;0
Nord Ovest;Lombardia;MN;D529;0;1;0;0;0;0;0;0;0
Nord Ovest;Lombardia;MN;D949;0;0;1;0;0;0;0;0;0
Nord Ovest;Lombardia;MN;D959;1;0,12;2,25;0;0;0;0;1;0
Nord Ovest;Lombardia;MN;E078;0;1,22;5,22;0;0;0;2;1;3,5
Nord Ovest;Lombardia;MN;E089;4,33;3;3,26;0;0;0;0;0;1
Nord Ovest;Lombardia;MN;E261;0;3;3;0;0;0;1;1;0
Nord Ovest;Lombardia;MN;E818;1;4;6,88;0;0;0;0;0;0
Nord Ovest;Lombardia;MN;E897;45,5;35,66;29,08;0;0;1;3,97;9,54;1
Nord Ovest;Lombardia;MN;E922;0;1;5;0;0;0;0;4;1,5
Nord Ovest;Lombardia;MN;E949;0;0;0;0;0;0;0;0;0
Nord Ovest;Lombardia;MN;E962;1;8;7;0;0;0;0;2;1,5
Nord Ovest;Lombardia;MN;F086;0;1;1;0;0;0;1;8;0
Nord Ovest;Lombardia;MN;F267;5;5;5;0;0;0;0;4;0
Nord Ovest;Lombardia;MN;F705;0;1;4;0;0;0;0;0;1
Nord Ovest;Lombardia;MN;F804;0;2,05;2,44;0;0;0;0;0;0
Nord Ovest;Lombardia;MN;G186;3;6;4;0;0;0;1;2,44;0
Nord Ovest;Lombardia;MN;G417;0;5;6,17;0;0;0;4;2;0
Nord Ovest;Lombardia;MN;G633;1;0;1;0;0;0;0;0;2
Nord Ovest;Lombardia;MN;G717;0;0;2;0;0;0;0;0;0
Nord Ovest;Lombardia;MN;G753;0;2,17;6,67;0;0;0;1;3;1
Nord Ovest;Lombardia;MN;G816;0;0;2,67;0;0;0;0;4;0
Nord Ovest;Lombardia;MN;G862;0;0;3;0;0;0;0;0,04;0
Nord Ovest;Lombardia;MN;G917;10;7;21;0;0;1;2;1,16;1
Nord Ovest;Lombardia;MN;H123;3,83;3,33;3,33;0;0;0;0;0;0,5
Nord Ovest;Lombardia;MN;H129;0;0;0;0;0;0;0;0;0
Nord Ovest;Lombardia;MN;H143;0,33;4,33;3;0;0;0;0;0;1,72
Nord Ovest;Lombardia;MN;H218;0;0;2;0;0;0;0;3;0
Nord Ovest;Lombardia;MN;H248;0;1;4;0;0;0;0;0,21;0
Nord Ovest;Lombardia;MN;H342;0;0;3,84;0;0;0;0;0;1
Nord Ovest;Lombardia;MN;H481;0;2;7,17;0;0;0;0;2;1
Nord Ovest;Lombardia;MN;H541;0;1,08;4;0;0;0;0;1,4;0,8
Nord Ovest;Lombardia;MN;H604;1,66;3;7;0;0;0;0;1;2
Nord Ovest;Lombardia;MN;H652;0,5;1,5;5,42;0;0;0;2;0;1
Nord Ovest;Lombardia;MN;H771;2;0,58;4;0;0;0;2;0;1,33
Nord Ovest;Lombardia;MN;H870;1;0;4,13;0;0;0;0;1,34;0
Nord Ovest;Lombardia;MN;H883;5;3;1;0;0;0;2;1;1
Nord Ovest;Lombardia;MN;H912;0;1;0;0;0;0;0;3;0
Nord Ovest;Lombardia;MN;I005;0;0;1;0;0;0;0;2;0
Nord Ovest;Lombardia;MN;I532;0;0,5;2;0;0;0;0;0;1
Nord Ovest;Lombardia;MN;I632;0,17;2,5;3;0;0;0;1;2;1
Nord Ovest;Lombardia;MN;I662;0;0;1;0;0;0;0;0;0
Nord Ovest;Lombardia;MN;I801;3;0;6,57;0;0;0;0;0;0
Nord Ovest;Lombardia;MN;L015;0;2;1,88;0;0;0;0;0;0
Nord Ovest;Lombardia;MN;L020;2;10;5,01;0;0;1;3;2,22;1,33
Nord Ovest;Lombardia;MN;L826;9,5;22,5;16,5;0;0;0;7;5,28;2
Nord Ovest;Lombardia;MN;M044;0;0,5;2;0;0;0;0;2;0
Nord Ovest;Lombardia;MN;M125;3;6;10,18;0;0;0;0;3;3,85
Nord Ovest;Lombardia;PV;A118;0;1;2;0;0;0;0;0;0
Nord Ovest;Lombardia;PV;A134;0;0;0;0;0;0;0;0;0
Nord Ovest;Lombardia;PV;A171;0;0;3;0;0;0;0;0;0
Nord Ovest;Lombardia;PV;A175;0;3;2;0;0;0;1;0;0
Nord Ovest;Lombardia;PV;A387;0;2;1;0;0;0;1;0;0
Nord Ovest;Lombardia;PV;A538;1;0;0;0;0;0;0;1;0
Nord Ovest;Lombardia;PV;A550;0;0;0;0;0;0;0;0;0
Nord Ovest;Lombardia;PV;A634;0;0;0;0;0;0;0;0;0
Nord Ovest;Lombardia;PV;A690;0;0;0,5;0;0;0;0;1;0,25
Nord Ovest;Lombardia;PV;A711;0;0;1;0;0;0;0;0;0
Nord Ovest;Lombardia;PV;A712;0;0;0;0;0;0;0;0;0
Nord Ovest;Lombardia;PV;A718;0;0;0;0;0;0;0;0;0
Nord Ovest;Lombardia;PV;A741;1;1;2;0;0;1;2;0;0
Nord Ovest;Lombardia;PV;A792;0;0;2;0;0;0;0;0;0
Nord Ovest;Lombardia;PV;A989;0;0;1;0;0;0;0;0;0
Nord Ovest;Lombardia;PV;B014;0;0;0;0;0;0;0;0;0
Nord Ovest;Lombardia;PV;B028;0;0;2;0;0;0;0;0;0
Nord Ovest;Lombardia;PV;B030;0;0;0;0;0;0;0;0;0
Nord Ovest;Lombardia;PV;B038;0;0;0;0;0;0;0;1;0
Nord Ovest;Lombardia;PV;B051;0;6;4;0;0;1;3;0,77;0
Nord Ovest;Lombardia;PV;B082;0;0;1;0;0;0;0;0;0
Nord Ovest;Lombardia;PV;B117;0;0;2;0;0;0;0;0;0
Nord Ovest;Lombardia;PV;B142;0;0;0;0;0;0;0;0;1
Nord Ovest;Lombardia;PV;B159;1;0;3;0;0;0;1;0;0
Nord Ovest;Lombardia;PV;B201;0;6;7,25;0;0;1;0;2;0
Nord Ovest;Lombardia;PV;B387;0;0;0;0;0;0;0;1;0
Nord Ovest;Lombardia;PV;B447;0;0;0;0;0;0;0;0;0
Nord Ovest;Lombardia;PV;B567;0;0;3;0;0;0;0;3;0
Nord Ovest;Lombardia;PV;B587;0;0;2;0;0;0;0;0;0
Nord Ovest;Lombardia;PV;B599;0;0;0;0;0;0;0;0;1
Nord Ovest;Lombardia;PV;B613;0;0;1;0;0;0;0;0;1
Nord Ovest;Lombardia;PV;B741;0;0;0;0;0;0;0;2;0
Nord Ovest;Lombardia;PV;B824;0;0;8;0;0;0;0;6,5;0
Nord Ovest;Lombardia;PV;B929;0;0;2;0;0;0;1;1;0
Nord Ovest;Lombardia;PV;B945;0;0;1;0;0;0;0;0;0
Nord Ovest;Lombardia;PV;B954;0;1;6,17;0;0;0;0;4;0
Nord Ovest;Lombardia;PV;B988;0;0,5;3;0;0;0;0;7;0
Nord Ovest;Lombardia;PV;C038;1;2,9;8;0;0;0;0;0;0
Nord Ovest;Lombardia;PV;C050;0;0;3;0;0;0;0;0;1
Nord Ovest;Lombardia;PV;C053;3;3;9;0;0;0;0;0;0
Nord Ovest;Lombardia;PV;C157;0;0;4;0;0;0;0;0;0
Nord Ovest;Lombardia;PV;C184;0;0;1;0;0;0;0;0;1
Nord Ovest;Lombardia;PV;C213;0;0;2,5;0;0;0;0;0;0
Nord Ovest;Lombardia;PV;C360;3;0;1;0;0;0;0;0;0
Nord Ovest;Lombardia;PV;C414;0;0;0;0;0;0;0;0;0
Nord Ovest;Lombardia;PV;C484;0;0;1;0;0;0;0;0;0
Nord Ovest;Lombardia;PV;C508;0;0;2;0;0;0;0;0;0
Nord Ovest;Lombardia;PV;C509;0;0;3;0;0;0;0;0;0
Nord Ovest;Lombardia;PV;C541;1;2;8;0;0;0;0;5;0
Nord Ovest;Lombardia;PV;C551;1;0;3;0;0;0;0;0;0
Nord Ovest;Lombardia;PV;C637;2;1;7;0;0;0;0;14;0
Nord Ovest;Lombardia;PV;C684;0;0;4;0;0;0;0;1;0
Nord Ovest;Lombardia;PV;C686;0;1,5;2;0;0;0;0;1;0
Nord Ovest;Lombardia;PV;C813;0;0;5;0;0;0;1;0;0
Nord Ovest;Lombardia;PV;C958;0;0,94;3,11;0;0;0;0;1;1
Nord Ovest;Lombardia;PV;C979;0;0;3;0;0;0;0;0;0
Nord Ovest;Lombardia;PV;C982;0;0;4;0;0;0;0;0;0
Nord Ovest;Lombardia;PV;D017;0;0;0,33;0;0;0;0;0;0
Nord Ovest;Lombardia;PV;D067;0;0,09;3,49;0;0;0;1;0;0
Nord Ovest;Lombardia;PV;D081;0;0;3;0;0;0;0;0;0
Nord Ovest;Lombardia;PV;D109;0;0;6;0;0;0;0;0;0
Nord Ovest;Lombardia;PV;D127;0;0;1;0;0;0;0;0;0
Nord Ovest;Lombardia;PV;D348;0;1;5,6;0;0;0;2;2;1,5
Nord Ovest;Lombardia;PV;D552;0;0;1;0;0;0;0;1;0
Nord Ovest;Lombardia;PV;D594;0;0;0;0;0;0;0;0;0
Nord Ovest;Lombardia;PV;D732;0;0;1;0;0;0;0;0;0
Nord Ovest;Lombardia;PV;D771;0;0;1,75;0;0;0;0;0;0
Nord Ovest;Lombardia;PV;D873;0;0;0;0;0;0;0;0;0
Nord Ovest;Lombardia;PV;D892;0;0;0;0;0;0;0;0;0
Nord Ovest;Lombardia;PV;D901;1;3,5;19;0;0;0;1;8;0
Nord Ovest;Lombardia;PV;D925;1;6,67;12,5;0;0;0;0,67;5,5;0
Nord Ovest;Lombardia;PV;D973;0;0;1;0;0;0;0;0;1
Nord Ovest;Lombardia;PV;D980;0;0;8;0;0;0;0;0;0
Nord Ovest;Lombardia;PV;E062;0;2;2;0;0;0;0;0;0
Nord Ovest;Lombardia;PV;E072;0;1;5;0;0;0;0;0;0
Nord Ovest;Lombardia;PV;E081;0;0;3;0;0;0;0;0;0
Nord Ovest;Lombardia;PV;E152;1;2;4;0;0;0;0;3;0
Nord Ovest;Lombardia;PV;E195;2;1;6;0;0;0;1;2,06;0
Nord Ovest;Lombardia;PV;E265;0;1;0;0;0;0;0;1;0
Nord Ovest;Lombardia;PV;E310;0;1;3;0;0;0;3;2;0
Nord Ovest;Lombardia;PV;E437;0;1;3,5;0;0;0;0;4;0
Nord Ovest;Lombardia;PV;E439;0;0;0;0;0;0;0;0;0
Nord Ovest;Lombardia;PV;E454;0;0;0;0;0;0;0;0;0
Nord Ovest;Lombardia;PV;E600;0;0;6,58;0;0;0;0;0;0
Nord Ovest;Lombardia;PV;E608;0;0;0;0;0;0;0;0;0
Nord Ovest;Lombardia;PV;E662;0;0;1;0;0;0;0;1;0
Nord Ovest;Lombardia;PV;E804;0;1;4;0;0;0;0;0,21;0
Nord Ovest;Lombardia;PV;E934;1;1;0;0;0;0;0;0;0
Nord Ovest;Lombardia;PV;E999;0;1;3;0;0;0;0;0;0
Nord Ovest;Lombardia;PV;F080;1;2,5;4,13;0;0;1;0;0;0
Nord Ovest;Lombardia;PV;F122;0;0;2;0;0;0;0;0;0
Nord Ovest;Lombardia;PV;F170;0;1;1;0;0;0;1;0;0
Nord Ovest;Lombardia;PV;F171;0;0;3,5;0;0;0;0;0;1
Nord Ovest;Lombardia;PV;F175;0;0;2,67;0;0;0;0;0;0
Nord Ovest;Lombardia;PV;F238;1;0;4,36;0;0;0;0;0;0
Nord Ovest;Lombardia;PV;F417;0;0;2;0;0;0;0;0;0,72
Nord Ovest;Lombardia;PV;F440;0;0;0,5;0;0;0;0;1;0
Nord Ovest;Lombardia;PV;F449;0;0;3;0;0;0;0;0;0
Nord Ovest;Lombardia;PV;F638;0;0;3;0;0;0;0;0;0
Nord Ovest;Lombardia;PV;F644;0;0;1,67;0;0;0;0;0;0,67
Nord Ovest;Lombardia;PV;F670;0;0;1;0;0;0;0;0;0
Nord Ovest;Lombardia;PV;F701;0;0;16;0;0;0;0;0;0
Nord Ovest;Lombardia;PV;F739;0;0;0;0;0;0;0;0;0
Nord Ovest;Lombardia;PV;F754;1;5;5,08;0;0;0;1;1;1
Nord Ovest;Lombardia;PV;F891;0;0;1;0;0;0;0;0;0
Nord Ovest;Lombardia;PV;G021;0;0;0;0;0;0;0;0;0
Nord Ovest;Lombardia;PV;G032;0;0;0;0;0;0;0;0;0
Nord Ovest;Lombardia;PV;G194;0;0;0;0;0;0;0;0;0
Nord Ovest;Lombardia;PV;G275;0;0;3;0;0;0;0;0;0
Nord Ovest;Lombardia;PV;G304;0;0;2;0;0;0;0;1;0
Nord Ovest;Lombardia;PV;G342;0;0;1;0;0;0;1;1;0
Nord Ovest;Lombardia;PV;G388;21,74;34,5;37,14;0;2;0;4;10,32;1
Nord Ovest;Lombardia;PV;G612;0;1;3;0;0;0;0;0;0
Nord Ovest;Lombardia;PV;G635;0;0;1;0;0;0;0;0;0
Nord Ovest;Lombardia;PV;G639;1;0;2;0;0;0;0;1;0
Nord Ovest;Lombardia;PV;G650;0;1;7;0;0;0;0;1;0
Nord Ovest;Lombardia;PV;G671;0;1;10;0;0;0;0;0;0
Nord Ovest;Lombardia;PV;G720;0;2;0;0;0;0;0;1;0,5
Nord Ovest;Lombardia;PV;G851;0;0;2;0;0;0;0;1;0
Nord Ovest;Lombardia;PV;G895;0;0;3;0;0;0;1;1;0
Nord Ovest;Lombardia;PV;H204;0;0;1,41;0;0;0;0;0;0
Nord Ovest;Lombardia;PV;H216;0;0;0;0;0;0;0;1;0
Nord Ovest;Lombardia;PV;H246;0;0;4;0;0;0;0;0;0
Nord Ovest;Lombardia;PV;H336;1;0;4,5;0;0;0;1;1;1
Nord Ovest;Lombardia;PV;H369;1;3;5,69;0;0;0;1;0;4
Nord Ovest;Lombardia;PV;H375;0;0;0;0;0;0;0;0;0
Nord Ovest;Lombardia;PV;H396;0;0;0;0;0;0;0;0;0
Nord Ovest;Lombardia;PV;H450;0;0;1,5;0;0;0;0;0;0
Nord Ovest;Lombardia;PV;H491;0;0;0;0;0;0;0;0;0
Nord Ovest;Lombardia;PV;H505;0;0;0;0;0;0;0;0;0
Nord Ovest;Lombardia;PV;H527;0;0;3;0;0;0;0;0;0
Nord Ovest;Lombardia;PV;H559;0;0;0;0;0;0;0;0;0
Nord Ovest;Lombardia;PV;H614;0;0;0,5;0;0;0;0;0;0,17
Nord Ovest;Lombardia;PV;H637;0;0;3;0;0;0;0;0;0
Nord Ovest;Lombardia;PV;H799;0;0;2,5;0;0;0;0;2;0
Nord Ovest;Lombardia;PV;H814;0;0;3,09;0;0;0;0;0;0
Nord Ovest;Lombardia;PV;H859;0;0;2;0;0;0;0;2,5;0
Nord Ovest;Lombardia;PV;H885;0;0;2;0;0;0;0;1;2
Nord Ovest;Lombardia;PV;I014;7;3;5,25;0;0;0;4;2;0
Nord Ovest;Lombardia;PV;I048;1;0;1;0;0;1;0;6;0
Nord Ovest;Lombardia;PV;I175;0;0;1;0;0;0;0;0;0
Nord Ovest;Lombardia;PV;I203;0;1;6,5;0;0;0;0;0;0
Nord Ovest;Lombardia;PV;I213;0;0;0;0;0;0;1;0;2
Nord Ovest;Lombardia;PV;I230;0;0;1,25;0;0;0;0;0;0
Nord Ovest;Lombardia;PV;I236;0;2;5;0;0;0;0;2,02;0
Nord Ovest;Lombardia;PV;I237;0;0;4,5;0;0;0;0;0;0
Nord Ovest;Lombardia;PV;I276;0;0;0;0;0;0;0;1;2
Nord Ovest;Lombardia;PV;I416;0;0;1;0;0;0;0;0;0
Nord Ovest;Lombardia;PV;I447;0;0;1,5;0;0;0;0;0;0
Nord Ovest;Lombardia;PV;I487;0;0;0;0;0;0;0;0;0
Nord Ovest;Lombardia;PV;I599;0;0;0;0;0;0;0;0;0
Nord Ovest;Lombardia;PV;I739;0;1;4;0;0;0;0;0;1
Nord Ovest;Lombardia;PV;I825;0;0;1,26;0;0;0;0;1;0
Nord Ovest;Lombardia;PV;I894;0;0;0;0;0;0;1;1;0
Nord Ovest;Lombardia;PV;I968;6;10;13,08;0;0;0;1;3,48;1
Nord Ovest;Lombardia;PV;L237;0;0;5;0;0;0;0;1;0
Nord Ovest;Lombardia;PV;L250;0;1;1;0;0;0;0;0;0
Nord Ovest;Lombardia;PV;L256;0;0;0;0;0;0;0;0;0
Nord Ovest;Lombardia;PV;L262;0;0;0;0;0;0;0;0;0
Nord Ovest;Lombardia;PV;L269;0;0;0;0;0;0;0;0;0
Nord Ovest;Lombardia;PV;L285;0;1;3;1;0;0;2;2;0
Nord Ovest;Lombardia;PV;L292;0;0;3,25;0;0;0;1;0;0
Nord Ovest;Lombardia;PV;L440;0;0;0;0;0;0;0;1;0
Nord Ovest;Lombardia;PV;L449;0;1;5,17;0;0;0;0;0;0
Nord Ovest;Lombardia;PV;L453;0;0;1;0;0;0;0;0;0
Nord Ovest;Lombardia;PV;L562;0;0;1,33;0;0;0;0;0;0
Nord Ovest;Lombardia;PV;L568;0;0;0;0;0;0;0;0;0
Nord Ovest;Lombardia;PV;L593;0;0;1;0;0;0;0;0;0
Nord Ovest;Lombardia;PV;L617;0;0;0,75;0;0;0;0;0;0
Nord Ovest;Lombardia;PV;L659;0;0;3;0;0;0;0;0;0,5
Nord Ovest;Lombardia;PV;L690;0,33;2,5;8,17;0;0;0;1;0;0
Nord Ovest;Lombardia;PV;L716;0;0;0;0;0;0;0;0;0
Nord Ovest;Lombardia;PV;L720;0;0;2;0;0;0;0;2;0
Nord Ovest;Lombardia;PV;L784;0;0;1;0;0;0;0;0;0
Nord Ovest;Lombardia;PV;L788;2;0;1,83;0;0;0;0;0;0,5
Nord Ovest;Lombardia;PV;L854;0;1;1;0;0;0;1;0;0
Nord Ovest;Lombardia;PV;L872;18;45,5;64,15;0;0;0;48;11,93;1,14
Nord Ovest;Lombardia;PV;L917;0;0;0;0;0;0;0;0;0
Nord Ovest;Lombardia;PV;L983;0;1;0;0;0;0;0;2;0
Nord Ovest;Lombardia;PV;L994;0;0;0;0;0;0;1;3;0
Nord Ovest;Lombardia;PV;M079;0;1;3;0;0;0;0;0;0
Nord Ovest;Lombardia;PV;M109;15;19;19,46;0;0;0;8;10,75;0
Nord Ovest;Lombardia;PV;M119;0;0;0;0;0;0;0;0;0
Nord Ovest;Lombardia;PV;M150;0;1;4,75;0;0;0;0;0;0
Nord Ovest;Lombardia;PV;M152;0;0;2;0;0;0;0;0;0
Nord Ovest;Lombardia;PV;M161;0;0;0;0;0;0;0;0;1
Nord Ovest;Lombardia;PV;M162;0;0,25;1,25;0;0;0;0;0;0
Nord Ovest;Lombardia;PV;M166;0;0;1,67;0;0;0;0;0,75;0
Nord Ovest;Lombardia;PV;M167;0;0;1,5;0;0;0;0;0,86;0
Nord Ovest;Lombardia;PV;M180;0;0;6,33;0;0;0;0;0,66;0,33
Nord Ovest;Lombardia;SO;A135;0;0;4,5;0;0;0;0;0;0
Nord Ovest;Lombardia;SO;A172;0;0;16,26;0;0;0;0;1;0
Nord Ovest;Lombardia;SO;A273;2;0;2;0;0;0;1;1;0
Nord Ovest;Lombardia;SO;A337;0;2;5,58;0;0;0;0;0;0
Nord Ovest;Lombardia;SO;A382;1;0;5,16;0;0;0;0;0;0
Nord Ovest;Lombardia;SO;A777;0;0;2;0;0;0;0;0;0
Nord Ovest;Lombardia;SO;A787;0;0;13,5;0;0;0;0;1;0
Nord Ovest;Lombardia;SO;A848;0;2;5;0;0;0;1;1;0
Nord Ovest;Lombardia;SO;B049;1,5;8;11,36;0;0;0;0;0;1
Nord Ovest;Lombardia;SO;B255;0;1,41;4,66;0;0;0;0;0;0
Nord Ovest;Lombardia;SO;B366;0;2,67;0;0;0;0;0;0;0
Nord Ovest;Lombardia;SO;B530;0;0;4,92;0;0;0,25;0;0;0
Nord Ovest;Lombardia;SO;B993;1;0;2,5;0;0;0;0;0;0
Nord Ovest;Lombardia;SO;C186;0;0;6;0;0;0;0;0;0
Nord Ovest;Lombardia;SO;C325;1;0;4,33;0;0;0;1;0;0
Nord Ovest;Lombardia;SO;C418;0;0;0;0;0;0;0;0;0
Nord Ovest;Lombardia;SO;C493;0;0;1;0;0;0;0;0;0
Nord Ovest;Lombardia;SO;C623;0,56;1;7,29;0;0;0;0;0,02;0
Nord Ovest;Lombardia;SO;C628;0;1;6,41;0;0;0;0;2;0
Nord Ovest;Lombardia;SO;C651;0;1;2,5;0;0;0;0;2;0
Nord Ovest;Lombardia;SO;C709;0;0;0;0;0;0;0;0;0
Nord Ovest;Lombardia;SO;C785;0;0;5;0;0;0;0;0;0
Nord Ovest;Lombardia;SO;C903;0;0;1,66;0;0;0;0;0;0
Nord Ovest;Lombardia;SO;D088;0;0;15,83;0;0;0;0;0;0
Nord Ovest;Lombardia;SO;D258;0;0;1;0;0;0;0;0;0
Nord Ovest;Lombardia;SO;D266;0;0;2,5;0;0;0;0;2;0
Nord Ovest;Lombardia;SO;D377;0;3;4;0;0;0;0;4;0
Nord Ovest;Lombardia;SO;D456;0;0;0;0;0;0;0;0;0
Nord Ovest;Lombardia;SO;D694;0;0;4;0;0;0;0;0;0
Nord Ovest;Lombardia;SO;D830;0;0;1;0;0;0;0;0;0
Nord Ovest;Lombardia;SO;D990;0;2;4;0;0;0;0;0;0
Nord Ovest;Lombardia;SO;E090;1;2;4,33;0;0;0;0;3;0
Nord Ovest;Lombardia;SO;E200;1;1;6,33;0;0;0;0;0,07;0
Nord Ovest;Lombardia;SO;E201;0;0;3,17;0;0;0;0;2;0
Nord Ovest;Lombardia;SO;E342;0;1;1,26;1;0;0;0;0;0
Nord Ovest;Lombardia;SO;E443;0;1;7,47;0;0;0;0;0;0
Nord Ovest;Lombardia;SO;E621;1;3;16,92;0;0;0;0;0;1
Nord Ovest;Lombardia;SO;E705;0;0;2;0;0;0;0;1;0
Nord Ovest;Lombardia;SO;E896;0;0;5;0;0;0;0;0;0
Nord Ovest;Lombardia;SO;F070;0;0;4;0;0;0;0;0;0
Nord Ovest;Lombardia;SO;F115;0;0;3,33;0;0;0;0;0;0
Nord Ovest;Lombardia;SO;F121;0;0;0,11;0;0;0;0;0;0
Nord Ovest;Lombardia;SO;F153;0;0;6,25;0;0;0;1;0;0
Nord Ovest;Lombardia;SO;F393;0;0;6,83;0;0;0;0;0;0
Nord Ovest;Lombardia;SO;F712;5;7;11,52;0;0;0;2;1;0
Nord Ovest;Lombardia;SO;F956;0;0;2,89;0;0;0;0;0;0
Nord Ovest;Lombardia;SO;G410;0;0;0;0;0;0;0;0;0
Nord Ovest;Lombardia;SO;G431;0;0;6;0;0;0;0;0;0
Nord Ovest;Lombardia;SO;G572;0;0;3,07;0;0;0;0;0;0
Nord Ovest;Lombardia;SO;G576;0;0;12,5;0;0;0;2;0;0
Nord Ovest;Lombardia;SO;G718;0;0;5,16;0;0;0;0;0;0
Nord Ovest;Lombardia;SO;G829;0;0;2,33;0;0;0;0;0;0
Nord Ovest;Lombardia;SO;G937;0;0;1;0;0;0;0;0;0
Nord Ovest;Lombardia;SO;G993;0;2;6,33;0;0;0;1;0;0
Nord Ovest;Lombardia;SO;H192;0;0;0,65;0;0;0;0;0;0
Nord Ovest;Lombardia;SO;H493;0;0;1;0;0;0;0;1;0
Nord Ovest;Lombardia;SO;H752;0;0;1,53;0;0;0;0;3;1
Nord Ovest;Lombardia;SO;H868;0;0;4;0;0;0;0;1;0
Nord Ovest;Lombardia;SO;I636;0;0;0,75;0;0;0;0;0;0
Nord Ovest;Lombardia;SO;I828;0;0;16,33;0;0;0;0;2;0
Nord Ovest;Lombardia;SO;I829;18;15,67;23,96;0;0;0;0;1;0
Nord Ovest;Lombardia;SO;I928;0;0;1,4;0;0;0;0;0;0
Nord Ovest;Lombardia;SO;L035;0;0;7,86;0;0;0;0;2;0
Nord Ovest;Lombardia;SO;L056;0;0;3,67;0;0;0;0;0;0
Nord Ovest;Lombardia;SO;L084;0;3;22,18;0;0;0;0;3;0
Nord Ovest;Lombardia;SO;L175;7;1;14,96;0;0;0;0;0;0
Nord Ovest;Lombardia;SO;L244;0;0;2,67;0;0;0;0;0;0
Nord Ovest;Lombardia;SO;L316;0;0;0,4;0;0;0;0;0;0
Nord Ovest;Lombardia;SO;L330;0;0;7;0;0;0;0;0;0
Nord Ovest;Lombardia;SO;L392;0;1;6,66;0;0;0;0;0;1
Nord Ovest;Lombardia;SO;L557;1;2;6,17;0;0;0;0;0;2
Nord Ovest;Lombardia;SO;L563;0;0;11,84;0;0;0;0;0;0
Nord Ovest;Lombardia;SO;L576;0;0;12,92;0;0;0;0;0;0
Nord Ovest;Lombardia;SO;L638;0;0;1;0;0;0;0;0;0
Nord Ovest;Lombardia;SO;L749;0;0;3;0;0;0;0;0;0
Nord Ovest;Lombardia;SO;L799;0;0;2,4;0;0;0;0;0;0
Nord Ovest;Lombardia;SO;L907;0;0;2,83;0;0;0;0;0;0
Nord Ovest;Lombardia;SO;L908;0;0;8,55;0;0;0;2;3;0
Nord Ovest;Lombardia;VA;A085;0;0;1;0;0;0;0;0;0
Nord Ovest;Lombardia;VA;A167;0;2;4,6;0;0;0;0;2,09;0
Nord Ovest;Lombardia;VA;A290;1;3;5;0;0;0;0;1,12;0
Nord Ovest;Lombardia;VA;A371;1;2;3,5;0;0;1;0;15,5;0
Nord Ovest;Lombardia;VA;A441;1;2;1;0;0;0;5;0,07;0
Nord Ovest;Lombardia;VA;A531;2;3;4;0;0;0;1;2;0
Nord Ovest;Lombardia;VA;A532;0;0;1,5;0;0;0;0;0;0
Nord Ovest;Lombardia;VA;A619;1;0,33;0;0;0;0;0;1;0
Nord Ovest;Lombardia;VA;A645;0;0;6;0;0;0;1;0;0
Nord Ovest;Lombardia;VA;A705;0;0;3;0;0;0;0;0;0
Nord Ovest;Lombardia;VA;A728;0;0;2;0;0;0;0;0;0
Nord Ovest;Lombardia;VA;A819;1;1;1;0;0;0;0;0;0
Nord Ovest;Lombardia;VA;A825;2;0,31;3,63;0;0;0;1;11;0
Nord Ovest;Lombardia;VA;A826;4;1;9,86;0;0;0;1;10,09;0
Nord Ovest;Lombardia;VA;A845;0;0;4,58;0;0;0;0;0,59;0
Nord Ovest;Lombardia;VA;A891;0;1;4;0;0;0;1;1;0
Nord Ovest;Lombardia;VA;A918;1;0;6;0;0;0;1;3;0
Nord Ovest;Lombardia;VA;B126;1;3;11,34;0;0;0;1;1;0
Nord Ovest;Lombardia;VA;B131;0;0;3;0;0;0;0;0;0
Nord Ovest;Lombardia;VA;B150;0;0,5;0,5;0;0;0;0;0;1
Nord Ovest;Lombardia;VA;B166;0;0;1,17;0;0;0;0;0;0
Nord Ovest;Lombardia;VA;B182;0;0;3;0;0;0;0;0;0
Nord Ovest;Lombardia;VA;B191;0;0;2;0;0;0;0;0;0
Nord Ovest;Lombardia;VA;B219;1;0;0;0;0;0;3;1;0
Nord Ovest;Lombardia;VA;B228;0;1;2,17;0;0;0;0;0,04;0
Nord Ovest;Lombardia;VA;B258;0;0;3;0;0;0;0;1;0
Nord Ovest;Lombardia;VA;B300;41,24;51,44;47,83;0;0;1;6;23,29;0
Nord Ovest;Lombardia;VA;B312;0;0;1;0;0;0;1;1;0
Nord Ovest;Lombardia;VA;B326;0;0;4;0;0;0;0;0;0
Nord Ovest;Lombardia;VA;B347;0;1;1;0;0;0;0;0;0
Nord Ovest;Lombardia;VA;B368;0;2,89;12,89;0;0;0;0;5;0
Nord Ovest;Lombardia;VA;B634;2;4;7,2;0;0;0;0;0;0
Nord Ovest;Lombardia;VA;B732;0;0;0;0;0;0;0;0;0
Nord Ovest;Lombardia;VA;B754;2;1;5;0;0;0;0;7,5;0
Nord Ovest;Lombardia;VA;B796;0;3;7,1;0;0;0;0;2;0
Nord Ovest;Lombardia;VA;B805;0,5;5,83;11,83;0;0;0;2,12;20,5;0
Nord Ovest;Lombardia;VA;B807;1;0;4,74;0;0;0;0;4;0
Nord Ovest;Lombardia;VA;B875;1;0;3;0;0;0;0;2;0
Nord Ovest;Lombardia;VA;B921;0;0;2;0;0;0;0;0;0
Nord Ovest;Lombardia;VA;B949;0;0;5;0;0;0;0;1;0
Nord Ovest;Lombardia;VA;B987;0;3;2,91;0;0;0;0;1;0
Nord Ovest;Lombardia;VA;B999;0;0;0,11;0;0;0;6;2;0
Nord Ovest;Lombardia;VA;C004;1,3;5;7;0;0;0;0;11,46;0
Nord Ovest;Lombardia;VA;C139;6;8,5;10;0;0;0;1;4,02;0
Nord Ovest;Lombardia;VA;C181;0;0;2,13;0;0;0;0;1;0
Nord Ovest;Lombardia;VA;C273;0;0;1;0;0;0;0;1;0
Nord Ovest;Lombardia;VA;C300;4;0,33;3;0;0;0;0;4;0
Nord Ovest;Lombardia;VA;C343;0;0;4,17;0;0;0;0;7;0
Nord Ovest;Lombardia;VA;C382;1;1;2;0;0;0;0,03;5,27;0
Nord Ovest;Lombardia;VA;C409;0;3;3;0;0;0;0;2;0
Nord Ovest;Lombardia;VA;C732;0;2,5;8,5;0;0;0;3;2;0
Nord Ovest;Lombardia;VA;C751;0;2;1;0;0;0;0;0;0
Nord Ovest;Lombardia;VA;C796;0;0;0;0;0;0;0;0;0
Nord Ovest;Lombardia;VA;C810;0;0;6;0;0;0;2;8;0
Nord Ovest;Lombardia;VA;C911;0,5;0;0,66;0;0;0;0;0,11;0
Nord Ovest;Lombardia;VA;C922;0;1;0;0;0;0;0;0,06;0
Nord Ovest;Lombardia;VA;D144;0;0;1,4;0;0;0;0;0;0
Nord Ovest;Lombardia;VA;D185;0;0;1;0;0;0;0;1;0
Nord Ovest;Lombardia;VA;D192;0;0;4;0;0;0;0;0;0
Nord Ovest;Lombardia;VA;D199;3;2,67;4,5;0;0;0;0;0;0
Nord Ovest;Lombardia;VA;D204;0,5;1;0;0;0;0;0;2;0
Nord Ovest;Lombardia;VA;D217;0;0;0;0;0;0;0;0;0
Nord Ovest;Lombardia;VA;D238;1;0;1;0;0;0;0;1;0
Nord Ovest;Lombardia;VA;D239;0;0;3,08;0;0;0;0;0;0
Nord Ovest;Lombardia;VA;D256;0;1;6;0;0;0;0;0;0
Nord Ovest;Lombardia;VA;D384;0;1;2,5;0;0;0;0;0;0
Nord Ovest;Lombardia;VA;D385;0;0;0;0;0;0;0;0;0
Nord Ovest;Lombardia;VA;D467;3;4;11,07;0;0;0;1;18,04;0
Nord Ovest;Lombardia;VA;D543;0;2;6,17;0;0;0;0;3;0
Nord Ovest;Lombardia;VA;D551;0;0;0;0;0;0;0;0;0
Nord Ovest;Lombardia;VA;D869;41;22;26,67;0;0;1;13,01;13,28;0
Nord Ovest;Lombardia;VA;D871;0;2;3,25;0;0;0;0;4,28;0
Nord Ovest;Lombardia;VA;D946;3;6;6;0;0;0;0;5;0
Nord Ovest;Lombardia;VA;D951;4;2;3,99;0;1;0;0;5;0
Nord Ovest;Lombardia;VA;D963;0;0;2;0;0;0;5;12;0
Nord Ovest;Lombardia;VA;D981;1;1;3;0;0;0;0;13,08;0
Nord Ovest;Lombardia;VA;D987;1;0;6,5;0;0;0;1;2,11;0
Nord Ovest;Lombardia;VA;E079;1;0;0;0;0;0;0;0;0
Nord Ovest;Lombardia;VA;E101;0;2,56;3,13;0;0;0;0;6;0
Nord Ovest;Lombardia;VA;E102;0;1,75;9;0;0;0;1;7;0
Nord Ovest;Lombardia;VA;E104;0;0;3;0;0;0;0;3;0
Nord Ovest;Lombardia;VA;E144;0;0;1;0;0;0;0;1;0
Nord Ovest;Lombardia;VA;E292;0;0;2;0;0;0;0;0;0
Nord Ovest;Lombardia;VA;E299;0;2;11,36;0;0;0;0;0;0
Nord Ovest;Lombardia;VA;E367;0,03;5,5;0,98;0;0;0;1,83;0,35;0
Nord Ovest;Lombardia;VA;E386;0;2;3;0;0;0;0;0;0,5
Nord Ovest;Lombardia;VA;E494;0;3;4;0;0;0;0;0;0
Nord Ovest;Lombardia;VA;E496;3;6,67;11,8;0;0;0;1;2;0
Nord Ovest;Lombardia;VA;E510;0;1;2;0;0;0;0;0,12;0
Nord Ovest;Lombardia;VA;E529;0;1;3;0;0;0;0;0;0
Nord Ovest;Lombardia;VA;E665;0;0;2;0;0;0;0;2;0
Nord Ovest;Lombardia;VA;E666;6;2,25;5,27;0;0;0;0;16,1;0
Nord Ovest;Lombardia;VA;E707;0;0;0,92;0;0;0;0;0;0
Nord Ovest;Lombardia;VA;E734;3;6,67;13,8;1;0;0;0;6;0
Nord Ovest;Lombardia;VA;E769;0;0;1;0;0;0;0;0;0
Nord Ovest;Lombardia;VA;E775;0;0;3;0;0;0;0;0;0
Nord Ovest;Lombardia;VA;E856;0;1;1,75;0;0;0;0;0;0
Nord Ovest;Lombardia;VA;E863;2;9;9,83;0;0;0;5;3,3;0
Nord Ovest;Lombardia;VA;E929;0;1;1;0;1;0;0;0;0
Nord Ovest;Lombardia;VA;E965;2;3;7;0;0;0;1;16;0
Nord Ovest;Lombardia;VA;F002;0;1;0;0;0;0;0;0;0
Nord Ovest;Lombardia;VA;F007;0;0;0;0;0;0;0;0;0
Nord Ovest;Lombardia;VA;F134;0;0;1;0;0;0;0;2;0
Nord Ovest;Lombardia;VA;F154;1;3;0,2;0;0;0;0;1;0
Nord Ovest;Lombardia;VA;F526;0;0;5,05;0;0;0;0;0;0
Nord Ovest;Lombardia;VA;F703;0;1;3,02;0;0;0;0;0;0
Nord Ovest;Lombardia;VA;F711;1;0;1;0;0;0;0;1;0
Nord Ovest;Lombardia;VA;F736;0;0;6,67;0;0;0;1;2;0
Nord Ovest;Lombardia;VA;G008;0;0;3,5;0;0;0;0;4;0
Nord Ovest;Lombardia;VA;G028;5;1;4;0;0;0;1;6,09;0
Nord Ovest;Lombardia;VA;G103;1;2;3,01;0;0;0;0;2,25;0
Nord Ovest;Lombardia;VA;G105;0;0;3;0;0;0;0;0;0
Nord Ovest;Lombardia;VA;G677;0;0;0;0;0;0;0;0;0
Nord Ovest;Lombardia;VA;G906;0;0;2,5;0;0;0;0;0;0
Nord Ovest;Lombardia;VA;G907;0;2,33;3;0;0;0;0;1;0
Nord Ovest;Lombardia;VA;H173;0;0;1;0;0;0;0;1,03;0
Nord Ovest;Lombardia;VA;H174;0;0;3;0;0;0;0;0;0
Nord Ovest;Lombardia;VA;H723;0;2;2,33;0;0;0;0;0;0
Nord Ovest;Lombardia;VA;H736;0;3,5;4,67;0;0;0;1;0;0
Nord Ovest;Lombardia;VA;H872;0;0;1;0;0;0;0;0;0
Nord Ovest;Lombardia;VA;I441;23,75;22;8,19;0;1;1;6;7,1;1
Nord Ovest;Lombardia;VA;I688;1;2;7;0;0;0;1;3,06;0
Nord Ovest;Lombardia;VA;I793;0;1;0;0;0;0;1;0,03;0
Nord Ovest;Lombardia;VA;I794;2;0;0;0;2;0;0;2;0
Nord Ovest;Lombardia;VA;I819;4;14,33;11,82;0;0;0;0;16;0
Nord Ovest;Lombardia;VA;L003;0;1,5;3,81;0;0;0;0;6;0
Nord Ovest;Lombardia;VA;L032;0;0;4;0;0;0;0;1;1
Nord Ovest;Lombardia;VA;L115;0;2;6;0;0;0;1;1;0
Nord Ovest;Lombardia;VA;L319;4;9;12,12;0;0;1;2;12,44;0
Nord Ovest;Lombardia;VA;L342;0;0;3;0;0;0;0;0;0
Nord Ovest;Lombardia;VA;L480;0;2,5;12,81;0;0;0;0;2;0
Nord Ovest;Lombardia;VA;L577;0;0;1;0;0;0;0;1;0
Nord Ovest;Lombardia;VA;L671;1;1;3;0;0;0;0;0;0
Nord Ovest;Lombardia;VA;L682;44;62,33;48,93;0;1;2;8;8,34;0
Nord Ovest;Lombardia;VA;L703;0;1;3;0;0;0;0;2;0
Nord Ovest;Lombardia;VA;L705;0;0;2;0;0;0;0;0;0
Nord Ovest;Lombardia;VA;L733;0;0,33;2;0;0;0;1;2;0
Nord Ovest;Lombardia;VA;L734;3;3,33;1;0;0;0;0;1;0
Nord Ovest;Lombardia;VA;L765;0;4,5;9;0;0;0;6;8;0
Nord Ovest;Lombardia;VA;L876;0;4;7,67;0;2;0;0;0;0
Nord Ovest;Lombardia;VA;M101;0;0;2;0;0;0;0;0,16;0
Nord Ovest;Piemonte;AL;A052;11;17,01;14,3;1;0;0;4;1;1
Nord Ovest;Piemonte;AL;A146;0;0;1;0;0;0;0;0;0
Nord Ovest;Piemonte;AL;A182;21,25;42,5;76,99;2;0;3;3;19;2,56
Nord Ovest;Piemonte;AL;A189;0;0;0;0;0;0;0;0;0
Nord Ovest;Piemonte;AL;A197;0;0;0;0;0;0;0;0;0
Nord Ovest;Piemonte;AL;A211;0;0;0,5;0;0;0;0;0;0
Nord Ovest;Piemonte;AL;A227;0;0;1;0;0;0;0;0;0
Nord Ovest;Piemonte;AL;A245;0;0;0;0;0;0;0;2;0
Nord Ovest;Piemonte;AL;A436;0;7;12,5;0;0;0;2;5;0
Nord Ovest;Piemonte;AL;A523;0;0;1;0;0;0;0;0;0
Nord Ovest;Piemonte;AL;A605;0;1;5;0;0;0;0;1;0
Nord Ovest;Piemonte;AL;A689;0;0;4;0;0;0;1;0;0
Nord Ovest;Piemonte;AL;A708;1;0;4;0;0;0;0;0;0
Nord Ovest;Piemonte;AL;A738;0;0;2;0;0;0;0;0;0
Nord Ovest;Piemonte;AL;A793;0;0;3,39;0;0;0;0;0;0,39
Nord Ovest;Piemonte;AL;A813;0;0;0;0;0;0;0;0;0
Nord Ovest;Piemonte;AL;A889;0;0;3,5;0;0;0;0;0;1
Nord Ovest;Piemonte;AL;A998;0;0;3;0;0;0;0;0;0
Nord Ovest;Piemonte;AL;B029;0;0;0;0;0;0;0;0;0
Nord Ovest;Piemonte;AL;B037;0;0;1,5;0;0;0;0;0;0
Nord Ovest;Piemonte;AL;B071;0;0;12;0;0;0;1;4;0
Nord Ovest;Piemonte;AL;B080;0;0;0;0;0;0;0;0;0
Nord Ovest;Piemonte;AL;B109;0;0;0;0;0;0;0;0;0
Nord Ovest;Piemonte;AL;B179;0;0;0,2;0;0;0;0;0;0
Nord Ovest;Piemonte;AL;B311;0;0;1,5;0;0;0;0;0;0
Nord Ovest;Piemonte;AL;B453;0;1;1;0;0;0;0;0;0
Nord Ovest;Piemonte;AL;B482;0;0;1,5;0;0;0;0;0;0
Nord Ovest;Piemonte;AL;B629;0;0;2;0;0;0;0;0;0
Nord Ovest;Piemonte;AL;B701;0;1;4;0;0;0;0;0;2
Nord Ovest;Piemonte;AL;B736;0;0;0,5;0;0;0;0;1;1
Nord Ovest;Piemonte;AL;B765;0;0;1;0;0;0;0;0;2
Nord Ovest;Piemonte;AL;B769;0;0;4,94;0;0;0;0;0;0
Nord Ovest;Piemonte;AL;B818;0;0;1;0;0;0;0;0;0,67
Nord Ovest;Piemonte;AL;B836;0;0;0;0;0;0;0;0;0
Nord Ovest;Piemonte;AL;B840;0;0;1;0;0;0;0;0;0
Nord Ovest;Piemonte;AL;B847;0;0;1;0;0;0;0;0;0
Nord Ovest;Piemonte;AL;B870;0;0;4,5;0;0;0;0;0;4
Nord Ovest;Piemonte;AL;B882;0;0;0;0;0;0;0;0;0
Nord Ovest;Piemonte;AL;B885;16;11,25;24,25;0;0;0;4;19;0
Nord Ovest;Piemonte;AL;B902;0;0;0;0;0;0;0;0;0
Nord Ovest;Piemonte;AL;B941;0;0;2;0;0;0;0;0;0
Nord Ovest;Piemonte;AL;C005;0;1;2;0;0;0;0;0;2
Nord Ovest;Piemonte;AL;C027;0;1,5;4;0;0;0;0;1;0
Nord Ovest;Piemonte;AL;C030;0;0;5,5;0;0;0;0;0;0
Nord Ovest;Piemonte;AL;C137;0;0;1;0;0;0;0;0;0
Nord Ovest;Piemonte;AL;C142;0;1;1;0;0;0;0;0,08;1
Nord Ovest;Piemonte;AL;C148;0;0;7,5;0;0;0;0;0;0
Nord Ovest;Piemonte;AL;C156;0;0;0;0;0;0;0;0;0
Nord Ovest;Piemonte;AL;C158;0;0,67;4;0;0;0;0;0;0
Nord Ovest;Piemonte;AL;C160;0;0;0;0;0;0;0;0;0
Nord Ovest;Piemonte;AL;C162;0;0;1;0;0;0;0;1;0
Nord Ovest;Piemonte;AL;C229;0;0;3;0;0;0;0;0;0
Nord Ovest;Piemonte;AL;C243;0;0;4,83;0;0;0;0;1,5;0
Nord Ovest;Piemonte;AL;C274;0;0;0;0;0;0;0;0;0
Nord Ovest;Piemonte;AL;C387;0;0;0;0;0;0;0;0;0
Nord Ovest;Piemonte;AL;C432;0;0,88;3,22;0;0;0;0;0;0
Nord Ovest;Piemonte;AL;C503;0;0;1;0;0;0;0;0;0
Nord Ovest;Piemonte;AL;C507;0;0;1;0;0;0;0;0;0
Nord Ovest;Piemonte;AL;C531;0;0;1;0;0;0;0;0;0
Nord Ovest;Piemonte;AL;C962;0;0;0,33;0;0;0;0;2;0,33
Nord Ovest;Piemonte;AL;C977;0;0;2;0;0;0;0;0,33;0,17
Nord Ovest;Piemonte;AL;D102;0;0;3;0;0;0;0;0;0
Nord Ovest;Piemonte;AL;D149;0;0;9,5;0;0;0;0;0;0
Nord Ovest;Piemonte;AL;D194;0;0;0,22;0;0;0;0;0;0
Nord Ovest;Piemonte;AL;D272;0;0;0;0;0;0;0;0;0
Nord Ovest;Piemonte;AL;D277;0;0;0;0;0;0;0;0;0
Nord Ovest;Piemonte;AL;D447;0;0;2,7;0;0;0;0;0;0
Nord Ovest;Piemonte;AL;D528;0;2;3;0;0;0;0;0;0
Nord Ovest;Piemonte;AL;D559;0;0;1;0;0;0;0;0;0
Nord Ovest;Piemonte;AL;D759;0;0;4;0;0;0;0;0;0
Nord Ovest;Piemonte;AL;D770;1;0;1;0;0;0;0;0;0
Nord Ovest;Piemonte;AL;D777;0;0;1;0;0;0;0;0;0
Nord Ovest;Piemonte;AL;D780;0;0;2;0;0;0;0;0;0
Nord Ovest;Piemonte;AL;D797;0;0;1;0;0;0;0;0;0
Nord Ovest;Piemonte;AL;D813;0;0;1;0;0;0;0;0;0
Nord Ovest;Piemonte;AL;D814;0;0;2;0;0;0;0;0;0
Nord Ovest;Piemonte;AL;D835;0;0;0;0;0;0;0;0;0
Nord Ovest;Piemonte;AL;D890;0;0;2,5;0;0;0;0;0;0
Nord Ovest;Piemonte;AL;D910;0;0;1;0;0;0;0;0;0
Nord Ovest;Piemonte;AL;D941;0;0;0;0;0;0;0;0;0
Nord Ovest;Piemonte;AL;D944;0;3;9;0;0;0;0;0;0
Nord Ovest;Piemonte;AL;E015;0;0;0;0;0;0;0;0;0
Nord Ovest;Piemonte;AL;E164;0;0;3;0;0;0;0;0;0
Nord Ovest;Piemonte;AL;E188;0;0;0;0;0;0;0;0;0
Nord Ovest;Piemonte;AL;E191;0;0;0,5;0;0;0;0;0;0
Nord Ovest;Piemonte;AL;E255;0;0;1;0;0;0;0;0;0
Nord Ovest;Piemonte;AL;E360;0;0;0;0;0;0;0;0;0
Nord Ovest;Piemonte;AL;E543;0;3;0,67;0;0;0;0;0;0
Nord Ovest;Piemonte;AL;E712;0;0;3,5;0;0;0;0;0;1,5
Nord Ovest;Piemonte;AL;E870;0;0;0;0;0;0;0;0;0
Nord Ovest;Piemonte;AL;F015;0;0;1;0;0;0;1;0;1
Nord Ovest;Piemonte;AL;F096;0;0;1;0;0;0;1;0;0
Nord Ovest;Piemonte;AL;F131;0;0;5,5;0;0;0;0;0;0
Nord Ovest;Piemonte;AL;F232;0;2;0;0;0;0;0;1;0
Nord Ovest;Piemonte;AL;F281;0;0,25;3,22;0;0;0;0;0;0
Nord Ovest;Piemonte;AL;F293;0;0;0;0;0;0;0;0;0
Nord Ovest;Piemonte;AL;F313;0;0;1;0;0;0;0;0;1
Nord Ovest;Piemonte;AL;F320;0;0;1;0;0;0;0;0;0
Nord Ovest;Piemonte;AL;F337;0;0;0,2;0;0;0;0;0;0
Nord Ovest;Piemonte;AL;F365;0;0;1,33;0;0;0;0;0;0
Nord Ovest;Piemonte;AL;F374;0;0;1;0;0;0;0;0;0
Nord Ovest;Piemonte;AL;F387;0;0;1;0;0;0;0;0;0
Nord Ovest;Piemonte;AL;F403;0;0;2;0;0;0;0;0;0
Nord Ovest;Piemonte;AL;F404;0;0;0;0;0;0;0;0;0
Nord Ovest;Piemonte;AL;F455;0;0;0;0;0;0;0;0;0
Nord Ovest;Piemonte;AL;F469;0;0;2;0;0;0;0;0;0
Nord Ovest;Piemonte;AL;F518;0;0;0;0;0;0;0;0;0
Nord Ovest;Piemonte;AL;F562;0;0;7;0;0;0;0;0;0
Nord Ovest;Piemonte;AL;F707;0;3;1;0;0;0;0;0;0
Nord Ovest;Piemonte;AL;F713;0;0;0;0;0;0;0;0;0
Nord Ovest;Piemonte;AL;F737;0;0;1;0;0;0;0;0;0
Nord Ovest;Piemonte;AL;F751;0;0;2;0;0;0;0;0;0
Nord Ovest;Piemonte;AL;F814;0;1;5;0;0;0;0;0;0
Nord Ovest;Piemonte;AL;F965;17;17;14,33;0;2;0;1;7;0
Nord Ovest;Piemonte;AL;F995;0;0;1;0;0;0;0;0;0,33
Nord Ovest;Piemonte;AL;F997;0;0;1;0;0;0;0;0;0
Nord Ovest;Piemonte;AL;F998;0;0;1;0;0;0;0;0;0
Nord Ovest;Piemonte;AL;G042;0;0;0;0;0;0;0;0;0
Nord Ovest;Piemonte;AL;G124;0;0;1;0;0;0;0;0;0
Nord Ovest;Piemonte;AL;G193;0;0;0;0;0;0;0;0;0
Nord Ovest;Piemonte;AL;G197;2;8,5;13,63;0;0;0;0;5,08;0
Nord Ovest;Piemonte;AL;G199;0;0;0;0;0;0;0;0;0
Nord Ovest;Piemonte;AL;G204;0;0;0;0;0;0;0;0;3
Nord Ovest;Piemonte;AL;G215;0;0;0;0;0;0;0;0;0
Nord Ovest;Piemonte;AL;G334;0;0;2;0;0;0;0;0;0
Nord Ovest;Piemonte;AL;G338;0;0;3;0;0;0;0;0;0
Nord Ovest;Piemonte;AL;G367;0;0;1,33;0;0;0;0;0;0
Nord Ovest;Piemonte;AL;G397;0;1;0;0;0;0;0;0;0
Nord Ovest;Piemonte;AL;G619;0;0;0;0;0;0;0;0,17;0
Nord Ovest;Piemonte;AL;G695;0;0;1,84;0;0;0;0;0;0
Nord Ovest;Piemonte;AL;G807;0;0;3;0;0;0;0;0;0
Nord Ovest;Piemonte;AL;G839;0;2;2;0;0;0;0;5;1,5
Nord Ovest;Piemonte;AL;G858;0;0;2;0;0;0;0;3;0
Nord Ovest;Piemonte;AL;G861;0;0;1,01;0;0;0;0;0;1
Nord Ovest;Piemonte;AL;G872;0;0;1;0;0;0;0;0;0
Nord Ovest;Piemonte;AL;G877;0;0;9;0;0;0;0;0;0
Nord Ovest;Piemonte;AL;G960;0;0;5;0;0;0;0;0;0
Nord Ovest;Piemonte;AL;G961;1;0;3;0;0;0;0;0;2
Nord Ovest;Piemonte;AL;G987;0;1;0;0;0;0;0;0;0
Nord Ovest;Piemonte;AL;H021;0;3;1;0;0;0;0;4;0
Nord Ovest;Piemonte;AL;H104;0;0;2;0;0;0;0;1;0
Nord Ovest;Piemonte;AL;H121;0;0;0;0;0;0;0;0;0
Nord Ovest;Piemonte;AL;H272;0;0;1;0;0;0;0;0;0
Nord Ovest;Piemonte;AL;H334;0;0;3;0;0;0;0;0;0
Nord Ovest;Piemonte;AL;H343;0;0;0;0;0;0;0;0;0
Nord Ovest;Piemonte;AL;H406;0;0;0;0;0;0;0;0;0
Nord Ovest;Piemonte;AL;H414;0;0;6;0;0;0;0;0;0
Nord Ovest;Piemonte;AL;H465;0;1;0,5;0;0;0;0;0;0
Nord Ovest;Piemonte;AL;H569;0;2;2,5;0;0;0;0;0;0
Nord Ovest;Piemonte;AL;H677;0;0;0;0;0;0;0;0;0
Nord Ovest;Piemonte;AL;H694;0;1;2,25;0;0;0;0;1;1
Nord Ovest;Piemonte;AL;H810;0;1;2;0;0;0;0;0;0
Nord Ovest;Piemonte;AL;H878;0;0;1;0;0;0;0;0;0
Nord Ovest;Piemonte;AL;I144;1;1;6,5;0;0;0;0;0;0
Nord Ovest;Piemonte;AL;I150;0;0;1;0;0;0;0;0;0
Nord Ovest;Piemonte;AL;I190;0;1;1;0;0;0;0;0;1
Nord Ovest;Piemonte;AL;I429;0;0;1;0;0;0;0;0;0
Nord Ovest;Piemonte;AL;I432;0;0;0;0;0;0;0;0;0
Nord Ovest;Piemonte;AL;I645;0;0;1;0;0;0;0;0;0
Nord Ovest;Piemonte;AL;I657;1;3;4;0;0;0;0;3;0
Nord Ovest;Piemonte;AL;I711;0;0;8;0;0;0;0;0;0
Nord Ovest;Piemonte;AL;I738;0;0;5,33;0;0;0;0;2;0
Nord Ovest;Piemonte;AL;I798;0;0;1;0;0;0;0;3;0
Nord Ovest;Piemonte;AL;I808;0;0;0;0;0;0;0;0;0
Nord Ovest;Piemonte;AL;I901;0;0;3;0;0;0;0;0;0
Nord Ovest;Piemonte;AL;I911;0;0;1;0;0;0;0;0;0
Nord Ovest;Piemonte;AL;I941;0;0;3,75;0;0;0;0;2;0
Nord Ovest;Piemonte;AL;I977;1;0;2;0;0;0;0;0;2
Nord Ovest;Piemonte;AL;L027;0;0;4,61;0;0;0;0;2;0
Nord Ovest;Piemonte;AL;L059;0;0;2;0;0;0;0;0;0
Nord Ovest;Piemonte;AL;L139;0;1;0;0;0;0;0;1;0
Nord Ovest;Piemonte;AL;L143;0;2;6,5;0;0;0;0;1;0
Nord Ovest;Piemonte;AL;L165;0;0;1;0;0;0;0;2;0
Nord Ovest;Piemonte;AL;L304;9;13;19,55;0;0;1;6;19,14;3,17
Nord Ovest;Piemonte;AL;L403;0;0;0;0;0;0;0;0;0
Nord Ovest;Piemonte;AL;L432;0;0;2;0;0;0;0;0;0
Nord Ovest;Piemonte;AL;L570;15;21,49;19,5;0;0;0;2;7;0
Nord Ovest;Piemonte;AL;L633;0;0;1;0;0;0;0;0;0
Nord Ovest;Piemonte;AL;L881;0;0;2;0;0;0;0;0;0
Nord Ovest;Piemonte;AL;L887;0;1;1;0;0;0;0;0;0
Nord Ovest;Piemonte;AL;L904;0;0;1;0;0;0;0;0;0
Nord Ovest;Piemonte;AL;L931;0;0;2;0;0;0;0;0;0
Nord Ovest;Piemonte;AL;L963;0;0;0;0;0;0;0;0;0
Nord Ovest;Piemonte;AL;L970;0;0;0;0;0;0;0;0;0
Nord Ovest;Piemonte;AL;L972;0;0,5;0;0;0;0;0;1;1
Nord Ovest;Piemonte;AL;M009;0;0;1;0;0;0;0;0;0
Nord Ovest;Piemonte;AL;M077;0;0;0;0;0;0;0;0;0
Nord Ovest;Piemonte;AL;M120;0;0;5;0;0;0;0;0;0
Nord Ovest;Piemonte;AL;M121;0;0;0;0;0;0;0;0;0
Nord Ovest;Piemonte;AL;M123;0;0;0;0;0;0;0;0;0
Nord Ovest;Piemonte;AT;A072;0;0;4;0;0;0;0;0;0
Nord Ovest;Piemonte;AT;A173;0;0;0;0;0;0;0;0;0
Nord Ovest;Piemonte;AT;A300;0;0;4;0;0;0;0;0;0
Nord Ovest;Piemonte;AT;A312;0;0;1;0;0;0;0;0;0
Nord Ovest;Piemonte;AT;A352;0;0;1;0;0;0;0;0;0
Nord Ovest;Piemonte;AT;A479;15;47;60,19;0;1;0;6;7,73;2,26
Nord Ovest;Piemonte;AT;A527;0;0;1;0;0;0;0;0;0
Nord Ovest;Piemonte;AT;A588;0;0;2;0;0;0;0;0;0
Nord Ovest;Piemonte;AT;A770;0;0;0;0;0;0;0;0;0
Nord Ovest;Piemonte;AT;A812;0;0;0;0;0;0;0;0;0
Nord Ovest;Piemonte;AT;B221;0;0;1;0;0;0;0;0;0
Nord Ovest;Piemonte;AT;B236;0;0;0;0;0;0;0;0;0
Nord Ovest;Piemonte;AT;B306;0;1;5,84;0;0;0;0;0;0,17
Nord Ovest;Piemonte;AT;B376;0;1;3;0;0;0;0;0;1
Nord Ovest;Piemonte;AT;B418;0;1;1;0;0;0;0;1;0
Nord Ovest;Piemonte;AT;B425;0;0;2;0;0;0;0;0;1
Nord Ovest;Piemonte;AT;B469;6;1;1;0;0;0;5;3;0
Nord Ovest;Piemonte;AT;B594;2;5,5;10;0;0;0;1;2;0
Nord Ovest;Piemonte;AT;B633;0;0;3;0;0;0;0;0;0
Nord Ovest;Piemonte;AT;B707;0;0;1;0;0;0;0;0;0
Nord Ovest;Piemonte;AT;B991;0;0;0,5;0;0;0;0;0;0
Nord Ovest;Piemonte;AT;C022;0;0;1;0;0;0;0;0;0
Nord Ovest;Piemonte;AT;C047;0;0;1;0;0;0;0;0;0
Nord Ovest;Piemonte;AT;C049;0;2;1;0;0;0;0;2;0
Nord Ovest;Piemonte;AT;C064;0;0;1;0;0;0;0;0;1
Nord Ovest;Piemonte;AT;C127;1;1;2;0;1;0;0;2;0
Nord Ovest;Piemonte;AT;C154;0;0;0;0;0;0;0;0;0
Nord Ovest;Piemonte;AT;C161;0;0;0;0;0;0;0;0;0
Nord Ovest;Piemonte;AT;C226;0;0;0;0;0;0;0;0;0
Nord Ovest;Piemonte;AT;C230;0;0;1;0;0;0;0;0;0
Nord Ovest;Piemonte;AT;C232;0;4;11,67;0;0;0;0;2;0
Nord Ovest;Piemonte;AT;C253;0;0;3;0;0;0;0;0;0
Nord Ovest;Piemonte;AT;C438;0;0;0,5;0;0;0;0;0;0
Nord Ovest;Piemonte;AT;C440;0;0;1;0;0;0;0;0;0,48
Nord Ovest;Piemonte;AT;C528;0;0;1;0;0;0;0;0;0
Nord Ovest;Piemonte;AT;C533;0;0;0;0;0;0;0;0;0
Nord Ovest;Piemonte;AT;C583;0;0;1;0;0;0;0;0;0,33
Nord Ovest;Piemonte;AT;C658;0;0;0;0;0;0;0;0;0
Nord Ovest;Piemonte;AT;C701;0;0;3;0;0;0;0;0;0
Nord Ovest;Piemonte;AT;C739;0;1;2;0;0;1;0;0;0
Nord Ovest;Piemonte;AT;C804;0;0;0;0;0;0;0;0;0
Nord Ovest;Piemonte;AT;C807;0;1;3,33;0;0;0;1;0;0
Nord Ovest;Piemonte;AT;C831;0;0;0;0;0;0;0;0;0
Nord Ovest;Piemonte;AT;D046;0;0;0;0;0;0;0;0;0
Nord Ovest;Piemonte;AT;D050;0;0;0;0;0;0;0;0;0
Nord Ovest;Piemonte;AT;D051;0;0;1;0;0;0;0;0;0
Nord Ovest;Piemonte;AT;D052;0;0;0;0;0;0;0;0;0
Nord Ovest;Piemonte;AT;D072;0;0;2;0;0;0;0;0;0
Nord Ovest;Piemonte;AT;D101;0;0;1;0;0;0;0;0;0
Nord Ovest;Piemonte;AT;D119;0;0,33;15,67;0;0;0;0;0;0
Nord Ovest;Piemonte;AT;D207;0;0;0;0;0;0;0;0;0
Nord Ovest;Piemonte;AT;D388;0;0;2,17;0;0;0;0;0;0
Nord Ovest;Piemonte;AT;D554;0;1;0;0;0;0;0;0;0
Nord Ovest;Piemonte;AT;D678;0;0;1;0;0;0;0;0;0
Nord Ovest;Piemonte;AT;D802;0;0;1;0;0;0;0;0;0
Nord Ovest;Piemonte;AT;E134;0;0;0;0;0;0;0;0;0
Nord Ovest;Piemonte;AT;E159;0;0;1;0;0;0;0;0;0
Nord Ovest;Piemonte;AT;E295;0;1;2;0;0;0;0;1;0
Nord Ovest;Piemonte;AT;E338;0;0;5;0;0;0;0;0;0
Nord Ovest;Piemonte;AT;E633;0;0;0;0;0;0;0;0;0
Nord Ovest;Piemonte;AT;E917;0;0;2;0;0;0;0;0;0
Nord Ovest;Piemonte;AT;E944;0;0;0;0;0;0;0;0;0
Nord Ovest;Piemonte;AT;F254;0;0;1;0;0;0;0;0;0
Nord Ovest;Piemonte;AT;F308;0;0;0;0;0;0;0;0;0
Nord Ovest;Piemonte;AT;F311;2;3;4;0;0;0;0;1;8
Nord Ovest;Piemonte;AT;F316;0;0;0;0;0;0;0;0;0
Nord Ovest;Piemonte;AT;F323;0;1;0;0;0;0;0;2,5;0
Nord Ovest;Piemonte;AT;F325;0;2;5;0;0;0;0;0;0
Nord Ovest;Piemonte;AT;F336;1;0;4,33;0;1;0;0;1;0
Nord Ovest;Piemonte;AT;F343;0;0;6,13;0;0;0;0;0;0
Nord Ovest;Piemonte;AT;F361;0;0;0;0;0;0;0;0;0
Nord Ovest;Piemonte;AT;F386;0;0;1;0;0;0;0;0;0
Nord Ovest;Piemonte;AT;F390;0;0;3,1;0;0;0;0;0;0
Nord Ovest;Piemonte;AT;F409;0;0;0;0;0;0;0;0;0
Nord Ovest;Piemonte;AT;F468;0;2;1,5;0;0;0;0;0;0
Nord Ovest;Piemonte;AT;F527;0;1;4;0;0;0;0;0;0
Nord Ovest;Piemonte;AT;F556;0;0;1,83;0;0;0;0;0;0
Nord Ovest;Piemonte;AT;F678;0;0;1;0;0;0;0;0;0
Nord Ovest;Piemonte;AT;F709;0;0;3;0;0;0;0;0;0
Nord Ovest;Piemonte;AT;F902;4;5,5;12,52;0;0;0;0;1;1
Nord Ovest;Piemonte;AT;G048;0;0;0;0;0;0;0;0;0
Nord Ovest;Piemonte;AT;G358;0;0;1;0;0;0;0;0;0
Nord Ovest;Piemonte;AT;G430;0;0;1;0;0;0;0;0;0
Nord Ovest;Piemonte;AT;G593;0;0;1;0;0;0;0;0;0
Nord Ovest;Piemonte;AT;G676;0;0;0;0;0;0;0;0;0
Nord Ovest;Piemonte;AT;G692;0;1;0;0;0;0;0;0;0
Nord Ovest;Piemonte;AT;G894;0;0;4;0;0;0;0;1;0
Nord Ovest;Piemonte;AT;H102;0;0;1;0;0;0;0;0;0
Nord Ovest;Piemonte;AT;H219;1;0;2;0;0;0;0;0;0
Nord Ovest;Piemonte;AT;H250;0;0;5;0;0;0;0;0;0
Nord Ovest;Piemonte;AT;H366;0;0;1,5;0;0;0;0;0;0
Nord Ovest;Piemonte;AT;H376;0;0;0;0;0;0;0;0;0
Nord Ovest;Piemonte;AT;H392;0;0;1;0;0;0;0;1;0
Nord Ovest;Piemonte;AT;H451;0;0;4,16;0;0;0;0;0;0
Nord Ovest;Piemonte;AT;H466;0;0;0,33;0;0;0;0;0;0
Nord Ovest;Piemonte;AT;H468;0;3;2;0;0;0;1;0;0
Nord Ovest;Piemonte;AT;H811;0;2;10;0;0;0;0;0;0
Nord Ovest;Piemonte;AT;H899;0;0;1;0;0;0;0;0;0
Nord Ovest;Piemonte;AT;H987;0;0;1;0;0;0;0;0;0
Nord Ovest;Piemonte;AT;I017;0;0;6;0;0;0;0;3;0
Nord Ovest;Piemonte;AT;I076;0;0;0,5;0;0;0;0;0;0
Nord Ovest;Piemonte;AT;I495;0;0;2;0;0;0;0;0;0
Nord Ovest;Piemonte;AT;I555;0;0;5,5;0;0;0;0;0;0
Nord Ovest;Piemonte;AT;I637;0;0;1;0;0;0;0;0;0,38
Nord Ovest;Piemonte;AT;I678;0;0;0;0;0;0;0;0;0
Nord Ovest;Piemonte;AT;I698;0;0;1;0;0;0;0;0;0
Nord Ovest;Piemonte;AT;I781;0;0;1;0;0;0;0;0;0
Nord Ovest;Piemonte;AT;L168;0;1;1,5;0;0;0;0;2;0
Nord Ovest;Piemonte;AT;L203;0;0;1;0;0;0;1;2;0
Nord Ovest;Piemonte;AT;L204;0;0;1;0;0;0;0;0;0
Nord Ovest;Piemonte;AT;L531;0;0;0;0;0;0;0;0;0
Nord Ovest;Piemonte;AT;L574;0;5;8;0;0;0;0;0;1,33
Nord Ovest;Piemonte;AT;L807;0;1;1;0;0;0;1;0;0
Nord Ovest;Piemonte;AT;L829;0;0;0;0;0;0;0;0;0
Nord Ovest;Piemonte;AT;L834;0;2;1;0;0;0;0;0;0
Nord Ovest;Piemonte;AT;L879;0;1;0;0;0;0;0;0;0
Nord Ovest;Piemonte;AT;L945;0;0;4,98;0;0;0;0;0;0
Nord Ovest;Piemonte;AT;L984;0;2;5;0;0;0;0;1;2
Nord Ovest;Piemonte;AT;M019;0;0;0;0;0;0;0;0;0
Nord Ovest;Piemonte;AT;M058;0;0;2;0;0;0;0;0;0
Nord Ovest;Piemonte;AT;M302;0;0;0;0;0;0;0;0;0
Nord Ovest;Piemonte;BI;A107;0;0;0;0;0;0;0;0;0
Nord Ovest;Piemonte;BI;A280;0;1;2;0;0;0;0;0;0
Nord Ovest;Piemonte;BI;A784;0;2;1;0;0;0;0;0;1
Nord Ovest;Piemonte;BI;A859;29,5;34;37,28;2;0;0;4;17;0
Nord Ovest;Piemonte;BI;A876;0;0;1;0;0;0;0;0;0
Nord Ovest;Piemonte;BI;B058;0;1;0;0;0;0;0;0;0
Nord Ovest;Piemonte;BI;B229;0;0;8,75;0;0;0;0;1;0
Nord Ovest;Piemonte;BI;B417;0;0;0;0;0;0;0;0;0
Nord Ovest;Piemonte;BI;B457;0;0;2,5;0;0;0;0;0;0
Nord Ovest;Piemonte;BI;B465;0;0;2;0;0;0;0;1;0
Nord Ovest;Piemonte;BI;B508;0;0;0;0;0;0;0;0;0
Nord Ovest;Piemonte;BI;B586;0;5,5;11,16;0;0;0;0;3;0
Nord Ovest;Piemonte;BI;B708;0;0;2;0;0;0;0;0;0
Nord Ovest;Piemonte;BI;B933;0;0;1,5;0;0;0;0;0;0
Nord Ovest;Piemonte;BI;C155;0;0;2;0;0;0;0;0;0
Nord Ovest;Piemonte;BI;C363;0;5;3;0;0;0;0;1;0
Nord Ovest;Piemonte;BI;C526;0;0;0;0;0;0;1;1;0
Nord Ovest;Piemonte;BI;C532;0;0;2;0;0;0;1;2,5;0
Nord Ovest;Piemonte;BI;C819;0;0,67;1,67;0;0;0;0;0;0
Nord Ovest;Piemonte;BI;D094;3;5;18;0;0;0;2;4;0
Nord Ovest;Piemonte;BI;D165;0;4;4;0;0;0;0;5;0
Nord Ovest;Piemonte;BI;D182;0;0;0;0;0;0;0;0;0
Nord Ovest;Piemonte;BI;D219;0;0;2;0;0;0;0;1;0
Nord Ovest;Piemonte;BI;D339;0;0;2,33;0;0;0;0;0;0
Nord Ovest;Piemonte;BI;D350;0;0;0;0;0;0;1;0;0
Nord Ovest;Piemonte;BI;D848;1;0;4,72;0;0;0;0;5;0
Nord Ovest;Piemonte;BI;E024;0;0;0;0;0;0;0;0;0
Nord Ovest;Piemonte;BI;E130;0;0;3,5;0;0;0;0;0;0
Nord Ovest;Piemonte;BI;E552;1;1;2,5;0;0;0;0;7;0
Nord Ovest;Piemonte;BI;E821;0;0;6,89;0;0;0;0;0;0
Nord Ovest;Piemonte;BI;F037;0;0;0;0;0;0;0;0;0
Nord Ovest;Piemonte;BI;F042;0;0;3;0;0;0;0;3;0
Nord Ovest;Piemonte;BI;F167;0;0;3;0;0;0;0;1;0
Nord Ovest;Piemonte;BI;F189;0;0;2;0;0;0;0;1;0
Nord Ovest;Piemonte;BI;F369;0;3;6,25;0;0;0;0;2,1;0
Nord Ovest;Piemonte;BI;F769;0;0;0;0;0;0;0;0;0
Nord Ovest;Piemonte;BI;F776;0;0;7;0;0;0;0;1;0
Nord Ovest;Piemonte;BI;F833;0;0;1;0;0;0;0;0;0
Nord Ovest;Piemonte;BI;F878;0;0;1;0;0;0;0;0;0
Nord Ovest;Piemonte;BI;F992;0;1,17;7,5;0;0;0;2;1;0
Nord Ovest;Piemonte;BI;F993;1;1;4;0;0;0;0;0;1
Nord Ovest;Piemonte;BI;G521;0;0;2;0;0;0;0;0;0
Nord Ovest;Piemonte;BI;G577;0;0;1;0;0;0;0;1;0
Nord Ovest;Piemonte;BI;G594;0;0;1,5;0;0;0;0;0;0
Nord Ovest;Piemonte;BI;G714;0;0;0;0;0;0;0;0;0
Nord Ovest;Piemonte;BI;G798;0;0;3;0;0;0;0;0;0
Nord Ovest;Piemonte;BI;G820;0;6,5;8,26;0;0;0;0;1;0
Nord Ovest;Piemonte;BI;G927;0;0,67;5,94;0;0;0;0;2;0
Nord Ovest;Piemonte;BI;G974;0;0;3,22;0;0;0;0;2;0
Nord Ovest;Piemonte;BI;G980;0;1;7;0;0;0;0;0;0
Nord Ovest;Piemonte;BI;H103;0;1;2;0;0;0;0;0;0
Nord Ovest;Piemonte;BI;H145;0;0,33;3,41;0;0;0;0;0;0
Nord Ovest;Piemonte;BI;H538;0;0;2;0;0;0;0;0;0
Nord Ovest;Piemonte;BI;H553;0;0;3;0;0;0;0;0;0
Nord Ovest;Piemonte;BI;H561;0;0;0;0;0;0;0;0;0
Nord Ovest;Piemonte;BI;H662;0,5;0;9,33;0;0;0;0;0;0
Nord Ovest;Piemonte;BI;H681;0;0;4;0;0;0;0;0;0
Nord Ovest;Piemonte;BI;H726;0;0;2,5;0;0;0;1;1;1
Nord Ovest;Piemonte;BI;H821;0;0;2;0;0;0;0;0;0
Nord Ovest;Piemonte;BI;I074;0;0;0;0;0;0;0;0;0
Nord Ovest;Piemonte;BI;I596;0;0;0;0;0;0;0;0;0
Nord Ovest;Piemonte;BI;I835;0;0;0;0;0;0;0;0;0
Nord Ovest;Piemonte;BI;I847;0;0;3;0;0;0;0;0;0
Nord Ovest;Piemonte;BI;I868;0;0;1;0;0;0;0;0;1
Nord Ovest;Piemonte;BI;I980;0;0;2;0;0;0;0;0;0
Nord Ovest;Piemonte;BI;L075;0;0;2;0;0;0;0;0;0,33
Nord Ovest;Piemonte;BI;L116;0;0;1;0;0;0;0;0;0
Nord Ovest;Piemonte;BI;L193;0;1;2;0;0;0;0;0;0
Nord Ovest;Piemonte;BI;L239;0;0;0;0;0;0;0;0;0
Nord Ovest;Piemonte;BI;L436;0;0;7;0;0;0;0;2;0
Nord Ovest;Piemonte;BI;L556;0;0;3;0;0;0;0;1;0
Nord Ovest;Piemonte;BI;L586;0;0;2;0;0;0;0;0;0
Nord Ovest;Piemonte;BI;L606;1;3,17;2;0;0;0;0;4;0
Nord Ovest;Piemonte;BI;L620;0;0;0;0;0;0;0;0;0
Nord Ovest;Piemonte;BI;L712;0;0;2;0;0;0;0;0;0
Nord Ovest;Piemonte;BI;L785;0;1;1,44;0;0;0;1;4,22;0
Nord Ovest;Piemonte;BI;L880;0;4;1,22;0;0;0;5;5;0
Nord Ovest;Piemonte;BI;L933;0;0;0;0;0;0;0;0;0
Nord Ovest;Piemonte;BI;L978;0;0;0;0;0;0;0;0;0
Nord Ovest;Piemonte;BI;M098;0;0;1,5;0;0;0;0;0;0
Nord Ovest;Piemonte;BI;M179;0;0;2;0;0;0;0;0;0
Nord Ovest;Piemonte;BI;M196;0;0;2;0;0;0;0;0;0
Nord Ovest;Piemonte;BI;M201;0;0;0;0;0;0;0;0;0
Nord Ovest;Piemonte;BI;M304;0;3;2;0;0;0;0;0;0
Nord Ovest;Piemonte;CN;A016;0;0,67;0;0;0;0;0;0;0
Nord Ovest;Piemonte;CN;A113;0;0;3;0;0;0;0;0;0
Nord Ovest;Piemonte;CN;A124;30;23;22,16;0;1;0;3;5;2
Nord Ovest;Piemonte;CN;A139;0;0;4;0;0;0;0;0;0
Nord Ovest;Piemonte;CN;A238;0;0;2;0;0;0;0;0;0
Nord Ovest;Piemonte;CN;A394;0;0;0,1;0;0;0;0;0;0
Nord Ovest;Piemonte;CN;A396;0;1;0;0;0;0;0;0;0
Nord Ovest;Piemonte;CN;A555;0;0;0;0;0;0;0;2,17;0
Nord Ovest;Piemonte;CN;A571;0;1,78;15,61;0;0;0;0;0;0
Nord Ovest;Piemonte;CN;A589;0;2,66;3,83;0;0;0;0;0;0
Nord Ovest;Piemonte;CN;A629;0;0;2;0;0;0;0;0;0,5
Nord Ovest;Piemonte;CN;A660;0;0,67;18,65;0;0;0;0;1;0,5
Nord Ovest;Piemonte;CN;A671;0;0;0;0;0;0;0;0;0
Nord Ovest;Piemonte;CN;A709;0;0;1;0;0;0;0;0;0
Nord Ovest;Piemonte;CN;A716;0;0;0;0;0;0;0;0;0
Nord Ovest;Piemonte;CN;A735;0;0;6,5;0;0;0;0;0;0
Nord Ovest;Piemonte;CN;A750;0;0;1;0;0;0;0;0;0
Nord Ovest;Piemonte;CN;A774;0;0;1;0;0;0;0;0;0
Nord Ovest;Piemonte;CN;A779;0;3;17,5;0;0;0;0;1;0,71
Nord Ovest;Piemonte;CN;A782;0;0;1,3;0;0;0;0;0;0
Nord Ovest;Piemonte;CN;A798;0;0;6;0;0;0;0;0;0
Nord Ovest;Piemonte;CN;A805;0;2;15,17;0;0;0;0;0;0
Nord Ovest;Piemonte;CN;A979;0;0;0;0;0;0;0;0;0
Nord Ovest;Piemonte;CN;B018;0;0;2;0;0;0;0;0;0
Nord Ovest;Piemonte;CN;B033;2;8,5;20,75;0;0;0;0;5;0
Nord Ovest;Piemonte;CN;B079;0;0;0;0;0;0;0;0;0
Nord Ovest;Piemonte;CN;B084;0;0;4,36;0;0;0;0;0;0
Nord Ovest;Piemonte;CN;B101;0;2;17,73;0;0;0;0;2;0
Nord Ovest;Piemonte;CN;B111;7;12,75;34,85;0;0;0;1;12;0,5
Nord Ovest;Piemonte;CN;B167;0;0;0;0;0;0;0;0;0
Nord Ovest;Piemonte;CN;B175;0;0;1;0;0;0;0;0;0
Nord Ovest;Piemonte;CN;B200;0;0;2;0;0;0;0;0;0
Nord Ovest;Piemonte;CN;B204;0;2;2;0;0;0;0;0;0
Nord Ovest;Piemonte;CN;B285;0;2,33;30,11;0;0;0;0;11;2
Nord Ovest;Piemonte;CN;B467;0;0;4,5;0;0;0;0;0;0
Nord Ovest;Piemonte;CN;B489;0;0;0;0;0;0;0;0;0
Nord Ovest;Piemonte;CN;B573;1;2;14;0;0;0;0;0;0
Nord Ovest;Piemonte;CN;B621;0;0;6;0;0;0;0;0;3
Nord Ovest;Piemonte;CN;B692;0;0;1;0;0;0;0;0;0
Nord Ovest;Piemonte;CN;B719;0;2;19;0;0;0;0;6;0
Nord Ovest;Piemonte;CN;B720;0;1;5;0;0;0;0;2;0
Nord Ovest;Piemonte;CN;B755;0;0;4;0;0;0;0;3;0
Nord Ovest;Piemonte;CN;B841;0;2;18,5;0;0;0;0;2;0
Nord Ovest;Piemonte;CN;B845;0;0;3;0;0;0;0;0;0
Nord Ovest;Piemonte;CN;B894;0;2;2;0;0;0;2;3;0
Nord Ovest;Piemonte;CN;C046;0;0;6;0;0;0;0;2;0
Nord Ovest;Piemonte;CN;C081;0;0;2;0;0;0;0;0;0
Nord Ovest;Piemonte;CN;C140;0;0;1;0;0;0;0;0;0
Nord Ovest;Piemonte;CN;C165;0;0;2;0;0;0;0;1;0
Nord Ovest;Piemonte;CN;C167;0;0;1;0;0;0;0;1;0
Nord Ovest;Piemonte;CN;C173;0;0;1;0;0;0;0;0;0
Nord Ovest;Piemonte;CN;C176;0;0;2;0;0;0;0;0;0
Nord Ovest;Piemonte;CN;C205;0;0;1;0;0;0;0;0;0
Nord Ovest;Piemonte;CN;C214;0;0;0;0;0;0;0;0;0
Nord Ovest;Piemonte;CN;C314;0;0;0;0;0;0;0;0;0
Nord Ovest;Piemonte;CN;C317;0;1;1;0;0;0;0;0;0
Nord Ovest;Piemonte;CN;C323;0;0;0;0;0;0;0;0;0
Nord Ovest;Piemonte;CN;C375;0;0;0;0;0;0;0;0;0
Nord Ovest;Piemonte;CN;C376;0;4,25;12,67;0;0;0;0;1,78;3,67
Nord Ovest;Piemonte;CN;C441;0;0;1;0;0;0;0;0;0
Nord Ovest;Piemonte;CN;C466;2;2;12;0;0;0;0;1;3
Nord Ovest;Piemonte;CN;C504;0;0;2,5;0;0;0;0;0;1
Nord Ovest;Piemonte;CN;C530;0;0;2;0;0;0;0;0;0
Nord Ovest;Piemonte;CN;C547;1;0;10,5;0;0;0;0;3,5;0
Nord Ovest;Piemonte;CN;C550;0;0;3;0;0;0;1;3;1
Nord Ovest;Piemonte;CN;C589;0;1,5;13;0;0;0;0;1;0
Nord Ovest;Piemonte;CN;C599;1;3;33,23;0;1;0;1;1;0
Nord Ovest;Piemonte;CN;C653;0;1;11;0;0;0;0;0;0
Nord Ovest;Piemonte;CN;C681;0;0;1;0;0;0;0;0;0
Nord Ovest;Piemonte;CN;C738;0;0;1;0;0;0;0;0;0
Nord Ovest;Piemonte;CN;C792;0;1;4;0;0;0;0;1;0
Nord Ovest;Piemonte;CN;D022;0;0;5;0;0;0;0;0;0
Nord Ovest;Piemonte;CN;D062;0;2;2,17;0;1;0;0;1;0
Nord Ovest;Piemonte;CN;D093;0;1;3,89;0;0;0;0;0;1
Nord Ovest;Piemonte;CN;D120;0;1;8;0;0;0;0;0;0
Nord Ovest;Piemonte;CN;D133;0;0;1;0;0;0;0;0;0
Nord Ovest;Piemonte;CN;D172;0;0;1;0;0;0;0;0;0
Nord Ovest;Piemonte;CN;D205;9;26;75,88;1;0;0;4;16;0
Nord Ovest;Piemonte;CN;D271;0;3;12,5;0;0;0;0;0;0
Nord Ovest;Piemonte;CN;D291;0;1;10;0;0;0;0;0;0
Nord Ovest;Piemonte;CN;D314;0;2;14;0;0;0;0;2;0
Nord Ovest;Piemonte;CN;D372;1;4;11,56;0;0;0;0;0;0
Nord Ovest;Piemonte;CN;D401;0;0;1;0;0;0;0;0;0
Nord Ovest;Piemonte;CN;D410;0;1;0;0;0;0;0;0;0
Nord Ovest;Piemonte;CN;D412;1;1;10;0;0;0;0;0;0
Nord Ovest;Piemonte;CN;D499;0;0;5;0;0;0;0;5;0
Nord Ovest;Piemonte;CN;D511;0;0;4;0;0;0;0;0;0
Nord Ovest;Piemonte;CN;D523;0;0;4;0;0;0;0;0;0
Nord Ovest;Piemonte;CN;D742;0;20;37,39;1;2;0;1;13;2,24
Nord Ovest;Piemonte;CN;D751;0;0;1,17;0;0;0;0;0;0
Nord Ovest;Piemonte;CN;D752;1;2;10,07;0;0;0;0;0;0
Nord Ovest;Piemonte;CN;D782;0;0;1;0;0;0;0;0;0
Nord Ovest;Piemonte;CN;D856;0;0;2;0;0;0;0;0;0
Nord Ovest;Piemonte;CN;D894;0;0;0;0;0;0;0;0;0
Nord Ovest;Piemonte;CN;D920;0;1;9;0;0;0;0;0;0
Nord Ovest;Piemonte;CN;D967;0;4;3;0;0;0;2;5;1,33
Nord Ovest;Piemonte;CN;E111;0;0;3;0;0;0;0;0;0
Nord Ovest;Piemonte;CN;E115;0;0;1;0;0;0;0;0;0
Nord Ovest;Piemonte;CN;E118;0;0;3;0;0;0;0;0;0,5
Nord Ovest;Piemonte;CN;E182;0;4;2;0;0;0;0;0;0
Nord Ovest;Piemonte;CN;E251;0;2;10;0;0;0;1;0;0
Nord Ovest;Piemonte;CN;E282;0;0;1;0;0;0;0;0;0
Nord Ovest;Piemonte;CN;E327;0;0;0,1;0;0;0;0;0;0
Nord Ovest;Piemonte;CN;E406;0;1;2;0;0;0;0;0;0
Nord Ovest;Piemonte;CN;E430;0;1;11;0;1;0;0;0;0
Nord Ovest;Piemonte;CN;E539;0;0;5,5;0;0;0;0;0;0
Nord Ovest;Piemonte;CN;E540;0;0;2;0;0;0;0;0;0
Nord Ovest;Piemonte;CN;E546;0;1;5;0;0;0;0;0;0
Nord Ovest;Piemonte;CN;E564;0;0;7;0;0;0;0;0;0
Nord Ovest;Piemonte;CN;E597;0;2;6,06;0;0;0;0;0,51;0
Nord Ovest;Piemonte;CN;E615;0;0;1;0;0;0;0;0;0
Nord Ovest;Piemonte;CN;E789;0;0;0;0;0;0;0;0;0
Nord Ovest;Piemonte;CN;E808;0;1;4;0;0;0;0;0;0
Nord Ovest;Piemonte;CN;E809;0;4;5;0;0;0;0;0;0
Nord Ovest;Piemonte;CN;E887;0;0;3;0;0;0;0;0;0
Nord Ovest;Piemonte;CN;E894;0;1;2;0;0;0;0;0;0
Nord Ovest;Piemonte;CN;E939;0;2;10,33;0;0;0;0;1;0
Nord Ovest;Piemonte;CN;E945;0;0;2;0;0;0;0;0;0
Nord Ovest;Piemonte;CN;E963;0;0;7;0;0;0;0;0;0
Nord Ovest;Piemonte;CN;E973;0;1;1;0;0;0;0;0;0
Nord Ovest;Piemonte;CN;E988;0;0;3;0;0;0;0;0;0
Nord Ovest;Piemonte;CN;F114;0;0;3;0;0;0;0;0;0
Nord Ovest;Piemonte;CN;F279;0;0;6;0;0;0;0;0;0
Nord Ovest;Piemonte;CN;F309;0;1;5,68;0;0;0;0;0;0
Nord Ovest;Piemonte;CN;F312;0;0;2;0;0;0;0;0;0
Nord Ovest;Piemonte;CN;F326;0;1;11;0;0;0;0;1;0
Nord Ovest;Piemonte;CN;F329;0;0;1;0;0;0;0;0;0
Nord Ovest;Piemonte;CN;F330;0;0;4,33;0;0;0;0;0;0
Nord Ovest;Piemonte;CN;F338;0;0;2;0;0;0;0;0;0
Nord Ovest;Piemonte;CN;F351;6;14;32,6;0;0;0;0,17;5,92;4,5
Nord Ovest;Piemonte;CN;F355;0;0;0;0;0;0;0;0;0
Nord Ovest;Piemonte;CN;F358;0;1;12;0;0;0;0;2;1
Nord Ovest;Piemonte;CN;F385;0;2;12;0;0;0;0;2;0
Nord Ovest;Piemonte;CN;F405;0;0;5,29;0;0;0;0;0;0
Nord Ovest;Piemonte;CN;F408;0;0;3;0;0;0;0;0;0
Nord Ovest;Piemonte;CN;F424;0;1;0;0;0;0;0;0;1
Nord Ovest;Piemonte;CN;F550;0;0;1;0;0;0;0;0;0
Nord Ovest;Piemonte;CN;F558;0;0;2;0;0;0;0;0;0
Nord Ovest;Piemonte;CN;F608;0;0;4;0;0;0;0;0;0
Nord Ovest;Piemonte;CN;F654;0;0;5,5;0;0;0;0;1;0
Nord Ovest;Piemonte;CN;F666;0;0;0;0;0;0;0;0;0
Nord Ovest;Piemonte;CN;F669;0;0;5;0;0;0;0;0;0
Nord Ovest;Piemonte;CN;F723;0;2;5;0;0;0;0;2;0
Nord Ovest;Piemonte;CN;F743;0;0;5,5;0;0;0;0;2;0
Nord Ovest;Piemonte;CN;F809;0;1;4;0;0;0;0;0;0
Nord Ovest;Piemonte;CN;F811;0;0;2,33;0;0;0;0;0;0
Nord Ovest;Piemonte;CN;F846;0;3;10,67;0;0;0;0;1;0
Nord Ovest;Piemonte;CN;F863;0;2;5;0;0;0;0;1;1
Nord Ovest;Piemonte;CN;F883;0;0;3;0;0;0;0;0;0
Nord Ovest;Piemonte;CN;F894;0;2;1;0;0;0;0;0;0
Nord Ovest;Piemonte;CN;F895;0;1;3,67;0;1;0;0;1;0
Nord Ovest;Piemonte;CN;F961;0;1;11;0;0;0;0;0;1,62
Nord Ovest;Piemonte;CN;F972;0;0;0;0;0;0;0;0;0
Nord Ovest;Piemonte;CN;G066;0;0;1;0;0;0;0;0;0
Nord Ovest;Piemonte;CN;G114;0;1;5,25;0;0;0;0;0;0
Nord Ovest;Piemonte;CN;G183;0;0;2,5;0;0;0;0;0;0
Nord Ovest;Piemonte;CN;G228;0;1;11,17;0;0;0;0;1;0
Nord Ovest;Piemonte;CN;G240;0;0;5,33;0;0;0;0;0;0
Nord Ovest;Piemonte;CN;G302;0;0;2;0;0;0;0;0;0
Nord Ovest;Piemonte;CN;G339;0;0;1;0;0;0;0;0;0
Nord Ovest;Piemonte;CN;G457;0;0;0;0;0;0;0;0;0
Nord Ovest;Piemonte;CN;G458;0;0;0;0;0;0;0;0;0
Nord Ovest;Piemonte;CN;G526;0;2,17;12,51;0;0;0;0;2;1
Nord Ovest;Piemonte;CN;G532;0;0;3;0;0;0;0;0;0
Nord Ovest;Piemonte;CN;G561;0;0;3;0;0;0;0;3;0
Nord Ovest;Piemonte;CN;G575;0;1;7;0;0;0;0;3;0
Nord Ovest;Piemonte;CN;G625;0;0;0;0;0;0;0;0;0
Nord Ovest;Piemonte;CN;G683;0;1;2;0;0;1;0;0;1
Nord Ovest;Piemonte;CN;G697;0;0;10;0;0;0;0;3;0
Nord Ovest;Piemonte;CN;G742;0;1;6,5;0;1;0;0;2;0
Nord Ovest;Piemonte;CN;G800;0;0;6;0;0;0;0;0;0
Nord Ovest;Piemonte;CN;G837;0;0;0,83;0;0;0;0;0;0
Nord Ovest;Piemonte;CN;G970;0;0;0;0;0;0;0;0;0
Nord Ovest;Piemonte;CN;H011;0;0;0;0;0;0;0;0;0
Nord Ovest;Piemonte;CN;H059;0;0;1;0;0;0;0;0;0
Nord Ovest;Piemonte;CN;H068;0;3;5;0;0;0;0;0;1
Nord Ovest;Piemonte;CN;H069;0;0;2;0;0;0;0;0;0
Nord Ovest;Piemonte;CN;H085;0;0;1;0;0;0;0;0;0
Nord Ovest;Piemonte;CN;H150;0;3;22,67;0;0;1;0;0;1,55
Nord Ovest;Piemonte;CN;H247;0;1;16;0;0;0;0;0;1,44
Nord Ovest;Piemonte;CN;H285;0;2;2;0;0;0;0;0;0
Nord Ovest;Piemonte;CN;H326;0;0;2;0;0;0;0;0;0
Nord Ovest;Piemonte;CN;H362;0;0;1,67;0;0;0;0;0;0
Nord Ovest;Piemonte;CN;H363;0;0;1;0;0;0;0;0;0
Nord Ovest;Piemonte;CN;H377;0;1;6;0;1;0;0;0;0
Nord Ovest;Piemonte;CN;H378;0;0;3,93;0;0;0;0;0;0
Nord Ovest;Piemonte;CN;H385;0;1;5;0;0;0;0;0;0
Nord Ovest;Piemonte;CN;H391;0;0;0;0;0;0;0;0;0
Nord Ovest;Piemonte;CN;H395;0;0;3;0;0;0;0;0;1,07
Nord Ovest;Piemonte;CN;H407;1;0;10;0;0;0;0;1;0
Nord Ovest;Piemonte;CN;H447;0;0;4;0;0;0;0;0;0
Nord Ovest;Piemonte;CN;H453;1;4;6,17;0;0;0;0;0;0
Nord Ovest;Piemonte;CN;H462;0;0;0,83;0;0;0;0;0;0
Nord Ovest;Piemonte;CN;H472;0;1;3;0;0;0;0;5;0
Nord Ovest;Piemonte;CN;H473;0;0;3;0;0;0;0;0;0
Nord Ovest;Piemonte;CN;H474;0;0;0;0;0;0;0;0;0
Nord Ovest;Piemonte;CN;H578;0;1;8;0;0;0;0;0;0
Nord Ovest;Piemonte;CN;H633;0;0;3;0;0;0;0;0;0
Nord Ovest;Piemonte;CN;H695;0;0;2;0;0;0;0;0;0
Nord Ovest;Piemonte;CN;H704;0;0;2;0;0;0;0;0;0
Nord Ovest;Piemonte;CN;H710;0;1;3;0;0;0;0;0;0
Nord Ovest;Piemonte;CN;H716;0;0;0;0;0;0;0;0;0
Nord Ovest;Piemonte;CN;H727;12,01;20,13;22,35;1;0;0;0;0;2,66
Nord Ovest;Piemonte;CN;H746;0;0;0;0;0;0;0;0;0
Nord Ovest;Piemonte;CN;H755;0;0;6,02;0;0;0;0;0;0
Nord Ovest;Piemonte;CN;H770;0;0;3;0;0;0;0;0;0
Nord Ovest;Piemonte;CN;H812;0;0;3,67;0;0;0;0;0;0
Nord Ovest;Piemonte;CN;H851;1;0;9,75;0;0;0;0;0;0
Nord Ovest;Piemonte;CN;H852;0;1;8,22;0;0;0;0;0;0
Nord Ovest;Piemonte;CN;I037;0;0;8;0;0;0;0;1;0
Nord Ovest;Piemonte;CN;I210;0;0;4;0;0;0;0;0;1
Nord Ovest;Piemonte;CN;I316;0;0;2;0;0;0;0;0;0
Nord Ovest;Piemonte;CN;I367;0;0,5;18,53;0;0;0;0;0;0
Nord Ovest;Piemonte;CN;I372;0;0;3;0;0;0;0;0;0
Nord Ovest;Piemonte;CN;I470;2;11,08;37;0;0;0;0;5,89;5
Nord Ovest;Piemonte;CN;I484;0;0;2;0;0;0;0;0;0
Nord Ovest;Piemonte;CN;I512;0;1;2,81;0;0;0;1;1,5;0
Nord Ovest;Piemonte;CN;I646;0;0;11,5;0;0;0;0;0;1
Nord Ovest;Piemonte;CN;I659;0;1;4;0;0;0;0;0;0
Nord Ovest;Piemonte;CN;I750;0;0;1;0;0;0;0;0;0
Nord Ovest;Piemonte;CN;I817;0;0;1;0;0;0;0;0;0
Nord Ovest;Piemonte;CN;I822;0;1;15,66;0;0;0;0;2;1
Nord Ovest;Piemonte;CN;I823;0;0;6;0;0;0;0;1;0
Nord Ovest;Piemonte;CN;I985;0;0;1;0;0;0;0;0;0
Nord Ovest;Piemonte;CN;L048;0;0;5;0;0;0;0;0;0
Nord Ovest;Piemonte;CN;L241;0;0;4;0;0;0;0;0;0
Nord Ovest;Piemonte;CN;L252;0;0;1;0;0;0;0;0;0
Nord Ovest;Piemonte;CN;L278;0;0;3;0;0;0;0;0;0,5
Nord Ovest;Piemonte;CN;L281;0;0;0;0;0;0;0;0;0
Nord Ovest;Piemonte;CN;L367;0;0;1;0;1;0;0;0;0
Nord Ovest;Piemonte;CN;L410;0;0;1;0;0;0;0;0;0
Nord Ovest;Piemonte;CN;L427;0;1;10;0;0;0;0;0;0
Nord Ovest;Piemonte;CN;L558;0;0;2,38;0;1;0;0;0;0
Nord Ovest;Piemonte;CN;L580;0;1;0;0;0;0;0;0;0
Nord Ovest;Piemonte;CN;L631;0;0;0;0;0;0;0;0;0
Nord Ovest;Piemonte;CN;L636;0;0;2;0;0;0;0;0;0
Nord Ovest;Piemonte;CN;L729;0;1;6;0;0;0;0;0;0
Nord Ovest;Piemonte;CN;L758;0;0;1;0;0;0;0;0;0
Nord Ovest;Piemonte;CN;L771;0;0;2;0;0;0;0;0;0
Nord Ovest;Piemonte;CN;L804;1;4;8,56;0;0;0;0;1;0
Nord Ovest;Piemonte;CN;L817;0;0;7;0;0;0;0;1;0
Nord Ovest;Piemonte;CN;L841;0;0;10,17;0;0;0;0;1;0
Nord Ovest;Piemonte;CN;L888;0;0;8;0;0;0;0;0;1
Nord Ovest;Piemonte;CN;L942;0;2;14,89;0;0;0;0;0;0
Nord Ovest;Piemonte;CN;L974;0;4;8,5;0;0;0;1;4;1
Nord Ovest;Piemonte;CN;L990;0;0;14;0;0;0;0;1;0
Nord Ovest;Piemonte;CN;M015;0;0;2;0;0;0;0;1;0
Nord Ovest;Piemonte;CN;M055;0;0;2;0;0;0;0;0;0
Nord Ovest;Piemonte;CN;M063;0;3;0,02;0;0;0;0;0;0
Nord Ovest;Piemonte;CN;M136;0;0;0;0;0;0;0;0;0
Nord Ovest;Piemonte;NO;A088;0;0;0;0;0;0;0;0;0
Nord Ovest;Piemonte;NO;A264;0;0;1;0;0;0;0;0;0
Nord Ovest;Piemonte;NO;A414;0;1;3,5;0;0;0;1;0;2
Nord Ovest;Piemonte;NO;A429;4,5;12;14,5;1;0;3;2;1,07;0
Nord Ovest;Piemonte;NO;A653;0;0;3;0;0;0;0;1;1
Nord Ovest;Piemonte;NO;A752;0;2;8,83;0;0;0;1;2;0
Nord Ovest;Piemonte;NO;A844;0;0;1,75;0;0;0;0;0;0
Nord Ovest;Piemonte;NO;A911;0;0;3;0;0;0;0;0;0
Nord Ovest;Piemonte;NO;A929;0;0;2;0;0;0;0;0;0
Nord Ovest;Piemonte;NO;A953;0;0;2;0;0;0;0;0;0
Nord Ovest;Piemonte;NO;B016;0;1;2;0;0;0;1;1;0
Nord Ovest;Piemonte;NO;B019;11,83;6,5;28,49;0;0;0;1,5;6,2;1
Nord Ovest;Piemonte;NO;B043;2;0;11,5;0;0;0;0;0;0
Nord Ovest;Piemonte;NO;B176;0;0;0;0;0;0;0;0;0
Nord Ovest;Piemonte;NO;B183;0;0;2;0;0;0;0;1;0
Nord Ovest;Piemonte;NO;B431;0;1;4;0;0;0;0;5;0
Nord Ovest;Piemonte;NO;B473;1;4;12;0;0;0;0;4;0
Nord Ovest;Piemonte;NO;B823;0;3;4;0;0;0;0;0;0
Nord Ovest;Piemonte;NO;B864;0;0;1;0;0;0;0;0;0
Nord Ovest;Piemonte;NO;B883;0;0;0;0;0;0;1;0;0
Nord Ovest;Piemonte;NO;B897;0;0,67;3,67;0;0;0;0;3;0
Nord Ovest;Piemonte;NO;B920;0;0;1;0;0;0;0;0;0
Nord Ovest;Piemonte;NO;C149;0;0;1;0;0;0;0;0;0
Nord Ovest;Piemonte;NO;C166;6;3;8;0;0;0;0;1;0
Nord Ovest;Piemonte;NO;C364;0;0;0;0;0;0;0;0;0
Nord Ovest;Piemonte;NO;C365;0;0;5;0;0;0;0;3;0
Nord Ovest;Piemonte;NO;C378;0;0;1;0;0;0;0;0;0
Nord Ovest;Piemonte;NO;C483;0;2;6,88;0;0;0;0;3;0
Nord Ovest;Piemonte;NO;C829;0;0;0;0;0;0;0;0;0
Nord Ovest;Piemonte;NO;C926;1;0;0;0;0;0;0;0;0
Nord Ovest;Piemonte;NO;D162;0;0;2;0;0;0;0;0;0
Nord Ovest;Piemonte;NO;D216;0;1;1;0;0;0;0;0;0
Nord Ovest;Piemonte;NO;D309;0;0;1;0;0;0;0;0;4
Nord Ovest;Piemonte;NO;D347;2;3;4;0;0;0;0;1;0
Nord Ovest;Piemonte;NO;D492;0;1;0;0;0;0;0;0;0
Nord Ovest;Piemonte;NO;D675;0;0;7,39;0;0;0;0;0;0
Nord Ovest;Piemonte;NO;D872;2,25;5,97;11,94;0;0;0;3;5;0
Nord Ovest;Piemonte;NO;D911;0;0;1;0;0;0;0;1;0
Nord Ovest;Piemonte;NO;D921;0;0;1;0;0;0;0;1;0
Nord Ovest;Piemonte;NO;D937;2;0;3,5;0;0;0;0;4;0
Nord Ovest;Piemonte;NO;E001;0;1;4;0;0;0;1;0;0
Nord Ovest;Piemonte;NO;E120;0;4;7,33;0;0;0;1;2;0
Nord Ovest;Piemonte;NO;E143;0;1;0;0;0;0;0;0;0
Nord Ovest;Piemonte;NO;E177;0;1;4;0;0;0;1;2;0
Nord Ovest;Piemonte;NO;E314;0;2;4,38;0;0;0;0;5;0
Nord Ovest;Piemonte;NO;E436;0;0;1;0;0;0;0;0;0
Nord Ovest;Piemonte;NO;E544;0;2;4;0;0;0;0;1;0
Nord Ovest;Piemonte;NO;E803;0;0;2;0;0;0;0;0;0
Nord Ovest;Piemonte;NO;E880;0;0;1;0;0;0;0;0;0
Nord Ovest;Piemonte;NO;E907;0;3,5;1,13;0;0;0;0;0;0
Nord Ovest;Piemonte;NO;F047;0;0;0;0;0;0;0;0;0
Nord Ovest;Piemonte;NO;F093;2;0;0,58;0;0;0;0;0;0
Nord Ovest;Piemonte;NO;F188;2;0;1;0;0;0;0;1;0
Nord Ovest;Piemonte;NO;F191;0;0;0;0;0;0;0;0;0
Nord Ovest;Piemonte;NO;F317;0;1;5;0;0;0;0;0;1
Nord Ovest;Piemonte;NO;F859;1;0;1,5;0;0;0;0;0;0
Nord Ovest;Piemonte;NO;F886;0;0;1;0;0;0;0;0,27;0
Nord Ovest;Piemonte;NO;F952;31,28;51,1;45,1;1;0;0;5;12;0,33
Nord Ovest;Piemonte;NO;G019;2;6;15,25;0;0;1;5;5;2
Nord Ovest;Piemonte;NO;G020;0;2;1,75;0;0;0;0;0;0
Nord Ovest;Piemonte;NO;G134;0;1;0;0;0;1;0;1;0
Nord Ovest;Piemonte;NO;G349;2;1;3;0;0;0;1;1;0
Nord Ovest;Piemonte;NO;G421;2;0;2;0;0;0;0;2;0
Nord Ovest;Piemonte;NO;G520;0;0;2;0;0;0;0;0;0
Nord Ovest;Piemonte;NO;G703;0;0;1;0;0;0;2;0;0
Nord Ovest;Piemonte;NO;G775;0;0;2;0;0;0;0;1;0
Nord Ovest;Piemonte;NO;G809;0;0;1;0;0;0;0;0;0
Nord Ovest;Piemonte;NO;H001;0;0;6;0;0;0;0;1;0
Nord Ovest;Piemonte;NO;H213;0;0;1,33;0;0;0;0;0;0
Nord Ovest;Piemonte;NO;H502;0;1;3;0;0;0;2;5;0
Nord Ovest;Piemonte;NO;H518;2;2;4,25;0;0;0;0;3;0
Nord Ovest;Piemonte;NO;I025;0;0;1;0;0;0;0;5;0
Nord Ovest;Piemonte;NO;I052;0;0;2;0;0;0;0;0;0
Nord Ovest;Piemonte;NO;I116;1;2;1,33;0;0;0;3;14;0,33
Nord Ovest;Piemonte;NO;I736;0;0;0;0;0;0;0;1;0
Nord Ovest;Piemonte;NO;I767;0;0,5;9,5;0;0;0;0;0;0
Nord Ovest;Piemonte;NO;I857;0;1;2;0;0;0;0;0;0
Nord Ovest;Piemonte;NO;I880;0;1;0,34;0;0;0;0;0;0
Nord Ovest;Piemonte;NO;L007;0;1;5,5;0;0;0;0;0;0
Nord Ovest;Piemonte;NO;L104;0;0;0;0;0;0;0;0;0
Nord Ovest;Piemonte;NO;L223;0;1;3;0;0;0;0;0;2
Nord Ovest;Piemonte;NO;L356;3;12,33;9;0;1;1;1;10;0
Nord Ovest;Piemonte;NO;L668;0;0;3;0;0;0;2;3;0
Nord Ovest;Piemonte;NO;L670;0;2;4;0;0;0;0;0;0
Nord Ovest;Piemonte;NO;L798;1;1;0;0;0;0;0;0;0
Nord Ovest;Piemonte;NO;L808;0;0;1;0;0;0;0;0;0
Nord Ovest;Piemonte;NO;L847;0;0;0;0;0;0;0;0;0
Nord Ovest;Piemonte;NO;M062;0;0;6;0;0;0;0;0;0,5
Nord Ovest;Piemonte;TO;A074;0;0;9;0;0;0;0;1;0
Nord Ovest;Piemonte;TO;A109;0;0;4;0;0;0;0;1;0
Nord Ovest;Piemonte;TO;A117;0;0;0;0;0;0;0;0;0
Nord Ovest;Piemonte;TO;A157;0;0;7;0;0;0;0;0;0
Nord Ovest;Piemonte;TO;A199;0;1,5;0,5;0;0;0;0;0;1
Nord Ovest;Piemonte;TO;A218;0;2;5,25;0;0;0;0;2;1
Nord Ovest;Piemonte;TO;A221;0;1;1;0;0;0;0;0;0
Nord Ovest;Piemonte;TO;A222;0;6;12;0;0;0;7;7;0
Nord Ovest;Piemonte;TO;A275;0;2;6;0;0;0;1;0;0
Nord Ovest;Piemonte;TO;A282;0;0;0;0;0;0;0;0;0
Nord Ovest;Piemonte;TO;A295;0;0;3;0;0;0;0;1;0
Nord Ovest;Piemonte;TO;A405;0;0;9;0;0;0;0;0;0
Nord Ovest;Piemonte;TO;A518;0;4;18,17;0;1;0;1;6;0
Nord Ovest;Piemonte;TO;A525;0;2;7;0;0;0;0;0;0
Nord Ovest;Piemonte;TO;A584;0;0;2;0;0;0;0;1;0
Nord Ovest;Piemonte;TO;A587;0;0;3;0;0;0;0;4;0
Nord Ovest;Piemonte;TO;A590;0;0;0;0;0;0;0;0;0
Nord Ovest;Piemonte;TO;A591;0;0;8,9;0;0;0;0;0,03;0
Nord Ovest;Piemonte;TO;A599;0;0;0;0;0;0;0;0;0
Nord Ovest;Piemonte;TO;A607;0;1;3,5;0;0;0;0;0;0
Nord Ovest;Piemonte;TO;A625;0;0;2,5;0;0;0;0;0;0
Nord Ovest;Piemonte;TO;A651;0;8;5,71;0;0;0;0;1;0
Nord Ovest;Piemonte;TO;A673;0;0;1,34;0;0;0;0;0;0
Nord Ovest;Piemonte;TO;A734;1;5;9;0;0;0;2;5;0
Nord Ovest;Piemonte;TO;A853;0;0;17,3;0;0;0;0;0;0,83
Nord Ovest;Piemonte;TO;A910;0;1;4,5;0;1;0;0;0;0
Nord Ovest;Piemonte;TO;A941;4;0;14;0;0;0;0,5;0;0
Nord Ovest;Piemonte;TO;A990;1;4,5;2;0;0;0;0;5;0
Nord Ovest;Piemonte;TO;B003;0;0;3;0;0;0;0;0;0
Nord Ovest;Piemonte;TO;B015;0;1;7,92;0;0;0;0;2;0
Nord Ovest;Piemonte;TO;B021;0;0;1;0;0;0;0;1;0
Nord Ovest;Piemonte;TO;B024;0;1;2;0;0;0;0;6;0
Nord Ovest;Piemonte;TO;B075;0;1;8,5;0;0;0;0;0;0
Nord Ovest;Piemonte;TO;B121;0;5;10;0;0;0;1;1;0
Nord Ovest;Piemonte;TO;B171;0;1;8,5;0;0;0;0;1;0
Nord Ovest;Piemonte;TO;B205;0;0;0;0;0;0;0;0;0
Nord Ovest;Piemonte;TO;B209;0;0;3;0;0;0;0;0;0
Nord Ovest;Piemonte;TO;B216;3;1;15,33;0;0;0;0;5;0
Nord Ovest;Piemonte;TO;B225;0;2;11,5;0;0;0;0;0;0
Nord Ovest;Piemonte;TO;B232;0;1;5;0;0;0;0;0;0
Nord Ovest;Piemonte;TO;B278;0;0;1;0;0;0;0;0;1
Nord Ovest;Piemonte;TO;B279;0;0;1;0;0;0;3;1;0
Nord Ovest;Piemonte;TO;B284;0;0;1,5;0;0;0;1;2;0
Nord Ovest;Piemonte;TO;B297;1;0,5;5;0;0;0;0;1;0
Nord Ovest;Piemonte;TO;B305;1;1;8,5;0;0;0;0;3;1
Nord Ovest;Piemonte;TO;B350;0;1;6,5;0;0;0;0;3;0
Nord Ovest;Piemonte;TO;B435;1;5;11,34;0;0;0;0;1;0
Nord Ovest;Piemonte;TO;B462;0;0;4,67;0;0;0;2;5;0
Nord Ovest;Piemonte;TO;B510;0;0;0;0;0;0;0;0;0
Nord Ovest;Piemonte;TO;B512;0;0;0,5;0;0;0;0;1;0
Nord Ovest;Piemonte;TO;B588;0;0;3;0;0;0;0;0;0
Nord Ovest;Piemonte;TO;B592;1;0,5;1;0;0;0;1;1;0
Nord Ovest;Piemonte;TO;B605;0;0;1,33;0;0;0;0;0;0
Nord Ovest;Piemonte;TO;B628;0;0;8,01;0;0;0;0;0;0
Nord Ovest;Piemonte;TO;B637;0;1;0;0;0;0;0;0;0
Nord Ovest;Piemonte;TO;B705;1;1;4,5;0;0;0;0;0;0
Nord Ovest;Piemonte;TO;B733;0;0;4;0;0;0;0;0;0
Nord Ovest;Piemonte;TO;B762;0;0;3;0;0;0;1;3;0
Nord Ovest;Piemonte;TO;B777;0;1;10;0;0;0;2;2,67;0
Nord Ovest;Piemonte;TO;B791;6;13,5;24,5;0;0;1;1;6,5;6
Nord Ovest;Piemonte;TO;B867;0;2;9;0;0;0;0;1;1
Nord Ovest;Piemonte;TO;B953;0;0;3;0;0;0;0;0;0
Nord Ovest;Piemonte;TO;B955;0;0;1,25;0;0;0;0;0;0,4
Nord Ovest;Piemonte;TO;B960;2;2;13;0;1;0;4;9;0
Nord Ovest;Piemonte;TO;C045;0;0;5;0;0;0;0;0;0,5
Nord Ovest;Piemonte;TO;C048;0;0;2;0;0;0;0;0;0
Nord Ovest;Piemonte;TO;C133;0;5,44;28,28;1;0;0;1;3;1
Nord Ovest;Piemonte;TO;C241;0;0;2,5;0;0;0;0;0;0
Nord Ovest;Piemonte;TO;C307;0;1;8,5;0;0;0;0;0;0
Nord Ovest;Piemonte;TO;C369;1;2;7;0;0;0;0;0;0
Nord Ovest;Piemonte;TO;C404;0;1;19,92;0;0;0;0;0;2,67
Nord Ovest;Piemonte;TO;C487;2;0;2,5;0;0;0;0;0;0
Nord Ovest;Piemonte;TO;C497;0;0;0;0;0;0;0;0;0
Nord Ovest;Piemonte;TO;C505;0;0;1;0;0;0;0;0;0
Nord Ovest;Piemonte;TO;C564;0;3;7,5;0;1;0;0;0;0
Nord Ovest;Piemonte;TO;C604;0;0;0,5;0;0;0;0;0;1
Nord Ovest;Piemonte;TO;C610;0;1;2,56;0;0;0;1;0;0
Nord Ovest;Piemonte;TO;C624;0;0;5,5;0;0;0;0;0;0
Nord Ovest;Piemonte;TO;C627;3;16,67;41,5;0;0;0;0;13;2
Nord Ovest;Piemonte;TO;C629;0;0;0;0;0;0;0;0;0
Nord Ovest;Piemonte;TO;C639;0;0;1;0;0;0;0;0;0
Nord Ovest;Piemonte;TO;C655;0;2;2,25;0;0;0;0;0;0
Nord Ovest;Piemonte;TO;C665;9;13;25,34;0;0;0;1;18;0
Nord Ovest;Piemonte;TO;C679;0;0;2;0;0;0;0;0;0
Nord Ovest;Piemonte;TO;C711;0;0;0;0;0;0;0;0;0
Nord Ovest;Piemonte;TO;C715;0;0;0,5;0;0;0;0;0;0
Nord Ovest;Piemonte;TO;C722;19,5;12;26;0;0;0;1;18;0
Nord Ovest;Piemonte;TO;C793;0;0;0;0;0;0;0;0;0
Nord Ovest;Piemonte;TO;C801;0;0;3;0;0;0;0;0;0
Nord Ovest;Piemonte;TO;C803;0;2;5,33;0;0;0;0;0;0
Nord Ovest;Piemonte;TO;C860;5;10;17,29;0;0;0;1,06;9;0
Nord Ovest;Piemonte;TO;C867;0;0;1;0;0;0;0;0;0
Nord Ovest;Piemonte;TO;C868;0;0;1;0;0;0;0;1;0
Nord Ovest;Piemonte;TO;C955;0;0;5;0;0;0;0;6,06;0
Nord Ovest;Piemonte;TO;D008;0;2;12,42;0;0;0;0;3;0
Nord Ovest;Piemonte;TO;D092;0;0;1;0;0;0;0;0;0
Nord Ovest;Piemonte;TO;D197;0;1;6;0;0;0;0;0;0
Nord Ovest;Piemonte;TO;D202;2;4;23,09;0;0;0;0;1;0
Nord Ovest;Piemonte;TO;D208;2,5;1;11,55;0;0;0;0;0;0
Nord Ovest;Piemonte;TO;D373;0;2;6,5;0;0;0;0;3;0
Nord Ovest;Piemonte;TO;D433;0;0;5;0;0;0;0;0;0
Nord Ovest;Piemonte;TO;D520;0;2;13;0;0;0;0;4;0
Nord Ovest;Piemonte;TO;D524;0;0;3;0;0;0;0;1;0
Nord Ovest;Piemonte;TO;D532;0;0;3;0;0;0;0;0;0
Nord Ovest;Piemonte;TO;D553;0;0;0;0;0;0;0;0;0
Nord Ovest;Piemonte;TO;D562;0;0;3;0;0;0;0;0;0
Nord Ovest;Piemonte;TO;D608;0;0;3,5;0;0;0;0;0;0
Nord Ovest;Piemonte;TO;D646;1;1,61;7,17;0;0;0;0;1,67;0
Nord Ovest;Piemonte;TO;D725;0;1;1,75;0;0;0;0;0;0
Nord Ovest;Piemonte;TO;D781;0;1;0;0;0;0;0;0;0
Nord Ovest;Piemonte;TO;D805;0;0;3;0;0;0;0;1;0
Nord Ovest;Piemonte;TO;D812;1;0;8,33;0;0;0;0;0;0
Nord Ovest;Piemonte;TO;D931;0;0;6;0;0;0;2;0;0
Nord Ovest;Piemonte;TO;D933;0;2;7,5;0;0;0;0;0;0
Nord Ovest;Piemonte;TO;D983;0;0;3;0;0;0;0;0;0
Nord Ovest;Piemonte;TO;E009;0;0;2;0;0;0;0;0;0
Nord Ovest;Piemonte;TO;E020;0;6,5;38,05;0;0;1;0;1;0
Nord Ovest;Piemonte;TO;E067;0;0;7;0;0;0;0;0;0
Nord Ovest;Piemonte;TO;E154;0;0;1;0;0;0;0;0;0
Nord Ovest;Piemonte;TO;E199;0;0;0;0;0;0;0;1;0
Nord Ovest;Piemonte;TO;E203;0;1;3;0;0;0;0;2;0
Nord Ovest;Piemonte;TO;E216;4;22,5;7,54;0;0;0;1;12,5;0
Nord Ovest;Piemonte;TO;E301;0;0;0;0;0;0;0;0;0
Nord Ovest;Piemonte;TO;E311;0;0;1;0;0;0;0;0;0
Nord Ovest;Piemonte;TO;E345;0;0;1;0;0;0;0;0;0
Nord Ovest;Piemonte;TO;E368;0;0;0,8;0;0;0;0;0;0
Nord Ovest;Piemonte;TO;E379;13;18;28,99;0;0;0;5;7,04;0
Nord Ovest;Piemonte;TO;E394;0;0;3;0;0;0;0;0;1
Nord Ovest;Piemonte;TO;E423;0;1;14;0;0;0;0;3;0
Nord Ovest;Piemonte;TO;E445;0;5;3;0;0;0;0;0;0
Nord Ovest;Piemonte;TO;E484;0;1;4,5;1;0;0;0;0;0
Nord Ovest;Piemonte;TO;E518;2;5;23,83;0;0;0;3;20;0,5
Nord Ovest;Piemonte;TO;E520;0;0;6;0;0;0;0;0;0
Nord Ovest;Piemonte;TO;E551;2;0;4;0;0;0;0;1;0
Nord Ovest;Piemonte;TO;E566;0;0;3;0;0;0;0;0;0
Nord Ovest;Piemonte;TO;E635;0;0;0;0;0;0;0;0;0
Nord Ovest;Piemonte;TO;E660;0;0;2;0;0;0;0;2,5;0
Nord Ovest;Piemonte;TO;E661;0;0;0;0;0;0;0;0;0
Nord Ovest;Piemonte;TO;E683;0;1;4;0;0;0;0;0;0
Nord Ovest;Piemonte;TO;E727;0;0;1,5;0;0;0;0;0;0
Nord Ovest;Piemonte;TO;E758;1;3;14,89;0;0;0;0;0;0
Nord Ovest;Piemonte;TO;E759;0;0;4;0;0;0;0;0;0
Nord Ovest;Piemonte;TO;E763;0;0;2,83;0;0;0;0;1;0
Nord Ovest;Piemonte;TO;E782;0;0;1;0;0;0;0;3;1,17
Nord Ovest;Piemonte;TO;E817;0;0;0;0;0;0;0;0;0
Nord Ovest;Piemonte;TO;E941;0;0;4,67;0;0;0;0;0;0
Nord Ovest;Piemonte;TO;F041;0;0;3;0;0;0;0;0;0
Nord Ovest;Piemonte;TO;F053;0;1;4,49;0;0;0;0;6;0
Nord Ovest;Piemonte;TO;F058;0;0;3;0;0;0;0;0;0
Nord Ovest;Piemonte;TO;F067;0;5;16,5;0;0;0;0;2;1
Nord Ovest;Piemonte;TO;F074;0;0;1;0;0;0;0;0;0
Nord Ovest;Piemonte;TO;F140;0;0;5;0;0;0;0;0;0
Nord Ovest;Piemonte;TO;F164;0;0;0;0;0;0;0;0;0
Nord Ovest;Piemonte;TO;F182;0;0;1;0;0;0;0;0;0
Nord Ovest;Piemonte;TO;F315;0;0;7;0;0;0;0;0;0
Nord Ovest;Piemonte;TO;F318;0;0;3,5;0;0;0;0;0;0
Nord Ovest;Piemonte;TO;F327;0;0;1;0;0;0;0;0;0
Nord Ovest;Piemonte;TO;F335;18;21,99;56,9;1;3;2;7;35,16;1
Nord Ovest;Piemonte;TO;F407;0;1;6;0;0;0;0;1;0
Nord Ovest;Piemonte;TO;F411;0;0;6,5;0;0;0;0;0;0
Nord Ovest;Piemonte;TO;F420;0;0;5,4;0;0;0;1;0,05;0
Nord Ovest;Piemonte;TO;F422;1;0,5;13;0;0;0;0;0;0
Nord Ovest;Piemonte;TO;F651;0;0;1;0;0;0;0;0;0
Nord Ovest;Piemonte;TO;F733;0;0;2,5;0;0;0;0;0;0
Nord Ovest;Piemonte;TO;F889;1;7;15;0;0;2;0;10;0
Nord Ovest;Piemonte;TO;F906;0;0;0;0;0;0;0;0;0
Nord Ovest;Piemonte;TO;F925;0;2;23,5;0;0;0;0;0;0
Nord Ovest;Piemonte;TO;F927;0;0;2;0;0;0;0;0;0
Nord Ovest;Piemonte;TO;F931;0;1;13;0;2;0;2;3;0
Nord Ovest;Piemonte;TO;F948;0;0;0;0;0;0;0;0;0
Nord Ovest;Piemonte;TO;G010;0;0;2,67;0;0;0;0;1;0
Nord Ovest;Piemonte;TO;G087;12;6;16,67;0;0;0;0;13,02;1
Nord Ovest;Piemonte;TO;G109;0;0;1;0;0;0;0;0;0
Nord Ovest;Piemonte;TO;G151;1;0;0;0;0;0;1;0;0
Nord Ovest;Piemonte;TO;G152;0;0;8,12;0;0;0;0;0;0
Nord Ovest;Piemonte;TO;G196;0;0;8,3;0;0;0;0;1;0
Nord Ovest;Piemonte;TO;G202;0;1;1;0;0;0;0;2;0
Nord Ovest;Piemonte;TO;G262;0;0;0;0;0;0;0;0;0
Nord Ovest;Piemonte;TO;G303;0;0;0;0;0;0;0;0;1
Nord Ovest;Piemonte;TO;G330;0;0;0;0;0;0;0;0;0
Nord Ovest;Piemonte;TO;G387;0;0;2;0;0;0;0;0;0
Nord Ovest;Piemonte;TO;G392;0;0;8,7;0;0;0;0;0;0
Nord Ovest;Piemonte;TO;G396;0;0;0;0;0;0;0;0;0
Nord Ovest;Piemonte;TO;G398;0;0;13;0;0;0;0;0;0
Nord Ovest;Piemonte;TO;G462;0;0;3;0;0;0;0;0;0
Nord Ovest;Piemonte;TO;G463;0;2;7,08;0;0;0;0;0;0
Nord Ovest;Piemonte;TO;G465;0;0;3,21;0;0;0;0;1;0
Nord Ovest;Piemonte;TO;G477;0;0;0,33;0;0;0;0;0,5;0
Nord Ovest;Piemonte;TO;G505;0;1;0;0;0;0;0;0;0
Nord Ovest;Piemonte;TO;G559;7,5;2;15;0;0;0;0;9;0,5
Nord Ovest;Piemonte;TO;G672;0;1;6;0;0;0;0;0;0
Nord Ovest;Piemonte;TO;G674;21;15,33;51,87;0;0;0;5;7,24;2
Nord Ovest;Piemonte;TO;G678;0;1;16,71;0;0;0;0;0;0
Nord Ovest;Piemonte;TO;G684;0;1;3;0;0;0;1;7,26;0
Nord Ovest;Piemonte;TO;G691;4;6;14,5;0;0;0;0;5;0
Nord Ovest;Piemonte;TO;G705;0;0;9;0;0;0;3;5;0
Nord Ovest;Piemonte;TO;G719;0;0;2,5;0;0;0;0;0;0
Nord Ovest;Piemonte;TO;G777;0;3;14;0;0;0;0;4;0
Nord Ovest;Piemonte;TO;G805;0;0;1;0;0;0;0;0;0
Nord Ovest;Piemonte;TO;G826;0;1;8,5;0;0;0;0;0;0
Nord Ovest;Piemonte;TO;G900;0;1;2;0;0;0;0;0;0
Nord Ovest;Piemonte;TO;G973;0;1;2,5;0;0;0;1;2;0
Nord Ovest;Piemonte;TO;G978;0;1;2,46;0;0;0;0;1;0
Nord Ovest;Piemonte;TO;G979;0;0;2;0;0;0;0;0;3
Nord Ovest;Piemonte;TO;G982;0;0;3,75;0;0;0;0;0;0
Nord Ovest;Piemonte;TO;G986;0;0;1;0;0;0;0;0;0
Nord Ovest;Piemonte;TO;G988;0;0;7,05;0;0;0;0;0;0
Nord Ovest;Piemonte;TO;G997;0;0;5,75;0;0;0;0;0;0
Nord Ovest;Piemonte;TO;H100;0;0;0;0;0;0;0;0;0
Nord Ovest;Piemonte;TO;H120;0;0;0;0;0;0;0;1;0
Nord Ovest;Piemonte;TO;H127;0;0;2,5;0;0;0;0;0;0
Nord Ovest;Piemonte;TO;H207;0;1;2;0;0;0;0;0;0
Nord Ovest;Piemonte;TO;H270;0;0;2,11;0;0;0;0;0;0
Nord Ovest;Piemonte;TO;H333;0;0;2;0;0;0;0;0;0
Nord Ovest;Piemonte;TO;H335;2;5;20,83;0;0;0;0;5;0
Nord Ovest;Piemonte;TO;H337;0;0;12,5;0;0;0;0;2;1,5
Nord Ovest;Piemonte;TO;H338;0;0;8;0;0;0;0;2;0
Nord Ovest;Piemonte;TO;H340;4;6;27,55;0;0;1;5;6;3
Nord Ovest;Piemonte;TO;H344;0;0;3,45;0;0;0;0;0;0
Nord Ovest;Piemonte;TO;H355;11,5;15,95;32,5;0;0;0;25;16;1
Nord Ovest;Piemonte;TO;H367;0;1;1;0;0;0;0;1;0
Nord Ovest;Piemonte;TO;H386;0;0;11,33;0;0;0;0;0;0
Nord Ovest;Piemonte;TO;H498;1;0;1;0;0;0;0;4;0
Nord Ovest;Piemonte;TO;H511;0;1;7;0;0;0;0;0;0
Nord Ovest;Piemonte;TO;H539;0;0;0;0;0;0;0;0;0
Nord Ovest;Piemonte;TO;H547;0;0;5;0;0;1;0;4;0
Nord Ovest;Piemonte;TO;H554;0;0;0;0;0;0;0;0;0
Nord Ovest;Piemonte;TO;H555;0;1;3;0;0;0;0;0;0
Nord Ovest;Piemonte;TO;H583;1;0;6,67;0;0;0;2;3;0
Nord Ovest;Piemonte;TO;H627;0;1;5;0;0;0;0,02;0;0
Nord Ovest;Piemonte;TO;H631;0;1;4;0;0;0;0;0;0
Nord Ovest;Piemonte;TO;H684;0;0;3;0;0;0;0;0;0
Nord Ovest;Piemonte;TO;H691;0;0,5;3;0;0;0;0;1;0
Nord Ovest;Piemonte;TO;H702;0;0;0;0;0;0;0;0;0
Nord Ovest;Piemonte;TO;H734;0;0;1;0;0;0;0;0;0
Nord Ovest;Piemonte;TO;H753;0;0;2;0;0;0;0;0;0
Nord Ovest;Piemonte;TO;H775;0;1;7,5;0;0;0;0;0;1
Nord Ovest;Piemonte;TO;H789;0;0;11,95;0;0;0;0;0,33;0
Nord Ovest;Piemonte;TO;H804;0;0;0;0;0;0;0;0;0
Nord Ovest;Piemonte;TO;H820;0;0;0,5;0;0;0;0;1;0
Nord Ovest;Piemonte;TO;H847;0;1;6,21;0;0;0;0;2;1
Nord Ovest;Piemonte;TO;H855;1;1;5,5;0;0;0;0;0;0
Nord Ovest;Piemonte;TO;H862;0;0;2,5;0;0;0;0;1;0
Nord Ovest;Piemonte;TO;H873;1,5;1;4,46;0;0;0;0;5;2
Nord Ovest;Piemonte;TO;H890;0;3;9,5;0;1;0;0;0;0
Nord Ovest;Piemonte;TO;H900;0;0;4;0;0;0;0;2;0
Nord Ovest;Piemonte;TO;H936;0;0;9;0;0;0;0;4;0
Nord Ovest;Piemonte;TO;H997;0;0;2;0;0;0;0;0;0
Nord Ovest;Piemonte;TO;I024;0;3;10,17;0;0;0;0;7;0,5
Nord Ovest;Piemonte;TO;I030;3;3;15,42;0;0;0;0;5;0
Nord Ovest;Piemonte;TO;I090;0;2;4;0;0;0;0;0;0
Nord Ovest;Piemonte;TO;I126;0;0;0;0;0;0;0;1;0
Nord Ovest;Piemonte;TO;I137;0;0;2;0;0;0;0;1;0
Nord Ovest;Piemonte;TO;I152;0;0;6,75;0;0;0;0;1;1
Nord Ovest;Piemonte;TO;I154;0;2;8,59;0;0;0;0;2;0
Nord Ovest;Piemonte;TO;I258;0;1;4;0;0;0;0;0;0
Nord Ovest;Piemonte;TO;I296;0;3;2,25;0;0;0;0;0;0
Nord Ovest;Piemonte;TO;I327;1;4;15;0;0;0;1;5,01;1
Nord Ovest;Piemonte;TO;I465;0;0;0;0;0;0;0;0;0
Nord Ovest;Piemonte;TO;I466;0;3;3,3;0;0;0;0;1;0
Nord Ovest;Piemonte;TO;I490;0;0;4;0;0;0;0;1;1
Nord Ovest;Piemonte;TO;I511;0;0;0;0;0;0;0;0;0
Nord Ovest;Piemonte;TO;I539;0;0;3;0;0;0;0;0;0,5
Nord Ovest;Piemonte;TO;I692;1;5;1,22;0;0;0;1,03;1;0
Nord Ovest;Piemonte;TO;I701;0;0;2;0;0;0;0;0;0
Nord Ovest;Piemonte;TO;I702;0;0;0;0;0;0;0;0;0
Nord Ovest;Piemonte;TO;I703;1,01;28,01;22,4;0;0;2;9,01;38,33;0
Nord Ovest;Piemonte;TO;I886;0;0;4;0;0;0;0;2;0
Nord Ovest;Piemonte;TO;I969;0;0;1;0;0;0;0;0;0
Nord Ovest;Piemonte;TO;I970;1;4;6;0;0;0;0;2;0
Nord Ovest;Piemonte;TO;L013;3;1;8,07;0;0;0;0;1,07;0
Nord Ovest;Piemonte;TO;L066;0;0;2;0;0;0;0;0;0
Nord Ovest;Piemonte;TO;L219;227,17;691,42;339,34;6;5;14;97,34;121,66;0
Nord Ovest;Piemonte;TO;L238;0;0;3;0;0;0;0;0;0
Nord Ovest;Piemonte;TO;L247;0;0;0;0;0;0;0;0;0
Nord Ovest;Piemonte;TO;L277;1;6,5;12,14;0;0;0;1;1;0
Nord Ovest;Piemonte;TO;L327;0;1;1,5;0;0;0;0;0;0
Nord Ovest;Piemonte;TO;L338;0;0;2;0;0;0;0;0;0
Nord Ovest;Piemonte;TO;L340;0;0;0;0;0;0;0;0;0
Nord Ovest;Piemonte;TO;L345;0;0;3;0;0;0;0;0;0
Nord Ovest;Piemonte;TO;L445;2;5;2;0;0;0;1;6;0
Nord Ovest;Piemonte;TO;L515;0;0;1,46;0;0;0;0;0;0
Nord Ovest;Piemonte;TO;L516;0;0;2;0;1;0;0;0;0
Nord Ovest;Piemonte;TO;L538;0;0;2;0;0;0;0;0;0
Nord Ovest;Piemonte;TO;L548;0;0;4;0;0;0;0;0;0
Nord Ovest;Piemonte;TO;L555;0;0;13,5;0;0;0;0;0;0
Nord Ovest;Piemonte;TO;L578;0;0;2;0;0;0;0;0;0
Nord Ovest;Piemonte;TO;L629;0;0;1;0;0;0;0;0;0
Nord Ovest;Piemonte;TO;L644;0;1;8;0;0;0;0;2;2
Nord Ovest;Piemonte;TO;L685;0;0;2;0;0;0;0;0;0
Nord Ovest;Piemonte;TO;L698;0;0;2;0;0;0;0;0;0
Nord Ovest;Piemonte;TO;L726;0;0;1;0;0;0;0;0;0
Nord Ovest;Piemonte;TO;L727;5;14;10,62;0;0;0;3;3;0
Nord Ovest;Piemonte;TO;L779;0;2;12;0;0;1;0;0;0
Nord Ovest;Piemonte;TO;L787;0;0;5,68;0;0;0;0;0;1
Nord Ovest;Piemonte;TO;L811;0;0;0;0;0;0;0;0;0
Nord Ovest;Piemonte;TO;L830;0;0;0;0;0;0;0;0;0
Nord Ovest;Piemonte;TO;L857;0;0;1,67;0;0;0;0;0;0
Nord Ovest;Piemonte;TO;L898;0;1;13,5;0;0;0;0;2;0
Nord Ovest;Piemonte;TO;L948;0;2;17,25;0;0;0;0;9;0,33
Nord Ovest;Piemonte;TO;L982;0;0;2;0;0;0;0;0;0
Nord Ovest;Piemonte;TO;L999;1;0;6;0;0;0;0;0;0
Nord Ovest;Piemonte;TO;M002;1;2;11,5;0;0;0;0;4;0
Nord Ovest;Piemonte;TO;M004;1;0;2;0;0;0;0;0;0
Nord Ovest;Piemonte;TO;M007;0;1;3;0;0;0;0;0;0
Nord Ovest;Piemonte;TO;M013;0;0;3;0;0;0;0;0;0
Nord Ovest;Piemonte;TO;M014;0;3;11,23;0;0;0;0;1,08;0
Nord Ovest;Piemonte;TO;M027;0;3;5,5;0;0;0;0;5;0
Nord Ovest;Piemonte;TO;M060;0;3;11,93;0;0;0;2;6;0
Nord Ovest;Piemonte;TO;M069;0;0;5,34;0;0;0;0;0;0
Nord Ovest;Piemonte;TO;M071;0;1;4;0;0;0;0;0;0
Nord Ovest;Piemonte;TO;M080;0;0;1;0;0;0;0;0;0
Nord Ovest;Piemonte;TO;M094;0;1;5,5;0;0;0;0;0;0
Nord Ovest;Piemonte;TO;M122;1;4;22,87;0;0;0;0;23;0
Nord Ovest;Piemonte;TO;M133;0;11;8,2;0;0;0;2;15;0
Nord Ovest;Piemonte;VB;A317;0;0;0;0;0;0;0;0;0
Nord Ovest;Piemonte;VB;A325;0;0;4;0;0;0;0;0;0
Nord Ovest;Piemonte;VB;A409;0;0;0,5;0;0;0;0;0;0
Nord Ovest;Piemonte;VB;A427;0;0;4;0;0;0;0;0;0
Nord Ovest;Piemonte;VB;A497;0;0;1;0;0;0;0;0;0
Nord Ovest;Piemonte;VB;A534;0;0;5,67;0;0;0;0;0;0
Nord Ovest;Piemonte;VB;A610;0;1;3;0;0;0;0;0;0
Nord Ovest;Piemonte;VB;A725;1;2;6;0;0;0;0;0;0
Nord Ovest;Piemonte;VB;A733;1;0;2;0;0;0;0;0;0
Nord Ovest;Piemonte;VB;A742;0;0;3;0;1;0;0;0;0
Nord Ovest;Piemonte;VB;A834;0;0;3,33;0;0;0;0;1;0
Nord Ovest;Piemonte;VB;A925;0;0;1;0;0;0;0;0;0
Nord Ovest;Piemonte;VB;B207;0;0;1,25;0;0;0;0;0;0
Nord Ovest;Piemonte;VB;B380;0;0;0;0;0;0;0;0;0
Nord Ovest;Piemonte;VB;B463;0;0;3;0;0;0;0;0;0
Nord Ovest;Piemonte;VB;B610;0;0;2;0;0;0;0;0;0
Nord Ovest;Piemonte;VB;B615;1;3;13,83;0;0;0;0;1;0
Nord Ovest;Piemonte;VB;B694;0;0;2,5;0;0;0;0;0;0
Nord Ovest;Piemonte;VB;B876;0;0;6;0;0;0;0;1;0
Nord Ovest;Piemonte;VB;C367;0;0;1;0;0;0;0;0;0
Nord Ovest;Piemonte;VB;C478;0;0;0;0;0;0;0;0;0
Nord Ovest;Piemonte;VB;C567;0;0;2;0;0;0;0;4;0
Nord Ovest;Piemonte;VB;D099;0;0;3;0;0;0;0;0;0
Nord Ovest;Piemonte;VB;D134;1;0;4,5;0;0;0;0;0;0
Nord Ovest;Piemonte;VB;D168;1;1;5,59;0;0;0;0;0;0
Nord Ovest;Piemonte;VB;D177;0;0;15;0;0;0;0;0;0
Nord Ovest;Piemonte;VB;D225;0;0;1,5;0;0;0;0;0;0
Nord Ovest;Piemonte;VB;D332;10;7,17;18,43;0;0;0;2;2;0
Nord Ovest;Piemonte;VB;D374;0;0;3;0;0;0;0;0;0
Nord Ovest;Piemonte;VB;D481;0;0;1;0;0;0;0;0;0
Nord Ovest;Piemonte;VB;D706;0;0;0;0;0;0;0;0;0
Nord Ovest;Piemonte;VB;D984;0;0;0;0;0;0;0;0;0
Nord Ovest;Piemonte;VB;E003;1;1;3,02;0;0;0;0;1;0
Nord Ovest;Piemonte;VB;E028;0;0;2;0;0;0;0;0;0
Nord Ovest;Piemonte;VB;E153;1;4;11,6;0;0;0;0;2;0
Nord Ovest;Piemonte;VB;E269;0;0,5;2;0;0;0;0;0;0
Nord Ovest;Piemonte;VB;E304;0;0;4;0;0;0;0;0;0
Nord Ovest;Piemonte;VB;E685;0;0;1;0;0;0;0;0;0
Nord Ovest;Piemonte;VB;E790;0;0;2,25;0;2;0;0;1;0
Nord Ovest;Piemonte;VB;E795;0;0;2,71;0;0;0;0;0;0
Nord Ovest;Piemonte;VB;E853;0;1;5;0;1;0;0;1;0
Nord Ovest;Piemonte;VB;F010;0;0;2,71;0;0;0;0;0;0
Nord Ovest;Piemonte;VB;F048;0;0;1;0;0;0;0;0;0
Nord Ovest;Piemonte;VB;F146;0;0;7;0;0;0;0;2;0
Nord Ovest;Piemonte;VB;F192;0;0;2;0;0;0;0;0;0
Nord Ovest;Piemonte;VB;F483;0;0;10;0;0;0;0;0;0
Nord Ovest;Piemonte;VB;F639;0;0;1;0;0;0;0;0;0
Nord Ovest;Piemonte;VB;F932;0;0;2,5;0;0;0;0;1;0
Nord Ovest;Piemonte;VB;G007;0;0;2;0;0;0;0;3;0
Nord Ovest;Piemonte;VB;G062;3;22;14,5;0;1;0;2;6;0
Nord Ovest;Piemonte;VB;G117;0;0,58;5,08;0;0;0;0;2;0
Nord Ovest;Piemonte;VB;G280;0;1;0,33;0;0;0;0;0;0
Nord Ovest;Piemonte;VB;G600;0;2;0,5;0;0;0;0;4;0
Nord Ovest;Piemonte;VB;G658;0;0;2,5;0;0;0;0;3;0
Nord Ovest;Piemonte;VB;H030;0;0;1;0;0;0;0;0;0
Nord Ovest;Piemonte;VB;H033;0;1;3,5;0;0;0;0;0;0
Nord Ovest;Piemonte;VB;H037;0;1;5,57;0;0;0;0;0;0
Nord Ovest;Piemonte;VB;H106;0;0;3,46;0;0;0;0;0;0
Nord Ovest;Piemonte;VB;H107;0;0;2,2;0;0;0;0;0;0
Nord Ovest;Piemonte;VB;H203;0;0;4;0;0;0;0;0;0
Nord Ovest;Piemonte;VB;H777;0;0;5,5;0;0;0;0;0;0
Nord Ovest;Piemonte;VB;I249;0;2;3,5;0;0;0;0;4;0
Nord Ovest;Piemonte;VB;I619;0;0;0;0;0;0;0;0;0
Nord Ovest;Piemonte;VB;I976;0;3,11;6,35;0;1;0;0;0;0
Nord Ovest;Piemonte;VB;L187;0;0;2,67;0;0;0;0;0;0
Nord Ovest;Piemonte;VB;L333;0;1;3;0;0;0;0;0;0
Nord Ovest;Piemonte;VB;L336;0;0;6;0;0;0;0;0;0
Nord Ovest;Piemonte;VB;L450;0;0;3;0;0;0;1;0;0
Nord Ovest;Piemonte;VB;L651;0;0;2,6;0;0;0;0;0;0
Nord Ovest;Piemonte;VB;L666;0;0;1;0;0;0;0;0;0
Nord Ovest;Piemonte;VB;L691;0;1;6,07;0;0;0;0;9;0
Nord Ovest;Piemonte;VB;L746;19,53;24,99;24,74;0;1;0;2;20,25;0
Nord Ovest;Piemonte;VB;L864;0;0;0;0;0;0;0;0;0
Nord Ovest;Piemonte;VB;L889;0;0;1;0;0;0;0;0;0
Nord Ovest;Piemonte;VB;L906;0,5;0;6;0;0;0;1;3;0
Nord Ovest;Piemonte;VB;M042;0;0,5;0,75;0;0;0;0;0;0
Nord Ovest;Piemonte;VB;M111;0;1;5,5;0;0;0;0;0;0
Nord Ovest;Piemonte;VC;A119;0;0;2;0;0;0;0;0;0
Nord Ovest;Piemonte;VC;A130;0;1;0;0;0;0;0;0;0
Nord Ovest;Piemonte;VC;A198;0;0;4;0;0;0;0;2;0
Nord Ovest;Piemonte;VC;A358;0;0;6,5;0;0;0;0;0;2
Nord Ovest;Piemonte;VC;A466;0;0;11;0;0;0;0;0;1
Nord Ovest;Piemonte;VC;A600;0;0;0;0;0;0;0;0;0
Nord Ovest;Piemonte;VC;A601;0;0;0;0;0;0;0;0;0
Nord Ovest;Piemonte;VC;A847;0;2;9,5;0;0;0;1;1,5;0
Nord Ovest;Piemonte;VC;A914;0;0;1;0;0;0;0;2;0
Nord Ovest;Piemonte;VC;B009;0;0,5;6;0;0;0;0;0;0
Nord Ovest;Piemonte;VC;B041;1;6;13,11;0;0;0;3;1;0
Nord Ovest;Piemonte;VC;B046;0;3,5;3;0;0;0;0;0;1
Nord Ovest;Piemonte;VC;B136;0;0;2;0;0;0;0;0;0
Nord Ovest;Piemonte;VC;B280;0;1,5;0,5;0;0;0;1;2;1
Nord Ovest;Piemonte;VC;B505;0;0;0;0;0;0;0;0;0
Nord Ovest;Piemonte;VC;B752;0;0;1;0;0;0;0;0;0
Nord Ovest;Piemonte;VC;B767;0;0;2,66;0;0;0;0;0;1,33
Nord Ovest;Piemonte;VC;B768;0;0;1;0;0;0;0;0;0
Nord Ovest;Piemonte;VC;B782;0;0;1;0;0;0;0;0;0
Nord Ovest;Piemonte;VC;B928;0;0;2;0;0;0;0;0;0
Nord Ovest;Piemonte;VC;B952;0;1;3;0;0;0;0;0;0
Nord Ovest;Piemonte;VC;C450;0;1;6;0;0;0;0;0;0
Nord Ovest;Piemonte;VC;C548;0;0;0;0;0;0;0;0;0
Nord Ovest;Piemonte;VC;C680;0;0;10,5;0;0;0;3,25;3;0
Nord Ovest;Piemonte;VC;C757;0;0;0;0;0;0;0;0;0
Nord Ovest;Piemonte;VC;C884;0;0;0;0;0;0;0;0;0
Nord Ovest;Piemonte;VC;D113;0;0;4;0;0;0;0;0;0
Nord Ovest;Piemonte;VC;D132;0;0;0;0;0;0;0;0;0
Nord Ovest;Piemonte;VC;D154;0;1;12,17;0;0;0;0;5;3
Nord Ovest;Piemonte;VC;D187;0;1;4;0;0;0;0;0;0
Nord Ovest;Piemonte;VC;D281;0;0;0;0;0;0;0;0;0
Nord Ovest;Piemonte;VC;D641;0;0;0;0;0;0;0;0;0
Nord Ovest;Piemonte;VC;D676;0;0,83;3;0;0;0;1;0;0
Nord Ovest;Piemonte;VC;D712;0;0;2;0;0;0;1;2;1,67
Nord Ovest;Piemonte;VC;D938;0;2;4;0;0;0;0;1;0
Nord Ovest;Piemonte;VC;E007;0;1;8;0;0;0;0;0;0
Nord Ovest;Piemonte;VC;E163;0;0;1;0;0;0;0;0;0
Nord Ovest;Piemonte;VC;E237;0;0;2;0;0;0;0;0;0
Nord Ovest;Piemonte;VC;E433;0;0;0;0;0;0;0;0;0
Nord Ovest;Piemonte;VC;E528;0;0;0;0;0;0;0;0;0
Nord Ovest;Piemonte;VC;E583;0;0;3;0;0;0;0;0;0
Nord Ovest;Piemonte;VC;E626;1;1;3,86;0;0;0;0;0;1
Nord Ovest;Piemonte;VC;E711;0;0;2;0;0;0;0;0;0
Nord Ovest;Piemonte;VC;F297;0;0;0;0;0;0;0;0;0
Nord Ovest;Piemonte;VC;F342;0;0;5,5;0;0;0;0;0;0
Nord Ovest;Piemonte;VC;F774;0;0;4,5;0;0;0;0;0;0
Nord Ovest;Piemonte;VC;G016;0;0;4;0;0;0;0;3;0
Nord Ovest;Piemonte;VC;G018;0;0;2,5;0;0;0;0;0;0
Nord Ovest;Piemonte;VC;G266;0;0;1;0;0;0;0;0;0
Nord Ovest;Piemonte;VC;G471;0;0;0;0;0;0;0;0;1
Nord Ovest;Piemonte;VC;G528;0;0;0;0;0;0;0;0;0
Nord Ovest;Piemonte;VC;G666;0;0;1;0;0;0;0;0;0
Nord Ovest;Piemonte;VC;G685;0;1;0;0;0;0;0;0;0
Nord Ovest;Piemonte;VC;G940;0;0;3;0;0;0;0;0;0
Nord Ovest;Piemonte;VC;G985;0;0;2;0;0;0;0,5;0;0
Nord Ovest;Piemonte;VC;H108;0;0;3;0;0;0;1;3;0
Nord Ovest;Piemonte;VC;H132;0;0;0;0;0;0;0;0;0
Nord Ovest;Piemonte;VC;H188;0;0;1;0;0;0;0;0;0
Nord Ovest;Piemonte;VC;H291;0;0;0;0;0;0;0;0;0
Nord Ovest;Piemonte;VC;H292;0;0;2;0;0;0;0;0;0
Nord Ovest;Piemonte;VC;H293;0;0;0;0;0;0;0;0;0
Nord Ovest;Piemonte;VC;H329;0;0;1;0;0;0;0;0;0
Nord Ovest;Piemonte;VC;H346;0;0;2,5;0;0;0;0;0;0
Nord Ovest;Piemonte;VC;H364;0;0;2;0;0;0;0;0;1
Nord Ovest;Piemonte;VC;H365;0;0;7,34;0;0;0;0;0;0
Nord Ovest;Piemonte;VC;H549;0;1;2;0;0;0;0;0;0
Nord Ovest;Piemonte;VC;H577;0;0;0;0;0;0;0;0;0
Nord Ovest;Piemonte;VC;H648;0;0;0;0;0;0;0;0;0
Nord Ovest;Piemonte;VC;H690;0;0;0;0;0;0;0;0;0
Nord Ovest;Piemonte;VC;H707;0;0;1;0;0;0;0;0;0
Nord Ovest;Piemonte;VC;H725;0;4;13,5;0;0;0;0;0;2
Nord Ovest;Piemonte;VC;H861;0;1;2;0;0;0;0;0;0
Nord Ovest;Piemonte;VC;I337;2;7;11;0;0;0;0;1;3
Nord Ovest;Piemonte;VC;I544;0;0;0,33;0;0;0;0;0;0
Nord Ovest;Piemonte;VC;I545;0;2;0;0;0;0;0;0;0
Nord Ovest;Piemonte;VC;I663;1,5;0,5;3,96;0;0;0;0;1;0
Nord Ovest;Piemonte;VC;I984;0;0;0;0;0;0;0;0;0
Nord Ovest;Piemonte;VC;L420;0;0;0;0;0;0;0;0;0
Nord Ovest;Piemonte;VC;L429;1;1;13;0;0;0;0;0;0
Nord Ovest;Piemonte;VC;L451;1;2;13,89;0;0;0;0;2;0
Nord Ovest;Piemonte;VC;L566;0;0;4;0;0;0;0;0;0
Nord Ovest;Piemonte;VC;L669;0;11;9,5;0;0;0;0;4;0
Nord Ovest;Piemonte;VC;L750;18,5;24,5;26,63;2;0;0;8;11;0
Nord Ovest;Piemonte;VC;M003;0;0;5;0;0;0;0;0;0
Nord Ovest;Piemonte;VC;M028;0;2;1;0;0;0;1;0;0,78
Nord Ovest;Piemonte;VC;M106;0;0;0;0;0;0;0;0;0
Nord Ovest;Valle d'Aosta;AO;A094;0;0;2,71;0;0,07;0;0;0;3
Nord Ovest;Valle d'Aosta;AO;A108;0;1;5;0;1;0;0;0;0
Nord Ovest;Valle d'Aosta;AO;A205;0;0;1;0;0;0;0;0;0
Nord Ovest;Valle d'Aosta;AO;A305;0;1;0,25;0;0;0;0;0;1
Nord Ovest;Valle d'Aosta;AO;A308;0;0;0,17;0;0;0;0;0;0
Nord Ovest;Valle d'Aosta;AO;A326;16;17,33;18,11;0;1;1;2;0;1
Nord Ovest;Valle d'Aosta;AO;A424;0;0;3;0;0;0;0;1;3
Nord Ovest;Valle d'Aosta;AO;A452;0;0;4,33;0;0;0;0;1;0
Nord Ovest;Valle d'Aosta;AO;A521;0;0;0;0;0;0;0;0;0
Nord Ovest;Valle d'Aosta;AO;A643;0;0;0;0;0;0;0;0;0
Nord Ovest;Valle d'Aosta;AO;A877;0;0;0;0;0;0;0;0;1
Nord Ovest;Valle d'Aosta;AO;B192;0;0;2;0;0;0;0;0;0
Nord Ovest;Valle d'Aosta;AO;B230;0;0;4,5;0;0;0;0;0;2
Nord Ovest;Valle d'Aosta;AO;B491;0;0;0;0;0;0;0;0;0
Nord Ovest;Valle d'Aosta;AO;B540;0;0;1;0;0;0;0;0;4
Nord Ovest;Valle d'Aosta;AO;C282;0;5;5,25;0;0;0;0;0;0
Nord Ovest;Valle d'Aosta;AO;C294;0;2,5;8,5;0;0;0;0;1;1
Nord Ovest;Valle d'Aosta;AO;C593;0;0;1,27;0;0;0;0;0;1
Nord Ovest;Valle d'Aosta;AO;C594;0;0;3;0;0;0;0;0;0
Nord Ovest;Valle d'Aosta;AO;C595;0;0;0;0;0;0;0;3;0
Nord Ovest;Valle d'Aosta;AO;C596;0;0;1,83;0;0;0;0;1;0
Nord Ovest;Valle d'Aosta;AO;C598;0;1;7,48;0;0;0;5;0;0
Nord Ovest;Valle d'Aosta;AO;C821;0;0;3;0;0;0;0;2;0
Nord Ovest;Valle d'Aosta;AO;D012;1;1;5,72;0;0,2;0;0;0;0
Nord Ovest;Valle d'Aosta;AO;D338;0;1;3,5;0;0;0;0;0;0
Nord Ovest;Valle d'Aosta;AO;D356;0;0;1;0;0;0;0;0;4
Nord Ovest;Valle d'Aosta;AO;D402;0;0;0;0;0;0;0;0;1
Nord Ovest;Valle d'Aosta;AO;D444;0;0;2;0;0;0;0;0;0
Nord Ovest;Valle d'Aosta;AO;D537;0;0;7;0;0;0;0;0;1
Nord Ovest;Valle d'Aosta;AO;D666;0;0;0;0;0;0;0;0;0
Nord Ovest;Valle d'Aosta;AO;D839;0;0;0;0;0;0;0;0;0
Nord Ovest;Valle d'Aosta;AO;E029;1;0;6,5;0;0;0;0;0;0
Nord Ovest;Valle d'Aosta;AO;E165;3;1;2,25;0;0;0;2;0;2,67
Nord Ovest;Valle d'Aosta;AO;E167;0;0;1;0;2;0;0;0;0
Nord Ovest;Valle d'Aosta;AO;E168;0;0;2,36;0;6;0;0;0;0
Nord Ovest;Valle d'Aosta;AO;E273;0;0;1;0;0;0;0;0;0
Nord Ovest;Valle d'Aosta;AO;E306;0;0;3,66;0;0;0;0;0;0
Nord Ovest;Valle d'Aosta;AO;E369;0;0;0;0;0;0;0;0;0
Nord Ovest;Valle d'Aosta;AO;E371;0;0;2;0;0;0;1;0;0
Nord Ovest;Valle d'Aosta;AO;E391;0;0;1;0;0;0;0;0;0
Nord Ovest;Valle d'Aosta;AO;E458;0;0;8,66;0;0;0;0;0;4
Nord Ovest;Valle d'Aosta;AO;E470;4;0,5;1,5;0;0;0;0;0;0
Nord Ovest;Valle d'Aosta;AO;E587;0;0;0;0;0;0;0;0;0
Nord Ovest;Valle d'Aosta;AO;F367;0;0;4,5;0;0;0;0;0;1
Nord Ovest;Valle d'Aosta;AO;F726;1;0;5;0;0;0;0;0;1
Nord Ovest;Valle d'Aosta;AO;F987;1;4;10,5;0,41;0;1;0;0;2
Nord Ovest;Valle d'Aosta;AO;G012;0;0;0;0;0;0;0;0;1
Nord Ovest;Valle d'Aosta;AO;G045;0;0;1;0;0;0;0;0;0
Nord Ovest;Valle d'Aosta;AO;G459;0;0;2;0;0;0;0;0;1
Nord Ovest;Valle d'Aosta;AO;G545;0;0;2;0;0;0;0;0;0
Nord Ovest;Valle d'Aosta;AO;G794;0;0;4;0;0;0;2;0;1
Nord Ovest;Valle d'Aosta;AO;G854;1;2;0;0;0;0;2;0;0
Nord Ovest;Valle d'Aosta;AO;G860;0;0;3;0;0;0;0;0;0
Nord Ovest;Valle d'Aosta;AO;H042;1;1;3,72;0;15,5;0;0;0;0
Nord Ovest;Valle d'Aosta;AO;H110;4;0;8,29;0;0;0;2;4;6
Nord Ovest;Valle d'Aosta;AO;H262;0;0;0;0;0;0;0;0;0
Nord Ovest;Valle d'Aosta;AO;H263;0;0;1,25;0;0;0;0;0;0
Nord Ovest;Valle d'Aosta;AO;H497;1;0;2;0;0;0;0;0;0,33
Nord Ovest;Valle d'Aosta;AO;H669;9;5;1;0;0;0;7,45;2,37;0
Nord Ovest;Valle d'Aosta;AO;H670;0;0;0,25;0;0;0;0;0;1
Nord Ovest;Valle d'Aosta;AO;H671;0;0;4;0;1;0;0;0;0
Nord Ovest;Valle d'Aosta;AO;H672;0;0;3;0;1;0;0;0;0
Nord Ovest;Valle d'Aosta;AO;H673;0;0;0;0;0;0;0;0;0
Nord Ovest;Valle d'Aosta;AO;H674;0;1;6,75;0;0;0;0;0;2
Nord Ovest;Valle d'Aosta;AO;H675;0;0;0;0;0;0;0;0;3
Nord Ovest;Valle d'Aosta;AO;H676;0,22;1;7,61;0;0,11;0;0;1;2
Nord Ovest;Valle d'Aosta;AO;I442;0;1;6;0;0;0;0;0;1
Nord Ovest;Valle d'Aosta;AO;L217;0;0;2,25;0;0;0;0;0;0
Nord Ovest;Valle d'Aosta;AO;L582;0;0;1;0;0;0;0;0;0
Nord Ovest;Valle d'Aosta;AO;L643;0;0;1;0;0;0;0;0;0
Nord Ovest;Valle d'Aosta;AO;L647;0;0;0;0;0;0;0;0;1
Nord Ovest;Valle d'Aosta;AO;L654;1;6;8,06;0;3,95;1;0;2;1
Nord Ovest;Valle d'Aosta;AO;L783;0;0;2;0;0;0;0;0;2
Nord Ovest;Valle d'Aosta;AO;L981;0;0;7;0;0;0;0;0;0
Nord Est;Emilia-Romagna;BO;A324;1;4;4,05;0;0;0;0;10;0
Nord Est;Emilia-Romagna;BO;A392;12;5,66;5,83;0;0;0;10;6;0
Nord Est;Emilia-Romagna;BO;A558;1;2,5;6,09;0;0;0;0;2;0
Nord Est;Emilia-Romagna;BO;A665;0;2;5;0;0;0;0;0;0,5
Nord Est;Emilia-Romagna;BO;A726;4;6;3;0;0;0;0;0;1
Nord Est;Emilia-Romagna;BO;A771;0;4;2,33;0;0;0;0;4,5;1
Nord Est;Emilia-Romagna;BO;A785;1;2;4,87;0;0;0;4;8;4
Nord Est;Emilia-Romagna;BO;A944;166,99;245,61;112,56;4;8;3;30;29,62;10
Nord Est;Emilia-Romagna;BO;B044;0;1;4;0;0;0;0;1;2
Nord Est;Emilia-Romagna;BO;B249;3;9;16,66;0;0;0;0;5;9,25
Nord Est;Emilia-Romagna;BO;B399;12;3;6,17;0;2;0;0;13;1
Nord Est;Emilia-Romagna;BO;B572;0;0;2;0;0;0;0;1;5
Nord Est;Emilia-Romagna;BO;B689;1;2;2;0;0;0;0;12;1
Nord Est;Emilia-Romagna;BO;B880;21,3;21,5;10,5;0;0;1;6;13,06;0
Nord Est;Emilia-Romagna;BO;B892;1;1;4,83;0;0;0;1;0;0
Nord Est;Emilia-Romagna;BO;B969;1;0;3,29;0;0;0;2;2;1
Nord Est;Emilia-Romagna;BO;C075;0;1;8,23;0;0;0;0;0;0
Nord Est;Emilia-Romagna;BO;C086;0;1;2;0;0;0;0;0;0
Nord Est;Emilia-Romagna;BO;C121;3;3,33;3;0;0;0;2;11;3,47
Nord Est;Emilia-Romagna;BO;C185;1;0;4;0;0;0;1;6;0
Nord Est;Emilia-Romagna;BO;C191;0;1,17;7,15;0;0;0;0;0,13;3,5
Nord Est;Emilia-Romagna;BO;C204;13,02;14;13;0;0;1;6;10;1
Nord Est;Emilia-Romagna;BO;C265;1;5;9,5;0;0;0;0;10;9
Nord Est;Emilia-Romagna;BO;C292;12;7,66;6,12;0;0;0;0;6;2
Nord Est;Emilia-Romagna;BO;C296;0;8;5,33;0;0;0;0;3;0
Nord Est;Emilia-Romagna;BO;D158;1;2;3;0;0;0;0;7;1,5
Nord Est;Emilia-Romagna;BO;D166;1;3;5,45;0;0;0;0,44;7,05;5,48
Nord Est;Emilia-Romagna;BO;D360;0;1;3;0;0;1;0;2;0,5
Nord Est;Emilia-Romagna;BO;D668;0;0;3;0;0;0;0;0;1
Nord Est;Emilia-Romagna;BO;D847;0;1,5;3,83;0;0;0;0;1,67;6,25
Nord Est;Emilia-Romagna;BO;D878;3;5;0,01;0;0;0;2;5;1,26
Nord Est;Emilia-Romagna;BO;E135;1;0;1;0;0;0;0;0;0
Nord Est;Emilia-Romagna;BO;E136;4;5;4,3;0;0;0;1;15;3
Nord Est;Emilia-Romagna;BO;E187;0;0;4,33;0;0;0;0;0,48;2
Nord Est;Emilia-Romagna;BO;E289;33;27,78;69,48;0;0;1;2;11;7,39
Nord Est;Emilia-Romagna;BO;E655;2;0;4;0;0;0;0;0;1
Nord Est;Emilia-Romagna;BO;E844;4;0;7;0;0;0;0;7,17;4
Nord Est;Emilia-Romagna;BO;F083;2;4,67;17,09;0;0;0;0;9;10,83
Nord Est;Emilia-Romagna;BO;F219;2;5;4;0;0;0;0;2,5;0,17
Nord Est;Emilia-Romagna;BO;F288;1;3;7;0;0;0;0;4;1
Nord Est;Emilia-Romagna;BO;F363;2;0;8,5;0;0;0;0;0;0,86
Nord Est;Emilia-Romagna;BO;F597;1;3;5,5;0;0;0;0;1;3
Nord Est;Emilia-Romagna;BO;F627;1;3;7,5;0;0;0;0;3;2
Nord Est;Emilia-Romagna;BO;F659;1;8;9,67;0;0;0;0;5;1,66
Nord Est;Emilia-Romagna;BO;F706;2;2;12;0;0;0;0;9;3
Nord Est;Emilia-Romagna;BO;F718;1;0,58;9;0;0;0;0;2;1,17
Nord Est;Emilia-Romagna;BO;G205;1,01;8;5,03;0;0;0;1;8;4
Nord Est;Emilia-Romagna;BO;G467;5;19,5;15,5;0;0;0;5;12;6,22
Nord Est;Emilia-Romagna;BO;G566;0;3,25;4;0;0;0;0;0;2
Nord Est;Emilia-Romagna;BO;G570;4;13;16,17;0;0;0;0;6;2
Nord Est;Emilia-Romagna;BO;G643;1;4,25;6,9;0;0;0;0;2;0
Nord Est;Emilia-Romagna;BO;G972;1;4;14,18;0;0;0;1;7;4
Nord Est;Emilia-Romagna;BO;H678;0;3,5;4,06;0;0;0;2;15,44;0,8
Nord Est;Emilia-Romagna;BO;H896;5;4;2;0;0;0;1;1;1
Nord Est;Emilia-Romagna;BO;H945;4,5;15;29,09;0;0;0;2;4,08;1
Nord Est;Emilia-Romagna;BO;I110;3;8;5,63;0;0;0;3;4;4,5
Nord Est;Emilia-Romagna;BO;I191;0;2,5;2,75;0;0;0;0;3;1,66
Nord Est;Emilia-Romagna;BO;I474;1;1;3;0;1;0;0;0;3,33
Nord Est;Emilia-Romagna;BO;L762;2;2;4,67;0;0;0;0;3;2,72
Nord Est;Emilia-Romagna;BO;M185;10;8;7;0;0;0;2;9,15;0
Nord Est;Emilia-Romagna;FE;A393;6;11;33,72;0;0;0;0;9;6
Nord Est;Emilia-Romagna;FE;A806;0;1;4,5;0;0;0;0;0;1
Nord Est;Emilia-Romagna;FE;A965;3;3;12,16;0;0;0;1;6;3
Nord Est;Emilia-Romagna;FE;C469;21;16,65;18,93;0;0;0;2;4,38;1
Nord Est;Emilia-Romagna;FE;C814;0,5;5;15,35;1;0;0;0;1;2
Nord Est;Emilia-Romagna;FE;C912;14,03;27,02;18,51;0;1,5;0;0;16,57;1
Nord Est;Emilia-Romagna;FE;C980;0,5;6;19,03;0;0;0;3;3,86;3,22
Nord Est;Emilia-Romagna;FE;D548;64,71;73,84;76,26;1;1;0;8;21;10,49
Nord Est;Emilia-Romagna;FE;D713;0;4;3;0;0;0;0;1;0
Nord Est;Emilia-Romagna;FE;E107;0;4,5;4;0;0;0;0;0;0
Nord Est;Emilia-Romagna;FE;E320;0;3;8,51;0;0;0;0;0;0
Nord Est;Emilia-Romagna;FE;E410;0;1,5;0,5;0;0;0;0;0;0
Nord Est;Emilia-Romagna;FE;F016;0;1,67;2,25;0;0;0;0;0;0,25
Nord Est;Emilia-Romagna;FE;F026;0;1;5;0;0;0;1;1;2
Nord Est;Emilia-Romagna;FE;F156;1;1;9,81;0;0;0;0;0;1
Nord Est;Emilia-Romagna;FE;F198;0;2;4;0;0;0;0;0;0,78
Nord Est;Emilia-Romagna;FE;F199;1;0;2,1;0;0;0;0;0;0,05
Nord Est;Emilia-Romagna;FE;F235;0;1;0,67;0;0;0;0;1;1
Nord Est;Emilia-Romagna;FE;G184;0;1;7,06;0;0;0;0;0;2,65
Nord Est;Emilia-Romagna;FE;G768;1;3;11,17;0;0;0;0;1;0
Nord Est;Emilia-Romagna;FE;G916;2;4;11;0;0;0;0;8;3,5
Nord Est;Emilia-Romagna;FE;H360;2;0,33;8,67;0;1;0;1;0;2
Nord Est;Emilia-Romagna;FE;I209;1;3;4;0;0;0;1;2,5;1,5
Nord Est;Emilia-Romagna;FE;L390;0;1;10;0;0;0;1;0;0
Nord Est;Emilia-Romagna;FE;L868;0;4;3,44;0;0;0;0;1;0
Nord Est;Emilia-Romagna;FE;M110;0;0,67;5,84;0;0;0;0;0;0
Nord Est;Emilia-Romagna;FO;A565;0;4;4,37;0;0,33;0;0;0;3,2
Nord Est;Emilia-Romagna;FO;A809;2;2;4;0;0;0;0;7,12;6
Nord Est;Emilia-Romagna;FO;B001;0;0;2;0;0;0;0;0,08;0
Nord Est;Emilia-Romagna;FO;C339;2;2;2;0;0;0;0;2,01;2,67
Nord Est;Emilia-Romagna;FO;C573;53;36,17;24,3;0;0;0;10,11;36,74;20,95
Nord Est;Emilia-Romagna;FO;C574;4;22,17;17,3;0;2;1;2,5;13,41;1
Nord Est;Emilia-Romagna;FO;C777;0;0;3;0;0;0;0;3;4
Nord Est;Emilia-Romagna;FO;D357;0;0;1,56;0;0;0;0;0;1
Nord Est;Emilia-Romagna;FO;D704;57,27;39,24;54,21;0;1;1;13;54,03;13,05
Nord Est;Emilia-Romagna;FO;D705;2,5;6;4,5;0;1;0;0;4;1
Nord Est;Emilia-Romagna;FO;D867;0;1,5;1;0;0;0;0;2,39;1
Nord Est;Emilia-Romagna;FO;D899;1;12;5;0;0;0;0;6,83;0
Nord Est;Emilia-Romagna;FO;D935;2;4;1,25;0;0;1;0;3,58;0
Nord Est;Emilia-Romagna;FO;E675;0;3;3;0;0;0;0;2;2,17
Nord Est;Emilia-Romagna;FO;F097;2;3,5;4,33;0;0;0;0;4,13;3
Nord Est;Emilia-Romagna;FO;F139;1;7;5,44;0;0;0;0;7,01;2
Nord Est;Emilia-Romagna;FO;F259;0;1;2,83;0;0;0;0;0;1,33
Nord Est;Emilia-Romagna;FO;F668;0;0;1,5;0;0;0;0;0;0
Nord Est;Emilia-Romagna;FO;G904;0;0;0,22;0;0;0;0;1;0
Nord Est;Emilia-Romagna;FO;H017;0;3;5,17;0;0;0;0;2;9,5
Nord Est;Emilia-Romagna;FO;H034;0;0;0;0;0;0;1;0;3
Nord Est;Emilia-Romagna;FO;H437;0;2;1,14;0;0;0;0;0;1
Nord Est;Emilia-Romagna;FO;H542;0;1;0;0;0;0;0;1;2,14
Nord Est;Emilia-Romagna;FO;I027;1;1;5,33;0;0;0;0,17;6,05;0
Nord Est;Emilia-Romagna;FO;I310;0;0,5;1,55;0;0;0;0;1;3,5
Nord Est;Emilia-Romagna;FO;I444;0;2,41;3;0;0;0;0;0;6,5
Nord Est;Emilia-Romagna;FO;I472;8,31;48;8,56;0;0;0;12;4,59;1
Nord Est;Emilia-Romagna;FO;I779;0;0,67;0,25;0;0;0;0;0;0,75
Nord Est;Emilia-Romagna;FO;L361;0;0;1,33;0;0;0;0;0;0
Nord Est;Emilia-Romagna;FO;L764;1;1;4,78;0;0;0;0;0;0
Nord Est;Emilia-Romagna;MO;A713;0;1;1;0;0;0;0;4;0
Nord Est;Emilia-Romagna;MO;A959;1;4;10;0;0;0;2;9;1
Nord Est;Emilia-Romagna;MO;B539;0;2;7,29;0;0;0;3;8;7
Nord Est;Emilia-Romagna;MO;B566;9;3;4,66;0;0;1;0;0;0
Nord Est;Emilia-Romagna;MO;B819;24;34,8;35,84;0;0;0;13;27,05;6,27
Nord Est;Emilia-Romagna;MO;C107;14,83;13;13;0;0;1;6;7;0
Nord Est;Emilia-Romagna;MO;C242;6;12;11;0;0;0;2;8;0
Nord Est;Emilia-Romagna;MO;C287;1;2;16,84;0;0;0;0;6;0
Nord Est;Emilia-Romagna;MO;C398;1;4;8;0;0;0;1;0;0
Nord Est;Emilia-Romagna;MO;C951;0;3,17;8,57;0;0;0;0;2;1
Nord Est;Emilia-Romagna;MO;D486;2;1;8;0;0;0;0;1;0
Nord Est;Emilia-Romagna;MO;D599;2,13;6,8;6,33;0;0;0;1,13;8;2,5
Nord Est;Emilia-Romagna;MO;D607;1;11;11,35;0;0;0;5;27,21;0
Nord Est;Emilia-Romagna;MO;D617;0;0;3;0;0;0;0;0;0
Nord Est;Emilia-Romagna;MO;D711;10;10;17,9;0;0;3;10;16,07;0
Nord Est;Emilia-Romagna;MO;D783;0;2,16;9;0;0;0;0;1;0
Nord Est;Emilia-Romagna;MO;E264;1;0,99;4;0;0,33;0;1;1;0
Nord Est;Emilia-Romagna;MO;E426;1;1;14,02;0;0;0;0;2;0
Nord Est;Emilia-Romagna;MO;E904;7;5;4;0;0;0;2,5;13;0
Nord Est;Emilia-Romagna;MO;E905;0;3;9,75;0;0;0;0;2;0
Nord Est;Emilia-Romagna;MO;F087;9;3;4;0;0;0;4;9;0
Nord Est;Emilia-Romagna;MO;F240;14;8;6,5;0;0;0;10,04;11,5;3
Nord Est;Emilia-Romagna;MO;F257;112,67;137,84;73,57;2;1;0;27,42;41,37;2,22
Nord Est;Emilia-Romagna;MO;F357;1;3;22,76;0;0;0;1;1,5;1
Nord Est;Emilia-Romagna;MO;F484;0;0;3;0;0;0;0;0;0
Nord Est;Emilia-Romagna;MO;F503;1;2;4;0;1;0;0;0;0
Nord Est;Emilia-Romagna;MO;F642;0;2;9,67;0;0;0;0;1;0
Nord Est;Emilia-Romagna;MO;F930;1;2;10,8;0;0;0;0;6;0,5
Nord Est;Emilia-Romagna;MO;F966;3;3,5;4,67;0;0;0;7;9;0
Nord Est;Emilia-Romagna;MO;G250;0;1;5,41;0;0;0;0;2;0
Nord Est;Emilia-Romagna;MO;G393;4,33;14,84;36,18;1;0;0;1;4;3
Nord Est;Emilia-Romagna;MO;G649;0;0;3;0;0;0;0;0;0
Nord Est;Emilia-Romagna;MO;G789;0;0;4;0;0;0;6;1;0
Nord Est;Emilia-Romagna;MO;H061;0;1;11,36;0;0;0;1;2;0
Nord Est;Emilia-Romagna;MO;H195;1;3,5;11;0;0;0;0;0;0
Nord Est;Emilia-Romagna;MO;H303;0;3,34;1;0;0;0;0;0;0
Nord Est;Emilia-Romagna;MO;H794;5;3;6;0;0;0;1;1;0
Nord Est;Emilia-Romagna;MO;H835;5;3;5;0;0;0;0;4;1
Nord Est;Emilia-Romagna;MO;I128;0;0;3;0;0;0;0;1;1
Nord Est;Emilia-Romagna;MO;I133;0;3;8,7;0;0;0;3;9;1,34
Nord Est;Emilia-Romagna;MO;I462;28;21;19;0;0;1;8;16;0
Nord Est;Emilia-Romagna;MO;I473;0;2;6;0;0;0;2;1;0,5
Nord Est;Emilia-Romagna;MO;I689;4;0;5,5;0;0;0;1;1;0
Nord Est;Emilia-Romagna;MO;I802;8;4,5;11;0;0;0;1;18;1
Nord Est;Emilia-Romagna;MO;I903;3;2,5;9,68;0;0;0;1;9,5;0
Nord Est;Emilia-Romagna;MO;L885;6;5;12,23;0;0;1;1;13;0
Nord Est;Emilia-Romagna;MO;M183;1;4;13,08;0;0;0;1;0;4
Nord Est;Emilia-Romagna;PC;A067;1;2;4;0;0;0;0;0;1
Nord Est;Emilia-Romagna;PC;A223;0;1;9;0;0;0;2;3;1,57
Nord Est;Emilia-Romagna;PC;A823;0;0;2,84;0;0;0;0;0;0
Nord Est;Emilia-Romagna;PC;A831;0;3,5;13,83;0;0;0;0;0;10,31
Nord Est;Emilia-Romagna;PC;A909;0;7;16,05;0;0;0;0;0;1
Nord Est;Emilia-Romagna;PC;B025;0;0,5;9;0;0;0;0;1;1
Nord Est;Emilia-Romagna;PC;B332;3;2,33;1;0;0;0;0;4;1,58
Nord Est;Emilia-Romagna;PC;B405;0;3;4,5;0;0;0;0;5;1,38
Nord Est;Emilia-Romagna;PC;B479;0;0;1;0;0;0;0;0;0
Nord Est;Emilia-Romagna;PC;B643;0;0;2;0;0;0;0;2;1
Nord Est;Emilia-Romagna;PC;B812;3;3;11,95;0;0;0;1,08;0;1,67
Nord Est;Emilia-Romagna;PC;C145;0;1,5;7,42;0;0;0;0;0;2
Nord Est;Emilia-Romagna;PC;C261;9;13,5;16,09;0;0;0;2;3;4
Nord Est;Emilia-Romagna;PC;C288;0;1,11;2,18;0;0;0;1;1;0
Nord Est;Emilia-Romagna;PC;C513;0;1;3,6;0;0;0;0;0;0
Nord Est;Emilia-Romagna;PC;C838;0;0;1,5;0;0;0;0;0;0
Nord Est;Emilia-Romagna;PC;D054;0;0;2;0;0;0;0;0;0
Nord Est;Emilia-Romagna;PC;D061;1;4;6,92;0;0;0;0;1;0
Nord Est;Emilia-Romagna;PC;D502;0;0,15;8,39;0;0;0;0;0;1
Nord Est;Emilia-Romagna;PC;D555;0;0;3;0;0;0;2;0;1
Nord Est;Emilia-Romagna;PC;D611;2,7;13;16,52;0;0;0;0;3;2
Nord Est;Emilia-Romagna;PC;D958;0;0;4,5;0;0;0;0;0,09;0
Nord Est;Emilia-Romagna;PC;E114;0;2,25;4,25;0;0;0;0;0;0
Nord Est;Emilia-Romagna;PC;E132;1;4,31;6,67;0;0;0;1;2,1;0
Nord Est;Emilia-Romagna;PC;E196;0;1;10,16;0;0;0;2;0;0,5
Nord Est;Emilia-Romagna;PC;E726;0;2,33;6,17;0;0;0;0;1;0
Nord Est;Emilia-Romagna;PC;F671;0;8;3,83;0;0;0;1;1,5;1,22
Nord Est;Emilia-Romagna;PC;F724;1;1;10,69;0;0;0;0;0;0
Nord Est;Emilia-Romagna;PC;F885;0;0,67;7,1;0;0;0;0;0;2,75
Nord Est;Emilia-Romagna;PC;G195;0;1,13;2;0;0,13;0;0;0;0
Nord Est;Emilia-Romagna;PC;G399;0;0;1,25;0;0;0;0;0;0
Nord Est;Emilia-Romagna;PC;G535;56,13;60,25;51,48;2;0;1;7;6,95;3,75
Nord Est;Emilia-Romagna;PC;G557;0;0;6;0;0;0;0;0;2
Nord Est;Emilia-Romagna;PC;G696;0;2;3;0;0;0;0;0;0
Nord Est;Emilia-Romagna;PC;G747;2;1;12,13;0;0;0;0;3;2,67
Nord Est;Emilia-Romagna;PC;G788;0;1;3,82;0;0;0;0;0;0
Nord Est;Emilia-Romagna;PC;G842;2;2;7,5;0;0;0;0;2;0,5
Nord Est;Emilia-Romagna;PC;G852;3;6,25;6,36;0;0;0;2;0,25;1
Nord Est;Emilia-Romagna;PC;H350;2;5;8,42;0;0;0;1;0;0
Nord Est;Emilia-Romagna;PC;H593;1;5;16,17;0;0;0;0;3;1
Nord Est;Emilia-Romagna;PC;H887;0;1,25;7,75;0;0;0;0;2;3,34
Nord Est;Emilia-Romagna;PC;I434;0;0;1;0;0;0;0;0;0
Nord Est;Emilia-Romagna;PC;L348;0;0;7;0;0;0;0;0;3,96
Nord Est;Emilia-Romagna;PC;L772;0;1;11,86;0;0;0;0;0;1,34
Nord Est;Emilia-Romagna;PC;L848;0;0;4,92;0;0;0;0;0;1,17
Nord Est;Emilia-Romagna;PC;L897;0;1;6,99;0;0;0;0;0;2,22
Nord Est;Emilia-Romagna;PC;L980;0;1;0;0;0;0;0;1;1
Nord Est;Emilia-Romagna;PC;M165;0;0;0;0;0;0;0;0;0
Nord Est;Emilia-Romagna;PR;A138;0;1;2;0;0;0;0;1;2,44
Nord Est;Emilia-Romagna;PR;A646;0;1;19,3;0;0;0;0;1;1,5
Nord Est;Emilia-Romagna;PR;A731;1;4;3,17;0;0;0;0;1;0
Nord Est;Emilia-Romagna;PR;A788;0;0;9;0;0;0;0;0;0
Nord Est;Emilia-Romagna;PR;A987;0;0;1,49;0;0;0;0;0;0
Nord Est;Emilia-Romagna;PR;B034;14;16,17;28,7;0;0;0;22;26,5;2
Nord Est;Emilia-Romagna;PR;B042;0;2,54;14;0;0;0;0;0;0
Nord Est;Emilia-Romagna;PR;B293;0;1;4,75;0;0;0;0;2;0
Nord Est;Emilia-Romagna;PR;B408;0;2;1;0;0;0;0;0;0
Nord Est;Emilia-Romagna;PR;C852;6;5,99;5,25;0;1;1;2;10,12;0,38
Nord Est;Emilia-Romagna;PR;C904;2;3;7,25;0;0;1;0;2;2
Nord Est;Emilia-Romagna;PR;C934;0;1;2,4;0;0;0;0;0;0
Nord Est;Emilia-Romagna;PR;D026;0;2;7,33;0;0;0;0;1;0
Nord Est;Emilia-Romagna;PR;D526;3;3;8,69;0;0;1;1;1;3
Nord Est;Emilia-Romagna;PR;D673;2;0;4;0;0;0;1;0;0
Nord Est;Emilia-Romagna;PR;D685;0;2,1;3;0;0;0;0;6,25;0
Nord Est;Emilia-Romagna;PR;D728;0;1;3;0;0;0;0;2,3;0
Nord Est;Emilia-Romagna;PR;E438;13;5;9;0;0;0;2;2;1
Nord Est;Emilia-Romagna;PR;E547;1;0;7,5;0;0;0;0;3;1
Nord Est;Emilia-Romagna;PR;E548;0;0;3;0;0;0;0;0;0
Nord Est;Emilia-Romagna;PR;F082;0;6;10;0;0;0;1;1;0
Nord Est;Emilia-Romagna;PR;F174;0;0;2,25;0;0;0;0;3;0
Nord Est;Emilia-Romagna;PR;F340;1;0;1;0;0;0;0;0;3
Nord Est;Emilia-Romagna;PR;F473;1;6;8,66;0;0;0;0;7;3
Nord Est;Emilia-Romagna;PR;F882;0;0;15,61;0;0;0;0;0;0
Nord Est;Emilia-Romagna;PR;F914;3;11;9;0;0;0;1;2;1
Nord Est;Emilia-Romagna;PR;G255;0;0;1;0;0;0;0;1;1
Nord Est;Emilia-Romagna;PR;G337;82,3;144,51;76,05;0;2;0;24;41,56;2,17
Nord Est;Emilia-Romagna;PR;G424;0;1;10;0;0;0;0;0;2
Nord Est;Emilia-Romagna;PR;G783;0;0,44;4;0;0;0;0,44;0;0
Nord Est;Emilia-Romagna;PR;H384;0;1;7,65;0;0;0;0;1;1,65
Nord Est;Emilia-Romagna;PR;H682;1;1;2;0;0;0;0;6;0
Nord Est;Emilia-Romagna;PR;H720;3;13;17,5;0;1;0;1;2;5,47
Nord Est;Emilia-Romagna;PR;I153;0;5;7;0;0;0;1;2,18;1
Nord Est;Emilia-Romagna;PR;I763;0;0;7,5;0;0;0;0;1;0,25
Nord Est;Emilia-Romagna;PR;I803;0;1;3,5;0;0;0;0;1;1,25
Nord Est;Emilia-Romagna;PR;I840;1;3;7,14;0;0;0;1;6;0,2
Nord Est;Emilia-Romagna;PR;I845;1;1;4;0;0;0;1;2,08;0
Nord Est;Emilia-Romagna;PR;L183;0;3;4;0;1;0;0;0;0
Nord Est;Emilia-Romagna;PR;L229;0;0;1,2;0;0;0;0;0;0,6
Nord Est;Emilia-Romagna;PR;L299;1;2;1;0;0;1;1;8;1
Nord Est;Emilia-Romagna;PR;L346;0;10;11,51;0;0;0;1;6,34;1
Nord Est;Emilia-Romagna;PR;L354;2;1;13;0;0;0;0;2,01;0,5
Nord Est;Emilia-Romagna;PR;L641;0;0;2;0;0;0;1;0;0
Nord Est;Emilia-Romagna;PR;L672;0;1,5;4,75;0;0;0;0;0;0
Nord Est;Emilia-Romagna;PR;L689;0;0;5,5;0;0;0;0;0;0
Nord Est;Emilia-Romagna;PR;L870;0;0;0;0;0;0;0;0;0
Nord Est;Emilia-Romagna;PR;M174;0;0;1;0;0;0;1;1;0
Nord Est;Emilia-Romagna;RA;A191;2;9;8,87;0;0;0;0;1;14,11
Nord Est;Emilia-Romagna;RA;A547;1;5,5;9,5;0;0;0;1;1;0
Nord Est;Emilia-Romagna;RA;A551;0;0;11;0;0;0;3;0;0
Nord Est;Emilia-Romagna;RA;B188;0,5;0;5,5;0;0;0;0;1;13
Nord Est;Emilia-Romagna;RA;B982;0;1;2;0;0;0;0;0;1
Nord Est;Emilia-Romagna;RA;C065;5;8;7;0;0;0;1;4;0,24
Nord Est;Emilia-Romagna;RA;C553;10;12,24;8,84;0;3,5;0;1,83;2,06;2
Nord Est;Emilia-Romagna;RA;C963;0;3,5;5,42;0;0;0;1;3;5,28
Nord Est;Emilia-Romagna;RA;D121;0;2;6,63;0;0;0;2;9;4,83
Nord Est;Emilia-Romagna;RA;D458;32,84;19,78;38,9;0;0;0,13;8;16,92;21,2
Nord Est;Emilia-Romagna;RA;D829;0;1,5;2,89;0;0;0;0;1;1
Nord Est;Emilia-Romagna;RA;E730;16;14;16,11;0;0;0;2;12,28;3,83
Nord Est;Emilia-Romagna;RA;F029;4;10,25;3,95;0;0;1;0;1;2,4
Nord Est;Emilia-Romagna;RA;H199;92,5;104,68;57,19;2;0,77;4;20,42;25,28;21,42
Nord Est;Emilia-Romagna;RA;H302;0;8;1;0;0;0;1;1;0
Nord Est;Emilia-Romagna;RA;H642;1;5;3,5;0;0;0;2;1;4,5
Nord Est;Emilia-Romagna;RA;I196;0;0;4,5;0;0;0;2;7;1,5
Nord Est;Emilia-Romagna;RA;I787;2;1;1;0;0;0;0;2;1
Nord Est;Emilia-Romagna;RE;A162;3;2,5;8,44;1;0;0;0;4;0
Nord Est;Emilia-Romagna;RE;A573;3;3;2,67;0;0;0;0;1,51;0
Nord Est;Emilia-Romagna;RE;A586;0;0;8,17;0;0;0;0;2;0
Nord Est;Emilia-Romagna;RE;A850;1;3;5;0;0;0;0;5;1,11
Nord Est;Emilia-Romagna;RE;A988;0;0;4,28;0;0;0;0;7;0
Nord Est;Emilia-Romagna;RE;B156;0;0;4;0;0;0;1;9;1,5
Nord Est;Emilia-Romagna;RE;B283;0;1;2;0;0;0;0;2;3
Nord Est;Emilia-Romagna;RE;B328;0;1;4,33;0;0;0;1;3;0
Nord Est;Emilia-Romagna;RE;B499;0;2;5;0;0;0;2;1;0
Nord Est;Emilia-Romagna;RE;B502;0;0;5;0;0;0;0;0;0
Nord Est;Emilia-Romagna;RE;B825;0;0;6;0;0;0;0;2;1
Nord Est;Emilia-Romagna;RE;B893;3;11;9,5;0;0;0;3;14;0
Nord Est;Emilia-Romagna;RE;B967;2;2;4,33;0;0;0;0;1;2
Nord Est;Emilia-Romagna;RE;C141;3;7,25;9,05;0;0;0;4;12;1
Nord Est;Emilia-Romagna;RE;C218;4;0;11;0;0;0;1;4;4
Nord Est;Emilia-Romagna;RE;C219;2,17;10,77;10;0;0;0;0;2;1,42
Nord Est;Emilia-Romagna;RE;C405;4;9,3;6,3;0;0;0;1;11,11;0,5
Nord Est;Emilia-Romagna;RE;C669;0;4;4,67;0;0;0;0;0;1
Nord Est;Emilia-Romagna;RE;C840;1;8;4,7;0;0;0;0;0;0,2
Nord Est;Emilia-Romagna;RE;D037;10,08;16;16,31;0;0;0;1;13;2,33
Nord Est;Emilia-Romagna;RE;D450;0;4,13;6;1;0;0;0;1;0
Nord Est;Emilia-Romagna;RE;D934;1;2;4;0;0;0;0;2;0,25
Nord Est;Emilia-Romagna;RE;E232;0;2;2,16;0;0;1;0;7;0
Nord Est;Emilia-Romagna;RE;E253;6,04;10,5;3,99;0;0;0;2;5;0,75
Nord Est;Emilia-Romagna;RE;E585;0;0;3,06;0;0;0;0;4;0
Nord Est;Emilia-Romagna;RE;E772;1;3,89;7,14;0;0;0;0;4;0,34
Nord Est;Emilia-Romagna;RE;F463;2;4,5;5;0;0;0;2;5;4
Nord Est;Emilia-Romagna;RE;F960;0;5;12,75;0;0;0;0;3,08;4
Nord Est;Emilia-Romagna;RE;G654;0;0;4,39;0;0;0;0;0;0
Nord Est;Emilia-Romagna;RE;G947;0;1;9,33;0;1;0;1;3;1
Nord Est;Emilia-Romagna;RE;H122;1;14;7,5;1;0;0;2;1;0
Nord Est;Emilia-Romagna;RE;H223;112,79;91,69;57,08;0;0;1;23;66,16;6
Nord Est;Emilia-Romagna;RE;H225;1;7;7,66;0;0;0;0;5;0
Nord Est;Emilia-Romagna;RE;H298;1;3;6,37;0;0;0;1;3;3
Nord Est;Emilia-Romagna;RE;H500;0;2;2,5;0;0;0;0;2;0
Nord Est;Emilia-Romagna;RE;H628;7;2;7,83;0;0;0;4;11;0
Nord Est;Emilia-Romagna;RE;I011;1;1;7,75;0;0;0;0;3;0
Nord Est;Emilia-Romagna;RE;I123;1;1;3,5;0;0;0;0;0;0
Nord Est;Emilia-Romagna;RE;I342;8;1,54;6,12;1;0;0;1;4;0
Nord Est;Emilia-Romagna;RE;I496;5;7,33;8,25;0;0;0;0;6;0
Nord Est;Emilia-Romagna;RE;L184;0;0;7;0;0;0;1;1;4,08
Nord Est;Emilia-Romagna;RE;L815;0;0;7;0;0;0;0;0;1
Nord Est;Emilia-Romagna;RE;L820;3;0,33;4,91;0;0;0;2;1;0
Nord Est;Emilia-Romagna;RE;L831;0;1;3;0;0;0;0;1;0
Nord Est;Emilia-Romagna;RE;L969;0;1;8,34;0;0;0;0;0;0
Nord Est;Emilia-Romagna;RN;A747;13;5,08;17,75;0;3;0;1,3;0,34;0
Nord Est;Emilia-Romagna;RN;C357;1;11;4,5;0;1;0;1;14,08;0
Nord Est;Emilia-Romagna;RN;D004;0;4,5;4,92;0;0;0;0;9,2;0
Nord Est;Emilia-Romagna;RN;D961;0;0;0,28;0;0;0;0;0;0
Nord Est;Emilia-Romagna;RN;F244;3;5,17;11,02;0;0,5;0;1;6,06;0
Nord Est;Emilia-Romagna;RN;F346;0;1;1;0;0;0;0;1;0
Nord Est;Emilia-Romagna;RN;F476;0;1;1;0;0;0;0;2;0
Nord Est;Emilia-Romagna;RN;F502;0;0;6;0;0;0;0;1;0
Nord Est;Emilia-Romagna;RN;F523;0;0;1;0;0;0;0;0;0
Nord Est;Emilia-Romagna;RN;F641;0;0;3;0;0;0;0;1;0
Nord Est;Emilia-Romagna;RN;F715;2;2,5;6,67;0;0;0;1;1;0
Nord Est;Emilia-Romagna;RN;G755;0;0;2;0;0;0;0;2;0
Nord Est;Emilia-Romagna;RN;H274;6;26;12,28;0;1;2;0;1,27;0
Nord Est;Emilia-Romagna;RN;H294;35,42;68,63;70,98;1;7;2;2;13,37;1
Nord Est;Emilia-Romagna;RN;H724;0;0;2,22;0;0;0;0;4,03;0
Nord Est;Emilia-Romagna;RN;H801;1;0;7;0;0;0;1;1,04;3
Nord Est;Emilia-Romagna;RN;H921;1;1,66;3;0;0;0;0;2;0
Nord Est;Emilia-Romagna;RN;I304;7,04;8,08;10,41;0;0;0;1;2;3,2
Nord Est;Emilia-Romagna;RN;I550;0;0;0;0;0;0;0;0;0
Nord Est;Emilia-Romagna;RN;L797;3;3,34;8,15;0;0;0;1;1,42;0
Nord Est;Friuli- Venezia Giulia;PN;A283;0;0;1,25;0;0;0;0;0;0
Nord Est;Friuli- Venezia Giulia;PN;A354;0;0;3,13;0;0;0;0;0;0
Nord Est;Friuli- Venezia Giulia;PN;A456;0;0;0;0;0;0;0;0;0
Nord Est;Friuli- Venezia Giulia;PN;A516;0;2;12,25;0;0;0;0;1;4
Nord Est;Friuli- Venezia Giulia;PN;A530;5;2;13,22;0;0;0;0;10;0
Nord Est;Friuli- Venezia Giulia;PN;A640;0;0;0;0;0;0;0;0;0
Nord Est;Friuli- Venezia Giulia;PN;B215;2,5;3;7;0;0;0;0;5,5;0
Nord Est;Friuli- Venezia Giulia;PN;B247;3;0;1,25;0;0;0;1;0;1
Nord Est;Friuli- Venezia Giulia;PN;B598;0;1;6,33;0;0;0;1;4;0,67
Nord Est;Friuli- Venezia Giulia;PN;B940;0;3;5,51;0;0;0;1;0;0
Nord Est;Friuli- Venezia Giulia;PN;C217;0;0;2;0;0;0;0;0;0
Nord Est;Friuli- Venezia Giulia;PN;C385;1;0;0;0;0;0;0;0;0
Nord Est;Friuli- Venezia Giulia;PN;C640;1;3;2,17;0;0;0;1;3;0
Nord Est;Friuli- Venezia Giulia;PN;C699;0;0;1;0;0;0;0;0;0
Nord Est;Friuli- Venezia Giulia;PN;C790;0;0;3,31;0;0;0;0;0;0
Nord Est;Friuli- Venezia Giulia;PN;C791;0;0;5,5;0;0;0;0;0;0
Nord Est;Friuli- Venezia Giulia;PN;C991;6;10,33;9,3;0;0;1;2;7,08;1
Nord Est;Friuli- Venezia Giulia;PN;C993;0;0;1;0;0;0;0;0;0
Nord Est;Friuli- Venezia Giulia;PN;D426;0;0;3,5;0;0;0;0;0;0
Nord Est;Friuli- Venezia Giulia;PN;D487;0;0;2;0;0;0;0;0;0
Nord Est;Friuli- Venezia Giulia;PN;D621;1;3;6;0;0;0;0;5,02;1,78
Nord Est;Friuli- Venezia Giulia;PN;D670;1;2;13;0;0;0;0;5;0
Nord Est;Friuli- Venezia Giulia;PN;D804;0;0;0;0;0;0;0;0;0
Nord Est;Friuli- Venezia Giulia;PN;E889;2;8;4;0;0;0;0;1,14;3
Nord Est;Friuli- Venezia Giulia;PN;F089;0;1;3,5;0;0;0;0;0;0
Nord Est;Friuli- Venezia Giulia;PN;F596;0;2;5,5;0;0;0;0;0;0
Nord Est;Friuli- Venezia Giulia;PN;F750;0;0;2,8;0;0;0;0;1;0
Nord Est;Friuli- Venezia Giulia;PN;G353;0;1,71;5,34;0;0;0;0;2;0,59
Nord Est;Friuli- Venezia Giulia;PN;G680;0;1;5;0;0;0;0;0;0
Nord Est;Friuli- Venezia Giulia;PN;G780;0;3;2,33;0;0;0;0;3;0
Nord Est;Friuli- Venezia Giulia;PN;G886;1;3,33;10,5;0;0;0;0;12,02;0
Nord Est;Friuli- Venezia Giulia;PN;G888;36;23,17;30,78;0;0;1;3;20,8;0
Nord Est;Friuli- Venezia Giulia;PN;G994;3;0;4,5;0;0;0;2;1;0
Nord Est;Friuli- Venezia Giulia;PN;H010;1;1;1,5;0;0;1;0;6;0
Nord Est;Friuli- Venezia Giulia;PN;H609;2;0;2,94;0;0;0;0;8,2;0
Nord Est;Friuli- Venezia Giulia;PN;H657;14;13,5;12,74;0;0;0;6;15,63;1
Nord Est;Friuli- Venezia Giulia;PN;H891;0;1;5,19;0;0;0;0;1;0
Nord Est;Friuli- Venezia Giulia;PN;H999;0;0;0;0;0;0;0;0;0
Nord Est;Friuli- Venezia Giulia;PN;I136;0;0;4;0;0;0;0;1;0
Nord Est;Friuli- Venezia Giulia;PN;I403;5,44;4;8,71;0;0;0;1;6,63;0
Nord Est;Friuli- Venezia Giulia;PN;I621;0;2;0,67;0;0;0;0;0;1
Nord Est;Friuli- Venezia Giulia;PN;I686;1,5;1;3,17;0;0;0;0;0;0
Nord Est;Friuli- Venezia Giulia;PN;I904;3;4;11,67;0;0;1;0;3;0,5
Nord Est;Friuli- Venezia Giulia;PN;L324;0;0;0;0;0;0;0;0;0
Nord Est;Friuli- Venezia Giulia;PN;L325;0;0;0;0;0;0;0;0;0
Nord Est;Friuli- Venezia Giulia;PN;L347;0;1;4,75;0;0;0;0;0;1
Nord Est;Friuli- Venezia Giulia;PN;L657;1;0;1;0;0;0;0;0;0
Nord Est;Friuli- Venezia Giulia;PN;M085;0;0;1;0;0;0;0;0;0
Nord Est;Friuli- Venezia Giulia;PN;M096;0;0;0;0;0;0;0;0;0
Nord Est;Friuli- Venezia Giulia;PN;M190;0;3;3,58;0;0;0;0;9,18;0
Nord Est;Friuli- Venezia Giulia;PN;M265;0;0;0,42;0;0;0;0;0;0
Nord Est;Friuli- Venezia Giulia;UD;A254;0;1;0,5;0;0;0;1;0;0
Nord Est;Friuli- Venezia Giulia;UD;A267;0;0;0;0;0;0;0;1;0
Nord Est;Friuli- Venezia Giulia;UD;A447;0;0,92;1,83;0;0;0;0;0;0
Nord Est;Friuli- Venezia Giulia;UD;A448;0;1;0,5;0;0;1;0;1;0
Nord Est;Friuli- Venezia Giulia;UD;A491;0;0;1,44;0;0;0;0;2;0
Nord Est;Friuli- Venezia Giulia;UD;A553;0;0;1,5;0;0;0;0;0;0
Nord Est;Friuli- Venezia Giulia;UD;A700;0;0;11,5;0;0;0;0;2;0
Nord Est;Friuli- Venezia Giulia;UD;A810;0;0;1;0;0;0;0;0;0
Nord Est;Friuli- Venezia Giulia;UD;A855;0;0;0;0;0;0;0;0;0
Nord Est;Friuli- Venezia Giulia;UD;A983;0;1;0;0;0;0;0;0;0
Nord Est;Friuli- Venezia Giulia;UD;B259;1;2;7,99;0;0;0;0;6;3,5
Nord Est;Friuli- Venezia Giulia;UD;B309;0;1;0;0;0;0;0;1;0
Nord Est;Friuli- Venezia Giulia;UD;B483;0;0;3;0;0;0;0;0;0
Nord Est;Friuli- Venezia Giulia;UD;B536;1;1;3;0;0;0;5;2;2
Nord Est;Friuli- Venezia Giulia;UD;B788;0;1;0,33;0;0;0;0;1;0
Nord Est;Friuli- Venezia Giulia;UD;B994;0;0;1;0;0;0;0;1;0
Nord Est;Friuli- Venezia Giulia;UD;C327;0;0,5;3,34;0;0;0;1;1;0
Nord Est;Friuli- Venezia Giulia;UD;C389;0;0;3;0;0;0;0;0;0
Nord Est;Friuli- Venezia Giulia;UD;C494;0;0,22;7,05;0;0;0;0;0;0
Nord Est;Friuli- Venezia Giulia;UD;C656;0;0;0,34;0;0;0;0;0;0
Nord Est;Friuli- Venezia Giulia;UD;C758;8;2;7,11;0;0;2;1;1;2,5
Nord Est;Friuli- Venezia Giulia;UD;C817;2;10;9,08;0;0;0;3;6;0
Nord Est;Friuli- Venezia Giulia;UD;C885;0;0;0;0;0;0;0;4;1,31
Nord Est;Friuli- Venezia Giulia;UD;C918;0;0;2;0;0;0;0;0;0
Nord Est;Friuli- Venezia Giulia;UD;D027;0;0;5,09;0;0;0;0;2;0
Nord Est;Friuli- Venezia Giulia;UD;D085;0;0;0;0;0;0;0;1;0
Nord Est;Friuli- Venezia Giulia;UD;D300;0;0;4;0;0;0;0;0;0
Nord Est;Friuli- Venezia Giulia;UD;D316;0;0;0;0;0;0;0;0;0
Nord Est;Friuli- Venezia Giulia;UD;D366;0;0;0;0;0;0;0;0;0
Nord Est;Friuli- Venezia Giulia;UD;D408;0;0;4;0;0;0;0;0;0
Nord Est;Friuli- Venezia Giulia;UD;D455;0;1;2;0;0;0;0;1;0
Nord Est;Friuli- Venezia Giulia;UD;D461;3;2,22;9;0;0;0;0;1;0
Nord Est;Friuli- Venezia Giulia;UD;D630;0;1;0;0;0;0;0;0;0
Nord Est;Friuli- Venezia Giulia;UD;D700;0;0,5;2,02;0;0;0;0;0;0
Nord Est;Friuli- Venezia Giulia;UD;D718;0;0;2,29;0;0;0;0;0;0
Nord Est;Friuli- Venezia Giulia;UD;D719;0;3;4;0;0;0;0;0;0
Nord Est;Friuli- Venezia Giulia;UD;D720;0;0;0;0;0;0;0;0;0
Nord Est;Friuli- Venezia Giulia;UD;D962;10;12;7,87;0;0;1;1;0;0
Nord Est;Friuli- Venezia Giulia;UD;E083;0;1;1;0;0;0;0;2;0
Nord Est;Friuli- Venezia Giulia;UD;E179;0;0;2;0;0;0;0;0;0
Nord Est;Friuli- Venezia Giulia;UD;E473;3;5;6,67;0;0;1;5;1;0
Nord Est;Friuli- Venezia Giulia;UD;E476;0;0;3,5;0;0;0;0;1;0
Nord Est;Friuli- Venezia Giulia;UD;E553;0;1;1,5;0;0;0;0;0;0
Nord Est;Friuli- Venezia Giulia;UD;E584;12;24,5;7,28;0;0;1;1;1,21;0
Nord Est;Friuli- Venezia Giulia;UD;E586;0;0;2,8;0;0;0;0;0;0
Nord Est;Friuli- Venezia Giulia;UD;E760;0;0;0,5;0;0;0;0;0;0
Nord Est;Friuli- Venezia Giulia;UD;E820;0;0;1;0;0;0;0;2;0
Nord Est;Friuli- Venezia Giulia;UD;E833;2;0;3,25;0;0;0;0;1;0
Nord Est;Friuli- Venezia Giulia;UD;E899;1;4;2,13;0;0;0;0;9;0
Nord Est;Friuli- Venezia Giulia;UD;E910;0;0;0;0;0;0;0;0;0
Nord Est;Friuli- Venezia Giulia;UD;E982;4;3;2,16;0;0;0;2;1;0
Nord Est;Friuli- Venezia Giulia;UD;F144;0;0;2;0;0;0;2;1;0
Nord Est;Friuli- Venezia Giulia;UD;F266;0;1;3;0;0;0;0;0;0
Nord Est;Friuli- Venezia Giulia;UD;F275;0;0;0;0;0;0;1;1;0
Nord Est;Friuli- Venezia Giulia;UD;F574;0;0;0;0;0;0;0;0;0
Nord Est;Friuli- Venezia Giulia;UD;F756;1;3;4;0;0;0;1;1;1
Nord Est;Friuli- Venezia Giulia;UD;F760;0;0;0,94;0;0;0;0;0;0
Nord Est;Friuli- Venezia Giulia;UD;F832;0;3;1;0;0;0;0;0;0
Nord Est;Friuli- Venezia Giulia;UD;F898;0;0;3,33;0;0;0;0;0;0
Nord Est;Friuli- Venezia Giulia;UD;G163;4;1;0,92;0;0;0;1;6;0
Nord Est;Friuli- Venezia Giulia;UD;G198;0;0;3;0;0;0;0;0;0
Nord Est;Friuli- Venezia Giulia;UD;G238;1;0;3;0;0;0;0;0;0
Nord Est;Friuli- Venezia Giulia;UD;G268;0;0;3,12;0;0;0;0;5;0
Nord Est;Friuli- Venezia Giulia;UD;G284;2;7;0,55;0;1;0;1;0;0
Nord Est;Friuli- Venezia Giulia;UD;G300;0;1;3;0;0;0;0;0;0
Nord Est;Friuli- Venezia Giulia;UD;G352;2;3;3;1;0;0;0;5;0
Nord Est;Friuli- Venezia Giulia;UD;G381;0;0;3,94;0;0;0;0;0;0
Nord Est;Friuli- Venezia Giulia;UD;G389;0;0;5;0;0;0;0;7,28;0
Nord Est;Friuli- Venezia Giulia;UD;G736;0;0;0,67;1;0;0;0;0;0
Nord Est;Friuli- Venezia Giulia;UD;G743;0;0;1,1;0;0;0;0;1;0
Nord Est;Friuli- Venezia Giulia;UD;G831;0;3;0;0;0;0;0;0;0
Nord Est;Friuli- Venezia Giulia;UD;G891;0;1;2;0;0;0;0;0;0
Nord Est;Friuli- Venezia Giulia;UD;G949;0;2;1;0;0;0;0;0;0
Nord Est;Friuli- Venezia Giulia;UD;G966;0;1;3;0;0;0;0;4;0
Nord Est;Friuli- Venezia Giulia;UD;G969;0;8,33;2,88;0;0;0;0;1;0
Nord Est;Friuli- Venezia Giulia;UD;H002;0;0;1;0;0;0;0;1;0
Nord Est;Friuli- Venezia Giulia;UD;H014;0;0;1;0;0;0;0;0;0
Nord Est;Friuli- Venezia Giulia;UD;H029;0;0;2;0;0;0;0;3;1
Nord Est;Friuli- Venezia Giulia;UD;H038;0;0;2;0;0;0;0;0;0
Nord Est;Friuli- Venezia Giulia;UD;H040;0;0;1;0;0;0;0;0;0
Nord Est;Friuli- Venezia Giulia;UD;H089;0;0;1;0;0;0;0;0;0
Nord Est;Friuli- Venezia Giulia;UD;H161;0;0;6;0;0;0;0;0;0
Nord Est;Friuli- Venezia Giulia;UD;H196;0;0;0;0;0;0;0;0;0
Nord Est;Friuli- Venezia Giulia;UD;H200;0;0;0,75;0;0;0;0;0;0
Nord Est;Friuli- Venezia Giulia;UD;H206;0;3;4;0;0;0;1;3;0
Nord Est;Friuli- Venezia Giulia;UD;H229;0;0;4;0;0;0;1;3;0
Nord Est;Friuli- Venezia Giulia;UD;H242;0;1;1,87;1;0;0;0;0;0
Nord Est;Friuli- Venezia Giulia;UD;H244;0;0;0;0;0;0;0;0;0
Nord Est;Friuli- Venezia Giulia;UD;H289;0;0;4,5;0;0;0;0;0;0
Nord Est;Friuli- Venezia Giulia;UD;H347;0;1;3;0;0;0;0;1;0
Nord Est;Friuli- Venezia Giulia;UD;H352;0;4;2;0;1;0;0;1;1
Nord Est;Friuli- Venezia Giulia;UD;H533;0;0;1,55;0;0;0;0;3;0
Nord Est;Friuli- Venezia Giulia;UD;H816;6;5;6,67;0;0;0;1;2;1
Nord Est;Friuli- Venezia Giulia;UD;H895;6;5,5;0,84;1;0;0;0,5;4;0
Nord Est;Friuli- Venezia Giulia;UD;H906;0;5;2;0;0;0;4;7;0
Nord Est;Friuli- Venezia Giulia;UD;H951;0;0;1,83;0;0;0;0;0;0
Nord Est;Friuli- Venezia Giulia;UD;I092;0;3;0;0;0;0;0;0;0
Nord Est;Friuli- Venezia Giulia;UD;I248;0;0;1;0;0;0;0;2;0
Nord Est;Friuli- Venezia Giulia;UD;I405;1;0;2;0;0;0;0;3;0
Nord Est;Friuli- Venezia Giulia;UD;I464;0;0;0;0;1;0;0;0;0
Nord Est;Friuli- Venezia Giulia;UD;I478;0;0;1;0;0;0;0;0;0
Nord Est;Friuli- Venezia Giulia;UD;I562;1;0;1;0;0;0;0;3;1
Nord Est;Friuli- Venezia Giulia;UD;I777;0;0;1,5;0;0;0;0;0;0
Nord Est;Friuli- Venezia Giulia;UD;I974;0;0;1;0;0;0;0;0;0
Nord Est;Friuli- Venezia Giulia;UD;L018;0;0;1;0;0;0;0;0;0
Nord Est;Friuli- Venezia Giulia;UD;L039;0;0;2;0;0;0;0;0;1
Nord Est;Friuli- Venezia Giulia;UD;L050;1;1;3,83;0;0;0;0;4;0
Nord Est;Friuli- Venezia Giulia;UD;L065;15;8;10,2;0;0;0;15;7,29;0
Nord Est;Friuli- Venezia Giulia;UD;L101;0;0,14;3;0;0;0;0;0;3
Nord Est;Friuli- Venezia Giulia;UD;L195;3;1,5;4,33;0;0;0;2;2,5;1,5
Nord Est;Friuli- Venezia Giulia;UD;L246;0;0;1;0;0;0;0;2;0
Nord Est;Friuli- Venezia Giulia;UD;L309;0;0;2;0;0;0;0;13;0
Nord Est;Friuli- Venezia Giulia;UD;L335;0;0;1;0;0;0;0;1;0
Nord Est;Friuli- Venezia Giulia;UD;L381;0;0;0;0;0;0;0;0;0
Nord Est;Friuli- Venezia Giulia;UD;L382;0;0;1;0;0;0;0;0;0
Nord Est;Friuli- Venezia Giulia;UD;L421;0;8;9;0;0;0;1;0;0
Nord Est;Friuli- Venezia Giulia;UD;L438;0;0;1;0;0;0;0;0;0
Nord Est;Friuli- Venezia Giulia;UD;L483;76,67;66;53,24;3;0,02;1;17;23,42;0
Nord Est;Friuli- Venezia Giulia;UD;L686;0;1;1,83;0;0;0;0;2;0
Nord Est;Friuli- Venezia Giulia;UD;L743;0;1;1;0;0;0;0;0;0
Nord Est;Friuli- Venezia Giulia;UD;L801;0;0;1;0;0;0;0;0;0
Nord Est;Friuli- Venezia Giulia;UD;L909;0;0;1;0;0;0;0;2;0
Nord Est;Friuli- Venezia Giulia;UD;M200;0;0;3;0;0;0;0;0;0
Nord Est;Veneto;BL;A083;0;4,75;2;0;0;0;0;0,02;0
Nord Est;Veneto;BL;A121;0;0;0,5;0;0;0;0;2,83;0
Nord Est;Veneto;BL;A206;1;1;1,97;0;0;0;0;1;0
Nord Est;Veneto;BL;A443;0;4;8;0;0;0;0;2;0
Nord Est;Veneto;BL;A501;2;0;7,86;0;0;1;0;1;0
Nord Est;Veneto;BL;A757;18,2;12,66;29,88;0;0;0;1;2,28;0
Nord Est;Veneto;BL;A982;0;1;2,64;0;0;0;0;0;0
Nord Est;Veneto;BL;B375;1;0;1;0;0;0;0;0;0
Nord Est;Veneto;BL;B574;0;0;6,63;0;0;0;0;0;0
Nord Est;Veneto;BL;B662;0;2;10;0;1;0;0;1;0
Nord Est;Veneto;BL;C146;0;0;2,67;0;0;0;0;0;0
Nord Est;Veneto;BL;C458;0;0;2;0;0;0;0;0;0
Nord Est;Veneto;BL;C562;0;1;2;0;0;0;0;2;0
Nord Est;Veneto;BL;C577;0;2;3,19;0;0;0;0;0;0
Nord Est;Veneto;BL;C630;0;0;6,67;0;0;0;0;0;0
Nord Est;Veneto;BL;C672;0;0;1;0;0;0;0;0;0
Nord Est;Veneto;BL;C919;0;0,5;8,3;0;0;0;0;0;1
Nord Est;Veneto;BL;C920;0;0,83;12,06;0;0;0;0;0;0
Nord Est;Veneto;BL;D247;0;1;3;0;0;0;0;0;0
Nord Est;Veneto;BL;D330;0;0;5;0;0;0;0;0;0
Nord Est;Veneto;BL;D470;2;0;9;0;1;0;0;0;0
Nord Est;Veneto;BL;D506;0;1;6;0;0;0;0;0;0
Nord Est;Veneto;BL;D530;5;5,17;23,88;0;0;0,5;3;3;0
Nord Est;Veneto;BL;D686;0;0;1;0;0;0;0;2,5;0
Nord Est;Veneto;BL;D726;0;3,41;3,35;0;4;0;0;0;0
Nord Est;Veneto;BL;E113;0;0;8,25;0;0;0;0;0;0
Nord Est;Veneto;BL;E429;0;0;2;0;0;0;0;0;0
Nord Est;Veneto;BL;E490;0;1;1;0;0;0;0;0;0
Nord Est;Veneto;BL;E588;0;0;11,33;0;0;0;0;2;0
Nord Est;Veneto;BL;E672;1,5;1;4,93;3;0;0;0;5;0
Nord Est;Veneto;BL;E687;2;0;3,08;0;0;0;0;0;0
Nord Est;Veneto;BL;E708;0;1;0;0;0;0;0;1;0
Nord Est;Veneto;BL;F094;0;1;13,61;0;0;0;2;4;0
Nord Est;Veneto;BL;G169;0;0;0;0;0;0;0;0;0
Nord Est;Veneto;BL;G404;0;0;1;0;0;0;0;0;0
Nord Est;Veneto;BL;G442;0;0;2;0;0;0;0;0;0
Nord Est;Veneto;BL;G638;0;1;4,67;0;0;0;4;5;0
Nord Est;Veneto;BL;G642;2;5;5,33;0;0;0;0;0;0
Nord Est;Veneto;BL;H092;0;0;12,5;0;0;0;0;0;0
Nord Est;Veneto;BL;H124;0;0,49;3;0;0,98;0;0;2;0
Nord Est;Veneto;BL;H327;0;0;2;0;0;0;0;0;0
Nord Est;Veneto;BL;H379;0;1;4,23;0;0;0;0;0;0
Nord Est;Veneto;BL;H938;0;0;1;0;0;0;0;0;0
Nord Est;Veneto;BL;I063;0;0;2;0;0;0;0;0;0
Nord Est;Veneto;BL;I088;0;0;6,17;0;0;0;0;0;0
Nord Est;Veneto;BL;I206;0;1;4,17;0;1;0;0;2;0
Nord Est;Veneto;BL;I345;0;3;9;0;0;0;0;0;0
Nord Est;Veneto;BL;I347;0;0;3;0;1;0;0;0;0
Nord Est;Veneto;BL;I392;1;0;4,09;0;5,04;0;0;0;0
Nord Est;Veneto;BL;I421;0;1;7,96;0;0;0;0;0;0
Nord Est;Veneto;BL;I563;2;1;3,9;0;0;0;2;2,5;0
Nord Est;Veneto;BL;I592;0;0;1,17;0;0;0;0;0;0
Nord Est;Veneto;BL;I626;0;0,33;2,88;0;0;0;0;1;0
Nord Est;Veneto;BL;I673;0;0;5,67;0;0;0;0;0;0
Nord Est;Veneto;BL;I866;0;0,33;7,79;0;0;0;0;4;0
Nord Est;Veneto;BL;I876;0;0;1;0;0;0;1;0;0
Nord Est;Veneto;BL;L030;0;0,89;5,51;0;0;0;0;0;0
Nord Est;Veneto;BL;L040;0;0;4;0;0;0;0;0;0
Nord Est;Veneto;BL;L422;0;2;5,33;0;0;0;0;1;0
Nord Est;Veneto;BL;L584;0;3;3;0;0;0;0;0;0
Nord Est;Veneto;BL;L590;2;1;6,13;0;0;0;0;0;0
Nord Est;Veneto;BL;L692;0;0;1;0;0;0;0;1;0
Nord Est;Veneto;BL;L890;0;0;3,43;0;0;0;0;0;0
Nord Est;Veneto;BL;M108;1;3;5;0;0;0;0;0;0
Nord Est;Veneto;BL;M124;0;0;5;0;0;0;0;0;0
Nord Est;Veneto;BL;M189;0;0;0;0;0;0;0;0;0
Nord Est;Veneto;PD;A001;5;17,33;10,33;0;0;0;3;5;0
Nord Est;Veneto;PD;A075;0;2;2,21;0;0;0;2;0;0
Nord Est;Veneto;PD;A161;7;18;8;0;0;0;3;9;0
Nord Est;Veneto;PD;A296;0;5,11;1,67;0;0;0;0;3;0
Nord Est;Veneto;PD;A434;0;0;0;0;0;0;0;0;0
Nord Est;Veneto;PD;A438;0;0;1,33;0;0;0;0;2;0
Nord Est;Veneto;PD;A458;0;2;4,43;0;0;0;0;3;0
Nord Est;Veneto;PD;A568;0;0;3;0;0;0;0;0;1
Nord Est;Veneto;PD;A613;0;0;8,94;0;0;0;0;0;0
Nord Est;Veneto;PD;A637;0;0;0;0;0;0;0;0;0
Nord Est;Veneto;PD;A714;0;0;0;0;0;0;0;2;0
Nord Est;Veneto;PD;A906;0;1;1,67;0;0;0;0;5;0
Nord Est;Veneto;PD;B031;0;1;0;0;0;0;0;6;0
Nord Est;Veneto;PD;B106;0;2;3,22;0;0;0;0;4;0,22
Nord Est;Veneto;PD;B213;0;1,34;4,5;0;0;0;0;9;0
Nord Est;Veneto;PD;B345;7;9,67;7,56;0;0;0;2;4;0
Nord Est;Veneto;PD;B524;2;6,11;10,4;0;0;0;1;8;0
Nord Est;Veneto;PD;B531;3;1;1,25;0;0;0;0;0;1
Nord Est;Veneto;PD;B563;3;8;4,5;0;0;1;2;16;0
Nord Est;Veneto;PD;B564;1;3;2;0;0;0;0;0;0
Nord Est;Veneto;PD;B589;0;1;5;0;0;0;0;5;1
Nord Est;Veneto;PD;B749;0;0;2;0;0;0;0;0;0,5
Nord Est;Veneto;PD;B795;1;0;6;0;0;0;0;5;1
Nord Est;Veneto;PD;B848;0,13;1;6,92;0;0;0;0;0;0
Nord Est;Veneto;PD;B877;0;0;3,51;0;0;0;1,34;0,66;0
Nord Est;Veneto;PD;B912;1;0,75;4,66;0;0;0;0;2;0
Nord Est;Veneto;PD;C057;0;0;0;0;0;0;0;0;1
Nord Est;Veneto;PD;C544;0,92;3;2,55;0;0;0;1;4;0
Nord Est;Veneto;PD;C713;0;0;7,66;0;0;0;0;0;0
Nord Est;Veneto;PD;C743;15;12;11,5;0;0;0;2;6,16;0
Nord Est;Veneto;PD;C812;0;5;5,31;0;0;0;0;3;0
Nord Est;Veneto;PD;C964;6;12,49;7,5;0;1;0;1;6;0
Nord Est;Veneto;PD;D040;0;2;5;0;0;0;0;0;0
Nord Est;Veneto;PD;D226;1;4;0;0;0;0;0;3;0
Nord Est;Veneto;PD;D442;9;5;6,89;0;0;1;3;2;0
Nord Est;Veneto;PD;D679;6;3;5,88;0;0;0;1;4;0
Nord Est;Veneto;PD;D879;2;1;2;0;0;0;0;3;0
Nord Est;Veneto;PD;D889;1;1;7,84;0;0;0;0;0;0
Nord Est;Veneto;PD;D956;1;0;3;0;0;0;0;4;0
Nord Est;Veneto;PD;E145;2;3;1;0;1;0;0;0;0
Nord Est;Veneto;PD;E146;0;1;0;0;0;0;0;0;0
Nord Est;Veneto;PD;E515;9;7,5;4;0;0;0;0;6;0
Nord Est;Veneto;PD;E592;9;3;6,75;0;0;0;3;10;0
Nord Est;Veneto;PD;E684;2;3;3;0;0;0;0;5;2
Nord Est;Veneto;PD;E709;0;1;9,25;0;0;0;1;2;1,44
Nord Est;Veneto;PD;F011;0;6;4;0;0;0;0;6;0
Nord Est;Veneto;PD;F013;0;0,17;2,31;0;0;0;0;0;0
Nord Est;Veneto;PD;F033;0;2;6;0;0;0;1;5;0
Nord Est;Veneto;PD;F091;0;1;0;0;0;0;0;0;0
Nord Est;Veneto;PD;F092;0;0;3;0;0;0;0;0;0
Nord Est;Veneto;PD;F148;0;3;4;0;0;0;0;2;0
Nord Est;Veneto;PD;F161;5;5,5;8,42;0;1;0;1;5;0
Nord Est;Veneto;PD;F382;12,5;12,33;13,15;0;0;0;1;5;1
Nord Est;Veneto;PD;F394;0;6;8;0;0;1;1;6;0
Nord Est;Veneto;PD;F529;1;2;3,95;0;0;0;2;1;0
Nord Est;Veneto;PD;F962;11;4,88;5;0;0;0;0;6;0
Nord Est;Veneto;PD;G167;0;1,11;0,11;0;0;0;0;0;0
Nord Est;Veneto;PD;G224;167,19;162,01;107,26;1;7;3;22;23,94;1
Nord Est;Veneto;PD;G461;1;4;4,09;0;0;0;2;2;0
Nord Est;Veneto;PD;G534;0;0,55;1;0;0;0;0;0;0
Nord Est;Veneto;PD;G587;3;6;3,6;0;0;0;0;5;0
Nord Est;Veneto;PD;G688;3;1;3,17;0;0;0;0;3;0
Nord Est;Veneto;PD;G693;11,34;13,4;6,61;0;0;1;0,5;4,5;0,33
Nord Est;Veneto;PD;G802;2;2;1,62;0;0;0;0;2;0
Nord Est;Veneto;PD;G823;0;1;4,67;0;0;0;1,5;3;0
Nord Est;Veneto;PD;G850;0;4;2;0;0;0;0;0;0
Nord Est;Veneto;PD;G855;9;3;4,75;0;0;0;1;4;0
Nord Est;Veneto;PD;G963;0;0;6,33;0;0;0;1;1;0
Nord Est;Veneto;PD;H622;0;5;3;0;0;0;1;2;2
Nord Est;Veneto;PD;H625;13;17,2;6;0;0;0;3;3;0
Nord Est;Veneto;PD;H655;0;0;1,5;0;0;0;1;2;0
Nord Est;Veneto;PD;H705;0;0;1;0;0;0;0;0;0
Nord Est;Veneto;PD;H893;1;1;6,5;0;0;0;0;3;1
Nord Est;Veneto;PD;H897;3;1;1;0;0;0;0;3;0
Nord Est;Veneto;PD;I008;5;5;10,5;0;0;0;1;5;0
Nord Est;Veneto;PD;I107;0;0;3,67;0;0;0;0;0;0
Nord Est;Veneto;PD;I120;0;2;3,89;0;0;0;0;3;0
Nord Est;Veneto;PD;I207;0;3;3,57;0;0;0;1;5;0
Nord Est;Veneto;PD;I226;0;0;3,69;0;0;0;0;0;0,25
Nord Est;Veneto;PD;I275;2;2;5;0;0;0;2;4;0
Nord Est;Veneto;PD;I319;1;0;0,25;0;0;0;0;2;0,33
Nord Est;Veneto;PD;I375;0;1;4,1;0;0;0;0;0;1
Nord Est;Veneto;PD;I418;7;1,5;5,14;0;0;0;1;2;0
Nord Est;Veneto;PD;I595;5;7,34;11,5;0;0;0;3;5;0,47
Nord Est;Veneto;PD;I799;1;4;5,26;0;0;0;0;2;0
Nord Est;Veneto;PD;I938;0;0;8;0;0;0;1;2;0
Nord Est;Veneto;PD;L100;0;2,13;5,16;0;0;0;0;2;0
Nord Est;Veneto;PD;L132;0;3;3,66;0;0;0;1;2,27;0
Nord Est;Veneto;PD;L199;1;1;2;0;0;0;2;9,04;0
Nord Est;Veneto;PD;L270;1;2;5;0;0;0;1;0;0
Nord Est;Veneto;PD;L349;0;4;8;0;0;0;3;5;0
Nord Est;Veneto;PD;L414;0;0;0;0;0;0;0;0;0
Nord Est;Veneto;PD;L497;0;1;0,83;0;0;0;0;0;0
Nord Est;Veneto;PD;L710;0;0;0;0;0;0;0;2;0
Nord Est;Veneto;PD;L805;0;0,5;3;0;0;0;0;3;0
Nord Est;Veneto;PD;L878;0;0;3;0;0;0;0;0;1,78
Nord Est;Veneto;PD;L892;0;2;4;0;0;0;0;2;0
Nord Est;Veneto;PD;L900;12,33;16,33;16;0;0;0;2;7;0
Nord Est;Veneto;PD;L934;0;3,33;3;0;0;0;1;2,5;0
Nord Est;Veneto;PD;L937;0;1;0;0;0;0;0;0;0
Nord Est;Veneto;PD;L947;0;4;8,28;0;0;0;2;8;0
Nord Est;Veneto;PD;L979;0;3;2;0;0;0;1;3;0
Nord Est;Veneto;PD;M103;0;0;3;0;0;0;1;0;1
Nord Est;Veneto;PD;M300;1;0;6,5;0;0;0;2;5;0
Nord Est;Veneto;RO;A059;5;14,5;9,92;0;0;0;1;3,24;1,7
Nord Est;Veneto;RO;A400;0;5;4;0;0;0;0;4;1
Nord Est;Veneto;RO;A435;0;1;2;0;0;0;0;3;0
Nord Est;Veneto;RO;A539;2;12;11,33;0;0;0;0;7;0
Nord Est;Veneto;RO;A574;0;0;1,75;0;0;0;0;0;0
Nord Est;Veneto;RO;A795;0;0;0;0;0;0;0;0;0
Nord Est;Veneto;RO;B069;0;1;0;0;0;0;1;0;0
Nord Est;Veneto;RO;B432;0;0;0;0;0;0;0;0;0
Nord Est;Veneto;RO;B578;2;1;4,25;0;0;0;0;0;0
Nord Est;Veneto;RO;B582;0;0;0;0;0;0;0;0;0
Nord Est;Veneto;RO;C122;1;1;1,89;0;0;0;1;0;0
Nord Est;Veneto;RO;C207;1;1,5;1,44;0;1;0;0;0;0
Nord Est;Veneto;RO;C215;0;1;2;0;0;0;0;0;4
Nord Est;Veneto;RO;C461;0;0;0;0;0;0;0;1;1
Nord Est;Veneto;RO;C500;0;1;0,42;0;0;0;0;0;0
Nord Est;Veneto;RO;C987;0;0;0;0;0;0;0;4;0
Nord Est;Veneto;RO;D105;0;3;4;0;0;0;0;2;1
Nord Est;Veneto;RO;D161;0;0;4;0;0;0;0;2;0
Nord Est;Veneto;RO;D568;0;0;3,07;0;0;0;0;1;0
Nord Est;Veneto;RO;D577;0;2;5;0;0;0;0;1;0
Nord Est;Veneto;RO;D776;0;0;1;0;0;0;0;1;0
Nord Est;Veneto;RO;D788;1;4;0;0;0;0;0;0;1
Nord Est;Veneto;RO;D855;0;0;0;0;0;0;0;0;0
Nord Est;Veneto;RO;D942;0;1;2;0;0;0;0;0;0
Nord Est;Veneto;RO;E008;0;1;1;0;0;0;0;0;0
Nord Est;Veneto;RO;E240;0;0;0;0;0;0;0;0;0
Nord Est;Veneto;RO;E522;2;5,5;14,17;2;0;1;2;0;1
Nord Est;Veneto;RO;E689;2;1,75;6,27;0;0;0;0;0;0
Nord Est;Veneto;RO;E761;0;1;4,5;0;0;0;0;2;0
Nord Est;Veneto;RO;F095;0;0;1,86;0;0;0;0;0;0
Nord Est;Veneto;RO;F994;8;10;4;0;0;0;4;3;1
Nord Est;Veneto;RO;G323;0;0;3;0;0;0;0;1;0,5
Nord Est;Veneto;RO;G525;0;0;3;0;0;0;0;0;0
Nord Est;Veneto;RO;G673;0;0;3;0;0;0;0;1;0
Nord Est;Veneto;RO;G782;1;1;2;0;0;0;0;5;0
Nord Est;Veneto;RO;G836;0;0;1,33;0;0;0;0;0;1,66
Nord Est;Veneto;RO;G923;1;9;10,83;0;0;0;0;3;5
Nord Est;Veneto;RO;G926;11;10,34;7,5;0;0;0;3;1;2
Nord Est;Veneto;RO;H573;1;6;8;0;5;0;0;3;4
Nord Est;Veneto;RO;H620;35,18;67,39;34,32;0;0;1;4;10,03;1
Nord Est;Veneto;RO;H689;0;0;2;0;0;0;0;0;2
Nord Est;Veneto;RO;H768;0;0;0;0;0;0;0;0;0
Nord Est;Veneto;RO;H996;0;1,2;0;0;0;0;0;0;0
Nord Est;Veneto;RO;I953;0;6;2,5;0;0;0;0;0;0
Nord Est;Veneto;RO;L026;2;6;9;0;0;0;0;0;0
Nord Est;Veneto;RO;L359;0;0;0;0;0;0;0;0;0
Nord Est;Veneto;RO;L939;0;0;2,4;0;0;0;0;1;0
Nord Est;Veneto;RO;L967;0;0;0;0;0;0;0;0;0
Nord Est;Veneto;RO;L985;0;1;0;0;0;0;0;0;0
Nord Est;Veneto;RO;L988;0;0;0;0;0;0;0;0;0
Nord Est;Veneto;TV;A237;1;1;4;0;0;0;0;3;0
Nord Est;Veneto;TV;A360;0;1;3;0;0;0;0;0;0
Nord Est;Veneto;TV;A471;8;4,5;8,59;0;0;0;0;3;0,75
Nord Est;Veneto;TV;B061;1;3;6;0;0;0;0;1;0
Nord Est;Veneto;TV;B128;1;3;4,5;0;0;0;1;1;0,5
Nord Est;Veneto;TV;B349;1;0,22;4;0;0;0;0;4;0
Nord Est;Veneto;TV;B678;0;1;8;0;0;0;0;0;1
Nord Est;Veneto;TV;B744;3;2;7,21;0;0;0;2;9;0
Nord Est;Veneto;TV;B879;3;15;4;0;0;0;2;5;0
Nord Est;Veneto;TV;B965;2;6;5;0;0;0;0;4;0
Nord Est;Veneto;TV;C073;1;0;1,94;0;0;0;0;0;0,83
Nord Est;Veneto;TV;C111;37;16;15,99;1;0;0;2;14;0
Nord Est;Veneto;TV;C190;1;0;3,19;0;0;0;3;1;0
Nord Est;Veneto;TV;C384;0,01;1;2;0;0;0;0;3;0
Nord Est;Veneto;TV;C580;0;1;4;0;0;0;0;5;0,33
Nord Est;Veneto;TV;C614;0;1;0,33;0;0;0;0;2;0,33
Nord Est;Veneto;TV;C670;0;6;5;0;0;0;1;0;0
Nord Est;Veneto;TV;C689;0;0,52;2,52;0;0;0;0;0;0
Nord Est;Veneto;TV;C735;0;0;6;0;0;0;1;0;2
Nord Est;Veneto;TV;C815;2;4,13;4,2;0;0;0;1;12;0
Nord Est;Veneto;TV;C848;2;5;3;0;0;0;1;1;0
Nord Est;Veneto;TV;C957;23;19;13,85;0;0;0;4,32;9,49;0
Nord Est;Veneto;TV;C992;0;2;12;0;0;0;0;10;0
Nord Est;Veneto;TV;D030;10,13;5,88;3,02;0;0;0;0;9,13;0
Nord Est;Veneto;TV;D157;0;1;8,2;0;0;0;0;3;1
Nord Est;Veneto;TV;D505;2;0;8,83;0;0;0;0;2;0,5
Nord Est;Veneto;TV;D654;2;1,33;6,55;0;0;0;0;2;0
Nord Est;Veneto;TV;D674;1;1;4,13;0;0;0;0;4;0
Nord Est;Veneto;TV;D680;2;1,22;2,5;0;0;1;0;1;0
Nord Est;Veneto;TV;D794;0;1;7;0;0;0;0;0;0
Nord Est;Veneto;TV;D854;0;4;5;0;0;0;0;2;0
Nord Est;Veneto;TV;E021;1;2;1,9;0;0;0;0;3;0
Nord Est;Veneto;TV;E071;4;2;1;0;0;0;0;4;2
Nord Est;Veneto;TV;E092;0;0;3,5;0;0;0;0;16;0
Nord Est;Veneto;TV;E373;0;1;9,5;0;0;0;0;1;0
Nord Est;Veneto;TV;E692;2;3;12,5;0;0;0;2;3;1
Nord Est;Veneto;TV;E893;0;0;6;0;0;0;0;2;0
Nord Est;Veneto;TV;E940;1;3;4,3;0;0;0;1;4;0
Nord Est;Veneto;TV;F009;1;0;4,72;0;0;0;0;0;0
Nord Est;Veneto;TV;F012;3;4;6,33;0;0;0;0;2;0,33
Nord Est;Veneto;TV;F088;0;1;2;0;0;0;0;1;0
Nord Est;Veneto;TV;F116;11;9;3;0;0;0;0;5;0
Nord Est;Veneto;TV;F190;0;0;7,83;0;0;0;0;0;0
Nord Est;Veneto;TV;F269;10;8;14,69;0;0;0;3;8,07;0
Nord Est;Veneto;TV;F332;1;2;2;0;0;0;0;7;2
Nord Est;Veneto;TV;F360;0;0;2,78;0;0;0;0;0;1
Nord Est;Veneto;TV;F443;21,5;14,55;12,96;0;0;1;1,15;10;1
Nord Est;Veneto;TV;F725;2;0;5,75;0;0;0;0;0;1
Nord Est;Veneto;TV;F729;0;2;6,22;0;0;0;0;2;1
Nord Est;Veneto;TV;F770;7;8;2,67;0;0;0;0;6;0
Nord Est;Veneto;TV;F872;3;2;4,83;0;0;0;0;3;0
Nord Est;Veneto;TV;F999;11,26;11;12,21;0;0;0;2;14;0
Nord Est;Veneto;TV;G115;0;2;3,26;0;0;0;1;1;0
Nord Est;Veneto;TV;G123;0;0;6;0;0;0;0;3;1
Nord Est;Veneto;TV;G221;0;2;1,64;0;0;0;0;0;0
Nord Est;Veneto;TV;G229;9;12;6,15;0;0;0;2;7;2
Nord Est;Veneto;TV;G408;1;5;3,75;0;0;0;1;3;1
Nord Est;Veneto;TV;G645;7;6;4,79;0;0;1;0;5;0
Nord Est;Veneto;TV;G846;1;5;14,27;0;0;0;0;13;0
Nord Est;Veneto;TV;G875;4;16;8,13;0;0;0;0;4;0
Nord Est;Veneto;TV;G909;0;1;0;0;0;0;0;2;1
Nord Est;Veneto;TV;G933;4;1;7;0;0;0;0;2;1
Nord Est;Veneto;TV;G944;1;1,34;3;0;0;0;0;1;0
Nord Est;Veneto;TV;H022;4;5;6;0;0;0;0;1;0
Nord Est;Veneto;TV;H131;1;7;7,89;0;0;0;2;9,08;0
Nord Est;Veneto;TV;H220;0;0;2,33;0;0;0;0;0;0
Nord Est;Veneto;TV;H238;1;0;9,71;0;0;0;0;4;0
Nord Est;Veneto;TV;H253;1;0;3,5;0;0;0;0;2;0
Nord Est;Veneto;TV;H280;4;16;12,22;0;0;0;2;7,23;0
Nord Est;Veneto;TV;H523;4;4;11,87;0;0;0;0;4;1
Nord Est;Veneto;TV;H706;0;4,2;1,67;0;0;0;0;2;0
Nord Est;Veneto;TV;H781;0;7,75;9,21;0;0;0;0;2,02;0,5
Nord Est;Veneto;TV;H843;2;1;7;0;0;0;0;2;0
Nord Est;Veneto;TV;I103;0;1;3;0;0;0;0;1;0
Nord Est;Veneto;TV;I124;2;3;3,5;0;0;0;1;3;0
Nord Est;Veneto;TV;I221;2;2;4,17;0;0;0;0;6;0
Nord Est;Veneto;TV;I382;4;7,5;4;0;0;0;1;5;0
Nord Est;Veneto;TV;I417;0;1,5;4,1;0;0;0;0;0;3
Nord Est;Veneto;TV;I435;0;0;7,5;0;0;0;0;1;1
Nord Est;Veneto;TV;I578;0;3;3;0;0;0;0;0;0
Nord Est;Veneto;TV;I635;0;1;4;0;0;0;0;4;3
Nord Est;Veneto;TV;I927;14;8,5;5,67;0;0;0;1;7;0
Nord Est;Veneto;TV;L014;3,5;3,5;6,5;0;0;0;0;1,5;1
Nord Est;Veneto;TV;L058;0;1;4,5;0;0;0;0;0;1
Nord Est;Veneto;TV;L402;2;2;6,5;0;0;0;0;6;0
Nord Est;Veneto;TV;L407;82;60,55;33,82;1;1;1;7;10,01;0
Nord Est;Veneto;TV;L565;3;4;15,39;0;0;0;1;7;3,33
Nord Est;Veneto;TV;L700;1;7;7;0;0;0;0;4;0
Nord Est;Veneto;TV;L706;1;5;13,5;0;0;0;0;2,1;1
Nord Est;Veneto;TV;L856;0;1;3,44;0;0;0;0;0;0
Nord Est;Veneto;TV;M048;17;42;13,75;0;1;0;7;12;0
Nord Est;Veneto;TV;M089;5,5;10;17,5;0;0;0;2;1,18;0
Nord Est;Veneto;TV;M118;2;3;5,33;0;0;0;1;10;1
Nord Est;Veneto;TV;M163;0;0;1,42;0;0;0;0;2;0
Nord Est;Veneto;TV;M171;3;12,67;6;0;0;0;3;3;0
Nord Est;Veneto;VE;A302;1;9;2;0;0;0;0;4;1
Nord Est;Veneto;VE;B493;2,5;3;6;0;0;0;0;2;0
Nord Est;Veneto;VE;B546;0;1,33;5,83;0;0;0;2;0;0
Nord Est;Veneto;VE;B554;2;4;7,55;0;0;0;1;2;0
Nord Est;Veneto;VE;B642;0;28;11,5;0;1;0;10;1;0
Nord Est;Veneto;VE;C383;7;5,25;7,5;0;0;0;2;8;4
Nord Est;Veneto;VE;C388;12;26;13,63;0;4;2;8;9,07;0,67
Nord Est;Veneto;VE;C422;1;1;5,67;0;0;0;0;2;0
Nord Est;Veneto;VE;C638;2;30,39;30,21;4;1;1;3,15;1;0
Nord Est;Veneto;VE;C714;0;0,35;1,5;0;0;0;0;0;0
Nord Est;Veneto;VE;C938;2;2;6,5;0;0;0;0;1;0
Nord Est;Veneto;VE;C950;1;3;7,25;0;0;0;0;4;0,5
Nord Est;Veneto;VE;D325;8;13;12,58;0;0;1;1;6;0
Nord Est;Veneto;VE;D415;3;2;14,79;0;0;0;0;1,25;1
Nord Est;Veneto;VE;D578;7;3;5;0;0;0;0;0;0
Nord Est;Veneto;VE;D740;1;1;1;0;0;0;0;1;0
Nord Est;Veneto;VE;D741;1;2;0;0;0;0;2;15;0
Nord Est;Veneto;VE;D748;1;8;4,25;0;0;0;0;5;0
Nord Est;Veneto;VE;E215;1;0;2,72;0;0;0;0;0;0
Nord Est;Veneto;VE;E936;12,17;5,34;6,95;0;0;0;1;8;0
Nord Est;Veneto;VE;E980;3;13,08;8,62;0;0;0;1;12,1;0
Nord Est;Veneto;VE;F130;1;0,33;7;0;0;0;0;1;0
Nord Est;Veneto;VE;F229;4,09;10;14,82;0;0;1;2;3;2
Nord Est;Veneto;VE;F241;12;4;12,08;0;0;0;7;9;0
Nord Est;Veneto;VE;F826;0;0;7;0;0;0;0;0;0
Nord Est;Veneto;VE;F904;3;13,23;3,46;0;0;0;0;9;1
Nord Est;Veneto;VE;F963;6;9;4,13;0;0;0;0;4;1
Nord Est;Veneto;VE;G565;4;7;8,08;0;0;0;7;13;0
Nord Est;Veneto;VE;G914;13;15;13,07;0;0;1;0;8;4,5
Nord Est;Veneto;VE;G981;0;0;2;0;0;1;0;0;0
Nord Est;Veneto;VE;H117;1;2;5,61;0;0;0;0;5;0
Nord Est;Veneto;VE;H735;1;3;9,69;0;0;0;0;5;0
Nord Est;Veneto;VE;H823;23;21,67;13,85;0;0;0;4;8;0,7
Nord Est;Veneto;VE;I040;2;17;9,57;0;0;1;1;2;0,34
Nord Est;Veneto;VE;I242;5;6;10,5;0;0;0;2;5;0
Nord Est;Veneto;VE;I373;3;5;6,61;0;0;0;0;11;1
Nord Est;Veneto;VE;I551;6;7;10,5;0;0;0;3;10;0
Nord Est;Veneto;VE;I908;3;13;16,25;0;0;0;0;5;0
Nord Est;Veneto;VE;I965;0;2;0;0;0;0;0;0;0
Nord Est;Veneto;VE;L085;0;1;1;0;0;0;0;0;0
Nord Est;Veneto;VE;L267;0;4;0,83;0;0;0;1;1;0
Nord Est;Veneto;VE;L736;130,68;187,78;102,03;3;3,5;7;34,22;30,61;0
Nord Est;Veneto;VE;L899;3;7;5;0;0;0;2;1;0
Nord Est;Veneto;VE;M308;0;0;0;0;0;0;0;0;0
Nord Est;Veneto;VI;A093;0;0;3,72;0;0;0;1;8;0
Nord Est;Veneto;VI;A154;0;0;0,5;0;0;0;0;0;1
Nord Est;Veneto;VI;A220;0;0;2,67;0;0;0;1;2;0
Nord Est;Veneto;VI;A231;9;9,5;5;0;0;0;6;7;0
Nord Est;Veneto;VI;A236;0;0;12,25;0;0;0;0;1;0
Nord Est;Veneto;VI;A377;3;5;16;0;0;0;0;1,04;0
Nord Est;Veneto;VI;A444;0;1;1;0;0;0;1;2;0
Nord Est;Veneto;VI;A459;8;13;22,66;1;0;0;0;15,04;0
Nord Est;Veneto;VI;A465;6;1,5;8,01;0;0;0;0;1;1
Nord Est;Veneto;VI;A467;0;0;2;0;0;0;0;1;0
Nord Est;Veneto;VI;A627;0;2;5,55;0;0;1;0;1;0
Nord Est;Veneto;VI;A703;33,67;25,72;14,87;0;0;1;5;11,09;0
Nord Est;Veneto;VI;A954;3;2;6,39;0;0;0;0;3;1
Nord Est;Veneto;VI;B132;1;10;2;0;0;0;0;2;0
Nord Est;Veneto;VI;B143;3;1;5,33;0;0;0;0;8,08;0
Nord Est;Veneto;VI;B161;0;1;0;0;0;0;1;2;0
Nord Est;Veneto;VI;B196;0;1,6;1;0;0;0;1;0;0
Nord Est;Veneto;VI;B403;2;2;6,49;0;0;0;1;2;0
Nord Est;Veneto;VI;B433;0;0;2;0;0;0;0;0;0
Nord Est;Veneto;VI;B441;0;0;2,36;0;0;0;0;0;0
Nord Est;Veneto;VI;B485;0;38;7,32;0;0;0;0;5,09;0,46
Nord Est;Veneto;VI;B511;0;0;2,93;0;0;0;0;8;0
Nord Est;Veneto;VI;B547;0;0;0;0;0;0;0;0;0
Nord Est;Veneto;VI;B835;0;1;1;0;0;0;1;3;0
Nord Est;Veneto;VI;B844;0;0,25;0;0;0;0;0;1;0
Nord Est;Veneto;VI;C037;4;9,32;7,08;0;0,32;0;0;9,21;0
Nord Est;Veneto;VI;C056;0;0;4,67;0;0;0;0;2;0
Nord Est;Veneto;VI;C119;0;0,73;3;0;0;0;0;4;0
Nord Est;Veneto;VI;C605;4;6;10,75;0;0;0;0;5;0
Nord Est;Veneto;VI;C650;0;0;1,33;0;0;0;0;1;0
Nord Est;Veneto;VI;C734;0;3;2;0;0;1;0;0;0
Nord Est;Veneto;VI;C824;0;0;5;0;0;0;0;2;0
Nord Est;Veneto;VI;C949;0;2;4;0;0;0;0;0;0
Nord Est;Veneto;VI;D020;3;3,75;11;0;0;0;0;8;0
Nord Est;Veneto;VI;D107;3;2,5;2,5;0;0;0;0;4;0
Nord Est;Veneto;VI;D136;7;4;7,34;0;0;0;0;6;0
Nord Est;Veneto;VI;D156;0;0;4;0;0;0;0;0;1
Nord Est;Veneto;VI;D379;2;2;6,63;0;0;0;0;6;1
Nord Est;Veneto;VI;D407;0;0,67;1,35;0;0;0;0;0;0
Nord Est;Veneto;VI;D496;0;0;5;0;0;0;1;2;0
Nord Est;Veneto;VI;D717;0;0;2,68;0;0;0;1;0;0
Nord Est;Veneto;VI;D750;0;1,67;3,25;0;0;0;0;0;0
Nord Est;Veneto;VI;D882;3;2;7,14;0;1;0;0;0;0
Nord Est;Veneto;VI;D897;0;0;11;0;0;0;0;3;0
Nord Est;Veneto;VI;D902;0;0;0;0;0;0;0;0;0
Nord Est;Veneto;VI;E138;0;2;1;0;0;0;0;0;0
Nord Est;Veneto;VI;E184;0;1,11;2;0;0;0;1;7;0
Nord Est;Veneto;VI;E226;0;1;2,5;0;0;0;0;0;0
Nord Est;Veneto;VI;E354;2;2;13,93;0;1;0;0;7,06;0
Nord Est;Veneto;VI;E403;0;0;1;0;0;0;0;0;0
Nord Est;Veneto;VI;E465;0;0;0;0;0;0;0;0;0
Nord Est;Veneto;VI;E671;4;1;4,93;0;0;0;1;0;0
Nord Est;Veneto;VI;E682;5;9;15,11;0;0;0;2;5;1
Nord Est;Veneto;VI;E731;0;0;3;0;0;0;0;0;0
Nord Est;Veneto;VI;E762;0;0,02;6,8;0;0;0;0;2;0
Nord Est;Veneto;VI;E864;8;3;10,95;0;0;0;0;13;0
Nord Est;Veneto;VI;E912;0;3;6,33;0;0;0;1;4;0
Nord Est;Veneto;VI;E970;6;8,17;5;0;0;0;0;2;0
Nord Est;Veneto;VI;F019;0;2;4;0;0;0;0;2;0
Nord Est;Veneto;VI;F306;0;0;2,73;0;0;0;0;1;0
Nord Est;Veneto;VI;F442;0;1,67;10,58;0;0;0;0,13;6,06;0
Nord Est;Veneto;VI;F464;13;15,71;29,21;0;0;0;8;15,33;0
Nord Est;Veneto;VI;F465;0;0;5;0;0;0;0;2;0
Nord Est;Veneto;VI;F486;0;1;5,17;0;0;0;0;5;0
Nord Est;Veneto;VI;F514;0;0;2,38;0;0;0;0;0;0
Nord Est;Veneto;VI;F515;0;1;1;0;0;0;0;0;0
Nord Est;Veneto;VI;F662;0;0;3;0;0;0;1;1;0
Nord Est;Veneto;VI;F675;2,5;1;0,25;0;0;0;0;5;0
Nord Est;Veneto;VI;F696;0;0;6;0;0;0;0;2;0
Nord Est;Veneto;VI;F768;0;0;3;0;0;0;0;3;0
Nord Est;Veneto;VI;F810;0;0;1;0;0;0;0;0;0,2
Nord Est;Veneto;VI;F829;1;1;5,5;0;0;0;0;2;1
Nord Est;Veneto;VI;F838;1;1;0;0;0;0;0;0;0
Nord Est;Veneto;VI;F922;0;0;0;0;0;0;0;1;0
Nord Est;Veneto;VI;F957;0;0;4;0;0;0;0;6;0
Nord Est;Veneto;VI;F964;5;2,67;2;0;0;0;0;7;0,22
Nord Est;Veneto;VI;G095;0;0,06;1;0;0;0;1;4;0
Nord Est;Veneto;VI;G560;0;0;2;0;0;0;0;1;0
Nord Est;Veneto;VI;G694;1;0,66;2,19;0;0;0;0;1;3
Nord Est;Veneto;VI;G776;0;0;3,03;0;0;0;0;4,5;0
Nord Est;Veneto;VI;G931;0;0;2;0;0;0;0;0;0
Nord Est;Veneto;VI;G943;0;0;2;0;0;0;0;1;0
Nord Est;Veneto;VI;G957;0;0;4;0;0;0;1;1;1
Nord Est;Veneto;VI;H134;0;2;0,17;0;0;0;0;1;0
Nord Est;Veneto;VI;H214;0;3,34;7,67;0;0;0;0;0;0
Nord Est;Veneto;VI;H361;4;0,5;5,5;0;1;0;0;0;0
Nord Est;Veneto;VI;H512;0;4;5,36;0;0;0;4;3;0
Nord Est;Veneto;VI;H556;0;3,33;6,54;0;0;0;0;4;0
Nord Est;Veneto;VI;H580;6;2,25;4,24;0;0;0;0;4;0
Nord Est;Veneto;VI;H594;0;0;1;0;0;0;0;0;0
Nord Est;Veneto;VI;H829;5;6;5;0;0;0;0;15,06;0
Nord Est;Veneto;VI;H863;0;0;2,5;0;0;0;0;0;0
Nord Est;Veneto;VI;I047;0;0;0;0;0;0;0;0;0
Nord Est;Veneto;VI;I117;0;1;1;0;0;0;0;1;0
Nord Est;Veneto;VI;I353;1;1,67;8,25;0;0;0;0;8;0
Nord Est;Veneto;VI;I401;0;2;2;0;0;0;0;3;0
Nord Est;Veneto;VI;I425;2;0;2;1;0;0;0;15;0
Nord Est;Veneto;VI;I430;0;1;3;0;0;0;1;3;0
Nord Est;Veneto;VI;I527;1;6;6;0;0;0;0;0;0
Nord Est;Veneto;VI;I531;22;23,04;21,93;0;0;1;6;35;0
Nord Est;Veneto;VI;I783;0;2,83;1;0;0;0;0;2;0
Nord Est;Veneto;VI;I867;1;1;5,75;0;0;0;2;3;0
Nord Est;Veneto;VI;I879;1;7;18,34;0;0;0;0;3;0
Nord Est;Veneto;VI;L156;0;0;8,5;0;0;0;0;10;0
Nord Est;Veneto;VI;L157;27,22;19,75;19,8;0;0;0;1;15,03;0
Nord Est;Veneto;VI;L248;0;1;4;0;0;0;0;4;0
Nord Est;Veneto;VI;L297;4;11;0,67;0;0;0;3;2,16;0
Nord Est;Veneto;VI;L433;1;4;11,98;0;0;0;2;13;0
Nord Est;Veneto;VI;L551;3;9;26,33;0;0,33;0;1;7;0
Nord Est;Veneto;VI;L554;0;0;0,64;0;0;0;0;0;0
Nord Est;Veneto;VI;L624;0;1;12,99;0;0;0;0;0;0
Nord Est;Veneto;VI;L650;0;1,25;0,25;0;0;0;0;1;0
Nord Est;Veneto;VI;L723;0;0;4,61;0;0;0;0;2;0
Nord Est;Veneto;VI;L840;68,33;98,67;53,39;0;0;0;2;31,07;1
Nord Est;Veneto;VI;L952;0;0,5;2,83;0;0;0;0;1;1,27
Nord Est;Veneto;VI;M032;0;4;4,5;0;0;0;1;6;1
Nord Est;Veneto;VI;M145;14,93;2;9,05;0;0;0;1;3;0
Nord Est;Veneto;VI;M170;1;2;1;0;0;0;0;1;0
Nord Est;Veneto;VI;M194;0;1;1;0;0;0;0;0;0
Nord Est;Veneto;VI;M199;0;1;14;0;0;0;0;5;0
Nord Est;Veneto;VR;A061;7;1;1;0;0;0;4;1;0
Nord Est;Veneto;VR;A137;1;0;6;0;0;0;0;1;3
Nord Est;Veneto;VR;A292;4;0,5;5,5;0;0;0;0;1;1
Nord Est;Veneto;VR;A374;0;0;13,14;0;0;0;0;2;0,07
Nord Est;Veneto;VR;A540;0;0;14;0;0;0;0;1;1
Nord Est;Veneto;VR;A650;0;3;7,65;0;1;0;0;1;0
Nord Est;Veneto;VR;A737;0;0;4;0;0;0;0;0;0
Nord Est;Veneto;VR;A837;0;1;1;0;0;0;0;0;0
Nord Est;Veneto;VR;A964;1;0;1,17;0;0;0;0;0;1
Nord Est;Veneto;VR;B070;0;0;0,83;0;0;0;0;0;0
Nord Est;Veneto;VR;B073;1;0;13,2;0;1,5;0;0;2;0,3
Nord Est;Veneto;VR;B107;1;6,5;13,92;0;0;0;0;2,5;0
Nord Est;Veneto;VR;B152;1;0;1,25;0;0;0;0;0;0
Nord Est;Veneto;VR;B154;1;1,33;0,22;0;3;1;0;0;0
Nord Est;Veneto;VR;B296;8;15;12,25;0;0;0;3;4,2;0
Nord Est;Veneto;VR;B304;0;8,13;6,76;0;0;0;0;2;0
Nord Est;Veneto;VR;B402;1,5;10;13;0;0;0;1;1;0
Nord Est;Veneto;VR;B709;6;10,17;10,67;0;0;0;0;1;0
Nord Est;Veneto;VR;B886;1;0,5;7;0;0;0;0;0;0
Nord Est;Veneto;VR;C041;0;1;4,75;0;0;0;0;1;0
Nord Est;Veneto;VR;C078;1;7;12,91;0;0;0;0;4;0
Nord Est;Veneto;VR;C225;2;4,22;6,32;0;1;0;3;4,11;0
Nord Est;Veneto;VR;C370;0;2;3,83;0;1;0;1;9;0,17
Nord Est;Veneto;VR;C412;0;0;3,5;0;0;0;0;0;0
Nord Est;Veneto;VR;C498;5;13;23;0;0;0;1;3;0
Nord Est;Veneto;VR;C538;0;0;4;0;0;0;0;0;0
Nord Est;Veneto;VR;C890;2,5;3;12;0;0;0;0;2;3,33
Nord Est;Veneto;VR;C897;6;10,67;15,33;0;0;0;1;6;0
Nord Est;Veneto;VR;C943;0;1;0;0;0;0;0;0;0
Nord Est;Veneto;VR;D118;0;0;6;0;0;0;2;1;0
Nord Est;Veneto;VR;D193;0;3;6;0;0;0;0;0;0
Nord Est;Veneto;VR;D317;4;0,5;3;0;0;0;0;4;0
Nord Est;Veneto;VR;D419;0;0;2;0;0;0;0;0;0
Nord Est;Veneto;VR;D420;0;0,5;12,16;0;0;0;0;0;0,02
Nord Est;Veneto;VR;D549;0;0;1;0;0;0;0;0;0
Nord Est;Veneto;VR;D818;0;0;14,75;0;0;0;0;1;2
Nord Est;Veneto;VR;D915;4;0,45;3,5;0;1;0;0;0;0
Nord Est;Veneto;VR;D957;0;2;3;0;0;0;0;1;0
Nord Est;Veneto;VR;E171;0;1,66;17,69;0;0;0;0;0,66;0
Nord Est;Veneto;VR;E284;0;0;16,33;0;0;0;1;2;0
Nord Est;Veneto;VR;E349;1;4,4;8,5;0;0;0;0;2;3
Nord Est;Veneto;VR;E358;0;1;2,67;0;0;0;0;0;0
Nord Est;Veneto;VR;E489;3;3;14,53;0;0;0;1;0;0
Nord Est;Veneto;VR;E502;1,04;2,34;4,44;0;1;1;0;1;0
Nord Est;Veneto;VR;E512;12;13,92;10;0;2;0;0;2;0
Nord Est;Veneto;VR;E848;1;4,75;6,66;0;0;0;0;0;0
Nord Est;Veneto;VR;E911;0;0;2,67;0;0;0;0;0;0
Nord Est;Veneto;VR;F172;0;0;6;0;0;0;0,67;0;0
Nord Est;Veneto;VR;F218;1;1;5,83;0;0;0;0;5;2
Nord Est;Veneto;VR;F461;1;0;4,56;0;0;0;0;1,05;0
Nord Est;Veneto;VR;F508;2;2;6,94;0;0;0;0;4;0
Nord Est;Veneto;VR;F789;1;1;7,5;0;0;0;0;3;0
Nord Est;Veneto;VR;F861;11;11,4;26,18;0;0;1;0;3;0
Nord Est;Veneto;VR;F918;3;8;10;0;0;0;0;1;0
Nord Est;Veneto;VR;F921;0;1;9;0;0;0;0;1;0
Nord Est;Veneto;VR;G080;3;4,98;13,43;0;0;0;0;0,34;2,67
Nord Est;Veneto;VR;G297;0;0;3;0;0;0;0;0;1
Nord Est;Veneto;VR;G365;3;1;5,64;0;0;0;0;5;0
Nord Est;Veneto;VR;G481;2;5;17,67;0;0;0;1;7;0
Nord Est;Veneto;VR;G489;8;8;10,08;0;0;0;0;1;0
Nord Est;Veneto;VR;G945;1;2;7,5;0;0;0;0;1;1
Nord Est;Veneto;VR;H048;0;0;7,81;0;0;0;0;3;1
Nord Est;Veneto;VR;H356;0;0;1;0;0;0;0;2;0
Nord Est;Veneto;VR;H522;0;1;10,53;0;0;0;0;1;0
Nord Est;Veneto;VR;H540;0;1;14,44;0;0;0;0;3;4
Nord Est;Veneto;VR;H606;1;1;4;0;0;0;0;4;1
Nord Est;Veneto;VR;H608;0;1,38;11,44;0;0;0;0;0;2,4
Nord Est;Veneto;VR;H610;0;0;7;0;0;0;0;0;0
Nord Est;Veneto;VR;H712;0;0;6,68;0;0;0;0;0;1
Nord Est;Veneto;VR;H714;0;2;4;0;0;0;0;0;0
Nord Est;Veneto;VR;H783;11;13;16,11;0;0;0;2;13;0
Nord Est;Veneto;VR;H916;0;1;15,51;0;0;0;0;2;0
Nord Est;Veneto;VR;H924;10;21;21,29;0;0;0;4;8;0
Nord Est;Veneto;VR;H944;0;2;0;0;0;0;0;1;0
Nord Est;Veneto;VR;I003;12;16,67;20,16;0;0;0;1;17;0
Nord Est;Veneto;VR;I105;0;7,75;2;0;0;0;0;1;0
Nord Est;Veneto;VR;I109;4;4,5;19,03;0;0;0;0;0;1
Nord Est;Veneto;VR;I259;8,4;6;8;0;0;0;1;3,04;0
Nord Est;Veneto;VR;I292;5;2;17,18;0;0;0;0;0;2,29
Nord Est;Veneto;VR;I414;0;0;7;0;0;0;0;0;0
Nord Est;Veneto;VR;I594;0;0;11;0;0;0;0;0;0
Nord Est;Veneto;VR;I775;1;1;4;0;0;0;0;0;1
Nord Est;Veneto;VR;I821;5;11,47;14;0;0;0;2;8;4
Nord Est;Veneto;VR;I826;6;9;14,91;0;0;0;3;6;0,83
Nord Est;Veneto;VR;I850;1;2;2;0;0;0;0;1;1
Nord Est;Veneto;VR;L136;0;0;2,67;0;0;0;0;0;1
Nord Est;Veneto;VR;L287;2;0;3,47;0;0;0;0;0;0
Nord Est;Veneto;VR;L364;0;0;5;0;0;0;0;1;0
Nord Est;Veneto;VR;L396;0;0;3;0;0;0;0;0;0
Nord Est;Veneto;VR;L567;0;13;25,27;0;1;1;0;9;0
Nord Est;Veneto;VR;L722;2;0;10,04;0;0;0;0;0;2,27
Nord Est;Veneto;VR;L781;171,68;145,2;162,85;0;5;0;11;30,86;2
Nord Est;Veneto;VR;L810;0;0;15;0;0;0;0;1;0
Nord Est;Veneto;VR;L869;1;9,67;11,94;0;0;0;0;0;0
Nord Est;Veneto;VR;L912;0;0;10,25;0;0;0;0;0;0
Nord Est;Veneto;VR;L949;14;8;37,49;0;0;0;1;3;1,85
Nord Est;Veneto;VR;M172;4;6;19,42;0;0;0;1;4;0
Nord Est;Veneto;VR;M178;0;0;9,57;0;0;0;0;0;0
Centro;Lazio;FR;A032;0;0;0;0;0;0;0;0;0
Centro;Lazio;FR;A054;0;1;2;0;0;0;0;0;0
Centro;Lazio;FR;A081;0;0;0;0;0;0;0;0;0
Centro;Lazio;FR;A123;1,5;8,44;15,1;0;0;0;0,66;0;0
Centro;Lazio;FR;A244;0;0;2;0;0;0;0;0;0
Centro;Lazio;FR;A256;0;1;3;0;0;0;0;0;1
Centro;Lazio;FR;A269;1;14;17,6;0;0;0;0;6;1
Centro;Lazio;FR;A310;0;3;3;0;0;0;0;0;0
Centro;Lazio;FR;A348;0;3;0;0;0;0;0;0;0
Centro;Lazio;FR;A363;1;1;11,34;0;0;0;0;0;0
Centro;Lazio;FR;A421;0;0;4,67;0;0;0;0;0;0
Centro;Lazio;FR;A433;0;0;8,83;0;0;0;0;2,17;0
Centro;Lazio;FR;A486;0;1;2;0;0;0;0;0;0
Centro;Lazio;FR;A502;0;2;1;0;0;0;0;0;0
Centro;Lazio;FR;A720;0;3;2,25;0;0;0;0;0;0
Centro;Lazio;FR;A763;0;0;0;0;0;0;0;0;0
Centro;Lazio;FR;B195;0;1;1;0;0;0;0;0;0
Centro;Lazio;FR;B543;0;1;1;0;0;0;0;0;0
Centro;Lazio;FR;B862;0;0;0;0;0;0;0;0;0
Centro;Lazio;FR;B919;0;1;2;0;0;0;0;0;0
Centro;Lazio;FR;C034;4;29;9,83;0;0;0;2;6;0
Centro;Lazio;FR;C177;0;0;0;0;0;0;0;0;0
Centro;Lazio;FR;C223;0;0;1;0;0;0;0;0;0
Centro;Lazio;FR;C338;0;0;2,75;0;0;0;0;0;0
Centro;Lazio;FR;C340;0;1;4;0;0;0;0;1;0
Centro;Lazio;FR;C413;7,5;9,5;16,5;0;0;0;1;1;0
Centro;Lazio;FR;C479;0;6;2;0;0;0;0;0;0
Centro;Lazio;FR;C545;2;1;1;0;0;0;0;0;0
Centro;Lazio;FR;C836;0;0;1;0;0;0;0;0;0
Centro;Lazio;FR;C864;0;0;0;0;0;0;0;0;0
Centro;Lazio;FR;C870;0;0;1;0;0;0;0;0;0
Centro;Lazio;FR;C998;0;0,2;0,4;0;0;0;0;2;0
Centro;Lazio;FR;D440;0;0;0,5;0;0;0;0;0;0
Centro;Lazio;FR;D483;0;0;0;0;0;0;0;0;0
Centro;Lazio;FR;D539;0;7;11;0;0;0;0;3;0
Centro;Lazio;FR;D591;0;1;1;0;0;0;0;0;0
Centro;Lazio;FR;D667;0;0;2;0;0;0;0;0;0
Centro;Lazio;FR;D682;0;0;1;0;0;0;0;0;0
Centro;Lazio;FR;D810;21,33;20,97;8,36;0;0;1;3;4;0
Centro;Lazio;FR;D819;0;0,33;2,66;0;0;0;0;0;0
Centro;Lazio;FR;D881;0;0;0;0;0;0;0;1;0
Centro;Lazio;FR;E057;0;0;1,47;0;0;0;0;0;0
Centro;Lazio;FR;E236;0;1;1;0;0;0;0;0;0
Centro;Lazio;FR;E340;1;4,5;5,17;0;0;0;2;3;0
Centro;Lazio;FR;F620;0;1;2,75;0;0;0;0;0;0
Centro;Lazio;FR;F740;1;2;3;0;0;0;1;0;0
Centro;Lazio;FR;G276;0;0;4;0;0;0;0;1;0
Centro;Lazio;FR;G362;0;1;1;0;0;0;1;0;0
Centro;Lazio;FR;G374;0;1;0;0;0;0;0;0;0
Centro;Lazio;FR;G500;0;2;3;0;0;0;0;0;0
Centro;Lazio;FR;G591;0;1;3;0;0;0;0;0;0
Centro;Lazio;FR;G592;0;0;0;0;0;0;0;0;1
Centro;Lazio;FR;G598;0;1;4;0;0;1;0;4;0
Centro;Lazio;FR;G659;0;0,25;4,25;0;0;0;0;0;0
Centro;Lazio;FR;G662;0;2;0;0;0;0;1;1;0
Centro;Lazio;FR;G749;0;0;1,5;0;0;0;0;0;0
Centro;Lazio;FR;G838;0;4;2,5;0;0;0;1;0;0
Centro;Lazio;FR;G935;0;0;0;0;0;0;0;0;0
Centro;Lazio;FR;H324;0;0;1;0;0;0;0;1;0
Centro;Lazio;FR;H393;0;1;0;0;0;0;0;0;0
Centro;Lazio;FR;H443;0;2;4;0;0;0;1;3;0
Centro;Lazio;FR;H779;0;0;0;0;0;0;0;0;0
Centro;Lazio;FR;H824;0;1;0;0;0;0;0;0;0
Centro;Lazio;FR;H880;0;1;1,78;0;0;0;0;0;0
Centro;Lazio;FR;H917;0;2;1;0;0;0;0;0;0
Centro;Lazio;FR;I256;0;0;1;0;0;0;0;0;0
Centro;Lazio;FR;I265;0;0;0;0;0;0;0;0;0
Centro;Lazio;FR;I302;0;0;1;0;0;0;0;0;0
Centro;Lazio;FR;I321;0;1;5;0;0;0;0;0;0
Centro;Lazio;FR;I351;0;0;3;0;0;0;0;1;0
Centro;Lazio;FR;I364;0;0;0;0;0;0;0;0;1
Centro;Lazio;FR;I408;0;1;0,5;0;0;0;0;0;0
Centro;Lazio;FR;I669;0;0;7;0;0;0;0;0;0
Centro;Lazio;FR;I697;0;0;0;0;0;0;0;0;0
Centro;Lazio;FR;I716;0;1;2;0;0;0;0;0;0
Centro;Lazio;FR;I838;3;15;10,33;0;0;0;0;2;0
Centro;Lazio;FR;I973;0;0;0;0;0;0;0;0;0
Centro;Lazio;FR;L009;0;4;0;0;0;0;0;0;0
Centro;Lazio;FR;L105;0;0;0;0;0;0;0;0;0
Centro;Lazio;FR;L243;0;0;0;0;0;0;0;0;0
Centro;Lazio;FR;L290;1;1;2,95;0;0;0;0;0;0
Centro;Lazio;FR;L398;0;1;3;0;0;0;0;0;0
Centro;Lazio;FR;L437;0;0;0;0;0;0;0;0;0
Centro;Lazio;FR;L598;0;0;2;0;0;0;0;0;0
Centro;Lazio;FR;L605;0;0;1,5;0;0;0;0;0;0
Centro;Lazio;FR;L614;0;0;0;0;0;0;0;0;0
Centro;Lazio;FR;L780;1;11,86;10,3;0;0;0;0;0;0
Centro;Lazio;FR;L836;0;1;0;0;0;0;0;0;0
Centro;Lazio;FR;L843;0;0;0;0;0;0;0;0;0
Centro;Lazio;FR;L905;0;0;0,33;0;0;0;0;0;0
Centro;Lazio;FR;M083;0;0;0;0;0;0;0;0;0
Centro;Lazio;LT;A341;13;34;49,74;0;0;0;6;16,5;3
Centro;Lazio;LT;A707;0;0;0,2;0;0;0;0;0;0
Centro;Lazio;LT;B527;0;0;1;0;0;0;0;0;0
Centro;Lazio;LT;C104;0;1;2;0;0;0;0;0;0
Centro;Lazio;LT;C740;2;17,35;23,9;0;1;1;0;4;1
Centro;Lazio;LT;D003;0;4,95;33,17;0;0;0;0;0;1,17
Centro;Lazio;LT;D662;2;15;37,76;0;0;0;3,5;4,08;0
Centro;Lazio;LT;D708;5,4;13,33;17,9;1,2;0;0;1;1;0
Centro;Lazio;LT;D843;2;11,8;10,6;0;0;0;0;0;0
Centro;Lazio;LT;E375;0;3;12,33;0;0;0;0;0;0
Centro;Lazio;LT;E472;73,83;105,94;107,01;0;0;0;2;7;3
Centro;Lazio;LT;E527;0;1;2;0;0;0;0;0;0
Centro;Lazio;LT;E798;0;0;1;0;0;0;0;1;0
Centro;Lazio;LT;F224;0;9,28;8,67;0;0;0;0;0;0
Centro;Lazio;LT;F616;0;0;1;0;0;0;0;0;0
Centro;Lazio;LT;F937;0;1,33;5;0;0;0;0;0;0
Centro;Lazio;LT;G698;0;5;15,83;0;0;0;0;0;0
Centro;Lazio;LT;G865;0;4,5;11,96;0;0;0;0;1;1
Centro;Lazio;LT;G871;0;0;0;0;0;0;0;0;0
Centro;Lazio;LT;H076;0;0;3;0;0;0;0;0;0
Centro;Lazio;LT;H413;0;0;2,5;0;0;0;0;0;0
Centro;Lazio;LT;H421;0;0;3;0;0;0;0;0;0
Centro;Lazio;LT;H444;0;0;0;0;0;0;0;0;0
Centro;Lazio;LT;H647;0;3;6,91;0;0;0;0;1;1
Centro;Lazio;LT;H836;0;8;5,49;0;0;0;0;0;0
Centro;Lazio;LT;I339;0;2;4,13;0;0;0;0;0;0
Centro;Lazio;LT;I634;0;2;8;0;0;0;0;1;0
Centro;Lazio;LT;I712;0;9;8,72;0;0;0;0;6;0
Centro;Lazio;LT;I832;2;5;8;0;0;0;1;1;0
Centro;Lazio;LT;I892;0;2;0;0;0;0;0;0;0
Centro;Lazio;LT;I902;0;0;0;0;0;0;0;0;0
Centro;Lazio;LT;L120;2;26,33;40,88;0;0;0;1;1;0
Centro;Lazio;LT;L742;0;1;0;0;0;0;0;0;0
Centro;Lazio;RI;A019;0;0;4;0;0;0;0;0;0
Centro;Lazio;RI;A258;0;2;9;0;0;0;0;0;0
Centro;Lazio;RI;A315;0;1;7,5;0;0;0;0;1;0
Centro;Lazio;RI;A464;0;0;0;0;0;0;0;0;0
Centro;Lazio;RI;A472;0;0;2;0;0;0;0;0;0
Centro;Lazio;RI;A765;0;0;2;0;0;0;0;0;0
Centro;Lazio;RI;A981;0;1;2,5;0;0;0;0;0;0
Centro;Lazio;RI;A996;0;0;2;0;0;0;0;0;0
Centro;Lazio;RI;B008;0;1;9;0;0;0;0;0;0
Centro;Lazio;RI;B595;0;0;2;0;0;0;0;0;0
Centro;Lazio;RI;B627;0;0;5;0;0;0;0;0;0
Centro;Lazio;RI;B631;0;2;3;0;0;0;0;0;0
Centro;Lazio;RI;B934;0;0;3;0;0;0;0;0;0
Centro;Lazio;RI;C098;0;1;0;0;0;0;0;0;0
Centro;Lazio;RI;C224;0;0;4;0;0;0;0;0;0
Centro;Lazio;RI;C268;0;0;1;0;0;0;0;0;0
Centro;Lazio;RI;C746;0;1;5;0;0;0;0;0;0
Centro;Lazio;RI;C749;0;1;4;0;0;0;0;0;0
Centro;Lazio;RI;C841;0;0;3,75;0;0;0;0;0;0
Centro;Lazio;RI;C857;0;0;0;0;0;0;0;0;0
Centro;Lazio;RI;C859;0;0;1;0;0;0;0;0;0
Centro;Lazio;RI;C876;0;0;4,05;0;0;0;0;0;0
Centro;Lazio;RI;C880;0;0;1;0;0;0;0;0;0
Centro;Lazio;RI;C946;0;0;1;0;0;0;0;0;0
Centro;Lazio;RI;C959;0;0;1;0;0;0;0;0;0
Centro;Lazio;RI;C969;0;2;0;0;0;0;0;0;0
Centro;Lazio;RI;D124;0;0;0;0;0;0;0;0;0
Centro;Lazio;RI;D493;1;6;6,5;0;0;0;0;1;0
Centro;Lazio;RI;D560;0;0;3,5;0;0;0;0;0;0
Centro;Lazio;RI;D689;0;1;7,5;0;0;0;0;0;3
Centro;Lazio;RI;D785;1;1;6;0;0;0;0;0;0
Centro;Lazio;RI;E160;0;0;2,84;0;0;0;0;0;0
Centro;Lazio;RI;E393;0;0;1,17;0;0;0;0;0;0
Centro;Lazio;RI;E535;0;0;10,44;0;0;0;0;0;2
Centro;Lazio;RI;E681;0;0;0;0;0;0;0;0;0
Centro;Lazio;RI;E812;0;1;9;0;0;0;0;0;1
Centro;Lazio;RI;E927;0;0;0;0;0;0;0;0;0
Centro;Lazio;RI;F193;0;0;0;0;0;0;0;0;0
Centro;Lazio;RI;F319;0;0;1;0;0;0;0;0;0
Centro;Lazio;RI;F430;0;0;1;0;0;0;0;0;0
Centro;Lazio;RI;F446;0;0;4,78;0;0;0;0;0;0
Centro;Lazio;RI;F541;0;0;5;0;0;0;0;0;0
Centro;Lazio;RI;F579;0;0;0;0;0;0;0;0;0
Centro;Lazio;RI;F619;0;0;0;0;0;0;0;0;0
Centro;Lazio;RI;F687;0;3,78;8,77;0;1;0;0;0;0
Centro;Lazio;RI;F746;0;0;1;0;0;0;0;0;0
Centro;Lazio;RI;F876;0;0;0;0;0;0;0;0;0
Centro;Lazio;RI;G232;0;0;1,5;0;0;0;0;0;0
Centro;Lazio;RI;G498;1;0;4,33;0;0;0;0;0;0
Centro;Lazio;RI;G507;0;0;0;0;0;0;0;0;0
Centro;Lazio;RI;G513;0;1;2,75;0;0;0;0;0;0
Centro;Lazio;RI;G756;0;0;0;0;0;0;0;0;0
Centro;Lazio;RI;G757;0;0;0;0;0;0;0;0;0
Centro;Lazio;RI;G763;4;10;7;0;0;0;0;1;1
Centro;Lazio;RI;G764;0;1;2,5;0;0;0;2;0;0
Centro;Lazio;RI;G765;0;4;11;0;0;0;0;1;0
Centro;Lazio;RI;G770;0;0;0,75;0;0;0;0;0;0
Centro;Lazio;RI;G934;0;2;5,25;0;0;0;0;0;0
Centro;Lazio;RI;G951;0;0;3;0;0;0;0;0;0
Centro;Lazio;RI;H282;26,5;20;38,81;0;1;0;0;4;0
Centro;Lazio;RI;H354;0;0;3;0;0;0;0;0;0
Centro;Lazio;RI;H427;0;0;1;0;0;0;0;0;0
Centro;Lazio;RI;H446;0;0;2;0;0;0;0;0;0
Centro;Lazio;RI;H713;0;0;2;0;0;0;0;0;0
Centro;Lazio;RI;I499;0;0;5;0;0;0;0;1;0
Centro;Lazio;RI;I581;0;0;0;0;0;0;0;0;0
Centro;Lazio;RI;I959;0;1;1;0;0;0;0;0;0
Centro;Lazio;RI;L046;0;0;1,5;0;0;0;0;0;0
Centro;Lazio;RI;L189;0;0;4;0;0;0;0;0;0
Centro;Lazio;RI;L286;0;0;10;0;0;0;0;0;0
Centro;Lazio;RI;L293;0;0;2;0;0;0;0;0;0
Centro;Lazio;RI;L525;0;0;3;0;0;0;0;0;1
Centro;Lazio;RI;L676;0;0;1;0;0;0;0;0;0
Centro;Lazio;RM;A062;0;1;0;0;0;0;0;0;0
Centro;Lazio;RM;A084;0;1;5;0;0;0;0;0;0
Centro;Lazio;RM;A132;4;9;44,71;0;0;0;0;8;0
Centro;Lazio;RM;A210;0;5;4,33;0;0;0;0;0;0
Centro;Lazio;RM;A297;6,34;8,33;22,5;0;0;0;0;0;0
Centro;Lazio;RM;A309;0;0;5;0;0;0;0;0;0
Centro;Lazio;RM;A323;3;29,23;25,76;0;0;0;0;8;1
Centro;Lazio;RM;A370;0;1;1;0;0;0;0;0;0
Centro;Lazio;RM;A401;1;7;21,16;0;0;0;2;3;0
Centro;Lazio;RM;A446;0;2,5;1,33;0;0;0;0;0;0
Centro;Lazio;RM;A449;0;4;22;0;0;0;0;0;0
Centro;Lazio;RM;A749;0;1,5;5,67;0;0;0;0;0;0
Centro;Lazio;RM;B114;17,1;7;21;0;0;0;0;4;1
Centro;Lazio;RM;B472;0;0;0;0;0;0;0;0;0
Centro;Lazio;RM;B496;10;18,12;17,62;0;0,5;0;0;0;0
Centro;Lazio;RM;B576;0;0;4,83;0;0;0;0;0;0
Centro;Lazio;RM;B632;0;1;1;0;0;0;0;0;0
Centro;Lazio;RM;B635;0;0;1;0;0;0;0;0;0
Centro;Lazio;RM;B649;1;7;19;0;0;0;3;3;0
Centro;Lazio;RM;B687;0;1;1;0;0;0;0;0;0
Centro;Lazio;RM;B828;0;0;6;0;0;0;0;0;0
Centro;Lazio;RM;B932;0;1;0;0;0;0;0;0;0
Centro;Lazio;RM;C116;1;4,78;2,17;0;0;0;0;0;0
Centro;Lazio;RM;C203;0;1;19,13;0;0;0;0;0;0
Centro;Lazio;RM;C237;1;1,67;7,45;0;0;0;0;0;0
Centro;Lazio;RM;C266;0;0;2;0;0;0;0;0;0
Centro;Lazio;RM;C390;0;3,39;4;0;0;0;0;0;0
Centro;Lazio;RM;C518;0;0;0,38;0;0;0;0;0;0
Centro;Lazio;RM;C543;0;0;1;0;0;0;0;0;0
Centro;Lazio;RM;C552;1;19,47;34,05;0;1;0;0;2;0
Centro;Lazio;RM;C677;0;1;1;0;0;0;0;0,38;0
Centro;Lazio;RM;C702;0;0;0;0;0;0;0;0;0
Centro;Lazio;RM;C767;0;1;15;0;0;0;0;4;0
Centro;Lazio;RM;C773;21,5;35,34;30,45;0;2,5;0;1;10;0
Centro;Lazio;RM;C784;0;2;5,25;0;0;0;0;0;0
Centro;Lazio;RM;C858;1;15,67;11,33;0;0;0;2;4;0
Centro;Lazio;RM;C900;0;0;7,83;0;0;0;0;0;0
Centro;Lazio;RM;D561;14,5;17;12,76;0;0;0;0;5;0
Centro;Lazio;RM;D586;0;0;2;0;0;0;0;0;0
Centro;Lazio;RM;D707;0;19;8,5;0;0;0;0;18;0
Centro;Lazio;RM;D773;3;9,67;25;0;0;0;1,5;0;1,5
Centro;Lazio;RM;D875;6;1;12;0;0;0;0;0;0
Centro;Lazio;RM;D945;0;0;0,5;0;0;0;0;0;0
Centro;Lazio;RM;D964;0;2;5,5;0;0;0;0;0;0
Centro;Lazio;RM;D972;5;10,25;36,21;0;0;0;0;3;0
Centro;Lazio;RM;D978;0;0;3;0;0;0;0;0;0
Centro;Lazio;RM;E091;0;0;2;0;0;0;0;0;0
Centro;Lazio;RM;E204;1;4;26,08;0;0;0;0;1;0
Centro;Lazio;RM;E263;18;15,13;79,1;0;0;1;1;9,29;1
Centro;Lazio;RM;E382;0;1;1;0;0;0;0;0;0
Centro;Lazio;RM;E392;0,5;4;6,5;0;0;0;0;0;0
Centro;Lazio;RM;E576;0;1;3,17;0;0;0;0;0;0
Centro;Lazio;RM;E813;0;0;1,75;0;0;0;0;0;0
Centro;Lazio;RM;E900;3;1;22;0;0;0;0;1;0
Centro;Lazio;RM;E908;0;0;0;0;0;0;0;0;0
Centro;Lazio;RM;E924;0;0;9,67;0;0;0;0;0;0
Centro;Lazio;RM;E958;3;11,32;52,9;0;0;0;1;1;0
Centro;Lazio;RM;F064;0;1,67;5;0;0;0;0;0;0
Centro;Lazio;RM;F127;6;10,11;36,51;0;0;0;0;0;0
Centro;Lazio;RM;F477;0;2;20,03;0;0;0;0;2;0
Centro;Lazio;RM;F504;0;0;1,55;0;0;0;0;0;0
Centro;Lazio;RM;F534;0;0;2;0;0;0;0;0;0
Centro;Lazio;RM;F545;1;1,4;7,17;0;0;0;0;0;0
Centro;Lazio;RM;F590;1;5;9,17;0;0;0;0;0;0
Centro;Lazio;RM;F611;6,25;22;59,06;0;0;0;0;8;0
Centro;Lazio;RM;F692;0;0;3;0;0;0;0;0;0
Centro;Lazio;RM;F730;0;0;3;0;0;0;0;0;0
Centro;Lazio;RM;F734;0;3;13,5;0;0;0;6;0;0
Centro;Lazio;RM;F857;0;0;2;0;0;0;0;1;0
Centro;Lazio;RM;F865;0;2;5;0;0;0;0;0;0
Centro;Lazio;RM;F871;0;2;7;0;0;0;0;1;0
Centro;Lazio;RM;F880;14;27,97;31,45;0;0;0;0;2;2
Centro;Lazio;RM;G022;0;4,5;9;0;0;0;0;1;0
Centro;Lazio;RM;G274;5;25;38;0;0;0;0;3;0
Centro;Lazio;RM;G293;2;7;26,38;0;0;0;0;0;2
Centro;Lazio;RM;G444;0;0;2;0;0;0;0;0;0
Centro;Lazio;RM;G704;0;0;0;0;0;0;0;0;0
Centro;Lazio;RM;G784;0;0;1;0;0;0;0;0;0
Centro;Lazio;RM;G811;11;28,75;43,1;0;0;0;7;23;0
Centro;Lazio;RM;G874;0;0;1;0;0;0;0;0;0
Centro;Lazio;RM;H267;0;1;21,19;0;0;0;0;0;0
Centro;Lazio;RM;H288;1;2,5;26,05;0;0;0;0;2,13;0
Centro;Lazio;RM;H300;0;1;0;0;0;0;0;0;0
Centro;Lazio;RM;H387;0;0;0;0;0;0;0;0;0
Centro;Lazio;RM;H401;0;0;0;0;0;0;0;0;0
Centro;Lazio;RM;H404;1;3;11,5;0;0;0;0;0;0
Centro;Lazio;RM;H411;0;0;0;0;0;0;0;0;0
Centro;Lazio;RM;H432;0;2;18;0;0;0;0;0;0
Centro;Lazio;RM;H441;0;0;0;0;0;0;0;0;0
Centro;Lazio;RM;H494;0;0;1;0;0;0;0;0;0
Centro;Lazio;RM;H501;805,74;1859,7;1082,87;14,48;34,5;15;124,28;134,54;1
Centro;Lazio;RM;H618;0;0;1,5;0;0;0;0;0;0
Centro;Lazio;RM;H658;1;4;9,34;0;0;0;0;0;0
Centro;Lazio;RM;H745;0;0;3;0;0;0;0;0;0
Centro;Lazio;RM;H942;0;0;0;0;0;0;0;0;1
Centro;Lazio;RM;I125;0;0,5;4;0;0;0;0;1;0
Centro;Lazio;RM;I255;3,5;11,68;9,31;0;0;0;0;0;0
Centro;Lazio;RM;I284;0;1;17,5;0;0;0;0;0;0
Centro;Lazio;RM;I352;0;1;3,67;0;0;0;0;0;0
Centro;Lazio;RM;I400;0;1,75;5;0;0;0;0;0;0
Centro;Lazio;RM;I424;0;0;0;0;0;0;0;0;0
Centro;Lazio;RM;I573;0;4,17;7,83;0;0;0;0;0;0
Centro;Lazio;RM;I992;0;3;2;0;0;0;0;0;0
Centro;Lazio;RM;L182;7;29,55;35,17;0;1;0;3;4;0
Centro;Lazio;RM;L192;0;1;14,75;0;0;0;0;3;0
Centro;Lazio;RM;L302;0;0;2;0;0;0;0;0;0
Centro;Lazio;RM;L401;0;0;13;0;0;0;0;0;0
Centro;Lazio;RM;L611;0;0;0;0;0;0;0;0;0
Centro;Lazio;RM;L625;0;0;1;0;0;0;0;0;0
Centro;Lazio;RM;L639;0;2;16,58;0;0;0;3;1;0
Centro;Lazio;RM;L719;9;16;38,67;0;0;0;0;2;0
Centro;Lazio;RM;L851;0;2;4;0;0;0;0;0;0
Centro;Lazio;RM;M095;0;0;0;0;0;0;0;0;0
Centro;Lazio;RM;M141;1;4,1;22,6;0;0;0;0;4;0
Centro;Lazio;RM;M207;0;2;7;0;0;0;0;2;0
Centro;Lazio;RM;M212;0,5;10,75;18,08;0;0;0;0;0;0
Centro;Lazio;RM;M213;2;11;33,66;0;0,4;0;0;5;0
Centro;Lazio;RM;M272;0;10,58;21,75;0;0;0;1;1;0
Centro;Lazio;RM;M295;5;7;18,33;0;0;0;1;16;0,25
Centro;Lazio;RM;M297;48;29,6;47,29;0;0;0;4,68;0;0
Centro;Lazio;RM;M309;0;11;31,83;0;0;0;0;0;0
Centro;Lazio;VT;A040;0;2;15,99;0;0;0;0;3;1
Centro;Lazio;VT;A412;1;0;1;0;0;0;0;0;0
Centro;Lazio;VT;A577;0;5;8;0;0;0;0;0;0
Centro;Lazio;VT;A628;0;1;7;0;0;0;0;0;0
Centro;Lazio;VT;A701;0;0;12,5;0;0;0;0;0;0
Centro;Lazio;VT;A704;0;3;7,42;0;0;0;0;2;0
Centro;Lazio;VT;A706;0;1;5,5;0;0;0;0;0;0
Centro;Lazio;VT;A857;0;0,25;12,5;0;0;0;0;0;0
Centro;Lazio;VT;A949;1;4,17;12,55;0;0;0;0,5;0;0
Centro;Lazio;VT;A955;0;1;4;0;0;0;0;0;0
Centro;Lazio;VT;B388;0;1;2;0;0;0;0;0;0
Centro;Lazio;VT;B597;0;0;7;0;0;0;0;0;0
Centro;Lazio;VT;B604;0;3;19,59;0;0;0;3;3;0
Centro;Lazio;VT;B663;2;4;6,83;0;0;0;0;0;0
Centro;Lazio;VT;B688;0;3,84;5,67;0;0;0;0;0;0
Centro;Lazio;VT;B691;1;3,5;16,67;0;0;0;0;0;0
Centro;Lazio;VT;B735;0;0;8,33;0;0;0;0;0;0
Centro;Lazio;VT;C269;0;1;2;0;0;0;0;1;0
Centro;Lazio;VT;C315;0;0,5;5,17;0;0;0;0;0;0
Centro;Lazio;VT;C446;0;0;0;0;0;0;0;1;0
Centro;Lazio;VT;C447;1;0;3,83;0;0;0;0;0;0
Centro;Lazio;VT;C765;5;4;19,5;0;0;0;0;6,06;0,25
Centro;Lazio;VT;C780;0;1;0;0;0;0;0;0;0
Centro;Lazio;VT;C988;1;2;8;0;0;0;0;0;0
Centro;Lazio;VT;D024;2,27;22;45,46;0;1;0;1;8;0
Centro;Lazio;VT;D452;0;3;16,83;0;0;0;0;3;0
Centro;Lazio;VT;D475;0;0;5,5;0;0;0;0;0;0
Centro;Lazio;VT;D503;0;1;8;0;0;0;0;0;0
Centro;Lazio;VT;D870;0;3;1,66;0;0;0;0;0;0
Centro;Lazio;VT;E126;0;0;5;0;0;0;0;0;0
Centro;Lazio;VT;E128;0;0;6,75;0;0;0;0;0;0
Centro;Lazio;VT;E210;0;2;10;0;0;0;0,33;0;0
Centro;Lazio;VT;E330;0;0,5;9;0;0;0;0;0;0
Centro;Lazio;VT;E467;0;0;1;0;0;0;0;0;0
Centro;Lazio;VT;E713;0;0;1,04;0;0;0;0;0;0
Centro;Lazio;VT;E978;0;0;8,92;0;0;0;1;0;0
Centro;Lazio;VT;F419;0;12;10,67;0;0;0;0;0;0
Centro;Lazio;VT;F499;0;4;28;0;0;0;0;2;0
Centro;Lazio;VT;F603;0;0;10;0;0;0;0;0;0
Centro;Lazio;VT;F606;1;1,25;2,2;0;0;0;1;0;0
Centro;Lazio;VT;F868;1;2;10,2;0;0;0;1;3;0
Centro;Lazio;VT;G065;0;1;12;0;0;0;0;0;0
Centro;Lazio;VT;G111;0;1;2;0;0;0;0;0;0
Centro;Lazio;VT;G135;1;5,5;12,07;0;0;0;0;0,01;0
Centro;Lazio;VT;G571;1;1;10,83;0;0;0;0;0;0
Centro;Lazio;VT;H071;0;0;1,67;0;0;0;0;0;0,33
Centro;Lazio;VT;H534;2;7,67;18,93;0;0;0;0;1;6
Centro;Lazio;VT;H913;0;0;5;0;0;0;0;0;0
Centro;Lazio;VT;H969;0;0;6,83;0;0;0;0;11;0
Centro;Lazio;VT;I855;0;5;14,4;0;0;0;0;0;0,5
Centro;Lazio;VT;L017;0;3;4,25;0;0;0;0;0;1
Centro;Lazio;VT;L150;0;0;3;0;0;0;0;0;1
Centro;Lazio;VT;L310;0;3;23,42;0;0;0;0;2;0
Centro;Lazio;VT;L569;0;0,5;8,25;0;0;0;0;0;0
Centro;Lazio;VT;L612;0;0;8,59;0;0;0;0;0;0
Centro;Lazio;VT;L713;1;1;8,83;0;0;0;0;0;0
Centro;Lazio;VT;L814;1;4;20,56;0;0;0;0;0;0
Centro;Lazio;VT;L882;0;1;12,33;0;0;0;0;0;0
Centro;Lazio;VT;M082;36,5;41,17;89,18;0;0;1;5;19,02;3
Centro;Lazio;VT;M086;2;2;10,75;0;0;0;0;0;0
Centro;Marche;AN;A092;0;1,5;6;0;0;0;0;5;0,5
Centro;Marche;AN;A271;60;63,96;67,47;0;0,39;0;19;10,47;2,5
Centro;Marche;AN;A366;0;0;14,5;0;0;0;0;0;7
Centro;Marche;AN;A626;0;0;0;0;0;0;0;0;0
Centro;Marche;AN;A769;0;2,83;7,05;0;0;0;0;0;1,23
Centro;Marche;AN;B468;2;3;4,41;0;0;0;1;6;0
Centro;Marche;AN;B470;2;2;4,33;0;0;0;1;0;0
Centro;Marche;AN;C060;2,67;3;7,34;0;0;0;0;5;0
Centro;Marche;AN;C071;0;0;1,33;0;0;0;0;1;0
Centro;Marche;AN;C100;5;11;14,22;0;0;0;0;18;0
Centro;Marche;AN;C152;0;2;5;0;0;0;0;2;1,94
Centro;Marche;AN;C248;2;2;10;0;0;0;1;3;1,22
Centro;Marche;AN;C524;0;1,08;2;0;0;0;1;1;0
Centro;Marche;AN;C615;7;7;3,75;0;0;0;3;4;0
Centro;Marche;AN;D007;2;7;6,75;0;0;1;2;6;4,5
Centro;Marche;AN;D211;0;0;5,54;0;0;0;1;1;1
Centro;Marche;AN;D451;7;7,75;35,07;0;1;0;1;9;2,5
Centro;Marche;AN;D472;5,25;12;14,82;0;0;0;2;4;0
Centro;Marche;AN;D597;2;2;12,67;0;0;2;3;0;0,5
Centro;Marche;AN;D965;0;1;1,5;0;0;0;0;1;1,5
Centro;Marche;AN;E388;12,5;26,01;28,72;0;0;1;2;18,04;4,56
Centro;Marche;AN;E690;5;13;7,05;0;0;0;2;2;0
Centro;Marche;AN;E837;0;6;8,75;0;0;0;0;0;0
Centro;Marche;AN;F145;0;0;0;0;0;0;0;0;0
Centro;Marche;AN;F381;0;1;5,52;0;0;0;0;4;0
Centro;Marche;AN;F401;3;2,5;11,22;0;0;0;0;0;0
Centro;Marche;AN;F453;0;0;2,17;0;0;0;0;0;3
Centro;Marche;AN;F560;1;6;12;0;3;0;0;3;0
Centro;Marche;AN;F581;0;3;7,83;0;0;0;0;1;0
Centro;Marche;AN;F593;0;0;2;0;0;0;0;1;0
Centro;Marche;AN;F600;0;0;2;0;0;0;0;2;0
Centro;Marche;AN;F634;0;3;7,49;0;0;0;1;10;0
Centro;Marche;AN;F745;0;0;4;0;0;0;0;0;0
Centro;Marche;AN;F978;0;4,51;2,77;0;2;0;3;1;0
Centro;Marche;AN;G003;0;0;2;0;0;0;0;0;0
Centro;Marche;AN;G157;26;19;40,69;0;0;0;3;17,04;4,33
Centro;Marche;AN;G771;0;0;1;0;0;0;0;0;0
Centro;Marche;AN;G803;1;2;11,5;0;0;0;0;3;2
Centro;Marche;AN;H322;0;1;4,5;0;0;0;0;1;0
Centro;Marche;AN;H575;0;0;4,5;0;0;0;0;2;0
Centro;Marche;AN;H979;0;2;5;0;0;0;1;4;1,51
Centro;Marche;AN;I071;0;0;2;0;0;0;0;0;2
Centro;Marche;AN;I251;1;4;4,6;0;0;0;1;0;0
Centro;Marche;AN;I461;1;2;12,17;0;0;0;0;1;1,75
Centro;Marche;AN;I608;13;31,5;33,14;0;0,23;0;1;5,13;1
Centro;Marche;AN;I643;1;4,67;2,17;0;0;0;0;4;2
Centro;Marche;AN;I653;0;0;4;0;0;0;0;0;0
Centro;Marche;AN;I758;0;3;3;0;0;0;2;0;0
Centro;Marche;AN;I932;0;1;7,75;0;0;0;0;0;2
Centro;Marche;AP;A044;0;2;3;0;0;0;0;0;0
Centro;Marche;AP;A047;0;1;8,5;0;0;0;0;6;0
Centro;Marche;AP;A233;1;0;1;0;0;0;0;1;0
Centro;Marche;AP;A252;0;8;7,25;0;0;0;0;2,07;0
Centro;Marche;AP;A335;0;1;1;0;0;0;0;0;0
Centro;Marche;AP;A437;0;1;3;0;0;0;0;0;0
Centro;Marche;AP;A462;14;63,17;36,45;0;0;0;0;12,01;0,5
Centro;Marche;AP;A760;0;0,5;0;0;0;0;0;0;0
Centro;Marche;AP;B534;0;1;2,5;0;0;0;0;0;0
Centro;Marche;AP;B727;0;0,5;1;0;0;0;0;0;1
Centro;Marche;AP;C070;0,38;0;4;0;0;0;0;0;0
Centro;Marche;AP;C093;0;1,5;7,5;0;0;0;0;0;0
Centro;Marche;AP;C321;0;0;0,61;0;0;0;0;2;0
Centro;Marche;AP;C331;0;2;2,21;0;0;0;0;4;0
Centro;Marche;AP;C877;0;0;3,8;0;0;0;0;1;0
Centro;Marche;AP;C935;0;2,89;2,06;0;0;0;1;0;0
Centro;Marche;AP;D096;0;1;1;0;0;0;0;0;0
Centro;Marche;AP;D210;0;3;7,25;0;0;0;0;0;0
Centro;Marche;AP;D477;0;2;3;0;0;0;0;0;0
Centro;Marche;AP;D542;7;21,69;27,05;0;1;0;1;6,02;0
Centro;Marche;AP;D652;0;0;2;0;0;0;0;0;0
Centro;Marche;AP;D691;0;1;1;0;0;0;0;0;0
Centro;Marche;AP;D760;0;0;6;0;0;0;0;0;0
Centro;Marche;AP;E207;7;12;13,13;0;0;0;4;4;0
Centro;Marche;AP;E208;0;0;7;0;0;0;0;4;0
Centro;Marche;AP;E447;0;0;2,34;0;0;0;0;4;0
Centro;Marche;AP;E807;0;1;1;0;0;0;0;1;0
Centro;Marche;AP;E868;0;1;0;0;0;0;0;1;0
Centro;Marche;AP;F021;0;0;2,5;0;0;0;0;1;0
Centro;Marche;AP;F044;0;0,5;2;0;0;0;0;0;0
Centro;Marche;AP;F379;0;0;3;0;0;0;0;0;0
Centro;Marche;AP;F380;0;0;2;0;0;0;0;1;0
Centro;Marche;AP;F415;0;1;1;0;0;0;0;0;0
Centro;Marche;AP;F428;0;2;1;0;0;0;0;0;0
Centro;Marche;AP;F487;0;0;2,5;0;0;0;0;0;0
Centro;Marche;AP;F493;0;0;1;0;0;0;0;0;0
Centro;Marche;AP;F501;0;0;2,25;0;0;0;0;0;0
Centro;Marche;AP;F509;0;0;7;0;0;0;0;0;0
Centro;Marche;AP;F516;0;0;0;0;0;0;0;0;0
Centro;Marche;AP;F517;0;2;3;0;0;0;0;1;0
Centro;Marche;AP;F520;1;5,5;7,6;0;0;0;0;6;0
Centro;Marche;AP;F522;1;2;10,17;0;0;0;0;1;0
Centro;Marche;AP;F536;0;0;1;0;0;0;0;0;0
Centro;Marche;AP;F549;0;0;0;0;0;0;0;4;0
Centro;Marche;AP;F570;0;0;3,17;0;0;0;0;0;0
Centro;Marche;AP;F591;2;4;9,86;0;0;0;1;4;0
Centro;Marche;AP;F599;0;0;0;0;0;0;0;0;0
Centro;Marche;AP;F614;0;2;8,45;0;0;0;0;0;0
Centro;Marche;AP;F626;0;0;1,33;0;0;0;0;1;0
Centro;Marche;AP;F653;1;4;8;0;0;0;0;1;0
Centro;Marche;AP;F664;0;0;0;0;0;0;0;0;0
Centro;Marche;AP;F665;0;0;1;0;0;0;0;0;0
Centro;Marche;AP;F697;0;0;0,5;0;0;0;0;3;0
Centro;Marche;AP;F722;0;0;0;0;0;0;0;0;0
Centro;Marche;AP;G005;0;3;12,5;0;0;0;0;1;0
Centro;Marche;AP;G137;0;0;1;0;0;0;0;0;0
Centro;Marche;AP;G289;0;0;0;0;0;0;0;0;0
Centro;Marche;AP;G403;0;1;1;0;0;0;0;0;0
Centro;Marche;AP;G516;0;2,5;2;0;0;0;0;0;0
Centro;Marche;AP;G873;1;2;3;0;0;0;0;1;0
Centro;Marche;AP;G920;5;20;11,17;0;0;0;1;2;0
Centro;Marche;AP;G921;6,33;21,11;17,33;0;1;0;1;3;0
Centro;Marche;AP;H182;0;2;2;0;0;0;0;1;0
Centro;Marche;AP;H321;0;4,67;9,66;0;0;0;0;2,36;0
Centro;Marche;AP;H390;0;0;2;0;0;0;0;0;0
Centro;Marche;AP;H588;0;0;0;0;0;0;0;0;0
Centro;Marche;AP;H769;18;51,3;42,16;0;0;1;4;8;0
Centro;Marche;AP;I315;0;1;0;0;0;0;0;0;0
Centro;Marche;AP;I324;1;8;27,12;0;0;0;3,33;4,24;0
Centro;Marche;AP;I774;1;1;2;0;0;0;0;0;0
Centro;Marche;AP;I912;1;6;4;0;0;0;0;1;0
Centro;Marche;AP;L279;0;0;0;0;0;0;0;0;0
Centro;Marche;AP;L728;0;1;3;0;0;0;0;0;0
Centro;Marche;MC;A031;0;0;0;0;0;0;0;0;0
Centro;Marche;MC;A329;0;2;2;0;0;0;0;2;0
Centro;Marche;MC;A334;1;1;4,5;0;0;0;3;1;0
Centro;Marche;MC;A739;0;0;5,44;0;0;0;0;0;0
Centro;Marche;MC;A947;0;0;0;0;0;0;0;0;0
Centro;Marche;MC;B398;0;0;5;0;0;0;0;0;0
Centro;Marche;MC;B474;2;3;8,33;0;0;0;0;3;0
Centro;Marche;MC;B562;0;0;2;2;0;0;0;0;0
Centro;Marche;MC;C251;0;3;11,5;0;0;0;0;2;1
Centro;Marche;MC;C267;0;0;3;0;0;0;0;0;0
Centro;Marche;MC;C582;0;0;1;0;0;0;0;3;0
Centro;Marche;MC;C704;1;1;36,94;0;0;0;0;0;1
Centro;Marche;MC;C770;18;15,14;35,41;0;0;0;4;19,33;2
Centro;Marche;MC;C886;0;0;2;0;0;0;0;2;0
Centro;Marche;MC;D042;1;7;32,31;0;0;0;2;1;0
Centro;Marche;MC;D429;0;1;1,66;0;0;0;0;2;0
Centro;Marche;MC;D564;0;0;6;0;0;0;0;0;0
Centro;Marche;MC;D566;0;0;1,57;0;0;0;0;0;0
Centro;Marche;MC;D609;0;0;0;0;0;0;0;0;0
Centro;Marche;MC;D628;0;0;5;0;0;0;0;0;0
Centro;Marche;MC;D853;0;1;3;0;0;0;0;0;0
Centro;Marche;MC;E228;0;0;2;0;0;0;0;0;0
Centro;Marche;MC;E694;0;1,22;7,6;0;0;0;0;2;0
Centro;Marche;MC;E783;17,91;29,47;36,55;0;0;0;3;10,32;0
Centro;Marche;MC;F051;0;5,17;18,4;0;0;0;0;2;1,5
Centro;Marche;MC;F268;0;0,55;9,01;0;0;0;0;0;0
Centro;Marche;MC;F454;0;2;7,78;0;0;0;1;2;0
Centro;Marche;MC;F460;0;0;1;0;0;0;0;0;0
Centro;Marche;MC;F482;1;2,33;9,43;0;0;0;0;4;0
Centro;Marche;MC;F496;0;1,25;7,75;0;0;0;0;1;0
Centro;Marche;MC;F552;0;0;1,99;0;0;0;0;3;0
Centro;Marche;MC;F567;0;1;10,22;0;0;0;1;3;0
Centro;Marche;MC;F621;1;6,5;11;0;0;0;0;0;0
Centro;Marche;MC;F622;0;0;2;0;0;0;0;0;0
Centro;Marche;MC;F632;1;9,75;7,09;0;0;0;2,06;5;0
Centro;Marche;MC;F749;0;4,33;15,83;0;0;0;0;10,22;0
Centro;Marche;MC;F793;0;0;1,5;0;0;0;0;0;0
Centro;Marche;MC;G436;0;0;4;0;0;0;0;0;0
Centro;Marche;MC;G515;0;1;2;0;0;0;0;0;0
Centro;Marche;MC;G637;0;0;0;0;0;0;0;0;0
Centro;Marche;MC;G657;0;0;4,66;0;0;0;0;0;0
Centro;Marche;MC;G690;0;1,83;1;0;0;0;0;0;0
Centro;Marche;MC;G919;1;6;5,16;2;0;0;3;2,02;0
Centro;Marche;MC;H211;2;10;38,35;0;0;0;0;17;0
Centro;Marche;MC;H323;0;1;0;0;0;0;0;0;0
Centro;Marche;MC;H876;1;2,06;5,34;0;0;0;0;1;1
Centro;Marche;MC;I156;1;10,25;26,74;0;1;0;3;4;1
Centro;Marche;MC;I286;0;0;3,76;0;0;0;0;2;1
Centro;Marche;MC;I436;2;1;2;0;0;0;0;0;0
Centro;Marche;MC;I569;0;0;0,33;0;0;0;0;0;0
Centro;Marche;MC;I651;0;0;4;0;0;0;0;0;0
Centro;Marche;MC;I661;0;0;1;0;0;0;0;1;0
Centro;Marche;MC;L191;5;7,72;28,81;0;0;0;1;1,5;1
Centro;Marche;MC;L366;2;3,22;25,82;0;0;0;0,33;14;0
Centro;Marche;MC;L501;0;1,5;6,83;0;0;0;0;0;0
Centro;Marche;MC;L517;0;0;4,63;0;0;0;0;0;0
Centro;Marche;MC;M078;0;1;3;0;0;0;0;0;0
Centro;Marche;PS;A035;0;4,86;3,39;0;0;0;0;1;0
Centro;Marche;PS;A327;0;0;2,5;0;0;0;0;0;2
Centro;Marche;PS;A493;0;1;1;0;0,67;0;0;3;0
Centro;Marche;PS;A639;0;0;2;0;0;0;0;1;0
Centro;Marche;PS;A740;0;1;1;0;0;0;0;1;0
Centro;Marche;PS;B026;1;0;1;0;0;0;0;0;0
Centro;Marche;PS;B352;3;4;9,55;0;0;0;0;1;2,33
Centro;Marche;PS;B636;0;1;2;0;0;0;0;0;0
Centro;Marche;PS;B816;0;0;1;0;0;0;0;0;0,5
Centro;Marche;PS;B846;0;2;3,5;0;0;0;0;6;0
Centro;Marche;PS;C080;0;0;0;0;0;0;0;1;0
Centro;Marche;PS;C830;0;2;1,02;0;0;0;0;2;0
Centro;Marche;PS;D488;22,5;33,26;31,67;3;0;0;5;16;1
Centro;Marche;PS;D541;0,5;1;4;0;0;0;1;6;0
Centro;Marche;PS;D749;3;4,05;8;0;0;0;0;5;0
Centro;Marche;PS;D791;0;0;1;0;0;0;0;0;0
Centro;Marche;PS;D807;0;0;0;0;0;0;0;0;0
Centro;Marche;PS;D808;0;0;0;0;0;0;0;0;0
Centro;Marche;PS;D836;3;3,33;3,08;0;0;0;0;1,1;0
Centro;Marche;PS;E122;0;1;4,84;0;0;0;0,66;1;0
Centro;Marche;PS;E351;0;0;0;0;0;0;0;1;0
Centro;Marche;PS;E743;1;0;2;0;0;0;0;1;0
Centro;Marche;PS;E785;0;2;4;0;0;0;0;0,36;0
Centro;Marche;PS;E838;0;0;0;0;0;0;0;0;0
Centro;Marche;PS;F135;0;0;5;0;0;0;0;0;0
Centro;Marche;PS;F136;0;0;0,67;0;0;0;0;0;0
Centro;Marche;PS;F137;0;2;6,67;0;0;0;0;0;0
Centro;Marche;PS;F310;0;0;2;0;0;0;0;0;0
Centro;Marche;PS;F347;1;1;0,5;0;0;0;0;3;0
Centro;Marche;PS;F348;2;6,17;11,17;0;0;0;0;13;0
Centro;Marche;PS;F450;1;0;2;0;0;0;0;4;11
Centro;Marche;PS;F467;0;0;1;0;0;0;0;0;1
Centro;Marche;PS;F474;0;0;1;0;0;0;0;0;0
Centro;Marche;PS;F478;0;0;0,5;0;0;0;0;1;0
Centro;Marche;PS;F497;0;0;0;0;0;0;0;1;0
Centro;Marche;PS;F524;0;0;5;0;1;0;0;0;2,22
Centro;Marche;PS;F533;1;5;2,25;0;0;0;0;8;0
Centro;Marche;PS;F555;0;2;4;0;0;0;0;0,5;0
Centro;Marche;PS;F589;0;0;1;0;0;0;0;8;0
Centro;Marche;PS;G089;0;0;1;0;0;0;0;2;0
Centro;Marche;PS;G416;0;0;0;0;0;0;0;0;1
Centro;Marche;PS;G433;0;1;4,5;0;0;0;0;0;0
Centro;Marche;PS;G453;3;4;9;0;0;0;0;3,94;4
Centro;Marche;PS;G479;33,5;49,25;49,35;0;0;1;3;33,13;0
Centro;Marche;PS;G514;0;0;1;0;0;0;0;6;0
Centro;Marche;PS;G537;0;0;2;0;0;0;0;0;0
Centro;Marche;PS;G551;0;0,67;4,34;0;0;0;0;1;0
Centro;Marche;PS;G627;0;0;1;0;0;0;0;0;0
Centro;Marche;PS;G682;0;0;1;0;0;0;0;0;0
Centro;Marche;PS;H721;0;7,12;0,44;0;0;0;0;7;0
Centro;Marche;PS;H809;0;1;7,08;0;0;0;0;5;1
Centro;Marche;PS;H886;0;1;0;0;0;0;0;0;1
Centro;Marche;PS;H949;0;0;2,76;0;0;0;0;0;2
Centro;Marche;PS;H958;0;4;4;0;0;0;0;2;0
Centro;Marche;PS;I201;0;0;3;0;0;0;0;0;1
Centro;Marche;PS;I285;3;2;4,5;0;0;0;0;11,5;0
Centro;Marche;PS;I287;2;2;9;0;0;0;0;2;0
Centro;Marche;PS;I344;0;0;2;0;0;0;0;2;0
Centro;Marche;PS;I459;0;0;1;0;0;0;0;1;0
Centro;Marche;PS;I460;0;2;3,75;0;0;0;0;0;0,33
Centro;Marche;PS;I654;0;0;0,5;0;0;0;0;0;0
Centro;Marche;PS;I670;0;0;1;0;0;0;0;1;0
Centro;Marche;PS;L034;0;0;0;0;0;0;0;1;0
Centro;Marche;PS;L078;0;1;1;0;0;0;0;0;0
Centro;Marche;PS;L081;3;4;5,52;0;0;0;0;8,84;0
Centro;Marche;PS;L498;1;6;8;0;0;0;1;2;0
Centro;Marche;PS;L500;2;8;9,66;0;0;0;1;6;0
Centro;Toscana;AR;A291;0;2;10,04;0;0;0;0;1;0
Centro;Toscana;AR;A390;39,5;72,08;68,35;1;0;1;4;4,01;0
Centro;Toscana;AR;A541;0;1;2,9;0;0;0;0;0;0
Centro;Toscana;AR;A851;8;11,83;7,24;0;0;0;1;10;3
Centro;Toscana;AR;B243;0;9,5;6,33;0;0;0;0;3;0
Centro;Toscana;AR;B670;3;20,5;3;0;0;0;0;1;0
Centro;Toscana;AR;B693;0;0;2,5;0;0;0;0;0;0
Centro;Toscana;AR;C102;0;2;5;0;0;0;0;0;0
Centro;Toscana;AR;C112;1;2;3;0;0;0;0;5;0
Centro;Toscana;AR;C263;0;3,5;7,25;0;0;0;0;0;0
Centro;Toscana;AR;C318;0;0;2,33;0;0;0;0;0;0
Centro;Toscana;AR;C319;2;11,5;9,5;0;0;0;0;6;0
Centro;Toscana;AR;C407;2;16;14,83;0;0;0;1;3;0
Centro;Toscana;AR;C648;0;0;0;0;0;0;0;0;0
Centro;Toscana;AR;C663;0;2,5;3,25;0;0;0;0;0;0
Centro;Toscana;AR;C774;1;24;19;0;0;0;0;2;0
Centro;Toscana;AR;D077;4;10,5;28,41;0;3,08;0;3;2;0
Centro;Toscana;AR;D649;0;2;3,38;0;1;0;0;0;0
Centro;Toscana;AR;E468;0;0;3;0;0;0;0;1;1
Centro;Toscana;AR;E693;0;6;6,83;0;0;0;0;0;0
Centro;Toscana;AR;E718;0;1,75;3;0;0;0;0;0;0
Centro;Toscana;AR;E933;1;0,2;2;0;0;0;0;0;0
Centro;Toscana;AR;F565;0;1;1;0;0;0;0;0;0
Centro;Toscana;AR;F594;0;1;1;0;0;0;0;0;0
Centro;Toscana;AR;F628;3;18,5;14,28;0;0;0;0;1;1,38
Centro;Toscana;AR;F656;14;30,5;19,33;0;0;0;3;7;1
Centro;Toscana;AR;G139;0;0;1,63;0;0;0;0;0;0
Centro;Toscana;AR;G451;0;3;0;0;0;0;0;0;0
Centro;Toscana;AR;G552;0;7;5;0;0;0;0;1;0
Centro;Toscana;AR;G653;0;0;5,75;1;0;0;0;0;0,25
Centro;Toscana;AR;G879;0;4;2;0;1;0;0;1;0
Centro;Toscana;AR;H008;0;1;5;0;0;0;0;0;0
Centro;Toscana;AR;H901;3;6;3;0;0;0;0;3;0
Centro;Toscana;AR;I155;3;14;12,34;0;0;0;1;4,5;0
Centro;Toscana;AR;I681;0;0,67;5;0;0;0;0;0;0
Centro;Toscana;AR;I952;0;1;2;0;0;0;0;1;0
Centro;Toscana;AR;I991;2;10;6;1;0;0;1;3;0
Centro;Toscana;AR;L038;0;0;1;0;0;0;0;0;0
Centro;Toscana;AR;L123;6;15;9,5;0;0;0;1;2;0
Centro;Toscana;FI;A564;5,04;9,11;35,3;0;0;0;0;11;0
Centro;Toscana;FI;A632;5;4;12;0;0;0;0;3;4,5
Centro;Toscana;FI;A633;3;8;14,67;0;0;0;0;11;0
Centro;Toscana;FI;B036;5,67;12,83;25,99;0;0;0;0;2;0
Centro;Toscana;FI;B406;9;18,67;22,28;0;0;0;1;23;0
Centro;Toscana;FI;B507;5;29,5;23,16;0;0;1;1;12,06;0
Centro;Toscana;FI;B684;1;5,34;7;0;0;0;0;0;0
Centro;Toscana;FI;B962;17;50,5;20,45;0;0;0;1;8;0
Centro;Toscana;FI;C101;4;21;19,76;0;0;0;1;2;0
Centro;Toscana;FI;C529;0,33;2;10,01;0;0;0;0;2;0
Centro;Toscana;FI;C540;1;4;19,75;0;0;0;0;4;1
Centro;Toscana;FI;D299;0;0;1,33;0;0;0;0;1;0
Centro;Toscana;FI;D403;5,5;31,75;33,3;1;0;0;3;9;0
Centro;Toscana;FI;D575;0;2,5;7,29;0;0;0;0;0;3
Centro;Toscana;FI;D583;0;13;17,25;0;0;0;2;1;0
Centro;Toscana;FI;D612;118,73;324,08;176,26;2;6;9;9;9,55;0
Centro;Toscana;FI;D613;0;2;3,25;0;0;0;0;2;1
Centro;Toscana;FI;D815;3,5;13,16;11,14;0;0;0;0;7;0
Centro;Toscana;FI;D895;0;1,5;12,83;0;0;0;0;0;0
Centro;Toscana;FI;E169;1;3,23;21,05;0;0;0;0;4;2
Centro;Toscana;FI;E291;2;7;8;0;0;0;0;11,63;0
Centro;Toscana;FI;E296;4;1;4,5;0;0;0;0;0;0
Centro;Toscana;FI;E466;1;12;12,67;0;0;0;0;2;0
Centro;Toscana;FI;E668;0;3,87;4,01;0;0;0;0;0;0
Centro;Toscana;FI;E971;1;2;2,5;0;0;0;0;1;1
Centro;Toscana;FI;F398;0,1;1;14,65;0;0;0;0;0;1,83
Centro;Toscana;FI;F551;0;12,18;11,05;0;0;0;0;6;0
Centro;Toscana;FI;F648;1;8;11,8;0;0;0;1;1;0,5
Centro;Toscana;FI;G270;0;2;0;0;0;0;0;0;0
Centro;Toscana;FI;G420;1;5;13,28;0;0;0;0;0;1
Centro;Toscana;FI;G825;1;13;18,57;0;0;0;0;0;0
Centro;Toscana;FI;H222;0;12,49;21,91;0;0;0;0;1;0
Centro;Toscana;FI;H286;0,54;4;6,54;0;0;0;0;3;1
Centro;Toscana;FI;H635;3;7;8,94;0;0;0;0;2;0
Centro;Toscana;FI;H791;2;5;13,83;0;0;1;0;0;1
Centro;Toscana;FI;H937;0;0;1,39;0;0;0;0;0;0
Centro;Toscana;FI;I085;1;5;3,5;0;0;0;0;1;0
Centro;Toscana;FI;I514;0;8,5;11,25;0;0;0;0;7;0
Centro;Toscana;FI;I684;5,67;38,52;20,5;0,01;0;0;3,04;16,2;0
Centro;Toscana;FI;I728;1,17;5;8,06;0;0;0;0,5;2;0
Centro;Toscana;FI;L067;1;6;9;0;0;0;0;2;0
Centro;Toscana;FI;L529;0;0;2,66;0;0;0;0;0;0
Centro;Toscana;FI;L838;0;3;14,67;0;0;0;0;0;0
Centro;Toscana;FI;M059;3;7;13,33;0;0;0;0;1;1
Centro;Toscana;GR;A369;0;2;9,5;0;0;0;0;0;0
Centro;Toscana;GR;B497;0;2;5,67;0;0;0;0;0;3
Centro;Toscana;GR;B646;2;1;4;0;0;0;0;2;0
Centro;Toscana;GR;C085;1;5,5;14;0;0;0;0;0;1
Centro;Toscana;GR;C147;0;0;4;0;0;0;0;0;0
Centro;Toscana;GR;C310;1;12,05;9,04;0;0;0;2;0,04;0
Centro;Toscana;GR;C705;0;1;6;0;0;0;0;0;0
Centro;Toscana;GR;C782;0;0;4,5;0;0;0;0;0;1
Centro;Toscana;GR;D656;25,35;16,33;26,89;0;1;0;0;0;0
Centro;Toscana;GR;D948;0;3,67;9,25;0;0;1;0;1;0
Centro;Toscana;GR;E202;40,5;55,5;84,44;0;2,23;0;8;19;8
Centro;Toscana;GR;E348;0;1;4;0;0;0;1;0;0
Centro;Toscana;GR;E810;0;2;12;0;0;0;0;0;6
Centro;Toscana;GR;E875;0;5;21;0;0;0;0;0;6
Centro;Toscana;GR;F032;3;4;11,04;0;0;0;0;0;4
Centro;Toscana;GR;F437;1;6;12,32;0;0;0;0;1;0
Centro;Toscana;GR;F612;0;2;5;0;0;0;0;0;0
Centro;Toscana;GR;F677;1;0,5;0;0;0;0;0;0;0
Centro;Toscana;GR;G088;1;7;13,25;0;0;0;2;0;2,5
Centro;Toscana;GR;G716;0;1,83;5,5;0;0;0;0;0;2
Centro;Toscana;GR;H417;0;1;9,33;1;0;0;0;0;2,5
Centro;Toscana;GR;H449;0;4,5;17,5;0;0;0;0;0;2
Centro;Toscana;GR;I187;0;4;6,5;0;2;0;0;0;1
Centro;Toscana;GR;I504;0;3;16,17;0;0;0;0;0;12
Centro;Toscana;GR;I510;1;3;12,5;0;0;0;0;0;0
Centro;Toscana;GR;I571;1;1,67;5,5;0;0;0;0;0;0
Centro;Toscana;GR;I601;0;1;4,51;0;0;0;0;0;1
Centro;Toscana;GR;I841;0;1;6,25;0;0;0;0;0;3,25
Centro;Toscana;LI;A852;0;2;7,83;0;0;0;0;0;2
Centro;Toscana;LI;B509;9;10;22,15;0;0;1;8,5;4;0
Centro;Toscana;LI;B553;3;5;5;0;0;0;5;0;0
Centro;Toscana;LI;B669;0;1;2;0;0;0;0;0;0
Centro;Toscana;LI;B685;0;1;0;0;0;0;0;0;0
Centro;Toscana;LI;C044;4;4,67;14,47;0;2,51;0;3,17;3;2
Centro;Toscana;LI;C415;5;21,83;26;0;1;1;1;1,09;0
Centro;Toscana;LI;C869;1;5;16;0;0;1;3;6;0,25
Centro;Toscana;LI;E625;64,77;83,57;62,46;0;1;2,11;31,06;38,5;0
Centro;Toscana;LI;E680;0;1,17;4,67;0;0;0;0;0;0
Centro;Toscana;LI;E930;0;2,03;3;0;0;0;0;1;0
Centro;Toscana;LI;E931;0;3;4;0;0;0;0;0;0
Centro;Toscana;LI;G687;5;12,12;24,11;0;0;0;2;4;3,06
Centro;Toscana;LI;G912;3;7;11,08;0;0;0;2;2;0
Centro;Toscana;LI;H297;1;0;5;0;0;0;0,02;0;0
Centro;Toscana;LI;H305;0;2;0;0;0;0;0;0;0
Centro;Toscana;LI;H570;5;23;16,43;0;1;1;0,03;10;0
Centro;Toscana;LI;I390;4;9;9,33;0;0;0;4;2,04;0
Centro;Toscana;LI;I454;0;1;0;0;0;0;0;0;0
Centro;Toscana;LI;L019;1;0;12;0;0;0;0,17;0;0
Centro;Toscana;LU;A241;5;6;16,4;0;0;0;1;2;0
Centro;Toscana;LU;A560;1;0,34;6,48;0;0;0;0;3;0
Centro;Toscana;LU;A657;12;3,5;12,8;0;0;1;1;2;0
Centro;Toscana;LU;B007;1;4;6;0;0;0;0;3;0
Centro;Toscana;LU;B455;21;10;28,82;0;3;1;0;2,09;0
Centro;Toscana;LU;B557;0;1;0;0;0;0;0;0;1
Centro;Toscana;LU;B648;9;25,33;79,87;1;0;1;1;15,5;0
Centro;Toscana;LU;B760;0;0;2;0;0;0;0;0;0
Centro;Toscana;LU;C236;2;6;12,44;0;0;0;0;0;0
Centro;Toscana;LU;C303;0;0;3;0;0;0;0;0;1
Centro;Toscana;LU;C996;0;1;4,83;0;0;0;0;0;0
Centro;Toscana;LU;D449;0;0;1;0;0;0;0;0;0
Centro;Toscana;LU;D730;2;8;2,43;0;4;2;0;0;0
Centro;Toscana;LU;D734;0;0;1,67;0;0;0;0;0;0
Centro;Toscana;LU;D874;0;2;4;0;0;0;1;3;0
Centro;Toscana;LU;E059;0;0;0,5;0;0;0;0;1;0
Centro;Toscana;LU;E715;38,5;53,12;93,6;0;0;1;8;23,05;1
Centro;Toscana;LU;F035;2;9,16;11;1;0;1;2;1,13;0
Centro;Toscana;LU;F225;2;0;0;0;0;0;0;0;0
Centro;Toscana;LU;F283;0;0;5,67;0;0;0;0;0;0
Centro;Toscana;LU;F452;1;3;1,33;0;0;0;0;2;0
Centro;Toscana;LU;G480;0;2;14,2;0;0;0;0;0;0
Centro;Toscana;LU;G582;0;1;0;0;0;1;0;0;0
Centro;Toscana;LU;G628;12;23,92;15;0;0;0;3;2,28;0
Centro;Toscana;LU;G648;0;0;2,19;0;0;0;0;0;0
Centro;Toscana;LU;G882;4,5;4;13,95;0;0;0;0;8;0
Centro;Toscana;LU;I142;0;0;4;0;0;0;0;0;0,29
Centro;Toscana;LU;I622;2;7;5,5;0;0;0;0;3;0
Centro;Toscana;LU;I737;0;0,66;0,33;0;0;0;0;0;0
Centro;Toscana;LU;I942;0;1;2,52;0;0;0;0;0;0
Centro;Toscana;LU;L533;0;0,26;0,3;0;0;0;0;0;0
Centro;Toscana;LU;L763;0;0;0;0;0;0;0;0;0
Centro;Toscana;LU;L833;42,33;57,54;15,75;1;1;1;4,5;2,21;0
Centro;Toscana;LU;L913;0;0;2;0;0;1;0;1,17;0
Centro;Toscana;LU;L926;0;0;1;0;0;0;0;0;0
Centro;Toscana;MS;A496;2;10,33;11;0;0;0;3;0;0
Centro;Toscana;MS;A576;0;0;6;0;0;0;0;1;0
Centro;Toscana;MS;B832;7;32;25,44;1;0;0;5,5;13,13;0
Centro;Toscana;MS;B979;0;0;6;0;0;0;0;0;0
Centro;Toscana;MS;C914;0;0;0,25;0;0;0;0;0;0
Centro;Toscana;MS;D590;1;1;1,22;0;0;0;0;0;0
Centro;Toscana;MS;D629;0;3,3;15;2;0;0;0;1;1
Centro;Toscana;MS;D735;0;3;5;0;0;0;0;0;0
Centro;Toscana;MS;E574;0;2;3;0;0;0;0;2,02;0
Centro;Toscana;MS;F023;46,58;25,42;27,59;0;2;1;4,5;10,1;0
Centro;Toscana;MS;F679;5;2;2;0;0;0;0;2;0
Centro;Toscana;MS;F802;0;0;4,17;0;0;0;0;0;0
Centro;Toscana;MS;G746;0;2;1;0;0;0;0;0;0
Centro;Toscana;MS;G870;3,88;6,5;8,26;0;0;0;0;1;0
Centro;Toscana;MS;L386;0;1;2;0;0;0;0;0;0
Centro;Toscana;MS;L946;0;4;6,5;0;0;0;0;0;0
Centro;Toscana;MS;M169;0;0;1;0;0;0;0;0;0
Centro;Toscana;PI;A559;2;4;3,64;0;1,07;1;0;0;0
Centro;Toscana;PI;A562;3;7,16;19,62;0;0;2;3;3;0
Centro;Toscana;PI;A864;1;12;5,11;0;0;0;0;1;0
Centro;Toscana;PI;B303;0;0;6,5;0;0;1;0;1;0
Centro;Toscana;PI;B390;0;6;6,33;0;0;0;0;0;0
Centro;Toscana;PI;B392;5;24;6,15;0;0;1;0;8;0
Centro;Toscana;PI;B647;0,33;2;8,11;0;0;0;0;1;0
Centro;Toscana;PI;B878;0;0;3;0;0;0;0;0;0
Centro;Toscana;PI;B950;13;31,83;38,35;0;0;0;1;12;0
Centro;Toscana;PI;C113;2;6;6,07;0;0;0;2;11;0
Centro;Toscana;PI;C174;0;0;3;0;0;0;0;1;0
Centro;Toscana;PI;C244;0;2;5;0;1;0;0;0;0
Centro;Toscana;PI;C609;0;0;4,64;0;0;0;0;0;0
Centro;Toscana;PI;D160;0;0;3;0;0;1;0;3;0
Centro;Toscana;PI;D510;0;0,34;5;0;0;0;1;1,17;0
Centro;Toscana;PI;E250;0;0;2,42;0;0;0;0;0;0
Centro;Toscana;PI;E413;0;2;3;0;0;0;0;0;0
Centro;Toscana;PI;E455;0;5;14,2;0;0;2;1;7;0
Centro;Toscana;PI;E688;0;0;0;0;0;0;0;0;0
Centro;Toscana;PI;F458;0;2;8,5;0;0;0;0;0;2
Centro;Toscana;PI;F640;1;1;2;0;0;0;0;1;0
Centro;Toscana;PI;F661;0;2;2;0;0;0;0;0;0
Centro;Toscana;PI;F686;2;10,05;8,5;0;0;0;0;4;0
Centro;Toscana;PI;G090;0;0;0;0;0;0;0;0;0
Centro;Toscana;PI;G254;0;0;7,22;0;0;0;0;1;0
Centro;Toscana;PI;G395;0;6,5;5,81;0;0;1;0;5;0
Centro;Toscana;PI;G702;36;66,02;34,33;0;0;1;6;7,18;0
Centro;Toscana;PI;G804;0;4;3,75;0;0;0;0;0;5,84
Centro;Toscana;PI;G822;3;3,3;12,25;0;0;0;3;9;0
Centro;Toscana;PI;G843;5;25,01;11,39;0;0;1;4,33;8;0
Centro;Toscana;PI;H319;0;1;7;0;0;0;0;0;0
Centro;Toscana;PI;I046;11;14,5;24,32;0;0;0;0;9,54;0
Centro;Toscana;PI;I177;18,83;9,06;12,5;0;0;1;1;8;0
Centro;Toscana;PI;I217;0;0;1;0;0;0;0;0;1
Centro;Toscana;PI;I232;0;7;14,42;0;0;0;0;3;0
Centro;Toscana;PI;L138;0;4,5;10;0;0;2;0;0;0
Centro;Toscana;PI;L702;0;5;9,29;0;0;1;0;0;0
Centro;Toscana;PI;L850;1;10;7,33;0;0;1;0;5;0
Centro;Toscana;PI;M126;3;4;10,75;0;0;0;0;2;0
Centro;Toscana;PO;B626;0;3,75;7,25;0;0;0;0;0;0
Centro;Toscana;PO;B794;0;12,67;12,98;0;0;0;0;5;0
Centro;Toscana;PO;F572;4;13,5;11,5;0;0;0;0;20;0
Centro;Toscana;PO;G754;0;6;3;0;0;0;0;1;0
Centro;Toscana;PO;G999;127,02;176,81;76,14;0;0;0;4;47,94;0
Centro;Toscana;PO;L537;1;10,75;7;0;0;0;0;4;0
Centro;Toscana;PO;L775;0;1;5,62;0;0;0;0;0;0
Centro;Toscana;PT;A012;1;8;0;1;0;0;0;0;0
Centro;Toscana;PT;A071;4;8,5;9,5;1;0;0,5;1;2;0
Centro;Toscana;PT;A561;16;22,15;4,38;0;2,33;0;0;0;0
Centro;Toscana;PT;B251;0;2;4,5;0;0;0;0;2;0
Centro;Toscana;PT;C631;1;2;0,5;0;0;0;0;1;0
Centro;Toscana;PT;D235;0;0,05;0;0;0;0;0;0;0
Centro;Toscana;PT;E432;0;8;4;0;0;0;0;0;0
Centro;Toscana;PT;E451;1;2;7;0;0;0;0;3;0
Centro;Toscana;PT;E960;0;0;3;0;0;0;0;0;0
Centro;Toscana;PT;F025;2;3,75;6;0;0;0;1;0;0
Centro;Toscana;PT;F384;2;13;5,5;0;0;0;1;2,75;0,75
Centro;Toscana;PT;F410;3;7,45;5;0;0;0;0;6;0
Centro;Toscana;PT;G491;9,5;3,46;19,76;0;0;0;0,89;5,01;0
Centro;Toscana;PT;G636;0;2;6,53;0;0;0;0;1;0
Centro;Toscana;PT;G713;15,5;54,79;45,58;0;0;0;3;8,06;0
Centro;Toscana;PT;G715;0;2;3;0;0;0;0;0;0
Centro;Toscana;PT;G833;3;5;0;0;0;0;0;1;0
Centro;Toscana;PT;H109;6;17,75;14,33;0;0;0;0;9;0
Centro;Toscana;PT;H744;0;1;2;0;0;0;0;0;0
Centro;Toscana;PT;H980;0;2;6,75;0;0;0;0;1;0
Centro;Toscana;PT;I660;1;8;5,18;0;0;0;0;2;0,67
Centro;Toscana;PT;L522;3;1,5;4,08;0;0;0;0;0;0
Centro;Toscana;SI;A006;0;2;3,08;0;0;0;0;0;1
Centro;Toscana;SI;A461;0;3;12,6;0;0;0;0;0;0
Centro;Toscana;SI;A468;1;13;5,78;0;0;0;3;1;0
Centro;Toscana;SI;B269;0;2;4;0;0;0;0;0;0
Centro;Toscana;SI;B984;0;0;6,98;0;0,76;0;0;3;1,16
Centro;Toscana;SI;C172;0;0;2,5;0;1;0;0;1;0
Centro;Toscana;SI;C227;1;2;20,7;0;2;0;0;3;1
Centro;Toscana;SI;C313;0;6,33;14,83;0;1;0,33;0;1;0
Centro;Toscana;SI;C587;0;2;7,33;0;0;1;0;0;1
Centro;Toscana;SI;C608;1;5;7,3;0;3;0;0;3;0
Centro;Toscana;SI;C661;0;1;12;0;0;0;0;1;0
Centro;Toscana;SI;C662;2;7,92;6,72;0;0;0;0;1;2
Centro;Toscana;SI;C847;19;23;34;0;0;1;0;1;0
Centro;Toscana;SI;D858;0;0;5;0;0;0;0;0;1
Centro;Toscana;SI;F402;0;3;4;0;0;0;0;0;2
Centro;Toscana;SI;F592;1,5;6,77;15,72;0;0;0;0;2;0,3
Centro;Toscana;SI;F598;4;3;8,47;0;0;0;0;7;2
Centro;Toscana;SI;F605;3,5;3;7,83;0;0;0;1;1;0
Centro;Toscana;SI;F676;0;0;2;0;0;0;0;0;0
Centro;Toscana;SI;F815;0,4;0;4;0;0;0;0;0;0
Centro;Toscana;SI;G547;1;2;3,5;0;0;0;0;0;2
Centro;Toscana;SI;G602;1;0;12,47;0;0;0;0;0;5
Centro;Toscana;SI;G752;19,22;9,05;23,39;0;0;1;1;6;0
Centro;Toscana;SI;H153;0;4;7;0;0;0;0;0;0
Centro;Toscana;SI;H156;0;1;2,79;0;0;0;0;0,06;1
Centro;Toscana;SI;H157;0;0,17;8;0;0;0;0;1;0
Centro;Toscana;SI;H185;1;2,67;8,61;0;0;0;0;2,5;1
Centro;Toscana;SI;H790;1;1;6,09;0;0;0;0;0;0
Centro;Toscana;SI;H875;0;6;7,18;0;0;0;0;0;1
Centro;Toscana;SI;H911;0;0;3;0;0;0;0;0;0
Centro;Toscana;SI;I135;1;1;7,72;0;0;0;0;0;0
Centro;Toscana;SI;I445;1;2;7,58;0;1;0;0;0;0
Centro;Toscana;SI;I726;19,13;47;47,96;0;0;0;3;4,51;1
Centro;Toscana;SI;I877;1;5;14,33;0;0;0;0;5;0
Centro;Toscana;SI;L303;0,33;1;8;0;0;0;0;2;1
Centro;Toscana;SI;L384;0;0;6;0;0;0;0;0;1
Centro;Umbria;PG;A475;10;18;35,08;0;0;0;4;5,33;2
Centro;Umbria;PG;A710;7;13,5;21,95;0;0;0;2;3;0
Centro;Umbria;PG;A832;1;0;6;0;0;0;0;1;2
Centro;Umbria;PG;A835;0;2;10;0;0;1;0;1;0
Centro;Umbria;PG;B504;0,48;4,46;4,48;0;0;0;0;0;0
Centro;Umbria;PG;B609;1;1;11;0;0;0;0;6;0
Centro;Umbria;PG;B948;0;3;8,07;0;0;0;0,67;0;0
Centro;Umbria;PG;C252;0;1,38;6,5;0;0;0;0;0;0
Centro;Umbria;PG;C309;2;12;17,36;0;0;0;0,33;0;0,5
Centro;Umbria;PG;C527;0;0;3,44;0;0;0;0;0;0
Centro;Umbria;PG;C742;0;3;5,75;0;0;0;0;0;0
Centro;Umbria;PG;C744;2;5;14,26;0;0;0;1;4;1
Centro;Umbria;PG;C745;9;28;31,4;0;0;0;2;11;4
Centro;Umbria;PG;C845;3;2;6;0;0;0;2;3;3
Centro;Umbria;PG;C990;10;17,33;23,2;0;1;0;1;12;0
Centro;Umbria;PG;D108;0;0;0;0;0;0;0;0;0
Centro;Umbria;PG;D279;0;3;8,33;0;0;0;0;6;0
Centro;Umbria;PG;D653;14;28,22;53;0;0;1;1;7;0
Centro;Umbria;PG;D745;0;0;3;0;0;0;0;2;0
Centro;Umbria;PG;D786;3;8;11;1;0;0;0;5;2
Centro;Umbria;PG;D787;0;0;3;0;0;0;0;8;0
Centro;Umbria;PG;E012;0;3;7;0;0;0;0;0;0
Centro;Umbria;PG;E229;0;0;12,06;0;0;0;0;0;0
Centro;Umbria;PG;E230;5;2,17;25,17;0;0;0;1;3;0
Centro;Umbria;PG;E256;6,5;13,5;31,89;0;0;0;0;5;0
Centro;Umbria;PG;E613;0;0;0;0;0;0;0;0;0
Centro;Umbria;PG;E805;1;10,25;20,17;0;0;0;2;6;1
Centro;Umbria;PG;E975;9,22;11;18,67;0;0;0;0;5;0
Centro;Umbria;PG;F024;0;0,96;1;0;1;0;0;0;0
Centro;Umbria;PG;F456;0;0;2;0;0;0;0;0;1
Centro;Umbria;PG;F492;1;2,17;7;0;0;1;0;0;1
Centro;Umbria;PG;F540;0;0;2;0;0;0;0;0;0
Centro;Umbria;PG;F629;0;0;3;0;0;0;0;0;0
Centro;Umbria;PG;F685;0;0;2;0;0;0;0;0;0
Centro;Umbria;PG;F911;1;1,83;8,44;0;0;0;1;1;0
Centro;Umbria;PG;F935;0;4,33;6,61;0;0;0;0;0;0
Centro;Umbria;PG;G212;0;0;2,5;0;0;0;0;0;0
Centro;Umbria;PG;G308;3;2;5,6;0;0;0;0;1;0
Centro;Umbria;PG;G359;0;2;6,83;0;0;0;0;1;1
Centro;Umbria;PG;G478;76;115,55;174,88;1;0;2;13;23,51;4,2
Centro;Umbria;PG;G601;0;3;6;0;0;0;0;0;0
Centro;Umbria;PG;G618;0;0;4;0;0;0;0;0;0
Centro;Umbria;PG;G758;0;0;0;0;0;0;0;0;0
Centro;Umbria;PG;H015;0;0;1,67;0;0;0;0;0;0
Centro;Umbria;PG;H935;0;2;13;0;0;0;0;5;0
Centro;Umbria;PG;I263;0;0;1;0;0;0;0;0;0
Centro;Umbria;PG;I522;0;0;1,25;0;0;0;0;0;0
Centro;Umbria;PG;I523;0;0;6;0;0;0;0;1;0
Centro;Umbria;PG;I585;0;0;2,83;0;0;0;0;0;0
Centro;Umbria;PG;I727;0;0;1;0;0;0;0;0;0
Centro;Umbria;PG;I888;0;5;13,83;0;0;0;0;2;0
Centro;Umbria;PG;I921;8,81;20,5;44,17;0;0,11;0;1;1;0
Centro;Umbria;PG;L188;3;10;33,93;0;1;0;5;5;0
Centro;Umbria;PG;L216;1;3;8,56;0;0;0;0;2;0
Centro;Umbria;PG;L397;0;7,76;19,41;0;0;0;0;2;0
Centro;Umbria;PG;L466;0;1;4;0;0;0;0;0;0
Centro;Umbria;PG;L573;0;1;3;0;0;0;0;1;0
Centro;Umbria;PG;L627;0;0,5;2;0;0;0;0;0;0
Centro;Umbria;PG;L653;0;0;3;0;0;0;0;0;0
Centro;Umbria;TR;A045;0;5;6,83;0;0;0;1;1;0
Centro;Umbria;TR;A207;0;0;4;0;0;0;0;0;0
Centro;Umbria;TR;A242;0;2;7;0;0;0;0;0;0
Centro;Umbria;TR;A262;2;6;5,5;0;0;0;0;3;1
Centro;Umbria;TR;A439;0;0;1;0;0;0;0;0;0
Centro;Umbria;TR;A490;0;0,72;0;0;0;0;0;0;0
Centro;Umbria;TR;A691;0;1;14,5;0;0;0;0;1;1
Centro;Umbria;TR;B446;0;3;4;0;0;0;0;0;0
Centro;Umbria;TR;C117;0;1;2;0;0;0;0;0;0
Centro;Umbria;TR;C289;0;2;6;0;0;0;0;0;0
Centro;Umbria;TR;D454;0;1;3;0;0;0;1;0;0
Centro;Umbria;TR;D538;0;0;1;0;0;0;0;0;0
Centro;Umbria;TR;D570;0;0;3;0;0,11;0;0;0;0
Centro;Umbria;TR;E045;0;2;0;0;0;0;0;0;0
Centro;Umbria;TR;E241;0;1;0;0;0;0;0;0;0
Centro;Umbria;TR;E729;0;1;0;0;0;0;0;2;0
Centro;Umbria;TR;F457;0;1;5,5;0;0;0;0;2;0
Centro;Umbria;TR;F462;0;0;1;0;0;0;0;0;0
Centro;Umbria;TR;F510;0;1;2;0;0;0;0;0;0
Centro;Umbria;TR;F513;0;0;0;0;0;0;0;0;0
Centro;Umbria;TR;F543;0;0;5;0;0;0;0;0;0
Centro;Umbria;TR;F844;5;10;23,65;0;0;0;3;33;0
Centro;Umbria;TR;G148;5;18,75;26,59;0;0;0;0;7;0
Centro;Umbria;TR;G189;0;0;0,67;0;0;0;0;0;0
Centro;Umbria;TR;G344;0;0;3,44;0;0;0;0;0;0
Centro;Umbria;TR;G432;0;0;5;0;0;0;0;0;0
Centro;Umbria;TR;G790;0;0;2;0;0;0;0;0;0
Centro;Umbria;TR;G881;0;3;2;0;0;0;0;0;0
Centro;Umbria;TR;H857;2;2;2;0;0;0;0;3;0
Centro;Umbria;TR;I381;0;2;9,96;0;0;0;0;1;0
Centro;Umbria;TR;I981;0;1;7;0;0;0;0;1;0
Centro;Umbria;TR;L117;56,67;84,25;58,08;0;2;1;7;25,99;0
Centro;Umbria;TR;M258;0;2,17;2,17;0;0;0;0;0;0
Sud;Abruzzo ;AQ;A018;0;0;0;0;0;0;0;0;0
Sud;Abruzzo ;AQ;A100;0;0;1;0;0;0;0;0;0
Sud;Abruzzo ;AQ;A187;0;0;1,5;0;0;0;0;0;1
Sud;Abruzzo ;AQ;A318;0;0;1,5;0;0;0;0;0;0
Sud;Abruzzo ;AQ;A345;21;9,68;61,95;1;0;0;8;9;0
Sud;Abruzzo ;AQ;A481;0;1;3,03;0;0;0;0;0;0
Sud;Abruzzo ;AQ;A515;58;33;53,45;0;0;0;1;15;0
Sud;Abruzzo ;AQ;A603;0;0;2;0;0;0;0;0;0
Sud;Abruzzo ;AQ;A656;0;0;0;0;0;0;1;0;0
Sud;Abruzzo ;AQ;A667;0;0;1,67;0;0;0;0;0;0
Sud;Abruzzo ;AQ;A678;0;0,31;1;0;0;0;0;0;0
Sud;Abruzzo ;AQ;A884;0;0;0;0;0;0;0;0;0
Sud;Abruzzo ;AQ;B256;0;0;2;0;0;0;0;0;0
Sud;Abruzzo ;AQ;B358;0;0;0;0;0;0;0;0;0
Sud;Abruzzo ;AQ;B382;0;0;2;0;0;0;0;0;0
Sud;Abruzzo ;AQ;B526;0;0;0,06;0;0;0;0;0;0
Sud;Abruzzo ;AQ;B569;0;0;0;0;0;0;0;0;0
Sud;Abruzzo ;AQ;B606;0;0;0;0;0;0;0;0;0
Sud;Abruzzo ;AQ;B624;0;0;4;0;0;0;0;0;0
Sud;Abruzzo ;AQ;B651;0;1;1;0;0;0;0;0;0
Sud;Abruzzo ;AQ;B656;0;0;4,8;0;0;0;0;0;0
Sud;Abruzzo ;AQ;B658;0;0,38;0,5;0;0;0;0;0;0
Sud;Abruzzo ;AQ;B672;0;0;2;0;0;0;0;0;0
Sud;Abruzzo ;AQ;B677;0;0;1,03;0;0;0;0;0;0
Sud;Abruzzo ;AQ;B725;0;0;0;0;0;0;0;0;0
Sud;Abruzzo ;AQ;B842;0;6;6,33;0;0;0;2;3;0
Sud;Abruzzo ;AQ;C083;0;0;0;0;0;0;0;0;0
Sud;Abruzzo ;AQ;C090;0;0;1;0;0;0;0;0;0
Sud;Abruzzo ;AQ;C096;0;1;10,01;0;1;0;0;2;0
Sud;Abruzzo ;AQ;C126;0;1;1;0;0;0;0;0;0
Sud;Abruzzo ;AQ;C278;0;0;1;0;0;0;0;0;0
Sud;Abruzzo ;AQ;C279;0;0;0;0;0;0;0;0;0
Sud;Abruzzo ;AQ;C426;1;7,13;18,75;0;0;0;0;2;1
Sud;Abruzzo ;AQ;C492;0;0;2;0;0;0;0;0;1
Sud;Abruzzo ;AQ;C766;0;0;0;0;0;0;0;0;0
Sud;Abruzzo ;AQ;C778;0;0;1;0;0;0;0;0;0
Sud;Abruzzo ;AQ;C783;0;0;4,5;0;0;0;0;0;0
Sud;Abruzzo ;AQ;C811;0;0;0;0;0;0;0;0;0
Sud;Abruzzo ;AQ;C844;0;0;1;0;0;0;0;0;0
Sud;Abruzzo ;AQ;C862;0;0;1;0;0;0;0;0;0
Sud;Abruzzo ;AQ;C866;0;0;1;0;0;0;0;0;0
Sud;Abruzzo ;AQ;C999;0;1;1;0;0;0;0;0;0
Sud;Abruzzo ;AQ;D465;0;0;0,25;0;0;0;0;1;0
Sud;Abruzzo ;AQ;D681;0;0;0;0;0;0;0;1;0
Sud;Abruzzo ;AQ;D736;0;0;2;0;0;0;0;0;0
Sud;Abruzzo ;AQ;D850;0;0;1;0;0;0;0;0;0
Sud;Abruzzo ;AQ;E040;0;0;3;0;0;0;0;0;0
Sud;Abruzzo ;AQ;E096;0;1;0;0;0;0;0;0;0
Sud;Abruzzo ;AQ;E307;0;0;2,5;0;0;0;0;0;0
Sud;Abruzzo ;AQ;E505;0;1;1;0;0;0;0;0;0
Sud;Abruzzo ;AQ;E723;0;2;12,5;0;0;0;0;1;1
Sud;Abruzzo ;AQ;E724;0;0;0,08;0;0;0;0;0;0
Sud;Abruzzo ;AQ;E811;0;0;2,5;0;0;0;0;1;0
Sud;Abruzzo ;AQ;F022;0;0;2;0;0;0;0;0;0
Sud;Abruzzo ;AQ;F595;0;1,92;1,33;1;0;0;0;0;0
Sud;Abruzzo ;AQ;F732;0;0;4;0;0;0;0;0;0
Sud;Abruzzo ;AQ;F852;0;1;2;0;0;0;0;0;0
Sud;Abruzzo ;AQ;F996;0;0;0;0;0;0;0;0;0
Sud;Abruzzo ;AQ;G002;0;0;0;0;0;0;0;0;0
Sud;Abruzzo ;AQ;G079;0;0;0;0;0;0;0;0;0
Sud;Abruzzo ;AQ;G102;0;0;2;0;0;0;0;1;0
Sud;Abruzzo ;AQ;G142;0;0;1;0;0;0;0;0;0
Sud;Abruzzo ;AQ;G145;0;1;1;0;0;0;0;0;0
Sud;Abruzzo ;AQ;G200;0;1;5;0;0;0;0;0;0
Sud;Abruzzo ;AQ;G210;0;0;1;0;0;0;0;0;0
Sud;Abruzzo ;AQ;G449;0;0;0;0;0;0;0;0;0
Sud;Abruzzo ;AQ;G484;0;0,94;2,02;0;0;0;0;1;0
Sud;Abruzzo ;AQ;G492;0;0,96;4;0;0;0;0;0;0
Sud;Abruzzo ;AQ;G493;0;1,39;7;0;1;0;0;0;0
Sud;Abruzzo ;AQ;G524;0;1;1,06;0;0;0;0;0;0
Sud;Abruzzo ;AQ;G726;0;0;5;0;1;0;0;0;0
Sud;Abruzzo ;AQ;G766;0;0;1;0;0;0;1;0;0
Sud;Abruzzo ;AQ;G992;0;0;3;0;0;0;0;0;0
Sud;Abruzzo ;AQ;H007;0;2,38;6;0;0;0;0;1;0
Sud;Abruzzo ;AQ;H056;0;0;1;0;0;0;0;7;0
Sud;Abruzzo ;AQ;H166;0;1;3;0;0;0;0;1;0
Sud;Abruzzo ;AQ;H353;0;0,02;1;0;1;0;0;0;0
Sud;Abruzzo ;AQ;H389;0;0;0;0;0;0;0;0;0
Sud;Abruzzo ;AQ;H399;0;1;0;0;0;0;0;0;0
Sud;Abruzzo ;AQ;H400;0;0;5;0;0;0;0;0;0
Sud;Abruzzo ;AQ;H402;0;2;5;0;0;0;0;5;0
Sud;Abruzzo ;AQ;H429;0;0;3,25;0;0;0;0;0;0
Sud;Abruzzo ;AQ;H434;0;0,02;4,57;0;0;1;0;1;0
Sud;Abruzzo ;AQ;H772;0;0;6,77;0;0;0;0;5;0
Sud;Abruzzo ;AQ;H773;0;0;1;0;0;0;0;0;0
Sud;Abruzzo ;AQ;H819;0;3;1;0;0;0;1;0;0
Sud;Abruzzo ;AQ;I121;0;0;0;0;0;0;0;0;0
Sud;Abruzzo ;AQ;I326;0;0;2;0;0;0;0;0;0
Sud;Abruzzo ;AQ;I336;0;0;0;0;0;0;0;0;0
Sud;Abruzzo ;AQ;I360;0;0;1;0;0;0;0;0;0
Sud;Abruzzo ;AQ;I389;0;1;1;0;0;0;0;0;0
Sud;Abruzzo ;AQ;I501;0;1;0,83;0;0;0;0;0;0
Sud;Abruzzo ;AQ;I543;0;0;0;0;0;0;0;1;0
Sud;Abruzzo ;AQ;I546;0;0;6;0;0;0;1;0;0
Sud;Abruzzo ;AQ;I553;0;2;4;0;0;0;1;1;0
Sud;Abruzzo ;AQ;I558;0;0,96;1,75;0;0;0;0;0;0
Sud;Abruzzo ;AQ;I804;5;11,5;23,53;0;0;0;33;8;0
Sud;Abruzzo ;AQ;L025;0;5;15,09;0;0;0;1;1;0
Sud;Abruzzo ;AQ;L173;0;0;1;0;0;0;0;0;0
Sud;Abruzzo ;AQ;L227;0;2;3;0;0;0;0;0;0
Sud;Abruzzo ;AQ;L334;0;2;6,34;0;0;0;0;1;0
Sud;Abruzzo ;AQ;L958;0;0;0;0;0;0;0;1;0
Sud;Abruzzo ;AQ;M021;0;0;0;0;0;0;0;0;0
Sud;Abruzzo ;AQ;M023;0;0;0;0;0;0;0;0;0
Sud;Abruzzo ;AQ;M031;0;4;2;0;0;0;0;0;0
Sud;Abruzzo ;AQ;M041;0;0;1;0;0;0;0;0;0
Sud;Abruzzo ;AQ;M090;0;0;0,33;0;0;0;1;0;0
Sud;Abruzzo ;AQ;M255;0;0;0;0;0;0;0;0;0
Sud;Abruzzo ;CH;A235;0;7;5,34;0;0;0;0;0;0
Sud;Abruzzo ;CH;A367;0;1;2;0;0;0;0;0;0
Sud;Abruzzo ;CH;A398;0;0;0;0;0;0;0;0;0
Sud;Abruzzo ;CH;A402;0;0;2;0;0;0;1;1;0
Sud;Abruzzo ;CH;A485;4;11;15,17;0;0;0;1;13;0
Sud;Abruzzo ;CH;A956;0;0;2;0;0;0;0;0;0
Sud;Abruzzo ;CH;B057;0;0;3;0;0;0;0;0;0
Sud;Abruzzo ;CH;B238;0;0;7,5;0;0;0;0;0;0
Sud;Abruzzo ;CH;B268;0;0;0;0;0;0;0;0;0
Sud;Abruzzo ;CH;B620;0;0;0,5;0;0;0;0;0;0
Sud;Abruzzo ;CH;B826;0;0;0;0;0;0;0;0;0
Sud;Abruzzo ;CH;B853;0;0;0;0;0;0;0;0;0
Sud;Abruzzo ;CH;B859;0;1;0;0;0;0;0;0;0
Sud;Abruzzo ;CH;B861;0;0;5;0;0;0;0;0;0
Sud;Abruzzo ;CH;B865;1;1;1;0;0;0;1;1;0
Sud;Abruzzo ;CH;B896;0;0;1,17;0;0;0;0;0;0
Sud;Abruzzo ;CH;B985;0;0;6;0;0;0;2,33;1;2
Sud;Abruzzo ;CH;C114;1;2,17;5;0;0;0;0;1;0
Sud;Abruzzo ;CH;C123;0;0;0,75;0;0;0;0;0;0
Sud;Abruzzo ;CH;C298;0;1;4;0;0;0;0;0;0
Sud;Abruzzo ;CH;C428;0;0;0;0;0;0;0;0;0
Sud;Abruzzo ;CH;C632;8;18,17;31,92;0;1;0;4;8,03;0
Sud;Abruzzo ;CH;C768;0;0;0;0;0;0;0;0;0
Sud;Abruzzo ;CH;C776;0;0;0;0;0;0;0;1;0
Sud;Abruzzo ;CH;C855;0;0;0;0;0;0;0;0;0
Sud;Abruzzo ;CH;C856;0;0;1;0;0;0;0;0;0
Sud;Abruzzo ;CH;D137;0;0;1;0;0;0;0;2;0
Sud;Abruzzo ;CH;D209;0;1;3,5;0;0;0;0;1;0
Sud;Abruzzo ;CH;D315;0;0;1;0;0;0;0;0;0
Sud;Abruzzo ;CH;D480;0;0;1;0;0;0;0;0;0
Sud;Abruzzo ;CH;D494;0;0;3,33;0;0;0;0;0;0
Sud;Abruzzo ;CH;D495;0;2;1;0;0;0;0;0;0
Sud;Abruzzo ;CH;D592;0;0;3,48;0;0;0;0;0;0
Sud;Abruzzo ;CH;D690;0;5;12,17;0;0;0;2;3;0
Sud;Abruzzo ;CH;D738;0;2;5;0;0;0;0;2;0
Sud;Abruzzo ;CH;D757;0;0;1;0;0;0;0;0;0
Sud;Abruzzo ;CH;D763;3;13;20,03;0;1;0;0;0;0
Sud;Abruzzo ;CH;D796;0;0;2,5;0;0;0;0;1;0
Sud;Abruzzo ;CH;D803;0;0;1,75;0;0;0;0;1;0
Sud;Abruzzo ;CH;D823;0;2;3;0;0;0;0;0;0
Sud;Abruzzo ;CH;D898;0;0;1;0;0;0;0;0;0
Sud;Abruzzo ;CH;D996;0;0;0;0;0;0;0;0;0
Sud;Abruzzo ;CH;E052;0;1;3;0;0;0;0;4;0
Sud;Abruzzo ;CH;E056;0;0;1;0;0;0;0;0;0
Sud;Abruzzo ;CH;E243;0;1,89;3;0;0;0;0;1;2
Sud;Abruzzo ;CH;E266;0;1;2;0;0;0;0;0;0
Sud;Abruzzo ;CH;E372;12;30,67;55;2;0;0;6;7;0
Sud;Abruzzo ;CH;E424;0;0;0;0;0;0;0;0;0
Sud;Abruzzo ;CH;E435;14;37,5;25,56;0;0;0;3,7;11;0
Sud;Abruzzo ;CH;E531;0;0;2;0;0;0;0;0;0
Sud;Abruzzo ;CH;E559;0;0;0;0;0;0;0;0;0
Sud;Abruzzo ;CH;E611;0;0;0;0;0;0;0;0;0
Sud;Abruzzo ;CH;F196;1;0,66;5,66;0;0;0;0;1;0
Sud;Abruzzo ;CH;F433;0;0;0;0;0;0;0;0;0
Sud;Abruzzo ;CH;F498;0;0;0;0;0;0;0;0;0
Sud;Abruzzo ;CH;F535;0;0;0;0;0;0;0;0;0
Sud;Abruzzo ;CH;F578;0;0;1;0;0;0;0;0;0
Sud;Abruzzo ;CH;F582;0;0;2;0;0;0;0;0;0
Sud;Abruzzo ;CH;F785;0;0;5;0;0;0;2;1;0
Sud;Abruzzo ;CH;G128;1;1,5;1,67;0;0;0;0;0;0
Sud;Abruzzo ;CH;G141;0,89;9,33;30,95;1;0;0;0;5;1
Sud;Abruzzo ;CH;G237;0;2;5;0;0;0;0;4,5;0
Sud;Abruzzo ;CH;G271;0;4;1;0;0;0;0;0;0
Sud;Abruzzo ;CH;G290;0;0;3;0;0;0;0;0;0
Sud;Abruzzo ;CH;G294;0;1;3;0;0;0;0;0;0
Sud;Abruzzo ;CH;G434;0;0;0;0;0;0;0;0;0
Sud;Abruzzo ;CH;G435;0;0;0;0;0;0;0;0;0
Sud;Abruzzo ;CH;G441;0;1;3;0;0;0;0;0;0
Sud;Abruzzo ;CH;G613;0;0;1;0;0;0;0;0;0
Sud;Abruzzo ;CH;G724;0;0;0;0;0;0;0;0;0
Sud;Abruzzo ;CH;G760;0;0;0;0;0;0;0;0;0
Sud;Abruzzo ;CH;G799;0;0,17;3;0;0;0;0;0;0
Sud;Abruzzo ;CH;H052;0;0;1;0;1;0;0;0;0
Sud;Abruzzo ;CH;H098;0;1;2;0;0;0;0;0;0
Sud;Abruzzo ;CH;H184;0;0;1;0;0;0;0;0;0
Sud;Abruzzo ;CH;H320;0;1;6,63;0;0;0;0;0;0
Sud;Abruzzo ;CH;H424;0;0;1,28;0;0;0;0;0;0
Sud;Abruzzo ;CH;H439;0;1;4;0;0;0;0;0;0
Sud;Abruzzo ;CH;H442;0;0;0;0;0;0;0;0;0
Sud;Abruzzo ;CH;H448;0;0;3;0;0;0;0;0;0
Sud;Abruzzo ;CH;H495;0;0;0;0;0;0;0;0;0
Sud;Abruzzo ;CH;H566;0;2;2;0;0;0;0;0;0
Sud;Abruzzo ;CH;H784;0;0;0;0;0;0;0;0;0
Sud;Abruzzo ;CH;H923;0;0;1;0;0;0;0;0;0
Sud;Abruzzo ;CH;H991;0;0;1;0;0;0;0;0;0
Sud;Abruzzo ;CH;I148;7;11;13;0;0;0;1;10;0
Sud;Abruzzo ;CH;I244;0;1;2;0;0;0;0;0;0
Sud;Abruzzo ;CH;I335;0;1;4;0;0;0;0;1;0
Sud;Abruzzo ;CH;I394;0;5,44;7,25;0;0;0;0;0;0
Sud;Abruzzo ;CH;I520;0;0;3;0;0;0;0;0;0
Sud;Abruzzo ;CH;I526;0;1;2;0;0;0;0;0;0
Sud;Abruzzo ;CH;L047;0;0;0;0;0;0;0;0;0
Sud;Abruzzo ;CH;L194;0;0;3;0;0;0;0;0;0
Sud;Abruzzo ;CH;L218;0;0;1;0;0;0;0;1;0
Sud;Abruzzo ;CH;L224;0;0;4;0;0;0;0;0;0
Sud;Abruzzo ;CH;L253;0;0;0;0;0;0;0;0;0
Sud;Abruzzo ;CH;L284;0;0;1;0;0;0;0;0;0
Sud;Abruzzo ;CH;L291;0;1;3;0;0;0;0;0;0
Sud;Abruzzo ;CH;L363;0;0;1,5;0;0;0;1;1;0
Sud;Abruzzo ;CH;L459;0;0;0;0;0;0;0;0;0
Sud;Abruzzo ;CH;L526;0;0;2,8;0;0;0;0;0;0
Sud;Abruzzo ;CH;L961;0;0;1;0;0;0;0;0;0
Sud;Abruzzo ;CH;L964;0;0;2;0;0;0;0;0;0
Sud;Abruzzo ;CH;M022;0;1;3,25;0;0;0;0;0;0
Sud;Abruzzo ;PE;A008;0;0;0;0;0;0;0;0;0
Sud;Abruzzo ;PE;A120;0;1;2,5;0;0;0;0;1;0
Sud;Abruzzo ;PE;A945;0;0;0;0;0;0;0;0;0
Sud;Abruzzo ;PE;B193;0;0;1;0;0;0;0;0;0
Sud;Abruzzo ;PE;B294;0;0;2;0;0;0;0;0;0
Sud;Abruzzo ;PE;B681;0;2;6;0;0;0;0;1;0
Sud;Abruzzo ;PE;B722;0;0;4,25;0;0;0;0;0;0
Sud;Abruzzo ;PE;B827;0;0;0;0;0;0;0;0;0
Sud;Abruzzo ;PE;C308;0;0;1;0;0;0;0;1;0
Sud;Abruzzo ;PE;C354;0;0;2;0;0;0;0;1;0
Sud;Abruzzo ;PE;C474;1;3,5;8,4;0;0;0;2;2;0
Sud;Abruzzo ;PE;C750;1;2;21,5;0;0;0;1;10;1
Sud;Abruzzo ;PE;C771;1;0;2;0;0;0;1;0;0
Sud;Abruzzo ;PE;C779;0;0;0;0;0;0;0;0;1
Sud;Abruzzo ;PE;C853;4;5;3;0;0;0;0;4;0
Sud;Abruzzo ;PE;D078;0;0;2;0;0;0;0;0;0
Sud;Abruzzo ;PE;D201;0;0;0;0;0;0;0;0;0
Sud;Abruzzo ;PE;D394;0;0;0;0;0;0;0;0;0
Sud;Abruzzo ;PE;D501;0;0;3;0;0;0;0;0;0
Sud;Abruzzo ;PE;E558;0;1;2;0;0;0;0;0;0
Sud;Abruzzo ;PE;E691;0;1;11;0;0;0;0;3;0
Sud;Abruzzo ;PE;E892;2;4;3;0;0;0;0;1;0
Sud;Abruzzo ;PE;F441;0;0;1;0;0;0;0;0;0
Sud;Abruzzo ;PE;F646;14;19,88;20,56;0;0;0;2;15;0
Sud;Abruzzo ;PE;F765;0;1;5;0;0;0;0;2;0
Sud;Abruzzo ;PE;F908;0;1;3;0;0;0;0;0;0
Sud;Abruzzo ;PE;G438;0;8;13,5;0;0;0;0;2;1
Sud;Abruzzo ;PE;G482;54,17;107,49;86,54;0;0;3;4,1;6;0
Sud;Abruzzo ;PE;G499;0;0;0;0;0;0;0;0;0
Sud;Abruzzo ;PE;G555;2;2,67;4,99;0;0;0;0;1;0
Sud;Abruzzo ;PE;G589;0;1;0;0;0;0;0;1;0
Sud;Abruzzo ;PE;G621;0;0;1;0;0;0;0;0;0
Sud;Abruzzo ;PE;G878;1;4;3;0;0;0;0;3;0
Sud;Abruzzo ;PE;H425;0;0;0;0;0;0;0;0;0
Sud;Abruzzo ;PE;H562;0;0;1,8;0;0;0;0;7;0
Sud;Abruzzo ;PE;H715;0;0;0;0;0;0;0;0;0
Sud;Abruzzo ;PE;I332;0;0;0;0;0;0;0;0;0
Sud;Abruzzo ;PE;I376;0;0;1;0;0;0;0;0;0
Sud;Abruzzo ;PE;I482;1;2;2;0;0;0;0;3;0
Sud;Abruzzo ;PE;I649;0;1;1;0;0;0;0;0;0
Sud;Abruzzo ;PE;I922;1;4;18,08;0;0;0;3;12;0
Sud;Abruzzo ;PE;L186;0;1;1;0;0;0;0;1;0
Sud;Abruzzo ;PE;L263;1;1;1;0;0;0;0;0;0
Sud;Abruzzo ;PE;L475;0;0;0;0;0;0;0;1;0
Sud;Abruzzo ;PE;L846;0;0;0;0;0;0;0;0;0
Sud;Abruzzo ;PE;L922;0;0;1;0;0;0;0;0;0
Sud;Abruzzo ;TE;A125;4;10;13,23;0;0;0;0;1;0
Sud;Abruzzo ;TE;A270;0;0,5;1,11;0;0;0;0;3;0
Sud;Abruzzo ;TE;A445;0;0;2,34;0;0;0;0;0;0
Sud;Abruzzo ;TE;A488;0;1;13,56;0;0;0;0;1;0,33
Sud;Abruzzo ;TE;A692;0;0;1;0;0;0;0;1;0
Sud;Abruzzo ;TE;A746;0;5,33;8;0;0;0;1;14;0
Sud;Abruzzo ;TE;A885;0;2;4;0;0;0;0;0;0
Sud;Abruzzo ;TE;B515;0;0;2;0;0;0;0;2;1
Sud;Abruzzo ;TE;B640;0;1;1;0;0;0;0;0;0
Sud;Abruzzo ;TE;C040;0;1;0;0;0;0;0;0;0
Sud;Abruzzo ;TE;C128;0;3;7,15;0;0;0;0;6;0
Sud;Abruzzo ;TE;C169;0;2;1;0;0;0;0;1;0
Sud;Abruzzo ;TE;C311;0;0;1;0;0;0;0;0;0
Sud;Abruzzo ;TE;C316;3;1,5;3,19;0;0;0;0;0;3
Sud;Abruzzo ;TE;C322;0;0,5;3;0;0;0;0;0;0
Sud;Abruzzo ;TE;C449;0;0;2,5;0;0;0;0;2;0
Sud;Abruzzo ;TE;C517;0;0;1;0;0;0;0;1;0
Sud;Abruzzo ;TE;C781;0;1;6,5;0;0;0;0;1;0,13
Sud;Abruzzo ;TE;C901;5,4;49,6;1;0;0;0;48,2;11;0
Sud;Abruzzo ;TE;C972;0;1,94;2,92;0;0;0;0;3;0
Sud;Abruzzo ;TE;D043;1;4;5,22;0;0;0;1;4;0
Sud;Abruzzo ;TE;D076;0;0;1;0;0;0;0;0;0
Sud;Abruzzo ;TE;D179;0;0;1;0;0;0;0;0;0
Sud;Abruzzo ;TE;D489;0;0,5;0;0;0;0;0;0;0
Sud;Abruzzo ;TE;E058;7;19;16,5;1;0;0;2;8;0
Sud;Abruzzo ;TE;E343;1;2,66;4,04;0;0;0;0;0;0
Sud;Abruzzo ;TE;E989;2;10;5,36;0;0;0;4;8;0
Sud;Abruzzo ;TE;F500;0;0;3,01;0;0;0;0;0;0
Sud;Abruzzo ;TE;F585;9,22;20,24;30,04;0;0;0;0;10;0
Sud;Abruzzo ;TE;F690;0;10;11,09;0;0;0;2;2;0
Sud;Abruzzo ;TE;F747;0;4;6;0;0;0;2;0;0
Sud;Abruzzo ;TE;F764;5;6;14,83;0;0;1;0;11;0
Sud;Abruzzo ;TE;F831;1;9;10,89;0;0;0;0;2;2
Sud;Abruzzo ;TE;F870;0;1;6;1;0;0;1;1;0
Sud;Abruzzo ;TE;F942;1;3;3,17;0;0;0;1;5;1
Sud;Abruzzo ;TE;G437;1;1;2;0;0;0;0;0;0
Sud;Abruzzo ;TE;G608;0;0;0,02;0;0;0;0;0;0
Sud;Abruzzo ;TE;H440;0;0;0;0;0;0;0;0;0
Sud;Abruzzo ;TE;I318;0;5;5;0;0;0;0,44;3,22;0
Sud;Abruzzo ;TE;I348;0;2,19;5;0;0;0;0;5;0
Sud;Abruzzo ;TE;I741;8;12;24,85;0;0;0;1;3;0
Sud;Abruzzo ;TE;L103;21,5;33,23;35,95;0;0;1;4;8;0
Sud;Abruzzo ;TE;L207;0;0;0;0;0;0;0;0;0
Sud;Abruzzo ;TE;L295;0;0;5,17;0;0;0;0;1;0
Sud;Abruzzo ;TE;L307;0;6;22,43;0;0;1;1;2;0
Sud;Abruzzo ;TE;L314;0;0;0;0;0;0;0;0;0
Sud;Abruzzo ;TE;L597;0;0;0;0;0;0;0;0;0
Sud;Basilicata;MT;A017;0;3;4,5;0;0;0;0;0;0
Sud;Basilicata;MT;A196;0;1;2;0;0;0;0;0;0
Sud;Basilicata;MT;A801;0,95;6,5;11,33;0;0,25;0;0;1;2
Sud;Basilicata;MT;A942;0;1;10,34;0;0;0;0;0;0
Sud;Basilicata;MT;B391;0;0;0;0;0;0;0;0;0
Sud;Basilicata;MT;C723;0;0;4;0;0;0;0;0;0
Sud;Basilicata;MT;C888;0;0;5;0;0;0;0;0;0
Sud;Basilicata;MT;D128;0;0;0;0;0;0;0;0;1
Sud;Basilicata;MT;D513;1;2;1;0;0;0;0;0;0
Sud;Basilicata;MT;D547;0;6;12,83;0;0;0;0;0;1
Sud;Basilicata;MT;D909;0;1;2;0;0;0;0;0;0
Sud;Basilicata;MT;E093;0;0;0;0;0;0;0;0;1
Sud;Basilicata;MT;E147;0;1;15,04;0;0;0;0;0;0
Sud;Basilicata;MT;E213;0;0;6,25;0;0;0;0;0;0
Sud;Basilicata;MT;E326;0;3,44;14,34;0;0;0;0;0;3
Sud;Basilicata;MT;F052;36;33,08;92,13;7;1;0;3;6;3,5
Sud;Basilicata;MT;F201;0;1;10;0;0;0;0;0;0
Sud;Basilicata;MT;F399;0;2;3;0;0;0;0;1;0
Sud;Basilicata;MT;F637;0,5;2;10,8;0;0;0;0;0;16
Sud;Basilicata;MT;G037;0;0;5;0;0;0;0;0;0
Sud;Basilicata;MT;G712;2;13,16;24,9;0;0;0;0;2;1
Sud;Basilicata;MT;G786;7;12;41,64;2;0;1;0;3;0
Sud;Basilicata;MT;G806;0;0;9,14;0;0;0;0;2;0
Sud;Basilicata;MT;H591;0;1;1;0;0;0;0;1;0
Sud;Basilicata;MT;H687;0;1;6,78;0;0;0;0;0;0
Sud;Basilicata;MT;H888;0;0;2;0;0;0;0;0;0
Sud;Basilicata;MT;I029;0;1;5,5;0;0;0;0;0;0
Sud;Basilicata;MT;I954;0;1;11;0;0;0;0;0;0
Sud;Basilicata;MT;L418;0;1;6;0;0;0;0;0;0
Sud;Basilicata;MT;L477;0;0;7,61;0;0;0;0;0;0
Sud;Basilicata;MT;M256;1;7;13,89;0;0;0;0;1;0,33
Sud;Basilicata;PZ;A013;0;1;3;0;0;0;0;4;0
Sud;Basilicata;PZ;A020;0;2;5;0;0;0;0;0;0
Sud;Basilicata;PZ;A131;0;0;3,5;0;0;0;0;0;0
Sud;Basilicata;PZ;A321;0;0;5,25;0;0;0;0;0;0
Sud;Basilicata;PZ;A415;0;0;2,5;0;0;0;0;0;0
Sud;Basilicata;PZ;A482;0;0;9,84;0;0;0;0;3;0
Sud;Basilicata;PZ;A519;1;4;13,25;0;0;0;0;0;1
Sud;Basilicata;PZ;A604;0;1;3;0;0;0;0;1;0
Sud;Basilicata;PZ;A612;0;0;2;0;0;0;0;0;1
Sud;Basilicata;PZ;A615;0;0;4;0;0;0;0;0;0
Sud;Basilicata;PZ;A666;0;1;5,67;0;1;0;0;0;0
Sud;Basilicata;PZ;A743;0;0;14,15;0;0;0;0;0;0
Sud;Basilicata;PZ;B173;0;2,66;9,17;0;0;0;0;0;0
Sud;Basilicata;PZ;B181;0;0;2;0;0;0;0;0;0
Sud;Basilicata;PZ;B440;0;0;0,08;0;0;0;0;0;0
Sud;Basilicata;PZ;B443;0;1;0;0;0;0;0;0;0
Sud;Basilicata;PZ;B549;0;0;0;0;0;0;0;0;0
Sud;Basilicata;PZ;B580;0;0;8,5;0;0;0;0;0;0
Sud;Basilicata;PZ;B743;0;0;0;0;0;0;0;0;0
Sud;Basilicata;PZ;B906;0;0;0;0;0;0;0;0;0
Sud;Basilicata;PZ;C120;0;0;2,5;0;0;0;0;0;0
Sud;Basilicata;PZ;C199;0;0;4;0;0;0;0;8;0
Sud;Basilicata;PZ;C201;0;0;1;0;0;0;0;0;0
Sud;Basilicata;PZ;C209;0;0;1;0;0;0;0;0;0
Sud;Basilicata;PZ;C271;0;0;1;0;0;0;0;0;0
Sud;Basilicata;PZ;C345;0;0;0;0;0;0;0;0;0
Sud;Basilicata;PZ;C539;0;0;0;0;0;0;0;0;0
Sud;Basilicata;PZ;C619;0;0;1;0;0;0;0;0;0
Sud;Basilicata;PZ;D010;0;1;4;0;0;0;0;0;0
Sud;Basilicata;PZ;D414;0;0;1;0;0;0;0;0;0
Sud;Basilicata;PZ;D497;0;0;2,94;0;0;0;0;0;0
Sud;Basilicata;PZ;D593;0;0,83;5;0;0;0;0;0;0
Sud;Basilicata;PZ;D696;0;1,33;3,44;0;0;0;0;1;0
Sud;Basilicata;PZ;D766;0;0;4;0;0;0;0;0;0
Sud;Basilicata;PZ;D876;0;0;3,06;0;0;0;0;0;0,5
Sud;Basilicata;PZ;D971;0;0,6;21,17;0;0;0;0;2;0
Sud;Basilicata;PZ;E033;0;0;2;0;0;0;0;0;0
Sud;Basilicata;PZ;E221;0;0;2;0;0;0;0;1;0
Sud;Basilicata;PZ;E246;0;0;2,75;0;0;0;0;0;4
Sud;Basilicata;PZ;E409;0;1,75;6,34;1;0;0;0;0;0,5
Sud;Basilicata;PZ;E474;0;0;1;0;0;0;0;0;0
Sud;Basilicata;PZ;E482;0;0,11;2;0;0;0;0;0;0
Sud;Basilicata;PZ;E483;0;4,75;7;0;1;0;0;1;0
Sud;Basilicata;PZ;E493;2;6,6;17,41;0;0;0;0;1;1
Sud;Basilicata;PZ;E919;0;3;5,5;0;0,5;0;0;0;0
Sud;Basilicata;PZ;E976;0;2,5;5,22;0;0;0;0;0;0
Sud;Basilicata;PZ;E977;0;5,26;23,82;0;0;0;0;0;0
Sud;Basilicata;PZ;F006;0;0;3;0;0;0;0;0;1
Sud;Basilicata;PZ;F104;6,75;7;19,51;0;0;0;1;9,03;1
Sud;Basilicata;PZ;F249;0;0;1;0;0;0;0;0;0
Sud;Basilicata;PZ;F295;1;3;2,94;0;0;0;0;0;0
Sud;Basilicata;PZ;F568;0;0;4,67;0;0;0;0;0;0
Sud;Basilicata;PZ;F573;0;2;6,27;0;0;0;0;0;0
Sud;Basilicata;PZ;F817;0;0;8,58;0;0;0;0;0;0
Sud;Basilicata;PZ;F866;0;0;1,48;0;0;0;0;0;0
Sud;Basilicata;PZ;F917;0;0;0,67;0;0;0;0;0;0,66
Sud;Basilicata;PZ;G081;0;1,67;6,5;0;0;0;0;0;0
Sud;Basilicata;PZ;G261;0;1;7;0;0;0;0;0;0
Sud;Basilicata;PZ;G496;0;2;5;0;0;1;0;0;0
Sud;Basilicata;PZ;G590;0;4;6,78;0;0;0;0;6;0
Sud;Basilicata;PZ;G614;0;0;2;0;0;0;0;0;0
Sud;Basilicata;PZ;G616;0;0;1;0;0;0;0;0;0
Sud;Basilicata;PZ;G623;0;1;0;0;0;0;0;0;0
Sud;Basilicata;PZ;G663;0;2;4,76;0;0;0;0;0;0
Sud;Basilicata;PZ;G942;44,19;90,95;77,34;3,08;0;1,08;2;9,01;0
Sud;Basilicata;PZ;H186;0;3;15;0;0;0;0;0;0
Sud;Basilicata;PZ;H187;0;1,05;5,48;0;0;0;0;0;0
Sud;Basilicata;PZ;H307;0;9;22,17;0;0;0;0;0;0
Sud;Basilicata;PZ;H312;0;0;3;0;0;0;0;1;0
Sud;Basilicata;PZ;H348;0;0;3;0;0;0;0;0;0
Sud;Basilicata;PZ;H426;0;0;1;0;0;0;0;0;0
Sud;Basilicata;PZ;H590;0;0,07;5;0;0;0;0;0;0
Sud;Basilicata;PZ;H641;0;0;2,41;0;0;0;0;0;0
Sud;Basilicata;PZ;H646;0;1;2,42;0;0;0;0;0;0
Sud;Basilicata;PZ;H730;0;0;1,33;0;0;0;0;0;0
Sud;Basilicata;PZ;H795;0;0;0;0;0;0;0;2;0
Sud;Basilicata;PZ;H796;0;1;3,33;0;0;0;0;0;0
Sud;Basilicata;PZ;H808;0;0;1;0;0;0;0;0;0
Sud;Basilicata;PZ;H831;0;0;3;0;0;0;0;0;0
Sud;Basilicata;PZ;H994;0;1;2;0;0;0;0;0;0
Sud;Basilicata;PZ;I157;0;1;0;0;0;0;0;0;0
Sud;Basilicata;PZ;I288;0;0;2;0;0;0;0;3;0
Sud;Basilicata;PZ;I305;1;4;18,19;0;0;0;0;1;0
Sud;Basilicata;PZ;I426;0;0;1,44;0;0;0;0;0;0
Sud;Basilicata;PZ;I457;0;0;2,19;0;0;0;0;0;0
Sud;Basilicata;PZ;I610;0;5;1,75;0;0;0;0;0;0
Sud;Basilicata;PZ;I917;0;1;3,4;0;0;0;0;0;0
Sud;Basilicata;PZ;L082;0;0;0;0;0;0;0;0;0
Sud;Basilicata;PZ;L126;0;0;0;0;0;0;0;0;0
Sud;Basilicata;PZ;L181;11;28;12,15;0;1;1;5;5;0
Sud;Basilicata;PZ;L197;0;1;4,99;0;0;0;0;0;0
Sud;Basilicata;PZ;L326;0;1;4;0;0;0;0;0;0
Sud;Basilicata;PZ;L357;0;1;2;0;0;0;0;0;0
Sud;Basilicata;PZ;L439;0;0,33;2,17;0;0;0;0;0;0
Sud;Basilicata;PZ;L532;0;0;1,9;0;0;0;0;0;0
Sud;Basilicata;PZ;L738;0;5,86;15,5;0;0;0;0;0;4,16
Sud;Basilicata;PZ;L859;0;2;3;0;0;0;0;0;0
Sud;Basilicata;PZ;L873;0;0;1;0;0;0;0;0;0
Sud;Basilicata;PZ;L874;0;3;8;0;0;0;0;2;0
Sud;Basilicata;PZ;M269;0;0;1,89;0;0;0;0;0;0
Sud;Calabria;CS;A033;0;0;2;0;0;0;0;0;0
Sud;Calabria;CS;A041;0;0;2;0;0;0;0;0;0
Sud;Calabria;CS;A053;0;8;14,27;0;0;0;0;0;0
Sud;Calabria;CS;A102;0;0;1;0;0;0;0;0;0
Sud;Calabria;CS;A105;0;0;0;0;0;0;0;0;0
Sud;Calabria;CS;A160;0;0;5;0;0;0;0;0;0
Sud;Calabria;CS;A183;0;0;1;0;0;0;0;0;0
Sud;Calabria;CS;A234;0;0;0;0;0;0;0;0;0
Sud;Calabria;CS;A240;0;2;3;0;0;0;0;0;0
Sud;Calabria;CS;A253;0;13;4,17;0;0;0;1;0;0
Sud;Calabria;CS;A263;1;5;5,75;0;1;0;0;0;0
Sud;Calabria;CS;A340;0;0;1;0;0;0;0;0;0
Sud;Calabria;CS;A762;0;0;1;0;0;0;0;0;0
Sud;Calabria;CS;A768;0;2;1;0;0;0;0;0;0
Sud;Calabria;CS;A773;3;5;9,39;0;0;0;0;0;0
Sud;Calabria;CS;A842;0;0;2;0;0;0;0;0;0
Sud;Calabria;CS;A887;0;3;3;0;0;0;0;0;2
Sud;Calabria;CS;A912;0;1;1;0;0;0;0;0;0
Sud;Calabria;CS;A973;0;0;6,13;0;0;0;0;0;0
Sud;Calabria;CS;B270;0;0;0;0;0;0;0;0;0
Sud;Calabria;CS;B424;0;1;2;0;0;0;0;0;0
Sud;Calabria;CS;B426;0;0;0,5;0;0;0;0;0;0
Sud;Calabria;CS;B500;0;0;0;0;0;0;0;0;0
Sud;Calabria;CS;B607;0;0;1;0;0;0;0;0;0
Sud;Calabria;CS;B774;0;3,03;7,03;0;0;0;0;1;0
Sud;Calabria;CS;B802;0;1;2;0;0;0;0;0;0
Sud;Calabria;CS;B813;0;0;0;0;0;0;0;0;0
Sud;Calabria;CS;B903;0;6;6;0;0;0;0;0,5;0
Sud;Calabria;CS;B983;0;0;2;0;0;0;0;0;0
Sud;Calabria;CS;C002;0;7,5;20,5;0;2;0;0;1;0
Sud;Calabria;CS;C108;2;2;11,5;1;0;0;0;0;0
Sud;Calabria;CS;C301;0;0,5;2;0;0;0;0;1;0
Sud;Calabria;CS;C348;0;0;0;0;0;0;0;0;0
Sud;Calabria;CS;C349;4,5;18,33;25,42;0;0;0;2;4;0
Sud;Calabria;CS;C430;0;1;6;0;0;0;0;0;0
Sud;Calabria;CS;C437;0;0;0;0;0;0;0;0;0
Sud;Calabria;CS;C489;0;0;0,67;0;0;0;0;0,67;0
Sud;Calabria;CS;C515;0;2;7;0;0;0;0;0;0
Sud;Calabria;CS;C554;0;0;0;0;0;0;0;0;0
Sud;Calabria;CS;C560;0;0;0;0;0;0;0;0;0
Sud;Calabria;CS;C588;0;3,5;3,66;0;0;0;0;1;0
Sud;Calabria;CS;C717;0;1;1;0;0;0;0;0;0
Sud;Calabria;CS;C763;0;0;2,83;0;0;0;0;0;0
Sud;Calabria;CS;C795;0;0;0;0;0;0;0;0;0
Sud;Calabria;CS;C905;0;0,34;1,17;0;0;0;0;0;0
Sud;Calabria;CS;D005;5;25;62,51;0;0;0;1;4;0
Sud;Calabria;CS;D086;41,75;50,94;35,35;0;0;0;1;0;0
Sud;Calabria;CS;D180;0;0;0;0;0;0;0;0;0
Sud;Calabria;CS;D184;0;4;13;0;0;0;1;1;0
Sud;Calabria;CS;D289;0;4,56;4;0;0;0;0;0;0
Sud;Calabria;CS;D290;0;0;0;0;0;0;0;0;0
Sud;Calabria;CS;D304;0;0;2;0;0;0;0;0;0
Sud;Calabria;CS;D328;0;0;2;0;0;0;0;0;0
Sud;Calabria;CS;D464;0;0;6,08;0;0;0;0;2;0
Sud;Calabria;CS;D473;0;1;1;0;0;0;0;0;0
Sud;Calabria;CS;D582;0;2;3;0;0;0;0;0;0
Sud;Calabria;CS;D614;0;0;1,5;0;0;0;0;0;0
Sud;Calabria;CS;D624;0;0;3;0;0;0;0;0;0
Sud;Calabria;CS;D764;0;0,5;1;0;0;0;0;0;0
Sud;Calabria;CS;D774;1;1;2;0;0;0;0;0;0
Sud;Calabria;CS;D828;0;2;2;0;0;0;0;0;0
Sud;Calabria;CS;E180;0;0;3;0;0;0;0;0;0
Sud;Calabria;CS;E185;0;0;1;0;0;0;0;0;0
Sud;Calabria;CS;E242;0;0;1;0;0;0;0;0;0
Sud;Calabria;CS;E407;0;2;1;0;0;0;0;0;0
Sud;Calabria;CS;E417;0;4,42;4;0;0;0;0;0;0
Sud;Calabria;CS;E419;0;0;0,53;0;0;0;0;0;1
Sud;Calabria;CS;E450;0;0;1,11;0;0;0;0;0;0
Sud;Calabria;CS;E475;0;0;2;0;0;0;0;2;0
Sud;Calabria;CS;E677;0;0;1;0;0;0;0;0;0
Sud;Calabria;CS;E678;0;2;2;0;0;0;0;0;0
Sud;Calabria;CS;E745;0;0;2;0;0;0;0;0;0
Sud;Calabria;CS;E773;0;1,75;5,13;0;0;0;0;1;0
Sud;Calabria;CS;E835;0;0;1;0;0;0;0;0;0
Sud;Calabria;CS;E859;0;0;0;0;0;0;0;0;0
Sud;Calabria;CS;E872;0;0;0;0;0;0;0;0;0
Sud;Calabria;CS;E878;0;0;4;0;0;0;0;1;0
Sud;Calabria;CS;E888;0;1;1;0;0;0;2;5;0
Sud;Calabria;CS;E914;0;1;0;0;0;0;0;0;0
Sud;Calabria;CS;E915;0;0,5;3;0;0;0;0;0;0
Sud;Calabria;CS;F001;0;0;0;0;0;0;0;0;0
Sud;Calabria;CS;F125;0;2;5;0;0;0;0;0;0
Sud;Calabria;CS;F370;0;0;0;0;0;0;0;0;0
Sud;Calabria;CS;F416;7;11;19;0;0;0;2;1;1
Sud;Calabria;CS;F519;0;0,5;1;0;0;0;0;1;0
Sud;Calabria;CS;F708;0;0;3;0;0;0;0;0;0
Sud;Calabria;CS;F735;0;1;1;0;0;0;0;0;0
Sud;Calabria;CS;F775;0;0;2;0;0;0;0;0;0
Sud;Calabria;CS;F907;0;0;0;0;0;0;0;0;0
Sud;Calabria;CS;G110;0;0,5;1;0;0;0;0;0;0
Sud;Calabria;CS;G129;0;0;0;0;0;0;0;0;0
Sud;Calabria;CS;G298;0;0;1;0;0;0;0;0;0
Sud;Calabria;CS;G307;0;0;0;0;0;0;0;0;0
Sud;Calabria;CS;G317;1;5;10,33;0;0;0;1;1;0
Sud;Calabria;CS;G320;0;0;0;0;0;0;0;0;0
Sud;Calabria;CS;G331;0;0;3,03;0;0;0;0;1;0
Sud;Calabria;CS;G372;0;3;0;0;0;0;0;0;0
Sud;Calabria;CS;G400;0;0;0;0;0;0;0;0;0
Sud;Calabria;CS;G411;0;0;0;0;0;0;0;0;0
Sud;Calabria;CS;G553;0;0;5;0;0;0;0;0;0
Sud;Calabria;CS;G615;0;0;0;0;0;0;0;0;0
Sud;Calabria;CS;G622;0;2;2;0;0;0;0;0;0
Sud;Calabria;CS;G733;0;0;0;0;0;0;0;0;0
Sud;Calabria;CS;G975;4;3;0,5;0;2;0;0;0;0
Sud;Calabria;CS;H235;31,5;22,67;52,25;0;0;0;0;9;0
Sud;Calabria;CS;H416;0;0;12,5;0;0;0;0;0;0
Sud;Calabria;CS;H488;0;1;7,25;0;0;0;0;0;0
Sud;Calabria;CS;H490;1;4;6;0;0;0;0;0;0
Sud;Calabria;CS;H565;1;6;4,2;0;0;0;0;0;0
Sud;Calabria;CS;H572;0;1;2;0;0;0;0;0;0
Sud;Calabria;CS;H579;7;30;73,34;0;0;1;0;3;0
Sud;Calabria;CS;H585;0;0;0;0;0;0;0;0;0
Sud;Calabria;CS;H621;0;0;5;0;0;0;0;0;0
Sud;Calabria;CS;H765;0;0;0;0;0;0;0;0;0
Sud;Calabria;CS;H774;0;0;2;0;0;0;0;0;0
Sud;Calabria;CS;H806;0;0;0;0;0;0;0;0;0
Sud;Calabria;CS;H818;0;0;4;0;0;0;0;0;0
Sud;Calabria;CS;H825;0;1;1,67;0;0;0;0;0;0
Sud;Calabria;CS;H841;0;0;1;0;0;0;0;0;0
Sud;Calabria;CS;H877;0;0;1;0;0;0;0;1;0
Sud;Calabria;CS;H881;0;0;2;0;0;0;0;0;0
Sud;Calabria;CS;H919;0;11;25,19;0;0;1;0;1;0
Sud;Calabria;CS;H961;0;0;1;0;0;0;0;0;0
Sud;Calabria;CS;H962;0;1;1;0;0;0;0;0;0
Sud;Calabria;CS;H971;0;1;5;0;0;0;0;0;0
Sud;Calabria;CS;H981;0;3;11;0;0;0;1;10;0
Sud;Calabria;CS;H992;0;0;5;0;0;0;0;0;0
Sud;Calabria;CS;I060;0;1;0;0;0;0;0;0;0
Sud;Calabria;CS;I108;0;0;0;0;0;0;0;0;0
Sud;Calabria;CS;I114;0;0;2;0;0;0;0;0;0
Sud;Calabria;CS;I165;0;0;0;0;0;0;0;0;0
Sud;Calabria;CS;I171;0;0;0;0;0;0;0;0;0
Sud;Calabria;CS;I183;0;1;0;0;0;0;0;0;1
Sud;Calabria;CS;I192;0;1;1,5;0;0;0;0;0;0
Sud;Calabria;CS;I309;0;1;2;0;0;0;0;0;0
Sud;Calabria;CS;I359;0;0;2;0;0;0;0;0;0
Sud;Calabria;CS;I388;0;0;1;0;0;0;0;0;0
Sud;Calabria;CS;I423;0;0;3;0;0;0;0;0;0
Sud;Calabria;CS;I485;0;1;1;0;0;0;0;0;0
Sud;Calabria;CS;I489;0;5;14,35;0;0;0;0;2;0
Sud;Calabria;CS;I642;0;0;0;0;0;0;0;0;0
Sud;Calabria;CS;I650;0;1;0;0;0;0;0;0;0
Sud;Calabria;CS;I895;0;5;3,83;0;0;0;0;1;0
Sud;Calabria;CS;I896;0;0;9,17;0;0;0;0;0;0
Sud;Calabria;CS;I898;0;0;3;0;1;0;0;0;0
Sud;Calabria;CS;L055;0;1;2;0;0;0;0;0;0
Sud;Calabria;CS;L124;0;0;4;0;0;0;0;0;0
Sud;Calabria;CS;L134;0;0;0;0;0;0;0;0;0
Sud;Calabria;CS;L206;0;0;0;0;0;0;1;0;0
Sud;Calabria;CS;L305;0;1;5,11;0;0;0;0;1;0
Sud;Calabria;CS;L353;0;1,39;5,46;0;0;0;0;0;0
Sud;Calabria;CS;L375;0;0;0;0;0;0;0;0;0
Sud;Calabria;CS;L524;0;0;0;0;0;0;0;0;0
Sud;Calabria;CS;L747;0;0;1;0;0;0;0;0;0
Sud;Calabria;CS;M202;0;0;1;0;0;0;0;0;0
Sud;Calabria;CZ;A155;0;3;0;0;0;0;0;0;0
Sud;Calabria;CZ;A255;0;0;0,33;0;0;0;0;0;0
Sud;Calabria;CZ;A257;0;0;0,5;0;0;0;0;0;0
Sud;Calabria;CZ;A272;0;0;0;0;0;0;0;0;4
Sud;Calabria;CZ;A397;0;0;0;0;0;0;0;0;0
Sud;Calabria;CZ;A542;0;1;1,34;0;0;0;0;0;0
Sud;Calabria;CZ;A736;0;0;3;0;0;0;0;0;0
Sud;Calabria;CZ;B002;0;1;16;0;0;0;0;0;0
Sud;Calabria;CZ;B085;0;2;2,83;0;0;0;0;1;0
Sud;Calabria;CZ;B717;0;1;1;0;0;0;0;2;0
Sud;Calabria;CZ;B758;0;1;1;0;0;0;0;0;0
Sud;Calabria;CZ;B790;0;0;2,5;0;0;0;0;1;0
Sud;Calabria;CZ;C352;14,2;101,27;68,4;0;0;0;0;5,77;0
Sud;Calabria;CZ;C453;0;0;1;0;0;0;0;0;0
Sud;Calabria;CZ;C472;0;0;0;0;0;0;0;0;0
Sud;Calabria;CZ;C542;0;1;0;0;0;0;0;0;0
Sud;Calabria;CZ;C616;0;0;1;0;0;0;0,2;0;0
Sud;Calabria;CZ;C674;0;0;0;0;0;0;0;0;0
Sud;Calabria;CZ;C960;0;0;1,52;0;0;0;0;0;0
Sud;Calabria;CZ;D049;0;1;1;0;0;0;0;0;0
Sud;Calabria;CZ;D181;0;1;2;0;0;0;0;0;0
Sud;Calabria;CZ;D218;0;2;5;0;0;0;0;0;0
Sud;Calabria;CZ;D257;1;1;5;0;0;0;0;1;0
Sud;Calabria;CZ;D261;0;1;3;0;0;0;0;0;0
Sud;Calabria;CZ;D476;0;0,67;8;0;0;0;0;0;0
Sud;Calabria;CZ;D544;0;0;1;0;0;0;0;0;0
Sud;Calabria;CZ;D546;0;0;2;0;0;0;0;0;0
Sud;Calabria;CZ;D744;0;0;0;0;0;0;0;0;0
Sud;Calabria;CZ;D852;0;0;0;0;0;0;0;0;0
Sud;Calabria;CZ;D932;0;1;0;0;0;0;0;0;0
Sud;Calabria;CZ;E031;0;0;2;0;0;0;0;0;0
Sud;Calabria;CZ;E050;0;2,5;5,5;0;0;0;0;0;0
Sud;Calabria;CZ;E068;0;2;6;0;0;0;0;1;0
Sud;Calabria;CZ;E239;0;0;1,67;0;0;0;0;0;0
Sud;Calabria;CZ;E274;0;0;0;0;0;0;0;0;0
Sud;Calabria;CZ;E328;0;0;4;0;0;0;0;0;0
Sud;Calabria;CZ;E806;0;0;1,5;0;0;0;0;0;0
Sud;Calabria;CZ;E834;0;0;4;0;0;0;0;0;0
Sud;Calabria;CZ;E923;0;0;1;0;0;0;0;0;0
Sud;Calabria;CZ;E925;0;0;6;0;0;0;0;3;0
Sud;Calabria;CZ;E991;0;0;0;0;0;0;0;0;0
Sud;Calabria;CZ;F200;0;0;0;0;0;0;0;0;0
Sud;Calabria;CZ;F432;0;3;2;0;0;0;0;2;0
Sud;Calabria;CZ;F586;0;5;15,5;0;0;0;0;0;0
Sud;Calabria;CZ;F780;0;0;2;0;0;0;0;0;0
Sud;Calabria;CZ;F910;0;5;6,5;0;0;0;0;0;0
Sud;Calabria;CZ;G034;0;0;0;0;0;0;0;0;0
Sud;Calabria;CZ;G272;0;0;0,38;0;0;0;0;0;0
Sud;Calabria;CZ;G439;0;0;2;0;0;0;0;0;0
Sud;Calabria;CZ;G517;0;0,83;3;0;0;0;0;0;0
Sud;Calabria;CZ;G518;0;0;3;0;0;0;0;0;0
Sud;Calabria;CZ;G734;0;0;0;0;0;0;0;0;0
Sud;Calabria;CZ;H846;0;0;0;0;0;0;0;0;0
Sud;Calabria;CZ;H976;0;0;4,33;0;0;0;0;0;0
Sud;Calabria;CZ;I093;0;2;2,5;0;0;0;0;0;0
Sud;Calabria;CZ;I095;0;1,17;0,78;0;0;0;0;0;0
Sud;Calabria;CZ;I164;0;8;13;0;0;0;0;0;0
Sud;Calabria;CZ;I170;0;0;5;0;0;0;0;0;0
Sud;Calabria;CZ;I266;0;0;5;0;0;0;0;0;0
Sud;Calabria;CZ;I322;0;0;3;0;0;0;0;0;0
Sud;Calabria;CZ;I393;0;0,5;1;0;0;0;0;0;0
Sud;Calabria;CZ;I463;0;3;15;0;0;0;0;1;0
Sud;Calabria;CZ;I589;0;0;2;0;0;0;0;0;0
Sud;Calabria;CZ;I590;0;0;2;0;0;0;1;0;0
Sud;Calabria;CZ;I655;0;2;2;0;0;0;0;0;0
Sud;Calabria;CZ;I671;0;4;2;0;0;0;0;0;0
Sud;Calabria;CZ;I704;4;0;0;0;0;0;0;2;0
Sud;Calabria;CZ;I745;0;1;2;0;0;0;0;1;0
Sud;Calabria;CZ;I844;0;0;2;0;0;0;0;0;0
Sud;Calabria;CZ;I872;2;8;8;0;0;0;0;2;0
Sud;Calabria;CZ;I874;0;0;2;0;0;0;0;0;0
Sud;Calabria;CZ;I875;0;0;2;0;0;0;0;0;0
Sud;Calabria;CZ;I929;0;1;9;0;0;0;0;0;0
Sud;Calabria;CZ;I937;0;0;1;0;0;0;0;0;0
Sud;Calabria;CZ;L070;0;2;0;0;0;0;0;0;0
Sud;Calabria;CZ;L177;0;1,5;0,5;0;0;0;0;0;0
Sud;Calabria;CZ;L240;0;1;1;0;0;0;0;0;0
Sud;Calabria;CZ;M140;0;0;2;0;0;0;0;0;0
Sud;Calabria;CZ;M208;11;35,75;31,62;0;0;0;1;5;0
Sud;Calabria;KR;A772;0;0;2;0;0;0;0;0;2
Sud;Calabria;KR;B319;0;0;5;0;0;0;0;0;0
Sud;Calabria;KR;B771;0;0;5;0;0;0;0;0;0
Sud;Calabria;KR;B857;0;0;3;0;0;0;0;0;0
Sud;Calabria;KR;B968;0;1;1;0;0;0;0;0;0
Sud;Calabria;KR;C501;0;0;2,5;0;0;0;0;0;0
Sud;Calabria;KR;C725;0;0;1;0;0;0;0;0;0
Sud;Calabria;KR;C726;0;3;15,55;0;0;0;0;2;0
Sud;Calabria;KR;D122;5;21,22;30,55;0;0;0;9;14;4
Sud;Calabria;KR;D123;0;3;7,65;0;0;0;0;0;0
Sud;Calabria;KR;D189;0;0;1,33;0;0;0;0;3;0
Sud;Calabria;KR;D236;1;0;20,75;0;0;0;0;0;0
Sud;Calabria;KR;E339;0;0;12;0;0;0;2;0;0
Sud;Calabria;KR;F108;0;1;6;0;0;0;0;0;0
Sud;Calabria;KR;F157;0;4;7;0;0;0;0;1;0
Sud;Calabria;KR;G278;0;0;0;0;0;0;0;0;0
Sud;Calabria;KR;G508;0;2;11,83;0;0;0;0;0;0
Sud;Calabria;KR;H383;0;0;1;0;0;0;0;1;0
Sud;Calabria;KR;H403;0;3;7;0;0;0;0;1;0
Sud;Calabria;KR;I026;0;0;3;0;0;0;0;0;0
Sud;Calabria;KR;I057;0;0;2;0;0;0;0;0;0
Sud;Calabria;KR;I308;0;0;1;0;0;0;0;0;0
Sud;Calabria;KR;I468;0;0;10;0;0;0;0;0;0
Sud;Calabria;KR;I494;0;0;2;0;0;0;0;0;0
Sud;Calabria;KR;I982;0;4;10,53;0;0;0;1;0;0
Sud;Calabria;KR;L492;0;0;1;0;0;0;0;0;0
Sud;Calabria;KR;L802;0;0;1;0;0;0;0;0;0
Sud;Calabria;RC;A065;0;0;0;0;0;0;0;0;0
Sud;Calabria;RC;A077;0;0;0;0;0;0;0;0;0
Sud;Calabria;RC;A303;0;0;5;0;0;0;0;0;0
Sud;Calabria;RC;A314;0;0;0;0;0;0;0;0;0
Sud;Calabria;RC;A385;0;0;1;0;0;0;0;0;0
Sud;Calabria;RC;A544;0;0;0;0;0;0;0;0;0
Sud;Calabria;RC;A552;0;2,82;2;0;0;0;0;0;0
Sud;Calabria;RC;A780;0;0;1;0;0;0;0;0;0
Sud;Calabria;RC;A843;0;0;2,25;0;0;0;0;0;0
Sud;Calabria;RC;A897;0;0;0;0;0;0;0;0;0
Sud;Calabria;RC;B097;0;0;1;0;0;0;0;0;0
Sud;Calabria;RC;B098;0;7;3,5;0;0;0;0;0;0
Sud;Calabria;RC;B099;0;0;1;0;0;0;0;0;0
Sud;Calabria;RC;B118;0;0;0;0;0;0;0;0;0
Sud;Calabria;RC;B234;0;0;0;0;0;0;0;0;0
Sud;Calabria;RC;B379;0;0;0;0;0;0;0;0;0
Sud;Calabria;RC;B481;0;0;0;0;0;0;0;0;0
Sud;Calabria;RC;B516;0;1;2,67;0;0;0;0;1;0
Sud;Calabria;RC;B591;0;0;2;0;0;0;0;0;0
Sud;Calabria;RC;B617;0;0;1;0;0;0;0;0;0
Sud;Calabria;RC;B718;0;0;0;0;0;0;0;0;0
Sud;Calabria;RC;B756;0;0;1;0;0;0;0;0;0
Sud;Calabria;RC;B766;0;0;1;0;0;0;0;0;0
Sud;Calabria;RC;B966;0;0;0,11;0;0;0;0;1;0
Sud;Calabria;RC;C285;1;5;2;0;0;0;0;2;0
Sud;Calabria;RC;C695;0;0;1;0;0;0;0;0;0
Sud;Calabria;RC;C710;1;3;1,2;0;0;0;0;0;0
Sud;Calabria;RC;C747;0;2;5,45;0;0;0;0;0;0
Sud;Calabria;RC;C954;0;1;0;0;0;0;0;2;0
Sud;Calabria;RC;D089;0;0;0;0;0;0;0;0;0
Sud;Calabria;RC;D268;0;0;0;0;0;0;0;0;0
Sud;Calabria;RC;D545;0;0;3;0;0;0;0;1;0
Sud;Calabria;RC;D557;0;0;0;0;0;0;0;0;0
Sud;Calabria;RC;D619;0;1;0;0;0;0;0;0;0
Sud;Calabria;RC;D746;0;2;2;0;0;0;0;0;0
Sud;Calabria;RC;D864;0;0;4;0;0;0;0;0;0
Sud;Calabria;RC;D975;0;0;1;0;0;0;0;0;0
Sud;Calabria;RC;D976;0;3;7;0;0;0;0;0;0
Sud;Calabria;RC;E025;0;0;0;0;0;0;0;0;0
Sud;Calabria;RC;E041;3;12,16;11;0;0;0;0;1;0
Sud;Calabria;RC;E044;0;4;8;0;0;0;0;0;0
Sud;Calabria;RC;E212;0;3;1;0;0;0;0;0;0
Sud;Calabria;RC;E402;0;0;0;0;0;0;0;0;0
Sud;Calabria;RC;E479;0;2;6,5;0;0;0;0;0;0
Sud;Calabria;RC;E873;0;1;2,33;0;0;0;0;0;0
Sud;Calabria;RC;E956;0;2;2,5;0;0;0;0;0;0
Sud;Calabria;RC;E968;0;0;0;0;0;0;0;0;0
Sud;Calabria;RC;E993;0;0;2;0;0;0;0;0;0
Sud;Calabria;RC;F105;0;0;0;0;0;0;0;0;0
Sud;Calabria;RC;F106;0;0;0;0;0;0;0;0;0
Sud;Calabria;RC;F112;0;4;9;1;0;0;0;1;0
Sud;Calabria;RC;F301;0;0;2;0;0;0;0;0;0
Sud;Calabria;RC;F324;0;0;1,5;0;0;0;0;0;0
Sud;Calabria;RC;F779;0;1;2,5;0;0;0;0;0;0
Sud;Calabria;RC;G082;0;0;1;0;0;0;0;0;0
Sud;Calabria;RC;G277;0;0;3;0;0;0;0;0;0
Sud;Calabria;RC;G288;2;4;12,67;1;0;1;0;0;0
Sud;Calabria;RC;G394;0;0;1;0;0;0;0;0;0
Sud;Calabria;RC;G729;0;0;0;0;0;0;0;0;0
Sud;Calabria;RC;G735;0;1;1;0;0;0;0;1;0
Sud;Calabria;RC;G791;4;3;3,13;0;0;0;0;0;0
Sud;Calabria;RC;G905;0;0;1;0;0;0;0;0;0
Sud;Calabria;RC;H013;0;0;0,2;1;0;0;0;0;0
Sud;Calabria;RC;H224;43,5;70,18;102,71;0;0;2;9,5;6;0
Sud;Calabria;RC;H265;0;0;1;0;0;0;0;0;0
Sud;Calabria;RC;H359;0;0;4;0;0;0;0;0;0
Sud;Calabria;RC;H408;0;0;0;0;0;0;0;0;0
Sud;Calabria;RC;H456;1;1,62;4,56;0;0;0;0;0;0
Sud;Calabria;RC;H489;0;0;0;0;0;0;0;0;0
Sud;Calabria;RC;H558;1;2;4,61;0;0;0;1;0;0
Sud;Calabria;RC;H889;0;1;1;0;0;0;0;0;0
Sud;Calabria;RC;H903;0;0;0;0;0;0;0;0;0
Sud;Calabria;RC;H959;0;0;0;0;0;0;0;0;0
Sud;Calabria;RC;H970;0;0;0;0;0;0;0;0;0
Sud;Calabria;RC;I102;0;0;1;0;0;0;0;0;0
Sud;Calabria;RC;I132;0;0;0;0;0;0;0;0;0
Sud;Calabria;RC;I139;0;1;1;0;0;0;0;0;0
Sud;Calabria;RC;I176;0;0;0;0;0;0;0;0;0
Sud;Calabria;RC;I198;0;0;0;0;0;0;0;0;0
Sud;Calabria;RC;I214;0;0;0;0;0;0;0;0;0
Sud;Calabria;RC;I333;0;5;2;0;0;0;0;0;0
Sud;Calabria;RC;I341;0;0;2;0;0;0;0;0;0
Sud;Calabria;RC;I371;0;0;0;0;0;0;0;0;0
Sud;Calabria;RC;I536;0;0;2;0;0;0;0;0;0
Sud;Calabria;RC;I537;0;0;6;0;0;0;0;0;0
Sud;Calabria;RC;I600;0;0;0;0;0;0;0;0;0
Sud;Calabria;RC;I656;0;0;1;0;0;0;0;0;0
Sud;Calabria;RC;I725;3;3,11;11,6;0;0;0;0;1;0
Sud;Calabria;RC;I753;0;0;1;0;0;0;0;0;0
Sud;Calabria;RC;I936;0;0;0;0;0;0;0;0;0
Sud;Calabria;RC;I955;0;1;0;0;0;0;0;0;0
Sud;Calabria;RC;I956;0;3,67;1;0;0;0;0;0;0
Sud;Calabria;RC;L063;2;7;8,92;0;0;0;0;0;0
Sud;Calabria;RC;L127;0;0;0;0;0;0;0;0;0
Sud;Calabria;RC;L673;0;1;1;1;0;0;0;0;0
Sud;Calabria;RC;M018;1;8,83;13;0;0;0;0;1;0
Sud;Calabria;RC;M277;0;0;3;0;0;0;0;0;0
Sud;Calabria;VV;A043;0;0;2;0;0;0;0;0;0
Sud;Calabria;VV;A386;0;1;1;0;0;0;0;0;0
Sud;Calabria;VV;B169;0;0;0;0;0;0;0;0;0
Sud;Calabria;VV;B197;0;0;0,33;0;0;0;0;0;0
Sud;Calabria;VV;B655;0;0;1;0;0;0;0;0;0
Sud;Calabria;VV;C581;0;0;2;0;0;0;0;0;0
Sud;Calabria;VV;D253;0;0;1;0;0;0;0;0;0
Sud;Calabria;VV;D303;0;0,25;0;0;0;0;0;0;0
Sud;Calabria;VV;D364;0;0;1;0;0;0;0;0;0
Sud;Calabria;VV;D453;0;1;5;0;0;0;0;0;0
Sud;Calabria;VV;D587;0;3;1;0;0;0;0;0;0
Sud;Calabria;VV;D589;0;0;2;0;0;0;0;0;0
Sud;Calabria;VV;D596;0;1;0;0;0;0;0;1;0
Sud;Calabria;VV;D762;0;0;0;0;0;0;0;0;0
Sud;Calabria;VV;D767;0;0;5;0;0;0;0;0;0
Sud;Calabria;VV;D988;0;0;5;0;0;0;0;0;0
Sud;Calabria;VV;E321;1,68;3;1;0;0;0;0;1;0
Sud;Calabria;VV;E389;0;0;1;0;0;0;0;0;0
Sud;Calabria;VV;E590;0;0;2;0;0;0;0;0;1
Sud;Calabria;VV;E836;0;2;3;0;0;0;1;1;0
Sud;Calabria;VV;F207;0;2;6,99;0;0;0;0;0;0
Sud;Calabria;VV;F364;0;0;1;0;0;0;0;0;0
Sud;Calabria;VV;F537;17;33;34,8;0;0;0;3;1;0
Sud;Calabria;VV;F607;0;1;0;0;0;0;0;0;0
Sud;Calabria;VV;F843;0;0;5;0;0;0;0;0;0
Sud;Calabria;VV;F893;1;2;3;0;0;0;0;0;0
Sud;Calabria;VV;G335;0;1;0;0;0;0;0;0;0
Sud;Calabria;VV;G722;1;8,58;7;0;0;0;0;2;0
Sud;Calabria;VV;G728;0;0;0;0;0;0;0;0,79;0
Sud;Calabria;VV;G785;0;0;1;0;0;0;0;2;0
Sud;Calabria;VV;H271;1;2;3,33;0;0;0;0;0;0
Sud;Calabria;VV;H516;0;2;3,94;0;0;0;0;0;0
Sud;Calabria;VV;H785;0;1;2;0;0;0;0;0;0
Sud;Calabria;VV;H807;0;0;0;0;0;0;0;0;0
Sud;Calabria;VV;H941;0;0;0;0;0;0;0;0;0
Sud;Calabria;VV;I058;1;1;0,5;0;0;0;0;0;0
Sud;Calabria;VV;I350;0;0;1;0;0;0;0;0;0
Sud;Calabria;VV;I639;1;6,38;5,83;0;0;0;0;1;0
Sud;Calabria;VV;I744;0;0;0;0;0;0;0;0;0
Sud;Calabria;VV;I853;0;0;1;0;0;0;0;0;0
Sud;Calabria;VV;I854;0;0;2;0;0;0;0;0;0
Sud;Calabria;VV;I884;0;0;1;0;0;0;0;0;0
Sud;Calabria;VV;I905;0;0;0,5;0;0;0;0;0;1
Sud;Calabria;VV;I945;0;0;2;0;0;0;0;0;0
Sud;Calabria;VV;L452;0;3;6,08;0;0;0;0;1;0
Sud;Calabria;VV;L607;0;0;0;0;0;0;0;0;0
Sud;Calabria;VV;L699;0;2;0;0;0;0;0;0;0
Sud;Calabria;VV;M138;0;0;0;0;0;0;0;0;0
Sud;Calabria;VV;M143;0;1;0;0;0;0;0;0;0
Sud;Calabria;VV;M204;0;0;0;0;0;0;0;0;0
Sud;Campania;AV;A101;0;0;7;0;0;0;0;0;0
Sud;Campania;AV;A228;0;1;1,29;0;0;0;0;0;0
Sud;Campania;AV;A284;0;0;5;0;0;0;0;0;0
Sud;Campania;AV;A347;0;0;1,5;0;0;0;0;0;0
Sud;Campania;AV;A399;2;9,2;18,54;0;0;0;0;0;0
Sud;Campania;AV;A489;1;5,95;12,46;0;0;0;0;0;0
Sud;Campania;AV;A508;0;0;8,38;0;0;0;0;0;0
Sud;Campania;AV;A509;29,68;55,56;53,43;0;0;0;0;8;0
Sud;Campania;AV;A566;0;0,09;5,68;0;0;0;0;0;0
Sud;Campania;AV;A580;0;2,33;0,72;0;0;0;0;1;0
Sud;Campania;AV;A881;0;1;3,75;0;0;0;0;5;0
Sud;Campania;AV;A975;0;1;0;0;0;0;0;0;0
Sud;Campania;AV;B367;0;0;1;0;0;0;0;0;0
Sud;Campania;AV;B374;0;1,79;6,92;0;0;0;0;0;0
Sud;Campania;AV;B415;0,17;2,17;12,5;0;0;0;0;1;0
Sud;Campania;AV;B590;0;0;0;0;0;0;0;0;0
Sud;Campania;AV;B674;0;0,12;7,64;0;0;0;0;0;1
Sud;Campania;AV;B706;0;0;3,83;0;0;0;0;0;0
Sud;Campania;AV;B776;0;0;3;0;0;0;0;0;0
Sud;Campania;AV;B866;0;1;2;0;0;0;0;0;1
Sud;Campania;AV;B997;0;0;0,06;0;0;0;0;0;0
Sud;Campania;AV;C058;0;0;1,67;0;0;0;0;0;0
Sud;Campania;AV;C105;0;1;4;0;0;0;0;0;0
Sud;Campania;AV;C283;0;2;6;0;0;0;0;0;0
Sud;Campania;AV;C557;0;3;9,1;0;0;0;0;0,25;0
Sud;Campania;AV;C576;0;1;8,06;0;0;0;0;0;0
Sud;Campania;AV;C606;0;0;1;0;0;0;0;0;0
Sud;Campania;AV;C659;0;0;0;0;0;0;0;0;1
Sud;Campania;AV;C971;0;4;5;0;0;0;0;0;0
Sud;Campania;AV;C976;0;1;6,66;0;0;0;0;0;0
Sud;Campania;AV;D331;0;0;5;0;0;0;0;0;0
Sud;Campania;AV;D638;0;1;2;0;0;0;1;1;0
Sud;Campania;AV;D671;0;0;2;0;0;0;0;0;0
Sud;Campania;AV;D701;0;0;7;0;0;0;0;0;0
Sud;Campania;AV;D798;0;0;5;0;0;0;0;1;0
Sud;Campania;AV;D998;0;3;7;0;0;0;0;0;0
Sud;Campania;AV;E161;0;0;1,25;0;0;0;0;0;0
Sud;Campania;AV;E206;0;2,34;6,88;0;0;0;1;1;0
Sud;Campania;AV;E214;0;0;1;0;0;0;0;0;1
Sud;Campania;AV;E245;0;0;6,34;0;0;0;0;0;0
Sud;Campania;AV;E397;0;2;9,61;0;0;0;0;0;1
Sud;Campania;AV;E448;0;0;1;0;0;0;0;0;0
Sud;Campania;AV;E487;0;5,04;3,36;0;0;0;0;0;0
Sud;Campania;AV;E605;0;0;7,39;0;0;0;0;0;0
Sud;Campania;AV;E746;0;2;5;0;0;0;0;0;0
Sud;Campania;AV;E891;0;1,17;6,76;0;0;0;0;0;0
Sud;Campania;AV;E997;0;1;0;0;0;0;0;0;0
Sud;Campania;AV;F110;0;0;5;0;0;0;0;0;0
Sud;Campania;AV;F141;1;8,5;11,1;0;1;0;4;0;0
Sud;Campania;AV;F230;0;1;8,08;0;0;0;0;0;0
Sud;Campania;AV;F397;0;0;1;0;0;0;0;0;0
Sud;Campania;AV;F448;0;0;7;0;0;0;0;0;0
Sud;Campania;AV;F491;0;1;3,22;0;0;0;0;0;0
Sud;Campania;AV;F506;0;2,5;19,67;0;0;0;1;4;0
Sud;Campania;AV;F511;0;2,03;1,03;0;0;0;0;4;0
Sud;Campania;AV;F512;0;1;2;0;0;0;0;0;0
Sud;Campania;AV;F546;0;5,18;10,04;0;0;0;0;1;0
Sud;Campania;AV;F559;0;0;2;0;0;0;0;0;0
Sud;Campania;AV;F566;0;4;13,34;0;0;0;0;1;0
Sud;Campania;AV;F660;0;0;3;0;0;0;0;0;0
Sud;Campania;AV;F693;1;1;8,16;0;0;0;0;2;0
Sud;Campania;AV;F694;1;13;9,66;0;0;0;0;0;0
Sud;Campania;AV;F744;0;0;7,65;0;0;0;0;0;0
Sud;Campania;AV;F762;0;0;1;0;0;0;0;0;0
Sud;Campania;AV;F798;0;3;4,16;0;0;0;0;0;0
Sud;Campania;AV;F988;0;1;8,5;0;0;0;0;1;0
Sud;Campania;AV;G165;0;0;3;0;0;0;0;0;0
Sud;Campania;AV;G242;0;0;0;0;0;0;0;0;0
Sud;Campania;AV;G340;0;0;2;0;0;0;0;0;0
Sud;Campania;AV;G370;0;1;8;0;0;0;0;0;1
Sud;Campania;AV;G519;0;0;1;0;0;0;0;0;0
Sud;Campania;AV;G611;0;0;4;0;0;0;0;2;0
Sud;Campania;AV;G629;0;0;1;0;0;0;0;0;0
Sud;Campania;AV;G990;0;0;2,25;0;0;0;0;1;0
Sud;Campania;AV;H006;0;3;5,33;0;0;0;1;0;0
Sud;Campania;AV;H097;0;0;1;0;0;0;0;0;0
Sud;Campania;AV;H128;0;0;1;0;0;0;0;0;0
Sud;Campania;AV;H382;0;4;3;0;0;0;0;1;0
Sud;Campania;AV;H438;0;0;2,33;0;0;0;0;0;0
Sud;Campania;AV;H592;0;2;1;0;0;0;0;0;0
Sud;Campania;AV;H733;0;1;2,17;0;0;0;0;0;0
Sud;Campania;AV;H975;0;0;1;0;0;0;0;0;0
Sud;Campania;AV;I016;0;1,6;10,83;0;0;0;0;2;0
Sud;Campania;AV;I034;0;0;0,33;0;0;0;0;0;0
Sud;Campania;AV;I061;0;0;2;0;0;0;0;0;0
Sud;Campania;AV;I129;0;1;2;0;0;0;0;0;0
Sud;Campania;AV;I163;0;0;0,92;0;0;0;0;0;0
Sud;Campania;AV;I219;0;1;4,83;0;0;0;0;0;0
Sud;Campania;AV;I264;0;1;3;0;0;0;0;0;0
Sud;Campania;AV;I279;0;0;1,25;0;0;0;0;0;0
Sud;Campania;AV;I280;0;0;2,5;0;0;0;0;0;0
Sud;Campania;AV;I281;0;0;11,01;0;0;0;0;1;0
Sud;Campania;AV;I301;0;1;3,5;0;0;0;0;0;0
Sud;Campania;AV;I357;0;1;4,5;0;0;0;0;0;0
Sud;Campania;AV;I471;0;0;2;0;0;0;0;0;0
Sud;Campania;AV;I493;0;0;0;0;0;0;0;0;0
Sud;Campania;AV;I606;0;0;0;0;0;0;0;0;0
Sud;Campania;AV;I630;0;1,6;11,88;0;0;0;0;0;0
Sud;Campania;AV;I756;0;1;2;0;0;0;0;0;0
Sud;Campania;AV;I805;0;8,38;6,33;0;0;0;0;4;0
Sud;Campania;AV;I843;0;0;4;0;0;0;0;0;0
Sud;Campania;AV;I893;0;0;2,5;0;0;0;0;0;0
Sud;Campania;AV;I990;0;0;2;0;0;0;0;0;0
Sud;Campania;AV;L004;0;0;1,92;0;0;0;0;0;0
Sud;Campania;AV;L061;0;1;0,25;0;0;0;0;0;0
Sud;Campania;AV;L062;0;0;3,83;0;0;0;0;0;0
Sud;Campania;AV;L102;0;0,13;2;0;0;0;0;0;0
Sud;Campania;AV;L214;0;0;6;0;0;0;0;0;0
Sud;Campania;AV;L272;0;0;2;0;0;0;0;2;0
Sud;Campania;AV;L301;0;0;1;0;0;0;0;0;0
Sud;Campania;AV;L399;0;0;0;0;0;0;0;0;0
Sud;Campania;AV;L461;0;0;2;0;0;0;0;0;0
Sud;Campania;AV;L589;0;1;3;0;0;0;0;0;0
Sud;Campania;AV;L616;0;0;3;0;0;0;0;1;0
Sud;Campania;AV;L739;0;0,5;1,25;0;0;0;0;3;0
Sud;Campania;AV;L965;0;1;2;0;0;0;0;0;0
Sud;Campania;AV;L973;0;1;4;0;0;0;0;0;0
Sud;Campania;AV;M130;0;0,07;0;0;0;0;0;0;0
Sud;Campania;AV;M203;0;1;2;0;0;0;0;1;0
Sud;Campania;BN;A110;0;1;12,16;0;1;0;1;1;0
Sud;Campania;BN;A265;2;2;2,5;0;0;0;0;0;0
Sud;Campania;BN;A328;0;1,92;4;0;0;0;0;0;0
Sud;Campania;BN;A330;0;0;1;0;0;0;0;0;0
Sud;Campania;BN;A431;0;3;1,14;0;0;0;0;0;0
Sud;Campania;BN;A432;0;0;0;0;0;0;0;0;0
Sud;Campania;BN;A696;0;0;5;0;0;0;0;0;0
Sud;Campania;BN;A783;12;37,17;43,91;0;0;0;1;2;1
Sud;Campania;BN;A970;0;0;2;0;0;0;0;0;0
Sud;Campania;BN;B239;0;0;1;0;0;0;0;0;0
Sud;Campania;BN;B267;0;0;1;0;0;0;0;0;0
Sud;Campania;BN;B444;0;0;3,5;0;0;0;0;0;0
Sud;Campania;BN;B541;1;0;1;0;0;0;0;0;0
Sud;Campania;BN;B542;0;0;0;0;0;0;0;0;0
Sud;Campania;BN;B873;0;0;0,5;0;0;0;0;0;2
Sud;Campania;BN;C106;0;0;0;0;0;0;0;0;0
Sud;Campania;BN;C245;0;0;1;0;0;0;0;0;0
Sud;Campania;BN;C250;0;1;2;0;0;0;0;0;0
Sud;Campania;BN;C280;0;0;0;0;0;0;0;0;0
Sud;Campania;BN;C284;0;0;0,5;0;0;0;0;0,17;0
Sud;Campania;BN;C359;0;0;1;0;0;0;0;0;0
Sud;Campania;BN;C476;0;0;0;0;0;0;0;0;0
Sud;Campania;BN;C525;2;1;2,33;0;0;0;0;0;2,67
Sud;Campania;BN;C719;0;0;4,75;0;0;0;0;3;0
Sud;Campania;BN;C846;0;1;2;0;0;0;0;0;1
Sud;Campania;BN;D230;0;1;1;0;0;0;0;0;0
Sud;Campania;BN;D380;0;5;1;0;0;0;0;1;0
Sud;Campania;BN;D386;1;0;5;0;0;0;0;0;0
Sud;Campania;BN;D469;0;0;4;0;0;0;0;1;0
Sud;Campania;BN;D644;2;0;0;0;0;0;0;1;0
Sud;Campania;BN;D650;0;0;7,22;0;0;0;0;0;0,22
Sud;Campania;BN;D693;0;0;0;0;0;0;0;2;0
Sud;Campania;BN;D755;0;1;0;0;0;0;0;1;0
Sud;Campania;BN;D756;0;1;2;0;0;0;0;0;0
Sud;Campania;BN;D784;0;0;2;0;0;0;0;0;0
Sud;Campania;BN;E034;0;0;0;0;0;0;0;0;0
Sud;Campania;BN;E249;0;0;1;0;0;0;0;0;0
Sud;Campania;BN;E589;0;0;0;0;0;0;0;1;0
Sud;Campania;BN;F113;0;0,11;1;0;0;0;0;0;0
Sud;Campania;BN;F274;0;0;3;0;0;0;0;0;0
Sud;Campania;BN;F287;0;0;1;0;0;0;0;0;0
Sud;Campania;BN;F494;0;1;3;0;0;0;0;0;0
Sud;Campania;BN;F557;0;0;0;0;0;0;0;0;0
Sud;Campania;BN;F636;4;6,01;8,01;0;0;0;0;2;0
Sud;Campania;BN;F717;0;0;4;0;2;0;0;0;0,71
Sud;Campania;BN;G227;0;2;1;0;0;0;0;2;0
Sud;Campania;BN;G243;0;0;0;0;0;0;0;0;0
Sud;Campania;BN;G311;0;0;1,67;0;0;0;0;0;0
Sud;Campania;BN;G318;0;0;1;0;0;0;2;2;0
Sud;Campania;BN;G386;0;0;0,75;0;0;0;0;0;0
Sud;Campania;BN;G494;0;0;0,5;0;0;0;0;1;0
Sud;Campania;BN;G626;0;0;1;0;0;0;0;0;0
Sud;Campania;BN;G631;0;6;2;0;0;0;1;0;0
Sud;Campania;BN;G827;0;0;1;0;0;0;0;0;0
Sud;Campania;BN;G848;0;0;2;0;0;0;0;0;0
Sud;Campania;BN;H087;0;0;0;0;0;0;0;1;0
Sud;Campania;BN;H227;0;0;0;0;0;0;0;0;0
Sud;Campania;BN;H764;0;0;2;0;0;0;0;0;0
Sud;Campania;BN;H894;1,17;2;11,67;0;0;0;0;0;2
Sud;Campania;BN;H898;0;0;1;0;0;0;0;1;0
Sud;Campania;BN;H953;0;0;1,53;0;0;0;0;0;0
Sud;Campania;BN;H955;0;0;0;0;0;0;0;0;0
Sud;Campania;BN;H967;0;0;0;0;0;0;0;0;0
Sud;Campania;BN;H973;0;1;0;0;0;0;0;0;0
Sud;Campania;BN;H984;0;0,5;2;0;0;0;0;0;0
Sud;Campania;BN;I002;0;0;0;0;0;0;0;0;0
Sud;Campania;BN;I049;0;0;2;0;0;0;0;1;0
Sud;Campania;BN;I062;0;2,89;8,5;0;0;0;0;3;0
Sud;Campania;BN;I145;2;1;0;0;0;0;0;3;0
Sud;Campania;BN;I179;0;0;0;0;0;0;0;0;0
Sud;Campania;BN;I197;0;3;8;0;0;0;0;0;0
Sud;Campania;BN;I277;0;3;1;0;0;0;0;1;0
Sud;Campania;BN;I455;0;0;0;0;0;0;0;1;0
Sud;Campania;BN;I809;0;1;1;0;1;0;0;0;0
Sud;Campania;BN;L086;7;7;5;0;0;0;1;1;0
Sud;Campania;BN;L185;0;0;1;0;0;0;0;0;0
Sud;Campania;BN;L254;0;3;4;0;0;0;0;2;0
Sud;Campania;BN;M093;0;0;1;0;0;0;0;0;0
Sud;Campania;CE;A106;0;0;0;0;0;0;0;0;0
Sud;Campania;CE;A200;0;1;3,67;0;0;0;1;3;0
Sud;Campania;CE;A243;0,5;2;2,87;0;0;0;0;0;0
Sud;Campania;CE;A403;0;0;1,93;0;0;0;0;0;0
Sud;Campania;CE;A512;9;43,45;59,84;0;0;0;0,5;2;0
Sud;Campania;CE;A579;0;5;0;0;0;0;0;0;0,5
Sud;Campania;CE;A755;0;8,5;19,17;0;0;0;1;0;0
Sud;Campania;CE;B361;0;7,26;4;0;0;0;0;0;0
Sud;Campania;CE;B362;0;1;0;0;0;0;0;0;0
Sud;Campania;CE;B445;3;2;6;0;0;0;0;0;0
Sud;Campania;CE;B477;0;0;7;0;0;0;0;0;0
Sud;Campania;CE;B494;0;0;5;0;0;0;0;0;0
Sud;Campania;CE;B581;1;0,17;1,17;0;0;0;0;0;0
Sud;Campania;CE;B667;0;0;6,08;0;0;0;0;0;0
Sud;Campania;CE;B704;0;0,17;0;0;0;0;0;0;0
Sud;Campania;CE;B715;0;2;8,86;0;0;0;0;2;0
Sud;Campania;CE;B779;0,02;0;1;0;0;0;0;7;0
Sud;Campania;CE;B781;1;5;4;0;0;0;0;1;2
Sud;Campania;CE;B860;0;3,25;3;0;1;0;1;0;0
Sud;Campania;CE;B872;0;3,79;1;0;0;0;0;0;0
Sud;Campania;CE;B916;0;1;6,33;0;0;0;0;0;0
Sud;Campania;CE;B935;2;12,66;14,97;0;0;0;0;1;0
Sud;Campania;CE;B963;21;42,3;66,24;2;0;0;0;7;0
Sud;Campania;CE;C097;0;0;0;0;0;0;0;0;0
Sud;Campania;CE;C178;0;0;1;0;0;0;0;0;0
Sud;Campania;CE;C211;0;0;3;0;0;0;0;0;0
Sud;Campania;CE;C291;1;27,7;17,75;0;0;1;0;2;0,67
Sud;Campania;CE;C558;0;0;3,17;0;0;0;0;0;0
Sud;Campania;CE;C561;2;2;0,5;0;0;0;0;1;0
Sud;Campania;CE;C716;0;0;1;0;0;0;0;0;0
Sud;Campania;CE;C939;0;0;1,8;0;0;0;0;0;0
Sud;Campania;CE;D228;1;4;10;0;0;0;2;2;0
Sud;Campania;CE;D361;0;6;0,33;0;0;0;0;0;0
Sud;Campania;CE;D471;0;1;4,19;0;0;0;0;0;0
Sud;Campania;CE;D683;0;0;1;0;0;0;0;0;0
Sud;Campania;CE;D709;0;0;2,5;0;0;0;0;0;0
Sud;Campania;CE;D769;0;0;5,33;0;0;0;0;0;0
Sud;Campania;CE;D799;0;1;4,14;0;0;0;0;1;0
Sud;Campania;CE;D801;0,21;0;3,1;0;0;0;0;0;0
Sud;Campania;CE;D884;0;0,5;0;0;0;0;0;0;0
Sud;Campania;CE;D886;0;1;3;0;0;0;0;0;0
Sud;Campania;CE;E011;0;0;0;0;0;0;0;0;0
Sud;Campania;CE;E039;0;0;2;0;0;0;0;0;0
Sud;Campania;CE;E158;1;0;0;0;0;0;0;0;0
Sud;Campania;CE;E173;0;0;14,05;0;0;0;0;3;0
Sud;Campania;CE;E554;0;0;1;0;0;0;0;0;0
Sud;Campania;CE;E570;0;1;0;0;0;0;0;0;0
Sud;Campania;CE;E754;0;8,16;4,66;0;0;0;0;2;0
Sud;Campania;CE;E784;2;4,67;12,84;0;0;0;0;0;0
Sud;Campania;CE;E791;1;17,47;20,13;0;0;0;0;2;0
Sud;Campania;CE;E932;20,48;24,26;19,91;0;0;0;24;11,24;0
Sud;Campania;CE;E998;6;2;3,5;0;0;0;0;0;0
Sud;Campania;CE;F043;0;0;3;0;0;0;0;5,55;0
Sud;Campania;CE;F203;0;1;1,66;0;0;0;0;3;0
Sud;Campania;CE;F352;2;31,94;18,47;0;0;0;1;2;0
Sud;Campania;CE;G130;27;10;13,92;0;0;0;0;6;0
Sud;Campania;CE;G333;0;2,51;14,3;0;0;0;0;0;0
Sud;Campania;CE;G364;1;0;3;0;0;0;0;11;0
Sud;Campania;CE;G541;0;0;1;0;0;0;0;0;0
Sud;Campania;CE;G596;2;7,38;10,18;0;0;0;0;0;0,5
Sud;Campania;CE;G620;0;1;6;0;0;0;0;0;1
Sud;Campania;CE;G630;0;1;1,5;0;0;0;0;0;0
Sud;Campania;CE;G661;0;4;3;0;0;0;0;1;0
Sud;Campania;CE;G849;1;0;0;0;0;0;0;0;0
Sud;Campania;CE;G903;0;2;11,17;0;0;0;0;0;0
Sud;Campania;CE;G991;0;0;0;0;0;0;0;0;0
Sud;Campania;CE;G995;0;0,8;0;0;0;0;0;0;0
Sud;Campania;CE;H045;0;0;0;0;0;0;0;0;0
Sud;Campania;CE;H165;0;0;0;0;0;0;0;0;0
Sud;Campania;CE;H202;0;0;1;0;0;0;0;0;0
Sud;Campania;CE;H210;0;3;6,46;0;0;0;0;1;0
Sud;Campania;CE;H268;0;1;7,6;0;0;0;0;1;0
Sud;Campania;CE;H398;0;2;5,67;0;0;0;0;0;0
Sud;Campania;CE;H423;0;0;3,17;0;0;1;0;0;0
Sud;Campania;CE;H436;0;1;3;0;0;0;0;0;0
Sud;Campania;CE;H459;0;0;0;0;0;0;0;0;0
Sud;Campania;CE;H798;0;1;1,5;0;0;0;0;0;0
Sud;Campania;CE;H834;0;3,67;2;0;0;0;0;0;0
Sud;Campania;CE;H939;0;0;1,67;0;0;0;0;0;0
Sud;Campania;CE;H978;1;6,67;8,5;0;0;0;0;0;0
Sud;Campania;CE;I056;21;11;32,83;0;0;0;0;0;0
Sud;Campania;CE;I113;0;0;0;0;0;0;2;0;0
Sud;Campania;CE;I130;0;0;0;0;0;0;0;0;0
Sud;Campania;CE;I131;0;9;5,17;0;0;0;0;0;0
Sud;Campania;CE;I233;0;3;16,16;0;0;0;0;2;0
Sud;Campania;CE;I234;20;26,9;28,25;0;0;0;2;5;0
Sud;Campania;CE;I247;0;1;0;0;0;0;0;0;0,75
Sud;Campania;CE;I261;0;0;2;0;0;0;0;0;1
Sud;Campania;CE;I273;0;0;0;0;0;0;0;0;0
Sud;Campania;CE;I306;0;1;16,2;0;0;0;0;2;0
Sud;Campania;CE;I676;0;11,61;24,35;0;0;0;1;4;1
Sud;Campania;CE;I885;0;1;2,51;0;0;0;0;0;0
Sud;Campania;CE;I993;0;2,74;5,5;0;0;0;0;0;0
Sud;Campania;CE;L083;0;3;10,27;0;0;0;0;1;0
Sud;Campania;CE;L155;1;5;9,67;0;0;0;0;7;0
Sud;Campania;CE;L205;0;0;0;0;0;0;0;0;0
Sud;Campania;CE;L379;1;3,07;4,37;0;0;0;0;0;0
Sud;Campania;CE;L540;0;14,5;4,5;0;0;0;0;0;0
Sud;Campania;CE;L591;1;0,75;4;0;0;0;0;0;0
Sud;Campania;CE;L594;0;0;0;0;0;0;0;0;0
Sud;Campania;CE;L844;1,3;0;0,5;0;0;0;1;1;0,56
Sud;Campania;CE;M092;0;7;13,5;0;0;0;5;8;0
Sud;Campania;CE;M260;0;0;0;0;0;0;0;0;0
Sud;Campania;CE;M262;0;4;3;0;0;0;0;0;0
Sud;Campania;NA;A024;1,28;12,25;40,62;0;0;0;0;16,28;0
Sud;Campania;NA;A064;0;18,1;32,48;0;0;0;0;1;0
Sud;Campania;NA;A068;0;3,76;8,9;0;0;0;0;0;0
Sud;Campania;NA;A268;0,5;2;2;0;0;0;0;1;0
Sud;Campania;NA;A455;5,54;10;12,25;0;0;0;2;4;0
Sud;Campania;NA;A535;0;7;5,46;0;0;0;0;0;0
Sud;Campania;NA;A617;0;0,93;3,5;0;0;0;0;0;0
Sud;Campania;NA;B076;0;3,9;14,51;0;0;0;0;1;0
Sud;Campania;NA;B077;0;2;7,59;0;0;0;0;0;0
Sud;Campania;NA;B227;0;3;7;0;0;0;0;1;0
Sud;Campania;NA;B371;0;18,6;36,03;0;0;0;0;2;0
Sud;Campania;NA;B452;0;2;5;0;0;0;0;0;0
Sud;Campania;NA;B565;0;0;1;0;0;0;0;0;0
Sud;Campania;NA;B696;3;1;1;0;0;0;0;0;0
Sud;Campania;NA;B740;0;0;0,5;0;0;0;0;1;0
Sud;Campania;NA;B759;0;11;16,22;0;0;0;0;2;0
Sud;Campania;NA;B905;14;22,46;19,16;0;0;0;1,14;0;0
Sud;Campania;NA;B922;0;0;1,17;0;0;0;0;0;0
Sud;Campania;NA;B924;0;3;3,25;0;0,5;0;0;2;0
Sud;Campania;NA;B925;1;1;10,58;0;0;0;1;0;0
Sud;Campania;NA;B946;6;10;10,67;0;0;0;1;12;0
Sud;Campania;NA;B980;0;1;2;0;0;0;0;0;0
Sud;Campania;NA;B990;5,5;21;33,1;0;0;0;10;10;0
Sud;Campania;NA;C129;5,5;30,21;23,85;0;0;0;1;5,04;0
Sud;Campania;NA;C188;8;1;8,95;0;0;0;0;1;0
Sud;Campania;NA;C495;5;6,53;12,74;0;0;0;0;2;0
Sud;Campania;NA;C675;0;4,67;12,47;0;0;0;0;4;0
Sud;Campania;NA;C697;0;5;5,58;0;0;0;0;0;0
Sud;Campania;NA;C929;0;0;1;0;0;0;0;0;0
Sud;Campania;NA;D170;0;0,5;2,47;0;0;0;0;0;0
Sud;Campania;NA;D702;0;3,5;5;0;0;0;0,33;0;0
Sud;Campania;NA;D789;0;17,62;25,79;0;0;0;0;2;0
Sud;Campania;NA;D790;0;8,75;10,52;0;0;0;0;2;0
Sud;Campania;NA;E054;2,07;24,38;97,65;0;0;0;7,33;2,94;0
Sud;Campania;NA;E131;1,33;9;13,87;0;0;0;0;0;0
Sud;Campania;NA;E224;0,33;3,94;16,36;0;0;0;0;2;0
Sud;Campania;NA;E329;0;7,33;3,33;0;0;0;0;0;0
Sud;Campania;NA;E396;3;0;1,83;0;0;0;0;0;0
Sud;Campania;NA;E557;0;4;5;0;0;0;1;0;0
Sud;Campania;NA;E620;0;1;0;0;0;0;0;0;0
Sud;Campania;NA;E906;3;13;28,09;0;0;0;0;1;0
Sud;Campania;NA;E954;1;0;7,7;0;0;0;0;1;0
Sud;Campania;NA;E955;0;10,88;23,41;0;0;0;0;3;0
Sud;Campania;NA;F030;1;7;8,28;0;0;0;0;1;0
Sud;Campania;NA;F111;13;15,89;10,8;0;0;0;0;3;0
Sud;Campania;NA;F162;1;3,2;4,67;0;0;0;0;0;0
Sud;Campania;NA;F488;0;0;9;0;0;0;0;0;0
Sud;Campania;NA;F799;1;17,24;30,06;0;0;0;0;3;0
Sud;Campania;NA;F839;167,41;486,9;320,23;1;0;5;21,36;27,25;0
Sud;Campania;NA;F924;4;28,38;40,32;0;0;0;9;11;0
Sud;Campania;NA;G190;0;10,2;18,51;0;0;0;0;6,5;0
Sud;Campania;NA;G283;2;7;14,27;0;0;0;0;3;0
Sud;Campania;NA;G309;2;13;28,89;0;0;0;0;0;0
Sud;Campania;NA;G568;1;9;9,83;0;0;1;0,05;0;0
Sud;Campania;NA;G670;0;2;3,5;0;0;0;0;0;0
Sud;Campania;NA;G762;1;11;21,38;0;0;0;0;0;0
Sud;Campania;NA;G795;5;4;19,73;0;0;0;0;0;0
Sud;Campania;NA;G812;2;14,8;19,79;0;0;0;1;2;0
Sud;Campania;NA;G813;1;8,5;17,92;0;0;0;0;1;0
Sud;Campania;NA;G902;0;30,86;16,29;0;0;0;1;0;0
Sud;Campania;NA;G964;5,5;29,97;37,69;0;0;0;7;4;0
Sud;Campania;NA;H072;0;1,5;3,92;0;0;0;0;0;0
Sud;Campania;NA;H101;0;6;12,57;0;0;0;1;1;0
Sud;Campania;NA;H114;0;5,83;20,49;0;0;0;0;2;0,36
Sud;Campania;NA;H243;1,33;12,33;24,18;0;0;0;3;1;0
Sud;Campania;NA;H433;1;1;4;0;0;0;0;0;0
Sud;Campania;NA;H860;0;3;8,55;0;0;0;1;0;0
Sud;Campania;NA;H892;1;16,8;13,94;0;0;0;0;0;0
Sud;Campania;NA;H931;1;3,66;21,12;0;0;0;1;0;0
Sud;Campania;NA;I073;0;0;1;0;0;0;0;0;0
Sud;Campania;NA;I151;3;4,98;7,33;0;0;0;0;0;0
Sud;Campania;NA;I208;0;1,5;4,09;0;0;0;0;0;0
Sud;Campania;NA;I262;0;7,83;14,11;0;0;0;1;9,75;0
Sud;Campania;NA;I293;0;6;17,88;0;0;0;0;6;0
Sud;Campania;NA;I300;0;4,67;10,99;0;0;0;0;1;0
Sud;Campania;NA;I391;0;1;7;0;0;0;1;3;0
Sud;Campania;NA;I469;2;4,5;10,67;0;0;0;1;2;0
Sud;Campania;NA;I540;1;3;6,67;0;0;0;0;1;0
Sud;Campania;NA;I652;0;0;0;0;0;0;0;0;0
Sud;Campania;NA;I820;4;10,16;38,47;0;0;0;3;4;0
Sud;Campania;NA;I862;0;13,67;14,5;0;0;0;1;0;0
Sud;Campania;NA;I978;0;1;4,5;0;0;0;0;1;0
Sud;Campania;NA;L142;0;3;4,61;0;0;0;0;0;0
Sud;Campania;NA;L245;3;14,08;20,07;2;0;0;1;3;0
Sud;Campania;NA;L259;3;24,93;24,25;0;0;0;2;1,08;0
Sud;Campania;NA;L460;0;1;6;0;0;0;0;0;0
Sud;Campania;NA;L845;0;6;6,78;0;1;0;0;0;0
Sud;Campania;NA;M072;0;1,42;0;0;0;0;0;0;0
Sud;Campania;NA;M115;1;9;9,04;0;0;0;1;5;0
Sud;Campania;NA;M273;0;2,5;5,02;0;0;0;0;2;0
Sud;Campania;NA;M280;0;3,5;10,38;0;0;0;0;0;0
Sud;Campania;NA;M289;0;0;3,8;0;0;0;0;0;0
Sud;Campania;SA;A023;0;1,66;2,8;0;0;0;0;0;2
Sud;Campania;SA;A091;3;24,5;32,97;0;1;0;5;1;0
Sud;Campania;SA;A128;0;1;7;0;0;0;0;3;0
Sud;Campania;SA;A186;0;0;2;0;0;0;0;0;0
Sud;Campania;SA;A230;0;6;10;0;0;0;0;0;0
Sud;Campania;SA;A251;0;3;7,17;0;0;0;0;0;0
Sud;Campania;SA;A294;3;13,75;24,42;0;0;0;2;0;0
Sud;Campania;SA;A343;0;1;0;0;0;0;0;0;0
Sud;Campania;SA;A460;2;3,5;13;0;0;0;0;0;0
Sud;Campania;SA;A484;2;0;4;0;0;0;3;0;0
Sud;Campania;SA;A487;0;0;0;0;0;0;0;0;0
Sud;Campania;SA;A495;0;1;3;0;0;0;1;0;0
Sud;Campania;SA;A674;4;6,83;19,88;0;0;0;0;3;0
Sud;Campania;SA;A717;14,17;34,65;36,45;0;0;0;0;12;0
Sud;Campania;SA;A756;0;0;4;0;0;0;0;0;0
Sud;Campania;SA;B115;0;3;7,25;0;0;0;0;0;0
Sud;Campania;SA;B242;0;3;3;0;0;0;0;1;0
Sud;Campania;SA;B266;0;0,33;3;0;0;0;0;0;0
Sud;Campania;SA;B351;0;3;0,25;0;0;0;0;1;0
Sud;Campania;SA;B437;0;1;1;0;0;0;0;0;0
Sud;Campania;SA;B476;0;2;3;0;0;0;1;0;0
Sud;Campania;SA;B492;0,8;3,4;9,27;0;0;0;0;2,17;0
Sud;Campania;SA;B555;0;0;0;0;0;0;0;0;0
Sud;Campania;SA;B608;0;0;0;0;0;0;0;0;0
Sud;Campania;SA;B644;2;8,5;19;0;0,25;0;2;0;0
Sud;Campania;SA;B868;0;0;2;0;0;0;0;0;0
Sud;Campania;SA;B888;0;0;0;0;0;0;0;0;0
Sud;Campania;SA;B895;0;5,33;7,67;0;0;0;0;0;0
Sud;Campania;SA;B959;0;0;0;0;0;0;0;0;0
Sud;Campania;SA;C069;0;0;2;0;0;0;0;0;0
Sud;Campania;SA;C125;0;3;10,03;0;0;0;0;0;0
Sud;Campania;SA;C231;0;4;7;0;0;0;0;0;0
Sud;Campania;SA;C235;0;0;0,5;0;0;0;0;0;0
Sud;Campania;SA;C259;9;10;16,91;0;0;0;0;1;0
Sud;Campania;SA;C262;0;0;4,5;0;0;0;0;0;0
Sud;Campania;SA;C306;0;0;0;0;0;0;0;0;0
Sud;Campania;SA;C361;1;22,81;31,86;0;0;0;0;5,13;0
Sud;Campania;SA;C444;0;0;4;0;0;0;0;0;0
Sud;Campania;SA;C470;0;7;4,4;0;1;0;0;0;0
Sud;Campania;SA;C485;0;1;2;0;0;0;0;1;1
Sud;Campania;SA;C584;0;0;0;0;0;0;0;0;0
Sud;Campania;SA;C676;0;0;2;0;0;0;0;0;0
Sud;Campania;SA;C879;0;1;3;0;0;0;1;0;0
Sud;Campania;SA;C940;0;0;0;0;0;0;0;0;0
Sud;Campania;SA;C973;0;0;1;0;0;0;0;0;0
Sud;Campania;SA;C974;0;1;7,17;0;0;0;0;0;0
Sud;Campania;SA;C984;0;0;0,67;0;0;0;0;0;0
Sud;Campania;SA;D011;0;0;1;0;0;0;0;0;0
Sud;Campania;SA;D195;0;0;0;0;0;0;0;0;0
Sud;Campania;SA;D292;0;2;8;0;0;0;0;0;0
Sud;Campania;SA;D390;4;22,1;30;0;0;1;1;3;2
Sud;Campania;SA;D527;0;1;3,5;0;0;0;0;1;0
Sud;Campania;SA;D615;0;17;11,85;0;0;0;0;2,5;0
Sud;Campania;SA;D826;0;0;0;0;0;0;0;0;0
Sud;Campania;SA;D832;0;0;0;0;0;0;0;0;0
Sud;Campania;SA;E026;1;1,22;9,22;0;0;0;0;0;0
Sud;Campania;SA;E027;1;2;12,72;0;0;0;1;1;0
Sud;Campania;SA;E037;0;0;3;0;0;0;0;0;0
Sud;Campania;SA;E060;0;0;0;0;0;0;0;0;0
Sud;Campania;SA;E365;0;0;0;0;0;0;0;0;0
Sud;Campania;SA;E480;0;0;2;0;0;0;0;0;0
Sud;Campania;SA;E485;0;0;4;0;0;0;0;0;0
Sud;Campania;SA;E486;0;0;0;0;0;0;0;0;0
Sud;Campania;SA;E498;0;0,5;4;0;0;0;0;0;0
Sud;Campania;SA;E767;0;0;3;0;0;0;0;0;0
Sud;Campania;SA;E814;0;0;0;0;0;0;0;0;0
Sud;Campania;SA;E839;0;4,07;2;0;0;0;0;0;0
Sud;Campania;SA;F138;6;10,05;19;0;0;0;1;1;0
Sud;Campania;SA;F223;0;0,67;2;0;0;0;0;0;0
Sud;Campania;SA;F278;0;3;0;0;0;0;0;0;0
Sud;Campania;SA;F426;0;0;4,62;0;0;0;0;0;0
Sud;Campania;SA;F479;0;0;1,11;0;0;0;0;0;0
Sud;Campania;SA;F480;1;4;7,13;0;0;0;0;1,24;0
Sud;Campania;SA;F481;1;4;14,49;0;0;0;0;1;0
Sud;Campania;SA;F507;0;0;0;0;0;0;0;0;0
Sud;Campania;SA;F618;1;0;3,5;0;0;0;0;1;0
Sud;Campania;SA;F625;0;2;6;0;0;0;1;0;0
Sud;Campania;SA;F731;0;0;0;0;0;0;0;0;0
Sud;Campania;SA;F912;6;27,24;35,02;0;0;0;1;0;0
Sud;Campania;SA;F913;0;19;39,67;0;0;0;4;6;0
Sud;Campania;SA;F967;0;0;0;0;0;0;0;0;0
Sud;Campania;SA;G011;0;0;0;0;0;0;0;0;0
Sud;Campania;SA;G023;0;6;6,67;0;0;0;1;0;0
Sud;Campania;SA;G039;0;0;3,5;0;0;0;0;0;4
Sud;Campania;SA;G063;0;0;0;0;0;0;0;2;0
Sud;Campania;SA;G121;0;0;2;0;0;0;0;0;0
Sud;Campania;SA;G192;0;1;0;0;0;0;0;0;0
Sud;Campania;SA;G226;0;1;4;0;0;0;0;0;1
Sud;Campania;SA;G230;3;16,33;70,7;0;0;0;3;1;0
Sud;Campania;SA;G292;0;1;1;0;0;0;0;0;0
Sud;Campania;SA;G426;0;2;20,38;0;0;0;0;2;1
Sud;Campania;SA;G447;0;0;1;0;0;0;0;0;0
Sud;Campania;SA;G455;0;0;0;0;0;0;0;0;2
Sud;Campania;SA;G476;0;0;0;0;0;0;0;0;0
Sud;Campania;SA;G509;0;0;0,5;0;0;0;0;0,5;0
Sud;Campania;SA;G538;0;0;1,66;0;0;0;0;0;0
Sud;Campania;SA;G540;0;0;0;0;0;0;0;0;0
Sud;Campania;SA;G707;0;1;4;0;0;0;5,69;0;0
Sud;Campania;SA;G793;1;2;12;0;0;0;0;2;0
Sud;Campania;SA;G796;4;1;5;0;0;0;0;0;0
Sud;Campania;SA;G834;11;21,22;17,14;0;0;0;1;2;0
Sud;Campania;SA;G887;0;0;0;0;0;0;0;0;0
Sud;Campania;SA;G932;0;3;1;0;0;0;0;0;0
Sud;Campania;SA;G939;0;0;2;0;0;0;0;0;2
Sud;Campania;SA;G976;0;0;1;0;1;0;0;0;0
Sud;Campania;SA;H062;0;0;1;0;0;0;0;0;0
Sud;Campania;SA;H198;0;0;2;0;0,1;0;0;0;0
Sud;Campania;SA;H277;0;0;1;0;0;0;0;0;0
Sud;Campania;SA;H394;0;2;4,39;0;0;0;0;0;0
Sud;Campania;SA;H412;0;0;2;0;0;0;0;0;0
Sud;Campania;SA;H431;0;5,5;8,5;0;0;0;1;1;0
Sud;Campania;SA;H485;0;0;0;0;0;0;0;0;0
Sud;Campania;SA;H503;0;0;1;0;0;0;0;0;0
Sud;Campania;SA;H564;0;0;0;0;0;0;0;0;0
Sud;Campania;SA;H644;0;0;0;0;0;0;0;0;0
Sud;Campania;SA;H654;0;0;0;0;0;0;0;0;0
Sud;Campania;SA;H683;1;19,5;29,6;0;0;0;1;1;0
Sud;Campania;SA;H686;0;0;2;0;0;0;0;0;0
Sud;Campania;SA;H703;15;101,95;47,88;0;0;0;10;11,06;0
Sud;Campania;SA;H732;0;0;0;0;0;0;0;1;0
Sud;Campania;SA;H800;1;4;8;0;0;0;0,5;1;0
Sud;Campania;SA;H907;0;1;8,33;0;0;0;0;0;0
Sud;Campania;SA;H943;0;0;5;0;0;0;0;18;0
Sud;Campania;SA;H977;0;0;3,55;0;0;0;0;0;0
Sud;Campania;SA;I019;0;6;3,55;0;0;0;0;0;0
Sud;Campania;SA;I031;0;0;1;0;0;0;0;0;0
Sud;Campania;SA;I032;0;1;0;0;0;0;0;0;0
Sud;Campania;SA;I089;0;0;3,5;0;0;0;0;0;0
Sud;Campania;SA;I143;0;1;0;0;0;0;0;0;0
Sud;Campania;SA;I253;0;2;3;0;0;0;0;1;0
Sud;Campania;SA;I260;0;0;0;0;0;0;0;0;0
Sud;Campania;SA;I278;0;0;1,5;0;0;0;0;0;0
Sud;Campania;SA;I307;0;1;5;0;0;0;0;0;0
Sud;Campania;SA;I317;1;2;3;0;0;0;0;0;0
Sud;Campania;SA;I377;0;0;2,21;0;0;0;0;0;0
Sud;Campania;SA;I410;0;0;5,6;0;0;0;0;0;0
Sud;Campania;SA;I422;0;1;10,94;0;0;0;0;0;0
Sud;Campania;SA;I438;7;25;18,33;0;0;0;0;2;0
Sud;Campania;SA;I451;0;1;5;0;0;0;0;0;0
Sud;Campania;SA;I483;0;30,5;31,66;0;0;0;3;5;0
Sud;Campania;SA;I486;0;2;0,11;0;0;0;0;0;0
Sud;Campania;SA;I648;0;0;0,8;0;0;0;0;0;0
Sud;Campania;SA;I666;0;1;5;0;0;0;0;0;0
Sud;Campania;SA;I677;0;0;3;0;0;0;0;0;0
Sud;Campania;SA;I720;0;1;6,26;0;0;0;0;0;0
Sud;Campania;SA;I960;0;0;1;0;0;0;0;0;0
Sud;Campania;SA;L212;0;0;2;0;0;0;0;1;0
Sud;Campania;SA;L233;0;0;0;0;0;0;0;0;0
Sud;Campania;SA;L274;0;1;0,33;0;0;0;0;0;0
Sud;Campania;SA;L306;0;0;0;0;0;0;0;0;0
Sud;Campania;SA;L323;0;0;9;0;0;0;0;0;0
Sud;Campania;SA;L377;0;0;4;0;0;0;0;0;0
Sud;Campania;SA;L628;1;13;12,22;0;0;0;0;0;0
Sud;Campania;SA;L656;0;0;0,17;0;0;0;0;0;0
Sud;Campania;SA;L835;0;0;6;0;0;0;0;0;0
Sud;Campania;SA;L860;0;3;2;0;0;0;0;0;0
Sud;Campania;SA;M253;0;3;3,5;0;0;0;0;0;0
Sud;Campania;SA;M294;6;8;8,84;0;0;0;0,08;2;0
Sud;Molise;CB;A050;0;1;0;0;0;0;0;0;0
Sud;Molise;CB;A616;0;2;0,5;0;0;0;0;0;0
Sud;Molise;CB;A930;0;11;11;0;0;0;0;0;0
Sud;Molise;CB;A971;0;2;0;0;0;0;0;0;0
Sud;Molise;CB;B295;0;0;4;0;0;0;0;0;0
Sud;Molise;CB;B519;42,54;27,34;29,83;0;0;1;9;2;0
Sud;Molise;CB;B522;0;0;3;0;0;0;0;0;0
Sud;Molise;CB;B528;0;1;2;0;0;0;0;0;0
Sud;Molise;CB;B544;0;0;0;0;0;0;0;0;0,5
Sud;Molise;CB;B550;1;2;3,4;0;1;0;2;0;4,5
Sud;Molise;CB;B858;0;1;2;0;0;0;0;0;0
Sud;Molise;CB;B871;0;0;0;0;0;0;0;0;0
Sud;Molise;CB;C066;0;0;0,5;0;0;0;0;0;0
Sud;Molise;CB;C175;0;0;1;0;0;0;0;0;0
Sud;Molise;CB;C197;0;0,25;2;0;0;0;0;0;0
Sud;Molise;CB;C346;0;0,67;0;0;0;0;0;3;0
Sud;Molise;CB;C486;0;0;2,37;0;0;0;0;0;2,76
Sud;Molise;CB;C488;0;0;0;0;0;0;0;0;0
Sud;Molise;CB;C764;0;1;1;0;0;0;0;0;0
Sud;Molise;CB;C772;0;0;2;0;0;0;0;0;0
Sud;Molise;CB;C854;0;0;0;0;0;0;0;0;0
Sud;Molise;CB;C875;0;0,5;3;0;0;0;0;0;0
Sud;Molise;CB;D550;0;0;1,5;0;0;0;0;0;0
Sud;Molise;CB;D737;0;1;0;0;0;0;0;0;0
Sud;Molise;CB;D896;0;0;1,25;0;0;0;0;0;0
Sud;Molise;CB;E030;0;0;3;0;0;0;0;0;0
Sud;Molise;CB;E244;0;0;1;0;0;0;0;0;0
Sud;Molise;CB;E248;0;0;1;0;0;0;0;0;0
Sud;Molise;CB;E259;0;3;3,9;0;3;0;0;3;0
Sud;Molise;CB;E381;1;0;0;0;0;0;0;3;0
Sud;Molise;CB;E456;0;8,5;6;0;0;0;0;3;0
Sud;Molise;CB;E599;0;0;2;0;0;0;0;0;0
Sud;Molise;CB;E722;0;2;1;0;0;0;1;0;1,67
Sud;Molise;CB;E748;0;0;1;0;0;0;0;0;0
Sud;Molise;CB;E780;0;0;0;0;0;0;0;0;0
Sud;Molise;CB;E799;0;0;3,5;0;0;0;0;0;0
Sud;Molise;CB;F055;0;0;0;0;0;0;0;4;0
Sud;Molise;CB;F233;0;0,5;5,01;0;0;0;0;0;0
Sud;Molise;CB;F294;0;0;0;0;0;0;0;0;0
Sud;Molise;CB;F322;0;1;1;0;0;0;0;0;0
Sud;Molise;CB;F391;0;0;1;0;0;0;0;0;0
Sud;Molise;CB;F475;0;0;1;0;0;0;0;0;0
Sud;Molise;CB;F495;0;0;0;0;0;0;0;0;0
Sud;Molise;CB;F548;0;0;1;0;0;0;0;0;0
Sud;Molise;CB;F569;0;0;2;0;0;0;0;0;0
Sud;Molise;CB;F576;0;1;13,04;0;0;0;0;1;1
Sud;Molise;CB;F689;0;0;0;0;0;0;0;0;0
Sud;Molise;CB;F748;0;0;1;0;0;0;0;0;0
Sud;Molise;CB;G086;0;0;2,67;0;0;0;0;0;0
Sud;Molise;CB;G257;0;3,5;5;0;0;0;0;0;1
Sud;Molise;CB;G506;0;1;2,2;0;0;0;0;0;0
Sud;Molise;CB;G512;0;0;0;0;0;0;0;0;0
Sud;Molise;CB;G609;0;0;0;0;0;0;0;0;0
Sud;Molise;CB;G610;0;0;0;0;0;0;0;0;0
Sud;Molise;CB;G910;0;0;3;0;0;0;1;0;0
Sud;Molise;CB;H083;0;0;0;0;0;0;0;0;0
Sud;Molise;CB;H273;0;1,73;0,88;0;0;0;0;3;0
Sud;Molise;CB;H311;0;0;1;0;0;0;0;0;0
Sud;Molise;CB;H313;0;2;3;0;0;0;2,5;0;2
Sud;Molise;CB;H454;0;0;1;0;0;0;0;0;0
Sud;Molise;CB;H589;0;0;1;0;0;0;0;0;0
Sud;Molise;CB;H693;0;0;1;0;0;0;0;0;0
Sud;Molise;CB;H782;0;0;0;0;0;0;0;0;0
Sud;Molise;CB;H833;0;0;0;0;0;0;0;0;0
Sud;Molise;CB;H867;0;0;0,5;0;0;0;0;0;0
Sud;Molise;CB;H920;0;0;0;0;0;0;0;0;0
Sud;Molise;CB;H928;0;0;1;0;0;0;0;0;0
Sud;Molise;CB;H929;0;0;1;0;0;0;0;0;0
Sud;Molise;CB;H990;0;0;8,36;0;0;0;0;0;0
Sud;Molise;CB;I023;0;0;0,01;0;0;0;0;0;0
Sud;Molise;CB;I122;0;0;0;0;0;0;0;1;0
Sud;Molise;CB;I181;0;0;1,5;0;0;0;0;0;0
Sud;Molise;CB;I289;0;1;4;0;0;0;0;0;0
Sud;Molise;CB;I320;0;2;3;0;0;0;0;0;0
Sud;Molise;CB;I618;0;2;5;0;0;0;1;0;0
Sud;Molise;CB;I910;0;0;1;0;0;0;0;0;0
Sud;Molise;CB;L069;0;0;1;0;0;0;0;0;0
Sud;Molise;CB;L113;13;21,5;24,66;0;2,25;1;10,25;4;0,33
Sud;Molise;CB;L215;0;0;0;0;0;0;0;0;0
Sud;Molise;CB;L230;0;1;1;0;0;0;0;0;0
Sud;Molise;CB;L435;0;1;4,5;0;0;0;1;0;0
Sud;Molise;CB;L458;0;0;0;0;0;0;0;0;0
Sud;Molise;CB;L505;0;2;2;0;0;0;0;0;0
Sud;Molise;CB;M057;0;0;4;0;0;0;3;0;0
Sud;Molise;IS;A051;0;0;0;0;0;0;0;0;0
Sud;Molise;IS;A080;0;1;2,17;0;0;0;0;2;0
Sud;Molise;IS;A567;0;1;3,67;0;0;0;0;0;1
Sud;Molise;IS;A761;0;0;0;0;0;0;0;0;0
Sud;Molise;IS;B317;0;0;0;0;0;0;0;0;0
Sud;Molise;IS;B466;0;0;0;0;0;0;0;0;0
Sud;Molise;IS;B630;0;1;5;0;0;0;0;0;0
Sud;Molise;IS;B682;0;0,25;0;0;0;0;0;0;0
Sud;Molise;IS;B810;0;1;0,5;0;0;0;0;0;1
Sud;Molise;IS;B830;0;0;1;0;0;0;0;1;0
Sud;Molise;IS;C082;0;0;0;0;0;0;0;0;0
Sud;Molise;IS;C200;0;0;0;0;0;0;0;0;0
Sud;Molise;IS;C246;0;0;1,5;0;0;0;0;0;0
Sud;Molise;IS;C247;0;0;0;0;0;0;0;0;0
Sud;Molise;IS;C270;0;0;1;0;0;0;0;0;0
Sud;Molise;IS;C534;0;0;2;0;0;0;0;0;0
Sud;Molise;IS;C620;0;0;3;0;0;0;0;0;0
Sud;Molise;IS;C769;0;0;1;0;0;0;0;0;0
Sud;Molise;IS;C878;0;0,63;1;0;0;0;0;0;0
Sud;Molise;IS;C941;0;0;0;0;0;0;0;0;0
Sud;Molise;IS;D595;0;0;1;0;0;0;0;0;0
Sud;Molise;IS;D703;0;0,75;5;0;0;0;0;0;0
Sud;Molise;IS;D715;0;0;1,5;0;0;0;0;0;0
Sud;Molise;IS;D811;0;0,67;1,5;0;0;0;0;0;0
Sud;Molise;IS;E335;3;11,5;11,58;0;0;0;1;2;0
Sud;Molise;IS;E669;0;0;0,5;0;0;0;0;0;0
Sud;Molise;IS;E778;0;0;0;0;0;0;0;0;0
Sud;Molise;IS;E779;0;0;0;0;0;0;0;0;0
Sud;Molise;IS;F239;0;0;1;0;0;0;0;0;0
Sud;Molise;IS;F429;0;0;2;0;0;0;0;0;0
Sud;Molise;IS;F580;0;0;2;0;0;0;0;0;0
Sud;Molise;IS;F601;0;0;0;0;0;0;0;0;0
Sud;Molise;IS;G486;0;0;1;0;0;0;0;0;0
Sud;Molise;IS;G495;0;0;5;0;0;0;0;0;0
Sud;Molise;IS;G497;0;0;0;0;0;0;0;0;0,6
Sud;Molise;IS;G523;0;0;1;0;0;0;0;0;0
Sud;Molise;IS;G606;0;0;1;0;0;0;0;0;0
Sud;Molise;IS;G727;0;0;0;0;0;0;0;0;0
Sud;Molise;IS;G954;0;0;1;0;0;0;0;3;4
Sud;Molise;IS;H308;0;0;0;0;0;0;0;0;0
Sud;Molise;IS;H420;0;0;2,5;0;0;0;0;0;0
Sud;Molise;IS;H445;0;1;3;0;0;0;0;0;0
Sud;Molise;IS;H458;0;0;1;0;2,21;0;0;0;0
Sud;Molise;IS;I096;0;0;1;0;0;0;0;0;0
Sud;Molise;IS;I189;0;1;0;0;0;0;1;0;0
Sud;Molise;IS;I238;0;0;0;0;0;0;0;0;0
Sud;Molise;IS;I282;0;0;1;0;0;0;0;0;1
Sud;Molise;IS;I507;0;0;0;0;0;0;0;0;0
Sud;Molise;IS;I679;0;0;0,5;0;0;0;0;0;0
Sud;Molise;IS;I682;0;0;3;0;0;0;0;0;0
Sud;Molise;IS;L696;0;0;0;0;0;0;0;0;0
Sud;Molise;IS;L725;1;6,33;9;0;0;0;2;1;0
Sud;Puglia;BA;A048;7,75;18,75;30,91;0;1;0;0;7;0
Sud;Puglia;BA;A055;0;6;22,71;0;0;0;0;2;0
Sud;Puglia;BA;A149;0;15,75;7,75;0;0;0;0;1;0
Sud;Puglia;BA;A225;17,67;38,57;84,29;0;0;0;2;8;1
Sud;Puglia;BA;A285;4;45,3;81,58;0;0;0;0;21;0
Sud;Puglia;BA;A662;124;176,91;118,92;5;3;0;7;27,5;0
Sud;Puglia;BA;A669;13,06;58,01;53,7;0;0;1;1;16,33;3
Sud;Puglia;BA;A874;0;0;5;0;0;0;0;0;0
Sud;Puglia;BA;A883;6;25;45,58;0;0;0;0;23,01;0
Sud;Puglia;BA;A892;0;6;13,72;0;0;0;0;0;0
Sud;Puglia;BA;A893;3;24,03;37,95;0;0;0;6;2;3
Sud;Puglia;BA;A894;1;2;13,02;0;0;0;1;0;0
Sud;Puglia;BA;B619;0;23;29,66;0;0;0;2;3;0
Sud;Puglia;BA;B716;8;11;27,52;0;0;0;4;12;0
Sud;Puglia;BA;B923;0;6;16,83;0;0;0;9;2,03;0
Sud;Puglia;BA;B998;2;7,93;22,17;0;0;0;0;3;0
Sud;Puglia;BA;C134;2;20;39,17;0;0;0;1;2;0
Sud;Puglia;BA;C436;0;0;15;0;0;0;0;1;0
Sud;Puglia;BA;C975;2,33;18;31,83;0;0;0;0,34;4,05;2
Sud;Puglia;BA;C983;10;28,3;87,05;0;0;0;1;3,5;1
Sud;Puglia;BA;E038;2;14;47,64;0;0;0;0;3;4
Sud;Puglia;BA;E047;3;6;23,72;0;0;0;0;1;0
Sud;Puglia;BA;E155;3;23,52;66,42;0;0;0;0;5,5;0
Sud;Puglia;BA;E223;0;6;22,14;0;0;0;0;0;0
Sud;Puglia;BA;E645;0;10;7,78;0;0;0;0;1;0
Sud;Puglia;BA;F220;0;3;22,66;0;0;0;0;14;2
Sud;Puglia;BA;F262;9;11,33;25,02;0;0;0;5;29,5;0
Sud;Puglia;BA;F280;12;20;22,41;0;0;0;0;4;1
Sud;Puglia;BA;F284;19;44,83;53,99;0;0;0;3;7,8;1
Sud;Puglia;BA;F376;8;39,67;39,16;0;0;0;1;6;1
Sud;Puglia;BA;F915;6;12;25,78;0;0;0;0,5;1;4,94
Sud;Puglia;BA;F923;0;9;35,1;0;1;0;0;3;0
Sud;Puglia;BA;G291;6;5;29;0;0;0;1;3;0
Sud;Puglia;BA;G769;0;1;8,17;0;0;0;0;0;1
Sud;Puglia;BA;G787;2;13;19;0;0;0;0;2;0
Sud;Puglia;BA;H096;4;29,27;31,97;1;0;0;3,25;8;2
Sud;Puglia;BA;H643;5,75;9;15,91;0;0;0;2;5,17;0
Sud;Puglia;BA;H645;5;8,5;45,3;0;0;0;0;4,01;0,08
Sud;Puglia;BA;H749;1;7;8,33;0;0;0;1;0,02;0
Sud;Puglia;BA;I053;0;2;8;0;0;0;0;1;0
Sud;Puglia;BA;I330;2;18,33;41,73;0;0;0;0;1;3,67
Sud;Puglia;BA;I907;0;8,33;15,5;0;0;0;0;2;1,33
Sud;Puglia;BA;L109;8;8,5;35,11;0;0;0;1;7;2
Sud;Puglia;BA;L220;0;2;5,68;0;0;0;0;0;1
Sud;Puglia;BA;L328;8;31,5;69,79;0;1;0;2;6;0
Sud;Puglia;BA;L425;3;14;20,78;0;0;0;0;4;0
Sud;Puglia;BA;L472;0;4,83;26,67;0;0;0;0;7,13;1
Sud;Puglia;BA;L571;2;9,5;6,12;0;0;0;0;0;0
Sud;Puglia;BR;B180;21,11;45,97;33,56;0;0;0;5;23,5;0
Sud;Puglia;BR;B809;0;8,17;26,66;0;0;0;0;3;0
Sud;Puglia;BR;C424;0;11,9;34,4;0;0;0;0;0;1
Sud;Puglia;BR;C448;0;2;1;0;0;0;0;0;0
Sud;Puglia;BR;C741;1;8,55;12,44;0;0;0;0;0;0
Sud;Puglia;BR;D422;0;1;4;0;0;0;0;0;0
Sud;Puglia;BR;D508;15;32;40,22;0;0;0;31;3;0
Sud;Puglia;BR;D761;0;15,22;22,66;0;0;1;2;2;0
Sud;Puglia;BR;E471;4;8;7;0;0;0;0;1;0
Sud;Puglia;BR;F152;1;13;13,64;0;0;0;0;8;0
Sud;Puglia;BR;G098;0;2,67;16,55;0;0;0;0;1;0
Sud;Puglia;BR;G187;34,02;33,02;41,86;0;0;0;0;0;0
Sud;Puglia;BR;H822;0;3;8;0;0;0;0;0;0
Sud;Puglia;BR;I045;0;1;4,67;0;0;0;0;2;0
Sud;Puglia;BR;I066;0;2;5,94;0;0;0;0;0;2
Sud;Puglia;BR;I119;0;7;9,5;0;0;0;0;4;0
Sud;Puglia;BR;I396;2;12,55;17,24;0;0;0;0;2;0
Sud;Puglia;BR;L213;0;0,5;4;0;0;0;0;2;0
Sud;Puglia;BR;L280;0;2,33;7;0;0;0;0;5;0
Sud;Puglia;BR;L920;0;3;2;0;0;0;0;1;0
Sud;Puglia;FG;A015;0;1;5,5;0;0;0;0;0;0
Sud;Puglia;FG;A150;0;0;1;0;0;0;0;0;0
Sud;Puglia;FG;A320;0;0;0;0;0;0;0;0;0
Sud;Puglia;FG;A339;1;7,5;12,84;0;0;0;4;13;1
Sud;Puglia;FG;A463;0;1;13,22;0;0;0;0;1;1
Sud;Puglia;FG;A854;0;0;7,33;0;0;0;0;1;0
Sud;Puglia;FG;B104;0;1;6;0;0;0;0;0;0,25
Sud;Puglia;FG;B357;0;1;11;0;0;0;0;0;0
Sud;Puglia;FG;B584;0;0;11,2;0;0;0;0;0;1
Sud;Puglia;FG;B724;0;22;11,16;0;0;0;0;0;0
Sud;Puglia;FG;B784;0;0;0;0;0;0;0;0;0
Sud;Puglia;FG;B829;0;1;7;0;0;0;1;0;0
Sud;Puglia;FG;B904;0;0;2;0;0;0;1;0;0
Sud;Puglia;FG;B915;0;3,5;9,28;0;0;0;0;0;0
Sud;Puglia;FG;B917;0;0;2;0;0;0;0;0;0
Sud;Puglia;FG;C198;0;0;2;0;0;0;0;0;0
Sud;Puglia;FG;C202;0;0;2;0;0;0;0;1;0
Sud;Puglia;FG;C222;1;0;1;0;0;0;0;0;0
Sud;Puglia;FG;C429;0;0;0;0;0;0;0;0;0
Sud;Puglia;FG;C442;0;0;0;0;0;0;0;0;0
Sud;Puglia;FG;C514;12;26,61;58,23;0;0;0;0;8;0,22
Sud;Puglia;FG;C633;0;0;3;0;0;0;0;0;0
Sud;Puglia;FG;D269;0;1;9;0;0;0;0;0;0
Sud;Puglia;FG;D459;0;0;0;0;0;0;0;0;0
Sud;Puglia;FG;D643;137,88;116,72;84,57;1;0;0;10;26,33;5,25
Sud;Puglia;FG;E332;0;1;2;0;0;0;0;1;0
Sud;Puglia;FG;E363;0;0;0;0;0,02;0;0;0;0
Sud;Puglia;FG;E549;0;3;7;0;0;0;0;0;1
Sud;Puglia;FG;E716;7;19,67;43,31;0;0;0;0;0;0
Sud;Puglia;FG;E885;13;20,16;52,59;0;1;0;0,25;5;2
Sud;Puglia;FG;E946;0;7;7;0;0;0;0;0,4;0
Sud;Puglia;FG;F059;0,11;5;11,5;0;1;0;0;0;0
Sud;Puglia;FG;F538;0;0;2;0;0;0;0;0;0
Sud;Puglia;FG;F631;1;3;13,8;0;0;0;0;0;2
Sud;Puglia;FG;F777;0;0;1;0;0;0;0;0;0
Sud;Puglia;FG;G125;0;1;1;0;0;0;0;0;0
Sud;Puglia;FG;G131;0;8,73;15;0;0;0;0;5;0
Sud;Puglia;FG;G312;0;0;5,25;0;0;0;0;0;0
Sud;Puglia;FG;G487;0;3;11;0;5,05;0;0;0;0
Sud;Puglia;FG;G604;0;0;3;0;0;0;0;0;0
Sud;Puglia;FG;G761;2;0;3,5;0;0;0;0;1;0
Sud;Puglia;FG;H287;0;0;1;0;0;0;0;0;0
Sud;Puglia;FG;H467;0;1;6,13;0;0;0;0;0;0
Sud;Puglia;FG;H480;0;2;4,03;0;0;1;0;0;0
Sud;Puglia;FG;H568;0;1;4,69;0;0;0;0;0;0
Sud;Puglia;FG;H839;2;8;10;0;0;0;0;2;0
Sud;Puglia;FG;H926;3,16;19;39,67;0;0;0;1;2,2;2
Sud;Puglia;FG;H985;0;5;17,63;0;0;0;0;0;0
Sud;Puglia;FG;H986;0;0;1;0;0;0;0;0;0
Sud;Puglia;FG;I054;1;7,5;28,68;0;0;0;0;0;0
Sud;Puglia;FG;I072;0;1,33;5,5;0;0;0;0;0;1
Sud;Puglia;FG;I158;14;30,46;64,08;0;0;2;2;4;1
Sud;Puglia;FG;I193;0;0;3,66;0;0;0;0;0;0
Sud;Puglia;FG;I641;1;2;8,5;0;0;0;0;1;0
Sud;Puglia;FG;I962;1;2;5;0;0;0;0;5;0
Sud;Puglia;FG;I963;0;2;11;0;0;0;0;0;0
Sud;Puglia;FG;L273;0;4,33;31,08;0;0;1;0;1;0,67
Sud;Puglia;FG;L447;0;2;4,91;0;0;0;0;0;1
Sud;Puglia;FG;L842;0;10;13;0;0;0;0;1;0
Sud;Puglia;FG;L858;2;8,5;7,17;0;0;0;0;1;0
Sud;Puglia;FG;M131;0;0;1;0;0;0;0;0;0
Sud;Puglia;FG;M132;0;1;6;0;0;0;0;0;0
Sud;Puglia;FG;M266;0;2;9,14;0;0;0;0;2;0,07
Sud;Puglia;FG;M267;0;1;7;0;0;0;0;0;0
Sud;Puglia;LE;A042;0;2;4,5;0;0;0;0;0;0
Sud;Puglia;LE;A184;0;5,13;6,46;0;0;0;0;0;0
Sud;Puglia;LE;A185;1;7,5;16;0;0;0;0;0;0
Sud;Puglia;LE;A208;0;0;3;0;0;0;0;0;0
Sud;Puglia;LE;A281;0;4;1;0;0;0;0;0;0
Sud;Puglia;LE;A350;0;7;8;0;0;0;0;0;0
Sud;Puglia;LE;A425;0;0;1;0;0;0;0;0;0
Sud;Puglia;LE;A572;0;0;2;0;0;0;0;0;0
Sud;Puglia;LE;B086;0;3;1;0;0;0;0;1;0
Sud;Puglia;LE;B413;0;2;6,25;0;0;0;0;0;0
Sud;Puglia;LE;B506;2;4;5;0;0;0;0;0;0
Sud;Puglia;LE;B616;0;0;1;0;0;0;0;0;0
Sud;Puglia;LE;B690;0;0;1;0;0;0;0;1;0
Sud;Puglia;LE;B792;0;1;4,17;0;0;0;0;0;0
Sud;Puglia;LE;B822;0;0;1;0;0;0;1;0;0
Sud;Puglia;LE;B936;4;17,18;17,22;2,01;0;0;1;3;0
Sud;Puglia;LE;C334;0;1;2,5;0;0;0;0;1;0
Sud;Puglia;LE;C335;0;2;4,36;0;0;0;0;0;0
Sud;Puglia;LE;C336;0;0;10,3;0;0;0;0;0;0
Sud;Puglia;LE;C377;0;1,5;12,11;0;0;1;1;3;0
Sud;Puglia;LE;C865;0;1;3;0;0;0;0;1;0
Sud;Puglia;LE;C978;3;19,17;11,5;0;0;1;1;4;0
Sud;Puglia;LE;D006;0;4;12,08;0;0;1;0;0;0
Sud;Puglia;LE;D044;0;1;4;0;0;0;0;0;0
Sud;Puglia;LE;D223;0;1;2,33;0;0;0;0;1;0
Sud;Puglia;LE;D237;0;6,7;14,6;1;0;0;0;1;0
Sud;Puglia;LE;D305;0;0,67;1,5;0;0;0;0;0;0
Sud;Puglia;LE;D851;0;1;3,11;0;0;0;0;0;0
Sud;Puglia;LE;D862;3,84;6;28,32;0;0;0;0;2;0
Sud;Puglia;LE;D863;1;6;12,38;0;0;0;0;5;0
Sud;Puglia;LE;D883;1;17,33;11,88;0;1;0;0;2;0
Sud;Puglia;LE;E053;0;0;2;0;0;0;0;0;0
Sud;Puglia;LE;E061;0;0;2;0;0;0;0;0;0
Sud;Puglia;LE;E227;0;2;6;0;0;0;0;0;0
Sud;Puglia;LE;E506;77;87,8;75,85;2;5,83;0;2;13,1;0
Sud;Puglia;LE;E538;1;6;8,84;0;0;0;0;0;1
Sud;Puglia;LE;E563;1;7;11,67;0;0;0;0;0;0
Sud;Puglia;LE;E629;1;1;4,1;0;0;0;0;2;0
Sud;Puglia;LE;E815;2;5,68;10;0;0;0;0;0;0
Sud;Puglia;LE;E979;0;3;4;0;0;1;0;0;0
Sud;Puglia;LE;E984;0;0;1;0;0;0;0;0;0
Sud;Puglia;LE;F054;1;9;12;0;0;0;2;1;0
Sud;Puglia;LE;F101;0;10,5;7,18;0;0;0;0;2;0
Sud;Puglia;LE;F109;1;0;2;0;0;0;0;0;0
Sud;Puglia;LE;F117;2;1,72;0;0;0;0;0;0;0
Sud;Puglia;LE;F194;0;1;0;0;0;0;0;0;0
Sud;Puglia;LE;F221;0;1;5;0;0;0;0;0;0
Sud;Puglia;LE;F604;1,22;6;9;0;0;0;2;1;0
Sud;Puglia;LE;F623;0;0;0;0;0;0;0;1;0
Sud;Puglia;LE;F716;0;2;1;0;0;0;0;0;0
Sud;Puglia;LE;F816;0;0;1,73;0;0;0;0;3;0
Sud;Puglia;LE;F842;6;19,5;23,72;0;1,02;0;0;6;1
Sud;Puglia;LE;F881;0;3;2;0;0;0;0;1;0
Sud;Puglia;LE;F916;0;1;1;0;0;0;0;0;0
Sud;Puglia;LE;F970;0;2,8;7,28;0;0;0;0;3;0
Sud;Puglia;LE;G136;0;0;1;0;0;0;0;0;0
Sud;Puglia;LE;G188;0;4,52;3,01;0;0;0;0;2,01;0
Sud;Puglia;LE;G285;0;1;2;0;0;0;0;0;0
Sud;Puglia;LE;G325;0;2;3,5;0;0;0;0;0;0
Sud;Puglia;LE;G378;0;0;2;0;0;0;0;0;0
Sud;Puglia;LE;G751;1;1;9;0;0;0;0;1;0
Sud;Puglia;LE;H047;0;1;3;0;0,24;0;0;2;0
Sud;Puglia;LE;H147;0;6;7;0;0;0;0;2;0
Sud;Puglia;LE;H632;1;1,52;9,02;0;0;0;0;2;0
Sud;Puglia;LE;H708;0;1;6,2;0;0;0;0;0;0
Sud;Puglia;LE;H729;0;7;6,67;0;0;0;1;0;0
Sud;Puglia;LE;H757;0;0;2;0;0;0;0;0;0
Sud;Puglia;LE;H793;0;1;6;0;0;0;0;0;0
Sud;Puglia;LE;H826;0;2;5,11;0;0;0;0;0;0
Sud;Puglia;LE;I059;0;1,33;8;0;0;0;0;0;0
Sud;Puglia;LE;I115;0;0;2;0;0;0;0;0;0
Sud;Puglia;LE;I172;0;2;3;0;0;0;0;2;0
Sud;Puglia;LE;I549;0;2;1,75;0;0;0;0;0;0
Sud;Puglia;LE;I559;0;1;1;0;0;0;0;0;0
Sud;Puglia;LE;I780;1;1;5,67;0;0;0;0;0;0
Sud;Puglia;LE;I800;0;1;3,5;0;0;0;0;0;0
Sud;Puglia;LE;I887;0;13;13;0;0;0;0;1;0
Sud;Puglia;LE;I923;0;1,03;0,03;0;0;0;0;0;0
Sud;Puglia;LE;I930;3;1,5;5,72;0;0;0;0;1;0
Sud;Puglia;LE;I950;0;0;0;0;0;0;0;0;0
Sud;Puglia;LE;L008;0;0;2;0;0;0;0;4;0
Sud;Puglia;LE;L010;0;0;0;0;0;0;0;5;0
Sud;Puglia;LE;L011;0;2;6;0;0;0;0;4;0
Sud;Puglia;LE;L064;0;1;13;0;0;1;0;2;0
Sud;Puglia;LE;L074;0;5;13,86;0;0;0;0;0;0
Sud;Puglia;LE;L166;0;0;0;0;0;0;0;0;0
Sud;Puglia;LE;L383;1;3;6;0;0;0;0;0;0
Sud;Puglia;LE;L419;2;15,94;16,75;0;1;0;1;0;0
Sud;Puglia;LE;L462;0;4,33;10,33;0;0;0;0;0;0
Sud;Puglia;LE;L484;0;5;17,26;0;0,08;0;0;9;0
Sud;Puglia;LE;L485;1;0;7;0;0;0;0;1;0
Sud;Puglia;LE;L711;0;8;7;0;0;0;0;0;0
Sud;Puglia;LE;L776;0;0;3,83;0;0;0;0;1;0
Sud;Puglia;LE;M187;0;0;2;0;0;0;0;2;0
Sud;Puglia;LE;M261;0;1;1;0;0;0;0;0;0
Sud;Puglia;LE;M263;0;6,16;8,03;0;0,5;0;0;1;0
Sud;Puglia;LE;M264;0;0;0;0;0;0;0;0;0
Sud;Puglia;TA;A514;0;0;4;0;0;0;0;0;0
Sud;Puglia;TA;B808;1;2,67;2,58;0;0;0;0;1;0
Sud;Puglia;TA;C136;3;13;30,96;0;0;0;1;4,75;2
Sud;Puglia;TA;D171;0;8,75;27,37;0;0;0;0;0;0
Sud;Puglia;TA;D463;1;1;6;0;0;0;0;14;0
Sud;Puglia;TA;D754;1;8;3;0;0;0;0;0;0
Sud;Puglia;TA;E036;2;12,5;30,53;0;0;0;0;0;1
Sud;Puglia;TA;E205;4,5;17;21;0;0;0;1;2;1
Sud;Puglia;TA;E469;0;10;33,86;0;0;0;0;6;3
Sud;Puglia;TA;E537;0;1;1;0;0;0;0;2;0
Sud;Puglia;TA;E630;0;2;8;0;0;0;0;0;0
Sud;Puglia;TA;E882;0;9,42;14,33;0;1;0;0;5;0
Sud;Puglia;TA;E986;1;20,17;30,2;0;1;0;0;2,83;0
Sud;Puglia;TA;E995;0;1;4,17;0;0;0;0;2;0
Sud;Puglia;TA;F027;0;21,5;35,67;0;0;0;0;10;1
Sud;Puglia;TA;F531;0;1;3,67;0;0;0;0;0;0
Sud;Puglia;TA;F563;0;1;3,17;0;0;0;0;0;0
Sud;Puglia;TA;F587;0;0;1;0;0;0;0;0;0
Sud;Puglia;TA;F784;0;2,83;14;0;1;0;0;0;2,83
Sud;Puglia;TA;G251;1;1;3,92;0;0;0;0;5;0
Sud;Puglia;TA;G252;0;4;20,32;0;0;0;0;3;1
Sud;Puglia;TA;H090;1;2;10,5;0;0;0;0;0;0
Sud;Puglia;TA;H409;0;0;1;0;0;0;0;0;0
Sud;Puglia;TA;H882;2;11;12,36;0;0;0;4;0,25;0
Sud;Puglia;TA;I018;0;4;13,11;0;0;0;0;0;0
Sud;Puglia;TA;I467;0;6;14,79;0;0;0;0;0;0
Sud;Puglia;TA;L049;31,01;110,33;64,46;1;0;1;7;13;0
Sud;Puglia;TA;L294;1;3;7;0;0;0;4;1;0
Sud;Puglia;TA;M298;0;6;4;0;0;0;0;1;0
Isole;Sardegna;CA;A359;0;2;5;0;0;0;0;0;1
Isole;Sardegna;CA;A419;0;0;0;0;0;0;0;0;0
Isole;Sardegna;CA;A474;4;7,89;9,59;0;0;0;0;0;0
Isole;Sardegna;CA;A597;0;0;0;0;0;0;0;0;0
Isole;Sardegna;CA;A677;0;0;0,5;0;0;0;0;0;0
Isole;Sardegna;CA;A681;0;0;0;0;0;0;0;0;0
Isole;Sardegna;CA;B250;0;0;0,33;0;0;0;0;0;0
Isole;Sardegna;CA;B274;0;1;2;0;0;0;0;0;0
Isole;Sardegna;CA;B354;64,12;126,22;60,21;0;0;2;10,17;13;0
Isole;Sardegna;CA;B383;1;3,5;6;0;0;1;0;0;0
Isole;Sardegna;CA;B675;16;6;4,34;0;0;0;0;0;0
Isole;Sardegna;CA;B738;3,03;3;2;0;1;0;0;0,33;0
Isole;Sardegna;CA;B745;4;12,25;8,47;0;0;0;5;1;1
Isole;Sardegna;CA;B789;2;3;3;0;0;0;1;1;0
Isole;Sardegna;CA;C882;0;0;1;0;0;0;0;0;0
Isole;Sardegna;CA;D259;1;1;7,5;0;0;0;0;0;0
Isole;Sardegna;CA;D260;0;0;0;0;0;0;0;0;1
Isole;Sardegna;CA;D323;5;1,83;3,2;0;0;0;0;0;0
Isole;Sardegna;CA;D333;0;1;4,5;0;0;0;0;0;0
Isole;Sardegna;CA;D334;0;2;0,46;0;0;0;0;0;0
Isole;Sardegna;CA;D344;0;0;2;0;0;0;0;0;1
Isole;Sardegna;CA;D399;1;3,25;4,25;0;0;0;6;3;0
Isole;Sardegna;CA;D639;0;0;0;0;0;0;0;0;0
Isole;Sardegna;CA;D827;0;0;2,13;0;0;0;0;0;0
Isole;Sardegna;CA;D970;0;0,33;0;0;0;0;0;0;0
Isole;Sardegna;CA;D994;0;0;0;0;0;0;0;0;0
Isole;Sardegna;CA;D997;0;0;1;0;0;0;0;0;0
Isole;Sardegna;CA;E022;0;0;1;0;0;0;0;0;0
Isole;Sardegna;CA;E084;0;0;0;0;0;0;0;0;0
Isole;Sardegna;CA;E085;0,5;2,25;6;0;0;0;0;0;0
Isole;Sardegna;CA;E086;0;2;4;0;0;0;1;0;0
Isole;Sardegna;CA;E234;0;1;0;0;0;0;0;0;0
Isole;Sardegna;CA;E252;0;1;1;0;0;0;0;0;0
Isole;Sardegna;CA;E270;2;5,75;5;0;0;0;0;0;0
Isole;Sardegna;CA;E281;8;16;14,22;0;2;0;0;3;0
Isole;Sardegna;CA;E464;0;1;0;0;0;0;0;0;0
Isole;Sardegna;CA;E742;0;0;0;0;0;0;0;0;0
Isole;Sardegna;CA;E877;2;1;2,25;0;0;0;0;0;0
Isole;Sardegna;CA;E903;0;0;3,56;0;0;0;0;1;0
Isole;Sardegna;CA;F333;0;2;1;0;0;0;2;0;0
Isole;Sardegna;CA;F383;3;6;1;0;0;0;0;0;0
Isole;Sardegna;CA;F808;0;3;4;0;1;0;0;0;0
Isole;Sardegna;CA;F822;0;0;2;0;0;0;0;0;0
Isole;Sardegna;CA;F841;0;0;0;0;0;0;0;0;0
Isole;Sardegna;CA;F983;1;1;0;0;0;0;0;0;0
Isole;Sardegna;CA;F991;0;1;3;0;0;0;0;0;0
Isole;Sardegna;CA;G133;0;0;0;0;0;0;0;0;0
Isole;Sardegna;CA;G207;0;0;0;0;0;0;0;0;0
Isole;Sardegna;CA;G287;0;4;1;0;0;0;1;0;2
Isole;Sardegna;CA;G382;0;0;0;0;0;0;0;0;0
Isole;Sardegna;CA;G383;0;0;0;0;0;0;0;0;0
Isole;Sardegna;CA;G446;0;0;0,5;0;0;0;0;0;0
Isole;Sardegna;CA;G669;0;0;0;0;0;0;0;0;0
Isole;Sardegna;CA;G922;0;3,02;1;0;0;0;0;0;0
Isole;Sardegna;CA;H088;5;2;12,5;0;0;0;1;0;2
Isole;Sardegna;CA;H118;14,33;29,06;24,5;0;1;0;0;2;0
Isole;Sardegna;CA;H119;2;2;7;0;0;0;1;1;0
Isole;Sardegna;CA;H738;0;2,22;0;0;0;0;0;0;0
Isole;Sardegna;CA;H739;0;0;0;0;0;0;0;0;0,66
Isole;Sardegna;CA;H766;0;0;0;0;0;0;0;0;0
Isole;Sardegna;CA;H856;0;2,25;1,96;0;0;0;0;0;0
Isole;Sardegna;CA;H974;2;1,67;4;0;0;0;1;0;0
Isole;Sardegna;CA;I118;1;1;1,8;0;0;0;0;0;0
Isole;Sardegna;CA;I166;2;3;3;0;0;0;1;0;2
Isole;Sardegna;CA;I182;0;1;1;0;0;0;0;0;0
Isole;Sardegna;CA;I271;0;0;1;0;0;0;0;0;0
Isole;Sardegna;CA;I294;0;7;10;0;0;0;1;3;0
Isole;Sardegna;CA;I402;0;1;1;0;0;0;0;0;0
Isole;Sardegna;CA;I428;0;0;1;0;0;0;0;0;0
Isole;Sardegna;CA;I443;0;3,83;3,5;0;0;0;0;1;0
Isole;Sardegna;CA;I570;0;0;0;0;0;0;0;0;0
Isole;Sardegna;CA;I580;10,5;10,5;17;0;0;1;2;1;0
Isole;Sardegna;CA;I582;0;1;1;0;0;0;0;0;0
Isole;Sardegna;CA;I615;1;5,89;1;0;0;0;0;0;0
Isole;Sardegna;CA;I624;0;2;3,83;0;0;0;0;0;0
Isole;Sardegna;CA;I647;0;3;3;0;0;0;0;0;0
Isole;Sardegna;CA;I667;0;0;1,75;0;0;0;0;0;0
Isole;Sardegna;CA;I695;7;8,25;11,24;0;0;0;8;1,01;9
Isole;Sardegna;CA;I699;0;1;5;0;1;0;1;0;0
Isole;Sardegna;CA;I705;0;0;0;0;0;0;0;0;0
Isole;Sardegna;CA;I724;1;0;0;0;0;0;0;0;0
Isole;Sardegna;CA;I734;0;0;0;0;0;0;1;0;1
Isole;Sardegna;CA;I735;0;0;0;0;0;0;0;0;0
Isole;Sardegna;CA;I752;6;3,79;3;0;0;0;0;2;0
Isole;Sardegna;CA;I765;0;0;0;0;0;0;0;0;0
Isole;Sardegna;CA;I797;0;0;0;0;0;0;0;0;0
Isole;Sardegna;CA;I995;0;0;0;0;0;0;0;0;0
Isole;Sardegna;CA;L154;0;0;2;0;0;0;0;0;0
Isole;Sardegna;CA;L337;0;0;0;0;0;0;0;0;0
Isole;Sardegna;CA;L463;0;0,85;1;0;0;0;0;0;0
Isole;Sardegna;CA;L473;0;0;1;0;0;0;0;0;0
Isole;Sardegna;CA;L512;0;0;2;0;0;0;0;0;0
Isole;Sardegna;CA;L513;0;0;0;0;0;0;0;0;0
Isole;Sardegna;CA;L521;0;3;6,5;0;0;0;1;2;0
Isole;Sardegna;CA;L613;0;0;0;0;1;0;0;0;0
Isole;Sardegna;CA;L924;0;2;5;0;0;0;0;3;0
Isole;Sardegna;CA;L966;0;1;1;0;0;0;0;0;0
Isole;Sardegna;CA;L968;0;0;4;0;0;1;0;0;1
Isole;Sardegna;CA;L986;0;0;0;0;0;0;0;0;0
Isole;Sardegna;CA;L987;0;0;0;0;0;0;0;0;0
Isole;Sardegna;CA;L998;2;1;0;0;0;0;0;0;0
Isole;Sardegna;CA;M016;0;0;1,78;0;0;0;0;0;0
Isole;Sardegna;CA;M025;0;0;1;0;0;0;0;2;0
Isole;Sardegna;CA;M026;0;0;2;0;0;0;0;0;14
Isole;Sardegna;CA;M209;0;3;0;0;0;0;0;0;0
Isole;Sardegna;CA;M270;0;1;2;0;0;0;0;0;0
Isole;Sardegna;CA;M278;0;0;0;0;0;0;0;0;0
Isole;Sardegna;CA;M288;0;1;1;0;0;0;0;0;0
Isole;Sardegna;CA;M291;0;0,33;0;0;0;0;0;0;0
Isole;Sardegna;NU;A355;4;4,17;13,5;0;0;0;0;0;0
Isole;Sardegna;NU;A407;0;0;1;0;0;0;0;0;0
Isole;Sardegna;NU;A454;0;0;0;0;0;0;0;0;0
Isole;Sardegna;NU;A492;0;0;0;0;0;0;0;0;0
Isole;Sardegna;NU;A503;0;0;1;0;0;0;0;0;0
Isole;Sardegna;NU;A663;1;0;3;0;0;0;0;0;0
Isole;Sardegna;NU;A722;0;0;2;0;0,2;0;0;0;0
Isole;Sardegna;NU;A776;0;1;0;0;0;0;0;0;0
Isole;Sardegna;NU;A880;0;0;1;0;0;0;0;0;0
Isole;Sardegna;NU;A895;0;0;0,5;0;0;0;0;1;1
Isole;Sardegna;NU;A948;0,25;1,5;1;0;0;0;0;0;1
Isole;Sardegna;NU;B056;0;1;2;0;0;0;0;0;1
Isole;Sardegna;NU;B062;0;1;1;0;0;0;0;0;0
Isole;Sardegna;NU;B068;0;2;7,5;0;1;0;0;0;0
Isole;Sardegna;NU;B248;13,67;8;7;0;0;0;0;0;0
Isole;Sardegna;NU;D287;0;2;0;0;0;0;0;0;0
Isole;Sardegna;NU;D345;0;2;4;0;0;0;0;0;0
Isole;Sardegna;NU;D376;0;0;0;0;0;0;0;0;0
Isole;Sardegna;NU;D395;0;0;0;0;0;0;0;0;0
Isole;Sardegna;NU;D430;0;0;2;0;0;0;0;0;0
Isole;Sardegna;NU;D431;0;0;0;0;0;0;0;0;0
Isole;Sardegna;NU;D443;0;0;0;0;0;0;0;0;0
Isole;Sardegna;NU;D640;0;0;2;0;0;0;0;0;0
Isole;Sardegna;NU;D665;0;1;2;0;0;0;0;0;1
Isole;Sardegna;NU;D842;0;0;1;0;0;0;0;0;0
Isole;Sardegna;NU;D859;0;0;0;0;0;0;0;0;0
Isole;Sardegna;NU;D888;0;0;1;0;0;0;0;0;0
Isole;Sardegna;NU;D947;0;0;1;0;0;0;0;2;1
Isole;Sardegna;NU;D968;0;0;0;0;0;0;0;0;0
Isole;Sardegna;NU;D982;0;0;0;0;0;0;0;0;0
Isole;Sardegna;NU;E049;0;0;1;0;0;0;0;0;0
Isole;Sardegna;NU;E283;0;0;0;0;0;0;0;0;0
Isole;Sardegna;NU;E323;0;0;0;0;0;0;0;0;0,33
Isole;Sardegna;NU;E336;2;1,75;1;0;0;0;0;3;0
Isole;Sardegna;NU;E387;0;3;4;0;0;0;1;0;0
Isole;Sardegna;NU;E400;0;0;0;0;0;0;0;0;0
Isole;Sardegna;NU;E441;0;3;4;2;0;0;0;0;0
Isole;Sardegna;NU;E517;0;0;1;0;0;0;0;0;0
Isole;Sardegna;NU;E644;0;0;1;0;0;0;0;0;0
Isole;Sardegna;NU;E646;0;0;0;0;0;0;0;0;0
Isole;Sardegna;NU;E647;0;0;0;0;0;0;0;0;0
Isole;Sardegna;NU;E649;0;0;0;0;0;0;0;0;0
Isole;Sardegna;NU;E700;0;1;0;1;0;0;0;1;0
Isole;Sardegna;NU;E736;0;0;0;0;0;0;0;0;0
Isole;Sardegna;NU;E788;1;3;3,18;0;0;0;0;2;0
Isole;Sardegna;NU;E825;0;0;1;0;0;0;1;0;0
Isole;Sardegna;NU;E874;0;1;0;0;0;0;0;0;0
Isole;Sardegna;NU;F073;0;0;2;0;0;0;0;0;0
Isole;Sardegna;NU;F261;0;0;0;0;0;0;0;0;0
Isole;Sardegna;NU;F698;0;0;0;0;0;0;0;0;4
Isole;Sardegna;NU;F933;0;0;1;0;0;0;0;0;0
Isole;Sardegna;NU;F979;10,75;17;18,83;0;0;0;1;0;2
Isole;Sardegna;NU;F981;0;0;0;0;0;0;0;0;0
Isole;Sardegna;NU;F982;0;0;0;0;0;0;0;0;0
Isole;Sardegna;NU;F986;0;1;1;0;0;0;0;1;1
Isole;Sardegna;NU;G031;0;0;0;0;0;0;0;1;0
Isole;Sardegna;NU;G044;0;0;0;0;0;0;0;0;0
Isole;Sardegna;NU;G058;0;0;0;0;0;0;0;0;0
Isole;Sardegna;NU;G064;0;0;0;0;0;0;0;0;0
Isole;Sardegna;NU;G070;0;0;0;0;0;0;0;0;0
Isole;Sardegna;NU;G071;0;0;2;0;0;0;0;0;0
Isole;Sardegna;NU;G084;0;0,44;3;0;0;0;0;0;0
Isole;Sardegna;NU;G097;0;1;0;0;0;0;0;0;0
Isole;Sardegna;NU;G119;0;3;7;0;0;0;0;1;0,86
Isole;Sardegna;NU;G120;0;0;1;0;0;0;0;1;0
Isole;Sardegna;NU;G122;0;0;0;0;0;0;0;0;0
Isole;Sardegna;NU;G146;0;0;0;0;0;0;0;0;0
Isole;Sardegna;NU;G147;0;0,5;1;0;0;0;0;0;1
Isole;Sardegna;NU;G154;0;0;0;0;0;0;0;0;0
Isole;Sardegna;NU;G158;0;0;0;0;0;0;0;0;0
Isole;Sardegna;NU;G191;0;0;1;0;0;0;0;0;0
Isole;Sardegna;NU;G201;0;3;0;0;0;0;0;0;0
Isole;Sardegna;NU;G445;0;0;0;0;0;0;0;0;0
Isole;Sardegna;NU;G929;0;0;5,83;0;1;0;0;0;0
Isole;Sardegna;NU;H659;1;1;0;0;0;0;0;0;0
Isole;Sardegna;NU;H661;0;1;0;0;0;0;0;0;0
Isole;Sardegna;NU;I329;2;8;6,5;0;0,42;0;1;0;0
Isole;Sardegna;NU;I448;0;0;0;0;0;0;0;0;1
Isole;Sardegna;NU;I668;0;0;0;0;0;0;0;0;0
Isole;Sardegna;NU;I706;0;0;1;0;0;0;0;0;0
Isole;Sardegna;NU;I707;0;0;1;0;0;0;0;0;0
Isole;Sardegna;NU;I730;0;0;1;0;0;0;0;0;0
Isole;Sardegna;NU;I748;0;0;0;0;0;0;0;0;2
Isole;Sardegna;NU;I751;1;2;8;0;0;0;0;0;0
Isole;Sardegna;NU;I851;0;1;0;0;0;0;1;0;0
Isole;Sardegna;NU;L006;0;0;0,75;0;0;0;0;0;0
Isole;Sardegna;NU;L036;0;0;0;0;0;0;0;0;0
Isole;Sardegna;NU;L140;0;0;1,03;0;0;0;0;0;0
Isole;Sardegna;NU;L153;0;0;0;0;0;0;0;0;0
Isole;Sardegna;NU;L160;0;0;0;0;0;0;0;0;0
Isole;Sardegna;NU;L172;0;0;1;0;0;0;0;0;0
Isole;Sardegna;NU;L202;0;0;0;0;0;0;0;0;2
Isole;Sardegna;NU;L231;0;0;0;0;0;0;0;0;0
Isole;Sardegna;NU;L423;0;0;0;0;0;0;0;0;0
Isole;Sardegna;NU;L489;0;0;0;0;0;0;0;0;0
Isole;Sardegna;NU;L506;0;1;0;0;0;0;0;0;0
Isole;Sardegna;NU;L514;0;1;0;0;0;0;0;0;0
Isole;Sardegna;NU;L953;0;0;0;0;0;0;0;0;0
Isole;Sardegna;NU;L992;0;0;0;0;0;0;0;0;0
Isole;Sardegna;NU;M285;0;0;0;0;0;0;0;0;0
Isole;Sardegna;OR;A007;0;1;1;0;0;0;2;0;0
Isole;Sardegna;OR;A097;1;0;0;0;0;0;0;0;0
Isole;Sardegna;OR;A126;0;0;0;0;0;0;0;0;0
Isole;Sardegna;OR;A180;0;0;0;0;0;0;0;0;0
Isole;Sardegna;OR;A204;0;0;1;0;0;0;0;0;0
Isole;Sardegna;OR;A357;1;2;2;0;0;0;1,5;3,5;3,5
Isole;Sardegna;OR;A368;0;1;0;0;0;0;0;0;0
Isole;Sardegna;OR;A380;0;1;0;0;0;0;0;0;0
Isole;Sardegna;OR;A477;0;0;0;0;0;0;0;0;0
Isole;Sardegna;OR;A480;0;0;0;0;0;0;0;0;0
Isole;Sardegna;OR;A609;0;0;0;0;0;0;0;0;0
Isole;Sardegna;OR;A614;0;0;0;0;0;0;0;0;0
Isole;Sardegna;OR;A621;0;1;0;0;0;0;0;0;0
Isole;Sardegna;OR;A655;0;0;0;0;0;0;0;1;0
Isole;Sardegna;OR;A721;0;0;0;0;0;0;0;0;0
Isole;Sardegna;OR;A856;0;0;0;0;0;0;0;0;0
Isole;Sardegna;OR;A960;0;0;0;0;0;0;0;0;0
Isole;Sardegna;OR;B055;0;0;0;0;0;0;0;0;0
Isole;Sardegna;OR;B281;0;0,5;0;0;0;0;0;0;0,56
Isole;Sardegna;OR;B314;0;3;1,17;0;0;0;0;0;0
Isole;Sardegna;OR;D200;0;3;2;0;0;0;1;0;0
Isole;Sardegna;OR;D214;0;0;0;0;0;0;0;0;0
Isole;Sardegna;OR;D585;0;0;0;0;0;0;0;0;0
Isole;Sardegna;OR;D695;0;0;0;0;0;0;0;0;0
Isole;Sardegna;OR;E004;0;1;2,67;0;0;0;0;1;0
Isole;Sardegna;OR;E087;0;0;0;0;0;0;0;0;0
Isole;Sardegna;OR;E088;0;0;0;0;0;0;0;0;0
Isole;Sardegna;OR;E972;0;4;2;0;0;0;0;0;0
Isole;Sardegna;OR;F050;0;0;0;0;0;0;0;0;0
Isole;Sardegna;OR;F208;0;0;0;0;0;0;0;0;0
Isole;Sardegna;OR;F270;0;0;0;0;0;0;0;0;0
Isole;Sardegna;OR;F271;0;0;1;0;0;0;0;0;0
Isole;Sardegna;OR;F272;0;2;6,18;0;0;0;0;0;0
Isole;Sardegna;OR;F727;0;0;0;0;0;0;0;0;0
Isole;Sardegna;OR;F840;0;0;3,9;0;0;0;0;0;0
Isole;Sardegna;OR;F867;0;0;0;0;0;0;0;0;0
Isole;Sardegna;OR;F934;0;0;0;0;0;0;0;0;0
Isole;Sardegna;OR;F974;0;0;0;0;0;0;0;0;0
Isole;Sardegna;OR;F980;0;2,33;2;0;0;0;0;0;0
Isole;Sardegna;OR;F985;0;0;0;0;0;0;0;0;0
Isole;Sardegna;OR;G043;0;0;5;0;0;0;0;0;0
Isole;Sardegna;OR;G113;10,25;27;9,5;0;0;0;4;3;0
Isole;Sardegna;OR;G286;0;0;1,78;0;0;0;0;0;0
Isole;Sardegna;OR;G379;0;0;0;0;0;0;0;0;0
Isole;Sardegna;OR;G384;0;0;2;0;0;0;0;0;0
Isole;Sardegna;OR;G817;0;0;0;0;0;0;0;0;0
Isole;Sardegna;OR;H301;1;1;0;0;0;0;0;0;0
Isole;Sardegna;OR;H756;0;0;1;0;0;0;0;0;0
Isole;Sardegna;OR;I205;0;1;6;0;0;0;0;2;0
Isole;Sardegna;OR;I298;0;0;0;0;0;0;0;0;0
Isole;Sardegna;OR;I374;0;1;1;0;0;0;0;0;0
Isole;Sardegna;OR;I384;0;1;2;0;0;0;0;0;3
Isole;Sardegna;OR;I503;0;1;1;0;0;0;0;0;0
Isole;Sardegna;OR;I564;0;0;0;0;0;0;0;0;1
Isole;Sardegna;OR;I605;0;0;1;0;0;0;0;0;1
Isole;Sardegna;OR;I609;0;0;0;0;0;0;0;0;0
Isole;Sardegna;OR;I613;0;0;1;0;0;0;0;0;0
Isole;Sardegna;OR;I717;0;0;0;0;0;0;0;0;0
Isole;Sardegna;OR;I718;0;0;0;0;0;0;0;0;0
Isole;Sardegna;OR;I721;0;0;0;0;0;0;0;0;0
Isole;Sardegna;OR;I742;0;0;0;0;0;0;0;0;0
Isole;Sardegna;OR;I743;0;0;0;0;0;0;0;0;0
Isole;Sardegna;OR;I749;0;0;0,5;0;0;0;0;0;0
Isole;Sardegna;OR;I757;0;0;0;0;0;0;0;0;0
Isole;Sardegna;OR;I778;0;0;0;0;0;0;0;0;1
Isole;Sardegna;OR;I791;0;0;1,96;0;0;0;0;0;0
Isole;Sardegna;OR;I861;0;0;2;0;0;0;0;0;0
Isole;Sardegna;OR;L023;0;0;0;0;0;0;0;0;0
Isole;Sardegna;OR;L122;2;4;3;0;0;0;1;0;0
Isole;Sardegna;OR;L321;1;0;0;0;0;0;0;0;0
Isole;Sardegna;OR;L393;0;0;0;0;0;0;0;0;0
Isole;Sardegna;OR;L488;0;0;0;0;0;0;0;0;0
Isole;Sardegna;OR;L496;0;0;1;0;0;0;0;0;24
Isole;Sardegna;OR;L508;0;0;0;0;0;0;0;0;0
Isole;Sardegna;OR;L991;0;0;0;0;0;0;0;0;0
Isole;Sardegna;OR;M030;0;0;0;0;0;0;0;0;0
Isole;Sardegna;OR;M153;0;0;0;0;0;0;0;0;0
Isole;Sardegna;OR;M168;0;1;1;0;0;0;0;0;0
Isole;Sardegna;SS;A069;0;0;0,25;0;0;0;0;0;0
Isole;Sardegna;SS;A115;0;1;0;0;0;0;0;0;0
Isole;Sardegna;SS;A192;9;16,34;57,66;0;0;0;0;0;1
Isole;Sardegna;SS;A287;0;0;0;0;0;0;0;0;2
Isole;Sardegna;SS;A379;0;0;0;0;0;0;0;0;3,56
Isole;Sardegna;SS;A453;7;23;19;0;0;0;1;2;0
Isole;Sardegna;SS;A606;0;0;2;0;0;0;0;0;0
Isole;Sardegna;SS;A781;0;0;0;0;0;0;0;0;0
Isole;Sardegna;SS;A789;0;3;4,06;0;0;0;0;0;0
Isole;Sardegna;SS;A827;0;0;0;0;0;0;0;0;0
Isole;Sardegna;SS;A976;0;0;2;0;0;0;1;0;0
Isole;Sardegna;SS;A977;0;0;1;0;0;0;0;0;0
Isole;Sardegna;SS;A978;0;1,75;4,75;0;0;0;0;0;8,89
Isole;Sardegna;SS;B063;0;0;0;0;0;0;0;0;0
Isole;Sardegna;SS;B064;0;0;0;0;0;0;0;0;0
Isole;Sardegna;SS;B094;0;0;0;0;0;0;0;0;0
Isole;Sardegna;SS;B246;0;1;2;0;0;0;0;0;0
Isole;Sardegna;SS;B264;0;0;0;0;0;0;0;0;1
Isole;Sardegna;SS;B265;0;0;0;0;0;0;0;0;0
Isole;Sardegna;SS;B276;0;0;0;1;0;0;0;0;0
Isole;Sardegna;SS;B378;0;2;6,79;0;0;0;0;1;0
Isole;Sardegna;SS;B772;0;0;0;0;0;0;0;0;0
Isole;Sardegna;SS;C272;1;5;7;0;1;0;0;0;2
Isole;Sardegna;SS;C600;0;0;0;0;0;0;0;0;0
Isole;Sardegna;SS;C613;0;0;1;0;0;0;0;0;1
Isole;Sardegna;SS;C818;0;0;4;0;0;0;0;0;1
Isole;Sardegna;SS;D100;0;0;2;0;0;0;0;0;0
Isole;Sardegna;SS;D441;0;0;0;0;0;0;0;0;0
Isole;Sardegna;SS;D637;0;0;2;0;0;0;0;0;0
Isole;Sardegna;SS;E019;0;0;0;0;0;0;0;0;0
Isole;Sardegna;SS;E285;0;0;1;0;0;0;0;0;0
Isole;Sardegna;SS;E376;0;0;0;0;0;0;0;0;0,75
Isole;Sardegna;SS;E377;0;3;15,18;0;0;0;0;0;0
Isole;Sardegna;SS;E401;0;0;0;0;0;0;0;0;4
Isole;Sardegna;SS;E425;1;2;7,17;0;0;0;0;0;0
Isole;Sardegna;SS;E747;0;0;1;0;0;0;0;0;0
Isole;Sardegna;SS;E752;0;0;1;0;0;0;0;0;0
Isole;Sardegna;SS;E902;0;0;0;0;0;0;0;0;0
Isole;Sardegna;SS;E992;0;0;1;0;0;0;0;0;0
Isole;Sardegna;SS;F542;0;0;0;0;0;0;0;0;0
Isole;Sardegna;SS;F667;0;2;1;0;0;0;0;0;0
Isole;Sardegna;SS;F721;0;0;1;0;0;1;0;0;2
Isole;Sardegna;SS;F818;0;0;1;0;0;0;0;0;0
Isole;Sardegna;SS;F975;0;1;2,71;0;0;0;0;0;2,06
Isole;Sardegna;SS;F976;0;0;1;0;0;0;0;0;0
Isole;Sardegna;SS;F977;0;1,86;3,87;0;0;0;0;0;0
Isole;Sardegna;SS;G015;27;34,67;58,17;0;1;0;8;3;0,66
Isole;Sardegna;SS;G046;0;0;12;0;0;0;0;1;0
Isole;Sardegna;SS;G153;0;0;2;0;0;0;0;0;1,58
Isole;Sardegna;SS;G156;0;0;1;0;0;0;0;0;0
Isole;Sardegna;SS;G178;0;3;4;0;0;0;0;0;0
Isole;Sardegna;SS;G203;0;4,9;4,2;0;0;0;1;0;18,34
Isole;Sardegna;SS;G225;0;0;0;0;0;0;0;0;2
Isole;Sardegna;SS;G258;6;9;5;0;0;0;0;0;0
Isole;Sardegna;SS;G376;0;0;5,83;0;0;0;0;0;1
Isole;Sardegna;SS;G450;0;2;4;0;0;0;0;0;0
Isole;Sardegna;SS;G740;0;0;7;0;0;0;0;0;6
Isole;Sardegna;SS;G924;5;15;15;0;0;0;0;3;0
Isole;Sardegna;SS;G962;0;1;5;0;0;0;0;0;0
Isole;Sardegna;SS;H095;0;0;0;0;0;0;0;0;0
Isole;Sardegna;SS;H507;0;0;0;0;0;0;0;0;2
Isole;Sardegna;SS;H848;0;0;2;0;0;0;0;0;0
Isole;Sardegna;SS;I312;7;6;15,25;0;3;0;0;1;0
Isole;Sardegna;SS;I452;34;57,46;108,76;0;0;0;10,4;10;8
Isole;Sardegna;SS;I565;0;0;0;0;0;0;0;0;0
Isole;Sardegna;SS;I598;0;0;0;0;0;0;0;0;0
Isole;Sardegna;SS;I614;1;0;2,29;0;0;0;0;0;0
Isole;Sardegna;SS;I732;0;0;0;0;0;0;0;0;0
Isole;Sardegna;SS;I863;1;7,5;12,25;0;0;0;0;0;1
Isole;Sardegna;SS;L088;0;0;2;0;0;0;0;0;0
Isole;Sardegna;SS;L093;1;9;15;0;0;0;0;1;0
Isole;Sardegna;SS;L158;0;0;1;0;0;0;0;0;2,33
Isole;Sardegna;SS;L180;0;1;1;0;0;0;0;0;0
Isole;Sardegna;SS;L235;0;0;0,75;0;0;0;0;0;1
Isole;Sardegna;SS;L428;0;2;1;0;0;0;0;1;0
Isole;Sardegna;SS;L464;0;1,07;1;0;0;0;0;0;3,5
Isole;Sardegna;SS;L503;0;4,33;2;0;0;0;0;0;1
Isole;Sardegna;SS;L509;0;1;2;0;0;0;0;0;0
Isole;Sardegna;SS;L604;1;2,25;9,5;0;0;0;0;0;0
Isole;Sardegna;SS;L989;0;1;3,75;0;0;0;0;0;0
Isole;Sardegna;SS;M214;0;6;3;0;0;0;0;0;0
Isole;Sardegna;SS;M259;0;2;5;0;0;0;0;0;0
Isole;Sardegna;SS;M274;0;0,06;6,5;0;0;0;0;0;0
Isole;Sardegna;SS;M275;4;6;11;0;0;0;0;0;0
Isole;Sardegna;SS;M276;0;0;1;0;0;0;0;0;0
Isole;Sardegna;SS;M282;0;0;0;0;0;0;0;0;0
Isole;Sardegna;SS;M284;0;0;1,55;0;0;0;0;0;0
Isole;Sardegna;SS;M290;0;1,01;1,67;0;0;0;0;0;0
Isole;Sardegna;SS;M292;0;0;0;0;0;0;0;0;0
Isole;Sardegna;SS;M301;0;0;0;0;0;0;0;0;0
Isole;Sicilia;AG;A089;6;16,01;75,21;0;1;0;0;5;0
Isole;Sicilia;AG;A181;0;2;1,5;0;0;0;0;0;0
Isole;Sicilia;AG;A351;0;0;20,3;0;0;0;0;1;0
Isole;Sicilia;AG;A896;0;0,5;7;0;0;0;0;0;0
Isole;Sicilia;AG;B275;0;0;3;0;0;0;0;0;0
Isole;Sicilia;AG;B377;0;0,67;0,33;0;0;0;0;0;0
Isole;Sicilia;AG;B427;0;0;7,78;0;0;0;0;0;0
Isole;Sicilia;AG;B460;0;0;3,67;0;0;0;0;0;0
Isole;Sicilia;AG;B486;0;0,5;11;0;1;0;0;4;0
Isole;Sicilia;AG;B520;1;6;27,67;0;0;1;0;1;0
Isole;Sicilia;AG;B602;2;16,82;48,08;0;0;0;0;0;0
Isole;Sicilia;AG;C275;0;0,17;22,21;0;0;0;0;2;1
Isole;Sicilia;AG;C341;0;0;2,5;0;0;0;0;0;0
Isole;Sicilia;AG;C356;0;0;10,67;0;0;0;0;3;0
Isole;Sicilia;AG;C668;0;0;12;0;0;0;0;0;0
Isole;Sicilia;AG;C928;0;0;1,42;0;0;0;0;0;0
Isole;Sicilia;AG;D514;1;9;31,88;0;0;0;2;4;0
Isole;Sicilia;AG;E209;0;0;15,76;0;0;0;0;0;0
Isole;Sicilia;AG;E390;0;0;2,5;0;0;0;0;0;0
Isole;Sicilia;AG;E431;0;2;0;1;3;0;0;0;0
Isole;Sicilia;AG;E573;1;13;44,73;0;0;0;0;4;0
Isole;Sicilia;AG;E714;0;0;2;0;0;0;0;0;0
Isole;Sicilia;AG;F126;0;4;21,17;0;0;0;1;0;0
Isole;Sicilia;AG;F299;1;3;13,23;0;0;0;0;1;0
Isole;Sicilia;AG;F414;0;0,33;4;0;0;0;0;0;0
Isole;Sicilia;AG;F655;0;0;4,86;0;0;0;0;0;0
Isole;Sicilia;AG;F845;0;1,22;38,14;0;0;0;0;0;0
Isole;Sicilia;AG;G282;0;7;49,1;0;0;1;0;0;0
Isole;Sicilia;AG;H148;0;3;15,11;0;0;0;0;1;0
Isole;Sicilia;AG;H159;0;2;18,23;0;0;0;0;0;0
Isole;Sicilia;AG;H194;0;1;7,84;0;0;0;0;0;0
Isole;Sicilia;AG;H205;0;0;9;0;0;0;0;0;0
Isole;Sicilia;AG;H269;0;6;18,17;0;0;0;2;1;0
Isole;Sicilia;AG;H743;0;2;11;0;0;0;0;0;0
Isole;Sicilia;AG;H778;0;0;13,17;0;0;0;0;0;0
Isole;Sicilia;AG;H914;0;5;11,73;0;0;0;0;2;0
Isole;Sicilia;AG;I185;0;0;4,62;0;0;0;0;0;0
Isole;Sicilia;AG;I224;0;1;19;0;0;0;0;0;0
Isole;Sicilia;AG;I290;0;0;1;0;0;0;0,11;0;0
Isole;Sicilia;AG;I356;0;1;5,47;0;0;0;0;0;2
Isole;Sicilia;AG;I533;1;9,43;54,59;0;0;1;3;3;0
Isole;Sicilia;AG;I723;0;1;9;0;0;0;0;0;0
Isole;Sicilia;AG;L944;0;1;6;0;0;0;0;0;0
Isole;Sicilia;CL;A049;0;2;4;0;0;0;0;0;0
Isole;Sicilia;CL;A957;0;0;0;0;0;0;0;0;0
Isole;Sicilia;CL;B302;0;0;14,33;0;0;0;0;0,33;1
Isole;Sicilia;CL;B429;8,62;50,71;59,74;0;0;1;3;1;2
Isole;Sicilia;CL;B537;0;0;5,83;0;0;0;0;6;0
Isole;Sicilia;CL;D267;0;1;5;0;0;1;0;1;0
Isole;Sicilia;CL;D960;0;28,81;60,06;0;0;0;0;11;9
Isole;Sicilia;CL;E618;0;0;2;0;0;0;0;0;0
Isole;Sicilia;CL;E953;0;0;2;0;0;0;0;3;0
Isole;Sicilia;CL;F065;0;2;14,33;0;0;1;0;0;2
Isole;Sicilia;CL;F489;0;0,5;2;0;0;1;0;0;0
Isole;Sicilia;CL;F830;0;6,5;16,53;0;0;0;1;1;1
Isole;Sicilia;CL;F899;0;10;22,01;0;0;0;0;0;2
Isole;Sicilia;CL;H245;0;1,5;5,25;0;0;0;0;0;0,25
Isole;Sicilia;CL;H281;0;7,34;14,38;0;0;0;0;3;1
Isole;Sicilia;CL;H792;0;12,25;18,42;0;0;0;0;1;0
Isole;Sicilia;CL;I169;0;2;4,9;0;0;1;0;0;0
Isole;Sicilia;CL;I644;0;6;10,6;0;0;0;0;0;0
Isole;Sicilia;CL;I824;0;0;8,13;0;0;0;0;0;0
Isole;Sicilia;CL;L016;0;0;0;0;0;0;0;0;0
Isole;Sicilia;CL;L609;0;0;4,5;0;0;0;0;0;2
Isole;Sicilia;CL;L959;0;0,67;3;0;0;0;0;0;0
Isole;Sicilia;CT;A025;0;0;3;0;0;0;0;0;0
Isole;Sicilia;CT;A026;0;4;13,97;0;0;0;0;1;0
Isole;Sicilia;CT;A027;2,25;15,69;46,5;0;0;0;0;0;0
Isole;Sicilia;CT;A028;0;29,85;65,41;0;0;0;2;1;1
Isole;Sicilia;CT;A029;0;6;36,05;0;0;0;0;2;0
Isole;Sicilia;CT;A056;0;11,93;46,64;0;0;0;0;2;0
Isole;Sicilia;CT;A766;1;4,17;53,65;0;0;0;3;7;6
Isole;Sicilia;CT;A841;0;5,5;28,67;0;0;0;0;0;0
Isole;Sicilia;CT;B202;2;9,83;54,51;0;0;1;0;1;0
Isole;Sicilia;CT;B384;0;1,5;6,93;0;0;0;0;0;0
Isole;Sicilia;CT;B428;6;23,08;50,81;0;0;0;0;0;0
Isole;Sicilia;CT;B561;0;1;5,5;0;0;0;0;3;0
Isole;Sicilia;CT;C091;0;0;7,5;0;0;1;0;0;2
Isole;Sicilia;CT;C297;0;1,33;15,08;0;0;0;0;0;0
Isole;Sicilia;CT;C351;36;194,64;130,57;0;1;0;6;12,33;2
Isole;Sicilia;CT;D623;0,33;1,33;15,58;0;0;0;0;0;0
Isole;Sicilia;CT;E017;4;21,9;55,89;0;0;0;0;7;0
Isole;Sicilia;CT;E133;1;1,66;14,33;0;0;0;0;0;2
Isole;Sicilia;CT;E156;1;8;13,06;0;0;0;0;0;0
Isole;Sicilia;CT;E578;0;1;2;0;0;1;1;0;0
Isole;Sicilia;CT;E602;0;1,17;14,08;0;0;0;0;0;1
Isole;Sicilia;CT;E854;0;1;10,75;0;0;0;0;0;0
Isole;Sicilia;CT;F004;0;5;31,25;0;0;1;0;0;1
Isole;Sicilia;CT;F005;0;2,5;26,76;0;0;0;0;1;0
Isole;Sicilia;CT;F209;0;0,5;7,78;0;0;0;0;0;0
Isole;Sicilia;CT;F214;0;0;3,16;0;0;0;0;0;0
Isole;Sicilia;CT;F217;1;1,5;26,34;0;1;0;0;0,56;1,25
Isole;Sicilia;CT;F231;0;3;3;0;0;1;0;0;0
Isole;Sicilia;CT;F250;0;13,42;35,41;0;0;0;3,5;2;0
Isole;Sicilia;CT;F781;0;6;18,6;0;0;0;1,6;0;0
Isole;Sicilia;CT;F890;0;2,5;6,44;0;0;0;0;0;0
Isole;Sicilia;CT;G253;1;2;17,39;0;0;0;1,5;0;0
Isole;Sicilia;CT;G371;6;25,48;82,83;0;1;0;2;3;2
Isole;Sicilia;CT;G402;0;1,5;21,13;0;0;0;0;1;0
Isole;Sicilia;CT;G597;0;0,88;15,09;0;0;0;0;0;0
Isole;Sicilia;CT;H154;0;1;6;0;0;0;0;0;0
Isole;Sicilia;CT;H168;0;1;35,5;0;0;1;0;2;3
Isole;Sicilia;CT;H175;1;5;16,28;0;0;0;0;1;0
Isole;Sicilia;CT;H325;0;3,13;18,75;0;0;0;0;0;0
Isole;Sicilia;CT;H805;0;0,5;4;0;0;0;0;0;0
Isole;Sicilia;CT;H922;8;12;21,89;0;0;0;0;0;0
Isole;Sicilia;CT;H940;0;4;10,63;0;0;0;1;1;0
Isole;Sicilia;CT;I035;1;0;0;0;0;0;1;2;0
Isole;Sicilia;CT;I098;0;1;7,33;0;0;0;0;0;0
Isole;Sicilia;CT;I202;2;1;7;0;0;0;0;0;0
Isole;Sicilia;CT;I216;0;0;8,2;0;0;0;0;0;0
Isole;Sicilia;CT;I240;1;1;29,37;0;0;1;0;0;0
Isole;Sicilia;CT;I314;1;2;14,5;0;0;0;0,8;0;0
Isole;Sicilia;CT;I548;0;3;12,16;0;0;0;1;0,03;0
Isole;Sicilia;CT;L355;0;0;13,49;0;0;0;0;0;0
Isole;Sicilia;CT;L369;2;3;14,75;0;0;0;0;0;0
Isole;Sicilia;CT;L658;0;1,5;7,75;0;0;0;0;1;0
Isole;Sicilia;CT;L828;1;1;16,26;0;3;0;0;0;0
Isole;Sicilia;CT;M100;0;2;4,93;0;0;0;1;1;0
Isole;Sicilia;CT;M139;0;5,33;16,55;0;0;0;0;0;0
Isole;Sicilia;CT;M271;0;0;6;0;0;0;0;2;0
Isole;Sicilia;CT;M283;1;1;4,14;0;0;1;0;0;1
Isole;Sicilia;CT;M287;0;0;2,5;0;0;0;0;0;0
Isole;Sicilia;EN;A070;0;2;11,88;0;0;0;0;1;3,33
Isole;Sicilia;EN;A098;0;3;18,77;0;0;0;1;2;2
Isole;Sicilia;EN;A478;0;1;11,63;0;0;0;0;3;0
Isole;Sicilia;EN;A676;0;4;9,01;0;0;0;0;0;0,78
Isole;Sicilia;EN;B381;0;0;7,84;0;0;0;0;0;0
Isole;Sicilia;EN;C342;3,33;11;27,22;0;0;0;0;3;1
Isole;Sicilia;EN;C353;0;1;6,75;0;0;0;0;1;0
Isole;Sicilia;EN;C471;0;1;23,49;0;0;0;1;0;0
Isole;Sicilia;EN;C480;0;2;9,89;0;0;0;0;0;3
Isole;Sicilia;EN;D849;1;1;1;0;0;0;0;0;0
Isole;Sicilia;EN;E536;0;19,67;17,05;0;0;0;0;0;0
Isole;Sicilia;EN;F892;1;5;9,78;0;0;0;0;0;2,64
Isole;Sicilia;EN;F900;0;0;6;0;0;0;0;0;0
Isole;Sicilia;EN;G580;1;16,83;49,25;0;0;0;1;3;0
Isole;Sicilia;EN;G624;0;2;13,27;0;0;0;0;0;0
Isole;Sicilia;EN;H221;0;1,5;16,53;0;0;0;0;0;0
Isole;Sicilia;EN;I891;0;0;2;0;0;0;0;0;0
Isole;Sicilia;EN;L448;0;0,5;11;0;0;0;0;2,5;8
Isole;Sicilia;EN;L583;0;1;7,75;0;0;0;0;0;0
Isole;Sicilia;EN;M011;1;4;8,09;0;0;0;0;0;0
Isole;Sicilia;ME;A177;0;0;1;0;0;0;0;0;0
Isole;Sicilia;ME;A194;0;0;2;0;0;0;0;0;0
Isole;Sicilia;ME;A201;0;1;3,99;0;0;0;0;0;0
Isole;Sicilia;ME;A313;1;0;2;0;0;0;0;0;0
Isole;Sicilia;ME;A638;4,5;20,12;31,58;0;1;0;1;2;0
Isole;Sicilia;ME;A698;0;0;8,33;0;0;0;0;0;0
Isole;Sicilia;ME;B198;1,09;7;10,66;0;0;0;0;0;0
Isole;Sicilia;ME;B660;0;0;7,17;0;0;0;0;0;2
Isole;Sicilia;ME;B666;2;4;20;0;0;0;1;2;0
Isole;Sicilia;ME;B695;2;2;2,5;0;0;0;0;0;2
Isole;Sicilia;ME;B804;0;1,17;11,84;0;0;1;0;0;0
Isole;Sicilia;ME;B918;0;0;1,5;0;0;0;0;0;0
Isole;Sicilia;ME;C051;0;1;1;0;0;0;0;0;0
Isole;Sicilia;ME;C094;0;0;0;0;0;0;0;0;0
Isole;Sicilia;ME;C210;0;0;2;0;0;0;0;0;0
Isole;Sicilia;ME;C347;0;1;3;0;0;0;0;0;0
Isole;Sicilia;ME;C568;0;0;4;0;0;0;0;0;4
Isole;Sicilia;ME;C956;0;0;0;0;0;0;0;0;0
Isole;Sicilia;ME;D474;0;2;4,17;0;0;0;0;0;0
Isole;Sicilia;ME;D569;0;0;1;0;0;0;0;0;0
Isole;Sicilia;ME;D622;0;0;4,25;0;0;0;0;0;0
Isole;Sicilia;ME;D635;0;0;1;0;0;0;0;0;0
Isole;Sicilia;ME;D661;0;0;2;0;0;0;0;0;0
Isole;Sicilia;ME;D733;0;0;0;0;0;0;0;0;0
Isole;Sicilia;ME;D765;0;0;4,38;0;0;0;0;0;0
Isole;Sicilia;ME;D793;0;0;0;0;0;0;0;0;0
Isole;Sicilia;ME;D824;0;1;6,85;0;0;0;0;0;0
Isole;Sicilia;ME;D825;0;0;6;0;0;0;0;0;0
Isole;Sicilia;ME;D844;0;0;8,12;0;0;0;0;0;0
Isole;Sicilia;ME;D861;0;0;1;0;0;0;0;0;0
Isole;Sicilia;ME;D885;0;0;0;0;0;0;0;0;0
Isole;Sicilia;ME;E014;0;9,33;9,2;0;0;0;0;0;0
Isole;Sicilia;ME;E043;0;1,15;11,43;0;0;0;0;0;0
Isole;Sicilia;ME;E142;0;0;2,19;0;0;0;0;0;0
Isole;Sicilia;ME;E233;0;0;4;0;0;0;0;0;0
Isole;Sicilia;ME;E374;0;2;4;0;0;0;0;0;0
Isole;Sicilia;ME;E523;0;1;0;0;0;0;0;0;0
Isole;Sicilia;ME;E555;0;2;7,14;0;0;0;0;0;0
Isole;Sicilia;ME;E571;0;1;3;0;0;0;0;0;0
Isole;Sicilia;ME;E594;0;0;1;0;0;0;0;0;0
Isole;Sicilia;ME;E606;0;7,38;2,88;0;0;0;0;0;0
Isole;Sicilia;ME;E674;0;0;0;0;0;0;0;0;0
Isole;Sicilia;ME;E855;0;1;1;0;0;0;0;0;0
Isole;Sicilia;ME;E869;0;0;0,33;0;0;0;0;0;0
Isole;Sicilia;ME;E876;0;0;0;0;0;0;0;0;0
Isole;Sicilia;ME;F066;0;2;0;0;0;0;0;0;0
Isole;Sicilia;ME;F147;1;0;6;0;0;0;0;0;0
Isole;Sicilia;ME;F158;18,09;102;168,34;0;0;1;2,33;17;0
Isole;Sicilia;ME;F206;0;12,59;26,11;0;0;0;0;0;0
Isole;Sicilia;ME;F210;0;0;1;0;0;0;0;0;0
Isole;Sicilia;ME;F242;0;1;1;0;0;0;0;2;0
Isole;Sicilia;ME;F251;1;2,33;14,69;0;0;0;0,33;0,33;0
Isole;Sicilia;ME;F277;0;1;0;0;0;0;0;0;0
Isole;Sicilia;ME;F359;0;0;4;0;0;0;0;0;0
Isole;Sicilia;ME;F368;0;1;1;0;0;0;0;0;0
Isole;Sicilia;ME;F395;0;0;4,43;0;0;0;0;0;0
Isole;Sicilia;ME;F400;0;1;4,67;0;0;1;0;0;0
Isole;Sicilia;ME;F772;0;0;1;0;0;0;0;0;0
Isole;Sicilia;ME;F773;0;0;1;0;0;0;0;0;0
Isole;Sicilia;ME;F848;0;2;6,17;0;0;0;0;0;0
Isole;Sicilia;ME;F901;0;0;7,17;0;0;0;0;0;0
Isole;Sicilia;ME;F951;0;0;5,5;0;0;0;0;0;0
Isole;Sicilia;ME;G036;0;2;5,5;0;0;0;0;0;0
Isole;Sicilia;ME;G209;3;2;5,53;0;0;0;0;1;0
Isole;Sicilia;ME;G234;0;0;1;0;0;0;0;0;0
Isole;Sicilia;ME;G377;2,5;15;16,5;0;0;0;0;0;0
Isole;Sicilia;ME;G522;0;0;1;0;0;0;0;1;0
Isole;Sicilia;ME;G699;0;4;10,67;0;0;0;0;0,42;0
Isole;Sicilia;ME;H151;0;0;0;0;0;0;0;0;0
Isole;Sicilia;ME;H228;0;0;7,6;0;0;0;0;0;2
Isole;Sicilia;ME;H380;0;0;1;0;0;0;0;0;0
Isole;Sicilia;ME;H405;0;0;0;0;0;0;0;0;0
Isole;Sicilia;ME;H418;0;4,5;7,36;0;0;0;0;0;0
Isole;Sicilia;ME;H455;0;0;2;0;0;0;0;0;0
Isole;Sicilia;ME;H479;0;0;4;0;0;0;0;0;0
Isole;Sicilia;ME;H519;1;4;9,94;0;0;0;0;0;0
Isole;Sicilia;ME;H842;0;1;13,48;0;0;0;0;1;0
Isole;Sicilia;ME;H850;0;0;0;0;0;0;0;0;0
Isole;Sicilia;ME;H982;0;0;0;0;0;0;0;0;0
Isole;Sicilia;ME;I084;0;2;9,5;0;0;0;0;0;0
Isole;Sicilia;ME;I086;0;0;6;0;0;0;0;0;0
Isole;Sicilia;ME;I147;0;0;1,33;0;0;0;0;0;0
Isole;Sicilia;ME;I184;0;0;1;0;0;0;0;0;0
Isole;Sicilia;ME;I199;4;6;12,61;0;0;0;0;0;0
Isole;Sicilia;ME;I215;0;1,91;2;0;0;0;0;0;0
Isole;Sicilia;ME;I220;0;4,83;6,64;0;0;0;0;0;0
Isole;Sicilia;ME;I254;0;0;1;0;0;0;0;0;0
Isole;Sicilia;ME;I283;0;0;9,5;0;0;0;0;0;0
Isole;Sicilia;ME;I311;2;5,3;15,33;0;0;0;1;0;0
Isole;Sicilia;ME;I328;0;0;1;0;0;0;0;0;0
Isole;Sicilia;ME;I370;0;1;10,23;0;0;0;0;1;0
Isole;Sicilia;ME;I420;0;1;8;0;0;0;0;0;0
Isole;Sicilia;ME;I477;0;1;2;0;0;0;0;0;0
Isole;Sicilia;ME;I492;0;1;0;0;0;0;0;0;0
Isole;Sicilia;ME;I747;0;1;7;0;0;0;0;2;0
Isole;Sicilia;ME;I881;0;5,5;8,75;0;0;0;0;1;0
Isole;Sicilia;ME;L042;0;13,5;7,5;0;0;0;0;0;0
Isole;Sicilia;ME;L271;1;4,5;15;0;0;0;0;0;0
Isole;Sicilia;ME;L308;0;0;4,9;0;0;0;0;0;0
Isole;Sicilia;ME;L431;0;0;1;0;0;0;0;0;0
Isole;Sicilia;ME;L478;0;0;6;0;0;0;0;0;0
Isole;Sicilia;ME;L482;0;0;1;0;0;0;0;0;0
Isole;Sicilia;ME;L561;0;0;2;0;0;0;0;0;0
Isole;Sicilia;ME;L735;0;2;13;0;0;0;0;0;0
Isole;Sicilia;ME;L950;1;3;4;0;0;0;0;2;0
Isole;Sicilia;ME;M210;1;1;7,61;0;0;0;0;0;0
Isole;Sicilia;ME;M211;0;1;5,5;0;0;0;0;0;0
Isole;Sicilia;ME;M286;0;4,67;7,34;0;0;0;0;1;0
Isole;Sicilia;PA;A195;0;0;8;0;0;1;0;0;0
Isole;Sicilia;PA;A202;0;2,75;2,76;0;0;0;0;0,29;0
Isole;Sicilia;PA;A203;0;0;1,33;0;0;0;0;0;0
Isole;Sicilia;PA;A229;0;1,64;12,31;0;0;0;0;1;0
Isole;Sicilia;PA;A239;0;0;7,83;0;0;0;0;0;0
Isole;Sicilia;PA;A546;13;25,38;39,8;0;0;0;0,99;1;0
Isole;Sicilia;PA;A592;0;1;9;0;0;0;0;0;0
Isole;Sicilia;PA;A719;0;1,5;7,5;0;0;0;0;0;0
Isole;Sicilia;PA;A764;0;0,25;9,83;1;0;0;0;0;0
Isole;Sicilia;PA;A882;0;2;9,96;0;0;0;0;0;0
Isole;Sicilia;PA;A946;0;0,28;4;0;0;0;0;0;0
Isole;Sicilia;PA;A958;0;0;6;0;0;0;0;1;0
Isole;Sicilia;PA;A991;0;0;7;0;0;0;0;0;0
Isole;Sicilia;PA;B315;0;0;16,33;0;0;0;0;0;0
Isole;Sicilia;PA;B430;0;0;8;0;0;0;0;1;3
Isole;Sicilia;PA;B532;1,14;0,16;9,53;0;0;0;0;4;0
Isole;Sicilia;PA;B533;0;0;5;0;0;0;0;0;0
Isole;Sicilia;PA;B535;0;0;6;0;0;0;0;0;0
Isole;Sicilia;PA;B556;0;1;3;0;0;0;0;0;0
Isole;Sicilia;PA;B645;0;3;7,67;0;0;0;0;0;0
Isole;Sicilia;PA;B780;1;6;27,57;0;0;0;1;6;0
Isole;Sicilia;PA;C067;1;4,8;12;0;0;0;0;0;0
Isole;Sicilia;PA;C074;0;9,5;20,83;0;0;0;0;0;0
Isole;Sicilia;PA;C135;0;0;8,13;0;0;0;0;1;0
Isole;Sicilia;PA;C344;0;1;11;0;0;0;0;4;1
Isole;Sicilia;PA;C420;0;3;1;0;0;0;0,5;0;1
Isole;Sicilia;PA;C421;0;13,95;26,85;0;0;0;0;0;0
Isole;Sicilia;PA;C496;0;2;4,5;0;0;0;0;0;0
Isole;Sicilia;PA;C654;0;2,89;4,15;0;0;0;0;0;0
Isole;Sicilia;PA;C696;1;0;4,35;0;0;0;0;0;0
Isole;Sicilia;PA;C708;0;4;12,55;0;0;0;1;0;0
Isole;Sicilia;PA;C871;0;5,83;17,59;0;0;0;0;0;1
Isole;Sicilia;PA;C968;0;0;2,67;0;0;0;0;0;0
Isole;Sicilia;PA;D009;1;2,5;34,68;0;0;0;0;0;0
Isole;Sicilia;PA;D567;0;1;6,02;0;0;0;0;0;0
Isole;Sicilia;PA;D907;0;4;30,35;0;0;0;0;0;1
Isole;Sicilia;PA;D977;0;0;1;0;0;0;0;0;0
Isole;Sicilia;PA;E013;1;0;4;0;0;0;0;0;0
Isole;Sicilia;PA;E055;0;0;6,47;0;0;0;0;0;0
Isole;Sicilia;PA;E074;0;0;1;0;0;0;0;0;0
Isole;Sicilia;PA;E149;0;0;1;0;0;0;0;0;0
Isole;Sicilia;PA;E337;0;0,17;3,33;0;0;0;0;0;0
Isole;Sicilia;PA;E350;1;2;3;0;0;0;0;0;0
Isole;Sicilia;PA;E459;1;0;9;0;0;0;3;0;0
Isole;Sicilia;PA;E541;1;3,83;20;0;0;0;0;1;1
Isole;Sicilia;PA;E957;0;0;8,33;0;0;0;0;0;0
Isole;Sicilia;PA;F184;0;0;7;0;0;0;0;0;2
Isole;Sicilia;PA;F246;0;7;24,19;0;0;0;0;3;0
Isole;Sicilia;PA;F377;0;8,67;69,6;0;0;0;0;6;1
Isole;Sicilia;PA;F544;0;1;8,34;0;0;0;0;0;0
Isole;Sicilia;PA;F553;0;1;10;0;0;0;0;0;0
Isole;Sicilia;PA;G263;1;0;5;0;0;0;0;0;1
Isole;Sicilia;PA;G273;153,84;279,52;271,32;1;3;3;13,15;11,35;1
Isole;Sicilia;PA;G348;2;15;69,29;0;0;0;0;1;0
Isole;Sicilia;PA;G510;4;1,5;4,7;0;0;0;0;0;0
Isole;Sicilia;PA;G511;0;0,18;13;0;0;0;0;0;0
Isole;Sicilia;PA;G543;0;4;16,5;0;0;0;0;0;0
Isole;Sicilia;PA;G792;1;2,25;5;0;0;0;0;0,5;0
Isole;Sicilia;PA;G797;0;1;6;0;0;1;0;0;0
Isole;Sicilia;PA;H070;0;1;10,5;0;0;0;0;0;0
Isole;Sicilia;PA;H422;0;0;2,5;0;0;0;0;0;0
Isole;Sicilia;PA;H428;0;1;2;0;0;0;0;1;0
Isole;Sicilia;PA;H797;0;2,5;10,67;0;0;0;0;0;0
Isole;Sicilia;PA;H933;0;1;10,69;0;0;0;0;0;0
Isole;Sicilia;PA;I028;0;1;8;0;0;0;0;0;0
Isole;Sicilia;PA;I174;0;1;3,34;0;0;0;0;0;0
Isole;Sicilia;PA;I188;1;1;19,33;0;0;0;0;0;0
Isole;Sicilia;PA;I534;0;0;5,81;0;0;0;0;0;0
Isole;Sicilia;PA;I538;0;0;9;0;0;0;0;0;1
Isole;Sicilia;PA;I541;0;2;4;0;0;0;0;0;1
Isole;Sicilia;PA;L112;4,33;9;35,12;0;0;1;3;5;0
Isole;Sicilia;PA;L131;1;2,67;15,34;0;0;2;0;2;0
Isole;Sicilia;PA;L282;0;0;2,83;0;0;0;0;0;0
Isole;Sicilia;PA;L317;0;0,95;5,2;0;0;0;0;0;0
Isole;Sicilia;PA;L332;0;3;2;0;0;0;0;0;0
Isole;Sicilia;PA;L519;0;0;1;0;0;0;0;0;0
Isole;Sicilia;PA;L603;0;0;3,5;0;0;0;0;0;0
Isole;Sicilia;PA;L740;0;1;3,67;0;0;0;0;0;0
Isole;Sicilia;PA;L837;0;0;6,42;0;0;0;0;1;3
Isole;Sicilia;PA;L916;1;4;7;0;0;0;0;2;0
Isole;Sicilia;PA;L951;0;0;3,75;0;0;0;0;2;1
Isole;Sicilia;PA;M268;0;0;1;0;0;0;0;0;0
Isole;Sicilia;RG;A014;0;7;14,41;0;0;0;0,75;1;46,08
Isole;Sicilia;RG;C612;0;5,5;9;0;0;0;0;1;12,97
Isole;Sicilia;RG;C927;1;18,5;37,04;0;0;0;2,67;0;5
Isole;Sicilia;RG;E016;0;0,33;10;0;0;0;0;0;2
Isole;Sicilia;RG;E366;1;1;7;0;0;0;0;8;6,5
Isole;Sicilia;RG;F258;16;25,05;61,57;0;0;0;4;4;17
Isole;Sicilia;RG;F610;0;2;3;0;0;0;0;0;1
Isole;Sicilia;RG;G953;0;6,13;9,34;0;0;0;0;1;0
Isole;Sicilia;RG;H163;14;23,92;79,56;0;1;0;13;8,25;24,83
Isole;Sicilia;RG;I178;1;5;14,78;0;0;0;0;1;8
Isole;Sicilia;RG;I535;2;10;31,66;0;0;0;1;0,5;5
Isole;Sicilia;RG;M088;7,27;27,5;69,17;0;0;0;3,79;6,5;54,66
Isole;Sicilia;SR;A494;5,4;20,82;30,5;0;0;0;1;11;2,4
Isole;Sicilia;SR;A522;2;11,05;14,59;0;0;0;0;1;0
Isole;Sicilia;SR;B237;0;0;1;0;0;0;0;0;0
Isole;Sicilia;SR;B287;0;0;2,83;0;0;0;0;0;0
Isole;Sicilia;SR;B603;2;4;1;0;0;0;0;0;0,33
Isole;Sicilia;SR;B787;0;4,5;17,28;0;0;0;0;0;8,67
Isole;Sicilia;SR;C006;0;0;0,5;0;0;0;0;0;2
Isole;Sicilia;SR;D540;0;2,25;1,5;0;0;0;0;0;0,07
Isole;Sicilia;SR;D636;2,67;17,5;23,43;0;0;0;2;1;0
Isole;Sicilia;SR;D768;0;4;16,27;0;0;0;1;6;2
Isole;Sicilia;SR;E532;4;5;38,56;0;0;0;0;4;6
Isole;Sicilia;SR;F107;2;19,5;32,14;0;0;0;4;5;2
Isole;Sicilia;SR;F943;2;10,15;41,6;0;1;0;0;1;40,07
Isole;Sicilia;SR;G211;1;6,13;23,14;0;0;0;0;2;2
Isole;Sicilia;SR;G267;1;8,17;10;0;0;0;0;1;9
Isole;Sicilia;SR;H574;0;0,44;6,34;0;0;0;0;1;8,67
Isole;Sicilia;SR;I754;28,1;74,91;61,59;0;1;0;0,5;13;12
Isole;Sicilia;SR;I785;0;2;1,5;0;0;0;0;0;0
Isole;Sicilia;SR;I864;0;6;11;0;0;0;0;1;1
Isole;Sicilia;SR;M257;0;0;6;0;0;0;0;0;0
Isole;Sicilia;SR;M279;2;4,11;10,57;0;0;0;0;2;0
Isole;Sicilia;TP;A176;5,5;20,04;77,11;0;0;0;1;0;0
Isole;Sicilia;TP;B288;0;1;7,83;0;0;0;0;0;0
Isole;Sicilia;TP;B385;0;5;19,4;0;0;0;0;0;0
Isole;Sicilia;TP;B521;0;2,5;5;0;0;0;0;1;0
Isole;Sicilia;TP;C130;0;6,83;21,16;0;0;0;0;2;0
Isole;Sicilia;TP;C286;2;14,5;63,73;0;0;0;0;3;3
Isole;Sicilia;TP;D234;0;1;4;0;0;0;1;2;0
Isole;Sicilia;TP;D423;3;5,48;20,3;0;0,5;0;0;1;0
Isole;Sicilia;TP;D518;0;3;13,17;0;1,89;0;0;0;0
Isole;Sicilia;TP;E023;0;3;12,5;0;0;0;0;0;0
Isole;Sicilia;TP;E974;24,5;56,82;48,1;0;0;0;0;5;0
Isole;Sicilia;TP;F061;5;33;42,94;0;0;0;0;5;0
Isole;Sicilia;TP;G208;1;7;3,64;0;0;0;0;2;0
Isole;Sicilia;TP;G315;0;3;11;0;0;0;0;0;0
Isole;Sicilia;TP;G319;0;2;1;0;0;0;0;3;0
Isole;Sicilia;TP;G347;0;5;30,16;0;0;0;0;0;1
Isole;Sicilia;TP;G767;0;0;4;0;0;0;0;0;0
Isole;Sicilia;TP;H688;0;0;9,83;0;0;0;0;0;0
Isole;Sicilia;TP;H700;1;3;9,93;0;0;1;0;0;0
Isole;Sicilia;TP;I291;1;1;7,5;0;0;0;0;1;0
Isole;Sicilia;TP;I407;1;2;2,27;0;1,6;0;0;1;0
Isole;Sicilia;TP;L331;12,54;52,5;64,1;1;0;0;2;6;0
Isole;Sicilia;TP;M081;0;2;5,67;0;0;0;0;1;0
Isole;Sicilia;TP;M281;0;2;13,75;0;0;0;0;3;0
