Area;Regione;Provincia;2025_CodCom;NTN 2025 fino a 50 mq;NTN 2025 50 -| 85 mq;NTN 2025 85 -| 115 mq;NTN 2025 115 -| 145 mq;NTN 2025 oltre 145 mq;NTN_2025
Nord Est;Veneto;PD;A001;14,63;58,3;72,42;73,72;82,7;301,77
Nord Ovest;Lombardia;LO;A004;0;0;0;1;2;3
Nord Ovest;Lombardia;LC;A005;3;21;10,22;3,8;8,9;46,92
Centro;Toscana;SI;A006;7;19,5;23,42;21,5;10;81,42
Isole;Sardegna;OR;A007;4;1;3;3;15;26
Sud;Abruzzo;PE;A008;0;2;1;3;0;6
Nord Ovest;Lombardia;MI;A010;36;226,41;130,88;48,05;47,83;489,17
Sud;Basilicata;PZ;A013;1;1;0;1;0,8;3,8
Isole;Sicilia;RG;A014;12,5;25;22,58;19;14;93,08
Sud;Puglia;FG;A015;6,5;8,5;11,67;2;2;30,67
Nord Ovest;Piemonte;CN;A016;1;4;1;2;1;9
Sud;Basilicata;MT;A017;5,83;7;3,8;3;2,08;21,71
Sud;Abruzzo;AQ;A018;2;1;1;0;0;4
Centro;Lazio;RI;A019;0;1;1;0;0;2
Sud;Basilicata;PZ;A020;3;4,5;4;1;0;12,5
Sud;Campania;SA;A023;2;6;1;6,75;2,67;18,42
Sud;Campania;NA;A024;69,86;137,22;119;64,57;50,39;441,04
Isole;Sicilia;CT;A025;2;7;5;3,5;7;24,5
Isole;Sicilia;CT;A026;24;60,08;65,92;43,67;34,33;228
Isole;Sicilia;CT;A027;10,67;37,67;108,12;72,83;47,43;276,72
Isole;Sicilia;CT;A028;36,04;109,83;195,68;163,54;116,54;621,63
Isole;Sicilia;CT;A029;1;21;56,4;47,83;56,16;182,39
Centro;Lazio;FR;A032;1;0;0;0;0;1
Sud;Calabria;CS;A033;0;1;1;2;1;5
Nord Ovest;Lombardia;BS;A034;1;14;4;2;11;32
Centro;Marche;PS;A035;1;3;7,89;5;7,5;24,39
Nord Ovest;Lombardia;MN;A038;0;2;3;4;21,5;30,5
Nord Ovest;Lombardia;CR;A039;0;1;4;4,33;4;13,33
Centro;Lazio;VT;A040;3;20,33;15,67;11;11;61
Sud;Calabria;CS;A041;16;25,83;14;3;2;60,83
Sud;Calabria;VV;A043;1;2;1;0;3;7
Centro;Marche;AP;A044;2,17;9,83;3,5;7;5;27,5
Centro;Umbria;TR;A045;2;15;12,5;13;22;64,5
Centro;Marche;AP;A047;1;8,5;9,5;5;15,5;39,5
Sud;Puglia;BA;A048;15,5;31,5;40,34;41,5;52,35;181,19
Isole;Sicilia;CL;A049;3;8,17;2,5;5;7,5;26,17
Sud;Molise;CB;A050;0;2;3;0;2;7
Sud;Molise;IS;A051;0;0;0;0;1;1
Nord Ovest;Piemonte;AL;A052;15;112,4;105,83;42,88;39,5;315,61
Sud;Calabria;CS;A053;5;8;18,16;13;18,14;62,3
Centro;Lazio;FR;A054;8;5,5;2,25;4,67;2,67;23,09
Sud;Puglia;BA;A055;18,5;40;56,67;37,5;38,67;191,34
Isole;Sicilia;CT;A056;35;63,39;58,34;65,24;42,24;264,21
Nord Ovest;Lombardia;BG;A057;0;11;9;4,5;8,75;33,25
Nord Ovest;Lombardia;BG;A058;3;12,67;1;4;6;26,67
Nord Est;Veneto;RO;A059;13;73,5;82,77;58;50,62;277,89
Nord Ovest;Lombardia;BS;A060;0;17,49;18,34;14,08;23;72,91
Nord Est;Veneto;VR;A061;0;9;13;8;5;35
Centro;Lazio;RM;A062;2;4,18;5;4;0;15,18
Sud;Campania;NA;A064;111,04;126,56;125,51;75,77;30,69;469,57
Sud;Calabria;RC;A065;1;3;1;0;0,5;5,5
Nord Est;Emilia-Romagna;PC;A067;0;10,5;11;3;14,7;39,2
Sud;Campania;NA;A068;2;17,88;11;12,94;5,07;48,89
Isole;Sardegna;SS;A069;1;3;3,67;4;0,5;12,17
Isole;Sicilia;EN;A070;15,17;11,65;24,42;17,14;10,06;78,44
Centro;Toscana;PT;A071;2;53;41;31,5;49,75;177,25
Nord Ovest;Piemonte;AT;A072;1;4,5;7,5;3,5;15;31,5
Nord Ovest;Piemonte;TO;A074;4;7;10;8;16;45
Nord Est;Veneto;PD;A075;0;4;6;12,67;20;42,67
Nord Ovest;Lombardia;CR;A076;2;16,5;17,5;12;17;65
Sud;Calabria;RC;A077;0;0;0;2;1,31;3,31
Sud;Molise;IS;A080;0;5,5;6,42;8,27;11,23;31,42
Centro;Lazio;FR;A081;1;1;2;0;5,25;9,25
Nord Ovest;Lombardia;BS;A082;0;2;5;3;3,67;13,67
Nord Est;Veneto;BL;A083;5;29,33;8,83;8,83;14,5;66,49
Centro;Lazio;RM;A084;6,34;8,5;4;3;2;23,84
Nord Ovest;Lombardia;VA;A085;1,5;5,17;3;0;9;18,67
Nord Ovest;Lombardia;MI;A087;29;92,07;91,33;59,22;27,25;298,87
Nord Ovest;Piemonte;NO;A088;0;4;3;6;14;27
Isole;Sicilia;AG;A089;52,05;171,28;171,99;173,83;136,18;705,33
Sud;Campania;SA;A091;30,92;105,94;90,19;44,25;37,83;309,13
Centro;Marche;AN;A092;2;11,5;17;11;15;56,5
Nord Est;Veneto;VI;A093;0;1;1;1,17;3,5;6,67
Nord Ovest;Valle d'Aosta;AO;A094;30,84;34,31;6,5;5,78;11,5;88,93
Nord Ovest;Lombardia;MI;A096;6;10;13;2,5;8,5;40
Isole;Sardegna;OR;A097;0;0;0;1;2;3
Isole;Sicilia;EN;A098;7,88;10,06;11,5;10,67;8;48,11
Sud;Abruzzo;AQ;A100;5;8,67;0;0;1;14,67
Sud;Campania;AV;A101;2,12;8,85;7,75;9;17;44,72
Sud;Calabria;CS;A102;0;0;0;2;6;8
Sud;Calabria;CS;A105;0;1;0;1;0;2
Sud;Campania;CE;A106;0;2,67;0,92;1;1,33;5,92
Nord Ovest;Piemonte;BI;A107;2;2;2;2;0;8
Nord Ovest;Valle d'Aosta;AO;A108;3;6;1;4;2;16
Nord Ovest;Piemonte;TO;A109;5;15;15,5;4;4;43,5
Sud;Campania;BN;A110;11;4;11;10,67;21,98;58,65
Nord Ovest;Liguria;IM;A111;3,67;7;4;4;0;18,67
Nord Ovest;Lombardia;LC;A112;10;16,5;12,22;5;4;47,72
Nord Ovest;Piemonte;CN;A113;0;3;2;1;0;6
Isole;Sardegna;SS;A115;0;1;0;0;6;7
Nord Ovest;Piemonte;TO;A117;4;28;4;4,5;4,33;44,83
Nord Ovest;Lombardia;PV;A118;0;5;7;3;3;18
Nord Ovest;Piemonte;VC;A119;9,67;18,08;4,33;5;4;41,08
Sud;Abruzzo;PE;A120;1,5;8;10,5;7;11,78;38,78
Nord Ovest;Liguria;SV;A122;48;135,14;83,7;33,89;26,83;327,56
Centro;Lazio;FR;A123;13;28;50,58;25;62,67;179,25
Nord Ovest;Piemonte;CN;A124;46;131,4;123,82;69,5;64,5;435,22
Sud;Abruzzo;TE;A125;93,34;214,35;81,48;44,17;23,3;456,64
Isole;Sardegna;OR;A126;0;0;1;0;0;1
Nord Ovest;Lombardia;MI;A127;2;23;20,83;12,42;8,25;66,5
Sud;Campania;SA;A128;2;14,67;12,5;9;20,5;58,67
Nord Ovest;Lombardia;BG;A129;1;32;31;21,75;13,28;99,03
Nord Ovest;Piemonte;VC;A130;0;0;2;0;1;3
Sud;Basilicata;PZ;A131;2;2;1;1,5;0;6,5
Centro;Lazio;RM;A132;41,17;149,56;146,73;82,17;45,58;465,21
Nord Ovest;Lombardia;SO;A135;1;3;1;0;0;5
Nord Est;Veneto;VR;A137;0;13,5;14,1;12,1;34,22;73,92
Nord Est;Emilia-Romagna;PR;A138;2;3;5;1;12,75;23,75
Nord Ovest;Piemonte;CN;A139;0;0;1;1;2;4
Nord Ovest;Lombardia;CO;A143;6;25,5;28,5;21,17;19;100,17
Nord Ovest;Liguria;SV;A145;55;144;82,5;49,17;29,17;359,84
Nord Ovest;Piemonte;AL;A146;5;7;0;5;1;18
Sud;Puglia;BA;A149;10,4;13;13,38;8,18;13,8;58,76
Sud;Puglia;FG;A150;5;2;1;1;0;9
Nord Ovest;Lombardia;CO;A153;2;18,33;14;11;12;57,33
Nord Est;Veneto;VI;A154;0;5;2;2;7,5;16,5
Sud;Calabria;CZ;A155;0,75;3;0;3,5;2;9,25
Nord Ovest;Piemonte;TO;A157;0;3;12;5;14,33;34,33
Nord Ovest;Lombardia;MI;A159;10,75;44;31,83;10;20,45;117,03
Sud;Calabria;CS;A160;2;1;0;3;1;7
Nord Est;Veneto;PD;A161;5;86,62;103,57;112,86;107,88;415,93
Nord Est;Emilia-Romagna;RE;A162;6,88;16,16;32,49;19;35,26;109,79
Nord Ovest;Lombardia;BG;A163;15,5;62,1;82,63;54,33;45;259,56
Nord Ovest;Lombardia;CO;A164;7;13;3;8,75;6,5;38,25
Nord Ovest;Liguria;SV;A165;7,01;47,83;28;11,49;5;99,33
Nord Ovest;Liguria;SV;A166;19;75,58;55,83;7;12,5;169,91
Nord Ovest;Lombardia;VA;A167;3;25,5;27,5;5;16,83;77,83
Nord Ovest;Lombardia;PV;A171;0;1;2;1;0,78;4,78
Nord Ovest;Lombardia;SO;A172;3;8;7,67;9;6;33,67
Nord Ovest;Piemonte;AT;A173;2;1;0;0;5;8
Nord Ovest;Lombardia;PV;A175;3;14;17;10;7,5;51,5
Isole;Sicilia;TP;A176;49,74;141,2;135,86;99,41;79,47;505,68
Isole;Sicilia;ME;A177;2;0,5;1;0,67;1;5,17
Isole;Sardegna;OR;A180;0,5;1;1;2;6;10,5
Isole;Sicilia;AG;A181;0;6;2;4,17;4;16,17
Nord Ovest;Piemonte;AL;A182;153,72;543,14;469,51;212,2;263,55;1642,12
Sud;Calabria;CS;A183;1;0;1;0;1;3
Sud;Puglia;LE;A184;4,34;7;7,43;8;19,88;46,65
Sud;Puglia;LE;A185;4;12,9;16,25;15,17;10,09;58,41
Sud;Campania;SA;A186;0;2;0;1;0;3
Sud;Abruzzo;AQ;A187;19,17;29,5;5,75;2,67;3;60,09
Nord Ovest;Lombardia;BS;A188;1;1;6;2;16,5;26,5
Nord Ovest;Piemonte;AL;A189;0;2;0;0;11,67;13,67
Nord Est;Emilia-Romagna;RA;A191;7,5;34,67;38,25;24,5;62,72;167,64
Isole;Sardegna;SS;A192;122,4;238,81;198,7;95,27;59,38;714,56
Nord Ovest;Lombardia;BG;A193;7,08;6;5,87;4;4,67;27,62
Isole;Sicilia;ME;A194;0;0;0;2,75;0;2,75
Isole;Sicilia;PA;A195;2;4;6,5;3,92;11,5;27,92
Sud;Basilicata;MT;A196;2;5,5;2;2,38;1;12,88
Nord Ovest;Piemonte;AL;A197;0;2;8;0;3;13
Nord Ovest;Piemonte;VC;A198;0;8;3;2;8,5;21,5
Sud;Campania;CE;A200;2;7;5;9;21,03;44,03
Isole;Sicilia;ME;A201;3,5;5;14,12;5,25;3;30,87
Isole;Sicilia;PA;A202;3;3;10;4;5,5;25,5
Isole;Sicilia;PA;A203;0;0;0;0;0;0
Isole;Sardegna;OR;A204;0;0;0;0;2;2
Nord Ovest;Valle d'Aosta;AO;A205;0;0;0;0;2;2
Nord Est;Veneto;BL;A206;3;9,46;7;1,17;2,83;23,46
Centro;Umbria;TR;A207;0;2;1;4,5;4,5;12
Sud;Puglia;LE;A208;4;18,67;20,08;11;12;65,75
Centro;Lazio;RM;A210;7,83;20,03;14,5;3,33;4;49,69
Nord Ovest;Lombardia;BG;A214;1;19,5;23,83;16,33;5,5;66,16
Nord Ovest;Lombardia;BG;A215;1,22;24;14;18,25;20,36;77,83
Nord Ovest;Lombardia;BG;A216;2;18,5;17;20,5;15,4;73,4
Nord Ovest;Lombardia;BG;A217;7,25;25,34;28,26;16,55;17,08;94,48
Nord Ovest;Piemonte;TO;A218;1;18,67;22,5;10,49;32,73;85,39
Nord Est;Veneto;VI;A220;1;6;3;4;10;24
Nord Ovest;Piemonte;TO;A221;1;6;1;1;1;10
Nord Ovest;Piemonte;TO;A222;6;116,04;77,94;38,73;43,59;282,3
Nord Est;Emilia-Romagna;PC;A223;0;5;18,5;12,07;19,33;54,9
Nord Ovest;Lombardia;CO;A224;1,17;6;8;3;2;20,17
Sud;Puglia;BA;A225;43,5;132,92;184,67;108,65;84,7;554,44
Nord Ovest;Liguria;SV;A226;3;11;9;4;4;31
Nord Ovest;Piemonte;AL;A227;0;0;0;0;5;5
Sud;Campania;AV;A228;1;6;1,33;6,33;4;18,66
Isole;Sicilia;PA;A229;10;26,67;34,26;52,7;54,62;178,25
Sud;Campania;SA;A230;5;14,67;19;7;16,5;62,17
Nord Est;Veneto;VI;A231;8,5;49,25;44,14;21;26,64;149,53
Centro;Marche;AP;A233;3;25,5;10;9;5;52,5
Sud;Calabria;CS;A234;1;0;2;1;2;6
Sud;Abruzzo;CH;A235;0;3;10;4;3;20
Nord Est;Veneto;VI;A236;1;7;6;3;3,25;20,25
Nord Est;Veneto;TV;A237;2;9;13;3,5;17,08;44,58
Nord Ovest;Piemonte;CN;A238;0;0;0;0;1;1
Isole;Sicilia;PA;A239;11;5;22;5;17,5;60,5
Sud;Calabria;CS;A240;2;3;5;2;4;16
Centro;Toscana;LU;A241;7;85,08;50,17;34,5;41,44;218,19
Centro;Umbria;TR;A242;5;9;3,22;1;4,22;22,44
Sud;Campania;CE;A243;1;3;3;3;7,7;17,7
Centro;Lazio;FR;A244;1,5;1;4,5;7;15;29
Nord Ovest;Piemonte;AL;A245;0;0;1;1;7;9
Nord Ovest;Lombardia;BG;A246;20;77;67,35;26,92;35,83;227,1
Nord Ovest;Lombardia;CO;A249;1;16,5;20;7,34;15,75;60,59
Sud;Campania;SA;A251;3,03;14,69;9;3,25;2;31,97
Centro;Marche;AP;A252;2,67;7;5;9,5;10;34,17
Sud;Calabria;CS;A253;14,5;47,33;40,25;23,5;32,33;157,91
Nord Est;Friuli- Venezia Giulia;UD;A254;0;3;0;4;4,67;11,67
Sud;Calabria;CZ;A255;2;0;4;1;2;9
Centro;Lazio;FR;A256;2,5;9;2;3;4;20,5
Sud;Calabria;CZ;A257;0;1;0;0;0,5;1,5
Centro;Lazio;RI;A258;12,97;11,33;10,42;1;3;38,72
Nord Ovest;Lombardia;BG;A259;0;3,67;4,5;3;3,63;14,8
Nord Ovest;Liguria;SP;A261;13;43,58;20;14,5;8;99,08
Centro;Umbria;TR;A262;10;30;51,5;26,5;37,53;155,53
Sud;Calabria;CS;A263;2,67;13,34;9,33;4;2;31,34
Nord Ovest;Piemonte;NO;A264;1;4,5;1;3;11;20,5
Sud;Campania;BN;A265;0;0;1;3,5;7;11,5
Nord Est;Friuli- Venezia Giulia;UD;A267;0;2,67;5;6;5,83;19,5
Sud;Campania;NA;A268;8,17;12,17;10,5;3,77;11;45,61
Centro;Lazio;FR;A269;8;37,67;51,89;14;43,5;155,06
Sud;Abruzzo;TE;A270;0;2;1;3,67;7,67;14,34
Centro;Marche;AN;A271;88,31;434,48;499,61;260,21;168,98;1451,59
Sud;Calabria;CZ;A272;0;0;1;0;1;2
Nord Ovest;Lombardia;SO;A273;0;1;2;2;2;7
Nord Ovest;Piemonte;TO;A275;0;6;7;4;6,08;23,08
Nord Ovest;Liguria;SV;A278;79,89;153,53;31,63;9;10,5;284,55
Nord Ovest;Piemonte;BI;A280;5;21,17;16,75;6,75;14;63,67
Sud;Puglia;LE;A281;4;10,33;6;5,86;8,94;35,13
Nord Ovest;Piemonte;TO;A282;1;6;0;2;3,25;12,25
Nord Est;Friuli- Venezia Giulia;PN;A283;0;2;5;1;1;9
Sud;Campania;AV;A284;2;2;4;8;3;19
Sud;Puglia;BA;A285;69,81;194,31;300,97;186,77;104,48;856,34
Isole;Sardegna;SS;A287;0;0;0;1,93;0;1,93
Nord Ovest;Lombardia;BS;A288;0;8;1,67;1;0;10,67
Nord Ovest;Lombardia;VA;A290;3;28;16,84;19,42;20;87,26
Centro;Toscana;AR;A291;2;3,57;18,57;13,67;21,33;59,14
Nord Est;Veneto;VR;A292;1;3,83;5,5;8,5;23;41,83
Nord Ovest;Lombardia;BS;A293;16,5;13,63;8;3;3,5;44,63
Sud;Campania;SA;A294;15;37,83;96,44;64,83;43,58;257,68
Nord Ovest;Piemonte;TO;A295;3;4;10;4;5;26
Nord Est;Veneto;PD;A296;3;1;8;9;18,47;39,47
Centro;Lazio;RM;A297;10,33;60,8;44,84;33,94;32,49;182,4
Nord Ovest;Lombardia;CR;A299;0;5;8;4,67;18,42;36,09
Nord Ovest;Piemonte;AT;A300;0;2;6;0;7;15
Nord Ovest;Lombardia;LC;A301;3;10;4,11;6,17;5,9;29,18
Nord Est;Veneto;VE;A302;0;8,31;7;7,06;22,79;45,16
Sud;Calabria;RC;A303;1;2;1,5;0;1,5;6
Nord Ovest;Lombardia;BG;A304;2;36;46,25;46,75;19;150
Nord Ovest;Valle d'Aosta;AO;A305;14,75;16,33;9;1;2;43,08
Nord Ovest;Valle d'Aosta;AO;A308;5;12;0;2;2;21
Centro;Lazio;RM;A309;1;2,5;5,17;2;2;12,67
Centro;Lazio;FR;A310;41,86;98,4;29,83;25,04;29;224,13
Nord Ovest;Piemonte;AT;A312;1;1;0;1;12,67;15,67
Isole;Sicilia;ME;A313;1;2;0;3;2;8
Sud;Calabria;RC;A314;0;0;0;0;2;2
Centro;Lazio;RI;A315;0;3,67;8,83;1,5;1,5;15,5
Nord Ovest;Piemonte;VB;A317;2;10;5;3;1;21
Sud;Abruzzo;AQ;A318;6;3;4;3,25;2,89;19,14
Nord Ovest;Lombardia;CO;A319;0;10;8;1;3;22
Sud;Puglia;FG;A320;3;4;2;2;2;13
Sud;Basilicata;PZ;A321;2;3,67;4;3;1;13,67
Centro;Lazio;RM;A323;59,54;378,72;414,39;159,54;138,93;1151,12
Nord Est;Emilia-Romagna;BO;A324;3,5;73,8;70,99;22,5;23,5;194,29
Nord Ovest;Piemonte;VB;A325;0;0;1;0;0;1
Nord Ovest;Valle d'Aosta;AO;A326;36,6;163,02;123,55;50,42;28;401,59
Centro;Marche;PS;A327;2;7;2;1,5;7;19,5
Sud;Campania;BN;A328;0;7;8,17;9;17;41,17
Centro;Marche;MC;A329;3;4,5;8,67;4;7;27,17
Sud;Campania;BN;A330;0,25;4,34;2;1;1,83;9,42
Nord Ovest;Lombardia;CO;A333;4;29;31,17;17,2;29,5;110,87
Centro;Marche;MC;A334;2;2,5;10;6;8,5;29
Centro;Marche;AP;A335;0;2;3;2,42;0;7,42
Nord Ovest;Lombardia;SO;A337;39,5;63,43;20,86;5;6,75;135,54
Nord Ovest;Liguria;IM;A338;7;10;2;3;2;24
Sud;Puglia;FG;A339;5;15;34,37;16;25,22;95,59
Sud;Calabria;CS;A340;2;2;0;5;8,15;17,15
Centro;Lazio;LT;A341;36,67;262,11;240,42;149,73;122,09;811,02
Sud;Campania;SA;A343;2,22;5;3;0,22;6,22;16,66
Nord Ovest;Liguria;IM;A344;0;0;2;0;1;3
Sud;Abruzzo;AQ;A345;86,47;242,47;231,72;161,09;157,81;879,56
Sud;Campania;AV;A347;0;2;8;0,6;2;12,6
Centro;Lazio;FR;A348;0,61;1;9;5;7,67;23,28
Sud;Puglia;LE;A350;6;11,64;18,17;16;9;60,81
Isole;Sicilia;AG;A351;9,8;15;25,8;14,2;22,06;86,86
Nord Ovest;Piemonte;AT;A352;0;0;2,44;1,5;7;10,94
Nord Est;Friuli- Venezia Giulia;PN;A354;1;0;2;1,5;4;8,5
Isole;Sardegna;NU;A355;10;70,09;34,17;27,63;16,66;158,55
Isole;Sardegna;OR;A357;0;5;7,5;1,66;4;18,16
Nord Ovest;Piemonte;VC;A358;1;3;0;1;5;10
Isole;Sardegna;CA;A359;17,67;24,71;12;8,15;27,65;90,18
Nord Est;Veneto;TV;A360;0;11;24,5;5;14;54,5
Centro;Lazio;FR;A363;1;4;11;10,5;11;37,5
Nord Ovest;Lombardia;BG;A365;6;11,5;22,5;13;6,22;59,22
Centro;Marche;AN;A366;3;5;5;7,92;23;43,92
Sud;Abruzzo;CH;A367;0;1;1;2;6;10
Isole;Sardegna;OR;A368;0;3,5;4,11;1,11;5;13,72
Centro;Toscana;GR;A369;8;32,66;27,5;10,5;26,66;105,32
Centro;Lazio;RM;A370;11;23,17;6;4;5;49,17
Nord Ovest;Lombardia;VA;A371;10;44;40,67;20,84;30,67;146,18
Nord Ovest;Liguria;SP;A373;14,16;46,5;47,99;30,59;10;149,24
Nord Est;Veneto;VR;A374;1;13,11;11;8,75;33,5;67,36
Nord Ovest;Lombardia;MI;A375;8;42;44,5;23;22,5;140
Nord Ovest;Lombardia;MI;A376;33;99,19;88,72;53,5;46,5;320,91
Nord Est;Veneto;VI;A377;0;11,83;17;14,5;30,25;73,58
Isole;Sardegna;SS;A379;0;0;3;1,4;4;8,4
Isole;Sardegna;OR;A380;2;0;2;0;2,67;6,67
Nord Ovest;Lombardia;SO;A382;3;21,67;12;6,67;7,17;50,51
Nord Ovest;Lombardia;BG;A383;10,17;25;8,66;4;9,07;56,9
Sud;Calabria;RC;A385;4;15,2;7;10;13,2;49,4
Sud;Calabria;VV;A386;3;3;2;2;1;11
Nord Ovest;Lombardia;PV;A387;0;1;4;4;9,83;18,83
Nord Ovest;Liguria;GE;A388;19;93,67;63,04;20;23;218,71
Nord Ovest;Lombardia;MI;A389;15,5;77,22;73,58;44,1;75,17;285,57
Centro;Toscana;AR;A390;68,83;239,97;330,04;221,52;272,4;1132,76
Nord Ovest;Lombardia;CO;A391;6;9;6;2;2;25
Nord Est;Emilia-Romagna;BO;A392;11;52;51,5;11;16;141,5
Nord Est;Emilia-Romagna;FE;A393;8,66;66,5;101,31;55,4;81,08;312,95
Nord Ovest;Piemonte;CN;A394;11;5;1;0;3;20
Nord Ovest;Piemonte;CN;A396;0;0;0;0;2;2
Sud;Calabria;CZ;A397;0;0;1;1;1;3
Sud;Abruzzo;CH;A398;0;0;3;2;5;10
Sud;Campania;AV;A399;5,5;34,06;29,95;24,62;28,34;122,47
Nord Est;Veneto;RO;A400;1,67;8,83;9,5;13,5;13,58;47,08
Centro;Lazio;RM;A401;12;40,07;47,07;28,45;38;165,59
Sud;Abruzzo;CH;A402;2,6;2,5;3;2;3;13,1
Sud;Campania;CE;A403;4;10;10;7,16;17;48,16
Nord Ovest;Piemonte;TO;A405;0;0;2;1,5;3;6,5
Isole;Sardegna;NU;A407;1;1;4,8;1;3;10,8
Nord Ovest;Piemonte;VB;A409;0;4;7,5;6;6;23,5
Centro;Lazio;VT;A412;0;6;1;0;1;8
Nord Ovest;Lombardia;MI;A413;20,08;84,67;71,09;27,89;30,34;234,07
Nord Ovest;Piemonte;NO;A414;9;10;9;0,5;4,5;33
Sud;Basilicata;PZ;A415;1;0;0;1,5;0;2,5
Nord Ovest;Liguria;IM;A418;0;0;1;0;1;2
Isole;Sardegna;CA;A419;3;1;2;1;5,5;12,5
Centro;Lazio;FR;A421;0;0;1;0;2,67;3,67
Nord Ovest;Liguria;SV;A422;0;4;1;2;0;7
Nord Ovest;Valle d'Aosta;AO;A424;0,5;2,5;1;0;0,25;4,25
Sud;Puglia;LE;A425;0;4,96;9,1;6,67;12;32,73
Nord Ovest;Piemonte;VB;A427;0;1;1;0;0;2
Nord Ovest;Piemonte;NO;A429;15;67,04;107,28;43,5;35,17;267,99
Nord Ovest;Lombardia;CO;A430;3;24,5;24,5;21,33;12,5;85,83
Sud;Campania;BN;A431;0;2;2,09;1,5;9,17;14,76
Sud;Campania;BN;A432;1;2;3;1;5;12
Centro;Lazio;FR;A433;5;5;8,5;8,75;23,33;50,58
Nord Est;Veneto;PD;A434;2;5,5;1,5;2;9;20
Nord Est;Veneto;RO;A435;1;14;13;6;16;50
Nord Ovest;Piemonte;AL;A436;1;35;43;22;17;118
Centro;Marche;AP;A437;9,5;9,84;1,33;1;1,87;23,54
Nord Est;Veneto;PD;A438;0;1;4;7;9,84;21,84
Centro;Umbria;TR;A439;2;8,99;10;7,25;9,5;37,74
Nord Ovest;Lombardia;BG;A440;0;7;16;10,89;10,5;44,39
Nord Ovest;Lombardia;VA;A441;4;23;28,82;11,5;11;78,32
Nord Est;Veneto;BL;A443;7,5;14,33;8;15;10,99;55,82
Nord Est;Veneto;VI;A444;3;10;10,5;7,54;15,84;46,88
Sud;Abruzzo;TE;A445;0;0;0;3;3;6
Centro;Lazio;RM;A446;2,78;12,78;4,11;2;4;25,67
Nord Est;Friuli- Venezia Giulia;UD;A447;8;14,72;8;6;6;42,72
Nord Est;Friuli- Venezia Giulia;UD;A448;0;4;1,92;8,5;15,5;29,92
Centro;Lazio;RM;A449;7,22;29;25,83;21,44;26;109,49
Nord Ovest;Lombardia;BS;A451;14,75;42,37;10;10;11;88,12
Nord Ovest;Valle d'Aosta;AO;A452;1,5;3,5;1,5;2;2;10,5
Isole;Sardegna;SS;A453;59,87;165,8;98,46;46,89;79,88;450,9
Isole;Sardegna;NU;A454;0;2;0;0;5;7
Sud;Campania;NA;A455;24,46;34,36;60,22;49,34;23,14;191,52
Nord Est;Veneto;PD;A458;0;11;10,5;12,5;19,19;53,19
Nord Est;Veneto;VI;A459;8,67;66,35;107,24;51,72;93,08;327,06
Sud;Campania;SA;A460;9;43,2;29,77;9;5;95,97
Centro;Toscana;SI;A461;2,5;30;29;21,61;29,67;112,78
Centro;Marche;AP;A462;25;103,58;148,84;98,33;89,51;465,26
Sud;Puglia;FG;A463;14;13,58;8,11;7,16;4;46,85
Centro;Lazio;RI;A464;7;5;3;1;0;16
Nord Est;Veneto;VI;A465;28,74;73,03;35;29,29;23,43;189,49
Nord Ovest;Piemonte;VC;A466;1;2;4;5;7;19
Nord Est;Veneto;VI;A467;0;2;1;1;7;11
Centro;Toscana;SI;A468;3;20;44,67;33,14;41,64;142,45
Nord Ovest;Lombardia;MN;A470;3;30;23,5;22;55,33;133,83
Nord Est;Veneto;TV;A471;7;35,5;16,5;6;27,4;92,4
Centro;Lazio;RI;A472;1;4;5;5;7;22
Nord Ovest;Lombardia;MI;A473;7,5;49,5;37;16,5;12,6;123,1
Isole;Sardegna;CA;A474;17;89,28;54;43,35;34,5;238,13
Centro;Umbria;PG;A475;27,98;80,97;76,47;62,55;81,33;329,3
Nord Ovest;Lombardia;CO;A476;1,5;22,5;11,5;8,9;8;52,4
Isole;Sardegna;OR;A477;0;0;0;0;0,78;0,78
Isole;Sicilia;EN;A478;3;8;9;9,17;8;37,17
Nord Ovest;Piemonte;AT;A479;99;380,44;310,34;116,97;156,59;1063,34
Isole;Sardegna;OR;A480;0;0;0;1;0;1
Sud;Abruzzo;AQ;A481;4;35;11;4;7;61
Sud;Basilicata;PZ;A482;1;5;5;5,17;5;21,17
Sud;Campania;SA;A484;0;1;5;4,83;5;15,83
Sud;Abruzzo;CH;A485;9;5;13;9,5;20;56,5
Centro;Lazio;FR;A486;2;6;10,5;5,5;12,33;36,33
Sud;Campania;SA;A487;0;1,17;2;0;0;3,17
Sud;Abruzzo;TE;A488;6;15,08;19;29;30,33;99,41
Sud;Campania;AV;A489;1;7;20,67;26;22;76,67
Centro;Umbria;TR;A490;0;8;21;2;4;35
Nord Est;Friuli- Venezia Giulia;UD;A491;0;2;5;4;13;24
Isole;Sardegna;NU;A492;1;1,5;1;1,25;1,75;6,5
Isole;Sicilia;SR;A494;30,07;167,45;164,86;122;124,67;609,05
Sud;Campania;SA;A495;2;3;6,33;3;5,83;20,16
Centro;Toscana;MS;A496;5,83;38;39;21,5;26;130,33
Nord Ovest;Piemonte;VB;A497;0;3;4;0,17;2;9,17
Nord Ovest;Liguria;IM;A499;0;2;0;0;2;4
Nord Est;Veneto;BL;A501;21,5;28,33;26,37;12,02;16,01;104,23
Centro;Lazio;FR;A502;1;4,67;0,33;4;5,5;15,5
Isole;Sardegna;NU;A503;0;0;1;3;1;5
Nord Ovest;Liguria;GE;A506;3;11,17;8,17;10;8;40,34
Sud;Campania;AV;A508;4,22;7;5;7,22;22,56;46
Sud;Campania;AV;A509;14,9;61,08;118,58;167,96;144,51;507,03
Nord Ovest;Lombardia;BG;A511;4;4;0;0;1;9
Sud;Campania;CE;A512;43,86;56,38;92,73;134,06;88,45;415,48
Sud;Puglia;TA;A514;4;11;2,5;9;13,5;40
Sud;Abruzzo;AQ;A515;33,56;121,83;137,17;98,39;99,54;490,49
Nord Est;Friuli- Venezia Giulia;PN;A516;43;54;28,78;23,13;48,99;197,9
Nord Ovest;Lombardia;BG;A517;9;32;7,5;1;1;50,5
Nord Ovest;Piemonte;TO;A518;9;52,6;63,75;33,17;25;183,52
Sud;Basilicata;PZ;A519;7;10;15;10;1,7;43,7
Nord Ovest;Valle d'Aosta;AO;A521;0;5;1;2;2;10
Isole;Sicilia;SR;A522;38;82,67;86,67;69,49;81,06;357,89
Nord Ovest;Piemonte;AL;A523;0;2;0;0;1;3
Nord Ovest;Piemonte;TO;A525;1;1;2;2;9;15
Nord Ovest;Lombardia;CR;A526;0;1;1;0;8;10
Nord Ovest;Piemonte;AT;A527;1;1;0;0;5,33;7,33
Nord Ovest;Lombardia;BG;A528;3;30,09;48,5;39;27,87;148,46
Nord Ovest;Lombardia;BS;A529;2;12;18;7;10,17;49,17
Nord Est;Friuli- Venezia Giulia;PN;A530;0;36,67;55,39;38;61,21;191,27
Nord Ovest;Lombardia;VA;A531;6;17;14;7;21,33;65,33
Nord Ovest;Lombardia;VA;A532;2;3;0;1;1;7
Nord Ovest;Lombardia;BG;A533;1;1,67;0;0;1;3,67
Nord Ovest;Piemonte;VB;A534;0;7;0,33;1,25;3;11,58
Sud;Campania;NA;A535;9,38;42,54;34,25;28,33;11;125,5
Nord Ovest;Liguria;IM;A536;17,5;16,75;4;2;4;44,25
Nord Ovest;Lombardia;PV;A538;0;2;1;2;1;6
Nord Est;Veneto;RO;A539;7;23,83;37,84;30;45,16;143,83
Nord Est;Veneto;VR;A540;2,12;5;10;3,22;15,33;35,67
Centro;Toscana;AR;A541;3;2;0;2,25;3;10,25
Sud;Calabria;CZ;A542;10;13;7,33;12,5;3;45,83
Sud;Calabria;RC;A544;1;2;0;2;0;5
Isole;Sicilia;PA;A546;46;146,47;113,75;123,61;108,83;538,66
Nord Est;Emilia-Romagna;RA;A547;6;36,67;49,95;29,5;90,25;212,37
Nord Ovest;Lombardia;PV;A550;2;12;2;6;5;27
Nord Est;Emilia-Romagna;RA;A551;0;9;6,5;2,17;13;30,67
Sud;Calabria;RC;A552;9;18,94;22;4,5;9;63,44
Nord Est;Friuli- Venezia Giulia;UD;A553;0;4;3,5;10;13;30,5
Nord Ovest;Piemonte;CN;A555;2;4;0,5;7;3;16,5
Nord Ovest;Lombardia;BG;A557;7;5;18,5;11,84;15,06;57,4
Centro;Toscana;LU;A560;3,2;18;34,67;29,16;51,53;136,56
Centro;Toscana;PT;A561;33,81;113,01;102,64;69;66,3;384,76
Centro;Toscana;PI;A562;4,56;63,83;85,45;68,83;109,66;332,33
Centro;Toscana;FI;A564;9,2;55,72;67,94;46,33;80,8;259,99
Nord Est;Emilia-Romagna;FO;A565;3;17;25,5;11;22,25;78,75
Sud;Campania;AV;A566;2;7,09;9,67;8,67;9,28;36,71
Sud;Molise;IS;A567;3;8,83;2,92;0;3,75;18,5
Nord Est;Veneto;PD;A568;0;11;8;7,33;13,66;39,99
Nord Ovest;Lombardia;BS;A569;6,34;32,5;35,34;20;44,67;138,85
Nord Ovest;Lombardia;CR;A570;2,5;27,5;23;18,5;13,6;85,1
Nord Ovest;Piemonte;CN;A571;30,44;31,94;26,66;16;21,5;126,54
Sud;Puglia;LE;A572;1;3;2;3;7;16
Nord Est;Emilia-Romagna;RE;A573;2;17,5;32,17;7,16;20,5;79,33
Nord Est;Veneto;RO;A574;0;2;3;0;11;16
Nord Ovest;Lombardia;MN;A575;6;24;23,5;8,63;34,46;96,59
Centro;Toscana;MS;A576;6,26;17;15;7,25;14,5;60,01
Centro;Lazio;VT;A577;5;7,67;8,12;6,5;16,56;43,85
Nord Ovest;Lombardia;BS;A578;10;9;10,83;2,17;2,67;34,67
Sud;Campania;CE;A579;0;4;1;2,67;3;10,67
Sud;Campania;AV;A580;0;5;8;11,67;13,16;37,83
Nord Ovest;Liguria;IM;A581;4;11,5;5,5;2;5;28
Nord Ovest;Piemonte;TO;A584;1;0;3;2;5,5;11,5
Nord Est;Emilia-Romagna;RE;A586;3;14,5;6;13,5;11,84;48,84
Nord Ovest;Piemonte;TO;A587;4;14;8,34;8,89;20;55,23
Nord Ovest;Piemonte;AT;A588;1;0;5;0;9;15
Nord Ovest;Piemonte;CN;A589;0;1;2;1;8;12
Nord Ovest;Piemonte;TO;A590;2;3;0;0;4;9
Nord Ovest;Piemonte;TO;A591;1;5;7;5;36,73;54,73
Isole;Sicilia;PA;A592;6;35,83;33,67;18,33;26;119,83
Nord Ovest;Liguria;SV;A593;0;0;0;0;2,25;2,25
Nord Ovest;Lombardia;LC;A594;13;39,17;15;8;21;96,17
Isole;Sardegna;CA;A597;0;0;2;2;3;7
Nord Ovest;Piemonte;TO;A599;7,33;8,33;2,5;0;0,67;18,83
Nord Ovest;Piemonte;VC;A600;0;1,5;0;0;1;2,5
Nord Ovest;Piemonte;VC;A601;0;1;0;0;1;2
Sud;Abruzzo;AQ;A603;3;9;3;3;8,5;26,5
Sud;Basilicata;PZ;A604;0;3,5;3,14;1;2;9,64
Nord Ovest;Piemonte;AL;A605;1;4;8;8;10,33;31,33
Isole;Sardegna;SS;A606;2,33;1;0,83;0,17;1;5,33
Nord Ovest;Piemonte;TO;A607;2;23;22,5;4;6;57,5
Isole;Sardegna;OR;A609;0;0;0;1;2;3
Nord Ovest;Piemonte;VB;A610;0;5;4;1;1;11
Sud;Basilicata;PZ;A612;1;2;1;1;2;7
Nord Est;Veneto;PD;A613;0,4;4;4,78;5;25,67;39,85
Isole;Sardegna;OR;A614;0;0;1;1;0;2
Sud;Basilicata;PZ;A615;0;0,17;3,33;0;3;6,5
Sud;Molise;CB;A616;2,83;6;6;3;2;19,83
Sud;Campania;NA;A617;3;3,5;13,98;2,5;3,86;26,84
Nord Ovest;Lombardia;MI;A618;33;110,61;37,94;3,67;3;188,22
Nord Ovest;Lombardia;VA;A619;3;14,66;4;1;6,5;29,16
Isole;Sardegna;OR;A621;0;1,6;4,6;2;3,5;11,7
Nord Ovest;Piemonte;TO;A625;0;4;1;6;11;22
Centro;Marche;AN;A626;2;3;2;1;6;14
Centro;Lazio;VT;A628;2;7;6;1;2;18
Nord Ovest;Piemonte;CN;A629;0;0;0;0;4;4
Nord Ovest;Lombardia;BS;A630;0;3;7;5;6;21
Nord Ovest;Lombardia;BG;A631;0;1;5;3;1;10
Centro;Toscana;FI;A632;9,01;40,55;49,43;25,67;29,39;154,05
Nord Ovest;Lombardia;PV;A634;0;0;2,5;1;2;5,5
Nord Est;Veneto;PD;A637;0;2;1;0;4;7
Isole;Sicilia;ME;A638;11;39,67;70,94;65,76;55,61;242,98
Nord Est;Friuli- Venezia Giulia;PN;A640;0;2,5;3;4;5;14,5
Nord Ovest;Valle d'Aosta;AO;A643;0;0;0;0;0;0
Nord Est;Emilia-Romagna;PR;A646;2;4,21;11,75;8,72;19,46;46,14
Nord Ovest;Liguria;SV;A647;4;7;4;7;8;30
Nord Est;Veneto;VR;A650;17;55,51;30,53;18,67;19,16;140,87
Nord Ovest;Piemonte;TO;A651;67,84;108,59;35,03;8;7,5;226,96
Nord Ovest;Lombardia;MI;A652;12,5;106,29;92,33;28;31;270,12
Nord Ovest;Piemonte;NO;A653;0;0;0;0;2,67;2,67
Isole;Sardegna;OR;A655;1;1;0;1;0;3
Sud;Abruzzo;AQ;A656;1;3;1;1;2;8
Centro;Toscana;LU;A657;6;7;20;13;56,5;102,5
Nord Ovest;Liguria;GE;A658;2;17,5;12;7;4;42,5
Nord Ovest;Piemonte;CN;A660;3,89;31;29;21,28;34,67;119,84
Nord Ovest;Lombardia;BS;A661;0;3;3,83;2;1,42;10,25
Sud;Puglia;BA;A662;584,8;1344,34;1129,32;743,02;441,67;4243,15
Isole;Sardegna;NU;A663;2;10,5;9;0;17;38,5
Nord Ovest;Lombardia;BG;A664;2;11;15,5;12;9;49,5
Nord Est;Emilia-Romagna;BO;A665;6;44,5;32,5;18;26;127
Sud;Basilicata;PZ;A666;5;4;4;3;8;24
Sud;Abruzzo;AQ;A667;3,5;3;5;0;5;16,5
Nord Ovest;Lombardia;MI;A668;1;39;24;12;17;93
Sud;Puglia;BA;A669;125,26;263,27;248,82;131,58;87,09;856,02
Nord Ovest;Lombardia;CO;A670;1;9;1;1;0;12
Nord Ovest;Piemonte;CN;A671;1;0;3;1;2;7
Nord Ovest;Piemonte;TO;A673;0;1;0;2;6;9
Sud;Campania;SA;A674;12;31,67;53,39;25,78;36,28;159,12
Isole;Sicilia;EN;A676;9,8;12,83;10;10,5;14,37;57,5
Isole;Sardegna;CA;A677;2;2;1;0;1;6
Sud;Abruzzo;AQ;A678;0;11;4;2;1;18
Isole;Sardegna;CA;A681;0;0,88;0;2;2,5;5,38
Nord Ovest;Lombardia;LC;A683;3;4;9;4,08;3,5;23,58
Nord Ovest;Lombardia;BG;A684;0;4;0;2;9;15
Nord Ovest;Lombardia;LC;A686;1;15;21;9,33;15,33;61,66
Nord Ovest;Lombardia;LC;A687;11;36,42;19,19;5;3;74,61
Nord Ovest;Piemonte;AL;A689;0;2;6;2;8;18
Nord Ovest;Lombardia;PV;A690;0;9;6,5;5,75;1,5;22,75
Centro;Umbria;TR;A691;4;10,5;5,5;4;13;37
Sud;Abruzzo;TE;A692;1;1;3;4,76;3;12,76
Sud;Campania;BN;A696;2;1,33;7;2;6;18,33
Nord Ovest;Lombardia;MI;A697;2;26,5;20,5;7;7,75;63,75
Isole;Sicilia;ME;A698;1;1;2;2,5;1;7,5
Nord Ovest;Lombardia;MI;A699;8;68,6;100,25;94,25;67,83;338,93
Nord Est;Friuli- Venezia Giulia;UD;A700;0,5;8;16;6,67;36;67,17
Centro;Lazio;VT;A701;1;7,75;9,5;9;4;31,25
Nord Ovest;Lombardia;BS;A702;1;3;0;4,67;3;11,67
Nord Est;Veneto;VI;A703;17,08;111,04;128,12;122,88;151,17;530,29
Centro;Lazio;VT;A704;4;14;15,5;16,89;17,5;67,89
Nord Ovest;Lombardia;VA;A705;1;2;3;2;5,5;13,5
Centro;Lazio;VT;A706;7;4;7;5;8,5;31,5
Centro;Lazio;LT;A707;4,34;10,33;2;1;2;19,67
Nord Ovest;Piemonte;AL;A708;2;2,1;2;5,67;10,5;22,27
Nord Ovest;Piemonte;CN;A709;0;1;2;0;7;10
Centro;Umbria;PG;A710;20;70,5;76,17;63,92;47;277,59
Nord Ovest;Lombardia;PV;A712;0;0;4;0;7;11
Nord Est;Emilia-Romagna;MO;A713;4;26;24;6,75;4,5;65,25
Nord Est;Veneto;PD;A714;0;14;21;9,5;8,5;53
Nord Ovest;Piemonte;CN;A716;0;2;0;0;0;2
Sud;Campania;SA;A717;13,96;88,5;105,56;109,37;51,16;368,55
Nord Ovest;Lombardia;PV;A718;2;4;2,5;5;3;16,5
Isole;Sicilia;PA;A719;0;3;4;0;1;8
Centro;Lazio;FR;A720;1,5;3,5;1;7,75;7,5;21,25
Isole;Sardegna;OR;A721;2;0;0;0;2;4
Isole;Sardegna;NU;A722;0;11,14;4,17;5;5;25,31
Nord Ovest;Piemonte;VB;A725;24,5;63,83;24,5;14,65;19,33;146,81
Nord Ovest;Lombardia;VA;A728;0;5;0;0;4;9
Nord Ovest;Lombardia;BS;A729;0;32;25,5;20,75;49,92;128,17
Nord Est;Emilia-Romagna;PR;A731;1;9,5;14,88;8,67;22,47;56,52
Nord Ovest;Lombardia;BG;A732;0;1;1;2;4;8
Nord Ovest;Piemonte;VB;A733;0;3;5;4;1,5;13,5
Nord Ovest;Piemonte;TO;A734;7;124,5;89,9;30;24,5;275,9
Nord Ovest;Piemonte;CN;A735;1;4;11;8;7,5;31,5
Sud;Calabria;CZ;A736;2;3;4;2;1;12
Nord Est;Veneto;VR;A737;1;8;10;10;11,17;40,17
Nord Ovest;Piemonte;AL;A738;0;4;3;0;1,17;8,17
Centro;Marche;MC;A739;0;2;3,44;0;3;8,44
Centro;Marche;PS;A740;1;3;4;1,5;3;12,5
Nord Ovest;Lombardia;PV;A741;1;31,5;28,16;15;13,5;89,16
Nord Ovest;Piemonte;VB;A742;2;11;11;1;5;30
Sud;Basilicata;PZ;A743;2,97;6,56;11,02;7,58;4,25;32,38
Nord Ovest;Lombardia;LC;A745;12;40,39;22,06;9,22;6;89,67
Sud;Abruzzo;TE;A746;0;13;7,5;9;21;50,5
Nord Est;Emilia-Romagna;RN;A747;42,05;126,84;38,25;30,09;21,5;258,73
Centro;Lazio;RM;A749;5,5;9;3;6;2,75;26,25
Nord Ovest;Piemonte;CN;A750;0;0;1,75;0,5;1;3,25
Nord Ovest;Lombardia;MI;A751;7;23,5;20,33;4;6,75;61,58
Nord Ovest;Piemonte;NO;A752;2;24;36;20;33,5;115,5
Sud;Campania;CE;A755;3;5;8;11,75;21,5;49,25
Sud;Campania;SA;A756;0;0;3;2;3;8
Nord Est;Veneto;BL;A757;46,43;142,27;157,72;100,86;118,2;565,48
Nord Ovest;Lombardia;MI;A759;8;46;33,66;8,5;11,99;108,15
Centro;Marche;AP;A760;0;0;0;1;2;3
Sud;Molise;IS;A761;0;0;4,5;0;0;4,5
Sud;Calabria;CS;A762;2,25;5,75;2;1;4;15
Centro;Lazio;FR;A763;1;0;0;0;1,5;2,5
Isole;Sicilia;PA;A764;10;16,5;18;12;18,25;74,75
Centro;Lazio;RI;A765;1;2;0;1;1;5
Isole;Sicilia;CT;A766;11,67;39,7;83,83;67,68;62,52;265,4
Sud;Calabria;CS;A768;0;0;2;0;0,67;2,67
Centro;Marche;AN;A769;5;4,5;3,5;3;6,72;22,72
Nord Ovest;Piemonte;AT;A770;0;0;0;1;8,75;9,75
Nord Est;Emilia-Romagna;BO;A771;32,16;44,83;24,07;9;11,67;121,73
Sud;Calabria;KR;A772;1,12;4;2;0;1;8,12
Sud;Calabria;CS;A773;25,3;58,11;27,33;31,08;23,5;165,32
Nord Ovest;Piemonte;CN;A774;0;0;1;2;4;7
Isole;Sardegna;NU;A776;0;0;1;0;1;2
Nord Ovest;Lombardia;SO;A777;1;1;0;0;0;2
Nord Ovest;Lombardia;CO;A778;0;1;0,42;0;0;1,42
Nord Ovest;Piemonte;CN;A779;0;4,5;9;4;23,17;40,67
Sud;Calabria;RC;A780;2;0;2;4;2;10
Isole;Sardegna;SS;A781;0;1;0;3;2;6
Nord Ovest;Piemonte;CN;A782;0;2;3;1;1;7
Sud;Campania;BN;A783;35,04;115,17;144,3;134,06;114,14;542,71
Nord Ovest;Piemonte;BI;A784;0;2;1,5;1;8;12,5
Nord Est;Emilia-Romagna;BO;A785;1,5;27,27;25;10;11,88;75,65
Nord Ovest;Lombardia;BG;A786;5;11;11,5;13,9;15,9;57,3
Nord Ovest;Lombardia;SO;A787;1;14,36;12;5;8;40,36
Nord Est;Emilia-Romagna;PR;A788;5,5;8;14;6;10,25;43,75
Isole;Sardegna;SS;A789;1;7;10,5;11;14,56;44,06
Nord Ovest;Lombardia;CO;A791;0;13;9;10,16;5,34;37,5
Nord Ovest;Lombardia;PV;A792;2;11;8;6;5,83;32,83
Nord Ovest;Piemonte;AL;A793;1;2,31;2;2,5;8;15,81
Nord Ovest;Lombardia;BG;A794;257,08;614,53;645,21;354,02;280,68;2151,52
Nord Est;Veneto;RO;A795;0;1;3;6,17;11;21,17
Nord Ovest;Liguria;SV;A796;16,92;18;9,5;7,5;5,5;57,42
Nord Ovest;Piemonte;CN;A798;0;0;0;0;2;2
Nord Ovest;Lombardia;BS;A799;2;11,5;7,5;5;4;30
Sud;Basilicata;MT;A801;16,5;77,5;30,5;21,67;12,5;158,67
Nord Ovest;Lombardia;MI;A802;18;93,83;65,17;37,67;30,25;244,92
Nord Ovest;Lombardia;MI;A804;4;6;8;6,29;5,5;29,79
Nord Ovest;Piemonte;CN;A805;4;9;13,1;8;16,6;50,7
Nord Est;Emilia-Romagna;FO;A809;5;48;52,22;32,5;41,3;179,02
Nord Est;Friuli- Venezia Giulia;UD;A810;1;0;3;4;16,5;24,5
Nord Ovest;Lombardia;LO;A811;1;7;10;3,75;1;22,75
Nord Ovest;Piemonte;AT;A812;0;0;1;1,5;0;2,5
Nord Ovest;Piemonte;AL;A813;0;0;0;0;0;0
Nord Ovest;Lombardia;BG;A815;0;4;1;3;6,5;14,5
Nord Ovest;Lombardia;BS;A816;1,33;6,33;3,88;1;4;16,54
Nord Ovest;Lombardia;BS;A817;2;5,25;9,3;7,11;7;30,66
Nord Ovest;Lombardia;MI;A818;12,56;56,17;74,97;35;45,4;224,1
Nord Ovest;Lombardia;VA;A819;2;15;5,5;4,3;6,67;33,47
Nord Ovest;Lombardia;MI;A820;2;14;9,83;6;7,33;39,16
Nord Est;Emilia-Romagna;PC;A823;0;0;0;1;10,4;11,4
Nord Ovest;Lombardia;VA;A825;6;27,5;26,17;13,84;20,33;93,84
Nord Ovest;Lombardia;VA;A826;5;27,33;28,5;13;35,05;108,88
Isole;Sardegna;SS;A827;0;0;1;0;1;2
Nord Est;Emilia-Romagna;PC;A831;0;15,5;15,53;10,1;15,17;56,3
Centro;Umbria;PG;A832;4;12;11,5;5;23,5;56
Nord Ovest;Piemonte;VB;A834;1,33;4,5;3,83;4;4,67;18,33
Centro;Umbria;PG;A835;4;12;14,5;8;22,3;60,8
Nord Ovest;Liguria;SP;A836;3;3;8,25;4;13,5;31,75
Nord Est;Veneto;VR;A837;0;3,5;5;4;13;25,5
Isole;Sicilia;CT;A841;15;38,83;41,88;25,17;28,84;149,72
Sud;Calabria;CS;A842;1;1;0;1;1,6;4,6
Sud;Calabria;RC;A843;8;8;12,8;14,25;8;51,05
Nord Ovest;Piemonte;NO;A844;1;1;2;2;2;8
Nord Ovest;Lombardia;VA;A845;2;11,5;14;6;17;50,5
Nord Ovest;Lombardia;BG;A846;10;8;3;2;2;25
Nord Ovest;Piemonte;VC;A847;0;5;6;3;8,84;22,84
Nord Ovest;Lombardia;SO;A848;1;5;2;2;4,5;14,5
Nord Ovest;Lombardia;MI;A849;12;63,39;65;27,96;29,72;198,07
Nord Est;Emilia-Romagna;RE;A850;5;37;37,33;24;31;134,33
Centro;Toscana;AR;A851;4;15,33;27,5;17,5;35,17;99,5
Centro;Toscana;LI;A852;43,66;46,1;10,64;6;3;109,4
Nord Ovest;Piemonte;TO;A853;2;11,5;12,72;5,94;15,17;47,33
Sud;Puglia;FG;A854;11;6,5;2,34;5;0,67;25,51
Nord Est;Friuli- Venezia Giulia;UD;A855;0;2;3;3;9;17
Isole;Sardegna;OR;A856;0;0;0;0;1;1
Centro;Lazio;VT;A857;5;9;9,08;2,5;4,5;30,08
Nord Ovest;Piemonte;BI;A859;60,8;281,32;223,64;121,25;149,83;836,84
Nord Ovest;Lombardia;BS;A861;1;9,17;11,5;3,5;5;30,17
Centro;Toscana;PI;A864;1;35,2;21,88;29,5;20,94;108,52
Nord Ovest;Lombardia;CO;A870;5,83;31,67;24,07;6,44;11,13;79,14
Nord Ovest;Lombardia;MI;A872;6,5;44;45,95;20;15,08;131,53
Sud;Puglia;BA;A874;2;2;7,95;4;6,84;22,79
Nord Ovest;Piemonte;BI;A876;0;2;7;1;5;15
Nord Ovest;Valle d'Aosta;AO;A877;1;1;2;0;0;4
Nord Ovest;Lombardia;BS;A878;0;4;2;1;2,89;9,89
Isole;Sardegna;NU;A880;1;0;1;0;1;3
Sud;Campania;AV;A881;5;9,5;4;7;2,17;27,67
Isole;Sicilia;PA;A882;1;7;4,22;4,25;7,17;23,64
Sud;Puglia;BA;A883;81,09;214,3;259,77;117,84;51;724
Sud;Abruzzo;AQ;A884;1;2;1,5;0;0;4,5
Sud;Abruzzo;TE;A885;6;6;2;4;8;26
Sud;Calabria;CS;A887;4,5;6,42;7,67;6;11,93;36,52
Nord Ovest;Piemonte;AL;A889;2;6;11;5;13,5;37,5
Nord Ovest;Lombardia;VA;A891;2;15,5;16;9,5;7,5;50,5
Sud;Puglia;BA;A892;5;24,5;36,17;26,25;28;119,92
Sud;Puglia;BA;A893;39,77;114,65;185,16;110,8;83,52;533,9
Sud;Puglia;BA;A894;6;24;56,5;26,17;15,83;128,5
Isole;Sardegna;NU;A895;1;1,03;1;0;5,5;8,53
Isole;Sicilia;AG;A896;2;5,75;3;4,5;6;21,25
Sud;Calabria;RC;A897;4;4;3,5;2,67;0,5;14,67
Nord Ovest;Lombardia;CO;A898;1;6;8,6;5;10;30,6
Nord Ovest;Lombardia;BG;A903;0;1,5;0;0;1;2,5
Nord Ovest;Lombardia;CO;A904;1;2;2;1;1;7
Nord Ovest;Lombardia;CO;A905;1;6;3,33;8;11,07;29,4
Nord Est;Veneto;PD;A906;0;4,67;4,83;10,5;15,02;35,02
Nord Est;Emilia-Romagna;PC;A909;7,5;21;26,72;8,55;13,56;77,33
Nord Ovest;Piemonte;TO;A910;3;4;2;0;3;12
Nord Ovest;Piemonte;NO;A911;7;2;2;1;6;18
Sud;Calabria;CS;A912;3;0,25;0,5;2;2;7,75
Nord Ovest;Piemonte;VC;A914;0,33;3,94;1;2,94;3;11,21
Nord Ovest;Lombardia;VA;A918;2;5;5,5;4;15;31,5
Nord Ovest;Lombardia;LO;A919;2;12,5;5;9,5;4,5;33,5
Nord Ovest;Lombardia;MI;A920;8;9,5;18,42;8,5;8,5;52,92
Nord Ovest;Liguria;GE;A922;7;31;21;7,41;1;67,41
Nord Ovest;Piemonte;VB;A925;7;1;4,67;1;0,67;14,34
Nord Ovest;Piemonte;NO;A929;0;2,5;5;5;9;21,5
Sud;Molise;CB;A930;3;15;12,85;19,5;12,5;62,85
Nord Ovest;Liguria;SV;A931;8,5;14,67;15,5;5;9,07;52,74
Nord Ovest;Liguria;SP;A932;5;16,83;23;16,33;17;78,16
Nord Ovest;Lombardia;BG;A937;2;20,6;23,5;18;11;75,1
Nord Ovest;Lombardia;MI;A940;38,34;282,08;242,88;80,32;39,1;682,72
Nord Ovest;Piemonte;TO;A941;1;6;6;4;7;24
Sud;Basilicata;MT;A942;6;16;23;7,25;3,25;55,5
Nord Est;Emilia-Romagna;BO;A944;873,26;2599,17;1638,38;565,15;413,22;6089,18
Sud;Abruzzo;PE;A945;0;4;3,25;0;3;10,25
Isole;Sicilia;PA;A946;1;6;2;7,5;8,5;25
Centro;Marche;MC;A947;2;2;1;0;0,17;5,17
Isole;Sardegna;NU;A948;0;1;2;2;7,75;12,75
Centro;Lazio;VT;A949;13,67;21,9;6,67;13,83;9,17;65,24
Nord Ovest;Lombardia;BG;A950;7;45,17;37,17;18,33;12,01;119,68
Nord Ovest;Piemonte;NO;A953;0;4;1;3;3;11
Nord Est;Veneto;VI;A954;5;11;27;12;28,25;83,25
Centro;Lazio;VT;A955;3;9;7;5;1;25
Sud;Abruzzo;CH;A956;1;4;3;2;2,33;12,33
Isole;Sicilia;CL;A957;0;0;0;0;2;2
Isole;Sicilia;PA;A958;0;3,5;1;2;6,5;13
Nord Est;Emilia-Romagna;MO;A959;6;50,36;57,79;45,36;32,58;192,09
Isole;Sardegna;OR;A960;0;2,13;2;5;2;11,13
Nord Ovest;Liguria;SP;A961;3;14;13;4;2;36
Nord Ovest;Lombardia;BG;A962;2;30;32,33;14;15,67;94
Nord Ovest;Lombardia;BG;A963;7,07;38;38,15;31,75;30,5;145,47
Nord Est;Veneto;VR;A964;0;1;12;2,17;13,77;28,94
Nord Est;Emilia-Romagna;FE;A965;3;46,17;46,84;52,75;76,9;225,66
Sud;Campania;BN;A970;1,6;1,8;1;1;1,8;7,2
Sud;Molise;CB;A971;2;6,5;4;0,75;0;13,25
Nord Ovest;Lombardia;CR;A972;0;0;2;1;4;7
Sud;Calabria;CS;A973;18,5;22,5;13;7;5;66
Sud;Campania;AV;A975;0;2;1;0;4;7
Isole;Sardegna;SS;A976;1;2;2;3;6,88;14,88
Isole;Sardegna;SS;A977;2;4;3,5;1;7,5;18
Isole;Sardegna;SS;A978;1;6;7,33;3;10,17;27,5
Nord Ovest;Piemonte;CN;A979;0;1;0;0;1;2
Centro;Lazio;RI;A981;3,78;2;2,67;2,78;2,28;13,51
Nord Est;Veneto;BL;A982;1;11,5;8,25;2;4;26,75
Nord Est;Friuli- Venezia Giulia;UD;A983;1;2;3;3;1;10
Nord Ovest;Liguria;IM;A984;55,83;139,24;59,89;11;36,33;302,29
Nord Ovest;Lombardia;CR;A986;0;0;0;1;1;2
Nord Est;Emilia-Romagna;PR;A987;1;6;2;7;5,5;21,5
Nord Est;Emilia-Romagna;RE;A988;0,17;27,51;21,34;12,34;30,53;91,89
Nord Ovest;Lombardia;PV;A989;1;16,77;23,22;12;8,27;61,26
Nord Ovest;Piemonte;TO;A990;5;54;53,53;9,5;24,5;146,53
Isole;Sicilia;PA;A991;4;11,17;8;8,5;11,8;43,47
Nord Ovest;Liguria;SP;A992;1;9,05;2;4;2;18,05
Nord Ovest;Liguria;IM;A993;0;3;2;1,5;2;8,5
Nord Ovest;Lombardia;LO;A995;2;28;18,17;9,67;11;68,84
Centro;Lazio;RI;A996;1;2;1;1;2;7
Nord Ovest;Piemonte;AL;A998;2;3;5;1;12,5;23,5
Nord Ovest;Liguria;SV;A999;180,92;151,42;13;8;3,83;357,17
Nord Est;Emilia-Romagna;FO;B001;5;19;9,5;9;4,89;47,39
Sud;Calabria;CZ;B002;11,33;15,39;17;7;11,5;62,22
Nord Ovest;Piemonte;TO;B003;0;0;1;0;5,5;6,5
Nord Ovest;Liguria;SV;B005;12;34,25;7,5;4;3;60,75
Centro;Toscana;LU;B007;3;11;13;10;36,83;73,83
Centro;Lazio;RI;B008;10,67;12,5;7;7,22;5,33;42,72
Nord Ovest;Piemonte;VC;B009;3;1;9;2,88;18;33,88
Nord Ovest;Lombardia;BG;B010;0;5;6;4,5;4;19,5
Nord Ovest;Lombardia;MN;B012;1;11;4;3;12;31
Nord Ovest;Lombardia;PV;B014;0;1;2;1;11;15
Nord Ovest;Piemonte;TO;B015;1;5;7;9,5;14;36,5
Nord Ovest;Piemonte;NO;B016;1;3;5,5;9,5;14,75;33,75
Nord Ovest;Lombardia;LO;B017;0;11;13;10;5;39
Nord Ovest;Piemonte;CN;B018;0;0;0;0;2;2
Nord Ovest;Piemonte;NO;B019;16;84,5;66,5;44,62;66,08;277,7
Nord Ovest;Liguria;IM;B020;7,75;3;5;5;5,3;26,05
Nord Ovest;Piemonte;TO;B021;0;1;2;3;13;19
Nord Ovest;Piemonte;TO;B024;3;7;20;5;8,33;43,33
Nord Est;Emilia-Romagna;PC;B025;3;29,33;42,01;32,75;42,56;149,65
Centro;Marche;PS;B026;2;4;2;1,5;0;9,5
Nord Ovest;Lombardia;PV;B028;0;4,5;1;4;9;18,5
Nord Ovest;Piemonte;AL;B029;0;4;3;1;4;12
Nord Ovest;Lombardia;PV;B030;0;0;0;2;1,75;3,75
Nord Est;Veneto;PD;B031;1;18,5;18;17;39,58;94,08
Nord Ovest;Piemonte;CN;B033;9,04;50,5;69;37;37,75;203,29
Nord Est;Emilia-Romagna;PR;B034;18;88,62;150,82;67;49,87;374,31
Nord Ovest;Lombardia;BS;B035;3;17;11,67;20,22;28,01;79,9
Centro;Toscana;FI;B036;16,57;63,16;59,66;46,26;47,28;232,93
Nord Ovest;Piemonte;AL;B037;0;0,22;3;5;9,44;17,66
Nord Ovest;Lombardia;PV;B038;0;1;3;2;2;8
Nord Ovest;Lombardia;BS;B040;4,5;36,78;22,61;27,32;29;120,21
Nord Ovest;Piemonte;VC;B041;5;48;34,67;18,67;42,83;149,17
Nord Est;Emilia-Romagna;PR;B042;7,5;26,18;34,33;21,16;25,16;114,33
Nord Ovest;Piemonte;NO;B043;2;15,5;22;14;23;76,5
Nord Est;Emilia-Romagna;BO;B044;0;16,5;18,67;6;5,5;46,67
Nord Ovest;Piemonte;VC;B046;0;8;9;12;13,05;42,05
Nord Ovest;Liguria;SV;B048;0;0;0;1;0,5;1,5
Nord Ovest;Lombardia;SO;B049;16;44,53;16,9;8,15;4;89,58
Nord Ovest;Lombardia;PV;B051;0,5;18;19;10,08;5,5;53,08
Nord Ovest;Lombardia;BS;B054;14,5;44,84;16,25;10;8;93,59
Isole;Sardegna;OR;B055;0;0;0;0;1;1
Isole;Sardegna;NU;B056;0;2;2;2,5;8,5;15
Sud;Abruzzo;CH;B057;0;0;0;0;0;0
Nord Ovest;Piemonte;BI;B058;0;0;0,67;4;3;7,67
Nord Est;Veneto;TV;B061;4;4,41;6;6;23,83;44,24
Isole;Sardegna;NU;B062;1;1;4;1,95;4;11,95
Isole;Sardegna;SS;B063;1;0;4,67;2,67;3,13;11,47
Isole;Sardegna;SS;B064;0;2;0;3;0;5
Nord Ovest;Liguria;GE;B067;9,5;13,5;12,89;9;10;54,89
Isole;Sardegna;NU;B068;10;46,35;24,44;18;18;116,79
Nord Est;Veneto;RO;B069;1;2,86;5,48;3,48;10,33;23,15
Nord Est;Veneto;VR;B070;0;0;1;3,5;2,5;7
Nord Ovest;Piemonte;AL;B071;0;2;6,5;3;15,67;27,17
Nord Est;Veneto;VR;B073;32,5;62,33;16;11;14;135,83
Nord Ovest;Piemonte;TO;B075;0;2;8;5;12;27
Sud;Campania;NA;B076;11,02;18,5;35,61;37,77;16,67;119,57
Sud;Campania;NA;B077;10,33;28,51;27;11,75;9;86,59
Nord Ovest;Piemonte;CN;B079;0;1;1;1;0;3
Nord Ovest;Piemonte;AL;B080;1;1;7;1;5;15
Nord Ovest;Lombardia;LC;B081;2,5;11,5;17,1;13,43;7;51,53
Nord Ovest;Lombardia;PV;B082;0;0;1;0;4,94;5,94
Nord Ovest;Lombardia;BG;B083;0,5;3;6,17;2;1;12,67
Nord Ovest;Piemonte;CN;B084;0;5;4;3;6;18
Sud;Calabria;CZ;B085;13,5;19,66;19,73;3;8;63,89
Sud;Puglia;LE;B086;0;2;5;4;9,49;20,49
Nord Ovest;Lombardia;BG;B088;8;24;20;10,5;8;70,5
Nord Ovest;Lombardia;BS;B091;5;36;38,5;38,8;40,38;158,68
Isole;Sardegna;SS;B094;0;0;0;0;1;1
Sud;Calabria;RC;B097;3;2;5;0,5;1;11,5
Sud;Calabria;RC;B098;3;11;16,29;13,5;6,61;50,4
Sud;Calabria;RC;B099;6,63;13;10;9,5;4;43,13
Nord Ovest;Lombardia;BS;B100;5;5,67;10,22;7;5;32,89
Nord Ovest;Piemonte;CN;B101;7,33;21,95;26,83;17,13;18,98;92,22
Nord Ovest;Lombardia;BS;B102;5;29;24;15;15;88
Sud;Puglia;FG;B104;7,85;9,47;10,67;4;2;33,99
Nord Ovest;Lombardia;MI;B105;24;116,49;84,67;42,33;26,89;294,38
Nord Est;Veneto;PD;B106;1,16;16,5;6,33;7,5;24,83;56,32
Nord Est;Veneto;VR;B107;6,67;35,67;51,19;39,66;77,83;211,02
Nord Ovest;Piemonte;AL;B109;0;0;1;1;4;6
Nord Ovest;Lombardia;MN;B110;0;4;12;3;23,22;42,22
Nord Ovest;Piemonte;CN;B111;22,61;99;157,3;56,87;75,44;411,22
Nord Ovest;Lombardia;BG;B112;0;5,5;3;0;7;15,5
Centro;Lazio;RM;B114;23;83,05;58,32;48,5;33,83;246,7
Sud;Campania;SA;B115;5;8;5;7,33;6;31,33
Nord Ovest;Lombardia;PV;B117;1;12,5;5,44;1;4;23,94
Sud;Calabria;RC;B118;8;10,22;12,89;4;7,89;43
Nord Ovest;Lombardia;BS;B120;1;6;4;3;2;16
Nord Ovest;Piemonte;TO;B121;5;49,92;31;14;13,17;113,09
Nord Ovest;Lombardia;BG;B123;10,08;7;2,5;1;1;21,58
Nord Ovest;Lombardia;BS;B124;1;2;2;0,65;0,1;5,75
Nord Ovest;Lombardia;VA;B126;0;14,67;13;8,5;13;49,17
Nord Est;Veneto;TV;B128;2;23,67;16;12,68;28,5;82,85
Nord Ovest;Lombardia;CR;B129;1;14;22,5;13;26;76,5
Nord Est;Veneto;VI;B132;2;14;15,83;11,5;26,08;69,41
Nord Ovest;Lombardia;CO;B134;4,13;19,33;24;17,25;21,17;85,88
Nord Ovest;Lombardia;BG;B137;5;33,61;35;15,92;15,91;105,44
Nord Ovest;Lombardia;BG;B138;6;22,5;44;24,95;24,12;121,57
Nord Ovest;Lombardia;LO;B141;1;14;6,01;7;4,34;32,35
Nord Ovest;Lombardia;PV;B142;0;3;4;2;7;16
Nord Est;Veneto;VI;B143;2;9;11,75;10;11;43,75
Nord Ovest;Lombardia;CO;B144;1;7;6;1;4;19
Nord Ovest;Lombardia;BS;B149;4;6,83;9;11,25;9,75;40,83
Nord Ovest;Lombardia;VA;B150;0;5;4;1;4;14
Nord Est;Veneto;VR;B152;5;3;4;7;8;27
Nord Est;Veneto;VR;B154;15,14;18,5;14,71;7,61;8;63,96
Nord Est;Emilia-Romagna;RE;B156;0;21;29,33;12,06;24,81;87,2
Nord Ovest;Lombardia;BS;B157;281,51;1029,08;928,59;506,77;453,11;3199,06
Nord Ovest;Lombardia;PV;B159;0;27;23;5;7;62
Nord Est;Veneto;VI;B161;1;5;7;5;11,19;29,19
Nord Ovest;Lombardia;MI;B162;51;193,08;92,51;37,33;14;387,92
Nord Ovest;Lombardia;VA;B166;12;24,5;5;2,5;14,5;58,5
Nord Ovest;Piemonte;CN;B167;0;0;0;1;1;2
Sud;Calabria;VV;B169;14,56;30,56;10;6;5,28;66,4
Nord Ovest;Piemonte;TO;B171;5,5;18,5;15,83;5,39;21,55;66,77
Nord Ovest;Lombardia;CO;B172;0;4;3;2;2;11
Sud;Basilicata;PZ;B173;1;4;6,17;6,5;1,5;19,17
Nord Ovest;Piemonte;CN;B175;1,5;3,5;1,5;1;1;8,5
Nord Ovest;Piemonte;NO;B176;3;16;10;9;12,5;50,5
Nord Ovest;Lombardia;BG;B178;3,5;31,5;35;17;17,5;104,5
Nord Ovest;Piemonte;AL;B179;0;0;0;0;3,83;3,83
Sud;Puglia;BR;B180;41,92;183,21;298,07;249,22;140,09;912,51
Sud;Basilicata;PZ;B181;2;2;0;1;0;5
Nord Ovest;Lombardia;VA;B182;0,5;4,33;3;3;2;12,83
Nord Ovest;Piemonte;NO;B183;0;5,56;6;1;2,56;15,12
Nord Ovest;Lombardia;BS;B184;1;6;3,83;2,5;2;15,33
Nord Ovest;Lombardia;MI;B187;5,9;25,39;33;15,53;18,47;98,29
Nord Est;Emilia-Romagna;RA;B188;2;25;17,83;17,83;26,67;89,33
Nord Ovest;Lombardia;VA;B191;1;2,22;5;5,61;6;19,83
Nord Ovest;Valle d'Aosta;AO;B192;2;5;4;0;0,5;11,5
Sud;Abruzzo;PE;B193;2,33;2;2,5;1,5;0;8,33
Nord Ovest;Lombardia;LC;B194;4;16;14,67;5,78;11,42;51,87
Centro;Lazio;FR;B195;0;0;3;3;6,75;12,75
Nord Est;Veneto;VI;B196;0;11;6;8,67;7,75;33,42
Sud;Calabria;VV;B197;0;0;1;0;1;2
Isole;Sicilia;ME;B198;3;10,65;15,97;9;9;47,62
Nord Ovest;Piemonte;CN;B200;1;1;4;3;0,5;9,5
Nord Ovest;Lombardia;PV;B201;12;37,54;56,5;25,5;29;160,54
Isole;Sicilia;CT;B202;12,04;27,61;22,95;34;32,77;129,37
Nord Ovest;Piemonte;CN;B204;1;6;3,67;3;5,5;19,17
Nord Ovest;Piemonte;TO;B205;2;4;0;2;0;8
Nord Ovest;Piemonte;VB;B207;4;7;5,17;5;2,09;23,26
Nord Ovest;Piemonte;TO;B209;0;2;4;1;5,01;12,01
Nord Ovest;Lombardia;MI;B212;39,5;195,61;165,15;46;42;488,26
Nord Est;Veneto;PD;B213;1;11,91;19;9,83;23,56;65,3
Nord Ovest;Liguria;SP;B214;1;0;3,29;4,89;1,33;10,51
Nord Est;Friuli- Venezia Giulia;PN;B215;3;10;13;18;31,12;75,12
Nord Ovest;Piemonte;TO;B216;3;24;41,4;14,5;30,23;113,13
Nord Ovest;Lombardia;BG;B217;2;0;1,5;1;0;4,5
Nord Ovest;Lombardia;CO;B218;7;8,17;3;8,67;7;33,84
Nord Ovest;Lombardia;VA;B219;1;0;3;4;2,17;10,17
Nord Ovest;Piemonte;AT;B221;0;0;0;1;1,5;2,5
Nord Ovest;Lombardia;BG;B223;4;12;19,4;15;16;66,4
Nord Ovest;Piemonte;TO;B225;2;2;9;5;16;34
Sud;Campania;NA;B227;18;21,16;45,5;25,57;26;136,23
Nord Ovest;Lombardia;VA;B228;1;15,03;7,5;1,5;3;28,03
Nord Ovest;Piemonte;BI;B229;1;7;6;0;10;24
Nord Ovest;Valle d'Aosta;AO;B230;12,8;26;10;1;5;54,8
Nord Ovest;Piemonte;TO;B232;1;2;7;8;11;29
Sud;Calabria;RC;B234;0;2;3;1;2;8
Nord Ovest;Lombardia;MI;B235;1;20;11,5;11,81;7,1;51,41
Nord Ovest;Piemonte;AT;B236;1;4;0;2;8;15
Isole;Sicilia;SR;B237;2;6;3;9;5,5;25,5
Sud;Abruzzo;CH;B238;2;1;4,89;4,5;16,45;28,84
Sud;Campania;BN;B239;3;2;3,3;2;2;12,3
Nord Ovest;Lombardia;MI;B240;40;123,72;113,7;44,7;36,5;358,62
Sud;Campania;SA;B242;4,5;7;3;2;4,12;20,62
Centro;Toscana;AR;B243;5,5;27;33,84;24,6;43,25;134,19
Isole;Sardegna;SS;B246;2;2,9;2;3;12,17;22,07
Nord Est;Friuli- Venezia Giulia;PN;B247;1;6,33;10;6,67;20,42;44,42
Isole;Sardegna;NU;B248;31,55;129,45;44,16;17,5;11,58;234,24
Nord Est;Emilia-Romagna;BO;B249;18;89;55,18;34,52;54,91;251,61
Isole;Sardegna;CA;B250;6,75;22;5;0;1;34,75
Centro;Toscana;PT;B251;8;46,03;30,12;15,17;27,97;127,29
Nord Ovest;Lombardia;SO;B255;1,61;2,94;8;2,83;6,48;21,86
Sud;Abruzzo;AQ;B256;0;3;1,33;3,17;4;11,5
Nord Ovest;Lombardia;VA;B258;0;4;4,5;9;17,5;35
Nord Est;Friuli- Venezia Giulia;UD;B259;0;6,5;13,17;10,83;20,33;50,83
Nord Ovest;Lombardia;LC;B261;3,02;24,33;11;12;7;57,35
Nord Ovest;Lombardia;CO;B262;4;8,5;13,15;7;6,67;39,32
Isole;Sardegna;SS;B264;0;0;0;0;1;1
Isole;Sardegna;SS;B265;0;0;0;0;3;3
Sud;Campania;SA;B266;0;4;3;1;3,75;11,75
Sud;Campania;BN;B267;0;2;3,75;1,61;2,5;9,86
Sud;Abruzzo;CH;B268;0;0;2;0;0;2
Centro;Toscana;SI;B269;7,33;11;9,25;8;12;47,58
Sud;Calabria;CS;B270;1;2;0;1;2;6
Nord Ovest;Lombardia;MI;B272;3;8;28,17;14,78;18,33;72,28
Isole;Sardegna;CA;B274;0;1;1;0;2,67;4,67
Isole;Sicilia;AG;B275;3;2;4;4;4,5;17,5
Isole;Sardegna;SS;B276;0;0;0;0;3,9;3,9
Nord Ovest;Piemonte;TO;B278;1;3,5;6;2;4;16,5
Nord Ovest;Piemonte;TO;B279;0;0;2;2;8,95;12,95
Nord Ovest;Piemonte;VC;B280;0;0;3;1;3;7
Isole;Sardegna;OR;B281;1;0;0;1;4,67;6,67
Nord Ovest;Liguria;GE;B282;1;29,17;36,78;17,67;7,83;92,45
Nord Ovest;Piemonte;TO;B284;1;6;6;3,5;5;21,5
Nord Ovest;Piemonte;CN;B285;6,33;37,83;40,72;22;32,33;139,21
Nord Ovest;Lombardia;MI;B286;3;28,5;18,9;11;12,67;74,07
Isole;Sicilia;SR;B287;1;6;3,75;0;2;12,75
Isole;Sicilia;TP;B288;1;0;4;11;9,42;25,42
Nord Ovest;Lombardia;MI;B289;5;35,55;23,74;15;16,3;95,59
Nord Ovest;Lombardia;MI;B292;6;59,25;35,33;8;8,78;117,36
Nord Est;Emilia-Romagna;PR;B293;1;15;31,1;17,25;33,4;97,75
Sud;Abruzzo;PE;B294;0;5;8,67;1;2;16,67
Sud;Molise;CB;B295;0;8;2;3;4,28;17,28
Nord Est;Veneto;VR;B296;12,5;57,56;70,55;51,5;51,89;244
Nord Ovest;Piemonte;TO;B297;6;30,5;25,53;14,9;15,25;92,18
Nord Ovest;Lombardia;VA;B300;85,73;505,33;373,7;192,45;209,06;1366,27
Nord Ovest;Lombardia;MI;B301;13;62,17;58,5;39,9;48,44;222,01
Isole;Sicilia;CL;B302;23;22,5;14,92;8;15,5;83,92
Centro;Toscana;PI;B303;4,5;25,83;10;11;27,83;79,16
Nord Est;Veneto;VR;B304;3;18,66;21,5;17;20,83;80,99
Nord Ovest;Piemonte;TO;B305;2;25,5;33,25;16,6;16,83;94,18
Nord Ovest;Piemonte;AT;B306;1;7;8,67;2;15,67;34,34
Nord Est;Friuli- Venezia Giulia;UD;B309;0;7;16,5;7;25;55,5
Nord Ovest;Lombardia;BG;B310;1;10;36,75;17,25;16,81;81,81
Nord Ovest;Piemonte;AL;B311;1,5;9,4;8,83;2,8;4,8;27,33
Nord Ovest;Lombardia;VA;B312;2,67;3;2;3,5;0;11,17
Nord Ovest;Lombardia;CO;B313;3;26,4;17;14,78;22;83,18
Isole;Sardegna;OR;B314;2;25,44;23,13;14,34;22,57;87,48
Isole;Sicilia;PA;B315;7;21,66;21,5;9,5;15,75;75,41
Sud;Molise;IS;B317;0;2,78;0;1,5;1,5;5,78
Sud;Calabria;KR;B319;3;3;0;3,5;1,5;11
Nord Ovest;Lombardia;VA;B326;5,76;7;10;9;16,17;47,93
Nord Est;Emilia-Romagna;RE;B328;5;57,67;34,89;9,48;31;138,04
Nord Est;Emilia-Romagna;PC;B332;0;12;32,83;16,78;18,67;80,28
Nord Est;Veneto;PD;B345;0;49,34;67,15;41;37,92;195,41
Nord Ovest;Lombardia;CO;B346;12;32,13;42,83;15,46;15;117,42
Nord Est;Veneto;TV;B349;3;21;13,5;17,25;24,67;79,42
Nord Ovest;Piemonte;TO;B350;0;6;17;6;19;48
Sud;Campania;SA;B351;2;2;6,5;6;4;20,5
Centro;Marche;PS;B352;2;25,28;25,58;17,03;30,46;100,35
Isole;Sardegna;CA;B354;156,64;549,11;503,91;395,52;316,45;1921,63
Nord Ovest;Lombardia;CO;B355;8;20;2;3;2;35
Sud;Puglia;FG;B357;7;15,78;18,89;11;7;59,67
Sud;Abruzzo;AQ;B358;2;3;1;0;1;7
Sud;Campania;CE;B361;0;0;1;0;9,5;10,5
Sud;Campania;CE;B362;1;1;11;4;11,5;28,5
Nord Ovest;Lombardia;BS;B365;1;8,5;7;4;7;27,5
Nord Ovest;Lombardia;SO;B366;3;2;1;3;3,94;12,94
Sud;Campania;AV;B367;0;2;1;0;0,75;3,75
Nord Ovest;Lombardia;VA;B368;2;27,5;33,5;16,69;33,43;113,12
Nord Ovest;Liguria;SV;B369;12;56,67;86,17;40;22;216,84
Sud;Campania;NA;B371;42,58;61,62;87,19;45,19;31,67;268,25
Sud;Campania;AV;B374;0;4;6,17;6;2;18,17
Nord Est;Veneto;BL;B375;4,01;11,84;9,17;4,22;3,67;32,91
Nord Ovest;Piemonte;AT;B376;0;0;1;3;14,5;18,5
Isole;Sicilia;AG;B377;1;0;4;0,75;4;9,75
Isole;Sardegna;SS;B378;1;13;7,33;2,33;12;35,66
Sud;Calabria;RC;B379;0;0;0;0;1;1
Nord Ovest;Piemonte;VB;B380;3;3;4;3;1;14
Isole;Sicilia;EN;B381;5;10,42;6;6,5;6;33,92
Sud;Abruzzo;AQ;B382;0;0;3;0;0;3
Isole;Sardegna;CA;B383;6;36,88;17;12,5;14,25;86,63
Isole;Sicilia;CT;B384;16;20;14,75;14,74;13,83;79,32
Isole;Sicilia;TP;B385;9;14,92;20,77;15;17;76,69
Nord Ovest;Lombardia;PV;B387;2,08;4;5,57;4;11,5;27,15
Centro;Lazio;VT;B388;6;7;2,5;1;1;17,5
Centro;Toscana;PI;B390;3;18;23;11;29,9;84,9
Sud;Basilicata;MT;B391;4;4;0,94;0;1;9,94
Centro;Toscana;PI;B392;6;70,25;62,5;26,5;28,67;193,92
Nord Ovest;Lombardia;BG;B393;4;22,34;14,5;24,63;20,84;86,31
Nord Ovest;Lombardia;BS;B394;11,32;47,5;39,08;25,17;54,33;177,4
Nord Ovest;Lombardia;BG;B395;4;17,75;20,5;17,75;14;74
Nord Ovest;Lombardia;LC;B396;5,08;30,53;28,75;11;17,85;93,21
Centro;Marche;MC;B398;1;1,83;2;4,63;3,26;12,72
Nord Est;Emilia-Romagna;BO;B399;7,5;69,5;83,67;41,01;19,11;220,79
Nord Est;Veneto;VR;B402;4;23,75;46,6;19,86;25,2;119,41
Nord Est;Veneto;VI;B403;2;27,67;29,17;23,21;56,75;138,8
Nord Est;Emilia-Romagna;PC;B405;3;5,5;5;6,48;12,38;32,36
Centro;Toscana;FI;B406;17;89,33;58,83;37,29;40,1;242,55
Nord Est;Emilia-Romagna;PR;B408;4;12;19;9;11,17;55,17
Nord Ovest;Liguria;SV;B409;1;7;6;4;7;25
Nord Ovest;Liguria;SP;B410;0;5;4,75;3,5;4,89;18,14
Sud;Puglia;LE;B413;5;10,42;10;14,25;24,5;64,17
Sud;Campania;AV;B415;6;20,67;10;2;6,33;45
Nord Ovest;Liguria;SV;B416;6;18;9;6;5;44
Nord Ovest;Piemonte;BI;B417;0;1;0;1;1;3
Nord Ovest;Piemonte;AT;B418;3;3,5;6;4;18,52;35,02
Nord Ovest;Lombardia;LC;B423;3,02;38,57;50,04;23;21;135,63
Sud;Calabria;CS;B424;9,83;11,28;3;2;0,67;26,78
Nord Ovest;Piemonte;AT;B425;0;0;2;0;11,33;13,33
Sud;Calabria;CS;B426;2;1;1,04;1;1;6,04
Isole;Sicilia;AG;B427;5;9;6;6,59;5,5;32,09
Isole;Sicilia;CT;B428;37,34;111,85;113,34;92,26;103,7;458,49
Isole;Sicilia;CL;B429;101,75;188,04;182,25;178,71;107,86;758,61
Isole;Sicilia;PA;B430;0,5;8,5;3,44;2;4,33;18,77
Nord Ovest;Piemonte;NO;B431;0;2;11;4,5;4;21,5
Nord Est;Veneto;RO;B432;0;1;1;1;12;15
Nord Est;Veneto;VI;B433;0;1;3;2;12,5;18,5
Nord Ovest;Lombardia;BG;B434;7;54;35,34;28,1;20,67;145,11
Nord Ovest;Piemonte;TO;B435;3;26,99;42,5;15;34;121,49
Nord Ovest;Lombardia;BS;B436;0,5;4;12,5;7,5;10,67;35,17
Sud;Campania;SA;B437;0;3;2;2;5;12
Nord Ovest;Lombardia;CR;B439;0;1;1;2,5;8;12,5
Sud;Basilicata;PZ;B440;1;1;4;0;2,5;8,5
Nord Est;Veneto;VI;B441;0;1;2;7;6,5;16,5
Nord Ovest;Lombardia;BG;B442;5;21,5;27;13;13;79,5
Sud;Basilicata;PZ;B443;0;2;1;0;0;3
Sud;Campania;BN;B444;0;0;5,5;3;6,92;15,42
Sud;Campania;CE;B445;3;4;1;7,2;13;28,2
Centro;Umbria;TR;B446;2;6,67;7;3;10;28,67
Nord Ovest;Lombardia;PV;B447;0;0;0;0;1;1
Nord Ovest;Lombardia;MI;B448;1;3;3;6;5;18
Nord Ovest;Lombardia;BS;B450;3,66;31,66;14,66;27,92;28,97;106,87
Sud;Campania;NA;B452;9,28;16;19,27;11,5;5;61,05
Nord Ovest;Piemonte;AL;B453;0;0;0;4;4,5;8,5
Centro;Toscana;LU;B455;31,66;129,15;135,5;71,86;129,66;497,83
Nord Ovest;Piemonte;BI;B457;0;0;3,33;1;2,72;7,05
Isole;Sicilia;AG;B460;2;4,67;3;0;4;13,67
Nord Ovest;Lombardia;MI;B461;7;50,5;32,5;18;13;121
Nord Ovest;Piemonte;TO;B462;2;15,17;20,25;11,67;16;65,09
Nord Ovest;Piemonte;VB;B463;2;4,88;2;1,38;7;17,26
Nord Ovest;Piemonte;BI;B465;1;2;4;3;12;22
Sud;Molise;IS;B466;6;4;3;2;1;16
Nord Ovest;Piemonte;CN;B467;0;0;0;0;4;4
Centro;Marche;AN;B468;4;7,72;14,67;12,5;9;47,89
Nord Ovest;Piemonte;AT;B469;0;2;2;2;6,5;12,5
Centro;Marche;AN;B470;2;11,01;7;3,5;6;29,51
Nord Ovest;Lombardia;BG;B471;0;2;0;3,67;2,67;8,34
Centro;Lazio;RM;B472;0,67;0,67;1,67;0;0;3,01
Nord Ovest;Piemonte;NO;B473;8;50;61,17;22,58;28;169,75
Centro;Marche;MC;B474;3;18;16;22,5;17,17;76,67
Sud;Campania;SA;B476;16,33;25,66;8;5;9;63,99
Sud;Campania;CE;B477;4;8;5,6;1,5;6,5;25,6
Sud;Calabria;RC;B481;2;3;1;0;0;6
Nord Ovest;Piemonte;AL;B482;1;2;1;1;16,75;21,75
Nord Est;Friuli- Venezia Giulia;UD;B483;0;1;0;0;10,17;11,17
Nord Ovest;Lombardia;CR;B484;0;3;4;4,5;3,5;15
Nord Est;Veneto;VI;B485;2;26,5;30,5;25,5;47,5;132
Isole;Sicilia;AG;B486;7;13,17;7,33;4,92;6,33;38,75
Nord Ovest;Liguria;GE;B490;17,5;42,08;14,63;12,32;13,67;100,2
Nord Ovest;Valle d'Aosta;AO;B491;1;8;4;0;0;13
Sud;Campania;SA;B492;3,09;23,5;18,08;21,49;34,75;100,91
Nord Est;Veneto;VE;B493;1;19,5;12;10,61;16,92;60,03
Sud;Campania;CE;B494;1;1;3;3;6,33;14,33
Centro;Lazio;RM;B496;18;62;28,5;30;28,17;166,67
Centro;Toscana;GR;B497;3;11;7,83;4;9,5;35,33
Nord Ovest;Lombardia;CR;B498;0;0;0;3;1;4
Nord Est;Emilia-Romagna;RE;B499;3;19;20,5;8,5;21,83;72,83
Sud;Calabria;CS;B500;0;0;0;1;4;5
Nord Ovest;Lombardia;MI;B501;4;13,5;5,5;2,17;5;30,17
Nord Est;Emilia-Romagna;RE;B502;0,5;19,75;17,74;10;27,5;75,49
Centro;Umbria;PG;B504;2,99;4;12;3,86;6;28,85
Nord Ovest;Piemonte;VC;B505;0;6;2,33;2;7;17,33
Sud;Puglia;LE;B506;2,17;11;16,85;20,35;16,67;67,04
Centro;Toscana;FI;B507;39,33;225,93;178,28;81,83;87,14;612,51
Centro;Toscana;LI;B509;11,33;73,17;58,75;25;33;201,25
Nord Ovest;Piemonte;TO;B510;0;4;1;0;2,33;7,33
Nord Est;Veneto;VI;B511;0;0;1;0;9,67;10,67
Nord Ovest;Piemonte;TO;B512;0;0;6;1;4;11
Nord Ovest;Lombardia;CO;B513;11;28,1;9,33;7;6,5;61,93
Sud;Abruzzo;TE;B515;2;3,25;9;14;19,5;47,75
Sud;Calabria;RC;B516;2;4,63;5;2;7;20,63
Sud;Molise;CB;B519;44,91;149,55;189,78;163,13;111;658,37
Isole;Sicilia;AG;B520;10;19,75;21,75;11;32,5;95
Isole;Sicilia;TP;B521;5;31;28,17;27,51;16,7;108,38
Sud;Molise;CB;B522;1;4,21;2;0;1,07;8,28
Nord Est;Veneto;PD;B524;2;35;62,72;35,5;67,36;202,58
Sud;Abruzzo;AQ;B526;27,75;65,67;24,8;7;2;127,22
Centro;Lazio;LT;B527;2;2;1;0;2;7
Sud;Molise;CB;B528;0;3;6;3,83;11;23,83
Nord Ovest;Lombardia;SO;B530;18;26,17;7;3;0,83;55
Nord Est;Veneto;PD;B531;1;8;4;7;11,5;31,5
Isole;Sicilia;PA;B532;53,1;104,12;56,61;13;9;235,83
Isole;Sicilia;PA;B533;0;3;4;1;1;9
Centro;Marche;AP;B534;0;7;3;3;2;15
Isole;Sicilia;PA;B535;0;2;2;1;3;8
Nord Est;Friuli- Venezia Giulia;UD;B536;1;5;10;20;26,61;62,61
Isole;Sicilia;CL;B537;8;12,98;5;5;2,15;33,13
Nord Ovest;Liguria;GE;B538;3;14;14,5;1;4;36,5
Nord Est;Emilia-Romagna;MO;B539;5;29,35;32;17,5;22,83;106,68
Nord Ovest;Valle d'Aosta;AO;B540;9;5;3;1;2;20
Sud;Campania;BN;B541;0;0;1;0;1,5;2,5
Sud;Campania;BN;B542;0;0;1;0;0;1
Centro;Lazio;FR;B543;2;0;2,5;3;5;12,5
Sud;Molise;CB;B544;1;3;0;1;0;5
Nord Est;Veneto;VE;B546;4;23,5;24,51;11,17;34,26;97,44
Sud;Basilicata;PZ;B549;0;3;2;1;0;6
Sud;Molise;CB;B550;46,25;162,63;63,41;29;12;313,29
Nord Ovest;Liguria;GE;B551;3;29;33;5;7,5;77,5
Centro;Toscana;LI;B553;12,5;38,29;13,46;8,98;9,44;82,67
Nord Est;Veneto;VE;B554;2;38,75;31,5;23,75;46,59;142,59
Sud;Campania;SA;B555;0;0;0;0;0;0
Isole;Sicilia;PA;B556;2;3;3;6,67;3,8;18,47
Centro;Toscana;LU;B557;0;1;5;3;4;13
Nord Ovest;Liguria;IM;B559;13;33,33;14;11;7;78,33
Isole;Sicilia;CT;B561;0;10;20,5;18,5;4;53
Centro;Marche;MC;B562;0;1;0;0;1,5;2,5
Nord Est;Veneto;PD;B563;2;37,5;32;23,25;44,55;139,3
Nord Est;Veneto;PD;B564;3;8,25;16;13,33;13,83;54,41
Sud;Campania;NA;B565;6,5;7,5;4,5;8;8;34,5
Nord Est;Emilia-Romagna;MO;B566;1,18;19,37;9,5;9,5;13;52,55
Nord Ovest;Lombardia;PV;B567;0;1;3;4;10,5;18,5
Sud;Abruzzo;AQ;B569;1;4,5;0;0,33;1;6,83
Nord Est;Emilia-Romagna;BO;B572;3,04;12,1;11,42;9,14;17,06;52,76
Nord Ovest;Piemonte;CN;B573;2;10;13;11;23;59
Nord Est;Veneto;BL;B574;1;15;14,5;4;3;37,5
Centro;Lazio;RM;B576;3;17,67;11;12;12,6;56,27
Nord Est;Veneto;RO;B578;1;7,34;6;6;14,16;34,5
Sud;Basilicata;PZ;B580;2;1;0;1;0;4
Sud;Campania;CE;B581;1;3,67;5,25;6;9,16;25,08
Nord Est;Veneto;RO;B582;0;0;2;2;2;6
Sud;Puglia;FG;B584;5;8,5;3,22;3;2;21,72
Nord Ovest;Piemonte;BI;B586;1;13,67;20,5;12;34,17;81,34
Nord Ovest;Lombardia;PV;B587;0;4;5;9;13;31
Nord Ovest;Piemonte;TO;B588;1;6;4;4,5;11;26,5
Nord Est;Veneto;PD;B589;1;8;1;4;8;22
Sud;Campania;AV;B590;0;4;1;3;1;9
Sud;Calabria;RC;B591;0;0;1;1;0;2
Nord Ovest;Piemonte;TO;B592;1;23;27;14,25;23,17;88,42
Nord Ovest;Lombardia;MI;B593;19;59,35;37,83;31,35;31;178,53
Nord Ovest;Piemonte;AT;B594;6,33;39;42,83;15,75;40,58;144,49
Centro;Lazio;RI;B595;8,5;3;4,8;2;1,67;19,97
Centro;Lazio;VT;B597;3;15;8;8,16;4,33;38,49
Nord Est;Friuli- Venezia Giulia;PN;B598;3;10;15;15,16;33,75;76,91
Isole;Sicilia;AG;B602;39,5;58,34;60,83;66,83;71,22;296,72
Isole;Sicilia;SR;B603;1;4,33;17,62;12;22;56,95
Centro;Lazio;VT;B604;10;17;18,5;12;5;62,5
Nord Ovest;Piemonte;TO;B605;0;3;2;0;0;5
Sud;Abruzzo;AQ;B606;1;3;1;2;0;7
Sud;Calabria;CS;B607;1;4;1;0;0,11;6,11
Sud;Campania;SA;B608;0;1;0;0;0;1
Centro;Umbria;PG;B609;1,6;4,17;7;6,84;17,05;36,66
Nord Ovest;Piemonte;VB;B610;2;8;3,33;4;6;23,33
Nord Ovest;Lombardia;MN;B612;3;6;7;16;19,2;51,2
Nord Ovest;Lombardia;PV;B613;0;1;3,1;2;17,17;23,27
Nord Ovest;Piemonte;VB;B615;5;25,06;28,5;12,5;20,5;91,56
Sud;Puglia;LE;B616;0;3;1;0;4;8
Sud;Calabria;RC;B617;0;3;1;1;3;8
Nord Ovest;Lombardia;BG;B618;4;35,21;26,72;10;6,2;82,13
Sud;Puglia;BA;B619;75,27;60,73;69,9;50,09;23,94;279,93
Sud;Abruzzo;CH;B620;1;1;0;2;0;4
Nord Ovest;Piemonte;CN;B621;0;0;0;0;4;4
Sud;Abruzzo;AQ;B624;2;4;1;0;1;8
Centro;Toscana;PO;B626;3;15,16;19,75;7;8,75;53,66
Centro;Lazio;RI;B627;1,5;10,5;6,34;3;8,67;30,01
Nord Ovest;Piemonte;TO;B628;3;7;1,5;4;16,44;31,94
Nord Ovest;Piemonte;AL;B629;3;3;1;4,31;4;15,31
Sud;Molise;IS;B630;0;3;1;2;4,5;10,5
Centro;Lazio;RI;B631;3;7,5;4;6,5;3;24
Centro;Lazio;RM;B632;0;3;1,17;1;1;6,17
Nord Ovest;Piemonte;AT;B633;0;0;1;2;6;9
Nord Ovest;Lombardia;VA;B634;7;26,53;18,67;11,72;18;81,92
Centro;Lazio;RM;B635;4;2,62;0;1;0;7,62
Centro;Marche;PS;B636;0,25;3,92;3,75;10,59;2,33;20,84
Nord Ovest;Piemonte;TO;B637;11;16;3,67;1;1;32,67
Nord Ovest;Lombardia;CO;B639;51,09;208,42;189,66;106,53;90,89;646,59
Sud;Abruzzo;TE;B640;0;1;1;3;7;12
Nord Ovest;Lombardia;CO;B641;5;32,96;13,93;12,63;13,75;78,27
Nord Est;Veneto;VE;B642;175,84;270,54;93,31;29,25;25,54;594,48
Nord Est;Emilia-Romagna;PC;B643;1;8;20;8,5;17,67;55,17
Sud;Campania;SA;B644;16,75;69,67;35,17;38,98;26,09;186,66
Isole;Sicilia;PA;B645;9;23,5;46,08;31,17;18,17;127,92
Centro;Toscana;GR;B646;11,67;25,72;12,17;11;21,67;82,23
Centro;Toscana;PI;B647;5;21,5;16,5;7;17,42;67,42
Centro;Toscana;LU;B648;4,17;57,75;83,2;96,33;195;436,45
Centro;Lazio;RM;B649;7;47;41,29;20,66;16,83;132,78
Nord Ovest;Lombardia;CR;B650;3;11,67;7,17;7;5,5;34,34
Sud;Abruzzo;AQ;B651;2;2;3;3;5;15
Nord Ovest;Lombardia;CO;B653;6;31;23;8,67;19,5;88,17
Sud;Calabria;VV;B655;0;1,75;0;0;1;2,75
Sud;Abruzzo;AQ;B656;3;12,89;7;11,8;6,5;41,19
Sud;Abruzzo;AQ;B658;1;0;2;1;1;5
Isole;Sicilia;ME;B660;0;1;1,33;0,67;4,66;7,66
Nord Ovest;Lombardia;BG;B661;0;7,56;2,5;3,34;5,75;19,15
Nord Est;Veneto;BL;B662;3;18;27,33;9,56;17,89;75,78
Centro;Lazio;VT;B663;11,67;14,17;11,67;3,61;7;48,12
Nord Ovest;Lombardia;BS;B664;1,67;8;1,33;2;2;15
Isole;Sicilia;ME;B666;15;51,5;33,3;28,5;18,83;147,13
Sud;Campania;CE;B667;3;14;20;21,67;12,47;71,14
Centro;Toscana;LI;B669;24;35,6;18,5;9;6,33;93,43
Centro;Toscana;AR;B670;1;12,5;19;16;11,83;60,33
Nord Ovest;Lombardia;MI;B671;10,17;28,5;41,34;5;8,5;93,51
Sud;Abruzzo;AQ;B672;0;2;0;2;0;4
Sud;Campania;AV;B674;0,32;3,05;1,37;2,52;2,72;9,98
Isole;Sardegna;CA;B675;6;72,34;48,28;37,25;61,19;225,06
Nord Ovest;Lombardia;BS;B676;0,5;1,33;1,17;0,5;2;5,5
Sud;Abruzzo;AQ;B677;27;49,67;16,66;3;3;99,33
Nord Est;Veneto;TV;B678;0;3;9;9;17,45;38,45
Nord Ovest;Lombardia;CR;B679;0;0;1;1;2;4
Nord Ovest;Lombardia;CR;B680;0;0;0;0;4;4
Sud;Abruzzo;PE;B681;1;14;10,84;12;11,59;49,43
Sud;Molise;IS;B682;7,2;16,67;5;3;3,85;35,72
Centro;Toscana;FI;B684;3;42,75;30,1;16;4,78;96,63
Centro;Toscana;LI;B685;4,5;5,34;1;1,5;1,1;13,44
Nord Ovest;Lombardia;CR;B686;0;11;9;5,5;1;26,5
Centro;Lazio;RM;B687;7,5;8,5;0;1;0;17
Centro;Lazio;VT;B688;8;40,75;23,5;15;19,17;106,42
Nord Est;Emilia-Romagna;BO;B689;6;30,5;33,55;10,17;26,3;106,52
Sud;Puglia;LE;B690;2;2;4,6;5;4,5;18,1
Centro;Lazio;VT;B691;15,5;31,17;18,67;10;7,67;83,01
Nord Ovest;Piemonte;CN;B692;2;0;1;1;0;4
Centro;Toscana;AR;B693;0;4;2;1;14;21
Nord Ovest;Piemonte;VB;B694;1;3;2;0;3;9
Isole;Sicilia;ME;B695;0;4,62;9,2;8,2;7,2;29,22
Sud;Campania;NA;B696;6,52;20;15,25;9,13;4,94;55,84
Nord Ovest;Lombardia;BS;B698;3;15;20,5;4,2;17;59,7
Nord Ovest;Piemonte;AL;B701;3;7;4;4;9;27
Nord Ovest;Lombardia;BG;B703;13;50,67;51,3;29,2;14,2;158,37
Sud;Campania;CE;B704;1;0;1;0;0;2
Nord Ovest;Piemonte;TO;B705;5;9;11;5,17;8;38,17
Sud;Campania;AV;B706;2,08;6,32;8,08;4,83;9;30,31
Nord Ovest;Piemonte;AT;B707;0;0;0;0,17;2,17;2,34
Nord Ovest;Piemonte;BI;B708;0;1;0;1;4;6
Nord Est;Veneto;VR;B709;5;35,1;47;20,6;30,7;138,4
Nord Ovest;Lombardia;BG;B710;0;19;13,51;8;9,53;50,04
Nord Ovest;Lombardia;BS;B711;5;47,5;45,5;23;23,47;144,47
Sud;Campania;CE;B715;6;26,67;38,56;45,89;65;182,12
Sud;Puglia;BA;B716;5;32,5;73,71;44,5;26,68;182,39
Sud;Calabria;CZ;B717;1;0;4;4;1;10
Sud;Calabria;RC;B718;1;1;0;1;1,75;4,75
Nord Ovest;Piemonte;CN;B719;3,13;25,33;32;15;36;111,46
Nord Ovest;Piemonte;CN;B720;1;1,67;5;3;8;18,67
Sud;Abruzzo;PE;B722;3;8;7,89;0,83;3;22,72
Sud;Puglia;FG;B724;6,34;11,98;11;16;4;49,32
Sud;Abruzzo;AQ;B725;0;0;1;1;0;2
Nord Ovest;Liguria;GE;B726;9;14;14;5;6,5;48,5
Centro;Marche;AP;B727;1;0;3;1;3;8
Nord Ovest;Lombardia;MI;B729;21;87,53;68,17;36,38;34,5;247,58
Nord Ovest;Lombardia;CO;B730;2,5;6;6,06;4,5;14,65;33,71
Nord Ovest;Lombardia;BG;B731;20,05;74,89;69,16;25,3;24,02;213,42
Nord Ovest;Lombardia;VA;B732;2,5;12;11,5;3,5;10;39,5
Nord Ovest;Piemonte;TO;B733;0;1;4;2;8;15
Nord Ovest;Liguria;IM;B734;1;3,8;0,2;1;1;7
Centro;Lazio;VT;B735;1;11,17;7;4,5;5;28,67
Nord Ovest;Piemonte;AL;B736;0;0;2;1;9;12
Isole;Sardegna;CA;B738;22,25;70,78;46;15,33;19,55;173,91
Sud;Campania;NA;B740;1;1;5,67;4,5;4,5;16,67
Nord Ovest;Lombardia;PV;B741;0;7;4,5;3;5,33;19,83
Nord Ovest;Lombardia;CO;B742;2;17;11,25;7;21;58,25
Sud;Basilicata;PZ;B743;0;0;2,5;0;0;2,5
Nord Est;Veneto;TV;B744;4;46,9;49,34;14,5;22,88;137,62
Isole;Sardegna;CA;B745;7;57,96;52,88;25,57;40,65;184,06
Nord Ovest;Liguria;SV;B748;1;15;23;9;7;55
Nord Ovest;Piemonte;VC;B752;1;1;0;0;0;2
Nord Ovest;Lombardia;VA;B754;30;87,8;59,78;36;52,74;266,32
Nord Ovest;Piemonte;CN;B755;0;0;2;3;6;11
Sud;Calabria;RC;B756;0;0;1;0;1;2
Sud;Calabria;CZ;B758;2;5;7;3;3;20
Sud;Campania;NA;B759;19,22;32,92;55,24;33,05;21;161,43
Centro;Toscana;LU;B760;3;8,5;2;2;5,2;20,7
Nord Ovest;Piemonte;TO;B762;4;6;4;2;2;18
Nord Ovest;Lombardia;LC;B763;6,67;7;5,47;3;4,93;27,07
Nord Ovest;Piemonte;AL;B765;0;0;0;0;3;3
Sud;Calabria;RC;B766;0;0;0,5;1;2;3,5
Nord Ovest;Piemonte;VC;B767;1;4;2;3;9;19
Nord Ovest;Piemonte;VC;B768;0;3;2;4;6;15
Nord Ovest;Piemonte;AL;B769;0;1;0;0;10;11
Sud;Calabria;KR;B771;0;0;0;0;0;0
Isole;Sardegna;SS;B772;1;3,5;0,5;0;1;6
Sud;Calabria;CS;B774;40,85;54,95;22;9;11,27;138,07
Sud;Campania;AV;B776;0;3,8;4,5;2;1;11,3
Nord Ovest;Piemonte;TO;B777;6;45;27;15;25;118
Nord Ovest;Lombardia;CO;B778;2,5;16,5;10;7,78;17,25;54,03
Sud;Campania;CE;B779;5,5;7,71;9,88;12,22;10;45,31
Isole;Sicilia;PA;B780;65;124,88;156,62;131,24;164,85;642,59
Sud;Campania;CE;B781;5,28;8,78;6,02;6;21,92;48
Nord Ovest;Piemonte;VC;B782;0;0;0;0;1;1
Sud;Puglia;FG;B784;0;0;0;0;1;1
Nord Ovest;Lombardia;CO;B785;2;9;15,5;5,9;7;39,4
Isole;Sicilia;SR;B787;13,67;32,64;48,46;37,83;23,22;155,82
Nord Est;Friuli- Venezia Giulia;UD;B788;0;2;3,16;4;12;21,16
Isole;Sardegna;CA;B789;25,33;52,52;26,75;10,61;11;126,21
Sud;Calabria;CZ;B790;2,5;0,5;0;1;3;7
Nord Ovest;Piemonte;TO;B791;12,33;143,52;116,4;48,5;54,25;375
Sud;Puglia;LE;B792;2;16,05;18,47;21,17;28,59;86,28
Centro;Toscana;PO;B794;12;57;37;24;38,63;168,63
Nord Est;Veneto;PD;B795;3;16;24,5;20,5;27,5;91,5
Nord Ovest;Lombardia;VA;B796;3;21,75;25;8,5;26,31;84,56
Nord Ovest;Lombardia;MI;B798;6,27;54;35,5;18,5;11,25;125,52
Nord Ovest;Lombardia;BG;B801;2;13;14,51;14;5;48,51
Sud;Calabria;CS;B802;0;5;1;5;2,61;13,61
Nord Ovest;Lombardia;BG;B803;14;15,83;2,33;2;0;34,16
Isole;Sicilia;ME;B804;10,2;24,66;4,25;1;3;43,11
Nord Ovest;Lombardia;VA;B805;31,58;153,33;72;37,58;37,5;331,99
Nord Ovest;Lombardia;VA;B807;0;42,11;28,17;16,67;26,87;113,82
Sud;Puglia;TA;B808;0;8,22;19,5;17;15,79;60,51
Sud;Puglia;BR;B809;36,73;114,75;73,65;33,33;33;291,46
Sud;Molise;IS;B810;0;2;0;0;1;3
Nord Est;Emilia-Romagna;PC;B812;1;21,75;22,5;13,5;25,75;84,5
Sud;Calabria;CS;B813;0;0;0;2;1;3
Centro;Marche;PS;B816;7;18;9,5;7,33;3,94;45,77
Nord Ovest;Lombardia;BS;B817;1,7;42,5;43,59;29,17;45,75;162,71
Nord Ovest;Piemonte;AL;B818;0;0;1;7;9;17
Nord Est;Emilia-Romagna;MO;B819;80,35;317,87;449,43;201,7;185,48;1234,83
Nord Ovest;Lombardia;MI;B820;6;37,38;8;4;7,08;62,46
Sud;Puglia;LE;B822;1;5,67;5;4,5;9,83;26
Nord Ovest;Piemonte;NO;B823;3;3;4;8;8;26
Nord Ovest;Lombardia;PV;B824;1;16;30;5,8;19,5;72,3
Nord Est;Emilia-Romagna;RE;B825;5,5;20,83;15,83;15,58;11,34;69,08
Sud;Abruzzo;CH;B826;1;2;0;0;0;3
Sud;Abruzzo;PE;B827;0;0;1;0;2;3
Centro;Lazio;RM;B828;3;6,5;4,08;6,67;0,83;21,08
Sud;Puglia;FG;B829;6,4;7;7;5;5,5;30,9
Sud;Molise;IS;B830;2;3;2;3;2;12
Centro;Toscana;MS;B832;95,75;219,18;223,01;122,05;79,95;739,94
Nord Est;Veneto;VI;B835;1;3;7;5;12;28
Nord Ovest;Piemonte;AL;B836;1;1;4;0;0;6
Nord Ovest;Liguria;SP;B838;0;5;9;4;3;21
Nord Ovest;Liguria;SP;B839;1;6;3,67;1;6;17,67
Nord Ovest;Piemonte;AL;B840;0;3;4;0;1;8
Nord Ovest;Piemonte;CN;B841;3;10;11,38;11;15,5;50,88
Sud;Abruzzo;AQ;B842;2;17,42;23,92;7,33;11;61,67
Nord Est;Veneto;VI;B844;0;1,67;4,33;2;8,37;16,37
Nord Ovest;Piemonte;CN;B845;2;0;0;1;1;4
Centro;Marche;PS;B846;3,5;25;17,7;17,7;22,12;86,02
Nord Ovest;Piemonte;AL;B847;0;0;1,33;4;3;8,33
Nord Est;Veneto;PD;B848;1;15,96;14;8;21,48;60,44
Nord Ovest;Lombardia;MI;B850;24,5;89,8;97,77;29,17;15;256,24
Nord Ovest;Lombardia;CO;B851;7,66;38,33;31,66;10;24,16;111,81
Sud;Abruzzo;CH;B853;0;1;1;0;3;5
Nord Ovest;Lombardia;BG;B854;1;11;28;11,5;16,5;68
Sud;Calabria;KR;B857;0;0;1;0;1;2
Sud;Molise;CB;B858;9,45;5,17;3;1,89;5,18;24,69
Sud;Abruzzo;CH;B859;1;2;0;5;8;16
Sud;Campania;CE;B860;7;14;36,33;43,25;43;143,58
Sud;Abruzzo;CH;B861;0;3;2;2;4;11
Centro;Lazio;FR;B862;0;0;1;1;0,67;2,67
Nord Ovest;Piemonte;NO;B864;1;2;3;1;11,17;18,17
Sud;Abruzzo;CH;B865;7,33;20;15,5;10,03;15,66;68,52
Sud;Campania;AV;B866;0;0;3;1;0,33;4,33
Nord Ovest;Piemonte;TO;B867;0;2;1;3;9;15
Sud;Campania;SA;B868;2;3;0;1,88;1;7,88
Nord Ovest;Lombardia;CR;B869;0;17;28;11,42;23,5;79,92
Nord Ovest;Piemonte;AL;B870;0;2;2;2;5;11
Sud;Molise;CB;B871;0;1;3;0;2;6
Sud;Campania;CE;B872;2;14,47;12,3;10,89;40;79,66
Sud;Campania;BN;B873;1;3;4;1,92;5,67;15,59
Nord Ovest;Lombardia;VA;B875;1;6;4;6;22,5;39,5
Nord Ovest;Piemonte;VB;B876;1;9;7,5;2;11,5;31
Nord Est;Veneto;PD;B877;1;6,5;5;9,76;24,34;46,6
Centro;Toscana;PI;B878;2;5;3;2,25;11,5;23,75
Nord Est;Veneto;TV;B879;2;43,5;42;14,9;50,17;152,57
Nord Est;Emilia-Romagna;BO;B880;23,33;255,17;158,26;36,09;23,43;496,28
Nord Ovest;Lombardia;CR;B881;2;5;7,5;4;4,14;22,64
Nord Ovest;Piemonte;AL;B882;0;0;0;1;2;3
Nord Ovest;Piemonte;NO;B883;0;3;1;5;4;13
Nord Ovest;Piemonte;AL;B885;72,17;220,34;160,06;83,84;98,09;634,5
Nord Est;Veneto;VR;B886;4;11,56;12,34;12;38,44;78,34
Nord Ovest;Lombardia;LO;B887;4;12;16,5;11;5;48,5
Sud;Campania;SA;B888;3;2;2;0;1;8
Nord Ovest;Lombardia;CR;B889;0;2;2;4;9,17;17,17
Nord Ovest;Lombardia;CR;B890;0;0;0;2;1;3
Nord Ovest;Lombardia;CR;B891;1;7,75;6;2;6;22,75
Nord Est;Emilia-Romagna;BO;B892;5;7;13,45;7,34;17,84;50,63
Nord Est;Emilia-Romagna;RE;B893;8,5;96,2;87,34;57,5;43,33;292,87
Nord Ovest;Piemonte;CN;B894;0;2;2;0;9;13
Sud;Campania;SA;B895;7,5;43,73;24,75;17,17;10,5;103,65
Sud;Abruzzo;CH;B896;1;9;5;2;7,5;24,5
Nord Ovest;Piemonte;NO;B897;4;6;7;5;20;42
Nord Ovest;Lombardia;CR;B898;2;34,51;54,83;39,17;64,56;195,07
Nord Ovest;Lombardia;LO;B899;1;22;26,63;9,3;14;72,93
Nord Ovest;Lombardia;CR;B900;0;2;2;6,66;8,16;18,82
Nord Ovest;Lombardia;MN;B901;1;4;3,5;6;10,22;24,72
Nord Ovest;Piemonte;AL;B902;0;1;4;1;6;12
Sud;Calabria;CS;B903;15;92,53;43,25;17,33;6;174,11
Sud;Puglia;FG;B904;8;7,83;10,86;3;10,5;40,19
Sud;Campania;NA;B905;19,71;99,84;131,49;55,32;22,6;328,96
Sud;Basilicata;PZ;B906;0;0;1;0;1;2
Nord Ovest;Lombardia;MN;B907;0,58;5;8;2;13;28,58
Nord Ovest;Lombardia;LO;B910;10,5;90,17;100,86;43,5;27;272,03
Nord Ovest;Lombardia;MN;B911;1;2;2;1;10;16
Nord Est;Veneto;PD;B912;0;7;21,75;12,73;21,17;62,65
Nord Ovest;Lombardia;CR;B914;0;2;4;4,83;1;11,83
Sud;Puglia;FG;B915;16,43;31,06;28,5;26;19,83;121,82
Sud;Campania;CE;B916;4,34;9,5;16,96;11,17;14,17;56,14
Sud;Puglia;FG;B917;0;0;6;2;3;11
Isole;Sicilia;ME;B918;0;4;2;2;1;9
Centro;Lazio;FR;B919;1;4;5;2;10;22
Nord Ovest;Piemonte;NO;B920;0;3;3;1;3,33;10,33
Nord Ovest;Lombardia;VA;B921;2;3;3;5;6,94;19,94
Sud;Campania;NA;B922;3;2;3;3,67;7,75;19,42
Sud;Puglia;BA;B923;24,5;61,17;92,86;42,06;54,9;275,49
Sud;Campania;NA;B924;2,75;10;6,75;2;4,5;26
Sud;Campania;NA;B925;4,6;17,9;20;15,38;10,33;68,21
Nord Ovest;Liguria;SV;B927;2;2;5;2;5;16
Nord Ovest;Piemonte;VC;B928;0;0;0,5;0;1;1,5
Nord Ovest;Lombardia;PV;B929;0;0;4;1;3;8
Centro;Lazio;RM;B932;6,75;3,33;1,33;0;0;11,41
Nord Ovest;Piemonte;BI;B933;3,8;2;0;2;3,67;11,47
Centro;Lazio;RI;B934;4;6,55;2;0;4;16,55
Sud;Campania;CE;B935;0;8;22;29;9,5;68,5
Sud;Puglia;LE;B936;8,67;35;35,89;30,33;39,34;149,23
Nord Ovest;Lombardia;LC;B937;12;18,33;4;6;1;41,33
Nord Ovest;Lombardia;MI;B938;9;30;19,5;3,5;4;66
Nord Ovest;Liguria;GE;B939;5,04;32;14,75;9,5;5;66,29
Nord Est;Friuli- Venezia Giulia;PN;B940;3;14,67;26;15,67;39,9;99,24
Nord Ovest;Piemonte;AL;B941;0;0;0;0;5;5
Nord Ovest;Lombardia;LC;B943;9;57;34,5;42;42,64;185,14
Nord Ovest;Lombardia;PV;B945;0;1;0;2;4;7
Sud;Campania;NA;B946;7,72;34,87;64,36;37,56;24,84;169,35
Nord Ovest;Lombardia;BG;B947;1;19;9,22;8,5;14,5;52,22
Centro;Umbria;PG;B948;3,5;7,64;8,84;6,5;6;32,48
Nord Ovest;Lombardia;VA;B949;2,33;5,5;13,33;5;14,33;40,49
Centro;Toscana;PI;B950;23;151,94;165,51;102,09;120,55;563,09
Nord Ovest;Piemonte;VC;B952;0;2;0;1;1,5;4,5
Nord Ovest;Piemonte;TO;B953;1;1;4;5;5;16
Nord Ovest;Lombardia;PV;B954;2;8;12;5,5;8;35,5
Nord Ovest;Piemonte;TO;B955;1;2;10;8,5;9,5;31
Nord Ovest;Liguria;GE;B956;6;23,01;22,5;6,67;5;63,18
Nord Ovest;Lombardia;LO;B958;13;25;15,5;9;10,17;72,67
Sud;Campania;SA;B959;1;4;1;0;0;6
Nord Ovest;Piemonte;TO;B960;17;88;71,5;26;33,75;236,25
Nord Ovest;Lombardia;LO;B961;0;0;3;5;10,94;18,94
Centro;Toscana;FI;B962;47,67;156,45;190,56;68,72;62,62;526,02
Sud;Campania;CE;B963;63,6;139,64;202,18;243,19;267,12;915,73
Nord Est;Veneto;TV;B965;2;46,5;33,5;18,5;37,88;138,38
Sud;Calabria;RC;B966;0;1;0;0;0,5;1,5
Nord Est;Emilia-Romagna;RE;B967;3;20;23,8;14,93;20,67;82,4
Sud;Calabria;KR;B968;0;1;1;5;1;8
Nord Est;Emilia-Romagna;BO;B969;4,5;14,75;14,69;8,25;9,04;51,23
Nord Ovest;Lombardia;BG;B971;3,92;32,72;28,16;5;12;81,8
Nord Ovest;Lombardia;CO;B974;2;11;6,52;1,5;4;25,02
Nord Ovest;Lombardia;CO;B977;1;18;19,6;9,5;12,95;61,05
Nord Ovest;Lombardia;BG;B978;0;4;13,57;7;8;32,57
Centro;Toscana;MS;B979;2;4;4;6;2;18
Sud;Campania;NA;B980;6,13;3,94;2;2;2;16,07
Nord Est;Emilia-Romagna;RA;B982;1;3;6,34;0,5;9,92;20,76
Centro;Toscana;SI;B984;3;17;17;10;17,33;64,33
Sud;Abruzzo;CH;B985;1;3;10;13;15;42
Nord Ovest;Lombardia;VA;B987;13;31,17;15;12,5;12;83,67
Nord Ovest;Lombardia;PV;B988;13,7;73,5;44,5;18,21;22;171,91
Nord Ovest;Lombardia;MI;B989;1;11;29,17;10;19,15;70,32
Sud;Campania;NA;B990;38;119,53;227,85;108,82;61;555,2
Nord Ovest;Piemonte;AT;B991;0;0;1;1;12,5;14,5
Nord Ovest;Lombardia;SO;B993;33,9;30,5;6;0;2;72,4
Nord Est;Friuli- Venezia Giulia;UD;B994;0;2;4;5;21,34;32,34
Nord Ovest;Lombardia;LC;B996;1;14;21;9,5;7,34;52,84
Sud;Campania;AV;B997;0,83;5;0;3;1;9,83
Sud;Puglia;BA;B998;18;106,5;75,72;31;37;268,22
Nord Ovest;Lombardia;VA;B999;1;2;2;1;0;6
Sud;Calabria;CS;C002;23,5;80,67;43,9;23;31,37;202,44
Nord Ovest;Lombardia;MI;C003;18,07;123,67;139,3;52,8;34,39;368,23
Nord Ovest;Lombardia;VA;C004;18;82,67;88,2;52,84;51,45;293,16
Isole;Sicilia;SR;C006;0;4;1;1;1;7
Nord Ovest;Lombardia;BG;C007;0;2;0;0;0;2
Nord Ovest;Lombardia;MI;C013;95,92;87,85;47;10;9,84;250,61
Nord Ovest;Lombardia;MI;C014;16;84,32;125,51;45,5;33,83;305,16
Nord Ovest;Lombardia;CO;C020;2;18;21;11,01;11,92;63,93
Nord Ovest;Piemonte;AT;C022;1;3;2;1;6;13
Nord Ovest;Lombardia;LC;C024;12;16,27;10,5;4,42;2,5;45,69
Nord Ovest;Piemonte;AL;C027;0;3,5;10,5;3;16,17;33,17
Nord Ovest;Piemonte;AL;C030;0;4;6;3;5;18
Nord Ovest;Lombardia;MI;C033;0;3,5;12;8,17;6,5;30,17
Centro;Lazio;FR;C034;16,75;70,5;72;56,6;84,94;300,79
Nord Est;Veneto;VI;C037;3;36;46;38;70;193
Nord Ovest;Lombardia;PV;C038;0;28;25,3;16;18;87,3
Sud;Abruzzo;TE;C040;0;0;0;0;1;1
Nord Est;Veneto;VR;C041;1;10;12;7,02;20,67;50,69
Centro;Toscana;LI;C044;14,83;92,26;42,92;17,5;23;190,51
Nord Ovest;Piemonte;TO;C045;1;1;5;4,83;12;23,83
Nord Ovest;Piemonte;CN;C046;1;6;11,5;6;5;29,5
Nord Ovest;Piemonte;AT;C047;1;8;3;3;13;28
Nord Ovest;Piemonte;TO;C048;1;6,5;6;1,5;5,5;20,5
Nord Ovest;Piemonte;AT;C049;0;11,5;13;6;17,81;48,31
Nord Ovest;Lombardia;PV;C050;2;4;5;5;2;18
Isole;Sicilia;ME;C051;0;0;3;3;1,86;7,86
Nord Ovest;Lombardia;MI;C052;10,91;36,03;47;13,3;32,67;139,91
Nord Ovest;Lombardia;PV;C053;4;19;31;11,5;29,61;95,11
Nord Ovest;Lombardia;BS;C055;8;32,42;32;13;22,5;107,92
Nord Est;Veneto;VI;C056;1;11,5;7,5;9;10,5;39,5
Nord Est;Veneto;PD;C057;0;1;3;1;8,33;13,33
Sud;Campania;AV;C058;1;2,47;1,26;1;2;7,73
Nord Ovest;Lombardia;MN;C059;1;5;24,5;7;16;53,5
Centro;Marche;AN;C060;0,25;9;16,5;10;12;47,75
Nord Ovest;Liguria;SV;C063;0;4;2;2,02;1;9,02
Nord Ovest;Piemonte;AT;C064;2;0;0;1;6;9
Nord Est;Emilia-Romagna;RA;C065;6;40;41,5;25;21,83;134,33
Sud;Molise;CB;C066;0;2;0;0;3;5
Isole;Sicilia;PA;C067;7;19,5;17,92;15,05;13,19;72,66
Sud;Campania;SA;C069;4;4;2;0;1;11
Centro;Marche;AP;C070;0;1;4,5;2;4,5;12
Nord Ovest;Lombardia;BS;C072;13;21;22,5;13;19,5;89
Nord Est;Veneto;TV;C073;2;8;7;4;3,56;24,56
Isole;Sicilia;PA;C074;2,38;20,8;39;32;41,83;136,01
Nord Est;Emilia-Romagna;BO;C075;5,56;15,3;12;5,5;22;60,36
Nord Ovest;Lombardia;MN;C076;2;20;15,5;10,5;16;64
Nord Est;Veneto;VR;C078;3;43;60,86;23;34,5;164,36
Nord Ovest;Lombardia;BG;C079;10,01;31,01;34,59;20,67;22,42;118,7
Nord Est;Emilia-Romagna;RN;C080;0;2,5;2;4;3;11,5
Nord Ovest;Piemonte;CN;C081;1;9;3;0;2;15
Sud;Molise;IS;C082;1;6;1;1;0;9
Sud;Abruzzo;AQ;C083;4;10,67;4;2;2;22,67
Centro;Toscana;GR;C085;9,09;38,67;24,5;14,5;21,31;108,07
Nord Est;Emilia-Romagna;BO;C086;0;3,75;6,17;3;8,34;21,26
Nord Ovest;Lombardia;CR;C089;0;0;2;1;2;5
Sud;Abruzzo;AQ;C090;1;1;0,5;1;2,5;6
Isole;Sicilia;CT;C091;5;5;1;4;4;19
Centro;Marche;AP;C093;4;11;28,17;17,42;6,67;67,26
Isole;Sicilia;ME;C094;0;0;0;3;1;4
Sud;Abruzzo;AQ;C096;35,5;105,69;36,1;19;10,27;206,56
Sud;Campania;CE;C097;0;0;0;1;4;5
Centro;Lazio;RI;C098;6;3;1;0;1;11
Centro;Marche;AN;C100;5;28,5;50;53,5;33,99;170,99
Centro;Toscana;FI;C101;15,67;74,97;89;37;32,39;249,03
Centro;Toscana;AR;C102;4;8;2;11,06;9,5;34,56
Centro;Lazio;LT;C104;3;4,5;10;4;9;30,5
Sud;Campania;AV;C105;1;2;2;4;4;13
Sud;Campania;BN;C106;2;3;3;1;8;17
Nord Est;Emilia-Romagna;MO;C107;28,5;208,75;194,09;73,85;69,04;574,23
Sud;Calabria;CS;C108;7;4;7;13,61;18,17;49,78
Nord Ovest;Liguria;IM;C110;0;6;0;1;1;8
Nord Est;Veneto;TV;C111;31,5;107,5;128,81;82,58;134,67;485,06
Centro;Toscana;PI;C113;0;35,5;58,83;38,5;46,8;179,63
Sud;Abruzzo;CH;C114;3;14,42;8,67;6,5;8;40,59
Nord Ovest;Lombardia;CR;C115;0;1;3;3;3;10
Centro;Lazio;RM;C116;12,5;44,5;25,11;14;10;106,11
Centro;Umbria;TR;C117;0;3;6;2,5;9;20,5
Nord Ovest;Lombardia;MN;C118;4;36;39,11;24,8;64,11;168,02
Nord Est;Veneto;VI;C119;5;19,23;16;14,99;17,73;72,95
Sud;Basilicata;PZ;C120;3;1;2;0;0;6
Nord Est;Emilia-Romagna;BO;C121;2;20;17,17;10,17;10,14;59,48
Nord Est;Veneto;RO;C122;0;2;3;4;14;23
Sud;Abruzzo;CH;C123;1;0;2;0;1;4
Sud;Campania;SA;C125;15,58;57,94;20,4;14,58;14,22;122,72
Sud;Abruzzo;AQ;C126;0;2;1,5;2;0;5,5
Nord Ovest;Piemonte;AT;C127;1;13;21;9;22,83;66,83
Sud;Abruzzo;TE;C128;1;7;10;13;11;42
Sud;Campania;NA;C129;32,67;87,3;110,17;84,65;44;358,79
Isole;Sicilia;TP;C130;27;62,37;68,42;40,12;55,67;253,58
Nord Ovest;Piemonte;TO;C133;12,5;40,02;31;19,83;42,83;146,18
Sud;Puglia;BA;C134;30,67;39,5;61,8;53,5;49,24;234,71
Isole;Sicilia;PA;C135;3,34;3,87;4;4,83;12;28,04
Sud;Puglia;TA;C136;13,72;63,73;64,34;41,5;46;229,29
Nord Ovest;Piemonte;AL;C137;0;0;1;0;1;2
Nord Ovest;Lombardia;VA;C139;17,67;81,5;73,45;27;23;222,62
Nord Est;Emilia-Romagna;RE;C141;9;68;58,5;29;39;203,5
Nord Ovest;Piemonte;AL;C142;0;0;1;2;1;4
Nord Ovest;Liguria;IM;C143;6;13;2;1;1;23
Nord Est;Emilia-Romagna;PC;C145;2;19,49;15,5;13,58;30,38;80,95
Centro;Toscana;GR;C147;3;9;10;3,67;6;31,67
Nord Ovest;Piemonte;AL;C148;0;12;6,5;12;19,5;50
Nord Ovest;Piemonte;NO;C149;1;0;0;0;0;1
Centro;Marche;AN;C152;4;8;2;3,22;6,72;23,94
Nord Ovest;Lombardia;CR;C153;5;24,5;36,67;28,41;31,15;125,73
Nord Ovest;Piemonte;AT;C154;0;0;0;1;1;2
Nord Ovest;Piemonte;BI;C155;0;1;1;1;4,5;7,5
Nord Ovest;Piemonte;AL;C156;0;1;1;0;2;4
Nord Ovest;Lombardia;PV;C157;0;2;4;1;3;10
Nord Ovest;Piemonte;AL;C158;2;14;14;6;15;51
Nord Ovest;Piemonte;AL;C160;0;0;1;3;5,5;9,5
Nord Ovest;Piemonte;AT;C161;0;0;0;0;6;6
Nord Ovest;Piemonte;AL;C162;1;6,04;7;2;12;28,04
Nord Ovest;Piemonte;CN;C165;0;2;1;1;6;10
Nord Ovest;Piemonte;NO;C166;16;59,17;40,95;28,7;45,75;190,57
Nord Ovest;Piemonte;CN;C167;0;0;0;0;3,5;3,5
Sud;Abruzzo;TE;C169;0;0;3;0;4;7
Centro;Toscana;SI;C172;0;7;8,42;4,5;13,25;33,17
Nord Ovest;Piemonte;CN;C173;0;1;2;8;4,8;15,8
Centro;Toscana;PI;C174;4;14,67;14,17;3;9,83;45,67
Sud;Molise;CB;C175;1;1;0;0;1;3
Nord Ovest;Piemonte;CN;C176;0;2;2;1;6;11
Centro;Lazio;FR;C177;2;5;3,57;0;5;15,57
Sud;Campania;CE;C178;0;0;0;1;1;2
Nord Ovest;Lombardia;VA;C181;7;10;4;5,5;13,83;40,33
Nord Ovest;Lombardia;PV;C184;0;0;1;5;6;12
Nord Est;Emilia-Romagna;BO;C185;6;35,5;25,2;13;15;94,7
Nord Ovest;Lombardia;SO;C186;2;6;0;3;0;11
Nord Ovest;Lombardia;LC;C187;1;16;3,5;6;7;33,5
Sud;Campania;NA;C188;5,67;9,5;13;10,08;11;49,25
Nord Est;Veneto;TV;C190;2;11,13;7,88;5;19,75;45,76
Nord Ovest;Lombardia;MN;C195;0;24;9,17;6,5;29,5;69,17
Sud;Molise;CB;C197;3;8;4;3;3;21
Sud;Puglia;FG;C198;1;3;0,17;3;1,33;8,5
Sud;Basilicata;PZ;C199;0;0;1;2;2;5
Sud;Molise;IS;C200;0;0;0;0;0;0
Sud;Basilicata;PZ;C201;1;0;1;1,5;0;3,5
Sud;Puglia;FG;C202;5,75;5;4;1;3;18,75
Centro;Lazio;RM;C203;9;21,5;28;3;5;66,5
Nord Est;Emilia-Romagna;BO;C204;16,5;86,5;87,93;26;23;239,93
Nord Ovest;Piemonte;CN;C205;0;1;2;0;1;4
Nord Ovest;Lombardia;CO;C206;4;2;4;1;0;11
Nord Est;Veneto;RO;C207;2,17;12;11;12;24,67;61,84
Nord Ovest;Lombardia;BS;C208;12;42;59,83;26,5;25,55;165,88
Sud;Basilicata;PZ;C209;0;1;1;1;1;4
Isole;Sicilia;ME;C210;5;3;4;1;4,5;17,5
Sud;Campania;CE;C211;1;1;1;0,67;5;8,67
Nord Ovest;Lombardia;PV;C213;0;1;1;0;7;9
Nord Ovest;Piemonte;CN;C214;0;0;0;2;0;2
Nord Est;Veneto;RO;C215;0;1;4;5,5;16;26,5
Nord Est;Friuli- Venezia Giulia;PN;C217;2;3;3;5;5,08;18,08
Nord Est;Emilia-Romagna;RE;C218;4;20;31;19,67;37;111,67
Nord Est;Emilia-Romagna;RE;C219;9,5;34,47;54,64;26,4;42,34;167,35
Nord Ovest;Lombardia;CO;C220;0;6;3,5;2;2;13,5
Sud;Puglia;FG;C222;1;2,5;2,75;4;3;13,25
Centro;Lazio;FR;C223;0;1;1;3;2;7
Centro;Lazio;RI;C224;3;4;4;3;6;20
Nord Est;Veneto;VR;C225;6,5;71,22;71;31,49;46,75;226,96
Nord Ovest;Piemonte;AT;C226;0;2;2,33;0;14;18,33
Centro;Toscana;SI;C227;9;31;29,5;13,5;29;112
Nord Ovest;Lombardia;LO;C228;0;3,72;5;3,5;7,5;19,72
Nord Ovest;Piemonte;AL;C229;0;1;2;5;5;13
Nord Ovest;Piemonte;AT;C230;0;1;3;0;7;11
Sud;Campania;SA;C231;2;13;7,25;2;5;29,25
Nord Ovest;Piemonte;AT;C232;2;12,33;7;4,83;12,16;38,32
Sud;Campania;SA;C235;1;1;1;0;0;3
Centro;Toscana;LU;C236;3,5;15;12,5;7,46;15,5;53,96
Centro;Lazio;RM;C237;12,5;24,67;23;9,5;26,68;96,35
Nord Ovest;Liguria;SP;C240;3,17;21,67;21,84;12,33;15,3;74,31
Nord Ovest;Piemonte;TO;C241;1;7;1;0;2;11
Nord Est;Emilia-Romagna;MO;C242;5;40,25;80,5;41,7;42,83;210,28
Nord Ovest;Piemonte;AL;C243;2;14,67;14;11;21;62,67
Centro;Toscana;PI;C244;2;16,57;10,33;8,75;14,59;52,24
Sud;Campania;BN;C245;0;2;0;1;2;5
Sud;Molise;IS;C246;2;3,06;1;0;3;9,06
Sud;Molise;IS;C247;0;0;0;0;0;0
Centro;Marche;AN;C248;1,89;8,39;6,94;11,36;7;35,58
Sud;Campania;BN;C250;1;1;0;1,6;2;5,6
Centro;Marche;MC;C251;1;12,5;17,5;13;7,83;51,83
Centro;Umbria;PG;C252;0;1;8;8;3;20
Nord Ovest;Piemonte;AT;C253;1;6;3;1,5;2;13,5
Nord Ovest;Lombardia;BG;C255;4;13;15;9,5;13,77;55,27
Sud;Campania;SA;C259;10;15;41,66;19,5;25,67;111,83
Nord Est;Emilia-Romagna;PC;C261;12;42;74;52;47,25;227,25
Sud;Campania;SA;C262;0,42;6,21;5;4;1,67;17,3
Centro;Toscana;AR;C263;5,5;7;14,67;7;15;49,17
Nord Est;Emilia-Romagna;BO;C265;8,28;55,5;103,79;34,96;54,83;257,36
Centro;Lazio;RM;C266;2;1;0;3;0;6
Centro;Marche;MC;C267;1,5;0;1;0,5;0;3
Centro;Lazio;RI;C268;0,67;5;6,67;5;4;21,34
Centro;Lazio;VT;C269;6,5;12;2,5;6;6,78;33,78
Sud;Molise;IS;C270;3;3,5;1,06;1,94;0;9,5
Sud;Basilicata;PZ;C271;2;2;0;0;0;4
Isole;Sardegna;SS;C272;106,5;96,21;29,77;4,5;12,86;249,84
Nord Ovest;Lombardia;VA;C273;0;1;2;1;2,5;6,5
Nord Ovest;Piemonte;AL;C274;0;0;2;1;4;7
Isole;Sicilia;AG;C275;12,43;17,21;17,65;14,39;11,14;72,82
Nord Ovest;Liguria;SV;C276;0;1;3;2;1;7
Sud;Abruzzo;AQ;C278;0;1;1,75;0,75;0;3,5
Sud;Abruzzo;AQ;C279;1;2;2;1;1;7
Sud;Campania;BN;C280;0;1;1;3;3;8
Nord Ovest;Valle d'Aosta;AO;C282;4;13;10;4;3;34
Sud;Campania;AV;C283;3;2,5;1;0;2,5;9
Sud;Campania;BN;C284;1;1;0;0;3;5
Sud;Calabria;RC;C285;9;39,75;8;5,34;5,17;67,26
Isole;Sicilia;TP;C286;10,67;71,68;79,06;82,46;98,04;341,91
Nord Est;Emilia-Romagna;MO;C287;7;32,17;31,8;20,91;43;134,88
Nord Est;Emilia-Romagna;PC;C288;11,02;16;29,5;20;28,52;105,04
Centro;Umbria;TR;C289;1;5,13;5;7,5;4,5;23,13
Nord Ovest;Lombardia;CR;C290;0;0;0;0;6;6
Sud;Campania;CE;C291;23,79;173,95;202,7;141,82;168,5;710,76
Nord Est;Emilia-Romagna;BO;C292;4;85,78;94,17;34,67;35,83;254,45
Nord Ovest;Lombardia;BS;C293;6;33,5;27,5;17;24,89;108,89
Nord Ovest;Valle d'Aosta;AO;C294;7;23,08;28,3;6;12;76,38
Nord Est;Emilia-Romagna;BO;C296;12;35,3;34,8;15,33;17,46;114,89
Isole;Sicilia;CT;C297;1,5;10,1;16;4,94;8;40,54
Sud;Abruzzo;CH;C298;0;3;3,1;1;3;10,1
Nord Ovest;Lombardia;VA;C300;7;28,5;45,5;17;12,14;110,14
Sud;Calabria;CS;C301;2;4;6,34;3,34;4;19,68
Nord Ovest;Liguria;GE;C302;0;4;7;2;7;20
Centro;Toscana;LU;C303;1;3;1,25;4;9,17;18,42
Nord Ovest;Lombardia;LO;C304;3;18;13,5;4;13,42;51,92
Sud;Campania;SA;C306;1;5;2;4;2,67;14,67
Nord Ovest;Piemonte;TO;C307;1;14,5;20,5;16,5;40,8;93,3
Sud;Abruzzo;PE;C308;1;3;2;2;1;9
Centro;Umbria;PG;C309;14;58,4;71,53;35,66;73,24;252,83
Centro;Toscana;GR;C310;27,7;87,2;47,32;39,42;22,51;224,15
Sud;Abruzzo;TE;C311;5;0;3;2;5,5;15,5
Nord Ovest;Lombardia;MN;C312;9;85,25;96,94;40,67;60,33;292,19
Centro;Toscana;SI;C313;3,55;13;14;5,5;9;45,05
Nord Ovest;Piemonte;CN;C314;0;0;0;2;2;4
Centro;Lazio;VT;C315;6;12;6;3;8;35
Sud;Abruzzo;TE;C316;1;1;1;2;3;8
Nord Ovest;Piemonte;CN;C317;0;1;1;0;5;7
Centro;Toscana;AR;C318;2;2,67;5;3;5,71;18,38
Centro;Toscana;AR;C319;6,5;25,5;30;21,5;41,67;125,17
Centro;Marche;AP;C321;0;2;0,25;1;4,88;8,13
Sud;Abruzzo;TE;C322;2;3,67;4;2;4;15,67
Nord Ovest;Piemonte;CN;C323;0;1;1;1;4;7
Nord Ovest;Lombardia;BG;C324;32,23;72,48;31,86;12;13,24;161,81
Nord Ovest;Lombardia;SO;C325;4;2,17;6;3,13;5;20,3
Nord Est;Friuli- Venezia Giulia;UD;C327;2;7;14,44;5,5;13;41,94
Nord Ovest;Lombardia;LO;C329;2;23;17;3;10;55
Nord Ovest;Lombardia;BS;C330;1;0;3,5;3;7,5;15
Centro;Marche;AP;C331;2;6;5;4,5;6;23,5
Nord Ovest;Lombardia;BS;C332;2;31;72,25;23;31,75;160
Sud;Puglia;LE;C334;1;2;3;3;4,5;13,5
Sud;Puglia;LE;C335;0;0;3,27;5,75;9,25;18,27
Sud;Puglia;LE;C336;7;29,56;22,67;9;10,5;78,73
Nord Ovest;Lombardia;BG;C337;3;7;6,67;5;2;23,67
Centro;Lazio;FR;C338;0;2;5;5,5;15;27,5
Nord Est;Emilia-Romagna;FO;C339;19;22;25,5;16,5;24;107
Centro;Lazio;FR;C340;1;0;1;1;6,67;9,67
Isole;Sicilia;AG;C341;6;8,5;9;5,95;5,5;34,95
Isole;Sicilia;EN;C342;23;49,74;56,5;66,34;50,61;246,19
Nord Ovest;Lombardia;VA;C343;2;20,05;20;10;14;66,05
Isole;Sicilia;PA;C344;1;4,22;9,67;2;1,83;18,72
Sud;Basilicata;PZ;C345;3,83;3;1;1;0;8,83
Sud;Molise;CB;C346;1;5,8;0;1;0;7,8
Isole;Sicilia;ME;C347;2;5,74;5,74;1;7,5;21,98
Sud;Calabria;CS;C348;0;0;0;0;0;0
Sud;Calabria;CS;C349;11;15,67;25,5;35,5;30;117,67
Isole;Sicilia;CT;C351;551,64;1023,08;1141,52;863,76;647,03;4227,03
Sud;Calabria;CZ;C352;122,65;236,98;263,38;197,6;135,9;956,51
Isole;Sicilia;EN;C353;3;6,22;4;5;13;31,22
Sud;Abruzzo;PE;C354;2;6;2,33;0;6;16,33
Isole;Sicilia;AG;C356;15,5;14,33;10,5;12,67;16,33;69,33
Nord Est;Emilia-Romagna;RN;C357;24,64;96,84;62,17;22;21,17;226,82
Sud;Campania;BN;C359;2;2;0;0,17;3,25;7,42
Nord Ovest;Lombardia;PV;C360;4;31;31,5;13,77;10,42;90,69
Sud;Campania;SA;C361;12,67;75;88,96;74,36;63,16;314,15
Nord Ovest;Piemonte;BI;C363;5;7;17;7;16;52
Nord Ovest;Piemonte;NO;C364;0;1;0;2;3;6
Nord Ovest;Piemonte;NO;C365;0;2;6;5;6;19
Nord Ovest;Piemonte;TO;C369;0;7;9;9;9;34
Nord Est;Veneto;VR;C370;5;26;22,17;17;16;86,17
Nord Ovest;Piemonte;CN;C375;0;1;1,5;2;4;8,5
Nord Ovest;Piemonte;CN;C376;1;10;13;13,17;11,83;49
Sud;Puglia;LE;C377;0;16,17;40,67;19,25;55,22;131,31
Nord Ovest;Piemonte;NO;C378;1;0;3;3;7;14
Nord Ovest;Lombardia;CO;C381;1;0;0;1;0;2
Nord Ovest;Lombardia;VA;C382;5;29,52;24;13;15;86,52
Nord Est;Veneto;VE;C383;5;28,5;47,87;36,28;33,11;150,76
Nord Est;Veneto;TV;C384;0;5,99;9,5;3;11,33;29,82
Nord Est;Friuli- Venezia Giulia;PN;C385;0;1,67;2;5,83;6,5;16
Nord Ovest;Piemonte;AL;C387;1;1;0;0;3,17;5,17
Nord Est;Veneto;VE;C388;166,58;606,72;293,64;91,66;90,61;1249,21
Nord Est;Friuli- Venezia Giulia;UD;C389;0;2;2,5;1;7;12,5
Centro;Lazio;RM;C390;16;54;33,5;14,75;26,5;144,75
Nord Ovest;Lombardia;LO;C394;1;16,08;11;9;7;44,08
Nord Ovest;Lombardia;MI;C395;10,83;54,54;53,94;16,5;12,83;148,64
Nord Ovest;Lombardia;BG;C396;2;8,5;14,2;9;3,5;37,2
Nord Est;Emilia-Romagna;MO;C398;1;20,5;25,33;20;23,75;90,58
Nord Ovest;Piemonte;TO;C404;0;5,25;7,75;8,25;18,4;39,65
Nord Est;Emilia-Romagna;RE;C405;2,33;25,5;35,52;16,67;18;98,02
Nord Ovest;Lombardia;MN;C406;1;7;10,5;3;11;32,5
Centro;Toscana;AR;C407;8;31;44,17;16;22,67;121,84
Nord Ovest;Lombardia;BS;C408;2;17;25,11;19,72;28,25;92,08
Nord Ovest;Lombardia;VA;C409;0;0;3;1;1;5
Nord Ovest;Lombardia;BG;C410;0;0;3,5;1,17;4;8,67
Nord Est;Veneto;VR;C412;4;4;4;7;13;32
Centro;Lazio;FR;C413;5;12,67;29,67;18,67;34,33;100,34
Nord Ovest;Lombardia;PV;C414;0;0;2;1;3;6
Centro;Toscana;LI;C415;53,5;205,16;117,67;76,26;43,5;496,09
Nord Ovest;Lombardia;BS;C417;1;3;1;3,17;4;12,17
Nord Ovest;Lombardia;SO;C418;2;3,5;1;1;1,5;9
Isole;Sicilia;PA;C420;2;1;0,5;0;3,33;6,83
Isole;Sicilia;PA;C421;51,66;72,81;39,77;27,24;28,33;219,81
Nord Est;Veneto;VE;C422;2;28;17,17;14;25,89;87,06
Sud;Puglia;BR;C424;93,27;84,9;55,05;53,67;40,17;327,06
Sud;Abruzzo;AQ;C426;13;22;12,5;19,5;9,38;76,38
Sud;Abruzzo;CH;C428;1;1;3;3,75;1;9,75
Sud;Puglia;FG;C429;3,66;5,83;0;2;1,8;13,29
Sud;Calabria;CS;C430;0;3,5;3,58;0,5;3;10,58
Nord Ovest;Piemonte;AL;C432;0;1;0;1;6,34;8,34
Nord Ovest;Lombardia;CR;C435;0;1;1;4;7;13
Sud;Puglia;BA;C436;1;8;26;10;9;54
Sud;Calabria;CS;C437;0;2;1;1;2;6
Nord Ovest;Piemonte;AT;C438;0;1;2;1;5;9
Nord Ovest;Lombardia;BS;C439;1;6;12,46;11;32;62,46
Nord Ovest;Piemonte;AT;C440;0;0;0;0;3,05;3,05
Nord Ovest;Piemonte;CN;C441;1;1;0,67;0,67;0;3,34
Sud;Puglia;FG;C442;2;1;1;0;0;4
Nord Ovest;Liguria;SV;C443;12,5;44,85;21,39;4,5;8;91,24
Sud;Campania;SA;C444;0;2,5;1;0;0;3,5
Centro;Lazio;VT;C446;0;1,83;2,17;1;4;9
Centro;Lazio;VT;C447;3;8;7;3;3,5;24,5
Sud;Puglia;BR;C448;0;4;8,58;4,5;14,17;31,25
Sud;Abruzzo;TE;C449;5;1;2;2;7;17
Sud;Calabria;CZ;C453;1,25;0;2;4,33;0;7,58
Nord Ovest;Lombardia;BG;C456;0;6;5;4;17;32
Nord Ovest;Lombardia;BG;C457;0;8;11,22;12;12,5;43,72
Nord Est;Veneto;BL;C458;1;6,5;11;1;1,5;21
Nord Ovest;Lombardia;BG;C459;2;7;17,5;11;10,33;47,83
Nord Est;Veneto;RO;C461;2;4;2;3;11;22
Nord Ovest;Liguria;SV;C463;1;17;19,5;9;13,92;60,42
Nord Ovest;Piemonte;CN;C466;6;11;20,67;12,5;23,28;73,45
Nord Est;Emilia-Romagna;FE;C469;20,51;164,25;156,83;81,15;124,12;546,86
Sud;Campania;SA;C470;13,65;25,73;17,5;8;4;68,88
Isole;Sicilia;EN;C471;9,8;12;10,97;8;11,17;51,94
Sud;Calabria;CZ;C472;0;2;0;0;1;3
Sud;Abruzzo;PE;C474;0,75;16,5;20;18,33;28,17;83,75
Sud;Campania;BN;C476;5;6;1;5;6;23
Nord Ovest;Piemonte;VB;C478;0,5;3;2,5;1;3,33;10,33
Centro;Lazio;FR;C479;2;12;12,5;12,5;22,84;61,84
Isole;Sicilia;EN;C480;4;3;2;1,75;2,75;13,5
Nord Ovest;Liguria;GE;C481;1;13;15,5;6,5;3;39
Nord Ovest;Lombardia;CO;C482;0;0;0;3;4;7
Nord Ovest;Piemonte;NO;C483;15;31;31,75;22;25,17;124,92
Nord Ovest;Lombardia;PV;C484;2;11;21;10;9;53
Sud;Campania;SA;C485;1;5,8;1;3;4;14,8
Sud;Molise;CB;C486;0;3;2;0;3;8
Nord Ovest;Piemonte;TO;C487;1;2;5,5;3;5;16,5
Sud;Molise;CB;C488;0;3;2;2;1;8
Sud;Calabria;CS;C489;6,33;12;3;2;1;24,33
Sud;Abruzzo;AQ;C492;1;3,5;2;5,67;1,67;13,84
Nord Ovest;Lombardia;SO;C493;0;5;1;2;2;10
Nord Est;Friuli- Venezia Giulia;UD;C494;0;1;2;1,83;0;4,83
Sud;Campania;NA;C495;7,17;16,02;30,73;21,88;13;88,8
Isole;Sicilia;PA;C496;4;11;9;8,66;4;36,66
Nord Ovest;Piemonte;TO;C497;13;18,5;16;3;3,67;54,17
Nord Est;Veneto;VR;C498;5,67;37;79,67;45,67;80,81;248,82
Nord Est;Veneto;RO;C500;1;11;8,53;15;21,73;57,26
Sud;Calabria;KR;C501;0;0;1;4;5;10
Nord Ovest;Lombardia;MN;C502;0;2;3,8;1,33;21,46;28,59
Nord Ovest;Piemonte;AL;C503;2;2;0;1;9,5;14,5
Nord Ovest;Piemonte;CN;C504;1;3;7;4;5;20
Nord Ovest;Piemonte;TO;C505;3,66;9;4,66;0;0;17,32
Nord Ovest;Lombardia;BG;C506;15;11;8;1;5,67;40,67
Nord Ovest;Piemonte;AL;C507;0;0;0;2;1;3
Nord Ovest;Lombardia;PV;C508;0;1;1;1;1;4
Nord Ovest;Lombardia;PV;C509;0;0;1;1;1,08;3,08
Nord Ovest;Liguria;SV;C510;95,25;135,05;22;4;5;261,3
Nord Ovest;Liguria;IM;C511;11,5;18;5,5;5;0;40
Nord Ovest;Lombardia;MI;C512;5;15,42;22,5;20;19,5;82,42
Nord Est;Emilia-Romagna;PC;C513;1;0;1;1;0;3
Sud;Puglia;FG;C514;88,46;120,03;120,61;100,97;76,03;506,1
Sud;Calabria;CS;C515;0,05;1;4,63;2,5;5;13,18
Nord Ovest;Lombardia;CO;C516;3;36;41,14;28,75;23;131,89
Sud;Abruzzo;TE;C517;3;5;3;3;2;16
Centro;Lazio;RM;C518;2;3,33;1,67;1;2;10
Nord Ovest;Lombardia;CO;C520;11,83;33,67;17,61;7,6;34,17;104,88
Nord Ovest;Lombardia;LC;C521;2;17,3;18,28;9;13;59,58
Nord Ovest;Lombardia;MI;C523;33;177,34;179,17;82,87;58;530,38
Centro;Marche;AN;C524;0;7;12;10;7,17;36,17
Sud;Campania;BN;C525;1,75;3,58;1,08;0,67;11;18,08
Centro;Umbria;PG;C527;3;7;3,5;2;1;16,5
Nord Ovest;Piemonte;AT;C528;0;0;0;0;2;2
Centro;Toscana;FI;C529;3;31,5;29,75;26;28,33;118,58
Nord Ovest;Piemonte;CN;C530;2;4;0;2,5;1;9,5
Nord Ovest;Piemonte;AL;C531;0;2;7;3;7;19
Nord Ovest;Piemonte;BI;C532;2;2;11,5;10;10,5;36
Nord Ovest;Piemonte;AT;C533;0;1;1;2,33;0;4,33
Sud;Molise;IS;C534;2;1;0;1;0;4
Nord Ovest;Lombardia;MI;C536;1;28;42,7;24;45,5;141,2
Nord Ovest;Lombardia;MI;C537;20;125,34;73,21;36,17;43,14;297,86
Nord Est;Veneto;VR;C538;0;23,67;18;8;15,89;65,56
Sud;Basilicata;PZ;C539;0;2;1;0;0;3
Centro;Toscana;FI;C540;10;60,96;59,77;27,83;33,06;191,62
Nord Ovest;Lombardia;PV;C541;9;59,17;29;17,5;16,5;131,17
Sud;Calabria;CZ;C542;0;2;1;0;0;3
Centro;Lazio;RM;C543;17,5;18,5;4;3;1;44
Nord Est;Veneto;PD;C544;2;5;6,33;7;22,5;42,83
Centro;Lazio;FR;C545;1;7;6;9,5;24;47,5
Nord Ovest;Piemonte;CN;C547;1;7;11;8;25,5;52,5
Nord Ovest;Piemonte;VC;C548;0;1;2;0;2;5
Nord Ovest;Lombardia;BS;C549;0;0,5;2;1;5;8,5
Nord Ovest;Piemonte;CN;C550;1;3;9;8;12;33
Nord Ovest;Lombardia;PV;C551;0;1;3;4;6;14
Centro;Lazio;RM;C552;121,45;272,13;143,21;89,03;57,78;683,6
Nord Est;Emilia-Romagna;RA;C553;59,33;324,37;211,82;69,1;75,68;740,3
Sud;Calabria;CS;C554;0;0;0;0;1;1
Nord Ovest;Lombardia;LO;C555;1,22;22;18,22;5,22;9,72;56,38
Sud;Campania;AV;C557;3,8;8;10;12,6;20,97;55,37
Sud;Campania;CE;C558;9;3;7;4;8,5;31,5
Nord Ovest;Liguria;IM;C559;14;27,75;5,17;1,17;6;54,09
Sud;Calabria;CS;C560;0;2;0;3,5;1;6,5
Sud;Campania;CE;C561;2;9;16,5;18,5;15;61
Nord Ovest;Lombardia;LC;C563;0;3;15,44;2,67;6;27,11
Nord Ovest;Piemonte;TO;C564;50,24;50,72;20;12,5;8,5;141,96
Nord Ovest;Lombardia;MI;C565;26;145,5;59,03;14,49;7;252,02
Nord Ovest;Lombardia;MI;C566;59,22;264,74;198,59;69,78;60;652,33
Nord Ovest;Piemonte;VB;C567;0;2;1;1;5;9
Isole;Sicilia;ME;C568;2;7;6,3;3,04;2;20,34
Nord Ovest;Lombardia;MI;C569;15;100,22;58,33;33,5;17,25;224,3
Nord Est;Emilia-Romagna;FO;C573;54,01;252,95;287,2;166,98;271,04;1032,18
Nord Est;Emilia-Romagna;FO;C574;96,9;177,37;112,09;46,74;57,33;490,43
Sud;Campania;AV;C576;2;1,67;3;4,5;10;21,17
Nord Est;Veneto;BL;C577;2;5;6,5;10;21;44,5
Nord Ovest;Liguria;IM;C578;0;2;2;0;0;4
Nord Est;Veneto;TV;C580;1;14,5;18,5;10;17,35;61,35
Sud;Calabria;VV;C581;2;4;2;3;2;13
Centro;Marche;MC;C582;0;2;0;0;1;3
Nord Ovest;Piemonte;AT;C583;0;0;1;0;0;1
Sud;Campania;SA;C584;2;5;1,67;0;0;8,67
Nord Ovest;Lombardia;BS;C585;0,13;4,13;2;4;5,8;16,06
Centro;Toscana;SI;C587;1;9;14;5,25;16;45,25
Sud;Calabria;CS;C588;11;21,65;23,23;11;10;76,88
Nord Ovest;Piemonte;CN;C589;2;27,5;24;18,5;20;92
Nord Ovest;Lombardia;BS;C591;1;4,5;9,71;0,71;1;16,92
Nord Ovest;Valle d'Aosta;AO;C593;4,67;16,5;2;2;2;27,17
Nord Ovest;Valle d'Aosta;AO;C594;8;4;0;1;0;13
Nord Ovest;Valle d'Aosta;AO;C595;4;4;4;2;2;16
Nord Ovest;Valle d'Aosta;AO;C596;3;1;2;0;0;6
Nord Ovest;Valle d'Aosta;AO;C598;4,51;14,52;3;3;1;26,03
Nord Ovest;Piemonte;CN;C599;3;33;16,17;18;37,45;107,62
Isole;Sardegna;SS;C600;0;0;1;1;2;4
Nord Ovest;Piemonte;TO;C604;2,5;7;6;2,5;0;18
Nord Est;Veneto;VI;C605;4;21,67;27;18,26;29,34;100,27
Sud;Campania;AV;C606;0;1;1;0;3;5
Centro;Toscana;SI;C608;12;38,66;32,58;18,67;10,33;112,24
Centro;Toscana;PI;C609;3;9,5;21,5;9;12,6;55,6
Nord Ovest;Piemonte;TO;C610;2;7;1;1;3;14
Isole;Sicilia;RG;C612;1;18;18,3;25,67;12,17;75,14
Isole;Sardegna;SS;C613;0;2,17;2;1;2,58;7,75
Nord Est;Veneto;TV;C614;6;6;8;4;5,33;29,33
Centro;Marche;AN;C615;14;46,61;61,25;36;28,5;186,36
Sud;Calabria;CZ;C616;6,34;7;12,22;3,55;2;31,11
Nord Ovest;Lombardia;BS;C618;18,92;77,08;82,17;43,39;70,19;291,75
Sud;Basilicata;PZ;C619;3;5;1;4;2;15
Sud;Molise;IS;C620;1;0,66;0;0,5;2;4,16
Nord Ovest;Liguria;GE;C621;28,28;155,34;136,67;54,37;44,04;418,7
Nord Ovest;Lombardia;SO;C623;17,21;33,5;32,83;12,97;11,69;108,2
Nord Ovest;Piemonte;TO;C624;2;11;5;0;18;36
Nord Ovest;Piemonte;TO;C627;23;178,34;162,62;82,89;84,14;530,99
Nord Ovest;Lombardia;SO;C628;26,87;50,35;14,01;2;2,01;95,24
Nord Ovest;Piemonte;TO;C629;1;1;0;0;1;3
Nord Est;Veneto;BL;C630;2;2;1;2,42;7;14,42
Centro;Toscana;PT;C631;0;3;16;7;19;45
Sud;Abruzzo;CH;C632;31,04;189,3;225,69;165,79;101,29;713,11
Sud;Puglia;FG;C633;2;11;3;1;3,5;20,5
Nord Ovest;Lombardia;CR;C634;1;9;2;5;6,8;23,8
Nord Ovest;Lombardia;BG;C635;0,06;8,33;11,33;5,5;3;28,22
Nord Ovest;Lombardia;PV;C637;3;21;18,5;17,84;17,33;77,67
Nord Est;Veneto;VE;C638;187,43;325,22;236,98;97,53;66,1;913,26
Nord Ovest;Piemonte;TO;C639;27,22;14;7,75;2;3;53,97
Nord Est;Friuli- Venezia Giulia;PN;C640;4;10;15;7;22,33;58,33
Centro;Toscana;AR;C648;1;4,5;3,67;2;1,77;12,94
Nord Ovest;Lombardia;BG;C649;1;18;26,34;14;12,61;71,95
Nord Est;Veneto;VI;C650;1;3;1,67;1;8;14,67
Nord Ovest;Lombardia;SO;C651;2;9;3;2;4;20
Nord Ovest;Piemonte;CN;C653;3,63;24,83;11;8;15,5;62,96
Isole;Sicilia;PA;C654;3,5;9;4,5;8,25;12,78;38,03
Nord Ovest;Piemonte;TO;C655;2,38;7,38;10,5;3,5;4,38;28,14
Nord Est;Friuli- Venezia Giulia;UD;C656;16;12;7;0,5;3;38,5
Nord Ovest;Liguria;IM;C657;0;2;0;3;1;6
Nord Ovest;Piemonte;AT;C658;0;0;0;0;0;0
Sud;Campania;AV;C659;1;0,12;2,18;7,06;4,25;14,61
Nord Ovest;Liguria;IM;C660;0;4;4;4;3;15
Centro;Toscana;SI;C661;2;12;5;6;8,66;33,66
Centro;Toscana;SI;C662;4;15,33;35;11,5;18,83;84,66
Centro;Toscana;AR;C663;1;9,25;5;5;6;26,25
Nord Ovest;Piemonte;TO;C665;15;137,67;129,54;53,75;54,83;390,79
Isole;Sicilia;AG;C668;5;12;11,91;6,5;8;43,41
Nord Est;Emilia-Romagna;RE;C669;4;8,5;16;13;11;52,5
Nord Est;Veneto;TV;C670;1;6,5;9;7;23,34;46,84
Nord Est;Veneto;BL;C672;2;11,75;5;2;1;21,75
Nord Ovest;Liguria;GE;C673;0;8;10,5;10;6,67;35,17
Sud;Calabria;CZ;C674;1;2;0;1,67;2;6,67
Sud;Campania;NA;C675;8;22,04;20,5;23,22;18,05;91,81
Sud;Campania;SA;C676;1;7;2;1;3,5;14,5
Centro;Lazio;RM;C677;6,5;4,67;4;1;2,67;18,84
Nord Ovest;Lombardia;CR;C678;0;0;1,56;1;6;8,56
Nord Ovest;Piemonte;TO;C679;0;1;1;1;3;6
Nord Ovest;Piemonte;VC;C680;0;6;10,5;15;25,2;56,7
Nord Ovest;Piemonte;CN;C681;0;0;2;1;3;6
Nord Ovest;Lombardia;PV;C684;0;0;2;3;13;18
Nord Ovest;Lombardia;BS;C685;0;0;3;5;8;16
Nord Ovest;Lombardia;PV;C686;2;24,25;21,75;17,51;16,42;81,93
Nord Est;Veneto;TV;C689;0;6;6;6,16;12;30,16
Nord Ovest;Lombardia;BS;C691;0;3;0;1;1;5
Sud;Calabria;RC;C695;0;0;0;0;2;2
Isole;Sicilia;PA;C696;1;1;1,83;5,29;12,53;21,65
Sud;Campania;NA;C697;1;6;15,8;14;6;42,8
Nord Ovest;Lombardia;BS;C698;0;3;1;2,75;2,67;9,42
Nord Est;Friuli- Venezia Giulia;PN;C699;0;1;2;0;4,5;7,5
Nord Ovest;Piemonte;AT;C701;0;2;3;2;5;12
Centro;Lazio;RM;C702;1;4;1;1;5,5;12,5
Nord Ovest;Lombardia;CR;C703;0;1,5;1;5;12,5;20
Centro;Marche;MC;C704;3;7;15,33;13;25;63,33
Centro;Toscana;GR;C705;7;16,16;18,5;7;7,5;56,16
Nord Ovest;Lombardia;MI;C707;158,67;510,61;243,44;83,22;24,89;1020,83
Isole;Sicilia;PA;C708;11;29;32,75;46,67;35,12;154,54
Nord Ovest;Lombardia;SO;C709;3;1,27;4;0;0;8,27
Sud;Calabria;RC;C710;4;9;6;7;9;35
Nord Ovest;Piemonte;TO;C711;3;1;2;1;0,5;7,5
Nord Est;Veneto;PD;C713;1;3,17;3;0;18,09;25,26
Nord Est;Veneto;VE;C714;0;4;1,5;8;13,5;27
Nord Ovest;Piemonte;TO;C715;2;1;2;2;6;13
Sud;Campania;CE;C716;2;0;0;0;0;2
Nord Ovest;Liguria;IM;C718;12,5;15,5;10;3;6;47
Sud;Campania;BN;C719;4;1;2;3;5;15
Nord Ovest;Piemonte;TO;C722;12;108,77;78,67;29,5;47,11;276,05
Sud;Basilicata;MT;C723;1;2;3;0,6;1;7,6
Nord Ovest;Lombardia;CO;C724;1;10;2,2;10,5;4,5;28,2
Sud;Calabria;KR;C725;1;1;3,8;3;4;12,8
Sud;Calabria;KR;C726;20,25;47,38;34;17;15,66;134,29
Nord Ovest;Lombardia;BG;C728;3;19;26;13,3;15,8;77,1
Nord Ovest;Liguria;SV;C729;9;10;2;1;6;28
Nord Ovest;Lombardia;BG;C730;1;22,87;25,16;15,94;11,7;76,67
Nord Ovest;Lombardia;VA;C732;18;53,88;52,67;23,67;19,83;168,05
Nord Ovest;Lombardia;MI;C733;2;40,5;33,5;21,5;18;115,5
Nord Est;Veneto;TV;C735;1;8;13,75;8;14,74;45,49
Nord Ovest;Piemonte;CN;C738;0;0;0;1;2;3
Nord Ovest;Piemonte;AT;C739;0;7;4;2,67;7,5;21,17
Centro;Lazio;LT;C740;11;82,06;128,79;60,36;52,5;334,71
Sud;Puglia;BR;C741;8;27;25,5;23,17;13;96,67
Centro;Umbria;PG;C742;1,5;3;4;5;6;19,5
Nord Est;Veneto;PD;C743;4,67;25;27;40;82,84;179,51
Centro;Umbria;PG;C744;7;33;35;18;33;126
Centro;Umbria;PG;C745;23,38;83,93;148,17;101,1;107,38;463,96
Centro;Lazio;RI;C746;4;12,56;17;13;9;55,56
Sud;Calabria;RC;C747;11,65;15,13;20,73;13,71;7,39;68,61
Centro;Lazio;RI;C749;3;0;0,78;2,75;0,5;7,03
Sud;Abruzzo;PE;C750;2;45,5;54,5;37;64,08;203,08
Nord Ovest;Lombardia;VA;C751;2;17;11,5;8,45;14;52,95
Nord Ovest;Lombardia;LC;C752;4;6;6;3,75;6;25,75
Nord Ovest;Liguria;IM;C755;4,5;7;3;0;4;18,5
Nord Ovest;Piemonte;VC;C757;0;2,33;2;1;1,66;6,99
Nord Est;Friuli- Venezia Giulia;UD;C758;7;18;46,5;36;61,9;169,4
Nord Ovest;Lombardia;BG;C759;1;7;13,92;7,75;11,59;41,26
Nord Ovest;Lombardia;BS;C760;1;1;3;5;9;19
Sud;Calabria;CS;C763;1;2,17;2;2;4;11,17
Sud;Molise;CB;C764;2;2;2;0;0;6
Centro;Lazio;VT;C765;15,85;49,17;50,5;27,92;26;169,44
Sud;Abruzzo;AQ;C766;2;5;3,8;0;2;12,8
Centro;Lazio;RM;C767;8,44;45;33,25;29,56;20;136,25
Sud;Abruzzo;CH;C768;2;2;0;0;2;6
Sud;Molise;IS;C769;1;3;1;2;2;9
Centro;Marche;MC;C770;66,14;154,94;119,26;96,96;48,41;485,71
Sud;Abruzzo;PE;C771;0;2;4;2;7;15
Sud;Molise;CB;C772;1;1;2;0;0;4
Centro;Lazio;RM;C773;48,25;202,21;214,26;95,95;69,01;629,68
Centro;Toscana;AR;C774;5,5;26;26,5;15,44;28,51;101,95
Sud;Abruzzo;CH;C776;2;0;1;1;1,5;5,5
Nord Est;Emilia-Romagna;FO;C777;1;8;10,5;5;9,5;34
Sud;Abruzzo;AQ;C778;1;2;2;2;0,75;7,75
Sud;Abruzzo;PE;C779;1;0;1,5;2;2,67;7,17
Centro;Lazio;VT;C780;2;4;6,22;6,5;5,5;24,22
Sud;Abruzzo;TE;C781;2;7;7,17;13;13,24;42,41
Centro;Toscana;GR;C782;5;9;13;10,5;6,5;44
Sud;Abruzzo;AQ;C783;2;1;5;5,75;3;16,75
Centro;Lazio;RM;C784;9;9;5,17;2,5;6,5;32,17
Nord Ovest;Lombardia;SO;C785;0;7,93;5;4;4;20,93
Nord Ovest;Lombardia;CO;C787;0;3;1;2;2;8
Nord Ovest;Lombardia;BG;C789;0;0;0,5;1,5;1;3
Nord Est;Friuli- Venezia Giulia;PN;C790;2;4,5;2;1,17;6;15,67
Nord Est;Friuli- Venezia Giulia;PN;C791;0;2;4;2;1,83;9,83
Nord Ovest;Piemonte;CN;C792;0;1;7;1;6;15
Nord Ovest;Piemonte;TO;C793;12;9;4;0;0;25
Sud;Calabria;CS;C795;3;0,19;3;2;1;9,19
Nord Ovest;Lombardia;VA;C796;2;7,67;7,5;4;3;24,17
Nord Ovest;Lombardia;BG;C800;11,33;73,61;59,7;17,06;18,95;180,65
Nord Ovest;Piemonte;TO;C801;2,5;9,5;4,34;3;6;25,34
Nord Ovest;Piemonte;TO;C803;22,42;41,42;17;13,33;16,92;111,09
Nord Ovest;Piemonte;AT;C804;0;0;0;1;0;1
Nord Ovest;Lombardia;BS;C806;2,68;29;42,83;26;29,17;129,68
Nord Ovest;Piemonte;AT;C807;0,5;5;4,5;5,09;18,5;33,59
Nord Ovest;Lombardia;VA;C810;2;7;18;7;14,94;48,94
Sud;Abruzzo;AQ;C811;1;3;0;1;0;5
Nord Est;Veneto;PD;C812;1;14,5;15,1;12,47;28,78;71,85
Nord Ovest;Lombardia;PV;C813;3;0;2;2;10;17
Nord Est;Emilia-Romagna;FE;C814;3,25;37;47;42,67;46;175,92
Nord Est;Veneto;TV;C815;0;5,5;9;7;20,33;41,83
Nord Ovest;Lombardia;LO;C816;12,5;86,39;96,17;35,83;30,83;261,72
Nord Est;Friuli- Venezia Giulia;UD;C817;4;31;45,89;25,5;62,33;168,72
Isole;Sardegna;SS;C818;2;3;2;1;7,5;15,5
Nord Ovest;Piemonte;BI;C819;1;5;9;6;12;33
Nord Ovest;Lombardia;MI;C820;3,92;29,83;38,25;18,17;19,85;110,02
Nord Ovest;Valle d'Aosta;AO;C821;2,5;27;9;2;0;40,5
Nord Ovest;Liguria;GE;C823;18,5;75;28;5;7,5;134
Nord Est;Veneto;VI;C824;1;1;4;6;16;28
Nord Ovest;Liguria;GE;C826;4,2;20,5;23,6;12,5;9,5;70,3
Nord Ovest;Piemonte;NO;C829;9;8;3;3;0;23
Nord Ovest;Lombardia;BG;C835;4,5;8,8;5,6;0;2;20,9
Centro;Lazio;FR;C836;1;5;6;0;9;21
Nord Est;Emilia-Romagna;PC;C838;7,34;6,5;11,67;6,33;7,5;39,34
Nord Ovest;Lombardia;LC;C839;11;52,83;51,67;17,3;19;151,8
Centro;Lazio;RI;C841;3;3;3,3;3;1;13,3
Sud;Abruzzo;AQ;C844;0;0;1;0;0;1
Centro;Umbria;PG;C845;0;4;5;9;10,33;28,33
Sud;Campania;BN;C846;0;1;1;1;3;6
Centro;Toscana;SI;C847;21;96,56;101,22;33;31,33;283,11
Nord Est;Veneto;TV;C848;0;16;14,5;12,76;20,92;64,18
Nord Ovest;Lombardia;BS;C850;0,33;16;16,39;15;14,56;62,28
Nord Ovest;Lombardia;LC;C851;2,62;4;3,5;4,5;9;23,62
Nord Est;Emilia-Romagna;PR;C852;19;71,6;86;30,1;44,66;251,36
Sud;Abruzzo;PE;C853;2;8,5;13;14,14;15,1;52,74
Sud;Molise;CB;C854;0;1;2;1;1,5;5,5
Sud;Abruzzo;CH;C855;0;2;0;1;0;3
Sud;Abruzzo;CH;C856;0;0;1;2,9;0;3,9
Centro;Lazio;RI;C857;1;3,5;1;2;5;12,5
Centro;Lazio;RM;C858;4;81,55;83,75;50,11;43,17;262,58
Centro;Lazio;RI;C859;0;3;0,25;2;0,5;5,75
Nord Ovest;Piemonte;TO;C860;31;347,3;234,11;67,5;39,65;719,56
Sud;Abruzzo;AQ;C862;1;1;1;0,5;1,33;4,83
Centro;Lazio;FR;C864;1;2;2;2,33;2;9,33
Sud;Puglia;LE;C865;0;2,67;7,67;9,67;14;34,01
Sud;Abruzzo;AQ;C866;1,5;0,9;0;0;0;2,4
Nord Ovest;Piemonte;TO;C867;0;0;2;1;1;4
Nord Ovest;Piemonte;TO;C868;0;0;0;0;4;4
Centro;Toscana;LI;C869;7,5;67,83;90,59;34,89;35,05;235,86
Centro;Lazio;FR;C870;2;1;1,67;0;2;6,67
Isole;Sicilia;PA;C871;3,5;7,5;16,5;8,28;13,67;49,45
Sud;Molise;CB;C875;5;5;2;1;5;18
Centro;Lazio;RI;C876;3;1;2,5;2;8,33;16,83
Centro;Marche;AP;C877;0;6,5;10;4,5;10,5;31,5
Sud;Molise;IS;C878;0;2,5;5,5;0;5;13
Sud;Campania;SA;C879;4,75;3;1;2,17;3;13,92
Centro;Lazio;RI;C880;0;2;1;1;1;5
Isole;Sardegna;CA;C882;0;0;0;0;3;3
Nord Ovest;Lombardia;BS;C883;8,67;15,42;10,25;3,27;3,11;40,72
Nord Ovest;Piemonte;VC;C884;0;0;0;1;0;1
Nord Est;Friuli- Venezia Giulia;UD;C885;1;1;2;1;10,67;15,67
Centro;Marche;MC;C886;0;1;2;2;9;14
Sud;Basilicata;MT;C888;2,96;1;0;2,5;0;6,46
Nord Est;Veneto;VR;C890;2;15;28,5;15,5;49,18;110,18
Nord Ovest;Lombardia;BS;C893;2;22,58;27,5;26,09;24,91;103,08
Nord Ovest;Lombardia;BG;C894;15,67;46;46,17;26,5;41,67;176,01
Nord Ovest;Lombardia;MI;C895;87,09;306,4;179,39;53,17;27,75;653,8
Nord Est;Veneto;VR;C897;3;25,33;30,75;25;31,16;115,24
Centro;Lazio;RM;C900;1,25;15,17;13,5;4;5,35;39,27
Sud;Abruzzo;TE;C901;0;6;15,5;7;16;44,5
Nord Ovest;Lombardia;CO;C902;6,5;4;4,5;2;0;17
Nord Ovest;Lombardia;SO;C903;0;3,66;4;4,5;3,66;15,82
Nord Est;Emilia-Romagna;PR;C904;6;26,8;33,07;15,5;33,34;114,71
Sud;Calabria;CS;C905;0;0;0,33;0;1,66;1,99
Nord Ovest;Lombardia;MI;C908;2;8;15,5;3;11;39,5
Nord Ovest;Lombardia;BG;C910;1;3,67;6,67;4;6;21,34
Nord Ovest;Lombardia;VA;C911;2;7;4;4;2;19
Nord Est;Emilia-Romagna;FE;C912;398,02;685,9;146,46;59,27;38,55;1328,2
Centro;Toscana;MS;C914;3;0;2;2;7;14
Nord Ovest;Lombardia;LO;C917;3;25,5;19,5;12;1;61
Nord Est;Friuli- Venezia Giulia;UD;C918;1;6,83;1,5;2;4;15,33
Nord Est;Veneto;BL;C919;14,07;17;6,07;6;3,43;46,57
Nord Est;Veneto;BL;C920;15,79;19,16;15,3;10,5;5,5;66,25
Nord Ovest;Lombardia;VA;C922;0;5,5;15,86;7,5;11;39,86
Nord Ovest;Lombardia;BS;C925;1;18;6,5;6,5;15,5;47,5
Nord Ovest;Piemonte;NO;C926;0;5;1;4;1;11
Isole;Sicilia;RG;C927;21;59,07;66,83;53;64,06;263,96
Isole;Sicilia;AG;C928;8;6;6;1;1;22
Sud;Campania;NA;C929;0;0;0;1;2;3
Nord Ovest;Lombardia;MN;C930;0;0;0;1;6,44;7,44
Nord Ovest;Lombardia;CO;C933;129,14;494,94;403,2;193,9;170,29;1391,47
Nord Est;Emilia-Romagna;PR;C934;0;4;2,5;0;5;11,5
Centro;Marche;AP;C935;2;6,34;6;1;6,58;21,92
Nord Ovest;Lombardia;CO;C936;4,5;12,5;8;6;9;40
Nord Ovest;Lombardia;BG;C937;3;19,5;8,39;10;3;43,89
Nord Est;Veneto;VE;C938;1;10;24;13,94;10,33;59,27
Sud;Campania;CE;C939;0;1;2;1;3,84;7,84
Sud;Campania;SA;C940;1;0;2;0;1;4
Sud;Molise;IS;C941;1;0;0;0;0;1
Nord Est;Veneto;VR;C943;0;2;2;0;3;7
Centro;Lazio;RI;C946;3;1;1;3;2;10
Nord Ovest;Lombardia;BS;C948;7;51,5;72,67;39,5;41,67;212,34
Nord Est;Veneto;VE;C950;2,5;18,67;19,83;17,5;35,4;93,9
Nord Est;Emilia-Romagna;MO;C951;5;25;33,22;17;30,08;110,3
Nord Ovest;Lombardia;MI;C952;19,5;78;72,5;34,11;26,5;230,61
Sud;Calabria;RC;C954;2,33;11,33;4,5;3;3,08;24,24
Nord Ovest;Piemonte;TO;C955;14,83;36,33;31,25;13,17;14,67;110,25
Isole;Sicilia;ME;C956;1;0;1;1;1;4
Nord Est;Veneto;TV;C957;16,39;110,7;174,94;107,13;114,17;523,33
Nord Ovest;Lombardia;PV;C958;1;4;5,67;3;6;19,67
Centro;Lazio;RI;C959;0,5;4;2,5;2,5;2;11,5
Sud;Calabria;CZ;C960;0;0;3;1;3;7
Nord Ovest;Piemonte;AL;C962;0;0;0;3;2,5;5,5
Nord Est;Emilia-Romagna;RA;C963;1;31,77;31;25,1;42,85;131,72
Nord Est;Veneto;PD;C964;3,95;27,82;38,66;19;41,5;130,93
Isole;Sicilia;PA;C968;1,8;7,34;2;3;6,63;20,77
Centro;Lazio;RI;C969;2;5,8;11,67;5;12,78;37,25
Sud;Campania;AV;C971;2;4;6;3;2;17
Sud;Abruzzo;TE;C972;0;3;4;7;14,17;28,17
Sud;Campania;SA;C973;0;3;1;0;0;4
Sud;Campania;SA;C974;1;6;3;3;2,62;15,62
Sud;Puglia;BA;C975;19,11;65,24;89,83;59,33;59,41;292,92
Sud;Campania;AV;C976;0,63;3;2;4;12,33;21,96
Nord Ovest;Piemonte;AL;C977;1,5;2;0;2;7,33;12,83
Sud;Puglia;LE;C978;10,5;16,23;31,04;28,68;57,41;143,86
Nord Ovest;Lombardia;PV;C979;4,66;13,5;12,5;8;10;48,66
Nord Est;Emilia-Romagna;FE;C980;5;54,5;69,84;43,59;59,75;232,68
Nord Ovest;Lombardia;PV;C982;0;0;1;2;2;5
Sud;Puglia;BA;C983;96,2;151,72;163,72;112,92;64,31;588,87
Sud;Campania;SA;C984;2;3;16;14,33;5;40,33
Nord Ovest;Lombardia;MI;C986;13,5;111,5;101,17;42,75;39,75;308,67
Nord Est;Veneto;RO;C987;2;7;12,2;5;13;39,2
Centro;Lazio;VT;C988;0;4;5;1;8,25;18,25
Centro;Umbria;PG;C990;17,34;76,33;55,65;47,5;54,72;251,54
Nord Est;Friuli- Venezia Giulia;PN;C991;8;27,75;46,17;30,59;73,82;186,33
Nord Est;Veneto;TV;C992;0,5;8;10,83;9,5;22,34;51,17
Nord Est;Friuli- Venezia Giulia;PN;C993;0;9;4,5;5;10,5;29
Nord Ovest;Liguria;GE;C995;1;2;0;0;1,5;4,5
Centro;Toscana;LU;C996;3;16;13,17;12,5;33;77,67
Centro;Lazio;FR;C998;0;0;1;0;0;1
Sud;Abruzzo;AQ;C999;2;0;1;3;4;10
Centro;Lazio;LT;D003;7,34;28,66;27,85;12;22,5;98,35
Nord Est;Emilia-Romagna;RN;D004;3,5;37,42;25,16;24,83;24,17;115,08
Sud;Puglia;LE;D006;4,5;12;9,84;14,5;17;57,84
Centro;Marche;AN;D007;1;6;13,25;9,25;27;56,5
Nord Ovest;Piemonte;TO;D008;11;40,06;19,6;9,5;10,17;90,33
Isole;Sicilia;PA;D009;7,67;15,75;22;19,47;21,35;86,24
Sud;Basilicata;PZ;D010;3;5;3,67;1;2;14,67
Sud;Campania;SA;D011;0;0;0;0;1;1
Nord Ovest;Valle d'Aosta;AO;D012;34,51;73,15;52,96;16;31,19;207,81
Nord Ovest;Lombardia;MI;D013;42,36;138,24;97,67;42,4;16,42;337,09
Nord Ovest;Lombardia;BG;D015;1;4,45;1;2,73;1,05;10,23
Nord Ovest;Lombardia;BG;D016;5;11,5;3,11;0;1,5;21,11
Nord Ovest;Lombardia;MI;D018;34,5;131,63;100;25,72;35;326,85
Nord Ovest;Lombardia;MI;D019;20;106;78,4;31;17,25;252,65
Nord Est;Veneto;VI;D020;1;19,5;11;24,17;39,41;95,08
Nord Ovest;Lombardia;LO;D021;3;6;14,5;6,86;11,11;41,47
Nord Ovest;Piemonte;CN;D022;0;5;4;3;8;20
Centro;Lazio;VT;D024;15;128,33;95,59;42,86;39,61;321,39
Nord Est;Emilia-Romagna;PR;D026;2;8,5;9,13;7,8;14,75;42,18
Nord Est;Friuli- Venezia Giulia;UD;D027;0;3;9;4,5;19,5;36
Nord Ovest;Lombardia;LO;D028;1;3;6;2;5,34;17,34
Nord Ovest;Lombardia;LO;D029;0;0;1;0;1;2
Nord Est;Veneto;TV;D030;1;15;11;12,25;23,28;62,53
Nord Ovest;Lombardia;MI;D033;0;0;1,5;1;1;3,5
Nord Est;Emilia-Romagna;RE;D037;6;75,5;101,11;44,62;82,22;309,45
Nord Ovest;Lombardia;MI;D038;3;15,5;9,01;8;16,5;52,01
Nord Est;Veneto;PD;D040;0;8,33;13,25;12;19,66;53,24
Nord Ovest;Lombardia;CO;D041;0;1,66;2;0;4;7,66
Centro;Marche;MC;D042;1;30;34,8;39,22;34;139,02
Sud;Abruzzo;TE;D043;0;4;18,5;20;16;58,5
Sud;Puglia;LE;D044;3;7;6;1,75;7;24,75
Nord Ovest;Lombardia;MI;D045;61,58;325,62;150,5;18,17;8;563,87
Nord Ovest;Piemonte;AT;D046;0;1;4;0;4;9
Sud;Calabria;CZ;D049;1;2,5;3,5;1;3;11
Nord Ovest;Piemonte;AT;D050;0;0;1;1;1;3
Nord Ovest;Piemonte;AT;D051;1;0,67;0;0;0;1,67
Nord Ovest;Piemonte;AT;D052;0;1;1;1;4;7
Nord Est;Emilia-Romagna;PC;D054;2;4,25;5;2;0,33;13,58
Nord Ovest;Lombardia;CR;D056;0;0;4;3;13;20
Nord Ovest;Lombardia;CR;D057;0;0;2;2;6,42;10,42
Nord Ovest;Lombardia;BS;D058;8,83;22,33;17;17,08;20;85,24
Nord Est;Emilia-Romagna;PC;D061;1;10;17,05;15;22,47;65,52
Nord Ovest;Piemonte;CN;D062;5;11;8;7;14;45
Nord Ovest;Lombardia;BS;D064;62,13;81,6;11,5;3,08;3,75;162,06
Nord Ovest;Lombardia;LC;D065;1;1;3;1;1;7
Nord Ovest;Lombardia;BG;D066;1;5;11,25;3;11,08;31,33
Nord Ovest;Lombardia;LO;D068;0;5;2;4;2;13
Nord Ovest;Piemonte;AT;D072;0;0;0;1;2;3
Sud;Abruzzo;TE;D076;0;2;0;0;0;2
Centro;Toscana;AR;D077;13,89;43,5;67;56,81;92,75;273,95
Sud;Abruzzo;PE;D078;0;2;1;0;0;3
Nord Ovest;Lombardia;PV;D081;0;2;3;0;10;15
Nord Ovest;Lombardia;BS;D082;0;3;5;4;9;21
Nord Est;Friuli- Venezia Giulia;UD;D085;0;1;2,5;2;14,29;19,79
Sud;Calabria;CS;D086;51,05;165,87;232,29;160,06;130,97;740,24
Nord Ovest;Liguria;IM;D087;4;1;3;0,5;1;9,5
Nord Ovest;Lombardia;SO;D088;3;15,83;19,5;8,25;14,67;61,25
Sud;Calabria;RC;D089;0;0;0;0;0,25;0,25
Nord Ovest;Piemonte;TO;D092;0;2;0;3;4;9
Nord Ovest;Piemonte;CN;D093;0;3;1;1;5;10
Nord Ovest;Piemonte;BI;D094;9,5;53,59;50,5;35,5;43,37;192,46
Nord Ovest;Liguria;SV;D095;0;4;2;3;4;13
Centro;Marche;AP;D096;0;0;0;3;6;9
Nord Ovest;Piemonte;VB;D099;3;5;4;7;1;20
Isole;Sardegna;SS;D100;0;1;1;0,5;2,75;5,25
Nord Ovest;Piemonte;AT;D101;0;0;0;1;7;8
Nord Ovest;Piemonte;AL;D102;0;0;1;0;1;2
Nord Ovest;Lombardia;BG;D103;6;4,34;2,5;0,17;1,5;14,51
Nord Est;Veneto;RO;D105;0;5;6,5;7;12,88;31,38
Nord Est;Veneto;VI;D107;8;18;23;26,55;36,51;112,06
Centro;Umbria;PG;D108;1;4;2,5;3;4;14,5
Nord Ovest;Lombardia;PV;D109;0;1;2;1;4;8
Nord Ovest;Lombardia;BG;D110;0;11,66;13;5;6,5;36,16
Nord Ovest;Lombardia;BG;D111;21;22,5;2;2,83;4;52,33
Nord Ovest;Lombardia;LC;D112;4,15;27,5;13;7,73;7,46;59,84
Nord Ovest;Piemonte;VC;D113;2;1;0;1;10;14
Nord Ovest;Liguria;IM;D114;9,25;19;9;1;2;40,25
Nord Ovest;Lombardia;BG;D117;7;31;38;29;26,84;131,84
Nord Est;Veneto;VR;D118;9,5;41,09;18,33;10;16,89;95,81
Nord Ovest;Piemonte;AT;D119;1,33;12;16,97;7,75;36,16;74,21
Nord Ovest;Piemonte;CN;D120;1;8;12;2;12;35
Nord Est;Emilia-Romagna;RA;D121;2;18;13,25;9;33,09;75,34
Sud;Calabria;KR;D122;41,78;102,43;128,67;113,96;88,08;474,92
Sud;Calabria;KR;D123;48,5;33,67;14;5;10,5;111,67
Centro;Lazio;RI;D124;1,8;0;0;2,3;2;6,1
Nord Ovest;Lombardia;BG;D126;2;5;26,25;8;16,5;57,75
Nord Ovest;Lombardia;PV;D127;0;3;5;2;3;13
Sud;Basilicata;MT;D128;0;1;1;1;0;3
Nord Ovest;Lombardia;LC;D131;2;2;5,11;1;2;12,11
Nord Ovest;Piemonte;VC;D132;4;7,06;0;0;2;13,06
Nord Ovest;Piemonte;CN;D133;0;1;2;1;2;6
Nord Ovest;Piemonte;VB;D134;4;18;5,67;1;4;32,67
Nord Est;Veneto;VI;D136;8;18,17;38,45;29,59;33,28;127,49
Sud;Abruzzo;CH;D137;1;2;2;2;4;11
Nord Ovest;Lombardia;BG;D139;2;9;17;9;10;47
Nord Ovest;Lombardia;CR;D141;0;2;5;6,5;2;15,5
Nord Ovest;Lombardia;CR;D142;34,5;141,17;186,42;93,09;75,28;530,46
Nord Ovest;Lombardia;LC;D143;0;3;2;0;3;8
Nord Ovest;Lombardia;VA;D144;1;3;4;3;4;15
Nord Ovest;Lombardia;LC;D145;7,15;44,04;8,5;5;6;70,69
Nord Ovest;Lombardia;CO;D147;2;4;0;1,25;3;10,25
Nord Ovest;Piemonte;AL;D149;3,5;2;4,5;3;7,5;20,5
Nord Ovest;Lombardia;CR;D150;70,1;377,85;368,45;176,17;163,13;1155,7
Nord Ovest;Lombardia;CR;D151;1;12;5;5,5;10;33,5
Nord Ovest;Piemonte;VC;D154;3;25,5;44;15,34;25;112,84
Nord Est;Veneto;VI;D156;1;2;7;0;6,5;16,5
Nord Ovest;Lombardia;LO;D159;4,5;13,25;19;6;9,5;52,25
Nord Est;Veneto;RO;D161;0;3;8,17;7;13;31,17
Nord Ovest;Piemonte;NO;D162;3;1;12,5;5;8;29,5
Nord Ovest;Piemonte;BI;D165;3;7;6,83;5;8;29,83
Nord Est;Emilia-Romagna;BO;D166;11;61;60,8;37,2;52,03;222,03
Nord Ovest;Piemonte;VB;D168;0;11;18;5,75;11,39;46,14
Sud;Campania;NA;D170;14;24;23,59;19,42;10,91;91,92
Sud;Puglia;TA;D171;8,2;15,67;29;25,69;16,67;95,23
Nord Ovest;Piemonte;CN;D172;8,83;5,5;4,5;0;2;20,83
Nord Ovest;Liguria;GE;D175;0;6,5;5;3;7;21,5
Nord Ovest;Piemonte;VB;D177;2;7;4,18;6,01;5,17;24,36
Sud;Abruzzo;TE;D179;7;14,5;15,5;7,17;8;52,17
Sud;Calabria;CS;D180;1;1,75;0;2;2;6,75
Sud;Calabria;CZ;D181;25,17;18,67;10,89;3;9,67;67,4
Sud;Calabria;CS;D184;9;34,5;17,5;17;28,2;106,2
Nord Ovest;Lombardia;VA;D185;0;0;1;2;2,44;5,44
Nord Ovest;Lombardia;CR;D186;0;1;2;1;4;8
Nord Ovest;Piemonte;VC;D187;2;2;3;2;0;9
Sud;Calabria;KR;D189;6;16;2;9;5;38
Nord Ovest;Lombardia;VA;D192;4;16,22;16,11;9,61;17,25;63,19
Nord Est;Veneto;VR;D193;1;17;21;7;29;75
Sud;Campania;SA;D195;1;4;0;1;0;6
Nord Ovest;Lombardia;CO;D196;4;13,5;5;5;5,5;33
Nord Ovest;Piemonte;TO;D197;0;0,5;0;0;8;8,5
Nord Ovest;Lombardia;MI;D198;6,75;24,67;36,83;15;21,83;105,08
Nord Ovest;Lombardia;VA;D199;2;10,5;11,08;6,16;9,43;39,17
Isole;Sardegna;OR;D200;4;4,11;12,49;10;17,36;47,96
Sud;Abruzzo;PE;D201;0;0;2;1,75;2;5,75
Nord Ovest;Piemonte;TO;D202;2;19,5;37,5;16,69;27,83;103,52
Nord Ovest;Lombardia;CR;D203;0;1;6;2;3,05;12,05
Nord Ovest;Lombardia;VA;D204;2;7,17;8;6,77;15;38,94
Nord Ovest;Piemonte;CN;D205;31,95;231,91;257,29;127,25;132,19;780,59
Nord Ovest;Piemonte;AT;D207;0;0;1;1;4,48;6,48
Nord Ovest;Piemonte;TO;D208;6,7;38,3;40,08;16;29,75;130,83
Sud;Abruzzo;CH;D209;0;6,13;8,93;3,5;18;36,56
Centro;Marche;AP;D210;11,5;30,5;16,5;5,86;10,13;74,49
Centro;Marche;AN;D211;2;8;17;6,5;18;51,5
Isole;Sardegna;OR;D214;0;0;0;1;0;1
Nord Ovest;Piemonte;NO;D216;0;1;8,16;5,5;13,33;27,99
Nord Ovest;Lombardia;VA;D217;0;2;1;0;2,5;5,5
Sud;Calabria;CZ;D218;4;3;7;2;5,5;21,5
Nord Ovest;Piemonte;BI;D219;1;1;5;1;2,5;10,5
Nord Ovest;Lombardia;BG;D221;14;34,5;49,44;27,25;13,67;138,86
Sud;Puglia;LE;D223;4;3;7,5;4,33;7;25,83
Nord Est;Veneto;PD;D226;1;32,25;20;9,75;27,61;90,61
Nord Ovest;Lombardia;MN;D227;3;52,75;47;23,1;65,64;191,49
Sud;Campania;CE;D228;4;6;14;10,42;13;47,42
Nord Ovest;Lombardia;MI;D229;5;24,5;22;23;21;95,5
Sud;Campania;BN;D230;7;4,04;0;9;5,75;25,79
Nord Ovest;Lombardia;MI;D231;21;103,16;76,09;48,79;22,5;271,54
Nord Ovest;Lombardia;CO;D232;0;0;1;0;2;3
Nord Ovest;Lombardia;BG;D233;3;3;3;2;1;12
Isole;Sicilia;TP;D234;4,67;11,07;10,67;10;4,5;40,91
Sud;Calabria;KR;D236;10;40;38;13,92;10,5;112,42
Sud;Puglia;LE;D237;4;35,39;34,31;20,14;20,52;114,36
Nord Ovest;Lombardia;VA;D238;1;10,83;5,75;10;12,08;39,66
Nord Ovest;Lombardia;VA;D239;2;15,5;7;2,22;3;29,72
Nord Ovest;Lombardia;MI;D244;3,5;17,94;24,33;9,58;18,5;73,85
Nord Ovest;Lombardia;BG;D245;32,13;111,69;131,44;55,88;55,68;386,82
Nord Est;Veneto;BL;D247;3;6,99;4;2,5;3;19,49
Nord Ovest;Lombardia;BS;D251;9,5;55;47,84;41,96;39,67;193,97
Sud;Calabria;VV;D253;1;4;2;1;0;8
Nord Ovest;Liguria;GE;D255;1;12;7,66;8;3;31,66
Nord Ovest;Lombardia;VA;D256;0,99;7;2;8;9,67;27,66
Sud;Calabria;CZ;D257;14,42;20,5;13,67;14;5,36;67,95
Nord Ovest;Lombardia;SO;D258;1,5;4,83;0,5;0;4;10,83
Isole;Sardegna;CA;D259;3;54;20,48;3;16,67;97,15
Isole;Sardegna;CA;D260;2;2,67;10,34;5;10,8;30,81
Sud;Calabria;CZ;D261;2;2;3,5;5;3;15,5
Nord Ovest;Liguria;SV;D264;1;7,5;9,5;3;9,5;30,5
Nord Ovest;Liguria;SP;D265;9;31,25;11;2,78;1;55,03
Nord Ovest;Lombardia;SO;D266;6;14;5;4;7,5;36,5
Isole;Sicilia;CL;D267;7,68;10;11;16,33;9,78;54,79
Sud;Calabria;RC;D268;0;0;2;1;0,67;3,67
Sud;Puglia;FG;D269;10,38;11,63;6;5;2;35,01
Nord Ovest;Lombardia;BS;D270;1;29;13;7;14,5;64,5
Nord Ovest;Piemonte;CN;D271;5,83;7;4;7,5;10,5;34,83
Nord Ovest;Piemonte;AL;D272;0,11;0;0;0;4;4,11
Nord Ovest;Piemonte;AL;D277;0;5;1;1;2;9
Nord Ovest;Lombardia;CR;D278;0;0,22;1;0,22;2;3,44
Centro;Umbria;PG;D279;5;44;50;38,33;33;170,33
Nord Ovest;Lombardia;LC;D280;6;19,57;11,42;7;4,5;48,49
Nord Ovest;Piemonte;VC;D281;0;1;4,75;1;6;12,75
Nord Ovest;Lombardia;BS;D284;76,5;211,76;138,29;71,02;84,7;582,27
Nord Ovest;Lombardia;MI;D286;72,19;248,5;213,25;61,7;60,19;655,83
Isole;Sardegna;NU;D287;1;2;3;0,9;2;8,9
Sud;Calabria;CS;D289;46,39;55,49;19,67;15,44;12,89;149,88
Sud;Calabria;CS;D290;0;0;2;3;1;6
Nord Ovest;Piemonte;CN;D291;5;15;7;9;15,5;51,5
Sud;Campania;SA;D292;3,96;5,33;7,5;8;19;43,79
Nord Ovest;Liguria;IM;D293;12;13;3;3;2;33
Nord Ovest;Liguria;IM;D296;20,5;23,83;3;2;4;53,33
Nord Ovest;Liguria;IM;D297;66,95;123,36;32,5;9,75;8,67;241,23
Nord Ovest;Liguria;IM;D298;2;9;4;5,11;1;21,11
Centro;Toscana;FI;D299;3;32;33,06;16,72;19;103,78
Nord Est;Friuli- Venezia Giulia;UD;D300;1;0;4;1;16,5;22,5
Sud;Calabria;VV;D303;2;1;1;1;0;5
Sud;Calabria;CS;D304;1;2;0;4;6,61;13,61
Sud;Puglia;LE;D305;4,61;20,67;9,5;3;9;46,78
Nord Ovest;Piemonte;NO;D309;0;0,33;5;0;10,33;15,66
Nord Ovest;Lombardia;CO;D310;2;6;6,5;2;3;19,5
Nord Ovest;Piemonte;CN;D314;1;11;24;11;22,66;69,66
Sud;Abruzzo;CH;D315;0;3;1;0;0;4
Nord Est;Friuli- Venezia Giulia;UD;D316;0;3;2;0;0;5
Nord Est;Veneto;VR;D317;2;8;13;7;7;37
Nord Ovest;Liguria;IM;D318;8;5;16;6;3,5;38,5
Nord Ovest;Liguria;IM;D319;6;8;10;6;6;36
Isole;Sardegna;CA;D323;3;12,08;10;21,25;26,16;72,49
Nord Est;Veneto;VE;D325;4;64,07;73,87;45,08;67,37;254,39
Nord Ovest;Lombardia;LC;D327;1;7;10;0,22;5;23,22
Sud;Calabria;CS;D328;0;2;1;2;6;11
Nord Ovest;Lombardia;CO;D329;12,17;14;8,5;5;2;41,67
Nord Est;Veneto;BL;D330;8;15,34;9;6,5;7,9;46,74
Sud;Campania;AV;D331;0,33;3;2;5;7,5;17,83
Nord Ovest;Piemonte;VB;D332;11,02;66,75;54,34;32,55;31,42;196,08
Isole;Sardegna;CA;D333;3;16;14;4,96;4;41,96
Isole;Sardegna;CA;D334;0;7;10;8;10,26;35,26
Nord Ovest;Valle d'Aosta;AO;D338;2;6,1;4;0;9;21,1
Nord Ovest;Piemonte;BI;D339;1;4;3;0;8,5;16,5
Nord Ovest;Lombardia;CO;D341;3,5;13,5;12;7;6;42
Isole;Sardegna;CA;D344;0;0;2;2;8;12
Isole;Sardegna;NU;D345;3;21,5;11;7,8;12,79;56,09
Nord Ovest;Lombardia;LC;D346;3;3;2,5;2;2;12,5
Nord Ovest;Piemonte;NO;D347;1,67;10;9,51;6;5,83;33,01
Nord Ovest;Lombardia;PV;D348;2;4;14,5;13;13,5;47
Nord Ovest;Piemonte;BI;D350;0,5;3;2,5;2;2,9;10,9
Nord Ovest;Lombardia;MN;D351;0;9;8;4;10,8;31,8
Nord Ovest;Lombardia;BG;D352;4;2;3;1;2;12
Nord Ovest;Lombardia;CO;D355;1;1;0;0;0;2
Nord Ovest;Valle d'Aosta;AO;D356;1;8;3;0;1;13
Nord Est;Emilia-Romagna;FO;D357;2;10;6;5;10;33
Nord Ovest;Lombardia;CR;D358;2;19;13;12;14,78;60,78
Nord Est;Emilia-Romagna;BO;D360;3;25,75;32,25;10;10,5;81,5
Sud;Campania;CE;D361;0;2;2;1;9;14
Sud;Calabria;VV;D364;8,13;22,25;6,42;8,5;7,5;52,8
Nord Est;Friuli- Venezia Giulia;UD;D366;0;1;0;0;2;3
Nord Ovest;Lombardia;MI;D367;2;29,5;14,5;8,5;11,67;66,17
Nord Ovest;Piemonte;CN;D372;4;23;25,89;10;20,83;83,72
Nord Ovest;Piemonte;TO;D373;1;26;35;20,51;22;104,51
Nord Ovest;Piemonte;VB;D374;2;9,56;6,18;3;3,83;24,57
Isole;Sardegna;NU;D376;0;0;2;0;2;4
Nord Ovest;Lombardia;SO;D377;4;11;14;7;4;40
Nord Est;Veneto;VI;D379;10;26;39,67;33,5;49,87;159,04
Sud;Campania;BN;D380;0;0,67;4;1,67;11;17,34
Nord Ovest;Lombardia;VA;D384;3;6;7,33;10,16;7,67;34,16
Nord Ovest;Lombardia;VA;D385;0;2;1;0;3;6
Sud;Campania;BN;D386;3,33;2;2;2;9,67;19
Nord Ovest;Piemonte;AT;D388;1;1;4;1;7;14
Sud;Campania;SA;D390;8,42;65;78,59;74,99;53,29;280,29
Nord Ovest;Lombardia;BS;D391;10;28,5;24,33;11;10;83,83
Sud;Abruzzo;PE;D394;1;1;4;1;2;9
Nord Ovest;Lombardia;LC;D398;0;0;6;0;4,5;10,5
Isole;Sardegna;CA;D399;3;43;23,28;11,59;9,33;90,2
Nord Ovest;Piemonte;CN;D401;0;1;0,33;0;1;2,33
Nord Ovest;Valle d'Aosta;AO;D402;1;2;0;1;0;4
Centro;Toscana;FI;D403;49,37;202,42;160,91;102,93;131,2;646,83
Nord Ovest;Lombardia;BG;D406;10;26,67;13,5;13,83;10,33;74,33
Nord Est;Veneto;VI;D407;13,25;26,06;13,33;10,8;4,8;68,24
Nord Est;Friuli- Venezia Giulia;UD;D408;0;3;1;6,5;3,75;14,25
Nord Ovest;Piemonte;CN;D410;18;23,17;4;3;1,5;49,67
Nord Ovest;Lombardia;BG;D411;1;8;7;9;5;30
Nord Ovest;Piemonte;CN;D412;1;0;1;1;14;17
Sud;Basilicata;PZ;D414;2;0;0;2;1;5
Nord Est;Veneto;VE;D415;40,89;86,67;47,28;31,5;40,5;246,84
Nord Ovest;Lombardia;CO;D416;14,44;52,5;68,92;32,17;35,64;203,67
Nord Est;Veneto;VR;D419;0;7;4;4,5;9;24,5
Nord Est;Veneto;VR;D420;1;12,5;3;2;3;21,5
Nord Ovest;Lombardia;BS;D421;3;20,66;15,61;20;40;99,27
Sud;Puglia;BR;D422;3;1;7,17;7,97;11,33;30,47
Isole;Sicilia;TP;D423;5,67;57,33;73,78;89,06;105,67;331,51
Nord Ovest;Liguria;SV;D424;0;2;6;2,4;1;11,4
Nord Est;Friuli- Venezia Giulia;PN;D426;0;0;1,5;0,5;3;5
Nord Ovest;Lombardia;LC;D428;0;0,8;1,8;1,33;2;5,93
Centro;Marche;MC;D429;0;7;2;5,5;3;17,5
Isole;Sardegna;NU;D430;0;0;1;1;8;10
Isole;Sardegna;NU;D431;0;1;0;0;1,33;2,33
Nord Ovest;Piemonte;TO;D433;0;1;6;2;3;12
Nord Ovest;Lombardia;BS;D434;7;24,67;23,75;11,44;18,6;85,46
Nord Ovest;Lombardia;LC;D436;3,33;9,04;11;0;4;27,37
Centro;Lazio;FR;D440;1;4;2;2;4,5;13,5
Isole;Sardegna;SS;D441;0;0,5;0,5;0;0;1
Nord Est;Veneto;PD;D442;16;50;72;55,67;73,67;267,34
Isole;Sardegna;NU;D443;1;1;2;1;1,95;6,95
Nord Ovest;Valle d'Aosta;AO;D444;0;10,5;2;1;0,5;14
Nord Ovest;Lombardia;CO;D445;3;14;8,09;7;4,25;36,34
Nord Ovest;Piemonte;AL;D447;8;7;3;1;1;20
Nord Est;Emilia-Romagna;RE;D450;2;26,42;33,5;12,27;21,3;95,49
Centro;Marche;AN;D451;11;59;97,42;64,38;62,8;294,6
Centro;Lazio;VT;D452;7;32,5;24,17;15,67;25,8;105,14
Sud;Calabria;VV;D453;1;11;3,5;1;9,83;26,33
Centro;Umbria;TR;D454;1;6,83;9;6;9;31,83
Nord Est;Friuli- Venezia Giulia;UD;D455;1;3;9,67;4;19,44;37,11
Nord Ovest;Lombardia;SO;D456;0;2;2;1;1;6
Nord Est;Emilia-Romagna;RA;D458;44,5;243,24;213,63;112,23;150,96;764,56
Sud;Puglia;FG;D459;13,5;15;7;1,33;1;37,83
Nord Est;Friuli- Venezia Giulia;UD;D461;1;7;12,17;9;37,56;66,73
Nord Ovest;Lombardia;CO;D462;3;6,14;4;3;1;17,14
Sud;Puglia;TA;D463;0;2;3;4;6;15
Sud;Calabria;CS;D464;2;6;5;4,63;2;19,63
Sud;Abruzzo;AQ;D465;0;0;0;0;1;1
Nord Ovest;Lombardia;VA;D467;5;53;53,5;39,57;49,11;200,18
Sud;Campania;BN;D469;2,67;1;1;1,33;2,59;8,59
Nord Est;Veneto;BL;D470;14,93;31,34;23,17;3,5;5,33;78,27
Sud;Campania;CE;D471;0;3;3,67;7,75;4;18,42
Centro;Marche;AN;D472;30,33;75,21;127,1;70,67;40,1;343,41
Sud;Calabria;CS;D473;26;36,35;17;2;2;83,35
Isole;Sicilia;ME;D474;5;13;12;10,67;2,6;43,27
Centro;Lazio;VT;D475;6;8;8;0;7,33;29,33
Sud;Calabria;CZ;D476;11;26,13;12;5,5;4;58,63
Centro;Marche;AP;D477;0;2;6;2;9,17;19,17
Sud;Abruzzo;CH;D480;0;0;3;1;1;5
Nord Ovest;Lombardia;CO;D482;1;14,41;22,72;15,5;12;65,63
Centro;Lazio;FR;D483;0;2;3;1;4,5;10,5
Nord Est;Emilia-Romagna;MO;D486;12,05;33,72;28,83;12;16,88;103,48
Nord Est;Friuli- Venezia Giulia;PN;D487;0;2;1;4;13,5;20,5
Centro;Marche;PS;D488;101,08;289,88;214,82;135,08;166,46;907,32
Sud;Abruzzo;TE;D489;1;2;0,5;1;3;7,5
Nord Ovest;Lombardia;BG;D490;12,94;52,8;45,75;23,5;20,38;155,37
Nord Ovest;Lombardia;BG;D491;1;4;13;3;8;29
Nord Ovest;Piemonte;NO;D492;0;1,08;8;0,5;11,08;20,66
Centro;Lazio;RI;D493;9;44,37;35,33;31,59;27,5;147,79
Sud;Abruzzo;CH;D494;0;2;3;1;8;14
Sud;Abruzzo;CH;D495;5;1;8;5;11,8;30,8
Nord Est;Veneto;VI;D496;0;5;4;2;12;23
Sud;Basilicata;PZ;D497;0;2;1;0;0;3
Nord Ovest;Piemonte;CN;D499;1;4;3;5;13;26
Sud;Abruzzo;PE;D501;2;6;5,75;1,5;3;18,25
Nord Est;Emilia-Romagna;PC;D502;3;13,89;9;6,12;6,72;38,73
Centro;Lazio;VT;D503;5;10,83;8,05;3;3,5;30,38
Nord Est;Veneto;TV;D505;5;15,67;19,5;7;30,22;77,39
Sud;Puglia;BR;D508;67,86;129,67;111,86;111,12;68,88;489,39
Nord Ovest;Liguria;GE;D509;0;0;1;1;1;3
Centro;Toscana;PI;D510;4;10;19;17,44;20;70,44
Nord Ovest;Piemonte;CN;D511;0;0;1,67;0;3;4,67
Nord Ovest;Liguria;GE;D512;0;0;1;1;1;3
Sud;Basilicata;MT;D513;0;2;3;0;1,5;6,5
Isole;Sicilia;AG;D514;35,51;34,3;57,38;42;60,92;230,11
Isole;Sicilia;TP;D518;24,2;44,85;24,5;9;4;106,55
Nord Ovest;Piemonte;TO;D520;0;20;13;7;22,5;62,5
Nord Ovest;Liguria;SV;D522;3;4;2;3;2;14
Nord Ovest;Piemonte;CN;D523;0;0;2;1;3;6
Nord Ovest;Piemonte;TO;D524;0;11;9;7;4,5;31,5
Nord Est;Emilia-Romagna;PR;D526;5;16;36,5;21,5;30,33;109,33
Sud;Campania;SA;D527;2;7;3;1;1;14
Nord Ovest;Piemonte;AL;D528;0;9,83;5;4;9;27,83
Nord Est;Veneto;BL;D530;11;62,69;51,18;54,78;80,31;259,96
Nord Ovest;Lombardia;CO;D531;3,5;18;13,5;8;17,55;60,55
Nord Ovest;Piemonte;TO;D532;18;28,83;3;1;5;55,83
Nord Ovest;Valle d'Aosta;AO;D537;4,67;5;7;5;5;26,67
Centro;Umbria;TR;D538;2;10;10;10,83;6,5;39,33
Centro;Lazio;FR;D539;13,5;32,83;19;18,17;29,38;112,88
Isole;Sicilia;SR;D540;2;1;5;2;4;14
Centro;Marche;PS;D541;2;9,17;24,38;24,49;20,47;80,51
Centro;Marche;AP;D542;64,67;137,89;104,63;62,78;71;440,97
Nord Ovest;Lombardia;VA;D543;7;22,5;17,83;11;15,17;73,5
Sud;Calabria;CZ;D544;2,34;1;1;3;2;9,34
Sud;Calabria;RC;D545;2;6;1;2;1;12
Sud;Calabria;CZ;D546;1,97;5;4;5;9,6;25,57
Sud;Basilicata;MT;D547;4;11;12,5;8;4;39,5
Nord Est;Emilia-Romagna;FE;D548;148,87;673,04;644,65;292,41;346,18;2105,15
Nord Est;Veneto;VR;D549;12;17;5;3;0,8;37,8
Sud;Molise;CB;D550;0;3;4,5;7;14;28,5
Nord Ovest;Lombardia;VA;D551;1;3;4;1;2;11
Nord Ovest;Lombardia;PV;D552;2,34;10;4,67;3;4,17;24,18
Nord Ovest;Piemonte;TO;D553;0;0;0;0;0;0
Nord Ovest;Piemonte;AT;D554;0;3;0;3;7;13
Nord Est;Emilia-Romagna;PC;D555;8;20,5;12,5;6;9,17;56,17
Sud;Calabria;RC;D557;2;6;2;1;0;11
Nord Ovest;Piemonte;AL;D559;0;1;5;1;5;12
Centro;Lazio;RI;D560;7;10,5;4;3,5;6;31
Centro;Lazio;RM;D561;29;100,33;54;38;29,53;250,86
Nord Ovest;Piemonte;TO;D562;0;7;7;11,25;8,3;33,55
Centro;Marche;MC;D564;2;3;3;3;2,5;13,5
Centro;Marche;MC;D566;0;0;0;0;0;0
Isole;Sicilia;PA;D567;10;24;62,14;35,5;18;149,64
Nord Est;Veneto;RO;D568;1;7;5;8;17;38
Isole;Sicilia;ME;D569;0,5;3,01;4,2;4;1,33;13,04
Centro;Umbria;TR;D570;3;8;6;3;11;31
Nord Ovest;Lombardia;CR;D574;0;2,5;6;3;8,5;20
Centro;Toscana;FI;D575;7,2;33,6;51,47;23,22;33;148,49
Nord Ovest;Lombardia;BS;D576;1;2;2;3;5;13
Nord Est;Veneto;RO;D577;0;11;7,5;6,5;12,5;37,5
Nord Est;Veneto;VE;D578;4;35,33;33,5;33,5;44,37;150,7
Nord Ovest;Lombardia;CO;D579;2;11,5;21,5;8,44;12,32;55,76
Sud;Calabria;CS;D582;1;1,5;1,5;0;3;7
Isole;Sardegna;OR;D585;0;0;0;0;2,88;2,88
Centro;Lazio;RM;D586;2;4;2;1;2;11
Sud;Calabria;VV;D587;4;5,5;8,5;7,83;10;35,83
Nord Ovest;Lombardia;BG;D588;2;8,5;14,03;10,01;11,5;46,04
Sud;Calabria;VV;D589;3;4;0;0;2;9
Centro;Toscana;MS;D590;3;4,71;10,5;6;7;31,21
Centro;Lazio;FR;D591;41,16;12;11;2,33;4;70,49
Sud;Abruzzo;CH;D592;0;0;0;2;5;7
Sud;Basilicata;PZ;D593;2;4;9;2;0;17
Nord Ovest;Lombardia;PV;D594;1;4,5;3;2;6;16,5
Sud;Molise;IS;D595;0;3,67;2;1;5,83;12,5
Sud;Calabria;VV;D596;1;1;2;0;0,22;4,22
Centro;Marche;AN;D597;0;17;20,33;27,83;15,28;80,44
Nord Est;Emilia-Romagna;MO;D599;4;61,5;66,83;35,38;56,81;224,52
Nord Ovest;Liguria;SV;D600;45,57;166,01;61,77;9;18,11;300,46
Nord Ovest;Lombardia;BG;D604;2;7;7;1,67;0,5;18,17
Nord Ovest;Lombardia;CO;D605;7;59,82;27,08;23;20,5;137,4
Nord Ovest;Lombardia;BG;D606;1;9;10;11;8;39
Nord Est;Emilia-Romagna;MO;D607;5,39;48,65;65,56;35,51;22,5;177,61
Nord Ovest;Piemonte;TO;D608;0;0;2;2;3;7
Nord Est;Emilia-Romagna;PC;D611;9;55,17;71,67;44,67;40,82;221,33
Centro;Toscana;FI;D612;529,86;1616,5;1319,69;636,21;541,05;4643,31
Centro;Toscana;FI;D613;4,33;19;31,13;13;27;94,46
Sud;Calabria;CS;D614;1;4;4;0;2;11
Sud;Campania;SA;D615;13,51;53,75;48,11;29,67;26,37;171,41
Nord Est;Emilia-Romagna;MO;D617;15,91;40,67;11;2;1;70,58
Sud;Calabria;RC;D619;0;2;0,25;1;0;3,25
Nord Est;Friuli- Venezia Giulia;PN;D621;1;7,5;21,5;18,34;48,02;96,36
Isole;Sicilia;ME;D622;0;1,5;6,19;0,5;3;11,19
Isole;Sicilia;CT;D623;5;23,17;33,25;31;18;110,42
Sud;Calabria;CS;D624;5;24;13;4;5;51
Centro;Marche;MC;D628;0;3;5,25;1,5;2;11,75
Centro;Toscana;MS;D629;5;32,95;25,83;20,89;35,83;120,5
Nord Est;Friuli- Venezia Giulia;UD;D630;0;0;0;3;8,67;11,67
Nord Ovest;Lombardia;BS;D634;4,15;28,2;31,65;16,49;22,92;103,41
Isole;Sicilia;ME;D635;2;3,75;3;0;0;8,75
Isole;Sicilia;SR;D636;11,67;40,61;51;59,06;62,87;225,21
Isole;Sardegna;SS;D637;4;0;6;3;6;19
Sud;Campania;AV;D638;0;1,5;4;5;5,33;15,83
Isole;Sardegna;CA;D639;0,39;9,19;4,55;8;6,5;28,63
Isole;Sardegna;NU;D640;0;0;1;1;1;3
Nord Ovest;Piemonte;VC;D641;2;2,5;3;1;2;10,5
Sud;Puglia;FG;D643;124,16;323,64;470,27;350,76;203,94;1472,77
Sud;Campania;BN;D644;0;4;0;0;3;7
Nord Ovest;Piemonte;TO;D646;0;13;10,88;6;23,92;53,8
Centro;Toscana;AR;D649;10;27,25;30,5;26,5;38,95;133,2
Sud;Campania;BN;D650;1;0;0;0;3,9;4,9
Centro;Marche;AP;D652;1;20,5;39,4;15;20,5;96,4
Centro;Umbria;PG;D653;17,75;108,26;184,69;165,61;148,98;625,29
Nord Est;Veneto;TV;D654;1;10,64;6;6;17,67;41,31
Nord Ovest;Liguria;SP;D655;6,22;35,39;36;14;10;101,61
Centro;Toscana;GR;D656;65,5;198,33;123,32;35,5;13,5;436,15
Nord Ovest;Lombardia;LO;D660;1;12;8;3;2;26
Isole;Sicilia;ME;D661;0;0;0,06;0;0;0,06
Centro;Lazio;LT;D662;21,48;80,48;76,21;63,04;67,08;308,29
Isole;Sardegna;NU;D665;0;0,01;1;3,67;6,67;11,35
Nord Ovest;Valle d'Aosta;AO;D666;0;10;2;0;5;17
Centro;Lazio;FR;D667;1;3;7;1,67;8,17;20,84
Nord Est;Emilia-Romagna;BO;D668;0;6,67;8,67;6,8;7,83;29,97
Nord Est;Friuli- Venezia Giulia;PN;D670;2;21,5;30;31;50,71;135,21
Sud;Campania;AV;D671;0;3;1;2,75;9,06;15,81
Nord Ovest;Lombardia;BG;D672;2;14,67;15,17;14,45;16,75;63,04
Nord Est;Emilia-Romagna;PR;D673;2;19,8;25,25;14,83;26,5;88,38
Nord Est;Veneto;TV;D674;2;7;13,5;12;15,83;50,33
Nord Ovest;Piemonte;NO;D675;0;1,5;8;2;7,83;19,33
Nord Ovest;Piemonte;VC;D676;0;1;3;2;14,33;20,33
Nord Ovest;Liguria;GE;D677;6;7;0;0;1;14
Nord Ovest;Piemonte;AT;D678;1;3;1;0;9;14
Nord Est;Veneto;PD;D679;2;22;12;19,9;30,34;86,24
Nord Est;Veneto;TV;D680;0;13;18;10;19,22;60,22
Sud;Abruzzo;AQ;D681;0;1;1;1;7;10
Centro;Lazio;FR;D682;1;1;1;1;3;7
Sud;Campania;CE;D683;0;2;0;1;1;4
Nord Ovest;Lombardia;BG;D684;2;10;2,67;3;3;20,67
Nord Est;Emilia-Romagna;PR;D685;1;18,3;21,5;15;14,49;70,29
Nord Est;Veneto;BL;D686;0;9;5;2;15,69;31,69
Nord Ovest;Lombardia;BG;D688;28,51;28,79;6;3;0;66,3
Centro;Lazio;RI;D689;1;9;13;9,5;6;38,5
Sud;Abruzzo;CH;D690;11,33;39,5;46,5;24,5;17,33;139,16
Centro;Marche;AP;D691;0;0;3;1,5;4;8,5
Sud;Campania;BN;D693;0;0;1;0;1,5;2,5
Nord Ovest;Lombardia;SO;D694;0;2,33;3,03;1;3;9,36
Isole;Sardegna;OR;D695;0;0;3;1,83;1,5;6,33
Sud;Basilicata;PZ;D696;5,5;3;3,8;0;3,33;15,63
Nord Ovest;Lombardia;BG;D697;1;12;5,5;1,5;19;39
Nord Est;Friuli- Venezia Giulia;UD;D700;0;7;7,66;5,5;11,61;31,77
Sud;Campania;AV;D701;0;6;10;11;8,97;35,97
Sud;Campania;NA;D702;26,12;18,23;22,09;17,5;16,34;100,28
Sud;Molise;IS;D703;1;2;1;2;1;7
Nord Est;Emilia-Romagna;FO;D704;105,72;404,17;549,15;258,6;274,87;1592,51
Nord Est;Emilia-Romagna;FO;D705;7;37,5;27,28;31;35,95;138,73
Nord Ovest;Piemonte;VB;D706;0;3;2;0;2,5;7,5
Centro;Lazio;RM;D707;5,5;28;38;22;59,5;153
Centro;Lazio;LT;D708;45,55;111,82;113,11;73,81;52,12;396,41
Sud;Campania;CE;D709;0;1;1;3,67;6;11,67
Nord Ovest;Lombardia;CR;D710;2;4;7;3;5;21
Nord Est;Emilia-Romagna;MO;D711;23;150,82;120,08;74,82;73,34;442,06
Nord Ovest;Piemonte;VC;D712;0;0;7;0;2;9
Sud;Molise;IS;D715;1,33;2;1;1;4;9,33
Nord Est;Veneto;VI;D717;35,12;35,75;10;1;8;89,87
Nord Est;Friuli- Venezia Giulia;UD;D718;0;4;4,36;4;6,11;18,47
Nord Est;Friuli- Venezia Giulia;UD;D719;2;21;10;3,25;6,2;42,45
Nord Est;Friuli- Venezia Giulia;UD;D720;0;2,5;1;2;4;9,5
Nord Ovest;Piemonte;TO;D725;7;12,5;17;4;8,5;49
Nord Ovest;Lombardia;BG;D727;2;12,2;12,24;4;3,5;33,94
Nord Est;Emilia-Romagna;PR;D728;4;27;33,5;18;11,63;94,13
Centro;Toscana;LU;D730;23,67;32,5;47,58;38,08;117,83;259,66
Nord Ovest;Lombardia;PV;D732;0;2;0;0;2,83;4,83
Isole;Sicilia;ME;D733;5;2;0,17;2;4;13,17
Centro;Toscana;LU;D734;0;0;1;1;6;8
Centro;Toscana;MS;D735;3;24,5;16;9,25;18;70,75
Sud;Abruzzo;AQ;D736;0;0;0;1;2;3
Sud;Molise;CB;D737;4;7,5;0,4;2;6;19,9
Sud;Abruzzo;CH;D738;9;16,84;18;11,5;13;68,34
Nord Est;Veneto;VE;D740;2;7;9;5,67;15,83;39,5
Nord Est;Veneto;VE;D741;0;6;15;17,34;25,8;64,14
Nord Ovest;Piemonte;CN;D742;12;104,16;122,06;58,9;73,8;370,92
Sud;Calabria;CZ;D744;0;1;1;0;0;2
Centro;Umbria;PG;D745;1;9,67;8,33;6;7,6;32,6
Sud;Calabria;RC;D746;3;11,5;10,5;11;6;42
Nord Est;Veneto;VE;D748;1,96;18;24,98;9,3;24,43;78,67
Centro;Marche;PS;D749;2,5;15,39;27,5;18,5;41,88;105,77
Nord Est;Veneto;VI;D750;3;2,67;3,17;3;3;14,84
Nord Ovest;Piemonte;CN;D751;11;21;4;1;2;39
Nord Ovest;Piemonte;CN;D752;165,44;48,99;6,69;8;6,01;235,13
Sud;Puglia;TA;D754;4;1,67;9,17;11,81;6;32,65
Sud;Campania;BN;D755;1;1,4;1;3;1;7,4
Sud;Campania;BN;D756;0;0,33;0;0,33;7,08;7,74
Sud;Abruzzo;CH;D757;0;1;2;0;2;5
Nord Ovest;Liguria;SP;D758;6;5;3;2;0,83;16,83
Nord Ovest;Piemonte;AL;D759;0;0;0;1;0;1
Centro;Marche;AP;D760;0;1;1;0,5;2,5;5
Sud;Puglia;BR;D761;25,54;62,08;94,69;64,63;42,08;289,02
Sud;Calabria;VV;D762;1;4;1;2;3;11
Sud;Abruzzo;CH;D763;47,18;176,89;95,1;54,62;45,5;419,29
Sud;Calabria;CS;D764;8;2;3;2,5;4;19,5
Isole;Sicilia;ME;D765;2;4,67;3,33;10;3,5;23,5
Sud;Basilicata;PZ;D766;3;6;3;6;5;23
Sud;Calabria;VV;D767;0;1;2;0;0;3
Isole;Sicilia;SR;D768;16,61;22,67;22,73;16,75;15,11;93,87
Sud;Campania;CE;D769;3;4,34;4;6,67;16,5;34,51
Nord Ovest;Piemonte;AL;D770;0;0;0;0,5;6;6,5
Nord Ovest;Lombardia;PV;D771;0;5;1;5;8;19
Centro;Lazio;RM;D773;13,25;81,58;65,65;44,83;44,87;250,18
Sud;Calabria;CS;D774;0,5;1;1;1,67;4;8,17
Nord Est;Veneto;RO;D776;0;4;2;1;6,5;13,5
Nord Ovest;Piemonte;AL;D777;0;1;1;2;3,5;7,5
Nord Ovest;Piemonte;AL;D780;2;2;6;5;11;26
Nord Ovest;Piemonte;TO;D781;6;5;2;0;1;14
Nord Ovest;Piemonte;CN;D782;8;9;9,5;4;4;34,5
Nord Est;Emilia-Romagna;MO;D783;0;11,5;7,5;2,5;9,17;30,67
Sud;Campania;BN;D784;5,5;4,5;3,25;3,25;4;20,5
Centro;Lazio;RI;D785;1;2;1;0;2;6
Centro;Umbria;PG;D786;4;37;42,75;36,17;61,33;181,25
Centro;Umbria;PG;D787;1;3;5;1;4;14
Nord Est;Veneto;RO;D788;2;11;4;7;13,53;37,53
Sud;Campania;NA;D789;29,1;40,86;60,57;61,7;36,39;228,62
Sud;Campania;NA;D790;7,28;16,8;26,68;30,63;11,5;92,89
Centro;Marche;PS;D791;0;1;2;3,83;2;8,83
Isole;Sicilia;ME;D793;1;2;0;0;0;3
Nord Est;Veneto;TV;D794;0;7,5;8;6,5;14;36
Sud;Abruzzo;CH;D796;0;2;0;1;1;4
Nord Ovest;Piemonte;AL;D797;0;2;1;2;8;13
Sud;Campania;AV;D798;0;3;6,5;1;9,07;19,57
Sud;Campania;CE;D799;7,66;12,83;20,3;16,49;20,45;77,73
Sud;Campania;CE;D801;7;7;8,5;7,67;24,08;54,25
Nord Ovest;Piemonte;AT;D802;0;2;2;0;4,33;8,33
Sud;Abruzzo;CH;D803;1;1;0;1;3;6
Nord Est;Friuli- Venezia Giulia;PN;D804;1;0;4;3,5;5;13,5
Nord Ovest;Piemonte;TO;D805;1;5;9;7;7;29
Centro;Marche;PS;D807;0;0;3;0;5;8
Centro;Marche;PS;D808;3;5;0;4;7;19
Centro;Lazio;FR;D810;22;94,49;135,57;90,95;79,3;422,31
Sud;Molise;IS;D811;0;2,97;3;2;4;11,97
Nord Ovest;Piemonte;TO;D812;2;7;13;9;18,5;49,5
Nord Ovest;Piemonte;AL;D813;1;4;8;1;7,5;21,5
Nord Ovest;Piemonte;AL;D814;0,18;6;9;3;12;30,18
Centro;Toscana;FI;D815;12;57,17;60,67;61,25;52,55;243,64
Nord Ovest;Lombardia;BG;D817;3,17;9,5;3;0;0,5;16,17
Nord Est;Veneto;VR;D818;4;10,33;6,17;6,5;17,04;44,04
Centro;Lazio;FR;D819;1;3;2;0;3,83;9,83
Sud;Abruzzo;CH;D823;1;3;4;1;2;11
Isole;Sicilia;ME;D824;5,59;18;9,25;12,67;8;53,51
Isole;Sicilia;ME;D825;31;47,33;14,03;11;9,5;112,86
Sud;Campania;SA;D826;1;1;1;1;2;6
Isole;Sardegna;CA;D827;0;1;1;1;8,8;11,8
Sud;Calabria;CS;D828;10;24,5;18,06;6,39;11;69,95
Nord Est;Emilia-Romagna;RA;D829;1;31;30,5;23;42,82;128,32
Nord Ovest;Lombardia;SO;D830;0;2;0;0;1;3
Sud;Campania;SA;D832;1;3,67;0;2;1,5;8,17
Nord Ovest;Lombardia;CR;D834;0;4;0;0,5;6,5;11
Nord Ovest;Piemonte;AL;D835;0;0;2;0;11,5;13,5
Centro;Marche;PS;D836;24,5;50,5;23,75;11;7;116,75
Nord Ovest;Valle d'Aosta;AO;D839;0;4;3;1;1;9
Nord Ovest;Lombardia;CR;D841;1;4;1;5,67;9,58;21,25
Isole;Sardegna;NU;D842;0;0;1;1;0,92;2,92
Centro;Lazio;LT;D843;48,19;98,82;99,85;45,5;31,83;324,19
Isole;Sicilia;ME;D844;0;5;9,34;13,17;4,5;32,01
Nord Ovest;Lombardia;MI;D845;12;50;47;37,18;24,68;170,86
Nord Est;Emilia-Romagna;BO;D847;3;13;21,75;14,11;17,1;68,96
Nord Ovest;Piemonte;BI;D848;1;14;25;13,75;12;65,75
Isole;Sicilia;EN;D849;3;4;3,66;5,75;1,66;18,07
Sud;Abruzzo;AQ;D850;0;0;1;1,91;2,16;5,07
Sud;Puglia;LE;D851;4,5;5,5;11,5;13,25;11,58;46,33
Sud;Calabria;CZ;D852;0;3;1;0;3;7
Centro;Marche;MC;D853;0;1,17;2,2;3,2;2,75;9,32
Nord Est;Veneto;TV;D854;0;6;12;11,5;26,16;55,66
Nord Est;Veneto;RO;D855;1;0;3,92;2;8;14,92
Nord Ovest;Piemonte;CN;D856;0;3;1;0;2;6
Centro;Toscana;SI;D858;1;16,75;12,5;7;12,33;49,58
Isole;Sardegna;NU;D859;0;1;1;2;7,8;11,8
Isole;Sicilia;ME;D861;0;0,83;0,83;0;0,8;2,46
Sud;Puglia;LE;D862;25,75;41,88;67,19;56,81;74,29;265,92
Sud;Puglia;LE;D863;15,17;54,61;37,5;23,42;27,28;157,98
Sud;Calabria;RC;D864;1;5;1;1;1;9
Nord Ovest;Lombardia;LC;D865;8;29;40;22,5;21,5;121
Nord Est;Emilia-Romagna;FO;D867;2,35;9,5;5,75;1;4;22,6
Nord Ovest;Lombardia;LO;D868;0;10;5,5;3;2;20,5
Nord Ovest;Lombardia;VA;D869;69,64;343,94;296;149,33;152,11;1011,02
Centro;Lazio;VT;D870;3;10;11,5;4;7;35,5
Nord Ovest;Lombardia;VA;D871;0;1;1;4,56;3,5;10,06
Nord Ovest;Piemonte;NO;D872;9;79,5;80,5;31;60;260
Nord Ovest;Lombardia;PV;D873;0,25;0;0,25;1;2;3,5
Centro;Toscana;LU;D874;2;5,67;12;3;7;29,67
Centro;Lazio;RM;D875;11;30;21;14;14,5;90,5
Sud;Basilicata;PZ;D876;1,75;1,75;2;0;1;6,5
Nord Est;Emilia-Romagna;BO;D878;1;29,5;33;13;18,25;94,75
Nord Est;Veneto;PD;D879;2;8;8,3;4,5;26,05;48,85
Centro;Lazio;FR;D881;2,5;1,5;3,34;4;4;15,34
Nord Est;Veneto;VI;D882;28,75;91,76;22;8,5;10;161,01
Sud;Puglia;LE;D883;61,97;132,29;89,4;58,02;42,5;384,18
Sud;Campania;CE;D884;1;2;1;0,75;0;4,75
Isole;Sicilia;ME;D885;4;1,78;0,5;1;1;8,28
Sud;Campania;CE;D886;4,83;2;1,66;0,33;5,83;14,65
Isole;Sardegna;NU;D888;0;0;1;2;2,5;5,5
Nord Est;Veneto;PD;D889;0;7,5;9,34;3,5;20,6;40,94
Nord Ovest;Piemonte;AL;D890;1;1;2;3;1,33;8,33
Nord Ovest;Lombardia;BS;D891;1;5;7;16,5;23,5;53
Nord Ovest;Lombardia;PV;D892;0;0;0,5;1;2;3,5
Nord Ovest;Piemonte;CN;D894;0;0;3;1;3;7
Centro;Toscana;FI;D895;7;28;18,67;14;14,98;82,65
Sud;Molise;CB;D896;1;3;2;3;4;13
Nord Est;Veneto;VI;D897;0;3;9;4,5;19,67;36,17
Sud;Abruzzo;CH;D898;1;1;0;0;1;3
Nord Est;Emilia-Romagna;FO;D899;1;19;43,67;18;22,34;104,01
Nord Ovest;Lombardia;PV;D901;5;56;39,5;22,5;35,84;158,84
Nord Ovest;Lombardia;BG;D903;16,5;13;7,25;6,5;4;47,25
Nord Ovest;Lombardia;BG;D905;4,88;12,66;23,74;8,07;26,89;76,24
Nord Ovest;Lombardia;BG;D906;0;7;0,5;2,5;2;12
Isole;Sicilia;PA;D907;0;14,37;6,27;9,12;10;39,76
Sud;Basilicata;MT;D909;0;0;1;0;0;1
Nord Ovest;Piemonte;AL;D910;0;0;1;3;5;9
Nord Ovest;Piemonte;NO;D911;0;4;1;4;4;13
Nord Ovest;Lombardia;MI;D912;33,66;177,64;163,7;52,94;30,25;458,19
Nord Ovest;Lombardia;LC;D913;1;10;10;2;3,8;26,8
Nord Est;Veneto;VR;D915;9,43;29,5;16,56;5;10,41;70,9
Nord Ovest;Lombardia;BS;D917;16,57;19,07;17,51;9,5;15,52;78,17
Nord Ovest;Lombardia;BS;D918;7,89;46,17;43,5;34,17;13;144,73
Nord Ovest;Piemonte;CN;D920;11,5;11;20,17;10;7,17;59,84
Nord Ovest;Piemonte;NO;D921;0;4;3,15;3;5,17;15,32
Nord Ovest;Lombardia;BS;D924;4,13;14;17,66;6,86;13,13;55,78
Nord Ovest;Lombardia;PV;D925;5;30;44,75;21,5;40,75;142
Nord Ovest;Lombardia;LC;D926;1;5,5;3,5;3;9;22
Nord Ovest;Liguria;SV;D927;10;11;7,5;9,5;5;43
Nord Ovest;Lombardia;CO;D930;0;3;2,5;0;1;6,5
Nord Ovest;Piemonte;TO;D931;0;0;5;2,22;2,22;9,44
Sud;Calabria;CZ;D932;2;2;4;0,67;8;16,67
Nord Ovest;Piemonte;TO;D933;2;54,67;48,25;20;28,95;153,87
Nord Est;Emilia-Romagna;RE;D934;3;19;22,5;8,5;24,5;77,5
Nord Est;Emilia-Romagna;FO;D935;9,05;48,5;20,5;21,42;25,5;124,97
Nord Ovest;Piemonte;VC;D938;3;19;36,5;20,67;28;107,17
Nord Ovest;Lombardia;BS;D940;7;35,33;41,7;24,44;46,72;155,19
Nord Est;Veneto;RO;D942;0;3;2;2;9;16
Nord Ovest;Lombardia;BG;D943;1,5;3;2;2;4,5;13
Nord Ovest;Piemonte;AL;D944;5;22;15,5;13;23,25;78,75
Centro;Lazio;RM;D945;0;3;4;1;5;13
Nord Ovest;Lombardia;VA;D946;7;47;30,83;11;29;124,83
Isole;Sardegna;NU;D947;0;2,83;1,75;3,66;2;10,24
Centro;Toscana;GR;D948;10,5;51,5;51,5;22,25;23,17;158,92
Nord Ovest;Lombardia;MN;D949;0;2;6,5;4;11,75;24,25
Nord Ovest;Lombardia;VA;D951;5;33,5;39,5;8;17,67;103,67
Nord Ovest;Lombardia;BG;D952;7;33,89;36,86;18,5;16,25;112,5
Nord Est;Veneto;PD;D956;2;11,67;13;14,6;19;60,27
Nord Est;Veneto;VR;D957;0;3,5;4,5;10;34,78;52,78
Nord Est;Emilia-Romagna;PC;D958;7,33;5;5,33;4;12;33,66
Nord Ovest;Lombardia;MN;D959;1;3;2;6;6,38;18,38
Isole;Sicilia;CL;D960;167,28;198,92;159,05;166,9;121,74;813,89
Nord Est;Emilia-Romagna;RN;D961;0;8;6;3;3,5;20,5
Nord Est;Friuli- Venezia Giulia;UD;D962;1,5;12;26;15,29;58,23;113,02
Nord Ovest;Lombardia;VA;D963;1;12;8;8,5;7,33;36,83
Centro;Lazio;RM;D964;12,5;33;9;9,5;8;72
Centro;Marche;AN;D965;1;9;1,5;1,5;9;22
Nord Ovest;Lombardia;CR;D966;0;2;3,5;4;5;14,5
Nord Ovest;Piemonte;CN;D967;2;5;14;3;13;37
Isole;Sardegna;NU;D968;0;0;0;1;1,83;2,83
Nord Ovest;Liguria;GE;D969;627,92;3757,55;3117,12;1074,44;696,38;9273,41
Isole;Sardegna;CA;D970;0;0;0;0;0;0
Sud;Basilicata;PZ;D971;4;5;5,67;2,5;5;22,17
Centro;Lazio;RM;D972;26,5;82,57;82,64;35,28;26,89;253,88
Nord Ovest;Lombardia;CO;D974;0;7;5;2;2;16
Sud;Calabria;RC;D975;0;2;2;2,19;3,39;9,58
Sud;Calabria;RC;D976;6;16;15,25;14;16,5;67,75
Isole;Sicilia;PA;D977;1;2;0,67;3;2;8,67
Centro;Lazio;RM;D978;2;4;1,84;1;1;9,84
Nord Ovest;Lombardia;PV;D980;1;7;12;1;3;24
Nord Ovest;Lombardia;VA;D981;13;80,5;62,48;24,67;20,75;201,4
Isole;Sardegna;NU;D982;0;2;1;1;3;7
Nord Ovest;Piemonte;TO;D983;5;11;7;3,5;1;27,5
Nord Ovest;Piemonte;VB;D984;1;0;1;0;0;2
Nord Ovest;Lombardia;VA;D987;8;23,75;24,84;7;6,03;69,62
Sud;Calabria;VV;D988;0;1;2;0;2;5
Nord Ovest;Lombardia;SO;D990;3;3;1,5;1;0;8,5
Nord Ovest;Lombardia;CR;D993;0;2;2;3;5;12
Isole;Sardegna;CA;D994;0;0;1;1;0,5;2,5
Nord Ovest;Lombardia;MI;D995;19;92,12;86,4;33,5;19;250,02
Sud;Abruzzo;CH;D996;1;7;2;1;5;16
Isole;Sardegna;CA;D997;0;0;2;2;3,2;7,2
Sud;Campania;AV;D998;2;5,17;5,17;3;6;21,34
Nord Ovest;Lombardia;BS;D999;9;66,5;61,95;52,25;60,92;250,62
Nord Ovest;Piemonte;NO;E001;2;7,92;9,5;5;14,75;39,17
Nord Ovest;Piemonte;VB;E003;10;15,42;18,5;6;14,5;64,42
Isole;Sardegna;OR;E004;0;5;4,67;3;15;27,67
Nord Ovest;Lombardia;BG;E006;1,25;15;37,39;24,06;19,33;97,03
Nord Ovest;Piemonte;VC;E007;3;4;2;2;2;13
Nord Est;Veneto;RO;E008;2;6;6,37;4,87;12,37;31,61
Nord Ovest;Piemonte;TO;E009;0;3;6;2;1;12
Nord Ovest;Lombardia;BS;E010;0;4;8,83;7,17;3;23
Sud;Campania;CE;E011;0;3;4,5;0;4,11;11,61
Centro;Umbria;PG;E012;2;10,83;5;6;4,5;28,33
Isole;Sicilia;PA;E013;0;1;1;3,32;5;10,32
Isole;Sicilia;ME;E014;70,83;76,92;41,42;22,67;4;215,84
Nord Ovest;Piemonte;AL;E015;0;1;3;1;4,22;9,22
Isole;Sicilia;RG;E016;0;4;5;2;3,5;14,5
Isole;Sicilia;CT;E017;16;53,25;60,09;87,87;76,91;294,12
Isole;Sardegna;SS;E019;0;2;3;0;3;8
Nord Ovest;Piemonte;TO;E020;28,5;62;85,23;51,16;70,5;297,39
Nord Est;Veneto;TV;E021;2;22,17;13;6;18;61,17
Isole;Sardegna;CA;E022;4;2;2;5,5;3,8;17,3
Isole;Sicilia;TP;E023;0;3;7;5,67;11,63;27,3
Nord Ovest;Piemonte;BI;E024;0;0;0;0;0;0
Sud;Calabria;RC;E025;3;8;4;2;1;18
Sud;Campania;SA;E026;2;18;14,5;14;23;71,5
Sud;Campania;SA;E027;3;15,39;22,5;18,59;10,66;70,14
Nord Ovest;Piemonte;VB;E028;7,5;17,5;13,78;9;20,12;67,9
Nord Ovest;Valle d'Aosta;AO;E029;0;8;7;4;2;21
Sud;Molise;CB;E030;1;6;2;0;1;10
Sud;Calabria;CZ;E031;1;12;3;4;3;23
Sud;Basilicata;PZ;E033;2;1,29;2,29;0;0;5,58
Sud;Campania;BN;E034;0;0;3;0;2;5
Sud;Puglia;TA;E036;16;103,77;58,76;46,56;17,99;243,08
Sud;Campania;SA;E037;0;0;1;0;1;2
Sud;Puglia;BA;E038;52,33;77,89;87,32;74,33;52,83;344,7
Sud;Campania;CE;E039;4;3;2;0;6,5;15,5
Sud;Abruzzo;AQ;E040;2;6;4;5;0;17
Sud;Calabria;RC;E041;8,75;23,42;29;19,5;29;109,67
Isole;Sicilia;ME;E043;11;39;20,56;15;14;99,56
Sud;Calabria;RC;E044;2,67;6;5;8,67;10;32,34
Centro;Umbria;TR;E045;4;6;10;3,25;12;35,25
Sud;Puglia;BA;E047;11,77;43;58,34;53,25;21,06;187,42
Isole;Sardegna;NU;E049;0;7;6;3;4;20
Sud;Calabria;CZ;E050;2;4,33;8,5;9;11;34,83
Sud;Abruzzo;CH;E052;2;3;4,33;6,17;7;22,5
Sud;Puglia;LE;E053;0;2;4;2,25;6,5;14,75
Sud;Campania;NA;E054;58,79;192,88;370,33;222,11;244,02;1088,13
Isole;Sicilia;PA;E055;2;5;7,83;2;5;21,83
Sud;Abruzzo;CH;E056;0;1;2;0;5;8
Centro;Lazio;FR;E057;5;2,02;1;4;7;19,02
Sud;Abruzzo;TE;E058;16,06;87,37;90,13;70,59;62;326,15
Sud;Campania;SA;E060;0;2,5;3;0;6;11,5
Sud;Puglia;LE;E061;0;6;3,11;4;8;21,11
Nord Ovest;Lombardia;PV;E062;2;37;29;9,5;17;94,5
Nord Ovest;Lombardia;MI;E063;43;167,22;132,5;58,85;50,2;451,77
Nord Ovest;Liguria;SV;E064;3;4;6;0;3;16
Nord Ovest;Liguria;SV;E066;2;5;9;3;2;21
Nord Ovest;Piemonte;TO;E067;2;15,95;6,5;10;21,5;55,95
Sud;Calabria;CZ;E068;12;27,9;14,5;2,67;5;62,07
Nord Ovest;Liguria;SP;E070;4,14;12,34;7,25;2,92;5;31,65
Nord Est;Veneto;TV;E071;2;7;13,5;7;22,11;51,61
Nord Ovest;Lombardia;PV;E072;5;28,67;16,5;10;18;78,17
Isole;Sicilia;PA;E074;0;0;1;0;0;1
Nord Ovest;Lombardia;MN;E078;3;28,5;27,25;22;55,18;135,93
Nord Ovest;Lombardia;VA;E079;5;11;14,83;4,5;11,92;47,25
Nord Ovest;Lombardia;PV;E081;0;0;1;1;4,5;6,5
Nord Ovest;Lombardia;CR;E082;0;0,75;2;1;2,5;6,25
Nord Est;Friuli- Venezia Giulia;UD;E083;0;8;6;11;26;51
Isole;Sardegna;CA;E084;0;1;0;1;2,21;4,21
Isole;Sardegna;CA;E085;1;3;6,42;6,33;11,75;28,5
Isole;Sardegna;CA;E086;2;4;6;7;11,57;30,57
Isole;Sardegna;OR;E087;0;0;1;0;0,67;1,67
Isole;Sardegna;OR;E088;0;1;0;0;1;2
Nord Ovest;Lombardia;MN;E089;0;23,5;20,5;12,5;38,05;94,55
Nord Ovest;Lombardia;SO;E090;5,8;9,67;4,67;3,75;5;28,89
Centro;Lazio;RM;E091;1;0;0;2;0;3
Nord Est;Veneto;TV;E092;1;7;13;4;13,77;38,77
Sud;Basilicata;MT;E093;1;1,75;2;0;0,67;5,42
Nord Ovest;Lombardia;MI;E094;38;146,92;94,99;53,19;25,77;358,87
Sud;Abruzzo;AQ;E096;2;4;2;1;0;9
Nord Ovest;Lombardia;BG;E100;1;15,5;23,5;14;11,5;65,5
Nord Ovest;Lombardia;VA;E101;1;9,25;12,5;4,5;16,5;43,75
Nord Ovest;Lombardia;VA;E102;6;46,11;51,5;19,28;31,42;154,31
Nord Ovest;Lombardia;BG;E103;8,17;34;26,67;14,42;22,5;105,76
Nord Ovest;Lombardia;VA;E104;1;8;4;8,5;12,67;34,17
Nord Ovest;Lombardia;BG;E106;1,67;11;6,5;2,67;3,19;25,03
Nord Est;Emilia-Romagna;FE;E107;2,5;3;3,5;1;5;15
Nord Ovest;Liguria;GE;E109;1;2;2;0;0;5
Nord Ovest;Piemonte;CN;E111;1;0;1;0;2;4
Nord Est;Veneto;BL;E113;2;11;8;4;4,5;29,5
Nord Est;Emilia-Romagna;PC;E114;3;16,28;25;16;19,5;79,78
Nord Ovest;Piemonte;CN;E115;0;0;0;1;0;1
Nord Ovest;Lombardia;BS;E116;0;11;18,89;10,75;18,89;59,53
Nord Ovest;Piemonte;CN;E118;2;6;4;2;19;33
Nord Ovest;Piemonte;NO;E120;2;14,17;15,41;10,98;19,64;62,2
Centro;Marche;PS;E122;4,06;18;20,5;6;5,12;53,68
Centro;Lazio;VT;E126;3,5;9;3,5;0;8;24
Nord Ovest;Lombardia;LO;E127;2;9;8;3;5,34;27,34
Centro;Lazio;VT;E128;1;11,5;6,5;6,67;6;31,67
Nord Ovest;Piemonte;BI;E130;1;7,17;6;3;4,22;21,39
Sud;Campania;NA;E131;10,44;32,56;40,73;38,18;21,28;143,19
Nord Est;Emilia-Romagna;PC;E132;2;9;23;5,5;12,33;51,83
Isole;Sicilia;CT;E133;14,33;23,93;14,83;15,75;31;99,84
Nord Ovest;Piemonte;AT;E134;0;0;1;1;11;13
Nord Est;Emilia-Romagna;BO;E136;8;57,98;70,5;21;23,8;181,28
Nord Ovest;Lombardia;CO;E139;2;14,22;10;1;5,17;32,39
Nord Ovest;Lombardia;CO;E141;2;8,5;3;5,5;5;24
Isole;Sicilia;ME;E142;0;3;4,66;3,33;5;15,99
Nord Ovest;Piemonte;NO;E143;0;1;1;4,5;7;13,5
Nord Ovest;Lombardia;VA;E144;1;5;1;2;5,5;14,5
Nord Est;Veneto;PD;E145;1;7;11;5,5;13;37,5
Nord Est;Veneto;PD;E146;0;3,83;3,5;4,5;7,39;19,22
Sud;Basilicata;MT;E147;4;10;10,17;1,44;6;31,61
Nord Ovest;Lombardia;BG;E148;4;24;27,36;18,39;23;96,75
Isole;Sicilia;PA;E149;1;9;5;3;5;23
Nord Ovest;Lombardia;PV;E152;1;5,5;14;8;11,67;40,17
Nord Ovest;Piemonte;VB;E153;6;17;27;16;19,67;85,67
Nord Ovest;Piemonte;TO;E154;9;13;5;2;2;31
Sud;Puglia;BA;E155;22,55;79,94;99,29;78,22;46,53;326,53
Isole;Sicilia;CT;E156;1,43;42,81;122,06;97,99;54,3;318,59
Sud;Campania;CE;E158;5;5;3,13;9;10,9;33,03
Nord Ovest;Piemonte;AT;E159;1;4;1;0;9;15
Centro;Lazio;RI;E160;1;3;1;1;5;11
Sud;Campania;AV;E161;3;5;5,33;1;1;15,33
Nord Ovest;Piemonte;VC;E163;0;0;1;0;3,5;4,5
Nord Ovest;Piemonte;AL;E164;0;0;1;0;3;4
Nord Ovest;Valle d'Aosta;AO;E165;52,5;41,5;14;5,5;6;119,5
Nord Ovest;Valle d'Aosta;AO;E167;2,96;6;3;1;1;13,96
Nord Ovest;Valle d'Aosta;AO;E168;11,58;10,15;3,75;0;3,33;28,81
Centro;Toscana;FI;E169;8;42,39;39,5;32,49;55;177,38
Nord Ovest;Lombardia;MI;E170;5;23,5;10;3;7;48,5
Nord Est;Veneto;VR;E171;3;22,67;26,12;21;26,5;99,29
Nord Ovest;Lombardia;CO;E172;1;1,5;2,5;0;2,5;7,5
Sud;Campania;CE;E173;4,8;10,84;39,5;43,33;23,5;121,97
Nord Ovest;Piemonte;NO;E177;3;16,25;15,67;7;21,67;63,59
Nord Est;Friuli- Venezia Giulia;UD;E179;0;3;1;1;2;7
Sud;Calabria;CS;E180;0;0;1;1;0;2
Nord Ovest;Piemonte;CN;E182;1;10;8,5;4;5;28,5
Nord Est;Veneto;VI;E184;7;11;8,5;9;15,5;51
Sud;Calabria;CS;E185;134,83;110,27;15,75;9,5;5;275,35
Nord Est;Emilia-Romagna;BO;E187;7,33;35,51;23,5;8,5;14,14;88,98
Nord Ovest;Piemonte;AL;E188;1;0;1;2;3;7
Nord Ovest;Lombardia;BG;E189;21,5;26,5;7;7,99;5;67,99
Nord Ovest;Piemonte;AL;E191;0;0;1;1;3,67;5,67
Nord Ovest;Lombardia;BG;E192;9;14;6;2;5;36
Nord Ovest;Lombardia;CR;E193;0;0;4,33;5;5,83;15,16
Nord Ovest;Lombardia;PV;E195;4;22,5;30;8,5;13,5;78,5
Nord Est;Emilia-Romagna;PC;E196;5;6;8;7;15,07;41,07
Nord Ovest;Piemonte;TO;E199;4;9,5;5;0;3;21,5
Nord Ovest;Lombardia;SO;E200;9,92;18,08;9,34;1,25;4;42,59
Nord Ovest;Lombardia;SO;E201;0;8;8,39;3,5;1;20,89
Centro;Toscana;GR;E202;124,09;446,49;410,1;211,43;115,46;1307,57
Nord Ovest;Piemonte;TO;E203;0;2;1;1,5;4;8,5
Centro;Lazio;RM;E204;16,5;87,61;70,5;43,65;63,5;281,76
Sud;Puglia;TA;E205;26,17;55,86;87,5;56,36;42,83;268,72
Sud;Campania;AV;E206;2;6;4,97;11;15,61;39,58
Centro;Marche;AP;E207;14;59,49;46,84;26;22;168,33
Centro;Marche;AP;E208;1;3;4,17;5,58;4,5;18,25
Isole;Sicilia;AG;E209;4,8;5;11;15,5;15,83;52,13
Centro;Lazio;VT;E210;5;18,25;6,5;5,88;7,46;43,09
Sud;Calabria;RC;E212;4;2;2;4;5;17
Sud;Basilicata;MT;E213;7;8;3;1;0;19
Sud;Campania;AV;E214;1;2;3;6;2;14
Nord Est;Veneto;VE;E215;0;2;6,5;7;7,83;23,33
Nord Ovest;Piemonte;TO;E216;25;233,55;153,69;47,27;24,3;483,81
Nord Ovest;Lombardia;CR;E217;0;1;2,55;11,37;11,5;26,42
Nord Ovest;Lombardia;BG;E219;3;32;39,18;20;24,71;118,89
Sud;Basilicata;PZ;E221;0;2,33;4;2;2;10,33
Sud;Puglia;BA;E223;19,12;39,34;32;17,61;22,17;130,24
Sud;Campania;NA;E224;24,92;18,44;30,97;39,8;17,97;132,1
Nord Est;Veneto;VI;E226;0;14,89;15,5;6;13,28;49,67
Sud;Puglia;LE;E227;2;9;9;6,05;10,5;36,55
Centro;Marche;MC;E228;2;0;1;1;6;10
Centro;Umbria;PG;E229;4;4;9,5;12;23;52,5
Centro;Umbria;PG;E230;4;16,96;43,51;25,17;65,75;155,39
Nord Est;Emilia-Romagna;RE;E232;2;19;13,67;7,95;47,03;89,65
Isole;Sicilia;ME;E233;0;0;6,5;5;1;12,5
Isole;Sardegna;CA;E234;0;0;0;1,2;3;4,2
Nord Ovest;Lombardia;CO;E235;5,07;32,33;27;15;13,75;93,15
Centro;Lazio;FR;E236;5;6,34;8;2,67;3;25,01
Nord Ovest;Piemonte;VC;E237;0;4;2;1;10;17
Nord Ovest;Lombardia;LO;E238;2;20,5;6,13;3;6,75;38,38
Sud;Calabria;CZ;E239;0;10;4;9,33;3,33;26,66
Nord Est;Veneto;RO;E240;0;2;2,5;1;2,67;8,17
Centro;Umbria;TR;E241;1;3;9;6;12;31
Sud;Calabria;CS;E242;10;29,67;13,25;5;2;59,92
Sud;Abruzzo;CH;E243;3;13,5;10,5;15,75;19,47;62,22
Sud;Molise;CB;E244;7;5;3,67;0,5;5;21,17
Sud;Campania;AV;E245;1;1;4,5;0;5;11,5
Sud;Basilicata;PZ;E246;2;2;0;1;1;6
Sud;Molise;CB;E248;0;0;2;1;0;3
Sud;Campania;BN;E249;2;8;5;5;14,33;34,33
Centro;Toscana;PI;E250;2;15,67;10;3;4;34,67
Nord Ovest;Piemonte;CN;E251;1;14;10;5;11;41
Isole;Sardegna;CA;E252;1;2;1;2,83;8,67;15,5
Nord Est;Emilia-Romagna;RE;E253;8;57;51,57;23,17;64,01;203,75
Nord Ovest;Piemonte;AL;E255;0;0;1;1;1;3
Centro;Umbria;PG;E256;14,17;51,39;76,76;56,14;93,53;291,99
Nord Ovest;Lombardia;MI;E258;0;3;4;3;9;19
Sud;Molise;CB;E259;2,11;12,22;15,73;22,5;8;60,56
Nord Ovest;Lombardia;MN;E261;4;21;16;7,67;31,39;80,06
Centro;Lazio;RM;E263;65,39;497,73;388,74;155,08;116,71;1223,65
Nord Est;Emilia-Romagna;MO;E264;4,65;24,5;19,25;11;22,17;81,57
Nord Ovest;Lombardia;PV;E265;4,5;46,67;58;20;16,17;145,34
Sud;Abruzzo;CH;E266;0;3;1;0;3;7
Nord Ovest;Piemonte;VB;E269;1;1;0;2;1;5
Isole;Sardegna;CA;E270;2;8;19,5;17;34,63;81,13
Nord Ovest;Lombardia;BS;E271;6;53,68;59,97;25,5;43,42;188,57
Nord Ovest;Lombardia;CR;E272;0;7;7;4;16;34
Nord Ovest;Valle d'Aosta;AO;E273;4;1;4;2;1;12
Sud;Calabria;CZ;E274;3;1,63;0;0;1,13;5,76
Nord Ovest;Lombardia;BS;E280;4;13,5;5,5;2,27;9;34,27
Isole;Sardegna;CA;E281;17;79,93;57,38;45,19;55,62;255,12
Nord Ovest;Piemonte;CN;E282;0;0;0;0;0;0
Isole;Sardegna;NU;E283;3;2;4;1,89;8,5;19,39
Nord Est;Veneto;VR;E284;0;3;7;5;24,83;39,83
Isole;Sardegna;SS;E285;0;1;2;0;0,8;3,8
Nord Ovest;Lombardia;LC;E287;3;11,56;18,5;8;12;53,06
Nord Est;Emilia-Romagna;BO;E289;51,34;287,16;368,19;148,91;140,05;995,65
Nord Ovest;Liguria;IM;E290;77,17;224,77;164,43;75,43;62,83;604,63
Centro;Toscana;FI;E291;13,17;42,33;68;29,17;37,57;190,24
Nord Ovest;Lombardia;VA;E292;0;1;0;0;3;4
Nord Ovest;Piemonte;AT;E295;4;9,75;5,8;5,78;9;34,33
Nord Ovest;Lombardia;BS;E297;3;6;1,22;0;0;10,22
Nord Ovest;Lombardia;VA;E299;11;54;52,33;18,33;22,5;158,16
Nord Ovest;Piemonte;TO;E301;0;1;0;0;0;1
Nord Ovest;Piemonte;VB;E304;0;2;0;0;2;4
Nord Ovest;Lombardia;LC;E305;4;13,05;8,66;5;2;32,71
Nord Ovest;Valle d'Aosta;AO;E306;2;4;2;0;1;9
Sud;Abruzzo;AQ;E307;3;4;3,67;5,33;9,33;25,33
Nord Ovest;Lombardia;CO;E309;7,38;48,38;58,31;20,83;30,25;165,15
Nord Ovest;Lombardia;PV;E310;1;9;4,5;5;9;28,5
Nord Ovest;Piemonte;TO;E311;2;3;6;4;4;19
Nord Ovest;Lombardia;MI;E313;7,5;37,31;28,67;15,61;18,67;107,76
Nord Ovest;Piemonte;NO;E314;2,25;16,5;12;11,25;14,5;56,5
Nord Ovest;Lombardia;MI;E317;6;69,09;53;15,17;13,87;157,13
Nord Est;Emilia-Romagna;FE;E320;2;4;9;15,08;16,58;46,66
Sud;Calabria;VV;E321;1;6;3;5;12;27
Isole;Sardegna;NU;E323;1;0;1;3,27;4,75;10,02
Nord Ovest;Lombardia;BS;E325;0;0;1;1;0;2
Sud;Basilicata;MT;E326;12,17;8,33;10,17;10,1;8;48,77
Nord Ovest;Piemonte;CN;E327;0;1;0;1;0;2
Sud;Calabria;CZ;E328;32,5;17,67;9,5;6;4;69,67
Sud;Campania;NA;E329;12;36,83;26,5;16,25;20;111,58
Centro;Lazio;VT;E330;4;11,5;6;3;4;28,5
Sud;Puglia;FG;E332;20,03;16,8;12,33;1;0;50,16
Nord Ovest;Lombardia;BS;E333;10,83;38,8;25;20,33;22,46;117,42
Sud;Molise;IS;E335;10,39;38,86;37,89;38,87;29,35;155,36
Isole;Sardegna;NU;E336;1,13;3;5,25;6,25;4,5;20,13
Isole;Sicilia;PA;E337;0;4;7;7;7,8;25,8
Nord Ovest;Piemonte;AT;E338;0;2;1;3;8;14
Sud;Calabria;KR;E339;60,89;83,45;29;12;13;198,34
Centro;Lazio;FR;E340;7;12;19,94;19,16;22,57;80,67
Nord Ovest;Liguria;GE;E341;5;10;12,5;4;4,33;35,83
Nord Ovest;Lombardia;SO;E342;19,33;35,9;7;3,01;2;67,24
Sud;Abruzzo;TE;E343;6;4,84;13;9,3;15,67;48,81
Nord Ovest;Piemonte;TO;E345;0;0;0;3;2;5
Nord Ovest;Liguria;IM;E346;0;5;3;0;1;9
Centro;Toscana;GR;E348;20,33;16,17;3;2,5;1;43
Nord Est;Veneto;VR;E349;4,66;37;39,5;32,43;34,19;147,78
Isole;Sicilia;PA;E350;21,75;39;20,34;9,83;3,5;94,42
Centro;Marche;PS;E351;1;0;0;2;3;6
Nord Ovest;Lombardia;BG;E353;6;5;1,5;2,33;1;15,83
Nord Est;Veneto;VI;E354;1;18;16,14;11,14;40,39;86,67
Nord Ovest;Lombardia;CR;E356;0;0;1;0;8,33;9,33
Nord Est;Veneto;VR;E358;0,06;10,5;14;5,76;17,38;47,7
Nord Ovest;Piemonte;AL;E360;0;2;0;0;10,5;12,5
Sud;Puglia;FG;E363;0;2,5;0;0;1;3,5
Nord Ovest;Lombardia;BS;E364;0,93;12;5;6,92;10,92;35,77
Sud;Campania;SA;E365;1,33;10;4,67;2,94;4,5;23,44
Isole;Sicilia;RG;E366;48,92;80,25;75,55;36,88;29,83;271,43
Nord Ovest;Lombardia;VA;E367;7;17;19;12,5;19,72;75,22
Nord Ovest;Piemonte;TO;E368;0;1;5;2;5;13
Nord Ovest;Valle d'Aosta;AO;E369;1;1;4;0;2;8
Nord Ovest;Lombardia;BG;E370;0;1;1;3;7;12
Nord Ovest;Valle d'Aosta;AO;E371;1,33;3;3;0,5;1;8,83
Sud;Abruzzo;CH;E372;64;198,92;158,63;137,45;88,64;647,64
Nord Est;Veneto;TV;E373;2;25;24;12;24,9;87,9
Isole;Sicilia;ME;E374;1;9,34;4,34;4;6;24,68
Centro;Lazio;LT;E375;12;38,42;21,17;22,75;24,17;118,51
Isole;Sardegna;SS;E376;0;2;2;0,8;1;5,8
Isole;Sardegna;SS;E377;2;3,8;5,33;4;22;37,13
Nord Ovest;Piemonte;TO;E379;24;93,17;150,3;66;63,42;396,89
Nord Ovest;Lombardia;CR;E380;0;5;5;3;7,33;20,33
Sud;Molise;CB;E381;5,8;5;0;0;5,5;16,3
Centro;Lazio;RM;E382;7,25;2,25;5;1;1;16,5
Nord Ovest;Lombardia;VA;E386;6;26;25;6;10;73
Isole;Sardegna;NU;E387;1;3;6;5;3;18
Centro;Marche;AN;E388;28,5;136,46;166,64;88,65;66,5;486,75
Sud;Calabria;VV;E389;4;13;7;5,17;6;35,17
Isole;Sicilia;AG;E390;6;1;1;0;1;9
Nord Ovest;Valle d'Aosta;AO;E391;0;0;0;0;0;0
Centro;Lazio;RM;E392;5;42,5;19,5;9,25;10;86,25
Centro;Lazio;RI;E393;2;0;3;0;0;5
Nord Ovest;Piemonte;TO;E394;1;5;7;5;9;27
Nord Ovest;Lombardia;MI;E395;4,66;56,16;41,83;12,67;7,83;123,15
Sud;Campania;NA;E396;5;6,75;9,5;3;3,5;27,75
Sud;Campania;AV;E397;2;1;3,75;4;4;14,75
Isole;Sardegna;NU;E400;1;0,27;2,19;2;7;12,46
Isole;Sardegna;SS;E401;1,5;0;0;1,42;2,86;5,78
Sud;Calabria;RC;E402;0;0;0;0;0;0
Nord Est;Veneto;VI;E403;1;1;3;0,67;3;8,67
Nord Ovest;Lombardia;CO;E405;3;6;2;4;2;17
Nord Ovest;Piemonte;CN;E406;0;1;1;2;4;8
Sud;Calabria;CS;E407;2;4,78;1;7,11;4,96;19,85
Sud;Basilicata;PZ;E409;4,33;9;6;5;10,33;34,66
Nord Est;Emilia-Romagna;FE;E410;1;10,5;22,5;16,75;13,5;64,25
Centro;Toscana;PI;E413;5;14;8;8;6;41
Nord Ovest;Liguria;SV;E414;17;29,83;17;8;2;73,83
Nord Ovest;Lombardia;MI;E415;22,93;130,58;120,41;63,2;58;395,12
Nord Ovest;Lombardia;CO;E416;0;4;4;1;2;11
Sud;Calabria;CS;E417;0;2;3;1;2;8
Sud;Calabria;CS;E419;0;0;0;0;3;3
Nord Ovest;Lombardia;BG;E422;1;23;18,78;4;7,17;53,95
Nord Ovest;Piemonte;TO;E423;4;34,92;33,33;18;18,5;108,75
Sud;Abruzzo;CH;E424;1;2;2;1,5;3;9,5
Isole;Sardegna;SS;E425;32,36;81,55;51,34;22;16,17;203,42
Nord Est;Emilia-Romagna;MO;E426;16;16,01;13,33;7,19;16,77;69,3
Nord Ovest;Lombardia;CO;E428;1;13;8,07;3;7,5;32,57
Nord Est;Veneto;BL;E429;3,44;8,86;14,27;14;19,5;60,07
Nord Ovest;Piemonte;CN;E430;0;3;6;7;23,21;39,21
Isole;Sicilia;AG;E431;24,04;28;10,39;7;4;73,43
Centro;Toscana;PT;E432;2,6;16,33;20,5;18;25,17;82,6
Nord Ovest;Piemonte;VC;E433;0;0;1;2;3,5;6,5
Sud;Abruzzo;CH;E435;10;63,75;94,67;87,31;78,27;334
Nord Ovest;Piemonte;NO;E436;0;0;2;0;4;6
Nord Ovest;Lombardia;PV;E437;6;52;28;6,5;14,5;107
Nord Est;Emilia-Romagna;PR;E438;4;35,75;46;24;36,83;146,58
Nord Ovest;Lombardia;PV;E439;0;2;1;1;5;9
Isole;Sardegna;NU;E441;2;10;15,5;8;9,75;45,25
Nord Ovest;Lombardia;SO;E443;4,55;7,88;2,5;2;0;16,93
Nord Ovest;Piemonte;TO;E445;5;29;20;5,7;18,5;78,2
Centro;Marche;AP;E447;0;3;1;0,75;3,5;8,25
Sud;Campania;AV;E448;2,06;1;0,17;0;2;5,23
Sud;Calabria;CS;E450;2;0;1;2;2;7
Centro;Toscana;PT;E451;0,06;10,03;18;10,63;17,78;56,5
Nord Ovest;Lombardia;PV;E454;0;6;8;2;0,83;16,83
Sud;Molise;CB;E456;2;9,11;8,14;12;12,08;43,33
Nord Ovest;Valle d'Aosta;AO;E458;20,2;35,24;17,33;8;6;86,77
Isole;Sicilia;PA;E459;5;21,78;17,33;15;11,5;70,61
Nord Ovest;Lombardia;CO;E462;1;0;2;1;0;4
Nord Ovest;Liguria;SP;E463;142,8;525,51;415,41;160,03;106,42;1350,17
Isole;Sardegna;CA;E464;0;0;0;0;1;1
Nord Est;Veneto;VI;E465;0,67;1,67;2;0,5;2;6,84
Centro;Toscana;FI;E466;15,67;84,8;76,4;38,97;46;261,84
Centro;Lazio;VT;E467;10;3,83;4;1;1;19,83
Sud;Puglia;TA;E469;12,9;21,58;31,22;21,77;22,61;110,08
Nord Ovest;Valle d'Aosta;AO;E470;14,2;24,5;8;1,13;2;49,83
Sud;Puglia;BR;E471;7;34;37,33;24,25;12;114,58
Centro;Lazio;LT;E472;82,78;421,82;386,66;292,62;245,03;1428,91
Nord Est;Friuli- Venezia Giulia;UD;E473;30;59,75;57;29,44;38,84;215,03
Sud;Basilicata;PZ;E474;13;10;5,22;5;4,5;37,72
Sud;Calabria;CS;E475;2;1;0;5;7,83;15,83
Nord Est;Friuli- Venezia Giulia;UD;E476;2,37;1;2;2,67;4;12,04
Sud;Calabria;RC;E479;13;24,5;5;3;5,5;51
Sud;Campania;SA;E480;1;8;5;3;3,6;20,6
Sud;Basilicata;PZ;E482;1,5;2;2,33;0,75;0;6,58
Sud;Basilicata;PZ;E483;5,33;11,8;22,7;11,5;22,73;74,06
Nord Ovest;Piemonte;TO;E484;1;2;1,5;8;11;23,5
Sud;Campania;SA;E485;1;2;1;1;2;7
Sud;Campania;SA;E486;0;3;0;0;2;5
Sud;Campania;AV;E487;1;3;1,22;2,5;8,75;16,47
Nord Ovest;Liguria;GE;E488;48;105,22;70,17;17;17,5;257,89
Nord Est;Veneto;VR;E489;4;20;34;12,5;33,22;103,72
Nord Est;Veneto;BL;E490;1;4,25;4,5;4,5;3;17,25
Sud;Basilicata;PZ;E493;11,96;24,17;26;22,25;12,5;96,88
Nord Ovest;Lombardia;VA;E494;13,29;36,17;22,39;6,33;8,5;86,68
Nord Ovest;Lombardia;VA;E496;11;54,25;53,83;17,08;29,92;166,08
Nord Ovest;Lombardia;BS;E497;0;1;3;0;5;9
Sud;Campania;SA;E498;1;6;3;2;0;12
Nord Est;Veneto;VR;E502;8,56;64,02;48,87;19,5;33,86;174,81
Nord Ovest;Lombardia;MI;E504;4,92;22,84;30,83;15,94;15,17;89,7
Sud;Abruzzo;AQ;E505;3;5;2,5;3;1;14,5
Sud;Puglia;LE;E506;78,17;363,66;375,62;312,62;323,72;1453,79
Nord Ovest;Lombardia;LC;E507;60,81;209,97;223,32;78,37;85,75;658,22
Nord Ovest;Lombardia;BG;E509;4;8,5;24,5;8,17;17,13;62,3
Nord Ovest;Lombardia;VA;E510;7,3;18,2;22,5;8;22;78
Nord Est;Veneto;VR;E512;10;81,5;95,07;91,16;123,5;401,23
Nord Ovest;Lombardia;MI;E514;93,27;411,53;346,37;148,48;125;1124,65
Nord Est;Veneto;PD;E515;2;24,17;36;33,76;46,87;142,8
Isole;Sardegna;NU;E517;0;0;0;0;1;1
Nord Ovest;Piemonte;TO;E518;19;79,94;79,49;35,66;47,4;261,49
Nord Ovest;Liguria;GE;E519;3,5;4,5;11,63;3;13;35,63
Nord Ovest;Piemonte;TO;E520;5;7;1,5;0;0;13,5
Nord Est;Veneto;RO;E522;3;18,02;30;26;55,53;132,55
Isole;Sicilia;ME;E523;1;2;0;0;0,5;3,5
Nord Ovest;Lombardia;BG;E524;8;3;1;1;2;15
Nord Ovest;Lombardia;BS;E526;4,29;37,05;42,83;30,3;56,09;170,56
Centro;Lazio;LT;E527;4;9,83;4,5;3;6;27,33
Nord Ovest;Piemonte;VC;E528;0;2;0;5;4;11
Nord Ovest;Lombardia;MI;E530;30,21;90,42;72,58;42,5;31,29;267
Sud;Abruzzo;CH;E531;0;3;1;1;1;6
Isole;Sicilia;SR;E532;50,63;63,14;55,22;53,02;31,5;253,51
Centro;Lazio;RI;E535;18,83;20,84;7,5;0,83;5,16;53,16
Isole;Sicilia;EN;E536;8,12;24,8;41,12;19,91;25,16;119,11
Sud;Puglia;TA;E537;15,25;46,78;35,2;18,33;36,57;152,13
Sud;Puglia;LE;E538;1;17;20,75;18;25,22;81,97
Nord Ovest;Piemonte;CN;E539;0;0;6;3;6,5;15,5
Nord Ovest;Piemonte;CN;E540;0;1;0,5;0;4,5;6
Isole;Sicilia;PA;E541;5,82;9,75;20,67;25,2;18;79,44
Nord Ovest;Liguria;SP;E542;41,1;84,61;50;26;18,5;220,21
Nord Ovest;Piemonte;AL;E543;1;9,75;6;3,83;1,5;22,08
Nord Ovest;Piemonte;NO;E544;12;33,68;19,17;6;13;83,85
Nord Ovest;Piemonte;CN;E546;0;3;4;3;5;15
Nord Est;Emilia-Romagna;PR;E547;2;16,2;18,5;6,5;28,5;71,7
Nord Est;Emilia-Romagna;PR;E548;2,33;3,33;3;3;9;20,66
Sud;Puglia;FG;E549;22,83;88,75;33,17;18;9,61;172,36
Nord Ovest;Lombardia;MI;E550;4,33;35;42,74;19,5;33,75;135,32
Nord Ovest;Piemonte;TO;E551;0;0;1;0;9;10
Nord Est;Friuli- Venezia Giulia;UD;E553;0;3;3;4,5;30;40,5
Sud;Campania;CE;E554;0,5;2;1;1;0;4,5
Isole;Sicilia;ME;E555;23,94;42,36;14,5;5;2;87,8
Sud;Campania;NA;E557;0;1,2;8;3,69;4,25;17,14
Sud;Abruzzo;PE;E558;0;2;5,22;4,22;3;14,44
Sud;Abruzzo;CH;E559;1;2;1;1;1;6
Nord Ovest;Liguria;SP;E560;13;37,92;20,55;7,75;9;88,22
Nord Ovest;Lombardia;BG;E562;2;16,5;13,56;8,5;3,5;44,06
Sud;Puglia;LE;E563;0;17,83;22,33;15;25,3;80,46
Nord Ovest;Piemonte;CN;E564;0;0;0;1;4;5
Nord Ovest;Piemonte;TO;E566;0;4;4;1;7;16
Nord Ovest;Lombardia;CO;E569;4;9;6;5,5;5;29,5
Sud;Campania;CE;E570;1;1;2;1;2;7
Isole;Sicilia;ME;E571;3;5;3;2;5;18
Isole;Sicilia;AG;E573;82,47;98,84;77,21;64,63;62,73;385,88
Centro;Toscana;MS;E574;3,5;14;13;7;20;57,5
Centro;Lazio;RM;E576;6;3;2;3;4;18
Isole;Sicilia;CT;E578;0;2,67;7,5;6;2,44;18,61
Nord Ovest;Lombardia;LC;E581;9;17,84;11;9;6;52,84
Nord Ovest;Piemonte;VC;E583;0;2;0;2;4;8
Nord Est;Friuli- Venezia Giulia;UD;E584;247,83;268,56;62,86;39;38,33;656,58
Nord Ovest;Valle d'Aosta;AO;E587;1;2;0;1;1;5
Nord Est;Veneto;BL;E588;4,17;13,5;12,25;5;24,42;59,34
Sud;Campania;BN;E589;1;5;2;4;11,33;23,33
Sud;Calabria;VV;E590;5;4,71;5;1;7;22,71
Nord Ovest;Lombardia;MI;E591;47;314,9;150,17;66,67;43,43;622,17
Nord Est;Veneto;PD;E592;3;40,5;41;32,5;30,33;147,33
Nord Ovest;Lombardia;CO;E593;2;29,5;23,5;9,5;12,83;77,33
Isole;Sicilia;ME;E594;0;1;1;2,67;1;5,67
Nord Ovest;Lombardia;BS;E596;4;0;2;2,5;0;8,5
Nord Ovest;Piemonte;CN;E597;62,97;87,35;9,78;1,01;5;166,11
Sud;Molise;CB;E599;1;3;2;2;4;12
Nord Ovest;Lombardia;PV;E600;3;18;11,5;7;14;53,5
Isole;Sicilia;CT;E602;1;11;13,5;13;16;54,5
Sud;Campania;AV;E605;2;10;4;6,5;5,83;28,33
Isole;Sicilia;ME;E606;37,1;48,77;27,12;26,03;16,12;155,14
Nord Ovest;Lombardia;CO;E607;2;31,5;25;10,17;13,5;82,17
Nord Ovest;Lombardia;PV;E608;0;0;0;1;2;3
Nord Ovest;Lombardia;MI;E610;12;34;17,25;6;2;71,25
Sud;Abruzzo;CH;E611;1;1;0;2;0;4
Centro;Umbria;PG;E613;1;2;2;6;9,5;20,5
Nord Ovest;Piemonte;CN;E615;1;0;1;2;0;4
Nord Ovest;Lombardia;MI;E617;95,83;284,92;244,53;65,17;61,5;751,95
Isole;Sicilia;CL;E618;0;2;4;2;4;12
Sud;Campania;NA;E620;0;0;2;1,83;1,75;5,58
Nord Ovest;Lombardia;SO;E621;25,49;32,62;10,51;3,13;1,61;73,36
Nord Ovest;Lombardia;CO;E623;1,75;2;2;0;0;5,75
Centro;Toscana;LI;E625;148,15;737,57;737,35;360,38;244,12;2227,57
Nord Ovest;Piemonte;VC;E626;0;13,5;20;6,17;11,17;50,84
Nord Ovest;Lombardia;LO;E627;0;4;15,5;7,5;10;37
Sud;Puglia;LE;E629;8,5;30,5;32,67;14;27,5;113,17
Sud;Puglia;TA;E630;4;26,17;20;16,78;17,05;84
Nord Ovest;Liguria;SV;E632;91,45;204,35;47,33;7,5;8,2;358,83
Nord Ovest;Piemonte;AT;E633;0;5;9;2;1;17
Nord Ovest;Piemonte;TO;E635;8;13;8;4,5;8;41,5
Nord Ovest;Lombardia;CO;E638;1,5;16;11;9,5;6;44
Nord Ovest;Lombardia;MI;E639;34,22;95,17;60,86;22,53;9;221,78
Nord Ovest;Lombardia;BG;E640;1;5;4,67;1;3;14,67
Isole;Sardegna;NU;E644;0;6;8;1;6,5;21,5
Sud;Puglia;BA;E645;16;27,75;26;24,75;17,38;111,88
Isole;Sardegna;NU;E646;0;0;0;0;0;0
Isole;Sardegna;NU;E647;0;1;0,67;3;1;5,67
Nord Ovest;Lombardia;LO;E648;69,87;288,04;227;85,67;73,81;744,39
Isole;Sardegna;NU;E649;0;1;0;0;0;1
Nord Ovest;Lombardia;LO;E651;68;77,58;29,17;10;9,56;194,31
Nord Ovest;Lombardia;BS;E652;1;3;4;1;6;15
Nord Ovest;Lombardia;BS;E654;0;5;13,17;6,67;13;37,84
Nord Est;Emilia-Romagna;BO;E655;9;46,33;20,5;10,04;17,22;103,09
Nord Ovest;Lombardia;LC;E656;6,5;15;20;6,17;23;70,67
Nord Ovest;Lombardia;CO;E659;14,9;62,66;43,38;18;19,69;158,63
Nord Ovest;Piemonte;TO;E660;0;9;10;6;8,5;33,5
Nord Ovest;Piemonte;TO;E661;0;5;3;0;10;18
Nord Ovest;Lombardia;PV;E662;1;4;8,25;5,5;5;23,75
Nord Ovest;Lombardia;VA;E665;2;27;26,5;10;11,5;77
Nord Ovest;Lombardia;VA;E666;17;54,56;61,17;19,33;34,44;186,5
Centro;Toscana;FI;E668;0;7;10;3;10,5;30,5
Sud;Molise;IS;E669;1;0;2;0;0,57;3,57
Nord Est;Veneto;VI;E671;2;18,37;11;10,25;20,25;61,87
Nord Ovest;Lombardia;BS;E673;0;0;1;0;2;3
Isole;Sicilia;ME;E674;1;2;4;0,2;1;8,2
Nord Est;Emilia-Romagna;FO;E675;1;17;11;11,5;22;62,5
Sud;Calabria;CS;E677;4;13,25;6,78;4;3;31,03
Sud;Calabria;CS;E678;2;3;3;0;3,88;11,88
Nord Ovest;Lombardia;CO;E679;3;11;15;4;4;37
Centro;Toscana;LI;E680;16,04;27,21;12;7,25;1,25;63,75
Centro;Lazio;RI;E681;0;4;2;1;3;10
Nord Est;Veneto;VI;E682;13,83;35,11;41,17;30;64,17;184,28
Nord Ovest;Piemonte;TO;E683;0;0;1;1;5;7
Nord Est;Veneto;PD;E684;2;18;15,33;12;26;73,33
Nord Ovest;Piemonte;VB;E685;1;1;0,17;1,5;0;3,67
Nord Est;Veneto;BL;E687;1;10,03;0,5;2;3,7;17,23
Nord Est;Veneto;RO;E689;0;10;10;4;8;32
Centro;Marche;AN;E690;5;33;52,66;18;26,63;135,29
Sud;Abruzzo;PE;E691;2,5;10;16,5;18,75;25;72,75
Nord Est;Veneto;TV;E692;0;13;17,17;7,34;31,33;68,84
Centro;Toscana;AR;E693;5;25,43;28,75;20,28;29,45;108,91
Centro;Marche;MC;E694;1;0,5;2,06;4,17;10,5;18,23
Nord Ovest;Liguria;GE;E695;0;2,5;1;1;3;7,5
Nord Ovest;Lombardia;BS;E698;0;3,17;0;3;1,5;7,67
Isole;Sardegna;NU;E700;3,5;10;2;1;0;16,5
Nord Ovest;Lombardia;BG;E704;7,5;14,5;20,54;20;7,5;70,04
Nord Ovest;Lombardia;SO;E705;2;0,83;2,51;2;2;9,34
Nord Ovest;Lombardia;BS;E706;6,5;6,5;0;0;3,5;16,5
Nord Ovest;Lombardia;VA;E707;0;6,5;1;3;3;13,5
Nord Est;Veneto;BL;E708;4;6,5;7;6,67;0,67;24,84
Nord Est;Veneto;PD;E709;1;4;2;8,33;15;30,33
Nord Ovest;Piemonte;VC;E711;1;1;0;0;5;7
Centro;Lazio;VT;E713;1,54;2,54;4;0,54;5,54;14,16
Isole;Sicilia;AG;E714;2;4;0;1;5;12
Centro;Toscana;LU;E715;62,04;244,07;284,63;226,72;360,02;1177,48
Sud;Puglia;FG;E716;17,02;61,75;68,09;61,85;34,03;242,74
Centro;Toscana;AR;E718;0;15;10;7,29;15,6;47,89
Nord Ovest;Liguria;IM;E719;5;3;6;4,5;2;20,5
Sud;Molise;CB;E722;0;1;2;0;2;5
Sud;Abruzzo;AQ;E723;5;17,78;19;12,83;14;68,61
Sud;Abruzzo;AQ;E724;37,5;19,67;4,83;2,33;0,5;64,83
Nord Est;Emilia-Romagna;PC;E726;2;8,42;14;14;15,56;53,98
Centro;Umbria;TR;E729;3,58;6,58;5,67;2,67;7;25,5
Nord Est;Emilia-Romagna;RA;E730;15;69,5;110,08;68,51;168,25;431,34
Nord Est;Veneto;VI;E731;3;9,88;3,67;7;12;35,55
Nord Ovest;Lombardia;VA;E734;26,33;88,39;88;42,45;39,09;284,26
Nord Ovest;Lombardia;CO;E735;4,33;13,83;19,5;8,33;7;52,99
Isole;Sardegna;NU;E736;2;2;1;0;0;5
Nord Ovest;Liguria;GE;E737;3;8,25;2;6;3,75;23
Nord Ovest;Lombardia;BS;E738;13,5;48,33;73,08;54,74;47,75;237,4
Isole;Sardegna;CA;E742;1;2;0;2;3,47;8,47
Centro;Marche;PS;E743;0;2;3,5;2;4;11,5
Sud;Calabria;CS;E745;0;2;5;3;4,5;14,5
Sud;Campania;AV;E746;1;2;3,67;2;2;10,67
Isole;Sardegna;SS;E747;1;7,92;5,17;3,65;5;22,74
Sud;Molise;CB;E748;1;5,5;1;2;2;11,5
Nord Ovest;Lombardia;CO;E749;2;22,54;21;8;11,67;65,21
Nord Ovest;Lombardia;CO;E750;0,38;7,14;5;6;8,22;26,74
Nord Ovest;Lombardia;BG;E751;3;16;7;9;9,5;44,5
Isole;Sardegna;SS;E752;1;8;12;5;9,67;35,67
Nord Ovest;Lombardia;CO;E753;9,92;43;47,08;24;26,04;150,04
Sud;Campania;CE;E754;4;8;45,8;36,96;35,06;129,82
Nord Ovest;Piemonte;TO;E758;2;48;37,84;14;30,75;132,59
Nord Ovest;Piemonte;TO;E759;0;2;0;0;3;5
Nord Est;Friuli- Venezia Giulia;UD;E760;0;3;3;0;7,5;13,5
Nord Est;Veneto;RO;E761;2;4,75;7,78;3;8,07;25,6
Nord Ovest;Piemonte;TO;E763;0;0;1,95;0;2,45;4,4
Sud;Campania;SA;E767;0;0;1;0;1;2
Nord Ovest;Lombardia;VA;E769;3;3;8;1,38;5;20,38
Nord Ovest;Lombardia;BG;E770;2;2;2;2;2;10
Nord Est;Emilia-Romagna;RE;E772;11;29,13;31;16;41,79;128,92
Sud;Calabria;CS;E773;1;9;14;5;18,17;47,17
Nord Ovest;Lombardia;LO;E777;0;0;1;0;0;1
Sud;Molise;IS;E778;0;1;1;2;6;10
Sud;Molise;IS;E779;2;1;1;3;7;14
Sud;Molise;CB;E780;0;2,14;2;2;2;8,14
Nord Ovest;Piemonte;TO;E782;0;1;1;1;4,33;7,33
Centro;Marche;MC;E783;24,68;114,34;128,77;121,96;93,77;483,52
Sud;Campania;CE;E784;4;12,5;21,45;20,67;29,88;88,5
Centro;Marche;PS;E785;0;1;3;2,83;8,5;15,33
Nord Ovest;Lombardia;MI;E786;16;47,5;38,5;15,39;7,5;124,89
Nord Ovest;Lombardia;BS;E787;0;6;6,75;9;5;26,75
Isole;Sardegna;NU;E788;1;8,59;14;11,13;23;57,72
Nord Ovest;Piemonte;CN;E789;2;1;1;1;0;5
Nord Ovest;Piemonte;VB;E790;8;13;4;8;3;36
Sud;Campania;CE;E791;44,88;48,3;57,57;68,44;47,13;266,32
Nord Ovest;Lombardia;CR;E793;1;7;6,5;4;12;30,5
Nord Ovest;Lombardia;BG;E794;1;16;39;9;4,5;69,5
Nord Ovest;Piemonte;VB;E795;2;3;2;1,5;1;9,5
Centro;Lazio;LT;E798;2;14,5;2,5;5;7;31
Sud;Molise;CB;E799;0;3;12;1;7;23
Nord Ovest;Lombardia;MI;E801;31;180,47;169;69,39;43,71;493,57
Nord Ovest;Piemonte;NO;E803;0;1;4;4,5;10,67;20,17
Nord Ovest;Lombardia;PV;E804;0;9;8;9;5;31
Centro;Umbria;PG;E805;14;46,39;62;39,83;44,05;206,27
Sud;Calabria;CZ;E806;0;2;1;2;1;6
Centro;Marche;AP;E807;1;0;1;0;1;3
Nord Ovest;Piemonte;CN;E808;0;3;4;3;9;19
Nord Ovest;Piemonte;CN;E809;1;4;7,5;4;12;28,5
Centro;Toscana;GR;E810;4;14;14,67;4;11;47,67
Sud;Abruzzo;AQ;E811;2,67;12,84;12,67;5;6;39,18
Centro;Lazio;RI;E812;4;12;11;5,95;9;41,95
Centro;Lazio;RM;E813;7;4;3;3,75;3;20,75
Sud;Campania;SA;E814;2;2;0;1;1;6
Sud;Puglia;LE;E815;9;17;35,17;26,63;25,38;113,18
Nord Ovest;Liguria;SV;E816;3;13;5;3;2;26
Nord Ovest;Piemonte;TO;E817;0;1;1;1;2,5;5,5
Nord Ovest;Lombardia;MN;E818;0;2;5;5;9;21
Nord Ovest;Lombardia;MI;E819;3;27;39,3;33;29,83;132,13
Nord Est;Friuli- Venezia Giulia;UD;E820;0;1;3;6;7;17
Nord Ovest;Piemonte;BI;E821;0;1;1;2;9;13
Isole;Sardegna;NU;E825;1,5;7;4;2;4;18,5
Nord Ovest;Lombardia;CO;E830;0;6;8;1;3;18
Nord Est;Friuli- Venezia Giulia;UD;E833;1;11;11,67;14,5;36,5;74,67
Sud;Calabria;CZ;E834;5,78;10,33;4,89;7;4,86;32,86
Sud;Calabria;CS;E835;7,83;11;4;1;1;24,83
Sud;Calabria;VV;E836;8;5;3;0,67;2;18,67
Centro;Marche;AN;E837;2;14;17,5;19;12,01;64,51
Nord Est;Emilia-Romagna;RN;E838;0;2;0;1;1,33;4,33
Sud;Campania;SA;E839;7;23,72;7,83;5;1,92;45,47
Nord Ovest;Lombardia;LO;E840;0;4;11;4;4;23
Nord Ovest;Lombardia;BS;E841;4;8;13,13;5;9,89;40,02
Nord Ovest;Liguria;SP;E842;1;2;1;1,5;4;9,5
Nord Ovest;Lombardia;CR;E843;0;3;4;1,5;4,5;13
Nord Est;Emilia-Romagna;BO;E844;8,2;55;55,63;24,98;27,66;171,47
Nord Est;Veneto;VR;E848;9;21;10;3,33;8,66;51,99
Nord Ovest;Lombardia;BS;E851;4;6,11;8;2;2;22,11
Nord Ovest;Lombardia;LO;E852;3;17,75;15,33;5;8,83;49,91
Nord Ovest;Piemonte;VB;E853;8;13,11;5,33;3;5;34,44
Isole;Sicilia;CT;E854;6;5,8;8,71;3;3,5;27,01
Isole;Sicilia;ME;E855;2;6;1;0;0,93;9,93
Nord Ovest;Lombardia;LC;E858;6;17,5;11;4;4,58;43,08
Sud;Calabria;CS;E859;0;0;0;0;0;0
Nord Ovest;Liguria;SV;E860;1,17;4;3;6,33;6;20,5
Nord Ovest;Lombardia;VA;E863;12,04;88,6;104,79;31,22;39,67;276,32
Nord Est;Veneto;VI;E864;1;35,5;36,92;26,33;68,62;168,37
Nord Ovest;Lombardia;BS;E865;2;3;12,5;6;2;25,5
Centro;Marche;AP;E868;0;2;7,5;5;3;17,5
Isole;Sicilia;ME;E869;2;4;0;0,5;3;9,5
Nord Ovest;Piemonte;AL;E870;0;1;0;0;0;1
Sud;Calabria;CS;E872;3;4;2,52;0;4,33;13,85
Sud;Calabria;RC;E873;3;11,72;6,5;5;1,5;27,72
Isole;Sardegna;NU;E874;1;2;0,95;3;12,47;19,42
Centro;Toscana;GR;E875;16,67;52;30,25;24,13;26,43;149,48
Isole;Sicilia;ME;E876;0;2;0;0;0;2
Isole;Sardegna;CA;E877;0;3,83;1;1,83;11,17;17,83
Sud;Calabria;CS;E878;87;38,83;11;4;0,89;141,72
Nord Ovest;Lombardia;LC;E879;11,5;36,67;36,67;22,31;19,85;127
Nord Ovest;Piemonte;NO;E880;0;0;0;1;0;1
Sud;Puglia;TA;E882;32,89;125,08;135,9;59,84;75,98;429,69
Nord Ovest;Lombardia;BS;E883;31,5;71,19;28,19;9,17;20,92;160,97
Nord Ovest;Lombardia;BS;E884;1,67;45,75;37,67;26,75;58,01;169,85
Sud;Puglia;FG;E885;92,85;244,62;186,89;124,38;51,5;700,24
Nord Ovest;Piemonte;CN;E887;0;0;0;1;8;9
Sud;Calabria;CS;E888;1;1;3,78;1;5;11,78
Nord Est;Friuli- Venezia Giulia;PN;E889;3;21;38,17;12,5;47,5;122,17
Sud;Campania;AV;E891;0;4;3;2;6;15
Sud;Abruzzo;PE;E892;3;19,5;18;8;12,33;60,83
Nord Est;Veneto;TV;E893;1;3;7;3,67;16,92;31,59
Nord Ovest;Piemonte;CN;E894;3;13;16,67;3,5;7,67;43,84
Nord Ovest;Lombardia;SO;E896;0,22;6,44;1;0,44;0;8,1
Nord Ovest;Lombardia;MN;E897;52;269,06;290,07;147,03;118,36;876,52
Nord Est;Friuli- Venezia Giulia;UD;E899;1;16;16,83;15;14,83;63,66
Centro;Lazio;RM;E900;2;27,5;27,25;24,5;21,49;102,74
Nord Ovest;Lombardia;BG;E901;3;20,5;23;9,88;19;75,38
Isole;Sardegna;SS;E902;0;0;2;1;4;7
Isole;Sardegna;CA;E903;5;30,5;28,16;14;24,35;102,01
Nord Est;Emilia-Romagna;MO;E904;8;37,5;77,67;33;40,17;196,34
Nord Est;Emilia-Romagna;MO;E905;2;24;23,17;9,5;17,27;75,94
Sud;Campania;NA;E906;28,68;72,76;120,28;84,08;41,47;347,27
Nord Ovest;Piemonte;NO;E907;0;2;4;13,01;8;27,01
Centro;Lazio;RM;E908;0;0;2,67;1;0;3,67
Nord Est;Friuli- Venezia Giulia;UD;E910;1;13;9,33;4;3;30,33
Nord Est;Veneto;VR;E911;0;1,33;5,33;4,67;6;17,33
Nord Est;Veneto;VI;E912;1;25,5;22;18;31,5;98
Sud;Calabria;CS;E914;2;4,86;6,8;7;9;29,66
Sud;Calabria;CS;E915;0;2;3;4;5;14
Nord Ovest;Piemonte;AT;E917;1;0;0;0;3;4
Sud;Basilicata;PZ;E919;11,93;26,02;8,2;7,95;15,82;69,92
Nord Ovest;Lombardia;MI;E921;7;26;36;14,5;18,12;101,62
Nord Ovest;Lombardia;MN;E922;0;9;9;10,67;29,51;58,18
Sud;Calabria;CZ;E923;2;0;2;1;0;5
Centro;Lazio;RM;E924;13;30;24;9;9;85
Sud;Calabria;CZ;E925;0;4;2,83;5;4;15,83
Centro;Lazio;RI;E927;0;0;0;0;1;1
Nord Ovest;Lombardia;BS;E928;0;7,5;13,84;5,54;9;35,88
Nord Ovest;Lombardia;VA;E929;13;17,5;18;15;18,5;82
Centro;Toscana;LI;E930;16,23;28,73;18,7;4;8,25;75,91
Centro;Toscana;LI;E931;11,12;21;7,25;7;3,11;49,48
Sud;Campania;CE;E932;13,25;22,87;34,3;57,94;68,54;196,9
Centro;Toscana;AR;E933;1;12;12,5;9;14;48,5
Nord Ovest;Lombardia;PV;E934;10;19;7,83;7,5;6,5;50,83
Nord Est;Veneto;VE;E936;4,5;74,89;65,5;40,13;41,75;226,77
Nord Ovest;Piemonte;CN;E939;1;2;7,06;5;10,66;25,72
Nord Est;Veneto;TV;E940;0;25,5;20,5;14,42;34,42;94,84
Nord Ovest;Piemonte;TO;E941;0;3;4;0;8;15
Nord Ovest;Piemonte;AT;E944;0;0;0;0;4;4
Nord Ovest;Piemonte;CN;E945;1;4;3;1,99;4;13,99
Sud;Puglia;FG;E946;82,97;118,02;51,75;30,16;8;290,9
Nord Ovest;Lombardia;LC;E947;5;12,08;2,5;0,5;2;22,08
Nord Ovest;Lombardia;MN;E949;0;0;1;1;6,5;8,5
Nord Ovest;Lombardia;CO;E951;30,5;124,56;127,62;50,67;43,34;376,69
Isole;Sicilia;CL;E953;1;1;4,5;3;4;13,5
Sud;Campania;NA;E954;9;13,5;31,67;19,5;14,25;87,92
Sud;Campania;NA;E955;11,33;19,66;55,5;43,33;42,33;172,15
Sud;Calabria;RC;E956;5;18,5;8;11;10;52,5
Isole;Sicilia;PA;E957;8;9;9;8,33;7,75;42,08
Centro;Lazio;RM;E958;84,45;333,77;160,66;77,89;61,79;718,56
Centro;Toscana;PT;E960;8;21;26,5;10,5;24,33;90,33
Nord Ovest;Lombardia;BS;E961;1;3;5,83;4,33;2,25;16,41
Nord Ovest;Lombardia;MN;E962;0;10,17;24;20;41,3;95,47
Nord Ovest;Piemonte;CN;E963;0;3,5;4;1;3;11,5
Nord Ovest;Lombardia;VA;E965;8,33;22,11;26,84;19,42;18,08;94,78
Nord Ovest;Lombardia;BS;E967;4;18,5;15;7;11,5;56
Sud;Calabria;RC;E968;0,25;2,25;1,06;1;0;4,56
Nord Est;Veneto;VI;E970;2;18,61;37;20,5;43,32;121,43
Centro;Toscana;FI;E971;3;10;7;6,75;14,5;41,25
Isole;Sardegna;OR;E972;5;1;5,75;6,75;13,33;31,83
Nord Ovest;Piemonte;CN;E973;0;0;2;1;2;5
Isole;Sicilia;TP;E974;44,36;130;147,94;142,75;193,03;658,08
Centro;Umbria;PG;E975;7,75;56,5;55,92;30,75;62,13;213,05
Sud;Basilicata;PZ;E976;2;5,15;3,5;2,5;5;18,15
Sud;Basilicata;PZ;E977;0;12;13;13,5;12,5;51
Centro;Lazio;VT;E978;3;18,67;12;5,5;2,04;41,21
Sud;Puglia;LE;E979;1,9;11,83;13,08;8;21,17;55,98
Nord Est;Veneto;VE;E980;23;82;85,13;43,05;75,12;308,3
Nord Est;Friuli- Venezia Giulia;UD;E982;4;14;13;11,5;42,77;85,27
Nord Ovest;Lombardia;CR;E983;2;3;4;4;15;28
Sud;Puglia;LE;E984;0;0;0;1;3,5;4,5
Sud;Puglia;TA;E986;106,26;147,27;157,76;111,75;106,31;629,35
Nord Ovest;Lombardia;BG;E987;6;53;57,28;19,77;31,28;167,33
Nord Ovest;Piemonte;CN;E988;0;2;1;2;3,78;8,78
Sud;Abruzzo;TE;E989;36;206,36;73,18;37,5;23,81;376,85
Sud;Calabria;CZ;E991;2;2;1,75;2;1;8,75
Isole;Sardegna;SS;E992;0;1,5;2;1;3;7,5
Sud;Calabria;RC;E993;2,58;6;2;0,75;2;13,33
Nord Ovest;Lombardia;LO;E994;2;5;7;5;2;21
Sud;Puglia;TA;E995;26,5;45,05;32,04;15,5;9,83;128,92
Sud;Campania;AV;E997;2;1;2;2;2,67;9,67
Sud;Campania;CE;E998;1;3,83;1,83;5;4,5;16,16
Nord Ovest;Lombardia;PV;E999;0;14;8,5;1;10;33,5
Sud;Calabria;CS;F001;0,42;0;4,5;0;1;5,92
Nord Ovest;Lombardia;VA;F002;0;1;1;0;2;4
Nord Ovest;Lombardia;MI;F003;8;30;24;9,25;4;75,25
Isole;Sicilia;CT;F004;70,89;122,51;58,88;39,78;22,67;314,73
Isole;Sicilia;CT;F005;5,92;35,87;90,64;95,96;89,92;318,31
Sud;Basilicata;PZ;F006;2,5;2;3,5;1,5;1;10,5
Nord Ovest;Lombardia;VA;F007;0;0;0;1;3;4
Nord Est;Veneto;TV;F009;0;3,5;6;8;16,5;34
Nord Ovest;Piemonte;VB;F010;0;2,5;2;2;4,5;11
Nord Est;Veneto;PD;F011;3;24;34,29;26;28,5;115,79
Nord Est;Veneto;TV;F012;4,56;28;21,5;16,86;24,8;95,72
Nord Est;Veneto;PD;F013;0;2;6;1;12,17;21,17
Nord Ovest;Piemonte;AL;F015;0;2;3;1;9,5;15,5
Nord Est;Emilia-Romagna;FE;F016;0;0;6;6;9;21
Nord Ovest;Lombardia;CO;F017;3;13,5;9,5;8,5;2,17;36,67
Nord Ovest;Liguria;GE;F020;0;8,5;12,17;2,5;6;29,17
Centro;Marche;AP;F021;0;0;0;0;0;0
Sud;Abruzzo;AQ;F022;8;3;2;3;5,67;21,67
Centro;Toscana;MS;F023;81,93;297,6;234,81;112,76;106,6;833,7
Centro;Umbria;PG;F024;6,66;8,17;6;6;14,22;41,05
Centro;Toscana;PT;F025;4;26;22,13;13;18,51;83,64
Sud;Puglia;TA;F027;18;49,64;94,67;89,62;41,27;293,2
Nord Ovest;Lombardia;LO;F028;2;32;17,25;8,58;8,5;68,33
Nord Est;Emilia-Romagna;RA;F029;7;73,5;51,5;23,5;32,17;187,67
Sud;Campania;NA;F030;6,5;29,11;19,77;16,92;13;85,3
Centro;Toscana;GR;F032;8,5;70;81,75;11,67;24,5;196,42
Nord Est;Veneto;PD;F033;5,17;21;18;19,5;25,5;89,17
Centro;Toscana;LU;F035;12,86;49;75,18;48,36;73,12;258,52
Nord Ovest;Piemonte;BI;F037;0;0;0;1;1;2
Nord Ovest;Piemonte;TO;F041;0,18;2;0,23;1;0;3,41
Nord Ovest;Piemonte;BI;F042;0;9,5;3;3;11;26,5
Sud;Campania;CE;F043;4;8;7;9;1,25;29,25
Centro;Marche;AP;F044;3,33;10,67;4;3,5;5;26,5
Nord Ovest;Liguria;SV;F046;0;1;0;0;0;1
Nord Ovest;Piemonte;NO;F047;7,5;12;4;7;9;39,5
Nord Ovest;Piemonte;VB;F048;1;0;0;0;0;1
Isole;Sardegna;OR;F050;0;0;1;3;5,67;9,67
Centro;Marche;MC;F051;4,5;20,08;23,85;42,59;16,5;107,52
Sud;Basilicata;MT;F052;26,5;156,25;189,97;151,84;75,17;599,73
Nord Ovest;Piemonte;TO;F053;1;8;10;9,5;8;36,5
Sud;Puglia;LE;F054;17,5;33;25,17;17,55;22,27;115,49
Sud;Molise;CB;F055;1;4;1;0;6;12
Nord Ovest;Piemonte;TO;F058;0;12,3;10;3;4;29,3
Sud;Puglia;FG;F059;12,83;21,63;13,25;13;4;64,71
Isole;Sicilia;TP;F061;15,67;62,3;85,08;96,69;148,36;408,1
Nord Ovest;Lombardia;BS;F063;3;44,39;42,66;25,4;36;151,45
Centro;Lazio;RM;F064;3;7;9;7,5;9;35,5
Isole;Sicilia;CL;F065;20,66;36,87;18,67;19,67;16,67;112,54
Isole;Sicilia;ME;F066;0;1;1,33;2,33;1;5,66
Nord Ovest;Piemonte;TO;F067;1;4;7;9;27;48
Nord Ovest;Lombardia;SO;F070;3,67;2;3;1;1;10,67
Isole;Sardegna;NU;F073;0;2;1;1;5;9
Nord Ovest;Piemonte;TO;F074;3;16;1;0;5;25
Nord Ovest;Lombardia;MI;F078;12,5;170,2;127,67;77,7;48,04;436,11
Nord Ovest;Lombardia;PV;F080;10;29;23;16,5;23,33;101,83
Nord Est;Emilia-Romagna;PR;F082;5;39;53,5;26,5;34,49;158,49
Nord Est;Emilia-Romagna;BO;F083;23,5;97,5;75,35;33,67;46,31;276,33
Nord Ovest;Lombardia;MI;F084;7,58;60,17;64,33;17,5;27,5;177,08
Nord Ovest;Lombardia;BG;F085;3;10;13;3;6,02;35,02
Nord Ovest;Lombardia;MN;F086;1;6;9,5;4,67;19,95;41,12
Nord Est;Emilia-Romagna;MO;F087;2;15,33;27,83;14,5;28,5;88,16
Nord Est;Veneto;TV;F088;0;4,33;12,83;4;10,9;32,06
Nord Est;Friuli- Venezia Giulia;PN;F089;0;2;3,17;4,33;6;15,5
Nord Est;Veneto;PD;F092;0,92;3,92;3,67;5,25;13;26,76
Nord Ovest;Piemonte;NO;F093;8;25;26,5;9;18;86,5
Nord Est;Veneto;RO;F095;0;0,17;3;3,22;21,33;27,72
Nord Ovest;Piemonte;AL;F096;1;3;4;2,33;13,83;24,16
Nord Est;Emilia-Romagna;FO;F097;2;33;37;15,6;27,5;115,1
Nord Ovest;Liguria;GE;F098;2;5;3;4;3,5;17,5
Nord Ovest;Lombardia;MI;F100;37,74;134,67;91,92;29,83;24;318,16
Sud;Puglia;LE;F101;27,04;107,21;39,33;30,47;26,07;230,12
Nord Ovest;Lombardia;LO;F102;0;2;0;2,29;2,79;7,08
Sud;Basilicata;PZ;F104;16,42;35,3;24;30,97;19;125,69
Sud;Calabria;RC;F105;1;0;0;0;0;1
Sud;Calabria;RC;F106;0;3;2,17;4,17;5;14,34
Isole;Sicilia;SR;F107;8;21,25;37,72;37;29,33;133,3
Sud;Calabria;KR;F108;10;9,33;12;9;3;43,33
Sud;Puglia;LE;F109;2;3;11,67;14,33;15,94;46,94
Sud;Campania;AV;F110;0;0;1;1;7,66;9,66
Sud;Campania;NA;F111;22;46,83;86;63;39,5;257,33
Sud;Calabria;RC;F112;1;12;15,63;12;12,5;53,13
Sud;Campania;BN;F113;5,67;1;1;0;8,5;16,17
Nord Ovest;Piemonte;CN;F114;1;9;3;2;1;16
Nord Ovest;Lombardia;SO;F115;0;2;0;0;0;2
Nord Est;Veneto;TV;F116;3;47;56,77;21,17;32,5;160,44
Sud;Puglia;LE;F117;2;3;4;4;5,5;18,5
Nord Ovest;Lombardia;MI;F119;49;154,45;90,5;42,92;20,38;357,25
Nord Ovest;Lombardia;CO;F120;3,5;20;17;13;12,94;66,44
Nord Ovest;Lombardia;PV;F122;2;2;2;1;4;11
Nord Ovest;Liguria;IM;F123;4,75;2;2;0;0;8,75
Sud;Calabria;CS;F125;3;6,6;14,5;10;30,1;64,2
Isole;Sicilia;AG;F126;11;12;20,95;22,5;34,46;100,91
Centro;Lazio;RM;F127;28;115,31;70,84;43,5;22,5;280,15
Nord Est;Veneto;VE;F130;0;23,5;18,66;6;24,83;72,99
Nord Ovest;Piemonte;AL;F131;0;0;0,17;0;1;1,17
Nord Ovest;Lombardia;LC;F133;17;56,32;74,72;40,33;42,58;230,95
Nord Ovest;Lombardia;VA;F134;1;3;6;2;3,44;15,44
Centro;Marche;PS;F135;1;0;3;2;6,75;12,75
Centro;Marche;PS;F136;1;3;0;2;1;7
Nord Est;Emilia-Romagna;RN;F137;6;17;22,33;15,5;14,06;74,89
Sud;Campania;SA;F138;21,5;29,5;41,15;43,54;37,77;173,46
Nord Est;Emilia-Romagna;FO;F139;3;13,5;25,5;24,5;22;88,5
Nord Ovest;Piemonte;TO;F140;2;2;4;2;10;20
Sud;Campania;AV;F141;5;13;33,83;24,75;21,5;98,08
Nord Est;Friuli- Venezia Giulia;UD;F144;2;1;3;1;14,1;21,1
Centro;Marche;AN;F145;0;1;1,5;3;1,5;7
Nord Ovest;Piemonte;VB;F146;0,5;7,5;7,58;4;13;32,58
Isole;Sicilia;ME;F147;0;4;5,5;4,86;4;18,36
Nord Est;Veneto;PD;F148;2;4;2,5;3;19,02;30,52
Nord Ovest;Lombardia;LO;F149;4;16;4,5;4;10;38,5
Nord Ovest;Lombardia;CO;F151;2;14,5;11;4;5,5;37
Sud;Puglia;BR;F152;19;47,14;80;72,92;61,78;280,84
Nord Ovest;Lombardia;SO;F153;3;2;1;1,33;5,33;12,66
Nord Ovest;Lombardia;VA;F154;0;7;19;12;9,89;47,89
Nord Ovest;Lombardia;MI;F155;3;25;17;6,75;8,2;59,95
Nord Est;Emilia-Romagna;FE;F156;4;10,67;21,25;20,67;16,67;73,26
Sud;Calabria;KR;F157;0;5;5;10;5,5;25,5
Isole;Sicilia;ME;F158;176;696,97;722,03;539,19;322,45;2456,64
Nord Est;Veneto;PD;F161;5;65;56,33;43,67;47,25;217,25
Sud;Campania;NA;F162;3,67;16,54;14,1;9,2;7,12;50,63
Nord Ovest;Lombardia;MI;F165;1;29,17;21,1;3,45;7;61,72
Nord Ovest;Piemonte;BI;F167;0;3;4;5;5;17
Nord Ovest;Lombardia;PV;F170;0;0;4;2,5;8;14,5
Nord Ovest;Lombardia;PV;F171;0;1;0;0;3;4
Nord Est;Veneto;VR;F172;0;2,5;5,5;1;13,5;22,5
Nord Ovest;Liguria;GE;F173;1;4;6;7;4,5;22,5
Nord Ovest;Lombardia;PV;F175;1;9,25;3,5;3;11,5;28,25
Nord Ovest;Piemonte;TO;F182;2;12,5;7;1;5,17;27,67
Isole;Sicilia;PA;F184;0;4,55;4;3,33;1,67;13,55
Nord Ovest;Lombardia;BG;F186;1;10,61;0;1;0,5;13,11
Nord Ovest;Piemonte;NO;F188;0;2;3,5;8,5;13;27
Nord Ovest;Piemonte;BI;F189;2;1,17;3,17;1;1;8,34
Nord Est;Veneto;TV;F190;1,75;9;5,5;5,5;11,75;33,5
Nord Ovest;Piemonte;NO;F191;5;5;6;4;10;30
Nord Ovest;Piemonte;VB;F192;2;5,5;4,5;1;2;15
Centro;Lazio;RI;F193;10,71;3,62;2;1;0;17,33
Sud;Puglia;LE;F194;3,5;4,67;5,57;4;4;21,74
Sud;Abruzzo;CH;F196;5;11;11;14,5;16,84;58,34
Sud;Calabria;CZ;F200;1;0;2;0,94;2;5,94
Sud;Basilicata;MT;F201;3,99;10;5,33;3;2;24,32
Nord Ovest;Liguria;GE;F202;4;15,5;13;7;11;50,5
Sud;Campania;CE;F203;0;0;8,33;2;11,41;21,74
Nord Ovest;Lombardia;MI;F205;5715,99;10638;5054,66;2006,38;1757,93;25172,96
Isole;Sicilia;ME;F206;30,51;91,05;61,85;95,58;67,86;346,85
Sud;Calabria;VV;F207;4,5;11;1,25;3;6,5;26,25
Isole;Sardegna;OR;F208;0;1;0;0,5;5;6,5
Isole;Sicilia;CT;F209;10,96;17,68;9;8,33;8;53,97
Isole;Sicilia;ME;F210;3;4;2;0,5;2;11,5
Nord Ovest;Liguria;SV;F213;3;16;12;7;8;46
Isole;Sicilia;CT;F214;5;3;3,27;1,44;6;18,71
Nord Ovest;Lombardia;BS;F216;0;0;8;5;8;21
Isole;Sicilia;CT;F217;5;21,75;16;11,83;13,25;67,83
Nord Est;Veneto;VR;F218;0;9;14;12;30,4;65,4
Nord Est;Emilia-Romagna;BO;F219;5;40,77;36,67;15;10,92;108,36
Sud;Puglia;BA;F220;23,97;29,23;6,26;15,77;13;88,23
Sud;Puglia;LE;F221;1;2;7;8,67;12,34;31,01
Sud;Campania;SA;F223;1;5;1;1;1,5;9,5
Centro;Lazio;LT;F224;39,8;113,25;82,96;28;46,09;310,1
Centro;Toscana;LU;F225;3;6;0,5;4;7,22;20,72
Nord Ovest;Liguria;SV;F226;1;4;2;6;1;14
Nord Est;Veneto;VE;F229;23,03;129,91;157,51;79,92;114,57;504,94
Sud;Campania;AV;F230;1;1,4;6,31;10;17;35,71
Isole;Sicilia;CT;F231;7;17;12,3;7;17,67;60,97
Nord Ovest;Piemonte;AL;F232;1;0;3,89;2;8,01;14,9
Sud;Molise;CB;F233;1;7;7;4;5;24
Nord Ovest;Lombardia;PV;F238;1;19;7;12,66;18,77;58,43
Sud;Molise;IS;F239;0;1;0;1;1;3
Nord Est;Emilia-Romagna;MO;F240;17;95,61;136,92;87;92,18;428,71
Nord Est;Veneto;VE;F241;13,5;72,54;89,01;66,83;92,06;333,94
Isole;Sicilia;ME;F242;0;2;2;0;0;4
Nord Ovest;Lombardia;BG;F243;5;13,5;12,83;5,5;12,67;49,5
Nord Est;Emilia-Romagna;RN;F244;27,01;109,17;59,67;14,37;22;232,22
Isole;Sicilia;PA;F246;26,5;41,89;64,5;53,03;50;235,92
Nord Ovest;Lombardia;MI;F247;1;33;25;19,33;14,5;92,83
Nord Ovest;Lombardia;LC;F248;12;46;34,75;15;22,59;130,34
Sud;Basilicata;PZ;F249;1;1;1;1;1,2;5,2
Isole;Sicilia;CT;F250;17,91;66,5;105,11;102,34;75,58;367,44
Isole;Sicilia;ME;F251;3,67;7;9,58;7,47;13,58;41,3
Nord Ovest;Piemonte;AT;F254;1;0;0;0;3;4
Nord Ovest;Liguria;GE;F256;8;10,5;19;3,5;3,5;44,5
Nord Est;Emilia-Romagna;MO;F257;197,91;691,52;888,37;446,73;371,6;2596,13
Isole;Sicilia;RG;F258;75,47;152,91;115,98;138,63;138,87;621,86
Nord Est;Emilia-Romagna;FO;F259;3;11;9,3;6;8;37,3
Nord Ovest;Lombardia;LO;F260;2;44,33;36;16,5;8,84;107,67
Isole;Sardegna;NU;F261;0;2;1;0;4;7
Sud;Puglia;BA;F262;16;106,5;140,86;85,17;52,5;401,03
Nord Ovest;Lombardia;LC;F265;13,87;44,22;11,49;1;0;70,58
Nord Est;Friuli- Venezia Giulia;UD;F266;0;6;5,33;7;11,08;29,41
Nord Ovest;Lombardia;MN;F267;0;14;18,5;12;27,25;71,75
Centro;Marche;MC;F268;0;3;6;12,17;9,67;30,84
Nord Est;Veneto;TV;F269;21;120,27;130,35;84,59;101,5;457,71
Isole;Sardegna;OR;F270;0;1;0;1;2;4
Isole;Sardegna;OR;F271;0,2;3;1;0;0,53;4,73
Isole;Sardegna;OR;F272;0;1,67;4;4,5;15,75;25,92
Sud;Campania;BN;F274;7;4;2;2;12;27
Nord Est;Friuli- Venezia Giulia;UD;F275;0;0;2;2;8,33;12,33
Nord Ovest;Lombardia;BG;F276;2;2;0;0,5;0;4,5
Isole;Sicilia;ME;F277;3;5;3;1;0;12
Sud;Campania;SA;F278;1;0;2;5;3;11
Nord Ovest;Piemonte;CN;F279;0;0,08;0;1,39;1;2,47
Sud;Puglia;BA;F280;20,8;67;87,86;63,08;46,83;285,57
Nord Ovest;Piemonte;AL;F281;5;5;9;3;8,33;30,33
Centro;Toscana;LU;F283;0;3;6,17;1;8;18,17
Sud;Puglia;BA;F284;89,51;223,38;201,7;126,74;45,25;686,58
Sud;Campania;BN;F287;0;0;1;1;0;2
Nord Est;Emilia-Romagna;BO;F288;12;82,89;69,23;38,67;43,83;246,62
Nord Ovest;Liguria;IM;F290;1;16;9;4;1;31
Nord Ovest;Piemonte;AL;F293;0;1;5,5;0,5;5,5;12,5
Sud;Molise;CB;F294;0;0;0;0;0;0
Sud;Basilicata;PZ;F295;0,67;8;2;4;4;18,67
Nord Ovest;Piemonte;VC;F297;1;3;2;0;0,78;6,78
Isole;Sicilia;AG;F299;25,33;61,81;41,25;58,62;16,5;203,51
Sud;Calabria;RC;F301;2;10;5;0;2;19
Nord Ovest;Lombardia;LC;F304;4;5,5;8,67;7;10;35,17
Nord Ovest;Lombardia;CO;F305;1;8;2,55;3;4,5;19,05
Nord Ovest;Piemonte;AT;F308;0;0;0;0;3,54;3,54
Nord Ovest;Piemonte;CN;F309;1;1;1;3;2;8
Centro;Marche;PS;F310;4,5;9;6,5;2;10;32
Nord Ovest;Piemonte;AT;F311;1;7;4;5;13,4;30,4
Nord Ovest;Piemonte;CN;F312;0;0;0;1;2;3
Nord Ovest;Piemonte;AL;F313;1;3;3;2;11;20
Nord Ovest;Piemonte;TO;F315;0;0;0;0;2;2
Nord Ovest;Piemonte;AT;F316;2;3;3;6,5;17,08;31,58
Nord Ovest;Piemonte;NO;F317;2,5;4;9,5;8,42;8,59;33,01
Nord Ovest;Piemonte;TO;F318;2;3;1;1;1;8
Centro;Lazio;RI;F319;3;5;2;1;2;13
Nord Ovest;Piemonte;AL;F320;1;1;1;1;2;6
Sud;Molise;CB;F322;0;0,84;0;0;0;0,84
Nord Ovest;Piemonte;AT;F323;1;1;3;0;6;11
Sud;Calabria;RC;F324;2;6,75;8;2;4;22,75
Nord Ovest;Piemonte;AT;F325;0;1;3;2;9;15
Nord Ovest;Piemonte;CN;F326;0;3;6;5;8;22
Nord Ovest;Piemonte;TO;F327;5;14,5;1;1;1;22,5
Nord Ovest;Lombardia;BG;F328;5;10,25;11,5;4;4,5;35,25
Nord Ovest;Piemonte;CN;F329;0;1;2;0;2,33;5,33
Nord Ovest;Piemonte;CN;F330;0;1;0;2,5;8;11,5
Nord Est;Veneto;TV;F332;0;20;12;9,67;13,17;54,84
Isole;Sardegna;CA;F333;1;6;10,2;4;14,7;35,9
Nord Ovest;Piemonte;TO;F335;43,17;377,53;284,01;87;136,66;928,37
Nord Ovest;Piemonte;AT;F336;0;13;11,5;2;13;39,5
Nord Ovest;Piemonte;AL;F337;0;0;0;0;3,75;3,75
Nord Ovest;Piemonte;CN;F338;0;0;2;2;5;9
Nord Est;Emilia-Romagna;PR;F340;5,5;12,5;8;0;9,5;35,5
Nord Ovest;Piemonte;VC;F342;0;1;1;1;11,44;14,44
Nord Ovest;Piemonte;AT;F343;1;1;1;3;8;14
Nord Est;Emilia-Romagna;RN;F346;0;3,92;2;5,17;7,67;18,76
Centro;Marche;PS;F347;0;8;7;6,75;21,5;43,25
Centro;Marche;PS;F348;27,33;86,66;58,17;33,5;34,33;239,99
Nord Ovest;Piemonte;CN;F351;21;95,73;107,75;63,67;71,92;360,07
Sud;Campania;CE;F352;16,95;89,06;99,89;75,47;75,23;356,6
Nord Ovest;Liguria;GE;F354;9;47,47;13,5;5;9;83,97
Nord Ovest;Piemonte;CN;F355;1;3;2;1;4;11
Nord Est;Emilia-Romagna;MO;F357;13;54,17;59,98;29;42,5;198,65
Nord Ovest;Piemonte;CN;F358;3;9;5,5;3;12,2;32,7
Isole;Sicilia;ME;F359;2;10;4;7;4,38;27,38
Nord Est;Veneto;TV;F360;1;2;2;0,33;6;11,33
Nord Ovest;Piemonte;AT;F361;2;1;0;1;2,5;6,5
Nord Est;Emilia-Romagna;BO;F363;6;45;24,08;11,33;15,33;101,74
Sud;Calabria;VV;F364;2;0;2;2;1;7
Nord Ovest;Piemonte;AL;F365;0;1;1,8;0;0;2,8
Nord Ovest;Valle d'Aosta;AO;F367;3;8;4,66;5;1,33;21,99
Isole;Sicilia;ME;F368;0;1;0;0;1;2
Nord Ovest;Piemonte;BI;F369;4;9,5;11,5;9;19,08;53,08
Sud;Calabria;CS;F370;0;0;2;1;1;4
Nord Ovest;Lombardia;CO;F372;1;5,5;13;8;8;35,5
Nord Ovest;Lombardia;BS;F373;6;27,64;16,34;3,11;18;71,09
Nord Ovest;Piemonte;AL;F374;0;0;2;2;4;8
Nord Ovest;Lombardia;BS;F375;4;4;2;0;3;13
Sud;Puglia;BA;F376;39,85;186,53;233,28;131,19;89,85;680,7
Isole;Sicilia;PA;F377;58,88;96,06;105,45;101,16;87,5;449,05
Centro;Marche;AP;F379;0;1;1;1;2;5
Centro;Marche;AP;F380;0;6;14;9,5;10;39,5
Centro;Marche;AN;F381;1;3;8,76;8;2;22,76
Nord Est;Veneto;PD;F382;7,5;47,83;68,21;37,5;55,61;216,65
Isole;Sardegna;CA;F383;6;57,83;43,56;28,05;41,1;176,54
Centro;Toscana;PT;F384;11;79,92;80,92;45,5;61,2;278,54
Nord Ovest;Piemonte;CN;F385;2;7;12;9;9;39
Nord Ovest;Piemonte;AT;F386;0;1;1;2;5;9
Nord Ovest;Piemonte;AL;F387;0;2;1,22;2;2;7,22
Nord Ovest;Piemonte;AT;F390;1;0;4;0;10,5;15,5
Sud;Molise;CB;F391;1;2;3,4;0,4;2;8,8
Nord Ovest;Lombardia;SO;F393;4;6;3,5;3;6,75;23,25
Nord Est;Veneto;PD;F394;5,22;36,67;27,67;21,5;46,05;137,11
Isole;Sicilia;ME;F395;0;1;0;2;1,5;4,5
Sud;Campania;AV;F397;1;2;0;0;0;3
Centro;Toscana;FI;F398;8;26,58;24,67;10;17,14;86,39
Sud;Basilicata;MT;F399;11;10;14,74;5;10;50,74
Isole;Sicilia;ME;F400;0;5,5;1;5;3,17;14,67
Centro;Marche;AN;F401;3,38;16,5;33;11,17;12,89;76,94
Nord Ovest;Piemonte;AL;F403;0;1;0;1;1;3
Nord Ovest;Piemonte;AL;F404;0;1,5;1;3;4;9,5
Nord Ovest;Piemonte;CN;F405;12;13;0;1;3;29
Nord Ovest;Piemonte;TO;F407;0;1;2;0;2;5
Nord Ovest;Piemonte;CN;F408;0;1;0;0;6;7
Nord Ovest;Piemonte;AT;F409;0;1;1;1;3;6
Centro;Toscana;PT;F410;3;18,5;30,9;26;25,5;103,9
Nord Ovest;Piemonte;TO;F411;0;2;4;2;9;17
Isole;Sicilia;AG;F414;1;9,67;3;3;4;20,67
Centro;Marche;AP;F415;0;1,5;4;1;6,5;13
Sud;Calabria;CS;F416;8,5;61,67;75,42;54;43;242,59
Nord Ovest;Lombardia;PV;F417;0;2;0;0;6;8
Centro;Lazio;VT;F419;29,75;78,56;40,83;24,5;12,5;186,14
Nord Ovest;Piemonte;TO;F420;0;10,17;10;5;11,5;36,67
Nord Ovest;Piemonte;TO;F422;3;13;13,5;7,89;20,83;58,22
Nord Ovest;Lombardia;LO;F423;0;14,5;14;4,5;5,66;38,66
Nord Ovest;Piemonte;CN;F424;0;1;0;4;2;7
Sud;Campania;SA;F426;0;0;3;1;2;6
Nord Ovest;Lombardia;CO;F427;11;23;20,5;13;5;72,5
Centro;Marche;AP;F428;0;0;0;1;2;3
Sud;Molise;IS;F429;1;0;2,5;3;6;12,5
Centro;Lazio;RI;F430;0;1;0;0;1;2
Sud;Calabria;CZ;F432;12;22,67;17;3,58;8;63,25
Sud;Abruzzo;CH;F433;0;0;0;2;1;3
Nord Ovest;Lombardia;CR;F434;1;5,33;7;9;9,5;31,83
Centro;Toscana;GR;F437;31,29;86,35;68,93;23,67;16,5;226,74
Nord Ovest;Lombardia;PV;F440;0;1;3,1;2,33;7;13,43
Sud;Abruzzo;PE;F441;3;0;4;2,94;2;11,94
Nord Est;Veneto;VI;F442;0;12;23;9,14;26,5;70,64
Nord Est;Veneto;TV;F443;22,5;79;51,93;53,19;104,76;311,38
Nord Ovest;Liguria;GE;F445;1;0,5;0;1;0;2,5
Centro;Lazio;RI;F446;1;8,83;2;1;6;18,83
Sud;Campania;AV;F448;4,75;7;7,75;2;5,67;27,17
Nord Ovest;Lombardia;PV;F449;0;0;3;1;7,5;11,5
Centro;Marche;PS;F450;2;11;5;9,17;6,17;33,34
Centro;Toscana;LU;F452;2;7,5;12;4,5;19,5;45,5
Centro;Marche;AN;F453;1;2;5;0;21;29
Centro;Marche;MC;F454;1,33;7;18,83;12,33;17,5;56,99
Nord Ovest;Piemonte;AL;F455;0;1;1;0;3;5
Centro;Umbria;PG;F456;0;0;2,67;3;10,5;16,17
Centro;Umbria;TR;F457;2;10,95;16;18;28,1;75,05
Centro;Toscana;PI;F458;4;13;16;4,83;8,6;46,43
Centro;Marche;MC;F460;0,5;2;1;1;0;4,5
Nord Est;Veneto;VR;F461;2;6,83;10,33;11,5;14,12;44,78
Centro;Umbria;TR;F462;2,67;9,5;5;0,5;17;34,67
Nord Est;Emilia-Romagna;RE;F463;2;29,5;34;24;31,97;121,47
Nord Est;Veneto;VI;F464;12;70,38;95,77;57,69;84,33;320,17
Nord Est;Veneto;VI;F465;2;10;9,33;5,5;21,89;48,72
Centro;Marche;PS;F467;1;4;1;0;0;6
Nord Ovest;Piemonte;AT;F468;0;0;3;3,5;4,5;11
Nord Ovest;Piemonte;AL;F469;0;4;2;1;2;9
Nord Ovest;Lombardia;BS;F471;19;114,33;99,17;69,33;90,55;392,38
Nord Est;Emilia-Romagna;PR;F473;8;44;47;17,83;29,27;146,1
Sud;Molise;CB;F475;3;4;4;1;5;17
Centro;Lazio;RM;F477;20,63;66,08;44,5;17,83;11,72;160,76
Nord Est;Emilia-Romagna;RN;F478;1;4;14;5,25;6;30,25
Sud;Campania;SA;F479;4;20,5;17,49;8;7;56,99
Sud;Campania;SA;F480;3;25;41,5;19;22,67;111,17
Sud;Campania;SA;F481;1;17,5;27,72;19,25;22,83;88,3
Centro;Marche;MC;F482;1;13;22,93;17,5;9,44;63,87
Nord Ovest;Piemonte;VB;F483;0;2,5;5,5;2;3;13
Nord Est;Emilia-Romagna;MO;F484;3,25;14,22;11,34;3,55;3;35,36
Nord Est;Veneto;VI;F486;0;8;3;2;13,83;26,83
Centro;Marche;AP;F487;0;0;0;1;1,5;2,5
Sud;Campania;NA;F488;7;9,17;13,33;7,66;3,77;40,93
Isole;Sicilia;CL;F489;2;3;2,5;3;0;10,5
Sud;Campania;AV;F491;0;0;10;7;8,91;25,91
Centro;Umbria;PG;F492;1;4;11,5;10;19,5;46
Centro;Marche;AP;F493;0;0;0;0;1;1
Sud;Campania;BN;F494;4,33;6;7;1;2;20,33
Sud;Molise;CB;F495;5;5;3,5;2;4;19,5
Centro;Marche;MC;F496;1;5;13,14;5;12,67;36,81
Centro;Marche;PS;F497;2;1;3,5;7,17;5,5;19,17
Sud;Abruzzo;CH;F498;0;0;0;1;0;1
Centro;Lazio;VT;F499;9;33,84;30,33;32;39,25;144,42
Sud;Abruzzo;TE;F500;1;2,5;3;5;3;14,5
Centro;Marche;AP;F501;1;1;6;4;10,5;22,5
Nord Est;Emilia-Romagna;RN;F502;1;10;7,5;6;6,2;30,7
Nord Est;Emilia-Romagna;MO;F503;1;10,57;7;6;17,44;42,01
Centro;Lazio;RM;F504;5;6,5;5,8;1;1;19,3
Sud;Campania;AV;F506;9;29,5;23,37;33,17;31,84;126,88
Sud;Campania;SA;F507;0;0;0;1;2;3
Nord Est;Veneto;VR;F508;3;19,01;28,93;19,97;32,65;103,56
Centro;Marche;AP;F509;2,5;1,67;4;4;4,92;17,09
Centro;Umbria;TR;F510;1;4;4,25;1;4,58;14,83
Sud;Campania;AV;F511;5;2,38;6;2,67;6,17;22,22
Sud;Campania;AV;F512;0,5;1;2,67;1;6,5;11,67
Centro;Umbria;TR;F513;0;4,66;5,25;4;6;19,91
Nord Est;Veneto;VI;F514;5;3,17;9;6;12,5;35,67
Nord Est;Veneto;VI;F515;0;0;2;2;7;11
Centro;Marche;AP;F516;0;2,46;2;0;2,13;6,59
Centro;Marche;AP;F517;0;4;0;0;2;6
Nord Ovest;Piemonte;AL;F518;0;1;0;2;4;7
Sud;Calabria;CS;F519;5;19;3;4;1;32
Centro;Marche;AP;F520;0;4,5;8,5;8;12,5;33,5
Centro;Marche;AP;F522;1;16;33,19;26,86;30,17;107,22
Nord Est;Emilia-Romagna;RN;F523;1;5;4;0;6,5;16,5
Centro;Marche;PS;F524;1;8;0;4,67;6;19,67
Nord Ovest;Lombardia;VA;F526;3;10;4,5;4;8;29,5
Nord Ovest;Piemonte;AT;F527;0;2;5,42;2,5;12,5;22,42
Nord Ovest;Liguria;IM;F528;1;0;0;0;1;2
Nord Est;Veneto;PD;F529;11,75;37;52;54,11;52,84;207,7
Sud;Puglia;TA;F531;0;8;11;8;11,86;38,86
Nord Ovest;Lombardia;BS;F532;8,19;11;6,03;2;4;31,22
Centro;Marche;PS;F533;2;20,5;17,5;19;20;79
Centro;Lazio;RM;F534;4,75;12,75;1;0;2,33;20,83
Sud;Abruzzo;CH;F535;0;0;0;0;0;0
Centro;Marche;AP;F536;0;0;0;0;3;3
Sud;Calabria;VV;F537;23;74,17;70,75;67,42;70,42;305,76
Sud;Puglia;FG;F538;2;2;1;0;2;7
Centro;Umbria;PG;F540;0;4;0;3,5;1,17;8,67
Centro;Lazio;RI;F541;5;2,5;7;2;3;19,5
Isole;Sardegna;SS;F542;0;1;1;0;1;3
Centro;Umbria;TR;F543;3;5;9;4;13;34
Isole;Sicilia;PA;F544;4;5;12,83;11;8,58;41,41
Centro;Lazio;RM;F545;5,89;9;10;7;14;45,89
Sud;Campania;AV;F546;2;11,33;19,13;17,67;18,13;68,26
Nord Ovest;Lombardia;BG;F547;4;12,5;18,5;5;4,33;44,33
Sud;Molise;CB;F548;1;0;0;0;1;2
Centro;Marche;AP;F549;0;1;16;1;1;19
Nord Ovest;Piemonte;CN;F550;0;0;0;0;4,5;4,5
Centro;Toscana;FI;F551;8,01;41,5;48,42;36,13;39,49;173,55
Centro;Marche;MC;F552;2;9,33;11,5;5,5;7,17;35,5
Isole;Sicilia;PA;F553;0;6;7;3;5;21
Nord Ovest;Piemonte;AT;F556;1;1;4;4;18,5;28,5
Sud;Campania;BN;F557;0,5;0;1;1;5;7,5
Nord Ovest;Piemonte;CN;F558;2;1;1;1;0;5
Sud;Campania;AV;F559;5;6;8;6;6,66;31,66
Centro;Marche;AN;F560;17,92;58,14;46,25;26,66;20,85;169,82
Nord Ovest;Lombardia;LC;F561;1;6;4;2;1;14
Nord Ovest;Piemonte;AL;F562;0;0;2;0;3;5
Sud;Puglia;TA;F563;2,22;2;5,62;4;2,18;16,02
Nord Ovest;Lombardia;CO;F564;0;3;3;0;0;6
Centro;Toscana;AR;F565;1,5;9,01;4;3;3,5;21,01
Sud;Campania;AV;F566;2;3;3,33;7;9,5;24,83
Centro;Marche;MC;F567;0;10;15,19;13,84;17,33;56,36
Sud;Basilicata;PZ;F568;3,5;7,5;4,5;4,5;3;23
Sud;Molise;CB;F569;0;2;0;1;0;3
Centro;Marche;AP;F570;1;4;0,67;2;1;8,67
Centro;Toscana;PO;F572;4,22;44,16;63;46,25;47,5;205,13
Sud;Basilicata;PZ;F573;3;3;5;1,05;2;14,05
Nord Est;Friuli- Venezia Giulia;UD;F574;2;2;4,5;4,67;3,5;16,67
Sud;Molise;CB;F576;4;30;24;12;17;87
Sud;Abruzzo;CH;F578;0;0;0;0;2;2
Centro;Lazio;RI;F579;0,94;0,94;1;0;0;2,88
Sud;Molise;IS;F580;0,33;2,33;4,34;2,5;1;10,5
Centro;Marche;AN;F581;1,75;2,5;8;0;9;21,25
Sud;Abruzzo;CH;F582;2;7,82;3;5,5;6;24,32
Sud;Abruzzo;TE;F585;16,83;135,34;83,91;80,17;47;363,25
Sud;Calabria;CZ;F586;5,83;22,5;32;23,8;17;101,13
Sud;Puglia;TA;F587;0;3;5,67;1;9,33;19
Centro;Marche;PS;F589;1;11;14,95;10,66;8,4;46,01
Centro;Lazio;RM;F590;4;29,5;24,5;17,67;15,45;91,12
Centro;Marche;AP;F591;4;19,75;35,25;28,4;20,21;107,61
Centro;Toscana;SI;F592;9,67;34,61;47,07;35,83;50,65;177,83
Centro;Toscana;AR;F594;2;2;3;4;8,5;19,5
Sud;Abruzzo;AQ;F595;10;9,5;4,5;5,5;6,89;36,39
Nord Est;Friuli- Venezia Giulia;PN;F596;0;2;8;4;33,87;47,87
Nord Est;Emilia-Romagna;BO;F597;4;31,5;24,5;14,5;26,3;100,8
Centro;Toscana;SI;F598;12;32;37,5;19,88;17,99;119,37
Centro;Marche;AP;F599;0;0;0;0;1;1
Centro;Marche;AN;F600;1;5;13,5;5,67;10,92;36,09
Sud;Molise;IS;F601;0;2;1,61;0;1,5;5,11
Centro;Lazio;VT;F603;4;5;6;5,25;5;25,25
Sud;Puglia;LE;F604;9;22,92;17;23,5;36;108,42
Centro;Toscana;SI;F605;7;26,34;31,78;20,5;18,5;104,12
Centro;Lazio;VT;F606;6;10;12;16;25;69
Sud;Calabria;VV;F607;1;3;0;1;0;5
Nord Ovest;Piemonte;CN;F608;11;18,6;4,71;0;4,25;38,56
Nord Ovest;Liguria;SP;F609;11,33;15,5;1;0;1;28,83
Isole;Sicilia;RG;F610;1;5,67;4;1,5;5;17,17
Centro;Lazio;RM;F611;54,83;213,78;141,31;77,88;33,5;521,3
Centro;Toscana;GR;F612;6;4;6;4;6,5;26,5
Centro;Marche;AP;F614;0;1;2,33;1;9,5;13,83
Centro;Lazio;LT;F616;8;10;5;8;5;36
Sud;Campania;SA;F618;1;0,5;1,34;1;0;3,84
Centro;Lazio;RI;F619;0;1;2;0,85;1;4,85
Centro;Lazio;FR;F620;6,75;11,25;9,67;9,25;30,58;67,5
Centro;Marche;MC;F621;4;9,33;24,5;20,72;16,54;75,09
Centro;Marche;MC;F622;1;0;3;1;3,43;8,43
Sud;Puglia;LE;F623;0;1;0;1;1;3
Sud;Campania;SA;F625;2;8;8,25;5;9;32,25
Centro;Marche;AP;F626;0;1;1,67;3;1;6,67
Nord Est;Emilia-Romagna;BO;F627;4,5;48;31,83;26,12;48,34;158,79
Centro;Toscana;AR;F628;2;19;19,5;15;37,83;93,33
Centro;Umbria;PG;F629;2;0;1;3;11,44;17,44
Sud;Puglia;FG;F631;55,32;50,66;28,7;15,34;15,25;165,27
Centro;Marche;MC;F632;12,25;77,73;58,33;32,15;32,74;213,2
Centro;Marche;AN;F634;1;12;12,5;10,5;13;49
Sud;Campania;BN;F636;8,43;25,34;32,13;27,08;31,44;124,42
Sud;Basilicata;MT;F637;6;29;11;13;6;65
Nord Ovest;Lombardia;PV;F638;1;1;0;0;3;5
Nord Ovest;Piemonte;VB;F639;4;8;2;2;0;16
Centro;Toscana;PI;F640;7;20;9;4;6;46
Nord Est;Emilia-Romagna;MO;F642;6;20,5;7,93;17,67;12,91;65,01
Nord Ovest;Lombardia;PV;F644;0;1;0;0;2;3
Sud;Abruzzo;PE;F646;98,67;293,66;230,5;121,92;93,08;837,83
Centro;Toscana;FI;F648;7,5;41,33;50,35;35;54,73;188,91
Nord Ovest;Piemonte;TO;F651;0;2;1;2,33;6;11,33
Centro;Marche;AP;F653;1,77;8;11,5;21,92;14,27;57,46
Nord Ovest;Piemonte;CN;F654;0;1;3,67;6;13,33;24
Isole;Sicilia;AG;F655;3;2;5;5;10;25
Centro;Toscana;AR;F656;12,17;104,78;84,13;64,58;49,39;315,05
Nord Ovest;Lombardia;LC;F657;2;5;8;8;4,83;27,83
Sud;Campania;AV;F660;2;3,58;0;2;1;8,58
Centro;Toscana;PI;F661;3;16;9,5;2;2;32,5
Nord Est;Veneto;VI;F662;2;6;8;11;14,12;41,12
Centro;Marche;AP;F664;0;0;4;0;1;5
Centro;Marche;AP;F665;1;2;1;1;0;5
Nord Ovest;Piemonte;CN;F666;0;0;1;1;3;5
Isole;Sardegna;SS;F667;5;7;17;3,33;9,33;41,66
Nord Est;Emilia-Romagna;FO;F668;0;8,67;1,5;0,5;4;14,67
Nord Ovest;Piemonte;CN;F669;0;2;1;2;10;15
Nord Ovest;Lombardia;PV;F670;0;4;1;6;4;15
Nord Est;Emilia-Romagna;PC;F671;6;18;17,17;12;37,25;90,42
Nord Ovest;Lombardia;BS;F672;1;11;9;6,5;13,4;40,9
Nord Ovest;Lombardia;LC;F674;2;20;18,5;6,5;14,17;61,17
Nord Est;Veneto;VI;F675;6,5;14,46;22;17;29,5;89,46
Centro;Toscana;SI;F676;5;5;7,5;3,67;10;31,17
Centro;Toscana;GR;F677;4,5;11,67;14,5;5;5;40,67
Centro;Toscana;MS;F679;19,33;50,45;28,5;18,89;33,58;150,75
Nord Ovest;Lombardia;BS;F680;5;28,75;23,16;9,92;20,5;87,33
Nord Ovest;Lombardia;CR;F681;0;9;5,25;4,33;6;24,58
Nord Ovest;Liguria;GE;F682;2;19,5;11;10,8;12,21;55,51
Centro;Umbria;PG;F685;0;3;1;5;12,83;21,83
Centro;Toscana;PI;F686;4;41,5;26;27,83;34,39;133,72
Centro;Lazio;RI;F687;10;19;12;5,83;11,5;58,33
Nord Ovest;Lombardia;CO;F688;1;7,79;6,5;2;12,5;29,79
Sud;Molise;CB;F689;3;3;0;0;3,5;9,5
Sud;Abruzzo;TE;F690;1;6;12,5;11;9;39,5
Centro;Lazio;RM;F692;2;6;5;3;2;18
Nord Est;Veneto;VI;F696;0;3,5;2;6,75;7,67;19,92
Centro;Marche;AP;F697;0;1;1;2;4;8
Isole;Sardegna;NU;F698;1;0;1;0;2,16;4,16
Nord Ovest;Lombardia;PV;F701;0;10;5;7;16,5;38,5
Nord Ovest;Lombardia;VA;F703;1;12;2;5,67;6,5;27,17
Nord Ovest;Lombardia;MI;F704;197,26;795,5;631,63;282,79;227,32;2134,5
Nord Ovest;Lombardia;MN;F705;0;13,5;20;7,5;19;60
Nord Est;Emilia-Romagna;BO;F706;8,89;48,66;37,89;11,5;25,33;132,27
Nord Ovest;Piemonte;AL;F707;1;3;5,5;7;7;23,5
Sud;Calabria;CS;F708;4;2,58;6;1;9,5;23,08
Nord Ovest;Lombardia;VA;F711;3;7,94;10,5;9;15;45,44
Nord Ovest;Lombardia;SO;F712;16,04;61,5;40,73;23;13;154,27
Nord Ovest;Piemonte;AL;F713;0;4;5;1;2;12
Nord Est;Emilia-Romagna;RN;F715;3;25,39;28,5;11,5;12,5;80,89
Sud;Puglia;LE;F716;7,5;9,17;6,5;10;11;44,17
Sud;Campania;BN;F717;5;4;1,75;4;7,77;22,52
Nord Est;Emilia-Romagna;BO;F718;1;15;10;12;16,93;54,93
Nord Ovest;Lombardia;BG;F720;0;2;5;6;5;18
Isole;Sardegna;SS;F721;0;2;2;5;6;15
Centro;Marche;AP;F722;0;1;0;2;3;6
Nord Ovest;Piemonte;CN;F723;2;6;16,67;2,5;16;43,17
Nord Est;Emilia-Romagna;PC;F724;1;1;3;8,38;12,94;26,32
Nord Est;Veneto;TV;F725;0;9;8;3,83;22,67;43,5
Nord Ovest;Valle d'Aosta;AO;F726;24,5;35,83;12,67;4;1;78
Isole;Sardegna;OR;F727;0;0;0;0;0;0
Nord Est;Veneto;TV;F729;0;5;1;4;15,5;25,5
Centro;Lazio;RM;F730;2;11;2;2;9;26
Sud;Campania;SA;F731;1;1,92;2;0;0;4,92
Sud;Abruzzo;AQ;F732;2;5;5;3;4,5;19,5
Nord Ovest;Piemonte;TO;F733;1;0;0;2;3,5;6,5
Centro;Lazio;RM;F734;11,5;31;29,33;27;22,66;121,49
Sud;Calabria;CS;F735;2;6;4,33;4;3;19,33
Nord Ovest;Lombardia;VA;F736;2;7;7;5,83;12;33,83
Nord Ovest;Piemonte;AL;F737;2;3,67;6;3;2,93;17,6
Nord Ovest;Lombardia;BG;F738;1;10;10;3;15,25;39,25
Nord Ovest;Lombardia;PV;F739;0;2;2;2;4;10
Centro;Lazio;FR;F740;5;2,33;3;3;12;25,33
Nord Ovest;Piemonte;CN;F743;1;0;4,67;10;3,67;19,34
Sud;Campania;AV;F744;1;0;1;4;1;7
Centro;Marche;AN;F745;2;2;7,5;2,92;5,5;19,92
Centro;Lazio;RI;F746;1;2;0;0,67;0,61;4,28
Sud;Abruzzo;TE;F747;0;3,5;5;10;10;28,5
Sud;Molise;CB;F748;2;2;2;0,5;0;6,5
Centro;Marche;MC;F749;7;7,83;15,5;21,5;32;83,83
Nord Est;Friuli- Venezia Giulia;PN;F750;0;3;1;4;21,5;29,5
Nord Ovest;Piemonte;AL;F751;0;2;4;1;5,5;12,5
Nord Ovest;Lombardia;PV;F754;21;119,58;67,67;53,25;33,76;295,26
Nord Est;Friuli- Venezia Giulia;UD;F756;6;18,11;18;10;32,86;84,97
Nord Ovest;Lombardia;LC;F758;4;5;0;0;0;9
Nord Est;Friuli- Venezia Giulia;UD;F760;0;1,5;0;1;15,5;18
Nord Ovest;Lombardia;CR;F761;0;3;0;0;2;5
Sud;Campania;AV;F762;1;1;5;2;5;14
Sud;Abruzzo;TE;F764;4;15,5;15;16;26,17;76,67
Sud;Abruzzo;PE;F765;3;1;4;8;9;25
Nord Est;Veneto;TV;F770;7;30;32,5;20;29,56;119,06
Nord Ovest;Lombardia;CR;F771;0;0;0;1;6,8;7,8
Isole;Sicilia;ME;F772;2;2,75;0;4,23;0;8,98
Isole;Sicilia;ME;F773;0;3;3;6;3;15
Nord Ovest;Piemonte;VC;F774;0;2;3;1;9,67;15,67
Sud;Calabria;CS;F775;0;3,32;5;1,33;2;11,65
Nord Ovest;Piemonte;BI;F776;0;1;0,5;0;7;8,5
Sud;Puglia;FG;F777;3;1;0;0;0;4
Sud;Calabria;RC;F779;6;7;8,5;9;3;33,5
Sud;Calabria;CZ;F780;0,5;1;1;0;0;2,5
Isole;Sicilia;CT;F781;17,17;26,3;37;24;22,89;127,36
Nord Ovest;Lombardia;MI;F783;17;68,39;42,79;14;32,3;174,48
Sud;Puglia;TA;F784;18,78;29,5;39,67;19,15;20,29;127,39
Sud;Abruzzo;CH;F785;1;4;1;8;6,5;20,5
Nord Ovest;Lombardia;BG;F786;2;10;15;10,5;14;51,5
Nord Ovest;Lombardia;CO;F788;7;57;41,5;25,5;23,47;154,47
Nord Est;Veneto;VR;F789;3;40,5;29;16;12;100,5
Nord Ovest;Lombardia;BG;F791;3;21,84;31,34;11,84;23,75;91,77
Centro;Marche;MC;F793;0;0;0;0;2;2
Nord Ovest;Lombardia;MI;F797;21,55;132,32;86,49;24,92;21,5;286,78
Sud;Campania;AV;F798;3;8;16,5;6,5;7,67;41,67
Sud;Campania;NA;F799;12,5;81,33;127,08;46,5;29,33;296,74
Nord Ovest;Lombardia;LO;F801;4,5;47,17;23,17;10,25;9;94,09
Centro;Toscana;MS;F802;7;3;15,17;12;11,83;49
Nord Ovest;Lombardia;BS;F806;0;1;0;1;0;2
Isole;Sardegna;CA;F808;22,61;53,01;26,53;13,34;19,33;134,82
Nord Ovest;Piemonte;CN;F809;2;8,5;4;1;13;28,5
Nord Est;Veneto;VI;F810;0;0;1;0;3,5;4,5
Nord Ovest;Piemonte;CN;F811;0;0;2;1,5;5;8,5
Nord Ovest;Liguria;SV;F813;1;1;0;4;6;12
Nord Ovest;Piemonte;AL;F814;0;1;2;1;19,5;23,5
Centro;Toscana;SI;F815;8;25,5;8;8,5;11;61
Sud;Puglia;LE;F816;4;12;8;6,67;8,75;39,42
Sud;Basilicata;PZ;F817;3;17;7;7;3;37
Isole;Sardegna;SS;F818;0;0;0;1;3;4
Nord Ovest;Lombardia;BS;F820;0;18,08;13,5;9,5;12;53,08
Isole;Sardegna;CA;F822;0;1;2;0;2;5
Nord Est;Veneto;VE;F826;3;54,5;21,17;23;31;132,67
Nord Ovest;Lombardia;CO;F828;1;7;3,5;1;0;12,5
Nord Est;Veneto;VI;F829;2,21;13;11;11;34;71,21
Isole;Sicilia;CL;F830;45,98;63,81;25,5;35,5;48,66;219,45
Sud;Abruzzo;TE;F831;23;75;51;26;14;189
Nord Est;Friuli- Venezia Giulia;UD;F832;0;0;2;7;23,34;32,34
Nord Ovest;Piemonte;BI;F833;0;0;0;0;3,5;3,5
Nord Est;Veneto;VI;F838;2;18;4;3;11,5;38,5
Sud;Campania;NA;F839;1308,96;2348,21;2150,44;1304,49;918,77;8030,87
Isole;Sardegna;OR;F840;1;5;3;4,17;6;19,17
Isole;Sardegna;CA;F841;0;2;2,6;6,95;4,2;15,75
Sud;Puglia;LE;F842;50,92;144,41;113,79;101,87;72,06;483,05
Sud;Calabria;VV;F843;0;1;0;2;0;3
Centro;Umbria;TR;F844;7,67;47,56;54,13;30,5;54,06;193,92
Isole;Sicilia;AG;F845;30;33;11;20,5;22;116,5
Nord Ovest;Piemonte;CN;F846;1;8;15;11,5;20,94;56,44
Nord Ovest;Liguria;SV;F847;2;0;0;0;1;3
Isole;Sicilia;ME;F848;7;11;12;8;3;41
Nord Ovest;Lombardia;BS;F851;3;32;37,33;15,39;20,67;108,39
Sud;Abruzzo;AQ;F852;0;0;1;0,83;4;5,83
Centro;Lazio;RM;F857;1;5,5;2;1;5;14,5
Nord Ovest;Liguria;GE;F858;5;8;13,5;6,5;4;37
Nord Ovest;Piemonte;NO;F859;4,5;23,07;5;3;8,67;44,24
Nord Est;Veneto;VR;F861;16;37;45;35,34;61,47;194,81
Nord Ovest;Liguria;GE;F862;0;5;4;4;5;18
Nord Ovest;Piemonte;CN;F863;7;8;9;6,5;16;46,5
Nord Ovest;Lombardia;BG;F864;6;44;51,92;33,72;20,47;156,11
Centro;Lazio;RM;F865;2;8;4,5;2,14;6,36;23
Sud;Basilicata;PZ;F866;0;0;1;1,86;1;3,86
Isole;Sardegna;OR;F867;0;0;1;1;1;3
Centro;Lazio;VT;F868;13;29;21,53;21,5;37,78;122,81
Sud;Abruzzo;TE;F870;0;7;17,5;12;18,67;55,17
Centro;Lazio;RM;F871;3,5;3;5;4,89;6,25;22,64
Nord Est;Veneto;TV;F872;2;10;17;7,17;23,61;59,78
Nord Ovest;Lombardia;MI;F874;14;73,81;99,51;34,17;34,33;255,82
Centro;Lazio;RI;F876;0;2,77;2;0,33;0,77;5,87
Nord Ovest;Lombardia;CO;F877;2;14;10,5;3;3,5;33
Nord Ovest;Piemonte;BI;F878;1;1,34;6;1;6;15,34
Centro;Lazio;RM;F880;81,17;285,39;142,14;78,45;70,8;657,95
Sud;Puglia;LE;F881;3;4;10,5;8,5;6;32
Nord Est;Emilia-Romagna;PR;F882;2;6;13,5;14;19,67;55,17
Nord Ovest;Piemonte;CN;F883;0;0;1;0;5;6
Nord Ovest;Lombardia;BS;F884;1;5;6;2;6,5;20,5
Nord Ovest;Piemonte;NO;F886;0;2,5;5;1;4,5;13
Nord Ovest;Lombardia;LC;F887;0;12,5;27;9,5;5;54
Nord Ovest;Piemonte;TO;F889;14;352,07;183,12;48;28;625,19
Isole;Sicilia;CT;F890;1;15;23;26,67;19;84,67
Nord Ovest;Lombardia;PV;F891;0;1;1;1;3;6
Isole;Sicilia;EN;F892;3;18;28,28;26,08;21,83;97,19
Sud;Calabria;VV;F893;11,4;17,17;23;11,9;8,78;72,25
Nord Ovest;Piemonte;CN;F894;1;1;1;0;3;6
Nord Ovest;Piemonte;CN;F895;0;2;0;5;6,5;13,5
Nord Est;Friuli- Venezia Giulia;UD;F898;0;3;4;6;18,94;31,94
Isole;Sicilia;CL;F899;32,79;53,83;47,89;32;48,71;215,22
Isole;Sicilia;EN;F900;3;6;2;6;5,04;22,04
Isole;Sicilia;ME;F901;4;19,42;5;10;4;42,42
Nord Ovest;Piemonte;AT;F902;3,34;45,43;35,17;20,5;41,57;146,01
Nord Est;Veneto;VE;F904;9;38;50;37,5;48,64;183,14
Nord Ovest;Piemonte;TO;F906;0;5;2;2;0;9
Sud;Calabria;CS;F907;2;1,33;0;0,33;0;3,66
Sud;Abruzzo;PE;F908;3;1;5;2,64;5,64;17,28
Sud;Calabria;CZ;F910;51,33;36,11;8,6;8,22;7;111,26
Centro;Umbria;PG;F911;2;17,17;21,75;13;23,54;77,46
Sud;Campania;SA;F912;56,83;79,09;84,62;86,51;94,81;401,86
Sud;Campania;SA;F913;14,56;30,5;49;49,11;45,89;189,06
Nord Est;Emilia-Romagna;PR;F914;10;38,17;61,61;41,67;30,42;181,87
Sud;Puglia;BA;F915;27,75;34,67;42,69;51,59;39,34;196,04
Sud;Puglia;LE;F916;1;4;2;1,33;5;13,33
Sud;Basilicata;PZ;F917;3;1;0;0;0;4
Nord Est;Veneto;VR;F918;1;14;27;20,5;40,87;103,37
Nord Est;Veneto;VR;F921;0;16;11,5;6;4;37,5
Nord Est;Veneto;VI;F922;1;1;2;2,35;2;8,35
Sud;Puglia;BA;F923;19;61;44,25;37,52;43;204,77
Sud;Campania;NA;F924;14;34;68,98;50,84;93,23;261,05
Nord Ovest;Piemonte;TO;F925;2;17,5;22,5;9;12,03;63,03
Nord Ovest;Liguria;SV;F926;5;39,67;15,5;5,93;6;72,1
Nord Ovest;Piemonte;TO;F927;0;2;3;1;0;6
Nord Est;Emilia-Romagna;MO;F930;7;84,5;75;45,77;35,46;247,73
Nord Ovest;Piemonte;TO;F931;0;29;29,5;13,01;18,5;90,01
Nord Ovest;Piemonte;VB;F932;0,75;3;3,5;5;5;17,25
Isole;Sardegna;NU;F933;1;0;1;0;1;3
Isole;Sardegna;OR;F934;1;1;1;1;3;7
Centro;Umbria;PG;F935;5,5;18;17;14,67;15,1;70,27
Centro;Lazio;LT;F937;11,6;18,5;8,5;3;4;45,6
Nord Ovest;Lombardia;MI;F939;0;1;4,5;2;1,33;8,83
Nord Ovest;Lombardia;BG;F941;4;15;15;7;3,5;44,5
Sud;Abruzzo;TE;F942;1;6;13,66;12;10;42,66
Isole;Sicilia;SR;F943;41,34;112,5;96,17;76,75;68,34;395,1
Nord Ovest;Lombardia;MI;F944;18,5;134,08;86,17;35,39;19,84;293,98
Nord Ovest;Piemonte;TO;F948;1;3;2;3;0;9
Isole;Sicilia;ME;F951;0;0,17;4,17;1,5;1,25;7,09
Nord Ovest;Piemonte;NO;F952;125,73;588,22;519,91;264,53;211,1;1709,49
Nord Ovest;Lombardia;MI;F955;20;118,07;56,9;22,41;15,5;232,88
Nord Ovest;Lombardia;SO;F956;4,33;14;10,83;9;4;42,16
Nord Est;Veneto;VI;F957;2;3;6;7;13;31
Nord Ovest;Lombardia;CO;F958;0,5;4;13,5;2;4;24
Nord Est;Emilia-Romagna;RE;F960;3;40;56,66;25,84;48,58;174,08
Nord Ovest;Piemonte;CN;F961;0;3;4;1;7,5;15,5
Nord Est;Veneto;PD;F962;4;60;53;34,33;28,68;180,01
Nord Est;Veneto;VE;F963;1;23,5;22,77;11,22;21;79,49
Nord Est;Veneto;VI;F964;1,6;22;22;22;48;115,6
Nord Ovest;Piemonte;AL;F965;10;112,83;163,33;69,5;49,5;405,16
Nord Est;Emilia-Romagna;MO;F966;1,5;27;41;25,25;46,83;141,58
Sud;Campania;SA;F967;0;2;4;1;3,23;10,23
Nord Ovest;Lombardia;MI;F968;0;23,5;20;16;17,5;77
Sud;Puglia;LE;F970;5;7;18,17;8,5;16,25;54,92
Nord Ovest;Piemonte;CN;F972;1;5;0;1;0;7
Isole;Sardegna;OR;F974;0;0;0;1;1;2
Isole;Sardegna;SS;F975;1;0;0;3;2;6
Isole;Sardegna;SS;F976;0;1;0;0;3,8;4,8
Isole;Sardegna;SS;F977;0;3;3;2;10,17;18,17
Centro;Marche;AN;F978;25,9;114,42;32,92;7;5,73;185,97
Isole;Sardegna;NU;F979;5,08;61,68;81,18;58,54;61,9;268,38
Isole;Sardegna;OR;F980;1;1;4;4,67;8,94;19,61
Isole;Sardegna;NU;F981;2;0;0;1;0,86;3,86
Isole;Sardegna;NU;F982;0;0;2;0;2,44;4,44
Isole;Sardegna;CA;F983;4;1;6,67;0;16,8;28,47
Isole;Sardegna;OR;F985;0,75;0;0;0;0,75;1,5
Isole;Sardegna;NU;F986;0;1;2;1;4;8
Nord Ovest;Valle d'Aosta;AO;F987;4;18;3,5;1,33;6;32,83
Sud;Campania;AV;F988;1;4,92;3;4,68;6,3;19,9
Nord Ovest;Lombardia;BS;F989;1;10;8,67;7;16,5;43,17
Nord Ovest;Lombardia;BS;F990;1,75;19,25;13,25;6,5;20,83;61,58
Isole;Sardegna;CA;F991;0;2;0;0,2;6,6;8,8
Nord Ovest;Piemonte;BI;F992;1;15,67;17,5;6,67;18,17;59,01
Nord Ovest;Piemonte;BI;F993;3;9;14;4;13;43
Nord Est;Veneto;RO;F994;8;60,5;57,5;34;29,67;189,67
Nord Ovest;Piemonte;AL;F995;0;0;1,33;2;6,33;9,66
Sud;Abruzzo;AQ;F996;1;2,5;0;0,17;2,25;5,92
Nord Ovest;Piemonte;AL;F997;0;1;1;1;6,5;9,5
Nord Ovest;Piemonte;AL;F998;0;1;0;1;5;7
Nord Est;Veneto;TV;F999;4;49;65;41,84;62,63;222,47
Nord Ovest;Lombardia;BS;G001;0;3;9,5;3;10;25,5
Sud;Abruzzo;AQ;G002;0,5;4;1,14;1;2;8,64
Centro;Marche;AN;G003;0;7;14,5;10,22;5,72;37,44
Nord Ovest;Lombardia;CR;G004;5,36;17,75;24,53;14,86;24,33;86,83
Centro;Marche;AP;G005;0;4;7;10;8,02;29,02
Nord Ovest;Lombardia;BS;G006;0;22,5;12,44;6,67;23,31;64,92
Nord Ovest;Piemonte;VB;G007;4,5;10,5;3;10,5;12;40,5
Nord Ovest;Lombardia;VA;G008;3;22;20;14,2;15,5;74,7
Nord Ovest;Lombardia;LC;G009;6;31,17;37;23,17;24,33;121,67
Nord Ovest;Piemonte;TO;G010;0;1;3;3;4;11
Sud;Campania;SA;G011;0,7;6;7,5;1;3,2;18,4
Nord Ovest;Valle d'Aosta;AO;G012;0;0;0;0;0;0
Isole;Sardegna;SS;G015;270,44;468,27;206,18;142,15;151,55;1238,59
Nord Ovest;Piemonte;VC;G016;0;2;2;1;0;5
Nord Ovest;Piemonte;VC;G018;0;0;1;1;0;2
Nord Ovest;Piemonte;NO;G019;7,5;38;83;45,75;62,67;236,92
Nord Ovest;Piemonte;NO;G020;2;5;8;5;3,33;23,33
Nord Ovest;Lombardia;PV;G021;0;4;5,5;1;3,5;14
Centro;Lazio;RM;G022;8;14;21,5;10,5;6,58;60,58
Sud;Campania;SA;G023;4,89;7,5;6,5;5,5;6,67;31,06
Nord Ovest;Lombardia;CO;G025;6;50,67;40,96;24,15;26,5;148,28
Nord Ovest;Lombardia;LC;G026;3;16;20,5;13;13,4;65,9
Nord Ovest;Lombardia;VA;G028;10,33;51,33;80,83;50,5;51,09;244,08
Nord Ovest;Lombardia;LC;G030;14;18,57;34,7;4,2;7,83;79,3
Isole;Sardegna;NU;G031;2;0;2,75;4,92;8,5;18,17
Nord Ovest;Lombardia;PV;G032;0;0;0;0;2;2
Sud;Calabria;CZ;G034;1;2;1,5;1;1;6,5
Isole;Sicilia;ME;G036;11,34;15,82;8;3,68;6;44,84
Sud;Basilicata;MT;G037;0;0;0;0;0;0
Sud;Campania;SA;G039;0;5;2;5;4;16
Nord Ovest;Lombardia;LC;G040;4;8;6,5;1;6;25,5
Nord Ovest;Liguria;IM;G041;1;0,5;2;1;0;4,5
Nord Ovest;Piemonte;AL;G042;0;0;0;0;1;1
Isole;Sardegna;OR;G043;0;0;2;3,33;3;8,33
Isole;Sardegna;NU;G044;1;0;0;3;3;7
Nord Ovest;Valle d'Aosta;AO;G045;0;1;0;0,5;1;2,5
Isole;Sardegna;SS;G046;3;25,78;17,75;8,23;10,5;65,26
Nord Ovest;Lombardia;CR;G047;0;1;3;3;5;12
Nord Ovest;Piemonte;AT;G048;0;0;0;1;1;2
Nord Ovest;Lombardia;BG;G049;1;3,89;2,5;0;1;8,39
Nord Ovest;Lombardia;BG;G050;27;25,51;14,5;1;6,03;74,04
Nord Ovest;Lombardia;BG;G054;2;3,1;0,2;0;0;5,3
Nord Ovest;Lombardia;CO;G056;3,5;19,5;19;2;5,17;49,17
Isole;Sardegna;NU;G058;0;0;0;0,83;2;2,83
Nord Ovest;Lombardia;BS;G061;2;6;8,5;6,5;13;36
Nord Ovest;Piemonte;VB;G062;6,79;65,41;69,32;26,25;33,3;201,07
Sud;Campania;SA;G063;0;2;3;2;1;8
Isole;Sardegna;NU;G064;0;0;1;0;0;1
Centro;Lazio;VT;G065;1,67;4;1,67;1;2;10,34
Nord Ovest;Piemonte;CN;G066;1;3;1,53;0;0;5,53
Nord Ovest;Lombardia;BG;G068;24,5;14;3;1;0;42,5
Isole;Sardegna;NU;G070;0;0;1;1;3;5
Isole;Sardegna;NU;G071;0;0;0;1;0,95;1,95
Nord Ovest;Lombardia;BS;G074;1;1;3;0;1,5;6,5
Nord Ovest;Lombardia;BG;G075;13,5;43,07;12,05;1;2,55;72,17
Nord Ovest;Liguria;SV;G076;0;1;1;2;0;4
Nord Ovest;Lombardia;MI;G078;31;106,5;75,4;41,01;17;270,91
Sud;Abruzzo;AQ;G079;2,5;6;4;3;0;15,5
Nord Est;Veneto;VR;G080;3;13,75;33,3;15,5;36;101,55
Sud;Basilicata;PZ;G081;2;8;6;1;2;19
Sud;Calabria;RC;G082;5,67;10;5,17;3,5;2;26,34
Isole;Sardegna;NU;G084;0;1;1;1;4,53;7,53
Sud;Molise;CB;G086;0;3,75;4;1;3,5;12,25
Nord Ovest;Piemonte;TO;G087;19;119,45;91,54;35,25;20;285,24
Centro;Toscana;GR;G088;24,44;99,09;90,32;20,34;31,33;265,52
Centro;Toscana;PI;G090;3;5;0;6,5;4;18,5
Nord Ovest;Liguria;GE;G093;0;0;2;1,83;3,17;7
Nord Est;Veneto;VI;G095;4;3,5;4;4;17,66;33,16
Nord Ovest;Lombardia;LO;G096;0;6;10;2;4;22
Isole;Sardegna;NU;G097;0,43;1;0;2;5,43;8,86
Sud;Puglia;BR;G098;14;38,92;30;20,5;22,22;125,64
Sud;Abruzzo;AQ;G102;0;2;4;2;1;9
Nord Ovest;Lombardia;VA;G103;9;62,5;39,5;16,5;22;149,5
Nord Ovest;Lombardia;VA;G105;0;2;3,95;1;6;12,95
Nord Ovest;Lombardia;LO;G107;1;13;16,5;1,5;11;43
Nord Ovest;Lombardia;BG;G108;1;9;7;1;2;20
Nord Ovest;Piemonte;TO;G109;0;2;0;1;5;8
Sud;Calabria;CS;G110;1;4;3;0;1;9
Centro;Lazio;VT;G111;6,5;13,33;8,33;7,33;15,86;51,35
Isole;Sardegna;OR;G113;23;100,5;78,9;57,86;77,71;337,97
Nord Ovest;Piemonte;CN;G114;10;24;13;8;9;64
Nord Est;Veneto;TV;G115;1;5;17;6;14;43
Nord Ovest;Lombardia;MI;G116;7;36,67;37,33;19;9,5;109,5
Nord Ovest;Piemonte;VB;G117;3;11;9,33;8,5;9,5;41,33
Nord Ovest;Lombardia;BG;G118;0;3,94;0,5;0;1;5,44
Isole;Sardegna;NU;G119;6;33,51;13,92;10;9,61;73,04
Isole;Sardegna;NU;G120;0;0;3;0;3;6
Sud;Campania;SA;G121;0;2,5;2,5;1;3,33;9,33
Isole;Sardegna;NU;G122;2;1;0;2,13;6,39;11,52
Nord Est;Veneto;TV;G123;1;6;10,5;5,5;19,42;42,42
Nord Ovest;Piemonte;AL;G124;0;0;0;0;5;5
Sud;Puglia;FG;G125;2;13;7,5;1;0;23,5
Nord Ovest;Lombardia;CO;G126;0;10,33;15;6,33;8,28;39,94
Sud;Abruzzo;CH;G128;1;4,33;10;5,5;10;30,83
Sud;Calabria;CS;G129;5;2;1;0;0;8
Sud;Campania;CE;G130;16,25;21,25;122,44;35,96;13,71;209,61
Sud;Puglia;FG;G131;14;30,78;35,92;41;13;134,7
Isole;Sardegna;CA;G133;1;1;0;0;1;3
Nord Ovest;Piemonte;NO;G134;1;6;6;3,5;6,17;22,67
Centro;Lazio;VT;G135;14;51,5;45,5;37,5;17;165,5
Sud;Puglia;LE;G136;1;4;6;3,75;10,05;24,8
Centro;Marche;AP;G137;0;0;1;2,17;4,5;7,67
Centro;Toscana;AR;G139;1;4;2,14;3;2;12,14
Sud;Abruzzo;CH;G141;14,6;71,78;90,67;45,5;59,4;281,95
Sud;Abruzzo;AQ;G142;2;6;4;4,5;3,67;20,17
Nord Ovest;Liguria;SP;G143;11;29,5;23;13;15;91,5
Nord Ovest;Liguria;SV;G144;7;6;11;6;4;34
Sud;Abruzzo;AQ;G145;3;6;3;2;8;22
Isole;Sardegna;NU;G146;1;1;1;0;4,58;7,58
Isole;Sardegna;NU;G147;0;3;0,5;0;2,5;6
Centro;Umbria;TR;G148;18,5;56;69,67;54;54,06;252,23
Nord Ovest;Lombardia;BS;G149;6;34;31,04;38;36,5;145,54
Nord Ovest;Lombardia;BS;G150;2;5;3;4,55;9;23,55
Nord Ovest;Piemonte;TO;G151;2;0,5;1,5;0;4,67;8,67
Nord Ovest;Piemonte;TO;G152;0;1;3;0;6,25;10,25
Isole;Sardegna;SS;G153;0;3;3;4;4;14
Isole;Sardegna;NU;G154;0;0;0;0;0;0
Nord Ovest;Liguria;SV;G155;3;5;5;0,33;3;16,33
Isole;Sardegna;SS;G156;3;4;4;2;3,17;16,17
Centro;Marche;AN;G157;11;80,67;104,39;93,34;77,25;366,65
Isole;Sardegna;NU;G158;0;3;2;0;1;6
Nord Ovest;Lombardia;BG;G159;4;30,5;26,38;11;5,55;77,43
Nord Ovest;Lombardia;BG;G160;13,5;48,03;68,15;20,67;26,73;177,08
Nord Ovest;Lombardia;LC;G161;3;30,17;24,17;4,5;9;70,84
Nord Est;Friuli- Venezia Giulia;UD;G163;0;1;7;5;18,84;31,84
Nord Ovest;Liguria;IM;G164;48;65,53;29,5;11;16;170,03
Sud;Campania;AV;G165;1;9;7,4;2;2;21,4
Nord Ovest;Lombardia;LO;G166;0;6,17;4;6,5;6;22,67
Nord Est;Veneto;PD;G167;3,96;18;24;14,16;29,03;89,15
Nord Est;Veneto;BL;G169;1;1;0,33;1;2;5,33
Nord Ovest;Lombardia;BS;G170;9;53,17;62,33;34,5;38,03;197,03
Nord Ovest;Lombardia;LO;G171;1;3;4,5;6;2;16,5
Isole;Sardegna;SS;G178;1;8;6;6,83;12,84;34,67
Nord Ovest;Lombardia;BS;G179;3;33;4;4,5;6;50,5
Nord Ovest;Lombardia;MI;G181;6,96;26,99;22,5;9;11,95;77,4
Nord Ovest;Piemonte;CN;G183;3;3;3;1;1;11
Nord Est;Emilia-Romagna;FE;G184;2,5;17,5;28;18;22,83;88,83
Nord Ovest;Lombardia;CR;G185;0;8;8;9,5;17,17;42,67
Nord Ovest;Lombardia;MN;G186;2;24;32;18,5;39,5;116
Sud;Puglia;BR;G187;153,13;198,7;183,46;117,56;78,4;731,25
Sud;Puglia;LE;G188;8,53;32,58;27,77;6,69;5;80,57
Centro;Umbria;TR;G189;0;4;6;2,22;5,22;17,44
Sud;Campania;NA;G190;8,75;26;20;22,88;24,5;102,13
Isole;Sardegna;NU;G191;0;0;0;0;5,28;5,28
Sud;Campania;SA;G192;0;1;0;0;0;1
Nord Ovest;Piemonte;AL;G193;0;6;0;3,44;17;26,44
Nord Ovest;Lombardia;PV;G194;1;3;4;6,5;6;20,5
Nord Est;Emilia-Romagna;PC;G195;4,17;4;0,66;3,5;0;12,33
Nord Ovest;Piemonte;TO;G196;37,55;83,5;29,67;8,83;8;167,55
Nord Ovest;Piemonte;AL;G197;6;41;66,64;30,53;27,17;171,34
Nord Est;Friuli- Venezia Giulia;UD;G198;1;3,87;1;4;11;20,87
Nord Ovest;Piemonte;AL;G199;1;2;2;3;9;17
Sud;Abruzzo;AQ;G200;23,85;62,5;19,16;6;5;116,51
Isole;Sardegna;NU;G201;2;2;0;0,89;1;5,89
Nord Ovest;Piemonte;TO;G202;1;2;2,93;2,5;4;12,43
Isole;Sardegna;SS;G203;1;13;11;11,86;14,5;51,36
Nord Ovest;Piemonte;AL;G204;0;4;1,5;4;8;17,5
Nord Est;Emilia-Romagna;BO;G205;11;99,77;94,67;52,67;19,5;277,61
Nord Ovest;Lombardia;MI;G206;1;4;11;2;3;21
Isole;Sardegna;CA;G207;0;2;3;1,86;4;10,86
Isole;Sicilia;TP;G208;7;18,06;17,83;23;31,18;97,07
Isole;Sicilia;ME;G209;2;2;12,67;10,41;19,75;46,83
Sud;Abruzzo;AQ;G210;5;4,5;5;6,5;3,58;24,58
Isole;Sicilia;SR;G211;56,63;75,58;48,28;38,25;33,72;252,46
Centro;Umbria;PG;G212;0;2;3;1;0;6
Nord Ovest;Lombardia;BS;G213;12,67;37,17;20,1;18,5;35,85;124,29
Nord Ovest;Piemonte;AL;G215;0;0;0;0;3;3
Nord Ovest;Lombardia;BS;G217;4;7;11,17;6,5;6;34,67
Nord Ovest;Lombardia;LC;G218;5;25;18,5;3,5;9;61
Nord Ovest;Lombardia;MI;G220;59,67;294,92;235,41;89,85;48,72;728,57
Nord Ovest;Lombardia;CR;G222;0;1;2;1,17;11,17;15,34
Nord Ovest;Lombardia;LC;G223;7;42;35,17;14;17,51;115,68
Nord Est;Veneto;PD;G224;308,27;667,92;1112,75;702,93;669,24;3461,11
Isole;Sardegna;SS;G225;0,75;1;2,29;8,25;5;17,29
Sud;Campania;SA;G226;3;4,5;8;6,5;7,17;29,17
Sud;Campania;BN;G227;5;5,96;4,29;3,96;14,67;33,88
Nord Ovest;Piemonte;CN;G228;12,25;30,67;14,26;9,5;5;71,68
Nord Est;Veneto;TV;G229;11,13;69;56,67;41,06;60,25;238,11
Sud;Campania;SA;G230;38,8;42,77;66,43;86,34;47,43;281,77
Centro;Lazio;RI;G232;1;3;1;2;0;7
Nord Ovest;Lombardia;BG;G233;0;4;12,5;5;7,34;28,84
Isole;Sicilia;ME;G234;2;2;1,5;0,5;2;8
Sud;Abruzzo;CH;G237;0;6;6;8;4;24
Nord Est;Friuli- Venezia Giulia;UD;G238;0,17;11;7,5;7,5;29,5;55,67
Nord Ovest;Piemonte;CN;G240;0;2;1,33;2;7,17;12,5
Nord Ovest;Lombardia;LC;G241;1;1;1;0;0;3
Sud;Campania;AV;G242;2;0,6;1,6;1;4;9,2
Sud;Campania;BN;G243;0;0;0,75;4;3;7,75
Nord Ovest;Lombardia;BS;G247;1;2;0;0;0;3
Nord Ovest;Lombardia;BS;G248;0;9;8;6;5;28
Nord Ovest;Lombardia;BG;G249;0;14;14;7,25;10,5;45,75
Nord Est;Emilia-Romagna;MO;G250;2;9,16;8,5;13,33;12;44,99
Sud;Puglia;TA;G251;7,22;13;13,75;12,5;12,53;59
Sud;Puglia;TA;G252;16,25;41,7;45,25;40,97;12,17;156,34
Isole;Sicilia;CT;G253;6,83;19,06;8;7,72;17,1;58,71
Centro;Toscana;PI;G254;7,23;13,5;21,25;6,5;15;63,48
Nord Est;Emilia-Romagna;PR;G255;0;6;7,38;5,56;8;26,94
Sud;Molise;CB;G257;0,89;3;5;2;2;12,89
Isole;Sardegna;SS;G258;27,57;70,82;34;13;17,23;162,62
Nord Ovest;Lombardia;BG;G259;3;29,5;17;7,25;9;65,75
Nord Ovest;Lombardia;CR;G260;1;14,5;16;14,8;8,09;54,39
Sud;Basilicata;PZ;G261;10;4;7,67;1;4,44;27,11
Nord Ovest;Piemonte;TO;G262;0;1;0;1;9;11
Isole;Sicilia;PA;G263;3;7;5;4;3,8;22,8
Nord Ovest;Lombardia;BS;G264;26;64,61;74,28;54,67;57,25;276,81
Nord Ovest;Piemonte;VC;G266;1;1;1;3;9;15
Isole;Sicilia;SR;G267;11,58;22,68;28,97;24;20,57;107,8
Nord Est;Friuli- Venezia Giulia;UD;G268;2;9;8;10;20,67;49,67
Centro;Toscana;FI;G270;4;4;5;1;3;17
Sud;Abruzzo;CH;G271;5,5;15,5;2;4,67;1;28,67
Sud;Calabria;CZ;G272;0;0;0;1;1;2
Isole;Sicilia;PA;G273;747,14;1670,39;1890,75;1628,14;1203,99;7140,41
Centro;Lazio;RM;G274;29;74,92;57,47;21,5;37,39;220,28
Nord Ovest;Lombardia;PV;G275;0;4;3;3;14,33;24,33
Centro;Lazio;FR;G276;7,66;20,33;20,26;14,17;11,9;74,32
Sud;Calabria;RC;G277;6;9,5;7;1;2,5;26
Sud;Calabria;KR;G278;0;0;0;0;1;1
Nord Ovest;Piemonte;VB;G280;1;1;1;2;2;7
Nord Ovest;Liguria;SV;G281;0;0;6;5,67;8;19,67
Isole;Sicilia;AG;G282;23,71;43,97;45;39,2;49,77;201,65
Sud;Campania;NA;G283;12;13;18;26,72;21,44;91,16
Nord Est;Friuli- Venezia Giulia;UD;G284;1;10;21,9;14,5;15;62,4
Sud;Puglia;LE;G285;1;4;2;1;2;10
Isole;Sardegna;OR;G286;1;1;1;2;3,75;8,75
Isole;Sardegna;CA;G287;5;7;3,5;4,42;17,43;37,35
Sud;Calabria;RC;G288;9,67;23,59;38,75;30,67;17,5;120,18
Centro;Marche;AP;G289;0;0;0;0;1,33;1,33
Sud;Abruzzo;CH;G290;1;7,5;8,5;1;4;22
Sud;Puglia;BA;G291;20,5;37,05;51,8;53,58;41,97;204,9
Sud;Campania;SA;G292;0;0;0;0;1;1
Centro;Lazio;RM;G293;28;55,08;35,58;26,33;26,27;171,26
Sud;Abruzzo;CH;G294;0;1;2;6;12;21
Nord Ovest;Lombardia;BG;G295;0;9;21,67;13;18,17;61,84
Nord Est;Veneto;VR;G297;1;2;5,67;1;5,67;15,34
Sud;Calabria;CS;G298;0;1;1;4;2;8
Nord Est;Friuli- Venezia Giulia;UD;G300;2;5;5;6,33;10,5;28,83
Nord Ovest;Piemonte;CN;G302;8,83;7,17;1;2;3,33;22,33
Nord Ovest;Piemonte;TO;G303;0;2;2;2;5,11;11,11
Nord Ovest;Lombardia;PV;G304;0;0;0,33;0;1;1,33
Nord Ovest;Lombardia;CR;G306;10;37,67;44,75;25;17,92;135,34
Sud;Calabria;CS;G307;1;1;0;0;0;2
Centro;Umbria;PG;G308;2,1;8,33;14;12,5;32,5;69,43
Sud;Campania;NA;G309;9;40,8;75,02;45,55;56,75;227,12
Sud;Campania;BN;G311;1;3;4;4;4,5;16,5
Sud;Puglia;FG;G312;4;10,43;2;1;2,67;20,1
Isole;Sicilia;TP;G315;6;33,59;14,85;11,42;15,83;81,69
Nord Ovest;Lombardia;MI;G316;5;29,78;26,5;14,5;10,75;86,53
Sud;Calabria;CS;G317;13;42,9;25,72;23,5;34,26;139,38
Sud;Campania;BN;G318;4;2;5;3;4,75;18,75
Isole;Sicilia;TP;G319;4,3;24,55;36,34;27,71;47,5;140,4
Sud;Calabria;CS;G320;0;3;3;0;1;7
Nord Est;Veneto;RO;G323;0,5;4;4,67;5;7,5;21,67
Nord Ovest;Lombardia;MI;G324;44;170,88;141,34;59,01;70,64;485,87
Sud;Puglia;LE;G325;11;27,59;34,63;23,84;27,23;124,29
Nord Ovest;Lombardia;BS;G327;3,17;25,63;20,53;10;8;67,33
Nord Ovest;Piemonte;TO;G330;0;0;0;2;1;3
Sud;Calabria;CS;G331;0;0;1;1;1,07;3,07
Sud;Campania;CE;G333;2,73;13,2;28,36;34,86;45;124,15
Nord Ovest;Piemonte;AL;G334;0;0;3;3;2;8
Sud;Calabria;VV;G335;8,5;8;4;1;0,33;21,83
Nord Ovest;Lombardia;LC;G336;0;0;0,5;0,67;0;1,17
Nord Est;Emilia-Romagna;PR;G337;332,96;1048,28;958,85;413,97;324,1;3078,16
Nord Ovest;Piemonte;AL;G338;0;0;0;1;3;4
Nord Ovest;Piemonte;CN;G339;0;0;1;0;3;4
Sud;Campania;AV;G340;1;2;0;3;1,83;7,83
Nord Ovest;Lombardia;PV;G342;0;18;4;4,5;7;33,5
Centro;Umbria;TR;G344;0;1;0;4;6;11
Nord Ovest;Lombardia;BG;G346;10,17;23,17;5,84;6,63;5;50,81
Isole;Sicilia;TP;G347;1;8;20,5;22,25;27,63;79,38
Isole;Sicilia;PA;G348;27,75;48,45;53,92;47,83;65,9;243,85
Nord Ovest;Piemonte;NO;G349;0;8;3;3,25;11,5;25,75
Nord Ovest;Lombardia;BG;G350;7;20,67;4,5;2;4,33;38,5
Nord Est;Friuli- Venezia Giulia;UD;G352;5;41;37;23;39,67;145,67
Nord Est;Friuli- Venezia Giulia;PN;G353;5;18;11,75;16;42,56;93,31
Nord Ovest;Lombardia;BS;G354;2;2;1,5;0;0;5,5
Nord Ovest;Piemonte;AT;G358;0;1;3;2,67;3,17;9,84
Centro;Umbria;PG;G359;5;23,5;19,58;23;24,33;95,41
Nord Ovest;Lombardia;BS;G361;1;21;20;13,97;13,33;69,3
Centro;Lazio;FR;G362;0;3;2;1;4;10
Sud;Campania;CE;G364;2;6;9;3,78;10,89;31,67
Nord Est;Veneto;VR;G365;4;7;3,5;11;10;35,5
Nord Ovest;Piemonte;AL;G367;0;1;5;2;8,5;16,5
Nord Ovest;Lombardia;LC;G368;4;22,5;6,5;3;8,5;44,5
Sud;Campania;AV;G370;1;2,67;3,67;2;4;13,34
Isole;Sicilia;CT;G371;28,33;58,53;74,58;78,83;62,93;303,2
Sud;Calabria;CS;G372;0;0;3;2;3,5;8,5
Centro;Lazio;FR;G374;1;5;4;3,5;7;20,5
Isole;Sardegna;SS;G376;1;5;3,5;1;11,03;21,53
Isole;Sicilia;ME;G377;14;24,83;16,75;35,02;20,83;111,43
Sud;Puglia;LE;G378;5;11;4;8,67;4;32,67
Isole;Sardegna;OR;G379;0;1;0;0,5;1;2,5
Nord Est;Friuli- Venezia Giulia;UD;G381;1;2;2;1;13,5;19,5
Isole;Sardegna;CA;G382;0;0,17;4;1;2;7,17
Isole;Sardegna;CA;G383;0;0;1;2;4;7
Isole;Sardegna;OR;G384;5;1;0;3,5;9,5;19
Nord Ovest;Lombardia;MI;G385;15;80;79,9;20,17;15,11;210,18
Sud;Campania;BN;G386;0;1;0;1;3;5
Nord Ovest;Piemonte;TO;G387;0;2;2,5;3;10;17,5
Nord Ovest;Lombardia;PV;G388;165,29;558,71;329,72;143,36;102,2;1299,28
Nord Est;Friuli- Venezia Giulia;UD;G389;1;7,5;8;8;26;50,5
Nord Ovest;Lombardia;BS;G391;0;6;8;2;13,42;29,42
Nord Ovest;Piemonte;TO;G392;1;5;4;11,17;14,5;35,67
Nord Est;Emilia-Romagna;MO;G393;18,65;68,72;58,43;53,77;39,58;239,15
Sud;Calabria;RC;G394;3;1;0,25;0;0;4,25
Centro;Toscana;PI;G395;5;22,5;24,37;3,94;22,05;77,86
Nord Ovest;Piemonte;AL;G397;1;5;2;2;7,5;17,5
Nord Ovest;Piemonte;TO;G398;2;11;12;10,34;20;55,34
Isole;Sicilia;CT;G402;4;29,75;41,26;32,56;47,5;155,07
Centro;Marche;AP;G403;8;25,33;13,33;6,67;2,5;55,83
Nord Est;Veneto;BL;G404;3,67;7;14,22;12;18,04;54,93
Nord Ovest;Lombardia;BS;G407;2;18;13;8,71;18,05;59,76
Nord Est;Veneto;TV;G408;2,75;16;15,16;10;31,79;75,7
Nord Ovest;Lombardia;SO;G410;0;1;1;0;0;2
Sud;Calabria;CS;G411;0;1,5;0;0;3;4,5
Nord Ovest;Lombardia;BG;G412;2;21;20,5;9,39;23,5;76,39
Nord Ovest;Lombardia;CO;G415;0;1;0;1;0,5;2,5
Centro;Marche;PS;G416;0;0;1;1;2,5;4,5
Nord Ovest;Lombardia;MN;G417;0;13,5;22;13,75;40;89,25
Nord Ovest;Lombardia;BG;G418;0;5;3;1;5,5;14,5
Centro;Toscana;FI;G420;3;40;33;19,11;16;111,11
Nord Ovest;Piemonte;NO;G421;1;5,5;7;1,5;3;18
Nord Est;Emilia-Romagna;PR;G424;1,5;2;5;2;6,5;17
Sud;Campania;SA;G426;3;8;35,25;34,5;23,67;104,42
Nord Ovest;Piemonte;AT;G430;1;1;1;0,5;5;8,5
Nord Ovest;Lombardia;SO;G431;3;0;4;0;4;11
Centro;Umbria;TR;G432;2;9,17;2;3;3,5;19,67
Nord Est;Emilia-Romagna;RN;G433;2;9,83;11;16;10,75;49,58
Sud;Abruzzo;CH;G434;2;1,5;0;1;1;5,5
Sud;Abruzzo;CH;G435;2;4;4;2;4;16
Centro;Marche;MC;G436;3;3;2;0;8,67;16,67
Sud;Abruzzo;TE;G437;1;2;2;3;1;9
Sud;Abruzzo;PE;G438;6,5;13,5;25,67;19,17;32,11;96,95
Sud;Calabria;CZ;G439;0;2;1;1;3;7
Sud;Abruzzo;CH;G441;0;0;1;0;4;5
Nord Est;Veneto;BL;G442;3;4;2;0;1;10
Centro;Lazio;RM;G444;2;0;0;0;0;2
Isole;Sardegna;NU;G445;1;0,83;2;6;8;17,83
Isole;Sardegna;CA;G446;0;1;3;2,5;4;10,5
Sud;Campania;SA;G447;1,5;7;7;5,67;4;25,17
Sud;Abruzzo;AQ;G449;1;5;2;0;1;9
Isole;Sardegna;SS;G450;2,5;6;5,5;3;4,5;21,5
Centro;Marche;PS;G453;2;8,5;7,5;13,25;27,75;59
Nord Ovest;Liguria;IM;G454;12;15;7;4;7;45
Sud;Campania;SA;G455;1;2;0;1,59;0,25;4,84
Nord Ovest;Lombardia;LC;G456;7;14;5;1;8;35
Nord Ovest;Piemonte;CN;G457;0;0;2;0;1;3
Nord Ovest;Piemonte;CN;G458;0;0;0;0;1;1
Nord Ovest;Valle d'Aosta;AO;G459;3;1;0;1;0;5
Nord Est;Veneto;PD;G461;4;10;13;6,5;22,86;56,36
Nord Ovest;Piemonte;TO;G462;0;0;0;1;3;4
Nord Ovest;Piemonte;TO;G463;11;45,5;15,38;11,5;9,5;92,88
Nord Ovest;Piemonte;TO;G465;7;15;5,5;3;4;34,5
Nord Est;Emilia-Romagna;BO;G467;32;100,5;145,16;78,52;75,74;431,92
Nord Ovest;Lombardia;CR;G469;4;9;4;10;14,75;41,75
Nord Ovest;Piemonte;VC;G471;0;0,51;2,51;1;4,18;8,2
Nord Ovest;Lombardia;BS;G474;1;7;3,5;3;1;15,5
Nord Ovest;Lombardia;BS;G475;0,33;0;2;2;1,67;6
Sud;Campania;SA;G476;1;2;0;0;1;4
Nord Ovest;Piemonte;TO;G477;3;1;3;8;5;20
Centro;Umbria;PG;G478;240,15;654,27;661,2;428,43;398,24;2382,29
Centro;Marche;PS;G479;80,03;365,1;286,04;242,51;205,44;1179,12
Centro;Toscana;LU;G480;3,5;10;8,5;9,5;20;51,5
Nord Est;Veneto;VR;G481;8,29;49;60,73;40;46,94;204,96
Sud;Abruzzo;PE;G482;68,53;411,53;503,93;378,12;237,7;1599,81
Nord Ovest;Lombardia;CR;G483;0;0;2;1;12,5;15,5
Sud;Abruzzo;AQ;G484;31,09;33,63;8;1,8;0,58;75,1
Nord Ovest;Lombardia;LC;G485;0;7,5;8;7;1;23,5
Sud;Molise;IS;G486;0;2;1;1;5,83;9,83
Sud;Puglia;FG;G487;65,15;18,3;13;3;2,75;102,2
Nord Ovest;Lombardia;MI;G488;37,1;142,67;141,91;53,5;44,55;419,73
Nord Est;Veneto;VR;G489;25,5;98,4;60,84;24,11;29,75;238,6
Centro;Toscana;PT;G491;9,5;86,34;88,4;49,95;72,75;306,94
Sud;Abruzzo;AQ;G492;5;9,25;4,33;3;8;29,58
Sud;Abruzzo;AQ;G493;15;30,33;14;3;2,67;65
Sud;Campania;BN;G494;2;2;4;0;8,5;16,5
Sud;Molise;IS;G495;1;3;3;1;2;10
Sud;Basilicata;PZ;G496;4;2;3,5;0;2,06;11,56
Sud;Molise;IS;G497;2,22;2,11;1;0;0;5,33
Centro;Lazio;RI;G498;7,67;9,64;9,25;4;6,68;37,24
Sud;Abruzzo;PE;G499;1;1;3;1;0;6
Centro;Lazio;FR;G500;1,5;2;2;3;3;11,5
Nord Ovest;Lombardia;MI;G502;4;56,5;41,67;9;15,17;126,34
Nord Ovest;Lombardia;CR;G504;0;0;1;2;6;9
Nord Ovest;Piemonte;TO;G505;5;15;4;4;6,5;34,5
Sud;Molise;CB;G506;2;26,5;12,25;6,33;8;55,08
Centro;Lazio;RI;G507;3;2;1;0;0;6
Sud;Calabria;KR;G508;4;11;9;8;10;42
Sud;Campania;SA;G509;0;0;0;0;1;1
Isole;Sicilia;PA;G510;6,08;6,41;3,66;5,5;4,2;25,85
Isole;Sicilia;PA;G511;5;5,5;12,25;7;9,75;39,5
Sud;Molise;CB;G512;0;0;1;2,67;2,67;6,34
Centro;Lazio;RI;G513;7,67;7,5;3;4;0;22,17
Centro;Marche;PS;G514;2;8;6,09;5;10;31,09
Centro;Marche;MC;G515;0;0;2;1;10,5;13,5
Centro;Marche;AP;G516;3;5;8,23;6,5;12;34,73
Sud;Calabria;CZ;G517;1;15,17;3;1;3,33;23,5
Sud;Calabria;CZ;G518;3;1;1,25;2;2;9,25
Sud;Campania;AV;G519;0;0;1;0;0;1
Nord Ovest;Piemonte;NO;G520;0;2;7,5;2;7,5;19
Nord Ovest;Piemonte;BI;G521;0;3;5;8,67;8,33;25
Isole;Sicilia;ME;G522;1;2;2;1;5;11
Sud;Molise;IS;G523;1;1;4;1;3;10
Sud;Abruzzo;AQ;G524;5;3,03;2;4;4,5;18,53
Nord Est;Veneto;RO;G525;1;2;2;4;3;12
Nord Ovest;Piemonte;CN;G526;1;14,16;18,28;12,08;17,17;62,69
Nord Ovest;Piemonte;VC;G528;0;2,2;1;1;10,36;14,56
Nord Ovest;Lombardia;BS;G529;0;3;5;3;5,5;16,5
Nord Ovest;Piemonte;CN;G532;0;1;1;0;4;6
Nord Est;Veneto;PD;G534;2;0;1;4;11;18
Nord Est;Emilia-Romagna;PC;G535;141,82;576,42;593,76;281,62;206,51;1800,13
Sud;Campania;SA;G538;1;5;2;0;1;9
Sud;Campania;SA;G540;0;2,5;0;0;0;2,5
Sud;Campania;CE;G541;3;6;2;2,5;3,22;16,72
Nord Ovest;Liguria;SV;G542;0;3;6;7,17;5;21,17
Isole;Sicilia;PA;G543;12,75;4;5;6;8,75;36,5
Nord Ovest;Valle d'Aosta;AO;G545;3;5;1;1,04;0;10,04
Nord Ovest;Lombardia;BS;G546;16;19,5;18,5;7,5;16,5;78
Centro;Toscana;SI;G547;2;10,84;17,5;6;9;45,34
Nord Ovest;Lombardia;BS;G549;1;10;14,5;11;7;43,5
Centro;Marche;PS;G551;0,67;7,75;8,5;5;3;24,92
Sud;Calabria;CS;G553;0;1;1;2;0;4
Sud;Abruzzo;PE;G555;1,5;12,84;15,28;10,37;15,23;55,22
Nord Ovest;Lombardia;CO;G556;1;10;9;2;1;23
Nord Est;Emilia-Romagna;PC;G557;4,83;18,27;18,33;7;17,28;65,71
Nord Ovest;Lombardia;CR;G558;2;1;6;5;7;21
Nord Ovest;Piemonte;TO;G559;1;62,2;66,03;34,02;33,58;196,83
Nord Est;Veneto;VI;G560;0;1;8;6;5;20
Nord Ovest;Piemonte;CN;G561;0;5;5;5;5;20
Nord Ovest;Lombardia;BG;G564;1;3;6,5;3;7,25;20,75
Nord Est;Veneto;VE;G565;5;46,83;57,16;39,33;43,3;191,62
Nord Est;Emilia-Romagna;BO;G566;3,5;30,27;30,34;12,42;14,5;91,03
Sud;Campania;NA;G568;3,44;15,19;22,57;13,05;9,01;63,26
Nord Est;Emilia-Romagna;BO;G570;21;81,22;75,5;27,5;53,02;258,24
Centro;Lazio;VT;G571;4;18,67;16,09;14,5;2,55;55,81
Nord Ovest;Lombardia;SO;G572;2;2;1;0;0;5
Nord Ovest;Lombardia;BG;G574;4;6;3;4;0;17
Nord Ovest;Piemonte;CN;G575;2;11;5;10,64;6,5;35,14
Nord Ovest;Lombardia;SO;G576;0,14;5,75;6,75;3;2;17,64
Nord Ovest;Piemonte;BI;G577;1;0;1;0;3,17;5,17
Nord Ovest;Lombardia;BG;G579;4,5;17,66;2,33;0;3,33;27,82
Isole;Sicilia;EN;G580;32,81;69,11;53,42;69,67;58,75;283,76
Centro;Toscana;LU;G582;1;1;1;3;9,66;15,66
Nord Ovest;Lombardia;BG;G583;17,07;28,37;8,09;4,49;3;61,02
Nord Est;Veneto;PD;G587;3;17;22,5;21,03;38,21;101,74
Nord Ovest;Lombardia;BG;G588;2;2;1;0;2;7
Sud;Abruzzo;PE;G589;3;3,33;2;3;2,6;13,93
Sud;Basilicata;PZ;G590;4;7;4,89;7,67;9;32,56
Centro;Lazio;FR;G591;4;4;3,5;6;2,61;20,11
Centro;Lazio;FR;G592;0,5;0;0;0;1;1,5
Nord Ovest;Piemonte;AT;G593;1;0;2;4;4;11
Nord Ovest;Piemonte;BI;G594;4;5,5;5;2;3;19,5
Sud;Campania;CE;G596;3,04;9,33;10,5;17,5;31,78;72,15
Isole;Sicilia;CT;G597;9,5;26;12,33;15;20,85;83,68
Centro;Lazio;FR;G598;4;13;8;7;7,67;39,67
Nord Ovest;Piemonte;VB;G600;2;6;8;5;9;30
Centro;Umbria;PG;G601;0;11;12;7;20,33;50,33
Centro;Toscana;SI;G602;1;12;14,25;4;16;47,25
Nord Ovest;Lombardia;CR;G603;0;4;1;3,5;2;10,5
Sud;Puglia;FG;G604;3;5;7;2;3;20
Nord Ovest;Liguria;SV;G605;145,91;183,11;35,25;14;5;383,27
Sud;Molise;IS;G606;1;1;0,5;0;0;2,5
Nord Ovest;Liguria;IM;G607;3,5;10,5;6;3;1;24
Sud;Abruzzo;TE;G608;2;6;1;2;3,04;14,04
Sud;Molise;CB;G609;2;1,83;3,75;2,86;3;13,44
Sud;Molise;CB;G610;5,76;1,13;0,35;0;0;7,24
Sud;Campania;AV;G611;2;1;1;3;8;15
Nord Ovest;Lombardia;PV;G612;0;3;1;1;6;11
Sud;Abruzzo;CH;G613;0;0;0;0;1;1
Sud;Basilicata;PZ;G614;0;1;4;2;5,54;12,54
Sud;Calabria;CS;G615;0;0;1;2;0,6;3,6
Sud;Basilicata;PZ;G616;3;3;1;2;3;12
Centro;Umbria;PG;G618;2;7;4,79;6,33;11,5;31,62
Nord Ovest;Piemonte;AL;G619;0;0;0;1;7,5;8,5
Sud;Campania;CE;G620;3;7;4,67;6;14;34,67
Sud;Abruzzo;PE;G621;0;0;2;0;1;3
Sud;Calabria;CS;G622;0,5;7;5,56;4,5;3;20,56
Sud;Basilicata;PZ;G623;1;3,5;2;0;0;6,5
Isole;Sicilia;EN;G624;13;12,8;22,82;11;23;82,62
Nord Ovest;Piemonte;CN;G625;1;2;0;0;0;3
Sud;Campania;BN;G626;1;0;0;0,5;1,5;3
Centro;Marche;PS;G627;0;0;0;1;3;4
Centro;Toscana;LU;G628;27,17;86,23;67,94;77;134,22;392,56
Sud;Campania;AV;G629;1;2;2,5;4;5;14,5
Sud;Campania;CE;G630;1;2;2;1,17;7,6;13,77
Sud;Campania;BN;G631;11;10,25;3,5;4,5;7;36,25
Nord Ovest;Liguria;IM;G632;6;4;7,5;6;9;32,5
Nord Ovest;Lombardia;MI;G634;8;54,5;74,75;70;11,5;218,75
Nord Ovest;Lombardia;PV;G635;1;3;2;3;3,17;12,17
Centro;Toscana;PT;G636;2,5;23;40,5;23;29,83;118,83
Nord Ovest;Lombardia;PV;G639;0;5;10;6;6;27
Nord Est;Veneto;BL;G642;4,83;29,83;30,58;10,75;16,5;92,49
Nord Est;Emilia-Romagna;BO;G643;2;35,5;17,84;7,67;17,14;80,15
Nord Est;Veneto;TV;G645;11,5;40,5;39,5;17,13;45,08;153,71
Nord Ovest;Liguria;GE;G646;5;14,29;12,5;6;10;47,79
Nord Ovest;Lombardia;CR;G647;0;0;3;2,5;5,5;11
Centro;Toscana;LU;G648;2,17;5;1;6;4,5;18,67
Nord Est;Emilia-Romagna;MO;G649;4;18,83;9;6,67;6;44,5
Nord Ovest;Lombardia;PV;G650;17;9,5;16;12;16;70,5
Nord Ovest;Lombardia;CR;G651;1;6;3;0;5,56;15,56
Centro;Toscana;AR;G653;2;9,5;7,67;5,8;16,3;41,27
Centro;Marche;MC;G657;0,5;1;2;1;3,07;7,57
Nord Ovest;Piemonte;VB;G658;0;2;11;8,43;4,25;25,68
Centro;Lazio;FR;G659;29;17,82;13;8;12;79,82
Nord Ovest;Liguria;IM;G660;6;8;6;2;2;24
Sud;Campania;CE;G661;2;9;9;11,25;23,5;54,75
Centro;Lazio;FR;G662;1;1;0;2;2;6
Sud;Basilicata;PZ;G663;3,67;7,42;5,5;9;8;33,59
Nord Ovest;Liguria;SP;G664;1;10,5;3;2;1;17,5
Nord Ovest;Lombardia;CO;G665;0;1;2;1;2;6
Nord Ovest;Piemonte;VC;G666;0;2;1;1;0;4
Isole;Sardegna;CA;G669;0;0;1;0,17;4,34;5,51
Sud;Campania;NA;G670;4;4,75;2;5,11;3,63;19,49
Nord Ovest;Lombardia;PV;G671;1;4;10,5;2;6;23,5
Nord Ovest;Piemonte;TO;G672;8;18;15,34;5;8,5;54,84
Nord Est;Veneto;RO;G673;1;0;4;5,19;3,33;13,52
Nord Ovest;Piemonte;TO;G674;29;223,48;181,67;93,25;70,26;597,66
Nord Ovest;Piemonte;AT;G676;1;0;1;0;2;4
Nord Ovest;Piemonte;TO;G678;2;10,33;26,5;9,25;47;95,08
Nord Est;Friuli- Venezia Giulia;PN;G680;1;2;2;7;8,65;20,65
Centro;Marche;PS;G682;2;4,5;10;3,5;6,75;26,75
Nord Ovest;Piemonte;CN;G683;1;4;4;1;2;12
Nord Ovest;Piemonte;TO;G684;2;19;15;6;14,07;56,07
Nord Ovest;Piemonte;VC;G685;1;2;0;2,5;3,58;9,08
Nord Ovest;Lombardia;MI;G686;39,88;382,12;202,34;45,25;17;686,59
Centro;Toscana;LI;G687;46,6;234,29;177,78;55,26;45,35;559,28
Nord Est;Veneto;PD;G688;4,5;13;17,9;8,33;24;67,73
Centro;Marche;MC;G690;0;2;0;1,5;3;6,5
Nord Ovest;Piemonte;TO;G691;8;71,5;83,64;34,39;42,25;239,78
Nord Ovest;Piemonte;AT;G692;1;0;0;2;6,67;9,67
Nord Est;Veneto;PD;G693;7;59,33;83,67;62,87;66,26;279,13
Nord Est;Veneto;VI;G694;4;19,2;23,2;21,5;38,04;105,94
Nord Est;Emilia-Romagna;PC;G696;1;3,64;3,75;1;4,5;13,89
Nord Ovest;Piemonte;CN;G697;0;2;3;1;4;10
Centro;Lazio;LT;G698;6,25;35,5;26,33;16;14,5;98,58
Isole;Sicilia;ME;G699;11;30,3;9,7;2,22;2;55,22
Centro;Toscana;PI;G702;240,36;493,99;444,33;249,3;201,2;1629,18
Nord Ovest;Piemonte;NO;G703;1;12,83;5;2,5;5,5;26,83
Centro;Lazio;RM;G704;3;4;4;1;0;12
Nord Ovest;Piemonte;TO;G705;4;9;12;6;11;42
Sud;Campania;SA;G707;6;9,11;5;8;9;37,11
Nord Ovest;Lombardia;BS;G710;6;36,02;49,92;20,25;19,92;132,11
Sud;Basilicata;MT;G712;41,5;78;32;24,5;11;187
Centro;Toscana;PT;G713;44,13;267,54;365,18;217,59;243,57;1138,01
Centro;Toscana;GR;G716;7,5;17,75;16,5;12;6,5;60,25
Nord Ovest;Lombardia;MN;G717;2;3;6,17;5,17;11;27,34
Nord Ovest;Lombardia;SO;G718;2;7,07;9,5;2,25;4;24,82
Nord Ovest;Piemonte;TO;G719;0;1;0;1;8;10
Nord Ovest;Lombardia;PV;G720;0;1;3;0,16;4;8,16
Nord Ovest;Lombardia;CR;G721;1;19,25;30;13,87;21;85,12
Sud;Calabria;VV;G722;37;69,05;20,05;23;12;161,1
Sud;Abruzzo;CH;G724;21,17;17,67;2;1;0;41,84
Sud;Abruzzo;AQ;G726;1,5;10,5;10;7,5;11,5;41
Sud;Molise;IS;G727;0;3;1;0;0;4
Sud;Calabria;VV;G728;0;2;2;2;1;7
Sud;Calabria;RC;G729;0;0;0;0;0;0
Sud;Calabria;CS;G733;2;1;1;2;0;6
Sud;Calabria;CZ;G734;1;3;2;3;5;14
Sud;Calabria;RC;G735;1;3;0;2;2;8
Nord Est;Friuli- Venezia Giulia;UD;G736;0;3;5;6;4,22;18,22
Nord Ovest;Lombardia;CO;G737;5;5;2;2;11;25
Isole;Sardegna;SS;G740;2;6;3;2;6,5;19,5
Nord Ovest;Liguria;SV;G741;0;1;1;0;2,5;4,5
Nord Ovest;Piemonte;CN;G742;1;4;2;4,5;19,33;30,83
Nord Est;Friuli- Venezia Giulia;UD;G743;0;1;4,5;4,83;15,75;26,08
Centro;Toscana;MS;G746;0;0;6;2;11;19
Nord Est;Emilia-Romagna;PC;G747;4;23,5;42,67;25,17;34,36;129,7
Centro;Lazio;FR;G749;0;5,5;2;1;10,5;19
Sud;Puglia;LE;G751;4;16,66;8,3;13;9,72;51,68
Centro;Toscana;SI;G752;17,67;88,68;124,84;54;52,37;337,56
Nord Ovest;Lombardia;MN;G753;4;14;16,5;11,67;25,17;71,34
Centro;Toscana;PO;G754;4;31,33;22,5;18,98;31,14;107,95
Centro;Lazio;RI;G756;2,75;4;2;2,75;2;13,5
Centro;Lazio;RI;G757;4,5;6;6;1;8,53;26,03
Centro;Umbria;PG;G758;1,5;2,25;0;0;0,25;4
Sud;Abruzzo;CH;G760;2;1;1;2;5;11
Sud;Puglia;FG;G761;3;9,67;13;11,96;10,13;47,76
Sud;Campania;NA;G762;8;16;54,83;26,25;31,84;136,92
Centro;Lazio;RI;G763;6;26,5;29;13,44;18,5;93,44
Centro;Lazio;RI;G764;4;6;12;3,5;6,5;32
Centro;Lazio;RI;G765;8;14;11;6;17,5;56,5
Sud;Abruzzo;AQ;G766;0;1;0;3;3;7
Isole;Sicilia;TP;G767;0;3;2;6;6;17
Nord Est;Emilia-Romagna;FE;G768;2,5;47;48,75;33,75;29,67;161,67
Sud;Puglia;BA;G769;1;4;4,33;5;1,33;15,66
Centro;Lazio;RI;G770;0,67;5;0;2;3,33;11
Centro;Marche;AN;G771;0;1;1;5;0;7
Nord Ovest;Lombardia;MI;G772;9,27;52,25;49,83;25,5;19,17;156,02
Nord Ovest;Lombardia;CO;G773;19;25;1;1,5;6,67;53,17
Nord Ovest;Lombardia;BG;G774;0;10;7;5,75;4,33;27,08
Nord Ovest;Piemonte;NO;G775;0;4,22;5;4;2,22;15,44
Nord Est;Veneto;VI;G776;0;9,7;13;9;24,74;56,44
Nord Ovest;Piemonte;TO;G777;4;34,67;34,2;24,13;44,33;141,33
Nord Ovest;Lombardia;BS;G779;2;7;7,5;8;6,5;31
Nord Est;Friuli- Venezia Giulia;PN;G780;3;4;12;8,67;15,43;43,1
Nord Est;Veneto;RO;G782;2;35,5;24,7;15,33;9,92;87,45
Centro;Lazio;RM;G784;4;16,79;5,8;2;3;31,59
Sud;Calabria;VV;G785;2;3,92;3;4;1;13,92
Sud;Basilicata;MT;G786;6;82;39,5;33,5;14,11;175,11
Sud;Puglia;BA;G787;16,53;62,05;58,28;31,67;14,67;183,2
Nord Est;Emilia-Romagna;PC;G788;0;2;0;3,75;9,5;15,25
Nord Est;Emilia-Romagna;MO;G789;0;8,5;10,5;9,5;9;37,5
Centro;Umbria;TR;G790;0;2;1,5;0;1;4,5
Sud;Calabria;RC;G791;6;11,75;10,5;7;10;45,25
Isole;Sicilia;PA;G792;2,38;8,58;10,92;6,83;9,67;38,38
Sud;Campania;SA;G793;0,5;8,86;5,5;10;15;39,86
Nord Ovest;Valle d'Aosta;AO;G794;1;7;2;3;4;17
Sud;Campania;NA;G795;3;7;13,83;18,63;10,5;52,96
Sud;Campania;SA;G796;7;17,5;9,63;5;6,16;45,29
Isole;Sicilia;PA;G797;25,6;26,75;13,83;5,33;3,67;75,18
Nord Ovest;Piemonte;BI;G798;1;3,1;2;4;10;20,1
Sud;Abruzzo;CH;G799;0;2;2,5;4;8;16,5
Nord Ovest;Piemonte;CN;G800;0;2;3,5;3,5;9;18
Nord Ovest;Lombardia;BS;G801;1;39;20,5;10;10;80,5
Nord Est;Veneto;PD;G802;1;10;10;12,67;7,25;40,92
Centro;Marche;AN;G803;1;11;12,67;6;13,75;44,42
Centro;Toscana;PI;G804;4;13;32,5;22,5;18,5;90,5
Nord Ovest;Piemonte;TO;G805;4;7;4,67;1;2;18,67
Sud;Basilicata;MT;G806;14;8;7;6;1,22;36,22
Nord Ovest;Piemonte;AL;G807;0;0;0;0;3;3
Nord Ovest;Piemonte;NO;G809;3;11;4;5;9,5;32,5
Centro;Lazio;RM;G811;154,39;490,16;249,85;84,38;54,8;1033,58
Sud;Campania;NA;G812;22,87;82,07;140,22;88,74;28,83;362,73
Sud;Campania;NA;G813;6;22,17;34,82;33,47;22,64;119,1
Nord Ovest;Liguria;IM;G814;5,5;7;1,5;1;1;16
Nord Ovest;Lombardia;BS;G815;1;6;6,5;4;9,5;27
Nord Ovest;Lombardia;MN;G816;0;3;3;3;10,5;19,5
Isole;Sardegna;OR;G817;0;0;0;0;0;0
Nord Ovest;Lombardia;BS;G818;6;22,98;16,1;3,5;13,28;61,86
Nord Ovest;Piemonte;BI;G820;6;10,5;16,5;9,67;20,5;63,17
Nord Ovest;Lombardia;CO;G821;0;1;1;0,5;0,33;2,83
Centro;Toscana;PI;G822;4;74,38;79,12;43,17;41,17;241,84
Nord Est;Veneto;PD;G823;0;7;6,5;3,5;17,28;34,28
Centro;Toscana;FI;G825;14,33;70,5;88,71;43,17;34,05;250,76
Nord Ovest;Piemonte;TO;G826;14;25;22,25;3;7;71,25
Sud;Campania;BN;G827;0;0;1;4;4;9
Nord Ovest;Lombardia;SO;G829;5,5;9;7,69;1;7;30,19
Nord Est;Friuli- Venezia Giulia;UD;G831;0;9,33;2,5;2;3;16,83
Centro;Toscana;PT;G833;2;18;27;23,67;32,83;103,5
Sud;Campania;SA;G834;14;95,25;77,33;47,97;30;264,55
Nord Est;Veneto;RO;G836;2;4;4,5;7;8;25,5
Nord Ovest;Piemonte;CN;G837;9,17;23,83;1;1;0;35
Centro;Lazio;FR;G838;2;12;13,5;20,38;20,08;67,96
Nord Ovest;Piemonte;AL;G839;1;22;11;5,21;18;57,21
Nord Ovest;Liguria;IM;G840;6;7;9;7;8;37
Nord Est;Emilia-Romagna;PC;G842;8;9;29,5;17;21;84,5
Centro;Toscana;PI;G843;25,75;143,51;153,01;79,68;68,1;470,05
Nord Ovest;Lombardia;BS;G844;32,66;67,45;32,17;9,5;13,33;155,11
Nord Est;Veneto;TV;G846;6;38,5;30,33;15,38;36,76;126,97
Nord Ovest;Lombardia;CO;G847;3,5;20,67;24;7;7;62,17
Sud;Campania;BN;G848;2;3;3,6;2;3;13,6
Sud;Campania;CE;G849;0;1;2;2;2,67;7,67
Nord Est;Veneto;PD;G850;0;10;3;11;5,5;29,5
Nord Ovest;Lombardia;PV;G851;0;6;5;0;5,5;16,5
Nord Est;Emilia-Romagna;PC;G852;7;29;39,67;15,25;13,67;104,59
Nord Ovest;Lombardia;BG;G853;6;25,25;23,88;13,52;24,04;92,69
Nord Ovest;Valle d'Aosta;AO;G854;8,5;15;12;8;5;48,5
Nord Est;Veneto;PD;G855;3,13;30,5;51,43;34;43,71;162,77
Nord Ovest;Lombardia;BG;G856;18,14;62,52;71,5;45,15;16,35;213,66
Nord Ovest;Piemonte;AL;G858;0;0;2;4;14,5;20,5
Nord Ovest;Lombardia;BS;G859;2;17,5;17,75;14,25;31,75;83,25
Nord Ovest;Valle d'Aosta;AO;G860;1;3;0;0;1;5
Nord Ovest;Piemonte;AL;G861;0;4;2;1;4;11
Nord Ovest;Lombardia;MN;G862;1;12,33;8;2,5;8,7;32,53
Nord Ovest;Lombardia;BG;G864;1,93;13;14,5;5;12;46,43
Centro;Lazio;LT;G865;2;19;37,28;13,5;16,72;88,5
Nord Ovest;Liguria;SV;G866;2;7;4;2;7;22
Nord Ovest;Lombardia;BG;G867;7,34;23,34;23,5;16,78;12,67;83,63
Nord Ovest;Lombardia;BS;G869;3;26,5;9,28;16;26,88;81,66
Centro;Toscana;MS;G870;8,58;27,55;28,83;17,67;33,28;115,91
Centro;Lazio;LT;G871;8;2,5;7,3;2;1;20,8
Nord Ovest;Piemonte;AL;G872;0;0;0;4;3,2;7,2
Centro;Marche;AP;G873;1;0;0;1;2,33;4,33
Centro;Lazio;RM;G874;2;2;3;2;1;10
Nord Est;Veneto;TV;G875;2;39,5;33,5;20,5;40,75;136,25
Nord Ovest;Piemonte;AL;G877;10;12;13;12,75;18;65,75
Sud;Abruzzo;PE;G878;1;11;13,16;13,34;12,5;51
Centro;Toscana;AR;G879;6;28,16;17,17;8;17,83;77,16
Centro;Umbria;TR;G881;0;4;3;4;8,5;19,5
Centro;Toscana;LU;G882;2;9;28,5;31,17;20,17;90,84
Nord Est;Friuli- Venezia Giulia;PN;G886;2;28;33;31;57,59;151,59
Sud;Campania;SA;G887;1;1,5;0;2;4;8,5
Nord Est;Friuli- Venezia Giulia;PN;G888;80,69;206,71;244,92;153,41;141,16;826,89
Nord Ovest;Lombardia;CO;G889;9;26;20,67;11;4;70,67
Nord Ovest;Liguria;IM;G890;1;6;3;4;4;18
Nord Est;Friuli- Venezia Giulia;UD;G891;1;1;4;1;11,14;18,14
Nord Ovest;Piemonte;AT;G894;3;3;5;2,5;10,33;23,83
Nord Ovest;Lombardia;PV;G895;6;0;8,5;3,5;9;27
Nord Ovest;Piemonte;TO;G900;0;6;3;4;3,5;16,5
Sud;Campania;NA;G902;57;114,88;185,54;123,65;71,75;552,82
Sud;Campania;CE;G903;8,96;9,09;20,48;15,87;17,5;71,9
Nord Est;Emilia-Romagna;FO;G904;4;7;3;1,75;3;18,75
Sud;Calabria;RC;G905;4;0;2;0;3;9
Nord Ovest;Lombardia;VA;G906;8,83;25,51;13,5;8;7;62,84
Nord Ovest;Lombardia;VA;G907;10,67;20,63;15,13;8,83;7,7;62,96
Nord Est;Veneto;TV;G909;0;2;8;0;1;11
Sud;Molise;CB;G910;3;4;6;2;7;22
Centro;Toscana;LI;G912;30;45,5;54,57;18,33;10;158,4
Nord Ovest;Liguria;GE;G913;1;3;3;1;1,67;9,67
Nord Est;Veneto;VE;G914;10;67,5;86,03;56,42;96,2;316,15
Nord Est;Emilia-Romagna;FE;G916;6;57;57,34;37,37;44,75;202,46
Nord Ovest;Lombardia;MN;G917;3;51,5;77,17;41,5;44,14;217,31
Centro;Marche;MC;G919;60,57;183,4;53,51;21,9;16,5;335,88
Centro;Marche;AP;G920;16;75,68;50,4;35,67;27,67;205,42
Centro;Marche;AP;G921;43;77,33;83,17;66,5;42,33;312,33
Isole;Sardegna;CA;G922;13;10;15,5;11,17;8,3;57,97
Nord Est;Veneto;RO;G923;6;21,5;14,67;20;18,17;80,34
Isole;Sardegna;SS;G924;8;77;62,09;43,53;27,39;218,01
Nord Ovest;Liguria;SP;G925;9,5;24,77;16,5;2;6,5;59,27
Nord Est;Veneto;RO;G926;13,33;27;44;36,44;38,83;159,6
Nord Ovest;Piemonte;BI;G927;1;2,5;9;1;6,5;20
Isole;Sardegna;NU;G929;2,67;34,63;13,5;12;8;70,8
Nord Est;Veneto;VI;G931;0;1,2;8;4;5,83;19,03
Sud;Campania;SA;G932;4,66;3,16;4;1;1,33;14,15
Nord Est;Veneto;TV;G933;1;4;3;5;15,5;28,5
Centro;Lazio;RI;G934;1;3,92;0;0;5,83;10,75
Centro;Lazio;FR;G935;0;2;3;0;3,25;8,25
Nord Ovest;Lombardia;SO;G937;0;2;3;1;3;9
Sud;Campania;SA;G939;1;4;4;5,11;3;17,11
Nord Ovest;Piemonte;VC;G940;1;6;2;2;2;13
Sud;Basilicata;PZ;G942;42,34;152,19;136,33;128,06;59,09;518,01
Nord Est;Veneto;VI;G943;0;5;5;4;12;26
Nord Est;Veneto;TV;G944;0;13;22;7;21,32;63,32
Nord Est;Veneto;VR;G945;1;19;29,67;21,73;13,67;85,07
Nord Est;Emilia-Romagna;RE;G947;0;19,5;19,25;7;27,84;73,59
Nord Est;Friuli- Venezia Giulia;UD;G949;2;3;7;6;38,34;56,34
Centro;Lazio;RI;G951;3,75;6;1,5;1;0;12,25
Isole;Sicilia;RG;G953;16,8;33,13;49,16;44;44,4;187,49
Sud;Molise;IS;G954;4;8;2;6;8;28
Nord Ovest;Lombardia;MI;G955;13;69,03;56,34;22;11,5;171,87
Nord Est;Veneto;VI;G957;0;6;2,5;2;18;28,5
Nord Ovest;Lombardia;BS;G959;12;13;15,83;4,5;20,33;65,66
Nord Ovest;Piemonte;AL;G960;0;0;0;2,95;4;6,95
Nord Ovest;Piemonte;AL;G961;1;8;18,5;4;18;49,5
Isole;Sardegna;SS;G962;1;2;2;2,56;9,47;17,03
Nord Est;Veneto;PD;G963;1;4;2,67;6;12,08;25,75
Sud;Campania;NA;G964;28;122,59;103,31;77,58;71;402,48
Nord Ovest;Lombardia;MI;G965;14,33;51,11;50,03;26,64;11,5;153,61
Nord Est;Friuli- Venezia Giulia;UD;G966;0;7;19;21,5;57,45;104,95
Nord Ovest;Lombardia;BG;G968;4;13;17;6,17;11,85;52,02
Nord Est;Friuli- Venezia Giulia;UD;G969;1;9;7;6,5;13,67;37,17
Nord Ovest;Piemonte;CN;G970;0;4;1;0;2,78;7,78
Nord Est;Emilia-Romagna;BO;G972;16;63,47;78,71;34;43,75;235,93
Nord Ovest;Piemonte;TO;G973;50,5;37,44;6;4;4,25;102,19
Nord Ovest;Piemonte;BI;G974;7;12;5;9;5,84;38,84
Sud;Calabria;CS;G975;17,17;55,19;23;17;9,05;121,41
Sud;Campania;SA;G976;0,75;4,34;3;1;1,5;10,59
Nord Ovest;Lombardia;BS;G977;0;7;9;6;6,33;28,33
Nord Ovest;Piemonte;TO;G978;24;11,38;1;1,06;1;38,44
Nord Ovest;Piemonte;TO;G979;1;1;3;2;3;10
Nord Ovest;Piemonte;BI;G980;1;6;11,33;9,33;7;34,66
Nord Est;Veneto;VE;G981;2;11;15,75;4;15,25;48
Nord Ovest;Piemonte;TO;G982;2;3;3;4;3;15
Nord Ovest;Piemonte;VC;G985;2;4;1;4;5;16
Nord Ovest;Piemonte;TO;G986;2;0;4,5;3,5;8;18
Nord Ovest;Piemonte;AL;G987;1;1;2;1;1;6
Nord Ovest;Piemonte;TO;G988;0;3,75;0;3,5;4,34;11,59
Sud;Campania;AV;G990;2;2,86;5;4;6,19;20,05
Sud;Campania;CE;G991;1;0;1;1;3;6
Sud;Abruzzo;AQ;G992;3;2;3;0;2,5;10,5
Nord Ovest;Lombardia;SO;G993;0;3;4;3;6;16
Nord Est;Friuli- Venezia Giulia;PN;G994;0;11;24,5;17;22,55;75,05
Sud;Campania;CE;G995;0;3;1;0;2,89;6,89
Nord Ovest;Piemonte;TO;G997;0;6;3;0;5;14
Centro;Toscana;PO;G999;133,89;602,36;700,09;435,15;440,13;2311,62
Nord Ovest;Piemonte;NO;H001;4;5;4,33;4,33;8,34;26
Nord Est;Friuli- Venezia Giulia;UD;H002;0;3,5;6,17;3;7;19,67
Sud;Campania;AV;H006;3;7;6;7;6,5;29,5
Sud;Abruzzo;AQ;H007;7;13,5;12,5;15;11,33;59,33
Nord Est;Friuli- Venezia Giulia;PN;H010;4;13;10;5;12,5;44,5
Nord Ovest;Piemonte;CN;H011;0;3;2;1,17;2;8,17
Sud;Calabria;RC;H013;2;1;0;0;0;3
Nord Est;Friuli- Venezia Giulia;UD;H014;0;4;4;5;5;18
Centro;Umbria;PG;H015;2;4,5;1;4;2,5;14
Nord Est;Emilia-Romagna;FO;H017;3,83;15,5;21;19,06;16,82;76,21
Nord Ovest;Lombardia;BG;H020;7;16,2;22,07;8;4,9;58,17
Nord Ovest;Piemonte;AL;H021;0;1;3;4;15,83;23,83
Nord Est;Veneto;TV;H022;11,22;81,72;45;33,42;65,79;237,15
Nord Ovest;Lombardia;MI;H026;11,66;75,67;47,63;11,84;16,17;162,97
Nord Ovest;Liguria;IM;H027;3;8,67;1;4;4,5;21,17
Nord Ovest;Lombardia;LC;H028;3,59;6,17;3;2;0;14,76
Nord Est;Friuli- Venezia Giulia;UD;H029;0;5;4;10;23;42
Nord Ovest;Piemonte;VB;H030;5;10,93;4,15;0;9,33;29,41
Nord Ovest;Piemonte;VB;H033;3,5;4;1;0;1;9,5
Nord Est;Emilia-Romagna;FO;H034;4;9;1;0,5;3,2;17,7
Nord Ovest;Lombardia;BG;H036;3;13;8,5;1;1;26,5
Nord Ovest;Piemonte;VB;H037;0;4;9,67;6,67;9,17;29,51
Nord Est;Friuli- Venezia Giulia;UD;H038;0;0;1;0;1,5;2,5
Nord Est;Friuli- Venezia Giulia;UD;H040;0;0;1;3;4;8
Nord Ovest;Valle d'Aosta;AO;H042;17,28;16,1;17,33;2;1;53,71
Nord Ovest;Lombardia;BS;H043;0;0,67;2;1;3;6,67
Sud;Campania;CE;H045;0;4;4,56;4;4,13;16,69
Nord Ovest;Lombardia;BG;H046;1;13,5;24,58;12,5;8,2;59,78
Nord Est;Veneto;VR;H048;1;2;6;6,88;16;31,88
Sud;Abruzzo;CH;H052;2,5;1;5;0;2;10,5
Nord Ovest;Lombardia;BS;H055;2;20;21;9,5;13,88;66,38
Sud;Abruzzo;AQ;H056;1;4;2;3;3,5;13,5
Nord Ovest;Piemonte;CN;H059;0;6;1;0;5;12
Nord Est;Emilia-Romagna;MO;H061;1;18,5;19;9;16;63,5
Sud;Campania;SA;H062;0;8;9;4;1;22
Nord Ovest;Lombardia;LC;H063;3,67;11;9;6;4;33,67
Nord Ovest;Piemonte;CN;H068;0;0;0,83;6;15,5;22,33
Nord Ovest;Piemonte;CN;H069;0;2;4;0;4;10
Isole;Sicilia;PA;H070;8;10;10;7,25;9;44,25
Centro;Lazio;VT;H071;0;0;1;0;3;4
Sud;Campania;NA;H072;13,2;25,9;15,67;12,5;6;73,27
Nord Ovest;Liguria;GE;H073;0;2;2;0;1;5
Nord Ovest;Lombardia;CO;H074;0;4,9;3;3;8;18,9
Centro;Lazio;LT;H076;3,5;2;4;4,92;1,5;15,92
Nord Ovest;Lombardia;BS;H077;0;0;1;1;6;8
Nord Ovest;Lombardia;BS;H078;0;10;20,61;16,11;28,05;74,77
Sud;Molise;CB;H083;0;0;1;1,5;0;2,5
Nord Ovest;Piemonte;CN;H085;0;3;1;2;7;13
Nord Ovest;Lombardia;BS;H086;6,8;20,5;7,5;6,4;12;53,2
Sud;Campania;BN;H087;1;1;1;2;5,67;10,67
Isole;Sardegna;CA;H088;16;60,22;35,25;14,64;27,57;153,68
Nord Est;Friuli- Venezia Giulia;UD;H089;0;1;3;0;8;12
Sud;Puglia;TA;H090;15;42,56;56,92;41;40,53;196,01
Nord Ovest;Lombardia;BG;H091;0;4;5;1;1;11
Nord Ovest;Lombardia;CO;H094;2;6,5;3,5;2,78;1;15,78
Isole;Sardegna;SS;H095;0;0;0,8;0;1;1,8
Sud;Puglia;BA;H096;53,43;91,16;84,92;71,09;48,67;349,27
Sud;Campania;AV;H097;0;4;2,33;2;5,67;14
Sud;Abruzzo;CH;H098;0;0;0;1;1;2
Nord Ovest;Piemonte;TO;H100;0;0;0;0;1;1
Sud;Campania;NA;H101;10;23,8;44,5;49,5;33,98;161,78
Nord Ovest;Piemonte;AT;H102;0;0;0;0;1;1
Nord Ovest;Piemonte;AL;H104;2;3;5;0;10;20
Nord Ovest;Piemonte;VB;H106;0;1;0;1;1;3
Nord Ovest;Piemonte;VB;H107;2;3;1;0;1,5;7,5
Nord Ovest;Piemonte;VC;H108;0;8;10,5;8;10;36,5
Centro;Toscana;PT;H109;2,8;47,25;68,3;66,28;80,02;264,65
Nord Ovest;Valle d'Aosta;AO;H110;10,67;21,34;7;4;8,2;51,21
Sud;Campania;NA;H114;9;39;103,59;63,17;31;245,76
Nord Est;Veneto;VE;H117;45;70;35,15;10,52;31,83;192,5
Isole;Sardegna;CA;H118;68,25;274,69;200,87;118,9;143,08;805,79
Isole;Sardegna;CA;H119;6;55,52;21,5;17;26,54;126,56
Nord Ovest;Piemonte;TO;H120;0;1;2;0;2;5
Nord Ovest;Piemonte;AL;H121;1;2;4;3;7,25;17,25
Nord Est;Emilia-Romagna;RE;H122;2;36,17;34,67;29,1;46,21;148,15
Nord Ovest;Liguria;SV;H126;6,06;34;37,87;13;6,5;97,43
Nord Ovest;Piemonte;TO;H127;3;3;3;4;3,5;16,5
Sud;Campania;AV;H128;1;0,86;2;0,86;0,67;5,39
Nord Ovest;Lombardia;MN;H129;1;1;3;3,33;5;13,33
Nord Ovest;Lombardia;CR;H130;0;3;2,5;2;6;13,5
Nord Est;Veneto;TV;H131;2;35,5;39;15,73;34,21;126,44
Nord Ovest;Piemonte;VC;H132;0;0;3;1;1;5
Nord Est;Veneto;VI;H134;0;12;15;14;32;73
Nord Ovest;Lombardia;BS;H140;0,17;11;21;21,5;25,17;78,84
Nord Ovest;Lombardia;MN;H143;0;8;18,17;10;19,25;55,42
Sud;Puglia;LE;H147;12;20,9;20,56;16,17;27,37;97
Isole;Sicilia;AG;H148;15,5;12;22;16,3;12,62;78,42
Nord Ovest;Piemonte;CN;H150;7,5;42;45;38,5;27,25;160,25
Isole;Sicilia;ME;H151;0;2;1;2;1,11;6,11
Centro;Toscana;SI;H153;0;3;8;9,5;7;27,5
Isole;Sicilia;CT;H154;5;6,83;8;10;3;32,83
Centro;Toscana;SI;H156;1;2;7;6,33;3,5;19,83
Centro;Toscana;SI;H157;15;8;5;1;6,8;35,8
Isole;Sicilia;AG;H159;12,5;9;20,5;15;12;69
Nord Est;Friuli- Venezia Giulia;UD;H161;2;3;5,33;7;18,67;36
Isole;Sicilia;RG;H163;77,15;310,83;245,04;222,05;227,95;1083,02
Sud;Campania;CE;H165;2;2,5;1;1;4;10,5
Sud;Abruzzo;AQ;H166;2,67;9,17;7,5;1;3;23,34
Isole;Sicilia;CT;H168;7,78;14;9;7,56;10;48,34
Nord Ovest;Lombardia;VA;H173;3;1;2,11;6;3,11;15,22
Nord Ovest;Lombardia;VA;H174;0,83;3;4;3;4;14,83
Isole;Sicilia;CT;H175;2,25;23,89;19,31;19,28;17,47;82,2
Nord Ovest;Lombardia;BG;H176;2;15;18,5;11;16;62,5
Nord Ovest;Lombardia;BG;H177;6;22;9,17;2,22;4,28;43,67
Nord Ovest;Liguria;IM;H180;3;2;3;4;3;15
Centro;Marche;AP;H182;0;2;6;2;5,5;15,5
Nord Ovest;Liguria;GE;H183;152,69;371,51;143,25;46,4;43;756,85
Sud;Abruzzo;CH;H184;0;1;0;2;4,5;7,5
Centro;Toscana;SI;H185;1;26,5;20,8;18,04;22,04;88,38
Sud;Basilicata;PZ;H186;8;6,07;3;1;5;23,07
Sud;Basilicata;PZ;H187;3;2,25;0;0;2,75;8
Nord Ovest;Piemonte;VC;H188;0;1;0;0;0;1
Nord Ovest;Lombardia;SO;H192;0;1;1;1;1;4
Isole;Sicilia;AG;H194;14;16;19,67;15,15;16,5;81,32
Nord Est;Emilia-Romagna;MO;H195;0;46;23;20;15,25;104,25
Nord Est;Friuli- Venezia Giulia;UD;H196;4;9,58;11,5;5;8;38,08
Sud;Campania;SA;H198;9;10;5,16;2;6,26;32,42
Nord Est;Emilia-Romagna;RA;H199;291,39;1193,79;709,42;359,77;436,78;2991,15
Nord Est;Friuli- Venezia Giulia;UD;H200;0;1,66;0;0;3,5;5,16
Sud;Campania;CE;H202;3;1;1;0;1,67;6,67
Nord Ovest;Piemonte;VB;H203;3;4,05;4;0;6,8;17,85
Nord Ovest;Lombardia;PV;H204;0;1;1;1;3,17;6,17
Isole;Sicilia;AG;H205;15;23,5;23,5;9;6,75;77,75
Nord Est;Friuli- Venezia Giulia;UD;H206;0;6;12,5;7;31,5;57
Nord Ovest;Piemonte;TO;H207;0;5;5,5;1;11;22,5
Sud;Campania;CE;H210;5;9,17;20;14,5;12;60,67
Centro;Marche;MC;H211;7,5;29;54,5;46,83;43,25;181,08
Nord Ovest;Liguria;GE;H212;10;64,5;36,92;11;7,33;129,75
Nord Ovest;Piemonte;NO;H213;0;4;4;1;10,67;19,67
Nord Est;Veneto;VI;H214;10;18,34;14,34;16,5;16,01;75,19
Nord Ovest;Lombardia;PV;H216;0;0;0;1;4;5
Nord Ovest;Lombardia;MN;H218;0;2;3;4;18;27
Nord Ovest;Piemonte;AT;H219;1;5;3;7;15;31
Nord Est;Veneto;TV;H220;0;8;4;2;4,67;18,67
Isole;Sicilia;EN;H221;15;19,04;13,87;16,2;10,37;74,48
Centro;Toscana;FI;H222;10,5;54,35;67,92;49,83;56,23;238,83
Nord Est;Emilia-Romagna;RE;H223;169,38;834,02;910,38;375,5;334,09;2623,37
Sud;Calabria;RC;H224;55,98;261,67;316,24;312,07;266,57;1212,53
Nord Est;Emilia-Romagna;RE;H225;2;19;24,5;25;48,67;119,17
Sud;Campania;BN;H227;0;1;2;0;2,5;5,5
Isole;Sicilia;ME;H228;0;2;4,81;1;1;8,81
Nord Est;Friuli- Venezia Giulia;UD;H229;0;6;11;13;32,5;62,5
Nord Ovest;Lombardia;BS;H230;1,75;8;9,42;9;11,5;39,67
Nord Ovest;Lombardia;MI;H233;6;17,32;15,43;14,72;6,04;59,51
Sud;Calabria;CS;H235;29,19;159,41;132,55;84,73;100,83;506,71
Nord Est;Veneto;TV;H238;1;35;18,8;12;13,44;80,24
Nord Ovest;Lombardia;MI;H240;7;80,18;74,89;45,83;39,83;247,73
Nord Est;Friuli- Venezia Giulia;UD;H242;0;3;1;0,25;1,25;5,5
Sud;Campania;NA;H243;68,23;83,3;78,06;66,79;42,37;338,75
Nord Est;Friuli- Venezia Giulia;UD;H244;0;0;0;1;1;2
Isole;Sicilia;CL;H245;1;6,89;4,97;2;1;15,86
Nord Ovest;Lombardia;PV;H246;0;1;3;4;10;18
Nord Ovest;Piemonte;CN;H247;2;6;17;8,67;18;51,67
Nord Ovest;Piemonte;AT;H250;0;1;1;1;8;11
Nord Est;Veneto;TV;H253;1,79;3,5;10,25;4,17;11;30,71
Nord Ovest;Lombardia;CO;H255;0;1;0;1;1,75;3,75
Nord Ovest;Lombardia;BS;H256;5,9;39,67;65,97;25,33;50,5;187,37
Nord Ovest;Liguria;IM;H257;1;8;8;2;4,33;23,33
Nord Ovest;Liguria;GE;H258;0;4;2,5;1,5;7,67;15,67
Nord Ovest;Lombardia;CO;H259;0;1;0;0;0;1
Nord Ovest;Valle d'Aosta;AO;H262;0;0;0;0;0;0
Nord Ovest;Valle d'Aosta;AO;H263;1;3;5;1;0;10
Nord Ovest;Lombardia;MI;H264;98,99;356,6;301,17;94,36;41,61;892,73
Sud;Calabria;RC;H265;1;6;7;2;3;19
Nord Ovest;Liguria;SV;H266;0;3;1;0;8;12
Centro;Lazio;RM;H267;5;26,5;20,5;21,17;21;94,17
Sud;Campania;CE;H268;1;6,67;3;2,33;5,92;18,92
Isole;Sicilia;AG;H269;30,44;39,28;35,02;34,37;45,5;184,61
Nord Ovest;Piemonte;TO;H270;1;2,5;0;0,5;1;5
Sud;Calabria;VV;H271;11;49,5;34,8;13,63;12;120,93
Nord Ovest;Piemonte;AL;H272;0;0;3;2;2;7
Sud;Molise;CB;H273;6,1;7;5;5;8,92;32,02
Nord Est;Emilia-Romagna;RN;H274;63,64;180,81;128,72;71,01;49,25;493,43
Nord Ovest;Liguria;SP;H275;1,5;15,5;7;9,5;12,5;46
Nord Ovest;Lombardia;CR;H276;0;6;10;7,5;5;28,5
Sud;Campania;SA;H277;1;2;1;0;2;6
Nord Est;Veneto;TV;H280;6,5;21,5;21,62;8,9;39,64;98,16
Isole;Sicilia;CL;H281;17,59;23,75;22,17;15,5;26,51;105,52
Centro;Lazio;RI;H282;48,2;126,8;170,93;117,92;83,75;547,6
Nord Ovest;Piemonte;CN;H285;0;2;2;2;2;8
Centro;Toscana;FI;H286;2;25,67;27,17;18,33;24;97,17
Sud;Puglia;FG;H287;6,83;2,83;1;1;3;14,66
Centro;Lazio;RM;H288;9,94;44,05;25,33;18,3;36,63;134,25
Nord Est;Friuli- Venezia Giulia;UD;H289;0;1;4,06;1,75;8;14,81
Nord Ovest;Piemonte;VC;H293;0;2;3,5;0;0,5;6
Nord Est;Emilia-Romagna;RN;H294;221,92;686,46;644,98;251,21;196,27;2000,84
Nord Est;Emilia-Romagna;RE;H298;2;23;21,5;11,63;18;76,13
Centro;Lazio;RM;H300;2,33;1,33;3,5;2,33;3;12,49
Isole;Sardegna;OR;H301;4;0,67;2;2;5;13,67
Nord Est;Emilia-Romagna;RA;H302;3;8,19;19,17;10,11;20,26;60,73
Nord Est;Emilia-Romagna;MO;H303;3;6,5;4,67;3,99;1,5;19,66
Nord Ovest;Liguria;SP;H304;5;12,14;6;3,67;1;27,81
Sud;Basilicata;PZ;H307;15;24,5;20,37;14,57;20,13;94,57
Sud;Molise;IS;H308;0;4;4,33;1;0,73;10,06
Sud;Molise;CB;H311;0;2;2;0;1;5
Sud;Basilicata;PZ;H312;3,88;5;3;2;2,75;16,63
Sud;Molise;CB;H313;8;10,78;5;8;6;37,78
Nord Ovest;Lombardia;CR;H314;0;1;4;4;2,63;11,63
Nord Ovest;Lombardia;CR;H315;0;7,67;6;5,25;9,67;28,59
Nord Ovest;Lombardia;CR;H316;0;0;0;2;0;2
Centro;Toscana;PI;H319;8,08;17,82;5;7,5;7,91;46,31
Sud;Abruzzo;CH;H320;0;3;6,5;5;8,75;23,25
Centro;Marche;AP;H321;2;6;5;5,75;9;27,75
Centro;Marche;MC;H323;1;2;3;2;3;11
Centro;Lazio;FR;H324;0;3;4;5;12;24
Isole;Sicilia;CT;H325;8;46,37;59,17;45,63;28,67;187,84
Nord Ovest;Piemonte;CN;H326;0;0;0;0;1;1
Nord Est;Veneto;BL;H327;1;8,8;1;2;5;17,8
Nord Ovest;Liguria;IM;H328;23,67;29;14,5;2;2,17;71,34
Nord Ovest;Lombardia;BG;H331;4,5;18,5;11,5;2;5,5;42
Nord Ovest;Piemonte;TO;H333;0;0;2,5;0;6,78;9,28
Nord Ovest;Piemonte;AL;H334;1;3;6;3;10,5;23,5
Nord Ovest;Piemonte;TO;H335;15,33;71;77,5;56,33;42,3;262,46
Nord Ovest;Lombardia;PV;H336;9;34;27,08;6;23;99,08
Nord Ovest;Piemonte;TO;H337;1;21;16;7;14;59
Nord Ovest;Piemonte;TO;H338;0;2;4;3;6,8;15,8
Nord Ovest;Piemonte;TO;H340;5,33;52,33;56;27,17;33,44;174,27
Nord Ovest;Lombardia;CR;H341;0;0;6;1;13,28;20,28
Nord Ovest;Lombardia;MN;H342;0;2;3,34;5,67;17;28,01
Nord Ovest;Piemonte;AL;H343;0;1;0;1;1;3
Nord Ovest;Piemonte;TO;H344;1;5,5;7;2;11;26,5
Nord Ovest;Piemonte;VC;H346;0;3;3;0;2,5;8,5
Nord Est;Friuli- Venezia Giulia;UD;H347;0;7;3;4,5;16;30,5
Sud;Basilicata;PZ;H348;1,5;8,5;6,08;2,5;1,5;20,08
Nord Est;Emilia-Romagna;PC;H350;1;27,17;31,17;24,66;39,25;123,25
Sud;Abruzzo;AQ;H353;24,32;44,71;4;1,33;3;77,36
Centro;Lazio;RI;H354;2;9;1;1;1;14
Nord Ovest;Piemonte;TO;H355;28;342,09;246,02;85,24;98,47;799,82
Nord Est;Veneto;VR;H356;0;4,83;10,5;8,5;5,16;28,99
Nord Ovest;Lombardia;CR;H357;1;49,25;40;18;21;129,25
Sud;Calabria;RC;H359;11,26;8;0;2,25;9;30,51
Nord Est;Veneto;VI;H361;27,27;111,51;54,79;13;38,68;245,25
Nord Ovest;Piemonte;CN;H362;4;4;2;1;1;12
Nord Ovest;Piemonte;CN;H363;0;2;0;0;1;3
Nord Ovest;Piemonte;VC;H364;1;1;2;3;1;8
Nord Ovest;Piemonte;VC;H365;1;4;4;6,5;16,5;32
Nord Ovest;Piemonte;AT;H366;1;0;1;1;2;5
Nord Ovest;Piemonte;TO;H367;1;8,67;12;2;14;37,67
Nord Ovest;Lombardia;PV;H369;1;25,17;22;13;34,13;95,3
Nord Ovest;Lombardia;MI;H371;1;18;11,5;7;11,5;49
Nord Ovest;Lombardia;CR;H372;0;3;1;1;9,5;14,5
Nord Ovest;Lombardia;MI;H373;4;22;25,5;15;15,16;81,66
Nord Ovest;Lombardia;PV;H375;0;1;0;0;3,56;4,56
Nord Ovest;Piemonte;AT;H376;3;6;0;1;8;18
Nord Ovest;Piemonte;CN;H377;3;25;10;5,67;2,5;46,17
Nord Ovest;Piemonte;CN;H378;31,5;24;3;1;3;62,5
Nord Est;Veneto;BL;H379;5;25,16;13,14;5,98;8;57,28
Isole;Sicilia;ME;H380;0;0;3;1;1;5
Sud;Campania;AV;H382;2;4,1;5,33;3;7;21,43
Sud;Calabria;KR;H383;3;1;7;0;3;14
Nord Est;Emilia-Romagna;PR;H384;0;5;8;6,83;9,5;29,33
Nord Ovest;Piemonte;CN;H385;5;9;5,83;4;6,5;30,33
Nord Ovest;Piemonte;TO;H386;2;11;12;2;11;38
Centro;Lazio;RM;H387;2;1;1;0,5;0;4,5
Sud;Abruzzo;AQ;H389;0;1;0;0;2;3
Centro;Marche;AP;H390;0;0,69;4;4,4;2,58;11,67
Nord Ovest;Piemonte;CN;H391;0;0;0;0;1;1
Nord Ovest;Piemonte;AT;H392;0;0;1;2;15;18
Centro;Lazio;FR;H393;0;2;2;2;6;12
Sud;Campania;SA;H394;1;11;7;8,75;11;38,75
Nord Ovest;Piemonte;CN;H395;0;0;3;4;6,5;13,5
Nord Ovest;Lombardia;PV;H396;0;0;0;0;0,5;0,5
Sud;Campania;CE;H398;2,55;3,89;1;4,83;8,49;20,76
Sud;Abruzzo;AQ;H399;1;18;8;3;4,5;34,5
Sud;Abruzzo;AQ;H400;23;30,72;9;2;3;67,72
Centro;Lazio;RM;H401;4,33;5,6;0;2;0,89;12,82
Sud;Abruzzo;AQ;H402;29,17;59,59;4,5;7;8,19;108,45
Sud;Calabria;KR;H403;0;3;2;0;8;13
Centro;Lazio;RM;H404;36,67;56,17;42,99;38,67;34,17;208,67
Isole;Sicilia;ME;H405;0;1,67;0;1;0;2,67
Nord Ovest;Piemonte;AL;H406;0;3;2;0;2;7
Nord Ovest;Piemonte;CN;H407;15,67;19,19;8;2;7,5;52,36
Sud;Calabria;RC;H408;0;1;0;0;0;1
Sud;Puglia;TA;H409;0;2;3,5;4;3,5;13
Nord Ovest;Lombardia;BS;H410;0;20,06;13,56;8;20;61,62
Centro;Lazio;RM;H411;1;0;0;0;0;1
Sud;Campania;SA;H412;2;8,67;1,88;0;4,67;17,22
Centro;Lazio;LT;H413;5;8,5;1;3;2;19,5
Nord Ovest;Piemonte;AL;H414;1;2;1;5;14;23
Sud;Calabria;CS;H416;10;19,5;13,02;4,11;7,17;53,8
Centro;Toscana;GR;H417;1;10;5;6;7;29
Isole;Sicilia;ME;H418;14,5;25,67;15;3,5;12;70,67
Sud;Molise;IS;H420;1;0,33;1,33;3;2;7,66
Centro;Lazio;LT;H421;0;2;0,67;7;3,67;13,34
Isole;Sicilia;PA;H422;0;2;2;1;2;7
Sud;Campania;CE;H423;1,5;5;5;2;5;18,5
Sud;Abruzzo;CH;H424;0;3;2;0;3;8
Sud;Abruzzo;PE;H425;0;1;0;2,67;4;7,67
Sud;Basilicata;PZ;H426;2;5;1;0;1;9
Centro;Lazio;RI;H427;0;4;0;1;5;10
Isole;Sicilia;PA;H428;0;0,5;3,5;3;3;10
Sud;Abruzzo;AQ;H429;2;6;2,75;0;0;10,75
Sud;Campania;SA;H431;8;19,33;25,22;23,5;16,61;92,66
Centro;Lazio;RM;H432;22,17;31;21,38;14,88;50,17;139,6
Sud;Campania;NA;H433;7,33;6,5;14;8;12,5;48,33
Sud;Abruzzo;AQ;H434;48,69;51,5;15,15;6;1;122,34
Sud;Campania;CE;H436;0;2,5;2;2;1;7,5
Nord Est;Emilia-Romagna;FO;H437;0;6;7;8,5;10,67;32,17
Sud;Campania;AV;H438;0;1,86;0;1;2;4,86
Sud;Abruzzo;CH;H439;2;2;1;2;6,86;13,86
Sud;Abruzzo;TE;H440;3;0;0;0;0;3
Centro;Lazio;RM;H441;1;3;3;0;0;7
Sud;Abruzzo;CH;H442;4;2;3;2;2;13
Centro;Lazio;FR;H443;5;5;5,95;10;25,5;51,45
Centro;Lazio;LT;H444;0;1;1;1;1;4
Sud;Molise;IS;H445;0;0;0;0;0;0
Centro;Lazio;RI;H446;6;8;5,67;1;4;24,67
Nord Ovest;Piemonte;CN;H447;0;3;3;6;4;16
Sud;Abruzzo;CH;H448;0;0;2;4;6;12
Centro;Toscana;GR;H449;11;58,17;63,67;35,67;29;197,51
Nord Ovest;Lombardia;PV;H450;0;1;3;0;5;9
Nord Ovest;Piemonte;AT;H451;0;1;5;3;9;18
Nord Ovest;Liguria;SV;H452;3;1;2;0;8;14
Nord Ovest;Piemonte;CN;H453;3;15,17;13,39;4;6;41,56
Sud;Molise;CB;H454;0;0;1;2;3;6
Isole;Sicilia;ME;H455;0;2,8;2;0;2;6,8
Sud;Calabria;RC;H456;7;13,67;8,63;6;7,66;42,96
Sud;Molise;IS;H458;1;3;1;0;5,25;10,25
Sud;Campania;CE;H459;0;1;0;0;3,76;4,76
Nord Ovest;Liguria;IM;H460;3;1;5;2;1;12
Nord Ovest;Liguria;SP;H461;4;3;4;3,22;1;15,22
Nord Ovest;Piemonte;CN;H462;0;0;0;1;2,33;3,33
Nord Ovest;Piemonte;AL;H465;0;2,9;4,9;1;5;13,8
Nord Ovest;Piemonte;AT;H466;0;0;1;0;0,5;1,5
Sud;Puglia;FG;H467;3;8,05;3;3,33;3;20,38
Nord Ovest;Piemonte;AT;H468;0;2,88;2;6;5;15,88
Nord Ovest;Lombardia;MI;H470;4;15;22,5;22,4;17;80,9
Nord Ovest;Piemonte;CN;H472;1;2;2,75;2;6;13,75
Nord Ovest;Piemonte;CN;H473;0,5;1,5;1;1;4,5;8,5
Nord Ovest;Piemonte;CN;H474;1;1;3;0;5;10
Nord Ovest;Lombardia;BS;H477;6;23;34,8;19;25,83;108,63
Nord Ovest;Lombardia;CO;H478;0;4;7;5;3;19
Isole;Sicilia;ME;H479;1;2;2,5;1,5;2;9
Sud;Puglia;FG;H480;25,06;51,49;24,63;5,5;8;114,68
Nord Ovest;Lombardia;MN;H481;1;7;13;9;20,87;50,87
Nord Ovest;Lombardia;BS;H484;2;14,83;18,27;8,66;14,5;58,26
Sud;Campania;SA;H485;1;1;2;1;3,5;8,5
Nord Ovest;Lombardia;LC;H486;4;5,5;11;2;9;31,5
Sud;Calabria;CS;H488;4;7;9;10;8,3;38,3
Sud;Calabria;RC;H489;0;0;6;2;0;8
Sud;Calabria;CS;H490;5;3;5;6,5;5;24,5
Nord Ovest;Lombardia;PV;H491;1;0;3,5;2,5;1;8
Nord Ovest;Lombardia;BG;H492;3;7;11,92;6;2;29,92
Nord Ovest;Lombardia;SO;H493;0;2;3;1;0;6
Centro;Lazio;RM;H494;4;6;2;2;2;16
Sud;Abruzzo;CH;H495;2;1;1;1;1,83;6,83
Nord Ovest;Valle d'Aosta;AO;H497;2;1;2;2;1;8
Nord Ovest;Piemonte;TO;H498;2;6;2;5;9,57;24,57
Nord Est;Emilia-Romagna;RE;H500;0,5;18,5;7,5;1;19,83;47,33
Centro;Lazio;RM;H501;3540,39;15351,82;10481,32;4441,82;3477,6;37292,95
Nord Ovest;Piemonte;NO;H502;7;12,5;18,5;12;19,5;69,5
Sud;Campania;SA;H503;2;1;0;1;0;4
Nord Ovest;Lombardia;PV;H505;2;12,5;4;0;4,75;23,25
Isole;Sardegna;SS;H507;0;1;0;1;1;3
Nord Ovest;Lombardia;CR;H508;1;14;7,17;11,95;7,33;41,45
Nord Ovest;Lombardia;BG;H509;21,5;74,18;95,74;46,84;44,08;282,34
Nord Ovest;Piemonte;TO;H511;0;7;17;4;9,14;37,14
Nord Est;Veneto;VI;H512;4;42,5;26,75;28,5;39;140,75
Sud;Calabria;VV;H516;2;1;2,14;7;4;16,14
Nord Ovest;Piemonte;NO;H518;5,5;35;21,77;12,5;10,5;85,27
Isole;Sicilia;ME;H519;4;32,45;24,5;17,33;12;90,28
Nord Est;Veneto;VR;H522;1;7;13,22;6,22;20,5;47,94
Nord Est;Veneto;TV;H523;2;32;42,6;32,51;56,17;165,28
Nord Ovest;Lombardia;BS;H525;32,5;38,5;38,67;25,66;24,67;160
Nord Ovest;Lombardia;PV;H527;2;15;4;5;6;32
Nord Ovest;Lombardia;MI;H529;7;31;18;5,5;6;67,5
Nord Est;Friuli- Venezia Giulia;UD;H533;1;5,5;4;0;15,5;26
Centro;Lazio;VT;H534;20,67;51,33;36,75;15,5;29,33;153,58
Nord Ovest;Lombardia;BG;H535;6;12;6,5;3;4;31,5
Nord Ovest;Liguria;GE;H536;1;25;31;6,67;11;74,67
Nord Ovest;Lombardia;MI;H537;3;24;24;37,5;11;99,5
Nord Ovest;Piemonte;BI;H538;0;8;3;4;7;22
Nord Ovest;Piemonte;TO;H539;5;10;8;0;3;26
Nord Est;Veneto;VR;H540;0;10,85;14,22;14,67;40,39;80,13
Nord Ovest;Lombardia;MN;H541;3;21,5;13;14,5;37;89
Nord Est;Emilia-Romagna;FO;H542;2;9;8;11;13,33;43,33
Nord Ovest;Lombardia;BG;H544;12;10,75;0;3;2;27,75
Nord Ovest;Liguria;GE;H546;0;5;0;0;0;5
Nord Ovest;Piemonte;TO;H547;2;6;8;9;7,61;32,61
Nord Ovest;Piemonte;VC;H549;1;1;0;2;3;7
Nord Ovest;Piemonte;BI;H553;0;4;2;5;9,6;20,6
Nord Ovest;Piemonte;TO;H554;1;0;1;0;2,5;4,5
Nord Ovest;Piemonte;TO;H555;11;15,67;6;6;5;43,67
Nord Est;Veneto;VI;H556;5,17;24;16,5;17,5;61,33;124,5
Sud;Calabria;RC;H558;3;7;20,46;10;13;53,46
Nord Ovest;Lombardia;PV;H559;0;4;0;3;0;7
Nord Ovest;Lombardia;MI;H560;9,5;31;18,5;9,25;9;77,25
Nord Ovest;Piemonte;BI;H561;3;2;2;3;2,5;12,5
Sud;Abruzzo;PE;H562;0;2;5,5;5,33;13,67;26,5
Sud;Campania;SA;H564;0;1;1;0;1;3
Sud;Calabria;CS;H565;5;3,66;9;11;6;34,66
Sud;Abruzzo;CH;H566;0;2;0;0;0;2
Sud;Puglia;FG;H568;4,07;4;3,04;3;1,83;15,94
Nord Ovest;Piemonte;AL;H569;4;0;1;3,5;21;29,5
Centro;Toscana;LI;H570;84,4;343,84;175,22;84,17;72,28;759,91
Sud;Calabria;CS;H572;24;59,5;24;4;0;111,5
Nord Est;Veneto;RO;H573;97;108,5;46,5;30,61;27,9;310,51
Isole;Sicilia;SR;H574;19,1;27,6;30,78;22,2;41,34;141,02
Centro;Marche;AN;H575;1;3,2;3,89;5;11;24,09
Nord Ovest;Piemonte;VC;H577;2;1,93;1;2;0;6,93
Nord Ovest;Piemonte;CN;H578;0;5,33;4,86;4;4,16;18,35
Nord Est;Veneto;VI;H580;3;33;15;19,7;34,2;104,9
Nord Ovest;Liguria;GE;H581;0;11,5;10;5,5;4;31
Nord Ovest;Piemonte;TO;H583;2;17;16;15;16,67;66,67
Nord Ovest;Lombardia;BG;H584;7;26,75;12,5;2,5;2,92;51,67
Sud;Calabria;CS;H585;0;0;1;0;1;2
Centro;Marche;AP;H588;0;1;0;0;2;3
Sud;Molise;CB;H589;0;2;0;0;1;3
Sud;Basilicata;PZ;H590;3;6;3;2,22;7,89;22,11
Sud;Basilicata;MT;H591;8;8,4;3;3,2;3,2;25,8
Sud;Campania;AV;H592;6,34;3,34;4;2;9,56;25,24
Nord Est;Emilia-Romagna;PC;H593;13;36;71,67;31;42,18;193,85
Nord Est;Veneto;VI;H594;3;18,24;3;1;4,05;29,29
Nord Ovest;Lombardia;BS;H598;16;86;72,77;44,93;65,42;285,12
Nord Ovest;Liguria;GE;H599;5;10,34;9;0,33;2;26,67
Nord Ovest;Lombardia;CO;H601;9;63,42;44,75;16,25;21,5;154,92
Nord Ovest;Lombardia;CO;H602;11;46,35;32,5;14,5;7;111,35
Nord Ovest;Lombardia;MN;H604;1;14,5;27;27,17;40,5;110,17
Nord Est;Veneto;VR;H606;0;1;3,67;7,5;16,25;28,42
Nord Est;Veneto;VR;H608;1;20;12,5;7;9,08;49,58
Nord Est;Friuli- Venezia Giulia;PN;H609;0;15;10;9,25;33;67,25
Nord Est;Veneto;VR;H610;0;1;4;6;6;17
Nord Ovest;Lombardia;PV;H614;0;2;1;2;7;12
Nord Ovest;Lombardia;BG;H615;10,67;41,83;20,16;4;11,5;88,16
Centro;Lazio;RM;H618;1;5;1;2;2;11
Nord Est;Veneto;RO;H620;58,15;170,61;219,59;136,35;169,63;754,33
Sud;Calabria;CS;H621;0;1;4,07;0;0;5,07
Nord Est;Veneto;PD;H622;0;16;10;10;24,75;60,75
Nord Ovest;Lombardia;MI;H623;55,5;226,36;127,28;24,97;21,33;455,44
Nord Est;Veneto;PD;H625;1;45;103,44;73,73;54,42;277,59
Nord Ovest;Piemonte;TO;H627;13;41,02;25;11,5;23;113,52
Nord Est;Emilia-Romagna;RE;H628;16;57,01;46,5;18;37,34;174,85
Nord Ovest;Lombardia;BS;H630;2;7;23;8;15,75;55,75
Nord Ovest;Piemonte;TO;H631;1;3;0;1;4,5;9,5
Sud;Puglia;LE;H632;19,75;19,4;9;11;17,39;76,54
Nord Ovest;Piemonte;CN;H633;0;0;0;0;1;1
Centro;Toscana;FI;H635;7;32,75;23,42;21,67;15,17;100,01
Sud;Basilicata;PZ;H641;7;8,33;2;0;2,68;20,01
Nord Est;Emilia-Romagna;RA;H642;5,5;56,5;53,25;32,17;62,5;209,92
Sud;Puglia;BA;H643;13,77;40,92;71,25;40,04;19,42;185,4
Sud;Campania;SA;H644;3;4;1;1;4;13
Sud;Puglia;BA;H645;45,76;67,2;74;50,3;29,01;266,27
Sud;Basilicata;PZ;H646;1;5;4;2;0;12
Centro;Lazio;LT;H647;17;103,78;87,53;41,61;24,5;274,42
Nord Ovest;Lombardia;BS;H650;1;5;18;9,17;3,94;37,11
Nord Ovest;Lombardia;MN;H652;0;2;7;6;26,09;41,09
Sud;Campania;SA;H654;0;1;0;0;1;2
Nord Est;Veneto;PD;H655;0;6;11,5;11;24,95;53,45
Nord Est;Friuli- Venezia Giulia;PN;H657;7;51;73,01;61,67;83,07;275,75
Centro;Lazio;RM;H658;15;17,5;24,5;10,5;31;98,5
Isole;Sardegna;NU;H659;1;1;2;0;4;8
Isole;Sardegna;NU;H661;0;0;0;0;1;1
Nord Ovest;Piemonte;BI;H662;2;10;9;1;4,67;26,67
Nord Ovest;Valle d'Aosta;AO;H669;2;6,5;6;2;9;25,5
Nord Ovest;Valle d'Aosta;AO;H670;0;1;3;3;1;8
Nord Ovest;Valle d'Aosta;AO;H671;4;9;4;5;6;28
Nord Ovest;Valle d'Aosta;AO;H672;2;7;0;2;1;12
Nord Ovest;Valle d'Aosta;AO;H673;0;1;2;0;0;3
Nord Ovest;Valle d'Aosta;AO;H674;2;19,5;17,67;5;4;48,17
Nord Ovest;Valle d'Aosta;AO;H675;4;2,35;0;2;0;8,35
Nord Ovest;Valle d'Aosta;AO;H676;28;46,5;21;13;7,5;116
Nord Ovest;Piemonte;AL;H677;0;0;1;0;11;12
Nord Est;Emilia-Romagna;BO;H678;13;41,83;25,17;14;18;112
Nord Ovest;Lombardia;CO;H679;0;7;2;1;3;13
Nord Ovest;Piemonte;BI;H681;0;0;9;6;5,67;20,67
Nord Est;Emilia-Romagna;PR;H682;4;19,03;31,5;16,5;16,31;87,34
Sud;Campania;SA;H683;3;8,61;20,22;12;15,92;59,75
Nord Ovest;Piemonte;TO;H684;1;3;2;1;2;9
Sud;Campania;SA;H686;3;4;2;2;1;12
Sud;Basilicata;MT;H687;3;16;4;2,5;0;25,5
Isole;Sicilia;TP;H688;0;0;3;2;3;8
Nord Est;Veneto;RO;H689;0;4;2;4;13;23
Nord Ovest;Piemonte;VC;H690;0;0;0;1;1;2
Nord Ovest;Piemonte;TO;H691;0;7;6,13;7,13;10;30,26
Sud;Molise;CB;H693;1;8;2;3;3;17
Nord Ovest;Piemonte;AL;H694;0;15;6;6,5;27;54,5
Nord Ovest;Piemonte;CN;H695;0;1;3;2;5,33;11,33
Nord Ovest;Lombardia;BS;H699;2;12,67;5,62;6,33;8,8;35,42
Isole;Sicilia;TP;H700;5;11,11;17;27,5;22,5;83,11
Nord Ovest;Lombardia;LO;H701;0;9;10;3,5;9,5;32
Nord Ovest;Piemonte;TO;H702;0;0;2;1;2;5
Sud;Campania;SA;H703;72,26;323,27;382,81;300,33;223,67;1302,34
Nord Ovest;Piemonte;CN;H704;0;0;0;0;2,25;2,25
Nord Est;Veneto;TV;H706;2,5;19,5;24,5;10,67;21,61;78,78
Nord Ovest;Piemonte;VC;H707;0;0;0;0;0;0
Sud;Puglia;LE;H708;2,73;7,5;14;8,58;11,83;44,64
Nord Ovest;Piemonte;CN;H710;0;2;5;4;3;14
Nord Est;Veneto;VR;H712;3;0;2,6;5;5;15,6
Centro;Lazio;RI;H713;1;2;1;3;0;7
Nord Est;Veneto;VR;H714;1;6,13;2,59;6,09;16,13;31,94
Sud;Abruzzo;PE;H715;2;1,5;2;1;0;6,5
Nord Ovest;Piemonte;CN;H716;0;1;1;2;4,67;8,67
Nord Ovest;Lombardia;BS;H717;9,5;70,5;60,61;23,85;24,61;189,07
Nord Est;Emilia-Romagna;PR;H720;33,84;108,83;148,91;47,5;60,97;400,05
Nord Ovest;Lombardia;VA;H723;1,33;10;8;4,17;9;32,5
Nord Est;Emilia-Romagna;RN;H724;5;15;14,91;9;8,5;52,41
Nord Ovest;Piemonte;VC;H725;2;14;14,5;7,5;16;54
Nord Ovest;Piemonte;BI;H726;3;4;9,25;4;11,25;31,5
Nord Ovest;Piemonte;CN;H727;15,95;62,51;74,54;31,89;53,4;238,29
Sud;Puglia;LE;H729;21,02;48,17;18;12,11;21,92;121,22
Sud;Basilicata;PZ;H730;0;4;3;1;2;10
Nord Ovest;Lombardia;CR;H731;1;1;2;0,07;3,5;7,57
Sud;Campania;SA;H732;0;0,03;0,28;1;0;1,31
Sud;Campania;AV;H733;1;8;2;1,67;0;12,67
Nord Ovest;Piemonte;TO;H734;3;2,5;1;1;0;7,5
Nord Est;Veneto;VE;H735;11;44,83;41;24;50,92;171,75
Nord Ovest;Lombardia;VA;H736;8,9;48;74,08;32,5;69,08;232,56
Isole;Sardegna;CA;H738;0;4,17;2;5,74;9,5;21,41
Isole;Sardegna;CA;H739;0;0;1,2;1;3,17;5,37
Isole;Sicilia;AG;H743;5,16;11,67;14;15,5;26,34;72,67
Centro;Toscana;PT;H744;9,8;12;6,3;9,5;14,5;52,1
Centro;Lazio;RM;H745;3,38;6;4;3;1;17,38
Nord Ovest;Piemonte;CN;H746;0;0;0;0;1,88;1,88
Sud;Puglia;BA;H749;4;12;11;18,67;12,5;58,17
Nord Ovest;Lombardia;SO;H752;3;1,22;2;6;5,72;17,94
Nord Ovest;Piemonte;TO;H753;0;5;0;4;4;13
Nord Ovest;Piemonte;CN;H755;27,03;33,91;7,67;5;13,25;86,86
Isole;Sardegna;OR;H756;0;0;1;1,33;8,16;10,49
Sud;Puglia;LE;H757;0;2;1,5;2;4,17;9,67
Nord Ovest;Lombardia;CO;H760;2;1;0;0;1;4
Nord Ovest;Liguria;IM;H763;67,93;51,93;22,67;4;1;147,53
Sud;Campania;BN;H764;2;5,75;10;3,67;2;23,42
Sud;Calabria;CS;H765;1;1;1;0;1;4
Isole;Sardegna;CA;H766;0;0;0;0;1,62;1,62
Nord Ovest;Lombardia;CR;H767;0;4;5,5;6;5;20,5
Nord Est;Veneto;RO;H768;0;3;1;3,5;9,5;17
Centro;Marche;AP;H769;67,91;231,78;133,76;85,06;66,68;585,19
Nord Ovest;Piemonte;CN;H770;0;0;2;0;3,5;5,5
Nord Ovest;Lombardia;MN;H771;1;18,5;10,5;9,5;42,11;81,61
Sud;Abruzzo;AQ;H772;7;18;8;8,5;7,5;49
Sud;Abruzzo;AQ;H773;0;1;1;0;0;2
Sud;Calabria;CS;H774;0;0;0;2;1;3
Nord Ovest;Piemonte;TO;H775;1,01;19,01;36;16;15,5;87,52
Nord Ovest;Piemonte;VB;H777;1;4;6,33;3;8;22,33
Isole;Sicilia;AG;H778;1,83;4;2;6,83;8,5;23,16
Centro;Lazio;FR;H779;2;2;0;1;2;7
Nord Ovest;Liguria;IM;H780;4;2;5;2;1,5;14,5
Nord Est;Veneto;TV;H781;2;40;37,05;21,67;34,47;135,19
Sud;Molise;CB;H782;0;0,5;1;0;0;1,5
Nord Est;Veneto;VR;H783;17,1;72,27;81,6;42,31;71,71;284,99
Sud;Abruzzo;CH;H784;4;4,5;3;3;1,5;16
Sud;Calabria;VV;H785;0;0;2;2;3;7
Nord Ovest;Piemonte;TO;H789;1;8;9;5;10,5;33,5
Centro;Toscana;SI;H790;1,5;8;5,5;5;8;28
Centro;Toscana;FI;H791;9;33,58;40,5;29,58;51,83;164,49
Isole;Sicilia;CL;H792;19,06;52,38;58,94;55,58;45,56;231,52
Sud;Puglia;LE;H793;8;12,33;24,59;22,5;28,67;96,09
Nord Est;Emilia-Romagna;MO;H794;5;50,75;43,5;26,33;21,5;147,08
Sud;Basilicata;PZ;H795;0;0;0;0;0;0
Sud;Basilicata;PZ;H796;1;2;3;1,33;0;7,33
Isole;Sicilia;PA;H797;1;3;3;7;8,5;22,5
Sud;Campania;CE;H798;5,4;6;4,4;9;22,65;47,45
Nord Ovest;Lombardia;PV;H799;0;4;2;1;1;8
Sud;Campania;SA;H800;2;20,33;51;28;16,17;117,5
Nord Est;Emilia-Romagna;RN;H801;5;48,75;21;7,5;12;94,25
Nord Ovest;Liguria;GE;H802;3;18;8;7;9,33;45,33
Nord Ovest;Lombardia;MI;H803;4;55;29,25;21,5;29,33;139,08
Nord Ovest;Piemonte;TO;H804;0;0;0;2;3;5
Isole;Sicilia;CT;H805;1;7;6,75;1;4;19,75
Sud;Calabria;CS;H806;0;0;0;0;3;3
Sud;Calabria;VV;H807;2;0;2;1;3,39;8,39
Sud;Basilicata;PZ;H808;0;1;0;0,33;0;1,33
Centro;Marche;PS;H809;3;23;21,5;10;15,67;73,17
Nord Ovest;Piemonte;AL;H810;0;1;3;0;3;7
Nord Ovest;Piemonte;AT;H811;4,33;25,42;20;10,15;49,85;109,75
Nord Ovest;Piemonte;CN;H812;4;1;3;2;0;10
Nord Ovest;Lombardia;PV;H814;0;1;2;1;5;9
Nord Ovest;Lombardia;CR;H815;0;3;2;1,48;15;21,48
Nord Est;Friuli- Venezia Giulia;UD;H816;1;19,5;23;14,5;42,29;100,29
Sud;Calabria;CS;H818;0;7;2;3,67;5,11;17,78
Sud;Abruzzo;AQ;H819;0;2;1;1;5,33;9,33
Nord Ovest;Piemonte;TO;H820;0;0;1;2;1,5;4,5
Nord Ovest;Piemonte;BI;H821;1;6;8;5;16,5;36,5
Sud;Puglia;BR;H822;1;3;12;12;12,5;40,5
Nord Est;Veneto;VE;H823;19;152,25;146,87;100,27;129,86;548,25
Centro;Lazio;FR;H824;9;12;7;2;9;39
Sud;Calabria;CS;H825;1;1;2;2;1;7
Sud;Puglia;LE;H826;1;5;11,13;11;10,5;38,63
Nord Ovest;Lombardia;MI;H827;28,25;177,65;131,14;48,25;41,42;426,71
Nord Est;Veneto;VI;H829;5;11,83;23,5;12;23;75,33
Sud;Basilicata;PZ;H831;8;7,9;0,5;4;6,5;26,9
Sud;Molise;CB;H833;0;2;4;0;5;11
Sud;Campania;CE;H834;13,66;13,22;35,39;38,9;29,5;130,67
Nord Est;Emilia-Romagna;MO;H835;4;57,5;55,33;37,04;47,75;201,62
Centro;Lazio;LT;H836;19,67;39,17;45,5;29,06;33,72;167,12
Nord Ovest;Lombardia;BS;H838;6,66;23,66;16;7;19,83;73,15
Sud;Puglia;FG;H839;12;31,04;34,5;17,83;28,61;123,98
Nord Ovest;Lombardia;CO;H840;6;19;29,33;16;21,75;92,08
Sud;Calabria;CS;H841;0;1;1;2;7,5;11,5
Isole;Sicilia;ME;H842;1;6;17,33;19;15;58,33
Nord Est;Veneto;TV;H843;1;27;25;7;25,75;85,75
Nord Ovest;Lombardia;LO;H844;0;3;8,5;2,5;9,5;23,5
Sud;Calabria;CZ;H846;2;3;3,89;1;3;12,89
Nord Ovest;Piemonte;TO;H847;2;7;16;10;30,5;65,5
Isole;Sardegna;SS;H848;15,17;30,5;11;7,5;11;75,17
Isole;Sicilia;ME;H850;1;4;4;0,25;2;11,25
Nord Ovest;Piemonte;CN;H851;1;2;6,22;5;11;25,22
Nord Ovest;Piemonte;CN;H852;4;10,75;9;6;7,73;37,48
Nord Ovest;Piemonte;TO;H855;2;10;9;4,66;21,85;47,51
Isole;Sardegna;CA;H856;6,58;4;12,63;9,67;28,85;61,73
Centro;Umbria;TR;H857;1,5;9;7;6;13;36,5
Nord Ovest;Lombardia;PV;H859;2;12,5;14,5;18,5;17;64,5
Sud;Campania;NA;H860;4;5;6,28;11,17;17,67;44,12
Nord Ovest;Piemonte;VC;H861;1;26;25;6;8;66
Nord Ovest;Piemonte;TO;H862;1;11;7;3;10;32
Nord Ovest;Lombardia;BS;H865;0;17,5;21,5;4;6;49
Sud;Molise;CB;H867;1,5;5;5,5;2;5,25;19,25
Nord Ovest;Lombardia;SO;H868;7,5;7;4;4;2,83;25,33
Nord Ovest;Lombardia;MN;H870;0;1;4;6,5;12;23,5
Nord Ovest;Lombardia;VA;H872;2;2;2,67;4;5;15,67
Nord Ovest;Piemonte;TO;H873;3;9;16;7;15,5;50,5
Centro;Toscana;SI;H875;10;23,5;23,33;12,11;21;89,94
Centro;Marche;MC;H876;3;2;5;4;23;37
Sud;Calabria;CS;H877;14;21,51;13,75;8,25;4,33;61,84
Nord Ovest;Piemonte;AL;H878;0;3;1,5;3;4;11,5
Centro;Lazio;FR;H880;2;5;2;3;1,5;13,5
Sud;Calabria;CS;H881;1;3;3;0;2;9
Sud;Puglia;TA;H882;2;8;28;46,09;31,8;115,89
Nord Ovest;Lombardia;MN;H883;6;58,17;56,33;34,42;41,17;196,09
Nord Ovest;Lombardia;MI;H884;6,5;44,5;30,75;14,17;16,5;112,42
Nord Ovest;Lombardia;PV;H885;0;5;1;7;3;16
Nord Est;Emilia-Romagna;PC;H887;1;6,25;20;13,8;22;63,05
Sud;Basilicata;MT;H888;1;5,5;4;6;0;16,5
Sud;Calabria;RC;H889;0,33;9;1;4,1;4,5;18,93
Nord Ovest;Piemonte;TO;H890;0;4;6,5;9;8,5;28
Nord Est;Friuli- Venezia Giulia;PN;H891;0;0;4,75;3,5;22,78;31,03
Sud;Campania;NA;H892;24,7;78,41;122,05;88,04;37,72;350,92
Nord Est;Veneto;PD;H893;4;34;18,67;22,23;38,12;117,02
Sud;Campania;BN;H894;2;10;17,84;31,92;23,13;84,89
Nord Est;Friuli- Venezia Giulia;UD;H895;2,67;17;24;13,17;24,17;81,01
Nord Est;Emilia-Romagna;BO;H896;7;39,17;54,5;36,5;46,5;183,67
Nord Est;Veneto;PD;H897;0;13,5;3;9;27,17;52,67
Sud;Campania;BN;H898;4,57;8;0,5;2;2;17,07
Nord Ovest;Piemonte;AT;H899;0;0;0;0;2;2
Nord Ovest;Piemonte;TO;H900;3;9;11;2;5;30
Centro;Toscana;AR;H901;20,5;53,75;61,75;35,72;29,5;201,22
Sud;Calabria;RC;H903;5;1,5;2;0;1;9,5
Nord Est;Friuli- Venezia Giulia;UD;H906;3;13;25,5;21;19,17;81,67
Sud;Campania;SA;H907;8,67;18,68;11;7,5;11,5;57,35
Nord Ovest;Lombardia;BG;H910;2;15;14,73;10,7;8;50,43
Nord Ovest;Lombardia;MN;H912;0;3;1;0;6;10
Centro;Lazio;VT;H913;6,67;4,33;5,5;1;0;17,5
Isole;Sicilia;AG;H914;2,33;16,45;12;10;10,68;51,46
Nord Est;Veneto;VR;H916;2,8;4;7;17,67;20,33;51,8
Centro;Lazio;FR;H917;1;3;7,25;1;4,67;16,92
Nord Ovest;Lombardia;CR;H918;3;2;5;3;11,17;24,17
Sud;Calabria;CS;H919;17,64;23,98;26,07;29,5;17,88;115,07
Sud;Molise;CB;H920;3;5;1;1;2;12
Nord Est;Emilia-Romagna;RN;H921;2;26;22,5;14,5;20;85
Isole;Sicilia;CT;H922;4;31,83;51,43;64,99;99,67;251,92
Sud;Abruzzo;CH;H923;2;3;0;1;0;6
Nord Est;Veneto;VR;H924;4,33;72,76;102,66;63;64,36;307,11
Sud;Puglia;FG;H926;28,4;68,83;73,7;40,95;43,33;255,21
Sud;Molise;CB;H928;0;1;5;2,5;2;10,5
Sud;Molise;CB;H929;0;1;1;2,66;1;5,66
Nord Ovest;Lombardia;MI;H930;57;363,95;168,58;57,1;33,54;680,17
Sud;Campania;NA;H931;7;10;25,5;18,5;33,63;94,63
Isole;Sicilia;PA;H933;2;6,5;7;13;21,67;50,17
Centro;Umbria;PG;H935;7,25;15,5;25;23,67;29,48;100,9
Nord Ovest;Piemonte;TO;H936;3;4;9;5;22,83;43,83
Centro;Toscana;FI;H937;1;8,88;9,5;2;3;24,38
Nord Est;Veneto;BL;H938;1;2;5,75;7;8,33;24,08
Sud;Campania;CE;H939;0;4;2,5;0;1,67;8,17
Isole;Sicilia;CT;H940;0,5;13;26,5;35,92;49,93;125,85
Sud;Calabria;VV;H941;0;2;1;1;1;5
Centro;Lazio;RM;H942;0;5;1;2;2;10
Sud;Campania;SA;H943;4;6,17;3,34;2;5,67;21,18
Nord Est;Veneto;VR;H944;0;14;22,34;15,5;30,5;82,34
Nord Est;Emilia-Romagna;BO;H945;19;149,1;139,12;50,72;58,86;416,8
Nord Est;Emilia-Romagna;RN;H949;4;16,5;12;6;15,71;54,21
Nord Est;Friuli- Venezia Giulia;UD;H951;0;2;2;8;4;16
Sud;Campania;BN;H953;7;0;4;3;4;18
Sud;Campania;BN;H955;0;0;1;0;0,67;1,67
Nord Ovest;Liguria;IM;H957;5,5;20;8;2;2;37,5
Centro;Marche;PS;H958;0;4;6;11;21,5;42,5
Sud;Calabria;RC;H959;1;10;4,67;3;1,5;20,17
Sud;Calabria;CS;H961;2;0;0;0;0;2
Sud;Calabria;CS;H962;0;0;4;2;3;9
Sud;Campania;BN;H967;0;2;1;1;1,5;5,5
Centro;Lazio;VT;H969;1,5;10,17;5;3;8;27,67
Sud;Calabria;RC;H970;0;0;1;0;1;2
Sud;Calabria;CS;H971;16;20;23,5;13;5,75;78,25
Sud;Campania;BN;H973;0;0;0;2;1,75;3,75
Isole;Sardegna;CA;H974;2,8;12,33;10,55;8;23,72;57,4
Sud;Campania;AV;H975;0;3;3;3,5;1,5;11
Sud;Calabria;CZ;H976;0;0;4;0,5;4,33;8,83
Sud;Campania;SA;H977;1;8;4,67;6;5,25;24,92
Sud;Campania;CE;H978;6,2;19,13;26,53;36;21,88;109,74
Centro;Marche;AN;H979;0;2,33;3,33;11;5;21,66
Sud;Calabria;CS;H981;4;2,33;7;4,13;14,16;31,62
Isole;Sicilia;ME;H982;5;4;3;0;5,33;17,33
Sud;Campania;BN;H984;1;0;1;0;1,46;3,46
Sud;Puglia;FG;H985;40,98;36,28;21,08;18,13;11,27;127,74
Sud;Puglia;FG;H986;3;2;0;5;1;11
Nord Ovest;Piemonte;AT;H987;0;3;2;2;2;9
Sud;Molise;CB;H990;10;13,17;13;8,33;3,83;48,33
Sud;Abruzzo;CH;H991;1;5;1;2;6,5;15,5
Sud;Calabria;CS;H992;0;3;1;1,75;2,75;8,5
Sud;Basilicata;PZ;H994;0;3,94;1;0;0;4,94
Nord Est;Veneto;RO;H996;1;8;14,5;8;11,5;43
Nord Ovest;Piemonte;TO;H997;0;1;0,5;0;9;10,5
Nord Est;Friuli- Venezia Giulia;PN;H999;0;0;3;2,03;14;19,03
Sud;Campania;BN;I002;2,67;1;1;1;8,08;13,75
Nord Est;Veneto;VR;I003;5;62,83;104,97;60,16;31,5;264,46
Nord Ovest;Lombardia;MN;I005;0;2,5;2;3;18,97;26,47
Nord Ovest;Lombardia;CR;I007;0;0;0;1;2,5;3,5
Nord Est;Veneto;PD;I008;7;17;21,5;17,5;45,12;108,12
Nord Est;Emilia-Romagna;RE;I011;6;33,56;36,19;13,5;30,09;119,34
Nord Ovest;Lombardia;LO;I012;5,5;29,67;31,5;7,75;9;83,42
Nord Ovest;Lombardia;PV;I014;10;26;28;18;8;90
Sud;Campania;AV;I016;6;9,67;9,84;4,67;10,5;40,68
Nord Ovest;Piemonte;AT;I017;0;1;2;0;8,67;11,67
Sud;Puglia;TA;I018;0;8;9,5;13,39;8;38,89
Sud;Campania;SA;I019;13,5;13,01;18,29;8,29;10,04;63,13
Sud;Molise;CB;I023;10;11,5;5,5;1;2;30
Nord Ovest;Piemonte;TO;I024;6;41;30;28;32,83;137,83
Nord Ovest;Piemonte;NO;I025;1,5;3,5;6;1,5;17;29,5
Sud;Calabria;KR;I026;0;0;1;1,67;1,25;3,92
Nord Est;Emilia-Romagna;FO;I027;7;51;39,25;23,23;31,67;152,15
Isole;Sicilia;PA;I028;3;3;4;5;2,5;17,5
Sud;Basilicata;MT;I029;1,92;4,92;2;0;1;9,84
Nord Ovest;Piemonte;TO;I030;10;94,17;67,17;24;33,17;228,51
Sud;Campania;SA;I031;2;4;3,25;3;2;14,25
Sud;Campania;SA;I032;0;0;1;0;0,67;1,67
Sud;Campania;AV;I034;0,68;1;6;3;5;15,68
Isole;Sicilia;CT;I035;9,42;6,72;6;4,5;13;39,64
Nord Ovest;Piemonte;CN;I037;0;1;5;6;2;14
Nord Est;Veneto;VE;I040;336,36;285,29;43,1;30,9;36,77;732,42
Sud;Puglia;BR;I045;9;18,5;9,67;11;9;57,17
Centro;Toscana;PI;I046;7;92,67;92,42;58,67;101,48;352,24
Nord Ovest;Lombardia;PV;I048;6,07;28;22,33;12;20,5;88,9
Sud;Campania;BN;I049;0;2;3;3;3;11
Nord Ovest;Lombardia;CO;I051;0;1,5;1;0,33;0,44;3,27
Nord Ovest;Piemonte;NO;I052;0;2;3;0;3;8
Sud;Puglia;BA;I053;6;15,5;23,5;12;27,99;84,99
Sud;Puglia;FG;I054;26,67;35,72;33,55;18,68;20,28;134,9
Sud;Campania;CE;I056;8;37,77;61,43;70,5;46,14;223,84
Sud;Calabria;KR;I057;1;1;0;1;1;4
Sud;Calabria;VV;I058;1;1;1;0;1,12;4,12
Sud;Puglia;LE;I059;5,54;9;16,44;20,67;10,67;62,32
Sud;Calabria;CS;I060;39;81,36;32,5;9;7;168,86
Sud;Campania;AV;I061;0;0;1;0;0;1
Sud;Campania;BN;I062;5;2;8,08;5;5,5;25,58
Nord Est;Veneto;BL;I063;2;7;6;4;2;21
Sud;Puglia;BR;I066;3;15,5;11,88;9;15;54,38
Centro;Marche;AN;I071;1;0;2,5;3;1;7,5
Sud;Puglia;FG;I072;8,5;10,75;8;6;6,33;39,58
Sud;Campania;NA;I073;2;2;7,13;9;12;32,13
Nord Ovest;Piemonte;AT;I076;0;1;0;2;6,5;9,5
Nord Ovest;Lombardia;BG;I079;8,17;20;14,13;8,5;6,75;57,55
Isole;Sicilia;ME;I084;0;7,75;2,5;3;0;13,25
Isole;Sicilia;ME;I086;0;5;3;7,17;2,33;17,5
Nord Est;Veneto;BL;I088;4;9,17;8;2,09;3,25;26,51
Sud;Campania;SA;I089;1;1;0,83;0;4;6,83
Nord Ovest;Piemonte;TO;I090;1;3,08;5;6;6,08;21,16
Nord Est;Friuli- Venezia Giulia;UD;I092;0;1;2,89;3;8;14,89
Sud;Calabria;CZ;I093;5;2;4,5;7,17;5,75;24,42
Sud;Calabria;CZ;I095;0;1,2;3;1;1;6,2
Sud;Molise;IS;I096;1;5,17;2;1,5;1;10,67
Isole;Sicilia;CT;I098;0;9;23;24;18;74
Sud;Calabria;RC;I102;2;1;0;1,5;1;5,5
Nord Est;Veneto;TV;I103;6,67;5;9,91;10;29,32;60,9
Nord Est;Veneto;VR;I105;0;7;6;6;21,01;40,01
Nord Est;Veneto;PD;I107;0;6;9;8;21,67;44,67
Sud;Calabria;CS;I108;1;1;2;2;1;7
Nord Est;Veneto;VR;I109;2;18,95;31;35,94;31,5;119,39
Nord Est;Emilia-Romagna;BO;I110;13;78,75;78,17;30,5;32,47;232,89
Sud;Campania;CE;I113;0;2;1;2;4;9
Sud;Calabria;CS;I114;1;1;9;3;2;16
Sud;Puglia;LE;I115;1;10;8;14,22;7,63;40,85
Nord Ovest;Piemonte;NO;I116;5;6,08;7;8,5;6,66;33,24
Nord Est;Veneto;VI;I117;0;1;0;2,5;2,75;6,25
Isole;Sardegna;CA;I118;0;2;1,67;4,8;5,07;13,54
Sud;Puglia;BR;I119;6;18,08;31,4;26,92;45,33;127,73
Nord Est;Veneto;PD;I120;1;4,5;9,78;4,83;12,17;32,28
Sud;Abruzzo;AQ;I121;0;2;2;2;2;8
Sud;Molise;CB;I122;0;2;0;0;4;6
Nord Est;Emilia-Romagna;RE;I123;2,75;22;20,22;17,94;14,33;77,24
Nord Est;Veneto;TV;I124;2;16,5;8;3;11,51;41,01
Centro;Lazio;RM;I125;11,65;24,5;8;1;3;48,15
Nord Ovest;Piemonte;TO;I126;0;0;0;0;0;0
Nord Est;Emilia-Romagna;MO;I128;1;12;16;9;14,5;52,5
Sud;Campania;AV;I129;0;2;1,78;3,5;7;14,28
Sud;Campania;CE;I130;3;2;4,16;2;4;15,16
Sud;Campania;CE;I131;8;22;41;37,5;25;133,5
Sud;Calabria;RC;I132;0;1;0;0;0;1
Nord Est;Emilia-Romagna;MO;I133;2;31,5;31,5;20,75;17,67;103,42
Centro;Toscana;SI;I135;0;13,5;9;8,67;12;43,17
Nord Est;Friuli- Venezia Giulia;PN;I136;1;4,5;10,5;7;30,28;53,28
Nord Ovest;Piemonte;TO;I137;1;7;9,5;5;24;46,5
Nord Ovest;Liguria;IM;I138;362,39;532,4;259,7;94,32;90,67;1339,48
Sud;Calabria;RC;I139;0;2;1;2;2;7
Nord Ovest;Lombardia;LO;I140;5;28;20;11;14,5;78,5
Centro;Toscana;LU;I142;2;2;4;0,17;6,86;15,03
Sud;Campania;SA;I143;1;0;0;3;1;5
Nord Ovest;Piemonte;AL;I144;2,5;13;10;9,67;23,17;58,34
Sud;Campania;BN;I145;1;0;1;5;7;14
Isole;Sicilia;ME;I147;0;1;3;1;0;5
Sud;Abruzzo;CH;I148;36,83;83,17;58,17;58,42;24,33;260,92
Nord Ovest;Piemonte;AL;I150;0;6;0;2;2;10
Sud;Campania;NA;I151;5,5;17,5;25;17;17;82
Nord Ovest;Piemonte;TO;I152;0;1;5;2;11,5;19,5
Nord Est;Emilia-Romagna;PR;I153;1;11,94;10,83;10,5;29,5;63,77
Nord Ovest;Piemonte;TO;I154;0;6;8;7;22;43
Centro;Toscana;AR;I155;2;38,75;46,25;43,75;50,55;181,3
Centro;Marche;MC;I156;6,13;20,66;30,67;32,78;28,33;118,57
Sud;Basilicata;PZ;I157;0;1;2;1;2;6
Sud;Puglia;FG;I158;42,61;126,4;141,51;124,1;78,68;513,3
Nord Ovest;Lombardia;CO;I162;14,5;17,83;7,75;4,5;4;48,58
Sud;Campania;AV;I163;3;1;0;2;5;11
Sud;Calabria;CZ;I164;2;11;2;2;4,75;21,75
Sud;Calabria;CS;I165;0;2;2;0;5;9
Isole;Sardegna;CA;I166;1;22;37,5;18;19,01;97,51
Nord Ovest;Lombardia;BG;I168;10,83;5;3,25;3,92;0,75;23,75
Isole;Sicilia;CL;I169;5;11,02;17;5;15,35;53,37
Sud;Calabria;CZ;I170;1,5;14,5;9;3;5;33
Sud;Calabria;CS;I171;1;2;1;1;3,17;8,17
Sud;Puglia;LE;I172;6,5;16,5;13,75;4,67;4;45,42
Isole;Sicilia;PA;I174;3;1;6;3;6;19
Nord Ovest;Lombardia;PV;I175;3;14;7,5;2,67;9,5;36,67
Sud;Calabria;RC;I176;0,5;0,5;0,75;0;0;1,75
Centro;Toscana;PI;I177;12,5;41,1;60,53;36,94;57,73;208,8
Isole;Sicilia;RG;I178;15,25;61,53;54,75;35,12;35,18;201,83
Sud;Campania;BN;I179;1;0;3;3,75;1,5;9,25
Sud;Molise;CB;I181;1,58;8;11;8;6,5;35,08
Isole;Sardegna;CA;I182;1,5;1;1,75;5,04;5;14,29
Sud;Calabria;CS;I183;4;4;1;2;2;13
Isole;Sicilia;ME;I184;0;0;0;1;0;1
Isole;Sicilia;AG;I185;0;2;6;2,5;1;11,5
Centro;Toscana;GR;I187;8;35,5;24,17;14,5;17,67;99,84
Isole;Sicilia;PA;I188;15,75;30,74;24;23,3;26,84;120,63
Sud;Molise;IS;I189;1;1;0;1;2,5;5,5
Nord Ovest;Piemonte;AL;I190;0;1;4;1;3;9
Nord Est;Emilia-Romagna;BO;I191;6;35,5;20,5;17,34;11,5;90,84
Sud;Calabria;CS;I192;1;5;1,53;2;3;12,53
Sud;Puglia;FG;I193;3;6;2,5;0;0;11,5
Nord Est;Emilia-Romagna;RA;I196;3;9;8;12,5;9,94;42,44
Sud;Campania;BN;I197;5;11;11,5;11;29,95;68,45
Sud;Calabria;RC;I198;1;0;0;1;0;2
Isole;Sicilia;ME;I199;7;31,55;26,44;28,5;22,25;115,74
Nord Est;Emilia-Romagna;RN;I201;2;7;6;5;10;30
Isole;Sicilia;CT;I202;2;13;21,84;43,5;41,39;121,73
Nord Ovest;Lombardia;PV;I203;1;8;6;0,5;11;26,5
Isole;Sardegna;OR;I205;2;11,25;4,25;9;5,75;32,25
Nord Est;Veneto;BL;I206;3,93;10,26;12,13;17,5;36,76;80,58
Nord Est;Veneto;PD;I207;2,5;9;8;14,33;20,33;54,16
Sud;Campania;NA;I208;6;12,37;12,5;5;4;39,87
Nord Ovest;Piemonte;CN;I210;1;5,33;7,33;3;7;23,66
Nord Ovest;Lombardia;PV;I213;1;1;2;6,5;2;12,5
Sud;Calabria;RC;I214;0;1;0;0;0;1
Isole;Sicilia;ME;I215;24,67;28,5;7;3;2,67;65,84
Isole;Sicilia;CT;I216;3;3;4;5;4,75;19,75
Centro;Toscana;PI;I217;3;14;15;1,5;10,25;43,75
Sud;Campania;AV;I219;0;2;3;1;1;7
Isole;Sicilia;ME;I220;0;7;10;6,44;7,19;30,63
Nord Est;Veneto;TV;I221;4;21,5;30,05;21,55;29,35;106,45
Isole;Sicilia;AG;I224;1;4,8;10;14,5;22,44;52,74
Nord Ovest;Liguria;GE;I225;18;74,97;53,67;20,61;32,67;199,92
Nord Ovest;Lombardia;PV;I230;6;4,17;0,89;2;0,5;13,56
Centro;Toscana;PI;I232;7;78,5;51;35,57;42;214,07
Sud;Campania;CE;I233;10,03;20,93;26,75;25;36,17;118,88
Sud;Campania;CE;I234;15,16;42,72;85,39;90,38;60,99;294,64
Nord Ovest;Lombardia;PV;I236;6;24,5;10,5;7,39;11;59,39
Nord Ovest;Lombardia;PV;I237;0;5;6,1;11;11;33,1
Sud;Molise;IS;I238;0;0;2;0;3;5
Isole;Sicilia;CT;I240;4,02;14,31;17;13;19,08;67,41
Nord Est;Veneto;VE;I242;9;71,08;56,5;37;56,25;229,83
Nord Ovest;Lombardia;LC;I243;0;8;8;3;1;20
Sud;Abruzzo;CH;I244;1;2;8;1;10;22
Sud;Campania;CE;I247;2;1;2,17;4,93;8,56;18,66
Nord Est;Friuli- Venezia Giulia;UD;I248;4;2;3;3;13,5;25,5
Nord Ovest;Piemonte;VB;I249;9;22,35;14;4;10,33;59,68
Centro;Marche;AN;I251;2;7;6;6,5;14;35,5
Sud;Campania;SA;I253;4,09;27,22;5;1,23;3,18;40,72
Isole;Sicilia;ME;I254;1,76;4;0;1;5,71;12,47
Centro;Lazio;RM;I255;54;253,72;100,36;52,68;42,75;503,51
Centro;Lazio;FR;I256;0;0;0;0;2;2
Nord Ovest;Piemonte;TO;I258;0;16;27;7,5;14,75;65,25
Nord Est;Veneto;VR;I259;1,5;29;41,49;11,75;32,92;116,66
Sud;Campania;SA;I260;2;3;2;0;0,75;7,75
Sud;Campania;CE;I261;2;10;17;19,17;12,39;60,56
Sud;Campania;NA;I262;14,45;22,58;44,02;32,67;9,5;123,22
Centro;Umbria;PG;I263;1;1;3;2;4;11
Sud;Campania;AV;I264;1;2;2;1;0;6
Centro;Lazio;FR;I265;1;0;0;0;3;4
Sud;Calabria;CZ;I266;9;30,36;7,25;3;2;51,61
Isole;Sardegna;CA;I271;0;0,67;0;0;3;3,67
Sud;Campania;CE;I273;3;1;0;1,6;5,33;10,93
Nord Ovest;Lombardia;LO;I274;9;62,33;70,33;21,17;38,83;201,66
Nord Est;Veneto;PD;I275;0;9;27;30,5;42,87;109,37
Nord Ovest;Lombardia;PV;I276;0;2;3;7;1;13
Sud;Campania;BN;I277;3;4,8;1,73;2;11;22,53
Sud;Campania;SA;I278;0;0;0;0;1;1
Sud;Campania;AV;I279;1;0,6;1;1,72;2,5;6,82
Sud;Campania;AV;I280;0;4;1;4;1,5;10,5
Sud;Campania;AV;I281;0,2;2,5;7;7;10,09;26,79
Sud;Molise;IS;I282;1;1;1,83;2;3;8,83
Isole;Sicilia;ME;I283;2;1;4;2,5;3;12,5
Centro;Lazio;RM;I284;8,5;19,61;15;6;6,5;55,61
Centro;Marche;MC;I286;1;2;0;0;4;7
Centro;Marche;PS;I287;1;3;7,75;6,75;19;37,5
Sud;Basilicata;PZ;I288;0;4;1,5;3;1,33;9,83
Sud;Molise;CB;I289;3;4;0;0;1;8
Isole;Sicilia;AG;I290;2,8;5,8;3,89;1;2,83;16,32
Isole;Sicilia;TP;I291;0;9;9;7;12;37
Nord Est;Veneto;VR;I292;3;12,17;5;3,5;11,8;35,47
Sud;Campania;NA;I293;23,17;53,34;62,99;43,25;31,38;214,13
Isole;Sardegna;CA;I294;9,5;44,92;27,77;12,83;28,13;123,15
Nord Ovest;Piemonte;TO;I296;1;14,34;17,25;7;9,25;48,84
Isole;Sardegna;OR;I298;1;1;0;0;3;5
Sud;Campania;NA;I300;9,75;12,83;17,03;16,89;11,78;68,28
Sud;Campania;AV;I301;1,67;3;2,67;3;1;11,34
Centro;Lazio;FR;I302;1;5;2;2;7,67;17,67
Nord Est;Emilia-Romagna;RN;I304;2;56,4;82,75;46,35;47,5;235
Sud;Basilicata;PZ;I305;11,55;10,75;10,92;6;4;43,22
Sud;Campania;CE;I306;1,83;15,33;67,12;21,33;15,75;121,36
Sud;Campania;SA;I307;5;4;4;3;14,5;30,5
Sud;Calabria;KR;I308;5;4;2;1;1;13
Sud;Calabria;CS;I309;1;1;2;4;5;13
Nord Est;Emilia-Romagna;FO;I310;2,5;28,51;18,93;4;11,94;65,88
Isole;Sicilia;ME;I311;20,67;32,33;36;16,83;10,67;116,5
Isole;Sardegna;SS;I312;79,05;134,63;49;10;21,5;294,18
Isole;Sicilia;CT;I314;3;14,75;26,24;24,39;20,51;88,89
Centro;Marche;AP;I315;0;0;4;0;9;13
Nord Ovest;Piemonte;CN;I316;1;6;13;2;8;30
Sud;Campania;SA;I317;4;6,75;9,67;7;8,5;35,92
Sud;Abruzzo;TE;I318;0;12;8,5;16,17;18,5;55,17
Nord Est;Veneto;PD;I319;0;4;5,5;6;7;22,5
Sud;Molise;CB;I320;3;2;3;2,5;1,5;12
Centro;Lazio;FR;I321;1;10;6;7;13,67;37,67
Sud;Calabria;CZ;I322;0;2;6;2;3;13
Centro;Marche;AP;I324;4,67;29,67;42,25;24,5;31;132,09
Sud;Abruzzo;AQ;I326;7;17;13,67;4;3,42;45,09
Nord Ovest;Piemonte;TO;I327;3,5;21,13;50;17;33,7;125,33
Isole;Sicilia;ME;I328;1;5;1,75;1,42;1;10,17
Isole;Sardegna;NU;I329;43,09;142,3;53,13;15,39;14,48;268,39
Sud;Puglia;BA;I330;34,67;57,15;54,96;67,22;54,05;268,05
Sud;Abruzzo;PE;I332;1;6;3;3;1;14
Sud;Calabria;RC;I333;0;10;8,71;2,5;4,26;25,47
Sud;Abruzzo;CH;I335;2;5;3;1;4;15
Sud;Abruzzo;AQ;I336;0;0,42;2;0;0,42;2,84
Nord Ovest;Piemonte;VC;I337;3;37;31,5;15,67;17,82;104,99
Centro;Lazio;LT;I339;3;6;7;10;18;44
Sud;Calabria;RC;I341;3,5;6;5;0;2;16,5
Nord Est;Emilia-Romagna;RE;I342;3;28;64,5;25,91;25,5;146,91
Centro;Marche;PS;I344;1;2;5;3,5;4;15,5
Nord Ovest;Liguria;GE;I346;1;30;23,72;13,84;13;81,56
Nord Est;Veneto;BL;I347;1;5,5;6,33;7;6;25,83
Sud;Abruzzo;TE;I348;0;3;11;8;11;33
Sud;Calabria;VV;I350;3;10,89;4;5;5;27,89
Centro;Lazio;FR;I351;2;3;4;1;3,5;13,5
Centro;Lazio;RM;I352;5,5;14;9,77;5;14,5;48,77
Nord Est;Veneto;VI;I353;1;5;16,94;12;15,5;50,44
Isole;Sicilia;AG;I356;0;5;2;5;5,1;17,1
Sud;Campania;AV;I357;0;0;2;1;3;6
Sud;Calabria;CS;I359;0;1;2;2;5,5;10,5
Sud;Abruzzo;AQ;I360;5;3;3;0;1;12
Nord Ovest;Lombardia;MI;I361;1;22,72;25,5;4;7,06;60,28
Nord Ovest;Lombardia;LO;I362;1;5;7;5,44;5,5;23,94
Nord Ovest;Liguria;SP;I363;8,45;57,7;39;24,5;18,5;148,15
Centro;Lazio;FR;I364;3;5,5;4;0;4;16,5
Nord Ovest;Liguria;IM;I365;36,89;64,97;9;4;5;119,86
Nord Ovest;Piemonte;CN;I367;3;18,5;9,5;6,5;17,33;54,83
Nord Ovest;Liguria;GE;I368;9;8;4;3;1,5;25,5
Isole;Sicilia;ME;I370;6;14,5;9;12,17;5;46,67
Sud;Calabria;RC;I371;1;4;6,5;3;3;17,5
Nord Ovest;Piemonte;CN;I372;0;1;3;2;9;15
Nord Est;Veneto;VE;I373;5,62;24;30;23,42;39,4;122,44
Isole;Sardegna;OR;I374;2;4;4;3;14,83;27,83
Nord Est;Veneto;PD;I375;0;0;1,33;3;12;16,33
Sud;Abruzzo;PE;I376;2;5,05;5;1;5;18,05
Sud;Campania;SA;I377;13;11,33;8,5;13,93;12;58,76
Centro;Umbria;TR;I381;2,5;2,5;1,5;4;12;22,5
Nord Est;Veneto;TV;I382;1,86;20,17;24,75;12,67;37,4;96,85
Isole;Sardegna;OR;I384;2,96;10,07;9,5;7;4,06;33,59
Sud;Calabria;CS;I388;2;1,5;7;4;4;18,5
Sud;Abruzzo;AQ;I389;5,34;3,5;3;1,75;2;15,59
Centro;Toscana;LI;I390;17,01;91,72;41,7;19;12;181,43
Sud;Campania;NA;I391;8;16;36,37;16;10,33;86,7
Nord Est;Veneto;BL;I392;5,67;22;17,67;5;4;54,34
Sud;Calabria;CZ;I393;0;1;1;1;2;5
Sud;Abruzzo;CH;I394;6;26;16,5;5;15;68,5
Sud;Puglia;BR;I396;7,33;32,67;58,84;35,5;18;152,34
Centro;Lazio;RM;I400;6;12;4;2;2;26
Nord Est;Veneto;VI;I401;0;4,67;4,5;5,5;5,67;20,34
Isole;Sardegna;CA;I402;2;3;10,84;7,75;9,25;32,84
Nord Est;Friuli- Venezia Giulia;PN;I403;2;37,5;42,45;29,28;51;162,23
Nord Est;Friuli- Venezia Giulia;UD;I405;0;3;2;2;6,25;13,25
Isole;Sicilia;TP;I407;15;77,57;27,79;14,5;8,75;143,61
Centro;Lazio;FR;I408;0;0;0;2;2;4
Nord Ovest;Lombardia;MI;I409;7;62;55;13,83;21,67;159,5
Sud;Campania;SA;I410;4;2;1;2,75;1,19;10,94
Nord Ovest;Lombardia;BS;I412;7;19,5;17;10,46;13,25;67,21
Nord Est;Veneto;VR;I414;5;20,16;13,67;8;12;58,83
Nord Ovest;Lombardia;MI;I415;2;22,36;29;11,4;12;76,76
Nord Ovest;Lombardia;PV;I416;1;3;3;4;3;14
Nord Est;Veneto;TV;I417;2;9;16;8;23,5;58,5
Nord Est;Veneto;PD;I418;0;34;53,88;41,01;79,65;208,54
Isole;Sicilia;ME;I420;4;5;2,1;1;3;15,1
Nord Est;Friuli- Venezia Giulia;UD;I421;11,96;40,82;12;4;6,5;75,28
Sud;Campania;SA;I422;9,5;26;19,16;11,55;6,33;72,54
Sud;Calabria;CS;I423;1;1;4;7;5;18
Centro;Lazio;RM;I424;1,5;4;0;0,5;1;7
Nord Est;Veneto;VI;I425;1,67;1,5;7;7,55;20;37,72
Sud;Basilicata;PZ;I426;0;0,75;1;3;0,75;5,5
Isole;Sardegna;CA;I428;3;2,33;4;5;13,35;27,68
Nord Ovest;Piemonte;AL;I429;0;0;3;0;3;6
Nord Est;Veneto;VI;I430;2;22;26;17;20,97;87,97
Nord Ovest;Piemonte;AL;I432;0;1;3;1;6;11
Nord Ovest;Lombardia;BS;I433;7,33;41,5;65,17;31;27;172
Nord Est;Emilia-Romagna;PC;I434;13;13;12,5;10;6,67;55,17
Nord Est;Veneto;TV;I435;1;4;9,5;6,2;15;35,7
Centro;Marche;MC;I436;12,63;14,78;16,53;7,12;12,7;63,76
Nord Ovest;Lombardia;BG;I437;8;21,76;31,84;16,5;23;101,1
Sud;Campania;SA;I438;50,6;67,3;55,33;39,72;43,15;256,1
Nord Ovest;Lombardia;VA;I441;52,8;235,11;158,55;102,11;86,62;635,19
Nord Ovest;Valle d'Aosta;AO;I442;7;25;10;14;6,5;62,5
Isole;Sardegna;CA;I443;0,8;9,13;17,72;14;14,5;56,15
Nord Est;Emilia-Romagna;FO;I444;0;12,5;17,33;8,5;3,8;42,13
Centro;Toscana;SI;I445;5;13,5;19,5;6;13,61;57,61
Nord Ovest;Lombardia;PV;I447;0;3;6,78;5,5;2;17,28
Isole;Sardegna;NU;I448;0;0;0;0;1,86;1,86
Nord Ovest;Liguria;SP;I449;20;85,58;73,2;43,67;51,77;274,22
Sud;Campania;SA;I451;0;0;1;2;4;7
Isole;Sardegna;SS;I452;129,28;371,91;383,29;302,94;253,08;1440,5
Nord Ovest;Liguria;SV;I453;14;24;13;10,33;12,33;73,66
Centro;Toscana;LI;I454;3;10;4;1;1;19
Sud;Campania;BN;I455;0;1;1;0;4;6
Sud;Basilicata;PZ;I457;0;4;0;0;0;4
Nord Est;Emilia-Romagna;RN;I460;0;8;1;4;5;18
Centro;Marche;AN;I461;3;12,33;18,33;15,5;26,45;75,61
Nord Est;Emilia-Romagna;MO;I462;45,71;164,25;229,52;114,1;78,97;632,55
Sud;Calabria;CZ;I463;2,78;8;8,75;9;6;34,53
Nord Est;Friuli- Venezia Giulia;UD;I464;0;5;1,5;1;1;8,5
Nord Ovest;Piemonte;TO;I465;74,2;14,79;4;1;2;95,99
Nord Ovest;Piemonte;TO;I466;62,56;71,97;8,5;2,5;4;149,53
Sud;Puglia;TA;I467;2;12,56;36,15;35,08;28,55;114,34
Sud;Calabria;KR;I468;0;0;2;4;2,5;8,5
Sud;Campania;NA;I469;6,78;18;21,92;24,59;28,26;99,55
Nord Ovest;Piemonte;CN;I470;12;74,13;88;32,64;49,25;256,02
Sud;Campania;AV;I471;3;7;4;1;0;15
Nord Est;Emilia-Romagna;FO;I472;17;70,01;47,34;43,49;47,67;225,51
Nord Est;Emilia-Romagna;MO;I473;6,57;30;39,01;18;12,26;105,84
Nord Ovest;Liguria;GE;I475;0;10,99;10,33;12,34;14;47,66
Nord Ovest;Lombardia;BS;I476;3;4,5;5,9;3;6;22,4
Isole;Sicilia;ME;I477;1;5,5;2,5;1;1;11
Nord Est;Friuli- Venezia Giulia;UD;I478;1;1,75;1;3;4;10,75
Nord Ovest;Liguria;SV;I480;57,21;308,58;288,49;128,8;80,11;863,19
Sud;Abruzzo;PE;I482;1;4;4;3;6;18
Sud;Campania;SA;I483;26;65,84;78,33;90,74;60,5;321,41
Nord Ovest;Piemonte;CN;I484;3;0;0;0;0;3
Sud;Calabria;CS;I485;2;1;0;2;2;7
Sud;Campania;SA;I486;1;4;1;1,17;0;7,17
Nord Ovest;Lombardia;PV;I487;0;1;1,5;5;5;12,5
Sud;Calabria;CS;I489;491,36;431,51;76,5;25;30;1054,37
Nord Ovest;Piemonte;TO;I490;0;9;7;7,5;9,5;33
Isole;Sicilia;ME;I492;0;5,5;0;2,33;4;11,83
Sud;Campania;AV;I493;1;1;3;0;1;6
Sud;Calabria;KR;I494;0;3;3,8;2;5;13,8
Nord Est;Emilia-Romagna;RE;I496;6,5;75,5;109,59;65,75;76,83;334,17
Nord Ovest;Lombardia;CR;I497;0;0;0;2,5;10;12,5
Nord Ovest;Lombardia;CR;I498;0;0;0;1,06;2;3,06
Centro;Lazio;RI;I499;10;17,25;12;5;14,67;58,92
Sud;Abruzzo;AQ;I501;6;18,8;10,5;2;3;40,3
Isole;Sardegna;OR;I503;0;0;0;3;4,22;7,22
Centro;Toscana;GR;I504;5,8;23,19;33;14,5;18,5;94,99
Nord Ovest;Lombardia;BG;I506;5;40,5;57;21,5;35,92;159,92
Sud;Molise;IS;I507;4;0;3;0;2;9
Centro;Toscana;GR;I510;6,66;128;35,5;10;11,5;191,66
Nord Ovest;Piemonte;TO;I511;2;2;4;1,38;5;14,38
Nord Ovest;Piemonte;CN;I512;0;4;7;4;5;20
Sud;Abruzzo;CH;I520;3;3,67;3;1;9;19,67
Centro;Umbria;PG;I522;1;11,2;4,75;2;3,34;22,29
Centro;Umbria;PG;I523;1;2;0,67;2;2;7,67
Sud;Abruzzo;CH;I526;4;9;9;3,5;1;26,5
Nord Est;Veneto;VI;I527;0;4;4;3;9;20
Nord Ovest;Lombardia;CO;I529;1;2,58;4,56;1,67;3;12,81
Nord Ovest;Lombardia;BG;I530;18;12,27;7,02;1;3,25;41,54
Nord Est;Veneto;VI;I531;14,63;99,24;128,61;92,77;133,46;468,71
Nord Ovest;Lombardia;MN;I532;0;2;1;2,33;12,83;18,16
Isole;Sicilia;AG;I533;70,83;121,08;100,7;74,84;78,8;446,25
Isole;Sicilia;PA;I534;1,8;3;4;4;1;13,8
Isole;Sicilia;RG;I535;43;111,94;108,24;52,25;63,67;379,1
Sud;Calabria;RC;I536;2;1;0;0;0;3
Sud;Calabria;RC;I537;3,5;9,93;8,78;8;6;36,21
Isole;Sicilia;PA;I538;0;0;0;0;1,92;1,92
Nord Ovest;Piemonte;TO;I539;0;1,5;1;4;14;20,5
Sud;Campania;NA;I540;4;4;14,5;7,5;15,22;45,22
Isole;Sicilia;PA;I541;0;1;2;0,25;0;3,25
Sud;Abruzzo;AQ;I543;0;3;2;0,8;0;5,8
Nord Ovest;Piemonte;VC;I544;4;4;2,5;2;4,5;17
Nord Ovest;Piemonte;VC;I545;22,33;23,5;3;6;3;57,83
Sud;Abruzzo;AQ;I546;2;10;5;4;11;32
Isole;Sicilia;CT;I548;13,5;38,05;24,14;16,86;25,5;118,05
Sud;Puglia;LE;I549;6,72;14,38;11,17;9,8;13,36;55,43
Nord Est;Veneto;VE;I551;1;44,5;47,83;47,72;65,05;206,1
Sud;Abruzzo;AQ;I553;1;8,5;4,5;7;6,67;27,67
Nord Ovest;Piemonte;AT;I555;0;0;1;5;1;7
Nord Ovest;Liguria;IM;I556;0;5;3;0;0;8
Sud;Abruzzo;AQ;I558;0;4,5;2;0;1;7,5
Sud;Puglia;LE;I559;3,39;1;2;0;3,67;10,06
Nord Ovest;Lombardia;LO;I561;2;12;8;3,96;3;28,96
Nord Est;Friuli- Venezia Giulia;UD;I562;0;6;4;1,5;25;36,5
Nord Est;Veneto;BL;I563;5,5;25,83;22,75;21;30,71;105,79
Isole;Sardegna;OR;I564;0;0;2;2;5,92;9,92
Isole;Sardegna;SS;I565;1;2;2;1;1,67;7,67
Nord Ovest;Lombardia;MI;I566;17,33;61,63;76,35;19,03;19;193,34
Nord Ovest;Lombardia;BG;I567;1;10;6,5;5;3,97;26,47
Centro;Marche;MC;I569;2;0,25;2,33;0,5;5,5;10,58
Isole;Sardegna;CA;I570;1;1;1,83;3,67;5,24;12,74
Centro;Toscana;GR;I571;9;13;8,5;7;10;47,5
Centro;Lazio;RM;I573;13;28,58;26,5;29,17;10,83;108,08
Nord Ovest;Lombardia;MI;I577;43,5;245,52;212,95;97,38;85,89;685,24
Nord Est;Veneto;TV;I578;2,83;6,5;9;1;4,39;23,72
Isole;Sardegna;CA;I580;18,83;136,28;68,86;46,05;55,94;325,96
Centro;Lazio;RI;I581;0;2;3;1;3,67;9,67
Isole;Sardegna;CA;I582;1;0;1;2;2,83;6,83
Centro;Umbria;PG;I585;0;4;2;0;4;10
Nord Ovest;Lombardia;BS;I588;0;0;0;2;1;3
Sud;Calabria;CZ;I589;1;0;1;0;0;2
Sud;Calabria;CZ;I590;21;50;28,5;10,38;14;123,88
Nord Est;Veneto;BL;I592;4,78;9,52;1,5;0;4;19,8
Nord Est;Veneto;VR;I594;3;3;3;3;3;15
Nord Est;Veneto;PD;I595;1;48,84;110,64;84,58;108,34;353,4
Nord Ovest;Lombardia;BG;I597;13,17;22,5;26,16;10,16;11,12;83,11
Isole;Sardegna;SS;I598;0;0,5;1;1;1;3,5
Nord Ovest;Lombardia;PV;I599;0;0;0;0;2;2
Sud;Calabria;RC;I600;0;2;2;2,5;2;8,5
Centro;Toscana;GR;I601;3;7;8;3;1,5;22,5
Nord Ovest;Lombardia;MI;I602;25;172,13;96,27;28,83;20,04;342,27
Isole;Sardegna;OR;I605;0;2;0;6,5;8,75;17,25
Sud;Campania;AV;I606;0;0;0,5;2;2;4,5
Nord Ovest;Lombardia;BS;I607;1;6;1,8;2;7;17,8
Centro;Marche;AN;I608;71,38;192,61;154,68;104,8;70,2;593,67
Isole;Sardegna;OR;I609;0;0;0;0;3;3
Sud;Basilicata;PZ;I610;13,5;24,5;8;3,67;5;54,67
Nord Ovest;Lombardia;CO;I611;0;9;6,5;3;4,92;23,42
Nord Ovest;Lombardia;LO;I612;1;11;13;5;9,11;39,11
Isole;Sardegna;OR;I613;0;0;1;1;0;2
Isole;Sardegna;SS;I614;4;9;7;5,57;12;37,57
Isole;Sardegna;CA;I615;1;7,62;11,98;3;15,44;39,04
Sud;Molise;CB;I618;0;2,66;6,33;1;6,5;16,49
Nord Est;Friuli- Venezia Giulia;PN;I621;0;1,5;4;7;17;29,5
Centro;Toscana;LU;I622;14;51,42;50;29,67;28,33;173,42
Isole;Sardegna;CA;I624;0;1;3;2;10,83;16,83
Nord Ovest;Lombardia;MI;I625;73,02;271,9;220,67;95,17;81,21;741,97
Nord Est;Veneto;BL;I626;2;4;9;5,4;9;29,4
Nord Ovest;Lombardia;CR;I627;1;17,67;15,67;8,93;4,5;47,77
Nord Ovest;Lombardia;BG;I628;39,53;144,57;138,03;41,5;39,08;402,71
Nord Ovest;Lombardia;BG;I629;8,87;55,41;9,84;17,54;5,5;97,16
Sud;Campania;AV;I630;2;4,33;9,5;8;7,44;31,27
Nord Ovest;Lombardia;BS;I631;3;12,75;11;9,5;15,08;51,33
Nord Ovest;Lombardia;MN;I632;4;17;26,33;26,58;47,84;121,75
Nord Ovest;Lombardia;BS;I633;64,5;116,68;48,67;14;17,11;260,96
Centro;Lazio;LT;I634;4;29;21;18,5;16,33;88,83
Nord Est;Veneto;TV;I635;7,19;12,5;6,83;12,33;30,28;69,13
Nord Ovest;Lombardia;SO;I636;0;1;1;0,83;1;3,83
Nord Ovest;Piemonte;AT;I637;0;1;0;0,5;1;2,5
Sud;Calabria;VV;I639;14;18;14,25;9,5;13,3;69,05
Nord Ovest;Liguria;GE;I640;5;32;34,62;10,5;13;95,12
Sud;Puglia;FG;I641;13;19;11,75;10;7,5;61,25
Sud;Calabria;CS;I642;0;1;0;1;1;3
Centro;Marche;AN;I643;0;7;8,72;8;8,67;32,39
Isole;Sicilia;CL;I644;15;13;12,5;9,5;7;57
Nord Ovest;Piemonte;AL;I645;0;0;0;0;5,5;5,5
Nord Ovest;Piemonte;CN;I646;0;1;1;0;2;4
Isole;Sardegna;CA;I647;4,75;8,17;14,34;13,51;26,67;67,44
Sud;Campania;SA;I648;0;1;0;0;1;2
Sud;Abruzzo;PE;I649;7;0;0;3,5;3;13,5
Centro;Marche;MC;I651;0;4;2;1;2;9
Sud;Campania;NA;I652;3,89;2;3,67;0,8;6,75;17,11
Centro;Marche;AN;I653;0,68;7,95;10,5;7;10,03;36,16
Centro;Marche;PS;I654;0;0;3;0;4;7
Sud;Calabria;CZ;I655;1;2;2,11;3;2;10,11
Sud;Calabria;RC;I656;0;2,8;0;0;1;3,8
Nord Ovest;Piemonte;AL;I657;2;40;55;19;21;137
Nord Ovest;Piemonte;CN;I659;0;3;1;1;8;13
Centro;Toscana;PT;I660;4;24;29,5;25,47;36,5;119,47
Centro;Marche;MC;I661;3,5;7,48;4;4;3;21,98
Nord Ovest;Lombardia;MN;I662;0;0;0;5;7;12
Nord Ovest;Piemonte;VC;I663;1;15;12;4,5;16;48,5
Sud;Campania;SA;I666;0;3;4;4;5,22;16,22
Isole;Sardegna;CA;I667;0;0;1;3;18,95;22,95
Isole;Sardegna;NU;I668;0;0;0;1;4;5
Centro;Lazio;FR;I669;3;6;21;11,44;6,83;48,27
Sud;Calabria;CZ;I671;2,5;7;6,58;0;2;18,08
Nord Est;Veneto;BL;I673;4;5;4,78;4,5;4;22,28
Sud;Campania;CE;I676;44,08;137,21;100,56;82,64;76,23;440,72
Sud;Campania;SA;I677;2;2;0;4;1;9
Nord Ovest;Piemonte;AT;I678;0;4;0;0;1;5
Sud;Molise;IS;I679;1;1;1;4;0;7
Centro;Toscana;AR;I681;0,21;8,67;5,67;3,83;2,5;20,88
Sud;Molise;IS;I682;1;0;1,5;2;2,25;6,75
Nord Ovest;Lombardia;CR;I683;0;1,67;8,5;5,5;13;28,67
Centro;Toscana;FI;I684;26,76;141,42;202,7;89,18;59,59;519,65
Nord Est;Friuli- Venezia Giulia;PN;I686;0;11;11;9;27,17;58,17
Nord Ovest;Lombardia;VA;I688;16;68,17;57,5;41;41,5;224,17
Nord Est;Emilia-Romagna;MO;I689;19,87;56,1;19;11;10;115,97
Nord Ovest;Lombardia;MI;I690;263,04;782,36;358,32;101,75;34,17;1539,64
Nord Ovest;Piemonte;TO;I692;113,84;56;13,02;4,02;3;189,88
Nord Ovest;Liguria;GE;I693;40,88;100,65;81,33;34,63;12,5;269,99
Isole;Sardegna;CA;I695;12;109;40,36;22;32,75;216,11
Nord Ovest;Lombardia;MI;I696;5;30,83;26,5;14,14;14,33;90,8
Centro;Lazio;FR;I697;1;0;0;0;0;1
Nord Ovest;Piemonte;AT;I698;1;0;3;2;2;8
Isole;Sardegna;CA;I699;1;23,5;16,25;8,5;21,16;70,41
Nord Ovest;Lombardia;MI;I700;15,83;158,27;101,86;42,33;22,2;340,49
Nord Ovest;Piemonte;TO;I701;0;0;0;2;5;7
Nord Ovest;Piemonte;TO;I702;1;3;4;4,98;6,92;19,9
Nord Ovest;Piemonte;TO;I703;30,5;293,79;267,02;65,88;48,11;705,3
Sud;Calabria;CZ;I704;2;11,5;8,5;8;4,5;34,5
Isole;Sardegna;CA;I705;1,6;0;0;0;0,8;2,4
Isole;Sardegna;NU;I706;0,5;2,05;4,6;2,84;2;11,99
Isole;Sardegna;NU;I707;0;2;3;2;4;11
Nord Ovest;Lombardia;MI;I709;37,5;173,49;139;61,33;42,5;453,82
Nord Ovest;Piemonte;AL;I711;0;3;2;1;13;19
Centro;Lazio;LT;I712;19,49;34,5;32,34;35,55;40,05;161,93
Centro;Lazio;FR;I716;8,26;12,3;8,13;2;2;32,69
Isole;Sardegna;OR;I717;0;0;0;0;1;1
Isole;Sardegna;OR;I718;0;0;0;2;1;3
Sud;Campania;SA;I720;6,25;8,42;8,8;11;10,75;45,22
Isole;Sardegna;OR;I721;0;0;2;0;1;3
Isole;Sicilia;AG;I723;17,2;17,78;12,44;10,5;5;62,92
Isole;Sardegna;CA;I724;0;0;0;0;0;0
Sud;Calabria;RC;I725;9;26;37;20,5;26,3;118,8
Centro;Toscana;SI;I726;48,09;212,63;222,28;130,4;111,37;724,77
Centro;Umbria;PG;I727;1,87;2;7,67;1,87;4,67;18,08
Centro;Toscana;FI;I728;11;83;67,86;27,5;26,02;215,38
Isole;Sardegna;NU;I730;0;0;0;0;5,85;5,85
Isole;Sardegna;SS;I732;0;1,5;1;1,5;3;7
Isole;Sardegna;CA;I734;0;1,13;2,87;4,42;5,25;13,67
Isole;Sardegna;CA;I735;0;1;0;1;4,25;6,25
Nord Ovest;Piemonte;NO;I736;1;2;1;1;4;9
Nord Ovest;Piemonte;AL;I738;0;4;3,17;4,5;1,75;13,42
Nord Ovest;Lombardia;PV;I739;0;0;0;0;5;5
Sud;Abruzzo;TE;I741;66,67;128,23;90,99;32,44;20,17;338,5
Isole;Sardegna;OR;I742;0;0;1;1;1;3
Isole;Sardegna;OR;I743;1;2;1;3,5;5,16;12,66
Sud;Calabria;VV;I744;1;3,33;0;1;0;5,33
Sud;Calabria;CZ;I745;17,67;47,5;19;8,5;4;96,67
Isole;Sicilia;ME;I747;0;4;3;3;3;13
Isole;Sardegna;NU;I748;0;1;5;2;1;9
Isole;Sardegna;OR;I749;0;1;0;0;0;1
Nord Ovest;Piemonte;CN;I750;0;0,5;0;2;2;4,5
Isole;Sardegna;NU;I751;10,25;47,89;37,37;15,01;17;127,52
Isole;Sardegna;CA;I752;7,75;67,55;54,92;32,22;39,42;201,86
Sud;Calabria;RC;I753;0;1;0;0;0;1
Isole;Sicilia;SR;I754;155,12;373;382,71;372,91;365,89;1649,63
Sud;Campania;AV;I756;1;6;13;7;11;38
Isole;Sardegna;OR;I757;0;0;0;1;1;2
Centro;Marche;AN;I758;14;43,5;11,87;13,66;6;89,03
Nord Ovest;Lombardia;LC;I759;7,5;6;12;1;4;30,5
Nord Ovest;Lombardia;LC;I761;1,75;6,54;10;6,5;6;30,79
Isole;Sardegna;CA;I765;1;0;1;0;1;3
Nord Ovest;Piemonte;NO;I767;0;2;2,5;0;1,5;6
Centro;Marche;AP;I774;0;0;0,83;0;2,5;3,33
Nord Est;Veneto;VR;I775;3;23,56;29,67;22,83;17,55;96,61
Nord Est;Friuli- Venezia Giulia;UD;I777;0;0;0;2;6,15;8,15
Isole;Sardegna;OR;I778;0;0;0;0;0;0
Nord Est;Emilia-Romagna;FO;I779;0;7;11,33;8;15,5;41,83
Sud;Puglia;LE;I780;0;2,33;8,83;8,33;18,31;37,8
Nord Ovest;Piemonte;AT;I781;0;0;0;0;2,25;2,25
Nord Ovest;Lombardia;BS;I782;12;16;12,03;7;14,25;61,28
Nord Est;Veneto;VI;I783;0;7,67;5;7;12,14;31,81
Isole;Sicilia;SR;I785;1;11,36;12,5;7;8;39,86
Nord Ovest;Lombardia;MI;I786;7;94,67;71;15,25;24,44;212,36
Nord Est;Emilia-Romagna;RA;I787;2;11,5;8,83;5,67;24,67;52,67
Nord Ovest;Lombardia;CR;I790;0;4;0;3;7;14
Isole;Sardegna;OR;I791;0;2;10;0,5;4;16,5
Nord Ovest;Lombardia;VA;I793;4;21;25,5;5;15,5;71
Nord Ovest;Lombardia;VA;I794;3;31,17;37;4;14;89,17
Nord Ovest;Liguria;IM;I796;1;5;2;2;3;13
Isole;Sardegna;CA;I797;0;1;2;5;4,4;12,4
Nord Ovest;Piemonte;AL;I798;1;4;1;3;5,5;14,5
Nord Est;Veneto;PD;I799;3;18,5;23,55;13;36,06;94,11
Sud;Puglia;LE;I800;2;4;7;8;18,83;39,83
Nord Ovest;Lombardia;MN;I801;0;8;9,08;5;18,79;40,87
Nord Est;Emilia-Romagna;MO;I802;8;53;65,42;30,83;28,95;186,2
Nord Est;Emilia-Romagna;PR;I803;0;6;13;4;7,85;30,85
Sud;Abruzzo;AQ;I804;11;51,25;62,72;57;43,17;225,14
Sud;Campania;AV;I805;4;5,07;15,25;23,04;20;67,36
Nord Ovest;Piemonte;AL;I808;0;1;1;0;8,33;10,33
Sud;Campania;BN;I809;1;1;1;2;8,7;13,7
Nord Ovest;Lombardia;BG;I812;5,16;16;10,5;9,67;9,56;50,89
Nord Ovest;Lombardia;BG;I813;0;9,5;9,66;3;0,5;22,66
Nord Ovest;Lombardia;LO;I815;1;9;20;9,93;18,17;58,1
Nord Ovest;Piemonte;CN;I817;0;0;0;1;1;2
Nord Ovest;Lombardia;VA;I819;29;103,5;70,72;40,1;63,48;306,8
Sud;Campania;NA;I820;15,5;23;39,88;45,7;24,38;148,46
Nord Est;Veneto;VR;I821;1;39;53,5;25;44,96;163,46
Nord Ovest;Piemonte;CN;I822;1;12;21;9,67;33;76,67
Nord Ovest;Piemonte;CN;I823;2;3;12;4;21;42
Isole;Sicilia;CL;I824;7,71;18,16;16,5;13,22;16,66;72,25
Nord Ovest;Lombardia;PV;I825;0;3,5;1;2;6;12,5
Nord Est;Veneto;VR;I826;17,67;53,94;51,83;27,8;51,96;203,2
Nord Ovest;Lombardia;CR;I827;7;20;24;20,5;27;98,5
Nord Ovest;Lombardia;SO;I828;18;16,4;16,33;8,38;2,25;61,36
Nord Ovest;Lombardia;SO;I829;48,79;107,47;95,09;52,88;32,31;336,54
Nord Ovest;Lombardia;BG;I830;12;14,5;4;2,75;6,17;39,42
Nord Ovest;Lombardia;BS;I831;2;3;6;2,67;2,5;16,17
Centro;Lazio;LT;I832;8;11,5;24;7;12,5;63
Centro;Lazio;FR;I838;6;20,9;34,65;34,38;57,35;153,28
Nord Est;Emilia-Romagna;PR;I840;0;5;26,5;12,5;24,5;68,5
Centro;Toscana;GR;I841;5;16,61;7,67;8;8,64;45,92
Sud;Campania;AV;I843;0;0;2;1;0;3
Sud;Calabria;CZ;I844;3;3;2;0;0;8
Nord Ovest;Piemonte;BI;I847;0;2;5,25;1;10,42;18,67
Nord Ovest;Lombardia;LO;I848;5;37;12;3,5;6;63,5
Nord Ovest;Lombardia;CR;I849;5;54,66;44;31;44,67;179,33
Nord Est;Veneto;VR;I850;0;1;8,8;3,5;18,17;31,47
Isole;Sardegna;NU;I851;0;2;5;2;4,5;13,5
Nord Ovest;Liguria;GE;I852;6;23,5;16,01;11;6;62,51
Sud;Calabria;VV;I853;0;0;1,3;2;1;4,3
Sud;Calabria;VV;I854;3;0;1;5;3;12
Centro;Lazio;VT;I855;14,89;42;38,81;17,41;29,33;142,44
Nord Ovest;Lombardia;CO;I856;3;11,4;1;1;4,67;21,07
Nord Ovest;Piemonte;NO;I857;0;2;0;2;6;10
Nord Ovest;Lombardia;BG;I858;8;29;29,95;24;16;106,95
Nord Ovest;Lombardia;CO;I860;8,5;19,5;4,5;2;2,5;37
Isole;Sardegna;OR;I861;3;0;1;2;2,28;8,28
Sud;Campania;NA;I862;9,02;24,33;26,58;23,36;23,38;106,67
Isole;Sardegna;SS;I863;22;75,89;45,83;25,89;30,51;200,12
Isole;Sicilia;SR;I864;4;12,3;14;14;7;51,3
Nord Ovest;Lombardia;CR;I865;1;6,5;6,5;1;10,38;25,38
Nord Est;Veneto;BL;I866;7;6;6,67;10,75;23,99;54,41
Nord Est;Veneto;VI;I867;1;4;10;11;20,56;46,56
Nord Ovest;Piemonte;BI;I868;4;1,33;1,33;2;4;12,66
Nord Ovest;Lombardia;BG;I869;0;13,33;20,83;11,5;16;61,66
Sud;Calabria;CZ;I872;12,13;30,85;25,75;20,11;10,74;99,58
Nord Ovest;Lombardia;BG;I873;8;18;27,75;10,75;13,55;78,05
Sud;Calabria;CZ;I874;0;0;2,5;3,35;6,25;12,1
Sud;Calabria;CZ;I875;0;4;0;1;1;6
Nord Est;Veneto;BL;I876;2;0;0;2;3;7
Centro;Toscana;SI;I877;8,51;40,17;26,5;17;16,9;109,08
Nord Ovest;Lombardia;MI;I878;14;52,5;37,83;15;16,5;135,83
Nord Ovest;Piemonte;NO;I880;1;3;5;2;2,5;13,5
Isole;Sicilia;ME;I881;5,83;18,25;17,5;11;5;57,58
Sud;Calabria;VV;I884;1;1;1;0;3,2;6,2
Sud;Campania;CE;I885;6;3;7,33;17,33;30,5;64,16
Nord Ovest;Piemonte;TO;I886;7;8;12;5;3,5;35,5
Sud;Puglia;LE;I887;6,29;11;10,75;4;6,11;38,15
Centro;Umbria;PG;I888;3;9,94;18,17;14,67;21,39;67,17
Isole;Sicilia;EN;I891;2;1;4;1;1;9
Centro;Lazio;LT;I892;10,67;18,08;11,1;6,67;6,25;52,77
Sud;Campania;AV;I893;0;7;7;9;12,67;35,67
Nord Ovest;Lombardia;PV;I894;0;4;1,75;4,41;4;14,16
Sud;Calabria;CS;I895;3;3,89;5;7,25;9,97;29,11
Sud;Calabria;CS;I896;17,67;67,75;18,25;11,5;7;122,17
Nord Ovest;Piemonte;AL;I901;0;0;7;3,83;5;15,83
Centro;Lazio;LT;I902;0;2;3;2,94;9;16,94
Nord Est;Emilia-Romagna;MO;I903;8;44;47,88;28,15;23,83;151,86
Nord Est;Friuli- Venezia Giulia;PN;I904;3;24;37,83;29,31;43,75;137,89
Sud;Calabria;VV;I905;1;5;0;0;0;6
Nord Ovest;Lombardia;CR;I906;1;8;8;4,5;11;32,5
Sud;Puglia;BA;I907;18,5;12,12;8;17,5;12,12;68,24
Nord Est;Veneto;VE;I908;9,67;91,34;124,25;75,09;75,92;376,27
Nord Ovest;Lombardia;CR;I909;0;1;1;1;2;5
Sud;Molise;CB;I910;0,5;1,67;1,17;0;1,67;5,01
Nord Ovest;Piemonte;AL;I911;0;0;0;0;4;4
Centro;Marche;AP;I912;22;22;31;14,67;17,58;107,25
Nord Ovest;Lombardia;CR;I914;5;25,5;40,03;19,05;17;106,58
Nord Ovest;Lombardia;BG;I916;1;7;4;3;2;17
Sud;Basilicata;PZ;I917;2;7;2;0,5;3,22;14,72
Nord Ovest;Lombardia;BG;I919;2;26,25;21,5;11,63;6,5;67,88
Centro;Umbria;PG;I921;35,17;105,58;114,52;96,95;105,31;457,53
Sud;Abruzzo;PE;I922;7,19;46,58;50,03;32,39;43,88;180,07
Sud;Puglia;LE;I923;1;2;4,94;4,71;4;16,65
Nord Ovest;Liguria;SV;I926;16,5;58,5;25,84;7;3,67;111,51
Nord Est;Veneto;TV;I927;8,25;58,5;47;27,76;33,6;175,11
Nord Ovest;Lombardia;SO;I928;1;1;0;0;0;2
Sud;Calabria;CZ;I929;4;6,17;13,5;5,17;5;33,84
Sud;Puglia;LE;I930;4;22,47;33,83;23,17;36,97;120,44
Centro;Marche;AN;I932;3;8,75;8;4;9;32,75
Nord Ovest;Lombardia;CR;I935;0;1;2;4;3,33;10,33
Sud;Calabria;RC;I936;0;0;0;0;0;0
Sud;Calabria;CZ;I937;17;24,09;11,22;6;7;65,31
Nord Est;Veneto;PD;I938;0;8;11,86;9;18,5;47,36
Nord Ovest;Piemonte;AL;I941;0;9;11;3;16;39
Centro;Toscana;LU;I942;8,5;10,31;14,58;10,41;16,34;60,14
Nord Ovest;Lombardia;CO;I943;1,5;7,5;2;0;2;13
Sud;Calabria;VV;I945;2;2;3;3;7;17
Nord Ovest;Liguria;SV;I946;5;14,14;19;4;18,5;60,64
Nord Ovest;Liguria;SV;I947;1,5;6,33;1,17;3;2;14
Sud;Puglia;LE;I950;3,01;3,86;5,2;6;3;21,07
Nord Ovest;Lombardia;BG;I951;14;65,8;70;41,83;34,5;226,13
Nord Est;Veneto;RO;I953;2;11;8,33;5;16,5;42,83
Sud;Basilicata;MT;I954;4;9,16;14,5;7,63;4;39,29
Sud;Calabria;RC;I955;2;7;3;1;0;13
Sud;Calabria;RC;I956;2;3,75;1;2,67;2;11,42
Centro;Lazio;RI;I959;6;15;9;6;1,92;37,92
Sud;Campania;SA;I960;2;0;0;0;0;2
Sud;Puglia;FG;I962;7;15,76;15,5;11,8;4;54,06
Sud;Puglia;FG;I963;4;7;12;14,67;4;41,67
Nord Est;Veneto;VE;I965;1;33,17;37,33;34,26;31,03;136,79
Nord Ovest;Lombardia;PV;I968;13,33;64,83;67;21;31,5;197,66
Nord Ovest;Piemonte;TO;I969;0;1;1;0,5;0;2,5
Nord Ovest;Piemonte;TO;I970;3,22;23,5;30,28;11,5;28,5;97
Centro;Lazio;FR;I973;0;0;0;3,5;9,89;13,39
Nord Est;Friuli- Venezia Giulia;UD;I974;0;3;1;0;7;11
Nord Ovest;Piemonte;VB;I976;11,47;59,21;21,2;9,5;25,8;127,18
Nord Ovest;Piemonte;AL;I977;2;5;13,5;2;22;44,5
Sud;Campania;NA;I978;1;6,56;8,03;12;16,57;44,16
Nord Ovest;Piemonte;BI;I980;3;6;4;3;10;26
Centro;Umbria;TR;I981;5,83;12,54;11,15;13,07;16,82;59,41
Sud;Calabria;KR;I982;11,25;43;13,58;10,25;5,66;83,74
Nord Ovest;Piemonte;VC;I984;3;1;5;5;9;23
Nord Ovest;Piemonte;CN;I985;2;3,5;1;2;2;10,5
Nord Ovest;Lombardia;BG;I986;1;4;3;4;1;13
Sud;Campania;AV;I990;0;2;3,67;2;6,67;14,34
Centro;Toscana;AR;I991;2;16,5;21;12;11,5;63
Centro;Lazio;RM;I992;39,34;58,67;29,5;12;19,17;158,68
Sud;Campania;CE;I993;3;7,79;23,27;16,49;16,85;67,4
Nord Ovest;Lombardia;LC;I994;1,5;3;3;0;1;8,5
Isole;Sardegna;CA;I995;0;3;2;1;5;11
Nord Ovest;Lombardia;LC;I996;0;4;0;1;0;5
Nord Ovest;Lombardia;BG;I997;2,5;15,5;28;15,91;8,25;70,16
Nord Ovest;Lombardia;MI;I998;11;43,78;33,33;10,5;5,5;104,11
Nord Ovest;Lombardia;BS;L002;7;8;11,52;10;3;39,52
Nord Ovest;Lombardia;VA;L003;3;16;22,34;10,57;20,24;72,15
Sud;Campania;AV;L004;1,2;1;4,51;1;6,5;14,21
Isole;Sardegna;NU;L006;0;2;0;1;8;11
Nord Ovest;Piemonte;NO;L007;0;4;4;1,5;13,13;22,63
Sud;Puglia;LE;L008;4;13;3;8,44;7;35,44
Centro;Lazio;FR;L009;2,25;7;6,5;2;6;23,75
Sud;Puglia;LE;L010;1;0;2;0;2;5
Sud;Puglia;LE;L011;1;25;27,89;31,97;35,47;121,33
Nord Ovest;Piemonte;TO;L013;10;33;30,5;13;13,5;100
Nord Est;Veneto;TV;L014;3;36;30,05;19;28,11;116,16
Nord Ovest;Lombardia;MN;L015;1;2;4;9;16,1;32,1
Isole;Sicilia;CL;L016;9;8;6;3;0,75;26,75
Centro;Lazio;VT;L017;5;43,27;31,5;22,11;28,33;130,21
Nord Est;Friuli- Venezia Giulia;UD;L018;3;4;2;3;11,75;23,75
Centro;Toscana;LI;L019;4;23;13;8,5;8,5;57
Nord Ovest;Lombardia;MN;L020;2;59,75;67,36;49,17;81;259,28
Nord Ovest;Lombardia;LC;L022;2,03;6,34;2;1;3;14,37
Isole;Sardegna;OR;L023;0;0;0;1;1;2
Nord Ovest;Liguria;IM;L024;36,89;101,72;56,17;19;6;219,78
Sud;Abruzzo;AQ;L025;28;65,92;40,33;19,4;25,42;179,07
Nord Est;Veneto;RO;L026;3;15;22,34;16,17;17,89;74,4
Nord Ovest;Piemonte;AL;L027;0;0;20,5;3;6;29,5
Nord Est;Veneto;BL;L030;0,75;3;3,75;1;1,83;10,33
Nord Ovest;Lombardia;VA;L032;1,5;24,67;15,5;10,17;19;70,84
Nord Est;Emilia-Romagna;RN;L034;0;1;5;3;3;12
Nord Ovest;Lombardia;SO;L035;1;10,92;10;8;8,5;38,42
Isole;Sardegna;NU;L036;0;0;0;0;0,92;0,92
Nord Ovest;Lombardia;BG;L037;7,5;15,5;1,25;0;4;28,25
Centro;Toscana;AR;L038;0;4;4;1;5,67;14,67
Nord Est;Friuli- Venezia Giulia;UD;L039;2;4;7;6;29,39;48,39
Nord Est;Veneto;BL;L040;6;25,17;12,25;7,34;8,34;59,1
Isole;Sicilia;ME;L042;33,5;51,67;40,84;20,22;24,17;170,4
Centro;Lazio;RI;L046;1;3;3;2;3;12
Sud;Abruzzo;CH;L047;0;1;1;2;2;6
Nord Ovest;Piemonte;CN;L048;0;5;3;4,5;8;20,5
Sud;Puglia;TA;L049;203,66;603,3;702,13;554,12;285,98;2349,19
Nord Est;Friuli- Venezia Giulia;UD;L050;4;24,17;32;20,5;55;135,67
Sud;Calabria;CS;L055;0;2;1;1;4;8
Nord Ovest;Lombardia;SO;L056;1;2,83;3;0;2;8,83
Nord Est;Veneto;TV;L058;1;9;6,8;5,5;16,67;38,97
Nord Ovest;Piemonte;AL;L059;2;5;4;2;8;21
Sud;Campania;AV;L061;2;2;0;0;1;5
Sud;Campania;AV;L062;1;3;3,5;2;8,75;18,25
Sud;Calabria;RC;L063;16,5;12;17,47;12;19,67;77,64
Sud;Puglia;LE;L064;10;11,94;9,75;11,72;22,17;65,58
Nord Est;Friuli- Venezia Giulia;UD;L065;7;40;66,5;43;37,97;194,47
Nord Ovest;Piemonte;TO;L066;0;0;2;1;1;4
Sud;Molise;CB;L069;1;2;5;0;3;11
Sud;Calabria;CZ;L070;18;19;8,9;4;6;55,9
Nord Ovest;Lombardia;CO;L071;2;29,75;32;11,33;14,5;89,58
Nord Ovest;Lombardia;BG;L073;4;9,33;4;7,5;2,33;27,16
Sud;Puglia;LE;L074;11;45,67;30,5;18;31,7;136,87
Nord Ovest;Piemonte;BI;L075;1;3,5;2;3,5;6;16
Centro;Marche;PS;L078;1;5;1,5;4;3;14,5
Centro;Marche;PS;L081;4;34;25,5;12,25;17,08;92,83
Sud;Basilicata;PZ;L082;0;0;0;0;1;1
Sud;Campania;CE;L083;5,3;10;10,17;17,15;22,69;65,31
Nord Ovest;Lombardia;SO;L084;15,1;22,27;15;7,67;7,25;67,29
Nord Est;Veneto;VE;L085;0;6;6;3;14,5;29,5
Sud;Campania;BN;L086;2;9;18,3;49,5;32;110,8
Nord Ovest;Lombardia;BG;L087;1;6,5;21,67;15,36;5;49,53
Isole;Sardegna;SS;L088;1;8;7;7;6;29
Isole;Sardegna;SS;L093;13;45,4;37,91;27;18,75;142,06
Nord Ovest;Lombardia;BS;L094;19,39;48,5;8;1;3;79,89
Nord Est;Veneto;PD;L100;1;11;15,03;13,09;39;79,12
Sud;Campania;AV;L102;0;4,5;2;3;3,5;13
Sud;Abruzzo;TE;L103;20,7;78;130,43;128,86;110,2;468,19
Nord Ovest;Piemonte;NO;L104;0;1;1;1;8;11
Centro;Lazio;FR;L105;0,33;1;3;1;0,67;6
Sud;Puglia;BA;L109;40,33;115,74;136,95;61,42;17;371,44
Isole;Sicilia;PA;L112;35,5;64,83;70,6;59,97;46,08;276,98
Sud;Molise;CB;L113;61,28;132,91;160,86;99,86;58,48;513,39
Nord Ovest;Lombardia;VA;L115;1;8,05;11;3,5;9,5;33,05
Nord Ovest;Piemonte;BI;L116;0;0;0;0;1;1
Centro;Umbria;TR;L117;116,46;382,22;488,06;268,55;233,37;1488,66
Nord Ovest;Lombardia;BG;L118;4;36,06;45,95;11,81;14,09;111,91
Centro;Lazio;LT;L120;51,73;191,38;156,54;69,62;75,28;544,55
Isole;Sardegna;OR;L122;1;7;9;17,67;24,35;59,02
Centro;Toscana;AR;L123;9;32,5;37,16;25,67;34,08;138,41
Sud;Calabria;CS;L124;1;3;3,5;8;3;18,5
Nord Ovest;Lombardia;LO;L125;0;1;3,17;3,74;7;14,91
Sud;Basilicata;PZ;L126;0;3;2;0;1;6
Sud;Calabria;RC;L127;0;0,5;1,33;0;1;2,83
Isole;Sicilia;PA;L131;19;57,56;66,65;22;37,33;202,54
Nord Est;Veneto;PD;L132;2;12;5;5,53;11,33;35,86
Sud;Calabria;CS;L134;1;2;1;0;0;4
Nord Est;Veneto;VR;L136;0;0;4;3;17,99;24,99
Centro;Toscana;PI;L138;4;17;17,17;10;25,5;73,67
Nord Ovest;Piemonte;AL;L139;0;1;2;0;1;4
Isole;Sardegna;NU;L140;1,75;19;13;3;3;39,75
Sud;Campania;NA;L142;1,78;13,78;7,94;15,44;14,52;53,46
Nord Ovest;Piemonte;AL;L143;0;1;1;3;6;11
Nord Ovest;Liguria;IM;L146;1;4;1;0;0;6
Centro;Lazio;VT;L150;0;5,34;1;1;2;9,34
Nord Ovest;Liguria;SV;L152;1;5;2;2;1;11
Isole;Sardegna;NU;L153;0;0;0;2;2,17;4,17
Isole;Sardegna;CA;L154;11,83;18,86;12,04;3;14,22;59,95
Sud;Campania;CE;L155;1;13,96;40,81;27;21,19;103,96
Nord Est;Veneto;VI;L156;5;30;21;23,25;34,5;113,75
Nord Est;Veneto;VI;L157;8;93,68;67,71;72,96;84,67;327,02
Isole;Sardegna;SS;L158;1;2;0;2;15,84;20,84
Isole;Sardegna;NU;L160;0;0;0;0;4;4
Nord Ovest;Lombardia;CR;L164;0;1;1;1;0;3
Nord Ovest;Piemonte;AL;L165;1;1;2;1;10,5;15,5
Sud;Puglia;LE;L166;3;2;5;2;5,25;17,25
Nord Ovest;Liguria;GE;L167;1;6;2;1,5;5,1;15,6
Nord Ovest;Piemonte;AT;L168;1;3;2;5;10,5;21,5
Nord Ovest;Lombardia;BS;L169;6;17,16;10;2,33;8;43,49
Isole;Sardegna;NU;L172;0;0;0;0;0;0
Sud;Abruzzo;AQ;L173;1;1,06;1;0;1,5;4,56
Nord Ovest;Lombardia;SO;L175;10,66;41,33;26,33;15,66;14;107,98
Sud;Calabria;CZ;L177;4;5;1;2;1;13
Isole;Sardegna;SS;L180;1;5,5;8;7;2;23,5
Sud;Basilicata;PZ;L181;4;11,8;14,5;17,5;8;55,8
Centro;Lazio;RM;L182;61;223,62;179,76;72,34;52,17;588,89
Nord Est;Emilia-Romagna;PR;L183;7;20,5;6,5;6;15,17;55,17
Nord Est;Emilia-Romagna;RE;L184;6,33;16,55;20,33;12,33;18;73,54
Sud;Campania;BN;L185;0;0;1,67;2;0,07;3,74
Sud;Abruzzo;PE;L186;1,08;7;7;3,17;3;21,25
Nord Ovest;Piemonte;VB;L187;2,67;5;2;1;1;11,67
Centro;Umbria;PG;L188;9,37;34,67;49,13;44,75;74,53;212,45
Centro;Lazio;RI;L189;1,5;3,5;6;1,5;4;16,5
Nord Ovest;Liguria;SV;L190;12;19,3;15;6,5;3;55,8
Centro;Marche;MC;L191;6,61;18,77;38,99;38,44;28,75;131,56
Centro;Lazio;RM;L192;10,5;27,75;15,5;8;6,9;68,65
Nord Ovest;Piemonte;BI;L193;1;20,5;17;4;5;47,5
Sud;Abruzzo;CH;L194;0;6;4;3,5;9;22,5
Nord Est;Friuli- Venezia Giulia;UD;L195;2;14;37,33;24,5;26,5;104,33
Sud;Basilicata;PZ;L197;3;3;7;2;3,5;18,5
Nord Est;Veneto;PD;L199;5,66;17,66;14,5;7;32,5;77,32
Isole;Sardegna;NU;L202;1;2;1;3;5,2;12,2
Nord Ovest;Piemonte;AT;L203;0;1;2;3;9;15
Sud;Campania;CE;L205;1;2;1;2;4;10
Sud;Calabria;CS;L206;1;4;2;2;10,33;19,33
Sud;Abruzzo;TE;L207;0;3;4;2;4,75;13,75
Nord Ovest;Lombardia;BS;L210;3;29;17;10,5;14;73,5
Sud;Campania;SA;L212;1;11;5;7;6,33;30,33
Sud;Puglia;BR;L213;16,76;33,5;23,31;11;7,75;92,32
Sud;Campania;AV;L214;1;2,67;2;3;11;19,67
Sud;Molise;CB;L215;1;4,75;5,75;3;3,86;18,36
Centro;Umbria;PG;L216;3,5;24;29;10;21;87,5
Nord Ovest;Valle d'Aosta;AO;L217;12;24,75;6;1;0;43,75
Sud;Abruzzo;CH;L218;5;9;6;5;3,36;28,36
Nord Ovest;Piemonte;TO;L219;2425,98;7721,54;3667,24;1357,45;978,99;16151,2
Sud;Puglia;BA;L220;10;16;21,5;32,84;16,67;97,01
Nord Ovest;Lombardia;CR;L221;0;0;1;2;6;9
Nord Ovest;Piemonte;NO;L223;1;4;2;2;6;15
Sud;Abruzzo;CH;L224;0;0;4;3;2,08;9,08
Nord Ovest;Lombardia;CR;L225;0;0;0;1;2;3
Sud;Abruzzo;AQ;L227;0;2,5;6;1;7,5;17
Nord Ovest;Lombardia;CO;L228;1;5,56;2;1;10;19,56
Nord Est;Emilia-Romagna;PR;L229;0;12,5;8,67;6,22;5,5;32,89
Sud;Molise;CB;L230;3;5,83;10;0;2;20,83
Isole;Sardegna;NU;L231;2;21;6;5;5;39
Sud;Campania;SA;L233;0;1;2;3;1;7
Isole;Sardegna;SS;L235;0;0;1;1;7,08;9,08
Nord Ovest;Lombardia;PV;L237;0;3;4;5;10;22
Nord Ovest;Piemonte;TO;L238;0;4;11,5;13;16;44,5
Nord Ovest;Piemonte;BI;L239;0;0;0;2;2;4
Sud;Calabria;CZ;L240;4;2;0;3,2;2;11,2
Nord Ovest;Piemonte;CN;L241;1;2,33;2;0;1;6,33
Centro;Lazio;FR;L243;2;7;3,28;0;5,5;17,78
Nord Ovest;Lombardia;SO;L244;7,29;5,17;1;0;1;14,46
Sud;Campania;NA;L245;47,99;97,84;110,46;73,05;44,97;374,31
Nord Est;Friuli- Venezia Giulia;UD;L246;9;0;4;3;17;33
Nord Ovest;Piemonte;TO;L247;0;4;2;2;4;12
Nord Est;Veneto;VI;L248;3;13;18,5;15;22,92;72,42
Nord Ovest;Lombardia;PV;L250;0;0;1;2;0;3
Nord Ovest;Lombardia;BG;L251;4,5;37,03;45,11;18,33;16,5;121,47
Nord Ovest;Piemonte;CN;L252;1;0;0;1;2;4
Sud;Abruzzo;CH;L253;0;1,33;4;2;1,33;8,66
Sud;Campania;BN;L254;0;1;0;2,83;4,22;8,05
Nord Ovest;Lombardia;PV;L256;1;10;6;3,5;1;21,5
Nord Ovest;Lombardia;BG;L257;0;5;24,5;6;4;39,5
Nord Ovest;Lombardia;CR;L258;0;2;0;2;24,44;28,44
Sud;Campania;NA;L259;82,55;172,62;171,62;156,22;82,14;665,15
Nord Ovest;Lombardia;PV;L262;0;1;3;1;0;5
Sud;Abruzzo;PE;L263;7;3;4,5;6;10;30,5
Nord Ovest;Lombardia;BG;L265;0;9;9,5;11,5;8;38
Nord Est;Veneto;VE;L267;0;4;8,5;6,67;12,67;31,84
Nord Ovest;Lombardia;PV;L269;3;6;7;7;8,67;31,67
Nord Est;Veneto;PD;L270;4;10;8,5;9;23;54,5
Isole;Sicilia;ME;L271;2;22,5;22,5;13,5;15;75,5
Sud;Campania;AV;L272;0;1;2;3;7;13
Sud;Puglia;FG;L273;15,68;30,05;41,45;28,51;35,67;151,36
Sud;Campania;SA;L274;0;6;4;3;3,33;16,33
Nord Ovest;Lombardia;BG;L276;0;1;1;4;3;9
Nord Ovest;Piemonte;TO;L277;11;48;28;9;12;108
Nord Ovest;Piemonte;CN;L278;0;0,17;2;1;3;6,17
Centro;Marche;AP;L279;0;0;0;2;5;7
Sud;Puglia;BR;L280;1;4;13,67;9,5;12,64;40,81
Nord Ovest;Piemonte;CN;L281;0;0;0;0;1;1
Isole;Sicilia;PA;L282;4;8;12;11;19;54
Sud;Abruzzo;CH;L284;5;3;1;7,5;7;23,5
Nord Ovest;Lombardia;PV;L285;4;31,75;23,8;10;9,16;78,71
Centro;Lazio;RI;L286;1;4;3,5;0;8;16,5
Nord Est;Veneto;VR;L287;3;35,5;20,78;18,99;27,51;105,78
Centro;Lazio;FR;L290;1;2;3;4;8,75;18,75
Sud;Abruzzo;CH;L291;2;5,5;8,34;5,17;6;27,01
Nord Ovest;Lombardia;PV;L292;0;0;0;0,5;3,5;4
Centro;Lazio;RI;L293;2;9,5;3,61;2;5;22,11
Sud;Puglia;TA;L294;7,5;25,1;21,92;5,75;9,3;69,57
Sud;Abruzzo;TE;L295;0;3;4;1;6;14
Nord Ovest;Lombardia;CR;L296;0;0;0;1;4;5
Nord Est;Veneto;VI;L297;3,67;35,28;46,17;21;32,17;138,29
Nord Ovest;Liguria;GE;L298;17;32,04;10,34;12,75;12,11;84,24
Nord Est;Emilia-Romagna;PR;L299;7;43,25;34,33;11,65;14,83;111,06
Sud;Campania;AV;L301;0;2;1;0;0;3
Centro;Lazio;RM;L302;3,33;7,83;4;4;6;25,16
Centro;Toscana;SI;L303;1;14,84;23,34;19,67;29,72;88,57
Nord Ovest;Piemonte;AL;L304;23,41;136,5;151,23;50,5;54,83;416,47
Sud;Calabria;CS;L305;13,5;86,1;39;13,67;11;163,27
Sud;Campania;SA;L306;0;1;0;0;1,2;2,2
Sud;Abruzzo;TE;L307;93,01;228,57;52,11;18,5;34,27;426,46
Isole;Sicilia;ME;L308;0;4;4,17;3,17;8,13;19,47
Nord Est;Friuli- Venezia Giulia;UD;L309;2;7,17;7,17;6,67;11;34,01
Centro;Lazio;VT;L310;6;22,55;25,34;12;24;89,89
Nord Ovest;Lombardia;BS;L312;32,18;117,25;35,03;21,28;33,01;238,75
Sud;Abruzzo;TE;L314;1;3;0;3;3;10
Nord Ovest;Liguria;SV;L315;4;11,67;7;7,67;3;33,34
Nord Ovest;Lombardia;SO;L316;2;1;0;1;0;4
Isole;Sicilia;PA;L317;18;47,25;53,33;28,5;34,42;181,5
Nord Ovest;Lombardia;VA;L319;18,03;85;112,17;35,66;51,71;302,57
Isole;Sardegna;OR;L321;0;1;0;0;2,6;3,6
Sud;Campania;SA;L323;9,88;11,93;10,22;5;6;43,03
Nord Est;Friuli- Venezia Giulia;PN;L324;1;3;1;0,5;3,5;9
Nord Est;Friuli- Venezia Giulia;PN;L325;2;5,5;2;2;2;13,5
Sud;Basilicata;PZ;L326;0;1;5,91;4,91;6;17,82
Nord Ovest;Piemonte;TO;L327;3;11;10,33;11;24,78;60,11
Sud;Puglia;BA;L328;63;175,65;206,14;185,74;94,1;724,63
Nord Ovest;Lombardia;SO;L330;3;6;2;3;2;16
Isole;Sicilia;TP;L331;149,8;205,26;171,01;182,83;123,06;831,96
Isole;Sicilia;PA;L332;3;7;6,05;6;7,5;29,55
Nord Ovest;Piemonte;VB;L333;4;5;9,07;8,5;6;32,57
Sud;Abruzzo;AQ;L334;6;10;14,75;5;10,5;46,25
Nord Est;Friuli- Venezia Giulia;UD;L335;0;8;8,75;5;9,72;31,47
Nord Ovest;Piemonte;VB;L336;2;4;6,5;0,5;1;14
Isole;Sardegna;CA;L337;0;0;3;2;5,06;10,06
Nord Ovest;Lombardia;BS;L339;3;38,05;48,9;35,85;38,91;164,71
Nord Ovest;Piemonte;TO;L340;1;5;3,67;0;1;10,67
Nord Ovest;Lombardia;VA;L342;1;18,25;16;10,4;20;65,65
Nord Ovest;Piemonte;TO;L345;2;3;5;1;6;17
Nord Est;Emilia-Romagna;PR;L346;2,67;25;38,04;11;31,5;108,21
Nord Est;Friuli- Venezia Giulia;PN;L347;0;2;2,22;3,5;10,83;18,55
Nord Est;Emilia-Romagna;PC;L348;7,59;17,67;18,17;8,94;19,75;72,12
Nord Est;Veneto;PD;L349;6;41,17;28;20,42;35,89;131,48
Sud;Calabria;CS;L353;12;23,5;15;10,67;7,5;68,67
Isole;Sicilia;CT;L355;5;16,59;36,32;27;51,42;136,33
Nord Ovest;Piemonte;NO;L356;19;112,2;154,5;55,7;46;387,4
Sud;Basilicata;PZ;L357;2;4;5;4,06;4,08;19,14
Nord Est;Veneto;RO;L359;0;6;7,5;14;19;46,5
Nord Est;Emilia-Romagna;FO;L361;0;4;1;1;2,5;8,5
Sud;Abruzzo;CH;L363;1;2;1;0;7;11
Nord Est;Veneto;VR;L364;3;15;5,67;15,34;17,5;56,51
Centro;Marche;MC;L366;3;12;24;19,62;26,33;84,95
Nord Ovest;Piemonte;CN;L367;0;0;0;0;4,67;4,67
Isole;Sicilia;CT;L369;1;20,5;48,5;71,17;52,09;193,26
Nord Ovest;Lombardia;BS;L372;29,67;52,75;15;10,35;13;120,77
Sud;Campania;SA;L377;4;5;3;1,5;5;18,5
Sud;Campania;CE;L379;13,11;14,08;45,83;22,41;21,35;116,78
Nord Ovest;Lombardia;BS;L380;1;10,5;13;15,71;19,5;59,71
Nord Est;Friuli- Venezia Giulia;UD;L382;0;1;4;4;22,63;31,63
Sud;Puglia;LE;L383;5;17;33,12;23,33;24;102,45
Centro;Toscana;SI;L384;1;7;6;3;14;31
Centro;Toscana;MS;L386;6;7;6,5;7,5;8,5;35,5
Nord Ovest;Lombardia;BG;L388;6;24,21;51,5;28,83;36,4;146,94
Nord Ovest;Lombardia;CR;L389;4;15,5;10,5;13;8,67;51,67
Nord Ovest;Lombardia;SO;L392;0;8,33;6;2;2,84;19,17
Isole;Sardegna;OR;L393;1;9;8;3;14;35
Nord Est;Veneto;VR;L396;1;3,5;10,5;4;9,2;28,2
Centro;Umbria;PG;L397;6;18,25;18,67;16,84;33,17;92,93
Centro;Lazio;FR;L398;21,91;40,43;6;2,18;5;75,52
Sud;Campania;AV;L399;0;2;1,67;0;2;5,67
Nord Ovest;Lombardia;BG;L400;41;172,97;144,53;66,72;62,93;488,15
Centro;Lazio;RM;L401;14;27,67;24;13;12;90,67
Nord Est;Veneto;TV;L402;2;19;19;17,17;39;96,17
Nord Ovest;Piemonte;AL;L403;0;0;1;0;8;9
Nord Ovest;Lombardia;BG;L404;8,5;25;27,67;37,33;37,6;136,1
Nord Ovest;Lombardia;BS;L406;0;1;3;0,5;5,06;9,56
Nord Est;Veneto;TV;L407;47,3;325,05;496,01;305,38;310,15;1483,89
Nord Ovest;Lombardia;MI;L408;8;33,5;24;11,5;15,5;92,5
Nord Ovest;Lombardia;MI;L409;27;159,3;135,75;35,17;43,25;400,47
Nord Ovest;Piemonte;CN;L410;1;0;0;1;3;5
Nord Ovest;Lombardia;MI;L411;16;85,95;77,81;33,17;21,62;234,55
Nord Ovest;Lombardia;CO;L413;0;1;0;1;0;2
Nord Est;Veneto;PD;L414;2;8;6;7,66;12,5;36,16
Nord Ovest;Lombardia;MI;L415;5,5;25;22;5,5;6;64
Nord Ovest;Liguria;GE;L416;0;5;8;2;2;17
Sud;Basilicata;MT;L418;5;15,5;6,5;7;6,27;40,27
Sud;Puglia;LE;L419;19;29,86;26,5;25,58;35,84;136,78
Nord Ovest;Piemonte;VC;L420;0;4;2;2;2;10
Nord Est;Friuli- Venezia Giulia;UD;L421;3;24;31;25;32,94;115,94
Isole;Sardegna;NU;L423;0;0;2;1;2,75;5,75
Sud;Puglia;BA;L425;27;70;95,33;61,73;25,08;279,14
Nord Ovest;Lombardia;CR;L426;0;3;3;4,5;2;12,5
Nord Ovest;Piemonte;CN;L427;1;3;4;3;8;19
Isole;Sardegna;SS;L428;78,5;130,57;25;16,5;7,5;258,07
Nord Ovest;Piemonte;VC;L429;21;58,67;29;20,25;26;154,92
Nord Ovest;Liguria;IM;L430;6;11,26;6;5,17;5;33,43
Isole;Sicilia;ME;L431;0;6;2;1,33;2,33;11,66
Nord Ovest;Piemonte;AL;L432;2;2;1;1;2,17;8,17
Nord Est;Veneto;VI;L433;2;6,67;21,5;12,33;21,83;64,33
Nord Ovest;Lombardia;MI;L434;14;29,5;31,5;27;30,17;132,17
Sud;Molise;CB;L435;9;9,17;6;3;6;33,17
Centro;Lazio;FR;L437;1;1;4;3;6;15
Nord Est;Friuli- Venezia Giulia;UD;L438;0;0;1;3;14,63;18,63
Sud;Basilicata;PZ;L439;0;2;0;0;0;2
Nord Ovest;Lombardia;PV;L440;2;23;17;5;10;57
Nord Ovest;Piemonte;TO;L445;4;42,33;56;15;29,99;147,32
Sud;Puglia;FG;L447;12;9;13;10;5,4;49,4
Isole;Sicilia;EN;L448;8;19,42;11,8;9;13,79;62,01
Nord Ovest;Lombardia;PV;L449;0;13,5;12;7,83;18;51,33
Nord Ovest;Piemonte;VB;L450;1;4;1;3,5;4,5;14
Nord Ovest;Piemonte;VC;L451;0;6;10,67;14,63;20,3;51,6
Sud;Calabria;VV;L452;8,74;26,3;19,53;9,68;4,63;68,88
Nord Ovest;Lombardia;PV;L453;0;5;6;3;2,39;16,39
Nord Ovest;Lombardia;MI;L454;11;40;23;6;11;91
Sud;Molise;CB;L458;0;5;3;0;1;9
Sud;Abruzzo;CH;L459;3;5;3;1;2;14
Sud;Campania;NA;L460;1;4;11,5;12;6,66;35,16
Sud;Campania;AV;L461;1;1,5;2;1;3;8,5
Sud;Puglia;LE;L462;5;14,1;19,5;13,59;14;66,19
Isole;Sardegna;CA;L463;4;1;2;1,67;2,22;10,89
Isole;Sardegna;SS;L464;1;2;0;0;1,87;4,87
Centro;Umbria;PG;L466;2;17;23,75;15,75;16;74,5
Nord Ovest;Lombardia;LO;L469;2;13;3;6;4;28
Nord Ovest;Lombardia;CO;L470;16;58,5;62;38,83;23;198,33
Nord Ovest;Lombardia;MI;L471;5;22,5;35;27,91;28,08;118,49
Sud;Puglia;BA;L472;21;33;46,25;49,16;37,67;187,08
Isole;Sardegna;CA;L473;0;0;0;0;3,67;3,67
Sud;Abruzzo;PE;L475;0;0;0;3;1;4
Sud;Basilicata;MT;L477;4;13;13;6;7;43
Isole;Sicilia;ME;L478;4;15,83;19;9;20,5;68,33
Nord Ovest;Lombardia;VA;L480;14;68,5;57,5;42,5;25,5;208
Isole;Sicilia;ME;L482;0;2;3;3;1;9
Nord Est;Friuli- Venezia Giulia;UD;L483;104,37;461,01;492,94;320,31;347,44;1726,07
Sud;Puglia;LE;L484;31,99;78,94;30,99;16,4;34,49;192,81
Sud;Puglia;LE;L485;9;20,67;9;7,27;12,17;58,11
Isole;Sardegna;OR;L488;0;0;1;0;2;3
Isole;Sardegna;NU;L489;1;1,5;4;3;3,67;13,17
Sud;Calabria;KR;L492;2;0;1;0;1;4
Nord Ovest;Lombardia;BS;L494;0;14;14,66;9;13,78;51,44
Isole;Sardegna;OR;L496;1;0;2;1;12,46;16,46
Nord Est;Veneto;PD;L497;0;1;2;2;13,5;18,5
Centro;Marche;PS;L498;8;12;14;15;16,67;65,67
Nord Ovest;Liguria;SV;L499;4;29;12;6,83;2,61;54,44
Centro;Marche;PS;L500;8,67;37,5;33,76;25,99;47,56;153,48
Centro;Marche;MC;L501;0;1;2;5;6;14
Nord Ovest;Lombardia;BG;L502;8,33;44,4;30,17;32,5;26,67;142,07
Isole;Sardegna;SS;L503;0;2;4;1;9,33;16,33
Sud;Molise;CB;L505;0;5;7,25;1,33;3;16,58
Isole;Sardegna;NU;L506;0;1;2;0;3;6
Nord Ovest;Liguria;GE;L507;5;20;21;5,85;4;55,85
Isole;Sardegna;OR;L508;0;0;0;1;1;2
Isole;Sardegna;SS;L509;1;6;4,5;4;7,5;23
Nord Ovest;Lombardia;MI;L511;5,86;38,1;57;16,5;30,67;148,13
Isole;Sardegna;CA;L512;0;3;14,66;3;15,5;36,16
Isole;Sardegna;CA;L513;0;0;0;1;2,78;3,78
Isole;Sardegna;NU;L514;0;0;2;0;0;2
Nord Ovest;Piemonte;TO;L515;1;3;3;0;4,25;11,25
Nord Ovest;Piemonte;TO;L516;3;5;3;1;1;13
Centro;Marche;MC;L517;4;10;6,33;1;1;22,33
Isole;Sicilia;PA;L519;2;5;2,5;2;1;12,5
Isole;Sardegna;CA;L521;2;29,5;25,19;14,5;12,93;84,12
Centro;Toscana;PT;L522;2;14,83;25;11;17,5;70,33
Sud;Calabria;CS;L524;0;1;0;1;2;4
Centro;Lazio;RI;L525;0;0;0;4;0;4
Sud;Abruzzo;CH;L526;0;0;0;3;4,5;7,5
Nord Ovest;Liguria;SV;L528;16;54,17;33,34;12;8;123,51
Centro;Toscana;FI;L529;3;13,58;25;14,35;22,67;78,6
Nord Ovest;Piemonte;AT;L531;0;0;1;0;1;2
Sud;Basilicata;PZ;L532;4;0;1,5;2;2;9,5
Centro;Toscana;LU;L533;0;2;8,11;3;1,5;14,61
Nord Ovest;Lombardia;CR;L535;0;9,5;6,5;5;15;36
Centro;Toscana;PO;L537;2,12;32;41,67;18,83;20,54;115,16
Nord Ovest;Piemonte;TO;L538;0;6;4;6,5;2;18,5
Nord Ovest;Lombardia;CR;L539;4;20,5;23,5;23,5;14,03;85,53
Sud;Campania;CE;L540;4;4,17;11;6;11,17;36,34
Nord Ovest;Lombardia;BG;L544;37,25;20,51;9,83;2;1,5;71,09
Nord Ovest;Lombardia;BG;L545;3;9;16,5;11;4,5;44
Nord Ovest;Liguria;GE;L546;3,92;17,25;5,92;4;2;33,09
Nord Ovest;Lombardia;CO;L547;5;21,02;11,42;5,5;7,8;50,74
Nord Est;Veneto;VI;L551;15;80;91,71;63,16;89,96;339,83
Nord Est;Veneto;VI;L554;1;1;6;2;2;12
Nord Ovest;Piemonte;TO;L555;4;25,14;20,72;8,5;25,28;83,64
Nord Ovest;Piemonte;BI;L556;0;3,67;2;4;8;17,67
Nord Ovest;Lombardia;SO;L557;25,25;43,82;18,08;5,5;3,17;95,82
Nord Ovest;Piemonte;CN;L558;9,5;12,5;3;5;2;32
Isole;Sicilia;ME;L561;0;4;4;2;0;10
Nord Ovest;Lombardia;PV;L562;3;6;1;8,25;7,5;25,75
Nord Ovest;Lombardia;SO;L563;21,95;34,16;12,87;2;2;72,98
Nord Est;Veneto;TV;L565;1,88;19,74;37,63;18,42;41,09;118,76
Nord Ovest;Piemonte;VC;L566;1;12;4,67;1;10;28,67
Nord Est;Veneto;VR;L567;13,5;78,5;62,9;31,25;47,67;233,82
Nord Ovest;Lombardia;PV;L568;0;2;0;0;0;2
Centro;Lazio;VT;L569;13,5;22,5;7;6,33;13;62,33
Nord Ovest;Piemonte;AL;L570;29,05;128,08;110;56;53,08;376,21
Sud;Puglia;BA;L571;10;37,39;77,67;44,9;36;205,96
Nord Ovest;Lombardia;LO;L572;1;12;8;5,5;8;34,5
Centro;Umbria;PG;L573;0;6,5;3,64;9;13;32,14
Nord Ovest;Piemonte;AT;L574;1;1;2;3;14;21
Nord Ovest;Lombardia;SO;L576;12;21,5;6,83;1;1;42,33
Nord Ovest;Lombardia;VA;L577;1;7;7;3;11;29
Nord Ovest;Piemonte;TO;L578;13,5;15,17;4,5;4;5,25;42,42
Nord Ovest;Lombardia;BG;L579;8;5;1,33;0,75;3,17;18,25
Nord Ovest;Piemonte;CN;L580;1;1,9;2;3;4;11,9
Nord Ovest;Lombardia;LC;L581;1;12,1;14;11,17;11,5;49,77
Nord Ovest;Valle d'Aosta;AO;L582;1;3;4;3;0;11
Isole;Sicilia;EN;L583;7,25;9,17;12;12,33;22,39;63,14
Nord Est;Veneto;BL;L584;1;11,5;3,22;1,22;0;16,94
Nord Ovest;Piemonte;BI;L586;0;0;0;0;3;3
Sud;Campania;AV;L589;7;1,33;3;1;1;13,33
Nord Est;Veneto;BL;L590;3,83;24,83;7;5,75;5,75;47,16
Sud;Campania;CE;L591;0;1;3;1;3;8
Nord Ovest;Lombardia;PV;L593;0;7;12,66;4;14;37,66
Sud;Campania;CE;L594;3;1;0;0;1;5
Nord Ovest;Liguria;IM;L596;7,5;7,5;4;5;2;26
Sud;Abruzzo;TE;L597;0;4,87;6,25;1;3;15,12
Centro;Lazio;FR;L598;3;3;3;0;8,5;17,5
Nord Ovest;Liguria;IM;L599;21,06;64,1;18,82;6;10;119,98
Isole;Sicilia;PA;L603;5;4;4,5;3;4,42;20,92
Isole;Sardegna;SS;L604;20;119,5;14,33;15,75;4,36;173,94
Centro;Lazio;FR;L605;0;0;0;1;0;1
Sud;Calabria;VV;L607;1,8;2;1;0;0,8;5,6
Isole;Sicilia;CL;L609;10;16,5;8,33;4;5;43,83
Centro;Lazio;RM;L611;1;4;1;1;0;7
Centro;Lazio;VT;L612;3;14;10;6,5;7,17;40,67
Isole;Sardegna;CA;L613;0;0;4,5;2;6,83;13,33
Centro;Lazio;FR;L614;0;5,22;2;1;4;12,22
Sud;Campania;AV;L616;0;2;0;1;1;4
Nord Ovest;Lombardia;PV;L617;1;6;4,5;2;0;13,5
Nord Ovest;Piemonte;BI;L620;1;1;1,5;1;8;12,5
Nord Ovest;Lombardia;BG;L623;10;9;3,9;0;0;22,9
Nord Est;Veneto;VI;L624;1;8;5,04;10,97;14,05;39,06
Centro;Lazio;RM;L625;2;2;0;0;3;7
Nord Ovest;Lombardia;BS;L626;0;6,5;4,5;6;5;22
Centro;Umbria;PG;L627;1;5;1;0,5;1;8,5
Sud;Campania;SA;L628;4;14,33;26;26,08;12;82,41
Nord Ovest;Piemonte;TO;L629;1;2;0;2;5;10
Nord Ovest;Piemonte;CN;L631;0;3;1;0;0;4
Nord Ovest;Piemonte;AL;L633;0;0;2;5,5;12,5;20
Nord Ovest;Lombardia;LC;L634;13;34,67;34,67;14,22;14;110,56
Nord Ovest;Lombardia;SO;L638;6,16;5,33;1;1,56;1,5;15,55
Centro;Lazio;RM;L639;9,5;40,8;36;24;22,5;132,8
Nord Ovest;Lombardia;CO;L640;0;4;8,5;10;2;24,5
Nord Est;Emilia-Romagna;PR;L641;3;8;2;3,5;10;26,5
Nord Ovest;Lombardia;BG;L642;1;2;0;0;0;3
Nord Ovest;Valle d'Aosta;AO;L643;13;6;3;1;0;23
Nord Ovest;Piemonte;TO;L644;1;4;6,5;6,67;13,5;31,67
Nord Ovest;Valle d'Aosta;AO;L647;1;6;1;0;1;9
Nord Ovest;Piemonte;VB;L651;1;1;1;0;1;4
Centro;Umbria;PG;L653;0;2;3,5;3;0,83;9,33
Nord Ovest;Valle d'Aosta;AO;L654;91,02;59,41;17,58;6;4;178,01
Nord Ovest;Lombardia;BG;L655;3;8,91;5;0;0;16,91
Sud;Campania;SA;L656;0;4;2;2;2;10
Isole;Sicilia;CT;L658;0;14,67;30,83;22,5;20;88
Nord Ovest;Lombardia;MI;L664;1;16,5;23;14,5;17,01;72,01
Nord Ovest;Lombardia;MI;L665;9;41;47,5;10,75;15;123,25
Nord Ovest;Piemonte;VB;L666;2;5;0;0;7,83;14,83
Nord Ovest;Lombardia;MI;L667;8;90,5;62;12;10,86;183,36
Nord Ovest;Piemonte;NO;L668;0;2;5;4,5;3,5;15
Nord Ovest;Piemonte;VC;L669;15,67;54;52,5;19,78;23;164,95
Nord Ovest;Piemonte;NO;L670;2,5;23;19,67;25,67;21,05;91,89
Nord Ovest;Lombardia;VA;L671;7,5;11,67;9,5;6;4,61;39,28
Nord Est;Emilia-Romagna;PR;L672;3;5,5;6,5;7,5;13,33;35,83
Sud;Calabria;RC;L673;2;6;3;2;0;13
Nord Ovest;Liguria;SV;L675;50,17;147,75;65,93;21,58;14,45;299,88
Centro;Lazio;RI;L676;1;2,83;1,83;0;1,5;7,16
Nord Ovest;Lombardia;MI;L677;13,75;85,5;79,38;34,64;21,32;234,59
Nord Ovest;Lombardia;LC;L680;3;10;4;6,5;3;26,5
Nord Ovest;Liguria;SP;L681;4;5;7;10,33;8,65;34,98
Nord Ovest;Lombardia;VA;L682;130,48;469,54;359,69;178,98;205,51;1344,2
Nord Ovest;Piemonte;TO;L685;1;2;5;0;3;11
Nord Est;Friuli- Venezia Giulia;UD;L686;0;4;2;1;16,5;23,5
Nord Est;Emilia-Romagna;PR;L689;0;2,75;4;4,67;11,27;22,69
Nord Ovest;Lombardia;PV;L690;5;16;13;4,58;12,83;51,41
Nord Ovest;Piemonte;VB;L691;3;13;12,13;10;6;44,13
Nord Ovest;Liguria;IM;L693;2;13;2;2;3;22
Sud;Molise;IS;L696;1;5,33;1;1;0;8,33
Nord Ovest;Piemonte;TO;L698;1;1;5;6;9;22
Sud;Calabria;VV;L699;0;1;1;3;1;6
Nord Est;Veneto;TV;L700;1;21;17,5;2,5;24,5;66,5
Centro;Toscana;PI;L702;5;26,75;33,5;30,33;32,51;128,09
Nord Ovest;Lombardia;VA;L703;1;13;26,5;9,5;20,67;70,67
Nord Ovest;Lombardia;MI;L704;19;33;49,5;16,27;16,67;134,44
Nord Est;Veneto;TV;L706;5,69;45,24;24,94;17,5;59,47;152,84
Nord Ovest;Lombardia;BG;L707;2;3,67;0;1;1;7,67
Nord Ovest;Lombardia;MI;L709;7;45;28,25;6;6;92,25
Nord Est;Veneto;PD;L710;1;17;11;19;23,89;71,89
Sud;Puglia;LE;L711;4,67;8,5;16,83;17,09;24,5;71,59
Nord Ovest;Piemonte;BI;L712;0;1;5;3,5;5;14,5
Centro;Lazio;VT;L713;7;11;7,75;8,5;6;40,25
Nord Ovest;Lombardia;CO;L715;1,5;4;2,66;3;3;14,16
Nord Ovest;Lombardia;PV;L716;0;0;0;0;0;0
Centro;Lazio;RM;L719;32,75;143,69;146,43;102,68;122,8;548,35
Nord Ovest;Lombardia;PV;L720;1,5;13,17;15,67;11;10,5;51,84
Nord Est;Veneto;VR;L722;1;7;3;3,33;3;17,33
Nord Est;Veneto;VI;L723;1;4;3;5;8;21
Sud;Molise;IS;L725;5,17;17;19,5;21,5;21;84,17
Nord Ovest;Piemonte;TO;L726;2;2;2;1;6,5;13,5
Nord Ovest;Piemonte;TO;L727;17;183,22;170,33;51,85;30;452,4
Centro;Marche;AP;L728;0;0,33;2,5;4;7;13,83
Nord Ovest;Piemonte;CN;L729;3;3;6;7,5;6,22;25,72
Nord Ovest;Liguria;SV;L730;0;1;3;0;3;7
Nord Ovest;Lombardia;VA;L733;6;30;23,33;12;18,41;89,74
Nord Ovest;Lombardia;VA;L734;3;29;26,53;24,25;18;100,78
Isole;Sicilia;ME;L735;2;17;14;5,5;6;44,5
Nord Est;Veneto;VE;L736;214,11;1417,64;1316,4;587,1;432,56;3967,81
Nord Ovest;Lombardia;CO;L737;3;15,4;10;7;4,33;39,73
Sud;Basilicata;PZ;L738;17,67;17,67;20,22;20;15;90,56
Sud;Campania;AV;L739;0;0;0;6;5;11
Isole;Sicilia;PA;L740;0;4;4;4;4;16
Nord Ovest;Liguria;IM;L741;91,3;152,67;81,4;41,99;24,64;392
Centro;Lazio;LT;L742;1;5;5;1;0;12
Nord Est;Friuli- Venezia Giulia;UD;L743;1;2;5;4;9,17;21,17
Nord Ovest;Lombardia;MI;L744;13,06;43;59,15;18,89;19,99;154,09
Nord Ovest;Piemonte;VB;L746;48,51;168,22;136,71;42,44;53,42;449,3
Sud;Calabria;CS;L747;0;6;2,75;2;1;11,75
Nord Ovest;Lombardia;CO;L748;1;6;5,5;3;0;15,5
Nord Ovest;Lombardia;SO;L749;4;5;3;5,66;1;18,66
Nord Ovest;Piemonte;VC;L750;52,5;285,38;214,77;102,83;104,34;759,82
Nord Ovest;Lombardia;LC;L751;1;13,5;9,25;4;5,5;33,25
Nord Ovest;Lombardia;BG;L752;2;23;32,34;14;12,55;83,89
Nord Ovest;Lombardia;BG;L753;6;44;44;18,58;16,5;129,08
Nord Ovest;Piemonte;CN;L758;0;0;1;0;1;2
Nord Est;Emilia-Romagna;BO;L762;15;47,47;48,33;16,5;20,07;147,37
Nord Est;Emilia-Romagna;FO;L764;8;3,66;7,5;5,5;5;29,66
Nord Ovest;Lombardia;VA;L765;3,33;42,5;30,58;13,5;31,92;121,83
Nord Ovest;Piemonte;CN;L771;10;16,02;1,33;2;0;29,35
Nord Est;Emilia-Romagna;PC;L772;1;7;8;8,83;18,5;43,33
Nord Ovest;Lombardia;MI;L773;2;26,5;16;8,5;7,33;60,33
Nord Ovest;Liguria;SP;L774;7,5;7,5;3;1;0;19
Centro;Toscana;PO;L775;4;17,5;24,5;20;26,5;92,5
Sud;Puglia;LE;L776;7;18;9;5;12,67;51,67
Nord Ovest;Lombardia;BS;L777;2;18,5;23,5;17;59,5;120,5
Nord Ovest;Lombardia;BS;L778;0;8;10;12,17;17;47,17
Nord Ovest;Piemonte;TO;L779;0;19,16;16,5;12;25,58;73,24
Centro;Lazio;FR;L780;6;18;12,5;19,83;31,31;87,64
Nord Est;Veneto;VR;L781;236,34;1103,48;1258,87;622,47;501,6;3722,76
Nord Ovest;Valle d'Aosta;AO;L783;1;8;1;3;1;14
Nord Ovest;Lombardia;PV;L784;0;1;1;1;2,33;5,33
Nord Ovest;Piemonte;BI;L785;0;3;8;1;0,06;12,06
Nord Ovest;Piemonte;TO;L787;1;2;2;1;11,67;17,67
Nord Ovest;Lombardia;PV;L788;0;0;2;3;6;11
Nord Ovest;Lombardia;CO;L792;3;17,5;17;7;11;55,5
Nord Ovest;Lombardia;BG;L795;3;20,5;21,28;13,86;14;72,64
Nord Est;Emilia-Romagna;RN;L797;1,67;23;31,75;14,96;22,57;93,95
Nord Ovest;Lombardia;SO;L799;2;1;0;1,06;0,5;4,56
Nord Est;Friuli- Venezia Giulia;UD;L801;1;0;1;0,83;3;5,83
Sud;Calabria;KR;L802;0;0;3;1;3;7
Nord Ovest;Piemonte;CN;L804;0;21;31,47;9;25;86,47
Nord Est;Veneto;PD;L805;0;7;6;6,41;4;23,41
Nord Ovest;Lombardia;CR;L806;0;7,3;7,39;8,55;21,17;44,41
Nord Ovest;Piemonte;AT;L807;0;2;0;1;3;6
Nord Ovest;Piemonte;NO;L808;0;12,5;11,5;6;14;44
Nord Ovest;Liguria;IM;L809;0;1;1;2;2;6
Nord Est;Veneto;VR;L810;4,39;5;4,17;7;9,84;30,4
Nord Ovest;Piemonte;TO;L811;1;2;1;1;7;12
Nord Ovest;Lombardia;BS;L812;3,33;10;23,66;4;14,58;55,57
Centro;Lazio;VT;L814;8,83;36,84;48,5;33,28;45,74;173,19
Nord Est;Emilia-Romagna;RE;L815;0;1,58;7,5;7,33;7;23,41
Nord Ovest;Lombardia;BS;L816;9,49;19,21;5;2,5;5;41,2
Nord Ovest;Piemonte;CN;L817;4;7;8;4,75;15,11;38,86
Nord Ovest;Liguria;SP;L819;8;32;28,5;9;18,5;96
Nord Est;Emilia-Romagna;RE;L820;0;14;15,12;13,12;21,43;63,67
Nord Ovest;Liguria;SV;L823;0;3;0;2;2;7
Nord Ovest;Lombardia;MN;L826;5,42;67,42;68,5;40,75;96,09;278,18
Nord Ovest;Lombardia;BG;L827;0;6;0;4;10;20
Isole;Sicilia;CT;L828;4,59;19,33;23,08;20,81;32,92;100,73
Nord Ovest;Piemonte;AT;L829;0;0;0;0;4,5;4,5
Nord Ovest;Piemonte;TO;L830;0;0;0;1;1;2
Nord Est;Emilia-Romagna;RE;L831;0;14;20;9,5;12;55,5
Centro;Toscana;LU;L833;67,55;347,4;300,2;126,35;139,71;981,21
Nord Ovest;Piemonte;AT;L834;0;0;2;7;11,5;20,5
Sud;Campania;SA;L835;6,42;15,14;10,84;9;9,5;50,9
Centro;Lazio;FR;L836;0;0;1;0;3;4
Isole;Sicilia;PA;L837;3;9;4,5;2;2;20,5
Centro;Toscana;FI;L838;4,67;24;26,83;21,39;28,13;105,02
Nord Est;Veneto;VI;L840;135,79;463,5;552,37;340,42;300,4;1792,48
Nord Ovest;Piemonte;CN;L841;1;5,75;10,25;4;11,5;32,5
Sud;Puglia;FG;L842;13,99;31,12;33,64;19,83;7,83;106,41
Centro;Lazio;FR;L843;3,92;4;0,5;5;3,5;16,92
Sud;Campania;CE;L844;4;7;4;9;19,92;43,92
Sud;Campania;NA;L845;13,5;25;26,83;12,34;16,7;94,37
Sud;Abruzzo;PE;L846;1;1;2;1;2;7
Nord Ovest;Piemonte;NO;L847;0;2;1;5;2;10
Nord Est;Emilia-Romagna;PC;L848;1;5;8,67;9;19,5;43,17
Centro;Toscana;PI;L850;3;27;32,6;22,5;23,4;108,5
Centro;Lazio;RM;L851;10;8,13;9;3;4,93;35,06
Nord Ovest;Lombardia;PV;L854;5;53;63,58;16;8,5;146,08
Nord Est;Veneto;TV;L856;0;5,13;2,5;5,83;10;23,46
Nord Ovest;Piemonte;TO;L857;0;2;3;1;2;8
Sud;Puglia;FG;L858;57,58;70,6;39,72;20,56;6,02;194,48
Sud;Basilicata;PZ;L859;2;3,01;3,67;4,25;2,5;15,43
Sud;Campania;SA;L860;7;27,5;23,33;8;9;74,83
Nord Ovest;Lombardia;BG;L865;2;6;5,33;3;6,75;23,08
Nord Ovest;Lombardia;LC;L866;4;11;8;5;5,25;33,25
Nord Est;Emilia-Romagna;FE;L868;5;22;30;22;37,08;116,08
Nord Est;Veneto;VR;L869;4;23;36,5;22,5;27,17;113,17
Nord Ovest;Lombardia;PV;L872;126,59;415,51;261,56;123,47;124,34;1051,47
Sud;Basilicata;PZ;L873;2;4;1;0,88;1;8,88
Sud;Basilicata;PZ;L874;0,14;7,08;5,5;4;6;22,72
Nord Ovest;Lombardia;VA;L876;12;24;22,42;8,17;17,28;83,87
Nord Ovest;Piemonte;AT;L879;0;0;0,5;1;3,5;5
Nord Ovest;Piemonte;BI;L880;2;33,5;42;11,17;20;108,67
Nord Ovest;Piemonte;AL;L881;0;2;2;5;8;17
Centro;Lazio;VT;L882;10;25;19;16;6,5;76,5
Nord Ovest;Lombardia;MI;L883;6;56,7;41;12;17;132,7
Nord Est;Emilia-Romagna;MO;L885;16,5;100,27;131,79;66,06;47,09;361,71
Nord Ovest;Piemonte;AL;L887;3;3,5;6;6;4,5;23
Nord Ovest;Piemonte;CN;L888;0,34;8;7,5;7,5;8,82;32,16
Nord Ovest;Piemonte;VB;L889;0;4,5;2;0,5;4,5;11,5
Nord Est;Veneto;BL;L890;3,25;9,71;7;4;1,25;25,21
Nord Est;Veneto;PD;L892;2,5;25;54,66;32,5;43,61;158,27
Nord Ovest;Lombardia;BG;L894;0;5;5;6;4;20
Nord Est;Emilia-Romagna;PC;L897;0,5;9,07;19,11;17;21,75;67,43
Nord Ovest;Piemonte;TO;L898;1;8,33;18;11;11;49,33
Nord Est;Veneto;VE;L899;3;54;42;31,5;35,03;165,53
Nord Est;Veneto;PD;L900;6,14;66,67;103,92;68,57;117,43;362,73
Nord Ovest;Piemonte;AL;L904;3;10;15;7;14;49
Centro;Lazio;FR;L905;0;5;1;8;6,5;20,5
Nord Ovest;Piemonte;VB;L906;6;22,16;40,75;10,5;14,57;93,98
Nord Ovest;Lombardia;SO;L907;1;5,25;4;5;2;17,25
Nord Ovest;Lombardia;SO;L908;5;14,83;17,33;5,83;3,58;46,57
Nord Est;Friuli- Venezia Giulia;UD;L909;1;3;5;2;5,5;16,5
Nord Est;Veneto;VR;L912;2;0;11,5;21,33;30,76;65,59
Centro;Toscana;LU;L913;3;3;9;13;13;41
Isole;Sicilia;PA;L916;9;23;61,67;45,67;31;170,34
Nord Ovest;Lombardia;PV;L917;0;0;0;0;1;1
Nord Ovest;Lombardia;BS;L919;5;42,61;39,5;38;19;144,11
Sud;Puglia;BR;L920;13,5;18,5;9;6;11,5;58,5
Sud;Abruzzo;PE;L922;0;2;0;0;2;4
Nord Ovest;Lombardia;BS;L923;0;1,5;1,8;4;2,3;9,6
Isole;Sardegna;CA;L924;1;6;10,53;12,53;37,26;67,32
Centro;Toscana;LU;L926;1;1;1;0;5;8
Nord Ovest;Lombardia;MI;L928;9;36;27;20,2;20,56;112,76
Nord Ovest;Lombardia;BG;L929;3,03;17;18,75;11,5;15;65,28
Nord Ovest;Piemonte;AL;L931;0;0;0;1;7;8
Nord Ovest;Piemonte;BI;L933;0;0;1;1;0;2
Nord Est;Veneto;PD;L934;1;4;5;19,15;13,33;42,48
Nord Ovest;Lombardia;BG;L936;4;23,5;17,1;9;12,17;65,77
Nord Est;Veneto;PD;L937;0;0;3,2;1;3,58;7,78
Nord Ovest;Lombardia;BG;L938;3;16,5;10,61;2;7;39,11
Nord Est;Veneto;RO;L939;0;6;12,25;10,2;16;44,45
Nord Ovest;Piemonte;CN;L942;0,92;5,67;11;5,67;17,59;40,85
Nord Ovest;Liguria;IM;L943;1;4;3;0;0;8
Isole;Sicilia;AG;L944;3;1;2,67;0;4;10,67
Nord Ovest;Piemonte;AT;L945;0;5;6;4;19,17;34,17
Centro;Toscana;MS;L946;2;26,17;24;12;24;88,17
Nord Est;Veneto;PD;L947;0;13;31;14,67;43,75;102,42
Nord Ovest;Piemonte;TO;L948;0;6;13;6;21,5;46,5
Nord Est;Veneto;VR;L949;15,5;85,33;93,92;64,5;85,83;345,08
Isole;Sicilia;ME;L950;4;28,56;24,5;29;7;93,06
Isole;Sicilia;PA;L951;2;6;8;3;7;26
Nord Est;Veneto;VI;L952;1;4;8;3;18;34
Isole;Sardegna;NU;L953;2;1,75;5;3;8;19,75
Nord Ovest;Lombardia;CO;L956;8;52,01;39,67;25;21,5;146,18
Sud;Abruzzo;AQ;L958;2;8,83;2;2;1;15,83
Isole;Sicilia;CL;L959;4;3,5;4,26;2,42;1;15,18
Sud;Abruzzo;CH;L961;0;2;1,5;1;4;8,5
Nord Ovest;Piemonte;AL;L963;0;1;3;1;1;6
Sud;Abruzzo;CH;L964;0;1;5;6;10,5;22,5
Sud;Campania;AV;L965;0;1;1;1;0;3
Isole;Sardegna;CA;L966;0;2,8;2;3;11,67;19,47
Nord Est;Veneto;RO;L967;1;5;8;4,31;7,89;26,2
Isole;Sardegna;CA;L968;0;2;0,29;0;8,5;10,79
Nord Est;Emilia-Romagna;RE;L969;5,5;21,34;12,37;12,68;17,22;69,11
Nord Ovest;Piemonte;AL;L970;0;0;2;1;5;8
Nord Ovest;Piemonte;AL;L972;2;0;3,5;8,5;18;32
Sud;Campania;AV;L973;3,58;5;4;4,79;3;20,37
Nord Ovest;Piemonte;CN;L974;4;19;19,01;11;24;77,01
Nord Ovest;Liguria;SV;L975;8,1;18;13,5;4,14;7;50,74
Nord Ovest;Lombardia;LO;L977;0,5;8;11;8;3;30,5
Nord Ovest;Piemonte;BI;L978;0;0;0;0;2;2
Nord Est;Veneto;PD;L979;0,92;15,48;18,5;14,2;16,92;66,02
Nord Est;Emilia-Romagna;PC;L980;0;3;4,5;3;9,33;19,83
Nord Ovest;Valle d'Aosta;AO;L981;3;3;3;0,5;2;11,5
Nord Ovest;Piemonte;TO;L982;0;4;1;3;3;11
Nord Ovest;Lombardia;PV;L983;1;3;2,5;3;4,17;13,67
Nord Ovest;Piemonte;AT;L984;4;11;21,39;5,3;17;58,69
Nord Est;Veneto;RO;L985;1;2,67;3;4,67;5;16,34
Isole;Sardegna;CA;L986;0;0;0;1;3;4
Isole;Sardegna;CA;L987;0;0;1;1,5;5,61;8,11
Nord Est;Veneto;RO;L988;0;4;3;3;6;16
Isole;Sardegna;SS;L989;4;3;2;6;8;23
Nord Ovest;Piemonte;CN;L990;0;0;1;2;3,5;6,5
Isole;Sardegna;OR;L991;0;1;1;0;1;3
Isole;Sardegna;NU;L992;0;1;1;0;2;4
Nord Ovest;Lombardia;PV;L994;5;30;18,5;17;12;82,5
Nord Ovest;Lombardia;BS;L995;5;31;20,01;13,5;11;80,51
Isole;Sardegna;CA;L998;2;20,67;15,89;4;6,59;49,15
Nord Ovest;Piemonte;TO;L999;1;10,38;5;3;13,13;32,51
Nord Ovest;Piemonte;TO;M002;0;7;6;8;16,34;37,34
Nord Ovest;Piemonte;VC;M003;4;1;0;1;1;7
Nord Ovest;Piemonte;TO;M004;0;1;3;4;6;14
Nord Ovest;Piemonte;TO;M007;3;11,25;14;9;9,5;46,75
Nord Ovest;Piemonte;AL;M009;0;2;1;1;6;10
Isole;Sicilia;EN;M011;7,5;8,25;10;0,83;8,81;35,39
Nord Ovest;Piemonte;TO;M013;2;8;7;1;8,5;26,5
Nord Ovest;Piemonte;TO;M014;3;17;11,25;4,5;6,5;42,25
Nord Ovest;Piemonte;CN;M015;1;0;2;1;5;9
Isole;Sardegna;CA;M016;0;0;1;3;1;5
Nord Ovest;Lombardia;MI;M017;13;77;55,5;37,17;30,81;213,48
Sud;Calabria;RC;M018;4;20;31,97;27;15,08;98,05
Nord Ovest;Piemonte;AT;M019;0;1;2;0;4;7
Sud;Abruzzo;AQ;M021;0;1;0;0;2;3
Sud;Abruzzo;CH;M022;0;2;3;3;4,5;12,5
Sud;Abruzzo;AQ;M023;0;3;1;0;4;8
Isole;Sardegna;CA;M025;0;11,67;9;8,67;28,93;58,27
Isole;Sardegna;CA;M026;1;7,5;5;17,11;3,28;33,89
Nord Ovest;Piemonte;TO;M027;4;25;14,17;10;11;64,17
Nord Ovest;Piemonte;VC;M028;0;1;5,5;2,5;3,9;12,9
Isole;Sardegna;OR;M030;0;1;0;1;3;5
Sud;Abruzzo;AQ;M031;0,08;2;2,5;3;0;7,58
Nord Est;Veneto;VI;M032;0;11;10,5;16,5;15,38;53,38
Sud;Abruzzo;AQ;M041;3,5;6;6;1;4;20,5
Nord Ovest;Piemonte;VB;M042;0;1;2;0;1;4
Nord Ovest;Lombardia;MN;M044;0;4;9;6;12,5;31,5
Nord Ovest;Lombardia;BG;M045;4;27,67;28,53;17,3;20;97,5
Nord Est;Veneto;TV;M048;21,5;79,17;50,33;37,83;67,53;256,36
Nord Ovest;Lombardia;BG;M050;2,09;4,75;1;4,09;5,5;17,43
Nord Ovest;Lombardia;MI;M052;38;123,42;137,92;60,33;54;413,67
Nord Ovest;Lombardia;MI;M053;27,43;148,17;113;19;14,58;322,18
Nord Ovest;Piemonte;CN;M055;2;8,83;6;0;4;20,83
Sud;Molise;CB;M057;1;9;9;11;4,2;34,2
Nord Ovest;Piemonte;AT;M058;0;0;0;6;10,83;16,83
Centro;Toscana;FI;M059;5,5;37,5;44;31,61;37,8;156,41
Nord Ovest;Piemonte;TO;M060;7;66,5;64,5;27,67;59,76;225,43
Nord Ovest;Piemonte;NO;M062;0;0;1;1;2;4
Nord Ovest;Piemonte;CN;M063;15,83;6,68;3;2;3;30,51
Nord Ovest;Lombardia;BS;M065;12;13,54;7,77;4;5;42,31
Nord Ovest;Piemonte;TO;M069;0;0;6;4;11,5;21,5
Nord Ovest;Lombardia;BS;M070;0;4;3,5;5;6,5;19
Nord Ovest;Piemonte;TO;M071;0;0;0;2;17;19
Sud;Campania;NA;M072;0;3;0,76;2;2,13;7,89
Nord Ovest;Piemonte;AL;M077;4;8;6;1;7,5;26,5
Centro;Marche;MC;M078;1;0;3,08;3,5;4,5;12,08
Nord Ovest;Lombardia;PV;M079;1;5;6,5;1;8;21,5
Nord Ovest;Piemonte;TO;M080;0;4;2;0;5;11
Isole;Sicilia;TP;M081;0;0;2;4;5;11
Centro;Lazio;VT;M082;90,59;274,83;252,76;174,89;189,27;982,34
Centro;Lazio;FR;M083;0;0;2;0;0;2
Nord Est;Friuli- Venezia Giulia;PN;M085;0;5;5;3;10,5;23,5
Centro;Lazio;VT;M086;2;19;9,5;9;20;59,5
Isole;Sicilia;RG;M088;15,62;129,31;159,57;122,65;102,89;530,04
Nord Est;Veneto;TV;M089;19,59;88,67;103,88;95,72;93,25;401,11
Sud;Abruzzo;AQ;M090;2;4;3;6,9;4;19,9
Nord Ovest;Lombardia;MI;M091;12;81,5;50,5;18;10;172
Sud;Campania;CE;M092;7,63;12,67;22;19,17;35,49;96,96
Sud;Campania;BN;M093;0,5;0;4;1,5;7;13
Nord Ovest;Piemonte;TO;M094;8;31;12,17;11;15;77,17
Centro;Lazio;RM;M095;0;1;0;0;0;1
Nord Est;Friuli- Venezia Giulia;PN;M096;0;4;3;2;6,5;15,5
Nord Ovest;Piemonte;BI;M098;0;3;2;3;8;16
Isole;Sicilia;CT;M100;4;5,11;14,17;10,47;16,72;50,47
Nord Ovest;Lombardia;VA;M101;2;3;3;1;2;11
Nord Ovest;Lombardia;MI;M102;2;16,92;13;4,5;17;53,42
Nord Est;Veneto;PD;M103;2;3;6,5;8;13,42;32,92
Nord Ovest;Lombardia;BS;M104;3;34,84;36,67;17;21,89;113,4
Nord Ovest;Liguria;GE;M105;3;7;4,33;2;3,86;20,19
Nord Ovest;Piemonte;VC;M106;1;4;0;1;1,8;7,8
Nord Est;Veneto;BL;M108;3,22;2;3;3;5,33;16,55
Nord Ovest;Lombardia;PV;M109;26,2;256,6;249,83;121,58;85;739,21
Nord Est;Emilia-Romagna;FE;M110;1;8;9,5;10,57;9;38,07
Nord Ovest;Piemonte;VB;M111;1;7;3;1;5,83;17,83
Sud;Campania;NA;M115;4,33;34,34;56,92;58,5;21,67;175,76
Nord Ovest;Lombardia;CR;M116;0;0;2;0;4;6
Nord Est;Veneto;TV;M118;4;26;25,33;17,23;45,94;118,5
Nord Ovest;Lombardia;PV;M119;2;1;1;0;4;8
Nord Ovest;Piemonte;AL;M120;1;5;6;4;6;22
Nord Ovest;Piemonte;AL;M121;0;0;1;0;0,22;1,22
Nord Ovest;Piemonte;TO;M122;5,5;63,5;71,5;35,5;37,28;213,28
Nord Ovest;Piemonte;AL;M123;1;2,2;1,17;2;4,67;11,04
Nord Est;Veneto;BL;M124;1;11;2,33;1;5,58;20,91
Nord Ovest;Lombardia;MN;M125;3;20;15;12,33;30,52;80,85
Centro;Toscana;PI;M126;13;44,83;47,17;23,33;39,1;167,43
Nord Ovest;Lombardia;CR;M127;0;0;0;0,5;1;1,5
Sud;Campania;AV;M130;1;4,32;1,14;2,17;4;12,63
Sud;Puglia;FG;M131;0;0;0;1;1;2
Sud;Puglia;FG;M132;8;8,67;6;1;2;25,67
Nord Ovest;Piemonte;TO;M133;2;34,59;22,42;17,5;30,5;107,01
Nord Ovest;Piemonte;CN;M136;0;0;1;2;2;5
Sud;Calabria;VV;M138;0;6;2;2;1;11
Isole;Sicilia;CT;M139;2;15,5;27,67;25,5;22,01;92,68
Sud;Calabria;CZ;M140;0;0;2,5;3;2;7,5
Centro;Lazio;RM;M141;30;56;43,73;21,16;37,17;188,06
Sud;Calabria;VV;M143;6,83;5,11;7;5;1,04;24,98
Nord Ovest;Lombardia;BG;M144;2,11;11,11;9;9;9,11;40,33
Nord Est;Veneto;VI;M145;1;8;21;10;24,75;64,75
Nord Ovest;Lombardia;BG;M147;11,5;50,83;59;32,92;12,5;166,75
Nord Ovest;Lombardia;PV;M150;3;6;8;2;7,9;26,9
Nord Ovest;Lombardia;PV;M152;2;5,5;10;5;14;36,5
Isole;Sardegna;OR;M153;0;0;0;0;3;3
Nord Ovest;Lombardia;CO;M156;2;3,77;3;1;0;9,77
Nord Ovest;Lombardia;LO;M158;9;52,67;32,33;13,5;15,5;123
Nord Ovest;Lombardia;PV;M161;0;3;4;8;9,5;24,5
Nord Ovest;Lombardia;PV;M162;2;4;0;4,14;4;14,14
Nord Est;Veneto;TV;M163;0;1;3;6,11;5,61;15,72
Nord Est;Emilia-Romagna;PC;M165;3;2;2;2;3,5;12,5
Nord Ovest;Lombardia;PV;M166;0;1;2;2;4,75;9,75
Nord Ovest;Lombardia;PV;M167;0;11;7;8;8,5;34,5
Isole;Sardegna;OR;M168;1;0;2;3;9,17;15,17
Centro;Toscana;MS;M169;0;10;4;6;4;24
Nord Est;Veneto;VI;M170;2;3,5;3;1;1,5;11
Nord Est;Veneto;TV;M171;0;26,5;26,84;17,5;26,08;96,92
Nord Est;Veneto;VR;M172;1,5;51;67,25;34,18;66,51;220,44
Nord Ovest;Lombardia;MI;M176;5;32;31,5;16,63;13,33;98,46
Nord Ovest;Liguria;SP;M177;0,15;1,11;4;1;1;7,26
Nord Est;Veneto;VR;M178;2;4;11;6;24;47
Nord Ovest;Piemonte;BI;M179;2;0;1;2;3,5;8,5
Nord Ovest;Lombardia;PV;M180;2;14;8,5;6;17,4;47,9
Nord Ovest;Liguria;GE;M182;6;25,94;28,35;10;9;79,29
Nord Est;Emilia-Romagna;MO;M183;13;62,5;49,75;17;16;158,25
Nord Ovest;Lombardia;BG;M184;5,67;35,33;27,83;22,13;17;107,96
Nord Est;Emilia-Romagna;BO;M185;17,5;106,61;99,77;38,5;19,17;281,55
Sud;Puglia;LE;M187;0;3;3,95;2,86;9,25;19,06
Nord Ovest;Lombardia;BS;M188;3,97;9;9;3,5;6,5;31,97
Nord Est;Veneto;BL;M189;0;1;0;0;0;1
Nord Est;Friuli- Venezia Giulia;PN;M190;2;9;19,67;11,67;37,75;80,09
Nord Est;Veneto;VI;M194;0;0;1,67;1;4;6,67
Nord Ovest;Piemonte;BI;M196;0;2;4,5;6,85;10;23,35
Nord Ovest;Liguria;SV;M197;0;3,5;1;0;1;5,5
Nord Est;Veneto;VI;M199;0;10,5;9;13;28,83;61,33
Nord Est;Friuli- Venezia Giulia;UD;M200;2;1;0;1;3,67;7,67
Nord Ovest;Piemonte;BI;M201;0;1;6;4;6;17
Sud;Calabria;CS;M202;0,5;3,5;5;4;3,22;16,22
Sud;Campania;AV;M203;3;6;2;4;2;17
Sud;Calabria;VV;M204;1;4;2;0;1;8
Centro;Lazio;RM;M207;8;51,44;39,5;23;36,17;158,11
Sud;Calabria;CZ;M208;60,02;104,92;125,96;101,78;95,4;488,08
Isole;Sardegna;CA;M209;1;17,2;11,58;2,75;2;34,53
Isole;Sicilia;ME;M210;5,14;11,33;16,33;14,4;11,61;58,81
Isole;Sicilia;ME;M211;3;19;13,88;4,34;12,5;52,72
Centro;Lazio;RM;M212;61,17;358,22;227,47;69,22;41,83;757,91
Centro;Lazio;RM;M213;133,35;524,75;249,69;110,03;101,01;1118,83
Isole;Sardegna;SS;M214;59,5;41,33;7;1;7;115,83
Sud;Campania;SA;M253;1;6,33;3,25;2,46;6,08;19,12
Sud;Abruzzo;AQ;M255;2;1;0;0,5;0;3,5
Sud;Basilicata;MT;M256;0;13;23,3;13,13;7;56,43
Isole;Sicilia;SR;M257;5,83;8,5;5,33;3;5;27,66
Centro;Umbria;TR;M258;0;7;4;7,11;16;34,11
Isole;Sardegna;SS;M259;11,75;17,5;2;1;0;32,25
Sud;Campania;CE;M260;1;4,8;4,93;1;19,6;31,33
Sud;Puglia;LE;M261;4,42;4,75;2;4;4,83;20
Sud;Puglia;LE;M263;9,5;78;55,47;28,8;22,32;194,09
Sud;Puglia;LE;M264;0;1;3;1;2;7
Nord Est;Friuli- Venezia Giulia;PN;M265;0;1;4;6;2;13
Sud;Puglia;FG;M266;3;4;8,5;3;1;19,5
Isole;Sicilia;PA;M268;0;1;2;1;3,75;7,75
Sud;Basilicata;PZ;M269;3,5;9,25;5,5;1;4,5;23,75
Isole;Sardegna;CA;M270;2;4,83;1;2,92;1;11,75
Isole;Sicilia;CT;M271;1;4;1,67;2;5,67;14,34
Centro;Lazio;RM;M272;35,3;204,52;172,24;54,5;36,5;503,06
Sud;Campania;NA;M273;5;8;17,95;17,3;6,17;54,42
Isole;Sardegna;SS;M274;33,79;79,89;19,21;13;12,13;158,02
Isole;Sardegna;SS;M275;19,75;102,38;34,33;11,25;10,58;178,29
Isole;Sardegna;SS;M276;3,25;4,58;5;2;2;16,83
Sud;Calabria;RC;M277;0;9,5;12;7,66;10;39,16
Isole;Sardegna;CA;M278;0;1;4;2;2;9
Isole;Sicilia;SR;M279;4;26;29,67;15,95;20,33;95,95
Sud;Campania;NA;M280;3;14,92;10,17;8,67;12,17;48,93
Isole;Sicilia;TP;M281;5;15;4;10,5;16,27;50,77
Isole;Sardegna;SS;M282;1;8;1;1;2;13
Isole;Sicilia;CT;M283;0;1;0;2;3,67;6,67
Isole;Sardegna;SS;M284;10;19;2;0;3;34
Isole;Sardegna;NU;M285;0;3;3,33;2;2,5;10,83
Isole;Sicilia;ME;M286;3;11;9;9,5;10;42,5
Isole;Sicilia;CT;M287;4;7;19;9;10,83;49,83
Isole;Sardegna;CA;M288;3;8;4;7;9;31
Sud;Campania;NA;M289;2,33;7,34;10,63;3,59;1;24,89
Isole;Sardegna;SS;M290;18,88;40,75;17,84;5,5;11,5;94,47
Isole;Sardegna;CA;M291;0;2,44;1;0;0;3,44
Isole;Sardegna;SS;M292;0;0;0;6;4;10
Sud;Campania;SA;M294;4,33;19,26;32;33,92;16,29;105,8
Centro;Lazio;RM;M295;10;39,75;39;25,75;30,25;144,75
Centro;Lazio;RM;M297;146,35;597,58;267,34;87,67;81,03;1179,97
Sud;Puglia;TA;M298;4,5;18;21;23,89;42,92;110,31
Nord Est;Veneto;PD;M300;4;15,75;33,07;22,66;27,84;103,32
Isole;Sardegna;SS;M301;2,2;2,34;2,83;1;3,94;12,31
Nord Ovest;Piemonte;AT;M302;0;3;2;3;20;28
Nord Est;Veneto;VE;M308;20,5;143,13;66,88;30,15;26;286,66
Centro;Lazio;RM;M309;25;179,33;114;69,36;45;432,69
Nord Ovest;Lombardia;BS;M312;14;73,33;66,98;40,73;82,59;277,63
Nord Ovest;Lombardia;CO;M315;7,04;32,54;17;9,33;14,63;80,54
Nord Ovest;Piemonte;TO;M316;1;34;53;17;12;117
Nord Est;Friuli- Venezia Giulia;UD;M317;4;17,67;14,5;5,67;31,5;73,34
Centro;Marche;AN;M318;8,17;26;29,5;17,5;12,83;94
Centro;Toscana;LU;M319;2;3;6;5;4;20
Nord Est;Emilia-Romagna;BO;M320;19,45;160,05;143,01;85,08;91,5;499,09
Centro;Toscana;FI;M321;14,71;101,5;101,96;56,19;50,22;324,58
Centro;Toscana;AR;M322;3,5;26,25;35,59;16,79;26,4;108,53
Nord Est;Emilia-Romagna;FE;M323;2;28,5;40;33,75;27;131,25
Nord Est;Emilia-Romagna;RN;M324;8;19;20,36;16,83;6,38;70,57
Nord Est;Emilia-Romagna;PR;M325;2;26;24,25;24,5;47,02;123,77
Centro;Toscana;FI;M326;3;38,39;46,59;20,29;22,5;130,77
Centro;Toscana;PI;M327;10;46,92;53,25;35,25;50,69;196,11
Centro;Toscana;PI;M328;13;12,5;22,5;12,67;25,5;86,17
Centro;Toscana;AR;M329;6,33;20,51;23,55;12,99;20;83,38
Sud;Campania;AV;M330;13,75;16,59;26,73;45,34;28,61;131,02
Centro;Marche;PS;M331;6;61,25;21,33;30,33;26,33;145,24
Nord Ovest;Lombardia;BG;M333;18;18,37;18;11;17,93;83,3
Nord Ovest;Lombardia;BG;M334;3;7,2;14,5;10,67;8,76;44,13
Nord Ovest;Lombardia;CO;M335;11;31,69;14,23;9,73;16,33;82,98
Nord Ovest;Lombardia;CO;M336;2;25;30,33;13,75;10,5;81,58
Nord Ovest;Lombardia;LC;M337;2;29;23;4;7;65
Nord Ovest;Lombardia;PV;M338;0;0;1;2;4,5;7,5
Nord Ovest;Lombardia;VA;M339;15,22;38;25,05;11,33;12,46;102,06
Nord Ovest;Lombardia;MN;M340;14;92,5;65;50,5;69;291
Nord Ovest;Lombardia;CO;M341;15,64;24;30,3;13,77;26;109,71
Nord Est;Veneto;BL;M342;3,75;10,05;22,5;8;21,41;65,71
Nord Est;Friuli- Venezia Giulia;PN;M346;0;6;4,5;11;23,5;45
Centro;Toscana;LU;M347;2;14;8;4;1;29
Nord Ovest;Lombardia;LC;M348;3,33;18;10;5;18;54,33
Nord Est;Emilia-Romagna;RE;M364;36,37;32,5;22,33;14,22;12;117,42
Nord Est;Emilia-Romagna;PR;M367;1;6,5;10;8,16;29,32;54,98
Nord Est;Emilia-Romagna;RN;M368;4,94;30,5;27,35;12,5;22,94;98,23
Nord Est;Emilia-Romagna;BO;M369;10,38;40,03;42,77;19,33;20;132,51
Nord Ovest;Piemonte;VB;M370;1;2;1;0;2;6
Nord Ovest;Piemonte;BI;M371;2;2;4;4;7,5;19,5
Nord Ovest;Lombardia;PV;M372;2;11,63;8,75;12,63;5;40,01
Nord Ovest;Piemonte;BI;M373;1;6,5;3;3,5;21,17;35,17
Nord Est;Veneto;BL;M374;7,86;30,5;13,25;17;16,61;85,22
Nord Est;Veneto;BL;M375;12;21;15;15,5;30,67;94,17
Centro;Toscana;PT;M376;41;50,53;9;6;7;113,53
Centro;Toscana;PT;M377;18,28;48,27;46,66;24,17;35,67;173,05
Centro;Toscana;SI;M378;11;36,08;24;12,55;15,5;99,13
Centro;Marche;PS;M379;3;10;7,5;7,33;23,89;51,72
Centro;Marche;PS;M380;2;36,75;38;25;40,42;142,17
Nord Est;Emilia-Romagna;FE;M381;4;39;59,5;29,17;39,5;171,17
Centro;Marche;MC;M382;1,5;1,5;3;1;4,5;11,5
Nord Ovest;Lombardia;CO;M383;12,17;44;27,5;12,5;18,39;114,56
Nord Est;Veneto;VI;M384;0;12;9;6;16,55;43,55
Sud;Calabria;CS;M385;5,6;10;7;15,6;23,11;61,31
Nord Est;Emilia-Romagna;PC;M386;6;10,75;15;11,66;24,09;67,5
Nord Ovest;Liguria;IM;M387;4,33;7,5;5;3;1;20,83
Nord Ovest;Piemonte;AL;M388;2;3;12;8;12;37
Nord Ovest;Piemonte;VC;M389;2;3;0;2;2,33;9,33
Centro;Toscana;LI;M391;49,05;63,79;19,91;4;3;139,75
Centro;Toscana;AR;M392;3;12;16,5;22;17,47;70,97
Nord Ovest;Lombardia;LO;M393;0;5;14,9;6;7,1;33
Nord Ovest;Lombardia;CO;M394;5;31,5;18,25;13;13,83;81,58
Nord Ovest;Lombardia;LC;M395;6;10;4;4;2;26
Nord Ovest;Lombardia;MN;M396;1;12,5;17;9,11;25,22;64,83
Nord Ovest;Piemonte;AL;M397;0;0;1;3;8,5;12,5
Nord Ovest;Piemonte;VC;M398;2,5;8;5;3;8;26,5
Nord Est;Friuli- Venezia Giulia;UD;M399;1;1;2,33;6,13;6;16,46
Nord Est;Veneto;VI;M401;0;10;16,5;11;19,97;57,47
Nord Est;Veneto;PD;M402;3;8,5;11;15,81;46,67;84,98
Sud;Calabria;CS;M403;80,99;214,83;178,48;202,79;177,17;854,26
Nord Ovest;Piemonte;VB;M404;4;7;6,5;5;7,83;30,33
Nord Ovest;Piemonte;TO;M405;2;5;4;4;6;21
Nord Ovest;Lombardia;MN;M406;3;2;6;4;16,5;31,5
Centro;Toscana;FI;M408;6;33,75;51,5;27,26;42,58;161,09
Nord Est;Emilia-Romagna;FE;M409;2,67;37;34,77;21,38;23,89;119,71
Nord Est;Emilia-Romagna;FE;M410;2;17;43,5;25,5;46,55;134,55
Nord Est;Emilia-Romagna;PR;M411;6;61;50,25;29,5;59,46;206,21
Nord Ovest;Lombardia;CO;M412;3;14;19,22;15;9,95;61,17
Centro;Marche;PS;M413;3;15,5;9,33;10,5;12,67;51
Nord Ovest;Piemonte;BI;M414;1;4;7;3;13;28
Nord Ovest;Piemonte;TO;M415;0;12;6;12;11,83;41,83
Nord Ovest;Piemonte;NO;M416;0;7,67;16;18;20;61,67
Nord Ovest;Piemonte;BI;M417;6;49,5;60;35;54,5;205
Nord Ovest;Lombardia;CR;M418;4;16,58;11;6,25;18,45;56,28
Nord Ovest;Lombardia;PV;M419;1;5,5;6;4,1;11;27,6
Nord Ovest;Piemonte;AL;M420;0;2;5;4;9,5;20,5
Nord Est;Veneto;BL;M421;9;31,8;36,37;43,19;75,4;195,76
Nord Est;Veneto;TV;M422;4;16,5;11;11;23,5;66
Nord Est;Veneto;VI;M423;4;22,5;23;10;24,83;84,33
Nord Ovest;Lombardia;MI;M424;4;28,1;28,75;6,5;12,5;79,85
Nord Ovest;Lombardia;VA;M425;1;12;11,16;6;19;49,16
Nord Est;Veneto;VI;M426;1;1;6;8,25;31;47,25
Nord Est;Veneto;VI;M427;23,16;49,25;22,47;25;26,08;145,96
Sud;Puglia;LE;M428;3,77;8,72;14,05;10,83;32,88;70,25
Isole;Sicilia;TP;M432;1,67;16;12,5;19,67;32,19;82,03
Nord Ovest;Lombardia;VA;M433;0;10,03;19,89;9;12,5;51,42
Nord Ovest;Piemonte;AT;M434;2;1;2;0;2;7
Nord Ovest;Lombardia;CO;M435;1;17;17,05;14,5;12,5;62,05
Nord Est;Veneto;VI;M436;1;14;15,94;10,17;37,76;78,87
Nord Est;Veneto;BL;M437;5;12;16,75;13,5;39,17;86,42
Nord Est;Veneto;PD;M438;1;2,78;6;3;5;17,78
