Area;Regione;Provincia;2025_CodCom;NTN_2025_Depositi_Pert;NTN_2025_Box
Nord Est;Veneto;PD;A001;15,43;281,3
Nord Ovest;Lombardia;LO;A004;1;2
Nord Ovest;Lombardia;LC;A005;11,26;26
Centro;Toscana;SI;A006;15,5;33,84
Isole;Sardegna;OR;A007;2;0,5
Sud;Abruzzo;PE;A008;2;2
Nord Ovest;Lombardia;MI;A010;126,8;379,83
Sud;Basilicata;PZ;A013;1;1
Isole;Sicilia;RG;A014;10,58;19,5
Sud;Puglia;FG;A015;3;4
Nord Ovest;Piemonte;CN;A016;2;3
Sud;Basilicata;MT;A017;10,29;3,33
Sud;Abruzzo;AQ;A018;2;0
Centro;Lazio;RI;A019;4;1
Sud;Basilicata;PZ;A020;4;4
Sud;Campania;SA;A023;5,67;5,67
Sud;Campania;NA;A024;54,21;203,39
Isole;Sicilia;CT;A025;1;3
Isole;Sicilia;CT;A026;29,17;123,17
Isole;Sicilia;CT;A027;13,5;184,67
Isole;Sicilia;CT;A028;51,79;278,35
Isole;Sicilia;CT;A029;14;89,67
Centro;Lazio;FR;A032;0;0
Sud;Calabria;CS;A033;0;0
Nord Ovest;Lombardia;BS;A034;0;23
Centro;Marche;PS;A035;1,5;9,8
Nord Ovest;Lombardia;MN;A038;6;12
Nord Ovest;Lombardia;CR;A039;3;9,67
Centro;Lazio;VT;A040;18,67;19,52
Sud;Calabria;CS;A041;2,33;2
Sud;Calabria;VV;A043;0;0
Centro;Marche;AP;A044;7,5;9
Centro;Umbria;TR;A045;17;30,75
Centro;Marche;AP;A047;8;29,5
Sud;Puglia;BA;A048;45;89,34
Isole;Sicilia;CL;A049;1,5;0
Sud;Molise;CB;A050;2;0
Sud;Molise;IS;A051;0;0
Nord Ovest;Piemonte;AL;A052;95,5;218,05
Sud;Calabria;CS;A053;19,08;16,04
Centro;Lazio;FR;A054;7,83;0
Sud;Puglia;BA;A055;36,5;74,5
Isole;Sicilia;CT;A056;34,75;83,39
Nord Ovest;Lombardia;BG;A057;9;19,5
Nord Ovest;Lombardia;BG;A058;6;7
Nord Est;Veneto;RO;A059;21,5;145,27
Nord Ovest;Lombardia;BS;A060;10,24;59,58
Nord Est;Veneto;VR;A061;4;39
Centro;Lazio;RM;A062;6,5;35,85
Sud;Campania;NA;A064;43,31;89,91
Sud;Calabria;RC;A065;0;0
Nord Est;Emilia-Romagna;PC;A067;6;26
Sud;Campania;NA;A068;14,9;6,33
Isole;Sardegna;SS;A069;1;1
Isole;Sicilia;EN;A070;10,93;22,17
Centro;Toscana;PT;A071;13,58;85,75
Nord Ovest;Piemonte;AT;A072;4,5;10
Nord Ovest;Piemonte;TO;A074;7;28
Nord Est;Veneto;PD;A075;1;28,67
Nord Ovest;Lombardia;CR;A076;5;53
Sud;Calabria;RC;A077;1;0
Sud;Molise;IS;A080;5,38;14,05
Centro;Lazio;FR;A081;1;0
Nord Ovest;Lombardia;BS;A082;5,83;4
Nord Est;Veneto;BL;A083;17,33;44
Centro;Lazio;RM;A084;5,67;4
Nord Ovest;Lombardia;VA;A085;1;9,5
Nord Ovest;Lombardia;MI;A087;107,44;463,73
Nord Ovest;Piemonte;NO;A088;4;23
Isole;Sicilia;AG;A089;60,78;53,11
Sud;Campania;SA;A091;39,25;120,54
Centro;Marche;AN;A092;11,12;31,5
Nord Est;Veneto;VI;A093;0;3,67
Nord Ovest;Valle d'Aosta;AO;A094;46,6;53,78
Nord Ovest;Lombardia;MI;A096;4;28
Isole;Sardegna;OR;A097;1;1
Isole;Sicilia;EN;A098;4,5;12
Sud;Abruzzo;AQ;A100;2,67;0
Sud;Campania;AV;A101;2,97;12,75
Sud;Calabria;CS;A102;1;3
Sud;Calabria;CS;A105;0;1
Sud;Campania;CE;A106;0,25;3,25
Nord Ovest;Piemonte;BI;A107;0;0
Nord Ovest;Valle d'Aosta;AO;A108;3;4
Nord Ovest;Piemonte;TO;A109;14,5;30,5
Sud;Campania;BN;A110;7,8;23,64
Nord Ovest;Liguria;IM;A111;11,67;2
Nord Ovest;Lombardia;LC;A112;5;21,72
Nord Ovest;Piemonte;CN;A113;0;2
Isole;Sardegna;SS;A115;0;0
Nord Ovest;Piemonte;TO;A117;6;7
Nord Ovest;Lombardia;PV;A118;2;7
Nord Ovest;Piemonte;VC;A119;7,48;20,25
Sud;Abruzzo;PE;A120;9;16
Nord Ovest;Liguria;SV;A122;74,31;234,64
Centro;Lazio;FR;A123;34,13;43
Nord Ovest;Piemonte;CN;A124;191,68;370,65
Sud;Abruzzo;TE;A125;137,29;253,82
Isole;Sardegna;OR;A126;0;0
Nord Ovest;Lombardia;MI;A127;14,5;58,04
Sud;Campania;SA;A128;11;14
Nord Ovest;Lombardia;BG;A129;16,13;101,75
Nord Ovest;Piemonte;VC;A130;0;0
Sud;Basilicata;PZ;A131;4;1
Centro;Lazio;RM;A132;95,13;266,06
Nord Ovest;Lombardia;SO;A135;9,03;2
Nord Est;Veneto;VR;A137;7,1;54,77
Nord Est;Emilia-Romagna;PR;A138;4,75;11
Nord Ovest;Piemonte;CN;A139;1;3
Nord Ovest;Lombardia;CO;A143;37,92;52
Nord Ovest;Liguria;SV;A145;89,3;200,11
Nord Ovest;Piemonte;AL;A146;5;2
Sud;Puglia;BA;A149;19;13
Sud;Puglia;FG;A150;1;0
Nord Ovest;Lombardia;CO;A153;17;38,83
Nord Est;Veneto;VI;A154;2;10
Sud;Calabria;CZ;A155;2,5;0
Nord Ovest;Piemonte;TO;A157;5;26,33
Nord Ovest;Lombardia;MI;A159;21,5;79,45
Sud;Calabria;CS;A160;1;1
Nord Est;Veneto;PD;A161;11,17;432,92
Nord Est;Emilia-Romagna;RE;A162;38,61;104,91
Nord Ovest;Lombardia;BG;A163;33,17;205,64
Nord Ovest;Lombardia;CO;A164;17;24,33
Nord Ovest;Liguria;SV;A165;30,57;59,89
Nord Ovest;Liguria;SV;A166;72,24;60
Nord Ovest;Lombardia;VA;A167;16;57,33
Nord Ovest;Lombardia;PV;A171;1,81;1,78
Nord Ovest;Lombardia;SO;A172;22,21;7
Nord Ovest;Piemonte;AT;A173;2;3
Nord Ovest;Lombardia;PV;A175;5;44
Isole;Sicilia;TP;A176;41,1;109,9
Isole;Sicilia;ME;A177;5;0
Isole;Sardegna;OR;A180;0;0
Isole;Sicilia;AG;A181;5;10
Nord Ovest;Piemonte;AL;A182;405,71;867,75
Sud;Calabria;CS;A183;0;0
Sud;Puglia;LE;A184;12,91;9,5
Sud;Puglia;LE;A185;3,5;19
Sud;Campania;SA;A186;1;1
Sud;Abruzzo;AQ;A187;15,5;5
Nord Ovest;Lombardia;BS;A188;1;22,5
Nord Ovest;Piemonte;AL;A189;0;2,5
Nord Est;Emilia-Romagna;RA;A191;20;106,42
Isole;Sardegna;SS;A192;109,64;422,3
Nord Ovest;Lombardia;BG;A193;3,25;17,83
Isole;Sicilia;ME;A194;2;0
Isole;Sicilia;PA;A195;2;0
Sud;Basilicata;MT;A196;9,5;3
Nord Ovest;Piemonte;AL;A197;1,5;2,5
Nord Ovest;Piemonte;VC;A198;4;18,5
Sud;Campania;CE;A200;3;9,5
Isole;Sicilia;ME;A201;8,07;6
Isole;Sicilia;PA;A202;9,5;7,5
Isole;Sicilia;PA;A203;1;0
Isole;Sardegna;OR;A204;0;0
Nord Ovest;Valle d'Aosta;AO;A205;0;0
Nord Est;Veneto;BL;A206;12,13;13,33
Centro;Umbria;TR;A207;4;6
Sud;Puglia;LE;A208;6;11
Centro;Lazio;RM;A210;9,5;8,08
Nord Ovest;Lombardia;BG;A214;18,5;56,66
Nord Ovest;Lombardia;BG;A215;18;53,37
Nord Ovest;Lombardia;BG;A216;15,21;53,4
Nord Ovest;Lombardia;BG;A217;26,69;71,77
Nord Ovest;Piemonte;TO;A218;20;64,05
Nord Est;Veneto;VI;A220;0;18
Nord Ovest;Piemonte;TO;A221;1;4
Nord Ovest;Piemonte;TO;A222;81;235,08
Nord Est;Emilia-Romagna;PC;A223;8,5;44,73
Nord Ovest;Lombardia;CO;A224;3;13
Sud;Puglia;BA;A225;133,65;343,34
Nord Ovest;Liguria;SV;A226;18;9
Nord Ovest;Piemonte;AL;A227;0;2
Sud;Campania;AV;A228;1;2
Isole;Sicilia;PA;A229;4,84;12
Sud;Campania;SA;A230;10;16
Nord Est;Veneto;VI;A231;12,8;173,51
Centro;Marche;AP;A233;7,5;50
Sud;Calabria;CS;A234;1;0
Sud;Abruzzo;CH;A235;3,5;8
Nord Est;Veneto;VI;A236;5,25;10
Nord Est;Veneto;TV;A237;10;34,25
Nord Ovest;Piemonte;CN;A238;0;0
Isole;Sicilia;PA;A239;13,07;5
Sud;Calabria;CS;A240;5;0
Centro;Toscana;LU;A241;22;184,42
Centro;Umbria;TR;A242;4;2
Sud;Campania;CE;A243;6;4
Centro;Lazio;FR;A244;4,5;2
Nord Ovest;Piemonte;AL;A245;0;5
Nord Ovest;Lombardia;BG;A246;38,29;206,76
Nord Ovest;Lombardia;CO;A249;21,02;53,93
Sud;Campania;SA;A251;6,5;3,04
Centro;Marche;AP;A252;5,16;9
Sud;Calabria;CS;A253;10;50,5
Nord Est;Friuli- Venezia Giulia;UD;A254;1,33;7,67
Sud;Calabria;CZ;A255;2;1
Centro;Lazio;FR;A256;2;1
Sud;Calabria;CZ;A257;1;1
Centro;Lazio;RI;A258;5,67;7
Nord Ovest;Lombardia;BG;A259;3,67;14,13
Nord Ovest;Liguria;SP;A261;19,08;49
Centro;Umbria;TR;A262;34,13;66,86
Sud;Calabria;CS;A263;6;3
Nord Ovest;Piemonte;NO;A264;3;7,5
Sud;Campania;BN;A265;2,5;2
Nord Est;Friuli- Venezia Giulia;UD;A267;5,66;5
Sud;Campania;NA;A268;20;2
Centro;Lazio;FR;A269;29;31,29
Sud;Abruzzo;TE;A270;5,34;4,67
Centro;Marche;AN;A271;382,43;454,25
Sud;Calabria;CZ;A272;0;0
Nord Ovest;Lombardia;SO;A273;1;0,5
Nord Ovest;Piemonte;TO;A275;4,25;18,24
Nord Ovest;Liguria;SV;A278;93;200,05
Nord Ovest;Piemonte;BI;A280;18,5;46,17
Sud;Puglia;LE;A281;1,67;3,6
Nord Ovest;Piemonte;TO;A282;2;3
Nord Est;Friuli- Venezia Giulia;PN;A283;2;0
Sud;Campania;AV;A284;4;2
Sud;Puglia;BA;A285;184,51;436,94
Isole;Sardegna;SS;A287;1;0
Nord Ovest;Lombardia;BS;A288;1;5,17
Nord Ovest;Lombardia;VA;A290;28,08;43,92
Centro;Toscana;AR;A291;8,63;22,67
Nord Est;Veneto;VR;A292;5;38,33
Nord Ovest;Lombardia;BS;A293;4,13;18
Sud;Campania;SA;A294;17,67;157,67
Nord Ovest;Piemonte;TO;A295;5;3
Nord Est;Veneto;PD;A296;2;20,97
Centro;Lazio;RM;A297;25,68;79,83
Nord Ovest;Lombardia;CR;A299;0;20,5
Nord Ovest;Piemonte;AT;A300;0;9
Nord Ovest;Lombardia;LC;A301;1,15;19,61
Nord Est;Veneto;VE;A302;4,18;34,81
Sud;Calabria;RC;A303;1;0,44
Nord Ovest;Lombardia;BG;A304;51;139,79
Nord Ovest;Valle d'Aosta;AO;A305;7;12,5
Nord Ovest;Valle d'Aosta;AO;A308;6;9
Centro;Lazio;RM;A309;1,33;0
Centro;Lazio;FR;A310;30,04;63
Nord Ovest;Piemonte;AT;A312;0;6
Isole;Sicilia;ME;A313;0;1
Sud;Calabria;RC;A314;1;2
Centro;Lazio;RI;A315;6,72;4,5
Nord Ovest;Piemonte;VB;A317;11,5;0,5
Sud;Abruzzo;AQ;A318;6,67;1,33
Nord Ovest;Lombardia;CO;A319;6;23
Sud;Puglia;FG;A320;0;3
Sud;Basilicata;PZ;A321;13,5;3
Centro;Lazio;RM;A323;125,79;461,39
Nord Est;Emilia-Romagna;BO;A324;44;179,67
Nord Ovest;Piemonte;VB;A325;3;1
Nord Ovest;Valle d'Aosta;AO;A326;157,29;312,66
Centro;Marche;PS;A327;2;4
Sud;Campania;BN;A328;3;5
Centro;Marche;MC;A329;9;10,17
Sud;Campania;BN;A330;5;0
Nord Ovest;Lombardia;CO;A333;23,18;92,67
Centro;Marche;MC;A334;7;15
Centro;Marche;AP;A335;0;2
Nord Ovest;Lombardia;SO;A337;41,93;134,96
Nord Ovest;Liguria;IM;A338;15;2
Sud;Puglia;FG;A339;10;36,5
Sud;Calabria;CS;A340;2;2,15
Centro;Lazio;LT;A341;152,93;468,06
Sud;Campania;SA;A343;5,22;2
Nord Ovest;Liguria;IM;A344;2;0
Sud;Abruzzo;AQ;A345;250,72;529,38
Sud;Campania;AV;A347;1,5;5
Centro;Lazio;FR;A348;3;5,67
Sud;Puglia;LE;A350;1;4
Isole;Sicilia;AG;A351;15,08;6,5
Nord Ovest;Piemonte;AT;A352;2;5,88
Nord Est;Friuli- Venezia Giulia;PN;A354;2;4
Isole;Sardegna;NU;A355;12;87,92
Isole;Sardegna;OR;A357;0;6
Nord Ovest;Piemonte;VC;A358;1;7
Isole;Sardegna;CA;A359;5,75;13,67
Nord Est;Veneto;TV;A360;7;53,5
Centro;Lazio;FR;A363;3,99;3
Nord Ovest;Lombardia;BG;A365;12,67;55,74
Centro;Marche;AN;A366;9,39;12,42
Sud;Abruzzo;CH;A367;4;3
Isole;Sardegna;OR;A368;0;2
Centro;Toscana;GR;A369;32;33,83
Centro;Lazio;RM;A370;8;7
Nord Ovest;Lombardia;VA;A371;30;115,76
Nord Ovest;Liguria;SP;A373;38,37;32
Nord Est;Veneto;VR;A374;4,11;53,5
Nord Ovest;Lombardia;MI;A375;30,95;114,51
Nord Ovest;Lombardia;MI;A376;113,89;278,02
Nord Est;Veneto;VI;A377;11;49,83
Isole;Sardegna;SS;A379;0;1
Isole;Sardegna;OR;A380;0;0
Nord Ovest;Lombardia;SO;A382;22,95;19,17
Nord Ovest;Lombardia;BG;A383;6,66;35,94
Sud;Calabria;RC;A385;10;5
Sud;Calabria;VV;A386;0;0
Nord Ovest;Lombardia;PV;A387;3;6,83
Nord Ovest;Liguria;GE;A388;49,04;198,56
Nord Ovest;Lombardia;MI;A389;106;262
Centro;Toscana;AR;A390;356,63;730,29
Nord Ovest;Lombardia;CO;A391;8;15,4
Nord Est;Emilia-Romagna;BO;A392;36,5;139,5
Nord Est;Emilia-Romagna;FE;A393;36,02;223,12
Nord Ovest;Piemonte;CN;A394;0,5;11,25
Nord Ovest;Piemonte;CN;A396;0;0
Sud;Calabria;CZ;A397;1;2
Sud;Abruzzo;CH;A398;2;2
Sud;Campania;AV;A399;17;29
Nord Est;Veneto;RO;A400;8,75;29,83
Centro;Lazio;RM;A401;34,08;77,54
Sud;Abruzzo;CH;A402;1;6
Sud;Campania;CE;A403;9,5;10
Nord Ovest;Piemonte;TO;A405;0;2
Isole;Sardegna;NU;A407;4;2
Nord Ovest;Piemonte;VB;A409;3;19,5
Centro;Lazio;VT;A412;1;0
Nord Ovest;Lombardia;MI;A413;35,13;199,99
Nord Ovest;Piemonte;NO;A414;6,5;6,5
Sud;Basilicata;PZ;A415;2,5;1
Nord Ovest;Liguria;IM;A418;3;0
Isole;Sardegna;CA;A419;0;0
Centro;Lazio;FR;A421;2;1,67
Nord Ovest;Liguria;SV;A422;2;1
Nord Ovest;Valle d'Aosta;AO;A424;1,25;1,25
Sud;Puglia;LE;A425;2,08;13,72
Nord Ovest;Piemonte;VB;A427;0;1
Nord Ovest;Piemonte;NO;A429;76,68;208,15
Nord Ovest;Lombardia;CO;A430;20,5;69,5
Sud;Campania;BN;A431;3;2,17
Sud;Campania;BN;A432;2;0
Centro;Lazio;FR;A433;11,5;4
Nord Est;Veneto;PD;A434;4;12
Nord Est;Veneto;RO;A435;4;29
Nord Ovest;Piemonte;AL;A436;14;57
Centro;Marche;AP;A437;8;3
Nord Est;Veneto;PD;A438;2;13
Centro;Umbria;TR;A439;6,5;11,33
Nord Ovest;Lombardia;BG;A440;6;38,39
Nord Ovest;Lombardia;VA;A441;10;65,49
Nord Est;Veneto;BL;A443;5;14,66
Nord Est;Veneto;VI;A444;7;20,5
Sud;Abruzzo;TE;A445;1;3
Centro;Lazio;RM;A446;5;6
Nord Est;Friuli- Venezia Giulia;UD;A447;3;13,55
Nord Est;Friuli- Venezia Giulia;UD;A448;5,5;12,25
Centro;Lazio;RM;A449;22,25;33,19
Nord Ovest;Lombardia;BS;A451;8,5;67
Nord Ovest;Valle d'Aosta;AO;A452;12;3
Isole;Sardegna;SS;A453;55,81;171,72
Isole;Sardegna;NU;A454;0;1
Sud;Campania;NA;A455;19,35;44,2
Nord Est;Veneto;PD;A458;3;50,17
Nord Est;Veneto;VI;A459;36,25;297,95
Sud;Campania;SA;A460;26,58;30,75
Centro;Toscana;SI;A461;24,37;71,44
Centro;Marche;AP;A462;151,47;211,67
Sud;Puglia;FG;A463;20,71;10,75
Centro;Lazio;RI;A464;1;1
Nord Est;Veneto;VI;A465;40,5;128,56
Nord Ovest;Piemonte;VC;A466;4;11
Nord Est;Veneto;VI;A467;1;5
Centro;Toscana;SI;A468;29,92;89,69
Nord Ovest;Lombardia;MN;A470;10;92,75
Nord Est;Veneto;TV;A471;10,5;73,5
Centro;Lazio;RI;A472;7;9
Nord Ovest;Lombardia;MI;A473;61,5;219,6
Isole;Sardegna;CA;A474;22,36;106,92
Centro;Umbria;PG;A475;52,89;132,52
Nord Ovest;Lombardia;CO;A476;18,53;26
Isole;Sardegna;OR;A477;0;0
Isole;Sicilia;EN;A478;3;8
Nord Ovest;Piemonte;AT;A479;320,74;705,78
Isole;Sardegna;OR;A480;0;0
Sud;Abruzzo;AQ;A481;11,5;23
Sud;Basilicata;PZ;A482;4;6
Sud;Campania;SA;A484;2;5
Sud;Abruzzo;CH;A485;9;21
Centro;Lazio;FR;A486;5,2;4
Sud;Campania;SA;A487;1;0
Sud;Abruzzo;TE;A488;23,06;39,67
Sud;Campania;AV;A489;11,18;32,96
Centro;Umbria;TR;A490;4,5;14,5
Nord Est;Friuli- Venezia Giulia;UD;A491;6;14
Isole;Sardegna;NU;A492;2;2
Isole;Sicilia;SR;A494;13,79;123,55
Sud;Campania;SA;A495;5,03;3,5
Centro;Toscana;MS;A496;38;60,5
Nord Ovest;Piemonte;VB;A497;1;1
Nord Ovest;Liguria;IM;A499;1;1
Nord Est;Veneto;BL;A501;28,33;48,5
Centro;Lazio;FR;A502;7,17;3
Isole;Sardegna;NU;A503;0;1
Nord Ovest;Liguria;GE;A506;10,17;18,5
Sud;Campania;AV;A508;5,43;4,65
Sud;Campania;AV;A509;80,01;311,24
Nord Ovest;Lombardia;BG;A511;0;1
Sud;Campania;CE;A512;43,37;264,72
Sud;Puglia;TA;A514;2;6
Sud;Abruzzo;AQ;A515;78,22;281,35
Nord Est;Friuli- Venezia Giulia;PN;A516;40,13;110,8
Nord Ovest;Lombardia;BG;A517;7;38,5
Nord Ovest;Piemonte;TO;A518;64,59;151,1
Sud;Basilicata;PZ;A519;20,23;12
Nord Ovest;Valle d'Aosta;AO;A521;1;2
Isole;Sicilia;SR;A522;16,85;56,53
Nord Ovest;Piemonte;AL;A523;0;1
Nord Ovest;Piemonte;TO;A525;3;16
Nord Ovest;Lombardia;CR;A526;1;4
Nord Ovest;Piemonte;AT;A527;0;0,33
Nord Ovest;Lombardia;BG;A528;37,07;144,88
Nord Ovest;Lombardia;BS;A529;9;48,17
Nord Est;Friuli- Venezia Giulia;PN;A530;32,88;153,49
Nord Ovest;Lombardia;VA;A531;11,83;55,83
Nord Ovest;Lombardia;VA;A532;1;0,5
Nord Ovest;Lombardia;BG;A533;0;2,67
Nord Ovest;Piemonte;VB;A534;4,83;1,7
Sud;Campania;NA;A535;25,34;20,13
Nord Ovest;Liguria;IM;A536;26;1
Nord Ovest;Lombardia;PV;A538;0;2
Nord Est;Veneto;RO;A539;15,26;86,77
Nord Est;Veneto;VR;A540;8,12;14,72
Centro;Toscana;AR;A541;3,75;3
Sud;Calabria;CZ;A542;5,83;4
Sud;Calabria;RC;A544;0;0
Isole;Sicilia;PA;A546;43,19;64,5
Nord Est;Emilia-Romagna;RA;A547;30;123,97
Nord Ovest;Lombardia;PV;A550;3;4
Nord Est;Emilia-Romagna;RA;A551;1;26,17
Sud;Calabria;RC;A552;3,5;5,5
Nord Est;Friuli- Venezia Giulia;UD;A553;6;19
Nord Ovest;Piemonte;CN;A555;6;8
Nord Ovest;Lombardia;BG;A557;17,4;53,66
Centro;Toscana;LU;A560;43,16;20,2
Centro;Toscana;PT;A561;61,25;253,69
Centro;Toscana;PI;A562;62,92;231,61
Centro;Toscana;FI;A564;59,62;192,65
Nord Est;Emilia-Romagna;FO;A565;16;38,14
Sud;Campania;AV;A566;8,01;21,89
Sud;Molise;IS;A567;2;2,5
Nord Est;Veneto;PD;A568;6;21
Nord Ovest;Lombardia;BS;A569;14;103,84
Nord Ovest;Lombardia;CR;A570;6;81,5
Nord Ovest;Piemonte;CN;A571;31,72;76,03
Sud;Puglia;LE;A572;4,75;4
Nord Est;Emilia-Romagna;RE;A573;8;69
Nord Est;Veneto;RO;A574;2;11
Nord Ovest;Lombardia;MN;A575;8;98,46
Centro;Toscana;MS;A576;35,64;7,5
Centro;Lazio;VT;A577;10;12,62
Nord Ovest;Lombardia;BS;A578;12,25;10
Sud;Campania;CE;A579;2;1
Sud;Campania;AV;A580;5,01;7,94
Nord Ovest;Liguria;IM;A581;8;2
Nord Ovest;Piemonte;TO;A584;1;9
Nord Est;Emilia-Romagna;RE;A586;8,33;28,17
Nord Ovest;Piemonte;TO;A587;22;38,28
Nord Ovest;Piemonte;AT;A588;1;8
Nord Ovest;Piemonte;CN;A589;2;7
Nord Ovest;Piemonte;TO;A590;6;2
Nord Ovest;Piemonte;TO;A591;14;33,98
Isole;Sicilia;PA;A592;10;8,33
Nord Ovest;Liguria;SV;A593;2;1
Nord Ovest;Lombardia;LC;A594;11,57;67,67
Isole;Sardegna;CA;A597;1;1
Nord Ovest;Piemonte;TO;A599;3,33;3
Nord Ovest;Piemonte;VC;A600;1;0
Nord Ovest;Piemonte;VC;A601;0;1
Sud;Abruzzo;AQ;A603;4;4,33
Sud;Basilicata;PZ;A604;3,64;1
Nord Ovest;Piemonte;AL;A605;3;16,33
Isole;Sardegna;SS;A606;0;1
Nord Ovest;Piemonte;TO;A607;26,12;35,63
Isole;Sardegna;OR;A609;2;0
Nord Ovest;Piemonte;VB;A610;7;4,5
Sud;Basilicata;PZ;A612;1;1
Nord Est;Veneto;PD;A613;6;19,34
Isole;Sardegna;OR;A614;0;0
Sud;Basilicata;PZ;A615;4;0
Sud;Molise;CB;A616;13;13
Sud;Campania;NA;A617;6,4;2
Nord Ovest;Lombardia;MI;A618;43,44;76
Nord Ovest;Lombardia;VA;A619;3;16,99
Isole;Sardegna;OR;A621;1;1
Nord Ovest;Piemonte;TO;A625;7;11
Centro;Marche;AN;A626;0;5
Centro;Lazio;VT;A628;6;5
Nord Ovest;Piemonte;CN;A629;1;1
Nord Ovest;Lombardia;BS;A630;1;12
Nord Ovest;Lombardia;BG;A631;1;10
Centro;Toscana;FI;A632;31,65;85,01
Nord Ovest;Lombardia;PV;A634;2;2
Nord Est;Veneto;PD;A637;0;5
Isole;Sicilia;ME;A638;23,6;30,25
Nord Est;Friuli- Venezia Giulia;PN;A640;1;1,5
Nord Ovest;Valle d'Aosta;AO;A643;4;0
Nord Est;Emilia-Romagna;PR;A646;20,13;19,75
Nord Ovest;Liguria;SV;A647;6;6
Nord Est;Veneto;VR;A650;18,17;98,72
Nord Ovest;Piemonte;TO;A651;54,3;175,72
Nord Ovest;Lombardia;MI;A652;73,82;218,85
Nord Ovest;Piemonte;NO;A653;1;1,67
Isole;Sardegna;OR;A655;0;0
Sud;Abruzzo;AQ;A656;1;4
Centro;Toscana;LU;A657;17,5;27,67
Nord Ovest;Liguria;GE;A658;17,25;7
Nord Ovest;Piemonte;CN;A660;35;62,78
Nord Ovest;Lombardia;BS;A661;0;8,75
Sud;Puglia;BA;A662;744,79;2228,79
Isole;Sardegna;NU;A663;2;9
Nord Ovest;Lombardia;BG;A664;9;39
Nord Est;Emilia-Romagna;BO;A665;17;89,5
Sud;Basilicata;PZ;A666;4;5
Sud;Abruzzo;AQ;A667;6;10
Nord Ovest;Lombardia;MI;A668;22;92,62
Sud;Puglia;BA;A669;130,96;425,14
Nord Ovest;Lombardia;CO;A670;2;5
Nord Ovest;Piemonte;CN;A671;0;0
Nord Ovest;Piemonte;TO;A673;0;5
Sud;Campania;SA;A674;30,4;92,99
Isole;Sicilia;EN;A676;6,5;15,5
Isole;Sardegna;CA;A677;0;0
Sud;Abruzzo;AQ;A678;1;7
Isole;Sardegna;CA;A681;3;0
Nord Ovest;Lombardia;LC;A683;10,13;21,08
Nord Ovest;Lombardia;BG;A684;0;13
Nord Ovest;Lombardia;LC;A686;14;47,93
Nord Ovest;Lombardia;LC;A687;17,92;49,45
Nord Ovest;Piemonte;AL;A689;3;17
Nord Ovest;Lombardia;PV;A690;0;14,75
Centro;Umbria;TR;A691;16,83;11
Sud;Abruzzo;TE;A692;1;2
Sud;Campania;BN;A696;3;0
Nord Ovest;Lombardia;MI;A697;8,5;59,75
Isole;Sicilia;ME;A698;1;2
Nord Ovest;Lombardia;MI;A699;203,6;340,76
Nord Est;Friuli- Venezia Giulia;UD;A700;8;47,67
Centro;Lazio;VT;A701;7,5;9,5
Nord Ovest;Lombardia;BS;A702;0;5,67
Nord Est;Veneto;VI;A703;95,71;478,32
Centro;Lazio;VT;A704;9,92;17,55
Nord Ovest;Lombardia;VA;A705;3,5;6
Centro;Lazio;VT;A706;11,5;2
Centro;Lazio;LT;A707;6;0
Nord Ovest;Piemonte;AL;A708;7;7,67
Nord Ovest;Piemonte;CN;A709;4;5
Centro;Umbria;PG;A710;45,66;177,43
Nord Ovest;Lombardia;PV;A712;2;7
Nord Est;Emilia-Romagna;MO;A713;6,5;56,49
Nord Est;Veneto;PD;A714;11;47
Nord Ovest;Piemonte;CN;A716;0;0
Sud;Campania;SA;A717;49,85;208,43
Nord Ovest;Lombardia;PV;A718;2;8
Isole;Sicilia;PA;A719;3;3
Centro;Lazio;FR;A720;3;1
Isole;Sardegna;OR;A721;0;0
Isole;Sardegna;NU;A722;3;2
Nord Ovest;Piemonte;VB;A725;28,44;88,66
Nord Ovest;Lombardia;VA;A728;0,5;5
Nord Ovest;Lombardia;BS;A729;11,25;139,76
Nord Est;Emilia-Romagna;PR;A731;4,8;16,17
Nord Ovest;Lombardia;BG;A732;0;4
Nord Ovest;Piemonte;VB;A733;2;9
Nord Ovest;Piemonte;TO;A734;89;195,44
Nord Ovest;Piemonte;CN;A735;7;25
Sud;Calabria;CZ;A736;0;2
Nord Est;Veneto;VR;A737;9;35,17
Nord Ovest;Piemonte;AL;A738;2;3,34
Centro;Marche;MC;A739;1;3,94
Centro;Marche;PS;A740;1;3
Nord Ovest;Lombardia;PV;A741;12;72,83
Nord Ovest;Piemonte;VB;A742;11;12,5
Sud;Basilicata;PZ;A743;6,52;7,88
Nord Ovest;Lombardia;LC;A745;21,5;53,06
Sud;Abruzzo;TE;A746;4;17
Nord Est;Emilia-Romagna;RN;A747;41,41;228,92
Centro;Lazio;RM;A749;2,5;4
Nord Ovest;Piemonte;CN;A750;1;0,5
Nord Ovest;Lombardia;MI;A751;12,12;47,58
Nord Ovest;Piemonte;NO;A752;20,5;99,5
Sud;Campania;CE;A755;10;18
Sud;Campania;SA;A756;1;1
Nord Est;Veneto;BL;A757;120,21;386,76
Nord Ovest;Lombardia;MI;A759;30,3;84,66
Centro;Marche;AP;A760;2;3
Sud;Molise;IS;A761;1;0
Sud;Calabria;CS;A762;4;2
Centro;Lazio;FR;A763;0;0
Isole;Sicilia;PA;A764;3,5;0
Centro;Lazio;RI;A765;3;0
Isole;Sicilia;CT;A766;32,07;112,56
Sud;Calabria;CS;A768;2;0
Centro;Marche;AN;A769;3,5;3,5
Nord Ovest;Piemonte;AT;A770;0,75;4
Nord Est;Emilia-Romagna;BO;A771;13,42;40,33
Sud;Calabria;KR;A772;0,56;0,56
Sud;Calabria;CS;A773;20;46,5
Nord Ovest;Piemonte;CN;A774;4;2
Isole;Sardegna;NU;A776;0;0
Nord Ovest;Lombardia;SO;A777;1;2
Nord Ovest;Lombardia;CO;A778;1,84;1
Nord Ovest;Piemonte;CN;A779;8;21
Sud;Calabria;RC;A780;0;1
Isole;Sardegna;SS;A781;0,5;1
Nord Ovest;Piemonte;CN;A782;0;3
Sud;Campania;BN;A783;97,89;166,57
Nord Ovest;Piemonte;BI;A784;2;9,5
Nord Est;Emilia-Romagna;BO;A785;20;67,27
Nord Ovest;Lombardia;BG;A786;20,19;31,8
Nord Ovest;Lombardia;SO;A787;15;11
Nord Est;Emilia-Romagna;PR;A788;11,25;12,5
Isole;Sardegna;SS;A789;2,5;4,89
Nord Ovest;Lombardia;CO;A791;4,84;37
Nord Ovest;Lombardia;PV;A792;2,83;26,5
Nord Ovest;Piemonte;AL;A793;1;5
Nord Ovest;Lombardia;BG;A794;773,66;1974,45
Nord Est;Veneto;RO;A795;0;7,23
Nord Ovest;Liguria;SV;A796;12,08;52,25
Nord Ovest;Piemonte;CN;A798;0;0
Nord Ovest;Lombardia;BS;A799;3;23
Sud;Basilicata;MT;A801;23,5;21,67
Nord Ovest;Lombardia;MI;A802;55,42;215
Nord Ovest;Lombardia;MI;A804;2;18,29
Nord Ovest;Piemonte;CN;A805;17;34,6
Nord Est;Emilia-Romagna;FO;A809;28,5;141,52
Nord Est;Friuli- Venezia Giulia;UD;A810;1;8,5
Nord Ovest;Lombardia;LO;A811;0;19,75
Nord Ovest;Piemonte;AT;A812;0;1,5
Nord Ovest;Piemonte;AL;A813;0;0
Nord Ovest;Lombardia;BG;A815;1;7,38
Nord Ovest;Lombardia;BS;A816;3;9,27
Nord Ovest;Lombardia;BS;A817;2,25;19
Nord Ovest;Lombardia;MI;A818;64,4;197,57
Nord Ovest;Lombardia;VA;A819;7,67;24,64
Nord Ovest;Lombardia;MI;A820;14,74;20,83
Nord Est;Emilia-Romagna;PC;A823;3;6,5
Nord Ovest;Lombardia;VA;A825;19,83;80,01
Nord Ovest;Lombardia;VA;A826;18,17;64,22
Isole;Sardegna;SS;A827;1;1
Nord Est;Emilia-Romagna;PC;A831;10,5;30,5
Centro;Umbria;PG;A832;8;30
Nord Ovest;Piemonte;VB;A834;6,5;11,86
Centro;Umbria;PG;A835;16,5;22,5
Nord Ovest;Liguria;SP;A836;19;5
Nord Est;Veneto;VR;A837;1;19,25
Isole;Sicilia;CT;A841;30,88;38,65
Sud;Calabria;CS;A842;0;0,6
Sud;Calabria;RC;A843;5;6
Nord Ovest;Piemonte;NO;A844;1;10
Nord Ovest;Lombardia;VA;A845;8,2;38
Nord Ovest;Lombardia;BG;A846;2;23
Nord Ovest;Piemonte;VC;A847;3,67;13
Nord Ovest;Lombardia;SO;A848;4;3
Nord Ovest;Lombardia;MI;A849;64,61;165,76
Nord Est;Emilia-Romagna;RE;A850;17;109,33
Centro;Toscana;AR;A851;14,67;45,67
Centro;Toscana;LI;A852;4,26;20
Nord Ovest;Piemonte;TO;A853;12;22,35
Sud;Puglia;FG;A854;5;8,5
Nord Est;Friuli- Venezia Giulia;UD;A855;3;12
Isole;Sardegna;OR;A856;0;0
Centro;Lazio;VT;A857;0,08;10,08
Nord Ovest;Piemonte;BI;A859;358,4;569,87
Nord Ovest;Lombardia;BS;A861;14,63;12
Centro;Toscana;PI;A864;9,5;64,81
Nord Ovest;Lombardia;CO;A870;13,92;68,21
Nord Ovest;Lombardia;MI;A872;24,16;108,86
Sud;Puglia;BA;A874;4,2;11,04
Nord Ovest;Piemonte;BI;A876;7;9
Nord Ovest;Valle d'Aosta;AO;A877;1;1
Nord Ovest;Lombardia;BS;A878;3;8
Isole;Sardegna;NU;A880;0;0
Sud;Campania;AV;A881;4;11
Isole;Sicilia;PA;A882;6,03;4,84
Sud;Puglia;BA;A883;268,37;325,72
Sud;Abruzzo;AQ;A884;1,5;1
Sud;Abruzzo;TE;A885;7;11
Sud;Calabria;CS;A887;5;2,36
Nord Ovest;Piemonte;AL;A889;1,5;13,68
Nord Ovest;Lombardia;VA;A891;8,5;29,5
Sud;Puglia;BA;A892;27;70,92
Sud;Puglia;BA;A893;95,73;266,89
Sud;Puglia;BA;A894;25;77,83
Isole;Sardegna;NU;A895;1;1,01
Isole;Sicilia;AG;A896;6,5;4
Sud;Calabria;RC;A897;2;0
Nord Ovest;Lombardia;CO;A898;12;48
Nord Ovest;Lombardia;BG;A903;0;0,5
Nord Ovest;Lombardia;CO;A904;1;5
Nord Ovest;Lombardia;CO;A905;6;18
Nord Est;Veneto;PD;A906;2,7;23,5
Nord Est;Emilia-Romagna;PC;A909;14,12;33,5
Nord Ovest;Piemonte;TO;A910;1;3
Nord Ovest;Piemonte;NO;A911;1;7,5
Sud;Calabria;CS;A912;1,25;0,25
Nord Ovest;Piemonte;VC;A914;3,66;3
Nord Ovest;Lombardia;VA;A918;4;19,5
Nord Ovest;Lombardia;LO;A919;0;27,5
Nord Ovest;Lombardia;MI;A920;11,5;37,58
Nord Ovest;Liguria;GE;A922;25,83;39
Nord Ovest;Piemonte;VB;A925;10;2,67
Nord Ovest;Piemonte;NO;A929;2;19
Sud;Molise;CB;A930;16,5;14
Nord Ovest;Liguria;SV;A931;10;39,84
Nord Ovest;Liguria;SP;A932;24;20
Nord Ovest;Lombardia;BG;A937;21;63,6
Nord Ovest;Lombardia;MI;A940;327,24;528,41
Nord Ovest;Piemonte;TO;A941;2;16,33
Sud;Basilicata;MT;A942;10;27
Nord Est;Emilia-Romagna;BO;A944;2583,49;3924,03
Sud;Abruzzo;PE;A945;4;2
Isole;Sicilia;PA;A946;4;0
Centro;Marche;MC;A947;1;1
Isole;Sardegna;NU;A948;5;5
Centro;Lazio;VT;A949;16;22,5
Nord Ovest;Lombardia;BG;A950;13;105,94
Nord Ovest;Piemonte;NO;A953;1;8
Nord Est;Veneto;VI;A954;18,48;84,5
Centro;Lazio;VT;A955;12;11
Sud;Abruzzo;CH;A956;5;1
Isole;Sicilia;CL;A957;0;1
Isole;Sicilia;PA;A958;5;0
Nord Est;Emilia-Romagna;MO;A959;16,81;221,97
Isole;Sardegna;OR;A960;0;1
Nord Ovest;Liguria;SP;A961;10,52;11
Nord Ovest;Lombardia;BG;A962;17,92;72,5
Nord Ovest;Lombardia;BG;A963;11,72;123,76
Nord Est;Veneto;VR;A964;2;22,84
Nord Est;Emilia-Romagna;FE;A965;16,48;150,19
Sud;Campania;BN;A970;0;2
Sud;Molise;CB;A971;7;3
Nord Ovest;Lombardia;CR;A972;1;7
Sud;Calabria;CS;A973;5;5,5
Sud;Campania;AV;A975;0,33;1
Isole;Sardegna;SS;A976;1;6,94
Isole;Sardegna;SS;A977;3,5;5
Isole;Sardegna;SS;A978;7;4,67
Nord Ovest;Piemonte;CN;A979;1;0
Centro;Lazio;RI;A981;1,5;1
Nord Est;Veneto;BL;A982;12,36;28,5
Nord Est;Friuli- Venezia Giulia;UD;A983;0,67;4
Nord Ovest;Liguria;IM;A984;84,68;202,79
Nord Ovest;Lombardia;CR;A986;1;1
Nord Est;Emilia-Romagna;PR;A987;3;11,33
Nord Est;Emilia-Romagna;RE;A988;8,17;65,24
Nord Ovest;Lombardia;PV;A989;13;65,88
Nord Ovest;Piemonte;TO;A990;38;111
Isole;Sicilia;PA;A991;3;2,5
Nord Ovest;Liguria;SP;A992;4;2
Nord Ovest;Liguria;IM;A993;2;1
Nord Ovest;Lombardia;LO;A995;6,34;43,67
Centro;Lazio;RI;A996;0;2
Nord Ovest;Piemonte;AL;A998;5;10,5
Nord Ovest;Liguria;SV;A999;65,88;179,9
Nord Est;Emilia-Romagna;FO;B001;7;40,39
Sud;Calabria;CZ;B002;17,5;1,5
Nord Ovest;Piemonte;TO;B003;2;5,5
Nord Ovest;Liguria;SV;B005;20,16;50,25
Centro;Toscana;LU;B007;14,33;19
Centro;Lazio;RI;B008;6;13
Nord Ovest;Piemonte;VC;B009;10;26
Nord Ovest;Lombardia;BG;B010;1;13,5
Nord Ovest;Lombardia;MN;B012;2;29
Nord Ovest;Lombardia;PV;B014;2;4
Nord Ovest;Piemonte;TO;B015;10,51;22,5
Nord Ovest;Piemonte;NO;B016;3;27,75
Nord Ovest;Lombardia;LO;B017;8;35
Nord Ovest;Piemonte;CN;B018;2;1
Nord Ovest;Piemonte;NO;B019;59,23;213,89
Nord Ovest;Liguria;IM;B020;16;0
Nord Ovest;Piemonte;TO;B021;2;8
Nord Ovest;Piemonte;TO;B024;14;29,5
Nord Est;Emilia-Romagna;PC;B025;17;84,51
Centro;Marche;PS;B026;7;0
Nord Ovest;Lombardia;PV;B028;4;8,5
Nord Ovest;Piemonte;AL;B029;2;8
Nord Ovest;Lombardia;PV;B030;1;1
Nord Est;Veneto;PD;B031;8,3;81,92
Nord Ovest;Piemonte;CN;B033;79,77;163,32
Nord Est;Emilia-Romagna;PR;B034;106,25;309,93
Nord Ovest;Lombardia;BS;B035;3;45,98
Centro;Toscana;FI;B036;39,41;129,86
Nord Ovest;Piemonte;AL;B037;1;9
Nord Ovest;Lombardia;PV;B038;2;1
Nord Ovest;Lombardia;BS;B040;23,5;98,45
Nord Ovest;Piemonte;VC;B041;59,34;110,01
Nord Est;Emilia-Romagna;PR;B042;31,21;44,33
Nord Ovest;Piemonte;NO;B043;11;54,5
Nord Est;Emilia-Romagna;BO;B044;10;50
Nord Ovest;Piemonte;VC;B046;11;32
Nord Ovest;Liguria;SV;B048;0;0,5
Nord Ovest;Lombardia;SO;B049;41,24;105,98
Nord Ovest;Lombardia;PV;B051;5;61,5
Nord Ovest;Lombardia;BS;B054;18;57,86
Isole;Sardegna;OR;B055;0;0
Isole;Sardegna;NU;B056;3;5
Sud;Abruzzo;CH;B057;0;0
Nord Ovest;Piemonte;BI;B058;3,67;7,84
Nord Est;Veneto;TV;B061;3,33;26,24
Isole;Sardegna;NU;B062;4;1
Isole;Sardegna;SS;B063;2;2
Isole;Sardegna;SS;B064;0;3
Nord Ovest;Liguria;GE;B067;6;7,16
Isole;Sardegna;NU;B068;10,33;10,25
Nord Est;Veneto;RO;B069;2,72;17,46
Nord Est;Veneto;VR;B070;0;2
Nord Ovest;Piemonte;AL;B071;3;10
Nord Est;Veneto;VR;B073;22;86,25
Nord Ovest;Piemonte;TO;B075;5;21,5
Sud;Campania;NA;B076;16,21;23,17
Sud;Campania;NA;B077;16,32;11,14
Nord Ovest;Piemonte;CN;B079;0;0
Nord Ovest;Piemonte;AL;B080;2;7
Nord Ovest;Lombardia;LC;B081;11,67;39,1
Nord Ovest;Lombardia;PV;B082;0;3
Nord Ovest;Lombardia;BG;B083;1;3,5
Nord Ovest;Piemonte;CN;B084;7;5
Sud;Calabria;CZ;B085;4,5;0
Sud;Puglia;LE;B086;0;4,83
Nord Ovest;Lombardia;BG;B088;10,25;60
Nord Ovest;Lombardia;BS;B091;37,74;130,39
Isole;Sardegna;SS;B094;0;0
Sud;Calabria;RC;B097;1;1
Sud;Calabria;RC;B098;3;2
Sud;Calabria;RC;B099;2;6,5
Nord Ovest;Lombardia;BS;B100;7;7,22
Nord Ovest;Piemonte;CN;B101;47,2;59,74
Nord Ovest;Lombardia;BS;B102;12,5;69
Sud;Puglia;FG;B104;10;9
Nord Ovest;Lombardia;MI;B105;90,95;241,97
Nord Est;Veneto;PD;B106;4;36
Nord Est;Veneto;VR;B107;21,59;177,45
Nord Ovest;Piemonte;AL;B109;0;1
Nord Ovest;Lombardia;MN;B110;6;24,58
Nord Ovest;Piemonte;CN;B111;157,8;421,31
Nord Ovest;Lombardia;BG;B112;2;7
Centro;Lazio;RM;B114;66,91;144,66
Sud;Campania;SA;B115;8,03;8
Nord Ovest;Lombardia;PV;B117;7;5
Sud;Calabria;RC;B118;3;6
Nord Ovest;Lombardia;BS;B120;0;15
Nord Ovest;Piemonte;TO;B121;15;74,84
Nord Ovest;Lombardia;BG;B123;12,2;39,33
Nord Ovest;Lombardia;BS;B124;1;2,65
Nord Ovest;Lombardia;VA;B126;7;44,53
Nord Est;Veneto;TV;B128;7,34;68,18
Nord Ovest;Lombardia;CR;B129;14;105
Nord Est;Veneto;VI;B132;7;60
Nord Ovest;Lombardia;CO;B134;20,36;82,75
Nord Ovest;Lombardia;BG;B137;10,84;88,5
Nord Ovest;Lombardia;BG;B138;28,01;119,45
Nord Ovest;Lombardia;LO;B141;4;22,35
Nord Ovest;Lombardia;PV;B142;2;10
Nord Est;Veneto;VI;B143;8;31,5
Nord Ovest;Lombardia;CO;B144;1;13
Nord Ovest;Lombardia;BS;B149;17,66;31
Nord Ovest;Lombardia;VA;B150;2;15,5
Nord Est;Veneto;VR;B152;3;4,5
Nord Est;Veneto;VR;B154;6,5;32,17
Nord Est;Emilia-Romagna;RE;B156;11,5;61,22
Nord Ovest;Lombardia;BS;B157;946,4;2633,66
Nord Ovest;Lombardia;PV;B159;17,11;61
Nord Est;Veneto;VI;B161;4;30,69
Nord Ovest;Lombardia;MI;B162;160,97;324,46
Nord Ovest;Lombardia;VA;B166;3,5;19,5
Nord Ovest;Piemonte;CN;B167;0;0
Sud;Calabria;VV;B169;8;6
Nord Ovest;Piemonte;TO;B171;13,67;30,22
Nord Ovest;Lombardia;CO;B172;6;2
Sud;Basilicata;PZ;B173;9,44;5
Nord Ovest;Piemonte;CN;B175;0;0
Nord Ovest;Piemonte;NO;B176;8,07;31
Nord Ovest;Lombardia;BG;B178;20;82,84
Nord Ovest;Piemonte;AL;B179;2,83;3
Sud;Puglia;BR;B180;96,67;457,43
Sud;Basilicata;PZ;B181;3;0
Nord Ovest;Lombardia;VA;B182;0,2;3,5
Nord Ovest;Piemonte;NO;B183;3;14,56
Nord Ovest;Lombardia;BS;B184;1;2,5
Nord Ovest;Lombardia;MI;B187;20,17;71,94
Nord Est;Emilia-Romagna;RA;B188;16,33;28,33
Nord Ovest;Lombardia;VA;B191;6;14
Nord Ovest;Valle d'Aosta;AO;B192;1;8,5
Sud;Abruzzo;PE;B193;0,33;1
Nord Ovest;Lombardia;LC;B194;8;41,95
Centro;Lazio;FR;B195;0;3,08
Nord Est;Veneto;VI;B196;4;27,67
Sud;Calabria;VV;B197;0;0
Isole;Sicilia;ME;B198;9;6
Nord Ovest;Piemonte;CN;B200;0;3
Nord Ovest;Lombardia;PV;B201;29;93
Isole;Sicilia;CT;B202;54,77;48,76
Nord Ovest;Piemonte;CN;B204;1;6,67
Nord Ovest;Piemonte;TO;B205;0,5;5
Nord Ovest;Piemonte;VB;B207;7,15;12,17
Nord Ovest;Piemonte;TO;B209;6;4,01
Nord Ovest;Lombardia;MI;B212;179,7;486,02
Nord Est;Veneto;PD;B213;7,16;53,89
Nord Ovest;Liguria;SP;B214;2;2
Nord Est;Friuli- Venezia Giulia;PN;B215;12;51,17
Nord Ovest;Piemonte;TO;B216;30,9;80,4
Nord Ovest;Lombardia;BG;B217;0;3
Nord Ovest;Lombardia;CO;B218;8;18,17
Nord Ovest;Lombardia;VA;B219;4;9,34
Nord Ovest;Piemonte;AT;B221;0;1
Nord Ovest;Lombardia;BG;B223;6,9;65,4
Nord Ovest;Piemonte;TO;B225;1;15
Sud;Campania;NA;B227;29,51;38
Nord Ovest;Lombardia;VA;B228;1,08;17,5
Nord Ovest;Piemonte;BI;B229;2;12
Nord Ovest;Valle d'Aosta;AO;B230;20;17
Nord Ovest;Piemonte;TO;B232;7;12
Sud;Calabria;RC;B234;0;0
Nord Ovest;Lombardia;MI;B235;5;50,91
Nord Ovest;Piemonte;AT;B236;4;2
Isole;Sicilia;SR;B237;5;11
Sud;Abruzzo;CH;B238;7,25;19,17
Sud;Campania;BN;B239;3,6;0
Nord Ovest;Lombardia;MI;B240;120,37;340,23
Sud;Campania;SA;B242;4;6,5
Centro;Toscana;AR;B243;34;70,35
Isole;Sardegna;SS;B246;0;5
Nord Est;Friuli- Venezia Giulia;PN;B247;1,92;13,92
Isole;Sardegna;NU;B248;11;62,5
Nord Est;Emilia-Romagna;BO;B249;50,18;173,75
Isole;Sardegna;CA;B250;2,9;5
Centro;Toscana;PT;B251;16,49;92,46
Nord Ovest;Lombardia;SO;B255;15,99;13,33
Sud;Abruzzo;AQ;B256;3;6,33
Nord Ovest;Lombardia;VA;B258;7;35,67
Nord Est;Friuli- Venezia Giulia;UD;B259;7,83;36,33
Nord Ovest;Lombardia;LC;B261;22;50
Nord Ovest;Lombardia;CO;B262;10,17;32,55
Isole;Sardegna;SS;B264;2;0
Isole;Sardegna;SS;B265;0;1
Sud;Campania;SA;B266;0;2
Sud;Campania;BN;B267;2;1
Sud;Abruzzo;CH;B268;0;0
Centro;Toscana;SI;B269;9,58;20,65
Sud;Calabria;CS;B270;0;2
Nord Ovest;Lombardia;MI;B272;20,5;73,33
Isole;Sardegna;CA;B274;0;0
Isole;Sicilia;AG;B275;14,99;2
Isole;Sardegna;SS;B276;0;0
Nord Ovest;Piemonte;TO;B278;7;12,5
Nord Ovest;Piemonte;TO;B279;1,95;8,95
Nord Ovest;Piemonte;VC;B280;2;6
Isole;Sardegna;OR;B281;0;0
Nord Ovest;Liguria;GE;B282;27,34;27,78
Nord Ovest;Piemonte;TO;B284;7;18,5
Nord Ovest;Piemonte;CN;B285;53,96;99,41
Nord Ovest;Lombardia;MI;B286;22;63,07
Isole;Sicilia;SR;B287;5;3
Isole;Sicilia;TP;B288;0;1
Nord Ovest;Lombardia;MI;B289;10;94,57
Nord Ovest;Lombardia;MI;B292;45,5;94,33
Nord Est;Emilia-Romagna;PR;B293;7,5;67,5
Sud;Abruzzo;PE;B294;1;6
Sud;Molise;CB;B295;4;6
Nord Est;Veneto;VR;B296;71,36;236,34
Nord Ovest;Piemonte;TO;B297;24,5;49,93
Nord Ovest;Lombardia;VA;B300;494,72;1124,36
Nord Ovest;Lombardia;MI;B301;43,5;203,91
Isole;Sicilia;CL;B302;16;3,17
Centro;Toscana;PI;B303;15,67;27,33
Nord Est;Veneto;VR;B304;18;68,66
Nord Ovest;Piemonte;TO;B305;23,16;64,33
Nord Ovest;Piemonte;AT;B306;3;23,34
Nord Est;Friuli- Venezia Giulia;UD;B309;7;44,5
Nord Ovest;Lombardia;BG;B310;5,91;84,73
Nord Ovest;Piemonte;AL;B311;6;4
Nord Ovest;Lombardia;VA;B312;4;3,5
Nord Ovest;Lombardia;CO;B313;20,65;64,04
Isole;Sardegna;OR;B314;5;13,97
Isole;Sicilia;PA;B315;12,66;14,5
Sud;Molise;IS;B317;2,78;1
Sud;Calabria;KR;B319;3,61;2,5
Nord Ovest;Lombardia;VA;B326;17,6;26,18
Nord Est;Emilia-Romagna;RE;B328;22;115,04
Nord Est;Emilia-Romagna;PC;B332;20,5;73,03
Nord Est;Veneto;PD;B345;5,54;184,25
Nord Ovest;Lombardia;CO;B346;12;95,77
Nord Est;Veneto;TV;B349;4;60,25
Nord Ovest;Piemonte;TO;B350;8,5;38,25
Sud;Campania;SA;B351;18,5;8
Centro;Marche;PS;B352;21,38;34,49
Isole;Sardegna;CA;B354;309,07;1024,98
Nord Ovest;Lombardia;CO;B355;2;7
Sud;Puglia;FG;B357;17,88;15,48
Sud;Abruzzo;AQ;B358;0;1
Sud;Campania;CE;B361;1,5;1
Sud;Campania;CE;B362;3;8,12
Nord Ovest;Lombardia;BS;B365;7;13,5
Nord Ovest;Lombardia;SO;B366;8,5;3,5
Sud;Campania;AV;B367;2;1,75
Nord Ovest;Lombardia;VA;B368;14,34;104,27
Nord Ovest;Liguria;SV;B369;83,67;114,33
Sud;Campania;NA;B371;40,1;66,21
Sud;Campania;AV;B374;8,5;7,42
Nord Est;Veneto;BL;B375;6,28;9,89
Nord Ovest;Piemonte;AT;B376;0;9,67
Isole;Sicilia;AG;B377;3;1
Isole;Sardegna;SS;B378;8;6,66
Sud;Calabria;RC;B379;0;1
Nord Ovest;Piemonte;VB;B380;1;1,5
Isole;Sicilia;EN;B381;6,75;7
Sud;Abruzzo;AQ;B382;1;1
Isole;Sardegna;CA;B383;4;8,5
Isole;Sicilia;CT;B384;11;29,74
Isole;Sicilia;TP;B385;21,93;8,17
Nord Ovest;Lombardia;PV;B387;9,33;12,5
Centro;Lazio;VT;B388;2,5;2
Centro;Toscana;PI;B390;19;45,5
Sud;Basilicata;MT;B391;1,25;0,67
Centro;Toscana;PI;B392;29,74;101,75
Nord Ovest;Lombardia;BG;B393;8,5;71,6
Nord Ovest;Lombardia;BS;B394;7,67;136,75
Nord Ovest;Lombardia;BG;B395;7;43
Nord Ovest;Lombardia;LC;B396;11,27;76,1
Centro;Marche;MC;B398;1,63;6
Nord Est;Emilia-Romagna;BO;B399;37;214,29
Nord Est;Veneto;VR;B402;36,5;138,33
Nord Est;Veneto;VI;B403;15,67;140,26
Nord Est;Emilia-Romagna;PC;B405;1;17,66
Centro;Toscana;FI;B406;61,95;167,39
Nord Est;Emilia-Romagna;PR;B408;15;31,5
Nord Ovest;Liguria;SV;B409;11,16;3
Nord Ovest;Liguria;SP;B410;5,5;0
Sud;Puglia;LE;B413;5;20,5
Sud;Campania;AV;B415;5;10,5
Nord Ovest;Liguria;SV;B416;15,5;11
Nord Ovest;Piemonte;BI;B417;2;2
Nord Ovest;Piemonte;AT;B418;4,08;12
Nord Ovest;Lombardia;LC;B423;29,69;102,37
Sud;Calabria;CS;B424;0;0
Nord Ovest;Piemonte;AT;B425;0;3,5
Sud;Calabria;CS;B426;1;0
Isole;Sicilia;AG;B427;10,25;3,59
Isole;Sicilia;CT;B428;51,96;98,78
Isole;Sicilia;CL;B429;63,79;123,83
Isole;Sicilia;PA;B430;8,83;1,5
Nord Ovest;Piemonte;NO;B431;3;22,75
Nord Est;Veneto;RO;B432;1;14
Nord Est;Veneto;VI;B433;1;9
Nord Ovest;Lombardia;BG;B434;57,9;110,45
Nord Ovest;Piemonte;TO;B435;25,98;119,69
Nord Ovest;Lombardia;BS;B436;4;33
Sud;Campania;SA;B437;0;4
Nord Ovest;Lombardia;CR;B439;0;5,5
Sud;Basilicata;PZ;B440;4,78;2
Nord Est;Veneto;VI;B441;8;7,5
Nord Ovest;Lombardia;BG;B442;8;68,54
Sud;Basilicata;PZ;B443;1;0
Sud;Campania;BN;B444;1;5
Sud;Campania;CE;B445;3;7,2
Centro;Umbria;TR;B446;15,75;8
Nord Ovest;Lombardia;PV;B447;0;0
Nord Ovest;Lombardia;MI;B448;1;15
Nord Ovest;Lombardia;BS;B450;15,5;76,22
Sud;Campania;NA;B452;7,15;8,28
Nord Ovest;Piemonte;AL;B453;0;3,5
Centro;Toscana;LU;B455;70,75;149,84
Nord Ovest;Piemonte;BI;B457;2,33;2
Isole;Sicilia;AG;B460;5,83;5
Nord Ovest;Lombardia;MI;B461;32,5;92
Nord Ovest;Piemonte;TO;B462;14;55,34
Nord Ovest;Piemonte;VB;B463;5,28;3,5
Nord Ovest;Piemonte;BI;B465;6;16
Sud;Molise;IS;B466;3;1
Nord Ovest;Piemonte;CN;B467;1;1
Centro;Marche;AN;B468;11,1;19,67
Nord Ovest;Piemonte;AT;B469;2;1,5
Centro;Marche;AN;B470;4,78;22,51
Nord Ovest;Lombardia;BG;B471;3;3,67
Centro;Lazio;RM;B472;1;0
Nord Ovest;Piemonte;NO;B473;36;166,34
Centro;Marche;MC;B474;19,68;38,67
Sud;Campania;SA;B476;15;5,44
Sud;Campania;CE;B477;2;6
Sud;Calabria;RC;B481;0;1
Nord Ovest;Piemonte;AL;B482;3;13,75
Nord Est;Friuli- Venezia Giulia;UD;B483;3,92;4
Nord Ovest;Lombardia;CR;B484;0;11,5
Nord Est;Veneto;VI;B485;14;124,5
Isole;Sicilia;AG;B486;14,7;4,33
Nord Ovest;Liguria;GE;B490;37,17;77,58
Nord Ovest;Valle d'Aosta;AO;B491;2;0
Sud;Campania;SA;B492;16,5;34,5
Nord Est;Veneto;VE;B493;5;51,95
Sud;Campania;CE;B494;2;1
Centro;Lazio;RM;B496;24;76
Centro;Toscana;GR;B497;9,66;8,5
Nord Ovest;Lombardia;CR;B498;0;4
Nord Est;Emilia-Romagna;RE;B499;9;72,48
Sud;Calabria;CS;B500;0;0
Nord Ovest;Lombardia;MI;B501;12;18,17
Nord Est;Emilia-Romagna;RE;B502;8,67;62,73
Centro;Umbria;PG;B504;15,11;14,47
Nord Ovest;Piemonte;VC;B505;3;9,5
Sud;Puglia;LE;B506;6,41;33
Centro;Toscana;FI;B507;39,96;452,52
Centro;Toscana;LI;B509;56,69;112,83
Nord Ovest;Piemonte;TO;B510;3,66;0
Nord Est;Veneto;VI;B511;1;4
Nord Ovest;Piemonte;TO;B512;1;7
Nord Ovest;Lombardia;CO;B513;16;48,29
Sud;Abruzzo;TE;B515;7,5;11,02
Sud;Calabria;RC;B516;1;3
Sud;Molise;CB;B519;149,24;279,13
Isole;Sicilia;AG;B520;13;12
Isole;Sicilia;TP;B521;8,2;3
Sud;Molise;CB;B522;3;0
Nord Est;Veneto;PD;B524;26,83;173,9
Sud;Abruzzo;AQ;B526;23;32,09
Centro;Lazio;LT;B527;1;2
Sud;Molise;CB;B528;5;10,16
Nord Ovest;Lombardia;SO;B530;25,2;39,38
Nord Est;Veneto;PD;B531;0;26,5
Isole;Sicilia;PA;B532;17,5;64,98
Isole;Sicilia;PA;B533;2;0
Centro;Marche;AP;B534;8,33;8
Isole;Sicilia;PA;B535;0,33;3
Nord Est;Friuli- Venezia Giulia;UD;B536;13;53,04
Isole;Sicilia;CL;B537;3;3
Nord Ovest;Liguria;GE;B538;8;18,5
Nord Est;Emilia-Romagna;MO;B539;21,49;103,18
Nord Ovest;Valle d'Aosta;AO;B540;2;6,2
Sud;Campania;BN;B541;0;0
Sud;Campania;BN;B542;0;1
Centro;Lazio;FR;B543;1;0
Sud;Molise;CB;B544;6,34;0
Nord Est;Veneto;VE;B546;7;81,1
Sud;Basilicata;PZ;B549;2;0
Sud;Molise;CB;B550;14,02;60
Nord Ovest;Liguria;GE;B551;35;36,5
Centro;Toscana;LI;B553;19,68;35,13
Nord Est;Veneto;VE;B554;7,5;137,21
Sud;Campania;SA;B555;1;0
Isole;Sicilia;PA;B556;0;5,47
Centro;Toscana;LU;B557;6;3
Nord Ovest;Liguria;IM;B559;30,67;20,33
Isole;Sicilia;CT;B561;5;33
Centro;Marche;MC;B562;0;1
Nord Est;Veneto;PD;B563;8;123,25
Nord Est;Veneto;PD;B564;1;34,66
Sud;Campania;NA;B565;8;9,5
Nord Est;Emilia-Romagna;MO;B566;8,12;45,61
Nord Ovest;Lombardia;PV;B567;0;12
Sud;Abruzzo;AQ;B569;1,5;4
Nord Est;Emilia-Romagna;BO;B572;18,83;11,03
Nord Ovest;Piemonte;CN;B573;10;30
Nord Est;Veneto;BL;B574;21,98;9,75
Centro;Lazio;RM;B576;9,27;8,27
Nord Est;Veneto;RO;B578;7;19,34
Sud;Basilicata;PZ;B580;0,33;0
Sud;Campania;CE;B581;0;3
Nord Est;Veneto;RO;B582;1;2
Sud;Puglia;FG;B584;2,08;4
Nord Ovest;Piemonte;BI;B586;25,67;69,56
Nord Ovest;Lombardia;PV;B587;7;17
Nord Ovest;Piemonte;TO;B588;8;20
Nord Est;Veneto;PD;B589;0;16
Sud;Campania;AV;B590;2;7
Sud;Calabria;RC;B591;1;0
Nord Ovest;Piemonte;TO;B592;24,5;88,09
Nord Ovest;Lombardia;MI;B593;41,5;172,43
Nord Ovest;Piemonte;AT;B594;36,06;74,98
Centro;Lazio;RI;B595;2;7,5
Centro;Lazio;VT;B597;10;6,5
Nord Est;Friuli- Venezia Giulia;PN;B598;14;40,25
Isole;Sicilia;AG;B602;48,22;59,24
Isole;Sicilia;SR;B603;0;17,17
Centro;Lazio;VT;B604;14,5;10,5
Nord Ovest;Piemonte;TO;B605;1;0
Sud;Abruzzo;AQ;B606;0;0
Sud;Calabria;CS;B607;2;1,5
Sud;Campania;SA;B608;2;0
Centro;Umbria;PG;B609;7;16
Nord Ovest;Piemonte;VB;B610;11;11
Nord Ovest;Lombardia;MN;B612;4;36,17
Nord Ovest;Lombardia;PV;B613;7,27;11,5
Nord Ovest;Piemonte;VB;B615;38,84;48,16
Sud;Puglia;LE;B616;2;0
Sud;Calabria;RC;B617;1;0
Nord Ovest;Lombardia;BG;B618;8,17;58,09
Sud;Puglia;BA;B619;35,74;108,95
Sud;Abruzzo;CH;B620;0;0
Nord Ovest;Piemonte;CN;B621;0;0
Sud;Abruzzo;AQ;B624;0;1
Centro;Toscana;PO;B626;10,5;19,15
Centro;Lazio;RI;B627;8;10
Nord Ovest;Piemonte;TO;B628;4,44;18,44
Nord Ovest;Piemonte;AL;B629;0;7
Sud;Molise;IS;B630;2;1
Centro;Lazio;RI;B631;5;11
Centro;Lazio;RM;B632;1,5;2
Nord Ovest;Piemonte;AT;B633;0;6
Nord Ovest;Lombardia;VA;B634;37,01;48,5
Centro;Lazio;RM;B635;1;0
Centro;Marche;PS;B636;5;2
Nord Ovest;Piemonte;TO;B637;7;8
Nord Ovest;Lombardia;CO;B639;177,37;486,06
Sud;Abruzzo;TE;B640;4;4,5
Nord Ovest;Lombardia;CO;B641;31,83;54,56
Nord Est;Veneto;VE;B642;65,46;411,21
Nord Est;Emilia-Romagna;PC;B643;4,5;35,67
Sud;Campania;SA;B644;31,06;25,5
Isole;Sicilia;PA;B645;13;19,7
Centro;Toscana;GR;B646;11,47;36,5
Centro;Toscana;PI;B647;20,84;33,42
Centro;Toscana;LU;B648;76,72;183,03
Centro;Lazio;RM;B649;16;60,5
Nord Ovest;Lombardia;CR;B650;0;27,67
Sud;Abruzzo;AQ;B651;2;4,25
Nord Ovest;Lombardia;CO;B653;40,5;72,71
Sud;Calabria;VV;B655;1;0
Sud;Abruzzo;AQ;B656;6,17;9
Sud;Abruzzo;AQ;B658;0;2
Isole;Sicilia;ME;B660;3,33;0
Nord Ovest;Lombardia;BG;B661;3;11,67
Nord Est;Veneto;BL;B662;17,33;52,12
Centro;Lazio;VT;B663;9,25;12
Nord Ovest;Lombardia;BS;B664;9;4
Isole;Sicilia;ME;B666;14,5;28,73
Sud;Campania;CE;B667;10,86;49,5
Centro;Toscana;LI;B669;6,5;39,98
Centro;Toscana;AR;B670;12,5;37,66
Nord Ovest;Lombardia;MI;B671;30,51;77,34
Sud;Abruzzo;AQ;B672;1;0
Sud;Campania;AV;B674;16,65;3,98
Isole;Sardegna;CA;B675;6,25;34,5
Nord Ovest;Lombardia;BS;B676;0;1
Sud;Abruzzo;AQ;B677;17,75;44,67
Nord Est;Veneto;TV;B678;6;26
Nord Ovest;Lombardia;CR;B679;0;5
Nord Ovest;Lombardia;CR;B680;0;3
Sud;Abruzzo;PE;B681;3;28,9
Sud;Molise;IS;B682;11,66;6,61
Centro;Toscana;FI;B684;12,41;63,46
Centro;Toscana;LI;B685;2;1
Nord Ovest;Lombardia;CR;B686;3;23,5
Centro;Lazio;RM;B687;2;3
Centro;Lazio;VT;B688;17,07;24,92
Nord Est;Emilia-Romagna;BO;B689;15,5;86,25
Sud;Puglia;LE;B690;0;3
Centro;Lazio;VT;B691;14,5;23,34
Nord Ovest;Piemonte;CN;B692;1;3
Centro;Toscana;AR;B693;3;3
Nord Ovest;Piemonte;VB;B694;3;1
Isole;Sicilia;ME;B695;8,33;5
Sud;Campania;NA;B696;13,42;1
Nord Ovest;Lombardia;BS;B698;6,2;65,4
Nord Ovest;Piemonte;AL;B701;8;8
Nord Ovest;Lombardia;BG;B703;27,91;126,53
Sud;Campania;CE;B704;0;2
Nord Ovest;Piemonte;TO;B705;12;21,17
Sud;Campania;AV;B706;4,57;6
Nord Ovest;Piemonte;AT;B707;0;1
Nord Ovest;Piemonte;BI;B708;3;3
Nord Est;Veneto;VR;B709;28,04;87,66
Nord Ovest;Lombardia;BG;B710;12;36,5
Nord Ovest;Lombardia;BS;B711;22,5;116,9
Sud;Campania;CE;B715;32,5;67,68
Sud;Puglia;BA;B716;24,54;138,34
Sud;Calabria;CZ;B717;4;0
Sud;Calabria;RC;B718;1;0
Nord Ovest;Piemonte;CN;B719;33,93;73,83
Nord Ovest;Piemonte;CN;B720;3;12,67
Sud;Abruzzo;PE;B722;12,03;4,67
Sud;Puglia;FG;B724;4;29
Sud;Abruzzo;AQ;B725;0;3
Nord Ovest;Liguria;GE;B726;18;28
Centro;Marche;AP;B727;3;6
Nord Ovest;Lombardia;MI;B729;91,03;190,58
Nord Ovest;Lombardia;CO;B730;14,83;16,94
Nord Ovest;Lombardia;BG;B731;29,47;190,24
Nord Ovest;Lombardia;VA;B732;2,33;28,5
Nord Ovest;Piemonte;TO;B733;2;14
Nord Ovest;Liguria;IM;B734;5;1
Centro;Lazio;VT;B735;2;10
Nord Ovest;Piemonte;AL;B736;3;11
Isole;Sardegna;CA;B738;17,33;77,33
Sud;Campania;NA;B740;1;6,5
Nord Ovest;Lombardia;PV;B741;3,5;12,83
Nord Ovest;Lombardia;CO;B742;9;46,25
Sud;Basilicata;PZ;B743;1;0
Nord Est;Veneto;TV;B744;24,1;133,28
Isole;Sardegna;CA;B745;10,17;18,67
Nord Ovest;Liguria;SV;B748;15;36
Nord Ovest;Piemonte;VC;B752;1;1
Nord Ovest;Lombardia;VA;B754;46,5;237,7
Nord Ovest;Piemonte;CN;B755;3;8
Sud;Calabria;RC;B756;0;0
Sud;Calabria;CZ;B758;2;0
Sud;Campania;NA;B759;22,91;58,81
Centro;Toscana;LU;B760;8,78;1
Nord Ovest;Piemonte;TO;B762;11;5
Nord Ovest;Lombardia;LC;B763;3;10,14
Nord Ovest;Piemonte;AL;B765;0;1
Sud;Calabria;RC;B766;0;0
Nord Ovest;Piemonte;VC;B767;4;13,5
Nord Ovest;Piemonte;VC;B768;1;13
Nord Ovest;Piemonte;AL;B769;0;3
Sud;Calabria;KR;B771;1;1
Isole;Sardegna;SS;B772;0;0
Sud;Calabria;CS;B774;8;7
Sud;Campania;AV;B776;0;4,6
Nord Ovest;Piemonte;TO;B777;24,34;76
Nord Ovest;Lombardia;CO;B778;10;43,11
Sud;Campania;CE;B779;4,56;10
Isole;Sicilia;PA;B780;29;20
Sud;Campania;CE;B781;14,78;11,67
Nord Ovest;Piemonte;VC;B782;0;1
Sud;Puglia;FG;B784;2,5;0
Nord Ovest;Lombardia;CO;B785;12,1;20
Isole;Sicilia;SR;B787;19;98,41
Nord Est;Friuli- Venezia Giulia;UD;B788;1;8,16
Isole;Sardegna;CA;B789;12,28;1
Sud;Calabria;CZ;B790;2;1,5
Nord Ovest;Piemonte;TO;B791;87,4;308,66
Sud;Puglia;LE;B792;3;18
Centro;Toscana;PO;B794;21;80,62
Nord Est;Veneto;PD;B795;11;79,5
Nord Ovest;Lombardia;VA;B796;22,33;68,48
Nord Ovest;Lombardia;MI;B798;24;92,75
Nord Ovest;Lombardia;BG;B801;9;48,5
Sud;Calabria;CS;B802;3;0
Nord Ovest;Lombardia;BG;B803;5,5;21
Isole;Sicilia;ME;B804;13,09;3,66
Nord Ovest;Lombardia;VA;B805;82,94;272,08
Nord Ovest;Lombardia;VA;B807;19,18;77,59
Sud;Puglia;TA;B808;6;26
Sud;Puglia;BR;B809;65,27;76,12
Sud;Molise;IS;B810;0;1
Nord Est;Emilia-Romagna;PC;B812;9;63,25
Sud;Calabria;CS;B813;3;0
Centro;Marche;PS;B816;3,75;14
Nord Ovest;Lombardia;BS;B817;11,67;127,05
Nord Ovest;Piemonte;AL;B818;4;6
Nord Est;Emilia-Romagna;MO;B819;223,96;1156,01
Nord Ovest;Lombardia;MI;B820;4;70,46
Sud;Puglia;LE;B822;4,33;4
Nord Ovest;Piemonte;NO;B823;6;12,5
Nord Ovest;Lombardia;PV;B824;11;78,4
Nord Est;Emilia-Romagna;RE;B825;21,83;43,16
Sud;Abruzzo;CH;B826;2;0
Sud;Abruzzo;PE;B827;0;1
Centro;Lazio;RM;B828;9,33;7,75
Sud;Puglia;FG;B829;4;9,27
Sud;Molise;IS;B830;3;3
Centro;Toscana;MS;B832;144,55;189,15
Nord Est;Veneto;VI;B835;7;19
Nord Ovest;Piemonte;AL;B836;1,5;0
Nord Ovest;Liguria;SP;B838;2,25;3
Nord Ovest;Liguria;SP;B839;4;5
Nord Ovest;Piemonte;AL;B840;6;4
Nord Ovest;Piemonte;CN;B841;12;33
Sud;Abruzzo;AQ;B842;8,16;25,33
Nord Est;Veneto;VI;B844;3;14,24
Nord Ovest;Piemonte;CN;B845;0;1
Centro;Marche;PS;B846;12,4;70,2
Nord Ovest;Piemonte;AL;B847;2,5;2,5
Nord Est;Veneto;PD;B848;5;42,48
Nord Ovest;Lombardia;MI;B850;78,15;259,04
Nord Ovest;Lombardia;CO;B851;27,33;99,16
Sud;Abruzzo;CH;B853;0;1
Nord Ovest;Lombardia;BG;B854;13;59,5
Sud;Calabria;KR;B857;2;0
Sud;Molise;CB;B858;2,33;2
Sud;Abruzzo;CH;B859;3;3
Sud;Campania;CE;B860;24;101,67
Sud;Abruzzo;CH;B861;5;5
Centro;Lazio;FR;B862;0,41;0
Nord Ovest;Piemonte;NO;B864;3;11,17
Sud;Abruzzo;CH;B865;7;19,33
Sud;Campania;AV;B866;3;1
Nord Ovest;Piemonte;TO;B867;4;9
Sud;Campania;SA;B868;3,88;1
Nord Ovest;Lombardia;CR;B869;9;45,19
Nord Ovest;Piemonte;AL;B870;1;6
Sud;Molise;CB;B871;2;0
Sud;Campania;CE;B872;2,25;1
Sud;Campania;BN;B873;1;2
Nord Ovest;Lombardia;VA;B875;2;17,5
Nord Ovest;Piemonte;VB;B876;4;20,5
Nord Est;Veneto;PD;B877;4,84;26
Centro;Toscana;PI;B878;10;8,5
Nord Est;Veneto;TV;B879;22,75;161,57
Nord Est;Emilia-Romagna;BO;B880;171,29;379,9
Nord Ovest;Lombardia;CR;B881;1;17,62
Nord Ovest;Piemonte;AL;B882;0;1
Nord Ovest;Piemonte;NO;B883;1;10
Nord Ovest;Piemonte;AL;B885;249,83;366,92
Nord Est;Veneto;VR;B886;11,07;46,97
Nord Ovest;Lombardia;LO;B887;8;51
Sud;Campania;SA;B888;2;2
Nord Ovest;Lombardia;CR;B889;2;6,17
Nord Ovest;Lombardia;CR;B890;0;2
Nord Ovest;Lombardia;CR;B891;1,75;20
Nord Est;Emilia-Romagna;BO;B892;1;25
Nord Est;Emilia-Romagna;RE;B893;52,13;298,09
Nord Ovest;Piemonte;CN;B894;0;7
Sud;Campania;SA;B895;15;18,23
Sud;Abruzzo;CH;B896;6;20,5
Nord Ovest;Piemonte;NO;B897;5,8;20,92
Nord Ovest;Lombardia;CR;B898;25,91;145,37
Nord Ovest;Lombardia;LO;B899;26,5;65,43
Nord Ovest;Lombardia;CR;B900;1;11,33
Nord Ovest;Lombardia;MN;B901;2;19,5
Nord Ovest;Piemonte;AL;B902;4;5
Sud;Calabria;CS;B903;6,5;20,25
Sud;Puglia;FG;B904;2,86;7,83
Sud;Campania;NA;B905;56,81;165,31
Sud;Basilicata;PZ;B906;0;0
Nord Ovest;Lombardia;MN;B907;0;22,06
Nord Ovest;Lombardia;LO;B910;44,49;220
Nord Ovest;Lombardia;MN;B911;0;5
Nord Est;Veneto;PD;B912;4;55,92
Nord Ovest;Lombardia;CR;B914;3;11,83
Sud;Puglia;FG;B915;10,75;39,17
Sud;Campania;CE;B916;16;13
Sud;Puglia;FG;B917;0;1
Isole;Sicilia;ME;B918;1;0
Centro;Lazio;FR;B919;4;4,17
Nord Ovest;Piemonte;NO;B920;4;3
Nord Ovest;Lombardia;VA;B921;2,5;7
Sud;Campania;NA;B922;5;9
Sud;Puglia;BA;B923;50,28;147,22
Sud;Campania;NA;B924;3;1
Sud;Campania;NA;B925;3,17;15,9
Nord Ovest;Liguria;SV;B927;11;1
Nord Ovest;Piemonte;VC;B928;0;0
Nord Ovest;Lombardia;PV;B929;2;4
Centro;Lazio;RM;B932;6,21;4,7
Nord Ovest;Piemonte;BI;B933;6,63;5
Centro;Lazio;RI;B934;3,7;1
Sud;Campania;CE;B935;13;43
Sud;Puglia;LE;B936;16;38
Nord Ovest;Lombardia;LC;B937;3,08;23,35
Nord Ovest;Lombardia;MI;B938;12,5;49,5
Nord Ovest;Liguria;GE;B939;13,33;31,5
Nord Est;Friuli- Venezia Giulia;PN;B940;19,42;76,4
Nord Ovest;Piemonte;AL;B941;1;2
Nord Ovest;Lombardia;LC;B943;36,03;141,83
Nord Ovest;Lombardia;PV;B945;0;3
Sud;Campania;NA;B946;13,93;181,96
Nord Ovest;Lombardia;BG;B947;12;29,22
Centro;Umbria;PG;B948;5;8,27
Nord Ovest;Lombardia;VA;B949;7;28,33
Centro;Toscana;PI;B950;90,79;299,99
Nord Ovest;Piemonte;VC;B952;3,5;5
Nord Ovest;Piemonte;TO;B953;8,5;10,5
Nord Ovest;Lombardia;PV;B954;5;21,5
Nord Ovest;Piemonte;TO;B955;5;18
Nord Ovest;Liguria;GE;B956;18,72;28,79
Nord Ovest;Lombardia;LO;B958;8,12;60,67
Sud;Campania;SA;B959;3;0
Nord Ovest;Piemonte;TO;B960;68,75;187
Nord Ovest;Lombardia;LO;B961;1;8
Centro;Toscana;FI;B962;136,18;340,11
Sud;Campania;CE;B963;185,01;654,85
Nord Est;Veneto;TV;B965;20;141,98
Sud;Calabria;RC;B966;0;0
Nord Est;Emilia-Romagna;RE;B967;12;41,67
Sud;Calabria;KR;B968;2;3
Nord Est;Emilia-Romagna;BO;B969;9;21,67
Nord Ovest;Lombardia;BG;B971;19,22;71,47
Nord Ovest;Lombardia;CO;B974;10,13;8,5
Nord Ovest;Lombardia;CO;B977;10,6;62,52
Nord Ovest;Lombardia;BG;B978;1,25;21,33
Centro;Toscana;MS;B979;12;3
Sud;Campania;NA;B980;4,83;2,11
Nord Est;Emilia-Romagna;RA;B982;7,17;12,75
Centro;Toscana;SI;B984;19,06;34,33
Sud;Abruzzo;CH;B985;8;18
Nord Ovest;Lombardia;VA;B987;16,53;64,84
Nord Ovest;Lombardia;PV;B988;21,04;127,46
Nord Ovest;Lombardia;MI;B989;21;66,32
Sud;Campania;NA;B990;37,44;145,07
Nord Ovest;Piemonte;AT;B991;1;0
Nord Ovest;Lombardia;SO;B993;37;44,5
Nord Est;Friuli- Venezia Giulia;UD;B994;1;19,45
Nord Ovest;Lombardia;LC;B996;11,17;40
Sud;Campania;AV;B997;7;2
Sud;Puglia;BA;B998;16,92;65,72
Nord Ovest;Lombardia;VA;B999;3;5
Sud;Calabria;CS;C002;11,15;46,04
Nord Ovest;Lombardia;MI;C003;125,09;325,57
Nord Ovest;Lombardia;VA;C004;43,26;216,98
Isole;Sicilia;SR;C006;1;1
Nord Ovest;Lombardia;BG;C007;0;0
Nord Ovest;Lombardia;MI;C013;49,75;241,6
Nord Ovest;Lombardia;MI;C014;75,5;330,83
Nord Ovest;Lombardia;CO;C020;14;72,85
Nord Ovest;Piemonte;AT;C022;1;2
Nord Ovest;Lombardia;LC;C024;4;33,77
Nord Ovest;Piemonte;AL;C027;9,09;23,5
Nord Ovest;Piemonte;AL;C030;2;6
Nord Ovest;Lombardia;MI;C033;9;35,17
Centro;Lazio;FR;C034;20,49;130,6
Nord Est;Veneto;VI;C037;27;171
Nord Ovest;Lombardia;PV;C038;16;50,8
Sud;Abruzzo;TE;C040;1;1
Nord Est;Veneto;VR;C041;8;20,69
Centro;Toscana;LI;C044;38,72;59,67
Nord Ovest;Piemonte;TO;C045;8;17
Nord Ovest;Piemonte;CN;C046;7;23,5
Nord Ovest;Piemonte;AT;C047;2;4
Nord Ovest;Piemonte;TO;C048;1,13;18,28
Nord Ovest;Piemonte;AT;C049;7;23
Nord Ovest;Lombardia;PV;C050;5;5
Isole;Sicilia;ME;C051;5;1
Nord Ovest;Lombardia;MI;C052;34,03;110,67
Nord Ovest;Lombardia;PV;C053;25;59,11
Nord Ovest;Lombardia;BS;C055;13,14;79,39
Nord Est;Veneto;VI;C056;0;31
Nord Est;Veneto;PD;C057;1;4,58
Sud;Campania;AV;C058;0,93;0,13
Nord Ovest;Lombardia;MN;C059;0;48
Centro;Marche;AN;C060;12,82;42,25
Nord Ovest;Liguria;SV;C063;3,14;4
Nord Ovest;Piemonte;AT;C064;1;1
Nord Est;Emilia-Romagna;RA;C065;13,7;106,33
Sud;Molise;CB;C066;3;2
Isole;Sicilia;PA;C067;22,64;5,83
Sud;Campania;SA;C069;4;1
Centro;Marche;AP;C070;2;3
Nord Ovest;Lombardia;BS;C072;8,09;63
Nord Est;Veneto;TV;C073;2;19
Isole;Sicilia;PA;C074;10;15,25
Nord Est;Emilia-Romagna;BO;C075;11,31;32,8
Nord Ovest;Lombardia;MN;C076;9;40
Nord Est;Veneto;VR;C078;39,2;166,36
Nord Ovest;Lombardia;BG;C079;11,5;80,26
Nord Est;Emilia-Romagna;RN;C080;1;1,5
Nord Ovest;Piemonte;CN;C081;3;3
Sud;Molise;IS;C082;3;1
Sud;Abruzzo;AQ;C083;5,67;2
Centro;Toscana;GR;C085;32,41;36,27
Nord Est;Emilia-Romagna;BO;C086;4,33;8,09
Nord Ovest;Lombardia;CR;C089;0;2
Sud;Abruzzo;AQ;C090;2;4
Isole;Sicilia;CT;C091;2;2
Centro;Marche;AP;C093;13,67;63,59
Isole;Sicilia;ME;C094;2;0
Sud;Abruzzo;AQ;C096;44;70
Sud;Campania;CE;C097;1;0
Centro;Lazio;RI;C098;5;4
Centro;Marche;AN;C100;14,83;118,49
Centro;Toscana;FI;C101;53,19;117,83
Centro;Toscana;AR;C102;2;10,5
Centro;Lazio;LT;C104;11;11
Sud;Campania;AV;C105;1;6
Sud;Campania;BN;C106;1;0
Nord Est;Emilia-Romagna;MO;C107;81,3;518,45
Sud;Calabria;CS;C108;7,5;14,5
Nord Ovest;Liguria;IM;C110;5;0
Nord Est;Veneto;TV;C111;70,9;429,28
Centro;Toscana;PI;C113;18,16;93,76
Sud;Abruzzo;CH;C114;8;10,5
Nord Ovest;Lombardia;CR;C115;1;4
Centro;Lazio;RM;C116;25,52;102,5
Centro;Umbria;TR;C117;9;5,5
Nord Ovest;Lombardia;MN;C118;2,11;137,02
Nord Est;Veneto;VI;C119;5,33;57,33
Sud;Basilicata;PZ;C120;3;1
Nord Est;Emilia-Romagna;BO;C121;9;49,17
Nord Est;Veneto;RO;C122;3;11
Sud;Abruzzo;CH;C123;1;3
Sud;Campania;SA;C125;8,5;38,5
Sud;Abruzzo;AQ;C126;0;2
Nord Ovest;Piemonte;AT;C127;25;52
Sud;Abruzzo;TE;C128;12;21
Sud;Campania;NA;C129;51,87;109,78
Isole;Sicilia;TP;C130;21,75;33,33
Nord Ovest;Piemonte;TO;C133;40,5;105,58
Sud;Puglia;BA;C134;59,5;77,61
Isole;Sicilia;PA;C135;3,13;5
Sud;Puglia;TA;C136;41,75;78,58
Nord Ovest;Piemonte;AL;C137;0;0
Nord Ovest;Lombardia;VA;C139;55;183,87
Nord Est;Emilia-Romagna;RE;C141;33,5;204,5
Nord Ovest;Piemonte;AL;C142;1;0
Nord Ovest;Liguria;IM;C143;6;8
Nord Est;Emilia-Romagna;PC;C145;3;37,42
Centro;Toscana;GR;C147;14,17;9,5
Nord Ovest;Piemonte;AL;C148;7;26,5
Nord Ovest;Piemonte;NO;C149;0;0
Centro;Marche;AN;C152;4,25;5,75
Nord Ovest;Lombardia;CR;C153;13;88,81
Nord Ovest;Piemonte;AT;C154;0;0
Nord Ovest;Piemonte;BI;C155;5;14
Nord Ovest;Piemonte;AL;C156;3;2
Nord Ovest;Lombardia;PV;C157;5;11
Nord Ovest;Piemonte;AL;C158;4;23
Nord Ovest;Piemonte;AL;C160;0;4
Nord Ovest;Piemonte;AT;C161;1;2
Nord Ovest;Piemonte;AL;C162;3;16
Nord Ovest;Piemonte;CN;C165;2;2
Nord Ovest;Piemonte;NO;C166;33,5;124,79
Nord Ovest;Piemonte;CN;C167;2;0
Sud;Abruzzo;TE;C169;0;2
Centro;Toscana;SI;C172;6,75;19,17
Nord Ovest;Piemonte;CN;C173;1;3,8
Centro;Toscana;PI;C174;12,33;13,17
Sud;Molise;CB;C175;2;0
Nord Ovest;Piemonte;CN;C176;7;2
Centro;Lazio;FR;C177;0;1
Sud;Campania;CE;C178;0;0
Nord Ovest;Lombardia;VA;C181;14;14,33
Nord Ovest;Lombardia;PV;C184;0;10
Nord Est;Emilia-Romagna;BO;C185;7;87,2
Nord Ovest;Lombardia;SO;C186;3;2
Nord Ovest;Lombardia;LC;C187;2;37,5
Sud;Campania;NA;C188;10,5;24
Nord Est;Veneto;TV;C190;6;27
Nord Ovest;Lombardia;MN;C195;6;58,5
Sud;Molise;CB;C197;4;6
Sud;Puglia;FG;C198;0;5
Sud;Basilicata;PZ;C199;2;0
Sud;Molise;IS;C200;0;0
Sud;Basilicata;PZ;C201;0;0
Sud;Puglia;FG;C202;2;3
Centro;Lazio;RM;C203;16,88;8,38
Nord Est;Emilia-Romagna;BO;C204;62,11;250,41
Nord Ovest;Piemonte;CN;C205;0;0
Nord Ovest;Lombardia;CO;C206;2;5
Nord Est;Veneto;RO;C207;3,27;49,62
Nord Ovest;Lombardia;BS;C208;9,22;166,88
Sud;Basilicata;PZ;C209;1;0
Isole;Sicilia;ME;C210;4;1
Sud;Campania;CE;C211;0,67;0,67
Nord Ovest;Lombardia;PV;C213;0;4
Nord Ovest;Piemonte;CN;C214;0;0
Nord Est;Veneto;RO;C215;2;18,5
Nord Est;Friuli- Venezia Giulia;PN;C217;1,75;9,33
Nord Est;Emilia-Romagna;RE;C218;22;97,62
Nord Est;Emilia-Romagna;RE;C219;55,64;102,58
Nord Ovest;Lombardia;CO;C220;1;4,5
Sud;Puglia;FG;C222;3,33;0
Centro;Lazio;FR;C223;3;1
Centro;Lazio;RI;C224;2,33;3
Nord Est;Veneto;VR;C225;35,56;220,86
Nord Ovest;Piemonte;AT;C226;2;2
Centro;Toscana;SI;C227;20,3;84,13
Nord Ovest;Lombardia;LO;C228;0;15,72
Nord Ovest;Piemonte;AL;C229;1;3
Nord Ovest;Piemonte;AT;C230;2;4
Sud;Campania;SA;C231;5;11,25
Nord Ovest;Piemonte;AT;C232;9;24
Sud;Campania;SA;C235;0;1
Centro;Toscana;LU;C236;11;18,5
Centro;Lazio;RM;C237;15;43,67
Nord Ovest;Liguria;SP;C240;20,25;33,67
Nord Ovest;Piemonte;TO;C241;1;3
Nord Est;Emilia-Romagna;MO;C242;28,32;212,39
Nord Ovest;Piemonte;AL;C243;11;35,67
Centro;Toscana;PI;C244;17,92;7,67
Sud;Campania;BN;C245;0,25;4
Sud;Molise;IS;C246;1;4
Sud;Molise;IS;C247;0;0
Centro;Marche;AN;C248;3,83;19,06
Sud;Campania;BN;C250;1;1,55
Centro;Marche;MC;C251;9,33;32,67
Centro;Umbria;PG;C252;3;11
Nord Ovest;Piemonte;AT;C253;0;3
Nord Ovest;Lombardia;BG;C255;7;51,33
Sud;Campania;SA;C259;17,17;37,79
Nord Est;Emilia-Romagna;PC;C261;39,5;149
Sud;Campania;SA;C262;5,42;5
Centro;Toscana;AR;C263;13,75;11,5
Nord Est;Emilia-Romagna;BO;C265;76,3;206,08
Centro;Lazio;RM;C266;9;3
Centro;Marche;MC;C267;0,5;0
Centro;Lazio;RI;C268;4,92;13,11
Centro;Lazio;VT;C269;11,5;8,5
Sud;Molise;IS;C270;1;0
Sud;Basilicata;PZ;C271;3;1
Isole;Sardegna;SS;C272;16,59;138,5
Nord Ovest;Lombardia;VA;C273;3;5,5
Nord Ovest;Piemonte;AL;C274;0;4
Isole;Sicilia;AG;C275;17,51;9,08
Nord Ovest;Liguria;SV;C276;3;2,5
Sud;Abruzzo;AQ;C278;6,75;3
Sud;Abruzzo;AQ;C279;2;0,5
Sud;Campania;BN;C280;3;2
Nord Ovest;Valle d'Aosta;AO;C282;15,83;15,5
Sud;Campania;AV;C283;7;2
Sud;Campania;BN;C284;1;0
Sud;Calabria;RC;C285;3;3,17
Isole;Sicilia;TP;C286;42,81;91,18
Nord Est;Emilia-Romagna;MO;C287;26;111,04
Nord Est;Emilia-Romagna;PC;C288;10,36;77,88
Centro;Umbria;TR;C289;14,13;3,5
Nord Ovest;Lombardia;CR;C290;0;2
Sud;Campania;CE;C291;21,79;60
Nord Est;Emilia-Romagna;BO;C292;69,04;299,84
Nord Ovest;Lombardia;BS;C293;15,12;92,89
Nord Ovest;Valle d'Aosta;AO;C294;35;36
Nord Est;Emilia-Romagna;BO;C296;22,5;32,53
Isole;Sicilia;CT;C297;12;2,5
Sud;Abruzzo;CH;C298;0;2
Nord Ovest;Lombardia;VA;C300;32,58;109,71
Sud;Calabria;CS;C301;4;2
Nord Ovest;Liguria;GE;C302;4;6
Centro;Toscana;LU;C303;1;3,67
Nord Ovest;Lombardia;LO;C304;5;39,09
Sud;Campania;SA;C306;3;5
Nord Ovest;Piemonte;TO;C307;35,5;68,03
Sud;Abruzzo;PE;C308;2;0
Centro;Umbria;PG;C309;60,25;147,06
Centro;Toscana;GR;C310;25,88;110,05
Sud;Abruzzo;TE;C311;2;5,5
Nord Ovest;Lombardia;MN;C312;22;227,95
Centro;Toscana;SI;C313;11;16
Nord Ovest;Piemonte;CN;C314;1;1
Centro;Lazio;VT;C315;9,5;7,5
Sud;Abruzzo;TE;C316;7,85;5
Nord Ovest;Piemonte;CN;C317;0;1
Centro;Toscana;AR;C318;3,21;10,5
Centro;Toscana;AR;C319;18,83;66,25
Centro;Marche;AP;C321;2,33;3,5
Sud;Abruzzo;TE;C322;3;4
Nord Ovest;Piemonte;CN;C323;0;1
Nord Ovest;Lombardia;BG;C324;21,1;112,14
Nord Ovest;Lombardia;SO;C325;17,43;8,13
Nord Est;Friuli- Venezia Giulia;UD;C327;13;32
Nord Ovest;Lombardia;LO;C329;3;58
Nord Ovest;Lombardia;BS;C330;3,5;7
Centro;Marche;AP;C331;2,5;16,5
Nord Ovest;Lombardia;BS;C332;16,5;125,5
Sud;Puglia;LE;C334;1;2
Sud;Puglia;LE;C335;3;2,75
Sud;Puglia;LE;C336;10;16,5
Nord Ovest;Lombardia;BG;C337;5;8
Centro;Lazio;FR;C338;2;2
Nord Est;Emilia-Romagna;FO;C339;13,76;50
Centro;Lazio;FR;C340;2;4
Isole;Sicilia;AG;C341;8;1,5
Isole;Sicilia;EN;C342;39,07;91,75
Nord Ovest;Lombardia;VA;C343;10,94;53,94
Isole;Sicilia;PA;C344;6;4
Sud;Basilicata;PZ;C345;4;0,83
Sud;Molise;CB;C346;2,8;1,8
Isole;Sicilia;ME;C347;0;1
Sud;Calabria;CS;C348;0;0
Sud;Calabria;CS;C349;21,83;28
Isole;Sicilia;CT;C351;186,99;1580,65
Sud;Calabria;CZ;C352;142,69;130,84
Isole;Sicilia;EN;C353;3;5
Sud;Abruzzo;PE;C354;4,33;4
Isole;Sicilia;AG;C356;13,39;2
Nord Est;Emilia-Romagna;RN;C357;35,3;209,61
Sud;Campania;BN;C359;2,33;1,33
Nord Ovest;Lombardia;PV;C360;16,14;83,5
Sud;Campania;SA;C361;76,66;106,61
Nord Ovest;Piemonte;BI;C363;16;37
Nord Ovest;Piemonte;NO;C364;0;5
Nord Ovest;Piemonte;NO;C365;3;6
Nord Ovest;Piemonte;TO;C369;7,5;23,5
Nord Est;Veneto;VR;C370;10;86,21
Nord Ovest;Piemonte;CN;C375;0;9
Nord Ovest;Piemonte;CN;C376;10;31,83
Sud;Puglia;LE;C377;10;80,44
Nord Ovest;Piemonte;NO;C378;5;13,5
Nord Ovest;Lombardia;CO;C381;0;0
Nord Ovest;Lombardia;VA;C382;13,5;68
Nord Est;Veneto;VE;C383;8,83;103,86
Nord Est;Veneto;TV;C384;1;20,33
Nord Est;Friuli- Venezia Giulia;PN;C385;0;5
Nord Ovest;Piemonte;AL;C387;3;4
Nord Est;Veneto;VE;C388;177,43;1197,47
Nord Est;Friuli- Venezia Giulia;UD;C389;1;4
Centro;Lazio;RM;C390;13,17;39,5
Nord Ovest;Lombardia;LO;C394;7;37,77
Nord Ovest;Lombardia;MI;C395;50,53;129,82
Nord Ovest;Lombardia;BG;C396;5,5;43,2
Nord Est;Emilia-Romagna;MO;C398;9;70,75
Nord Ovest;Piemonte;TO;C404;10;40,15
Nord Est;Emilia-Romagna;RE;C405;20,67;79,11
Nord Ovest;Lombardia;MN;C406;1;17
Centro;Toscana;AR;C407;15;76,42
Nord Ovest;Lombardia;BS;C408;8;59,17
Nord Ovest;Lombardia;VA;C409;3;3
Nord Ovest;Lombardia;BG;C410;1;9
Nord Est;Veneto;VR;C412;2;21
Centro;Lazio;FR;C413;16;25,67
Nord Ovest;Lombardia;PV;C414;2;1
Centro;Toscana;LI;C415;110,12;249,81
Nord Ovest;Lombardia;BS;C417;2,17;5,5
Nord Ovest;Lombardia;SO;C418;1;0,5
Isole;Sicilia;PA;C420;2;1
Isole;Sicilia;PA;C421;33,33;22,71
Nord Est;Veneto;VE;C422;15,67;70,06
Sud;Puglia;BR;C424;35,05;78,53
Sud;Abruzzo;AQ;C426;5,5;19,7
Sud;Abruzzo;CH;C428;0;1
Sud;Puglia;FG;C429;2,83;0
Sud;Calabria;CS;C430;3,5;0
Nord Ovest;Piemonte;AL;C432;0;1
Nord Ovest;Lombardia;CR;C435;0;10,34
Sud;Puglia;BA;C436;4;29,2
Sud;Calabria;CS;C437;2;1
Nord Ovest;Piemonte;AT;C438;0;5
Nord Ovest;Lombardia;BS;C439;10,26;42,26
Nord Ovest;Piemonte;AT;C440;2;1
Nord Ovest;Piemonte;CN;C441;0,67;0,67
Sud;Puglia;FG;C442;0;1
Nord Ovest;Liguria;SV;C443;30,93;35,75
Sud;Campania;SA;C444;1,17;1
Centro;Lazio;VT;C446;1,83;5,17
Centro;Lazio;VT;C447;3;1
Sud;Puglia;BR;C448;1;15
Sud;Abruzzo;TE;C449;4,9;4
Sud;Calabria;CZ;C453;0,25;0
Nord Ovest;Lombardia;BG;C456;8,5;25
Nord Ovest;Lombardia;BG;C457;10,8;39,18
Nord Est;Veneto;BL;C458;0,5;11,33
Nord Ovest;Lombardia;BG;C459;6,4;44,33
Nord Est;Veneto;RO;C461;0;13
Nord Ovest;Liguria;SV;C463;18,42;40,67
Nord Ovest;Piemonte;CN;C466;28,66;55,03
Nord Est;Emilia-Romagna;FE;C469;77,86;443,68
Sud;Campania;SA;C470;6;3
Isole;Sicilia;EN;C471;12,36;12,92
Sud;Calabria;CZ;C472;0;0
Sud;Abruzzo;PE;C474;13;54
Sud;Campania;BN;C476;1;0
Nord Ovest;Piemonte;VB;C478;2;4
Centro;Lazio;FR;C479;4;13,05
Isole;Sicilia;EN;C480;6,09;1,5
Nord Ovest;Liguria;GE;C481;12,75;11
Nord Ovest;Lombardia;CO;C482;2;1
Nord Ovest;Piemonte;NO;C483;27,25;86,92
Nord Ovest;Lombardia;PV;C484;2;52
Sud;Campania;SA;C485;3;0
Sud;Molise;CB;C486;2;3
Nord Ovest;Piemonte;TO;C487;4,5;10
Sud;Molise;CB;C488;3;3
Sud;Calabria;CS;C489;5,33;0
Sud;Abruzzo;AQ;C492;3;2
Nord Ovest;Lombardia;SO;C493;6;3,5
Nord Est;Friuli- Venezia Giulia;UD;C494;0;1
Sud;Campania;NA;C495;18,32;47,55
Isole;Sicilia;PA;C496;4;3
Nord Ovest;Piemonte;TO;C497;9;12,67
Nord Est;Veneto;VR;C498;35;194,11
Nord Est;Veneto;RO;C500;5,5;20,2
Sud;Calabria;KR;C501;1;0
Nord Ovest;Lombardia;MN;C502;2;16,8
Nord Ovest;Piemonte;AL;C503;2;6
Nord Ovest;Piemonte;CN;C504;4;11
Nord Ovest;Piemonte;TO;C505;3,5;3
Nord Ovest;Lombardia;BG;C506;5,5;45,17
Nord Ovest;Piemonte;AL;C507;0;0
Nord Ovest;Lombardia;PV;C508;0;2
Nord Ovest;Lombardia;PV;C509;1;0
Nord Ovest;Liguria;SV;C510;60,3;182,46
Nord Ovest;Liguria;IM;C511;32,5;1
Nord Ovest;Lombardia;MI;C512;26;65,25
Nord Est;Emilia-Romagna;PC;C513;1;1
Sud;Puglia;FG;C514;61,76;198,03
Sud;Calabria;CS;C515;2;0
Nord Ovest;Lombardia;CO;C516;20,36;107,39
Sud;Abruzzo;TE;C517;9;6
Centro;Lazio;RM;C518;3;1
Nord Ovest;Lombardia;CO;C520;37,18;66,13
Nord Ovest;Lombardia;LC;C521;11,25;58,78
Nord Ovest;Lombardia;MI;C523;224,87;581,22
Centro;Marche;AN;C524;6,33;23,84
Sud;Campania;BN;C525;3;2,17
Centro;Umbria;PG;C527;8,5;2
Nord Ovest;Piemonte;AT;C528;0;0
Centro;Toscana;FI;C529;11,25;66,42
Nord Ovest;Piemonte;CN;C530;0;0
Nord Ovest;Piemonte;AL;C531;4;8,66
Nord Ovest;Piemonte;BI;C532;12;31,5
Nord Ovest;Piemonte;AT;C533;0;1
Sud;Molise;IS;C534;0;2
Nord Ovest;Lombardia;MI;C536;41;149,7
Nord Ovest;Lombardia;MI;C537;91,17;234,5
Nord Est;Veneto;VR;C538;11,5;34,56
Sud;Basilicata;PZ;C539;0;0
Centro;Toscana;FI;C540;76,54;99,5
Nord Ovest;Lombardia;PV;C541;14;130,17
Sud;Calabria;CZ;C542;0,11;1
Centro;Lazio;RM;C543;12;27,5
Nord Est;Veneto;PD;C544;5;33,17
Centro;Lazio;FR;C545;6,91;6,91
Nord Ovest;Piemonte;CN;C547;5;44
Nord Ovest;Piemonte;VC;C548;0;1
Nord Ovest;Lombardia;BS;C549;6;2
Nord Ovest;Piemonte;CN;C550;8;21
Nord Ovest;Lombardia;PV;C551;0;10
Centro;Lazio;RM;C552;84,92;262,1
Nord Est;Emilia-Romagna;RA;C553;87,84;690,19
Sud;Calabria;CS;C554;2;1
Nord Ovest;Lombardia;LO;C555;24;59
Sud;Campania;AV;C557;9;2
Sud;Campania;CE;C558;1;1
Nord Ovest;Liguria;IM;C559;18,17;33
Sud;Calabria;CS;C560;1;0
Sud;Campania;CE;C561;6,5;46
Nord Ovest;Lombardia;LC;C563;6,9;19
Nord Ovest;Piemonte;TO;C564;52,22;117,63
Nord Ovest;Lombardia;MI;C565;76,83;163,22
Nord Ovest;Lombardia;MI;C566;200,95;473,11
Nord Ovest;Piemonte;VB;C567;5;4
Isole;Sicilia;ME;C568;1,5;5,97
Nord Ovest;Lombardia;MI;C569;58,32;173,3
Nord Est;Emilia-Romagna;FO;C573;164,72;826,3
Nord Est;Emilia-Romagna;FO;C574;54,82;272,16
Sud;Campania;AV;C576;3;12
Nord Est;Veneto;BL;C577;8;19,5
Nord Ovest;Liguria;IM;C578;2;2
Nord Est;Veneto;TV;C580;2;47,73
Sud;Calabria;VV;C581;1;0
Centro;Marche;MC;C582;1;0,53
Nord Ovest;Piemonte;AT;C583;0;0
Sud;Campania;SA;C584;0;0
Nord Ovest;Lombardia;BS;C585;3,13;2,67
Centro;Toscana;SI;C587;17,5;24
Sud;Calabria;CS;C588;9,17;6
Nord Ovest;Piemonte;CN;C589;24;50,25
Nord Ovest;Lombardia;BS;C591;3,85;3,66
Nord Ovest;Valle d'Aosta;AO;C593;6;18,17
Nord Ovest;Valle d'Aosta;AO;C594;6;4
Nord Ovest;Valle d'Aosta;AO;C595;4;0
Nord Ovest;Valle d'Aosta;AO;C596;9;0
Nord Ovest;Valle d'Aosta;AO;C598;10,04;19,5
Nord Ovest;Piemonte;CN;C599;36;80,07
Isole;Sardegna;SS;C600;0;0
Nord Ovest;Piemonte;TO;C604;3;9
Nord Est;Veneto;VI;C605;18,79;87,06
Sud;Campania;AV;C606;0;1
Centro;Toscana;SI;C608;22,58;77,74
Centro;Toscana;PI;C609;12,08;7,5
Nord Ovest;Piemonte;TO;C610;3;3
Isole;Sicilia;RG;C612;15,17;20,25
Isole;Sardegna;SS;C613;0;0,5
Nord Est;Veneto;TV;C614;0,6;27
Centro;Marche;AN;C615;58;116,83
Sud;Calabria;CZ;C616;3;1
Nord Ovest;Lombardia;BS;C618;56,12;219,56
Sud;Basilicata;PZ;C619;9;2
Sud;Molise;IS;C620;2;1,66
Nord Ovest;Liguria;GE;C621;148,94;313,38
Nord Ovest;Lombardia;SO;C623;51,75;64,86
Nord Ovest;Piemonte;TO;C624;9;16
Nord Ovest;Piemonte;TO;C627;153,97;405,67
Nord Ovest;Lombardia;SO;C628;71,42;57,69
Nord Ovest;Piemonte;TO;C629;0;0
Nord Est;Veneto;BL;C630;5;1
Centro;Toscana;PT;C631;3;22,5
Sud;Abruzzo;CH;C632;135,15;373,51
Sud;Puglia;FG;C633;4;2,33
Nord Ovest;Lombardia;CR;C634;2;21,6
Nord Ovest;Lombardia;BG;C635;4,33;26,5
Nord Ovest;Lombardia;PV;C637;18,5;42,84
Nord Est;Veneto;VE;C638;195,19;622,47
Nord Ovest;Piemonte;TO;C639;13,22;15,22
Nord Est;Friuli- Venezia Giulia;PN;C640;6;40,33
Centro;Toscana;AR;C648;0;2
Nord Ovest;Lombardia;BG;C649;12,08;65,23
Nord Est;Veneto;VI;C650;4;5
Nord Ovest;Lombardia;SO;C651;9;1
Nord Ovest;Piemonte;CN;C653;14,33;32,04
Isole;Sicilia;PA;C654;12;6
Nord Ovest;Piemonte;TO;C655;8;12,38
Nord Est;Friuli- Venezia Giulia;UD;C656;1;24
Nord Ovest;Liguria;IM;C657;8;0
Nord Ovest;Piemonte;AT;C658;0;0
Sud;Campania;AV;C659;2,65;7,25
Nord Ovest;Liguria;IM;C660;5;2
Centro;Toscana;SI;C661;19,99;6,5
Centro;Toscana;SI;C662;23,66;46,85
Centro;Toscana;AR;C663;3;7,5
Nord Ovest;Piemonte;TO;C665;89,06;260,81
Isole;Sicilia;AG;C668;12;7,91
Nord Est;Emilia-Romagna;RE;C669;9;21
Nord Est;Veneto;TV;C670;4;28,5
Nord Est;Veneto;BL;C672;1;10,87
Nord Ovest;Liguria;GE;C673;15,5;11,5
Sud;Calabria;CZ;C674;3;1
Sud;Campania;NA;C675;10,55;41,42
Sud;Campania;SA;C676;2;2
Centro;Lazio;RM;C677;5,67;6,67
Nord Ovest;Lombardia;CR;C678;0;7,56
Nord Ovest;Piemonte;TO;C679;1;1
Nord Ovest;Piemonte;VC;C680;10;43,7
Nord Ovest;Piemonte;CN;C681;3;0
Nord Ovest;Lombardia;PV;C684;6;6
Nord Ovest;Lombardia;BS;C685;2;7
Nord Ovest;Lombardia;PV;C686;14,25;66,18
Nord Est;Veneto;TV;C689;6;25,16
Nord Ovest;Lombardia;BS;C691;0;2
Sud;Calabria;RC;C695;0;0
Isole;Sicilia;PA;C696;1;1,33
Sud;Campania;NA;C697;13,29;17
Nord Ovest;Lombardia;BS;C698;1;3,17
Nord Est;Friuli- Venezia Giulia;PN;C699;1;2
Nord Ovest;Piemonte;AT;C701;0;1
Centro;Lazio;RM;C702;2;2
Nord Ovest;Lombardia;CR;C703;1;8,5
Centro;Marche;MC;C704;19,5;31
Centro;Toscana;GR;C705;20,75;13
Nord Ovest;Lombardia;MI;C707;265,06;565,47
Isole;Sicilia;PA;C708;9;18,5
Nord Ovest;Lombardia;SO;C709;3;1
Sud;Calabria;RC;C710;8;9
Nord Ovest;Piemonte;TO;C711;0;3,5
Nord Est;Veneto;PD;C713;4;12,5
Nord Est;Veneto;VE;C714;4,7;21,5
Nord Ovest;Piemonte;TO;C715;6;5
Sud;Campania;CE;C716;1;0
Nord Ovest;Liguria;IM;C718;16,11;20
Sud;Campania;BN;C719;5,5;0
Nord Ovest;Piemonte;TO;C722;106,02;222,2
Sud;Basilicata;MT;C723;0;1
Nord Ovest;Lombardia;CO;C724;9,59;20,16
Sud;Calabria;KR;C725;2;1
Sud;Calabria;KR;C726;14,5;4
Nord Ovest;Lombardia;BG;C728;14,5;58,26
Nord Ovest;Liguria;SV;C729;3;5
Nord Ovest;Lombardia;BG;C730;22,33;74,31
Nord Ovest;Lombardia;VA;C732;43,5;136,74
Nord Ovest;Lombardia;MI;C733;20;100,63
Nord Est;Veneto;TV;C735;6,25;14,8
Nord Ovest;Piemonte;CN;C738;0;1
Nord Ovest;Piemonte;AT;C739;0,67;4
Centro;Lazio;LT;C740;60;144,33
Sud;Puglia;BR;C741;25,34;38,83
Centro;Umbria;PG;C742;4,56;6,5
Nord Est;Veneto;PD;C743;16,21;139,22
Centro;Umbria;PG;C744;29;66,5
Centro;Umbria;PG;C745;84,34;233
Centro;Lazio;RI;C746;7,03;16
Sud;Calabria;RC;C747;11;3
Centro;Lazio;RI;C749;1;0
Sud;Abruzzo;PE;C750;29,5;144,49
Nord Ovest;Lombardia;VA;C751;11;37,75
Nord Ovest;Lombardia;LC;C752;3;14,75
Nord Ovest;Liguria;IM;C755;4,5;7
Nord Ovest;Piemonte;VC;C757;2;2
Nord Est;Friuli- Venezia Giulia;UD;C758;26,83;114,84
Nord Ovest;Lombardia;BG;C759;7;26,84
Nord Ovest;Lombardia;BS;C760;9;12,5
Sud;Calabria;CS;C763;2,17;0
Sud;Molise;CB;C764;4;1
Centro;Lazio;VT;C765;31,42;63
Sud;Abruzzo;AQ;C766;3;1
Centro;Lazio;RM;C767;25;46,5
Sud;Abruzzo;CH;C768;0;1
Sud;Molise;IS;C769;1;1
Centro;Marche;MC;C770;84,02;275,5
Sud;Abruzzo;PE;C771;0;2
Sud;Molise;CB;C772;1;0
Centro;Lazio;RM;C773;104,19;242,65
Centro;Toscana;AR;C774;26;43,92
Sud;Abruzzo;CH;C776;1;0,5
Nord Est;Emilia-Romagna;FO;C777;7;13,5
Sud;Abruzzo;AQ;C778;1;2
Sud;Abruzzo;PE;C779;0,5;0
Centro;Lazio;VT;C780;4;3,5
Sud;Abruzzo;TE;C781;10,17;9,66
Centro;Toscana;GR;C782;14,99;29,5
Sud;Abruzzo;AQ;C783;1;7
Centro;Lazio;RM;C784;12;14
Nord Ovest;Lombardia;SO;C785;26,5;11,68
Nord Ovest;Lombardia;CO;C787;4;2
Nord Ovest;Lombardia;BG;C789;1;1,5
Nord Est;Friuli- Venezia Giulia;PN;C790;2,13;4
Nord Est;Friuli- Venezia Giulia;PN;C791;3,33;1,5
Nord Ovest;Piemonte;CN;C792;7;3
Nord Ovest;Piemonte;TO;C793;5;30
Sud;Calabria;CS;C795;2;1
Nord Ovest;Lombardia;VA;C796;5,5;17,67
Nord Ovest;Lombardia;BG;C800;27,9;165,29
Nord Ovest;Piemonte;TO;C801;3,5;20,5
Nord Ovest;Piemonte;TO;C803;20,5;50,24
Nord Ovest;Piemonte;AT;C804;0;0
Nord Ovest;Lombardia;BS;C806;39,33;111,29
Nord Ovest;Piemonte;AT;C807;1,67;8
Nord Ovest;Lombardia;VA;C810;7;30
Sud;Abruzzo;AQ;C811;0;0
Nord Est;Veneto;PD;C812;2;44,87
Nord Ovest;Lombardia;PV;C813;7;13
Nord Est;Emilia-Romagna;FE;C814;23;80,5
Nord Est;Veneto;TV;C815;1,5;24,42
Nord Ovest;Lombardia;LO;C816;72,17;179,17
Nord Est;Friuli- Venezia Giulia;UD;C817;33,5;129,22
Isole;Sardegna;SS;C818;2;4
Nord Ovest;Piemonte;BI;C819;5;14,5
Nord Ovest;Lombardia;MI;C820;36,99;92,57
Nord Ovest;Valle d'Aosta;AO;C821;46,32;30
Nord Ovest;Liguria;GE;C823;46,09;107,54
Nord Est;Veneto;VI;C824;7;18
Nord Ovest;Liguria;GE;C826;32,5;44,5
Nord Ovest;Piemonte;NO;C829;3;9
Nord Ovest;Lombardia;BG;C835;6,78;21,63
Centro;Lazio;FR;C836;1;3
Nord Est;Emilia-Romagna;PC;C838;11;14,17
Nord Ovest;Lombardia;LC;C839;40,44;148,43
Centro;Lazio;RI;C841;2;1
Sud;Abruzzo;AQ;C844;0;0
Centro;Umbria;PG;C845;2;9,33
Sud;Campania;BN;C846;0;0
Centro;Toscana;SI;C847;40,3;199,05
Nord Est;Veneto;TV;C848;6;53,93
Nord Ovest;Lombardia;BS;C850;17,5;57,15
Nord Ovest;Lombardia;LC;C851;3;12
Nord Est;Emilia-Romagna;PR;C852;96,5;218,49
Sud;Abruzzo;PE;C853;9;14,72
Sud;Molise;CB;C854;1,66;2,33
Sud;Abruzzo;CH;C855;0;1
Sud;Abruzzo;CH;C856;1;1
Centro;Lazio;RI;C857;4,5;2
Centro;Lazio;RM;C858;52,67;170,28
Centro;Lazio;RI;C859;3,25;0
Nord Ovest;Piemonte;TO;C860;281,24;537,05
Sud;Abruzzo;AQ;C862;1;2
Centro;Lazio;FR;C864;3;0
Sud;Puglia;LE;C865;3,67;3
Sud;Abruzzo;AQ;C866;0;0
Nord Ovest;Piemonte;TO;C867;3;2
Nord Ovest;Piemonte;TO;C868;6;7
Centro;Toscana;LI;C869;56,67;145,34
Centro;Lazio;FR;C870;1;1
Isole;Sicilia;PA;C871;9;1
Sud;Molise;CB;C875;3;2
Centro;Lazio;RI;C876;3,99;3,83
Centro;Marche;AP;C877;1;19
Sud;Molise;IS;C878;2,75;1,5
Sud;Campania;SA;C879;6;1
Centro;Lazio;RI;C880;4;0
Isole;Sardegna;CA;C882;0;0
Nord Ovest;Lombardia;BS;C883;6,17;19,07
Nord Ovest;Piemonte;VC;C884;0;0
Nord Est;Friuli- Venezia Giulia;UD;C885;3;16
Centro;Marche;MC;C886;4,5;6
Sud;Basilicata;MT;C888;5;0
Nord Est;Veneto;VR;C890;13,33;67,18
Nord Ovest;Lombardia;BS;C893;10,63;150,5
Nord Ovest;Lombardia;BG;C894;47,67;133,84
Nord Ovest;Lombardia;MI;C895;177,72;505,53
Nord Est;Veneto;VR;C897;16;106,41
Centro;Lazio;RM;C900;5;17,42
Sud;Abruzzo;TE;C901;8;26,5
Nord Ovest;Lombardia;CO;C902;3;7
Nord Ovest;Lombardia;SO;C903;5,66;10,66
Nord Est;Emilia-Romagna;PR;C904;8,9;100,87
Sud;Calabria;CS;C905;0;1
Nord Ovest;Lombardia;MI;C908;8;37,5
Nord Ovest;Lombardia;BG;C910;5,56;11,89
Nord Ovest;Lombardia;VA;C911;0,29;11
Nord Est;Emilia-Romagna;FE;C912;87,48;263,75
Centro;Toscana;MS;C914;9;4
Nord Ovest;Lombardia;LO;C917;5,25;61
Nord Est;Friuli- Venezia Giulia;UD;C918;4;6
Nord Est;Veneto;BL;C919;5,47;15,95
Nord Est;Veneto;BL;C920;27,3;13
Nord Ovest;Lombardia;VA;C922;9,46;31,5
Nord Ovest;Lombardia;BS;C925;0;39,5
Nord Ovest;Piemonte;NO;C926;0;9
Isole;Sicilia;RG;C927;13,75;71,63
Isole;Sicilia;AG;C928;3;1
Sud;Campania;NA;C929;1;1
Nord Ovest;Lombardia;MN;C930;0;2
Nord Ovest;Lombardia;CO;C933;470,98;1205,93
Nord Est;Emilia-Romagna;PR;C934;2;4,5
Centro;Marche;AP;C935;3;5
Nord Ovest;Lombardia;CO;C936;13;23
Nord Ovest;Lombardia;BG;C937;8,94;104,89
Nord Est;Veneto;VE;C938;5;42,83
Sud;Campania;CE;C939;1;2
Sud;Campania;SA;C940;2;1
Sud;Molise;IS;C941;0;0
Nord Est;Veneto;VR;C943;1;7
Centro;Lazio;RI;C946;1;3
Nord Ovest;Lombardia;BS;C948;30;164,34
Nord Est;Veneto;VE;C950;10,83;81,97
Nord Est;Emilia-Romagna;MO;C951;19,5;71,83
Nord Ovest;Lombardia;MI;C952;67,39;197,94
Sud;Calabria;RC;C954;2,24;6
Nord Ovest;Piemonte;TO;C955;27,5;48,01
Isole;Sicilia;ME;C956;2;1
Nord Est;Veneto;TV;C957;145,85;515,2
Nord Ovest;Lombardia;PV;C958;6;16,34
Centro;Lazio;RI;C959;4,25;11
Sud;Calabria;CZ;C960;3;0
Nord Ovest;Piemonte;AL;C962;1;4,5
Nord Est;Emilia-Romagna;RA;C963;12,7;81,62
Nord Est;Veneto;PD;C964;8,61;102,93
Isole;Sicilia;PA;C968;2,11;9,02
Centro;Lazio;RI;C969;7,78;14,23
Sud;Campania;AV;C971;5;3
Sud;Abruzzo;TE;C972;7;12
Sud;Campania;SA;C973;2;0
Sud;Campania;SA;C974;2;4
Sud;Puglia;BA;C975;45,11;106,41
Sud;Campania;AV;C976;8;12,83
Nord Ovest;Piemonte;AL;C977;1,8;4,8
Sud;Puglia;LE;C978;9;51,54
Nord Ovest;Lombardia;PV;C979;6;43,48
Nord Est;Emilia-Romagna;FE;C980;34,17;164,01
Nord Ovest;Lombardia;PV;C982;0;2
Sud;Puglia;BA;C983;169,81;145,82
Sud;Campania;SA;C984;2,33;22
Nord Ovest;Lombardia;MI;C986;76;264,92
Nord Est;Veneto;RO;C987;2;15,2
Centro;Lazio;VT;C988;6,75;6
Centro;Umbria;PG;C990;49,66;213,55
Nord Est;Friuli- Venezia Giulia;PN;C991;31,86;145,16
Nord Est;Veneto;TV;C992;16;46,84
Nord Est;Friuli- Venezia Giulia;PN;C993;6;23
Nord Ovest;Liguria;GE;C995;0,5;1
Centro;Toscana;LU;C996;11,83;11
Centro;Lazio;FR;C998;0;0
Sud;Abruzzo;AQ;C999;1;3
Centro;Lazio;LT;D003;18;9,17
Nord Est;Emilia-Romagna;RN;D004;4,73;86,22
Sud;Puglia;LE;D006;6,5;14,84
Centro;Marche;AN;D007;7,85;23
Nord Ovest;Piemonte;TO;D008;19,6;38,1
Isole;Sicilia;PA;D009;16,5;12,66
Sud;Basilicata;PZ;D010;12;3
Sud;Campania;SA;D011;0;1
Nord Ovest;Valle d'Aosta;AO;D012;75,88;175,36
Nord Ovest;Lombardia;MI;D013;94,33;260,67
Nord Ovest;Lombardia;BG;D015;3;7,28
Nord Ovest;Lombardia;BG;D016;1;16,11
Nord Ovest;Lombardia;MI;D018;108,37;236,89
Nord Ovest;Lombardia;MI;D019;72,42;229,65
Nord Est;Veneto;VI;D020;10,58;79,59
Nord Ovest;Lombardia;LO;D021;2;36,25
Nord Ovest;Piemonte;CN;D022;7;13
Centro;Lazio;VT;D024;47,55;55,69
Nord Est;Emilia-Romagna;PR;D026;6,33;11,43
Nord Est;Friuli- Venezia Giulia;UD;D027;4;20
Nord Ovest;Lombardia;LO;D028;0,42;12
Nord Ovest;Lombardia;LO;D029;0;4
Nord Est;Veneto;TV;D030;11,5;48,11
Nord Ovest;Lombardia;MI;D033;0;1,5
Nord Est;Emilia-Romagna;RE;D037;81,5;293,63
Nord Ovest;Lombardia;MI;D038;11,5;52,01
Nord Est;Veneto;PD;D040;2,5;39,24
Nord Ovest;Lombardia;CO;D041;2,33;3
Centro;Marche;MC;D042;26,42;79,34
Sud;Abruzzo;TE;D043;6,5;34
Sud;Puglia;LE;D044;4;3
Nord Ovest;Lombardia;MI;D045;136,06;241,84
Nord Ovest;Piemonte;AT;D046;1;3
Sud;Calabria;CZ;D049;1;3
Nord Ovest;Piemonte;AT;D050;0;3
Nord Ovest;Piemonte;AT;D051;0;0
Nord Ovest;Piemonte;AT;D052;0;4
Nord Est;Emilia-Romagna;PC;D054;6,69;7,5
Nord Ovest;Lombardia;CR;D056;0;7
Nord Ovest;Lombardia;CR;D057;0;8,42
Nord Ovest;Lombardia;BS;D058;10,33;71,91
Nord Est;Emilia-Romagna;PC;D061;6;40,6
Nord Ovest;Piemonte;CN;D062;16;18
Nord Ovest;Lombardia;BS;D064;35,1;129,48
Nord Ovest;Lombardia;LC;D065;2;3
Nord Ovest;Lombardia;BG;D066;6,24;23
Nord Ovest;Lombardia;LO;D068;0;10
Nord Ovest;Piemonte;AT;D072;1;2
Sud;Abruzzo;TE;D076;0;2
Centro;Toscana;AR;D077;46,15;129,5
Sud;Abruzzo;PE;D078;0;0
Nord Ovest;Lombardia;PV;D081;6;14
Nord Ovest;Lombardia;BS;D082;0;15
Nord Est;Friuli- Venezia Giulia;UD;D085;5;9,5
Sud;Calabria;CS;D086;108,98;233,57
Nord Ovest;Liguria;IM;D087;4,5;0
Nord Ovest;Lombardia;SO;D088;19,9;33,09
Sud;Calabria;RC;D089;0;0,25
Nord Ovest;Piemonte;TO;D092;7;10
Nord Ovest;Piemonte;CN;D093;2;1
Nord Ovest;Piemonte;BI;D094;47,51;171,02
Nord Ovest;Liguria;SV;D095;4;4,5
Centro;Marche;AP;D096;0;3
Nord Ovest;Piemonte;VB;D099;6;4
Isole;Sardegna;SS;D100;2;3,75
Nord Ovest;Piemonte;AT;D101;0;3
Nord Ovest;Piemonte;AL;D102;0;0
Nord Ovest;Lombardia;BG;D103;1,5;12,01
Nord Est;Veneto;RO;D105;2;22,88
Nord Est;Veneto;VI;D107;16,07;130,08
Centro;Umbria;PG;D108;7;4,07
Nord Ovest;Lombardia;PV;D109;3;3
Nord Ovest;Lombardia;BG;D110;9,41;44,83
Nord Ovest;Lombardia;BG;D111;5;40,33
Nord Ovest;Lombardia;LC;D112;15,55;45
Nord Ovest;Piemonte;VC;D113;2;9
Nord Ovest;Liguria;IM;D114;9,5;25
Nord Ovest;Lombardia;BG;D117;26,94;93,15
Nord Est;Veneto;VR;D118;13;85,38
Nord Ovest;Piemonte;AT;D119;15,24;31,75
Nord Ovest;Piemonte;CN;D120;12,88;21
Nord Est;Emilia-Romagna;RA;D121;10;61
Sud;Calabria;KR;D122;45,21;92,36
Sud;Calabria;KR;D123;14,5;6
Centro;Lazio;RI;D124;2,6;2
Nord Ovest;Lombardia;BG;D126;2;41,25
Nord Ovest;Lombardia;PV;D127;1;2
Sud;Basilicata;MT;D128;0;0
Nord Ovest;Lombardia;LC;D131;3;3
Nord Ovest;Piemonte;VC;D132;11;1
Nord Ovest;Piemonte;CN;D133;0;3
Nord Ovest;Piemonte;VB;D134;5,25;13
Nord Est;Veneto;VI;D136;11,13;120,35
Sud;Abruzzo;CH;D137;3;7
Nord Ovest;Lombardia;BG;D139;8;45
Nord Ovest;Lombardia;CR;D141;2;13
Nord Ovest;Lombardia;CR;D142;130,33;450,52
Nord Ovest;Lombardia;LC;D143;4;8
Nord Ovest;Lombardia;VA;D144;2;9
Nord Ovest;Lombardia;LC;D145;16,33;55,97
Nord Ovest;Lombardia;CO;D147;3,5;1,25
Nord Ovest;Piemonte;AL;D149;1;9,5
Nord Ovest;Lombardia;CR;D150;314,27;840,07
Nord Ovest;Lombardia;CR;D151;0;28,5
Nord Ovest;Piemonte;VC;D154;21;114,17
Nord Est;Veneto;VI;D156;7;9
Nord Ovest;Lombardia;LO;D159;5;40,5
Nord Est;Veneto;RO;D161;3;14
Nord Ovest;Piemonte;NO;D162;4;16
Nord Ovest;Piemonte;BI;D165;4;13,5
Nord Est;Emilia-Romagna;BO;D166;33;170,59
Nord Ovest;Piemonte;VB;D168;26;32,83
Sud;Campania;NA;D170;4,17;33
Sud;Puglia;TA;D171;24,39;25,5
Nord Ovest;Piemonte;CN;D172;2;6,21
Nord Ovest;Liguria;GE;D175;5;3
Nord Ovest;Piemonte;VB;D177;7,33;22,67
Sud;Abruzzo;TE;D179;14,06;3
Sud;Calabria;CS;D180;3;0
Sud;Calabria;CZ;D181;5;6
Sud;Calabria;CS;D184;9,2;6
Nord Ovest;Lombardia;VA;D185;0;4,44
Nord Ovest;Lombardia;CR;D186;0;7
Nord Ovest;Piemonte;VC;D187;0;2
Sud;Calabria;KR;D189;7;4
Nord Ovest;Lombardia;VA;D192;12,25;38,24
Nord Est;Veneto;VR;D193;2;61,5
Sud;Campania;SA;D195;0;1
Nord Ovest;Lombardia;CO;D196;11,5;23,5
Nord Ovest;Piemonte;TO;D197;1;6
Nord Ovest;Lombardia;MI;D198;32,17;85,41
Nord Ovest;Lombardia;VA;D199;10,19;25,14
Isole;Sardegna;OR;D200;2,66;2,5
Sud;Abruzzo;PE;D201;1;0
Nord Ovest;Piemonte;TO;D202;26;61,33
Nord Ovest;Lombardia;CR;D203;1;6
Nord Ovest;Lombardia;VA;D204;13,77;28,77
Nord Ovest;Piemonte;CN;D205;450,29;541,45
Nord Ovest;Piemonte;AT;D207;1;1,5
Nord Ovest;Piemonte;TO;D208;48,06;75,36
Sud;Abruzzo;CH;D209;3;14
Centro;Marche;AP;D210;19,53;37,75
Centro;Marche;AN;D211;14;16,5
Isole;Sardegna;OR;D214;1;1
Nord Ovest;Piemonte;NO;D216;1;20,5
Nord Ovest;Lombardia;VA;D217;5;0
Sud;Calabria;CZ;D218;5;2
Nord Ovest;Piemonte;BI;D219;5;4
Nord Ovest;Lombardia;BG;D221;25,66;124,4
Sud;Puglia;LE;D223;3;2,83
Nord Est;Veneto;PD;D226;5,04;74,25
Nord Ovest;Lombardia;MN;D227;18,75;172,49
Sud;Campania;CE;D228;5,92;30,5
Nord Ovest;Lombardia;MI;D229;42,75;97,04
Sud;Campania;BN;D230;9,08;8
Nord Ovest;Lombardia;MI;D231;110,36;245,04
Nord Ovest;Lombardia;CO;D232;1;0
Nord Ovest;Lombardia;BG;D233;2;3
Isole;Sicilia;TP;D234;3,42;6,67
Sud;Calabria;KR;D236;8,25;3
Sud;Puglia;LE;D237;6,39;9,25
Nord Ovest;Lombardia;VA;D238;5;22,33
Nord Ovest;Lombardia;VA;D239;8,75;22,94
Nord Ovest;Lombardia;MI;D244;6;66,49
Nord Ovest;Lombardia;BG;D245;71,83;364,08
Nord Est;Veneto;BL;D247;0;8,83
Nord Ovest;Lombardia;BS;D251;56,04;174,44
Sud;Calabria;VV;D253;1;0
Nord Ovest;Liguria;GE;D255;9;5
Nord Ovest;Lombardia;VA;D256;5;21,67
Sud;Calabria;CZ;D257;6,67;7
Nord Ovest;Lombardia;SO;D258;2,5;8,83
Isole;Sardegna;CA;D259;22;77,5
Isole;Sardegna;CA;D260;0;3
Sud;Calabria;CZ;D261;5,5;3
Nord Ovest;Liguria;SV;D264;7,25;12,5
Nord Ovest;Liguria;SP;D265;5;37,8
Nord Ovest;Lombardia;SO;D266;8,89;17,79
Isole;Sicilia;CL;D267;10,84;13,17
Sud;Calabria;RC;D268;0,67;0,67
Sud;Puglia;FG;D269;2,5;8
Nord Ovest;Lombardia;BS;D270;3;58
Nord Ovest;Piemonte;CN;D271;15;15,5
Nord Ovest;Piemonte;AL;D272;1,5;1
Nord Ovest;Piemonte;AL;D277;3,98;1
Nord Ovest;Lombardia;CR;D278;0;3
Centro;Umbria;PG;D279;58,33;98
Nord Ovest;Lombardia;LC;D280;7,73;30,56
Nord Ovest;Piemonte;VC;D281;1;9,38
Nord Ovest;Lombardia;BS;D284;100,43;783,47
Nord Ovest;Lombardia;MI;D286;208,48;475,18
Isole;Sardegna;NU;D287;2;0
Sud;Calabria;CS;D289;19,39;17,01
Sud;Calabria;CS;D290;0;0
Nord Ovest;Piemonte;CN;D291;11;40
Sud;Campania;SA;D292;4,83;10,25
Nord Ovest;Liguria;IM;D293;1,5;16
Nord Ovest;Liguria;IM;D296;23,5;42,5
Nord Ovest;Liguria;IM;D297;74,25;160,67
Nord Ovest;Liguria;IM;D298;8;7
Centro;Toscana;FI;D299;12;54
Nord Est;Friuli- Venezia Giulia;UD;D300;2;9,5
Sud;Calabria;VV;D303;0;1
Sud;Calabria;CS;D304;1;2,5
Sud;Puglia;LE;D305;10;5
Nord Ovest;Piemonte;NO;D309;1,5;14,33
Nord Ovest;Lombardia;CO;D310;4;8,5
Nord Ovest;Piemonte;CN;D314;17,1;29,01
Sud;Abruzzo;CH;D315;1;0
Nord Est;Friuli- Venezia Giulia;UD;D316;1;1
Nord Est;Veneto;VR;D317;5;17
Nord Ovest;Liguria;IM;D318;34;2
Nord Ovest;Liguria;IM;D319;13;11
Isole;Sardegna;CA;D323;2,5;13
Nord Est;Veneto;VE;D325;23,17;280,23
Nord Ovest;Lombardia;LC;D327;8;17
Sud;Calabria;CS;D328;2;1
Nord Ovest;Lombardia;CO;D329;10,33;20,67
Nord Est;Veneto;BL;D330;10,16;10,5
Sud;Campania;AV;D331;1;1,5
Nord Ovest;Piemonte;VB;D332;74,67;118,23
Isole;Sardegna;CA;D333;2,5;7
Isole;Sardegna;CA;D334;3;3,5
Nord Ovest;Valle d'Aosta;AO;D338;8;14,3
Nord Ovest;Piemonte;BI;D339;4;5
Nord Ovest;Lombardia;CO;D341;15,83;23,5
Isole;Sardegna;CA;D344;0;0
Isole;Sardegna;NU;D345;3,71;3
Nord Ovest;Lombardia;LC;D346;4;7
Nord Ovest;Piemonte;NO;D347;6,34;32,84
Nord Ovest;Lombardia;PV;D348;10,5;33
Nord Ovest;Piemonte;BI;D350;2,5;4,5
Nord Ovest;Lombardia;MN;D351;2;22,8
Nord Ovest;Lombardia;BG;D352;1;5
Nord Ovest;Lombardia;CO;D355;4;0
Nord Ovest;Valle d'Aosta;AO;D356;3;9
Nord Est;Emilia-Romagna;FO;D357;6;14
Nord Ovest;Lombardia;CR;D358;2;59
Nord Est;Emilia-Romagna;BO;D360;18,5;73,75
Sud;Campania;CE;D361;0,62;2
Sud;Calabria;VV;D364;3;2
Nord Est;Friuli- Venezia Giulia;UD;D366;2;1
Nord Ovest;Lombardia;MI;D367;8;51,67
Nord Ovest;Piemonte;CN;D372;21,42;45,33
Nord Ovest;Piemonte;TO;D373;24,7;87,62
Nord Ovest;Piemonte;VB;D374;6;6,96
Isole;Sardegna;NU;D376;0;2
Nord Ovest;Lombardia;SO;D377;14;31
Nord Est;Veneto;VI;D379;16;132
Sud;Campania;BN;D380;2;1,67
Nord Ovest;Lombardia;VA;D384;6,16;20
Nord Ovest;Lombardia;VA;D385;0;4
Sud;Campania;BN;D386;1;1
Nord Ovest;Piemonte;AT;D388;7;4
Sud;Campania;SA;D390;33,67;89,07
Nord Ovest;Lombardia;BS;D391;23,58;50
Sud;Abruzzo;PE;D394;3;4
Nord Ovest;Lombardia;LC;D398;3;6,5
Isole;Sardegna;CA;D399;14,33;86,5
Nord Ovest;Piemonte;CN;D401;0,25;0,25
Nord Ovest;Valle d'Aosta;AO;D402;0;1
Centro;Toscana;FI;D403;106,97;359,68
Nord Ovest;Lombardia;BG;D406;7,5;51,17
Nord Est;Veneto;VI;D407;8,83;20,91
Nord Est;Friuli- Venezia Giulia;UD;D408;2;4,5
Nord Ovest;Piemonte;CN;D410;7,01;20,17
Nord Ovest;Lombardia;BG;D411;10;26
Nord Ovest;Piemonte;CN;D412;2;9
Sud;Basilicata;PZ;D414;1;3
Nord Est;Veneto;VE;D415;31,16;175,95
Nord Ovest;Lombardia;CO;D416;45,66;172,4
Nord Est;Veneto;VR;D419;0;20,5
Nord Est;Veneto;VR;D420;5;12,59
Nord Ovest;Lombardia;BS;D421;8,57;82,5
Sud;Puglia;BR;D422;0;7,33
Isole;Sicilia;TP;D423;18,11;112
Nord Ovest;Liguria;SV;D424;6;1
Nord Est;Friuli- Venezia Giulia;PN;D426;1;1,5
Nord Ovest;Lombardia;LC;D428;3,8;4
Centro;Marche;MC;D429;0,5;7,5
Isole;Sardegna;NU;D430;0,8;1
Isole;Sardegna;NU;D431;0,8;0
Nord Ovest;Piemonte;TO;D433;2;2
Nord Ovest;Lombardia;BS;D434;14,5;48,33
Nord Ovest;Lombardia;LC;D436;5,33;5
Centro;Lazio;FR;D440;4;1
Isole;Sardegna;SS;D441;0;0
Nord Est;Veneto;PD;D442;19;199,09
Isole;Sardegna;NU;D443;0;0
Nord Ovest;Valle d'Aosta;AO;D444;9;1
Nord Ovest;Lombardia;CO;D445;4,26;27,25
Nord Ovest;Piemonte;AL;D447;3,5;2
Nord Est;Emilia-Romagna;RE;D450;17;78,58
Centro;Marche;AN;D451;66,56;171,69
Centro;Lazio;VT;D452;14,47;26
Sud;Calabria;VV;D453;1;0
Centro;Umbria;TR;D454;14;21
Nord Est;Friuli- Venezia Giulia;UD;D455;5;16,44
Nord Ovest;Lombardia;SO;D456;6;5
Nord Est;Emilia-Romagna;RA;D458;174,16;562,68
Sud;Puglia;FG;D459;0;16,33
Nord Est;Friuli- Venezia Giulia;UD;D461;8,17;46,5
Nord Ovest;Lombardia;CO;D462;13,03;6
Sud;Puglia;TA;D463;2;3
Sud;Calabria;CS;D464;1;3
Sud;Abruzzo;AQ;D465;2;0
Nord Ovest;Lombardia;VA;D467;41,15;163,25
Sud;Campania;BN;D469;3;0
Nord Est;Veneto;BL;D470;22,77;41,75
Sud;Campania;CE;D471;0,67;0
Centro;Marche;AN;D472;78,67;147,46
Sud;Calabria;CS;D473;4;14,16
Isole;Sicilia;ME;D474;5;2,5
Centro;Lazio;VT;D475;11;10
Sud;Calabria;CZ;D476;4,5;3
Centro;Marche;AP;D477;2;16,67
Sud;Abruzzo;CH;D480;4;1
Nord Ovest;Lombardia;CO;D482;12,25;63,43
Centro;Lazio;FR;D483;1;5
Nord Est;Emilia-Romagna;MO;D486;23;70,92
Nord Est;Friuli- Venezia Giulia;PN;D487;1;10,5
Centro;Marche;PS;D488;157,37;641,74
Sud;Abruzzo;TE;D489;5;1
Nord Ovest;Lombardia;BG;D490;40,49;120,96
Nord Ovest;Lombardia;BG;D491;3;25
Nord Ovest;Piemonte;NO;D492;4;28,58
Centro;Lazio;RI;D493;35,78;50,63
Sud;Abruzzo;CH;D494;2;5
Sud;Abruzzo;CH;D495;6;10
Nord Est;Veneto;VI;D496;5;20
Sud;Basilicata;PZ;D497;1;0
Nord Ovest;Piemonte;CN;D499;9,13;8
Sud;Abruzzo;PE;D501;5,5;3
Nord Est;Emilia-Romagna;PC;D502;7,26;16
Centro;Lazio;VT;D503;6;7,75
Nord Est;Veneto;TV;D505;13,5;50,72
Sud;Puglia;BR;D508;72,49;150,78
Nord Ovest;Liguria;GE;D509;1;0
Centro;Toscana;PI;D510;16;17
Nord Ovest;Piemonte;CN;D511;0;5,67
Nord Ovest;Liguria;GE;D512;2;0
Sud;Basilicata;MT;D513;0;2
Isole;Sicilia;AG;D514;28,96;13,63
Isole;Sicilia;TP;D518;14,83;6,45
Nord Ovest;Piemonte;TO;D520;17;47,5
Nord Ovest;Liguria;SV;D522;2;14
Nord Ovest;Piemonte;CN;D523;0;1
Nord Ovest;Piemonte;TO;D524;6;25
Nord Est;Emilia-Romagna;PR;D526;22,5;95,83
Sud;Campania;SA;D527;3;1
Nord Ovest;Piemonte;AL;D528;1,83;19,66
Nord Est;Veneto;BL;D530;46,28;170,2
Nord Ovest;Lombardia;CO;D531;5,75;36,1
Nord Ovest;Piemonte;TO;D532;7,14;17
Nord Ovest;Valle d'Aosta;AO;D537;9;16,17
Centro;Umbria;TR;D538;10;9,5
Centro;Lazio;FR;D539;26;15,5
Isole;Sicilia;SR;D540;4;4
Centro;Marche;PS;D541;13;38,33
Centro;Marche;AP;D542;79,6;218,47
Nord Ovest;Lombardia;VA;D543;14,5;52
Sud;Calabria;CZ;D544;2;2
Sud;Calabria;RC;D545;0;0
Sud;Calabria;CZ;D546;4,6;4,97
Sud;Basilicata;MT;D547;6;11
Nord Est;Emilia-Romagna;FE;D548;385,7;1455,35
Nord Est;Veneto;VR;D549;5;13,8
Sud;Molise;CB;D550;10;10
Nord Ovest;Lombardia;VA;D551;2;4
Nord Ovest;Lombardia;PV;D552;0;15,84
Nord Ovest;Piemonte;TO;D553;0;0
Nord Ovest;Piemonte;AT;D554;2;3
Nord Est;Emilia-Romagna;PC;D555;9;19,92
Sud;Calabria;RC;D557;1;2
Nord Ovest;Piemonte;AL;D559;1;5
Centro;Lazio;RI;D560;2;0
Centro;Lazio;RM;D561;49,49;156,5
Nord Ovest;Piemonte;TO;D562;21;25,5
Centro;Marche;MC;D564;3,5;7,33
Centro;Marche;MC;D566;0;0
Isole;Sicilia;PA;D567;17,83;57,54
Nord Est;Veneto;RO;D568;6;22,5
Isole;Sicilia;ME;D569;2;1
Centro;Umbria;TR;D570;5;9
Nord Ovest;Lombardia;CR;D574;0;21,5
Centro;Toscana;FI;D575;34,2;79,29
Nord Ovest;Lombardia;BS;D576;2;9
Nord Est;Veneto;RO;D577;2;24,5
Nord Est;Veneto;VE;D578;7;192,5
Nord Ovest;Lombardia;CO;D579;11;48,22
Sud;Calabria;CS;D582;0;0
Isole;Sardegna;OR;D585;0;0
Centro;Lazio;RM;D586;2;2
Sud;Calabria;VV;D587;4;5
Nord Ovest;Lombardia;BG;D588;13,65;34,51
Sud;Calabria;VV;D589;0;2
Centro;Toscana;MS;D590;8;11,67
Centro;Lazio;FR;D591;4;12
Sud;Abruzzo;CH;D592;4;3
Sud;Basilicata;PZ;D593;7;1
Nord Ovest;Lombardia;PV;D594;4;11
Sud;Molise;IS;D595;3,67;2
Sud;Calabria;VV;D596;3;0
Centro;Marche;AN;D597;12;54,5
Nord Est;Emilia-Romagna;MO;D599;28;167,06
Nord Ovest;Liguria;SV;D600;91,64;196,57
Nord Ovest;Lombardia;BG;D604;0,24;13,5
Nord Ovest;Lombardia;CO;D605;28,37;127,4
Nord Ovest;Lombardia;BG;D606;3,33;35
Nord Est;Emilia-Romagna;MO;D607;41,51;174,27
Nord Ovest;Piemonte;TO;D608;3;8
Nord Est;Emilia-Romagna;PC;D611;51,36;148,62
Centro;Toscana;FI;D612;964,65;1951,07
Centro;Toscana;FI;D613;11,5;39,21
Sud;Calabria;CS;D614;3;3
Sud;Campania;SA;D615;25,83;100,75
Nord Est;Emilia-Romagna;MO;D617;22,58;49,5
Sud;Calabria;RC;D619;0;0
Nord Est;Friuli- Venezia Giulia;PN;D621;15,89;72,46
Isole;Sicilia;ME;D622;1,8;2
Isole;Sicilia;CT;D623;7;68,25
Sud;Calabria;CS;D624;2;2
Centro;Marche;MC;D628;5,5;2
Centro;Toscana;MS;D629;45,77;26,38
Nord Est;Friuli- Venezia Giulia;UD;D630;4;6,67
Nord Ovest;Lombardia;BS;D634;13,33;86,93
Isole;Sicilia;ME;D635;2;0
Isole;Sicilia;SR;D636;6;85,85
Isole;Sardegna;SS;D637;3;3
Sud;Campania;AV;D638;5,5;4
Isole;Sardegna;CA;D639;0;1
Isole;Sardegna;NU;D640;0;1
Nord Ovest;Piemonte;VC;D641;2;1
Sud;Puglia;FG;D643;195,07;819,02
Sud;Campania;BN;D644;4;1
Nord Ovest;Piemonte;TO;D646;6;22,55
Centro;Toscana;AR;D649;13,28;84,9
Sud;Campania;BN;D650;0;1
Centro;Marche;AP;D652;24,5;77,9
Centro;Umbria;PG;D653;138,46;423,08
Nord Est;Veneto;TV;D654;10,4;23,5
Nord Ovest;Liguria;SP;D655;42,34;47,17
Centro;Toscana;GR;D656;76;190,9
Nord Ovest;Lombardia;LO;D660;0;18
Isole;Sicilia;ME;D661;0,06;0,06
Centro;Lazio;LT;D662;62,07;70,33
Isole;Sardegna;NU;D665;5;8,17
Nord Ovest;Valle d'Aosta;AO;D666;11;6
Centro;Lazio;FR;D667;4;3
Nord Est;Emilia-Romagna;BO;D668;12;14,63
Nord Est;Friuli- Venezia Giulia;PN;D670;20;112,02
Sud;Campania;AV;D671;2,67;3,67
Nord Ovest;Lombardia;BG;D672;7,86;42,3
Nord Est;Emilia-Romagna;PR;D673;10,13;67,63
Nord Est;Veneto;TV;D674;12,67;38,67
Nord Ovest;Piemonte;NO;D675;4;13,16
Nord Ovest;Piemonte;VC;D676;4;10
Nord Ovest;Liguria;GE;D677;0;0
Nord Ovest;Piemonte;AT;D678;2;5
Nord Est;Veneto;PD;D679;5;63,9
Nord Est;Veneto;TV;D680;5;37
Sud;Abruzzo;AQ;D681;1;1
Centro;Lazio;FR;D682;0;0
Sud;Campania;CE;D683;2;2
Nord Ovest;Lombardia;BG;D684;0;11,67
Nord Est;Emilia-Romagna;PR;D685;11,5;58,47
Nord Est;Veneto;BL;D686;4;12,67
Nord Ovest;Lombardia;BG;D688;7,67;46,17
Centro;Lazio;RI;D689;13,89;13,5
Sud;Abruzzo;CH;D690;14,35;124,17
Centro;Marche;AP;D691;2;2
Sud;Campania;BN;D693;0;1
Nord Ovest;Lombardia;SO;D694;3,32;6,7
Isole;Sardegna;OR;D695;0;0
Sud;Basilicata;PZ;D696;6,67;2,8
Nord Ovest;Lombardia;BG;D697;0;24
Nord Est;Friuli- Venezia Giulia;UD;D700;8,53;15,11
Sud;Campania;AV;D701;7;9,8
Sud;Campania;NA;D702;16,34;8,16
Sud;Molise;IS;D703;8;2
Nord Est;Emilia-Romagna;FO;D704;274,09;1187,08
Nord Est;Emilia-Romagna;FO;D705;22;99,73
Nord Ovest;Piemonte;VB;D706;5;1
Centro;Lazio;RM;D707;13;106,5
Centro;Lazio;LT;D708;84,56;114,02
Sud;Campania;CE;D709;4,67;4
Nord Ovest;Lombardia;CR;D710;0;12
Nord Est;Emilia-Romagna;MO;D711;109,62;456,38
Nord Ovest;Piemonte;VC;D712;5;9
Sud;Molise;IS;D715;3;4
Nord Est;Veneto;VI;D717;16,14;66
Nord Est;Friuli- Venezia Giulia;UD;D718;1,22;4
Nord Est;Friuli- Venezia Giulia;UD;D719;11,52;17,28
Nord Est;Friuli- Venezia Giulia;UD;D720;0;1
Nord Ovest;Piemonte;TO;D725;10;24
Nord Ovest;Lombardia;BG;D727;7;27,2
Nord Est;Emilia-Romagna;PR;D728;40,5;63
Centro;Toscana;LU;D730;11;40,74
Nord Ovest;Lombardia;PV;D732;0;3
Isole;Sicilia;ME;D733;0;0
Centro;Toscana;LU;D734;2;2
Centro;Toscana;MS;D735;27,5;21,75
Sud;Abruzzo;AQ;D736;0;0
Sud;Molise;CB;D737;2,4;5
Sud;Abruzzo;CH;D738;11;48,5
Nord Est;Veneto;VE;D740;2;32,83
Nord Est;Veneto;VE;D741;8,67;48,97
Nord Ovest;Piemonte;CN;D742;118,11;228,55
Sud;Calabria;CZ;D744;0;0
Centro;Umbria;PG;D745;7;19,5
Sud;Calabria;RC;D746;4;11,5
Nord Est;Veneto;VE;D748;6;74,41
Centro;Marche;PS;D749;13,33;26,36
Nord Est;Veneto;VI;D750;3,06;3,72
Nord Ovest;Piemonte;CN;D751;17;16
Nord Ovest;Piemonte;CN;D752;63,52;145,34
Sud;Puglia;TA;D754;1;2,27
Sud;Campania;BN;D755;0,67;0
Sud;Campania;BN;D756;0,33;1,33
Sud;Abruzzo;CH;D757;0;0
Nord Ovest;Liguria;SP;D758;7,5;9
Nord Ovest;Piemonte;AL;D759;0;1
Centro;Marche;AP;D760;0;4
Sud;Puglia;BR;D761;19,75;98,83
Sud;Calabria;VV;D762;2;1
Sud;Abruzzo;CH;D763;35,08;205,46
Sud;Calabria;CS;D764;3;1
Isole;Sicilia;ME;D765;7,34;3
Sud;Basilicata;PZ;D766;5;4
Sud;Calabria;VV;D767;1;0
Isole;Sicilia;SR;D768;14,52;41,12
Sud;Campania;CE;D769;3;2
Nord Ovest;Piemonte;AL;D770;0;2
Nord Ovest;Lombardia;PV;D771;4;12
Centro;Lazio;RM;D773;56,41;136,12
Sud;Calabria;CS;D774;4;1
Nord Est;Veneto;RO;D776;1,5;5
Nord Ovest;Piemonte;AL;D777;0;1
Nord Ovest;Piemonte;AL;D780;2;33
Nord Ovest;Piemonte;TO;D781;7,66;0
Nord Ovest;Piemonte;CN;D782;7;6
Nord Est;Emilia-Romagna;MO;D783;8;14,5
Sud;Campania;BN;D784;7,25;5
Centro;Lazio;RI;D785;3;1
Centro;Umbria;PG;D786;36,68;93,69
Centro;Umbria;PG;D787;1,5;6
Nord Est;Veneto;RO;D788;1;14
Sud;Campania;NA;D789;27,83;117,33
Sud;Campania;NA;D790;19,41;31,28
Centro;Marche;PS;D791;1;3,5
Isole;Sicilia;ME;D793;0;1
Nord Est;Veneto;TV;D794;7;19
Sud;Abruzzo;CH;D796;2;2
Nord Ovest;Piemonte;AL;D797;0;6
Sud;Campania;AV;D798;8;2
Sud;Campania;CE;D799;9,5;17,67
Sud;Campania;CE;D801;3,67;5,67
Nord Ovest;Piemonte;AT;D802;0;1
Sud;Abruzzo;CH;D803;7;2
Nord Est;Friuli- Venezia Giulia;PN;D804;3,67;1
Nord Ovest;Piemonte;TO;D805;5;19
Centro;Marche;PS;D807;0;2
Centro;Marche;PS;D808;2;6
Centro;Lazio;FR;D810;70,58;113,94
Sud;Molise;IS;D811;4,97;3
Nord Ovest;Piemonte;TO;D812;9;29
Nord Ovest;Piemonte;AL;D813;8;16,5
Nord Ovest;Piemonte;AL;D814;8;18
Centro;Toscana;FI;D815;48,41;119,45
Nord Ovest;Lombardia;BG;D817;3;4,31
Nord Est;Veneto;VR;D818;8,1;23,62
Centro;Lazio;FR;D819;1;3
Sud;Abruzzo;CH;D823;4;5
Isole;Sicilia;ME;D824;5,75;18,92
Isole;Sicilia;ME;D825;10,72;50,69
Sud;Campania;SA;D826;4;0
Isole;Sardegna;CA;D827;0;0
Sud;Calabria;CS;D828;7;17
Nord Est;Emilia-Romagna;RA;D829;11;82,82
Nord Ovest;Lombardia;SO;D830;0;1
Sud;Campania;SA;D832;2;0,5
Nord Ovest;Lombardia;CR;D834;0;3
Nord Ovest;Piemonte;AL;D835;3;9
Centro;Marche;PS;D836;28;64,5
Nord Ovest;Valle d'Aosta;AO;D839;1;1
Nord Ovest;Lombardia;CR;D841;1;16,25
Isole;Sardegna;NU;D842;0;0
Centro;Lazio;LT;D843;59,98;75,69
Isole;Sicilia;ME;D844;4;18,5
Nord Ovest;Lombardia;MI;D845;30,5;158,11
Nord Est;Emilia-Romagna;BO;D847;6,5;34,58
Nord Ovest;Piemonte;BI;D848;12;44,75
Isole;Sicilia;EN;D849;10;6
Sud;Abruzzo;AQ;D850;2;5
Sud;Puglia;LE;D851;6;8,5
Sud;Calabria;CZ;D852;0;1
Centro;Marche;MC;D853;3,92;4
Nord Est;Veneto;TV;D854;10,17;37,66
Nord Est;Veneto;RO;D855;2;7
Nord Ovest;Piemonte;CN;D856;0,67;4,67
Centro;Toscana;SI;D858;5,35;29,33
Isole;Sardegna;NU;D859;0;3
Isole;Sicilia;ME;D861;1;0
Sud;Puglia;LE;D862;18,58;52,4
Sud;Puglia;LE;D863;22;25
Sud;Calabria;RC;D864;5;1
Nord Ovest;Lombardia;LC;D865;41,17;83,84
Nord Est;Emilia-Romagna;FO;D867;3;11,5
Nord Ovest;Lombardia;LO;D868;3,1;22,5
Nord Ovest;Lombardia;VA;D869;276,51;900,34
Centro;Lazio;VT;D870;12;9,5
Nord Ovest;Lombardia;VA;D871;2;8,06
Nord Ovest;Piemonte;NO;D872;68,13;202,17
Nord Ovest;Lombardia;PV;D873;0;1,5
Centro;Toscana;LU;D874;5,34;5
Centro;Lazio;RM;D875;30,67;51,92
Sud;Basilicata;PZ;D876;3,75;4
Nord Est;Emilia-Romagna;BO;D878;15,5;80,83
Nord Est;Veneto;PD;D879;5;35,31
Centro;Lazio;FR;D881;6,34;3
Nord Est;Veneto;VI;D882;25,2;139,53
Sud;Puglia;LE;D883;45,81;184,17
Sud;Campania;CE;D884;0;1
Isole;Sicilia;ME;D885;1;0
Sud;Campania;CE;D886;1,66;0,33
Isole;Sardegna;NU;D888;0;1
Nord Est;Veneto;PD;D889;2;17,42
Nord Ovest;Piemonte;AL;D890;1;5,33
Nord Ovest;Lombardia;BS;D891;4;25,5
Nord Ovest;Lombardia;PV;D892;3;4
Nord Ovest;Piemonte;CN;D894;2;2
Centro;Toscana;FI;D895;17,72;32,65
Sud;Molise;CB;D896;9;2
Nord Est;Veneto;VI;D897;2,25;28,67
Sud;Abruzzo;CH;D898;1;0
Nord Est;Emilia-Romagna;FO;D899;6,5;113,18
Nord Ovest;Lombardia;PV;D901;22;110,34
Nord Ovest;Lombardia;BG;D903;8;30,25
Nord Ovest;Lombardia;BG;D905;14,76;38,25
Nord Ovest;Lombardia;BG;D906;1;6,5
Isole;Sicilia;PA;D907;10,34;9,17
Sud;Basilicata;MT;D909;0;0
Nord Ovest;Piemonte;AL;D910;1;3
Nord Ovest;Piemonte;NO;D911;2;12
Nord Ovest;Lombardia;MI;D912;156,51;343,75
Nord Ovest;Lombardia;LC;D913;10;21,5
Nord Est;Veneto;VR;D915;11,9;37,02
Nord Ovest;Lombardia;BS;D917;20,39;48,5
Nord Ovest;Lombardia;BS;D918;29,85;76,09
Nord Ovest;Piemonte;CN;D920;19,5;22,5
Nord Ovest;Piemonte;NO;D921;1,9;12,32
Nord Ovest;Lombardia;BS;D924;16,19;13,13
Nord Ovest;Lombardia;PV;D925;33,83;96,33
Nord Ovest;Lombardia;LC;D926;2;15
Nord Ovest;Liguria;SV;D927;6;28
Nord Ovest;Lombardia;CO;D930;4;0,5
Nord Ovest;Piemonte;TO;D931;0,22;7
Sud;Calabria;CZ;D932;8,47;3,5
Nord Ovest;Piemonte;TO;D933;43,52;135,04
Nord Est;Emilia-Romagna;RE;D934;18;61,52
Nord Est;Emilia-Romagna;FO;D935;10,12;94,83
Nord Ovest;Piemonte;VC;D938;33,5;82,91
Nord Ovest;Lombardia;BS;D940;24,63;96,64
Nord Est;Veneto;RO;D942;2;12
Nord Ovest;Lombardia;BG;D943;5;1
Nord Ovest;Piemonte;AL;D944;17,5;33,75
Centro;Lazio;RM;D945;2,75;5,75
Nord Ovest;Lombardia;VA;D946;35,84;114,09
Isole;Sardegna;NU;D947;0;1,83
Centro;Toscana;GR;D948;17,5;66,67
Nord Ovest;Lombardia;MN;D949;1,5;20,75
Nord Ovest;Lombardia;VA;D951;40,38;90,17
Nord Ovest;Lombardia;BG;D952;13,08;79,18
Nord Est;Veneto;PD;D956;0;57,27
Nord Est;Veneto;VR;D957;7,67;35,78
Nord Est;Emilia-Romagna;PC;D958;6,23;24,84
Nord Ovest;Lombardia;MN;D959;1;5
Isole;Sicilia;CL;D960;31,84;125,21
Nord Est;Emilia-Romagna;RN;D961;1;11,5
Nord Est;Friuli- Venezia Giulia;UD;D962;14,2;63,29
Nord Ovest;Lombardia;VA;D963;6;24,66
Centro;Lazio;RM;D964;15;14,5
Centro;Marche;AN;D965;2,5;10,5
Nord Ovest;Lombardia;CR;D966;1;10,5
Nord Ovest;Piemonte;CN;D967;11,5;32
Isole;Sardegna;NU;D968;1;0
Nord Ovest;Liguria;GE;D969;1733,92;3427,81
Isole;Sardegna;CA;D970;0;0
Sud;Basilicata;PZ;D971;3,15;8,94
Centro;Lazio;RM;D972;28,66;102,78
Nord Ovest;Lombardia;CO;D974;2;10
Sud;Calabria;RC;D975;0;0
Sud;Calabria;RC;D976;12,08;14,33
Isole;Sicilia;PA;D977;5,34;1,22
Centro;Lazio;RM;D978;4;1,5
Nord Ovest;Lombardia;PV;D980;0;26
Nord Ovest;Lombardia;VA;D981;23,19;136,31
Isole;Sardegna;NU;D982;0;0
Nord Ovest;Piemonte;TO;D983;9;9
Nord Ovest;Piemonte;VB;D984;0,6;0
Nord Ovest;Lombardia;VA;D987;8;59,2
Sud;Calabria;VV;D988;1,67;0
Nord Ovest;Lombardia;SO;D990;3,24;1
Nord Ovest;Lombardia;CR;D993;2;12
Isole;Sardegna;CA;D994;0;0
Nord Ovest;Lombardia;MI;D995;127;259,33
Sud;Abruzzo;CH;D996;3;2
Isole;Sardegna;CA;D997;1;0
Sud;Campania;AV;D998;8;6
Nord Ovest;Lombardia;BS;D999;18;182,95
Nord Ovest;Piemonte;NO;E001;17,01;27,25
Nord Ovest;Piemonte;VB;E003;8,54;38,12
Isole;Sardegna;OR;E004;6;4,67
Nord Ovest;Lombardia;BG;E006;16,56;86,39
Nord Ovest;Piemonte;VC;E007;8;6
Nord Est;Veneto;RO;E008;3,7;13,49
Nord Ovest;Piemonte;TO;E009;2;2
Nord Ovest;Lombardia;BS;E010;4,83;15,51
Sud;Campania;CE;E011;2;0
Centro;Umbria;PG;E012;3;8
Isole;Sicilia;PA;E013;1;0
Isole;Sicilia;ME;E014;13,5;58,17
Nord Ovest;Piemonte;AL;E015;4;3,22
Isole;Sicilia;RG;E016;6,5;4
Isole;Sicilia;CT;E017;26,67;143,04
Isole;Sardegna;SS;E019;0;2
Nord Ovest;Piemonte;TO;E020;62,9;156,49
Nord Est;Veneto;TV;E021;8,5;50,87
Isole;Sardegna;CA;E022;0;1
Isole;Sicilia;TP;E023;5;11
Nord Ovest;Piemonte;BI;E024;0;0
Sud;Calabria;RC;E025;2;1
Sud;Campania;SA;E026;11;12
Sud;Campania;SA;E027;18,67;20,67
Nord Ovest;Piemonte;VB;E028;14;29,87
Nord Ovest;Valle d'Aosta;AO;E029;8,5;9,5
Sud;Molise;CB;E030;3;0
Sud;Calabria;CZ;E031;2;1
Sud;Basilicata;PZ;E033;2;0
Sud;Campania;BN;E034;0;0
Sud;Puglia;TA;E036;41,93;73,18
Sud;Campania;SA;E037;0;0
Sud;Puglia;BA;E038;59,12;139,92
Sud;Campania;CE;E039;2;0
Sud;Abruzzo;AQ;E040;0;2
Sud;Calabria;RC;E041;0;17,5
Isole;Sicilia;ME;E043;11;9
Sud;Calabria;RC;E044;11,34;3
Centro;Umbria;TR;E045;11;9
Sud;Puglia;BA;E047;60,36;77,38
Isole;Sardegna;NU;E049;1;8
Sud;Calabria;CZ;E050;5;1
Sud;Abruzzo;CH;E052;6;7,17
Sud;Puglia;LE;E053;0;2,5
Sud;Campania;NA;E054;93,01;552,36
Isole;Sicilia;PA;E055;7,77;2,34
Sud;Abruzzo;CH;E056;1,8;2
Centro;Lazio;FR;E057;4;0
Sud;Abruzzo;TE;E058;97,54;198,09
Sud;Campania;SA;E060;0;1
Sud;Puglia;LE;E061;1;6
Nord Ovest;Lombardia;PV;E062;20,5;87
Nord Ovest;Lombardia;MI;E063;122,47;384,56
Nord Ovest;Liguria;SV;E064;5;5
Nord Ovest;Liguria;SV;E066;8,5;5
Nord Ovest;Piemonte;TO;E067;9;40,45
Sud;Calabria;CZ;E068;4;7,5
Nord Ovest;Liguria;SP;E070;8,25;4,33
Nord Est;Veneto;TV;E071;6,5;40,33
Nord Ovest;Lombardia;PV;E072;10;56,05
Isole;Sicilia;PA;E074;0;0
Nord Ovest;Lombardia;MN;E078;7,35;106,25
Nord Ovest;Lombardia;VA;E079;4;23,5
Nord Ovest;Lombardia;PV;E081;2,34;1
Nord Ovest;Lombardia;CR;E082;0;5,75
Nord Est;Friuli- Venezia Giulia;UD;E083;4;31
Isole;Sardegna;CA;E084;0;0
Isole;Sardegna;CA;E085;5;0
Isole;Sardegna;CA;E086;1,57;8
Isole;Sardegna;OR;E087;0;1
Isole;Sardegna;OR;E088;0;0
Nord Ovest;Lombardia;MN;E089;6;74,55
Nord Ovest;Lombardia;SO;E090;18,16;9,67
Centro;Lazio;RM;E091;1;0
Nord Est;Veneto;TV;E092;5;31,52
Sud;Basilicata;MT;E093;4;2,75
Nord Ovest;Lombardia;MI;E094;158,36;320,3
Sud;Abruzzo;AQ;E096;0;0
Nord Ovest;Lombardia;BG;E100;9,5;61,1
Nord Ovest;Lombardia;VA;E101;10,5;37,46
Nord Ovest;Lombardia;VA;E102;37,5;140,42
Nord Ovest;Lombardia;BG;E103;29,06;113,59
Nord Ovest;Lombardia;VA;E104;4;24,78
Nord Ovest;Lombardia;BG;E106;3,67;28,53
Nord Est;Emilia-Romagna;FE;E107;0;3,5
Nord Ovest;Liguria;GE;E109;5;0
Nord Ovest;Piemonte;CN;E111;2;5
Nord Est;Veneto;BL;E113;6;14,5
Nord Est;Emilia-Romagna;PC;E114;10,33;75,5
Nord Ovest;Piemonte;CN;E115;0;0
Nord Ovest;Lombardia;BS;E116;1;41,67
Nord Ovest;Piemonte;CN;E118;1;12
Nord Ovest;Piemonte;NO;E120;20,48;36,53
Centro;Marche;PS;E122;5;46
Centro;Lazio;VT;E126;7;5
Nord Ovest;Lombardia;LO;E127;6,67;13
Centro;Lazio;VT;E128;18;6,5
Nord Ovest;Piemonte;BI;E130;8;11,5
Sud;Campania;NA;E131;25,95;86,21
Nord Est;Emilia-Romagna;PC;E132;11;30,66
Isole;Sicilia;CT;E133;14,25;16,83
Nord Ovest;Piemonte;AT;E134;2;1
Nord Est;Emilia-Romagna;BO;E136;33,5;209,78
Nord Ovest;Lombardia;CO;E139;12,07;38,12
Nord Ovest;Lombardia;CO;E141;27,5;5,08
Isole;Sicilia;ME;E142;2;4,33
Nord Ovest;Piemonte;NO;E143;2;12,5
Nord Ovest;Lombardia;VA;E144;1;10,5
Nord Est;Veneto;PD;E145;2;33,5
Nord Est;Veneto;PD;E146;1,67;17,33
Sud;Basilicata;MT;E147;4;3
Nord Ovest;Lombardia;BG;E148;25;108,7
Isole;Sicilia;PA;E149;13;0
Nord Ovest;Lombardia;PV;E152;7,67;34,17
Nord Ovest;Piemonte;VB;E153;26,67;63,5
Nord Ovest;Piemonte;TO;E154;4,5;11,5
Sud;Puglia;BA;E155;134,16;151,85
Isole;Sicilia;CT;E156;27,83;214,01
Sud;Campania;CE;E158;0,67;2
Nord Ovest;Piemonte;AT;E159;0;11
Centro;Lazio;RI;E160;5,71;5
Sud;Campania;AV;E161;2;1
Nord Ovest;Piemonte;VC;E163;0;3,5
Nord Ovest;Piemonte;AL;E164;1;2
Nord Ovest;Valle d'Aosta;AO;E165;44,69;82,5
Nord Ovest;Valle d'Aosta;AO;E167;4;13
Nord Ovest;Valle d'Aosta;AO;E168;8,17;14,22
Centro;Toscana;FI;E169;43;63,39
Nord Ovest;Lombardia;MI;E170;9;36,5
Nord Est;Veneto;VR;E171;20,5;61,67
Nord Ovest;Lombardia;CO;E172;4;4
Sud;Campania;CE;E173;8,94;65,26
Nord Ovest;Piemonte;NO;E177;13,31;30,25
Nord Est;Friuli- Venezia Giulia;UD;E179;0;0
Sud;Calabria;CS;E180;0;1
Nord Ovest;Piemonte;CN;E182;12,5;17,5
Nord Est;Veneto;VI;E184;1;42
Sud;Calabria;CS;E185;12,25;2,5
Nord Est;Emilia-Romagna;BO;E187;24;48,5
Nord Ovest;Piemonte;AL;E188;2;2
Nord Ovest;Lombardia;BG;E189;7,75;52,49
Nord Ovest;Piemonte;AL;E191;1,83;2
Nord Ovest;Lombardia;BG;E192;3;22
Nord Ovest;Lombardia;CR;E193;0;5,66
Nord Ovest;Lombardia;PV;E195;14;52,17
Nord Est;Emilia-Romagna;PC;E196;4;26
Nord Ovest;Piemonte;TO;E199;2;4,5
Nord Ovest;Lombardia;SO;E200;25,46;10,92
Nord Ovest;Lombardia;SO;E201;14,5;4,17
Centro;Toscana;GR;E202;178,33;739,25
Nord Ovest;Piemonte;TO;E203;3;3,5
Centro;Lazio;RM;E204;49,75;178,41
Sud;Puglia;TA;E205;32,62;81
Sud;Campania;AV;E206;4;8
Centro;Marche;AP;E207;32;102,84
Centro;Marche;AP;E208;3,46;7,08
Isole;Sicilia;AG;E209;14;5,83
Centro;Lazio;VT;E210;3;15,8
Sud;Calabria;RC;E212;1;0
Sud;Basilicata;MT;E213;3;4
Sud;Campania;AV;E214;6,66;3
Nord Est;Veneto;VE;E215;0;15,83
Nord Ovest;Piemonte;TO;E216;195,33;379,34
Nord Ovest;Lombardia;CR;E217;3,3;15,92
Nord Ovest;Lombardia;BG;E219;34;107,18
Sud;Basilicata;PZ;E221;3,83;1
Sud;Puglia;BA;E223;22,11;28,78
Sud;Campania;NA;E224;10,24;37,48
Nord Est;Veneto;VI;E226;2;46,39
Sud;Puglia;LE;E227;2;5,05
Centro;Marche;MC;E228;3,84;2
Centro;Umbria;PG;E229;14;16,67
Centro;Umbria;PG;E230;46,17;92,77
Nord Est;Emilia-Romagna;RE;E232;11;66,28
Isole;Sicilia;ME;E233;1;3
Isole;Sardegna;CA;E234;3;0
Nord Ovest;Lombardia;CO;E235;17;77,41
Centro;Lazio;FR;E236;2,5;5
Nord Ovest;Piemonte;VC;E237;5,17;6
Nord Ovest;Lombardia;LO;E238;9;24
Sud;Calabria;CZ;E239;3;3,33
Nord Est;Veneto;RO;E240;1;5,67
Centro;Umbria;TR;E241;17,5;6
Sud;Calabria;CS;E242;2;3,25
Sud;Abruzzo;CH;E243;11,4;23,5
Sud;Molise;CB;E244;4,33;3,33
Sud;Campania;AV;E245;4;5
Sud;Basilicata;PZ;E246;4;0
Sud;Molise;CB;E248;4;3
Sud;Campania;BN;E249;8;1
Centro;Toscana;PI;E250;8,5;12,17
Nord Ovest;Piemonte;CN;E251;7;32
Isole;Sardegna;CA;E252;0;0
Nord Est;Emilia-Romagna;RE;E253;22,98;173,67
Nord Ovest;Piemonte;AL;E255;0;2
Centro;Umbria;PG;E256;72,37;117,59
Nord Ovest;Lombardia;MI;E258;0,2;23
Sud;Molise;CB;E259;11;27,67
Nord Ovest;Lombardia;MN;E261;12,67;59,17
Centro;Lazio;RM;E263;204,84;813,1
Nord Est;Emilia-Romagna;MO;E264;9,88;46,33
Nord Ovest;Lombardia;PV;E265;35;143,67
Sud;Abruzzo;CH;E266;3;2
Nord Ovest;Piemonte;VB;E269;3;1
Isole;Sardegna;CA;E270;11,78;10,5
Nord Ovest;Lombardia;BS;E271;33,75;150,27
Nord Ovest;Lombardia;CR;E272;3;23
Nord Ovest;Valle d'Aosta;AO;E273;10;3
Sud;Calabria;CZ;E274;1;0,13
Nord Ovest;Lombardia;BS;E280;2;9
Isole;Sardegna;CA;E281;15,15;55,66
Nord Ovest;Piemonte;CN;E282;0;0
Isole;Sardegna;NU;E283;1;0,89
Nord Est;Veneto;VR;E284;8;19
Isole;Sardegna;SS;E285;1;1
Nord Ovest;Lombardia;LC;E287;11,01;46,67
Nord Est;Emilia-Romagna;BO;E289;240,28;833,38
Nord Ovest;Liguria;IM;E290;173,08;259,63
Centro;Toscana;FI;E291;29,49;118,99
Nord Ovest;Lombardia;VA;E292;1;2
Nord Ovest;Piemonte;AT;E295;10,55;4
Nord Ovest;Lombardia;BS;E297;1;5
Nord Ovest;Lombardia;VA;E299;53,13;140,8
Nord Ovest;Piemonte;TO;E301;0;0
Nord Ovest;Piemonte;VB;E304;0;1,83
Nord Ovest;Lombardia;LC;E305;5,01;19
Nord Ovest;Valle d'Aosta;AO;E306;4;3
Sud;Abruzzo;AQ;E307;11;11,16
Nord Ovest;Lombardia;CO;E309;55,83;100,58
Nord Ovest;Lombardia;PV;E310;0;21,5
Nord Ovest;Piemonte;TO;E311;3,17;7
Nord Ovest;Lombardia;MI;E313;30,98;90,44
Nord Ovest;Piemonte;NO;E314;5;36
Nord Ovest;Lombardia;MI;E317;46,83;157,59
Nord Est;Emilia-Romagna;FE;E320;11,62;34,96
Sud;Calabria;VV;E321;3;9
Isole;Sardegna;NU;E323;2;1,67
Nord Ovest;Lombardia;BS;E325;0;0
Sud;Basilicata;MT;E326;9;7,02
Nord Ovest;Piemonte;CN;E327;1;0
Sud;Calabria;CZ;E328;3;3
Sud;Campania;NA;E329;14,34;8
Centro;Lazio;VT;E330;2,5;9
Sud;Puglia;FG;E332;5,3;7,75
Nord Ovest;Lombardia;BS;E333;25,08;106,93
Sud;Molise;IS;E335;49,43;47,5
Isole;Sardegna;NU;E336;0;2
Isole;Sicilia;PA;E337;0;0
Nord Ovest;Piemonte;AT;E338;1;8
Sud;Calabria;KR;E339;13;15
Centro;Lazio;FR;E340;6,39;12
Nord Ovest;Liguria;GE;E341;8;5,33
Nord Ovest;Lombardia;SO;E342;17,71;39,17
Sud;Abruzzo;TE;E343;14;10,5
Nord Ovest;Piemonte;TO;E345;0;1
Nord Ovest;Liguria;IM;E346;7,5;0
Centro;Toscana;GR;E348;9,35;6,5
Nord Est;Veneto;VR;E349;29,73;134,77
Isole;Sicilia;PA;E350;6;25
Centro;Marche;PS;E351;1;0,5
Nord Ovest;Lombardia;BG;E353;1,93;9,33
Nord Est;Veneto;VI;E354;0,28;72,17
Nord Ovest;Lombardia;CR;E356;0;3,33
Nord Est;Veneto;VR;E358;3;46,26
Nord Ovest;Piemonte;AL;E360;0;7,25
Sud;Puglia;FG;E363;0;0
Nord Ovest;Lombardia;BS;E364;0;22
Sud;Campania;SA;E365;1,83;2
Isole;Sicilia;RG;E366;27,58;61,89
Nord Ovest;Lombardia;VA;E367;9,5;56,72
Nord Ovest;Piemonte;TO;E368;0,5;7
Nord Ovest;Valle d'Aosta;AO;E369;4;2
Nord Ovest;Lombardia;BG;E370;1;10
Nord Ovest;Valle d'Aosta;AO;E371;0,84;5,5
Sud;Abruzzo;CH;E372;120,91;474,66
Nord Est;Veneto;TV;E373;7;83,06
Isole;Sicilia;ME;E374;2;5,09
Centro;Lazio;LT;E375;29,87;14,67
Isole;Sardegna;SS;E376;0;1
Isole;Sardegna;SS;E377;5,2;14
Nord Ovest;Piemonte;TO;E379;103,83;351,89
Nord Ovest;Lombardia;CR;E380;0,25;16,83
Sud;Molise;CB;E381;4;2,5
Centro;Lazio;RM;E382;4;0,25
Nord Ovest;Lombardia;VA;E386;12;62
Isole;Sardegna;NU;E387;3;1
Centro;Marche;AN;E388;118,41;336,07
Sud;Calabria;VV;E389;2;2
Isole;Sicilia;AG;E390;2,5;2
Nord Ovest;Valle d'Aosta;AO;E391;0;0
Centro;Lazio;RM;E392;11,5;42
Centro;Lazio;RI;E393;0;0
Nord Ovest;Piemonte;TO;E394;1,5;24
Nord Ovest;Lombardia;MI;E395;34,4;132,83
Sud;Campania;NA;E396;6,96;3,5
Sud;Campania;AV;E397;3;2
Isole;Sardegna;NU;E400;1,27;0
Isole;Sardegna;SS;E401;2;2
Sud;Calabria;RC;E402;0;0
Nord Est;Veneto;VI;E403;0;2,5
Nord Ovest;Lombardia;CO;E405;13;11
Nord Ovest;Piemonte;CN;E406;0;3
Sud;Calabria;CS;E407;5;3
Sud;Basilicata;PZ;E409;10;11
Nord Est;Emilia-Romagna;FE;E410;3;36,25
Centro;Toscana;PI;E413;11,75;6
Nord Ovest;Liguria;SV;E414;13;42
Nord Ovest;Lombardia;MI;E415;129,52;390,53
Nord Ovest;Lombardia;CO;E416;2;6
Sud;Calabria;CS;E417;6;1
Sud;Calabria;CS;E419;0;0
Nord Ovest;Lombardia;BG;E422;10;57,17
Nord Ovest;Piemonte;TO;E423;20,5;98,25
Sud;Abruzzo;CH;E424;2;4
Isole;Sardegna;SS;E425;39,17;56,84
Nord Est;Emilia-Romagna;MO;E426;13,75;43,61
Nord Ovest;Lombardia;CO;E428;11,67;20,9
Nord Est;Veneto;BL;E429;15,09;13,35
Nord Ovest;Piemonte;CN;E430;6;20,22
Isole;Sicilia;AG;E431;2,5;1
Centro;Toscana;PT;E432;11,11;27,34
Nord Ovest;Piemonte;VC;E433;2,5;2,5
Sud;Abruzzo;CH;E435;75,33;185,36
Nord Ovest;Piemonte;NO;E436;0;4
Nord Ovest;Lombardia;PV;E437;15,5;68,75
Nord Est;Emilia-Romagna;PR;E438;24;92,83
Nord Ovest;Lombardia;PV;E439;0;4
Isole;Sardegna;NU;E441;12;7,5
Nord Ovest;Lombardia;SO;E443;15,73;6,05
Nord Ovest;Piemonte;TO;E445;25;39,02
Centro;Marche;AP;E447;2,17;1
Sud;Campania;AV;E448;1,26;0
Sud;Calabria;CS;E450;0;0
Centro;Toscana;PT;E451;9,53;27,7
Nord Ovest;Lombardia;PV;E454;4;12
Sud;Molise;CB;E456;6,77;16,84
Nord Ovest;Valle d'Aosta;AO;E458;34,5;57,8
Isole;Sicilia;PA;E459;14,5;2
Nord Ovest;Lombardia;CO;E462;0;0
Nord Ovest;Liguria;SP;E463;294,88;361,86
Isole;Sardegna;CA;E464;0;0
Nord Est;Veneto;VI;E465;0;1,5
Centro;Toscana;FI;E466;44,51;104,6
Centro;Lazio;VT;E467;6;6
Sud;Puglia;TA;E469;26,1;44
Nord Ovest;Valle d'Aosta;AO;E470;17,18;40,22
Sud;Puglia;BR;E471;3;25,83
Centro;Lazio;LT;E472;234,06;795,76
Nord Est;Friuli- Venezia Giulia;UD;E473;28,69;116,03
Sud;Basilicata;PZ;E474;16,22;5,22
Sud;Calabria;CS;E475;0;2
Nord Est;Friuli- Venezia Giulia;UD;E476;3;1
Sud;Calabria;RC;E479;5;5
Sud;Campania;SA;E480;3;3
Sud;Basilicata;PZ;E482;5,33;2,75
Sud;Basilicata;PZ;E483;13;23,7
Nord Ovest;Piemonte;TO;E484;4;9
Sud;Campania;SA;E485;4,5;1,5
Sud;Campania;SA;E486;1;2
Sud;Campania;AV;E487;2,75;6
Nord Ovest;Liguria;GE;E488;79,7;139,15
Nord Est;Veneto;VR;E489;21,5;99,57
Nord Est;Veneto;BL;E490;4,32;5,49
Sud;Basilicata;PZ;E493;31;28,28
Nord Ovest;Lombardia;VA;E494;21,74;63,15
Nord Ovest;Lombardia;VA;E496;31,17;127,79
Nord Ovest;Lombardia;BS;E497;2;1
Sud;Campania;SA;E498;3;9
Nord Est;Veneto;VR;E502;32,51;147,13
Nord Ovest;Lombardia;MI;E504;29,72;75,84
Sud;Abruzzo;AQ;E505;2;5,5
Sud;Puglia;LE;E506;122,76;718,63
Nord Ovest;Lombardia;LC;E507;210,7;471,53
Nord Ovest;Lombardia;BG;E509;7,8;49,51
Nord Ovest;Lombardia;VA;E510;5,1;56,2
Nord Est;Veneto;VR;E512;41,82;291,14
Nord Ovest;Lombardia;MI;E514;350,5;953,77
Nord Est;Veneto;PD;E515;6,5;125,34
Isole;Sardegna;NU;E517;0;2
Nord Ovest;Piemonte;TO;E518;76,43;242,74
Nord Ovest;Liguria;GE;E519;7,63;17,63
Nord Ovest;Piemonte;TO;E520;4,5;1
Nord Est;Veneto;RO;E522;7,72;77,83
Isole;Sicilia;ME;E523;0;0,5
Nord Ovest;Lombardia;BG;E524;1;5
Nord Ovest;Lombardia;BS;E526;12;124,09
Centro;Lazio;LT;E527;7;12
Nord Ovest;Piemonte;VC;E528;4,5;6
Nord Ovest;Lombardia;MI;E530;63,88;182,45
Sud;Abruzzo;CH;E531;2;1
Isole;Sicilia;SR;E532;29,13;75,63
Centro;Lazio;RI;E535;5,69;15,33
Isole;Sicilia;EN;E536;20,39;55,64
Sud;Puglia;TA;E537;14;14,25
Sud;Puglia;LE;E538;13;39
Nord Ovest;Piemonte;CN;E539;6;7
Nord Ovest;Piemonte;CN;E540;2,5;2
Isole;Sicilia;PA;E541;11,08;7,5
Nord Ovest;Liguria;SP;E542;59,78;117,7
Nord Ovest;Piemonte;AL;E543;1,5;5,56
Nord Ovest;Piemonte;NO;E544;19,17;34,67
Nord Ovest;Piemonte;CN;E546;4;9
Nord Est;Emilia-Romagna;PR;E547;10,78;50
Nord Est;Emilia-Romagna;PR;E548;5,5;8,5
Sud;Puglia;FG;E549;7,5;93,88
Nord Ovest;Lombardia;MI;E550;39,04;136,94
Nord Ovest;Piemonte;TO;E551;5;11
Nord Est;Friuli- Venezia Giulia;UD;E553;8;20
Sud;Campania;CE;E554;0;0
Isole;Sicilia;ME;E555;6,5;18,52
Sud;Campania;NA;E557;3,5;5
Sud;Abruzzo;PE;E558;4;0
Sud;Abruzzo;CH;E559;1;1
Nord Ovest;Liguria;SP;E560;30,25;44
Nord Ovest;Lombardia;BG;E562;4,5;36,12
Sud;Puglia;LE;E563;4,83;23,5
Nord Ovest;Piemonte;CN;E564;2;0
Nord Ovest;Piemonte;TO;E566;8;6
Nord Ovest;Lombardia;CO;E569;6,75;5
Sud;Campania;CE;E570;1;2
Isole;Sicilia;ME;E571;10;1
Isole;Sicilia;AG;E573;34,33;42
Centro;Toscana;MS;E574;18;10
Centro;Lazio;RM;E576;7;2
Isole;Sicilia;CT;E578;5;3,5
Nord Ovest;Lombardia;LC;E581;11,18;26,5
Nord Ovest;Piemonte;VC;E583;0;6
Nord Est;Friuli- Venezia Giulia;UD;E584;121,27;443,76
Nord Ovest;Valle d'Aosta;AO;E587;1;0
Nord Est;Veneto;BL;E588;11,67;41,43
Sud;Campania;BN;E589;3;2
Sud;Calabria;VV;E590;0;1
Nord Ovest;Lombardia;MI;E591;198,61;491,03
Nord Est;Veneto;PD;E592;8,07;206,69
Nord Ovest;Lombardia;CO;E593;15,5;63,83
Isole;Sicilia;ME;E594;0,33;2,66
Nord Ovest;Lombardia;BS;E596;1;2,5
Nord Ovest;Piemonte;CN;E597;35,01;107,7
Sud;Molise;CB;E599;2;3
Nord Ovest;Lombardia;PV;E600;4,5;37
Isole;Sicilia;CT;E602;8,33;22
Sud;Campania;AV;E605;7,5;15,83
Isole;Sicilia;ME;E606;17,63;20,82
Nord Ovest;Lombardia;CO;E607;29,08;64,67
Nord Ovest;Lombardia;PV;E608;0,25;0
Nord Ovest;Lombardia;MI;E610;13;69,25
Sud;Abruzzo;CH;E611;1;5
Centro;Umbria;PG;E613;7;9
Nord Ovest;Piemonte;CN;E615;2;0
Nord Ovest;Lombardia;MI;E617;220,17;645,32
Isole;Sicilia;CL;E618;0;1
Sud;Campania;NA;E620;2,5;3,5
Nord Ovest;Lombardia;SO;E621;38,36;44,01
Nord Ovest;Lombardia;CO;E623;0;2
Centro;Toscana;LI;E625;351,79;1108,17
Nord Ovest;Piemonte;VC;E626;6,34;30,17
Nord Ovest;Lombardia;LO;E627;5;27,5
Sud;Puglia;LE;E629;7;30,75
Sud;Puglia;TA;E630;1;4
Nord Ovest;Liguria;SV;E632;100,42;267,82
Nord Ovest;Piemonte;AT;E633;12;10
Nord Ovest;Piemonte;TO;E635;4,17;6,5
Nord Ovest;Lombardia;CO;E638;11;31
Nord Ovest;Lombardia;MI;E639;74,38;169,89
Nord Ovest;Lombardia;BG;E640;1;4,75
Isole;Sardegna;NU;E644;6;8
Sud;Puglia;BA;E645;19;37
Isole;Sardegna;NU;E646;0;0
Isole;Sardegna;NU;E647;0;0
Nord Ovest;Lombardia;LO;E648;185,61;600,35
Isole;Sardegna;NU;E649;0;0
Nord Ovest;Lombardia;LO;E651;35,04;99,51
Nord Ovest;Lombardia;BS;E652;2;11,5
Nord Ovest;Lombardia;BS;E654;2,33;32,34
Nord Est;Emilia-Romagna;BO;E655;23;63,84
Nord Ovest;Lombardia;LC;E656;19;61,67
Nord Ovest;Lombardia;CO;E659;34,67;146,92
Nord Ovest;Piemonte;TO;E660;3,5;29
Nord Ovest;Piemonte;TO;E661;1;13
Nord Ovest;Lombardia;PV;E662;4;15,5
Nord Ovest;Lombardia;VA;E665;15,5;86
Nord Ovest;Lombardia;VA;E666;29,77;150,27
Centro;Toscana;FI;E668;4;11,5
Sud;Molise;IS;E669;1;1
Nord Est;Veneto;VI;E671;4,99;55,25
Nord Ovest;Lombardia;BS;E673;0;1
Isole;Sicilia;ME;E674;1;0
Nord Est;Emilia-Romagna;FO;E675;6,25;53,25
Sud;Calabria;CS;E677;5;1
Sud;Calabria;CS;E678;6,88;3
Nord Ovest;Lombardia;CO;E679;9;28
Centro;Toscana;LI;E680;10;33,75
Centro;Lazio;RI;E681;2;2
Nord Est;Veneto;VI;E682;14,61;137,83
Nord Ovest;Piemonte;TO;E683;2;8
Nord Est;Veneto;PD;E684;4;62,33
Nord Ovest;Piemonte;VB;E685;1;1
Nord Est;Veneto;BL;E687;4,14;4,67
Nord Est;Veneto;RO;E689;0;16
Centro;Marche;AN;E690;26,63;95,34
Sud;Abruzzo;PE;E691;10,5;36,5
Nord Est;Veneto;TV;E692;3;47,56
Centro;Toscana;AR;E693;23;59,36
Centro;Marche;MC;E694;2,03;8
Nord Ovest;Liguria;GE;E695;2;1
Nord Ovest;Lombardia;BS;E698;0;2,5
Isole;Sardegna;NU;E700;3;4
Nord Ovest;Lombardia;BG;E704;19,83;46,35
Nord Ovest;Lombardia;SO;E705;0,83;1
Nord Ovest;Lombardia;BS;E706;1;6,5
Nord Ovest;Lombardia;VA;E707;2;19,5
Nord Est;Veneto;BL;E708;7,33;7,67
Nord Est;Veneto;PD;E709;2,5;15
Nord Ovest;Piemonte;VC;E711;4;5
Centro;Lazio;VT;E713;4,54;3,08
Isole;Sicilia;AG;E714;7;1
Centro;Toscana;LU;E715;188,38;488,17
Sud;Puglia;FG;E716;47,64;117,3
Centro;Toscana;AR;E718;3,89;28,44
Nord Ovest;Liguria;IM;E719;9;0
Sud;Molise;CB;E722;1;3
Sud;Abruzzo;AQ;E723;10;13,96
Sud;Abruzzo;AQ;E724;17,25;19,16
Nord Est;Emilia-Romagna;PC;E726;9;26,06
Centro;Umbria;TR;E729;4,67;3
Nord Est;Emilia-Romagna;RA;E730;52,5;242,36
Nord Est;Veneto;VI;E731;2,5;27,1
Nord Ovest;Lombardia;VA;E734;78,43;185,21
Nord Ovest;Lombardia;CO;E735;8,5;52,44
Isole;Sardegna;NU;E736;0;0
Nord Ovest;Liguria;GE;E737;6;7
Nord Ovest;Lombardia;BS;E738;53,87;115,33
Isole;Sardegna;CA;E742;0;0
Centro;Marche;PS;E743;0;5,5
Sud;Calabria;CS;E745;2,5;1
Sud;Campania;AV;E746;1,67;4
Isole;Sardegna;SS;E747;4;1
Sud;Molise;CB;E748;7;6
Nord Ovest;Lombardia;CO;E749;16,5;57,19
Nord Ovest;Lombardia;CO;E750;2;19,97
Nord Ovest;Lombardia;BG;E751;7,34;42
Isole;Sardegna;SS;E752;0;4,75
Nord Ovest;Lombardia;CO;E753;27,5;92,27
Sud;Campania;CE;E754;11;66,43
Nord Ovest;Piemonte;TO;E758;30,45;92,25
Nord Ovest;Piemonte;TO;E759;0;3
Nord Est;Friuli- Venezia Giulia;UD;E760;0;3
Nord Est;Veneto;RO;E761;1,78;9
Nord Ovest;Piemonte;TO;E763;0;1,95
Sud;Campania;SA;E767;0;0
Nord Ovest;Lombardia;VA;E769;4;16,77
Nord Ovest;Lombardia;BG;E770;1;7
Nord Est;Emilia-Romagna;RE;E772;18;84,8
Sud;Calabria;CS;E773;8,33;12,4
Nord Ovest;Lombardia;LO;E777;0;1
Sud;Molise;IS;E778;0;2
Sud;Molise;IS;E779;1;4
Sud;Molise;CB;E780;2;0
Nord Ovest;Piemonte;TO;E782;2;5
Centro;Marche;MC;E783;169,42;325,75
Sud;Campania;CE;E784;9,5;40,5
Centro;Marche;PS;E785;2;4,5
Nord Ovest;Lombardia;MI;E786;38,22;95,26
Nord Ovest;Lombardia;BS;E787;1;20,75
Isole;Sardegna;NU;E788;5;17,55
Nord Ovest;Piemonte;CN;E789;1;0
Nord Ovest;Piemonte;VB;E790;12,33;12,25
Sud;Campania;CE;E791;53,71;123,44
Nord Ovest;Lombardia;CR;E793;2,5;24,5
Nord Ovest;Lombardia;BG;E794;12,5;73,59
Nord Ovest;Piemonte;VB;E795;2;5
Centro;Lazio;LT;E798;6;3
Sud;Molise;CB;E799;2;8
Nord Ovest;Lombardia;MI;E801;202,03;415,22
Nord Ovest;Piemonte;NO;E803;3;9
Nord Ovest;Lombardia;PV;E804;1;19
Centro;Umbria;PG;E805;37,32;119,41
Sud;Calabria;CZ;E806;2;0
Centro;Marche;AP;E807;1;2
Nord Ovest;Piemonte;CN;E808;4,5;10
Nord Ovest;Piemonte;CN;E809;2;15
Centro;Toscana;GR;E810;6,67;15,5
Sud;Abruzzo;AQ;E811;7,67;6,67
Centro;Lazio;RI;E812;4,95;9,95
Centro;Lazio;RM;E813;4,25;5,38
Sud;Campania;SA;E814;2;1
Sud;Puglia;LE;E815;13,51;45,46
Nord Ovest;Liguria;SV;E816;3;22
Nord Ovest;Piemonte;TO;E817;0,5;4
Nord Ovest;Lombardia;MN;E818;2;10
Nord Ovest;Lombardia;MI;E819;20,83;120,84
Nord Est;Friuli- Venezia Giulia;UD;E820;1;13
Nord Ovest;Piemonte;BI;E821;3;8,25
Isole;Sardegna;NU;E825;3;0
Nord Ovest;Lombardia;CO;E830;4;9
Nord Est;Friuli- Venezia Giulia;UD;E833;12,5;44,67
Sud;Calabria;CZ;E834;11,39;1
Sud;Calabria;CS;E835;0;1
Sud;Calabria;VV;E836;4;2
Centro;Marche;AN;E837;6,67;47,32
Nord Est;Emilia-Romagna;RN;E838;0;0
Sud;Campania;SA;E839;9,33;9,33
Nord Ovest;Lombardia;LO;E840;3;18
Nord Ovest;Lombardia;BS;E841;1;29,5
Nord Ovest;Liguria;SP;E842;0;2
Nord Ovest;Lombardia;CR;E843;0,13;12
Nord Est;Emilia-Romagna;BO;E844;26,01;135,63
Nord Est;Veneto;VR;E848;19,86;15,77
Nord Ovest;Lombardia;BS;E851;3,25;17
Nord Ovest;Lombardia;LO;E852;3;24,75
Nord Ovest;Piemonte;VB;E853;3,33;15,93
Isole;Sicilia;CT;E854;2;15
Isole;Sicilia;ME;E855;2;1
Nord Ovest;Lombardia;LC;E858;11;38,9
Sud;Calabria;CS;E859;0;0
Nord Ovest;Liguria;SV;E860;10,17;1,17
Nord Ovest;Lombardia;VA;E863;67,84;202,84
Nord Est;Veneto;VI;E864;13,29;137,81
Nord Ovest;Lombardia;BS;E865;6,5;12,5
Centro;Marche;AP;E868;3;15,5
Isole;Sicilia;ME;E869;0;2
Nord Ovest;Piemonte;AL;E870;1;1
Sud;Calabria;CS;E872;1;1
Sud;Calabria;RC;E873;1;0
Isole;Sardegna;NU;E874;1;2
Centro;Toscana;GR;E875;32,5;34,5
Isole;Sicilia;ME;E876;0;1
Isole;Sardegna;CA;E877;0;0
Sud;Calabria;CS;E878;4;9,83
Nord Ovest;Lombardia;LC;E879;31,09;90,32
Nord Ovest;Piemonte;NO;E880;0;1
Sud;Puglia;TA;E882;15,17;65,29
Nord Ovest;Lombardia;BS;E883;15,12;219,04
Nord Ovest;Lombardia;BS;E884;29,5;109,99
Sud;Puglia;FG;E885;91,26;250,69
Nord Ovest;Piemonte;CN;E887;2;2
Sud;Calabria;CS;E888;1;0
Nord Est;Friuli- Venezia Giulia;PN;E889;23,5;93,17
Sud;Campania;AV;E891;4;10
Sud;Abruzzo;PE;E892;5;36
Nord Est;Veneto;TV;E893;5;20,25
Nord Ovest;Piemonte;CN;E894;17,5;42,84
Nord Ovest;Lombardia;SO;E896;3,44;0,44
Nord Ovest;Lombardia;MN;E897;196,96;549,87
Nord Est;Friuli- Venezia Giulia;UD;E899;12,7;49
Centro;Lazio;RM;E900;14,7;33
Nord Ovest;Lombardia;BG;E901;7,33;72,02
Isole;Sardegna;SS;E902;0;3
Isole;Sardegna;CA;E903;4;21
Nord Est;Emilia-Romagna;MO;E904;48,31;197,54
Nord Est;Emilia-Romagna;MO;E905;11;51,5
Sud;Campania;NA;E906;21,08;143,01
Nord Ovest;Piemonte;NO;E907;2;17,01
Centro;Lazio;RM;E908;0,5;0
Nord Est;Friuli- Venezia Giulia;UD;E910;5;6
Nord Est;Veneto;VR;E911;4;10
Nord Est;Veneto;VI;E912;6;78
Sud;Calabria;CS;E914;3;1
Sud;Calabria;CS;E915;1;2
Nord Ovest;Piemonte;AT;E917;2;1
Sud;Basilicata;PZ;E919;10;11,66
Nord Ovest;Lombardia;MI;E921;45,12;79,5
Nord Ovest;Lombardia;MN;E922;3;38,84
Sud;Calabria;CZ;E923;0;0
Centro;Lazio;RM;E924;11,5;13
Sud;Calabria;CZ;E925;2;3
Centro;Lazio;RI;E927;0;1
Nord Ovest;Lombardia;BS;E928;4,5;29,84
Nord Ovest;Lombardia;VA;E929;22;42,5
Centro;Toscana;LI;E930;18;16
Centro;Toscana;LI;E931;11,25;11
Sud;Campania;CE;E932;43,81;446,83
Centro;Toscana;AR;E933;2;32,5
Nord Ovest;Lombardia;PV;E934;8;31,33
Nord Est;Veneto;VE;E936;10;282,07
Nord Ovest;Piemonte;CN;E939;4;20,54
Nord Est;Veneto;TV;E940;9,5;80,67
Nord Ovest;Piemonte;TO;E941;1;10
Nord Ovest;Piemonte;AT;E944;0;0
Nord Ovest;Piemonte;CN;E945;1;7
Sud;Puglia;FG;E946;24,5;64,82
Nord Ovest;Lombardia;LC;E947;2,09;9
Nord Ovest;Lombardia;MN;E949;2;3,5
Nord Ovest;Lombardia;CO;E951;116,4;295,53
Isole;Sicilia;CL;E953;2;2
Sud;Campania;NA;E954;13,5;58,5
Sud;Campania;NA;E955;40;75,32
Sud;Calabria;RC;E956;4;2
Isole;Sicilia;PA;E957;6,5;4
Centro;Lazio;RM;E958;129,17;538,03
Centro;Toscana;PT;E960;12;30
Nord Ovest;Lombardia;BS;E961;3,33;4,33
Nord Ovest;Lombardia;MN;E962;11;75,13
Nord Ovest;Piemonte;CN;E963;1;1
Nord Ovest;Lombardia;VA;E965;19,4;90,14
Nord Ovest;Lombardia;BS;E967;18;18
Sud;Calabria;RC;E968;0;1
Nord Est;Veneto;VI;E970;21,63;114,79
Centro;Toscana;FI;E971;6;14
Isole;Sardegna;OR;E972;0;1
Nord Ovest;Piemonte;CN;E973;2;3
Isole;Sicilia;TP;E974;87,37;194,93
Centro;Umbria;PG;E975;66,49;133,97
Sud;Basilicata;PZ;E976;5;1,15
Sud;Basilicata;PZ;E977;8,5;26
Centro;Lazio;VT;E978;9,84;4
Sud;Puglia;LE;E979;4;7,17
Nord Est;Veneto;VE;E980;14,94;315,18
Nord Est;Friuli- Venezia Giulia;UD;E982;12,63;75,3
Nord Ovest;Lombardia;CR;E983;3;20,5
Sud;Puglia;LE;E984;3;1
Sud;Puglia;TA;E986;58,55;123,51
Nord Ovest;Lombardia;BG;E987;23,51;138,94
Nord Ovest;Piemonte;CN;E988;1,5;3,78
Sud;Abruzzo;TE;E989;58,04;241,67
Sud;Calabria;CZ;E991;0;0
Isole;Sardegna;SS;E992;0;0
Sud;Calabria;RC;E993;2,83;2
Nord Ovest;Lombardia;LO;E994;8;17
Sud;Puglia;TA;E995;6,83;9,83
Sud;Campania;AV;E997;5,34;0
Sud;Campania;CE;E998;3;0
Nord Ovest;Lombardia;PV;E999;3;39,5
Sud;Calabria;CS;F001;1;0
Nord Ovest;Lombardia;VA;F002;0;5
Nord Ovest;Lombardia;MI;F003;17;67,25
Isole;Sicilia;CT;F004;28,56;205,96
Isole;Sicilia;CT;F005;7,16;112,76
Sud;Basilicata;PZ;F006;5,25;1
Nord Ovest;Lombardia;VA;F007;2;0
Nord Est;Veneto;TV;F009;6;21,5
Nord Ovest;Piemonte;VB;F010;11;6,5
Nord Est;Veneto;PD;F011;3;120,28
Nord Est;Veneto;TV;F012;11,53;93,86
Nord Est;Veneto;PD;F013;0;15
Nord Ovest;Piemonte;AL;F015;5;9,5
Nord Est;Emilia-Romagna;FE;F016;0,67;16
Nord Ovest;Lombardia;CO;F017;13,2;28,37
Nord Ovest;Liguria;GE;F020;9,5;14
Centro;Marche;AP;F021;0;0
Sud;Abruzzo;AQ;F022;2,67;3
Centro;Toscana;MS;F023;171,13;308,23
Centro;Umbria;PG;F024;8,16;11,99
Centro;Toscana;PT;F025;3;60,51
Sud;Puglia;TA;F027;63,17;105,88
Nord Ovest;Lombardia;LO;F028;3;71,16
Nord Est;Emilia-Romagna;RA;F029;21,5;117,02
Sud;Campania;NA;F030;11,81;11
Centro;Toscana;GR;F032;36,75;58,25
Nord Est;Veneto;PD;F033;3;89,17
Centro;Toscana;LU;F035;35,05;51,84
Nord Ovest;Piemonte;BI;F037;0;3
Nord Ovest;Piemonte;TO;F041;0;0
Nord Ovest;Piemonte;BI;F042;11;16
Sud;Campania;CE;F043;5;23
Centro;Marche;AP;F044;6,33;17,33
Nord Ovest;Liguria;SV;F046;0;0
Nord Ovest;Piemonte;NO;F047;9;19
Nord Ovest;Piemonte;VB;F048;0;0
Isole;Sardegna;OR;F050;0;1
Centro;Marche;MC;F051;27;67,11
Sud;Basilicata;MT;F052;170,57;286,95
Nord Ovest;Piemonte;TO;F053;9;25,01
Sud;Puglia;LE;F054;10,2;21,67
Sud;Molise;CB;F055;3;3
Nord Ovest;Piemonte;TO;F058;3,66;7,33
Sud;Puglia;FG;F059;13;14,67
Isole;Sicilia;TP;F061;33,92;57,66
Nord Ovest;Lombardia;BS;F063;17,48;153,99
Centro;Lazio;RM;F064;9,5;5
Isole;Sicilia;CL;F065;7,09;20
Isole;Sicilia;ME;F066;2,33;0
Nord Ovest;Piemonte;TO;F067;6;46,5
Nord Ovest;Lombardia;SO;F070;5;4
Isole;Sardegna;NU;F073;0;0
Nord Ovest;Piemonte;TO;F074;5;5
Nord Ovest;Lombardia;MI;F078;147,81;378,07
Nord Ovest;Lombardia;PV;F080;16,5;51
Nord Est;Emilia-Romagna;PR;F082;35,16;120,33
Nord Est;Emilia-Romagna;BO;F083;47,8;188,63
Nord Ovest;Lombardia;MI;F084;21;175,5
Nord Ovest;Lombardia;BG;F085;7;28,02
Nord Ovest;Lombardia;MN;F086;3;33,45
Nord Est;Emilia-Romagna;MO;F087;9;95,66
Nord Est;Veneto;TV;F088;6,4;23,23
Nord Est;Friuli- Venezia Giulia;PN;F089;3;3,17
Nord Est;Veneto;PD;F092;3;11
Nord Ovest;Piemonte;NO;F093;23;39,66
Nord Est;Veneto;RO;F095;3,12;18
Nord Ovest;Piemonte;AL;F096;3;6
Nord Est;Emilia-Romagna;FO;F097;17;68,22
Nord Ovest;Liguria;GE;F098;5,5;15
Nord Ovest;Lombardia;MI;F100;108,92;206,25
Sud;Puglia;LE;F101;2;28,56
Nord Ovest;Lombardia;LO;F102;3;2,5
Sud;Basilicata;PZ;F104;34,73;47,42
Sud;Calabria;RC;F105;0;0
Sud;Calabria;RC;F106;0;3,34
Isole;Sicilia;SR;F107;17,1;53,72
Sud;Calabria;KR;F108;6;4
Sud;Puglia;LE;F109;2,5;14,11
Sud;Campania;AV;F110;0;1
Sud;Campania;NA;F111;21,05;113,78
Sud;Calabria;RC;F112;3;6
Sud;Campania;BN;F113;2;3
Nord Ovest;Piemonte;CN;F114;5,5;9
Nord Ovest;Lombardia;SO;F115;4;0
Nord Est;Veneto;TV;F116;37,42;163,77
Sud;Puglia;LE;F117;3;2
Nord Ovest;Lombardia;MI;F119;98,11;234,66
Nord Ovest;Lombardia;CO;F120;14,39;55,05
Nord Ovest;Lombardia;PV;F122;1;4
Nord Ovest;Liguria;IM;F123;4;1
Sud;Calabria;CS;F125;7;5
Isole;Sicilia;AG;F126;16,49;18,77
Centro;Lazio;RM;F127;57;174,5
Nord Est;Veneto;VE;F130;7;62
Nord Ovest;Piemonte;AL;F131;1;0
Nord Ovest;Lombardia;LC;F133;71,52;207,9
Nord Ovest;Lombardia;VA;F134;6,5;9
Centro;Marche;PS;F135;0;2,5
Centro;Marche;PS;F136;1;2
Nord Est;Emilia-Romagna;RN;F137;15,96;35,5
Sud;Campania;SA;F138;28;34,17
Nord Est;Emilia-Romagna;FO;F139;9;58,83
Nord Ovest;Piemonte;TO;F140;4;9
Sud;Campania;AV;F141;8,33;67,75
Nord Est;Friuli- Venezia Giulia;UD;F144;1;9,5
Centro;Marche;AN;F145;0;4
Nord Ovest;Piemonte;VB;F146;8;15
Isole;Sicilia;ME;F147;3;4
Nord Est;Veneto;PD;F148;2,95;13,52
Nord Ovest;Lombardia;LO;F149;3;41,5
Nord Ovest;Lombardia;CO;F151;5,33;31,83
Sud;Puglia;BR;F152;35,89;102,45
Nord Ovest;Lombardia;SO;F153;8,07;7,33
Nord Ovest;Lombardia;VA;F154;3;48
Nord Ovest;Lombardia;MI;F155;12,5;58,94
Nord Est;Emilia-Romagna;FE;F156;5,67;38,34
Sud;Calabria;KR;F157;12;3
Isole;Sicilia;ME;F158;325,18;511,89
Nord Est;Veneto;PD;F161;8,67;240,5
Sud;Campania;NA;F162;22,16;11,5
Nord Ovest;Lombardia;MI;F165;10;55,89
Nord Ovest;Piemonte;BI;F167;2;9
Nord Ovest;Lombardia;PV;F170;3;7
Nord Ovest;Lombardia;PV;F171;1;2
Nord Est;Veneto;VR;F172;4;21,75
Nord Ovest;Liguria;GE;F173;6;7,5
Nord Ovest;Lombardia;PV;F175;3;20
Nord Ovest;Piemonte;TO;F182;2;12,2
Isole;Sicilia;PA;F184;3;0
Nord Ovest;Lombardia;BG;F186;2;3,65
Nord Ovest;Piemonte;NO;F188;3;16,75
Nord Ovest;Piemonte;BI;F189;1,17;2
Nord Est;Veneto;TV;F190;8,75;13,5
Nord Ovest;Piemonte;NO;F191;7;13
Nord Ovest;Piemonte;VB;F192;2,33;6
Centro;Lazio;RI;F193;3,5;2
Sud;Puglia;LE;F194;1;3
Sud;Abruzzo;CH;F196;9,17;25
Sud;Calabria;CZ;F200;1;1
Sud;Basilicata;MT;F201;6;4
Nord Ovest;Liguria;GE;F202;16,5;17
Sud;Campania;CE;F203;6,41;2
Nord Ovest;Lombardia;MI;F205;10938,09;12260,01
Isole;Sicilia;ME;F206;40,76;125,1
Sud;Calabria;VV;F207;3,5;2
Isole;Sardegna;OR;F208;0;1
Isole;Sicilia;CT;F209;6,5;9
Isole;Sicilia;ME;F210;2;0,5
Nord Ovest;Liguria;SV;F213;20;30
Isole;Sicilia;CT;F214;1;2,44
Nord Ovest;Lombardia;BS;F216;0;14
Isole;Sicilia;CT;F217;8,5;8,96
Nord Est;Veneto;VR;F218;5,89;47,3
Nord Est;Emilia-Romagna;BO;F219;19,75;79,55
Sud;Puglia;BA;F220;12,88;22,11
Sud;Puglia;LE;F221;5;8,84
Sud;Campania;SA;F223;6,83;1
Centro;Lazio;LT;F224;40,03;32,13
Centro;Toscana;LU;F225;2;4
Nord Ovest;Liguria;SV;F226;2;6
Nord Est;Veneto;VE;F229;40,29;460,71
Sud;Campania;AV;F230;7;7,27
Isole;Sicilia;CT;F231;5;9,5
Nord Ovest;Piemonte;AL;F232;2,51;5,23
Sud;Molise;CB;F233;4;10
Nord Ovest;Lombardia;PV;F238;10,83;31,66
Sud;Molise;IS;F239;2;1
Nord Est;Emilia-Romagna;MO;F240;110,83;333,18
Nord Est;Veneto;VE;F241;33,25;279,97
Isole;Sicilia;ME;F242;3;0
Nord Ovest;Lombardia;BG;F243;5,25;38,16
Nord Est;Emilia-Romagna;RN;F244;57,92;159,09
Isole;Sicilia;PA;F246;10,16;10
Nord Ovest;Lombardia;MI;F247;19;87,33
Nord Ovest;Lombardia;LC;F248;35,56;109,84
Sud;Basilicata;PZ;F249;3,67;0
Isole;Sicilia;CT;F250;29,05;112,28
Isole;Sicilia;ME;F251;3;9,11
Nord Ovest;Piemonte;AT;F254;0;2
Nord Ovest;Liguria;GE;F256;9;9
Nord Est;Emilia-Romagna;MO;F257;932,66;2393,82
Isole;Sicilia;RG;F258;63,02;226,88
Nord Est;Emilia-Romagna;FO;F259;7;12,3
Nord Ovest;Lombardia;LO;F260;17;94,17
Isole;Sardegna;NU;F261;0;1
Sud;Puglia;BA;F262;72,37;231,55
Nord Ovest;Lombardia;LC;F265;16,51;42,16
Nord Est;Friuli- Venezia Giulia;UD;F266;7,49;11,08
Nord Ovest;Lombardia;MN;F267;4;50,25
Centro;Marche;MC;F268;10,89;14,01
Nord Est;Veneto;TV;F269;74,1;624,86
Isole;Sardegna;OR;F270;0;0
Isole;Sardegna;OR;F271;0;0,2
Isole;Sardegna;OR;F272;3;1
Sud;Campania;BN;F274;5;2
Nord Est;Friuli- Venezia Giulia;UD;F275;1;12,33
Nord Ovest;Lombardia;BG;F276;3,07;4
Isole;Sicilia;ME;F277;4;1
Sud;Campania;SA;F278;1;3
Nord Ovest;Piemonte;CN;F279;0;1
Sud;Puglia;BA;F280;68,95;92,54
Nord Ovest;Piemonte;AL;F281;8;6,66
Centro;Toscana;LU;F283;3;3
Sud;Puglia;BA;F284;139,52;196,04
Sud;Campania;BN;F287;0;0
Nord Est;Emilia-Romagna;BO;F288;29,05;159,06
Nord Ovest;Liguria;IM;F290;16;3
Nord Ovest;Piemonte;AL;F293;0;3,5
Sud;Molise;CB;F294;0;2
Sud;Basilicata;PZ;F295;9,5;7
Nord Ovest;Piemonte;VC;F297;4;5
Isole;Sicilia;AG;F299;24,75;23,5
Sud;Calabria;RC;F301;1;0
Nord Ovest;Lombardia;LC;F304;9;21,17
Nord Ovest;Lombardia;CO;F305;4,5;12,6
Nord Ovest;Piemonte;AT;F308;0;1
Nord Ovest;Piemonte;CN;F309;0;3
Centro;Marche;PS;F310;3;21
Nord Ovest;Piemonte;AT;F311;3,4;2
Nord Ovest;Piemonte;CN;F312;0;1
Nord Ovest;Piemonte;AL;F313;4;8
Nord Ovest;Piemonte;TO;F315;1;3
Nord Ovest;Piemonte;AT;F316;4;10,5
Nord Ovest;Piemonte;NO;F317;5;15,67
Nord Ovest;Piemonte;TO;F318;7;3
Centro;Lazio;RI;F319;5;2
Nord Ovest;Piemonte;AL;F320;4;2
Sud;Molise;CB;F322;0;0
Nord Ovest;Piemonte;AT;F323;1,5;4
Sud;Calabria;RC;F324;5,75;4
Nord Ovest;Piemonte;AT;F325;4;4
Nord Ovest;Piemonte;CN;F326;11;15
Nord Ovest;Piemonte;TO;F327;2;6
Nord Ovest;Lombardia;BG;F328;5;19,75
Nord Ovest;Piemonte;CN;F329;1;1
Nord Ovest;Piemonte;CN;F330;4;11,5
Nord Est;Veneto;TV;F332;3;55,17
Isole;Sardegna;CA;F333;5,7;4
Nord Ovest;Piemonte;TO;F335;340,18;716,47
Nord Ovest;Piemonte;AT;F336;6;19
Nord Ovest;Piemonte;AL;F337;0;0
Nord Ovest;Piemonte;CN;F338;2;3
Nord Est;Emilia-Romagna;PR;F340;5;10
Nord Ovest;Piemonte;VC;F342;1,44;8,44
Nord Ovest;Piemonte;AT;F343;1,5;7
Nord Est;Emilia-Romagna;RN;F346;2;3,92
Centro;Marche;PS;F347;2;12,5
Centro;Marche;PS;F348;23,54;158,67
Nord Ovest;Piemonte;CN;F351;173,99;298,42
Sud;Campania;CE;F352;18,92;77,4
Nord Ovest;Liguria;GE;F354;32;69
Nord Ovest;Piemonte;CN;F355;1;4
Nord Est;Emilia-Romagna;MO;F357;44,06;126,15
Nord Ovest;Piemonte;CN;F358;14;14,7
Isole;Sicilia;ME;F359;13;2
Nord Est;Veneto;TV;F360;0;8
Nord Ovest;Piemonte;AT;F361;2;1
Nord Est;Emilia-Romagna;BO;F363;22,5;56,83
Sud;Calabria;VV;F364;0;0
Nord Ovest;Piemonte;AL;F365;1;1
Nord Ovest;Valle d'Aosta;AO;F367;3,11;9,66
Isole;Sicilia;ME;F368;8;1
Nord Ovest;Piemonte;BI;F369;15,5;31
Sud;Calabria;CS;F370;0;2
Nord Ovest;Lombardia;CO;F372;6;30,5
Nord Ovest;Lombardia;BS;F373;12,67;57,11
Nord Ovest;Piemonte;AL;F374;0;5
Nord Ovest;Lombardia;BS;F375;3,08;9
Sud;Puglia;BA;F376;113,92;427,55
Isole;Sicilia;PA;F377;46,17;39,63
Centro;Marche;AP;F379;2;6
Centro;Marche;AP;F380;8;25,5
Centro;Marche;AN;F381;3;17,76
Nord Est;Veneto;PD;F382;22,2;170,66
Isole;Sardegna;CA;F383;8,44;72,79
Centro;Toscana;PT;F384;20,5;200,02
Nord Ovest;Piemonte;CN;F385;6;16
Nord Ovest;Piemonte;AT;F386;1;0
Nord Ovest;Piemonte;AL;F387;5;3
Nord Ovest;Piemonte;AT;F390;1;8
Sud;Molise;CB;F391;2;2
Nord Ovest;Lombardia;SO;F393;7,75;7
Nord Est;Veneto;PD;F394;10;87,39
Isole;Sicilia;ME;F395;0;0
Sud;Campania;AV;F397;0;0
Centro;Toscana;FI;F398;18,6;31,25
Sud;Basilicata;MT;F399;27;4
Isole;Sicilia;ME;F400;1,67;3
Centro;Marche;AN;F401;13,5;42,84
Nord Ovest;Piemonte;AL;F403;0;1
Nord Ovest;Piemonte;AL;F404;1,5;5,5
Nord Ovest;Piemonte;CN;F405;11,08;14,03
Nord Ovest;Piemonte;TO;F407;0;1
Nord Ovest;Piemonte;CN;F408;1;3
Nord Ovest;Piemonte;AT;F409;0;1
Centro;Toscana;PT;F410;17;55
Nord Ovest;Piemonte;TO;F411;5;10
Isole;Sicilia;AG;F414;2;3
Centro;Marche;AP;F415;1;3
Sud;Calabria;CS;F416;33,25;64
Nord Ovest;Lombardia;PV;F417;0;5
Centro;Lazio;VT;F419;37;37,75
Nord Ovest;Piemonte;TO;F420;7;33,17
Nord Ovest;Piemonte;TO;F422;13;38
Nord Ovest;Lombardia;LO;F423;2;35,05
Nord Ovest;Piemonte;CN;F424;1;5
Sud;Campania;SA;F426;1;0
Nord Ovest;Lombardia;CO;F427;5,5;57
Centro;Marche;AP;F428;0;1
Sud;Molise;IS;F429;1;4,5
Centro;Lazio;RI;F430;1;2
Sud;Calabria;CZ;F432;7;7
Sud;Abruzzo;CH;F433;2;0
Nord Ovest;Lombardia;CR;F434;1,5;33,16
Centro;Toscana;GR;F437;37,89;116,2
Nord Ovest;Lombardia;PV;F440;1;11,11
Sud;Abruzzo;PE;F441;1;2
Nord Est;Veneto;VI;F442;7;55,28
Nord Est;Veneto;TV;F443;37,01;318,04
Nord Ovest;Liguria;GE;F445;0;0
Centro;Lazio;RI;F446;4;2,5
Sud;Campania;AV;F448;2,67;6
Nord Ovest;Lombardia;PV;F449;2;6
Centro;Marche;PS;F450;2,5;16
Centro;Toscana;LU;F452;8;10,66
Centro;Marche;AN;F453;6;11
Centro;Marche;MC;F454;11,5;25
Nord Ovest;Piemonte;AL;F455;1;1
Centro;Umbria;PG;F456;5;9,25
Centro;Umbria;TR;F457;16;28,95
Centro;Toscana;PI;F458;6,88;27
Centro;Marche;MC;F460;1,5;0
Nord Est;Veneto;VR;F461;3,23;35,06
Centro;Umbria;TR;F462;11;10,5
Nord Est;Emilia-Romagna;RE;F463;27,89;110,94
Nord Est;Veneto;VI;F464;21,55;244,45
Nord Est;Veneto;VI;F465;4,33;36,11
Centro;Marche;PS;F467;0;0
Nord Ovest;Piemonte;AT;F468;3;3
Nord Ovest;Piemonte;AL;F469;0;4
Nord Ovest;Lombardia;BS;F471;43;334,65
Nord Est;Emilia-Romagna;PR;F473;48;133,76
Sud;Molise;CB;F475;4;5
Centro;Lazio;RM;F477;13,5;63,73
Nord Est;Emilia-Romagna;RN;F478;3,5;9,25
Sud;Campania;SA;F479;2,33;7
Sud;Campania;SA;F480;14;67,5
Sud;Campania;SA;F481;22,22;28,25
Centro;Marche;MC;F482;11,5;38,5
Nord Ovest;Piemonte;VB;F483;12,5;2
Nord Est;Emilia-Romagna;MO;F484;2,2;28
Nord Est;Veneto;VI;F486;4;18,5
Centro;Marche;AP;F487;0;0
Sud;Campania;NA;F488;7,5;5
Isole;Sicilia;CL;F489;1;0
Sud;Campania;AV;F491;7,77;11
Centro;Umbria;PG;F492;5;23
Centro;Marche;AP;F493;0;0
Sud;Campania;BN;F494;4;0
Sud;Molise;CB;F495;6;4,5
Centro;Marche;MC;F496;9,5;15,67
Centro;Marche;PS;F497;3,5;6,5
Sud;Abruzzo;CH;F498;0;0
Centro;Lazio;VT;F499;52;37,07
Sud;Abruzzo;TE;F500;3;6
Centro;Marche;AP;F501;6;3,02
Nord Est;Emilia-Romagna;RN;F502;2;23,82
Nord Est;Emilia-Romagna;MO;F503;19,75;17,34
Centro;Lazio;RM;F504;6,5;2,8
Sud;Campania;AV;F506;15,5;80,34
Sud;Campania;SA;F507;0;0
Nord Est;Veneto;VR;F508;9,11;79,84
Centro;Marche;AP;F509;7,04;3
Centro;Umbria;TR;F510;1;3,58
Sud;Campania;AV;F511;2;5,67
Sud;Campania;AV;F512;3;2
Centro;Umbria;TR;F513;7,97;6,33
Nord Est;Veneto;VI;F514;3;31,17
Nord Est;Veneto;VI;F515;0;11
Centro;Marche;AP;F516;3,67;2
Centro;Marche;AP;F517;0;1
Nord Ovest;Piemonte;AL;F518;0;4
Sud;Calabria;CS;F519;2;4,5
Centro;Marche;AP;F520;8;20
Centro;Marche;AP;F522;8,39;38,39
Nord Est;Emilia-Romagna;RN;F523;3;11,5
Centro;Marche;PS;F524;2,67;3,5
Nord Ovest;Lombardia;VA;F526;6;20,5
Nord Ovest;Piemonte;AT;F527;3;5,75
Nord Ovest;Liguria;IM;F528;1;0
Nord Est;Veneto;PD;F529;9,87;190,99
Sud;Puglia;TA;F531;3;13,5
Nord Ovest;Lombardia;BS;F532;6;3
Centro;Marche;PS;F533;8,87;53
Centro;Lazio;RM;F534;6,66;14
Sud;Abruzzo;CH;F535;3;0,5
Centro;Marche;AP;F536;3;1
Sud;Calabria;VV;F537;28,1;87,61
Sud;Puglia;FG;F538;4;0
Centro;Umbria;PG;F540;1;0
Centro;Lazio;RI;F541;6;5,5
Isole;Sardegna;SS;F542;0;2
Centro;Umbria;TR;F543;11;8
Isole;Sicilia;PA;F544;6;2
Centro;Lazio;RM;F545;20;10
Sud;Campania;AV;F546;15,3;28,63
Nord Ovest;Lombardia;BG;F547;6;46
Sud;Molise;CB;F548;0;0
Centro;Marche;AP;F549;1,11;11
Nord Ovest;Piemonte;CN;F550;2;0
Centro;Toscana;FI;F551;18,27;136,19
Centro;Marche;MC;F552;10,33;17,83
Isole;Sicilia;PA;F553;5;2
Nord Ovest;Piemonte;AT;F556;6;9
Sud;Campania;BN;F557;0;0
Nord Ovest;Piemonte;CN;F558;0;0
Sud;Campania;AV;F559;4;15
Centro;Marche;AN;F560;22,07;104,12
Nord Ovest;Lombardia;LC;F561;3;16
Nord Ovest;Piemonte;AL;F562;0;2
Sud;Puglia;TA;F563;2;6,8
Nord Ovest;Lombardia;CO;F564;5;1
Centro;Toscana;AR;F565;2,67;6,84
Sud;Campania;AV;F566;6,5;9
Centro;Marche;MC;F567;11,53;34
Sud;Basilicata;PZ;F568;0;1
Sud;Molise;CB;F569;0;2
Centro;Marche;AP;F570;3,44;1
Centro;Toscana;PO;F572;25,19;180,69
Sud;Basilicata;PZ;F573;4;2
Nord Est;Friuli- Venezia Giulia;UD;F574;2;6
Sud;Molise;CB;F576;9;39
Sud;Abruzzo;CH;F578;0;1
Centro;Lazio;RI;F579;1;0
Sud;Molise;IS;F580;1,67;2
Centro;Marche;AN;F581;0,5;9,5
Sud;Abruzzo;CH;F582;3;3
Sud;Abruzzo;TE;F585;76,92;206,83
Sud;Calabria;CZ;F586;9;33
Sud;Puglia;TA;F587;1;6,67
Centro;Marche;PS;F589;4;26,28
Centro;Lazio;RM;F590;16;61,67
Centro;Marche;AP;F591;22,23;90,63
Centro;Toscana;SI;F592;45,17;94,65
Centro;Toscana;AR;F594;7;4
Sud;Abruzzo;AQ;F595;8,85;10,62
Nord Est;Friuli- Venezia Giulia;PN;F596;6;20,17
Nord Est;Emilia-Romagna;BO;F597;12,66;69,42
Centro;Toscana;SI;F598;25,24;94,88
Centro;Marche;AP;F599;2;1
Centro;Marche;AN;F600;3;24,5
Sud;Molise;IS;F601;1;2
Centro;Lazio;VT;F603;2;6
Sud;Puglia;LE;F604;20,83;32,44
Centro;Toscana;SI;F605;27,83;79,78
Centro;Lazio;VT;F606;6;17,5
Sud;Calabria;VV;F607;1;0,5
Nord Ovest;Piemonte;CN;F608;9;16,2
Nord Ovest;Liguria;SP;F609;12;2,08
Isole;Sicilia;RG;F610;1;3,67
Centro;Lazio;RM;F611;117,69;424,37
Centro;Toscana;GR;F612;8,83;6,5
Centro;Marche;AP;F614;4;3,5
Centro;Lazio;LT;F616;1;3
Sud;Campania;SA;F618;0;1,34
Centro;Lazio;RI;F619;0;1
Centro;Lazio;FR;F620;16;15,92
Centro;Marche;MC;F621;14;33,22
Centro;Marche;MC;F622;5,43;4
Sud;Puglia;LE;F623;0;2
Sud;Campania;SA;F625;8,2;6,8
Centro;Marche;AP;F626;1;3
Nord Est;Emilia-Romagna;BO;F627;34;120,37
Centro;Toscana;AR;F628;18;41,9
Centro;Umbria;PG;F629;6;4,44
Sud;Puglia;FG;F631;25,86;41,22
Centro;Marche;MC;F632;43;129,21
Centro;Marche;AN;F634;13,5;47,5
Sud;Campania;BN;F636;27;28
Sud;Basilicata;MT;F637;19,8;14,33
Nord Ovest;Lombardia;PV;F638;0;4
Nord Ovest;Piemonte;VB;F639;12;0
Centro;Toscana;PI;F640;8,68;22,5
Nord Est;Emilia-Romagna;MO;F642;9,58;41,59
Nord Ovest;Lombardia;PV;F644;0;1
Sud;Abruzzo;PE;F646;105,74;529,66
Centro;Toscana;FI;F648;31,3;90,87
Nord Ovest;Piemonte;TO;F651;4,33;7
Centro;Marche;AP;F653;15,67;22,33
Nord Ovest;Piemonte;CN;F654;3;8,67
Isole;Sicilia;AG;F655;1;6
Centro;Toscana;AR;F656;48,05;212,4
Nord Ovest;Lombardia;LC;F657;14;18,49
Sud;Campania;AV;F660;1;0
Centro;Toscana;PI;F661;10;5
Nord Est;Veneto;VI;F662;4;42,12
Centro;Marche;AP;F664;2;0
Centro;Marche;AP;F665;2;1
Nord Ovest;Piemonte;CN;F666;0;4
Isole;Sardegna;SS;F667;2,34;1
Nord Est;Emilia-Romagna;FO;F668;4,43;10,5
Nord Ovest;Piemonte;CN;F669;0,23;5
Nord Ovest;Lombardia;PV;F670;1;5
Nord Est;Emilia-Romagna;PC;F671;11,5;48,67
Nord Ovest;Lombardia;BS;F672;1,25;33,1
Nord Ovest;Lombardia;LC;F674;16;51,5
Nord Est;Veneto;VI;F675;5,4;104,05
Centro;Toscana;SI;F676;15;10,4
Centro;Toscana;GR;F677;17;7,64
Centro;Toscana;MS;F679;10;54,91
Nord Ovest;Lombardia;BS;F680;16;58,25
Nord Ovest;Lombardia;CR;F681;0,25;23,34
Nord Ovest;Liguria;GE;F682;9,5;13,13
Centro;Umbria;PG;F685;3,25;7,83
Centro;Toscana;PI;F686;28,63;74,42
Centro;Lazio;RI;F687;23;21,5
Nord Ovest;Lombardia;CO;F688;4;21,07
Sud;Molise;CB;F689;0;2
Sud;Abruzzo;TE;F690;15;16,5
Centro;Lazio;RM;F692;1;2
Nord Est;Veneto;VI;F696;0,5;17,25
Centro;Marche;AP;F697;1;4
Isole;Sardegna;NU;F698;1;1
Nord Ovest;Lombardia;PV;F701;7;9
Nord Ovest;Lombardia;VA;F703;5,17;17
Nord Ovest;Lombardia;MI;F704;906,25;1895,37
Nord Ovest;Lombardia;MN;F705;12;38,07
Nord Est;Emilia-Romagna;BO;F706;22,89;55,58
Nord Ovest;Piemonte;AL;F707;1,5;14,5
Sud;Calabria;CS;F708;1,83;6
Nord Ovest;Lombardia;VA;F711;11;41,5
Nord Ovest;Lombardia;SO;F712;51,74;133,43
Nord Ovest;Piemonte;AL;F713;2;4
Nord Est;Emilia-Romagna;RN;F715;10,17;60,39
Sud;Puglia;LE;F716;1;6
Sud;Campania;BN;F717;4,83;5,11
Nord Est;Emilia-Romagna;BO;F718;3,5;32,5
Nord Ovest;Lombardia;BG;F720;3,67;16,57
Isole;Sardegna;SS;F721;1;1,75
Centro;Marche;AP;F722;0;0
Nord Ovest;Piemonte;CN;F723;15,67;31,67
Nord Est;Emilia-Romagna;PC;F724;5;10,5
Nord Est;Veneto;TV;F725;4,02;29,18
Nord Ovest;Valle d'Aosta;AO;F726;15,5;45,83
Isole;Sardegna;OR;F727;0;0
Nord Est;Veneto;TV;F729;3;14
Centro;Lazio;RM;F730;10;5
Sud;Campania;SA;F731;1,3;0
Sud;Abruzzo;AQ;F732;5;2,5
Nord Ovest;Piemonte;TO;F733;4;1
Centro;Lazio;RM;F734;15,5;55,66
Sud;Calabria;CS;F735;1,4;5
Nord Ovest;Lombardia;VA;F736;10,06;33,66
Nord Ovest;Piemonte;AL;F737;2,67;6,67
Nord Ovest;Lombardia;BG;F738;4;29,5
Nord Ovest;Lombardia;PV;F739;1;3
Centro;Lazio;FR;F740;5,34;2,33
Nord Ovest;Piemonte;CN;F743;5;17
Sud;Campania;AV;F744;1;3
Centro;Marche;AN;F745;8,75;7,75
Centro;Lazio;RI;F746;2;2,67
Sud;Abruzzo;TE;F747;10;12
Sud;Molise;CB;F748;1;1
Centro;Marche;MC;F749;16,36;48,66
Nord Est;Friuli- Venezia Giulia;PN;F750;2;17
Nord Ovest;Piemonte;AL;F751;1;5
Nord Ovest;Lombardia;PV;F754;54,28;196,15
Nord Est;Friuli- Venezia Giulia;UD;F756;12;47,61
Nord Ovest;Lombardia;LC;F758;2;0
Nord Est;Friuli- Venezia Giulia;UD;F760;1;11,5
Nord Ovest;Lombardia;CR;F761;1;1
Sud;Campania;AV;F762;2;3
Sud;Abruzzo;TE;F764;12;28,17
Sud;Abruzzo;PE;F765;3;12
Nord Est;Veneto;TV;F770;24,37;80,04
Nord Ovest;Lombardia;CR;F771;1;5,8
Isole;Sicilia;ME;F772;3,08;1
Isole;Sicilia;ME;F773;2;0
Nord Ovest;Piemonte;VC;F774;5;8,67
Sud;Calabria;CS;F775;0;0
Nord Ovest;Piemonte;BI;F776;1;6,5
Sud;Puglia;FG;F777;1;1,5
Sud;Calabria;RC;F779;0;10
Sud;Calabria;CZ;F780;2;0
Isole;Sicilia;CT;F781;17,08;43,06
Nord Ovest;Lombardia;MI;F783;23,17;137,3
Sud;Puglia;TA;F784;39,42;47,69
Sud;Abruzzo;CH;F785;2;7
Nord Ovest;Lombardia;BG;F786;6;34,5
Nord Ovest;Lombardia;CO;F788;24;141,65
Nord Est;Veneto;VR;F789;12;91,5
Nord Ovest;Lombardia;BG;F791;21;94,93
Centro;Marche;MC;F793;2;3
Nord Ovest;Lombardia;MI;F797;101,5;256,83
Sud;Campania;AV;F798;7;17
Sud;Campania;NA;F799;20,52;221
Nord Ovest;Lombardia;LO;F801;15;81,01
Centro;Toscana;MS;F802;26,66;2,83
Nord Ovest;Lombardia;BS;F806;0;1
Isole;Sardegna;CA;F808;6;37,66
Nord Ovest;Piemonte;CN;F809;3;7
Nord Est;Veneto;VI;F810;0;1,5
Nord Ovest;Piemonte;CN;F811;2;9
Nord Ovest;Liguria;SV;F813;9;3
Nord Ovest;Piemonte;AL;F814;2,25;9
Centro;Toscana;SI;F815;8;21,5
Sud;Puglia;LE;F816;2,5;5
Sud;Basilicata;PZ;F817;22,75;6
Isole;Sardegna;SS;F818;0;1
Nord Ovest;Lombardia;BS;F820;4;36,7
Isole;Sardegna;CA;F822;0;0
Nord Est;Veneto;VE;F826;18;112,17
Nord Ovest;Lombardia;CO;F828;8;10,5
Nord Est;Veneto;VI;F829;9;51,5
Isole;Sicilia;CL;F830;35,17;13,66
Sud;Abruzzo;TE;F831;44,67;86
Nord Est;Friuli- Venezia Giulia;UD;F832;3;15,67
Nord Ovest;Piemonte;BI;F833;1;1
Nord Est;Veneto;VI;F838;2;27,5
Sud;Campania;NA;F839;876,88;1600,33
Isole;Sardegna;OR;F840;1;0
Isole;Sardegna;CA;F841;0;0
Sud;Puglia;LE;F842;24,75;90,18
Sud;Calabria;VV;F843;0;0
Centro;Umbria;TR;F844;48,14;80,52
Isole;Sicilia;AG;F845;21;12
Nord Ovest;Piemonte;CN;F846;8;38,13
Nord Ovest;Liguria;SV;F847;1;0
Isole;Sicilia;ME;F848;10;4
Nord Ovest;Lombardia;BS;F851;24,61;72,56
Sud;Abruzzo;AQ;F852;7;7
Centro;Lazio;RM;F857;3,5;4
Nord Ovest;Liguria;GE;F858;12,5;8
Nord Ovest;Piemonte;NO;F859;6;34,17
Nord Est;Veneto;VR;F861;40,55;126,52
Nord Ovest;Liguria;GE;F862;5;4
Nord Ovest;Piemonte;CN;F863;12;20
Nord Ovest;Lombardia;BG;F864;40,03;132,79
Centro;Lazio;RM;F865;3,56;8,64
Sud;Basilicata;PZ;F866;0,86;0
Isole;Sardegna;OR;F867;1;0
Centro;Lazio;VT;F868;20;25,69
Sud;Abruzzo;TE;F870;18;39,5
Centro;Lazio;RM;F871;6,5;10,5
Nord Est;Veneto;TV;F872;7,5;39,68
Nord Ovest;Lombardia;MI;F874;76,83;235,17
Centro;Lazio;RI;F876;0;1
Nord Ovest;Lombardia;CO;F877;6,5;33
Nord Ovest;Piemonte;BI;F878;6;9
Centro;Lazio;RM;F880;99,93;316,04
Sud;Puglia;LE;F881;3;11,5
Nord Est;Emilia-Romagna;PR;F882;21;23,67
Nord Ovest;Piemonte;CN;F883;0;1
Nord Ovest;Lombardia;BS;F884;10;8
Nord Ovest;Piemonte;NO;F886;0,5;9,3
Nord Ovest;Lombardia;LC;F887;14,55;36
Nord Ovest;Piemonte;TO;F889;208,17;476,8
Isole;Sicilia;CT;F890;6;29,42
Nord Ovest;Lombardia;PV;F891;2;1
Isole;Sicilia;EN;F892;14,64;37,57
Sud;Calabria;VV;F893;6;8,5
Nord Ovest;Piemonte;CN;F894;0;0
Nord Ovest;Piemonte;CN;F895;2;5
Nord Est;Friuli- Venezia Giulia;UD;F898;4;10
Isole;Sicilia;CL;F899;11,01;38,75
Isole;Sicilia;EN;F900;2,08;4,5
Isole;Sicilia;ME;F901;8,5;11
Nord Ovest;Piemonte;AT;F902;47;83,76
Nord Est;Veneto;VE;F904;8,83;161,61
Nord Ovest;Piemonte;TO;F906;2;0
Sud;Calabria;CS;F907;0;0
Sud;Abruzzo;PE;F908;2,25;2
Sud;Calabria;CZ;F910;6;11
Centro;Umbria;PG;F911;26,5;32,62
Sud;Campania;SA;F912;67,94;118,54
Sud;Campania;SA;F913;42,52;88,69
Nord Est;Emilia-Romagna;PR;F914;51,33;166,33
Sud;Puglia;BA;F915;44,75;70,61
Sud;Puglia;LE;F916;2;4,33
Sud;Basilicata;PZ;F917;1;0
Nord Est;Veneto;VR;F918;10,5;79,5
Nord Est;Veneto;VR;F921;2;37,5
Nord Est;Veneto;VI;F922;0;4,85
Sud;Puglia;BA;F923;37,68;95,47
Sud;Campania;NA;F924;36,55;142,71
Nord Ovest;Piemonte;TO;F925;9;52,5
Nord Ovest;Liguria;SV;F926;19,33;29
Nord Ovest;Piemonte;TO;F927;2;3
Nord Est;Emilia-Romagna;MO;F930;46,52;249,36
Nord Ovest;Piemonte;TO;F931;22,52;83,6
Nord Ovest;Piemonte;VB;F932;4,75;8
Isole;Sardegna;NU;F933;0;0
Isole;Sardegna;OR;F934;1;2
Centro;Umbria;PG;F935;21;11,75
Centro;Lazio;LT;F937;2;7
Nord Ovest;Lombardia;MI;F939;0;5,33
Nord Ovest;Lombardia;BG;F941;4,25;23,5
Sud;Abruzzo;TE;F942;11,66;12,75
Isole;Sicilia;SR;F943;35,25;59,45
Nord Ovest;Lombardia;MI;F944;96,76;251,56
Nord Ovest;Piemonte;TO;F948;0;3
Isole;Sicilia;ME;F951;3;3
Nord Ovest;Piemonte;NO;F952;565,19;1351,48
Nord Ovest;Lombardia;MI;F955;86,63;183,61
Nord Ovest;Lombardia;SO;F956;11,98;20,33
Nord Est;Veneto;VI;F957;3;14
Nord Ovest;Lombardia;CO;F958;3;12,5
Nord Est;Emilia-Romagna;RE;F960;33;156,99
Nord Ovest;Piemonte;CN;F961;4,5;4
Nord Est;Veneto;PD;F962;15;193,68
Nord Est;Veneto;VE;F963;9,6;74,02
Nord Est;Veneto;VI;F964;5;97,6
Nord Ovest;Piemonte;AL;F965;102,83;236,5
Nord Est;Emilia-Romagna;MO;F966;22,33;136,14
Sud;Campania;SA;F967;0;4
Nord Ovest;Lombardia;MI;F968;12;91
Sud;Puglia;LE;F970;5;15,58
Nord Ovest;Piemonte;CN;F972;0;3
Isole;Sardegna;OR;F974;0;0
Isole;Sardegna;SS;F975;1;4
Isole;Sardegna;SS;F976;0;1
Isole;Sardegna;SS;F977;0,33;4
Centro;Marche;AN;F978;8,22;99,32
Isole;Sardegna;NU;F979;49,13;97,61
Isole;Sardegna;OR;F980;1;1
Isole;Sardegna;NU;F981;0;0
Isole;Sardegna;NU;F982;0;0
Isole;Sardegna;CA;F983;1;1
Isole;Sardegna;OR;F985;0;0
Isole;Sardegna;NU;F986;0;0
Nord Ovest;Valle d'Aosta;AO;F987;9;26
Sud;Campania;AV;F988;6,17;3,01
Nord Ovest;Lombardia;BS;F989;10,17;38
Nord Ovest;Lombardia;BS;F990;6,25;56,48
Isole;Sardegna;CA;F991;1,8;0
Nord Ovest;Piemonte;BI;F992;18,67;41,17
Nord Ovest;Piemonte;BI;F993;4;37,5
Nord Est;Veneto;RO;F994;10,01;142,69
Nord Ovest;Piemonte;AL;F995;2;4,66
Sud;Abruzzo;AQ;F996;0,5;1
Nord Ovest;Piemonte;AL;F997;0;6
Nord Ovest;Piemonte;AL;F998;1;0
Nord Est;Veneto;TV;F999;49,5;199,06
Nord Ovest;Lombardia;BS;G001;1;14
Sud;Abruzzo;AQ;G002;5,25;2,5
Centro;Marche;AN;G003;9,5;23
Nord Ovest;Lombardia;CR;G004;9,64;83
Centro;Marche;AP;G005;9,5;13,25
Nord Ovest;Lombardia;BS;G006;5,47;56,78
Nord Ovest;Piemonte;VB;G007;14,5;14
Nord Ovest;Lombardia;VA;G008;16,5;63,7
Nord Ovest;Lombardia;LC;G009;43,07;125,83
Nord Ovest;Piemonte;TO;G010;1;9
Sud;Campania;SA;G011;2;4
Nord Ovest;Valle d'Aosta;AO;G012;0;0
Isole;Sardegna;SS;G015;139,37;541,92
Nord Ovest;Piemonte;VC;G016;0;1
Nord Ovest;Piemonte;VC;G018;1;0
Nord Ovest;Piemonte;NO;G019;41,5;197,17
Nord Ovest;Piemonte;NO;G020;4;16
Nord Ovest;Lombardia;PV;G021;1;6,5
Centro;Lazio;RM;G022;12,5;14,83
Sud;Campania;SA;G023;5,33;3,09
Nord Ovest;Lombardia;CO;G025;35,73;108,96
Nord Ovest;Lombardia;LC;G026;19,51;42,45
Nord Ovest;Lombardia;VA;G028;55,33;227,75
Nord Ovest;Lombardia;LC;G030;19,58;48,1
Isole;Sardegna;NU;G031;1;2
Nord Ovest;Lombardia;PV;G032;0;0
Sud;Calabria;CZ;G034;1;1
Isole;Sicilia;ME;G036;0,33;0
Sud;Basilicata;MT;G037;1,56;0
Sud;Campania;SA;G039;5,5;6
Nord Ovest;Lombardia;LC;G040;5,75;14,8
Nord Ovest;Liguria;IM;G041;4;0
Nord Ovest;Piemonte;AL;G042;0;0
Isole;Sardegna;OR;G043;1;1
Isole;Sardegna;NU;G044;0;0
Nord Ovest;Valle d'Aosta;AO;G045;1,5;0,5
Isole;Sardegna;SS;G046;12,03;30,5
Nord Ovest;Lombardia;CR;G047;2;8
Nord Ovest;Piemonte;AT;G048;3,8;0
Nord Ovest;Lombardia;BG;G049;1;4,5
Nord Ovest;Lombardia;BG;G050;16,38;47,9
Nord Ovest;Lombardia;BG;G054;0,1;4,3
Nord Ovest;Lombardia;CO;G056;17;60,92
Isole;Sardegna;NU;G058;0;0
Nord Ovest;Lombardia;BS;G061;7,5;22,28
Nord Ovest;Piemonte;VB;G062;48,68;142,7
Sud;Campania;SA;G063;0;0
Isole;Sardegna;NU;G064;0;0
Centro;Lazio;VT;G065;3;3,01
Nord Ovest;Piemonte;CN;G066;2;0,26
Nord Ovest;Lombardia;BG;G068;1;27
Isole;Sardegna;NU;G070;0;0
Isole;Sardegna;NU;G071;0;1
Nord Ovest;Lombardia;BS;G074;0;3
Nord Ovest;Lombardia;BG;G075;8,2;65,71
Nord Ovest;Liguria;SV;G076;1;2
Nord Ovest;Lombardia;MI;G078;100,56;187,08
Sud;Abruzzo;AQ;G079;0;4,5
Nord Est;Veneto;VR;G080;10,3;74,05
Sud;Basilicata;PZ;G081;7,34;3,17
Sud;Calabria;RC;G082;2;2
Isole;Sardegna;NU;G084;2;1,53
Sud;Molise;CB;G086;0;1
Nord Ovest;Piemonte;TO;G087;92,5;225,51
Centro;Toscana;GR;G088;33,47;125,45
Centro;Toscana;PI;G090;4;5
Nord Ovest;Liguria;GE;G093;4;3
Nord Est;Veneto;VI;G095;3;25,99
Nord Ovest;Lombardia;LO;G096;5;19
Isole;Sardegna;NU;G097;4;1
Sud;Puglia;BR;G098;11,17;26,56
Sud;Abruzzo;AQ;G102;1;7
Nord Ovest;Lombardia;VA;G103;44,17;112,5
Nord Ovest;Lombardia;VA;G105;1;11
Nord Ovest;Lombardia;LO;G107;4;25
Nord Ovest;Lombardia;BG;G108;4,66;16,5
Nord Ovest;Piemonte;TO;G109;0;2
Sud;Calabria;CS;G110;0;2
Centro;Lazio;VT;G111;6,56;14,2
Isole;Sardegna;OR;G113;34,5;96,89
Nord Ovest;Piemonte;CN;G114;25,02;15
Nord Est;Veneto;TV;G115;8;23,5
Nord Ovest;Lombardia;MI;G116;9;102,33
Nord Ovest;Piemonte;VB;G117;15;27,5
Nord Ovest;Lombardia;BG;G118;0;0
Isole;Sardegna;NU;G119;1;11
Isole;Sardegna;NU;G120;1;0
Sud;Campania;SA;G121;2;1,5
Isole;Sardegna;NU;G122;0;0
Nord Est;Veneto;TV;G123;13;37,76
Nord Ovest;Piemonte;AL;G124;2;1
Sud;Puglia;FG;G125;4;1
Nord Ovest;Lombardia;CO;G126;13,25;37,16
Sud;Abruzzo;CH;G128;7;7
Sud;Calabria;CS;G129;1;0
Sud;Campania;CE;G130;32,41;169,33
Sud;Puglia;FG;G131;9,87;72
Isole;Sardegna;CA;G133;0;0
Nord Ovest;Piemonte;NO;G134;1;18,64
Centro;Lazio;VT;G135;28,77;88
Sud;Puglia;LE;G136;1;4,25
Centro;Marche;AP;G137;0;2
Centro;Toscana;AR;G139;3;1
Sud;Abruzzo;CH;G141;50,19;116,79
Sud;Abruzzo;AQ;G142;1;3
Nord Ovest;Liguria;SP;G143;18,5;25
Nord Ovest;Liguria;SV;G144;9;10
Sud;Abruzzo;AQ;G145;4;7,5
Isole;Sardegna;NU;G146;0,33;1
Isole;Sardegna;NU;G147;0;1
Centro;Umbria;TR;G148;66,44;75,74
Nord Ovest;Lombardia;BS;G149;18,73;86
Nord Ovest;Lombardia;BS;G150;0;14,05
Nord Ovest;Piemonte;TO;G151;6;5,67
Nord Ovest;Piemonte;TO;G152;0;7,25
Isole;Sardegna;SS;G153;7;3
Isole;Sardegna;NU;G154;0;0
Nord Ovest;Liguria;SV;G155;6,44;6,22
Isole;Sardegna;SS;G156;4;6
Centro;Marche;AN;G157;50,13;269,72
Isole;Sardegna;NU;G158;1;0
Nord Ovest;Lombardia;BG;G159;5,05;73,93
Nord Ovest;Lombardia;BG;G160;39,29;157,68
Nord Ovest;Lombardia;LC;G161;16,15;59,34
Nord Est;Friuli- Venezia Giulia;UD;G163;6;21,67
Nord Ovest;Liguria;IM;G164;52;94,5
Sud;Campania;AV;G165;5,2;17
Nord Ovest;Lombardia;LO;G166;5,17;16,67
Nord Est;Veneto;PD;G167;8,89;62,6
Nord Est;Veneto;BL;G169;1;1
Nord Ovest;Lombardia;BS;G170;11;152,35
Nord Ovest;Lombardia;LO;G171;2;14,5
Isole;Sardegna;SS;G178;4,17;17
Nord Ovest;Lombardia;BS;G179;8;38,67
Nord Ovest;Lombardia;MI;G181;9,5;69,44
Nord Ovest;Piemonte;CN;G183;2;1
Nord Est;Emilia-Romagna;FE;G184;13,75;56,08
Nord Ovest;Lombardia;CR;G185;2;24,67
Nord Ovest;Lombardia;MN;G186;5;52,17
Sud;Puglia;BR;G187;119,66;115,71
Sud;Puglia;LE;G188;9,06;37,51
Centro;Umbria;TR;G189;5;6
Sud;Campania;NA;G190;22,87;13,38
Isole;Sardegna;NU;G191;0;1
Sud;Campania;SA;G192;1;0
Nord Ovest;Piemonte;AL;G193;8;2
Nord Ovest;Lombardia;PV;G194;1;9,67
Nord Est;Emilia-Romagna;PC;G195;7,34;2
Nord Ovest;Piemonte;TO;G196;38,94;116,9
Nord Ovest;Piemonte;AL;G197;41,93;81,75
Nord Est;Friuli- Venezia Giulia;UD;G198;5,67;10
Nord Ovest;Piemonte;AL;G199;8;11
Sud;Abruzzo;AQ;G200;16,83;51,3
Isole;Sardegna;NU;G201;1;0
Nord Ovest;Piemonte;TO;G202;0;7
Isole;Sardegna;SS;G203;5,5;9,67
Nord Ovest;Piemonte;AL;G204;1;6
Nord Est;Emilia-Romagna;BO;G205;119,53;333,71
Nord Ovest;Lombardia;MI;G206;4;18
Isole;Sardegna;CA;G207;2;0
Isole;Sicilia;TP;G208;7;21
Isole;Sicilia;ME;G209;7;12,2
Sud;Abruzzo;AQ;G210;6,08;6
Isole;Sicilia;SR;G211;26,75;99,45
Centro;Umbria;PG;G212;0;1
Nord Ovest;Lombardia;BS;G213;11,72;102,51
Nord Ovest;Piemonte;AL;G215;0;2
Nord Ovest;Lombardia;BS;G217;3;17,67
Nord Ovest;Lombardia;LC;G218;20,1;45,27
Nord Ovest;Lombardia;MI;G220;275,12;585,33
Nord Ovest;Lombardia;CR;G222;2;7,17
Nord Ovest;Lombardia;LC;G223;45;103,85
Nord Est;Veneto;PD;G224;513,36;3233,64
Isole;Sardegna;SS;G225;0;2,75
Sud;Campania;SA;G226;5;7,5
Sud;Campania;BN;G227;2;3
Nord Ovest;Piemonte;CN;G228;10,27;16,51
Nord Est;Veneto;TV;G229;49,63;218,98
Sud;Campania;SA;G230;33,27;137,86
Centro;Lazio;RI;G232;1;1
Nord Ovest;Lombardia;BG;G233;2,5;16,5
Isole;Sicilia;ME;G234;2,5;2,5
Sud;Abruzzo;CH;G237;3;10
Nord Est;Friuli- Venezia Giulia;UD;G238;7,67;45,5
Nord Ovest;Piemonte;CN;G240;4;4,5
Nord Ovest;Lombardia;LC;G241;0;2
Sud;Campania;AV;G242;1;0
Sud;Campania;BN;G243;0;2
Nord Ovest;Lombardia;BS;G247;2;0
Nord Ovest;Lombardia;BS;G248;3;26,34
Nord Ovest;Lombardia;BG;G249;11,66;37,16
Nord Est;Emilia-Romagna;MO;G250;11;24,18
Sud;Puglia;TA;G251;9,78;10,34
Sud;Puglia;TA;G252;36,84;44,23
Isole;Sicilia;CT;G253;3,83;13,5
Centro;Toscana;PI;G254;16,59;15,5
Nord Est;Emilia-Romagna;PR;G255;4;7,61
Sud;Molise;CB;G257;4;6
Isole;Sardegna;SS;G258;12,14;70,73
Nord Ovest;Lombardia;BG;G259;18,04;45,75
Nord Ovest;Lombardia;CR;G260;2,67;43,1
Sud;Basilicata;PZ;G261;2;7,22
Nord Ovest;Piemonte;TO;G262;3;9
Isole;Sicilia;PA;G263;9;1
Nord Ovest;Lombardia;BS;G264;28;242,71
Nord Ovest;Piemonte;VC;G266;1;4
Isole;Sicilia;SR;G267;21,25;37,1
Nord Est;Friuli- Venezia Giulia;UD;G268;4;26,79
Centro;Toscana;FI;G270;8;6,25
Sud;Abruzzo;CH;G271;5;5,5
Sud;Calabria;CZ;G272;0;0
Isole;Sicilia;PA;G273;557,81;1277,32
Centro;Lazio;RM;G274;52,24;69,8
Nord Ovest;Lombardia;PV;G275;3;15,33
Centro;Lazio;FR;G276;19,23;11
Sud;Calabria;RC;G277;1;2,75
Sud;Calabria;KR;G278;1;1
Nord Ovest;Piemonte;VB;G280;2;6,25
Nord Ovest;Liguria;SV;G281;6,17;9,67
Isole;Sicilia;AG;G282;15,34;10
Sud;Campania;NA;G283;27,33;32
Nord Est;Friuli- Venezia Giulia;UD;G284;28,56;54,4
Sud;Puglia;LE;G285;1;0
Isole;Sardegna;OR;G286;0;0
Isole;Sardegna;CA;G287;3,83;1
Sud;Calabria;RC;G288;9;27
Centro;Marche;AP;G289;0;0
Sud;Abruzzo;CH;G290;9;3
Sud;Puglia;BA;G291;27,25;90,4
Sud;Campania;SA;G292;0;1
Centro;Lazio;RM;G293;38,5;26,25
Sud;Abruzzo;CH;G294;0;12
Nord Ovest;Lombardia;BG;G295;6,59;44,59
Nord Est;Veneto;VR;G297;2;13
Sud;Calabria;CS;G298;0;1
Nord Est;Friuli- Venezia Giulia;UD;G300;6;11
Nord Ovest;Piemonte;CN;G302;7,17;10,33
Nord Ovest;Piemonte;TO;G303;4;11,22
Nord Ovest;Lombardia;PV;G304;0;2
Nord Ovest;Lombardia;CR;G306;14;115,92
Sud;Calabria;CS;G307;1;1
Centro;Umbria;PG;G308;23,6;39
Sud;Campania;NA;G309;23,5;97,21
Sud;Campania;BN;G311;3;1
Sud;Puglia;FG;G312;1,29;1
Isole;Sicilia;TP;G315;38,66;5
Nord Ovest;Lombardia;MI;G316;19,75;75,12
Sud;Calabria;CS;G317;12,42;13
Sud;Campania;BN;G318;0;6
Isole;Sicilia;TP;G319;13,42;28,67
Sud;Calabria;CS;G320;2;0
Nord Est;Veneto;RO;G323;0;4,5
Nord Ovest;Lombardia;MI;G324;129,37;365,71
Sud;Puglia;LE;G325;14;23,17
Nord Ovest;Lombardia;BS;G327;8;63,57
Nord Ovest;Piemonte;TO;G330;0;2
Sud;Calabria;CS;G331;4;2
Sud;Campania;CE;G333;8,35;58,86
Nord Ovest;Piemonte;AL;G334;1;1
Sud;Calabria;VV;G335;0,83;2
Nord Ovest;Lombardia;LC;G336;0;2,67
Nord Est;Emilia-Romagna;PR;G337;1017;2394,47
Nord Ovest;Piemonte;AL;G338;1;2
Nord Ovest;Piemonte;CN;G339;1;1
Sud;Campania;AV;G340;2;1
Nord Ovest;Lombardia;PV;G342;6;31,8
Centro;Umbria;TR;G344;0;2
Nord Ovest;Lombardia;BG;G346;4;41,06
Isole;Sicilia;TP;G347;14,75;38,5
Isole;Sicilia;PA;G348;33;21
Nord Ovest;Piemonte;NO;G349;4,66;18,25
Nord Ovest;Lombardia;BG;G350;1;19,67
Nord Est;Friuli- Venezia Giulia;UD;G352;43,25;121,5
Nord Est;Friuli- Venezia Giulia;PN;G353;7,81;72,06
Nord Ovest;Lombardia;BS;G354;1;1
Nord Ovest;Piemonte;AT;G358;0;2
Centro;Umbria;PG;G359;14,98;50,25
Nord Ovest;Lombardia;BS;G361;8;57,3
Centro;Lazio;FR;G362;1;1
Sud;Campania;CE;G364;3;8
Nord Est;Veneto;VR;G365;4;19,5
Nord Ovest;Piemonte;AL;G367;2;19
Nord Ovest;Lombardia;LC;G368;5,54;25,05
Sud;Campania;AV;G370;2;5
Isole;Sicilia;CT;G371;45,69;103,46
Sud;Calabria;CS;G372;1;0
Centro;Lazio;FR;G374;4;4
Isole;Sardegna;SS;G376;1;7
Isole;Sicilia;ME;G377;20;18
Sud;Puglia;LE;G378;4;2
Isole;Sardegna;OR;G379;0;0
Nord Est;Friuli- Venezia Giulia;UD;G381;4;13
Isole;Sardegna;CA;G382;0;0
Isole;Sardegna;CA;G383;0;0
Isole;Sardegna;OR;G384;1;1,47
Nord Ovest;Lombardia;MI;G385;37;206,68
Sud;Campania;BN;G386;0;1
Nord Ovest;Piemonte;TO;G387;3;13
Nord Ovest;Lombardia;PV;G388;452,39;877,06
Nord Est;Friuli- Venezia Giulia;UD;G389;4;34,5
Nord Ovest;Lombardia;BS;G391;2;14,25
Nord Ovest;Piemonte;TO;G392;12,17;26,17
Nord Est;Emilia-Romagna;MO;G393;57,42;178,56
Sud;Calabria;RC;G394;3;0
Centro;Toscana;PI;G395;17,5;23,11
Nord Ovest;Piemonte;AL;G397;7;8
Nord Ovest;Piemonte;TO;G398;19;27,67
Isole;Sicilia;CT;G402;6,16;43,72
Centro;Marche;AP;G403;15,22;28,08
Nord Est;Veneto;BL;G404;16,5;24,38
Nord Ovest;Lombardia;BS;G407;4;37,19
Nord Est;Veneto;TV;G408;6,44;65,77
Nord Ovest;Lombardia;SO;G410;1;1
Sud;Calabria;CS;G411;0;0
Nord Ovest;Lombardia;BG;G412;14,22;63,65
Nord Ovest;Lombardia;CO;G415;1;0
Centro;Marche;PS;G416;1;0
Nord Ovest;Lombardia;MN;G417;4;70,25
Nord Ovest;Lombardia;BG;G418;1;7
Centro;Toscana;FI;G420;17,33;49,5
Nord Ovest;Piemonte;NO;G421;7,5;5
Nord Est;Emilia-Romagna;PR;G424;2,1;7
Sud;Campania;SA;G426;15,34;87,16
Nord Ovest;Piemonte;AT;G430;1;1
Nord Ovest;Lombardia;SO;G431;4;4
Centro;Umbria;TR;G432;8;5
Nord Est;Emilia-Romagna;RN;G433;8,17;24,08
Sud;Abruzzo;CH;G434;2;1
Sud;Abruzzo;CH;G435;4,33;2
Centro;Marche;MC;G436;7;2,67
Sud;Abruzzo;TE;G437;1;3
Sud;Abruzzo;PE;G438;14,67;49,27
Sud;Calabria;CZ;G439;1;2
Sud;Abruzzo;CH;G441;0;0
Nord Est;Veneto;BL;G442;1;6
Centro;Lazio;RM;G444;1;0
Isole;Sardegna;NU;G445;2;2
Isole;Sardegna;CA;G446;0;0
Sud;Campania;SA;G447;4;3,75
Sud;Abruzzo;AQ;G449;3;2
Isole;Sardegna;SS;G450;4,5;3
Centro;Marche;PS;G453;16,75;6
Nord Ovest;Liguria;IM;G454;23;2
Sud;Campania;SA;G455;1;1,34
Nord Ovest;Lombardia;LC;G456;7;19
Nord Ovest;Piemonte;CN;G457;4;0
Nord Ovest;Piemonte;CN;G458;1;1
Nord Ovest;Valle d'Aosta;AO;G459;6;0
Nord Est;Veneto;PD;G461;2;36
Nord Ovest;Piemonte;TO;G462;1;5
Nord Ovest;Piemonte;TO;G463;20;34,38
Nord Ovest;Piemonte;TO;G465;7,13;6
Nord Est;Emilia-Romagna;BO;G467;67,48;385,35
Nord Ovest;Lombardia;CR;G469;6;30,5
Nord Ovest;Piemonte;VC;G471;1;4,51
Nord Ovest;Lombardia;BS;G474;1;3
Nord Ovest;Lombardia;BS;G475;1;1
Sud;Campania;SA;G476;1;0
Nord Ovest;Piemonte;TO;G477;7;6
Centro;Umbria;PG;G478;558,82;1478,9
Centro;Marche;PS;G479;281,75;671,34
Centro;Toscana;LU;G480;12;13
Nord Est;Veneto;VR;G481;58,41;176,23
Sud;Abruzzo;PE;G482;248,44;1101,93
Nord Ovest;Lombardia;CR;G483;3;15
Sud;Abruzzo;AQ;G484;0;10,18
Nord Ovest;Lombardia;LC;G485;3;24
Sud;Molise;IS;G486;0;1,83
Sud;Puglia;FG;G487;2,17;9
Nord Ovest;Lombardia;MI;G488;125,47;429,73
Nord Est;Veneto;VR;G489;55,03;236,82
Centro;Toscana;PT;G491;37,34;135,79
Sud;Abruzzo;AQ;G492;3;5,67
Sud;Abruzzo;AQ;G493;21;25,83
Sud;Campania;BN;G494;2;1
Sud;Molise;IS;G495;1;4
Sud;Basilicata;PZ;G496;4,25;1,06
Sud;Molise;IS;G497;0;3
Centro;Lazio;RI;G498;9,67;3,58
Sud;Abruzzo;PE;G499;1;1
Centro;Lazio;FR;G500;1;1
Nord Ovest;Lombardia;MI;G502;38;128,84
Nord Ovest;Lombardia;CR;G504;1;5
Nord Ovest;Piemonte;TO;G505;5;16,5
Sud;Molise;CB;G506;4;17,4
Centro;Lazio;RI;G507;0,17;0,17
Sud;Calabria;KR;G508;14;5
Sud;Campania;SA;G509;2;0
Isole;Sicilia;PA;G510;4;3,5
Isole;Sicilia;PA;G511;4,5;7,5
Sud;Molise;CB;G512;3,5;1,5
Centro;Lazio;RI;G513;4;1
Centro;Marche;PS;G514;9;12,42
Centro;Marche;MC;G515;2;4
Centro;Marche;AP;G516;6;10,5
Sud;Calabria;CZ;G517;1;2
Sud;Calabria;CZ;G518;2;1
Sud;Campania;AV;G519;1;0
Nord Ovest;Piemonte;NO;G520;1,5;9
Nord Ovest;Piemonte;BI;G521;6;20,33
Isole;Sicilia;ME;G522;3;1
Sud;Molise;IS;G523;2;4
Sud;Abruzzo;AQ;G524;7;8,5
Nord Est;Veneto;RO;G525;1;3
Nord Ovest;Piemonte;CN;G526;28,17;43,08
Nord Ovest;Piemonte;VC;G528;8;13,7
Nord Ovest;Lombardia;BS;G529;4;4
Nord Ovest;Piemonte;CN;G532;4;3
Nord Est;Veneto;PD;G534;1;5
Nord Est;Emilia-Romagna;PC;G535;522,95;1329,86
Sud;Campania;SA;G538;8;2
Sud;Campania;SA;G540;1;0
Sud;Campania;CE;G541;3;2,5
Nord Ovest;Liguria;SV;G542;7;9
Isole;Sicilia;PA;G543;0,67;3
Nord Ovest;Valle d'Aosta;AO;G545;1;0
Nord Ovest;Lombardia;BS;G546;13,54;54
Centro;Toscana;SI;G547;6,89;24,17
Nord Ovest;Lombardia;BS;G549;12,05;25,5
Centro;Marche;PS;G551;5;10,5
Sud;Calabria;CS;G553;0;0
Sud;Abruzzo;PE;G555;10,5;23,17
Nord Ovest;Lombardia;CO;G556;9,07;9,07
Nord Est;Emilia-Romagna;PC;G557;12,89;29,5
Nord Ovest;Lombardia;CR;G558;1;18
Nord Ovest;Piemonte;TO;G559;70,08;157,6
Nord Est;Veneto;VI;G560;3;18
Nord Ovest;Piemonte;CN;G561;7;12
Nord Ovest;Lombardia;BG;G564;3,66;12,17
Nord Est;Veneto;VE;G565;12,5;182,13
Nord Est;Emilia-Romagna;BO;G566;13;41,84
Sud;Campania;NA;G568;17,77;34,79
Nord Est;Emilia-Romagna;BO;G570;71;186,66
Centro;Lazio;VT;G571;9,17;7
Nord Ovest;Lombardia;SO;G572;3;7
Nord Ovest;Lombardia;BG;G574;3,5;12
Nord Ovest;Piemonte;CN;G575;12,45;23,89
Nord Ovest;Lombardia;SO;G576;9,44;5,34
Nord Ovest;Piemonte;BI;G577;1;4,34
Nord Ovest;Lombardia;BG;G579;5,17;14,33
Isole;Sicilia;EN;G580;41,68;74,63
Centro;Toscana;LU;G582;1;5,15
Nord Ovest;Lombardia;BG;G583;4,17;30,3
Nord Est;Veneto;PD;G587;5;88,53
Nord Ovest;Lombardia;BG;G588;0;6
Sud;Abruzzo;PE;G589;2;2
Sud;Basilicata;PZ;G590;6,08;14,39
Centro;Lazio;FR;G591;1;8,34
Centro;Lazio;FR;G592;0,5;1
Nord Ovest;Piemonte;AT;G593;4;0
Nord Ovest;Piemonte;BI;G594;2,67;0
Sud;Campania;CE;G596;15,64;28,5
Isole;Sicilia;CT;G597;18;15,5
Centro;Lazio;FR;G598;6;17
Nord Ovest;Piemonte;VB;G600;4;8
Centro;Umbria;PG;G601;10,99;18,33
Centro;Toscana;SI;G602;16;21,5
Nord Ovest;Lombardia;CR;G603;0;7
Sud;Puglia;FG;G604;3;4
Nord Ovest;Liguria;SV;G605;98,66;309,71
Sud;Molise;IS;G606;0;1
Nord Ovest;Liguria;IM;G607;10;1
Sud;Abruzzo;TE;G608;1;0
Sud;Molise;CB;G609;2,5;1
Sud;Molise;CB;G610;0,44;0
Sud;Campania;AV;G611;0;5
Nord Ovest;Lombardia;PV;G612;4;3
Sud;Abruzzo;CH;G613;0;1
Sud;Basilicata;PZ;G614;4;3
Sud;Calabria;CS;G615;1;0,6
Sud;Basilicata;PZ;G616;7;7,34
Centro;Umbria;PG;G618;6,16;11,79
Nord Ovest;Piemonte;AL;G619;1;5
Sud;Campania;CE;G620;11;4
Sud;Abruzzo;PE;G621;0;2
Sud;Calabria;CS;G622;1,56;3
Sud;Basilicata;PZ;G623;6;1,5
Isole;Sicilia;EN;G624;13;26,75
Nord Ovest;Piemonte;CN;G625;1;1
Sud;Campania;BN;G626;0;0
Centro;Marche;PS;G627;0;2
Centro;Toscana;LU;G628;58,91;65,51
Sud;Campania;AV;G629;2;5
Sud;Campania;CE;G630;2;2
Sud;Campania;BN;G631;7,5;7
Nord Ovest;Liguria;IM;G632;21;2
Nord Ovest;Lombardia;MI;G634;50;167,55
Nord Ovest;Lombardia;PV;G635;6;8,67
Centro;Toscana;PT;G636;17,22;74,13
Nord Ovest;Lombardia;PV;G639;3;13
Nord Est;Veneto;BL;G642;27,8;62,38
Nord Est;Emilia-Romagna;BO;G643;12;70,29
Nord Est;Veneto;TV;G645;29,53;124,38
Nord Ovest;Liguria;GE;G646;9;46
Nord Ovest;Lombardia;CR;G647;0;7,5
Centro;Toscana;LU;G648;4;3,5
Nord Est;Emilia-Romagna;MO;G649;7;30,47
Nord Ovest;Lombardia;PV;G650;14,5;26,5
Nord Ovest;Lombardia;CR;G651;4,56;11,56
Centro;Toscana;AR;G653;16,03;7,5
Centro;Marche;MC;G657;0;2
Nord Ovest;Piemonte;VB;G658;7,6;15,43
Centro;Lazio;FR;G659;14,89;4,17
Nord Ovest;Liguria;IM;G660;13;0
Sud;Campania;CE;G661;7,5;14
Centro;Lazio;FR;G662;2;1
Sud;Basilicata;PZ;G663;12,38;7,25
Nord Ovest;Liguria;SP;G664;3;14
Nord Ovest;Lombardia;CO;G665;3;1
Nord Ovest;Piemonte;VC;G666;1;2
Isole;Sardegna;CA;G669;0;0
Sud;Campania;NA;G670;4,22;1
Nord Ovest;Lombardia;PV;G671;3,5;24,17
Nord Ovest;Piemonte;TO;G672;18,84;38,49
Nord Est;Veneto;RO;G673;3,5;11,02
Nord Ovest;Piemonte;TO;G674;252,97;389,37
Nord Ovest;Piemonte;AT;G676;0;2
Nord Ovest;Piemonte;TO;G678;41,58;91,58
Nord Est;Friuli- Venezia Giulia;PN;G680;3;10
Centro;Marche;PS;G682;2;9
Nord Ovest;Piemonte;CN;G683;1;10
Nord Ovest;Piemonte;TO;G684;17,67;38,52
Nord Ovest;Piemonte;VC;G685;1;3,25
Nord Ovest;Lombardia;MI;G686;227,46;566,5
Centro;Toscana;LI;G687;167,62;158,8
Nord Est;Veneto;PD;G688;9;42,5
Centro;Marche;MC;G690;1;4
Nord Ovest;Piemonte;TO;G691;83,14;169,59
Nord Ovest;Piemonte;AT;G692;0,5;3,34
Nord Est;Veneto;PD;G693;19,25;278,14
Nord Est;Veneto;VI;G694;10,2;77,1
Nord Est;Emilia-Romagna;PC;G696;4,48;5
Nord Ovest;Piemonte;CN;G697;1;4
Centro;Lazio;LT;G698;14,25;22,75
Isole;Sicilia;ME;G699;7,55;13
Centro;Toscana;PI;G702;297,52;723,37
Nord Ovest;Piemonte;NO;G703;8;14,33
Centro;Lazio;RM;G704;2;6
Nord Ovest;Piemonte;TO;G705;18;36
Sud;Campania;SA;G707;10;8
Nord Ovest;Lombardia;BS;G710;25,28;79
Sud;Basilicata;MT;G712;23,17;48,33
Centro;Toscana;PT;G713;179,44;501,52
Centro;Toscana;GR;G716;15,83;21,08
Nord Ovest;Lombardia;MN;G717;4;19,5
Nord Ovest;Lombardia;SO;G718;18,21;22
Nord Ovest;Piemonte;TO;G719;5;5
Nord Ovest;Lombardia;PV;G720;2;4,16
Nord Ovest;Lombardia;CR;G721;12,59;48,41
Sud;Calabria;VV;G722;15;26
Sud;Abruzzo;CH;G724;21,84;13
Sud;Abruzzo;AQ;G726;17,5;24
Sud;Molise;IS;G727;0;0
Sud;Calabria;VV;G728;0;1
Sud;Calabria;RC;G729;1;0
Sud;Calabria;CS;G733;3;1
Sud;Calabria;CZ;G734;7;1
Sud;Calabria;RC;G735;1;0
Nord Est;Friuli- Venezia Giulia;UD;G736;2;4,44
Nord Ovest;Lombardia;CO;G737;2;3,5
Isole;Sardegna;SS;G740;8;5
Nord Ovest;Liguria;SV;G741;0,25;1
Nord Ovest;Piemonte;CN;G742;6;18,33
Nord Est;Friuli- Venezia Giulia;UD;G743;4,33;8,33
Centro;Toscana;MS;G746;12;7
Nord Est;Emilia-Romagna;PC;G747;29,71;113,34
Centro;Lazio;FR;G749;2;3,5
Sud;Puglia;LE;G751;5;16,66
Centro;Toscana;SI;G752;65,28;198,48
Nord Ovest;Lombardia;MN;G753;10,25;58
Centro;Toscana;PO;G754;12,08;71,48
Centro;Lazio;RI;G756;7,75;5,38
Centro;Lazio;RI;G757;5;8,03
Centro;Umbria;PG;G758;5,5;0,25
Sud;Abruzzo;CH;G760;2;3
Sud;Puglia;FG;G761;0,2;10,5
Sud;Campania;NA;G762;31,75;62,67
Centro;Lazio;RI;G763;21,7;37,5
Centro;Lazio;RI;G764;7,5;8
Centro;Lazio;RI;G765;11,5;15
Sud;Abruzzo;AQ;G766;0;1,25
Isole;Sicilia;TP;G767;5;8
Nord Est;Emilia-Romagna;FE;G768;23,06;157,41
Sud;Puglia;BA;G769;5,17;6
Centro;Lazio;RI;G770;3;5
Centro;Marche;AN;G771;0;1
Nord Ovest;Lombardia;MI;G772;55,81;119,83
Nord Ovest;Lombardia;CO;G773;8,5;7
Nord Ovest;Lombardia;BG;G774;1;26,08
Nord Ovest;Piemonte;NO;G775;3,22;7
Nord Est;Veneto;VI;G776;13;38
Nord Ovest;Piemonte;TO;G777;32,17;115,08
Nord Ovest;Lombardia;BS;G779;8;10
Nord Est;Friuli- Venezia Giulia;PN;G780;5;25,09
Nord Est;Veneto;RO;G782;1,5;63,08
Centro;Lazio;RM;G784;10;3,8
Sud;Calabria;VV;G785;5;0
Sud;Basilicata;MT;G786;16,18;61
Sud;Puglia;BA;G787;38,7;60,76
Nord Est;Emilia-Romagna;PC;G788;1;8,5
Nord Est;Emilia-Romagna;MO;G789;12,75;21
Centro;Umbria;TR;G790;1;1
Sud;Calabria;RC;G791;8;7
Isole;Sicilia;PA;G792;11;7,25
Sud;Campania;SA;G793;8;7,5
Nord Ovest;Valle d'Aosta;AO;G794;11,17;12
Sud;Campania;NA;G795;14,5;14
Sud;Campania;SA;G796;8,33;7,63
Isole;Sicilia;PA;G797;15,58;6
Nord Ovest;Piemonte;BI;G798;2;13,8
Sud;Abruzzo;CH;G799;2;4
Nord Ovest;Piemonte;CN;G800;5,5;16
Nord Ovest;Lombardia;BS;G801;8,01;70,91
Nord Est;Veneto;PD;G802;0;31,67
Centro;Marche;AN;G803;6;28,25
Centro;Toscana;PI;G804;35;36
Nord Ovest;Piemonte;TO;G805;2,67;7,67
Sud;Basilicata;MT;G806;10;4
Nord Ovest;Piemonte;AL;G807;0;1
Nord Ovest;Piemonte;NO;G809;2,5;25,5
Centro;Lazio;RM;G811;130,46;664,43
Sud;Campania;NA;G812;51,05;184,41
Sud;Campania;NA;G813;27,41;21,89
Nord Ovest;Liguria;IM;G814;2,5;10,5
Nord Ovest;Lombardia;BS;G815;1;19
Nord Ovest;Lombardia;MN;G816;1;8
Isole;Sardegna;OR;G817;0;0
Nord Ovest;Lombardia;BS;G818;6,16;47,15
Nord Ovest;Piemonte;BI;G820;16,49;36,67
Nord Ovest;Lombardia;CO;G821;0,4;0
Centro;Toscana;PI;G822;39,18;131,33
Nord Est;Veneto;PD;G823;1;16,5
Centro;Toscana;FI;G825;62,09;116,5
Nord Ovest;Piemonte;TO;G826;11;31,25
Sud;Campania;BN;G827;1,5;4
Nord Ovest;Lombardia;SO;G829;8,17;10,43
Nord Est;Friuli- Venezia Giulia;UD;G831;3,33;3,33
Centro;Toscana;PT;G833;10,5;45,17
Sud;Campania;SA;G834;40,83;105,5
Nord Est;Veneto;RO;G836;2;22,5
Nord Ovest;Piemonte;CN;G837;10;20
Centro;Lazio;FR;G838;9,17;17
Nord Ovest;Piemonte;AL;G839;8;35
Nord Ovest;Liguria;IM;G840;25;4
Nord Est;Emilia-Romagna;PC;G842;14;53
Centro;Toscana;PI;G843;64,56;195,24
Nord Ovest;Lombardia;BS;G844;39,59;168,44
Nord Est;Veneto;TV;G846;16,18;91,85
Nord Ovest;Lombardia;CO;G847;22,33;44,47
Sud;Campania;BN;G848;3;0
Sud;Campania;CE;G849;2;1
Nord Est;Veneto;PD;G850;1;24,83
Nord Ovest;Lombardia;PV;G851;5,75;6
Nord Est;Emilia-Romagna;PC;G852;15,75;90,42
Nord Ovest;Lombardia;BG;G853;22;72,15
Nord Ovest;Valle d'Aosta;AO;G854;10,25;25
Nord Est;Veneto;PD;G855;11;199,21
Nord Ovest;Lombardia;BG;G856;38,56;152,75
Nord Ovest;Piemonte;AL;G858;2;11
Nord Ovest;Lombardia;BS;G859;17,33;52,5
Nord Ovest;Valle d'Aosta;AO;G860;1;2
Nord Ovest;Piemonte;AL;G861;12;4
Nord Ovest;Lombardia;MN;G862;9,01;18,53
Nord Ovest;Lombardia;BG;G864;10,5;29,5
Centro;Lazio;LT;G865;11,4;38
Nord Ovest;Liguria;SV;G866;5;7
Nord Ovest;Lombardia;BG;G867;23;58,43
Nord Ovest;Lombardia;BS;G869;14;56,44
Centro;Toscana;MS;G870;56,76;38,45
Centro;Lazio;LT;G871;1,6;0
Nord Ovest;Piemonte;AL;G872;0;1
Centro;Marche;AP;G873;0;0,33
Centro;Lazio;RM;G874;3;6
Nord Est;Veneto;TV;G875;14;135,65
Nord Ovest;Piemonte;AL;G877;3;20,5
Sud;Abruzzo;PE;G878;8,5;13,23
Centro;Toscana;AR;G879;14;25,67
Centro;Umbria;TR;G881;2;6
Centro;Toscana;LU;G882;9;44
Nord Est;Friuli- Venezia Giulia;PN;G886;35,45;143,62
Sud;Campania;SA;G887;3;2
Nord Est;Friuli- Venezia Giulia;PN;G888;329,48;658,33
Nord Ovest;Lombardia;CO;G889;8,16;51,67
Nord Ovest;Liguria;IM;G890;8;3
Nord Est;Friuli- Venezia Giulia;UD;G891;3;7,14
Nord Ovest;Piemonte;AT;G894;4;10
Nord Ovest;Lombardia;PV;G895;3;15
Nord Ovest;Piemonte;TO;G900;4;8
Sud;Campania;NA;G902;48,65;140,11
Sud;Campania;CE;G903;9;53,9
Nord Est;Emilia-Romagna;FO;G904;6,75;3
Sud;Calabria;RC;G905;2;3
Nord Ovest;Lombardia;VA;G906;8,01;33,01
Nord Ovest;Lombardia;VA;G907;11;20,2
Nord Est;Veneto;TV;G909;9;11
Sud;Molise;CB;G910;2;5
Centro;Toscana;LI;G912;20,31;53,13
Nord Ovest;Liguria;GE;G913;2;1,67
Nord Est;Veneto;VE;G914;40,67;264,44
Nord Est;Emilia-Romagna;FE;G916;15,53;170,01
Nord Ovest;Lombardia;MN;G917;10,5;211,5
Centro;Marche;MC;G919;115,83;215,54
Centro;Marche;AP;G920;27,56;100,56
Centro;Marche;AP;G921;78,8;163,4
Isole;Sardegna;CA;G922;4,5;9
Nord Est;Veneto;RO;G923;4,5;54,16
Isole;Sardegna;SS;G924;16,5;99,2
Nord Ovest;Liguria;SP;G925;14,99;18,75
Nord Est;Veneto;RO;G926;6;99,94
Nord Ovest;Piemonte;BI;G927;5,7;6,5
Isole;Sardegna;NU;G929;3;6
Nord Est;Veneto;VI;G931;2;8,83
Sud;Campania;SA;G932;1;7,08
Nord Est;Veneto;TV;G933;5;13
Centro;Lazio;RI;G934;2;1
Centro;Lazio;FR;G935;0;3
Nord Ovest;Lombardia;SO;G937;6;7
Sud;Campania;SA;G939;7,8;2
Nord Ovest;Piemonte;VC;G940;6;8
Sud;Basilicata;PZ;G942;160,37;208,58
Nord Est;Veneto;VI;G943;2;19
Nord Est;Veneto;TV;G944;8;56,92
Nord Est;Veneto;VR;G945;8,67;87,48
Nord Est;Emilia-Romagna;RE;G947;11;75,01
Nord Est;Friuli- Venezia Giulia;UD;G949;14;37,67
Centro;Lazio;RI;G951;1;3,96
Isole;Sicilia;RG;G953;8;77,41
Sud;Molise;IS;G954;9;10
Nord Ovest;Lombardia;MI;G955;66,17;188,87
Nord Est;Veneto;VI;G957;1;27,5
Nord Ovest;Lombardia;BS;G959;3,5;58,5
Nord Ovest;Piemonte;AL;G960;0;6,95
Nord Ovest;Piemonte;AL;G961;7,5;45
Isole;Sardegna;SS;G962;2,8;2,93
Nord Est;Veneto;PD;G963;2;11,33
Sud;Campania;NA;G964;48,78;57,67
Nord Ovest;Lombardia;MI;G965;35,82;122,45
Nord Est;Friuli- Venezia Giulia;UD;G966;13,58;76,28
Nord Ovest;Lombardia;BG;G968;9;40,88
Nord Est;Friuli- Venezia Giulia;UD;G969;6;35,67
Nord Ovest;Piemonte;CN;G970;1;0
Nord Est;Emilia-Romagna;BO;G972;68,51;168,09
Nord Ovest;Piemonte;TO;G973;13;62
Nord Ovest;Piemonte;BI;G974;12,66;13,66
Sud;Calabria;CS;G975;13,9;18
Sud;Campania;SA;G976;2;0,67
Nord Ovest;Lombardia;BS;G977;8;17
Nord Ovest;Piemonte;TO;G978;1;16,17
Nord Ovest;Piemonte;TO;G979;1,67;5
Nord Ovest;Piemonte;BI;G980;3;9,33
Nord Est;Veneto;VE;G981;8;46
Nord Ovest;Piemonte;TO;G982;2;3
Nord Ovest;Piemonte;VC;G985;3;12
Nord Ovest;Piemonte;TO;G986;3,5;9
Nord Ovest;Piemonte;AL;G987;1;2
Nord Ovest;Piemonte;TO;G988;14,5;5,84
Sud;Campania;AV;G990;0,86;9
Sud;Campania;CE;G991;0;0
Sud;Abruzzo;AQ;G992;8,5;5,5
Nord Ovest;Lombardia;SO;G993;15,65;11
Nord Est;Friuli- Venezia Giulia;PN;G994;19;71,05
Sud;Campania;CE;G995;1;0
Nord Ovest;Piemonte;TO;G997;6;7
Centro;Toscana;PO;G999;385,6;1649,61
Nord Ovest;Piemonte;NO;H001;2;20,67
Nord Est;Friuli- Venezia Giulia;UD;H002;5;4
Sud;Campania;AV;H006;1;12,33
Sud;Abruzzo;AQ;H007;13;28,66
Nord Est;Friuli- Venezia Giulia;PN;H010;2;31,5
Nord Ovest;Piemonte;CN;H011;3;0
Sud;Calabria;RC;H013;0;0
Nord Est;Friuli- Venezia Giulia;UD;H014;2;10
Centro;Umbria;PG;H015;6,5;1
Nord Est;Emilia-Romagna;FO;H017;14,43;36,7
Nord Ovest;Lombardia;BG;H020;5,83;40,5
Nord Ovest;Piemonte;AL;H021;5;7,5
Nord Est;Veneto;TV;H022;24,3;224,65
Nord Ovest;Lombardia;MI;H026;81,13;142,31
Nord Ovest;Liguria;IM;H027;10;2
Nord Ovest;Lombardia;LC;H028;0,46;6
Nord Est;Friuli- Venezia Giulia;UD;H029;9;29
Nord Ovest;Piemonte;VB;H030;4,93;14,33
Nord Ovest;Piemonte;VB;H033;0;2
Nord Est;Emilia-Romagna;FO;H034;0;5
Nord Ovest;Lombardia;BG;H036;7;33,83
Nord Ovest;Piemonte;VB;H037;8;12,51
Nord Est;Friuli- Venezia Giulia;UD;H038;0;0
Nord Est;Friuli- Venezia Giulia;UD;H040;3;2,5
Nord Ovest;Valle d'Aosta;AO;H042;17,58;39,43
Nord Ovest;Lombardia;BS;H043;0;2
Sud;Campania;CE;H045;0;2
Nord Ovest;Lombardia;BG;H046;9,25;56,28
Nord Est;Veneto;VR;H048;4;26,65
Sud;Abruzzo;CH;H052;1;2
Nord Ovest;Lombardia;BS;H055;7;52,33
Sud;Abruzzo;AQ;H056;4;3
Nord Ovest;Piemonte;CN;H059;3;2
Nord Est;Emilia-Romagna;MO;H061;12;37,94
Sud;Campania;SA;H062;7,5;5,33
Nord Ovest;Lombardia;LC;H063;4,1;15,67
Nord Ovest;Piemonte;CN;H068;3;5
Nord Ovest;Piemonte;CN;H069;0;3
Isole;Sicilia;PA;H070;8,25;2
Centro;Lazio;VT;H071;0;1
Sud;Campania;NA;H072;17;2
Nord Ovest;Liguria;GE;H073;1;0
Nord Ovest;Lombardia;CO;H074;2;8
Centro;Lazio;LT;H076;0,5;1
Nord Ovest;Lombardia;BS;H077;3;1
Nord Ovest;Lombardia;BS;H078;6;63,53
Sud;Molise;CB;H083;0,67;1,5
Nord Ovest;Piemonte;CN;H085;4;3
Nord Ovest;Lombardia;BS;H086;4;42,01
Sud;Campania;BN;H087;1;1
Isole;Sardegna;CA;H088;7;48,1
Nord Est;Friuli- Venezia Giulia;UD;H089;3;1
Sud;Puglia;TA;H090;5;19,2
Nord Ovest;Lombardia;BG;H091;1;9
Nord Ovest;Lombardia;CO;H094;6,26;10,11
Isole;Sardegna;SS;H095;0;0
Sud;Puglia;BA;H096;65,83;169,76
Sud;Campania;AV;H097;0,4;6,6
Sud;Abruzzo;CH;H098;0;1
Nord Ovest;Piemonte;TO;H100;0;1
Sud;Campania;NA;H101;15,3;43,74
Nord Ovest;Piemonte;AT;H102;0;1
Nord Ovest;Piemonte;AL;H104;3;12
Nord Ovest;Piemonte;VB;H106;1;3
Nord Ovest;Piemonte;VB;H107;1;0
Nord Ovest;Piemonte;VC;H108;14,28;31,08
Centro;Toscana;PT;H109;30,6;147,36
Nord Ovest;Valle d'Aosta;AO;H110;23,17;34,67
Sud;Campania;NA;H114;25,14;136,73
Nord Est;Veneto;VE;H117;3,5;204,58
Isole;Sardegna;CA;H118;98,5;319,26
Isole;Sardegna;CA;H119;12,33;54,5
Nord Ovest;Piemonte;TO;H120;0;2
Nord Ovest;Piemonte;AL;H121;2;11,5
Nord Est;Emilia-Romagna;RE;H122;33;142,99
Nord Ovest;Liguria;SV;H126;66,41;23,67
Nord Ovest;Piemonte;TO;H127;8;11
Sud;Campania;AV;H128;0;0
Nord Ovest;Lombardia;MN;H129;1;6,33
Nord Ovest;Lombardia;CR;H130;0;15
Nord Est;Veneto;TV;H131;17;128,78
Nord Ovest;Piemonte;VC;H132;0;7
Nord Est;Veneto;VI;H134;4;61,5
Nord Ovest;Lombardia;BS;H140;3;63,5
Nord Ovest;Lombardia;MN;H143;2,67;28,84
Sud;Puglia;LE;H147;10;19,8
Isole;Sicilia;AG;H148;18;11,5
Nord Ovest;Piemonte;CN;H150;43,75;116,36
Isole;Sicilia;ME;H151;4;3
Centro;Toscana;SI;H153;7;8,5
Isole;Sicilia;CT;H154;0;7
Centro;Toscana;SI;H156;6;6
Centro;Toscana;SI;H157;9,8;8
Isole;Sicilia;AG;H159;16,33;4
Nord Est;Friuli- Venezia Giulia;UD;H161;4,66;19,83
Isole;Sicilia;RG;H163;90,34;431,39
Sud;Campania;CE;H165;2;1
Sud;Abruzzo;AQ;H166;6;9,5
Isole;Sicilia;CT;H168;7;10,5
Nord Ovest;Lombardia;VA;H173;1;7,22
Nord Ovest;Lombardia;VA;H174;3;11,33
Isole;Sicilia;CT;H175;25,8;34,46
Nord Ovest;Lombardia;BG;H176;12;53,5
Nord Ovest;Lombardia;BG;H177;5;41,61
Nord Ovest;Liguria;IM;H180;7;6
Centro;Marche;AP;H182;0;6,5
Nord Ovest;Liguria;GE;H183;241,35;379,79
Sud;Abruzzo;CH;H184;1,5;2
Centro;Toscana;SI;H185;18,04;65,3
Sud;Basilicata;PZ;H186;6;1
Sud;Basilicata;PZ;H187;0,75;1,75
Nord Ovest;Piemonte;VC;H188;0;0
Nord Ovest;Lombardia;SO;H192;2;2
Isole;Sicilia;AG;H194;15;13,33
Nord Est;Emilia-Romagna;MO;H195;12;105
Nord Est;Friuli- Venezia Giulia;UD;H196;2;15,83
Sud;Campania;SA;H198;16,83;5,52
Nord Est;Emilia-Romagna;RA;H199;414,68;2016,77
Nord Est;Friuli- Venezia Giulia;UD;H200;2;0,33
Sud;Campania;CE;H202;0;0
Nord Ovest;Piemonte;VB;H203;6,8;2
Nord Ovest;Lombardia;PV;H204;0;3,34
Isole;Sicilia;AG;H205;13,08;4,5
Nord Est;Friuli- Venezia Giulia;UD;H206;12;25,5
Nord Ovest;Piemonte;TO;H207;7;19,25
Sud;Campania;CE;H210;18,33;38,5
Centro;Marche;MC;H211;31,32;126,02
Nord Ovest;Liguria;GE;H212;33,99;64,13
Nord Ovest;Piemonte;NO;H213;3;7
Nord Est;Veneto;VI;H214;12,01;31,35
Nord Ovest;Lombardia;PV;H216;1;6
Nord Ovest;Lombardia;MN;H218;2;9
Nord Ovest;Piemonte;AT;H219;9,7;6
Nord Est;Veneto;TV;H220;2;7
Isole;Sicilia;EN;H221;10,2;29,66
Centro;Toscana;FI;H222;42,5;135,2
Nord Est;Emilia-Romagna;RE;H223;735,53;2303,12
Sud;Calabria;RC;H224;122,78;332,48
Nord Est;Emilia-Romagna;RE;H225;13,5;94,39
Sud;Campania;BN;H227;1;0
Isole;Sicilia;ME;H228;2;3
Nord Est;Friuli- Venezia Giulia;UD;H229;15;54,33
Nord Ovest;Lombardia;BS;H230;4,17;24,67
Nord Ovest;Lombardia;MI;H233;14,43;46,27
Sud;Calabria;CS;H235;68,55;147,99
Nord Est;Veneto;TV;H238;7;68,6
Nord Ovest;Lombardia;MI;H240;70,41;221,23
Nord Est;Friuli- Venezia Giulia;UD;H242;3;0,25
Sud;Campania;NA;H243;34,43;66,55
Nord Est;Friuli- Venezia Giulia;UD;H244;0;2
Isole;Sicilia;CL;H245;4,67;0,22
Nord Ovest;Lombardia;PV;H246;3;13
Nord Ovest;Piemonte;CN;H247;11;36,5
Nord Ovest;Piemonte;AT;H250;2;3
Nord Est;Veneto;TV;H253;2,5;10,42
Nord Ovest;Lombardia;CO;H255;0;0
Nord Ovest;Lombardia;BS;H256;25,83;143,54
Nord Ovest;Liguria;IM;H257;7,33;0
Nord Ovest;Liguria;GE;H258;6;1
Nord Ovest;Lombardia;CO;H259;0;0
Nord Ovest;Valle d'Aosta;AO;H262;0;0
Nord Ovest;Valle d'Aosta;AO;H263;11,5;1
Nord Ovest;Lombardia;MI;H264;300,76;668,98
Sud;Calabria;RC;H265;1;6
Nord Ovest;Liguria;SV;H266;4;7
Centro;Lazio;RM;H267;12,5;61,58
Sud;Campania;CE;H268;1,5;1,83
Isole;Sicilia;AG;H269;17,25;17
Nord Ovest;Piemonte;TO;H270;1;0
Sud;Calabria;VV;H271;5;6,25
Nord Ovest;Piemonte;AL;H272;0;2
Sud;Molise;CB;H273;6,77;13,17
Nord Est;Emilia-Romagna;RN;H274;63,14;422,34
Nord Ovest;Liguria;SP;H275;20;15
Nord Ovest;Lombardia;CR;H276;0;27,5
Sud;Campania;SA;H277;4;4
Nord Est;Veneto;TV;H280;11,67;83,38
Isole;Sicilia;CL;H281;4,67;5,5
Centro;Lazio;RI;H282;122,44;246,49
Nord Ovest;Piemonte;CN;H285;1;1
Centro;Toscana;FI;H286;24,03;68,2
Sud;Puglia;FG;H287;2,67;1,83
Centro;Lazio;RM;H288;22;77,71
Nord Est;Friuli- Venezia Giulia;UD;H289;3,5;4
Nord Ovest;Piemonte;VC;H293;1,83;0
Nord Est;Emilia-Romagna;RN;H294;340,35;1583,43
Nord Est;Emilia-Romagna;RE;H298;15;62,88
Centro;Lazio;RM;H300;6;1
Isole;Sardegna;OR;H301;0;1
Nord Est;Emilia-Romagna;RA;H302;8;37,69
Nord Est;Emilia-Romagna;MO;H303;2,32;9,66
Nord Ovest;Liguria;SP;H304;19,79;3,56
Sud;Basilicata;PZ;H307;14,95;31,5
Sud;Molise;IS;H308;2;1,33
Sud;Molise;CB;H311;3;0,33
Sud;Basilicata;PZ;H312;6;4
Sud;Molise;CB;H313;14,78;13,78
Nord Ovest;Lombardia;CR;H314;1;8,63
Nord Ovest;Lombardia;CR;H315;2;28,25
Nord Ovest;Lombardia;CR;H316;0;1
Centro;Toscana;PI;H319;7;13,25
Sud;Abruzzo;CH;H320;4;6
Centro;Marche;AP;H321;3;9,5
Centro;Marche;MC;H323;6;5
Centro;Lazio;FR;H324;1;4
Isole;Sicilia;CT;H325;13,55;91,53
Nord Ovest;Piemonte;CN;H326;2;0
Nord Est;Veneto;BL;H327;12;4
Nord Ovest;Liguria;IM;H328;17,94;48,34
Nord Ovest;Lombardia;BG;H331;4,5;36,06
Nord Ovest;Piemonte;TO;H333;1;5,28
Nord Ovest;Piemonte;AL;H334;4;6
Nord Ovest;Piemonte;TO;H335;66,5;209,92
Nord Ovest;Lombardia;PV;H336;22,08;72
Nord Ovest;Piemonte;TO;H337;14;52
Nord Ovest;Piemonte;TO;H338;3,3;6,6
Nord Ovest;Piemonte;TO;H340;57,27;154,34
Nord Ovest;Lombardia;CR;H341;1;14,78
Nord Ovest;Lombardia;MN;H342;5;13,67
Nord Ovest;Piemonte;AL;H343;1;1
Nord Ovest;Piemonte;TO;H344;7;14,5
Nord Ovest;Piemonte;VC;H346;1,5;3
Nord Est;Friuli- Venezia Giulia;UD;H347;2;18,5
Sud;Basilicata;PZ;H348;9,71;2,33
Nord Est;Emilia-Romagna;PC;H350;18;90,92
Sud;Abruzzo;AQ;H353;11,55;33,12
Centro;Lazio;RI;H354;3,5;3
Nord Ovest;Piemonte;TO;H355;304,76;561,5
Nord Est;Veneto;VR;H356;1;23,65
Nord Ovest;Lombardia;CR;H357;22,75;112,5
Sud;Calabria;RC;H359;4;1
Nord Est;Veneto;VI;H361;27,5;202,73
Nord Ovest;Piemonte;CN;H362;3;3
Nord Ovest;Piemonte;CN;H363;1;0
Nord Ovest;Piemonte;VC;H364;2;3
Nord Ovest;Piemonte;VC;H365;8,13;27
Nord Ovest;Piemonte;AT;H366;0;0
Nord Ovest;Piemonte;TO;H367;8;31
Nord Ovest;Lombardia;PV;H369;30,34;74,39
Nord Ovest;Lombardia;MI;H371;6,28;43,5
Nord Ovest;Lombardia;CR;H372;6;11
Nord Ovest;Lombardia;MI;H373;16,25;74,84
Nord Ovest;Lombardia;PV;H375;4;3
Nord Ovest;Piemonte;AT;H376;0;8
Nord Ovest;Piemonte;CN;H377;13;26
Nord Ovest;Piemonte;CN;H378;11,06;28
Nord Est;Veneto;BL;H379;24,91;22,88
Isole;Sicilia;ME;H380;1;2
Sud;Campania;AV;H382;5;0
Sud;Calabria;KR;H383;1;4
Nord Est;Emilia-Romagna;PR;H384;3;17,33
Nord Ovest;Piemonte;CN;H385;7;5,83
Nord Ovest;Piemonte;TO;H386;4,5;14
Centro;Lazio;RM;H387;2;3
Sud;Abruzzo;AQ;H389;1;1
Centro;Marche;AP;H390;1;6,29
Nord Ovest;Piemonte;CN;H391;0;0
Nord Ovest;Piemonte;AT;H392;3;2,75
Centro;Lazio;FR;H393;1;1
Sud;Campania;SA;H394;4,11;11
Nord Ovest;Piemonte;CN;H395;3,5;2
Nord Ovest;Lombardia;PV;H396;0;1
Sud;Campania;CE;H398;2;2
Sud;Abruzzo;AQ;H399;4;7,5
Sud;Abruzzo;AQ;H400;16;33,67
Centro;Lazio;RM;H401;2;0
Sud;Abruzzo;AQ;H402;26,58;52,08
Sud;Calabria;KR;H403;3;0
Centro;Lazio;RM;H404;29,3;103,83
Isole;Sicilia;ME;H405;0;1
Nord Ovest;Piemonte;AL;H406;1;2
Nord Ovest;Piemonte;CN;H407;15,54;19,09
Sud;Calabria;RC;H408;0;0
Sud;Puglia;TA;H409;2;5
Nord Ovest;Lombardia;BS;H410;8,99;50,99
Centro;Lazio;RM;H411;0;0
Sud;Campania;SA;H412;6;1
Centro;Lazio;LT;H413;8;3
Nord Ovest;Piemonte;AL;H414;2;11
Sud;Calabria;CS;H416;9,83;15,5
Centro;Toscana;GR;H417;8;5,5
Isole;Sicilia;ME;H418;16,17;22
Sud;Molise;IS;H420;3,83;1,66
Centro;Lazio;LT;H421;1,5;1
Isole;Sicilia;PA;H422;1;3
Sud;Campania;CE;H423;4,5;4
Sud;Abruzzo;CH;H424;1;2
Sud;Abruzzo;PE;H425;1;3
Sud;Basilicata;PZ;H426;3;2
Centro;Lazio;RI;H427;2;0
Isole;Sicilia;PA;H428;5,83;0,5
Sud;Abruzzo;AQ;H429;1;7
Sud;Campania;SA;H431;23,78;43,44
Centro;Lazio;RM;H432;27,39;45,88
Sud;Campania;NA;H433;5,33;10,67
Sud;Abruzzo;AQ;H434;34,5;34,04
Sud;Campania;CE;H436;0;0
Nord Est;Emilia-Romagna;FO;H437;8,5;15
Sud;Campania;AV;H438;0;3,86
Sud;Abruzzo;CH;H439;2;3,86
Sud;Abruzzo;TE;H440;2;1
Centro;Lazio;RM;H441;1;2
Sud;Abruzzo;CH;H442;1,5;1
Centro;Lazio;FR;H443;5;9,5
Centro;Lazio;LT;H444;1;0
Sud;Molise;IS;H445;0;1
Centro;Lazio;RI;H446;8;2,5
Nord Ovest;Piemonte;CN;H447;1;8
Sud;Abruzzo;CH;H448;1;8
Centro;Toscana;GR;H449;54,64;72,79
Nord Ovest;Lombardia;PV;H450;1;3
Nord Ovest;Piemonte;AT;H451;7;3
Nord Ovest;Liguria;SV;H452;8;3
Nord Ovest;Piemonte;CN;H453;13;21,67
Sud;Molise;CB;H454;1,67;1
Isole;Sicilia;ME;H455;0;0
Sud;Calabria;RC;H456;11,42;6
Sud;Molise;IS;H458;2,5;3
Sud;Campania;CE;H459;0;0
Nord Ovest;Liguria;IM;H460;4,5;2
Nord Ovest;Liguria;SP;H461;9,99;0,33
Nord Ovest;Piemonte;CN;H462;0,33;3
Nord Ovest;Piemonte;AL;H465;2,8;4
Nord Ovest;Piemonte;AT;H466;0;1
Sud;Puglia;FG;H467;1;1,67
Nord Ovest;Piemonte;AT;H468;0;2
Nord Ovest;Lombardia;MI;H470;15;84,9
Nord Ovest;Piemonte;CN;H472;2;6,75
Nord Ovest;Piemonte;CN;H473;3;1
Nord Ovest;Piemonte;CN;H474;4;5
Nord Ovest;Lombardia;BS;H477;18;83,5
Nord Ovest;Lombardia;CO;H478;11;11
Isole;Sicilia;ME;H479;1;2
Sud;Puglia;FG;H480;15,25;48,05
Nord Ovest;Lombardia;MN;H481;1;37,37
Nord Ovest;Lombardia;BS;H484;4,25;24,93
Sud;Campania;SA;H485;0;0,5
Nord Ovest;Lombardia;LC;H486;3,59;19,25
Sud;Calabria;CS;H488;12;0
Sud;Calabria;RC;H489;0;0
Sud;Calabria;CS;H490;5;4,17
Nord Ovest;Lombardia;PV;H491;0;5
Nord Ovest;Lombardia;BG;H492;1;33
Nord Ovest;Lombardia;SO;H493;4,5;3
Centro;Lazio;RM;H494;8;0
Sud;Abruzzo;CH;H495;0;1
Nord Ovest;Valle d'Aosta;AO;H497;5;3
Nord Ovest;Piemonte;TO;H498;7;17,8
Nord Est;Emilia-Romagna;RE;H500;10,65;44,44
Centro;Lazio;RM;H501;9950,33;23022,75
Nord Ovest;Piemonte;NO;H502;13;36,44
Sud;Campania;SA;H503;2;0
Nord Ovest;Lombardia;PV;H505;3;4,75
Isole;Sardegna;SS;H507;0;0
Nord Ovest;Lombardia;CR;H508;3;39,78
Nord Ovest;Lombardia;BG;H509;48,13;231,57
Nord Ovest;Piemonte;TO;H511;12;32
Nord Est;Veneto;VI;H512;14,13;137,44
Sud;Calabria;VV;H516;1;0
Nord Ovest;Piemonte;NO;H518;14,22;64,33
Isole;Sicilia;ME;H519;11,83;25
Nord Est;Veneto;VR;H522;8;21,22
Nord Est;Veneto;TV;H523;25,25;143,61
Nord Ovest;Lombardia;BS;H525;21,2;141,17
Nord Ovest;Lombardia;PV;H527;1;24
Nord Ovest;Lombardia;MI;H529;17;61,5
Nord Est;Friuli- Venezia Giulia;UD;H533;5,5;17
Centro;Lazio;VT;H534;19,34;24
Nord Ovest;Lombardia;BG;H535;5,24;7
Nord Ovest;Liguria;GE;H536;19;25
Nord Ovest;Lombardia;MI;H537;43;98,5
Nord Ovest;Piemonte;BI;H538;4,5;14,5
Nord Ovest;Piemonte;TO;H539;0;2,5
Nord Est;Veneto;VR;H540;6;57,36
Nord Ovest;Lombardia;MN;H541;9;63,5
Nord Est;Emilia-Romagna;FO;H542;2;40
Nord Ovest;Lombardia;BG;H544;4;24,75
Nord Ovest;Liguria;GE;H546;1;1
Nord Ovest;Piemonte;TO;H547;5;29,44
Nord Ovest;Piemonte;VC;H549;1;2
Nord Ovest;Piemonte;BI;H553;6,6;11,2
Nord Ovest;Piemonte;TO;H554;4;1
Nord Ovest;Piemonte;TO;H555;16;8,5
Nord Est;Veneto;VI;H556;10;84,68
Sud;Calabria;RC;H558;2;7
Nord Ovest;Lombardia;PV;H559;1;2
Nord Ovest;Lombardia;MI;H560;6;62,25
Nord Ovest;Piemonte;BI;H561;0,5;2
Sud;Abruzzo;PE;H562;3,63;16,17
Sud;Campania;SA;H564;1;2
Sud;Calabria;CS;H565;3;7,32
Sud;Abruzzo;CH;H566;3;1
Sud;Puglia;FG;H568;3;2
Nord Ovest;Piemonte;AL;H569;1,33;17,16
Centro;Toscana;LI;H570;140,97;420,23
Sud;Calabria;CS;H572;6;10
Nord Est;Veneto;RO;H573;7,02;91,94
Isole;Sicilia;SR;H574;13;35,17
Centro;Marche;AN;H575;10;9,89
Nord Ovest;Piemonte;VC;H577;4;0
Nord Ovest;Piemonte;CN;H578;2,86;8,83
Nord Est;Veneto;VI;H580;13;81,13
Nord Ovest;Liguria;GE;H581;13,33;6,5
Nord Ovest;Piemonte;TO;H583;13;70,17
Nord Ovest;Lombardia;BG;H584;6,92;25,38
Sud;Calabria;CS;H585;0;0
Centro;Marche;AP;H588;0;0
Sud;Molise;CB;H589;5;1
Sud;Basilicata;PZ;H590;7,5;5,11
Sud;Basilicata;MT;H591;13,2;8
Sud;Campania;AV;H592;1;4,17
Nord Est;Emilia-Romagna;PC;H593;44,5;165,83
Nord Est;Veneto;VI;H594;4;23,68
Nord Ovest;Lombardia;BS;H598;27,14;232,57
Nord Ovest;Liguria;GE;H599;14,42;5,33
Nord Ovest;Lombardia;CO;H601;27;123,91
Nord Ovest;Lombardia;CO;H602;37,35;77,35
Nord Ovest;Lombardia;MN;H604;20;83,67
Nord Est;Veneto;VR;H606;1;11
Nord Est;Veneto;VR;H608;2;17,75
Nord Est;Friuli- Venezia Giulia;PN;H609;8;57,75
Nord Est;Veneto;VR;H610;1;11,5
Nord Ovest;Lombardia;PV;H614;1;0
Nord Ovest;Lombardia;BG;H615;10,07;70,66
Centro;Lazio;RM;H618;5;1
Nord Est;Veneto;RO;H620;82,31;540,25
Sud;Calabria;CS;H621;1;1
Nord Est;Veneto;PD;H622;6,75;38
Nord Ovest;Lombardia;MI;H623;140,83;417,53
Nord Est;Veneto;PD;H625;9,5;357,24
Nord Ovest;Piemonte;TO;H627;18;39,02
Nord Est;Emilia-Romagna;RE;H628;16,5;167,44
Nord Ovest;Lombardia;BS;H630;6,24;42,67
Nord Ovest;Piemonte;TO;H631;1;3
Sud;Puglia;LE;H632;8;8,77
Nord Ovest;Piemonte;CN;H633;0;0
Centro;Toscana;FI;H635;11;48,33
Sud;Basilicata;PZ;H641;6,67;2,5
Nord Est;Emilia-Romagna;RA;H642;14;143,25
Sud;Puglia;BA;H643;32,54;102,75
Sud;Campania;SA;H644;4,67;2
Sud;Puglia;BA;H645;79,8;83,31
Sud;Basilicata;PZ;H646;4;3
Centro;Lazio;LT;H647;25,42;90,79
Nord Ovest;Lombardia;BS;H650;7,5;39,07
Nord Ovest;Lombardia;MN;H652;0;17,67
Sud;Campania;SA;H654;0;0
Nord Est;Veneto;PD;H655;3;48,45
Nord Est;Friuli- Venezia Giulia;PN;H657;75,16;223,56
Centro;Lazio;RM;H658;10;34,5
Isole;Sardegna;NU;H659;1;0
Isole;Sardegna;NU;H661;0;1
Nord Ovest;Piemonte;BI;H662;4,33;15,34
Nord Ovest;Valle d'Aosta;AO;H669;17;46
Nord Ovest;Valle d'Aosta;AO;H670;2;1
Nord Ovest;Valle d'Aosta;AO;H671;7;11
Nord Ovest;Valle d'Aosta;AO;H672;1;3
Nord Ovest;Valle d'Aosta;AO;H673;1;1
Nord Ovest;Valle d'Aosta;AO;H674;17,36;41,17
Nord Ovest;Valle d'Aosta;AO;H675;2,02;3,41
Nord Ovest;Valle d'Aosta;AO;H676;37,28;49,5
Nord Ovest;Piemonte;AL;H677;0;5
Nord Est;Emilia-Romagna;BO;H678;18;128,84
Nord Ovest;Lombardia;CO;H679;4,5;10
Nord Ovest;Piemonte;BI;H681;4,67;8,67
Nord Est;Emilia-Romagna;PR;H682;22,24;83,5
Sud;Campania;SA;H683;14,17;18,59
Nord Ovest;Piemonte;TO;H684;2;2
Sud;Campania;SA;H686;1;2
Sud;Basilicata;MT;H687;2;2
Isole;Sicilia;TP;H688;3;2
Nord Est;Veneto;RO;H689;4;12
Nord Ovest;Piemonte;VC;H690;0;1
Nord Ovest;Piemonte;TO;H691;10;23
Sud;Molise;CB;H693;3;3
Nord Ovest;Piemonte;AL;H694;7;27
Nord Ovest;Piemonte;CN;H695;0;2,33
Nord Ovest;Lombardia;BS;H699;4,22;16,79
Isole;Sicilia;TP;H700;20;24
Nord Ovest;Lombardia;LO;H701;0;25
Nord Ovest;Piemonte;TO;H702;3;2
Sud;Campania;SA;H703;192,1;479,05
Nord Ovest;Piemonte;CN;H704;0;0
Nord Est;Veneto;TV;H706;8;59
Nord Ovest;Piemonte;VC;H707;0;0
Sud;Puglia;LE;H708;2,83;14,25
Nord Ovest;Piemonte;CN;H710;5;3
Nord Est;Veneto;VR;H712;1;1
Centro;Lazio;RI;H713;3;3
Nord Est;Veneto;VR;H714;7,55;20
Sud;Abruzzo;PE;H715;1;0
Nord Ovest;Piemonte;CN;H716;0,5;5,34
Nord Ovest;Lombardia;BS;H717;40,42;211,35
Nord Est;Emilia-Romagna;PR;H720;96;292,15
Nord Ovest;Lombardia;VA;H723;5,95;19
Nord Est;Emilia-Romagna;RN;H724;6;32,16
Nord Ovest;Piemonte;VC;H725;16,5;42,5
Nord Ovest;Piemonte;BI;H726;7;13
Nord Ovest;Piemonte;CN;H727;97,17;183,59
Sud;Puglia;LE;H729;9;13,86
Sud;Basilicata;PZ;H730;1;1
Nord Ovest;Lombardia;CR;H731;1;6,07
Sud;Campania;SA;H732;1,2;0
Sud;Campania;AV;H733;1;3,67
Nord Ovest;Piemonte;TO;H734;4,33;0
Nord Est;Veneto;VE;H735;12,06;159,92
Nord Ovest;Lombardia;VA;H736;51,08;182,8
Isole;Sardegna;CA;H738;0;0
Isole;Sardegna;CA;H739;0;0
Isole;Sicilia;AG;H743;18,5;7,67
Centro;Toscana;PT;H744;7,5;18
Centro;Lazio;RM;H745;0;2
Nord Ovest;Piemonte;CN;H746;0;0
Sud;Puglia;BA;H749;16;21,67
Nord Ovest;Lombardia;SO;H752;11,83;3
Nord Ovest;Piemonte;TO;H753;7;13
Nord Ovest;Piemonte;CN;H755;12,36;34,3
Isole;Sardegna;OR;H756;0;0
Sud;Puglia;LE;H757;1;1,5
Nord Ovest;Lombardia;CO;H760;0;2
Nord Ovest;Liguria;IM;H763;40,57;83,09
Sud;Campania;BN;H764;0,5;1
Sud;Calabria;CS;H765;0;0
Isole;Sardegna;CA;H766;1;0
Nord Ovest;Lombardia;CR;H767;3;15,5
Nord Est;Veneto;RO;H768;1,5;9,5
Centro;Marche;AP;H769;131,3;345,71
Nord Ovest;Piemonte;CN;H770;0,5;4
Nord Ovest;Lombardia;MN;H771;9;50,94
Sud;Abruzzo;AQ;H772;6;10
Sud;Abruzzo;AQ;H773;0;1
Sud;Calabria;CS;H774;0;0
Nord Ovest;Piemonte;TO;H775;21;67,51
Nord Ovest;Piemonte;VB;H777;3;10,66
Isole;Sicilia;AG;H778;3,83;2
Centro;Lazio;FR;H779;0;0
Nord Ovest;Liguria;IM;H780;9;1
Nord Est;Veneto;TV;H781;38,44;129,8
Sud;Molise;CB;H782;1;0
Nord Est;Veneto;VR;H783;35,94;278,75
Sud;Abruzzo;CH;H784;7;2,5
Sud;Calabria;VV;H785;0;0
Nord Ovest;Piemonte;TO;H789;9;23
Centro;Toscana;SI;H790;4;23,18
Centro;Toscana;FI;H791;37,5;69,88
Isole;Sicilia;CL;H792;31,39;65,84
Sud;Puglia;LE;H793;16;50,33
Nord Est;Emilia-Romagna;MO;H794;20,5;151,08
Sud;Basilicata;PZ;H795;0;0
Sud;Basilicata;PZ;H796;1,66;1
Isole;Sicilia;PA;H797;0;1,5
Sud;Campania;CE;H798;1;0
Nord Ovest;Lombardia;PV;H799;0;6
Sud;Campania;SA;H800;19;74
Nord Est;Emilia-Romagna;RN;H801;8;85,5
Nord Ovest;Liguria;GE;H802;11;11
Nord Ovest;Lombardia;MI;H803;28;79,75
Nord Ovest;Piemonte;TO;H804;1;3
Isole;Sicilia;CT;H805;1;3
Sud;Calabria;CS;H806;1;0
Sud;Calabria;VV;H807;2;1
Sud;Basilicata;PZ;H808;2;0
Centro;Marche;PS;H809;6,5;39,67
Nord Ovest;Piemonte;AL;H810;5;2
Nord Ovest;Piemonte;AT;H811;15,83;46,83
Nord Ovest;Piemonte;CN;H812;2;1
Nord Ovest;Lombardia;PV;H814;3;5
Nord Ovest;Lombardia;CR;H815;1;14,48
Nord Est;Friuli- Venezia Giulia;UD;H816;21,95;97,29
Sud;Calabria;CS;H818;4;4
Sud;Abruzzo;AQ;H819;1;6
Nord Ovest;Piemonte;TO;H820;0;2
Nord Ovest;Piemonte;BI;H821;10;27
Sud;Puglia;BR;H822;1;14
Nord Est;Veneto;VE;H823;50,67;559,81
Centro;Lazio;FR;H824;10;1
Sud;Calabria;CS;H825;1;3
Sud;Puglia;LE;H826;4;8,5
Nord Ovest;Lombardia;MI;H827;151,46;842,71
Nord Est;Veneto;VI;H829;11,5;79,08
Sud;Basilicata;PZ;H831;10,9;5
Sud;Molise;CB;H833;2;3
Sud;Campania;CE;H834;18,26;31,97
Nord Est;Emilia-Romagna;MO;H835;17;162,88
Centro;Lazio;LT;H836;16,05;23
Nord Ovest;Lombardia;BS;H838;6,2;46,5
Sud;Puglia;FG;H839;5,28;47,85
Nord Ovest;Lombardia;CO;H840;11,13;93,75
Sud;Calabria;CS;H841;1;1
Isole;Sicilia;ME;H842;10;14
Nord Est;Veneto;TV;H843;17;66,5
Nord Ovest;Lombardia;LO;H844;1,5;20,5
Sud;Calabria;CZ;H846;2;3
Nord Ovest;Piemonte;TO;H847;13;45,5
Isole;Sardegna;SS;H848;3;11
Isole;Sicilia;ME;H850;11;3
Nord Ovest;Piemonte;CN;H851;4,04;21,38
Nord Ovest;Piemonte;CN;H852;5;11,75
Nord Ovest;Piemonte;TO;H855;15;32,16
Isole;Sardegna;CA;H856;0;0
Centro;Umbria;TR;H857;12,75;14
Nord Ovest;Lombardia;PV;H859;6;55,5
Sud;Campania;NA;H860;2;12,39
Nord Ovest;Piemonte;VC;H861;5;19
Nord Ovest;Piemonte;TO;H862;10;20
Nord Ovest;Lombardia;BS;H865;2,5;36
Sud;Molise;CB;H867;3;9
Nord Ovest;Lombardia;SO;H868;10,38;3
Nord Ovest;Lombardia;MN;H870;1;17,5
Nord Ovest;Lombardia;VA;H872;2;12
Nord Ovest;Piemonte;TO;H873;6;38,5
Centro;Toscana;SI;H875;28,05;30,33
Centro;Marche;MC;H876;17;15
Sud;Calabria;CS;H877;2;2,33
Nord Ovest;Piemonte;AL;H878;1,5;5
Centro;Lazio;FR;H880;3;2
Sud;Calabria;CS;H881;3;0
Sud;Puglia;TA;H882;10,47;43,13
Nord Ovest;Lombardia;MN;H883;17,08;174,92
Nord Ovest;Lombardia;MI;H884;20,84;88,55
Nord Ovest;Lombardia;PV;H885;4;7
Nord Est;Emilia-Romagna;PC;H887;10,5;55,05
Sud;Basilicata;MT;H888;5;1
Sud;Calabria;RC;H889;3,5;2
Nord Ovest;Piemonte;TO;H890;6;20
Nord Est;Friuli- Venezia Giulia;PN;H891;1;12,78
Sud;Campania;NA;H892;68,41;173,74
Nord Est;Veneto;PD;H893;4,4;92,58
Sud;Campania;BN;H894;13,16;42,5
Nord Est;Friuli- Venezia Giulia;UD;H895;16,55;49,67
Nord Est;Emilia-Romagna;BO;H896;30;204,23
Nord Est;Veneto;PD;H897;5,67;33
Sud;Campania;BN;H898;0,5;0
Nord Ovest;Piemonte;AT;H899;0;0
Nord Ovest;Piemonte;TO;H900;6;15
Centro;Toscana;AR;H901;53,34;105,14
Sud;Calabria;RC;H903;3;0
Nord Est;Friuli- Venezia Giulia;UD;H906;19;63
Sud;Campania;SA;H907;6,75;1
Nord Ovest;Lombardia;BG;H910;12,47;39,42
Nord Ovest;Lombardia;MN;H912;2;8
Centro;Lazio;VT;H913;12;2,52
Isole;Sicilia;AG;H914;10,33;3
Nord Est;Veneto;VR;H916;8;26,34
Centro;Lazio;FR;H917;5;2
Nord Ovest;Lombardia;CR;H918;0;9
Sud;Calabria;CS;H919;29,33;20,74
Sud;Molise;CB;H920;9;2
Nord Est;Emilia-Romagna;RN;H921;12;67
Isole;Sicilia;CT;H922;14;161,82
Sud;Abruzzo;CH;H923;0;1
Nord Est;Veneto;VR;H924;75;286,12
Sud;Puglia;FG;H926;57,56;94,04
Sud;Molise;CB;H928;2,34;1
Sud;Molise;CB;H929;1;2,32
Nord Ovest;Lombardia;MI;H930;260,73;478,22
Sud;Campania;NA;H931;23,8;12,17
Isole;Sicilia;PA;H933;2;4
Centro;Umbria;PG;H935;16,44;55,59
Nord Ovest;Piemonte;TO;H936;6,83;26,66
Centro;Toscana;FI;H937;5,31;6
Nord Est;Veneto;BL;H938;4;11,5
Sud;Campania;CE;H939;1;1,5
Isole;Sicilia;CT;H940;9;104,67
Sud;Calabria;VV;H941;1;2
Centro;Lazio;RM;H942;11;3
Sud;Campania;SA;H943;11,68;2
Nord Est;Veneto;VR;H944;15,5;49,17
Nord Est;Emilia-Romagna;BO;H945;120,12;432,81
Nord Est;Emilia-Romagna;RN;H949;4;23,38
Nord Est;Friuli- Venezia Giulia;UD;H951;2;3
Sud;Campania;BN;H953;3;0
Sud;Campania;BN;H955;3;0
Nord Ovest;Liguria;IM;H957;11;24,06
Centro;Marche;PS;H958;9;13,5
Sud;Calabria;RC;H959;2;0
Sud;Calabria;CS;H961;0;0
Sud;Calabria;CS;H962;1;0
Sud;Campania;BN;H967;0;0
Centro;Lazio;VT;H969;4;8
Sud;Calabria;RC;H970;0;0
Sud;Calabria;CS;H971;11,67;0,92
Sud;Campania;BN;H973;0;0
Isole;Sardegna;CA;H974;0;9,88
Sud;Campania;AV;H975;5,5;10
Sud;Calabria;CZ;H976;0;1
Sud;Campania;SA;H977;5,67;7
Sud;Campania;CE;H978;6;75,57
Centro;Marche;AN;H979;2;11
Sud;Calabria;CS;H981;1;6,33
Isole;Sicilia;ME;H982;4;0
Sud;Campania;BN;H984;0;0
Sud;Puglia;FG;H985;21,37;34,81
Sud;Puglia;FG;H986;0,5;1
Nord Ovest;Piemonte;AT;H987;2;2
Sud;Molise;CB;H990;11;11,33
Sud;Abruzzo;CH;H991;0,5;5,67
Sud;Calabria;CS;H992;7;1
Sud;Basilicata;PZ;H994;4;1
Nord Est;Veneto;RO;H996;8;22,76
Nord Ovest;Piemonte;TO;H997;3;7
Nord Est;Friuli- Venezia Giulia;PN;H999;5;5,03
Sud;Campania;BN;I002;1,67;3
Nord Est;Veneto;VR;I003;51,8;344,79
Nord Ovest;Lombardia;MN;I005;2;12,25
Nord Ovest;Lombardia;CR;I007;0;4,5
Nord Est;Veneto;PD;I008;11,11;83,75
Nord Est;Emilia-Romagna;RE;I011;23,25;110,01
Nord Ovest;Lombardia;LO;I012;8;74,42
Nord Ovest;Lombardia;PV;I014;21;82
Sud;Campania;AV;I016;5;3
Nord Ovest;Piemonte;AT;I017;2;1
Sud;Puglia;TA;I018;6;8
Sud;Campania;SA;I019;6,54;14,29
Sud;Molise;CB;I023;0;15
Nord Ovest;Piemonte;TO;I024;22;121
Nord Ovest;Piemonte;NO;I025;4;9,63
Sud;Calabria;KR;I026;1;0
Nord Est;Emilia-Romagna;FO;I027;17,23;143,48
Isole;Sicilia;PA;I028;11;2
Sud;Basilicata;MT;I029;0,92;0,92
Nord Ovest;Piemonte;TO;I030;74,36;175,59
Sud;Campania;SA;I031;7;12
Sud;Campania;SA;I032;0;0
Sud;Campania;AV;I034;3;5
Isole;Sicilia;CT;I035;7;1
Nord Ovest;Piemonte;CN;I037;2;7
Nord Est;Veneto;VE;I040;31,54;302,85
Sud;Puglia;BR;I045;4;15
Centro;Toscana;PI;I046;61,25;171,72
Nord Ovest;Lombardia;PV;I048;18,5;52,24
Sud;Campania;BN;I049;5;2
Nord Ovest;Lombardia;CO;I051;0;0
Nord Ovest;Piemonte;NO;I052;1;4
Sud;Puglia;BA;I053;12,33;29,75
Sud;Puglia;FG;I054;18,47;48,75
Sud;Campania;CE;I056;25;212,23
Sud;Calabria;KR;I057;0;1
Sud;Calabria;VV;I058;0;0
Sud;Puglia;LE;I059;4;25,69
Sud;Calabria;CS;I060;10;19,5
Sud;Campania;AV;I061;2;0
Sud;Campania;BN;I062;0;6
Nord Est;Veneto;BL;I063;3;4
Sud;Puglia;BR;I066;2;15
Centro;Marche;AN;I071;2;2,5
Sud;Puglia;FG;I072;2;13,75
Sud;Campania;NA;I073;4,13;13
Nord Ovest;Piemonte;AT;I076;0;7
Nord Ovest;Lombardia;BG;I079;22,08;36,43
Isole;Sicilia;ME;I084;1;1,5
Isole;Sicilia;ME;I086;6,4;1
Nord Est;Veneto;BL;I088;4,55;13,25
Sud;Campania;SA;I089;0;1
Nord Ovest;Piemonte;TO;I090;7;10
Nord Est;Friuli- Venezia Giulia;UD;I092;1;4,89
Sud;Calabria;CZ;I093;10;4
Sud;Calabria;CZ;I095;1;0
Sud;Molise;IS;I096;3;5,5
Isole;Sicilia;CT;I098;3,8;34,5
Sud;Calabria;RC;I102;1;0
Nord Est;Veneto;TV;I103;4,5;48,15
Nord Est;Veneto;VR;I105;0;26,63
Nord Est;Veneto;PD;I107;0,25;26,33
Sud;Calabria;CS;I108;0;0
Nord Est;Veneto;VR;I109;41,66;108,47
Nord Est;Emilia-Romagna;BO;I110;35,66;195,64
Sud;Campania;CE;I113;0;0
Sud;Calabria;CS;I114;2,14;0
Sud;Puglia;LE;I115;2;7,63
Nord Ovest;Piemonte;NO;I116;10;15,32
Nord Est;Veneto;VI;I117;2;0,75
Isole;Sardegna;CA;I118;0;1
Sud;Puglia;BR;I119;0;26,42
Nord Est;Veneto;PD;I120;3,5;21,83
Sud;Abruzzo;AQ;I121;1;3
Sud;Molise;CB;I122;2;1
Nord Est;Emilia-Romagna;RE;I123;15;59,3
Nord Est;Veneto;TV;I124;9,2;40,25
Centro;Lazio;RM;I125;9,5;9
Nord Ovest;Piemonte;TO;I126;0;0
Nord Est;Emilia-Romagna;MO;I128;6,5;27,5
Sud;Campania;AV;I129;6,78;3,5
Sud;Campania;CE;I130;2;2
Sud;Campania;CE;I131;13,83;93,5
Sud;Calabria;RC;I132;0;0
Nord Est;Emilia-Romagna;MO;I133;12,28;111,59
Centro;Toscana;SI;I135;5;19,67
Nord Est;Friuli- Venezia Giulia;PN;I136;8,53;32,56
Nord Ovest;Piemonte;TO;I137;6;35,5
Nord Ovest;Liguria;IM;I138;417,52;636,05
Sud;Calabria;RC;I139;0;0
Nord Ovest;Lombardia;LO;I140;8,5;62,96
Centro;Toscana;LU;I142;3;4,03
Sud;Campania;SA;I143;2;0
Nord Ovest;Piemonte;AL;I144;8,66;19,01
Sud;Campania;BN;I145;0;6
Isole;Sicilia;ME;I147;1;1
Sud;Abruzzo;CH;I148;39,92;171,26
Nord Ovest;Piemonte;AL;I150;1;0
Sud;Campania;NA;I151;8,05;26
Nord Ovest;Piemonte;TO;I152;3;12,5
Nord Est;Emilia-Romagna;PR;I153;13,79;52,26
Nord Ovest;Piemonte;TO;I154;10,5;48,5
Centro;Toscana;AR;I155;29,44;79
Centro;Marche;MC;I156;41,83;57,73
Sud;Basilicata;PZ;I157;3;0
Sud;Puglia;FG;I158;54,97;243,37
Nord Ovest;Lombardia;CO;I162;9;27,68
Sud;Campania;AV;I163;3;3
Sud;Calabria;CZ;I164;8,5;0,5
Sud;Calabria;CS;I165;5;3
Isole;Sardegna;CA;I166;0,5;20
Nord Ovest;Lombardia;BG;I168;12,25;10,92
Isole;Sicilia;CL;I169;11,4;6,4
Sud;Calabria;CZ;I170;2,5;0
Sud;Calabria;CS;I171;1;0
Sud;Puglia;LE;I172;4,5;11,67
Isole;Sicilia;PA;I174;2,2;1
Nord Ovest;Lombardia;PV;I175;7;23,99
Sud;Calabria;RC;I176;0;0
Centro;Toscana;PI;I177;27,65;125,59
Isole;Sicilia;RG;I178;5,25;63,57
Sud;Campania;BN;I179;0;1
Sud;Molise;CB;I181;2;6,5
Isole;Sardegna;CA;I182;7;0
Sud;Calabria;CS;I183;4;3
Isole;Sicilia;ME;I184;0;1
Isole;Sicilia;AG;I185;1;0
Centro;Toscana;GR;I187;10,5;30,5
Isole;Sicilia;PA;I188;10,75;14,5
Sud;Molise;IS;I189;0;0
Nord Ovest;Piemonte;AL;I190;4;3
Nord Est;Emilia-Romagna;BO;I191;11;74,67
Sud;Calabria;CS;I192;2;3
Sud;Puglia;FG;I193;5,66;2
Nord Est;Emilia-Romagna;RA;I196;4;23,72
Sud;Campania;BN;I197;22;7
Sud;Calabria;RC;I198;0;0
Isole;Sicilia;ME;I199;27;35
Nord Est;Emilia-Romagna;RN;I201;3;7,75
Isole;Sicilia;CT;I202;6;100,9
Nord Ovest;Lombardia;PV;I203;7,5;18,5
Isole;Sardegna;OR;I205;3;5,5
Nord Est;Veneto;BL;I206;12,27;46,34
Nord Est;Veneto;PD;I207;2,78;48,34
Sud;Campania;NA;I208;9,83;25,8
Nord Ovest;Piemonte;CN;I210;7;15,66
Nord Ovest;Lombardia;PV;I213;0;9,5
Sud;Calabria;RC;I214;0;0
Isole;Sicilia;ME;I215;5,37;16
Isole;Sicilia;CT;I216;6,25;6
Centro;Toscana;PI;I217;13;10
Sud;Campania;AV;I219;1;3
Isole;Sicilia;ME;I220;14,75;5
Nord Est;Veneto;TV;I221;21,38;85,05
Isole;Sicilia;AG;I224;15,26;17,97
Nord Ovest;Liguria;GE;I225;46;122,42
Nord Ovest;Lombardia;PV;I230;9,17;5
Centro;Toscana;PI;I232;32;149,68
Sud;Campania;CE;I233;6;55,13
Sud;Campania;CE;I234;55,67;155,26
Nord Ovest;Lombardia;PV;I236;7;50
Nord Ovest;Lombardia;PV;I237;10;5,1
Sud;Molise;IS;I238;3;0
Isole;Sicilia;CT;I240;15,79;9
Nord Est;Veneto;VE;I242;18,5;198,17
Nord Ovest;Lombardia;LC;I243;1;18
Sud;Abruzzo;CH;I244;1;7
Sud;Campania;CE;I247;0;1
Nord Est;Friuli- Venezia Giulia;UD;I248;0;22
Nord Ovest;Piemonte;VB;I249;16,63;45,19
Centro;Marche;AN;I251;4;22
Sud;Campania;SA;I253;10,09;12,09
Isole;Sicilia;ME;I254;2;0
Centro;Lazio;RM;I255;45,03;273,94
Centro;Lazio;FR;I256;0;0
Nord Ovest;Piemonte;TO;I258;14;59,25
Nord Est;Veneto;VR;I259;26,75;98,52
Sud;Campania;SA;I260;1,75;4,75
Sud;Campania;CE;I261;4;33,34
Sud;Campania;NA;I262;14,51;35,96
Centro;Umbria;PG;I263;5;0
Sud;Campania;AV;I264;4;2
Centro;Lazio;FR;I265;1;0
Sud;Calabria;CZ;I266;20,25;1,5
Isole;Sardegna;CA;I271;0;0
Sud;Campania;CE;I273;5;0
Nord Ovest;Lombardia;LO;I274;29,83;169,99
Nord Est;Veneto;PD;I275;1;121,31
Nord Ovest;Lombardia;PV;I276;1,33;9
Sud;Campania;BN;I277;1;3,33
Sud;Campania;SA;I278;0;0
Sud;Campania;AV;I279;1;2,1
Sud;Campania;AV;I280;4;0,5
Sud;Campania;AV;I281;5,44;14
Sud;Molise;IS;I282;1;3
Isole;Sicilia;ME;I283;1,5;0
Centro;Lazio;RM;I284;14;22,72
Centro;Marche;MC;I286;3;0
Centro;Marche;PS;I287;13;10
Sud;Basilicata;PZ;I288;6;0,66
Sud;Molise;CB;I289;0;2
Isole;Sicilia;AG;I290;3,5;0
Isole;Sicilia;TP;I291;10,5;11
Nord Est;Veneto;VR;I292;15,5;9,67
Sud;Campania;NA;I293;25,51;60
Isole;Sardegna;CA;I294;6;16
Nord Ovest;Piemonte;TO;I296;16;32,25
Isole;Sardegna;OR;I298;0;0
Sud;Campania;NA;I300;14,94;16
Sud;Campania;AV;I301;2;1
Centro;Lazio;FR;I302;1;0
Nord Est;Emilia-Romagna;RN;I304;41,84;223,05
Sud;Basilicata;PZ;I305;8;13
Sud;Campania;CE;I306;14,25;89
Sud;Campania;SA;I307;3;3
Sud;Calabria;KR;I308;6;0
Sud;Calabria;CS;I309;7;0
Nord Est;Emilia-Romagna;FO;I310;7,93;30
Isole;Sicilia;ME;I311;13,5;34,63
Isole;Sardegna;SS;I312;30;144
Isole;Sicilia;CT;I314;13,37;34,93
Centro;Marche;AP;I315;4;7,5
Nord Ovest;Piemonte;CN;I316;13,02;25
Sud;Campania;SA;I317;11,75;5
Sud;Abruzzo;TE;I318;11,77;26,17
Nord Est;Veneto;PD;I319;0;12,5
Sud;Molise;CB;I320;3,5;1
Centro;Lazio;FR;I321;1;8
Sud;Calabria;CZ;I322;2;0
Centro;Marche;AP;I324;22,92;70,42
Sud;Abruzzo;AQ;I326;7;4,84
Nord Ovest;Piemonte;TO;I327;32,17;100,8
Isole;Sicilia;ME;I328;1,75;4,5
Isole;Sardegna;NU;I329;11;79,44
Sud;Puglia;BA;I330;52,09;102,71
Sud;Abruzzo;PE;I332;1;1
Sud;Calabria;RC;I333;1;2
Sud;Abruzzo;CH;I335;2;1
Sud;Abruzzo;AQ;I336;0,92;2,42
Nord Ovest;Piemonte;VC;I337;11,83;77,65
Centro;Lazio;LT;I339;10;4
Sud;Calabria;RC;I341;4;5
Nord Est;Emilia-Romagna;RE;I342;30,1;143,99
Centro;Marche;PS;I344;0;6
Nord Ovest;Liguria;GE;I346;43,5;22,5
Nord Est;Veneto;BL;I347;9;8
Sud;Abruzzo;TE;I348;11;19
Sud;Calabria;VV;I350;3;1
Centro;Lazio;FR;I351;1,25;0,25
Centro;Lazio;RM;I352;19,5;9,67
Nord Est;Veneto;VI;I353;7;35,5
Isole;Sicilia;AG;I356;8;4
Sud;Campania;AV;I357;1;0
Sud;Calabria;CS;I359;1;2,5
Sud;Abruzzo;AQ;I360;7,34;0
Nord Ovest;Lombardia;MI;I361;17,1;57,28
Nord Ovest;Lombardia;LO;I362;1;15
Nord Ovest;Liguria;SP;I363;44,83;77,09
Centro;Lazio;FR;I364;2;1
Nord Ovest;Liguria;IM;I365;27,17;94,99
Nord Ovest;Piemonte;CN;I367;17;17,5
Nord Ovest;Liguria;GE;I368;2;7
Isole;Sicilia;ME;I370;7,2;5
Sud;Calabria;RC;I371;0;0,5
Nord Ovest;Piemonte;CN;I372;5;5
Nord Est;Veneto;VE;I373;10;95,82
Isole;Sardegna;OR;I374;0;2
Nord Est;Veneto;PD;I375;0;9
Sud;Abruzzo;PE;I376;3,5;3
Sud;Campania;SA;I377;10,33;9,5
Centro;Umbria;TR;I381;8,5;8,5
Nord Est;Veneto;TV;I382;28,5;135,64
Isole;Sardegna;OR;I384;1;3
Sud;Calabria;CS;I388;6;5
Sud;Abruzzo;AQ;I389;5;1
Centro;Toscana;LI;I390;28,2;111,2
Sud;Campania;NA;I391;15,2;57
Nord Est;Veneto;BL;I392;15,5;32,67
Sud;Calabria;CZ;I393;1;1,5
Sud;Abruzzo;CH;I394;15,17;21
Sud;Puglia;BR;I396;24;42,8
Centro;Lazio;RM;I400;9;4
Nord Est;Veneto;VI;I401;2;12,34
Isole;Sardegna;CA;I402;4;1
Nord Est;Friuli- Venezia Giulia;PN;I403;36,04;114,45
Nord Est;Friuli- Venezia Giulia;UD;I405;3;8
Isole;Sicilia;TP;I407;7;48,84
Centro;Lazio;FR;I408;0;1
Nord Ovest;Lombardia;MI;I409;40,75;157,92
Sud;Campania;SA;I410;1;1
Nord Ovest;Lombardia;BS;I412;10;50,5
Nord Est;Veneto;VR;I414;8;21,08
Nord Ovest;Lombardia;MI;I415;13,36;73,92
Nord Ovest;Lombardia;PV;I416;4;4
Nord Est;Veneto;TV;I417;14;43,02
Nord Est;Veneto;PD;I418;10,5;248
Isole;Sicilia;ME;I420;7;2,1
Nord Est;Friuli- Venezia Giulia;UD;I421;26,05;48,45
Sud;Campania;SA;I422;6;8,33
Sud;Calabria;CS;I423;5;1
Centro;Lazio;RM;I424;3;1,5
Nord Est;Veneto;VI;I425;4,11;30,38
Sud;Basilicata;PZ;I426;2;0
Isole;Sardegna;CA;I428;3;0
Nord Ovest;Piemonte;AL;I429;2;4,5
Nord Est;Veneto;VI;I430;11;74,17
Nord Ovest;Piemonte;AL;I432;3;4
Nord Ovest;Lombardia;BS;I433;24,93;114,67
Nord Est;Emilia-Romagna;PC;I434;11,5;20,17
Nord Est;Veneto;TV;I435;4,06;18,5
Centro;Marche;MC;I436;27,4;18,5
Nord Ovest;Lombardia;BG;I437;16,83;114,95
Sud;Campania;SA;I438;51,28;54,67
Nord Ovest;Lombardia;VA;I441;209,37;489,1
Nord Ovest;Valle d'Aosta;AO;I442;22,83;51,13
Isole;Sardegna;CA;I443;5,83;2
Nord Est;Emilia-Romagna;FO;I444;7;18,84
Centro;Toscana;SI;I445;7,09;28,59
Nord Ovest;Lombardia;PV;I447;2;10,78
Isole;Sardegna;NU;I448;0;0,5
Nord Ovest;Liguria;SP;I449;59,59;143,37
Sud;Campania;SA;I451;0;1
Isole;Sardegna;SS;I452;158,45;725,5
Nord Ovest;Liguria;SV;I453;10,75;22,33
Centro;Toscana;LI;I454;3;3
Sud;Campania;BN;I455;1;1
Sud;Basilicata;PZ;I457;0;0
Nord Est;Emilia-Romagna;RN;I460;7;11
Centro;Marche;AN;I461;19,49;35,16
Nord Est;Emilia-Romagna;MO;I462;234,92;530,82
Sud;Calabria;CZ;I463;12,27;5
Nord Est;Friuli- Venezia Giulia;UD;I464;0;2
Nord Ovest;Piemonte;TO;I465;7;38,99
Nord Ovest;Piemonte;TO;I466;17;87,7
Sud;Puglia;TA;I467;2;19,78
Sud;Calabria;KR;I468;1;3
Sud;Campania;NA;I469;8,25;34,67
Nord Ovest;Piemonte;CN;I470;95,81;222
Sud;Campania;AV;I471;7;2
Nord Est;Emilia-Romagna;FO;I472;23,67;198,22
Nord Est;Emilia-Romagna;MO;I473;23,33;100,1
Nord Ovest;Liguria;GE;I475;18,81;16
Nord Ovest;Lombardia;BS;I476;3;9,67
Isole;Sicilia;ME;I477;0;4
Nord Est;Friuli- Venezia Giulia;UD;I478;2,75;1
Nord Ovest;Liguria;SV;I480;272,59;344,95
Sud;Abruzzo;PE;I482;2;9
Sud;Campania;SA;I483;46,67;143,17
Nord Ovest;Piemonte;CN;I484;3;1
Sud;Calabria;CS;I485;1;2
Sud;Campania;SA;I486;2,5;1
Nord Ovest;Lombardia;PV;I487;1;7,92
Sud;Calabria;CS;I489;102,93;63,05
Nord Ovest;Piemonte;TO;I490;6,5;25,17
Isole;Sicilia;ME;I492;3,66;2
Sud;Campania;AV;I493;1;0
Sud;Calabria;KR;I494;3;2
Nord Est;Emilia-Romagna;RE;I496;65,58;291,07
Nord Ovest;Lombardia;CR;I497;0;6
Nord Ovest;Lombardia;CR;I498;0;2,06
Centro;Lazio;RI;I499;11,5;9,5
Sud;Abruzzo;AQ;I501;15;12
Isole;Sardegna;OR;I503;6;0
Centro;Toscana;GR;I504;23,02;33,33
Nord Ovest;Lombardia;BG;I506;24,33;160,13
Sud;Molise;IS;I507;7,5;3
Centro;Toscana;GR;I510;19,5;127,5
Nord Ovest;Piemonte;TO;I511;2,38;8,76
Nord Ovest;Piemonte;CN;I512;5,33;18
Sud;Abruzzo;CH;I520;4;10
Centro;Umbria;PG;I522;7,3;10,82
Centro;Umbria;PG;I523;5,64;1,5
Sud;Abruzzo;CH;I526;2;1,5
Nord Est;Veneto;VI;I527;0;11
Nord Ovest;Lombardia;CO;I529;8,98;3,5
Nord Ovest;Lombardia;BG;I530;7,8;31,67
Nord Est;Veneto;VI;I531;51,32;374,45
Nord Ovest;Lombardia;MN;I532;2;9,83
Isole;Sicilia;AG;I533;56,18;28,67
Isole;Sicilia;PA;I534;1;1
Isole;Sicilia;RG;I535;29,33;84,92
Sud;Calabria;RC;I536;3;0
Sud;Calabria;RC;I537;4;6
Isole;Sicilia;PA;I538;3;0
Nord Ovest;Piemonte;TO;I539;5;16
Sud;Campania;NA;I540;3,5;20
Isole;Sicilia;PA;I541;4,5;0
Sud;Abruzzo;AQ;I543;1;2
Nord Ovest;Piemonte;VC;I544;1;7,62
Nord Ovest;Piemonte;VC;I545;4;33,83
Sud;Abruzzo;AQ;I546;3;15
Isole;Sicilia;CT;I548;7;38,22
Sud;Puglia;LE;I549;2;14
Nord Est;Veneto;VE;I551;16,16;199,57
Sud;Abruzzo;AQ;I553;3;4,67
Nord Ovest;Piemonte;AT;I555;0;1
Nord Ovest;Liguria;IM;I556;4;2
Sud;Abruzzo;AQ;I558;1;1
Sud;Puglia;LE;I559;0;1,67
Nord Ovest;Lombardia;LO;I561;1;22,96
Nord Est;Friuli- Venezia Giulia;UD;I562;2;10
Nord Est;Veneto;BL;I563;19,33;72,76
Isole;Sardegna;OR;I564;1;1
Isole;Sardegna;SS;I565;2;0,67
Nord Ovest;Lombardia;MI;I566;45,65;177,86
Nord Ovest;Lombardia;BG;I567;5;18,5
Centro;Marche;MC;I569;1,58;1
Isole;Sardegna;CA;I570;7;0
Centro;Toscana;GR;I571;9;20
Centro;Lazio;RM;I573;34,66;21,16
Nord Ovest;Lombardia;MI;I577;339,84;782,59
Nord Est;Veneto;TV;I578;3,39;7,89
Isole;Sardegna;CA;I580;93,21;256,28
Centro;Lazio;RI;I581;4;5
Isole;Sardegna;CA;I582;0;0
Centro;Umbria;PG;I585;4;1
Nord Ovest;Lombardia;BS;I588;5;2
Sud;Calabria;CZ;I589;0;1
Sud;Calabria;CZ;I590;10,95;6
Nord Est;Veneto;BL;I592;3,2;11,91
Nord Est;Veneto;VR;I594;6;2
Nord Est;Veneto;PD;I595;19;343,1
Nord Ovest;Lombardia;BG;I597;12,33;56,16
Isole;Sardegna;SS;I598;1;0
Nord Ovest;Lombardia;PV;I599;0;2
Sud;Calabria;RC;I600;2;5
Centro;Toscana;GR;I601;5;6
Nord Ovest;Lombardia;MI;I602;113,85;262,61
Isole;Sardegna;OR;I605;0,8;1
Sud;Campania;AV;I606;1;4,5
Nord Ovest;Lombardia;BS;I607;2,8;17,8
Centro;Marche;AN;I608;131,62;424,24
Isole;Sardegna;OR;I609;0,86;0
Sud;Basilicata;PZ;I610;14;4
Nord Ovest;Lombardia;CO;I611;2;20,62
Nord Ovest;Lombardia;LO;I612;9;21,11
Isole;Sardegna;OR;I613;0;0
Isole;Sardegna;SS;I614;9;13,32
Isole;Sardegna;CA;I615;7;12
Sud;Molise;CB;I618;1;4,66
Nord Est;Friuli- Venezia Giulia;PN;I621;2;18,5
Centro;Toscana;LU;I622;28;50,2
Isole;Sardegna;CA;I624;2;4
Nord Ovest;Lombardia;MI;I625;263,62;611,9
Nord Est;Veneto;BL;I626;4;10,66
Nord Ovest;Lombardia;CR;I627;5;52,6
Nord Ovest;Lombardia;BG;I628;62,34;377,31
Nord Ovest;Lombardia;BG;I629;6,4;57,51
Sud;Campania;AV;I630;3,5;7
Nord Ovest;Lombardia;BS;I631;11,83;14,5
Nord Ovest;Lombardia;MN;I632;21;73,75
Nord Ovest;Lombardia;BS;I633;47,38;234,75
Centro;Lazio;LT;I634;14;55,5
Nord Est;Veneto;TV;I635;7,33;39,76
Nord Ovest;Lombardia;SO;I636;3;1,83
Nord Ovest;Piemonte;AT;I637;0;0,5
Sud;Calabria;VV;I639;10;7,5
Nord Ovest;Liguria;GE;I640;26,68;29,69
Sud;Puglia;FG;I641;5;17,33
Sud;Calabria;CS;I642;2;0
Centro;Marche;AN;I643;5,68;21,5
Isole;Sicilia;CL;I644;5,5;6,33
Nord Ovest;Piemonte;AL;I645;2;4,5
Nord Ovest;Piemonte;CN;I646;2;1
Isole;Sardegna;CA;I647;1;6
Sud;Campania;SA;I648;1;0
Sud;Abruzzo;PE;I649;1,5;2
Centro;Marche;MC;I651;6;3
Sud;Campania;NA;I652;5;1
Centro;Marche;AN;I653;9,33;8,75
Centro;Marche;PS;I654;0;1
Sud;Calabria;CZ;I655;4;4
Sud;Calabria;RC;I656;1,8;0
Nord Ovest;Piemonte;AL;I657;19;81
Nord Ovest;Piemonte;CN;I659;2;3
Centro;Toscana;PT;I660;11,87;79,72
Centro;Marche;MC;I661;9,31;4,22
Nord Ovest;Lombardia;MN;I662;0;10
Nord Ovest;Piemonte;VC;I663;14,7;26,83
Sud;Campania;SA;I666;3;3
Isole;Sardegna;CA;I667;0;1
Isole;Sardegna;NU;I668;0;0
Centro;Lazio;FR;I669;1;5
Sud;Calabria;CZ;I671;8;0
Nord Est;Veneto;BL;I673;2;7,5
Sud;Campania;CE;I676;27,84;98,46
Sud;Campania;SA;I677;0;0
Nord Ovest;Piemonte;AT;I678;2;2
Sud;Molise;IS;I679;2;1
Centro;Toscana;AR;I681;3,5;2
Sud;Molise;IS;I682;6,5;5,25
Nord Ovest;Lombardia;CR;I683;0;26,67
Centro;Toscana;FI;I684;101,66;364,54
Nord Est;Friuli- Venezia Giulia;PN;I686;8;49,5
Nord Ovest;Lombardia;VA;I688;44,5;167,17
Nord Est;Emilia-Romagna;MO;I689;20,23;68,43
Nord Ovest;Lombardia;MI;I690;545,94;1008,27
Nord Ovest;Piemonte;TO;I692;56,83;137,84
Nord Ovest;Liguria;GE;I693;98,15;205,83
Isole;Sardegna;CA;I695;17,5;98,5
Nord Ovest;Lombardia;MI;I696;10;77,72
Centro;Lazio;FR;I697;0;0
Nord Ovest;Piemonte;AT;I698;1;2,5
Isole;Sardegna;CA;I699;14;24,2
Nord Ovest;Lombardia;MI;I700;162,93;326,26
Nord Ovest;Piemonte;TO;I701;0;6
Nord Ovest;Piemonte;TO;I702;6,98;8
Nord Ovest;Piemonte;TO;I703;253,07;531,57
Sud;Calabria;CZ;I704;6;2
Isole;Sardegna;CA;I705;0;0
Isole;Sardegna;NU;I706;2;2
Isole;Sardegna;NU;I707;2;1
Nord Ovest;Lombardia;MI;I709;91,34;372,33
Nord Ovest;Piemonte;AL;I711;1;7
Centro;Lazio;LT;I712;22,62;21,21
Centro;Lazio;FR;I716;18,84;3
Isole;Sardegna;OR;I717;0;0
Isole;Sardegna;OR;I718;0;0
Sud;Campania;SA;I720;9,25;43,5
Isole;Sardegna;OR;I721;0;0
Isole;Sicilia;AG;I723;11;3
Isole;Sardegna;CA;I724;0;0
Sud;Calabria;RC;I725;5;15
Centro;Toscana;SI;I726;161,81;396,57
Centro;Umbria;PG;I727;4;9,5
Centro;Toscana;FI;I728;21,73;130,9
Isole;Sardegna;NU;I730;2;2,85
Isole;Sardegna;SS;I732;1;1
Isole;Sardegna;CA;I734;0;1
Isole;Sardegna;CA;I735;0;0
Nord Ovest;Piemonte;NO;I736;0;5
Nord Ovest;Piemonte;AL;I738;5,25;5,17
Nord Ovest;Lombardia;PV;I739;1;2
Sud;Abruzzo;TE;I741;46,72;161,47
Isole;Sardegna;OR;I742;0;0
Isole;Sardegna;OR;I743;0;0
Sud;Calabria;VV;I744;4;0
Sud;Calabria;CZ;I745;7;1
Isole;Sicilia;ME;I747;6;0
Isole;Sardegna;NU;I748;1;3
Isole;Sardegna;OR;I749;0;0
Nord Ovest;Piemonte;CN;I750;3;1
Isole;Sardegna;NU;I751;8,42;8,5
Isole;Sardegna;CA;I752;10,42;61,33
Sud;Calabria;RC;I753;0;0
Isole;Sicilia;SR;I754;74,03;456
Sud;Campania;AV;I756;4;19
Isole;Sardegna;OR;I757;0;0
Centro;Marche;AN;I758;4,78;76
Nord Ovest;Lombardia;LC;I759;13,89;20
Nord Ovest;Lombardia;LC;I761;6,14;26
Isole;Sardegna;CA;I765;0;0
Nord Ovest;Piemonte;NO;I767;1,5;3,5
Centro;Marche;AP;I774;1;0
Nord Est;Veneto;VR;I775;6,33;83,01
Nord Est;Friuli- Venezia Giulia;UD;I777;0;3
Isole;Sardegna;OR;I778;0;0
Nord Est;Emilia-Romagna;FO;I779;5;23,5
Sud;Puglia;LE;I780;3,83;4,83
Nord Ovest;Piemonte;AT;I781;1;0
Nord Ovest;Lombardia;BS;I782;0,03;44,28
Nord Est;Veneto;VI;I783;6;10
Isole;Sicilia;SR;I785;1;10,5
Nord Ovest;Lombardia;MI;I786;83,5;180,69
Nord Est;Emilia-Romagna;RA;I787;3;32
Nord Ovest;Lombardia;CR;I790;0;7
Isole;Sardegna;OR;I791;0;1
Nord Ovest;Lombardia;VA;I793;16,5;53,46
Nord Ovest;Lombardia;VA;I794;31;81,21
Nord Ovest;Liguria;IM;I796;1,5;1
Isole;Sardegna;CA;I797;1;1
Nord Ovest;Piemonte;AL;I798;3;4,5
Nord Est;Veneto;PD;I799;3,33;48,33
Sud;Puglia;LE;I800;1;9
Nord Ovest;Lombardia;MN;I801;11,25;28
Nord Est;Emilia-Romagna;MO;I802;16,25;268,6
Nord Est;Emilia-Romagna;PR;I803;7;25,85
Sud;Abruzzo;AQ;I804;63,51;87,19
Sud;Campania;AV;I805;12,4;41
Nord Ovest;Piemonte;AL;I808;0;5
Sud;Campania;BN;I809;8,95;1
Nord Ovest;Lombardia;BG;I812;0,5;38,22
Nord Ovest;Lombardia;BG;I813;3;23,83
Nord Ovest;Lombardia;LO;I815;8,1;44,6
Nord Ovest;Piemonte;CN;I817;1;0
Nord Ovest;Lombardia;VA;I819;57,5;236,27
Sud;Campania;NA;I820;26,94;38,71
Nord Est;Veneto;VR;I821;37;134,5
Nord Ovest;Piemonte;CN;I822;20;63,5
Nord Ovest;Piemonte;CN;I823;11;29
Isole;Sicilia;CL;I824;12,89;18,83
Nord Ovest;Lombardia;PV;I825;1;9,5
Nord Est;Veneto;VR;I826;54,41;189,37
Nord Ovest;Lombardia;CR;I827;11,99;64,96
Nord Ovest;Lombardia;SO;I828;23,71;27,63
Nord Ovest;Lombardia;SO;I829;170,64;270,34
Nord Ovest;Lombardia;BG;I830;4;28,75
Nord Ovest;Lombardia;BS;I831;2;5
Centro;Lazio;LT;I832;19,8;13,5
Centro;Lazio;FR;I838;19,5;36,51
Nord Est;Emilia-Romagna;PR;I840;7;50,5
Centro;Toscana;GR;I841;23,5;6,5
Sud;Campania;AV;I843;0;1
Sud;Calabria;CZ;I844;2;2
Nord Ovest;Piemonte;BI;I847;1;5,4
Nord Ovest;Lombardia;LO;I848;14;62,5
Nord Ovest;Lombardia;CR;I849;20,5;110,2
Nord Est;Veneto;VR;I850;3,17;17,8
Isole;Sardegna;NU;I851;0;0
Nord Ovest;Liguria;GE;I852;23,53;26,82
Sud;Calabria;VV;I853;0;0
Sud;Calabria;VV;I854;1;2
Centro;Lazio;VT;I855;35;42,91
Nord Ovest;Lombardia;CO;I856;15;6,67
Nord Ovest;Piemonte;NO;I857;1;0
Nord Ovest;Lombardia;BG;I858;25,5;88,95
Nord Ovest;Lombardia;CO;I860;4,84;12,75
Isole;Sardegna;OR;I861;0;0
Sud;Campania;NA;I862;16,29;32,21
Isole;Sardegna;SS;I863;15;17,22
Isole;Sicilia;SR;I864;9;40,52
Nord Ovest;Lombardia;CR;I865;2;19,5
Nord Est;Veneto;BL;I866;11;23
Nord Est;Veneto;VI;I867;7;32,06
Nord Ovest;Piemonte;BI;I868;2;3,33
Nord Ovest;Lombardia;BG;I869;2;51
Sud;Calabria;CZ;I872;18,47;8
Nord Ovest;Lombardia;BG;I873;11,25;64,25
Sud;Calabria;CZ;I874;1,5;2
Sud;Calabria;CZ;I875;5;0
Nord Est;Veneto;BL;I876;0;6,5
Centro;Toscana;SI;I877;5,5;84,17
Nord Ovest;Lombardia;MI;I878;33,51;107,83
Nord Ovest;Piemonte;NO;I880;2;10,5
Isole;Sicilia;ME;I881;12,25;8,42
Sud;Calabria;VV;I884;1;1
Sud;Campania;CE;I885;7;17
Nord Ovest;Piemonte;TO;I886;5,33;8
Sud;Puglia;LE;I887;8,25;5,6
Centro;Umbria;PG;I888;13,16;40,95
Isole;Sicilia;EN;I891;3;1
Centro;Lazio;LT;I892;10,92;12
Sud;Campania;AV;I893;1,25;15
Nord Ovest;Lombardia;PV;I894;1;9
Sud;Calabria;CS;I895;3,25;4
Sud;Calabria;CS;I896;17,5;13
Nord Ovest;Piemonte;AL;I901;3;5
Centro;Lazio;LT;I902;6;3
Nord Est;Emilia-Romagna;MO;I903;27,43;142,28
Nord Est;Friuli- Venezia Giulia;PN;I904;30;90,83
Sud;Calabria;VV;I905;0;0
Nord Ovest;Lombardia;CR;I906;1,5;28,5
Sud;Puglia;BA;I907;12,33;8,93
Nord Est;Veneto;VE;I908;29,67;385,43
Nord Ovest;Lombardia;CR;I909;0;3
Sud;Molise;CB;I910;1;0,5
Nord Ovest;Piemonte;AL;I911;0;1
Centro;Marche;AP;I912;28,7;67,5
Nord Ovest;Lombardia;CR;I914;12;97,75
Nord Ovest;Lombardia;BG;I916;6;9
Sud;Basilicata;PZ;I917;15;1
Nord Ovest;Lombardia;BG;I919;14,1;48
Centro;Umbria;PG;I921;124,97;249,39
Sud;Abruzzo;PE;I922;35,23;173,77
Sud;Puglia;LE;I923;2;2
Nord Ovest;Liguria;SV;I926;33,66;67,17
Nord Est;Veneto;TV;I927;24,75;150
Nord Ovest;Lombardia;SO;I928;0,5;0
Sud;Calabria;CZ;I929;9;5,47
Sud;Puglia;LE;I930;4;31,4
Centro;Marche;AN;I932;11;8,75
Nord Ovest;Lombardia;CR;I935;2;6,33
Sud;Calabria;RC;I936;0;0
Sud;Calabria;CZ;I937;3,17;6
Nord Est;Veneto;PD;I938;5;28,36
Nord Ovest;Piemonte;AL;I941;10;21
Centro;Toscana;LU;I942;15,84;7,5
Nord Ovest;Lombardia;CO;I943;4,5;9
Sud;Calabria;VV;I945;1;2
Nord Ovest;Liguria;SV;I946;15;19
Nord Ovest;Liguria;SV;I947;4,33;4
Sud;Puglia;LE;I950;2;2
Nord Ovest;Lombardia;BG;I951;62,66;207,47
Nord Est;Veneto;RO;I953;10;28
Sud;Basilicata;MT;I954;11,5;4
Sud;Calabria;RC;I955;0;1
Sud;Calabria;RC;I956;2;3
Centro;Lazio;RI;I959;2;13
Sud;Campania;SA;I960;1;0
Sud;Puglia;FG;I962;4;20,83
Sud;Puglia;FG;I963;3;19
Nord Est;Veneto;VE;I965;5,25;128,16
Nord Ovest;Lombardia;PV;I968;38,96;121,35
Nord Ovest;Piemonte;TO;I969;1;0
Nord Ovest;Piemonte;TO;I970;24,31;74,72
Centro;Lazio;FR;I973;1;1
Nord Est;Friuli- Venezia Giulia;UD;I974;2,03;0
Nord Ovest;Piemonte;VB;I976;20,5;59
Nord Ovest;Piemonte;AL;I977;10;21,5
Sud;Campania;NA;I978;5;3
Nord Ovest;Piemonte;BI;I980;3,5;13
Centro;Umbria;TR;I981;11,82;22,64
Sud;Calabria;KR;I982;4,33;6
Nord Ovest;Piemonte;VC;I984;3;15,33
Nord Ovest;Piemonte;CN;I985;5,5;2
Nord Ovest;Lombardia;BG;I986;1;10
Sud;Campania;AV;I990;4;2
Centro;Toscana;AR;I991;11,5;37,5
Centro;Lazio;RM;I992;33,51;37,33
Sud;Campania;CE;I993;17,18;37,71
Nord Ovest;Lombardia;LC;I994;0;3
Isole;Sardegna;CA;I995;0;0
Nord Ovest;Lombardia;LC;I996;1;6
Nord Ovest;Lombardia;BG;I997;10,67;57,91
Nord Ovest;Lombardia;MI;I998;24,5;114,61
Nord Ovest;Lombardia;BS;L002;5;21,02
Nord Ovest;Lombardia;VA;L003;13;59,01
Sud;Campania;AV;L004;1,2;5,7
Isole;Sardegna;NU;L006;1;3
Nord Ovest;Piemonte;NO;L007;2;19,5
Sud;Puglia;LE;L008;4;9,44
Centro;Lazio;FR;L009;4;4,5
Sud;Puglia;LE;L010;0;2
Sud;Puglia;LE;L011;5,5;68,89
Nord Ovest;Piemonte;TO;L013;29,5;38,75
Nord Est;Veneto;TV;L014;16,8;97,75
Nord Ovest;Lombardia;MN;L015;2;17,1
Isole;Sicilia;CL;L016;5;3
Centro;Lazio;VT;L017;21,83;55
Nord Est;Friuli- Venezia Giulia;UD;L018;8;6
Centro;Toscana;LI;L019;11,5;26
Nord Ovest;Lombardia;MN;L020;19,17;207,93
Nord Ovest;Lombardia;LC;L022;3,34;8,34
Isole;Sardegna;OR;L023;0;3
Nord Ovest;Liguria;IM;L024;95,91;106,67
Sud;Abruzzo;AQ;L025;35,56;47,25
Nord Est;Veneto;RO;L026;3,5;56,88
Nord Ovest;Piemonte;AL;L027;5;18
Nord Est;Veneto;BL;L030;4,22;3,5
Nord Ovest;Lombardia;VA;L032;8;48,59
Nord Est;Emilia-Romagna;RN;L034;2;6
Nord Ovest;Lombardia;SO;L035;18,32;18,3
Isole;Sardegna;NU;L036;0,5;0
Nord Ovest;Lombardia;BG;L037;4,22;15
Centro;Toscana;AR;L038;5;2,67
Nord Est;Friuli- Venezia Giulia;UD;L039;8,5;25,39
Nord Est;Veneto;BL;L040;18,27;28,81
Isole;Sicilia;ME;L042;23,89;54,83
Centro;Lazio;RI;L046;4;5
Sud;Abruzzo;CH;L047;2;0
Nord Ovest;Piemonte;CN;L048;3;11,5
Sud;Puglia;TA;L049;204,12;494,66
Nord Est;Friuli- Venezia Giulia;UD;L050;25,5;81
Sud;Calabria;CS;L055;1;0
Nord Ovest;Lombardia;SO;L056;5,31;2
Nord Est;Veneto;TV;L058;4,97;18,5
Nord Ovest;Piemonte;AL;L059;3;5
Sud;Campania;AV;L061;1;1
Sud;Campania;AV;L062;2;7,75
Sud;Calabria;RC;L063;4;12
Sud;Puglia;LE;L064;4;11
Nord Est;Friuli- Venezia Giulia;UD;L065;38,5;185,5
Nord Ovest;Piemonte;TO;L066;0;2
Sud;Molise;CB;L069;3;3
Sud;Calabria;CZ;L070;13,8;6
Nord Ovest;Lombardia;CO;L071;18,67;59,67
Nord Ovest;Lombardia;BG;L073;6;19,59
Sud;Puglia;LE;L074;5,5;24,97
Nord Ovest;Piemonte;BI;L075;3,5;4
Centro;Marche;PS;L078;2;9
Centro;Marche;PS;L081;10;69,5
Sud;Basilicata;PZ;L082;0;1
Sud;Campania;CE;L083;5;23,22
Nord Ovest;Lombardia;SO;L084;23,41;26,25
Nord Est;Veneto;VE;L085;3;19,5
Sud;Campania;BN;L086;11,01;43
Nord Ovest;Lombardia;BG;L087;9,75;38,5
Isole;Sardegna;SS;L088;4;6
Isole;Sardegna;SS;L093;12,13;37,9
Nord Ovest;Lombardia;BS;L094;20,5;83,5
Nord Est;Veneto;PD;L100;5;61,7
Sud;Campania;AV;L102;4,5;4,5
Sud;Abruzzo;TE;L103;174,25;199,02
Nord Ovest;Piemonte;NO;L104;1;12
Centro;Lazio;FR;L105;4;0,67
Sud;Puglia;BA;L109;93,28;178,45
Isole;Sicilia;PA;L112;29,72;35
Sud;Molise;CB;L113;63,07;348,72
Nord Ovest;Lombardia;VA;L115;6;31
Nord Ovest;Piemonte;BI;L116;0;0
Centro;Umbria;TR;L117;376,52;843,63
Nord Ovest;Lombardia;BG;L118;11,5;117,64
Centro;Lazio;LT;L120;70,87;114,2
Isole;Sardegna;OR;L122;2;1
Centro;Toscana;AR;L123;28,5;67,75
Sud;Calabria;CS;L124;13,56;2
Nord Ovest;Lombardia;LO;L125;1;16,08
Sud;Basilicata;PZ;L126;3;3
Sud;Calabria;RC;L127;0;1
Isole;Sicilia;PA;L131;10;61,33
Nord Est;Veneto;PD;L132;1;26,03
Sud;Calabria;CS;L134;0;4
Nord Est;Veneto;VR;L136;0;9,5
Centro;Toscana;PI;L138;23,5;28,17
Nord Ovest;Piemonte;AL;L139;0;2
Isole;Sardegna;NU;L140;1;1
Sud;Campania;NA;L142;11,17;11,56
Nord Ovest;Piemonte;AL;L143;0;6,5
Nord Ovest;Liguria;IM;L146;2;4
Centro;Lazio;VT;L150;1;2
Nord Ovest;Liguria;SV;L152;0;10
Isole;Sardegna;NU;L153;0;0
Isole;Sardegna;CA;L154;3;2
Sud;Campania;CE;L155;17,13;96,89
Nord Est;Veneto;VI;L156;6;101
Nord Est;Veneto;VI;L157;49,01;315,06
Isole;Sardegna;SS;L158;0,67;5
Isole;Sardegna;NU;L160;0;1
Nord Ovest;Lombardia;CR;L164;0;2
Nord Ovest;Piemonte;AL;L165;3;8,5
Sud;Puglia;LE;L166;3;1,75
Nord Ovest;Liguria;GE;L167;3,6;4
Nord Ovest;Piemonte;AT;L168;5,5;6,5
Nord Ovest;Lombardia;BS;L169;8,16;17,25
Isole;Sardegna;NU;L172;0;0
Sud;Abruzzo;AQ;L173;1;1
Nord Ovest;Lombardia;SO;L175;62,59;76,09
Sud;Calabria;CZ;L177;6;1
Isole;Sardegna;SS;L180;1;5
Sud;Basilicata;PZ;L181;18,03;20
Centro;Lazio;RM;L182;111,6;291,24
Nord Est;Emilia-Romagna;PR;L183;4,17;32
Nord Est;Emilia-Romagna;RE;L184;15,66;25,38
Sud;Campania;BN;L185;0;0
Sud;Abruzzo;PE;L186;3,17;10
Nord Ovest;Piemonte;VB;L187;8;7
Centro;Umbria;PG;L188;53;89,71
Centro;Lazio;RI;L189;3;5,5
Nord Ovest;Liguria;SV;L190;16,3;29
Centro;Marche;MC;L191;34,16;86,05
Centro;Lazio;RM;L192;11,08;19
Nord Ovest;Piemonte;BI;L193;20;30
Sud;Abruzzo;CH;L194;2,5;3
Nord Est;Friuli- Venezia Giulia;UD;L195;26,06;88
Sud;Basilicata;PZ;L197;4;5,5
Nord Est;Veneto;PD;L199;5;62
Isole;Sardegna;NU;L202;0;1
Nord Ovest;Piemonte;AT;L203;1;4
Sud;Campania;CE;L205;1;1
Sud;Calabria;CS;L206;0;1
Sud;Abruzzo;TE;L207;0;3,5
Nord Ovest;Lombardia;BS;L210;6;69,5
Sud;Campania;SA;L212;1;1
Sud;Puglia;BR;L213;0;11
Sud;Campania;AV;L214;5;16,67
Sud;Molise;CB;L215;2;3,75
Centro;Umbria;PG;L216;15;65
Nord Ovest;Valle d'Aosta;AO;L217;17,6;29
Sud;Abruzzo;CH;L218;7;7,96
Nord Ovest;Piemonte;TO;L219;7387,11;7114,15
Sud;Puglia;BA;L220;19;29
Nord Ovest;Lombardia;CR;L221;1;3
Nord Ovest;Piemonte;NO;L223;1;4
Sud;Abruzzo;CH;L224;3,08;1,16
Nord Ovest;Lombardia;CR;L225;0;3
Sud;Abruzzo;AQ;L227;4,5;9,5
Nord Ovest;Lombardia;CO;L228;0;13
Nord Est;Emilia-Romagna;PR;L229;5,46;13
Sud;Molise;CB;L230;6,33;5,66
Isole;Sardegna;NU;L231;0;2
Sud;Campania;SA;L233;0;0
Isole;Sardegna;SS;L235;1;2
Nord Ovest;Lombardia;PV;L237;2;11
Nord Ovest;Piemonte;TO;L238;5,33;38,5
Nord Ovest;Piemonte;BI;L239;2;1
Sud;Calabria;CZ;L240;2;1
Nord Ovest;Piemonte;CN;L241;2;2
Centro;Lazio;FR;L243;2;1
Nord Ovest;Lombardia;SO;L244;17,19;9
Sud;Campania;NA;L245;35,74;37,98
Nord Est;Friuli- Venezia Giulia;UD;L246;2;6
Nord Ovest;Piemonte;TO;L247;5;5,5
Nord Est;Veneto;VI;L248;11;62,5
Nord Ovest;Lombardia;PV;L250;0;3
Nord Ovest;Lombardia;BG;L251;35,77;102,94
Nord Ovest;Piemonte;CN;L252;0;2
Sud;Abruzzo;CH;L253;0,66;1,66
Sud;Campania;BN;L254;1;0
Nord Ovest;Lombardia;PV;L256;1;17,5
Nord Ovest;Lombardia;BG;L257;4,67;31,5
Nord Ovest;Lombardia;CR;L258;3,33;15,11
Sud;Campania;NA;L259;76,06;145,06
Nord Ovest;Lombardia;PV;L262;5;5
Sud;Abruzzo;PE;L263;5,67;10,67
Nord Ovest;Lombardia;BG;L265;5;44
Nord Est;Veneto;VE;L267;4;16,67
Nord Ovest;Lombardia;PV;L269;1;39,51
Nord Est;Veneto;PD;L270;3;34,5
Isole;Sicilia;ME;L271;6,5;7,5
Sud;Campania;AV;L272;5;1
Sud;Puglia;FG;L273;13,79;54,84
Sud;Campania;SA;L274;2;1,33
Nord Ovest;Lombardia;BG;L276;0;7
Nord Ovest;Piemonte;TO;L277;30;67,33
Nord Ovest;Piemonte;CN;L278;0;6,17
Centro;Marche;AP;L279;1;2
Sud;Puglia;BR;L280;5;7,97
Nord Ovest;Piemonte;CN;L281;1;0
Isole;Sicilia;PA;L282;5;2
Sud;Abruzzo;CH;L284;3;6
Nord Ovest;Lombardia;PV;L285;9,99;67,13
Centro;Lazio;RI;L286;3;7,5
Nord Est;Veneto;VR;L287;9;76,25
Centro;Lazio;FR;L290;3;1
Sud;Abruzzo;CH;L291;7,59;4
Nord Ovest;Lombardia;PV;L292;1;2,5
Centro;Lazio;RI;L293;10,5;5
Sud;Puglia;TA;L294;2;4,67
Sud;Abruzzo;TE;L295;4;3
Nord Ovest;Lombardia;CR;L296;0;1
Nord Est;Veneto;VI;L297;5;146,79
Nord Ovest;Liguria;GE;L298;20,84;22
Nord Est;Emilia-Romagna;PR;L299;10;105,05
Sud;Campania;AV;L301;0;0
Centro;Lazio;RM;L302;3,5;3,5
Centro;Toscana;SI;L303;14,17;57,06
Nord Ovest;Piemonte;AL;L304;111,02;292,98
Sud;Calabria;CS;L305;15;35,44
Sud;Campania;SA;L306;0;0
Sud;Abruzzo;TE;L307;93,28;314,89
Isole;Sicilia;ME;L308;7;5,67
Nord Est;Friuli- Venezia Giulia;UD;L309;10,84;25,06
Centro;Lazio;VT;L310;26,33;17
Nord Ovest;Lombardia;BS;L312;47,1;165,84
Sud;Abruzzo;TE;L314;0;2
Nord Ovest;Liguria;SV;L315;10;19,67
Nord Ovest;Lombardia;SO;L316;5,34;0
Isole;Sicilia;PA;L317;18,75;8,5
Nord Ovest;Lombardia;VA;L319;98,52;276,01
Isole;Sardegna;OR;L321;1;0
Sud;Campania;SA;L323;19,11;7
Nord Est;Friuli- Venezia Giulia;PN;L324;0;2
Nord Est;Friuli- Venezia Giulia;PN;L325;1,15;5
Sud;Basilicata;PZ;L326;7;4
Nord Ovest;Piemonte;TO;L327;19,86;44,61
Sud;Puglia;BA;L328;129,74;375,96
Nord Ovest;Lombardia;SO;L330;8,5;9
Isole;Sicilia;TP;L331;58,38;169,62
Isole;Sicilia;PA;L332;1,5;2
Nord Ovest;Piemonte;VB;L333;9;11,5
Sud;Abruzzo;AQ;L334;13;7
Nord Est;Friuli- Venezia Giulia;UD;L335;10;15,97
Nord Ovest;Piemonte;VB;L336;1,5;2
Isole;Sardegna;CA;L337;1;0
Nord Ovest;Lombardia;BS;L339;15,9;137,45
Nord Ovest;Piemonte;TO;L340;0;2
Nord Ovest;Lombardia;VA;L342;13,45;46
Nord Ovest;Piemonte;TO;L345;4;0
Nord Est;Emilia-Romagna;PR;L346;16;82
Nord Est;Friuli- Venezia Giulia;PN;L347;4;10,11
Nord Est;Emilia-Romagna;PC;L348;14,51;28,5
Nord Est;Veneto;PD;L349;7,17;99,42
Sud;Calabria;CS;L353;14,66;15
Isole;Sicilia;CT;L355;14,25;46,17
Nord Ovest;Piemonte;NO;L356;71,5;371,45
Sud;Basilicata;PZ;L357;3,8;3,08
Nord Est;Veneto;RO;L359;6,3;22,7
Nord Est;Emilia-Romagna;FO;L361;0;5
Sud;Abruzzo;CH;L363;0;3
Nord Est;Veneto;VR;L364;7;34,34
Centro;Marche;MC;L366;30;54,17
Nord Ovest;Piemonte;CN;L367;0;2
Isole;Sicilia;CT;L369;14;153,26
Nord Ovest;Lombardia;BS;L372;10,29;23,75
Sud;Campania;SA;L377;3;1,5
Sud;Campania;CE;L379;13;61,76
Nord Ovest;Lombardia;BS;L380;5,17;45,21
Nord Est;Friuli- Venezia Giulia;UD;L382;6;22,58
Sud;Puglia;LE;L383;3;25
Centro;Toscana;SI;L384;11,08;14,5
Centro;Toscana;MS;L386;11;9,5
Nord Ovest;Lombardia;BG;L388;25,63;149,46
Nord Ovest;Lombardia;CR;L389;1;34,5
Nord Ovest;Lombardia;SO;L392;13,61;15,04
Isole;Sardegna;OR;L393;2,33;2
Nord Est;Veneto;VR;L396;7,2;17
Centro;Umbria;PG;L397;12,17;37,67
Centro;Lazio;FR;L398;16,86;21,83
Sud;Campania;AV;L399;1;0
Nord Ovest;Lombardia;BG;L400;130,59;408,03
Centro;Lazio;RM;L401;19,5;36
Nord Est;Veneto;TV;L402;7,17;74,5
Nord Ovest;Piemonte;AL;L403;0;5
Nord Ovest;Lombardia;BG;L404;28,33;158,93
Nord Ovest;Lombardia;BS;L406;0;3,06
Nord Est;Veneto;TV;L407;289,92;1303,51
Nord Ovest;Lombardia;MI;L408;16;90,5
Nord Ovest;Lombardia;MI;L409;141,75;331,51
Nord Ovest;Piemonte;CN;L410;0;2
Nord Ovest;Lombardia;MI;L411;95,14;202,87
Nord Ovest;Lombardia;CO;L413;1;1
Nord Est;Veneto;PD;L414;2;19,66
Nord Ovest;Lombardia;MI;L415;16;79,5
Nord Ovest;Liguria;GE;L416;3;12
Sud;Basilicata;MT;L418;6,67;8,17
Sud;Puglia;LE;L419;16;40,33
Nord Ovest;Piemonte;VC;L420;1;2
Nord Est;Friuli- Venezia Giulia;UD;L421;22,06;105,76
Isole;Sardegna;NU;L423;0;0
Sud;Puglia;BA;L425;53,7;139,58
Nord Ovest;Lombardia;CR;L426;0;8,83
Nord Ovest;Piemonte;CN;L427;1;17
Isole;Sardegna;SS;L428;2;129
Nord Ovest;Piemonte;VC;L429;18,5;70,75
Nord Ovest;Liguria;IM;L430;14,67;1
Isole;Sicilia;ME;L431;5;1,33
Nord Ovest;Piemonte;AL;L432;1,5;1
Nord Est;Veneto;VI;L433;6;56,83
Nord Ovest;Lombardia;MI;L434;29;106
Sud;Molise;CB;L435;8;3
Centro;Lazio;FR;L437;0;0
Nord Est;Friuli- Venezia Giulia;UD;L438;1;8,63
Sud;Basilicata;PZ;L439;1;0
Nord Ovest;Lombardia;PV;L440;10;53,67
Nord Ovest;Piemonte;TO;L445;41,33;114,33
Sud;Puglia;FG;L447;6,88;13
Isole;Sicilia;EN;L448;4,71;14,55
Nord Ovest;Lombardia;PV;L449;6;35
Nord Ovest;Piemonte;VB;L450;10;5,5
Nord Ovest;Piemonte;VC;L451;6;37,47
Sud;Calabria;VV;L452;10,57;7
Nord Ovest;Lombardia;PV;L453;0;8
Nord Ovest;Lombardia;MI;L454;30,42;65,5
Sud;Molise;CB;L458;0;3
Sud;Abruzzo;CH;L459;5,5;4
Sud;Campania;NA;L460;4,83;11,5
Sud;Campania;AV;L461;3;2
Sud;Puglia;LE;L462;6,75;10
Isole;Sardegna;CA;L463;0;1
Isole;Sardegna;SS;L464;1,06;2,06
Centro;Umbria;PG;L466;11,17;34
Nord Ovest;Lombardia;LO;L469;3;20
Nord Ovest;Lombardia;CO;L470;29;138
Nord Ovest;Lombardia;MI;L471;14;101,16
Sud;Puglia;BA;L472;24,11;84,92
Isole;Sardegna;CA;L473;1;0
Sud;Abruzzo;PE;L475;0;2
Sud;Basilicata;MT;L477;9;5
Isole;Sicilia;ME;L478;9;5,22
Nord Ovest;Lombardia;VA;L480;54,33;176,5
Isole;Sicilia;ME;L482;2;0,33
Nord Est;Friuli- Venezia Giulia;UD;L483;514,63;1404,89
Sud;Puglia;LE;L484;9;26,53
Sud;Puglia;LE;L485;4;8,5
Isole;Sardegna;OR;L488;0;0
Isole;Sardegna;NU;L489;1;0
Sud;Calabria;KR;L492;0;1
Nord Ovest;Lombardia;BS;L494;3;33
Isole;Sardegna;OR;L496;0;1
Nord Est;Veneto;PD;L497;2;10,5
Centro;Marche;PS;L498;19,58;20,34
Nord Ovest;Liguria;SV;L499;5,33;7,5
Centro;Marche;PS;L500;31,71;57,99
Centro;Marche;MC;L501;4;13
Nord Ovest;Lombardia;BG;L502;30,54;138,87
Isole;Sardegna;SS;L503;3;4
Sud;Molise;CB;L505;1;8,33
Isole;Sardegna;NU;L506;0;0
Nord Ovest;Liguria;GE;L507;18;14
Isole;Sardegna;OR;L508;0;0
Isole;Sardegna;SS;L509;3;12
Nord Ovest;Lombardia;MI;L511;26,56;125,86
Isole;Sardegna;CA;L512;2;2
Isole;Sardegna;CA;L513;0;0
Isole;Sardegna;NU;L514;0;0
Nord Ovest;Piemonte;TO;L515;1;3
Nord Ovest;Piemonte;TO;L516;1,5;2
Centro;Marche;MC;L517;3;3
Isole;Sicilia;PA;L519;1;0
Isole;Sardegna;CA;L521;2;20
Centro;Toscana;PT;L522;8,5;55,83
Sud;Calabria;CS;L524;1;0
Centro;Lazio;RI;L525;1;2,65
Sud;Abruzzo;CH;L526;1;1
Nord Ovest;Liguria;SV;L528;36,47;53,18
Centro;Toscana;FI;L529;17,13;38,01
Nord Ovest;Piemonte;AT;L531;1;0
Sud;Basilicata;PZ;L532;2;1,67
Centro;Toscana;LU;L533;3;2,31
Nord Ovest;Lombardia;CR;L535;3;31,5
Centro;Toscana;PO;L537;14,6;76,84
Nord Ovest;Piemonte;TO;L538;4;7,5
Nord Ovest;Lombardia;CR;L539;6,5;48,03
Sud;Campania;CE;L540;9;21
Nord Ovest;Lombardia;BG;L544;8,88;62,5
Nord Ovest;Lombardia;BG;L545;10;55
Nord Ovest;Liguria;GE;L546;4;1
Nord Ovest;Lombardia;CO;L547;13,08;21,42
Nord Est;Veneto;VI;L551;75,62;232,56
Nord Est;Veneto;VI;L554;3,88;8,88
Nord Ovest;Piemonte;TO;L555;10,11;50,01
Nord Ovest;Piemonte;BI;L556;11,16;15,74
Nord Ovest;Lombardia;SO;L557;38,68;59,77
Nord Ovest;Piemonte;CN;L558;7,25;7
Isole;Sicilia;ME;L561;1;2
Nord Ovest;Lombardia;PV;L562;7;12,75
Nord Ovest;Lombardia;SO;L563;33,11;53,87
Nord Est;Veneto;TV;L565;16,95;55,25
Nord Ovest;Piemonte;VC;L566;1;20,5
Nord Est;Veneto;VR;L567;39,55;223,4
Nord Ovest;Lombardia;PV;L568;0;1
Centro;Lazio;VT;L569;10,33;8
Nord Ovest;Piemonte;AL;L570;159,5;258,08
Sud;Puglia;BA;L571;32,39;94,27
Nord Ovest;Lombardia;LO;L572;6;27,5
Centro;Umbria;PG;L573;18,25;15,75
Nord Ovest;Piemonte;AT;L574;9;18
Nord Ovest;Lombardia;SO;L576;19,74;19,17
Nord Ovest;Lombardia;VA;L577;3;23
Nord Ovest;Piemonte;TO;L578;8;15,17
Nord Ovest;Lombardia;BG;L579;2;13,75
Nord Ovest;Piemonte;CN;L580;3;3,9
Nord Ovest;Lombardia;LC;L581;7,44;36,23
Nord Ovest;Valle d'Aosta;AO;L582;0;4
Isole;Sicilia;EN;L583;9,17;29,5
Nord Est;Veneto;BL;L584;14,72;2,72
Nord Ovest;Piemonte;BI;L586;2;1
Sud;Campania;AV;L589;0,5;0
Nord Est;Veneto;BL;L590;14,31;22,75
Sud;Campania;CE;L591;0;5
Nord Ovest;Lombardia;PV;L593;7;22,33
Sud;Campania;CE;L594;1;0
Nord Ovest;Liguria;IM;L596;19,06;10
Sud;Abruzzo;TE;L597;2;0
Centro;Lazio;FR;L598;5;1,75
Nord Ovest;Liguria;IM;L599;35,84;47,1
Isole;Sicilia;PA;L603;3;3
Isole;Sardegna;SS;L604;16;128,52
Centro;Lazio;FR;L605;0;0
Sud;Calabria;VV;L607;0;0
Isole;Sicilia;CL;L609;5,5;9,5
Centro;Lazio;RM;L611;1;1
Centro;Lazio;VT;L612;5;10
Isole;Sardegna;CA;L613;0;0
Centro;Lazio;FR;L614;1;1
Sud;Campania;AV;L616;0;2
Nord Ovest;Lombardia;PV;L617;2;8,5
Nord Ovest;Piemonte;BI;L620;6;6
Nord Ovest;Lombardia;BG;L623;5,85;15,03
Nord Est;Veneto;VI;L624;1,22;18,72
Centro;Lazio;RM;L625;3;1,5
Nord Ovest;Lombardia;BS;L626;0;14,5
Centro;Umbria;PG;L627;1;0
Sud;Campania;SA;L628;42,16;45,83
Nord Ovest;Piemonte;TO;L629;2;5
Nord Ovest;Piemonte;CN;L631;1;1
Nord Ovest;Piemonte;AL;L633;1;10
Nord Ovest;Lombardia;LC;L634;42,47;71,72
Nord Ovest;Lombardia;SO;L638;10,5;7
Centro;Lazio;RM;L639;21;42
Nord Ovest;Lombardia;CO;L640;5;18,5
Nord Est;Emilia-Romagna;PR;L641;7;8,5
Nord Ovest;Lombardia;BG;L642;0;2
Nord Ovest;Valle d'Aosta;AO;L643;4;4
Nord Ovest;Piemonte;TO;L644;10,34;30,84
Nord Ovest;Valle d'Aosta;AO;L647;4;0
Nord Ovest;Piemonte;VB;L651;2,13;1
Centro;Umbria;PG;L653;1,33;0,66
Nord Ovest;Valle d'Aosta;AO;L654;39,41;115,32
Nord Ovest;Lombardia;BG;L655;4,32;5
Sud;Campania;SA;L656;2;3
Isole;Sicilia;CT;L658;8,34;53,16
Nord Ovest;Lombardia;MI;L664;17,92;57,68
Nord Ovest;Lombardia;MI;L665;27,77;122,59
Nord Ovest;Piemonte;VB;L666;1;5,83
Nord Ovest;Lombardia;MI;L667;44,01;158,05
Nord Ovest;Piemonte;NO;L668;1;8
Nord Ovest;Piemonte;VC;L669;31,2;73,54
Nord Ovest;Piemonte;NO;L670;14,92;69,51
Nord Ovest;Lombardia;VA;L671;11,25;22,67
Nord Est;Emilia-Romagna;PR;L672;9;20
Sud;Calabria;RC;L673;1;1
Nord Ovest;Liguria;SV;L675;75,44;162,69
Centro;Lazio;RI;L676;3,33;0
Nord Ovest;Lombardia;MI;L677;55,93;193,41
Nord Ovest;Lombardia;LC;L680;5;41
Nord Ovest;Liguria;SP;L681;7;3,75
Nord Ovest;Lombardia;VA;L682;357,44;1108,83
Nord Ovest;Piemonte;TO;L685;0;5
Nord Est;Friuli- Venezia Giulia;UD;L686;7,5;11
Nord Est;Emilia-Romagna;PR;L689;9,07;9,64
Nord Ovest;Lombardia;PV;L690;10,5;26
Nord Ovest;Piemonte;VB;L691;16;13,5
Nord Ovest;Liguria;IM;L693;7;9
Sud;Molise;IS;L696;0;2
Nord Ovest;Piemonte;TO;L698;5;12
Sud;Calabria;VV;L699;2;0
Nord Est;Veneto;TV;L700;22,5;45,24
Centro;Toscana;PI;L702;22,17;56
Nord Ovest;Lombardia;VA;L703;21,67;62
Nord Ovest;Lombardia;MI;L704;46,75;131,11
Nord Est;Veneto;TV;L706;12,51;143,19
Nord Ovest;Lombardia;BG;L707;0;2,67
Nord Ovest;Lombardia;MI;L709;53,46;69,25
Nord Est;Veneto;PD;L710;13;65,78
Sud;Puglia;LE;L711;1;19,75
Nord Ovest;Piemonte;BI;L712;7,25;9,5
Centro;Lazio;VT;L713;6;2
Nord Ovest;Lombardia;CO;L715;2;3
Nord Ovest;Lombardia;PV;L716;0;0
Centro;Lazio;RM;L719;61,79;254,27
Nord Ovest;Lombardia;PV;L720;2,84;40,08
Nord Est;Veneto;VR;L722;9;10
Nord Est;Veneto;VI;L723;1;11
Sud;Molise;IS;L725;31,67;32,5
Nord Ovest;Piemonte;TO;L726;5;5
Nord Ovest;Piemonte;TO;L727;162;403,18
Centro;Marche;AP;L728;2;6
Nord Ovest;Piemonte;CN;L729;4;12
Nord Ovest;Liguria;SV;L730;2;2
Nord Ovest;Lombardia;VA;L733;20,03;67,31
Nord Ovest;Lombardia;VA;L734;30;77,62
Isole;Sicilia;ME;L735;4;14,5
Nord Est;Veneto;VE;L736;623,72;2434,49
Nord Ovest;Lombardia;CO;L737;7,35;30,73
Sud;Basilicata;PZ;L738;27,06;17
Sud;Campania;AV;L739;2;3
Isole;Sicilia;PA;L740;3;2
Nord Ovest;Liguria;IM;L741;134,64;167,13
Centro;Lazio;LT;L742;1,5;0
Nord Est;Friuli- Venezia Giulia;UD;L743;2,92;9,5
Nord Ovest;Lombardia;MI;L744;26,06;132,32
Nord Ovest;Piemonte;VB;L746;115,36;301,98
Sud;Calabria;CS;L747;3;0
Nord Ovest;Lombardia;CO;L748;3;7
Nord Ovest;Lombardia;SO;L749;14;5,5
Nord Ovest;Piemonte;VC;L750;218,15;510,57
Nord Ovest;Lombardia;LC;L751;5,25;21,25
Nord Ovest;Lombardia;BG;L752;14,17;71,21
Nord Ovest;Lombardia;BG;L753;32,92;95,84
Nord Ovest;Piemonte;CN;L758;1;0
Nord Est;Emilia-Romagna;BO;L762;17,66;107,5
Nord Est;Emilia-Romagna;FO;L764;2;12,83
Nord Ovest;Lombardia;VA;L765;17;90,42
Nord Ovest;Piemonte;CN;L771;9,02;13
Nord Est;Emilia-Romagna;PC;L772;6,06;21
Nord Ovest;Lombardia;MI;L773;6,5;56,66
Nord Ovest;Liguria;SP;L774;6,5;3
Centro;Toscana;PO;L775;17,11;31
Sud;Puglia;LE;L776;1;6
Nord Ovest;Lombardia;BS;L777;9,5;87,83
Nord Ovest;Lombardia;BS;L778;6;31,67
Nord Ovest;Piemonte;TO;L779;11;48,84
Centro;Lazio;FR;L780;15,56;10
Nord Est;Veneto;VR;L781;1240,54;3028,3
Nord Ovest;Valle d'Aosta;AO;L783;2;3
Nord Ovest;Lombardia;PV;L784;2;8,33
Nord Ovest;Piemonte;BI;L785;3;11
Nord Ovest;Piemonte;TO;L787;2,5;8,17
Nord Ovest;Lombardia;PV;L788;0;5
Nord Ovest;Lombardia;CO;L792;11,5;52,5
Nord Ovest;Lombardia;BG;L795;1,67;52,17
Nord Est;Emilia-Romagna;RN;L797;7,56;76,07
Nord Ovest;Lombardia;SO;L799;1,56;0,5
Nord Est;Friuli- Venezia Giulia;UD;L801;0;1
Sud;Calabria;KR;L802;1;0
Nord Ovest;Piemonte;CN;L804;32,8;64,27
Nord Est;Veneto;PD;L805;2;20
Nord Ovest;Lombardia;CR;L806;5;35,33
Nord Ovest;Piemonte;AT;L807;0;3
Nord Ovest;Piemonte;NO;L808;3,13;30,54
Nord Ovest;Liguria;IM;L809;2;0
Nord Est;Veneto;VR;L810;6,33;13,17
Nord Ovest;Piemonte;TO;L811;2;5
Nord Ovest;Lombardia;BS;L812;8,21;34,88
Centro;Lazio;VT;L814;36,96;44,91
Nord Est;Emilia-Romagna;RE;L815;8;12
Nord Ovest;Lombardia;BS;L816;7;26,61
Nord Ovest;Piemonte;CN;L817;5;23,86
Nord Ovest;Liguria;SP;L819;39,33;27,99
Nord Est;Emilia-Romagna;RE;L820;20,5;42,62
Nord Ovest;Liguria;SV;L823;3;2
Nord Ovest;Lombardia;MN;L826;36,1;229,9
Nord Ovest;Lombardia;BG;L827;2;11
Isole;Sicilia;CT;L828;6,17;38,08
Nord Ovest;Piemonte;AT;L829;0;3
Nord Ovest;Piemonte;TO;L830;0;2
Nord Est;Emilia-Romagna;RE;L831;11,83;38
Centro;Toscana;LU;L833;109,23;162,91
Nord Ovest;Piemonte;AT;L834;2;9
Sud;Campania;SA;L835;7,5;5,67
Centro;Lazio;FR;L836;1;0
Isole;Sicilia;PA;L837;4;0
Centro;Toscana;FI;L838;28,58;35,63
Nord Est;Veneto;VI;L840;290,92;1786,39
Nord Ovest;Piemonte;CN;L841;10,5;23,75
Sud;Puglia;FG;L842;18,08;16,97
Centro;Lazio;FR;L843;2,5;2
Sud;Campania;CE;L844;1;1
Sud;Campania;NA;L845;22,14;43,17
Sud;Abruzzo;PE;L846;1;1
Nord Ovest;Piemonte;NO;L847;0;7
Nord Est;Emilia-Romagna;PC;L848;4,67;18
Centro;Toscana;PI;L850;23,5;42,5
Centro;Lazio;RM;L851;5;7,75
Nord Ovest;Lombardia;PV;L854;9;143
Nord Est;Veneto;TV;L856;6;16
Nord Ovest;Piemonte;TO;L857;3;10
Sud;Puglia;FG;L858;22,5;47,94
Sud;Basilicata;PZ;L859;6;2
Sud;Campania;SA;L860;13,53;6
Nord Ovest;Lombardia;BG;L865;4;12,75
Nord Ovest;Lombardia;LC;L866;11;21,25
Nord Est;Emilia-Romagna;FE;L868;10;101,16
Nord Est;Veneto;VR;L869;12,83;114,5
Nord Ovest;Lombardia;PV;L872;228,8;681,08
Sud;Basilicata;PZ;L873;2;0
Sud;Basilicata;PZ;L874;10,5;5,5
Nord Ovest;Lombardia;VA;L876;25,28;57,81
Nord Ovest;Piemonte;AT;L879;0,5;0
Nord Ovest;Piemonte;BI;L880;37,5;101,67
Nord Ovest;Piemonte;AL;L881;1;4
Centro;Lazio;VT;L882;9;15
Nord Ovest;Lombardia;MI;L883;29,33;122
Nord Est;Emilia-Romagna;MO;L885;93,15;338,76
Nord Ovest;Piemonte;AL;L887;2;5,5
Nord Ovest;Piemonte;CN;L888;12;24
Nord Ovest;Piemonte;VB;L889;2,5;7,5
Nord Est;Veneto;BL;L890;10;6,33
Nord Est;Veneto;PD;L892;6;150,77
Nord Ovest;Lombardia;BG;L894;5;4
Nord Est;Emilia-Romagna;PC;L897;11,32;52
Nord Ovest;Piemonte;TO;L898;16;34
Nord Est;Veneto;VE;L899;9;167,17
Nord Est;Veneto;PD;L900;20,81;372,63
Nord Ovest;Piemonte;AL;L904;12;37
Centro;Lazio;FR;L905;2;1
Nord Ovest;Piemonte;VB;L906;43,07;55,74
Nord Ovest;Lombardia;SO;L907;10,32;6
Nord Ovest;Lombardia;SO;L908;23,66;13,32
Nord Est;Friuli- Venezia Giulia;UD;L909;4;14,33
Nord Est;Veneto;VR;L912;5;26,27
Centro;Toscana;LU;L913;8;3
Isole;Sicilia;PA;L916;16;8
Nord Ovest;Lombardia;PV;L917;0;1
Nord Ovest;Lombardia;BS;L919;27,61;82
Sud;Puglia;BR;L920;8;12,5
Sud;Abruzzo;PE;L922;0;1
Nord Ovest;Lombardia;BS;L923;1,5;8,2
Isole;Sardegna;CA;L924;3,2;4
Centro;Toscana;LU;L926;1;1
Nord Ovest;Lombardia;MI;L928;39;119,76
Nord Ovest;Lombardia;BG;L929;18;49,75
Nord Ovest;Piemonte;AL;L931;0;3
Nord Ovest;Piemonte;BI;L933;0;3
Nord Est;Veneto;PD;L934;1;30,5
Nord Ovest;Lombardia;BG;L936;14,24;55,24
Nord Est;Veneto;PD;L937;0;8,83
Nord Ovest;Lombardia;BG;L938;10;33,11
Nord Est;Veneto;RO;L939;2;29,5
Nord Ovest;Piemonte;CN;L942;11,67;16,59
Nord Ovest;Liguria;IM;L943;4;1
Isole;Sicilia;AG;L944;7;0,67
Nord Ovest;Piemonte;AT;L945;3;19
Centro;Toscana;MS;L946;27,84;45
Nord Est;Veneto;PD;L947;6,75;87,59
Nord Ovest;Piemonte;TO;L948;11;26
Nord Est;Veneto;VR;L949;89,77;349,51
Isole;Sicilia;ME;L950;10,75;19,5
Isole;Sicilia;PA;L951;3;1
Nord Est;Veneto;VI;L952;1;15
Isole;Sardegna;NU;L953;0;2
Nord Ovest;Lombardia;CO;L956;35,75;164,19
Sud;Abruzzo;AQ;L958;1;3
Isole;Sicilia;CL;L959;1;2,42
Sud;Abruzzo;CH;L961;1;1
Nord Ovest;Piemonte;AL;L963;0;4
Sud;Abruzzo;CH;L964;3;8
Sud;Campania;AV;L965;1;2
Isole;Sardegna;CA;L966;1;0
Nord Est;Veneto;RO;L967;5,7;12,02
Isole;Sardegna;CA;L968;0;2,29
Nord Est;Emilia-Romagna;RE;L969;19,65;30,93
Nord Ovest;Piemonte;AL;L970;2;2
Nord Ovest;Piemonte;AL;L972;2;19,5
Sud;Campania;AV;L973;7;10
Nord Ovest;Piemonte;CN;L974;17;48,5
Nord Ovest;Liguria;SV;L975;11;30
Nord Ovest;Lombardia;LO;L977;1;27
Nord Ovest;Piemonte;BI;L978;1;3
Nord Est;Veneto;PD;L979;2;58,1
Nord Est;Emilia-Romagna;PC;L980;1;11,5
Nord Ovest;Valle d'Aosta;AO;L981;3;1
Nord Ovest;Piemonte;TO;L982;5;9,14
Nord Ovest;Lombardia;PV;L983;1;13
Nord Ovest;Piemonte;AT;L984;6,5;45,3
Nord Est;Veneto;RO;L985;1;8,67
Isole;Sardegna;CA;L986;0;0
Isole;Sardegna;CA;L987;0;0
Nord Est;Veneto;RO;L988;2;8
Isole;Sardegna;SS;L989;4;3
Nord Ovest;Piemonte;CN;L990;0;2,5
Isole;Sardegna;OR;L991;0;0
Isole;Sardegna;NU;L992;0;0
Nord Ovest;Lombardia;PV;L994;12;56
Nord Ovest;Lombardia;BS;L995;8,01;62
Isole;Sardegna;CA;L998;1;1
Nord Ovest;Piemonte;TO;L999;11;15,5
Nord Ovest;Piemonte;TO;M002;11,67;21,67
Nord Ovest;Piemonte;VC;M003;1;2
Nord Ovest;Piemonte;TO;M004;6;18
Nord Ovest;Piemonte;TO;M007;8;23,25
Nord Ovest;Piemonte;AL;M009;1;9
Isole;Sicilia;EN;M011;7,03;11,14
Nord Ovest;Piemonte;TO;M013;4;10,5
Nord Ovest;Piemonte;TO;M014;20;34,42
Nord Ovest;Piemonte;CN;M015;0;2
Isole;Sardegna;CA;M016;0;0
Nord Ovest;Lombardia;MI;M017;72;191,49
Sud;Calabria;RC;M018;14;29
Nord Ovest;Piemonte;AT;M019;0;1
Sud;Abruzzo;AQ;M021;2;0
Sud;Abruzzo;CH;M022;1,5;2,67
Sud;Abruzzo;AQ;M023;0;2
Isole;Sardegna;CA;M025;0;9
Isole;Sardegna;CA;M026;0;7,25
Nord Ovest;Piemonte;TO;M027;23;41
Nord Ovest;Piemonte;VC;M028;2,5;8,5
Isole;Sardegna;OR;M030;1;0
Sud;Abruzzo;AQ;M031;0,33;1,5
Nord Est;Veneto;VI;M032;1,5;45,38
Sud;Abruzzo;AQ;M041;1;4
Nord Ovest;Piemonte;VB;M042;2;0
Nord Ovest;Lombardia;MN;M044;7,5;11,5
Nord Ovest;Lombardia;BG;M045;13,25;84,23
Nord Est;Veneto;TV;M048;34,17;245,25
Nord Ovest;Lombardia;BG;M050;2;8
Nord Ovest;Lombardia;MI;M052;142,04;431,88
Nord Ovest;Lombardia;MI;M053;146,67;247,45
Nord Ovest;Piemonte;CN;M055;7;4
Sud;Molise;CB;M057;11;11
Nord Ovest;Piemonte;AT;M058;1;5
Centro;Toscana;FI;M059;22,5;87,71
Nord Ovest;Piemonte;TO;M060;74,84;230,37
Nord Ovest;Piemonte;NO;M062;0;5
Nord Ovest;Piemonte;CN;M063;9,74;12,34
Nord Ovest;Lombardia;BS;M065;8;19,85
Nord Ovest;Piemonte;TO;M069;8;15,5
Nord Ovest;Lombardia;BS;M070;2;12,5
Nord Ovest;Piemonte;TO;M071;1;14
Sud;Campania;NA;M072;4,76;0
Nord Ovest;Piemonte;AL;M077;4,5;11
Centro;Marche;MC;M078;1,43;5
Nord Ovest;Lombardia;PV;M079;4;20
Nord Ovest;Piemonte;TO;M080;2;4
Isole;Sicilia;TP;M081;2;3
Centro;Lazio;VT;M082;193,25;494,77
Centro;Lazio;FR;M083;0;0
Nord Est;Friuli- Venezia Giulia;PN;M085;3;8
Centro;Lazio;VT;M086;10,5;18,5
Isole;Sicilia;RG;M088;34,95;165,71
Nord Est;Veneto;TV;M089;95,57;257,44
Sud;Abruzzo;AQ;M090;3,9;11
Nord Ovest;Lombardia;MI;M091;74,01;130,7
Sud;Campania;CE;M092;12,33;53,17
Sud;Campania;BN;M093;1,5;1
Nord Ovest;Piemonte;TO;M094;16,5;14
Centro;Lazio;RM;M095;0;0
Nord Est;Friuli- Venezia Giulia;PN;M096;1,5;5,67
Nord Ovest;Piemonte;BI;M098;5;9
Isole;Sicilia;CT;M100;11,72;10,5
Nord Ovest;Lombardia;VA;M101;0;8
Nord Ovest;Lombardia;MI;M102;10,5;46,33
Nord Est;Veneto;PD;M103;3;20,5
Nord Ovest;Lombardia;BS;M104;22,34;75,58
Nord Ovest;Liguria;GE;M105;7;1,19
Nord Ovest;Piemonte;VC;M106;1,6;0
Nord Est;Veneto;BL;M108;4;11,83
Nord Ovest;Lombardia;PV;M109;182,8;490,02
Nord Est;Emilia-Romagna;FE;M110;5;28,07
Nord Ovest;Piemonte;VB;M111;5;14
Sud;Campania;NA;M115;32,43;111
Nord Ovest;Lombardia;CR;M116;0;3
Nord Est;Veneto;TV;M118;12,55;93,94
Nord Ovest;Lombardia;PV;M119;0;4
Nord Ovest;Piemonte;AL;M120;4,5;12
Nord Ovest;Piemonte;AL;M121;0;0,22
Nord Ovest;Piemonte;TO;M122;43,53;196,78
Nord Ovest;Piemonte;AL;M123;9;5
Nord Est;Veneto;BL;M124;4;7,91
Nord Ovest;Lombardia;MN;M125;5;71,92
Centro;Toscana;PI;M126;49,41;46,59
Nord Ovest;Lombardia;CR;M127;1;0,5
Sud;Campania;AV;M130;4,31;8,69
Sud;Puglia;FG;M131;0;1
Sud;Puglia;FG;M132;9,5;9
Nord Ovest;Piemonte;TO;M133;33;83,76
Nord Ovest;Piemonte;CN;M136;0;2
Sud;Calabria;VV;M138;0;0
Isole;Sicilia;CT;M139;9,5;30,61
Sud;Calabria;CZ;M140;2;3
Centro;Lazio;RM;M141;37,17;59
Sud;Calabria;VV;M143;1;0
Nord Ovest;Lombardia;BG;M144;9,5;31
Nord Est;Veneto;VI;M145;6;57,75
Nord Ovest;Lombardia;BG;M147;36,93;156,59
Nord Ovest;Lombardia;PV;M150;4,9;8
Nord Ovest;Lombardia;PV;M152;6;30
Isole;Sardegna;OR;M153;0;1
Nord Ovest;Lombardia;CO;M156;0;4,75
Nord Ovest;Lombardia;LO;M158;22;103,5
Nord Ovest;Lombardia;PV;M161;4;10
Nord Ovest;Lombardia;PV;M162;3;3
Nord Est;Veneto;TV;M163;1;13
Nord Est;Emilia-Romagna;PC;M165;0;5,33
Nord Ovest;Lombardia;PV;M166;3,5;4,75
Nord Ovest;Lombardia;PV;M167;7;29,5
Isole;Sardegna;OR;M168;0;0
Centro;Toscana;MS;M169;14;5,5
Nord Est;Veneto;VI;M170;0,33;13
Nord Est;Veneto;TV;M171;9,21;75,34
Nord Est;Veneto;VR;M172;25,25;215,89
Nord Ovest;Lombardia;MI;M176;13,08;108,95
Nord Ovest;Liguria;SP;M177;0;1
Nord Est;Veneto;VR;M178;6;21
Nord Ovest;Piemonte;BI;M179;2;4,5
Nord Ovest;Lombardia;PV;M180;7,5;37,15
Nord Ovest;Liguria;GE;M182;18;57,72
Nord Est;Emilia-Romagna;MO;M183;29;73,33
Nord Ovest;Lombardia;BG;M184;30,33;78,5
Nord Est;Emilia-Romagna;BO;M185;70,37;278,21
Sud;Puglia;LE;M187;2,67;5
Nord Ovest;Lombardia;BS;M188;5;22,3
Nord Est;Veneto;BL;M189;0;0
Nord Est;Friuli- Venezia Giulia;PN;M190;22,42;46,84
Nord Est;Veneto;VI;M194;0;4,67
Nord Ovest;Piemonte;BI;M196;2,5;17,35
Nord Ovest;Liguria;SV;M197;5;1,93
Nord Est;Veneto;VI;M199;4,33;51,73
Nord Est;Friuli- Venezia Giulia;UD;M200;1;2
Nord Ovest;Piemonte;BI;M201;3;3
Sud;Calabria;CS;M202;2;3,22
Sud;Campania;AV;M203;3;2
Sud;Calabria;VV;M204;1;0
Centro;Lazio;RM;M207;20;86,94
Sud;Calabria;CZ;M208;57,27;71,91
Isole;Sardegna;CA;M209;5,2;3
Isole;Sicilia;ME;M210;7;10,02
Isole;Sicilia;ME;M211;12,33;15,5
Centro;Lazio;RM;M212;56,5;288,49
Centro;Lazio;RM;M213;88,09;398,01
Isole;Sardegna;SS;M214;8;42
Sud;Campania;SA;M253;5,83;3,1
Sud;Abruzzo;AQ;M255;0;0
Sud;Basilicata;MT;M256;16;19
Isole;Sicilia;SR;M257;3,66;6
Centro;Umbria;TR;M258;13;8
Isole;Sardegna;SS;M259;1;28,25
Sud;Campania;CE;M260;0;2
Sud;Puglia;LE;M261;1;2
Sud;Puglia;LE;M263;2;33,3
Sud;Puglia;LE;M264;2,33;2
Nord Est;Friuli- Venezia Giulia;PN;M265;0;2,5
Sud;Puglia;FG;M266;2;9
Isole;Sicilia;PA;M268;1,75;1
Sud;Basilicata;PZ;M269;5;5
Isole;Sardegna;CA;M270;1,83;0
Isole;Sicilia;CT;M271;1;2,67
Centro;Lazio;RM;M272;91,37;329,25
Sud;Campania;NA;M273;10,89;11,23
Isole;Sardegna;SS;M274;17;63,4
Isole;Sardegna;SS;M275;9,97;57,83
Isole;Sardegna;SS;M276;0;0
Sud;Calabria;RC;M277;2;2,84
Isole;Sardegna;CA;M278;0;0
Isole;Sicilia;SR;M279;3,67;19,64
Sud;Campania;NA;M280;13,13;12,74
Isole;Sicilia;TP;M281;12;2,5
Isole;Sardegna;SS;M282;2;9
Isole;Sicilia;CT;M283;0,67;1
Isole;Sardegna;SS;M284;0,24;19,17
Isole;Sardegna;NU;M285;0;1
Isole;Sicilia;ME;M286;7;11,5
Isole;Sicilia;CT;M287;8;6
Isole;Sardegna;CA;M288;0;6
Sud;Campania;NA;M289;7,77;4,5
Isole;Sardegna;SS;M290;3;10,9
Isole;Sardegna;CA;M291;0;0
Isole;Sardegna;SS;M292;2;1
Sud;Campania;SA;M294;16,3;36,58
Centro;Lazio;RM;M295;29,58;67,42
Centro;Lazio;RM;M297;156,18;806,81
Sud;Puglia;TA;M298;15;23,82
Nord Est;Veneto;PD;M300;6,03;89,06
Isole;Sardegna;SS;M301;0;0
Nord Ovest;Piemonte;AT;M302;4;13,5
Nord Est;Veneto;VE;M308;29,67;259,8
Centro;Lazio;RM;M309;74,06;310,52
Nord Ovest;Lombardia;BS;M312;20,59;226,22
Nord Ovest;Lombardia;CO;M315;40;43,5
Nord Ovest;Piemonte;TO;M316;45,5;112
Nord Est;Friuli- Venezia Giulia;UD;M317;2;39,5
Centro;Marche;AN;M318;18,16;65,5
Centro;Toscana;LU;M319;11;0
Nord Est;Emilia-Romagna;BO;M320;120,55;436,6
Centro;Toscana;FI;M321;95,48;203,85
Centro;Toscana;AR;M322;25,75;61,13
Nord Est;Emilia-Romagna;FE;M323;11,63;77
Nord Est;Emilia-Romagna;RN;M324;18;41,33
Nord Est;Emilia-Romagna;PR;M325;10;94,6
Centro;Toscana;FI;M326;13,31;62,94
Centro;Toscana;PI;M327;57,4;84
Centro;Toscana;PI;M328;16,67;32,92
Centro;Toscana;AR;M329;22,66;40,31
Sud;Campania;AV;M330;19,84;46,3
Centro;Marche;PS;M331;15,33;122
Nord Ovest;Lombardia;BG;M333;11,5;54,61
Nord Ovest;Lombardia;BG;M334;18,2;28,18
Nord Ovest;Lombardia;CO;M335;13,5;74,16
Nord Ovest;Lombardia;CO;M336;17,5;68,75
Nord Ovest;Lombardia;LC;M337;20;62
Nord Ovest;Lombardia;PV;M338;0,5;6,5
Nord Ovest;Lombardia;VA;M339;26,5;35,16
Nord Ovest;Lombardia;MN;M340;30,5;326,92
Nord Ovest;Lombardia;CO;M341;25,08;46,5
Nord Est;Veneto;BL;M342;10;25,8
Nord Est;Friuli- Venezia Giulia;PN;M346;6,5;19
Centro;Toscana;LU;M347;0;1,5
Nord Ovest;Lombardia;LC;M348;9,07;43,33
Nord Est;Emilia-Romagna;RE;M364;26,57;44,06
Nord Est;Emilia-Romagna;PR;M367;7;40,98
Nord Est;Emilia-Romagna;RN;M368;14;74,67
Nord Est;Emilia-Romagna;BO;M369;25;53,5
Nord Ovest;Piemonte;VB;M370;16;2
Nord Ovest;Piemonte;BI;M371;1;9,38
Nord Ovest;Lombardia;PV;M372;7;25,25
Nord Ovest;Piemonte;BI;M373;5;4,83
Nord Est;Veneto;BL;M374;24;49,84
Nord Est;Veneto;BL;M375;21,42;31,25
Centro;Toscana;PT;M376;19,68;41,33
Centro;Toscana;PT;M377;19;64,51
Centro;Toscana;SI;M378;25,5;43,67
Centro;Marche;PS;M379;8;15
Centro;Marche;PS;M380;9,89;136,04
Nord Est;Emilia-Romagna;FE;M381;16;131,1
Centro;Marche;MC;M382;2;4,5
Nord Ovest;Lombardia;CO;M383;21;54,21
Nord Est;Veneto;VI;M384;8;30
Sud;Calabria;CS;M385;12,83;4
Nord Est;Emilia-Romagna;PC;M386;13,84;26,16
Nord Ovest;Liguria;IM;M387;10,83;1
Nord Ovest;Piemonte;AL;M388;5;19
Nord Ovest;Piemonte;VC;M389;0;1,33
Centro;Toscana;LI;M391;40,09;49,85
Centro;Toscana;AR;M392;8,4;24,97
Nord Ovest;Lombardia;LO;M393;3,17;18,5
Nord Ovest;Lombardia;CO;M394;11;38,08
Nord Ovest;Lombardia;LC;M395;5;7
Nord Ovest;Lombardia;MN;M396;8;44,02
Nord Ovest;Piemonte;AL;M397;1;7,5
Nord Ovest;Piemonte;VC;M398;11,8;4,5
Nord Est;Friuli- Venezia Giulia;UD;M399;3,8;5,49
Nord Est;Veneto;VI;M401;5;38
Nord Est;Veneto;PD;M402;1;52,34
Sud;Calabria;CS;M403;123,82;112,89
Nord Ovest;Piemonte;VB;M404;4;3
Nord Ovest;Piemonte;TO;M405;9;7
Nord Ovest;Lombardia;MN;M406;0,5;15,5
Centro;Toscana;FI;M408;25,36;75,59
Nord Est;Emilia-Romagna;FE;M409;22,22;74,66
Nord Est;Emilia-Romagna;FE;M410;8;75,55
Nord Est;Emilia-Romagna;PR;M411;38,89;185,08
Nord Ovest;Lombardia;CO;M412;28,04;42,54
Centro;Marche;PS;M413;8,08;20,5
Nord Ovest;Piemonte;BI;M414;10;19,99
Nord Ovest;Piemonte;TO;M415;6;16
Nord Ovest;Piemonte;NO;M416;9,99;48,99
Nord Ovest;Piemonte;BI;M417;60,25;126,98
Nord Ovest;Lombardia;CR;M418;8;45,25
Nord Ovest;Lombardia;PV;M419;1;12
Nord Ovest;Piemonte;AL;M420;5;7,5
Nord Est;Veneto;BL;M421;34,33;92,23
Nord Est;Veneto;TV;M422;14,67;44,5
Nord Est;Veneto;VI;M423;14,67;24,58
Nord Ovest;Lombardia;MI;M424;11,25;84,85
Nord Ovest;Lombardia;VA;M425;7;33
Nord Est;Veneto;VI;M426;7;33,75
Nord Est;Veneto;VI;M427;9,5;69,14
Sud;Puglia;LE;M428;7,5;8,5
Isole;Sicilia;TP;M432;8,67;7
Nord Ovest;Lombardia;VA;M433;6,03;43,14
Nord Ovest;Piemonte;AT;M434;2;3
Nord Ovest;Lombardia;CO;M435;20,05;58,55
Nord Est;Veneto;VI;M436;11,17;68,77
Nord Est;Veneto;BL;M437;11,75;29,5
Nord Est;Veneto;PD;M438;1;11,5
