Area;Regione;Provincia;2022_CodCom;NTN_2022_Depositi_Pert;NTN_2022_Box
Nord Est;Veneto;PD;A001;12,67;316,21
Nord Ovest;Lombardia;LO;A004;0;0
Nord Ovest;Lombardia;LC;A005;10,58;28,55
Centro;Toscana;SI;A006;18,67;30,74
Isole;Sardegna;OR;A007;2;4
Sud;Abruzzo;PE;A008;4;4
Nord Ovest;Lombardia;MI;A010;146,83;488,9
Sud;Basilicata;PZ;A013;6,5;1
Isole;Sicilia;RG;A014;14,65;14,49
Sud;Puglia;FG;A015;5;12,5
Nord Ovest;Piemonte;CN;A016;1;5,17
Sud;Basilicata;MT;A017;6,5;5,5
Sud;Abruzzo;AQ;A018;0;1
Centro;Lazio;RI;A019;1,25;1
Sud;Basilicata;PZ;A020;9;3
Sud;Campania;SA;A023;3;7,71
Sud;Campania;NA;A024;47,76;188,78
Isole;Sicilia;CT;A025;3;31,5
Isole;Sicilia;CT;A026;22,17;136,55
Isole;Sicilia;CT;A027;18,5;193,36
Isole;Sicilia;CT;A028;53,84;243,27
Isole;Sicilia;CT;A029;11,28;92,67
Centro;Lazio;FR;A032;0;0
Sud;Calabria;CS;A033;1;0
Nord Ovest;Lombardia;BS;A034;0;12
Centro;Marche;PS;A035;1;10,5
Nord Ovest;Lombardia;MN;A038;4;9,58
Nord Ovest;Lombardia;CR;A039;0;15,76
Centro;Lazio;VT;A040;22;23,22
Sud;Calabria;CS;A041;2;5,5
Sud;Calabria;VV;A043;2;0
Centro;Marche;AP;A044;24;5
Centro;Umbria;TR;A045;15;25,33
Centro;Marche;AP;A047;6;19,5
Sud;Puglia;BA;A048;40,08;90,45
Isole;Sicilia;CL;A049;0;0
Sud;Molise;CB;A050;0;3,5
Sud;Molise;IS;A051;1;0
Nord Ovest;Piemonte;AL;A052;73,38;155
Sud;Calabria;CS;A053;14,97;3,5
Centro;Lazio;FR;A054;4;0
Sud;Puglia;BA;A055;30,86;108,94
Isole;Sicilia;CT;A056;39,72;104,67
Nord Ovest;Lombardia;BG;A057;2;18,84
Nord Ovest;Lombardia;BG;A058;2;12
Nord Est;Veneto;RO;A059;16,51;135,41
Nord Ovest;Lombardia;BS;A060;10,5;69,32
Nord Est;Veneto;VR;A061;5;41,18
Centro;Lazio;RM;A062;4;4
Sud;Campania;NA;A064;43,55;99,47
Sud;Calabria;RC;A065;0;0
Nord Est;Emilia-Romagna;PC;A067;1;19,16
Sud;Campania;NA;A068;16,58;13,7
Isole;Sardegna;SS;A069;4;1
Isole;Sicilia;EN;A070;14,74;29,25
Centro;Toscana;PT;A071;24,44;103,94
Nord Ovest;Piemonte;AT;A072;6;4
Nord Ovest;Piemonte;TO;A074;4;21
Nord Est;Veneto;PD;A075;3;19,39
Nord Ovest;Lombardia;CR;A076;3;52,3
Sud;Calabria;RC;A077;0;0
Sud;Molise;IS;A080;0,5;19
Centro;Lazio;FR;A081;3;0
Nord Ovest;Lombardia;BS;A082;7;4,17
Nord Est;Veneto;BL;A083;21,59;42,43
Centro;Lazio;RM;A084;10,5;7
Nord Ovest;Lombardia;VA;A085;0,03;6,8
Nord Ovest;Lombardia;MI;A087;99,61;313,72
Nord Ovest;Piemonte;NO;A088;3;28
Isole;Sicilia;AG;A089;73,04;62,58
Sud;Campania;SA;A091;32,61;135,97
Centro;Marche;AN;A092;17;34,42
Nord Est;Veneto;VI;A093;4,5;6,5
Nord Ovest;Valle d'Aosta;AO;A094;46,86;83,1
Nord Ovest;Lombardia;MI;A096;6;25,25
Isole;Sardegna;OR;A097;0;0
Isole;Sicilia;EN;A098;4;4,17
Sud;Abruzzo;AQ;A100;2;1
Sud;Campania;AV;A101;6;13,33
Sud;Calabria;CS;A102;0;0
Sud;Calabria;CS;A105;0;1
Sud;Campania;CE;A106;0,25;0
Nord Ovest;Piemonte;BI;A107;3;1
Nord Ovest;Valle d'Aosta;AO;A108;9;8
Nord Ovest;Piemonte;TO;A109;20,5;39,86
Sud;Campania;BN;A110;8,33;14
Nord Ovest;Liguria;IM;A111;6;0
Nord Ovest;Lombardia;LC;A112;5,5;36
Nord Ovest;Piemonte;CN;A113;1;1
Isole;Sardegna;SS;A115;1;0
Nord Ovest;Piemonte;TO;A117;3;15
Nord Ovest;Lombardia;PV;A118;0;7
Nord Ovest;Piemonte;VC;A119;6,11;18
Sud;Abruzzo;PE;A120;2,5;9,44
Nord Est;Veneto;BL;A121;1,5;16,5
Nord Ovest;Liguria;SV;A122;123,24;260,99
Centro;Lazio;FR;A123;11,25;14
Nord Ovest;Piemonte;CN;A124;144,23;423,49
Sud;Abruzzo;TE;A125;97,5;334,86
Isole;Sardegna;OR;A126;0;0
Nord Ovest;Lombardia;MI;A127;8,61;46,5
Sud;Campania;SA;A128;6,11;4
Nord Ovest;Lombardia;BG;A129;26,5;144,76
Nord Ovest;Piemonte;VC;A130;0;0
Sud;Basilicata;PZ;A131;4;1
Centro;Lazio;RM;A132;72,85;321,95
Nord Ovest;Lombardia;PV;A134;0;4
Nord Ovest;Lombardia;SO;A135;3,75;0
Nord Est;Veneto;VR;A137;5,67;47,3
Nord Est;Emilia-Romagna;PR;A138;6;20,33
Nord Ovest;Piemonte;CN;A139;1;0
Nord Ovest;Lombardia;CO;A143;22,29;72,4
Nord Ovest;Liguria;SV;A145;129,22;241,33
Nord Ovest;Piemonte;AL;A146;1;2
Sud;Puglia;BA;A149;22,67;32,17
Sud;Puglia;FG;A150;1;2
Nord Ovest;Lombardia;CO;A153;20;39,84
Nord Est;Veneto;VI;A154;0;9
Sud;Calabria;CZ;A155;2;0
Nord Ovest;Piemonte;TO;A157;2;13
Nord Ovest;Lombardia;MI;A159;31;103,49
Sud;Calabria;CS;A160;1;1
Nord Est;Veneto;PD;A161;14,2;469,95
Nord Est;Emilia-Romagna;RE;A162;21,49;93,27
Nord Ovest;Lombardia;BG;A163;50;241,4
Nord Ovest;Lombardia;CO;A164;17,99;46,99
Nord Ovest;Liguria;SV;A165;22;67,54
Nord Ovest;Liguria;SV;A166;69;76,83
Nord Ovest;Lombardia;VA;A167;9,5;35
Nord Ovest;Lombardia;PV;A171;0,5;2
Nord Ovest;Lombardia;SO;A172;25,5;5,83
Nord Ovest;Piemonte;AT;A173;1;3
Nord Ovest;Lombardia;PV;A175;4;54
Isole;Sicilia;TP;A176;39,9;109,45
Isole;Sicilia;ME;A177;2;1
Isole;Sardegna;OR;A180;1;1
Isole;Sicilia;AG;A181;11,5;3
Nord Ovest;Piemonte;AL;A182;332,68;781,97
Sud;Calabria;CS;A183;2;0
Sud;Puglia;LE;A184;3,8;9,13
Sud;Puglia;LE;A185;8,5;27
Sud;Campania;SA;A186;1;0
Sud;Abruzzo;AQ;A187;14;6
Nord Ovest;Lombardia;BS;A188;2;10
Nord Ovest;Piemonte;AL;A189;1;5,33
Nord Est;Emilia-Romagna;RA;A191;17;113,14
Isole;Sardegna;SS;A192;105,88;449,01
Nord Ovest;Lombardia;BG;A193;2;2,5
Isole;Sicilia;ME;A194;0;1
Isole;Sicilia;PA;A195;9;1
Sud;Basilicata;MT;A196;3;2
Nord Ovest;Piemonte;AL;A197;4;2,5
Nord Ovest;Piemonte;VC;A198;3,5;20,5
Sud;Campania;CE;A200;1;0
Isole;Sicilia;ME;A201;6,5;7,5
Isole;Sicilia;PA;A202;2,67;2,5
Isole;Sicilia;PA;A203;0;0
Isole;Sardegna;OR;A204;0;1
Nord Ovest;Valle d'Aosta;AO;A205;1;0
Nord Est;Veneto;BL;A206;7;34
Centro;Umbria;TR;A207;5;4
Sud;Puglia;LE;A208;4;10,25
Centro;Lazio;RM;A210;12;7
Nord Ovest;Lombardia;BG;A214;10,03;57,25
Nord Ovest;Lombardia;BG;A215;22,21;53,6
Nord Ovest;Lombardia;BG;A216;19;83,51
Nord Ovest;Lombardia;BG;A217;15,17;47,99
Nord Ovest;Piemonte;TO;A218;13,66;52,5
Nord Est;Veneto;VI;A220;1;13
Nord Ovest;Piemonte;TO;A221;1;1
Nord Ovest;Piemonte;TO;A222;71,27;208,43
Nord Est;Emilia-Romagna;PC;A223;5,84;46,89
Nord Ovest;Lombardia;CO;A224;2;45
Sud;Puglia;BA;A225;217,24;714,43
Nord Ovest;Liguria;SV;A226;15;2,5
Nord Ovest;Piemonte;AL;A227;0;3
Sud;Campania;AV;A228;6,4;4,33
Isole;Sicilia;PA;A229;6,03;10
Sud;Campania;SA;A230;10;13,25
Nord Est;Veneto;VI;A231;13;230,18
Centro;Marche;AP;A233;3;47,5
Sud;Calabria;CS;A234;1;0
Sud;Abruzzo;CH;A235;7,67;14
Nord Est;Veneto;VI;A236;2;9,3
Nord Est;Veneto;TV;A237;8;46,5
Nord Ovest;Piemonte;CN;A238;0;2
Isole;Sicilia;PA;A239;11;6,13
Sud;Calabria;CS;A240;3,5;7
Centro;Toscana;LU;A241;23,5;183,17
Centro;Umbria;TR;A242;3,5;4,5
Sud;Campania;CE;A243;2;4
Centro;Lazio;FR;A244;6;4
Nord Ovest;Piemonte;AL;A245;0;0,5
Nord Ovest;Lombardia;BG;A246;44,6;177,52
Nord Ovest;Lombardia;CO;A249;12,5;50,33
Sud;Campania;SA;A251;5;4,5
Centro;Marche;AP;A252;13;15,55
Sud;Calabria;CS;A253;11;43,73
Nord Est;Friuli- Venezia Giulia;UD;A254;3;4,67
Sud;Calabria;CZ;A255;1;0
Centro;Lazio;FR;A256;2;1
Sud;Calabria;CZ;A257;1,8;1
Centro;Lazio;RI;A258;4,83;13
Nord Ovest;Lombardia;BG;A259;3,17;41,66
Nord Ovest;Liguria;SP;A261;19,48;35,5
Centro;Umbria;TR;A262;36,82;63,5
Sud;Calabria;CS;A263;10;7
Nord Ovest;Piemonte;NO;A264;2;10
Sud;Campania;BN;A265;2,5;0
Nord Est;Friuli- Venezia Giulia;UD;A267;0;0
Sud;Campania;NA;A268;15,5;4,5
Centro;Lazio;FR;A269;27,63;29,83
Sud;Abruzzo;TE;A270;1;16
Centro;Marche;AN;A271;316,86;645,88
Sud;Calabria;CZ;A272;0;1
Nord Ovest;Lombardia;SO;A273;3;0
Nord Ovest;Piemonte;TO;A275;2,5;8,67
Nord Ovest;Liguria;SV;A278;99,89;249,83
Nord Ovest;Piemonte;BI;A280;12,5;24,61
Sud;Puglia;LE;A281;3,88;5,5
Nord Ovest;Piemonte;TO;A282;9;6
Nord Est;Friuli- Venezia Giulia;PN;A283;0;2
Sud;Campania;AV;A284;6;5
Sud;Puglia;BA;A285;221,54;483,66
Isole;Sardegna;SS;A287;0,5;0
Nord Ovest;Lombardia;BS;A288;1,33;28,86
Nord Ovest;Lombardia;VA;A290;12,01;66,37
Centro;Toscana;AR;A291;16,5;26,01
Nord Est;Veneto;VR;A292;2,5;45
Nord Ovest;Lombardia;BS;A293;9;22
Sud;Campania;SA;A294;32,13;222,14
Nord Ovest;Piemonte;TO;A295;6;10
Nord Est;Veneto;PD;A296;4;26,38
Centro;Lazio;RM;A297;21,65;90,58
Nord Ovest;Lombardia;CR;A299;3;16,98
Nord Ovest;Piemonte;AT;A300;6,67;12
Nord Ovest;Lombardia;LC;A301;5,25;18,9
Nord Est;Veneto;VE;A302;7;27
Sud;Calabria;RC;A303;3;0
Nord Ovest;Lombardia;BG;A304;4;27,44
Nord Ovest;Valle d'Aosta;AO;A305;18,07;13,16
Nord Ovest;Valle d'Aosta;AO;A308;3,66;9
Centro;Lazio;RM;A309;2;0
Centro;Lazio;FR;A310;11,52;19,17
Nord Ovest;Piemonte;AT;A312;5;6
Isole;Sicilia;ME;A313;0;1
Sud;Calabria;RC;A314;0;0
Centro;Lazio;RI;A315;12,66;4,33
Nord Ovest;Piemonte;VB;A317;10,55;2,69
Sud;Abruzzo;AQ;A318;4,67;2
Nord Ovest;Lombardia;CO;A319;1;16,5
Sud;Puglia;FG;A320;0;4
Sud;Basilicata;PZ;A321;22,5;1
Centro;Lazio;RM;A323;125,34;483,88
Nord Est;Emilia-Romagna;BO;A324;55,38;191,17
Nord Ovest;Piemonte;VB;A325;1;1
Nord Ovest;Valle d'Aosta;AO;A326;163,16;410,38
Centro;Marche;PS;A327;5,86;2,78
Sud;Campania;BN;A328;5;5,5
Centro;Marche;MC;A329;6;4
Sud;Campania;BN;A330;2;0
Nord Ovest;Lombardia;CO;A333;16,87;106,56
Centro;Marche;MC;A334;1;23,5
Centro;Marche;AP;A335;5,33;4,17
Nord Ovest;Lombardia;SO;A337;61,83;112,83
Nord Ovest;Liguria;IM;A338;24;2
Sud;Puglia;FG;A339;10,07;35,99
Sud;Calabria;CS;A340;7;4
Centro;Lazio;LT;A341;110,67;458,71
Sud;Campania;SA;A343;4;1,5
Nord Ovest;Liguria;IM;A344;0;0
Sud;Abruzzo;AQ;A345;209,77;460,01
Sud;Campania;AV;A347;0;2
Centro;Lazio;FR;A348;1,75;7,72
Sud;Puglia;LE;A350;7;12
Isole;Sicilia;AG;A351;12;3
Nord Ovest;Piemonte;AT;A352;3;7,67
Nord Est;Friuli- Venezia Giulia;PN;A354;4;7,5
Isole;Sardegna;NU;A355;17;96,14
Isole;Sardegna;OR;A357;1;3,67
Nord Ovest;Piemonte;VC;A358;2;9
Isole;Sardegna;CA;A359;4,03;25,74
Nord Est;Veneto;TV;A360;4;48,5
Centro;Lazio;FR;A363;5,5;8,5
Nord Ovest;Lombardia;BG;A365;18,2;109,25
Centro;Marche;AN;A366;15;19,33
Sud;Abruzzo;CH;A367;0;4
Isole;Sardegna;OR;A368;0;1
Centro;Toscana;GR;A369;19;26
Centro;Lazio;RM;A370;2;13,84
Nord Ovest;Lombardia;VA;A371;27,5;73
Nord Ovest;Liguria;SP;A373;43,5;37
Nord Est;Veneto;VR;A374;3;56,97
Nord Ovest;Lombardia;MI;A375;16;83,83
Nord Ovest;Lombardia;MI;A376;146,8;272,92
Nord Est;Veneto;VI;A377;6,33;51,57
Isole;Sardegna;SS;A379;0;0
Isole;Sardegna;OR;A380;1;0
Nord Ovest;Lombardia;SO;A382;15,5;16
Nord Ovest;Lombardia;BG;A383;10,83;36,49
Sud;Calabria;RC;A385;9,67;5,67
Sud;Calabria;VV;A386;0;0
Nord Ovest;Lombardia;PV;A387;9;9
Nord Ovest;Liguria;GE;A388;48,06;204,35
Nord Ovest;Lombardia;MI;A389;83,7;302,79
Centro;Toscana;AR;A390;331,48;825,16
Nord Ovest;Lombardia;CO;A391;10,04;24,42
Nord Est;Emilia-Romagna;BO;A392;28,98;156,92
Nord Est;Emilia-Romagna;FE;A393;26,17;177,88
Nord Ovest;Piemonte;CN;A394;1;11,5
Nord Ovest;Piemonte;CN;A396;0;1
Sud;Calabria;CZ;A397;1;0
Sud;Abruzzo;CH;A398;2;4
Sud;Campania;AV;A399;22,13;34,67
Nord Est;Veneto;RO;A400;4;15,67
Centro;Lazio;RM;A401;27,17;101,67
Sud;Abruzzo;CH;A402;3,22;1
Sud;Campania;CE;A403;5;2
Nord Ovest;Piemonte;TO;A405;0;4
Isole;Sardegna;NU;A407;2;0,96
Nord Ovest;Piemonte;VB;A409;8;26,2
Centro;Lazio;VT;A412;1;0
Nord Ovest;Lombardia;MI;A413;35,34;179,67
Nord Ovest;Piemonte;NO;A414;8;9
Sud;Basilicata;PZ;A415;3;1
Nord Ovest;Liguria;IM;A418;0;0
Isole;Sardegna;CA;A419;0,78;0
Centro;Lazio;FR;A421;3;0
Nord Ovest;Liguria;SV;A422;1;1,5
Nord Ovest;Valle d'Aosta;AO;A424;1;2
Sud;Puglia;LE;A425;0,67;11
Nord Ovest;Piemonte;VB;A427;0;0
Nord Ovest;Piemonte;NO;A429;66,69;233,92
Nord Ovest;Lombardia;CO;A430;19;58,54
Sud;Campania;BN;A431;1;1
Sud;Campania;BN;A432;3;0
Centro;Lazio;FR;A433;11;7,83
Nord Est;Veneto;PD;A434;4;18,5
Nord Est;Veneto;RO;A435;3;20,83
Nord Ovest;Piemonte;AL;A436;41,22;79,88
Centro;Marche;AP;A437;15,25;2
Nord Est;Veneto;PD;A438;1;13,75
Centro;Umbria;TR;A439;11,03;11,67
Nord Ovest;Lombardia;BG;A440;2;38,5
Nord Ovest;Lombardia;VA;A441;6;46,83
Nord Est;Veneto;BL;A443;6,84;17,13
Nord Est;Veneto;VI;A444;12,5;20,03
Sud;Abruzzo;TE;A445;1;1
Centro;Lazio;RM;A446;3;5
Nord Est;Friuli- Venezia Giulia;UD;A447;3;16,87
Nord Est;Friuli- Venezia Giulia;UD;A448;8;21
Centro;Lazio;RM;A449;20;43,33
Nord Ovest;Lombardia;BS;A451;13,1;55
Nord Ovest;Valle d'Aosta;AO;A452;9;2
Isole;Sardegna;SS;A453;54,36;181,1
Isole;Sardegna;NU;A454;1;0
Sud;Campania;NA;A455;6,5;51,17
Nord Est;Veneto;PD;A458;0,97;55,88
Nord Est;Veneto;VI;A459;47,15;281,12
Sud;Campania;SA;A460;17,44;31,2
Centro;Toscana;SI;A461;22,67;62,78
Centro;Marche;AP;A462;179,37;222,24
Sud;Puglia;FG;A463;12,33;16,5
Centro;Lazio;RI;A464;2;3
Nord Est;Veneto;VI;A465;30,55;153,08
Nord Ovest;Piemonte;VC;A466;6;12
Nord Est;Veneto;VI;A467;0;3,5
Centro;Toscana;SI;A468;21,64;95,49
Nord Ovest;Lombardia;MN;A470;10;102,99
Nord Est;Veneto;TV;A471;13,33;99,29
Centro;Lazio;RI;A472;5;8,33
Nord Ovest;Lombardia;MI;A473;56,17;228,58
Isole;Sardegna;CA;A474;13,53;120,86
Centro;Umbria;PG;A475;62,22;178,78
Nord Ovest;Lombardia;CO;A476;8,75;28,25
Isole;Sardegna;OR;A477;0;0
Isole;Sicilia;EN;A478;9,69;10,38
Nord Ovest;Piemonte;AT;A479;347,59;688,49
Isole;Sardegna;OR;A480;1;0
Sud;Abruzzo;AQ;A481;5;2
Sud;Basilicata;PZ;A482;4;12
Sud;Campania;SA;A484;0;2,67
Sud;Abruzzo;CH;A485;7;21
Centro;Lazio;FR;A486;4;2
Sud;Campania;SA;A487;0;0
Sud;Abruzzo;TE;A488;17;21,99
Sud;Campania;AV;A489;12,11;49,92
Centro;Umbria;TR;A490;1;7,34
Nord Est;Friuli- Venezia Giulia;UD;A491;4,5;12,67
Isole;Sardegna;NU;A492;0;0
Isole;Sicilia;SR;A494;15,17;119,86
Sud;Campania;SA;A495;4;1
Centro;Toscana;MS;A496;32,33;71,58
Nord Ovest;Piemonte;VB;A497;5;5,83
Nord Ovest;Liguria;IM;A499;1;1
Nord Est;Veneto;BL;A501;25,28;68,09
Centro;Lazio;FR;A502;1;0
Isole;Sardegna;NU;A503;0;0
Nord Ovest;Liguria;GE;A506;9,4;23,83
Sud;Campania;AV;A508;7,72;3
Sud;Campania;AV;A509;66,19;263,59
Nord Ovest;Lombardia;BG;A511;1,5;2
Sud;Campania;CE;A512;55,21;222,47
Sud;Puglia;TA;A514;5,5;6,34
Sud;Abruzzo;AQ;A515;77,93;277,79
Nord Est;Friuli- Venezia Giulia;PN;A516;37,5;149,66
Nord Ovest;Lombardia;BG;A517;1,33;82
Nord Ovest;Piemonte;TO;A518;28;125,66
Sud;Basilicata;PZ;A519;17,33;9,5
Nord Ovest;Valle d'Aosta;AO;A521;1;0
Isole;Sicilia;SR;A522;21,37;71,5
Nord Ovest;Piemonte;AL;A523;0;1
Nord Ovest;Piemonte;TO;A525;3;10
Nord Ovest;Lombardia;CR;A526;0;5
Nord Ovest;Piemonte;AT;A527;0;0
Nord Ovest;Lombardia;BG;A528;32,92;152,44
Nord Ovest;Lombardia;BS;A529;7;57,5
Nord Est;Friuli- Venezia Giulia;PN;A530;40,12;147,7
Nord Ovest;Lombardia;VA;A531;14;71,33
Nord Ovest;Lombardia;VA;A532;1;4
Nord Ovest;Lombardia;BG;A533;0,5;2
Nord Ovest;Piemonte;VB;A534;3,38;3
Sud;Campania;NA;A535;23,04;20,67
Nord Ovest;Liguria;IM;A536;11,5;1,5
Nord Ovest;Lombardia;PV;A538;1;6
Nord Est;Veneto;RO;A539;9,52;77
Nord Est;Veneto;VR;A540;9,17;17,42
Centro;Toscana;AR;A541;0;0,67
Sud;Calabria;CZ;A542;7;8
Sud;Calabria;RC;A544;0,75;0
Isole;Sicilia;PA;A546;29,63;72
Nord Est;Emilia-Romagna;RA;A547;27;117,78
Nord Ovest;Lombardia;PV;A550;1;4
Nord Est;Emilia-Romagna;RA;A551;3;23
Sud;Calabria;RC;A552;2;4
Nord Est;Friuli- Venezia Giulia;UD;A553;4;22,17
Nord Ovest;Piemonte;CN;A555;5,05;3
Nord Ovest;Lombardia;BG;A557;12,22;77,44
Centro;Toscana;LU;A560;17;17
Centro;Toscana;PT;A561;51,64;209,66
Centro;Toscana;PI;A562;63,41;201,06
Centro;Toscana;FI;A564;51,49;186,72
Nord Est;Emilia-Romagna;FO;A565;9,44;35,5
Sud;Campania;AV;A566;2,17;21,67
Sud;Molise;IS;A567;2;2,33
Nord Est;Veneto;PD;A568;1;18
Nord Ovest;Lombardia;BS;A569;12,67;104,5
Nord Ovest;Lombardia;CR;A570;4;62,5
Nord Ovest;Piemonte;CN;A571;27,44;84,04
Sud;Puglia;LE;A572;3;2
Nord Est;Emilia-Romagna;RE;A573;19,33;111,45
Nord Est;Veneto;RO;A574;0;9,5
Nord Ovest;Lombardia;MN;A575;3;85,54
Centro;Toscana;MS;A576;15,33;8
Centro;Lazio;VT;A577;5,6;11,5
Nord Ovest;Lombardia;BS;A578;12,67;14
Sud;Campania;CE;A579;3;2
Sud;Campania;AV;A580;4,33;3
Nord Ovest;Liguria;IM;A581;15;3
Nord Ovest;Piemonte;TO;A584;3;3
Nord Est;Emilia-Romagna;RE;A586;11,33;20
Nord Ovest;Piemonte;TO;A587;11;28,17
Nord Ovest;Piemonte;AT;A588;0;8
Nord Ovest;Piemonte;CN;A589;3;10,5
Nord Ovest;Piemonte;TO;A590;3;2
Nord Ovest;Piemonte;TO;A591;3;27
Isole;Sicilia;PA;A592;5;9
Nord Ovest;Liguria;SV;A593;3;0
Nord Ovest;Lombardia;LC;A594;11;45,92
Isole;Sardegna;CA;A597;0;0
Nord Ovest;Piemonte;TO;A599;3;0
Nord Ovest;Piemonte;VC;A600;0;2
Nord Ovest;Piemonte;VC;A601;0;0
Sud;Abruzzo;AQ;A603;0,5;5,5
Sud;Basilicata;PZ;A604;2;2
Nord Ovest;Piemonte;AL;A605;6,5;14
Isole;Sardegna;SS;A606;2;1
Nord Ovest;Piemonte;TO;A607;7;50
Isole;Sardegna;OR;A609;1;0
Nord Ovest;Piemonte;VB;A610;1;2
Sud;Basilicata;PZ;A612;0;1
Nord Est;Veneto;PD;A613;2,5;12,16
Isole;Sardegna;OR;A614;0;1
Sud;Basilicata;PZ;A615;3;1
Sud;Molise;CB;A616;3;6,5
Sud;Campania;NA;A617;5,5;1
Nord Ovest;Lombardia;MI;A618;23,61;58,41
Nord Ovest;Lombardia;VA;A619;5,8;30,5
Isole;Sardegna;OR;A621;1;0
Nord Ovest;Piemonte;TO;A625;3;16,39
Centro;Marche;AN;A626;0;3
Centro;Lazio;VT;A628;4,33;3
Nord Ovest;Piemonte;CN;A629;4;4
Nord Ovest;Lombardia;BS;A630;4,5;16,33
Nord Ovest;Lombardia;BG;A631;1;4,5
Centro;Toscana;FI;A632;29,03;82,74
Nord Ovest;Lombardia;PV;A634;3;1
Nord Est;Veneto;PD;A637;0;1
Isole;Sicilia;ME;A638;22,39;28,33
Nord Est;Friuli- Venezia Giulia;PN;A640;3;2
Nord Ovest;Valle d'Aosta;AO;A643;2;0
Nord Ovest;Lombardia;VA;A645;6,24;21,13
Nord Est;Emilia-Romagna;PR;A646;8,57;14
Nord Ovest;Liguria;SV;A647;10;1,33
Nord Est;Veneto;VR;A650;21,89;122,39
Nord Ovest;Piemonte;TO;A651;44,33;162,54
Nord Ovest;Lombardia;MI;A652;44,65;196,66
Nord Ovest;Piemonte;NO;A653;1;0
Isole;Sardegna;OR;A655;0;0
Sud;Abruzzo;AQ;A656;1;0
Centro;Toscana;LU;A657;25;28
Nord Ovest;Liguria;GE;A658;13,25;6
Nord Ovest;Piemonte;CN;A660;19;45,5
Nord Ovest;Lombardia;BS;A661;2;1
Sud;Puglia;BA;A662;855,4;2886,24
Isole;Sardegna;NU;A663;2,3;20
Nord Ovest;Lombardia;BG;A664;2,67;28,05
Nord Est;Emilia-Romagna;BO;A665;14;106,19
Sud;Basilicata;PZ;A666;4,67;14
Sud;Abruzzo;AQ;A667;1,82;8,82
Nord Ovest;Lombardia;MI;A668;20,5;90,49
Sud;Puglia;BA;A669;130,47;415,06
Nord Ovest;Lombardia;CO;A670;0;7
Nord Ovest;Piemonte;CN;A671;0;3
Nord Ovest;Piemonte;TO;A673;5;5
Sud;Campania;SA;A674;18,65;165,32
Isole;Sicilia;EN;A676;3;24,96
Isole;Sardegna;CA;A677;0;0
Sud;Abruzzo;AQ;A678;2;6
Isole;Sardegna;CA;A681;1;0
Nord Ovest;Lombardia;LC;A683;4;22
Nord Ovest;Lombardia;BG;A684;2,5;16,5
Nord Ovest;Lombardia;LC;A686;13,25;60,43
Nord Ovest;Lombardia;LC;A687;9,4;52,14
Nord Ovest;Piemonte;AL;A689;8;19
Nord Ovest;Lombardia;PV;A690;0;9
Centro;Umbria;TR;A691;11;12
Sud;Abruzzo;TE;A692;2;0
Sud;Campania;BN;A696;1;2
Nord Ovest;Lombardia;MI;A697;14,67;68,57
Isole;Sicilia;ME;A698;1;0
Nord Ovest;Lombardia;MI;A699;115;833,33
Nord Est;Friuli- Venezia Giulia;UD;A700;7;28,89
Centro;Lazio;VT;A701;18;8
Nord Ovest;Lombardia;BS;A702;2;31
Nord Est;Veneto;VI;A703;114,32;547,63
Centro;Lazio;VT;A704;16,33;15
Nord Ovest;Lombardia;VA;A705;2;0
Centro;Lazio;VT;A706;8;4
Centro;Lazio;LT;A707;2;4
Nord Ovest;Piemonte;AL;A708;5,5;14,5
Nord Ovest;Piemonte;CN;A709;0,5;4
Centro;Umbria;PG;A710;46,33;239
Nord Ovest;Lombardia;PV;A712;2;8,67
Nord Est;Emilia-Romagna;MO;A713;3;67,55
Nord Est;Veneto;PD;A714;7,5;51,45
Nord Ovest;Piemonte;CN;A716;3;1
Sud;Campania;SA;A717;46,63;201,86
Nord Ovest;Lombardia;PV;A718;1;14
Isole;Sicilia;PA;A719;1;3
Centro;Lazio;FR;A720;7,7;5,83
Isole;Sardegna;OR;A721;1;2
Isole;Sardegna;NU;A722;2;3
Nord Ovest;Piemonte;VB;A725;19;120,83
Nord Ovest;Lombardia;VA;A728;3;3,77
Nord Ovest;Lombardia;BS;A729;9;126,37
Nord Est;Emilia-Romagna;PR;A731;9;19,83
Nord Ovest;Lombardia;BG;A732;0;2
Nord Ovest;Piemonte;VB;A733;4;13
Nord Ovest;Piemonte;TO;A734;75,83;183
Nord Ovest;Piemonte;CN;A735;18,34;33,17
Sud;Calabria;CZ;A736;5;1
Nord Est;Veneto;VR;A737;11,8;51,74
Nord Ovest;Piemonte;AL;A738;1;3
Centro;Marche;MC;A739;0;6
Centro;Marche;PS;A740;0;3
Nord Ovest;Lombardia;PV;A741;23,09;75
Nord Ovest;Piemonte;VB;A742;3,82;18
Sud;Basilicata;PZ;A743;8;5
Nord Ovest;Lombardia;LC;A745;27,02;64,81
Sud;Abruzzo;TE;A746;5;28
Nord Est;Emilia-Romagna;RN;A747;38,26;248,85
Centro;Lazio;RM;A749;7,5;3
Nord Ovest;Piemonte;CN;A750;0,5;0
Nord Ovest;Lombardia;MI;A751;4;46,8
Nord Ovest;Piemonte;NO;A752;11,16;69,14
Sud;Campania;CE;A755;8;23
Sud;Campania;SA;A756;1;0
Nord Est;Veneto;BL;A757;113,81;359,68
Nord Ovest;Lombardia;MI;A759;41,5;108,24
Centro;Marche;AP;A760;0;0
Sud;Molise;IS;A761;1;0
Sud;Calabria;CS;A762;5;3,5
Centro;Lazio;FR;A763;0;0
Isole;Sicilia;PA;A764;5,5;1
Centro;Lazio;RI;A765;1;2
Isole;Sicilia;CT;A766;29,41;135,5
Sud;Calabria;CS;A768;4;1
Centro;Marche;AN;A769;4;12,25
Nord Ovest;Piemonte;AT;A770;0;3
Nord Est;Emilia-Romagna;BO;A771;9,84;33,66
Sud;Calabria;KR;A772;0;0
Sud;Calabria;CS;A773;13,91;55,9
Nord Ovest;Piemonte;CN;A774;0;5
Isole;Sardegna;NU;A776;0;0
Nord Ovest;Lombardia;SO;A777;3;0
Nord Ovest;Lombardia;CO;A778;1;3
Nord Ovest;Piemonte;CN;A779;9;27
Sud;Calabria;RC;A780;2,66;0
Isole;Sardegna;SS;A781;2;1,42
Nord Ovest;Piemonte;CN;A782;0;1,34
Sud;Campania;BN;A783;127,3;180,62
Nord Ovest;Piemonte;BI;A784;1;10,5
Nord Est;Emilia-Romagna;BO;A785;24,5;90,33
Nord Ovest;Lombardia;BG;A786;4,67;15,68
Nord Ovest;Lombardia;SO;A787;21,75;10,5
Nord Est;Emilia-Romagna;PR;A788;5,68;24,67
Isole;Sardegna;SS;A789;7;3
Nord Ovest;Lombardia;CO;A791;4;17,33
Nord Ovest;Lombardia;PV;A792;3;23,67
Nord Ovest;Piemonte;AL;A793;1;2
Nord Ovest;Lombardia;BG;A794;556,66;1943,46
Nord Est;Veneto;RO;A795;2;27,33
Nord Ovest;Liguria;SV;A796;20,05;44,05
Nord Ovest;Piemonte;CN;A798;1;1
Nord Ovest;Lombardia;BS;A799;1;33,47
Sud;Basilicata;MT;A801;16,5;39,5
Nord Ovest;Lombardia;MI;A802;49,75;191,8
Nord Ovest;Lombardia;MI;A804;7,01;19,84
Nord Ovest;Piemonte;CN;A805;11;36
Nord Est;Emilia-Romagna;FO;A809;15;98,42
Nord Est;Friuli- Venezia Giulia;UD;A810;4;13
Nord Ovest;Lombardia;LO;A811;1;8
Nord Ovest;Piemonte;AT;A812;1;3
Nord Ovest;Piemonte;AL;A813;1;1
Nord Ovest;Lombardia;BG;A815;0;2
Nord Ovest;Lombardia;BS;A816;2,5;4
Nord Ovest;Lombardia;BS;A817;5,5;12,87
Nord Ovest;Lombardia;MI;A818;63;207,15
Nord Ovest;Lombardia;VA;A819;6;24,67
Nord Ovest;Lombardia;MI;A820;11,13;26
Nord Est;Emilia-Romagna;PC;A823;2;8,07
Nord Ovest;Lombardia;VA;A825;8;55,5
Nord Ovest;Lombardia;VA;A826;17,51;80,34
Isole;Sardegna;SS;A827;0;2
Nord Est;Emilia-Romagna;PC;A831;10;27,5
Centro;Umbria;PG;A832;12;16,5
Nord Ovest;Piemonte;VB;A834;8;3,67
Centro;Umbria;PG;A835;9,5;30,4
Nord Ovest;Liguria;SP;A836;9,33;10
Nord Est;Veneto;VR;A837;2,5;17
Isole;Sicilia;CT;A841;22,58;39,08
Sud;Calabria;CS;A842;0;0
Sud;Calabria;RC;A843;0;1,83
Nord Ovest;Piemonte;NO;A844;7,83;35,83
Nord Ovest;Lombardia;VA;A845;6,38;30,5
Nord Ovest;Lombardia;BG;A846;2;24,75
Nord Ovest;Piemonte;VC;A847;2,5;23,17
Nord Ovest;Lombardia;SO;A848;15,83;12
Nord Ovest;Lombardia;MI;A849;42,31;165,73
Nord Est;Emilia-Romagna;RE;A850;13,55;121,11
Centro;Toscana;AR;A851;14,91;74,95
Centro;Toscana;LI;A852;16,58;23,67
Nord Ovest;Piemonte;TO;A853;13,66;33,33
Sud;Puglia;FG;A854;7,93;9
Nord Est;Friuli- Venezia Giulia;UD;A855;1;15
Isole;Sardegna;OR;A856;0;0
Centro;Lazio;VT;A857;13,39;9,39
Nord Ovest;Piemonte;BI;A859;328,31;494,85
Nord Ovest;Lombardia;BS;A861;13,5;16,83
Centro;Toscana;PI;A864;18,45;108,43
Nord Ovest;Lombardia;CO;A870;18,07;53
Nord Ovest;Lombardia;MI;A872;15,18;80,83
Sud;Puglia;BA;A874;4;7,03
Nord Ovest;Piemonte;BI;A876;8;13
Nord Ovest;Valle d'Aosta;AO;A877;3;3
Nord Ovest;Lombardia;BS;A878;5,74;1
Isole;Sardegna;NU;A880;2;3
Sud;Campania;AV;A881;5;17
Isole;Sicilia;PA;A882;7,75;6,4
Sud;Puglia;BA;A883;249,98;255,93
Sud;Abruzzo;AQ;A884;0;1
Sud;Abruzzo;TE;A885;8,66;5,66
Sud;Calabria;CS;A887;4;1
Nord Ovest;Piemonte;AL;A889;2;9,54
Nord Ovest;Lombardia;VA;A891;11,5;40,55
Sud;Puglia;BA;A892;17,5;75,4
Sud;Puglia;BA;A893;121,6;327,66
Sud;Puglia;BA;A894;33,5;148,23
Isole;Sardegna;NU;A895;2;2
Isole;Sicilia;AG;A896;6;1
Sud;Calabria;RC;A897;3;0
Nord Ovest;Lombardia;CO;A898;12;33,92
Nord Ovest;Lombardia;BG;A903;0;0
Nord Ovest;Lombardia;CO;A904;4;4
Nord Ovest;Lombardia;CO;A905;7,5;11,25
Nord Est;Veneto;PD;A906;4,4;25,23
Nord Est;Emilia-Romagna;PC;A909;17,83;39,75
Nord Ovest;Piemonte;TO;A910;1;7,75
Nord Ovest;Piemonte;NO;A911;2,67;4
Sud;Calabria;CS;A912;0;0
Nord Ovest;Piemonte;VC;A914;2;1
Nord Ovest;Lombardia;VA;A918;2;20
Nord Ovest;Lombardia;LO;A919;1;24,86
Nord Ovest;Lombardia;MI;A920;7,67;45,17
Nord Ovest;Liguria;GE;A922;22,5;59
Nord Ovest;Piemonte;VB;A925;4;1
Nord Ovest;Piemonte;NO;A929;2;29
Sud;Molise;CB;A930;10;20,75
Nord Ovest;Liguria;SV;A931;6;35
Nord Ovest;Liguria;SP;A932;26,93;35,75
Nord Ovest;Lombardia;BG;A937;7,88;90,39
Nord Ovest;Lombardia;MI;A940;186;426,83
Nord Ovest;Piemonte;TO;A941;3;14
Sud;Basilicata;MT;A942;5;20
Nord Est;Emilia-Romagna;BO;A944;2596,13;3762,83
Sud;Abruzzo;PE;A945;1,91;4
Isole;Sicilia;PA;A946;4;0
Centro;Marche;MC;A947;1;2
Isole;Sardegna;NU;A948;1,8;4
Centro;Lazio;VT;A949;18,8;23,5
Nord Ovest;Lombardia;BG;A950;13,08;104,11
Nord Ovest;Piemonte;NO;A953;3,5;11
Nord Est;Veneto;VI;A954;3;81,5
Centro;Lazio;VT;A955;14,5;10,5
Sud;Abruzzo;CH;A956;1,25;0
Isole;Sicilia;CL;A957;0;0
Isole;Sicilia;PA;A958;5,5;2,36
Nord Est;Emilia-Romagna;MO;A959;11,36;189,57
Isole;Sardegna;OR;A960;1;0
Nord Ovest;Liguria;SP;A961;9,24;31,99
Nord Ovest;Lombardia;BG;A962;23,26;77,72
Nord Ovest;Lombardia;BG;A963;16,52;128,83
Nord Est;Veneto;VR;A964;1;17,72
Nord Est;Emilia-Romagna;FE;A965;25,33;124,5
Sud;Campania;BN;A970;2;1
Sud;Molise;CB;A971;0,76;0
Nord Ovest;Lombardia;CR;A972;1;17
Sud;Calabria;CS;A973;5,9;6
Sud;Campania;AV;A975;3,5;1,5
Isole;Sardegna;SS;A976;6;6
Isole;Sardegna;SS;A977;0;4
Isole;Sardegna;SS;A978;4,92;4,33
Nord Ovest;Piemonte;CN;A979;2;1
Centro;Lazio;RI;A981;2,25;1
Nord Est;Veneto;BL;A982;6;15,49
Nord Est;Friuli- Venezia Giulia;UD;A983;0;7,67
Nord Ovest;Liguria;IM;A984;102;212,43
Nord Ovest;Lombardia;CR;A986;0;4
Nord Est;Emilia-Romagna;PR;A987;5;8
Nord Est;Emilia-Romagna;RE;A988;9;65,5
Nord Ovest;Lombardia;PV;A989;8;36
Nord Ovest;Piemonte;TO;A990;60,33;172,65
Isole;Sicilia;PA;A991;3,5;6
Nord Ovest;Liguria;SP;A992;4,72;2
Nord Ovest;Liguria;IM;A993;10;1
Nord Ovest;Lombardia;LO;A995;6;44
Centro;Lazio;RI;A996;0;0
Nord Ovest;Piemonte;AL;A998;7;10
Nord Ovest;Liguria;SV;A999;69;293,5
Nord Est;Emilia-Romagna;FO;B001;1;51
Sud;Calabria;CZ;B002;12,83;1
Nord Ovest;Piemonte;TO;B003;1;4
Nord Ovest;Liguria;SV;B005;14;63,17
Centro;Toscana;LU;B007;12;17,5
Centro;Lazio;RI;B008;11;7
Nord Ovest;Piemonte;VC;B009;3;11
Nord Ovest;Lombardia;BG;B010;2;11
Nord Ovest;Lombardia;MN;B012;1;35
Nord Ovest;Lombardia;PV;B014;0;5,5
Nord Ovest;Piemonte;TO;B015;10;27,33
Nord Ovest;Piemonte;NO;B016;2;20,25
Nord Ovest;Lombardia;LO;B017;8;36,5
Nord Ovest;Piemonte;CN;B018;0;0,33
Nord Ovest;Piemonte;NO;B019;50,47;249,16
Nord Ovest;Liguria;IM;B020;11;2
Nord Ovest;Piemonte;TO;B021;3;7
Nord Ovest;Piemonte;TO;B024;7,18;32
Nord Est;Emilia-Romagna;PC;B025;11;84,22
Centro;Marche;PS;B026;1;1
Nord Ovest;Lombardia;PV;B028;1;10
Nord Ovest;Piemonte;AL;B029;0;5,17
Nord Ovest;Lombardia;PV;B030;2;5
Nord Est;Veneto;PD;B031;4,5;93,03
Nord Ovest;Piemonte;CN;B033;55,53;120,21
Nord Est;Emilia-Romagna;PR;B034;107,93;360,2
Nord Ovest;Lombardia;BS;B035;0;33,42
Centro;Toscana;FI;B036;44,76;210,46
Nord Ovest;Piemonte;AL;B037;3;5
Nord Ovest;Lombardia;PV;B038;1;4
Nord Ovest;Lombardia;BS;B040;24,75;148,5
Nord Ovest;Piemonte;VC;B041;41,51;131,22
Nord Est;Emilia-Romagna;PR;B042;15,71;50,75
Nord Ovest;Piemonte;NO;B043;10;57,5
Nord Est;Emilia-Romagna;BO;B044;11;26,5
Nord Ovest;Piemonte;VC;B046;3,67;22,83
Nord Ovest;Liguria;SV;B048;4;3,75
Nord Ovest;Lombardia;SO;B049;75,25;89,75
Nord Ovest;Lombardia;PV;B051;3;55,5
Nord Ovest;Lombardia;BS;B054;14,37;51,45
Isole;Sardegna;OR;B055;1;0
Isole;Sardegna;NU;B056;1;4
Sud;Abruzzo;CH;B057;1;1
Nord Ovest;Piemonte;BI;B058;2,5;6
Nord Est;Veneto;TV;B061;2;53,73
Isole;Sardegna;NU;B062;1;2
Isole;Sardegna;SS;B063;1;0
Isole;Sardegna;SS;B064;0;0
Nord Ovest;Liguria;GE;B067;15;5
Isole;Sardegna;NU;B068;9,33;13
Nord Est;Veneto;RO;B069;0;9
Nord Est;Veneto;VR;B070;2,88;13,75
Nord Ovest;Piemonte;AL;B071;3;12,5
Nord Est;Veneto;VR;B073;11;90
Nord Ovest;Piemonte;TO;B075;10;30,34
Sud;Campania;NA;B076;15,05;28,16
Sud;Campania;NA;B077;13,79;12
Nord Ovest;Piemonte;CN;B079;0;1
Nord Ovest;Piemonte;AL;B080;2;9,17
Nord Ovest;Lombardia;LC;B081;9;33
Nord Ovest;Lombardia;PV;B082;0;3,5
Nord Ovest;Lombardia;BG;B083;4,99;7,33
Nord Ovest;Piemonte;CN;B084;8;9,39
Sud;Calabria;CZ;B085;2;1
Sud;Puglia;LE;B086;2;3,5
Nord Ovest;Lombardia;BG;B088;7,55;59,95
Nord Ovest;Lombardia;BS;B091;12,84;105,66
Isole;Sardegna;SS;B094;0;1
Sud;Calabria;RC;B097;3;0
Sud;Calabria;RC;B098;7;10,5
Sud;Calabria;RC;B099;2,99;6
Nord Ovest;Lombardia;BS;B100;7,91;9,99
Nord Ovest;Piemonte;CN;B101;34,58;80,57
Nord Ovest;Lombardia;BS;B102;11;81,92
Sud;Puglia;FG;B104;11;4
Nord Ovest;Lombardia;MI;B105;62,42;252,16
Nord Est;Veneto;PD;B106;1;30
Nord Est;Veneto;VR;B107;22,25;138,82
Nord Ovest;Piemonte;AL;B109;0;0
Nord Ovest;Lombardia;MN;B110;7,5;28,52
Nord Ovest;Piemonte;CN;B111;141,89;368,28
Nord Ovest;Lombardia;BG;B112;5;6
Centro;Lazio;RM;B114;89,4;154,33
Sud;Campania;SA;B115;12,97;7,5
Nord Ovest;Lombardia;PV;B117;3;2
Sud;Calabria;RC;B118;1;1
Nord Ovest;Lombardia;BS;B120;4;19,66
Nord Ovest;Piemonte;TO;B121;17;103,07
Nord Ovest;Lombardia;BG;B123;4,32;39,25
Nord Ovest;Lombardia;BS;B124;1;2
Nord Ovest;Lombardia;VA;B126;10,8;22,83
Nord Est;Veneto;TV;B128;9,42;70,81
Nord Ovest;Lombardia;CR;B129;6,22;100,06
Nord Ovest;Lombardia;VA;B131;0;12,5
Nord Est;Veneto;VI;B132;10;67,94
Nord Ovest;Lombardia;CO;B134;6,39;62,5
Nord Ovest;Lombardia;BG;B137;15,55;106,01
Nord Ovest;Lombardia;BG;B138;7,51;112,92
Nord Ovest;Lombardia;LO;B141;3;26,83
Nord Ovest;Lombardia;PV;B142;1;2
Nord Est;Veneto;VI;B143;10,24;67,83
Nord Ovest;Lombardia;CO;B144;6;11,62
Nord Ovest;Lombardia;BS;B149;22,5;25
Nord Ovest;Lombardia;VA;B150;4;14,44
Nord Est;Veneto;VR;B152;9,66;8,99
Nord Est;Veneto;VR;B154;18,5;35,67
Nord Est;Emilia-Romagna;RE;B156;10;70,51
Nord Ovest;Lombardia;BS;B157;881,52;2560,59
Nord Ovest;Lombardia;PV;B159;9;29,5
Nord Est;Veneto;VI;B161;0,5;35
Nord Ovest;Lombardia;MI;B162;164,5;277,01
Nord Ovest;Lombardia;VA;B166;6;17
Nord Ovest;Piemonte;CN;B167;0;2
Sud;Calabria;VV;B169;0;9
Nord Ovest;Piemonte;TO;B171;22,5;59,58
Nord Ovest;Lombardia;CO;B172;3;5
Sud;Basilicata;PZ;B173;6;5
Nord Ovest;Piemonte;CN;B175;3,33;0
Nord Ovest;Piemonte;NO;B176;9,54;25,44
Nord Ovest;Lombardia;BG;B178;9,17;84,58
Nord Ovest;Piemonte;AL;B179;1;2
Sud;Puglia;BR;B180;115,43;529,87
Sud;Basilicata;PZ;B181;2,29;2
Nord Ovest;Lombardia;VA;B182;1;2
Nord Ovest;Piemonte;NO;B183;3;10
Nord Ovest;Lombardia;BS;B184;1;5
Nord Ovest;Lombardia;MI;B187;13,5;70,56
Nord Est;Emilia-Romagna;RA;B188;13,5;36,5
Nord Ovest;Lombardia;VA;B191;1,25;5,5
Nord Ovest;Valle d'Aosta;AO;B192;2;2
Sud;Abruzzo;PE;B193;0;0
Nord Ovest;Lombardia;LC;B194;6,33;44,5
Centro;Lazio;FR;B195;0;2
Nord Est;Veneto;VI;B196;2;37,94
Sud;Calabria;VV;B197;1;1
Isole;Sicilia;ME;B198;19;15
Nord Ovest;Piemonte;CN;B200;0;2
Nord Ovest;Lombardia;PV;B201;38,67;71,67
Isole;Sicilia;CT;B202;45,91;55,75
Nord Ovest;Piemonte;CN;B204;3;12
Nord Ovest;Piemonte;TO;B205;1;7
Nord Ovest;Piemonte;VB;B207;2;4
Nord Ovest;Piemonte;TO;B209;1;3
Nord Ovest;Lombardia;MI;B212;233,17;537,09
Nord Est;Veneto;PD;B213;4;65,67
Nord Ovest;Liguria;SP;B214;2,84;10,71
Nord Est;Friuli- Venezia Giulia;PN;B215;20;73,61
Nord Ovest;Piemonte;TO;B216;28,33;87,33
Nord Ovest;Lombardia;BG;B217;0;3,5
Nord Ovest;Lombardia;CO;B218;7;7,25
Nord Ovest;Lombardia;VA;B219;1;10,5
Nord Ovest;Piemonte;AT;B221;0;1
Nord Ovest;Lombardia;BG;B223;11;73,34
Nord Ovest;Piemonte;TO;B225;3;18
Sud;Campania;NA;B227;23,77;39,8
Nord Ovest;Lombardia;VA;B228;2,08;14
Nord Ovest;Piemonte;BI;B229;8;27,16
Nord Ovest;Valle d'Aosta;AO;B230;13;20,33
Nord Ovest;Piemonte;TO;B232;4;12
Sud;Calabria;RC;B234;0;0
Nord Ovest;Lombardia;MI;B235;7;30,33
Nord Ovest;Piemonte;AT;B236;2;6
Isole;Sicilia;SR;B237;1;6,98
Sud;Abruzzo;CH;B238;1;9
Sud;Campania;BN;B239;1;0
Nord Ovest;Lombardia;MI;B240;84,05;344,65
Sud;Campania;SA;B242;13,83;3
Centro;Toscana;AR;B243;13,06;83
Isole;Sardegna;SS;B246;2;5
Nord Est;Friuli- Venezia Giulia;PN;B247;7;14,83
Isole;Sardegna;NU;B248;12;71,08
Nord Est;Emilia-Romagna;BO;B249;48,2;161,08
Isole;Sardegna;CA;B250;0;1,17
Centro;Toscana;PT;B251;3;71,34
Nord Ovest;Lombardia;SO;B255;4,5;6,67
Sud;Abruzzo;AQ;B256;1;2,33
Nord Ovest;Lombardia;VA;B258;4,83;30,34
Nord Est;Friuli- Venezia Giulia;UD;B259;9,5;54,67
Nord Ovest;Lombardia;LC;B261;14;39,17
Nord Ovest;Lombardia;CO;B262;12,83;46
Isole;Sardegna;SS;B264;1;1
Isole;Sardegna;SS;B265;0;1
Sud;Campania;SA;B266;0,8;0
Sud;Campania;BN;B267;5;0,83
Sud;Abruzzo;CH;B268;0;0
Centro;Toscana;SI;B269;12,5;25
Sud;Calabria;CS;B270;2;1
Nord Ovest;Lombardia;MI;B272;30,64;73,41
Isole;Sardegna;CA;B274;0;0
Isole;Sicilia;AG;B275;6;0
Isole;Sardegna;SS;B276;0;0
Nord Ovest;Piemonte;TO;B278;2;2
Nord Ovest;Piemonte;TO;B279;2;10
Nord Ovest;Piemonte;VC;B280;1;8
Isole;Sardegna;OR;B281;1;1
Nord Ovest;Liguria;GE;B282;18;22,5
Nord Ovest;Piemonte;TO;B284;5;21,5
Nord Ovest;Piemonte;CN;B285;70,5;108,5
Nord Ovest;Lombardia;MI;B286;11,83;61,82
Isole;Sicilia;SR;B287;4;4,34
Isole;Sicilia;TP;B288;2;1
Nord Ovest;Lombardia;MI;B289;10,15;99,67
Nord Ovest;Lombardia;MI;B292;21;95,89
Nord Est;Emilia-Romagna;PR;B293;29,81;65,36
Sud;Abruzzo;PE;B294;1;2,5
Sud;Molise;CB;B295;2,5;1
Nord Est;Veneto;VR;B296;106,6;311
Nord Ovest;Piemonte;TO;B297;17,66;31,5
Nord Ovest;Lombardia;VA;B300;460,26;1285,1
Nord Ovest;Lombardia;MI;B301;47,33;191,12
Isole;Sicilia;CL;B302;6,33;7,13
Centro;Toscana;PI;B303;10,25;24
Nord Est;Veneto;VR;B304;9,5;72,26
Nord Ovest;Piemonte;TO;B305;23;78,06
Nord Ovest;Piemonte;AT;B306;1;12
Nord Est;Friuli- Venezia Giulia;UD;B309;5;34,5
Nord Ovest;Lombardia;BG;B310;5;66,7
Nord Ovest;Piemonte;AL;B311;8,5;3
Nord Ovest;Lombardia;VA;B312;0;5
Nord Ovest;Lombardia;CO;B313;11;58,16
Isole;Sardegna;OR;B314;4;30,42
Isole;Sicilia;PA;B315;11,5;7
Sud;Molise;IS;B317;3,33;1,5
Sud;Calabria;KR;B319;7;1,89
Nord Ovest;Lombardia;VA;B326;9;37
Nord Est;Emilia-Romagna;RE;B328;18,13;109,87
Nord Est;Emilia-Romagna;PC;B332;7,22;69,66
Nord Est;Veneto;PD;B345;6,26;138,57
Nord Ovest;Lombardia;CO;B346;15,13;105,26
Nord Est;Veneto;TV;B349;11;67,47
Nord Ovest;Piemonte;TO;B350;7;35,75
Sud;Campania;SA;B351;5;0
Centro;Marche;PS;B352;15,83;22,17
Isole;Sardegna;CA;B354;267,12;889,92
Nord Ovest;Lombardia;CO;B355;2;13,25
Sud;Puglia;FG;B357;12,75;16,5
Sud;Abruzzo;AQ;B358;4;2
Sud;Campania;CE;B361;1;5,5
Sud;Campania;CE;B362;3;17
Nord Ovest;Lombardia;BS;B365;0;16,99
Nord Ovest;Lombardia;SO;B366;5;4
Sud;Campania;AV;B367;2,25;1,25
Nord Ovest;Lombardia;VA;B368;16;76,25
Nord Ovest;Liguria;SV;B369;58,84;76,91
Sud;Campania;NA;B371;24,92;85
Sud;Campania;AV;B374;1,11;2,11
Nord Est;Veneto;BL;B375;3,37;11
Nord Ovest;Piemonte;AT;B376;4;10
Isole;Sicilia;AG;B377;3;0
Isole;Sardegna;SS;B378;3;2,67
Sud;Calabria;RC;B379;0;0
Nord Ovest;Piemonte;VB;B380;12,31;5,6
Isole;Sicilia;EN;B381;9;4
Sud;Abruzzo;AQ;B382;1;0
Isole;Sardegna;CA;B383;2;9
Isole;Sicilia;CT;B384;12,16;30,02
Isole;Sicilia;TP;B385;17,25;9,9
Nord Ovest;Lombardia;PV;B387;1;20,5
Centro;Lazio;VT;B388;10;6
Centro;Toscana;PI;B390;27,83;50
Sud;Basilicata;MT;B391;1;0
Centro;Toscana;PI;B392;31,53;140,23
Nord Ovest;Lombardia;BG;B393;5,75;60,22
Nord Ovest;Lombardia;BS;B394;11;108,83
Nord Ovest;Lombardia;BG;B395;4,5;43,75
Nord Ovest;Lombardia;LC;B396;21,85;91,23
Centro;Marche;MC;B398;8;13
Nord Est;Emilia-Romagna;BO;B399;39,55;256,94
Nord Est;Veneto;VR;B402;21,89;104,89
Nord Est;Veneto;VI;B403;10;155,76
Nord Est;Emilia-Romagna;PC;B405;5;15
Centro;Toscana;FI;B406;40,31;178,43
Nord Est;Emilia-Romagna;PR;B408;18,26;29,28
Nord Ovest;Liguria;SV;B409;4,83;16,5
Nord Ovest;Liguria;SP;B410;9,5;1
Sud;Puglia;LE;B413;2,92;21
Sud;Campania;AV;B415;4,5;5
Nord Ovest;Liguria;SV;B416;12,5;15
Nord Ovest;Piemonte;BI;B417;1;2,08
Nord Ovest;Piemonte;AT;B418;3;6,5
Nord Ovest;Lombardia;LC;B423;45,65;163,1
Sud;Calabria;CS;B424;2;2
Nord Ovest;Piemonte;AT;B425;0;3
Sud;Calabria;CS;B426;0;0
Isole;Sicilia;AG;B427;6;3
Isole;Sicilia;CT;B428;40,47;88,76
Isole;Sicilia;CL;B429;68,64;209,59
Isole;Sicilia;PA;B430;11,39;4
Nord Ovest;Piemonte;NO;B431;1;24,66
Nord Est;Veneto;RO;B432;1;5
Nord Est;Veneto;VI;B433;1;16,75
Nord Ovest;Lombardia;BG;B434;18,5;109,27
Nord Ovest;Piemonte;TO;B435;20;76,42
Nord Ovest;Lombardia;BS;B436;3,5;45,17
Sud;Campania;SA;B437;1;4
Nord Ovest;Lombardia;CR;B439;0;6
Sud;Basilicata;PZ;B440;4,5;2,5
Nord Est;Veneto;VI;B441;2,33;4
Nord Ovest;Lombardia;BG;B442;10,5;93,7
Sud;Basilicata;PZ;B443;0;0
Sud;Campania;BN;B444;6;2
Sud;Campania;CE;B445;3,37;6,27
Centro;Umbria;TR;B446;5,6;6,5
Nord Ovest;Lombardia;PV;B447;0;0
Nord Ovest;Lombardia;MI;B448;1;19,5
Nord Ovest;Lombardia;BS;B450;15,67;77,51
Sud;Campania;NA;B452;6;16,67
Nord Ovest;Piemonte;AL;B453;0;5
Centro;Toscana;LU;B455;66,13;134,76
Nord Ovest;Piemonte;BI;B457;3,5;1
Isole;Sicilia;AG;B460;2;1
Nord Ovest;Lombardia;MI;B461;23;118,76
Nord Ovest;Piemonte;TO;B462;12;51,49
Nord Ovest;Piemonte;VB;B463;1;6
Nord Ovest;Piemonte;BI;B465;1;14
Sud;Molise;IS;B466;6,67;1
Nord Ovest;Piemonte;CN;B467;6;3
Centro;Marche;AN;B468;8,63;26,65
Nord Ovest;Piemonte;AT;B469;0;1
Centro;Marche;AN;B470;3;23,62
Nord Ovest;Lombardia;BG;B471;4;3
Centro;Lazio;RM;B472;2;0
Nord Ovest;Piemonte;NO;B473;29,33;158,25
Centro;Marche;MC;B474;20;26,84
Sud;Campania;SA;B476;14,13;3
Sud;Campania;CE;B477;0,8;8
Sud;Calabria;RC;B481;0;0
Nord Ovest;Piemonte;AL;B482;3;7
Nord Est;Friuli- Venezia Giulia;UD;B483;2;6
Nord Ovest;Lombardia;CR;B484;1;14
Nord Est;Veneto;VI;B485;4;136,63
Isole;Sicilia;AG;B486;21,97;5
Nord Ovest;Liguria;GE;B490;31,83;57,66
Nord Ovest;Valle d'Aosta;AO;B491;1;0
Sud;Campania;SA;B492;19;24
Nord Est;Veneto;VE;B493;6;92,22
Sud;Campania;CE;B494;1;0
Centro;Lazio;RM;B496;11,96;52,11
Centro;Toscana;GR;B497;8;20,5
Nord Ovest;Lombardia;CR;B498;0;3
Nord Est;Emilia-Romagna;RE;B499;6;57,06
Sud;Calabria;CS;B500;0;1
Nord Ovest;Lombardia;MI;B501;11,3;29,72
Nord Est;Emilia-Romagna;RE;B502;6;63,34
Centro;Umbria;PG;B504;8;16
Nord Ovest;Piemonte;VC;B505;7;10
Sud;Puglia;LE;B506;3;18,26
Centro;Toscana;FI;B507;44,5;433,62
Centro;Toscana;LI;B509;55,25;128,16
Nord Ovest;Piemonte;TO;B510;5,2;3
Nord Est;Veneto;VI;B511;2;14,4
Nord Ovest;Piemonte;TO;B512;4;9
Nord Ovest;Lombardia;CO;B513;14,28;26
Sud;Abruzzo;TE;B515;10;14,5
Sud;Calabria;RC;B516;3;6
Sud;Molise;CB;B519;100,6;319,9
Isole;Sicilia;AG;B520;11;5
Isole;Sicilia;TP;B521;9,5;4
Sud;Molise;CB;B522;3,33;0,33
Nord Est;Veneto;PD;B524;20,5;243,45
Sud;Abruzzo;AQ;B526;17,26;14,52
Centro;Lazio;LT;B527;0,17;0
Sud;Molise;CB;B528;2;6
Nord Ovest;Lombardia;SO;B530;23,47;44,27
Nord Est;Veneto;PD;B531;2;29,5
Isole;Sicilia;PA;B532;17,7;44,5
Isole;Sicilia;PA;B533;1;0
Centro;Marche;AP;B534;8,67;33
Isole;Sicilia;PA;B535;0;1,5
Nord Est;Friuli- Venezia Giulia;UD;B536;2,5;78,64
Isole;Sicilia;CL;B537;6;1
Nord Ovest;Liguria;GE;B538;6,3;8
Nord Est;Emilia-Romagna;MO;B539;18;109,67
Nord Ovest;Valle d'Aosta;AO;B540;7,2;7
Sud;Campania;BN;B541;0;1
Sud;Campania;BN;B542;1;0
Centro;Lazio;FR;B543;2;2
Sud;Molise;CB;B544;2,75;1
Nord Est;Veneto;VE;B546;8,5;94,81
Sud;Basilicata;PZ;B549;1;0
Sud;Molise;CB;B550;4;69,83
Nord Ovest;Liguria;GE;B551;23;25,5
Centro;Toscana;LI;B553;22,88;42,05
Nord Est;Veneto;VE;B554;12;140,28
Sud;Campania;SA;B555;1;0
Isole;Sicilia;PA;B556;1;3
Centro;Toscana;LU;B557;4;2
Nord Ovest;Liguria;IM;B559;26,5;24,5
Isole;Sicilia;CT;B561;6;52,5
Centro;Marche;MC;B562;1;1,5
Nord Est;Veneto;PD;B563;8;110,4
Nord Est;Veneto;PD;B564;1;44,64
Sud;Campania;NA;B565;4;12,83
Nord Est;Emilia-Romagna;MO;B566;2;25
Nord Ovest;Lombardia;PV;B567;3;12
Sud;Abruzzo;AQ;B569;0;2,5
Nord Est;Emilia-Romagna;BO;B572;12,58;20,5
Nord Ovest;Piemonte;CN;B573;7;29
Nord Est;Veneto;BL;B574;12,23;9,89
Centro;Lazio;RM;B576;12;9
Nord Est;Veneto;RO;B578;8,5;19,5
Sud;Basilicata;PZ;B580;3;2
Sud;Campania;CE;B581;1;8,33
Nord Est;Veneto;RO;B582;0;5,5
Sud;Puglia;FG;B584;5;5,22
Nord Ovest;Piemonte;BI;B586;27,5;69,56
Nord Ovest;Lombardia;PV;B587;1;4,17
Nord Ovest;Piemonte;TO;B588;3;13
Nord Est;Veneto;PD;B589;1;5,67
Sud;Campania;AV;B590;1;2,8
Sud;Calabria;RC;B591;1;0
Nord Ovest;Piemonte;TO;B592;8,5;76,67
Nord Ovest;Lombardia;MI;B593;45,2;173,8
Nord Ovest;Piemonte;AT;B594;36;55,5
Centro;Lazio;RI;B595;4;1
Centro;Lazio;VT;B597;12,5;12,29
Nord Est;Friuli- Venezia Giulia;PN;B598;13,67;29,5
Isole;Sicilia;AG;B602;29,99;53,75
Isole;Sicilia;SR;B603;2,67;13,36
Centro;Lazio;VT;B604;27,81;24,5
Nord Ovest;Piemonte;TO;B605;4;1
Sud;Abruzzo;AQ;B606;1;4
Sud;Calabria;CS;B607;0;2,5
Sud;Campania;SA;B608;0;0
Centro;Umbria;PG;B609;9;23,86
Nord Ovest;Piemonte;VB;B610;4,5;14,5
Nord Ovest;Lombardia;MN;B612;4;45,17
Nord Ovest;Lombardia;PV;B613;1;10,75
Nord Ovest;Piemonte;VB;B615;35,47;69,1
Sud;Puglia;LE;B616;0;0
Sud;Calabria;RC;B617;0;1
Nord Ovest;Lombardia;BG;B618;9;39
Sud;Puglia;BA;B619;38,39;137,75
Sud;Abruzzo;CH;B620;1;0
Nord Ovest;Piemonte;CN;B621;0;0
Sud;Abruzzo;AQ;B624;0;2
Centro;Toscana;PO;B626;13;16,83
Centro;Lazio;RI;B627;4;4
Nord Ovest;Piemonte;TO;B628;2;17
Nord Ovest;Piemonte;AL;B629;6;8,5
Sud;Molise;IS;B630;3;5
Centro;Lazio;RI;B631;4,83;4
Centro;Lazio;RM;B632;2;3
Nord Ovest;Piemonte;AT;B633;0;4
Nord Ovest;Lombardia;VA;B634;15,75;55,58
Centro;Lazio;RM;B635;1;2
Centro;Marche;PS;B636;2;2
Nord Ovest;Piemonte;TO;B637;5;10
Nord Ovest;Lombardia;CO;B639;126,52;516,35
Sud;Abruzzo;TE;B640;0;8
Nord Ovest;Lombardia;CO;B641;36,16;58,66
Nord Est;Veneto;VE;B642;30,62;541,71
Nord Est;Emilia-Romagna;PC;B643;10,5;54,17
Sud;Campania;SA;B644;31,63;54,46
Isole;Sicilia;PA;B645;9,25;24,15
Centro;Toscana;GR;B646;14,54;49,28
Centro;Toscana;PI;B647;9,3;52
Centro;Toscana;LU;B648;96,12;182,6
Centro;Lazio;RM;B649;29,5;93,43
Nord Ovest;Lombardia;CR;B650;2;27,71
Sud;Abruzzo;AQ;B651;9;10
Nord Ovest;Lombardia;CO;B653;6,25;52,13
Sud;Calabria;VV;B655;0;0
Sud;Abruzzo;AQ;B656;16;3
Sud;Abruzzo;AQ;B658;0;2,33
Isole;Sicilia;ME;B660;1,29;2
Nord Ovest;Lombardia;BG;B661;2;8
Nord Est;Veneto;BL;B662;12,9;62,43
Centro;Lazio;VT;B663;7,6;21,8
Nord Ovest;Lombardia;BS;B664;15;5
Isole;Sicilia;ME;B666;17,6;27,19
Sud;Campania;CE;B667;12;44
Centro;Toscana;LI;B669;23;53
Centro;Toscana;AR;B670;15;33,33
Nord Ovest;Lombardia;MI;B671;12,53;70,5
Sud;Abruzzo;AQ;B672;0;0,17
Sud;Campania;AV;B674;11,51;3,87
Isole;Sardegna;CA;B675;8;49,5
Nord Ovest;Lombardia;BS;B676;5,17;6,1
Sud;Abruzzo;AQ;B677;13;38,5
Nord Est;Veneto;TV;B678;7;34,94
Nord Ovest;Lombardia;CR;B679;0;4,83
Nord Ovest;Lombardia;CR;B680;0;3
Sud;Abruzzo;PE;B681;4;18
Sud;Molise;IS;B682;5;11,91
Centro;Toscana;FI;B684;9,69;86,97
Centro;Toscana;LI;B685;4,25;5,28
Nord Ovest;Lombardia;CR;B686;0;28
Centro;Lazio;RM;B687;2;3,5
Centro;Lazio;VT;B688;19;43,75
Nord Est;Emilia-Romagna;BO;B689;21;59,94
Sud;Puglia;LE;B690;1;1
Centro;Lazio;VT;B691;9;16,83
Nord Ovest;Piemonte;CN;B692;5;2
Centro;Toscana;AR;B693;5;7,25
Nord Ovest;Piemonte;VB;B694;4;0
Isole;Sicilia;ME;B695;6,67;6
Sud;Campania;NA;B696;13,15;0,5
Nord Ovest;Lombardia;BS;B698;5,5;59,17
Nord Ovest;Piemonte;AL;B701;6;14,5
Nord Ovest;Lombardia;BG;B703;28;114,21
Sud;Campania;CE;B704;1;0
Nord Ovest;Piemonte;TO;B705;11;18,5
Sud;Campania;AV;B706;6;6
Nord Ovest;Piemonte;AT;B707;0;1
Nord Ovest;Piemonte;BI;B708;1,5;1
Nord Est;Veneto;VR;B709;34;89,34
Nord Ovest;Lombardia;BG;B710;15;40,17
Nord Ovest;Lombardia;BS;B711;10,64;108,12
Sud;Campania;CE;B715;14;56,66
Sud;Puglia;BA;B716;33;108,47
Sud;Calabria;CZ;B717;2;3
Sud;Calabria;RC;B718;0;0
Nord Ovest;Piemonte;CN;B719;25,17;47,73
Nord Ovest;Piemonte;CN;B720;13;17,5
Sud;Abruzzo;PE;B722;8;8
Sud;Puglia;FG;B724;2;30
Sud;Abruzzo;AQ;B725;0;0
Nord Ovest;Liguria;GE;B726;5;20,55
Centro;Marche;AP;B727;1;3
Nord Ovest;Lombardia;MI;B729;63,69;226,1
Nord Ovest;Lombardia;CO;B730;6;14,5
Nord Ovest;Lombardia;BG;B731;25,92;199,74
Nord Ovest;Lombardia;VA;B732;5,83;47
Nord Ovest;Piemonte;TO;B733;2;8
Nord Ovest;Liguria;IM;B734;0;1
Centro;Lazio;VT;B735;6,88;11
Nord Ovest;Piemonte;AL;B736;3;11,5
Isole;Sardegna;CA;B738;43,5;69
Sud;Campania;NA;B740;1;12
Nord Ovest;Lombardia;PV;B741;1;13,4
Nord Ovest;Lombardia;CO;B742;8,26;37,12
Sud;Basilicata;PZ;B743;2;1
Nord Est;Veneto;TV;B744;20,1;126,74
Isole;Sardegna;CA;B745;11,5;19
Nord Ovest;Liguria;SV;B748;25,5;27,58
Nord Est;Veneto;PD;B749;1;6
Nord Ovest;Piemonte;VC;B752;0;2
Nord Ovest;Lombardia;VA;B754;36;279,61
Nord Ovest;Piemonte;CN;B755;3;10,9
Sud;Calabria;RC;B756;0;0
Sud;Calabria;CZ;B758;2;1
Sud;Campania;NA;B759;27,99;76,06
Centro;Toscana;LU;B760;6;0
Nord Ovest;Piemonte;TO;B762;4;2
Nord Ovest;Lombardia;LC;B763;1;7
Nord Ovest;Piemonte;AL;B765;1;3
Sud;Calabria;RC;B766;0;1
Nord Ovest;Piemonte;VC;B767;7;11,33
Nord Ovest;Piemonte;VC;B768;2;7,67
Nord Ovest;Piemonte;AL;B769;0;0
Sud;Calabria;KR;B771;0;0
Isole;Sardegna;SS;B772;1;4
Sud;Calabria;CS;B774;5,33;6,25
Sud;Campania;AV;B776;0;2
Nord Ovest;Piemonte;TO;B777;33,02;80
Nord Ovest;Lombardia;CO;B778;9;47,8
Sud;Campania;CE;B779;3;12
Isole;Sicilia;PA;B780;23,75;17,75
Sud;Campania;CE;B781;4;3
Nord Ovest;Piemonte;VC;B782;0;2
Sud;Puglia;FG;B784;0;0
Nord Ovest;Lombardia;CO;B785;11,8;21,08
Isole;Sicilia;SR;B787;10;79,3
Nord Est;Friuli- Venezia Giulia;UD;B788;1,5;8,5
Isole;Sardegna;CA;B789;22;22
Sud;Calabria;CZ;B790;5;2
Nord Ovest;Piemonte;TO;B791;90,5;285,16
Sud;Puglia;LE;B792;3;13,8
Centro;Toscana;PO;B794;14;87,42
Nord Est;Veneto;PD;B795;7,17;63,5
Nord Ovest;Lombardia;VA;B796;21,45;91,42
Nord Ovest;Lombardia;MI;B798;28,9;121,8
Nord Ovest;Lombardia;BG;B801;5;52,33
Sud;Calabria;CS;B802;4;0
Nord Ovest;Lombardia;BG;B803;8;21,5
Isole;Sicilia;ME;B804;10,78;4,2
Nord Ovest;Lombardia;VA;B805;78,66;353,16
Nord Ovest;Lombardia;VA;B807;12,88;49,2
Sud;Puglia;TA;B808;1;18
Sud;Puglia;BR;B809;49,25;88,89
Sud;Molise;IS;B810;0;1
Nord Est;Emilia-Romagna;PC;B812;15,17;107,09
Sud;Calabria;CS;B813;1,5;0
Centro;Marche;PS;B816;4,8;17,67
Nord Ovest;Lombardia;BS;B817;20;114
Nord Ovest;Piemonte;AL;B818;3;2
Nord Est;Emilia-Romagna;MO;B819;152,16;1126,26
Nord Ovest;Lombardia;MI;B820;11;72,5
Sud;Puglia;LE;B822;3,8;6
Nord Ovest;Piemonte;NO;B823;8;16,5
Nord Ovest;Lombardia;PV;B824;5;87,5
Nord Est;Emilia-Romagna;RE;B825;23,2;44,04
Sud;Abruzzo;CH;B826;2;0
Sud;Abruzzo;PE;B827;0;1
Centro;Lazio;RM;B828;9,5;9,5
Sud;Puglia;FG;B829;5;8
Sud;Molise;IS;B830;6,75;2
Centro;Toscana;MS;B832;111,39;175,76
Nord Est;Veneto;VI;B835;1,5;24,92
Nord Ovest;Piemonte;AL;B836;0;0
Nord Ovest;Liguria;SP;B838;5;3
Nord Ovest;Liguria;SP;B839;2;4,5
Nord Ovest;Piemonte;AL;B840;0;4
Nord Ovest;Piemonte;CN;B841;23;35,8
Sud;Abruzzo;AQ;B842;14;16
Nord Est;Veneto;VI;B844;0;11
Nord Ovest;Piemonte;CN;B845;2,5;1
Centro;Marche;PS;B846;12;83,4
Nord Ovest;Piemonte;AL;B847;3;4
Nord Est;Veneto;PD;B848;1;39,1
Nord Ovest;Lombardia;MI;B850;79,48;238,61
Nord Ovest;Lombardia;CO;B851;15;70,11
Sud;Abruzzo;CH;B853;4;1
Nord Ovest;Lombardia;BG;B854;11;44,3
Sud;Calabria;KR;B857;2;1
Sud;Molise;CB;B858;1;2
Sud;Abruzzo;CH;B859;1;1
Sud;Campania;CE;B860;19;71,61
Sud;Abruzzo;CH;B861;3;1
Centro;Lazio;FR;B862;1;2
Nord Ovest;Piemonte;NO;B864;2,5;13,36
Sud;Abruzzo;CH;B865;3;17
Sud;Campania;AV;B866;4;1
Nord Ovest;Piemonte;TO;B867;9;13
Sud;Campania;SA;B868;1;0
Nord Ovest;Lombardia;CR;B869;4;36,5
Nord Ovest;Piemonte;AL;B870;0;0
Sud;Molise;CB;B871;2;2
Sud;Campania;CE;B872;1;0,5
Sud;Campania;BN;B873;3,07;2
Nord Ovest;Lombardia;VA;B875;1;14,5
Nord Ovest;Piemonte;VB;B876;11,5;16,5
Nord Est;Veneto;PD;B877;4,5;19
Centro;Toscana;PI;B878;11,5;9,5
Nord Est;Veneto;TV;B879;31,17;214,1
Nord Est;Emilia-Romagna;BO;B880;199,2;389,99
Nord Ovest;Lombardia;CR;B881;1;14
Nord Ovest;Piemonte;AL;B882;0;4
Nord Ovest;Piemonte;NO;B883;0;7
Nord Ovest;Piemonte;AL;B885;165,87;337,32
Nord Est;Veneto;VR;B886;14,67;50,84
Nord Ovest;Lombardia;LO;B887;15;45,5
Sud;Campania;SA;B888;4;1
Nord Ovest;Lombardia;CR;B889;2;9,17
Nord Ovest;Lombardia;CR;B890;0,5;4
Nord Ovest;Lombardia;CR;B891;0;14,83
Nord Est;Emilia-Romagna;BO;B892;11;28,75
Nord Est;Emilia-Romagna;RE;B893;46,49;339,34
Nord Ovest;Piemonte;CN;B894;3;16
Sud;Campania;SA;B895;10;25
Sud;Abruzzo;CH;B896;5;4,5
Nord Ovest;Piemonte;NO;B897;7;21
Nord Ovest;Lombardia;CR;B898;26,5;136,78
Nord Ovest;Lombardia;LO;B899;13;54,5
Nord Ovest;Lombardia;CR;B900;2;23
Nord Ovest;Lombardia;MN;B901;1;15,75
Nord Ovest;Piemonte;AL;B902;2;3
Sud;Calabria;CS;B903;2;4
Sud;Puglia;FG;B904;4;5
Sud;Campania;NA;B905;66,41;150,9
Sud;Basilicata;PZ;B906;1;0
Nord Ovest;Lombardia;MN;B907;0;16,5
Nord Ovest;Lombardia;LO;B910;40,56;207,46
Nord Ovest;Lombardia;MN;B911;1;9
Nord Est;Veneto;PD;B912;3;61,5
Nord Ovest;Lombardia;CR;B914;1,5;13
Sud;Puglia;FG;B915;12,22;41,89
Sud;Campania;CE;B916;9,88;33,67
Sud;Puglia;FG;B917;2,33;2
Isole;Sicilia;ME;B918;1;1
Centro;Lazio;FR;B919;1;0
Nord Ovest;Piemonte;NO;B920;8;5
Nord Ovest;Lombardia;VA;B921;4,84;10,5
Sud;Campania;NA;B922;2;26,17
Sud;Puglia;BA;B923;26,6;178,94
Sud;Campania;NA;B924;3,13;2,13
Sud;Campania;NA;B925;7,5;15,48
Nord Ovest;Liguria;SV;B927;10;4
Nord Ovest;Piemonte;VC;B928;1;1
Nord Ovest;Lombardia;PV;B929;0;3
Centro;Lazio;RM;B932;1;0,5
Nord Ovest;Piemonte;BI;B933;5;11
Centro;Lazio;RI;B934;2;4
Sud;Campania;CE;B935;13;39
Sud;Puglia;LE;B936;13;41,69
Nord Ovest;Lombardia;LC;B937;12,8;18
Nord Ovest;Lombardia;MI;B938;8,67;57,84
Nord Ovest;Liguria;GE;B939;15;35,67
Nord Est;Friuli- Venezia Giulia;PN;B940;8,17;84,5
Nord Ovest;Piemonte;AL;B941;1;5
Nord Ovest;Lombardia;LC;B943;29,5;151,31
Nord Ovest;Lombardia;PV;B945;0,25;15,5
Sud;Campania;NA;B946;28,38;107,25
Nord Ovest;Lombardia;BG;B947;10,5;29
Centro;Umbria;PG;B948;5,03;4,5
Nord Ovest;Lombardia;VA;B949;15,25;38,5
Centro;Toscana;PI;B950;115,04;334,31
Nord Ovest;Piemonte;VC;B952;2;3
Nord Ovest;Piemonte;TO;B953;2;6,17
Nord Ovest;Lombardia;PV;B954;5;17
Nord Ovest;Piemonte;TO;B955;9,5;31,5
Nord Ovest;Liguria;GE;B956;11,78;15,67
Nord Ovest;Lombardia;LO;B958;6;50,75
Sud;Campania;SA;B959;2;1
Nord Ovest;Piemonte;TO;B960;57,5;151,25
Nord Ovest;Lombardia;LO;B961;1;5,67
Centro;Toscana;FI;B962;158,58;332,58
Sud;Campania;CE;B963;209,39;654,13
Nord Est;Veneto;TV;B965;45,5;191,47
Sud;Calabria;RC;B966;0;0
Nord Est;Emilia-Romagna;RE;B967;16;38,35
Sud;Calabria;KR;B968;2;0
Nord Est;Emilia-Romagna;BO;B969;20,33;33,21
Nord Ovest;Lombardia;BG;B971;7;60,8
Nord Ovest;Lombardia;CO;B974;3,13;5,75
Nord Ovest;Lombardia;CO;B977;9,17;91,25
Nord Ovest;Lombardia;BG;B978;4;14,02
Centro;Toscana;MS;B979;11,25;2,33
Sud;Campania;NA;B980;6,33;3,33
Nord Est;Emilia-Romagna;RA;B982;3,17;14
Centro;Toscana;SI;B984;14,63;22,24
Sud;Abruzzo;CH;B985;4;18
Nord Ovest;Lombardia;VA;B987;14;64,66
Nord Ovest;Lombardia;PV;B988;13;144,94
Nord Ovest;Lombardia;MI;B989;10,67;64,17
Sud;Campania;NA;B990;33,58;165,16
Nord Ovest;Piemonte;AT;B991;5;1
Nord Ovest;Lombardia;SO;B993;28,67;43,87
Nord Est;Friuli- Venezia Giulia;UD;B994;4;15
Nord Ovest;Lombardia;LC;B996;13,17;33,5
Sud;Campania;AV;B997;8;3
Sud;Puglia;BA;B998;19;97,67
Nord Ovest;Lombardia;VA;B999;3;7
Sud;Calabria;CS;C002;16,17;22,84
Nord Ovest;Lombardia;MI;C003;94,89;301,18
Nord Ovest;Lombardia;VA;C004;47,54;220,67
Isole;Sicilia;SR;C006;8;6
Nord Ovest;Lombardia;BG;C007;1;3
Nord Ovest;Lombardia;MI;C013;49,95;151,83
Nord Ovest;Lombardia;MI;C014;69,1;182,4
Nord Ovest;Lombardia;CO;C020;6,27;54,67
Nord Ovest;Piemonte;AT;C022;4;6
Nord Ovest;Lombardia;LC;C024;1;26
Nord Ovest;Piemonte;AL;C027;5,06;10,5
Nord Ovest;Piemonte;AL;C030;2;5
Nord Ovest;Lombardia;MI;C033;2,34;20,17
Centro;Lazio;FR;C034;30;123,68
Nord Est;Veneto;VI;C037;30;156,03
Nord Ovest;Lombardia;PV;C038;11;59
Sud;Abruzzo;TE;C040;7;4,25
Nord Est;Veneto;VR;C041;5;17
Centro;Toscana;LI;C044;44,98;94,67
Nord Ovest;Piemonte;TO;C045;3;16,5
Nord Ovest;Piemonte;CN;C046;11;28
Nord Ovest;Piemonte;AT;C047;2;3,5
Nord Ovest;Piemonte;TO;C048;3;30,6
Nord Ovest;Piemonte;AT;C049;8;22
Nord Ovest;Lombardia;PV;C050;3;8
Isole;Sicilia;ME;C051;5;0
Nord Ovest;Lombardia;MI;C052;20,5;103,71
Nord Ovest;Lombardia;PV;C053;6;49,09
Nord Ovest;Lombardia;BS;C055;10,75;99
Nord Est;Veneto;VI;C056;3;30
Nord Est;Veneto;PD;C057;1;9
Sud;Campania;AV;C058;1;2,5
Nord Ovest;Lombardia;MN;C059;4;53,96
Centro;Marche;AN;C060;7,25;53,66
Nord Ovest;Liguria;SV;C063;0,63;5
Nord Ovest;Piemonte;AT;C064;0,5;0
Nord Est;Emilia-Romagna;RA;C065;18,5;83,73
Sud;Molise;CB;C066;8,5;1
Isole;Sicilia;PA;C067;15,25;3,67
Sud;Campania;SA;C069;5;1
Centro;Marche;AP;C070;4;15
Nord Ovest;Lombardia;BS;C072;9,33;86,12
Nord Est;Veneto;TV;C073;0;20,25
Isole;Sicilia;PA;C074;9,01;19,43
Nord Est;Emilia-Romagna;BO;C075;8,33;28,83
Nord Ovest;Lombardia;MN;C076;5;32
Nord Est;Veneto;VR;C078;18,53;128,11
Nord Ovest;Lombardia;BG;C079;8,89;105,79
Nord Est;Emilia-Romagna;RN;C080;0;1
Nord Ovest;Piemonte;CN;C081;3;4,33
Sud;Molise;IS;C082;1;0
Sud;Abruzzo;AQ;C083;2;5
Centro;Toscana;GR;C085;21,48;29,33
Nord Est;Emilia-Romagna;BO;C086;11,09;13
Nord Ovest;Lombardia;CR;C089;1;1
Sud;Abruzzo;AQ;C090;0,22;0
Isole;Sicilia;CT;C091;4;2,56
Centro;Marche;AP;C093;12;77,17
Isole;Sicilia;ME;C094;2;6,45
Sud;Abruzzo;AQ;C096;47,37;124,05
Sud;Campania;CE;C097;2;1
Centro;Lazio;RI;C098;2;2
Centro;Marche;AN;C100;34,69;156,88
Centro;Toscana;FI;C101;77,75;124,3
Centro;Toscana;AR;C102;3,34;9,67
Centro;Lazio;LT;C104;3;3,5
Sud;Campania;AV;C105;4,39;3,39
Sud;Campania;BN;C106;0;0
Nord Est;Emilia-Romagna;MO;C107;86,84;514,22
Sud;Calabria;CS;C108;6;11
Nord Ovest;Liguria;IM;C110;9;0
Nord Est;Veneto;TV;C111;85,5;435,11
Centro;Toscana;PI;C113;38,7;88,49
Sud;Abruzzo;CH;C114;10;19,83
Nord Ovest;Lombardia;CR;C115;0;18
Centro;Lazio;RM;C116;30,02;93,33
Centro;Umbria;TR;C117;6,17;10
Nord Ovest;Lombardia;MN;C118;2,75;147,84
Nord Est;Veneto;VI;C119;7;48,77
Sud;Basilicata;PZ;C120;1;0
Nord Est;Emilia-Romagna;BO;C121;9,36;60,86
Nord Est;Veneto;RO;C122;0;7
Sud;Abruzzo;CH;C123;0;3
Sud;Campania;SA;C125;14,53;28
Sud;Abruzzo;AQ;C126;3;4
Nord Ovest;Piemonte;AT;C127;6,89;36
Sud;Abruzzo;TE;C128;12,59;21,29
Sud;Campania;NA;C129;45,65;192,34
Isole;Sicilia;TP;C130;21,56;25,44
Nord Ovest;Piemonte;TO;C133;25;75,5
Sud;Puglia;BA;C134;59,5;107,65
Isole;Sicilia;PA;C135;5,33;6,53
Sud;Puglia;TA;C136;40,35;86,91
Nord Ovest;Piemonte;AL;C137;0;0
Nord Ovest;Lombardia;VA;C139;57,17;191,3
Nord Est;Emilia-Romagna;RE;C141;37,83;231
Nord Ovest;Piemonte;AL;C142;0;1
Nord Ovest;Liguria;IM;C143;5;8,5
Nord Est;Emilia-Romagna;PC;C145;10,92;34,53
Centro;Toscana;GR;C147;10;6,33
Nord Ovest;Piemonte;AL;C148;4,44;25,94
Nord Ovest;Piemonte;NO;C149;0;1
Centro;Marche;AN;C152;0,5;8,34
Nord Ovest;Lombardia;CR;C153;9,58;72,28
Nord Ovest;Piemonte;AT;C154;1;1
Nord Ovest;Piemonte;BI;C155;2;5
Nord Ovest;Piemonte;AL;C156;0;2
Nord Ovest;Lombardia;PV;C157;1;11,5
Nord Ovest;Piemonte;AL;C158;1;16,5
Nord Ovest;Piemonte;AL;C160;0;2
Nord Ovest;Piemonte;AT;C161;1;0
Nord Ovest;Piemonte;AL;C162;1;13
Nord Ovest;Piemonte;CN;C165;3;13
Nord Ovest;Piemonte;NO;C166;26,83;137,5
Nord Ovest;Piemonte;CN;C167;3;3
Sud;Abruzzo;TE;C169;0;1
Centro;Toscana;SI;C172;5,65;14,16
Nord Ovest;Piemonte;CN;C173;0;3
Centro;Toscana;PI;C174;11,83;13
Sud;Molise;CB;C175;0;0
Nord Ovest;Piemonte;CN;C176;0;0
Centro;Lazio;FR;C177;1;9
Sud;Campania;CE;C178;0;1
Nord Ovest;Lombardia;VA;C181;11,2;18,33
Nord Ovest;Lombardia;PV;C184;0;8,5
Nord Est;Emilia-Romagna;BO;C185;25;125,75
Nord Ovest;Lombardia;SO;C186;6,25;2
Nord Ovest;Lombardia;LC;C187;4,18;18,08
Sud;Campania;NA;C188;12,5;46,25
Nord Est;Veneto;TV;C190;8;49
Nord Ovest;Lombardia;MN;C195;2;40,67
Sud;Molise;CB;C197;3;2,5
Sud;Puglia;FG;C198;1;2
Sud;Basilicata;PZ;C199;7;2
Sud;Molise;IS;C200;0;0
Sud;Basilicata;PZ;C201;6;3
Sud;Puglia;FG;C202;1;2
Centro;Lazio;RM;C203;28;14,51
Nord Est;Emilia-Romagna;BO;C204;60,67;271,64
Nord Ovest;Piemonte;CN;C205;1;0,33
Nord Ovest;Lombardia;CO;C206;1;5
Nord Est;Veneto;RO;C207;1,5;35,63
Nord Ovest;Lombardia;BS;C208;7,78;175,99
Sud;Basilicata;PZ;C209;3;1
Isole;Sicilia;ME;C210;7;0
Sud;Campania;CE;C211;3;0
Nord Ovest;Lombardia;PV;C213;0;4
Nord Ovest;Piemonte;CN;C214;3;0
Nord Est;Veneto;RO;C215;1;18,09
Nord Est;Friuli- Venezia Giulia;PN;C217;0;3,17
Nord Est;Emilia-Romagna;RE;C218;20;116,52
Nord Est;Emilia-Romagna;RE;C219;36,05;84,71
Nord Ovest;Lombardia;CO;C220;0;6,5
Sud;Puglia;FG;C222;1,8;1,4
Centro;Lazio;FR;C223;1;0
Centro;Lazio;RI;C224;3;3,5
Nord Est;Veneto;VR;C225;30,57;276,77
Nord Ovest;Piemonte;AT;C226;0,5;5
Centro;Toscana;SI;C227;15,5;93,86
Nord Ovest;Lombardia;LO;C228;0;9
Nord Ovest;Piemonte;AL;C229;5;5
Nord Ovest;Piemonte;AT;C230;0;2
Sud;Campania;SA;C231;3;14
Nord Ovest;Piemonte;AT;C232;3;23,4
Sud;Campania;SA;C235;1;0
Centro;Toscana;LU;C236;8;16,5
Centro;Lazio;RM;C237;20;56,82
Nord Ovest;Liguria;SP;C240;24;50,38
Nord Ovest;Piemonte;TO;C241;2;3
Nord Est;Emilia-Romagna;MO;C242;43,91;227,09
Nord Ovest;Piemonte;AL;C243;2;22
Centro;Toscana;PI;C244;37,84;6
Sud;Campania;BN;C245;0;1,83
Sud;Molise;IS;C246;2;5,5
Sud;Molise;IS;C247;0;0
Centro;Marche;AN;C248;4;16,73
Sud;Campania;BN;C250;1;1
Centro;Marche;MC;C251;3,08;31,16
Centro;Umbria;PG;C252;7;11
Nord Ovest;Piemonte;AT;C253;3,17;1
Nord Ovest;Lombardia;BG;C255;2,51;29,39
Sud;Campania;SA;C259;18;43
Nord Est;Emilia-Romagna;PC;C261;33,5;184,46
Sud;Campania;SA;C262;11;4
Centro;Toscana;AR;C263;10;8,67
Nord Est;Emilia-Romagna;BO;C265;45;225,09
Centro;Lazio;RM;C266;6;3
Centro;Marche;MC;C267;2;0
Centro;Lazio;RI;C268;2;4
Centro;Lazio;VT;C269;7;6
Sud;Molise;IS;C270;3;0
Sud;Basilicata;PZ;C271;0;0
Isole;Sardegna;SS;C272;10;111,51
Nord Ovest;Lombardia;VA;C273;0,84;15
Nord Ovest;Piemonte;AL;C274;0;1
Isole;Sicilia;AG;C275;13,75;9
Nord Ovest;Liguria;SV;C276;6;0
Sud;Abruzzo;AQ;C278;1;2
Sud;Abruzzo;AQ;C279;0;3,5
Sud;Campania;BN;C280;1;4
Nord Ovest;Valle d'Aosta;AO;C282;4;13
Sud;Campania;AV;C283;7,3;0
Sud;Campania;BN;C284;0,92;0
Sud;Calabria;RC;C285;2;7
Isole;Sicilia;TP;C286;42,2;46,96
Nord Est;Emilia-Romagna;MO;C287;18,2;150,83
Nord Est;Emilia-Romagna;PC;C288;3;69,08
Centro;Umbria;TR;C289;5,5;6
Nord Ovest;Lombardia;CR;C290;1;2
Sud;Campania;CE;C291;28,17;86,42
Nord Est;Emilia-Romagna;BO;C292;162,41;481,06
Nord Ovest;Lombardia;BS;C293;12,47;103,12
Nord Ovest;Valle d'Aosta;AO;C294;27,18;17
Nord Est;Emilia-Romagna;BO;C296;26,74;28,47
Isole;Sicilia;CT;C297;29,75;4
Sud;Abruzzo;CH;C298;0;0
Nord Ovest;Lombardia;VA;C300;26,25;88,5
Sud;Calabria;CS;C301;1;6
Nord Ovest;Liguria;GE;C302;5;3
Centro;Toscana;LU;C303;2;3
Nord Ovest;Lombardia;LO;C304;8;43,53
Sud;Campania;SA;C306;2,66;1
Nord Ovest;Piemonte;TO;C307;28;75,06
Sud;Abruzzo;PE;C308;3;2
Centro;Umbria;PG;C309;47,65;161,02
Centro;Toscana;GR;C310;27,11;151,43
Sud;Abruzzo;TE;C311;3,33;2
Nord Ovest;Lombardia;MN;C312;25;306,89
Centro;Toscana;SI;C313;20,5;14,66
Nord Ovest;Piemonte;CN;C314;1;2
Centro;Lazio;VT;C315;8,83;21,06
Sud;Abruzzo;TE;C316;3;3
Nord Ovest;Piemonte;CN;C317;0;4
Centro;Toscana;AR;C318;4,5;15
Centro;Toscana;AR;C319;26,67;65,43
Centro;Marche;AP;C321;3;3,5
Sud;Abruzzo;TE;C322;3;2
Nord Ovest;Piemonte;CN;C323;2;4
Nord Ovest;Lombardia;BG;C324;17,34;126,83
Nord Ovest;Lombardia;SO;C325;8,75;6
Nord Est;Friuli- Venezia Giulia;UD;C327;2;13,5
Nord Ovest;Lombardia;LO;C329;8;48,66
Nord Ovest;Lombardia;BS;C330;4,5;5
Centro;Marche;AP;C331;1;13,39
Nord Ovest;Lombardia;BS;C332;5,39;122,49
Sud;Puglia;LE;C334;2;0,67
Sud;Puglia;LE;C335;2;3,14
Sud;Puglia;LE;C336;6,5;20,22
Nord Ovest;Lombardia;BG;C337;4,17;5
Centro;Lazio;FR;C338;1;3
Nord Est;Emilia-Romagna;FO;C339;9;59,67
Centro;Lazio;FR;C340;3;2,89
Isole;Sicilia;AG;C341;8,5;1
Isole;Sicilia;EN;C342;39,63;69,42
Nord Ovest;Lombardia;VA;C343;7,25;58,83
Isole;Sicilia;PA;C344;3;3
Sud;Basilicata;PZ;C345;5;2,5
Sud;Molise;CB;C346;4;3
Isole;Sicilia;ME;C347;4;1
Sud;Calabria;CS;C348;0;0
Sud;Calabria;CS;C349;28;30,84
Isole;Sicilia;CT;C351;181,66;1246,88
Sud;Calabria;CZ;C352;143,79;70,96
Isole;Sicilia;EN;C353;2;8,75
Sud;Abruzzo;PE;C354;1;2
Isole;Sicilia;AG;C356;12,5;3
Nord Est;Emilia-Romagna;RN;C357;33,33;256,06
Sud;Campania;BN;C359;1;1
Nord Ovest;Lombardia;PV;C360;11;70,89
Sud;Campania;SA;C361;90,78;122,96
Nord Ovest;Piemonte;BI;C363;10,5;34,62
Nord Ovest;Piemonte;NO;C364;1;1
Nord Ovest;Piemonte;NO;C365;1;6
Nord Ovest;Piemonte;TO;C369;3,33;21,59
Nord Est;Veneto;VR;C370;9;136,06
Nord Ovest;Piemonte;CN;C375;0;1,66
Nord Ovest;Piemonte;CN;C376;19,17;45
Sud;Puglia;LE;C377;7;96,67
Nord Ovest;Piemonte;NO;C378;0,5;7,5
Nord Ovest;Lombardia;CO;C381;1,33;1
Nord Ovest;Lombardia;VA;C382;25,75;80,63
Nord Est;Veneto;VE;C383;7,01;90,27
Nord Est;Veneto;TV;C384;2,5;13
Nord Est;Friuli- Venezia Giulia;PN;C385;0;5
Nord Ovest;Piemonte;AL;C387;0;0
Nord Est;Veneto;VE;C388;187,81;1247,83
Nord Est;Friuli- Venezia Giulia;UD;C389;3,5;3,67
Centro;Lazio;RM;C390;27,14;46,5
Nord Ovest;Lombardia;LO;C394;0;19,58
Nord Ovest;Lombardia;MI;C395;26,65;95,67
Nord Ovest;Lombardia;BG;C396;1;64
Nord Est;Emilia-Romagna;MO;C398;7;86,5
Nord Ovest;Piemonte;TO;C404;18,17;55,33
Nord Est;Emilia-Romagna;RE;C405;19;120,88
Nord Ovest;Lombardia;MN;C406;0;30,42
Centro;Toscana;AR;C407;21,33;90,17
Nord Ovest;Lombardia;BS;C408;14,5;88,44
Nord Ovest;Lombardia;VA;C409;0;4
Nord Ovest;Lombardia;BG;C410;6;20
Nord Est;Veneto;VR;C412;3;12
Centro;Lazio;FR;C413;10;23,25
Nord Ovest;Lombardia;PV;C414;2;2
Centro;Toscana;LI;C415;99,44;332,52
Nord Ovest;Lombardia;BS;C417;2;12
Nord Ovest;Lombardia;SO;C418;3,5;3
Isole;Sicilia;PA;C420;2;0
Isole;Sicilia;PA;C421;53;34,54
Nord Est;Veneto;VE;C422;9,6;79,8
Sud;Puglia;BR;C424;49,06;77,11
Sud;Abruzzo;AQ;C426;6,95;13,53
Sud;Abruzzo;CH;C428;5;4,67
Sud;Puglia;FG;C429;1;3
Sud;Calabria;CS;C430;4,5;0
Nord Ovest;Piemonte;AL;C432;0;1
Nord Ovest;Lombardia;CR;C435;0;3
Sud;Puglia;BA;C436;7,5;47
Sud;Calabria;CS;C437;0;0
Nord Ovest;Piemonte;AT;C438;0;9
Nord Ovest;Lombardia;BS;C439;8,25;51
Nord Ovest;Piemonte;AT;C440;0;0
Nord Ovest;Piemonte;CN;C441;0;0
Sud;Puglia;FG;C442;0;0
Nord Ovest;Liguria;SV;C443;40,77;69,03
Sud;Campania;SA;C444;1;0
Centro;Lazio;VT;C446;2,5;2,5
Centro;Lazio;VT;C447;2;1
Sud;Puglia;BR;C448;2;13,17
Sud;Abruzzo;TE;C449;5;6,75
Sud;Calabria;CZ;C453;1;0
Nord Ovest;Lombardia;BG;C456;3;16
Nord Ovest;Lombardia;BG;C457;5,5;55,5
Nord Est;Veneto;BL;C458;12;21,5
Nord Ovest;Lombardia;BG;C459;3;34,82
Nord Est;Veneto;RO;C461;2;16
Nord Ovest;Liguria;SV;C463;20,5;21,5
Nord Ovest;Piemonte;CN;C466;30,57;85,47
Nord Est;Emilia-Romagna;FE;C469;76,34;472,63
Sud;Campania;SA;C470;6;3
Isole;Sicilia;EN;C471;14,49;18,66
Sud;Calabria;CZ;C472;0;0
Sud;Abruzzo;PE;C474;13;60,22
Sud;Campania;BN;C476;7,8;2
Nord Ovest;Piemonte;VB;C478;1;2
Centro;Lazio;FR;C479;3;11
Isole;Sicilia;EN;C480;7,5;11,94
Nord Ovest;Liguria;GE;C481;11,66;20,15
Nord Ovest;Lombardia;CO;C482;1;5
Nord Ovest;Piemonte;NO;C483;13;68,25
Nord Ovest;Lombardia;PV;C484;2;39,5
Sud;Campania;SA;C485;4;1
Sud;Molise;CB;C486;1;3,5
Nord Ovest;Piemonte;TO;C487;1;6
Sud;Molise;CB;C488;2;0
Sud;Calabria;CS;C489;6;1
Sud;Abruzzo;AQ;C492;1;0
Nord Ovest;Lombardia;SO;C493;3;2
Nord Est;Friuli- Venezia Giulia;UD;C494;0,67;3,5
Sud;Campania;NA;C495;22,06;53,75
Isole;Sicilia;PA;C496;4;5,67
Nord Ovest;Piemonte;TO;C497;3;10,5
Nord Est;Veneto;VR;C498;23,84;180,65
Nord Est;Veneto;RO;C500;2,4;10,34
Nord Ovest;Lombardia;MN;C502;1;15,83
Nord Ovest;Piemonte;AL;C503;0;3
Nord Ovest;Piemonte;CN;C504;3;5
Nord Ovest;Piemonte;TO;C505;5;5
Nord Ovest;Lombardia;BG;C506;4,95;43,32
Nord Ovest;Piemonte;AL;C507;0;0
Nord Ovest;Lombardia;PV;C508;0;1
Nord Ovest;Lombardia;PV;C509;4;6
Nord Ovest;Liguria;SV;C510;133,49;176,55
Nord Ovest;Liguria;IM;C511;43,5;0
Nord Ovest;Lombardia;MI;C512;31,25;70,5
Nord Est;Emilia-Romagna;PC;C513;0;0
Sud;Puglia;FG;C514;46,83;230,41
Sud;Calabria;CS;C515;5;0,44
Nord Ovest;Lombardia;CO;C516;36,61;176,3
Sud;Abruzzo;TE;C517;7;2
Centro;Lazio;RM;C518;0;1
Nord Ovest;Lombardia;CO;C520;17,1;60,69
Nord Ovest;Lombardia;LC;C521;22,5;73,5
Nord Ovest;Lombardia;MI;C523;119,31;445,3
Centro;Marche;AN;C524;4,75;24,67
Sud;Campania;BN;C525;3;1
Centro;Umbria;PG;C527;3;4
Nord Ovest;Piemonte;AT;C528;1,5;0,5
Centro;Toscana;FI;C529;17;64,48
Nord Ovest;Piemonte;CN;C530;2;0
Nord Ovest;Piemonte;AL;C531;1;8
Nord Ovest;Piemonte;BI;C532;6;20
Nord Ovest;Piemonte;AT;C533;1;1
Sud;Molise;IS;C534;1;0
Nord Ovest;Lombardia;MI;C536;41;105,62
Nord Ovest;Lombardia;MI;C537;50,65;198,87
Nord Est;Veneto;VR;C538;11,85;29
Sud;Basilicata;PZ;C539;0;0
Centro;Toscana;FI;C540;108,53;124,19
Nord Ovest;Lombardia;PV;C541;9;104
Sud;Calabria;CZ;C542;0;3
Centro;Lazio;RM;C543;8,82;25
Nord Est;Veneto;PD;C544;3,41;56,58
Centro;Lazio;FR;C545;2;5
Nord Ovest;Piemonte;CN;C547;16;40,33
Nord Ovest;Piemonte;VC;C548;0;1
Nord Ovest;Lombardia;BS;C549;1,5;2,5
Nord Ovest;Piemonte;CN;C550;3;13,5
Nord Ovest;Lombardia;PV;C551;2;9,59
Centro;Lazio;RM;C552;83,98;324,75
Nord Est;Emilia-Romagna;RA;C553;94,97;703,9
Sud;Calabria;CS;C554;1;1
Nord Ovest;Lombardia;LO;C555;1;47,83
Sud;Campania;AV;C557;6,75;8,66
Sud;Campania;CE;C558;1,67;0
Nord Ovest;Liguria;IM;C559;4,5;37
Sud;Calabria;CS;C560;1;0
Sud;Campania;CE;C561;10;56,5
Nord Ovest;Lombardia;LC;C563;6;17,72
Nord Ovest;Piemonte;TO;C564;39,05;126,53
Nord Ovest;Lombardia;MI;C565;77;207,81
Nord Ovest;Lombardia;MI;C566;193,83;529,1
Nord Ovest;Piemonte;VB;C567;1;3,04
Isole;Sicilia;ME;C568;5,11;5,61
Nord Ovest;Lombardia;MI;C569;85,3;221,04
Nord Est;Emilia-Romagna;FO;C573;216,49;1056,8
Nord Est;Emilia-Romagna;FO;C574;69,02;232,86
Sud;Campania;AV;C576;2;9
Nord Est;Veneto;BL;C577;5,74;20,09
Nord Ovest;Liguria;IM;C578;3,5;1
Nord Est;Veneto;TV;C580;3;36,5
Sud;Calabria;VV;C581;0;2
Centro;Marche;MC;C582;2;0
Nord Ovest;Piemonte;AT;C583;0;0
Sud;Campania;SA;C584;1;1
Nord Ovest;Lombardia;BS;C585;6,5;6
Centro;Toscana;SI;C587;9,5;17
Sud;Calabria;CS;C588;2;2,17
Nord Ovest;Piemonte;CN;C589;7;26,69
Nord Ovest;Lombardia;BS;C591;5;13,17
Nord Ovest;Valle d'Aosta;AO;C593;5;7
Nord Ovest;Valle d'Aosta;AO;C594;19;7
Nord Ovest;Valle d'Aosta;AO;C595;4;7
Nord Ovest;Valle d'Aosta;AO;C596;1;3
Nord Ovest;Valle d'Aosta;AO;C598;13,5;27,5
Nord Ovest;Piemonte;CN;C599;55;98
Isole;Sardegna;SS;C600;0;0
Nord Ovest;Piemonte;TO;C604;3;8
Nord Est;Veneto;VI;C605;10,43;86,52
Sud;Campania;AV;C606;4;0
Centro;Toscana;SI;C608;20;76,75
Centro;Toscana;PI;C609;16;10
Nord Ovest;Piemonte;TO;C610;7;9,67
Isole;Sicilia;RG;C612;16;18,34
Isole;Sardegna;SS;C613;0,89;5
Nord Est;Veneto;TV;C614;7,33;30,23
Centro;Marche;AN;C615;38,31;109,01
Sud;Calabria;CZ;C616;1;0
Nord Ovest;Lombardia;BS;C618;39,69;218,41
Sud;Basilicata;PZ;C619;4;2
Sud;Molise;IS;C620;1;0
Nord Ovest;Liguria;GE;C621;131,61;270,09
Nord Ovest;Lombardia;SO;C623;54,85;97,6
Nord Ovest;Piemonte;TO;C624;10;14
Nord Ovest;Piemonte;TO;C627;155,09;383,08
Nord Ovest;Lombardia;SO;C628;33,99;35,75
Nord Ovest;Piemonte;TO;C629;4;1
Nord Est;Veneto;BL;C630;2;5,7
Centro;Toscana;PT;C631;1;19,05
Sud;Abruzzo;CH;C632;98,9;254,78
Sud;Puglia;FG;C633;0;7
Nord Ovest;Lombardia;CR;C634;3;32,17
Nord Ovest;Lombardia;BG;C635;3;45,44
Nord Ovest;Lombardia;PV;C637;8,5;44,84
Nord Est;Veneto;VE;C638;159,28;544,17
Nord Ovest;Piemonte;TO;C639;8;13,5
Nord Est;Friuli- Venezia Giulia;PN;C640;15;48,5
Centro;Toscana;AR;C648;1;2
Nord Ovest;Lombardia;BG;C649;19,42;83,61
Nord Est;Veneto;VI;C650;4;18,64
Nord Ovest;Lombardia;SO;C651;11,33;6
Nord Ovest;Piemonte;CN;C653;14,5;31,23
Isole;Sicilia;PA;C654;4;4
Nord Ovest;Piemonte;TO;C655;1;7
Nord Est;Friuli- Venezia Giulia;UD;C656;3,5;31,33
Nord Ovest;Liguria;IM;C657;3;1
Nord Ovest;Piemonte;AT;C658;0;0
Sud;Campania;AV;C659;1;2
Nord Ovest;Liguria;IM;C660;3;0
Centro;Toscana;SI;C661;12,63;5
Centro;Toscana;SI;C662;18,83;61,5
Centro;Toscana;AR;C663;9;7,95
Nord Ovest;Piemonte;TO;C665;96,42;288,5
Isole;Sicilia;AG;C668;8;7,67
Nord Est;Emilia-Romagna;RE;C669;11,5;38,67
Nord Est;Veneto;TV;C670;2;39
Nord Est;Veneto;BL;C672;3,61;4
Nord Ovest;Liguria;GE;C673;9,36;3
Sud;Calabria;CZ;C674;2;0
Sud;Campania;NA;C675;20,01;46,5
Sud;Campania;SA;C676;5,5;1
Centro;Lazio;RM;C677;1;3
Nord Ovest;Lombardia;CR;C678;1;7,26
Nord Ovest;Piemonte;TO;C679;2;3
Nord Ovest;Piemonte;VC;C680;8,07;47,13
Nord Ovest;Piemonte;CN;C681;0;1
Nord Ovest;Lombardia;PV;C684;2;8
Nord Ovest;Lombardia;BS;C685;0,06;8,74
Nord Ovest;Lombardia;PV;C686;6;70,5
Nord Est;Veneto;TV;C689;3;16,53
Nord Ovest;Lombardia;BS;C691;1;4
Sud;Calabria;RC;C695;0;0
Isole;Sicilia;PA;C696;6;2
Sud;Campania;NA;C697;4,5;17,94
Nord Ovest;Lombardia;BS;C698;5;7
Nord Est;Friuli- Venezia Giulia;PN;C699;1;0
Nord Ovest;Piemonte;AT;C701;1;2
Centro;Lazio;RM;C702;2,72;0
Nord Ovest;Lombardia;CR;C703;2;6
Centro;Marche;MC;C704;33,5;36
Centro;Toscana;GR;C705;21,09;14
Nord Ovest;Lombardia;MI;C707;240,28;538,73
Isole;Sicilia;PA;C708;9,5;4,5
Nord Ovest;Lombardia;SO;C709;0,5;5
Sud;Calabria;RC;C710;0,33;2
Nord Ovest;Piemonte;TO;C711;0;1
Nord Est;Veneto;PD;C713;5,5;8
Nord Est;Veneto;VE;C714;0;31,33
Nord Ovest;Piemonte;TO;C715;6;3
Sud;Campania;CE;C716;0;0
Nord Ovest;Liguria;IM;C718;24,13;31,1
Sud;Campania;BN;C719;0,58;0,5
Nord Ovest;Piemonte;TO;C722;63,58;207,64
Sud;Basilicata;MT;C723;0;0
Nord Ovest;Lombardia;CO;C724;3,34;33,33
Sud;Calabria;KR;C725;3;5
Sud;Calabria;KR;C726;19,2;6,73
Nord Ovest;Lombardia;BG;C728;17,78;69,67
Nord Ovest;Liguria;SV;C729;8;8
Nord Ovest;Lombardia;BG;C730;12,06;99,8
Nord Ovest;Lombardia;VA;C732;30,25;121,37
Nord Ovest;Lombardia;MI;C733;15,25;94,49
Nord Est;Veneto;TV;C735;6;10,5
Nord Ovest;Piemonte;CN;C738;1;1
Nord Ovest;Piemonte;AT;C739;3;11
Centro;Lazio;LT;C740;44,42;131,49
Sud;Puglia;BR;C741;22,25;41,33
Centro;Umbria;PG;C742;4,27;14
Nord Est;Veneto;PD;C743;23,16;175,1
Centro;Umbria;PG;C744;29,5;67,78
Centro;Umbria;PG;C745;72,98;246,45
Centro;Lazio;RI;C746;9;20,07
Sud;Calabria;RC;C747;5,5;7
Centro;Lazio;RI;C749;0;0
Sud;Abruzzo;PE;C750;24;123,81
Nord Ovest;Lombardia;VA;C751;12;40,77
Nord Ovest;Lombardia;LC;C752;11,5;35,79
Nord Ovest;Liguria;IM;C755;9;19
Nord Ovest;Piemonte;VC;C757;0;1
Nord Est;Friuli- Venezia Giulia;UD;C758;31;87,78
Nord Ovest;Lombardia;BG;C759;5;34,67
Nord Ovest;Lombardia;BS;C760;9,5;7
Sud;Calabria;CS;C763;5;5
Sud;Molise;CB;C764;2;5
Centro;Lazio;VT;C765;47,58;61,13
Sud;Abruzzo;AQ;C766;0;0
Centro;Lazio;RM;C767;21,83;31,41
Sud;Abruzzo;CH;C768;2;0
Sud;Molise;IS;C769;0;1
Centro;Marche;MC;C770;143,77;483,85
Sud;Abruzzo;PE;C771;1;1
Sud;Molise;CB;C772;3,5;0,5
Centro;Lazio;RM;C773;104,24;254,64
Centro;Toscana;AR;C774;10;48,5
Sud;Abruzzo;CH;C776;1;1
Nord Est;Emilia-Romagna;FO;C777;3,83;8
Sud;Abruzzo;AQ;C778;3;3
Sud;Abruzzo;PE;C779;2,2;2,7
Centro;Lazio;VT;C780;6;4
Sud;Abruzzo;TE;C781;5,82;4,5
Centro;Toscana;GR;C782;6;13,92
Sud;Abruzzo;AQ;C783;1,5;5
Centro;Lazio;RM;C784;7;4
Nord Ovest;Lombardia;SO;C785;15,6;8
Nord Ovest;Lombardia;CO;C787;7,5;1
Nord Ovest;Lombardia;BG;C789;0;9
Nord Est;Friuli- Venezia Giulia;PN;C790;5,5;3
Nord Est;Friuli- Venezia Giulia;PN;C791;2,5;2
Nord Ovest;Piemonte;CN;C792;6;5
Nord Ovest;Piemonte;TO;C793;5;25,78
Sud;Calabria;CS;C795;0,33;3
Nord Ovest;Lombardia;VA;C796;4,5;21
Nord Ovest;Lombardia;BG;C800;14,23;118,71
Nord Ovest;Piemonte;TO;C801;3;18
Nord Ovest;Piemonte;TO;C803;18;49,5
Nord Ovest;Piemonte;AT;C804;0;1
Nord Ovest;Lombardia;BS;C806;18,66;114,39
Nord Ovest;Piemonte;AT;C807;3;15
Nord Ovest;Lombardia;VA;C810;9,33;26
Sud;Abruzzo;AQ;C811;1;0
Nord Est;Veneto;PD;C812;6,13;53,02
Nord Ovest;Lombardia;PV;C813;1;3
Nord Est;Emilia-Romagna;FE;C814;11,42;78,37
Nord Est;Veneto;TV;C815;4,6;30,6
Nord Ovest;Lombardia;LO;C816;65;171,19
Nord Est;Friuli- Venezia Giulia;UD;C817;31;199,17
Isole;Sardegna;SS;C818;1;2
Nord Ovest;Piemonte;BI;C819;6;14
Nord Ovest;Lombardia;MI;C820;23;65,25
Nord Ovest;Valle d'Aosta;AO;C821;32,64;25
Nord Ovest;Liguria;GE;C823;29,87;92,33
Nord Est;Veneto;VI;C824;5;17,33
Nord Ovest;Liguria;GE;C826;42,82;35
Nord Ovest;Piemonte;NO;C829;3,66;9
Nord Ovest;Lombardia;BG;C835;8,4;17,71
Centro;Lazio;FR;C836;2,17;0
Nord Est;Emilia-Romagna;PC;C838;4,67;9,84
Nord Ovest;Lombardia;LC;C839;57,96;199,53
Centro;Lazio;RI;C841;3;0
Sud;Abruzzo;AQ;C844;2;4
Centro;Umbria;PG;C845;11,5;14
Sud;Campania;BN;C846;2;0
Centro;Toscana;SI;C847;21,67;179,17
Nord Est;Veneto;TV;C848;9;43,97
Nord Ovest;Lombardia;BS;C850;8,36;15,91
Nord Ovest;Lombardia;LC;C851;0;10
Nord Est;Emilia-Romagna;PR;C852;67,17;162,6
Sud;Abruzzo;PE;C853;6;11
Sud;Molise;CB;C854;2;0,67
Sud;Abruzzo;CH;C855;0;0
Sud;Abruzzo;CH;C856;0;2,5
Centro;Lazio;RI;C857;3;1
Centro;Lazio;RM;C858;44;141,27
Centro;Lazio;RI;C859;2;1
Nord Ovest;Piemonte;TO;C860;217,16;518,21
Sud;Abruzzo;AQ;C862;3;1
Centro;Lazio;FR;C864;1;1
Sud;Puglia;LE;C865;1,33;4
Sud;Abruzzo;AQ;C866;0;0
Nord Ovest;Piemonte;TO;C867;0;0,5
Nord Ovest;Piemonte;TO;C868;0;4
Centro;Toscana;LI;C869;53,25;161,18
Centro;Lazio;FR;C870;1;1
Isole;Sicilia;PA;C871;13,63;0
Sud;Molise;CB;C875;0;1,25
Centro;Lazio;RI;C876;9;3
Centro;Marche;AP;C877;5;25,5
Sud;Molise;IS;C878;2;2,67
Sud;Campania;SA;C879;5,34;0,67
Centro;Lazio;RI;C880;3;1
Isole;Sardegna;CA;C882;0;0
Nord Ovest;Lombardia;BS;C883;4,1;17,91
Nord Ovest;Piemonte;VC;C884;0;2,67
Nord Est;Friuli- Venezia Giulia;UD;C885;1,5;4
Centro;Marche;MC;C886;4;10
Sud;Basilicata;MT;C888;3,34;5,67
Nord Est;Veneto;VR;C890;7,57;71,18
Nord Ovest;Lombardia;BS;C893;17;99,47
Nord Ovest;Lombardia;BG;C894;20,96;165,8
Nord Ovest;Lombardia;MI;C895;215,36;521,93
Nord Est;Veneto;VR;C897;14,34;88,99
Centro;Lazio;RM;C900;8,6;15,02
Sud;Abruzzo;TE;C901;3,67;25,5
Nord Ovest;Lombardia;CO;C902;2;16
Nord Ovest;Lombardia;SO;C903;11;6
Nord Est;Emilia-Romagna;PR;C904;5,5;115,38
Sud;Calabria;CS;C905;2;4
Nord Ovest;Lombardia;MI;C908;5;26
Nord Ovest;Lombardia;BG;C910;0;17,83
Nord Ovest;Lombardia;VA;C911;5;12
Nord Est;Emilia-Romagna;FE;C912;60,71;243
Centro;Toscana;MS;C914;4;5
Nord Ovest;Lombardia;LO;C917;10;76,67
Nord Est;Friuli- Venezia Giulia;UD;C918;2;2,5
Nord Est;Veneto;BL;C919;9,36;13,45
Nord Est;Veneto;BL;C920;13,3;27
Nord Ovest;Lombardia;VA;C922;7,63;42,17
Nord Ovest;Lombardia;BS;C925;1;31
Nord Ovest;Piemonte;NO;C926;2;15,5
Isole;Sicilia;RG;C927;16,41;59,5
Isole;Sicilia;AG;C928;0;1
Sud;Campania;NA;C929;1;0
Nord Ovest;Lombardia;MN;C930;0;2,5
Nord Ovest;Lombardia;CO;C933;402,31;1088,43
Nord Est;Emilia-Romagna;PR;C934;2;10,5
Centro;Marche;AP;C935;9,5;16,12
Nord Ovest;Lombardia;CO;C936;12;17,5
Nord Ovest;Lombardia;BG;C937;7;68,34
Nord Est;Veneto;VE;C938;1,25;15,5
Sud;Campania;CE;C939;3;3
Sud;Campania;SA;C940;4;0
Sud;Molise;IS;C941;0;1
Nord Est;Veneto;VR;C943;0;26
Centro;Lazio;RI;C946;4;0
Nord Ovest;Lombardia;BS;C948;26,5;172,5
Nord Est;Veneto;VE;C950;39,1;129,67
Nord Est;Emilia-Romagna;MO;C951;9,5;67,69
Nord Ovest;Lombardia;MI;C952;85,59;273,08
Sud;Calabria;RC;C954;0;2
Nord Ovest;Piemonte;TO;C955;17,64;47,4
Isole;Sicilia;ME;C956;1;0
Nord Est;Veneto;TV;C957;131,2;451,03
Nord Ovest;Lombardia;PV;C958;3;17,88
Centro;Lazio;RI;C959;8;1
Sud;Calabria;CZ;C960;0,66;1
Nord Ovest;Piemonte;AL;C962;1;3
Nord Est;Emilia-Romagna;RA;C963;14;86
Nord Est;Veneto;PD;C964;10,04;97,54
Isole;Sicilia;PA;C968;5,06;2,83
Centro;Lazio;RI;C969;2;10,5
Sud;Campania;AV;C971;8;7
Sud;Abruzzo;TE;C972;2,5;11,5
Sud;Campania;SA;C973;2;0
Sud;Campania;SA;C974;6;8
Sud;Puglia;BA;C975;57,63;132,83
Sud;Campania;AV;C976;7;10
Nord Ovest;Piemonte;AL;C977;4;3
Sud;Puglia;LE;C978;5;33,07
Nord Ovest;Lombardia;PV;C979;0;17
Nord Est;Emilia-Romagna;FE;C980;25,67;173,01
Nord Ovest;Lombardia;PV;C982;3;3
Sud;Puglia;BA;C983;164,97;163,89
Sud;Campania;SA;C984;4;4
Nord Ovest;Lombardia;MI;C986;104,27;324,72
Nord Est;Veneto;RO;C987;1;13,56
Centro;Lazio;VT;C988;7;6,22
Centro;Umbria;PG;C990;104,4;298,25
Nord Est;Friuli- Venezia Giulia;PN;C991;45,57;186,95
Nord Est;Veneto;TV;C992;4;64
Nord Est;Friuli- Venezia Giulia;PN;C993;9;23
Nord Ovest;Liguria;GE;C995;0,5;1
Centro;Toscana;LU;C996;12;22,25
Centro;Lazio;FR;C998;2;0
Sud;Abruzzo;AQ;C999;2,33;4,33
Centro;Lazio;LT;D003;15,42;10,5
Nord Est;Emilia-Romagna;RN;D004;4;70,47
Sud;Puglia;LE;D006;8,78;7
Centro;Marche;AN;D007;1;13,39
Nord Ovest;Piemonte;TO;D008;13;30,72
Isole;Sicilia;PA;D009;12,17;10,67
Sud;Basilicata;PZ;D010;12,25;5
Sud;Campania;SA;D011;0,33;0
Nord Ovest;Valle d'Aosta;AO;D012;89,2;196,7
Nord Ovest;Lombardia;MI;D013;110,89;256,22
Nord Ovest;Lombardia;BG;D015;2;9
Nord Ovest;Lombardia;BG;D016;4;7,89
Nord Ovest;Lombardia;MI;D018;130,32;260,46
Nord Ovest;Lombardia;MI;D019;47,64;170,82
Nord Est;Veneto;VI;D020;7,83;76,57
Nord Ovest;Lombardia;LO;D021;3;58,5
Nord Ovest;Piemonte;CN;D022;3;12,67
Centro;Lazio;VT;D024;49,97;65,68
Nord Est;Emilia-Romagna;PR;D026;13,75;12
Nord Est;Friuli- Venezia Giulia;UD;D027;10;34,5
Nord Ovest;Lombardia;LO;D028;2;10
Nord Ovest;Lombardia;LO;D029;0;0
Nord Est;Veneto;TV;D030;6,2;41,7
Nord Ovest;Lombardia;MI;D033;0,25;4
Nord Est;Emilia-Romagna;RE;D037;68,33;307,63
Nord Ovest;Lombardia;MI;D038;18,5;67
Nord Est;Veneto;PD;D040;5;32,08
Nord Ovest;Lombardia;CO;D041;0,11;3
Centro;Marche;MC;D042;23,44;73,78
Sud;Abruzzo;TE;D043;12;30,67
Sud;Puglia;LE;D044;2,83;4,92
Nord Ovest;Lombardia;MI;D045;113,04;265,52
Nord Ovest;Piemonte;AT;D046;0;1
Sud;Calabria;CZ;D049;3;2
Nord Ovest;Piemonte;AT;D050;0;1
Nord Ovest;Piemonte;AT;D051;2;0,99
Nord Ovest;Piemonte;AT;D052;1;3
Nord Est;Emilia-Romagna;PC;D054;1,33;7,44
Nord Ovest;Lombardia;CR;D056;1;13,75
Nord Ovest;Lombardia;CR;D057;2;12,97
Nord Ovest;Lombardia;BS;D058;4,34;90
Nord Est;Emilia-Romagna;PC;D061;6;60,31
Nord Ovest;Piemonte;CN;D062;4,86;12,99
Nord Ovest;Lombardia;BS;D064;27,47;125
Nord Ovest;Lombardia;LC;D065;4;5
Nord Ovest;Lombardia;BG;D066;5;15,5
Nord Ovest;Lombardia;LO;D068;0;13,5
Nord Ovest;Piemonte;AT;D072;1;2
Sud;Abruzzo;TE;D076;0;0
Centro;Toscana;AR;D077;39,07;108,5
Sud;Abruzzo;PE;D078;0;1
Nord Ovest;Lombardia;PV;D081;2;4
Nord Ovest;Lombardia;BS;D082;1,5;16
Nord Est;Friuli- Venezia Giulia;UD;D085;2;7,5
Sud;Calabria;CS;D086;130,21;230,42
Nord Ovest;Liguria;IM;D087;1;1
Nord Ovest;Lombardia;SO;D088;12,5;40,5
Sud;Calabria;RC;D089;0;0
Nord Ovest;Piemonte;TO;D092;0;2
Nord Ovest;Piemonte;CN;D093;0,01;4
Nord Ovest;Piemonte;BI;D094;52;181,73
Nord Ovest;Liguria;SV;D095;4,96;3,49
Centro;Marche;AP;D096;1;2,5
Nord Ovest;Piemonte;VB;D099;9;2
Isole;Sardegna;SS;D100;2;4,9
Nord Ovest;Piemonte;AT;D101;0;1
Nord Ovest;Piemonte;AL;D102;1;1
Nord Ovest;Lombardia;BG;D103;4;6,59
Nord Est;Veneto;RO;D105;2,5;12,25
Nord Est;Veneto;VI;D107;10;116,32
Centro;Umbria;PG;D108;2;1,44
Nord Ovest;Lombardia;PV;D109;0;3
Nord Ovest;Lombardia;BG;D110;4,27;68,09
Nord Ovest;Lombardia;BG;D111;3;49,38
Nord Ovest;Lombardia;LC;D112;15,5;37,5
Nord Ovest;Piemonte;VC;D113;1;6
Nord Ovest;Liguria;IM;D114;11;28,02
Nord Ovest;Lombardia;BG;D117;30;86,83
Nord Est;Veneto;VR;D118;17,5;107,33
Nord Ovest;Piemonte;AT;D119;16;31,34
Nord Ovest;Piemonte;CN;D120;15,5;26,5
Nord Est;Emilia-Romagna;RA;D121;18;97,4
Sud;Calabria;KR;D122;49,92;131,18
Sud;Calabria;KR;D123;12;10
Centro;Lazio;RI;D124;2;2
Nord Ovest;Lombardia;BG;D126;3,66;34,84
Nord Ovest;Lombardia;PV;D127;0;1
Sud;Basilicata;MT;D128;0;1
Nord Ovest;Lombardia;LC;D131;0;1
Nord Ovest;Piemonte;VC;D132;2,67;5,34
Nord Ovest;Piemonte;CN;D133;3;2
Nord Ovest;Piemonte;VB;D134;6,17;23
Nord Est;Veneto;VI;D136;9,62;152,03
Sud;Abruzzo;CH;D137;4,2;0
Nord Ovest;Lombardia;BG;D139;10;54,22
Nord Ovest;Lombardia;CR;D141;5;17,36
Nord Ovest;Lombardia;CR;D142;87,9;401,13
Nord Ovest;Lombardia;LC;D143;7,1;12,5
Nord Ovest;Lombardia;VA;D144;0,25;10,25
Nord Ovest;Lombardia;LC;D145;12,07;63
Nord Ovest;Lombardia;CO;D147;11;9
Nord Ovest;Piemonte;AL;D149;0;8
Nord Ovest;Lombardia;CR;D150;344,58;848,89
Nord Ovest;Lombardia;CR;D151;2;27,6
Nord Ovest;Piemonte;VC;D154;15;81,5
Nord Est;Veneto;VI;D156;2;7,5
Nord Ovest;Lombardia;LO;D159;3,1;21,61
Nord Est;Veneto;RO;D161;2,5;5
Nord Ovest;Piemonte;NO;D162;2;5,5
Nord Ovest;Piemonte;BI;D165;4,5;6,5
Nord Est;Emilia-Romagna;BO;D166;37;149,33
Nord Ovest;Piemonte;VB;D168;38,5;25
Sud;Campania;NA;D170;5;24
Sud;Puglia;TA;D171;11;32,33
Nord Ovest;Piemonte;CN;D172;2;6
Nord Ovest;Liguria;GE;D175;2;0
Nord Ovest;Piemonte;VB;D177;10;14,33
Sud;Abruzzo;TE;D179;3;8
Sud;Calabria;CS;D180;2;1
Sud;Calabria;CZ;D181;4,5;1
Sud;Calabria;CS;D184;7;5
Nord Ovest;Lombardia;VA;D185;0;6
Nord Ovest;Lombardia;CR;D186;0;7
Nord Ovest;Piemonte;VC;D187;1;1
Sud;Calabria;KR;D189;5;4
Nord Ovest;Lombardia;VA;D192;18,08;47,14
Nord Est;Veneto;VR;D193;10;58
Sud;Campania;SA;D195;1;0
Nord Ovest;Lombardia;CO;D196;0;20
Nord Ovest;Piemonte;TO;D197;1;5
Nord Ovest;Lombardia;MI;D198;11,5;87,48
Nord Ovest;Lombardia;VA;D199;6,5;34
Isole;Sardegna;OR;D200;5;4,33
Sud;Abruzzo;PE;D201;2;4
Nord Ovest;Piemonte;TO;D202;30;75
Nord Ovest;Lombardia;CR;D203;0;4
Nord Ovest;Lombardia;VA;D204;1,25;21,67
Nord Ovest;Piemonte;CN;D205;440,33;529,51
Nord Ovest;Piemonte;AT;D207;0;3
Nord Ovest;Piemonte;TO;D208;38,22;65,64
Sud;Abruzzo;CH;D209;6;12
Centro;Marche;AP;D210;25,5;48,59
Centro;Marche;AN;D211;18,52;29,2
Isole;Sardegna;OR;D214;0;0
Nord Ovest;Piemonte;NO;D216;4;25
Nord Ovest;Lombardia;VA;D217;3;1
Sud;Calabria;CZ;D218;1;1,67
Nord Ovest;Piemonte;BI;D219;4;2
Nord Ovest;Lombardia;BG;D221;20,65;149
Sud;Puglia;LE;D223;2,5;4
Nord Est;Veneto;PD;D226;1;68,21
Nord Ovest;Lombardia;MN;D227;12,5;194,59
Sud;Campania;CE;D228;6,33;43
Nord Ovest;Lombardia;MI;D229;57;130,67
Sud;Campania;BN;D230;4,42;4,66
Nord Ovest;Lombardia;MI;D231;90,84;186,49
Nord Ovest;Lombardia;CO;D232;10,5;0,5
Nord Ovest;Lombardia;BG;D233;1;0
Isole;Sicilia;TP;D234;3;1
Sud;Calabria;KR;D236;3;4
Sud;Puglia;LE;D237;6;4,33
Nord Ovest;Lombardia;VA;D238;13;40,08
Nord Ovest;Lombardia;VA;D239;2,5;12
Nord Ovest;Lombardia;MI;D244;17;77,75
Nord Ovest;Lombardia;BG;D245;53,04;337,36
Nord Est;Veneto;BL;D247;3;9,33
Nord Ovest;Lombardia;BS;D251;63,42;153,16
Sud;Calabria;VV;D253;1,67;0
Nord Ovest;Liguria;GE;D255;9;1
Nord Ovest;Lombardia;VA;D256;3;25
Sud;Calabria;CZ;D257;12;2
Nord Ovest;Lombardia;SO;D258;2;8,66
Isole;Sardegna;CA;D259;13;79
Isole;Sardegna;CA;D260;2;1,5
Sud;Calabria;CZ;D261;0;0,5
Nord Ovest;Liguria;SV;D264;9,5;8,5
Nord Ovest;Liguria;SP;D265;12,83;62,89
Nord Ovest;Lombardia;SO;D266;2,5;14,5
Isole;Sicilia;CL;D267;9,5;5
Sud;Calabria;RC;D268;1;0
Sud;Puglia;FG;D269;1,5;6
Nord Ovest;Lombardia;BS;D270;3;65,83
Nord Ovest;Piemonte;CN;D271;8,5;11
Nord Ovest;Piemonte;AL;D272;2;3
Nord Ovest;Piemonte;AL;D277;2;2
Nord Ovest;Lombardia;CR;D278;1;2,5
Centro;Umbria;PG;D279;20,5;66
Nord Ovest;Lombardia;LC;D280;8,33;26,47
Nord Ovest;Piemonte;VC;D281;2;10,5
Nord Ovest;Lombardia;BS;D284;149;720,94
Nord Ovest;Lombardia;MI;D286;148,15;439,61
Isole;Sardegna;NU;D287;2;1
Sud;Calabria;CS;D289;17,25;23,47
Sud;Calabria;CS;D290;0;0
Nord Ovest;Piemonte;CN;D291;9;17,5
Sud;Campania;SA;D292;1;2,5
Nord Ovest;Liguria;IM;D293;5,5;32
Nord Ovest;Liguria;IM;D296;15;38
Nord Ovest;Liguria;IM;D297;76,84;132,17
Nord Ovest;Liguria;IM;D298;15;5
Centro;Toscana;FI;D299;9,75;32,25
Nord Est;Friuli- Venezia Giulia;UD;D300;6;9
Sud;Calabria;VV;D303;0;0
Sud;Calabria;CS;D304;1,77;3
Sud;Puglia;LE;D305;4;10
Nord Ovest;Piemonte;NO;D309;0;10
Nord Ovest;Lombardia;CO;D310;2;7,5
Nord Ovest;Piemonte;CN;D314;17,1;27,5
Sud;Abruzzo;CH;D315;0;2
Nord Est;Friuli- Venezia Giulia;UD;D316;0;0
Nord Est;Veneto;VR;D317;1,33;26,5
Nord Ovest;Liguria;IM;D318;18;7
Nord Ovest;Liguria;IM;D319;20;10,5
Isole;Sardegna;CA;D323;5;13,5
Nord Est;Veneto;VE;D325;15,67;282,6
Nord Ovest;Lombardia;LC;D327;3,17;26
Sud;Calabria;CS;D328;1;1
Nord Ovest;Lombardia;CO;D329;12,45;29
Nord Est;Veneto;BL;D330;12,68;14,07
Sud;Campania;AV;D331;4;2
Nord Ovest;Piemonte;VB;D332;87,99;148,83
Isole;Sardegna;CA;D333;2;17
Isole;Sardegna;CA;D334;1,33;3,33
Nord Ovest;Valle d'Aosta;AO;D338;13,5;15
Nord Ovest;Piemonte;BI;D339;3;4
Nord Ovest;Lombardia;CO;D341;10,02;12,08
Isole;Sardegna;CA;D344;0;0
Isole;Sardegna;NU;D345;5;5,5
Nord Ovest;Lombardia;LC;D346;5;6
Nord Ovest;Piemonte;NO;D347;8,5;31,75
Nord Ovest;Lombardia;PV;D348;6;43,5
Nord Ovest;Piemonte;BI;D350;0;5
Nord Ovest;Lombardia;MN;D351;4,5;25
Nord Ovest;Lombardia;BG;D352;5;15,5
Nord Ovest;Lombardia;CO;D355;1;0
Nord Ovest;Valle d'Aosta;AO;D356;3;3
Nord Est;Emilia-Romagna;FO;D357;0;7,5
Nord Ovest;Lombardia;CR;D358;2;36,7
Nord Est;Emilia-Romagna;BO;D360;13,52;99,69
Sud;Campania;CE;D361;2;0
Sud;Calabria;VV;D364;0;0
Nord Est;Friuli- Venezia Giulia;UD;D366;0;0
Nord Ovest;Lombardia;MI;D367;4;44,17
Nord Ovest;Piemonte;CN;D372;21,2;34,95
Nord Ovest;Piemonte;TO;D373;47,25;119,09
Nord Ovest;Piemonte;VB;D374;8,98;5,5
Isole;Sardegna;NU;D376;0;0
Nord Ovest;Lombardia;SO;D377;8;38
Nord Est;Veneto;VI;D379;12;118,7
Sud;Campania;BN;D380;5,5;4,5
Nord Ovest;Lombardia;VA;D384;5,2;8,2
Nord Ovest;Lombardia;VA;D385;0;0
Sud;Campania;BN;D386;2;0
Nord Ovest;Piemonte;AT;D388;0;5,32
Sud;Campania;SA;D390;43,67;65,57
Nord Ovest;Lombardia;BS;D391;27,91;45,17
Sud;Abruzzo;PE;D394;0,83;1,83
Nord Ovest;Lombardia;LC;D398;5;7
Isole;Sardegna;CA;D399;26;90
Nord Ovest;Piemonte;CN;D401;0;0
Nord Ovest;Valle d'Aosta;AO;D402;1;6
Centro;Toscana;FI;D403;112,26;402,46
Nord Ovest;Lombardia;BG;D406;5,17;48,49
Nord Est;Veneto;VI;D407;6,33;23,41
Nord Est;Friuli- Venezia Giulia;UD;D408;0;4,25
Nord Ovest;Piemonte;CN;D410;2,83;15,5
Nord Ovest;Lombardia;BG;D411;6;27,86
Nord Ovest;Piemonte;CN;D412;10,5;16,5
Sud;Basilicata;PZ;D414;0;1
Nord Est;Veneto;VE;D415;40,88;175,51
Nord Ovest;Lombardia;CO;D416;52,94;152,11
Nord Est;Veneto;VR;D419;3;23
Nord Est;Veneto;VR;D420;3,33;18,62
Nord Ovest;Lombardia;BS;D421;6;97,5
Sud;Puglia;BR;D422;1;6,56
Isole;Sicilia;TP;D423;17,43;64,37
Nord Ovest;Liguria;SV;D424;2;1
Nord Est;Friuli- Venezia Giulia;PN;D426;1;1
Nord Ovest;Lombardia;LC;D428;1,33;3,66
Centro;Marche;MC;D429;4,5;6
Isole;Sardegna;NU;D430;1;4
Isole;Sardegna;NU;D431;0;0
Nord Ovest;Piemonte;TO;D433;6;2
Nord Ovest;Lombardia;BS;D434;5,5;27,75
Nord Ovest;Lombardia;LC;D436;4;7
Centro;Lazio;FR;D440;2;0
Isole;Sardegna;SS;D441;0;0
Nord Est;Veneto;PD;D442;26,93;206,83
Isole;Sardegna;NU;D443;0;0
Nord Ovest;Valle d'Aosta;AO;D444;3;2
Nord Ovest;Lombardia;CO;D445;5;14,5
Nord Ovest;Piemonte;AL;D447;5;5,17
Nord Est;Emilia-Romagna;RE;D450;25;97,05
Centro;Marche;AN;D451;63,3;192,82
Centro;Lazio;VT;D452;11;28
Sud;Calabria;VV;D453;1;0
Centro;Umbria;TR;D454;4;15,5
Nord Est;Friuli- Venezia Giulia;UD;D455;2;7,5
Nord Ovest;Lombardia;SO;D456;1;0
Nord Est;Emilia-Romagna;RA;D458;138,04;553,72
Sud;Puglia;FG;D459;1;9
Nord Est;Friuli- Venezia Giulia;UD;D461;15,67;45,64
Nord Ovest;Lombardia;CO;D462;7,63;29
Sud;Puglia;TA;D463;0;5
Sud;Calabria;CS;D464;0;1
Sud;Abruzzo;AQ;D465;1;0,5
Nord Ovest;Lombardia;VA;D467;19,47;124,47
Sud;Campania;BN;D469;2;0,5
Nord Est;Veneto;BL;D470;47,36;42,12
Centro;Marche;AN;D472;66,79;158,94
Sud;Calabria;CS;D473;1;17,67
Isole;Sicilia;ME;D474;2,89;1
Centro;Lazio;VT;D475;2,5;4,5
Sud;Calabria;CZ;D476;13;6
Centro;Marche;AP;D477;4,08;10,08
Sud;Abruzzo;CH;D480;0;0
Nord Ovest;Lombardia;CO;D482;19,14;64,46
Centro;Lazio;FR;D483;0,67;1,5
Nord Est;Emilia-Romagna;MO;D486;18,22;41,67
Nord Est;Friuli- Venezia Giulia;PN;D487;2;5,17
Centro;Marche;PS;D488;138,74;524,2
Sud;Abruzzo;TE;D489;0,5;0
Nord Ovest;Lombardia;BG;D490;15,16;132,75
Nord Ovest;Lombardia;BG;D491;0;24
Nord Ovest;Piemonte;NO;D492;11;22,34
Centro;Lazio;RI;D493;22,5;65,58
Sud;Abruzzo;CH;D494;0;4
Sud;Abruzzo;CH;D495;2;3
Nord Est;Veneto;VI;D496;4;23,27
Sud;Basilicata;PZ;D497;1;0
Nord Ovest;Piemonte;CN;D499;12,25;15
Sud;Abruzzo;PE;D501;0;1,67
Nord Est;Emilia-Romagna;PC;D502;5,63;13,5
Centro;Lazio;VT;D503;5,5;6,5
Nord Est;Veneto;TV;D505;21,5;60,98
Sud;Puglia;BR;D508;67,19;123,92
Nord Ovest;Liguria;GE;D509;3;0
Centro;Toscana;PI;D510;14,85;19,67
Nord Ovest;Piemonte;CN;D511;3;6
Nord Ovest;Liguria;GE;D512;0;0
Sud;Basilicata;MT;D513;2,5;0
Isole;Sicilia;AG;D514;17,5;16,8
Isole;Sicilia;TP;D518;14,25;12,06
Nord Ovest;Piemonte;TO;D520;8;39,67
Nord Ovest;Liguria;SV;D522;7;7
Nord Ovest;Piemonte;CN;D523;1;3
Nord Ovest;Piemonte;TO;D524;9;19
Nord Est;Emilia-Romagna;PR;D526;25,5;81,04
Sud;Campania;SA;D527;0;1
Nord Ovest;Piemonte;AL;D528;7,75;22,04
Nord Est;Veneto;BL;D530;45,17;164,9
Nord Ovest;Lombardia;CO;D531;10,67;37,97
Nord Ovest;Piemonte;TO;D532;3,5;12,26
Nord Ovest;Valle d'Aosta;AO;D537;16,91;11,67
Centro;Umbria;TR;D538;3,5;3,5
Centro;Lazio;FR;D539;15,11;15,5
Isole;Sicilia;SR;D540;4,5;2
Centro;Marche;PS;D541;13,72;38,48
Centro;Marche;AP;D542;87,46;202,75
Nord Ovest;Lombardia;VA;D543;11;71,67
Sud;Calabria;CZ;D544;2;2
Sud;Calabria;RC;D545;0;1
Sud;Calabria;CZ;D546;1;1
Sud;Basilicata;MT;D547;14;16
Nord Est;Emilia-Romagna;FE;D548;280,89;1484,04
Nord Est;Veneto;VR;D549;4;16
Sud;Molise;CB;D550;5;9,67
Nord Ovest;Lombardia;VA;D551;4;6
Nord Ovest;Lombardia;PV;D552;1;15,5
Nord Ovest;Piemonte;TO;D553;0;0
Nord Ovest;Piemonte;AT;D554;5,5;11,25
Nord Est;Emilia-Romagna;PC;D555;6,96;15,43
Sud;Calabria;RC;D557;0;2
Nord Ovest;Piemonte;AL;D559;0;3,5
Centro;Lazio;RI;D560;4;3
Centro;Lazio;RM;D561;44,83;123,83
Nord Ovest;Piemonte;TO;D562;6,05;25,85
Centro;Marche;MC;D564;9;8
Centro;Marche;MC;D566;4;0,99
Isole;Sicilia;PA;D567;7,83;27,83
Nord Est;Veneto;RO;D568;7;13,5
Isole;Sicilia;ME;D569;9,67;0
Centro;Umbria;TR;D570;8,5;7
Nord Ovest;Lombardia;CR;D574;1;7,5
Centro;Toscana;FI;D575;27,06;71,7
Nord Ovest;Lombardia;BS;D576;0;8,5
Nord Est;Veneto;RO;D577;6;35,17
Nord Est;Veneto;VE;D578;4,33;163,36
Nord Ovest;Lombardia;CO;D579;9;32,83
Sud;Calabria;CS;D582;0;0
Isole;Sardegna;OR;D585;0;0
Centro;Lazio;RM;D586;3;1
Sud;Calabria;VV;D587;9,75;1
Nord Ovest;Lombardia;BG;D588;5,83;47
Sud;Calabria;VV;D589;0;2,11
Centro;Toscana;MS;D590;10,5;6,5
Centro;Lazio;FR;D591;5;7,67
Sud;Abruzzo;CH;D592;2;1
Sud;Basilicata;PZ;D593;6,5;3
Nord Ovest;Lombardia;PV;D594;2;5
Sud;Molise;IS;D595;2;1
Sud;Calabria;VV;D596;3;0
Centro;Marche;AN;D597;20;37
Nord Est;Emilia-Romagna;MO;D599;26,56;155,64
Nord Ovest;Liguria;SV;D600;107,61;230,96
Nord Ovest;Lombardia;BG;D604;0,5;10,5
Nord Ovest;Lombardia;CO;D605;41,41;173,9
Nord Ovest;Lombardia;BG;D606;3;30,5
Nord Est;Emilia-Romagna;MO;D607;67,07;193,17
Nord Ovest;Piemonte;TO;D608;5;3
Nord Est;Emilia-Romagna;PC;D611;30,38;159,7
Centro;Toscana;FI;D612;1071,98;2277,73
Centro;Toscana;FI;D613;11,75;32,09
Sud;Calabria;CS;D614;0;0
Sud;Campania;SA;D615;17,34;100,41
Nord Est;Emilia-Romagna;MO;D617;12,33;25
Sud;Calabria;RC;D619;0;0
Nord Est;Friuli- Venezia Giulia;PN;D621;16,93;134,45
Isole;Sicilia;ME;D622;0;0
Isole;Sicilia;CT;D623;8;53,5
Sud;Calabria;CS;D624;2;2
Centro;Marche;MC;D628;1;6
Centro;Toscana;MS;D629;50,22;16,5
Nord Est;Friuli- Venezia Giulia;UD;D630;1,5;6,25
Nord Ovest;Lombardia;BS;D634;7;109,01
Isole;Sicilia;ME;D635;3;1
Isole;Sicilia;SR;D636;4,75;86,78
Isole;Sardegna;SS;D637;2;3
Sud;Campania;AV;D638;2;1
Isole;Sardegna;CA;D639;0,5;1
Isole;Sardegna;NU;D640;1;0
Nord Ovest;Piemonte;VC;D641;1;4
Sud;Puglia;FG;D643;158,62;891,31
Sud;Campania;BN;D644;2;0
Nord Ovest;Piemonte;TO;D646;6;24,3
Centro;Toscana;AR;D649;14,41;76,76
Sud;Campania;BN;D650;0;0
Centro;Marche;AP;D652;18;67,72
Centro;Umbria;PG;D653;153,41;475,55
Nord Est;Veneto;TV;D654;8,2;42,34
Nord Ovest;Liguria;SP;D655;15;31,72
Centro;Toscana;GR;D656;46,17;255,42
Nord Ovest;Lombardia;LO;D660;4;53,17
Isole;Sicilia;ME;D661;1;0
Centro;Lazio;LT;D662;56,53;67,34
Isole;Sardegna;NU;D665;4;6,08
Nord Ovest;Valle d'Aosta;AO;D666;4,5;2,33
Centro;Lazio;FR;D667;3;6
Nord Est;Emilia-Romagna;BO;D668;3;5
Nord Est;Friuli- Venezia Giulia;PN;D670;31,22;157,69
Sud;Campania;AV;D671;2,3;4,46
Nord Ovest;Lombardia;BG;D672;3;54,83
Nord Est;Emilia-Romagna;PR;D673;22,85;76,5
Nord Est;Veneto;TV;D674;5,25;37,42
Nord Ovest;Piemonte;NO;D675;2;14,56
Nord Ovest;Piemonte;VC;D676;2;11
Nord Ovest;Liguria;GE;D677;4;3
Nord Ovest;Piemonte;AT;D678;0;4
Nord Est;Veneto;PD;D679;5;118,67
Nord Est;Veneto;TV;D680;7;50,22
Sud;Abruzzo;AQ;D681;1;1
Centro;Lazio;FR;D682;1;2
Sud;Campania;CE;D683;0;0
Nord Ovest;Lombardia;BG;D684;0;12,17
Nord Est;Emilia-Romagna;PR;D685;10,83;68,5
Nord Est;Veneto;BL;D686;8,83;15,83
Nord Ovest;Lombardia;BG;D688;6,8;20
Centro;Lazio;RI;D689;19,17;13
Sud;Abruzzo;CH;D690;11,5;164,5
Centro;Marche;AP;D691;1;1
Sud;Campania;BN;D693;0;0
Nord Ovest;Lombardia;SO;D694;2,6;2
Isole;Sardegna;OR;D695;0,67;2
Sud;Basilicata;PZ;D696;6,33;1
Nord Ovest;Lombardia;BG;D697;2;11,5
Nord Est;Friuli- Venezia Giulia;UD;D700;6;10,67
Sud;Campania;AV;D701;3;9,5
Sud;Campania;NA;D702;8;5,5
Sud;Molise;IS;D703;1,5;5
Nord Est;Emilia-Romagna;FO;D704;229,9;1309,25
Nord Est;Emilia-Romagna;FO;D705;14,75;119,53
Nord Ovest;Piemonte;VB;D706;0;8,5
Centro;Lazio;RM;D707;17,66;163,98
Centro;Lazio;LT;D708;85,03;151,8
Sud;Campania;CE;D709;2;1
Nord Ovest;Lombardia;CR;D710;2;14
Nord Est;Emilia-Romagna;MO;D711;110,29;471,23
Nord Ovest;Piemonte;VC;D712;3;7
Sud;Molise;IS;D715;4;2,75
Nord Est;Veneto;VI;D717;20,02;53,25
Nord Est;Friuli- Venezia Giulia;UD;D718;1;5,33
Nord Est;Friuli- Venezia Giulia;UD;D719;9,59;14,12
Nord Est;Friuli- Venezia Giulia;UD;D720;0;3
Nord Ovest;Piemonte;TO;D725;10;37
Nord Ovest;Lombardia;BG;D727;9;40,68
Nord Est;Emilia-Romagna;PR;D728;23,89;59,51
Centro;Toscana;LU;D730;9,46;40,51
Nord Ovest;Lombardia;PV;D732;2;4
Isole;Sicilia;ME;D733;1;1
Centro;Toscana;LU;D734;2;1
Centro;Toscana;MS;D735;29;36
Sud;Abruzzo;AQ;D736;2;0
Sud;Molise;CB;D737;1;0
Sud;Abruzzo;CH;D738;11,33;38,99
Nord Est;Veneto;VE;D740;8,78;50,28
Nord Est;Veneto;VE;D741;13,5;52,06
Nord Ovest;Piemonte;CN;D742;110,68;226,71
Sud;Calabria;CZ;D744;2;0
Centro;Umbria;PG;D745;5;25,5
Sud;Calabria;RC;D746;3;5
Nord Est;Veneto;VE;D748;4,5;108,81
Centro;Marche;PS;D749;10;17
Nord Est;Veneto;VI;D750;2;14
Nord Ovest;Piemonte;CN;D751;7,5;11,5
Nord Ovest;Piemonte;CN;D752;63,87;157,25
Sud;Puglia;TA;D754;4,08;10,33
Sud;Campania;BN;D755;1;0
Sud;Campania;BN;D756;5;0
Sud;Abruzzo;CH;D757;0;0
Nord Ovest;Liguria;SP;D758;1,58;2
Nord Ovest;Piemonte;AL;D759;3;7
Centro;Marche;AP;D760;2;4
Sud;Puglia;BR;D761;20,34;87,8
Sud;Calabria;VV;D762;1;0
Sud;Abruzzo;CH;D763;48,75;219,75
Sud;Calabria;CS;D764;7;1
Isole;Sicilia;ME;D765;7;5
Sud;Basilicata;PZ;D766;3;6
Sud;Calabria;VV;D767;0;4
Isole;Sicilia;SR;D768;9;33,66
Sud;Campania;CE;D769;4,34;3,84
Nord Ovest;Piemonte;AL;D770;0;1
Nord Ovest;Lombardia;PV;D771;2;15
Centro;Lazio;RM;D773;52,7;157,46
Sud;Calabria;CS;D774;0;0
Nord Est;Veneto;RO;D776;5,67;12,17
Nord Ovest;Piemonte;AL;D777;0;1
Nord Ovest;Piemonte;AL;D780;1;12,5
Nord Ovest;Piemonte;TO;D781;6,5;2
Nord Ovest;Piemonte;CN;D782;12;4,5
Nord Est;Emilia-Romagna;MO;D783;13,33;10,17
Sud;Campania;BN;D784;2;1,44
Centro;Lazio;RI;D785;4;0
Centro;Umbria;PG;D786;40,75;101,8
Centro;Umbria;PG;D787;3,67;5
Nord Est;Veneto;RO;D788;3;10,79
Sud;Campania;NA;D789;44,91;128,04
Sud;Campania;NA;D790;24,59;32,36
Centro;Marche;PS;D791;0;1
Isole;Sicilia;ME;D793;0,5;0
Nord Est;Veneto;TV;D794;9,25;12,34
Sud;Abruzzo;CH;D796;2;1
Nord Ovest;Piemonte;AL;D797;0;3
Sud;Campania;AV;D798;14,5;7,17
Sud;Campania;CE;D799;5,25;10
Sud;Campania;CE;D801;1,24;13
Nord Ovest;Piemonte;AT;D802;1,5;1
Sud;Abruzzo;CH;D803;4;1
Nord Est;Friuli- Venezia Giulia;PN;D804;4,5;0
Nord Ovest;Piemonte;TO;D805;4;14
Centro;Marche;PS;D807;1;2
Centro;Marche;PS;D808;0;1,5
Centro;Lazio;FR;D810;86,33;178,07
Sud;Molise;IS;D811;2;1
Nord Ovest;Piemonte;TO;D812;9,42;45,67
Nord Ovest;Piemonte;AL;D813;3;13,5
Nord Ovest;Piemonte;AL;D814;2;44
Centro;Toscana;FI;D815;50,05;135,83
Nord Ovest;Lombardia;BG;D817;3;5,25
Nord Est;Veneto;VR;D818;12;32
Centro;Lazio;FR;D819;2,5;0
Sud;Abruzzo;CH;D823;2;2
Isole;Sicilia;ME;D824;3,25;4,5
Isole;Sicilia;ME;D825;7,33;38,07
Sud;Campania;SA;D826;3;1
Isole;Sardegna;CA;D827;0;0
Sud;Calabria;CS;D828;13,05;7,63
Nord Est;Emilia-Romagna;RA;D829;5;65
Nord Ovest;Lombardia;SO;D830;0;0
Sud;Campania;SA;D832;2;0
Nord Ovest;Lombardia;CR;D834;0,5;3,5
Nord Ovest;Piemonte;AL;D835;1;5
Centro;Marche;PS;D836;29,17;81,5
Nord Ovest;Valle d'Aosta;AO;D839;2;1
Nord Ovest;Lombardia;CR;D841;1;17
Isole;Sardegna;NU;D842;0;0
Centro;Lazio;LT;D843;84,68;103,83
Isole;Sicilia;ME;D844;0;14,5
Nord Ovest;Lombardia;MI;D845;27,83;134,7
Nord Est;Emilia-Romagna;BO;D847;12,84;26,01
Nord Ovest;Piemonte;BI;D848;16,34;38,42
Isole;Sicilia;EN;D849;7;10
Sud;Abruzzo;AQ;D850;0;0
Sud;Puglia;LE;D851;13,6;7,19
Sud;Calabria;CZ;D852;2;0
Centro;Marche;MC;D853;3;7
Nord Est;Veneto;TV;D854;8;40,33
Nord Est;Veneto;RO;D855;2;1
Nord Ovest;Piemonte;CN;D856;1;1,5
Centro;Toscana;SI;D858;9,5;31,5
Isole;Sardegna;NU;D859;2;8
Isole;Sicilia;ME;D861;2;2
Sud;Puglia;LE;D862;11,5;52,52
Sud;Puglia;LE;D863;17,67;28
Sud;Calabria;RC;D864;2;0
Nord Ovest;Lombardia;LC;D865;16;70,17
Nord Est;Emilia-Romagna;FO;D867;2;6
Nord Ovest;Lombardia;LO;D868;4;32,17
Nord Ovest;Lombardia;VA;D869;186,74;795,69
Centro;Lazio;VT;D870;6,33;3,83
Nord Ovest;Lombardia;VA;D871;0;9
Nord Ovest;Piemonte;NO;D872;65,15;230,06
Nord Ovest;Lombardia;PV;D873;0;1,25
Centro;Toscana;LU;D874;9,1;7,5
Centro;Lazio;RM;D875;31;26,33
Sud;Basilicata;PZ;D876;3;0
Nord Est;Emilia-Romagna;BO;D878;8,5;66,51
Nord Est;Veneto;PD;D879;15;66,73
Centro;Lazio;FR;D881;3;3
Nord Est;Veneto;VI;D882;22,89;158,84
Sud;Puglia;LE;D883;29,81;165,66
Sud;Campania;CE;D884;1;1
Isole;Sicilia;ME;D885;1;1
Sud;Campania;CE;D886;2;0
Isole;Sardegna;NU;D888;0;0
Nord Est;Veneto;PD;D889;1,5;33,77
Nord Ovest;Piemonte;AL;D890;2,5;2
Nord Ovest;Lombardia;BS;D891;2,03;30
Nord Ovest;Lombardia;PV;D892;0;1,65
Nord Ovest;Piemonte;CN;D894;0;0
Centro;Toscana;FI;D895;14,32;19,67
Sud;Molise;CB;D896;2,5;2
Nord Est;Veneto;VI;D897;2;27,5
Sud;Abruzzo;CH;D898;0;1
Nord Est;Emilia-Romagna;FO;D899;8;171,8
Nord Ovest;Lombardia;PV;D901;12;87,84
Nord Est;Veneto;VI;D902;0,67;5,34
Nord Ovest;Lombardia;BG;D903;0;27,5
Nord Ovest;Lombardia;BG;D905;6,83;24,33
Nord Ovest;Lombardia;BG;D906;0,33;10
Isole;Sicilia;PA;D907;13,17;4,67
Sud;Basilicata;MT;D909;2;1
Nord Ovest;Piemonte;AL;D910;4;6
Nord Ovest;Piemonte;NO;D911;2;13,2
Nord Ovest;Lombardia;MI;D912;130,88;375,32
Nord Ovest;Lombardia;LC;D913;6,76;29,34
Nord Est;Veneto;VR;D915;24,17;86,84
Nord Ovest;Lombardia;BS;D917;11,06;40
Nord Ovest;Lombardia;BS;D918;10,41;90,73
Nord Ovest;Piemonte;CN;D920;13,5;23,5
Nord Ovest;Piemonte;NO;D921;1;10
Nord Ovest;Lombardia;BS;D924;16,56;17,5
Nord Ovest;Lombardia;PV;D925;13;86,84
Nord Ovest;Lombardia;LC;D926;3,26;22
Nord Ovest;Liguria;SV;D927;4;39,03
Nord Ovest;Lombardia;CO;D930;2,5;2
Nord Ovest;Piemonte;TO;D931;3;7
Sud;Calabria;CZ;D932;6;1
Nord Ovest;Piemonte;TO;D933;25,37;92,91
Nord Est;Emilia-Romagna;RE;D934;9;66,75
Nord Est;Emilia-Romagna;FO;D935;10,17;134,5
Nord Ovest;Piemonte;VC;D938;39;53,55
Nord Ovest;Lombardia;BS;D940;16,5;109,81
Nord Est;Veneto;RO;D942;3,5;10,22
Nord Ovest;Lombardia;BG;D943;1;6,17
Nord Ovest;Piemonte;AL;D944;6,5;34,5
Centro;Lazio;RM;D945;1;0,67
Nord Ovest;Lombardia;VA;D946;11,5;107
Isole;Sardegna;NU;D947;5,22;2
Centro;Toscana;GR;D948;24,11;95,2
Nord Ovest;Lombardia;MN;D949;1,14;32,5
Nord Ovest;Lombardia;VA;D951;12;64,9
Nord Ovest;Lombardia;BG;D952;9,05;63,67
Nord Est;Veneto;PD;D956;2;31
Nord Est;Veneto;VR;D957;11;33,74
Nord Est;Emilia-Romagna;PC;D958;9,13;55,05
Nord Ovest;Lombardia;MN;D959;2;8,46
Isole;Sicilia;CL;D960;36,95;134,46
Nord Est;Emilia-Romagna;RN;D961;6;6
Nord Est;Friuli- Venezia Giulia;UD;D962;13;74,41
Nord Ovest;Lombardia;VA;D963;2;18
Centro;Lazio;RM;D964;20;16,5
Centro;Marche;AN;D965;4,13;10,13
Nord Ovest;Lombardia;CR;D966;1;7
Nord Ovest;Piemonte;CN;D967;5;26,5
Isole;Sardegna;NU;D968;0;0
Nord Ovest;Liguria;GE;D969;1757,16;3285,73
Isole;Sardegna;CA;D970;0;0
Sud;Basilicata;PZ;D971;6,67;7
Centro;Lazio;RM;D972;31,24;100,02
Nord Ovest;Lombardia;CO;D974;7,17;32,84
Sud;Calabria;RC;D975;0;0
Sud;Calabria;RC;D976;8,99;8,5
Isole;Sicilia;PA;D977;8,5;3
Centro;Lazio;RM;D978;5;0,84
Nord Ovest;Lombardia;PV;D980;3;24
Nord Ovest;Lombardia;VA;D981;27,67;167,07
Isole;Sardegna;NU;D982;3;0
Nord Ovest;Piemonte;TO;D983;5;6
Nord Ovest;Piemonte;VB;D984;3,6;1,5
Nord Ovest;Lombardia;VA;D987;5,89;35,5
Sud;Calabria;VV;D988;0;0
Nord Ovest;Lombardia;SO;D990;4,27;3
Nord Ovest;Lombardia;CR;D993;0;14
Isole;Sardegna;CA;D994;0;0
Nord Ovest;Lombardia;MI;D995;27;135,7
Sud;Abruzzo;CH;D996;4;2,5
Isole;Sardegna;CA;D997;0;0
Sud;Campania;AV;D998;2;7
Nord Ovest;Lombardia;BS;D999;27;163,52
Nord Ovest;Piemonte;NO;E001;6;21,52
Nord Ovest;Piemonte;VB;E003;15,26;54,65
Isole;Sardegna;OR;E004;2;1
Nord Ovest;Lombardia;BG;E006;7,66;67,25
Nord Ovest;Piemonte;VC;E007;3;6
Nord Est;Veneto;RO;E008;1,4;17,65
Nord Ovest;Piemonte;TO;E009;6;8
Nord Ovest;Lombardia;BS;E010;6;8
Sud;Campania;CE;E011;1;2
Centro;Umbria;PG;E012;11,25;30,75
Isole;Sicilia;PA;E013;1;0
Isole;Sicilia;ME;E014;14,23;68,33
Nord Ovest;Piemonte;AL;E015;1;8,67
Isole;Sicilia;RG;E016;6,5;6,5
Isole;Sicilia;CT;E017;16,5;156,96
Isole;Sardegna;SS;E019;0;2
Nord Ovest;Piemonte;TO;E020;71,72;181,22
Nord Est;Veneto;TV;E021;7;44,67
Isole;Sardegna;CA;E022;0;0
Isole;Sicilia;TP;E023;4;16,67
Nord Ovest;Piemonte;BI;E024;0;0
Sud;Calabria;RC;E025;0;0
Sud;Campania;SA;E026;9;6
Sud;Campania;SA;E027;24,31;40
Nord Ovest;Piemonte;VB;E028;3;25,09
Nord Ovest;Valle d'Aosta;AO;E029;5;5
Sud;Molise;CB;E030;1;4,3
Sud;Calabria;CZ;E031;2,7;0,85
Sud;Basilicata;PZ;E033;3;0
Sud;Campania;BN;E034;0;0
Sud;Puglia;TA;E036;41,22;73,1
Sud;Campania;SA;E037;0;2
Sud;Puglia;BA;E038;50,83;141,72
Sud;Campania;CE;E039;2;0
Sud;Abruzzo;AQ;E040;4,88;2
Sud;Calabria;RC;E041;6;15,17
Isole;Sicilia;ME;E043;18,53;14
Sud;Calabria;RC;E044;2,17;3,17
Centro;Umbria;TR;E045;14;15,67
Sud;Puglia;BA;E047;65,17;86,72
Isole;Sardegna;NU;E049;1;5
Sud;Calabria;CZ;E050;10,78;0
Sud;Abruzzo;CH;E052;7;7
Sud;Puglia;LE;E053;5;0
Sud;Campania;NA;E054;81,71;545,99
Isole;Sicilia;PA;E055;5;1
Sud;Abruzzo;CH;E056;3;0
Centro;Lazio;FR;E057;4;3
Sud;Abruzzo;TE;E058;91,87;190,33
Sud;Campania;SA;E060;7;1
Sud;Puglia;LE;E061;1;4
Nord Ovest;Lombardia;PV;E062;13;77
Nord Ovest;Lombardia;MI;E063;93,17;356,78
Nord Ovest;Liguria;SV;E064;4;4
Nord Ovest;Liguria;SV;E066;1;5
Nord Ovest;Piemonte;TO;E067;4,83;60,72
Sud;Calabria;CZ;E068;6,14;13,14
Nord Ovest;Liguria;SP;E070;14,33;7
Nord Est;Veneto;TV;E071;11,92;51,01
Nord Ovest;Lombardia;PV;E072;15;73
Isole;Sicilia;PA;E074;0;0
Nord Ovest;Lombardia;MN;E078;5;80,5
Nord Ovest;Lombardia;VA;E079;4,67;19,5
Nord Ovest;Lombardia;PV;E081;0;0
Nord Ovest;Lombardia;CR;E082;1;21
Nord Est;Friuli- Venezia Giulia;UD;E083;5,5;35,8
Isole;Sardegna;CA;E084;0;0
Isole;Sardegna;CA;E085;1,47;2
Isole;Sardegna;CA;E086;1;4
Isole;Sardegna;OR;E087;0;0
Isole;Sardegna;OR;E088;0;0
Nord Ovest;Lombardia;MN;E089;3;80,06
Nord Ovest;Lombardia;SO;E090;8,38;6,5
Centro;Lazio;RM;E091;0;2
Nord Est;Veneto;TV;E092;3;27
Sud;Basilicata;MT;E093;11;5
Nord Ovest;Lombardia;MI;E094;171,21;399,44
Sud;Abruzzo;AQ;E096;2;1
Nord Ovest;Lombardia;BG;E100;5,5;54
Nord Ovest;Lombardia;VA;E101;2;35,04
Nord Ovest;Lombardia;VA;E102;24,04;111,16
Nord Ovest;Lombardia;BG;E103;12,02;103,23
Nord Ovest;Lombardia;VA;E104;4,75;23,25
Nord Ovest;Lombardia;BG;E106;1;15
Nord Est;Emilia-Romagna;FE;E107;0;13,52
Nord Ovest;Liguria;GE;E109;1;0
Nord Ovest;Piemonte;CN;E111;1;2
Nord Est;Veneto;BL;E113;12,8;11,7
Nord Est;Emilia-Romagna;PC;E114;6;88,67
Nord Ovest;Piemonte;CN;E115;0;1
Nord Ovest;Lombardia;BS;E116;4,5;39
Nord Ovest;Piemonte;CN;E118;5;27
Nord Ovest;Piemonte;NO;E120;9;32,33
Centro;Marche;PS;E122;2;45,98
Centro;Lazio;VT;E126;10;6
Nord Ovest;Lombardia;LO;E127;7;25,75
Centro;Lazio;VT;E128;6,5;3
Nord Ovest;Piemonte;BI;E130;10,92;24,5
Sud;Campania;NA;E131;27,86;74,19
Nord Est;Emilia-Romagna;PC;E132;10;51,17
Isole;Sicilia;CT;E133;8;23,5
Nord Ovest;Piemonte;AT;E134;2;0
Nord Est;Emilia-Romagna;BO;E136;40,54;285,28
Nord Ovest;Lombardia;CO;E139;5,64;15,17
Nord Ovest;Lombardia;CO;E141;5,16;6
Isole;Sicilia;ME;E142;3;3
Nord Ovest;Piemonte;NO;E143;3;15,25
Nord Ovest;Lombardia;VA;E144;4,33;11
Nord Est;Veneto;PD;E145;5,17;28,02
Nord Est;Veneto;PD;E146;0;12
Sud;Basilicata;MT;E147;6,67;6,5
Nord Ovest;Lombardia;BG;E148;21,34;96,33
Isole;Sicilia;PA;E149;5;1
Nord Ovest;Lombardia;PV;E152;1,5;27
Nord Ovest;Piemonte;VB;E153;29,72;58,83
Nord Ovest;Piemonte;TO;E154;3,28;10
Sud;Puglia;BA;E155;201,82;325,88
Isole;Sicilia;CT;E156;16;251,28
Sud;Campania;CE;E158;2,78;7
Nord Ovest;Piemonte;AT;E159;0;2
Centro;Lazio;RI;E160;1;4
Sud;Campania;AV;E161;1;2
Nord Ovest;Piemonte;VC;E163;2,5;2,5
Nord Ovest;Piemonte;AL;E164;2;0
Nord Ovest;Valle d'Aosta;AO;E165;34,33;59
Nord Ovest;Valle d'Aosta;AO;E167;11,98;18,5
Nord Ovest;Valle d'Aosta;AO;E168;11,44;34,39
Centro;Toscana;FI;E169;45,6;79,83
Nord Ovest;Lombardia;MI;E170;6,67;65,67
Nord Est;Veneto;VR;E171;23;83,49
Nord Ovest;Lombardia;CO;E172;7,1;17
Sud;Campania;CE;E173;4,75;37,72
Nord Ovest;Piemonte;NO;E177;16;36
Nord Est;Friuli- Venezia Giulia;UD;E179;0,33;1
Sud;Calabria;CS;E180;0;1
Nord Ovest;Piemonte;CN;E182;8,15;26
Nord Est;Veneto;VI;E184;0;84,34
Sud;Calabria;CS;E185;20,67;9
Nord Est;Emilia-Romagna;BO;E187;20;48,65
Nord Ovest;Piemonte;AL;E188;0;1,5
Nord Ovest;Lombardia;BG;E189;4,2;54,65
Nord Ovest;Piemonte;AL;E191;5;1
Nord Ovest;Lombardia;BG;E192;1;21
Nord Ovest;Lombardia;CR;E193;0;8
Nord Ovest;Lombardia;PV;E195;5,33;41
Nord Est;Emilia-Romagna;PC;E196;5;15,5
Nord Ovest;Piemonte;TO;E199;0;4
Nord Ovest;Lombardia;SO;E200;34,47;6,17
Nord Ovest;Lombardia;SO;E201;8,33;1
Centro;Toscana;GR;E202;127,37;826,62
Nord Ovest;Piemonte;TO;E203;1;12,5
Centro;Lazio;RM;E204;57;168,58
Sud;Puglia;TA;E205;42,46;93,33
Sud;Campania;AV;E206;6,33;9,5
Centro;Marche;AP;E207;32,75;156,08
Centro;Marche;AP;E208;9,38;6
Isole;Sicilia;AG;E209;12;10,33
Centro;Lazio;VT;E210;7,33;7,33
Sud;Calabria;RC;E212;1;2
Sud;Basilicata;MT;E213;5;1
Sud;Campania;AV;E214;2;6
Nord Est;Veneto;VE;E215;3;21,17
Nord Ovest;Piemonte;TO;E216;189,5;426,04
Nord Ovest;Lombardia;CR;E217;0;12,62
Nord Ovest;Lombardia;BG;E219;15,17;95,84
Sud;Basilicata;PZ;E221;2,5;3
Sud;Puglia;BA;E223;15,83;41,5
Sud;Campania;NA;E224;8,53;40,08
Nord Est;Veneto;VI;E226;1;39,09
Sud;Puglia;LE;E227;1;9
Centro;Marche;MC;E228;3,5;2
Centro;Umbria;PG;E229;18,29;23,75
Centro;Umbria;PG;E230;25,28;70,88
Nord Est;Emilia-Romagna;RE;E232;12;71
Isole;Sicilia;ME;E233;4;0
Isole;Sardegna;CA;E234;0;0
Nord Ovest;Lombardia;CO;E235;11,33;73,73
Centro;Lazio;FR;E236;3,33;2
Nord Ovest;Piemonte;VC;E237;2,5;3
Nord Ovest;Lombardia;LO;E238;3,25;21,49
Sud;Calabria;CZ;E239;7,22;1
Nord Est;Veneto;RO;E240;0;13
Centro;Umbria;TR;E241;6;7,9
Sud;Calabria;CS;E242;5;5
Sud;Abruzzo;CH;E243;15,17;24,5
Sud;Molise;CB;E244;0;0,95
Sud;Campania;AV;E245;2;3,5
Sud;Basilicata;PZ;E246;4;2
Sud;Molise;CB;E248;3;0
Sud;Campania;BN;E249;2;4
Centro;Toscana;PI;E250;10,5;12,5
Nord Ovest;Piemonte;CN;E251;13;40,16
Isole;Sardegna;CA;E252;0;0
Nord Est;Emilia-Romagna;RE;E253;23,5;121,92
Nord Ovest;Piemonte;AL;E255;0;0
Centro;Umbria;PG;E256;95,25;139,05
Nord Ovest;Lombardia;MI;E258;1;12
Sud;Molise;CB;E259;4;19,5
Nord Ovest;Lombardia;MN;E261;1;50,67
Centro;Lazio;RM;E263;273,15;1194,51
Nord Est;Emilia-Romagna;MO;E264;16,41;45,86
Nord Ovest;Lombardia;PV;E265;32,5;121,8
Sud;Abruzzo;CH;E266;0;0
Nord Ovest;Piemonte;VB;E269;3,6;0
Isole;Sardegna;CA;E270;8;6
Nord Ovest;Lombardia;BS;E271;57;237,82
Nord Ovest;Lombardia;CR;E272;0;11,34
Nord Ovest;Valle d'Aosta;AO;E273;8;7
Sud;Calabria;CZ;E274;0;1
Nord Ovest;Lombardia;BS;E280;3;9
Isole;Sardegna;CA;E281;24,97;56,48
Nord Ovest;Piemonte;CN;E282;0;0
Isole;Sardegna;NU;E283;0;0
Nord Est;Veneto;VR;E284;6;23,33
Isole;Sardegna;SS;E285;0;0
Nord Ovest;Lombardia;LC;E287;18,18;49,67
Nord Est;Emilia-Romagna;BO;E289;241,66;819,16
Nord Ovest;Liguria;IM;E290;166,27;259,62
Centro;Toscana;FI;E291;31,67;101,66
Nord Ovest;Lombardia;VA;E292;4;13
Nord Ovest;Piemonte;AT;E295;3;7
Nord Ovest;Lombardia;BS;E297;2;5
Nord Ovest;Lombardia;VA;E299;33,94;141,34
Nord Ovest;Piemonte;TO;E301;0;0
Nord Ovest;Piemonte;VB;E304;0,96;0
Nord Ovest;Lombardia;LC;E305;6;24,5
Nord Ovest;Valle d'Aosta;AO;E306;6,5;1,5
Sud;Abruzzo;AQ;E307;10,5;5
Nord Ovest;Lombardia;CO;E309;28,43;90,37
Nord Ovest;Lombardia;PV;E310;11;23,5
Nord Ovest;Piemonte;TO;E311;4;12
Nord Ovest;Lombardia;MI;E313;28,17;144,88
Nord Ovest;Piemonte;NO;E314;6,58;40,54
Nord Ovest;Lombardia;MI;E317;48,66;184,9
Nord Est;Emilia-Romagna;FE;E320;12,14;21,64
Sud;Calabria;VV;E321;4;4
Isole;Sardegna;NU;E323;0;0
Nord Ovest;Lombardia;BS;E325;2;0
Sud;Basilicata;MT;E326;3;10,33
Nord Ovest;Piemonte;CN;E327;0;1,83
Sud;Calabria;CZ;E328;14;0
Sud;Campania;NA;E329;11;8
Centro;Lazio;VT;E330;9,51;3,5
Sud;Puglia;FG;E332;10;6
Nord Ovest;Lombardia;BS;E333;20,24;84,25
Sud;Molise;IS;E335;26,61;68,55
Isole;Sardegna;NU;E336;2;3
Isole;Sicilia;PA;E337;3;1
Nord Ovest;Piemonte;AT;E338;7;5,75
Sud;Calabria;KR;E339;8,75;14
Centro;Lazio;FR;E340;15,34;21
Nord Ovest;Liguria;GE;E341;8;12
Nord Ovest;Lombardia;SO;E342;28,32;59,66
Sud;Abruzzo;TE;E343;14,5;13,5
Nord Ovest;Piemonte;TO;E345;0;2
Nord Ovest;Liguria;IM;E346;10;1
Centro;Toscana;GR;E348;9;8
Nord Est;Veneto;VR;E349;11;154,22
Isole;Sicilia;PA;E350;2;20,25
Centro;Marche;PS;E351;2;1
Nord Ovest;Lombardia;BG;E353;0,5;6
Nord Est;Veneto;VI;E354;4;102,79
Nord Ovest;Lombardia;CR;E356;0;10
Nord Est;Veneto;VR;E358;3;40,83
Nord Ovest;Piemonte;AL;E360;1;0
Sud;Puglia;FG;E363;3;0
Nord Ovest;Lombardia;BS;E364;1;22,95
Sud;Campania;SA;E365;2,17;2
Isole;Sicilia;RG;E366;37,24;56,9
Nord Ovest;Lombardia;VA;E367;12,08;70,5
Nord Ovest;Piemonte;TO;E368;0;0
Nord Ovest;Valle d'Aosta;AO;E369;2;0
Nord Ovest;Lombardia;BG;E370;1;3
Nord Ovest;Valle d'Aosta;AO;E371;7;1,22
Sud;Abruzzo;CH;E372;111,19;588,32
Nord Est;Veneto;TV;E373;44,1;139,06
Isole;Sicilia;ME;E374;4,5;5
Centro;Lazio;LT;E375;34,35;17
Isole;Sardegna;SS;E376;0;0
Isole;Sardegna;SS;E377;1,4;10,22
Nord Ovest;Piemonte;TO;E379;85,3;290,51
Nord Ovest;Lombardia;CR;E380;3;14,33
Sud;Molise;CB;E381;4;1,5
Centro;Lazio;RM;E382;4,67;0
Nord Ovest;Lombardia;VA;E386;8,42;45,69
Isole;Sardegna;NU;E387;1;3
Centro;Marche;AN;E388;124,9;318,79
Sud;Calabria;VV;E389;5,88;2
Isole;Sicilia;AG;E390;1;2
Nord Ovest;Valle d'Aosta;AO;E391;1;6
Centro;Lazio;RM;E392;12,5;51,72
Centro;Lazio;RI;E393;1;2
Nord Ovest;Piemonte;TO;E394;5;24
Nord Ovest;Lombardia;MI;E395;18,17;231,48
Sud;Campania;NA;E396;7;0
Sud;Campania;AV;E397;2,75;4,17
Isole;Sardegna;NU;E400;0;1
Isole;Sardegna;SS;E401;0;0
Sud;Calabria;RC;E402;0;0
Nord Est;Veneto;VI;E403;0;6
Nord Ovest;Lombardia;CO;E405;8,25;9
Nord Ovest;Piemonte;CN;E406;5;11
Sud;Calabria;CS;E407;0;2
Sud;Basilicata;PZ;E409;13;12
Nord Est;Emilia-Romagna;FE;E410;4;35
Centro;Toscana;PI;E413;24,61;8
Nord Ovest;Liguria;SV;E414;14,15;48,1
Nord Ovest;Lombardia;MI;E415;124,81;398,02
Nord Ovest;Lombardia;CO;E416;2;8,5
Sud;Calabria;CS;E417;13;2
Sud;Calabria;CS;E419;1;0
Nord Ovest;Lombardia;BG;E422;7,21;68,72
Nord Ovest;Piemonte;TO;E423;25,5;99
Sud;Abruzzo;CH;E424;2;2
Isole;Sardegna;SS;E425;35,41;48,75
Nord Est;Emilia-Romagna;MO;E426;16,56;29,25
Nord Ovest;Lombardia;CO;E428;8,17;46,5
Nord Est;Veneto;BL;E429;7,67;9
Nord Ovest;Piemonte;CN;E430;4,17;16
Isole;Sicilia;AG;E431;5;3,5
Centro;Toscana;PT;E432;8,5;36,05
Nord Ovest;Piemonte;VC;E433;1;3
Sud;Abruzzo;CH;E435;58,5;189,5
Nord Ovest;Piemonte;NO;E436;2;3
Nord Ovest;Lombardia;PV;E437;14,5;91,94
Nord Est;Emilia-Romagna;PR;E438;28,5;103
Nord Ovest;Lombardia;PV;E439;0;4
Isole;Sardegna;NU;E441;1;4
Nord Ovest;Lombardia;SO;E443;16,06;8,5
Nord Ovest;Piemonte;TO;E445;30,67;61,38
Centro;Marche;AP;E447;2;4,75
Sud;Campania;AV;E448;0;2
Sud;Calabria;CS;E450;0;0
Centro;Toscana;PT;E451;15;27,75
Nord Ovest;Lombardia;PV;E454;2;8,83
Sud;Molise;CB;E456;13;25
Nord Ovest;Valle d'Aosta;AO;E458;28,06;57,4
Isole;Sicilia;PA;E459;19,5;2
Nord Ovest;Lombardia;CO;E462;0;2
Nord Ovest;Liguria;SP;E463;309,25;462,27
Isole;Sardegna;CA;E464;0;0
Nord Est;Veneto;VI;E465;0;2,67
Centro;Toscana;FI;E466;34,33;123,7
Centro;Lazio;VT;E467;3,67;0
Sud;Puglia;TA;E469;16,9;43
Nord Ovest;Valle d'Aosta;AO;E470;12,58;54,18
Sud;Puglia;BR;E471;8;27,33
Centro;Lazio;LT;E472;288,13;970,65
Nord Est;Friuli- Venezia Giulia;UD;E473;38,5;159,08
Sud;Basilicata;PZ;E474;18,25;5
Sud;Calabria;CS;E475;0,66;2
Nord Est;Friuli- Venezia Giulia;UD;E476;2;1
Sud;Calabria;RC;E479;6;2
Sud;Campania;SA;E480;7,33;6
Sud;Basilicata;PZ;E482;3;1
Sud;Basilicata;PZ;E483;13,5;9,67
Nord Ovest;Piemonte;TO;E484;2;8,5
Sud;Campania;SA;E485;3;2,67
Sud;Campania;SA;E486;0;0
Sud;Campania;AV;E487;2;5
Nord Ovest;Liguria;GE;E488;66,65;109,5
Nord Est;Veneto;VR;E489;13;112,47
Nord Est;Veneto;BL;E490;4,5;4,67
Sud;Basilicata;PZ;E493;20,95;29,78
Nord Ovest;Lombardia;VA;E494;35,06;118,2
Nord Ovest;Lombardia;VA;E496;27,32;131,85
Nord Ovest;Lombardia;BS;E497;1;2
Sud;Campania;SA;E498;4,4;10,7
Nord Est;Veneto;VR;E502;46;207,17
Nord Ovest;Lombardia;MI;E504;16,5;93,75
Sud;Abruzzo;AQ;E505;1;2,34
Sud;Puglia;LE;E506;96,37;664,2
Nord Ovest;Lombardia;LC;E507;213,74;655,01
Nord Ovest;Lombardia;BG;E509;16,79;36
Nord Ovest;Lombardia;VA;E510;13;68,68
Nord Est;Veneto;VR;E512;29,92;265,5
Nord Ovest;Lombardia;MI;E514;329,01;989,85
Nord Est;Veneto;PD;E515;5,81;168,9
Isole;Sardegna;NU;E517;1;1
Nord Ovest;Piemonte;TO;E518;64,14;307,89
Nord Ovest;Liguria;GE;E519;12,18;33,51
Nord Ovest;Piemonte;TO;E520;2,5;1
Nord Est;Veneto;RO;E522;10,11;70,47
Isole;Sicilia;ME;E523;1;0,5
Nord Ovest;Lombardia;BG;E524;1;7
Nord Ovest;Lombardia;BS;E526;7;117,63
Centro;Lazio;LT;E527;10,91;6
Nord Ovest;Piemonte;VC;E528;3;7
Nord Ovest;Lombardia;MI;E530;48,48;199,35
Sud;Abruzzo;CH;E531;2;1
Isole;Sicilia;SR;E532;20,4;100,54
Centro;Lazio;RI;E535;7;34,5
Isole;Sicilia;EN;E536;18,8;21
Sud;Puglia;TA;E537;9;4
Sud;Puglia;LE;E538;10,73;31,73
Nord Ovest;Piemonte;CN;E539;8;7
Nord Ovest;Piemonte;CN;E540;3;3
Isole;Sicilia;PA;E541;14;7,67
Nord Ovest;Liguria;SP;E542;60,69;119,5
Nord Ovest;Piemonte;AL;E543;4;4
Nord Ovest;Piemonte;NO;E544;16,33;37,5
Nord Ovest;Piemonte;CN;E546;2;2
Nord Est;Emilia-Romagna;PR;E547;9,5;57,77
Nord Est;Emilia-Romagna;PR;E548;3,5;12,25
Sud;Puglia;FG;E549;7;122,46
Nord Ovest;Lombardia;MI;E550;34,33;133,33
Nord Ovest;Piemonte;TO;E551;2;21
Nord Est;Friuli- Venezia Giulia;UD;E553;8,5;24,5
Sud;Campania;CE;E554;0;1
Isole;Sicilia;ME;E555;8;18,73
Sud;Campania;NA;E557;7,67;12
Sud;Abruzzo;PE;E558;5,33;4
Sud;Abruzzo;CH;E559;0;0
Nord Ovest;Liguria;SP;E560;14,26;18,08
Nord Ovest;Lombardia;BG;E562;3,58;41,78
Sud;Puglia;LE;E563;3;15
Nord Ovest;Piemonte;CN;E564;1;0
Nord Ovest;Piemonte;TO;E566;0;1
Nord Ovest;Lombardia;CO;E569;10,51;17,1
Sud;Campania;CE;E570;1;0
Isole;Sicilia;ME;E571;3;1
Isole;Sicilia;AG;E573;37,27;37,83
Centro;Toscana;MS;E574;19,5;11
Centro;Lazio;RM;E576;3,5;0
Isole;Sicilia;CT;E578;5,17;5,83
Nord Ovest;Lombardia;LC;E581;8,29;23,5
Nord Ovest;Piemonte;VC;E583;6;10
Nord Est;Friuli- Venezia Giulia;UD;E584;147,01;505,81
Nord Ovest;Valle d'Aosta;AO;E587;1,16;3
Nord Est;Veneto;BL;E588;12,83;42,33
Sud;Campania;BN;E589;3;1
Sud;Calabria;VV;E590;3,1;0
Nord Ovest;Lombardia;MI;E591;168,58;427,12
Nord Est;Veneto;PD;E592;9,5;132,01
Nord Ovest;Lombardia;CO;E593;7,5;53
Isole;Sicilia;ME;E594;2;0
Nord Ovest;Lombardia;BS;E596;5,33;13
Nord Ovest;Piemonte;CN;E597;34,54;135,06
Sud;Molise;CB;E599;1;5
Nord Ovest;Lombardia;PV;E600;6;23,5
Isole;Sicilia;CT;E602;20,5;12
Sud;Campania;AV;E605;5,46;11
Isole;Sicilia;ME;E606;18,5;9,4
Nord Ovest;Lombardia;CO;E607;20,25;68
Nord Ovest;Lombardia;PV;E608;3;0
Nord Ovest;Lombardia;MI;E610;17;57
Sud;Abruzzo;CH;E611;3;0
Centro;Umbria;PG;E613;1;9
Nord Ovest;Piemonte;CN;E615;1;1
Nord Ovest;Lombardia;MI;E617;334,81;811,63
Isole;Sicilia;CL;E618;3;0
Sud;Campania;NA;E620;4;1
Nord Ovest;Lombardia;SO;E621;34,64;52,4
Nord Ovest;Lombardia;CO;E623;2,75;1
Centro;Toscana;LI;E625;441,26;1082,26
Nord Ovest;Piemonte;VC;E626;9;42,22
Nord Ovest;Lombardia;LO;E627;3;47,5
Sud;Puglia;LE;E629;9;71,5
Sud;Puglia;TA;E630;4;9,8
Nord Ovest;Liguria;SV;E632;83,56;272,29
Nord Ovest;Piemonte;AT;E633;0;1,5
Nord Ovest;Piemonte;TO;E635;1,22;9,22
Nord Ovest;Lombardia;CO;E638;15;42,25
Nord Ovest;Lombardia;MI;E639;75,25;162,27
Nord Ovest;Lombardia;BG;E640;1,25;1,83
Isole;Sardegna;NU;E644;0;4
Sud;Puglia;BA;E645;17,6;33,02
Isole;Sardegna;NU;E646;0;0
Isole;Sardegna;NU;E647;0;0
Nord Ovest;Lombardia;LO;E648;180,82;674,19
Nord Ovest;Lombardia;LO;E651;23,41;81,66
Nord Ovest;Lombardia;BS;E652;6;10,16
Nord Ovest;Lombardia;BS;E654;0;38,5
Nord Est;Emilia-Romagna;BO;E655;20,42;69,11
Nord Ovest;Lombardia;LC;E656;10;55,67
Nord Ovest;Lombardia;CO;E659;34,83;119,59
Nord Ovest;Piemonte;TO;E660;6;13
Nord Ovest;Piemonte;TO;E661;1;4
Nord Ovest;Lombardia;PV;E662;5;17,42
Nord Ovest;Lombardia;VA;E665;8;69,78
Nord Ovest;Lombardia;VA;E666;25,28;128,68
Centro;Toscana;FI;E668;8,75;14
Sud;Molise;IS;E669;0;0
Nord Est;Veneto;VI;E671;3;73,33
Nord Ovest;Lombardia;BS;E673;0;2
Isole;Sicilia;ME;E674;0;0
Nord Est;Emilia-Romagna;FO;E675;8,5;42,43
Sud;Calabria;CS;E677;0;1
Sud;Calabria;CS;E678;1;1
Nord Ovest;Lombardia;CO;E679;18;40
Centro;Toscana;LI;E680;10;38
Centro;Lazio;RI;E681;3,5;1
Nord Est;Veneto;VI;E682;12;158,66
Nord Ovest;Piemonte;TO;E683;2;4
Nord Est;Veneto;PD;E684;4;71,5
Nord Ovest;Piemonte;VB;E685;1;0
Nord Est;Veneto;BL;E687;2,69;6
Nord Est;Veneto;RO;E689;0;13
Centro;Marche;AN;E690;14,78;98,7
Sud;Abruzzo;PE;E691;16,17;37,34
Nord Est;Veneto;TV;E692;6,82;59,63
Centro;Toscana;AR;E693;25,25;36,57
Centro;Marche;MC;E694;10;5,17
Nord Ovest;Liguria;GE;E695;2;0
Nord Ovest;Lombardia;BS;E698;0;1
Isole;Sardegna;NU;E700;2;7
Nord Ovest;Lombardia;BG;E704;15,17;39,91
Nord Ovest;Lombardia;SO;E705;0;0
Nord Ovest;Lombardia;BS;E706;1;19,5
Nord Ovest;Lombardia;VA;E707;5,5;17,5
Nord Est;Veneto;BL;E708;4;8
Nord Est;Veneto;PD;E709;4;63,36
Nord Ovest;Piemonte;VC;E711;3;1
Centro;Lazio;VT;E713;7,17;6,39
Isole;Sicilia;AG;E714;3;1
Centro;Toscana;LU;E715;235,37;747,78
Sud;Puglia;FG;E716;41,85;126,57
Centro;Toscana;AR;E718;1;20
Nord Ovest;Liguria;IM;E719;1;0
Sud;Molise;CB;E722;3;0
Sud;Abruzzo;AQ;E723;10,68;10
Sud;Abruzzo;AQ;E724;16;28,85
Nord Est;Emilia-Romagna;PC;E726;7,5;27,58
Centro;Umbria;TR;E729;4,09;5,53
Nord Est;Emilia-Romagna;RA;E730;56,5;298,65
Nord Est;Veneto;VI;E731;12,67;29
Nord Ovest;Lombardia;VA;E734;69;208,11
Nord Ovest;Lombardia;CO;E735;5,17;37,84
Isole;Sardegna;NU;E736;0;1,26
Nord Ovest;Liguria;GE;E737;9;3
Nord Ovest;Lombardia;BS;E738;37,75;134,17
Isole;Sardegna;CA;E742;0,5;1
Centro;Marche;PS;E743;0;5
Sud;Calabria;CS;E745;3;4
Sud;Campania;AV;E746;0,67;0
Isole;Sardegna;SS;E747;4,88;1
Sud;Molise;CB;E748;2;3
Nord Ovest;Lombardia;CO;E749;16;52,03
Nord Ovest;Lombardia;CO;E750;1,83;26
Nord Ovest;Lombardia;BG;E751;3;43,34
Isole;Sardegna;SS;E752;7;7
Nord Ovest;Lombardia;CO;E753;28,2;99,4
Sud;Campania;CE;E754;7;72
Nord Ovest;Piemonte;TO;E758;23,75;68,5
Nord Ovest;Piemonte;TO;E759;4;4
Nord Est;Friuli- Venezia Giulia;UD;E760;2;5,5
Nord Est;Veneto;RO;E761;3,44;15,34
Nord Ovest;Piemonte;TO;E763;0;1
Sud;Campania;SA;E767;13;1
Nord Ovest;Lombardia;VA;E769;7,5;19
Nord Ovest;Lombardia;BG;E770;2;6
Nord Est;Emilia-Romagna;RE;E772;15;60,72
Sud;Calabria;CS;E773;6;21
Nord Ovest;Lombardia;LO;E777;0;0
Sud;Molise;IS;E778;0;1
Sud;Molise;IS;E779;0;2
Sud;Molise;CB;E780;4,33;0
Nord Ovest;Piemonte;TO;E782;2,5;20,5
Centro;Marche;MC;E783;138,67;262,67
Sud;Campania;CE;E784;12,71;40,17
Centro;Marche;PS;E785;5,5;6,33
Nord Ovest;Lombardia;MI;E786;33,89;100,94
Nord Ovest;Lombardia;BS;E787;1;10
Isole;Sardegna;NU;E788;7;24,86
Nord Ovest;Piemonte;CN;E789;1;0
Nord Ovest;Piemonte;VB;E790;1,04;5
Sud;Campania;CE;E791;46,33;115,5
Nord Ovest;Lombardia;CR;E793;3;28,33
Nord Ovest;Lombardia;BG;E794;17;68
Nord Ovest;Piemonte;VB;E795;3;4
Centro;Lazio;LT;E798;6,11;3
Sud;Molise;CB;E799;6;4
Nord Ovest;Lombardia;MI;E801;103,7;353,77
Nord Ovest;Piemonte;NO;E803;3;12,33
Nord Ovest;Lombardia;PV;E804;3;10,5
Centro;Umbria;PG;E805;42,23;127,75
Sud;Calabria;CZ;E806;9;2
Centro;Marche;AP;E807;1;18
Nord Ovest;Piemonte;CN;E808;12;21
Nord Ovest;Piemonte;CN;E809;1;12,36
Centro;Toscana;GR;E810;15,1;42
Sud;Abruzzo;AQ;E811;7,39;13
Centro;Lazio;RI;E812;18,17;10
Centro;Lazio;RM;E813;0;3,17
Sud;Campania;SA;E814;0;0
Sud;Puglia;LE;E815;12;36,38
Nord Ovest;Liguria;SV;E816;5;18,33
Nord Ovest;Piemonte;TO;E817;3;5
Nord Ovest;Lombardia;MN;E818;0;6
Nord Ovest;Lombardia;MI;E819;13,8;108,11
Nord Est;Friuli- Venezia Giulia;UD;E820;1,67;10,33
Nord Ovest;Piemonte;BI;E821;3;7
Isole;Sardegna;NU;E825;1;0
Nord Ovest;Lombardia;CO;E830;2;14,5
Nord Est;Friuli- Venezia Giulia;UD;E833;3;37,39
Sud;Calabria;CZ;E834;4,17;3
Sud;Calabria;CS;E835;4;2
Sud;Calabria;VV;E836;3,5;1
Centro;Marche;AN;E837;8;43,75
Nord Est;Emilia-Romagna;RN;E838;0;4
Sud;Campania;SA;E839;15,5;22,48
Nord Ovest;Lombardia;LO;E840;0;12
Nord Ovest;Lombardia;BS;E841;1;36,5
Nord Ovest;Liguria;SP;E842;4,5;3
Nord Ovest;Lombardia;CR;E843;0;21
Nord Est;Emilia-Romagna;BO;E844;17;124,77
Nord Est;Veneto;VR;E848;11,59;25,8
Nord Ovest;Lombardia;BS;E851;3;8,13
Nord Ovest;Lombardia;LO;E852;6;19,39
Nord Ovest;Piemonte;VB;E853;5;11,5
Isole;Sicilia;CT;E854;4,5;7,5
Isole;Sicilia;ME;E855;4;3
Nord Ovest;Lombardia;VA;E856;2;3,5
Nord Ovest;Lombardia;LC;E858;18,08;43,69
Sud;Calabria;CS;E859;3;0
Nord Ovest;Liguria;SV;E860;5;3
Nord Ovest;Lombardia;VA;E863;65;240,48
Nord Est;Veneto;VI;E864;10,22;172,81
Nord Ovest;Lombardia;BS;E865;6,66;10,25
Centro;Marche;AP;E868;3;8
Isole;Sicilia;ME;E869;0;0
Nord Ovest;Piemonte;AL;E870;0;0
Sud;Calabria;CS;E872;5;1
Sud;Calabria;RC;E873;1;2
Isole;Sardegna;NU;E874;1;1
Centro;Toscana;GR;E875;55,5;26
Isole;Sicilia;ME;E876;0;0
Isole;Sardegna;CA;E877;0;0
Sud;Calabria;CS;E878;3,3;8,5
Nord Ovest;Lombardia;LC;E879;22,83;86,99
Nord Ovest;Piemonte;NO;E880;0;1
Sud;Puglia;TA;E882;24,12;77,92
Nord Ovest;Lombardia;BS;E883;14,51;217,09
Nord Ovest;Lombardia;BS;E884;17,06;138,38
Sud;Puglia;FG;E885;95,81;208,59
Nord Ovest;Piemonte;CN;E887;4;7
Sud;Calabria;CS;E888;2,93;1
Nord Est;Friuli- Venezia Giulia;PN;E889;21;102,5
Sud;Campania;AV;E891;3,5;4
Sud;Abruzzo;PE;E892;7;22
Nord Est;Veneto;TV;E893;6,25;29,57
Nord Ovest;Piemonte;CN;E894;21,75;53,83
Nord Ovest;Lombardia;SO;E896;4;6
Nord Ovest;Lombardia;MN;E897;200,58;535,37
Nord Est;Friuli- Venezia Giulia;UD;E899;16,08;57,17
Centro;Lazio;RM;E900;17,25;26,5
Nord Ovest;Lombardia;BG;E901;11;92,42
Isole;Sardegna;SS;E902;1;1
Isole;Sardegna;CA;E903;6,66;23
Nord Est;Emilia-Romagna;MO;E904;40,7;263,48
Nord Est;Emilia-Romagna;MO;E905;12;64,58
Sud;Campania;NA;E906;29,09;167,03
Nord Ovest;Piemonte;NO;E907;0,33;13,33
Centro;Lazio;RM;E908;1;4
Nord Est;Friuli- Venezia Giulia;UD;E910;3;20
Nord Est;Veneto;VR;E911;5;11,41
Nord Est;Veneto;VI;E912;13,5;93,02
Sud;Calabria;CS;E914;1;1
Sud;Calabria;CS;E915;5,5;6
Nord Ovest;Piemonte;AT;E917;1;0
Sud;Basilicata;PZ;E919;11,75;6
Nord Ovest;Lombardia;MI;E921;22,55;95,85
Nord Ovest;Lombardia;MN;E922;0;46,67
Sud;Calabria;CZ;E923;0;1
Centro;Lazio;RM;E924;7;12
Sud;Calabria;CZ;E925;0;0
Centro;Lazio;RI;E927;1,78;0
Nord Ovest;Lombardia;BS;E928;6,78;23,59
Nord Ovest;Lombardia;VA;E929;6,5;30,5
Centro;Toscana;LI;E930;19,8;31,2
Centro;Toscana;LI;E931;18,72;37
Sud;Campania;CE;E932;37,84;106,75
Centro;Toscana;AR;E933;3;19,83
Nord Ovest;Lombardia;PV;E934;1;33,5
Nord Est;Veneto;VE;E936;21,87;431,01
Nord Ovest;Piemonte;CN;E939;2;16,08
Nord Est;Veneto;TV;E940;16;77,17
Nord Ovest;Piemonte;TO;E941;5;10
Nord Ovest;Piemonte;AT;E944;2;3,17
Nord Ovest;Piemonte;CN;E945;3;7,67
Sud;Puglia;FG;E946;9,66;50,66
Nord Ovest;Lombardia;LC;E947;3;7,25
Nord Ovest;Lombardia;MN;E949;1;10
Nord Ovest;Lombardia;CO;E951;83,34;308,3
Isole;Sicilia;CL;E953;0;6
Sud;Campania;NA;E954;17;65,55
Sud;Campania;NA;E955;21,09;85,37
Sud;Calabria;RC;E956;3;6
Isole;Sicilia;PA;E957;7;2
Centro;Lazio;RM;E958;165,3;628,82
Centro;Toscana;PT;E960;10;32
Nord Ovest;Lombardia;BS;E961;2,8;3
Nord Ovest;Lombardia;MN;E962;6;89,68
Nord Ovest;Piemonte;CN;E963;0,5;0
Nord Ovest;Lombardia;VA;E965;21,18;101,17
Nord Ovest;Lombardia;BS;E967;11,09;20
Sud;Calabria;RC;E968;3,5;0
Nord Est;Veneto;VI;E970;39,2;125,28
Centro;Toscana;FI;E971;1;25,5
Isole;Sardegna;OR;E972;0;0
Nord Ovest;Piemonte;CN;E973;2;0
Isole;Sicilia;TP;E974;73,71;273,38
Centro;Umbria;PG;E975;47,03;142,68
Sud;Basilicata;PZ;E976;5,67;1,67
Sud;Basilicata;PZ;E977;13;30,11
Centro;Lazio;VT;E978;7,83;3
Sud;Puglia;LE;E979;0;12
Nord Est;Veneto;VE;E980;27,15;330,36
Nord Est;Friuli- Venezia Giulia;UD;E982;9,8;92,33
Nord Ovest;Lombardia;CR;E983;2;22
Sud;Puglia;LE;E984;0;0
Sud;Puglia;TA;E986;72,5;97,67
Nord Ovest;Lombardia;BG;E987;21,84;163,28
Nord Ovest;Piemonte;CN;E988;9;1
Sud;Abruzzo;TE;E989;53,86;233,81
Sud;Calabria;CZ;E991;0;0
Isole;Sardegna;SS;E992;0;0
Sud;Calabria;RC;E993;4;0
Nord Ovest;Lombardia;LO;E994;4;22,5
Sud;Puglia;TA;E995;12,25;12,73
Sud;Campania;AV;E997;1;8
Sud;Campania;CE;E998;5,83;1
Nord Ovest;Lombardia;PV;E999;3;25,5
Sud;Calabria;CS;F001;1;0
Nord Ovest;Lombardia;VA;F002;1;3
Nord Ovest;Lombardia;MI;F003;29,33;104,56
Isole;Sicilia;CT;F004;33,58;195,63
Isole;Sicilia;CT;F005;16,08;121,58
Sud;Basilicata;PZ;F006;5;4
Nord Ovest;Lombardia;VA;F007;3;0
Nord Est;Veneto;TV;F009;7;35,2
Nord Ovest;Piemonte;VB;F010;8;3
Nord Est;Veneto;PD;F011;9,75;118,57
Nord Est;Veneto;TV;F012;12,05;101,43
Nord Est;Veneto;PD;F013;3;16
Nord Ovest;Piemonte;AL;F015;0;5,5
Nord Est;Emilia-Romagna;FE;F016;3;22,5
Nord Ovest;Lombardia;CO;F017;12,49;33,6
Nord Ovest;Liguria;GE;F020;8,67;15
Centro;Marche;AP;F021;3;3
Sud;Abruzzo;AQ;F022;1;7
Centro;Toscana;MS;F023;132,73;341,02
Centro;Umbria;PG;F024;12,66;12
Centro;Toscana;PT;F025;6;56,25
Sud;Puglia;TA;F027;57,93;131,6
Nord Ovest;Lombardia;LO;F028;3;62,33
Nord Est;Emilia-Romagna;RA;F029;18,5;110,29
Sud;Campania;NA;F030;19,6;20,63
Centro;Toscana;GR;F032;33,39;64,52
Nord Est;Veneto;PD;F033;1,5;67,67
Centro;Toscana;LU;F035;26,48;67,74
Nord Ovest;Piemonte;BI;F037;0;5
Nord Ovest;Piemonte;TO;F041;0;0
Nord Ovest;Piemonte;BI;F042;8;19,5
Sud;Campania;CE;F043;7,22;14
Centro;Marche;AP;F044;5;18
Nord Ovest;Liguria;SV;F046;2;2
Nord Ovest;Piemonte;NO;F047;3;21
Nord Ovest;Piemonte;VB;F048;0;0
Isole;Sardegna;OR;F050;1;0
Centro;Marche;MC;F051;18,35;73,89
Sud;Basilicata;MT;F052;159,22;397,64
Nord Ovest;Piemonte;TO;F053;6,17;29,67
Sud;Puglia;LE;F054;5,5;12,34
Sud;Molise;CB;F055;1;2
Nord Ovest;Piemonte;TO;F058;3;4
Sud;Puglia;FG;F059;3,5;15,67
Isole;Sicilia;TP;F061;24,38;59,47
Nord Ovest;Lombardia;BS;F063;23;171,61
Centro;Lazio;RM;F064;3;3
Isole;Sicilia;CL;F065;6,58;8,53
Isole;Sicilia;ME;F066;1,67;0
Nord Ovest;Piemonte;TO;F067;20;70,5
Nord Ovest;Lombardia;SO;F070;9,88;6
Isole;Sardegna;NU;F073;0;0
Nord Ovest;Piemonte;TO;F074;7;7
Nord Ovest;Lombardia;MI;F078;96,24;339,35
Nord Ovest;Lombardia;PV;F080;5,66;59,71
Nord Est;Emilia-Romagna;PR;F082;18,83;110,42
Nord Est;Emilia-Romagna;BO;F083;61;196,84
Nord Ovest;Lombardia;MI;F084;21;146
Nord Ovest;Lombardia;BG;F085;13,17;31,59
Nord Ovest;Lombardia;MN;F086;3,5;34
Nord Est;Emilia-Romagna;MO;F087;10,5;71,67
Nord Est;Veneto;TV;F088;5,5;29,17
Nord Est;Friuli- Venezia Giulia;PN;F089;2;7,95
Nord Est;Veneto;PD;F092;1;10,58
Nord Ovest;Piemonte;NO;F093;35,5;70,24
Nord Est;Veneto;RO;F095;2,66;7
Nord Ovest;Piemonte;AL;F096;3;6,5
Nord Est;Emilia-Romagna;FO;F097;16,46;78,84
Nord Ovest;Liguria;GE;F098;9,67;21
Nord Ovest;Lombardia;MI;F100;117,16;252,73
Sud;Puglia;LE;F101;8;25,63
Nord Ovest;Lombardia;LO;F102;1;7
Sud;Basilicata;PZ;F104;37,71;69,57
Sud;Calabria;RC;F105;0;0
Sud;Calabria;RC;F106;0;2
Isole;Sicilia;SR;F107;8;38,59
Sud;Calabria;KR;F108;6;7
Sud;Puglia;LE;F109;1,1;10,42
Sud;Campania;AV;F110;0;3
Sud;Campania;NA;F111;23;111,67
Sud;Calabria;RC;F112;1,5;1
Sud;Campania;BN;F113;1,5;1
Nord Ovest;Piemonte;CN;F114;4;3
Nord Ovest;Lombardia;SO;F115;6,43;4,66
Nord Est;Veneto;TV;F116;91,4;205,94
Sud;Puglia;LE;F117;1,75;3
Nord Ovest;Lombardia;MI;F119;58,58;202,63
Nord Ovest;Lombardia;CO;F120;21,45;51,05
Nord Ovest;Lombardia;PV;F122;1;2
Nord Ovest;Liguria;IM;F123;1;0
Sud;Calabria;CS;F125;3;8,5
Isole;Sicilia;AG;F126;18;29,5
Centro;Lazio;RM;F127;42,17;163,5
Nord Est;Veneto;VE;F130;7,83;59,71
Nord Ovest;Piemonte;AL;F131;2;1
Nord Ovest;Lombardia;LC;F133;75,13;239,94
Nord Ovest;Lombardia;VA;F134;3;21
Centro;Marche;PS;F135;0;4
Centro;Marche;PS;F136;0;4,85
Nord Est;Emilia-Romagna;RN;F137;14,5;38,17
Sud;Campania;SA;F138;24,62;54,66
Nord Est;Emilia-Romagna;FO;F139;9;49,28
Nord Ovest;Piemonte;TO;F140;13;28
Sud;Campania;AV;F141;17,3;56,87
Nord Est;Friuli- Venezia Giulia;UD;F144;5;11,7
Centro;Marche;AN;F145;0,5;4
Nord Ovest;Piemonte;VB;F146;6;9
Isole;Sicilia;ME;F147;0;2
Nord Est;Veneto;PD;F148;7,85;19,94
Nord Ovest;Lombardia;LO;F149;0;31,8
Nord Ovest;Lombardia;CO;F151;9,04;50,09
Sud;Puglia;BR;F152;23,78;106,86
Nord Ovest;Lombardia;SO;F153;3,09;10,5
Nord Ovest;Lombardia;VA;F154;4,5;45
Nord Ovest;Lombardia;MI;F155;19,67;68,58
Nord Est;Emilia-Romagna;FE;F156;7;35,22
Sud;Calabria;KR;F157;6;5
Isole;Sicilia;ME;F158;347,98;571,4
Nord Est;Veneto;PD;F161;5;183,62
Sud;Campania;NA;F162;13,33;21,75
Nord Ovest;Lombardia;MI;F165;11,7;45,7
Nord Ovest;Piemonte;BI;F167;2;5
Nord Ovest;Lombardia;PV;F170;0;4,5
Nord Ovest;Lombardia;PV;F171;1;5
Nord Est;Veneto;VR;F172;7;14,5
Nord Ovest;Liguria;GE;F173;4,67;4,5
Nord Ovest;Lombardia;PV;F175;4;29,22
Nord Ovest;Piemonte;TO;F182;0;12,46
Isole;Sicilia;PA;F184;4,41;0
Nord Ovest;Lombardia;BG;F186;0;0
Nord Ovest;Piemonte;NO;F188;8;14
Nord Ovest;Piemonte;BI;F189;0;2
Nord Est;Veneto;TV;F190;1;25,17
Nord Ovest;Piemonte;NO;F191;4;14
Nord Ovest;Piemonte;VB;F192;4;5
Centro;Lazio;RI;F193;3;2
Sud;Puglia;LE;F194;4,5;5
Sud;Abruzzo;CH;F196;11;20
Sud;Calabria;CZ;F200;1;0
Sud;Basilicata;MT;F201;12;2
Nord Ovest;Liguria;GE;F202;14,5;19,14
Sud;Campania;CE;F203;2;1
Nord Ovest;Lombardia;MI;F205;11061,09;14470,48
Isole;Sicilia;ME;F206;29,93;98,77
Sud;Calabria;VV;F207;2,33;4
Isole;Sardegna;OR;F208;0;1
Isole;Sicilia;CT;F209;4;10
Isole;Sicilia;ME;F210;5,49;0
Nord Ovest;Liguria;SV;F213;12,58;19,22
Isole;Sicilia;CT;F214;5;1
Nord Ovest;Lombardia;BS;F216;1;12,6
Isole;Sicilia;CT;F217;14,09;14,25
Nord Est;Veneto;VR;F218;8,44;44,01
Nord Est;Emilia-Romagna;BO;F219;21,26;126,65
Sud;Puglia;BA;F220;20,16;18,43
Sud;Puglia;LE;F221;4;7
Sud;Campania;SA;F223;5;2
Centro;Lazio;LT;F224;34,66;50,43
Centro;Toscana;LU;F225;3;3
Nord Ovest;Liguria;SV;F226;3;4
Nord Est;Veneto;VE;F229;36,98;496,04
Sud;Campania;AV;F230;8,33;8,8
Isole;Sicilia;CT;F231;2;5,75
Nord Ovest;Piemonte;AL;F232;0;16,34
Sud;Molise;CB;F233;7;8,5
Nord Ovest;Lombardia;PV;F238;8,33;52,67
Sud;Molise;IS;F239;3;0
Nord Est;Emilia-Romagna;MO;F240;84,92;353,22
Nord Est;Veneto;VE;F241;38,12;355,97
Isole;Sicilia;ME;F242;5,34;0
Nord Ovest;Lombardia;BG;F243;3,78;48,83
Nord Est;Emilia-Romagna;RN;F244;34,33;135,04
Isole;Sicilia;PA;F246;21,1;24
Nord Ovest;Lombardia;MI;F247;20;86,01
Nord Ovest;Lombardia;LC;F248;27,66;114,75
Sud;Basilicata;PZ;F249;2;0
Isole;Sicilia;CT;F250;27,05;152,23
Isole;Sicilia;ME;F251;4,53;6
Nord Ovest;Piemonte;AT;F254;1;4
Nord Ovest;Liguria;GE;F256;3;4
Nord Est;Emilia-Romagna;MO;F257;844,75;2359,5
Isole;Sicilia;RG;F258;95,05;285,8
Nord Est;Emilia-Romagna;FO;F259;14,08;29,08
Nord Ovest;Lombardia;LO;F260;13,5;95,33
Isole;Sardegna;NU;F261;1;2
Sud;Puglia;BA;F262;51,17;139,81
Nord Ovest;Lombardia;LC;F265;10,83;43,82
Nord Est;Friuli- Venezia Giulia;UD;F266;4,75;6,6
Nord Ovest;Lombardia;MN;F267;2;35,67
Centro;Marche;MC;F268;13;9,5
Nord Est;Veneto;TV;F269;47,71;490,15
Isole;Sardegna;OR;F270;0;0
Isole;Sardegna;OR;F271;0;1
Isole;Sardegna;OR;F272;1;1,87
Sud;Campania;BN;F274;5;4
Nord Est;Friuli- Venezia Giulia;UD;F275;1;9
Nord Ovest;Lombardia;BG;F276;0,07;7
Isole;Sicilia;ME;F277;0,5;1
Sud;Campania;SA;F278;2,5;0
Nord Ovest;Piemonte;CN;F279;0;0
Sud;Puglia;BA;F280;25,9;64,34
Nord Ovest;Piemonte;AL;F281;1,5;11
Centro;Toscana;LU;F283;2,33;1,67
Sud;Puglia;BA;F284;167,8;279,59
Sud;Campania;BN;F287;1;1
Nord Est;Emilia-Romagna;BO;F288;28;209,61
Nord Ovest;Liguria;IM;F290;24,5;0
Nord Ovest;Piemonte;AL;F293;0;3
Sud;Molise;CB;F294;2;0
Sud;Basilicata;PZ;F295;12,5;9,78
Nord Ovest;Piemonte;VC;F297;4;5,5
Isole;Sicilia;AG;F299;23,3;16,33
Sud;Calabria;RC;F301;3;2
Nord Ovest;Lombardia;LC;F304;6,41;33,17
Nord Ovest;Lombardia;CO;F305;8;9,68
Nord Ovest;Piemonte;AT;F308;1;3,5
Nord Ovest;Piemonte;CN;F309;3,89;11
Centro;Marche;PS;F310;4;16,5
Nord Ovest;Piemonte;AT;F311;1;3
Nord Ovest;Piemonte;CN;F312;3;1,5
Nord Ovest;Piemonte;AL;F313;0,17;5,5
Nord Ovest;Piemonte;TO;F315;3;5
Nord Ovest;Piemonte;AT;F316;4;8
Nord Ovest;Piemonte;NO;F317;4;17,02
Nord Ovest;Piemonte;TO;F318;1;4
Centro;Lazio;RI;F319;2;2
Nord Ovest;Piemonte;AL;F320;0;0
Sud;Molise;CB;F322;1;0
Nord Ovest;Piemonte;AT;F323;0;2
Sud;Calabria;RC;F324;1;4
Nord Ovest;Piemonte;AT;F325;0;2
Nord Ovest;Piemonte;CN;F326;6;5
Nord Ovest;Piemonte;TO;F327;3;8
Nord Ovest;Lombardia;BG;F328;6,66;20,08
Nord Ovest;Piemonte;CN;F329;1;3
Nord Ovest;Piemonte;CN;F330;8;19,5
Nord Est;Veneto;TV;F332;3,17;55,84
Isole;Sardegna;CA;F333;2;6
Nord Ovest;Piemonte;TO;F335;221,89;657,55
Nord Ovest;Piemonte;AT;F336;4;15
Nord Ovest;Piemonte;AL;F337;4,5;3
Nord Ovest;Piemonte;CN;F338;0;2
Nord Est;Emilia-Romagna;PR;F340;3;14
Nord Ovest;Piemonte;VC;F342;6;12
Nord Ovest;Piemonte;AT;F343;0;4
Nord Est;Emilia-Romagna;RN;F346;4;5
Centro;Marche;PS;F347;6;12
Centro;Marche;PS;F348;40,25;191,49
Nord Ovest;Piemonte;CN;F351;133,65;218,92
Sud;Campania;CE;F352;34,13;57,22
Nord Ovest;Liguria;GE;F354;15,5;50,46
Nord Ovest;Piemonte;CN;F355;6;3
Nord Est;Emilia-Romagna;MO;F357;33,88;129,33
Nord Ovest;Piemonte;CN;F358;12;20,5
Isole;Sicilia;ME;F359;10,66;4
Nord Est;Veneto;TV;F360;1;12,5
Nord Ovest;Piemonte;AT;F361;0;4
Nord Est;Emilia-Romagna;BO;F363;21,34;63,67
Sud;Calabria;VV;F364;1;0
Nord Ovest;Piemonte;AL;F365;1;0
Nord Ovest;Valle d'Aosta;AO;F367;17,5;5,68
Isole;Sicilia;ME;F368;2;0
Nord Ovest;Piemonte;BI;F369;19;32
Sud;Calabria;CS;F370;0;0
Nord Ovest;Lombardia;CO;F372;4,75;20,93
Nord Ovest;Lombardia;BS;F373;8;83
Nord Ovest;Piemonte;AL;F374;0;3
Nord Ovest;Lombardia;BS;F375;6;12
Sud;Puglia;BA;F376;87,23;421,48
Isole;Sicilia;PA;F377;56,47;48,03
Centro;Marche;AP;F379;1;3
Centro;Marche;AP;F380;8;31,5
Centro;Marche;AN;F381;19,5;28,84
Nord Est;Veneto;PD;F382;20,5;190,83
Isole;Sardegna;CA;F383;3,13;59,92
Centro;Toscana;PT;F384;8,67;137,4
Nord Ovest;Piemonte;CN;F385;2,67;23
Nord Ovest;Piemonte;AT;F386;1;3
Nord Ovest;Piemonte;AL;F387;1;2
Nord Ovest;Piemonte;AT;F390;0;6,83
Sud;Molise;CB;F391;2;1
Nord Ovest;Lombardia;SO;F393;17,11;19
Nord Est;Veneto;PD;F394;12,5;94,59
Isole;Sicilia;ME;F395;4;0
Sud;Campania;AV;F397;0;0
Centro;Toscana;FI;F398;11,06;19,65
Sud;Basilicata;MT;F399;9,75;2
Isole;Sicilia;ME;F400;1;1
Centro;Marche;AN;F401;5,66;38,83
Nord Ovest;Piemonte;AL;F403;1;0
Nord Ovest;Piemonte;AL;F404;1;4
Nord Ovest;Piemonte;CN;F405;12,04;16,4
Nord Ovest;Piemonte;TO;F407;0;5
Nord Ovest;Piemonte;CN;F408;2;11
Nord Ovest;Piemonte;AT;F409;0;1
Centro;Toscana;PT;F410;11,33;54,5
Nord Ovest;Piemonte;TO;F411;1;12
Isole;Sicilia;AG;F414;4;1
Centro;Marche;AP;F415;5;6
Sud;Calabria;CS;F416;23;43
Nord Ovest;Lombardia;PV;F417;0;3
Centro;Lazio;VT;F419;38,75;45,5
Nord Ovest;Piemonte;TO;F420;8;21,5
Nord Ovest;Piemonte;TO;F422;7,83;54,33
Nord Ovest;Lombardia;LO;F423;3;41
Nord Ovest;Piemonte;CN;F424;7;5
Sud;Campania;SA;F426;1,5;3
Nord Ovest;Lombardia;CO;F427;12,5;93
Centro;Marche;AP;F428;7;9
Sud;Molise;IS;F429;2;4
Centro;Lazio;RI;F430;2;2
Sud;Calabria;CZ;F432;9,33;4,33
Sud;Abruzzo;CH;F433;0;0
Nord Ovest;Lombardia;CR;F434;3;15,75
Centro;Toscana;GR;F437;36,55;194,49
Nord Ovest;Lombardia;PV;F440;1,5;15,5
Sud;Abruzzo;PE;F441;2;1
Nord Est;Veneto;VI;F442;5,34;67,83
Nord Est;Veneto;TV;F443;54,79;392
Nord Ovest;Liguria;GE;F445;5;1
Centro;Lazio;RI;F446;5;1
Sud;Campania;AV;F448;2;2
Nord Ovest;Lombardia;PV;F449;1;4
Centro;Marche;PS;F450;0;10
Centro;Toscana;LU;F452;2,5;12,97
Centro;Marche;AN;F453;2,5;7,67
Centro;Marche;MC;F454;13,51;33,83
Nord Ovest;Piemonte;AL;F455;0;4
Centro;Umbria;PG;F456;6;7
Centro;Umbria;TR;F457;7;23,25
Centro;Toscana;PI;F458;15,5;16
Centro;Marche;MC;F460;3;0
Nord Est;Veneto;VR;F461;4;35
Centro;Umbria;TR;F462;2,33;10,66
Nord Est;Emilia-Romagna;RE;F463;22,33;131,54
Nord Est;Veneto;VI;F464;27,84;291,81
Nord Est;Veneto;VI;F465;9,5;33,67
Centro;Marche;PS;F467;0;2,22
Nord Ovest;Piemonte;AT;F468;5,5;8,5
Nord Ovest;Piemonte;AL;F469;5;4
Nord Ovest;Lombardia;BS;F471;37,67;358,46
Nord Est;Emilia-Romagna;PR;F473;24;143,4
Sud;Molise;CB;F475;3,33;8
Centro;Lazio;RM;F477;11,33;63,23
Nord Est;Emilia-Romagna;RN;F478;0;3
Sud;Campania;SA;F479;6;12
Sud;Campania;SA;F480;7,33;68,17
Sud;Campania;SA;F481;18;33,5
Centro;Marche;MC;F482;15,24;45,95
Nord Ovest;Piemonte;VB;F483;26,1;1
Nord Est;Emilia-Romagna;MO;F484;3,2;26,86
Nord Est;Veneto;VI;F486;0;11,5
Centro;Marche;AP;F487;2;1,12
Sud;Campania;NA;F488;6,31;5,94
Isole;Sicilia;CL;F489;0;0
Sud;Campania;AV;F491;6;4
Centro;Umbria;PG;F492;9,5;28,1
Centro;Marche;AP;F493;1,4;0,2
Sud;Campania;BN;F494;5,2;1
Sud;Molise;CB;F495;2,83;3
Centro;Marche;MC;F496;5,5;17
Centro;Marche;PS;F497;1;7
Sud;Abruzzo;CH;F498;1;2
Centro;Lazio;VT;F499;49,83;46,5
Sud;Abruzzo;TE;F500;3;2
Centro;Marche;AP;F501;5,26;12,66
Nord Est;Emilia-Romagna;RN;F502;4;33,1
Nord Est;Emilia-Romagna;MO;F503;4,5;13,85
Centro;Lazio;RM;F504;4,33;2
Sud;Campania;AV;F506;11;81,5
Sud;Campania;SA;F507;1;0
Nord Est;Veneto;VR;F508;10,33;89,91
Centro;Marche;AP;F509;12;3
Centro;Umbria;TR;F510;6;10
Sud;Campania;AV;F511;2;2
Sud;Campania;AV;F512;1;3
Centro;Umbria;TR;F513;5,01;6
Nord Est;Veneto;VI;F514;3;30,67
Nord Est;Veneto;VI;F515;0;29
Centro;Marche;AP;F516;3,67;2
Centro;Marche;AP;F517;1;0,88
Nord Ovest;Piemonte;AL;F518;0;0
Sud;Calabria;CS;F519;3;2
Centro;Marche;AP;F520;7;19
Centro;Marche;AP;F522;14;35,84
Nord Est;Emilia-Romagna;RN;F523;2;6
Centro;Marche;PS;F524;1;8,25
Nord Ovest;Lombardia;VA;F526;5;16
Nord Ovest;Piemonte;AT;F527;1;11
Nord Ovest;Liguria;IM;F528;1;0
Nord Est;Veneto;PD;F529;4;176,86
Sud;Puglia;TA;F531;5;8,92
Nord Ovest;Lombardia;BS;F532;6;2
Centro;Marche;PS;F533;10,5;74,17
Centro;Lazio;RM;F534;1;4
Sud;Abruzzo;CH;F535;1;0
Centro;Marche;AP;F536;1;2
Sud;Calabria;VV;F537;22,83;32,61
Sud;Puglia;FG;F538;9,25;2
Centro;Umbria;PG;F540;5,86;0,67
Centro;Lazio;RI;F541;5,5;3
Isole;Sardegna;SS;F542;0;0
Centro;Umbria;TR;F543;10;13
Isole;Sicilia;PA;F544;8,3;4
Centro;Lazio;RM;F545;9;12
Sud;Campania;AV;F546;12,64;29,77
Nord Ovest;Lombardia;BG;F547;4,5;54,9
Sud;Molise;CB;F548;1;1
Centro;Marche;AP;F549;1,82;0
Nord Ovest;Piemonte;CN;F550;0;6
Centro;Toscana;FI;F551;25,58;124,71
Centro;Marche;MC;F552;5,66;27,94
Isole;Sicilia;PA;F553;5;2
Nord Ovest;Piemonte;AT;F556;0;2,34
Sud;Campania;BN;F557;1;1
Nord Ovest;Piemonte;CN;F558;1;3
Sud;Campania;AV;F559;1;6
Centro;Marche;AN;F560;23,25;108,89
Nord Ovest;Lombardia;LC;F561;1;3,5
Nord Ovest;Piemonte;AL;F562;2;1
Sud;Puglia;TA;F563;4,25;14,5
Nord Ovest;Lombardia;CO;F564;8;8,5
Centro;Toscana;AR;F565;8;5,67
Sud;Campania;AV;F566;8;10
Centro;Marche;MC;F567;11,21;29,68
Sud;Basilicata;PZ;F568;4;3
Sud;Molise;CB;F569;0;0
Centro;Marche;AP;F570;4;5
Centro;Toscana;PO;F572;25,17;198,14
Sud;Basilicata;PZ;F573;3;1
Nord Est;Friuli- Venezia Giulia;UD;F574;1;5
Sud;Molise;CB;F576;13;46
Sud;Abruzzo;CH;F578;3;1
Centro;Lazio;RI;F579;1;2
Sud;Molise;IS;F580;0;1,33
Centro;Marche;AN;F581;6;7,67
Sud;Abruzzo;CH;F582;3,75;2,78
Sud;Abruzzo;TE;F585;66,03;207
Sud;Calabria;CZ;F586;9;18
Sud;Puglia;TA;F587;0;3
Centro;Marche;PS;F589;3;15,5
Centro;Lazio;RM;F590;20;62,65
Centro;Marche;AP;F591;22,13;165
Centro;Toscana;SI;F592;31,5;91,1
Centro;Toscana;AR;F594;4;4,51
Sud;Abruzzo;AQ;F595;7,5;12,28
Nord Est;Friuli- Venezia Giulia;PN;F596;10,25;18
Nord Est;Emilia-Romagna;BO;F597;23,44;81,72
Centro;Toscana;SI;F598;17,45;129,42
Centro;Marche;AP;F599;0;1
Centro;Marche;AN;F600;1;26,33
Sud;Molise;IS;F601;4,04;2,54
Centro;Lazio;VT;F603;9;4
Sud;Puglia;LE;F604;3,83;38,33
Centro;Toscana;SI;F605;8,6;85,93
Centro;Lazio;VT;F606;1;14
Sud;Calabria;VV;F607;4,55;0
Nord Ovest;Piemonte;CN;F608;6;11,5
Nord Ovest;Liguria;SP;F609;5;0
Isole;Sicilia;RG;F610;6;1,66
Centro;Lazio;RM;F611;142;474,08
Centro;Toscana;GR;F612;7;11,5
Centro;Marche;AP;F614;4,4;4,33
Centro;Lazio;LT;F616;7,75;0
Sud;Campania;SA;F618;0;4
Centro;Lazio;RI;F619;2,5;0
Centro;Lazio;FR;F620;9;9
Centro;Marche;MC;F621;22,5;21,5
Centro;Marche;MC;F622;2;0
Sud;Puglia;LE;F623;1;1,5
Sud;Campania;SA;F625;5,75;5,25
Centro;Marche;AP;F626;7;5
Nord Est;Emilia-Romagna;BO;F627;41,33;156,5
Centro;Toscana;AR;F628;15,96;60,11
Centro;Umbria;PG;F629;3;2
Sud;Puglia;FG;F631;16,14;36,92
Centro;Marche;MC;F632;42,25;86,03
Centro;Marche;AN;F634;15,36;53
Sud;Campania;BN;F636;16,85;16
Sud;Basilicata;MT;F637;21,33;18,5
Nord Ovest;Lombardia;PV;F638;0;5
Nord Ovest;Piemonte;VB;F639;5;1,21
Centro;Toscana;PI;F640;13,5;14
Nord Est;Emilia-Romagna;MO;F642;14,99;39,07
Nord Ovest;Lombardia;PV;F644;0;0
Sud;Abruzzo;PE;F646;93,33;574,24
Centro;Toscana;FI;F648;37,34;76
Nord Ovest;Piemonte;TO;F651;0,22;8,5
Centro;Marche;AP;F653;7;25,5
Nord Ovest;Piemonte;CN;F654;2;5
Isole;Sicilia;AG;F655;1;6
Centro;Toscana;AR;F656;72,91;161,16
Nord Ovest;Lombardia;LC;F657;4,5;29
Sud;Campania;AV;F660;3,5;0
Centro;Toscana;PI;F661;9;10
Nord Est;Veneto;VI;F662;1;20,5
Centro;Marche;AP;F664;1,8;0
Centro;Marche;AP;F665;3;5
Nord Ovest;Piemonte;CN;F666;0;0
Isole;Sardegna;SS;F667;0,4;1
Nord Est;Emilia-Romagna;FO;F668;3;12
Nord Ovest;Piemonte;CN;F669;5,25;11
Nord Ovest;Lombardia;PV;F670;2;2,1
Nord Est;Emilia-Romagna;PC;F671;3;46
Nord Ovest;Lombardia;BS;F672;3;46,71
Nord Ovest;Lombardia;LC;F674;14;42
Nord Est;Veneto;VI;F675;7,5;140,03
Centro;Toscana;SI;F676;5,5;4
Centro;Toscana;GR;F677;16,18;6,45
Centro;Toscana;MS;F679;18,08;60,05
Nord Ovest;Lombardia;BS;F680;4,5;60,09
Nord Ovest;Lombardia;CR;F681;2;22,3
Nord Ovest;Liguria;GE;F682;12,25;8
Centro;Umbria;PG;F685;4;4,5
Centro;Toscana;PI;F686;28,34;91,76
Centro;Lazio;RI;F687;25;11,5
Nord Ovest;Lombardia;CO;F688;5;12,5
Sud;Molise;CB;F689;1,04;1
Sud;Abruzzo;TE;F690;11;17
Centro;Lazio;RM;F692;4;1
Nord Est;Veneto;VI;F696;5;16,39
Centro;Marche;AP;F697;0;2
Isole;Sardegna;NU;F698;1;1
Nord Ovest;Lombardia;PV;F701;5;9,5
Nord Ovest;Lombardia;VA;F703;1;16,47
Nord Ovest;Lombardia;MI;F704;801,95;1889,78
Nord Ovest;Lombardia;MN;F705;3,5;39,5
Nord Est;Emilia-Romagna;BO;F706;30,39;64,72
Nord Ovest;Piemonte;AL;F707;2;12
Sud;Calabria;CS;F708;7;5
Nord Ovest;Piemonte;AT;F709;1;0
Nord Ovest;Lombardia;VA;F711;6,67;42,39
Nord Ovest;Lombardia;SO;F712;82,38;169,82
Nord Ovest;Piemonte;AL;F713;0;1
Nord Est;Emilia-Romagna;RN;F715;12,5;61,5
Sud;Puglia;LE;F716;6;6,5
Sud;Campania;BN;F717;4;2,5
Nord Est;Emilia-Romagna;BO;F718;4;40,92
Nord Ovest;Lombardia;BG;F720;3;30,5
Isole;Sardegna;SS;F721;0;3
Centro;Marche;AP;F722;1;5
Nord Ovest;Piemonte;CN;F723;13,84;48,17
Nord Est;Emilia-Romagna;PC;F724;3,75;8,5
Nord Est;Veneto;TV;F725;5;56,66
Nord Ovest;Valle d'Aosta;AO;F726;17,25;56,6
Isole;Sardegna;OR;F727;0;0
Nord Est;Veneto;TV;F729;5;21,66
Centro;Lazio;RM;F730;3,67;4
Sud;Campania;SA;F731;0;1
Sud;Abruzzo;AQ;F732;3;1,5
Nord Ovest;Piemonte;TO;F733;2;6
Centro;Lazio;RM;F734;12,83;42,75
Sud;Calabria;CS;F735;11,5;1
Nord Ovest;Lombardia;VA;F736;13,02;39,5
Nord Ovest;Piemonte;AL;F737;1,67;3,67
Nord Ovest;Lombardia;BG;F738;5;30,94
Nord Ovest;Lombardia;PV;F739;0,56;9,19
Centro;Lazio;FR;F740;9;4,75
Nord Ovest;Piemonte;CN;F743;8;8,5
Sud;Campania;AV;F744;3;1
Centro;Marche;AN;F745;2;8,33
Centro;Lazio;RI;F746;0;1
Sud;Abruzzo;TE;F747;7,75;15,5
Sud;Molise;CB;F748;2;1
Centro;Marche;MC;F749;37,45;50,34
Nord Est;Friuli- Venezia Giulia;PN;F750;7;20,67
Nord Ovest;Piemonte;AL;F751;3;4
Nord Ovest;Lombardia;PV;F754;22,92;165,99
Nord Est;Friuli- Venezia Giulia;UD;F756;10;48
Nord Ovest;Lombardia;LC;F758;2;0
Nord Est;Friuli- Venezia Giulia;UD;F760;1;8
Nord Ovest;Lombardia;CR;F761;0,17;4,22
Sud;Campania;AV;F762;1;0,67
Sud;Abruzzo;TE;F764;17,5;42,4
Sud;Abruzzo;PE;F765;3;11,71
Nord Est;Veneto;TV;F770;13,75;107,71
Nord Ovest;Lombardia;CR;F771;0;5
Isole;Sicilia;ME;F772;3;1
Isole;Sicilia;ME;F773;1;1
Nord Ovest;Piemonte;VC;F774;0,5;5,5
Sud;Calabria;CS;F775;0;0
Nord Ovest;Piemonte;BI;F776;4;7,75
Sud;Puglia;FG;F777;2,83;0,67
Sud;Calabria;RC;F779;0;4
Sud;Calabria;CZ;F780;3;0
Isole;Sicilia;CT;F781;18,25;40
Nord Ovest;Lombardia;MI;F783;17;99,81
Sud;Puglia;TA;F784;41,74;48,7
Sud;Abruzzo;CH;F785;0;2,5
Nord Ovest;Lombardia;BG;F786;6;45,97
Nord Ovest;Lombardia;CO;F788;24,28;117,03
Nord Est;Veneto;VR;F789;8;107,64
Nord Ovest;Lombardia;BG;F791;23,83;109,72
Centro;Marche;MC;F793;1;1,83
Nord Ovest;Lombardia;MI;F797;127,51;351,62
Sud;Campania;AV;F798;4;11
Sud;Campania;NA;F799;44,92;238,64
Nord Ovest;Lombardia;LO;F801;12,5;92,99
Centro;Toscana;MS;F802;11,5;5
Nord Ovest;Lombardia;BS;F806;0;3,22
Isole;Sardegna;CA;F808;2;59,83
Nord Ovest;Piemonte;CN;F809;0;6
Nord Est;Veneto;VI;F810;2,5;9,5
Nord Ovest;Piemonte;CN;F811;2;9,5
Nord Ovest;Liguria;SV;F813;8;4
Nord Ovest;Piemonte;AL;F814;0;8,5
Centro;Toscana;SI;F815;2,5;13
Sud;Puglia;LE;F816;8,67;11,67
Sud;Basilicata;PZ;F817;23,75;10,51
Isole;Sardegna;SS;F818;0;1
Nord Ovest;Lombardia;BS;F820;3;19
Isole;Sardegna;CA;F822;0;1
Nord Est;Veneto;VE;F826;12,67;134,24
Nord Ovest;Lombardia;CO;F828;4;8
Nord Est;Veneto;VI;F829;8;54,83
Isole;Sicilia;CL;F830;24;12,63
Sud;Abruzzo;TE;F831;52,32;117,86
Nord Est;Friuli- Venezia Giulia;UD;F832;1;10,5
Nord Ovest;Piemonte;BI;F833;0,5;2
Nord Est;Veneto;VI;F838;7;21
Sud;Campania;NA;F839;814,27;1361,52
Isole;Sardegna;OR;F840;2;2
Isole;Sardegna;CA;F841;4,17;0
Sud;Puglia;LE;F842;25,18;91,38
Sud;Calabria;VV;F843;2;0
Centro;Umbria;TR;F844;44,78;84,55
Isole;Sicilia;AG;F845;16,5;10
Nord Ovest;Piemonte;CN;F846;9;26,16
Nord Ovest;Liguria;SV;F847;3;0
Isole;Sicilia;ME;F848;4;0
Nord Ovest;Lombardia;BS;F851;18;85,72
Sud;Abruzzo;AQ;F852;4;6
Centro;Lazio;RM;F857;2,5;4
Nord Ovest;Liguria;GE;F858;16,75;3
Nord Ovest;Piemonte;NO;F859;3,84;45,89
Nord Est;Veneto;VR;F861;43,4;167,38
Nord Ovest;Liguria;GE;F862;7,06;1,5
Nord Ovest;Piemonte;CN;F863;8;15
Nord Ovest;Lombardia;BG;F864;21,63;128,35
Centro;Lazio;RM;F865;6;7,5
Sud;Basilicata;PZ;F866;1;0
Isole;Sardegna;OR;F867;1;0
Centro;Lazio;VT;F868;20,5;23,5
Sud;Abruzzo;TE;F870;15;33,93
Centro;Lazio;RM;F871;12,34;26
Nord Est;Veneto;TV;F872;12,5;55,05
Nord Ovest;Lombardia;MI;F874;45,67;195,08
Centro;Lazio;RI;F876;3,4;2
Nord Ovest;Lombardia;CO;F877;10,25;15
Nord Ovest;Piemonte;BI;F878;11;21
Centro;Lazio;RM;F880;115,29;340,12
Sud;Puglia;LE;F881;3;6
Nord Est;Emilia-Romagna;PR;F882;13,5;33,83
Nord Ovest;Piemonte;CN;F883;0;4
Nord Ovest;Lombardia;BS;F884;11;14
Nord Ovest;Piemonte;NO;F886;0;3
Nord Ovest;Lombardia;LC;F887;10;51,63
Nord Ovest;Piemonte;TO;F889;291,96;669,09
Isole;Sicilia;CT;F890;6;11,33
Nord Ovest;Lombardia;PV;F891;1,25;1,5
Isole;Sicilia;EN;F892;11,25;27
Sud;Calabria;VV;F893;2;3
Nord Ovest;Piemonte;CN;F894;1;0,67
Nord Ovest;Piemonte;CN;F895;3;2,5
Nord Est;Friuli- Venezia Giulia;UD;F898;4;11
Isole;Sicilia;CL;F899;11,83;15,33
Isole;Sicilia;EN;F900;7;8
Isole;Sicilia;ME;F901;1;6
Nord Ovest;Piemonte;AT;F902;40,5;84,27
Nord Est;Veneto;VE;F904;6,96;244,66
Nord Ovest;Piemonte;TO;F906;2;1
Sud;Calabria;CS;F907;0;0
Sud;Abruzzo;PE;F908;1;1
Sud;Calabria;CZ;F910;3,86;4
Centro;Umbria;PG;F911;22,52;47,39
Sud;Campania;SA;F912;62,54;151,34
Sud;Campania;SA;F913;21,87;98,52
Nord Est;Emilia-Romagna;PR;F914;49,5;169,16
Sud;Puglia;BA;F915;47,15;109,77
Sud;Puglia;LE;F916;3;5
Sud;Basilicata;PZ;F917;0,76;0
Nord Est;Veneto;VR;F918;23;104,27
Nord Est;Veneto;VR;F921;3;54,2
Nord Est;Veneto;VI;F922;3;5,67
Sud;Puglia;BA;F923;51,18;124,07
Sud;Campania;NA;F924;43,46;196,92
Nord Ovest;Piemonte;TO;F925;16;63,08
Nord Ovest;Liguria;SV;F926;27,83;72,7
Nord Ovest;Piemonte;TO;F927;0;0
Nord Est;Emilia-Romagna;MO;F930;19,04;266,92
Nord Ovest;Piemonte;TO;F931;23,5;77,08
Nord Ovest;Piemonte;VB;F932;7;6
Isole;Sardegna;NU;F933;0;0
Isole;Sardegna;OR;F934;1;0
Centro;Umbria;PG;F935;9;14
Centro;Lazio;LT;F937;3;7,17
Nord Ovest;Lombardia;MI;F939;0;2
Nord Ovest;Lombardia;BG;F941;2,33;18
Sud;Abruzzo;TE;F942;9,33;15,18
Isole;Sicilia;SR;F943;43;52,18
Nord Ovest;Lombardia;MI;F944;90,22;268,24
Nord Ovest;Piemonte;TO;F948;2;3
Isole;Sicilia;ME;F951;5;0,5
Nord Ovest;Piemonte;NO;F952;452,99;1324,41
Nord Ovest;Lombardia;MI;F955;96,36;234,95
Nord Ovest;Lombardia;SO;F956;10,5;13,56
Nord Est;Veneto;VI;F957;2;34,84
Nord Ovest;Lombardia;CO;F958;0;10
Nord Est;Emilia-Romagna;RE;F960;43;170,76
Nord Ovest;Piemonte;CN;F961;1;2
Nord Est;Veneto;PD;F962;14,5;191,2
Nord Est;Veneto;VE;F963;11,44;100,45
Nord Est;Veneto;VI;F964;5;122,75
Nord Ovest;Piemonte;AL;F965;94;239,54
Nord Est;Emilia-Romagna;MO;F966;10;100
Sud;Campania;SA;F967;3;1
Nord Ovest;Lombardia;MI;F968;5;74,26
Sud;Puglia;LE;F970;1;10,57
Nord Ovest;Piemonte;CN;F972;1;0
Isole;Sardegna;OR;F974;0;0
Isole;Sardegna;SS;F975;1;3
Isole;Sardegna;SS;F976;0;0,14
Isole;Sardegna;SS;F977;0;4
Centro;Marche;AN;F978;6,28;89,28
Isole;Sardegna;NU;F979;33,81;78,28
Isole;Sardegna;OR;F980;0;0
Isole;Sardegna;NU;F981;0;1
Isole;Sardegna;NU;F982;0;0
Isole;Sardegna;CA;F983;0;0
Isole;Sardegna;OR;F985;0;0
Isole;Sardegna;NU;F986;2;2
Nord Ovest;Valle d'Aosta;AO;F987;16;11,67
Sud;Campania;AV;F988;11,33;6,02
Nord Ovest;Lombardia;BS;F989;2;35,92
Nord Ovest;Lombardia;BS;F990;2;53,39
Isole;Sardegna;CA;F991;0;0
Nord Ovest;Piemonte;BI;F992;12,5;32,5
Nord Ovest;Piemonte;BI;F993;9,17;26,34
Nord Est;Veneto;RO;F994;13;173,07
Nord Ovest;Piemonte;AL;F995;0,17;3,5
Sud;Abruzzo;AQ;F996;1;6
Nord Ovest;Piemonte;AL;F997;1;9
Nord Ovest;Piemonte;AL;F998;0;5
Nord Est;Veneto;TV;F999;45,33;198,93
Nord Ovest;Lombardia;BS;G001;3;5,5
Sud;Abruzzo;AQ;G002;0,66;1
Centro;Marche;AN;G003;0;18
Nord Ovest;Lombardia;CR;G004;15,5;78,41
Centro;Marche;AP;G005;6,33;16,83
Nord Ovest;Lombardia;BS;G006;4;44,7
Nord Ovest;Piemonte;VB;G007;10;32,5
Nord Ovest;Lombardia;VA;G008;3;38,89
Nord Ovest;Lombardia;LC;G009;25,86;126,44
Nord Ovest;Piemonte;TO;G010;2,5;8
Sud;Campania;SA;G011;12;4
Nord Ovest;Valle d'Aosta;AO;G012;0;0
Isole;Sardegna;SS;G015;127,76;594,32
Nord Ovest;Piemonte;VC;G016;1;4
Nord Ovest;Piemonte;VC;G018;0,5;3,5
Nord Ovest;Piemonte;NO;G019;18,04;153,02
Nord Ovest;Piemonte;NO;G020;3;36,77
Nord Ovest;Lombardia;PV;G021;0;4
Centro;Lazio;RM;G022;17,5;6
Sud;Campania;SA;G023;11,95;13,67
Nord Ovest;Lombardia;CO;G025;35,17;150,2
Nord Ovest;Lombardia;LC;G026;18,58;60,25
Nord Ovest;Lombardia;VA;G028;30;175,84
Nord Ovest;Lombardia;LC;G030;22;65,17
Isole;Sardegna;NU;G031;0;0,44
Nord Ovest;Lombardia;PV;G032;0;1
Sud;Calabria;CZ;G034;0;2
Isole;Sicilia;ME;G036;2,1;2
Sud;Basilicata;MT;G037;1;0
Sud;Campania;SA;G039;4,61;2,5
Nord Ovest;Lombardia;LC;G040;4,51;19,92
Nord Ovest;Liguria;IM;G041;5;0
Nord Ovest;Piemonte;AL;G042;0;0
Isole;Sardegna;OR;G043;0;0
Isole;Sardegna;NU;G044;0;0
Nord Ovest;Valle d'Aosta;AO;G045;0;2
Isole;Sardegna;SS;G046;6;27
Nord Ovest;Lombardia;CR;G047;3;8,8
Nord Ovest;Piemonte;AT;G048;0;0
Nord Ovest;Lombardia;BG;G049;1;1
Nord Ovest;Lombardia;BG;G050;9;38,64
Nord Ovest;Lombardia;BG;G054;0;1,67
Nord Ovest;Lombardia;CO;G056;8;24,5
Isole;Sardegna;NU;G058;1;0
Nord Ovest;Lombardia;BS;G061;4,5;18,78
Nord Ovest;Piemonte;VB;G062;46,22;99,3
Sud;Campania;SA;G063;2;1
Isole;Sardegna;NU;G064;0;0
Centro;Lazio;VT;G065;3;2
Nord Ovest;Piemonte;CN;G066;1;0
Nord Ovest;Lombardia;BG;G068;0;24,83
Isole;Sardegna;NU;G070;1;0
Isole;Sardegna;NU;G071;1;0
Nord Ovest;Lombardia;BS;G074;3;1
Nord Ovest;Lombardia;BG;G075;2;46
Nord Ovest;Liguria;SV;G076;2;1
Nord Ovest;Lombardia;MI;G078;174,51;403,94
Sud;Abruzzo;AQ;G079;2,33;10
Nord Est;Veneto;VR;G080;9,75;109,75
Sud;Basilicata;PZ;G081;3;3
Sud;Calabria;RC;G082;0;4
Isole;Sardegna;NU;G084;1;1
Sud;Molise;CB;G086;1;8
Nord Ovest;Piemonte;TO;G087;80,73;279,56
Centro;Toscana;GR;G088;21,19;143,09
Centro;Toscana;PI;G090;2,99;2
Nord Ovest;Liguria;GE;G093;1;1
Nord Est;Veneto;VI;G095;4;19,39
Nord Ovest;Lombardia;LO;G096;0;20
Isole;Sardegna;NU;G097;2;1,5
Sud;Puglia;BR;G098;7,5;22,22
Sud;Abruzzo;AQ;G102;0;2
Nord Ovest;Lombardia;VA;G103;40;118,97
Nord Ovest;Lombardia;VA;G105;4;6,5
Nord Ovest;Lombardia;LO;G107;2;18
Nord Ovest;Lombardia;BG;G108;1;16,67
Nord Ovest;Piemonte;TO;G109;5;9
Sud;Calabria;CS;G110;5;0,5
Centro;Lazio;VT;G111;8,25;9
Isole;Sardegna;OR;G113;22;96
Nord Ovest;Piemonte;CN;G114;28;11
Nord Est;Veneto;TV;G115;6;29
Nord Ovest;Lombardia;MI;G116;9;86,5
Nord Ovest;Piemonte;VB;G117;10,5;21,33
Nord Ovest;Lombardia;BG;G118;5;0
Isole;Sardegna;NU;G119;1;7
Isole;Sardegna;NU;G120;0;2,11
Sud;Campania;SA;G121;0;0
Isole;Sardegna;NU;G122;0;0
Nord Est;Veneto;TV;G123;10;27,06
Nord Ovest;Piemonte;AL;G124;0;0
Sud;Puglia;FG;G125;1;1
Nord Ovest;Lombardia;CO;G126;3;21,51
Sud;Abruzzo;CH;G128;4;6,5
Sud;Calabria;CS;G129;0;2
Sud;Campania;CE;G130;17,5;195,6
Sud;Puglia;FG;G131;13;80,66
Isole;Sardegna;CA;G133;0;0
Nord Ovest;Piemonte;NO;G134;4;15,29
Centro;Lazio;VT;G135;32;60,5
Sud;Puglia;LE;G136;2;5,5
Centro;Marche;AP;G137;4;5,17
Centro;Toscana;AR;G139;2;4
Sud;Abruzzo;CH;G141;53,78;162,15
Sud;Abruzzo;AQ;G142;1;1
Nord Ovest;Liguria;SP;G143;20;18,75
Nord Ovest;Liguria;SV;G144;5;8
Sud;Abruzzo;AQ;G145;1;5
Isole;Sardegna;NU;G146;1,5;0
Isole;Sardegna;NU;G147;0;0
Centro;Umbria;TR;G148;55,44;80,16
Nord Ovest;Lombardia;BS;G149;9;106,34
Nord Ovest;Lombardia;BS;G150;3;22,72
Nord Ovest;Piemonte;TO;G151;5;12
Nord Ovest;Piemonte;TO;G152;2;10,72
Isole;Sardegna;SS;G153;2,89;10,2
Isole;Sardegna;NU;G154;0;0,2
Nord Ovest;Liguria;SV;G155;8;3
Isole;Sardegna;SS;G156;5;10,1
Centro;Marche;AN;G157;45,86;279,5
Isole;Sardegna;NU;G158;0;0
Nord Ovest;Lombardia;BG;G159;4;61,95
Nord Ovest;Lombardia;BG;G160;28,17;201,34
Nord Ovest;Lombardia;LC;G161;10,01;41,06
Nord Est;Friuli- Venezia Giulia;UD;G163;9,75;41,61
Nord Ovest;Liguria;IM;G164;40,67;105,75
Sud;Campania;AV;G165;2,5;10
Nord Ovest;Lombardia;LO;G166;5,94;26,67
Nord Est;Veneto;PD;G167;3,64;43
Nord Est;Veneto;BL;G169;2,58;2
Nord Ovest;Lombardia;BS;G170;12,84;154,45
Nord Ovest;Lombardia;LO;G171;3,67;16,48
Isole;Sardegna;SS;G178;2;7,88
Nord Ovest;Lombardia;BS;G179;9,33;32
Nord Ovest;Lombardia;MI;G181;9;57,67
Nord Ovest;Piemonte;CN;G183;4;0
Nord Est;Emilia-Romagna;FE;G184;5,74;34,86
Nord Ovest;Lombardia;CR;G185;3;22,66
Nord Ovest;Lombardia;MN;G186;10;58,85
Sud;Puglia;BR;G187;150,31;133,47
Sud;Puglia;LE;G188;9,9;44,33
Centro;Umbria;TR;G189;9,25;8
Sud;Campania;NA;G190;16,84;14,5
Isole;Sardegna;NU;G191;0;3
Sud;Campania;SA;G192;1;1
Nord Ovest;Piemonte;AL;G193;1;3
Nord Ovest;Lombardia;PV;G194;2;6,17
Nord Est;Emilia-Romagna;PC;G195;3,01;3,75
Nord Ovest;Piemonte;TO;G196;28,25;106,49
Nord Ovest;Piemonte;AL;G197;23,44;56,67
Nord Est;Friuli- Venezia Giulia;UD;G198;12,8;15
Nord Ovest;Piemonte;AL;G199;3;8
Sud;Abruzzo;AQ;G200;17,39;60,67
Isole;Sardegna;NU;G201;0;1
Nord Ovest;Piemonte;TO;G202;0;8
Isole;Sardegna;SS;G203;9,5;9
Nord Ovest;Piemonte;AL;G204;5;10
Nord Est;Emilia-Romagna;BO;G205;48,37;242,05
Nord Ovest;Lombardia;MI;G206;3;17
Isole;Sardegna;CA;G207;0;0
Isole;Sicilia;TP;G208;9;19,8
Isole;Sicilia;ME;G209;8;14,77
Sud;Abruzzo;AQ;G210;1;3,66
Isole;Sicilia;SR;G211;10;68
Centro;Umbria;PG;G212;7,5;6
Nord Ovest;Lombardia;BS;G213;15;187,06
Nord Ovest;Piemonte;AL;G215;2;2
Nord Ovest;Lombardia;BS;G217;2;19
Nord Ovest;Lombardia;LC;G218;5;45,5
Nord Ovest;Lombardia;MI;G220;211,37;589,94
Nord Ovest;Lombardia;CR;G222;0;10,5
Nord Ovest;Lombardia;LC;G223;10,5;77,89
Nord Est;Veneto;PD;G224;532,18;3501,06
Isole;Sardegna;SS;G225;3;1
Sud;Campania;SA;G226;3;8
Sud;Campania;BN;G227;2;0
Nord Ovest;Piemonte;CN;G228;13;24,5
Nord Est;Veneto;TV;G229;68,5;283,47
Sud;Campania;SA;G230;30,94;175,71
Centro;Lazio;RI;G232;3;0
Nord Ovest;Lombardia;BG;G233;0,08;23,48
Isole;Sicilia;ME;G234;1,83;2
Sud;Abruzzo;CH;G237;9;6
Nord Est;Friuli- Venezia Giulia;UD;G238;10;32,83
Nord Ovest;Piemonte;CN;G240;1;4,5
Nord Ovest;Lombardia;LC;G241;0;0
Sud;Campania;AV;G242;0;3
Sud;Campania;BN;G243;0;0
Nord Ovest;Lombardia;BS;G247;3;1
Nord Ovest;Lombardia;BS;G248;1,5;25
Nord Ovest;Lombardia;BG;G249;7;40,17
Nord Est;Emilia-Romagna;MO;G250;5,08;17
Sud;Puglia;TA;G251;9,91;18,84
Sud;Puglia;TA;G252;30,08;36,58
Isole;Sicilia;CT;G253;10;26,5
Centro;Toscana;PI;G254;11,87;27,34
Nord Est;Emilia-Romagna;PR;G255;2,5;4,16
Sud;Molise;CB;G257;5;2
Isole;Sardegna;SS;G258;21,31;86,5
Nord Ovest;Lombardia;BG;G259;1;45,5
Nord Ovest;Lombardia;CR;G260;2;39,5
Sud;Basilicata;PZ;G261;3,67;4
Nord Ovest;Piemonte;TO;G262;1;6
Isole;Sicilia;PA;G263;5,95;2
Nord Ovest;Lombardia;BS;G264;66,33;273,23
Nord Ovest;Piemonte;VC;G266;2;10,5
Isole;Sicilia;SR;G267;7,5;36
Nord Est;Friuli- Venezia Giulia;UD;G268;0;11,3
Centro;Toscana;FI;G270;4;3,22
Sud;Abruzzo;CH;G271;3,67;7
Sud;Calabria;CZ;G272;0;1
Isole;Sicilia;PA;G273;466,47;1369,93
Centro;Lazio;RM;G274;41;76,83
Nord Ovest;Lombardia;PV;G275;8;18
Centro;Lazio;FR;G276;7,67;8
Sud;Calabria;RC;G277;2;2
Sud;Calabria;KR;G278;2;1
Nord Ovest;Piemonte;VB;G280;1;6
Nord Ovest;Liguria;SV;G281;14;7
Isole;Sicilia;AG;G282;25,16;15,67
Sud;Campania;NA;G283;19,5;34,5
Nord Est;Friuli- Venezia Giulia;UD;G284;30;63,83
Sud;Puglia;LE;G285;0;0
Isole;Sardegna;OR;G286;0;0
Isole;Sardegna;CA;G287;7;2
Sud;Calabria;RC;G288;6;21,38
Centro;Marche;AP;G289;0;1
Sud;Abruzzo;CH;G290;6;7
Sud;Puglia;BA;G291;22,5;96,75
Sud;Campania;SA;G292;2;0
Centro;Lazio;RM;G293;42;46,5
Sud;Abruzzo;CH;G294;4;4
Nord Ovest;Lombardia;BG;G295;10;43,48
Nord Est;Veneto;VR;G297;1;8,5
Sud;Calabria;CS;G298;1;2
Nord Est;Friuli- Venezia Giulia;UD;G300;4,17;9,51
Nord Ovest;Piemonte;CN;G302;7;6,5
Nord Ovest;Piemonte;TO;G303;6;18,67
Nord Ovest;Lombardia;PV;G304;0;2
Nord Ovest;Lombardia;CR;G306;9,4;96,91
Sud;Calabria;CS;G307;0;0
Centro;Umbria;PG;G308;23,28;36,84
Sud;Campania;NA;G309;34,41;105,37
Sud;Campania;BN;G311;7;2,52
Sud;Puglia;FG;G312;2;0
Isole;Sicilia;TP;G315;42;8
Nord Ovest;Lombardia;MI;G316;14,75;74,9
Sud;Calabria;CS;G317;14,01;13
Sud;Campania;BN;G318;0;9
Isole;Sicilia;TP;G319;10,95;20,7
Sud;Calabria;CS;G320;1;1
Nord Est;Veneto;RO;G323;1;14,5
Nord Ovest;Lombardia;MI;G324;85,36;366,13
Sud;Puglia;LE;G325;9,67;51,8
Nord Ovest;Lombardia;BS;G327;16,5;93,84
Nord Ovest;Piemonte;TO;G330;0;3
Sud;Calabria;CS;G331;1;0
Sud;Campania;CE;G333;17,3;82,17
Nord Ovest;Piemonte;AL;G334;1;6,5
Sud;Calabria;VV;G335;1;2,33
Nord Ovest;Lombardia;LC;G336;1;6
Nord Est;Emilia-Romagna;PR;G337;1158,56;2677,19
Nord Ovest;Piemonte;AL;G338;3;2
Nord Ovest;Piemonte;CN;G339;0,99;0,99
Sud;Campania;AV;G340;0;3
Nord Ovest;Lombardia;PV;G342;3;17,79
Centro;Umbria;TR;G344;7;6,5
Nord Ovest;Lombardia;BG;G346;11;39,1
Isole;Sicilia;TP;G347;13;24,83
Isole;Sicilia;PA;G348;20;21,17
Nord Ovest;Piemonte;NO;G349;7;22
Nord Ovest;Lombardia;BG;G350;4;24
Nord Est;Friuli- Venezia Giulia;UD;G352;24,79;119,99
Nord Est;Friuli- Venezia Giulia;PN;G353;12,9;76,5
Nord Ovest;Lombardia;BS;G354;2;3
Nord Ovest;Piemonte;AT;G358;0;0
Centro;Umbria;PG;G359;17;61
Nord Ovest;Lombardia;BS;G361;2,82;62,85
Centro;Lazio;FR;G362;3;1
Sud;Campania;CE;G364;1;2,78
Nord Est;Veneto;VR;G365;6;38
Nord Ovest;Piemonte;AL;G367;3;14
Nord Ovest;Lombardia;LC;G368;7,25;17,1
Sud;Campania;AV;G370;5;6
Isole;Sicilia;CT;G371;31,36;114,67
Sud;Calabria;CS;G372;0;1
Centro;Lazio;FR;G374;3;4,5
Isole;Sardegna;SS;G376;0;5,23
Isole;Sicilia;ME;G377;16,4;11,33
Sud;Puglia;LE;G378;2;3
Isole;Sardegna;OR;G379;0;0
Nord Est;Friuli- Venezia Giulia;UD;G381;6,33;10,83
Isole;Sardegna;CA;G382;0;0
Isole;Sardegna;CA;G383;0;0
Isole;Sardegna;OR;G384;5;2
Nord Ovest;Lombardia;MI;G385;52;191,32
Sud;Campania;BN;G386;1;0
Nord Ovest;Piemonte;TO;G387;0;11
Nord Ovest;Lombardia;PV;G388;332,4;721,8
Nord Est;Friuli- Venezia Giulia;UD;G389;15,16;48,03
Nord Ovest;Lombardia;BS;G391;0;20,41
Nord Ovest;Piemonte;TO;G392;4,44;19
Nord Est;Emilia-Romagna;MO;G393;63,47;214,74
Sud;Calabria;RC;G394;0;0
Centro;Toscana;PI;G395;25,15;29,5
Nord Ovest;Piemonte;AL;G397;4;8
Nord Ovest;Piemonte;TO;G398;24;25
Isole;Sicilia;CT;G402;3;57,75
Centro;Marche;AP;G403;9;33,33
Nord Est;Veneto;BL;G404;6;26,16
Nord Ovest;Lombardia;BS;G407;1;36,83
Nord Est;Veneto;TV;G408;7,83;68,48
Nord Ovest;Lombardia;SO;G410;0;0
Sud;Calabria;CS;G411;1;0
Nord Ovest;Lombardia;BG;G412;9,11;83,9
Nord Ovest;Lombardia;CO;G415;4;3
Centro;Marche;PS;G416;0;0
Nord Ovest;Lombardia;MN;G417;4;57,14
Nord Ovest;Lombardia;BG;G418;4,92;10,92
Centro;Toscana;FI;G420;22,19;56,09
Nord Ovest;Piemonte;NO;G421;8;25
Nord Est;Emilia-Romagna;PR;G424;9,31;12,67
Sud;Campania;SA;G426;13,5;63,5
Nord Ovest;Piemonte;AT;G430;0;3
Nord Ovest;Lombardia;SO;G431;13,42;12
Centro;Umbria;TR;G432;5;7
Nord Est;Emilia-Romagna;RN;G433;1,84;17,22
Sud;Abruzzo;CH;G434;0;2
Sud;Abruzzo;CH;G435;1;2
Centro;Marche;MC;G436;4;2
Sud;Abruzzo;TE;G437;2;6
Sud;Abruzzo;PE;G438;18,75;22,58
Sud;Calabria;CZ;G439;1;3
Sud;Abruzzo;CH;G441;2;0
Nord Est;Veneto;BL;G442;4;4
Centro;Lazio;RM;G444;0;0
Isole;Sardegna;NU;G445;1;2
Isole;Sardegna;CA;G446;1;0
Sud;Campania;SA;G447;3,34;1
Sud;Abruzzo;AQ;G449;1;1
Isole;Sardegna;SS;G450;7;2,11
Centro;Marche;PS;G453;9;14,67
Nord Ovest;Liguria;IM;G454;39;5
Sud;Campania;SA;G455;1;1
Nord Ovest;Lombardia;LC;G456;11,91;40
Nord Ovest;Piemonte;CN;G457;2,5;1
Nord Ovest;Piemonte;CN;G458;1;0
Nord Ovest;Valle d'Aosta;AO;G459;10;0
Nord Est;Veneto;PD;G461;4;39,66
Nord Ovest;Piemonte;TO;G462;0;4
Nord Ovest;Piemonte;TO;G463;16,58;29,58
Nord Ovest;Piemonte;TO;G465;6,56;5,01
Nord Est;Emilia-Romagna;BO;G467;71,94;401,68
Nord Ovest;Lombardia;CR;G469;6;46,92
Nord Ovest;Piemonte;VC;G471;1;4
Nord Ovest;Lombardia;BS;G474;0;2
Nord Ovest;Lombardia;BS;G475;3;2
Sud;Campania;SA;G476;0;1
Nord Ovest;Piemonte;TO;G477;4;3
Centro;Umbria;PG;G478;501,95;1559,48
Centro;Marche;PS;G479;263,48;745,32
Centro;Toscana;LU;G480;11,75;11,5
Nord Est;Veneto;VR;G481;63;228,37
Sud;Abruzzo;PE;G482;192,37;1016,92
Nord Ovest;Lombardia;CR;G483;0;10,5
Sud;Abruzzo;AQ;G484;2,5;12,25
Nord Ovest;Lombardia;LC;G485;8;22,03
Sud;Molise;IS;G486;4;2
Sud;Puglia;FG;G487;9,5;8
Nord Ovest;Lombardia;MI;G488;172,5;510,66
Nord Est;Veneto;VR;G489;52,56;457,47
Centro;Toscana;PT;G491;44,55;132,08
Sud;Abruzzo;AQ;G492;2;7,03
Sud;Abruzzo;AQ;G493;24,83;30,5
Sud;Campania;BN;G494;4;0
Sud;Molise;IS;G495;1;2
Sud;Basilicata;PZ;G496;2,5;5
Sud;Molise;IS;G497;1;3
Centro;Lazio;RI;G498;5,71;3,42
Sud;Abruzzo;PE;G499;1,67;2
Centro;Lazio;FR;G500;2;2
Nord Ovest;Lombardia;MI;G502;33,84;102,82
Nord Ovest;Lombardia;CR;G504;0,67;2,34
Nord Ovest;Piemonte;TO;G505;1;4
Sud;Molise;CB;G506;3;28,25
Centro;Lazio;RI;G507;0;0
Sud;Calabria;KR;G508;18;5
Sud;Campania;SA;G509;4,5;2
Isole;Sicilia;PA;G510;9;5
Isole;Sicilia;PA;G511;9;3,5
Sud;Molise;CB;G512;0;3,5
Centro;Lazio;RI;G513;3;6
Centro;Marche;PS;G514;4;12
Centro;Marche;MC;G515;5,33;7
Centro;Marche;AP;G516;8;7,5
Sud;Calabria;CZ;G517;0,25;1
Sud;Calabria;CZ;G518;4;1,5
Sud;Campania;AV;G519;3;2
Nord Ovest;Piemonte;NO;G520;6;4
Nord Ovest;Piemonte;BI;G521;8;12,5
Isole;Sicilia;ME;G522;5,75;3
Sud;Molise;IS;G523;2;0
Sud;Abruzzo;AQ;G524;1;3,5
Nord Est;Veneto;RO;G525;2;5,5
Nord Ovest;Piemonte;CN;G526;16,5;56,5
Nord Ovest;Piemonte;VC;G528;0;6,34
Nord Ovest;Lombardia;BS;G529;3,5;2,23
Nord Ovest;Piemonte;CN;G532;3;2
Nord Est;Veneto;PD;G534;1;6,5
Nord Est;Emilia-Romagna;PC;G535;406,65;1310,02
Sud;Campania;SA;G538;8;2
Sud;Campania;SA;G540;1;0
Sud;Campania;CE;G541;1;0
Nord Ovest;Liguria;SV;G542;5;1,5
Isole;Sicilia;PA;G543;8,5;7
Nord Ovest;Valle d'Aosta;AO;G545;2;1
Nord Ovest;Lombardia;BS;G546;18,75;54,5
Centro;Toscana;SI;G547;9;31,17
Nord Ovest;Lombardia;BS;G549;9,59;27,37
Centro;Marche;PS;G551;4;11
Sud;Calabria;CS;G553;0;0
Sud;Abruzzo;PE;G555;12;49,84
Nord Ovest;Lombardia;CO;G556;21;34,27
Nord Est;Emilia-Romagna;PC;G557;15,57;24
Nord Ovest;Lombardia;CR;G558;5;32,5
Nord Ovest;Piemonte;TO;G559;80;243,75
Nord Est;Veneto;VI;G560;3;17,76
Nord Ovest;Piemonte;CN;G561;7,5;15
Nord Ovest;Lombardia;BG;G564;0;2,78
Nord Est;Veneto;VE;G565;21,52;180,66
Nord Est;Emilia-Romagna;BO;G566;12,17;48,16
Sud;Campania;NA;G568;25,75;39,99
Nord Est;Emilia-Romagna;BO;G570;60,44;257,47
Centro;Lazio;VT;G571;6,5;1,17
Nord Ovest;Lombardia;SO;G572;5,71;6
Nord Ovest;Lombardia;BG;G574;2,36;23,73
Nord Ovest;Piemonte;CN;G575;11,94;21
Nord Ovest;Lombardia;SO;G576;12,57;7,53
Nord Ovest;Piemonte;BI;G577;3;2
Nord Ovest;Lombardia;BG;G579;0;8
Isole;Sicilia;EN;G580;43,83;91,69
Centro;Toscana;LU;G582;0;6
Nord Ovest;Lombardia;BG;G583;3;27,89
Nord Est;Veneto;PD;G587;7,84;120,4
Nord Ovest;Lombardia;BG;G588;0;2
Sud;Abruzzo;PE;G589;0;2
Sud;Basilicata;PZ;G590;14,5;9,5
Centro;Lazio;FR;G591;1;4
Centro;Lazio;FR;G592;3;0
Nord Ovest;Piemonte;AT;G593;0;3
Nord Ovest;Piemonte;BI;G594;1;1
Sud;Campania;CE;G596;12,22;14,5
Isole;Sicilia;CT;G597;10;13,24
Centro;Lazio;FR;G598;7;36
Nord Ovest;Piemonte;VB;G600;1;19
Centro;Umbria;PG;G601;14,97;8,17
Centro;Toscana;SI;G602;3;11
Nord Ovest;Lombardia;CR;G603;0;5
Sud;Puglia;FG;G604;3,5;1
Nord Ovest;Liguria;SV;G605;94,69;293,47
Sud;Molise;IS;G606;0;0
Nord Ovest;Liguria;IM;G607;13;0
Sud;Abruzzo;TE;G608;3;1
Sud;Molise;CB;G609;6;1,5
Sud;Molise;CB;G610;5,72;0,72
Sud;Campania;AV;G611;3,33;5,83
Nord Ovest;Lombardia;PV;G612;0;5
Sud;Abruzzo;CH;G613;0;0
Sud;Basilicata;PZ;G614;8;3
Sud;Calabria;CS;G615;0;0
Sud;Basilicata;PZ;G616;10;13
Centro;Umbria;PG;G618;14;7
Nord Ovest;Piemonte;AL;G619;0;1
Sud;Campania;CE;G620;2;8,17
Sud;Abruzzo;PE;G621;0;0
Sud;Calabria;CS;G622;3;7,78
Sud;Basilicata;PZ;G623;4,17;0
Isole;Sicilia;EN;G624;10,06;19,37
Nord Ovest;Piemonte;CN;G625;2;2
Sud;Campania;BN;G626;2;0
Centro;Marche;PS;G627;0;3
Centro;Toscana;LU;G628;34,68;106,37
Sud;Campania;AV;G629;4;3
Sud;Campania;CE;G630;0;0
Sud;Campania;BN;G631;5;8
Nord Ovest;Liguria;IM;G632;20,5;2
Nord Ovest;Lombardia;MI;G634;32;169,5
Nord Ovest;Lombardia;PV;G635;0;3
Centro;Toscana;PT;G636;10,75;63,33
Nord Ovest;Lombardia;PV;G639;0,33;12,24
Nord Est;Veneto;BL;G642;15,95;55,27
Nord Est;Emilia-Romagna;BO;G643;26,53;154,21
Nord Est;Veneto;TV;G645;52,22;152,67
Nord Ovest;Liguria;GE;G646;15,9;41,4
Nord Ovest;Lombardia;CR;G647;0;13,51
Centro;Toscana;LU;G648;4;2,1
Nord Est;Emilia-Romagna;MO;G649;4;26,8
Nord Ovest;Lombardia;PV;G650;3;21
Nord Ovest;Lombardia;CR;G651;2;10,42
Centro;Toscana;AR;G653;4,35;9
Centro;Marche;MC;G657;4,78;2
Nord Ovest;Piemonte;VB;G658;6,5;7,5
Centro;Lazio;FR;G659;10;4
Nord Ovest;Liguria;IM;G660;23;2
Sud;Campania;CE;G661;0;8
Centro;Lazio;FR;G662;2;1
Sud;Basilicata;PZ;G663;10;18,5
Nord Ovest;Liguria;SP;G664;4;9
Nord Ovest;Lombardia;CO;G665;2;2
Nord Ovest;Piemonte;VC;G666;1;2
Isole;Sardegna;CA;G669;0;0
Sud;Campania;NA;G670;2,66;0,5
Nord Ovest;Lombardia;PV;G671;1;18
Nord Ovest;Piemonte;TO;G672;15,19;34
Nord Est;Veneto;RO;G673;3;7,5
Nord Ovest;Piemonte;TO;G674;196,43;380,91
Nord Ovest;Piemonte;AT;G676;1;1
Nord Ovest;Piemonte;TO;G678;34,67;98,89
Nord Est;Friuli- Venezia Giulia;PN;G680;1;7,33
Centro;Marche;PS;G682;0;1,5
Nord Ovest;Piemonte;CN;G683;6;21,39
Nord Ovest;Piemonte;TO;G684;14;30,5
Nord Ovest;Piemonte;VC;G685;4;8
Nord Ovest;Lombardia;MI;G686;129,02;562,09
Centro;Toscana;LI;G687;192;194,41
Nord Est;Veneto;PD;G688;3,86;69
Centro;Marche;MC;G690;3;2
Nord Ovest;Piemonte;TO;G691;105;211,83
Nord Ovest;Piemonte;AT;G692;0;2
Nord Est;Veneto;PD;G693;16,83;216,28
Nord Est;Veneto;VI;G694;10,5;81,5
Nord Est;Emilia-Romagna;PC;G696;2,67;6
Nord Ovest;Piemonte;CN;G697;2;5
Centro;Lazio;LT;G698;15,33;18,33
Isole;Sicilia;ME;G699;14,15;5
Centro;Toscana;PI;G702;282,61;778,87
Nord Ovest;Piemonte;NO;G703;1;4,9
Centro;Lazio;RM;G704;8,5;2,5
Nord Ovest;Piemonte;TO;G705;10;39,34
Sud;Campania;SA;G707;8,25;2
Nord Ovest;Lombardia;BS;G710;15,76;120,37
Sud;Basilicata;MT;G712;35;60,67
Centro;Toscana;PT;G713;159,64;509,31
Centro;Toscana;GR;G716;12;25,66
Nord Ovest;Lombardia;MN;G717;1;12
Nord Ovest;Lombardia;SO;G718;9,52;7
Nord Ovest;Piemonte;TO;G719;7;13
Nord Ovest;Lombardia;PV;G720;2;1
Nord Ovest;Lombardia;CR;G721;12;61,59
Sud;Calabria;VV;G722;12,39;26,53
Sud;Abruzzo;CH;G724;15,17;21,46
Sud;Abruzzo;AQ;G726;5;17,75
Sud;Molise;IS;G727;0;2
Sud;Calabria;VV;G728;1;0
Sud;Calabria;RC;G729;0;0
Sud;Calabria;CS;G733;1;0
Sud;Calabria;CZ;G734;3;8
Sud;Calabria;RC;G735;1;0
Nord Est;Friuli- Venezia Giulia;UD;G736;4;2
Nord Ovest;Lombardia;CO;G737;10;5,5
Isole;Sardegna;SS;G740;1;2
Nord Ovest;Liguria;SV;G741;1;0
Nord Ovest;Piemonte;CN;G742;4,5;27
Nord Est;Friuli- Venezia Giulia;UD;G743;2;13,55
Centro;Toscana;MS;G746;11,5;13,49
Nord Est;Emilia-Romagna;PC;G747;14;113,86
Centro;Lazio;FR;G749;2;0,33
Sud;Puglia;LE;G751;2,5;7,5
Centro;Toscana;SI;G752;52;185
Nord Ovest;Lombardia;MN;G753;1;54,5
Centro;Toscana;PO;G754;13,25;75
Centro;Lazio;RI;G756;3;7,5
Centro;Lazio;RI;G757;5;3
Centro;Umbria;PG;G758;3;0
Sud;Abruzzo;CH;G760;1;0
Sud;Puglia;FG;G761;2;9,5
Sud;Campania;NA;G762;31,4;95,65
Centro;Lazio;RI;G763;16,24;27,66
Centro;Lazio;RI;G764;9;8
Centro;Lazio;RI;G765;7;21
Sud;Abruzzo;AQ;G766;0;0
Isole;Sicilia;TP;G767;3,98;3,98
Nord Est;Emilia-Romagna;FE;G768;11,16;145,1
Sud;Puglia;BA;G769;11;8
Centro;Lazio;RI;G770;0,33;1
Centro;Marche;AN;G771;3;5,67
Nord Ovest;Lombardia;MI;G772;34,81;109,19
Nord Ovest;Lombardia;CO;G773;9;3
Nord Ovest;Lombardia;BG;G774;5;24
Nord Ovest;Piemonte;NO;G775;5;4,5
Nord Est;Veneto;VI;G776;4;20,65
Nord Ovest;Piemonte;TO;G777;20,5;89,29
Nord Ovest;Lombardia;BS;G779;4;12,5
Nord Est;Friuli- Venezia Giulia;PN;G780;3;35
Nord Est;Veneto;RO;G782;5,67;36
Centro;Lazio;RM;G784;9,75;3
Sud;Calabria;VV;G785;0,5;0
Sud;Basilicata;MT;G786;14,95;78,17
Sud;Puglia;BA;G787;57,82;111,73
Nord Est;Emilia-Romagna;PC;G788;3;7,33
Nord Est;Emilia-Romagna;MO;G789;10;11
Centro;Umbria;TR;G790;2;0
Sud;Calabria;RC;G791;7;14
Isole;Sicilia;PA;G792;11,5;2
Sud;Campania;SA;G793;7,67;3,5
Nord Ovest;Valle d'Aosta;AO;G794;7;14,5
Sud;Campania;NA;G795;16,22;15,39
Sud;Campania;SA;G796;15,85;11
Isole;Sicilia;PA;G797;12;6,67
Nord Ovest;Piemonte;BI;G798;9,5;11,26
Sud;Abruzzo;CH;G799;1;6
Nord Ovest;Piemonte;CN;G800;3;9,5
Nord Ovest;Lombardia;BS;G801;13;97,75
Nord Est;Veneto;PD;G802;1;33
Centro;Marche;AN;G803;7,25;39,35
Centro;Toscana;PI;G804;50,74;40,5
Nord Ovest;Piemonte;TO;G805;4;8
Sud;Basilicata;MT;G806;9,03;6,03
Nord Ovest;Piemonte;AL;G807;0;0
Nord Ovest;Piemonte;NO;G809;2;15
Centro;Lazio;RM;G811;232,64;706,83
Sud;Campania;NA;G812;61,6;183,26
Sud;Campania;NA;G813;15,09;26,53
Nord Ovest;Liguria;IM;G814;4,83;6,66
Nord Ovest;Lombardia;BS;G815;2;24
Nord Ovest;Lombardia;MN;G816;1;8
Isole;Sardegna;OR;G817;0;0
Nord Ovest;Lombardia;BS;G818;6,6;65,29
Nord Ovest;Piemonte;BI;G820;9,07;59,17
Nord Ovest;Lombardia;CO;G821;0,5;1
Centro;Toscana;PI;G822;30,95;126,25
Nord Est;Veneto;PD;G823;1;11
Centro;Toscana;FI;G825;41,64;112,95
Nord Ovest;Piemonte;TO;G826;10;26
Sud;Campania;BN;G827;3;3
Nord Ovest;Lombardia;SO;G829;17,8;8,3
Nord Est;Friuli- Venezia Giulia;UD;G831;7,17;4
Centro;Toscana;PT;G833;12;52,33
Sud;Campania;SA;G834;46,18;221,39
Nord Est;Veneto;RO;G836;0;21,75
Nord Ovest;Piemonte;CN;G837;7;10,25
Centro;Lazio;FR;G838;5;26
Nord Ovest;Piemonte;AL;G839;8,5;25,02
Nord Ovest;Liguria;IM;G840;15;4
Nord Est;Emilia-Romagna;PC;G842;13;36
Centro;Toscana;PI;G843;65,12;233,03
Nord Ovest;Lombardia;BS;G844;44,83;202,02
Nord Est;Veneto;TV;G846;16,16;103,19
Nord Ovest;Lombardia;CO;G847;7;25
Sud;Campania;BN;G848;1;1
Sud;Campania;CE;G849;1;1,08
Nord Est;Veneto;PD;G850;1;20,33
Nord Ovest;Lombardia;PV;G851;0;7
Nord Est;Emilia-Romagna;PC;G852;11;74,25
Nord Ovest;Lombardia;BG;G853;24,02;81,78
Nord Ovest;Valle d'Aosta;AO;G854;17,5;27,77
Nord Est;Veneto;PD;G855;9,5;189,58
Nord Ovest;Lombardia;BG;G856;41,72;183,92
Nord Ovest;Piemonte;AL;G858;2;11
Nord Ovest;Lombardia;BS;G859;3,83;54,95
Nord Ovest;Valle d'Aosta;AO;G860;7;7
Nord Ovest;Piemonte;AL;G861;5;1
Nord Ovest;Lombardia;MN;G862;3,04;32
Nord Ovest;Lombardia;BG;G864;7;46
Centro;Lazio;LT;G865;14,58;62,38
Nord Ovest;Liguria;SV;G866;5;5
Nord Ovest;Lombardia;BG;G867;9;35,25
Nord Ovest;Lombardia;BS;G869;2,5;29
Centro;Toscana;MS;G870;52,6;67,32
Centro;Lazio;LT;G871;8,8;0
Nord Ovest;Piemonte;AL;G872;4;3
Centro;Marche;AP;G873;4,67;5,5
Centro;Lazio;RM;G874;9;6
Nord Est;Veneto;TV;G875;13,3;168,9
Nord Ovest;Piemonte;AL;G877;5;20,25
Sud;Abruzzo;PE;G878;2;21,39
Centro;Toscana;AR;G879;8,75;17
Centro;Umbria;TR;G881;3;11
Centro;Toscana;LU;G882;13,26;47,64
Nord Est;Friuli- Venezia Giulia;PN;G886;41,61;142,35
Sud;Campania;SA;G887;1,17;1
Nord Est;Friuli- Venezia Giulia;PN;G888;337,24;762,97
Nord Ovest;Lombardia;CO;G889;19,84;67
Nord Ovest;Liguria;IM;G890;6;0
Nord Est;Friuli- Venezia Giulia;UD;G891;1;7
Nord Ovest;Piemonte;AT;G894;1;15,33
Nord Ovest;Lombardia;PV;G895;0,33;11
Nord Ovest;Piemonte;TO;G900;4;10,5
Sud;Campania;NA;G902;42,78;167,95
Sud;Campania;CE;G903;2,5;19,35
Nord Est;Emilia-Romagna;FO;G904;5,8;2
Sud;Calabria;RC;G905;2;1
Nord Ovest;Lombardia;VA;G906;2;27,37
Nord Ovest;Lombardia;VA;G907;17,25;39,33
Nord Est;Veneto;TV;G909;2;6
Sud;Molise;CB;G910;3;3,5
Centro;Toscana;LI;G912;29;58,37
Nord Ovest;Liguria;GE;G913;5;8
Nord Est;Veneto;VE;G914;27,11;326,42
Nord Est;Emilia-Romagna;FE;G916;15,04;142,25
Nord Ovest;Lombardia;MN;G917;20;273,84
Centro;Marche;MC;G919;54,23;229,33
Centro;Marche;AP;G920;63,96;137,09
Centro;Marche;AP;G921;52,5;161,56
Isole;Sardegna;CA;G922;3;8
Nord Est;Veneto;RO;G923;6,3;53,62
Isole;Sardegna;SS;G924;22;92,72
Nord Ovest;Liguria;SP;G925;17,64;18,78
Nord Est;Veneto;RO;G926;6,17;113,07
Nord Ovest;Piemonte;BI;G927;4,83;7
Isole;Sardegna;NU;G929;2;5,5
Nord Est;Veneto;VI;G931;5,33;6,8
Sud;Campania;SA;G932;2;4
Nord Est;Veneto;TV;G933;2;13,33
Centro;Lazio;RI;G934;1;0,33
Centro;Lazio;FR;G935;2;3
Nord Ovest;Lombardia;SO;G937;1;0
Sud;Campania;SA;G939;3;2
Nord Ovest;Piemonte;VC;G940;4;6
Sud;Basilicata;PZ;G942;171,25;329,48
Nord Est;Veneto;VI;G943;2;19,33
Nord Est;Veneto;TV;G944;0;47,5
Nord Est;Veneto;VR;G945;12,85;82,25
Nord Est;Emilia-Romagna;RE;G947;6;66,02
Nord Est;Friuli- Venezia Giulia;UD;G949;11;38,67
Centro;Lazio;RI;G951;1;2
Isole;Sicilia;RG;G953;5,83;86,47
Sud;Molise;IS;G954;4;14
Nord Ovest;Lombardia;MI;G955;33,25;139,51
Nord Est;Veneto;VI;G957;0;16
Nord Ovest;Lombardia;BS;G959;6;60
Nord Ovest;Piemonte;AL;G960;1;0
Nord Ovest;Piemonte;AL;G961;8;29
Isole;Sardegna;SS;G962;2;6,5
Nord Est;Veneto;PD;G963;3;17,77
Sud;Campania;NA;G964;59,31;54,79
Nord Ovest;Lombardia;MI;G965;44,33;168,33
Nord Est;Friuli- Venezia Giulia;UD;G966;4,25;44,06
Nord Ovest;Lombardia;BG;G968;5,89;58,24
Nord Est;Friuli- Venezia Giulia;UD;G969;3;35,11
Nord Ovest;Piemonte;CN;G970;6;1
Nord Est;Emilia-Romagna;BO;G972;58,07;191,11
Nord Ovest;Piemonte;TO;G973;15,5;82,41
Nord Ovest;Piemonte;BI;G974;14;26,84
Sud;Calabria;CS;G975;9;15,5
Sud;Campania;SA;G976;3;0
Nord Ovest;Lombardia;BS;G977;3;18,5
Nord Ovest;Piemonte;TO;G978;12,12;17,82
Nord Ovest;Piemonte;TO;G979;4;8,17
Nord Ovest;Piemonte;BI;G980;8;16,17
Nord Est;Veneto;VE;G981;3;40,67
Nord Ovest;Piemonte;TO;G982;5,83;5,83
Nord Ovest;Piemonte;VC;G985;1;8
Nord Ovest;Piemonte;TO;G986;2,5;6,5
Nord Ovest;Piemonte;AL;G987;0;5
Nord Ovest;Piemonte;TO;G988;2;5
Sud;Campania;AV;G990;5;5
Sud;Campania;CE;G991;3;0
Sud;Abruzzo;AQ;G992;3;4
Nord Ovest;Lombardia;SO;G993;7,26;6,5
Nord Est;Friuli- Venezia Giulia;PN;G994;18,5;62,07
Sud;Campania;CE;G995;0;0
Nord Ovest;Piemonte;TO;G997;2,5;2,5
Centro;Toscana;PO;G999;416,99;1811,32
Nord Ovest;Piemonte;NO;H001;0;8
Nord Est;Friuli- Venezia Giulia;UD;H002;2,81;2,16
Sud;Campania;AV;H006;2;13
Sud;Abruzzo;AQ;H007;9;19,89
Nord Est;Friuli- Venezia Giulia;PN;H010;6;43,5
Nord Ovest;Piemonte;CN;H011;2;3
Sud;Calabria;RC;H013;0;0
Nord Est;Friuli- Venezia Giulia;UD;H014;4;13,25
Centro;Umbria;PG;H015;1;2
Nord Est;Emilia-Romagna;FO;H017;6,67;33,5
Nord Ovest;Lombardia;BG;H020;12;31
Nord Ovest;Piemonte;AL;H021;1;6,5
Nord Est;Veneto;TV;H022;20,61;196,79
Nord Ovest;Lombardia;MI;H026;25,84;86,14
Nord Ovest;Liguria;IM;H027;12;0
Nord Ovest;Lombardia;LC;H028;5,25;5,78
Nord Est;Friuli- Venezia Giulia;UD;H029;1,45;23,5
Nord Ovest;Piemonte;VB;H030;4,25;22,49
Nord Ovest;Piemonte;VB;H033;4;2,83
Nord Est;Emilia-Romagna;FO;H034;1;4,67
Nord Ovest;Lombardia;BG;H036;3,25;18,5
Nord Ovest;Piemonte;VB;H037;10;13
Nord Est;Friuli- Venezia Giulia;UD;H038;0;0
Nord Est;Friuli- Venezia Giulia;UD;H040;0;4
Nord Ovest;Valle d'Aosta;AO;H042;22,02;36,56
Nord Ovest;Lombardia;BS;H043;1;2
Sud;Campania;CE;H045;2;0
Nord Ovest;Lombardia;BG;H046;8,83;68,85
Nord Est;Veneto;VR;H048;3;12
Sud;Abruzzo;CH;H052;1;0
Nord Ovest;Lombardia;BS;H055;5,67;66
Sud;Abruzzo;AQ;H056;2;1
Nord Ovest;Piemonte;CN;H059;2;2
Nord Est;Emilia-Romagna;MO;H061;19,5;39,5
Sud;Campania;SA;H062;2;4
Nord Ovest;Lombardia;LC;H063;5,5;17
Nord Ovest;Piemonte;CN;H068;6;10
Nord Ovest;Piemonte;CN;H069;0;3
Isole;Sicilia;PA;H070;17,75;1
Centro;Lazio;VT;H071;5;7
Sud;Campania;NA;H072;12,6;7
Nord Ovest;Liguria;GE;H073;1;1
Nord Ovest;Lombardia;CO;H074;2;6,12
Centro;Lazio;LT;H076;4;2
Nord Ovest;Lombardia;BS;H077;4;2
Nord Ovest;Lombardia;BS;H078;7,6;84,36
Sud;Molise;CB;H083;0;0,5
Nord Ovest;Piemonte;CN;H085;3;0
Nord Ovest;Lombardia;BS;H086;6,33;53,67
Sud;Campania;BN;H087;0;0
Isole;Sardegna;CA;H088;5;42
Nord Est;Friuli- Venezia Giulia;UD;H089;2;1,5
Sud;Puglia;TA;H090;9,75;22,5
Nord Ovest;Lombardia;BG;H091;3,5;12
Nord Ovest;Lombardia;CO;H094;5,03;25
Isole;Sardegna;SS;H095;2;1
Sud;Puglia;BA;H096;50,75;113,19
Sud;Campania;AV;H097;1;7,1
Sud;Abruzzo;CH;H098;0;0
Nord Ovest;Piemonte;TO;H100;0;1
Sud;Campania;NA;H101;13,57;37,78
Nord Ovest;Piemonte;AT;H102;2;0
Nord Ovest;Piemonte;AL;H104;3;5
Nord Ovest;Piemonte;VB;H106;2;4
Nord Ovest;Piemonte;VB;H107;10;9,83
Nord Ovest;Piemonte;VC;H108;17;30,5
Centro;Toscana;PT;H109;34,95;164,2
Nord Ovest;Valle d'Aosta;AO;H110;14,53;68,23
Sud;Campania;NA;H114;71;197,16
Nord Est;Veneto;VE;H117;8,33;130,17
Isole;Sardegna;CA;H118;106,33;372,93
Isole;Sardegna;CA;H119;13,5;56
Nord Ovest;Piemonte;TO;H120;0;1
Nord Ovest;Piemonte;AL;H121;2;14,33
Nord Est;Emilia-Romagna;RE;H122;16,6;135,27
Nord Ovest;Liguria;SV;H126;55,06;41,67
Nord Ovest;Piemonte;TO;H127;1;6
Sud;Campania;AV;H128;1;2
Nord Ovest;Lombardia;MN;H129;1;8
Nord Ovest;Lombardia;CR;H130;0;12
Nord Est;Veneto;TV;H131;12;135,5
Nord Ovest;Piemonte;VC;H132;1;5,5
Nord Est;Veneto;VI;H134;1,75;67,34
Nord Ovest;Lombardia;BS;H140;7;40
Nord Ovest;Lombardia;MN;H143;3;18,54
Sud;Puglia;LE;H147;3;18,33
Isole;Sicilia;AG;H148;19,5;11,5
Nord Ovest;Piemonte;CN;H150;22,88;95,55
Isole;Sicilia;ME;H151;2,25;0
Centro;Toscana;SI;H153;4,33;6,23
Isole;Sicilia;CT;H154;1;5
Centro;Toscana;SI;H156;3;6
Centro;Toscana;SI;H157;5;5,54
Isole;Sicilia;AG;H159;16,08;8,99
Nord Est;Friuli- Venezia Giulia;UD;H161;6,67;23,09
Isole;Sicilia;RG;H163;115,06;425,4
Sud;Campania;CE;H165;1;0
Sud;Abruzzo;AQ;H166;2;7,33
Isole;Sicilia;CT;H168;13;15
Nord Ovest;Lombardia;VA;H173;1;9
Nord Ovest;Lombardia;VA;H174;5;15
Isole;Sicilia;CT;H175;22,72;28,42
Nord Ovest;Lombardia;BG;H176;5,5;93,58
Nord Ovest;Lombardia;BG;H177;4;38,83
Nord Ovest;Liguria;IM;H180;7;4
Centro;Marche;AP;H182;0;1
Nord Ovest;Liguria;GE;H183;213,92;380,35
Sud;Abruzzo;CH;H184;4;1
Centro;Toscana;SI;H185;12,5;45,42
Sud;Basilicata;PZ;H186;5,42;10
Sud;Basilicata;PZ;H187;4,13;2
Nord Ovest;Piemonte;VC;H188;3;0,31
Nord Ovest;Lombardia;SO;H192;0;2
Isole;Sicilia;AG;H194;8,97;11
Nord Est;Emilia-Romagna;MO;H195;8,5;89,5
Nord Est;Friuli- Venezia Giulia;UD;H196;8,5;17,31
Sud;Campania;SA;H198;12,11;3
Nord Est;Emilia-Romagna;RA;H199;423,84;1957,55
Nord Est;Friuli- Venezia Giulia;UD;H200;0;2
Sud;Campania;CE;H202;0;1
Nord Ovest;Piemonte;VB;H203;3;4
Nord Ovest;Lombardia;PV;H204;1;0
Isole;Sicilia;AG;H205;9;2,5
Nord Est;Friuli- Venezia Giulia;UD;H206;3;35
Nord Ovest;Piemonte;TO;H207;12,58;28,58
Sud;Campania;CE;H210;12;29,59
Centro;Marche;MC;H211;65,93;129,35
Nord Ovest;Liguria;GE;H212;31,69;79,47
Nord Ovest;Piemonte;NO;H213;1;5
Nord Est;Veneto;VI;H214;14,2;28,3
Nord Ovest;Lombardia;PV;H216;1,33;6
Nord Ovest;Lombardia;MN;H218;0;3
Nord Ovest;Piemonte;AT;H219;9;9
Nord Est;Veneto;TV;H220;1,66;7,67
Isole;Sicilia;EN;H221;13,15;22,34
Centro;Toscana;FI;H222;44,01;124,97
Nord Est;Emilia-Romagna;RE;H223;787,81;2533,3
Sud;Calabria;RC;H224;123,52;394,51
Nord Est;Emilia-Romagna;RE;H225;37;121,72
Sud;Campania;BN;H227;0;0,5
Isole;Sicilia;ME;H228;2;4,5
Nord Est;Friuli- Venezia Giulia;UD;H229;4,83;52,67
Nord Ovest;Lombardia;BS;H230;3;19
Nord Ovest;Lombardia;MI;H233;9;40
Sud;Calabria;CS;H235;77,85;119,67
Nord Est;Veneto;TV;H238;9;90,66
Nord Ovest;Lombardia;MI;H240;57,75;245,79
Nord Est;Friuli- Venezia Giulia;UD;H242;4;0
Sud;Campania;NA;H243;33,19;123,19
Nord Est;Friuli- Venezia Giulia;UD;H244;0;2
Isole;Sicilia;CL;H245;1,5;2
Nord Ovest;Lombardia;PV;H246;2;11,5
Nord Ovest;Piemonte;CN;H247;15;21,04
Nord Ovest;Piemonte;AT;H250;2;7
Nord Est;Veneto;TV;H253;3,5;9,5
Nord Ovest;Lombardia;CO;H255;0;0,5
Nord Ovest;Lombardia;BS;H256;25;163,53
Nord Ovest;Liguria;IM;H257;19,5;0
Nord Ovest;Liguria;GE;H258;7;3
Nord Ovest;Lombardia;CO;H259;0;0
Nord Ovest;Valle d'Aosta;AO;H262;1;0
Nord Ovest;Valle d'Aosta;AO;H263;0;0
Nord Ovest;Lombardia;MI;H264;289,98;768,38
Sud;Calabria;RC;H265;0;3,86
Nord Ovest;Liguria;SV;H266;6;1
Centro;Lazio;RM;H267;23,49;59,41
Sud;Campania;CE;H268;1;2
Isole;Sicilia;AG;H269;16,04;19,5
Nord Ovest;Piemonte;TO;H270;0;2
Sud;Calabria;VV;H271;3;1
Nord Ovest;Piemonte;AL;H272;1;4
Sud;Molise;CB;H273;5,5;8,83
Nord Est;Emilia-Romagna;RN;H274;68,97;692,37
Nord Ovest;Liguria;SP;H275;15,66;11
Nord Ovest;Lombardia;CR;H276;0;8,5
Sud;Campania;SA;H277;2;1
Nord Est;Veneto;TV;H280;19,5;104,29
Isole;Sicilia;CL;H281;7,43;18
Centro;Lazio;RI;H282;108,31;213,89
Nord Ovest;Piemonte;CN;H285;1,5;4
Centro;Toscana;FI;H286;28,62;77,37
Sud;Puglia;FG;H287;4,83;6
Centro;Lazio;RM;H288;14,5;67,73
Nord Est;Friuli- Venezia Giulia;UD;H289;6,33;4,92
Nord Ovest;Piemonte;VC;H293;1;0
Nord Est;Emilia-Romagna;RN;H294;312,78;1553,83
Nord Est;Emilia-Romagna;RE;H298;6;53,08
Centro;Lazio;RM;H300;0;0
Isole;Sardegna;OR;H301;1,83;3
Nord Est;Emilia-Romagna;RA;H302;5;53,66
Nord Est;Emilia-Romagna;MO;H303;5,33;16,82
Nord Ovest;Liguria;SP;H304;19;1
Sud;Basilicata;PZ;H307;16;23
Sud;Molise;IS;H308;2;1,5
Sud;Molise;CB;H311;1;1
Sud;Basilicata;PZ;H312;10;2
Sud;Molise;CB;H313;6,25;7
Nord Ovest;Lombardia;CR;H314;1;10,34
Nord Ovest;Lombardia;CR;H315;5,8;49,5
Nord Ovest;Lombardia;CR;H316;1;10
Centro;Toscana;PI;H319;15;17
Sud;Abruzzo;CH;H320;2,66;7
Centro;Marche;AP;H321;7,5;29,66
Centro;Marche;MC;H323;0;1
Centro;Lazio;FR;H324;1,5;2,67
Isole;Sicilia;CT;H325;8,01;87,83
Nord Ovest;Piemonte;CN;H326;0,67;0
Nord Est;Veneto;BL;H327;5,02;2,05
Nord Ovest;Liguria;IM;H328;11,07;48
Nord Ovest;Lombardia;BG;H331;4;24,4
Nord Ovest;Piemonte;TO;H333;2;11,5
Nord Ovest;Piemonte;AL;H334;1,7;6,84
Nord Ovest;Piemonte;TO;H335;75;259,62
Nord Ovest;Lombardia;PV;H336;5,33;59,92
Nord Ovest;Piemonte;TO;H337;17;88,57
Nord Ovest;Piemonte;TO;H338;1;16,39
Nord Ovest;Piemonte;TO;H340;40,88;145,83
Nord Ovest;Lombardia;CR;H341;1;10
Nord Ovest;Lombardia;MN;H342;4;16,08
Nord Ovest;Piemonte;AL;H343;0;1
Nord Ovest;Piemonte;TO;H344;2,5;16
Nord Ovest;Piemonte;VC;H346;1;4
Nord Est;Friuli- Venezia Giulia;UD;H347;4;31,5
Sud;Basilicata;PZ;H348;12;6
Nord Est;Emilia-Romagna;PC;H350;23,84;85,3
Sud;Abruzzo;AQ;H353;18,08;29,33
Centro;Lazio;RI;H354;4,66;3,66
Nord Ovest;Piemonte;TO;H355;247,81;568,94
Nord Est;Veneto;VR;H356;9,34;20
Nord Ovest;Lombardia;CR;H357;39,49;149,69
Sud;Calabria;RC;H359;1;4
Nord Est;Veneto;VI;H361;14,67;200,91
Nord Ovest;Piemonte;CN;H362;3;0
Nord Ovest;Piemonte;CN;H363;5;0
Nord Ovest;Piemonte;VC;H364;1;6,68
Nord Ovest;Piemonte;VC;H365;6,5;14
Nord Ovest;Piemonte;AT;H366;1;1
Nord Ovest;Piemonte;TO;H367;9,5;39,9
Nord Ovest;Lombardia;PV;H369;8,96;43,83
Nord Ovest;Lombardia;MI;H371;9,5;94,22
Nord Ovest;Lombardia;CR;H372;5;12,5
Nord Ovest;Lombardia;MI;H373;24,17;89,5
Nord Ovest;Lombardia;PV;H375;0;3
Nord Ovest;Piemonte;AT;H376;1;4
Nord Ovest;Piemonte;CN;H377;10,06;21,56
Nord Ovest;Piemonte;CN;H378;12;23
Nord Est;Veneto;BL;H379;16,47;18,67
Isole;Sicilia;ME;H380;5;0
Sud;Campania;AV;H382;7,81;2
Sud;Calabria;KR;H383;1;1
Nord Est;Emilia-Romagna;PR;H384;5,9;28,9
Nord Ovest;Piemonte;CN;H385;6,5;4,5
Nord Ovest;Piemonte;TO;H386;5,5;26,13
Centro;Lazio;RM;H387;0;0
Sud;Abruzzo;AQ;H389;0;1
Centro;Marche;AP;H390;1,72;11,14
Nord Ovest;Piemonte;CN;H391;0;1
Nord Ovest;Piemonte;AT;H392;8;5,5
Centro;Lazio;FR;H393;0;0
Sud;Campania;SA;H394;8;8
Nord Ovest;Piemonte;CN;H395;0;8
Nord Ovest;Lombardia;PV;H396;0;0
Sud;Campania;CE;H398;4;1
Sud;Abruzzo;AQ;H399;1;4
Sud;Abruzzo;AQ;H400;25;33,5
Centro;Lazio;RM;H401;2,8;1
Sud;Abruzzo;AQ;H402;19,08;70,83
Sud;Calabria;KR;H403;8,5;0
Centro;Lazio;RM;H404;20,58;100,17
Isole;Sicilia;ME;H405;1,25;2
Nord Ovest;Piemonte;AL;H406;1;0
Nord Ovest;Piemonte;CN;H407;17;24,5
Sud;Calabria;RC;H408;0;0
Sud;Puglia;TA;H409;0;2,17
Nord Ovest;Lombardia;BS;H410;3;29
Centro;Lazio;RM;H411;1;0
Sud;Campania;SA;H412;1;0
Centro;Lazio;LT;H413;2;1
Nord Ovest;Piemonte;AL;H414;6;14
Sud;Calabria;CS;H416;11;16
Centro;Toscana;GR;H417;8,5;7
Isole;Sicilia;ME;H418;21,2;26,58
Sud;Molise;IS;H420;1;1
Centro;Lazio;LT;H421;2,5;1
Isole;Sicilia;PA;H422;3;2,67
Sud;Campania;CE;H423;4;3
Sud;Abruzzo;CH;H424;1;1
Sud;Abruzzo;PE;H425;3;3
Sud;Basilicata;PZ;H426;0;2,5
Centro;Lazio;RI;H427;3;3
Isole;Sicilia;PA;H428;4,5;3
Sud;Abruzzo;AQ;H429;1;0
Sud;Campania;SA;H431;26,17;47,06
Centro;Lazio;RM;H432;22;58,17
Sud;Campania;NA;H433;9,17;18
Sud;Abruzzo;AQ;H434;42,53;50,16
Sud;Campania;CE;H436;3;1
Nord Est;Emilia-Romagna;FO;H437;1;3,5
Sud;Campania;AV;H438;2;2
Sud;Abruzzo;CH;H439;1;8
Sud;Abruzzo;TE;H440;2;0
Centro;Lazio;RM;H441;0,5;2
Sud;Abruzzo;CH;H442;2;3,39
Centro;Lazio;FR;H443;11,5;5
Centro;Lazio;LT;H444;1;0
Sud;Molise;IS;H445;5,99;4,99
Centro;Lazio;RI;H446;4;4
Nord Ovest;Piemonte;CN;H447;0;0
Sud;Abruzzo;CH;H448;0;1
Centro;Toscana;GR;H449;57,99;55
Nord Ovest;Lombardia;PV;H450;2;1
Nord Ovest;Piemonte;AT;H451;5,44;5
Nord Ovest;Liguria;SV;H452;4;5
Nord Ovest;Piemonte;CN;H453;11;22
Sud;Molise;CB;H454;1;2,83
Isole;Sicilia;ME;H455;0;1
Sud;Calabria;RC;H456;4,67;9,3
Sud;Molise;IS;H458;1;1
Sud;Campania;CE;H459;0;0
Nord Ovest;Liguria;IM;H460;2;0
Nord Ovest;Liguria;SP;H461;5;1
Nord Ovest;Piemonte;CN;H462;0;0
Nord Ovest;Piemonte;AL;H465;0;0,5
Nord Ovest;Piemonte;AT;H466;0;0
Sud;Puglia;FG;H467;4;5
Nord Ovest;Piemonte;AT;H468;8,75;12,1
Nord Ovest;Lombardia;MI;H470;9,52;69,5
Nord Ovest;Piemonte;CN;H472;3;10
Nord Ovest;Piemonte;CN;H473;1;0
Nord Ovest;Piemonte;CN;H474;1;6
Nord Ovest;Lombardia;BS;H477;9,17;112,81
Nord Ovest;Lombardia;CO;H478;6;4,94
Isole;Sicilia;ME;H479;1,72;1
Sud;Puglia;FG;H480;5,09;40,75
Nord Ovest;Lombardia;MN;H481;1,92;28,96
Nord Ovest;Lombardia;BS;H484;10,3;37,5
Sud;Campania;SA;H485;2;1
Nord Ovest;Lombardia;LC;H486;5;20,5
Sud;Calabria;CS;H488;6,5;6
Sud;Calabria;RC;H489;0;0
Sud;Calabria;CS;H490;6;6,08
Nord Ovest;Lombardia;PV;H491;0;10
Nord Ovest;Lombardia;BG;H492;8;31
Nord Ovest;Lombardia;SO;H493;0,12;3
Centro;Lazio;RM;H494;1;0
Sud;Abruzzo;CH;H495;0,42;0
Nord Ovest;Valle d'Aosta;AO;H497;5;5
Nord Ovest;Piemonte;TO;H498;6;16
Nord Est;Emilia-Romagna;RE;H500;4;37
Centro;Lazio;RM;H501;9853,24;22067,85
Nord Ovest;Piemonte;NO;H502;4;15,48
Sud;Campania;SA;H503;1;2
Nord Ovest;Lombardia;PV;H505;1;6
Isole;Sardegna;SS;H507;0;2,5
Nord Ovest;Lombardia;CR;H508;1;31,24
Nord Ovest;Lombardia;BG;H509;38,27;253,46
Nord Ovest;Piemonte;TO;H511;7,08;71,75
Nord Est;Veneto;VI;H512;16;103,95
Sud;Calabria;VV;H516;3;1
Nord Ovest;Piemonte;NO;H518;18,5;86,19
Isole;Sicilia;ME;H519;3;23,4
Nord Ovest;Lombardia;CO;H521;5,67;13,85
Nord Est;Veneto;VR;H522;1;22,17
Nord Est;Veneto;TV;H523;26,5;157,53
Nord Ovest;Lombardia;BS;H525;31,5;110,55
Nord Ovest;Lombardia;PV;H527;1;25
Nord Ovest;Lombardia;MI;H529;14,5;85,5
Nord Est;Friuli- Venezia Giulia;UD;H533;5,75;18,26
Centro;Lazio;VT;H534;22,75;40,17
Nord Ovest;Lombardia;BG;H535;2;7
Nord Ovest;Liguria;GE;H536;36,1;34,17
Nord Ovest;Lombardia;MI;H537;30;73,17
Nord Ovest;Piemonte;BI;H538;3;10,92
Nord Ovest;Piemonte;TO;H539;3,5;1
Nord Est;Veneto;VR;H540;6;71,59
Nord Ovest;Lombardia;MN;H541;13,64;70,08
Nord Est;Emilia-Romagna;FO;H542;1;29,17
Nord Ovest;Lombardia;BG;H544;5,66;34,82
Nord Ovest;Liguria;GE;H546;1;1
Nord Ovest;Piemonte;TO;H547;13;23,25
Nord Ovest;Piemonte;VC;H549;3,1;5
Nord Ovest;Piemonte;BI;H553;2;3
Nord Ovest;Piemonte;TO;H554;0;3
Nord Ovest;Piemonte;TO;H555;10,5;8
Nord Est;Veneto;VI;H556;13;83,99
Sud;Calabria;RC;H558;3;0
Nord Ovest;Lombardia;PV;H559;2;7
Nord Ovest;Lombardia;MI;H560;19,3;72,38
Nord Ovest;Piemonte;BI;H561;4;0
Sud;Abruzzo;PE;H562;4;10,09
Sud;Campania;SA;H564;3,5;3
Sud;Calabria;CS;H565;3;5,5
Sud;Abruzzo;CH;H566;0;1
Sud;Puglia;FG;H568;3;1
Nord Ovest;Piemonte;AL;H569;8;14,5
Centro;Toscana;LI;H570;135,32;430,27
Sud;Calabria;CS;H572;10;8,5
Nord Est;Veneto;RO;H573;5,67;97,18
Isole;Sicilia;SR;H574;8;26,22
Centro;Marche;AN;H575;8;10,67
Nord Ovest;Piemonte;VC;H577;4;1
Nord Ovest;Piemonte;CN;H578;8,5;13,75
Nord Est;Veneto;VI;H580;12,75;80,8
Nord Ovest;Liguria;GE;H581;10,5;9
Nord Ovest;Piemonte;TO;H583;21;82
Nord Ovest;Lombardia;BG;H584;0;29
Sud;Calabria;CS;H585;0;0
Centro;Marche;AP;H588;1;0
Sud;Molise;CB;H589;1;2,67
Sud;Basilicata;PZ;H590;6,5;8,5
Sud;Basilicata;MT;H591;11;5
Sud;Campania;AV;H592;3;7
Nord Est;Emilia-Romagna;PC;H593;34;190,04
Nord Est;Veneto;VI;H594;0,63;15,21
Nord Ovest;Lombardia;BS;H598;35,5;226,87
Nord Ovest;Liguria;GE;H599;4;1
Nord Ovest;Lombardia;CO;H601;26,92;115,56
Nord Ovest;Lombardia;CO;H602;6,5;60
Nord Ovest;Lombardia;MN;H604;6,5;99,5
Nord Est;Veneto;VR;H606;3,67;9,67
Nord Est;Veneto;VR;H608;9,5;26
Nord Est;Friuli- Venezia Giulia;PN;H609;9;55,34
Nord Est;Veneto;VR;H610;2;13,5
Nord Ovest;Lombardia;PV;H614;1;2
Nord Ovest;Lombardia;BG;H615;8,5;56,5
Centro;Lazio;RM;H618;0;2
Nord Est;Veneto;RO;H620;36,82;554,04
Sud;Calabria;CS;H621;3;3
Nord Est;Veneto;PD;H622;2,43;43,3
Nord Ovest;Lombardia;MI;H623;109,18;460,27
Nord Est;Veneto;PD;H625;12,5;290,42
Nord Ovest;Piemonte;TO;H627;14,33;30,02
Nord Est;Emilia-Romagna;RE;H628;33,17;232,42
Nord Ovest;Lombardia;BS;H630;4;53,51
Nord Ovest;Piemonte;TO;H631;3;2
Sud;Puglia;LE;H632;5,5;13
Nord Ovest;Piemonte;CN;H633;0;1
Centro;Toscana;FI;H635;26,5;47,44
Sud;Basilicata;PZ;H641;4;5
Nord Est;Emilia-Romagna;RA;H642;13,42;115,53
Sud;Puglia;BA;H643;20,58;75,64
Sud;Campania;SA;H644;2;1
Sud;Puglia;BA;H645;103,91;106,61
Sud;Basilicata;PZ;H646;2,66;0
Centro;Lazio;LT;H647;19,46;97,03
Nord Ovest;Lombardia;BS;H650;6;24
Nord Ovest;Lombardia;MN;H652;4;19,58
Sud;Campania;SA;H654;2;2
Nord Est;Veneto;PD;H655;3,5;55
Nord Est;Friuli- Venezia Giulia;PN;H657;63,61;257,69
Centro;Lazio;RM;H658;12;37,08
Isole;Sardegna;NU;H659;0;0
Isole;Sardegna;NU;H661;0;0
Nord Ovest;Piemonte;BI;H662;18;12
Nord Ovest;Valle d'Aosta;AO;H669;18;26
Nord Ovest;Valle d'Aosta;AO;H670;4;3
Nord Ovest;Valle d'Aosta;AO;H671;19;10
Nord Ovest;Valle d'Aosta;AO;H672;1;0
Nord Ovest;Valle d'Aosta;AO;H673;0;4
Nord Ovest;Valle d'Aosta;AO;H674;16,25;21,5
Nord Ovest;Valle d'Aosta;AO;H675;3,03;5,12
Nord Ovest;Valle d'Aosta;AO;H676;28,15;60
Nord Ovest;Piemonte;AL;H677;2;2
Nord Est;Emilia-Romagna;BO;H678;21,67;134,58
Nord Ovest;Lombardia;CO;H679;6;8
Nord Ovest;Piemonte;BI;H681;2;3
Nord Est;Emilia-Romagna;PR;H682;16;70,5
Sud;Campania;SA;H683;6;13,5
Nord Ovest;Piemonte;TO;H684;2,13;4
Sud;Campania;SA;H686;2;2
Sud;Basilicata;MT;H687;3;1
Isole;Sicilia;TP;H688;1,66;3,5
Nord Est;Veneto;RO;H689;3;2
Nord Ovest;Piemonte;VC;H690;0;3
Nord Ovest;Piemonte;TO;H691;4;20,5
Sud;Molise;CB;H693;2;2
Nord Ovest;Piemonte;AL;H694;2;10,11
Nord Ovest;Piemonte;CN;H695;2,5;1,67
Nord Ovest;Lombardia;BS;H699;3,33;35,59
Isole;Sicilia;TP;H700;11,72;9,17
Nord Ovest;Lombardia;LO;H701;8;56,17
Nord Ovest;Piemonte;TO;H702;1;4
Sud;Campania;SA;H703;164,68;576,73
Nord Ovest;Piemonte;CN;H704;0;1,25
Nord Est;Veneto;TV;H706;12;55,17
Nord Ovest;Piemonte;VC;H707;1;1
Sud;Puglia;LE;H708;2;19,15
Nord Ovest;Piemonte;CN;H710;5;7
Nord Est;Veneto;VR;H712;5;7
Centro;Lazio;RI;H713;5;2
Nord Est;Veneto;VR;H714;6;26,67
Sud;Abruzzo;PE;H715;3;0,5
Nord Ovest;Piemonte;CN;H716;0;2
Nord Ovest;Lombardia;BS;H717;28,14;196,76
Nord Est;Emilia-Romagna;PR;H720;87,49;287,9
Nord Ovest;Lombardia;VA;H723;8,17;22
Nord Est;Emilia-Romagna;RN;H724;3;36
Nord Ovest;Piemonte;VC;H725;7,13;44,5
Nord Ovest;Piemonte;BI;H726;6,67;22,67
Nord Ovest;Piemonte;CN;H727;97,55;139,46
Sud;Puglia;LE;H729;8,25;12,25
Sud;Basilicata;PZ;H730;5;1
Nord Ovest;Lombardia;CR;H731;3;12,67
Sud;Campania;SA;H732;2;4
Sud;Campania;AV;H733;3;2,5
Nord Ovest;Piemonte;TO;H734;0;0
Nord Est;Veneto;VE;H735;11,17;187,48
Nord Ovest;Lombardia;VA;H736;17,83;176,28
Isole;Sardegna;CA;H738;0;0
Isole;Sardegna;CA;H739;0;0
Isole;Sicilia;AG;H743;17;18
Centro;Toscana;PT;H744;8,16;10,33
Centro;Lazio;RM;H745;1,5;1,8
Nord Ovest;Piemonte;CN;H746;0;0
Sud;Puglia;BA;H749;5,5;24,25
Nord Ovest;Lombardia;SO;H752;7;5
Nord Ovest;Piemonte;TO;H753;3;6
Nord Ovest;Piemonte;CN;H755;27,36;34,32
Isole;Sardegna;OR;H756;2,22;2
Sud;Puglia;LE;H757;4,83;2
Nord Ovest;Lombardia;CO;H760;6;6
Nord Ovest;Liguria;IM;H763;50,87;116,67
Sud;Campania;BN;H764;6;2,42
Sud;Calabria;CS;H765;0;0
Isole;Sardegna;CA;H766;0;0
Nord Ovest;Lombardia;CR;H767;0;12
Nord Est;Veneto;RO;H768;1;8
Centro;Marche;AP;H769;169,61;496,04
Nord Ovest;Piemonte;CN;H770;0;0,5
Nord Ovest;Lombardia;MN;H771;10,5;42,3
Sud;Abruzzo;AQ;H772;8;10
Sud;Abruzzo;AQ;H773;0;1
Sud;Calabria;CS;H774;3;0
Nord Ovest;Piemonte;TO;H775;20;91,5
Nord Ovest;Piemonte;VB;H777;4;6
Isole;Sicilia;AG;H778;7;3
Centro;Lazio;FR;H779;1;1
Nord Ovest;Liguria;IM;H780;9;4
Nord Est;Veneto;TV;H781;34,2;139,38
Sud;Molise;CB;H782;0;1
Nord Est;Veneto;VR;H783;30;319,2
Sud;Abruzzo;CH;H784;6;1
Sud;Calabria;VV;H785;1;0
Nord Ovest;Piemonte;TO;H789;13;36
Centro;Toscana;SI;H790;4,33;5
Centro;Toscana;FI;H791;56,51;84,8
Isole;Sicilia;CL;H792;27,63;62,6
Sud;Puglia;LE;H793;6,5;52
Nord Est;Emilia-Romagna;MO;H794;13,5;93,86
Sud;Basilicata;PZ;H795;2,37;0
Sud;Basilicata;PZ;H796;6;4
Isole;Sicilia;PA;H797;2;1
Sud;Campania;CE;H798;4;5,67
Nord Ovest;Lombardia;PV;H799;1;1
Sud;Campania;SA;H800;10,5;25,5
Nord Est;Emilia-Romagna;RN;H801;9,17;76,75
Nord Ovest;Liguria;GE;H802;10;11
Nord Ovest;Lombardia;MI;H803;30,25;63,75
Nord Ovest;Piemonte;TO;H804;3;2
Isole;Sicilia;CT;H805;2,67;6
Sud;Calabria;CS;H806;0;1
Sud;Calabria;VV;H807;1;0
Sud;Basilicata;PZ;H808;0;0
Centro;Marche;PS;H809;8,5;37
Nord Ovest;Piemonte;AL;H810;1;4
Nord Ovest;Piemonte;AT;H811;16;66,25
Nord Ovest;Piemonte;CN;H812;12,17;2
Nord Ovest;Lombardia;PV;H814;2;3
Nord Ovest;Lombardia;CR;H815;0,5;3,5
Nord Est;Friuli- Venezia Giulia;UD;H816;15,67;51,83
Sud;Calabria;CS;H818;2,75;0
Sud;Abruzzo;AQ;H819;3;5
Nord Ovest;Piemonte;TO;H820;1;5
Nord Ovest;Piemonte;BI;H821;2;17,5
Sud;Puglia;BR;H822;2;8,5
Nord Est;Veneto;VE;H823;57,95;518,73
Centro;Lazio;FR;H824;16;1
Sud;Calabria;CS;H825;4;5
Sud;Puglia;LE;H826;3,13;11
Nord Ovest;Lombardia;MI;H827;138,77;326,42
Nord Est;Veneto;VI;H829;8,25;83,84
Sud;Basilicata;PZ;H831;3;2
Sud;Molise;CB;H833;0;3
Sud;Campania;CE;H834;10;23
Nord Est;Emilia-Romagna;MO;H835;15,5;165,05
Centro;Lazio;LT;H836;10,49;11,08
Nord Ovest;Lombardia;BS;H838;23,33;101,25
Sud;Puglia;FG;H839;5;57,33
Nord Ovest;Lombardia;CO;H840;12,83;68,66
Sud;Calabria;CS;H841;3;0
Isole;Sicilia;ME;H842;4;6,75
Nord Est;Veneto;TV;H843;9,5;59,56
Nord Ovest;Lombardia;LO;H844;9;19,5
Sud;Calabria;CZ;H846;0;0
Nord Ovest;Piemonte;TO;H847;13;51,83
Isole;Sardegna;SS;H848;3;11
Isole;Sicilia;ME;H850;6,17;5
Nord Ovest;Piemonte;CN;H851;4,14;24
Nord Ovest;Piemonte;CN;H852;5,25;12,28
Nord Ovest;Piemonte;TO;H855;2;43,84
Isole;Sardegna;CA;H856;4;3,22
Centro;Umbria;TR;H857;7;24
Nord Ovest;Lombardia;PV;H859;3;54
Sud;Campania;NA;H860;3,42;24
Nord Ovest;Piemonte;VC;H861;3;22
Nord Ovest;Piemonte;TO;H862;12;12
Nord Ovest;Lombardia;BS;H865;0;33,5
Sud;Molise;CB;H867;2;7
Nord Ovest;Lombardia;SO;H868;3,33;0
Nord Ovest;Lombardia;MN;H870;2;16
Nord Ovest;Lombardia;VA;H872;0;6
Nord Ovest;Piemonte;TO;H873;15;72,5
Centro;Toscana;SI;H875;27,92;64,5
Centro;Marche;MC;H876;16;19
Sud;Calabria;CS;H877;2;1
Nord Ovest;Piemonte;AL;H878;2;8
Centro;Lazio;FR;H880;2;4
Sud;Calabria;CS;H881;1;1
Sud;Puglia;TA;H882;14;62,5
Nord Ovest;Lombardia;MN;H883;7,08;171,92
Nord Ovest;Lombardia;MI;H884;27;117,75
Nord Ovest;Lombardia;PV;H885;2,5;5,5
Nord Est;Emilia-Romagna;PC;H887;7;53,82
Sud;Basilicata;MT;H888;0;1
Sud;Calabria;RC;H889;0;2
Nord Ovest;Piemonte;TO;H890;3;22,83
Nord Est;Friuli- Venezia Giulia;PN;H891;0;7,67
Sud;Campania;NA;H892;30;67,69
Nord Est;Veneto;PD;H893;7,01;101,33
Sud;Campania;BN;H894;29,67;75,51
Nord Est;Friuli- Venezia Giulia;UD;H895;16,1;96,25
Nord Est;Emilia-Romagna;BO;H896;17,37;236,55
Nord Est;Veneto;PD;H897;2,53;38,5
Sud;Campania;BN;H898;1,33;1
Nord Ovest;Piemonte;AT;H899;0;0
Nord Ovest;Piemonte;TO;H900;2;8
Centro;Toscana;AR;H901;41;104,76
Sud;Calabria;RC;H903;0;0,58
Nord Est;Friuli- Venezia Giulia;UD;H906;17;101,5
Sud;Campania;SA;H907;10,67;7
Nord Ovest;Lombardia;BG;H910;4;17,75
Nord Ovest;Lombardia;MN;H912;1;11
Centro;Lazio;VT;H913;4;3
Isole;Sicilia;AG;H914;5,18;5
Nord Est;Veneto;VR;H916;7,88;25,48
Centro;Lazio;FR;H917;3,5;2
Nord Ovest;Lombardia;CR;H918;0,5;26
Sud;Calabria;CS;H919;22;20
Sud;Molise;CB;H920;1;2
Nord Est;Emilia-Romagna;RN;H921;10,5;49,34
Isole;Sicilia;CT;H922;17;149,61
Sud;Abruzzo;CH;H923;0;0,5
Nord Est;Veneto;VR;H924;51,5;338,01
Sud;Puglia;FG;H926;28,49;121,87
Sud;Molise;CB;H928;1;1
Sud;Molise;CB;H929;1;1
Nord Ovest;Lombardia;MI;H930;233,12;604,8
Sud;Campania;NA;H931;23,84;10,34
Isole;Sicilia;PA;H933;0;4,15
Centro;Umbria;PG;H935;20;61,84
Nord Ovest;Piemonte;TO;H936;7;25
Centro;Toscana;FI;H937;7,81;12
Nord Est;Veneto;BL;H938;2;14
Sud;Campania;CE;H939;3;0,67
Isole;Sicilia;CT;H940;11;76,26
Sud;Calabria;VV;H941;1;0
Centro;Lazio;RM;H942;4,17;7,25
Sud;Campania;SA;H943;7,88;1,5
Nord Est;Veneto;VR;H944;11,67;53,76
Nord Est;Emilia-Romagna;BO;H945;118,87;442,35
Nord Est;Emilia-Romagna;RN;H949;6;15
Nord Est;Friuli- Venezia Giulia;UD;H951;3;5
Sud;Campania;BN;H953;1;1
Sud;Campania;BN;H955;0;0
Nord Ovest;Liguria;IM;H957;6,84;15,73
Centro;Marche;PS;H958;6;14,4
Sud;Calabria;RC;H959;2;1
Sud;Calabria;CS;H961;1;0
Sud;Calabria;CS;H962;1;3
Sud;Campania;BN;H967;0;0
Centro;Lazio;VT;H969;19,67;9
Sud;Calabria;RC;H970;1;0
Sud;Calabria;CS;H971;2;3,5
Sud;Campania;BN;H973;1;1
Isole;Sardegna;CA;H974;9;7
Sud;Campania;AV;H975;0;10,02
Sud;Calabria;CZ;H976;0;2
Sud;Campania;SA;H977;3,92;10
Sud;Campania;CE;H978;6,67;86,17
Centro;Marche;AN;H979;7;7
Sud;Calabria;CS;H981;7;3,2
Isole;Sicilia;ME;H982;2,8;0
Sud;Campania;BN;H984;0;1
Sud;Puglia;FG;H985;19,25;44,42
Sud;Puglia;FG;H986;1,33;2
Nord Ovest;Piemonte;AT;H987;5;9
Sud;Molise;CB;H990;6;11,5
Sud;Abruzzo;CH;H991;1;2
Sud;Calabria;CS;H992;0;1
Sud;Basilicata;PZ;H994;2;0
Nord Est;Veneto;RO;H996;2;20,35
Nord Ovest;Piemonte;TO;H997;8;10
Nord Est;Friuli- Venezia Giulia;PN;H999;0;7
Sud;Campania;BN;I002;4;2
Nord Est;Veneto;VR;I003;50,9;318,33
Nord Ovest;Lombardia;MN;I005;0;10
Nord Ovest;Lombardia;CR;I007;1;0
Nord Est;Veneto;PD;I008;10,5;91,17
Nord Est;Emilia-Romagna;RE;I011;14;113,8
Nord Ovest;Lombardia;LO;I012;7;44,63
Nord Ovest;Lombardia;PV;I014;18;101,51
Sud;Campania;AV;I016;6,29;4
Nord Ovest;Piemonte;AT;I017;1;1
Sud;Puglia;TA;I018;3;6
Sud;Campania;SA;I019;8;16,78
Sud;Molise;CB;I023;5;28,36
Nord Ovest;Piemonte;TO;I024;23;142,13
Nord Ovest;Piemonte;NO;I025;7;18
Sud;Calabria;KR;I026;0;1
Nord Est;Emilia-Romagna;FO;I027;18,34;171,17
Isole;Sicilia;PA;I028;7,22;0
Sud;Basilicata;MT;I029;4;3
Nord Ovest;Piemonte;TO;I030;76;243,88
Sud;Campania;SA;I031;7;5
Sud;Campania;SA;I032;0;1
Sud;Campania;AV;I034;5,5;6
Isole;Sicilia;CT;I035;1;3
Nord Ovest;Piemonte;CN;I037;7;18,49
Nord Est;Veneto;VE;I040;30,25;344,47
Sud;Puglia;BR;I045;3,75;15,75
Centro;Toscana;PI;I046;78,01;205,93
Nord Ovest;Lombardia;PV;I048;8;35,17
Sud;Campania;BN;I049;0;2
Nord Ovest;Lombardia;CO;I051;0;2
Nord Ovest;Piemonte;NO;I052;0;2
Sud;Puglia;BA;I053;10,5;32
Sud;Puglia;FG;I054;17,5;55,12
Sud;Campania;CE;I056;21,62;190,15
Sud;Calabria;KR;I057;1;1
Sud;Calabria;VV;I058;1;0
Sud;Puglia;LE;I059;8;16,63
Sud;Calabria;CS;I060;8;6,5
Sud;Campania;AV;I061;2;0
Sud;Campania;BN;I062;4,33;6,87
Nord Est;Veneto;BL;I063;2,67;2
Sud;Puglia;BR;I066;0;11,67
Centro;Marche;AN;I071;3;2
Sud;Puglia;FG;I072;5;14
Sud;Campania;NA;I073;5,17;5
Nord Ovest;Piemonte;AT;I076;2;8
Nord Ovest;Lombardia;BG;I079;12,3;35,67
Isole;Sicilia;ME;I084;6;4
Isole;Sicilia;ME;I086;3,33;1
Nord Est;Veneto;BL;I088;8,86;10
Sud;Campania;SA;I089;2;0
Nord Ovest;Piemonte;TO;I090;5;10
Nord Est;Friuli- Venezia Giulia;UD;I092;0;8,5
Sud;Calabria;CZ;I093;4;2
Sud;Calabria;CZ;I095;0;0
Sud;Molise;IS;I096;1;2
Isole;Sicilia;CT;I098;3;51,24
Sud;Calabria;RC;I102;0;0
Nord Est;Veneto;TV;I103;5;52,34
Nord Est;Veneto;VR;I105;6;24,2
Nord Est;Veneto;PD;I107;1;20,4
Sud;Calabria;CS;I108;0;0
Nord Est;Veneto;VR;I109;86,24;158,74
Nord Est;Emilia-Romagna;BO;I110;45,49;252,15
Sud;Campania;CE;I113;0;1
Sud;Calabria;CS;I114;1;1
Sud;Puglia;LE;I115;2;6,57
Nord Ovest;Piemonte;NO;I116;5;11,5
Nord Est;Veneto;VI;I117;3;9,58
Isole;Sardegna;CA;I118;0,79;6
Sud;Puglia;BR;I119;3;23,87
Nord Est;Veneto;PD;I120;3;57,58
Sud;Abruzzo;AQ;I121;2;4,5
Sud;Molise;CB;I122;0;0
Nord Est;Emilia-Romagna;RE;I123;18;74,8
Nord Est;Veneto;TV;I124;4,16;30
Centro;Lazio;RM;I125;5;16
Nord Ovest;Piemonte;TO;I126;1;0
Nord Est;Emilia-Romagna;MO;I128;12;28,33
Sud;Campania;AV;I129;0;6,57
Sud;Campania;CE;I130;4;1
Sud;Campania;CE;I131;17,67;82,67
Sud;Calabria;RC;I132;0;0
Nord Est;Emilia-Romagna;MO;I133;5,5;81,3
Centro;Toscana;SI;I135;7;18
Nord Est;Friuli- Venezia Giulia;PN;I136;10,5;40
Nord Ovest;Piemonte;TO;I137;9;36,75
Nord Ovest;Liguria;IM;I138;383,15;527,1
Sud;Calabria;RC;I139;0;1
Nord Ovest;Lombardia;LO;I140;9;41,33
Centro;Toscana;LU;I142;3;0
Sud;Campania;SA;I143;1;3
Nord Ovest;Piemonte;AL;I144;4;26,75
Sud;Campania;BN;I145;1;3
Isole;Sicilia;ME;I147;4;0
Sud;Abruzzo;CH;I148;25,5;212,34
Nord Ovest;Piemonte;AL;I150;2;6
Sud;Campania;NA;I151;14,83;32,61
Nord Ovest;Piemonte;TO;I152;9;25,25
Nord Est;Emilia-Romagna;PR;I153;7,68;71
Nord Ovest;Piemonte;TO;I154;11,5;30
Centro;Toscana;AR;I155;36,14;90,83
Centro;Marche;MC;I156;53,17;54,27
Sud;Basilicata;PZ;I157;5;1
Sud;Puglia;FG;I158;84,71;252,9
Nord Ovest;Lombardia;CO;I162;34,69;24,27
Sud;Campania;AV;I163;0;1
Sud;Calabria;CZ;I164;5;1
Sud;Calabria;CS;I165;6;1
Isole;Sardegna;CA;I166;2;18,95
Nord Ovest;Lombardia;BG;I168;6,58;6,75
Isole;Sicilia;CL;I169;5,8;6
Sud;Calabria;CZ;I170;7;2
Sud;Calabria;CS;I171;0;1
Sud;Puglia;LE;I172;2;14
Isole;Sicilia;PA;I174;3;0
Nord Ovest;Lombardia;PV;I175;3;13,5
Sud;Calabria;RC;I176;0;1
Centro;Toscana;PI;I177;35;156,25
Isole;Sicilia;RG;I178;14;71,95
Sud;Campania;BN;I179;1;0
Sud;Molise;CB;I181;2;3,5
Isole;Sardegna;CA;I182;1;0
Sud;Calabria;CS;I183;13;2
Isole;Sicilia;ME;I184;0,33;0
Isole;Sicilia;AG;I185;1;0
Centro;Toscana;GR;I187;17,59;34,67
Isole;Sicilia;PA;I188;10;20
Sud;Molise;IS;I189;0;5
Nord Ovest;Piemonte;AL;I190;0;1
Nord Est;Emilia-Romagna;BO;I191;21,33;114
Sud;Calabria;CS;I192;1;1
Sud;Puglia;FG;I193;7,2;1,5
Nord Est;Emilia-Romagna;RA;I196;4;35,42
Sud;Campania;BN;I197;12,23;8,5
Sud;Calabria;RC;I198;0;0
Isole;Sicilia;ME;I199;27,02;50,71
Nord Est;Emilia-Romagna;RN;I201;0,5;5
Isole;Sicilia;CT;I202;3;97,25
Nord Ovest;Lombardia;PV;I203;5;8,33
Isole;Sardegna;OR;I205;1;5
Nord Est;Veneto;BL;I206;12;45,5
Nord Est;Veneto;PD;I207;7;34,32
Sud;Campania;NA;I208;7,04;24,54
Nord Ovest;Piemonte;CN;I210;7;16
Nord Ovest;Lombardia;PV;I213;0;27
Sud;Calabria;RC;I214;0;0
Isole;Sicilia;ME;I215;6,33;13,5
Isole;Sicilia;CT;I216;4,83;3
Centro;Toscana;PI;I217;7;18
Sud;Campania;AV;I219;2;2
Isole;Sicilia;ME;I220;5;5,17
Nord Est;Veneto;TV;I221;20,5;92
Isole;Sicilia;AG;I224;4;20,81
Nord Ovest;Liguria;GE;I225;63,83;161,31
Nord Ovest;Lombardia;PV;I230;4;5
Centro;Toscana;PI;I232;39,63;130,08
Sud;Campania;CE;I233;7;58,5
Sud;Campania;CE;I234;62,41;214,01
Nord Ovest;Lombardia;PV;I236;14;64,92
Nord Ovest;Lombardia;PV;I237;6;11,5
Sud;Molise;IS;I238;1;1
Isole;Sicilia;CT;I240;26,5;18,24
Nord Est;Veneto;VE;I242;15,25;198,94
Nord Ovest;Lombardia;LC;I243;5;30,92
Sud;Abruzzo;CH;I244;4,3;11,3
Sud;Campania;CE;I247;1,07;2,88
Nord Est;Friuli- Venezia Giulia;UD;I248;3,5;14
Nord Ovest;Piemonte;VB;I249;13;42,33
Centro;Marche;AN;I251;4,92;25,11
Sud;Campania;SA;I253;12,25;11
Isole;Sicilia;ME;I254;1;1
Centro;Lazio;RM;I255;59,89;275,56
Centro;Lazio;FR;I256;0;2
Nord Ovest;Piemonte;TO;I258;10,5;59,25
Nord Est;Veneto;VR;I259;19,69;121,61
Sud;Campania;SA;I260;1;2
Sud;Campania;CE;I261;3;28
Sud;Campania;NA;I262;19,07;37,07
Centro;Umbria;PG;I263;6;1
Sud;Campania;AV;I264;3;0
Centro;Lazio;FR;I265;2;0
Sud;Calabria;CZ;I266;11;3
Isole;Sardegna;CA;I271;0;0
Sud;Campania;CE;I273;4;2
Nord Ovest;Lombardia;LO;I274;22,17;139,5
Nord Est;Veneto;PD;I275;5,5;93,59
Nord Ovest;Lombardia;PV;I276;2,33;8
Sud;Campania;BN;I277;5;5
Sud;Campania;SA;I278;0;0
Sud;Campania;AV;I279;1;1,67
Sud;Campania;AV;I280;3;0
Sud;Campania;AV;I281;8,57;7,5
Sud;Molise;IS;I282;0;0
Isole;Sicilia;ME;I283;5,5;1
Centro;Lazio;RM;I284;7,5;13,33
Centro;Marche;MC;I286;5;4
Centro;Marche;PS;I287;9,2;8,5
Sud;Basilicata;PZ;I288;2;1,5
Sud;Molise;CB;I289;1;0
Isole;Sicilia;AG;I290;4;0
Isole;Sicilia;TP;I291;7,5;10,08
Nord Est;Veneto;VR;I292;15;11,5
Sud;Campania;NA;I293;26,09;48,5
Isole;Sardegna;CA;I294;3;19,25
Nord Ovest;Piemonte;TO;I296;14,5;46
Isole;Sardegna;OR;I298;0;0
Sud;Campania;NA;I300;25,92;17,03
Sud;Campania;AV;I301;0;0
Centro;Lazio;FR;I302;1;0
Nord Est;Emilia-Romagna;RN;I304;35,5;204,53
Sud;Basilicata;PZ;I305;29;13
Sud;Campania;CE;I306;25,68;82,5
Sud;Campania;SA;I307;4;1
Sud;Calabria;KR;I308;1;0
Sud;Calabria;CS;I309;1;1,17
Nord Est;Emilia-Romagna;FO;I310;12,5;30
Isole;Sicilia;ME;I311;13,18;32,69
Isole;Sardegna;SS;I312;27,92;65,78
Isole;Sicilia;CT;I314;8;22,5
Centro;Marche;AP;I315;0;2
Nord Ovest;Piemonte;CN;I316;10,08;28
Sud;Campania;SA;I317;11;9
Sud;Abruzzo;TE;I318;20,08;38,58
Nord Est;Veneto;PD;I319;2;33,35
Sud;Molise;CB;I320;3,25;4,5
Centro;Lazio;FR;I321;9,5;4,99
Sud;Calabria;CZ;I322;3;0
Centro;Marche;AP;I324;16;56,67
Sud;Abruzzo;AQ;I326;3;3,25
Nord Ovest;Piemonte;TO;I327;14,39;81,3
Isole;Sicilia;ME;I328;0;1
Isole;Sardegna;NU;I329;14;94,75
Sud;Puglia;BA;I330;43,48;123,63
Sud;Abruzzo;PE;I332;0;4
Sud;Calabria;RC;I333;1;1
Sud;Abruzzo;CH;I335;3;3,33
Sud;Abruzzo;AQ;I336;0;2
Nord Ovest;Piemonte;VC;I337;9,44;81,33
Centro;Lazio;LT;I339;9;15,89
Sud;Calabria;RC;I341;1;1
Nord Est;Emilia-Romagna;RE;I342;27,51;147,49
Centro;Marche;PS;I344;2;7
Nord Ovest;Liguria;GE;I346;43,63;31
Nord Est;Veneto;BL;I347;9;9,5
Sud;Abruzzo;TE;I348;3,11;15,5
Sud;Calabria;VV;I350;1,5;0
Centro;Lazio;FR;I351;1;3
Centro;Lazio;RM;I352;14;5,22
Nord Est;Veneto;VI;I353;8;32,28
Isole;Sicilia;AG;I356;6,67;6
Sud;Campania;AV;I357;2;2
Sud;Calabria;CS;I359;0;7
Sud;Abruzzo;AQ;I360;2;1
Nord Ovest;Lombardia;MI;I361;45,55;92,38
Nord Ovest;Lombardia;LO;I362;3;12,61
Nord Ovest;Liguria;SP;I363;48,59;95,12
Centro;Lazio;FR;I364;0;0
Nord Ovest;Liguria;IM;I365;25,6;63,8
Nord Ovest;Piemonte;CN;I367;6,86;29,34
Nord Ovest;Liguria;GE;I368;12;17
Isole;Sicilia;ME;I370;12,59;6
Sud;Calabria;RC;I371;1;0
Nord Ovest;Piemonte;CN;I372;2,39;6
Nord Est;Veneto;VE;I373;13,34;102,42
Isole;Sardegna;OR;I374;1;0
Nord Est;Veneto;PD;I375;0;6
Sud;Abruzzo;PE;I376;3,5;3,67
Sud;Campania;SA;I377;7,45;14,5
Centro;Umbria;TR;I381;16;11,5
Nord Est;Veneto;TV;I382;23,6;116,79
Isole;Sardegna;OR;I384;1;1
Sud;Calabria;CS;I388;3;3
Sud;Abruzzo;AQ;I389;1,5;6
Centro;Toscana;LI;I390;34,15;140,71
Sud;Campania;NA;I391;4,2;70,5
Nord Est;Veneto;BL;I392;33,55;72,27
Sud;Calabria;CZ;I393;1;2
Sud;Abruzzo;CH;I394;17,5;29,78
Sud;Puglia;BR;I396;26,36;42,05
Centro;Lazio;RM;I400;9,25;12,17
Nord Est;Veneto;VI;I401;2;22,42
Isole;Sardegna;CA;I402;1;1
Nord Est;Friuli- Venezia Giulia;PN;I403;45,89;150,13
Nord Est;Friuli- Venezia Giulia;UD;I405;0;4
Isole;Sicilia;TP;I407;4;40,45
Centro;Lazio;FR;I408;2,5;4
Nord Ovest;Lombardia;MI;I409;23,01;116,31
Sud;Campania;SA;I410;1;1
Nord Ovest;Lombardia;BS;I412;8;60,17
Nord Est;Veneto;VR;I414;7;39,17
Nord Ovest;Lombardia;MI;I415;9;67
Nord Ovest;Lombardia;PV;I416;2;2
Nord Est;Veneto;TV;I417;5,17;38
Nord Est;Veneto;PD;I418;8,5;147,37
Isole;Sicilia;ME;I420;4,67;2
Nord Est;Friuli- Venezia Giulia;UD;I421;10,05;53,59
Sud;Campania;SA;I422;15,5;13
Sud;Calabria;CS;I423;3;5,02
Centro;Lazio;RM;I424;0;1
Nord Est;Veneto;VI;I425;3;22,25
Sud;Basilicata;PZ;I426;5;0
Isole;Sardegna;CA;I428;0;2
Nord Ovest;Piemonte;AL;I429;1;6
Nord Est;Veneto;VI;I430;8;75,16
Nord Ovest;Piemonte;AL;I432;3;4
Nord Ovest;Lombardia;BS;I433;7;114,24
Nord Est;Emilia-Romagna;PC;I434;1;18
Nord Est;Veneto;TV;I435;4,04;21,5
Centro;Marche;MC;I436;11,2;13,91
Nord Ovest;Lombardia;BG;I437;31;142,05
Sud;Campania;SA;I438;53,71;96,5
Nord Ovest;Lombardia;VA;I441;208,12;544,42
Nord Ovest;Valle d'Aosta;AO;I442;23;55,67
Isole;Sardegna;CA;I443;2;2
Nord Est;Emilia-Romagna;FO;I444;4,75;16,5
Centro;Toscana;SI;I445;16,14;39,5
Nord Ovest;Lombardia;PV;I447;0;4,5
Isole;Sardegna;NU;I448;0;0
Nord Ovest;Liguria;SP;I449;67,08;184,65
Sud;Campania;SA;I451;7,5;2
Isole;Sardegna;SS;I452;151,97;846,43
Nord Ovest;Liguria;SV;I453;9;15,9
Centro;Toscana;LI;I454;4;6,98
Sud;Campania;BN;I455;0;0
Sud;Basilicata;PZ;I457;0,5;0,5
Nord Est;Emilia-Romagna;RN;I460;0,5;11
Centro;Marche;AN;I461;16,63;37,42
Nord Est;Emilia-Romagna;MO;I462;227,96;540,19
Sud;Calabria;CZ;I463;10,93;6
Nord Est;Friuli- Venezia Giulia;UD;I464;0;1
Nord Ovest;Piemonte;TO;I465;3;19,21
Nord Ovest;Piemonte;TO;I466;31,83;114,76
Sud;Puglia;TA;I467;7;20,33
Sud;Calabria;KR;I468;0;0
Sud;Campania;NA;I469;19,11;49,58
Nord Ovest;Piemonte;CN;I470;146,34;266,16
Sud;Campania;AV;I471;4;0
Nord Est;Emilia-Romagna;FO;I472;20,41;213,54
Nord Est;Emilia-Romagna;MO;I473;34,17;155,22
Nord Ovest;Liguria;GE;I475;21,5;13
Nord Ovest;Lombardia;BS;I476;1,67;3
Isole;Sicilia;ME;I477;8,5;5
Nord Est;Friuli- Venezia Giulia;UD;I478;0;1
Nord Ovest;Liguria;SV;I480;234,86;293,77
Sud;Abruzzo;PE;I482;5;4,61
Sud;Campania;SA;I483;44,09;150,42
Nord Ovest;Piemonte;CN;I484;2;1
Sud;Calabria;CS;I485;0;0
Sud;Campania;SA;I486;17;2
Nord Ovest;Lombardia;PV;I487;0;7,17
Sud;Calabria;CS;I489;69,56;40,5
Nord Ovest;Piemonte;TO;I490;3;25,5
Isole;Sicilia;ME;I492;3,39;2
Sud;Campania;AV;I493;1;1
Sud;Calabria;KR;I494;3;1
Nord Est;Emilia-Romagna;RE;I496;52,5;266,75
Nord Ovest;Lombardia;CR;I497;0;2,28
Nord Ovest;Lombardia;CR;I498;1;4
Centro;Lazio;RI;I499;4,5;11
Sud;Abruzzo;AQ;I501;6,33;3
Isole;Sardegna;OR;I503;0;1
Centro;Toscana;GR;I504;31,5;30
Nord Ovest;Lombardia;BG;I506;20,83;138,52
Sud;Molise;IS;I507;2;0
Centro;Toscana;GR;I510;6;69,25
Nord Ovest;Piemonte;TO;I511;1;6
Nord Ovest;Piemonte;CN;I512;5;14,01
Sud;Abruzzo;CH;I520;2,5;4
Centro;Umbria;PG;I522;3,66;4
Centro;Umbria;PG;I523;2;1
Sud;Abruzzo;CH;I526;4;1
Nord Est;Veneto;VI;I527;2;19
Nord Ovest;Lombardia;CO;I529;2;6,5
Nord Ovest;Lombardia;BG;I530;5,5;25,33
Nord Est;Veneto;VI;I531;48,05;597,54
Nord Ovest;Lombardia;MN;I532;1;6,33
Isole;Sicilia;AG;I533;43,59;31,57
Isole;Sicilia;PA;I534;0;3
Isole;Sicilia;RG;I535;44,67;71,5
Sud;Calabria;RC;I536;0;2
Sud;Calabria;RC;I537;4;5
Isole;Sicilia;PA;I538;8;0
Nord Ovest;Piemonte;TO;I539;1;8,5
Sud;Campania;NA;I540;3;25,33
Isole;Sicilia;PA;I541;1;1
Sud;Abruzzo;AQ;I543;2;0
Nord Ovest;Piemonte;VC;I544;6;12
Nord Ovest;Piemonte;VC;I545;3;31
Sud;Abruzzo;AQ;I546;3;16
Isole;Sicilia;CT;I548;10;27,3
Sud;Puglia;LE;I549;2;12
Nord Est;Veneto;VE;I551;11,5;232,33
Sud;Abruzzo;AQ;I553;10,67;12,5
Nord Ovest;Piemonte;AT;I555;4;7
Nord Ovest;Liguria;IM;I556;2,25;1
Sud;Abruzzo;AQ;I558;2;2
Sud;Puglia;LE;I559;0;2
Nord Ovest;Lombardia;LO;I561;4,44;23,13
Nord Est;Friuli- Venezia Giulia;UD;I562;1;18,25
Nord Est;Veneto;BL;I563;32,5;112,81
Isole;Sardegna;OR;I564;2;1
Isole;Sardegna;SS;I565;1;3
Nord Ovest;Lombardia;MI;I566;108,16;225,49
Nord Ovest;Lombardia;BG;I567;4,1;21,64
Centro;Marche;MC;I569;1,5;3,33
Isole;Sardegna;CA;I570;0;0
Centro;Toscana;GR;I571;7,33;8
Centro;Lazio;RM;I573;15,5;15
Nord Ovest;Lombardia;MI;I577;425,53;824,13
Nord Est;Veneto;TV;I578;5;8,5
Isole;Sardegna;CA;I580;32,5;172,06
Centro;Lazio;RI;I581;0;5
Isole;Sardegna;CA;I582;0;0
Centro;Umbria;PG;I585;6,33;6
Nord Ovest;Lombardia;BS;I588;1;3,76
Sud;Calabria;CZ;I589;3;0
Sud;Calabria;CZ;I590;6,34;3
Nord Est;Veneto;BL;I592;5,3;9,75
Nord Est;Veneto;VR;I594;1;8
Nord Est;Veneto;PD;I595;9;365,39
Nord Ovest;Lombardia;BG;I597;6,5;46,25
Isole;Sardegna;SS;I598;1;0
Nord Ovest;Lombardia;PV;I599;0;0
Sud;Calabria;RC;I600;2;2
Centro;Toscana;GR;I601;13,84;3,83
Nord Ovest;Lombardia;MI;I602;87,95;269,51
Isole;Sardegna;OR;I605;3;0
Sud;Campania;AV;I606;3;2,8
Nord Ovest;Lombardia;BS;I607;2;3,5
Centro;Marche;AN;I608;124,8;446,94
Isole;Sardegna;OR;I609;0;0
Sud;Basilicata;PZ;I610;8,5;1
Nord Ovest;Lombardia;CO;I611;4;24,5
Nord Ovest;Lombardia;LO;I612;2;14
Isole;Sardegna;OR;I613;0;0
Isole;Sardegna;SS;I614;3,33;8
Isole;Sardegna;CA;I615;4;8
Sud;Molise;CB;I618;1;0,86
Nord Est;Friuli- Venezia Giulia;PN;I621;3,5;10,94
Centro;Toscana;LU;I622;24,41;56,17
Isole;Sardegna;CA;I624;6,25;11
Nord Ovest;Lombardia;MI;I625;282,32;676,36
Nord Est;Veneto;BL;I626;7,17;9,84
Nord Ovest;Lombardia;CR;I627;8;58,41
Nord Ovest;Lombardia;BG;I628;78,49;444,65
Nord Ovest;Lombardia;BG;I629;10,5;55,47
Sud;Campania;AV;I630;10,35;10,65
Nord Ovest;Lombardia;BS;I631;7,89;12,67
Nord Ovest;Lombardia;MN;I632;8,25;63,8
Nord Ovest;Lombardia;BS;I633;42,93;275,57
Centro;Lazio;LT;I634;17,85;50,25
Nord Est;Veneto;TV;I635;4,5;36,25
Nord Ovest;Lombardia;SO;I636;3;9
Nord Ovest;Piemonte;AT;I637;2;0
Sud;Calabria;VV;I639;7;7,67
Nord Ovest;Liguria;GE;I640;57,24;31,33
Sud;Puglia;FG;I641;4;11
Sud;Calabria;CS;I642;4,67;0
Centro;Marche;AN;I643;2;17,5
Isole;Sicilia;CL;I644;5,5;9
Nord Ovest;Piemonte;AL;I645;0;0
Nord Ovest;Piemonte;CN;I646;1;0
Isole;Sardegna;CA;I647;0;3
Sud;Campania;SA;I648;0;0
Sud;Abruzzo;PE;I649;1;0
Centro;Marche;MC;I651;2;1
Sud;Campania;NA;I652;0;1
Centro;Marche;AN;I653;8,5;6,89
Centro;Marche;PS;I654;5,33;0
Sud;Calabria;CZ;I655;6,67;1
Sud;Calabria;RC;I656;2;1
Nord Ovest;Piemonte;AL;I657;13;47,8
Nord Ovest;Piemonte;CN;I659;2;6
Centro;Toscana;PT;I660;18,13;106,27
Centro;Marche;MC;I661;0;4,83
Nord Ovest;Lombardia;MN;I662;0;5
Nord Ovest;Piemonte;VC;I663;15,2;32,61
Sud;Campania;SA;I666;7;7
Isole;Sardegna;CA;I667;0;1
Isole;Sardegna;NU;I668;0;0
Centro;Lazio;FR;I669;1;1,5
Sud;Calabria;CZ;I671;8;0
Nord Est;Veneto;BL;I673;7,91;14,08
Sud;Campania;CE;I676;41,17;103,64
Sud;Campania;SA;I677;1;0
Nord Ovest;Piemonte;AT;I678;3;1
Sud;Molise;IS;I679;9;2
Centro;Toscana;AR;I681;3,34;3
Sud;Molise;IS;I682;8;0
Nord Ovest;Lombardia;CR;I683;6;33
Centro;Toscana;FI;I684;123,92;376,77
Nord Est;Friuli- Venezia Giulia;PN;I686;2;63,17
Nord Ovest;Lombardia;VA;I688;45,07;167,84
Nord Est;Emilia-Romagna;MO;I689;13,75;62,42
Nord Ovest;Lombardia;MI;I690;413,35;682,08
Nord Ovest;Piemonte;TO;I692;38,02;138,29
Nord Ovest;Liguria;GE;I693;114,18;307,47
Isole;Sardegna;CA;I695;16;122,99
Nord Ovest;Lombardia;MI;I696;14;97,96
Centro;Lazio;FR;I697;2;1
Nord Ovest;Piemonte;AT;I698;0;1
Isole;Sardegna;CA;I699;6;18
Nord Ovest;Lombardia;MI;I700;56,5;263,01
Nord Ovest;Piemonte;TO;I701;2;5
Nord Ovest;Piemonte;TO;I702;4;9
Nord Ovest;Piemonte;TO;I703;183,99;503,96
Sud;Calabria;CZ;I704;6,33;2
Isole;Sardegna;CA;I705;0;0
Isole;Sardegna;NU;I706;1;1
Isole;Sardegna;NU;I707;1;1
Nord Ovest;Lombardia;MI;I709;98,99;281,8
Nord Ovest;Piemonte;AL;I711;1;0
Centro;Lazio;LT;I712;14,33;13,66
Centro;Lazio;FR;I716;7;1
Isole;Sardegna;OR;I717;0;0
Isole;Sardegna;OR;I718;0;1
Sud;Campania;SA;I720;11,17;21,65
Isole;Sardegna;OR;I721;0;0
Isole;Sicilia;AG;I723;10;3
Isole;Sardegna;CA;I724;0;0
Sud;Calabria;RC;I725;10,34;11
Centro;Toscana;SI;I726;68,1;471,23
Centro;Umbria;PG;I727;7,24;19,5
Centro;Toscana;FI;I728;27,75;140,08
Isole;Sardegna;NU;I730;1;0
Isole;Sardegna;SS;I732;0;0
Isole;Sardegna;CA;I734;3;2
Isole;Sardegna;CA;I735;0;0
Nord Ovest;Piemonte;NO;I736;0;1
Nord Ovest;Piemonte;AL;I738;2,98;9,17
Nord Ovest;Lombardia;PV;I739;0;2
Sud;Abruzzo;TE;I741;49,2;135,44
Isole;Sardegna;OR;I742;0;0
Isole;Sardegna;OR;I743;1;3,25
Sud;Calabria;VV;I744;1;0
Sud;Calabria;CZ;I745;4,5;1
Isole;Sicilia;ME;I747;4;1
Isole;Sardegna;NU;I748;1;2
Isole;Sardegna;OR;I749;0;0
Nord Ovest;Piemonte;CN;I750;3;4
Isole;Sardegna;NU;I751;2,5;6
Isole;Sardegna;CA;I752;15,5;50
Sud;Calabria;RC;I753;2;0
Isole;Sicilia;SR;I754;51,73;540,77
Sud;Campania;AV;I756;1,17;18
Isole;Sardegna;OR;I757;0;0
Centro;Marche;AN;I758;9,77;114,26
Nord Ovest;Lombardia;LC;I759;3,04;23
Nord Ovest;Lombardia;LC;I761;8;29,5
Isole;Sardegna;CA;I765;0;0
Nord Ovest;Piemonte;NO;I767;2;8
Centro;Marche;AP;I774;0,33;0
Nord Est;Veneto;VR;I775;21,38;93,34
Nord Est;Friuli- Venezia Giulia;UD;I777;0;3
Isole;Sardegna;OR;I778;0;0
Nord Est;Emilia-Romagna;FO;I779;3;15,67
Sud;Puglia;LE;I780;6;6,67
Nord Ovest;Piemonte;AT;I781;0;0
Nord Ovest;Lombardia;BS;I782;4,5;64,7
Nord Est;Veneto;VI;I783;2;9
Isole;Sicilia;SR;I785;1;7,67
Nord Ovest;Lombardia;MI;I786;70,25;217,61
Nord Est;Emilia-Romagna;RA;I787;3;41,88
Nord Ovest;Lombardia;CR;I790;1,5;6
Isole;Sardegna;OR;I791;0;0,17
Nord Ovest;Lombardia;VA;I793;12;54,83
Nord Ovest;Lombardia;VA;I794;14;79,84
Nord Ovest;Liguria;IM;I796;13;3
Isole;Sardegna;CA;I797;0;1
Nord Ovest;Piemonte;AL;I798;1;8,75
Nord Est;Veneto;PD;I799;2,67;44,67
Sud;Puglia;LE;I800;4;7,33
Nord Ovest;Lombardia;MN;I801;1;22,7
Nord Est;Emilia-Romagna;MO;I802;28,5;239,48
Nord Est;Emilia-Romagna;PR;I803;4;18
Sud;Abruzzo;AQ;I804;46,2;100,18
Sud;Campania;AV;I805;5,05;31,5
Nord Ovest;Piemonte;AL;I808;1;2
Sud;Campania;BN;I809;5,84;6
Nord Ovest;Lombardia;BG;I812;5;33
Nord Ovest;Lombardia;BG;I813;2,34;20,3
Nord Ovest;Lombardia;LO;I815;7;34,52
Nord Ovest;Piemonte;CN;I817;0;2
Nord Ovest;Lombardia;VA;I819;59,37;221,06
Sud;Campania;NA;I820;17,5;34,5
Nord Est;Veneto;VR;I821;20,5;133,16
Nord Ovest;Piemonte;CN;I822;25;59,25
Nord Ovest;Piemonte;CN;I823;3;9,5
Isole;Sicilia;CL;I824;7,6;13,67
Nord Ovest;Lombardia;PV;I825;1;8
Nord Est;Veneto;VR;I826;41,25;206,47
Nord Ovest;Lombardia;CR;I827;4;58,5
Nord Ovest;Lombardia;SO;I828;16,17;17,83
Nord Ovest;Lombardia;SO;I829;145,9;275,6
Nord Ovest;Lombardia;BG;I830;2;36,17
Nord Ovest;Lombardia;BS;I831;10,63;14,5
Centro;Lazio;LT;I832;15;9
Centro;Lazio;FR;I838;26;31,72
Nord Est;Emilia-Romagna;PR;I840;5;39,75
Centro;Toscana;GR;I841;23,54;12
Sud;Campania;AV;I843;0;3,67
Sud;Calabria;CZ;I844;1,8;2
Nord Ovest;Piemonte;BI;I847;5,5;8,35
Nord Ovest;Lombardia;LO;I848;9;61
Nord Ovest;Lombardia;CR;I849;10,07;92,38
Nord Est;Veneto;VR;I850;2;14
Isole;Sardegna;NU;I851;1;0,95
Nord Ovest;Liguria;GE;I852;16,03;28
Sud;Calabria;VV;I853;0;0
Sud;Calabria;VV;I854;1;1
Centro;Lazio;VT;I855;41,33;46,66
Nord Ovest;Lombardia;CO;I856;7;5,5
Nord Ovest;Piemonte;NO;I857;0;2,72
Nord Ovest;Lombardia;BG;I858;18,16;86,47
Nord Ovest;Lombardia;CO;I860;3,01;10,17
Isole;Sardegna;OR;I861;1;0
Sud;Campania;NA;I862;17,08;35,67
Isole;Sardegna;SS;I863;15,5;33,09
Isole;Sicilia;SR;I864;7;30,33
Nord Ovest;Lombardia;CR;I865;1,5;26,17
Nord Est;Veneto;BL;I866;7;11,38
Nord Est;Veneto;VI;I867;2;19
Nord Ovest;Piemonte;BI;I868;2;8
Nord Ovest;Lombardia;BG;I869;6,5;63,17
Sud;Calabria;CZ;I872;21,6;18,75
Nord Ovest;Lombardia;BG;I873;5,34;47,39
Sud;Calabria;CZ;I874;2;1
Sud;Calabria;CZ;I875;2;0
Nord Est;Veneto;BL;I876;0;2
Centro;Toscana;SI;I877;19;78,33
Nord Ovest;Lombardia;MI;I878;34,67;78,62
Nord Est;Veneto;VI;I879;12;95,28
Nord Ovest;Piemonte;NO;I880;1;12,83
Isole;Sicilia;ME;I881;8;6
Sud;Calabria;VV;I884;0;0
Sud;Campania;CE;I885;5;15,92
Nord Ovest;Piemonte;TO;I886;1,5;2
Sud;Puglia;LE;I887;8;7
Centro;Umbria;PG;I888;15,2;56,04
Isole;Sicilia;EN;I891;3;4
Centro;Lazio;LT;I892;7,92;13,46
Sud;Campania;AV;I893;3,23;12
Nord Ovest;Lombardia;PV;I894;1;8
Sud;Calabria;CS;I895;6;1,25
Sud;Calabria;CS;I896;23,82;11
Nord Ovest;Piemonte;AL;I901;6;9,33
Centro;Lazio;LT;I902;4;3,17
Nord Est;Emilia-Romagna;MO;I903;36;158,69
Nord Est;Friuli- Venezia Giulia;PN;I904;35,54;94,42
Sud;Calabria;VV;I905;0;0
Nord Ovest;Lombardia;CR;I906;2,8;16
Sud;Puglia;BA;I907;13,5;17,5
Nord Est;Veneto;VE;I908;27,61;454,54
Nord Ovest;Lombardia;CR;I909;0;4
Sud;Molise;CB;I910;1;0
Nord Ovest;Piemonte;AL;I911;0;1
Centro;Marche;AP;I912;21,44;61,84
Nord Ovest;Lombardia;CR;I914;14,5;102,61
Nord Ovest;Lombardia;BG;I916;3;21,33
Sud;Basilicata;PZ;I917;2;2
Nord Ovest;Lombardia;BG;I919;13,84;47,05
Centro;Umbria;PG;I921;81,94;252,16
Sud;Abruzzo;PE;I922;33,5;164,06
Sud;Puglia;LE;I923;5,61;4
Nord Ovest;Liguria;SV;I926;45,67;109,25
Nord Est;Veneto;TV;I927;29,33;166,77
Nord Ovest;Lombardia;SO;I928;0;2
Sud;Calabria;CZ;I929;8;10
Sud;Puglia;LE;I930;4;23,5
Centro;Marche;AN;I932;2,31;9
Nord Ovest;Lombardia;CR;I935;1;8,5
Sud;Calabria;RC;I936;0;0
Sud;Calabria;CZ;I937;4,42;7,31
Nord Est;Veneto;PD;I938;5,5;43,71
Nord Ovest;Piemonte;AL;I941;4;12,34
Centro;Toscana;LU;I942;9,75;3
Nord Ovest;Lombardia;CO;I943;2;1
Sud;Calabria;VV;I945;1;0
Nord Ovest;Liguria;SV;I946;23,18;18,67
Nord Ovest;Liguria;SV;I947;6;3
Sud;Puglia;LE;I950;2,75;1,83
Nord Ovest;Lombardia;BG;I951;35,45;227,64
Nord Est;Veneto;RO;I953;7,47;23
Sud;Basilicata;MT;I954;16;8,5
Sud;Calabria;RC;I955;0;1
Sud;Calabria;RC;I956;1;1
Centro;Lazio;RI;I959;5;6
Sud;Campania;SA;I960;0;0
Sud;Puglia;FG;I962;8;13,33
Sud;Puglia;FG;I963;3,5;16
Nord Est;Veneto;VE;I965;8;80,17
Nord Ovest;Lombardia;PV;I968;24;93,63
Nord Ovest;Piemonte;TO;I969;0;0
Nord Ovest;Piemonte;TO;I970;12,5;73,11
Centro;Lazio;FR;I973;1;0
Nord Est;Friuli- Venezia Giulia;UD;I974;1;0
Nord Ovest;Piemonte;VB;I976;18,02;85,62
Nord Ovest;Piemonte;AL;I977;3,25;21,84
Sud;Campania;NA;I978;10;9
Nord Ovest;Piemonte;BI;I980;0;1,5
Centro;Umbria;TR;I981;5,5;12,66
Sud;Calabria;KR;I982;5,34;3
Nord Ovest;Piemonte;VC;I984;7;17,5
Nord Ovest;Piemonte;CN;I985;4;0,95
Nord Ovest;Lombardia;BG;I986;3;10,41
Sud;Campania;AV;I990;3;6
Centro;Toscana;AR;I991;17,95;47,05
Centro;Lazio;RM;I992;38,75;47,5
Sud;Campania;CE;I993;16,51;45,65
Nord Ovest;Lombardia;LC;I994;2;0
Isole;Sardegna;CA;I995;3;0
Nord Ovest;Lombardia;LC;I996;5;4,46
Nord Ovest;Lombardia;BG;I997;3,89;36,89
Nord Ovest;Lombardia;MI;I998;12,8;125,1
Nord Ovest;Lombardia;BS;L002;4,33;33,68
Nord Ovest;Lombardia;VA;L003;6;62,71
Sud;Campania;AV;L004;1;2
Isole;Sardegna;NU;L006;2;1
Nord Ovest;Piemonte;NO;L007;1;15
Sud;Puglia;LE;L008;3;5
Centro;Lazio;FR;L009;5;1
Sud;Puglia;LE;L010;0;1
Sud;Puglia;LE;L011;7;74,25
Nord Ovest;Piemonte;TO;L013;33;36
Nord Est;Veneto;TV;L014;14,8;117,22
Nord Ovest;Lombardia;MN;L015;1;15,5
Isole;Sicilia;CL;L016;4;3
Centro;Lazio;VT;L017;18;48,5
Nord Est;Friuli- Venezia Giulia;UD;L018;3,5;4,5
Centro;Toscana;LI;L019;27,28;32
Nord Ovest;Lombardia;MN;L020;21,78;204,83
Nord Ovest;Lombardia;LC;L022;2;10
Isole;Sardegna;OR;L023;0;0
Nord Ovest;Liguria;IM;L024;73;91
Sud;Abruzzo;AQ;L025;37,29;37,96
Nord Est;Veneto;RO;L026;4;45,29
Nord Ovest;Piemonte;AL;L027;4,16;10,67
Nord Est;Veneto;BL;L030;8,5;10
Nord Ovest;Lombardia;VA;L032;6;39,92
Nord Est;Emilia-Romagna;RN;L034;1;4
Nord Ovest;Lombardia;SO;L035;15;16,5
Isole;Sardegna;NU;L036;0;0
Nord Ovest;Lombardia;BG;L037;0;12
Centro;Toscana;AR;L038;2,5;0,33
Nord Est;Friuli- Venezia Giulia;UD;L039;6;19
Nord Est;Veneto;BL;L040;5;15,22
Isole;Sicilia;ME;L042;17,5;47
Centro;Lazio;RI;L046;4;4
Sud;Abruzzo;CH;L047;1;1
Nord Ovest;Piemonte;CN;L048;9,67;19,67
Sud;Puglia;TA;L049;249,93;459,79
Nord Est;Friuli- Venezia Giulia;UD;L050;9;74,93
Sud;Calabria;CS;L055;2,75;2
Nord Ovest;Lombardia;SO;L056;5;0
Nord Est;Veneto;TV;L058;9,83;24,5
Nord Ovest;Piemonte;AL;L059;1;5
Sud;Campania;AV;L061;0,5;1
Sud;Campania;AV;L062;1,5;4
Sud;Calabria;RC;L063;12,83;16,34
Sud;Puglia;LE;L064;3;8,67
Nord Est;Friuli- Venezia Giulia;UD;L065;44,34;202,02
Nord Ovest;Piemonte;TO;L066;2;2
Sud;Molise;CB;L069;1;1
Sud;Calabria;CZ;L070;12,8;5
Nord Ovest;Lombardia;CO;L071;26,88;41,88
Nord Ovest;Lombardia;BG;L073;3,5;25,08
Sud;Puglia;LE;L074;4,67;20,83
Nord Ovest;Piemonte;BI;L075;2;4
Centro;Marche;PS;L078;0;3
Centro;Marche;PS;L081;8;100,48
Sud;Basilicata;PZ;L082;0;0
Sud;Campania;CE;L083;10;17,67
Nord Ovest;Lombardia;SO;L084;34,93;36,67
Nord Est;Veneto;VE;L085;1,5;11
Sud;Campania;BN;L086;7,75;21
Nord Ovest;Lombardia;BG;L087;8,12;39,92
Isole;Sardegna;SS;L088;2;3
Isole;Sardegna;SS;L093;12,67;30,5
Nord Ovest;Lombardia;BS;L094;27,82;119,78
Nord Est;Veneto;PD;L100;6,33;116,51
Sud;Campania;AV;L102;0;3
Sud;Abruzzo;TE;L103;208,6;237,41
Nord Ovest;Piemonte;NO;L104;0;6
Centro;Lazio;FR;L105;0;0
Sud;Puglia;BA;L109;94,81;124,5
Isole;Sicilia;PA;L112;32,41;36,17
Sud;Molise;CB;L113;40,33;340,05
Nord Ovest;Lombardia;VA;L115;16;48,75
Nord Ovest;Piemonte;BI;L116;1;3
Centro;Umbria;TR;L117;336,61;869,74
Nord Ovest;Lombardia;BG;L118;12;172,41
Centro;Lazio;LT;L120;86,62;180,6
Isole;Sardegna;OR;L122;1;6
Centro;Toscana;AR;L123;21,36;77,16
Sud;Calabria;CS;L124;4;2
Nord Ovest;Lombardia;LO;L125;3;22
Sud;Basilicata;PZ;L126;3;1
Sud;Calabria;RC;L127;3,86;0
Isole;Sicilia;PA;L131;12,05;55,33
Nord Est;Veneto;PD;L132;1;15,5
Sud;Calabria;CS;L134;1;0
Nord Est;Veneto;VR;L136;1;11,8
Centro;Toscana;PI;L138;25,75;31
Nord Ovest;Piemonte;AL;L139;2;7,5
Isole;Sardegna;NU;L140;0;1,67
Sud;Campania;NA;L142;8;6
Nord Ovest;Piemonte;AL;L143;2,5;7,5
Nord Ovest;Liguria;IM;L146;3;1
Centro;Lazio;VT;L150;0;2
Nord Ovest;Liguria;SV;L152;3;2
Isole;Sardegna;NU;L153;0;2
Isole;Sardegna;CA;L154;1,33;2
Sud;Campania;CE;L155;14,5;60,39
Nord Est;Veneto;VI;L156;6,83;105,33
Nord Est;Veneto;VI;L157;32,97;300,75
Isole;Sardegna;SS;L158;0;4
Isole;Sardegna;NU;L160;0;0
Nord Ovest;Lombardia;CR;L164;0;8
Nord Ovest;Piemonte;AL;L165;1;6,33
Sud;Puglia;LE;L166;3,74;5
Nord Ovest;Liguria;GE;L167;4;5,61
Nord Ovest;Piemonte;AT;L168;3;8
Nord Ovest;Lombardia;BS;L169;6;26
Isole;Sardegna;NU;L172;0;0
Sud;Abruzzo;AQ;L173;0;1
Nord Ovest;Lombardia;SO;L175;44,08;57,44
Sud;Calabria;CZ;L177;3;5
Isole;Sardegna;SS;L180;1;2
Sud;Basilicata;PZ;L181;12;10
Centro;Lazio;RM;L182;115,6;258,51
Nord Est;Emilia-Romagna;PR;L183;7;32,61
Nord Est;Emilia-Romagna;RE;L184;18,66;30,86
Sud;Campania;BN;L185;0;0
Sud;Abruzzo;PE;L186;3;5
Nord Ovest;Piemonte;VB;L187;3,5;7
Centro;Umbria;PG;L188;70,5;102,31
Centro;Lazio;RI;L189;1;7
Nord Ovest;Liguria;SV;L190;9;28
Centro;Marche;MC;L191;36,81;115,16
Centro;Lazio;RM;L192;8;12
Nord Ovest;Piemonte;BI;L193;11;19,92
Sud;Abruzzo;CH;L194;2,32;4,44
Nord Est;Friuli- Venezia Giulia;UD;L195;14,03;57,22
Sud;Basilicata;PZ;L197;3;3,67
Nord Est;Veneto;PD;L199;8;81,5
Isole;Sardegna;NU;L202;0,5;3
Nord Ovest;Piemonte;AT;L203;3;1
Nord Ovest;Piemonte;AT;L204;0;1
Sud;Campania;CE;L205;0;0
Sud;Calabria;CS;L206;2;4
Sud;Abruzzo;TE;L207;2;2,5
Nord Ovest;Lombardia;BS;L210;10;78,67
Sud;Campania;SA;L212;5;3,83
Sud;Puglia;BR;L213;2;12
Sud;Campania;AV;L214;2;8
Sud;Molise;CB;L215;3;3
Centro;Umbria;PG;L216;16;53,5
Nord Ovest;Valle d'Aosta;AO;L217;17,66;25,33
Sud;Abruzzo;CH;L218;5,5;12
Nord Ovest;Piemonte;TO;L219;6217,85;6334,31
Sud;Puglia;BA;L220;11;15,5
Nord Ovest;Lombardia;CR;L221;0;10
Nord Ovest;Piemonte;NO;L223;3;8
Sud;Abruzzo;CH;L224;1,25;3
Nord Ovest;Lombardia;CR;L225;0;2
Sud;Abruzzo;AQ;L227;3;6,5
Nord Ovest;Lombardia;CO;L228;5,5;34
Nord Est;Emilia-Romagna;PR;L229;6,89;11
Sud;Molise;CB;L230;8;7
Isole;Sardegna;NU;L231;0;1,25
Sud;Campania;SA;L233;1;0
Isole;Sardegna;SS;L235;0;3
Nord Ovest;Lombardia;PV;L237;3;7
Nord Ovest;Piemonte;TO;L238;7,16;27,66
Nord Ovest;Piemonte;BI;L239;1,5;3
Sud;Calabria;CZ;L240;0;2
Nord Ovest;Piemonte;CN;L241;0;0
Centro;Lazio;FR;L243;2;0
Nord Ovest;Lombardia;SO;L244;10,72;6,33
Sud;Campania;NA;L245;31,32;56,1
Nord Est;Friuli- Venezia Giulia;UD;L246;1,5;8
Nord Ovest;Piemonte;TO;L247;5;8
Nord Est;Veneto;VI;L248;11,56;92,67
Nord Ovest;Lombardia;PV;L250;0;1
Nord Ovest;Lombardia;BG;L251;33,88;121,11
Nord Ovest;Piemonte;CN;L252;4;2
Sud;Abruzzo;CH;L253;0;0
Sud;Campania;BN;L254;2;0
Nord Ovest;Lombardia;PV;L256;5;13
Nord Ovest;Lombardia;BG;L257;2,6;45
Nord Ovest;Lombardia;CR;L258;3,5;35
Sud;Campania;NA;L259;57,34;93,79
Nord Ovest;Lombardia;PV;L262;0;3
Sud;Abruzzo;PE;L263;6;7
Nord Ovest;Lombardia;BG;L265;11,68;38,8
Nord Est;Veneto;VE;L267;1,5;48,36
Nord Ovest;Lombardia;PV;L269;4;45,87
Nord Est;Veneto;PD;L270;3;46,75
Isole;Sicilia;ME;L271;12;8,5
Sud;Campania;AV;L272;1,5;3,67
Sud;Puglia;FG;L273;17,92;53,33
Sud;Campania;SA;L274;2;0
Nord Ovest;Lombardia;BG;L276;1;16,83
Nord Ovest;Piemonte;TO;L277;35,5;58,42
Nord Ovest;Piemonte;CN;L278;1;5
Centro;Marche;AP;L279;3;2
Sud;Puglia;BR;L280;2;11,72
Nord Ovest;Piemonte;CN;L281;0;1
Isole;Sicilia;PA;L282;1;6
Sud;Abruzzo;CH;L284;0;7
Nord Ovest;Lombardia;PV;L285;2;46,4
Centro;Lazio;RI;L286;0;9,67
Nord Est;Veneto;VR;L287;22,56;92,25
Centro;Lazio;FR;L290;2;2,5
Sud;Abruzzo;CH;L291;1;8
Nord Ovest;Lombardia;PV;L292;9;14
Centro;Lazio;RI;L293;4;4
Sud;Puglia;TA;L294;3;7,5
Sud;Abruzzo;TE;L295;4;2
Nord Ovest;Lombardia;CR;L296;1;6
Nord Est;Veneto;VI;L297;11,33;203,32
Nord Ovest;Liguria;GE;L298;17,5;7,33
Nord Est;Emilia-Romagna;PR;L299;20,5;113,92
Sud;Campania;AV;L301;0;1
Centro;Lazio;RM;L302;4,33;0
Centro;Toscana;SI;L303;9;46,5
Nord Ovest;Piemonte;AL;L304;77,83;238,55
Sud;Calabria;CS;L305;13,5;15,5
Sud;Campania;SA;L306;4;1
Sud;Abruzzo;TE;L307;135,99;325,91
Isole;Sicilia;ME;L308;7;3,61
Nord Est;Friuli- Venezia Giulia;UD;L309;6;24,38
Centro;Lazio;VT;L310;26,59;25
Nord Ovest;Lombardia;BS;L312;42,83;179,88
Sud;Abruzzo;TE;L314;3;3
Nord Ovest;Liguria;SV;L315;13;21,5
Nord Ovest;Lombardia;SO;L316;3,5;4
Isole;Sicilia;PA;L317;17;15,5
Nord Ovest;Lombardia;VA;L319;73,67;233,06
Isole;Sardegna;OR;L321;0;0,5
Sud;Campania;SA;L323;12;1
Nord Est;Friuli- Venezia Giulia;PN;L324;3;3,42
Nord Est;Friuli- Venezia Giulia;PN;L325;1;2
Sud;Basilicata;PZ;L326;3;3
Nord Ovest;Piemonte;TO;L327;6,5;38
Sud;Puglia;BA;L328;128,54;438,84
Nord Ovest;Lombardia;SO;L330;17,92;7,5
Isole;Sicilia;TP;L331;74,12;221,43
Isole;Sicilia;PA;L332;0;1
Nord Ovest;Piemonte;VB;L333;3,5;6,88
Sud;Abruzzo;AQ;L334;5;6
Nord Est;Friuli- Venezia Giulia;UD;L335;1;5,44
Nord Ovest;Piemonte;VB;L336;5,25;0,5
Isole;Sardegna;CA;L337;0;0
Nord Ovest;Lombardia;BS;L339;26,62;143,33
Nord Ovest;Piemonte;TO;L340;5,5;7,5
Nord Ovest;Lombardia;VA;L342;9;33,5
Nord Ovest;Piemonte;TO;L345;1;4
Nord Est;Emilia-Romagna;PR;L346;27,33;128,33
Nord Est;Friuli- Venezia Giulia;PN;L347;1;6
Nord Est;Emilia-Romagna;PC;L348;14,63;24,5
Nord Est;Veneto;PD;L349;8;119,75
Sud;Calabria;CS;L353;8,66;8
Isole;Sicilia;CT;L355;7;27,01
Nord Ovest;Piemonte;NO;L356;39;283,68
Sud;Basilicata;PZ;L357;3;0
Nord Est;Veneto;RO;L359;0,2;23,25
Nord Est;Emilia-Romagna;FO;L361;1,5;6
Sud;Abruzzo;CH;L363;2;2
Nord Est;Veneto;VR;L364;37,82;48,16
Centro;Marche;MC;L366;16;44,67
Nord Ovest;Piemonte;CN;L367;0;2
Isole;Sicilia;CT;L369;17;157,92
Nord Ovest;Lombardia;BS;L372;6,58;44,53
Sud;Campania;SA;L377;4;5
Sud;Campania;CE;L379;9,84;112,28
Nord Ovest;Lombardia;BS;L380;2;49,5
Nord Est;Friuli- Venezia Giulia;UD;L382;7;13
Sud;Puglia;LE;L383;5,88;29,52
Centro;Toscana;SI;L384;3;11
Centro;Toscana;MS;L386;12;10
Nord Ovest;Lombardia;BG;L388;31,57;186,83
Nord Ovest;Lombardia;CR;L389;1;45,91
Nord Ovest;Lombardia;SO;L392;11,79;15
Isole;Sardegna;OR;L393;0,5;2,47
Nord Est;Veneto;VR;L396;0;14,5
Centro;Umbria;PG;L397;17,33;38,75
Centro;Lazio;FR;L398;7,75;20,43
Sud;Campania;AV;L399;1;0,75
Nord Ovest;Lombardia;BG;L400;164,28;601,69
Centro;Lazio;RM;L401;17,67;26
Nord Est;Veneto;TV;L402;9;75,5
Nord Ovest;Piemonte;AL;L403;0;2
Nord Ovest;Lombardia;BG;L404;45,42;138,83
Nord Ovest;Lombardia;BS;L406;7;4
Nord Est;Veneto;TV;L407;325,36;1240,66
Nord Ovest;Lombardia;MI;L408;13;73,21
Nord Ovest;Lombardia;MI;L409;63,9;361,36
Nord Ovest;Piemonte;CN;L410;1;1
Nord Ovest;Lombardia;MI;L411;53;201,93
Nord Ovest;Lombardia;CO;L413;2;0
Nord Est;Veneto;PD;L414;3;29,67
Nord Ovest;Lombardia;MI;L415;25;113,88
Nord Ovest;Liguria;GE;L416;4,17;1
Sud;Basilicata;MT;L418;10,5;6,33
Sud;Puglia;LE;L419;19,5;24,67
Nord Ovest;Piemonte;VC;L420;1;9
Nord Est;Friuli- Venezia Giulia;UD;L421;26,06;98,83
Isole;Sardegna;NU;L423;0;0
Sud;Puglia;BA;L425;38,5;131,82
Nord Ovest;Lombardia;CR;L426;0;7,5
Nord Ovest;Piemonte;CN;L427;2;8
Isole;Sardegna;SS;L428;9,83;71,3
Nord Ovest;Piemonte;VC;L429;9,5;67,9
Nord Ovest;Liguria;IM;L430;8;2
Isole;Sicilia;ME;L431;0;0
Nord Ovest;Piemonte;AL;L432;1,5;8,5
Nord Est;Veneto;VI;L433;11,07;96,52
Nord Ovest;Lombardia;MI;L434;40,71;104,22
Sud;Molise;CB;L435;6;5
Centro;Lazio;FR;L437;4,5;1
Nord Est;Friuli- Venezia Giulia;UD;L438;2;7
Sud;Basilicata;PZ;L439;3;1
Nord Ovest;Lombardia;PV;L440;11;67
Nord Ovest;Piemonte;TO;L445;48,5;125,5
Sud;Puglia;FG;L447;10;21
Isole;Sicilia;EN;L448;6,99;25,67
Nord Ovest;Lombardia;PV;L449;6;37,01
Nord Ovest;Piemonte;VB;L450;10,08;3
Nord Ovest;Piemonte;VC;L451;6;24
Sud;Calabria;VV;L452;11,3;19
Nord Ovest;Lombardia;PV;L453;1;15
Nord Ovest;Lombardia;MI;L454;9,5;101,84
Sud;Molise;CB;L458;0;2
Sud;Abruzzo;CH;L459;0;0
Sud;Campania;NA;L460;5;10,5
Sud;Campania;AV;L461;1;2,04
Sud;Puglia;LE;L462;7,62;13,17
Isole;Sardegna;CA;L463;1;0
Isole;Sardegna;SS;L464;0;0,75
Centro;Umbria;PG;L466;14;36,5
Nord Ovest;Lombardia;LO;L469;0;23,5
Nord Ovest;Lombardia;CO;L470;40,17;142,2
Nord Ovest;Lombardia;MI;L471;19,2;72,46
Sud;Puglia;BA;L472;20,01;126,5
Isole;Sardegna;CA;L473;0;0
Sud;Abruzzo;PE;L475;3;0
Sud;Basilicata;MT;L477;4,28;1
Isole;Sicilia;ME;L478;2;5
Nord Ovest;Lombardia;VA;L480;40,81;168,97
Isole;Sicilia;ME;L482;0;0
Nord Est;Friuli- Venezia Giulia;UD;L483;471,36;1476,96
Sud;Puglia;LE;L484;7,44;35,71
Sud;Puglia;LE;L485;1,67;17,17
Nord Ovest;Lombardia;CO;L487;5;56
Isole;Sardegna;OR;L488;0;0
Isole;Sardegna;NU;L489;0;3
Sud;Calabria;KR;L492;0;1
Nord Ovest;Lombardia;BS;L494;4;27,25
Isole;Sardegna;OR;L496;0;1
Nord Est;Veneto;PD;L497;0;9
Centro;Marche;PS;L498;7,73;28,1
Nord Ovest;Liguria;SV;L499;6,75;15,5
Centro;Marche;PS;L500;29,7;61,39
Centro;Marche;MC;L501;5,5;15
Nord Ovest;Lombardia;BG;L502;33,42;160,09
Isole;Sardegna;SS;L503;4;5
Sud;Molise;CB;L505;2;6
Isole;Sardegna;NU;L506;0;0
Nord Ovest;Liguria;GE;L507;9,5;10
Isole;Sardegna;OR;L508;0;0
Isole;Sardegna;SS;L509;1,1;12,5
Nord Ovest;Lombardia;MI;L511;51,86;162,56
Isole;Sardegna;CA;L512;1;2
Isole;Sardegna;CA;L513;0;0
Isole;Sardegna;NU;L514;0;1
Nord Ovest;Piemonte;TO;L515;0;5
Nord Ovest;Piemonte;TO;L516;4;1,5
Centro;Marche;MC;L517;5,5;10,5
Isole;Sicilia;PA;L519;5;0
Isole;Sardegna;CA;L521;17;46
Centro;Toscana;PT;L522;8,5;56,33
Sud;Calabria;CS;L524;5;1
Centro;Lazio;RI;L525;1;1
Sud;Abruzzo;CH;L526;2;4,05
Nord Ovest;Liguria;SV;L528;46,6;52,99
Centro;Toscana;FI;L529;21,73;74,24
Nord Ovest;Piemonte;AT;L531;0;0
Sud;Basilicata;PZ;L532;9,67;2
Centro;Toscana;LU;L533;0;2
Nord Ovest;Lombardia;CR;L535;3;39,25
Centro;Toscana;PO;L537;21,58;68,39
Nord Ovest;Piemonte;TO;L538;2;17
Nord Ovest;Lombardia;CR;L539;6,25;46,83
Sud;Campania;CE;L540;9,5;15,33
Nord Ovest;Lombardia;BG;L544;4,38;53
Nord Ovest;Lombardia;BG;L545;8;39,91
Nord Ovest;Liguria;GE;L546;10,5;3
Nord Ovest;Lombardia;CO;L547;12,75;32,17
Nord Est;Veneto;VI;L551;64,41;201,71
Nord Est;Veneto;VI;L554;2;5
Nord Ovest;Piemonte;TO;L555;13,83;57,33
Nord Ovest;Piemonte;BI;L556;4;30
Nord Ovest;Lombardia;SO;L557;56,98;85,62
Nord Ovest;Piemonte;CN;L558;4,25;4,5
Isole;Sicilia;ME;L561;2;3
Nord Ovest;Lombardia;PV;L562;0,67;4
Nord Ovest;Lombardia;SO;L563;41,72;55,71
Nord Est;Veneto;TV;L565;19,38;51,32
Nord Ovest;Piemonte;VC;L566;4;17,25
Nord Est;Veneto;VR;L567;38,24;238,49
Nord Ovest;Lombardia;PV;L568;0;1
Centro;Lazio;VT;L569;12;5
Nord Ovest;Piemonte;AL;L570;75;198,14
Sud;Puglia;BA;L571;29,17;98,5
Nord Ovest;Lombardia;LO;L572;4;27
Centro;Umbria;PG;L573;2;10
Nord Ovest;Piemonte;AT;L574;3;18
Nord Ovest;Lombardia;SO;L576;22,62;29,08
Nord Ovest;Lombardia;VA;L577;4,25;6
Nord Ovest;Piemonte;TO;L578;2;27,84
Nord Ovest;Lombardia;BG;L579;2;8
Nord Ovest;Piemonte;CN;L580;0;2,5
Nord Ovest;Lombardia;LC;L581;8;23
Nord Ovest;Valle d'Aosta;AO;L582;3;2
Isole;Sicilia;EN;L583;7;25,41
Nord Est;Veneto;BL;L584;23,4;21
Nord Ovest;Piemonte;BI;L586;1;2,5
Sud;Campania;AV;L589;4;3,13
Nord Est;Veneto;BL;L590;11,28;19,17
Sud;Campania;CE;L591;1;9
Nord Ovest;Lombardia;PV;L593;2;14
Sud;Campania;CE;L594;0;0
Nord Ovest;Liguria;IM;L596;10;6
Sud;Abruzzo;TE;L597;3;3
Centro;Lazio;FR;L598;2,84;0,92
Nord Ovest;Liguria;IM;L599;30,59;32,91
Isole;Sicilia;PA;L603;4;1
Isole;Sardegna;SS;L604;20;131,35
Centro;Lazio;FR;L605;1;0
Sud;Calabria;VV;L607;0;0
Isole;Sicilia;CL;L609;4;3
Centro;Lazio;RM;L611;1;0
Centro;Lazio;VT;L612;4;9
Isole;Sardegna;CA;L613;0;0
Centro;Lazio;FR;L614;10,65;2
Sud;Campania;AV;L616;4;2,75
Nord Ovest;Lombardia;PV;L617;0;18,17
Nord Ovest;Piemonte;BI;L620;5;13
Nord Ovest;Lombardia;BG;L623;3;10,5
Nord Est;Veneto;VI;L624;3;21
Centro;Lazio;RM;L625;4;0
Nord Ovest;Lombardia;BS;L626;0;15,5
Centro;Umbria;PG;L627;5;0
Sud;Campania;SA;L628;4,5;14
Nord Ovest;Piemonte;TO;L629;0;3
Nord Ovest;Piemonte;CN;L631;0,25;1
Nord Ovest;Piemonte;AL;L633;0,66;9
Nord Ovest;Lombardia;LC;L634;57,74;105,5
Nord Ovest;Lombardia;SO;L638;14,16;3
Centro;Lazio;RM;L639;12;49,5
Nord Ovest;Lombardia;CO;L640;16;24,83
Nord Est;Emilia-Romagna;PR;L641;6;4
Nord Ovest;Lombardia;BG;L642;0;1
Nord Ovest;Valle d'Aosta;AO;L643;2;1
Nord Ovest;Piemonte;TO;L644;15,33;26,17
Nord Ovest;Valle d'Aosta;AO;L647;2;0
Nord Ovest;Piemonte;VB;L651;1;7
Centro;Umbria;PG;L653;3;4
Nord Ovest;Valle d'Aosta;AO;L654;43,61;158,7
Nord Ovest;Lombardia;BG;L655;1;5,89
Sud;Campania;SA;L656;0;2,96
Isole;Sicilia;CT;L658;5,5;51,5
Nord Ovest;Lombardia;MI;L664;15,5;54,46
Nord Ovest;Lombardia;MI;L665;17,02;154,76
Nord Ovest;Piemonte;VB;L666;2;10,05
Nord Ovest;Lombardia;MI;L667;30,75;184,5
Nord Ovest;Piemonte;NO;L668;1;2
Nord Ovest;Piemonte;VC;L669;18,67;43
Nord Ovest;Piemonte;NO;L670;13;58,87
Nord Ovest;Lombardia;VA;L671;7;18
Nord Est;Emilia-Romagna;PR;L672;11,65;29,58
Sud;Calabria;RC;L673;2;4
Nord Ovest;Liguria;SV;L675;119,84;223,82
Centro;Lazio;RI;L676;2;2
Nord Ovest;Lombardia;MI;L677;79,68;252,57
Nord Ovest;Lombardia;LC;L680;2;21,5
Nord Ovest;Liguria;SP;L681;8,71;4
Nord Ovest;Lombardia;VA;L682;316,9;926,01
Nord Ovest;Piemonte;TO;L685;2;4
Nord Est;Friuli- Venezia Giulia;UD;L686;2,5;13,16
Nord Est;Emilia-Romagna;PR;L689;5,83;18,37
Nord Ovest;Lombardia;PV;L690;13,75;31,5
Nord Ovest;Piemonte;VB;L691;15,58;13,5
Nord Ovest;Liguria;IM;L693;7,5;0
Sud;Molise;IS;L696;1,25;1
Nord Ovest;Piemonte;TO;L698;3;11,5
Sud;Calabria;VV;L699;0,33;0
Nord Est;Veneto;TV;L700;10,5;40,45
Centro;Toscana;PI;L702;24,33;61,94
Nord Ovest;Lombardia;VA;L703;12;105,5
Nord Ovest;Lombardia;MI;L704;35,65;126,17
Nord Est;Veneto;TV;L706;19,83;105,44
Nord Ovest;Lombardia;BG;L707;1,54;3
Nord Ovest;Lombardia;MI;L709;9,5;28,5
Nord Est;Veneto;PD;L710;7;74
Sud;Puglia;LE;L711;3,8;18,83
Nord Ovest;Piemonte;BI;L712;9;8,5
Centro;Lazio;VT;L713;6,5;1
Nord Ovest;Lombardia;CO;L715;1;1
Nord Ovest;Lombardia;PV;L716;0;0
Centro;Lazio;RM;L719;56,13;213,49
Nord Ovest;Lombardia;PV;L720;5;75
Nord Est;Veneto;VR;L722;6,72;13,17
Nord Est;Veneto;VI;L723;1;10,42
Sud;Molise;IS;L725;36,5;71,83
Nord Ovest;Piemonte;TO;L726;1;2
Nord Ovest;Piemonte;TO;L727;140,39;355,67
Centro;Marche;AP;L728;4,67;3,5
Nord Ovest;Piemonte;CN;L729;6,25;9,33
Nord Ovest;Liguria;SV;L730;1;0
Nord Ovest;Lombardia;VA;L733;13;68,22
Nord Ovest;Lombardia;VA;L734;22,5;108,11
Isole;Sicilia;ME;L735;13;15,08
Nord Est;Veneto;VE;L736;486,5;2232,06
Nord Ovest;Lombardia;CO;L737;7,45;60,56
Sud;Basilicata;PZ;L738;20,22;23,5
Sud;Campania;AV;L739;2;2
Isole;Sicilia;PA;L740;0;2
Nord Ovest;Liguria;IM;L741;152,58;148,7
Centro;Lazio;LT;L742;0;0
Nord Est;Friuli- Venezia Giulia;UD;L743;1,25;15,94
Nord Ovest;Lombardia;MI;L744;23;97,5
Nord Ovest;Piemonte;VB;L746;143,58;470,92
Sud;Calabria;CS;L747;2;0
Nord Ovest;Lombardia;CO;L748;10;16
Nord Ovest;Lombardia;SO;L749;12;8
Nord Ovest;Piemonte;VC;L750;204,16;521,03
Nord Ovest;Lombardia;LC;L751;3,28;15
Nord Ovest;Lombardia;BG;L752;9,33;66,93
Nord Ovest;Lombardia;BG;L753;19,07;87,56
Nord Ovest;Piemonte;CN;L758;0;4
Nord Est;Emilia-Romagna;BO;L762;12,5;51,8
Nord Est;Emilia-Romagna;FO;L764;3,5;21,67
Nord Ovest;Lombardia;VA;L765;15;97,5
Nord Ovest;Piemonte;CN;L771;11,77;7
Nord Est;Emilia-Romagna;PC;L772;13,06;21,5
Nord Ovest;Lombardia;MI;L773;10;56,5
Nord Ovest;Liguria;SP;L774;6;3
Centro;Toscana;PO;L775;17;32,17
Sud;Puglia;LE;L776;3;7
Nord Ovest;Lombardia;BS;L777;14;67,88
Nord Ovest;Lombardia;BS;L778;1;34,5
Nord Ovest;Piemonte;TO;L779;12,5;54,6
Centro;Lazio;FR;L780;9,83;8,33
Nord Est;Veneto;VR;L781;1171,37;3363,12
Nord Ovest;Valle d'Aosta;AO;L783;7;7,5
Nord Ovest;Lombardia;PV;L784;0;4
Nord Ovest;Piemonte;BI;L785;2;9
Nord Ovest;Piemonte;TO;L787;5;9,5
Nord Ovest;Lombardia;PV;L788;36;9,17
Nord Ovest;Lombardia;CO;L792;2;61,17
Nord Ovest;Lombardia;BG;L795;6,22;32
Nord Est;Emilia-Romagna;RN;L797;13;78,94
Nord Ovest;Lombardia;SO;L799;1;0
Nord Est;Friuli- Venezia Giulia;UD;L801;1;2
Sud;Calabria;KR;L802;0;3
Nord Ovest;Piemonte;CN;L804;33,67;56,03
Nord Est;Veneto;PD;L805;2;15,5
Nord Ovest;Lombardia;CR;L806;1;50
Nord Ovest;Piemonte;AT;L807;0;5
Nord Ovest;Piemonte;NO;L808;6;8
Nord Ovest;Liguria;IM;L809;8;2
Nord Est;Veneto;VR;L810;8,63;11,75
Nord Ovest;Piemonte;TO;L811;2,5;2,5
Nord Ovest;Lombardia;BS;L812;6,5;22,02
Centro;Lazio;VT;L814;32,5;36
Nord Est;Emilia-Romagna;RE;L815;7,83;10,17
Nord Ovest;Lombardia;BS;L816;6,12;47,5
Nord Ovest;Piemonte;CN;L817;5;20
Nord Ovest;Liguria;SP;L819;27,49;24
Nord Est;Emilia-Romagna;RE;L820;16,5;55,66
Nord Ovest;Liguria;SV;L823;9;8
Nord Ovest;Lombardia;MN;L826;23,92;223,22
Nord Ovest;Lombardia;BG;L827;2,63;4,54
Isole;Sicilia;CT;L828;7;66
Nord Ovest;Piemonte;AT;L829;1;0
Nord Ovest;Piemonte;TO;L830;1;2
Nord Est;Emilia-Romagna;RE;L831;8,66;42,15
Centro;Toscana;LU;L833;103,64;183,74
Nord Ovest;Piemonte;AT;L834;4;13,5
Sud;Campania;SA;L835;10,67;31,33
Centro;Lazio;FR;L836;0;0
Isole;Sicilia;PA;L837;5;2
Centro;Toscana;FI;L838;16;35
Nord Est;Veneto;VI;L840;239,58;1887,44
Nord Ovest;Piemonte;CN;L841;8;13,01
Sud;Puglia;FG;L842;14,75;34,84
Centro;Lazio;FR;L843;1;1
Sud;Campania;CE;L844;4;1
Sud;Campania;NA;L845;24,25;43,02
Sud;Abruzzo;PE;L846;0;0,33
Nord Ovest;Piemonte;NO;L847;2;5
Nord Est;Emilia-Romagna;PC;L848;7;11,5
Centro;Toscana;PI;L850;29,5;49,92
Centro;Lazio;RM;L851;14,22;8,06
Nord Ovest;Lombardia;PV;L854;8;132,67
Nord Est;Veneto;TV;L856;2;19
Nord Ovest;Piemonte;TO;L857;1;11
Sud;Puglia;FG;L858;36,41;95,45
Sud;Basilicata;PZ;L859;17,25;6
Sud;Campania;SA;L860;20,17;2
Nord Ovest;Lombardia;BG;L865;1;2
Nord Ovest;Lombardia;LC;L866;4;28,98
Nord Est;Emilia-Romagna;FE;L868;7,53;89,41
Nord Est;Veneto;VR;L869;12;161,49
Nord Ovest;Lombardia;PV;L872;182,8;641,01
Sud;Basilicata;PZ;L873;0;0
Sud;Basilicata;PZ;L874;14;8
Nord Ovest;Lombardia;VA;L876;14,75;63,72
Nord Est;Veneto;PD;L878;1;11,83
Nord Ovest;Piemonte;AT;L879;0;3,89
Nord Ovest;Piemonte;BI;L880;29;83
Nord Ovest;Piemonte;AL;L881;2;8,5
Centro;Lazio;VT;L882;11,5;14,5
Nord Ovest;Lombardia;MI;L883;41,61;145,66
Nord Est;Emilia-Romagna;MO;L885;99,22;373,67
Nord Ovest;Piemonte;AL;L887;4;26
Nord Ovest;Piemonte;CN;L888;5;22,2
Nord Ovest;Piemonte;VB;L889;5,75;11,25
Nord Est;Veneto;BL;L890;4,5;9,03
Nord Est;Veneto;PD;L892;5;163,72
Nord Ovest;Lombardia;BG;L894;3,17;2,5
Nord Est;Emilia-Romagna;PC;L897;7,56;32,9
Nord Ovest;Piemonte;TO;L898;18;38,5
Nord Est;Veneto;VE;L899;2,5;109,81
Nord Est;Veneto;PD;L900;9,1;351,78
Nord Ovest;Piemonte;AL;L904;12,37;35,37
Centro;Lazio;FR;L905;2,33;0
Nord Ovest;Piemonte;VB;L906;25,5;41,55
Nord Ovest;Lombardia;SO;L907;22,47;1,56
Nord Ovest;Lombardia;SO;L908;16,84;11,5
Nord Est;Friuli- Venezia Giulia;UD;L909;4;20,5
Nord Est;Veneto;VR;L912;4,33;40
Centro;Toscana;LU;L913;4,5;2,5
Isole;Sicilia;PA;L916;6;11
Nord Ovest;Lombardia;PV;L917;0;0
Nord Ovest;Lombardia;BS;L919;11,5;74,12
Sud;Puglia;BR;L920;5,53;10
Sud;Abruzzo;PE;L922;1;4
Nord Ovest;Lombardia;BS;L923;1;7,17
Isole;Sardegna;CA;L924;3,2;1
Centro;Toscana;LU;L926;0;4,13
Nord Ovest;Lombardia;MI;L928;15,18;75,08
Nord Ovest;Lombardia;BG;L929;3;59
Nord Ovest;Piemonte;AL;L931;2;4,94
Nord Ovest;Piemonte;BI;L933;3;2
Nord Est;Veneto;PD;L934;2;16,44
Nord Ovest;Lombardia;BG;L936;15,61;70,89
Nord Est;Veneto;PD;L937;2;12,5
Nord Ovest;Lombardia;BG;L938;7,99;21,5
Nord Est;Veneto;RO;L939;3;24,85
Nord Ovest;Piemonte;CN;L942;9;17
Nord Ovest;Liguria;IM;L943;1;1
Isole;Sicilia;AG;L944;5;0
Nord Ovest;Piemonte;AT;L945;5;12,5
Centro;Toscana;MS;L946;15,56;17,42
Nord Est;Veneto;PD;L947;2;109,83
Nord Ovest;Piemonte;TO;L948;10,83;53,33
Nord Est;Veneto;VR;L949;71,99;373,72
Isole;Sicilia;ME;L950;8,15;18,5
Isole;Sicilia;PA;L951;4;2
Nord Est;Veneto;VI;L952;9;11
Isole;Sardegna;NU;L953;0;1
Nord Ovest;Lombardia;CO;L956;25,46;114,08
Sud;Abruzzo;AQ;L958;0;1
Isole;Sicilia;CL;L959;2,51;1
Sud;Abruzzo;CH;L961;3;2
Nord Ovest;Piemonte;AL;L963;1;2
Sud;Abruzzo;CH;L964;7;2,5
Sud;Campania;AV;L965;2;2
Isole;Sardegna;CA;L966;2;0
Nord Est;Veneto;RO;L967;2;7,5
Isole;Sardegna;CA;L968;0,83;2
Nord Est;Emilia-Romagna;RE;L969;33,56;29,16
Nord Ovest;Piemonte;AL;L970;0;1,67
Nord Ovest;Piemonte;AL;L972;0,5;10
Sud;Campania;AV;L973;3;0
Nord Ovest;Piemonte;CN;L974;28,19;49,42
Nord Ovest;Liguria;SV;L975;10;18,5
Nord Ovest;Lombardia;LO;L977;2;34
Nord Ovest;Piemonte;BI;L978;0;3
Nord Est;Veneto;PD;L979;9;82,64
Nord Est;Emilia-Romagna;PC;L980;0;2
Nord Ovest;Valle d'Aosta;AO;L981;12,38;8
Nord Ovest;Piemonte;TO;L982;6;8
Nord Ovest;Lombardia;PV;L983;2;5,25
Nord Ovest;Piemonte;AT;L984;14,6;46,08
Nord Est;Veneto;RO;L985;1,5;4
Isole;Sardegna;CA;L986;0;0
Isole;Sardegna;CA;L987;0;0
Nord Est;Veneto;RO;L988;1;8
Isole;Sardegna;SS;L989;2;3
Nord Ovest;Piemonte;CN;L990;0;5
Isole;Sardegna;OR;L991;0;0
Isole;Sardegna;NU;L992;0;0
Nord Ovest;Lombardia;PV;L994;4;42,5
Nord Ovest;Lombardia;BS;L995;8;53,1
Isole;Sardegna;CA;L998;0;1
Nord Ovest;Piemonte;TO;L999;7;25,17
Nord Ovest;Piemonte;TO;M002;14,35;46,73
Nord Ovest;Piemonte;VC;M003;0;2
Nord Ovest;Piemonte;TO;M004;2;19
Nord Ovest;Piemonte;TO;M007;12;15,72
Nord Ovest;Piemonte;AL;M009;1;5
Isole;Sicilia;EN;M011;9;21,96
Nord Ovest;Piemonte;TO;M013;10;5
Nord Ovest;Piemonte;TO;M014;24,51;42
Nord Ovest;Piemonte;CN;M015;2,75;8,8
Isole;Sardegna;CA;M016;0;0
Nord Ovest;Lombardia;MI;M017;75,5;217,83
Sud;Calabria;RC;M018;12,5;30
Nord Ovest;Piemonte;AT;M019;0;1
Sud;Abruzzo;AQ;M021;1;1
Sud;Abruzzo;CH;M022;3,67;1,33
Sud;Abruzzo;AQ;M023;0;0
Isole;Sardegna;CA;M025;2;3
Isole;Sardegna;CA;M026;0;3
Nord Ovest;Piemonte;TO;M027;12;30,83
Nord Ovest;Piemonte;VC;M028;5;8,5
Isole;Sardegna;OR;M030;0;0
Sud;Abruzzo;AQ;M031;1;1
Nord Est;Veneto;VI;M032;7;55,7
Sud;Abruzzo;AQ;M041;4;12
Nord Ovest;Piemonte;VB;M042;3;3
Nord Ovest;Lombardia;MN;M044;3,25;22
Nord Ovest;Lombardia;BG;M045;23,3;113,66
Nord Est;Veneto;TV;M048;30,05;186,89
Nord Ovest;Lombardia;BG;M050;2,83;26,67
Nord Ovest;Lombardia;MI;M052;120,46;417,84
Nord Ovest;Lombardia;MI;M053;541,75;416,01
Nord Ovest;Piemonte;CN;M055;1,5;0,5
Sud;Molise;CB;M057;5;6
Nord Ovest;Piemonte;AT;M058;0,5;2
Centro;Toscana;FI;M059;33,05;90,78
Nord Ovest;Piemonte;TO;M060;104,91;251,36
Nord Ovest;Piemonte;NO;M062;0;3
Nord Ovest;Piemonte;CN;M063;7,58;21,78
Nord Ovest;Lombardia;BS;M065;6,5;31,5
Nord Ovest;Piemonte;TO;M069;4;12
Nord Ovest;Lombardia;BS;M070;0;5,5
Nord Ovest;Piemonte;TO;M071;2;7
Sud;Campania;NA;M072;4,24;4
Nord Ovest;Piemonte;AL;M077;7,33;11
Centro;Marche;MC;M078;1,66;1
Nord Ovest;Lombardia;PV;M079;3;25
Nord Ovest;Piemonte;TO;M080;1;4
Isole;Sicilia;TP;M081;0;1
Centro;Lazio;VT;M082;231,73;554,96
Centro;Lazio;FR;M083;0;1,67
Nord Est;Friuli- Venezia Giulia;PN;M085;1;3,5
Centro;Lazio;VT;M086;11;23
Isole;Sicilia;RG;M088;52,22;145,66
Nord Est;Veneto;TV;M089;68,91;248,96
Sud;Abruzzo;AQ;M090;0;1,33
Nord Ovest;Lombardia;MI;M091;37,98;105,2
Sud;Campania;CE;M092;9,32;44,86
Sud;Campania;BN;M093;3;0
Nord Ovest;Piemonte;TO;M094;5;5,67
Centro;Lazio;RM;M095;0;0
Nord Est;Friuli- Venezia Giulia;PN;M096;0;7,84
Nord Ovest;Piemonte;BI;M098;8,5;9
Isole;Sicilia;CT;M100;12;9,83
Nord Ovest;Lombardia;VA;M101;1;15,99
Nord Ovest;Lombardia;MI;M102;12;46,29
Nord Est;Veneto;PD;M103;5,17;23
Nord Ovest;Lombardia;BS;M104;24,34;84,04
Nord Ovest;Liguria;GE;M105;5;3
Nord Ovest;Piemonte;VC;M106;4;3
Nord Est;Veneto;BL;M108;7;8
Nord Ovest;Lombardia;PV;M109;142;459,1
Nord Est;Emilia-Romagna;FE;M110;5;31,5
Nord Ovest;Piemonte;VB;M111;5,2;5
Sud;Campania;NA;M115;20,09;64,79
Nord Ovest;Lombardia;CR;M116;0;0
Nord Est;Veneto;TV;M118;9;74,22
Nord Ovest;Lombardia;PV;M119;1;0
Nord Ovest;Piemonte;AL;M120;1;5
Nord Ovest;Piemonte;AL;M121;0;1
Nord Ovest;Piemonte;TO;M122;43,17;198,67
Nord Ovest;Piemonte;AL;M123;3,79;9,42
Nord Est;Veneto;BL;M124;12,1;10
Nord Ovest;Lombardia;MN;M125;7;63,67
Centro;Toscana;PI;M126;67,58;45,5
Nord Ovest;Lombardia;CR;M127;1;6
Sud;Campania;AV;M130;3,44;4
Sud;Puglia;FG;M131;1;0
Sud;Puglia;FG;M132;6;6,2
Nord Ovest;Piemonte;TO;M133;24;118,7
Nord Ovest;Piemonte;CN;M136;0;1
Sud;Calabria;VV;M138;0;0
Isole;Sicilia;CT;M139;7,5;15
Sud;Calabria;CZ;M140;7;0
Centro;Lazio;RM;M141;70;75,84
Sud;Calabria;VV;M143;2;3
Nord Ovest;Lombardia;BG;M144;4;29
Nord Est;Veneto;VI;M145;4,02;77,4
Nord Ovest;Lombardia;BG;M147;20,8;121,32
Nord Ovest;Lombardia;PV;M150;9;6
Nord Ovest;Lombardia;PV;M152;1;28,5
Isole;Sardegna;OR;M153;0;1
Nord Ovest;Lombardia;CO;M156;1;2
Nord Ovest;Lombardia;LO;M158;20;124,07
Nord Ovest;Lombardia;PV;M161;2;3,5
Nord Ovest;Lombardia;PV;M162;0;1
Nord Est;Veneto;TV;M163;3;4
Nord Est;Emilia-Romagna;PC;M165;0;2
Nord Ovest;Lombardia;PV;M166;2,5;6,5
Nord Ovest;Lombardia;PV;M167;2;26,33
Isole;Sardegna;OR;M168;1;1
Centro;Toscana;MS;M169;4;3
Nord Est;Veneto;VI;M170;1;5
Nord Est;Veneto;TV;M171;12,25;143,96
Nord Est;Veneto;VR;M172;23,5;198,19
Nord Ovest;Lombardia;MI;M176;17,06;122,89
Nord Ovest;Liguria;SP;M177;0;0
Nord Est;Veneto;VR;M178;2,05;29,84
Nord Ovest;Piemonte;BI;M179;3;6
Nord Ovest;Lombardia;PV;M180;5;38,5
Nord Ovest;Liguria;GE;M182;17;76,27
Nord Est;Emilia-Romagna;MO;M183;8;91,34
Nord Ovest;Lombardia;BG;M184;16,88;63,91
Nord Est;Emilia-Romagna;BO;M185;69,05;277,79
Sud;Puglia;LE;M187;2,83;4,55
Nord Ovest;Lombardia;BS;M188;3;6,5
Nord Est;Veneto;BL;M189;2;1
Nord Est;Friuli- Venezia Giulia;PN;M190;9;61,92
Nord Est;Veneto;VI;M194;2;6
Nord Ovest;Piemonte;BI;M196;4;10
Nord Ovest;Liguria;SV;M197;2,34;0
Nord Est;Veneto;VI;M199;5;53,73
Nord Est;Friuli- Venezia Giulia;UD;M200;0;1
Nord Ovest;Piemonte;BI;M201;2;6
Sud;Calabria;CS;M202;3;4
Sud;Campania;AV;M203;1;2
Sud;Calabria;VV;M204;1;0
Centro;Lazio;RM;M207;10;68,14
Sud;Calabria;CZ;M208;39,98;73,63
Isole;Sardegna;CA;M209;0;4
Isole;Sicilia;ME;M210;4,58;5,33
Isole;Sicilia;ME;M211;7,25;8,17
Centro;Lazio;RM;M212;39,92;308,17
Centro;Lazio;RM;M213;72,84;412,22
Isole;Sardegna;SS;M214;6;23
Sud;Campania;SA;M253;4;3
Sud;Abruzzo;AQ;M255;0,33;0
Sud;Basilicata;MT;M256;17;22,5
Isole;Sicilia;SR;M257;3;7,98
Centro;Umbria;TR;M258;8,5;8,5
Isole;Sardegna;SS;M259;0;32,5
Sud;Campania;CE;M260;0;0
Sud;Puglia;LE;M261;7,33;11,78
Sud;Puglia;LE;M263;4;28,08
Sud;Puglia;LE;M264;1;1
Nord Est;Friuli- Venezia Giulia;PN;M265;1;6,5
Sud;Puglia;FG;M266;4;2
Isole;Sicilia;PA;M268;6;2
Sud;Basilicata;PZ;M269;5,17;1
Isole;Sardegna;CA;M270;0;4
Isole;Sicilia;CT;M271;2;6
Centro;Lazio;RM;M272;78,66;389,75
Sud;Campania;NA;M273;7,89;15
Isole;Sardegna;SS;M274;11;56,66
Isole;Sardegna;SS;M275;4,66;74,91
Isole;Sardegna;SS;M276;0;2
Sud;Calabria;RC;M277;8,2;4
Isole;Sardegna;CA;M278;0;0
Isole;Sicilia;SR;M279;4,67;23
Sud;Campania;NA;M280;14,33;10
Isole;Sicilia;TP;M281;6;2,78
Isole;Sardegna;SS;M282;2;11
Isole;Sicilia;CT;M283;3;0,5
Isole;Sardegna;SS;M284;1;4
Isole;Sicilia;ME;M286;5;9
Isole;Sicilia;CT;M287;7,19;5,42
Isole;Sardegna;CA;M288;0;10,04
Sud;Campania;NA;M289;7,05;3
Isole;Sardegna;SS;M290;2;15,38
Isole;Sardegna;CA;M291;1;0
Isole;Sardegna;SS;M292;0;0
Sud;Campania;SA;M294;20,08;32,15
Centro;Lazio;RM;M295;22,87;64
Centro;Lazio;RM;M297;167,08;820,45
Sud;Puglia;TA;M298;12,17;33,96
Nord Est;Veneto;PD;M300;5,25;125,9
Isole;Sardegna;SS;M301;6;0
Nord Ovest;Piemonte;AT;M302;3;6,33
Nord Est;Veneto;VE;M308;23,25;243,87
Nord Ovest;Lombardia;BS;M312;36,22;258,86
Nord Ovest;Lombardia;CO;M315;23,5;40,5
Nord Ovest;Piemonte;TO;M316;46,5;123
Nord Est;Friuli- Venezia Giulia;UD;M317;11;67,67
Centro;Marche;AN;M318;12;89,5
Centro;Toscana;LU;M319;4;0
Nord Est;Emilia-Romagna;BO;M320;89,36;397,06
Centro;Toscana;FI;M321;56,77;160,44
Centro;Toscana;AR;M322;12,95;72,33
Nord Est;Emilia-Romagna;FE;M323;6;86,67
Nord Est;Emilia-Romagna;RN;M324;3;31,17
Nord Est;Emilia-Romagna;PR;M325;7;98,5
Centro;Toscana;FI;M326;27,06;90,17
Centro;Toscana;PI;M327;57,5;89,73
Centro;Toscana;PI;M328;27,91;39,2
Centro;Toscana;AR;M329;23,81;33,84
Sud;Campania;AV;M330;26,4;52,75
Centro;Marche;PS;M331;14,67;157
Nord Est;Veneto;BL;M332;4,5;31,5
Nord Ovest;Lombardia;BG;M333;12,16;52,55
Nord Ovest;Lombardia;BG;M334;6,67;27,36
Nord Ovest;Lombardia;CO;M335;12,31;47,56
Nord Ovest;Lombardia;CO;M336;17,89;66,33
Nord Ovest;Lombardia;LC;M337;9,81;57,06
Nord Ovest;Lombardia;PV;M338;3;3
Nord Ovest;Lombardia;VA;M339;21;36,83
Nord Ovest;Lombardia;MN;M340;32;247,06
Nord Ovest;Lombardia;CO;M341;53,33;57
Nord Est;Veneto;BL;M342;12,5;19
Nord Est;Friuli- Venezia Giulia;PN;M346;7;36
Centro;Toscana;LU;M347;0;2
Nord Ovest;Lombardia;LC;M348;19,56;61,7
Nord Est;Emilia-Romagna;RE;M364;38,58;53,75
Nord Est;Emilia-Romagna;PR;M367;2;19,34
Nord Est;Emilia-Romagna;RN;M368;6,17;83,05
Nord Est;Emilia-Romagna;BO;M369;28,25;55,39
Nord Ovest;Piemonte;VB;M370;4;0,5
Nord Ovest;Piemonte;BI;M371;4,67;18,95
Nord Ovest;Lombardia;PV;M372;7;18
Nord Ovest;Piemonte;BI;M373;6,5;5,5
Nord Est;Veneto;BL;M374;33,84;51,5
Nord Est;Veneto;BL;M375;25,17;38,88
Centro;Toscana;PT;M376;21,37;36,67
Centro;Toscana;PT;M377;20,5;48
Centro;Toscana;SI;M378;14;44,66
Centro;Marche;PS;M379;9;22
Centro;Marche;PS;M380;7,53;109,44
Nord Est;Emilia-Romagna;FE;M381;10,67;145,78
Centro;Marche;MC;M382;0,5;0
Nord Ovest;Lombardia;CO;M383;14,37;81,39
Nord Est;Veneto;VI;M384;1;16
Sud;Calabria;CS;M385;11;3
Nord Est;Emilia-Romagna;PC;M386;6;21
Nord Ovest;Liguria;IM;M387;5;1
Nord Ovest;Piemonte;AL;M388;3;15,58
Nord Ovest;Piemonte;VC;M389;5,36;0
Centro;Toscana;LI;M391;34,66;60,01
Centro;Toscana;AR;M392;15,37;29,5
Nord Ovest;Lombardia;LO;M393;1;10,5
Nord Ovest;Lombardia;CO;M394;11,43;47,51
Nord Ovest;Lombardia;LC;M395;5;4,17
Nord Ovest;Lombardia;MN;M396;9;71,78
Nord Ovest;Piemonte;AL;M397;1;13
Nord Ovest;Piemonte;VC;M398;9;6
Nord Est;Friuli- Venezia Giulia;UD;M399;1;5,89
Nord Est;Veneto;VI;M401;2;32,67
Nord Est;Veneto;PD;M402;5;47
Sud;Calabria;CS;M403;129,8;104,33
Nord Ovest;Piemonte;VB;M404;17;6
Nord Ovest;Piemonte;TO;M405;14;11
Nord Ovest;Lombardia;MN;M406;1;10
Centro;Toscana;FI;M408;28,66;105,39
Nord Est;Emilia-Romagna;FE;M409;14,5;79,34
Nord Est;Emilia-Romagna;FE;M410;12,83;67,6
Nord Est;Emilia-Romagna;PR;M411;32,33;155,83
Nord Ovest;Lombardia;CO;M412;17,22;52
Centro;Marche;PS;M413;3,5;20,17
Nord Ovest;Piemonte;BI;M414;2,5;17
Nord Ovest;Piemonte;TO;M415;3;12,5
Nord Ovest;Piemonte;NO;M416;9;35,25
Nord Ovest;Piemonte;BI;M417;43,41;82,88
Nord Ovest;Lombardia;CR;M418;8;27,75
Nord Ovest;Lombardia;PV;M419;13;7
Nord Ovest;Piemonte;AL;M420;6;11
Nord Est;Veneto;BL;M421;25;99,43
Nord Est;Veneto;TV;M422;12,5;36,18
Nord Est;Veneto;VI;M423;8,4;18,9
Nord Ovest;Lombardia;MI;M424;10,5;127,88
Nord Ovest;Lombardia;VA;M425;4;27
Nord Est;Veneto;VI;M426;4,5;33,67
Nord Est;Veneto;VI;M427;13,7;69,03
Sud;Puglia;LE;M428;7,5;17,75
Isole;Sicilia;TP;M432;13;6,5
