Area;Regione;Provincia;2023_CodCom;Comune;Cod_Istat
Nord Est;Veneto;PD;A001;ABANO TERME;28001
Nord Ovest;Lombardia;LO;A004;ABBADIA CERRETO;98001
Nord Ovest;Lombardia;LC;A005;ABBADIA LARIANA;97001
Centro;Toscana;SI;A006;ABBADIA SAN SALVATORE;52001
Isole;Sardegna;OR;A007;ABBASANTA;95001
Sud;Abruzzo;PE;A008;ABBATEGGIO;68001
Nord Ovest;Lombardia;MI;A010;ABBIATEGRASSO;15002
Sud;Basilicata;PZ;A013;ABRIOLA;76001
Isole;Sicilia;RG;A014;ACATE;88001
Sud;Puglia;FG;A015;ACCADIA;71001
Nord Ovest;Piemonte;CN;A016;ACCEGLIO;4001
Sud;Basilicata;MT;A017;ACCETTURA;77001
Sud;Abruzzo;AQ;A018;ACCIANO;66001
Centro;Lazio;RI;A019;ACCUMOLI;57001
Sud;Basilicata;PZ;A020;ACERENZA;76002
Sud;Campania;SA;A023;ACERNO;65001
Sud;Campania;NA;A024;ACERRA;63001
Isole;Sicilia;CT;A025;ACI BONACCORSI;87001
Isole;Sicilia;CT;A026;ACI CASTELLO;87002
Isole;Sicilia;CT;A027;ACI CATENA;87003
Isole;Sicilia;CT;A028;ACIREALE;87004
Isole;Sicilia;CT;A029;ACI SANT`ANTONIO;87005
Centro;Lazio;FR;A032;ACQUAFONDATA;60001
Sud;Calabria;CS;A033;ACQUAFORMOSA;78001
Nord Ovest;Lombardia;BS;A034;ACQUAFREDDA;17001
Centro;Marche;PS;A035;ACQUALAGNA;41001
Nord Ovest;Lombardia;MN;A038;ACQUANEGRA SUL CHIESE;20001
Nord Ovest;Lombardia;CR;A039;ACQUANEGRA CREMONESE;19001
Centro;Lazio;VT;A040;ACQUAPENDENTE;56001
Sud;Calabria;CS;A041;ACQUAPPESA;78002
Sud;Calabria;VV;A043;ACQUARO;102001
Centro;Marche;AP;A044;ACQUASANTA TERME;44001
Centro;Umbria;TR;A045;ACQUASPARTA;55001
Centro;Marche;AP;A047;ACQUAVIVA PICENA;44002
Sud;Puglia;BA;A048;ACQUAVIVA DELLE FONTI;72001
Isole;Sicilia;CL;A049;ACQUAVIVA PLATANI;85001
Sud;Molise;CB;A050;ACQUAVIVA COLLECROCE;70001
Sud;Molise;IS;A051;ACQUAVIVA D`ISERNIA;94001
Nord Ovest;Piemonte;AL;A052;ACQUI TERME;6001
Sud;Calabria;CS;A053;ACRI;78003
Centro;Lazio;FR;A054;ACUTO;60002
Sud;Puglia;BA;A055;ADELFIA;72002
Isole;Sicilia;CT;A056;ADRANO;87006
Nord Ovest;Lombardia;BG;A057;ADRARA SAN MARTINO;16001
Nord Ovest;Lombardia;BG;A058;ADRARA SAN ROCCO;16002
Nord Est;Veneto;RO;A059;ADRIA;29001
Nord Ovest;Lombardia;BS;A060;ADRO;17002
Nord Est;Veneto;VR;A061;AFFI;23001
Centro;Lazio;RM;A062;AFFILE;58001
Sud;Campania;NA;A064;AFRAGOLA;63002
Sud;Calabria;RC;A065;AFRICO;80001
Nord Est;Emilia-Romagna;PC;A067;AGAZZANO;33001
Sud;Campania;NA;A068;AGEROLA;63003
Isole;Sardegna;SS;A069;AGGIUS;90001
Isole;Sicilia;EN;A070;AGIRA;86001
Centro;Toscana;PT;A071;AGLIANA;47002
Nord Ovest;Piemonte;AT;A072;AGLIANO;5001
Nord Ovest;Piemonte;TO;A074;AGLIE`;1001
Nord Est;Veneto;PD;A075;AGNA;28002
Nord Ovest;Lombardia;CR;A076;AGNADELLO;19002
Sud;Calabria;RC;A077;AGNANA CALABRA;80002
Sud;Molise;IS;A080;AGNONE;94002
Centro;Lazio;FR;A081;VILLA LATINA;60088
Nord Ovest;Lombardia;BS;A082;AGNOSINE;17003
Nord Est;Veneto;BL;A083;AGORDO;25001
Centro;Lazio;RM;A084;AGOSTA;58002
Nord Ovest;Lombardia;VA;A085;AGRA;12001
Nord Ovest;Lombardia;MI;A087;AGRATE BRIANZA;108001
Nord Ovest;Piemonte;NO;A088;AGRATE CONTURBIA;3001
Isole;Sicilia;AG;A089;AGRIGENTO;84001
Sud;Campania;SA;A091;AGROPOLI;65002
Centro;Marche;AN;A092;AGUGLIANO;42001
Nord Est;Veneto;VI;A093;AGUGLIARO;24001
Nord Ovest;Valle d'Aosta;AO;A094;AYAS;7007
Nord Ovest;Lombardia;MI;A096;AICURZIO;108002
Isole;Sardegna;OR;A097;AIDOMAGGIORE;95002
Isole;Sicilia;EN;A098;AIDONE;86002
Sud;Abruzzo;AQ;A100;AIELLI;66002
Sud;Campania;AV;A101;AIELLO DEL SABATO;64001
Sud;Calabria;CS;A102;AIELLO CALABRO;78004
Sud;Calabria;CS;A105;AIETA;78005
Sud;Campania;CE;A106;AILANO;61001
Nord Ovest;Piemonte;BI;A107;AILOCHE;96001
Nord Ovest;Valle d'Aosta;AO;A108;AYMAVILLES;7008
Nord Ovest;Piemonte;TO;A109;AIRASCA;1002
Sud;Campania;BN;A110;AIROLA;62001
Nord Ovest;Liguria;IM;A111;AIROLE;8001
Nord Ovest;Lombardia;LC;A112;AIRUNO;97002
Nord Ovest;Piemonte;CN;A113;AISONE;4002
Isole;Sardegna;SS;A115;ALA` DEI SARDI;90002
Nord Ovest;Piemonte;TO;A117;ALA DI STURA;1003
Nord Ovest;Lombardia;PV;A118;ALAGNA;18001
Nord Ovest;Piemonte;VC;A119;ALAGNA VALSESIA;2002
Sud;Abruzzo;PE;A120;ALANNO;68002
Nord Est;Veneto;BL;A121;ALANO DI PIAVE;25002
Nord Ovest;Liguria;SV;A122;ALASSIO;9001
Centro;Lazio;FR;A123;ALATRI;60003
Nord Ovest;Piemonte;CN;A124;ALBA;4003
Sud;Abruzzo;TE;A125;ALBA ADRIATICA;67001
Isole;Sardegna;OR;A126;ALBAGIARA;95003
Nord Ovest;Lombardia;MI;A127;ALBAIRATE;15005
Sud;Campania;SA;A128;ALBANELLA;65003
Nord Ovest;Lombardia;BG;A129;ALBANO SANT`ALESSANDRO;16003
Nord Ovest;Piemonte;VC;A130;ALBANO VERCELLESE;2003
Sud;Basilicata;PZ;A131;ALBANO DI LUCANIA;76003
Centro;Lazio;RM;A132;ALBANO LAZIALE;58003
Nord Ovest;Lombardia;PV;A134;ALBAREDO ARNABOLDI;18002
Nord Ovest;Lombardia;SO;A135;ALBAREDO PER SAN MARCO;14001
Nord Est;Veneto;VR;A137;ALBAREDO D`ADIGE;23002
Nord Est;Emilia-Romagna;PR;A138;ALBARETO;34001
Nord Ovest;Piemonte;CN;A139;ALBARETTO DELLA TORRE;4004
Nord Ovest;Lombardia;CO;A143;ALBAVILLA;13003
Nord Ovest;Liguria;SV;A145;ALBENGA;9002
Nord Ovest;Piemonte;AL;A146;ALBERA LIGURE;6002
Sud;Puglia;BA;A149;ALBEROBELLO;72003
Sud;Puglia;FG;A150;ALBERONA;71002
Nord Ovest;Lombardia;CO;A153;ALBESE CON CASSANO;13004
Nord Est;Veneto;VI;A154;ALBETTONE;24002
Sud;Calabria;CZ;A155;ALBI;79002
Nord Ovest;Piemonte;TO;A157;ALBIANO D`IVREA;1004
Nord Ovest;Lombardia;MI;A159;ALBIATE;108003
Sud;Calabria;CS;A160;ALBIDONA;78006
Nord Est;Veneto;PD;A161;ALBIGNASEGO;28003
Nord Est;Emilia-Romagna;RE;A162;ALBINEA;35001
Nord Ovest;Lombardia;BG;A163;ALBINO;16004
Nord Ovest;Lombardia;CO;A164;ALBIOLO;13005
Nord Ovest;Liguria;SV;A165;ALBISSOLA MARINA;9003
Nord Ovest;Liguria;SV;A166;ALBISOLA SUPERIORE;9004
Nord Ovest;Lombardia;VA;A167;ALBIZZATE;12002
Nord Ovest;Lombardia;PV;A171;ALBONESE;18003
Nord Ovest;Lombardia;SO;A172;ALBOSAGGIA;14002
Nord Ovest;Piemonte;AT;A173;ALBUGNANO;5002
Nord Ovest;Lombardia;PV;A175;ALBUZZANO;18004
Isole;Sicilia;TP;A176;ALCAMO;81001
Isole;Sicilia;ME;A177;ALCARA LI FUSI;83001
Isole;Sardegna;OR;A180;ALES;95004
Isole;Sicilia;AG;A181;ALESSANDRIA DELLA ROCCA;84002
Nord Ovest;Piemonte;AL;A182;ALESSANDRIA;6003
Sud;Calabria;CS;A183;ALESSANDRIA D CARRETTO;78007
Sud;Puglia;LE;A184;ALESSANO;75002
Sud;Puglia;LE;A185;ALEZIO;75003
Sud;Campania;SA;A186;ALFANO;65004
Sud;Abruzzo;AQ;A187;ALFEDENA;66003
Nord Ovest;Lombardia;BS;A188;ALFIANELLO;17004
Nord Ovest;Piemonte;AL;A189;ALFIANO NATTA;6004
Nord Est;Emilia-Romagna;RA;A191;ALFONSINE;39001
Isole;Sardegna;SS;A192;ALGHERO;90003
Nord Ovest;Lombardia;BG;A193;ALGUA;16248
Isole;Sicilia;ME;A194;ALI`;83002
Isole;Sicilia;PA;A195;ALIA;82001
Sud;Basilicata;MT;A196;ALIANO;77002
Nord Ovest;Piemonte;AL;A197;ALICE BEL COLLE;6005
Nord Ovest;Piemonte;VC;A198;ALICE CASTELLO;2004
Sud;Campania;CE;A200;ALIFE;61002
Isole;Sicilia;ME;A201;ALI` TERME;83003
Isole;Sicilia;PA;A202;ALIMENA;82002
Isole;Sicilia;PA;A203;ALIMINUSA;82003
Isole;Sardegna;OR;A204;ALLAI;95005
Nord Ovest;Valle d'Aosta;AO;A205;ALLEIN;7001
Nord Est;Veneto;BL;A206;ALLEGHE;25003
Centro;Umbria;TR;A207;ALLERONA;55002
Sud;Puglia;LE;A208;ALLISTE;75004
Centro;Lazio;RM;A210;ALLUMIERE;58004
Nord Ovest;Lombardia;BG;A214;ALME`;16005
Nord Ovest;Lombardia;BG;A215;VILLA D`ALME;16239
Nord Ovest;Lombardia;BG;A216;ALMENNO SAN BARTOLOMEO;16006
Nord Ovest;Lombardia;BG;A217;ALMENNO SAN SALVATORE;16007
Nord Ovest;Piemonte;TO;A218;ALMESE;1006
Nord Est;Veneto;VI;A220;ALONTE;24003
Nord Ovest;Piemonte;TO;A221;ALPETTE;1007
Nord Ovest;Piemonte;TO;A222;ALPIGNANO;1008
Nord Est;Emilia-Romagna;PC;A223;ALSENO;33002
Nord Ovest;Lombardia;CO;A224;ALSERIO;13006
Sud;Puglia;BA;A225;ALTAMURA;72004
Nord Ovest;Liguria;SV;A226;ALTARE;9005
Nord Ovest;Piemonte;AL;A227;ALTAVILLA MONFERRATO;6007
Sud;Campania;AV;A228;ALTAVILLA IRPINA;64002
Isole;Sicilia;PA;A229;ALTAVILLA MILICIA;82004
Sud;Campania;SA;A230;ALTAVILLA SILENTINA;65005
Nord Est;Veneto;VI;A231;ALTAVILLA VICENTINA;24004
Centro;Marche;AP;A233;ALTIDONA;109001
Sud;Calabria;CS;A234;ALTILIA;78008
Sud;Abruzzo;CH;A235;ALTINO;69001
Nord Est;Veneto;VI;A236;ALTISSIMO;24005
Nord Est;Veneto;TV;A237;ALTIVOLE;26001
Nord Ovest;Piemonte;CN;A238;ALTO;4005
Isole;Sicilia;PA;A239;ALTOFONTE;82005
Sud;Calabria;CS;A240;ALTOMONTE;78009
Centro;Toscana;LU;A241;ALTOPASCIO;46001
Centro;Umbria;TR;A242;ALVIANO;55003
Sud;Campania;CE;A243;ALVIGNANO;61003
Centro;Lazio;FR;A244;ALVITO;60004
Nord Ovest;Piemonte;AL;A245;ALZANO SCRIVIA;6008
Nord Ovest;Lombardia;BG;A246;ALZANO LOMBARDO;16008
Nord Ovest;Lombardia;CO;A249;ALZATE BRIANZA;13007
Sud;Campania;SA;A251;AMALFI;65006
Centro;Marche;AP;A252;AMANDOLA;109002
Sud;Calabria;CS;A253;AMANTEA;78010
Nord Est;Friuli- Venezia Giulia;UD;A254;AMARO;30002
Sud;Calabria;CZ;A255;AMARONI;79003
Centro;Lazio;FR;A256;AMASENO;60005
Sud;Calabria;CZ;A257;AMATO;79004
Centro;Lazio;RI;A258;AMATRICE;57002
Nord Ovest;Lombardia;BG;A259;AMBIVERE;16009
Nord Ovest;Liguria;SP;A261;AMEGLIA;11001
Centro;Umbria;TR;A262;AMELIA;55004
Sud;Calabria;CS;A263;AMENDOLARA;78011
Nord Ovest;Piemonte;NO;A264;AMENO;3002
Sud;Campania;BN;A265;AMOROSI;62002
Nord Est;Friuli- Venezia Giulia;UD;A267;AMPEZZO;30003
Sud;Campania;NA;A268;ANACAPRI;63004
Centro;Lazio;FR;A269;ANAGNI;60006
Sud;Abruzzo;TE;A270;ANCARANO;67002
Centro;Marche;AN;A271;ANCONA;42002
Sud;Calabria;CZ;A272;ANDALI;79005
Nord Ovest;Lombardia;SO;A273;ANDALO VALTELLINO;14003
Nord Ovest;Piemonte;TO;A275;ANDEZENO;1009
Nord Ovest;Liguria;SV;A278;ANDORA;9006
Nord Ovest;Piemonte;BI;A280;ANDORNO MICCA;96002
Sud;Puglia;LE;A281;ANDRANO;75005
Nord Ovest;Piemonte;TO;A282;ANDRATE;1010
Nord Est;Friuli- Venezia Giulia;PN;A283;ANDREIS;93001
Sud;Campania;AV;A284;ANDRETTA;64003
Sud;Puglia;BA;A285;ANDRIA;110001
Isole;Sardegna;SS;A287;ANELA;90004
Nord Ovest;Lombardia;BS;A288;ANFO;17005
Nord Ovest;Lombardia;VA;A290;ANGERA;12003
Centro;Toscana;AR;A291;ANGHIARI;51001
Nord Est;Veneto;VR;A292;ANGIARI;23003
Nord Ovest;Lombardia;BS;A293;ANGOLO TERME;17006
Sud;Campania;SA;A294;ANGRI;65007
Nord Ovest;Piemonte;TO;A295;ANGROGNA;1011
Nord Est;Veneto;PD;A296;ANGUILLARA VENETA;28004
Centro;Lazio;RM;A297;ANGUILLARA SABAZIA;58005
Nord Ovest;Lombardia;CR;A299;ANNICCO;19003
Nord Ovest;Piemonte;AT;A300;CASTELLO DI ANNONE;5028
Nord Ovest;Lombardia;LC;A301;ANNONE DI BRIANZA;97003
Nord Est;Veneto;VE;A302;ANNONE VENETO;27001
Sud;Calabria;RC;A303;ANOIA;80003
Nord Ovest;Lombardia;BG;A304;ANTEGNATE;16010
Nord Ovest;Valle d'Aosta;AO;A305;ANTEY SAINT ANDRE`;7002
Nord Ovest;Valle d'Aosta;AO;A308;LA MAGDELEINE;7039
Centro;Lazio;RM;A309;ANTICOLI CORRADO;58006
Centro;Lazio;FR;A310;FIUGGI;60035
Nord Ovest;Piemonte;AT;A312;ANTIGNANO;5003
Isole;Sicilia;ME;A313;ANTILLO;83004
Sud;Calabria;RC;A314;ANTONIMINA;80004
Centro;Lazio;RI;A315;ANTRODOCO;57003
Nord Ovest;Piemonte;VB;A317;ANTRONA SCHIERANCO;103001
Sud;Abruzzo;AQ;A318;ANVERSA DEGLI ABRUZZI;66004
Nord Ovest;Lombardia;CO;A319;ANZANO DEL PARCO;13009
Sud;Puglia;FG;A320;ANZANO DI PUGLIA;71003
Sud;Basilicata;PZ;A321;ANZI;76004
Centro;Lazio;RM;A323;ANZIO;58007
Nord Est;Emilia-Romagna;BO;A324;ANZOLA DELL`EMILIA;37001
Nord Ovest;Piemonte;VB;A325;ANZOLA D OSSOLA;103002
Nord Ovest;Valle d'Aosta;AO;A326;AOSTA;7003
Centro;Marche;PS;A327;APECCHIO;41002
Sud;Campania;BN;A328;APICE;62003
Centro;Marche;MC;A329;APIRO;43002
Sud;Campania;BN;A330;APOLLOSA;62004
Nord Ovest;Lombardia;CO;A333;APPIANO GENTILE;13010
Centro;Marche;MC;A334;APPIGNANO;43003
Centro;Marche;AP;A335;APPIGNANO DEL TRONTO;44005
Nord Ovest;Lombardia;SO;A337;APRICA;14004
Nord Ovest;Liguria;IM;A338;APRICALE;8002
Sud;Puglia;FG;A339;APRICENA;71004
Sud;Calabria;CS;A340;APRIGLIANO;78012
Centro;Lazio;LT;A341;APRILIA;59001
Sud;Campania;SA;A343;AQUARA;65008
Nord Ovest;Liguria;IM;A344;AQUILA D`ARROSCIA;8003
Sud;Abruzzo;AQ;A345;L`AQUILA;66049
Sud;Campania;AV;A347;AQUILONIA;64004
Centro;Lazio;FR;A348;AQUINO;60007
Sud;Puglia;LE;A350;ARADEO;75006
Isole;Sicilia;AG;A351;ARAGONA;84003
Nord Ovest;Piemonte;AT;A352;ARAMENGO;5004
Nord Est;Friuli- Venezia Giulia;PN;A354;ARBA;93002
Isole;Sardegna;NU;A355;TORTOLI`;91095
Isole;Sardegna;OR;A357;ARBOREA;95006
Nord Ovest;Piemonte;VC;A358;ARBORIO;2006
Isole;Sardegna;CA;A359;ARBUS;111001
Nord Est;Veneto;TV;A360;ARCADE;26002
Centro;Lazio;FR;A363;ARCE;60008
Nord Ovest;Lombardia;BG;A365;ARCENE;16011
Centro;Marche;AN;A366;ARCEVIA;42003
Sud;Abruzzo;CH;A367;ARCHI;69002
Isole;Sardegna;OR;A368;SAN NICOLO` D`ARCIDANO;95046
Centro;Toscana;GR;A369;ARCIDOSSO;53001
Centro;Lazio;RM;A370;ARCINAZZO ROMANO;58008
Nord Ovest;Lombardia;VA;A371;ARCISATE;12004
Nord Ovest;Liguria;SP;A373;ARCOLA;11002
Nord Est;Veneto;VR;A374;ARCOLE;23004
Nord Ovest;Lombardia;MI;A375;ARCONATE;15007
Nord Ovest;Lombardia;MI;A376;ARCORE;108004
Nord Est;Veneto;VI;A377;ARCUGNANO;24006
Isole;Sardegna;SS;A379;ARDARA;90005
Isole;Sardegna;OR;A380;ARDAULI;95007
Nord Ovest;Lombardia;SO;A382;ARDENNO;14005
Nord Ovest;Lombardia;BG;A383;ARDESIO;16012
Sud;Calabria;RC;A385;ARDORE;80005
Sud;Calabria;VV;A386;ARENA;102002
Nord Ovest;Lombardia;PV;A387;ARENA PO;18005
Nord Ovest;Liguria;GE;A388;ARENZANO;10001
Nord Ovest;Lombardia;MI;A389;ARESE;15009
Centro;Toscana;AR;A390;AREZZO;51002
Nord Ovest;Lombardia;CO;A391;ARGEGNO;13011
Nord Est;Emilia-Romagna;BO;A392;ARGELATO;37002
Nord Est;Emilia-Romagna;FE;A393;ARGENTA;38001
Nord Ovest;Piemonte;CN;A394;ARGENTERA;4006
Nord Ovest;Piemonte;CN;A396;ARGUELLO;4007
Sud;Calabria;CZ;A397;ARGUSTO;79007
Sud;Abruzzo;CH;A398;ARI;69003
Sud;Campania;AV;A399;ARIANO IRPINO;64005
Nord Est;Veneto;RO;A400;ARIANO NEL POLESINE;29002
Centro;Lazio;RM;A401;ARICCIA;58009
Sud;Abruzzo;CH;A402;ARIELLI;69004
Sud;Campania;CE;A403;ARIENZO;61004
Nord Ovest;Piemonte;TO;A405;ARIGNANO;1012
Isole;Sardegna;NU;A407;ARITZO;91001
Nord Ovest;Piemonte;VB;A409;ARIZZANO;103003
Centro;Lazio;VT;A412;ARLENA DI CASTRO;56002
Nord Ovest;Lombardia;MI;A413;ARLUNO;15010
Nord Ovest;Piemonte;NO;A414;ARMENO;3006
Sud;Basilicata;PZ;A415;ARMENTO;76005
Nord Ovest;Liguria;IM;A418;ARMO;8004
Isole;Sardegna;CA;A419;ARMUNGIA;111002
Centro;Lazio;FR;A421;ARNARA;60009
Nord Ovest;Liguria;SV;A422;ARNASCO;9007
Nord Ovest;Valle d'Aosta;AO;A424;ARNAD;7004
Sud;Puglia;LE;A425;ARNESANO;75007
Nord Ovest;Piemonte;VB;A427;AROLA;103004
Nord Ovest;Piemonte;NO;A429;ARONA;3008
Nord Ovest;Lombardia;CO;A430;AROSIO;13012
Sud;Campania;BN;A431;ARPAIA;62005
Sud;Campania;BN;A432;ARPAISE;62006
Centro;Lazio;FR;A433;ARPINO;60010
Nord Est;Veneto;PD;A434;ARQUA` PETRARCA;28005
Nord Est;Veneto;RO;A435;ARQUA` POLESINE;29003
Nord Ovest;Piemonte;AL;A436;ARQUATA SCRIVIA;6009
Centro;Marche;AP;A437;ARQUATA DEL TRONTO;44006
Nord Est;Veneto;PD;A438;ARRE;28006
Centro;Umbria;TR;A439;ARRONE;55005
Nord Ovest;Lombardia;BG;A440;ARZAGO D`ADDA;16013
Nord Ovest;Lombardia;VA;A441;ARSAGO SEPRIO;12005
Nord Est;Veneto;BL;A443;ARSIE`;25004
Nord Est;Veneto;VI;A444;ARSIERO;24007
Sud;Abruzzo;TE;A445;ARSITA;67003
Centro;Lazio;RM;A446;ARSOLI;58010
Nord Est;Friuli- Venezia Giulia;UD;A447;ARTA TERME;30005
Nord Est;Friuli- Venezia Giulia;UD;A448;ARTEGNA;30006
Centro;Lazio;RM;A449;ARTENA;58011
Nord Ovest;Lombardia;BS;A451;ARTOGNE;17007
Nord Ovest;Valle d'Aosta;AO;A452;ARVIER;7005
Isole;Sardegna;SS;A453;ARZACHENA;90006
Isole;Sardegna;NU;A454;ARZANA;91002
Sud;Campania;NA;A455;ARZANO;63005
Nord Est;Veneto;PD;A458;ARZERGRANDE;28007
Nord Est;Veneto;VI;A459;ARZIGNANO;24008
Sud;Campania;SA;A460;ASCEA;65009
Centro;Toscana;SI;A461;ASCIANO;52002
Centro;Marche;AP;A462;ASCOLI PICENO;44007
Sud;Puglia;FG;A463;ASCOLI SATRIANO;71005
Centro;Lazio;RI;A464;ASCREA;57004
Nord Est;Veneto;VI;A465;ASIAGO;24009
Nord Ovest;Piemonte;VC;A466;ASIGLIANO VERCELLESE;2007
Nord Est;Veneto;VI;A467;ASIGLIANO VENETO;24010
Centro;Toscana;SI;A468;SINALUNGA;52033
Nord Ovest;Lombardia;MN;A470;ASOLA;20002
Nord Est;Veneto;TV;A471;ASOLO;26003
Centro;Lazio;RI;A472;CASPERIA;57012
Nord Ovest;Lombardia;MI;A473;ASSAGO;15011
Isole;Sardegna;CA;A474;ASSEMINI;92003
Centro;Umbria;PG;A475;ASSISI;54001
Nord Ovest;Lombardia;CO;A476;ASSO;13013
Isole;Sardegna;OR;A477;ASSOLO;95008
Isole;Sicilia;EN;A478;ASSORO;86003
Nord Ovest;Piemonte;AT;A479;ASTI;5005
Isole;Sardegna;OR;A480;ASUNI;95009
Sud;Abruzzo;AQ;A481;ATELETA;66005
Sud;Basilicata;PZ;A482;ATELLA;76006
Sud;Campania;SA;A484;ATENA LUCANA;65010
Sud;Abruzzo;CH;A485;ATESSA;69005
Centro;Lazio;FR;A486;ATINA;60011
Sud;Campania;SA;A487;ATRANI;65011
Sud;Abruzzo;TE;A488;ATRI;67004
Sud;Campania;AV;A489;ATRIPALDA;64006
Centro;Umbria;TR;A490;ATTIGLIANO;55006
Nord Est;Friuli- Venezia Giulia;UD;A491;ATTIMIS;30007
Isole;Sardegna;NU;A492;ATZARA;91003
Isole;Sicilia;SR;A494;AUGUSTA;89001
Sud;Campania;SA;A495;AULETTA;65012
Centro;Toscana;MS;A496;AULLA;45001
Nord Ovest;Piemonte;VB;A497;AURANO;103005
Nord Ovest;Liguria;IM;A499;AURIGO;8005
Nord Est;Veneto;BL;A501;AURONZO DI CADORE;25005
Centro;Lazio;FR;A502;AUSONIA;60012
Isole;Sardegna;NU;A503;AUSTIS;91004
Nord Ovest;Liguria;GE;A506;AVEGNO;10002
Sud;Campania;AV;A508;AVELLA;64007
Sud;Campania;AV;A509;AVELLINO;64008
Nord Ovest;Lombardia;BG;A511;AVERARA;16014
Sud;Campania;CE;A512;AVERSA;61005
Sud;Puglia;TA;A514;AVETRANA;73001
Sud;Abruzzo;AQ;A515;AVEZZANO;66006
Nord Est;Friuli- Venezia Giulia;PN;A516;AVIANO;93004
Nord Ovest;Lombardia;BG;A517;AVIATICO;16015
Nord Ovest;Piemonte;TO;A518;AVIGLIANA;1013
Sud;Basilicata;PZ;A519;AVIGLIANO;76007
Nord Ovest;Valle d'Aosta;AO;A521;AVISE;7006
Isole;Sicilia;SR;A522;AVOLA;89002
Nord Ovest;Piemonte;AL;A523;AVOLASCA;6010
Nord Ovest;Piemonte;TO;A525;AZEGLIO;1014
Nord Ovest;Lombardia;CR;A526;AZZANELLO;19004
Nord Ovest;Piemonte;AT;A527;AZZANO;5006
Nord Ovest;Lombardia;BG;A528;AZZANO SAN PAOLO;16016
Nord Ovest;Lombardia;BS;A529;AZZANO MELLA;17008
Nord Est;Friuli- Venezia Giulia;PN;A530;AZZANO DECIMO;93005
Nord Ovest;Lombardia;VA;A531;AZZATE;12006
Nord Ovest;Lombardia;VA;A532;AZZIO;12007
Nord Ovest;Lombardia;BG;A533;AZZONE;16017
Nord Ovest;Piemonte;VB;A534;BACENO;103006
Sud;Campania;NA;A535;BACOLI;63006
Nord Ovest;Liguria;IM;A536;BADALUCCO;8006
Nord Ovest;Lombardia;PV;A538;BADIA PAVESE;18006
Nord Est;Veneto;RO;A539;BADIA POLESINE;29004
Nord Est;Veneto;VR;A540;BADIA CALAVENA;23005
Centro;Toscana;AR;A541;BADIA TEDALDA;51003
Sud;Calabria;CZ;A542;BADOLATO;79008
Sud;Calabria;RC;A544;BAGALADI;80006
Isole;Sicilia;PA;A546;BAGHERIA;82006
Nord Est;Emilia-Romagna;RA;A547;BAGNACAVALLO;39002
Nord Ovest;Lombardia;PV;A550;BAGNARIA;18007
Nord Est;Emilia-Romagna;RA;A551;BAGNARA DI ROMAGNA;39003
Sud;Calabria;RC;A552;BAGNARA CALABRA;80007
Nord Est;Friuli- Venezia Giulia;UD;A553;BAGNARIA ARSA;30008
Nord Ovest;Piemonte;CN;A555;BAGNASCO;4008
Nord Ovest;Lombardia;BG;A557;BAGNATICA;16018
Centro;Toscana;LU;A560;BAGNI DI LUCCA;46002
Centro;Toscana;PT;A561;MONTECATINI TERME;47011
Centro;Toscana;PI;A562;SAN GIULIANO TERME;50031
Centro;Toscana;FI;A564;BAGNO A RIPOLI;48001
Nord Est;Emilia-Romagna;FO;A565;BAGNO DI ROMAGNA;40001
Sud;Campania;AV;A566;BAGNOLI IRPINO;64009
Sud;Molise;IS;A567;BAGNOLI DEL TRIGNO;94003
Nord Est;Veneto;PD;A568;BAGNOLI DI SOPRA;28008
Nord Ovest;Lombardia;BS;A569;BAGNOLO MELLA;17009
Nord Ovest;Lombardia;CR;A570;BAGNOLO CREMASCO;19005
Nord Ovest;Piemonte;CN;A571;BAGNOLO PIEMONTE;4009
Sud;Puglia;LE;A572;BAGNOLO DEL SALENTO;75008
Nord Est;Emilia-Romagna;RE;A573;BAGNOLO IN PIANO;35002
Nord Est;Veneto;RO;A574;BAGNOLO DI PO;29005
Nord Ovest;Lombardia;MN;A575;BAGNOLO SAN VITO;20003
Centro;Toscana;MS;A576;BAGNONE;45002
Centro;Lazio;VT;A577;BAGNOREGIO;56003
Nord Ovest;Lombardia;BS;A578;BAGOLINO;17010
Sud;Campania;CE;A579;BAIA E LATINA;61006
Sud;Campania;AV;A580;BAIANO;64010
Nord Ovest;Liguria;IM;A581;BAIARDO;8007
Nord Ovest;Piemonte;TO;A584;BAIRO;1015
Nord Est;Emilia-Romagna;RE;A586;BAISO;35003
Nord Ovest;Piemonte;TO;A587;BALANGERO;1016
Nord Ovest;Piemonte;AT;A588;BALDICHIERI D`ASTI;5007
Nord Ovest;Piemonte;CN;A589;BALDISSERO D`ALBA;4010
Nord Ovest;Piemonte;TO;A590;BALDISSERO CANAVESE;1017
Nord Ovest;Piemonte;TO;A591;BALDISSERO TORINESE;1018
Isole;Sicilia;PA;A592;BALESTRATE;82007
Nord Ovest;Liguria;SV;A593;BALESTRINO;9008
Nord Ovest;Lombardia;LC;A594;BALLABIO;97004
Isole;Sardegna;CA;A597;BALLAO;111003
Nord Ovest;Piemonte;TO;A599;BALME;1019
Nord Ovest;Piemonte;VC;A600;BALMUCCIA;2008
Nord Ovest;Piemonte;VC;A601;BALOCCO;2009
Sud;Abruzzo;AQ;A603;BALSORANO;66007
Sud;Basilicata;PZ;A604;BALVANO;76008
Nord Ovest;Piemonte;AL;A605;BALZOLA;6011
Isole;Sardegna;SS;A606;BANARI;90007
Nord Ovest;Piemonte;TO;A607;BANCHETTE;1020
Isole;Sardegna;OR;A609;VILLA VERDE;95073
Nord Ovest;Piemonte;VB;A610;BANNIO ANZINO;103007
Sud;Basilicata;PZ;A612;BANZI;76009
Nord Est;Veneto;PD;A613;BAONE;28009
Isole;Sardegna;OR;A614;BARADILI;95010
Sud;Basilicata;PZ;A615;BARAGIANO;76010
Sud;Molise;CB;A616;BARANELLO;70002
Sud;Campania;NA;A617;BARANO D`ISCHIA;63007
Nord Ovest;Lombardia;MI;A618;BARANZATE;15250
Nord Ovest;Lombardia;VA;A619;BARASSO;12008
Isole;Sardegna;OR;A621;BARATILI SAN PIETRO;95011
Nord Ovest;Piemonte;TO;A625;BARBANIA;1021
Centro;Marche;AN;A626;BARBARA;42004
Centro;Lazio;VT;A628;BARBARANO ROMANO;56004
Nord Ovest;Piemonte;CN;A629;BARBARESCO;4011
Nord Ovest;Lombardia;BS;A630;BARBARIGA;17011
Nord Ovest;Lombardia;BG;A631;BARBATA;16019
Centro;Toscana;FI;A632;BARBERINO DI MUGELLO;48002
Nord Ovest;Lombardia;PV;A634;BARBIANELLO;18008
Nord Est;Veneto;PD;A637;BARBONA;28010
Isole;Sicilia;ME;A638;BARCELLONA POZZO GOTTO;83005
Nord Est;Friuli- Venezia Giulia;PN;A640;BARCIS;93006
Nord Ovest;Valle d'Aosta;AO;A643;BARD;7009
Nord Est;Emilia-Romagna;PR;A646;BARDI;34002
Nord Ovest;Liguria;SV;A647;BARDINETO;9009
Nord Est;Veneto;VR;A650;BARDOLINO;23006
Nord Ovest;Piemonte;TO;A651;BARDONECCHIA;1022
Nord Ovest;Lombardia;MI;A652;BAREGGIO;15012
Nord Ovest;Piemonte;NO;A653;BARENGO;3012
Isole;Sardegna;OR;A655;BARESSA;95012
Sud;Abruzzo;AQ;A656;BARETE;66008
Centro;Toscana;LU;A657;BARGA;46003
Nord Ovest;Liguria;GE;A658;BARGAGLI;10003
Nord Ovest;Piemonte;CN;A660;BARGE;4012
Nord Ovest;Lombardia;BS;A661;BARGHE;17012
Sud;Puglia;BA;A662;BARI;72006
Isole;Sardegna;NU;A663;BARI SARDO;91005
Nord Ovest;Lombardia;BG;A664;BARIANO;16020
Nord Est;Emilia-Romagna;BO;A665;BARICELLA;37003
Sud;Basilicata;PZ;A666;BARILE;76011
Sud;Abruzzo;AQ;A667;BARISCIANO;66009
Nord Ovest;Lombardia;MI;A668;BARLASSINA;108005
Sud;Puglia;BA;A669;BARLETTA;110002
Nord Ovest;Lombardia;CO;A670;BARNI;13015
Nord Ovest;Piemonte;CN;A671;BAROLO;4013
Nord Ovest;Piemonte;TO;A673;BARONE CANAVESE;1023
Sud;Campania;SA;A674;BARONISSI;65013
Isole;Sicilia;EN;A676;BARRAFRANCA;86004
Isole;Sardegna;CA;A677;BARRALI;111004
Sud;Abruzzo;AQ;A678;BARREA;66010
Isole;Sardegna;CA;A681;BARUMINI;111005
Nord Ovest;Lombardia;LC;A683;BARZAGO;97005
Nord Ovest;Lombardia;BG;A684;BARZANA;16021
Nord Ovest;Lombardia;LC;A686;BARZANO`;97006
Nord Ovest;Lombardia;LC;A687;BARZIO;97007
Nord Ovest;Piemonte;AL;A689;BASALUZZO;6012
Nord Ovest;Lombardia;PV;A690;BASCAPE;18009
Centro;Umbria;TR;A691;BASCHI;55007
Sud;Abruzzo;TE;A692;BASCIANO;67005
Sud;Campania;BN;A696;BASELICE;62007
Nord Ovest;Lombardia;MI;A697;BASIANO;15014
Isole;Sicilia;ME;A698;BASICO`;83006
Nord Ovest;Lombardia;MI;A699;BASIGLIO;15015
Nord Est;Friuli- Venezia Giulia;UD;A700;BASILIANO;30009
Centro;Lazio;VT;A701;VASANELLO;56055
Nord Ovest;Lombardia;BS;A702;BASSANO BRESCIANO;17013
Nord Est;Veneto;VI;A703;BASSANO DEL GRAPPA;24012
Centro;Lazio;VT;A704;BASSANO ROMANO;56005
Nord Ovest;Lombardia;VA;A705;TRONZANO LAGO MAGGIORE;12129
Centro;Lazio;VT;A706;BASSANO IN TEVERINA;56006
Centro;Lazio;LT;A707;BASSIANO;59002
Nord Ovest;Piemonte;AL;A708;BASSIGNANA;6013
Nord Ovest;Piemonte;CN;A709;BASTIA MONDOVI;4014
Centro;Umbria;PG;A710;BASTIA UMBRA;54002
Nord Ovest;Lombardia;PV;A712;BASTIDA PANCARANA;18011
Nord Est;Emilia-Romagna;MO;A713;BASTIGLIA;36001
Nord Est;Veneto;PD;A714;BATTAGLIA TERME;28011
Nord Ovest;Piemonte;CN;A716;BATTIFOLLO;4015
Sud;Campania;SA;A717;BATTIPAGLIA;65014
Nord Ovest;Lombardia;PV;A718;BATTUDA;18012
Isole;Sicilia;PA;A719;BAUCINA;82008
Centro;Lazio;FR;A720;BOVILLE ERNICA;60014
Isole;Sardegna;OR;A721;BAULADU;95013
Isole;Sardegna;NU;A722;BAUNEI;91006
Nord Ovest;Piemonte;VB;A725;BAVENO;103008
Nord Ovest;Lombardia;VA;A728;BEDERO VALCUVIA;12010
Nord Ovest;Lombardia;BS;A729;BEDIZZOLE;17014
Nord Est;Emilia-Romagna;PR;A731;BEDONIA;34003
Nord Ovest;Lombardia;BG;A732;BEDULITA;16022
Nord Ovest;Piemonte;VB;A733;BEE;103009
Nord Ovest;Piemonte;TO;A734;BEINASCO;1024
Nord Ovest;Piemonte;CN;A735;BEINETTE;4016
Sud;Calabria;CZ;A736;BELCASTRO;79009
Nord Est;Veneto;VR;A737;BELFIORE;23007
Nord Ovest;Piemonte;AL;A738;BELFORTE MONFERRATO;6014
Centro;Marche;MC;A739;BELFORTE DEL CHIENTI;43004
Centro;Marche;PS;A740;BELFORTE ALL`ISAURO;41005
Nord Ovest;Lombardia;PV;A741;BELGIOIOSO;18013
Nord Ovest;Piemonte;VB;A742;BELGIRATE;103010
Sud;Basilicata;PZ;A743;BELLA;76012
Nord Ovest;Lombardia;LC;A745;BELLANO;97008
Sud;Abruzzo;TE;A746;BELLANTE;67006
Nord Est;Emilia-Romagna;RN;A747;BELLARIA IGEA MARINA;99001
Centro;Lazio;RM;A749;BELLEGRA;58012
Nord Ovest;Piemonte;CN;A750;BELLINO;4017
Nord Ovest;Lombardia;MI;A751;BELLINZAGO LOMBARDO;15016
Nord Ovest;Piemonte;NO;A752;BELLINZAGO NOVARESE;3016
Sud;Campania;CE;A755;BELLONA;61007
Sud;Campania;SA;A756;BELLOSGUARDO;65015
Nord Est;Veneto;BL;A757;BELLUNO;25006
Nord Ovest;Lombardia;MI;A759;BELLUSCO;108006
Centro;Marche;AP;A760;BELMONTE PICENO;109003
Sud;Molise;IS;A761;BELMONTE DEL SANNIO;94004
Sud;Calabria;CS;A762;BELMONTE CALABRO;78013
Centro;Lazio;FR;A763;BELMONTE CASTELLO;60013
Isole;Sicilia;PA;A764;BELMONTE MEZZAGNO;82009
Centro;Lazio;RI;A765;BELMONTE IN SABINA;57005
Isole;Sicilia;CT;A766;BELPASSO;87007
Sud;Calabria;CS;A768;BELSITO;78014
Centro;Marche;AN;A769;BELVEDERE OSTRENSE;42005
Nord Ovest;Piemonte;AT;A770;BELVEGLIO;5008
Nord Est;Emilia-Romagna;BO;A771;LIZZANO IN BELVEDERE;37033
Sud;Calabria;KR;A772;BELVEDERE DI SPINELLO;101001
Sud;Calabria;CS;A773;BELVEDERE MARITTIMO;78015
Nord Ovest;Piemonte;CN;A774;BELVEDERE LANGHE;4018
Isole;Sardegna;NU;A776;BELVI;91007
Nord Ovest;Lombardia;SO;A777;BEMA;14006
Nord Ovest;Lombardia;CO;A778;BENE LARIO;13021
Nord Ovest;Piemonte;CN;A779;BENE VAGIENNA;4019
Sud;Calabria;RC;A780;BENESTARE;80008
Isole;Sardegna;SS;A781;BENETUTTI;90008
Nord Ovest;Piemonte;CN;A782;BENEVELLO;4020
Sud;Campania;BN;A783;BENEVENTO;62008
Nord Ovest;Piemonte;BI;A784;BENNA;96003
Nord Est;Emilia-Romagna;BO;A785;BENTIVOGLIO;37005
Nord Ovest;Lombardia;BG;A786;BERBENNO;16023
Nord Ovest;Lombardia;SO;A787;BERBENNO DI VALTELLINA;14007
Nord Est;Emilia-Romagna;PR;A788;BERCETO;34004
Isole;Sardegna;SS;A789;BERCHIDDA;90009
Nord Ovest;Lombardia;CO;A791;BEREGAZZO CON FIGLIARO;13022
Nord Ovest;Lombardia;PV;A792;BEREGUARDO;18014
Nord Ovest;Piemonte;AL;A793;BERGAMASCO;6015
Nord Ovest;Lombardia;BG;A794;BERGAMO;16024
Nord Est;Veneto;RO;A795;BERGANTINO;29006
Nord Ovest;Liguria;SV;A796;BERGEGGI;9010
Nord Ovest;Piemonte;CN;A798;BERGOLO;4021
Nord Ovest;Lombardia;BS;A799;BERLINGO;17015
Sud;Basilicata;MT;A801;BERNALDA;77003
Nord Ovest;Lombardia;MI;A802;BERNAREGGIO;108007
Nord Ovest;Lombardia;MI;A804;BERNATE TICINO;15019
Nord Ovest;Piemonte;CN;A805;BERNEZZO;4022
Nord Est;Emilia-Romagna;FO;A809;BERTINORO;40003
Nord Est;Friuli- Venezia Giulia;UD;A810;BERTIOLO;30010
Nord Ovest;Lombardia;LO;A811;BERTONICO;98002
Nord Ovest;Piemonte;AT;A812;BERZANO DI SAN PIETRO;5009
Nord Ovest;Piemonte;AL;A813;BERZANO DI TORTONA;6016
Nord Ovest;Lombardia;BG;A815;BERZO SAN FERMO;16025
Nord Ovest;Lombardia;BS;A816;BERZO DEMO;17016
Nord Ovest;Lombardia;BS;A817;BERZO INFERIORE;17017
Nord Ovest;Lombardia;MI;A818;BESANA IN BRIANZA;108008
Nord Ovest;Lombardia;VA;A819;BESANO;12011
Nord Ovest;Lombardia;MI;A820;BESATE;15022
Nord Est;Emilia-Romagna;PC;A823;BESENZONE;33003
Nord Ovest;Lombardia;VA;A825;BESNATE;12012
Nord Ovest;Lombardia;VA;A826;BESOZZO;12013
Isole;Sardegna;SS;A827;BESSUDE;90010
Nord Est;Emilia-Romagna;PC;A831;BETTOLA;33004
Centro;Umbria;PG;A832;BETTONA;54003
Nord Ovest;Piemonte;VB;A834;BEURA CARDEZZA;103011
Centro;Umbria;PG;A835;BEVAGNA;54004
Nord Ovest;Liguria;SP;A836;BEVERINO;11003
Nord Est;Veneto;VR;A837;BEVILACQUA;23008
Isole;Sicilia;CT;A841;BIANCAVILLA;87008
Sud;Calabria;CS;A842;BIANCHI;78016
Sud;Calabria;RC;A843;BIANCO;80009
Nord Ovest;Piemonte;NO;A844;BIANDRATE;3018
Nord Ovest;Lombardia;VA;A845;BIANDRONNO;12014
Nord Ovest;Lombardia;BG;A846;BIANZANO;16026
Nord Ovest;Piemonte;VC;A847;BIANZE;2011
Nord Ovest;Lombardia;SO;A848;BIANZONE;14008
Nord Ovest;Lombardia;MI;A849;BIASSONO;108009
Nord Est;Emilia-Romagna;RE;A850;BIBBIANO;35004
Centro;Toscana;AR;A851;BIBBIENA;51004
Centro;Toscana;LI;A852;BIBBONA;49001
Nord Ovest;Piemonte;TO;A853;BIBIANA;1025
Sud;Puglia;FG;A854;BICCARI;71006
Nord Est;Friuli- Venezia Giulia;UD;A855;BICINICCO;30011
Isole;Sardegna;OR;A856;BIDONI`;95014
Centro;Lazio;VT;A857;BLERA;56007
Nord Ovest;Piemonte;BI;A859;BIELLA;96004
Nord Ovest;Lombardia;BS;A861;BIENNO;17018
Centro;Toscana;PI;A864;BIENTINA;50001
Nord Ovest;Lombardia;CO;A870;BINAGO;13023
Nord Ovest;Lombardia;MI;A872;BINASCO;15024
Sud;Puglia;BA;A874;BINETTO;72008
Nord Ovest;Piemonte;BI;A876;BIOGLIO;96005
Nord Ovest;Valle d'Aosta;AO;A877;BIONAZ;7010
Nord Ovest;Lombardia;BS;A878;BIONE;17019
Isole;Sardegna;NU;A880;BIRORI;91008
Sud;Campania;AV;A881;BISACCIA;64011
Isole;Sicilia;PA;A882;BISACQUINO;82010
Sud;Puglia;BA;A883;BISCEGLIE;110003
Sud;Abruzzo;AQ;A884;BISEGNA;66011
Sud;Abruzzo;TE;A885;BISENTI;67007
Sud;Calabria;CS;A887;BISIGNANO;78017
Nord Ovest;Piemonte;AL;A889;BISTAGNO;6017
Nord Ovest;Lombardia;VA;A891;BISUSCHIO;12015
Sud;Puglia;BA;A892;BITETTO;72010
Sud;Puglia;BA;A893;BITONTO;72011
Sud;Puglia;BA;A894;BITRITTO;72012
Isole;Sardegna;NU;A895;BITTI;91009
Isole;Sicilia;AG;A896;BIVONA;84004
Sud;Calabria;RC;A897;BIVONGI;80010
Nord Ovest;Lombardia;CO;A898;BIZZARONE;13024
Nord Ovest;Lombardia;BG;A903;BLELLO;16027
Nord Ovest;Lombardia;CO;A904;BLESSAGNO;13025
Nord Ovest;Lombardia;CO;A905;BLEVIO;13026
Nord Est;Veneto;PD;A906;BOARA PISANI;28012
Nord Est;Emilia-Romagna;PC;A909;BOBBIO;33005
Nord Ovest;Piemonte;TO;A910;BOBBIO PELLICE;1026
Nord Ovest;Piemonte;NO;A911;BOCA;3019
Sud;Calabria;CS;A912;BOCCHIGLIERO;78018
Nord Ovest;Piemonte;VC;A914;BOCCIOLETO;2014
Nord Ovest;Lombardia;VA;A918;BODIO LOMNAGO;12016
Nord Ovest;Lombardia;LO;A919;BOFFALORA D`ADDA;98003
Nord Ovest;Lombardia;MI;A920;BOFFALORA SOPRA TICINO;15026
Nord Ovest;Liguria;GE;A922;BOGLIASCO;10004
Nord Ovest;Piemonte;VB;A925;BOGNANCO;103012
Nord Ovest;Piemonte;NO;A929;BOGOGNO;3021
Sud;Molise;CB;A930;BOIANO;70003
Nord Ovest;Liguria;SV;A931;BOISSANO;9011
Nord Ovest;Liguria;SP;A932;BOLANO;11004
Nord Ovest;Lombardia;BG;A937;BOLGARE;16028
Nord Ovest;Lombardia;MI;A940;BOLLATE;15027
Nord Ovest;Piemonte;TO;A941;BOLLENGO;1027
Sud;Basilicata;MT;A942;NOVA SIRI;77018
Nord Est;Emilia-Romagna;BO;A944;BOLOGNA;37006
Sud;Abruzzo;PE;A945;BOLOGNANO;68003
Isole;Sicilia;PA;A946;BOLOGNETTA;82011
Centro;Marche;MC;A947;BOLOGNOLA;43005
Isole;Sardegna;NU;A948;BOLOTANA;91010
Centro;Lazio;VT;A949;BOLSENA;56008
Nord Ovest;Lombardia;BG;A950;BOLTIERE;16029
Nord Ovest;Piemonte;NO;A953;BOLZANO NOVARESE;3022
Nord Est;Veneto;VI;A954;BOLZANO VICENTINO;24013
Centro;Lazio;VT;A955;BOMARZO;56009
Sud;Abruzzo;CH;A956;BOMBA;69006
Isole;Sicilia;CL;A957;BOMPENSIERE;85002
Isole;Sicilia;PA;A958;BOMPIETRO;82012
Nord Est;Emilia-Romagna;MO;A959;BOMPORTO;36002
Isole;Sardegna;OR;A960;BONARCADO;95015
Nord Ovest;Liguria;SP;A961;BONASSOLA;11005
Nord Ovest;Lombardia;BG;A962;BONATE SOTTO;16031
Nord Ovest;Lombardia;BG;A963;BONATE SOPRA;16030
Nord Est;Veneto;VR;A964;BONAVIGO;23009
Nord Est;Emilia-Romagna;FE;A965;BONDENO;38003
Sud;Campania;BN;A970;BONEA;62009
Sud;Molise;CB;A971;BONEFRO;70004
Nord Ovest;Lombardia;CR;A972;BONEMERSE;19006
Sud;Calabria;CS;A973;BONIFATI;78019
Sud;Campania;AV;A975;BONITO;64012
Isole;Sardegna;SS;A976;BONNANARO;90011
Isole;Sardegna;SS;A977;BONO;90012
Isole;Sardegna;SS;A978;BONORVA;90013
Nord Ovest;Piemonte;CN;A979;BONVICINO;4023
Centro;Lazio;RI;A981;BORBONA;57006
Nord Est;Veneto;BL;A982;BORCA DI CADORE;25007
Nord Est;Friuli- Venezia Giulia;UD;A983;BORDANO;30012
Nord Ovest;Liguria;IM;A984;BORDIGHERA;8008
Nord Ovest;Lombardia;CR;A986;BORDOLANO;19007
Nord Est;Emilia-Romagna;PR;A987;BORE;34005
Nord Est;Emilia-Romagna;RE;A988;BORETTO;35005
Nord Ovest;Lombardia;PV;A989;BORGARELLO;18015
Nord Ovest;Piemonte;TO;A990;BORGARO TORINESE;1028
Isole;Sicilia;PA;A991;BORGETTO;82013
Nord Ovest;Liguria;SP;A992;BORGHETTO DI VARA;11006
Nord Ovest;Liguria;IM;A993;BORGHETTO D`ARROSCIA;8009
Nord Ovest;Lombardia;LO;A995;BORGHETTO LODIGIANO;98004
Centro;Lazio;RI;A996;BORGO VELINO;57008
Nord Ovest;Piemonte;AL;A998;BORGHETTO DI BORBERA;6018
Nord Ovest;Liguria;SV;A999;BORGHETTO SANTO SPIRITO;9012
Nord Est;Emilia-Romagna;FO;B001;BORGHI;40004
Sud;Calabria;CZ;B002;BORGIA;79011
Nord Ovest;Piemonte;TO;B003;BORGIALLO;1029
Nord Ovest;Liguria;SV;B005;BORGIO-VEREZZI;9013
Centro;Toscana;LU;B007;BORGO A MOZZANO;46004
Centro;Lazio;RI;B008;BORGOROSE;57007
Nord Ovest;Piemonte;VC;B009;BORGO D`ALE;2015
Nord Ovest;Lombardia;BG;B010;BORGO DI TERZO;16032
Nord Ovest;Lombardia;MN;B012;MOTTEGGIANA;20037
Nord Ovest;Lombardia;PV;B014;SUARDI;18154
Nord Ovest;Piemonte;TO;B015;BORGOFRANCO D`IVREA;1030
Nord Ovest;Piemonte;NO;B016;BORGOLAVEZZARO;3023
Nord Ovest;Lombardia;LO;B017;BORGO SAN GIOVANNI;98005
Nord Ovest;Piemonte;CN;B018;BORGOMALE;4024
Nord Ovest;Piemonte;NO;B019;BORGOMANERO;3024
Nord Ovest;Liguria;IM;B020;BORGOMARO;8010
Nord Ovest;Piemonte;TO;B021;BORGOMASINO;1031
Nord Ovest;Piemonte;TO;B024;BORGONE SUSA;1032
Nord Est;Emilia-Romagna;PC;B025;BORGONOVO VAL TIDONE;33006
Centro;Marche;PS;B026;BORGO PACE;41006
Nord Ovest;Lombardia;PV;B028;BORGO PRIOLO;18016
Nord Ovest;Piemonte;AL;B029;BORGORATTO ALESSANDRINO;6019
Nord Ovest;Lombardia;PV;B030;BORGORATTO MORMOROLO;18017
Nord Est;Veneto;PD;B031;BORGORICCO;28013
Nord Ovest;Piemonte;CN;B033;BORGO SAN DALMAZZO;4025
Nord Est;Emilia-Romagna;PR;B034;FIDENZA;34014
Nord Ovest;Lombardia;BS;B035;BORGO SAN GIACOMO;17020
Centro;Toscana;FI;B036;BORGO SAN LORENZO;48004
Nord Ovest;Piemonte;AL;B037;BORGO SAN MARTINO;6020
Nord Ovest;Lombardia;PV;B038;BORGO SAN SIRO;18018
Nord Ovest;Lombardia;BS;B040;BORGOSATOLLO;17021
Nord Ovest;Piemonte;VC;B041;BORGOSESIA;2016
Nord Est;Emilia-Romagna;PR;B042;BORGO VAL DI TARO;34006
Nord Ovest;Piemonte;NO;B043;BORGO TICINO;3025
Nord Est;Emilia-Romagna;BO;B044;BORGO TOSSIGNANO;37007
Nord Ovest;Piemonte;VC;B046;BORGO VERCELLI;2017
Nord Ovest;Liguria;SV;B048;BORMIDA;9014
Nord Ovest;Lombardia;SO;B049;BORMIO;14009
Nord Ovest;Lombardia;PV;B051;BORNASCO;18019
Nord Ovest;Lombardia;BS;B054;BORNO;17022
Isole;Sardegna;OR;B055;BORONEDDU;95016
Isole;Sardegna;NU;B056;BORORE;91011
Sud;Abruzzo;CH;B057;BORRELLO;69007
Nord Ovest;Piemonte;BI;B058;BORRIANA;96006
Nord Est;Veneto;TV;B061;BORSO DEL GRAPPA;26004
Isole;Sardegna;NU;B062;BORTIGALI;91012
Isole;Sardegna;SS;B063;BORTIGIADAS;90014
Isole;Sardegna;SS;B064;BORUTTA;90015
Nord Ovest;Liguria;GE;B067;BORZONASCA;10005
Isole;Sardegna;NU;B068;BOSA;95079
Nord Est;Veneto;RO;B069;BOSARO;29007
Nord Est;Veneto;VR;B070;BOSCHI SANT`ANNA;23010
Nord Ovest;Piemonte;AL;B071;BOSCO MARENGO;6021
Nord Est;Veneto;VR;B073;BOSCO CHIESANUOVA;23011
Nord Ovest;Piemonte;TO;B075;BOSCONERO;1033
Sud;Campania;NA;B076;BOSCOREALE;63008
Sud;Campania;NA;B077;BOSCOTRECASE;63009
Nord Ovest;Piemonte;CN;B079;BOSIA;4026
Nord Ovest;Piemonte;AL;B080;BOSIO;6022
Nord Ovest;Lombardia;LC;B081;BOSISIO PARINI;97009
Nord Ovest;Lombardia;PV;B082;BOSNASCO;18020
Nord Ovest;Lombardia;BG;B083;BOSSICO;16033
Nord Ovest;Piemonte;CN;B084;BOSSOLASCO;4027
Sud;Calabria;CZ;B085;BOTRICELLO;79012
Sud;Puglia;LE;B086;BOTRUGNO;75009
Nord Ovest;Lombardia;BG;B088;BOTTANUCO;16034
Nord Ovest;Lombardia;BS;B091;BOTTICINO;17023
Isole;Sardegna;SS;B094;BOTTIDDA;90016
Sud;Calabria;RC;B097;BOVA;80011
Sud;Calabria;RC;B098;BOVALINO;80012
Sud;Calabria;RC;B099;BOVA MARINA;80013
Nord Ovest;Lombardia;BS;B100;BOVEGNO;17024
Nord Ovest;Piemonte;CN;B101;BOVES;4028
Nord Ovest;Lombardia;BS;B102;BOVEZZO;17025
Sud;Puglia;FG;B104;BOVINO;71007
Nord Ovest;Lombardia;MI;B105;BOVISIO MASCIAGO;108010
Nord Est;Veneto;PD;B106;BOVOLENTA;28014
Nord Est;Veneto;VR;B107;BOVOLONE;23012
Nord Ovest;Piemonte;AL;B109;BOZZOLE;6023
Nord Ovest;Lombardia;MN;B110;BOZZOLO;20007
Nord Ovest;Piemonte;CN;B111;BRA;4029
Nord Ovest;Lombardia;BG;B112;BRACCA;16035
Centro;Lazio;RM;B114;BRACCIANO;58013
Sud;Campania;SA;B115;BRACIGLIANO;65016
Nord Ovest;Lombardia;PV;B117;BRALLO DI PREGOLA;18021
Sud;Calabria;RC;B118;BRANCALEONE;80014
Nord Ovest;Lombardia;BS;B120;BRANDICO;17026
Nord Ovest;Piemonte;TO;B121;BRANDIZZO;1034
Nord Ovest;Lombardia;BG;B123;BRANZI;16036
Nord Ovest;Lombardia;BS;B124;BRAONE;17027
Nord Ovest;Lombardia;VA;B126;BREBBIA;12017
Nord Est;Veneto;TV;B128;BREDA DI PIAVE;26005
Nord Ovest;Lombardia;CR;B129;CASTELVERDE;19026
Nord Est;Veneto;VI;B132;BREGANZE;24014
Nord Ovest;Lombardia;CO;B134;BREGNANO;13028
Nord Ovest;Lombardia;BG;B137;BREMBATE;16037
Nord Ovest;Lombardia;BG;B138;BREMBATE DI SOPRA;16038
Nord Ovest;Lombardia;LO;B141;BREMBIO;98006
Nord Ovest;Lombardia;PV;B142;BREME;18022
Nord Est;Veneto;VI;B143;BRENDOLA;24015
Nord Ovest;Lombardia;CO;B144;BRENNA;13029
Nord Ovest;Lombardia;BS;B149;BRENO;17028
Nord Ovest;Lombardia;VA;B150;BRENTA;12019
Nord Est;Veneto;VR;B152;BRENTINO BELLUNO;23013
Nord Est;Veneto;VR;B154;BRENZONE;23014
Nord Est;Emilia-Romagna;RE;B156;BRESCELLO;35006
Nord Ovest;Lombardia;BS;B157;BRESCIA;17029
Nord Ovest;Lombardia;PV;B159;BRESSANA BOTTARONE;18023
Nord Est;Veneto;VI;B161;BRESSANVIDO;24016
Nord Ovest;Lombardia;MI;B162;BRESSO;15032
Nord Ovest;Lombardia;VA;B166;BREZZO DI BEDERO;12020
Nord Ovest;Piemonte;CN;B167;BRIAGLIA;4030
Sud;Calabria;VV;B169;BRIATICO;102003
Nord Ovest;Piemonte;TO;B171;BRICHERASIO;1035
Nord Ovest;Lombardia;CO;B172;BRIENNO;13030
Sud;Basilicata;PZ;B173;BRIENZA;76013
Nord Ovest;Piemonte;CN;B175;BRIGA ALTA;4031
Nord Ovest;Piemonte;NO;B176;BRIGA NOVARESE;3026
Nord Ovest;Lombardia;BG;B178;BRIGNANO GERA D`ADDA;16040
Nord Ovest;Piemonte;AL;B179;BRIGNANO-FRASCATA;6024
Sud;Puglia;BR;B180;BRINDISI;74001
Sud;Basilicata;PZ;B181;BRINDISI MONTAGNA;76014
Nord Ovest;Lombardia;VA;B182;BRINZIO;12021
Nord Ovest;Piemonte;NO;B183;BRIONA;3027
Nord Ovest;Lombardia;BS;B184;BRIONE;17030
Nord Ovest;Lombardia;MI;B187;BRIOSCO;108011
Nord Est;Emilia-Romagna;RA;B188;BRISIGHELLA;39004
Nord Ovest;Lombardia;VA;B191;BRISSAGO-VALTRAVAGLIA;12022
Nord Ovest;Valle d'Aosta;AO;B192;BRISSOGNE;7011
Sud;Abruzzo;PE;B193;BRITTOLI;68004
Nord Ovest;Lombardia;LC;B194;BRIVIO;97010
Centro;Lazio;FR;B195;BROCCOSTELLA;60015
Nord Est;Veneto;VI;B196;BROGLIANO;24017
Sud;Calabria;VV;B197;BROGNATURO;102004
Isole;Sicilia;ME;B198;BROLO;83007
Nord Ovest;Piemonte;CN;B200;BRONDELLO;4032
Nord Ovest;Lombardia;PV;B201;BRONI;18024
Isole;Sicilia;CT;B202;BRONTE;87009
Nord Ovest;Piemonte;CN;B204;BROSSASCO;4033
Nord Ovest;Piemonte;TO;B205;BROSSO;1036
Nord Ovest;Piemonte;VB;B207;BROVELLO CARPUGNINO;103013
Nord Ovest;Piemonte;TO;B209;BROZOLO;1037
Nord Ovest;Lombardia;MI;B212;BRUGHERIO;108012
Nord Est;Veneto;PD;B213;BRUGINE;28015
Nord Ovest;Liguria;SP;B214;BRUGNATO;11007
Nord Est;Friuli- Venezia Giulia;PN;B215;BRUGNERA;93007
Nord Ovest;Piemonte;TO;B216;BRUINO;1038
Nord Ovest;Lombardia;BG;B217;BRUMANO;16041
Nord Ovest;Lombardia;CO;B218;BRUNATE;13032
Nord Ovest;Lombardia;VA;B219;BRUNELLO;12023
Nord Ovest;Piemonte;AT;B221;BRUNO;5010
Nord Ovest;Lombardia;BG;B223;BRUSAPORTO;16042
Nord Ovest;Piemonte;TO;B225;BRUSASCO;1039
Sud;Campania;NA;B227;BRUSCIANO;63010
Nord Ovest;Lombardia;VA;B228;BRUSIMPIANO;12024
Nord Ovest;Piemonte;BI;B229;BRUSNENGO;96007
Nord Ovest;Valle d'Aosta;AO;B230;BRUSSON;7012
Nord Ovest;Piemonte;TO;B232;BRUZOLO;1040
Sud;Calabria;RC;B234;BRUZZANO ZEFFIRIO;80015
Nord Ovest;Lombardia;MI;B235;BUBBIANO;15035
Nord Ovest;Piemonte;AT;B236;BUBBIO;5011
Isole;Sicilia;SR;B237;BUCCHERI;89003
Sud;Abruzzo;CH;B238;BUCCHIANICO;69008
Sud;Campania;BN;B239;BUCCIANO;62010
Nord Ovest;Lombardia;MI;B240;BUCCINASCO;15036
Sud;Campania;SA;B242;BUCCINO;65017
Centro;Toscana;AR;B243;BUCINE;51005
Isole;Sardegna;SS;B246;BUDDUSO`;90017
Nord Est;Friuli- Venezia Giulia;PN;B247;BUDOIA;93008
Isole;Sardegna;NU;B248;BUDONI;90091
Nord Est;Emilia-Romagna;BO;B249;BUDRIO;37008
Isole;Sardegna;CA;B250;BUGGERRU;111006
Centro;Toscana;PT;B251;BUGGIANO;47003
Nord Ovest;Lombardia;SO;B255;BUGLIO IN MONTE;14010
Sud;Abruzzo;AQ;B256;BUGNARA;66012
Nord Ovest;Lombardia;VA;B258;BUGUGGIATE;12025
Nord Est;Friuli- Venezia Giulia;UD;B259;BUJA;30013
Nord Ovest;Lombardia;LC;B261;BULCIAGO;97011
Nord Ovest;Lombardia;CO;B262;BULGAROGRASSO;13034
Isole;Sardegna;SS;B264;BULTEI;90018
Isole;Sardegna;SS;B265;BULZI;90019
Sud;Campania;SA;B266;BUONABITACOLO;65018
Sud;Campania;BN;B267;BUONALBERGO;62011
Sud;Abruzzo;CH;B268;MONTEBELLO SUL SANGRO;69009
Centro;Toscana;SI;B269;BUONCONVENTO;52003
Sud;Calabria;CS;B270;BUONVICINO;78020
Nord Ovest;Lombardia;MI;B272;BURAGO DI MOLGORA;108013
Isole;Sardegna;CA;B274;BURCEI;111007
Isole;Sicilia;AG;B275;BURGIO;84005
Isole;Sardegna;SS;B276;BURGOS;90020
Nord Ovest;Piemonte;TO;B278;BURIASCO;1041
Nord Ovest;Piemonte;TO;B279;BUROLO;1042
Nord Ovest;Piemonte;VC;B280;BURONZO;2021
Isole;Sardegna;OR;B281;BUSACHI;95017
Nord Ovest;Liguria;GE;B282;BUSALLA;10006
Nord Ovest;Piemonte;TO;B284;BUSANO;1043
Nord Ovest;Piemonte;CN;B285;BUSCA;4034
Nord Ovest;Lombardia;MI;B286;BUSCATE;15038
Isole;Sicilia;SR;B287;BUSCEMI;89004
Isole;Sicilia;TP;B288;BUSETO PALIZZOLO;81002
Nord Ovest;Lombardia;MI;B289;BUSNAGO;108051
Nord Ovest;Lombardia;MI;B292;BUSSERO;15040
Nord Est;Emilia-Romagna;PR;B293;BUSSETO;34007
Sud;Abruzzo;PE;B294;BUSSI SUL TIRINO;68005
Sud;Molise;CB;B295;BUSSO;70005
Nord Est;Veneto;VR;B296;BUSSOLENGO;23015
Nord Ovest;Piemonte;TO;B297;BUSSOLENO;1044
Nord Ovest;Lombardia;VA;B300;BUSTO ARSIZIO;12026
Nord Ovest;Lombardia;MI;B301;BUSTO GAROLFO;15041
Isole;Sicilia;CL;B302;BUTERA;85003
Centro;Toscana;PI;B303;BUTI;50002
Nord Est;Veneto;VR;B304;BUTTAPIETRA;23016
Nord Ovest;Piemonte;TO;B305;BUTTIGLIERA ALTA;1045
Nord Ovest;Piemonte;AT;B306;BUTTIGLIERA D`ASTI;5012
Nord Est;Friuli- Venezia Giulia;UD;B309;BUTTRIO;30014
Nord Ovest;Lombardia;BG;B310;SAN PAOLO D`ARGON;16189
Nord Ovest;Piemonte;AL;B311;CABELLA LIGURE;6025
Nord Ovest;Lombardia;VA;B312;CASTELLO CABIAGLIO;12043
Nord Ovest;Lombardia;CO;B313;CABIATE;13035
Isole;Sardegna;OR;B314;CABRAS;95018
Isole;Sicilia;PA;B315;CACCAMO;82014
Sud;Molise;IS;B317;POGGIO SANNITA;94037
Sud;Calabria;KR;B319;CACCURI;101002
Nord Ovest;Lombardia;VA;B326;CADEGLIANO-VICONAGO;12027
Nord Est;Emilia-Romagna;RE;B328;CADELBOSCO DI SOPRA;35008
Nord Est;Emilia-Romagna;PC;B332;CADEO;33007
Nord Est;Veneto;PD;B345;CADONEGHE;28016
Nord Ovest;Lombardia;CO;B346;CADORAGO;13036
Nord Est;Veneto;TV;B349;CAERANO DI SAN MARCO;26006
Nord Ovest;Piemonte;TO;B350;CAFASSE;1046
Sud;Campania;SA;B351;CAGGIANO;65019
Centro;Marche;PS;B352;CAGLI;41007
Isole;Sardegna;CA;B354;CAGLIARI;92009
Nord Ovest;Lombardia;CO;B355;CAGLIO;13037
Sud;Puglia;FG;B357;CAGNANO VARANO;71008
Sud;Abruzzo;AQ;B358;CAGNANO AMITERNO;66013
Sud;Campania;CE;B361;CAIANELLO;61008
Sud;Campania;CE;B362;CAIAZZO;61009
Nord Ovest;Lombardia;BS;B365;CAINO;17031
Nord Ovest;Lombardia;SO;B366;CAIOLO;14011
Sud;Campania;AV;B367;CAIRANO;64013
Nord Ovest;Lombardia;VA;B368;CAIRATE;12029
Nord Ovest;Liguria;SV;B369;CAIRO MONTENOTTE;9015
Sud;Campania;NA;B371;CAIVANO;63011
Sud;Campania;AV;B374;CALABRITTO;64014
Nord Est;Veneto;BL;B375;CALALZO DI CADORE;25008
Nord Ovest;Piemonte;AT;B376;CALAMANDRANA;5013
Isole;Sicilia;AG;B377;CALAMONACI;84006
Isole;Sardegna;SS;B378;CALANGIANUS;90021
Sud;Calabria;RC;B379;CALANNA;80016
Nord Ovest;Piemonte;VB;B380;CALASCA CASTIGLIONE;103014
Isole;Sicilia;EN;B381;CALASCIBETTA;86005
Sud;Abruzzo;AQ;B382;CALASCIO;66014
Isole;Sardegna;CA;B383;CALASETTA;111008
Isole;Sicilia;CT;B384;CALATABIANO;87010
Isole;Sicilia;TP;B385;CALATAFIMI SEGESTA;81003
Nord Ovest;Lombardia;PV;B387;LUNGAVILLA;18084
Centro;Lazio;VT;B388;CALCATA;56010
Centro;Toscana;PI;B390;CALCI;50003
Sud;Basilicata;MT;B391;CALCIANO;77004
Centro;Toscana;PI;B392;CALCINAIA;50004
Nord Ovest;Lombardia;BG;B393;CALCINATE;16043
Nord Ovest;Lombardia;BS;B394;CALCINATO;17032
Nord Ovest;Lombardia;BG;B395;CALCIO;16044
Nord Ovest;Lombardia;LC;B396;CALCO;97012
Centro;Marche;MC;B398;CALDAROLA;43006
Nord Est;Emilia-Romagna;BO;B399;CALDERARA DI RENO;37009
Nord Est;Veneto;VR;B402;CALDIERO;23017
Nord Est;Veneto;VI;B403;CALDOGNO;24018
Nord Est;Emilia-Romagna;PC;B405;CALENDASCO;33008
Centro;Toscana;FI;B406;CALENZANO;48005
Nord Est;Emilia-Romagna;PR;B408;CALESTANO;34008
Nord Ovest;Liguria;SV;B409;CALICE LIGURE;9016
Nord Ovest;Liguria;SP;B410;CALICE AL CORNOVIGLIO;11008
Sud;Puglia;LE;B413;CALIMERA;75010
Sud;Campania;AV;B415;CALITRI;64015
Nord Ovest;Liguria;SV;B416;CALIZZANO;9017
Nord Ovest;Piemonte;BI;B417;CALLABIANA;96008
Nord Ovest;Piemonte;AT;B418;CALLIANO MONFERRATO;5014
Nord Ovest;Lombardia;LC;B423;CALOLZIOCORTE;97013
Sud;Calabria;CS;B424;CALOPEZZATI;78021
Nord Ovest;Piemonte;AT;B425;CALOSSO;5015
Sud;Calabria;CS;B426;CALOVETO;78022
Isole;Sicilia;AG;B427;CALTABELLOTTA;84007
Isole;Sicilia;CT;B428;CALTAGIRONE;87011
Isole;Sicilia;CL;B429;CALTANISSETTA;85004
Isole;Sicilia;PA;B430;CALTAVUTURO;82015
Nord Ovest;Piemonte;NO;B431;CALTIGNAGA;3030
Nord Est;Veneto;RO;B432;CALTO;29008
Nord Est;Veneto;VI;B433;CALTRANO;24019
Nord Ovest;Lombardia;BG;B434;CALUSCO D`ADDA;16046
Nord Ovest;Piemonte;TO;B435;CALUSO;1047
Nord Ovest;Lombardia;BS;B436;CALVAGESE DELLA RIVIERA;17033
Sud;Campania;SA;B437;CALVANICO;65020
Nord Ovest;Lombardia;CR;B439;CALVATONE;19009
Sud;Basilicata;PZ;B440;CALVELLO;76015
Nord Est;Veneto;VI;B441;CALVENE;24020
Nord Ovest;Lombardia;BG;B442;CALVENZANO;16047
Sud;Basilicata;PZ;B443;CALVERA;76016
Sud;Campania;BN;B444;CALVI;62012
Sud;Campania;CE;B445;CALVI RISORTA;61010
Centro;Umbria;TR;B446;CALVI DELL`UMBRIA;55008
Nord Ovest;Lombardia;PV;B447;CALVIGNANO;18025
Nord Ovest;Lombardia;MI;B448;CALVIGNASCO;15042
Nord Ovest;Lombardia;BS;B450;CALVISANO;17034
Sud;Campania;NA;B452;CALVIZZANO;63012
Nord Ovest;Piemonte;AL;B453;CAMAGNA MONFERRATO;6026
Centro;Toscana;LU;B455;CAMAIORE;46005
Nord Ovest;Piemonte;BI;B457;CAMANDONA;96009
Isole;Sicilia;AG;B460;CAMASTRA;84008
Nord Ovest;Lombardia;MI;B461;CAMBIAGO;15044
Nord Ovest;Piemonte;TO;B462;CAMBIANO;1048
Nord Ovest;Piemonte;VB;B463;CAMBIASCA;103015
Nord Ovest;Piemonte;BI;B465;CAMBURZANO;96010
Sud;Molise;IS;B466;SANT`ELENA SANNITA;94047
Nord Ovest;Piemonte;CN;B467;CAMERANA;4035
Centro;Marche;AN;B468;CAMERANO;42006
Nord Ovest;Piemonte;AT;B469;CAMERANO CASASCO;5016
Centro;Marche;AN;B470;CAMERATA PICENA;42007
Nord Ovest;Lombardia;BG;B471;CAMERATA CORNELLO;16048
Centro;Lazio;RM;B472;CAMERATA NUOVA;58014
Nord Ovest;Piemonte;NO;B473;CAMERI;3032
Centro;Marche;MC;B474;CAMERINO;43007
Sud;Campania;SA;B476;CAMEROTA;65021
Sud;Campania;CE;B477;CAMIGLIANO;61011
Sud;Calabria;RC;B481;CAMINI;80017
Nord Ovest;Piemonte;AL;B482;CAMINO;6027
Nord Est;Friuli- Venezia Giulia;UD;B483;CAMINO AL TAGLIAMENTO;30015
Nord Ovest;Lombardia;CR;B484;CAMISANO;19010
Nord Est;Veneto;VI;B485;CAMISANO VICENTINO;24021
Isole;Sicilia;AG;B486;CAMMARATA;84009
Nord Ovest;Liguria;GE;B490;CAMOGLI;10007
Nord Ovest;Valle d'Aosta;AO;B491;CHAMOIS;7016
Sud;Campania;SA;B492;CAMPAGNA;65022
Nord Est;Veneto;VE;B493;CAMPAGNA LUPIA;27002
Sud;Campania;CE;B494;CASTEL CAMPAGNANO;61023
Centro;Lazio;RM;B496;CAMPAGNANO DI ROMA;58015
Centro;Toscana;GR;B497;CAMPAGNATICO;53002
Nord Ovest;Lombardia;CR;B498;CAMPAGNOLA CREMASCA;19011
Nord Est;Emilia-Romagna;RE;B499;CAMPAGNOLA EMILIA;35009
Sud;Calabria;CS;B500;CAMPANA;78023
Nord Ovest;Lombardia;MI;B501;CAMPARADA;108014
Nord Est;Emilia-Romagna;RE;B502;CAMPEGINE;35010
Centro;Umbria;PG;B504;CAMPELLO SUL CLITUNNO;54005
Nord Ovest;Piemonte;VC;B505;CAMPERTOGNO;2025
Sud;Puglia;LE;B506;CAMPI SALENTINA;75011
Centro;Toscana;FI;B507;CAMPI BISENZIO;48006
Centro;Toscana;LI;B509;CAMPIGLIA MARITTIMA;49002
Nord Ovest;Piemonte;TO;B510;VALPRATO SOANA;1288
Nord Est;Veneto;VI;B511;CAMPIGLIA DEI BERICI;24022
Nord Ovest;Piemonte;TO;B512;CAMPIGLIONE FENILE;1049
Nord Ovest;Lombardia;CO;B513;CAMPIONE D`ITALIA;13040
Sud;Abruzzo;TE;B515;CAMPLI;67008
Sud;Calabria;RC;B516;CAMPO CALABRO;80018
Sud;Molise;CB;B519;CAMPOBASSO;70006
Isole;Sicilia;AG;B520;CAMPOBELLO DI LICATA;84010
Isole;Sicilia;TP;B521;CAMPOBELLO DI MAZARA;81004
Sud;Molise;CB;B522;CAMPOCHIARO;70007
Nord Est;Veneto;PD;B524;CAMPODARSEGO;28017
Sud;Abruzzo;AQ;B526;CAMPO DI GIOVE;66015
Centro;Lazio;LT;B527;CAMPODIMELE;59003
Sud;Molise;CB;B528;CAMPODIPIETRA;70008
Nord Ovest;Lombardia;SO;B530;CAMPODOLCINO;14012
Nord Est;Veneto;PD;B531;CAMPODORO;28018
Isole;Sicilia;PA;B532;CAMPOFELICE DI ROCCELLA;82017
Isole;Sicilia;PA;B533;CAMPOFELICE DI FITALIA;82016
Centro;Marche;AP;B534;CAMPOFILONE;109004
Isole;Sicilia;PA;B535;CAMPOFIORITO;82018
Nord Est;Friuli- Venezia Giulia;UD;B536;CAMPOFORMIDO;30016
Isole;Sicilia;CL;B537;CAMPOFRANCO;85005
Nord Ovest;Liguria;GE;B538;CAMPO LIGURE;10008
Nord Est;Emilia-Romagna;MO;B539;CAMPOGALLIANO;36003
Nord Ovest;Valle d'Aosta;AO;B540;CHAMPORCHER;7018
Sud;Campania;BN;B541;CAMPOLATTARO;62013
Sud;Campania;BN;B542;CAMPOLI D MONTE TABURNO;62014
Centro;Lazio;FR;B543;CAMPOLI APPENNINO;60016
Sud;Molise;CB;B544;CAMPOLIETO;70009
Nord Est;Veneto;VE;B546;CAMPOLONGO MAGGIORE;27003
Sud;Basilicata;PZ;B549;CAMPOMAGGIORE;76017
Sud;Molise;CB;B550;CAMPOMARINO;70010
Nord Ovest;Liguria;GE;B551;CAMPOMORONE;10009
Centro;Toscana;LI;B553;CAMPO NELL`ELBA;49003
Nord Est;Veneto;VE;B554;CAMPONOGARA;27004
Sud;Campania;SA;B555;CAMPORA;65023
Isole;Sicilia;PA;B556;CAMPOREALE;82019
Centro;Toscana;LU;B557;CAMPORGIANO;46006
Nord Ovest;Liguria;IM;B559;CAMPOROSSO;8011
Isole;Sicilia;CT;B561;CAMPOROTONDO ETNEO;87012
Centro;Marche;MC;B562;CAMPOROTONDO FIASTRONE;43008
Nord Est;Veneto;PD;B563;CAMPOSAMPIERO;28019
Nord Est;Veneto;PD;B564;CAMPO SAN MARTINO;28020
Sud;Campania;NA;B565;CAMPOSANO;63013
Nord Est;Emilia-Romagna;MO;B566;CAMPOSANTO;36004
Nord Ovest;Lombardia;PV;B567;CAMPOSPINOSO;18026
Sud;Abruzzo;AQ;B569;CAMPOTOSTO;66016
Nord Est;Emilia-Romagna;BO;B572;CAMUGNANO;37010
Nord Ovest;Piemonte;CN;B573;CANALE;4037
Nord Est;Veneto;BL;B574;CANALE D`AGORDO;25023
Centro;Lazio;RM;B576;CANALE MONTERANO;58016
Nord Est;Veneto;RO;B578;CANARO;29009
Sud;Basilicata;PZ;B580;CANCELLARA;76018
Sud;Campania;CE;B581;CANCELLO ED ARNONE;61012
Nord Est;Veneto;RO;B582;CANDA;29010
Sud;Puglia;FG;B584;CANDELA;71009
Nord Ovest;Piemonte;BI;B586;CANDELO;96012
Nord Ovest;Lombardia;PV;B587;CANDIA LOMELLINA;18027
Nord Ovest;Piemonte;TO;B588;CANDIA CANAVESE;1050
Nord Est;Veneto;PD;B589;CANDIANA;28021
Sud;Campania;AV;B590;CANDIDA;64016
Sud;Calabria;RC;B591;CANDIDONI;80019
Nord Ovest;Piemonte;TO;B592;CANDIOLO;1051
Nord Ovest;Lombardia;MI;B593;CANEGRATE;15046
Nord Ovest;Piemonte;AT;B594;CANELLI;5017
Centro;Lazio;RI;B595;ORVINIO;57047
Centro;Lazio;VT;B597;CANEPINA;56011
Nord Est;Friuli- Venezia Giulia;PN;B598;CANEVA;93009
Isole;Sicilia;AG;B602;CANICATTI`;84011
Isole;Sicilia;SR;B603;CANICATTINI BAGNI;89005
Centro;Lazio;VT;B604;CANINO;56012
Nord Ovest;Piemonte;TO;B605;CANISCHIO;1052
Sud;Abruzzo;AQ;B606;CANISTRO;66017
Sud;Calabria;CS;B607;CANNA;78024
Sud;Campania;SA;B608;CANNALONGA;65024
Centro;Umbria;PG;B609;CANNARA;54006
Nord Ovest;Piemonte;VB;B610;CANNERO RIVIERA;103016
Nord Ovest;Lombardia;MN;B612;CANNETO SULL`OGLIO;20008
Nord Ovest;Lombardia;PV;B613;CANNETO PAVESE;18029
Nord Ovest;Piemonte;VB;B615;CANNOBIO;103017
Sud;Puglia;LE;B616;CANNOLE;75012
Sud;Calabria;RC;B617;CANOLO;80020
Nord Ovest;Lombardia;BG;B618;CANONICA D`ADDA;16049
Sud;Puglia;BA;B619;CANOSA DI PUGLIA;110004
Sud;Abruzzo;CH;B620;CANOSA SANNITA;69010
Nord Ovest;Piemonte;CN;B621;CANOSIO;4038
Sud;Abruzzo;AQ;B624;CANSANO;66018
Centro;Toscana;PO;B626;CANTAGALLO;100001
Centro;Lazio;RI;B627;CANTALICE;57009
Nord Ovest;Piemonte;TO;B628;CANTALUPA;1053
Nord Ovest;Piemonte;AL;B629;CANTALUPO LIGURE;6028
Sud;Molise;IS;B630;CANTALUPO NEL SANNIO;94005
Centro;Lazio;RI;B631;CANTALUPO IN SABINA;57010
Centro;Lazio;RM;B632;MANDELA;58053
Nord Ovest;Piemonte;AT;B633;CANTARANA;5018
Nord Ovest;Lombardia;VA;B634;CANTELLO;12030
Centro;Lazio;RM;B635;CANTERANO;58017
Centro;Marche;PS;B636;CANTIANO;41008
Nord Ovest;Piemonte;TO;B637;CANTOIRA;1054
Nord Ovest;Lombardia;CO;B639;CANTU`;13041
Sud;Abruzzo;TE;B640;CANZANO;67009
Nord Ovest;Lombardia;CO;B641;CANZO;13042
Nord Est;Veneto;VE;B642;CAORLE;27005
Nord Est;Emilia-Romagna;PC;B643;CAORSO;33010
Sud;Campania;SA;B644;CAPACCIO;65025
Isole;Sicilia;PA;B645;CAPACI;82020
Centro;Toscana;GR;B646;CAPALBIO;53003
Centro;Toscana;PI;B647;CAPANNOLI;50005
Centro;Toscana;LU;B648;CAPANNORI;46007
Centro;Lazio;RM;B649;CAPENA;58018
Nord Ovest;Lombardia;CR;B650;CAPERGNANICA;19012
Sud;Abruzzo;AQ;B651;CAPESTRANO;66019
Nord Ovest;Lombardia;CO;B653;CAPIAGO INTIMIANO;13043
Sud;Calabria;VV;B655;CAPISTRANO;102005
Sud;Abruzzo;AQ;B656;CAPISTRELLO;66020
Sud;Abruzzo;AQ;B658;CAPITIGNANO;66021
Isole;Sicilia;ME;B660;CAPIZZI;83008
Nord Ovest;Lombardia;BG;B661;CAPIZZONE;16050
Nord Est;Veneto;BL;B662;PONTE NELLE ALPI;25040
Centro;Lazio;VT;B663;CAPODIMONTE;56013
Nord Ovest;Lombardia;BS;B664;CAPO DI PONTE;17035
Isole;Sicilia;ME;B666;CAPO D`ORLANDO;83009
Sud;Campania;CE;B667;CAPODRISE;61013
Centro;Toscana;LI;B669;CAPOLIVERI;49004
Centro;Toscana;AR;B670;CAPOLONA;51006
Nord Ovest;Lombardia;MI;B671;CAPONAGO;108052
Sud;Abruzzo;AQ;B672;CAPORCIANO;66022
Sud;Campania;AV;B674;CAPOSELE;64017
Isole;Sardegna;CA;B675;CAPOTERRA;92011
Nord Ovest;Lombardia;BS;B676;CAPOVALLE;17036
Sud;Abruzzo;AQ;B677;CAPPADOCIA;66023
Nord Est;Veneto;TV;B678;CAPPELLA MAGGIORE;26007
Nord Ovest;Lombardia;CR;B679;CAPPELLA CANTONE;19013
Nord Ovest;Lombardia;CR;B680;CAPPELLA DE` PICENARDI;19014
Sud;Abruzzo;PE;B681;CAPPELLE SUL TAVO;68006
Sud;Molise;IS;B682;CAPRACOTTA;94006
Centro;Toscana;FI;B684;CAPRAIA E LIMITE;48008
Centro;Toscana;LI;B685;CAPRAIA ISOLA;49005
Nord Ovest;Lombardia;CR;B686;CAPRALBA;19015
Centro;Lazio;RM;B687;CAPRANICA PRENESTINA;58019
Centro;Lazio;VT;B688;CAPRANICA;56014
Nord Est;Emilia-Romagna;BO;B689;MARZABOTTO;37036
Sud;Puglia;LE;B690;CAPRARICA DI LECCE;75013
Centro;Lazio;VT;B691;CAPRAROLA;56015
Nord Ovest;Piemonte;CN;B692;CAPRAUNA;4039
Centro;Toscana;AR;B693;CAPRESE MICHELANGELO;51007
Nord Ovest;Piemonte;VB;B694;CAPREZZO;103018
Isole;Sicilia;ME;B695;CAPRI LEONE;83010
Sud;Campania;NA;B696;CAPRI;63014
Nord Ovest;Lombardia;BS;B698;CAPRIANO DEL COLLE;17037
Nord Ovest;Piemonte;AL;B701;CAPRIATA D`ORBA;6029
Nord Ovest;Lombardia;BG;B703;CAPRIATE SAN GERVASIO;16051
Sud;Campania;CE;B704;CAPRIATI A VOLTURNO;61014
Nord Ovest;Piemonte;TO;B705;CAPRIE;1055
Sud;Campania;AV;B706;CAPRIGLIA IRPINA;64018
Nord Ovest;Piemonte;AT;B707;CAPRIGLIO;5019
Nord Ovest;Piemonte;BI;B708;CAPRILE;96013
Nord Est;Veneto;VR;B709;CAPRINO VERONESE;23018
Nord Ovest;Lombardia;BG;B710;CAPRINO BERGAMASCO;16052
Nord Ovest;Lombardia;BS;B711;CAPRIOLO;17038
Sud;Campania;CE;B715;CAPUA;61015
Sud;Puglia;BA;B716;CAPURSO;72014
Sud;Calabria;CZ;B717;CARAFFA DI CATANZARO;79017
Sud;Calabria;RC;B718;CARAFFA DEL BIANCO;80021
Nord Ovest;Piemonte;CN;B719;CARAGLIO;4040
Nord Ovest;Piemonte;CN;B720;CARAMAGNA PIEMONTE;4041
Sud;Abruzzo;PE;B722;CARAMANICO TERME;68007
Sud;Puglia;FG;B724;CARAPELLE;71010
Sud;Abruzzo;AQ;B725;CARAPELLE CALVISIO;66024
Nord Ovest;Liguria;GE;B726;CARASCO;10010
Centro;Marche;AP;B727;CARASSAI;44010
Nord Ovest;Lombardia;MI;B729;CARATE BRIANZA;108015
Nord Ovest;Lombardia;CO;B730;CARATE URIO;13044
Nord Ovest;Lombardia;BG;B731;CARAVAGGIO;16053
Nord Ovest;Lombardia;VA;B732;CARAVATE;12031
Nord Ovest;Piemonte;TO;B733;CARAVINO;1056
Nord Ovest;Liguria;IM;B734;CARAVONICA;8012
Centro;Lazio;VT;B735;CARBOGNANO;56016
Nord Ovest;Piemonte;AL;B736;CARBONARA SCRIVIA;6030
Isole;Sardegna;CA;B738;VILLASIMIUS;111105
Sud;Campania;NA;B740;CARBONARA DI NOLA;63015
Nord Ovest;Lombardia;PV;B741;CARBONARA AL TICINO;18030
Nord Ovest;Lombardia;CO;B742;CARBONATE;13045
Sud;Basilicata;PZ;B743;CARBONE;76019
Nord Est;Veneto;TV;B744;CARBONERA;26008
Isole;Sardegna;CA;B745;CARBONIA;111009
Nord Ovest;Liguria;SV;B748;CARCARE;9018
Nord Est;Veneto;PD;B749;CARCERI;28022
Nord Ovest;Piemonte;VC;B752;CARCOFORO;2029
Nord Ovest;Lombardia;VA;B754;CARDANO AL CAMPO;12032
Nord Ovest;Piemonte;CN;B755;CARDE;4042
Sud;Calabria;RC;B756;CARDETO;80022
Sud;Calabria;CZ;B758;CARDINALE;79018
Sud;Campania;NA;B759;CARDITO;63016
Centro;Toscana;LU;B760;CAREGGINE;46008
Nord Ovest;Piemonte;TO;B762;CAREMA;1057
Nord Ovest;Lombardia;LC;B763;CARENNO;97014
Nord Ovest;Piemonte;AL;B765;CARENTINO;6031
Sud;Calabria;RC;B766;CARERI;80023
Nord Ovest;Piemonte;VC;B767;CARESANA;2030
Nord Ovest;Piemonte;VC;B768;CARESANABLOT;2031
Nord Ovest;Piemonte;AL;B769;CAREZZANO;6032
Sud;Calabria;KR;B771;CARFIZZI;101003
Isole;Sardegna;SS;B772;CARGEGHE;90022
Sud;Calabria;CS;B774;CARIATI;78025
Sud;Campania;AV;B776;CARIFE;64019
Nord Ovest;Piemonte;TO;B777;CARIGNANO;1058
Nord Ovest;Lombardia;CO;B778;CARIMATE;13046
Sud;Campania;CE;B779;CARINARO;61016
Isole;Sicilia;PA;B780;CARINI;82021
Sud;Campania;CE;B781;CARINOLA;61017
Nord Ovest;Piemonte;VC;B782;CARISIO;2032
Sud;Puglia;FG;B784;CARLANTINO;71011
Nord Ovest;Lombardia;CO;B785;CARLAZZO;13047
Isole;Sicilia;SR;B787;CARLENTINI;89006
Nord Est;Friuli- Venezia Giulia;UD;B788;CARLINO;30018
Isole;Sardegna;CA;B789;CARLOFORTE;111010
Sud;Calabria;CZ;B790;CARLOPOLI;79020
Nord Ovest;Piemonte;TO;B791;CARMAGNOLA;1059
Sud;Puglia;LE;B792;CARMIANO;75014
Centro;Toscana;PO;B794;CARMIGNANO;100002
Nord Est;Veneto;PD;B795;CARMIGNANO DI BRENTA;28023
Nord Ovest;Lombardia;VA;B796;CARNAGO;12033
Nord Ovest;Lombardia;MI;B798;CARNATE;108016
Nord Ovest;Lombardia;BG;B801;CAROBBIO DEGLI ANGELI;16055
Sud;Calabria;CS;B802;CAROLEI;78026
Nord Ovest;Lombardia;BG;B803;CARONA;16056
Isole;Sicilia;ME;B804;CARONIA;83011
Nord Ovest;Lombardia;VA;B805;CARONNO PERTUSELLA;12034
Nord Ovest;Lombardia;VA;B807;CARONNO VARESINO;12035
Sud;Puglia;TA;B808;CAROSINO;73002
Sud;Puglia;BR;B809;CAROVIGNO;74002
Sud;Molise;IS;B810;CAROVILLI;94007
Nord Est;Emilia-Romagna;PC;B812;CARPANETO PIACENTINO;33011
Sud;Calabria;CS;B813;CARPANZANO;78027
Centro;Marche;PS;B816;CARPEGNA;41009
Nord Ovest;Lombardia;BS;B817;CARPENEDOLO;17039
Nord Ovest;Piemonte;AL;B818;CARPENETO;6033
Nord Est;Emilia-Romagna;MO;B819;CARPI;36005
Nord Ovest;Lombardia;MI;B820;CARPIANO;15050
Sud;Puglia;LE;B822;CARPIGNANO SALENTINO;75015
Nord Ovest;Piemonte;NO;B823;CARPIGNANO SESIA;3036
Nord Ovest;Lombardia;PV;B824;CURA CARPIGNANO;18060
Nord Est;Emilia-Romagna;RE;B825;CARPINETI;35011
Sud;Abruzzo;CH;B826;CARPINETO SINELLO;69011
Sud;Abruzzo;PE;B827;CARPINETO DELLA NORA;68008
Centro;Lazio;RM;B828;CARPINETO ROMANO;58020
Sud;Puglia;FG;B829;CARPINO;71012
Sud;Molise;IS;B830;CARPINONE;94008
Centro;Toscana;MS;B832;CARRARA;45003
Nord Est;Veneto;VI;B835;CARRE`;24024
Nord Ovest;Piemonte;AL;B836;CARREGA LIGURE;6034
Nord Ovest;Liguria;SP;B838;CARRO;11009
Nord Ovest;Liguria;SP;B839;CARRODANO;11010
Nord Ovest;Piemonte;AL;B840;CARROSIO;6035
Nord Ovest;Piemonte;CN;B841;CARRU;4043
Sud;Abruzzo;AQ;B842;CARSOLI;66025
Nord Est;Veneto;VI;B844;CARTIGLIANO;24025
Nord Ovest;Piemonte;CN;B845;CARTIGNANO;4044
Centro;Marche;PS;B846;CARTOCETO;41010
Nord Ovest;Piemonte;AL;B847;CARTOSIO;6036
Nord Est;Veneto;PD;B848;CARTURA;28026
Nord Ovest;Lombardia;MI;B850;CARUGATE;15051
Nord Ovest;Lombardia;CO;B851;CARUGO;13048
Sud;Abruzzo;CH;B853;CARUNCHIO;69012
Nord Ovest;Lombardia;BG;B854;CARVICO;16057
Sud;Calabria;KR;B857;CASABONA;101004
Sud;Molise;CB;B858;CASACALENDA;70011
Sud;Abruzzo;CH;B859;CASACANDITELLA;69013
Sud;Campania;CE;B860;CASAGIOVE;61018
Sud;Abruzzo;CH;B861;CASALANGUIDA;69014
Centro;Lazio;FR;B862;CASALATTICO;60017
Nord Ovest;Piemonte;NO;B864;CASALBELTRAME;3037
Sud;Abruzzo;CH;B865;CASALBORDINO;69015
Sud;Campania;AV;B866;CASALBORE;64020
Nord Ovest;Piemonte;TO;B867;CASALBORGONE;1060
Sud;Campania;SA;B868;CASALBUONO;65026
Nord Ovest;Lombardia;CR;B869;CASALBUTTANO ED UNITI;19016
Nord Ovest;Piemonte;AL;B870;CASAL CERMELLI;6037
Sud;Molise;CB;B871;CASALCIPRANO;70012
Sud;Campania;CE;B872;CASAL DI PRINCIPE;61019
Sud;Campania;BN;B873;CASALDUNI;62015
Nord Ovest;Lombardia;VA;B875;CASALE LITTA;12036
Nord Ovest;Piemonte;VB;B876;CASALE CORTE CERRO;103019
Nord Est;Veneto;PD;B877;CASALE DI SCODOSIA;28027
Centro;Toscana;PI;B878;CASALE MARITTIMO;50006
Nord Est;Veneto;TV;B879;CASALE SUL SILE;26009
Nord Est;Emilia-Romagna;BO;B880;CASALECCHIO DI RENO;37011
Nord Ovest;Lombardia;CR;B881;CASALE CREM VIDOLASCO;19017
Nord Ovest;Piemonte;AL;B882;CASALEGGIO BOIRO;6038
Nord Ovest;Piemonte;NO;B883;CASALEGGIO NOVARA;3039
Nord Ovest;Piemonte;AL;B885;CASALE MONFERRATO;6039
Nord Est;Veneto;VR;B886;CASALEONE;23019
Nord Ovest;Lombardia;LO;B887;CASALETTO LODIGIANO;98008
Sud;Campania;SA;B888;CASALETTO SPARTANO;65027
Nord Ovest;Lombardia;CR;B889;CASALETTO CEREDANO;19018
Nord Ovest;Lombardia;CR;B890;CASALETTO DI SOPRA;19019
Nord Ovest;Lombardia;CR;B891;CASALETTO VAPRIO;19020
Nord Est;Emilia-Romagna;BO;B892;CASALFIUMANESE;37012
Nord Est;Emilia-Romagna;RE;B893;CASALGRANDE;35012
Nord Ovest;Piemonte;CN;B894;CASALGRASSO;4045
Sud;Campania;SA;B895;CASAL VELINO;65028
Sud;Abruzzo;CH;B896;CASALINCONTRADA;69016
Nord Ovest;Piemonte;NO;B897;CASALINO;3040
Nord Ovest;Lombardia;CR;B898;CASALMAGGIORE;19021
Nord Ovest;Lombardia;LO;B899;CASALMAIOCCO;98009
Nord Ovest;Lombardia;CR;B900;CASALMORANO;19022
Nord Ovest;Lombardia;MN;B901;CASALMORO;20010
Nord Ovest;Piemonte;AL;B902;CASALNOCETO;6040
Sud;Calabria;CS;B903;VILLAPIANA;78154
Sud;Puglia;FG;B904;CASALNUOVO MONTEROTARO;71013
Sud;Campania;NA;B905;CASALNUOVO DI NAPOLI;63017
Sud;Basilicata;PZ;B906;SAN PAOLO ALBANESE;76020
Nord Ovest;Lombardia;MN;B907;CASALOLDO;20011
Nord Ovest;Lombardia;LO;B910;CASALPUSTERLENGO;98010
Nord Ovest;Lombardia;MN;B911;CASALROMANO;20012
Nord Est;Veneto;PD;B912;CASALSERUGO;28028
Nord Ovest;Lombardia;CR;B914;POZZAGLIO ED UNITI;19077
Sud;Puglia;FG;B915;TRINITAPOLI;110010
Sud;Campania;CE;B916;CASALUCE;61020
Sud;Puglia;FG;B917;CASALVECCHIO DI PUGLIA;71014
Isole;Sicilia;ME;B918;CASALVECCHIO SICULO;83012
Centro;Lazio;FR;B919;CASALVIERI;60018
Nord Ovest;Piemonte;NO;B920;CASALVOLONE;3041
Nord Ovest;Lombardia;VA;B921;CASALZUIGNO;12037
Sud;Campania;NA;B922;CASAMARCIANO;63018
Sud;Puglia;BA;B923;CASAMASSIMA;72015
Sud;Campania;NA;B924;CASAMICCIOLA TERME;63019
Sud;Campania;NA;B925;CASANDRINO;63020
Nord Ovest;Liguria;SV;B927;CASANOVA LERRONE;9019
Nord Ovest;Piemonte;VC;B928;CASANOVA ELVO;2033
Nord Ovest;Lombardia;PV;B929;CASANOVA LONATI;18031
Centro;Lazio;RM;B932;CASAPE;58021
Nord Ovest;Piemonte;BI;B933;CASAPINTA;96014
Centro;Lazio;RI;B934;CASAPROTA;57011
Sud;Campania;CE;B935;CASAPULLA;61021
Sud;Puglia;LE;B936;CASARANO;75016
Nord Ovest;Lombardia;LC;B937;CASARGO;97015
Nord Ovest;Lombardia;MI;B938;CASARILE;15055
Nord Ovest;Liguria;GE;B939;CASARZA LIGURE;10011
Nord Est;Friuli- Venezia Giulia;PN;B940;CASARSA DELLA DELIZIA;93010
Nord Ovest;Piemonte;AL;B941;CASASCO;6041
Nord Ovest;Lombardia;LC;B943;CASATENOVO;97016
Nord Ovest;Lombardia;PV;B945;CASATISMA;18032
Sud;Campania;NA;B946;CASAVATORE;63021
Nord Ovest;Lombardia;BG;B947;CASAZZA;16058
Centro;Umbria;PG;B948;CASCIA;54007
Nord Ovest;Lombardia;VA;B949;CASCIAGO;12038
Centro;Toscana;PI;B950;CASCINA;50008
Nord Ovest;Piemonte;VC;B952;SAN GIACOMO VERCELLESE;2035
Nord Ovest;Piemonte;TO;B953;CASCINETTE D`IVREA;1061
Nord Ovest;Lombardia;PV;B954;CASEI GEROLA;18033
Nord Ovest;Piemonte;TO;B955;CASELETTE;1062
Nord Ovest;Liguria;GE;B956;CASELLA;10012
Nord Ovest;Lombardia;LO;B958;CASELLE LURANI;98012
Sud;Campania;SA;B959;CASELLE IN PITTARI;65029
Nord Ovest;Piemonte;TO;B960;CASELLE TORINESE;1063
Nord Ovest;Lombardia;LO;B961;CASELLE LANDI;98011
Centro;Toscana;FI;B962;SCANDICCI;48041
Sud;Campania;CE;B963;CASERTA;61022
Nord Est;Veneto;TV;B965;CASIER;26010
Sud;Calabria;RC;B966;CASIGNANA;80024
Nord Est;Emilia-Romagna;RE;B967;CASINA;35013
Sud;Calabria;KR;B968;CASTELSILANO;101005
Nord Est;Emilia-Romagna;BO;B969;CASTEL DI CASIO;37015
Nord Ovest;Lombardia;BG;B971;CASIRATE D`ADDA;16059
Nord Ovest;Lombardia;CO;B974;CASLINO D`ERBA;13052
Nord Ovest;Lombardia;CO;B977;CASNATE CON BERNATE;13053
Nord Ovest;Lombardia;BG;B978;CASNIGO;16060
Centro;Toscana;MS;B979;CASOLA IN LUNIGIANA;45004
Sud;Campania;NA;B980;CASOLA DI NAPOLI;63022
Nord Est;Emilia-Romagna;RA;B982;CASOLA VALSENIO;39005
Centro;Toscana;SI;B984;CASOLE D ELSA;52004
Sud;Abruzzo;CH;B985;CASOLI;69017
Nord Ovest;Lombardia;VA;B987;CASORATE SEMPIONE;12039
Nord Ovest;Lombardia;PV;B988;CASORATE PRIMO;18034
Nord Ovest;Lombardia;MI;B989;CASOREZZO;15058
Sud;Campania;NA;B990;CASORIA;63023
Nord Ovest;Piemonte;AT;B991;CASORZO;5020
Nord Ovest;Lombardia;SO;B993;CASPOGGIO;14013
Nord Est;Friuli- Venezia Giulia;UD;B994;CASSACCO;30019
Nord Ovest;Lombardia;LC;B996;CASSAGO BRIANZA;97017
Sud;Campania;AV;B997;CASSANO IRPINO;64021
Sud;Puglia;BA;B998;CASSANO DELLE MURGE;72016
Nord Ovest;Lombardia;VA;B999;CASSANO VALCUVIA;12041
Sud;Calabria;CS;C002;CASSANO ALLO IONIO;78029
Nord Ovest;Lombardia;MI;C003;CASSANO D`ADDA;15059
Nord Ovest;Lombardia;VA;C004;CASSANO MAGNAGO;12040
Isole;Sicilia;SR;C006;CASSARO;89007
Nord Ovest;Lombardia;BG;C007;CASSIGLIO;16061
Nord Ovest;Lombardia;MI;C013;PERO;15170
Nord Ovest;Lombardia;MI;C014;CASSINA DE`PECCHI;15060
Nord Ovest;Lombardia;CO;C020;CASSINA RIZZARDI;13055
Nord Ovest;Piemonte;AT;C022;CASSINASCO;5021
Nord Ovest;Lombardia;LC;C024;CASSINA VALSASSINA;97018
Nord Ovest;Piemonte;AL;C027;CASSINE;6043
Nord Ovest;Piemonte;AL;C030;CASSINELLE;6044
Nord Ovest;Lombardia;MI;C033;CASSINETTA DI LUGAGNANO;15061
Centro;Lazio;FR;C034;CASSINO;60019
Nord Est;Veneto;VI;C037;CASSOLA;24026
Nord Ovest;Lombardia;PV;C038;CASSOLNOVO;18035
Sud;Abruzzo;TE;C040;CASTEL CASTAGNA;67010
Nord Est;Veneto;VR;C041;CASTAGNARO;23020
Centro;Toscana;LI;C044;CASTAGNETO CARDUCCI;49006
Nord Ovest;Piemonte;TO;C045;CASTAGNETO PO;1064
Nord Ovest;Piemonte;CN;C046;CASTAGNITO;4046
Nord Ovest;Piemonte;AT;C047;CASTAGNOLE MONFERRATO;5023
Nord Ovest;Piemonte;TO;C048;CASTAGNOLE PIEMONTE;1065
Nord Ovest;Piemonte;AT;C049;CASTAGNOLE LANZE;5022
Nord Ovest;Lombardia;PV;C050;CASTANA;18036
Isole;Sicilia;ME;C051;CASTELL`UMBERTO;83014
Nord Ovest;Lombardia;MI;C052;CASTANO PRIMO;15062
Nord Ovest;Lombardia;PV;C053;CASTEGGIO;18037
Nord Ovest;Lombardia;BS;C055;CASTEGNATO;17040
Nord Est;Veneto;VI;C056;CASTEGNERO;24027
Nord Est;Veneto;PD;C057;CASTELBALDO;28029
Sud;Campania;AV;C058;CASTEL BARONIA;64022
Nord Ovest;Lombardia;MN;C059;CASTELBELFORTE;20013
Centro;Marche;AN;C060;CASTELBELLINO;42008
Nord Ovest;Liguria;SV;C063;CASTELBIANCO;9020
Nord Ovest;Piemonte;AT;C064;CASTEL BOGLIONE;5024
Nord Est;Emilia-Romagna;RA;C065;CASTEL BOLOGNESE;39006
Sud;Molise;CB;C066;CASTELBOTTACCIO;70013
Isole;Sicilia;PA;C067;CASTELBUONO;82022
Sud;Campania;SA;C069;CASTELCIVITA;65030
Centro;Marche;AP;C070;SERVIGLIANO;109038
Nord Ovest;Lombardia;BS;C072;CASTELCOVATI;17041
Nord Est;Veneto;TV;C073;CASTELCUCCO;26011
Isole;Sicilia;PA;C074;CASTELDACCIA;82023
Nord Est;Emilia-Romagna;BO;C075;CASTEL D`AIANO;37013
Nord Ovest;Lombardia;MN;C076;CASTEL D`ARIO;20014
Nord Est;Veneto;VR;C078;CASTEL D`AZZANO;23021
Nord Ovest;Lombardia;BG;C079;CASTELLI CALEPIO;16062
Nord Est;Emilia-Romagna;RN;C080;CASTELDELCI;99021
Nord Ovest;Piemonte;CN;C081;CASTELDELFINO;4047
Sud;Molise;IS;C082;CASTEL DEL GIUDICE;94009
Sud;Abruzzo;AQ;C083;CASTEL DEL MONTE;66026
Centro;Toscana;GR;C085;CASTEL DEL PIANO;53004
Nord Est;Emilia-Romagna;BO;C086;CASTEL DEL RIO;37014
Nord Ovest;Lombardia;CR;C089;CASTELDIDONE;19023
Sud;Abruzzo;AQ;C090;CASTEL DI IERI;66027
Isole;Sicilia;CT;C091;CASTEL DI IUDICA;87013
Centro;Marche;AP;C093;CASTEL DI LAMA;44011
Isole;Sicilia;ME;C094;CASTEL DI LUCIO;83013
Sud;Abruzzo;AQ;C096;CASTEL DI SANGRO;66028
Sud;Campania;CE;C097;CASTEL DI SASSO;61024
Centro;Lazio;RI;C098;CASTEL DI TORA;57013
Centro;Marche;AN;C100;CASTELFIDARDO;42010
Centro;Toscana;FI;C101;CASTELFIORENTINO;48010
Centro;Toscana;AR;C102;CASTEL FOCOGNANO;51008
Centro;Lazio;LT;C104;CASTELFORTE;59004
Sud;Campania;AV;C105;CASTELFRANCI;64023
Sud;Campania;BN;C106;CASTELFRANCO IN MISCANO;62016
Nord Est;Emilia-Romagna;MO;C107;CASTELFRANCO EMILIA;36006
Sud;Calabria;CS;C108;CASTROLIBERO;78031
Nord Ovest;Liguria;IM;C110;CASTEL VITTORIO;8015
Nord Est;Veneto;TV;C111;CASTELFRANCO VENETO;26012
Centro;Toscana;PI;C113;CASTELFRANCO DI SOTTO;50009
Sud;Abruzzo;CH;C114;CASTEL FRENTANO;69018
Nord Ovest;Lombardia;CR;C115;CASTEL GABBIANO;19024
Centro;Lazio;RM;C116;CASTEL GANDOLFO;58022
Centro;Umbria;TR;C117;CASTEL GIORGIO;55009
Nord Ovest;Lombardia;MN;C118;CASTEL GOFFREDO;20015
Nord Est;Veneto;VI;C119;CASTELGOMBERTO;24028
Sud;Basilicata;PZ;C120;CASTELGRANDE;76021
Nord Est;Emilia-Romagna;BO;C121;CASTEL GUELFO BOLOGNA;37016
Nord Est;Veneto;RO;C122;CASTELGUGLIELMO;29011
Sud;Abruzzo;CH;C123;CASTELGUIDONE;69019
Sud;Campania;SA;C125;CASTELLABATE;65031
Sud;Abruzzo;AQ;C126;CASTELLAFIUME;66029
Nord Ovest;Piemonte;AT;C127;CASTELL ALFERO;5025
Sud;Abruzzo;TE;C128;CASTELLALTO;67011
Sud;Campania;NA;C129;CASTELLAMMARE DI STABIA;63024
Isole;Sicilia;TP;C130;CASTELLAMMARE DEL GOLFO;81005
Nord Ovest;Piemonte;TO;C133;CASTELLAMONTE;1066
Sud;Puglia;BA;C134;CASTELLANA GROTTE;72017
Isole;Sicilia;PA;C135;CASTELLANA SICULA;82024
Sud;Puglia;TA;C136;CASTELLANETA;73003
Nord Ovest;Piemonte;AL;C137;CASTELLANIA;6045
Nord Ovest;Lombardia;VA;C139;CASTELLANZA;12042
Nord Est;Emilia-Romagna;RE;C141;CASTELLARANO;35014
Nord Ovest;Piemonte;AL;C142;CASTELLAR GUIDOBONO;6046
Nord Ovest;Liguria;IM;C143;CASTELLARO;8014
Nord Est;Emilia-Romagna;PC;C145;CASTELL`ARQUATO;33012
Centro;Toscana;GR;C147;CASTELL AZZARA;53005
Nord Ovest;Piemonte;AL;C148;CASTELLAZZO BORMIDA;6047
Nord Ovest;Piemonte;NO;C149;CASTELLAZZO NOVARESE;3042
Centro;Marche;AN;C152;CASTELLEONE DI SUASA;42011
Nord Ovest;Lombardia;CR;C153;CASTELLEONE;19025
Nord Ovest;Piemonte;AT;C154;CASTELLERO;5026
Nord Ovest;Piemonte;BI;C155;CASTELLETTO CERVO;96015
Nord Ovest;Piemonte;AL;C156;CASTELLETTO D`ERRO;6048
Nord Ovest;Lombardia;PV;C157;CASTELLETTO BRANDUZZO;18038
Nord Ovest;Piemonte;AL;C158;CASTELLETTO D`ORBA;6049
Nord Ovest;Piemonte;AL;C160;CASTELLETTO MERLI;6050
Nord Ovest;Piemonte;AT;C161;CASTELLETTO MOLINA;5027
Nord Ovest;Piemonte;AL;C162;CASTELLETTO MONFERRATO;6051
Nord Ovest;Piemonte;CN;C165;CASTELLETTO STURA;4049
Nord Ovest;Piemonte;NO;C166;CASTELLETTO TICINO;3043
Nord Ovest;Piemonte;CN;C167;CASTELLETTO UZZONE;4050
Sud;Abruzzo;TE;C169;CASTELLI;67012
Centro;Toscana;SI;C172;CASTELLINA IN CHIANTI;52005
Nord Ovest;Piemonte;CN;C173;CASTELLINALDO;4051
Centro;Toscana;PI;C174;CASTELLINA MARITTIMA;50010
Sud;Molise;CB;C175;CASTELLINO DEL BIFERNO;70014
Nord Ovest;Piemonte;CN;C176;CASTELLINO TANARO;4052
Centro;Lazio;FR;C177;CASTELLIRI;60020
Sud;Campania;CE;C178;CASTELLO DEL MATESE;61025
Nord Ovest;Lombardia;VA;C181;CASTELVECCANA;12045
Nord Ovest;Lombardia;PV;C184;CASTELLO D`AGOGNA;18039
Nord Est;Emilia-Romagna;BO;C185;CASTELLO D`ARGILE;37017
Nord Ovest;Lombardia;SO;C186;CASTELLO DELL'ACQUA;14014
Nord Ovest;Lombardia;LC;C187;CASTELLO DI BRIANZA;97019
Sud;Campania;NA;C188;CASTELLO DI CISTERNA;63025
Nord Est;Veneto;TV;C190;CASTELLO DI GODEGO;26013
Nord Ovest;Lombardia;MN;C195;CASTELLUCCHIO;20016
Sud;Molise;CB;C197;CASTELMAURO;70015
Sud;Puglia;FG;C198;CASTELLUCCIO DEI SAURI;71015
Sud;Basilicata;PZ;C199;CASTELLUCCIO INFERIORE;76022
Sud;Molise;IS;C200;CASTELVERRINO;94013
Sud;Basilicata;PZ;C201;CASTELLUCCIO SUPERIORE;76023
Sud;Puglia;FG;C202;CASTELLUCCIO V MAGGIORE;71016
Centro;Lazio;RM;C203;CASTEL MADAMA;58023
Nord Est;Emilia-Romagna;BO;C204;CASTEL MAGGIORE;37019
Nord Ovest;Piemonte;CN;C205;CASTELMAGNO;4053
Nord Ovest;Lombardia;CO;C206;CASTELMARTE;13058
Nord Est;Veneto;RO;C207;CASTELMASSA;29012
Nord Ovest;Lombardia;BS;C208;CASTEL MELLA;17042
Sud;Basilicata;PZ;C209;CASTELMEZZANO;76024
Isole;Sicilia;ME;C210;CASTELMOLA;83015
Sud;Campania;CE;C211;CASTEL MORRONE;61026
Nord Ovest;Lombardia;PV;C213;CASTELNOVETTO;18040
Nord Ovest;Piemonte;CN;C214;CASTELNUOVO DI CEVA;4054
Nord Est;Veneto;RO;C215;CASTELNUOVO BARIANO;29013
Nord Est;Friuli- Venezia Giulia;PN;C217;CASTELNOVO DEL FRIULI;93011
Nord Est;Emilia-Romagna;RE;C218;CASTELNOVO DI SOTTO;35015
Nord Est;Emilia-Romagna;RE;C219;CASTELNOVO NEI MONTI;35016
Nord Ovest;Lombardia;CO;C220;CASTELNUOVO BOZZENTE;13059
Sud;Puglia;FG;C222;CASTELNUOVO DI DAUNIA;71017
Centro;Lazio;FR;C223;CASTELNUOVO PARANO;60021
Centro;Lazio;RI;C224;CASTELNUOVO DI FARFA;57014
Nord Est;Veneto;VR;C225;CASTELNUOVO DI VERONA;23022
Nord Ovest;Piemonte;AT;C226;CASTELNUOVO BELBO;5029
Centro;Toscana;SI;C227;CASTELNUOVO BERARDENGA;52006
Nord Ovest;Lombardia;LO;C228;CASTELNUOVO BOCCA ADDA;98013
Nord Ovest;Piemonte;AL;C229;CASTELNUOVO BORMIDA;6052
Nord Ovest;Piemonte;AT;C230;CASTELNUOVO CALCEA;5030
Sud;Campania;SA;C231;CASTELNUOVO CILENTO;65032
Nord Ovest;Piemonte;AT;C232;CASTELNUOVO DON BOSCO;5031
Sud;Campania;SA;C235;CASTELNUOVO DI CONZA;65033
Centro;Toscana;LU;C236;CASTELNUOVO GARFAGNANA;46009
Centro;Lazio;RM;C237;CASTELNUOVO DI PORTO;58024
Nord Ovest;Liguria;SP;C240;CASTELNUOVO MAGRA;11011
Nord Ovest;Piemonte;TO;C241;CASTELNUOVO NIGRA;1067
Nord Est;Emilia-Romagna;MO;C242;CASTELNUOVO RANGONE;36007
Nord Ovest;Piemonte;AL;C243;CASTELNUOVO SCRIVIA;6053
Centro;Toscana;PI;C244;CASTELNUOVO VAL DI CECINA;50011
Sud;Campania;BN;C245;CASTELPAGANO;62017
Sud;Molise;IS;C246;CASTELPETROSO;94010
Sud;Molise;IS;C247;CASTELPIZZUTO;94011
Centro;Marche;AN;C248;CASTELPLANIO;42012
Sud;Campania;BN;C250;CASTELPOTO;62018
Centro;Marche;MC;C251;CASTELRAIMONDO;43009
Centro;Umbria;PG;C252;CASTEL RITALDI;54008
Nord Ovest;Piemonte;AT;C253;CASTEL ROCCHERO;5032
Nord Ovest;Lombardia;BG;C255;CASTEL ROZZONE;16063
Sud;Campania;SA;C259;CASTEL SAN GIORGIO;65034
Nord Est;Emilia-Romagna;PC;C261;CASTEL SAN GIOVANNI;33013
Sud;Campania;SA;C262;CASTEL SAN LORENZO;65035
Centro;Toscana;AR;C263;CASTEL SAN NICCOLO;51010
Nord Est;Emilia-Romagna;BO;C265;CASTEL SAN PIETRO TERME;37020
Centro;Lazio;RM;C266;CASTEL S PIETRO ROMANO;58025
Centro;Marche;MC;C267;CASTELSANTANGELO S NERA;43010
Centro;Lazio;RI;C268;CASTEL SANT ANGELO;57015
Centro;Lazio;VT;C269;CASTEL SANT`ELIA;56017
Sud;Molise;IS;C270;CASTEL SAN VINCENZO;94012
Sud;Basilicata;PZ;C271;CASTELSARACENO;76025
Isole;Sardegna;SS;C272;CASTELSARDO;90023
Nord Ovest;Lombardia;VA;C273;CASTELSEPRIO;12044
Nord Ovest;Piemonte;AL;C274;CASTELSPINA;6054
Isole;Sicilia;AG;C275;CASTELTERMINI;84012
Nord Ovest;Liguria;SV;C276;CASTELVECCHIO DI R B;9021
Sud;Abruzzo;AQ;C278;CASTELVECCHIO CALVISIO;66030
Sud;Abruzzo;AQ;C279;CASTELVECCHIO SUBEQUO;66031
Sud;Campania;BN;C280;CASTELVENERE;62019
Nord Ovest;Valle d'Aosta;AO;C282;VERRES;7073
Sud;Campania;AV;C283;CASTELVETERE SUL CALORE;64024
Sud;Campania;BN;C284;CASTELVETERE V FORTORE;62020
Sud;Calabria;RC;C285;CAULONIA;80025
Isole;Sicilia;TP;C286;CASTELVETRANO;81006
Nord Est;Emilia-Romagna;MO;C287;CASTELVETRO DI MODENA;36008
Nord Est;Emilia-Romagna;PC;C288;CASTELVETRO PIACENTINO;33014
Centro;Umbria;TR;C289;CASTEL VISCARDO;55010
Nord Ovest;Lombardia;CR;C290;CASTELVISCONTI;19027
Sud;Campania;CE;C291;CASTEL VOLTURNO;61027
Nord Est;Emilia-Romagna;BO;C292;CASTENASO;37021
Nord Ovest;Lombardia;BS;C293;CASTENEDOLO;17043
Nord Ovest;Valle d'Aosta;AO;C294;CHATILLON;7020
Nord Est;Emilia-Romagna;BO;C296;CASTIGLIONE DEI PEPOLI;37022
Isole;Sicilia;CT;C297;CASTIGLIONE DI SICILIA;87014
Sud;Abruzzo;CH;C298;CASTIGLIONE MESS MARINO;69020
Nord Ovest;Lombardia;VA;C300;CASTIGLIONE OLONA;12046
Sud;Calabria;CS;C301;CASTIGLIONE COSENTINO;78030
Nord Ovest;Liguria;GE;C302;CASTIGLIONE CHIAVARESE;10013
Centro;Toscana;LU;C303;CASTIGLIONE GARFAGNANA;46010
Nord Ovest;Lombardia;LO;C304;CASTIGLIONE D`ADDA;98014
Sud;Campania;SA;C306;CASTIGLIONE D GENOVESI;65036
Nord Ovest;Piemonte;TO;C307;CASTIGLIONE TORINESE;1068
Sud;Abruzzo;PE;C308;CASTIGLIONE A CASAURIA;68009
Centro;Umbria;PG;C309;CASTIGLIONE DEL LAGO;54009
Centro;Toscana;GR;C310;CASTIGLIONE D PESCAIA;53006
Sud;Abruzzo;TE;C311;COLLEDARA;67018
Nord Ovest;Lombardia;MN;C312;CASTIGLIONE D STIVIERE;20017
Centro;Toscana;SI;C313;CASTIGLIONE D ORCIA;52007
Nord Ovest;Piemonte;CN;C314;CASTIGLIONE FALLETTO;4055
Centro;Lazio;VT;C315;CASTIGLIONE IN TEVERINA;56018
Sud;Abruzzo;TE;C316;CASTIGLIONE M RAIMONDO;67013
Nord Ovest;Piemonte;CN;C317;CASTIGLIONE TINELLA;4056
Centro;Toscana;AR;C318;CASTIGLION FIBOCCHI;51011
Centro;Toscana;AR;C319;CASTIGLION FIORENTINO;51012
Centro;Marche;AP;C321;CASTIGNANO;44012
Sud;Abruzzo;TE;C322;CASTILENTI;67014
Nord Ovest;Piemonte;CN;C323;CASTINO;4057
Nord Ovest;Lombardia;BG;C324;CASTIONE D PRESOLANA;16064
Nord Ovest;Lombardia;SO;C325;CASTIONE ANDEVENNO;14015
Nord Est;Friuli- Venezia Giulia;UD;C327;CASTIONS DI STRADA;30020
Nord Ovest;Lombardia;LO;C329;CASTIRAGA VIDARDO;98015
Nord Ovest;Lombardia;BS;C330;CASTO;17044
Centro;Marche;AP;C331;CASTORANO;44013
Nord Ovest;Lombardia;BS;C332;CASTREZZATO;17045
Sud;Puglia;LE;C334;CASTRI DI LECCE;75017
Sud;Puglia;LE;C335;CASTRIGNANO DE' GRECI;75018
Sud;Puglia;LE;C336;CASTRIGNANO DEL CAPO;75019
Nord Ovest;Lombardia;BG;C337;CASTRO;16065
Centro;Lazio;FR;C338;CASTRO DEI VOLSCI;60023
Nord Est;Emilia-Romagna;FO;C339;CASTROCARO TERME T SOLE;40005
Centro;Lazio;FR;C340;CASTROCIELO;60022
Isole;Sicilia;AG;C341;CASTROFILIPPO;84013
Isole;Sicilia;EN;C342;ENNA;86009
Nord Ovest;Lombardia;VA;C343;CASTRONNO;12047
Isole;Sicilia;PA;C344;CASTRONUOVO DI SICILIA;82025
Sud;Basilicata;PZ;C345;CASTRONUOVO SANT`ANDREA;76026
Sud;Molise;CB;C346;CASTROPIGNANO;70016
Isole;Sicilia;ME;C347;CASTROREALE;83016
Sud;Calabria;CS;C348;CASTROREGIO;78032
Sud;Calabria;CS;C349;CASTROVILLARI;78033
Isole;Sicilia;CT;C351;CATANIA;87015
Sud;Calabria;CZ;C352;CATANZARO;79023
Isole;Sicilia;EN;C353;CATENANUOVA;86006
Sud;Abruzzo;PE;C354;CATIGNANO;68010
Isole;Sicilia;AG;C356;CATTOLICA ERACLEA;84014
Nord Est;Emilia-Romagna;RN;C357;CATTOLICA;99002
Sud;Campania;BN;C359;CAUTANO;62021
Nord Ovest;Lombardia;PV;C360;CAVA MANARA;18041
Sud;Campania;SA;C361;CAVA DE` TIRRENI;65037
Nord Ovest;Piemonte;BI;C363;CAVAGLIA;96016
Nord Ovest;Piemonte;NO;C364;CAVAGLIETTO;3044
Nord Ovest;Piemonte;NO;C365;CAVAGLIO D`AGOGNA;3045
Nord Ovest;Piemonte;TO;C369;CAVAGNOLO;1069
Nord Est;Veneto;VR;C370;CAVAION VERONESE;23023
Nord Ovest;Piemonte;CN;C375;CAVALLERLEONE;4058
Nord Ovest;Piemonte;CN;C376;CAVALLERMAGGIORE;4059
Sud;Puglia;LE;C377;CAVALLINO;75020
Nord Ovest;Piemonte;NO;C378;CAVALLIRIO;3047
Nord Ovest;Lombardia;CO;C381;CAVARGNA;13062
Nord Ovest;Lombardia;VA;C382;CAVARIA CON PREMEZZO;12048
Nord Est;Veneto;VE;C383;CAVARZERE;27006
Nord Est;Veneto;TV;C384;CAVASO DEL TOMBA;26014
Nord Est;Friuli- Venezia Giulia;PN;C385;CAVASSO NUOVO;93012
Nord Ovest;Piemonte;AL;C387;CAVATORE;6055
Nord Est;Veneto;VE;C388;JESOLO;27019
Nord Est;Friuli- Venezia Giulia;UD;C389;CAVAZZO CARNICO;30021
Centro;Lazio;RM;C390;CAVE;58026
Nord Ovest;Lombardia;LO;C394;CAVENAGO D`ADDA;98017
Nord Ovest;Lombardia;MI;C395;CAVENAGO DI BRIANZA;108017
Nord Ovest;Lombardia;BG;C396;CAVERNAGO;16066
Nord Est;Emilia-Romagna;MO;C398;CAVEZZO;36009
Nord Ovest;Piemonte;TO;C404;CAVOUR;1070
Nord Est;Emilia-Romagna;RE;C405;CAVRIAGO;35017
Nord Ovest;Lombardia;MN;C406;CAVRIANA;20018
Centro;Toscana;AR;C407;CAVRIGLIA;51013
Nord Ovest;Lombardia;BS;C408;CAZZAGO SAN MARTINO;17046
Nord Ovest;Lombardia;VA;C409;CAZZAGO BRABBIA;12049
Nord Ovest;Lombardia;BG;C410;CAZZANO SANT`ANDREA;16067
Nord Est;Veneto;VR;C412;CAZZANO DI TRAMIGNA;23024
Centro;Lazio;FR;C413;CECCANO;60024
Nord Ovest;Lombardia;PV;C414;CECIMA;18042
Centro;Toscana;LI;C415;CECINA;49007
Nord Ovest;Lombardia;BS;C417;CEDEGOLO;17047
Nord Ovest;Lombardia;SO;C418;CEDRASCO;14016
Isole;Sicilia;PA;C420;CEFALA` DIANA;82026
Isole;Sicilia;PA;C421;CEFALU`;82027
Nord Est;Veneto;VE;C422;CEGGIA;27007
Sud;Puglia;BR;C424;CEGLIE MESSAPICA;74003
Sud;Abruzzo;AQ;C426;CELANO;66032
Sud;Abruzzo;CH;C428;CELENZA SUL TRIGNO;69021
Sud;Puglia;FG;C429;CELENZA VALFORTORE;71018
Sud;Calabria;CS;C430;CELICO;78034
Nord Ovest;Piemonte;AL;C432;CELLA MONTE;6056
Nord Ovest;Lombardia;CR;C435;CELLA DATI;19028
Sud;Puglia;BA;C436;CELLAMARE;72018
Sud;Calabria;CS;C437;CELLARA;78035
Nord Ovest;Piemonte;AT;C438;CELLARENGO;5033
Nord Ovest;Lombardia;BS;C439;CELLATICA;17048
Nord Ovest;Piemonte;AT;C440;CELLE ENOMONDO;5034
Nord Ovest;Piemonte;CN;C441;CELLE DI MACRA;4060
Sud;Puglia;FG;C442;CELLE SAN VITO;71019
Nord Ovest;Liguria;SV;C443;CELLE LIGURE;9022
Sud;Campania;SA;C444;CELLE DI BULGHERIA;65038
Centro;Lazio;VT;C446;CELLENO;56019
Centro;Lazio;VT;C447;CELLERE;56020
Sud;Puglia;BR;C448;CELLINO SAN MARCO;74004
Sud;Abruzzo;TE;C449;CELLINO ATTANASIO;67015
Sud;Calabria;CZ;C453;CENADI;79024
Nord Ovest;Lombardia;BG;C456;CENATE SOPRA;16068
Nord Ovest;Lombardia;BG;C457;CENATE SOTTO;16069
Nord Est;Veneto;BL;C458;CENCENIGHE AGORDINO;25010
Nord Ovest;Lombardia;BG;C459;CENE;16070
Nord Est;Veneto;RO;C461;CENESELLI;29014
Nord Ovest;Liguria;SV;C463;CENGIO;9023
Nord Ovest;Piemonte;CN;C466;CENTALLO;4061
Nord Est;Emilia-Romagna;FE;C469;CENTO;38004
Sud;Campania;SA;C470;CENTOLA;65039
Isole;Sicilia;EN;C471;CENTURIPE;86007
Sud;Calabria;CZ;C472;CENTRACHE;79025
Sud;Abruzzo;PE;C474;CEPAGATTI;68011
Sud;Campania;BN;C476;CEPPALONI;62022
Nord Ovest;Piemonte;VB;C478;CEPPO MORELLI;103021
Centro;Lazio;FR;C479;CEPRANO;60025
Isole;Sicilia;EN;C480;CERAMI;86008
Nord Ovest;Liguria;GE;C481;CERANESI;10014
Nord Ovest;Lombardia;CO;C482;CERANO D INTELVI;13063
Nord Ovest;Piemonte;NO;C483;CERANO;3049
Nord Ovest;Lombardia;PV;C484;CERANOVA;18043
Sud;Campania;SA;C485;CERASO;65040
Sud;Molise;CB;C486;CERCEMAGGIORE;70017
Nord Ovest;Piemonte;TO;C487;CERCENASCO;1071
Sud;Molise;CB;C488;CERCEPICCOLA;70018
Sud;Calabria;CS;C489;CERCHIARA DI CALABRIA;78036
Sud;Abruzzo;AQ;C492;CERCHIO;66033
Nord Ovest;Lombardia;SO;C493;CERCINO;14017
Nord Est;Friuli- Venezia Giulia;UD;C494;CERCIVENTO;30022
Sud;Campania;NA;C495;CERCOLA;63026
Isole;Sicilia;PA;C496;CERDA;82028
Nord Ovest;Piemonte;TO;C497;CERES;1072
Nord Est;Veneto;VR;C498;CEREA;23025
Nord Est;Veneto;RO;C500;CEREGNANO;29015
Sud;Calabria;KR;C501;CERENZIA;101006
Nord Ovest;Lombardia;MN;C502;CERESARA;20019
Nord Ovest;Piemonte;AL;C503;CERESETO;6057
Nord Ovest;Piemonte;CN;C504;CERESOLE ALBA;4062
Nord Ovest;Piemonte;TO;C505;CERESOLE REALE;1073
Nord Ovest;Lombardia;BG;C506;CERETE;16071
Nord Ovest;Piemonte;AL;C507;CERRETO GRUE;6058
Nord Ovest;Lombardia;PV;C508;CERETTO LOMELLINA;18044
Nord Ovest;Lombardia;PV;C509;CERGNAGO;18045
Nord Ovest;Liguria;SV;C510;CERIALE;9024
Nord Ovest;Liguria;IM;C511;CERIANA;8016
Nord Ovest;Lombardia;MI;C512;CERIANO LAGHETTO;108018
Nord Est;Emilia-Romagna;PC;C513;CERIGNALE;33015
Sud;Puglia;FG;C514;CERIGNOLA;71020
Sud;Calabria;CS;C515;CERISANO;78037
Nord Ovest;Lombardia;CO;C516;CERMENATE;13064
Sud;Abruzzo;TE;C517;CERMIGNANO;67016
Centro;Lazio;RM;C518;CERRETO LAZIALE;58027
Nord Ovest;Lombardia;CO;C520;CERNOBBIO;13065
Nord Ovest;Lombardia;LC;C521;CERNUSCO LOMBARDONE;97020
Nord Ovest;Lombardia;MI;C523;CERNUSCO SUL NAVIGLIO;15070
Centro;Marche;AN;C524;CERRETO D`ESI;42013
Sud;Campania;BN;C525;CERRETO SANNITA;62023
Centro;Umbria;PG;C527;CERRETO DI SPOLETO;54010
Nord Ovest;Piemonte;AT;C528;CERRETO D`ASTI;5035
Centro;Toscana;FI;C529;CERRETO GUIDI;48011
Nord Ovest;Piemonte;CN;C530;CERRETO DELLE LANGHE;4063
Nord Ovest;Piemonte;AL;C531;CERRINA;6059
Nord Ovest;Piemonte;BI;C532;CERRIONE;96018
Nord Ovest;Piemonte;AT;C533;CERRO TANARO;5036
Sud;Molise;IS;C534;CERRO AL VOLTURNO;94014
Nord Ovest;Lombardia;MI;C536;CERRO AL LAMBRO;15071
Nord Ovest;Lombardia;MI;C537;CERRO MAGGIORE;15072
Nord Est;Veneto;VR;C538;CERRO VERONESE;23026
Sud;Basilicata;PZ;C539;CERSOSIMO;76027
Centro;Toscana;FI;C540;CERTALDO;48012
Nord Ovest;Lombardia;PV;C541;CERTOSA DI PAVIA;18046
Sud;Calabria;CZ;C542;CERVA;79027
Centro;Lazio;RM;C543;CERVARA DI ROMA;58028
Nord Est;Veneto;PD;C544;CERVARESE SANTA CROCE;28030
Centro;Lazio;FR;C545;CERVARO;60026
Nord Ovest;Piemonte;CN;C547;CERVASCA;4064
Nord Ovest;Piemonte;VC;C548;CERVATTO;2041
Nord Ovest;Lombardia;BS;C549;CERVENO;17049
Nord Ovest;Piemonte;CN;C550;CERVERE;4065
Nord Ovest;Lombardia;PV;C551;CERVESINA;18047
Centro;Lazio;RM;C552;CERVETERI;58029
Nord Est;Emilia-Romagna;RA;C553;CERVIA;39007
Sud;Calabria;CS;C554;CERVICATI;78038
Nord Ovest;Lombardia;LO;C555;CERVIGNANO D`ADDA;98018
Sud;Campania;AV;C557;CERVINARA;64025
Sud;Campania;CE;C558;CERVINO;61028
Nord Ovest;Liguria;IM;C559;CERVO;8017
Sud;Calabria;CS;C560;CERZETO;78039
Sud;Campania;CE;C561;CESA;61029
Nord Ovest;Lombardia;LC;C563;CESANA BRIANZA;97021
Nord Ovest;Piemonte;TO;C564;CESANA TORINESE;1074
Nord Ovest;Lombardia;MI;C565;CESANO BOSCONE;15074
Nord Ovest;Lombardia;MI;C566;CESANO MADERNO;108019
Nord Ovest;Piemonte;VB;C567;CESARA;103022
Isole;Sicilia;ME;C568;CESARO`;83017
Nord Ovest;Lombardia;MI;C569;CESATE;15076
Nord Est;Emilia-Romagna;FO;C573;CESENA;40007
Nord Est;Emilia-Romagna;FO;C574;CESENATICO;40008
Sud;Campania;AV;C576;CESINALI;64026
Nord Est;Veneto;BL;C577;CESIOMAGGIORE;25011
Nord Ovest;Liguria;IM;C578;CESIO;8018
Nord Est;Veneto;TV;C580;CESSALTO;26015
Sud;Calabria;VV;C581;CESSANITI;102006
Centro;Marche;MC;C582;CESSAPALOMBO;43011
Nord Ovest;Piemonte;AT;C583;CESSOLE;5037
Sud;Campania;SA;C584;CETARA;65041
Nord Ovest;Lombardia;BS;C585;CETO;17050
Centro;Toscana;SI;C587;CETONA;52008
Sud;Calabria;CS;C588;CETRARO;78040
Nord Ovest;Piemonte;CN;C589;CEVA;4066
Nord Ovest;Lombardia;BS;C591;CEVO;17051
Nord Ovest;Valle d'Aosta;AO;C593;CHALLAND SAINT ANSELME;7013
Nord Ovest;Valle d'Aosta;AO;C594;CHALLAND SAINT VICTOR;7014
Nord Ovest;Valle d'Aosta;AO;C595;CHAMBAVE;7015
Nord Ovest;Valle d'Aosta;AO;C596;CHAMPDEPRAZ;7017
Nord Ovest;Valle d'Aosta;AO;C598;CHARVENSOD;7019
Nord Ovest;Piemonte;CN;C599;CHERASCO;4067
Isole;Sardegna;SS;C600;CHEREMULE;90024
Nord Ovest;Piemonte;TO;C604;CHIALAMBERTO;1075
Nord Est;Veneto;VI;C605;CHIAMPO;24029
Sud;Campania;AV;C606;CHIANCHE;64027
Centro;Toscana;SI;C608;CHIANCIANO TERME;52009
Centro;Toscana;PI;C609;CHIANNI;50012
Nord Ovest;Piemonte;TO;C610;CHIANOCCO;1076
Isole;Sicilia;RG;C612;CHIARAMONTE GULFI;88002
Isole;Sardegna;SS;C613;CHIARAMONTI;90025
Nord Est;Veneto;TV;C614;CHIARANO;26016
Centro;Marche;AN;C615;CHIARAVALLE;42014
Sud;Calabria;CZ;C616;CHIARAVALLE CENTRALE;79029
Nord Ovest;Lombardia;BS;C618;CHIARI;17052
Sud;Basilicata;PZ;C619;CHIAROMONTE;76028
Sud;Molise;IS;C620;CHIAUCI;94015
Nord Ovest;Liguria;GE;C621;CHIAVARI;10015
Nord Ovest;Lombardia;SO;C623;CHIAVENNA;14018
Nord Ovest;Piemonte;TO;C624;CHIAVERANO;1077
Nord Ovest;Piemonte;TO;C627;CHIERI;1078
Nord Ovest;Lombardia;SO;C628;CHIESA IN VALMALENCO;14019
Nord Ovest;Piemonte;TO;C629;CHIESANUOVA;1079
Nord Est;Veneto;BL;C630;CHIES D`ALPAGO;25012
Centro;Toscana;PT;C631;CHIESINA UZZANESE;47022
Sud;Abruzzo;CH;C632;CHIETI;69022
Sud;Puglia;FG;C633;CHIEUTI;71021
Nord Ovest;Lombardia;CR;C634;CHIEVE;19029
Nord Ovest;Lombardia;BG;C635;CHIGNOLO D`ISOLA;16072
Nord Ovest;Lombardia;PV;C637;CHIGNOLO PO;18048
Nord Est;Veneto;VE;C638;CHIOGGIA;27008
Nord Ovest;Piemonte;TO;C639;CHIOMONTE;1080
Nord Est;Friuli- Venezia Giulia;PN;C640;CHIONS;93013
Centro;Toscana;AR;C648;CHITIGNANO;51014
Nord Ovest;Lombardia;BG;C649;CHIUDUNO;16073
Nord Est;Veneto;VI;C650;CHIUPPANO;24030
Nord Ovest;Lombardia;SO;C651;CHIURO;14020
Nord Ovest;Piemonte;CN;C653;CHIUSA DI PESIO;4068
Isole;Sicilia;PA;C654;CHIUSA SCLAFANI;82029
Nord Ovest;Piemonte;TO;C655;CHIUSA DI SAN MICHELE;1081
Nord Est;Friuli- Venezia Giulia;UD;C656;CHIUSAFORTE;30025
Nord Ovest;Liguria;IM;C657;CHIUSANICO;8019
Nord Ovest;Piemonte;AT;C658;CHIUSANO D`ASTI;5038
Sud;Campania;AV;C659;CHIUSANO DI S DOMENICO;64028
Nord Ovest;Liguria;IM;C660;CHIUSAVECCHIA;8020
Centro;Toscana;SI;C661;CHIUSDINO;52010
Centro;Toscana;SI;C662;CHIUSI;52011
Centro;Toscana;AR;C663;CHIUSI DELLA VERNA;51015
Nord Ovest;Piemonte;TO;C665;CHIVASSO;1082
Isole;Sicilia;AG;C668;CIANCIANA;84015
Nord Est;Emilia-Romagna;RE;C669;CIANO D`ENZA;35018
Nord Est;Veneto;TV;C670;CROCETTA DEL MONTELLO;26025
Nord Est;Veneto;BL;C672;CIBIANA DI CADORE;25013
Nord Ovest;Liguria;GE;C673;CICAGNA;10016
Sud;Calabria;CZ;C674;CICALA;79030
Sud;Campania;NA;C675;CICCIANO;63027
Sud;Campania;SA;C676;CICERALE;65042
Centro;Lazio;RM;C677;CICILIANO;58030
Nord Ovest;Lombardia;CR;C678;CICOGNOLO;19030
Nord Ovest;Piemonte;TO;C679;CICONIO;1083
Nord Ovest;Piemonte;VC;C680;CIGLIANO;2042
Nord Ovest;Piemonte;CN;C681;CIGLIE;4069
Nord Ovest;Lombardia;PV;C684;CIGOGNOLA;18049
Nord Ovest;Lombardia;BS;C685;CIGOLE;17053
Nord Ovest;Lombardia;PV;C686;CILAVEGNA;18050
Nord Est;Veneto;TV;C689;CIMADOLMO;26017
Nord Ovest;Lombardia;BS;C691;CIMBERGO;17054
Sud;Calabria;RC;C695;CIMINA`;80026
Isole;Sicilia;PA;C696;CIMINNA;82030
Sud;Campania;NA;C697;CIMITILE;63028
Nord Ovest;Lombardia;BS;C698;TAVERNOLE SUL MELLA;17183
Nord Est;Friuli- Venezia Giulia;PN;C699;CIMOLAIS;93014
Nord Ovest;Piemonte;AT;C701;CINAGLIO;5039
Centro;Lazio;RM;C702;CINETO ROMANO;58031
Nord Ovest;Lombardia;CR;C703;CINGIA DE` BOTTI;19031
Centro;Marche;MC;C704;CINGOLI;43012
Centro;Toscana;GR;C705;CINIGIANO;53007
Nord Ovest;Lombardia;MI;C707;CINISELLO BALSAMO;15077
Isole;Sicilia;PA;C708;CINISI;82031
Nord Ovest;Lombardia;SO;C709;CINO;14021
Sud;Calabria;RC;C710;CINQUEFRONDI;80027
Nord Ovest;Piemonte;TO;C711;CINTANO;1084
Nord Est;Veneto;PD;C713;CINTO EUGANEO;28031
Nord Est;Veneto;VE;C714;CINTO CAOMAGGIORE;27009
Nord Ovest;Piemonte;TO;C715;CINZANO;1085
Sud;Campania;CE;C716;CIORLANO;61030
Nord Ovest;Liguria;IM;C718;CIPRESSA;8021
Sud;Campania;BN;C719;CIRCELLO;62024
Nord Ovest;Piemonte;TO;C722;CIRIE`;1086
Sud;Basilicata;MT;C723;CIRIGLIANO;77005
Nord Ovest;Lombardia;CO;C724;CIRIMIDO;13068
Sud;Calabria;KR;C725;CIRO`;101007
Sud;Calabria;KR;C726;CIRO` MARINA;101008
Nord Ovest;Lombardia;BG;C728;CISANO BERGAMASCO;16074
Nord Ovest;Liguria;SV;C729;CISANO SUL NEVA;9025
Nord Ovest;Lombardia;BG;C730;CISERANO;16075
Nord Ovest;Lombardia;VA;C732;CISLAGO;12050
Nord Ovest;Lombardia;MI;C733;CISLIANO;15078
Nord Est;Veneto;TV;C735;CISON DI VALMARINO;26018
Nord Ovest;Piemonte;CN;C738;CISSONE;4070
Nord Ovest;Piemonte;AT;C739;CISTERNA D`ASTI;5040
Centro;Lazio;LT;C740;CISTERNA DI LATINA;59005
Sud;Puglia;BR;C741;CISTERNINO;74005
Centro;Umbria;PG;C742;CITERNA;54011
Nord Est;Veneto;PD;C743;CITTADELLA;28032
Centro;Umbria;PG;C744;CITTA` DELLA PIEVE;54012
Centro;Umbria;PG;C745;CITTA` DI CASTELLO;54013
Centro;Lazio;RI;C746;CITTADUCALE;57016
Sud;Calabria;RC;C747;CITTANOVA;80028
Centro;Lazio;RI;C749;CITTAREALE;57017
Sud;Abruzzo;PE;C750;CITTA` SANT`ANGELO;68012
Nord Ovest;Lombardia;VA;C751;CITTIGLIO;12051
Nord Ovest;Lombardia;LC;C752;CIVATE;97022
Nord Ovest;Liguria;IM;C755;CIVEZZA;8022
Nord Ovest;Piemonte;VC;C757;CIVIASCO;2043
Nord Est;Friuli- Venezia Giulia;UD;C758;CIVIDALE DEL FRIULI;30026
Nord Ovest;Lombardia;BG;C759;CIVIDATE AL PIANO;16076
Nord Ovest;Lombardia;BS;C760;CIVIDATE CAMUNO;17055
Sud;Calabria;CS;C763;CIVITA;78041
Sud;Molise;CB;C764;CIVITA CAMPOMARANO;70019
Centro;Lazio;VT;C765;CIVITA CASTELLANA;56021
Sud;Abruzzo;AQ;C766;CIVITA D`ANTINO;66034
Centro;Lazio;RM;C767;LANUVIO;58050
Sud;Abruzzo;CH;C768;CIVITALUPARELLA;69023
Sud;Molise;IS;C769;CIVITANOVA DEL SANNIO;94016
Centro;Marche;MC;C770;CIVITANOVA MARCHE;43013
Sud;Abruzzo;PE;C771;CIVITAQUANA;68013
Sud;Molise;CB;C772;DURONIA;70022
Centro;Lazio;RM;C773;CIVITAVECCHIA;58032
Centro;Toscana;AR;C774;CIVITELLA VALDICHIANA;51016
Sud;Abruzzo;CH;C776;CIVITELLA MESS RAIMONDO;69024
Nord Est;Emilia-Romagna;FO;C777;CIVITELLA DI ROMAGNA;40009
Sud;Abruzzo;AQ;C778;CIVITELLA ALFEDENA;66035
Sud;Abruzzo;PE;C779;CIVITELLA CASANOVA;68014
Centro;Lazio;VT;C780;CIVITELLA D`AGLIANO;56022
Sud;Abruzzo;TE;C781;CIVITELLA DEL TRONTO;67017
Centro;Toscana;GR;C782;CIVITELLA PAGANICO;53008
Sud;Abruzzo;AQ;C783;CIVITELLA ROVETO;66036
Centro;Lazio;RM;C784;CIVITELLA SAN PAOLO;58033
Nord Ovest;Lombardia;SO;C785;CIVO;14022
Nord Ovest;Lombardia;CO;C787;CLAINO CON OSTENO;13071
Nord Ovest;Lombardia;BG;C789;UBIALE CLANEZZO;16221
Nord Est;Friuli- Venezia Giulia;PN;C790;CLAUT;93015
Nord Est;Friuli- Venezia Giulia;PN;C791;CLAUZETTO;93016
Nord Ovest;Piemonte;CN;C792;CLAVESANA;4071
Nord Ovest;Piemonte;TO;C793;CLAVIERE;1087
Sud;Calabria;CS;C795;CLETO;78042
Nord Ovest;Lombardia;VA;C796;CLIVIO;12052
Nord Ovest;Lombardia;BG;C800;CLUSONE;16077
Nord Ovest;Piemonte;TO;C801;COASSOLO TORINESE;1088
Nord Ovest;Piemonte;TO;C803;COAZZE;1089
Nord Ovest;Piemonte;AT;C804;COAZZOLO;5041
Nord Ovest;Lombardia;BS;C806;COCCAGLIO;17056
Nord Ovest;Piemonte;AT;C807;COCCONATO;5042
Nord Ovest;Lombardia;VA;C810;COCQUIO-TREVISAGO;12053
Sud;Abruzzo;AQ;C811;COCULLO;66037
Nord Est;Veneto;PD;C812;CODEVIGO;28033
Nord Ovest;Lombardia;PV;C813;CODEVILLA;18051
Nord Est;Emilia-Romagna;FE;C814;CODIGORO;38005
Nord Est;Veneto;TV;C815;CODOGNE`;26019
Nord Ovest;Lombardia;LO;C816;CODOGNO;98019
Nord Est;Friuli- Venezia Giulia;UD;C817;CODROIPO;30027
Isole;Sardegna;SS;C818;CODRONGIANUS;90026
Nord Ovest;Piemonte;BI;C819;COGGIOLA;96019
Nord Ovest;Lombardia;MI;C820;COGLIATE;108020
Nord Ovest;Valle d'Aosta;AO;C821;COGNE;7021
Nord Ovest;Liguria;GE;C823;COGOLETO;10017
Nord Est;Veneto;VI;C824;COGOLLO DEL CENGIO;24032
Nord Ovest;Liguria;GE;C826;COGORNO;10018
Nord Ovest;Piemonte;NO;C829;COLAZZA;3051
Nord Ovest;Lombardia;BG;C835;COLERE;16078
Centro;Lazio;FR;C836;COLFELICE;60027
Nord Est;Emilia-Romagna;PC;C838;COLI;33016
Nord Ovest;Lombardia;LC;C839;COLICO;97023
Centro;Lazio;RI;C841;COLLALTO SABINO;57018
Sud;Abruzzo;AQ;C844;COLLARMELE;66038
Centro;Umbria;PG;C845;COLLAZZONE;54014
Sud;Campania;BN;C846;COLLE SANNITA;62025
Centro;Toscana;SI;C847;COLLE DI VAL D ELSA;52012
Nord Est;Veneto;TV;C848;COLLE UMBERTO;26020
Nord Ovest;Lombardia;BS;C850;COLLEBEATO;17057
Nord Ovest;Lombardia;LC;C851;COLLE BRIANZA;97024
Nord Est;Emilia-Romagna;PR;C852;COLLECCHIO;34009
Sud;Abruzzo;PE;C853;COLLECORVINO;68015
Sud;Molise;CB;C854;COLLE D`ANCHISE;70020
Sud;Abruzzo;CH;C855;COLLEDIMACINE;69025
Sud;Abruzzo;CH;C856;COLLEDIMEZZO;69026
Centro;Lazio;RI;C857;COLLE DI TORA;57019
Centro;Lazio;RM;C858;COLLEFERRO;58034
Centro;Lazio;RI;C859;COLLEGIOVE;57020
Nord Ovest;Piemonte;TO;C860;COLLEGNO;1090
Sud;Abruzzo;AQ;C862;COLLELONGO;66039
Centro;Lazio;FR;C864;COLLEPARDO;60028
Sud;Puglia;LE;C865;COLLEPASSO;75021
Sud;Abruzzo;AQ;C866;COLLEPIETRO;66040
Nord Ovest;Piemonte;TO;C867;COLLERETTO CASTELNUOVO;1091
Nord Ovest;Piemonte;TO;C868;COLLERETTO GIACOSA;1092
Centro;Toscana;LI;C869;COLLESALVETTI;49008
Centro;Lazio;FR;C870;COLLE SAN MAGNO;60029
Isole;Sicilia;PA;C871;COLLESANO;82032
Sud;Molise;CB;C875;COLLETORTO;70021
Centro;Lazio;RI;C876;COLLEVECCHIO;57021
Centro;Marche;AP;C877;COLLI DEL TRONTO;44014
Sud;Molise;IS;C878;COLLI A VOLTURNO;94017
Sud;Campania;SA;C879;COLLIANO;65043
Centro;Lazio;RI;C880;COLLI SUL VELINO;57022
Isole;Sardegna;CA;C882;COLLINAS;111012
Nord Ovest;Lombardia;BS;C883;COLLIO;17058
Nord Ovest;Piemonte;VC;C884;COLLOBIANO;2045
Nord Est;Friuli- Venezia Giulia;UD;C885;COLLOREDO MONTE ALBANO;30028
Centro;Marche;MC;C886;COLMURANO;43014
Sud;Basilicata;MT;C888;COLOBRARO;77006
Nord Est;Veneto;VR;C890;COLOGNA VENETA;23027
Nord Ovest;Lombardia;BS;C893;COLOGNE;17059
Nord Ovest;Lombardia;BG;C894;COLOGNO AL SERIO;16079
Nord Ovest;Lombardia;MI;C895;COLOGNO MONZESE;15081
Nord Est;Veneto;VR;C897;COLOGNOLA AI COLLI;23028
Centro;Lazio;RM;C900;COLONNA;58035
Sud;Abruzzo;TE;C901;COLONNELLA;67019
Nord Ovest;Lombardia;CO;C902;COLONNO;13074
Nord Ovest;Lombardia;SO;C903;COLORINA;14023
Nord Est;Emilia-Romagna;PR;C904;COLORNO;34010
Sud;Calabria;CS;C905;COLOSIMI;78043
Nord Ovest;Lombardia;MI;C908;COLTURANO;15082
Nord Ovest;Lombardia;BG;C910;COLZATE;16080
Nord Ovest;Lombardia;VA;C911;COMABBIO;12054
Nord Est;Emilia-Romagna;FE;C912;COMACCHIO;38006
Centro;Toscana;MS;C914;COMANO;45005
Nord Ovest;Lombardia;LO;C917;COMAZZO;98020
Nord Est;Friuli- Venezia Giulia;UD;C918;COMEGLIANS;30029
Nord Est;Veneto;BL;C919;SANTO STEFANO DI CADORE;25050
Nord Est;Veneto;BL;C920;COMELICO SUPERIORE;25015
Nord Ovest;Lombardia;VA;C922;COMERIO;12055
Nord Ovest;Lombardia;BS;C925;COMEZZANO-CIZZAGO;17060
Nord Ovest;Piemonte;NO;C926;COMIGNAGO;3052
Isole;Sicilia;RG;C927;COMISO;88003
Isole;Sicilia;AG;C928;COMITINI;84016
Sud;Campania;NA;C929;COMIZIANO;63029
Nord Ovest;Lombardia;MN;C930;COMMESSAGGIO;20020
Nord Ovest;Lombardia;CO;C933;COMO;13075
Nord Est;Emilia-Romagna;PR;C934;COMPIANO;34011
Centro;Marche;AP;C935;COMUNANZA;44015
Nord Ovest;Lombardia;CO;C936;VALSOLDA;13234
Nord Ovest;Lombardia;BG;C937;COMUN NUOVO;16081
Nord Est;Veneto;VE;C938;CONA;27010
Sud;Campania;CE;C939;CONCA DELLA CAMPANIA;61031
Sud;Campania;SA;C940;CONCA DEI MARINI;65044
Sud;Molise;IS;C941;CONCA CASALE;94018
Nord Est;Veneto;VR;C943;CONCAMARISE;23029
Centro;Lazio;RI;C946;CONCERVIANO;57023
Nord Ovest;Lombardia;BS;C948;CONCESIO;17061
Nord Est;Veneto;VE;C950;CONCORDIA SAGITTARIA;27011
Nord Est;Emilia-Romagna;MO;C951;CONCORDIA SULLA SECCHIA;36010
Nord Ovest;Lombardia;MI;C952;CONCOREZZO;108021
Sud;Calabria;RC;C954;CONDOFURI;80029
Nord Ovest;Piemonte;TO;C955;CONDOVE;1093
Isole;Sicilia;ME;C956;CONDRO`;83018
Nord Est;Veneto;TV;C957;CONEGLIANO;26021
Nord Ovest;Lombardia;PV;C958;CONFIENZA;18052
Centro;Lazio;RI;C959;CONFIGNI;57024
Sud;Calabria;CZ;C960;CONFLENTI;79033
Nord Ovest;Piemonte;AL;C962;CONIOLO;6060
Nord Est;Emilia-Romagna;RA;C963;CONSELICE;39008
Nord Est;Veneto;PD;C964;CONSELVE;28034
Isole;Sicilia;PA;C968;CONTESSA ENTELLINA;82033
Centro;Lazio;RI;C969;CONTIGLIANO;57025
Sud;Campania;AV;C971;CONTRADA;64029
Sud;Abruzzo;TE;C972;CONTROGUERRA;67020
Sud;Campania;SA;C973;CONTRONE;65045
Sud;Campania;SA;C974;CONTURSI TERME;65046
Sud;Puglia;BA;C975;CONVERSANO;72019
Sud;Campania;AV;C976;CONZA DELLA CAMPANIA;64030
Nord Ovest;Piemonte;AL;C977;CONZANO;6061
Sud;Puglia;LE;C978;COPERTINO;75022
Nord Ovest;Lombardia;PV;C979;COPIANO;18053
Nord Est;Emilia-Romagna;FE;C980;COPPARO;38007
Nord Ovest;Lombardia;PV;C982;CORANA;18054
Sud;Puglia;BA;C983;CORATO;72020
Sud;Campania;SA;C984;CORBARA;65047
Nord Ovest;Lombardia;MI;C986;CORBETTA;15085
Nord Est;Veneto;RO;C987;CORBOLA;29017
Centro;Lazio;VT;C988;CORCHIANO;56023
Centro;Umbria;PG;C990;CORCIANO;54015
Nord Est;Friuli- Venezia Giulia;PN;C991;CORDENONS;93017
Nord Est;Veneto;TV;C992;CORDIGNANO;26022
Nord Est;Friuli- Venezia Giulia;PN;C993;CORDOVADO;93018
Nord Ovest;Liguria;GE;C995;COREGLIA LIGURE;10019
Centro;Toscana;LU;C996;COREGLIA ANTELMINELLI;46011
Centro;Lazio;FR;C998;CORENO AUSONIO;60030
Sud;Abruzzo;AQ;C999;CORFINIO;66041
Centro;Lazio;LT;D003;CORI;59006
Nord Est;Emilia-Romagna;RN;D004;CORIANO;99003
Sud;Puglia;LE;D006;CORIGLIANO D'OTRANTO;75023
Centro;Marche;AN;D007;CORINALDO;42015
Nord Ovest;Piemonte;TO;D008;CORIO;1094
Isole;Sicilia;PA;D009;CORLEONE;82034
Sud;Basilicata;PZ;D010;CORLETO PERTICARA;76029
Sud;Campania;SA;D011;CORLETO MONFORTE;65048
Nord Ovest;Valle d'Aosta;AO;D012;COURMAYEUR;7022
Nord Ovest;Lombardia;MI;D013;CORMANO;15086
Nord Ovest;Lombardia;BG;D015;CORNA IMAGNA;16082
Nord Ovest;Lombardia;BG;D016;CORNALBA;16249
Nord Ovest;Lombardia;MI;D018;CORNAREDO;15087
Nord Ovest;Lombardia;MI;D019;CORNATE D`ADDA;108053
Nord Est;Veneto;VI;D020;CORNEDO VICENTINO;24034
Nord Ovest;Lombardia;LO;D021;CORNEGLIANO LAUDENSE;98021
Nord Ovest;Piemonte;CN;D022;CORNELIANO D`ALBA;4072
Centro;Lazio;VT;D024;TARQUINIA;56050
Nord Est;Emilia-Romagna;PR;D026;CORNIGLIO;34012
Nord Est;Friuli- Venezia Giulia;UD;D027;CORNO DI ROSAZZO;30030
Nord Ovest;Lombardia;LO;D028;CORNO GIOVINE;98022
Nord Ovest;Lombardia;LO;D029;CORNOVECCHIO;98023
Nord Est;Veneto;TV;D030;CORNUDA;26023
Nord Ovest;Lombardia;MI;D033;MORIMONDO;15150
Nord Est;Emilia-Romagna;RE;D037;CORREGGIO;35020
Nord Ovest;Lombardia;MI;D038;CORREZZANA;108022
Nord Est;Veneto;PD;D040;CORREZZOLA;28035
Nord Ovest;Lombardia;CO;D041;CORRIDO;13077
Centro;Marche;MC;D042;CORRIDONIA;43015
Sud;Abruzzo;TE;D043;CORROPOLI;67021
Sud;Puglia;LE;D044;CORSANO;75024
Nord Ovest;Lombardia;MI;D045;CORSICO;15093
Nord Ovest;Piemonte;AT;D046;CORSIONE;5044
Sud;Calabria;CZ;D049;CORTALE;79034
Nord Ovest;Piemonte;AT;D050;CORTANDONE;5045
Nord Ovest;Piemonte;AT;D051;CORTANZE;5046
Nord Ovest;Piemonte;AT;D052;CORTAZZONE;5047
Nord Est;Emilia-Romagna;PC;D054;CORTE BRUGNATELLA;33017
Nord Ovest;Lombardia;CR;D056;CORTE DE` CORTESI CON CIGNONE;19032
Nord Ovest;Lombardia;CR;D057;CORTE DE` FRATI;19033
Nord Ovest;Lombardia;BS;D058;CORTE FRANCA;17062
Nord Est;Emilia-Romagna;PC;D061;CORTEMAGGIORE;33018
Nord Ovest;Piemonte;CN;D062;CORTEMILIA;4073
Nord Ovest;Lombardia;BS;D064;CORTENO GOLGI;17063
Nord Ovest;Lombardia;LC;D065;CORTENOVA;97025
Nord Ovest;Lombardia;BG;D066;CORTENUOVA;16083
Nord Ovest;Lombardia;LO;D068;CORTE PALASIO;98024
Nord Ovest;Piemonte;AT;D072;CORTIGLIONE;5048
Sud;Abruzzo;TE;D076;CORTINO;67022
Centro;Toscana;AR;D077;CORTONA;51017
Sud;Abruzzo;PE;D078;CORVARA;68016
Nord Ovest;Lombardia;PV;D081;CORVINO SAN QUIRICO;18057
Nord Ovest;Lombardia;BS;D082;CORZANO;17064
Nord Est;Friuli- Venezia Giulia;UD;D085;COSEANO;30031
Sud;Calabria;CS;D086;COSENZA;78045
Nord Ovest;Liguria;IM;D087;COSIO D`ARROSCIA;8023
Nord Ovest;Lombardia;SO;D088;COSIO VALTELLINO;14024
Sud;Calabria;RC;D089;COSOLETO;80030
Nord Ovest;Piemonte;TO;D092;COSSANO CANAVESE;1095
Nord Ovest;Piemonte;CN;D093;COSSANO BELBO;4074
Nord Ovest;Piemonte;BI;D094;COSSATO;96020
Nord Ovest;Liguria;SV;D095;COSSERIA;9026
Centro;Marche;AP;D096;COSSIGNANO;44016
Nord Ovest;Piemonte;VB;D099;COSSOGNO;103023
Isole;Sardegna;SS;D100;COSSOINE;90027
Nord Ovest;Piemonte;AT;D101;COSSOMBRATO;5049
Nord Ovest;Piemonte;AL;D102;COSTA VESCOVATO;6062
Nord Ovest;Lombardia;BG;D103;COSTA VALLE IMAGNA;16085
Nord Est;Veneto;RO;D105;COSTA DI ROVIGO;29018
Nord Est;Veneto;VI;D107;COSTABISSARA;24035
Centro;Umbria;PG;D108;COSTACCIARO;54016
Nord Ovest;Lombardia;PV;D109;COSTA DEI NOBILI;18058
Nord Ovest;Lombardia;BG;D110;COSTA DI MEZZATE;16084
Nord Ovest;Lombardia;BG;D111;COSTA DI SERINA;16247
Nord Ovest;Lombardia;LC;D112;COSTA MASNAGA;97026
Nord Ovest;Piemonte;VC;D113;COSTANZANA;2047
Nord Ovest;Liguria;IM;D114;COSTARAINERA;8024
Nord Ovest;Lombardia;BG;D117;COSTA VOLPINO;16086
Nord Est;Veneto;VR;D118;COSTERMANO;23030
Nord Ovest;Piemonte;AT;D119;COSTIGLIOLE D`ASTI;5050
Nord Ovest;Piemonte;CN;D120;COSTIGLIOLE SALUZZO;4075
Nord Est;Emilia-Romagna;RA;D121;COTIGNOLA;39009
Sud;Calabria;KR;D122;CROTONE;101010
Sud;Calabria;KR;D123;COTRONEI;101009
Centro;Lazio;RI;D124;COTTANELLO;57026
Nord Ovest;Lombardia;BG;D126;COVO;16087
Nord Ovest;Lombardia;PV;D127;COZZO;18059
Sud;Basilicata;MT;D128;CRACO;77007
Nord Ovest;Lombardia;LC;D131;CRANDOLA VALSASSINA;97027
Nord Ovest;Piemonte;VC;D132;CRAVAGLIANA;2048
Nord Ovest;Piemonte;CN;D133;CRAVANZANA;4076
Nord Ovest;Piemonte;VB;D134;CRAVEGGIA;103024
Nord Est;Veneto;VI;D136;CREAZZO;24036
Sud;Abruzzo;CH;D137;CRECCHIO;69027
Nord Ovest;Lombardia;BG;D139;CREDARO;16088
Nord Ovest;Lombardia;CR;D141;CREDERA RUBBIANO;19034
Nord Ovest;Lombardia;CR;D142;CREMA;19035
Nord Ovest;Lombardia;LC;D143;CREMELLA;97028
Nord Ovest;Lombardia;VA;D144;CREMENAGA;12056
Nord Ovest;Lombardia;LC;D145;CREMENO;97029
Nord Ovest;Lombardia;CO;D147;CREMIA;13083
Nord Ovest;Piemonte;AL;D149;CREMOLINO;6063
Nord Ovest;Lombardia;CR;D150;CREMONA;19036
Nord Ovest;Lombardia;CR;D151;CREMOSANO;19037
Nord Ovest;Piemonte;VC;D154;CRESCENTINO;2049
Nord Est;Veneto;VI;D156;CRESPADORO;24037
Nord Ovest;Lombardia;LO;D159;CRESPIATICA;98025
Nord Est;Veneto;RO;D161;CRESPINO;29019
Nord Ovest;Piemonte;NO;D162;CRESSA;3055
Nord Ovest;Piemonte;BI;D165;CREVACUORE;96021
Nord Est;Emilia-Romagna;BO;D166;CREVALCORE;37024
Nord Ovest;Piemonte;VB;D168;CREVOLADOSSOLA;103025
Sud;Campania;NA;D170;CRISPANO;63030
Sud;Puglia;TA;D171;CRISPIANO;73004
Nord Ovest;Piemonte;CN;D172;CRISSOLO;4077
Nord Ovest;Liguria;GE;D175;CROCEFIESCHI;10020
Nord Ovest;Piemonte;VB;D177;CRODO;103026
Sud;Abruzzo;TE;D179;CROGNALETO;67023
Sud;Calabria;CS;D180;CROPALATI;78046
Sud;Calabria;CZ;D181;CROPANI;79036
Sud;Calabria;CS;D184;CROSIA;78047
Nord Ovest;Lombardia;VA;D185;CROSIO DELLA VALLE;12057
Nord Ovest;Lombardia;CR;D186;CROTTA D`ADDA;19038
Nord Ovest;Piemonte;VC;D187;CROVA;2052
Sud;Calabria;KR;D189;CRUCOLI;101011
Nord Ovest;Lombardia;VA;D192;CUASSO AL MONTE;12058
Nord Est;Veneto;VR;D193;VERONELLA;23092
Sud;Campania;SA;D195;CUCCARO VETERE;65049
Nord Ovest;Lombardia;CO;D196;CUCCIAGO;13084
Nord Ovest;Piemonte;TO;D197;CUCEGLIO;1096
Nord Ovest;Lombardia;MI;D198;CUGGIONO;15096
Nord Ovest;Lombardia;VA;D199;CUGLIATE-FABIASCO;12059
Isole;Sardegna;OR;D200;CUGLIERI;95019
Sud;Abruzzo;PE;D201;CUGNOLI;68017
Nord Ovest;Piemonte;TO;D202;CUMIANA;1097
Nord Ovest;Lombardia;CR;D203;CUMIGNANO SUL NAVIGLIO;19039
Nord Ovest;Lombardia;VA;D204;CUNARDO;12060
Nord Ovest;Piemonte;CN;D205;CUNEO;4078
Nord Ovest;Piemonte;AT;D207;CUNICO;5051
Nord Ovest;Piemonte;TO;D208;CUORGNE`;1098
Sud;Abruzzo;CH;D209;CUPELLO;69028
Centro;Marche;AP;D210;CUPRA MARITTIMA;44017
Centro;Marche;AN;D211;CUPRAMONTANA;42016
Isole;Sardegna;OR;D214;CURCURIS;95077
Nord Ovest;Piemonte;NO;D216;CUREGGIO;3058
Nord Ovest;Lombardia;VA;D217;CURIGLIA C MONTEVIASCO;12061
Sud;Calabria;CZ;D218;CURINGA;79039
Nord Ovest;Piemonte;BI;D219;CURINO;96023
Nord Ovest;Lombardia;BG;D221;CURNO;16089
Sud;Puglia;LE;D223;CURSI;75025
Nord Est;Veneto;PD;D226;CURTAROLO;28036
Nord Ovest;Lombardia;MN;D227;CURTATONE;20021
Sud;Campania;CE;D228;CURTI;61032
Nord Ovest;Lombardia;MI;D229;CUSAGO;15097
Sud;Campania;BN;D230;CUSANO MUTRI;62026
Nord Ovest;Lombardia;MI;D231;CUSANO MILANINO;15098
Nord Ovest;Lombardia;CO;D232;CUSINO;13085
Nord Ovest;Lombardia;BG;D233;CUSIO;16090
Isole;Sicilia;TP;D234;CUSTONACI;81007
Sud;Calabria;KR;D236;CUTRO;101012
Sud;Puglia;LE;D237;CUTROFIANO;75026
Nord Ovest;Lombardia;VA;D238;CUVEGLIO;12062
Nord Ovest;Lombardia;VA;D239;CUVIO;12063
Nord Ovest;Lombardia;MI;D244;DAIRAGO;15099
Nord Ovest;Lombardia;BG;D245;DALMINE;16091
Nord Est;Veneto;BL;D247;DANTA DI CADORE;25017
Nord Ovest;Lombardia;BS;D251;DARFO BOARIO TERME;17065
Sud;Calabria;VV;D253;DASA';102007
Nord Ovest;Liguria;GE;D255;DAVAGNA;10021
Nord Ovest;Lombardia;VA;D256;DAVERIO;12064
Sud;Calabria;CZ;D257;DAVOLI;79042
Nord Ovest;Lombardia;SO;D258;DAZIO;14025
Isole;Sardegna;CA;D259;DECIMOMANNU;92015
Isole;Sardegna;CA;D260;DECIMOPUTZU;111013
Sud;Calabria;CZ;D261;DECOLLATURA;79043
Nord Ovest;Liguria;SV;D264;DEGO;9027
Nord Ovest;Liguria;SP;D265;DEIVA MARINA;11012
Nord Ovest;Lombardia;SO;D266;DELEBIO;14026
Isole;Sicilia;CL;D267;DELIA;85006
Sud;Calabria;RC;D268;DELIANUOVA;80031
Sud;Puglia;FG;D269;DELICETO;71022
Nord Ovest;Lombardia;BS;D270;DELLO;17066
Nord Ovest;Piemonte;CN;D271;DEMONTE;4079
Nord Ovest;Piemonte;AL;D272;DENICE;6065
Nord Ovest;Piemonte;AL;D277;DERNICE;6066
Nord Ovest;Lombardia;CR;D278;DEROVERE;19040
Centro;Umbria;PG;D279;DERUTA;54017
Nord Ovest;Lombardia;LC;D280;DERVIO;97030
Nord Ovest;Piemonte;VC;D281;DESANA;2054
Nord Ovest;Lombardia;BS;D284;DESENZANO DEL GARDA;17067
Nord Ovest;Lombardia;MI;D286;DESIO;108023
Isole;Sardegna;NU;D287;DESULO;91016
Sud;Calabria;CS;D289;DIAMANTE;78048
Sud;Calabria;CS;D290;SCIGLIANO;78139
Nord Ovest;Piemonte;CN;D291;DIANO D`ALBA;4080
Sud;Campania;SA;D292;TEGGIANO;65146
Nord Ovest;Liguria;IM;D293;DIANO ARENTINO;8025
Nord Ovest;Liguria;IM;D296;DIANO CASTELLO;8026
Nord Ovest;Liguria;IM;D297;DIANO MARINA;8027
Nord Ovest;Liguria;IM;D298;DIANO SAN PIETRO;8028
Centro;Toscana;FI;D299;DICOMANO;48013
Nord Est;Friuli- Venezia Giulia;UD;D300;DIGNANO;30032
Sud;Calabria;VV;D303;DINAMI;102008
Sud;Calabria;CS;D304;DIPIGNANO;78049
Sud;Puglia;LE;D305;DISO;75027
Nord Ovest;Piemonte;NO;D309;DIVIGNANO;3060
Nord Ovest;Lombardia;CO;D310;DIZZASCO;13087
Nord Ovest;Piemonte;CN;D314;DOGLIANI;4081
Sud;Abruzzo;CH;D315;DOGLIOLA;69029
Nord Est;Friuli- Venezia Giulia;UD;D316;DOGNA;30033
Nord Est;Veneto;VR;D317;DOLCE`;23031
Nord Ovest;Liguria;IM;D318;DOLCEACQUA;8029
Nord Ovest;Liguria;IM;D319;DOLCEDO;8030
Isole;Sardegna;CA;D323;DOLIANOVA;111014
Nord Est;Veneto;VE;D325;DOLO;27012
Nord Ovest;Lombardia;LC;D327;DOLZAGO;97031
Sud;Calabria;CS;D328;DOMANICO;78050
Nord Ovest;Lombardia;CO;D329;DOMASO;13089
Nord Est;Veneto;BL;D330;DOMEGGE DI CADORE;25018
Sud;Campania;AV;D331;DOMICELLA;64031
Nord Ovest;Piemonte;VB;D332;DOMODOSSOLA;103028
Isole;Sardegna;CA;D333;DOMUS DE MARIA;111015
Isole;Sardegna;CA;D334;DOMUSNOVAS;111016
Nord Ovest;Valle d'Aosta;AO;D338;DONNAS;7023
Nord Ovest;Piemonte;BI;D339;DONATO;96024
Nord Ovest;Lombardia;CO;D341;DONGO;13090
Isole;Sardegna;CA;D344;DONORI;111017
Isole;Sardegna;NU;D345;DORGALI;91017
Nord Ovest;Lombardia;LC;D346;DORIO;97032
Nord Ovest;Piemonte;NO;D347;DORMELLETTO;3062
Nord Ovest;Lombardia;PV;D348;DORNO;18061
Nord Ovest;Piemonte;BI;D350;DORZANO;96025
Nord Ovest;Lombardia;MN;D351;DOSOLO;20022
Nord Ovest;Lombardia;BG;D352;DOSSENA;16092
Nord Ovest;Lombardia;CO;D355;DOSSO DEL LIRO;13092
Nord Ovest;Valle d'Aosta;AO;D356;DOUES;7024
Nord Est;Emilia-Romagna;FO;D357;DOVADOLA;40011
Nord Ovest;Lombardia;CR;D358;DOVERA;19041
Nord Est;Emilia-Romagna;BO;D360;DOZZA;37025
Sud;Campania;CE;D361;DRAGONI;61033
Sud;Calabria;VV;D364;DRAPIA;102009
Nord Est;Friuli- Venezia Giulia;UD;D366;DRENCHIA;30034
Nord Ovest;Lombardia;MI;D367;DRESANO;15101
Nord Ovest;Piemonte;CN;D372;DRONERO;4082
Nord Ovest;Piemonte;TO;D373;DRUENTO;1099
Nord Ovest;Piemonte;VB;D374;DRUOGNO;103029
Isole;Sardegna;NU;D376;DUALCHI;91018
Nord Ovest;Lombardia;SO;D377;DUBINO;14027
Nord Est;Veneto;VI;D379;DUEVILLE;24038
Sud;Campania;BN;D380;DUGENTA;62027
Nord Ovest;Lombardia;VA;D384;DUMENZA;12065
Nord Ovest;Lombardia;VA;D385;DUNO;12066
Sud;Campania;BN;D386;DURAZZANO;62028
Nord Ovest;Piemonte;AT;D388;DUSINO SAN MICHELE;5052
Sud;Campania;SA;D390;EBOLI;65050
Nord Ovest;Lombardia;BS;D391;EDOLO;17068
Sud;Abruzzo;PE;D394;ELICE;68018
Nord Ovest;Lombardia;LC;D398;ELLO;97033
Isole;Sardegna;CA;D399;ELMAS;92108
Nord Ovest;Piemonte;CN;D401;ELVA;4083
Nord Ovest;Valle d'Aosta;AO;D402;EMARESE;7025
Centro;Toscana;FI;D403;EMPOLI;48014
Nord Ovest;Lombardia;BG;D406;ENDINEGAIANO;16093
Nord Est;Veneto;VI;D407;ENEGO;24039
Nord Est;Friuli- Venezia Giulia;UD;D408;ENEMONZO;30035
Nord Ovest;Piemonte;CN;D410;ENTRACQUE;4084
Nord Ovest;Lombardia;BG;D411;ENTRATICO;16094
Nord Ovest;Piemonte;CN;D412;ENVIE;4085
Sud;Basilicata;PZ;D414;EPISCOPIA;76030
Nord Est;Veneto;VE;D415;ERACLEA;27013
Nord Ovest;Lombardia;CO;D416;ERBA;13095
Nord Est;Veneto;VR;D419;ERBE`;23032
Nord Est;Veneto;VR;D420;ERBEZZO;23033
Nord Ovest;Lombardia;BS;D421;ERBUSCO;17069
Sud;Puglia;BR;D422;ERCHIE;74006
Isole;Sicilia;TP;D423;ERICE;81008
Nord Ovest;Liguria;SV;D424;ERLI;9028
Nord Est;Friuli- Venezia Giulia;PN;D426;ERTO E CASSO;93019
Nord Ovest;Lombardia;LC;D428;ERVE;97034
Centro;Marche;MC;D429;ESANATOGLIA;43016
Isole;Sardegna;NU;D430;ESCALAPLANO;111018
Isole;Sardegna;NU;D431;ESCOLCA;111019
Nord Ovest;Piemonte;TO;D433;EXILLES;1100
Nord Ovest;Lombardia;BS;D434;ESINE;17070
Nord Ovest;Lombardia;LC;D436;ESINO LARIO;97035
Centro;Lazio;FR;D440;ESPERIA;60031
Isole;Sardegna;SS;D441;ESPORLATU;90028
Nord Est;Veneto;PD;D442;ESTE;28037
Isole;Sardegna;NU;D443;ESTERZILI;111020
Nord Ovest;Valle d'Aosta;AO;D444;ETROUBLES;7026
Nord Ovest;Lombardia;CO;D445;EUPILIO;13097
Nord Ovest;Piemonte;AL;D447;FABBRICA CURONE;6067
Nord Est;Emilia-Romagna;RE;D450;FABBRICO;35021
Centro;Marche;AN;D451;FABRIANO;42017
Centro;Lazio;VT;D452;FABRICA DI ROMA;56024
Sud;Calabria;VV;D453;FABRIZIA;102010
Centro;Umbria;TR;D454;FABRO;55011
Nord Est;Friuli- Venezia Giulia;UD;D455;FAEDIS;30036
Nord Ovest;Lombardia;SO;D456;FAEDO VALTELLINO;14028
Nord Est;Emilia-Romagna;RA;D458;FAENZA;39010
Sud;Puglia;FG;D459;FAETO;71023
Nord Est;Friuli- Venezia Giulia;UD;D461;FAGAGNA;30037
Nord Ovest;Lombardia;CO;D462;FAGGETO LARIO;13098
Sud;Puglia;TA;D463;FAGGIANO;73005
Sud;Calabria;CS;D464;FAGNANO CASTELLO;78051
Sud;Abruzzo;AQ;D465;FAGNANO ALTO;66042
Nord Ovest;Lombardia;VA;D467;FAGNANO OLONA;12067
Sud;Campania;BN;D469;FAICCHIO;62029
Nord Est;Veneto;BL;D470;FALCADE;25019
Centro;Marche;AN;D472;FALCONARA MARITTIMA;42018
Sud;Calabria;CS;D473;FALCONARA ALBANESE;78052
Isole;Sicilia;ME;D474;FALCONE;83019
Centro;Lazio;VT;D475;FALERIA;56025
Sud;Calabria;CZ;D476;FALERNA;79047
Centro;Marche;AP;D477;FALERONE;109005
Sud;Abruzzo;CH;D480;FALLO;69104
Nord Ovest;Lombardia;CO;D482;FALOPPIO;13099
Centro;Lazio;FR;D483;FALVATERRA;60032
Nord Est;Emilia-Romagna;MO;D486;FANANO;36011
Nord Est;Friuli- Venezia Giulia;PN;D487;FANNA;93020
Centro;Marche;PS;D488;FANO;41013
Sud;Abruzzo;TE;D489;FANO ADRIANO;67024
Nord Ovest;Lombardia;BG;D490;FARA GERA D`ADDA;16096
Nord Ovest;Lombardia;BG;D491;FARA OLIVANA CON SOLA;16097
Nord Ovest;Piemonte;NO;D492;FARA NOVARESE;3065
Centro;Lazio;RI;D493;FARA IN SABINA;57027
Sud;Abruzzo;CH;D494;FARA FILIORUM PETRI;69030
Sud;Abruzzo;CH;D495;FARA SAN MARTINO;69031
Nord Est;Veneto;VI;D496;FARA VICENTINO;24040
Sud;Basilicata;PZ;D497;FARDELLA;76031
Nord Ovest;Piemonte;CN;D499;FARIGLIANO;4086
Sud;Abruzzo;PE;D501;FARINDOLA;68019
Nord Est;Emilia-Romagna;PC;D502;FARINI;33019
Centro;Lazio;VT;D503;FARNESE;56026
Nord Est;Veneto;TV;D505;FARRA DI SOLIGO;26026
Sud;Puglia;BR;D508;FASANO;74007
Nord Ovest;Liguria;GE;D509;FASCIA;10022
Centro;Toscana;PI;D510;FAUGLIA;50014
Nord Ovest;Piemonte;CN;D511;FAULE;4087
Nord Ovest;Liguria;GE;D512;FAVALE DI MALVARO;10023
Sud;Basilicata;MT;D513;VALSINNI;77030
Isole;Sicilia;AG;D514;FAVARA;84017
Isole;Sicilia;TP;D518;FAVIGNANA;81009
Nord Ovest;Piemonte;TO;D520;FAVRIA;1101
Nord Ovest;Liguria;SV;D522;ORCO FEGLINO;9044
Nord Ovest;Piemonte;CN;D523;FEISOGLIO;4088
Nord Ovest;Piemonte;TO;D524;FELETTO;1102
Nord Est;Emilia-Romagna;PR;D526;FELINO;34013
Sud;Campania;SA;D527;FELITTO;65051
Nord Ovest;Piemonte;AL;D528;FELIZZANO;6068
Nord Est;Veneto;BL;D530;FELTRE;25021
Nord Ovest;Lombardia;CO;D531;FENEGRO`;13100
Nord Ovest;Piemonte;TO;D532;FENESTRELLE;1103
Nord Ovest;Valle d'Aosta;AO;D537;FENIS;7027
Centro;Umbria;TR;D538;FERENTILLO;55012
Centro;Lazio;FR;D539;FERENTINO;60033
Isole;Sicilia;SR;D540;FERLA;89008
Centro;Marche;PS;D541;FERMIGNANO;41014
Centro;Marche;AP;D542;FERMO;109006
Nord Ovest;Lombardia;VA;D543;FERNO;12068
Sud;Calabria;CZ;D544;FEROLETO ANTICO;79048
Sud;Calabria;RC;D545;FEROLETO DELLA CHIESA;80032
Sud;Calabria;CZ;D546;PIANOPOLI;79096
Sud;Basilicata;MT;D547;FERRANDINA;77008
Nord Est;Emilia-Romagna;FE;D548;FERRARA;38008
Nord Est;Veneto;VR;D549;FERRARA DI MONTE BALDO;23034
Sud;Molise;CB;D550;FERRAZZANO;70023
Nord Ovest;Lombardia;VA;D551;FERRERA DI VARESE;12069
Nord Ovest;Lombardia;PV;D552;FERRERA ERBOGNONE;18062
Nord Ovest;Piemonte;TO;D553;MONCENISIO;1157
Nord Ovest;Piemonte;AT;D554;FERRERE;5053
Nord Est;Emilia-Romagna;PC;D555;FERRIERE;33020
Sud;Calabria;RC;D557;FERRUZZANO;80033
Nord Ovest;Piemonte;AL;D559;FRACONALTO;6069
Centro;Lazio;RI;D560;FIAMIGNANO;57028
Centro;Lazio;RM;D561;FIANO ROMANO;58036
Nord Ovest;Piemonte;TO;D562;FIANO;1104
Centro;Marche;MC;D564;FIASTRA;43017
Centro;Marche;MC;D566;POGGIO SAN VICINO;43040
Isole;Sicilia;PA;D567;FICARAZZI;82035
Nord Est;Veneto;RO;D568;FICAROLO;29021
Isole;Sicilia;ME;D569;FICARRA;83020
Centro;Umbria;TR;D570;FICULLE;55013
Nord Ovest;Lombardia;CR;D574;FIESCO;19043
Centro;Toscana;FI;D575;FIESOLE;48015
Nord Ovest;Lombardia;BS;D576;FIESSE;17071
Nord Est;Veneto;RO;D577;FIESSO UMBERTIANO;29022
Nord Est;Veneto;VE;D578;FIESSO D`ARTICO;27014
Nord Ovest;Lombardia;CO;D579;FIGINO SERENZA;13101
Sud;Calabria;CS;D582;FIGLINE VEGLIATURO;78053
Isole;Sardegna;OR;D585;GONNOSNO`;95023
Centro;Lazio;RM;D586;FILACCIANO;58037
Sud;Calabria;VV;D587;FILADELFIA;102011
Nord Ovest;Lombardia;BG;D588;FILAGO;16098
Sud;Calabria;VV;D589;FILANDARI;102012
Centro;Toscana;MS;D590;FILATTIERA;45006
Centro;Lazio;FR;D591;FILETTINO;60034
Sud;Abruzzo;CH;D592;FILETTO;69032
Sud;Basilicata;PZ;D593;FILIANO;76032
Nord Ovest;Lombardia;PV;D594;FILIGHERA;18063
Sud;Molise;IS;D595;FILIGNANO;94019
Sud;Calabria;VV;D596;FILOGASO;102013
Centro;Marche;AN;D597;FILOTTRANO;42019
Nord Est;Emilia-Romagna;MO;D599;FINALE EMILIA;36012
Nord Ovest;Liguria;SV;D600;FINALE LIGURE;9029
Nord Ovest;Lombardia;BG;D604;FINO DEL MONTE;16099
Nord Ovest;Lombardia;CO;D605;FINO MORNASCO;13102
Nord Ovest;Lombardia;BG;D606;FIORANO AL SERIO;16100
Nord Est;Emilia-Romagna;MO;D607;FIORANO MODENESE;36013
Nord Ovest;Piemonte;TO;D608;FIORANO CANAVESE;1105
Nord Est;Emilia-Romagna;PC;D611;FIORENZUOLA D`ARDA;33021
Centro;Toscana;FI;D612;FIRENZE;48017
Centro;Toscana;FI;D613;FIRENZUOLA;48018
Sud;Calabria;CS;D614;FIRMO;78054
Sud;Campania;SA;D615;FISCIANO;65052
Nord Est;Emilia-Romagna;MO;D617;FIUMALBO;36014
Sud;Calabria;RC;D619;FIUMARA;80034
Nord Est;Friuli- Venezia Giulia;PN;D621;FIUME VENETO;93021
Isole;Sicilia;ME;D622;FIUMEDINISI;83021
Isole;Sicilia;CT;D623;FIUMEFREDDO DI SICILIA;87016
Sud;Calabria;CS;D624;FIUMEFREDDO BRUZIO;78055
Centro;Marche;MC;D628;FIUMINATA;43019
Centro;Toscana;MS;D629;FIVIZZANO;45007
Nord Est;Friuli- Venezia Giulia;UD;D630;FLAIBANO;30039
Nord Ovest;Lombardia;BS;D634;FLERO;17072
Isole;Sicilia;ME;D635;FLORESTA;83022
Isole;Sicilia;SR;D636;FLORIDIA;89009
Isole;Sardegna;SS;D637;FLORINAS;90029
Sud;Campania;AV;D638;FLUMERI;64032
Isole;Sardegna;CA;D639;FLUMINIMAGGIORE;111021
Isole;Sardegna;NU;D640;FLUSSIO;95080
Nord Ovest;Piemonte;VC;D641;FOBELLO;2057
Sud;Puglia;FG;D643;FOGGIA;71024
Sud;Campania;BN;D644;FOGLIANISE;62030
Nord Ovest;Piemonte;TO;D646;FOGLIZZO;1106
Centro;Toscana;AR;D649;FOIANO DELLA CHIANA;51018
Sud;Campania;BN;D650;FOIANO DI VAL FORTORE;62031
Centro;Marche;AP;D652;FOLIGNANO;44020
Centro;Umbria;PG;D653;FOLIGNO;54018
Nord Est;Veneto;TV;D654;FOLLINA;26027
Nord Ovest;Liguria;SP;D655;FOLLO;11013
Centro;Toscana;GR;D656;FOLLONICA;53009
Nord Ovest;Lombardia;LO;D660;FOMBIO;98026
Isole;Sicilia;ME;D661;FONDACHELLI-FANTINA;83023
Centro;Lazio;LT;D662;FONDI;59007
Isole;Sardegna;NU;D665;FONNI;91024
Nord Ovest;Valle d'Aosta;AO;D666;FONTAINEMORE;7028
Centro;Lazio;FR;D667;FONTANA LIRI;60036
Nord Est;Emilia-Romagna;BO;D668;FONTANELICE;37026
Nord Est;Friuli- Venezia Giulia;PN;D670;FONTANAFREDDA;93022
Sud;Campania;AV;D671;FONTANAROSA;64033
Nord Ovest;Lombardia;BG;D672;FONTANELLA;16101
Nord Est;Emilia-Romagna;PR;D673;FONTANELLATO;34015
Nord Est;Veneto;TV;D674;FONTANELLE;26028
Nord Ovest;Piemonte;NO;D675;FONTANETO D`AGOGNA;3066
Nord Ovest;Piemonte;VC;D676;FONTANETTO PO;2058
Nord Ovest;Liguria;GE;D677;FONTANIGORDA;10024
Nord Ovest;Piemonte;AT;D678;FONTANILE;5054
Nord Est;Veneto;PD;D679;FONTANIVA;28038
Nord Est;Veneto;TV;D680;FONTE;26029
Sud;Abruzzo;AQ;D681;FONTECCHIO;66043
Centro;Lazio;FR;D682;FONTECHIARI;60037
Sud;Campania;CE;D683;FONTEGRECA;61034
Nord Ovest;Lombardia;BG;D684;FONTENO;16102
Nord Est;Emilia-Romagna;PR;D685;FONTEVIVO;34016
Nord Est;Veneto;BL;D686;FONZASO;25022
Nord Ovest;Lombardia;BG;D688;FOPPOLO;16103
Centro;Lazio;RI;D689;FORANO;57029
Sud;Abruzzo;CH;D690;SAN GIOVANNI TEATINO;69081
Centro;Marche;AP;D691;FORCE;44021
Sud;Campania;BN;D693;FORCHIA;62032
Nord Ovest;Lombardia;SO;D694;FORCOLA;14029
Isole;Sardegna;OR;D695;FORDONGIANUS;95020
Sud;Basilicata;PZ;D696;FORENZA;76033
Nord Ovest;Lombardia;BG;D697;FORESTO SPARSO;16104
Nord Est;Friuli- Venezia Giulia;UD;D700;FORGARIA NEL FRIULI;30137
Sud;Campania;AV;D701;FORINO;64034
Sud;Campania;NA;D702;FORIO;63031
Sud;Molise;IS;D703;FORLI DEL SANNIO;94020
Nord Est;Emilia-Romagna;FO;D704;FORLI;40012
Nord Est;Emilia-Romagna;FO;D705;FORLIMPOPOLI;40013
Nord Ovest;Piemonte;VB;D706;FORMAZZA;103031
Centro;Lazio;RM;D707;FORMELLO;58038
Centro;Lazio;LT;D708;FORMIA;59008
Sud;Campania;CE;D709;FORMICOLA;61035
Nord Ovest;Lombardia;CR;D710;FORMIGARA;19044
Nord Est;Emilia-Romagna;MO;D711;FORMIGINE;36015
Nord Ovest;Piemonte;VC;D712;FORMIGLIANA;2059
Sud;Molise;IS;D715;FORNELLI;94021
Nord Est;Veneto;VI;D717;TONEZZA DEL CIMONE;24106
Nord Est;Friuli- Venezia Giulia;UD;D718;FORNI AVOLTRI;30040
Nord Est;Friuli- Venezia Giulia;UD;D719;FORNI DI SOPRA;30041
Nord Est;Friuli- Venezia Giulia;UD;D720;FORNI DI SOTTO;30042
Nord Ovest;Piemonte;TO;D725;FORNO CANAVESE;1107
Nord Ovest;Lombardia;BG;D727;FORNOVO SAN GIOVANNI;16105
Nord Est;Emilia-Romagna;PR;D728;FORNOVO DI TARO;34017
Centro;Toscana;LU;D730;FORTE DE MARMI;46013
Nord Ovest;Lombardia;PV;D732;FORTUNAGO;18064
Isole;Sicilia;ME;D733;FORZA D`AGRO`;83024
Centro;Toscana;LU;D734;FOSCIANDORA;46014
Centro;Toscana;MS;D735;FOSDINOVO;45008
Sud;Abruzzo;AQ;D736;FOSSA;66044
Sud;Molise;CB;D737;FOSSALTO;70024
Sud;Abruzzo;CH;D738;FOSSACESIA;69033
Nord Est;Veneto;VE;D740;FOSSALTA DI PIAVE;27015
Nord Est;Veneto;VE;D741;FOSSALTA DI PORTOGRUARO;27016
Nord Ovest;Piemonte;CN;D742;FOSSANO;4089
Sud;Calabria;CZ;D744;FOSSATO SERRALTA;79052
Centro;Umbria;PG;D745;FOSSATO DI VICO;54019
Sud;Calabria;RC;D746;MONTEBELLO IONICO;80053
Nord Est;Veneto;VE;D748;FOSSO`;27017
Centro;Marche;PS;D749;FOSSOMBRONE;41015
Nord Est;Veneto;VI;D750;FOZA;24041
Nord Ovest;Piemonte;CN;D751;FRABOSA SOPRANA;4090
Nord Ovest;Piemonte;CN;D752;FRABOSA SOTTANA;4091
Sud;Puglia;TA;D754;FRAGAGNANO;73006
Sud;Campania;BN;D755;FRAGNETO L`ABATE;62033
Sud;Campania;BN;D756;FRAGNETO MONFORTE;62034
Sud;Abruzzo;CH;D757;FRAINE;69034
Nord Ovest;Liguria;SP;D758;FRAMURA;11014
Nord Ovest;Piemonte;AL;D759;FRANCAVILLA BISIO;6070
Centro;Marche;AP;D760;FRANCAVILLA D`ETE;109007
Sud;Puglia;BR;D761;FRANCAVILLA FONTANA;74008
Sud;Calabria;VV;D762;FRANCAVILLA ANGITOLA;102014
Sud;Abruzzo;CH;D763;FRANCAVILLA AL MARE;69035
Sud;Calabria;CS;D764;FRANCAVILLA MARITTIMA;78056
Isole;Sicilia;ME;D765;FRANCAVILLA DI SICILIA;83025
Sud;Basilicata;PZ;D766;FRANCAVILLA IN SINNI;76034
Sud;Calabria;VV;D767;FRANCICA;102015
Isole;Sicilia;SR;D768;FRANCOFONTE;89010
Sud;Campania;CE;D769;FRANCOLISE;61036
Nord Ovest;Piemonte;AL;D770;FRASCARO;6071
Nord Ovest;Lombardia;PV;D771;FRASCAROLO;18065
Centro;Lazio;RM;D773;FRASCATI;58039
Sud;Calabria;CS;D774;FRASCINETO;78057
Nord Est;Veneto;RO;D776;FRASSINELLE POLESINE;29023
Nord Ovest;Piemonte;AL;D777;FRASSINELLO MONFERRATO;6072
Nord Ovest;Piemonte;AL;D780;FRASSINETO PO;6073
Nord Ovest;Piemonte;TO;D781;FRASSINETTO;1108
Nord Ovest;Piemonte;CN;D782;FRASSINO;4092
Nord Est;Emilia-Romagna;MO;D783;FRASSINORO;36016
Sud;Campania;BN;D784;FRASSO TELESINO;62035
Centro;Lazio;RI;D785;FRASSO SABINO;57030
Centro;Umbria;PG;D786;UMBERTIDE;54056
Centro;Umbria;PG;D787;FRATTA TODINA;54020
Nord Est;Veneto;RO;D788;FRATTA POLESINE;29024
Sud;Campania;NA;D789;FRATTAMAGGIORE;63032
Sud;Campania;NA;D790;FRATTAMINORE;63033
Centro;Marche;PS;D791;FRATTE ROSA;41016
Isole;Sicilia;ME;D793;FRAZZANO`;83026
Nord Est;Veneto;TV;D794;FREGONA;26030
Sud;Abruzzo;CH;D796;FRESAGRANDINARIA;69036
Nord Ovest;Piemonte;AL;D797;FRESONARA;6074
Sud;Campania;AV;D798;FRIGENTO;64035
Sud;Campania;CE;D799;FRIGNANO;61037
Sud;Campania;CE;D801;VILLA DI BRIANO;61098
Nord Ovest;Piemonte;AT;D802;FRINCO;5055
Sud;Abruzzo;CH;D803;FRISA;69037
Nord Est;Friuli- Venezia Giulia;PN;D804;FRISANCO;93024
Nord Ovest;Piemonte;TO;D805;FRONT;1109
Centro;Marche;PS;D807;FRONTINO;41017
Centro;Marche;PS;D808;FRONTONE;41018
Centro;Lazio;FR;D810;FROSINONE;60038
Sud;Molise;IS;D811;FROSOLONE;94022
Nord Ovest;Piemonte;TO;D812;FROSSASCO;1110
Nord Ovest;Piemonte;AL;D813;FRUGAROLO;6075
Nord Ovest;Piemonte;AL;D814;FUBINE;6076
Centro;Toscana;FI;D815;FUCECCHIO;48019
Nord Ovest;Lombardia;BG;D817;FUIPIANO VALLE IMAGNA;16106
Nord Est;Veneto;VR;D818;FUMANE;23035
Centro;Lazio;FR;D819;FUMONE;60039
Sud;Abruzzo;CH;D823;FURCI;69038
Isole;Sicilia;ME;D824;FURCI SICULO;83027
Isole;Sicilia;ME;D825;FURNARI;83028
Sud;Campania;SA;D826;FURORE;65053
Isole;Sardegna;CA;D827;FURTEI;111022
Sud;Calabria;CS;D828;FUSCALDO;78058
Nord Est;Emilia-Romagna;RA;D829;FUSIGNANO;39011
Nord Ovest;Lombardia;SO;D830;FUSINE;14030
Sud;Campania;SA;D832;FUTANI;65054
Nord Ovest;Lombardia;CR;D834;GABBIONETA BINANUOVA;19045
Nord Ovest;Piemonte;AL;D835;GABIANO;6077
Centro;Marche;PS;D836;GABICCE MARE;41019
Nord Ovest;Valle d'Aosta;AO;D839;GABY;7029
Nord Ovest;Lombardia;CR;D841;GADESCO PIEVE DELMONA;19046
Isole;Sardegna;NU;D842;GADONI;91025
Centro;Lazio;LT;D843;GAETA;59009
Isole;Sicilia;ME;D844;GAGGI;83029
Nord Ovest;Lombardia;MI;D845;GAGGIANO;15103
Nord Est;Emilia-Romagna;BO;D847;GAGGIO MONTANO;37027
Nord Ovest;Piemonte;BI;D848;GAGLIANICO;96026
Isole;Sicilia;EN;D849;GAGLIANO CASTELFERRATO;86010
Sud;Abruzzo;AQ;D850;GAGLIANO ATERNO;66045
Sud;Puglia;LE;D851;GAGLIANO DEL CAPO;75028
Sud;Calabria;CZ;D852;GAGLIATO;79055
Centro;Marche;MC;D853;GAGLIOLE;43020
Nord Est;Veneto;TV;D854;GAIARINE;26031
Nord Est;Veneto;RO;D855;GAIBA;29025
Nord Ovest;Piemonte;CN;D856;GAIOLA;4093
Centro;Toscana;SI;D858;GAIOLE IN CHIANTI;52013
Isole;Sardegna;NU;D859;GAIRO;91026
Isole;Sicilia;ME;D861;GALATI MAMERTINO;83030
Sud;Puglia;LE;D862;GALATINA;75029
Sud;Puglia;LE;D863;GALATONE;75030
Sud;Calabria;RC;D864;GALATRO;80035
Nord Ovest;Lombardia;LC;D865;GALBIATE;97036
Nord Est;Emilia-Romagna;FO;D867;GALEATA;40014
Nord Ovest;Lombardia;LO;D868;GALGAGNANO;98027
Nord Ovest;Lombardia;VA;D869;GALLARATE;12070
Centro;Lazio;VT;D870;GALLESE;56027
Nord Ovest;Lombardia;VA;D871;GALLIATE LOMBARDO;12071
Nord Ovest;Piemonte;NO;D872;GALLIATE;3068
Nord Ovest;Lombardia;PV;D873;GALLIAVOLA;18066
Centro;Toscana;LU;D874;GALLICANO;46015
Centro;Lazio;RM;D875;GALLICANO NEL LAZIO;58040
Sud;Basilicata;PZ;D876;GALLICCHIO;76035
Nord Est;Emilia-Romagna;BO;D878;GALLIERA;37028
Nord Est;Veneto;PD;D879;GALLIERA VENETA;28039
Centro;Lazio;FR;D881;GALLINARO;60040
Nord Est;Veneto;VI;D882;GALLIO;24042
Sud;Puglia;LE;D883;GALLIPOLI;75031
Sud;Campania;CE;D884;GALLO;61038
Isole;Sicilia;ME;D885;GALLODORO;83031
Sud;Campania;CE;D886;GALLUCCIO;61039
Isole;Sardegna;NU;D888;GALTELLI;91027
Nord Est;Veneto;PD;D889;GALZIGNANO TERME;28040
Nord Ovest;Piemonte;AL;D890;GAMALERO;6078
Nord Ovest;Lombardia;BS;D891;GAMBARA;17073
Nord Ovest;Lombardia;PV;D892;GAMBARANA;18067
Nord Ovest;Piemonte;CN;D894;GAMBASCA;4094
Centro;Toscana;FI;D895;GAMBASSI TERME;48020
Sud;Molise;CB;D896;GAMBATESA;70025
Nord Est;Veneto;VI;D897;GAMBELLARA;24043
Sud;Abruzzo;CH;D898;GAMBERALE;69039
Nord Est;Emilia-Romagna;FO;D899;GAMBETTOLA;40015
Nord Ovest;Lombardia;PV;D901;GAMBOLO;18068
Nord Est;Veneto;VI;D902;GAMBUGLIANO;24044
Nord Ovest;Lombardia;BG;D903;GANDELLINO;16107
Nord Ovest;Lombardia;BG;D905;GANDINO;16108
Nord Ovest;Lombardia;BG;D906;GANDOSSO;16109
Isole;Sicilia;PA;D907;GANGI;82036
Sud;Basilicata;MT;D909;GARAGUSO;77009
Nord Ovest;Piemonte;AL;D910;GARBAGNA;6079
Nord Ovest;Piemonte;NO;D911;GARBAGNA NOVARESE;3069
Nord Ovest;Lombardia;MI;D912;GARBAGNATE MILANESE;15105
Nord Ovest;Lombardia;LC;D913;GARBAGNATE MONASTERO;97037
Nord Est;Veneto;VR;D915;GARDA;23036
Nord Ovest;Lombardia;BS;D917;GARDONE RIVIERA;17074
Nord Ovest;Lombardia;BS;D918;GARDONE VAL TROMPIA;17075
Nord Ovest;Piemonte;CN;D920;GARESSIO;4095
Nord Ovest;Piemonte;NO;D921;GARGALLO;3070
Nord Ovest;Lombardia;BS;D924;GARGNANO;17076
Nord Ovest;Lombardia;PV;D925;GARLASCO;18069
Nord Ovest;Lombardia;LC;D926;GARLATE;97038
Nord Ovest;Liguria;SV;D927;GARLENDA;9030
Nord Ovest;Lombardia;CO;D930;GARZENO;13106
Nord Ovest;Piemonte;TO;D931;GARZIGLIANA;1111
Sud;Calabria;CZ;D932;GASPERINA;79056
Nord Ovest;Piemonte;TO;D933;GASSINO TORINESE;1112
Nord Est;Emilia-Romagna;RE;D934;GATTATICO;35022
Nord Est;Emilia-Romagna;FO;D935;GATTEO;40016
Nord Ovest;Piemonte;VC;D938;GATTINARA;2061
Nord Ovest;Lombardia;BS;D940;GAVARDO;17077
Nord Est;Veneto;RO;D942;GAVELLO;29026
Nord Ovest;Lombardia;BG;D943;GAVERINA TERME;16110
Nord Ovest;Piemonte;AL;D944;GAVI;6081
Centro;Lazio;RM;D945;GAVIGNANO;58041
Nord Ovest;Lombardia;VA;D946;GAVIRATE;12072
Isole;Sardegna;NU;D947;GAVOI;91028
Centro;Toscana;GR;D948;GAVORRANO;53010
Nord Ovest;Lombardia;MN;D949;GAZOLDO DEGLI IPPOLITI;20024
Nord Ovest;Lombardia;VA;D951;GAZZADA SCHIANNO;12073
Nord Ovest;Lombardia;BG;D952;GAZZANIGA;16111
Nord Est;Veneto;PD;D956;GAZZO PADOVANO;28041
Nord Est;Veneto;VR;D957;GAZZO VERONESE;23037
Nord Est;Emilia-Romagna;PC;D958;GAZZOLA;33022
Nord Ovest;Lombardia;MN;D959;GAZZUOLO;20025
Isole;Sicilia;CL;D960;GELA;85007
Nord Est;Emilia-Romagna;RN;D961;GEMMANO;99004
Nord Est;Friuli- Venezia Giulia;UD;D962;GEMONA DEL FRIULI;30043
Nord Ovest;Lombardia;VA;D963;GEMONIO;12074
Centro;Lazio;RM;D964;GENAZZANO;58042
Centro;Marche;AN;D965;GENGA;42020
Nord Ovest;Lombardia;CR;D966;GENIVOLTA;19047
Nord Ovest;Piemonte;CN;D967;GENOLA;4096
Isole;Sardegna;NU;D968;GENONI;111023
Nord Ovest;Liguria;GE;D969;GENOVA;10025
Isole;Sardegna;CA;D970;GENURI;111024
Sud;Basilicata;PZ;D971;GENZANO DI LUCANIA;76036
Centro;Lazio;RM;D972;GENZANO DI ROMA;58043
Nord Ovest;Lombardia;CO;D974;GERA LARIO;13107
Sud;Calabria;RC;D975;GERACE;80036
Sud;Calabria;RC;D976;LOCRI;80043
Isole;Sicilia;PA;D977;GERACI SICULO;82037
Centro;Lazio;RM;D978;GERANO;58044
Nord Ovest;Lombardia;PV;D980;GERENZAGO;18071
Nord Ovest;Lombardia;VA;D981;GERENZANO;12075
Isole;Sardegna;NU;D982;GERGEI;111025
Nord Ovest;Piemonte;TO;D983;GERMAGNANO;1113
Nord Ovest;Piemonte;VB;D984;GERMAGNO;103032
Nord Ovest;Lombardia;VA;D987;GERMIGNAGA;12076
Sud;Calabria;VV;D988;GEROCARNE;102016
Nord Ovest;Lombardia;SO;D990;GEROLA ALTA;14031
Nord Ovest;Lombardia;CR;D993;GERRE DE` CAPRIOLI;19048
Isole;Sardegna;CA;D994;GESICO;111026
Nord Ovest;Lombardia;MI;D995;GESSATE;15106
Sud;Abruzzo;CH;D996;GESSOPALENA;69040
Isole;Sardegna;CA;D997;GESTURI;111027
Sud;Campania;AV;D998;GESUALDO;64036
Nord Ovest;Lombardia;BS;D999;GHEDI;17078
Nord Ovest;Piemonte;NO;E001;GHEMME;3073
Nord Ovest;Piemonte;VB;E003;GHIFFA;103033
Isole;Sardegna;OR;E004;GHILARZA;95021
Nord Ovest;Lombardia;BG;E006;GHISALBA;16113
Nord Ovest;Piemonte;VC;E007;GHISLARENGO;2062
Nord Est;Veneto;RO;E008;GIACCIANO C BARUCHELLA;29027
Nord Ovest;Piemonte;TO;E009;GIAGLIONE;1114
Nord Ovest;Lombardia;BS;E010;GIANICO;17079
Sud;Campania;CE;E011;GIANO VETUSTO;61040
Centro;Umbria;PG;E012;GIANO DELL`UMBRIA;54021
Isole;Sicilia;PA;E013;GIARDINELLO;82038
Isole;Sicilia;ME;E014;GIARDINI-NAXOS;83032
Nord Ovest;Piemonte;AL;E015;GIAROLE;6082
Isole;Sicilia;RG;E016;GIARRATANA;88004
Isole;Sicilia;CT;E017;GIARRE;87017
Isole;Sardegna;SS;E019;GIAVE;90030
Nord Ovest;Piemonte;TO;E020;GIAVENO;1115
Nord Est;Veneto;TV;E021;GIAVERA DEL MONTELLO;26032
Isole;Sardegna;CA;E022;GIBA;111028
Isole;Sicilia;TP;E023;GIBELLINA;81010
Nord Ovest;Piemonte;BI;E024;GIFFLENGA;96027
Sud;Calabria;RC;E025;GIFFONE;80037
Sud;Campania;SA;E026;GIFFONI SEI CASALI;65055
Sud;Campania;SA;E027;GIFFONI VALLE PIANA;65056
Nord Ovest;Piemonte;VB;E028;GIGNESE;103034
Nord Ovest;Valle d'Aosta;AO;E029;GIGNOD;7030
Sud;Molise;CB;E030;GILDONE;70026
Sud;Calabria;CZ;E031;GIMIGLIANO;79058
Sud;Basilicata;PZ;E033;GINESTRA;76099
Sud;Campania;BN;E034;GINESTRA D SCHIAVONI;62036
Sud;Puglia;TA;E036;GINOSA;73007
Sud;Campania;SA;E037;GIOI;65057
Sud;Puglia;BA;E038;GIOIA DEL COLLE;72021
Sud;Campania;CE;E039;GIOIA SANNITICA;61041
Sud;Abruzzo;AQ;E040;GIOIA DEI MARSI;66046
Sud;Calabria;RC;E041;GIOIA TAURO;80038
Isole;Sicilia;ME;E043;GIOIOSA MAREA;83033
Sud;Calabria;RC;E044;GIOIOSA IONICA;80039
Centro;Umbria;TR;E045;GIOVE;55014
Sud;Puglia;BA;E047;GIOVINAZZO;72022
Isole;Sardegna;NU;E049;GIRASOLE;91031
Sud;Calabria;CZ;E050;GIRIFALCO;79059
Sud;Abruzzo;CH;E052;GISSI;69041
Sud;Puglia;LE;E053;GIUGGIANELLO;75032
Sud;Campania;NA;E054;GIUGLIANO IN CAMPANIA;63034
Isole;Sicilia;PA;E055;GIULIANA;82039
Sud;Abruzzo;CH;E056;GIULIANO TEATINO;69042
Centro;Lazio;FR;E057;GIULIANO DI ROMA;60041
Sud;Abruzzo;TE;E058;GIULIANOVA;67025
Sud;Campania;SA;E060;GIUNGANO;65058
Sud;Puglia;LE;E061;GIURDIGNANO;75033
Nord Ovest;Lombardia;PV;E062;GIUSSAGO;18072
Nord Ovest;Lombardia;MI;E063;GIUSSANO;108024
Nord Ovest;Liguria;SV;E064;GIUSTENICE;9031
Nord Ovest;Liguria;SV;E066;GIUSVALLA;9032
Nord Ovest;Piemonte;TO;E067;GIVOLETTO;1116
Sud;Calabria;CZ;E068;GIZZERIA;79060
Nord Ovest;Liguria;SP;E070;SESTA GODANO;11028
Nord Est;Veneto;TV;E071;GODEGA DI SANT`URBANO;26033
Nord Ovest;Lombardia;PV;E072;GODIASCO;18073
Isole;Sicilia;PA;E074;GODRANO;82040
Nord Ovest;Lombardia;MN;E078;GOITO;20026
Nord Ovest;Lombardia;VA;E079;GOLASECCA;12077
Nord Ovest;Lombardia;PV;E081;GOLFERENZO;18074
Nord Ovest;Lombardia;CR;E082;GOMBITO;19049
Nord Est;Friuli- Venezia Giulia;UD;E083;GONARS;30044
Isole;Sardegna;CA;E084;GONI;111029
Isole;Sardegna;CA;E085;GONNOSFANADIGA;111031
Isole;Sardegna;CA;E086;GONNESA;111030
Isole;Sardegna;OR;E087;GONNOSCODINA;95022
Isole;Sardegna;OR;E088;GONNOSTRAMATZA;95024
Nord Ovest;Lombardia;MN;E089;GONZAGA;20027
Nord Ovest;Lombardia;SO;E090;GORDONA;14032
Centro;Lazio;RM;E091;GORGA;58045
Nord Est;Veneto;TV;E092;GORGO AL MONTICANO;26034
Sud;Basilicata;MT;E093;GORGOGLIONE;77010
Nord Ovest;Lombardia;MI;E094;GORGONZOLA;15108
Sud;Abruzzo;AQ;E096;GORIANO SICOLI;66047
Nord Ovest;Lombardia;BG;E100;GORLAGO;16114
Nord Ovest;Lombardia;VA;E101;GORLA MAGGIORE;12078
Nord Ovest;Lombardia;VA;E102;GORLA MINORE;12079
Nord Ovest;Lombardia;BG;E103;GORLE;16115
Nord Ovest;Lombardia;VA;E104;GORNATE-OLONA;12080
Nord Ovest;Lombardia;BG;E106;GORNO;16116
Nord Est;Emilia-Romagna;FE;E107;GORO;38025
Nord Ovest;Liguria;GE;E109;GORRETO;10026
Nord Ovest;Piemonte;CN;E111;GORZEGNO;4097
Nord Est;Veneto;BL;E113;GOSALDO;25025
Nord Est;Emilia-Romagna;PC;E114;GOSSOLENGO;33023
Nord Ovest;Piemonte;CN;E115;GOTTASECCA;4098
Nord Ovest;Lombardia;BS;E116;GOTTOLENGO;17080
Nord Ovest;Piemonte;CN;E118;GOVONE;4099
Nord Ovest;Piemonte;NO;E120;GOZZANO;3076
Centro;Marche;PS;E122;GRADARA;41020
Centro;Lazio;VT;E126;GRADOLI;56028
Nord Ovest;Lombardia;LO;E127;GRAFFIGNANA;98028
Centro;Lazio;VT;E128;GRAFFIGNANO;56029
Nord Ovest;Piemonte;BI;E130;GRAGLIA;96028
Sud;Campania;NA;E131;GRAGNANO;63035
Nord Est;Emilia-Romagna;PC;E132;GRAGNANO TREBBIENSE;33024
Isole;Sicilia;CT;E133;GRAMMICHELE;87018
Nord Ovest;Piemonte;AT;E134;GRANA;5056
Nord Est;Emilia-Romagna;BO;E136;GRANAROLO DELL`EMILIA;37030
Nord Ovest;Lombardia;CO;E139;GRANDATE;13110
Nord Ovest;Lombardia;CO;E141;GRANDOLA ED UNITI;13111
Isole;Sicilia;ME;E142;GRANITI;83034
Nord Ovest;Piemonte;NO;E143;GRANOZZO CON MONTICELLO;3077
Nord Ovest;Lombardia;VA;E144;GRANTOLA;12081
Nord Est;Veneto;PD;E145;GRANTORTO;28042
Nord Est;Veneto;PD;E146;GRANZE;28043
Sud;Basilicata;MT;E147;GRASSANO;77011
Nord Ovest;Lombardia;BG;E148;GRASSOBBIO;16117
Isole;Sicilia;PA;E149;GRATTERI;82041
Nord Ovest;Lombardia;PV;E152;GRAVELLONA;18075
Nord Ovest;Piemonte;VB;E153;GRAVELLONA TOCE;103035
Nord Ovest;Piemonte;TO;E154;GRAVERE;1117
Sud;Puglia;BA;E155;GRAVINA IN PUGLIA;72023
Isole;Sicilia;CT;E156;GRAVINA DI CATANIA;87019
Sud;Campania;CE;E158;GRAZZANISE;61042
Nord Ovest;Piemonte;AT;E159;GRAZZANO BADOGLIO;5057
Centro;Lazio;RI;E160;GRECCIO;57031
Sud;Campania;AV;E161;GRECI;64037
Nord Ovest;Piemonte;VC;E163;GREGGIO;2065
Nord Ovest;Piemonte;AL;E164;GREMIASCO;6083
Nord Ovest;Valle d'Aosta;AO;E165;GRESSAN;7031
Nord Ovest;Valle d'Aosta;AO;E167;GRESSONEY LA TRINITE`;7032
Nord Ovest;Valle d'Aosta;AO;E168;GRESSONEY SAINT JEAN;7033
Centro;Toscana;FI;E169;GREVE IN CHIANTI;48021
Nord Ovest;Lombardia;MI;E170;GREZZAGO;15110
Nord Est;Veneto;VR;E171;GREZZANA;23038
Nord Ovest;Lombardia;CO;E172;GRIANTE;13113
Sud;Campania;CE;E173;GRICIGNANO DI AVERSA;61043
Nord Ovest;Piemonte;NO;E177;GRIGNASCO;3079
Nord Est;Friuli- Venezia Giulia;UD;E179;GRIMACCO;30045
Sud;Calabria;CS;E180;GRIMALDI;78059
Nord Ovest;Piemonte;CN;E182;GRINZANE CAVOUR;4100
Nord Est;Veneto;VI;E184;GRISIGNANO DI ZOCCO;24046
Sud;Calabria;CS;E185;GRISOLIA;78060
Nord Est;Emilia-Romagna;BO;E187;GRIZZANA MORANDI;37031
Nord Ovest;Piemonte;AL;E188;GROGNARDO;6084
Nord Ovest;Lombardia;BG;E189;GROMO;16118
Nord Ovest;Piemonte;AL;E191;GRONDONA;6085
Nord Ovest;Lombardia;BG;E192;GRONE;16119
Nord Ovest;Lombardia;CR;E193;GRONTARDO;19050
Nord Ovest;Lombardia;PV;E195;GROPELLO CAIROLI;18076
Nord Est;Emilia-Romagna;PC;E196;GROPPARELLO;33025
Nord Ovest;Piemonte;TO;E199;GROSCAVALLO;1118
Nord Ovest;Lombardia;SO;E200;GROSIO;14033
Nord Ovest;Lombardia;SO;E201;GROSOTTO;14034
Centro;Toscana;GR;E202;GROSSETO;53011
Nord Ovest;Piemonte;TO;E203;GROSSO;1119
Centro;Lazio;RM;E204;GROTTAFERRATA;58046
Sud;Puglia;TA;E205;GROTTAGLIE;73008
Sud;Campania;AV;E206;GROTTAMINARDA;64038
Centro;Marche;AP;E207;GROTTAMMARE;44023
Centro;Marche;AP;E208;GROTTAZZOLINA;109008
Isole;Sicilia;AG;E209;GROTTE;84018
Centro;Lazio;VT;E210;GROTTE DI CASTRO;56030
Sud;Calabria;RC;E212;GROTTERIA;80040
Sud;Basilicata;MT;E213;GROTTOLE;77012
Sud;Campania;AV;E214;GROTTOLELLA;64039
Nord Est;Veneto;VE;E215;GRUARO;27018
Nord Ovest;Piemonte;TO;E216;GRUGLIASCO;1120
Nord Ovest;Lombardia;CR;E217;GRUMELLO C ED UNITI;19051
Nord Ovest;Lombardia;BG;E219;GRUMELLO DEL MONTE;16120
Sud;Basilicata;PZ;E221;GRUMENTO NOVA;76037
Sud;Puglia;BA;E223;GRUMO APPULA;72024
Sud;Campania;NA;E224;GRUMO NEVANO;63036
Nord Est;Veneto;VI;E226;GRUMOLO DELLE ABBADESSE;24047
Sud;Puglia;LE;E227;GUAGNANO;75034
Centro;Marche;MC;E228;GUALDO;43021
Centro;Umbria;PG;E229;GUALDO CATTANEO;54022
Centro;Umbria;PG;E230;GUALDO TADINO;54023
Nord Est;Emilia-Romagna;RE;E232;GUALTIERI;35023
Isole;Sicilia;ME;E233;GUALTIERI SICAMINO`;83035
Isole;Sardegna;CA;E234;GUAMAGGIORE;111032
Nord Ovest;Lombardia;CO;E235;GUANZATE;13114
Centro;Lazio;FR;E236;GUARCINO;60042
Nord Ovest;Piemonte;VC;E237;GUARDABOSONE;2066
Nord Ovest;Lombardia;LO;E238;GUARDAMIGLIO;98029
Sud;Calabria;CZ;E239;GUARDAVALLE;79061
Nord Est;Veneto;RO;E240;GUARDA VENETA;29028
Centro;Umbria;TR;E241;GUARDEA;55015
Sud;Calabria;CS;E242;GUARDIA PIEMONTESE;78061
Sud;Abruzzo;CH;E243;GUARDIAGRELE;69043
Sud;Molise;CB;E244;GUARDIALFIERA;70027
Sud;Campania;AV;E245;GUARDIA LOMBARDI;64040
Sud;Basilicata;PZ;E246;GUARDIA PERTICARA;76038
Sud;Molise;CB;E248;GUARDIAREGIA;70028
Sud;Campania;BN;E249;GUARDIA SANFRAMONDI;62037
Centro;Toscana;PI;E250;GUARDISTALLO;50015
Nord Ovest;Piemonte;CN;E251;GUARENE;4101
Isole;Sardegna;CA;E252;GUASILA;111033
Nord Est;Emilia-Romagna;RE;E253;GUASTALLA;35024
Nord Ovest;Piemonte;AL;E255;GUAZZORA;6086
Centro;Umbria;PG;E256;GUBBIO;54024
Nord Ovest;Lombardia;MI;E258;GUDO VISCONTI;15112
Sud;Molise;CB;E259;GUGLIONESI;70029
Nord Ovest;Lombardia;MN;E261;GUIDIZZOLO;20028
Centro;Lazio;RM;E263;GUIDONIA MONTECELIO;58047
Nord Est;Emilia-Romagna;MO;E264;GUIGLIA;36017
Nord Ovest;Lombardia;PV;E265;SIZIANO;18150
Sud;Abruzzo;CH;E266;GUILMI;69044
Nord Ovest;Piemonte;VB;E269;GURRO;103036
Isole;Sardegna;CA;E270;GUSPINI;111034
Nord Ovest;Lombardia;BS;E271;GUSSAGO;17081
Nord Ovest;Lombardia;CR;E272;GUSSOLA;19052
Nord Ovest;Valle d'Aosta;AO;E273;HONE;7034
Sud;Calabria;CZ;E274;JACURSO;79065
Nord Ovest;Lombardia;BS;E280;IDRO;17082
Isole;Sardegna;CA;E281;IGLESIAS;111035
Nord Ovest;Piemonte;CN;E282;IGLIANO;4102
Isole;Sardegna;NU;E283;ILBONO;91032
Nord Est;Veneto;VR;E284;ILLASI;23039
Isole;Sardegna;SS;E285;ILLORAI;90031
Nord Ovest;Lombardia;LC;E287;IMBERSAGO;97039
Nord Est;Emilia-Romagna;BO;E289;IMOLA;37032
Nord Ovest;Liguria;IM;E290;IMPERIA;8031
Centro;Toscana;FI;E291;IMPRUNETA;48022
Nord Ovest;Lombardia;VA;E292;INARZO;12082
Nord Ovest;Piemonte;AT;E295;INCISA SCAPACCINO;5058
Nord Ovest;Lombardia;BS;E297;INCUDINE;17083
Nord Ovest;Lombardia;VA;E299;INDUNO OLONA;12083
Nord Ovest;Piemonte;TO;E301;INGRIA;1121
Nord Ovest;Piemonte;VB;E304;INTRAGNA;103037
Nord Ovest;Lombardia;LC;E305;INTROBIO;97040
Nord Ovest;Valle d'Aosta;AO;E306;INTROD;7035
Sud;Abruzzo;AQ;E307;INTRODACQUA;66048
Nord Ovest;Lombardia;CO;E309;INVERIGO;13118
Nord Ovest;Lombardia;PV;E310;INVERNO E MONTELEONE;18077
Nord Ovest;Piemonte;TO;E311;INVERSO PINASCA;1122
Nord Ovest;Lombardia;MI;E313;INVERUNO;15113
Nord Ovest;Piemonte;NO;E314;INVORIO;3082
Nord Ovest;Lombardia;MI;E317;INZAGO;15114
Nord Est;Emilia-Romagna;FE;E320;IOLANDA DI SAVOIA;38010
Sud;Calabria;VV;E321;IONADI;102017
Isole;Sardegna;NU;E323;IRGOLI;91033
Nord Ovest;Lombardia;BS;E325;IRMA;17084
Sud;Basilicata;MT;E326;IRSINA;77013
Nord Ovest;Piemonte;CN;E327;ISASCA;4103
Sud;Calabria;CZ;E328;ISCA SULLO IONIO;79063
Sud;Campania;NA;E329;ISCHIA;63037
Centro;Lazio;VT;E330;ISCHIA DI CASTRO;56031
Sud;Puglia;FG;E332;ISCHITELLA;71025
Nord Ovest;Lombardia;BS;E333;ISEO;17085
Sud;Molise;IS;E335;ISERNIA;94023
Isole;Sardegna;NU;E336;ISILI;111036
Isole;Sicilia;PA;E337;ISNELLO;82042
Nord Ovest;Piemonte;AT;E338;ISOLA D`ASTI;5059
Sud;Calabria;KR;E339;ISOLA DI CAPO RIZZUTO;101013
Centro;Lazio;FR;E340;ISOLA DEL LIRI;60043
Nord Ovest;Liguria;GE;E341;ISOLA DEL CANTONE;10027
Nord Ovest;Lombardia;SO;E342;MADESIMO;14035
Sud;Abruzzo;TE;E343;ISOLA GRAN SASSO ITALIA;67026
Nord Ovest;Piemonte;TO;E345;ISOLABELLA;1123
Nord Ovest;Liguria;IM;E346;ISOLABONA;8032
Centro;Toscana;GR;E348;ISOLA DEL GIGLIO;53012
Nord Est;Veneto;VR;E349;ISOLA DELLA SCALA;23040
Isole;Sicilia;PA;E350;ISOLA DELLE FEMMINE;82043
Centro;Marche;PS;E351;ISOLA DEL PIANO;41021
Nord Ovest;Lombardia;BG;E353;ISOLA DI FONDRA;16121
Nord Est;Veneto;VI;E354;ISOLA VICENTINA;24048
Nord Ovest;Lombardia;CR;E356;ISOLA DOVARESE;19053
Nord Est;Veneto;VR;E358;ISOLA RIZZA;23041
Nord Ovest;Piemonte;AL;E360;ISOLA SANT`ANTONIO;6087
Sud;Puglia;FG;E363;ISOLE TREMITI;71026
Nord Ovest;Lombardia;BS;E364;ISORELLA;17086
Sud;Campania;SA;E365;ISPANI;65059
Isole;Sicilia;RG;E366;ISPICA;88005
Nord Ovest;Lombardia;VA;E367;ISPRA;12084
Nord Ovest;Piemonte;TO;E368;ISSIGLIO;1124
Nord Ovest;Valle d'Aosta;AO;E369;ISSIME;7036
Nord Ovest;Lombardia;BG;E370;ISSO;16122
Nord Ovest;Valle d'Aosta;AO;E371;ISSOGNE;7037
Sud;Abruzzo;CH;E372;VASTO;69099
Nord Est;Veneto;TV;E373;ISTRANA;26035
Isole;Sicilia;ME;E374;ITALA;83036
Centro;Lazio;LT;E375;ITRI;59010
Isole;Sardegna;SS;E376;ITTIREDDU;90032
Isole;Sardegna;SS;E377;ITTIRI;90033
Nord Ovest;Piemonte;TO;E379;IVREA;1125
Nord Ovest;Lombardia;CR;E380;IZANO;19054
Sud;Molise;CB;E381;JELSI;70030
Centro;Lazio;RM;E382;JENNE;58048
Nord Ovest;Lombardia;VA;E386;JERAGO CON ORAGO;12085
Isole;Sardegna;NU;E387;JERZU;91035
Centro;Marche;AN;E388;JESI;42021
Sud;Calabria;VV;E389;JOPPOLO;102018
Isole;Sicilia;AG;E390;JOPPOLO GIANCAXIO;84019
Nord Ovest;Valle d'Aosta;AO;E391;JOVENCAN;7038
Centro;Lazio;RM;E392;LABICO;58049
Centro;Lazio;RI;E393;LABRO;57032
Nord Ovest;Piemonte;TO;E394;LA CASSA;1126
Nord Ovest;Lombardia;MI;E395;LACCHIARELLA;15115
Sud;Campania;NA;E396;LACCO AMENO;63038
Sud;Campania;AV;E397;LACEDONIA;64041
Isole;Sardegna;NU;E400;LACONI;95082
Isole;Sardegna;SS;E401;LAERRU;90034
Sud;Calabria;RC;E402;LAGANADI;80041
Nord Est;Veneto;VI;E403;LAGHI;24049
Nord Ovest;Lombardia;CO;E405;LAGLIO;13119
Nord Ovest;Piemonte;CN;E406;LAGNASCO;4104
Sud;Calabria;CS;E407;LAGO;78062
Sud;Basilicata;PZ;E409;LAGONEGRO;76039
Nord Est;Emilia-Romagna;FE;E410;LAGOSANTO;38011
Centro;Toscana;PI;E413;LAIATICO;50016
Nord Ovest;Liguria;SV;E414;LAIGUEGLIA;9033
Nord Ovest;Lombardia;MI;E415;LAINATE;15116
Nord Ovest;Lombardia;CO;E416;LAINO;13120
Sud;Calabria;CS;E417;LAINO BORGO;78063
Sud;Calabria;CS;E419;LAINO CASTELLO;78064
Nord Ovest;Lombardia;BG;E422;LALLIO;16123
Nord Ovest;Piemonte;TO;E423;LA LOGGIA;1127
Sud;Abruzzo;CH;E424;LAMA DEI PELIGNI;69045
Isole;Sardegna;SS;E425;LA MADDALENA;90035
Nord Est;Emilia-Romagna;MO;E426;LAMA MOCOGNO;36018
Nord Ovest;Lombardia;CO;E428;LAMBRUGO;13121
Nord Est;Veneto;BL;E429;LAMON;25026
Nord Ovest;Piemonte;CN;E430;LA MORRA;4105
Isole;Sicilia;AG;E431;LAMPEDUSA E LINOSA;84020
Centro;Toscana;PT;E432;LAMPORECCHIO;47005
Nord Ovest;Piemonte;VC;E433;LAMPORO;2067
Sud;Abruzzo;CH;E435;LANCIANO;69046
Nord Ovest;Piemonte;NO;E436;LANDIONA;3083
Nord Ovest;Lombardia;PV;E437;LANDRIANO;18078
Nord Est;Emilia-Romagna;PR;E438;LANGHIRANO;34018
Nord Ovest;Lombardia;PV;E439;LANGOSCO;18079
Isole;Sardegna;NU;E441;LANUSEI;91037
Nord Ovest;Lombardia;SO;E443;LANZADA;14036
Nord Ovest;Piemonte;TO;E445;LANZO TORINESE;1128
Centro;Marche;AP;E447;LAPEDONA;109009
Sud;Campania;AV;E448;LAPIO;64042
Sud;Calabria;CS;E450;LAPPANO;78065
Centro;Toscana;PT;E451;LARCIANO;47006
Nord Ovest;Lombardia;PV;E454;LARDIRAGO;18080
Sud;Molise;CB;E456;LARINO;70031
Nord Ovest;Valle d'Aosta;AO;E458;LA SALLE;7040
Isole;Sicilia;PA;E459;LASCARI;82044
Nord Ovest;Lombardia;CO;E462;LASNIGO;13123
Nord Ovest;Liguria;SP;E463;LA SPEZIA;11015
Isole;Sardegna;CA;E464;LAS PLASSAS;111037
Nord Est;Veneto;VI;E465;LASTEBASSE;24050
Centro;Toscana;FI;E466;LASTRA A SIGNA;48024
Centro;Lazio;VT;E467;LATERA;56032
Sud;Puglia;TA;E469;LATERZA;73009
Nord Ovest;Valle d'Aosta;AO;E470;LA THUILE;7041
Sud;Puglia;BR;E471;LATIANO;74009
Centro;Lazio;LT;E472;LATINA;59011
Nord Est;Friuli- Venezia Giulia;UD;E473;LATISANA;30046
Sud;Basilicata;PZ;E474;LATRONICO;76040
Sud;Calabria;CS;E475;LATTARICO;78066
Nord Est;Friuli- Venezia Giulia;UD;E476;LAUCO;30047
Sud;Calabria;RC;E479;LAUREANA DI BORRELLO;80042
Sud;Campania;SA;E480;LAUREANA CILENTO;65060
Sud;Basilicata;PZ;E482;LAURENZANA;76041
Sud;Basilicata;PZ;E483;LAURIA;76042
Nord Ovest;Piemonte;TO;E484;LAURIANO;1129
Sud;Campania;SA;E485;LAURINO;65061
Sud;Campania;SA;E486;LAURITO;65062
Sud;Campania;AV;E487;LAURO;64043
Nord Ovest;Liguria;GE;E488;LAVAGNA;10028
Nord Est;Veneto;VR;E489;LAVAGNO;23042
Nord Est;Veneto;BL;E490;LA VALLE AGORDINA;25027
Sud;Basilicata;PZ;E493;LAVELLO;76043
Nord Ovest;Lombardia;VA;E494;LAVENA-PONTE TRESA;12086
Nord Ovest;Lombardia;VA;E496;LAVENO-MOMBELLO;12087
Nord Ovest;Lombardia;BS;E497;LAVENONE;17087
Sud;Campania;SA;E498;LAVIANO;65063
Nord Est;Veneto;VR;E502;LAZISE;23043
Nord Ovest;Lombardia;MI;E504;LAZZATE;108025
Sud;Abruzzo;AQ;E505;LECCE NEI MARSI;66050
Sud;Puglia;LE;E506;LECCE;75035
Nord Ovest;Lombardia;LC;E507;LECCO;97042
Nord Ovest;Lombardia;BG;E509;LEFFE;16124
Nord Ovest;Lombardia;VA;E510;LEGGIUNO;12088
Nord Est;Veneto;VR;E512;LEGNAGO;23044
Nord Ovest;Lombardia;MI;E514;LEGNANO;15118
Nord Est;Veneto;PD;E515;LEGNARO;28044
Isole;Sardegna;NU;E517;LEI;91038
Nord Ovest;Piemonte;TO;E518;LEINI;1130
Nord Ovest;Liguria;GE;E519;LEIVI;10029
Nord Ovest;Piemonte;TO;E520;LEMIE;1131
Nord Est;Veneto;RO;E522;LENDINARA;29029
Isole;Sicilia;ME;E523;LENI;83037
Nord Ovest;Lombardia;BG;E524;LENNA;16125
Nord Ovest;Lombardia;BS;E526;LENO;17088
Centro;Lazio;LT;E527;LENOLA;59012
Nord Ovest;Piemonte;VC;E528;LENTA;2068
Nord Ovest;Lombardia;MI;E530;LENTATE SUL SEVESO;108054
Sud;Abruzzo;CH;E531;LENTELLA;69047
Isole;Sicilia;SR;E532;LENTINI;89011
Centro;Lazio;RI;E535;LEONESSA;57033
Isole;Sicilia;EN;E536;LEONFORTE;86011
Sud;Puglia;TA;E537;LEPORANO;73010
Sud;Puglia;LE;E538;LEQUILE;75036
Nord Ovest;Piemonte;CN;E539;LEQUIO TANARO;4107
Nord Ovest;Piemonte;CN;E540;LEQUIO BERRIA;4106
Isole;Sicilia;PA;E541;LERCARA FRIDDI;82045
Nord Ovest;Liguria;SP;E542;LERICI;11016
Nord Ovest;Piemonte;AL;E543;LERMA;6088
Nord Ovest;Piemonte;NO;E544;LESA;3084
Nord Ovest;Piemonte;CN;E546;LESEGNO;4108
Nord Est;Emilia-Romagna;PR;E547;LESIGNANO DE` BAGNI;34019
Nord Est;Emilia-Romagna;PR;E548;TERENZO;34038
Sud;Puglia;FG;E549;LESINA;71027
Nord Ovest;Lombardia;MI;E550;LESMO;108026
Nord Ovest;Piemonte;TO;E551;LESSOLO;1132
Nord Est;Friuli- Venezia Giulia;UD;E553;LESTIZZA;30048
Sud;Campania;CE;E554;LETINO;61044
Isole;Sicilia;ME;E555;LETOIANNI;83038
Sud;Campania;NA;E557;LETTERE;63039
Sud;Abruzzo;PE;E558;LETTOMANOPPELLO;68020
Sud;Abruzzo;CH;E559;LETTOPALENA;69048
Nord Ovest;Liguria;SP;E560;LEVANTO;11017
Nord Ovest;Lombardia;BG;E562;LEVATE;16126
Sud;Puglia;LE;E563;LEVERANO;75037
Nord Ovest;Piemonte;CN;E564;LEVICE;4109
Nord Ovest;Piemonte;TO;E566;LEVONE;1133
Nord Ovest;Lombardia;CO;E569;LEZZENO;13126
Sud;Campania;CE;E570;LIBERI;61045
Isole;Sicilia;ME;E571;LIBRIZZI;83039
Isole;Sicilia;AG;E573;LICATA;84021
Centro;Toscana;MS;E574;LICCIANA NARDI;45009
Centro;Lazio;RM;E576;LICENZA;58051
Isole;Sicilia;CT;E578;LICODIA EUBEA;87020
Nord Ovest;Lombardia;LC;E581;LIERNA;97043
Nord Ovest;Piemonte;VC;E583;LIGNANA;2070
Nord Est;Friuli- Venezia Giulia;UD;E584;LIGNANO SABBIADORO;30049
Nord Ovest;Valle d'Aosta;AO;E587;LILLIANES;7042
Nord Est;Veneto;BL;E588;LIMANA;25029
Sud;Campania;BN;E589;LIMATOLA;62038
Sud;Calabria;VV;E590;LIMBADI;102019
Nord Ovest;Lombardia;MI;E591;LIMBIATE;108027
Nord Est;Veneto;PD;E592;LIMENA;28045
Nord Ovest;Lombardia;CO;E593;LIMIDO COMASCO;13128
Isole;Sicilia;ME;E594;LIMINA;83040
Nord Ovest;Lombardia;BS;E596;LIMONE SUL GARDA;17089
Nord Ovest;Piemonte;CN;E597;LIMONE PIEMONTE;4110
Sud;Molise;CB;E599;LIMOSANO;70032
Nord Ovest;Lombardia;PV;E600;LINAROLO;18081
Isole;Sicilia;CT;E602;LINGUAGLOSSA;87021
Sud;Campania;AV;E605;LIONI;64044
Isole;Sicilia;ME;E606;LIPARI;83041
Nord Ovest;Lombardia;CO;E607;LIPOMO;13129
Nord Ovest;Lombardia;PV;E608;LIRIO;18082
Nord Ovest;Lombardia;MI;E610;LISCATE;15122
Sud;Abruzzo;CH;E611;LISCIA;69049
Centro;Umbria;PG;E613;LISCIANO NICCONE;54025
Nord Ovest;Piemonte;CN;E615;LISIO;4111
Nord Ovest;Lombardia;MI;E617;LISSONE;108028
Isole;Sicilia;CL;E618;MILENA;85010
Sud;Campania;NA;E620;LIVERI;63040
Nord Ovest;Lombardia;SO;E621;LIVIGNO;14037
Nord Ovest;Lombardia;CO;E623;LIVO;13130
Centro;Toscana;LI;E625;LIVORNO;49009
Nord Ovest;Piemonte;VC;E626;LIVORNO FERRARIS;2071
Nord Ovest;Lombardia;LO;E627;LIVRAGA;98030
Sud;Puglia;LE;E629;LIZZANELLO;75038
Sud;Puglia;TA;E630;LIZZANO;73011
Nord Ovest;Liguria;SV;E632;LOANO;9034
Nord Ovest;Piemonte;AT;E633;LOAZZOLO;5060
Nord Ovest;Piemonte;TO;E635;LOCANA;1134
Nord Ovest;Lombardia;CO;E638;LOCATE VARESINO;13131
Nord Ovest;Lombardia;MI;E639;LOCATE DI TRIULZI;15125
Nord Ovest;Lombardia;BG;E640;LOCATELLO;16127
Isole;Sardegna;NU;E644;LOCERI;91039
Sud;Puglia;BA;E645;LOCOROTONDO;72025
Isole;Sardegna;NU;E646;LOCULI;91040
Isole;Sardegna;NU;E647;LODE`;91041
Nord Ovest;Lombardia;LO;E648;LODI;98031
Isole;Sardegna;NU;E649;LODINE;91104
Nord Ovest;Lombardia;LO;E651;LODI VECCHIO;98032
Nord Ovest;Lombardia;BS;E652;LODRINO;17090
Nord Ovest;Lombardia;BS;E654;LOGRATO;17091
Nord Est;Emilia-Romagna;BO;E655;LOIANO;37034
Nord Ovest;Lombardia;LC;E656;LOMAGNA;97044
Nord Ovest;Lombardia;CO;E659;LOMAZZO;13133
Nord Ovest;Piemonte;TO;E660;LOMBARDORE;1135
Nord Ovest;Piemonte;TO;E661;LOMBRIASCO;1136
Nord Ovest;Lombardia;PV;E662;LOMELLO;18083
Nord Ovest;Lombardia;VA;E665;LONATE CEPPINO;12089
Nord Ovest;Lombardia;VA;E666;LONATE POZZOLO;12090
Centro;Toscana;FI;E668;LONDA;48025
Sud;Molise;IS;E669;LONGANO;94024
Nord Est;Veneto;VI;E671;LONGARE;24051
Nord Ovest;Lombardia;BS;E673;LONGHENA;17093
Isole;Sicilia;ME;E674;LONGI;83042
Nord Est;Emilia-Romagna;FO;E675;LONGIANO;40018
Sud;Calabria;CS;E677;LONGOBARDI;78067
Sud;Calabria;CS;E678;LONGOBUCCO;78068
Nord Ovest;Lombardia;CO;E679;LONGONE AL SEGRINO;13134
Centro;Toscana;LI;E680;PORTO AZZURRO;49013
Centro;Lazio;RI;E681;LONGONE SABINO;57034
Nord Est;Veneto;VI;E682;LONIGO;24052
Nord Ovest;Piemonte;TO;E683;LORANZE`;1137
Nord Est;Veneto;PD;E684;LOREGGIA;28046
Nord Ovest;Piemonte;VB;E685;LOREGLIA;103038
Nord Est;Veneto;BL;E687;LORENZAGO DI CADORE;25032
Nord Est;Veneto;RO;E689;LOREO;29030
Centro;Marche;AN;E690;LORETO;42022
Sud;Abruzzo;PE;E691;LORETO APRUTINO;68021
Nord Est;Veneto;TV;E692;LORIA;26036
Centro;Toscana;AR;E693;LORO CIUFFENNA;51020
Centro;Marche;MC;E694;LORO PICENO;43022
Nord Ovest;Liguria;GE;E695;LORSICA;10030
Nord Ovest;Lombardia;BS;E698;LOSINE;17094
Isole;Sardegna;NU;E700;LOTZORAI;91042
Nord Ovest;Lombardia;BG;E704;LOVERE;16128
Nord Ovest;Lombardia;SO;E705;LOVERO VALTELLINO;14038
Nord Ovest;Lombardia;BS;E706;LOZIO;17095
Nord Ovest;Lombardia;VA;E707;LOZZA;12091
Nord Est;Veneto;BL;E708;LOZZO DI CADORE;25033
Nord Est;Veneto;PD;E709;LOZZO ATESTINO;28047
Nord Ovest;Piemonte;VC;E711;LOZZOLO;2072
Centro;Lazio;VT;E713;LUBRIANO;56033
Isole;Sicilia;AG;E714;LUCCA SICULA;84022
Centro;Toscana;LU;E715;LUCCA;46017
Sud;Puglia;FG;E716;LUCERA;71028
Centro;Toscana;AR;E718;LUCIGNANO;51021
Nord Ovest;Liguria;IM;E719;LUCINASCO;8033
Sud;Molise;CB;E722;LUCITO;70033
Sud;Abruzzo;AQ;E723;LUCO DEI MARSI;66051
Sud;Abruzzo;AQ;E724;LUCOLI;66052
Nord Est;Emilia-Romagna;PC;E726;LUGAGNANO VAL D`ARDA;33026
Centro;Umbria;TR;E729;LUGNANO IN TEVERINA;55016
Nord Est;Emilia-Romagna;RA;E730;LUGO;39012
Nord Est;Veneto;VI;E731;LUGO DI VICENZA;24053
Nord Ovest;Lombardia;VA;E734;LUINO;12092
Nord Ovest;Lombardia;CO;E735;LUISAGO;13135
Isole;Sardegna;NU;E736;LULA;91043
Nord Ovest;Liguria;GE;E737;LUMARZO;10031
Nord Ovest;Lombardia;BS;E738;LUMEZZANE;17096
Isole;Sardegna;CA;E742;LUNAMATRONA;111038
Centro;Marche;PS;E743;LUNANO;41022
Sud;Calabria;CS;E745;LUNGRO;78069
Sud;Campania;AV;E746;LUOGOSANO;64045
Isole;Sardegna;SS;E747;LUOGOSANTO;90036
Sud;Molise;CB;E748;LUPARA;70034
Nord Ovest;Lombardia;CO;E749;LURAGO D`ERBA;13136
Nord Ovest;Lombardia;CO;E750;LURAGO MARINONE;13137
Nord Ovest;Lombardia;BG;E751;LURANO;16129
Isole;Sardegna;SS;E752;LURAS;90037
Nord Ovest;Lombardia;CO;E753;LURATE CACCIVIO;13138
Sud;Campania;CE;E754;LUSCIANO;61046
Nord Ovest;Piemonte;TO;E758;LUSERNA SAN GIOVANNI;1139
Nord Ovest;Piemonte;TO;E759;LUSERNETTA;1140
Nord Est;Friuli- Venezia Giulia;UD;E760;LUSEVERA;30051
Nord Est;Veneto;RO;E761;LUSIA;29031
Nord Ovest;Piemonte;TO;E763;LUSIGLIE`;1141
Sud;Campania;SA;E767;LUSTRA;65064
Nord Ovest;Lombardia;VA;E769;LUVINATE;12093
Nord Ovest;Lombardia;BG;E770;LUZZANA;16130
Nord Est;Emilia-Romagna;RE;E772;LUZZARA;35026
Sud;Calabria;CS;E773;LUZZI;78070
Nord Ovest;Lombardia;LO;E777;MACCASTORNA;98033
Sud;Molise;IS;E778;MACCHIA D`ISERNIA;94025
Sud;Molise;IS;E779;MACCHIAGODENA;94026
Sud;Molise;CB;E780;MACCHIA VALFORTORE;70035
Nord Ovest;Piemonte;TO;E782;MACELLO;1142
Centro;Marche;MC;E783;MACERATA;43023
Sud;Campania;CE;E784;MACERATA CAMPANIA;61047
Centro;Marche;PS;E785;MACERATA FELTRIA;41023
Nord Ovest;Lombardia;MI;E786;MACHERIO;108029
Nord Ovest;Lombardia;BS;E787;MACLODIO;17097
Isole;Sardegna;NU;E788;MACOMER;91044
Nord Ovest;Piemonte;CN;E789;MACRA;4112
Nord Ovest;Piemonte;VB;E790;MACUGNAGA;103039
Sud;Campania;CE;E791;MADDALONI;61048
Nord Ovest;Lombardia;CR;E793;MADIGNANO;19055
Nord Ovest;Lombardia;BG;E794;MADONE;16131
Nord Ovest;Piemonte;VB;E795;MADONNA DEL SASSO;103040
Centro;Lazio;LT;E798;MAENZA;59013
Sud;Molise;CB;E799;MAFALDA;70036
Nord Ovest;Lombardia;MI;E801;MAGENTA;15130
Nord Ovest;Piemonte;NO;E803;MAGGIORA;3088
Nord Ovest;Lombardia;PV;E804;MAGHERNO;18085
Centro;Umbria;PG;E805;MAGIONE;54026
Sud;Calabria;CZ;E806;MAGISANO;79068
Centro;Marche;AP;E807;MAGLIANO DI TENNA;109010
Nord Ovest;Piemonte;CN;E808;MAGLIANO ALPI;4114
Nord Ovest;Piemonte;CN;E809;MAGLIANO ALFIERI;4113
Centro;Toscana;GR;E810;MAGLIANO IN TOSCANA;53013
Sud;Abruzzo;AQ;E811;MAGLIANO DE` MARSI;66053
Centro;Lazio;RI;E812;MAGLIANO SABINA;57035
Centro;Lazio;RM;E813;MAGLIANO ROMANO;58052
Sud;Campania;SA;E814;MAGLIANO VETERE;65065
Sud;Puglia;LE;E815;MAGLIE;75039
Nord Ovest;Liguria;SV;E816;MAGLIOLO;9035
Nord Ovest;Piemonte;TO;E817;MAGLIONE;1143
Nord Ovest;Lombardia;MN;E818;MAGNACAVALLO;20029
Nord Ovest;Lombardia;MI;E819;MAGNAGO;15131
Nord Est;Friuli- Venezia Giulia;UD;E820;MAGNANO IN RIVIERA;30052
Nord Ovest;Piemonte;BI;E821;MAGNANO;96030
Isole;Sardegna;NU;E825;MAGOMADAS;95083
Nord Ovest;Lombardia;CO;E830;MAGREGLIO;13139
Nord Est;Friuli- Venezia Giulia;UD;E833;MAJANO;30053
Sud;Calabria;CZ;E834;MAIDA;79069
Sud;Calabria;CS;E835;MAIERA`;78071
Sud;Calabria;VV;E836;MAIERATO;102020
Centro;Marche;AN;E837;MAIOLATI SPONTINI;42023
Nord Est;Emilia-Romagna;RN;E838;MAIOLO;99022
Sud;Campania;SA;E839;MAIORI;65066
Nord Ovest;Lombardia;LO;E840;MAIRAGO;98034
Nord Ovest;Lombardia;BS;E841;MAIRANO;17099
Nord Ovest;Liguria;SP;E842;MAISSANA;11018
Nord Ovest;Lombardia;CR;E843;MALAGNINO;19056
Nord Est;Emilia-Romagna;BO;E844;MALALBERGO;37035
Nord Est;Veneto;VR;E848;MALCESINE;23045
Nord Ovest;Lombardia;BS;E851;MALEGNO;17100
Nord Ovest;Lombardia;LO;E852;MALEO;98035
Nord Ovest;Piemonte;VB;E853;MALESCO;103041
Isole;Sicilia;CT;E854;MALETTO;87022
Isole;Sicilia;ME;E855;MALFA;83043
Nord Ovest;Lombardia;LC;E858;MALGRATE;97045
Sud;Calabria;CS;E859;MALITO;78072
Nord Ovest;Liguria;SV;E860;MALLARE;9036
Nord Ovest;Lombardia;VA;E863;MALNATE;12096
Nord Est;Veneto;VI;E864;MALO;24055
Nord Ovest;Lombardia;BS;E865;MALONNO;17101
Centro;Marche;AP;E868;MALTIGNANO;44027
Isole;Sicilia;ME;E869;MALVAGNA;83044
Nord Ovest;Piemonte;AL;E870;MALVICINO;6090
Sud;Calabria;CS;E872;MALVITO;78073
Sud;Calabria;RC;E873;MAMMOLA;80044
Isole;Sardegna;NU;E874;MAMOIADA;91046
Centro;Toscana;GR;E875;MANCIANO;53014
Isole;Sicilia;ME;E876;MANDANICI;83045
Isole;Sardegna;CA;E877;MANDAS;111039
Sud;Calabria;CS;E878;MANDATORICCIO;78074
Nord Ovest;Lombardia;LC;E879;MANDELLO DEL LARIO;97046
Nord Ovest;Piemonte;NO;E880;MANDELLO VITTA;3090
Sud;Puglia;TA;E882;MANDURIA;73012
Nord Ovest;Lombardia;BS;E883;MANERBA DEL GARDA;17102
Nord Ovest;Lombardia;BS;E884;MANERBIO;17103
Sud;Puglia;FG;E885;MANFREDONIA;71029
Nord Ovest;Piemonte;CN;E887;MANGO;4115
Sud;Calabria;CS;E888;MANGONE;78075
Nord Est;Friuli- Venezia Giulia;PN;E889;MANIAGO;93025
Sud;Campania;AV;E891;MANOCALZATI;64046
Sud;Abruzzo;PE;E892;MANOPPELLO;68022
Nord Est;Veneto;TV;E893;MANSUE`;26037
Nord Ovest;Piemonte;CN;E894;MANTA;4116
Nord Ovest;Lombardia;SO;E896;MANTELLO;14039
Nord Ovest;Lombardia;MN;E897;MANTOVA;20030
Nord Est;Friuli- Venezia Giulia;UD;E899;MANZANO;30055
Centro;Lazio;RM;E900;MANZIANA;58054
Nord Ovest;Lombardia;BG;E901;MAPELLO;16132
Isole;Sardegna;SS;E902;MARA;90038
Isole;Sardegna;CA;E903;MARACALAGONIS;92037
Nord Est;Emilia-Romagna;MO;E904;MARANELLO;36019
Nord Est;Emilia-Romagna;MO;E905;MARANO SUL PANARO;36020
Sud;Campania;NA;E906;MARANO DI NAPOLI;63041
Nord Ovest;Piemonte;NO;E907;MARANO TICINO;3091
Centro;Lazio;RM;E908;MARANO EQUO;58055
Nord Est;Friuli- Venezia Giulia;UD;E910;MARANO LAGUNARE;30056
Nord Est;Veneto;VR;E911;MARANO DI VALPOLICELLA;23046
Nord Est;Veneto;VI;E912;MARANO VICENTINO;24056
Sud;Calabria;CS;E914;MARANO MARCHESATO;78076
Sud;Calabria;CS;E915;MARANO PRINCIPATO;78077
Nord Ovest;Piemonte;AT;E917;MARANZANA;5061
Sud;Basilicata;PZ;E919;MARATEA;76044
Nord Ovest;Lombardia;MI;E921;MARCALLO CON CASONE;15134
Nord Ovest;Lombardia;MN;E922;MARCARIA;20031
Sud;Calabria;CZ;E923;MARCEDUSA;79071
Centro;Lazio;RM;E924;MARCELLINA;58056
Sud;Calabria;CZ;E925;MARCELLINARA;79072
Centro;Lazio;RI;E927;MARCETELLI;57036
Nord Ovest;Lombardia;BS;E928;MARCHENO;17104
Nord Ovest;Lombardia;VA;E929;MARCHIROLO;12097
Centro;Toscana;LI;E930;MARCIANA;49010
Centro;Toscana;LI;E931;MARCIANA MARINA;49011
Sud;Campania;CE;E932;MARCIANISE;61049
Centro;Toscana;AR;E933;MARCIANO DELLA CHIANA;51022
Nord Ovest;Lombardia;PV;E934;MARCIGNAGO;18086
Nord Est;Veneto;VE;E936;MARCON;27020
Nord Ovest;Piemonte;CN;E939;MARENE;4117
Nord Est;Veneto;TV;E940;MARENO DI PIAVE;26038
Nord Ovest;Piemonte;TO;E941;MARENTINO;1144
Nord Ovest;Piemonte;AT;E944;MARETTO;5062
Nord Ovest;Piemonte;CN;E945;MARGARITA;4118
Sud;Puglia;FG;E946;MARGHERITA DI SAVOIA;110005
Nord Ovest;Lombardia;LC;E947;MARGNO;97047
Nord Ovest;Lombardia;MN;E949;MARIANA MANTOVANA;20032
Nord Ovest;Lombardia;CO;E951;MARIANO COMENSE;13143
Isole;Sicilia;CL;E953;MARIANOPOLI;85008
Sud;Campania;NA;E954;MARIGLIANELLA;63042
Sud;Campania;NA;E955;MARIGLIANO;63043
Sud;Calabria;RC;E956;MARINA D GIOIOSA IONICA;80045
Isole;Sicilia;PA;E957;MARINEO;82046
Centro;Lazio;RM;E958;MARINO;58057
Centro;Toscana;PT;E960;MARLIANA;47007
Nord Ovest;Lombardia;BS;E961;MARMENTINO;17105
Nord Ovest;Lombardia;MN;E962;MARMIROLO;20033
Nord Ovest;Piemonte;CN;E963;MARMORA;4119
Nord Ovest;Lombardia;VA;E965;MARNATE;12098
Nord Ovest;Lombardia;BS;E967;MARONE;17106
Sud;Calabria;RC;E968;MAROPATI;80046
Nord Est;Veneto;VI;E970;MAROSTICA;24057
Centro;Toscana;FI;E971;MARRADI;48026
Isole;Sardegna;OR;E972;MARRUBIU;95025
Nord Ovest;Piemonte;CN;E973;MARSAGLIA;4120
Isole;Sicilia;TP;E974;MARSALA;81011
Centro;Umbria;PG;E975;MARSCIANO;54027
Sud;Basilicata;PZ;E976;MARSICO NUOVO;76045
Sud;Basilicata;PZ;E977;MARSICOVETERE;76046
Centro;Lazio;VT;E978;MARTA;56034
Sud;Puglia;LE;E979;MARTANO;75040
Nord Est;Veneto;VE;E980;MARTELLAGO;27021
Nord Est;Friuli- Venezia Giulia;UD;E982;MARTIGNACCO;30057
Nord Ovest;Lombardia;CR;E983;MARTIGNANA DI PO;19057
Sud;Puglia;LE;E984;MARTIGNANO;75041
Sud;Puglia;TA;E986;MARTINA FRANCA;73013
Nord Ovest;Lombardia;BG;E987;MARTINENGO;16133
Nord Ovest;Piemonte;CN;E988;MARTINIANA PO;4121
Sud;Abruzzo;TE;E989;MARTINSICURO;67047
Sud;Calabria;CZ;E991;MARTIRANO LOMBARDO;79074
Isole;Sardegna;SS;E992;MARTIS;90039
Sud;Calabria;RC;E993;MARTONE;80047
Nord Ovest;Lombardia;LO;E994;MARUDO;98036
Sud;Puglia;TA;E995;MARUGGIO;73014
Sud;Campania;AV;E997;MARZANO DI NOLA;64047
Sud;Campania;CE;E998;MARZANO APPIO;61050
Nord Ovest;Lombardia;PV;E999;MARZANO;18087
Sud;Calabria;CS;F001;MARZI;78078
Nord Ovest;Lombardia;VA;F002;MARZIO;12099
Nord Ovest;Lombardia;MI;F003;MASATE;15136
Isole;Sicilia;CT;F004;MASCALI;87023
Isole;Sicilia;CT;F005;MASCALUCIA;87024
Sud;Basilicata;PZ;F006;MASCHITO;76047
Nord Ovest;Lombardia;VA;F007;MASCIAGO PRIMO;12100
Nord Est;Veneto;TV;F009;MASER;26039
Nord Ovest;Piemonte;VB;F010;MASERA;103042
Nord Est;Veneto;PD;F011;MASERA` DI PADOVA;28048
Nord Est;Veneto;TV;F012;MASERADA SUL PIAVE;26040
Nord Est;Veneto;PD;F013;MASI;28049
Nord Ovest;Piemonte;AL;F015;MASIO;6091
Nord Est;Emilia-Romagna;FE;F016;MASI TORELLO;38012
Nord Ovest;Lombardia;CO;F017;MASLIANICO;13144
Nord Ovest;Liguria;GE;F020;MASONE;10032
Centro;Marche;AP;F021;MASSA FERMANA;109011
Sud;Abruzzo;AQ;F022;MASSA D`ALBE;66054
Centro;Toscana;MS;F023;MASSA;45010
Centro;Umbria;PG;F024;MASSA MARTANA;54028
Centro;Toscana;PT;F025;MASSA E COZZILE;47008
Sud;Puglia;TA;F027;MASSAFRA;73015
Nord Ovest;Lombardia;LO;F028;MASSALENGO;98037
Nord Est;Emilia-Romagna;RA;F029;MASSA LOMBARDA;39013
Sud;Campania;NA;F030;MASSA LUBRENSE;63044
Centro;Toscana;GR;F032;MASSA MARITTIMA;53015
Nord Est;Veneto;PD;F033;MASSANZAGO;28050
Centro;Toscana;LU;F035;MASSAROSA;46018
Nord Ovest;Piemonte;BI;F037;MASSAZZA;96031
Nord Ovest;Piemonte;TO;F041;MASSELLO;1145
Nord Ovest;Piemonte;BI;F042;MASSERANO;96032
Sud;Campania;CE;F043;SAN MARCO EVANGELISTA;61104
Centro;Marche;AP;F044;MASSIGNANO;44029
Nord Ovest;Liguria;SV;F046;MASSIMINO;9037
Nord Ovest;Piemonte;NO;F047;MASSINO VISCONTI;3093
Nord Ovest;Piemonte;VB;F048;MASSIOLA;103043
Isole;Sardegna;OR;F050;MASULLAS;95026
Centro;Marche;MC;F051;MATELICA;43024
Sud;Basilicata;MT;F052;MATERA;77014
Nord Ovest;Piemonte;TO;F053;MATHI;1146
Sud;Puglia;LE;F054;MATINO;75042
Sud;Molise;CB;F055;MATRICE;70037
Nord Ovest;Piemonte;TO;F058;MATTIE;1147
Sud;Puglia;FG;F059;MATTINATA;71031
Isole;Sicilia;TP;F061;MAZARA DEL VALLO;81012
Nord Ovest;Lombardia;BS;F063;MAZZANO;17107
Centro;Lazio;RM;F064;MAZZANO ROMANO;58058
Isole;Sicilia;CL;F065;MAZZARINO;85009
Isole;Sicilia;ME;F066;MAZZARRA` SANT`ANDREA;83046
Nord Ovest;Piemonte;TO;F067;MAZZE`;1148
Nord Ovest;Lombardia;SO;F070;MAZZO DI VALTELLINA;14040
Isole;Sardegna;NU;F073;MEANA SARDO;91047
Nord Ovest;Piemonte;TO;F074;MEANA DI SUSA;1149
Nord Ovest;Lombardia;MI;F078;MEDA;108030
Nord Ovest;Lombardia;PV;F080;MEDE;18088
Nord Est;Emilia-Romagna;PR;F082;MEDESANO;34020
Nord Est;Emilia-Romagna;BO;F083;MEDICINA;37037
Nord Ovest;Lombardia;MI;F084;MEDIGLIA;15139
Nord Ovest;Lombardia;BG;F085;MEDOLAGO;16250
Nord Ovest;Lombardia;MN;F086;MEDOLE;20034
Nord Est;Emilia-Romagna;MO;F087;MEDOLLA;36021
Nord Est;Veneto;TV;F088;MEDUNA DI LIVENZA;26041
Nord Est;Friuli- Venezia Giulia;PN;F089;MEDUNO;93026
Nord Est;Veneto;PD;F092;MEGLIADINO SAN VITALE;28052
Nord Ovest;Piemonte;NO;F093;MEINA;3095
Nord Est;Veneto;RO;F095;MELARA;29032
Nord Ovest;Piemonte;AL;F096;MELAZZO;6092
Nord Est;Emilia-Romagna;FO;F097;MELDOLA;40019
Nord Ovest;Liguria;GE;F098;MELE;10033
Nord Ovest;Lombardia;MI;F100;MELEGNANO;15140
Sud;Puglia;LE;F101;MELENDUGNO;75043
Nord Ovest;Lombardia;LO;F102;MELETI;98038
Sud;Basilicata;PZ;F104;MELFI;76048
Sud;Calabria;RC;F105;MELICUCCA`;80048
Sud;Calabria;RC;F106;MELICUCCO;80049
Isole;Sicilia;SR;F107;MELILLI;89012
Sud;Calabria;KR;F108;MELISSA;101014
Sud;Puglia;LE;F109;MELISSANO;75044
Sud;Campania;AV;F110;MELITO IRPINO;64048
Sud;Campania;NA;F111;MELITO DI NAPOLI;63045
Sud;Calabria;RC;F112;MELITO DI PORTO SALVO;80050
Sud;Campania;BN;F113;MELIZZANO;62039
Nord Ovest;Piemonte;CN;F114;MELLE;4122
Nord Ovest;Lombardia;SO;F115;MELLO;14041
Nord Est;Veneto;TV;F116;SILEA;26081
Sud;Puglia;LE;F117;MELPIGNANO;75045
Nord Ovest;Lombardia;MI;F119;MELZO;15142
Nord Ovest;Lombardia;CO;F120;MENAGGIO;13145
Nord Ovest;Lombardia;PV;F122;MENCONICO;18089
Nord Ovest;Liguria;IM;F123;MENDATICA;8034
Sud;Calabria;CS;F125;MENDICINO;78079
Isole;Sicilia;AG;F126;MENFI;84023
Centro;Lazio;RM;F127;MENTANA;58059
Nord Est;Veneto;VE;F130;MEOLO;27022
Nord Ovest;Piemonte;AL;F131;MERANA;6093
Nord Ovest;Lombardia;LC;F133;MERATE;97048
Nord Ovest;Lombardia;VA;F134;MERCALLO;12101
Centro;Marche;PS;F135;MERCATELLO SUL METAURO;41025
Centro;Marche;PS;F136;MERCATINO CONCA;41026
Nord Est;Emilia-Romagna;RN;F137;NOVAFELTRIA;99023
Sud;Campania;SA;F138;MERCATO SAN SEVERINO;65067
Nord Est;Emilia-Romagna;FO;F139;MERCATO SARACENO;40020
Nord Ovest;Piemonte;TO;F140;MERCENASCO;1150
Sud;Campania;AV;F141;MERCOGLIANO;64049
Nord Est;Friuli- Venezia Giulia;UD;F144;MERETO DI TOMBA;30058
Centro;Marche;AN;F145;MERGO;42024
Nord Ovest;Piemonte;VB;F146;MERGOZZO;103044
Isole;Sicilia;ME;F147;MERI`;83047
Nord Est;Veneto;PD;F148;MERLARA;28053
Nord Ovest;Lombardia;LO;F149;MERLINO;98039
Nord Ovest;Lombardia;CO;F151;MERONE;13147
Sud;Puglia;BR;F152;MESAGNE;74010
Nord Ovest;Lombardia;SO;F153;MESE;14043
Nord Ovest;Lombardia;VA;F154;MESENZANA;12102
Nord Ovest;Lombardia;MI;F155;MESERO;15144
Nord Est;Emilia-Romagna;FE;F156;MESOLA;38014
Sud;Calabria;KR;F157;MESORACA;101015
Isole;Sicilia;ME;F158;MESSINA;83048
Nord Est;Veneto;PD;F161;MESTRINO;28054
Sud;Campania;NA;F162;META;63046
Nord Ovest;Lombardia;MI;F165;MEZZAGO;108031
Nord Ovest;Piemonte;BI;F167;MEZZANA MORTIGLIENGO;96033
Nord Ovest;Lombardia;PV;F170;MEZZANA BIGLI;18090
Nord Ovest;Lombardia;PV;F171;MEZZANA RABATTONE;18091
Nord Est;Veneto;VR;F172;MEZZANE DI SOTTO;23047
Nord Ovest;Liguria;GE;F173;MEZZANEGO;10034
Nord Ovest;Lombardia;PV;F175;MEZZANINO;18092
Nord Ovest;Piemonte;TO;F182;MEZZENILE;1152
Isole;Sicilia;PA;F184;MEZZOJUSO;82047
Nord Ovest;Lombardia;BG;F186;MEZZOLDO;16134
Nord Ovest;Piemonte;NO;F188;MEZZOMERICO;3097
Nord Ovest;Piemonte;BI;F189;MIAGLIANO;96034
Nord Est;Veneto;TV;F190;MIANE;26042
Nord Ovest;Piemonte;NO;F191;MIASINO;3098
Nord Ovest;Piemonte;VB;F192;MIAZZINA;103045
Centro;Lazio;RI;F193;MICIGLIANO;57037
Sud;Puglia;LE;F194;MIGGIANO;75046
Sud;Abruzzo;CH;F196;MIGLIANICO;69050
Sud;Calabria;CZ;F200;MIGLIERINA;79077
Sud;Basilicata;MT;F201;MIGLIONICO;77015
Nord Ovest;Liguria;GE;F202;MIGNANEGO;10035
Sud;Campania;CE;F203;MIGNANO MONTE LUNGO;61051
Nord Ovest;Lombardia;MI;F205;MILANO;15146
Isole;Sicilia;ME;F206;MILAZZO;83049
Sud;Calabria;VV;F207;MILETO;102021
Isole;Sardegna;OR;F208;MILIS;95027
Isole;Sicilia;CT;F209;MILITELLO I V D CATANIA;87025
Isole;Sicilia;ME;F210;MILITELLO ROSMARINO;83050
Nord Ovest;Liguria;SV;F213;MILLESIMO;9038
Isole;Sicilia;CT;F214;MILO;87026
Nord Ovest;Lombardia;BS;F216;MILZANO;17108
Isole;Sicilia;CT;F217;MINEO;87027
Nord Est;Veneto;VR;F218;MINERBE;23048
Nord Est;Emilia-Romagna;BO;F219;MINERBIO;37038
Sud;Puglia;BA;F220;MINERVINO MURGE;110006
Sud;Puglia;LE;F221;MINERVINO DI LECCE;75047
Sud;Campania;SA;F223;MINORI;65068
Centro;Lazio;LT;F224;MINTURNO;59014
Centro;Toscana;LU;F225;MINUCCIANO;46019
Nord Ovest;Liguria;SV;F226;MIOGLIA;9039
Nord Est;Veneto;VE;F229;MIRA;27023
Sud;Campania;AV;F230;MIRABELLA ECLANO;64050
Isole;Sicilia;CT;F231;MIRABELLA IMBACCARI;87028
Nord Ovest;Piemonte;AL;F232;MIRABELLO MONFERRATO;6094
Sud;Molise;CB;F233;MIRABELLO SANNITICO;70038
Nord Ovest;Lombardia;PV;F238;MIRADOLO TERME;18093
Sud;Molise;IS;F239;MIRANDA;94027
Nord Est;Emilia-Romagna;MO;F240;MIRANDOLA;36022
Nord Est;Veneto;VE;F241;MIRANO;27024
Isole;Sicilia;ME;F242;MIRTO;83051
Nord Ovest;Lombardia;BG;F243;MISANO DI GERA D`ADDA;16135
Nord Est;Emilia-Romagna;RN;F244;MISANO ADRIATICO;99005
Isole;Sicilia;PA;F246;MISILMERI;82048
Nord Ovest;Lombardia;MI;F247;MISINTO;108032
Nord Ovest;Lombardia;LC;F248;MISSAGLIA;97049
Sud;Basilicata;PZ;F249;MISSANELLO;76049
Isole;Sicilia;CT;F250;MISTERBIANCO;87029
Isole;Sicilia;ME;F251;MISTRETTA;83052
Nord Ovest;Piemonte;AT;F254;MOASCA;5063
Nord Ovest;Liguria;GE;F256;MOCONESI;10036
Nord Est;Emilia-Romagna;MO;F257;MODENA;36023
Isole;Sicilia;RG;F258;MODICA;88006
Nord Est;Emilia-Romagna;FO;F259;MODIGLIANA;40022
Nord Ovest;Lombardia;LO;F260;TAVAZZANO VILLAVESCO;98056
Isole;Sardegna;NU;F261;MODOLO;95084
Sud;Puglia;BA;F262;MODUGNO;72027
Nord Ovest;Lombardia;LC;F265;MOGGIO;97050
Nord Est;Friuli- Venezia Giulia;UD;F266;MOGGIO UDINESE;30059
Nord Ovest;Lombardia;MN;F267;MOGLIA;20035
Centro;Marche;MC;F268;MOGLIANO;43025
Nord Est;Veneto;TV;F269;MOGLIANO VENETO;26043
Isole;Sardegna;OR;F270;MOGORELLA;95028
Isole;Sardegna;OR;F271;RUINAS;95044
Isole;Sardegna;OR;F272;MOGORO;95029
Sud;Campania;BN;F274;MOIANO;62040
Nord Est;Friuli- Venezia Giulia;UD;F275;MOIMACCO;30060
Nord Ovest;Lombardia;BG;F276;MOIO DE` CALVI;16136
Isole;Sicilia;ME;F277;MOIO ALCANTARA;83053
Sud;Campania;SA;F278;MOIO DELLA CIVITELLA;65069
Nord Ovest;Piemonte;CN;F279;MOIOLA;4123
Sud;Puglia;BA;F280;MOLA DI BARI;72028
Nord Ovest;Piemonte;AL;F281;MOLARE;6095
Centro;Toscana;LU;F283;MOLAZZANA;46020
Sud;Puglia;BA;F284;MOLFETTA;72029
Sud;Campania;BN;F287;MOLINARA;62041
Nord Est;Emilia-Romagna;BO;F288;MOLINELLA;37039
Nord Ovest;Liguria;IM;F290;MOLINI DI TRIORA;8035
Nord Ovest;Piemonte;AL;F293;MOLINO DEI TORTI;6096
Sud;Molise;CB;F294;MOLISE;70039
Sud;Basilicata;PZ;F295;MOLITERNO;76050
Nord Ovest;Piemonte;VC;F297;MOLLIA;2078
Isole;Sicilia;AG;F299;PORTO EMPEDOCLE;84028
Sud;Calabria;RC;F301;MOLOCHIO;80051
Nord Ovest;Lombardia;LC;F304;MOLTENO;97051
Nord Ovest;Lombardia;CO;F305;MOLTRASIO;13152
Nord Ovest;Piemonte;AT;F308;MOMBALDONE;5064
Nord Ovest;Piemonte;CN;F309;MOMBARCARO;4124
Centro;Marche;PS;F310;MOMBAROCCIO;41027
Nord Ovest;Piemonte;AT;F311;MOMBARUZZO;5065
Nord Ovest;Piemonte;CN;F312;MOMBASIGLIO;4125
Nord Ovest;Piemonte;AL;F313;MOMBELLO MONFERRATO;6097
Nord Ovest;Piemonte;TO;F315;MOMBELLO DI TORINO;1153
Nord Ovest;Piemonte;AT;F316;MOMBERCELLI;5066
Nord Ovest;Piemonte;NO;F317;MOMO;3100
Nord Ovest;Piemonte;TO;F318;MONPANTERO;1154
Centro;Lazio;RI;F319;MOMPEO;57038
Nord Ovest;Piemonte;AL;F320;MOMPERONE;6098
Sud;Molise;CB;F322;MONACILIONI;70040
Nord Ovest;Piemonte;AT;F323;MONALE;5067
Sud;Calabria;RC;F324;MONASTERACE;80052
Nord Ovest;Piemonte;AT;F325;MONASTERO BORMIDA;5068
Nord Ovest;Piemonte;CN;F326;MONASTERO DI VASCO;4126
Nord Ovest;Piemonte;TO;F327;MONASTERO DI LANZO;1155
Nord Ovest;Lombardia;BG;F328;MONASTEROLO D CASTELLO;16137
Nord Ovest;Piemonte;CN;F329;MONASTEROLO CASOTTO;4127
Nord Ovest;Piemonte;CN;F330;MONASTEROLO SAVIGLIANO;4128
Nord Est;Veneto;TV;F332;MONASTIER DI TREVISO;26044
Isole;Sardegna;CA;F333;MONASTIR;111041
Nord Ovest;Piemonte;TO;F335;MONCALIERI;1156
Nord Ovest;Piemonte;AT;F336;MONCALVO;5069
Nord Ovest;Piemonte;AL;F337;MONCESTINO;6099
Nord Ovest;Piemonte;CN;F338;MONCHIERO;4129
Nord Est;Emilia-Romagna;PR;F340;MONCHIO DELLE CORTI;34022
Nord Ovest;Piemonte;VC;F342;MONCRIVELLO;2079
Nord Ovest;Piemonte;AT;F343;MONCUCCO TORINESE;5070
Nord Est;Emilia-Romagna;RN;F346;MONDAINO;99006
Centro;Marche;PS;F347;MONDAVIO;41028
Centro;Marche;PS;F348;MONDOLFO;41029
Nord Ovest;Piemonte;CN;F351;MONDOVI`;4130
Sud;Campania;CE;F352;MONDRAGONE;61052
Nord Ovest;Liguria;GE;F354;MONEGLIA;10037
Nord Ovest;Piemonte;CN;F355;MONESIGLIO;4131
Nord Est;Emilia-Romagna;MO;F357;SERRAMAZZONI;36042
Nord Ovest;Piemonte;CN;F358;MONFORTE D`ALBA;4132
Isole;Sicilia;ME;F359;MONFORTE SAN GIORGIO;83054
Nord Est;Veneto;TV;F360;MONFUMO;26045
Nord Ovest;Piemonte;AT;F361;MONGARDINO;5071
Nord Est;Emilia-Romagna;BO;F363;MONGHIDORO;37040
Sud;Calabria;VV;F364;MONGIANA;102022
Nord Ovest;Piemonte;AL;F365;MONGIARDINO LIGURE;6100
Nord Ovest;Valle d'Aosta;AO;F367;MONTJOVET;7043
Isole;Sicilia;ME;F368;MONGIUFFI MELIA;83055
Nord Ovest;Piemonte;BI;F369;MONGRANDO;96035
Sud;Calabria;CS;F370;MONGRASSANO;78080
Nord Ovest;Lombardia;CO;F372;MONGUZZO;13153
Nord Ovest;Lombardia;BS;F373;MONIGA DEL GARDA;17109
Nord Ovest;Piemonte;AL;F374;MONLEALE;6101
Nord Ovest;Lombardia;BS;F375;MONNO;17110
Sud;Puglia;BA;F376;MONOPOLI;72030
Isole;Sicilia;PA;F377;MONREALE;82049
Centro;Marche;AP;F379;MONSAMPIETRO MORICO;109012
Centro;Marche;AP;F380;MONSAMPOLO DEL TRONTO;44031
Centro;Marche;AN;F381;MONSANO;42025
Nord Est;Veneto;PD;F382;MONSELICE;28055
Isole;Sardegna;CA;F383;MONSERRATO;92109
Centro;Toscana;PT;F384;MONSUMMANO TERME;47009
Nord Ovest;Piemonte;CN;F385;MONTA;4133
Nord Ovest;Piemonte;AT;F386;MONTABONE;5072
Nord Ovest;Piemonte;AL;F387;MONTACUTO;6102
Nord Ovest;Piemonte;AT;F390;MONTAFIA;5073
Sud;Molise;CB;F391;MONTAGANO;70041
Nord Ovest;Lombardia;SO;F393;MONTAGNA IN VALTELLINA;14044
Nord Est;Veneto;PD;F394;MONTAGNANA;28056
Isole;Sicilia;ME;F395;MONTAGNAREALE;83056
Sud;Campania;AV;F397;MONTAGUTO;64051
Centro;Toscana;FI;F398;MONTAIONE;48027
Sud;Basilicata;MT;F399;MONTALBANO IONICO;77016
Isole;Sicilia;ME;F400;MONTALBANO ELICONA;83057
Centro;Marche;AN;F401;OSTRA;42035
Nord Ovest;Piemonte;AL;F403;MONTALDEO;6103
Nord Ovest;Piemonte;AL;F404;MONTALDO BORMIDA;6104
Nord Ovest;Piemonte;CN;F405;MONTALDO DI MONDOVI;4134
Nord Ovest;Piemonte;TO;F407;MONTALDO TORINESE;1158
Nord Ovest;Piemonte;CN;F408;MONTALDO ROERO;4135
Nord Ovest;Piemonte;AT;F409;MONTALDO SCARAMPI;5074
Centro;Toscana;PT;F410;MONTALE;47010
Nord Ovest;Piemonte;TO;F411;MONTALENGHE;1159
Isole;Sicilia;AG;F414;MONTALLEGRO;84024
Centro;Marche;AP;F415;MONTALTO DELLE MARCHE;44032
Sud;Calabria;CS;F416;MONTALTO UFFUGO;78081
Nord Ovest;Lombardia;PV;F417;MONTALTO PAVESE;18094
Centro;Lazio;VT;F419;MONTALTO DI CASTRO;56035
Nord Ovest;Piemonte;TO;F420;MONTALTO DORA;1160
Nord Ovest;Piemonte;TO;F422;MONTANARO;1161
Nord Ovest;Lombardia;LO;F423;MONTANASO LOMBARDO;98040
Nord Ovest;Piemonte;CN;F424;MONTANERA;4136
Sud;Campania;SA;F426;MONTANO ANTILIA;65070
Nord Ovest;Lombardia;CO;F427;MONTANO LUCINO;13154
Centro;Marche;AP;F428;MONTAPPONE;109013
Sud;Molise;IS;F429;MONTAQUILA;94028
Centro;Lazio;RI;F430;MONTASOLA;57039
Sud;Calabria;CZ;F432;MONTAURO;79080
Sud;Abruzzo;CH;F433;MONTAZZOLI;69051
Nord Ovest;Lombardia;CR;F434;MONTE CREMASCO;19058
Centro;Toscana;GR;F437;MONTE ARGENTARIO;53016
Nord Ovest;Lombardia;PV;F440;MONTEBELLO BATTAGLIA;18095
Sud;Abruzzo;PE;F441;MONTEBELLO DI BERTONA;68023
Nord Est;Veneto;VI;F442;MONTEBELLO VICENTINO;24060
Nord Est;Veneto;TV;F443;MONTEBELLUNA;26046
Nord Ovest;Liguria;GE;F445;MONTEBRUNO;10038
Centro;Lazio;RI;F446;MONTEBUONO;57040
Sud;Campania;AV;F448;MONTECALVO IRPINO;64052
Nord Ovest;Lombardia;PV;F449;MONTECALVO VERSIGGIA;18096
Centro;Marche;PS;F450;MONTECALVO IN FOGLIA;41030
Centro;Toscana;LU;F452;MONTECARLO;46021
Centro;Marche;AN;F453;MONTECAROTTO;42026
Centro;Marche;MC;F454;MONTECASSIANO;43026
Nord Ovest;Piemonte;AL;F455;MONTECASTELLO;6105
Centro;Umbria;PG;F456;MONTE CASTELLO DI VIBIO;54029
Centro;Umbria;TR;F457;MONTECASTRILLI;55017
Centro;Toscana;PI;F458;MONTECATINI VAL DI CECINA;50019
Centro;Marche;MC;F460;MONTE CAVALLO;43027
Nord Est;Veneto;VR;F461;MONTECCHIA DI CROSARA;23049
Centro;Umbria;TR;F462;MONTECCHIO;55018
Nord Est;Emilia-Romagna;RE;F463;MONTECCHIO EMILIA;35027
Nord Est;Veneto;VI;F464;MONTECCHIO MAGGIORE;24061
Nord Est;Veneto;VI;F465;MONTECCHIO PRECALCINO;24062
Centro;Marche;PS;F467;MONTE CERIGNONE;41031
Nord Ovest;Piemonte;AT;F468;MONTECHIARO D`ASTI;5075
Nord Ovest;Piemonte;AL;F469;MONTECHIARO D`ACQUI;6106
Nord Ovest;Lombardia;BS;F471;MONTICHIARI;17113
Nord Est;Emilia-Romagna;PR;F473;MONTECHIARUGOLO;34023
Sud;Molise;CB;F475;MONTECILFONE;70042
Centro;Lazio;RM;F477;MONTECOMPATRI;58060
Nord Est;Emilia-Romagna;RN;F478;MONTECOPIOLO;41033
Sud;Campania;SA;F479;MONTECORICE;65071
Sud;Campania;SA;F480;MONTECORVINO PUGLIANO;65072
Sud;Campania;SA;F481;MONTECORVINO ROVELLA;65073
Centro;Marche;MC;F482;MONTECOSARO;43028
Nord Ovest;Piemonte;VB;F483;MONTECRESTESE;103046
Nord Est;Emilia-Romagna;MO;F484;MONTECRETO;36024
Nord Est;Veneto;VI;F486;MONTE DI MALO;24063
Centro;Marche;AP;F487;MONTEDINOVE;44034
Sud;Campania;NA;F488;MONTE DI PROCIDA;63047
Isole;Sicilia;CL;F489;MONTEDORO;85011
Sud;Campania;AV;F491;MONTEFALCIONE;64053
Centro;Umbria;PG;F492;MONTEFALCO;54030
Centro;Marche;AP;F493;MONTEFALCONE APPENNINO;109014
Sud;Campania;BN;F494;MONTEFALCONE V FORTORE;62042
Sud;Molise;CB;F495;MONTEFALCONE NEL SANNIO;70043
Centro;Marche;MC;F496;MONTEFANO;43029
Centro;Marche;PS;F497;MONTEFELCINO;41034
Sud;Abruzzo;CH;F498;MONTEFERRANTE;69052
Centro;Lazio;VT;F499;MONTEFIASCONE;56036
Sud;Abruzzo;TE;F500;MONTEFINO;67027
Centro;Marche;AP;F501;MONTEFIORE DELL`ASO;44036
Nord Est;Emilia-Romagna;RN;F502;MONTEFIORE CONCA;99008
Nord Est;Emilia-Romagna;MO;F503;MONTEFIORINO;36025
Centro;Lazio;RM;F504;MONTEFLAVIO;58061
Sud;Campania;AV;F506;MONTEFORTE IRPINO;64054
Sud;Campania;SA;F507;MONTEFORTE CILENTO;65074
Nord Est;Veneto;VR;F508;MONTEFORTE D`ALPONE;23050
Centro;Marche;AP;F509;MONTEFORTINO;109015
Centro;Umbria;TR;F510;MONTEFRANCO;55019
Sud;Campania;AV;F511;MONTEFREDANE;64055
Sud;Campania;AV;F512;MONTEFUSCO;64056
Centro;Umbria;TR;F513;MONTEGABBIONE;55020
Nord Est;Veneto;VI;F514;MONTEGALDA;24064
Nord Est;Veneto;VI;F515;MONTEGALDELLA;24065
Centro;Marche;AP;F516;MONTEGALLO;44038
Centro;Marche;AP;F517;MONTE GIBERTO;109016
Nord Ovest;Piemonte;AL;F518;MONTEGIOCO;6107
Sud;Calabria;CS;F519;MONTEGIORDANO;78082
Centro;Marche;AP;F520;MONTEGIORGIO;109017
Centro;Marche;AP;F522;MONTEGRANARO;109018
Nord Est;Emilia-Romagna;RN;F523;MONTEGRIDOLFO;99009
Centro;Marche;PS;F524;MONTE GRIMANO;41035
Nord Ovest;Lombardia;VA;F526;MONTEGRINO-VALTRAVAGLIA;12103
Nord Ovest;Piemonte;AT;F527;MONTEGROSSO D`ASTI;5076
Nord Ovest;Liguria;IM;F528;MONTEGROSSO PIAN LATTE;8037
Nord Est;Veneto;PD;F529;MONTEGROTTO TERME;28057
Sud;Puglia;TA;F531;MONTEIASI;73016
Nord Ovest;Lombardia;BS;F532;MONTE ISOLA;17111
Centro;Marche;PS;F533;MONTELABBATE;41036
Centro;Lazio;RM;F534;MONTELANICO;58062
Sud;Abruzzo;CH;F535;MONTELAPIANO;69053
Centro;Marche;AP;F536;MONTELEONE DI FERMO;109019
Sud;Calabria;VV;F537;VIBO VALENTIA;102047
Sud;Puglia;FG;F538;MONTELEONE DI PUGLIA;71032
Centro;Umbria;PG;F540;MONTELEONE DI SPOLETO;54031
Centro;Lazio;RI;F541;MONTELEONE SABINO;57041
Isole;Sardegna;SS;F542;MONTELEONE ROCCA DORIA;90040
Centro;Umbria;TR;F543;MONTELEONE D`ORVIETO;55021
Isole;Sicilia;PA;F544;MONTELEPRE;82050
Centro;Lazio;RM;F545;MONTELIBRETTI;58063
Sud;Campania;AV;F546;MONTELLA;64057
Nord Ovest;Lombardia;BG;F547;MONTELLO;16139
Sud;Molise;CB;F548;MONTELONGO;70044
Centro;Marche;AP;F549;MONTELPARO;109020
Nord Ovest;Piemonte;CN;F550;MONTELUPO ALBESE;4137
Centro;Toscana;FI;F551;MONTELUPO FIORENTINO;48028
Centro;Marche;MC;F552;MONTELUPONE;43030
Isole;Sicilia;PA;F553;MONTEMAGGIORE BELSITO;82051
Nord Ovest;Piemonte;AT;F556;MONTEMAGNO;5077
Sud;Campania;BN;F557;SANT`ARCANGELO TRIMONTE;62078
Nord Ovest;Piemonte;CN;F558;MONTEMALE DI CUNEO;4138
Sud;Campania;AV;F559;MONTEMARANO;64058
Centro;Marche;AN;F560;MONTEMARCIANO;42027
Nord Ovest;Lombardia;LC;F561;MONTE MARENZO;97052
Nord Ovest;Piemonte;AL;F562;MONTEMARZINO;6108
Sud;Puglia;TA;F563;MONTEMESOLA;73017
Nord Ovest;Lombardia;CO;F564;MONTEMEZZO;13155
Centro;Toscana;AR;F565;MONTEMIGNAIO;51023
Sud;Campania;AV;F566;MONTEMILETTO;64059
Centro;Marche;MC;F567;POLLENZA;43041
Sud;Basilicata;PZ;F568;MONTEMILONE;76051
Sud;Molise;CB;F569;MONTEMITRO;70045
Centro;Marche;AP;F570;MONTEMONACO;44044
Centro;Toscana;PO;F572;MONTEMURLO;100003
Sud;Basilicata;PZ;F573;MONTEMURRO;76052
Nord Est;Friuli- Venezia Giulia;UD;F574;MONTENARS;30061
Sud;Molise;CB;F576;MONTENERO DI BISACCIA;70046
Sud;Abruzzo;CH;F578;MONTENERODOMO;69054
Centro;Lazio;RI;F579;MONTENERO SABINO;57042
Sud;Molise;IS;F580;MONTENERO VALCOCCHIARA;94029
Centro;Marche;AN;F581;OSTRA VETERE;42036
Sud;Abruzzo;CH;F582;MONTEODORISIO;69055
Sud;Abruzzo;TE;F585;ROSETO DEGLI ABRUZZI;67037
Sud;Calabria;CZ;F586;MONTEPAONE;79081
Sud;Puglia;TA;F587;MONTEPARANO;73018
Centro;Marche;PS;F589;MONTE PORZIO;41038
Centro;Lazio;RM;F590;MONTE PORZIO CATONE;58064
Centro;Marche;AP;F591;MONTEPRANDONE;44045
Centro;Toscana;SI;F592;MONTEPULCIANO;52015
Centro;Toscana;AR;F594;MONTERCHI;51024
Sud;Abruzzo;AQ;F595;MONTEREALE;66056
Nord Est;Friuli- Venezia Giulia;PN;F596;MONTEREALE VALCELLINA;93027
Nord Est;Emilia-Romagna;BO;F597;MONTERENZIO;37041
Centro;Toscana;SI;F598;MONTERIGGIONI;52016
Centro;Marche;AP;F599;MONTE RINALDO;109021
Centro;Marche;AN;F600;MONTE ROBERTO;42029
Sud;Molise;IS;F601;MONTERODUNI;94030
Centro;Lazio;VT;F603;MONTE ROMANO;56037
Sud;Puglia;LE;F604;MONTERONI DI LECCE;75048
Centro;Toscana;SI;F605;MONTERONI D ARBIA;52017
Centro;Lazio;VT;F606;MONTEROSI;56038
Sud;Calabria;VV;F607;MONTEROSSO CALABRO;102023
Nord Ovest;Piemonte;CN;F608;MONTEROSSO GRANA;4139
Nord Ovest;Liguria;SP;F609;MONTEROSSO AL MARE;11019
Isole;Sicilia;RG;F610;MONTEROSSO ALMO;88007
Centro;Lazio;RM;F611;MONTEROTONDO;58065
Centro;Toscana;GR;F612;MONTEROTONDO MARITTIMO;53027
Centro;Marche;AP;F614;MONTERUBBIANO;109022
Centro;Lazio;LT;F616;MONTE SAN BIAGIO;59015
Sud;Campania;SA;F618;MONTE SAN GIACOMO;65075
Centro;Lazio;RI;F619;MONTE S GIOVANNI SABINA;57043
Centro;Lazio;FR;F620;MONTE S GIOVANNI CAMPAN;60044
Centro;Marche;MC;F621;MONTE SAN GIUSTO;43031
Centro;Marche;MC;F622;MONTE SAN MARTINO;43032
Sud;Puglia;LE;F623;MONTESANO SALENTINO;75049
Sud;Campania;SA;F625;MONTESANO S MARCELLANA;65076
Centro;Marche;AP;F626;MONTE SAN PIETRANGELI;109023
Nord Est;Emilia-Romagna;BO;F627;MONTE SAN PIETRO;37042
Centro;Toscana;AR;F628;MONTE SAN SAVINO;51025
Centro;Umbria;PG;F629;MONTE S MARIA TIBERINA;54032
Sud;Puglia;FG;F631;MONTE SANT ANGELO;71033
Centro;Marche;MC;F632;POTENZA PICENA;43043
Centro;Marche;AN;F634;MONTE SAN VITO;42030
Sud;Campania;BN;F636;MONTESARCHIO;62043
Sud;Basilicata;MT;F637;MONTESCAGLIOSO;77017
Nord Ovest;Lombardia;PV;F638;MONTESCANO;18097
Nord Ovest;Piemonte;VB;F639;MONTESCHENO;103047
Centro;Toscana;PI;F640;MONTESCUDAIO;50020
Nord Est;Emilia-Romagna;MO;F642;MONTESE;36026
Nord Ovest;Lombardia;PV;F644;MONTESEGALE;18098
Sud;Abruzzo;PE;F646;MONTESILVANO;68024
Centro;Toscana;FI;F648;MONTESPERTOLI;48030
Nord Ovest;Piemonte;TO;F651;MONTEU DA PO;1162
Centro;Marche;AP;F653;MONTE URANO;109024
Nord Ovest;Piemonte;CN;F654;MONTEU ROERO;4140
Isole;Sicilia;AG;F655;MONTEVAGO;84025
Centro;Toscana;AR;F656;MONTEVARCHI;51026
Nord Ovest;Lombardia;LC;F657;MONTEVECCHIA;97053
Sud;Campania;AV;F660;MONTEVERDE;64060
Centro;Toscana;PI;F661;MONTEVERDI MARITTIMO;50021
Nord Est;Veneto;VI;F662;MONTEVIALE;24066
Centro;Marche;AP;F664;MONTE VIDON COMBATTE;109025
Centro;Marche;AP;F665;MONTE VIDON CORRADO;109026
Nord Ovest;Piemonte;CN;F666;MONTEZEMOLO;4141
Isole;Sardegna;SS;F667;MONTI;90041
Nord Est;Emilia-Romagna;FO;F668;MONTIANO;40028
Nord Ovest;Piemonte;CN;F669;MONTICELLO D`ALBA;4142
Nord Ovest;Lombardia;PV;F670;MONTICELLI PAVESE;18099
Nord Est;Emilia-Romagna;PC;F671;MONTICELLI D`ONGINA;33027
Nord Ovest;Lombardia;BS;F672;MONTICELLI BRUSATI;17112
Nord Ovest;Lombardia;LC;F674;MONTICELLO BRIANZA;97054
Nord Est;Veneto;VI;F675;MONTICELLO CONTE OTTO;24067
Centro;Toscana;SI;F676;MONTICIANO;52018
Centro;Toscana;GR;F677;MONTIERI;53017
Centro;Toscana;MS;F679;MONTIGNOSO;45011
Nord Ovest;Lombardia;BS;F680;MONTIRONE;17114
Nord Ovest;Lombardia;CR;F681;MONTODINE;19059
Nord Ovest;Liguria;GE;F682;MONTOGGIO;10039
Centro;Umbria;PG;F685;MONTONE;54033
Centro;Toscana;PI;F686;MONTOPOLI IN VAL D`ARNO;50022
Centro;Lazio;RI;F687;MONTOPOLI DI SABINA;57044
Nord Ovest;Lombardia;CO;F688;MONTORFANO;13157
Sud;Molise;CB;F689;MONTORIO NEI FRENTANI;70047
Sud;Abruzzo;TE;F690;MONTORIO AL VOMANO;67028
Centro;Lazio;RM;F692;MONTORIO ROMANO;58066
Nord Est;Veneto;VI;F696;MONTORSO VICENTINO;24068
Centro;Marche;AP;F697;MONTOTTONE;109027
Isole;Sardegna;NU;F698;MONTRESTA;95085
Nord Ovest;Lombardia;PV;F701;MONTU BECCARIA;18100
Nord Ovest;Lombardia;VA;F703;MONVALLE;12104
Nord Ovest;Lombardia;MI;F704;MONZA;108033
Nord Ovest;Lombardia;MN;F705;MONZAMBANO;20036
Nord Est;Emilia-Romagna;BO;F706;MONZUNO;37044
Nord Ovest;Piemonte;AL;F707;MORANO SUL PO;6109
Sud;Calabria;CS;F708;MORANO CALABRO;78083
Nord Ovest;Lombardia;VA;F711;MORAZZONE;12105
Nord Ovest;Lombardia;SO;F712;MORBEGNO;14045
Nord Ovest;Piemonte;AL;F713;MORBELLO;6110
Nord Est;Emilia-Romagna;RN;F715;MORCIANO DI ROMAGNA;99011
Sud;Puglia;LE;F716;MORCIANO DI LEUCA;75050
Sud;Campania;BN;F717;MORCONE;62044
Nord Est;Emilia-Romagna;BO;F718;MORDANO;37045
Nord Ovest;Lombardia;BG;F720;MORENGO;16140
Isole;Sardegna;SS;F721;MORES;90042
Centro;Marche;AP;F722;MORESCO;109028
Nord Ovest;Piemonte;CN;F723;MORETTA;4143
Nord Est;Emilia-Romagna;PC;F724;MORFASSO;33028
Nord Est;Veneto;TV;F725;MORGANO;26047
Nord Ovest;Valle d'Aosta;AO;F726;MORGEX;7044
Isole;Sardegna;OR;F727;MORGONGIORI;95030
Nord Est;Veneto;TV;F729;MORIAGO DELLA BATTAGLIA;26048
Centro;Lazio;RM;F730;MORICONE;58067
Sud;Campania;SA;F731;MORIGERATI;65077
Sud;Abruzzo;AQ;F732;MORINO;66057
Nord Ovest;Piemonte;TO;F733;MORIONDO TORINESE;1163
Centro;Lazio;RM;F734;MORLUPO;58068
Sud;Calabria;CS;F735;MORMANNO;78084
Nord Ovest;Lombardia;VA;F736;MORNAGO;12106
Nord Ovest;Piemonte;AL;F737;MORNESE;6111
Nord Ovest;Lombardia;BG;F738;MORNICO AL SERIO;16141
Nord Ovest;Lombardia;PV;F739;MORNICO LOSANA;18101
Centro;Lazio;FR;F740;MOROLO;60045
Nord Ovest;Piemonte;CN;F743;MOROZZO;4144
Sud;Campania;AV;F744;MORRA DE SANCTIS;64063
Centro;Marche;AN;F745;MORRO D`ALBA;42031
Centro;Lazio;RI;F746;MORRO REATINO;57045
Sud;Abruzzo;TE;F747;MORRO D`ORO;67029
Sud;Molise;CB;F748;MORRONE DEL SANNIO;70048
Centro;Marche;MC;F749;MORROVALLE;43033
Nord Est;Friuli- Venezia Giulia;PN;F750;MORSANO AL TAGLIAMENTO;93028
Nord Ovest;Piemonte;AL;F751;MORSASCO;6112
Nord Ovest;Lombardia;PV;F754;MORTARA;18102
Nord Est;Friuli- Venezia Giulia;UD;F756;MORTEGLIANO;30062
Nord Ovest;Lombardia;LC;F758;MORTERONE;97055
Nord Est;Friuli- Venezia Giulia;UD;F760;MORUZZO;30063
Nord Ovest;Lombardia;CR;F761;MOSCAZZANO;19060
Sud;Campania;AV;F762;MOSCHIANO;64064
Sud;Abruzzo;TE;F764;MOSCIANO SANT`ANGELO;67030
Sud;Abruzzo;PE;F765;MOSCUFO;68025
Nord Est;Veneto;TV;F770;MOTTA DI LIVENZA;26049
Nord Ovest;Lombardia;CR;F771;MOTTA BALUFFI;19061
Isole;Sicilia;ME;F772;MOTTA CAMASTRA;83058
Isole;Sicilia;ME;F773;MOTTA D`AFFERMO;83059
Nord Ovest;Piemonte;VC;F774;MOTTA DEI CONTI;2082
Sud;Calabria;CS;F775;MOTTAFOLLONE;78085
Nord Ovest;Piemonte;BI;F776;MOTTALCIATA;96037
Sud;Puglia;FG;F777;MOTTA MONTECORVINO;71034
Sud;Calabria;RC;F779;MOTTA SAN GIOVANNI;80054
Sud;Calabria;CZ;F780;MOTTA SANTA LUCIA;79083
Isole;Sicilia;CT;F781;MOTTA SANT`ANASTASIA;87030
Nord Ovest;Lombardia;MI;F783;MOTTA VISCONTI;15151
Sud;Puglia;TA;F784;MOTTOLA;73019
Sud;Abruzzo;CH;F785;MOZZAGROGNA;69056
Nord Ovest;Lombardia;BG;F786;MOZZANICA;16142
Nord Ovest;Lombardia;CO;F788;MOZZATE;13159
Nord Est;Veneto;VR;F789;MOZZECANE;23051
Nord Ovest;Lombardia;BG;F791;MOZZO;16143
Centro;Marche;MC;F793;MUCCIA;43034
Nord Ovest;Lombardia;MI;F797;MUGGIO`;108034
Sud;Campania;AV;F798;MUGNANO DEL CARDINALE;64065
Sud;Campania;NA;F799;MUGNANO DI NAPOLI;63048
Nord Ovest;Lombardia;LO;F801;MULAZZANO;98041
Centro;Toscana;MS;F802;MULAZZO;45012
Nord Ovest;Lombardia;BS;F806;MURA;17115
Isole;Sardegna;CA;F808;MURAVERA;111042
Nord Ovest;Piemonte;CN;F809;MURAZZANO;4145
Nord Est;Veneto;VI;F810;SALCEDO;24090
Nord Ovest;Piemonte;CN;F811;MURELLO;4146
Nord Ovest;Liguria;SV;F813;MURIALDO;9040
Nord Ovest;Piemonte;AL;F814;MURISENGO;6113
Centro;Toscana;SI;F815;MURLO;52019
Sud;Puglia;LE;F816;MURO LECCESE;75051
Sud;Basilicata;PZ;F817;MURO LUCANO;76053
Isole;Sardegna;SS;F818;MUROS;90043
Nord Ovest;Lombardia;BS;F820;MUSCOLINE;17116
Isole;Sardegna;CA;F822;MUSEI;111043
Nord Est;Veneto;VE;F826;MUSILE DI PIAVE;27025
Nord Ovest;Lombardia;CO;F828;MUSSO;13160
Nord Est;Veneto;VI;F829;MUSSOLENTE;24070
Isole;Sicilia;CL;F830;MUSSOMELI;85012
Sud;Abruzzo;TE;F831;PINETO;67035
Nord Est;Friuli- Venezia Giulia;UD;F832;MUZZANA DEL TURGNANO;30064
Nord Ovest;Piemonte;BI;F833;MUZZANO;96038
Nord Est;Veneto;VI;F838;NANTO;24071
Sud;Campania;NA;F839;NAPOLI;63049
Isole;Sardegna;OR;F840;NARBOLIA;95031
Isole;Sardegna;CA;F841;NARCAO;111044
Sud;Puglia;LE;F842;NARDO';75052
Sud;Calabria;VV;F843;NARDODIPACE;102024
Centro;Umbria;TR;F844;NARNI;55022
Isole;Sicilia;AG;F845;NARO;84026
Nord Ovest;Piemonte;CN;F846;NARZOLE;4147
Nord Ovest;Liguria;SV;F847;NASINO;9041
Isole;Sicilia;ME;F848;NASO;83060
Nord Ovest;Lombardia;BS;F851;NAVE;17117
Sud;Abruzzo;AQ;F852;NAVELLI;66058
Centro;Lazio;RM;F857;NAZZANO;58069
Nord Ovest;Liguria;GE;F858;NE;10040
Nord Ovest;Piemonte;NO;F859;NEBBIUNO;3103
Nord Est;Veneto;VR;F861;NEGRAR DI VALPOLICELLA;23052
Nord Ovest;Liguria;GE;F862;NEIRONE;10041
Nord Ovest;Piemonte;CN;F863;NEIVE;4148
Nord Ovest;Lombardia;BG;F864;NEMBRO;16144
Centro;Lazio;RM;F865;NEMI;58070
Sud;Basilicata;PZ;F866;NEMOLI;76054
Isole;Sardegna;OR;F867;NEONELI;95032
Centro;Lazio;VT;F868;NEPI;56039
Sud;Abruzzo;TE;F870;NERETO;67031
Centro;Lazio;RM;F871;NEROLA;58071
Nord Est;Veneto;TV;F872;NERVESA DELLA BATTAGLIA;26050
Nord Ovest;Lombardia;MI;F874;NERVIANO;15154
Centro;Lazio;RI;F876;NESPOLO;57046
Nord Ovest;Lombardia;CO;F877;NESSO;13161
Nord Ovest;Piemonte;BI;F878;NETRO;96039
Centro;Lazio;RM;F880;NETTUNO;58072
Sud;Puglia;LE;F881;NEVIANO;75053
Nord Est;Emilia-Romagna;PR;F882;NEVIANO DEGLI ARDUINI;34024
Nord Ovest;Piemonte;CN;F883;NEVIGLIE;4149
Nord Ovest;Lombardia;BS;F884;NIARDO;17118
Nord Ovest;Piemonte;NO;F886;NIBBIOLA;3104
Nord Ovest;Lombardia;LC;F887;NIBIONNO;97056
Nord Ovest;Piemonte;TO;F889;NICHELINO;1164
Isole;Sicilia;CT;F890;NICOLOSI;87031
Nord Ovest;Lombardia;PV;F891;NICORVO;18103
Isole;Sicilia;EN;F892;NICOSIA;86012
Sud;Calabria;VV;F893;NICOTERA;102025
Nord Ovest;Piemonte;CN;F894;NIELLA BELBO;4150
Nord Ovest;Piemonte;CN;F895;NIELLA TANARO;4151
Nord Est;Friuli- Venezia Giulia;UD;F898;NIMIS;30065
Isole;Sicilia;CL;F899;NISCEMI;85013
Isole;Sicilia;EN;F900;NISSORIA;86013
Isole;Sicilia;ME;F901;NIZZA DI SICILIA;83061
Nord Ovest;Piemonte;AT;F902;NIZZA MONFERRATO;5080
Nord Est;Veneto;VE;F904;NOALE;27026
Nord Ovest;Piemonte;TO;F906;NOASCA;1165
Sud;Calabria;CS;F907;NOCARA;78086
Sud;Abruzzo;PE;F908;NOCCIANO;68026
Sud;Calabria;CZ;F910;NOCERA TERINESE;79087
Centro;Umbria;PG;F911;NOCERA UMBRA;54034
Sud;Campania;SA;F912;NOCERA INFERIORE;65078
Sud;Campania;SA;F913;NOCERA SUPERIORE;65079
Nord Est;Emilia-Romagna;PR;F914;NOCETO;34025
Sud;Puglia;BA;F915;NOCI;72031
Sud;Puglia;LE;F916;NOCIGLIA;75054
Sud;Basilicata;PZ;F917;NOEPOLI;76055
Nord Est;Veneto;VR;F918;NOGARA;23053
Nord Est;Veneto;VR;F921;NOGAROLE ROCCA;23054
Nord Est;Veneto;VI;F922;NOGAROLE VICENTINO;24072
Sud;Puglia;BA;F923;NOICATTARO;72032
Sud;Campania;NA;F924;NOLA;63050
Nord Ovest;Piemonte;TO;F925;NOLE;1166
Nord Ovest;Liguria;SV;F926;NOLI;9042
Nord Ovest;Piemonte;TO;F927;NOMAGLIO;1167
Nord Est;Emilia-Romagna;MO;F930;NONANTOLA;36027
Nord Ovest;Piemonte;TO;F931;NONE;1168
Nord Ovest;Piemonte;VB;F932;NONIO;103048
Isole;Sardegna;NU;F933;NORAGUGUME;91050
Isole;Sardegna;OR;F934;NORBELLO;95033
Centro;Umbria;PG;F935;NORCIA;54035
Centro;Lazio;LT;F937;NORMA;59016
Nord Ovest;Lombardia;MI;F939;NOSATE;15155
Nord Ovest;Lombardia;BG;F941;PONTE NOSSA;16168
Sud;Abruzzo;TE;F942;NOTARESCO;67032
Isole;Sicilia;SR;F943;NOTO;89013
Nord Ovest;Lombardia;MI;F944;NOVA MILANESE;108035
Nord Ovest;Piemonte;TO;F948;NOVALESA;1169
Isole;Sicilia;ME;F951;NOVARA DI SICILIA;83062
Nord Ovest;Piemonte;NO;F952;NOVARA;3106
Nord Ovest;Lombardia;MI;F955;NOVATE MILANESE;15157
Nord Ovest;Lombardia;SO;F956;NOVATE MEZZOLA;14046
Nord Est;Veneto;VI;F957;NOVE;24073
Nord Ovest;Lombardia;CO;F958;NOVEDRATE;13163
Nord Est;Emilia-Romagna;RE;F960;NOVELLARA;35028
Nord Ovest;Piemonte;CN;F961;NOVELLO;4152
Nord Est;Veneto;PD;F962;NOVENTA PADOVANA;28058
Nord Est;Veneto;VE;F963;NOVENTA DI PIAVE;27027
Nord Est;Veneto;VI;F964;NOVENTA VICENTINA;24074
Nord Ovest;Piemonte;AL;F965;NOVI LIGURE;6114
Nord Est;Emilia-Romagna;MO;F966;NOVI DI MODENA;36028
Sud;Campania;SA;F967;NOVI VELIA;65080
Nord Ovest;Lombardia;MI;F968;NOVIGLIO;15158
Sud;Puglia;LE;F970;NOVOLI;75055
Nord Ovest;Piemonte;CN;F972;NUCETTO;4153
Isole;Sardegna;OR;F974;NUGHEDU SANTA VITTORIA;95034
Isole;Sardegna;SS;F975;NUGHEDU SAN NICOLO`;90044
Isole;Sardegna;SS;F976;NULE;90045
Isole;Sardegna;SS;F977;NULVI;90046
Centro;Marche;AN;F978;NUMANA;42032
Isole;Sardegna;NU;F979;NUORO;91051
Isole;Sardegna;OR;F980;NURACHI;95035
Isole;Sardegna;NU;F981;NURAGUS;111045
Isole;Sardegna;NU;F982;NURALLAO;111046
Isole;Sardegna;CA;F983;NURAMINIS;111047
Isole;Sardegna;OR;F985;NURECI;95036
Isole;Sardegna;NU;F986;NURRI;111048
Nord Ovest;Valle d'Aosta;AO;F987;NUS;7045
Sud;Campania;AV;F988;NUSCO;64066
Nord Ovest;Lombardia;BS;F989;NUVOLENTO;17119
Nord Ovest;Lombardia;BS;F990;NUVOLERA;17120
Isole;Sardegna;CA;F991;NUXIS;111049
Nord Ovest;Piemonte;BI;F992;OCCHIEPPO INFERIORE;96040
Nord Ovest;Piemonte;BI;F993;OCCHIEPPO SUPERIORE;96041
Nord Est;Veneto;RO;F994;OCCHIOBELLO;29033
Nord Ovest;Piemonte;AL;F995;OCCIMIANO;6115
Sud;Abruzzo;AQ;F996;OCRE;66059
Nord Ovest;Piemonte;AL;F997;ODALENGO GRANDE;6116
Nord Ovest;Piemonte;AL;F998;ODALENGO PICCOLO;6117
Nord Est;Veneto;TV;F999;ODERZO;26051
Nord Ovest;Lombardia;BS;G001;ODOLO;17121
Sud;Abruzzo;AQ;G002;OFENA;66060
Centro;Marche;AN;G003;OFFAGNA;42033
Nord Ovest;Lombardia;CR;G004;OFFANENGO;19062
Centro;Marche;AP;G005;OFFIDA;44054
Nord Ovest;Lombardia;BS;G006;OFFLAGA;17122
Nord Ovest;Piemonte;VB;G007;OGGEBBIO;103049
Nord Ovest;Lombardia;VA;G008;OGGIONA CON S STEFANO;12107
Nord Ovest;Lombardia;LC;G009;OGGIONO;97057
Nord Ovest;Piemonte;TO;G010;OGLIANICO;1170
Sud;Campania;SA;G011;OGLIASTRO CILENTO;65081
Nord Ovest;Valle d'Aosta;AO;G012;OYACE;7047
Isole;Sardegna;SS;G015;OLBIA;90047
Nord Ovest;Piemonte;VC;G016;OLCENENGO;2088
Nord Ovest;Piemonte;VC;G018;OLDENICO;2089
Nord Ovest;Piemonte;NO;G019;OLEGGIO;3108
Nord Ovest;Piemonte;NO;G020;OLEGGIO CASTELLO;3109
Nord Ovest;Lombardia;PV;G021;OLEVANO DI LOMELLINA;18104
Centro;Lazio;RM;G022;OLEVANO ROMANO;58073
Sud;Campania;SA;G023;OLEVANO SUL TUSCIANO;65082
Nord Ovest;Lombardia;CO;G025;OLGIATE COMASCO;13165
Nord Ovest;Lombardia;LC;G026;OLGIATE MOLGORA;97058
Nord Ovest;Lombardia;VA;G028;OLGIATE OLONA;12108
Nord Ovest;Lombardia;LC;G030;OLGINATE;97059
Isole;Sardegna;NU;G031;OLIENA;91055
Nord Ovest;Lombardia;PV;G032;OLIVA GESSI;18105
Sud;Calabria;CZ;G034;OLIVADI;79088
Isole;Sicilia;ME;G036;OLIVERI;83063
Sud;Basilicata;MT;G037;OLIVETO LUCANO;77019
Sud;Campania;SA;G039;OLIVETO CITRA;65083
Nord Ovest;Lombardia;LC;G040;OLIVETO LARIO;97060
Nord Ovest;Liguria;IM;G041;OLIVETTA SAN MICHELE;8038
Nord Ovest;Piemonte;AL;G042;OLIVOLA;6118
Isole;Sardegna;OR;G043;OLLASTRA SIMAXIS;95037
Isole;Sardegna;NU;G044;OLLOLAI;91056
Nord Ovest;Valle d'Aosta;AO;G045;OLLOMONT;7046
Isole;Sardegna;SS;G046;OLMEDO;90048
Nord Ovest;Lombardia;CR;G047;OLMENETA;19063
Nord Ovest;Piemonte;AT;G048;OLMO GENTILE;5081
Nord Ovest;Lombardia;BG;G049;OLMO AL BREMBO;16145
Nord Ovest;Lombardia;BG;G050;OLTRE IL COLLE;16146
Nord Ovest;Lombardia;BG;G054;OLTRESSENDA ALTA;16147
Nord Ovest;Lombardia;CO;G056;OLTRONA DI SAN MAMETTE;13169
Isole;Sardegna;NU;G058;OLZAI;91057
Nord Ovest;Lombardia;BS;G061;OME;17123
Nord Ovest;Piemonte;VB;G062;OMEGNA;103050
Sud;Campania;SA;G063;OMIGNANO;65084
Isole;Sardegna;NU;G064;ONANI;91058
Centro;Lazio;VT;G065;ONANO;56040
Nord Ovest;Piemonte;CN;G066;ONCINO;4154
Nord Ovest;Lombardia;BG;G068;ONETA;16148
Isole;Sardegna;NU;G070;ONIFAI;91059
Isole;Sardegna;NU;G071;ONIFERI;91060
Nord Ovest;Lombardia;BS;G074;ONO SAN PIETRO;17124
Nord Ovest;Lombardia;BG;G075;ONORE;16149
Nord Ovest;Liguria;SV;G076;ONZO;9043
Nord Ovest;Lombardia;MI;G078;OPERA;15159
Sud;Abruzzo;AQ;G079;OPI;66061
Nord Est;Veneto;VR;G080;OPPEANO;23055
Sud;Basilicata;PZ;G081;OPPIDO LUCANO;76056
Sud;Calabria;RC;G082;OPPIDO MAMERTINA;80055
Isole;Sardegna;NU;G084;ORANI;91061
Sud;Molise;CB;G086;ORATINO;70049
Nord Ovest;Piemonte;TO;G087;ORBASSANO;1171
Centro;Toscana;GR;G088;ORBETELLO;53018
Centro;Toscana;PI;G090;ORCIANO PISANO;50023
Nord Ovest;Liguria;GE;G093;ORERO;10042
Nord Est;Veneto;VI;G095;ORGIANO;24075
Nord Ovest;Lombardia;LO;G096;PIEVE FISSIRAGA;98045
Isole;Sardegna;NU;G097;ORGOSOLO;91062
Sud;Puglia;BR;G098;ORIA;74011
Sud;Abruzzo;AQ;G102;ORICOLA;66062
Nord Ovest;Lombardia;VA;G103;ORIGGIO;12109
Nord Ovest;Lombardia;VA;G105;ORINO;12110
Nord Ovest;Lombardia;LO;G107;ORIO LITTA;98042
Nord Ovest;Lombardia;BG;G108;ORIO AL SERIO;16150
Nord Ovest;Piemonte;TO;G109;ORIO CANAVESE;1172
Sud;Calabria;CS;G110;ORIOLO;78087
Centro;Lazio;VT;G111;ORIOLO ROMANO;56041
Isole;Sardegna;OR;G113;ORISTANO;95038
Nord Ovest;Piemonte;CN;G114;ORMEA;4155
Nord Est;Veneto;TV;G115;ORMELLE;26052
Nord Ovest;Lombardia;MI;G116;ORNAGO;108036
Nord Ovest;Piemonte;VB;G117;ORNAVASSO;103051
Nord Ovest;Lombardia;BG;G118;ORNICA;16151
Isole;Sardegna;NU;G119;OROSEI;91063
Isole;Sardegna;NU;G120;OROTELLI;91064
Sud;Campania;SA;G121;ORRIA;65085
Isole;Sardegna;NU;G122;ORROLI;111050
Nord Est;Veneto;TV;G123;ORSAGO;26053
Nord Ovest;Piemonte;AL;G124;ORSARA BORMIDA;6119
Sud;Puglia;FG;G125;ORSARA DI PUGLIA;71035
Nord Ovest;Lombardia;CO;G126;ORSENIGO;13170
Sud;Abruzzo;CH;G128;ORSOGNA;69057
Sud;Calabria;CS;G129;ORSOMARSO;78088
Sud;Campania;CE;G130;ORTA DI ATELLA;61053
Sud;Puglia;FG;G131;ORTA NOVA;71036
Isole;Sardegna;CA;G133;ORTACESUS;111051
Nord Ovest;Piemonte;NO;G134;ORTA SAN GIULIO;3112
Centro;Lazio;VT;G135;ORTE;56042
Sud;Puglia;LE;G136;ORTELLE;75056
Centro;Marche;AP;G137;ORTEZZANO;109029
Centro;Toscana;AR;G139;ORTIGNANO RAGGIOLO;51027
Sud;Abruzzo;CH;G141;ORTONA;69058
Sud;Abruzzo;AQ;G142;ORTONA DEI MARSI;66063
Nord Ovest;Liguria;SP;G143;LUNI;11020
Nord Ovest;Liguria;SV;G144;ORTOVERO;9045
Sud;Abruzzo;AQ;G145;ORTUCCHIO;66064
Isole;Sardegna;NU;G146;ORTUERI;91066
Isole;Sardegna;NU;G147;ORUNE;91067
Centro;Umbria;TR;G148;ORVIETO;55023
Nord Ovest;Lombardia;BS;G149;ORZINUOVI;17125
Nord Ovest;Lombardia;BS;G150;ORZIVECCHI;17126
Nord Ovest;Piemonte;TO;G151;OSASCO;1173
Nord Ovest;Piemonte;TO;G152;OSASIO;1174
Isole;Sardegna;SS;G153;OSCHIRI;90049
Isole;Sardegna;NU;G154;OSIDDA;91068
Nord Ovest;Liguria;SV;G155;OSIGLIA;9046
Isole;Sardegna;SS;G156;OSILO;90050
Centro;Marche;AN;G157;OSIMO;42034
Isole;Sardegna;NU;G158;OSINI;91069
Nord Ovest;Lombardia;BG;G159;OSIO SOPRA;16152
Nord Ovest;Lombardia;BG;G160;OSIO SOTTO;16153
Nord Ovest;Lombardia;LC;G161;OSNAGO;97061
Nord Est;Friuli- Venezia Giulia;UD;G163;OSOPPO;30066
Nord Ovest;Liguria;IM;G164;OSPEDALETTI;8039
Sud;Campania;AV;G165;OSPEDALETTO D`ALPINOLO;64067
Nord Ovest;Lombardia;LO;G166;OSPEDALETTO LODIGIANO;98043
Nord Est;Veneto;PD;G167;OSPEDALETTO EUGANEO;28059
Nord Est;Veneto;BL;G169;OSPITALE DI CADORE;25035
Nord Ovest;Lombardia;BS;G170;OSPITALETTO;17127
Nord Ovest;Lombardia;LO;G171;OSSAGO LODIGIANO;98044
Isole;Sardegna;SS;G178;OSSI;90051
Nord Ovest;Lombardia;BS;G179;OSSIMO;17128
Nord Ovest;Lombardia;MI;G181;OSSONA;15164
Nord Ovest;Piemonte;CN;G183;OSTANA;4156
Nord Est;Emilia-Romagna;FE;G184;OSTELLATO;38017
Nord Ovest;Lombardia;CR;G185;OSTIANO;19064
Nord Ovest;Lombardia;MN;G186;OSTIGLIA;20038
Sud;Puglia;BR;G187;OSTUNI;74012
Sud;Puglia;LE;G188;OTRANTO;75057
Centro;Umbria;TR;G189;OTRICOLI;55024
Sud;Campania;NA;G190;OTTAVIANO;63051
Isole;Sardegna;NU;G191;OTTANA;91070
Sud;Campania;SA;G192;OTTATI;65086
Nord Ovest;Piemonte;AL;G193;OTTIGLIO;6120
Nord Ovest;Lombardia;PV;G194;OTTOBIANO;18106
Nord Est;Emilia-Romagna;PC;G195;OTTONE;33030
Nord Ovest;Piemonte;TO;G196;OULX;1175
Nord Ovest;Piemonte;AL;G197;OVADA;6121
Nord Est;Friuli- Venezia Giulia;UD;G198;OVARO;30067
Nord Ovest;Piemonte;AL;G199;OVIGLIO;6122
Sud;Abruzzo;AQ;G200;OVINDOLI;66065
Isole;Sardegna;NU;G201;OVODDA;91071
Nord Ovest;Piemonte;TO;G202;OZEGNA;1176
Isole;Sardegna;SS;G203;OZIERI;90052
Nord Ovest;Piemonte;AL;G204;OZZANO MONFERRATO;6123
Nord Est;Emilia-Romagna;BO;G205;OZZANO DELL`EMILIA;37046
Nord Ovest;Lombardia;MI;G206;OZZERO;15165
Isole;Sardegna;CA;G207;PABILLONIS;111052
Isole;Sicilia;TP;G208;PACECO;81013
Isole;Sicilia;ME;G209;PACE DEL MELA;83064
Sud;Abruzzo;AQ;G210;PACENTRO;66066
Isole;Sicilia;SR;G211;PACHINO;89014
Centro;Umbria;PG;G212;PACIANO;54036
Nord Ovest;Lombardia;BS;G213;PADENGHE SUL GARDA;17129
Nord Ovest;Piemonte;AL;G215;PADERNA;6124
Nord Ovest;Lombardia;BS;G217;PADERNO FRANCIACORTA;17130
Nord Ovest;Lombardia;LC;G218;PADERNO D`ADDA;97062
Nord Ovest;Lombardia;MI;G220;PADERNO DUGNANO;15166
Nord Ovest;Lombardia;CR;G222;PADERNO PONCHIELLI;19065
Nord Ovest;Lombardia;LC;G223;ROBBIATE;97071
Nord Est;Veneto;PD;G224;PADOVA;28060
Isole;Sardegna;SS;G225;PADRIA;90053
Sud;Campania;SA;G226;PADULA;65087
Sud;Campania;BN;G227;PADULI;62045
Nord Ovest;Piemonte;CN;G228;PAESANA;4157
Nord Est;Veneto;TV;G229;PAESE;26055
Sud;Campania;SA;G230;PAGANI;65088
Centro;Lazio;RI;G232;PAGANICO SABINO;57048
Nord Ovest;Lombardia;BG;G233;PAGAZZANO;16154
Isole;Sicilia;ME;G234;PAGLIARA;83065
Sud;Abruzzo;CH;G237;PAGLIETA;69059
Nord Est;Friuli- Venezia Giulia;UD;G238;PAGNACCO;30068
Nord Ovest;Piemonte;CN;G240;PAGNO;4158
Nord Ovest;Lombardia;LC;G241;PAGNONA;97063
Sud;Campania;AV;G242;PAGO DEL VALLO DI LAURO;64068
Sud;Campania;BN;G243;PAGO VEIANO;62046
Nord Ovest;Lombardia;BS;G247;PAISCO LOVENO;17131
Nord Ovest;Lombardia;BS;G248;PAITONE;17132
Nord Ovest;Lombardia;BG;G249;PALADINA;16155
Nord Est;Emilia-Romagna;MO;G250;PALAGANO;36029
Sud;Puglia;TA;G251;PALAGIANELLO;73020
Sud;Puglia;TA;G252;PALAGIANO;73021
Isole;Sicilia;CT;G253;PALAGONIA;87032
Centro;Toscana;PI;G254;PALAIA;50024
Nord Est;Emilia-Romagna;PR;G255;PALANZANO;34026
Sud;Molise;CB;G257;PALATA;70050
Isole;Sardegna;SS;G258;PALAU;90054
Nord Ovest;Lombardia;BG;G259;PALAZZAGO;16156
Nord Ovest;Lombardia;CR;G260;PALAZZO PIGNANO;19066
Sud;Basilicata;PZ;G261;PALAZZO SAN GERVASIO;76057
Nord Ovest;Piemonte;TO;G262;PALAZZO CANAVESE;1177
Isole;Sicilia;PA;G263;PALAZZO ADRIANO;82052
Nord Ovest;Lombardia;BS;G264;PALAZZOLO SULL`OGLIO;17133
Nord Ovest;Piemonte;VC;G266;PALAZZOLO VERCELLESE;2090
Isole;Sicilia;SR;G267;PALAZZOLO ACREIDE;89015
Nord Est;Friuli- Venezia Giulia;UD;G268;PALAZZOLO DELLO STELLA;30069
Centro;Toscana;FI;G270;PALAZZUOLO SUL SENIO;48031
Sud;Abruzzo;CH;G271;PALENA;69060
Sud;Calabria;CZ;G272;PALERMITI;79089
Isole;Sicilia;PA;G273;PALERMO;82053
Centro;Lazio;RM;G274;PALESTRINA;58074
Nord Ovest;Lombardia;PV;G275;PALESTRO;18107
Centro;Lazio;FR;G276;PALIANO;60046
Sud;Calabria;RC;G277;PALIZZI;80056
Sud;Calabria;KR;G278;PALLAGORIO;101016
Nord Ovest;Piemonte;VB;G280;PALLANZENO;103052
Nord Ovest;Liguria;SV;G281;PALLARE;9047
Isole;Sicilia;AG;G282;PALMA DI MONTECHIARO;84027
Sud;Campania;NA;G283;PALMA CAMPANIA;63052
Nord Est;Friuli- Venezia Giulia;UD;G284;PALMANOVA;30070
Sud;Puglia;LE;G285;PALMARIGGI;75058
Isole;Sardegna;OR;G286;PALMAS ARBOREA;95039
Isole;Sardegna;CA;G287;SAN GIOVANNI SUERGIU;111063
Sud;Calabria;RC;G288;PALMI;80057
Centro;Marche;AP;G289;PALMIANO;44056
Sud;Abruzzo;CH;G290;PALMOLI;69061
Sud;Puglia;BA;G291;PALO DEL COLLE;72033
Sud;Campania;SA;G292;PALOMONTE;65089
Centro;Lazio;RM;G293;PALOMBARA SABINA;58075
Sud;Abruzzo;CH;G294;PALOMBARO;69062
Nord Ovest;Lombardia;BG;G295;PALOSCO;16157
Nord Est;Veneto;VR;G297;PALU`;23056
Sud;Calabria;CS;G298;PALUDI;78089
Nord Est;Friuli- Venezia Giulia;UD;G300;PALUZZA;30071
Nord Ovest;Piemonte;CN;G302;PAMPARATO;4159
Nord Ovest;Piemonte;TO;G303;PANCALIERI;1178
Nord Ovest;Lombardia;PV;G304;PANCARANA;18108
Nord Ovest;Lombardia;CR;G306;PANDINO;19067
Sud;Calabria;CS;G307;PANETTIERI;78090
Centro;Umbria;PG;G308;PANICALE;54037
Sud;Campania;NA;G309;VILLARICCA;63087
Sud;Campania;BN;G311;PANNARANO;62047
Sud;Puglia;FG;G312;PANNI;71037
Isole;Sicilia;TP;G315;PANTELLERIA;81014
Nord Ovest;Lombardia;MI;G316;PANTIGLIATE;15167
Sud;Calabria;CS;G317;PAOLA;78091
Sud;Campania;BN;G318;PAOLISI;62048
Isole;Sicilia;TP;G319;VALDERICE;81022
Sud;Calabria;CS;G320;PAPASIDERO;78092
Nord Est;Veneto;RO;G323;PAPOZZE;29034
Nord Ovest;Lombardia;MI;G324;PARABIAGO;15168
Sud;Puglia;LE;G325;PARABITA;75059
Nord Ovest;Lombardia;BS;G327;PARATICO;17134
Nord Ovest;Piemonte;TO;G330;PARELLA;1179
Sud;Calabria;CS;G331;PARENTI;78093
Sud;Campania;CE;G333;PARETE;61054
Nord Ovest;Piemonte;AL;G334;PARETO;6125
Sud;Calabria;VV;G335;PARGHELIA;102026
Nord Ovest;Lombardia;LC;G336;PARLASCO;97064
Nord Est;Emilia-Romagna;PR;G337;PARMA;34027
Nord Ovest;Piemonte;AL;G338;PARODI LIGURE;6126
Nord Ovest;Piemonte;CN;G339;PAROLDO;4160
Sud;Campania;AV;G340;PAROLISE;64069
Nord Ovest;Lombardia;PV;G342;PARONA;18109
Centro;Umbria;TR;G344;PARRANO;55025
Nord Ovest;Lombardia;BG;G346;PARRE;16158
Isole;Sicilia;TP;G347;PARTANNA;81015
Isole;Sicilia;PA;G348;PARTINICO;82054
Nord Ovest;Piemonte;NO;G349;PARUZZARO;3114
Nord Ovest;Lombardia;BG;G350;PARZANICA;16159
Nord Est;Friuli- Venezia Giulia;UD;G352;PASIAN DI PRATO;30072
Nord Est;Friuli- Venezia Giulia;PN;G353;PASIANO DI PORDENONE;93029
Nord Ovest;Lombardia;BS;G354;PASPARDO;17135
Nord Ovest;Piemonte;AT;G358;PASSERANO MARMORITO;5082
Centro;Umbria;PG;G359;PASSIGNANO S TRASIMENO;54038
Nord Ovest;Lombardia;BS;G361;PASSIRANO;17136
Centro;Lazio;FR;G362;PASTENA;60047
Sud;Campania;CE;G364;PASTORANO;61055
Nord Est;Veneto;VR;G365;PASTRENGO;23057
Nord Ovest;Piemonte;AL;G367;PASTURANA;6127
Nord Ovest;Lombardia;LC;G368;PASTURO;97065
Sud;Campania;AV;G370;PATERNOPOLI;64070
Isole;Sicilia;CT;G371;PATERNO`;87033
Sud;Calabria;CS;G372;PATERNO CALABRO;78094
Centro;Lazio;FR;G374;PATRICA;60048
Isole;Sardegna;SS;G376;PATTADA;90055
Isole;Sicilia;ME;G377;PATTI;83066
Sud;Puglia;LE;G378;PATU';75060
Isole;Sardegna;OR;G379;PAU;95040
Nord Est;Friuli- Venezia Giulia;UD;G381;PAULARO;30073
Isole;Sardegna;CA;G382;PAULI ARBAREI;111053
Isole;Sardegna;CA;G383;SAN NICOLO` GERREI;111064
Isole;Sardegna;OR;G384;PAULILATINO;95041
Nord Ovest;Lombardia;MI;G385;PAULLO;15169
Sud;Campania;BN;G386;PAUPISI;62049
Nord Ovest;Piemonte;TO;G387;PAVAROLO;1180
Nord Ovest;Lombardia;PV;G388;PAVIA;18110
Nord Est;Friuli- Venezia Giulia;UD;G389;PAVIA DI UDINE;30074
Nord Ovest;Lombardia;BS;G391;PAVONE DEL MELLA;17137
Nord Ovest;Piemonte;TO;G392;PAVONE CANAVESE;1181
Nord Est;Emilia-Romagna;MO;G393;PAVULLO NEL FRIGNANO;36030
Sud;Calabria;RC;G394;PAZZANO;80058
Centro;Toscana;PI;G395;PECCIOLI;50025
Nord Ovest;Piemonte;AL;G397;PECETTO DI VALENZA;6128
Nord Ovest;Piemonte;TO;G398;PECETTO TORINESE;1183
Isole;Sicilia;CT;G402;PEDARA;87034
Centro;Marche;AP;G403;PEDASO;109030
Nord Est;Veneto;BL;G404;PEDAVENA;25036
Nord Ovest;Lombardia;BS;G407;SAN PAOLO;17138
Nord Est;Veneto;TV;G408;PEDEROBBA;26056
Nord Ovest;Lombardia;SO;G410;PEDESINA;14047
Sud;Calabria;CS;G411;PEDIVIGLIANO;78096
Nord Ovest;Lombardia;BG;G412;PEDRENGO;16160
Nord Ovest;Lombardia;CO;G415;PEGLIO;13178
Centro;Marche;PS;G416;PEGLIO;41041
Nord Ovest;Lombardia;MN;G417;PEGOGNAGA;20039
Nord Ovest;Lombardia;BG;G418;PEIA;16161
Centro;Toscana;FI;G420;PELAGO;48032
Nord Ovest;Piemonte;NO;G421;PELLA;3115
Nord Est;Emilia-Romagna;PR;G424;PELLEGRINO PARMENSE;34028
Sud;Campania;SA;G426;PELLEZZANO;65090
Nord Ovest;Piemonte;AT;G430;PENANGO;5083
Nord Ovest;Lombardia;SO;G431;POGGIRIDENTI;14051
Centro;Umbria;TR;G432;PENNA IN TEVERINA;55026
Nord Est;Emilia-Romagna;RN;G433;PENNABILLI;99024
Sud;Abruzzo;CH;G434;PENNADOMO;69063
Sud;Abruzzo;CH;G435;PENNAPIEDIMONTE;69064
Centro;Marche;MC;G436;PENNA SAN GIOVANNI;43035
Sud;Abruzzo;TE;G437;PENNA SANT`ANDREA;67033
Sud;Abruzzo;PE;G438;PENNE;68027
Sud;Calabria;CZ;G439;PENTONE;79092
Sud;Abruzzo;CH;G441;PERANO;69065
Nord Est;Veneto;BL;G442;PERAROLO DI CADORE;25037
Centro;Lazio;RM;G444;PERCILE;58076
Isole;Sardegna;NU;G445;PERDASDEFOGU;91072
Isole;Sardegna;CA;G446;PERDAXIUS;111054
Sud;Campania;SA;G447;PERDIFUMO;65091
Sud;Abruzzo;AQ;G449;PERETO;66067
Isole;Sardegna;SS;G450;PERFUGAS;90056
Centro;Marche;PS;G453;PERGOLA;41043
Nord Ovest;Liguria;IM;G454;PERINALDO;8040
Sud;Campania;SA;G455;PERITO;65092
Nord Ovest;Lombardia;LC;G456;PERLEDO;97067
Nord Ovest;Piemonte;CN;G457;PERLETTO;4161
Nord Ovest;Piemonte;CN;G458;PERLO;4162
Nord Ovest;Valle d'Aosta;AO;G459;PERLOZ;7048
Nord Est;Veneto;PD;G461;PERNUMIA;28061
Nord Ovest;Piemonte;TO;G462;PEROSA CANAVESE;1185
Nord Ovest;Piemonte;TO;G463;PEROSA ARGENTINA;1184
Nord Ovest;Piemonte;TO;G465;PERRERO;1186
Nord Est;Emilia-Romagna;BO;G467;SAN GIOVANNI PERSICETO;37053
Nord Ovest;Lombardia;CR;G469;PERSICO DOSIMO;19068
Nord Ovest;Piemonte;VC;G471;PERTENGO;2091
Nord Ovest;Lombardia;BS;G474;PERTICA ALTA;17139
Nord Ovest;Lombardia;BS;G475;PERTICA BASSA;17140
Sud;Campania;SA;G476;PERTOSA;65093
Nord Ovest;Piemonte;TO;G477;PERTUSIO;1187
Centro;Umbria;PG;G478;PERUGIA;54039
Centro;Marche;PS;G479;PESARO;41044
Centro;Toscana;LU;G480;PESCAGLIA;46022
Nord Est;Veneto;VR;G481;PESCANTINA;23058
Sud;Abruzzo;PE;G482;PESCARA;68028
Nord Ovest;Lombardia;CR;G483;PESCAROLO ED UNITI;19069
Sud;Abruzzo;AQ;G484;PESCASSEROLI;66068
Nord Ovest;Lombardia;LC;G485;PESCATE;97068
Sud;Molise;IS;G486;PESCHE;94031
Sud;Puglia;FG;G487;PESCHICI;71038
Nord Ovest;Lombardia;MI;G488;PESCHIERA BORROMEO;15171
Nord Est;Veneto;VR;G489;PESCHIERA DEL GARDA;23059
Centro;Toscana;PT;G491;PESCIA;47012
Sud;Abruzzo;AQ;G492;PESCINA;66069
Sud;Abruzzo;AQ;G493;PESCOCOSTANZO;66070
Sud;Campania;BN;G494;PESCO SANNITA;62050
Sud;Molise;IS;G495;PESCOLANCIANO;94032
Sud;Basilicata;PZ;G496;PESCOPAGANO;76058
Sud;Molise;IS;G497;PESCOPENNATARO;94033
Centro;Lazio;RI;G498;PESCOROCCHIANO;57049
Sud;Abruzzo;PE;G499;PESCOSANSONESCO;68029
Centro;Lazio;FR;G500;PESCOSOLIDO;60049
Nord Ovest;Lombardia;MI;G502;PESSANO CON BORNAGO;15172
Nord Ovest;Lombardia;CR;G504;PESSINA CREMONESE;19070
Nord Ovest;Piemonte;TO;G505;PESSINETTO;1188
Sud;Molise;CB;G506;PETACCIATO;70051
Centro;Lazio;RI;G507;TURANIA;57071
Sud;Calabria;KR;G508;PETILIA POLICASTRO;101017
Sud;Campania;SA;G509;PETINA;65094
Isole;Sicilia;PA;G510;PETRALIA SOPRANA;82055
Isole;Sicilia;PA;G511;PETRALIA SOTTANA;82056
Sud;Molise;CB;G512;PETRELLA TIFERNINA;70052
Centro;Lazio;RI;G513;PETRELLA SALTO;57050
Centro;Marche;PS;G514;PETRIANO;41045
Centro;Marche;MC;G515;PETRIOLO;43036
Centro;Marche;AP;G516;PETRITOLI;109031
Sud;Calabria;CZ;G517;PETRIZZI;79094
Sud;Calabria;CZ;G518;PETRONA`;79095
Sud;Campania;AV;G519;PETRURO IRPINO;64071
Nord Ovest;Piemonte;NO;G520;PETTENASCO;3116
Nord Ovest;Piemonte;BI;G521;PETTINENGO;96042
Isole;Sicilia;ME;G522;PETTINEO;83067
Sud;Molise;IS;G523;PETTORANELLO DEL MOLISE;94034
Sud;Abruzzo;AQ;G524;PETTORANO SUL GIZIO;66071
Nord Est;Veneto;RO;G525;PETTORAZZA GRIMANI;29035
Nord Ovest;Piemonte;CN;G526;PEVERAGNO;4163
Nord Ovest;Piemonte;VC;G528;PEZZANA;2093
Nord Ovest;Lombardia;BS;G529;PEZZAZE;17141
Nord Ovest;Piemonte;CN;G532;PEZZOLO VALLE UZZONE;4164
Nord Est;Veneto;PD;G534;PIACENZA D`ADIGE;28062
Nord Est;Emilia-Romagna;PC;G535;PIACENZA;33032
Sud;Campania;SA;G538;PIAGGINE;65095
Sud;Campania;SA;G540;VALLE DELL`ANGELO;65153
Sud;Campania;CE;G541;PIANA DI MONTE VERNA;61056
Nord Ovest;Liguria;SV;G542;PIANA CRIXIA;9048
Isole;Sicilia;PA;G543;PIANA DEGLI ALBANESI;82057
Nord Ovest;Valle d'Aosta;AO;G545;PONTBOSET;7050
Nord Ovest;Lombardia;BS;G546;PIAN CAMUNO;17142
Centro;Toscana;SI;G547;PIANCASTAGNAIO;52020
Nord Ovest;Lombardia;BS;G549;PIANCOGNO;17206
Centro;Marche;PS;G551;PIANDIMELETO;41047
Sud;Calabria;CS;G553;PIANE CRATI;78097
Sud;Abruzzo;PE;G555;PIANELLA;68030
Nord Ovest;Lombardia;CO;G556;PIANELLO DEL LARIO;13183
Nord Est;Emilia-Romagna;PC;G557;PIANELLO VAL TIDONE;33033
Nord Ovest;Lombardia;CR;G558;PIANENGO;19072
Nord Ovest;Piemonte;TO;G559;PIANEZZA;1189
Nord Est;Veneto;VI;G560;PIANEZZE;24077
Nord Ovest;Piemonte;CN;G561;PIANFEI;4165
Nord Ovest;Lombardia;BG;G564;PIANICO;16162
Nord Est;Veneto;VE;G565;PIANIGA;27028
Nord Est;Emilia-Romagna;BO;G566;SAN BENEDETTO VAL DI SAMBRO;37051
Sud;Campania;NA;G568;PIANO DI SORRENTO;63053
Nord Est;Emilia-Romagna;BO;G570;PIANORO;37047
Centro;Lazio;VT;G571;PIANSANO;56043
Nord Ovest;Lombardia;SO;G572;PIANTEDO;14048
Nord Ovest;Lombardia;BG;G574;PIARIO;16163
Nord Ovest;Piemonte;CN;G575;PIASCO;4166
Nord Ovest;Lombardia;SO;G576;PIATEDA;14049
Nord Ovest;Piemonte;BI;G577;PIATTO;96043
Nord Ovest;Lombardia;BG;G579;PIAZZA BREMBANA;16164
Isole;Sicilia;EN;G580;PIAZZA ARMERINA;86014
Centro;Toscana;LU;G582;PIAZZA AL SERCHIO;46023
Nord Ovest;Lombardia;BG;G583;PIAZZATORRE;16165
Nord Est;Veneto;PD;G587;PIAZZOLA SUL BRENTA;28063
Nord Ovest;Lombardia;BG;G588;PIAZZOLO;16166
Sud;Abruzzo;PE;G589;PICCIANO;68031
Sud;Basilicata;PZ;G590;PICERNO;76059
Centro;Lazio;FR;G591;PICINISCO;60050
Centro;Lazio;FR;G592;PICO;60051
Nord Ovest;Piemonte;AT;G593;PIEA;5084
Nord Ovest;Piemonte;BI;G594;PIEDICAVALLO;96044
Sud;Campania;CE;G596;PIEDIMONTE MATESE;61057
Isole;Sicilia;CT;G597;PIEDIMONTE ETNEO;87035
Centro;Lazio;FR;G598;PIEDIMONTE SAN GERMANO;60052
Nord Ovest;Piemonte;VB;G600;PIEDIMULERA;103053
Centro;Umbria;PG;G601;PIEGARO;54040
Centro;Toscana;SI;G602;PIENZA;52021
Nord Ovest;Lombardia;CR;G603;PIERANICA;19073
Sud;Puglia;FG;G604;PIETRAMONTECORVINO;71039
Nord Ovest;Liguria;SV;G605;PIETRA LIGURE;9049
Sud;Molise;IS;G606;PIETRABBONDANTE;94035
Nord Ovest;Liguria;IM;G607;PIETRABRUNA;8041
Sud;Abruzzo;TE;G608;PIETRACAMELA;67034
Sud;Molise;CB;G609;PIETRACATELLA;70053
Sud;Molise;CB;G610;PIETRACUPA;70054
Sud;Campania;AV;G611;PIETRADEFUSI;64072
Nord Ovest;Lombardia;PV;G612;PIETRA DE GIORGI;18111
Sud;Abruzzo;CH;G613;PIETRAFERRAZZANA;69103
Sud;Basilicata;PZ;G614;SATRIANO DI LUCANIA;76083
Sud;Calabria;CS;G615;PIETRAFITTA;78098
Sud;Basilicata;PZ;G616;PIETRAGALLA;76060
Centro;Umbria;PG;G618;PIETRALUNGA;54041
Nord Ovest;Piemonte;AL;G619;PIETRA MARAZZI;6129
Sud;Campania;CE;G620;PIETRAMELARA;61058
Sud;Abruzzo;PE;G621;PIETRANICO;68032
Sud;Calabria;CS;G622;PIETRAPAOLA;78099
Sud;Basilicata;PZ;G623;PIETRAPERTOSA;76061
Isole;Sicilia;EN;G624;PIETRAPERZIA;86015
Nord Ovest;Piemonte;CN;G625;PIETRAPORZIO;4167
Sud;Campania;BN;G626;PIETRAROIA;62051
Centro;Marche;PS;G627;PIETRARUBBIA;41048
Centro;Toscana;LU;G628;PIETRASANTA;46024
Sud;Campania;AV;G629;PIETRASTORNINA;64073
Sud;Campania;CE;G630;PIETRAVAIRANO;61059
Sud;Campania;BN;G631;PIETRELCINA;62052
Nord Ovest;Liguria;IM;G632;PIEVE DI TECO;8042
Nord Ovest;Lombardia;MI;G634;PIEVE EMANUELE;15173
Nord Ovest;Lombardia;PV;G635;PIEVE ALBIGNOLA;18112
Centro;Toscana;PT;G636;PIEVE A NIEVOLE;47013
Nord Ovest;Lombardia;PV;G639;PIEVE DEL CAIRO;18113
Nord Est;Veneto;BL;G642;PIEVE DI CADORE;25039
Nord Est;Emilia-Romagna;BO;G643;PIEVE DI CENTO;37048
Nord Est;Veneto;TV;G645;PIEVE DI SOLIGO;26057
Nord Ovest;Liguria;GE;G646;PIEVE LIGURE;10043
Nord Ovest;Lombardia;CR;G647;PIEVE D`OLMI;19074
Centro;Toscana;LU;G648;PIEVE FOSCIANA;46025
Nord Est;Emilia-Romagna;MO;G649;PIEVEPELAGO;36031
Nord Ovest;Lombardia;PV;G650;PIEVE PORTO MORONE;18114
Nord Ovest;Lombardia;CR;G651;PIEVE SAN GIACOMO;19075
Centro;Toscana;AR;G653;PIEVE SANTO STEFANO;51030
Centro;Marche;MC;G657;PIEVE TORINA;43038
Nord Ovest;Piemonte;VB;G658;PIEVE VERGONTE;103054
Centro;Lazio;FR;G659;PIGLIO;60053
Nord Ovest;Liguria;IM;G660;PIGNA;8043
Sud;Campania;CE;G661;PIGNATARO MAGGIORE;61060
Centro;Lazio;FR;G662;PIGNATARO INTERAMNA;60054
Sud;Basilicata;PZ;G663;PIGNOLA;76062
Nord Ovest;Liguria;SP;G664;PIGNONE;11021
Nord Ovest;Lombardia;CO;G665;PIGRA;13184
Nord Ovest;Piemonte;VC;G666;PILA;2096
Isole;Sardegna;CA;G669;PIMENTEL;111055
Sud;Campania;NA;G670;PIMONTE;63054
Nord Ovest;Lombardia;PV;G671;PINAROLO PO;18115
Nord Ovest;Piemonte;TO;G672;PINASCA;1190
Nord Est;Veneto;RO;G673;PINCARA;29036
Nord Ovest;Piemonte;TO;G674;PINEROLO;1191
Nord Ovest;Piemonte;AT;G676;PINO D`ASTI;5085
Nord Ovest;Piemonte;TO;G678;PINO TORINESE;1192
Nord Est;Friuli- Venezia Giulia;PN;G680;PINZANO AL TAGLIAMENTO;93030
Centro;Marche;PS;G682;PIOBBICO;41049
Nord Ovest;Piemonte;CN;G683;PIOBESI D`ALBA;4168
Nord Ovest;Piemonte;TO;G684;PIOBESI TORINESE;1193
Nord Ovest;Piemonte;VC;G685;PIODE;2097
Nord Ovest;Lombardia;MI;G686;PIOLTELLO;15175
Centro;Toscana;LI;G687;PIOMBINO;49012
Nord Est;Veneto;PD;G688;PIOMBINO DESE;28064
Centro;Marche;MC;G690;PIORACO;43039
Nord Ovest;Piemonte;TO;G691;PIOSSASCO;1194
Nord Ovest;Piemonte;AT;G692;PIOVA MASSAIA;5086
Nord Est;Veneto;PD;G693;PIOVE DI SACCO;28065
Nord Est;Veneto;VI;G694;PIOVENE-ROCCHETTE;24078
Nord Est;Emilia-Romagna;PC;G696;PIOZZANO;33034
Nord Ovest;Piemonte;CN;G697;PIOZZO;4169
Centro;Lazio;LT;G698;PRIVERNO;59019
Isole;Sicilia;ME;G699;PIRAINO;83068
Centro;Toscana;PI;G702;PISA;50026
Nord Ovest;Piemonte;NO;G703;PISANO;3119
Centro;Lazio;RM;G704;PISONIANO;58077
Nord Ovest;Piemonte;TO;G705;PISCINA;1195
Sud;Campania;SA;G707;PISCIOTTA;65096
Nord Ovest;Lombardia;BS;G710;PISOGNE;17143
Sud;Basilicata;MT;G712;PISTICCI;77020
Centro;Toscana;PT;G713;PISTOIA;47014
Centro;Toscana;GR;G716;PITIGLIANO;53019
Nord Ovest;Lombardia;MN;G717;PIUBEGA;20041
Nord Ovest;Lombardia;SO;G718;PIURO;14050
Nord Ovest;Piemonte;TO;G719;PIVERONE;1196
Nord Ovest;Lombardia;PV;G720;PIZZALE;18116
Nord Ovest;Lombardia;CR;G721;PIZZIGHETTONE;19076
Sud;Calabria;VV;G722;PIZZO;102027
Sud;Abruzzo;CH;G724;PIZZOFERRATO;69066
Sud;Abruzzo;AQ;G726;PIZZOLI;66072
Sud;Molise;IS;G727;PIZZONE;94036
Sud;Calabria;VV;G728;PIZZONI;102028
Sud;Calabria;RC;G729;PLACANICA;80059
Sud;Calabria;CS;G733;PLATACI;78100
Sud;Calabria;CZ;G734;PLATANIA;79099
Sud;Calabria;RC;G735;PLATI`;80060
Nord Est;Friuli- Venezia Giulia;UD;G736;TAIPANA;30113
Nord Ovest;Lombardia;CO;G737;PLESIO;13185
Isole;Sardegna;SS;G740;PLOAGHE;90057
Nord Ovest;Liguria;SV;G741;PLODIO;9050
Nord Ovest;Piemonte;CN;G742;POCAPAGLIA;4170
Nord Est;Friuli- Venezia Giulia;UD;G743;POCENIA;30075
Centro;Toscana;MS;G746;PODENZANA;45013
Nord Est;Emilia-Romagna;PC;G747;PODENZANO;33035
Centro;Lazio;FR;G749;POFI;60055
Sud;Puglia;LE;G751;POGGIARDO;75061
Centro;Toscana;SI;G752;POGGIBONSI;52022
Nord Ovest;Lombardia;MN;G753;POGGIO RUSCO;20042
Centro;Toscana;PO;G754;POGGIO A CAIANO;100004
Centro;Lazio;RI;G756;POGGIO BUSTONE;57051
Centro;Lazio;RI;G757;POGGIO CATINO;57052
Centro;Umbria;PG;G758;POGGIODOMO;54042
Sud;Abruzzo;CH;G760;POGGIOFIORITO;69067
Sud;Puglia;FG;G761;POGGIO IMPERIALE;71040
Sud;Campania;NA;G762;POGGIOMARINO;63055
Centro;Lazio;RI;G763;POGGIO MIRTETO;57053
Centro;Lazio;RI;G764;POGGIO MOIANO;57054
Centro;Lazio;RI;G765;POGGIO NATIVO;57055
Sud;Abruzzo;AQ;G766;POGGIO PICENZE;66073
Isole;Sicilia;TP;G767;POGGIOREALE;81016
Nord Est;Emilia-Romagna;FE;G768;POGGIO RENATICO;38018
Sud;Puglia;BA;G769;POGGIORSINI;72034
Centro;Lazio;RI;G770;POGGIO SAN LORENZO;57056
Centro;Marche;AN;G771;POGGIO SAN MARCELLO;42037
Nord Ovest;Lombardia;MI;G772;POGLIANO MILANESE;15176
Nord Ovest;Lombardia;CO;G773;POGNANA LARIO;13186
Nord Ovest;Lombardia;BG;G774;POGNANO;16167
Nord Ovest;Piemonte;NO;G775;POGNO;3120
Nord Est;Veneto;VI;G776;POIANA MAGGIORE;24079
Nord Ovest;Piemonte;TO;G777;POIRINO;1197
Nord Ovest;Lombardia;BS;G779;POLAVENO;17144
Nord Est;Friuli- Venezia Giulia;PN;G780;POLCENIGO;93031
Nord Est;Veneto;RO;G782;POLESELLA;29037
Centro;Lazio;RM;G784;POLI;58078
Sud;Calabria;VV;G785;POLIA;102029
Sud;Basilicata;MT;G786;POLICORO;77021
Sud;Puglia;BA;G787;POLIGNANO A MARE;72035
Nord Est;Emilia-Romagna;PC;G788;SAN PIETRO IN CERRO;33041
Nord Est;Emilia-Romagna;MO;G789;POLINAGO;36032
Centro;Umbria;TR;G790;POLINO;55027
Sud;Calabria;RC;G791;POLISTENA;80061
Isole;Sicilia;PA;G792;POLIZZI GENEROSA;82058
Sud;Campania;SA;G793;POLLA;65097
Nord Ovest;Valle d'Aosta;AO;G794;POLLEIN;7049
Sud;Campania;NA;G795;POLLENA TROCCHIA;63056
Sud;Campania;SA;G796;POLLICA;65098
Isole;Sicilia;PA;G797;POLLINA;82059
Nord Ovest;Piemonte;BI;G798;POLLONE;96046
Sud;Abruzzo;CH;G799;POLLUTRI;69068
Nord Ovest;Piemonte;CN;G800;POLONGHERA;4171
Nord Ovest;Lombardia;BS;G801;POLPENAZZE DEL GARDA;17145
Nord Est;Veneto;PD;G802;POLVERARA;28066
Centro;Marche;AN;G803;POLVERIGI;42038
Centro;Toscana;PI;G804;POMARANCE;50027
Nord Ovest;Piemonte;TO;G805;POMARETTO;1198
Sud;Basilicata;MT;G806;POMARICO;77022
Nord Ovest;Piemonte;AL;G807;POMARO MONFERRATO;6131
Nord Ovest;Piemonte;NO;G809;POMBIA;3121
Centro;Lazio;RM;G811;POMEZIA;58079
Sud;Campania;NA;G812;POMIGLIANO D`ARCO;63057
Sud;Campania;NA;G813;POMPEI;63058
Nord Ovest;Liguria;IM;G814;POMPEIANA;8044
Nord Ovest;Lombardia;BS;G815;POMPIANO;17146
Nord Ovest;Lombardia;MN;G816;POMPONESCO;20043
Isole;Sardegna;OR;G817;POMPU;95042
Nord Ovest;Lombardia;BS;G818;PONCARALE;17147
Nord Ovest;Piemonte;BI;G820;PONDERANO;96047
Nord Ovest;Lombardia;CO;G821;PONNA;13187
Centro;Toscana;PI;G822;PONSACCO;50028
Nord Est;Veneto;PD;G823;PONSO;28067
Centro;Toscana;FI;G825;PONTASSIEVE;48033
Nord Ovest;Piemonte;TO;G826;PONT CANAVESE;1199
Sud;Campania;BN;G827;PONTE;62053
Nord Ovest;Lombardia;SO;G829;PONTE IN VALTELLINA;14052
Nord Est;Friuli- Venezia Giulia;UD;G831;PONTEBBA;30076
Centro;Toscana;PT;G833;PONTE BUGGIANESE;47016
Sud;Campania;SA;G834;PONTECAGNANO FAIANO;65099
Nord Est;Veneto;RO;G836;PONTECCHIO POLESINE;29038
Nord Ovest;Piemonte;CN;G837;PONTECHIANALE;4172
Centro;Lazio;FR;G838;PONTECORVO;60056
Nord Ovest;Piemonte;AL;G839;PONTECURONE;6132
Nord Ovest;Liguria;IM;G840;PONTEDASSIO;8045
Nord Est;Emilia-Romagna;PC;G842;PONTE DELL`OLIO;33036
Centro;Toscana;PI;G843;PONTEDERA;50029
Nord Ovest;Lombardia;BS;G844;PONTE DI LEGNO;17148
Nord Est;Veneto;TV;G846;PONTE DI PIAVE;26058
Nord Ovest;Lombardia;CO;G847;PONTE LAMBRO;13188
Sud;Campania;BN;G848;PONTELANDOLFO;62054
Sud;Campania;CE;G849;PONTELATONE;61061
Nord Est;Veneto;PD;G850;PONTELONGO;28068
Nord Ovest;Lombardia;PV;G851;PONTE NIZZA;18117
Nord Est;Emilia-Romagna;PC;G852;PONTENURE;33037
Nord Ovest;Lombardia;BG;G853;PONTERANICA;16169
Nord Ovest;Valle d'Aosta;AO;G854;PONT SAINT MARTIN;7052
Nord Est;Veneto;PD;G855;PONTE SAN NICOLO`;28069
Nord Ovest;Lombardia;BG;G856;PONTE SAN PIETRO;16170
Nord Ovest;Piemonte;AL;G858;PONTESTURA;6133
Nord Ovest;Lombardia;BS;G859;PONTEVICO;17149
Nord Ovest;Valle d'Aosta;AO;G860;PONTEY;7051
Nord Ovest;Piemonte;AL;G861;PONTI;6134
Nord Ovest;Lombardia;MN;G862;PONTI SUL MINCIO;20044
Nord Ovest;Lombardia;BG;G864;PONTIDA;16171
Centro;Lazio;LT;G865;PONTINIA;59017
Nord Ovest;Liguria;SV;G866;PONTINVREA;9051
Nord Ovest;Lombardia;BG;G867;PONTIROLO NUOVO;16172
Nord Ovest;Lombardia;BS;G869;PONTOGLIO;17150
Centro;Toscana;MS;G870;PONTREMOLI;45014
Centro;Lazio;LT;G871;PONZA;59018
Nord Ovest;Piemonte;AL;G872;PONZANO MONFERRATO;6135
Centro;Marche;AP;G873;PONZANO DI FERMO;109032
Centro;Lazio;RM;G874;PONZANO ROMANO;58080
Nord Est;Veneto;TV;G875;PONZANO VENETO;26059
Nord Ovest;Piemonte;AL;G877;PONZONE;6136
Sud;Abruzzo;PE;G878;POPOLI;68033
Centro;Toscana;AR;G879;POPPI;51031
Centro;Umbria;TR;G881;PORANO;55028
Centro;Toscana;LU;G882;PORCARI;46026
Nord Est;Friuli- Venezia Giulia;PN;G886;PORCIA;93032
Sud;Campania;SA;G887;STELLA CILENTO;65144
Nord Est;Friuli- Venezia Giulia;PN;G888;PORDENONE;93033
Nord Ovest;Lombardia;CO;G889;PORLEZZA;13189
Nord Ovest;Liguria;IM;G890;PORNASSIO;8046
Nord Est;Friuli- Venezia Giulia;UD;G891;PORPETTO;30077
Nord Ovest;Piemonte;AT;G894;PORTACOMARO;5087
Nord Ovest;Lombardia;PV;G895;PORTALBERA;18118
Nord Ovest;Piemonte;TO;G900;PORTE;1200
Sud;Campania;NA;G902;PORTICI;63059
Sud;Campania;CE;G903;PORTICO DI CASERTA;61062
Nord Est;Emilia-Romagna;FO;G904;PORTICO E SAN BENEDETTO;40031
Sud;Calabria;RC;G905;PORTIGLIOLA;80062
Nord Ovest;Lombardia;VA;G906;PORTO CERESIO;12113
Nord Ovest;Lombardia;VA;G907;PORTO VALTRAVAGLIA;12114
Nord Est;Veneto;TV;G909;PORTOBUFFOLE`;26060
Sud;Molise;CB;G910;PORTOCANNONE;70055
Centro;Toscana;LI;G912;PORTOFERRAIO;49014
Nord Ovest;Liguria;GE;G913;PORTOFINO;10044
Nord Est;Veneto;VE;G914;PORTOGRUARO;27029
Nord Est;Emilia-Romagna;FE;G916;PORTOMAGGIORE;38019
Nord Ovest;Lombardia;MN;G917;PORTO MANTOVANO;20045
Centro;Marche;MC;G919;PORTO RECANATI;43042
Centro;Marche;AP;G920;PORTO SAN GIORGIO;109033
Centro;Marche;AP;G921;PORTO SANT`ELPIDIO;109034
Isole;Sardegna;CA;G922;PORTOSCUSO;111057
Nord Est;Veneto;RO;G923;PORTO TOLLE;29039
Isole;Sardegna;SS;G924;PORTO TORRES;90058
Nord Ovest;Liguria;SP;G925;PORTOVENERE;11022
Nord Est;Veneto;RO;G926;PORTO VIRO;29052
Nord Ovest;Piemonte;BI;G927;PORTULA;96048
Isole;Sardegna;NU;G929;POSADA;91073
Nord Est;Veneto;VI;G931;POSINA;24080
Sud;Campania;SA;G932;POSITANO;65100
Nord Est;Veneto;TV;G933;POSSAGNO;26061
Centro;Lazio;RI;G934;POSTA;57057
Centro;Lazio;FR;G935;POSTA FIBRENO;60057
Nord Ovest;Lombardia;SO;G937;POSTALESIO;14053
Sud;Campania;SA;G939;POSTIGLIONE;65101
Nord Ovest;Piemonte;VC;G940;POSTUA;2102
Sud;Basilicata;PZ;G942;POTENZA;76063
Nord Est;Veneto;VI;G943;POVE DEL GRAPPA;24081
Nord Est;Veneto;TV;G944;POVEGLIANO;26062
Nord Est;Veneto;VR;G945;POVEGLIANO VERONESE;23060
Nord Est;Emilia-Romagna;RE;G947;POVIGLIO;35029
Nord Est;Friuli- Venezia Giulia;UD;G949;POVOLETTO;30078
Centro;Lazio;RI;G951;POZZAGLIA SABINA;57058
Isole;Sicilia;RG;G953;POZZALLO;88008
Sud;Molise;IS;G954;POZZILLI;94038
Nord Ovest;Lombardia;MI;G955;POZZO D`ADDA;15177
Nord Est;Veneto;VI;G957;POZZOLEONE;24082
Nord Ovest;Lombardia;BS;G959;POZZOLENGO;17151
Nord Ovest;Piemonte;AL;G960;POZZOL GROPPO;6137
Nord Ovest;Piemonte;AL;G961;POZZOLO FORMIGARO;6138
Isole;Sardegna;SS;G962;POZZOMAGGIORE;90059
Nord Est;Veneto;PD;G963;POZZONOVO;28070
Sud;Campania;NA;G964;POZZUOLI;63060
Nord Ovest;Lombardia;MI;G965;POZZUOLO MARTESANA;15178
Nord Est;Friuli- Venezia Giulia;UD;G966;POZZUOLO DEL FRIULI;30079
Nord Ovest;Lombardia;BG;G968;PRADALUNGA;16173
Nord Est;Friuli- Venezia Giulia;UD;G969;PRADAMANO;30080
Nord Ovest;Piemonte;CN;G970;PRADLEVES;4173
Nord Est;Emilia-Romagna;BO;G972;SASSO MARCONI;37057
Nord Ovest;Piemonte;TO;G973;PRAGELATO;1201
Nord Ovest;Piemonte;BI;G974;PRAY;96050
Sud;Calabria;CS;G975;PRAIA A MARE;78101
Sud;Campania;SA;G976;PRAIANO;65102
Nord Ovest;Lombardia;BS;G977;PRALBOINO;17152
Nord Ovest;Piemonte;TO;G978;PRALI;1202
Nord Ovest;Piemonte;TO;G979;PRALORMO;1203
Nord Ovest;Piemonte;BI;G980;PRALUNGO;96049
Nord Est;Veneto;VE;G981;PRAMAGGIORE;27030
Nord Ovest;Piemonte;TO;G982;PRAMOLLO;1204
Nord Ovest;Piemonte;VC;G985;PRAROLO;2104
Nord Ovest;Piemonte;TO;G986;PRAROSTINO;1205
Nord Ovest;Piemonte;AL;G987;PRASCO;6139
Nord Ovest;Piemonte;TO;G988;PRASCORSANO;1206
Sud;Campania;AV;G990;PRATA PRINCIPATO ULTRA;64074
Sud;Campania;CE;G991;PRATA SANNITA;61063
Sud;Abruzzo;AQ;G992;PRATA D`ANSIDONIA;66074
Nord Ovest;Lombardia;SO;G993;PRATA CAMPORTACCIO;14054
Nord Est;Friuli- Venezia Giulia;PN;G994;PRATA DI PORDENONE;93034
Sud;Campania;CE;G995;PRATELLA;61064
Nord Ovest;Piemonte;TO;G997;PRATIGLIONE;1207
Centro;Toscana;PO;G999;PRATO;100005
Nord Ovest;Piemonte;NO;H001;PRATO SESIA;3122
Nord Est;Friuli- Venezia Giulia;UD;H002;PRATO CARNICO;30081
Sud;Campania;AV;H006;PRATOLA SERRA;64075
Sud;Abruzzo;AQ;H007;PRATOLA PELIGNA;66075
Nord Est;Friuli- Venezia Giulia;PN;H010;PRAVISDOMINI;93035
Nord Ovest;Piemonte;CN;H011;PRAZZO;4174
Sud;Calabria;RC;H013;SAMO;80070
Nord Est;Friuli- Venezia Giulia;UD;H014;PRECENICCO;30082
Centro;Umbria;PG;H015;PRECI;54043
Nord Est;Emilia-Romagna;FO;H017;PREDAPPIO;40032
Nord Ovest;Lombardia;BG;H020;PREDORE;16174
Nord Ovest;Piemonte;AL;H021;PREDOSA;6140
Nord Est;Veneto;TV;H022;PREGANZIOL;26063
Nord Ovest;Lombardia;MI;H026;PREGNANA MILANESE;15179
Nord Ovest;Liguria;IM;H027;PRELA`;8047
Nord Ovest;Lombardia;LC;H028;PREMANA;97069
Nord Est;Friuli- Venezia Giulia;UD;H029;PREMARIACCO;30083
Nord Ovest;Piemonte;VB;H030;PREMENO;103055
Nord Ovest;Piemonte;VB;H033;PREMIA;103056
Nord Est;Emilia-Romagna;FO;H034;PREMILCUORE;40033
Nord Ovest;Lombardia;BG;H036;PREMOLO;16175
Nord Ovest;Piemonte;VB;H037;PREMOSELLO CHIOVENDA;103057
Nord Est;Friuli- Venezia Giulia;UD;H038;PREONE;30084
Nord Est;Friuli- Venezia Giulia;UD;H040;PREPOTTO;30085
Nord Ovest;Valle d'Aosta;AO;H042;PRE` SAINT DIDIER;7053
Nord Ovest;Lombardia;BS;H043;PRESEGLIE;17153
Sud;Campania;CE;H045;PRESENZANO;61065
Nord Ovest;Lombardia;BG;H046;PRESEZZO;16176
Nord Est;Veneto;VR;H048;PRESSANA;23061
Sud;Abruzzo;CH;H052;PRETORO;69069
Nord Ovest;Lombardia;BS;H055;PREVALLE;17155
Sud;Abruzzo;AQ;H056;PREZZA;66076
Nord Ovest;Piemonte;CN;H059;PRIERO;4175
Nord Est;Emilia-Romagna;MO;H061;PRIGNANO SULLA SECCHIA;36033
Sud;Campania;SA;H062;PRIGNANO CILENTO;65103
Nord Ovest;Lombardia;LC;H063;PRIMALUNA;97070
Nord Ovest;Piemonte;CN;H068;PRIOCCA;4176
Nord Ovest;Piemonte;CN;H069;PRIOLA;4177
Isole;Sicilia;PA;H070;PRIZZI;82060
Centro;Lazio;VT;H071;PROCENO;56044
Sud;Campania;NA;H072;PROCIDA;63061
Nord Ovest;Liguria;GE;H073;PROPATA;10045
Nord Ovest;Lombardia;CO;H074;PROSERPIO;13192
Centro;Lazio;LT;H076;PROSSEDI;59020
Nord Ovest;Lombardia;BS;H077;PROVAGLIO VAL SABBIA;17157
Nord Ovest;Lombardia;BS;H078;PROVAGLIO D`ISEO;17156
Sud;Molise;CB;H083;PROVVIDENTI;70056
Nord Ovest;Piemonte;CN;H085;PRUNETTO;4178
Nord Ovest;Lombardia;BS;H086;PUEGNAGO DEL GARDA;17158
Sud;Campania;BN;H087;PUGLIANELLO;62055
Isole;Sardegna;CA;H088;PULA;92050
Nord Est;Friuli- Venezia Giulia;UD;H089;PULFERO;30086
Sud;Puglia;TA;H090;PULSANO;73022
Nord Ovest;Lombardia;BG;H091;PUMENENGO;16177
Nord Ovest;Lombardia;CO;H094;PUSIANO;13193
Isole;Sardegna;SS;H095;PUTIFIGARI;90060
Sud;Puglia;BA;H096;PUTIGNANO;72036
Sud;Campania;AV;H097;QUADRELLE;64076
Sud;Abruzzo;CH;H098;QUADRI;69070
Nord Ovest;Piemonte;TO;H100;QUAGLIUZZO;1208
Sud;Campania;NA;H101;QUALIANO;63062
Nord Ovest;Piemonte;AT;H102;QUARANTI;5088
Nord Ovest;Piemonte;AL;H104;QUARGNENTO;6141
Nord Ovest;Piemonte;VB;H106;QUARNA SOPRA;103058
Nord Ovest;Piemonte;VB;H107;QUARNA SOTTO;103059
Nord Ovest;Piemonte;VC;H108;QUARONA;2107
Centro;Toscana;PT;H109;QUARRATA;47017
Nord Ovest;Valle d'Aosta;AO;H110;QUART;7054
Sud;Campania;NA;H114;QUARTO;63063
Nord Est;Veneto;VE;H117;QUARTO D`ALTINO;27031
Isole;Sardegna;CA;H118;QUARTU SANT`ELENA;92051
Isole;Sardegna;CA;H119;QUARTUCCIU;92105
Nord Ovest;Piemonte;TO;H120;QUASSOLO;1209
Nord Ovest;Piemonte;AL;H121;QUATTORDIO;6142
Nord Est;Emilia-Romagna;RE;H122;QUATTRO CASTELLA;35030
Nord Ovest;Liguria;SV;H126;QUILIANO;9052
Nord Ovest;Piemonte;TO;H127;QUINCINETTO;1210
Sud;Campania;AV;H128;QUINDICI;64077
Nord Ovest;Lombardia;MN;H129;QUINGENTOLE;20046
Nord Ovest;Lombardia;CR;H130;QUINTANO;19078
Nord Est;Veneto;TV;H131;QUINTO DI TREVISO;26064
Nord Ovest;Piemonte;VC;H132;QUINTO VERCELLESE;2108
Nord Est;Veneto;VI;H134;QUINTO VICENTINO;24083
Nord Ovest;Lombardia;BS;H140;QUINZANO D`OGLIO;17159
Nord Ovest;Lombardia;MN;H143;QUISTELLO;20047
Sud;Puglia;LE;H147;RACALE;75063
Isole;Sicilia;AG;H148;RACALMUTO;84029
Nord Ovest;Piemonte;CN;H150;RACCONIGI;4179
Isole;Sicilia;ME;H151;RACCUIA;83069
Centro;Toscana;SI;H153;RADDA IN CHIANTI;52023
Isole;Sicilia;CT;H154;RADDUSA;87036
Centro;Toscana;SI;H156;RADICOFANI;52024
Centro;Toscana;SI;H157;RADICONDOLI;52025
Isole;Sicilia;AG;H159;RAFFADALI;84030
Nord Est;Friuli- Venezia Giulia;UD;H161;RAGOGNA;30087
Isole;Sicilia;RG;H163;RAGUSA;88009
Sud;Campania;CE;H165;RUVIANO;61073
Sud;Abruzzo;AQ;H166;RAIANO;66077
Isole;Sicilia;CT;H168;RAMACCA;87037
Nord Ovest;Lombardia;VA;H173;RANCIO VALCUVIA;12115
Nord Ovest;Lombardia;VA;H174;RANCO;12116
Isole;Sicilia;CT;H175;RANDAZZO;87038
Nord Ovest;Lombardia;BG;H176;RANICA;16178
Nord Ovest;Lombardia;BG;H177;RANZANICO;16179
Nord Ovest;Liguria;IM;H180;RANZO;8048
Centro;Marche;AP;H182;RAPAGNANO;109035
Nord Ovest;Liguria;GE;H183;RAPALLO;10046
Sud;Abruzzo;CH;H184;RAPINO;69071
Centro;Toscana;SI;H185;RAPOLANO TERME;52026
Sud;Basilicata;PZ;H186;RAPOLLA;76064
Sud;Basilicata;PZ;H187;RAPONE;76065
Nord Ovest;Piemonte;VC;H188;RASSA;2110
Nord Ovest;Lombardia;SO;H192;RASURA;14055
Isole;Sicilia;AG;H194;RAVANUSA;84031
Nord Est;Emilia-Romagna;MO;H195;RAVARINO;36034
Nord Est;Friuli- Venezia Giulia;UD;H196;RAVASCLETTO;30088
Sud;Campania;SA;H198;RAVELLO;65104
Nord Est;Emilia-Romagna;RA;H199;RAVENNA;39014
Nord Est;Friuli- Venezia Giulia;UD;H200;RAVEO;30089
Sud;Campania;CE;H202;RAVISCANINA;61066
Nord Ovest;Piemonte;VB;H203;RE;103060
Nord Ovest;Lombardia;PV;H204;REA;18119
Isole;Sicilia;AG;H205;REALMONTE;84032
Nord Est;Friuli- Venezia Giulia;UD;H206;REANA DEL ROIALE;30090
Nord Ovest;Piemonte;TO;H207;REANO;1211
Sud;Campania;CE;H210;RECALE;61067
Centro;Marche;MC;H211;RECANATI;43044
Nord Ovest;Liguria;GE;H212;RECCO;10047
Nord Ovest;Piemonte;NO;H213;RECETTO;3129
Nord Est;Veneto;VI;H214;RECOARO TERME;24084
Nord Ovest;Lombardia;PV;H216;REDAVALLE;18120
Nord Ovest;Lombardia;MN;H218;REDONDESCO;20048
Nord Ovest;Piemonte;AT;H219;REFRANCORE;5089
Nord Est;Veneto;TV;H220;REFRONTOLO;26065
Isole;Sicilia;EN;H221;REGALBUTO;86016
Centro;Toscana;FI;H222;REGGELLO;48035
Nord Est;Emilia-Romagna;RE;H223;REGGIO NELL`EMILIA;35033
Sud;Calabria;RC;H224;REGGIO DI CALABRIA;80063
Nord Est;Emilia-Romagna;RE;H225;REGGIOLO;35032
Sud;Campania;BN;H227;REINO;62056
Isole;Sicilia;ME;H228;REITANO;83070
Nord Est;Friuli- Venezia Giulia;UD;H229;REMANZACCO;30091
Nord Ovest;Lombardia;BS;H230;REMEDELLO;17160
Nord Ovest;Lombardia;MI;H233;RENATE;108037
Sud;Calabria;CS;H235;RENDE;78102
Nord Est;Veneto;TV;H238;RESANA;26066
Nord Ovest;Lombardia;MI;H240;RESCALDINA;15181
Nord Est;Friuli- Venezia Giulia;UD;H242;RESIA;30092
Sud;Campania;NA;H243;ERCOLANO;63064
Nord Est;Friuli- Venezia Giulia;UD;H244;RESIUTTA;30093
Isole;Sicilia;CL;H245;RESUTTANO;85014
Nord Ovest;Lombardia;PV;H246;RETORBIDO;18121
Nord Ovest;Piemonte;CN;H247;REVELLO;4180
Nord Ovest;Piemonte;AT;H250;REVIGLIASCO D`ASTI;5090
Nord Est;Veneto;TV;H253;REVINE LAGO;26067
Nord Ovest;Lombardia;CO;H255;REZZAGO;13195
Nord Ovest;Lombardia;BS;H256;REZZATO;17161
Nord Ovest;Liguria;IM;H257;REZZO;8049
Nord Ovest;Liguria;GE;H258;REZZOAGLIO;10048
Nord Ovest;Lombardia;CO;H259;VAL REZZO;13233
Nord Ovest;Valle d'Aosta;AO;H262;RHEMES NOTRE DAME;7055
Nord Ovest;Valle d'Aosta;AO;H263;RHEMES SAINT GEORGES;7056
Nord Ovest;Lombardia;MI;H264;RHO;15182
Sud;Calabria;RC;H265;RIACE;80064
Nord Ovest;Liguria;SV;H266;RIALTO;9053
Centro;Lazio;RM;H267;RIANO;58081
Sud;Campania;CE;H268;RIARDO;61068
Isole;Sicilia;AG;H269;RIBERA;84033
Nord Ovest;Piemonte;TO;H270;RIBORDONE;1212
Sud;Calabria;VV;H271;RICADI;102030
Nord Ovest;Piemonte;AL;H272;RICALDONE;6143
Sud;Molise;CB;H273;RICCIA;70057
Nord Est;Emilia-Romagna;RN;H274;RICCIONE;99013
Nord Ovest;Liguria;SP;H275;RICCO` D GOLFO D SPEZIA;11023
Nord Ovest;Lombardia;CR;H276;RICENGO;19079
Sud;Campania;SA;H277;RICIGLIANO;65105
Nord Est;Veneto;TV;H280;RIESE PIO X;26068
Isole;Sicilia;CL;H281;RIESI;85015
Centro;Lazio;RI;H282;RIETI;57059
Nord Ovest;Piemonte;CN;H285;RIFREDDO;4181
Centro;Toscana;FI;H286;RIGNANO SULL ARNO;48036
Sud;Puglia;FG;H287;RIGNANO GARGANICO;71041
Centro;Lazio;RM;H288;RIGNANO FLAMINIO;58082
Nord Est;Friuli- Venezia Giulia;UD;H289;RIGOLATO;30094
Nord Ovest;Piemonte;VC;H293;RIMELLA;2113
Nord Est;Emilia-Romagna;RN;H294;RIMINI;99014
Nord Est;Emilia-Romagna;RE;H298;RIO SALICETO;35034
Centro;Lazio;RM;H300;RIOFREDDO;58083
Isole;Sardegna;OR;H301;RIOLA SARDO;95043
Nord Est;Emilia-Romagna;RA;H302;RIOLO TERME;39015
Nord Est;Emilia-Romagna;MO;H303;RIOLUNATO;36035
Nord Ovest;Liguria;SP;H304;RIOMAGGIORE;11024
Sud;Basilicata;PZ;H307;RIONERO IN VULTURE;76066
Sud;Molise;IS;H308;RIONERO SANNITICO;94039
Sud;Molise;CB;H311;RIPABOTTONI;70058
Sud;Basilicata;PZ;H312;RIPACANDIDA;76067
Sud;Molise;CB;H313;RIPALIMOSANI;70059
Nord Ovest;Lombardia;CR;H314;RIPALTA ARPINA;19080
Nord Ovest;Lombardia;CR;H315;RIPALTA CREMASCA;19081
Nord Ovest;Lombardia;CR;H316;RIPALTA GUERINA;19082
Centro;Toscana;PI;H319;RIPARBELLA;50030
Sud;Abruzzo;CH;H320;RIPA TEATINA;69072
Centro;Marche;AP;H321;RIPATRANSONE;44063
Centro;Marche;MC;H323;RIPE SAN GINESIO;43045
Centro;Lazio;FR;H324;RIPI;60058
Isole;Sicilia;CT;H325;RIPOSTO;87039
Nord Ovest;Piemonte;CN;H326;RITTANA;4182
Nord Est;Veneto;BL;H327;RIVAMONTE AGORDINO;25043
Nord Ovest;Liguria;IM;H328;RIVA LIGURE;8050
Nord Ovest;Lombardia;BG;H331;RIVA DI SOLTO;16180
Nord Ovest;Piemonte;TO;H333;RIVALBA;1213
Nord Ovest;Piemonte;AL;H334;RIVALTA BORMIDA;6144
Nord Ovest;Piemonte;TO;H335;RIVALTA DI TORINO;1214
Nord Ovest;Lombardia;PV;H336;RIVANAZZANO;18122
Nord Ovest;Piemonte;TO;H337;RIVA PRESSO CHIERI;1215
Nord Ovest;Piemonte;TO;H338;RIVARA;1216
Nord Ovest;Piemonte;TO;H340;RIVAROLO CANAVESE;1217
Nord Ovest;Lombardia;CR;H341;RIVAROLO DEL RE E UNITI;19083
Nord Ovest;Lombardia;MN;H342;RIVAROLO MANTOVANO;20050
Nord Ovest;Piemonte;AL;H343;RIVARONE;6145
Nord Ovest;Piemonte;TO;H344;RIVAROSSA;1218
Nord Ovest;Piemonte;VC;H346;RIVE;2115
Nord Est;Friuli- Venezia Giulia;UD;H347;RIVE D`ARCANO;30095
Sud;Basilicata;PZ;H348;RIVELLO;76068
Nord Est;Emilia-Romagna;PC;H350;RIVERGARO;33038
Sud;Abruzzo;AQ;H353;RIVISONDOLI;66078
Centro;Lazio;RI;H354;RIVODUTRI;57060
Nord Ovest;Piemonte;TO;H355;RIVOLI;1219
Nord Est;Veneto;VR;H356;RIVOLI VERONESE;23062
Nord Ovest;Lombardia;CR;H357;RIVOLTA D`ADDA;19084
Sud;Calabria;RC;H359;RIZZICONI;80065
Nord Est;Veneto;VI;H361;ROANA;24085
Nord Ovest;Piemonte;CN;H362;ROASCHIA;4183
Nord Ovest;Piemonte;CN;H363;ROASCIO;4184
Nord Ovest;Piemonte;VC;H364;ROVASENDA;2122
Nord Ovest;Piemonte;VC;H365;ROASIO;2116
Nord Ovest;Piemonte;AT;H366;ROATTO;5091
Nord Ovest;Piemonte;TO;H367;ROBASSOMERO;1220
Nord Ovest;Lombardia;PV;H369;ROBBIO;18123
Nord Ovest;Lombardia;MI;H371;ROBECCHETTO CON INDUNO;15183
Nord Ovest;Lombardia;CR;H372;ROBECCO D`OGLIO;19085
Nord Ovest;Lombardia;MI;H373;ROBECCO SUL NAVIGLIO;15184
Nord Ovest;Lombardia;PV;H375;ROBECCO PAVESE;18124
Nord Ovest;Piemonte;AT;H376;ROBELLA;5092
Nord Ovest;Piemonte;CN;H377;ROBILANTE;4185
Nord Ovest;Piemonte;CN;H378;ROBURENT;4186
Nord Est;Veneto;BL;H379;ROCCA PIETORE;25044
Isole;Sicilia;ME;H380;ROCCAVALDINA;83073
Sud;Campania;AV;H382;ROCCABASCERANA;64078
Sud;Calabria;KR;H383;ROCCABERNARDA;101018
Nord Est;Emilia-Romagna;PR;H384;ROCCABIANCA;34030
Nord Ovest;Piemonte;CN;H385;ROCCABRUNA;4187
Nord Ovest;Piemonte;TO;H386;ROCCA CANAVESE;1221
Centro;Lazio;RM;H387;ROCCA CANTERANO;58084
Sud;Abruzzo;AQ;H389;ROCCACASALE;66079
Centro;Marche;AP;H390;ROCCAFLUVIONE;44064
Nord Ovest;Piemonte;CN;H391;ROCCA CIGLIE;4188
Nord Ovest;Piemonte;AT;H392;ROCCA D`ARAZZO;5093
Centro;Lazio;FR;H393;ROCCADARCE;60059
Sud;Campania;SA;H394;ROCCADASPIDE;65106
Nord Ovest;Piemonte;CN;H395;ROCCA DE BALDI;4189
Nord Ovest;Lombardia;PV;H396;ROCCA DE GIORGI;18125
Sud;Campania;CE;H398;ROCCA D`EVANDRO;61069
Sud;Abruzzo;AQ;H399;ROCCA DI BOTTE;66080
Sud;Abruzzo;AQ;H400;ROCCA DI CAMBIO;66081
Centro;Lazio;RM;H401;ROCCA DI CAVE;58085
Sud;Abruzzo;AQ;H402;ROCCA DI MEZZO;66082
Sud;Calabria;KR;H403;ROCCA DI NETO;101019
Centro;Lazio;RM;H404;ROCCA DI PAPA;58086
Isole;Sicilia;ME;H405;ROCCAFIORITA;83071
Nord Ovest;Piemonte;AL;H406;ROCCAFORTE LIGURE;6146
Nord Ovest;Piemonte;CN;H407;ROCCAFORTE MONDOVI;4190
Sud;Calabria;RC;H408;ROCCAFORTE DEL GRECO;80066
Sud;Puglia;TA;H409;ROCCAFORZATA;73023
Nord Ovest;Lombardia;BS;H410;ROCCAFRANCA;17162
Centro;Lazio;RM;H411;ROCCAGIOVINE;58087
Sud;Campania;SA;H412;ROCCAGLORIOSA;65107
Centro;Lazio;LT;H413;ROCCAGORGA;59021
Nord Ovest;Piemonte;AL;H414;ROCCA GRIMALDA;6147
Sud;Calabria;CS;H416;ROCCA IMPERIALE;78103
Centro;Toscana;GR;H417;ROCCALBEGNA;53020
Isole;Sicilia;ME;H418;ROCCALUMERA;83072
Sud;Molise;IS;H420;ROCCAMANDOLFI;94040
Centro;Lazio;LT;H421;ROCCAMASSIMA;59022
Isole;Sicilia;PA;H422;ROCCAMENA;82061
Sud;Campania;CE;H423;ROCCAMONFINA;61070
Sud;Abruzzo;CH;H424;ROCCAMONTEPIANO;69073
Sud;Abruzzo;PE;H425;ROCCAMORICE;68034
Sud;Basilicata;PZ;H426;ROCCANOVA;76069
Centro;Lazio;RI;H427;ROCCANTICA;57061
Isole;Sicilia;PA;H428;ROCCAPALUMBA;82062
Sud;Abruzzo;AQ;H429;ROCCA PIA;66083
Sud;Campania;SA;H431;ROCCAPIEMONTE;65108
Centro;Lazio;RM;H432;ROCCA PRIORA;58088
Sud;Campania;NA;H433;ROCCARAINOLA;63065
Sud;Abruzzo;AQ;H434;ROCCARASO;66084
Sud;Campania;CE;H436;ROCCAROMANA;61071
Nord Est;Emilia-Romagna;FO;H437;ROCCA SAN CASCIANO;40036
Sud;Campania;AV;H438;ROCCA SAN FELICE;64079
Sud;Abruzzo;CH;H439;ROCCA SAN GIOVANNI;69074
Sud;Abruzzo;TE;H440;ROCCA SANTA MARIA;67036
Centro;Lazio;RM;H441;ROCCA SANTO STEFANO;58089
Sud;Abruzzo;CH;H442;ROCCASCALEGNA;69075
Centro;Lazio;FR;H443;ROCCASECCA;60060
Centro;Lazio;LT;H444;ROCCASECCA DEI VOLSCI;59023
Sud;Molise;IS;H445;ROCCASICURA;94041
Centro;Lazio;RI;H446;ROCCA SINIBALDA;57062
Nord Ovest;Piemonte;CN;H447;ROCCASPARVERA;4191
Sud;Abruzzo;CH;H448;ROCCASPINALVETI;69076
Centro;Toscana;GR;H449;ROCCASTRADA;53021
Nord Ovest;Lombardia;PV;H450;ROCCA SUSELLA;18126
Nord Ovest;Piemonte;AT;H451;ROCCAVERANO;5094
Nord Ovest;Liguria;SV;H452;ROCCAVIGNALE;9054
Nord Ovest;Piemonte;CN;H453;ROCCAVIONE;4192
Sud;Molise;CB;H454;ROCCAVIVARA;70060
Isole;Sicilia;ME;H455;ROCCELLA VALDEMONE;83074
Sud;Calabria;RC;H456;ROCCELLA IONICA;80067
Sud;Molise;IS;H458;ROCCHETTA A VOLTURNO;94042
Sud;Campania;CE;H459;ROCCHETTA E CROCE;61072
Nord Ovest;Liguria;IM;H460;ROCCHETTA NERVINA;8051
Nord Ovest;Liguria;SP;H461;ROCCHETTA DI VARA;11025
Nord Ovest;Piemonte;CN;H462;ROCCHETTA BELBO;4193
Nord Ovest;Piemonte;AL;H465;ROCCHETTA LIGURE;6148
Nord Ovest;Piemonte;AT;H466;ROCCHETTA PALAFEA;5095
Sud;Puglia;FG;H467;ROCCHETTA SANT`ANTONIO;71042
Nord Ovest;Piemonte;AT;H468;ROCCHETTA TANARO;5096
Nord Ovest;Lombardia;MI;H470;RODANO;15185
Nord Ovest;Piemonte;CN;H472;RODDI;4194
Nord Ovest;Piemonte;CN;H473;RODDINO;4195
Nord Ovest;Piemonte;CN;H474;RODELLO;4196
Nord Ovest;Lombardia;BS;H477;RODENGO-SAIANO;17163
Nord Ovest;Lombardia;CO;H478;RODERO;13197
Isole;Sicilia;ME;H479;RODI` MILICI;83075
Sud;Puglia;FG;H480;RODI GARGANICO;71043
Nord Ovest;Lombardia;MN;H481;RODIGO;20051
Nord Ovest;Lombardia;BS;H484;ROE` VOLCIANO;17164
Sud;Campania;SA;H485;ROFRANO;65109
Nord Ovest;Lombardia;LC;H486;ROGENO;97072
Sud;Calabria;CS;H488;ROGGIANO GRAVINA;78104
Sud;Calabria;RC;H489;ROGHUDI;80068
Sud;Calabria;CS;H490;ROGLIANO;78105
Nord Ovest;Lombardia;PV;H491;ROGNANO;18127
Nord Ovest;Lombardia;BG;H492;ROGNO;16182
Nord Ovest;Lombardia;SO;H493;ROGOLO;14056
Centro;Lazio;RM;H494;ROIATE;58090
Sud;Abruzzo;CH;H495;ROIO DEL SANGRO;69077
Nord Ovest;Valle d'Aosta;AO;H497;ROISAN;7057
Nord Ovest;Piemonte;TO;H498;ROLETTO;1222
Nord Est;Emilia-Romagna;RE;H500;ROLO;35035
Centro;Lazio;RM;H501;ROMA;58091
Nord Ovest;Piemonte;NO;H502;ROMAGNANO SESIA;3130
Sud;Campania;SA;H503;ROMAGNANO AL MONTE;65110
Nord Ovest;Lombardia;PV;H505;ROMAGNESE;18128
Isole;Sardegna;SS;H507;ROMANA;90061
Nord Ovest;Lombardia;CR;H508;ROMANENGO;19086
Nord Ovest;Lombardia;BG;H509;ROMANO DI LOMBARDIA;16183
Nord Ovest;Piemonte;TO;H511;ROMANO CANAVESE;1223
Nord Est;Veneto;VI;H512;ROMANO D`EZZELINO;24086
Sud;Calabria;VV;H516;ROMBIOLO;102031
Nord Ovest;Piemonte;NO;H518;ROMENTINO;3131
Isole;Sicilia;ME;H519;ROMETTA;83076
Nord Ovest;Lombardia;CO;H521;RONAGO;13199
Nord Est;Veneto;VR;H522;RONCA`;23063
Nord Est;Veneto;TV;H523;RONCADE;26069
Nord Ovest;Lombardia;BS;H525;RONCADELLE;17165
Nord Ovest;Lombardia;PV;H527;RONCARO;18129
Nord Ovest;Lombardia;MI;H529;RONCELLO;108055
Nord Est;Friuli- Venezia Giulia;UD;H533;RONCHIS;30097
Centro;Lazio;VT;H534;RONCIGLIONE;56045
Nord Ovest;Lombardia;BG;H535;RONCOBELLO;16184
Nord Ovest;Liguria;GE;H536;RONCO SCRIVIA;10049
Nord Ovest;Lombardia;MI;H537;RONCO BRIANTINO;108038
Nord Ovest;Piemonte;BI;H538;RONCO BIELLESE;96053
Nord Ovest;Piemonte;TO;H539;RONCO CANAVESE;1224
Nord Est;Veneto;VR;H540;RONCO ALL`ADIGE;23064
Nord Ovest;Lombardia;MN;H541;RONCOFERRARO;20052
Nord Est;Emilia-Romagna;FO;H542;RONCOFREDDO;40037
Nord Ovest;Lombardia;BG;H544;RONCOLA;16185
Nord Ovest;Liguria;GE;H546;RONDANINA;10050
Nord Ovest;Piemonte;TO;H547;RONDISSONE;1225
Nord Ovest;Piemonte;VC;H549;RONSECCO;2118
Nord Ovest;Piemonte;BI;H553;ROPPOLO;96054
Nord Ovest;Piemonte;TO;H554;RORA`;1226
Nord Ovest;Piemonte;TO;H555;ROURE;1227
Nord Est;Veneto;VI;H556;ROSA`;24087
Sud;Calabria;RC;H558;ROSARNO;80069
Nord Ovest;Lombardia;PV;H559;ROSASCO;18130
Nord Ovest;Lombardia;MI;H560;ROSATE;15188
Nord Ovest;Piemonte;BI;H561;ROSAZZA;96055
Sud;Abruzzo;PE;H562;ROSCIANO;68035
Sud;Campania;SA;H564;ROSCIGNO;65111
Sud;Calabria;CS;H565;ROSE;78106
Sud;Abruzzo;CH;H566;ROSELLO;69078
Sud;Puglia;FG;H568;ROSETO VALFORTORE;71044
Nord Ovest;Piemonte;AL;H569;ROSIGNANO MONFERRATO;6149
Centro;Toscana;LI;H570;ROSIGNANO MARITTIMO;49017
Sud;Calabria;CS;H572;ROSETO CAPO SPULICO;78107
Nord Est;Veneto;RO;H573;ROSOLINA;29040
Isole;Sicilia;SR;H574;ROSOLINI;89016
Centro;Marche;AN;H575;ROSORA;42040
Nord Ovest;Piemonte;VC;H577;ROSSA;2121
Nord Ovest;Piemonte;CN;H578;ROSSANA;4197
Nord Est;Veneto;VI;H580;ROSSANO VENETO;24088
Nord Ovest;Liguria;GE;H581;ROSSIGLIONE;10051
Nord Ovest;Piemonte;TO;H583;ROSTA;1228
Nord Ovest;Lombardia;BG;H584;ROTA D`IMAGNA;16186
Sud;Calabria;CS;H585;ROTA GRECA;78109
Centro;Marche;AP;H588;ROTELLA;44065
Sud;Molise;CB;H589;ROTELLO;70061
Sud;Basilicata;PZ;H590;ROTONDA;76070
Sud;Basilicata;MT;H591;ROTONDELLA;77023
Sud;Campania;AV;H592;ROTONDI;64080
Nord Est;Emilia-Romagna;PC;H593;ROTTOFRENO;33039
Nord Est;Veneto;VI;H594;ROTZO;24089
Nord Ovest;Lombardia;BS;H598;ROVATO;17166
Nord Ovest;Liguria;GE;H599;ROVEGNO;10052
Nord Ovest;Lombardia;CO;H601;ROVELLASCA;13201
Nord Ovest;Lombardia;CO;H602;ROVELLO PORRO;13202
Nord Ovest;Lombardia;MN;H604;ROVERBELLA;20053
Nord Est;Veneto;VR;H606;ROVERCHIARA;23065
Nord Est;Veneto;VR;H608;ROVERE` VERONESE;23067
Nord Est;Friuli- Venezia Giulia;PN;H609;ROVEREDO IN PIANO;93036
Nord Est;Veneto;VR;H610;ROVEREDO DI GUA`;23066
Nord Ovest;Lombardia;PV;H614;ROVESCALA;18131
Nord Ovest;Lombardia;BG;H615;ROVETTA;16187
Centro;Lazio;RM;H618;ROVIANO;58092
Nord Est;Veneto;RO;H620;ROVIGO;29041
Sud;Calabria;CS;H621;ROVITO;78110
Nord Est;Veneto;PD;H622;ROVOLON;28071
Nord Ovest;Lombardia;MI;H623;ROZZANO;15189
Nord Est;Veneto;PD;H625;RUBANO;28072
Nord Ovest;Piemonte;TO;H627;RUBIANA;1229
Nord Est;Emilia-Romagna;RE;H628;RUBIERA;35036
Nord Ovest;Lombardia;BS;H630;RUDIANO;17167
Nord Ovest;Piemonte;TO;H631;RUEGLIO;1230
Sud;Puglia;LE;H632;RUFFANO;75064
Nord Ovest;Piemonte;CN;H633;RUFFIA;4198
Centro;Toscana;FI;H635;RUFINA;48037
Sud;Basilicata;PZ;H641;RUOTI;76071
Nord Est;Emilia-Romagna;RA;H642;RUSSI;39016
Sud;Puglia;BA;H643;RUTIGLIANO;72037
Sud;Campania;SA;H644;RUTINO;65112
Sud;Puglia;BA;H645;RUVO DI PUGLIA;72038
Sud;Basilicata;PZ;H646;RUVO DEL MONTE;76072
Centro;Lazio;LT;H647;SABAUDIA;59024
Nord Ovest;Lombardia;BS;H650;SABBIO CHIESE;17168
Nord Ovest;Lombardia;MN;H652;SABBIONETA;20054
Sud;Campania;SA;H654;SACCO;65113
Nord Est;Veneto;PD;H655;SACCOLONGO;28073
Nord Est;Friuli- Venezia Giulia;PN;H657;SACILE;93037
Centro;Lazio;RM;H658;SACROFANO;58093
Isole;Sardegna;NU;H659;SADALI;111058
Isole;Sardegna;NU;H661;SAGAMA;95086
Nord Ovest;Piemonte;BI;H662;SAGLIANO MICCA;96056
Nord Ovest;Valle d'Aosta;AO;H669;SAINT CHRISTOPHE;7058
Nord Ovest;Valle d'Aosta;AO;H670;SAINT DENIS;7059
Nord Ovest;Valle d'Aosta;AO;H671;SAINT MARCEL;7060
Nord Ovest;Valle d'Aosta;AO;H672;SAINT NICOLAS;7061
Nord Ovest;Valle d'Aosta;AO;H673;SAINT OYEN;7062
Nord Ovest;Valle d'Aosta;AO;H674;SAINT PIERRE;7063
Nord Ovest;Valle d'Aosta;AO;H675;SAINT RHEMY;7064
Nord Ovest;Valle d'Aosta;AO;H676;SAINT VINCENT;7065
Nord Ovest;Piemonte;AL;H677;SALA MONFERRATO;6150
Nord Est;Emilia-Romagna;BO;H678;SALA BOLOGNESE;37050
Nord Ovest;Lombardia;CO;H679;SALA COMACINA;13203
Nord Ovest;Piemonte;BI;H681;SALA BIELLESE;96057
Nord Est;Emilia-Romagna;PR;H682;SALA BAGANZA;34031
Sud;Campania;SA;H683;SALA CONSILINA;65114
Nord Ovest;Piemonte;TO;H684;SALBERTRAND;1232
Sud;Campania;SA;H686;SALENTO;65115
Sud;Basilicata;MT;H687;SALANDRA;77024
Isole;Sicilia;TP;H688;SALAPARUTA;81017
Nord Est;Veneto;RO;H689;SALARA;29042
Nord Ovest;Piemonte;VC;H690;SALASCO;2126
Nord Ovest;Piemonte;TO;H691;SALASSA;1231
Sud;Molise;CB;H693;SALCITO;70062
Nord Ovest;Piemonte;AL;H694;SALE;6151
Nord Ovest;Piemonte;CN;H695;SALE DELLE LANGHE;4199
Nord Ovest;Lombardia;BS;H699;SALE MARASINO;17169
Isole;Sicilia;TP;H700;SALEMI;81018
Nord Ovest;Lombardia;LO;H701;SALERANO SUL LAMBRO;98046
Nord Ovest;Piemonte;TO;H702;SALERANO CANAVESE;1233
Sud;Campania;SA;H703;SALERNO;65116
Nord Ovest;Piemonte;CN;H704;SALE SAN GIOVANNI;4200
Nord Est;Veneto;TV;H706;SALGAREDA;26070
Nord Ovest;Piemonte;VC;H707;SALI VERCELLESE;2127
Sud;Puglia;LE;H708;SALICE SALENTINO;75065
Nord Ovest;Piemonte;CN;H710;SALICETO;4201
Nord Est;Veneto;VR;H712;SAN MAURO DI SALINE;23074
Centro;Lazio;RI;H713;SALISANO;57063
Nord Est;Veneto;VR;H714;SALIZZOLE;23068
Sud;Abruzzo;PE;H715;SALLE;68036
Nord Ovest;Piemonte;CN;H716;SALMOUR;4202
Nord Ovest;Lombardia;BS;H717;SALO`;17170
Nord Est;Emilia-Romagna;PR;H720;SALSOMAGGIORE;34032
Nord Ovest;Lombardia;VA;H723;SALTRIO;12117
Nord Est;Emilia-Romagna;RN;H724;SALUDECIO;99015
Nord Ovest;Piemonte;VC;H725;SALUGGIA;2128
Nord Ovest;Piemonte;BI;H726;SALUSSOLA;96058
Nord Ovest;Piemonte;CN;H727;SALUZZO;4203
Sud;Puglia;LE;H729;SALVE;75066
Sud;Basilicata;PZ;H730;SAVOIA DI LUCANIA;76084
Nord Ovest;Lombardia;CR;H731;SALVIROLA;19087
Sud;Campania;SA;H732;SALVITELLE;65117
Sud;Campania;AV;H733;SALZA IRPINA;64081
Nord Ovest;Piemonte;TO;H734;SALZA DI PINEROLO;1234
Nord Est;Veneto;VE;H735;SALZANO;27032
Nord Ovest;Lombardia;VA;H736;SAMARATE;12118
Isole;Sardegna;CA;H738;SAMASSI;111059
Isole;Sardegna;CA;H739;SAMATZAI;111060
Isole;Sicilia;AG;H743;SAMBUCA DI SICILIA;84034
Centro;Toscana;PT;H744;SAMBUCA PISTOIESE;47018
Centro;Lazio;RM;H745;SAMBUCI;58094
Nord Ovest;Piemonte;CN;H746;SAMBUCO;4204
Sud;Puglia;BA;H749;SAMMICHELE DI BARI;72039
Nord Ovest;Lombardia;SO;H752;SAMOLACO;14057
Nord Ovest;Piemonte;TO;H753;SAMONE;1235
Nord Ovest;Piemonte;CN;H755;SAMPEYRE;4205
Isole;Sardegna;OR;H756;SAMUGHEO;95045
Sud;Puglia;LE;H757;SANARICA;75067
Nord Ovest;Lombardia;CO;H760;S BARTOLOMEO V CAVARGNA;13204
Nord Ovest;Liguria;IM;H763;SAN BARTOLOMEO AL MARE;8052
Sud;Campania;BN;H764;SAN BARTOLOMEO IN GALDO;62057
Sud;Calabria;CS;H765;SAN BASILE;78111
Isole;Sardegna;CA;H766;SAN BASILIO;111061
Nord Ovest;Lombardia;CR;H767;SAN BASSANO;19088
Nord Est;Veneto;RO;H768;SAN BELLINO;29043
Centro;Marche;AP;H769;S BENEDETTO DEL TRONTO;44066
Nord Ovest;Piemonte;CN;H770;SAN BENEDETTO BELBO;4206
Nord Ovest;Lombardia;MN;H771;SAN BENEDETTO PO;20055
Sud;Abruzzo;AQ;H772;SAN BENEDETTO DEI MARSI;66085
Sud;Abruzzo;AQ;H773;SAN BENEDETTO IN PERILLIS;66086
Sud;Calabria;CS;H774;SAN BENEDETTO ULLANO;78112
Nord Ovest;Piemonte;TO;H775;SAN BENIGNO CANAVESE;1236
Nord Ovest;Piemonte;VB;H777;SAN BERNARDINO VERBANO;103061
Isole;Sicilia;AG;H778;SAN BIAGIO PLATANI;84035
Centro;Lazio;FR;H779;SAN BIAGIO SARACINISCO;60061
Nord Ovest;Liguria;IM;H780;SAN BIAGIO DELLA CIMA;8053
Nord Est;Veneto;TV;H781;SAN BIAGIO DI CALLALTA;26071
Sud;Molise;CB;H782;SAN BIASE;70063
Nord Est;Veneto;VR;H783;SAN BONIFACIO;23069
Sud;Abruzzo;CH;H784;SAN BUONO;69079
Sud;Calabria;VV;H785;SAN CALOGERO;102032
Nord Ovest;Piemonte;TO;H789;SAN CARLO CANAVESE;1237
Centro;Toscana;SI;H790;SAN CASCIANO DEI BAGNI;52027
Centro;Toscana;FI;H791;SAN CASCIANO VAL PESA;48038
Isole;Sicilia;CL;H792;SAN CATALDO;85016
Sud;Puglia;LE;H793;SAN CESARIO DI LECCE;75068
Nord Est;Emilia-Romagna;MO;H794;SAN CESARIO SUL PANARO;36036
Sud;Basilicata;PZ;H795;SAN CHIRICO NUOVO;76073
Sud;Basilicata;PZ;H796;SAN CHIRICO RAPARO;76074
Isole;Sicilia;PA;H797;SAN CIPIRELLO;82063
Sud;Campania;CE;H798;SAN CIPRIANO D`AVERSA;61074
Nord Ovest;Lombardia;PV;H799;SAN CIPRIANO PO;18133
Sud;Campania;SA;H800;SAN CIPRIANO PICENTINO;65118
Nord Est;Emilia-Romagna;RN;H801;SAN CLEMENTE;99016
Nord Ovest;Liguria;GE;H802;SAN COLOMBANO CERTENOLI;10053
Nord Ovest;Lombardia;MI;H803;SAN COLOMBANO AL LAMBRO;15191
Nord Ovest;Piemonte;TO;H804;SAN COLOMBANO BELMONTE;1238
Isole;Sicilia;CT;H805;SAN CONO;87040
Sud;Calabria;CS;H806;SAN COSMO ALBANESE;78113
Sud;Calabria;VV;H807;SAN COSTANTINO CALABRO;102033
Sud;Basilicata;PZ;H808;SAN COSTANTINO ALBANESE;76075
Centro;Marche;PS;H809;SAN COSTANZO;41051
Nord Ovest;Piemonte;AL;H810;SAN CRISTOFORO;6152
Nord Ovest;Piemonte;AT;H811;SAN DAMIANO D`ASTI;5097
Nord Ovest;Piemonte;CN;H812;SAN DAMIANO MACRA;4207
Nord Ovest;Lombardia;PV;H814;SAN DAMIANO AL COLLE;18134
Nord Ovest;Lombardia;CR;H815;SAN DANIELE PO;19089
Nord Est;Friuli- Venezia Giulia;UD;H816;SAN DANIELE DEL FRIULI;30099
Sud;Calabria;CS;H818;SAN DEMETRIO CORONE;78114
Sud;Abruzzo;AQ;H819;S DEMETRIO NE` VESTINI;66087
Nord Ovest;Piemonte;TO;H820;SAN DIDERO;1239
Nord Ovest;Piemonte;BI;H821;SANDIGLIANO;96059
Sud;Puglia;BR;H822;SAN DONACI;74013
Nord Est;Veneto;VE;H823;SAN DONA` DI PIAVE;27033
Centro;Lazio;FR;H824;S DONATO VAL DI COMINO;60062
Sud;Calabria;CS;H825;SAN DONATO DI NINEA;78115
Sud;Puglia;LE;H826;SAN DONATO DI LECCE;75069
Nord Ovest;Lombardia;MI;H827;SAN DONATO MILANESE;15192
Nord Est;Veneto;VI;H829;SANDRIGO;24091
Sud;Basilicata;PZ;H831;SAN FELE;76076
Sud;Molise;CB;H833;SAN FELICE DEL MOLISE;70064
Sud;Campania;CE;H834;SAN FELICE A CANCELLO;61075
Nord Est;Emilia-Romagna;MO;H835;SAN FELICE SUL PANARO;36037
Centro;Lazio;LT;H836;SAN FELICE CIRCEO;59025
Nord Ovest;Lombardia;BS;H838;SAN FELICE DEL BENACO;17171
Sud;Puglia;FG;H839;SAN FERDINANDO DI PUGLIA;110007
Nord Ovest;Lombardia;CO;H840;S FERMO DELLA BATTAGLIA;13206
Sud;Calabria;CS;H841;SAN FILI;78116
Isole;Sicilia;ME;H842;SAN FILIPPO DEL MELA;83077
Nord Est;Veneto;TV;H843;SAN FIOR;26072
Nord Ovest;Lombardia;LO;H844;SAN FIORANO;98047
Sud;Calabria;CZ;H846;SAN FLORO;79108
Nord Ovest;Piemonte;TO;H847;SAN FRANCESCO AL CAMPO;1240
Isole;Sardegna;SS;H848;AGLIENTU;90062
Isole;Sicilia;ME;H850;SAN FRATELLO;83078
Nord Ovest;Piemonte;CN;H851;SANFRE;4208
Nord Ovest;Piemonte;CN;H852;SANFRONT;4209
Nord Ovest;Piemonte;TO;H855;SANGANO;1241
Isole;Sardegna;CA;H856;SAN GAVINO MONREALE;111062
Centro;Umbria;TR;H857;SAN GEMINI;55029
Nord Ovest;Lombardia;PV;H859;SAN GENESIO ED UNITI;18135
Sud;Campania;NA;H860;SAN GENNARO VESUVIANO;63066
Nord Ovest;Piemonte;VC;H861;SAN GERMANO VERCELLESE;2131
Nord Ovest;Piemonte;TO;H862;SAN GERMANO CHISONE;1242
Nord Ovest;Lombardia;BS;H865;SAN GERVASIO BRESCIANO;17172
Sud;Molise;CB;H867;SAN GIACOMO SCHIAVONI;70065
Nord Ovest;Lombardia;SO;H868;SAN GIACOMO FILIPPO;14058
Nord Ovest;Lombardia;MN;H870;SAN GIACOMO D SEGNATE;20056
Nord Ovest;Lombardia;VA;H872;SANGIANO;12141
Nord Ovest;Piemonte;TO;H873;SAN GILLIO;1243
Centro;Toscana;SI;H875;SAN GIMIGNANO;52028
Centro;Marche;MC;H876;SAN GINESIO;43046
Sud;Calabria;CS;H877;SANGINETO;78117
Nord Ovest;Piemonte;AL;H878;SAN GIORGIO MONFERRATO;6153
Centro;Lazio;FR;H880;SAN GIORGIO A LIRI;60063
Sud;Calabria;CS;H881;SAN GIORGIO ALBANESE;78118
Sud;Puglia;TA;H882;SAN GIORGIO IONICO;73024
Nord Ovest;Lombardia;MN;H883;SAN GIORGIO BIGARELLO;20057
Nord Ovest;Lombardia;MI;H884;SAN GIORGIO SU LEGNANO;15194
Nord Ovest;Lombardia;PV;H885;SAN GIORGIO LOMELLINA;18136
Nord Est;Emilia-Romagna;PC;H887;SAN GIORGIO PIACENTINO;33040
Sud;Basilicata;MT;H888;SAN GIORGIO LUCANO;77025
Sud;Calabria;RC;H889;SAN GIORGIO MORGETO;80071
Nord Ovest;Piemonte;TO;H890;SAN GIORGIO CANAVESE;1244
Nord Est;Friuli- Venezia Giulia;PN;H891;SAN GIORGIO DELLA RICHINVELDA;93038
Sud;Campania;NA;H892;SAN GIORGIO A CREMANO;63067
Nord Est;Veneto;PD;H893;SAN GIORGIO D PERTICHE;28075
Sud;Campania;BN;H894;SAN GIORGIO DEL SANNIO;62058
Nord Est;Friuli- Venezia Giulia;UD;H895;SAN GIORGIO DI NOGARO;30100
Nord Est;Emilia-Romagna;BO;H896;SAN GIORGIO DI PIANO;37052
Nord Est;Veneto;PD;H897;SAN GIORGIO IN BOSCO;28076
Sud;Campania;BN;H898;SAN GIORGIO LA MOLARA;62059
Nord Ovest;Piemonte;AT;H899;SAN GIORGIO SCARAMPI;5098
Nord Ovest;Piemonte;TO;H900;SAN GIORIO DI SUSA;1245
Centro;Toscana;AR;H901;SAN GIOVANNI VALDARNO;51033
Sud;Calabria;RC;H903;SAN GIOVANNI DI GERACE;80072
Nord Est;Friuli- Venezia Giulia;UD;H906;S GIOVANNI AL NATISONE;30101
Sud;Campania;SA;H907;SAN GIOVANNI A PIRO;65119
Nord Ovest;Lombardia;BG;H910;SAN GIOVANNI BIANCO;16188
Nord Ovest;Lombardia;MN;H912;SAN GIOVANNI DEL DOSSO;20058
Centro;Lazio;VT;H913;VILLA S GIOVANNI TUSCIA;56046
Isole;Sicilia;AG;H914;SAN GIOVANNI GEMINI;84036
Nord Est;Veneto;VR;H916;SAN GIOVANNI ILARIONE;23070
Centro;Lazio;FR;H917;SAN GIOVANNI INCARICO;60064
Nord Ovest;Lombardia;CR;H918;SAN GIOVANNI IN CROCE;19090
Sud;Calabria;CS;H919;SAN GIOVANNI IN FIORE;78119
Sud;Molise;CB;H920;SAN GIOVANNI IN GALDO;70066
Nord Est;Emilia-Romagna;RN;H921;SAN GIOVANNI IN MARIGNANO;99017
Isole;Sicilia;CT;H922;SAN GIOVANNI LA PUNTA;87041
Sud;Abruzzo;CH;H923;SAN GIOVANNI LIPIONI;69080
Nord Est;Veneto;VR;H924;SAN GIOVANNI LUPATOTO;23071
Sud;Puglia;FG;H926;SAN GIOVANNI ROTONDO;71046
Sud;Molise;CB;H928;SAN GIULIANO DEL SANNIO;70067
Sud;Molise;CB;H929;SAN GIULIANO DI PUGLIA;70068
Nord Ovest;Lombardia;MI;H930;SAN GIULIANO MILANESE;15195
Sud;Campania;NA;H931;SAN GIUSEPPE VESUVIANO;63068
Isole;Sicilia;PA;H933;SAN GIUSEPPE IATO;82064
Centro;Umbria;PG;H935;SAN GIUSTINO;54044
Nord Ovest;Piemonte;TO;H936;SAN GIUSTO CANAVESE;1246
Centro;Toscana;FI;H937;SAN GODENZO;48039
Nord Est;Veneto;BL;H938;SAN GREGORIO NELLE ALPI;25045
Sud;Campania;CE;H939;SAN GREGORIO MATESE;61076
Isole;Sicilia;CT;H940;SAN GREGORIO DI CATANIA;87042
Sud;Calabria;VV;H941;SAN GREGORIO D'IPPONA;102034
Centro;Lazio;RM;H942;SAN GREGORIO DA SASSOLA;58095
Sud;Campania;SA;H943;SAN GREGORIO MAGNO;65120
Nord Est;Veneto;VR;H944;SANGUINETTO;23072
Nord Est;Emilia-Romagna;BO;H945;SAN LAZZARO DI SAVENA;37054
Nord Est;Emilia-Romagna;RN;H949;SAN LEO;99025
Nord Est;Friuli- Venezia Giulia;UD;H951;SAN LEONARDO;30102
Sud;Campania;BN;H953;SAN LEUCIO DEL SANNIO;62060
Sud;Campania;BN;H955;SAN LORENZELLO;62061
Nord Ovest;Liguria;IM;H957;SAN LORENZO AL MARE;8054
Centro;Marche;PS;H958;SAN LORENZO IN CAMPO;41054
Sud;Calabria;RC;H959;SAN LORENZO;80073
Sud;Calabria;CS;H961;SAN LORENZO BELLIZZI;78120
Sud;Calabria;CS;H962;SAN LORENZO DEL VALLO;78121
Sud;Campania;BN;H967;SAN LORENZO MAGGIORE;62062
Centro;Lazio;VT;H969;SAN LORENZO NUOVO;56047
Sud;Calabria;RC;H970;SAN LUCA;80074
Sud;Calabria;CS;H971;SAN LUCIDO;78122
Sud;Campania;BN;H973;SAN LUPO;62063
Isole;Sardegna;CA;H974;SANLURI;111067
Sud;Campania;AV;H975;SAN MANGO SUL CALORE;64082
Sud;Calabria;CZ;H976;SAN MANGO D`AQUINO;79110
Sud;Campania;SA;H977;SAN MANGO PIEMONTE;65121
Sud;Campania;CE;H978;SAN MARCELLINO;61077
Centro;Marche;AN;H979;SAN MARCELLO;42041
Sud;Calabria;CS;H981;SAN MARCO ARGENTANO;78123
Isole;Sicilia;ME;H982;SAN MARCO D`ALUNZIO;83079
Sud;Campania;BN;H984;SAN MARCO DEI CAVOTI;62064
Sud;Puglia;FG;H985;SAN MARCO IN LAMIS;71047
Sud;Puglia;FG;H986;SAN MARCO LA CATOLA;71048
Nord Ovest;Piemonte;AT;H987;SAN MARTINO ALFIERI;5099
Sud;Molise;CB;H990;SAN MARTINO IN PENSILIS;70069
Sud;Abruzzo;CH;H991;SAN MARTINO S MARRUCINA;69082
Sud;Calabria;CS;H992;SAN MARTINO DI FINITA;78124
Sud;Basilicata;PZ;H994;SAN MARTINO D`AGRI;76077
Nord Est;Veneto;RO;H996;SAN MARTINO DI VENEZZE;29044
Nord Ovest;Piemonte;TO;H997;SAN MARTINO CANAVESE;1247
Nord Est;Friuli- Venezia Giulia;PN;H999;SAN MARTINO AL TAGLIAMENTO;93039
Sud;Campania;BN;I002;SAN MARTINO SANNITA;62065
Nord Est;Veneto;VR;I003;S MARTINO BUON ALBERGO;23073
Nord Ovest;Lombardia;MN;I005;SAN MARTINO DALL`ARGINE;20059
Nord Ovest;Lombardia;CR;I007;SAN MARTINO DEL LAGO;19091
Nord Est;Veneto;PD;I008;SAN MARTINO DI LUPARI;28077
Nord Est;Emilia-Romagna;RE;I011;SAN MARTINO IN RIO;35037
Nord Ovest;Lombardia;LO;I012;SAN MARTINO IN STRADA;98048
Nord Ovest;Lombardia;PV;I014;SAN MARTINO SICCOMARIO;18137
Sud;Campania;AV;I016;S MARTINO VALLE CAUDINA;64083
Nord Ovest;Piemonte;AT;I017;SAN MARZANO OLIVETO;5100
Sud;Puglia;TA;I018;S MARZANO DI S GIUSEPPE;73025
Sud;Campania;SA;I019;SAN MARZANO SUL SARNO;65122
Sud;Molise;CB;I023;SAN MASSIMO;70070
Nord Ovest;Piemonte;TO;I024;SAN MAURIZIO CANAVESE;1248
Nord Ovest;Piemonte;NO;I025;SAN MAURIZIO D OPAGLIO;3133
Sud;Calabria;KR;I026;SAN MAURO MARCHESATO;101020
Nord Est;Emilia-Romagna;FO;I027;SAN MAURO PASCOLI;40041
Isole;Sicilia;PA;I028;SAN MAURO CASTELVERDE;82065
Sud;Basilicata;MT;I029;SAN MAURO FORTE;77026
Nord Ovest;Piemonte;TO;I030;SAN MAURO TORINESE;1249
Sud;Campania;SA;I031;SAN MAURO CILENTO;65123
Sud;Campania;SA;I032;SAN MAURO LA BRUCA;65124
Sud;Campania;AV;I034;SAN MICHELE DI SERINO;64084
Isole;Sicilia;CT;I035;SAN MICHELE DI GANZARIA;87043
Nord Ovest;Piemonte;CN;I037;SAN MICHELE MONDOVI`;4210
Nord Est;Veneto;VE;I040;S MICHELE TAGLIAMENTO;27034
Sud;Puglia;BR;I045;SAN MICHELE SALENTINO;74014
Centro;Toscana;PI;I046;SAN MINIATO;50032
Nord Ovest;Lombardia;PV;I048;SANNAZZARO DE` BURGONDI;18138
Sud;Campania;BN;I049;SAN NAZZARO;62066
Nord Ovest;Lombardia;CO;I051;S NAZZARO VAL CAVARGNA;13207
Nord Ovest;Piemonte;NO;I052;SAN NAZZARO SESIA;3134
Sud;Puglia;BA;I053;SANNICANDRO DI BARI;72040
Sud;Puglia;FG;I054;SANNICANDRO GARGANICO;71049
Sud;Campania;CE;I056;SAN NICOLA LA STRADA;61078
Sud;Calabria;KR;I057;SAN NICOLA DELL`ALTO;101021
Sud;Calabria;VV;I058;SAN NICOLA DA CRISSA;102035
Sud;Puglia;LE;I059;SANNICOLA;75070
Sud;Calabria;CS;I060;SAN NICOLA ARCELLA;78125
Sud;Campania;AV;I061;SAN NICOLA BARONIA;64085
Sud;Campania;BN;I062;SAN NICOLA MANFREDI;62067
Nord Est;Veneto;BL;I063;SAN NICOLO` DI COMELICO;25046
Sud;Puglia;BR;I066;SAN PANCRAZIO SALENTINO;74015
Centro;Marche;AN;I071;SAN PAOLO DI JESI;42042
Sud;Puglia;FG;I072;SAN PAOLO DI CIVITATE;71050
Sud;Campania;NA;I073;SAN PAOLO BEL SITO;63069
Nord Ovest;Piemonte;AT;I076;SAN PAOLO SOLBRITO;5101
Nord Ovest;Lombardia;BG;I079;SAN PELLEGRINO TERME;16190
Isole;Sicilia;ME;I084;SAN PIER NICETO;83080
Isole;Sicilia;ME;I086;SAN PIERO PATTI;83081
Nord Est;Veneto;BL;I088;SAN PIETRO DI CADORE;25047
Sud;Campania;SA;I089;SAN PIETRO AL TANAGRO;65125
Nord Ovest;Piemonte;TO;I090;SAN PIETRO VAL LEMINA;1250
Nord Est;Friuli- Venezia Giulia;UD;I092;SAN PIETRO AL NATISONE;30103
Sud;Calabria;CZ;I093;SAN PIETRO A MAIDA;79114
Sud;Calabria;CZ;I095;SAN PIETRO APOSTOLO;79115
Sud;Molise;IS;I096;SAN PIETRO AVELLANA;94043
Isole;Sicilia;CT;I098;SAN PIETRO CLARENZA;87044
Sud;Calabria;RC;I102;SAN PIETRO DI CARIDA`;80075
Nord Est;Veneto;TV;I103;SAN PIETRO DI FELETTO;26073
Nord Est;Veneto;VR;I105;SAN PIETRO DI MORUBIO;23075
Nord Est;Veneto;PD;I107;SAN PIETRO IN GU;28078
Sud;Calabria;CS;I108;SAN PIETRO IN AMANTEA;78126
Nord Est;Veneto;VR;I109;SAN PIETRO IN CARIANO;23076
Nord Est;Emilia-Romagna;BO;I110;SAN PIETRO IN CASALE;37055
Sud;Campania;CE;I113;SAN PIETRO INFINE;61079
Sud;Calabria;CS;I114;SAN PIETRO IN GUARANO;78127
Sud;Puglia;LE;I115;SAN PIETRO IN LAMA;75071
Nord Ovest;Piemonte;NO;I116;SAN PIETRO MOSEZZO;3135
Nord Est;Veneto;VI;I117;SAN PIETRO MUSSOLINO;24094
Isole;Sardegna;CA;I118;VILLA SAN PIETRO;92099
Sud;Puglia;BR;I119;SAN PIETRO VERNOTICO;74016
Nord Est;Veneto;PD;I120;SAN PIETRO VIMINARIO;28079
Sud;Abruzzo;AQ;I121;SAN PIO DELLE CAMERE;66088
Sud;Molise;CB;I122;SAN POLO MATESE;70071
Nord Est;Emilia-Romagna;RE;I123;SAN POLO D`ENZA;35038
Nord Est;Veneto;TV;I124;SAN POLO DI PIAVE;26074
Centro;Lazio;RM;I125;SAN POLO DEI CAVALIERI;58096
Nord Ovest;Piemonte;TO;I126;SAN PONSO;1251
Nord Est;Emilia-Romagna;MO;I128;SAN POSSIDONIO;36038
Sud;Campania;AV;I129;SAN POTITO ULTRA;64086
Sud;Campania;CE;I130;SAN POTITO SANNITICO;61080
Sud;Campania;CE;I131;SAN PRISCO;61081
Sud;Calabria;RC;I132;SAN PROCOPIO;80076
Nord Est;Emilia-Romagna;MO;I133;SAN PROSPERO;36039
Centro;Toscana;SI;I135;SAN QUIRICO D ORCIA;52030
Nord Est;Friuli- Venezia Giulia;PN;I136;SAN QUIRINO;93040
Nord Ovest;Piemonte;TO;I137;SAN RAFFAELE CIMENA;1252
Nord Ovest;Liguria;IM;I138;SAN REMO;8055
Sud;Calabria;RC;I139;SAN ROBERTO;80077
Nord Ovest;Lombardia;LO;I140;SAN ROCCO AL PORTO;98049
Centro;Toscana;LU;I142;SAN ROMANO GARFAGNANA;46027
Sud;Campania;SA;I143;SAN RUFO;65126
Nord Ovest;Piemonte;AL;I144;S SALVATORE MONFERRATO;6154
Sud;Campania;BN;I145;SAN SALVATORE TELESINO;62068
Isole;Sicilia;ME;I147;S SALVATORE DI FITALIA;83082
Sud;Abruzzo;CH;I148;SAN SALVO;69083
Nord Ovest;Piemonte;AL;I150;SAN SEBASTIANO CURONE;6155
Sud;Campania;NA;I151;S SEBASTIANO AL VESUVIO;63070
Nord Ovest;Piemonte;TO;I152;SAN SEBASTIANO DA PO;1253
Nord Est;Emilia-Romagna;PR;I153;SAN SECONDO PARMENSE;34033
Nord Ovest;Piemonte;TO;I154;SAN SECONDO DI PINEROLO;1254
Centro;Toscana;AR;I155;SAN SEPOLCRO;51034
Centro;Marche;MC;I156;SAN SEVERINO MARCHE;43047
Sud;Basilicata;PZ;I157;SAN SEVERINO LUCANO;76078
Sud;Puglia;FG;I158;SAN SEVERO;71051
Nord Ovest;Lombardia;CO;I162;SAN SIRO;13248
Sud;Campania;AV;I163;SAN SOSSIO BARONIA;64087
Sud;Calabria;CZ;I164;SAN SOSTENE;79116
Sud;Calabria;CS;I165;SAN SOSTI;78128
Isole;Sardegna;CA;I166;SAN SPERATE;111065
Nord Ovest;Lombardia;BG;I168;SANTA BRIGIDA;16191
Isole;Sicilia;CL;I169;S CATERINA VILLARMOSA;85017
Sud;Calabria;CZ;I170;S CATERINA DELLO IONIO;79117
Sud;Calabria;CS;I171;SANTA CATERINA ALBANESE;78129
Sud;Puglia;LE;I172;SANTA CESAREA TERME;75072
Isole;Sicilia;PA;I174;SANTA CRISTINA GELA;82066
Nord Ovest;Lombardia;PV;I175;S.CRISTINA E BISSONE;18139
Sud;Calabria;RC;I176;S CRISTINA D`ASPROMONTE;80078
Centro;Toscana;PI;I177;SANTA CROCE SULL`ARNO;50033
Isole;Sicilia;RG;I178;SANTA CROCE CAMERINA;88010
Sud;Campania;BN;I179;SANTA CROCE DEL SANNIO;62069
Sud;Molise;CB;I181;SANTA CROCE DI MAGLIANO;70072
Isole;Sardegna;CA;I182;SANTADI;111068
Sud;Calabria;CS;I183;SANTA DOMENICA TALAO;78130
Isole;Sicilia;ME;I184;SANTA DOMENICA VITTORIA;83083
Isole;Sicilia;AG;I185;SANTA ELISABETTA;84037
Centro;Toscana;GR;I187;SANTA FIORA;53022
Isole;Sicilia;PA;I188;SANTA FLAVIA;82067
Sud;Molise;IS;I189;SANT`AGAPITO;94044
Nord Ovest;Piemonte;AL;I190;SANT`AGATA FOSSILI;6156
Nord Est;Emilia-Romagna;BO;I191;SANT`AGATA BOLOGNESE;37056
Sud;Calabria;CS;I192;SANT`AGATA DI ESARO;78131
Sud;Puglia;FG;I193;SANT`AGATA DI PUGLIA;71052
Nord Est;Emilia-Romagna;RA;I196;SANT`AGATA SUL SANTERNO;39017
Sud;Campania;BN;I197;SANT`AGATA DE` GOTI;62070
Sud;Calabria;RC;I198;SANT`AGATA DEL BIANCO;80079
Isole;Sicilia;ME;I199;SANT`AGATA DI MILITELLO;83084
Nord Est;Emilia-Romagna;RN;I201;SANT`AGATA FELTRIA;99026
Isole;Sicilia;CT;I202;SANT`AGATA LI BATTIATI;87045
Nord Ovest;Lombardia;PV;I203;SANTA GIULETTA;18140
Isole;Sardegna;OR;I205;SANTA GIUSTA;95047
Nord Est;Veneto;BL;I206;SANTA GIUSTINA;25048
Nord Est;Veneto;PD;I207;SANTA GIUSTINA IN COLLE;28080
Sud;Campania;NA;I208;SANT`AGNELLO;63071
Nord Ovest;Piemonte;CN;I210;SANT`ALBANO STURA;4211
Nord Ovest;Lombardia;PV;I213;S.ALESSIO CON VIALONE;18141
Sud;Calabria;RC;I214;S ALESSIO IN ASPROMONTE;80080
Isole;Sicilia;ME;I215;SANT`ALESSIO SICULO;83085
Isole;Sicilia;CT;I216;SANT`ALFIO;87046
Centro;Toscana;PI;I217;SANTA LUCE;50034
Sud;Campania;AV;I219;SANTA LUCIA DI SERINO;64088
Isole;Sicilia;ME;I220;SANTA LUCIA DEL MELA;83086
Nord Est;Veneto;TV;I221;SANTA LUCIA DI PIAVE;26075
Isole;Sicilia;AG;I224;S MARGHERITA DI BELICE;84038
Nord Ovest;Liguria;GE;I225;SANTA MARGHERITA LIGURE;10054
Nord Ovest;Lombardia;PV;I230;S.MARGHERITA STAFFORA;18142
Centro;Toscana;PI;I232;SANTA MARIA A MONTE;50035
Sud;Campania;CE;I233;SANTA MARIA A VICO;61082
Sud;Campania;CE;I234;S MARIA CAPUA VETERE;61083
Nord Ovest;Lombardia;PV;I236;TRAVACO SICCOMARIO;18162
Nord Ovest;Lombardia;PV;I237;S.MARIA DELLA VERSA;18143
Sud;Molise;IS;I238;SANTA MARIA DEL MOLISE;94045
Isole;Sicilia;CT;I240;SANTA MARIA DI LICODIA;87047
Nord Est;Veneto;VE;I242;SANTA MARIA DI SALA;27035
Nord Ovest;Lombardia;LC;I243;SANTA MARIA HOE`;97074
Sud;Abruzzo;CH;I244;SANTA MARIA IMBARO;69084
Sud;Campania;CE;I247;SANTA MARIA LA FOSSA;61084
Nord Est;Friuli- Venezia Giulia;UD;I248;SANTA MARIA LA LONGA;30104
Nord Ovest;Piemonte;VB;I249;SANTA MARIA MAGGIORE;103062
Centro;Marche;AN;I251;SANTA MARIA NUOVA;42043
Sud;Campania;SA;I253;SANTA MARINA;65127
Isole;Sicilia;ME;I254;SANTA MARINA SALINA;83087
Centro;Lazio;RM;I255;SANTA MARINELLA;58097
Centro;Lazio;FR;I256;S AMBROGIO S GARIGLIANO;60065
Nord Ovest;Piemonte;TO;I258;SANT`AMBROGIO DI TORINO;1255
Nord Est;Veneto;VR;I259;S AMBROGIO VALPOLICELLA;23077
Sud;Campania;SA;I260;SANTOMENNA;65131
Sud;Campania;CE;I261;SAN TAMMARO;61085
Sud;Campania;NA;I262;SANT`ANASTASIA;63072
Centro;Umbria;PG;I263;SANT`ANATOLIA DI NARCO;54045
Sud;Campania;AV;I264;SANT`ANDREA DI CONZA;64089
Centro;Lazio;FR;I265;S ANDREA DEL GARIGLIANO;60066
Sud;Calabria;CZ;I266;S ANDREA APOSTOLO IONIO;79118
Isole;Sardegna;CA;I271;SANT`ANDREA FRIUS;111069
Sud;Campania;CE;I273;SANT`ANGELO D`ALIFE;61086
Nord Ovest;Lombardia;LO;I274;SANT`ANGELO LODIGIANO;98050
Nord Est;Veneto;PD;I275;S ANGELO D PIOVE D SACC;28082
Nord Ovest;Lombardia;PV;I276;SANT`ANGELO LOMELLINA;18144
Sud;Campania;BN;I277;SANT`ANGELO A CUPOLO;62071
Sud;Campania;SA;I278;SANT`ANGELO A FASANELLA;65128
Sud;Campania;AV;I279;SANT`ANGELO ALL`ESCA;64090
Sud;Campania;AV;I280;SANT`ANGELO A SCALA;64091
Sud;Campania;AV;I281;S ANGELO DEI LOMBARDI;64092
Sud;Molise;IS;I282;SANT`ANGELO DEL PESCO;94046
Isole;Sicilia;ME;I283;SANT`ANGELO DI BROLO;83088
Centro;Lazio;RM;I284;SANT`ANGELO ROMANO;58098
Centro;Marche;MC;I286;SANT`ANGELO IN PONTANO;43048
Centro;Marche;PS;I287;SANT`ANGELO IN VADO;41057
Sud;Basilicata;PZ;I288;SANT`ANGELO LE FRATTE;76079
Sud;Molise;CB;I289;SANT`ANGELO LIMOSANO;70073
Isole;Sicilia;AG;I290;SANT`ANGELO MUXARO;84039
Isole;Sicilia;TP;I291;SANTA NINFA;81019
Nord Est;Veneto;VR;I292;SANT`ANNA D`ALFAEDO;23078
Sud;Campania;NA;I293;SANT`ANTIMO;63073
Isole;Sardegna;CA;I294;SANT`ANTIOCO;111071
Nord Ovest;Piemonte;TO;I296;SANT`ANTONINO DI SUSA;1256
Isole;Sardegna;OR;I298;SANT`ANTONIO RUINAS;95048
Sud;Campania;NA;I300;SANT`ANTONIO ABATE;63074
Sud;Campania;AV;I301;SANTA PAOLINA;64093
Centro;Lazio;FR;I302;SANT`APOLLINARE;60067
Nord Est;Emilia-Romagna;RN;I304;SANTARCANGELO DI ROMAGNA;99018
Sud;Basilicata;PZ;I305;SANT`ARCANGELO;76080
Sud;Campania;CE;I306;SANT`ARPINO;61087
Sud;Campania;SA;I307;SANT`ARSENIO;65129
Sud;Calabria;KR;I308;SANTA SEVERINA;101022
Sud;Calabria;CS;I309;SANTA SOFIA D`EPIRO;78133
Nord Est;Emilia-Romagna;FO;I310;SANTA SOFIA;40043
Isole;Sicilia;ME;I311;SANTA TERESA DI RIVA;83089
Isole;Sardegna;SS;I312;SANTA TERESA GALLURA;90063
Isole;Sicilia;CT;I314;SANTA VENERINA;87048
Centro;Marche;AP;I315;S VITTORIA IN MATENANO;109036
Nord Ovest;Piemonte;CN;I316;SANTA VITTORIA D`ALBA;4212
Sud;Campania;SA;I317;S EGIDIO D MONTE ALBINO;65130
Sud;Abruzzo;TE;I318;S EGIDIO ALLA VIBRATA;67038
Nord Est;Veneto;PD;I319;SANT`ELENA;28083
Sud;Molise;CB;I320;SANT`ELIA A PIANISI;70074
Centro;Lazio;FR;I321;SANT`ELIA FIUMERAPIDO;60068
Sud;Calabria;CZ;I322;VALLEFIORITA;79151
Centro;Marche;AP;I324;SANT`ELPIDIO A MARE;109037
Sud;Abruzzo;AQ;I326;SANTE MARIE;66089
Nord Ovest;Piemonte;TO;I327;SANTENA;1257
Isole;Sicilia;ME;I328;SAN TEODORO;83090
Isole;Sardegna;NU;I329;SAN TEODORO;90092
Sud;Puglia;BA;I330;SANTERAMO IN COLLE;72041
Sud;Abruzzo;PE;I332;SANT`EUFEMIA A MAIELLA;68037
Sud;Calabria;RC;I333;S EUFEMIA D`ASPROMONTE;80081
Sud;Abruzzo;CH;I335;SANT`EUSANIO DEL SANGRO;69085
Sud;Abruzzo;AQ;I336;SANT`EUSANIO FORCONESE;66090
Nord Ovest;Piemonte;VC;I337;SANTHIA`;2133
Centro;Lazio;LT;I339;SANTI COSMA E DAMIANO;59026
Sud;Calabria;RC;I341;SANT`ILARIO DELLO IONIO;80082
Nord Est;Emilia-Romagna;RE;I342;SANT`ILARIO D`ENZA;35039
Centro;Marche;PS;I344;SANT`IPPOLITO;41058
Nord Ovest;Liguria;GE;I346;SANT`OLCESE;10055
Nord Est;Veneto;BL;I347;SAN TOMASO AGORDINO;25049
Sud;Abruzzo;TE;I348;SANT`OMERO;67039
Sud;Calabria;VV;I350;SANT'ONOFRIO;102036
Centro;Lazio;FR;I351;SANTOPADRE;60069
Centro;Lazio;RM;I352;SANT`ORESTE;58099
Nord Est;Veneto;VI;I353;SANTORSO;24095
Isole;Sicilia;AG;I356;SANTO STEFANO QUISQUINA;84040
Sud;Campania;AV;I357;SANTO STEFANO DEL SOLE;64095
Sud;Calabria;CS;I359;S STEFANO DI ROGLIANO;78134
Sud;Abruzzo;AQ;I360;S STEFANO DI SESSANIO;66091
Nord Ovest;Lombardia;MI;I361;SANTO STEFANO TICINO;15200
Nord Ovest;Lombardia;LO;I362;SANTO STEFANO LODIGIANO;98051
Nord Ovest;Liguria;SP;I363;SANTO STEFANO DI MAGRA;11026
Centro;Lazio;FR;I364;VILLA SANTO STEFANO;60090
Nord Ovest;Liguria;IM;I365;SANTO STEFANO AL MARE;8056
Nord Ovest;Piemonte;CN;I367;SANTO STEFANO BELBO;4213
Nord Ovest;Liguria;GE;I368;SANTO STEFANO D`AVETO;10056
Isole;Sicilia;ME;I370;S STEFANO DI CAMASTRA;83091
Sud;Calabria;RC;I371;S STEFANO IN ASPROMONTE;80083
Nord Ovest;Piemonte;CN;I372;SANTO STEFANO ROERO;4214
Nord Est;Veneto;VE;I373;SANTO STINO DI LIVENZA;27036
Isole;Sardegna;OR;I374;SANTU LUSSURGIU;95049
Nord Est;Veneto;PD;I375;SANT`URBANO;28084
Sud;Abruzzo;PE;I376;S VALENTINO ABRUZZO CIT;68038
Sud;Campania;SA;I377;SAN VALENTINO TORIO;65132
Centro;Umbria;TR;I381;SAN VENANZO;55030
Nord Est;Veneto;TV;I382;SAN VENDEMIANO;26076
Isole;Sardegna;OR;I384;SAN VERO MILIS;95050
Sud;Calabria;CS;I388;SAN VINCENZO LA COSTA;78135
Sud;Abruzzo;AQ;I389;S VINCENZO VALLE ROVETO;66092
Centro;Toscana;LI;I390;SAN VINCENZO;49018
Sud;Campania;NA;I391;SAN VITALIANO;63075
Nord Est;Veneto;BL;I392;SAN VITO DI CADORE;25051
Sud;Calabria;CZ;I393;SAN VITO SULLO IONIO;79122
Sud;Abruzzo;CH;I394;SAN VITO CHIETINO;69086
Sud;Puglia;BR;I396;SAN VITO DEI NORMANNI;74017
Centro;Lazio;RM;I400;SAN VITO ROMANO;58100
Nord Est;Veneto;VI;I401;SAN VITO DI LEGUZZANO;24096
Isole;Sardegna;CA;I402;SAN VITO;111066
Nord Est;Friuli- Venezia Giulia;PN;I403;SAN VITO AL TAGLIAMENTO;93041
Nord Est;Friuli- Venezia Giulia;UD;I405;SAN VITO DI FAGAGNA;30106
Isole;Sicilia;TP;I407;SAN VITO LO CAPO;81020
Centro;Lazio;FR;I408;SAN VITTORE DEL LAZIO;60070
Nord Ovest;Lombardia;MI;I409;SAN VITTORE OLONA;15201
Sud;Campania;SA;I410;SANZA;65133
Nord Ovest;Lombardia;BS;I412;SAN ZENO NAVIGLIO;17173
Nord Est;Veneto;VR;I414;SAN ZENO DI MONTAGNA;23079
Nord Ovest;Lombardia;MI;I415;SAN ZENONE AL LAMBRO;15202
Nord Ovest;Lombardia;PV;I416;SAN ZENONE AL PO;18145
Nord Est;Veneto;TV;I417;S ZENONE DEGLI EZZELINI;26077
Nord Est;Veneto;PD;I418;SAONARA;28085
Isole;Sicilia;ME;I420;SAPONARA;83092
Nord Est;Friuli- Venezia Giulia;UD;I421;SAPPADA;30189
Sud;Campania;SA;I422;SAPRI;65134
Sud;Calabria;CS;I423;SARACENA;78136
Centro;Lazio;RM;I424;SARACINESCO;58101
Nord Est;Veneto;VI;I425;SARCEDO;24097
Sud;Basilicata;PZ;I426;SARCONI;76081
Isole;Sardegna;CA;I428;SARDARA;111072
Nord Ovest;Piemonte;AL;I429;SARDIGLIANO;6157
Nord Est;Veneto;VI;I430;SAREGO;24098
Nord Ovest;Piemonte;AL;I432;SAREZZANO;6158
Nord Ovest;Lombardia;BS;I433;SAREZZO;17174
Nord Est;Emilia-Romagna;PC;I434;SARMATO;33042
Nord Est;Veneto;TV;I435;SARMEDE;26078
Centro;Marche;MC;I436;SARNANO;43049
Nord Ovest;Lombardia;BG;I437;SARNICO;16193
Sud;Campania;SA;I438;SARNO;65135
Nord Ovest;Lombardia;VA;I441;SARONNO;12119
Nord Ovest;Valle d'Aosta;AO;I442;SARRE;7066
Isole;Sardegna;CA;I443;SARROCH;92066
Nord Est;Emilia-Romagna;FO;I444;SARSINA;40044
Centro;Toscana;SI;I445;SARTEANO;52031
Nord Ovest;Lombardia;PV;I447;SARTIRANA LOMELLINA;18146
Isole;Sardegna;NU;I448;SARULE;91077
Nord Ovest;Liguria;SP;I449;SARZANA;11027
Sud;Campania;SA;I451;SASSANO;65136
Isole;Sardegna;SS;I452;SASSARI;90064
Nord Ovest;Liguria;SV;I453;SASSELLO;9055
Centro;Toscana;LI;I454;SASSETTA;49019
Sud;Campania;BN;I455;SASSINORO;62072
Sud;Basilicata;PZ;I457;SASSO DI CASTALDA;76082
Nord Est;Emilia-Romagna;RN;I460;SASSOFELTRIO;41060
Centro;Marche;AN;I461;SASSOFERRATO;42044
Nord Est;Emilia-Romagna;MO;I462;SASSUOLO;36040
Sud;Calabria;CZ;I463;SATRIANO;79123
Nord Est;Friuli- Venezia Giulia;UD;I464;SAURIS;30107
Nord Ovest;Piemonte;TO;I465;SAUZE DI CESANA;1258
Nord Ovest;Piemonte;TO;I466;SAUZE D`OULX;1259
Sud;Puglia;TA;I467;SAVA;73026
Sud;Calabria;KR;I468;SAVELLI;101023
Sud;Campania;NA;I469;SAVIANO;63076
Nord Ovest;Piemonte;CN;I470;SAVIGLIANO;4215
Sud;Campania;AV;I471;SAVIGNANO IRPINO;64096
Nord Est;Emilia-Romagna;FO;I472;SAVIGNANO SUL RUBICONE;40045
Nord Est;Emilia-Romagna;MO;I473;SAVIGNANO SUL PANARO;36041
Nord Ovest;Liguria;GE;I475;SAVIGNONE;10057
Nord Ovest;Lombardia;BS;I476;SAVIORE DELL`ADAMELLO;17175
Isole;Sicilia;ME;I477;SAVOCA;83093
Nord Est;Friuli- Venezia Giulia;UD;I478;SAVOGNA;30108
Nord Ovest;Liguria;SV;I480;SAVONA;9056
Sud;Abruzzo;PE;I482;SCAFA;68039
Sud;Campania;SA;I483;SCAFATI;65137
Nord Ovest;Piemonte;CN;I484;SCAGNELLO;4216
Sud;Calabria;CS;I485;SCALA COELI;78137
Sud;Campania;SA;I486;SCALA;65138
Nord Ovest;Lombardia;PV;I487;SCALDASOLE;18147
Sud;Calabria;CS;I489;SCALEA;78138
Nord Ovest;Piemonte;TO;I490;SCALENGHE;1260
Isole;Sicilia;ME;I492;SCALETTA ZANCLEA;83094
Sud;Campania;AV;I493;SCAMPITELLA;64097
Sud;Calabria;KR;I494;SCANDALE;101024
Nord Est;Emilia-Romagna;RE;I496;SCANDIANO;35040
Nord Ovest;Lombardia;CR;I497;SCANDOLARA RAVARA;19092
Nord Ovest;Lombardia;CR;I498;SCANDOLARA RIPA D`OGLIO;19093
Centro;Lazio;RI;I499;SCANDRIGLIA;57064
Sud;Abruzzo;AQ;I501;SCANNO;66093
Isole;Sardegna;OR;I503;SCANO DI MONTIFERRO;95051
Centro;Toscana;GR;I504;SCANSANO;53023
Nord Ovest;Lombardia;BG;I506;SCANZOROSCIATE;16194
Sud;Molise;IS;I507;SCAPOLI;94048
Centro;Toscana;GR;I510;SCARLINO;53024
Nord Ovest;Piemonte;TO;I511;SCARMAGNO;1261
Nord Ovest;Piemonte;CN;I512;SCARNAFIGI;4217
Sud;Abruzzo;CH;I520;SCERNI;69087
Centro;Umbria;PG;I522;SCHEGGIA E PASCELUPO;54046
Centro;Umbria;PG;I523;SCHEGGINO;54047
Sud;Abruzzo;CH;I526;SCHIAVI DI ABRUZZO;69088
Nord Est;Veneto;VI;I527;SCHIAVON;24099
Nord Ovest;Lombardia;CO;I529;SCHIGNANO;13211
Nord Ovest;Lombardia;BG;I530;SCHILPARIO;16195
Nord Est;Veneto;VI;I531;SCHIO;24100
Nord Ovest;Lombardia;MN;I532;SCHIVENOGLIA;20060
Isole;Sicilia;AG;I533;SCIACCA;84041
Isole;Sicilia;PA;I534;SCIARA;82068
Isole;Sicilia;RG;I535;SCICLI;88011
Sud;Calabria;RC;I536;SCIDO;80084
Sud;Calabria;RC;I537;SCILLA;80085
Isole;Sicilia;PA;I538;SCILLATO;82081
Nord Ovest;Piemonte;TO;I539;SCIOLZE;1262
Sud;Campania;NA;I540;SCISCIANO;63077
Isole;Sicilia;PA;I541;SCLAFANI BAGNI;82069
Sud;Abruzzo;AQ;I543;SCONTRONE;66094
Nord Ovest;Piemonte;VC;I544;SCOPA;2134
Nord Ovest;Piemonte;VC;I545;SCOPELLO;2135
Sud;Abruzzo;AQ;I546;SCOPPITO;66095
Isole;Sicilia;CT;I548;SCORDIA;87049
Sud;Puglia;LE;I549;SCORRANO;75073
Nord Est;Veneto;VE;I551;SCORZE`;27037
Sud;Abruzzo;AQ;I553;SCURCOLA MARSICANA;66096
Nord Ovest;Piemonte;AT;I555;SCURZOLENGO;5103
Nord Ovest;Liguria;IM;I556;SEBORGA;8057
Sud;Abruzzo;AQ;I558;SECINARO;66097
Sud;Puglia;LE;I559;SECLI';75074
Nord Ovest;Lombardia;LO;I561;SECUGNAGO;98052
Nord Est;Friuli- Venezia Giulia;UD;I562;SEDEGLIANO;30109
Nord Est;Veneto;BL;I563;SEDICO;25053
Isole;Sardegna;OR;I564;SEDILO;95052
Isole;Sardegna;SS;I565;SEDINI;90065
Nord Ovest;Lombardia;MI;I566;SEDRIANO;15204
Nord Ovest;Lombardia;BG;I567;SEDRINA;16196
Centro;Marche;MC;I569;SEFRO;43050
Isole;Sardegna;CA;I570;SEGARIU;111073
Centro;Toscana;GR;I571;SEGGIANO;53025
Centro;Lazio;RM;I573;SEGNI;58102
Nord Ovest;Lombardia;MI;I577;SEGRATE;15205
Nord Est;Veneto;TV;I578;SEGUSINO;26079
Isole;Sardegna;CA;I580;SELARGIUS;92068
Centro;Lazio;RI;I581;SELCI;57065
Isole;Sardegna;CA;I582;SELEGAS;111074
Centro;Umbria;PG;I585;SELLANO;54048
Nord Ovest;Lombardia;BS;I588;SELLERO;17176
Sud;Calabria;CZ;I589;SELLIA;79126
Sud;Calabria;CZ;I590;SELLIA MARINA;79127
Nord Est;Veneto;BL;I592;SELVA DI CADORE;25054
Nord Est;Veneto;VR;I594;SELVA DI PROGNO;23080
Nord Est;Veneto;PD;I595;SELVAZZANO DENTRO;28086
Nord Ovest;Lombardia;BG;I597;SELVINO;16197
Isole;Sardegna;SS;I598;SEMESTENE;90066
Nord Ovest;Lombardia;PV;I599;SEMIANA;18148
Sud;Calabria;RC;I600;SEMINARA;80086
Centro;Toscana;GR;I601;SEMPRONIANO;53028
Nord Ovest;Lombardia;MI;I602;SENAGO;15206
Isole;Sardegna;OR;I605;SENEGHE;95053
Sud;Campania;AV;I606;SENERCHIA;64098
Nord Ovest;Lombardia;BS;I607;SENIGA;17177
Centro;Marche;AN;I608;SENIGALLIA;42045
Isole;Sardegna;OR;I609;SENIS;95054
Sud;Basilicata;PZ;I610;SENISE;76085
Nord Ovest;Lombardia;CO;I611;SENNA COMASCO;13212
Nord Ovest;Lombardia;LO;I612;SENNA LODIGIANA;98053
Isole;Sardegna;OR;I613;SENNARIOLO;95055
Isole;Sardegna;SS;I614;SENNORI;90067
Isole;Sardegna;CA;I615;SENORBI`;111075
Sud;Molise;CB;I618;SEPINO;70075
Nord Est;Friuli- Venezia Giulia;PN;I621;SEQUALS;93042
Centro;Toscana;LU;I622;SERAVEZZA;46028
Isole;Sardegna;CA;I624;SERDIANA;111076
Nord Ovest;Lombardia;MI;I625;SEREGNO;108039
Nord Est;Veneto;BL;I626;SEREN DEL GRAPPA;25055
Nord Ovest;Lombardia;CR;I627;SERGNANO;19094
Nord Ovest;Lombardia;BG;I628;SERIATE;16198
Nord Ovest;Lombardia;BG;I629;SERINA;16199
Sud;Campania;AV;I630;SERINO;64099
Nord Ovest;Lombardia;BS;I631;SERLE;17178
Nord Ovest;Lombardia;MN;I632;SERMIDE E FELONICA;20061
Nord Ovest;Lombardia;BS;I633;SIRMIONE;17179
Centro;Lazio;LT;I634;SERMONETA;59027
Nord Est;Veneto;TV;I635;SERNAGLIA D BATTAGLIA;26080
Nord Ovest;Lombardia;SO;I636;SERNIO;14059
Nord Ovest;Piemonte;AT;I637;SEROLE;5104
Sud;Calabria;VV;I639;SERRA SAN BRUNO;102037
Nord Ovest;Liguria;GE;I640;SERRA RICCO`;10058
Sud;Puglia;FG;I641;SERRACAPRIOLA;71053
Sud;Calabria;CS;I642;SERRA D`AIELLO;78140
Centro;Marche;AN;I643;SERRA DE` CONTI;42046
Isole;Sicilia;CL;I644;SERRADIFALCO;85018
Nord Ovest;Piemonte;AL;I645;SERRALUNGA DI CREA;6159
Nord Ovest;Piemonte;CN;I646;SERRALUNGA D`ALBA;4218
Isole;Sardegna;CA;I647;SERRAMANNA;111077
Sud;Campania;SA;I648;SERRAMEZZANA;65139
Sud;Abruzzo;PE;I649;SERRAMONACESCA;68040
Centro;Marche;MC;I651;SERRAPETRONA;43051
Sud;Campania;NA;I652;SERRARA FONTANA;63078
Centro;Marche;AN;I653;SERRA SAN QUIRICO;42047
Centro;Marche;PS;I654;SERRA SANT`ABBONDIO;41061
Sud;Calabria;CZ;I655;SERRASTRETTA;79129
Sud;Calabria;RC;I656;SERRATA;80087
Nord Ovest;Piemonte;AL;I657;SERRAVALLE SCRIVIA;6160
Nord Ovest;Piemonte;CN;I659;SERRAVALLE LANGHE;4219
Centro;Toscana;PT;I660;SERRAVALLE PISTOIESE;47020
Centro;Marche;MC;I661;SERRAVALLE DI CHIENTI;43052
Nord Ovest;Lombardia;MN;I662;SERRAVALLE A PO;20062
Nord Ovest;Piemonte;VC;I663;SERRAVALLE SESIA;2137
Sud;Campania;SA;I666;SERRE;65140
Isole;Sardegna;CA;I667;SERRENTI;111078
Isole;Sardegna;NU;I668;SERRI;111079
Centro;Lazio;FR;I669;SERRONE;60071
Sud;Calabria;CZ;I671;SERSALE;79130
Nord Est;Veneto;BL;I673;SOVRAMONTE;25058
Sud;Campania;CE;I676;SESSA AURUNCA;61088
Sud;Campania;SA;I677;SESSA CILENTO;65141
Nord Ovest;Piemonte;AT;I678;SESSAME;5105
Sud;Molise;IS;I679;SESSANO DEL MOLISE;94049
Centro;Toscana;AR;I681;SESTINO;51035
Sud;Molise;IS;I682;SESTO CAMPANO;94050
Nord Ovest;Lombardia;CR;I683;SESTO ED UNITI;19095
Centro;Toscana;FI;I684;SESTO FIORENTINO;48043
Nord Est;Friuli- Venezia Giulia;PN;I686;SESTO AL REGHENA;93043
Nord Ovest;Lombardia;VA;I688;SESTO CALENDE;12120
Nord Est;Emilia-Romagna;MO;I689;SESTOLA;36043
Nord Ovest;Lombardia;MI;I690;SESTO SAN GIOVANNI;15209
Nord Ovest;Piemonte;TO;I692;SESTRIERE;1263
Nord Ovest;Liguria;GE;I693;SESTRI LEVANTE;10059
Isole;Sardegna;CA;I695;SESTU;92074
Nord Ovest;Lombardia;MI;I696;SETTALA;15210
Centro;Lazio;FR;I697;SETTEFRATI;60072
Nord Ovest;Piemonte;AT;I698;SETTIME;5106
Isole;Sardegna;CA;I699;SETTIMO SAN PIETRO;92075
Nord Ovest;Lombardia;MI;I700;SETTIMO MILANESE;15211
Nord Ovest;Piemonte;TO;I701;SETTIMO ROTTARO;1264
Nord Ovest;Piemonte;TO;I702;SETTIMO VITTONE;1266
Nord Ovest;Piemonte;TO;I703;SETTIMO TORINESE;1265
Sud;Calabria;CZ;I704;SETTINGIANO;79131
Isole;Sardegna;CA;I705;SETZU;111080
Isole;Sardegna;NU;I706;SEUI;111081
Isole;Sardegna;NU;I707;SEULO;111082
Nord Ovest;Lombardia;MI;I709;SEVESO;108040
Nord Ovest;Piemonte;AL;I711;SEZZADIO;6161
Centro;Lazio;LT;I712;SEZZE;59028
Centro;Lazio;FR;I716;SGURGOLA;60073
Isole;Sardegna;OR;I717;SIAMAGGIORE;95056
Isole;Sardegna;OR;I718;SIAMANNA;95057
Sud;Campania;SA;I720;SIANO;65142
Isole;Sardegna;OR;I721;SIAPICCIA;95076
Isole;Sicilia;AG;I723;SICULIANA;84042
Isole;Sardegna;CA;I724;SIDDI;111083
Sud;Calabria;RC;I725;SIDERNO;80088
Centro;Toscana;SI;I726;SIENA;52032
Centro;Umbria;PG;I727;SIGILLO;54049
Centro;Toscana;FI;I728;SIGNA;48044
Isole;Sardegna;NU;I730;SILANUS;91083
Isole;Sardegna;SS;I732;SILIGO;90068
Isole;Sardegna;CA;I734;SILIQUA;111084
Isole;Sardegna;CA;I735;SILIUS;111085
Nord Ovest;Piemonte;NO;I736;SILLAVENGO;3138
Nord Ovest;Piemonte;AL;I738;SILVANO D`ORBA;6162
Nord Ovest;Lombardia;PV;I739;SILVANO PIETRA;18149
Sud;Abruzzo;TE;I741;SILVI;67040
Isole;Sardegna;OR;I742;SIMALA;95058
Isole;Sardegna;OR;I743;SIMAXIS;95059
Sud;Calabria;VV;I744;SIMBARIO;102038
Sud;Calabria;CZ;I745;SIMERI CRICHI;79133
Isole;Sicilia;ME;I747;SINAGRA;83095
Isole;Sardegna;NU;I748;SINDIA;91084
Isole;Sardegna;OR;I749;SINI;95060
Nord Ovest;Piemonte;CN;I750;SINIO;4220
Isole;Sardegna;NU;I751;SINISCOLA;91085
Isole;Sardegna;CA;I752;SINNAI;92080
Sud;Calabria;RC;I753;SINOPOLI;80089
Isole;Sicilia;SR;I754;SIRACUSA;89017
Sud;Campania;AV;I756;SIRIGNANO;64100
Isole;Sardegna;OR;I757;SIRIS;95061
Centro;Marche;AN;I758;SIROLO;42048
Nord Ovest;Lombardia;LC;I759;SIRONE;97075
Nord Ovest;Lombardia;LC;I761;SIRTORI;97076
Isole;Sardegna;CA;I765;SIURGUS DONIGALA;111086
Nord Ovest;Piemonte;NO;I767;SIZZANO;3139
Centro;Marche;AP;I774;SMERILLO;109039
Nord Est;Veneto;VR;I775;SOAVE;23081
Nord Est;Friuli- Venezia Giulia;UD;I777;SOCCHIEVE;30110
Isole;Sardegna;OR;I778;SODDI;95078
Nord Est;Emilia-Romagna;FO;I779;SOGLIANO AL RUBICONE;40046
Sud;Puglia;LE;I780;SOGLIANO CAVOUR;75075
Nord Ovest;Piemonte;AT;I781;SOGLIO;5107
Nord Ovest;Lombardia;BS;I782;SOIANO DEL LAGO;17180
Nord Est;Veneto;VI;I783;SOLAGNA;24101
Isole;Sicilia;SR;I785;SOLARINO;89018
Nord Ovest;Lombardia;MI;I786;SOLARO;15213
Nord Est;Emilia-Romagna;RA;I787;SOLAROLO;39018
Nord Ovest;Lombardia;CR;I790;SOLAROLO RAINERIO;19096
Isole;Sardegna;OR;I791;SOLARUSSA;95062
Nord Ovest;Lombardia;VA;I793;SOLBIATE ARNO;12121
Nord Ovest;Lombardia;VA;I794;SOLBIATE OLONA;12122
Nord Ovest;Liguria;IM;I796;SOLDANO;8058
Isole;Sardegna;CA;I797;SOLEMINIS;111087
Nord Ovest;Piemonte;AL;I798;SOLERO;6163
Nord Est;Veneto;PD;I799;SOLESINO;28087
Sud;Puglia;LE;I800;SOLETO;75076
Nord Ovest;Lombardia;MN;I801;SOLFERINO;20063
Nord Est;Emilia-Romagna;MO;I802;SOLIERA;36044
Nord Est;Emilia-Romagna;PR;I803;SOLIGNANO;34035
Sud;Abruzzo;AQ;I804;SULMONA;66098
Sud;Campania;AV;I805;SOLOFRA;64101
Nord Ovest;Piemonte;AL;I808;SOLONGHELLO;6164
Sud;Campania;BN;I809;SOLOPACA;62073
Nord Ovest;Lombardia;BG;I812;SOLTO COLLINA;16200
Nord Ovest;Lombardia;BG;I813;SOLZA;16251
Nord Ovest;Lombardia;LO;I815;SOMAGLIA;98054
Nord Ovest;Piemonte;CN;I817;SOMANO;4221
Nord Ovest;Lombardia;VA;I819;SOMMA LOMBARDO;12123
Sud;Campania;NA;I820;SOMMA VESUVIANA;63079
Nord Est;Veneto;VR;I821;SOMMACAMPAGNA;23082
Nord Ovest;Piemonte;CN;I822;SOMMARIVA DEL BOSCO;4222
Nord Ovest;Piemonte;CN;I823;SOMMARIVA PERNO;4223
Isole;Sicilia;CL;I824;SOMMATINO;85019
Nord Ovest;Lombardia;PV;I825;SOMMO;18151
Nord Est;Veneto;VR;I826;SONA;23083
Nord Ovest;Lombardia;CR;I827;SONCINO;19097
Nord Ovest;Lombardia;SO;I828;SONDALO;14060
Nord Ovest;Lombardia;SO;I829;SONDRIO;14061
Nord Ovest;Lombardia;BG;I830;SONGAVAZZO;16201
Nord Ovest;Lombardia;BS;I831;SONICO;17181
Centro;Lazio;LT;I832;SONNINO;59029
Centro;Lazio;FR;I838;SORA;60074
Nord Est;Emilia-Romagna;PR;I840;SORAGNA;34036
Centro;Toscana;GR;I841;SORANO;53026
Sud;Campania;AV;I843;SORBO SERPICO;64102
Sud;Calabria;CZ;I844;SORBO SAN BASILE;79134
Nord Ovest;Piemonte;BI;I847;SORDEVOLO;96063
Nord Ovest;Lombardia;LO;I848;SORDIO;98055
Nord Ovest;Lombardia;CR;I849;SORESINA;19098
Nord Est;Veneto;VR;I850;SORGA`;23084
Isole;Sardegna;NU;I851;SORGONO;91086
Nord Ovest;Liguria;GE;I852;SORI;10060
Sud;Calabria;VV;I853;SORIANELLO;102039
Sud;Calabria;VV;I854;SORIANO CALABRO;102040
Centro;Lazio;VT;I855;SORIANO NEL CIMINO;56048
Nord Ovest;Lombardia;CO;I856;SORICO;13216
Nord Ovest;Piemonte;NO;I857;SORISO;3140
Nord Ovest;Lombardia;BG;I858;SORISOLE;16202
Nord Ovest;Lombardia;CO;I860;SORMANO;13217
Isole;Sardegna;OR;I861;SORRADILE;95063
Sud;Campania;NA;I862;SORRENTO;63080
Isole;Sardegna;SS;I863;SORSO;90069
Isole;Sicilia;SR;I864;SORTINO;89019
Nord Ovest;Lombardia;CR;I865;SOSPIRO;19099
Nord Est;Veneto;BL;I866;SOSPIROLO;25056
Nord Est;Veneto;VI;I867;SOSSANO;24102
Nord Ovest;Piemonte;BI;I868;SOSTEGNO;96064
Nord Ovest;Lombardia;BG;I869;SOTTO IL MONTE G XXIII;16203
Sud;Calabria;CZ;I872;SOVERATO;79137
Nord Ovest;Lombardia;BG;I873;SOVERE;16204
Sud;Calabria;CZ;I874;SOVERIA MANNELLI;79138
Sud;Calabria;CZ;I875;SOVERIA SIMERI;79139
Nord Est;Veneto;BL;I876;SOVERZENE;25057
Centro;Toscana;SI;I877;SOVICILLE;52034
Nord Ovest;Lombardia;MI;I878;SOVICO;108041
Nord Est;Veneto;VI;I879;SOVIZZO;24103
Nord Ovest;Piemonte;NO;I880;SOZZAGO;3141
Isole;Sicilia;ME;I881;SPADAFORA;83096
Sud;Calabria;VV;I884;SPADOLA;102041
Sud;Campania;CE;I885;SPARANISE;61089
Nord Ovest;Piemonte;TO;I886;SPARONE;1267
Sud;Puglia;LE;I887;SPECCHIA;75077
Centro;Umbria;PG;I888;SPELLO;54050
Isole;Sicilia;EN;I891;SPERLINGA;86017
Centro;Lazio;LT;I892;SPERLONGA;59030
Sud;Campania;AV;I893;SPERONE;64103
Nord Ovest;Lombardia;PV;I894;SPESSA;18152
Sud;Calabria;CS;I895;SPEZZANO ALBANESE;78142
Sud;Calabria;CS;I896;SPEZZANO DELLA SILA;78143
Nord Ovest;Piemonte;AL;I901;SPIGNO MONFERRATO;6165
Centro;Lazio;LT;I902;SPIGNO SATURNIA;59031
Nord Est;Emilia-Romagna;MO;I903;SPILAMBERTO;36045
Nord Est;Friuli- Venezia Giulia;PN;I904;SPILIMBERGO;93044
Sud;Calabria;VV;I905;SPILINGA;102042
Nord Ovest;Lombardia;CR;I906;SPINADESCO;19100
Sud;Puglia;BA;I907;SPINAZZOLA;110008
Nord Est;Veneto;VE;I908;SPINEA;27038
Nord Ovest;Lombardia;CR;I909;SPINEDA;19101
Sud;Molise;CB;I910;SPINETE;70076
Nord Ovest;Piemonte;AL;I911;SPINETO SCRIVIA;6166
Centro;Marche;AP;I912;SPINETOLI;44071
Nord Ovest;Lombardia;CR;I914;SPINO D`ADDA;19102
Nord Ovest;Lombardia;BG;I916;SPINONE AL LAGO;16205
Sud;Basilicata;PZ;I917;SPINOSO;76086
Nord Ovest;Lombardia;BG;I919;SPIRANO;16206
Centro;Umbria;PG;I921;SPOLETO;54051
Sud;Abruzzo;PE;I922;SPOLTORE;68041
Sud;Puglia;LE;I923;SPONGANO;75078
Nord Ovest;Liguria;SV;I926;SPOTORNO;9057
Nord Est;Veneto;TV;I927;SPRESIANO;26082
Nord Ovest;Lombardia;SO;I928;SPRIANA;14062
Sud;Calabria;CZ;I929;SQUILLACE;79142
Sud;Puglia;LE;I930;SQUINZANO;75079
Centro;Marche;AN;I932;STAFFOLO;42049
Nord Ovest;Lombardia;CR;I935;STAGNO LOMBARDO;19103
Sud;Calabria;RC;I936;STAITI;80090
Sud;Calabria;CZ;I937;STALETTI;79143
Nord Est;Veneto;PD;I938;STANGHELLA;28088
Nord Ovest;Piemonte;AL;I941;STAZZANO;6167
Centro;Toscana;LU;I942;STAZZEMA;46030
Nord Ovest;Lombardia;CO;I943;STAZZONA;13218
Sud;Calabria;VV;I945;STEFANACONI;102043
Nord Ovest;Liguria;SV;I946;STELLA;9058
Nord Ovest;Liguria;SV;I947;STELLANELLO;9059
Sud;Puglia;LE;I950;STERNATIA;75080
Nord Ovest;Lombardia;BG;I951;STEZZANO;16207
Nord Est;Veneto;RO;I953;STIENTA;29045
Sud;Basilicata;MT;I954;STIGLIANO;77027
Sud;Calabria;RC;I955;STIGNANO;80091
Sud;Calabria;RC;I956;STILO;80092
Centro;Lazio;RI;I959;STIMIGLIANO;57066
Sud;Campania;SA;I960;STIO;65145
Sud;Puglia;FG;I962;STORNARA;71054
Sud;Puglia;FG;I963;STORNARELLA;71055
Nord Est;Veneto;VE;I965;STRA;27039
Nord Ovest;Lombardia;PV;I968;STRADELLA;18153
Nord Ovest;Piemonte;TO;I969;STRAMBINELLO;1268
Nord Ovest;Piemonte;TO;I970;STRAMBINO;1269
Centro;Lazio;FR;I973;STRANGOLAGALLI;60075
Nord Est;Friuli- Venezia Giulia;UD;I974;STREGNA;30111
Nord Ovest;Piemonte;VB;I976;STRESA;103064
Nord Ovest;Piemonte;AL;I977;STREVI;6168
Sud;Campania;NA;I978;STRIANO;63081
Nord Ovest;Piemonte;BI;I980;STRONA;96065
Centro;Umbria;TR;I981;STRONCONE;55031
Sud;Calabria;KR;I982;STRONGOLI;101025
Nord Ovest;Piemonte;VC;I984;STROPPIANA;2142
Nord Ovest;Piemonte;CN;I985;STROPPO;4224
Nord Ovest;Lombardia;BG;I986;STROZZA;16208
Sud;Campania;AV;I990;STURNO;64104
Centro;Toscana;AR;I991;SUBBIANO;51037
Centro;Lazio;RM;I992;SUBIACO;58103
Sud;Campania;CE;I993;SUCCIVO;61090
Nord Ovest;Lombardia;LC;I994;SUEGLIO;97077
Isole;Sardegna;CA;I995;SUELLI;111088
Nord Ovest;Lombardia;LC;I996;SUELLO;97078
Nord Ovest;Lombardia;BG;I997;SUISIO;16209
Nord Ovest;Lombardia;MI;I998;SULBIATE;108042
Nord Ovest;Lombardia;BS;L002;SULZANO;17182
Nord Ovest;Lombardia;VA;L003;SUMIRAGO;12124
Sud;Campania;AV;L004;SUMMONTE;64105
Isole;Sardegna;NU;L006;SUNI;95087
Nord Ovest;Piemonte;NO;L007;SUNO;3143
Sud;Puglia;LE;L008;SUPERSANO;75081
Centro;Lazio;FR;L009;SUPINO;60076
Sud;Puglia;LE;L010;SURANO;75082
Sud;Puglia;LE;L011;SURBO;75083
Nord Ovest;Piemonte;TO;L013;SUSA;1270
Nord Est;Veneto;TV;L014;SUSEGANA;26083
Nord Ovest;Lombardia;MN;L015;SUSTINENTE;20064
Isole;Sicilia;CL;L016;SUTERA;85020
Centro;Lazio;VT;L017;SUTRI;56049
Nord Est;Friuli- Venezia Giulia;UD;L018;SUTRIO;30112
Centro;Toscana;LI;L019;SUVERETO;49020
Nord Ovest;Lombardia;MN;L020;SUZZARA;20065
Nord Ovest;Lombardia;LC;L022;TACENO;97079
Isole;Sardegna;OR;L023;TADASUNI;95064
Nord Ovest;Liguria;IM;L024;TAGGIA;8059
Sud;Abruzzo;AQ;L025;TAGLIACOZZO;66099
Nord Est;Veneto;RO;L026;TAGLIO DI PO;29046
Nord Ovest;Piemonte;AL;L027;TAGLIOLO MONFERRATO;6169
Nord Est;Veneto;BL;L030;TAIBON AGORDINO;25059
Nord Ovest;Lombardia;VA;L032;TAINO;12125
Nord Est;Emilia-Romagna;RN;L034;TALAMELLO;99027
Nord Ovest;Lombardia;SO;L035;TALAMONA;14063
Isole;Sardegna;NU;L036;TALANA;91088
Nord Ovest;Lombardia;BG;L037;TALEGGIO;16210
Centro;Toscana;AR;L038;TALLA;51038
Nord Est;Friuli- Venezia Giulia;UD;L039;TALMASSONS;30114
Nord Est;Veneto;BL;L040;TAMBRE;25060
Isole;Sicilia;ME;L042;TAORMINA;83097
Centro;Lazio;RI;L046;TARANO;57067
Sud;Abruzzo;CH;L047;TARANTA PELIGNA;69089
Nord Ovest;Piemonte;CN;L048;TARANTASCA;4225
Sud;Puglia;TA;L049;TARANTO;73027
Nord Est;Friuli- Venezia Giulia;UD;L050;TARCENTO;30116
Sud;Calabria;CS;L055;TARSIA;78145
Nord Ovest;Lombardia;SO;L056;TARTANO;14064
Nord Est;Veneto;TV;L058;TARZO;26084
Nord Ovest;Piemonte;AL;L059;TASSAROLO;6170
Sud;Campania;AV;L061;TAURANO;64106
Sud;Campania;AV;L062;TAURASI;64107
Sud;Calabria;RC;L063;TAURIANOVA;80093
Sud;Puglia;LE;L064;TAURISANO;75084
Nord Est;Friuli- Venezia Giulia;UD;L065;TAVAGNACCO;30118
Nord Ovest;Piemonte;TO;L066;TAVAGNASCO;1271
Sud;Molise;CB;L069;TAVENNA;70077
Sud;Calabria;CZ;L070;TAVERNA;79146
Nord Ovest;Lombardia;CO;L071;TAVERNERIO;13222
Nord Ovest;Lombardia;BG;L073;TAVERNOLA BERGAMASCA;16211
Sud;Puglia;LE;L074;TAVIANO;75085
Nord Ovest;Piemonte;BI;L075;TAVIGLIANO;96066
Centro;Marche;PS;L078;TAVOLETO;41064
Centro;Marche;PS;L081;TAVULLIA;41065
Sud;Basilicata;PZ;L082;TEANA;76087
Sud;Campania;CE;L083;TEANO;61091
Nord Ovest;Lombardia;SO;L084;TEGLIO;14065
Nord Est;Veneto;VE;L085;TEGLIO VENETO;27040
Sud;Campania;BN;L086;TELESE TERME;62074
Nord Ovest;Lombardia;BG;L087;TELGATE;16212
Isole;Sardegna;SS;L088;TELTI;90080
Isole;Sardegna;SS;L093;TEMPIO PAUSANIA;90070
Nord Ovest;Lombardia;BS;L094;TEMU`;17184
Nord Est;Veneto;PD;L100;TEOLO;28089
Sud;Campania;AV;L102;TEORA;64108
Sud;Abruzzo;TE;L103;TERAMO;67041
Nord Ovest;Piemonte;NO;L104;TERDOBBIATE;3144
Centro;Lazio;FR;L105;TERELLE;60077
Sud;Puglia;BA;L109;TERLIZZI;72043
Isole;Sicilia;PA;L112;TERMINI IMERESE;82070
Sud;Molise;CB;L113;TERMOLI;70078
Nord Ovest;Lombardia;VA;L115;TERNATE;12126
Nord Ovest;Piemonte;BI;L116;TERNENGO;96067
Centro;Umbria;TR;L117;TERNI;55032
Nord Ovest;Lombardia;BG;L118;TERNO D`ISOLA;16213
Centro;Lazio;LT;L120;TERRACINA;59032
Isole;Sardegna;OR;L122;TERRALBA;95065
Centro;Toscana;AR;L123;TERRANUOVA BRACCIOLINI;51039
Sud;Calabria;CS;L124;TERRANOVA DA SIBARI;78146
Nord Ovest;Lombardia;LO;L125;TERRANOVA PASSERINI;98057
Sud;Basilicata;PZ;L126;TERRANOVA DI POLLINO;76088
Sud;Calabria;RC;L127;TERRANOVA SAPPO MINULIO;80094
Isole;Sicilia;PA;L131;TERRASINI;82071
Nord Est;Veneto;PD;L132;TERRASSA PADOVANA;28090
Sud;Calabria;CS;L134;TERRAVECCHIA;78147
Nord Est;Veneto;VR;L136;TERRAZZO;23085
Centro;Toscana;PI;L138;TERRICCIOLA;50036
Nord Ovest;Piemonte;AL;L139;TERRUGGIA;6171
Isole;Sardegna;NU;L140;TERTENIA;91089
Sud;Campania;NA;L142;TERZIGNO;63082
Nord Ovest;Piemonte;AL;L143;TERZO;6172
Nord Ovest;Liguria;IM;L146;TERZORIO;8060
Centro;Lazio;VT;L150;TESSENNANO;56051
Nord Ovest;Liguria;SV;L152;TESTICO;9060
Isole;Sardegna;NU;L153;TETI;91090
Isole;Sardegna;CA;L154;TEULADA;111089
Sud;Campania;CE;L155;TEVEROLA;61092
Nord Est;Veneto;VI;L156;TEZZE SUL BRENTA;24104
Nord Est;Veneto;VI;L157;THIENE;24105
Isole;Sardegna;SS;L158;THIESI;90071
Isole;Sardegna;NU;L160;TIANA;91091
Nord Ovest;Lombardia;CR;L164;TICENGO;19104
Nord Ovest;Piemonte;AL;L165;TICINETO;6173
Sud;Puglia;LE;L166;TIGGIANO;75086
Nord Ovest;Liguria;GE;L167;TIGLIETO;10061
Nord Ovest;Piemonte;AT;L168;TIGLIOLE D`ASTI;5108
Nord Ovest;Lombardia;BS;L169;TIGNALE;17185
Isole;Sardegna;NU;L172;TINNURA;95088
Sud;Abruzzo;AQ;L173;TIONE DEGLI ABRUZZI;66100
Nord Ovest;Lombardia;SO;L175;TIRANO;14066
Sud;Calabria;CZ;L177;TIRIOLO;79147
Isole;Sardegna;SS;L180;TISSI;90072
Sud;Basilicata;PZ;L181;TITO;76089
Centro;Lazio;RM;L182;TIVOLI;58104
Nord Est;Emilia-Romagna;PR;L183;TIZZANO VAL PARMA;34039
Nord Est;Emilia-Romagna;RE;L184;TOANO;35041
Sud;Campania;BN;L185;TOCCO CAUDIO;62075
Sud;Abruzzo;PE;L186;TOCCO DA CASAURIA;68042
Nord Ovest;Piemonte;VB;L187;TOCENO;103065
Centro;Umbria;PG;L188;TODI;54052
Centro;Lazio;RI;L189;TOFFIA;57068
Nord Ovest;Liguria;SV;L190;TOIRANO;9061
Centro;Marche;MC;L191;TOLENTINO;43053
Centro;Lazio;RM;L192;TOLFA;58105
Nord Ovest;Piemonte;BI;L193;TOLLEGNO;96068
Sud;Abruzzo;CH;L194;TOLLO;69090
Nord Est;Friuli- Venezia Giulia;UD;L195;TOLMEZZO;30121
Sud;Basilicata;PZ;L197;TOLVE;76090
Nord Est;Veneto;PD;L199;TOMBOLO;28091
Isole;Sardegna;NU;L202;TONARA;91093
Nord Ovest;Piemonte;AT;L203;TONCO;5109
Sud;Campania;CE;L205;TORA E PICCILLI;61093
Sud;Calabria;CS;L206;TORANO CASTELLO;78148
Sud;Abruzzo;TE;L207;TORANO NUOVO;67042
Nord Ovest;Lombardia;BS;L210;TORBOLE CASAGLIA;17186
Sud;Campania;SA;L212;TORCHIARA;65147
Sud;Puglia;BR;L213;TORCHIAROLO;74018
Sud;Campania;AV;L214;TORELLA DE` LOMBARDI;64109
Sud;Molise;CB;L215;TORELLA DEL SANNIO;70079
Centro;Umbria;PG;L216;TORGIANO;54053
Nord Ovest;Valle d'Aosta;AO;L217;TORGNON;7067
Sud;Abruzzo;CH;L218;TORINO DI SANGRO;69091
Nord Ovest;Piemonte;TO;L219;TORINO;1272
Sud;Puglia;BA;L220;TORITTO;72044
Nord Ovest;Lombardia;CR;L221;TORLINO VIMERCATI;19105
Nord Ovest;Piemonte;NO;L223;TORNACO;3146
Sud;Abruzzo;CH;L224;TORNARECCIO;69092
Nord Ovest;Lombardia;CR;L225;TORNATA;19106
Sud;Abruzzo;AQ;L227;TORNIMPARTE;66101
Nord Ovest;Lombardia;CO;L228;TORNO;13223
Nord Est;Emilia-Romagna;PR;L229;TORNOLO;34040
Sud;Molise;CB;L230;TORO;70080
Isole;Sardegna;NU;L231;TORPE`;91094
Sud;Campania;SA;L233;TORRACA;65148
Isole;Sardegna;SS;L235;TORRALBA;90073
Nord Ovest;Lombardia;PV;L237;TORRAZZA COSTE;18155
Nord Ovest;Piemonte;TO;L238;TORRAZZA PIEMONTE;1273
Nord Ovest;Piemonte;BI;L239;TORRAZZO;96069
Sud;Calabria;CZ;L240;TORRE DI RUGGIERO;79148
Nord Ovest;Piemonte;CN;L241;TORRE MONDOVI;4227
Centro;Lazio;FR;L243;TORRE CAJETANI;60078
Nord Ovest;Lombardia;SO;L244;TORRE DI SANTA MARIA;14067
Sud;Campania;NA;L245;TORRE ANNUNZIATA;63083
Nord Est;Friuli- Venezia Giulia;UD;L246;TORREANO;30122
Nord Ovest;Piemonte;TO;L247;TORRE CANAVESE;1274
Nord Est;Veneto;VI;L248;TORREBELVICINO;24107
Nord Ovest;Lombardia;PV;L250;TORRE B CASTELLARO;18156
Nord Ovest;Lombardia;BG;L251;TORRE BOLDONE;16214
Nord Ovest;Piemonte;CN;L252;TORRE BORMIDA;4226
Sud;Abruzzo;CH;L253;TORREBRUNA;69093
Sud;Campania;BN;L254;TORRECUSO;62076
Nord Ovest;Lombardia;PV;L256;TORRE D`ARESE;18157
Nord Ovest;Lombardia;BG;L257;TORRE DE` BUSI;97080
Nord Ovest;Lombardia;CR;L258;TORRE DE PICENARDI;19107
Sud;Campania;NA;L259;TORRE DEL GRECO;63084
Nord Ovest;Lombardia;PV;L262;TORRE DEI NEGRI;18158
Sud;Abruzzo;PE;L263;TORRE DE` PASSERI;68043
Nord Ovest;Lombardia;BG;L265;TORRE DE` ROVERI;16216
Nord Est;Veneto;VE;L267;TORRE DI MOSTO;27041
Nord Ovest;Lombardia;PV;L269;TORRE D`ISOLA;18159
Nord Est;Veneto;PD;L270;TORREGLIA;28092
Isole;Sicilia;ME;L271;TORREGROTTA;83098
Sud;Campania;AV;L272;TORRE LE NOCELLE;64110
Sud;Puglia;FG;L273;TORREMAGGIORE;71056
Sud;Campania;SA;L274;TORRE ORSAIA;65149
Nord Ovest;Lombardia;BG;L276;TORRE PALLAVICINA;16217
Nord Ovest;Piemonte;TO;L277;TORRE PELLICE;1275
Nord Ovest;Piemonte;CN;L278;TORRE SAN GIORGIO;4228
Centro;Marche;AP;L279;TORRE SAN PATRIZIO;109040
Sud;Puglia;BR;L280;TORRE SANTA SUSANNA;74019
Nord Ovest;Piemonte;CN;L281;TORRESINA;4229
Isole;Sicilia;PA;L282;TORRETTA;82072
Sud;Abruzzo;CH;L284;TORREVECCHIA TEATINA;69094
Nord Ovest;Lombardia;PV;L285;TORREVECCHIA PIA;18160
Centro;Lazio;RI;L286;TORRI IN SABINA;57070
Nord Est;Veneto;VR;L287;TORRI DEL BENACO;23086
Centro;Lazio;FR;L290;TORRICE;60079
Sud;Abruzzo;CH;L291;TORRICELLA PELIGNA;69095
Nord Ovest;Lombardia;PV;L292;TORRICELLA VERZATE;18161
Centro;Lazio;RI;L293;TORRICELLA IN SABINA;57069
Sud;Puglia;TA;L294;TORRICELLA;73028
Sud;Abruzzo;TE;L295;TORRICELLA SICURA;67043
Nord Ovest;Lombardia;CR;L296;TORRICELLA DEL PIZZO;19108
Nord Est;Veneto;VI;L297;TORRI DI QUARTESOLO;24108
Nord Ovest;Liguria;GE;L298;TORRIGLIA;10062
Nord Est;Emilia-Romagna;PR;L299;TORRILE;34041
Sud;Campania;AV;L301;TORRIONI;64111
Centro;Lazio;RM;L302;TORRITA TIBERINA;58106
Centro;Toscana;SI;L303;TORRITA DI SIENA;52035
Nord Ovest;Piemonte;AL;L304;TORTONA;6174
Sud;Calabria;CS;L305;TORTORA;78149
Sud;Campania;SA;L306;TORTORELLA;65150
Sud;Abruzzo;TE;L307;TORTORETO;67044
Isole;Sicilia;ME;L308;TORTORICI;83099
Nord Est;Friuli- Venezia Giulia;UD;L309;TORVISCOSA;30123
Centro;Lazio;VT;L310;TUSCANIA;56052
Nord Ovest;Lombardia;BS;L312;TOSCOLANO MADERNO;17187
Sud;Abruzzo;TE;L314;TOSSICIA;67045
Nord Ovest;Liguria;SV;L315;TOVO SAN GIACOMO;9062
Nord Ovest;Lombardia;SO;L316;TOVO DI SANT'AGATA;14068
Isole;Sicilia;PA;L317;TRABIA;82073
Nord Ovest;Lombardia;VA;L319;TRADATE;12127
Isole;Sardegna;OR;L321;TRAMATZA;95066
Sud;Campania;SA;L323;TRAMONTI;65151
Nord Est;Friuli- Venezia Giulia;PN;L324;TRAMONTI DI SOPRA;93045
Nord Est;Friuli- Venezia Giulia;PN;L325;TRAMONTI DI SOTTO;93046
Sud;Basilicata;PZ;L326;TRAMUTOLA;76091
Nord Ovest;Piemonte;TO;L327;TRANA;1276
Sud;Puglia;BA;L328;TRANI;110009
Nord Ovest;Lombardia;SO;L330;TRAONA;14069
Isole;Sicilia;TP;L331;TRAPANI;81021
Isole;Sicilia;PA;L332;TRAPPETO;82074
Nord Ovest;Piemonte;VB;L333;TRAREGO VIGGIONA;103066
Sud;Abruzzo;AQ;L334;TRASACCO;66102
Nord Est;Friuli- Venezia Giulia;UD;L335;TRASAGHIS;30124
Nord Ovest;Piemonte;VB;L336;TRASQUERA;103067
Isole;Sardegna;CA;L337;TRATALIAS;111090
Nord Ovest;Lombardia;BS;L339;TRAVAGLIATO;17188
Nord Ovest;Piemonte;TO;L340;TRAVES;1279
Nord Ovest;Lombardia;VA;L342;TRAVEDONA-MONATE;12128
Nord Ovest;Piemonte;TO;L345;TRAVERSELLA;1278
Nord Est;Emilia-Romagna;PR;L346;TRAVERSETOLO;34042
Nord Est;Friuli- Venezia Giulia;PN;L347;TRAVESIO;93047
Nord Est;Emilia-Romagna;PC;L348;TRAVO;33043
Nord Est;Veneto;PD;L349;TREBASELEGHE;28093
Sud;Calabria;CS;L353;TREBISACCE;78150
Isole;Sicilia;CT;L355;TRECASTAGNI;87050
Nord Ovest;Piemonte;NO;L356;TRECATE;3149
Sud;Basilicata;PZ;L357;TRECCHINA;76092
Nord Est;Veneto;RO;L359;TRECENTA;29047
Nord Est;Emilia-Romagna;FO;L361;TREDOZIO;40049
Sud;Abruzzo;CH;L363;TREGLIO;69096
Nord Est;Veneto;VR;L364;TREGNAGO;23087
Centro;Marche;MC;L366;TREIA;43054
Nord Ovest;Piemonte;CN;L367;TREISO;4230
Isole;Sicilia;CT;L369;TREMESTIERI ETNEO;87051
Nord Ovest;Lombardia;BS;L372;TREMOSINE;17189
Sud;Campania;SA;L377;TRENTINARA;65152
Sud;Campania;CE;L379;TRENTOLA DUCENTA;61094
Nord Ovest;Lombardia;BS;L380;TRENZANO;17190
Nord Est;Friuli- Venezia Giulia;UD;L382;TREPPO GRANDE;30126
Sud;Puglia;LE;L383;TREPUZZI;75087
Centro;Toscana;SI;L384;TREQUANDA;52036
Centro;Toscana;MS;L386;TRESANA;45015
Nord Ovest;Lombardia;BG;L388;TRESCORE BALNEARIO;16218
Nord Ovest;Lombardia;CR;L389;TRESCORE CREMASCO;19109
Nord Ovest;Lombardia;SO;L392;TRESIVIO;14070
Isole;Sardegna;OR;L393;TRESNURAGHES;95067
Nord Est;Veneto;VR;L396;TREVENZUOLO;23088
Centro;Umbria;PG;L397;TREVI;54054
Centro;Lazio;FR;L398;TREVI NEL LAZIO;60080
Sud;Campania;AV;L399;TREVICO;64112
Nord Ovest;Lombardia;BG;L400;TREVIGLIO;16219
Centro;Lazio;RM;L401;TREVIGNANO ROMANO;58107
Nord Est;Veneto;TV;L402;TREVIGNANO;26085
Nord Ovest;Piemonte;AL;L403;TREVILLE;6175
Nord Ovest;Lombardia;BG;L404;TREVIOLO;16220
Nord Ovest;Lombardia;BS;L406;TREVISO BRESCIANO;17191
Nord Est;Veneto;TV;L407;TREVISO;26086
Nord Ovest;Lombardia;MI;L408;TREZZANO ROSA;15219
Nord Ovest;Lombardia;MI;L409;TREZZANO SUL NAVIGLIO;15220
Nord Ovest;Piemonte;CN;L410;TREZZO TINELLA;4231
Nord Ovest;Lombardia;MI;L411;TREZZO SULL`ADDA;15221
Nord Ovest;Lombardia;CO;L413;TREZZONE;13226
Nord Est;Veneto;PD;L414;TRIBANO;28094
Nord Ovest;Lombardia;MI;L415;TRIBIANO;15222
Nord Ovest;Liguria;GE;L416;TRIBOGNA;10063
Sud;Basilicata;MT;L418;TRICARICO;77028
Sud;Puglia;LE;L419;TRICASE;75088
Nord Ovest;Piemonte;VC;L420;TRICERRO;2147
Nord Est;Friuli- Venezia Giulia;UD;L421;TRICESIMO;30127
Isole;Sardegna;NU;L423;TRIEI;91097
Sud;Puglia;BA;L425;TRIGGIANO;72046
Nord Ovest;Lombardia;CR;L426;TRIGOLO;19110
Nord Ovest;Piemonte;CN;L427;TRINITA`;4232
Isole;Sardegna;SS;L428;TRINITA` AGULTU VIGNOLA;90074
Nord Ovest;Piemonte;VC;L429;TRINO VERCELLESE;2148
Nord Ovest;Liguria;IM;L430;TRIORA;8061
Isole;Sicilia;ME;L431;TRIPI;83100
Nord Ovest;Piemonte;AL;L432;TRISOBBIO;6176
Nord Est;Veneto;VI;L433;TRISSINO;24110
Nord Ovest;Lombardia;MI;L434;TRIUGGIO;108043
Sud;Molise;CB;L435;TRIVENTO;70081
Centro;Lazio;FR;L437;TRIVIGLIANO;60081
Nord Est;Friuli- Venezia Giulia;UD;L438;TRIVIGNANO UDINESE;30128
Sud;Basilicata;PZ;L439;TRIVIGNO;76093
Nord Ovest;Lombardia;PV;L440;TRIVOLZIO;18163
Nord Ovest;Piemonte;TO;L445;TROFARELLO;1280
Sud;Puglia;FG;L447;TROIA;71058
Isole;Sicilia;EN;L448;TROINA;86018
Nord Ovest;Lombardia;PV;L449;TROMELLO;18164
Nord Ovest;Piemonte;VB;L450;TRONTANO;103068
Nord Ovest;Piemonte;VC;L451;TRONZANO VERCELLESE;2150
Sud;Calabria;VV;L452;TROPEA;102044
Nord Ovest;Lombardia;PV;L453;TROVO;18165
Nord Ovest;Lombardia;MI;L454;TRUCCAZZANO;15224
Sud;Molise;CB;L458;TUFARA;70082
Sud;Abruzzo;CH;L459;TUFILLO;69097
Sud;Campania;NA;L460;TUFINO;63085
Sud;Campania;AV;L461;TUFO;64113
Sud;Puglia;LE;L462;TUGLIE;75089
Isole;Sardegna;CA;L463;TUILI;111091
Isole;Sardegna;SS;L464;TULA;90075
Centro;Umbria;PG;L466;TUORO SUL TRASIMENO;54055
Nord Ovest;Lombardia;LO;L469;TURANO LODIGIANO;98058
Nord Ovest;Lombardia;CO;L470;TURATE;13227
Nord Ovest;Lombardia;MI;L471;TURBIGO;15226
Sud;Puglia;BA;L472;TURI;72047
Isole;Sardegna;CA;L473;TURRI;111092
Sud;Abruzzo;PE;L475;TURRIVALIGNANI;68044
Sud;Basilicata;MT;L477;TURSI;77029
Isole;Sicilia;ME;L478;TUSA;83101
Nord Ovest;Lombardia;VA;L480;UBOLDO;12130
Isole;Sicilia;ME;L482;UCRIA;83102
Nord Est;Friuli- Venezia Giulia;UD;L483;UDINE;30129
Sud;Puglia;LE;L484;UGENTO;75090
Sud;Puglia;LE;L485;UGGIANO LA CHIESA;75091
Nord Ovest;Lombardia;CO;L487;UGGIATE-TREVANO;13228
Isole;Sardegna;OR;L488;ULA` TIRSO;95068
Isole;Sardegna;NU;L489;ULASSAI;91098
Sud;Calabria;KR;L492;UMBRIATICO;101026
Nord Ovest;Lombardia;BS;L494;URAGO D`OGLIO;17192
Isole;Sardegna;OR;L496;URAS;95069
Nord Est;Veneto;PD;L497;URBANA;28095
Centro;Marche;PS;L498;URBANIA;41066
Nord Ovest;Liguria;SV;L499;URBE;9063
Centro;Marche;PS;L500;URBINO;41067
Centro;Marche;MC;L501;URBISAGLIA;43055
Nord Ovest;Lombardia;BG;L502;URGNANO;16222
Isole;Sardegna;SS;L503;URI;90076
Sud;Molise;CB;L505;URURI;70083
Isole;Sardegna;NU;L506;URZULEI;91099
Nord Ovest;Liguria;GE;L507;USCIO;10064
Isole;Sardegna;OR;L508;USELLUS;95070
Isole;Sardegna;SS;L509;USINI;90077
Nord Ovest;Lombardia;MI;L511;USMATE VELATE;108044
Isole;Sardegna;CA;L512;USSANA;111093
Isole;Sardegna;CA;L513;USSARAMANNA;111094
Isole;Sardegna;NU;L514;USSASSAI;91100
Nord Ovest;Piemonte;TO;L515;USSEAUX;1281
Nord Ovest;Piemonte;TO;L516;USSEGLIO;1282
Centro;Marche;MC;L517;USSITA;43056
Isole;Sicilia;PA;L519;USTICA;82075
Isole;Sardegna;CA;L521;UTA;92090
Centro;Toscana;PT;L522;UZZANO;47021
Sud;Calabria;CS;L524;VACCARIZZO ALBANESE;78152
Centro;Lazio;RI;L525;VACONE;57072
Sud;Abruzzo;CH;L526;VACRI;69098
Nord Ovest;Liguria;SV;L528;VADO LIGURE;9064
Centro;Toscana;FI;L529;VAGLIA;48046
Nord Ovest;Piemonte;AT;L531;VAGLIO SERRA;5111
Sud;Basilicata;PZ;L532;VAGLIO BASILICATA;76094
Centro;Toscana;LU;L533;VAGLI SOTTO;46031
Nord Ovest;Lombardia;CR;L535;VAIANO CREMASCO;19111
Centro;Toscana;PO;L537;VAIANO;100006
Nord Ovest;Piemonte;TO;L538;VAIE;1283
Nord Ovest;Lombardia;CR;L539;VAILATE;19112
Sud;Campania;CE;L540;VAIRANO PATENORA;61095
Nord Ovest;Lombardia;BG;L544;VALBONDIONE;16223
Nord Ovest;Lombardia;BG;L545;VALBREMBO;16224
Nord Ovest;Liguria;GE;L546;VALBREVENNA;10065
Nord Ovest;Lombardia;CO;L547;VALBRONA;13229
Nord Est;Veneto;VI;L551;VALDAGNO;24111
Nord Est;Veneto;VI;L554;VALDASTICO;24112
Nord Ovest;Piemonte;TO;L555;VAL DELLA TORRE;1284
Nord Ovest;Piemonte;BI;L556;VALDENGO;96071
Nord Ovest;Lombardia;SO;L557;VALDIDENTRO;14071
Nord Ovest;Piemonte;CN;L558;VALDIERI;4233
Isole;Sicilia;ME;L561;VALDINA;83103
Nord Ovest;Lombardia;PV;L562;VAL DI NIZZA;18166
Nord Ovest;Lombardia;SO;L563;VALDISOTTO;14072
Nord Est;Veneto;TV;L565;VALDOBBIADENE;26087
Nord Ovest;Piemonte;VC;L566;VALDUGGIA;2152
Nord Est;Veneto;VR;L567;VALEGGIO SUL MINCIO;23089
Nord Ovest;Lombardia;PV;L568;VALEGGIO;18167
Centro;Lazio;VT;L569;VALENTANO;56053
Nord Ovest;Piemonte;AL;L570;VALENZA;6177
Sud;Puglia;BA;L571;VALENZANO;72048
Nord Ovest;Lombardia;LO;L572;VALERA FRATTA;98059
Centro;Umbria;PG;L573;VALFABBRICA;54057
Nord Ovest;Piemonte;AT;L574;VALFENERA;5112
Nord Ovest;Lombardia;SO;L576;VALFURVA;14073
Nord Ovest;Lombardia;VA;L577;VALGANNA;12131
Nord Ovest;Piemonte;TO;L578;VALGIOIE;1285
Nord Ovest;Lombardia;BG;L579;VALGOGLIO;16225
Nord Ovest;Piemonte;CN;L580;VALGRANA;4234
Nord Ovest;Lombardia;LC;L581;VALGREGHENTINO;97082
Nord Ovest;Valle d'Aosta;AO;L582;VALGRISENCHE;7068
Isole;Sicilia;EN;L583;VALGUARNERA CAROPEPE;86019
Nord Est;Veneto;BL;L584;VALLADA AGORDINA;25062
Nord Ovest;Piemonte;BI;L586;VALLANZENGO;96072
Sud;Campania;AV;L589;VALLATA;64114
Nord Est;Veneto;BL;L590;VALLE DI CADORE;25063
Sud;Campania;CE;L591;VALLE DI MADDALONI;61097
Nord Ovest;Lombardia;PV;L593;VALLE LOMELLINA;18168
Sud;Campania;CE;L594;VALLE AGRICOLA;61096
Nord Ovest;Liguria;IM;L596;VALLEBONA;8062
Sud;Abruzzo;TE;L597;VALLE CASTELLANA;67046
Centro;Lazio;FR;L598;VALLECORSA;60082
Nord Ovest;Liguria;IM;L599;VALLECROSIA;8063
Isole;Sicilia;PA;L603;VALLEDOLMO;82076
Isole;Sardegna;SS;L604;VALLEDORIA;90079
Centro;Lazio;FR;L605;VALLEMAIO;60083
Sud;Calabria;VV;L607;VALLELONGA;102045
Isole;Sicilia;CL;L609;VALLELUNGA PRATAMENO;85021
Centro;Lazio;RM;L611;VALLEPIETRA;58108
Centro;Lazio;VT;L612;VALLERANO;56054
Isole;Sardegna;CA;L613;VALLERMOSA;111095
Centro;Lazio;FR;L614;VALLEROTONDA;60084
Sud;Campania;AV;L616;VALLESACCARDA;64115
Nord Ovest;Lombardia;PV;L617;VALLE SALIMBENE;18169
Nord Ovest;Piemonte;BI;L620;VALLE SAN NICOLAO;96074
Nord Ovest;Lombardia;BG;L623;VALLEVE;16226
Nord Est;Veneto;VI;L624;VALLI DEL PASUBIO;24113
Centro;Lazio;RM;L625;VALLINFREDA;58109
Nord Ovest;Lombardia;BS;L626;VALLIO TERME;17193
Centro;Umbria;PG;L627;VALLO DI NERA;54058
Sud;Campania;SA;L628;VALLO DELLA LUCANIA;65154
Nord Ovest;Piemonte;TO;L629;VALLO TORINESE;1286
Nord Ovest;Piemonte;CN;L631;VALLORIATE;4235
Nord Ovest;Piemonte;AL;L633;VALMACCA;6178
Nord Ovest;Lombardia;LC;L634;VALMADRERA;97083
Nord Ovest;Lombardia;SO;L638;VAL MASINO;14074
Centro;Lazio;RM;L639;VALMONTONE;58110
Nord Ovest;Lombardia;CO;L640;VALMOREA;13232
Nord Est;Emilia-Romagna;PR;L641;VALMOZZOLA;34044
Nord Ovest;Lombardia;BG;L642;VALNEGRA;16227
Nord Ovest;Valle d'Aosta;AO;L643;VALPELLINE;7069
Nord Ovest;Piemonte;TO;L644;VALPERGA;1287
Nord Ovest;Valle d'Aosta;AO;L647;VALSAVARENCHE;7070
Nord Ovest;Piemonte;VB;L651;VALSTRONA;103069
Centro;Umbria;PG;L653;VALTOPINA;54059
Nord Ovest;Valle d'Aosta;AO;L654;VALTOURNENCHE;7071
Nord Ovest;Lombardia;BG;L655;VALTORTA;16229
Sud;Campania;SA;L656;VALVA;65155
Isole;Sicilia;CT;L658;VALVERDE;87052
Nord Ovest;Lombardia;MI;L664;VANZAGHELLO;15249
Nord Ovest;Lombardia;MI;L665;VANZAGO;15229
Nord Ovest;Piemonte;VB;L666;VANZONE SAN CARLO;103070
Nord Ovest;Lombardia;MI;L667;VAPRIO D`ADDA;15230
Nord Ovest;Piemonte;NO;L668;VAPRIO D`AGOGNA;3153
Nord Ovest;Piemonte;VC;L669;VARALLO;2156
Nord Ovest;Piemonte;NO;L670;VARALLO POMBIA;3154
Nord Ovest;Lombardia;VA;L671;VARANO BORGHI;12132
Nord Est;Emilia-Romagna;PR;L672;VARANO DE` MELEGARI;34045
Sud;Calabria;RC;L673;VARAPODIO;80095
Nord Ovest;Liguria;SV;L675;VARAZZE;9065
Centro;Lazio;RI;L676;VARCO SABINO;57073
Nord Ovest;Lombardia;MI;L677;VAREDO;108045
Nord Ovest;Lombardia;LC;L680;VARENNA;97084
Nord Ovest;Liguria;SP;L681;VARESE LIGURE;11029
Nord Ovest;Lombardia;VA;L682;VARESE;12133
Nord Ovest;Piemonte;TO;L685;VARISELLA;1289
Nord Est;Friuli- Venezia Giulia;UD;L686;VARMO;30130
Nord Est;Emilia-Romagna;PR;L689;VARSI;34046
Nord Ovest;Lombardia;PV;L690;VARZI;18171
Nord Ovest;Piemonte;VB;L691;VARZO;103071
Nord Ovest;Liguria;IM;L693;VASIA;8064
Sud;Molise;IS;L696;VASTOGIRARDI;94051
Nord Ovest;Piemonte;TO;L698;VAUDA CANAVESE;1290
Sud;Calabria;VV;L699;VAZZANO;102046
Nord Est;Veneto;TV;L700;VAZZOLA;26088
Centro;Toscana;PI;L702;VECCHIANO;50037
Nord Ovest;Lombardia;VA;L703;VEDANO OLONA;12134
Nord Ovest;Lombardia;MI;L704;VEDANO AL LAMBRO;108046
Nord Est;Veneto;TV;L706;VEDELAGO;26089
Nord Ovest;Lombardia;BG;L707;VEDESETA;16230
Nord Ovest;Lombardia;MI;L709;VEDUGGIO CON COLZANO;108047
Nord Est;Veneto;PD;L710;VEGGIANO;28096
Sud;Puglia;LE;L711;VEGLIE;75092
Nord Ovest;Piemonte;BI;L712;VEGLIO;96075
Centro;Lazio;VT;L713;VEIANO;56056
Nord Ovest;Lombardia;CO;L715;VELESO;13236
Nord Ovest;Lombardia;PV;L716;VELEZZO LOMELLINA;18172
Centro;Lazio;RM;L719;VELLETRI;58111
Nord Ovest;Lombardia;PV;L720;VELLEZZO BELLINI;18173
Nord Est;Veneto;VR;L722;VELO VERONESE;23090
Nord Est;Veneto;VI;L723;VELO D`ASTICO;24115
Sud;Molise;IS;L725;VENAFRO;94052
Nord Ovest;Piemonte;TO;L726;VENAUS;1291
Nord Ovest;Piemonte;TO;L727;VENARIA;1292
Centro;Marche;AP;L728;VENAROTTA;44073
Nord Ovest;Piemonte;CN;L729;VENASCA;4237
Nord Ovest;Liguria;SV;L730;VENDONE;9066
Nord Ovest;Lombardia;VA;L733;VENEGONO INFERIORE;12136
Nord Ovest;Lombardia;VA;L734;VENEGONO SUPERIORE;12137
Isole;Sicilia;ME;L735;VENETICO;83104
Nord Est;Veneto;VE;L736;VENEZIA;27042
Nord Ovest;Lombardia;CO;L737;VENIANO;13238
Sud;Basilicata;PZ;L738;VENOSA;76095
Sud;Campania;AV;L739;VENTICANO;64116
Isole;Sicilia;PA;L740;VENTIMIGLIA DI SICILIA;82077
Nord Ovest;Liguria;IM;L741;VENTIMIGLIA;8065
Centro;Lazio;LT;L742;VENTOTENE;59033
Nord Est;Friuli- Venezia Giulia;UD;L743;VENZONE;30131
Nord Ovest;Lombardia;MI;L744;VERANO BRIANZA;108048
Nord Ovest;Piemonte;VB;L746;VERBANIA;103072
Sud;Calabria;CS;L747;VERBICARO;78153
Nord Ovest;Lombardia;CO;L748;VERCANA;13239
Nord Ovest;Lombardia;SO;L749;VERCEIA;14075
Nord Ovest;Piemonte;VC;L750;VERCELLI;2158
Nord Ovest;Lombardia;LC;L751;VERCURAGO;97086
Nord Ovest;Lombardia;BG;L752;VERDELLINO;16232
Nord Ovest;Lombardia;BG;L753;VERDELLO;16233
Nord Ovest;Piemonte;CN;L758;VERDUNO;4238
Nord Est;Emilia-Romagna;BO;L762;VERGATO;37059
Nord Est;Emilia-Romagna;FO;L764;VERGHERETO;40050
Nord Ovest;Lombardia;VA;L765;VERGIATE;12138
Nord Ovest;Piemonte;CN;L771;VERNANTE;4239
Nord Est;Emilia-Romagna;PC;L772;VERNASCA;33044
Nord Ovest;Lombardia;MI;L773;VERNATE;15236
Nord Ovest;Liguria;SP;L774;VERNAZZA;11030
Centro;Toscana;PO;L775;VERNIO;100007
Sud;Puglia;LE;L776;VERNOLE;75093
Nord Ovest;Lombardia;BS;L777;VEROLANUOVA;17195
Nord Ovest;Lombardia;BS;L778;VEROLAVECCHIA;17196
Nord Ovest;Piemonte;TO;L779;VEROLENGO;1293
Centro;Lazio;FR;L780;VEROLI;60085
Nord Est;Veneto;VR;L781;VERONA;23091
Nord Ovest;Valle d'Aosta;AO;L783;VERRAYES;7072
Nord Ovest;Lombardia;PV;L784;VERRETTO;18174
Nord Ovest;Piemonte;BI;L785;VERRONE;96076
Nord Ovest;Piemonte;TO;L787;VERRUA SAVOIA;1294
Nord Ovest;Lombardia;PV;L788;VERRUA PO;18175
Nord Ovest;Lombardia;CO;L792;VERTEMATE CON MINOPRIO;13242
Nord Ovest;Lombardia;BG;L795;VERTOVA;16234
Nord Est;Emilia-Romagna;RN;L797;VERUCCHIO;99020
Nord Ovest;Lombardia;SO;L799;VERVIO;14076
Nord Est;Friuli- Venezia Giulia;UD;L801;VERZEGNIS;30132
Sud;Calabria;KR;L802;VERZINO;101027
Nord Ovest;Piemonte;CN;L804;VERZUOLO;4240
Nord Est;Veneto;PD;L805;VESCOVANA;28097
Nord Ovest;Lombardia;CR;L806;VESCOVATO;19113
Nord Ovest;Piemonte;AT;L807;VESIME;5113
Nord Ovest;Piemonte;NO;L808;VESPOLATE;3158
Nord Ovest;Liguria;IM;L809;VESSALICO;8066
Nord Est;Veneto;VR;L810;VESTENANOVA;23093
Nord Ovest;Piemonte;TO;L811;VESTIGNE`;1295
Nord Ovest;Lombardia;BS;L812;VESTONE;17197
Centro;Lazio;VT;L814;VETRALLA;56057
Nord Est;Emilia-Romagna;RE;L815;VETTO D ENZA;35042
Nord Ovest;Lombardia;BS;L816;VEZZA D`OGLIO;17198
Nord Ovest;Piemonte;CN;L817;VEZZA D`ALBA;4241
Nord Ovest;Liguria;SP;L819;VEZZANO LIGURE;11031
Nord Est;Emilia-Romagna;RE;L820;VEZZANO SUL CROSTOLO;35043
Nord Ovest;Liguria;SV;L823;VEZZI PORTIO;9067
Nord Ovest;Lombardia;MN;L826;VIADANA;20066
Nord Ovest;Lombardia;BG;L827;VIADANICA;16235
Isole;Sicilia;CT;L828;VIAGRANDE;87053
Nord Ovest;Piemonte;AT;L829;VIALE;5114
Nord Ovest;Piemonte;TO;L830;VIALFRE`;1296
Nord Est;Emilia-Romagna;RE;L831;VIANO;35044
Centro;Toscana;LU;L833;VIAREGGIO;46033
Nord Ovest;Piemonte;AT;L834;VIARIGI;5115
Sud;Campania;SA;L835;VIBONATI;65156
Centro;Lazio;FR;L836;VICALVI;60086
Isole;Sicilia;PA;L837;VICARI;82078
Centro;Toscana;FI;L838;VICCHIO;48049
Nord Est;Veneto;VI;L840;VICENZA;24116
Nord Ovest;Piemonte;CN;L841;VICOFORTE;4242
Sud;Puglia;FG;L842;VICO DEL GARGANO;71059
Centro;Lazio;FR;L843;VICO NEL LAZIO;60087
Sud;Campania;CE;L844;VILLA LITERNO;61099
Sud;Campania;NA;L845;VICO EQUENSE;63086
Sud;Abruzzo;PE;L846;VICOLI;68045
Nord Ovest;Piemonte;NO;L847;VICOLUNGO;3159
Nord Est;Emilia-Romagna;PC;L848;ZIANO PIACENTINO;33048
Centro;Toscana;PI;L850;VICOPISANO;50038
Centro;Lazio;RM;L851;VICOVARO;58112
Nord Ovest;Lombardia;PV;L854;VIDIGULFO;18176
Nord Est;Veneto;TV;L856;VIDOR;26090
Nord Ovest;Piemonte;TO;L857;VIDRACCO;1298
Sud;Puglia;FG;L858;VIESTE;71060
Sud;Basilicata;PZ;L859;VIETRI DI POTENZA;76096
Sud;Campania;SA;L860;VIETRI SUL MARE;65157
Nord Ovest;Lombardia;BG;L865;VIGANO SAN MARTINO;16236
Nord Ovest;Lombardia;LC;L866;VIGANO`;97090
Nord Est;Emilia-Romagna;FE;L868;VIGARANO MAINARDA;38022
Nord Est;Veneto;VR;L869;VIGASIO;23094
Nord Ovest;Lombardia;PV;L872;VIGEVANO;18177
Sud;Basilicata;PZ;L873;VIGGIANELLO;76097
Sud;Basilicata;PZ;L874;VIGGIANO;76098
Nord Ovest;Lombardia;VA;L876;VIGGIU`;12139
Nord Est;Veneto;PD;L878;VIGHIZZOLO D`ESTE;28098
Nord Ovest;Piemonte;AT;L879;VIGLIANO D`ASTI;5116
Nord Ovest;Piemonte;BI;L880;VIGLIANO BIELLESE;96077
Nord Ovest;Piemonte;AL;L881;VIGNALE MONFERRATO;6179
Centro;Lazio;VT;L882;VIGNANELLO;56058
Nord Ovest;Lombardia;MI;L883;VIGNATE;15237
Nord Est;Emilia-Romagna;MO;L885;VIGNOLA;36046
Nord Ovest;Piemonte;AL;L887;VIGNOLE BORBERA;6180
Nord Ovest;Piemonte;CN;L888;VIGNOLO;4243
Nord Ovest;Piemonte;VB;L889;VIGNONE;103074
Nord Est;Veneto;BL;L890;VIGO DI CADORE;25065
Nord Est;Veneto;PD;L892;VIGODARZERE;28099
Nord Ovest;Lombardia;BG;L894;VIGOLO;16237
Nord Est;Emilia-Romagna;PC;L897;VIGOLZONE;33045
Nord Ovest;Piemonte;TO;L898;VIGONE;1299
Nord Est;Veneto;VE;L899;VIGONOVO;27043
Nord Est;Veneto;PD;L900;VIGONZA;28100
Nord Ovest;Piemonte;AL;L904;VIGUZZOLO;6181
Centro;Lazio;FR;L905;VILLA SANTA LUCIA;60089
Nord Ovest;Piemonte;VB;L906;VILLADOSSOLA;103075
Nord Ovest;Lombardia;SO;L907;VILLA DI CHIAVENNA;14077
Nord Ovest;Lombardia;SO;L908;VILLA DI TIRANO;14078
Nord Est;Friuli- Venezia Giulia;UD;L909;VILLA SANTINA;30133
Nord Est;Veneto;VR;L912;VILLA BARTOLOMEA;23095
Centro;Toscana;LU;L913;VILLA BASILICA;46034
Isole;Sicilia;PA;L916;VILLABATE;82079
Nord Ovest;Lombardia;PV;L917;VILLA BISCOSSI;18178
Nord Ovest;Lombardia;BS;L919;VILLA CARCINA;17199
Sud;Puglia;BR;L920;VILLA CASTELLI;74020
Sud;Abruzzo;PE;L922;VILLA CELIERA;68046
Nord Ovest;Lombardia;BS;L923;VILLACHIARA;17200
Isole;Sardegna;CA;L924;VILLACIDRO;111096
Centro;Toscana;LU;L926;VILLA COLLEMANDINA;46035
Nord Ovest;Lombardia;MI;L928;VILLA CORTESE;15248
Nord Ovest;Lombardia;BG;L929;VILLA D`ADDA;16238
Nord Ovest;Piemonte;AL;L931;VILLADEATI;6182
Nord Ovest;Piemonte;BI;L933;VILLA DEL BOSCO;96078
Nord Est;Veneto;PD;L934;VILLA DEL CONTE;28101
Nord Ovest;Lombardia;BG;L936;VILLA DI SERIO;16240
Nord Est;Veneto;PD;L937;VILLA ESTENSE;28102
Nord Ovest;Lombardia;BG;L938;VILLA D`OGNA;16241
Nord Est;Veneto;RO;L939;VILLADOSE;29048
Nord Ovest;Piemonte;CN;L942;VILLAFALLETTO;4244
Nord Ovest;Liguria;IM;L943;VILLA FARALDI;8067
Isole;Sicilia;AG;L944;VILLAFRANCA SICULA;84043
Nord Ovest;Piemonte;AT;L945;VILLAFRANCA D`ASTI;5117
Centro;Toscana;MS;L946;VILLAFRANCA LUNIGIANA;45016
Nord Est;Veneto;PD;L947;VILLAFRANCA PADOVANA;28103
Nord Ovest;Piemonte;TO;L948;VILLAFRANCA PIEMONTE;1300
Nord Est;Veneto;VR;L949;VILLAFRANCA DI VERONA;23096
Isole;Sicilia;ME;L950;VILLAFRANCA TIRRENA;83105
Isole;Sicilia;PA;L951;VILLAFRATI;82080
Nord Est;Veneto;VI;L952;VILLAGA;24117
Isole;Sardegna;NU;L953;VILLAGRANDE STRISAILI;91101
Nord Ovest;Lombardia;CO;L956;VILLA GUARDIA;13245
Sud;Abruzzo;AQ;L958;VILLALAGO;66103
Isole;Sicilia;CL;L959;VILLALBA;85022
Sud;Abruzzo;CH;L961;VILLALFONSINA;69100
Nord Ovest;Piemonte;AL;L963;VILLALVERNIA;6183
Sud;Abruzzo;CH;L964;VILLAMAGNA;69101
Sud;Campania;AV;L965;VILLAMAINA;64117
Isole;Sardegna;CA;L966;VILLAMAR;111097
Nord Est;Veneto;RO;L967;VILLAMARZANA;29049
Isole;Sardegna;CA;L968;VILLAMASSARGIA;111098
Nord Est;Emilia-Romagna;RE;L969;VILLA MINOZZO;35045
Nord Ovest;Piemonte;AL;L970;VILLAMIROGLIO;6184
Nord Ovest;Piemonte;AL;L972;VILLANOVA MONFERRATO;6185
Sud;Campania;AV;L973;VILLANOVA DEL BATTISTA;64118
Nord Ovest;Piemonte;CN;L974;VILLANOVA MONDOVI`;4245
Nord Ovest;Liguria;SV;L975;VILLANOVA D`ALBENGA;9068
Nord Ovest;Lombardia;LO;L977;VILLANOVA DEL SILLARO;98060
Nord Ovest;Piemonte;BI;L978;VILLANOVA BIELLESE;96079
Nord Est;Veneto;PD;L979;VILLANOVA CAMPOSAMPIERO;28104
Nord Est;Emilia-Romagna;PC;L980;VILLANOVA SULL`ARDA;33046
Nord Ovest;Valle d'Aosta;AO;L981;VILLENEUVE;7074
Nord Ovest;Piemonte;TO;L982;VILLANOVA CANAVESE;1301
Nord Ovest;Lombardia;PV;L983;VILLANOVA D`ARDENGHI;18179
Nord Ovest;Piemonte;AT;L984;VILLANOVA D`ASTI;5118
Nord Est;Veneto;RO;L985;VILLANOVA DEL GHEBBO;29050
Isole;Sardegna;CA;L986;VILLANOVAFORRU;111100
Isole;Sardegna;CA;L987;VILLANOVAFRANCA;111101
Nord Est;Veneto;RO;L988;VILLANOVA MARCHESANA;29051
Isole;Sardegna;SS;L989;VILLANOVA MONTELEONE;90078
Nord Ovest;Piemonte;CN;L990;VILLANOVA SOLARO;4246
Isole;Sardegna;OR;L991;VILLANOVA TRUSCHEDU;95071
Isole;Sardegna;NU;L992;VILLANOVA TULO;111099
Nord Ovest;Lombardia;PV;L994;VILLANTERIO;18180
Nord Ovest;Lombardia;BS;L995;VILLANUOVA SUL CLISI;17201
Isole;Sardegna;CA;L998;VILLAPUTZU;111103
Nord Ovest;Piemonte;TO;L999;VILLAR DORA;1303
Nord Ovest;Piemonte;TO;M002;VILLARBASSE;1302
Nord Ovest;Piemonte;VC;M003;VILLARBOIT;2163
Nord Ovest;Piemonte;TO;M004;VILLAREGGIA;1304
Nord Ovest;Piemonte;TO;M007;VILLAR FOCCHIARDO;1305
Nord Ovest;Piemonte;AL;M009;VILLAROMAGNANO;6186
Isole;Sicilia;EN;M011;VILLAROSA;86020
Nord Ovest;Piemonte;TO;M013;VILLAR PELLICE;1306
Nord Ovest;Piemonte;TO;M014;VILLAR PEROSA;1307
Nord Ovest;Piemonte;CN;M015;VILLAR SAN COSTANZO;4247
Isole;Sardegna;CA;M016;VILLASALTO;111104
Nord Ovest;Lombardia;MI;M017;VILLASANTA;108049
Sud;Calabria;RC;M018;VILLA SAN GIOVANNI;80096
Nord Ovest;Piemonte;AT;M019;VILLA SAN SECONDO;5119
Sud;Abruzzo;AQ;M021;VILLA S LUCIA D ABRUZZI;66104
Sud;Abruzzo;CH;M022;VILLA SANTA MARIA;69102
Sud;Abruzzo;AQ;M023;VILLA SANT`ANGELO;66105
Isole;Sardegna;CA;M025;VILLASOR;111106
Isole;Sardegna;CA;M026;VILLASPECIOSA;111107
Nord Ovest;Piemonte;TO;M027;VILLASTELLONE;1308
Nord Ovest;Piemonte;VC;M028;VILLATA;2164
Isole;Sardegna;OR;M030;VILLA URBANA;95072
Sud;Abruzzo;AQ;M031;VILLAVALLELONGA;66106
Nord Est;Veneto;VI;M032;VILLAVERLA;24118
Sud;Abruzzo;AQ;M041;VILLETTA BARREA;66107
Nord Ovest;Piemonte;VB;M042;VILLETTE;103076
Nord Ovest;Lombardia;MN;M044;VILLIMPENTA;20068
Nord Ovest;Lombardia;BG;M045;VILLONGO;16242
Nord Est;Veneto;TV;M048;VILLORBA;26091
Nord Ovest;Lombardia;BG;M050;VILMINORE DI SCALVE;16243
Nord Ovest;Lombardia;MI;M052;VIMERCATE;108050
Nord Ovest;Lombardia;MI;M053;VIMODRONE;15242
Nord Ovest;Piemonte;CN;M055;VINADIO;4248
Sud;Molise;CB;M057;VINCHIATURO;70084
Nord Ovest;Piemonte;AT;M058;VINCHIO;5120
Centro;Toscana;FI;M059;VINCI;48050
Nord Ovest;Piemonte;TO;M060;VINOVO;1309
Nord Ovest;Piemonte;NO;M062;VINZAGLIO;3164
Nord Ovest;Piemonte;CN;M063;VIOLA;4249
Nord Ovest;Lombardia;BS;M065;VIONE;17202
Nord Ovest;Piemonte;TO;M069;VIRLE PIEMONTE;1310
Nord Ovest;Lombardia;BS;M070;VISANO;17203
Nord Ovest;Piemonte;TO;M071;VISCHE;1311
Sud;Campania;NA;M072;VISCIANO;63088
Nord Ovest;Piemonte;AL;M077;VISONE;6187
Centro;Marche;MC;M078;VISSO;43057
Nord Ovest;Lombardia;PV;M079;VISTARINO;18181
Nord Ovest;Piemonte;TO;M080;VISTRORIO;1312
Isole;Sicilia;TP;M081;VITA;81023
Centro;Lazio;VT;M082;VITERBO;56059
Centro;Lazio;FR;M083;VITICUSO;60091
Nord Est;Friuli- Venezia Giulia;PN;M085;VITO D`ASIO;93049
Centro;Lazio;VT;M086;VITORCHIANO;56060
Isole;Sicilia;RG;M088;VITTORIA;88012
Nord Est;Veneto;TV;M089;VITTORIO VENETO;26092
Sud;Abruzzo;AQ;M090;VITTORITO;66108
Nord Ovest;Lombardia;MI;M091;VITTUONE;15243
Sud;Campania;CE;M092;VITULAZIO;61100
Sud;Campania;BN;M093;VITULANO;62077
Nord Ovest;Piemonte;TO;M094;VIU`;1313
Centro;Lazio;RM;M095;VIVARO ROMANO;58113
Nord Est;Friuli- Venezia Giulia;PN;M096;VIVARO;93050
Nord Ovest;Piemonte;BI;M098;VIVERONE;96080
Isole;Sicilia;CT;M100;VIZZINI;87054
Nord Ovest;Lombardia;VA;M101;VIZZOLA TICINO;12140
Nord Ovest;Lombardia;MI;M102;VIZZOLO PREDABISSI;15244
Nord Est;Veneto;PD;M103;VO;28105
Nord Ovest;Lombardia;BS;M104;VOBARNO;17204
Nord Ovest;Liguria;GE;M105;VOBBIA;10066
Nord Ovest;Piemonte;VC;M106;VOCCA;2166
Nord Est;Veneto;BL;M108;VODO DI CADORE;25066
Nord Ovest;Lombardia;PV;M109;VOGHERA;18182
Nord Est;Emilia-Romagna;FE;M110;VOGHIERA;38023
Nord Ovest;Piemonte;VB;M111;VOGOGNA;103077
Sud;Campania;NA;M115;VOLLA;63089
Nord Ovest;Lombardia;CR;M116;VOLONGO;19114
Nord Est;Veneto;TV;M118;VOLPAGO DEL MONTELLO;26093
Nord Ovest;Lombardia;PV;M119;VOLPARA;18183
Nord Ovest;Piemonte;AL;M120;VOLPEDO;6188
Nord Ovest;Piemonte;AL;M121;VOLPEGLINO;6189
Nord Ovest;Piemonte;TO;M122;VOLPIANO;1314
Nord Ovest;Piemonte;AL;M123;VOLTAGGIO;6190
Nord Est;Veneto;BL;M124;VOLTAGO AGORDINO;25067
Nord Ovest;Lombardia;MN;M125;VOLTA MANTOVANA;20070
Centro;Toscana;PI;M126;VOLTERRA;50039
Nord Ovest;Lombardia;CR;M127;VOLTIDO;19115
Sud;Campania;AV;M130;VOLTURARA IRPINA;64119
Sud;Puglia;FG;M131;VOLTURARA APPULA;71061
Sud;Puglia;FG;M132;VOLTURINO;71062
Nord Ovest;Piemonte;TO;M133;VOLVERA;1315
Nord Ovest;Piemonte;CN;M136;VOTTIGNASCO;4250
Sud;Calabria;VV;M138;ZACCANOPOLI;102048
Isole;Sicilia;CT;M139;ZAFFERANA ETNEA;87055
Sud;Calabria;CZ;M140;ZAGARISE;79157
Centro;Lazio;RM;M141;ZAGAROLO;58114
Sud;Calabria;VV;M143;ZAMBRONE;102049
Nord Ovest;Lombardia;BG;M144;ZANDOBBIO;16244
Nord Est;Veneto;VI;M145;ZANE`;24119
Nord Ovest;Lombardia;BG;M147;ZANICA;16245
Nord Ovest;Lombardia;PV;M150;ZAVATTARELLO;18184
Nord Ovest;Lombardia;PV;M152;ZECCONE;18185
Isole;Sardegna;OR;M153;ZEDDIANI;95074
Nord Ovest;Lombardia;CO;M156;ZELBIO;13246
Nord Ovest;Lombardia;LO;M158;ZELO BUON PERSICO;98061
Nord Ovest;Lombardia;PV;M161;ZEME;18186
Nord Ovest;Lombardia;PV;M162;ZENEVREDO;18187
Nord Est;Veneto;TV;M163;ZENSON DI PIAVE;26094
Nord Est;Emilia-Romagna;PC;M165;ZERBA;33047
Nord Ovest;Lombardia;PV;M166;ZERBO;18188
Nord Ovest;Lombardia;PV;M167;ZERBOLO;18189
Isole;Sardegna;OR;M168;ZERFALIU;95075
Centro;Toscana;MS;M169;ZERI;45017
Nord Est;Veneto;VI;M170;ZERMEGHEDO;24120
Nord Est;Veneto;TV;M171;ZERO BRANCO;26095
Nord Est;Veneto;VR;M172;ZEVIO;23097
Nord Ovest;Lombardia;MI;M176;ZIBIDO SAN GIACOMO;15247
Nord Ovest;Liguria;SP;M177;ZIGNAGO;11032
Nord Est;Veneto;VR;M178;ZIMELLA;23098
Nord Ovest;Piemonte;BI;M179;ZIMONE;96081
Nord Ovest;Lombardia;PV;M180;ZINASCO;18190
Nord Ovest;Liguria;GE;M182;ZOAGLI;10067
Nord Est;Emilia-Romagna;MO;M183;ZOCCA;36047
Nord Ovest;Lombardia;BG;M184;ZOGNO;16246
Nord Est;Emilia-Romagna;BO;M185;ZOLA PREDOSA;37060
Sud;Puglia;LE;M187;ZOLLINO;75094
Nord Ovest;Lombardia;BS;M188;ZONE;17205
Nord Est;Veneto;BL;M189;ZOPPE` DI CADORE;25069
Nord Est;Friuli- Venezia Giulia;PN;M190;ZOPPOLA;93051
Nord Est;Veneto;VI;M194;ZOVENCEDO;24121
Nord Ovest;Piemonte;BI;M196;ZUBIENA;96082
Nord Ovest;Liguria;SV;M197;ZUCCARELLO;9069
Nord Est;Veneto;VI;M199;ZUGLIANO;24122
Nord Est;Friuli- Venezia Giulia;UD;M200;ZUGLIO;30136
Nord Ovest;Piemonte;BI;M201;ZUMAGLIA;96083
Sud;Calabria;CS;M202;ZUMPANO;78155
Sud;Campania;AV;M203;ZUNGOLI;64120
Sud;Calabria;VV;M204;ZUNGRI;102050
Centro;Lazio;RM;M207;LARIANO;58115
Sud;Calabria;CZ;M208;LAMEZIA TERME;79160
Isole;Sardegna;CA;M209;SANT`ANNA ARRESI;111070
Isole;Sicilia;ME;M210;TERME VIGLIATORE;83106
Isole;Sicilia;ME;M211;ACQUEDOLCI;83107
Centro;Lazio;RM;M212;LADISPOLI;58116
Centro;Lazio;RM;M213;ARDEA;58117
Isole;Sardegna;SS;M214;BADESI;90081
Sud;Campania;SA;M253;SICIGNANO DEGLI ALBURNI;65143
Sud;Abruzzo;AQ;M255;MOLINA ATERNO;66055
Sud;Basilicata;MT;M256;SCANZANO IONICO;77031
Isole;Sicilia;SR;M257;PORTOPALO DI CAPO PASSERO;89020
Centro;Umbria;TR;M258;AVIGLIANO UMBRO;55033
Isole;Sardegna;SS;M259;VIDDALBA;90082
Sud;Campania;CE;M260;CASAPESENNA;61103
Sud;Puglia;LE;M261;CASTRO;75096
Sud;Puglia;LE;M263;PORTO CESAREO;75097
Sud;Puglia;LE;M264;SAN CASSIANO;75095
Nord Est;Friuli- Venezia Giulia;PN;M265;VAJONT;93052
Sud;Puglia;FG;M266;ORDONA;71063
Isole;Sicilia;PA;M268;BLUFI;82082
Sud;Basilicata;PZ;M269;PATERNO;76100
Isole;Sardegna;CA;M270;MASAINAS;111040
Isole;Sicilia;CT;M271;MAZZARRONE;87056
Centro;Lazio;RM;M272;CIAMPINO;58118
Sud;Campania;NA;M273;S. MARIA LA CARITA`;63090
Isole;Sardegna;SS;M274;GOLFO ARANCI;90083
Isole;Sardegna;SS;M275;LOIRI PORTO S. PAOLO;90084
Isole;Sardegna;SS;M276;S. ANTONIO DI GALLURA;90085
Sud;Calabria;RC;M277;SAN FERDINANDO;80097
Isole;Sardegna;CA;M278;VILLAPERUCCIO;111102
Isole;Sicilia;SR;M279;PRIOLO GARGALLO;89021
Sud;Campania;NA;M280;TRECASE;63091
Isole;Sicilia;TP;M281;PETROSINO;81024
Isole;Sardegna;SS;M282;TERGU;90086
Isole;Sicilia;CT;M283;MANIACE;87057
Isole;Sardegna;SS;M284;S. MARIA COGHINAS;90087
Isole;Sicilia;ME;M286;TORRENOVA;83108
Isole;Sicilia;CT;M287;RAGALNA;87058
Isole;Sardegna;CA;M288;CASTIADAS;111011
Sud;Campania;NA;M289;MASSA DI SOMMA;63092
Isole;Sardegna;SS;M290;STINTINO;90089
Isole;Sardegna;CA;M291;PISCINAS;111056
Isole;Sardegna;SS;M292;ERULA;90088
Sud;Campania;SA;M294;BELLIZZI;65158
Centro;Lazio;RM;M295;SAN CESAREO;58119
Centro;Lazio;RM;M297;FIUMICINO;58120
Sud;Puglia;TA;M298;STATTE;73029
Nord Est;Veneto;PD;M300;DUE CARRARE;28106
Isole;Sardegna;SS;M301;PADRU;90090
Nord Ovest;Piemonte;AT;M302;MONTIGLIO MONFERRATO;5121
Nord Est;Veneto;VE;M308;CAVALLINO - TREPORTI;27044
Centro;Lazio;RM;M309;FONTE NUOVA;58122
Nord Ovest;Lombardia;BS;M312;LONATO DEL GARDA;17092
Nord Ovest;Lombardia;CO;M315;GRAVEDONA ED UNITI;13249
Nord Ovest;Piemonte;TO;M316;MAPPANO;1316
Nord Est;Friuli- Venezia Giulia;UD;M317;RIVIGNANO TEOR;30188
Centro;Marche;AN;M318;TRECASTELLI;42050
Centro;Toscana;LU;M319;FABBRICHE DI VERGEMOLI;46036
Nord Est;Emilia-Romagna;BO;M320;VALSAMOGGIA;37061
Centro;Toscana;FI;M321;FIGLINE E INCISA VALDARNO;48052
Centro;Toscana;AR;M322;CASTELFRANCO PIANDISCO`;51040
Nord Est;Emilia-Romagna;FE;M323;FISCAGLIA;38027
Nord Est;Emilia-Romagna;RN;M324;POGGIO TORRIANA;99028
Nord Est;Emilia-Romagna;PR;M325;SISSA TRECASALI;34049
Centro;Toscana;FI;M326;SCARPERIA E SAN PIERO;48053
Centro;Toscana;PI;M327;CASCIANA TERME LARI;50040
Centro;Toscana;PI;M328;CRESPINA LORENZANA;50041
Centro;Toscana;AR;M329;PRATOVECCHIO E STIA;51041
Sud;Campania;AV;M330;MONTORO;64121
Centro;Marche;PS;M331;VALLEFOGLIA;41068
Nord Est;Veneto;BL;M332;QUERO VAS;25070
Nord Ovest;Lombardia;BG;M333;SANT'OMOBONO TERME;16252
Nord Ovest;Lombardia;BG;M334;VAL BREMBILLA;16253
Nord Ovest;Lombardia;CO;M335;BELLAGIO;13250
Nord Ovest;Lombardia;CO;M336;COLVERDE;13251
Nord Ovest;Lombardia;LC;M337;VERDERIO;97091
Nord Ovest;Lombardia;PV;M338;CORNALE E BASTIDA;18191
Nord Ovest;Lombardia;VA;M339;MACCAGNO CON PINO E VEDDASCA;12142
Nord Ovest;Lombardia;MN;M340;BORGO VIRGILIO;20071
Nord Ovest;Lombardia;CO;M341;TREMEZZINA;13252
Nord Est;Veneto;BL;M342;LONGARONE;25071
Nord Est;Friuli- Venezia Giulia;PN;M346;VALVASONE ARZENE;93053
Centro;Toscana;LU;M347;SILLANO GIUNCUGNANO;46037
Nord Ovest;Lombardia;LC;M348;LA VALLETTA BRIANZA;97092
Nord Est;Emilia-Romagna;RE;M364;VENTASSO;35046
Nord Est;Emilia-Romagna;PR;M367;POLESINE ZIBELLO;34050
Nord Est;Emilia-Romagna;RN;M368;MONTESCUDO-MONTE COLOMBO;99007
Nord Est;Emilia-Romagna;BO;M369;ALTO RENO TERME;37062
Nord Ovest;Piemonte;VB;M370;BORGOMEZZAVALLE;103078
Nord Ovest;Piemonte;BI;M371;LESSONA;96029
Nord Ovest;Lombardia;PV;M372;CORTEOLONA E GENZONE;18192
Nord Ovest;Piemonte;BI;M373;CAMPIGLIA CERVO;96011
Nord Est;Veneto;BL;M374;VAL DI ZOLDO;25073
Nord Est;Veneto;BL;M375;ALPAGO;25072
Centro;Toscana;PT;M376;ABETONE CUTIGLIANO;47023
Centro;Toscana;PT;M377;SAN MARCELLO PITEGLIO;47024
Centro;Toscana;SI;M378;MONTALCINO;52037
Centro;Marche;PS;M379;TERRE ROVERESCHE;41070
Centro;Marche;PS;M380;COLLI AL METAURO;41069
Nord Est;Emilia-Romagna;FE;M381;TERRE DEL RENO;38028
Centro;Marche;MC;M382;VALFORNACE;43058
Nord Ovest;Lombardia;CO;M383;ALTA VALLE INTELVI;13253
Nord Est;Veneto;VI;M384;VAL LIONA;24123
Sud;Calabria;CS;M385;CASALI DEL MANCO;78156
Nord Est;Emilia-Romagna;PC;M386;ALTA VAL TIDONE;33049
Nord Ovest;Liguria;IM;M387;MONTALTO CARPASIO;8068
Nord Ovest;Piemonte;AL;M388;CASSANO SPINOLA;6191
Nord Ovest;Piemonte;VC;M389;ALTO SERMENZA;2170
Centro;Toscana;LI;M391;RIO;49021
Centro;Toscana;AR;M392;LATERINA PERGINE VALDARNO;51042
Nord Ovest;Lombardia;LO;M393;CASTELGERUNDO;98062
Nord Ovest;Lombardia;CO;M394;CENTRO VALLE INTELVI;13254
Nord Ovest;Lombardia;LC;M395;VALVARRONE;97093
Nord Ovest;Lombardia;MN;M396;BORGO MANTOVANO;20072
Nord Ovest;Piemonte;AL;M397;ALLUVIONI PIOVERA;6192
Nord Ovest;Piemonte;VC;M398;CELLIO CON BREIA;2171
Nord Est;Friuli- Venezia Giulia;UD;M399;TREPPO LIGOSULLO;30191
Nord Est;Veneto;VI;M401;BARBARANO MOSSANO;24124
Nord Est;Veneto;PD;M402;BORGO VENETO;28107
Sud;Calabria;CS;M403;CORIGLIANO-ROSSANO;78157
Nord Ovest;Piemonte;VB;M404;VALLE CANNOBINA;103079
Nord Ovest;Piemonte;TO;M405;VAL DI CHY;1317
Nord Ovest;Lombardia;MN;M406;BORGOCARBONARA;20073
Centro;Toscana;FI;M408;BARBERINO TAVARNELLE;48054
Nord Est;Emilia-Romagna;FE;M409;TRESIGNANA;38030
Nord Est;Emilia-Romagna;FE;M410;RIVA DEL PO;38029
Nord Est;Emilia-Romagna;PR;M411;SORBOLO MEZZANI;34051
Nord Ovest;Lombardia;CO;M412;SOLBIATE CON CAGNO;13255
Centro;Marche;PS;M413;SASSOCORVARO AUDITORE;41071
Nord Ovest;Piemonte;BI;M414;QUAREGNA CERRETO;96087
Nord Ovest;Piemonte;TO;M415;VALCHIUSA;1318
Nord Ovest;Piemonte;NO;M416;GATTICO-VERUNO;3166
Nord Ovest;Piemonte;BI;M417;VALDILANA;96088
Nord Ovest;Lombardia;CR;M418;PIADENA DRIZZONA;19116
Nord Ovest;Lombardia;PV;M419;COLLI VERDI;18193
Nord Ovest;Piemonte;AL;M420;LU E CUCCARO MONFERRATO;6193
Nord Est;Veneto;BL;M421;BORGO VALBELLUNA;25074
Nord Est;Veneto;TV;M422;PIEVE DEL GRAPPA;26096
Nord Est;Veneto;VI;M423;VALBRENTA;24125
Nord Ovest;Lombardia;MI;M424;VERMEZZO CON ZELO;15251
Nord Ovest;Lombardia;VA;M425;CADREZZATE CON OSMATE;12143
Nord Est;Veneto;VI;M426;COLCERESA;24126
Nord Est;Veneto;VI;M427;LUSIANA CONCO;24127
Sud;Puglia;LE;M428;PRESICCE-ACQUARICA;75098
Isole;Sicilia;TP;M432;MISILISCEMI;81025
Nord Ovest;Lombardia;VA;M433;BARDELLO CON MALGESSO E BREGANO;12144
Nord Ovest;Piemonte;AT;M434;MORANSENGO-TONENGO;5122
