Area;Regione;Provincia;2023_CodCom;NTN_2023_Depositi_Pert;NTN_2023_Box
Nord Est;Veneto;PD;A001;19,33;337,23
Nord Ovest;Lombardia;LO;A004;0;0,5
Nord Ovest;Lombardia;LC;A005;15,61;24,77
Centro;Toscana;SI;A006;22,67;47,55
Isole;Sardegna;OR;A007;3;0
Sud;Abruzzo;PE;A008;1;1
Nord Ovest;Lombardia;MI;A010;86,14;417,28
Sud;Basilicata;PZ;A013;3,33;0
Isole;Sicilia;RG;A014;15,2;13,8
Sud;Puglia;FG;A015;2;9
Nord Ovest;Piemonte;CN;A016;1;0
Sud;Basilicata;MT;A017;4,52;5
Sud;Abruzzo;AQ;A018;2;1
Centro;Lazio;RI;A019;0;0
Sud;Basilicata;PZ;A020;11,6;1,5
Sud;Campania;SA;A023;4;10
Sud;Campania;NA;A024;62,81;180,25
Isole;Sicilia;CT;A025;1;11
Isole;Sicilia;CT;A026;35,16;126,46
Isole;Sicilia;CT;A027;9,08;195,36
Isole;Sicilia;CT;A028;55,31;269,24
Isole;Sicilia;CT;A029;17,64;76,89
Centro;Lazio;FR;A032;0;0
Sud;Calabria;CS;A033;0;2
Nord Ovest;Lombardia;BS;A034;2;9
Centro;Marche;PS;A035;3;9,5
Nord Ovest;Lombardia;MN;A038;1;13
Nord Ovest;Lombardia;CR;A039;1;11
Centro;Lazio;VT;A040;19,5;19,05
Sud;Calabria;CS;A041;5;4
Sud;Calabria;VV;A043;0;3
Centro;Marche;AP;A044;24;5,83
Centro;Umbria;TR;A045;7,5;19,5
Centro;Marche;AP;A047;2,8;42,92
Sud;Puglia;BA;A048;28,67;70,83
Isole;Sicilia;CL;A049;1;1
Sud;Molise;CB;A050;2;3,44
Sud;Molise;IS;A051;0;0
Nord Ovest;Piemonte;AL;A052;68,82;149,04
Sud;Calabria;CS;A053;16;6
Centro;Lazio;FR;A054;7,88;0
Sud;Puglia;BA;A055;29,33;83,75
Isole;Sicilia;CT;A056;47,3;109,96
Nord Ovest;Lombardia;BG;A057;6,5;22,5
Nord Ovest;Lombardia;BG;A058;2;8
Nord Est;Veneto;RO;A059;15,12;115,45
Nord Ovest;Lombardia;BS;A060;9,59;55,67
Nord Est;Veneto;VR;A061;3,5;46,82
Centro;Lazio;RM;A062;10,33;4
Sud;Campania;NA;A064;47,08;63,94
Sud;Calabria;RC;A065;0;0
Nord Est;Emilia-Romagna;PC;A067;13;35,6
Sud;Campania;NA;A068;11,48;7,22
Isole;Sardegna;SS;A069;4;0
Isole;Sicilia;EN;A070;20,94;32,94
Centro;Toscana;PT;A071;26;109,08
Nord Ovest;Piemonte;AT;A072;2,11;4
Nord Ovest;Piemonte;TO;A074;1,5;12,5
Nord Est;Veneto;PD;A075;1;25,67
Nord Ovest;Lombardia;CR;A076;6,5;43,67
Sud;Calabria;RC;A077;2;0
Sud;Molise;IS;A080;4;11,5
Centro;Lazio;FR;A081;1;1
Nord Ovest;Lombardia;BS;A082;2,66;8
Nord Est;Veneto;BL;A083;24,09;45,79
Centro;Lazio;RM;A084;7,5;4,33
Nord Ovest;Lombardia;VA;A085;0,78;8
Nord Ovest;Lombardia;MI;A087;61,17;232,32
Nord Ovest;Piemonte;NO;A088;0;33
Isole;Sicilia;AG;A089;55,28;48,89
Sud;Campania;SA;A091;34,66;133,83
Centro;Marche;AN;A092;0;24
Nord Est;Veneto;VI;A093;0;10
Nord Ovest;Valle d'Aosta;AO;A094;35,1;69,99
Nord Ovest;Lombardia;MI;A096;6,5;22
Isole;Sardegna;OR;A097;0;0
Isole;Sicilia;EN;A098;7,18;13,89
Sud;Abruzzo;AQ;A100;2;2
Sud;Campania;AV;A101;2,01;9,03
Sud;Calabria;CS;A102;0;2
Sud;Calabria;CS;A105;1;1
Sud;Campania;CE;A106;0;1
Nord Ovest;Piemonte;BI;A107;2;2
Nord Ovest;Valle d'Aosta;AO;A108;6;7
Nord Ovest;Piemonte;TO;A109;15;40,61
Sud;Campania;BN;A110;5;17,84
Nord Ovest;Liguria;IM;A111;10;0
Nord Ovest;Lombardia;LC;A112;4;19,65
Nord Ovest;Piemonte;CN;A113;4;7
Isole;Sardegna;SS;A115;2,5;0
Nord Ovest;Piemonte;TO;A117;13;7
Nord Ovest;Lombardia;PV;A118;2;8,17
Nord Ovest;Piemonte;VC;A119;4,59;6,83
Sud;Abruzzo;PE;A120;4;4
Nord Est;Veneto;BL;A121;9;22
Nord Ovest;Liguria;SV;A122;117,25;300,46
Centro;Lazio;FR;A123;25,58;38,25
Nord Ovest;Piemonte;CN;A124;153;352,5
Sud;Abruzzo;TE;A125;142;279,44
Isole;Sardegna;OR;A126;0;0
Nord Ovest;Lombardia;MI;A127;11,23;42,83
Sud;Campania;SA;A128;4;3
Nord Ovest;Lombardia;BG;A129;15,5;107,47
Nord Ovest;Piemonte;VC;A130;2;4
Sud;Basilicata;PZ;A131;2;0
Centro;Lazio;RM;A132;83,95;266,63
Nord Ovest;Lombardia;PV;A134;2;4
Nord Ovest;Lombardia;SO;A135;7,34;10
Nord Est;Veneto;VR;A137;7,67;54,65
Nord Est;Emilia-Romagna;PR;A138;2,33;12,5
Nord Ovest;Piemonte;CN;A139;0;0
Nord Ovest;Lombardia;CO;A143;11,87;26,17
Nord Ovest;Liguria;SV;A145;102,15;174,79
Nord Ovest;Piemonte;AL;A146;4,6;3,07
Sud;Puglia;BA;A149;25,1;32,83
Sud;Puglia;FG;A150;3;2
Nord Ovest;Lombardia;CO;A153;18;41,72
Nord Est;Veneto;VI;A154;1,54;22,5
Sud;Calabria;CZ;A155;6;0
Nord Ovest;Piemonte;TO;A157;4,67;15,17
Nord Ovest;Lombardia;MI;A159;16,42;55,5
Sud;Calabria;CS;A160;0;1
Nord Est;Veneto;PD;A161;10,2;489,94
Nord Est;Emilia-Romagna;RE;A162;28,49;90,57
Nord Ovest;Lombardia;BG;A163;39,03;229,29
Nord Ovest;Lombardia;CO;A164;11,33;55,1
Nord Ovest;Liguria;SV;A165;20,5;46,5
Nord Ovest;Liguria;SV;A166;57,67;62,83
Nord Ovest;Lombardia;VA;A167;13,34;43,57
Nord Ovest;Lombardia;PV;A171;2;3
Nord Ovest;Lombardia;SO;A172;16,9;14,14
Nord Ovest;Piemonte;AT;A173;1;3
Nord Ovest;Lombardia;PV;A175;4;53,2
Isole;Sicilia;TP;A176;47,87;122,89
Isole;Sicilia;ME;A177;6,33;2,25
Isole;Sardegna;OR;A180;1;0,5
Isole;Sicilia;AG;A181;7,5;1
Nord Ovest;Piemonte;AL;A182;365,08;709,84
Sud;Calabria;CS;A183;1;1
Sud;Puglia;LE;A184;8;8,5
Sud;Puglia;LE;A185;6,2;26,6
Sud;Campania;SA;A186;0;0
Sud;Abruzzo;AQ;A187;16,5;4,17
Nord Ovest;Lombardia;BS;A188;0;17,09
Nord Ovest;Piemonte;AL;A189;5;1
Nord Est;Emilia-Romagna;RA;A191;14,12;76,25
Isole;Sardegna;SS;A192;108,22;410,59
Nord Ovest;Lombardia;BG;A193;1;9
Isole;Sicilia;ME;A194;3;0
Isole;Sicilia;PA;A195;5;2
Sud;Basilicata;MT;A196;1;2
Nord Ovest;Piemonte;AL;A197;3;2
Nord Ovest;Piemonte;VC;A198;4,5;21
Sud;Campania;CE;A200;3;6,5
Isole;Sicilia;ME;A201;1,83;2,83
Isole;Sicilia;PA;A202;8,99;1,5
Isole;Sicilia;PA;A203;0;1
Isole;Sardegna;OR;A204;0;0
Nord Ovest;Valle d'Aosta;AO;A205;0;0
Nord Est;Veneto;BL;A206;6,43;18
Centro;Umbria;TR;A207;3;7
Sud;Puglia;LE;A208;7;9,5
Centro;Lazio;RM;A210;10,41;5,78
Nord Ovest;Lombardia;BG;A214;10,03;32,14
Nord Ovest;Lombardia;BG;A215;18,61;64,86
Nord Ovest;Lombardia;BG;A216;8;60,84
Nord Ovest;Lombardia;BG;A217;7,64;51,06
Nord Ovest;Piemonte;TO;A218;16,5;72,52
Nord Est;Veneto;VI;A220;1;8,67
Nord Ovest;Piemonte;TO;A221;1;1,25
Nord Ovest;Piemonte;TO;A222;63;227,86
Nord Est;Emilia-Romagna;PC;A223;11,83;62,07
Nord Ovest;Lombardia;CO;A224;3,5;18,4
Sud;Puglia;BA;A225;154,38;353,3
Nord Ovest;Liguria;SV;A226;16,09;11,5
Nord Ovest;Piemonte;AL;A227;2;4,5
Sud;Campania;AV;A228;4;4
Isole;Sicilia;PA;A229;7,33;2,17
Sud;Campania;SA;A230;10;10
Nord Est;Veneto;VI;A231;17,07;146,44
Centro;Marche;AP;A233;10,66;59,34
Sud;Calabria;CS;A234;0;0
Sud;Abruzzo;CH;A235;4;19
Nord Est;Veneto;VI;A236;2;11,5
Nord Est;Veneto;TV;A237;8,8;29,04
Nord Ovest;Piemonte;CN;A238;1;3
Isole;Sicilia;PA;A239;8,5;13
Sud;Calabria;CS;A240;4;5
Centro;Toscana;LU;A241;16;134,56
Centro;Umbria;TR;A242;0;9
Sud;Campania;CE;A243;2;6
Centro;Lazio;FR;A244;6;3,33
Nord Ovest;Piemonte;AL;A245;0;0
Nord Ovest;Lombardia;BG;A246;46,88;149,11
Nord Ovest;Lombardia;CO;A249;23,07;34,33
Sud;Campania;SA;A251;8;2
Centro;Marche;AP;A252;10,17;23,17
Sud;Calabria;CS;A253;11,33;39,83
Nord Est;Friuli- Venezia Giulia;UD;A254;1;6,11
Sud;Calabria;CZ;A255;0;0
Centro;Lazio;FR;A256;8,32;1
Sud;Calabria;CZ;A257;2;0
Centro;Lazio;RI;A258;5,5;10,11
Nord Ovest;Lombardia;BG;A259;1,92;15,92
Nord Ovest;Liguria;SP;A261;13,5;34,67
Centro;Umbria;TR;A262;35,15;59,67
Sud;Calabria;CS;A263;2;4
Nord Ovest;Piemonte;NO;A264;4;5
Sud;Campania;BN;A265;1;1
Nord Est;Friuli- Venezia Giulia;UD;A267;1;0
Sud;Campania;NA;A268;13,32;3
Centro;Lazio;FR;A269;38,24;37,47
Sud;Abruzzo;TE;A270;2;4
Centro;Marche;AN;A271;313,56;410,6
Sud;Calabria;CZ;A272;0;1
Nord Ovest;Lombardia;SO;A273;6;1
Nord Ovest;Piemonte;TO;A275;3;11
Nord Ovest;Liguria;SV;A278;71,14;184,15
Nord Ovest;Piemonte;BI;A280;9,25;29,84
Sud;Puglia;LE;A281;6;5
Nord Ovest;Piemonte;TO;A282;4;10
Nord Est;Friuli- Venezia Giulia;PN;A283;2;0
Sud;Campania;AV;A284;8,5;3
Sud;Puglia;BA;A285;179,48;450,13
Isole;Sardegna;SS;A287;1;1
Nord Ovest;Lombardia;BS;A288;2;9
Nord Ovest;Lombardia;VA;A290;17,08;48,4
Centro;Toscana;AR;A291;15;27,39
Nord Est;Veneto;VR;A292;0;26,25
Nord Ovest;Lombardia;BS;A293;7;22,4
Sud;Campania;SA;A294;39,13;89,23
Nord Ovest;Piemonte;TO;A295;10;13
Nord Est;Veneto;PD;A296;0;31,8
Centro;Lazio;RM;A297;21,13;70,01
Nord Ovest;Lombardia;CR;A299;1;19
Nord Ovest;Piemonte;AT;A300;1;10,25
Nord Ovest;Lombardia;LC;A301;5,05;18,5
Nord Est;Veneto;VE;A302;2;31,45
Sud;Calabria;RC;A303;1;3
Nord Ovest;Lombardia;BG;A304;4;39
Nord Ovest;Valle d'Aosta;AO;A305;2;11
Nord Ovest;Valle d'Aosta;AO;A308;4;7
Centro;Lazio;RM;A309;2,66;1
Centro;Lazio;FR;A310;21,54;29
Nord Ovest;Piemonte;AT;A312;0;7,5
Isole;Sicilia;ME;A313;2;1
Sud;Calabria;RC;A314;0;0
Centro;Lazio;RI;A315;0;2
Nord Ovest;Piemonte;VB;A317;6,5;3
Sud;Abruzzo;AQ;A318;4;1,33
Nord Ovest;Lombardia;CO;A319;5;17,5
Sud;Puglia;FG;A320;2;4
Sud;Basilicata;PZ;A321;13,02;4
Centro;Lazio;RM;A323;102,18;460,92
Nord Est;Emilia-Romagna;BO;A324;41,62;149,95
Nord Ovest;Piemonte;VB;A325;3;0
Nord Ovest;Valle d'Aosta;AO;A326;165,75;279,81
Centro;Marche;PS;A327;3,16;2,66
Sud;Campania;BN;A328;0,8;2
Centro;Marche;MC;A329;11,25;10,75
Sud;Campania;BN;A330;1;0
Nord Ovest;Lombardia;CO;A333;22,32;80,66
Centro;Marche;MC;A334;7,5;12
Centro;Marche;AP;A335;2;6
Nord Ovest;Lombardia;SO;A337;35,69;84,21
Nord Ovest;Liguria;IM;A338;10;1
Sud;Puglia;FG;A339;4,74;47,92
Sud;Calabria;CS;A340;0,83;2
Centro;Lazio;LT;A341;107,03;416,79
Sud;Campania;SA;A343;1;4
Nord Ovest;Liguria;IM;A344;0;0
Sud;Abruzzo;AQ;A345;241,13;436,43
Sud;Campania;AV;A347;1;8
Centro;Lazio;FR;A348;4,5;2
Sud;Puglia;LE;A350;1;12
Isole;Sicilia;AG;A351;12,78;8
Nord Ovest;Piemonte;AT;A352;0;4
Nord Est;Friuli- Venezia Giulia;PN;A354;0;6,67
Isole;Sardegna;NU;A355;13,5;77
Isole;Sardegna;OR;A357;1;0,67
Nord Ovest;Piemonte;VC;A358;0;5,67
Isole;Sardegna;CA;A359;9,58;15
Nord Est;Veneto;TV;A360;4,06;26,14
Centro;Lazio;FR;A363;3,75;6
Nord Ovest;Lombardia;BG;A365;15,44;61,42
Centro;Marche;AN;A366;11,5;14
Sud;Abruzzo;CH;A367;0;5
Isole;Sardegna;OR;A368;1;2
Centro;Toscana;GR;A369;35;31,67
Centro;Lazio;RM;A370;9;11,42
Nord Ovest;Lombardia;VA;A371;14,5;70,72
Nord Ovest;Liguria;SP;A373;49,58;40,76
Nord Est;Veneto;VR;A374;5;47,42
Nord Ovest;Lombardia;MI;A375;19,2;79,09
Nord Ovest;Lombardia;MI;A376;98,25;250,46
Nord Est;Veneto;VI;A377;9;45,13
Isole;Sardegna;SS;A379;0;0
Isole;Sardegna;OR;A380;0;1
Nord Ovest;Lombardia;SO;A382;14;18,5
Nord Ovest;Lombardia;BG;A383;9,33;44,22
Sud;Calabria;RC;A385;4;2,99
Sud;Calabria;VV;A386;1;0,33
Nord Ovest;Lombardia;PV;A387;3;9
Nord Ovest;Liguria;GE;A388;31,83;186,61
Nord Ovest;Lombardia;MI;A389;86,06;278,09
Centro;Toscana;AR;A390;269,84;703,37
Nord Ovest;Lombardia;CO;A391;5;15,36
Nord Est;Emilia-Romagna;BO;A392;36,5;121,73
Nord Est;Emilia-Romagna;FE;A393;20,17;161,25
Nord Ovest;Piemonte;CN;A394;0;13,25
Nord Ovest;Piemonte;CN;A396;0;2
Sud;Calabria;CZ;A397;1;1
Sud;Abruzzo;CH;A398;4;3
Sud;Campania;AV;A399;22,17;39,84
Nord Est;Veneto;RO;A400;1;24,5
Centro;Lazio;RM;A401;29,04;65,25
Sud;Abruzzo;CH;A402;0;1
Sud;Campania;CE;A403;2,25;2,5
Nord Ovest;Piemonte;TO;A405;4;6,33
Isole;Sardegna;NU;A407;1,93;2
Nord Ovest;Piemonte;VB;A409;3,5;15,5
Centro;Lazio;VT;A412;3;0
Nord Ovest;Lombardia;MI;A413;33,14;191,32
Nord Ovest;Piemonte;NO;A414;13;12,33
Sud;Basilicata;PZ;A415;2,13;1
Nord Ovest;Liguria;IM;A418;2;0
Isole;Sardegna;CA;A419;0;0
Centro;Lazio;FR;A421;1,5;2
Nord Ovest;Liguria;SV;A422;6;2
Nord Ovest;Valle d'Aosta;AO;A424;6;2
Sud;Puglia;LE;A425;6,33;5
Nord Ovest;Piemonte;VB;A427;0;0
Nord Ovest;Piemonte;NO;A429;65,46;185,28
Nord Ovest;Lombardia;CO;A430;15;41,03
Sud;Campania;BN;A431;1;5
Sud;Campania;BN;A432;1,67;0,67
Centro;Lazio;FR;A433;5,67;7
Nord Est;Veneto;PD;A434;0;15
Nord Est;Veneto;RO;A435;1;20,58
Nord Ovest;Piemonte;AL;A436;26;47,5
Centro;Marche;AP;A437;12,75;0
Nord Est;Veneto;PD;A438;1;21
Centro;Umbria;TR;A439;11;14,5
Nord Ovest;Lombardia;BG;A440;1;27,01
Nord Ovest;Lombardia;VA;A441;2;30,42
Nord Est;Veneto;BL;A443;5;11,5
Nord Est;Veneto;VI;A444;6;20,83
Sud;Abruzzo;TE;A445;2;4
Centro;Lazio;RM;A446;2;2,39
Nord Est;Friuli- Venezia Giulia;UD;A447;6;21,41
Nord Est;Friuli- Venezia Giulia;UD;A448;1;10
Centro;Lazio;RM;A449;23,67;38,5
Nord Ovest;Lombardia;BS;A451;4;49,5
Nord Ovest;Valle d'Aosta;AO;A452;4,81;3,86
Isole;Sardegna;SS;A453;65,68;177,71
Isole;Sardegna;NU;A454;0;4
Sud;Campania;NA;A455;14,82;33,25
Nord Est;Veneto;PD;A458;3;47,8
Nord Est;Veneto;VI;A459;35,06;275,79
Sud;Campania;SA;A460;13;18,83
Centro;Toscana;SI;A461;14;40,5
Centro;Marche;AP;A462;145,01;194,82
Sud;Puglia;FG;A463;16,81;11,5
Centro;Lazio;RI;A464;1,5;1
Nord Est;Veneto;VI;A465;30,71;131,79
Nord Ovest;Piemonte;VC;A466;3;10
Nord Est;Veneto;VI;A467;1;7
Centro;Toscana;SI;A468;18,67;74,21
Nord Ovest;Lombardia;MN;A470;5,5;81,74
Nord Est;Veneto;TV;A471;9;72,5
Centro;Lazio;RI;A472;1,5;12
Nord Ovest;Lombardia;MI;A473;46,84;286,67
Isole;Sardegna;CA;A474;26;118,74
Centro;Umbria;PG;A475;56,64;133,88
Nord Ovest;Lombardia;CO;A476;10,5;37,8
Isole;Sardegna;OR;A477;0;0
Isole;Sicilia;EN;A478;5;4,66
Nord Ovest;Piemonte;AT;A479;287,27;588,53
Isole;Sardegna;OR;A480;0;0
Sud;Abruzzo;AQ;A481;7;3
Sud;Basilicata;PZ;A482;3;3
Sud;Campania;SA;A484;2;6
Sud;Abruzzo;CH;A485;11,5;18
Centro;Lazio;FR;A486;2,4;3,67
Sud;Campania;SA;A487;1;0
Sud;Abruzzo;TE;A488;16,67;21,33
Sud;Campania;AV;A489;12,24;28,96
Centro;Umbria;TR;A490;4;20,34
Nord Est;Friuli- Venezia Giulia;UD;A491;5,5;6
Isole;Sardegna;NU;A492;0;1
Isole;Sicilia;SR;A494;9,41;122,7
Sud;Campania;SA;A495;3;3
Centro;Toscana;MS;A496;49,25;43,25
Nord Ovest;Piemonte;VB;A497;4,8;0
Nord Ovest;Liguria;IM;A499;5;0
Nord Est;Veneto;BL;A501;22,08;74,66
Centro;Lazio;FR;A502;1;4
Isole;Sardegna;NU;A503;0,33;0
Nord Ovest;Liguria;GE;A506;8;13
Sud;Campania;AV;A508;8,86;2
Sud;Campania;AV;A509;68,9;260,23
Nord Ovest;Lombardia;BG;A511;3,39;4,05
Sud;Campania;CE;A512;55,26;277,72
Sud;Puglia;TA;A514;1;8,5
Sud;Abruzzo;AQ;A515;66,06;301,62
Nord Est;Friuli- Venezia Giulia;PN;A516;34,7;112,83
Nord Ovest;Lombardia;BG;A517;3;43,83
Nord Ovest;Piemonte;TO;A518;41,17;121,18
Sud;Basilicata;PZ;A519;29,23;14
Nord Ovest;Valle d'Aosta;AO;A521;14;0
Isole;Sicilia;SR;A522;27,82;58,22
Nord Ovest;Piemonte;AL;A523;0;0
Nord Ovest;Piemonte;TO;A525;1;10,01
Nord Ovest;Lombardia;CR;A526;0,5;2
Nord Ovest;Piemonte;AT;A527;0;0
Nord Ovest;Lombardia;BG;A528;23,25;118,32
Nord Ovest;Lombardia;BS;A529;2,5;42
Nord Est;Friuli- Venezia Giulia;PN;A530;24,34;148,76
Nord Ovest;Lombardia;VA;A531;6;56
Nord Ovest;Lombardia;VA;A532;7;4
Nord Ovest;Lombardia;BG;A533;0;4
Nord Ovest;Piemonte;VB;A534;3,5;5
Sud;Campania;NA;A535;17,68;22
Nord Ovest;Liguria;IM;A536;10,5;4
Nord Ovest;Lombardia;PV;A538;0;0
Nord Est;Veneto;RO;A539;5,48;64,69
Nord Est;Veneto;VR;A540;10,2;20,12
Centro;Toscana;AR;A541;4;0
Sud;Calabria;CZ;A542;8;2
Sud;Calabria;RC;A544;0;0
Isole;Sicilia;PA;A546;38,58;58,34
Nord Est;Emilia-Romagna;RA;A547;20,5;111,01
Nord Ovest;Lombardia;PV;A550;5;6,5
Nord Est;Emilia-Romagna;RA;A551;2;7
Sud;Calabria;RC;A552;2;8
Nord Est;Friuli- Venezia Giulia;UD;A553;4,5;16,84
Nord Ovest;Piemonte;CN;A555;1,04;5
Nord Ovest;Lombardia;BG;A557;16,5;87,33
Centro;Toscana;LU;A560;15,5;13,5
Centro;Toscana;PT;A561;42,48;181,74
Centro;Toscana;PI;A562;61,44;141,22
Centro;Toscana;FI;A564;51,54;156,54
Nord Est;Emilia-Romagna;FO;A565;10,67;25,83
Sud;Campania;AV;A566;7,15;27,86
Sud;Molise;IS;A567;4,67;0,5
Nord Est;Veneto;PD;A568;2;25,83
Nord Ovest;Lombardia;BS;A569;9;59,12
Nord Ovest;Lombardia;CR;A570;5,33;62,17
Nord Ovest;Piemonte;CN;A571;34;65
Sud;Puglia;LE;A572;0;0
Nord Est;Emilia-Romagna;RE;A573;8,5;74,94
Nord Est;Veneto;RO;A574;3;16,67
Nord Ovest;Lombardia;MN;A575;7;73
Centro;Toscana;MS;A576;27,29;11,83
Centro;Lazio;VT;A577;7;12,5
Nord Ovest;Lombardia;BS;A578;14;9,89
Sud;Campania;CE;A579;1;2,5
Sud;Campania;AV;A580;5,05;5,02
Nord Ovest;Liguria;IM;A581;5;3
Nord Ovest;Piemonte;TO;A584;1;7
Nord Est;Emilia-Romagna;RE;A586;5;32,67
Nord Ovest;Piemonte;TO;A587;12;25,5
Nord Ovest;Piemonte;AT;A588;2;15
Nord Ovest;Piemonte;CN;A589;4;7
Nord Ovest;Piemonte;TO;A590;0;0
Nord Ovest;Piemonte;TO;A591;9;19
Isole;Sicilia;PA;A592;12;8,33
Nord Ovest;Liguria;SV;A593;1,5;0
Nord Ovest;Lombardia;LC;A594;13,91;55,4
Isole;Sardegna;CA;A597;0;0
Nord Ovest;Piemonte;TO;A599;3;3,5
Nord Ovest;Piemonte;VC;A600;0;0
Nord Ovest;Piemonte;VC;A601;0;0
Sud;Abruzzo;AQ;A603;2;5
Sud;Basilicata;PZ;A604;4;4,67
Nord Ovest;Piemonte;AL;A605;2;8,5
Isole;Sardegna;SS;A606;0;1
Nord Ovest;Piemonte;TO;A607;15,01;29,67
Isole;Sardegna;OR;A609;0;0
Nord Ovest;Piemonte;VB;A610;4;2,5
Sud;Basilicata;PZ;A612;0,2;2,1
Nord Est;Veneto;PD;A613;5,75;15,42
Isole;Sardegna;OR;A614;0;0
Sud;Basilicata;PZ;A615;4;2
Sud;Molise;CB;A616;3;7
Sud;Campania;NA;A617;5;0,5
Nord Ovest;Lombardia;MI;A618;32,5;78,33
Nord Ovest;Lombardia;VA;A619;4;6,5
Isole;Sardegna;OR;A621;0;0
Nord Ovest;Piemonte;TO;A625;1,67;15
Centro;Marche;AN;A626;1;2,25
Centro;Lazio;VT;A628;2;2
Nord Ovest;Piemonte;CN;A629;0;1
Nord Ovest;Lombardia;BS;A630;0;18
Nord Ovest;Lombardia;BG;A631;0;14,25
Centro;Toscana;FI;A632;25,5;66,12
Nord Ovest;Lombardia;PV;A634;1,75;3
Nord Est;Veneto;PD;A637;0;0,17
Isole;Sicilia;ME;A638;31,63;26,04
Nord Est;Friuli- Venezia Giulia;PN;A640;1;2,67
Nord Ovest;Valle d'Aosta;AO;A643;3;1
Nord Est;Emilia-Romagna;PR;A646;8,43;23,75
Nord Ovest;Liguria;SV;A647;8;6
Nord Est;Veneto;VR;A650;47,82;197,66
Nord Ovest;Piemonte;TO;A651;32,31;144,13
Nord Ovest;Lombardia;MI;A652;62,92;196,59
Nord Ovest;Piemonte;NO;A653;1;5
Isole;Sardegna;OR;A655;0;0
Sud;Abruzzo;AQ;A656;1,13;0
Centro;Toscana;LU;A657;18,33;26,94
Nord Ovest;Liguria;GE;A658;7,5;9
Nord Ovest;Piemonte;CN;A660;33,5;57,67
Nord Ovest;Lombardia;BS;A661;0;1
Sud;Puglia;BA;A662;654,6;1994,24
Isole;Sardegna;NU;A663;2;3,5
Nord Ovest;Lombardia;BG;A664;5,33;43,83
Nord Est;Emilia-Romagna;BO;A665;14,5;57,25
Sud;Basilicata;PZ;A666;2;12
Sud;Abruzzo;AQ;A667;2,83;12
Nord Ovest;Lombardia;MI;A668;16,5;110,29
Sud;Puglia;BA;A669;147,62;367,2
Nord Ovest;Lombardia;CO;A670;0;2
Nord Ovest;Piemonte;CN;A671;1;3
Nord Ovest;Piemonte;TO;A673;3;5
Sud;Campania;SA;A674;31,7;89,72
Isole;Sicilia;EN;A676;10;16
Isole;Sardegna;CA;A677;0;0
Sud;Abruzzo;AQ;A678;4;4
Isole;Sardegna;CA;A681;0;0
Nord Ovest;Lombardia;LC;A683;3;20
Nord Ovest;Lombardia;BG;A684;2,33;16,29
Nord Ovest;Lombardia;LC;A686;18;52,25
Nord Ovest;Lombardia;LC;A687;13,07;47,76
Nord Ovest;Piemonte;AL;A689;4;6
Nord Ovest;Lombardia;PV;A690;5;12,5
Centro;Umbria;TR;A691;7,25;10
Sud;Abruzzo;TE;A692;1;5
Sud;Campania;BN;A696;1;0
Nord Ovest;Lombardia;MI;A697;11,5;47,39
Isole;Sicilia;ME;A698;0;0
Nord Ovest;Lombardia;MI;A699;94;162,69
Nord Est;Friuli- Venezia Giulia;UD;A700;5,5;25
Centro;Lazio;VT;A701;17,67;4,5
Nord Ovest;Lombardia;BS;A702;1,92;34,5
Nord Est;Veneto;VI;A703;93,32;450,58
Centro;Lazio;VT;A704;18,17;14,5
Nord Ovest;Lombardia;VA;A705;1;1
Centro;Lazio;VT;A706;12;6,5
Centro;Lazio;LT;A707;4;8,5
Nord Ovest;Piemonte;AL;A708;2,5;6
Nord Ovest;Piemonte;CN;A709;0,8;1
Centro;Umbria;PG;A710;35,14;127,86
Nord Ovest;Lombardia;PV;A712;2;5
Nord Est;Emilia-Romagna;MO;A713;7,5;69
Nord Est;Veneto;PD;A714;4,5;43,08
Nord Ovest;Piemonte;CN;A716;4;1
Sud;Campania;SA;A717;38,25;152,25
Nord Ovest;Lombardia;PV;A718;1;11
Isole;Sicilia;PA;A719;1;1
Centro;Lazio;FR;A720;0;3,83
Isole;Sardegna;OR;A721;0;0
Isole;Sardegna;NU;A722;3;2,33
Nord Ovest;Piemonte;VB;A725;11,27;77,6
Nord Ovest;Lombardia;VA;A728;2,66;7
Nord Ovest;Lombardia;BS;A729;11,33;112,76
Nord Est;Emilia-Romagna;PR;A731;6,5;15,17
Nord Ovest;Lombardia;BG;A732;2;4
Nord Ovest;Piemonte;VB;A733;4;12
Nord Ovest;Piemonte;TO;A734;70,17;141,15
Nord Ovest;Piemonte;CN;A735;8,8;22,25
Sud;Calabria;CZ;A736;2,83;3
Nord Est;Veneto;VR;A737;8,5;24
Nord Ovest;Piemonte;AL;A738;0;4
Centro;Marche;MC;A739;3;4
Centro;Marche;PS;A740;3;3
Nord Ovest;Lombardia;PV;A741;13,92;64,88
Nord Ovest;Piemonte;VB;A742;6;7
Sud;Basilicata;PZ;A743;6,93;4
Nord Ovest;Lombardia;LC;A745;36,55;109,65
Sud;Abruzzo;TE;A746;10,8;25
Nord Est;Emilia-Romagna;RN;A747;48,89;221,07
Centro;Lazio;RM;A749;7;2
Nord Ovest;Piemonte;CN;A750;1;1
Nord Ovest;Lombardia;MI;A751;15,12;39,5
Nord Ovest;Piemonte;NO;A752;7;81,17
Sud;Campania;CE;A755;5;25
Sud;Campania;SA;A756;0;0
Nord Est;Veneto;BL;A757;75,28;307,03
Nord Ovest;Lombardia;MI;A759;30,5;73,06
Centro;Marche;AP;A760;0;0
Sud;Molise;IS;A761;1;1
Sud;Calabria;CS;A762;0;5
Centro;Lazio;FR;A763;0;0
Isole;Sicilia;PA;A764;2,5;2
Centro;Lazio;RI;A765;2;2
Isole;Sicilia;CT;A766;27,98;115,18
Sud;Calabria;CS;A768;0;0
Centro;Marche;AN;A769;3;3,5
Nord Ovest;Piemonte;AT;A770;1;1
Nord Est;Emilia-Romagna;BO;A771;24,01;31,47
Sud;Calabria;KR;A772;0;0
Sud;Calabria;CS;A773;15,33;32
Nord Ovest;Piemonte;CN;A774;0;3
Isole;Sardegna;NU;A776;0;0
Nord Ovest;Lombardia;SO;A777;1;0
Nord Ovest;Lombardia;CO;A778;0;0
Nord Ovest;Piemonte;CN;A779;12,5;14
Sud;Calabria;RC;A780;0;0
Isole;Sardegna;SS;A781;1;2
Nord Ovest;Piemonte;CN;A782;1;1
Sud;Campania;BN;A783;88,17;138,28
Nord Ovest;Piemonte;BI;A784;4;9
Nord Est;Emilia-Romagna;BO;A785;22;90
Nord Ovest;Lombardia;BG;A786;3,83;27,85
Nord Ovest;Lombardia;SO;A787;9,2;9,25
Nord Est;Emilia-Romagna;PR;A788;12,82;24,66
Isole;Sardegna;SS;A789;3;3
Nord Ovest;Lombardia;CO;A791;12;33
Nord Ovest;Lombardia;PV;A792;2;25,5
Nord Ovest;Piemonte;AL;A793;3;2,33
Nord Ovest;Lombardia;BG;A794;576,63;1718,7
Nord Est;Veneto;RO;A795;5;16,17
Nord Ovest;Liguria;SV;A796;17,16;33,5
Nord Ovest;Piemonte;CN;A798;0;1
Nord Ovest;Lombardia;BS;A799;2;24
Sud;Basilicata;MT;A801;8;32,5
Nord Ovest;Lombardia;MI;A802;50,92;180,31
Nord Ovest;Lombardia;MI;A804;8;15,84
Nord Ovest;Piemonte;CN;A805;4;26,76
Nord Est;Emilia-Romagna;FO;A809;9,75;67,39
Nord Est;Friuli- Venezia Giulia;UD;A810;1;5
Nord Ovest;Lombardia;LO;A811;1;10,12
Nord Ovest;Piemonte;AT;A812;1;2,5
Nord Ovest;Piemonte;AL;A813;0;0
Nord Ovest;Lombardia;BG;A815;0;4
Nord Ovest;Lombardia;BS;A816;6;3,36
Nord Ovest;Lombardia;BS;A817;10,78;9,28
Nord Ovest;Lombardia;MI;A818;48,59;192,18
Nord Ovest;Lombardia;VA;A819;4;28,57
Nord Ovest;Lombardia;MI;A820;4;19
Nord Est;Emilia-Romagna;PC;A823;2;13,5
Nord Ovest;Lombardia;VA;A825;7,33;49,5
Nord Ovest;Lombardia;VA;A826;18,52;81,75
Isole;Sardegna;SS;A827;1;0,33
Nord Est;Emilia-Romagna;PC;A831;14,16;33,33
Centro;Umbria;PG;A832;6;13,5
Nord Ovest;Piemonte;VB;A834;7;5,5
Centro;Umbria;PG;A835;13,5;25,5
Nord Ovest;Liguria;SP;A836;11,6;4,5
Nord Est;Veneto;VR;A837;3;16
Isole;Sicilia;CT;A841;18;41,67
Sud;Calabria;CS;A842;3;0
Sud;Calabria;RC;A843;0;6,5
Nord Ovest;Piemonte;NO;A844;1,5;14,9
Nord Ovest;Lombardia;VA;A845;8,5;22,5
Nord Ovest;Lombardia;BG;A846;0;25,5
Nord Ovest;Piemonte;VC;A847;1;17,34
Nord Ovest;Lombardia;SO;A848;12;5,67
Nord Ovest;Lombardia;MI;A849;64,75;170,54
Nord Est;Emilia-Romagna;RE;A850;13,83;95,49
Centro;Toscana;AR;A851;18,32;56,17
Centro;Toscana;LI;A852;13,97;21,17
Nord Ovest;Piemonte;TO;A853;6;26,99
Sud;Puglia;FG;A854;2;6
Nord Est;Friuli- Venezia Giulia;UD;A855;2;1
Isole;Sardegna;OR;A856;0;0
Centro;Lazio;VT;A857;7,91;17,25
Nord Ovest;Piemonte;BI;A859;357,76;444,33
Nord Ovest;Lombardia;BS;A861;10;19
Centro;Toscana;PI;A864;12,84;84,6
Nord Ovest;Lombardia;CO;A870;14,5;68,58
Nord Ovest;Lombardia;MI;A872;10,23;70,29
Sud;Puglia;BA;A874;1;7
Nord Ovest;Piemonte;BI;A876;3;7
Nord Ovest;Valle d'Aosta;AO;A877;0;0
Nord Ovest;Lombardia;BS;A878;2,08;0
Isole;Sardegna;NU;A880;0;2
Sud;Campania;AV;A881;3;12,78
Isole;Sicilia;PA;A882;12;10
Sud;Puglia;BA;A883;208,49;240,24
Sud;Abruzzo;AQ;A884;1;0
Sud;Abruzzo;TE;A885;3,5;3
Sud;Calabria;CS;A887;8,28;4,2
Nord Ovest;Piemonte;AL;A889;1;8,67
Nord Ovest;Lombardia;VA;A891;6,5;29,5
Sud;Puglia;BA;A892;17,01;73,17
Sud;Puglia;BA;A893;93,58;252,33
Sud;Puglia;BA;A894;18,37;84
Isole;Sardegna;NU;A895;0;3
Isole;Sicilia;AG;A896;7;1
Sud;Calabria;RC;A897;8,25;3
Nord Ovest;Lombardia;CO;A898;16;43
Nord Ovest;Lombardia;BG;A903;0;0
Nord Ovest;Lombardia;CO;A904;6;4
Nord Ovest;Lombardia;CO;A905;7,21;17,67
Nord Est;Veneto;PD;A906;2;15,05
Nord Est;Emilia-Romagna;PC;A909;21,5;38,33
Nord Ovest;Piemonte;TO;A910;0,5;6,5
Nord Ovest;Piemonte;NO;A911;4;9,79
Sud;Calabria;CS;A912;2;1
Nord Ovest;Piemonte;VC;A914;1;2
Nord Ovest;Lombardia;VA;A918;2;19
Nord Ovest;Lombardia;LO;A919;2;20
Nord Ovest;Lombardia;MI;A920;8,11;26,11
Nord Ovest;Liguria;GE;A922;12,5;32
Nord Ovest;Piemonte;VB;A925;12;2
Nord Ovest;Piemonte;NO;A929;2,33;24,83
Sud;Molise;CB;A930;7,14;16
Nord Ovest;Liguria;SV;A931;7;49,5
Nord Ovest;Liguria;SP;A932;18,64;29,78
Nord Ovest;Lombardia;BG;A937;13,5;73,55
Nord Ovest;Lombardia;MI;A940;153,32;352,33
Nord Ovest;Piemonte;TO;A941;7;16,5
Sud;Basilicata;MT;A942;5;17
Nord Est;Emilia-Romagna;BO;A944;2131,94;3231,7
Sud;Abruzzo;PE;A945;3;2
Isole;Sicilia;PA;A946;2;0
Centro;Marche;MC;A947;0;3,5
Isole;Sardegna;NU;A948;1;1,33
Centro;Lazio;VT;A949;17,67;21,5
Nord Ovest;Lombardia;BG;A950;16;82
Nord Ovest;Piemonte;NO;A953;5;10
Nord Est;Veneto;VI;A954;8;73,67
Centro;Lazio;VT;A955;10,33;8,33
Sud;Abruzzo;CH;A956;0;1
Isole;Sicilia;CL;A957;1;0
Isole;Sicilia;PA;A958;5;1
Nord Est;Emilia-Romagna;MO;A959;9;153,25
Isole;Sardegna;OR;A960;1,42;1
Nord Ovest;Liguria;SP;A961;4,5;10,5
Nord Ovest;Lombardia;BG;A962;22,17;68
Nord Ovest;Lombardia;BG;A963;14,01;113,08
Nord Est;Veneto;VR;A964;3;12,25
Nord Est;Emilia-Romagna;FE;A965;23,8;143,63
Sud;Campania;BN;A970;3,84;1
Sud;Molise;CB;A971;0;2
Nord Ovest;Lombardia;CR;A972;2;17,5
Sud;Calabria;CS;A973;5;3
Sud;Campania;AV;A975;2;4
Isole;Sardegna;SS;A976;3,75;6
Isole;Sardegna;SS;A977;1;2
Isole;Sardegna;SS;A978;4,76;2,01
Nord Ovest;Piemonte;CN;A979;0;0
Centro;Lazio;RI;A981;5,76;2,76
Nord Est;Veneto;BL;A982;8;27,44
Nord Est;Friuli- Venezia Giulia;UD;A983;1;7
Nord Ovest;Liguria;IM;A984;125,99;217,2
Nord Ovest;Lombardia;CR;A986;0;6
Nord Est;Emilia-Romagna;PR;A987;4;17
Nord Est;Emilia-Romagna;RE;A988;12;55,33
Nord Ovest;Lombardia;PV;A989;4;46,75
Nord Ovest;Piemonte;TO;A990;36,5;116,61
Isole;Sicilia;PA;A991;4;11,23
Nord Ovest;Liguria;SP;A992;4;3
Nord Ovest;Liguria;IM;A993;5;0
Nord Ovest;Lombardia;LO;A995;3,17;41,34
Centro;Lazio;RI;A996;0;2
Nord Ovest;Piemonte;AL;A998;7;6
Nord Ovest;Liguria;SV;A999;78,45;196,32
Nord Est;Emilia-Romagna;FO;B001;9;38
Sud;Calabria;CZ;B002;6;2
Nord Ovest;Piemonte;TO;B003;2;5
Nord Ovest;Liguria;SV;B005;29;55
Centro;Toscana;LU;B007;14,67;18,34
Centro;Lazio;RI;B008;7;10,33
Nord Ovest;Piemonte;VC;B009;10;15
Nord Ovest;Lombardia;BG;B010;2;2,5
Nord Ovest;Lombardia;MN;B012;2;22
Nord Ovest;Lombardia;PV;B014;2;1
Nord Ovest;Piemonte;TO;B015;11,99;25
Nord Ovest;Piemonte;NO;B016;3;22
Nord Ovest;Lombardia;LO;B017;1;26
Nord Ovest;Piemonte;CN;B018;1;1
Nord Ovest;Piemonte;NO;B019;63,29;202,93
Nord Ovest;Liguria;IM;B020;17;4
Nord Ovest;Piemonte;TO;B021;1;5
Nord Ovest;Piemonte;TO;B024;7;19,96
Nord Est;Emilia-Romagna;PC;B025;20;59,45
Centro;Marche;PS;B026;1;0
Nord Ovest;Lombardia;PV;B028;3,25;7
Nord Ovest;Piemonte;AL;B029;1;9
Nord Ovest;Lombardia;PV;B030;1;0,5
Nord Est;Veneto;PD;B031;0,5;78,25
Nord Ovest;Piemonte;CN;B033;76,7;106,94
Nord Est;Emilia-Romagna;PR;B034;124,41;476,52
Nord Ovest;Lombardia;BS;B035;4,67;31
Centro;Toscana;FI;B036;49,62;148,62
Nord Ovest;Piemonte;AL;B037;2;5,5
Nord Ovest;Lombardia;PV;B038;1;6,1
Nord Ovest;Lombardia;BS;B040;23,61;118,89
Nord Ovest;Piemonte;VC;B041;50,42;113,88
Nord Est;Emilia-Romagna;PR;B042;21,23;53,86
Nord Ovest;Piemonte;NO;B043;20,75;70,75
Nord Est;Emilia-Romagna;BO;B044;14,5;31,05
Nord Ovest;Piemonte;VC;B046;5;13,5
Nord Ovest;Liguria;SV;B048;1;0
Nord Ovest;Lombardia;SO;B049;37,87;72,25
Nord Ovest;Lombardia;PV;B051;7;45,5
Nord Ovest;Lombardia;BS;B054;17;62,89
Isole;Sardegna;OR;B055;0;0
Isole;Sardegna;NU;B056;1;3
Sud;Abruzzo;CH;B057;2;2
Nord Ovest;Piemonte;BI;B058;1,5;8,75
Nord Est;Veneto;TV;B061;5;31
Isole;Sardegna;NU;B062;1;2
Isole;Sardegna;SS;B063;2;3
Isole;Sardegna;SS;B064;0;1
Nord Ovest;Liguria;GE;B067;10,5;8
Isole;Sardegna;NU;B068;16,23;13
Nord Est;Veneto;RO;B069;0;5,3
Nord Est;Veneto;VR;B070;2;9,17
Nord Ovest;Piemonte;AL;B071;3;5
Nord Est;Veneto;VR;B073;21,33;108,13
Nord Ovest;Piemonte;TO;B075;1;16,06
Sud;Campania;NA;B076;16,02;30,5
Sud;Campania;NA;B077;18,84;9,5
Nord Ovest;Piemonte;CN;B079;0;3
Nord Ovest;Piemonte;AL;B080;3;5
Nord Ovest;Lombardia;LC;B081;16,22;33,33
Nord Ovest;Lombardia;PV;B082;0,5;1
Nord Ovest;Lombardia;BG;B083;0;2
Nord Ovest;Piemonte;CN;B084;5,25;6,25
Sud;Calabria;CZ;B085;1;0
Sud;Puglia;LE;B086;1;0
Nord Ovest;Lombardia;BG;B088;8;52,51
Nord Ovest;Lombardia;BS;B091;8,5;99,22
Isole;Sardegna;SS;B094;0;0
Sud;Calabria;RC;B097;0;0
Sud;Calabria;RC;B098;4;4,5
Sud;Calabria;RC;B099;6;11
Nord Ovest;Lombardia;BS;B100;3,75;6,25
Nord Ovest;Piemonte;CN;B101;34,08;55,82
Nord Ovest;Lombardia;BS;B102;18;67,11
Sud;Puglia;FG;B104;7;7
Nord Ovest;Lombardia;MI;B105;47;191,95
Nord Est;Veneto;PD;B106;1;16,8
Nord Est;Veneto;VR;B107;19,5;141
Nord Ovest;Piemonte;AL;B109;0;3
Nord Ovest;Lombardia;MN;B110;2;23,5
Nord Ovest;Piemonte;CN;B111;150,75;339,4
Nord Ovest;Lombardia;BG;B112;1;6,66
Centro;Lazio;RM;B114;65,5;120,24
Sud;Campania;SA;B115;7,86;5
Nord Ovest;Lombardia;PV;B117;3,5;7
Sud;Calabria;RC;B118;0;3
Nord Ovest;Lombardia;BS;B120;1;21,5
Nord Ovest;Piemonte;TO;B121;28,17;88,56
Nord Ovest;Lombardia;BG;B123;3,5;23,66
Nord Ovest;Lombardia;BS;B124;1;2
Nord Ovest;Lombardia;VA;B126;6;21
Nord Est;Veneto;TV;B128;12;64,95
Nord Ovest;Lombardia;CR;B129;5,3;69,78
Nord Est;Veneto;VI;B132;7,09;70,82
Nord Ovest;Lombardia;CO;B134;6,16;61,5
Nord Ovest;Lombardia;BG;B137;21,15;108,44
Nord Ovest;Lombardia;BG;B138;16,58;88,11
Nord Ovest;Lombardia;LO;B141;6;26
Nord Ovest;Lombardia;PV;B142;2;4,33
Nord Est;Veneto;VI;B143;10,5;45,36
Nord Ovest;Lombardia;CO;B144;3;21
Nord Ovest;Lombardia;BS;B149;11,5;34,5
Nord Ovest;Lombardia;VA;B150;3;21,63
Nord Est;Veneto;VR;B152;4;8
Nord Est;Veneto;VR;B154;12,66;18,5
Nord Est;Emilia-Romagna;RE;B156;10;66,5
Nord Ovest;Lombardia;BS;B157;702,15;2185,8
Nord Ovest;Lombardia;PV;B159;8,76;30
Nord Est;Veneto;VI;B161;1;15,5
Nord Ovest;Lombardia;MI;B162;113,61;341,8
Nord Ovest;Lombardia;VA;B166;12,33;18,16
Nord Ovest;Piemonte;CN;B167;0;1
Sud;Calabria;VV;B169;1;4
Nord Ovest;Piemonte;TO;B171;14,51;46,48
Nord Ovest;Lombardia;CO;B172;0;2
Sud;Basilicata;PZ;B173;5;6
Nord Ovest;Piemonte;CN;B175;3;0
Nord Ovest;Piemonte;NO;B176;3,83;17
Nord Ovest;Lombardia;BG;B178;11,32;60,62
Nord Ovest;Piemonte;AL;B179;4;1
Sud;Puglia;BR;B180;109,37;437,47
Sud;Basilicata;PZ;B181;2;0
Nord Ovest;Lombardia;VA;B182;0,2;4
Nord Ovest;Piemonte;NO;B183;4,5;10
Nord Ovest;Lombardia;BS;B184;0;5
Nord Ovest;Lombardia;MI;B187;14,34;62,46
Nord Est;Emilia-Romagna;RA;B188;23,74;25,06
Nord Ovest;Lombardia;VA;B191;0;10
Nord Ovest;Valle d'Aosta;AO;B192;1;2
Sud;Abruzzo;PE;B193;0;0
Nord Ovest;Lombardia;LC;B194;13,5;39,15
Centro;Lazio;FR;B195;0;1
Nord Est;Veneto;VI;B196;1,83;33,93
Sud;Calabria;VV;B197;0;1
Isole;Sicilia;ME;B198;20;3
Nord Ovest;Piemonte;CN;B200;1;2,5
Nord Ovest;Lombardia;PV;B201;25,67;73,42
Isole;Sicilia;CT;B202;40,45;52,8
Nord Ovest;Piemonte;CN;B204;9;8
Nord Ovest;Piemonte;TO;B205;2,5;6
Nord Ovest;Piemonte;VB;B207;3;9
Nord Ovest;Piemonte;TO;B209;2;4,39
Nord Ovest;Lombardia;MI;B212;226,6;528,85
Nord Est;Veneto;PD;B213;3;41,5
Nord Ovest;Liguria;SP;B214;1,64;2
Nord Est;Friuli- Venezia Giulia;PN;B215;11,78;64,58
Nord Ovest;Piemonte;TO;B216;22,47;103,2
Nord Ovest;Lombardia;BG;B217;1;1
Nord Ovest;Lombardia;CO;B218;12;7,5
Nord Ovest;Lombardia;VA;B219;0,5;7
Nord Ovest;Piemonte;AT;B221;1;0
Nord Ovest;Lombardia;BG;B223;10,34;71,75
Nord Ovest;Piemonte;TO;B225;4;19
Sud;Campania;NA;B227;22,47;61,5
Nord Ovest;Lombardia;VA;B228;1;11
Nord Ovest;Piemonte;BI;B229;5;9,84
Nord Ovest;Valle d'Aosta;AO;B230;15,5;30,5
Nord Ovest;Piemonte;TO;B232;4;8
Sud;Calabria;RC;B234;1;1
Nord Ovest;Lombardia;MI;B235;6;35
Nord Ovest;Piemonte;AT;B236;0,5;2,5
Isole;Sicilia;SR;B237;1,55;4,33
Sud;Abruzzo;CH;B238;8,5;9,5
Sud;Campania;BN;B239;0;2
Nord Ovest;Lombardia;MI;B240;98,28;359,07
Sud;Campania;SA;B242;6;6
Centro;Toscana;AR;B243;25;69,01
Isole;Sardegna;SS;B246;0;3
Nord Est;Friuli- Venezia Giulia;PN;B247;7;14,5
Isole;Sardegna;NU;B248;5;62,5
Nord Est;Emilia-Romagna;BO;B249;44,67;189,91
Isole;Sardegna;CA;B250;1;5,5
Centro;Toscana;PT;B251;8;74,16
Nord Ovest;Lombardia;SO;B255;8;7
Sud;Abruzzo;AQ;B256;1;3,75
Nord Ovest;Lombardia;VA;B258;5;22,22
Nord Est;Friuli- Venezia Giulia;UD;B259;7;46,17
Nord Ovest;Lombardia;LC;B261;4,6;26,96
Nord Ovest;Lombardia;CO;B262;11,63;46,02
Isole;Sardegna;SS;B264;0;1
Isole;Sardegna;SS;B265;0;2
Sud;Campania;SA;B266;1;0
Sud;Campania;BN;B267;5;3
Sud;Abruzzo;CH;B268;0;0
Centro;Toscana;SI;B269;9,43;19
Sud;Calabria;CS;B270;0;1
Nord Ovest;Lombardia;MI;B272;14;74,58
Isole;Sardegna;CA;B274;0;0
Isole;Sicilia;AG;B275;8;0
Isole;Sardegna;SS;B276;0,5;0
Nord Ovest;Piemonte;TO;B278;2;5,84
Nord Ovest;Piemonte;TO;B279;0;10
Nord Ovest;Piemonte;VC;B280;0;5
Isole;Sardegna;OR;B281;0;0
Nord Ovest;Liguria;GE;B282;19,67;30,49
Nord Ovest;Piemonte;TO;B284;0;13
Nord Ovest;Piemonte;CN;B285;61,34;104,17
Nord Ovest;Lombardia;MI;B286;11,25;50,91
Isole;Sicilia;SR;B287;4;6
Isole;Sicilia;TP;B288;2;1
Nord Ovest;Lombardia;MI;B289;12,25;109,5
Nord Ovest;Lombardia;MI;B292;19,89;92,53
Nord Est;Emilia-Romagna;PR;B293;16,01;69,43
Sud;Abruzzo;PE;B294;1,84;6,17
Sud;Molise;CB;B295;2;2
Nord Est;Veneto;VR;B296;48,63;205,39
Nord Ovest;Piemonte;TO;B297;33,34;43,17
Nord Ovest;Lombardia;VA;B300;461,52;1179,73
Nord Ovest;Lombardia;MI;B301;48,12;185,55
Isole;Sicilia;CL;B302;10,57;9
Centro;Toscana;PI;B303;25;26
Nord Est;Veneto;VR;B304;9,27;81,84
Nord Ovest;Piemonte;TO;B305;19,5;49,52
Nord Ovest;Piemonte;AT;B306;1;14,25
Nord Est;Friuli- Venezia Giulia;UD;B309;7;33,84
Nord Ovest;Lombardia;BG;B310;6,5;46,13
Nord Ovest;Piemonte;AL;B311;8;2
Nord Ovest;Lombardia;VA;B312;1;4
Nord Ovest;Lombardia;CO;B313;14,03;46,83
Isole;Sardegna;OR;B314;0,67;23
Isole;Sicilia;PA;B315;15,77;2,67
Sud;Molise;IS;B317;2;2
Sud;Calabria;KR;B319;6,67;2
Nord Ovest;Lombardia;VA;B326;6,92;10,5
Nord Est;Emilia-Romagna;RE;B328;21;112,99
Nord Est;Emilia-Romagna;PC;B332;7;66,64
Nord Est;Veneto;PD;B345;4,5;173,53
Nord Ovest;Lombardia;CO;B346;26;88,27
Nord Est;Veneto;TV;B349;5;54
Nord Ovest;Piemonte;TO;B350;9,33;37,33
Sud;Campania;SA;B351;9;3
Centro;Marche;PS;B352;17,91;35,5
Isole;Sardegna;CA;B354;203,05;749,86
Nord Ovest;Lombardia;CO;B355;4;14,88
Sud;Puglia;FG;B357;10;23,88
Sud;Abruzzo;AQ;B358;1;0
Sud;Campania;CE;B361;2;4
Sud;Campania;CE;B362;3;4
Nord Ovest;Lombardia;BS;B365;2,5;10
Nord Ovest;Lombardia;SO;B366;10,51;5
Sud;Campania;AV;B367;5,99;4
Nord Ovest;Lombardia;VA;B368;34,44;87
Nord Ovest;Liguria;SV;B369;52,29;97,17
Sud;Campania;NA;B371;33,46;97,13
Sud;Campania;AV;B374;9;2
Nord Est;Veneto;BL;B375;6;18,01
Nord Ovest;Piemonte;AT;B376;1;7,5
Isole;Sicilia;AG;B377;0;2
Isole;Sardegna;SS;B378;3,25;4
Sud;Calabria;RC;B379;0;0
Nord Ovest;Piemonte;VB;B380;4;4
Isole;Sicilia;EN;B381;9;9
Sud;Abruzzo;AQ;B382;2;2
Isole;Sardegna;CA;B383;2;6
Isole;Sicilia;CT;B384;10,72;37,94
Isole;Sicilia;TP;B385;17,11;9,5
Nord Ovest;Lombardia;PV;B387;1;18,35
Centro;Lazio;VT;B388;2;8
Centro;Toscana;PI;B390;14;15
Sud;Basilicata;MT;B391;0;0,92
Centro;Toscana;PI;B392;19,24;106
Nord Ovest;Lombardia;BG;B393;5,25;47,94
Nord Ovest;Lombardia;BS;B394;8,58;105,62
Nord Ovest;Lombardia;BG;B395;5;41,7
Nord Ovest;Lombardia;LC;B396;20,2;78,5
Centro;Marche;MC;B398;2;7,5
Nord Est;Emilia-Romagna;BO;B399;24,88;152,64
Nord Est;Veneto;VR;B402;14,5;82,07
Nord Est;Veneto;VI;B403;7;110,25
Nord Est;Emilia-Romagna;PC;B405;1;13,5
Centro;Toscana;FI;B406;30,93;147,5
Nord Est;Emilia-Romagna;PR;B408;12;22
Nord Ovest;Liguria;SV;B409;7,5;9,5
Nord Ovest;Liguria;SP;B410;3,75;0,5
Sud;Puglia;LE;B413;6;20
Sud;Campania;AV;B415;5;15
Nord Ovest;Liguria;SV;B416;6;11
Nord Ovest;Piemonte;BI;B417;2;1
Nord Ovest;Piemonte;AT;B418;2,5;7,5
Nord Ovest;Lombardia;LC;B423;32;121,86
Sud;Calabria;CS;B424;2;2,5
Nord Ovest;Piemonte;AT;B425;0;0
Sud;Calabria;CS;B426;0;0
Isole;Sicilia;AG;B427;8;2
Isole;Sicilia;CT;B428;47,14;87,76
Isole;Sicilia;CL;B429;76,7;137,88
Isole;Sicilia;PA;B430;6;3
Nord Ovest;Piemonte;NO;B431;2,5;29,19
Nord Est;Veneto;RO;B432;1;7
Nord Est;Veneto;VI;B433;3,33;17
Nord Ovest;Lombardia;BG;B434;29,67;107,27
Nord Ovest;Piemonte;TO;B435;18,63;86,76
Nord Ovest;Lombardia;BS;B436;2;36,75
Sud;Campania;SA;B437;4;3
Nord Ovest;Lombardia;CR;B439;1;9
Sud;Basilicata;PZ;B440;8;3,5
Nord Est;Veneto;VI;B441;5;8,5
Nord Ovest;Lombardia;BG;B442;6;49,42
Sud;Basilicata;PZ;B443;1,83;0
Sud;Campania;BN;B444;0;4
Sud;Campania;CE;B445;3,5;4
Centro;Umbria;TR;B446;7;8,06
Nord Ovest;Lombardia;PV;B447;0;0
Nord Ovest;Lombardia;MI;B448;0;14,5
Nord Ovest;Lombardia;BS;B450;8,48;53,67
Sud;Campania;NA;B452;3;18,92
Nord Ovest;Piemonte;AL;B453;1;8,5
Centro;Toscana;LU;B455;55,98;123,07
Nord Ovest;Piemonte;BI;B457;3,83;5,5
Isole;Sicilia;AG;B460;6,33;3,5
Nord Ovest;Lombardia;MI;B461;54,5;158
Nord Ovest;Piemonte;TO;B462;15,67;69,62
Nord Ovest;Piemonte;VB;B463;6;8,8
Nord Ovest;Piemonte;BI;B465;0;2
Sud;Molise;IS;B466;0;0
Nord Ovest;Piemonte;CN;B467;5;5
Centro;Marche;AN;B468;15,34;43,13
Nord Ovest;Piemonte;AT;B469;4;2
Centro;Marche;AN;B470;4;18
Nord Ovest;Lombardia;BG;B471;0;8,75
Centro;Lazio;RM;B472;0;0
Nord Ovest;Piemonte;NO;B473;22,17;141,69
Centro;Marche;MC;B474;1;28,5
Sud;Campania;SA;B476;12;2
Sud;Campania;CE;B477;2;3
Sud;Calabria;RC;B481;1;0
Nord Ovest;Piemonte;AL;B482;0;7
Nord Est;Friuli- Venezia Giulia;UD;B483;2;1
Nord Ovest;Lombardia;CR;B484;1;10,08
Nord Est;Veneto;VI;B485;3;124,03
Isole;Sicilia;AG;B486;17,66;4
Nord Ovest;Liguria;GE;B490;37,51;261,16
Nord Ovest;Valle d'Aosta;AO;B491;2;0
Sud;Campania;SA;B492;18,15;22
Nord Est;Veneto;VE;B493;5,5;76,64
Sud;Campania;CE;B494;0;0
Centro;Lazio;RM;B496;34,34;55,5
Centro;Toscana;GR;B497;13,5;13,5
Nord Ovest;Lombardia;CR;B498;0;2
Nord Est;Emilia-Romagna;RE;B499;8,5;45,99
Sud;Calabria;CS;B500;0;0
Nord Ovest;Lombardia;MI;B501;3;28,25
Nord Est;Emilia-Romagna;RE;B502;11,5;66,82
Centro;Umbria;PG;B504;2,22;12,16
Nord Ovest;Piemonte;VC;B505;6;8
Sud;Puglia;LE;B506;2,89;18,17
Centro;Toscana;FI;B507;44,62;392,67
Centro;Toscana;LI;B509;40,62;83,67
Nord Ovest;Piemonte;TO;B510;5;1
Nord Est;Veneto;VI;B511;0;7
Nord Ovest;Piemonte;TO;B512;2;9
Nord Ovest;Lombardia;CO;B513;6,21;28,68
Sud;Abruzzo;TE;B515;5;9
Sud;Calabria;RC;B516;3;4
Sud;Molise;CB;B519;95,58;281,14
Isole;Sicilia;AG;B520;11,13;11,66
Isole;Sicilia;TP;B521;5;8
Sud;Molise;CB;B522;1;0
Nord Est;Veneto;PD;B524;12;167,34
Sud;Abruzzo;AQ;B526;12;23,22
Centro;Lazio;LT;B527;1;0
Sud;Molise;CB;B528;2,25;5,5
Nord Ovest;Lombardia;SO;B530;28,55;48,25
Nord Est;Veneto;PD;B531;0;15,83
Isole;Sicilia;PA;B532;5;40,06
Isole;Sicilia;PA;B533;0;0
Centro;Marche;AP;B534;6,53;16,53
Isole;Sicilia;PA;B535;2;2,5
Nord Est;Friuli- Venezia Giulia;UD;B536;7,5;58,75
Isole;Sicilia;CL;B537;4,83;1
Nord Ovest;Liguria;GE;B538;6;7,11
Nord Est;Emilia-Romagna;MO;B539;14,65;91,63
Nord Ovest;Valle d'Aosta;AO;B540;4,42;8
Sud;Campania;BN;B541;2;1
Sud;Campania;BN;B542;1;0
Centro;Lazio;FR;B543;1;1
Sud;Molise;CB;B544;4,68;2,5
Nord Est;Veneto;VE;B546;6;77,63
Sud;Basilicata;PZ;B549;1,76;1
Sud;Molise;CB;B550;7,28;55,5
Nord Ovest;Liguria;GE;B551;12;27,33
Centro;Toscana;LI;B553;10,71;23,15
Nord Est;Veneto;VE;B554;7,22;101,25
Sud;Campania;SA;B555;0;2
Isole;Sicilia;PA;B556;2;3
Centro;Toscana;LU;B557;7,75;3,75
Nord Ovest;Liguria;IM;B559;28;14,7
Isole;Sicilia;CT;B561;9;64
Centro;Marche;MC;B562;1;1
Nord Est;Veneto;PD;B563;7;103,5
Nord Est;Veneto;PD;B564;2;48,67
Sud;Campania;NA;B565;3;13
Nord Est;Emilia-Romagna;MO;B566;7,5;33,66
Nord Ovest;Lombardia;PV;B567;1;11,6
Sud;Abruzzo;AQ;B569;0;3
Nord Est;Emilia-Romagna;BO;B572;19,65;19,83
Nord Ovest;Piemonte;CN;B573;16,5;34,35
Nord Est;Veneto;BL;B574;5;5,92
Centro;Lazio;RM;B576;6;8,39
Nord Est;Veneto;RO;B578;6;26
Sud;Basilicata;PZ;B580;1;0
Sud;Campania;CE;B581;3;5
Nord Est;Veneto;RO;B582;0;5
Sud;Puglia;FG;B584;3,75;3
Nord Ovest;Piemonte;BI;B586;35,5;72,17
Nord Ovest;Lombardia;PV;B587;2;6
Nord Ovest;Piemonte;TO;B588;2,33;5,99
Nord Est;Veneto;PD;B589;3,5;14
Sud;Campania;AV;B590;4;2
Sud;Calabria;RC;B591;1;0
Nord Ovest;Piemonte;TO;B592;11,5;73,5
Nord Ovest;Lombardia;MI;B593;31;120,87
Nord Ovest;Piemonte;AT;B594;41,07;68,17
Centro;Lazio;RI;B595;0;2
Centro;Lazio;VT;B597;8;7,17
Nord Est;Friuli- Venezia Giulia;PN;B598;6;29,41
Isole;Sicilia;AG;B602;36,67;37,5
Isole;Sicilia;SR;B603;7,17;18
Centro;Lazio;VT;B604;12,5;10,33
Nord Ovest;Piemonte;TO;B605;0;4,1
Sud;Abruzzo;AQ;B606;0;0
Sud;Calabria;CS;B607;0;0
Sud;Campania;SA;B608;1;0
Centro;Umbria;PG;B609;5,99;15,66
Nord Ovest;Piemonte;VB;B610;4;8
Nord Ovest;Lombardia;MN;B612;5;45,56
Nord Ovest;Lombardia;PV;B613;2;3
Nord Ovest;Piemonte;VB;B615;45,1;65,27
Sud;Puglia;LE;B616;2;0
Sud;Calabria;RC;B617;0;0
Nord Ovest;Lombardia;BG;B618;6;43,83
Sud;Puglia;BA;B619;43,77;118,58
Sud;Abruzzo;CH;B620;0,33;0
Nord Ovest;Piemonte;CN;B621;2;0
Sud;Abruzzo;AQ;B624;1;0
Centro;Toscana;PO;B626;13,75;25,81
Centro;Lazio;RI;B627;7,5;3,5
Nord Ovest;Piemonte;TO;B628;7;17,9
Nord Ovest;Piemonte;AL;B629;3;1,5
Sud;Molise;IS;B630;1;1
Centro;Lazio;RI;B631;0;1
Centro;Lazio;RM;B632;4;0
Nord Ovest;Piemonte;AT;B633;0;6
Nord Ovest;Lombardia;VA;B634;27,58;61,33
Centro;Lazio;RM;B635;2;0
Centro;Marche;PS;B636;2;2,5
Nord Ovest;Piemonte;TO;B637;4;10
Nord Ovest;Lombardia;CO;B639;119,59;487,77
Sud;Abruzzo;TE;B640;2;7
Nord Ovest;Lombardia;CO;B641;22,53;43,47
Nord Est;Veneto;VE;B642;35,27;367,11
Nord Est;Emilia-Romagna;PC;B643;8;54,84
Sud;Campania;SA;B644;20,85;61,92
Isole;Sicilia;PA;B645;4,33;24,03
Centro;Toscana;GR;B646;13,02;15,31
Centro;Toscana;PI;B647;15,17;37,33
Centro;Toscana;LU;B648;74,18;123,81
Centro;Lazio;RM;B649;9,5;66,25
Nord Ovest;Lombardia;CR;B650;2;25,5
Sud;Abruzzo;AQ;B651;3;9,67
Nord Ovest;Lombardia;CO;B653;16;51,4
Sud;Calabria;VV;B655;1;0
Sud;Abruzzo;AQ;B656;7,67;5
Sud;Abruzzo;AQ;B658;1;2
Isole;Sicilia;ME;B660;1;0
Nord Ovest;Lombardia;BG;B661;2,33;5,5
Nord Est;Veneto;BL;B662;10;50,55
Centro;Lazio;VT;B663;6,4;7,5
Nord Ovest;Lombardia;BS;B664;6,24;14,54
Isole;Sicilia;ME;B666;31,43;47
Sud;Campania;CE;B667;13;37,5
Centro;Toscana;LI;B669;7,7;27,5
Centro;Toscana;AR;B670;11,25;32,5
Nord Ovest;Lombardia;MI;B671;13,56;59,07
Sud;Abruzzo;AQ;B672;3;0
Sud;Campania;AV;B674;10,75;5,73
Isole;Sardegna;CA;B675;3;49,5
Nord Ovest;Lombardia;BS;B676;1;0
Sud;Abruzzo;AQ;B677;13,25;36,56
Nord Est;Veneto;TV;B678;4,67;32,67
Nord Ovest;Lombardia;CR;B679;1;5,83
Nord Ovest;Lombardia;CR;B680;0;0,5
Sud;Abruzzo;PE;B681;3;20
Sud;Molise;IS;B682;1;7,75
Centro;Toscana;FI;B684;12;72,17
Centro;Toscana;LI;B685;2;4
Nord Ovest;Lombardia;CR;B686;1;24,75
Centro;Lazio;RM;B687;2;4,67
Centro;Lazio;VT;B688;19;32,5
Nord Est;Emilia-Romagna;BO;B689;11;59
Sud;Puglia;LE;B690;0;4
Centro;Lazio;VT;B691;17;20,17
Nord Ovest;Piemonte;CN;B692;2,17;0
Centro;Toscana;AR;B693;5,5;7,5
Nord Ovest;Piemonte;VB;B694;1;0
Isole;Sicilia;ME;B695;5,68;4,69
Sud;Campania;NA;B696;12,75;1
Nord Ovest;Lombardia;BS;B698;10;52,43
Nord Ovest;Piemonte;AL;B701;8;20
Nord Ovest;Lombardia;BG;B703;20,5;91,1
Sud;Campania;CE;B704;0;5
Nord Ovest;Piemonte;TO;B705;8,5;7,5
Sud;Campania;AV;B706;0,4;7,86
Nord Ovest;Piemonte;AT;B707;1;3
Nord Ovest;Piemonte;BI;B708;0;3
Nord Est;Veneto;VR;B709;23,01;72,17
Nord Ovest;Lombardia;BG;B710;9,45;32
Nord Ovest;Lombardia;BS;B711;8;98,72
Sud;Campania;CE;B715;24,08;44,03
Sud;Puglia;BA;B716;18,13;67,14
Sud;Calabria;CZ;B717;0;3
Sud;Calabria;RC;B718;0;2
Nord Ovest;Piemonte;CN;B719;17,14;45,27
Nord Ovest;Piemonte;CN;B720;3,75;15
Sud;Abruzzo;PE;B722;3;5
Sud;Puglia;FG;B724;7,5;35,59
Sud;Abruzzo;AQ;B725;1;0
Nord Ovest;Liguria;GE;B726;9,6;15
Centro;Marche;AP;B727;2;3
Nord Ovest;Lombardia;MI;B729;100,44;273,02
Nord Ovest;Lombardia;CO;B730;13,5;19
Nord Ovest;Lombardia;BG;B731;30,56;201,27
Nord Ovest;Lombardia;VA;B732;2,83;24
Nord Ovest;Piemonte;TO;B733;3,34;9,32
Nord Ovest;Liguria;IM;B734;1;0
Centro;Lazio;VT;B735;2,67;2
Nord Ovest;Piemonte;AL;B736;2;5,25
Isole;Sardegna;CA;B738;28,5;73
Sud;Campania;NA;B740;0;8
Nord Ovest;Lombardia;PV;B741;1;14,22
Nord Ovest;Lombardia;CO;B742;5,44;32
Sud;Basilicata;PZ;B743;2,5;0
Nord Est;Veneto;TV;B744;20,5;118,37
Isole;Sardegna;CA;B745;13,03;13
Nord Ovest;Liguria;SV;B748;15,33;36,5
Nord Est;Veneto;PD;B749;0;2,25
Nord Ovest;Piemonte;VC;B752;0;1
Nord Ovest;Lombardia;VA;B754;39,44;239,89
Nord Ovest;Piemonte;CN;B755;6,5;13
Sud;Calabria;RC;B756;0;1
Sud;Calabria;CZ;B758;1;0
Sud;Campania;NA;B759;12,75;55,63
Centro;Toscana;LU;B760;0;0
Nord Ovest;Piemonte;TO;B762;5;1
Nord Ovest;Lombardia;LC;B763;4;9
Nord Ovest;Piemonte;AL;B765;0;1
Sud;Calabria;RC;B766;1;1
Nord Ovest;Piemonte;VC;B767;7,67;12,07
Nord Ovest;Piemonte;VC;B768;0;5,5
Nord Ovest;Piemonte;AL;B769;1;1
Sud;Calabria;KR;B771;0;0
Isole;Sardegna;SS;B772;0;0
Sud;Calabria;CS;B774;3;10
Sud;Campania;AV;B776;3;4
Nord Ovest;Piemonte;TO;B777;35;77,5
Nord Ovest;Lombardia;CO;B778;8,75;48,16
Sud;Campania;CE;B779;6,08;7,33
Isole;Sicilia;PA;B780;24,5;20,5
Sud;Campania;CE;B781;3;6,17
Nord Ovest;Piemonte;VC;B782;2,5;10,5
Sud;Puglia;FG;B784;0;1
Nord Ovest;Lombardia;CO;B785;9,6;26
Isole;Sicilia;SR;B787;15;95,61
Nord Est;Friuli- Venezia Giulia;UD;B788;1;4
Isole;Sardegna;CA;B789;14;6
Sud;Calabria;CZ;B790;2;0
Nord Ovest;Piemonte;TO;B791;63,67;271,39
Sud;Puglia;LE;B792;3,4;11,5
Centro;Toscana;PO;B794;27,82;80,61
Nord Est;Veneto;PD;B795;6,5;81,81
Nord Ovest;Lombardia;VA;B796;11;69,64
Nord Ovest;Lombardia;MI;B798;72;147,85
Nord Ovest;Lombardia;BG;B801;13,12;49,16
Sud;Calabria;CS;B802;5,08;3
Nord Ovest;Lombardia;BG;B803;5;8,5
Isole;Sicilia;ME;B804;19,78;6,22
Nord Ovest;Lombardia;VA;B805;69,58;235,94
Nord Ovest;Lombardia;VA;B807;5;19,67
Sud;Puglia;TA;B808;4,75;13,61
Sud;Puglia;BR;B809;36,68;67
Sud;Molise;IS;B810;1,06;0,06
Nord Est;Emilia-Romagna;PC;B812;21,83;80,45
Sud;Calabria;CS;B813;0;0
Centro;Marche;PS;B816;8;15,3
Nord Ovest;Lombardia;BS;B817;9;111,35
Nord Ovest;Piemonte;AL;B818;3,5;2
Nord Est;Emilia-Romagna;MO;B819;142,09;1026,36
Nord Ovest;Lombardia;MI;B820;9;62,33
Sud;Puglia;LE;B822;4;4
Nord Ovest;Piemonte;NO;B823;0;13
Nord Ovest;Lombardia;PV;B824;1;91,68
Nord Est;Emilia-Romagna;RE;B825;13,17;30
Sud;Abruzzo;CH;B826;1;1,5
Sud;Abruzzo;PE;B827;0;0
Centro;Lazio;RM;B828;5,72;3
Sud;Puglia;FG;B829;4;9,17
Sud;Molise;IS;B830;0,5;1
Centro;Toscana;MS;B832;115,53;178,04
Nord Est;Veneto;VI;B835;1;35,5
Nord Ovest;Piemonte;AL;B836;3;0
Nord Ovest;Liguria;SP;B838;8,75;0,5
Nord Ovest;Liguria;SP;B839;4;5
Nord Ovest;Piemonte;AL;B840;1,5;5
Nord Ovest;Piemonte;CN;B841;15;36,9
Sud;Abruzzo;AQ;B842;9,5;22
Nord Est;Veneto;VI;B844;1;10
Nord Ovest;Piemonte;CN;B845;1;4
Centro;Marche;PS;B846;4;73,6
Nord Ovest;Piemonte;AL;B847;2;2
Nord Est;Veneto;PD;B848;3,44;32,69
Nord Ovest;Lombardia;MI;B850;46,19;201,25
Nord Ovest;Lombardia;CO;B851;23;63,5
Sud;Abruzzo;CH;B853;1;1
Nord Ovest;Lombardia;BG;B854;9;49,72
Sud;Calabria;KR;B857;0;2
Sud;Molise;CB;B858;0,4;1,9
Sud;Abruzzo;CH;B859;0;7
Sud;Campania;CE;B860;23;75,67
Sud;Abruzzo;CH;B861;2;1,5
Centro;Lazio;FR;B862;2;0
Nord Ovest;Piemonte;NO;B864;0;16
Sud;Abruzzo;CH;B865;11,88;15,67
Sud;Campania;AV;B866;1;0
Nord Ovest;Piemonte;TO;B867;9,5;19
Sud;Campania;SA;B868;1,2;0
Nord Ovest;Lombardia;CR;B869;7;28,41
Nord Ovest;Piemonte;AL;B870;0;6,17
Sud;Molise;CB;B871;0;2
Sud;Campania;CE;B872;1,99;1
Sud;Campania;BN;B873;1;0
Nord Ovest;Lombardia;VA;B875;5,66;12,17
Nord Ovest;Piemonte;VB;B876;7,67;22,08
Nord Est;Veneto;PD;B877;1;24,5
Centro;Toscana;PI;B878;7;5
Nord Est;Veneto;TV;B879;13,58;159,17
Nord Est;Emilia-Romagna;BO;B880;157,25;369,81
Nord Ovest;Lombardia;CR;B881;2,5;18,24
Nord Ovest;Piemonte;AL;B882;0;2
Nord Ovest;Piemonte;NO;B883;0;8,11
Nord Ovest;Piemonte;AL;B885;180,8;330,98
Nord Est;Veneto;VR;B886;6;55,5
Nord Ovest;Lombardia;LO;B887;9,5;50,5
Sud;Campania;SA;B888;1,5;1
Nord Ovest;Lombardia;CR;B889;0,5;11
Nord Ovest;Lombardia;CR;B890;0;7,5
Nord Ovest;Lombardia;CR;B891;1;17
Nord Est;Emilia-Romagna;BO;B892;17,95;21,33
Nord Est;Emilia-Romagna;RE;B893;38,6;254,35
Nord Ovest;Piemonte;CN;B894;0;12,5
Sud;Campania;SA;B895;14;26,33
Sud;Abruzzo;CH;B896;0;6
Nord Ovest;Piemonte;NO;B897;4,33;14,17
Nord Ovest;Lombardia;CR;B898;21;125,31
Nord Ovest;Lombardia;LO;B899;7;32,01
Nord Ovest;Lombardia;CR;B900;1;14,83
Nord Ovest;Lombardia;MN;B901;2;19,61
Nord Ovest;Piemonte;AL;B902;2;6,9
Sud;Calabria;CS;B903;8;10
Sud;Puglia;FG;B904;0;1
Sud;Campania;NA;B905;81,96;179,59
Sud;Basilicata;PZ;B906;0;1
Nord Ovest;Lombardia;MN;B907;1;21,02
Nord Ovest;Lombardia;LO;B910;19,42;177,92
Nord Ovest;Lombardia;MN;B911;1;4
Nord Est;Veneto;PD;B912;3,8;42,8
Nord Ovest;Lombardia;CR;B914;0;9
Sud;Puglia;FG;B915;10,25;37,61
Sud;Campania;CE;B916;5;9
Sud;Puglia;FG;B917;0;2
Isole;Sicilia;ME;B918;4;0
Centro;Lazio;FR;B919;1,2;2
Nord Ovest;Piemonte;NO;B920;2;3
Nord Ovest;Lombardia;VA;B921;6,5;14
Sud;Campania;NA;B922;6;7
Sud;Puglia;BA;B923;34,09;155,33
Sud;Campania;NA;B924;2,33;0
Sud;Campania;NA;B925;15,67;24,48
Nord Ovest;Liguria;SV;B927;2;0
Nord Ovest;Piemonte;VC;B928;0;6
Nord Ovest;Lombardia;PV;B929;2;3
Centro;Lazio;RM;B932;1;3
Nord Ovest;Piemonte;BI;B933;12;7
Centro;Lazio;RI;B934;1;2
Sud;Campania;CE;B935;4,67;63
Sud;Puglia;LE;B936;10;43,97
Nord Ovest;Lombardia;LC;B937;4,33;14,5
Nord Ovest;Lombardia;MI;B938;2,5;41,52
Nord Ovest;Liguria;GE;B939;21,7;35,5
Nord Est;Friuli- Venezia Giulia;PN;B940;12,5;62,01
Nord Ovest;Piemonte;AL;B941;0;1
Nord Ovest;Lombardia;LC;B943;30,94;142,84
Nord Ovest;Lombardia;PV;B945;0;7
Sud;Campania;NA;B946;11,77;77,66
Nord Ovest;Lombardia;BG;B947;8,39;37,5
Centro;Umbria;PG;B948;9,98;9,5
Nord Ovest;Lombardia;VA;B949;3,5;20,5
Centro;Toscana;PI;B950;98,23;267,85
Nord Ovest;Piemonte;VC;B952;1;3
Nord Ovest;Piemonte;TO;B953;2,78;15,67
Nord Ovest;Lombardia;PV;B954;5,5;21
Nord Ovest;Piemonte;TO;B955;9;28,33
Nord Ovest;Liguria;GE;B956;9;17,75
Nord Ovest;Lombardia;LO;B958;5,17;53,87
Sud;Campania;SA;B959;2;0
Nord Ovest;Piemonte;TO;B960;48;145,67
Nord Ovest;Lombardia;LO;B961;2;2,5
Centro;Toscana;FI;B962;92,13;249,65
Sud;Campania;CE;B963;156,12;537,87
Nord Est;Veneto;TV;B965;17;141,73
Sud;Calabria;RC;B966;0;0
Nord Est;Emilia-Romagna;RE;B967;16,61;35,67
Sud;Calabria;KR;B968;1;0
Nord Est;Emilia-Romagna;BO;B969;8,5;20,17
Nord Ovest;Lombardia;BG;B971;14,16;55,68
Nord Ovest;Lombardia;CO;B974;5;13
Nord Ovest;Lombardia;CO;B977;11;80,68
Nord Ovest;Lombardia;BG;B978;1,97;17,74
Centro;Toscana;MS;B979;13,5;4,5
Sud;Campania;NA;B980;2;1
Nord Est;Emilia-Romagna;RA;B982;4,5;7
Centro;Toscana;SI;B984;12,25;17,08
Sud;Abruzzo;CH;B985;11,89;15
Nord Ovest;Lombardia;VA;B987;9,59;70,8
Nord Ovest;Lombardia;PV;B988;20,5;164
Nord Ovest;Lombardia;MI;B989;11,66;72,67
Sud;Campania;NA;B990;41,75;125,53
Nord Ovest;Piemonte;AT;B991;0,5;2
Nord Ovest;Lombardia;SO;B993;25,91;33,5
Nord Est;Friuli- Venezia Giulia;UD;B994;6;12,66
Nord Ovest;Lombardia;LC;B996;10,17;34,67
Sud;Campania;AV;B997;8;7
Sud;Puglia;BA;B998;14,22;54,5
Nord Ovest;Lombardia;VA;B999;0;3
Sud;Calabria;CS;C002;13,12;20,04
Nord Ovest;Lombardia;MI;C003;143,13;363,41
Nord Ovest;Lombardia;VA;C004;45,87;203,58
Isole;Sicilia;SR;C006;2;3
Nord Ovest;Lombardia;BG;C007;0;0
Nord Ovest;Lombardia;MI;C013;34,5;121,57
Nord Ovest;Lombardia;MI;C014;45,33;140,33
Nord Ovest;Lombardia;CO;C020;11,63;54,17
Nord Ovest;Piemonte;AT;C022;1;3
Nord Ovest;Lombardia;LC;C024;1;25,33
Nord Ovest;Piemonte;AL;C027;2,27;7,17
Nord Ovest;Piemonte;AL;C030;1;4,67
Nord Ovest;Lombardia;MI;C033;3;16,5
Centro;Lazio;FR;C034;33;136
Nord Est;Veneto;VI;C037;31;144,73
Nord Ovest;Lombardia;PV;C038;10,5;52,08
Sud;Abruzzo;TE;C040;1;0
Nord Est;Veneto;VR;C041;5,33;16,66
Centro;Toscana;LI;C044;28,69;80,37
Nord Ovest;Piemonte;TO;C045;2;18
Nord Ovest;Piemonte;CN;C046;6;21
Nord Ovest;Piemonte;AT;C047;2;5,75
Nord Ovest;Piemonte;TO;C048;7;17,92
Nord Ovest;Piemonte;AT;C049;6,56;19,75
Nord Ovest;Lombardia;PV;C050;1;4
Isole;Sicilia;ME;C051;4,91;0
Nord Ovest;Lombardia;MI;C052;20,83;111,63
Nord Ovest;Lombardia;PV;C053;7;38,5
Nord Ovest;Lombardia;BS;C055;5,5;68,67
Nord Est;Veneto;VI;C056;1;17
Nord Est;Veneto;PD;C057;4;10
Sud;Campania;AV;C058;2,95;1,66
Nord Ovest;Lombardia;MN;C059;0;34,4
Centro;Marche;AN;C060;3;54,6
Nord Ovest;Liguria;SV;C063;4,07;1
Nord Ovest;Piemonte;AT;C064;0;2
Nord Est;Emilia-Romagna;RA;C065;11,5;101,33
Sud;Molise;CB;C066;3;2
Isole;Sicilia;PA;C067;15,98;7
Sud;Campania;SA;C069;4;1
Centro;Marche;AP;C070;3;6
Nord Ovest;Lombardia;BS;C072;10,51;51,17
Nord Est;Veneto;TV;C073;1;15,5
Isole;Sicilia;PA;C074;9,5;19
Nord Est;Emilia-Romagna;BO;C075;16,16;26,13
Nord Ovest;Lombardia;MN;C076;6;41,5
Nord Est;Veneto;VR;C078;38;160,75
Nord Ovest;Lombardia;BG;C079;17,01;90,78
Nord Est;Emilia-Romagna;RN;C080;0;3
Nord Ovest;Piemonte;CN;C081;4;5,75
Sud;Molise;IS;C082;0,33;0
Sud;Abruzzo;AQ;C083;3;3
Centro;Toscana;GR;C085;16,48;36,64
Nord Est;Emilia-Romagna;BO;C086;4;12,5
Nord Ovest;Lombardia;CR;C089;0;0
Sud;Abruzzo;AQ;C090;4;0
Isole;Sicilia;CT;C091;5;5,33
Centro;Marche;AP;C093;8;43,55
Isole;Sicilia;ME;C094;0,67;1
Sud;Abruzzo;AQ;C096;41,04;99,05
Sud;Campania;CE;C097;1;0
Centro;Lazio;RI;C098;1;0,7
Centro;Marche;AN;C100;15;110,31
Centro;Toscana;FI;C101;47,51;98,67
Centro;Toscana;AR;C102;5,04;11
Centro;Lazio;LT;C104;6,83;4
Sud;Campania;AV;C105;2;4
Sud;Campania;BN;C106;2;0
Nord Est;Emilia-Romagna;MO;C107;83,85;439,83
Sud;Calabria;CS;C108;8;10
Nord Ovest;Liguria;IM;C110;4;0
Nord Est;Veneto;TV;C111;82,07;484,23
Centro;Toscana;PI;C113;19,08;70,27
Sud;Abruzzo;CH;C114;4;13
Nord Ovest;Lombardia;CR;C115;1;8
Centro;Lazio;RM;C116;14,88;42
Centro;Umbria;TR;C117;4;4
Nord Ovest;Lombardia;MN;C118;4,5;128,84
Nord Est;Veneto;VI;C119;1,5;44,5
Sud;Basilicata;PZ;C120;4;0
Nord Est;Emilia-Romagna;BO;C121;2;29,83
Nord Est;Veneto;RO;C122;2;2,5
Sud;Abruzzo;CH;C123;0;0
Sud;Campania;SA;C125;6,25;31,88
Sud;Abruzzo;AQ;C126;2,25;3
Nord Ovest;Piemonte;AT;C127;2;12,66
Sud;Abruzzo;TE;C128;16,1;28,89
Sud;Campania;NA;C129;45,9;141,99
Isole;Sicilia;TP;C130;17,63;33,15
Nord Ovest;Piemonte;TO;C133;38;86,5
Sud;Puglia;BA;C134;53,09;100,5
Isole;Sicilia;PA;C135;7;3
Sud;Puglia;TA;C136;37,38;53,04
Nord Ovest;Piemonte;AL;C137;0;1
Nord Ovest;Lombardia;VA;C139;67,71;211,74
Nord Est;Emilia-Romagna;RE;C141;46;168,46
Nord Ovest;Piemonte;AL;C142;0;3
Nord Ovest;Liguria;IM;C143;3;7
Nord Est;Emilia-Romagna;PC;C145;16,34;41,59
Centro;Toscana;GR;C147;10,49;5
Nord Ovest;Piemonte;AL;C148;6;26,5
Nord Ovest;Piemonte;NO;C149;1;3
Centro;Marche;AN;C152;0;4
Nord Ovest;Lombardia;CR;C153;8,51;74,67
Nord Ovest;Piemonte;AT;C154;0;1
Nord Ovest;Piemonte;BI;C155;6;9
Nord Ovest;Piemonte;AL;C156;0;3
Nord Ovest;Lombardia;PV;C157;1;17
Nord Ovest;Piemonte;AL;C158;10;33
Nord Ovest;Piemonte;AL;C160;3;4
Nord Ovest;Piemonte;AT;C161;2,6;1
Nord Ovest;Piemonte;AL;C162;1;7
Nord Ovest;Piemonte;CN;C165;4;9
Nord Ovest;Piemonte;NO;C166;21,5;114,76
Nord Ovest;Piemonte;CN;C167;3;0
Sud;Abruzzo;TE;C169;1;2
Centro;Toscana;SI;C172;10,25;18,67
Nord Ovest;Piemonte;CN;C173;1;2
Centro;Toscana;PI;C174;8;6
Sud;Molise;CB;C175;0;0
Nord Ovest;Piemonte;CN;C176;0,75;0
Centro;Lazio;FR;C177;1;5
Sud;Campania;CE;C178;2;2
Nord Ovest;Lombardia;VA;C181;6;15,5
Nord Ovest;Lombardia;PV;C184;0;9
Nord Est;Emilia-Romagna;BO;C185;7;83,17
Nord Ovest;Lombardia;SO;C186;6;1
Nord Ovest;Lombardia;LC;C187;4,75;17
Sud;Campania;NA;C188;14;39,5
Nord Est;Veneto;TV;C190;6;41
Nord Ovest;Lombardia;MN;C195;1;39
Sud;Molise;CB;C197;3,67;3,22
Sud;Puglia;FG;C198;2;4
Sud;Basilicata;PZ;C199;2;2
Sud;Molise;IS;C200;0;0
Sud;Basilicata;PZ;C201;9;5,23
Sud;Puglia;FG;C202;2;0
Centro;Lazio;RM;C203;34,34;12
Nord Est;Emilia-Romagna;BO;C204;47,83;243,56
Nord Ovest;Piemonte;CN;C205;0;0
Nord Ovest;Lombardia;CO;C206;0;0,5
Nord Est;Veneto;RO;C207;1;50,5
Nord Ovest;Lombardia;BS;C208;14,9;145,25
Sud;Basilicata;PZ;C209;9;2
Isole;Sicilia;ME;C210;12;0
Sud;Campania;CE;C211;0;1
Nord Ovest;Lombardia;PV;C213;0;2
Nord Ovest;Piemonte;CN;C214;0;0
Nord Est;Veneto;RO;C215;5,8;20,27
Nord Est;Friuli- Venezia Giulia;PN;C217;0;3
Nord Est;Emilia-Romagna;RE;C218;10;87,79
Nord Est;Emilia-Romagna;RE;C219;56,78;77,6
Nord Ovest;Lombardia;CO;C220;0;4
Sud;Puglia;FG;C222;1,75;2
Centro;Lazio;FR;C223;0;2,33
Centro;Lazio;RI;C224;3;0
Nord Est;Veneto;VR;C225;20;214,83
Nord Ovest;Piemonte;AT;C226;0;1,08
Centro;Toscana;SI;C227;14,33;88,92
Nord Ovest;Lombardia;LO;C228;1;6
Nord Ovest;Piemonte;AL;C229;2;3
Nord Ovest;Piemonte;AT;C230;1;1
Sud;Campania;SA;C231;6,5;13
Nord Ovest;Piemonte;AT;C232;3;25
Sud;Campania;SA;C235;3;2
Centro;Toscana;LU;C236;23,5;41
Centro;Lazio;RM;C237;16;30,33
Nord Ovest;Liguria;SP;C240;17,51;33,84
Nord Ovest;Piemonte;TO;C241;4;1
Nord Est;Emilia-Romagna;MO;C242;39,29;170,24
Nord Ovest;Piemonte;AL;C243;4;13,85
Centro;Toscana;PI;C244;19,33;10
Sud;Campania;BN;C245;4;0
Sud;Molise;IS;C246;3;7
Sud;Molise;IS;C247;2;0
Centro;Marche;AN;C248;2,5;20,34
Sud;Campania;BN;C250;0;0
Centro;Marche;MC;C251;5;25
Centro;Umbria;PG;C252;6;16
Nord Ovest;Piemonte;AT;C253;0;2
Nord Ovest;Lombardia;BG;C255;2,34;30,89
Sud;Campania;SA;C259;17,63;61,17
Nord Est;Emilia-Romagna;PC;C261;23,57;177,36
Sud;Campania;SA;C262;8,5;3
Centro;Toscana;AR;C263;7;6
Nord Est;Emilia-Romagna;BO;C265;78;209,86
Centro;Lazio;RM;C266;2;1
Centro;Marche;MC;C267;2,39;2
Centro;Lazio;RI;C268;4,5;2
Centro;Lazio;VT;C269;9;2
Sud;Molise;IS;C270;0;0
Sud;Basilicata;PZ;C271;0;0
Isole;Sardegna;SS;C272;14,78;79,5
Nord Ovest;Lombardia;VA;C273;2,5;7,5
Nord Ovest;Piemonte;AL;C274;0;1
Isole;Sicilia;AG;C275;16,67;6
Nord Ovest;Liguria;SV;C276;0;0
Sud;Abruzzo;AQ;C278;0;0
Sud;Abruzzo;AQ;C279;0;2
Sud;Campania;BN;C280;3;2
Nord Ovest;Valle d'Aosta;AO;C282;7;17
Sud;Campania;AV;C283;6;6
Sud;Campania;BN;C284;0;1
Sud;Calabria;RC;C285;7;2
Isole;Sicilia;TP;C286;22,58;49,53
Nord Est;Emilia-Romagna;MO;C287;17,12;129,76
Nord Est;Emilia-Romagna;PC;C288;9,68;108,43
Centro;Umbria;TR;C289;2,5;15
Nord Ovest;Lombardia;CR;C290;0;1
Sud;Campania;CE;C291;22,17;317
Nord Est;Emilia-Romagna;BO;C292;57,2;324,69
Nord Ovest;Lombardia;BS;C293;9,81;97,25
Nord Ovest;Valle d'Aosta;AO;C294;33,33;15
Nord Est;Emilia-Romagna;BO;C296;23,52;29,15
Isole;Sicilia;CT;C297;29,1;6
Sud;Abruzzo;CH;C298;2;1
Nord Ovest;Lombardia;VA;C300;19,83;80,44
Sud;Calabria;CS;C301;0;5
Nord Ovest;Liguria;GE;C302;1,83;3
Centro;Toscana;LU;C303;3,5;5
Nord Ovest;Lombardia;LO;C304;4,5;40,45
Sud;Campania;SA;C306;2;3
Nord Ovest;Piemonte;TO;C307;13,06;50,98
Sud;Abruzzo;PE;C308;4,5;4
Centro;Umbria;PG;C309;56,27;133,03
Centro;Toscana;GR;C310;29;107,63
Sud;Abruzzo;TE;C311;7;7
Nord Ovest;Lombardia;MN;C312;29,5;229,2
Centro;Toscana;SI;C313;6;20,67
Nord Ovest;Piemonte;CN;C314;0;2
Centro;Lazio;VT;C315;1,33;8
Sud;Abruzzo;TE;C316;2,39;5,13
Nord Ovest;Piemonte;CN;C317;2;3
Centro;Toscana;AR;C318;2;10
Centro;Toscana;AR;C319;13,04;52,99
Centro;Marche;AP;C321;3,5;2,5
Sud;Abruzzo;TE;C322;2;1
Nord Ovest;Piemonte;CN;C323;4;3
Nord Ovest;Lombardia;BG;C324;26,12;111,55
Nord Ovest;Lombardia;SO;C325;4,33;4,83
Nord Est;Friuli- Venezia Giulia;UD;C327;4;24
Nord Ovest;Lombardia;LO;C329;1;35
Nord Ovest;Lombardia;BS;C330;10;6
Centro;Marche;AP;C331;2;7,5
Nord Ovest;Lombardia;BS;C332;32,83;96,29
Sud;Puglia;LE;C334;4,75;1
Sud;Puglia;LE;C335;2;3,5
Sud;Puglia;LE;C336;9,33;10,33
Nord Ovest;Lombardia;BG;C337;2;10,5
Centro;Lazio;FR;C338;2;2,5
Nord Est;Emilia-Romagna;FO;C339;13;54,43
Centro;Lazio;FR;C340;2;3
Isole;Sicilia;AG;C341;6,5;1
Isole;Sicilia;EN;C342;36,57;77,41
Nord Ovest;Lombardia;VA;C343;7,76;46,5
Isole;Sicilia;PA;C344;4,76;6,26
Sud;Basilicata;PZ;C345;2;0
Sud;Molise;CB;C346;3;4
Isole;Sicilia;ME;C347;3,2;0
Sud;Calabria;CS;C348;0;0
Sud;Calabria;CS;C349;38,67;33
Isole;Sicilia;CT;C351;183,07;1248,5
Sud;Calabria;CZ;C352;109,65;64,65
Isole;Sicilia;EN;C353;8;9,92
Sud;Abruzzo;PE;C354;2,5;2
Isole;Sicilia;AG;C356;14;2,83
Nord Est;Emilia-Romagna;RN;C357;30,9;227
Sud;Campania;BN;C359;0,5;0
Nord Ovest;Lombardia;PV;C360;11;76
Sud;Campania;SA;C361;87,27;130,25
Nord Ovest;Piemonte;BI;C363;14,67;36
Nord Ovest;Piemonte;NO;C364;0;1
Nord Ovest;Piemonte;NO;C365;1;4
Nord Ovest;Piemonte;TO;C369;7,33;25,83
Nord Est;Veneto;VR;C370;10,7;90,13
Nord Ovest;Piemonte;CN;C375;3;3
Nord Ovest;Piemonte;CN;C376;20;44,25
Sud;Puglia;LE;C377;5,5;77,25
Nord Ovest;Piemonte;NO;C378;3;9
Nord Ovest;Lombardia;CO;C381;1;1
Nord Ovest;Lombardia;VA;C382;13,5;62,5
Nord Est;Veneto;VE;C383;5;86,46
Nord Est;Veneto;TV;C384;0,5;15
Nord Est;Friuli- Venezia Giulia;PN;C385;2;3,67
Nord Ovest;Piemonte;AL;C387;0;3,5
Nord Est;Veneto;VE;C388;155,29;1046,23
Nord Est;Friuli- Venezia Giulia;UD;C389;1;5,5
Centro;Lazio;RM;C390;25,84;26,6
Nord Ovest;Lombardia;LO;C394;1;17,1
Nord Ovest;Lombardia;MI;C395;48,98;122,83
Nord Ovest;Lombardia;BG;C396;2,5;30,34
Nord Est;Emilia-Romagna;MO;C398;18,99;85,28
Nord Ovest;Piemonte;TO;C404;15,5;40,33
Nord Est;Emilia-Romagna;RE;C405;30,83;108,68
Nord Ovest;Lombardia;MN;C406;1;13,34
Centro;Toscana;AR;C407;21,67;87,53
Nord Ovest;Lombardia;BS;C408;8;73,63
Nord Ovest;Lombardia;VA;C409;1;7
Nord Ovest;Lombardia;BG;C410;4,36;20,75
Nord Est;Veneto;VR;C412;2;10
Centro;Lazio;FR;C413;23,5;15,5
Nord Ovest;Lombardia;PV;C414;0;2
Centro;Toscana;LI;C415;107,47;269,1
Nord Ovest;Lombardia;BS;C417;1;4
Nord Ovest;Lombardia;SO;C418;2,5;2,5
Isole;Sicilia;PA;C420;0;0
Isole;Sicilia;PA;C421;30;14,04
Nord Est;Veneto;VE;C422;16;64,48
Sud;Puglia;BR;C424;42,01;73,35
Sud;Abruzzo;AQ;C426;3,01;10,2
Sud;Abruzzo;CH;C428;3,59;1,67
Sud;Puglia;FG;C429;5;0
Sud;Calabria;CS;C430;3;3
Nord Ovest;Piemonte;AL;C432;1;0
Nord Ovest;Lombardia;CR;C435;0;2
Sud;Puglia;BA;C436;4;24,83
Sud;Calabria;CS;C437;0;0
Nord Ovest;Piemonte;AT;C438;1;2
Nord Ovest;Lombardia;BS;C439;8;35,97
Nord Ovest;Piemonte;AT;C440;0;0
Nord Ovest;Piemonte;CN;C441;3;0
Sud;Puglia;FG;C442;0;2
Nord Ovest;Liguria;SV;C443;59,37;108,48
Sud;Campania;SA;C444;5;0
Centro;Lazio;VT;C446;0;7
Centro;Lazio;VT;C447;5;4
Sud;Puglia;BR;C448;1;9,42
Sud;Abruzzo;TE;C449;6;10
Sud;Calabria;CZ;C453;0;0
Nord Ovest;Lombardia;BG;C456;2;24
Nord Ovest;Lombardia;BG;C457;7;50,58
Nord Est;Veneto;BL;C458;6,92;8,33
Nord Ovest;Lombardia;BG;C459;11,25;29,07
Nord Est;Veneto;RO;C461;1;13,17
Nord Ovest;Liguria;SV;C463;20,6;22,83
Nord Ovest;Piemonte;CN;C466;24,58;65,75
Nord Est;Emilia-Romagna;FE;C469;56;368,48
Sud;Campania;SA;C470;7;5,5
Isole;Sicilia;EN;C471;13,69;14,67
Sud;Calabria;CZ;C472;0,5;0
Sud;Abruzzo;PE;C474;7;51,5
Sud;Campania;BN;C476;2,5;1
Nord Ovest;Piemonte;VB;C478;4;3
Centro;Lazio;FR;C479;4;5,05
Isole;Sicilia;EN;C480;4,21;3,76
Nord Ovest;Liguria;GE;C481;5,5;10
Nord Ovest;Lombardia;CO;C482;2;8
Nord Ovest;Piemonte;NO;C483;10,42;78,5
Nord Ovest;Lombardia;PV;C484;6;40,5
Sud;Campania;SA;C485;12,71;1
Sud;Molise;CB;C486;3,75;2
Nord Ovest;Piemonte;TO;C487;7;11
Sud;Molise;CB;C488;1,33;2
Sud;Calabria;CS;C489;2;1
Sud;Abruzzo;AQ;C492;3;3
Nord Ovest;Lombardia;SO;C493;7,33;7
Nord Est;Friuli- Venezia Giulia;UD;C494;1;0,5
Sud;Campania;NA;C495;18,89;48,5
Isole;Sicilia;PA;C496;1;7
Nord Ovest;Piemonte;TO;C497;7,8;12,8
Nord Est;Veneto;VR;C498;31,73;152,14
Nord Est;Veneto;RO;C500;6,4;14,47
Sud;Calabria;KR;C501;2;0
Nord Ovest;Lombardia;MN;C502;1;13,5
Nord Ovest;Piemonte;AL;C503;1;0
Nord Ovest;Piemonte;CN;C504;3;9
Nord Ovest;Piemonte;TO;C505;3;5
Nord Ovest;Lombardia;BG;C506;1;27,5
Nord Ovest;Piemonte;AL;C507;0;0
Nord Ovest;Lombardia;PV;C508;0;0
Nord Ovest;Lombardia;PV;C509;0;6
Nord Ovest;Liguria;SV;C510;70,59;179,24
Nord Ovest;Liguria;IM;C511;38,5;4
Nord Ovest;Lombardia;MI;C512;35,6;78,64
Nord Est;Emilia-Romagna;PC;C513;1;3
Sud;Puglia;FG;C514;62,92;193,54
Sud;Calabria;CS;C515;6;0
Nord Ovest;Lombardia;CO;C516;18;80,29
Sud;Abruzzo;TE;C517;5;1,99
Centro;Lazio;RM;C518;4;3
Nord Ovest;Lombardia;CO;C520;33,9;69,57
Nord Ovest;Lombardia;LC;C521;29,5;77,67
Nord Ovest;Lombardia;MI;C523;188,41;578,42
Centro;Marche;AN;C524;8;22
Sud;Campania;BN;C525;1;1
Centro;Umbria;PG;C527;4,38;5,38
Nord Ovest;Piemonte;AT;C528;0;1
Centro;Toscana;FI;C529;7,25;35,44
Nord Ovest;Piemonte;CN;C530;0,5;1
Nord Ovest;Piemonte;AL;C531;2;6,5
Nord Ovest;Piemonte;BI;C532;5;25
Nord Ovest;Piemonte;AT;C533;0;2,5
Sud;Molise;IS;C534;1;0
Nord Ovest;Lombardia;MI;C536;16,5;66,6
Nord Ovest;Lombardia;MI;C537;83,24;219,33
Nord Est;Veneto;VR;C538;4;20,69
Sud;Basilicata;PZ;C539;0;0
Centro;Toscana;FI;C540;89,08;105,78
Nord Ovest;Lombardia;PV;C541;5;79
Sud;Calabria;CZ;C542;1;1
Centro;Lazio;RM;C543;11,5;40,5
Nord Est;Veneto;PD;C544;2,5;45,5
Centro;Lazio;FR;C545;8,84;9,5
Nord Ovest;Piemonte;CN;C547;19,6;43,1
Nord Ovest;Piemonte;VC;C548;4;1
Nord Ovest;Lombardia;BS;C549;7,63;7
Nord Ovest;Piemonte;CN;C550;11;16
Nord Ovest;Lombardia;PV;C551;1,5;8,33
Centro;Lazio;RM;C552;74,18;254,86
Nord Est;Emilia-Romagna;RA;C553;110,34;692,34
Sud;Calabria;CS;C554;0;0,5
Nord Ovest;Lombardia;LO;C555;6;52,5
Sud;Campania;AV;C557;6,97;9,17
Sud;Campania;CE;C558;1;1
Nord Ovest;Liguria;IM;C559;11;25
Sud;Calabria;CS;C560;1;0
Sud;Campania;CE;C561;17,5;48
Nord Ovest;Lombardia;LC;C563;1;16
Nord Ovest;Piemonte;TO;C564;28,2;95,08
Nord Ovest;Lombardia;MI;C565;59,52;169,34
Nord Ovest;Lombardia;MI;C566;159,83;404,94
Nord Ovest;Piemonte;VB;C567;1;2
Isole;Sicilia;ME;C568;6;2,31
Nord Ovest;Lombardia;MI;C569;58,5;166,73
Nord Est;Emilia-Romagna;FO;C573;139,61;760,94
Nord Est;Emilia-Romagna;FO;C574;52;200,99
Sud;Campania;AV;C576;1;10
Nord Est;Veneto;BL;C577;10,75;13,96
Nord Ovest;Liguria;IM;C578;1;2
Nord Est;Veneto;TV;C580;2;52,48
Sud;Calabria;VV;C581;2;0
Centro;Marche;MC;C582;0;0,5
Nord Ovest;Piemonte;AT;C583;0;0
Sud;Campania;SA;C584;0,73;1
Nord Ovest;Lombardia;BS;C585;5,5;3,75
Centro;Toscana;SI;C587;2;14,13
Sud;Calabria;CS;C588;5;3,67
Nord Ovest;Piemonte;CN;C589;14,03;39,5
Nord Ovest;Lombardia;BS;C591;2;10
Nord Ovest;Valle d'Aosta;AO;C593;2,5;12
Nord Ovest;Valle d'Aosta;AO;C594;3;4
Nord Ovest;Valle d'Aosta;AO;C595;2;1
Nord Ovest;Valle d'Aosta;AO;C596;0;1
Nord Ovest;Valle d'Aosta;AO;C598;8;15
Nord Ovest;Piemonte;CN;C599;53,17;66,42
Isole;Sardegna;SS;C600;0;0
Nord Ovest;Piemonte;TO;C604;1;6,7
Nord Est;Veneto;VI;C605;18,6;76,89
Sud;Campania;AV;C606;0;2
Centro;Toscana;SI;C608;26,5;60,5
Centro;Toscana;PI;C609;22,5;11,5
Nord Ovest;Piemonte;TO;C610;3;3
Isole;Sicilia;RG;C612;11,52;17,99
Isole;Sardegna;SS;C613;0;0
Nord Est;Veneto;TV;C614;3;21
Centro;Marche;AN;C615;33,1;99,45
Sud;Calabria;CZ;C616;1;2
Nord Ovest;Lombardia;BS;C618;40,85;193,48
Sud;Basilicata;PZ;C619;7,5;1
Sud;Molise;IS;C620;0;0
Nord Ovest;Liguria;GE;C621;129;288,23
Nord Ovest;Lombardia;SO;C623;64,53;85,61
Nord Ovest;Piemonte;TO;C624;7;6
Nord Ovest;Piemonte;TO;C627;92,21;325,47
Nord Ovest;Lombardia;SO;C628;38,49;40,68
Nord Ovest;Piemonte;TO;C629;0;1
Nord Est;Veneto;BL;C630;10;23
Centro;Toscana;PT;C631;3;11,5
Sud;Abruzzo;CH;C632;117,09;275,44
Sud;Puglia;FG;C633;0;8,67
Nord Ovest;Lombardia;CR;C634;0;28,83
Nord Ovest;Lombardia;BG;C635;6,56;39,5
Nord Ovest;Lombardia;PV;C637;2;43,67
Nord Est;Veneto;VE;C638;168,98;583,06
Nord Ovest;Piemonte;TO;C639;28;12
Nord Est;Friuli- Venezia Giulia;PN;C640;7;40,8
Centro;Toscana;AR;C648;3;2
Nord Ovest;Lombardia;BG;C649;18,26;71,59
Nord Est;Veneto;VI;C650;1;12
Nord Ovest;Lombardia;SO;C651;4,5;5
Nord Ovest;Piemonte;CN;C653;24,5;29,06
Isole;Sicilia;PA;C654;6,25;12,5
Nord Ovest;Piemonte;TO;C655;0;10
Nord Est;Friuli- Venezia Giulia;UD;C656;2;15,41
Nord Ovest;Liguria;IM;C657;1;2
Nord Ovest;Piemonte;AT;C658;1;2
Sud;Campania;AV;C659;8;3,5
Nord Ovest;Liguria;IM;C660;8;1
Centro;Toscana;SI;C661;11,63;11
Centro;Toscana;SI;C662;8,96;46,11
Centro;Toscana;AR;C663;1,5;4
Nord Ovest;Piemonte;TO;C665;87,86;242,2
Isole;Sicilia;AG;C668;5,5;2
Nord Est;Emilia-Romagna;RE;C669;1;38,67
Nord Est;Veneto;TV;C670;5;38
Nord Est;Veneto;BL;C672;0;6,67
Nord Ovest;Liguria;GE;C673;8;4
Sud;Calabria;CZ;C674;4;0
Sud;Campania;NA;C675;34;62,57
Sud;Campania;SA;C676;1;0
Centro;Lazio;RM;C677;1;5
Nord Ovest;Lombardia;CR;C678;4;7,5
Nord Ovest;Piemonte;TO;C679;0;3
Nord Ovest;Piemonte;VC;C680;5;24
Nord Ovest;Piemonte;CN;C681;0;1
Nord Ovest;Lombardia;PV;C684;4;7
Nord Ovest;Lombardia;BS;C685;1;10,5
Nord Ovest;Lombardia;PV;C686;18;64,13
Nord Est;Veneto;TV;C689;5;20,5
Nord Ovest;Lombardia;BS;C691;1;5
Sud;Calabria;RC;C695;0;0
Isole;Sicilia;PA;C696;3,5;2
Sud;Campania;NA;C697;10;21
Nord Ovest;Lombardia;BS;C698;1;7
Nord Est;Friuli- Venezia Giulia;PN;C699;0,75;1,25
Nord Ovest;Piemonte;AT;C701;0;3
Centro;Lazio;RM;C702;2;0,44
Nord Ovest;Lombardia;CR;C703;0;7
Centro;Marche;MC;C704;35,5;33
Centro;Toscana;GR;C705;18;7,88
Nord Ovest;Lombardia;MI;C707;293,8;668,17
Isole;Sicilia;PA;C708;8;17
Nord Ovest;Lombardia;SO;C709;1;0
Sud;Calabria;RC;C710;2;7
Nord Ovest;Piemonte;TO;C711;0;0,08
Nord Est;Veneto;PD;C713;1;6,75
Nord Est;Veneto;VE;C714;1;16,5
Nord Ovest;Piemonte;TO;C715;0,06;0
Sud;Campania;CE;C716;1;0
Nord Ovest;Liguria;IM;C718;17,77;14
Sud;Campania;BN;C719;1,08;0
Nord Ovest;Piemonte;TO;C722;62,5;190,02
Sud;Basilicata;MT;C723;0;1
Nord Ovest;Lombardia;CO;C724;3,14;26,5
Sud;Calabria;KR;C725;2;5,58
Sud;Calabria;KR;C726;20,67;6
Nord Ovest;Lombardia;BG;C728;25,34;68,84
Nord Ovest;Liguria;SV;C729;4;3
Nord Ovest;Lombardia;BG;C730;10,53;82,17
Nord Ovest;Lombardia;VA;C732;15,25;98,45
Nord Ovest;Lombardia;MI;C733;18,75;115,84
Nord Est;Veneto;TV;C735;10,25;9,5
Nord Ovest;Piemonte;CN;C738;0;3
Nord Ovest;Piemonte;AT;C739;2,25;5
Centro;Lazio;LT;C740;33,22;104,33
Sud;Puglia;BR;C741;21,08;23,07
Centro;Umbria;PG;C742;5;16,17
Nord Est;Veneto;PD;C743;22,67;148,5
Centro;Umbria;PG;C744;16,11;48
Centro;Umbria;PG;C745;66,42;204,39
Centro;Lazio;RI;C746;7,4;8
Sud;Calabria;RC;C747;10;8
Centro;Lazio;RI;C749;0;1
Sud;Abruzzo;PE;C750;21,38;125,41
Nord Ovest;Lombardia;VA;C751;6,67;41,42
Nord Ovest;Lombardia;LC;C752;7;21,95
Nord Ovest;Liguria;IM;C755;6;6
Nord Ovest;Piemonte;VC;C757;0;1
Nord Est;Friuli- Venezia Giulia;UD;C758;23;85
Nord Ovest;Lombardia;BG;C759;6;24,84
Nord Ovest;Lombardia;BS;C760;2;7
Sud;Calabria;CS;C763;2;0
Sud;Molise;CB;C764;13;11,61
Centro;Lazio;VT;C765;30,58;52,94
Sud;Abruzzo;AQ;C766;3,2;3
Centro;Lazio;RM;C767;11,75;34,88
Sud;Abruzzo;CH;C768;0;1
Sud;Molise;IS;C769;2;4
Centro;Marche;MC;C770;100,96;294,44
Sud;Abruzzo;PE;C771;2;1
Sud;Molise;CB;C772;0;2
Centro;Lazio;RM;C773;113;235,96
Centro;Toscana;AR;C774;16,5;37,36
Sud;Abruzzo;CH;C776;5;1
Nord Est;Emilia-Romagna;FO;C777;1;15,02
Sud;Abruzzo;AQ;C778;3;4
Sud;Abruzzo;PE;C779;0;6
Centro;Lazio;VT;C780;5,78;3
Sud;Abruzzo;TE;C781;8;10
Centro;Toscana;GR;C782;12,02;12
Sud;Abruzzo;AQ;C783;2;4
Centro;Lazio;RM;C784;8;10
Nord Ovest;Lombardia;SO;C785;13,48;8
Nord Ovest;Lombardia;CO;C787;2,33;2
Nord Ovest;Lombardia;BG;C789;4,2;5,1
Nord Est;Friuli- Venezia Giulia;PN;C790;0,25;0,25
Nord Est;Friuli- Venezia Giulia;PN;C791;3;9,5
Nord Ovest;Piemonte;CN;C792;5;5
Nord Ovest;Piemonte;TO;C793;5;14
Sud;Calabria;CS;C795;2;1
Nord Ovest;Lombardia;VA;C796;6;13
Nord Ovest;Lombardia;BG;C800;26,42;119,38
Nord Ovest;Piemonte;TO;C801;6;14
Nord Ovest;Piemonte;TO;C803;22;34,82
Nord Ovest;Piemonte;AT;C804;0;0
Nord Ovest;Lombardia;BS;C806;21,34;77,92
Nord Ovest;Piemonte;AT;C807;2;2
Nord Ovest;Lombardia;VA;C810;9,67;27,17
Sud;Abruzzo;AQ;C811;0;1
Nord Est;Veneto;PD;C812;2,75;37,17
Nord Ovest;Lombardia;PV;C813;5;4,33
Nord Est;Emilia-Romagna;FE;C814;20,03;88,38
Nord Est;Veneto;TV;C815;9;32,5
Nord Ovest;Lombardia;LO;C816;66,5;201,72
Nord Est;Friuli- Venezia Giulia;UD;C817;30;143,55
Isole;Sardegna;SS;C818;2;3
Nord Ovest;Piemonte;BI;C819;12,31;18
Nord Ovest;Lombardia;MI;C820;24,25;75,25
Nord Ovest;Valle d'Aosta;AO;C821;32;19,89
Nord Ovest;Liguria;GE;C823;31,27;79,52
Nord Est;Veneto;VI;C824;2;21
Nord Ovest;Liguria;GE;C826;25,5;42,11
Nord Ovest;Piemonte;NO;C829;2,25;11
Nord Ovest;Lombardia;BG;C835;7,05;37,65
Centro;Lazio;FR;C836;4;2
Nord Est;Emilia-Romagna;PC;C838;12;4
Nord Ovest;Lombardia;LC;C839;40,71;152,85
Centro;Lazio;RI;C841;0;1
Sud;Abruzzo;AQ;C844;1;0
Centro;Umbria;PG;C845;14;25,75
Sud;Campania;BN;C846;2;1,5
Centro;Toscana;SI;C847;34,02;173,83
Nord Est;Veneto;TV;C848;10,33;43,74
Nord Ovest;Lombardia;BS;C850;5,5;34,55
Nord Ovest;Lombardia;LC;C851;16,25;28
Nord Est;Emilia-Romagna;PR;C852;47,29;171,57
Sud;Abruzzo;PE;C853;6;16
Sud;Molise;CB;C854;0;1
Sud;Abruzzo;CH;C855;0,67;0
Sud;Abruzzo;CH;C856;3;1
Centro;Lazio;RI;C857;4;2
Centro;Lazio;RM;C858;28;98,74
Centro;Lazio;RI;C859;3;0
Nord Ovest;Piemonte;TO;C860;207,6;652,76
Sud;Abruzzo;AQ;C862;1;4
Centro;Lazio;FR;C864;0;2
Sud;Puglia;LE;C865;1,5;9
Sud;Abruzzo;AQ;C866;2;0,15
Nord Ovest;Piemonte;TO;C867;0;1
Nord Ovest;Piemonte;TO;C868;0;1
Centro;Toscana;LI;C869;38,15;129,07
Centro;Lazio;FR;C870;3;1
Isole;Sicilia;PA;C871;14,5;0
Sud;Molise;CB;C875;2;1
Centro;Lazio;RI;C876;6,5;4,32
Centro;Marche;AP;C877;4,99;14
Sud;Molise;IS;C878;2;0
Sud;Campania;SA;C879;1;1
Centro;Lazio;RI;C880;2;1,5
Isole;Sardegna;CA;C882;0;0
Nord Ovest;Lombardia;BS;C883;4,15;21,78
Nord Ovest;Piemonte;VC;C884;0;0
Nord Est;Friuli- Venezia Giulia;UD;C885;17;36
Centro;Marche;MC;C886;0;2,38
Sud;Basilicata;MT;C888;2;3
Nord Est;Veneto;VR;C890;6,07;77,52
Nord Ovest;Lombardia;BS;C893;9,54;82,31
Nord Ovest;Lombardia;BG;C894;20,78;122,92
Nord Ovest;Lombardia;MI;C895;186,24;671,01
Nord Est;Veneto;VR;C897;24;105,64
Centro;Lazio;RM;C900;6;10
Sud;Abruzzo;TE;C901;8,17;49
Nord Ovest;Lombardia;CO;C902;6;7
Nord Ovest;Lombardia;SO;C903;10,5;5,26
Nord Est;Emilia-Romagna;PR;C904;19;101
Sud;Calabria;CS;C905;0;0
Nord Ovest;Lombardia;MI;C908;4;24,17
Nord Ovest;Lombardia;BG;C910;1;8
Nord Ovest;Lombardia;VA;C911;1;7
Nord Est;Emilia-Romagna;FE;C912;56,21;268,59
Centro;Toscana;MS;C914;6;1,33
Nord Ovest;Lombardia;LO;C917;7;50
Nord Est;Friuli- Venezia Giulia;UD;C918;2;0
Nord Est;Veneto;BL;C919;9,33;23,25
Nord Est;Veneto;BL;C920;25,94;20,89
Nord Ovest;Lombardia;VA;C922;9,25;41,25
Nord Ovest;Lombardia;BS;C925;0;21,5
Nord Ovest;Piemonte;NO;C926;0;11
Isole;Sicilia;RG;C927;21,28;68,74
Isole;Sicilia;AG;C928;4;0
Sud;Campania;NA;C929;1;0
Nord Ovest;Lombardia;MN;C930;0;3
Nord Ovest;Lombardia;CO;C933;393,34;1036,89
Nord Est;Emilia-Romagna;PR;C934;3;8,5
Centro;Marche;AP;C935;2,87;20,75
Nord Ovest;Lombardia;CO;C936;9,43;11
Nord Ovest;Lombardia;BG;C937;19,83;167
Nord Est;Veneto;VE;C938;3;15,75
Sud;Campania;CE;C939;3;1
Sud;Campania;SA;C940;5;1
Sud;Molise;IS;C941;1;3
Nord Est;Veneto;VR;C943;1;4,5
Centro;Lazio;RI;C946;4,6;2,6
Nord Ovest;Lombardia;BS;C948;19;115,4
Nord Est;Veneto;VE;C950;9,32;67,44
Nord Est;Emilia-Romagna;MO;C951;15,5;74,07
Nord Ovest;Lombardia;MI;C952;46,41;155,06
Sud;Calabria;RC;C954;2;3
Nord Ovest;Piemonte;TO;C955;27,51;38,67
Isole;Sicilia;ME;C956;0;2
Nord Est;Veneto;TV;C957;95,2;408,65
Nord Ovest;Lombardia;PV;C958;1;15
Centro;Lazio;RI;C959;0,5;2
Sud;Calabria;CZ;C960;1;0,5
Nord Ovest;Piemonte;AL;C962;0;1
Nord Est;Emilia-Romagna;RA;C963;7,52;70,5
Nord Est;Veneto;PD;C964;5;101,91
Isole;Sicilia;PA;C968;2;8
Centro;Lazio;RI;C969;4;8,93
Sud;Campania;AV;C971;4;3
Sud;Abruzzo;TE;C972;4;5,67
Sud;Campania;SA;C973;3;0
Sud;Campania;SA;C974;2;1,75
Sud;Puglia;BA;C975;71,71;138,61
Sud;Campania;AV;C976;4;6,75
Nord Ovest;Piemonte;AL;C977;0;4,17
Sud;Puglia;LE;C978;6,67;39,13
Nord Ovest;Lombardia;PV;C979;2;19,89
Nord Est;Emilia-Romagna;FE;C980;31;169,96
Nord Ovest;Lombardia;PV;C982;1;5
Sud;Puglia;BA;C983;126,65;122,9
Sud;Campania;SA;C984;7;7,83
Nord Ovest;Lombardia;MI;C986;94,35;291,33
Nord Est;Veneto;RO;C987;1;18
Centro;Lazio;VT;C988;5;6,5
Centro;Umbria;PG;C990;65;265,51
Nord Est;Friuli- Venezia Giulia;PN;C991;32,67;135,62
Nord Est;Veneto;TV;C992;10,5;62,5
Nord Est;Friuli- Venezia Giulia;PN;C993;11;34
Nord Ovest;Liguria;GE;C995;0;1
Centro;Toscana;LU;C996;9,33;15,08
Centro;Lazio;FR;C998;1,5;1
Sud;Abruzzo;AQ;C999;2;6
Centro;Lazio;LT;D003;23,5;9
Nord Est;Emilia-Romagna;RN;D004;10;79,63
Sud;Puglia;LE;D006;6;13,22
Centro;Marche;AN;D007;7;17,88
Nord Ovest;Piemonte;TO;D008;12;27,33
Isole;Sicilia;PA;D009;15,66;17,47
Sud;Basilicata;PZ;D010;9;5
Sud;Campania;SA;D011;1;0
Nord Ovest;Valle d'Aosta;AO;D012;78,34;169,57
Nord Ovest;Lombardia;MI;D013;131;239,07
Nord Ovest;Lombardia;BG;D015;2,12;3,12
Nord Ovest;Lombardia;BG;D016;14,33;21,43
Nord Ovest;Lombardia;MI;D018;96,65;262,95
Nord Ovest;Lombardia;MI;D019;40,5;153,42
Nord Est;Veneto;VI;D020;10,5;82,32
Nord Ovest;Lombardia;LO;D021;2,5;21
Nord Ovest;Piemonte;CN;D022;9,33;20
Centro;Lazio;VT;D024;49,92;48,17
Nord Est;Emilia-Romagna;PR;D026;14,97;10
Nord Est;Friuli- Venezia Giulia;UD;D027;11;19,67
Nord Ovest;Lombardia;LO;D028;1;6,17
Nord Ovest;Lombardia;LO;D029;0;3
Nord Est;Veneto;TV;D030;11,33;42,33
Nord Ovest;Lombardia;MI;D033;1;6
Nord Est;Emilia-Romagna;RE;D037;41,92;209,25
Nord Ovest;Lombardia;MI;D038;10;47,5
Nord Est;Veneto;PD;D040;1;24,42
Nord Ovest;Lombardia;CO;D041;0;4
Centro;Marche;MC;D042;25,59;51,58
Sud;Abruzzo;TE;D043;10;34,66
Sud;Puglia;LE;D044;4;5,5
Nord Ovest;Lombardia;MI;D045;152,4;203,85
Nord Ovest;Piemonte;AT;D046;0;2
Sud;Calabria;CZ;D049;3;3
Nord Ovest;Piemonte;AT;D050;0;0
Nord Ovest;Piemonte;AT;D051;0;0
Nord Ovest;Piemonte;AT;D052;0;2
Nord Est;Emilia-Romagna;PC;D054;3;5,68
Nord Ovest;Lombardia;CR;D056;1;14,34
Nord Ovest;Lombardia;CR;D057;0;11,67
Nord Ovest;Lombardia;BS;D058;10;75,45
Nord Est;Emilia-Romagna;PC;D061;13,24;47,74
Nord Ovest;Piemonte;CN;D062;2,14;12
Nord Ovest;Lombardia;BS;D064;37,14;106,61
Nord Ovest;Lombardia;LC;D065;5,88;4
Nord Ovest;Lombardia;BG;D066;5;27,5
Nord Ovest;Lombardia;LO;D068;1;12
Nord Ovest;Piemonte;AT;D072;2;3
Sud;Abruzzo;TE;D076;0;0
Centro;Toscana;AR;D077;29,66;83,17
Sud;Abruzzo;PE;D078;0;0
Nord Ovest;Lombardia;PV;D081;2;6
Nord Ovest;Lombardia;BS;D082;45;34
Nord Est;Friuli- Venezia Giulia;UD;D085;2,63;8
Sud;Calabria;CS;D086;101,33;245,97
Nord Ovest;Liguria;IM;D087;3;0,2
Nord Ovest;Lombardia;SO;D088;17,36;31
Sud;Calabria;RC;D089;0;0
Nord Ovest;Piemonte;TO;D092;5;5
Nord Ovest;Piemonte;CN;D093;1;1
Nord Ovest;Piemonte;BI;D094;46,25;128,47
Nord Ovest;Liguria;SV;D095;5;7
Centro;Marche;AP;D096;0;5,5
Nord Ovest;Piemonte;VB;D099;8,33;9
Isole;Sardegna;SS;D100;2;5
Nord Ovest;Piemonte;AT;D101;0;4
Nord Ovest;Piemonte;AL;D102;0;0
Nord Ovest;Lombardia;BG;D103;0,83;4,8
Nord Est;Veneto;RO;D105;0,25;13,65
Nord Est;Veneto;VI;D107;7,5;88,5
Centro;Umbria;PG;D108;1;4,22
Nord Ovest;Lombardia;PV;D109;0;3
Nord Ovest;Lombardia;BG;D110;6;79,5
Nord Ovest;Lombardia;BG;D111;1;31
Nord Ovest;Lombardia;LC;D112;14,17;56
Nord Ovest;Piemonte;VC;D113;2;7
Nord Ovest;Liguria;IM;D114;7;12,54
Nord Ovest;Lombardia;BG;D117;12,58;110,33
Nord Est;Veneto;VR;D118;25;111,54
Nord Ovest;Piemonte;AT;D119;9;32
Nord Ovest;Piemonte;CN;D120;8,39;19,64
Nord Est;Emilia-Romagna;RA;D121;3;58,66
Sud;Calabria;KR;D122;45,13;95,85
Sud;Calabria;KR;D123;16;4
Centro;Lazio;RI;D124;2;4
Nord Ovest;Lombardia;BG;D126;9,66;47,33
Nord Ovest;Lombardia;PV;D127;0;2,5
Sud;Basilicata;MT;D128;1;1
Nord Ovest;Lombardia;LC;D131;1;2
Nord Ovest;Piemonte;VC;D132;0;0
Nord Ovest;Piemonte;CN;D133;1;1
Nord Ovest;Piemonte;VB;D134;2,08;6
Nord Est;Veneto;VI;D136;10;116,69
Sud;Abruzzo;CH;D137;1;1
Nord Ovest;Lombardia;BG;D139;9;44,5
Nord Ovest;Lombardia;CR;D141;1;5,5
Nord Ovest;Lombardia;CR;D142;97,89;479,52
Nord Ovest;Lombardia;LC;D143;3;8,67
Nord Ovest;Lombardia;VA;D144;0;8
Nord Ovest;Lombardia;LC;D145;12;54,33
Nord Ovest;Lombardia;CO;D147;5;7,33
Nord Ovest;Piemonte;AL;D149;3;12
Nord Ovest;Lombardia;CR;D150;274,16;785,36
Nord Ovest;Lombardia;CR;D151;2;22,34
Nord Ovest;Piemonte;VC;D154;25,17;97,99
Nord Est;Veneto;VI;D156;3;11
Nord Ovest;Lombardia;LO;D159;3;32,67
Nord Est;Veneto;RO;D161;4;19,8
Nord Ovest;Piemonte;NO;D162;2;10
Nord Ovest;Piemonte;BI;D165;5,75;11
Nord Est;Emilia-Romagna;BO;D166;41,51;149,61
Nord Ovest;Piemonte;VB;D168;20,84;29,5
Sud;Campania;NA;D170;4;30,5
Sud;Puglia;TA;D171;12,5;26
Nord Ovest;Piemonte;CN;D172;3,5;4,92
Nord Ovest;Liguria;GE;D175;2;2
Nord Ovest;Piemonte;VB;D177;14,84;14,67
Sud;Abruzzo;TE;D179;3,5;4
Sud;Calabria;CS;D180;2,33;0
Sud;Calabria;CZ;D181;5;2
Sud;Calabria;CS;D184;6,75;11
Nord Ovest;Lombardia;VA;D185;0;5
Nord Ovest;Lombardia;CR;D186;0,25;6,25
Nord Ovest;Piemonte;VC;D187;2;6
Sud;Calabria;KR;D189;5;1
Nord Ovest;Lombardia;VA;D192;19,34;43
Nord Est;Veneto;VR;D193;2,82;45,11
Sud;Campania;SA;D195;1;0
Nord Ovest;Lombardia;CO;D196;5;20,67
Nord Ovest;Piemonte;TO;D197;1;11
Nord Ovest;Lombardia;MI;D198;32;87,69
Nord Ovest;Lombardia;VA;D199;5,29;25,29
Isole;Sardegna;OR;D200;4,5;3
Sud;Abruzzo;PE;D201;1,67;4
Nord Ovest;Piemonte;TO;D202;30;73,58
Nord Ovest;Lombardia;CR;D203;0;1
Nord Ovest;Lombardia;VA;D204;5;27,17
Nord Ovest;Piemonte;CN;D205;371,54;487,3
Nord Ovest;Piemonte;AT;D207;0;0
Nord Ovest;Piemonte;TO;D208;33,7;64,67
Sud;Abruzzo;CH;D209;4;18
Centro;Marche;AP;D210;15,5;56,5
Centro;Marche;AN;D211;26;15,17
Isole;Sardegna;OR;D214;0;0
Nord Ovest;Piemonte;NO;D216;0;8,99
Nord Ovest;Lombardia;VA;D217;4;1
Sud;Calabria;CZ;D218;3;0
Nord Ovest;Piemonte;BI;D219;4;5,33
Nord Ovest;Lombardia;BG;D221;26,78;94
Sud;Puglia;LE;D223;2;1,5
Nord Est;Veneto;PD;D226;3;60,75
Nord Ovest;Lombardia;MN;D227;7;198,57
Sud;Campania;CE;D228;8;40,5
Nord Ovest;Lombardia;MI;D229;48;130,47
Sud;Campania;BN;D230;3,55;1
Nord Ovest;Lombardia;MI;D231;117,27;230,84
Nord Ovest;Lombardia;CO;D232;1;2
Nord Ovest;Lombardia;BG;D233;5;3,5
Isole;Sicilia;TP;D234;3,33;4
Sud;Calabria;KR;D236;5;3,89
Sud;Puglia;LE;D237;4,33;7
Nord Ovest;Lombardia;VA;D238;12,17;31,41
Nord Ovest;Lombardia;VA;D239;3,25;15
Nord Ovest;Lombardia;MI;D244;12,39;50,16
Nord Ovest;Lombardia;BG;D245;86,34;358,18
Nord Est;Veneto;BL;D247;1;9,5
Nord Ovest;Lombardia;BS;D251;49,94;193,4
Sud;Calabria;VV;D253;0;1
Nord Ovest;Liguria;GE;D255;11;3
Nord Ovest;Lombardia;VA;D256;7;33,01
Sud;Calabria;CZ;D257;9,83;10,33
Nord Ovest;Lombardia;SO;D258;7;23,5
Isole;Sardegna;CA;D259;5;25
Isole;Sardegna;CA;D260;2;1
Sud;Calabria;CZ;D261;4;0
Nord Ovest;Liguria;SV;D264;5;6
Nord Ovest;Liguria;SP;D265;13;32,17
Nord Ovest;Lombardia;SO;D266;7,59;19,33
Isole;Sicilia;CL;D267;3,33;4,89
Sud;Calabria;RC;D268;1;1
Sud;Puglia;FG;D269;6;10,83
Nord Ovest;Lombardia;BS;D270;8;70,6
Nord Ovest;Piemonte;CN;D271;5,5;8
Nord Ovest;Piemonte;AL;D272;2;1
Nord Ovest;Piemonte;AL;D277;1;0
Nord Ovest;Lombardia;CR;D278;0;2
Centro;Umbria;PG;D279;29,33;78,33
Nord Ovest;Lombardia;LC;D280;10,47;28,5
Nord Ovest;Piemonte;VC;D281;3;17,5
Nord Ovest;Lombardia;BS;D284;124,53;634,48
Nord Ovest;Lombardia;MI;D286;117,03;408,37
Isole;Sardegna;NU;D287;0;1
Sud;Calabria;CS;D289;11,71;15,19
Sud;Calabria;CS;D290;4;1
Nord Ovest;Piemonte;CN;D291;7;24,5
Sud;Campania;SA;D292;4,5;5,42
Nord Ovest;Liguria;IM;D293;15;17,5
Nord Ovest;Liguria;IM;D296;10,25;25
Nord Ovest;Liguria;IM;D297;66,18;110,22
Nord Ovest;Liguria;IM;D298;10;13
Centro;Toscana;FI;D299;4,29;38,77
Nord Est;Friuli- Venezia Giulia;UD;D300;4;8,5
Sud;Calabria;VV;D303;1;0
Sud;Calabria;CS;D304;4,67;4
Sud;Puglia;LE;D305;6;9
Nord Ovest;Piemonte;NO;D309;2;12,5
Nord Ovest;Lombardia;CO;D310;5,38;6,5
Nord Ovest;Piemonte;CN;D314;12,3;22,52
Sud;Abruzzo;CH;D315;0;0
Nord Est;Friuli- Venezia Giulia;UD;D316;1,5;0,33
Nord Est;Veneto;VR;D317;8;13,39
Nord Ovest;Liguria;IM;D318;19,33;4
Nord Ovest;Liguria;IM;D319;23;8,34
Isole;Sardegna;CA;D323;4,16;11
Nord Est;Veneto;VE;D325;24,67;273,77
Nord Ovest;Lombardia;LC;D327;4,24;11,44
Sud;Calabria;CS;D328;0;0
Nord Ovest;Lombardia;CO;D329;12;27
Nord Est;Veneto;BL;D330;9,47;11,5
Sud;Campania;AV;D331;1;0
Nord Ovest;Piemonte;VB;D332;84,66;134,87
Isole;Sardegna;CA;D333;0;14,5
Isole;Sardegna;CA;D334;0;1
Nord Ovest;Valle d'Aosta;AO;D338;4,75;2,75
Nord Ovest;Piemonte;BI;D339;6;9,5
Nord Ovest;Lombardia;CO;D341;4,58;14,33
Isole;Sardegna;CA;D344;1;0
Isole;Sardegna;NU;D345;6,5;3,5
Nord Ovest;Lombardia;LC;D346;3,5;6
Nord Ovest;Piemonte;NO;D347;11;25,5
Nord Ovest;Lombardia;PV;D348;3;43
Nord Ovest;Piemonte;BI;D350;0;0
Nord Ovest;Lombardia;MN;D351;0;15
Nord Ovest;Lombardia;BG;D352;3,78;13,34
Nord Ovest;Lombardia;CO;D355;6,5;0
Nord Ovest;Valle d'Aosta;AO;D356;3,66;4,83
Nord Est;Emilia-Romagna;FO;D357;3,75;8
Nord Ovest;Lombardia;CR;D358;4;35,6
Nord Est;Emilia-Romagna;BO;D360;10,5;61,22
Sud;Campania;CE;D361;0;2
Sud;Calabria;VV;D364;0;0
Nord Est;Friuli- Venezia Giulia;UD;D366;0;0
Nord Ovest;Lombardia;MI;D367;2;48,5
Nord Ovest;Piemonte;CN;D372;28,86;45,38
Nord Ovest;Piemonte;TO;D373;28;67,67
Nord Ovest;Piemonte;VB;D374;7;8,5
Isole;Sardegna;NU;D376;0;0
Nord Ovest;Lombardia;SO;D377;7;27
Nord Est;Veneto;VI;D379;15,27;115,01
Sud;Campania;BN;D380;1;2
Nord Ovest;Lombardia;VA;D384;11,75;9,75
Nord Ovest;Lombardia;VA;D385;2;1,67
Sud;Campania;BN;D386;3;0
Nord Ovest;Piemonte;AT;D388;0;4
Sud;Campania;SA;D390;33,21;68,12
Nord Ovest;Lombardia;BS;D391;20;44,3
Sud;Abruzzo;PE;D394;1;3
Nord Ovest;Lombardia;LC;D398;1;8
Isole;Sardegna;CA;D399;19,5;45,74
Nord Ovest;Piemonte;CN;D401;3;1
Nord Ovest;Valle d'Aosta;AO;D402;3;4
Centro;Toscana;FI;D403;100,02;327,58
Nord Ovest;Lombardia;BG;D406;5;38,56
Nord Est;Veneto;VI;D407;12,07;44,83
Nord Est;Friuli- Venezia Giulia;UD;D408;1;6
Nord Ovest;Piemonte;CN;D410;6,66;18,99
Nord Ovest;Lombardia;BG;D411;1;13,5
Nord Ovest;Piemonte;CN;D412;7;13,83
Sud;Basilicata;PZ;D414;1;0
Nord Est;Veneto;VE;D415;26,5;160,64
Nord Ovest;Lombardia;CO;D416;54;176,93
Nord Est;Veneto;VR;D419;0;33
Nord Est;Veneto;VR;D420;7;18,06
Nord Ovest;Lombardia;BS;D421;16,38;91,52
Sud;Puglia;BR;D422;2;9,22
Isole;Sicilia;TP;D423;13,08;56,55
Nord Ovest;Liguria;SV;D424;6;1
Nord Est;Friuli- Venezia Giulia;PN;D426;1;3
Nord Ovest;Lombardia;LC;D428;2,67;1
Centro;Marche;MC;D429;3;9
Isole;Sardegna;NU;D430;0;0
Isole;Sardegna;NU;D431;1;0
Nord Ovest;Piemonte;TO;D433;1;3
Nord Ovest;Lombardia;BS;D434;5,5;21,17
Nord Ovest;Lombardia;LC;D436;3,67;3
Centro;Lazio;FR;D440;2;3
Isole;Sardegna;SS;D441;0;1
Nord Est;Veneto;PD;D442;15,5;148,19
Isole;Sardegna;NU;D443;0;0
Nord Ovest;Valle d'Aosta;AO;D444;5;6
Nord Ovest;Lombardia;CO;D445;2;17
Nord Ovest;Piemonte;AL;D447;3;1,5
Nord Est;Emilia-Romagna;RE;D450;10,5;88,29
Centro;Marche;AN;D451;66,57;157,54
Centro;Lazio;VT;D452;6,25;16,5
Sud;Calabria;VV;D453;3;0
Centro;Umbria;TR;D454;14;15
Nord Est;Friuli- Venezia Giulia;UD;D455;2;11,5
Nord Ovest;Lombardia;SO;D456;1,5;0
Nord Est;Emilia-Romagna;RA;D458;111,34;486,88
Sud;Puglia;FG;D459;3,33;11
Nord Est;Friuli- Venezia Giulia;UD;D461;13;27,91
Nord Ovest;Lombardia;CO;D462;15,12;19,5
Sud;Puglia;TA;D463;3;3
Sud;Calabria;CS;D464;8;2
Sud;Abruzzo;AQ;D465;2;2
Nord Ovest;Lombardia;VA;D467;30;118,75
Sud;Campania;BN;D469;1;0
Nord Est;Veneto;BL;D470;33,4;31,46
Centro;Marche;AN;D472;71,16;136,13
Sud;Calabria;CS;D473;0;18,17
Isole;Sicilia;ME;D474;0;3,5
Centro;Lazio;VT;D475;2;17
Sud;Calabria;CZ;D476;10;7
Centro;Marche;AP;D477;3;9
Sud;Abruzzo;CH;D480;0;0
Nord Ovest;Lombardia;CO;D482;8;76,83
Centro;Lazio;FR;D483;3,01;3
Nord Est;Emilia-Romagna;MO;D486;7,22;35
Nord Est;Friuli- Venezia Giulia;PN;D487;0;4,39
Centro;Marche;PS;D488;93,38;467,28
Sud;Abruzzo;TE;D489;0;0
Nord Ovest;Lombardia;BG;D490;12,5;115,63
Nord Ovest;Lombardia;BG;D491;1;16
Nord Ovest;Piemonte;NO;D492;1,25;9
Centro;Lazio;RI;D493;23,51;52,75
Sud;Abruzzo;CH;D494;1;4
Sud;Abruzzo;CH;D495;2;4
Nord Est;Veneto;VI;D496;5;17,07
Sud;Basilicata;PZ;D497;1;0
Nord Ovest;Piemonte;CN;D499;5,25;8
Sud;Abruzzo;PE;D501;5;3
Nord Est;Emilia-Romagna;PC;D502;4,75;14,17
Centro;Lazio;VT;D503;6,5;1
Nord Est;Veneto;TV;D505;13,11;42,7
Sud;Puglia;BR;D508;47,72;93,72
Nord Ovest;Liguria;GE;D509;0;0
Centro;Toscana;PI;D510;10,5;19,72
Nord Ovest;Piemonte;CN;D511;0;1
Nord Ovest;Liguria;GE;D512;4;0
Sud;Basilicata;MT;D513;3,8;1
Isole;Sicilia;AG;D514;23,5;16,75
Isole;Sicilia;TP;D518;10,67;10,75
Nord Ovest;Piemonte;TO;D520;12;51,5
Nord Ovest;Liguria;SV;D522;6;4
Nord Ovest;Piemonte;CN;D523;1;0
Nord Ovest;Piemonte;TO;D524;4,5;23
Nord Est;Emilia-Romagna;PR;D526;7;78,75
Sud;Campania;SA;D527;5,5;4
Nord Ovest;Piemonte;AL;D528;1;15,5
Nord Est;Veneto;BL;D530;46,02;147,96
Nord Ovest;Lombardia;CO;D531;10;30,5
Nord Ovest;Piemonte;TO;D532;2,18;6,75
Nord Ovest;Valle d'Aosta;AO;D537;6;7
Centro;Umbria;TR;D538;9,75;5
Centro;Lazio;FR;D539;16,49;15,17
Isole;Sicilia;SR;D540;11;10
Centro;Marche;PS;D541;8;35,17
Centro;Marche;AP;D542;81,14;183,86
Nord Ovest;Lombardia;VA;D543;39,92;81,09
Sud;Calabria;CZ;D544;0;2
Sud;Calabria;RC;D545;2;4
Sud;Calabria;CZ;D546;4;3
Sud;Basilicata;MT;D547;7;17,5
Nord Est;Emilia-Romagna;FE;D548;301,59;1396,56
Nord Est;Veneto;VR;D549;1;9,5
Sud;Molise;CB;D550;3,84;11,34
Nord Ovest;Lombardia;VA;D551;0;6
Nord Ovest;Lombardia;PV;D552;0,5;9
Nord Ovest;Piemonte;TO;D553;0;0
Nord Ovest;Piemonte;AT;D554;2,6;7,5
Nord Est;Emilia-Romagna;PC;D555;8,3;22,53
Sud;Calabria;RC;D557;0;0
Nord Ovest;Piemonte;AL;D559;0;0,5
Centro;Lazio;RI;D560;6,75;1
Centro;Lazio;RM;D561;40;157
Nord Ovest;Piemonte;TO;D562;18;31,34
Centro;Marche;MC;D564;2,5;4,5
Centro;Marche;MC;D566;1;0,5
Isole;Sicilia;PA;D567;10,98;17
Nord Est;Veneto;RO;D568;1;15,99
Isole;Sicilia;ME;D569;3;1
Centro;Umbria;TR;D570;19,5;12,5
Nord Ovest;Lombardia;CR;D574;3;17,5
Centro;Toscana;FI;D575;29,75;79,51
Nord Ovest;Lombardia;BS;D576;0;7,33
Nord Est;Veneto;RO;D577;3,5;25,17
Nord Est;Veneto;VE;D578;5;131,66
Nord Ovest;Lombardia;CO;D579;8,01;39,75
Sud;Calabria;CS;D582;0;0
Isole;Sardegna;OR;D585;0,05;0
Centro;Lazio;RM;D586;1;0
Sud;Calabria;VV;D587;8;2
Nord Ovest;Lombardia;BG;D588;9,5;42
Sud;Calabria;VV;D589;2;0,67
Centro;Toscana;MS;D590;14;7
Centro;Lazio;FR;D591;12;10
Sud;Abruzzo;CH;D592;1,22;2
Sud;Basilicata;PZ;D593;2,33;0
Nord Ovest;Lombardia;PV;D594;1;3,5
Sud;Molise;IS;D595;4;0
Sud;Calabria;VV;D596;2;0
Centro;Marche;AN;D597;9,33;39,67
Nord Est;Emilia-Romagna;MO;D599;37,96;173,81
Nord Ovest;Liguria;SV;D600;75,81;199,29
Nord Ovest;Lombardia;BG;D604;1;16
Nord Ovest;Lombardia;CO;D605;32,83;103,4
Nord Ovest;Lombardia;BG;D606;7,33;35,42
Nord Est;Emilia-Romagna;MO;D607;35,5;163,86
Nord Ovest;Piemonte;TO;D608;5;6
Nord Est;Emilia-Romagna;PC;D611;44,51;127,21
Centro;Toscana;FI;D612;996,11;1999,09
Centro;Toscana;FI;D613;6,63;32,68
Sud;Calabria;CS;D614;2;0
Sud;Campania;SA;D615;30,13;83,04
Nord Est;Emilia-Romagna;MO;D617;5,05;23,5
Sud;Calabria;RC;D619;0;1
Nord Est;Friuli- Venezia Giulia;PN;D621;11,64;106,17
Isole;Sicilia;ME;D622;3;0
Isole;Sicilia;CT;D623;9;77,32
Sud;Calabria;CS;D624;1;6,5
Centro;Marche;MC;D628;8,41;8
Centro;Toscana;MS;D629;51;13,5
Nord Est;Friuli- Venezia Giulia;UD;D630;0;4
Nord Ovest;Lombardia;BS;D634;13;92,07
Isole;Sicilia;ME;D635;2;0
Isole;Sicilia;SR;D636;8,5;72,95
Isole;Sardegna;SS;D637;0;1
Sud;Campania;AV;D638;2;0
Isole;Sardegna;CA;D639;1;1
Isole;Sardegna;NU;D640;0;0
Nord Ovest;Piemonte;VC;D641;1;0
Sud;Puglia;FG;D643;156,51;735,12
Sud;Campania;BN;D644;3;1
Nord Ovest;Piemonte;TO;D646;2;6,01
Centro;Toscana;AR;D649;12,25;45,58
Sud;Campania;BN;D650;3;0
Centro;Marche;AP;D652;20,5;61,95
Centro;Umbria;PG;D653;140,08;400,68
Nord Est;Veneto;TV;D654;4;16,5
Nord Ovest;Liguria;SP;D655;18;25,66
Centro;Toscana;GR;D656;60,55;188,33
Nord Ovest;Lombardia;LO;D660;2;24,72
Isole;Sicilia;ME;D661;2,94;2,77
Centro;Lazio;LT;D662;60,16;74,3
Isole;Sardegna;NU;D665;0;10,5
Nord Ovest;Valle d'Aosta;AO;D666;3,34;4
Centro;Lazio;FR;D667;2,5;3,5
Nord Est;Emilia-Romagna;BO;D668;4;13
Nord Est;Friuli- Venezia Giulia;PN;D670;18,5;116
Sud;Campania;AV;D671;2;4
Nord Ovest;Lombardia;BG;D672;1,67;39,5
Nord Est;Emilia-Romagna;PR;D673;65,5;103,83
Nord Est;Veneto;TV;D674;8,5;40,15
Nord Ovest;Piemonte;NO;D675;2;10,39
Nord Ovest;Piemonte;VC;D676;3;16,5
Nord Ovest;Liguria;GE;D677;1,66;0
Nord Ovest;Piemonte;AT;D678;3;7
Nord Est;Veneto;PD;D679;6;48,34
Nord Est;Veneto;TV;D680;5;52
Sud;Abruzzo;AQ;D681;2;0
Centro;Lazio;FR;D682;2,92;0,67
Sud;Campania;CE;D683;0;0
Nord Ovest;Lombardia;BG;D684;1;19,08
Nord Est;Emilia-Romagna;PR;D685;6;54,33
Nord Est;Veneto;BL;D686;5,58;10,17
Nord Ovest;Lombardia;BG;D688;10,5;37,33
Centro;Lazio;RI;D689;6,5;16,5
Sud;Abruzzo;CH;D690;22;152,6
Centro;Marche;AP;D691;2;3
Sud;Campania;BN;D693;1;0
Nord Ovest;Lombardia;SO;D694;9;4
Isole;Sardegna;OR;D695;0;1,78
Sud;Basilicata;PZ;D696;7;5,83
Nord Ovest;Lombardia;BG;D697;4,83;22,5
Nord Est;Friuli- Venezia Giulia;UD;D700;0;7,25
Sud;Campania;AV;D701;13,19;8,05
Sud;Campania;NA;D702;23,76;15
Sud;Molise;IS;D703;1;1
Nord Est;Emilia-Romagna;FO;D704;197,66;1185,02
Nord Est;Emilia-Romagna;FO;D705;17,67;111
Nord Ovest;Piemonte;VB;D706;0,25;1,25
Centro;Lazio;RM;D707;24,4;129,33
Centro;Lazio;LT;D708;57,43;116,33
Sud;Campania;CE;D709;2;1
Nord Ovest;Lombardia;CR;D710;0;4,5
Nord Est;Emilia-Romagna;MO;D711;89,33;501,56
Nord Ovest;Piemonte;VC;D712;1;9
Sud;Molise;IS;D715;8,8;5
Nord Est;Veneto;VI;D717;5,12;49,33
Nord Est;Friuli- Venezia Giulia;UD;D718;6;2
Nord Est;Friuli- Venezia Giulia;UD;D719;9,92;17,16
Nord Est;Friuli- Venezia Giulia;UD;D720;3;2
Nord Ovest;Piemonte;TO;D725;6,22;18,61
Nord Ovest;Lombardia;BG;D727;4,5;35,99
Nord Est;Emilia-Romagna;PR;D728;24,84;51,8
Centro;Toscana;LU;D730;17,07;57,17
Nord Ovest;Lombardia;PV;D732;3;7
Isole;Sicilia;ME;D733;4;3
Centro;Toscana;LU;D734;2;3
Centro;Toscana;MS;D735;23,75;25
Sud;Abruzzo;AQ;D736;2;3
Sud;Molise;CB;D737;4;5
Sud;Abruzzo;CH;D738;17;18,38
Nord Est;Veneto;VE;D740;1;53,17
Nord Est;Veneto;VE;D741;8;35,16
Nord Ovest;Piemonte;CN;D742;101,97;196,34
Sud;Calabria;CZ;D744;3;1
Centro;Umbria;PG;D745;4,36;13,25
Sud;Calabria;RC;D746;2;6
Nord Est;Veneto;VE;D748;3;67,05
Centro;Marche;PS;D749;8;28,83
Nord Est;Veneto;VI;D750;3;13,75
Nord Ovest;Piemonte;CN;D751;15,39;14,89
Nord Ovest;Piemonte;CN;D752;31,1;156,25
Sud;Puglia;TA;D754;2,66;3
Sud;Campania;BN;D755;2,85;1,33
Sud;Campania;BN;D756;4;0,4
Sud;Abruzzo;CH;D757;1;1
Nord Ovest;Liguria;SP;D758;8,67;0
Nord Ovest;Piemonte;AL;D759;3;3
Centro;Marche;AP;D760;0;2
Sud;Puglia;BR;D761;17,61;85,07
Sud;Calabria;VV;D762;2;1
Sud;Abruzzo;CH;D763;44,27;281,63
Sud;Calabria;CS;D764;3;3
Isole;Sicilia;ME;D765;7,06;6
Sud;Basilicata;PZ;D766;3;3
Sud;Calabria;VV;D767;1;0
Isole;Sicilia;SR;D768;19,83;47,96
Sud;Campania;CE;D769;4;2,61
Nord Ovest;Piemonte;AL;D770;0;2
Nord Ovest;Lombardia;PV;D771;1;10
Centro;Lazio;RM;D773;50,52;126,4
Sud;Calabria;CS;D774;0;2
Nord Est;Veneto;RO;D776;1;11,83
Nord Ovest;Piemonte;AL;D777;0;3
Nord Ovest;Piemonte;AL;D780;0,5;11
Nord Ovest;Piemonte;TO;D781;6;3
Nord Ovest;Piemonte;CN;D782;2,66;2,66
Nord Est;Emilia-Romagna;MO;D783;10,75;16,5
Sud;Campania;BN;D784;6;1
Centro;Lazio;RI;D785;2;3
Centro;Umbria;PG;D786;31,67;110,46
Centro;Umbria;PG;D787;2,67;13
Nord Est;Veneto;RO;D788;1;8,66
Sud;Campania;NA;D789;37;137,38
Sud;Campania;NA;D790;24,38;71,14
Centro;Marche;PS;D791;1;1
Isole;Sicilia;ME;D793;0;0
Nord Est;Veneto;TV;D794;8;22
Sud;Abruzzo;CH;D796;3;0
Nord Ovest;Piemonte;AL;D797;1;3
Sud;Campania;AV;D798;5;3
Sud;Campania;CE;D799;12,83;24,17
Sud;Campania;CE;D801;5;5
Nord Ovest;Piemonte;AT;D802;0;2
Sud;Abruzzo;CH;D803;1;0
Nord Est;Friuli- Venezia Giulia;PN;D804;2;3
Nord Ovest;Piemonte;TO;D805;7;20
Centro;Marche;PS;D807;1;1
Centro;Marche;PS;D808;1,5;1
Centro;Lazio;FR;D810;63,56;89,55
Sud;Molise;IS;D811;0;3
Nord Ovest;Piemonte;TO;D812;19;32
Nord Ovest;Piemonte;AL;D813;0;14
Nord Ovest;Piemonte;AL;D814;2;21,75
Centro;Toscana;FI;D815;46,66;136,21
Nord Ovest;Lombardia;BG;D817;3,33;14,34
Nord Est;Veneto;VR;D818;10,55;29
Centro;Lazio;FR;D819;6;0
Sud;Abruzzo;CH;D823;1;1
Isole;Sicilia;ME;D824;7;14,5
Isole;Sicilia;ME;D825;8,5;37,42
Sud;Campania;SA;D826;1;1
Isole;Sardegna;CA;D827;0;0
Sud;Calabria;CS;D828;6,13;4
Nord Est;Emilia-Romagna;RA;D829;5;70,32
Nord Ovest;Lombardia;SO;D830;0,5;0
Sud;Campania;SA;D832;1;1
Nord Ovest;Lombardia;CR;D834;1;3,67
Nord Ovest;Piemonte;AL;D835;0;3
Centro;Marche;PS;D836;11,5;62
Nord Ovest;Valle d'Aosta;AO;D839;2;0,67
Nord Ovest;Lombardia;CR;D841;0;17
Isole;Sardegna;NU;D842;0;0
Centro;Lazio;LT;D843;59,12;71,92
Isole;Sicilia;ME;D844;1;14
Nord Ovest;Lombardia;MI;D845;22,58;127,95
Nord Est;Emilia-Romagna;BO;D847;15,14;44
Nord Ovest;Piemonte;BI;D848;14;25
Isole;Sicilia;EN;D849;4,78;8
Sud;Abruzzo;AQ;D850;1,67;1
Sud;Puglia;LE;D851;4;16
Sud;Calabria;CZ;D852;2;1
Centro;Marche;MC;D853;2;1
Nord Est;Veneto;TV;D854;6;39,5
Nord Est;Veneto;RO;D855;8,5;8
Nord Ovest;Piemonte;CN;D856;4;0
Centro;Toscana;SI;D858;11,2;35,5
Isole;Sardegna;NU;D859;1;4
Isole;Sicilia;ME;D861;0;2
Sud;Puglia;LE;D862;20;88,5
Sud;Puglia;LE;D863;15,83;35,35
Sud;Calabria;RC;D864;0;0
Nord Ovest;Lombardia;LC;D865;54,36;68,91
Nord Est;Emilia-Romagna;FO;D867;4;8
Nord Ovest;Lombardia;LO;D868;2;17,97
Nord Ovest;Lombardia;VA;D869;222,09;765
Centro;Lazio;VT;D870;0,25;2
Nord Ovest;Lombardia;VA;D871;0;12
Nord Ovest;Piemonte;NO;D872;45,83;173,44
Nord Ovest;Lombardia;PV;D873;0;0
Centro;Toscana;LU;D874;4,39;14
Centro;Lazio;RM;D875;21;25
Sud;Basilicata;PZ;D876;0;0
Nord Est;Emilia-Romagna;BO;D878;18,25;60,19
Nord Est;Veneto;PD;D879;1;45,28
Centro;Lazio;FR;D881;4;1
Nord Est;Veneto;VI;D882;31,91;130,33
Sud;Puglia;LE;D883;37,69;158,87
Sud;Campania;CE;D884;0;0
Isole;Sicilia;ME;D885;1,5;0
Sud;Campania;CE;D886;1,33;0
Isole;Sardegna;NU;D888;1;0
Nord Est;Veneto;PD;D889;1;14
Nord Ovest;Piemonte;AL;D890;1;6
Nord Ovest;Lombardia;BS;D891;0,05;19,16
Nord Ovest;Lombardia;PV;D892;0;0
Nord Ovest;Piemonte;CN;D894;2;0
Centro;Toscana;FI;D895;15,13;17,17
Sud;Molise;CB;D896;0;2
Nord Est;Veneto;VI;D897;6,25;30,16
Sud;Abruzzo;CH;D898;1,5;2,5
Nord Est;Emilia-Romagna;FO;D899;12,5;145,5
Nord Ovest;Lombardia;PV;D901;18,54;107,46
Nord Est;Veneto;VI;D902;2;1
Nord Ovest;Lombardia;BG;D903;1;35
Nord Ovest;Lombardia;BG;D905;6,46;39,56
Nord Ovest;Lombardia;BG;D906;0;8,5
Isole;Sicilia;PA;D907;5,75;8
Sud;Basilicata;MT;D909;0;2
Nord Ovest;Piemonte;AL;D910;3;1
Nord Ovest;Piemonte;NO;D911;0;4,5
Nord Ovest;Lombardia;MI;D912;68,15;220,53
Nord Ovest;Lombardia;LC;D913;3,5;11,14
Nord Est;Veneto;VR;D915;54,71;106,06
Nord Ovest;Lombardia;BS;D917;20,01;41,71
Nord Ovest;Lombardia;BS;D918;16,23;66,5
Nord Ovest;Piemonte;CN;D920;17;37,5
Nord Ovest;Piemonte;NO;D921;1;9
Nord Ovest;Lombardia;BS;D924;13,27;17
Nord Ovest;Lombardia;PV;D925;13,33;75,02
Nord Ovest;Lombardia;LC;D926;4,71;21
Nord Ovest;Liguria;SV;D927;7;21
Nord Ovest;Lombardia;CO;D930;1;3
Nord Ovest;Piemonte;TO;D931;5;6,5
Sud;Calabria;CZ;D932;0;1
Nord Ovest;Piemonte;TO;D933;39,82;115
Nord Est;Emilia-Romagna;RE;D934;9;40,12
Nord Est;Emilia-Romagna;FO;D935;8,33;106,53
Nord Ovest;Piemonte;VC;D938;29,84;67,6
Nord Ovest;Lombardia;BS;D940;23,75;84,25
Nord Est;Veneto;RO;D942;1,5;9,25
Nord Ovest;Lombardia;BG;D943;0;2
Nord Ovest;Piemonte;AL;D944;7,67;30
Centro;Lazio;RM;D945;1,78;0,78
Nord Ovest;Lombardia;VA;D946;20,33;104,21
Isole;Sardegna;NU;D947;0;4,75
Centro;Toscana;GR;D948;17,26;82,12
Nord Ovest;Lombardia;MN;D949;3,15;41,8
Nord Ovest;Lombardia;VA;D951;13;58,8
Nord Ovest;Lombardia;BG;D952;10,01;54,06
Nord Est;Veneto;PD;D956;3;25,5
Nord Est;Veneto;VR;D957;3,83;29,99
Nord Est;Emilia-Romagna;PC;D958;6,8;32
Nord Ovest;Lombardia;MN;D959;3;14
Isole;Sicilia;CL;D960;53,02;109,55
Nord Est;Emilia-Romagna;RN;D961;4;10,39
Nord Est;Friuli- Venezia Giulia;UD;D962;11,14;34,34
Nord Ovest;Lombardia;VA;D963;3;22,04
Centro;Lazio;RM;D964;7,5;15,5
Centro;Marche;AN;D965;3;7,5
Nord Ovest;Lombardia;CR;D966;1;9
Nord Ovest;Piemonte;CN;D967;8,33;30
Isole;Sardegna;NU;D968;0;1
Nord Ovest;Liguria;GE;D969;1619,9;3001,27
Isole;Sardegna;CA;D970;0;0
Sud;Basilicata;PZ;D971;3;4
Centro;Lazio;RM;D972;21,5;76,17
Nord Ovest;Lombardia;CO;D974;7,5;23,5
Sud;Calabria;RC;D975;3,56;0
Sud;Calabria;RC;D976;4,5;4
Isole;Sicilia;PA;D977;10;4,25
Centro;Lazio;RM;D978;9,18;1
Nord Ovest;Lombardia;PV;D980;1;20
Nord Ovest;Lombardia;VA;D981;40,14;136,86
Isole;Sardegna;NU;D982;0;0
Nord Ovest;Piemonte;TO;D983;4;14,5
Nord Ovest;Piemonte;VB;D984;0;0
Nord Ovest;Lombardia;VA;D987;12,67;39
Sud;Calabria;VV;D988;2;0
Nord Ovest;Lombardia;SO;D990;3,25;1,5
Nord Ovest;Lombardia;CR;D993;3;25
Isole;Sardegna;CA;D994;0;0
Nord Ovest;Lombardia;MI;D995;68,42;179,75
Sud;Abruzzo;CH;D996;3;4
Isole;Sardegna;CA;D997;0;0
Sud;Campania;AV;D998;6,33;3,33
Nord Ovest;Lombardia;BS;D999;19,67;155,44
Nord Ovest;Piemonte;NO;E001;5,5;12,81
Nord Ovest;Piemonte;VB;E003;19,19;44,67
Isole;Sardegna;OR;E004;2,67;4
Nord Ovest;Lombardia;BG;E006;15,42;52,67
Nord Ovest;Piemonte;VC;E007;4;6
Nord Est;Veneto;RO;E008;6,2;11
Nord Ovest;Piemonte;TO;E009;4;8
Nord Ovest;Lombardia;BS;E010;0,13;16
Sud;Campania;CE;E011;5;2
Centro;Umbria;PG;E012;6;9,5
Isole;Sicilia;PA;E013;2;2
Isole;Sicilia;ME;E014;18,17;70,25
Nord Ovest;Piemonte;AL;E015;0;3,5
Isole;Sicilia;RG;E016;7;7,17
Isole;Sicilia;CT;E017;19,19;153
Isole;Sardegna;SS;E019;0;4
Nord Ovest;Piemonte;TO;E020;60;152,5
Nord Est;Veneto;TV;E021;8;45,25
Isole;Sardegna;CA;E022;1;1
Isole;Sicilia;TP;E023;3,44;17,22
Nord Ovest;Piemonte;BI;E024;0;0
Sud;Calabria;RC;E025;0;1
Sud;Campania;SA;E026;10;7
Sud;Campania;SA;E027;21;29,67
Nord Ovest;Piemonte;VB;E028;11,5;34,94
Nord Ovest;Valle d'Aosta;AO;E029;3;10
Sud;Molise;CB;E030;2,67;3,27
Sud;Calabria;CZ;E031;10;0
Sud;Basilicata;PZ;E033;1;0
Sud;Campania;BN;E034;1;0
Sud;Puglia;TA;E036;36,5;79,5
Sud;Campania;SA;E037;4;1,02
Sud;Puglia;BA;E038;50,67;126,09
Sud;Campania;CE;E039;0;0
Sud;Abruzzo;AQ;E040;4;1
Sud;Calabria;RC;E041;7;11
Isole;Sicilia;ME;E043;16,27;4
Sud;Calabria;RC;E044;7,5;3
Centro;Umbria;TR;E045;8;11
Sud;Puglia;BA;E047;56,55;87,01
Isole;Sardegna;NU;E049;1;4
Sud;Calabria;CZ;E050;11,14;2,1
Sud;Abruzzo;CH;E052;13;4
Sud;Puglia;LE;E053;0;2
Sud;Campania;NA;E054;108,8;492,67
Isole;Sicilia;PA;E055;2,34;0
Sud;Abruzzo;CH;E056;4;2
Centro;Lazio;FR;E057;7,49;1,93
Sud;Abruzzo;TE;E058;70,34;182,6
Sud;Campania;SA;E060;2;1
Sud;Puglia;LE;E061;1;1
Nord Ovest;Lombardia;PV;E062;6,34;66,67
Nord Ovest;Lombardia;MI;E063;86,67;341,62
Nord Ovest;Liguria;SV;E064;1,5;6
Nord Ovest;Liguria;SV;E066;5;0
Nord Ovest;Piemonte;TO;E067;8,17;29,5
Sud;Calabria;CZ;E068;5;11
Nord Ovest;Liguria;SP;E070;11,5;5,17
Nord Est;Veneto;TV;E071;4;30,47
Nord Ovest;Lombardia;PV;E072;11;63,5
Isole;Sicilia;PA;E074;0;0
Nord Ovest;Lombardia;MN;E078;6,4;82,23
Nord Ovest;Lombardia;VA;E079;6;97,75
Nord Ovest;Lombardia;PV;E081;0;2
Nord Ovest;Lombardia;CR;E082;1;13,5
Nord Est;Friuli- Venezia Giulia;UD;E083;7;32,8
Isole;Sardegna;CA;E084;0;0
Isole;Sardegna;CA;E085;4;1,22
Isole;Sardegna;CA;E086;0,25;6,5
Isole;Sardegna;OR;E087;0;0
Isole;Sardegna;OR;E088;0;1
Nord Ovest;Lombardia;MN;E089;9;60,87
Nord Ovest;Lombardia;SO;E090;15,7;2
Centro;Lazio;RM;E091;0;0
Nord Est;Veneto;TV;E092;4,64;24,78
Sud;Basilicata;MT;E093;2;1
Nord Ovest;Lombardia;MI;E094;165,32;330,79
Sud;Abruzzo;AQ;E096;4;0
Nord Ovest;Lombardia;BG;E100;9,75;36,21
Nord Ovest;Lombardia;VA;E101;8,11;45
Nord Ovest;Lombardia;VA;E102;33,27;141,33
Nord Ovest;Lombardia;BG;E103;11;64,87
Nord Ovest;Lombardia;VA;E104;4,5;16
Nord Ovest;Lombardia;BG;E106;6,47;9,17
Nord Est;Emilia-Romagna;FE;E107;2,5;8,33
Nord Ovest;Liguria;GE;E109;2;0
Nord Ovest;Piemonte;CN;E111;3,5;0
Nord Est;Veneto;BL;E113;6,36;6,97
Nord Est;Emilia-Romagna;PC;E114;8,96;58,23
Nord Ovest;Piemonte;CN;E115;1;0
Nord Ovest;Lombardia;BS;E116;4;29,25
Nord Ovest;Piemonte;CN;E118;3;13
Nord Ovest;Piemonte;NO;E120;9;40,52
Centro;Marche;PS;E122;6,5;42,3
Centro;Lazio;VT;E126;8,83;3,5
Nord Ovest;Lombardia;LO;E127;5;19,78
Centro;Lazio;VT;E128;5;4
Nord Ovest;Piemonte;BI;E130;10;15,25
Sud;Campania;NA;E131;31,44;75,55
Nord Est;Emilia-Romagna;PC;E132;9;50,34
Isole;Sicilia;CT;E133;11;23,78
Nord Ovest;Piemonte;AT;E134;2;0
Nord Est;Emilia-Romagna;BO;E136;84,2;428,37
Nord Ovest;Lombardia;CO;E139;13,15;31,54
Nord Ovest;Lombardia;CO;E141;9,35;5,67
Isole;Sicilia;ME;E142;3;0
Nord Ovest;Piemonte;NO;E143;0;17,5
Nord Ovest;Lombardia;VA;E144;3;9
Nord Est;Veneto;PD;E145;2,5;22,5
Nord Est;Veneto;PD;E146;0;6
Sud;Basilicata;MT;E147;11,5;8,96
Nord Ovest;Lombardia;BG;E148;20;85,88
Isole;Sicilia;PA;E149;8;2
Nord Ovest;Lombardia;PV;E152;3;33,2
Nord Ovest;Piemonte;VB;E153;21;55,58
Nord Ovest;Piemonte;TO;E154;2;3,5
Sud;Puglia;BA;E155;110,5;209,1
Isole;Sicilia;CT;E156;7,5;195,72
Sud;Campania;CE;E158;4;4
Nord Ovest;Piemonte;AT;E159;0;3
Centro;Lazio;RI;E160;7;4
Sud;Campania;AV;E161;1;1
Nord Ovest;Piemonte;VC;E163;3;8
Nord Ovest;Piemonte;AL;E164;2;1
Nord Ovest;Valle d'Aosta;AO;E165;21,5;55
Nord Ovest;Valle d'Aosta;AO;E167;7,77;12,11
Nord Ovest;Valle d'Aosta;AO;E168;15;36,33
Centro;Toscana;FI;E169;25,66;56,33
Nord Ovest;Lombardia;MI;E170;5;48,5
Nord Est;Veneto;VR;E171;60,5;83,72
Nord Ovest;Lombardia;CO;E172;0;7
Sud;Campania;CE;E173;4,35;88
Nord Ovest;Piemonte;NO;E177;7;44,5
Nord Est;Friuli- Venezia Giulia;UD;E179;0;0
Sud;Calabria;CS;E180;0;0
Nord Ovest;Piemonte;CN;E182;7;8
Nord Est;Veneto;VI;E184;1;22,16
Sud;Calabria;CS;E185;10,5;6
Nord Est;Emilia-Romagna;BO;E187;16,5;34,86
Nord Ovest;Piemonte;AL;E188;3;1
Nord Ovest;Lombardia;BG;E189;4;41,11
Nord Ovest;Piemonte;AL;E191;3;2
Nord Ovest;Lombardia;BG;E192;7;27
Nord Ovest;Lombardia;CR;E193;0;4
Nord Ovest;Lombardia;PV;E195;14;44,62
Nord Est;Emilia-Romagna;PC;E196;7,6;24,26
Nord Ovest;Piemonte;TO;E199;5;5
Nord Ovest;Lombardia;SO;E200;22,13;5,33
Nord Ovest;Lombardia;SO;E201;7;2,45
Centro;Toscana;GR;E202;135,49;651,27
Nord Ovest;Piemonte;TO;E203;1;6
Centro;Lazio;RM;E204;52,13;171,37
Sud;Puglia;TA;E205;35,42;95,34
Sud;Campania;AV;E206;4;13,88
Centro;Marche;AP;E207;45,83;162,17
Centro;Marche;AP;E208;3;13
Isole;Sicilia;AG;E209;10;2
Centro;Lazio;VT;E210;6,5;9,17
Sud;Calabria;RC;E212;2;0
Sud;Basilicata;MT;E213;4;2
Sud;Campania;AV;E214;2;4
Nord Est;Veneto;VE;E215;2;18
Nord Ovest;Piemonte;TO;E216;186,48;355,67
Nord Ovest;Lombardia;CR;E217;0;12,5
Nord Ovest;Lombardia;BG;E219;22,68;100,71
Sud;Basilicata;PZ;E221;2;2
Sud;Puglia;BA;E223;16;35
Sud;Campania;NA;E224;10,4;30,67
Nord Est;Veneto;VI;E226;1;28,25
Sud;Puglia;LE;E227;3;14,17
Centro;Marche;MC;E228;2;3,5
Centro;Umbria;PG;E229;10;14,66
Centro;Umbria;PG;E230;25,5;62,11
Nord Est;Emilia-Romagna;RE;E232;10;61
Isole;Sicilia;ME;E233;2;2
Isole;Sardegna;CA;E234;0;0
Nord Ovest;Lombardia;CO;E235;14,08;70,98
Centro;Lazio;FR;E236;2;1,17
Nord Ovest;Piemonte;VC;E237;5;3
Nord Ovest;Lombardia;LO;E238;1;12
Sud;Calabria;CZ;E239;10,33;5
Nord Est;Veneto;RO;E240;1;10,08
Centro;Umbria;TR;E241;13;3,5
Sud;Calabria;CS;E242;1;2
Sud;Abruzzo;CH;E243;18;33,33
Sud;Molise;CB;E244;1;1
Sud;Campania;AV;E245;3;5
Sud;Basilicata;PZ;E246;0,17;0,5
Sud;Molise;CB;E248;3;3
Sud;Campania;BN;E249;4,15;2,75
Centro;Toscana;PI;E250;7,5;16,5
Nord Ovest;Piemonte;CN;E251;5;18
Isole;Sardegna;CA;E252;1;0
Nord Est;Emilia-Romagna;RE;E253;20,84;113,4
Nord Ovest;Piemonte;AL;E255;0;0
Centro;Umbria;PG;E256;108,72;129,09
Nord Ovest;Lombardia;MI;E258;2;19
Sud;Molise;CB;E259;10;22,33
Nord Ovest;Lombardia;MN;E261;2;64,48
Centro;Lazio;RM;E263;171,54;660,85
Nord Est;Emilia-Romagna;MO;E264;20;47,42
Nord Ovest;Lombardia;PV;E265;31;115,48
Sud;Abruzzo;CH;E266;3;1
Nord Ovest;Piemonte;VB;E269;4;0
Isole;Sardegna;CA;E270;8,71;5,67
Nord Ovest;Lombardia;BS;E271;36,55;172,22
Nord Ovest;Lombardia;CR;E272;5,83;21,2
Nord Ovest;Valle d'Aosta;AO;E273;2;1
Sud;Calabria;CZ;E274;2;0
Nord Ovest;Lombardia;BS;E280;4;7,09
Isole;Sardegna;CA;E281;17,46;40,07
Nord Ovest;Piemonte;CN;E282;0;0
Isole;Sardegna;NU;E283;3;2
Nord Est;Veneto;VR;E284;5;17,75
Isole;Sardegna;SS;E285;2;3
Nord Ovest;Lombardia;LC;E287;8,18;34,83
Nord Est;Emilia-Romagna;BO;E289;184,19;690,1
Nord Ovest;Liguria;IM;E290;175,76;252,33
Centro;Toscana;FI;E291;30,54;97,1
Nord Ovest;Lombardia;VA;E292;0;11
Nord Ovest;Piemonte;AT;E295;4;3
Nord Ovest;Lombardia;BS;E297;1;5,5
Nord Ovest;Lombardia;VA;E299;33,3;116,43
Nord Ovest;Piemonte;TO;E301;0;0
Nord Ovest;Piemonte;VB;E304;2;0
Nord Ovest;Lombardia;LC;E305;2;14
Nord Ovest;Valle d'Aosta;AO;E306;2;0
Sud;Abruzzo;AQ;E307;5;8
Nord Ovest;Lombardia;CO;E309;23;80,21
Nord Ovest;Lombardia;PV;E310;0;18
Nord Ovest;Piemonte;TO;E311;3;9
Nord Ovest;Lombardia;MI;E313;25,75;79,75
Nord Ovest;Piemonte;NO;E314;7,92;46,31
Nord Ovest;Lombardia;MI;E317;47;151,22
Nord Est;Emilia-Romagna;FE;E320;19,5;20,5
Sud;Calabria;VV;E321;3;4
Isole;Sardegna;NU;E323;0;1
Nord Ovest;Lombardia;BS;E325;0;0
Sud;Basilicata;MT;E326;3;4
Nord Ovest;Piemonte;CN;E327;0;0
Sud;Calabria;CZ;E328;1,5;1
Sud;Campania;NA;E329;9,88;9
Centro;Lazio;VT;E330;10;3
Sud;Puglia;FG;E332;12;4
Nord Ovest;Lombardia;BS;E333;44,06;118,81
Sud;Molise;IS;E335;29,75;63,61
Isole;Sardegna;NU;E336;0;2
Isole;Sicilia;PA;E337;2;0
Nord Ovest;Piemonte;AT;E338;4;10,67
Sud;Calabria;KR;E339;8;15,75
Centro;Lazio;FR;E340;7;9,67
Nord Ovest;Liguria;GE;E341;9;5
Nord Ovest;Lombardia;SO;E342;21,23;46,83
Sud;Abruzzo;TE;E343;14,96;13,66
Nord Ovest;Piemonte;TO;E345;0;0
Nord Ovest;Liguria;IM;E346;13,5;1
Centro;Toscana;GR;E348;9;5,13
Nord Est;Veneto;VR;E349;22,07;108,76
Isole;Sicilia;PA;E350;2;19,5
Centro;Marche;PS;E351;0;1
Nord Ovest;Lombardia;BG;E353;0;2
Nord Est;Veneto;VI;E354;12;95,84
Nord Ovest;Lombardia;CR;E356;3;10,16
Nord Est;Veneto;VR;E358;6,56;20,5
Nord Ovest;Piemonte;AL;E360;0;3,25
Sud;Puglia;FG;E363;1,67;0
Nord Ovest;Lombardia;BS;E364;1,67;18
Sud;Campania;SA;E365;3;2
Isole;Sicilia;RG;E366;33,52;41,91
Nord Ovest;Lombardia;VA;E367;8;61,67
Nord Ovest;Piemonte;TO;E368;2;3
Nord Ovest;Valle d'Aosta;AO;E369;1;1
Nord Ovest;Lombardia;BG;E370;4;3
Nord Ovest;Valle d'Aosta;AO;E371;4;4
Sud;Abruzzo;CH;E372;116,92;422,27
Nord Est;Veneto;TV;E373;11;74,7
Isole;Sicilia;ME;E374;3;3
Centro;Lazio;LT;E375;18;12
Isole;Sardegna;SS;E376;0;0
Isole;Sardegna;SS;E377;1,6;11
Nord Ovest;Piemonte;TO;E379;94,28;252,27
Nord Ovest;Lombardia;CR;E380;1;12
Sud;Molise;CB;E381;0;0
Centro;Lazio;RM;E382;1,83;1,17
Nord Ovest;Lombardia;VA;E386;11,6;38,83
Isole;Sardegna;NU;E387;3;0
Centro;Marche;AN;E388;110,23;340,03
Sud;Calabria;VV;E389;2;5
Isole;Sicilia;AG;E390;0;1
Nord Ovest;Valle d'Aosta;AO;E391;0;1
Centro;Lazio;RM;E392;4,25;32
Centro;Lazio;RI;E393;1,5;0
Nord Ovest;Piemonte;TO;E394;9;16,5
Nord Ovest;Lombardia;MI;E395;75,5;319,17
Sud;Campania;NA;E396;6,13;3
Sud;Campania;AV;E397;7;5
Isole;Sardegna;NU;E400;2;0
Isole;Sardegna;SS;E401;1;2
Sud;Calabria;RC;E402;0;0
Nord Est;Veneto;VI;E403;0;3,5
Nord Ovest;Lombardia;CO;E405;9;20,6
Nord Ovest;Piemonte;CN;E406;3;7
Sud;Calabria;CS;E407;4;1
Sud;Basilicata;PZ;E409;23,5;15,75
Nord Est;Emilia-Romagna;FE;E410;5;30,57
Centro;Toscana;PI;E413;8,86;6,5
Nord Ovest;Liguria;SV;E414;16,08;37,39
Nord Ovest;Lombardia;MI;E415;159;340,28
Nord Ovest;Lombardia;CO;E416;0;3
Sud;Calabria;CS;E417;2,34;1
Sud;Calabria;CS;E419;2;1
Nord Ovest;Lombardia;BG;E422;11;60,5
Nord Ovest;Piemonte;TO;E423;28,5;97,75
Sud;Abruzzo;CH;E424;6;1
Isole;Sardegna;SS;E425;23,7;77,33
Nord Est;Emilia-Romagna;MO;E426;11,04;31,02
Nord Ovest;Lombardia;CO;E428;5;27,64
Nord Est;Veneto;BL;E429;15,68;10,38
Nord Ovest;Piemonte;CN;E430;6;22
Isole;Sicilia;AG;E431;4,33;2
Centro;Toscana;PT;E432;9,33;39,72
Nord Ovest;Piemonte;VC;E433;0;4
Sud;Abruzzo;CH;E435;61,83;201,84
Nord Ovest;Piemonte;NO;E436;0;3
Nord Ovest;Lombardia;PV;E437;12;93,17
Nord Est;Emilia-Romagna;PR;E438;27,33;81
Nord Ovest;Lombardia;PV;E439;1;2
Isole;Sardegna;NU;E441;7,13;6
Nord Ovest;Lombardia;SO;E443;17,44;13,43
Nord Ovest;Piemonte;TO;E445;24;44,75
Centro;Marche;AP;E447;2,5;2
Sud;Campania;AV;E448;6;1
Sud;Calabria;CS;E450;2;0,33
Centro;Toscana;PT;E451;7,33;32,66
Nord Ovest;Lombardia;PV;E454;2;14
Sud;Molise;CB;E456;4;15,5
Nord Ovest;Valle d'Aosta;AO;E458;22,55;52,73
Isole;Sicilia;PA;E459;17,5;2
Nord Ovest;Lombardia;CO;E462;2,2;3
Nord Ovest;Liguria;SP;E463;282,62;379,17
Isole;Sardegna;CA;E464;0;0
Nord Est;Veneto;VI;E465;0;2
Centro;Toscana;FI;E466;51,06;97,17
Centro;Lazio;VT;E467;1;2
Sud;Puglia;TA;E469;26,16;26,5
Nord Ovest;Valle d'Aosta;AO;E470;23,25;58,23
Sud;Puglia;BR;E471;6;25,3
Centro;Lazio;LT;E472;232,76;710,34
Nord Est;Friuli- Venezia Giulia;UD;E473;21,17;129,63
Sud;Basilicata;PZ;E474;9,5;0,5
Sud;Calabria;CS;E475;0;1
Nord Est;Friuli- Venezia Giulia;UD;E476;1;1
Sud;Calabria;RC;E479;3;3
Sud;Campania;SA;E480;8;3
Sud;Basilicata;PZ;E482;3;3
Sud;Basilicata;PZ;E483;10,5;8
Nord Ovest;Piemonte;TO;E484;7;13
Sud;Campania;SA;E485;5;1
Sud;Campania;SA;E486;2;0
Sud;Campania;AV;E487;3,33;2
Nord Ovest;Liguria;GE;E488;50,41;137,54
Nord Est;Veneto;VR;E489;52,75;157,54
Nord Est;Veneto;BL;E490;4,5;10
Sud;Basilicata;PZ;E493;18,5;38,1
Nord Ovest;Lombardia;VA;E494;24,53;70,91
Nord Ovest;Lombardia;VA;E496;50,08;142,75
Nord Ovest;Lombardia;BS;E497;3;1
Sud;Campania;SA;E498;3;8,17
Nord Est;Veneto;VR;E502;44,16;163,54
Nord Ovest;Lombardia;MI;E504;23,02;86,5
Sud;Abruzzo;AQ;E505;1;6,5
Sud;Puglia;LE;E506;116,74;702,93
Nord Ovest;Lombardia;LC;E507;217,63;612,7
Nord Ovest;Lombardia;BG;E509;11,82;32,85
Nord Ovest;Lombardia;VA;E510;11;46,17
Nord Est;Veneto;VR;E512;35,75;257,14
Nord Ovest;Lombardia;MI;E514;295,08;953,64
Nord Est;Veneto;PD;E515;3;114,55
Isole;Sardegna;NU;E517;0;0
Nord Ovest;Piemonte;TO;E518;62,25;229,84
Nord Ovest;Liguria;GE;E519;12;20,83
Nord Ovest;Piemonte;TO;E520;1;9
Nord Est;Veneto;RO;E522;12,17;83,75
Isole;Sicilia;ME;E523;0;1
Nord Ovest;Lombardia;BG;E524;1;2
Nord Ovest;Lombardia;BS;E526;13,5;140,43
Centro;Lazio;LT;E527;4;3
Nord Ovest;Piemonte;VC;E528;0;5
Nord Ovest;Lombardia;MI;E530;37,83;172,83
Sud;Abruzzo;CH;E531;3;2
Isole;Sicilia;SR;E532;25,41;78,64
Centro;Lazio;RI;E535;10,08;22,25
Isole;Sicilia;EN;E536;9;32,7
Sud;Puglia;TA;E537;1,66;8
Sud;Puglia;LE;E538;11;35
Nord Ovest;Piemonte;CN;E539;1;2
Nord Ovest;Piemonte;CN;E540;0;2
Isole;Sicilia;PA;E541;10;3,5
Nord Ovest;Liguria;SP;E542;76,84;113
Nord Ovest;Piemonte;AL;E543;1;5
Nord Ovest;Piemonte;NO;E544;12,03;28,33
Nord Ovest;Piemonte;CN;E546;1;1,5
Nord Est;Emilia-Romagna;PR;E547;8,25;34,7
Nord Est;Emilia-Romagna;PR;E548;1;11
Sud;Puglia;FG;E549;7,5;84,33
Nord Ovest;Lombardia;MI;E550;29,99;145,36
Nord Ovest;Piemonte;TO;E551;7;14,5
Nord Est;Friuli- Venezia Giulia;UD;E553;3;18,5
Sud;Campania;CE;E554;1;2
Isole;Sicilia;ME;E555;10;22,25
Sud;Campania;NA;E557;6,57;13,5
Sud;Abruzzo;PE;E558;1;1
Sud;Abruzzo;CH;E559;0;1
Nord Ovest;Liguria;SP;E560;17,5;43,91
Nord Ovest;Lombardia;BG;E562;10,08;46,46
Sud;Puglia;LE;E563;5,2;23,02
Nord Ovest;Piemonte;CN;E564;0;1
Nord Ovest;Piemonte;TO;E566;3;12
Nord Ovest;Lombardia;CO;E569;12,07;16,32
Sud;Campania;CE;E570;0;0
Isole;Sicilia;ME;E571;5;1
Isole;Sicilia;AG;E573;35,16;40,92
Centro;Toscana;MS;E574;24,5;8
Centro;Lazio;RM;E576;8;1
Isole;Sicilia;CT;E578;4,22;6
Nord Ovest;Lombardia;LC;E581;12;41,3
Nord Ovest;Piemonte;VC;E583;1;4
Nord Est;Friuli- Venezia Giulia;UD;E584;96,77;425,95
Nord Ovest;Valle d'Aosta;AO;E587;3;2
Nord Est;Veneto;BL;E588;12,33;35,66
Sud;Campania;BN;E589;2;0
Sud;Calabria;VV;E590;0,67;0
Nord Ovest;Lombardia;MI;E591;174,17;363,02
Nord Est;Veneto;PD;E592;11,57;111,2
Nord Ovest;Lombardia;CO;E593;4,5;39,89
Isole;Sicilia;ME;E594;2;1
Nord Ovest;Lombardia;BS;E596;5,5;4,25
Nord Ovest;Piemonte;CN;E597;35,26;110,46
Sud;Molise;CB;E599;5;2
Nord Ovest;Lombardia;PV;E600;6,5;33,84
Isole;Sicilia;CT;E602;10,5;17,83
Sud;Campania;AV;E605;7;15,58
Isole;Sicilia;ME;E606;33,84;11,2
Nord Ovest;Lombardia;CO;E607;14,33;41,33
Nord Ovest;Lombardia;PV;E608;0;1
Nord Ovest;Lombardia;MI;E610;29;67,33
Sud;Abruzzo;CH;E611;0;2
Centro;Umbria;PG;E613;4;3
Nord Ovest;Piemonte;CN;E615;2;0
Nord Ovest;Lombardia;MI;E617;282,91;656,31
Isole;Sicilia;CL;E618;2,67;1
Sud;Campania;NA;E620;5;1,5
Nord Ovest;Lombardia;SO;E621;42,71;47
Nord Ovest;Lombardia;CO;E623;3;1
Centro;Toscana;LI;E625;348,82;832,72
Nord Ovest;Piemonte;VC;E626;6,63;36
Nord Ovest;Lombardia;LO;E627;6,5;21,5
Sud;Puglia;LE;E629;5;43,92
Sud;Puglia;TA;E630;3;6
Nord Ovest;Liguria;SV;E632;74,16;243,72
Nord Ovest;Piemonte;AT;E633;0;0
Nord Ovest;Piemonte;TO;E635;8;6
Nord Ovest;Lombardia;CO;E638;5;35,5
Nord Ovest;Lombardia;MI;E639;27,66;110,07
Nord Ovest;Lombardia;BG;E640;2;8,92
Isole;Sardegna;NU;E644;2;4
Sud;Puglia;BA;E645;20;33,44
Isole;Sardegna;NU;E646;0;0
Isole;Sardegna;NU;E647;0;0
Nord Ovest;Lombardia;LO;E648;204,7;647,91
Isole;Sardegna;NU;E649;0;0
Nord Ovest;Lombardia;LO;E651;9,5;81,5
Nord Ovest;Lombardia;BS;E652;4;11
Nord Ovest;Lombardia;BS;E654;1,33;32
Nord Est;Emilia-Romagna;BO;E655;11;60,02
Nord Ovest;Lombardia;LC;E656;32,5;84,5
Nord Ovest;Lombardia;CO;E659;37;139,25
Nord Ovest;Piemonte;TO;E660;1;19,67
Nord Ovest;Piemonte;TO;E661;1;7
Nord Ovest;Lombardia;PV;E662;1;14,33
Nord Ovest;Lombardia;VA;E665;16,17;97,29
Nord Ovest;Lombardia;VA;E666;21,5;113,89
Centro;Toscana;FI;E668;8;9,67
Sud;Molise;IS;E669;0;0
Nord Est;Veneto;VI;E671;5,32;63,05
Nord Ovest;Lombardia;BS;E673;0;5
Isole;Sicilia;ME;E674;1;1
Nord Est;Emilia-Romagna;FO;E675;20,33;54
Sud;Calabria;CS;E677;5;0
Sud;Calabria;CS;E678;1;2,08
Nord Ovest;Lombardia;CO;E679;13;24,33
Centro;Toscana;LI;E680;9;23,5
Centro;Lazio;RI;E681;2;7,22
Nord Est;Veneto;VI;E682;11,09;154,07
Nord Ovest;Piemonte;TO;E683;3;8,5
Nord Est;Veneto;PD;E684;5;78,94
Nord Ovest;Piemonte;VB;E685;1;0,33
Nord Est;Veneto;BL;E687;2,67;2,25
Nord Est;Veneto;RO;E689;3;20,5
Centro;Marche;AN;E690;14,5;91,83
Sud;Abruzzo;PE;E691;9;31,25
Nord Est;Veneto;TV;E692;3;53,88
Centro;Toscana;AR;E693;16,25;33
Centro;Marche;MC;E694;10,5;12
Nord Ovest;Liguria;GE;E695;3,5;0,5
Nord Ovest;Lombardia;BS;E698;0;1
Isole;Sardegna;NU;E700;3;8
Nord Ovest;Lombardia;BG;E704;14,33;56,92
Nord Ovest;Lombardia;SO;E705;3;0
Nord Ovest;Lombardia;BS;E706;3,67;12,67
Nord Ovest;Lombardia;VA;E707;3,5;16,5
Nord Est;Veneto;BL;E708;7,58;5,38
Nord Est;Veneto;PD;E709;3;18
Nord Ovest;Piemonte;VC;E711;0;1,5
Centro;Lazio;VT;E713;1;0
Isole;Sicilia;AG;E714;3;0
Centro;Toscana;LU;E715;187,4;456,87
Sud;Puglia;FG;E716;54,72;171,47
Centro;Toscana;AR;E718;8,2;28,92
Nord Ovest;Liguria;IM;E719;4;0
Sud;Molise;CB;E722;2;0
Sud;Abruzzo;AQ;E723;8;14
Sud;Abruzzo;AQ;E724;25;15
Nord Est;Emilia-Romagna;PC;E726;13,42;28,96
Centro;Umbria;TR;E729;4,8;1,33
Nord Est;Emilia-Romagna;RA;E730;71,08;235,9
Nord Est;Veneto;VI;E731;4,5;22,5
Nord Ovest;Lombardia;VA;E734;54,71;193,08
Nord Ovest;Lombardia;CO;E735;11;40,1
Isole;Sardegna;NU;E736;0;0
Nord Ovest;Liguria;GE;E737;4;5
Nord Ovest;Lombardia;BS;E738;41,32;111,14
Isole;Sardegna;CA;E742;0;1
Centro;Marche;PS;E743;2,5;1
Sud;Calabria;CS;E745;4;7
Sud;Campania;AV;E746;1;1
Isole;Sardegna;SS;E747;4,33;2
Sud;Molise;CB;E748;1;1
Nord Ovest;Lombardia;CO;E749;24;65,03
Nord Ovest;Lombardia;CO;E750;3,83;23,5
Nord Ovest;Lombardia;BG;E751;7;25
Isole;Sardegna;SS;E752;1;6
Nord Ovest;Lombardia;CO;E753;28,72;68,75
Sud;Campania;CE;E754;9,42;90
Nord Ovest;Piemonte;TO;E758;15,06;64,17
Nord Ovest;Piemonte;TO;E759;2;3
Nord Est;Friuli- Venezia Giulia;UD;E760;0;5
Nord Est;Veneto;RO;E761;2;13
Nord Ovest;Piemonte;TO;E763;2;4,5
Sud;Campania;SA;E767;1;0
Nord Ovest;Lombardia;VA;E769;6;22
Nord Ovest;Lombardia;BG;E770;0;6,5
Nord Est;Emilia-Romagna;RE;E772;14,5;63,5
Sud;Calabria;CS;E773;6;7
Nord Ovest;Lombardia;LO;E777;0;0
Sud;Molise;IS;E778;4;0
Sud;Molise;IS;E779;4;5,34
Sud;Molise;CB;E780;0;0
Nord Ovest;Piemonte;TO;E782;2;13,5
Centro;Marche;MC;E783;109,16;224,99
Sud;Campania;CE;E784;18,17;53
Centro;Marche;PS;E785;4,93;5,95
Nord Ovest;Lombardia;MI;E786;31;99,43
Nord Ovest;Lombardia;BS;E787;0;9,22
Isole;Sardegna;NU;E788;3,5;21,5
Nord Ovest;Piemonte;CN;E789;0;0
Nord Ovest;Piemonte;VB;E790;2;4
Sud;Campania;CE;E791;42,63;78,18
Nord Ovest;Lombardia;CR;E793;7;26,41
Nord Ovest;Lombardia;BG;E794;5;66,5
Nord Ovest;Piemonte;VB;E795;6;2
Centro;Lazio;LT;E798;4,45;4
Sud;Molise;CB;E799;1;2
Nord Ovest;Lombardia;MI;E801;164,54;356,07
Nord Ovest;Piemonte;NO;E803;6,5;9,5
Nord Ovest;Lombardia;PV;E804;1,5;14
Centro;Umbria;PG;E805;34,6;99,35
Sud;Calabria;CZ;E806;0;1
Centro;Marche;AP;E807;2;6,33
Nord Ovest;Piemonte;CN;E808;6;12
Nord Ovest;Piemonte;CN;E809;3;18
Centro;Toscana;GR;E810;11,89;26,89
Sud;Abruzzo;AQ;E811;8,5;10
Centro;Lazio;RI;E812;9;8
Centro;Lazio;RM;E813;2;4
Sud;Campania;SA;E814;0;2
Sud;Puglia;LE;E815;13,67;53,65
Nord Ovest;Liguria;SV;E816;4;21,25
Nord Ovest;Piemonte;TO;E817;5;4
Nord Ovest;Lombardia;MN;E818;1,5;5,94
Nord Ovest;Lombardia;MI;E819;9,34;116,58
Nord Est;Friuli- Venezia Giulia;UD;E820;4;6,67
Nord Ovest;Piemonte;BI;E821;12;9,67
Isole;Sardegna;NU;E825;0;0
Nord Ovest;Lombardia;CO;E830;3,5;15
Nord Est;Friuli- Venezia Giulia;UD;E833;14;42,94
Sud;Calabria;CZ;E834;6;0
Sud;Calabria;CS;E835;4;1
Sud;Calabria;VV;E836;1;0
Centro;Marche;AN;E837;10,66;46
Nord Est;Emilia-Romagna;RN;E838;2;0
Sud;Campania;SA;E839;13;20,64
Nord Ovest;Lombardia;LO;E840;2;15
Nord Ovest;Lombardia;BS;E841;2;33,61
Nord Ovest;Liguria;SP;E842;0,83;3
Nord Ovest;Lombardia;CR;E843;1,5;8,13
Nord Est;Emilia-Romagna;BO;E844;22,5;136,9
Nord Est;Veneto;VR;E848;19,5;23,06
Nord Ovest;Lombardia;BS;E851;1,89;23
Nord Ovest;Lombardia;LO;E852;7;33,5
Nord Ovest;Piemonte;VB;E853;13,16;11,81
Isole;Sicilia;CT;E854;1,66;16
Isole;Sicilia;ME;E855;2,5;1
Nord Ovest;Lombardia;LC;E858;14,45;46,53
Sud;Calabria;CS;E859;0;0
Nord Ovest;Liguria;SV;E860;3;1
Nord Ovest;Lombardia;VA;E863;55,5;189,77
Nord Est;Veneto;VI;E864;8;143,52
Nord Ovest;Lombardia;BS;E865;8,23;13
Centro;Marche;AP;E868;2;14
Isole;Sicilia;ME;E869;0;3
Nord Ovest;Piemonte;AL;E870;2;0
Sud;Calabria;CS;E872;1;2
Sud;Calabria;RC;E873;1,5;1
Isole;Sardegna;NU;E874;1,25;3
Centro;Toscana;GR;E875;83,55;30
Isole;Sicilia;ME;E876;0;0
Isole;Sardegna;CA;E877;0;0
Sud;Calabria;CS;E878;7,54;4
Nord Ovest;Lombardia;LC;E879;26;79,16
Nord Ovest;Piemonte;NO;E880;0;4
Sud;Puglia;TA;E882;24,36;61,33
Nord Ovest;Lombardia;BS;E883;15;143,1
Nord Ovest;Lombardia;BS;E884;16,5;124,3
Sud;Puglia;FG;E885;80,01;189,79
Nord Ovest;Piemonte;CN;E887;6;5
Sud;Calabria;CS;E888;2;2,17
Nord Est;Friuli- Venezia Giulia;PN;E889;24,67;103,17
Sud;Campania;AV;E891;3,1;7,36
Sud;Abruzzo;PE;E892;3,5;26,5
Nord Est;Veneto;TV;E893;8,67;35,67
Nord Ovest;Piemonte;CN;E894;16;28
Nord Ovest;Lombardia;SO;E896;3,49;4
Nord Ovest;Lombardia;MN;E897;182,97;567,36
Nord Est;Friuli- Venezia Giulia;UD;E899;15,81;56,5
Centro;Lazio;RM;E900;16,95;32,17
Nord Ovest;Lombardia;BG;E901;16,33;89,75
Isole;Sardegna;SS;E902;1;0
Isole;Sardegna;CA;E903;5;11
Nord Est;Emilia-Romagna;MO;E904;25,03;188,59
Nord Est;Emilia-Romagna;MO;E905;6,5;36,27
Sud;Campania;NA;E906;33,98;143,01
Nord Ovest;Piemonte;NO;E907;3,5;21
Centro;Lazio;RM;E908;2;1
Nord Est;Friuli- Venezia Giulia;UD;E910;3;9
Nord Est;Veneto;VR;E911;5;7,08
Nord Est;Veneto;VI;E912;6,83;59,82
Sud;Calabria;CS;E914;2;2,5
Sud;Calabria;CS;E915;4;2
Nord Ovest;Piemonte;AT;E917;0;0
Sud;Basilicata;PZ;E919;8,47;11,33
Nord Ovest;Lombardia;MI;E921;26,93;84,35
Nord Ovest;Lombardia;MN;E922;8;47,97
Sud;Calabria;CZ;E923;0;0
Centro;Lazio;RM;E924;9;12,5
Sud;Calabria;CZ;E925;2;0
Centro;Lazio;RI;E927;0;0
Nord Ovest;Lombardia;BS;E928;1,8;17
Nord Ovest;Lombardia;VA;E929;11,5;42,92
Centro;Toscana;LI;E930;18,47;18
Centro;Toscana;LI;E931;8;14,5
Sud;Campania;CE;E932;25,75;120,33
Centro;Toscana;AR;E933;5;28,17
Nord Ovest;Lombardia;PV;E934;3;25,5
Nord Est;Veneto;VE;E936;5,57;284,92
Nord Ovest;Piemonte;CN;E939;3;19,1
Nord Est;Veneto;TV;E940;13,66;75,67
Nord Ovest;Piemonte;TO;E941;0;7
Nord Ovest;Piemonte;AT;E944;2;1
Nord Ovest;Piemonte;CN;E945;1;1
Sud;Puglia;FG;E946;23,03;63,32
Nord Ovest;Lombardia;LC;E947;3;8,5
Nord Ovest;Lombardia;MN;E949;0;2
Nord Ovest;Lombardia;CO;E951;64,91;216,57
Isole;Sicilia;CL;E953;0;0,97
Sud;Campania;NA;E954;6;31
Sud;Campania;NA;E955;26,75;138,31
Sud;Calabria;RC;E956;1,25;5
Isole;Sicilia;PA;E957;6;3
Centro;Lazio;RM;E958;96,08;485,42
Centro;Toscana;PT;E960;9,5;17,5
Nord Ovest;Lombardia;BS;E961;1;1,5
Nord Ovest;Lombardia;MN;E962;4;69,5
Nord Ovest;Piemonte;CN;E963;1,5;0
Nord Ovest;Lombardia;VA;E965;16,64;102
Nord Ovest;Lombardia;BS;E967;4,5;16,75
Sud;Calabria;RC;E968;1;0
Nord Est;Veneto;VI;E970;41;128,85
Centro;Toscana;FI;E971;7,5;5,34
Isole;Sardegna;OR;E972;1,66;3
Nord Ovest;Piemonte;CN;E973;2;2
Isole;Sicilia;TP;E974;58,29;189,06
Centro;Umbria;PG;E975;55,07;120,52
Sud;Basilicata;PZ;E976;3;0,5
Sud;Basilicata;PZ;E977;8,6;15,2
Centro;Lazio;VT;E978;12,42;4,5
Sud;Puglia;LE;E979;3;9,25
Nord Est;Veneto;VE;E980;16,33;177,12
Nord Est;Friuli- Venezia Giulia;UD;E982;8,5;57,17
Nord Ovest;Lombardia;CR;E983;0;13,39
Sud;Puglia;LE;E984;1;3
Sud;Puglia;TA;E986;65,75;164,24
Nord Ovest;Lombardia;BG;E987;17,75;130,84
Nord Ovest;Piemonte;CN;E988;1;1
Sud;Abruzzo;TE;E989;44,5;177,34
Sud;Calabria;CZ;E991;0;2
Isole;Sardegna;SS;E992;0,25;1
Sud;Calabria;RC;E993;2;2
Nord Ovest;Lombardia;LO;E994;5;19,87
Sud;Puglia;TA;E995;15,5;11,66
Sud;Campania;AV;E997;0;1
Sud;Campania;CE;E998;5;2
Nord Ovest;Lombardia;PV;E999;2;24
Sud;Calabria;CS;F001;1;0
Nord Ovest;Lombardia;VA;F002;0;1
Nord Ovest;Lombardia;MI;F003;5,5;60,5
Isole;Sicilia;CT;F004;29,6;161,72
Isole;Sicilia;CT;F005;10,53;119,05
Sud;Basilicata;PZ;F006;4;2
Nord Ovest;Lombardia;VA;F007;1,33;2,5
Nord Est;Veneto;TV;F009;2;18
Nord Ovest;Piemonte;VB;F010;1;5
Nord Est;Veneto;PD;F011;6,67;115,91
Nord Est;Veneto;TV;F012;8;95,95
Nord Est;Veneto;PD;F013;0;5,5
Nord Ovest;Piemonte;AL;F015;1;7,5
Nord Est;Emilia-Romagna;FE;F016;4,5;18,34
Nord Ovest;Lombardia;CO;F017;12,67;20,34
Nord Ovest;Liguria;GE;F020;8,5;14
Centro;Marche;AP;F021;0;2
Sud;Abruzzo;AQ;F022;5;5,17
Centro;Toscana;MS;F023;144,33;310,52
Centro;Umbria;PG;F024;3;7
Centro;Toscana;PT;F025;11,8;48,5
Sud;Puglia;TA;F027;60,08;98,72
Nord Ovest;Lombardia;LO;F028;5;72,16
Nord Est;Emilia-Romagna;RA;F029;19;110
Sud;Campania;NA;F030;28,3;38,05
Centro;Toscana;GR;F032;32;67
Nord Est;Veneto;PD;F033;2,17;53,5
Centro;Toscana;LU;F035;31,67;68,51
Nord Ovest;Piemonte;BI;F037;0;0
Nord Ovest;Piemonte;TO;F041;1;1
Nord Ovest;Piemonte;BI;F042;7;27
Sud;Campania;CE;F043;7;14
Centro;Marche;AP;F044;5;16
Nord Ovest;Liguria;SV;F046;3;2
Nord Ovest;Piemonte;NO;F047;3,41;18,08
Nord Ovest;Piemonte;VB;F048;0;0
Isole;Sardegna;OR;F050;0;0
Centro;Marche;MC;F051;36,34;63,95
Sud;Basilicata;MT;F052;145,66;280,26
Nord Ovest;Piemonte;TO;F053;10;30,2
Sud;Puglia;LE;F054;8,01;24,75
Sud;Molise;CB;F055;0;2
Nord Ovest;Piemonte;TO;F058;3;6,5
Sud;Puglia;FG;F059;10,5;19
Isole;Sicilia;TP;F061;29,81;59,22
Nord Ovest;Lombardia;BS;F063;17;144,41
Centro;Lazio;RM;F064;5;1
Isole;Sicilia;CL;F065;12,25;10,5
Isole;Sicilia;ME;F066;2,5;0
Nord Ovest;Piemonte;TO;F067;13,89;47,67
Nord Ovest;Lombardia;SO;F070;12,5;3
Isole;Sardegna;NU;F073;0;0
Nord Ovest;Piemonte;TO;F074;3;7
Nord Ovest;Lombardia;MI;F078;116,38;335,35
Nord Ovest;Lombardia;PV;F080;7,5;59,33
Nord Est;Emilia-Romagna;PR;F082;34,83;124,5
Nord Est;Emilia-Romagna;BO;F083;58,7;160,97
Nord Ovest;Lombardia;MI;F084;20,84;140,39
Nord Ovest;Lombardia;BG;F085;4;45,5
Nord Ovest;Lombardia;MN;F086;5;26,76
Nord Est;Emilia-Romagna;MO;F087;5,67;102,45
Nord Est;Veneto;TV;F088;14;23,33
Nord Est;Friuli- Venezia Giulia;PN;F089;3;3
Nord Est;Veneto;PD;F092;2;11,5
Nord Ovest;Piemonte;NO;F093;17,5;32,09
Nord Est;Veneto;RO;F095;5,25;10,25
Nord Ovest;Piemonte;AL;F096;6,83;13
Nord Est;Emilia-Romagna;FO;F097;10;63,92
Nord Ovest;Liguria;GE;F098;5;27
Nord Ovest;Lombardia;MI;F100;76,55;176,21
Sud;Puglia;LE;F101;5;25,32
Nord Ovest;Lombardia;LO;F102;0;5
Sud;Basilicata;PZ;F104;38,5;58,71
Sud;Calabria;RC;F105;0;0
Sud;Calabria;RC;F106;1;2
Isole;Sicilia;SR;F107;9,5;40,5
Sud;Calabria;KR;F108;2,5;5,75
Sud;Puglia;LE;F109;2;10
Sud;Campania;AV;F110;1;4
Sud;Campania;NA;F111;35,53;105,6
Sud;Calabria;RC;F112;1;5
Sud;Campania;BN;F113;2;0
Nord Ovest;Piemonte;CN;F114;0;2
Nord Ovest;Lombardia;SO;F115;3,5;3
Nord Est;Veneto;TV;F116;61,17;194,8
Sud;Puglia;LE;F117;5;3
Nord Ovest;Lombardia;MI;F119;71,01;227,59
Nord Ovest;Lombardia;CO;F120;18,17;61
Nord Ovest;Lombardia;PV;F122;0;2
Nord Ovest;Liguria;IM;F123;4;0
Sud;Calabria;CS;F125;6;10
Isole;Sicilia;AG;F126;12,89;16,67
Centro;Lazio;RM;F127;41,99;134,83
Nord Est;Veneto;VE;F130;10;44,5
Nord Ovest;Piemonte;AL;F131;0;0,5
Nord Ovest;Lombardia;LC;F133;60,95;183,38
Nord Ovest;Lombardia;VA;F134;3;21
Centro;Marche;PS;F135;3;1
Centro;Marche;PS;F136;3,45;4
Nord Est;Emilia-Romagna;RN;F137;17;26,83
Sud;Campania;SA;F138;47,29;65,09
Nord Est;Emilia-Romagna;FO;F139;7;40,74
Nord Ovest;Piemonte;TO;F140;9;23
Sud;Campania;AV;F141;11,94;71,5
Nord Est;Friuli- Venezia Giulia;UD;F144;4;7,84
Centro;Marche;AN;F145;3;3
Nord Ovest;Piemonte;VB;F146;6,5;9,5
Isole;Sicilia;ME;F147;0;2
Nord Est;Veneto;PD;F148;4,89;22,11
Nord Ovest;Lombardia;LO;F149;2;28
Nord Ovest;Lombardia;CO;F151;5,09;41,62
Sud;Puglia;BR;F152;9,44;122,78
Nord Ovest;Lombardia;SO;F153;5,75;6,44
Nord Ovest;Lombardia;VA;F154;11;49
Nord Ovest;Lombardia;MI;F155;9;47,17
Nord Est;Emilia-Romagna;FE;F156;7;36,17
Sud;Calabria;KR;F157;11,33;7
Isole;Sicilia;ME;F158;275,96;533,71
Nord Est;Veneto;PD;F161;3,5;142,27
Sud;Campania;NA;F162;7,95;7
Nord Ovest;Lombardia;MI;F165;8,52;47,74
Nord Ovest;Piemonte;BI;F167;16;6
Nord Ovest;Lombardia;PV;F170;1,67;5,45
Nord Ovest;Lombardia;PV;F171;1;3
Nord Est;Veneto;VR;F172;4;14
Nord Ovest;Liguria;GE;F173;14;2,76
Nord Ovest;Lombardia;PV;F175;0;13,5
Nord Ovest;Piemonte;TO;F182;1;7,8
Isole;Sicilia;PA;F184;3;1,5
Nord Ovest;Lombardia;BG;F186;2;0
Nord Ovest;Piemonte;NO;F188;2;12
Nord Ovest;Piemonte;BI;F189;4;3
Nord Est;Veneto;TV;F190;9;12,5
Nord Ovest;Piemonte;NO;F191;2;14
Nord Ovest;Piemonte;VB;F192;3;4
Centro;Lazio;RI;F193;1;1
Sud;Puglia;LE;F194;0;5,83
Sud;Abruzzo;CH;F196;4;13
Sud;Calabria;CZ;F200;1;0
Sud;Basilicata;MT;F201;7;6,07
Nord Ovest;Liguria;GE;F202;9,5;16,78
Sud;Campania;CE;F203;4,6;2
Nord Ovest;Lombardia;MI;F205;10781,52;12991,69
Isole;Sicilia;ME;F206;21,16;92,23
Sud;Calabria;VV;F207;3;0
Isole;Sardegna;OR;F208;0;0
Isole;Sicilia;CT;F209;6;15
Isole;Sicilia;ME;F210;5;1
Nord Ovest;Liguria;SV;F213;16,04;24
Isole;Sicilia;CT;F214;6,5;2
Nord Ovest;Lombardia;BS;F216;0;11,05
Isole;Sicilia;CT;F217;10;12,6
Nord Est;Veneto;VR;F218;8,84;45,17
Nord Est;Emilia-Romagna;BO;F219;17,5;103,21
Sud;Puglia;BA;F220;17,2;15,7
Sud;Puglia;LE;F221;5;3,17
Sud;Campania;SA;F223;2,66;2
Centro;Lazio;LT;F224;32,25;47
Centro;Toscana;LU;F225;4,25;0
Nord Ovest;Liguria;SV;F226;2;7
Nord Est;Veneto;VE;F229;29,04;491,19
Sud;Campania;AV;F230;9,83;6,5
Isole;Sicilia;CT;F231;0;5
Nord Ovest;Piemonte;AL;F232;1;6,25
Sud;Molise;CB;F233;4;10,5
Nord Ovest;Lombardia;PV;F238;8;46
Sud;Molise;IS;F239;2;1
Nord Est;Emilia-Romagna;MO;F240;47,59;325,98
Nord Est;Veneto;VE;F241;27,68;308,09
Isole;Sicilia;ME;F242;0;0
Nord Ovest;Lombardia;BG;F243;4;35,66
Nord Est;Emilia-Romagna;RN;F244;20,7;161,68
Isole;Sicilia;PA;F246;11,9;11
Nord Ovest;Lombardia;MI;F247;14,92;60,27
Nord Ovest;Lombardia;LC;F248;32,75;117,94
Sud;Basilicata;PZ;F249;3;0
Isole;Sicilia;CT;F250;25,49;117,84
Isole;Sicilia;ME;F251;3,33;12,77
Nord Ovest;Piemonte;AT;F254;0;1
Nord Ovest;Liguria;GE;F256;3,5;4
Nord Est;Emilia-Romagna;MO;F257;872,59;2185,67
Isole;Sicilia;RG;F258;65,01;229,16
Nord Est;Emilia-Romagna;FO;F259;11;18,33
Nord Ovest;Lombardia;LO;F260;12,5;84,75
Isole;Sardegna;NU;F261;2;1
Sud;Puglia;BA;F262;43,2;129,72
Nord Ovest;Lombardia;LC;F265;15,61;59,34
Nord Est;Friuli- Venezia Giulia;UD;F266;6;13,75
Nord Ovest;Lombardia;MN;F267;7;37,16
Centro;Marche;MC;F268;4,99;10,83
Nord Est;Veneto;TV;F269;58,38;454,17
Isole;Sardegna;OR;F270;0;0
Isole;Sardegna;OR;F271;0;0
Isole;Sardegna;OR;F272;1;0
Sud;Campania;BN;F274;2;0
Nord Est;Friuli- Venezia Giulia;UD;F275;1;7
Nord Ovest;Lombardia;BG;F276;1;9
Isole;Sicilia;ME;F277;1;0
Sud;Campania;SA;F278;2;1
Nord Ovest;Piemonte;CN;F279;2;4
Sud;Puglia;BA;F280;44,34;55,89
Nord Ovest;Piemonte;AL;F281;2;9,64
Centro;Toscana;LU;F283;7;1,5
Sud;Puglia;BA;F284;176,22;290,96
Sud;Campania;BN;F287;1,25;1
Nord Est;Emilia-Romagna;BO;F288;37;162,32
Nord Ovest;Liguria;IM;F290;12,23;0
Nord Ovest;Piemonte;AL;F293;1;2
Sud;Molise;CB;F294;0;0
Sud;Basilicata;PZ;F295;5;6,42
Nord Ovest;Piemonte;VC;F297;4;2
Isole;Sicilia;AG;F299;22,65;15,33
Sud;Calabria;RC;F301;1;0
Nord Ovest;Lombardia;LC;F304;5,14;20,33
Nord Ovest;Lombardia;CO;F305;11;26,5
Nord Ovest;Piemonte;AT;F308;0;1
Nord Ovest;Piemonte;CN;F309;2;5
Centro;Marche;PS;F310;5;19
Nord Ovest;Piemonte;AT;F311;4;3
Nord Ovest;Piemonte;CN;F312;3;1
Nord Ovest;Piemonte;AL;F313;1;8
Nord Ovest;Piemonte;TO;F315;0;6
Nord Ovest;Piemonte;AT;F316;2;11,17
Nord Ovest;Piemonte;NO;F317;6,53;21,68
Nord Ovest;Piemonte;TO;F318;1;5
Centro;Lazio;RI;F319;3,5;0,5
Nord Ovest;Piemonte;AL;F320;0;1
Sud;Molise;CB;F322;1,06;0
Nord Ovest;Piemonte;AT;F323;1;6
Sud;Calabria;RC;F324;7,2;4,83
Nord Ovest;Piemonte;AT;F325;0;2
Nord Ovest;Piemonte;CN;F326;9;14,67
Nord Ovest;Piemonte;TO;F327;6,67;10
Nord Ovest;Lombardia;BG;F328;4;15,67
Nord Ovest;Piemonte;CN;F329;4;0
Nord Ovest;Piemonte;CN;F330;0,5;8,95
Nord Est;Veneto;TV;F332;3,5;54
Isole;Sardegna;CA;F333;3,2;2
Nord Ovest;Piemonte;TO;F335;207,33;522,07
Nord Ovest;Piemonte;AT;F336;14;26,24
Nord Ovest;Piemonte;AL;F337;0;6
Nord Ovest;Piemonte;CN;F338;0;1
Nord Est;Emilia-Romagna;PR;F340;7;10
Nord Ovest;Piemonte;VC;F342;10;16
Nord Ovest;Piemonte;AT;F343;1;2
Nord Est;Emilia-Romagna;RN;F346;4;5,5
Centro;Marche;PS;F347;3;11,08
Centro;Marche;PS;F348;25,84;148,59
Nord Ovest;Piemonte;CN;F351;134,04;232,21
Sud;Campania;CE;F352;24,57;54,53
Nord Ovest;Liguria;GE;F354;33,5;72,33
Nord Ovest;Piemonte;CN;F355;7;5
Nord Est;Emilia-Romagna;MO;F357;34,95;123,34
Nord Ovest;Piemonte;CN;F358;7;22,33
Isole;Sicilia;ME;F359;3;1
Nord Est;Veneto;TV;F360;0;14,75
Nord Ovest;Piemonte;AT;F361;1;9
Nord Est;Emilia-Romagna;BO;F363;14;51,84
Sud;Calabria;VV;F364;7;0
Nord Ovest;Piemonte;AL;F365;1;2
Nord Ovest;Valle d'Aosta;AO;F367;5;6
Isole;Sicilia;ME;F368;1;0,5
Nord Ovest;Piemonte;BI;F369;13,78;27,36
Sud;Calabria;CS;F370;0;0
Nord Ovest;Lombardia;CO;F372;6;19
Nord Ovest;Lombardia;BS;F373;11;72,5
Nord Ovest;Piemonte;AL;F374;0;2
Nord Ovest;Lombardia;BS;F375;4,8;13
Sud;Puglia;BA;F376;120,13;340,07
Isole;Sicilia;PA;F377;51,48;30,92
Centro;Marche;AP;F379;4;1
Centro;Marche;AP;F380;6,5;22
Centro;Marche;AN;F381;3,5;30
Nord Est;Veneto;PD;F382;11;132,76
Isole;Sardegna;CA;F383;4,33;62
Centro;Toscana;PT;F384;20,84;163,32
Nord Ovest;Piemonte;CN;F385;8,27;32,44
Nord Ovest;Piemonte;AT;F386;2;0
Nord Ovest;Piemonte;AL;F387;0,67;2
Nord Ovest;Piemonte;AT;F390;0,58;4,44
Sud;Molise;CB;F391;5;7
Nord Ovest;Lombardia;SO;F393;9,5;1,67
Nord Est;Veneto;PD;F394;16,41;73,38
Isole;Sicilia;ME;F395;2,67;0
Sud;Campania;AV;F397;0,33;0
Centro;Toscana;FI;F398;9,73;18,6
Sud;Basilicata;MT;F399;8,76;2,25
Isole;Sicilia;ME;F400;2,5;3,5
Centro;Marche;AN;F401;5;39,75
Nord Ovest;Piemonte;AL;F403;0;1
Nord Ovest;Piemonte;AL;F404;3;6
Nord Ovest;Piemonte;CN;F405;11,04;14
Nord Ovest;Piemonte;TO;F407;3;2
Nord Ovest;Piemonte;CN;F408;3,67;5
Nord Ovest;Piemonte;AT;F409;2;2
Centro;Toscana;PT;F410;15,5;44,74
Nord Ovest;Piemonte;TO;F411;0;10
Isole;Sicilia;AG;F414;1;2
Centro;Marche;AP;F415;2,84;2,5
Sud;Calabria;CS;F416;34;53
Nord Ovest;Lombardia;PV;F417;3,5;7
Centro;Lazio;VT;F419;22,16;35,22
Nord Ovest;Piemonte;TO;F420;14;36
Nord Ovest;Piemonte;TO;F422;12,02;38,5
Nord Ovest;Lombardia;LO;F423;1,4;23,6
Nord Ovest;Piemonte;CN;F424;1;4
Sud;Campania;SA;F426;1;4
Nord Ovest;Lombardia;CO;F427;8;62,08
Centro;Marche;AP;F428;0;5,26
Sud;Molise;IS;F429;3;3
Centro;Lazio;RI;F430;0;2
Sud;Calabria;CZ;F432;17;5
Sud;Abruzzo;CH;F433;0;0
Nord Ovest;Lombardia;CR;F434;0;18
Centro;Toscana;GR;F437;28,18;130,33
Nord Ovest;Lombardia;PV;F440;1;9
Sud;Abruzzo;PE;F441;2;8
Nord Est;Veneto;VI;F442;5,17;60,08
Nord Est;Veneto;TV;F443;31,51;315,48
Nord Ovest;Liguria;GE;F445;2;0
Centro;Lazio;RI;F446;3,5;1,5
Sud;Campania;AV;F448;6;3,83
Nord Ovest;Lombardia;PV;F449;1,17;4,17
Centro;Marche;PS;F450;0;11
Centro;Toscana;LU;F452;5,67;17,17
Centro;Marche;AN;F453;5;8
Centro;Marche;MC;F454;4,17;34,67
Nord Ovest;Piemonte;AL;F455;0;2
Centro;Umbria;PG;F456;5;10
Centro;Umbria;TR;F457;4;9,75
Centro;Toscana;PI;F458;4;5,33
Centro;Marche;MC;F460;0;1,92
Nord Est;Veneto;VR;F461;4,32;32,5
Centro;Umbria;TR;F462;7,84;9,5
Nord Est;Emilia-Romagna;RE;F463;12,03;102,97
Nord Est;Veneto;VI;F464;38,87;255,3
Nord Est;Veneto;VI;F465;1;37,34
Centro;Marche;PS;F467;0;0
Nord Ovest;Piemonte;AT;F468;0;2
Nord Ovest;Piemonte;AL;F469;0;2
Nord Ovest;Lombardia;BS;F471;41,5;287,89
Nord Est;Emilia-Romagna;PR;F473;34,9;103,67
Sud;Molise;CB;F475;3,83;3
Centro;Lazio;RM;F477;18,16;58,56
Nord Est;Emilia-Romagna;RN;F478;3;3
Sud;Campania;SA;F479;4;3
Sud;Campania;SA;F480;9,01;70,5
Sud;Campania;SA;F481;14,74;27
Centro;Marche;MC;F482;7,25;34,02
Nord Ovest;Piemonte;VB;F483;26,99;3
Nord Est;Emilia-Romagna;MO;F484;5;16,5
Nord Est;Veneto;VI;F486;2,5;11,42
Centro;Marche;AP;F487;1;0
Sud;Campania;NA;F488;10,53;6,21
Isole;Sicilia;CL;F489;2;3,14
Sud;Campania;AV;F491;3;3
Centro;Umbria;PG;F492;7;17,06
Centro;Marche;AP;F493;0;0
Sud;Campania;BN;F494;6,92;1
Sud;Molise;CB;F495;2;2
Centro;Marche;MC;F496;4;15,16
Centro;Marche;PS;F497;3;4
Sud;Abruzzo;CH;F498;1;1
Centro;Lazio;VT;F499;45,84;31
Sud;Abruzzo;TE;F500;1;6,17
Centro;Marche;AP;F501;7;9,5
Nord Est;Emilia-Romagna;RN;F502;6;21
Nord Est;Emilia-Romagna;MO;F503;5,33;8,61
Centro;Lazio;RM;F504;1;4
Sud;Campania;AV;F506;10,67;68,5
Sud;Campania;SA;F507;0;2,67
Nord Est;Veneto;VR;F508;5,85;62,02
Centro;Marche;AP;F509;2;1
Centro;Umbria;TR;F510;3;6
Sud;Campania;AV;F511;0,33;2
Sud;Campania;AV;F512;2;3
Centro;Umbria;TR;F513;2;5
Nord Est;Veneto;VI;F514;2;24
Nord Est;Veneto;VI;F515;0;7,5
Centro;Marche;AP;F516;2;2
Centro;Marche;AP;F517;1;0
Nord Ovest;Piemonte;AL;F518;1;3
Sud;Calabria;CS;F519;3;3
Centro;Marche;AP;F520;3,72;13,22
Centro;Marche;AP;F522;19,93;47,71
Nord Est;Emilia-Romagna;RN;F523;3;1
Centro;Marche;PS;F524;4;10,25
Nord Ovest;Lombardia;VA;F526;2;24
Nord Ovest;Piemonte;AT;F527;4,5;6
Nord Ovest;Liguria;IM;F528;0;0
Nord Est;Veneto;PD;F529;9;152,55
Sud;Puglia;TA;F531;0;8
Nord Ovest;Lombardia;BS;F532;5,66;2
Centro;Marche;PS;F533;9,5;58,17
Centro;Lazio;RM;F534;9;8
Sud;Abruzzo;CH;F535;0;1
Centro;Marche;AP;F536;1;1
Sud;Calabria;VV;F537;27,93;52,74
Sud;Puglia;FG;F538;0;0
Centro;Umbria;PG;F540;2;1
Centro;Lazio;RI;F541;6;5
Isole;Sardegna;SS;F542;0;3
Centro;Umbria;TR;F543;7,5;9,94
Isole;Sicilia;PA;F544;5;3,13
Centro;Lazio;RM;F545;17;7
Sud;Campania;AV;F546;18,74;26,5
Nord Ovest;Lombardia;BG;F547;7,89;65
Sud;Molise;CB;F548;1;0
Centro;Marche;AP;F549;0,22;2
Nord Ovest;Piemonte;CN;F550;8;7
Centro;Toscana;FI;F551;24,67;129,48
Centro;Marche;MC;F552;4;21,2
Isole;Sicilia;PA;F553;11,67;5,67
Nord Ovest;Piemonte;AT;F556;4;7,5
Sud;Campania;BN;F557;1;2,5
Nord Ovest;Piemonte;CN;F558;3;0
Sud;Campania;AV;F559;7;8
Centro;Marche;AN;F560;11;78,33
Nord Ovest;Lombardia;LC;F561;0;4
Nord Ovest;Piemonte;AL;F562;0;0
Sud;Puglia;TA;F563;1;7,83
Nord Ovest;Lombardia;CO;F564;5;2
Centro;Toscana;AR;F565;5;3
Sud;Campania;AV;F566;9;14
Centro;Marche;MC;F567;5,03;27,17
Sud;Basilicata;PZ;F568;2;1
Sud;Molise;CB;F569;0;0
Centro;Marche;AP;F570;0,78;0
Centro;Toscana;PO;F572;14,95;108,37
Sud;Basilicata;PZ;F573;5,16;0
Nord Est;Friuli- Venezia Giulia;UD;F574;0;2
Sud;Molise;CB;F576;6;32
Sud;Abruzzo;CH;F578;0;2
Centro;Lazio;RI;F579;1;2
Sud;Molise;IS;F580;0;0
Centro;Marche;AN;F581;3,67;7,84
Sud;Abruzzo;CH;F582;3;8
Sud;Abruzzo;TE;F585;79,78;155,25
Sud;Calabria;CZ;F586;3;20,5
Sud;Puglia;TA;F587;1;2,14
Centro;Marche;PS;F589;5;21
Centro;Lazio;RM;F590;14,5;41,87
Centro;Marche;AP;F591;31;98,95
Centro;Toscana;SI;F592;24,93;68,76
Centro;Toscana;AR;F594;3;3
Sud;Abruzzo;AQ;F595;3;7
Nord Est;Friuli- Venezia Giulia;PN;F596;4,17;16,28
Nord Est;Emilia-Romagna;BO;F597;11;83,58
Centro;Toscana;SI;F598;16,02;97
Centro;Marche;AP;F599;0;0
Centro;Marche;AN;F600;3;19,5
Sud;Molise;IS;F601;2,5;3
Centro;Lazio;VT;F603;6,25;3
Sud;Puglia;LE;F604;7;30,5
Centro;Toscana;SI;F605;11;68,22
Centro;Lazio;VT;F606;6,67;13,67
Sud;Calabria;VV;F607;5;1
Nord Ovest;Piemonte;CN;F608;8;10
Nord Ovest;Liguria;SP;F609;3,66;2,33
Isole;Sicilia;RG;F610;5,58;3,39
Centro;Lazio;RM;F611;130,27;350,38
Centro;Toscana;GR;F612;5;6
Centro;Marche;AP;F614;0,33;4
Centro;Lazio;LT;F616;3,17;2
Sud;Campania;SA;F618;3;4
Centro;Lazio;RI;F619;1;0,5
Centro;Lazio;FR;F620;7,5;13,25
Centro;Marche;MC;F621;11,5;27
Centro;Marche;MC;F622;4;2
Sud;Puglia;LE;F623;0;0
Sud;Campania;SA;F625;6;6
Centro;Marche;AP;F626;1;3
Nord Est;Emilia-Romagna;BO;F627;62,5;146,41
Centro;Toscana;AR;F628;16,17;47,75
Centro;Umbria;PG;F629;1;2
Sud;Puglia;FG;F631;20,67;33,25
Centro;Marche;MC;F632;22,5;110,94
Centro;Marche;AN;F634;10,5;42,5
Sud;Campania;BN;F636;12,58;28,2
Sud;Basilicata;MT;F637;17,5;14,44
Nord Ovest;Lombardia;PV;F638;0;2
Nord Ovest;Piemonte;VB;F639;12;1,5
Centro;Toscana;PI;F640;8,5;10
Nord Est;Emilia-Romagna;MO;F642;14,21;41,63
Nord Ovest;Lombardia;PV;F644;0;0
Sud;Abruzzo;PE;F646;121,64;516,11
Centro;Toscana;FI;F648;22,33;82,89
Nord Ovest;Piemonte;TO;F651;4;3
Centro;Marche;AP;F653;10,5;28,5
Nord Ovest;Piemonte;CN;F654;7;9,67
Isole;Sicilia;AG;F655;0;17
Centro;Toscana;AR;F656;64,48;144,72
Nord Ovest;Lombardia;LC;F657;5;28,5
Sud;Campania;AV;F660;1;0
Centro;Toscana;PI;F661;10;10,05
Nord Est;Veneto;VI;F662;4;24,43
Centro;Marche;AP;F664;0;0
Centro;Marche;AP;F665;0;0
Nord Ovest;Piemonte;CN;F666;0;0
Isole;Sardegna;SS;F667;1;4
Nord Est;Emilia-Romagna;FO;F668;3;9
Nord Ovest;Piemonte;CN;F669;1,55;11,9
Nord Ovest;Lombardia;PV;F670;2;7,74
Nord Est;Emilia-Romagna;PC;F671;8;50,65
Nord Ovest;Lombardia;BS;F672;5,67;31,38
Nord Ovest;Lombardia;LC;F674;12,5;32,25
Nord Est;Veneto;VI;F675;6;133,88
Centro;Toscana;SI;F676;22;5
Centro;Toscana;GR;F677;14;2,9
Centro;Toscana;MS;F679;20,5;77,2
Nord Ovest;Lombardia;BS;F680;1;42,75
Nord Ovest;Lombardia;CR;F681;0;15,5
Nord Ovest;Liguria;GE;F682;11;9
Centro;Umbria;PG;F685;3,25;4
Centro;Toscana;PI;F686;21,05;78,45
Centro;Lazio;RI;F687;10;11
Nord Ovest;Lombardia;CO;F688;5;17,13
Sud;Molise;CB;F689;0;2
Sud;Abruzzo;TE;F690;2;8,44
Centro;Lazio;RM;F692;2;3
Nord Est;Veneto;VI;F696;1,5;17,8
Centro;Marche;AP;F697;2;1
Isole;Sardegna;NU;F698;2;3
Nord Ovest;Lombardia;PV;F701;4;4
Nord Ovest;Lombardia;VA;F703;1;28,49
Nord Ovest;Lombardia;MI;F704;901,1;1962,57
Nord Ovest;Lombardia;MN;F705;6;35,72
Nord Est;Emilia-Romagna;BO;F706;13;63,83
Nord Ovest;Piemonte;AL;F707;0,5;8,5
Sud;Calabria;CS;F708;6;5
Nord Ovest;Lombardia;VA;F711;2,17;68,17
Nord Ovest;Lombardia;SO;F712;48,5;119,97
Nord Ovest;Piemonte;AL;F713;3;2,66
Nord Est;Emilia-Romagna;RN;F715;10;49,17
Sud;Puglia;LE;F716;6;3
Sud;Campania;BN;F717;4,5;5,5
Nord Est;Emilia-Romagna;BO;F718;3,5;22,53
Nord Ovest;Lombardia;BG;F720;2;12,48
Isole;Sardegna;SS;F721;1;3,5
Centro;Marche;AP;F722;0;0,5
Nord Ovest;Piemonte;CN;F723;9,34;28,59
Nord Est;Emilia-Romagna;PC;F724;2,87;2,25
Nord Est;Veneto;TV;F725;3;51,95
Nord Ovest;Valle d'Aosta;AO;F726;19;48,33
Isole;Sardegna;OR;F727;0;0
Nord Est;Veneto;TV;F729;0;21,49
Centro;Lazio;RM;F730;9;2
Sud;Campania;SA;F731;1;2
Sud;Abruzzo;AQ;F732;1,25;1,5
Nord Ovest;Piemonte;TO;F733;0;4,5
Centro;Lazio;RM;F734;10;23
Sud;Calabria;CS;F735;3,5;6
Nord Ovest;Lombardia;VA;F736;6,02;29,16
Nord Ovest;Piemonte;AL;F737;1;0
Nord Ovest;Lombardia;BG;F738;1;21,13
Nord Ovest;Lombardia;PV;F739;1;5
Centro;Lazio;FR;F740;1,67;3
Nord Ovest;Piemonte;CN;F743;5;17
Sud;Campania;AV;F744;1;3
Centro;Marche;AN;F745;6,5;12,5
Centro;Lazio;RI;F746;3;4
Sud;Abruzzo;TE;F747;9;25,45
Sud;Molise;CB;F748;3;1
Centro;Marche;MC;F749;22,16;26,03
Nord Est;Friuli- Venezia Giulia;PN;F750;1,5;12,5
Nord Ovest;Piemonte;AL;F751;1;7
Nord Ovest;Lombardia;PV;F754;25;151,25
Nord Est;Friuli- Venezia Giulia;UD;F756;7,5;40
Nord Ovest;Lombardia;LC;F758;0;0
Nord Est;Friuli- Venezia Giulia;UD;F760;1;5,99
Nord Ovest;Lombardia;CR;F761;0,5;2,5
Sud;Campania;AV;F762;0;0
Sud;Abruzzo;TE;F764;10;26,2
Sud;Abruzzo;PE;F765;5,78;12,78
Nord Est;Veneto;TV;F770;9,11;57,93
Nord Ovest;Lombardia;CR;F771;0;1,35
Isole;Sicilia;ME;F772;0;0
Isole;Sicilia;ME;F773;1,5;4
Nord Ovest;Piemonte;VC;F774;2;7
Sud;Calabria;CS;F775;3;0
Nord Ovest;Piemonte;BI;F776;5;6
Sud;Puglia;FG;F777;0;0
Sud;Calabria;RC;F779;1,25;7
Sud;Calabria;CZ;F780;0;1
Isole;Sicilia;CT;F781;9,27;36
Nord Ovest;Lombardia;MI;F783;16;122,58
Sud;Puglia;TA;F784;39,5;30
Sud;Abruzzo;CH;F785;3;7
Nord Ovest;Lombardia;BG;F786;2;29,75
Nord Ovest;Lombardia;CO;F788;27;111,57
Nord Est;Veneto;VR;F789;22;124,84
Nord Ovest;Lombardia;BG;F791;19,19;77,75
Centro;Marche;MC;F793;1,2;2
Nord Ovest;Lombardia;MI;F797;76;269,4
Sud;Campania;AV;F798;8,44;16,5
Sud;Campania;NA;F799;21,77;173,38
Nord Ovest;Lombardia;LO;F801;13;112,99
Centro;Toscana;MS;F802;18;8
Nord Ovest;Lombardia;BS;F806;0;1
Isole;Sardegna;CA;F808;2;40,5
Nord Ovest;Piemonte;CN;F809;4,5;10,38
Nord Est;Veneto;VI;F810;1;7
Nord Ovest;Piemonte;CN;F811;2;6
Nord Ovest;Liguria;SV;F813;11,38;5
Nord Ovest;Piemonte;AL;F814;1;6,5
Centro;Toscana;SI;F815;4,67;20,5
Sud;Puglia;LE;F816;3;9,17
Sud;Basilicata;PZ;F817;15,77;6,5
Isole;Sardegna;SS;F818;0;2
Nord Ovest;Lombardia;BS;F820;6;21
Isole;Sardegna;CA;F822;0;0
Nord Est;Veneto;VE;F826;19,67;114,99
Nord Ovest;Lombardia;CO;F828;4,04;12
Nord Est;Veneto;VI;F829;2,84;55,86
Isole;Sicilia;CL;F830;20,36;18,42
Sud;Abruzzo;TE;F831;32;100,34
Nord Est;Friuli- Venezia Giulia;UD;F832;8,32;11,73
Nord Ovest;Piemonte;BI;F833;1;1
Nord Est;Veneto;VI;F838;1;19,75
Sud;Campania;NA;F839;837,36;1423,14
Isole;Sardegna;OR;F840;1;1
Isole;Sardegna;CA;F841;0;0
Sud;Puglia;LE;F842;26,17;75,82
Sud;Calabria;VV;F843;0;0
Centro;Umbria;TR;F844;56,17;71,33
Isole;Sicilia;AG;F845;15;8
Nord Ovest;Piemonte;CN;F846;2,5;25
Nord Ovest;Liguria;SV;F847;13,5;0
Isole;Sicilia;ME;F848;4;0
Nord Ovest;Lombardia;BS;F851;20,33;93,42
Sud;Abruzzo;AQ;F852;2;5
Centro;Lazio;RM;F857;5;2
Nord Ovest;Liguria;GE;F858;19,25;6
Nord Ovest;Piemonte;NO;F859;7,25;22,5
Nord Est;Veneto;VR;F861;39,15;155,17
Nord Ovest;Liguria;GE;F862;1,66;1
Nord Ovest;Piemonte;CN;F863;5;18
Nord Ovest;Lombardia;BG;F864;29,25;99,85
Centro;Lazio;RM;F865;1,67;1
Sud;Basilicata;PZ;F866;0;0,5
Isole;Sardegna;OR;F867;0;0
Centro;Lazio;VT;F868;16,33;15,2
Sud;Abruzzo;TE;F870;12;51,07
Centro;Lazio;RM;F871;5;7
Nord Est;Veneto;TV;F872;11,79;39,5
Nord Ovest;Lombardia;MI;F874;45,7;126,08
Centro;Lazio;RI;F876;1;0
Nord Ovest;Lombardia;CO;F877;14,5;12
Nord Ovest;Piemonte;BI;F878;10;15
Centro;Lazio;RM;F880;93,52;297,22
Sud;Puglia;LE;F881;3;9
Nord Est;Emilia-Romagna;PR;F882;10;27,5
Nord Ovest;Piemonte;CN;F883;2;0
Nord Ovest;Lombardia;BS;F884;2,5;7
Nord Ovest;Piemonte;NO;F886;0;1
Nord Ovest;Lombardia;LC;F887;10,14;33,5
Nord Ovest;Piemonte;TO;F889;156,15;457,01
Isole;Sicilia;CT;F890;5,67;18,17
Nord Ovest;Lombardia;PV;F891;0;3
Isole;Sicilia;EN;F892;8;21,5
Sud;Calabria;VV;F893;3,4;4,25
Nord Ovest;Piemonte;CN;F894;1;3,5
Nord Ovest;Piemonte;CN;F895;3;7
Nord Est;Friuli- Venezia Giulia;UD;F898;3,99;10,99
Isole;Sicilia;CL;F899;9;16
Isole;Sicilia;EN;F900;3;4
Isole;Sicilia;ME;F901;4,33;12,28
Nord Ovest;Piemonte;AT;F902;24;71,02
Nord Est;Veneto;VE;F904;11,15;176,81
Nord Ovest;Piemonte;TO;F906;0;2
Sud;Calabria;CS;F907;0;0
Sud;Abruzzo;PE;F908;2;3,53
Sud;Calabria;CZ;F910;7,8;4
Centro;Umbria;PG;F911;21,21;17
Sud;Campania;SA;F912;46,96;106,39
Sud;Campania;SA;F913;22,44;90,94
Nord Est;Emilia-Romagna;PR;F914;52,25;169,58
Sud;Puglia;BA;F915;39,5;60
Sud;Puglia;LE;F916;0;1
Sud;Basilicata;PZ;F917;3,78;1,39
Nord Est;Veneto;VR;F918;17,25;113,49
Nord Est;Veneto;VR;F921;3;46
Nord Est;Veneto;VI;F922;0;5
Sud;Puglia;BA;F923;44,02;103,19
Sud;Campania;NA;F924;52,02;131
Nord Ovest;Piemonte;TO;F925;10;48,38
Nord Ovest;Liguria;SV;F926;36;77,27
Nord Ovest;Piemonte;TO;F927;1;0
Nord Est;Emilia-Romagna;MO;F930;32,4;241,9
Nord Ovest;Piemonte;TO;F931;15,33;53,25
Nord Ovest;Piemonte;VB;F932;2,71;2,71
Isole;Sardegna;NU;F933;1;1
Isole;Sardegna;OR;F934;1;1
Centro;Umbria;PG;F935;3;5
Centro;Lazio;LT;F937;4;10
Nord Ovest;Lombardia;MI;F939;1;3
Nord Ovest;Lombardia;BG;F941;2;15,25
Sud;Abruzzo;TE;F942;8,6;16,6
Isole;Sicilia;SR;F943;36,22;68,26
Nord Ovest;Lombardia;MI;F944;84,37;244
Nord Ovest;Piemonte;TO;F948;2;1
Isole;Sicilia;ME;F951;2;1
Nord Ovest;Piemonte;NO;F952;455,49;1228,78
Nord Ovest;Lombardia;MI;F955;98,92;195,57
Nord Ovest;Lombardia;SO;F956;19,27;11
Nord Est;Veneto;VI;F957;4;34
Nord Ovest;Lombardia;CO;F958;5,66;20,5
Nord Est;Emilia-Romagna;RE;F960;19,16;123,49
Nord Ovest;Piemonte;CN;F961;2;4
Nord Est;Veneto;PD;F962;2;163,79
Nord Est;Veneto;VE;F963;4;96
Nord Est;Veneto;VI;F964;17;108,1
Nord Ovest;Piemonte;AL;F965;79,25;166,15
Nord Est;Emilia-Romagna;MO;F966;7;99,32
Sud;Campania;SA;F967;1;0
Nord Ovest;Lombardia;MI;F968;5;54,5
Sud;Puglia;LE;F970;7;16,75
Nord Ovest;Piemonte;CN;F972;0;1
Isole;Sardegna;OR;F974;0;0
Isole;Sardegna;SS;F975;0;2
Isole;Sardegna;SS;F976;1;4
Isole;Sardegna;SS;F977;4;4,9
Centro;Marche;AN;F978;15,92;63,67
Isole;Sardegna;NU;F979;45,66;79,75
Isole;Sardegna;OR;F980;0;3
Isole;Sardegna;NU;F981;1;1
Isole;Sardegna;NU;F982;0;0
Isole;Sardegna;CA;F983;1;0
Isole;Sardegna;OR;F985;0;0
Isole;Sardegna;NU;F986;0,67;1
Nord Ovest;Valle d'Aosta;AO;F987;15,1;11,5
Sud;Campania;AV;F988;7,33;7,31
Nord Ovest;Lombardia;BS;F989;6;30,67
Nord Ovest;Lombardia;BS;F990;6,8;43,34
Isole;Sardegna;CA;F991;0;0
Nord Ovest;Piemonte;BI;F992;6;32,04
Nord Ovest;Piemonte;BI;F993;3,28;18,78
Nord Est;Veneto;RO;F994;16;150,6
Nord Ovest;Piemonte;AL;F995;0;7,75
Sud;Abruzzo;AQ;F996;0;3
Nord Ovest;Piemonte;AL;F997;1;4
Nord Ovest;Piemonte;AL;F998;0;1
Nord Est;Veneto;TV;F999;53,5;221,63
Nord Ovest;Lombardia;BS;G001;1;12
Sud;Abruzzo;AQ;G002;1,25;4,33
Centro;Marche;AN;G003;1;20
Nord Ovest;Lombardia;CR;G004;8;61,57
Centro;Marche;AP;G005;7;10,5
Nord Ovest;Lombardia;BS;G006;0;37
Nord Ovest;Piemonte;VB;G007;7,5;11,66
Nord Ovest;Lombardia;VA;G008;7;44
Nord Ovest;Lombardia;LC;G009;27,6;93,28
Nord Ovest;Piemonte;TO;G010;1,83;5,66
Sud;Campania;SA;G011;4;1
Nord Ovest;Valle d'Aosta;AO;G012;3;0
Isole;Sardegna;SS;G015;107,55;586,26
Nord Ovest;Piemonte;VC;G016;0;3
Nord Ovest;Piemonte;VC;G018;3;2
Nord Ovest;Piemonte;NO;G019;14,17;134,55
Nord Ovest;Piemonte;NO;G020;11,47;32,47
Nord Ovest;Lombardia;PV;G021;7;5
Centro;Lazio;RM;G022;20,33;7,06
Sud;Campania;SA;G023;4,9;2,5
Nord Ovest;Lombardia;CO;G025;29,92;114,03
Nord Ovest;Lombardia;LC;G026;13,33;51,2
Nord Ovest;Lombardia;VA;G028;23,49;156,25
Nord Ovest;Lombardia;LC;G030;23,16;49,73
Isole;Sardegna;NU;G031;6;2
Nord Ovest;Lombardia;PV;G032;0;0
Sud;Calabria;CZ;G034;1;2
Isole;Sicilia;ME;G036;0,5;6,5
Sud;Basilicata;MT;G037;0;0
Sud;Campania;SA;G039;4,2;8
Nord Ovest;Lombardia;LC;G040;7;14,5
Nord Ovest;Liguria;IM;G041;9;0,89
Nord Ovest;Piemonte;AL;G042;2;2
Isole;Sardegna;OR;G043;0;0
Isole;Sardegna;NU;G044;0;0
Nord Ovest;Valle d'Aosta;AO;G045;1;4,5
Isole;Sardegna;SS;G046;4;19,5
Nord Ovest;Lombardia;CR;G047;0;6
Nord Ovest;Piemonte;AT;G048;3;0
Nord Ovest;Lombardia;BG;G049;0;3
Nord Ovest;Lombardia;BG;G050;4;34,98
Nord Ovest;Lombardia;BG;G054;0;2
Nord Ovest;Lombardia;CO;G056;2;27,67
Isole;Sardegna;NU;G058;0;0,67
Nord Ovest;Lombardia;BS;G061;5;16,89
Nord Ovest;Piemonte;VB;G062;30,72;102,94
Sud;Campania;SA;G063;2;0
Isole;Sardegna;NU;G064;1;0
Centro;Lazio;VT;G065;4;2,89
Nord Ovest;Piemonte;CN;G066;3;0
Nord Ovest;Lombardia;BG;G068;4;23
Isole;Sardegna;NU;G070;1;0
Isole;Sardegna;NU;G071;0;0
Nord Ovest;Lombardia;BS;G074;1;5
Nord Ovest;Lombardia;BG;G075;9;45
Nord Ovest;Liguria;SV;G076;0;0
Nord Ovest;Lombardia;MI;G078;82,83;249,08
Sud;Abruzzo;AQ;G079;2;5,67
Nord Est;Veneto;VR;G080;20;130,37
Sud;Basilicata;PZ;G081;4;3
Sud;Calabria;RC;G082;4;1
Isole;Sardegna;NU;G084;1;2
Sud;Molise;CB;G086;1;5
Nord Ovest;Piemonte;TO;G087;76;228,72
Centro;Toscana;GR;G088;34,6;104,21
Centro;Toscana;PI;G090;3,09;3
Nord Ovest;Liguria;GE;G093;2,66;8,25
Nord Est;Veneto;VI;G095;2,5;25,57
Nord Ovest;Lombardia;LO;G096;16,5;22,5
Isole;Sardegna;NU;G097;0;0
Sud;Puglia;BR;G098;11,67;28
Sud;Abruzzo;AQ;G102;8,39;4,25
Nord Ovest;Lombardia;VA;G103;36,27;114,8
Nord Ovest;Lombardia;VA;G105;1;9,5
Nord Ovest;Lombardia;LO;G107;5,42;26,67
Nord Ovest;Lombardia;BG;G108;1,5;8
Nord Ovest;Piemonte;TO;G109;2;3
Sud;Calabria;CS;G110;9;0
Centro;Lazio;VT;G111;7,67;8,5
Isole;Sardegna;OR;G113;25,04;94,38
Nord Ovest;Piemonte;CN;G114;20,48;19,67
Nord Est;Veneto;TV;G115;2;19,19
Nord Ovest;Lombardia;MI;G116;12,26;104,67
Nord Ovest;Piemonte;VB;G117;9,83;12,91
Nord Ovest;Lombardia;BG;G118;2;2
Isole;Sardegna;NU;G119;4;7
Isole;Sardegna;NU;G120;0;1
Sud;Campania;SA;G121;0;0
Isole;Sardegna;NU;G122;0;0
Nord Est;Veneto;TV;G123;7;26,77
Nord Ovest;Piemonte;AL;G124;0;1
Sud;Puglia;FG;G125;4;4
Nord Ovest;Lombardia;CO;G126;6;12,01
Sud;Abruzzo;CH;G128;10;6,83
Sud;Calabria;CS;G129;5,96;5
Sud;Campania;CE;G130;19,61;164,49
Sud;Puglia;FG;G131;5;64
Isole;Sardegna;CA;G133;0;0
Nord Ovest;Piemonte;NO;G134;2,24;10,08
Centro;Lazio;VT;G135;25,5;68,84
Sud;Puglia;LE;G136;1;2
Centro;Marche;AP;G137;0;4
Centro;Toscana;AR;G139;3,25;2
Sud;Abruzzo;CH;G141;59;116,16
Sud;Abruzzo;AQ;G142;2;4,5
Nord Ovest;Liguria;SP;G143;12,92;22
Nord Ovest;Liguria;SV;G144;3;3,17
Sud;Abruzzo;AQ;G145;1;4
Isole;Sardegna;NU;G146;0;0
Isole;Sardegna;NU;G147;2;1
Centro;Umbria;TR;G148;67,21;77,83
Nord Ovest;Lombardia;BS;G149;18;100,9
Nord Ovest;Lombardia;BS;G150;3;22,3
Nord Ovest;Piemonte;TO;G151;1;8,5
Nord Ovest;Piemonte;TO;G152;0;5
Isole;Sardegna;SS;G153;4,67;4
Isole;Sardegna;NU;G154;1;0
Nord Ovest;Liguria;SV;G155;6,17;0
Isole;Sardegna;SS;G156;4;4,83
Centro;Marche;AN;G157;43,83;204,32
Isole;Sardegna;NU;G158;0;1
Nord Ovest;Lombardia;BG;G159;6,08;76,1
Nord Ovest;Lombardia;BG;G160;22;164,53
Nord Ovest;Lombardia;LC;G161;6,77;30,17
Nord Est;Friuli- Venezia Giulia;UD;G163;3;9,92
Nord Ovest;Liguria;IM;G164;30,5;112,88
Sud;Campania;AV;G165;0;2,5
Nord Ovest;Lombardia;LO;G166;2;18
Nord Est;Veneto;PD;G167;6,92;34,35
Nord Est;Veneto;BL;G169;0;1
Nord Ovest;Lombardia;BS;G170;18,36;172,53
Nord Ovest;Lombardia;LO;G171;1,4;13,4
Isole;Sardegna;SS;G178;4;7,34
Nord Ovest;Lombardia;BS;G179;6,08;24
Nord Ovest;Lombardia;MI;G181;14;62,5
Nord Ovest;Piemonte;CN;G183;1;0
Nord Est;Emilia-Romagna;FE;G184;7;48,09
Nord Ovest;Lombardia;CR;G185;1;14,68
Nord Ovest;Lombardia;MN;G186;11;42
Sud;Puglia;BR;G187;127,05;119,15
Sud;Puglia;LE;G188;6,12;46,52
Centro;Umbria;TR;G189;7;7,49
Sud;Campania;NA;G190;19,93;18
Isole;Sardegna;NU;G191;1;0
Sud;Campania;SA;G192;1;2
Nord Ovest;Piemonte;AL;G193;0;4
Nord Ovest;Lombardia;PV;G194;1;8
Nord Est;Emilia-Romagna;PC;G195;2,33;8,83
Nord Ovest;Piemonte;TO;G196;19,28;81,5
Nord Ovest;Piemonte;AL;G197;26,13;66,32
Nord Est;Friuli- Venezia Giulia;UD;G198;2;4
Nord Ovest;Piemonte;AL;G199;0;3,5
Sud;Abruzzo;AQ;G200;20,94;66,5
Isole;Sardegna;NU;G201;0;0
Nord Ovest;Piemonte;TO;G202;9;16,33
Isole;Sardegna;SS;G203;3,83;8
Nord Ovest;Piemonte;AL;G204;2;6
Nord Est;Emilia-Romagna;BO;G205;52,03;208,11
Nord Ovest;Lombardia;MI;G206;3;14
Isole;Sardegna;CA;G207;0;1
Isole;Sicilia;TP;G208;5;18,34
Isole;Sicilia;ME;G209;6;17,77
Sud;Abruzzo;AQ;G210;8,24;4
Isole;Sicilia;SR;G211;12,67;121,48
Centro;Umbria;PG;G212;3;4
Nord Ovest;Lombardia;BS;G213;20,53;177,78
Nord Ovest;Piemonte;AL;G215;0;0
Nord Ovest;Lombardia;BS;G217;6,63;16,92
Nord Ovest;Lombardia;LC;G218;12,33;30
Nord Ovest;Lombardia;MI;G220;239,38;608
Nord Ovest;Lombardia;CR;G222;2;9
Nord Ovest;Lombardia;LC;G223;19;79,5
Nord Est;Veneto;PD;G224;516,11;3131,68
Isole;Sardegna;SS;G225;0;2
Sud;Campania;SA;G226;1,5;5,5
Sud;Campania;BN;G227;2,17;6
Nord Ovest;Piemonte;CN;G228;12;33
Nord Est;Veneto;TV;G229;48;197,11
Sud;Campania;SA;G230;35,97;178,36
Centro;Lazio;RI;G232;2;1
Nord Ovest;Lombardia;BG;G233;4,9;23
Isole;Sicilia;ME;G234;2,75;3
Sud;Abruzzo;CH;G237;7;11
Nord Est;Friuli- Venezia Giulia;UD;G238;6,17;40,5
Nord Ovest;Piemonte;CN;G240;3;6
Nord Ovest;Lombardia;LC;G241;0;0
Sud;Campania;AV;G242;0,5;0
Sud;Campania;BN;G243;0,5;1
Nord Ovest;Lombardia;BS;G247;2;0
Nord Ovest;Lombardia;BS;G248;2;25,83
Nord Ovest;Lombardia;BG;G249;12;46,19
Nord Est;Emilia-Romagna;MO;G250;6;6,75
Sud;Puglia;TA;G251;28,17;30,67
Sud;Puglia;TA;G252;28,86;28,17
Isole;Sicilia;CT;G253;13,75;16,69
Centro;Toscana;PI;G254;26,23;17,3
Nord Est;Emilia-Romagna;PR;G255;4,75;3
Sud;Molise;CB;G257;1;1,5
Isole;Sardegna;SS;G258;18;72,17
Nord Ovest;Lombardia;BG;G259;8,56;38,36
Nord Ovest;Lombardia;CR;G260;2;41,5
Sud;Basilicata;PZ;G261;2;4,88
Nord Ovest;Piemonte;TO;G262;2;13,5
Isole;Sicilia;PA;G263;7,75;3
Nord Ovest;Lombardia;BS;G264;22;202,66
Nord Ovest;Piemonte;VC;G266;3;7
Isole;Sicilia;SR;G267;15,33;38,79
Nord Est;Friuli- Venezia Giulia;UD;G268;6;9
Centro;Toscana;FI;G270;8;8
Sud;Abruzzo;CH;G271;4;3
Sud;Calabria;CZ;G272;1;1
Isole;Sicilia;PA;G273;424,03;1295,11
Centro;Lazio;RM;G274;33,67;68
Nord Ovest;Lombardia;PV;G275;5;18,5
Centro;Lazio;FR;G276;9,5;11
Sud;Calabria;RC;G277;2;0
Sud;Calabria;KR;G278;1;2
Nord Ovest;Piemonte;VB;G280;2,5;7
Nord Ovest;Liguria;SV;G281;5;6
Isole;Sicilia;AG;G282;16;16,23
Sud;Campania;NA;G283;13;30
Nord Est;Friuli- Venezia Giulia;UD;G284;18,08;56
Sud;Puglia;LE;G285;0;2
Isole;Sardegna;OR;G286;0;0
Isole;Sardegna;CA;G287;6,33;5
Sud;Calabria;RC;G288;8;17,18
Centro;Marche;AP;G289;3;1
Sud;Abruzzo;CH;G290;9;11
Sud;Puglia;BA;G291;17;71
Sud;Campania;SA;G292;2;2
Centro;Lazio;RM;G293;30,66;21,67
Sud;Abruzzo;CH;G294;4,5;5,5
Nord Ovest;Lombardia;BG;G295;10,4;60,51
Nord Est;Veneto;VR;G297;0;8,25
Sud;Calabria;CS;G298;0;0
Nord Est;Friuli- Venezia Giulia;UD;G300;2,2;3
Nord Ovest;Piemonte;CN;G302;14;11
Nord Ovest;Piemonte;TO;G303;4,9;12,9
Nord Ovest;Lombardia;PV;G304;0;4
Nord Ovest;Lombardia;CR;G306;7,83;120,97
Sud;Calabria;CS;G307;0;0
Centro;Umbria;PG;G308;17,1;25,5
Sud;Campania;NA;G309;23,11;101,24
Sud;Campania;BN;G311;8;0
Sud;Puglia;FG;G312;3,5;1
Isole;Sicilia;TP;G315;29,22;10
Nord Ovest;Lombardia;MI;G316;13;54,25
Sud;Calabria;CS;G317;14,67;23,17
Sud;Campania;BN;G318;1,83;7
Isole;Sicilia;TP;G319;11;17,5
Sud;Calabria;CS;G320;1;0
Nord Est;Veneto;RO;G323;3;6,01
Nord Ovest;Lombardia;MI;G324;105,55;403,59
Sud;Puglia;LE;G325;15,19;31
Nord Ovest;Lombardia;BS;G327;21,49;63,25
Nord Ovest;Piemonte;TO;G330;0;0
Sud;Calabria;CS;G331;3;0
Sud;Campania;CE;G333;13,95;83
Nord Ovest;Piemonte;AL;G334;0,13;2
Sud;Calabria;VV;G335;3;0
Nord Ovest;Lombardia;LC;G336;0;1,67
Nord Est;Emilia-Romagna;PR;G337;1087,87;2279,33
Nord Ovest;Piemonte;AL;G338;1;1
Nord Ovest;Piemonte;CN;G339;2;3
Sud;Campania;AV;G340;2;1
Nord Ovest;Lombardia;PV;G342;3,5;13,97
Centro;Umbria;TR;G344;5;2
Nord Ovest;Lombardia;BG;G346;9,48;32,15
Isole;Sicilia;TP;G347;20;27,04
Isole;Sicilia;PA;G348;18,83;20
Nord Ovest;Piemonte;NO;G349;3;21
Nord Ovest;Lombardia;BG;G350;2;19
Nord Est;Friuli- Venezia Giulia;UD;G352;29;147,67
Nord Est;Friuli- Venezia Giulia;PN;G353;11,67;48,67
Nord Ovest;Lombardia;BS;G354;3;0
Nord Ovest;Piemonte;AT;G358;0;0
Centro;Umbria;PG;G359;15,5;39,5
Nord Ovest;Lombardia;BS;G361;18;59,28
Centro;Lazio;FR;G362;0;1,25
Sud;Campania;CE;G364;0;0
Nord Est;Veneto;VR;G365;2;20
Nord Ovest;Piemonte;AL;G367;0;11
Nord Ovest;Lombardia;LC;G368;5,05;21
Sud;Campania;AV;G370;2;3
Isole;Sicilia;CT;G371;47,5;111,75
Sud;Calabria;CS;G372;0,07;1,14
Centro;Lazio;FR;G374;5,5;7
Isole;Sardegna;SS;G376;0;5
Isole;Sicilia;ME;G377;14,88;22,15
Sud;Puglia;LE;G378;1,25;0
Isole;Sardegna;OR;G379;0;0
Nord Est;Friuli- Venezia Giulia;UD;G381;4,53;12
Isole;Sardegna;CA;G382;0;0
Isole;Sardegna;CA;G383;0;0
Isole;Sardegna;OR;G384;3,75;0
Nord Ovest;Lombardia;MI;G385;40;141,39
Sud;Campania;BN;G386;0;0,5
Nord Ovest;Piemonte;TO;G387;1;1,5
Nord Ovest;Lombardia;PV;G388;324,99;683,85
Nord Est;Friuli- Venezia Giulia;UD;G389;5;22,1
Nord Ovest;Lombardia;BS;G391;2;14,5
Nord Ovest;Piemonte;TO;G392;14,32;35
Nord Est;Emilia-Romagna;MO;G393;59,22;168,42
Sud;Calabria;RC;G394;3;2
Centro;Toscana;PI;G395;17,35;35,17
Nord Ovest;Piemonte;AL;G397;0;5
Nord Ovest;Piemonte;TO;G398;13;23,58
Isole;Sicilia;CT;G402;9,33;63,83
Centro;Marche;AP;G403;5;29,72
Nord Est;Veneto;BL;G404;6,67;26,56
Nord Ovest;Lombardia;BS;G407;0;25,75
Nord Est;Veneto;TV;G408;14;65,94
Nord Ovest;Lombardia;SO;G410;0;1
Sud;Calabria;CS;G411;0;1
Nord Ovest;Lombardia;BG;G412;23,87;76
Nord Ovest;Lombardia;CO;G415;3,17;0
Centro;Marche;PS;G416;0;2
Nord Ovest;Lombardia;MN;G417;6,75;55,42
Nord Ovest;Lombardia;BG;G418;1;7,17
Centro;Toscana;FI;G420;20,54;67,17
Nord Ovest;Piemonte;NO;G421;2,5;4,5
Nord Est;Emilia-Romagna;PR;G424;7;11,25
Sud;Campania;SA;G426;19,6;79,5
Nord Ovest;Piemonte;AT;G430;1;0
Nord Ovest;Lombardia;SO;G431;6,58;9,2
Centro;Umbria;TR;G432;2;4
Nord Est;Emilia-Romagna;RN;G433;3,58;6,19
Sud;Abruzzo;CH;G434;1,5;0,5
Sud;Abruzzo;CH;G435;2;2
Centro;Marche;MC;G436;1,5;1
Sud;Abruzzo;TE;G437;4;11
Sud;Abruzzo;PE;G438;16,75;30,17
Sud;Calabria;CZ;G439;4;2
Sud;Abruzzo;CH;G441;0;1
Nord Est;Veneto;BL;G442;1,62;0
Centro;Lazio;RM;G444;2,88;1
Isole;Sardegna;NU;G445;0;1
Isole;Sardegna;CA;G446;0;0
Sud;Campania;SA;G447;0,5;1
Sud;Abruzzo;AQ;G449;5;0
Isole;Sardegna;SS;G450;2;2
Centro;Marche;PS;G453;8,67;30,84
Nord Ovest;Liguria;IM;G454;21;1,5
Sud;Campania;SA;G455;0;1
Nord Ovest;Lombardia;LC;G456;4,5;23,66
Nord Ovest;Piemonte;CN;G457;3;3
Nord Ovest;Piemonte;CN;G458;2;0
Nord Ovest;Valle d'Aosta;AO;G459;4;0
Nord Est;Veneto;PD;G461;4,35;40,93
Nord Ovest;Piemonte;TO;G462;3;1
Nord Ovest;Piemonte;TO;G463;12,75;32,33
Nord Ovest;Piemonte;TO;G465;7;7
Nord Est;Emilia-Romagna;BO;G467;59;305,53
Nord Ovest;Lombardia;CR;G469;2;37,51
Nord Ovest;Piemonte;VC;G471;1;3
Nord Ovest;Lombardia;BS;G474;0;6
Nord Ovest;Lombardia;BS;G475;5,89;2
Sud;Campania;SA;G476;4;1
Nord Ovest;Piemonte;TO;G477;1;6
Centro;Umbria;PG;G478;431,19;1311,25
Centro;Marche;PS;G479;215,05;611,83
Centro;Toscana;LU;G480;14,5;10,42
Nord Est;Veneto;VR;G481;22,87;178,09
Sud;Abruzzo;PE;G482;233,65;1011,12
Nord Ovest;Lombardia;CR;G483;1,83;8,5
Sud;Abruzzo;AQ;G484;6;16
Nord Ovest;Lombardia;LC;G485;4;16,61
Sud;Molise;IS;G486;1;1
Sud;Puglia;FG;G487;10;11
Nord Ovest;Lombardia;MI;G488;112;432,54
Nord Est;Veneto;VR;G489;43,27;357,74
Centro;Toscana;PT;G491;31,84;90,25
Sud;Abruzzo;AQ;G492;3,17;5
Sud;Abruzzo;AQ;G493;16,16;19
Sud;Campania;BN;G494;5,5;1
Sud;Molise;IS;G495;0;2
Sud;Basilicata;PZ;G496;0,33;2,88
Sud;Molise;IS;G497;0;0
Centro;Lazio;RI;G498;9,18;3,18
Sud;Abruzzo;PE;G499;1;0
Centro;Lazio;FR;G500;0,5;1
Nord Ovest;Lombardia;MI;G502;53,88;127,58
Nord Ovest;Lombardia;CR;G504;0;2,75
Nord Ovest;Piemonte;TO;G505;7;8
Sud;Molise;CB;G506;3;18,22
Centro;Lazio;RI;G507;1,58;2,69
Sud;Calabria;KR;G508;12,96;8
Sud;Campania;SA;G509;3;1
Isole;Sicilia;PA;G510;12;3
Isole;Sicilia;PA;G511;3;3
Sud;Molise;CB;G512;5;3
Centro;Lazio;RI;G513;8,25;8
Centro;Marche;PS;G514;3;13
Centro;Marche;MC;G515;5,89;5,83
Centro;Marche;AP;G516;1;8
Sud;Calabria;CZ;G517;0;0
Sud;Calabria;CZ;G518;5;4
Sud;Campania;AV;G519;2,44;2,22
Nord Ovest;Piemonte;NO;G520;3,41;6
Nord Ovest;Piemonte;BI;G521;6;16,29
Isole;Sicilia;ME;G522;4;2
Sud;Molise;IS;G523;1;1,89
Sud;Abruzzo;AQ;G524;4;2
Nord Est;Veneto;RO;G525;0,5;7
Nord Ovest;Piemonte;CN;G526;21,5;40,34
Nord Ovest;Piemonte;VC;G528;6;11,5
Nord Ovest;Lombardia;BS;G529;3;10,25
Nord Ovest;Piemonte;CN;G532;2;1
Nord Est;Veneto;PD;G534;0;12
Nord Est;Emilia-Romagna;PC;G535;393,79;1163,48
Sud;Campania;SA;G538;7;6,82
Sud;Campania;SA;G540;0;0
Sud;Campania;CE;G541;2;0
Nord Ovest;Liguria;SV;G542;7;5
Isole;Sicilia;PA;G543;5;3
Nord Ovest;Valle d'Aosta;AO;G545;7,22;2
Nord Ovest;Lombardia;BS;G546;10,5;47,5
Centro;Toscana;SI;G547;8,5;23,89
Nord Ovest;Lombardia;BS;G549;9,05;29,5
Centro;Marche;PS;G551;0,25;9,25
Sud;Calabria;CS;G553;0;0
Sud;Abruzzo;PE;G555;6;34,33
Nord Ovest;Lombardia;CO;G556;16,57;30,07
Nord Est;Emilia-Romagna;PC;G557;2;29,5
Nord Ovest;Lombardia;CR;G558;4;24
Nord Ovest;Piemonte;TO;G559;87,13;179,67
Nord Est;Veneto;VI;G560;1;16
Nord Ovest;Piemonte;CN;G561;5;11
Nord Ovest;Lombardia;BG;G564;2;8
Nord Est;Veneto;VE;G565;3,5;159,84
Nord Est;Emilia-Romagna;BO;G566;19,27;25,82
Sud;Campania;NA;G568;17,67;42,22
Nord Est;Emilia-Romagna;BO;G570;60,88;192,68
Centro;Lazio;VT;G571;6,75;5,75
Nord Ovest;Lombardia;SO;G572;2;16
Nord Ovest;Lombardia;BG;G574;5;14
Nord Ovest;Piemonte;CN;G575;17,75;29,8
Nord Ovest;Lombardia;SO;G576;7,75;8
Nord Ovest;Piemonte;BI;G577;3;3
Nord Ovest;Lombardia;BG;G579;3;22,16
Isole;Sicilia;EN;G580;41,38;54,92
Centro;Toscana;LU;G582;0,5;2
Nord Ovest;Lombardia;BG;G583;6;19,5
Nord Est;Veneto;PD;G587;13,17;83,29
Nord Ovest;Lombardia;BG;G588;0;6,32
Sud;Abruzzo;PE;G589;3;3
Sud;Basilicata;PZ;G590;18;15
Centro;Lazio;FR;G591;3,66;10
Centro;Lazio;FR;G592;4,5;4
Nord Ovest;Piemonte;AT;G593;0;2
Nord Ovest;Piemonte;BI;G594;1;0
Sud;Campania;CE;G596;10,33;20,33
Isole;Sicilia;CT;G597;11,92;18,17
Centro;Lazio;FR;G598;5,5;26,75
Nord Ovest;Piemonte;VB;G600;4,67;5,67
Centro;Umbria;PG;G601;8,85;18
Centro;Toscana;SI;G602;6;11
Nord Ovest;Lombardia;CR;G603;1;8
Sud;Puglia;FG;G604;0;2
Nord Ovest;Liguria;SV;G605;76,53;258,96
Sud;Molise;IS;G606;0;1
Nord Ovest;Liguria;IM;G607;5;0
Sud;Abruzzo;TE;G608;2;0
Sud;Molise;CB;G609;4;3
Sud;Molise;CB;G610;0;1
Sud;Campania;AV;G611;3;8,33
Nord Ovest;Lombardia;PV;G612;1;2
Sud;Abruzzo;CH;G613;0;0
Sud;Basilicata;PZ;G614;1;1
Sud;Calabria;CS;G615;1;0
Sud;Basilicata;PZ;G616;6;3
Centro;Umbria;PG;G618;6,1;5,58
Nord Ovest;Piemonte;AL;G619;1,02;5
Sud;Campania;CE;G620;7;7,5
Sud;Abruzzo;PE;G621;0;0
Sud;Calabria;CS;G622;0;5
Sud;Basilicata;PZ;G623;6,76;0
Isole;Sicilia;EN;G624;7,5;18
Nord Ovest;Piemonte;CN;G625;1;5
Sud;Campania;BN;G626;1;0,17
Centro;Marche;PS;G627;0,2;14
Centro;Toscana;LU;G628;49,39;98,54
Sud;Campania;AV;G629;5;3
Sud;Campania;CE;G630;3;4
Sud;Campania;BN;G631;5,07;1
Nord Ovest;Liguria;IM;G632;16;2
Nord Ovest;Lombardia;MI;G634;38,17;161,34
Nord Ovest;Lombardia;PV;G635;1;8,5
Centro;Toscana;PT;G636;7;52,67
Nord Ovest;Lombardia;PV;G639;4;6,5
Nord Est;Veneto;BL;G642;18,65;35,08
Nord Est;Emilia-Romagna;BO;G643;12,4;85,86
Nord Est;Veneto;TV;G645;25,23;107,65
Nord Ovest;Liguria;GE;G646;5;29,08
Nord Ovest;Lombardia;CR;G647;1;10
Centro;Toscana;LU;G648;5,17;3
Nord Est;Emilia-Romagna;MO;G649;6,3;37
Nord Ovest;Lombardia;PV;G650;9;16,2
Nord Ovest;Lombardia;CR;G651;5;16,67
Centro;Toscana;AR;G653;11,1;7
Centro;Marche;MC;G657;0;1
Nord Ovest;Piemonte;VB;G658;6,57;11,84
Centro;Lazio;FR;G659;9,67;6,5
Nord Ovest;Liguria;IM;G660;28;2
Sud;Campania;CE;G661;9,5;13
Centro;Lazio;FR;G662;2;2
Sud;Basilicata;PZ;G663;6,07;16
Nord Ovest;Liguria;SP;G664;1;1,34
Nord Ovest;Lombardia;CO;G665;1;2
Nord Ovest;Piemonte;VC;G666;3;4,34
Isole;Sardegna;CA;G669;0;0
Sud;Campania;NA;G670;1,33;1
Nord Ovest;Lombardia;PV;G671;2;6
Nord Ovest;Piemonte;TO;G672;8;22,06
Nord Est;Veneto;RO;G673;0;11
Nord Ovest;Piemonte;TO;G674;175,54;311,56
Nord Ovest;Piemonte;AT;G676;0;1
Nord Ovest;Piemonte;TO;G678;28,25;71,08
Nord Est;Friuli- Venezia Giulia;PN;G680;1;7
Centro;Marche;PS;G682;2;8,5
Nord Ovest;Piemonte;CN;G683;3;13
Nord Ovest;Piemonte;TO;G684;7;38
Nord Ovest;Piemonte;VC;G685;0;0
Nord Ovest;Lombardia;MI;G686;127,54;412,51
Centro;Toscana;LI;G687;179,05;168,35
Nord Est;Veneto;PD;G688;6;64,33
Centro;Marche;MC;G690;3,83;2
Nord Ovest;Piemonte;TO;G691;68,5;167,75
Nord Ovest;Piemonte;AT;G692;0;1
Nord Est;Veneto;PD;G693;12,14;225,58
Nord Est;Veneto;VI;G694;8,17;69,96
Nord Est;Emilia-Romagna;PC;G696;1;2
Nord Ovest;Piemonte;CN;G697;1;3
Centro;Lazio;LT;G698;14,42;26,08
Isole;Sicilia;ME;G699;12,52;6,5
Centro;Toscana;PI;G702;271,4;783,5
Nord Ovest;Piemonte;NO;G703;3,33;10,17
Centro;Lazio;RM;G704;3;0,98
Nord Ovest;Piemonte;TO;G705;19;52,5
Sud;Campania;SA;G707;7;1,5
Nord Ovest;Lombardia;BS;G710;13,38;55,49
Sud;Basilicata;MT;G712;27,06;39,3
Centro;Toscana;PT;G713;145,36;427,58
Centro;Toscana;GR;G716;18;20
Nord Ovest;Lombardia;MN;G717;1;11
Nord Ovest;Lombardia;SO;G718;25,25;18,5
Nord Ovest;Piemonte;TO;G719;5;6
Nord Ovest;Lombardia;PV;G720;2;4
Nord Ovest;Lombardia;CR;G721;12,83;57,16
Sud;Calabria;VV;G722;14;27,19
Sud;Abruzzo;CH;G724;12;17
Sud;Abruzzo;AQ;G726;2;8
Sud;Molise;IS;G727;1;3
Sud;Calabria;VV;G728;1;1
Sud;Calabria;RC;G729;0;1
Sud;Calabria;CS;G733;1;0
Sud;Calabria;CZ;G734;3;6
Sud;Calabria;RC;G735;0;1
Nord Est;Friuli- Venezia Giulia;UD;G736;3;8,08
Nord Ovest;Lombardia;CO;G737;8;8
Isole;Sardegna;SS;G740;2,22;8
Nord Ovest;Liguria;SV;G741;5;3
Nord Ovest;Piemonte;CN;G742;11,34;21
Nord Est;Friuli- Venezia Giulia;UD;G743;2;12
Centro;Toscana;MS;G746;15;5,5
Nord Est;Emilia-Romagna;PC;G747;9;99
Centro;Lazio;FR;G749;5;2
Sud;Puglia;LE;G751;1;9,5
Centro;Toscana;SI;G752;27,33;146
Nord Ovest;Lombardia;MN;G753;10,5;55,98
Centro;Toscana;PO;G754;4,5;45
Centro;Lazio;RI;G756;4;0
Centro;Lazio;RI;G757;5;4,75
Centro;Umbria;PG;G758;1;0
Sud;Abruzzo;CH;G760;0;2
Sud;Puglia;FG;G761;5,12;6
Sud;Campania;NA;G762;25;76
Centro;Lazio;RI;G763;24,14;33,38
Centro;Lazio;RI;G764;8;3,75
Centro;Lazio;RI;G765;7,5;14
Sud;Abruzzo;AQ;G766;1;1
Isole;Sicilia;TP;G767;1;1,5
Nord Est;Emilia-Romagna;FE;G768;16;134,5
Sud;Puglia;BA;G769;2;7,06
Centro;Lazio;RI;G770;3;0
Centro;Marche;AN;G771;2;2
Nord Ovest;Lombardia;MI;G772;32;82,81
Nord Ovest;Lombardia;CO;G773;10;5
Nord Ovest;Lombardia;BG;G774;1,99;16,24
Nord Ovest;Piemonte;NO;G775;3;6,2
Nord Est;Veneto;VI;G776;5;31,63
Nord Ovest;Piemonte;TO;G777;32,5;106,22
Nord Ovest;Lombardia;BS;G779;3,13;8
Nord Est;Friuli- Venezia Giulia;PN;G780;6;28,77
Nord Est;Veneto;RO;G782;4;55,87
Centro;Lazio;RM;G784;9;3
Sud;Calabria;VV;G785;0;0
Sud;Basilicata;MT;G786;19,36;93,09
Sud;Puglia;BA;G787;32,07;83,34
Nord Est;Emilia-Romagna;PC;G788;0;6,75
Nord Est;Emilia-Romagna;MO;G789;11,33;13,83
Centro;Umbria;TR;G790;0;1
Sud;Calabria;RC;G791;1;6
Isole;Sicilia;PA;G792;7;1,17
Sud;Campania;SA;G793;4;3
Nord Ovest;Valle d'Aosta;AO;G794;5;5
Sud;Campania;NA;G795;10,5;13,5
Sud;Campania;SA;G796;9;10
Isole;Sicilia;PA;G797;15,26;10
Nord Ovest;Piemonte;BI;G798;3;10
Sud;Abruzzo;CH;G799;1;8,63
Nord Ovest;Piemonte;CN;G800;1;6
Nord Ovest;Lombardia;BS;G801;2,17;74,5
Nord Est;Veneto;PD;G802;1;39,68
Centro;Marche;AN;G803;9,5;45,7
Centro;Toscana;PI;G804;34,58;27,5
Nord Ovest;Piemonte;TO;G805;4;5,5
Sud;Basilicata;MT;G806;10;6
Nord Ovest;Piemonte;AL;G807;0;2
Nord Ovest;Piemonte;NO;G809;3;29
Centro;Lazio;RM;G811;159,1;611,36
Sud;Campania;NA;G812;57,69;128,46
Sud;Campania;NA;G813;33,67;23,7
Nord Ovest;Liguria;IM;G814;7,17;15,69
Nord Ovest;Lombardia;BS;G815;0;20,99
Nord Ovest;Lombardia;MN;G816;0,5;4,75
Isole;Sardegna;OR;G817;0;0
Nord Ovest;Lombardia;BS;G818;6,05;36,42
Nord Ovest;Piemonte;BI;G820;16,78;35,33
Nord Ovest;Lombardia;CO;G821;1,33;1
Centro;Toscana;PI;G822;26,08;120,64
Nord Est;Veneto;PD;G823;2;12,8
Centro;Toscana;FI;G825;49,65;110,92
Nord Ovest;Piemonte;TO;G826;16,57;15
Sud;Campania;BN;G827;1,09;3
Nord Ovest;Lombardia;SO;G829;9,16;10,5
Nord Est;Friuli- Venezia Giulia;UD;G831;5;4,25
Centro;Toscana;PT;G833;6;49,16
Sud;Campania;SA;G834;47,79;134,17
Nord Est;Veneto;RO;G836;0;17
Nord Ovest;Piemonte;CN;G837;7,52;7,83
Centro;Lazio;FR;G838;9;11,67
Nord Ovest;Piemonte;AL;G839;3,5;25,5
Nord Ovest;Liguria;IM;G840;9;5
Nord Est;Emilia-Romagna;PC;G842;10,5;32,5
Centro;Toscana;PI;G843;68,66;189,07
Nord Ovest;Lombardia;BS;G844;37,18;152,17
Nord Est;Veneto;TV;G846;17,41;79,78
Nord Ovest;Lombardia;CO;G847;11,07;34
Sud;Campania;BN;G848;2,16;2
Sud;Campania;CE;G849;0;0
Nord Est;Veneto;PD;G850;2;22,23
Nord Ovest;Lombardia;PV;G851;2,67;4,67
Nord Est;Emilia-Romagna;PC;G852;17;88,16
Nord Ovest;Lombardia;BG;G853;11;66,25
Nord Ovest;Valle d'Aosta;AO;G854;12;22,5
Nord Est;Veneto;PD;G855;5;188,41
Nord Ovest;Lombardia;BG;G856;27,15;162,1
Nord Ovest;Piemonte;AL;G858;0;9,17
Nord Ovest;Lombardia;BS;G859;11,11;49,41
Nord Ovest;Valle d'Aosta;AO;G860;4;7
Nord Ovest;Piemonte;AL;G861;1;3
Nord Ovest;Lombardia;MN;G862;4,03;34
Nord Ovest;Lombardia;BG;G864;14,62;60,88
Centro;Lazio;LT;G865;19;41,99
Nord Ovest;Liguria;SV;G866;10;4
Nord Ovest;Lombardia;BG;G867;6,5;41
Nord Ovest;Lombardia;BS;G869;8;43,47
Centro;Toscana;MS;G870;53,28;39,17
Centro;Lazio;LT;G871;5,67;0
Nord Ovest;Piemonte;AL;G872;2;3
Centro;Marche;AP;G873;1;3,5
Centro;Lazio;RM;G874;4,5;4
Nord Est;Veneto;TV;G875;23;158,61
Nord Ovest;Piemonte;AL;G877;5,5;22,33
Sud;Abruzzo;PE;G878;9;10,7
Centro;Toscana;AR;G879;4,32;23,89
Centro;Umbria;TR;G881;0;3
Centro;Toscana;LU;G882;6;46,3
Nord Est;Friuli- Venezia Giulia;PN;G886;36,5;99,83
Sud;Campania;SA;G887;2,33;1
Nord Est;Friuli- Venezia Giulia;PN;G888;262,67;639,56
Nord Ovest;Lombardia;CO;G889;11;36,5
Nord Ovest;Liguria;IM;G890;7;6
Nord Est;Friuli- Venezia Giulia;UD;G891;2;10
Nord Ovest;Piemonte;AT;G894;8;12,1
Nord Ovest;Lombardia;PV;G895;4;12,22
Nord Ovest;Piemonte;TO;G900;2;8
Sud;Campania;NA;G902;37,21;155,29
Sud;Campania;CE;G903;8;21
Nord Est;Emilia-Romagna;FO;G904;2;2
Sud;Calabria;RC;G905;2;2
Nord Ovest;Lombardia;VA;G906;3;16
Nord Ovest;Lombardia;VA;G907;30,64;48,5
Nord Est;Veneto;TV;G909;1;11
Sud;Molise;CB;G910;1;2
Centro;Toscana;LI;G912;30,08;27,3
Nord Ovest;Liguria;GE;G913;0;8
Nord Est;Veneto;VE;G914;28,03;251,43
Nord Est;Emilia-Romagna;FE;G916;10,66;133
Nord Ovest;Lombardia;MN;G917;7;236,3
Centro;Marche;MC;G919;44,68;239,55
Centro;Marche;AP;G920;32,37;115,3
Centro;Marche;AP;G921;74,64;139,2
Isole;Sardegna;CA;G922;4;4
Nord Est;Veneto;RO;G923;3;50,66
Isole;Sardegna;SS;G924;35,83;97,72
Nord Ovest;Liguria;SP;G925;15,72;10,33
Nord Est;Veneto;RO;G926;6,5;108,93
Nord Ovest;Piemonte;BI;G927;6;5
Isole;Sardegna;NU;G929;2;5,33
Nord Est;Veneto;VI;G931;6;3
Sud;Campania;SA;G932;2,5;0
Nord Est;Veneto;TV;G933;3;19,5
Centro;Lazio;RI;G934;4,5;4
Centro;Lazio;FR;G935;3;2
Nord Ovest;Lombardia;SO;G937;6;3,8
Sud;Campania;SA;G939;5;0
Nord Ovest;Piemonte;VC;G940;1;4
Sud;Basilicata;PZ;G942;152,59;249,51
Nord Est;Veneto;VI;G943;0;11,95
Nord Est;Veneto;TV;G944;4,5;56,68
Nord Est;Veneto;VR;G945;11;69,67
Nord Est;Emilia-Romagna;RE;G947;17,33;72,16
Nord Est;Friuli- Venezia Giulia;UD;G949;7;23,44
Centro;Lazio;RI;G951;5;1
Isole;Sicilia;RG;G953;6;79,66
Sud;Molise;IS;G954;7;7
Nord Ovest;Lombardia;MI;G955;44,5;172
Nord Est;Veneto;VI;G957;0;16
Nord Ovest;Lombardia;BS;G959;1;46
Nord Ovest;Piemonte;AL;G960;3;1
Nord Ovest;Piemonte;AL;G961;3,25;35,5
Isole;Sardegna;SS;G962;5;6,67
Nord Est;Veneto;PD;G963;2,08;17,58
Sud;Campania;NA;G964;60,69;55,64
Nord Ovest;Lombardia;MI;G965;33,33;132,34
Nord Est;Friuli- Venezia Giulia;UD;G966;16,83;59
Nord Ovest;Lombardia;BG;G968;8;40,32
Nord Est;Friuli- Venezia Giulia;UD;G969;10;33,5
Nord Ovest;Piemonte;CN;G970;0;2
Nord Est;Emilia-Romagna;BO;G972;49,01;217,99
Nord Ovest;Piemonte;TO;G973;14;72,72
Nord Ovest;Piemonte;BI;G974;6,67;12,34
Sud;Calabria;CS;G975;7;20,9
Sud;Campania;SA;G976;1,07;0
Nord Ovest;Lombardia;BS;G977;8;30,58
Nord Ovest;Piemonte;TO;G978;11,02;19,11
Nord Ovest;Piemonte;TO;G979;1;7,17
Nord Ovest;Piemonte;BI;G980;14,51;18,67
Nord Est;Veneto;VE;G981;3;41
Nord Ovest;Piemonte;TO;G982;6,84;1,34
Nord Ovest;Piemonte;VC;G985;1;4
Nord Ovest;Piemonte;TO;G986;12;13
Nord Ovest;Piemonte;AL;G987;4;2
Nord Ovest;Piemonte;TO;G988;3;2
Sud;Campania;AV;G990;7,04;11,5
Sud;Campania;CE;G991;1;3
Sud;Abruzzo;AQ;G992;1;1
Nord Ovest;Lombardia;SO;G993;9,47;9
Nord Est;Friuli- Venezia Giulia;PN;G994;11;89,09
Sud;Campania;CE;G995;0;0
Nord Ovest;Piemonte;TO;G997;1;3
Centro;Toscana;PO;G999;326,96;1424,28
Nord Ovest;Piemonte;NO;H001;6,94;8,78
Nord Est;Friuli- Venezia Giulia;UD;H002;0,8;3
Sud;Campania;AV;H006;4;10
Sud;Abruzzo;AQ;H007;5,33;33,5
Nord Est;Friuli- Venezia Giulia;PN;H010;2;33,5
Nord Ovest;Piemonte;CN;H011;8,08;3,11
Sud;Calabria;RC;H013;0;0
Nord Est;Friuli- Venezia Giulia;UD;H014;2;6,5
Centro;Umbria;PG;H015;3;1
Nord Est;Emilia-Romagna;FO;H017;21,66;40,75
Nord Ovest;Lombardia;BG;H020;9,5;25,17
Nord Ovest;Piemonte;AL;H021;2;7
Nord Est;Veneto;TV;H022;25,6;252,12
Nord Ovest;Lombardia;MI;H026;18,84;88,67
Nord Ovest;Liguria;IM;H027;12;2
Nord Ovest;Lombardia;LC;H028;6,76;5,33
Nord Est;Friuli- Venezia Giulia;UD;H029;3;18,83
Nord Ovest;Piemonte;VB;H030;2,22;10,66
Nord Ovest;Piemonte;VB;H033;4,83;1
Nord Est;Emilia-Romagna;FO;H034;0,03;2
Nord Ovest;Lombardia;BG;H036;8,75;15,9
Nord Ovest;Piemonte;VB;H037;5,25;10
Nord Est;Friuli- Venezia Giulia;UD;H038;2;0
Nord Est;Friuli- Venezia Giulia;UD;H040;0;1
Nord Ovest;Valle d'Aosta;AO;H042;26,27;37,63
Nord Ovest;Lombardia;BS;H043;3;2
Sud;Campania;CE;H045;1;0
Nord Ovest;Lombardia;BG;H046;13,25;57,99
Nord Est;Veneto;VR;H048;2;14
Sud;Abruzzo;CH;H052;2;1
Nord Ovest;Lombardia;BS;H055;4,33;74
Sud;Abruzzo;AQ;H056;0,5;2,5
Nord Ovest;Piemonte;CN;H059;2;1
Nord Est;Emilia-Romagna;MO;H061;17;27
Sud;Campania;SA;H062;1;5
Nord Ovest;Lombardia;LC;H063;2,83;7,5
Nord Ovest;Piemonte;CN;H068;6;12
Nord Ovest;Piemonte;CN;H069;0;3,5
Isole;Sicilia;PA;H070;16,5;4,94
Centro;Lazio;VT;H071;4;1
Sud;Campania;NA;H072;13,09;4,29
Nord Ovest;Liguria;GE;H073;3;1
Nord Ovest;Lombardia;CO;H074;0;6
Centro;Lazio;LT;H076;1,67;1
Nord Ovest;Lombardia;BS;H077;1;0
Nord Ovest;Lombardia;BS;H078;6;55,58
Sud;Molise;CB;H083;0;0
Nord Ovest;Piemonte;CN;H085;5;0
Nord Ovest;Lombardia;BS;H086;3;43,5
Sud;Campania;BN;H087;2;0
Isole;Sardegna;CA;H088;3,07;41,78
Nord Est;Friuli- Venezia Giulia;UD;H089;4;2
Sud;Puglia;TA;H090;3,33;18
Nord Ovest;Lombardia;BG;H091;1;7,84
Nord Ovest;Lombardia;CO;H094;3,67;16
Isole;Sardegna;SS;H095;0;2
Sud;Puglia;BA;H096;54,25;116,67
Sud;Campania;AV;H097;1;2
Sud;Abruzzo;CH;H098;0,56;0
Nord Ovest;Piemonte;TO;H100;0;0
Sud;Campania;NA;H101;21,41;29
Nord Ovest;Piemonte;AT;H102;0;0
Nord Ovest;Piemonte;AL;H104;1;5
Nord Ovest;Piemonte;VB;H106;4;2
Nord Ovest;Piemonte;VB;H107;11;5
Nord Ovest;Piemonte;VC;H108;5,62;26,96
Centro;Toscana;PT;H109;17,03;152,14
Nord Ovest;Valle d'Aosta;AO;H110;15,67;50,5
Sud;Campania;NA;H114;28,99;148,02
Nord Est;Veneto;VE;H117;14;153,61
Isole;Sardegna;CA;H118;81;301,73
Isole;Sardegna;CA;H119;32;94
Nord Ovest;Piemonte;TO;H120;2;2
Nord Ovest;Piemonte;AL;H121;1;3,5
Nord Est;Emilia-Romagna;RE;H122;36,64;157,67
Nord Ovest;Liguria;SV;H126;37,33;31,95
Nord Ovest;Piemonte;TO;H127;7;4
Sud;Campania;AV;H128;2;0
Nord Ovest;Lombardia;MN;H129;1;7,69
Nord Ovest;Lombardia;CR;H130;1;16,5
Nord Est;Veneto;TV;H131;13,85;88,29
Nord Ovest;Piemonte;VC;H132;1;4,3
Nord Est;Veneto;VI;H134;7;60,08
Nord Ovest;Lombardia;BS;H140;8,99;47,87
Nord Ovest;Lombardia;MN;H143;2;24
Sud;Puglia;LE;H147;3,5;19,87
Isole;Sicilia;AG;H148;14,64;14,45
Nord Ovest;Piemonte;CN;H150;22,06;70,51
Isole;Sicilia;ME;H151;1;0
Centro;Toscana;SI;H153;5,09;12,14
Isole;Sicilia;CT;H154;4,81;8,81
Centro;Toscana;SI;H156;0;4
Centro;Toscana;SI;H157;5;5
Isole;Sicilia;AG;H159;16,83;4
Nord Est;Friuli- Venezia Giulia;UD;H161;1;9,56
Isole;Sicilia;RG;H163;106,09;414,88
Sud;Campania;CE;H165;2;0
Sud;Abruzzo;AQ;H166;1;4,92
Isole;Sicilia;CT;H168;6,99;12
Nord Ovest;Lombardia;VA;H173;3;4,5
Nord Ovest;Lombardia;VA;H174;2;11,25
Isole;Sicilia;CT;H175;21,16;23,93
Nord Ovest;Lombardia;BG;H176;19,47;59,73
Nord Ovest;Lombardia;BG;H177;4;36
Nord Ovest;Liguria;IM;H180;2,5;3
Centro;Marche;AP;H182;3;4
Nord Ovest;Liguria;GE;H183;197,43;324,04
Sud;Abruzzo;CH;H184;2;1
Centro;Toscana;SI;H185;12,44;33,67
Sud;Basilicata;PZ;H186;4;9
Sud;Basilicata;PZ;H187;3;0
Nord Ovest;Piemonte;VC;H188;1,98;3
Nord Ovest;Lombardia;SO;H192;1,56;0,56
Isole;Sicilia;AG;H194;7,9;21,5
Nord Est;Emilia-Romagna;MO;H195;4,34;59,02
Nord Est;Friuli- Venezia Giulia;UD;H196;7;14,5
Sud;Campania;SA;H198;4;2,5
Nord Est;Emilia-Romagna;RA;H199;372,84;1698,13
Nord Est;Friuli- Venezia Giulia;UD;H200;1;1
Sud;Campania;CE;H202;1;0
Nord Ovest;Piemonte;VB;H203;6,96;1,66
Nord Ovest;Lombardia;PV;H204;2;3
Isole;Sicilia;AG;H205;12,84;5,17
Nord Est;Friuli- Venezia Giulia;UD;H206;10;35,5
Nord Ovest;Piemonte;TO;H207;10;25
Sud;Campania;CE;H210;9,33;32,06
Centro;Marche;MC;H211;38,36;105,62
Nord Ovest;Liguria;GE;H212;42,62;75,6
Nord Ovest;Piemonte;NO;H213;1;7,5
Nord Est;Veneto;VI;H214;13,64;35,45
Nord Ovest;Lombardia;PV;H216;0;5,5
Nord Ovest;Lombardia;MN;H218;0;6,75
Nord Ovest;Piemonte;AT;H219;4;9,5
Nord Est;Veneto;TV;H220;0;1,17
Isole;Sicilia;EN;H221;13,4;28,72
Centro;Toscana;FI;H222;40,46;91,81
Nord Est;Emilia-Romagna;RE;H223;573,57;2034,24
Sud;Calabria;RC;H224;93,91;405,62
Nord Est;Emilia-Romagna;RE;H225;7,5;86,13
Sud;Campania;BN;H227;1;1
Isole;Sicilia;ME;H228;2,75;3
Nord Est;Friuli- Venezia Giulia;UD;H229;11;31
Nord Ovest;Lombardia;BS;H230;1;16,17
Nord Ovest;Lombardia;MI;H233;10;25
Sud;Calabria;CS;H235;112,17;148,97
Nord Est;Veneto;TV;H238;7;73,36
Nord Ovest;Lombardia;MI;H240;61;222,84
Nord Est;Friuli- Venezia Giulia;UD;H242;1;4
Sud;Campania;NA;H243;25,11;105,84
Nord Est;Friuli- Venezia Giulia;UD;H244;0;1
Isole;Sicilia;CL;H245;2;2
Nord Ovest;Lombardia;PV;H246;5;6
Nord Ovest;Piemonte;CN;H247;18,33;25
Nord Ovest;Piemonte;AT;H250;0;3
Nord Est;Veneto;TV;H253;4;9,09
Nord Ovest;Lombardia;CO;H255;0;1
Nord Ovest;Lombardia;BS;H256;47,7;173,7
Nord Ovest;Liguria;IM;H257;7;0
Nord Ovest;Liguria;GE;H258;9,83;1
Nord Ovest;Lombardia;CO;H259;1;3
Nord Ovest;Valle d'Aosta;AO;H262;0;2
Nord Ovest;Valle d'Aosta;AO;H263;1;0,5
Nord Ovest;Lombardia;MI;H264;256,43;578,15
Sud;Calabria;RC;H265;1;2
Nord Ovest;Liguria;SV;H266;1,66;2,16
Centro;Lazio;RM;H267;24,5;34,12
Sud;Campania;CE;H268;1;1
Isole;Sicilia;AG;H269;17,17;15,67
Nord Ovest;Piemonte;TO;H270;0;0
Sud;Calabria;VV;H271;4,5;4
Nord Ovest;Piemonte;AL;H272;1;3,12
Sud;Molise;CB;H273;2,5;12
Nord Est;Emilia-Romagna;RN;H274;57,92;480,36
Nord Ovest;Liguria;SP;H275;8,16;13,9
Nord Ovest;Lombardia;CR;H276;0;15,5
Sud;Campania;SA;H277;1;2
Nord Est;Veneto;TV;H280;14;71,07
Isole;Sicilia;CL;H281;8;15,05
Centro;Lazio;RI;H282;102,88;195,27
Nord Ovest;Piemonte;CN;H285;4;3
Centro;Toscana;FI;H286;12,52;48,34
Sud;Puglia;FG;H287;1;2,5
Centro;Lazio;RM;H288;16,5;54,5
Nord Est;Friuli- Venezia Giulia;UD;H289;4;5
Nord Ovest;Piemonte;VC;H293;0;0
Nord Est;Emilia-Romagna;RN;H294;308,19;1186,86
Nord Est;Emilia-Romagna;RE;H298;7;54,5
Centro;Lazio;RM;H300;2;0
Isole;Sardegna;OR;H301;0;7,75
Nord Est;Emilia-Romagna;RA;H302;5,5;42,83
Nord Est;Emilia-Romagna;MO;H303;2;12
Nord Ovest;Liguria;SP;H304;20,5;0
Sud;Basilicata;PZ;H307;14,29;39,01
Sud;Molise;IS;H308;1,44;1,35
Sud;Molise;CB;H311;1;0
Sud;Basilicata;PZ;H312;2,5;1
Sud;Molise;CB;H313;3,25;14
Nord Ovest;Lombardia;CR;H314;0;12
Nord Ovest;Lombardia;CR;H315;2;34,65
Nord Ovest;Lombardia;CR;H316;2;2
Centro;Toscana;PI;H319;11;23
Sud;Abruzzo;CH;H320;5;4
Centro;Marche;AP;H321;6;19
Centro;Marche;MC;H323;7,25;3
Centro;Lazio;FR;H324;5,42;3,5
Isole;Sicilia;CT;H325;6,66;112,69
Nord Ovest;Piemonte;CN;H326;0;0
Nord Est;Veneto;BL;H327;9;6,5
Nord Ovest;Liguria;IM;H328;13,23;41
Nord Ovest;Lombardia;BG;H331;2,67;39,62
Nord Ovest;Piemonte;TO;H333;1;10
Nord Ovest;Piemonte;AL;H334;2;9
Nord Ovest;Piemonte;TO;H335;84;218,99
Nord Ovest;Lombardia;PV;H336;12,17;50,42
Nord Ovest;Piemonte;TO;H337;13;55
Nord Ovest;Piemonte;TO;H338;3,5;20,67
Nord Ovest;Piemonte;TO;H340;40,6;117,01
Nord Ovest;Lombardia;CR;H341;2;14
Nord Ovest;Lombardia;MN;H342;0;21,83
Nord Ovest;Piemonte;AL;H343;0;0
Nord Ovest;Piemonte;TO;H344;3,5;15
Nord Ovest;Piemonte;VC;H346;0;3
Nord Est;Friuli- Venezia Giulia;UD;H347;4;20
Sud;Basilicata;PZ;H348;8;2
Nord Est;Emilia-Romagna;PC;H350;25,32;60
Sud;Abruzzo;AQ;H353;27,25;39,67
Centro;Lazio;RI;H354;0,5;0,33
Nord Ovest;Piemonte;TO;H355;219,58;553,03
Nord Est;Veneto;VR;H356;4,5;31,5
Nord Ovest;Lombardia;CR;H357;16,17;108,42
Sud;Calabria;RC;H359;2;2
Nord Est;Veneto;VI;H361;25,99;178,52
Nord Ovest;Piemonte;CN;H362;5;8,61
Nord Ovest;Piemonte;CN;H363;0;2
Nord Ovest;Piemonte;VC;H364;3;7
Nord Ovest;Piemonte;VC;H365;5;27,5
Nord Ovest;Piemonte;AT;H366;0;0
Nord Ovest;Piemonte;TO;H367;6;18,67
Nord Ovest;Lombardia;PV;H369;15;56,18
Nord Ovest;Lombardia;MI;H371;9,17;61
Nord Ovest;Lombardia;CR;H372;3;15,95
Nord Ovest;Lombardia;MI;H373;14,25;54,9
Nord Ovest;Lombardia;PV;H375;1;4
Nord Ovest;Piemonte;AT;H376;0;3
Nord Ovest;Piemonte;CN;H377;6,5;10,17
Nord Ovest;Piemonte;CN;H378;12,95;29
Nord Est;Veneto;BL;H379;15,33;16
Isole;Sicilia;ME;H380;3;2
Sud;Campania;AV;H382;4;0
Sud;Calabria;KR;H383;4;0
Nord Est;Emilia-Romagna;PR;H384;2;20,5
Nord Ovest;Piemonte;CN;H385;8,5;8,78
Nord Ovest;Piemonte;TO;H386;6,5;10,66
Centro;Lazio;RM;H387;0;0
Sud;Abruzzo;AQ;H389;1;0
Centro;Marche;AP;H390;1;7,5
Nord Ovest;Piemonte;CN;H391;1;5
Nord Ovest;Piemonte;AT;H392;0;3
Centro;Lazio;FR;H393;3;3
Sud;Campania;SA;H394;9,97;7,5
Nord Ovest;Piemonte;CN;H395;3;5,5
Nord Ovest;Lombardia;PV;H396;0;1
Sud;Campania;CE;H398;2;3
Sud;Abruzzo;AQ;H399;1,75;7,17
Sud;Abruzzo;AQ;H400;16,5;22
Centro;Lazio;RM;H401;4,67;1
Sud;Abruzzo;AQ;H402;18,84;51,5
Sud;Calabria;KR;H403;1;0
Centro;Lazio;RM;H404;19,1;98
Isole;Sicilia;ME;H405;0;0
Nord Ovest;Piemonte;AL;H406;1;0
Nord Ovest;Piemonte;CN;H407;9,5;24,5
Sud;Calabria;RC;H408;0;0
Sud;Puglia;TA;H409;2;4
Nord Ovest;Lombardia;BS;H410;2;42,25
Centro;Lazio;RM;H411;1;1
Sud;Campania;SA;H412;3,25;0
Centro;Lazio;LT;H413;3;2
Nord Ovest;Piemonte;AL;H414;2;9
Sud;Calabria;CS;H416;15;10
Centro;Toscana;GR;H417;10;16,5
Isole;Sicilia;ME;H418;10,67;20,67
Sud;Molise;IS;H420;3;1
Centro;Lazio;LT;H421;7;3
Isole;Sicilia;PA;H422;0;5
Sud;Campania;CE;H423;4;0,5
Sud;Abruzzo;CH;H424;1;2
Sud;Abruzzo;PE;H425;4;1
Sud;Basilicata;PZ;H426;3;1
Centro;Lazio;RI;H427;5,5;1
Isole;Sicilia;PA;H428;3;1
Sud;Abruzzo;AQ;H429;3,17;5
Sud;Campania;SA;H431;6,36;31,5
Centro;Lazio;RM;H432;24,93;51,54
Sud;Campania;NA;H433;10;7,5
Sud;Abruzzo;AQ;H434;32,07;32,33
Sud;Campania;CE;H436;2;0
Nord Est;Emilia-Romagna;FO;H437;6;2,25
Sud;Campania;AV;H438;0;2
Sud;Abruzzo;CH;H439;4,5;7
Sud;Abruzzo;TE;H440;0;1
Centro;Lazio;RM;H441;2;1
Sud;Abruzzo;CH;H442;4,73;5
Centro;Lazio;FR;H443;8,67;2
Centro;Lazio;LT;H444;0;0
Sud;Molise;IS;H445;1;0
Centro;Lazio;RI;H446;5;3,11
Nord Ovest;Piemonte;CN;H447;1;7,5
Sud;Abruzzo;CH;H448;0;3
Centro;Toscana;GR;H449;52,49;64,36
Nord Ovest;Lombardia;PV;H450;1,5;4
Nord Ovest;Piemonte;AT;H451;1,33;0,33
Nord Ovest;Liguria;SV;H452;3;3
Nord Ovest;Piemonte;CN;H453;15,83;14
Sud;Molise;CB;H454;5;0
Isole;Sicilia;ME;H455;4;0,86
Sud;Calabria;RC;H456;11,5;9
Sud;Molise;IS;H458;1;0,5
Sud;Campania;CE;H459;0;0
Nord Ovest;Liguria;IM;H460;3;1
Nord Ovest;Liguria;SP;H461;1;0
Nord Ovest;Piemonte;CN;H462;0;0
Nord Ovest;Piemonte;AL;H465;5;2
Nord Ovest;Piemonte;AT;H466;2;0
Sud;Puglia;FG;H467;0;10,61
Nord Ovest;Piemonte;AT;H468;2;2
Nord Ovest;Lombardia;MI;H470;7,83;52,66
Nord Ovest;Piemonte;CN;H472;7;16
Nord Ovest;Piemonte;CN;H473;0;2
Nord Ovest;Piemonte;CN;H474;1;1
Nord Ovest;Lombardia;BS;H477;13,75;94,5
Nord Ovest;Lombardia;CO;H478;3,5;5,75
Isole;Sicilia;ME;H479;2;2
Sud;Puglia;FG;H480;13,67;36,96
Nord Ovest;Lombardia;MN;H481;2;27,11
Nord Ovest;Lombardia;BS;H484;10;44
Sud;Campania;SA;H485;4;1
Nord Ovest;Lombardia;LC;H486;10;27,07
Sud;Calabria;CS;H488;5;0
Sud;Calabria;RC;H489;0;0
Sud;Calabria;CS;H490;4;10,5
Nord Ovest;Lombardia;PV;H491;3;14,5
Nord Ovest;Lombardia;BG;H492;8;40
Nord Ovest;Lombardia;SO;H493;0,04;3
Centro;Lazio;RM;H494;2;3
Sud;Abruzzo;CH;H495;0;0
Nord Ovest;Valle d'Aosta;AO;H497;5,09;5
Nord Ovest;Piemonte;TO;H498;1;16,5
Nord Est;Emilia-Romagna;RE;H500;10;49,17
Centro;Lazio;RM;H501;8683,43;20326,45
Nord Ovest;Piemonte;NO;H502;20,34;30,38
Sud;Campania;SA;H503;1;2,67
Nord Ovest;Lombardia;PV;H505;3;6
Isole;Sardegna;SS;H507;1;1
Nord Ovest;Lombardia;CR;H508;6;23,72
Nord Ovest;Lombardia;BG;H509;28,68;225,82
Nord Ovest;Piemonte;TO;H511;4;25
Nord Est;Veneto;VI;H512;12,78;99,36
Sud;Calabria;VV;H516;0;0
Nord Ovest;Piemonte;NO;H518;14;74,5
Isole;Sicilia;ME;H519;7;29
Nord Ovest;Lombardia;CO;H521;1,33;7,8
Nord Est;Veneto;VR;H522;4;28
Nord Est;Veneto;TV;H523;18,44;129,52
Nord Ovest;Lombardia;BS;H525;32;111,5
Nord Ovest;Lombardia;PV;H527;1;24,5
Nord Ovest;Lombardia;MI;H529;14;78,66
Nord Est;Friuli- Venezia Giulia;UD;H533;2;11
Centro;Lazio;VT;H534;28,45;32,17
Nord Ovest;Lombardia;BG;H535;4;6
Nord Ovest;Liguria;GE;H536;24,49;29,92
Nord Ovest;Lombardia;MI;H537;27,68;62,49
Nord Ovest;Piemonte;BI;H538;2,83;4,83
Nord Ovest;Piemonte;TO;H539;0;0
Nord Est;Veneto;VR;H540;8;69,02
Nord Ovest;Lombardia;MN;H541;4;53,33
Nord Est;Emilia-Romagna;FO;H542;5;30
Nord Ovest;Lombardia;BG;H544;3;26
Nord Ovest;Liguria;GE;H546;0;0
Nord Ovest;Piemonte;TO;H547;5,33;26,75
Nord Ovest;Piemonte;VC;H549;2,5;4
Nord Ovest;Piemonte;BI;H553;4;9,83
Nord Ovest;Piemonte;TO;H554;0;8
Nord Ovest;Piemonte;TO;H555;7;7
Nord Est;Veneto;VI;H556;12;67,84
Sud;Calabria;RC;H558;0;5
Nord Ovest;Lombardia;PV;H559;1;4,88
Nord Ovest;Lombardia;MI;H560;12;45,5
Nord Ovest;Piemonte;BI;H561;6;6,33
Sud;Abruzzo;PE;H562;1;7
Sud;Campania;SA;H564;1;1
Sud;Calabria;CS;H565;8,66;3
Sud;Abruzzo;CH;H566;0;0
Sud;Puglia;FG;H568;0;0
Nord Ovest;Piemonte;AL;H569;0,67;10,5
Centro;Toscana;LI;H570;143,3;378,57
Sud;Calabria;CS;H572;9;10
Nord Est;Veneto;RO;H573;6,69;79,77
Isole;Sicilia;SR;H574;13,5;25,84
Centro;Marche;AN;H575;0;5,67
Nord Ovest;Piemonte;VC;H577;2;1
Nord Ovest;Piemonte;CN;H578;3;12,33
Nord Est;Veneto;VI;H580;7;53,5
Nord Ovest;Liguria;GE;H581;6,5;11,5
Nord Ovest;Piemonte;TO;H583;24;62
Nord Ovest;Lombardia;BG;H584;3,25;12
Sud;Calabria;CS;H585;0;0
Centro;Marche;AP;H588;2;2
Sud;Molise;CB;H589;0;0
Sud;Basilicata;PZ;H590;5;10
Sud;Basilicata;MT;H591;6;5
Sud;Campania;AV;H592;2,5;6,5
Nord Est;Emilia-Romagna;PC;H593;35,99;186,33
Nord Est;Veneto;VI;H594;0,33;8,15
Nord Ovest;Lombardia;BS;H598;34,5;232,37
Nord Ovest;Liguria;GE;H599;2;0,25
Nord Ovest;Lombardia;CO;H601;52,55;155,84
Nord Ovest;Lombardia;CO;H602;18,83;46,25
Nord Ovest;Lombardia;MN;H604;8;74,86
Nord Est;Veneto;VR;H606;3;14,67
Nord Est;Veneto;VR;H608;4,57;17
Nord Est;Friuli- Venezia Giulia;PN;H609;20,5;73
Nord Est;Veneto;VR;H610;3;8,5
Nord Ovest;Lombardia;PV;H614;1;2
Nord Ovest;Lombardia;BG;H615;11,3;69,36
Centro;Lazio;RM;H618;5;1
Nord Est;Veneto;RO;H620;47,4;504,72
Sud;Calabria;CS;H621;1;6
Nord Est;Veneto;PD;H622;2,43;35
Nord Ovest;Lombardia;MI;H623;153;512,15
Nord Est;Veneto;PD;H625;16;400,67
Nord Ovest;Piemonte;TO;H627;5;17
Nord Est;Emilia-Romagna;RE;H628;31,66;195,87
Nord Ovest;Lombardia;BS;H630;8,27;67,55
Nord Ovest;Piemonte;TO;H631;1;3
Sud;Puglia;LE;H632;9,5;11
Nord Ovest;Piemonte;CN;H633;0;1
Centro;Toscana;FI;H635;9,39;46,6
Sud;Basilicata;PZ;H641;2;1
Nord Est;Emilia-Romagna;RA;H642;26;99,33
Sud;Puglia;BA;H643;21;97,75
Sud;Campania;SA;H644;0;0
Sud;Puglia;BA;H645;80,85;53,67
Sud;Basilicata;PZ;H646;1;1
Centro;Lazio;LT;H647;25,5;78,36
Nord Ovest;Lombardia;BS;H650;6;24,97
Nord Ovest;Lombardia;MN;H652;3,5;22
Sud;Campania;SA;H654;5,01;2
Nord Est;Veneto;PD;H655;2,5;48
Nord Est;Friuli- Venezia Giulia;PN;H657;60,26;173,06
Centro;Lazio;RM;H658;16,35;29,88
Isole;Sardegna;NU;H659;2;0
Isole;Sardegna;NU;H661;0;1
Nord Ovest;Piemonte;BI;H662;8;18
Nord Ovest;Valle d'Aosta;AO;H669;8;17
Nord Ovest;Valle d'Aosta;AO;H670;3;0
Nord Ovest;Valle d'Aosta;AO;H671;9;6
Nord Ovest;Valle d'Aosta;AO;H672;6;2
Nord Ovest;Valle d'Aosta;AO;H673;0;2
Nord Ovest;Valle d'Aosta;AO;H674;22,73;31
Nord Ovest;Valle d'Aosta;AO;H675;1,03;3,62
Nord Ovest;Valle d'Aosta;AO;H676;22,91;35,1
Nord Ovest;Piemonte;AL;H677;3;4
Nord Est;Emilia-Romagna;BO;H678;13,75;110,85
Nord Ovest;Lombardia;CO;H679;7,67;4,17
Nord Ovest;Piemonte;BI;H681;6;9
Nord Est;Emilia-Romagna;PR;H682;11,5;58,73
Sud;Campania;SA;H683;6;15,75
Nord Ovest;Piemonte;TO;H684;1;2
Sud;Campania;SA;H686;0;1
Sud;Basilicata;MT;H687;4;0
Isole;Sicilia;TP;H688;2;4
Nord Est;Veneto;RO;H689;0;1,5
Nord Ovest;Piemonte;VC;H690;1;3
Nord Ovest;Piemonte;TO;H691;2;20
Sud;Molise;CB;H693;2;2
Nord Ovest;Piemonte;AL;H694;2;18
Nord Ovest;Piemonte;CN;H695;4;2
Nord Ovest;Lombardia;BS;H699;3;26,22
Isole;Sicilia;TP;H700;16,75;13,75
Nord Ovest;Lombardia;LO;H701;1;30,63
Nord Ovest;Piemonte;TO;H702;2;6
Sud;Campania;SA;H703;258,71;720,88
Nord Ovest;Piemonte;CN;H704;1;1,25
Nord Est;Veneto;TV;H706;7;69,73
Nord Ovest;Piemonte;VC;H707;0;0
Sud;Puglia;LE;H708;2;12,5
Nord Ovest;Piemonte;CN;H710;2;10
Nord Est;Veneto;VR;H712;4;2
Centro;Lazio;RI;H713;0;2
Nord Est;Veneto;VR;H714;4;21,67
Sud;Abruzzo;PE;H715;0;0
Nord Ovest;Piemonte;CN;H716;1;4
Nord Ovest;Lombardia;BS;H717;22,25;138,03
Nord Est;Emilia-Romagna;PR;H720;90,49;281,99
Nord Ovest;Lombardia;VA;H723;14,67;32,5
Nord Est;Emilia-Romagna;RN;H724;2;38,5
Nord Ovest;Piemonte;VC;H725;11,63;26
Nord Ovest;Piemonte;BI;H726;17;26
Nord Ovest;Piemonte;CN;H727;94,03;121,4
Sud;Puglia;LE;H729;5,5;6
Sud;Basilicata;PZ;H730;1;0
Nord Ovest;Lombardia;CR;H731;0;5
Sud;Campania;SA;H732;0;2
Sud;Campania;AV;H733;5;5
Nord Ovest;Piemonte;TO;H734;4,66;1
Nord Est;Veneto;VE;H735;3,75;166,51
Nord Ovest;Lombardia;VA;H736;45,01;171,5
Isole;Sardegna;CA;H738;0;0
Isole;Sardegna;CA;H739;0;0
Isole;Sicilia;AG;H743;20,25;8
Centro;Toscana;PT;H744;4;11
Centro;Lazio;RM;H745;1;0
Nord Ovest;Piemonte;CN;H746;1;0
Sud;Puglia;BA;H749;16,24;25
Nord Ovest;Lombardia;SO;H752;20,57;12,25
Nord Ovest;Piemonte;TO;H753;2;12,5
Nord Ovest;Piemonte;CN;H755;22,17;36
Isole;Sardegna;OR;H756;0,33;1
Sud;Puglia;LE;H757;4,5;1
Nord Ovest;Lombardia;CO;H760;1,33;3
Nord Ovest;Liguria;IM;H763;28,39;98,23
Sud;Campania;BN;H764;1;1
Sud;Calabria;CS;H765;0;0
Isole;Sardegna;CA;H766;0;0
Nord Ovest;Lombardia;CR;H767;0;8,83
Nord Est;Veneto;RO;H768;0;4,34
Centro;Marche;AP;H769;124,68;317,01
Nord Ovest;Piemonte;CN;H770;0;1
Nord Ovest;Lombardia;MN;H771;12,5;56
Sud;Abruzzo;AQ;H772;5;3,89
Sud;Abruzzo;AQ;H773;1,5;0
Sud;Calabria;CS;H774;4;0
Nord Ovest;Piemonte;TO;H775;13;80,5
Nord Ovest;Piemonte;VB;H777;5;6
Isole;Sicilia;AG;H778;5,1;4,5
Centro;Lazio;FR;H779;1;0
Nord Ovest;Liguria;IM;H780;6;2
Nord Est;Veneto;TV;H781;32,37;143,41
Sud;Molise;CB;H782;0;0
Nord Est;Veneto;VR;H783;28,89;267,45
Sud;Abruzzo;CH;H784;4;7
Sud;Calabria;VV;H785;1;0
Nord Ovest;Piemonte;TO;H789;5;13
Centro;Toscana;SI;H790;14;11,66
Centro;Toscana;FI;H791;37,6;79,58
Isole;Sicilia;CL;H792;20,73;65,28
Sud;Puglia;LE;H793;3;34,7
Nord Est;Emilia-Romagna;MO;H794;24,5;97,22
Sud;Basilicata;PZ;H795;2;0
Sud;Basilicata;PZ;H796;4;2
Isole;Sicilia;PA;H797;1;0
Sud;Campania;CE;H798;0,5;1
Nord Ovest;Lombardia;PV;H799;0;1
Sud;Campania;SA;H800;10,55;30
Nord Est;Emilia-Romagna;RN;H801;2;85,67
Nord Ovest;Liguria;GE;H802;12,16;10,66
Nord Ovest;Lombardia;MI;H803;23;68,5
Nord Ovest;Piemonte;TO;H804;0;0,5
Isole;Sicilia;CT;H805;2;4,33
Sud;Calabria;CS;H806;2;1
Sud;Calabria;VV;H807;1;0
Sud;Basilicata;PZ;H808;2;1
Centro;Marche;PS;H809;7;30,49
Nord Ovest;Piemonte;AL;H810;0;0
Nord Ovest;Piemonte;AT;H811;7;49,66
Nord Ovest;Piemonte;CN;H812;1;2
Nord Ovest;Lombardia;PV;H814;4;2
Nord Ovest;Lombardia;CR;H815;0;7,71
Nord Est;Friuli- Venezia Giulia;UD;H816;11;75,39
Sud;Calabria;CS;H818;4,34;1,67
Sud;Abruzzo;AQ;H819;2,11;3
Nord Ovest;Piemonte;TO;H820;1;4
Nord Ovest;Piemonte;BI;H821;8;31,02
Sud;Puglia;BR;H822;1;15,5
Nord Est;Veneto;VE;H823;76,5;545,15
Centro;Lazio;FR;H824;15;3
Sud;Calabria;CS;H825;2,5;0
Sud;Puglia;LE;H826;3;6,75
Nord Ovest;Lombardia;MI;H827;120,5;296,67
Nord Est;Veneto;VI;H829;15,5;93,7
Sud;Basilicata;PZ;H831;9;3
Sud;Molise;CB;H833;1;0
Sud;Campania;CE;H834;7,75;20,5
Nord Est;Emilia-Romagna;MO;H835;12,67;130,64
Centro;Lazio;LT;H836;17;14,33
Nord Ovest;Lombardia;BS;H838;13;39
Sud;Puglia;FG;H839;6,25;46,99
Nord Ovest;Lombardia;CO;H840;14,19;102,57
Sud;Calabria;CS;H841;1;2
Isole;Sicilia;ME;H842;12,99;9,33
Nord Est;Veneto;TV;H843;13;49,83
Nord Ovest;Lombardia;LO;H844;3;24
Sud;Calabria;CZ;H846;5;2
Nord Ovest;Piemonte;TO;H847;10;34,45
Isole;Sardegna;SS;H848;1;14,33
Isole;Sicilia;ME;H850;6,5;5
Nord Ovest;Piemonte;CN;H851;7;20
Nord Ovest;Piemonte;CN;H852;5;19,08
Nord Ovest;Piemonte;TO;H855;10;33
Isole;Sardegna;CA;H856;1;3
Centro;Umbria;TR;H857;8,5;23
Nord Ovest;Lombardia;PV;H859;13;45
Sud;Campania;NA;H860;11;18
Nord Ovest;Piemonte;VC;H861;3;14
Nord Ovest;Piemonte;TO;H862;10,2;11
Nord Ovest;Lombardia;BS;H865;1;18,5
Sud;Molise;CB;H867;3;3,17
Nord Ovest;Lombardia;SO;H868;18,75;0,75
Nord Ovest;Lombardia;MN;H870;1;6,5
Nord Ovest;Lombardia;VA;H872;5;18
Nord Ovest;Piemonte;TO;H873;7;36,5
Centro;Toscana;SI;H875;21,68;34,2
Centro;Marche;MC;H876;18,94;8
Sud;Calabria;CS;H877;1;2
Nord Ovest;Piemonte;AL;H878;1;7,67
Centro;Lazio;FR;H880;3;0
Sud;Calabria;CS;H881;0;0
Sud;Puglia;TA;H882;14,5;49,78
Nord Ovest;Lombardia;MN;H883;8,33;136,41
Nord Ovest;Lombardia;MI;H884;18,67;106,14
Nord Ovest;Lombardia;PV;H885;2;7
Nord Est;Emilia-Romagna;PC;H887;10;57,84
Sud;Basilicata;MT;H888;0;0
Sud;Calabria;RC;H889;3;1
Nord Ovest;Piemonte;TO;H890;2,5;17,5
Nord Est;Friuli- Venezia Giulia;PN;H891;12,5;15,5
Sud;Campania;NA;H892;55;88,06
Nord Est;Veneto;PD;H893;2;99,06
Sud;Campania;BN;H894;11;48,33
Nord Est;Friuli- Venezia Giulia;UD;H895;14,1;60,17
Nord Est;Emilia-Romagna;BO;H896;18,9;152,4
Nord Est;Veneto;PD;H897;4;37
Sud;Campania;BN;H898;2;3
Nord Ovest;Piemonte;AT;H899;0;1
Nord Ovest;Piemonte;TO;H900;2,5;9
Centro;Toscana;AR;H901;45,04;71,78
Sud;Calabria;RC;H903;0;2
Nord Est;Friuli- Venezia Giulia;UD;H906;15;49,61
Sud;Campania;SA;H907;5,22;7,22
Nord Ovest;Lombardia;BG;H910;15,06;38,43
Nord Ovest;Lombardia;MN;H912;0;6
Centro;Lazio;VT;H913;4,5;6
Isole;Sicilia;AG;H914;8,49;5
Nord Est;Veneto;VR;H916;6;25,2
Centro;Lazio;FR;H917;0;1
Nord Ovest;Lombardia;CR;H918;1;12
Sud;Calabria;CS;H919;17,73;21
Sud;Molise;CB;H920;2;1
Nord Est;Emilia-Romagna;RN;H921;9;39,16
Isole;Sicilia;CT;H922;15,33;139,36
Sud;Abruzzo;CH;H923;1;0
Nord Est;Veneto;VR;H924;41,22;244,53
Sud;Puglia;FG;H926;34,63;111,21
Sud;Molise;CB;H928;2;0
Sud;Molise;CB;H929;1;3,63
Nord Ovest;Lombardia;MI;H930;186,54;437,06
Sud;Campania;NA;H931;14,42;11,5
Isole;Sicilia;PA;H933;3;2,5
Centro;Umbria;PG;H935;25,67;47,58
Nord Ovest;Piemonte;TO;H936;1;34
Centro;Toscana;FI;H937;1,7;6,5
Nord Est;Veneto;BL;H938;0;7,75
Sud;Campania;CE;H939;3;0
Isole;Sicilia;CT;H940;12;77,34
Sud;Calabria;VV;H941;1;0
Centro;Lazio;RM;H942;3;3
Sud;Campania;SA;H943;3;4
Nord Est;Veneto;VR;H944;6,5;49,5
Nord Est;Emilia-Romagna;BO;H945;129;428,36
Nord Est;Emilia-Romagna;RN;H949;6,5;13
Nord Est;Friuli- Venezia Giulia;UD;H951;1;4
Sud;Campania;BN;H953;0,33;0
Sud;Campania;BN;H955;4,5;0
Nord Ovest;Liguria;IM;H957;16;23
Centro;Marche;PS;H958;5;9
Sud;Calabria;RC;H959;1;2
Sud;Calabria;CS;H961;1;0
Sud;Calabria;CS;H962;2;5
Sud;Campania;BN;H967;1,66;0
Centro;Lazio;VT;H969;1;8
Sud;Calabria;RC;H970;0;0
Sud;Calabria;CS;H971;6;2,88
Sud;Campania;BN;H973;0;0
Isole;Sardegna;CA;H974;3,83;8
Sud;Campania;AV;H975;0;11
Sud;Calabria;CZ;H976;1;0
Sud;Campania;SA;H977;5;10
Sud;Campania;CE;H978;5,54;67,48
Centro;Marche;AN;H979;1;13
Sud;Calabria;CS;H981;5;4
Isole;Sicilia;ME;H982;1;0
Sud;Campania;BN;H984;2;0
Sud;Puglia;FG;H985;15,15;58,88
Sud;Puglia;FG;H986;0;2
Nord Ovest;Piemonte;AT;H987;0;2,5
Sud;Molise;CB;H990;4;5,75
Sud;Abruzzo;CH;H991;0,5;5
Sud;Calabria;CS;H992;3;0
Sud;Basilicata;PZ;H994;0;1
Nord Est;Veneto;RO;H996;3;20,13
Nord Ovest;Piemonte;TO;H997;1;7
Nord Est;Friuli- Venezia Giulia;PN;H999;0;2,13
Sud;Campania;BN;I002;5,5;4,1
Nord Est;Veneto;VR;I003;52,53;229,43
Nord Ovest;Lombardia;MN;I005;2;12,83
Nord Ovest;Lombardia;CR;I007;0;2
Nord Est;Veneto;PD;I008;15,11;78,83
Nord Est;Emilia-Romagna;RE;I011;13,5;120,27
Nord Ovest;Lombardia;LO;I012;6,5;57,5
Nord Ovest;Lombardia;PV;I014;11,44;114,46
Sud;Campania;AV;I016;11,33;3,5
Nord Ovest;Piemonte;AT;I017;1;3
Sud;Puglia;TA;I018;2;7
Sud;Campania;SA;I019;8,8;16
Sud;Molise;CB;I023;2;21,44
Nord Ovest;Piemonte;TO;I024;19;116,28
Nord Ovest;Piemonte;NO;I025;2;11
Sud;Calabria;KR;I026;1;2
Nord Est;Emilia-Romagna;FO;I027;17,01;127,77
Isole;Sicilia;PA;I028;4,84;0
Sud;Basilicata;MT;I029;2;0
Nord Ovest;Piemonte;TO;I030;97,5;190,56
Sud;Campania;SA;I031;4;3,04
Sud;Campania;SA;I032;4;0
Sud;Campania;AV;I034;10;4
Isole;Sicilia;CT;I035;4;3
Nord Ovest;Piemonte;CN;I037;8;14
Nord Est;Veneto;VE;I040;16,27;293,17
Sud;Puglia;BR;I045;1;13,5
Centro;Toscana;PI;I046;48,6;155,48
Nord Ovest;Lombardia;PV;I048;16,5;48,91
Sud;Campania;BN;I049;2;1
Nord Ovest;Lombardia;CO;I051;0;0
Nord Ovest;Piemonte;NO;I052;2;9,17
Sud;Puglia;BA;I053;9,33;49
Sud;Puglia;FG;I054;16,69;59,59
Sud;Campania;CE;I056;19;155,91
Sud;Calabria;KR;I057;0;0
Sud;Calabria;VV;I058;0,22;1
Sud;Puglia;LE;I059;6,68;16,18
Sud;Calabria;CS;I060;10;4
Sud;Campania;AV;I061;1;0,78
Sud;Campania;BN;I062;6;4
Nord Est;Veneto;BL;I063;1,38;5
Sud;Puglia;BR;I066;3;9,84
Centro;Marche;AN;I071;5,75;1
Sud;Puglia;FG;I072;6,75;16,19
Sud;Campania;NA;I073;5;12,67
Nord Ovest;Piemonte;AT;I076;0;3,75
Nord Ovest;Lombardia;BG;I079;22,81;33,76
Isole;Sicilia;ME;I084;3;0
Isole;Sicilia;ME;I086;4,25;2
Nord Est;Veneto;BL;I088;5,14;8,62
Sud;Campania;SA;I089;0;3
Nord Ovest;Piemonte;TO;I090;1,99;10,66
Nord Est;Friuli- Venezia Giulia;UD;I092;4;21
Sud;Calabria;CZ;I093;8;2
Sud;Calabria;CZ;I095;1;0
Sud;Molise;IS;I096;0;0,5
Isole;Sicilia;CT;I098;3,2;52
Sud;Calabria;RC;I102;3;0
Nord Est;Veneto;TV;I103;7;33,17
Nord Est;Veneto;VR;I105;8;17,16
Nord Est;Veneto;PD;I107;0;29
Sud;Calabria;CS;I108;0;0
Nord Est;Veneto;VR;I109;48,37;114,29
Nord Est;Emilia-Romagna;BO;I110;31,08;193,85
Sud;Campania;CE;I113;0;0
Sud;Calabria;CS;I114;0;0
Sud;Puglia;LE;I115;2;8,14
Nord Ovest;Piemonte;NO;I116;6;20
Nord Est;Veneto;VI;I117;3,5;7
Isole;Sardegna;CA;I118;0;3
Sud;Puglia;BR;I119;3;23,17
Nord Est;Veneto;PD;I120;1;25,4
Sud;Abruzzo;AQ;I121;0;0
Sud;Molise;CB;I122;1;0
Nord Est;Emilia-Romagna;RE;I123;8;73,92
Nord Est;Veneto;TV;I124;6,03;19
Centro;Lazio;RM;I125;6,25;11
Nord Ovest;Piemonte;TO;I126;0;0
Nord Est;Emilia-Romagna;MO;I128;3;28,5
Sud;Campania;AV;I129;4;4
Sud;Campania;CE;I130;0;1
Sud;Campania;CE;I131;12,8;81,01
Sud;Calabria;RC;I132;1;0
Nord Est;Emilia-Romagna;MO;I133;24;108,78
Centro;Toscana;SI;I135;4;11,66
Nord Est;Friuli- Venezia Giulia;PN;I136;11,83;48,65
Nord Ovest;Piemonte;TO;I137;5;27,5
Nord Ovest;Liguria;IM;I138;424,45;538,03
Sud;Calabria;RC;I139;0;1
Nord Ovest;Lombardia;LO;I140;2,25;47,83
Centro;Toscana;LU;I142;1,33;3,33
Sud;Campania;SA;I143;1;4,25
Nord Ovest;Piemonte;AL;I144;10;24,51
Sud;Campania;BN;I145;4;6
Isole;Sicilia;ME;I147;2;0
Sud;Abruzzo;CH;I148;18,5;191,13
Nord Ovest;Piemonte;AL;I150;1;2
Sud;Campania;NA;I151;13;22,42
Nord Ovest;Piemonte;TO;I152;6;26,5
Nord Est;Emilia-Romagna;PR;I153;9;38,48
Nord Ovest;Piemonte;TO;I154;20;42
Centro;Toscana;AR;I155;31,5;75,52
Centro;Marche;MC;I156;33,2;62,84
Sud;Basilicata;PZ;I157;4;1
Sud;Puglia;FG;I158;53,21;230,2
Nord Ovest;Lombardia;CO;I162;33;29,66
Sud;Campania;AV;I163;6;1
Sud;Calabria;CZ;I164;0;0
Sud;Calabria;CS;I165;2;2
Isole;Sardegna;CA;I166;1;23
Nord Ovest;Lombardia;BG;I168;6,08;7,5
Isole;Sicilia;CL;I169;6,42;5
Sud;Calabria;CZ;I170;5;3,5
Sud;Calabria;CS;I171;0;0
Sud;Puglia;LE;I172;0;14,5
Isole;Sicilia;PA;I174;2;0
Nord Ovest;Lombardia;PV;I175;10,07;16
Sud;Calabria;RC;I176;0;0
Centro;Toscana;PI;I177;16,17;102,75
Isole;Sicilia;RG;I178;17,55;43,34
Sud;Campania;BN;I179;0;0
Sud;Molise;CB;I181;0;4
Isole;Sardegna;CA;I182;0;0
Sud;Calabria;CS;I183;2;2
Isole;Sicilia;ME;I184;0;1
Isole;Sicilia;AG;I185;1;0
Centro;Toscana;GR;I187;7,17;25
Isole;Sicilia;PA;I188;16,08;12
Sud;Molise;IS;I189;2;2
Nord Ovest;Piemonte;AL;I190;2;1
Nord Est;Emilia-Romagna;BO;I191;13,75;93,61
Sud;Calabria;CS;I192;2;2
Sud;Puglia;FG;I193;4;2
Nord Est;Emilia-Romagna;RA;I196;0;9,95
Sud;Campania;BN;I197;22,83;9,13
Sud;Calabria;RC;I198;0;0
Isole;Sicilia;ME;I199;21,2;33,5
Nord Est;Emilia-Romagna;RN;I201;3;3,6
Isole;Sicilia;CT;I202;9,65;55,95
Nord Ovest;Lombardia;PV;I203;0;9
Isole;Sardegna;OR;I205;1;5
Nord Est;Veneto;BL;I206;10,61;40,84
Nord Est;Veneto;PD;I207;3;29
Sud;Campania;NA;I208;6,11;24,08
Nord Ovest;Piemonte;CN;I210;1;9
Nord Ovest;Lombardia;PV;I213;2;15
Sud;Calabria;RC;I214;0;0
Isole;Sicilia;ME;I215;4,33;18,5
Isole;Sicilia;CT;I216;12,5;6
Centro;Toscana;PI;I217;7;10
Sud;Campania;AV;I219;1,15;2,3
Isole;Sicilia;ME;I220;8;6,44
Nord Est;Veneto;TV;I221;23,5;86,66
Isole;Sicilia;AG;I224;13,74;22,5
Nord Ovest;Liguria;GE;I225;48,98;153,92
Nord Ovest;Lombardia;PV;I230;2,4;2,2
Centro;Toscana;PI;I232;25,51;90,89
Sud;Campania;CE;I233;11,25;66,44
Sud;Campania;CE;I234;43;182,99
Nord Ovest;Lombardia;PV;I236;8;64,5
Nord Ovest;Lombardia;PV;I237;2;12,5
Sud;Molise;IS;I238;3;1
Isole;Sicilia;CT;I240;16,5;15,99
Nord Est;Veneto;VE;I242;24,09;154,96
Nord Ovest;Lombardia;LC;I243;1;12
Sud;Abruzzo;CH;I244;1;14
Sud;Campania;CE;I247;1;4
Nord Est;Friuli- Venezia Giulia;UD;I248;4;17
Nord Ovest;Piemonte;VB;I249;15,17;46,17
Centro;Marche;AN;I251;2,33;18,94
Sud;Campania;SA;I253;7;15
Isole;Sicilia;ME;I254;2,27;1
Centro;Lazio;RM;I255;75,12;265,7
Centro;Lazio;FR;I256;0;0
Nord Ovest;Piemonte;TO;I258;6;45,5
Nord Est;Veneto;VR;I259;42;138,56
Sud;Campania;SA;I260;3;1
Sud;Campania;CE;I261;6;37
Sud;Campania;NA;I262;17,05;35,2
Centro;Umbria;PG;I263;0,5;0
Sud;Campania;AV;I264;7;1
Centro;Lazio;FR;I265;0;1
Sud;Calabria;CZ;I266;5,33;0
Isole;Sardegna;CA;I271;0;0
Sud;Campania;CE;I273;0;0
Nord Ovest;Lombardia;LO;I274;24;164,25
Nord Est;Veneto;PD;I275;7,5;60,15
Nord Ovest;Lombardia;PV;I276;0;13,5
Sud;Campania;BN;I277;3;2
Sud;Campania;SA;I278;1,5;1
Sud;Campania;AV;I279;3;2
Sud;Campania;AV;I280;1;0,75
Sud;Campania;AV;I281;10;13,67
Sud;Molise;IS;I282;1;0
Isole;Sicilia;ME;I283;2;0
Centro;Lazio;RM;I284;10,5;13
Centro;Marche;MC;I286;8,5;1
Centro;Marche;PS;I287;5;7
Sud;Basilicata;PZ;I288;5,67;0
Sud;Molise;CB;I289;0;0
Isole;Sicilia;AG;I290;1;1
Isole;Sicilia;TP;I291;7;10,67
Nord Est;Veneto;VR;I292;5,54;3,67
Sud;Campania;NA;I293;8,65;61,25
Isole;Sardegna;CA;I294;6,5;18,34
Nord Ovest;Piemonte;TO;I296;12;43
Isole;Sardegna;OR;I298;0;0
Sud;Campania;NA;I300;17,77;9,97
Sud;Campania;AV;I301;0;0
Centro;Lazio;FR;I302;5;3
Nord Est;Emilia-Romagna;RN;I304;16,66;141,8
Sud;Basilicata;PZ;I305;6,22;7
Sud;Campania;CE;I306;26,05;66
Sud;Campania;SA;I307;2;4
Sud;Calabria;KR;I308;5;2,11
Sud;Calabria;CS;I309;3;3
Nord Est;Emilia-Romagna;FO;I310;3;15,68
Isole;Sicilia;ME;I311;10;22,67
Isole;Sardegna;SS;I312;9;76,75
Isole;Sicilia;CT;I314;25,5;20,67
Centro;Marche;AP;I315;0;0,17
Nord Ovest;Piemonte;CN;I316;8,07;23
Sud;Campania;SA;I317;6;7
Sud;Abruzzo;TE;I318;7;27,39
Nord Est;Veneto;PD;I319;0;20,8
Sud;Molise;CB;I320;1,5;2
Centro;Lazio;FR;I321;6,62;6,5
Sud;Calabria;CZ;I322;1;0
Centro;Marche;AP;I324;8,25;54
Sud;Abruzzo;AQ;I326;1;10
Nord Ovest;Piemonte;TO;I327;16,5;98,91
Isole;Sicilia;ME;I328;2,84;5,02
Isole;Sardegna;NU;I329;15;88,5
Sud;Puglia;BA;I330;48,17;96,85
Sud;Abruzzo;PE;I332;0;0
Sud;Calabria;RC;I333;1;1
Sud;Abruzzo;CH;I335;2;2
Sud;Abruzzo;AQ;I336;0;1
Nord Ovest;Piemonte;VC;I337;20;76,67
Centro;Lazio;LT;I339;9,5;3,76
Sud;Calabria;RC;I341;0;0
Nord Est;Emilia-Romagna;RE;I342;36,41;135,67
Centro;Marche;PS;I344;1;3,67
Nord Ovest;Liguria;GE;I346;21;18,5
Nord Est;Veneto;BL;I347;7,5;11,5
Sud;Abruzzo;TE;I348;7;14,33
Sud;Calabria;VV;I350;1,5;0
Centro;Lazio;FR;I351;4;1
Centro;Lazio;RM;I352;9,67;5,89
Nord Est;Veneto;VI;I353;2;38,56
Isole;Sicilia;AG;I356;10;4
Sud;Campania;AV;I357;1,25;2
Sud;Calabria;CS;I359;0;2
Sud;Abruzzo;AQ;I360;1;0
Nord Ovest;Lombardia;MI;I361;17,33;61,17
Nord Ovest;Lombardia;LO;I362;3;9
Nord Ovest;Liguria;SP;I363;41,72;70,82
Centro;Lazio;FR;I364;1;1
Nord Ovest;Liguria;IM;I365;21;48,94
Nord Ovest;Piemonte;CN;I367;7,33;19,83
Nord Ovest;Liguria;GE;I368;5,21;17,3
Isole;Sicilia;ME;I370;4,25;4
Sud;Calabria;RC;I371;0;0
Nord Ovest;Piemonte;CN;I372;2;8
Nord Est;Veneto;VE;I373;8,28;92,47
Isole;Sardegna;OR;I374;4;2
Nord Est;Veneto;PD;I375;0;13
Sud;Abruzzo;PE;I376;5,5;5
Sud;Campania;SA;I377;10,2;29,5
Centro;Umbria;TR;I381;5;7,5
Nord Est;Veneto;TV;I382;17,75;114,75
Isole;Sardegna;OR;I384;0;2
Sud;Calabria;CS;I388;2;5
Sud;Abruzzo;AQ;I389;4;1
Centro;Toscana;LI;I390;27,23;90,09
Sud;Campania;NA;I391;10,9;44,5
Nord Est;Veneto;BL;I392;18,43;54,58
Sud;Calabria;CZ;I393;1;1
Sud;Abruzzo;CH;I394;4;41
Sud;Puglia;BR;I396;18,26;40,2
Centro;Lazio;RM;I400;6,67;11
Nord Est;Veneto;VI;I401;4,66;26
Isole;Sardegna;CA;I402;1;0
Nord Est;Friuli- Venezia Giulia;PN;I403;37,19;126,45
Nord Est;Friuli- Venezia Giulia;UD;I405;3;9
Isole;Sicilia;TP;I407;5,03;23,55
Centro;Lazio;FR;I408;0;1
Nord Ovest;Lombardia;MI;I409;38,5;129,03
Sud;Campania;SA;I410;3;1
Nord Ovest;Lombardia;BS;I412;7,17;49,89
Nord Est;Veneto;VR;I414;5,13;41,28
Nord Ovest;Lombardia;MI;I415;6;51,91
Nord Ovest;Lombardia;PV;I416;2;3
Nord Est;Veneto;TV;I417;7,17;46
Nord Est;Veneto;PD;I418;7,25;98,17
Isole;Sicilia;ME;I420;4;5
Nord Est;Friuli- Venezia Giulia;UD;I421;17,44;30,14
Sud;Campania;SA;I422;11,78;5,94
Sud;Calabria;CS;I423;4,05;1
Centro;Lazio;RM;I424;0;0
Nord Est;Veneto;VI;I425;3,69;26,4
Sud;Basilicata;PZ;I426;0,32;2
Isole;Sardegna;CA;I428;0;0
Nord Ovest;Piemonte;AL;I429;0;1
Nord Est;Veneto;VI;I430;3,74;50,25
Nord Ovest;Piemonte;AL;I432;0;8
Nord Ovest;Lombardia;BS;I433;19,31;101,63
Nord Est;Emilia-Romagna;PC;I434;1;20,5
Nord Est;Veneto;TV;I435;2;11,45
Centro;Marche;MC;I436;16,19;8,67
Nord Ovest;Lombardia;BG;I437;21,19;130,07
Sud;Campania;SA;I438;33,5;62
Nord Ovest;Lombardia;VA;I441;189,82;499,49
Nord Ovest;Valle d'Aosta;AO;I442;26,91;34
Isole;Sardegna;CA;I443;0;1
Nord Est;Emilia-Romagna;FO;I444;2,33;7
Centro;Toscana;SI;I445;15,13;39,33
Nord Ovest;Lombardia;PV;I447;0;12
Isole;Sardegna;NU;I448;0;1
Nord Ovest;Liguria;SP;I449;41,31;152,08
Sud;Campania;SA;I451;2,5;3
Isole;Sardegna;SS;I452;128,35;688,54
Nord Ovest;Liguria;SV;I453;14,04;18,83
Centro;Toscana;LI;I454;7;9,65
Sud;Campania;BN;I455;2;1
Sud;Basilicata;PZ;I457;5;0
Nord Est;Emilia-Romagna;RN;I460;0;1
Centro;Marche;AN;I461;19;31,5
Nord Est;Emilia-Romagna;MO;I462;169,99;553,05
Sud;Calabria;CZ;I463;6;10
Nord Est;Friuli- Venezia Giulia;UD;I464;1;2,5
Nord Ovest;Piemonte;TO;I465;7;38,32
Nord Ovest;Piemonte;TO;I466;18,66;90,69
Sud;Puglia;TA;I467;8;20,5
Sud;Calabria;KR;I468;6,68;2,67
Sud;Campania;NA;I469;13,33;44,2
Nord Ovest;Piemonte;CN;I470;99,62;222,59
Sud;Campania;AV;I471;25;2
Nord Est;Emilia-Romagna;FO;I472;14;171,86
Nord Est;Emilia-Romagna;MO;I473;20,5;108,99
Nord Ovest;Liguria;GE;I475;22;13,33
Nord Ovest;Lombardia;BS;I476;4;4
Isole;Sicilia;ME;I477;1;1
Nord Est;Friuli- Venezia Giulia;UD;I478;1;1
Nord Ovest;Liguria;SV;I480;236,32;314,39
Sud;Abruzzo;PE;I482;5;7,07
Sud;Campania;SA;I483;32,67;130,63
Nord Ovest;Piemonte;CN;I484;0;0
Sud;Calabria;CS;I485;2;2
Sud;Campania;SA;I486;4,92;0
Nord Ovest;Lombardia;PV;I487;2;4,33
Sud;Calabria;CS;I489;83,23;45,09
Nord Ovest;Piemonte;TO;I490;7;41,5
Isole;Sicilia;ME;I492;2;1,83
Sud;Campania;AV;I493;2;0
Sud;Calabria;KR;I494;0;0
Nord Est;Emilia-Romagna;RE;I496;79,52;296,75
Nord Ovest;Lombardia;CR;I497;2;9
Nord Ovest;Lombardia;CR;I498;0;3
Centro;Lazio;RI;I499;9;8
Sud;Abruzzo;AQ;I501;6,5;7
Isole;Sardegna;OR;I503;1;3
Centro;Toscana;GR;I504;37,83;21,38
Nord Ovest;Lombardia;BG;I506;19,49;129,6
Sud;Molise;IS;I507;0;0
Centro;Toscana;GR;I510;2;51
Nord Ovest;Piemonte;TO;I511;4;9
Nord Ovest;Piemonte;CN;I512;8,5;15
Sud;Abruzzo;CH;I520;5;16
Centro;Umbria;PG;I522;8;10
Centro;Umbria;PG;I523;8;0
Sud;Abruzzo;CH;I526;4,13;5
Nord Est;Veneto;VI;I527;1;25
Nord Ovest;Lombardia;CO;I529;8,42;3,5
Nord Ovest;Lombardia;BG;I530;5,32;57,83
Nord Est;Veneto;VI;I531;56,7;467,51
Nord Ovest;Lombardia;MN;I532;3;10
Isole;Sicilia;AG;I533;46,95;33,08
Isole;Sicilia;PA;I534;2;1
Isole;Sicilia;RG;I535;36,82;50,56
Sud;Calabria;RC;I536;1;1
Sud;Calabria;RC;I537;4,2;1
Isole;Sicilia;PA;I538;0;0
Nord Ovest;Piemonte;TO;I539;6;21
Sud;Campania;NA;I540;10;71,33
Isole;Sicilia;PA;I541;2,15;0
Sud;Abruzzo;AQ;I543;1;1
Nord Ovest;Piemonte;VC;I544;3;1
Nord Ovest;Piemonte;VC;I545;4;25
Sud;Abruzzo;AQ;I546;2;13,38
Isole;Sicilia;CT;I548;7;25,64
Sud;Puglia;LE;I549;2;1
Nord Est;Veneto;VE;I551;21,66;214,98
Sud;Abruzzo;AQ;I553;6;6,67
Nord Ovest;Piemonte;AT;I555;0;2
Nord Ovest;Liguria;IM;I556;3,11;3
Sud;Abruzzo;AQ;I558;3;3,25
Sud;Puglia;LE;I559;2;1
Nord Ovest;Lombardia;LO;I561;1;18
Nord Est;Friuli- Venezia Giulia;UD;I562;4,5;14
Nord Est;Veneto;BL;I563;19;130,73
Isole;Sardegna;OR;I564;0;1
Isole;Sardegna;SS;I565;2;1
Nord Ovest;Lombardia;MI;I566;46,75;150
Nord Ovest;Lombardia;BG;I567;10,17;15,92
Centro;Marche;MC;I569;2;1
Isole;Sardegna;CA;I570;0;0
Centro;Toscana;GR;I571;9,5;22,83
Centro;Lazio;RM;I573;22,83;17,33
Nord Ovest;Lombardia;MI;I577;336,09;967,1
Nord Est;Veneto;TV;I578;3;9
Isole;Sardegna;CA;I580;41,96;169,77
Centro;Lazio;RI;I581;3;4
Isole;Sardegna;CA;I582;1;0
Centro;Umbria;PG;I585;2;7,5
Nord Ovest;Lombardia;BS;I588;1;3
Sud;Calabria;CZ;I589;2;0
Sud;Calabria;CZ;I590;7,5;1
Nord Est;Veneto;BL;I592;2,02;7,78
Nord Est;Veneto;VR;I594;6,5;2
Nord Est;Veneto;PD;I595;6;230,28
Nord Ovest;Lombardia;BG;I597;4,5;44,67
Isole;Sardegna;SS;I598;0;0
Nord Ovest;Lombardia;PV;I599;0;0
Sud;Calabria;RC;I600;0;1
Centro;Toscana;GR;I601;11;2
Nord Ovest;Lombardia;MI;I602;100,25;263,97
Isole;Sardegna;OR;I605;0,82;0
Sud;Campania;AV;I606;2;4
Nord Ovest;Lombardia;BS;I607;1;10
Centro;Marche;AN;I608;131,47;440,14
Isole;Sardegna;OR;I609;0;0
Sud;Basilicata;PZ;I610;11,58;3,5
Nord Ovest;Lombardia;CO;I611;5,08;34,12
Nord Ovest;Lombardia;LO;I612;3,5;17
Isole;Sardegna;OR;I613;0;0
Isole;Sardegna;SS;I614;4;5,67
Isole;Sardegna;CA;I615;2;15,4
Sud;Molise;CB;I618;4;2,5
Nord Est;Friuli- Venezia Giulia;PN;I621;3;12
Centro;Toscana;LU;I622;22,99;62
Isole;Sardegna;CA;I624;3;2
Nord Ovest;Lombardia;MI;I625;186,3;544,92
Nord Est;Veneto;BL;I626;3,5;5
Nord Ovest;Lombardia;CR;I627;4;36
Nord Ovest;Lombardia;BG;I628;68,19;327,41
Nord Ovest;Lombardia;BG;I629;10,58;44,1
Sud;Campania;AV;I630;6;8
Nord Ovest;Lombardia;BS;I631;9;20
Nord Ovest;Lombardia;MN;I632;15,5;57,5
Nord Ovest;Lombardia;BS;I633;32,32;200,55
Centro;Lazio;LT;I634;9;36,5
Nord Est;Veneto;TV;I635;10,45;37,7
Nord Ovest;Lombardia;SO;I636;1;2
Nord Ovest;Piemonte;AT;I637;1,5;0
Sud;Calabria;VV;I639;6,85;11
Nord Ovest;Liguria;GE;I640;26,83;29,5
Sud;Puglia;FG;I641;6;14,91
Sud;Calabria;CS;I642;0;0
Centro;Marche;AN;I643;2,75;12,34
Isole;Sicilia;CL;I644;2,4;10,29
Nord Ovest;Piemonte;AL;I645;0;7,5
Nord Ovest;Piemonte;CN;I646;0;0
Isole;Sardegna;CA;I647;1;0,33
Sud;Campania;SA;I648;2;0
Sud;Abruzzo;PE;I649;5;3
Centro;Marche;MC;I651;2,13;2,86
Sud;Campania;NA;I652;4,87;0
Centro;Marche;AN;I653;6,02;12,47
Centro;Marche;PS;I654;0;0,66
Sud;Calabria;CZ;I655;7;2
Sud;Calabria;RC;I656;1;1
Nord Ovest;Piemonte;AL;I657;10,76;57,93
Nord Ovest;Piemonte;CN;I659;1;3,5
Centro;Toscana;PT;I660;16,7;81,38
Centro;Marche;MC;I661;0,33;6,66
Nord Ovest;Lombardia;MN;I662;2;9
Nord Ovest;Piemonte;VC;I663;9;32,95
Sud;Campania;SA;I666;4;4
Isole;Sardegna;CA;I667;1;0
Isole;Sardegna;NU;I668;0;0
Centro;Lazio;FR;I669;7;2
Sud;Calabria;CZ;I671;12;5
Nord Est;Veneto;BL;I673;11;9,5
Sud;Campania;CE;I676;51,84;113,27
Sud;Campania;SA;I677;0,67;0
Nord Ovest;Piemonte;AT;I678;0;0
Sud;Molise;IS;I679;5,89;0
Centro;Toscana;AR;I681;2,34;1
Sud;Molise;IS;I682;3;5
Nord Ovest;Lombardia;CR;I683;3;21,62
Centro;Toscana;FI;I684;97,6;326,84
Nord Est;Friuli- Venezia Giulia;PN;I686;9;38,74
Nord Ovest;Lombardia;VA;I688;41,85;157,17
Nord Est;Emilia-Romagna;MO;I689;22,5;45,17
Nord Ovest;Lombardia;MI;I690;380,92;839,61
Nord Ovest;Piemonte;TO;I692;32,5;269,55
Nord Ovest;Liguria;GE;I693;98,27;173,75
Isole;Sardegna;CA;I695;21,1;91,8
Nord Ovest;Lombardia;MI;I696;16;98,16
Centro;Lazio;FR;I697;0;0
Nord Ovest;Piemonte;AT;I698;1;3,5
Isole;Sardegna;CA;I699;8;20
Nord Ovest;Lombardia;MI;I700;52,52;199,4
Nord Ovest;Piemonte;TO;I701;2;3,5
Nord Ovest;Piemonte;TO;I702;9,96;5
Nord Ovest;Piemonte;TO;I703;180,7;405,83
Sud;Calabria;CZ;I704;2;2
Isole;Sardegna;CA;I705;0;0
Isole;Sardegna;NU;I706;2;0
Isole;Sardegna;NU;I707;1;1
Nord Ovest;Lombardia;MI;I709;77,58;335,13
Nord Ovest;Piemonte;AL;I711;2;5,5
Centro;Lazio;LT;I712;19,26;14
Centro;Lazio;FR;I716;12,17;5
Isole;Sardegna;OR;I717;0;0
Isole;Sardegna;OR;I718;0;0
Sud;Campania;SA;I720;10,33;21,04
Isole;Sardegna;OR;I721;0;0
Isole;Sicilia;AG;I723;9,83;1
Isole;Sardegna;CA;I724;0;0
Sud;Calabria;RC;I725;7;12
Centro;Toscana;SI;I726;122,27;338,13
Centro;Umbria;PG;I727;1,66;7,56
Centro;Toscana;FI;I728;20;104,34
Isole;Sardegna;NU;I730;0;2
Isole;Sardegna;SS;I732;1;2
Isole;Sardegna;CA;I734;0,83;1
Isole;Sardegna;CA;I735;0;0
Nord Ovest;Piemonte;NO;I736;1;5,5
Nord Ovest;Piemonte;AL;I738;7,5;5,5
Nord Ovest;Lombardia;PV;I739;2;1
Sud;Abruzzo;TE;I741;35,54;151,12
Isole;Sardegna;OR;I742;0;0
Isole;Sardegna;OR;I743;0;2
Sud;Calabria;VV;I744;0;0
Sud;Calabria;CZ;I745;1;5
Isole;Sicilia;ME;I747;10;1
Isole;Sardegna;NU;I748;1;3
Isole;Sardegna;OR;I749;0;0
Nord Ovest;Piemonte;CN;I750;3;3
Isole;Sardegna;NU;I751;3,25;11
Isole;Sardegna;CA;I752;8;47
Sud;Calabria;RC;I753;0;0
Isole;Sicilia;SR;I754;55,36;466,3
Sud;Campania;AV;I756;2,5;16
Isole;Sardegna;OR;I757;0;0
Centro;Marche;AN;I758;4;24,4
Nord Ovest;Lombardia;LC;I759;3,07;18,67
Nord Ovest;Lombardia;LC;I761;7,04;27,39
Isole;Sardegna;CA;I765;0,93;1
Nord Ovest;Piemonte;NO;I767;1;3
Centro;Marche;AP;I774;1,5;0,5
Nord Est;Veneto;VR;I775;8,67;77,12
Nord Est;Friuli- Venezia Giulia;UD;I777;4;2,5
Isole;Sardegna;OR;I778;0;0
Nord Est;Emilia-Romagna;FO;I779;2;18,75
Sud;Puglia;LE;I780;0;3
Nord Ovest;Piemonte;AT;I781;0;0
Nord Ovest;Lombardia;BS;I782;5;69,57
Nord Est;Veneto;VI;I783;4;12,92
Isole;Sicilia;SR;I785;1;7,5
Nord Ovest;Lombardia;MI;I786;77,13;214,45
Nord Est;Emilia-Romagna;RA;I787;4;22,5
Nord Ovest;Lombardia;CR;I790;0;2
Isole;Sardegna;OR;I791;2;2
Nord Ovest;Lombardia;VA;I793;20,75;88,33
Nord Ovest;Lombardia;VA;I794;29;77,16
Nord Ovest;Liguria;IM;I796;2;0
Isole;Sardegna;CA;I797;0;0
Nord Ovest;Piemonte;AL;I798;2;13,5
Nord Est;Veneto;PD;I799;1,7;53,32
Sud;Puglia;LE;I800;5;6,5
Nord Ovest;Lombardia;MN;I801;4;17
Nord Est;Emilia-Romagna;MO;I802;20;163,46
Nord Est;Emilia-Romagna;PR;I803;6;23
Sud;Abruzzo;AQ;I804;40,46;87,74
Sud;Campania;AV;I805;13,33;38,34
Nord Ovest;Piemonte;AL;I808;0;4
Sud;Campania;BN;I809;5;0
Nord Ovest;Lombardia;BG;I812;8,5;28,5
Nord Ovest;Lombardia;BG;I813;2;18,5
Nord Ovest;Lombardia;LO;I815;5;27,06
Nord Ovest;Piemonte;CN;I817;1;1
Nord Ovest;Lombardia;VA;I819;79,7;242,51
Sud;Campania;NA;I820;23,33;37,08
Nord Est;Veneto;VR;I821;16,67;106,85
Nord Ovest;Piemonte;CN;I822;14;55,5
Nord Ovest;Piemonte;CN;I823;5;19
Isole;Sicilia;CL;I824;5;16,83
Nord Ovest;Lombardia;PV;I825;0;2
Nord Est;Veneto;VR;I826;38,22;134,41
Nord Ovest;Lombardia;CR;I827;7;51,8
Nord Ovest;Lombardia;SO;I828;15,01;14,51
Nord Ovest;Lombardia;SO;I829;159,34;244,95
Nord Ovest;Lombardia;BG;I830;3;20,5
Nord Ovest;Lombardia;BS;I831;0;3
Centro;Lazio;LT;I832;9;7,5
Centro;Lazio;FR;I838;15,5;25
Nord Est;Emilia-Romagna;PR;I840;4;42,64
Centro;Toscana;GR;I841;17;5,5
Sud;Campania;AV;I843;0;1
Sud;Calabria;CZ;I844;8,66;2
Nord Ovest;Piemonte;BI;I847;8;14
Nord Ovest;Lombardia;LO;I848;13;49,17
Nord Ovest;Lombardia;CR;I849;14,5;105,49
Nord Est;Veneto;VR;I850;1;22,5
Isole;Sardegna;NU;I851;0;0
Nord Ovest;Liguria;GE;I852;16;25,12
Sud;Calabria;VV;I853;1;1
Sud;Calabria;VV;I854;7;0
Centro;Lazio;VT;I855;28,67;31,33
Nord Ovest;Lombardia;CO;I856;12,69;10,2
Nord Ovest;Piemonte;NO;I857;0;2
Nord Ovest;Lombardia;BG;I858;14,75;79,77
Nord Ovest;Lombardia;CO;I860;7,02;4
Isole;Sardegna;OR;I861;0;0
Sud;Campania;NA;I862;21,17;26,25
Isole;Sardegna;SS;I863;16;22,5
Isole;Sicilia;SR;I864;6,75;22,89
Nord Ovest;Lombardia;CR;I865;1;36
Nord Est;Veneto;BL;I866;3;15,3
Nord Est;Veneto;VI;I867;1;22,59
Nord Ovest;Piemonte;BI;I868;0;2,17
Nord Ovest;Lombardia;BG;I869;11,35;45,83
Sud;Calabria;CZ;I872;34,22;13,05
Nord Ovest;Lombardia;BG;I873;10;39,22
Sud;Calabria;CZ;I874;2;0,94
Sud;Calabria;CZ;I875;3,52;0
Nord Est;Veneto;BL;I876;0,17;2,17
Centro;Toscana;SI;I877;14;73,32
Nord Ovest;Lombardia;MI;I878;36,92;82,01
Nord Est;Veneto;VI;I879;15;106,99
Nord Ovest;Piemonte;NO;I880;1;10
Isole;Sicilia;ME;I881;16;10
Sud;Calabria;VV;I884;0,06;0
Sud;Campania;CE;I885;6;16
Nord Ovest;Piemonte;TO;I886;2;3
Sud;Puglia;LE;I887;4,5;3,5
Centro;Umbria;PG;I888;19;39,64
Isole;Sicilia;EN;I891;2;0
Centro;Lazio;LT;I892;14;13
Sud;Campania;AV;I893;5;11
Nord Ovest;Lombardia;PV;I894;0;5
Sud;Calabria;CS;I895;3,58;3,33
Sud;Calabria;CS;I896;16,91;23
Nord Ovest;Piemonte;AL;I901;0;5
Centro;Lazio;LT;I902;1;1,5
Nord Est;Emilia-Romagna;MO;I903;30,42;154,72
Nord Est;Friuli- Venezia Giulia;PN;I904;17,34;61,58
Sud;Calabria;VV;I905;0;0
Nord Ovest;Lombardia;CR;I906;3;10,5
Sud;Puglia;BA;I907;12,5;16,25
Nord Est;Veneto;VE;I908;30;402,26
Nord Ovest;Lombardia;CR;I909;1;4
Sud;Molise;CB;I910;3;1
Nord Ovest;Piemonte;AL;I911;1;3
Centro;Marche;AP;I912;22,85;48,5
Nord Ovest;Lombardia;CR;I914;13;91,5
Nord Ovest;Lombardia;BG;I916;4,76;19,67
Sud;Basilicata;PZ;I917;1;2
Nord Ovest;Lombardia;BG;I919;3,63;50,63
Centro;Umbria;PG;I921;94,31;197,86
Sud;Abruzzo;PE;I922;27;140,65
Sud;Puglia;LE;I923;4,25;2,77
Nord Ovest;Liguria;SV;I926;34,5;101,32
Nord Est;Veneto;TV;I927;14,17;148,84
Nord Ovest;Lombardia;SO;I928;1;1
Sud;Calabria;CZ;I929;11,8;6
Sud;Puglia;LE;I930;3;40,75
Centro;Marche;AN;I932;7;9,17
Nord Ovest;Lombardia;CR;I935;1;11,1
Sud;Calabria;RC;I936;0;0
Sud;Calabria;CZ;I937;2;7
Nord Est;Veneto;PD;I938;3;52,15
Nord Ovest;Piemonte;AL;I941;3;13,75
Centro;Toscana;LU;I942;17,2;8
Nord Ovest;Lombardia;CO;I943;6;4,66
Sud;Calabria;VV;I945;1;2
Nord Ovest;Liguria;SV;I946;18,29;19,81
Nord Ovest;Liguria;SV;I947;4;5,5
Sud;Puglia;LE;I950;2;0
Nord Ovest;Lombardia;BG;I951;61,92;297,82
Nord Est;Veneto;RO;I953;3;29,66
Sud;Basilicata;MT;I954;11;8
Sud;Calabria;RC;I955;2;1
Sud;Calabria;RC;I956;2;0
Centro;Lazio;RI;I959;9;8
Sud;Campania;SA;I960;3,5;0
Sud;Puglia;FG;I962;0,75;9,5
Sud;Puglia;FG;I963;7;15
Nord Est;Veneto;VE;I965;5;93,15
Nord Ovest;Lombardia;PV;I968;35,22;104,75
Nord Ovest;Piemonte;TO;I969;1;2
Nord Ovest;Piemonte;TO;I970;15,55;60,83
Centro;Lazio;FR;I973;0,5;0,5
Nord Est;Friuli- Venezia Giulia;UD;I974;0;1
Nord Ovest;Piemonte;VB;I976;29,29;99,08
Nord Ovest;Piemonte;AL;I977;3;17,84
Sud;Campania;NA;I978;15,33;12,33
Nord Ovest;Piemonte;BI;I980;3;7
Centro;Umbria;TR;I981;12,5;22,83
Sud;Calabria;KR;I982;6,66;6,84
Nord Ovest;Piemonte;VC;I984;1;7
Nord Ovest;Piemonte;CN;I985;2;0
Nord Ovest;Lombardia;BG;I986;3,17;10
Sud;Campania;AV;I990;0;2
Centro;Toscana;AR;I991;14,77;53,06
Centro;Lazio;RM;I992;51,39;55,5
Sud;Campania;CE;I993;26;40,5
Nord Ovest;Lombardia;LC;I994;1,67;0
Isole;Sardegna;CA;I995;0;0
Nord Ovest;Lombardia;LC;I996;2;8
Nord Ovest;Lombardia;BG;I997;8,08;48,08
Nord Ovest;Lombardia;MI;I998;16,01;72,75
Nord Ovest;Lombardia;BS;L002;6;31,01
Nord Ovest;Lombardia;VA;L003;12,13;50
Sud;Campania;AV;L004;3;6
Isole;Sardegna;NU;L006;2;2,17
Nord Ovest;Piemonte;NO;L007;0;16,5
Sud;Puglia;LE;L008;2;7,1
Centro;Lazio;FR;L009;4;2
Sud;Puglia;LE;L010;1;4
Sud;Puglia;LE;L011;0;59,35
Nord Ovest;Piemonte;TO;L013;19;16,67
Nord Est;Veneto;TV;L014;17,74;101,02
Nord Ovest;Lombardia;MN;L015;1;16
Isole;Sicilia;CL;L016;0,88;6
Centro;Lazio;VT;L017;13,5;54
Nord Est;Friuli- Venezia Giulia;UD;L018;4;8,5
Centro;Toscana;LI;L019;10;24,44
Nord Ovest;Lombardia;MN;L020;27,74;228,8
Nord Ovest;Lombardia;LC;L022;4;3
Isole;Sardegna;OR;L023;0;0
Nord Ovest;Liguria;IM;L024;79;86,17
Sud;Abruzzo;AQ;L025;33,33;32,72
Nord Est;Veneto;RO;L026;1;59,12
Nord Ovest;Piemonte;AL;L027;6;4,11
Nord Est;Veneto;BL;L030;0,25;2
Nord Ovest;Lombardia;VA;L032;8,5;26,83
Nord Est;Emilia-Romagna;RN;L034;3;1,89
Nord Ovest;Lombardia;SO;L035;14,06;13,5
Isole;Sardegna;NU;L036;1;0
Nord Ovest;Lombardia;BG;L037;5,64;9,74
Centro;Toscana;AR;L038;5,92;3
Nord Est;Friuli- Venezia Giulia;UD;L039;5;21
Nord Est;Veneto;BL;L040;12,5;14,67
Isole;Sicilia;ME;L042;23,16;33,49
Centro;Lazio;RI;L046;5;4
Sud;Abruzzo;CH;L047;0,75;1
Nord Ovest;Piemonte;CN;L048;8;13
Sud;Puglia;TA;L049;193,11;408,08
Nord Est;Friuli- Venezia Giulia;UD;L050;6,33;49
Sud;Calabria;CS;L055;4;0
Nord Ovest;Lombardia;SO;L056;4,61;0
Nord Est;Veneto;TV;L058;12;35
Nord Ovest;Piemonte;AL;L059;1;6
Sud;Campania;AV;L061;0;1
Sud;Campania;AV;L062;1;1
Sud;Calabria;RC;L063;6,5;10,15
Sud;Puglia;LE;L064;0;10,8
Nord Est;Friuli- Venezia Giulia;UD;L065;37;164,5
Nord Ovest;Piemonte;TO;L066;6;4,33
Sud;Molise;CB;L069;2;3
Sud;Calabria;CZ;L070;9;2
Nord Ovest;Lombardia;CO;L071;12;38,83
Nord Ovest;Lombardia;BG;L073;3,5;11,5
Sud;Puglia;LE;L074;4,34;16,28
Nord Ovest;Piemonte;BI;L075;1;2
Centro;Marche;PS;L078;0;3,67
Centro;Marche;PS;L081;6,4;96,08
Sud;Basilicata;PZ;L082;0;0
Sud;Campania;CE;L083;15;13
Nord Ovest;Lombardia;SO;L084;26,55;29,78
Nord Est;Veneto;VE;L085;1;13
Sud;Campania;BN;L086;8,6;30
Nord Ovest;Lombardia;BG;L087;7,5;46,76
Isole;Sardegna;SS;L088;2;4
Isole;Sardegna;SS;L093;10,67;41,09
Nord Ovest;Lombardia;BS;L094;36;119,4
Nord Est;Veneto;PD;L100;6;94,07
Sud;Campania;AV;L102;8;8,75
Sud;Abruzzo;TE;L103;141,67;186,69
Nord Ovest;Piemonte;NO;L104;0;8
Centro;Lazio;FR;L105;0;2
Sud;Puglia;BA;L109;92,62;150,04
Isole;Sicilia;PA;L112;32,17;24,5
Sud;Molise;CB;L113;61,46;298,8
Nord Ovest;Lombardia;VA;L115;10;26,99
Nord Ovest;Piemonte;BI;L116;2;3
Centro;Umbria;TR;L117;278,03;762,57
Nord Ovest;Lombardia;BG;L118;12,35;96,52
Centro;Lazio;LT;L120;85,41;141,46
Isole;Sardegna;OR;L122;2;6,04
Centro;Toscana;AR;L123;15,66;69
Sud;Calabria;CS;L124;3,87;5,74
Nord Ovest;Lombardia;LO;L125;0;6,5
Sud;Basilicata;PZ;L126;6;0
Sud;Calabria;RC;L127;0;0
Isole;Sicilia;PA;L131;15;30
Nord Est;Veneto;PD;L132;1;24,92
Sud;Calabria;CS;L134;0;0
Nord Est;Veneto;VR;L136;1;11,33
Centro;Toscana;PI;L138;9,5;14
Nord Ovest;Piemonte;AL;L139;1;5
Isole;Sardegna;NU;L140;2;2
Sud;Campania;NA;L142;11,5;12,67
Nord Ovest;Piemonte;AL;L143;2;1
Nord Ovest;Liguria;IM;L146;1;0
Centro;Lazio;VT;L150;2;1
Nord Ovest;Liguria;SV;L152;1;1
Isole;Sardegna;NU;L153;0;0
Isole;Sardegna;CA;L154;0;0
Sud;Campania;CE;L155;7,5;160,42
Nord Est;Veneto;VI;L156;8;69,81
Nord Est;Veneto;VI;L157;43,59;269,92
Isole;Sardegna;SS;L158;1;7
Isole;Sardegna;NU;L160;0;1
Nord Ovest;Lombardia;CR;L164;0;9
Nord Ovest;Piemonte;AL;L165;0;6,5
Sud;Puglia;LE;L166;0;2
Nord Ovest;Liguria;GE;L167;3;3,49
Nord Ovest;Piemonte;AT;L168;0;6
Nord Ovest;Lombardia;BS;L169;13,83;20,33
Isole;Sardegna;NU;L172;0;0
Sud;Abruzzo;AQ;L173;7,5;1,5
Nord Ovest;Lombardia;SO;L175;59;68,92
Sud;Calabria;CZ;L177;4;1
Isole;Sardegna;SS;L180;0;12,5
Sud;Basilicata;PZ;L181;21,25;15,26
Centro;Lazio;RM;L182;112,62;241,6
Nord Est;Emilia-Romagna;PR;L183;6,96;29,02
Nord Est;Emilia-Romagna;RE;L184;11,5;20,33
Sud;Campania;BN;L185;1;1
Sud;Abruzzo;PE;L186;3;8
Nord Ovest;Piemonte;VB;L187;3;11,83
Centro;Umbria;PG;L188;60,66;91,67
Centro;Lazio;RI;L189;3;2
Nord Ovest;Liguria;SV;L190;9;39,16
Centro;Marche;MC;L191;28,01;66,63
Centro;Lazio;RM;L192;7,5;19
Nord Ovest;Piemonte;BI;L193;13,33;35,96
Sud;Abruzzo;CH;L194;2;2,77
Nord Est;Friuli- Venezia Giulia;UD;L195;27,17;52,22
Sud;Basilicata;PZ;L197;7;9
Nord Est;Veneto;PD;L199;6,9;87,83
Isole;Sardegna;NU;L202;1;3,75
Nord Ovest;Piemonte;AT;L203;1;0
Sud;Campania;CE;L205;1;0
Sud;Calabria;CS;L206;3;3
Sud;Abruzzo;TE;L207;1;2
Nord Ovest;Lombardia;BS;L210;4,5;70,11
Sud;Campania;SA;L212;2;8
Sud;Puglia;BR;L213;4;13,25
Sud;Campania;AV;L214;5,5;5
Sud;Molise;CB;L215;1;2
Centro;Umbria;PG;L216;11;55,8
Nord Ovest;Valle d'Aosta;AO;L217;15,18;25
Sud;Abruzzo;CH;L218;6;11
Nord Ovest;Piemonte;TO;L219;6240,44;5935,49
Sud;Puglia;BA;L220;11,5;16,12
Nord Ovest;Lombardia;CR;L221;0;2
Nord Ovest;Piemonte;NO;L223;2;6,33
Sud;Abruzzo;CH;L224;5;2
Nord Ovest;Lombardia;CR;L225;1;1
Sud;Abruzzo;AQ;L227;2;2
Nord Ovest;Lombardia;CO;L228;8;14,25
Nord Est;Emilia-Romagna;PR;L229;4;3,25
Sud;Molise;CB;L230;8;7
Isole;Sardegna;NU;L231;2;0
Sud;Campania;SA;L233;1;2
Isole;Sardegna;SS;L235;0;1,75
Nord Ovest;Lombardia;PV;L237;1;8
Nord Ovest;Piemonte;TO;L238;8,5;33,01
Nord Ovest;Piemonte;BI;L239;1;5,5
Sud;Calabria;CZ;L240;1,23;2
Nord Ovest;Piemonte;CN;L241;0;4,67
Centro;Lazio;FR;L243;3;2
Nord Ovest;Lombardia;SO;L244;10,43;8,51
Sud;Campania;NA;L245;22,89;41,94
Nord Est;Friuli- Venezia Giulia;UD;L246;4,17;7
Nord Ovest;Piemonte;TO;L247;1;4
Nord Est;Veneto;VI;L248;7,25;51,76
Nord Ovest;Lombardia;PV;L250;0;1
Nord Ovest;Lombardia;BG;L251;35,53;131,49
Nord Ovest;Piemonte;CN;L252;3;0
Sud;Abruzzo;CH;L253;1;2
Sud;Campania;BN;L254;2;1
Nord Ovest;Lombardia;PV;L256;0;12
Nord Ovest;Lombardia;BG;L257;3,67;23,83
Nord Ovest;Lombardia;CR;L258;4;10
Sud;Campania;NA;L259;54,19;134,59
Nord Ovest;Lombardia;PV;L262;0;4
Sud;Abruzzo;PE;L263;3;7
Nord Ovest;Lombardia;BG;L265;3;23,5
Nord Est;Veneto;VE;L267;3;30,5
Nord Ovest;Lombardia;PV;L269;6;41,5
Nord Est;Veneto;PD;L270;4;43,76
Isole;Sicilia;ME;L271;6,5;10
Sud;Campania;AV;L272;9;2
Sud;Puglia;FG;L273;16,5;52,35
Sud;Campania;SA;L274;7,4;1,2
Nord Ovest;Lombardia;BG;L276;0;2
Nord Ovest;Piemonte;TO;L277;9;39,17
Nord Ovest;Piemonte;CN;L278;4;6
Centro;Marche;AP;L279;2;4
Sud;Puglia;BR;L280;1,67;12,1
Nord Ovest;Piemonte;CN;L281;0;1
Isole;Sicilia;PA;L282;5,75;2
Sud;Abruzzo;CH;L284;2;11
Nord Ovest;Lombardia;PV;L285;8;43
Centro;Lazio;RI;L286;5;2,5
Nord Est;Veneto;VR;L287;17,44;72,43
Centro;Lazio;FR;L290;1;2
Sud;Abruzzo;CH;L291;2,33;1
Nord Ovest;Lombardia;PV;L292;1;4
Centro;Lazio;RI;L293;2,33;6,5
Sud;Puglia;TA;L294;6,75;0,33
Sud;Abruzzo;TE;L295;7;7
Nord Ovest;Lombardia;CR;L296;0;3
Nord Est;Veneto;VI;L297;12,8;155,59
Nord Ovest;Liguria;GE;L298;20,5;30
Nord Est;Emilia-Romagna;PR;L299;11;96,51
Sud;Campania;AV;L301;0;0
Centro;Lazio;RM;L302;1;2
Centro;Toscana;SI;L303;13;65,58
Nord Ovest;Piemonte;AL;L304;106,17;269
Sud;Calabria;CS;L305;6;21,5
Sud;Campania;SA;L306;0;0
Sud;Abruzzo;TE;L307;95,67;203,84
Isole;Sicilia;ME;L308;4;4,17
Nord Est;Friuli- Venezia Giulia;UD;L309;4,75;21,19
Centro;Lazio;VT;L310;32,63;20,33
Nord Ovest;Lombardia;BS;L312;31,13;121,51
Sud;Abruzzo;TE;L314;3;3
Nord Ovest;Liguria;SV;L315;7;21,5
Nord Ovest;Lombardia;SO;L316;1;4
Isole;Sicilia;PA;L317;11;10,5
Nord Ovest;Lombardia;VA;L319;49,37;215,88
Isole;Sardegna;OR;L321;0;2
Sud;Campania;SA;L323;13,42;3
Nord Est;Friuli- Venezia Giulia;PN;L324;0,75;0
Nord Est;Friuli- Venezia Giulia;PN;L325;2;4
Sud;Basilicata;PZ;L326;10,67;1
Nord Ovest;Piemonte;TO;L327;11;24
Sud;Puglia;BA;L328;115,04;327,61
Nord Ovest;Lombardia;SO;L330;19,33;12,44
Isole;Sicilia;TP;L331;58,02;172,41
Isole;Sicilia;PA;L332;4;0
Nord Ovest;Piemonte;VB;L333;5;3,33
Sud;Abruzzo;AQ;L334;11;13
Nord Est;Friuli- Venezia Giulia;UD;L335;2;13,33
Nord Ovest;Piemonte;VB;L336;5,5;1
Isole;Sardegna;CA;L337;1;0
Nord Ovest;Lombardia;BS;L339;13,5;130,56
Nord Ovest;Piemonte;TO;L340;3,5;7
Nord Ovest;Lombardia;VA;L342;4,25;29,86
Nord Ovest;Piemonte;TO;L345;2;1
Nord Est;Emilia-Romagna;PR;L346;15;74,83
Nord Est;Friuli- Venezia Giulia;PN;L347;3,33;5
Nord Est;Emilia-Romagna;PC;L348;5,67;35,35
Nord Est;Veneto;PD;L349;6,75;66,4
Sud;Calabria;CS;L353;11,33;18
Isole;Sicilia;CT;L355;6,83;38,83
Nord Ovest;Piemonte;NO;L356;42,5;340,5
Sud;Basilicata;PZ;L357;0;5
Nord Est;Veneto;RO;L359;5,2;18,83
Nord Est;Emilia-Romagna;FO;L361;2;3
Sud;Abruzzo;CH;L363;4;2
Nord Est;Veneto;VR;L364;10,65;29,97
Centro;Marche;MC;L366;13,13;27,55
Nord Ovest;Piemonte;CN;L367;0;6
Isole;Sicilia;CT;L369;11,75;132,32
Nord Ovest;Lombardia;BS;L372;17,15;28,58
Sud;Campania;SA;L377;2;3
Sud;Campania;CE;L379;4,33;89,5
Nord Ovest;Lombardia;BS;L380;0,83;34,4
Nord Est;Friuli- Venezia Giulia;UD;L382;3;7,67
Sud;Puglia;LE;L383;4;23,5
Centro;Toscana;SI;L384;3;6,67
Centro;Toscana;MS;L386;6,5;2,83
Nord Ovest;Lombardia;BG;L388;22,82;144,4
Nord Ovest;Lombardia;CR;L389;0;41,61
Nord Ovest;Lombardia;SO;L392;9,75;12,17
Isole;Sardegna;OR;L393;4,17;6,5
Nord Est;Veneto;VR;L396;4;25
Centro;Umbria;PG;L397;13,17;30,67
Centro;Lazio;FR;L398;8,17;9,5
Sud;Campania;AV;L399;0;1
Nord Ovest;Lombardia;BG;L400;157,84;526,61
Centro;Lazio;RM;L401;18,88;44
Nord Est;Veneto;TV;L402;1,33;67
Nord Ovest;Piemonte;AL;L403;1;4
Nord Ovest;Lombardia;BG;L404;22,83;125,99
Nord Ovest;Lombardia;BS;L406;0;2
Nord Est;Veneto;TV;L407;286;1176,68
Nord Ovest;Lombardia;MI;L408;14;101,58
Nord Ovest;Lombardia;MI;L409;71,05;331,8
Nord Ovest;Piemonte;CN;L410;1;0
Nord Ovest;Lombardia;MI;L411;40,55;184,17
Nord Ovest;Lombardia;CO;L413;0;0
Nord Est;Veneto;PD;L414;4;26,86
Nord Ovest;Lombardia;MI;L415;8;114,25
Nord Ovest;Liguria;GE;L416;2;8
Sud;Basilicata;MT;L418;15,96;13,97
Sud;Puglia;LE;L419;16,5;28,89
Nord Ovest;Piemonte;VC;L420;1;5
Nord Est;Friuli- Venezia Giulia;UD;L421;17,25;93,02
Isole;Sardegna;NU;L423;1;0
Sud;Puglia;BA;L425;33,1;112,21
Nord Ovest;Lombardia;CR;L426;1;16
Nord Ovest;Piemonte;CN;L427;8;20
Isole;Sardegna;SS;L428;8;73,52
Nord Ovest;Piemonte;VC;L429;8;42
Nord Ovest;Liguria;IM;L430;3;0
Isole;Sicilia;ME;L431;4,5;1
Nord Ovest;Piemonte;AL;L432;2;6,5
Nord Est;Veneto;VI;L433;7;65,57
Nord Ovest;Lombardia;MI;L434;18,5;87,21
Sud;Molise;CB;L435;6,33;3
Centro;Lazio;FR;L437;6;1
Nord Est;Friuli- Venezia Giulia;UD;L438;2;3,67
Sud;Basilicata;PZ;L439;1;2,5
Nord Ovest;Lombardia;PV;L440;6,5;38,75
Nord Ovest;Piemonte;TO;L445;47;109,75
Sud;Puglia;FG;L447;7;9,25
Isole;Sicilia;EN;L448;7,03;28,29
Nord Ovest;Lombardia;PV;L449;5;35
Nord Ovest;Piemonte;VB;L450;13,67;6
Nord Ovest;Piemonte;VC;L451;6,5;31,92
Sud;Calabria;VV;L452;12,29;13,2
Nord Ovest;Lombardia;PV;L453;1;13,5
Nord Ovest;Lombardia;MI;L454;8,75;86,25
Sud;Molise;CB;L458;2;1
Sud;Abruzzo;CH;L459;1;1
Sud;Campania;NA;L460;1;13
Sud;Campania;AV;L461;1,08;2,67
Sud;Puglia;LE;L462;7,16;22,03
Isole;Sardegna;CA;L463;0;0
Isole;Sardegna;SS;L464;2;1
Centro;Umbria;PG;L466;16,3;26
Nord Ovest;Lombardia;LO;L469;2;18
Nord Ovest;Lombardia;CO;L470;21,21;95,72
Nord Ovest;Lombardia;MI;L471;9,5;80,89
Sud;Puglia;BA;L472;23,95;70,52
Isole;Sardegna;CA;L473;0;1
Sud;Abruzzo;PE;L475;1;0
Sud;Basilicata;MT;L477;16,93;6,93
Isole;Sicilia;ME;L478;2;8,75
Nord Ovest;Lombardia;VA;L480;20,8;130,42
Isole;Sicilia;ME;L482;0;0
Nord Est;Friuli- Venezia Giulia;UD;L483;481,28;1347,33
Sud;Puglia;LE;L484;9,86;33,86
Sud;Puglia;LE;L485;3;20,75
Nord Ovest;Lombardia;CO;L487;8,16;75,5
Isole;Sardegna;OR;L488;0;0
Isole;Sardegna;NU;L489;0;1
Sud;Calabria;KR;L492;3;0
Nord Ovest;Lombardia;BS;L494;3;19
Isole;Sardegna;OR;L496;0;1
Nord Est;Veneto;PD;L497;0;8,33
Centro;Marche;PS;L498;9,36;29,25
Nord Ovest;Liguria;SV;L499;8;11
Centro;Marche;PS;L500;19,27;30,25
Centro;Marche;MC;L501;2,5;6
Nord Ovest;Lombardia;BG;L502;25,49;114,42
Isole;Sardegna;SS;L503;2;5
Sud;Molise;CB;L505;0;6,25
Isole;Sardegna;NU;L506;0;0
Nord Ovest;Liguria;GE;L507;14;8
Isole;Sardegna;OR;L508;0;1
Isole;Sardegna;SS;L509;1,1;12,43
Nord Ovest;Lombardia;MI;L511;30,18;156,86
Isole;Sardegna;CA;L512;0;2
Isole;Sardegna;CA;L513;0;0
Isole;Sardegna;NU;L514;0;0
Nord Ovest;Piemonte;TO;L515;0;2
Nord Ovest;Piemonte;TO;L516;9,67;2
Centro;Marche;MC;L517;4;18,5
Isole;Sicilia;PA;L519;4,67;0
Isole;Sardegna;CA;L521;8;51
Centro;Toscana;PT;L522;7,5;55,67
Sud;Calabria;CS;L524;4;0
Centro;Lazio;RI;L525;0;3
Sud;Abruzzo;CH;L526;2;1
Nord Ovest;Liguria;SV;L528;48,46;31
Centro;Toscana;FI;L529;4,7;39,98
Nord Ovest;Piemonte;AT;L531;2;3
Sud;Basilicata;PZ;L532;4;2,83
Centro;Toscana;LU;L533;1;1
Nord Ovest;Lombardia;CR;L535;4;27,97
Centro;Toscana;PO;L537;19,83;72,69
Nord Ovest;Piemonte;TO;L538;3;12
Nord Ovest;Lombardia;CR;L539;4,5;48
Sud;Campania;CE;L540;5;17
Nord Ovest;Lombardia;BG;L544;11,4;41,95
Nord Ovest;Lombardia;BG;L545;7,25;44,98
Nord Ovest;Liguria;GE;L546;5;1
Nord Ovest;Lombardia;CO;L547;7,5;20
Nord Est;Veneto;VI;L551;58,2;200,08
Nord Est;Veneto;VI;L554;2;7,49
Nord Ovest;Piemonte;TO;L555;15;56,16
Nord Ovest;Piemonte;BI;L556;2,17;20
Nord Ovest;Lombardia;SO;L557;61,94;108,09
Nord Ovest;Piemonte;CN;L558;11,94;15,6
Isole;Sicilia;ME;L561;3;0,5
Nord Ovest;Lombardia;PV;L562;1;6,5
Nord Ovest;Lombardia;SO;L563;44,47;55,47
Nord Est;Veneto;TV;L565;33,5;55,62
Nord Ovest;Piemonte;VC;L566;6;19,16
Nord Est;Veneto;VR;L567;24,92;209
Nord Ovest;Lombardia;PV;L568;0;1
Centro;Lazio;VT;L569;5;5
Nord Ovest;Piemonte;AL;L570;136,99;203,02
Sud;Puglia;BA;L571;36,17;106,23
Nord Ovest;Lombardia;LO;L572;2;15
Centro;Umbria;PG;L573;5;5
Nord Ovest;Piemonte;AT;L574;7;22
Nord Ovest;Lombardia;SO;L576;29,64;31,33
Nord Ovest;Lombardia;VA;L577;6;9
Nord Ovest;Piemonte;TO;L578;2;23
Nord Ovest;Lombardia;BG;L579;3;12,5
Nord Ovest;Piemonte;CN;L580;5;3
Nord Ovest;Lombardia;LC;L581;7,17;25,93
Nord Ovest;Valle d'Aosta;AO;L582;0;3
Isole;Sicilia;EN;L583;8,66;29,32
Nord Est;Veneto;BL;L584;16,25;13,4
Nord Ovest;Piemonte;BI;L586;0;1
Sud;Campania;AV;L589;1;4
Nord Est;Veneto;BL;L590;11;15,35
Sud;Campania;CE;L591;0;7
Nord Ovest;Lombardia;PV;L593;0,5;24
Sud;Campania;CE;L594;1;1
Nord Ovest;Liguria;IM;L596;11;9
Sud;Abruzzo;TE;L597;6,18;1
Centro;Lazio;FR;L598;6;3
Nord Ovest;Liguria;IM;L599;41,57;52,02
Isole;Sicilia;PA;L603;2;2,5
Isole;Sardegna;SS;L604;21;126,5
Centro;Lazio;FR;L605;0;2
Sud;Calabria;VV;L607;0;0
Isole;Sicilia;CL;L609;5;6
Centro;Lazio;RM;L611;1,67;2
Centro;Lazio;VT;L612;1,67;6
Isole;Sardegna;CA;L613;1;0
Centro;Lazio;FR;L614;2,25;4
Sud;Campania;AV;L616;0;2,5
Nord Ovest;Lombardia;PV;L617;0;6
Nord Ovest;Piemonte;BI;L620;1;16,5
Nord Ovest;Lombardia;BG;L623;1,51;7,57
Nord Est;Veneto;VI;L624;6,25;8,5
Centro;Lazio;RM;L625;1;2
Nord Ovest;Lombardia;BS;L626;3;23
Centro;Umbria;PG;L627;4;3
Sud;Campania;SA;L628;14,22;9,5
Nord Ovest;Piemonte;TO;L629;0;7,5
Nord Ovest;Piemonte;CN;L631;0,33;0
Nord Ovest;Piemonte;AL;L633;0;6
Nord Ovest;Lombardia;LC;L634;33,44;77,57
Nord Ovest;Lombardia;SO;L638;5;2,5
Centro;Lazio;RM;L639;11,67;35,3
Nord Ovest;Lombardia;CO;L640;4;20,83
Nord Est;Emilia-Romagna;PR;L641;2;3
Nord Ovest;Lombardia;BG;L642;0;2
Nord Ovest;Valle d'Aosta;AO;L643;4;3
Nord Ovest;Piemonte;TO;L644;6;19,5
Nord Ovest;Valle d'Aosta;AO;L647;5;1
Nord Ovest;Piemonte;VB;L651;2,22;3,8
Centro;Umbria;PG;L653;2,17;3
Nord Ovest;Valle d'Aosta;AO;L654;41,04;168
Nord Ovest;Lombardia;BG;L655;0;5,17
Sud;Campania;SA;L656;1;0
Isole;Sicilia;CT;L658;4;35,5
Nord Ovest;Lombardia;MI;L664;10;55,14
Nord Ovest;Lombardia;MI;L665;42,25;125,4
Nord Ovest;Piemonte;VB;L666;0;2
Nord Ovest;Lombardia;MI;L667;50,42;153,85
Nord Ovest;Piemonte;NO;L668;5;5
Nord Ovest;Piemonte;VC;L669;24,43;43,5
Nord Ovest;Piemonte;NO;L670;13;39,59
Nord Ovest;Lombardia;VA;L671;6;27,17
Nord Est;Emilia-Romagna;PR;L672;5;18,5
Sud;Calabria;RC;L673;1;0,13
Nord Ovest;Liguria;SV;L675;127,59;276,93
Centro;Lazio;RI;L676;3;2
Nord Ovest;Lombardia;MI;L677;63,97;218,41
Nord Ovest;Lombardia;LC;L680;4,28;19
Nord Ovest;Liguria;SP;L681;12;5,5
Nord Ovest;Lombardia;VA;L682;345,43;996,91
Nord Ovest;Piemonte;TO;L685;3;5
Nord Est;Friuli- Venezia Giulia;UD;L686;3;9,5
Nord Est;Emilia-Romagna;PR;L689;3,5;10,09
Nord Ovest;Lombardia;PV;L690;14;26,92
Nord Ovest;Piemonte;VB;L691;18,38;15,96
Nord Ovest;Liguria;IM;L693;8,5;1
Sud;Molise;IS;L696;1;0
Nord Ovest;Piemonte;TO;L698;4;11
Sud;Calabria;VV;L699;1;0
Nord Est;Veneto;TV;L700;7;29,45
Centro;Toscana;PI;L702;20,08;42,33
Nord Ovest;Lombardia;VA;L703;19,09;73,75
Nord Ovest;Lombardia;MI;L704;20,75;98,5
Nord Est;Veneto;TV;L706;14,72;127,02
Nord Ovest;Lombardia;BG;L707;3;2
Nord Ovest;Lombardia;MI;L709;5,31;33,5
Nord Est;Veneto;PD;L710;1;59,5
Sud;Puglia;LE;L711;2;15,28
Nord Ovest;Piemonte;BI;L712;4,5;7
Centro;Lazio;VT;L713;6;6
Nord Ovest;Lombardia;CO;L715;7;0
Nord Ovest;Lombardia;PV;L716;0;0
Centro;Lazio;RM;L719;60,17;164,95
Nord Ovest;Lombardia;PV;L720;1,13;30,95
Nord Est;Veneto;VR;L722;6;13,83
Nord Est;Veneto;VI;L723;2,83;14,5
Sud;Molise;IS;L725;21,5;30,38
Nord Ovest;Piemonte;TO;L726;1;0
Nord Ovest;Piemonte;TO;L727;134,09;347,5
Centro;Marche;AP;L728;2;6,5
Nord Ovest;Piemonte;CN;L729;5;10
Nord Ovest;Liguria;SV;L730;1;0
Nord Ovest;Lombardia;VA;L733;22,57;56,5
Nord Ovest;Lombardia;VA;L734;23,67;93,01
Isole;Sicilia;ME;L735;6;15
Nord Est;Veneto;VE;L736;516,34;2335,33
Nord Ovest;Lombardia;CO;L737;10;42,55
Sud;Basilicata;PZ;L738;14,99;17,17
Sud;Campania;AV;L739;0;3
Isole;Sicilia;PA;L740;3;1
Nord Ovest;Liguria;IM;L741;146,98;150,87
Centro;Lazio;LT;L742;4;1
Nord Est;Friuli- Venezia Giulia;UD;L743;0;3
Nord Ovest;Lombardia;MI;L744;22,5;109,25
Nord Ovest;Piemonte;VB;L746;111,14;358,73
Sud;Calabria;CS;L747;2;1
Nord Ovest;Lombardia;CO;L748;11;8
Nord Ovest;Lombardia;SO;L749;13,47;5
Nord Ovest;Piemonte;VC;L750;196,46;451,06
Nord Ovest;Lombardia;LC;L751;4,67;15,58
Nord Ovest;Lombardia;BG;L752;15,12;71
Nord Ovest;Lombardia;BG;L753;14,93;94,31
Nord Ovest;Piemonte;CN;L758;3;3
Nord Est;Emilia-Romagna;BO;L762;33,33;76,09
Nord Est;Emilia-Romagna;FO;L764;2,33;9,83
Nord Ovest;Lombardia;VA;L765;25,5;89,03
Nord Ovest;Piemonte;CN;L771;12;16,84
Nord Est;Emilia-Romagna;PC;L772;9;12,69
Nord Ovest;Lombardia;MI;L773;8,17;60,5
Nord Ovest;Liguria;SP;L774;5,5;0
Centro;Toscana;PO;L775;15,5;27,25
Sud;Puglia;LE;L776;6;11,82
Nord Ovest;Lombardia;BS;L777;7;57,84
Nord Ovest;Lombardia;BS;L778;0;22
Nord Ovest;Piemonte;TO;L779;11;38,08
Centro;Lazio;FR;L780;16;8
Nord Est;Veneto;VR;L781;1159,99;3174,51
Nord Ovest;Valle d'Aosta;AO;L783;17,88;12,88
Nord Ovest;Lombardia;PV;L784;1;1,5
Nord Ovest;Piemonte;BI;L785;2;7,22
Nord Ovest;Piemonte;TO;L787;3;17,5
Nord Ovest;Lombardia;PV;L788;2;5
Nord Ovest;Lombardia;CO;L792;7;42,33
Nord Ovest;Lombardia;BG;L795;4;30,83
Nord Est;Emilia-Romagna;RN;L797;11;74,33
Nord Ovest;Lombardia;SO;L799;2;1
Nord Est;Friuli- Venezia Giulia;UD;L801;2;3
Sud;Calabria;KR;L802;2;1
Nord Ovest;Piemonte;CN;L804;34,92;52,71
Nord Est;Veneto;PD;L805;1;31
Nord Ovest;Lombardia;CR;L806;5;37,8
Nord Ovest;Piemonte;AT;L807;0;1
Nord Ovest;Piemonte;NO;L808;4;21,35
Nord Ovest;Liguria;IM;L809;5;0
Nord Est;Veneto;VR;L810;3;9,19
Nord Ovest;Piemonte;TO;L811;3,5;11
Nord Ovest;Lombardia;BS;L812;2;16,33
Centro;Lazio;VT;L814;51,41;52,5
Nord Est;Emilia-Romagna;RE;L815;4,22;4
Nord Ovest;Lombardia;BS;L816;6,16;57,5
Nord Ovest;Piemonte;CN;L817;6;25
Nord Ovest;Liguria;SP;L819;27,37;19
Nord Est;Emilia-Romagna;RE;L820;14,34;27,93
Nord Ovest;Liguria;SV;L823;0;8,5
Nord Ovest;Lombardia;MN;L826;29,66;245,89
Nord Ovest;Lombardia;BG;L827;0;7
Isole;Sicilia;CT;L828;6;40
Nord Ovest;Piemonte;AT;L829;1;1
Nord Ovest;Piemonte;TO;L830;4,5;6
Nord Est;Emilia-Romagna;RE;L831;3,67;28,42
Centro;Toscana;LU;L833;67,54;136,06
Nord Ovest;Piemonte;AT;L834;3,17;2,17
Sud;Campania;SA;L835;3,5;11,33
Centro;Lazio;FR;L836;1;0
Isole;Sicilia;PA;L837;3,75;1
Centro;Toscana;FI;L838;13,82;31,07
Nord Est;Veneto;VI;L840;248,02;1692,28
Nord Ovest;Piemonte;CN;L841;10;15
Sud;Puglia;FG;L842;30,58;43,56
Centro;Lazio;FR;L843;0;2,78
Sud;Campania;CE;L844;3,5;0
Sud;Campania;NA;L845;16,39;41,5
Sud;Abruzzo;PE;L846;1;4
Nord Ovest;Piemonte;NO;L847;1;4
Nord Est;Emilia-Romagna;PC;L848;1;22,9
Centro;Toscana;PI;L850;25,5;28,5
Centro;Lazio;RM;L851;3,72;2
Nord Ovest;Lombardia;PV;L854;13;106
Nord Est;Veneto;TV;L856;4,67;16,34
Nord Ovest;Piemonte;TO;L857;2;8
Sud;Puglia;FG;L858;29,84;56,19
Sud;Basilicata;PZ;L859;4;6,5
Sud;Campania;SA;L860;18;4
Nord Ovest;Lombardia;BG;L865;7,66;14,05
Nord Ovest;Lombardia;LC;L866;8;25,33
Nord Est;Emilia-Romagna;FE;L868;6;69,86
Nord Est;Veneto;VR;L869;9;126,63
Nord Ovest;Lombardia;PV;L872;162,6;686,98
Sud;Basilicata;PZ;L873;4;0
Sud;Basilicata;PZ;L874;9;7,33
Nord Ovest;Lombardia;VA;L876;18,83;47,81
Nord Est;Veneto;PD;L878;0,33;8,7
Nord Ovest;Piemonte;AT;L879;0;0
Nord Ovest;Piemonte;BI;L880;49,29;109,74
Nord Ovest;Piemonte;AL;L881;3,83;12
Centro;Lazio;VT;L882;7;22
Nord Ovest;Lombardia;MI;L883;33,43;115,64
Nord Est;Emilia-Romagna;MO;L885;88,67;261,53
Nord Ovest;Piemonte;AL;L887;9,75;13,5
Nord Ovest;Piemonte;CN;L888;4,75;12,42
Nord Ovest;Piemonte;VB;L889;4;7,5
Nord Est;Veneto;BL;L890;3,45;14,21
Nord Est;Veneto;PD;L892;10,5;142,61
Nord Ovest;Lombardia;BG;L894;3;3
Nord Est;Emilia-Romagna;PC;L897;8;41,2
Nord Ovest;Piemonte;TO;L898;6;31,25
Nord Est;Veneto;VE;L899;4,84;134,27
Nord Est;Veneto;PD;L900;16;321,9
Nord Ovest;Piemonte;AL;L904;6,5;27
Centro;Lazio;FR;L905;2;2
Nord Ovest;Piemonte;VB;L906;19;31,83
Nord Ovest;Lombardia;SO;L907;13,33;0
Nord Ovest;Lombardia;SO;L908;29,68;11
Nord Est;Friuli- Venezia Giulia;UD;L909;3,5;7,8
Nord Est;Veneto;VR;L912;5,08;30,42
Centro;Toscana;LU;L913;2;2,33
Isole;Sicilia;PA;L916;4,75;12
Nord Ovest;Lombardia;PV;L917;0;0
Nord Ovest;Lombardia;BS;L919;20,65;76,17
Sud;Puglia;BR;L920;11,33;10
Sud;Abruzzo;PE;L922;2;3,2
Nord Ovest;Lombardia;BS;L923;1;7
Isole;Sardegna;CA;L924;4;3
Centro;Toscana;LU;L926;3,03;0
Nord Ovest;Lombardia;MI;L928;20,17;110,25
Nord Ovest;Lombardia;BG;L929;11,64;52
Nord Ovest;Piemonte;AL;L931;1;3,67
Nord Ovest;Piemonte;BI;L933;1;1
Nord Est;Veneto;PD;L934;3,95;13
Nord Ovest;Lombardia;BG;L936;9,74;43,78
Nord Est;Veneto;PD;L937;1;9,24
Nord Ovest;Lombardia;BG;L938;4;17,67
Nord Est;Veneto;RO;L939;2;33,81
Nord Ovest;Piemonte;CN;L942;4,66;12,5
Nord Ovest;Liguria;IM;L943;5;1
Isole;Sicilia;AG;L944;5;1
Nord Ovest;Piemonte;AT;L945;4;15,16
Centro;Toscana;MS;L946;20,92;39,5
Nord Est;Veneto;PD;L947;7,94;97,5
Nord Ovest;Piemonte;TO;L948;6,5;24
Nord Est;Veneto;VR;L949;63,21;311,84
Isole;Sicilia;ME;L950;6,2;12,5
Isole;Sicilia;PA;L951;1;4
Nord Est;Veneto;VI;L952;1;6
Isole;Sardegna;NU;L953;2;2,75
Nord Ovest;Lombardia;CO;L956;27,9;89,45
Sud;Abruzzo;AQ;L958;1;6,75
Isole;Sicilia;CL;L959;2,5;1
Sud;Abruzzo;CH;L961;0;0
Nord Ovest;Piemonte;AL;L963;2;3
Sud;Abruzzo;CH;L964;0;7
Sud;Campania;AV;L965;1;3
Isole;Sardegna;CA;L966;1;0
Nord Est;Veneto;RO;L967;6;16,5
Isole;Sardegna;CA;L968;1;2
Nord Est;Emilia-Romagna;RE;L969;14,8;20,5
Nord Ovest;Piemonte;AL;L970;1;2
Nord Ovest;Piemonte;AL;L972;0;9
Sud;Campania;AV;L973;1,5;5
Nord Ovest;Piemonte;CN;L974;27,91;52,38
Nord Ovest;Liguria;SV;L975;4,67;25,84
Nord Ovest;Lombardia;LO;L977;3;26,5
Nord Ovest;Piemonte;BI;L978;0;0
Nord Est;Veneto;PD;L979;8;53,32
Nord Est;Emilia-Romagna;PC;L980;2;9
Nord Ovest;Valle d'Aosta;AO;L981;3;4
Nord Ovest;Piemonte;TO;L982;1;5,5
Nord Ovest;Lombardia;PV;L983;0;3
Nord Ovest;Piemonte;AT;L984;9;45,17
Nord Est;Veneto;RO;L985;3;11,66
Isole;Sardegna;CA;L986;0;0
Isole;Sardegna;CA;L987;0;0
Nord Est;Veneto;RO;L988;0;11
Isole;Sardegna;SS;L989;12,09;8,25
Nord Ovest;Piemonte;CN;L990;0;5
Isole;Sardegna;OR;L991;0;0
Isole;Sardegna;NU;L992;0;1
Nord Ovest;Lombardia;PV;L994;9,5;47,33
Nord Ovest;Lombardia;BS;L995;10,93;68
Isole;Sardegna;CA;L998;4,5;0
Nord Ovest;Piemonte;TO;L999;15;16
Nord Ovest;Piemonte;TO;M002;9;34,5
Nord Ovest;Piemonte;VC;M003;0;3
Nord Ovest;Piemonte;TO;M004;1;8,5
Nord Ovest;Piemonte;TO;M007;13;14
Nord Ovest;Piemonte;AL;M009;2;2,5
Isole;Sicilia;EN;M011;7;23
Nord Ovest;Piemonte;TO;M013;3;3
Nord Ovest;Piemonte;TO;M014;23,78;62,55
Nord Ovest;Piemonte;CN;M015;7;8,67
Isole;Sardegna;CA;M016;0;0
Nord Ovest;Lombardia;MI;M017;62,26;191,62
Sud;Calabria;RC;M018;13;32,88
Nord Ovest;Piemonte;AT;M019;0;0
Sud;Abruzzo;AQ;M021;0;0
Sud;Abruzzo;CH;M022;6;9
Sud;Abruzzo;AQ;M023;1;4
Isole;Sardegna;CA;M025;2;5
Isole;Sardegna;CA;M026;0;2
Nord Ovest;Piemonte;TO;M027;15;46,5
Nord Ovest;Piemonte;VC;M028;1;9
Isole;Sardegna;OR;M030;0;2
Sud;Abruzzo;AQ;M031;1;2
Nord Est;Veneto;VI;M032;2,5;44,33
Sud;Abruzzo;AQ;M041;0;5,83
Nord Ovest;Piemonte;VB;M042;0,33;2,33
Nord Ovest;Lombardia;MN;M044;1;16,99
Nord Ovest;Lombardia;BG;M045;6,75;58,63
Nord Est;Veneto;TV;M048;25,2;180,75
Nord Ovest;Lombardia;BG;M050;1;11,5
Nord Ovest;Lombardia;MI;M052;139,73;380,99
Nord Ovest;Lombardia;MI;M053;226,51;338,12
Nord Ovest;Piemonte;CN;M055;5;6
Sud;Molise;CB;M057;6;9
Nord Ovest;Piemonte;AT;M058;3;2
Centro;Toscana;FI;M059;15,78;70,32
Nord Ovest;Piemonte;TO;M060;53,58;233,07
Nord Ovest;Piemonte;NO;M062;1;7
Nord Ovest;Piemonte;CN;M063;10,06;20,5
Nord Ovest;Lombardia;BS;M065;3,5;24,33
Nord Ovest;Piemonte;TO;M069;1;13
Nord Ovest;Lombardia;BS;M070;1;11,22
Nord Ovest;Piemonte;TO;M071;1;6,5
Sud;Campania;NA;M072;4,26;4
Nord Ovest;Piemonte;AL;M077;3,5;9
Centro;Marche;MC;M078;5,2;4,3
Nord Ovest;Lombardia;PV;M079;3;14,5
Nord Ovest;Piemonte;TO;M080;3;4
Isole;Sicilia;TP;M081;0;1,5
Centro;Lazio;VT;M082;211,85;499,7
Centro;Lazio;FR;M083;0;0
Nord Est;Friuli- Venezia Giulia;PN;M085;4;6,86
Centro;Lazio;VT;M086;10,41;19,33
Isole;Sicilia;RG;M088;37,61;157,87
Nord Est;Veneto;TV;M089;60,58;213,35
Sud;Abruzzo;AQ;M090;1;3
Nord Ovest;Lombardia;MI;M091;62,85;116,89
Sud;Campania;CE;M092;11,3;35,3
Sud;Campania;BN;M093;0;1
Nord Ovest;Piemonte;TO;M094;22;12
Centro;Lazio;RM;M095;0;0
Nord Est;Friuli- Venezia Giulia;PN;M096;0,5;6
Nord Ovest;Piemonte;BI;M098;3;15
Isole;Sicilia;CT;M100;11,86;11,3
Nord Ovest;Lombardia;VA;M101;1;13
Nord Ovest;Lombardia;MI;M102;10,5;47,5
Nord Est;Veneto;PD;M103;3;17
Nord Ovest;Lombardia;BS;M104;28,59;100,13
Nord Ovest;Liguria;GE;M105;4;1
Nord Ovest;Piemonte;VC;M106;0;0
Nord Est;Veneto;BL;M108;6;23,17
Nord Ovest;Lombardia;PV;M109;163,5;445,21
Nord Est;Emilia-Romagna;FE;M110;6;33,5
Nord Ovest;Piemonte;VB;M111;3,5;7
Sud;Campania;NA;M115;16,81;106,51
Nord Ovest;Lombardia;CR;M116;1;0
Nord Est;Veneto;TV;M118;9,78;112,48
Nord Ovest;Lombardia;PV;M119;0;1
Nord Ovest;Piemonte;AL;M120;4;6,02
Nord Ovest;Piemonte;AL;M121;0;5
Nord Ovest;Piemonte;TO;M122;35,49;162,71
Nord Ovest;Piemonte;AL;M123;0,88;5,25
Nord Est;Veneto;BL;M124;9,25;9,17
Nord Ovest;Lombardia;MN;M125;8;59,05
Centro;Toscana;PI;M126;40,5;28,25
Nord Ovest;Lombardia;CR;M127;0;0
Sud;Campania;AV;M130;3,5;7,3
Sud;Puglia;FG;M131;1;0
Sud;Puglia;FG;M132;5,03;2
Nord Ovest;Piemonte;TO;M133;12,86;86,5
Nord Ovest;Piemonte;CN;M136;2;5
Sud;Calabria;VV;M138;0;1
Isole;Sicilia;CT;M139;13;17,68
Sud;Calabria;CZ;M140;6;0
Centro;Lazio;RM;M141;53,5;80,8
Sud;Calabria;VV;M143;4;4
Nord Ovest;Lombardia;BG;M144;3;19,78
Nord Est;Veneto;VI;M145;2;36,5
Nord Ovest;Lombardia;BG;M147;21,62;117,72
Nord Ovest;Lombardia;PV;M150;3;4,5
Nord Ovest;Lombardia;PV;M152;0;13
Isole;Sardegna;OR;M153;0;0
Nord Ovest;Lombardia;CO;M156;0;4,5
Nord Ovest;Lombardia;LO;M158;20,62;107,04
Nord Ovest;Lombardia;PV;M161;0;6,5
Nord Ovest;Lombardia;PV;M162;0;1
Nord Est;Veneto;TV;M163;1;7,67
Nord Est;Emilia-Romagna;PC;M165;0;3,75
Nord Ovest;Lombardia;PV;M166;4,33;6
Nord Ovest;Lombardia;PV;M167;0;21,08
Isole;Sardegna;OR;M168;0;0
Centro;Toscana;MS;M169;9,5;3
Nord Est;Veneto;VI;M170;1;11
Nord Est;Veneto;TV;M171;7;94,17
Nord Est;Veneto;VR;M172;14,51;168,32
Nord Ovest;Lombardia;MI;M176;5,31;106,89
Nord Ovest;Liguria;SP;M177;1;1
Nord Est;Veneto;VR;M178;6,22;35,67
Nord Ovest;Piemonte;BI;M179;0,5;3,5
Nord Ovest;Lombardia;PV;M180;6;30,83
Nord Ovest;Liguria;GE;M182;11,55;71,37
Nord Est;Emilia-Romagna;MO;M183;13;75,52
Nord Ovest;Lombardia;BG;M184;11,67;56,11
Nord Est;Emilia-Romagna;BO;M185;104,65;332,29
Sud;Puglia;LE;M187;2,98;4,98
Nord Ovest;Lombardia;BS;M188;2;12,33
Nord Est;Veneto;BL;M189;1;0
Nord Est;Friuli- Venezia Giulia;PN;M190;10;40
Nord Est;Veneto;VI;M194;2;7
Nord Ovest;Piemonte;BI;M196;6;9,89
Nord Ovest;Liguria;SV;M197;0;2
Nord Est;Veneto;VI;M199;10;76,83
Nord Est;Friuli- Venezia Giulia;UD;M200;2;1
Nord Ovest;Piemonte;BI;M201;3;5
Sud;Calabria;CS;M202;2;0
Sud;Campania;AV;M203;2;0
Sud;Calabria;VV;M204;1;1
Centro;Lazio;RM;M207;8;60
Sud;Calabria;CZ;M208;56,64;73,62
Isole;Sardegna;CA;M209;0;3
Isole;Sicilia;ME;M210;1,33;3
Isole;Sicilia;ME;M211;3,17;8,86
Centro;Lazio;RM;M212;47,66;271
Centro;Lazio;RM;M213;80,17;330,48
Isole;Sardegna;SS;M214;1;45,36
Sud;Campania;SA;M253;9;3
Sud;Abruzzo;AQ;M255;0;0
Sud;Basilicata;MT;M256;2;17,5
Isole;Sicilia;SR;M257;2,83;11
Centro;Umbria;TR;M258;7;11
Isole;Sardegna;SS;M259;0;23
Sud;Campania;CE;M260;3,66;2
Sud;Puglia;LE;M261;4;5
Sud;Puglia;LE;M263;7;31,86
Sud;Puglia;LE;M264;2;2,67
Nord Est;Friuli- Venezia Giulia;PN;M265;2;4,5
Sud;Puglia;FG;M266;0,1;4
Isole;Sicilia;PA;M268;1;2
Sud;Basilicata;PZ;M269;7,5;0
Isole;Sardegna;CA;M270;0;1
Isole;Sicilia;CT;M271;2,83;2
Centro;Lazio;RM;M272;54;277,72
Sud;Campania;NA;M273;10,3;9,5
Isole;Sardegna;SS;M274;12;54
Isole;Sardegna;SS;M275;6,6;57,8
Isole;Sardegna;SS;M276;0;2
Sud;Calabria;RC;M277;1;1
Isole;Sardegna;CA;M278;0;0
Isole;Sicilia;SR;M279;1;20
Sud;Campania;NA;M280;9,42;15,76
Isole;Sicilia;TP;M281;0;1
Isole;Sardegna;SS;M282;3;0
Isole;Sicilia;CT;M283;0;1
Isole;Sardegna;SS;M284;0;4
Isole;Sicilia;ME;M286;6,5;7
Isole;Sicilia;CT;M287;5;7,5
Isole;Sardegna;CA;M288;2;14,04
Sud;Campania;NA;M289;4,66;6
Isole;Sardegna;SS;M290;4;9,63
Isole;Sardegna;CA;M291;0;0
Isole;Sardegna;SS;M292;0;0
Sud;Campania;SA;M294;11,49;26,84
Centro;Lazio;RM;M295;30,83;57,5
Centro;Lazio;RM;M297;146,16;1481,26
Sud;Puglia;TA;M298;12,34;24,79
Nord Est;Veneto;PD;M300;13,3;87,65
Isole;Sardegna;SS;M301;4;0
Nord Ovest;Piemonte;AT;M302;3;11
Nord Est;Veneto;VE;M308;19,64;188,49
Centro;Lazio;RM;M309;68,17;284,63
Nord Ovest;Lombardia;BS;M312;24,31;236,24
Nord Ovest;Lombardia;CO;M315;33;43,55
Nord Ovest;Piemonte;TO;M316;17,83;82,33
Nord Est;Friuli- Venezia Giulia;UD;M317;7,5;34,39
Centro;Marche;AN;M318;10,7;71
Centro;Toscana;LU;M319;1;2
Nord Est;Emilia-Romagna;BO;M320;92,36;400,5
Centro;Toscana;FI;M321;80,93;181,74
Centro;Toscana;AR;M322;18,5;47,04
Nord Est;Emilia-Romagna;FE;M323;17,67;70,39
Nord Est;Emilia-Romagna;RN;M324;5,22;34,66
Nord Est;Emilia-Romagna;PR;M325;9;70
Centro;Toscana;FI;M326;24,4;58,33
Centro;Toscana;PI;M327;33,39;82,67
Centro;Toscana;PI;M328;13,5;31,67
Centro;Toscana;AR;M329;17,26;30,52
Sud;Campania;AV;M330;23,89;42,33
Centro;Marche;PS;M331;18,11;114,48
Nord Est;Veneto;BL;M332;3;20,5
Nord Ovest;Lombardia;BG;M333;11,15;32,5
Nord Ovest;Lombardia;BG;M334;14,91;40,78
Nord Ovest;Lombardia;CO;M335;25,28;40,36
Nord Ovest;Lombardia;CO;M336;20;74,28
Nord Ovest;Lombardia;LC;M337;17,54;51,5
Nord Ovest;Lombardia;PV;M338;0;3
Nord Ovest;Lombardia;VA;M339;15;26
Nord Ovest;Lombardia;MN;M340;17,25;178,79
Nord Ovest;Lombardia;CO;M341;24,25;51,33
Nord Est;Veneto;BL;M342;9;21,62
Nord Est;Friuli- Venezia Giulia;PN;M346;4;14
Centro;Toscana;LU;M347;0;1
Nord Ovest;Lombardia;LC;M348;9,05;55,7
Nord Est;Emilia-Romagna;RE;M364;25,49;38,74
Nord Est;Emilia-Romagna;PR;M367;5;21,25
Nord Est;Emilia-Romagna;RN;M368;9,67;87,5
Nord Est;Emilia-Romagna;BO;M369;19,77;46,13
Nord Ovest;Piemonte;VB;M370;4;0,5
Nord Ovest;Piemonte;BI;M371;10,17;15,75
Nord Ovest;Lombardia;PV;M372;7;19,92
Nord Ovest;Piemonte;BI;M373;7;6,52
Nord Est;Veneto;BL;M374;25,04;50,12
Nord Est;Veneto;BL;M375;11,61;28,56
Centro;Toscana;PT;M376;29,95;46,89
Centro;Toscana;PT;M377;15;53,67
Centro;Toscana;SI;M378;13;27
Centro;Marche;PS;M379;2;23,17
Centro;Marche;PS;M380;14,07;99,5
Nord Est;Emilia-Romagna;FE;M381;12;143,75
Centro;Marche;MC;M382;4,84;6
Nord Ovest;Lombardia;CO;M383;37,32;58,25
Nord Est;Veneto;VI;M384;12;19,38
Sud;Calabria;CS;M385;4;11,5
Nord Est;Emilia-Romagna;PC;M386;13,33;32,17
Nord Ovest;Liguria;IM;M387;13;2
Nord Ovest;Piemonte;AL;M388;2;5
Nord Ovest;Piemonte;VC;M389;2,5;2,17
Centro;Toscana;LI;M391;26,69;54,68
Centro;Toscana;AR;M392;15;15,33
Nord Ovest;Lombardia;LO;M393;1;13
Nord Ovest;Lombardia;CO;M394;10;42,65
Nord Ovest;Lombardia;LC;M395;6;10
Nord Ovest;Lombardia;MN;M396;3,5;43,74
Nord Ovest;Piemonte;AL;M397;5;6,5
Nord Ovest;Piemonte;VC;M398;3,39;8,96
Nord Est;Friuli- Venezia Giulia;UD;M399;0;2,05
Nord Est;Veneto;VI;M401;2;26,5
Nord Est;Veneto;PD;M402;2,25;48,05
Sud;Calabria;CS;M403;150,44;103,33
Nord Ovest;Piemonte;VB;M404;13,51;4,5
Nord Ovest;Piemonte;TO;M405;10;12
Nord Ovest;Lombardia;MN;M406;2;9
Centro;Toscana;FI;M408;23,87;77,26
Nord Est;Emilia-Romagna;FE;M409;5;67,99
Nord Est;Emilia-Romagna;FE;M410;13,5;74,18
Nord Est;Emilia-Romagna;PR;M411;30,5;156,61
Nord Ovest;Lombardia;CO;M412;15;35,33
Centro;Marche;PS;M413;12,17;8,79
Nord Ovest;Piemonte;BI;M414;5;18
Nord Ovest;Piemonte;TO;M415;1;9
Nord Ovest;Piemonte;NO;M416;6,5;32,1
Nord Ovest;Piemonte;BI;M417;48,5;98,93
Nord Ovest;Lombardia;CR;M418;8;32,5
Nord Ovest;Lombardia;PV;M419;4;8
Nord Ovest;Piemonte;AL;M420;2;12
Nord Est;Veneto;BL;M421;21,16;90,73
Nord Est;Veneto;TV;M422;8,5;37,5
Nord Est;Veneto;VI;M423;15,33;29,67
Nord Ovest;Lombardia;MI;M424;9;100,92
Nord Ovest;Lombardia;VA;M425;3,05;30,05
Nord Est;Veneto;VI;M426;3,67;35,06
Nord Est;Veneto;VI;M427;7,44;49,33
Sud;Puglia;LE;M428;5,81;11,69
Isole;Sicilia;TP;M432;8;2
Nord Ovest;Lombardia;VA;M433;8,03;42,83
Nord Ovest;Piemonte;AT;M434;2;0
