AREA;Regione;prov;2016_CodCom;Comune
Centro;Lazio;FR;A032;ACQUAFONDATA
Centro;Lazio;FR;A054;ACUTO
Centro;Lazio;FR;A081;VILLA LATINA
Centro;Lazio;FR;A123;ALATRI
Centro;Lazio;FR;A244;ALVITO
Centro;Lazio;FR;A256;AMASENO
Centro;Lazio;FR;A269;ANAGNI
Centro;Lazio;FR;A310;FIUGGI
Centro;Lazio;FR;A348;AQUINO
Centro;Lazio;FR;A363;ARCE
Centro;Lazio;FR;A421;ARNARA
Centro;Lazio;FR;A433;ARPINO
Centro;Lazio;FR;A486;ATINA
Centro;Lazio;FR;A502;AUSONIA
Centro;Lazio;FR;A720;BOVILLE ERNICA
Centro;Lazio;FR;A763;BELMONTE CASTELLO
Centro;Lazio;FR;B195;BROCCOSTELLA
Centro;Lazio;FR;B543;CAMPOLI APPENNINO
Centro;Lazio;FR;B862;CASALATTICO
Centro;Lazio;FR;B919;CASALVIERI
Centro;Lazio;FR;C034;CASSINO
Centro;Lazio;FR;C177;CASTELLIRI
Centro;Lazio;FR;C223;CASTELNUOVO PARANO
Centro;Lazio;FR;C338;CASTRO DEI VOLSCI
Centro;Lazio;FR;C340;CASTROCIELO
Centro;Lazio;FR;C413;CECCANO
Centro;Lazio;FR;C479;CEPRANO
Centro;Lazio;FR;C545;CERVARO
Centro;Lazio;FR;C836;COLFELICE
Centro;Lazio;FR;C864;COLLEPARDO
Centro;Lazio;FR;C870;COLLE SAN MAGNO
Centro;Lazio;FR;C998;CORENO AUSONIO
Centro;Lazio;FR;D440;ESPERIA
Centro;Lazio;FR;D483;FALVATERRA
Centro;Lazio;FR;D539;FERENTINO
Centro;Lazio;FR;D591;FILETTINO
Centro;Lazio;FR;D667;FONTANA LIRI
Centro;Lazio;FR;D682;FONTECHIARI
Centro;Lazio;FR;D810;FROSINONE
Centro;Lazio;FR;D819;FUMONE
Centro;Lazio;FR;D881;GALLINARO
Centro;Lazio;FR;E057;GIULIANO DI ROMA
Centro;Lazio;FR;E236;GUARCINO
Centro;Lazio;FR;E340;ISOLA DEL LIRI
Centro;Lazio;FR;F620;MONTE S GIOVANNI CAMPAN
Centro;Lazio;FR;F740;MOROLO
Centro;Lazio;FR;G276;PALIANO
Centro;Lazio;FR;G362;PASTENA
Centro;Lazio;FR;G374;PATRICA
Centro;Lazio;FR;G500;PESCOSOLIDO
Centro;Lazio;FR;G591;PICINISCO
Centro;Lazio;FR;G592;PICO
Centro;Lazio;FR;G598;PIEDIMONTE SAN GERMANO
Centro;Lazio;FR;G659;PIGLIO
Centro;Lazio;FR;G662;PIGNATARO INTERAMNA
Centro;Lazio;FR;G749;POFI
Centro;Lazio;FR;G838;PONTECORVO
Centro;Lazio;FR;G935;POSTA FIBRENO
Centro;Lazio;FR;H324;RIPI
Centro;Lazio;FR;H393;ROCCADARCE
Centro;Lazio;FR;H443;ROCCASECCA
Centro;Lazio;FR;H779;SAN BIAGIO SARACINISCO
Centro;Lazio;FR;H824;S DONATO VAL DI COMINO
Centro;Lazio;FR;H880;SAN GIORGIO A LIRI
Centro;Lazio;FR;H917;SAN GIOVANNI INCARICO
Centro;Lazio;FR;I256;S AMBROGIO S GARIGLIANO
Centro;Lazio;FR;I265;S ANDREA DEL GARIGLIANO
Centro;Lazio;FR;I302;SANT`APOLLINARE
Centro;Lazio;FR;I321;SANT`ELIA FIUMERAPIDO
Centro;Lazio;FR;I351;SANTOPADRE
Centro;Lazio;FR;I364;VILLA SANTO STEFANO
Centro;Lazio;FR;I408;SAN VITTORE DEL LAZIO
Centro;Lazio;FR;I669;SERRONE
Centro;Lazio;FR;I697;SETTEFRATI
Centro;Lazio;FR;I716;SGURGOLA
Centro;Lazio;FR;I838;SORA
Centro;Lazio;FR;I973;STRANGOLAGALLI
Centro;Lazio;FR;L009;SUPINO
Centro;Lazio;FR;L105;TERELLE
Centro;Lazio;FR;L243;TORRE CAJETANI
Centro;Lazio;FR;L290;TORRICE
Centro;Lazio;FR;L398;TREVI NEL LAZIO
Centro;Lazio;FR;L437;TRIVIGLIANO
Centro;Lazio;FR;L598;VALLECORSA
Centro;Lazio;FR;L605;VALLEMAIO
Centro;Lazio;FR;L614;VALLEROTONDA
Centro;Lazio;FR;L780;VEROLI
Centro;Lazio;FR;L836;VICALVI
Centro;Lazio;FR;L843;VICO NEL LAZIO
Centro;Lazio;FR;L905;VILLA SANTA LUCIA
Centro;Lazio;FR;M083;VITICUSO
Centro;Lazio;LT;A341;APRILIA
Centro;Lazio;LT;A707;BASSIANO
Centro;Lazio;LT;B527;CAMPODIMELE
Centro;Lazio;LT;C104;CASTELFORTE
Centro;Lazio;LT;C740;CISTERNA DI LATINA
Centro;Lazio;LT;D003;CORI
Centro;Lazio;LT;D662;FONDI
Centro;Lazio;LT;D708;FORMIA
Centro;Lazio;LT;D843;GAETA
Centro;Lazio;LT;E375;ITRI
Centro;Lazio;LT;E472;LATINA
Centro;Lazio;LT;E527;LENOLA
Centro;Lazio;LT;E798;MAENZA
Centro;Lazio;LT;F224;MINTURNO
Centro;Lazio;LT;F616;MONTE SAN BIAGIO
Centro;Lazio;LT;F937;NORMA
Centro;Lazio;LT;G698;PRIVERNO
Centro;Lazio;LT;G865;PONTINIA
Centro;Lazio;LT;G871;PONZA
Centro;Lazio;LT;H076;PROSSEDI
Centro;Lazio;LT;H413;ROCCAGORGA
Centro;Lazio;LT;H421;ROCCAMASSIMA
Centro;Lazio;LT;H444;ROCCASECCA DEI VOLSCI
Centro;Lazio;LT;H647;SABAUDIA
Centro;Lazio;LT;H836;SAN FELICE CIRCEO
Centro;Lazio;LT;I339;SANTI COSMA E DAMIANO
Centro;Lazio;LT;I634;SERMONETA
Centro;Lazio;LT;I712;SEZZE
Centro;Lazio;LT;I832;SONNINO
Centro;Lazio;LT;I892;SPERLONGA
Centro;Lazio;LT;I902;SPIGNO SATURNIA
Centro;Lazio;LT;L120;TERRACINA
Centro;Lazio;LT;L742;VENTOTENE
Centro;Lazio;RI;A019;ACCUMOLI
Centro;Lazio;RI;A258;AMATRICE
Centro;Lazio;RI;A315;ANTRODOCO
Centro;Lazio;RI;A464;ASCREA
Centro;Lazio;RI;A472;CASPERIA
Centro;Lazio;RI;A765;BELMONTE IN SABINA
Centro;Lazio;RI;A981;BORBONA
Centro;Lazio;RI;A996;BORGO VELINO
Centro;Lazio;RI;B008;BORGOROSE
Centro;Lazio;RI;B595;ORVINIO
Centro;Lazio;RI;B627;CANTALICE
Centro;Lazio;RI;B631;CANTALUPO IN SABINA
Centro;Lazio;RI;B934;CASAPROTA
Centro;Lazio;RI;C098;CASTEL DI TORA
Centro;Lazio;RI;C224;CASTELNUOVO DI FARFA
Centro;Lazio;RI;C268;CASTEL SANT ANGELO
Centro;Lazio;RI;C746;CITTADUCALE
Centro;Lazio;RI;C749;CITTAREALE
Centro;Lazio;RI;C841;COLLALTO SABINO
Centro;Lazio;RI;C857;COLLE DI TORA
Centro;Lazio;RI;C859;COLLEGIOVE
Centro;Lazio;RI;C876;COLLEVECCHIO
Centro;Lazio;RI;C880;COLLI SUL VELINO
Centro;Lazio;RI;C946;CONCERVIANO
Centro;Lazio;RI;C959;CONFIGNI
Centro;Lazio;RI;C969;CONTIGLIANO
Centro;Lazio;RI;D124;COTTANELLO
Centro;Lazio;RI;D493;FARA IN SABINA
Centro;Lazio;RI;D560;FIAMIGNANO
Centro;Lazio;RI;D689;FORANO
Centro;Lazio;RI;D785;FRASSO SABINO
Centro;Lazio;RI;E160;GRECCIO
Centro;Lazio;RI;E393;LABRO
Centro;Lazio;RI;E535;LEONESSA
Centro;Lazio;RI;E681;LONGONE SABINO
Centro;Lazio;RI;E812;MAGLIANO SABINA
Centro;Lazio;RI;E927;MARCETELLI
Centro;Lazio;RI;F193;MICIGLIANO
Centro;Lazio;RI;F319;MOMPEO
Centro;Lazio;RI;F430;MONTASOLA
Centro;Lazio;RI;F446;MONTEBUONO
Centro;Lazio;RI;F541;MONTELEONE SABINO
Centro;Lazio;RI;F579;MONTENERO SABINO
Centro;Lazio;RI;F619;MONTE S GIOVANNI SABINA
Centro;Lazio;RI;F687;MONTOPOLI DI SABINA
Centro;Lazio;RI;F746;MORRO REATINO
Centro;Lazio;RI;F876;NESPOLO
Centro;Lazio;RI;G232;PAGANICO SABINO
Centro;Lazio;RI;G498;PESCOROCCHIANO
Centro;Lazio;RI;G507;TURANIA
Centro;Lazio;RI;G513;PETRELLA SALTO
Centro;Lazio;RI;G756;POGGIO BUSTONE
Centro;Lazio;RI;G757;POGGIO CATINO
Centro;Lazio;RI;G763;POGGIO MIRTETO
Centro;Lazio;RI;G764;POGGIO MOIANO
Centro;Lazio;RI;G765;POGGIO NATIVO
Centro;Lazio;RI;G770;POGGIO SAN LORENZO
Centro;Lazio;RI;G934;POSTA
Centro;Lazio;RI;G951;POZZAGLIA SABINA
Centro;Lazio;RI;H282;RIETI
Centro;Lazio;RI;H354;RIVODUTRI
Centro;Lazio;RI;H427;ROCCANTICA
Centro;Lazio;RI;H446;ROCCA SINIBALDA
Centro;Lazio;RI;H713;SALISANO
Centro;Lazio;RI;I499;SCANDRIGLIA
Centro;Lazio;RI;I581;SELCI
Centro;Lazio;RI;I959;STIMIGLIANO
Centro;Lazio;RI;L046;TARANO
Centro;Lazio;RI;L189;TOFFIA
Centro;Lazio;RI;L286;TORRI IN SABINA
Centro;Lazio;RI;L293;TORRICELLA IN SABINA
Centro;Lazio;RI;L525;VACONE
Centro;Lazio;RI;L676;VARCO SABINO
Centro;Lazio;RM;A062;AFFILE
Centro;Lazio;RM;A084;AGOSTA
Centro;Lazio;RM;A132;ALBANO LAZIALE
Centro;Lazio;RM;A210;ALLUMIERE
Centro;Lazio;RM;A297;ANGUILLARA SABAZIA
Centro;Lazio;RM;A309;ANTICOLI CORRADO
Centro;Lazio;RM;A323;ANZIO
Centro;Lazio;RM;A370;ARCINAZZO ROMANO
Centro;Lazio;RM;A401;ARICCIA
Centro;Lazio;RM;A446;ARSOLI
Centro;Lazio;RM;A449;ARTENA
Centro;Lazio;RM;A749;BELLEGRA
Centro;Lazio;RM;B114;BRACCIANO
Centro;Lazio;RM;B472;CAMERATA NUOVA
Centro;Lazio;RM;B496;CAMPAGNANO DI ROMA
Centro;Lazio;RM;B576;CANALE MONTERANO
Centro;Lazio;RM;B632;MANDELA
Centro;Lazio;RM;B635;CANTERANO
Centro;Lazio;RM;B649;CAPENA
Centro;Lazio;RM;B687;CAPRANICA PRENESTINA
Centro;Lazio;RM;B828;CARPINETO ROMANO
Centro;Lazio;RM;B932;CASAPE
Centro;Lazio;RM;C116;CASTEL GANDOLFO
Centro;Lazio;RM;C203;CASTEL MADAMA
Centro;Lazio;RM;C237;CASTELNUOVO DI PORTO
Centro;Lazio;RM;C266;CASTEL S PIETRO ROMANO
Centro;Lazio;RM;C390;CAVE
Centro;Lazio;RM;C518;CERRETO LAZIALE
Centro;Lazio;RM;C543;CERVARA DI ROMA
Centro;Lazio;RM;C552;CERVETERI
Centro;Lazio;RM;C677;CICILIANO
Centro;Lazio;RM;C702;CINETO ROMANO
Centro;Lazio;RM;C767;LANUVIO
Centro;Lazio;RM;C773;CIVITAVECCHIA
Centro;Lazio;RM;C784;CIVITELLA SAN PAOLO
Centro;Lazio;RM;C858;COLLEFERRO
Centro;Lazio;RM;C900;COLONNA
Centro;Lazio;RM;D561;FIANO ROMANO
Centro;Lazio;RM;D586;FILACCIANO
Centro;Lazio;RM;D707;FORMELLO
Centro;Lazio;RM;D773;FRASCATI
Centro;Lazio;RM;D875;GALLICANO NEL LAZIO
Centro;Lazio;RM;D945;GAVIGNANO
Centro;Lazio;RM;D964;GENAZZANO
Centro;Lazio;RM;D972;GENZANO DI ROMA
Centro;Lazio;RM;D978;GERANO
Centro;Lazio;RM;E091;GORGA
Centro;Lazio;RM;E204;GROTTAFERRATA
Centro;Lazio;RM;E263;GUIDONIA MONTECELIO
Centro;Lazio;RM;E382;JENNE
Centro;Lazio;RM;E392;LABICO
Centro;Lazio;RM;E576;LICENZA
Centro;Lazio;RM;E813;MAGLIANO ROMANO
Centro;Lazio;RM;E900;MANZIANA
Centro;Lazio;RM;E908;MARANO EQUO
Centro;Lazio;RM;E924;MARCELLINA
Centro;Lazio;RM;E958;MARINO
Centro;Lazio;RM;F064;MAZZANO ROMANO
Centro;Lazio;RM;F127;MENTANA
Centro;Lazio;RM;F477;MONTECOMPATRI
Centro;Lazio;RM;F504;MONTEFLAVIO
Centro;Lazio;RM;F534;MONTELANICO
Centro;Lazio;RM;F545;MONTELIBRETTI
Centro;Lazio;RM;F590;MONTE PORZIO CATONE
Centro;Lazio;RM;F611;MONTEROTONDO
Centro;Lazio;RM;F692;MONTORIO ROMANO
Centro;Lazio;RM;F730;MORICONE
Centro;Lazio;RM;F734;MORLUPO
Centro;Lazio;RM;F857;NAZZANO
Centro;Lazio;RM;F865;NEMI
Centro;Lazio;RM;F871;NEROLA
Centro;Lazio;RM;F880;NETTUNO
Centro;Lazio;RM;G022;OLEVANO ROMANO
Centro;Lazio;RM;G274;PALESTRINA
Centro;Lazio;RM;G293;PALOMBARA SABINA
Centro;Lazio;RM;G444;PERCILE
Centro;Lazio;RM;G704;PISONIANO
Centro;Lazio;RM;G784;POLI
Centro;Lazio;RM;G811;POMEZIA
Centro;Lazio;RM;G874;PONZANO ROMANO
Centro;Lazio;RM;H267;RIANO
Centro;Lazio;RM;H288;RIGNANO FLAMINIO
Centro;Lazio;RM;H300;RIOFREDDO
Centro;Lazio;RM;H387;ROCCA CANTERANO
Centro;Lazio;RM;H401;ROCCA DI CAVE
Centro;Lazio;RM;H404;ROCCA DI PAPA
Centro;Lazio;RM;H411;ROCCAGIOVINE
Centro;Lazio;RM;H432;ROCCA PRIORA
Centro;Lazio;RM;H441;ROCCA SANTO STEFANO
Centro;Lazio;RM;H494;ROIATE
Centro;Lazio;RM;H501;ROMA
Centro;Lazio;RM;H618;ROVIANO
Centro;Lazio;RM;H658;SACROFANO
Centro;Lazio;RM;H745;SAMBUCI
Centro;Lazio;RM;H942;SAN GREGORIO DA SASSOLA
Centro;Lazio;RM;I125;SAN POLO DEI CAVALIERI
Centro;Lazio;RM;I255;SANTA MARINELLA
Centro;Lazio;RM;I284;SANT`ANGELO ROMANO
Centro;Lazio;RM;I352;SANT`ORESTE
Centro;Lazio;RM;I400;SAN VITO ROMANO
Centro;Lazio;RM;I424;SARACINESCO
Centro;Lazio;RM;I573;SEGNI
Centro;Lazio;RM;I992;SUBIACO
Centro;Lazio;RM;L182;TIVOLI
Centro;Lazio;RM;L192;TOLFA
Centro;Lazio;RM;L302;TORRITA TIBERINA
Centro;Lazio;RM;L401;TREVIGNANO ROMANO
Centro;Lazio;RM;L611;VALLEPIETRA
Centro;Lazio;RM;L625;VALLINFREDA
Centro;Lazio;RM;L639;VALMONTONE
Centro;Lazio;RM;L719;VELLETRI
Centro;Lazio;RM;L851;VICOVARO
Centro;Lazio;RM;M095;VIVARO ROMANO
Centro;Lazio;RM;M141;ZAGAROLO
Centro;Lazio;RM;M207;LARIANO
Centro;Lazio;RM;M212;LADISPOLI
Centro;Lazio;RM;M213;ARDEA
Centro;Lazio;RM;M272;CIAMPINO
Centro;Lazio;RM;M295;SAN CESAREO
Centro;Lazio;RM;M297;FIUMICINO
Centro;Lazio;VT;A040;ACQUAPENDENTE
Centro;Lazio;VT;A412;ARLENA DI CASTRO
Centro;Lazio;VT;A577;BAGNOREGIO
Centro;Lazio;VT;A628;BARBARANO ROMANO
Centro;Lazio;VT;A701;VASANELLO
Centro;Lazio;VT;A704;BASSANO ROMANO
Centro;Lazio;VT;A706;BASSANO IN TEVERINA
Centro;Lazio;VT;A857;BLERA
Centro;Lazio;VT;A949;BOLSENA
Centro;Lazio;VT;A955;BOMARZO
Centro;Lazio;VT;B388;CALCATA
Centro;Lazio;VT;B597;CANEPINA
Centro;Lazio;VT;B604;CANINO
Centro;Lazio;VT;B663;CAPODIMONTE
Centro;Lazio;VT;B688;CAPRANICA
Centro;Lazio;VT;B691;CAPRAROLA
Centro;Lazio;VT;B735;CARBOGNANO
Centro;Lazio;VT;C269;CASTEL SANT`ELIA
Centro;Lazio;VT;C315;CASTIGLIONE IN TEVERINA
Centro;Lazio;VT;C446;CELLENO
Centro;Lazio;VT;C447;CELLERE
Centro;Lazio;VT;C765;CIVITA CASTELLANA
Centro;Lazio;VT;C780;CIVITELLA D`AGLIANO
Centro;Lazio;VT;C988;CORCHIANO
Centro;Lazio;VT;D024;TARQUINIA
Centro;Lazio;VT;D452;FABRICA DI ROMA
Centro;Lazio;VT;D475;FALERIA
Centro;Lazio;VT;D503;FARNESE
Centro;Lazio;VT;D870;GALLESE
Centro;Lazio;VT;E126;GRADOLI
Centro;Lazio;VT;E128;GRAFFIGNANO
Centro;Lazio;VT;E210;GROTTE DI CASTRO
Centro;Lazio;VT;E330;ISCHIA DI CASTRO
Centro;Lazio;VT;E467;LATERA
Centro;Lazio;VT;E713;LUBRIANO
Centro;Lazio;VT;E978;MARTA
Centro;Lazio;VT;F419;MONTALTO DI CASTRO
Centro;Lazio;VT;F499;MONTEFIASCONE
Centro;Lazio;VT;F603;MONTE ROMANO
Centro;Lazio;VT;F606;MONTEROSI
Centro;Lazio;VT;F868;NEPI
Centro;Lazio;VT;G065;ONANO
Centro;Lazio;VT;G111;ORIOLO ROMANO
Centro;Lazio;VT;G135;ORTE
Centro;Lazio;VT;G571;PIANSANO
Centro;Lazio;VT;H071;PROCENO
Centro;Lazio;VT;H534;RONCIGLIONE
Centro;Lazio;VT;H913;VILLA S GIOVANNI TUSCIA
Centro;Lazio;VT;H969;SAN LORENZO NUOVO
Centro;Lazio;VT;I855;SORIANO NEL CIMINO
Centro;Lazio;VT;L017;SUTRI
Centro;Lazio;VT;L150;TESSENNANO
Centro;Lazio;VT;L310;TUSCANIA
Centro;Lazio;VT;L569;VALENTANO
Centro;Lazio;VT;L612;VALLERANO
Centro;Lazio;VT;L713;VEIANO
Centro;Lazio;VT;L814;VETRALLA
Centro;Lazio;VT;L882;VIGNANELLO
Centro;Lazio;VT;M082;VITERBO
Centro;Lazio;VT;M086;VITORCHIANO
Centro;Marche;AN;A092;AGUGLIANO
Centro;Marche;AN;A271;ANCONA
Centro;Marche;AN;A366;ARCEVIA
Centro;Marche;AN;A626;BARBARA
Centro;Marche;AN;A769;BELVEDERE OSTRENSE
Centro;Marche;AN;B468;CAMERANO
Centro;Marche;AN;B470;CAMERATA PICENA
Centro;Marche;AN;C060;CASTELBELLINO
Centro;Marche;AN;C100;CASTELFIDARDO
Centro;Marche;AN;C152;CASTELLEONE DI SUASA
Centro;Marche;AN;C248;CASTELPLANIO
Centro;Marche;AN;C524;CERRETO D`ESI
Centro;Marche;AN;C615;CHIARAVALLE
Centro;Marche;AN;D007;CORINALDO
Centro;Marche;AN;D211;CUPRAMONTANA
Centro;Marche;AN;D451;FABRIANO
Centro;Marche;AN;D472;FALCONARA MARITTIMA
Centro;Marche;AN;D597;FILOTTRANO
Centro;Marche;AN;D965;GENGA
Centro;Marche;AN;E388;JESI
Centro;Marche;AN;E690;LORETO
Centro;Marche;AN;E837;MAIOLATI SPONTINI
Centro;Marche;AN;F145;MERGO
Centro;Marche;AN;F381;MONSANO
Centro;Marche;AN;F401;OSTRA
Centro;Marche;AN;F453;MONTECAROTTO
Centro;Marche;AN;F560;MONTEMARCIANO
Centro;Marche;AN;F581;OSTRA VETERE
Centro;Marche;AN;F600;MONTE ROBERTO
Centro;Marche;AN;F634;MONTE SAN VITO
Centro;Marche;AN;F745;MORRO D`ALBA
Centro;Marche;AN;F978;NUMANA
Centro;Marche;AN;G003;OFFAGNA
Centro;Marche;AN;G157;OSIMO
Centro;Marche;AN;G771;POGGIO SAN MARCELLO
Centro;Marche;AN;G803;POLVERIGI
Centro;Marche;AN;H575;ROSORA
Centro;Marche;AN;H979;SAN MARCELLO
Centro;Marche;AN;I071;SAN PAOLO DI JESI
Centro;Marche;AN;I251;SANTA MARIA NUOVA
Centro;Marche;AN;I461;SASSOFERRATO
Centro;Marche;AN;I608;SENIGALLIA
Centro;Marche;AN;I643;SERRA DE` CONTI
Centro;Marche;AN;I653;SERRA SAN QUIRICO
Centro;Marche;AN;I758;SIROLO
Centro;Marche;AN;I932;STAFFOLO
Centro;Marche;AN;M318;TRECASTELLI
Centro;Marche;AP;A044;ACQUASANTA TERME
Centro;Marche;AP;A047;ACQUAVIVA PICENA
Centro;Marche;AP;A233;ALTIDONA
Centro;Marche;AP;A252;AMANDOLA
Centro;Marche;AP;A335;APPIGNANO DEL TRONTO
Centro;Marche;AP;A437;ARQUATA DEL TRONTO
Centro;Marche;AP;A462;ASCOLI PICENO
Centro;Marche;AP;A760;BELMONTE PICENO
Centro;Marche;AP;B534;CAMPOFILONE
Centro;Marche;AP;B727;CARASSAI
Centro;Marche;AP;C070;SERVIGLIANO
Centro;Marche;AP;C093;CASTEL DI LAMA
Centro;Marche;AP;C321;CASTIGNANO
Centro;Marche;AP;C331;CASTORANO
Centro;Marche;AP;C877;COLLI DEL TRONTO
Centro;Marche;AP;C935;COMUNANZA
Centro;Marche;AP;D096;COSSIGNANO
Centro;Marche;AP;D210;CUPRA MARITTIMA
Centro;Marche;AP;D477;FALERONE
Centro;Marche;AP;D542;FERMO
Centro;Marche;AP;D652;FOLIGNANO
Centro;Marche;AP;D691;FORCE
Centro;Marche;AP;D760;FRANCAVILLA D`ETE
Centro;Marche;AP;E207;GROTTAMMARE
Centro;Marche;AP;E208;GROTTAZZOLINA
Centro;Marche;AP;E447;LAPEDONA
Centro;Marche;AP;E807;MAGLIANO DI TENNA
Centro;Marche;AP;E868;MALTIGNANO
Centro;Marche;AP;F021;MASSA FERMANA
Centro;Marche;AP;F044;MASSIGNANO
Centro;Marche;AP;F379;MONSAMPIETRO MORICO
Centro;Marche;AP;F380;MONSAMPOLO DEL TRONTO
Centro;Marche;AP;F415;MONTALTO DELLE MARCHE
Centro;Marche;AP;F428;MONTAPPONE
Centro;Marche;AP;F487;MONTEDINOVE
Centro;Marche;AP;F493;MONTEFALCONE APPENNINO
Centro;Marche;AP;F501;MONTEFIORE DELL`ASO
Centro;Marche;AP;F509;MONTEFORTINO
Centro;Marche;AP;F516;MONTEGALLO
Centro;Marche;AP;F517;MONTE GIBERTO
Centro;Marche;AP;F520;MONTEGIORGIO
Centro;Marche;AP;F522;MONTEGRANARO
Centro;Marche;AP;F536;MONTELEONE DI FERMO
Centro;Marche;AP;F549;MONTELPARO
Centro;Marche;AP;F570;MONTEMONACO
Centro;Marche;AP;F591;MONTEPRANDONE
Centro;Marche;AP;F599;MONTE RINALDO
Centro;Marche;AP;F614;MONTERUBBIANO
Centro;Marche;AP;F626;MONTE SAN PIETRANGELI
Centro;Marche;AP;F653;MONTE URANO
Centro;Marche;AP;F664;MONTE VIDON COMBATTE
Centro;Marche;AP;F665;MONTE VIDON CORRADO
Centro;Marche;AP;F697;MONTOTTONE
Centro;Marche;AP;F722;MORESCO
Centro;Marche;AP;G005;OFFIDA
Centro;Marche;AP;G137;ORTEZZANO
Centro;Marche;AP;G289;PALMIANO
Centro;Marche;AP;G403;PEDASO
Centro;Marche;AP;G516;PETRITOLI
Centro;Marche;AP;G873;PONZANO DI FERMO
Centro;Marche;AP;G920;PORTO SAN GIORGIO
Centro;Marche;AP;G921;PORTO SANT`ELPIDIO
Centro;Marche;AP;H182;RAPAGNANO
Centro;Marche;AP;H321;RIPATRANSONE
Centro;Marche;AP;H390;ROCCAFLUVIONE
Centro;Marche;AP;H588;ROTELLA
Centro;Marche;AP;H769;S BENEDETTO DEL TRONTO
Centro;Marche;AP;I315;S VITTORIA IN MATENANO
Centro;Marche;AP;I324;SANT`ELPIDIO A MARE
Centro;Marche;AP;I774;SMERILLO
Centro;Marche;AP;I912;SPINETOLI
Centro;Marche;AP;L279;TORRE SAN PATRIZIO
Centro;Marche;AP;L728;VENAROTTA
Centro;Marche;MC;A031;ACQUACANINA
Centro;Marche;MC;A329;APIRO
Centro;Marche;MC;A334;APPIGNANO
Centro;Marche;MC;A739;BELFORTE DEL CHIENTI
Centro;Marche;MC;A947;BOLOGNOLA
Centro;Marche;MC;B398;CALDAROLA
Centro;Marche;MC;B474;CAMERINO
Centro;Marche;MC;B562;CAMPOROTONDO FIASTRONE
Centro;Marche;MC;C251;CASTELRAIMONDO
Centro;Marche;MC;C267;CASTELSANTANGELO S NERA
Centro;Marche;MC;C582;CESSAPALOMBO
Centro;Marche;MC;C704;CINGOLI
Centro;Marche;MC;C770;CIVITANOVA MARCHE
Centro;Marche;MC;C886;COLMURANO
Centro;Marche;MC;D042;CORRIDONIA
Centro;Marche;MC;D429;ESANATOGLIA
Centro;Marche;MC;D564;FIASTRA
Centro;Marche;MC;D566;POGGIO SAN VICINO
Centro;Marche;MC;D609;FIORDIMONTE
Centro;Marche;MC;D628;FIUMINATA
Centro;Marche;MC;D853;GAGLIOLE
Centro;Marche;MC;E228;GUALDO
Centro;Marche;MC;E694;LORO PICENO
Centro;Marche;MC;E783;MACERATA
Centro;Marche;MC;F051;MATELICA
Centro;Marche;MC;F268;MOGLIANO
Centro;Marche;MC;F454;MONTECASSIANO
Centro;Marche;MC;F460;MONTE CAVALLO
Centro;Marche;MC;F482;MONTECOSARO
Centro;Marche;MC;F496;MONTEFANO
Centro;Marche;MC;F552;MONTELUPONE
Centro;Marche;MC;F567;POLLENZA
Centro;Marche;MC;F621;MONTE SAN GIUSTO
Centro;Marche;MC;F622;MONTE SAN MARTINO
Centro;Marche;MC;F632;POTENZA PICENA
Centro;Marche;MC;F749;MORROVALLE
Centro;Marche;MC;F793;MUCCIA
Centro;Marche;MC;G436;PENNA SAN GIOVANNI
Centro;Marche;MC;G515;PETRIOLO
Centro;Marche;MC;G637;PIEVEBOVIGLIANA
Centro;Marche;MC;G657;PIEVE TORINA
Centro;Marche;MC;G690;PIORACO
Centro;Marche;MC;G919;PORTO RECANATI
Centro;Marche;MC;H211;RECANATI
Centro;Marche;MC;H323;RIPE SAN GINESIO
Centro;Marche;MC;H876;SAN GINESIO
Centro;Marche;MC;I156;SAN SEVERINO MARCHE
Centro;Marche;MC;I286;SANT`ANGELO IN PONTANO
Centro;Marche;MC;I436;SARNANO
Centro;Marche;MC;I569;SEFRO
Centro;Marche;MC;I651;SERRAPETRONA
Centro;Marche;MC;I661;SERRAVALLE DI CHIENTI
Centro;Marche;MC;L191;TOLENTINO
Centro;Marche;MC;L366;TREIA
Centro;Marche;MC;L501;URBISAGLIA
Centro;Marche;MC;L517;USSITA
Centro;Marche;MC;M078;VISSO
Centro;Marche;PS;A035;ACQUALAGNA
Centro;Marche;PS;A327;APECCHIO
Centro;Marche;PS;A493;AUDITORE
Centro;Marche;PS;A639;BARCHI
Centro;Marche;PS;A740;BELFORTE ALL`ISAURO
Centro;Marche;PS;B026;BORGO PACE
Centro;Marche;PS;B352;CAGLI
Centro;Marche;PS;B636;CANTIANO
Centro;Marche;PS;B816;CARPEGNA
Centro;Marche;PS;B846;CARTOCETO
Centro;Marche;PS;C080;CASTELDELCI
Centro;Marche;PS;D488;FANO
Centro;Marche;PS;D541;FERMIGNANO
Centro;Marche;PS;D749;FOSSOMBRONE
Centro;Marche;PS;D791;FRATTE ROSA
Centro;Marche;PS;D807;FRONTINO
Centro;Marche;PS;D808;FRONTONE
Centro;Marche;PS;D836;GABICCE MARE
Centro;Marche;PS;E122;GRADARA
Centro;Marche;PS;E351;ISOLA DEL PIANO
Centro;Marche;PS;E743;LUNANO
Centro;Marche;PS;E785;MACERATA FELTRIA
Centro;Marche;PS;E838;MAIOLO
Centro;Marche;PS;F135;MERCATELLO SUL METAURO
Centro;Marche;PS;F136;MERCATINO CONCA
Centro;Marche;PS;F137;NOVAFELTRIA
Centro;Marche;PS;F310;MOMBAROCCIO
Centro;Marche;PS;F347;MONDAVIO
Centro;Marche;PS;F348;MONDOLFO
Centro;Marche;PS;F450;MONTECALVO IN FOGLIA
Centro;Marche;PS;F467;MONTE CERIGNONE
Centro;Marche;PS;F474;MONTECICCARDO
Centro;Marche;PS;F478;MONTECOPIOLO
Centro;Marche;PS;F497;MONTEFELCINO
Centro;Marche;PS;F524;MONTE GRIMANO
Centro;Marche;PS;F533;MONTELABBATE
Centro;Marche;PS;F555;MONTEMAGGIORE METAURO
Centro;Marche;PS;F589;MONTE PORZIO
Centro;Marche;PS;G089;ORCIANO DI PESARO
Centro;Marche;PS;G416;PEGLIO
Centro;Marche;PS;G433;PENNABILLI
Centro;Marche;PS;G453;PERGOLA
Centro;Marche;PS;G479;PESARO
Centro;Marche;PS;G514;PETRIANO
Centro;Marche;PS;G537;PIAGGE
Centro;Marche;PS;G551;PIANDIMELETO
Centro;Marche;PS;G627;PIETRARUBBIA
Centro;Marche;PS;G682;PIOBBICO
Centro;Marche;PS;H721;SALTARA
Centro;Marche;PS;H809;SAN COSTANZO
Centro;Marche;PS;H886;SAN GIORGIO DI PESARO
Centro;Marche;PS;H949;SAN LEO
Centro;Marche;PS;H958;SAN LORENZO IN CAMPO
Centro;Marche;PS;I201;SANT`AGATA FELTRIA
Centro;Marche;PS;I287;SANT`ANGELO IN VADO
Centro;Marche;PS;I344;SANT`IPPOLITO
Centro;Marche;PS;I459;SASSOCORVARO
Centro;Marche;PS;I460;SASSOFELTRIO
Centro;Marche;PS;I654;SERRA SANT`ABBONDIO
Centro;Marche;PS;I670;SERRUNGARINA
Centro;Marche;PS;L034;TALAMELLO
Centro;Marche;PS;L078;TAVOLETO
Centro;Marche;PS;L081;TAVULLIA
Centro;Marche;PS;L498;URBANIA
Centro;Marche;PS;L500;URBINO
Centro;Marche;PS;M331;VALLEFOGLIA
Centro;Toscana;AR;A291;ANGHIARI
Centro;Toscana;AR;A390;AREZZO
Centro;Toscana;AR;A541;BADIA TEDALDA
Centro;Toscana;AR;A851;BIBBIENA
Centro;Toscana;AR;B243;BUCINE
Centro;Toscana;AR;B670;CAPOLONA
Centro;Toscana;AR;B693;CAPRESE MICHELANGELO
Centro;Toscana;AR;C102;CASTEL FOCOGNANO
Centro;Toscana;AR;C263;CASTEL SAN NICCOLO
Centro;Toscana;AR;C318;CASTIGLION FIBOCCHI
Centro;Toscana;AR;C319;CASTIGLION FIORENTINO
Centro;Toscana;AR;C407;CAVRIGLIA
Centro;Toscana;AR;C648;CHITIGNANO
Centro;Toscana;AR;C663;CHIUSI DELLA VERNA
Centro;Toscana;AR;C774;CIVITELLA VALDICHIANA
Centro;Toscana;AR;D077;CORTONA
Centro;Toscana;AR;D649;FOIANO DELLA CHIANA
Centro;Toscana;AR;E468;LATERINA
Centro;Toscana;AR;E693;LORO CIUFFENNA
Centro;Toscana;AR;E718;LUCIGNANO
Centro;Toscana;AR;E933;MARCIANO DELLA CHIANA
Centro;Toscana;AR;F565;MONTEMIGNAIO
Centro;Toscana;AR;F594;MONTERCHI
Centro;Toscana;AR;F628;MONTE SAN SAVINO
Centro;Toscana;AR;F656;MONTEVARCHI
Centro;Toscana;AR;G139;ORTIGNANO RAGGIOLO
Centro;Toscana;AR;G451;PERGINE VALDARNO
Centro;Toscana;AR;G653;PIEVE SANTO STEFANO
Centro;Toscana;AR;G879;POPPI
Centro;Toscana;AR;H901;SAN GIOVANNI VALDARNO
Centro;Toscana;AR;I155;SAN SEPOLCRO
Centro;Toscana;AR;I681;SESTINO
Centro;Toscana;AR;I991;SUBBIANO
Centro;Toscana;AR;L038;TALLA
Centro;Toscana;AR;L123;TERRANUOVA BRACCIOLINI
Centro;Toscana;AR;M322;CASTELFRANCO PIANDISCO`
Centro;Toscana;AR;M329;PRATOVECCHIO E STIA
Centro;Toscana;FI;A564;BAGNO A RIPOLI
Centro;Toscana;FI;A632;BARBERINO DI MUGELLO
Centro;Toscana;FI;A633;BARBERINO VAL D ELSA
Centro;Toscana;FI;B036;BORGO SAN LORENZO
Centro;Toscana;FI;B406;CALENZANO
Centro;Toscana;FI;B507;CAMPI BISENZIO
Centro;Toscana;FI;B684;CAPRAIA E LIMITE
Centro;Toscana;FI;B962;SCANDICCI
Centro;Toscana;FI;C101;CASTELFIORENTINO
Centro;Toscana;FI;C529;CERRETO GUIDI
Centro;Toscana;FI;C540;CERTALDO
Centro;Toscana;FI;D299;DICOMANO
Centro;Toscana;FI;D403;EMPOLI
Centro;Toscana;FI;D575;FIESOLE
Centro;Toscana;FI;D612;FIRENZE
Centro;Toscana;FI;D613;FIRENZUOLA
Centro;Toscana;FI;D815;FUCECCHIO
Centro;Toscana;FI;D895;GAMBASSI TERME
Centro;Toscana;FI;E169;GREVE IN CHIANTI
Centro;Toscana;FI;E291;IMPRUNETA
Centro;Toscana;FI;E466;LASTRA A SIGNA
Centro;Toscana;FI;E668;LONDA
Centro;Toscana;FI;E971;MARRADI
Centro;Toscana;FI;F398;MONTAIONE
Centro;Toscana;FI;F551;MONTELUPO FIORENTINO
Centro;Toscana;FI;F648;MONTESPERTOLI
Centro;Toscana;FI;G270;PALAZZUOLO SUL SENIO
Centro;Toscana;FI;G420;PELAGO
Centro;Toscana;FI;G825;PONTASSIEVE
Centro;Toscana;FI;H222;REGGELLO
Centro;Toscana;FI;H286;RIGNANO SULL ARNO
Centro;Toscana;FI;H635;RUFINA
Centro;Toscana;FI;H791;SAN CASCIANO VAL PESA
Centro;Toscana;FI;H937;SAN GODENZO
Centro;Toscana;FI;I684;SESTO FIORENTINO
Centro;Toscana;FI;I728;SIGNA
Centro;Toscana;FI;L067;TAVARNELLE VAL DI PESA
Centro;Toscana;FI;L529;VAGLIA
Centro;Toscana;FI;L838;VICCHIO
Centro;Toscana;FI;M059;VINCI
Centro;Toscana;FI;M321;FIGLINE E INCISA VALDARNO
Centro;Toscana;FI;M326;SCARPERIA E SAN PIERO
Centro;Toscana;GR;A369;ARCIDOSSO
Centro;Toscana;GR;B497;CAMPAGNATICO
Centro;Toscana;GR;B646;CAPALBIO
Centro;Toscana;GR;C085;CASTEL DEL PIANO
Centro;Toscana;GR;C147;CASTELL AZZARA
Centro;Toscana;GR;C310;CASTIGLIONE D PESCAIA
Centro;Toscana;GR;C705;CINIGIANO
Centro;Toscana;GR;C782;CIVITELLA PAGANICO
Centro;Toscana;GR;D656;FOLLONICA
Centro;Toscana;GR;D948;GAVORRANO
Centro;Toscana;GR;E202;GROSSETO
Centro;Toscana;GR;E348;ISOLA DEL GIGLIO
Centro;Toscana;GR;E810;MAGLIANO IN TOSCANA
Centro;Toscana;GR;E875;MANCIANO
Centro;Toscana;GR;F032;MASSA MARITTIMA
Centro;Toscana;GR;F437;MONTE ARGENTARIO
Centro;Toscana;GR;F612;MONTEROTONDO MARITTIMO
Centro;Toscana;GR;F677;MONTIERI
Centro;Toscana;GR;G088;ORBETELLO
Centro;Toscana;GR;G716;PITIGLIANO
Centro;Toscana;GR;H417;ROCCALBEGNA
Centro;Toscana;GR;H449;ROCCASTRADA
Centro;Toscana;GR;I187;SANTA FIORA
Centro;Toscana;GR;I504;SCANSANO
Centro;Toscana;GR;I510;SCARLINO
Centro;Toscana;GR;I571;SEGGIANO
Centro;Toscana;GR;I601;SEMPRONIANO
Centro;Toscana;GR;I841;SORANO
Centro;Toscana;LI;A852;BIBBONA
Centro;Toscana;LI;B509;CAMPIGLIA MARITTIMA
Centro;Toscana;LI;B553;CAMPO NELL`ELBA
Centro;Toscana;LI;B669;CAPOLIVERI
Centro;Toscana;LI;B685;CAPRAIA ISOLA
Centro;Toscana;LI;C044;CASTAGNETO CARDUCCI
Centro;Toscana;LI;C415;CECINA
Centro;Toscana;LI;C869;COLLESALVETTI
Centro;Toscana;LI;E625;LIVORNO
Centro;Toscana;LI;E680;PORTO AZZURRO
Centro;Toscana;LI;E930;MARCIANA
Centro;Toscana;LI;E931;MARCIANA MARINA
Centro;Toscana;LI;G687;PIOMBINO
Centro;Toscana;LI;G912;PORTOFERRAIO
Centro;Toscana;LI;H297;RIO NELL`ELBA
Centro;Toscana;LI;H305;RIO MARINA
Centro;Toscana;LI;H570;ROSIGNANO MARITTIMO
Centro;Toscana;LI;I390;SAN VINCENZO
Centro;Toscana;LI;I454;SASSETTA
Centro;Toscana;LI;L019;SUVERETO
Centro;Toscana;LU;A241;ALTOPASCIO
Centro;Toscana;LU;A560;BAGNI DI LUCCA
Centro;Toscana;LU;A657;BARGA
Centro;Toscana;LU;B007;BORGO A MOZZANO
Centro;Toscana;LU;B455;CAMAIORE
Centro;Toscana;LU;B557;CAMPORGIANO
Centro;Toscana;LU;B648;CAPANNORI
Centro;Toscana;LU;B760;CAREGGINE
Centro;Toscana;LU;C236;CASTELNUOVO GARFAGNANA
Centro;Toscana;LU;C303;CASTIGLIONE GARFAGNANA
Centro;Toscana;LU;C996;COREGLIA ANTELMINELLI
Centro;Toscana;LU;D730;FORTE DE MARMI
Centro;Toscana;LU;D734;FOSCIANDORA
Centro;Toscana;LU;D874;GALLICANO
Centro;Toscana;LU;E715;LUCCA
Centro;Toscana;LU;F035;MASSAROSA
Centro;Toscana;LU;F225;MINUCCIANO
Centro;Toscana;LU;F283;MOLAZZANA
Centro;Toscana;LU;F452;MONTECARLO
Centro;Toscana;LU;G480;PESCAGLIA
Centro;Toscana;LU;G582;PIAZZA AL SERCHIO
Centro;Toscana;LU;G628;PIETRASANTA
Centro;Toscana;LU;G648;PIEVE FOSCIANA
Centro;Toscana;LU;G882;PORCARI
Centro;Toscana;LU;I142;SAN ROMANO GARFAGNANA
Centro;Toscana;LU;I622;SERAVEZZA
Centro;Toscana;LU;I942;STAZZEMA
Centro;Toscana;LU;L533;VAGLI SOTTO
Centro;Toscana;LU;L833;VIAREGGIO
Centro;Toscana;LU;L913;VILLA BASILICA
Centro;Toscana;LU;L926;VILLA COLLEMANDINA
Centro;Toscana;LU;M319;FABBRICHE DI VERGEMOLI
Centro;Toscana;LU;M347;SILLANO GIUNCUGNANO
Centro;Toscana;MS;A496;AULLA
Centro;Toscana;MS;A576;BAGNONE
Centro;Toscana;MS;B832;CARRARA
Centro;Toscana;MS;B979;CASOLA IN LUNIGIANA
Centro;Toscana;MS;C914;COMANO
Centro;Toscana;MS;D590;FILATTIERA
Centro;Toscana;MS;D629;FIVIZZANO
Centro;Toscana;MS;D735;FOSDINOVO
Centro;Toscana;MS;E574;LICCIANA NARDI
Centro;Toscana;MS;F023;MASSA
Centro;Toscana;MS;F679;MONTIGNOSO
Centro;Toscana;MS;F802;MULAZZO
Centro;Toscana;MS;G746;PODENZANA
Centro;Toscana;MS;G870;PONTREMOLI
Centro;Toscana;MS;L386;TRESANA
Centro;Toscana;MS;L946;VILLAFRANCA LUNIGIANA
Centro;Toscana;MS;M169;ZERI
Centro;Toscana;PI;A562;SAN GIULIANO TERME
Centro;Toscana;PI;A864;BIENTINA
Centro;Toscana;PI;B303;BUTI
Centro;Toscana;PI;B390;CALCI
Centro;Toscana;PI;B392;CALCINAIA
Centro;Toscana;PI;B647;CAPANNOLI
Centro;Toscana;PI;B878;CASALE MARITTIMO
Centro;Toscana;PI;B950;CASCINA
Centro;Toscana;PI;C113;CASTELFRANCO DI SOTTO
Centro;Toscana;PI;C174;CASTELLINA MARITTIMA
Centro;Toscana;PI;C244;CASTELNUOVO VAL DI CECINA
Centro;Toscana;PI;C609;CHIANNI
Centro;Toscana;PI;D510;FAUGLIA
Centro;Toscana;PI;E250;GUARDISTALLO
Centro;Toscana;PI;E413;LAIATICO
Centro;Toscana;PI;F458;MONTECATINI VAL DI CECINA
Centro;Toscana;PI;F640;MONTESCUDAIO
Centro;Toscana;PI;F661;MONTEVERDI MARITTIMO
Centro;Toscana;PI;F686;MONTOPOLI IN VAL D`ARNO
Centro;Toscana;PI;G090;ORCIANO PISANO
Centro;Toscana;PI;G254;PALAIA
Centro;Toscana;PI;G395;PECCIOLI
Centro;Toscana;PI;G702;PISA
Centro;Toscana;PI;G804;POMARANCE
Centro;Toscana;PI;G822;PONSACCO
Centro;Toscana;PI;G843;PONTEDERA
Centro;Toscana;PI;H319;RIPARBELLA
Centro;Toscana;PI;I046;SAN MINIATO
Centro;Toscana;PI;I177;SANTA CROCE SULL`ARNO
Centro;Toscana;PI;I217;SANTA LUCE
Centro;Toscana;PI;I232;SANTA MARIA A MONTE
Centro;Toscana;PI;L138;TERRICCIOLA
Centro;Toscana;PI;L702;VECCHIANO
Centro;Toscana;PI;L850;VICOPISANO
Centro;Toscana;PI;M126;VOLTERRA
Centro;Toscana;PI;M327;CASCIANA TERME LARI
Centro;Toscana;PI;M328;CRESPINA LORENZANA
Centro;Toscana;PO;B626;CANTAGALLO
Centro;Toscana;PO;B794;CARMIGNANO
Centro;Toscana;PO;F572;MONTEMURLO
Centro;Toscana;PO;G754;POGGIO A CAIANO
Centro;Toscana;PO;G999;PRATO
Centro;Toscana;PO;L537;VAIANO
Centro;Toscana;PO;L775;VERNIO
Centro;Toscana;PT;A012;ABETONE
Centro;Toscana;PT;A071;AGLIANA
Centro;Toscana;PT;A561;MONTECATINI TERME
Centro;Toscana;PT;B251;BUGGIANO
Centro;Toscana;PT;C631;CHIESINA UZZANESE
Centro;Toscana;PT;D235;CUTIGLIANO
Centro;Toscana;PT;E432;LAMPORECCHIO
Centro;Toscana;PT;E451;LARCIANO
Centro;Toscana;PT;E960;MARLIANA
Centro;Toscana;PT;F025;MASSA E COZZILE
Centro;Toscana;PT;F384;MONSUMMANO TERME
Centro;Toscana;PT;F410;MONTALE
Centro;Toscana;PT;G491;PESCIA
Centro;Toscana;PT;G636;PIEVE A NIEVOLE
Centro;Toscana;PT;G713;PISTOIA
Centro;Toscana;PT;G715;PITEGLIO
Centro;Toscana;PT;G833;PONTE BUGGIANESE
Centro;Toscana;PT;H109;QUARRATA
Centro;Toscana;PT;H744;SAMBUCA PISTOIESE
Centro;Toscana;PT;H980;SAN MARCELLO PISTOIESE
Centro;Toscana;PT;I660;SERRAVALLE PISTOIESE
Centro;Toscana;PT;L522;UZZANO
Centro;Toscana;SI;A006;ABBADIA SAN SALVATORE
Centro;Toscana;SI;A461;ASCIANO
Centro;Toscana;SI;A468;SINALUNGA
Centro;Toscana;SI;B269;BUONCONVENTO
Centro;Toscana;SI;B984;CASOLE D ELSA
Centro;Toscana;SI;C172;CASTELLINA IN CHIANTI
Centro;Toscana;SI;C227;CASTELNUOVO BERARDENGA
Centro;Toscana;SI;C313;CASTIGLIONE D ORCIA
Centro;Toscana;SI;C587;CETONA
Centro;Toscana;SI;C608;CHIANCIANO TERME
Centro;Toscana;SI;C661;CHIUSDINO
Centro;Toscana;SI;C662;CHIUSI
Centro;Toscana;SI;C847;COLLE DI VAL D ELSA
Centro;Toscana;SI;D858;GAIOLE IN CHIANTI
Centro;Toscana;SI;F402;MONTALCINO
Centro;Toscana;SI;F592;MONTEPULCIANO
Centro;Toscana;SI;F598;MONTERIGGIONI
Centro;Toscana;SI;F605;MONTERONI D ARBIA
Centro;Toscana;SI;F676;MONTICIANO
Centro;Toscana;SI;F815;MURLO
Centro;Toscana;SI;G547;PIANCASTAGNAIO
Centro;Toscana;SI;G602;PIENZA
Centro;Toscana;SI;G752;POGGIBONSI
Centro;Toscana;SI;H153;RADDA IN CHIANTI
Centro;Toscana;SI;H156;RADICOFANI
Centro;Toscana;SI;H157;RADICONDOLI
Centro;Toscana;SI;H185;RAPOLANO TERME
Centro;Toscana;SI;H790;SAN CASCIANO DEI BAGNI
Centro;Toscana;SI;H875;SAN GIMIGNANO
Centro;Toscana;SI;H911;SAN GIOVANNI D ASSO
Centro;Toscana;SI;I135;SAN QUIRICO D ORCIA
Centro;Toscana;SI;I445;SARTEANO
Centro;Toscana;SI;I726;SIENA
Centro;Toscana;SI;I877;SOVICILLE
Centro;Toscana;SI;L303;TORRITA DI SIENA
Centro;Toscana;SI;L384;TREQUANDA
Centro;Umbria;PG;A475;ASSISI
Centro;Umbria;PG;A710;BASTIA UMBRA
Centro;Umbria;PG;A832;BETTONA
Centro;Umbria;PG;A835;BEVAGNA
Centro;Umbria;PG;B504;CAMPELLO SUL CLITUNNO
Centro;Umbria;PG;B609;CANNARA
Centro;Umbria;PG;B948;CASCIA
Centro;Umbria;PG;C252;CASTEL RITALDI
Centro;Umbria;PG;C309;CASTIGLIONE DEL LAGO
Centro;Umbria;PG;C527;CERRETO DI SPOLETO
Centro;Umbria;PG;C742;CITERNA
Centro;Umbria;PG;C744;CITTA` DELLA PIEVE
Centro;Umbria;PG;C745;CITTA` DI CASTELLO
Centro;Umbria;PG;C845;COLLAZZONE
Centro;Umbria;PG;C990;CORCIANO
Centro;Umbria;PG;D108;COSTACCIARO
Centro;Umbria;PG;D279;DERUTA
Centro;Umbria;PG;D653;FOLIGNO
Centro;Umbria;PG;D745;FOSSATO DI VICO
Centro;Umbria;PG;D786;UMBERTIDE
Centro;Umbria;PG;D787;FRATTA TODINA
Centro;Umbria;PG;E012;GIANO DELL`UMBRIA
Centro;Umbria;PG;E229;GUALDO CATTANEO
Centro;Umbria;PG;E230;GUALDO TADINO
Centro;Umbria;PG;E256;GUBBIO
Centro;Umbria;PG;E613;LISCIANO NICCONE
Centro;Umbria;PG;E805;MAGIONE
Centro;Umbria;PG;E975;MARSCIANO
Centro;Umbria;PG;F024;MASSA MARTANA
Centro;Umbria;PG;F456;MONTE CASTELLO DI VIBIO
Centro;Umbria;PG;F492;MONTEFALCO
Centro;Umbria;PG;F540;MONTELEONE DI SPOLETO
Centro;Umbria;PG;F629;MONTE S MARIA TIBERINA
Centro;Umbria;PG;F685;MONTONE
Centro;Umbria;PG;F911;NOCERA UMBRA
Centro;Umbria;PG;F935;NORCIA
Centro;Umbria;PG;G212;PACIANO
Centro;Umbria;PG;G308;PANICALE
Centro;Umbria;PG;G359;PASSIGNANO S TRASIMENO
Centro;Umbria;PG;G478;PERUGIA
Centro;Umbria;PG;G601;PIEGARO
Centro;Umbria;PG;G618;PIETRALUNGA
Centro;Umbria;PG;G758;POGGIODOMO
Centro;Umbria;PG;H015;PRECI
Centro;Umbria;PG;H935;SAN GIUSTINO
Centro;Umbria;PG;I263;SANT`ANATOLIA DI NARCO
Centro;Umbria;PG;I522;SCHEGGIA E PASCELUPO
Centro;Umbria;PG;I523;SCHEGGINO
Centro;Umbria;PG;I585;SELLANO
Centro;Umbria;PG;I727;SIGILLO
Centro;Umbria;PG;I888;SPELLO
Centro;Umbria;PG;I921;SPOLETO
Centro;Umbria;PG;L188;TODI
Centro;Umbria;PG;L216;TORGIANO
Centro;Umbria;PG;L397;TREVI
Centro;Umbria;PG;L466;TUORO SUL TRASIMENO
Centro;Umbria;PG;L573;VALFABBRICA
Centro;Umbria;PG;L627;VALLO DI NERA
Centro;Umbria;PG;L653;VALTOPINA
Centro;Umbria;TR;A045;ACQUASPARTA
Centro;Umbria;TR;A207;ALLERONA
Centro;Umbria;TR;A242;ALVIANO
Centro;Umbria;TR;A262;AMELIA
Centro;Umbria;TR;A439;ARRONE
Centro;Umbria;TR;A490;ATTIGLIANO
Centro;Umbria;TR;A691;BASCHI
Centro;Umbria;TR;B446;CALVI DELL`UMBRIA
Centro;Umbria;TR;C117;CASTEL GIORGIO
Centro;Umbria;TR;C289;CASTEL VISCARDO
Centro;Umbria;TR;D454;FABRO
Centro;Umbria;TR;D538;FERENTILLO
Centro;Umbria;TR;D570;FICULLE
Centro;Umbria;TR;E045;GIOVE
Centro;Umbria;TR;E241;GUARDEA
Centro;Umbria;TR;E729;LUGNANO IN TEVERINA
Centro;Umbria;TR;F457;MONTECASTRILLI
Centro;Umbria;TR;F462;MONTECCHIO
Centro;Umbria;TR;F510;MONTEFRANCO
Centro;Umbria;TR;F513;MONTEGABBIONE
Centro;Umbria;TR;F543;MONTELEONE D`ORVIETO
Centro;Umbria;TR;F844;NARNI
Centro;Umbria;TR;G148;ORVIETO
Centro;Umbria;TR;G189;OTRICOLI
Centro;Umbria;TR;G344;PARRANO
Centro;Umbria;TR;G432;PENNA IN TEVERINA
Centro;Umbria;TR;G790;POLINO
Centro;Umbria;TR;G881;PORANO
Centro;Umbria;TR;H857;SAN GEMINI
Centro;Umbria;TR;I381;SAN VENANZO
Centro;Umbria;TR;I981;STRONCONE
Centro;Umbria;TR;L117;TERNI
Centro;Umbria;TR;M258;AVIGLIANO UMBRO
Isole;Sardegna;CA;A359;ARBUS
Isole;Sardegna;CA;A419;ARMUNGIA
Isole;Sardegna;CA;A474;ASSEMINI
Isole;Sardegna;CA;A597;BALLAO
Isole;Sardegna;CA;A677;BARRALI
Isole;Sardegna;CA;A681;BARUMINI
Isole;Sardegna;CA;B250;BUGGERRU
Isole;Sardegna;CA;B274;BURCEI
Isole;Sardegna;CA;B354;CAGLIARI
Isole;Sardegna;CA;B383;CALASETTA
Isole;Sardegna;CA;B675;CAPOTERRA
Isole;Sardegna;CA;B738;VILLASIMIUS
Isole;Sardegna;CA;B745;CARBONIA
Isole;Sardegna;CA;B789;CARLOFORTE
Isole;Sardegna;CA;C882;COLLINAS
Isole;Sardegna;CA;D259;DECIMOMANNU
Isole;Sardegna;CA;D260;DECIMOPUTZU
Isole;Sardegna;CA;D323;DOLIANOVA
Isole;Sardegna;CA;D333;DOMUS DE MARIA
Isole;Sardegna;CA;D334;DOMUSNOVAS
Isole;Sardegna;CA;D344;DONORI
Isole;Sardegna;CA;D399;ELMAS
Isole;Sardegna;CA;D639;FLUMINIMAGGIORE
Isole;Sardegna;CA;D827;FURTEI
Isole;Sardegna;CA;D970;GENURI
Isole;Sardegna;CA;D994;GESICO
Isole;Sardegna;CA;D997;GESTURI
Isole;Sardegna;CA;E022;GIBA
Isole;Sardegna;CA;E084;GONI
Isole;Sardegna;CA;E085;GONNOSFANADIGA
Isole;Sardegna;CA;E086;GONNESA
Isole;Sardegna;CA;E234;GUAMAGGIORE
Isole;Sardegna;CA;E252;GUASILA
Isole;Sardegna;CA;E270;GUSPINI
Isole;Sardegna;CA;E281;IGLESIAS
Isole;Sardegna;CA;E464;LAS PLASSAS
Isole;Sardegna;CA;E742;LUNAMATRONA
Isole;Sardegna;CA;E877;MANDAS
Isole;Sardegna;CA;E903;MARACALAGONIS
Isole;Sardegna;CA;F333;MONASTIR
Isole;Sardegna;CA;F383;MONSERRATO
Isole;Sardegna;CA;F808;MURAVERA
Isole;Sardegna;CA;F822;MUSEI
Isole;Sardegna;CA;F841;NARCAO
Isole;Sardegna;CA;F983;NURAMINIS
Isole;Sardegna;CA;F991;NUXIS
Isole;Sardegna;CA;G133;ORTACESUS
Isole;Sardegna;CA;G207;PABILLONIS
Isole;Sardegna;CA;G287;SAN GIOVANNI SUERGIU
Isole;Sardegna;CA;G382;PAULI ARBAREI
Isole;Sardegna;CA;G383;SAN NICOLO` GERREI
Isole;Sardegna;CA;G446;PERDAXIUS
Isole;Sardegna;CA;G669;PIMENTEL
Isole;Sardegna;CA;G922;PORTOSCUSO
Isole;Sardegna;CA;H088;PULA
Isole;Sardegna;CA;H118;QUARTU SANT`ELENA
Isole;Sardegna;CA;H119;QUARTUCCIU
Isole;Sardegna;CA;H738;SAMASSI
Isole;Sardegna;CA;H739;SAMATZAI
Isole;Sardegna;CA;H766;SAN BASILIO
Isole;Sardegna;CA;H856;SAN GAVINO MONREALE
Isole;Sardegna;CA;H974;SANLURI
Isole;Sardegna;CA;I118;VILLA SAN PIETRO
Isole;Sardegna;CA;I166;SAN SPERATE
Isole;Sardegna;CA;I182;SANTADI
Isole;Sardegna;CA;I271;SANT`ANDREA FRIUS
Isole;Sardegna;CA;I294;SANT`ANTIOCO
Isole;Sardegna;CA;I402;SAN VITO
Isole;Sardegna;CA;I428;SARDARA
Isole;Sardegna;CA;I443;SARROCH
Isole;Sardegna;CA;I570;SEGARIU
Isole;Sardegna;CA;I580;SELARGIUS
Isole;Sardegna;CA;I582;SELEGAS
Isole;Sardegna;CA;I615;SENORBI`
Isole;Sardegna;CA;I624;SERDIANA
Isole;Sardegna;CA;I647;SERRAMANNA
Isole;Sardegna;CA;I667;SERRENTI
Isole;Sardegna;CA;I695;SESTU
Isole;Sardegna;CA;I699;SETTIMO SAN PIETRO
Isole;Sardegna;CA;I705;SETZU
Isole;Sardegna;CA;I724;SIDDI
Isole;Sardegna;CA;I734;SILIQUA
Isole;Sardegna;CA;I735;SILIUS
Isole;Sardegna;CA;I752;SINNAI
Isole;Sardegna;CA;I765;SIURGUS DONIGALA
Isole;Sardegna;CA;I797;SOLEMINIS
Isole;Sardegna;CA;I995;SUELLI
Isole;Sardegna;CA;L154;TEULADA
Isole;Sardegna;CA;L337;TRATALIAS
Isole;Sardegna;CA;L463;TUILI
Isole;Sardegna;CA;L473;TURRI
Isole;Sardegna;CA;L512;USSANA
Isole;Sardegna;CA;L513;USSARAMANNA
Isole;Sardegna;CA;L521;UTA
Isole;Sardegna;CA;L613;VALLERMOSA
Isole;Sardegna;CA;L924;VILLACIDRO
Isole;Sardegna;CA;L966;VILLAMAR
Isole;Sardegna;CA;L968;VILLAMASSARGIA
Isole;Sardegna;CA;L986;VILLANOVAFORRU
Isole;Sardegna;CA;L987;VILLANOVAFRANCA
Isole;Sardegna;CA;L998;VILLAPUTZU
Isole;Sardegna;CA;M016;VILLASALTO
Isole;Sardegna;CA;M025;VILLASOR
Isole;Sardegna;CA;M026;VILLASPECIOSA
Isole;Sardegna;CA;M209;SANT`ANNA ARRESI
Isole;Sardegna;CA;M270;MASAINAS
Isole;Sardegna;CA;M278;VILLAPERUCCIO
Isole;Sardegna;CA;M288;CASTIADAS
Isole;Sardegna;CA;M291;PISCINAS
Isole;Sardegna;NU;A355;TORTOLI`
Isole;Sardegna;NU;A407;ARITZO
Isole;Sardegna;NU;A454;ARZANA
Isole;Sardegna;NU;A492;ATZARA
Isole;Sardegna;NU;A503;AUSTIS
Isole;Sardegna;NU;A663;BARI SARDO
Isole;Sardegna;NU;A722;BAUNEI
Isole;Sardegna;NU;A776;BELVI
Isole;Sardegna;NU;A880;BIRORI
Isole;Sardegna;NU;A895;BITTI
Isole;Sardegna;NU;A948;BOLOTANA
Isole;Sardegna;NU;B056;BORORE
Isole;Sardegna;NU;B062;BORTIGALI
Isole;Sardegna;NU;B068;BOSA
Isole;Sardegna;NU;B248;BUDONI
Isole;Sardegna;NU;D287;DESULO
Isole;Sardegna;NU;D345;DORGALI
Isole;Sardegna;NU;D376;DUALCHI
Isole;Sardegna;NU;D430;ESCALAPLANO
Isole;Sardegna;NU;D431;ESCOLCA
Isole;Sardegna;NU;D443;ESTERZILI
Isole;Sardegna;NU;D640;FLUSSIO
Isole;Sardegna;NU;D665;FONNI
Isole;Sardegna;NU;D842;GADONI
Isole;Sardegna;NU;D859;GAIRO
Isole;Sardegna;NU;D888;GALTELLI
Isole;Sardegna;NU;D947;GAVOI
Isole;Sardegna;NU;D968;GENONI
Isole;Sardegna;NU;D982;GERGEI
Isole;Sardegna;NU;E049;GIRASOLE
Isole;Sardegna;NU;E283;ILBONO
Isole;Sardegna;NU;E323;IRGOLI
Isole;Sardegna;NU;E336;ISILI
Isole;Sardegna;NU;E387;JERZU
Isole;Sardegna;NU;E400;LACONI
Isole;Sardegna;NU;E441;LANUSEI
Isole;Sardegna;NU;E517;LEI
Isole;Sardegna;NU;E644;LOCERI
Isole;Sardegna;NU;E646;LOCULI
Isole;Sardegna;NU;E647;LODE`
Isole;Sardegna;NU;E700;LOTZORAI
Isole;Sardegna;NU;E736;LULA
Isole;Sardegna;NU;E788;MACOMER
Isole;Sardegna;NU;E825;MAGOMADAS
Isole;Sardegna;NU;E874;MAMOIADA
Isole;Sardegna;NU;F073;MEANA SARDO
Isole;Sardegna;NU;F261;MODOLO
Isole;Sardegna;NU;F698;MONTRESTA
Isole;Sardegna;NU;F933;NORAGUGUME
Isole;Sardegna;NU;F979;NUORO
Isole;Sardegna;NU;F981;NURAGUS
Isole;Sardegna;NU;F982;NURALLAO
Isole;Sardegna;NU;F986;NURRI
Isole;Sardegna;NU;G031;OLIENA
Isole;Sardegna;NU;G044;OLLOLAI
Isole;Sardegna;NU;G058;OLZAI
Isole;Sardegna;NU;G064;ONANI
Isole;Sardegna;NU;G070;ONIFAI
Isole;Sardegna;NU;G071;ONIFERI
Isole;Sardegna;NU;G084;ORANI
Isole;Sardegna;NU;G097;ORGOSOLO
Isole;Sardegna;NU;G119;OROSEI
Isole;Sardegna;NU;G120;OROTELLI
Isole;Sardegna;NU;G122;ORROLI
Isole;Sardegna;NU;G146;ORTUERI
Isole;Sardegna;NU;G147;ORUNE
Isole;Sardegna;NU;G154;OSIDDA
Isole;Sardegna;NU;G158;OSINI
Isole;Sardegna;NU;G191;OTTANA
Isole;Sardegna;NU;G201;OVODDA
Isole;Sardegna;NU;G445;PERDASDEFOGU
Isole;Sardegna;NU;G929;POSADA
Isole;Sardegna;NU;H659;SADALI
Isole;Sardegna;NU;H661;SAGAMA
Isole;Sardegna;NU;I329;SAN TEODORO
Isole;Sardegna;NU;I448;SARULE
Isole;Sardegna;NU;I668;SERRI
Isole;Sardegna;NU;I706;SEUI
Isole;Sardegna;NU;I707;SEULO
Isole;Sardegna;NU;I730;SILANUS
Isole;Sardegna;NU;I748;SINDIA
Isole;Sardegna;NU;I751;SINISCOLA
Isole;Sardegna;NU;I851;SORGONO
Isole;Sardegna;NU;L006;SUNI
Isole;Sardegna;NU;L036;TALANA
Isole;Sardegna;NU;L140;TERTENIA
Isole;Sardegna;NU;L153;TETI
Isole;Sardegna;NU;L160;TIANA
Isole;Sardegna;NU;L172;TINNURA
Isole;Sardegna;NU;L202;TONARA
Isole;Sardegna;NU;L231;TORPE`
Isole;Sardegna;NU;L423;TRIEI
Isole;Sardegna;NU;L489;ULASSAI
Isole;Sardegna;NU;L506;URZULEI
Isole;Sardegna;NU;L514;USSASSAI
Isole;Sardegna;NU;L953;VILLAGRANDE STRISAILI
Isole;Sardegna;NU;L992;VILLANOVATULO
Isole;Sardegna;OR;A007;ABBASANTA
Isole;Sardegna;OR;A097;AIDOMAGGIORE
Isole;Sardegna;OR;A126;ALBAGIARA
Isole;Sardegna;OR;A180;ALES
Isole;Sardegna;OR;A204;ALLAI
Isole;Sardegna;OR;A357;ARBOREA
Isole;Sardegna;OR;A368;SAN NICOLO` D`ARCIDANO
Isole;Sardegna;OR;A380;ARDAULI
Isole;Sardegna;OR;A477;ASSOLO
Isole;Sardegna;OR;A480;ASUNI
Isole;Sardegna;OR;A609;VILLA VERDE
Isole;Sardegna;OR;A614;BARADILI
Isole;Sardegna;OR;A621;BARATILI SAN PIETRO
Isole;Sardegna;OR;A655;BARESSA
Isole;Sardegna;OR;A721;BAULADU
Isole;Sardegna;OR;A856;BIDONI`
Isole;Sardegna;OR;A960;BONARCADO
Isole;Sardegna;OR;B055;BORONEDDU
Isole;Sardegna;OR;B281;BUSACHI
Isole;Sardegna;OR;B314;CABRAS
Isole;Sardegna;OR;D200;CUGLIERI
Isole;Sardegna;OR;D214;CURCURIS
Isole;Sardegna;OR;D585;GONNOSNO`
Isole;Sardegna;OR;D695;FORDONGIANUS
Isole;Sardegna;OR;E004;GHILARZA
Isole;Sardegna;OR;E087;GONNOSCODINA
Isole;Sardegna;OR;E088;GONNOSTRAMATZA
Isole;Sardegna;OR;E972;MARRUBIU
Isole;Sardegna;OR;F050;MASULLAS
Isole;Sardegna;OR;F208;MILIS
Isole;Sardegna;OR;F270;MOGORELLA
Isole;Sardegna;OR;F271;RUINAS
Isole;Sardegna;OR;F272;MOGORO
Isole;Sardegna;OR;F727;MORGONGIORI
Isole;Sardegna;OR;F840;NARBOLIA
Isole;Sardegna;OR;F867;NEONELI
Isole;Sardegna;OR;F934;NORBELLO
Isole;Sardegna;OR;F974;NUGHEDU SANTA VITTORIA
Isole;Sardegna;OR;F980;NURACHI
Isole;Sardegna;OR;F985;NURECI
Isole;Sardegna;OR;G043;OLLASTRA SIMAXIS
Isole;Sardegna;OR;G113;ORISTANO
Isole;Sardegna;OR;G286;PALMAS ARBOREA
Isole;Sardegna;OR;G379;PAU
Isole;Sardegna;OR;G384;PAULILATINO
Isole;Sardegna;OR;G817;POMPU
Isole;Sardegna;OR;H301;RIOLA SARDO
Isole;Sardegna;OR;H756;SAMUGHEO
Isole;Sardegna;OR;I205;SANTA GIUSTA
Isole;Sardegna;OR;I298;SANT`ANTONIO RUINAS
Isole;Sardegna;OR;I374;SANTU LUSSURGIU
Isole;Sardegna;OR;I384;SAN VERO MILIS
Isole;Sardegna;OR;I503;SCANO DI MONTIFERRO
Isole;Sardegna;OR;I564;SEDILO
Isole;Sardegna;OR;I605;SENEGHE
Isole;Sardegna;OR;I609;SENIS
Isole;Sardegna;OR;I613;SENNARIOLO
Isole;Sardegna;OR;I717;SIAMAGGIORE
Isole;Sardegna;OR;I718;SIAMANNA
Isole;Sardegna;OR;I721;SIAPICCIA
Isole;Sardegna;OR;I742;SIMALA
Isole;Sardegna;OR;I743;SIMAXIS
Isole;Sardegna;OR;I749;SINI
Isole;Sardegna;OR;I757;SIRIS
Isole;Sardegna;OR;I778;SODDI
Isole;Sardegna;OR;I791;SOLARUSSA
Isole;Sardegna;OR;I861;SORRADILE
Isole;Sardegna;OR;L023;TADASUNI
Isole;Sardegna;OR;L122;TERRALBA
Isole;Sardegna;OR;L321;TRAMATZA
Isole;Sardegna;OR;L393;TRESNURAGHES
Isole;Sardegna;OR;L488;ULA` TIRSO
Isole;Sardegna;OR;L496;URAS
Isole;Sardegna;OR;L508;USELLUS
Isole;Sardegna;OR;L991;VILLANOVA TRUSCHEDU
Isole;Sardegna;OR;M030;VILLA URBANA
Isole;Sardegna;OR;M153;ZEDDIANI
Isole;Sardegna;OR;M168;ZERFALIU
Isole;Sardegna;SS;A069;AGGIUS
Isole;Sardegna;SS;A115;ALA` DEI SARDI
Isole;Sardegna;SS;A192;ALGHERO
Isole;Sardegna;SS;A287;ANELA
Isole;Sardegna;SS;A379;ARDARA
Isole;Sardegna;SS;A453;ARZACHENA
Isole;Sardegna;SS;A606;BANARI
Isole;Sardegna;SS;A781;BENETUTTI
Isole;Sardegna;SS;A789;BERCHIDDA
Isole;Sardegna;SS;A827;BESSUDE
Isole;Sardegna;SS;A976;BONNANARO
Isole;Sardegna;SS;A977;BONO
Isole;Sardegna;SS;A978;BONORVA
Isole;Sardegna;SS;B063;BORTIGIADAS
Isole;Sardegna;SS;B064;BORUTTA
Isole;Sardegna;SS;B094;BOTTIDDA
Isole;Sardegna;SS;B246;BUDDUSO`
Isole;Sardegna;SS;B264;BULTEI
Isole;Sardegna;SS;B265;BULZI
Isole;Sardegna;SS;B276;BURGOS
Isole;Sardegna;SS;B378;CALANGIANUS
Isole;Sardegna;SS;B772;CARGEGHE
Isole;Sardegna;SS;C272;CASTELSARDO
Isole;Sardegna;SS;C600;CHEREMULE
Isole;Sardegna;SS;C613;CHIARAMONTI
Isole;Sardegna;SS;C818;CODRONGIANUS
Isole;Sardegna;SS;D100;COSSOINE
Isole;Sardegna;SS;D441;ESPORLATU
Isole;Sardegna;SS;D637;FLORINAS
Isole;Sardegna;SS;E019;GIAVE
Isole;Sardegna;SS;E285;ILLORAI
Isole;Sardegna;SS;E376;ITTIREDDU
Isole;Sardegna;SS;E377;ITTIRI
Isole;Sardegna;SS;E401;LAERRU
Isole;Sardegna;SS;E425;LA MADDALENA
Isole;Sardegna;SS;E747;LUOGOSANTO
Isole;Sardegna;SS;E752;LURAS
Isole;Sardegna;SS;E902;MARA
Isole;Sardegna;SS;E992;MARTIS
Isole;Sardegna;SS;F542;MONTELEONE ROCCA DORIA
Isole;Sardegna;SS;F667;MONTI
Isole;Sardegna;SS;F721;MORES
Isole;Sardegna;SS;F818;MUROS
Isole;Sardegna;SS;F975;NUGHEDU SAN NICOLO`
Isole;Sardegna;SS;F976;NULE
Isole;Sardegna;SS;F977;NULVI
Isole;Sardegna;SS;G015;OLBIA
Isole;Sardegna;SS;G046;OLMEDO
Isole;Sardegna;SS;G153;OSCHIRI
Isole;Sardegna;SS;G156;OSILO
Isole;Sardegna;SS;G178;OSSI
Isole;Sardegna;SS;G203;OZIERI
Isole;Sardegna;SS;G225;PADRIA
Isole;Sardegna;SS;G258;PALAU
Isole;Sardegna;SS;G376;PATTADA
Isole;Sardegna;SS;G450;PERFUGAS
Isole;Sardegna;SS;G740;PLOAGHE
Isole;Sardegna;SS;G924;PORTO TORRES
Isole;Sardegna;SS;G962;POZZOMAGGIORE
Isole;Sardegna;SS;H095;PUTIFIGARI
Isole;Sardegna;SS;H507;ROMANA
Isole;Sardegna;SS;H848;AGLIENTU
Isole;Sardegna;SS;I312;SANTA TERESA GALLURA
Isole;Sardegna;SS;I452;SASSARI
Isole;Sardegna;SS;I565;SEDINI
Isole;Sardegna;SS;I598;SEMESTENE
Isole;Sardegna;SS;I614;SENNORI
Isole;Sardegna;SS;I732;SILIGO
Isole;Sardegna;SS;I863;SORSO
Isole;Sardegna;SS;L088;TELTI
Isole;Sardegna;SS;L093;TEMPIO PAUSANIA
Isole;Sardegna;SS;L158;THIESI
Isole;Sardegna;SS;L180;TISSI
Isole;Sardegna;SS;L235;TORRALBA
Isole;Sardegna;SS;L428;TRINITA` AGULTU VIGNOLA
Isole;Sardegna;SS;L464;TULA
Isole;Sardegna;SS;L503;URI
Isole;Sardegna;SS;L509;USINI
Isole;Sardegna;SS;L604;VALLEDORIA
Isole;Sardegna;SS;L989;VILLANOVA MONTELEONE
Isole;Sardegna;SS;M214;BADESI
Isole;Sardegna;SS;M259;VIDDALBA
Isole;Sardegna;SS;M274;GOLFO ARANCI
Isole;Sardegna;SS;M275;LOIRI PORTO S. PAOLO
Isole;Sardegna;SS;M276;S. ANTONIO DI GALLURA
Isole;Sardegna;SS;M282;TERGU
Isole;Sardegna;SS;M284;S. MARIA COGHINAS
Isole;Sardegna;SS;M290;STINTINO
Isole;Sardegna;SS;M292;ERULA
Isole;Sardegna;SS;M301;PADRU
Isole;Sicilia;AG;A089;AGRIGENTO
Isole;Sicilia;AG;A181;ALESSANDRIA DELLA ROCCA
Isole;Sicilia;AG;A351;ARAGONA
Isole;Sicilia;AG;A896;BIVONA
Isole;Sicilia;AG;B275;BURGIO
Isole;Sicilia;AG;B377;CALAMONACI
Isole;Sicilia;AG;B427;CALTABELLOTTA
Isole;Sicilia;AG;B460;CAMASTRA
Isole;Sicilia;AG;B486;CAMMARATA
Isole;Sicilia;AG;B520;CAMPOBELLO DI LICATA
Isole;Sicilia;AG;B602;CANICATTI`
Isole;Sicilia;AG;C275;CASTELTERMINI
Isole;Sicilia;AG;C341;CASTROFILIPPO
Isole;Sicilia;AG;C356;CATTOLICA ERACLEA
Isole;Sicilia;AG;C668;CIANCIANA
Isole;Sicilia;AG;C928;COMITINI
Isole;Sicilia;AG;D514;FAVARA
Isole;Sicilia;AG;E209;GROTTE
Isole;Sicilia;AG;E390;JOPPOLO GIANCAXIO
Isole;Sicilia;AG;E431;LAMPEDUSA E LINOSA
Isole;Sicilia;AG;E573;LICATA
Isole;Sicilia;AG;E714;LUCCA SICULA
Isole;Sicilia;AG;F126;MENFI
Isole;Sicilia;AG;F299;PORTO EMPEDOCLE
Isole;Sicilia;AG;F414;MONTALLEGRO
Isole;Sicilia;AG;F655;MONTEVAGO
Isole;Sicilia;AG;F845;NARO
Isole;Sicilia;AG;G282;PALMA DI MONTECHIARO
Isole;Sicilia;AG;H148;RACALMUTO
Isole;Sicilia;AG;H159;RAFFADALI
Isole;Sicilia;AG;H194;RAVANUSA
Isole;Sicilia;AG;H205;REALMONTE
Isole;Sicilia;AG;H269;RIBERA
Isole;Sicilia;AG;H743;SAMBUCA DI SICILIA
Isole;Sicilia;AG;H778;SAN BIAGIO PLATANI
Isole;Sicilia;AG;H914;SAN GIOVANNI GEMINI
Isole;Sicilia;AG;I185;SANTA ELISABETTA
Isole;Sicilia;AG;I224;S MARGHERITA DI BELICE
Isole;Sicilia;AG;I290;SANT`ANGELO MUXARO
Isole;Sicilia;AG;I356;SANTO STEFANO QUISQUINA
Isole;Sicilia;AG;I533;SCIACCA
Isole;Sicilia;AG;I723;SICULIANA
Isole;Sicilia;AG;L944;VILLAFRANCA SICULA
Isole;Sicilia;CL;A049;ACQUAVIVA PLATANI
Isole;Sicilia;CL;A957;BOMPENSIERE
Isole;Sicilia;CL;B302;BUTERA
Isole;Sicilia;CL;B429;CALTANISSETTA
Isole;Sicilia;CL;B537;CAMPOFRANCO
Isole;Sicilia;CL;D267;DELIA
Isole;Sicilia;CL;D960;GELA
Isole;Sicilia;CL;E618;MILENA
Isole;Sicilia;CL;E953;MARIANOPOLI
Isole;Sicilia;CL;F065;MAZZARINO
Isole;Sicilia;CL;F489;MONTEDORO
Isole;Sicilia;CL;F830;MUSSOMELI
Isole;Sicilia;CL;F899;NISCEMI
Isole;Sicilia;CL;H245;RESUTTANO
Isole;Sicilia;CL;H281;RIESI
Isole;Sicilia;CL;H792;SAN CATALDO
Isole;Sicilia;CL;I169;S CATERINA VILLARMOSA
Isole;Sicilia;CL;I644;SERRADIFALCO
Isole;Sicilia;CL;I824;SOMMATINO
Isole;Sicilia;CL;L016;SUTERA
Isole;Sicilia;CL;L609;VALLELUNGA PRATAMENO
Isole;Sicilia;CL;L959;VILLALBA
Isole;Sicilia;CT;A025;ACI BONACCORSI
Isole;Sicilia;CT;A026;ACI CASTELLO
Isole;Sicilia;CT;A027;ACI CATENA
Isole;Sicilia;CT;A028;ACIREALE
Isole;Sicilia;CT;A029;ACI SANT`ANTONIO
Isole;Sicilia;CT;A056;ADRANO
Isole;Sicilia;CT;A766;BELPASSO
Isole;Sicilia;CT;A841;BIANCAVILLA
Isole;Sicilia;CT;B202;BRONTE
Isole;Sicilia;CT;B384;CALATABIANO
Isole;Sicilia;CT;B428;CALTAGIRONE
Isole;Sicilia;CT;B561;CAMPOROTONDO ETNEO
Isole;Sicilia;CT;C091;CASTEL DI IUDICA
Isole;Sicilia;CT;C297;CASTIGLIONE DI SICILIA
Isole;Sicilia;CT;C351;CATANIA
Isole;Sicilia;CT;D623;FIUMEFREDDO DI SICILIA
Isole;Sicilia;CT;E017;GIARRE
Isole;Sicilia;CT;E133;GRAMMICHELE
Isole;Sicilia;CT;E156;GRAVINA DI CATANIA
Isole;Sicilia;CT;E578;LICODIA EUBEA
Isole;Sicilia;CT;E602;LINGUAGLOSSA
Isole;Sicilia;CT;E854;MALETTO
Isole;Sicilia;CT;F004;MASCALI
Isole;Sicilia;CT;F005;MASCALUCIA
Isole;Sicilia;CT;F209;MILITELLO I V D CATANIA
Isole;Sicilia;CT;F214;MILO
Isole;Sicilia;CT;F217;MINEO
Isole;Sicilia;CT;F231;MIRABELLA IMBACCARI
Isole;Sicilia;CT;F250;MISTERBIANCO
Isole;Sicilia;CT;F781;MOTTA SANT`ANASTASIA
Isole;Sicilia;CT;F890;NICOLOSI
Isole;Sicilia;CT;G253;PALAGONIA
Isole;Sicilia;CT;G371;PATERNO`
Isole;Sicilia;CT;G402;PEDARA
Isole;Sicilia;CT;G597;PIEDIMONTE ETNEO
Isole;Sicilia;CT;H154;RADDUSA
Isole;Sicilia;CT;H168;RAMACCA
Isole;Sicilia;CT;H175;RANDAZZO
Isole;Sicilia;CT;H325;RIPOSTO
Isole;Sicilia;CT;H805;SAN CONO
Isole;Sicilia;CT;H922;SAN GIOVANNI LA PUNTA
Isole;Sicilia;CT;H940;SAN GREGORIO DI CATANIA
Isole;Sicilia;CT;I035;SAN MICHELE DI GANZARIA
Isole;Sicilia;CT;I098;SAN PIETRO CLARENZA
Isole;Sicilia;CT;I202;SANT`AGATA LI BATTIATI
Isole;Sicilia;CT;I216;SANT`ALFIO
Isole;Sicilia;CT;I240;SANTA MARIA DI LICODIA
Isole;Sicilia;CT;I314;SANTA VENERINA
Isole;Sicilia;CT;I548;SCORDIA
Isole;Sicilia;CT;L355;TRECASTAGNI
Isole;Sicilia;CT;L369;TREMESTIERI ETNEO
Isole;Sicilia;CT;L658;VALVERDE
Isole;Sicilia;CT;L828;VIAGRANDE
Isole;Sicilia;CT;M100;VIZZINI
Isole;Sicilia;CT;M139;ZAFFERANA ETNEA
Isole;Sicilia;CT;M271;MAZZARRONE
Isole;Sicilia;CT;M283;MANIACE
Isole;Sicilia;CT;M287;RAGALNA
Isole;Sicilia;EN;A070;AGIRA
Isole;Sicilia;EN;A098;AIDONE
Isole;Sicilia;EN;A478;ASSORO
Isole;Sicilia;EN;A676;BARRAFRANCA
Isole;Sicilia;EN;B381;CALASCIBETTA
Isole;Sicilia;EN;C342;ENNA
Isole;Sicilia;EN;C353;CATENANUOVA
Isole;Sicilia;EN;C471;CENTURIPE
Isole;Sicilia;EN;C480;CERAMI
Isole;Sicilia;EN;D849;GAGLIANO CASTELFERRATO
Isole;Sicilia;EN;E536;LEONFORTE
Isole;Sicilia;EN;F892;NICOSIA
Isole;Sicilia;EN;F900;NISSORIA
Isole;Sicilia;EN;G580;PIAZZA ARMERINA
Isole;Sicilia;EN;G624;PIETRAPERZIA
Isole;Sicilia;EN;H221;REGALBUTO
Isole;Sicilia;EN;I891;SPERLINGA
Isole;Sicilia;EN;L448;TROINA
Isole;Sicilia;EN;L583;VALGUARNERA CAROPEPE
Isole;Sicilia;EN;M011;VILLAROSA
Isole;Sicilia;ME;A177;ALCARA LI FUSI
Isole;Sicilia;ME;A194;ALI`
Isole;Sicilia;ME;A201;ALI` TERME
Isole;Sicilia;ME;A313;ANTILLO
Isole;Sicilia;ME;A638;BARCELLONA POZZO GOTTO
Isole;Sicilia;ME;A698;BASICO`
Isole;Sicilia;ME;B198;BROLO
Isole;Sicilia;ME;B660;CAPIZZI
Isole;Sicilia;ME;B666;CAPO D`ORLANDO
Isole;Sicilia;ME;B695;CAPRI LEONE
Isole;Sicilia;ME;B804;CARONIA
Isole;Sicilia;ME;B918;CASALVECCHIO SICULO
Isole;Sicilia;ME;C051;CASTELL`UMBERTO
Isole;Sicilia;ME;C094;CASTEL DI LUCIO
Isole;Sicilia;ME;C210;CASTELMOLA
Isole;Sicilia;ME;C347;CASTROREALE
Isole;Sicilia;ME;C568;CESARO`
Isole;Sicilia;ME;C956;CONDRO`
Isole;Sicilia;ME;D474;FALCONE
Isole;Sicilia;ME;D569;FICARRA
Isole;Sicilia;ME;D622;FIUMEDINISI
Isole;Sicilia;ME;D635;FLORESTA
Isole;Sicilia;ME;D661;FONDACHELLI-FANTINA
Isole;Sicilia;ME;D733;FORZA D`AGRO`
Isole;Sicilia;ME;D765;FRANCAVILLA DI SICILIA
Isole;Sicilia;ME;D793;FRAZZANO`
Isole;Sicilia;ME;D824;FURCI SICULO
Isole;Sicilia;ME;D825;FURNARI
Isole;Sicilia;ME;D844;GAGGI
Isole;Sicilia;ME;D861;GALATI MAMERTINO
Isole;Sicilia;ME;D885;GALLODORO
Isole;Sicilia;ME;E014;GIARDINI-NAXOS
Isole;Sicilia;ME;E043;GIOIOSA MAREA
Isole;Sicilia;ME;E142;GRANITI
Isole;Sicilia;ME;E233;GUALTIERI SICAMINO`
Isole;Sicilia;ME;E374;ITALA
Isole;Sicilia;ME;E523;LENI
Isole;Sicilia;ME;E555;LETOIANNI
Isole;Sicilia;ME;E571;LIBRIZZI
Isole;Sicilia;ME;E594;LIMINA
Isole;Sicilia;ME;E606;LIPARI
Isole;Sicilia;ME;E674;LONGI
Isole;Sicilia;ME;E855;MALFA
Isole;Sicilia;ME;E869;MALVAGNA
Isole;Sicilia;ME;E876;MANDANICI
Isole;Sicilia;ME;F066;MAZZARRA` SANT`ANDREA
Isole;Sicilia;ME;F147;MERI`
Isole;Sicilia;ME;F158;MESSINA
Isole;Sicilia;ME;F206;MILAZZO
Isole;Sicilia;ME;F210;MILITELLO ROSMARINO
Isole;Sicilia;ME;F242;MIRTO
Isole;Sicilia;ME;F251;MISTRETTA
Isole;Sicilia;ME;F277;MOIO ALCANTARA
Isole;Sicilia;ME;F359;MONFORTE SAN GIORGIO
Isole;Sicilia;ME;F368;MONGIUFFI MELIA
Isole;Sicilia;ME;F395;MONTAGNAREALE
Isole;Sicilia;ME;F400;MONTALBANO ELICONA
Isole;Sicilia;ME;F772;MOTTA CAMASTRA
Isole;Sicilia;ME;F773;MOTTA D`AFFERMO
Isole;Sicilia;ME;F848;NASO
Isole;Sicilia;ME;F901;NIZZA DI SICILIA
Isole;Sicilia;ME;F951;NOVARA DI SICILIA
Isole;Sicilia;ME;G036;OLIVERI
Isole;Sicilia;ME;G209;PACE DEL MELA
Isole;Sicilia;ME;G234;PAGLIARA
Isole;Sicilia;ME;G377;PATTI
Isole;Sicilia;ME;G522;PETTINEO
Isole;Sicilia;ME;G699;PIRAINO
Isole;Sicilia;ME;H151;RACCUIA
Isole;Sicilia;ME;H228;REITANO
Isole;Sicilia;ME;H380;ROCCAVALDINA
Isole;Sicilia;ME;H405;ROCCAFIORITA
Isole;Sicilia;ME;H418;ROCCALUMERA
Isole;Sicilia;ME;H455;ROCCELLA VALDEMONE
Isole;Sicilia;ME;H479;RODI` MILICI
Isole;Sicilia;ME;H519;ROMETTA
Isole;Sicilia;ME;H842;SAN FILIPPO DEL MELA
Isole;Sicilia;ME;H850;SAN FRATELLO
Isole;Sicilia;ME;H982;SAN MARCO D`ALUNZIO
Isole;Sicilia;ME;I084;SAN PIER NICETO
Isole;Sicilia;ME;I086;SAN PIERO PATTI
Isole;Sicilia;ME;I147;S SALVATORE DI FITALIA
Isole;Sicilia;ME;I184;SANTA DOMENICA VITTORIA
Isole;Sicilia;ME;I199;SANT`AGATA DI MILITELLO
Isole;Sicilia;ME;I215;SANT`ALESSIO SICULO
Isole;Sicilia;ME;I220;SANTA LUCIA DEL MELA
Isole;Sicilia;ME;I254;SANTA MARINA SALINA
Isole;Sicilia;ME;I283;SANT`ANGELO DI BROLO
Isole;Sicilia;ME;I311;SANTA TERESA DI RIVA
Isole;Sicilia;ME;I328;SAN TEODORO
Isole;Sicilia;ME;I370;S STEFANO DI CAMASTRA
Isole;Sicilia;ME;I420;SAPONARA
Isole;Sicilia;ME;I477;SAVOCA
Isole;Sicilia;ME;I492;SCALETTA ZANCLEA
Isole;Sicilia;ME;I747;SINAGRA
Isole;Sicilia;ME;I881;SPADAFORA
Isole;Sicilia;ME;L042;TAORMINA
Isole;Sicilia;ME;L271;TORREGROTTA
Isole;Sicilia;ME;L308;TORTORICI
Isole;Sicilia;ME;L431;TRIPI
Isole;Sicilia;ME;L478;TUSA
Isole;Sicilia;ME;L482;UCRIA
Isole;Sicilia;ME;L561;VALDINA
Isole;Sicilia;ME;L735;VENETICO
Isole;Sicilia;ME;L950;VILLAFRANCA TIRRENA
Isole;Sicilia;ME;M210;TERME VIGLIATORE
Isole;Sicilia;ME;M211;ACQUEDOLCI
Isole;Sicilia;ME;M286;TORRENOVA
Isole;Sicilia;PA;A195;ALIA
Isole;Sicilia;PA;A202;ALIMENA
Isole;Sicilia;PA;A203;ALIMINUSA
Isole;Sicilia;PA;A229;ALTAVILLA MILICIA
Isole;Sicilia;PA;A239;ALTOFONTE
Isole;Sicilia;PA;A546;BAGHERIA
Isole;Sicilia;PA;A592;BALESTRATE
Isole;Sicilia;PA;A719;BAUCINA
Isole;Sicilia;PA;A764;BELMONTE MEZZAGNO
Isole;Sicilia;PA;A882;BISACQUINO
Isole;Sicilia;PA;A946;BOLOGNETTA
Isole;Sicilia;PA;A958;BOMPIETRO
Isole;Sicilia;PA;A991;BORGETTO
Isole;Sicilia;PA;B315;CACCAMO
Isole;Sicilia;PA;B430;CALTAVUTURO
Isole;Sicilia;PA;B532;CAMPOFELICE DI ROCCELLA
Isole;Sicilia;PA;B533;CAMPOFELICE DI FITALIA
Isole;Sicilia;PA;B535;CAMPOFIORITO
Isole;Sicilia;PA;B556;CAMPOREALE
Isole;Sicilia;PA;B645;CAPACI
Isole;Sicilia;PA;B780;CARINI
Isole;Sicilia;PA;C067;CASTELBUONO
Isole;Sicilia;PA;C074;CASTELDACCIA
Isole;Sicilia;PA;C135;CASTELLANA SICULA
Isole;Sicilia;PA;C344;CASTRONUOVO DI SICILIA
Isole;Sicilia;PA;C420;CEFALA` DIANA
Isole;Sicilia;PA;C421;CEFALU`
Isole;Sicilia;PA;C496;CERDA
Isole;Sicilia;PA;C654;CHIUSA SCLAFANI
Isole;Sicilia;PA;C696;CIMINNA
Isole;Sicilia;PA;C708;CINISI
Isole;Sicilia;PA;C871;COLLESANO
Isole;Sicilia;PA;C968;CONTESSA ENTELLINA
Isole;Sicilia;PA;D009;CORLEONE
Isole;Sicilia;PA;D567;FICARAZZI
Isole;Sicilia;PA;D907;GANGI
Isole;Sicilia;PA;D977;GERACI SICULO
Isole;Sicilia;PA;E013;GIARDINELLO
Isole;Sicilia;PA;E055;GIULIANA
Isole;Sicilia;PA;E074;GODRANO
Isole;Sicilia;PA;E149;GRATTERI
Isole;Sicilia;PA;E337;ISNELLO
Isole;Sicilia;PA;E350;ISOLA DELLE FEMMINE
Isole;Sicilia;PA;E459;LASCARI
Isole;Sicilia;PA;E541;LERCARA FRIDDI
Isole;Sicilia;PA;E957;MARINEO
Isole;Sicilia;PA;F184;MEZZOJUSO
Isole;Sicilia;PA;F246;MISILMERI
Isole;Sicilia;PA;F377;MONREALE
Isole;Sicilia;PA;F544;MONTELEPRE
Isole;Sicilia;PA;F553;MONTEMAGGIORE BELSITO
Isole;Sicilia;PA;G263;PALAZZO ADRIANO
Isole;Sicilia;PA;G273;PALERMO
Isole;Sicilia;PA;G348;PARTINICO
Isole;Sicilia;PA;G510;PETRALIA SOPRANA
Isole;Sicilia;PA;G511;PETRALIA SOTTANA
Isole;Sicilia;PA;G543;PIANA DEGLI ALBANESI
Isole;Sicilia;PA;G792;POLIZZI GENEROSA
Isole;Sicilia;PA;G797;POLLINA
Isole;Sicilia;PA;H070;PRIZZI
Isole;Sicilia;PA;H422;ROCCAMENA
Isole;Sicilia;PA;H428;ROCCAPALUMBA
Isole;Sicilia;PA;H797;SAN CIPIRELLO
Isole;Sicilia;PA;H933;SAN GIUSEPPE IATO
Isole;Sicilia;PA;I028;SAN MAURO CASTELVERDE
Isole;Sicilia;PA;I174;SANTA CRISTINA GELA
Isole;Sicilia;PA;I188;SANTA FLAVIA
Isole;Sicilia;PA;I534;SCIARA
Isole;Sicilia;PA;I538;SCILLATO
Isole;Sicilia;PA;I541;SCLAFANI BAGNI
Isole;Sicilia;PA;L112;TERMINI IMERESE
Isole;Sicilia;PA;L131;TERRASINI
Isole;Sicilia;PA;L282;TORRETTA
Isole;Sicilia;PA;L317;TRABIA
Isole;Sicilia;PA;L332;TRAPPETO
Isole;Sicilia;PA;L519;USTICA
Isole;Sicilia;PA;L603;VALLEDOLMO
Isole;Sicilia;PA;L740;VENTIMIGLIA DI SICILIA
Isole;Sicilia;PA;L837;VICARI
Isole;Sicilia;PA;L916;VILLABATE
Isole;Sicilia;PA;L951;VILLAFRATI
Isole;Sicilia;PA;M268;BLUFI
Isole;Sicilia;RG;A014;ACATE
Isole;Sicilia;RG;C612;CHIARAMONTE GULFI
Isole;Sicilia;RG;C927;COMISO
Isole;Sicilia;RG;E016;GIARRATANA
Isole;Sicilia;RG;E366;ISPICA
Isole;Sicilia;RG;F258;MODICA
Isole;Sicilia;RG;F610;MONTEROSSO ALMO
Isole;Sicilia;RG;G953;POZZALLO
Isole;Sicilia;RG;H163;RAGUSA
Isole;Sicilia;RG;I178;SANTA CROCE CAMERINA
Isole;Sicilia;RG;I535;SCICLI
Isole;Sicilia;RG;M088;VITTORIA
Isole;Sicilia;SR;A494;AUGUSTA
Isole;Sicilia;SR;A522;AVOLA
Isole;Sicilia;SR;B237;BUCCHERI
Isole;Sicilia;SR;B287;BUSCEMI
Isole;Sicilia;SR;B603;CANICATTINI BAGNI
Isole;Sicilia;SR;B787;CARLENTINI
Isole;Sicilia;SR;C006;CASSARO
Isole;Sicilia;SR;D540;FERLA
Isole;Sicilia;SR;D636;FLORIDIA
Isole;Sicilia;SR;D768;FRANCOFONTE
Isole;Sicilia;SR;E532;LENTINI
Isole;Sicilia;SR;F107;MELILLI
Isole;Sicilia;SR;F943;NOTO
Isole;Sicilia;SR;G211;PACHINO
Isole;Sicilia;SR;G267;PALAZZOLO ACREIDE
Isole;Sicilia;SR;H574;ROSOLINI
Isole;Sicilia;SR;I754;SIRACUSA
Isole;Sicilia;SR;I785;SOLARINO
Isole;Sicilia;SR;I864;SORTINO
Isole;Sicilia;SR;M257;PORTOPALO DI CAPO PASSERO
Isole;Sicilia;SR;M279;PRIOLO GARGALLO
Isole;Sicilia;TP;A176;ALCAMO
Isole;Sicilia;TP;B288;BUSETO PALIZZOLO
Isole;Sicilia;TP;B385;CALATAFIMI SEGESTA
Isole;Sicilia;TP;B521;CAMPOBELLO DI MAZARA
Isole;Sicilia;TP;C130;CASTELLAMMARE DEL GOLFO
Isole;Sicilia;TP;C286;CASTELVETRANO
Isole;Sicilia;TP;D234;CUSTONACI
Isole;Sicilia;TP;D423;ERICE
Isole;Sicilia;TP;D518;FAVIGNANA
Isole;Sicilia;TP;E023;GIBELLINA
Isole;Sicilia;TP;E974;MARSALA
Isole;Sicilia;TP;F061;MAZARA DEL VALLO
Isole;Sicilia;TP;G208;PACECO
Isole;Sicilia;TP;G315;PANTELLERIA
Isole;Sicilia;TP;G319;VALDERICE
Isole;Sicilia;TP;G347;PARTANNA
Isole;Sicilia;TP;G767;POGGIOREALE
Isole;Sicilia;TP;H688;SALAPARUTA
Isole;Sicilia;TP;H700;SALEMI
Isole;Sicilia;TP;I291;SANTA NINFA
Isole;Sicilia;TP;I407;SAN VITO LO CAPO
Isole;Sicilia;TP;L331;TRAPANI
Isole;Sicilia;TP;M081;VITA
Isole;Sicilia;TP;M281;PETROSINO
Nord Est;Emilia-Romagna;BO;A324;ANZOLA DELL`EMILIA
Nord Est;Emilia-Romagna;BO;A392;ARGELATO
Nord Est;Emilia-Romagna;BO;A665;BARICELLA
Nord Est;Emilia-Romagna;BO;A771;LIZZANO IN BELVEDERE
Nord Est;Emilia-Romagna;BO;A785;BENTIVOGLIO
Nord Est;Emilia-Romagna;BO;A944;BOLOGNA
Nord Est;Emilia-Romagna;BO;B044;BORGO TOSSIGNANO
Nord Est;Emilia-Romagna;BO;B249;BUDRIO
Nord Est;Emilia-Romagna;BO;B399;CALDERARA DI RENO
Nord Est;Emilia-Romagna;BO;B572;CAMUGNANO
Nord Est;Emilia-Romagna;BO;B689;MARZABOTTO
Nord Est;Emilia-Romagna;BO;B880;CASALECCHIO DI RENO
Nord Est;Emilia-Romagna;BO;B892;CASALFIUMANESE
Nord Est;Emilia-Romagna;BO;B969;CASTEL DI CASIO
Nord Est;Emilia-Romagna;BO;C075;CASTEL D`AIANO
Nord Est;Emilia-Romagna;BO;C086;CASTEL DEL RIO
Nord Est;Emilia-Romagna;BO;C121;CASTEL GUELFO BOLOGNA
Nord Est;Emilia-Romagna;BO;C185;CASTELLO D`ARGILE
Nord Est;Emilia-Romagna;BO;C204;CASTEL MAGGIORE
Nord Est;Emilia-Romagna;BO;C265;CASTEL SAN PIETRO TERME
Nord Est;Emilia-Romagna;BO;C292;CASTENASO
Nord Est;Emilia-Romagna;BO;C296;CASTIGLIONE DEI PEPOLI
Nord Est;Emilia-Romagna;BO;D166;CREVALCORE
Nord Est;Emilia-Romagna;BO;D360;DOZZA
Nord Est;Emilia-Romagna;BO;D668;FONTANELICE
Nord Est;Emilia-Romagna;BO;D847;GAGGIO MONTANO
Nord Est;Emilia-Romagna;BO;D878;GALLIERA
Nord Est;Emilia-Romagna;BO;E136;GRANAROLO DELL`EMILIA
Nord Est;Emilia-Romagna;BO;E187;GRIZZANA MORANDI
Nord Est;Emilia-Romagna;BO;E289;IMOLA
Nord Est;Emilia-Romagna;BO;E655;LOIANO
Nord Est;Emilia-Romagna;BO;E844;MALALBERGO
Nord Est;Emilia-Romagna;BO;F083;MEDICINA
Nord Est;Emilia-Romagna;BO;F219;MINERBIO
Nord Est;Emilia-Romagna;BO;F288;MOLINELLA
Nord Est;Emilia-Romagna;BO;F363;MONGHIDORO
Nord Est;Emilia-Romagna;BO;F597;MONTERENZIO
Nord Est;Emilia-Romagna;BO;F627;MONTE SAN PIETRO
Nord Est;Emilia-Romagna;BO;F706;MONZUNO
Nord Est;Emilia-Romagna;BO;F718;MORDANO
Nord Est;Emilia-Romagna;BO;G205;OZZANO DELL`EMILIA
Nord Est;Emilia-Romagna;BO;G467;SAN GIOVANNI PERSICETO
Nord Est;Emilia-Romagna;BO;G566;SAN BENEDETTO VAL DI SAMBRO
Nord Est;Emilia-Romagna;BO;G570;PIANORO
Nord Est;Emilia-Romagna;BO;G643;PIEVE DI CENTO
Nord Est;Emilia-Romagna;BO;G972;SASSO MARCONI
Nord Est;Emilia-Romagna;BO;H678;SALA BOLOGNESE
Nord Est;Emilia-Romagna;BO;H896;SAN GIORGIO DI PIANO
Nord Est;Emilia-Romagna;BO;H945;SAN LAZZARO DI SAVENA
Nord Est;Emilia-Romagna;BO;I110;SAN PIETRO IN CASALE
Nord Est;Emilia-Romagna;BO;I191;SANT`AGATA BOLOGNESE
Nord Est;Emilia-Romagna;BO;L762;VERGATO
Nord Est;Emilia-Romagna;BO;M185;ZOLA PREDOSA
Nord Est;Emilia-Romagna;BO;M320;VALSAMOGGIA
Nord Est;Emilia-Romagna;BO;M369;ALTO RENO TERME
Nord Est;Emilia-Romagna;FE;A393;ARGENTA
Nord Est;Emilia-Romagna;FE;A806;BERRA
Nord Est;Emilia-Romagna;FE;A965;BONDENO
Nord Est;Emilia-Romagna;FE;C469;CENTO
Nord Est;Emilia-Romagna;FE;C814;CODIGORO
Nord Est;Emilia-Romagna;FE;C912;COMACCHIO
Nord Est;Emilia-Romagna;FE;C980;COPPARO
Nord Est;Emilia-Romagna;FE;D548;FERRARA
Nord Est;Emilia-Romagna;FE;D713;FORMIGNANA
Nord Est;Emilia-Romagna;FE;E107;GORO
Nord Est;Emilia-Romagna;FE;E320;IOLANDA DI SAVOIA
Nord Est;Emilia-Romagna;FE;E410;LAGOSANTO
Nord Est;Emilia-Romagna;FE;F016;MASI TORELLO
Nord Est;Emilia-Romagna;FE;F156;MESOLA
Nord Est;Emilia-Romagna;FE;F235;MIRABELLO
Nord Est;Emilia-Romagna;FE;G184;OSTELLATO
Nord Est;Emilia-Romagna;FE;G768;POGGIO RENATICO
Nord Est;Emilia-Romagna;FE;G916;PORTOMAGGIORE
Nord Est;Emilia-Romagna;FE;H360;RO FERRARESE
Nord Est;Emilia-Romagna;FE;I209;SANT`AGOSTINO
Nord Est;Emilia-Romagna;FE;L390;TRESIGALLO
Nord Est;Emilia-Romagna;FE;L868;VIGARANO MAINARDA
Nord Est;Emilia-Romagna;FE;M110;VOGHIERA
Nord Est;Emilia-Romagna;FE;M323;FISCAGLIA
Nord Est;Emilia-Romagna;FO;A565;BAGNO DI ROMAGNA
Nord Est;Emilia-Romagna;FO;A809;BERTINORO
Nord Est;Emilia-Romagna;FO;B001;BORGHI
Nord Est;Emilia-Romagna;FO;C339;CASTROCARO TERME T SOLE
Nord Est;Emilia-Romagna;FO;C573;CESENA
Nord Est;Emilia-Romagna;FO;C574;CESENATICO
Nord Est;Emilia-Romagna;FO;C777;CIVITELLA DI ROMAGNA
Nord Est;Emilia-Romagna;FO;D357;DOVADOLA
Nord Est;Emilia-Romagna;FO;D704;FORLI
Nord Est;Emilia-Romagna;FO;D705;FORLIMPOPOLI
Nord Est;Emilia-Romagna;FO;D867;GALEATA
Nord Est;Emilia-Romagna;FO;D899;GAMBETTOLA
Nord Est;Emilia-Romagna;FO;D935;GATTEO
Nord Est;Emilia-Romagna;FO;E675;LONGIANO
Nord Est;Emilia-Romagna;FO;F097;MELDOLA
Nord Est;Emilia-Romagna;FO;F139;MERCATO SARACENO
Nord Est;Emilia-Romagna;FO;F259;MODIGLIANA
Nord Est;Emilia-Romagna;FO;F668;MONTIANO
Nord Est;Emilia-Romagna;FO;G904;PORTICO E SAN BENEDETTO
Nord Est;Emilia-Romagna;FO;H017;PREDAPPIO
Nord Est;Emilia-Romagna;FO;H034;PREMILCUORE
Nord Est;Emilia-Romagna;FO;H437;ROCCA SAN CASCIANO
Nord Est;Emilia-Romagna;FO;H542;RONCOFREDDO
Nord Est;Emilia-Romagna;FO;I027;SAN MAURO PASCOLI
Nord Est;Emilia-Romagna;FO;I310;SANTA SOFIA
Nord Est;Emilia-Romagna;FO;I444;SARSINA
Nord Est;Emilia-Romagna;FO;I472;SAVIGNANO SUL RUBICONE
Nord Est;Emilia-Romagna;FO;I779;SOGLIANO AL RUBICONE
Nord Est;Emilia-Romagna;FO;L361;TREDOZIO
Nord Est;Emilia-Romagna;FO;L764;VERGHERETO
Nord Est;Emilia-Romagna;MO;A713;BASTIGLIA
Nord Est;Emilia-Romagna;MO;A959;BOMPORTO
Nord Est;Emilia-Romagna;MO;B539;CAMPOGALLIANO
Nord Est;Emilia-Romagna;MO;B566;CAMPOSANTO
Nord Est;Emilia-Romagna;MO;B819;CARPI
Nord Est;Emilia-Romagna;MO;C107;CASTELFRANCO EMILIA
Nord Est;Emilia-Romagna;MO;C242;CASTELNUOVO RANGONE
Nord Est;Emilia-Romagna;MO;C287;CASTELVETRO DI MODENA
Nord Est;Emilia-Romagna;MO;C398;CAVEZZO
Nord Est;Emilia-Romagna;MO;C951;CONCORDIA SULLA SECCHIA
Nord Est;Emilia-Romagna;MO;D486;FANANO
Nord Est;Emilia-Romagna;MO;D599;FINALE EMILIA
Nord Est;Emilia-Romagna;MO;D607;FIORANO MODENESE
Nord Est;Emilia-Romagna;MO;D617;FIUMALBO
Nord Est;Emilia-Romagna;MO;D711;FORMIGINE
Nord Est;Emilia-Romagna;MO;D783;FRASSINORO
Nord Est;Emilia-Romagna;MO;E264;GUIGLIA
Nord Est;Emilia-Romagna;MO;E426;LAMA MOCOGNO
Nord Est;Emilia-Romagna;MO;E904;MARANELLO
Nord Est;Emilia-Romagna;MO;E905;MARANO SUL PANARO
Nord Est;Emilia-Romagna;MO;F087;MEDOLLA
Nord Est;Emilia-Romagna;MO;F240;MIRANDOLA
Nord Est;Emilia-Romagna;MO;F257;MODENA
Nord Est;Emilia-Romagna;MO;F357;SERRAMAZZONI
Nord Est;Emilia-Romagna;MO;F484;MONTECRETO
Nord Est;Emilia-Romagna;MO;F503;MONTEFIORINO
Nord Est;Emilia-Romagna;MO;F642;MONTESE
Nord Est;Emilia-Romagna;MO;F930;NONANTOLA
Nord Est;Emilia-Romagna;MO;F966;NOVI DI MODENA
Nord Est;Emilia-Romagna;MO;G250;PALAGANO
Nord Est;Emilia-Romagna;MO;G393;PAVULLO NEL FRIGNANO
Nord Est;Emilia-Romagna;MO;G649;PIEVEPELAGO
Nord Est;Emilia-Romagna;MO;G789;POLINAGO
Nord Est;Emilia-Romagna;MO;H061;PRIGNANO SULLA SECCHIA
Nord Est;Emilia-Romagna;MO;H195;RAVARINO
Nord Est;Emilia-Romagna;MO;H303;RIOLUNATO
Nord Est;Emilia-Romagna;MO;H794;SAN CESARIO SUL PANARO
Nord Est;Emilia-Romagna;MO;H835;SAN FELICE SUL PANARO
Nord Est;Emilia-Romagna;MO;I128;SAN POSSIDONIO
Nord Est;Emilia-Romagna;MO;I133;SAN PROSPERO
Nord Est;Emilia-Romagna;MO;I462;SASSUOLO
Nord Est;Emilia-Romagna;MO;I473;SAVIGNANO SUL PANARO
Nord Est;Emilia-Romagna;MO;I689;SESTOLA
Nord Est;Emilia-Romagna;MO;I802;SOLIERA
Nord Est;Emilia-Romagna;MO;I903;SPILAMBERTO
Nord Est;Emilia-Romagna;MO;L885;VIGNOLA
Nord Est;Emilia-Romagna;MO;M183;ZOCCA
Nord Est;Emilia-Romagna;PC;A067;AGAZZANO
Nord Est;Emilia-Romagna;PC;A223;ALSENO
Nord Est;Emilia-Romagna;PC;A823;BESENZONE
Nord Est;Emilia-Romagna;PC;A831;BETTOLA
Nord Est;Emilia-Romagna;PC;A909;BOBBIO
Nord Est;Emilia-Romagna;PC;B025;BORGONOVO VAL TIDONE
Nord Est;Emilia-Romagna;PC;B332;CADEO
Nord Est;Emilia-Romagna;PC;B405;CALENDASCO
Nord Est;Emilia-Romagna;PC;B479;CAMINATA
Nord Est;Emilia-Romagna;PC;B643;CAORSO
Nord Est;Emilia-Romagna;PC;B812;CARPANETO PIACENTINO
Nord Est;Emilia-Romagna;PC;C145;CASTELL`ARQUATO
Nord Est;Emilia-Romagna;PC;C261;CASTEL SAN GIOVANNI
Nord Est;Emilia-Romagna;PC;C288;CASTELVETRO PIACENTINO
Nord Est;Emilia-Romagna;PC;C513;CERIGNALE
Nord Est;Emilia-Romagna;PC;C838;COLI
Nord Est;Emilia-Romagna;PC;D054;CORTE BRUGNATELLA
Nord Est;Emilia-Romagna;PC;D061;CORTEMAGGIORE
Nord Est;Emilia-Romagna;PC;D502;FARINI
Nord Est;Emilia-Romagna;PC;D555;FERRIERE
Nord Est;Emilia-Romagna;PC;D611;FIORENZUOLA D`ARDA
Nord Est;Emilia-Romagna;PC;D958;GAZZOLA
Nord Est;Emilia-Romagna;PC;E114;GOSSOLENGO
Nord Est;Emilia-Romagna;PC;E132;GRAGNANO TREBBIENSE
Nord Est;Emilia-Romagna;PC;E196;GROPPARELLO
Nord Est;Emilia-Romagna;PC;E726;LUGAGNANO VAL D`ARDA
Nord Est;Emilia-Romagna;PC;F671;MONTICELLI D`ONGINA
Nord Est;Emilia-Romagna;PC;F724;MORFASSO
Nord Est;Emilia-Romagna;PC;F885;NIBBIANO
Nord Est;Emilia-Romagna;PC;G195;OTTONE
Nord Est;Emilia-Romagna;PC;G399;PECORARA
Nord Est;Emilia-Romagna;PC;G535;PIACENZA
Nord Est;Emilia-Romagna;PC;G557;PIANELLO VAL TIDONE
Nord Est;Emilia-Romagna;PC;G696;PIOZZANO
Nord Est;Emilia-Romagna;PC;G747;PODENZANO
Nord Est;Emilia-Romagna;PC;G788;SAN PIETRO IN CERRO
Nord Est;Emilia-Romagna;PC;G842;PONTE DELL`OLIO
Nord Est;Emilia-Romagna;PC;G852;PONTENURE
Nord Est;Emilia-Romagna;PC;H350;RIVERGARO
Nord Est;Emilia-Romagna;PC;H593;ROTTOFRENO
Nord Est;Emilia-Romagna;PC;H887;SAN GIORGIO PIACENTINO
Nord Est;Emilia-Romagna;PC;I434;SARMATO
Nord Est;Emilia-Romagna;PC;L348;TRAVO
Nord Est;Emilia-Romagna;PC;L772;VERNASCA
Nord Est;Emilia-Romagna;PC;L848;ZIANO PIACENTINO
Nord Est;Emilia-Romagna;PC;L897;VIGOLZONE
Nord Est;Emilia-Romagna;PC;L980;VILLANOVA SULL`ARDA
Nord Est;Emilia-Romagna;PC;M165;ZERBA
Nord Est;Emilia-Romagna;PR;A138;ALBARETO
Nord Est;Emilia-Romagna;PR;A646;BARDI
Nord Est;Emilia-Romagna;PR;A731;BEDONIA
Nord Est;Emilia-Romagna;PR;A788;BERCETO
Nord Est;Emilia-Romagna;PR;A987;BORE
Nord Est;Emilia-Romagna;PR;B034;FIDENZA
Nord Est;Emilia-Romagna;PR;B042;BORGO VAL DI TARO
Nord Est;Emilia-Romagna;PR;B293;BUSSETO
Nord Est;Emilia-Romagna;PR;B408;CALESTANO
Nord Est;Emilia-Romagna;PR;C852;COLLECCHIO
Nord Est;Emilia-Romagna;PR;C904;COLORNO
Nord Est;Emilia-Romagna;PR;C934;COMPIANO
Nord Est;Emilia-Romagna;PR;D026;CORNIGLIO
Nord Est;Emilia-Romagna;PR;D526;FELINO
Nord Est;Emilia-Romagna;PR;D673;FONTANELLATO
Nord Est;Emilia-Romagna;PR;D685;FONTEVIVO
Nord Est;Emilia-Romagna;PR;D728;FORNOVO DI TARO
Nord Est;Emilia-Romagna;PR;E438;LANGHIRANO
Nord Est;Emilia-Romagna;PR;E547;LESIGNANO DE` BAGNI
Nord Est;Emilia-Romagna;PR;E548;TERENZO
Nord Est;Emilia-Romagna;PR;F082;MEDESANO
Nord Est;Emilia-Romagna;PR;F174;MEZZANI
Nord Est;Emilia-Romagna;PR;F340;MONCHIO DELLE CORTI
Nord Est;Emilia-Romagna;PR;F473;MONTECHIARUGOLO
Nord Est;Emilia-Romagna;PR;F882;NEVIANO DEGLI ARDUINI
Nord Est;Emilia-Romagna;PR;F914;NOCETO
Nord Est;Emilia-Romagna;PR;G255;PALANZANO
Nord Est;Emilia-Romagna;PR;G337;PARMA
Nord Est;Emilia-Romagna;PR;G424;PELLEGRINO PARMENSE
Nord Est;Emilia-Romagna;PR;H384;ROCCABIANCA
Nord Est;Emilia-Romagna;PR;H682;SALA BAGANZA
Nord Est;Emilia-Romagna;PR;H720;SALSOMAGGIORE
Nord Est;Emilia-Romagna;PR;I153;SAN SECONDO PARMENSE
Nord Est;Emilia-Romagna;PR;I803;SOLIGNANO
Nord Est;Emilia-Romagna;PR;I840;SORAGNA
Nord Est;Emilia-Romagna;PR;I845;SORBOLO
Nord Est;Emilia-Romagna;PR;L183;TIZZANO VAL PARMA
Nord Est;Emilia-Romagna;PR;L229;TORNOLO
Nord Est;Emilia-Romagna;PR;L299;TORRILE
Nord Est;Emilia-Romagna;PR;L346;TRAVERSETOLO
Nord Est;Emilia-Romagna;PR;L641;VALMOZZOLA
Nord Est;Emilia-Romagna;PR;L672;VARANO DE` MELEGARI
Nord Est;Emilia-Romagna;PR;L689;VARSI
Nord Est;Emilia-Romagna;PR;M325;SISSA TRECASALI
Nord Est;Emilia-Romagna;PR;M367;POLESINE ZIBELLO
Nord Est;Emilia-Romagna;RA;A191;ALFONSINE
Nord Est;Emilia-Romagna;RA;A547;BAGNACAVALLO
Nord Est;Emilia-Romagna;RA;A551;BAGNARA DI ROMAGNA
Nord Est;Emilia-Romagna;RA;B188;BRISIGHELLA
Nord Est;Emilia-Romagna;RA;B982;CASOLA VALSENIO
Nord Est;Emilia-Romagna;RA;C065;CASTEL BOLOGNESE
Nord Est;Emilia-Romagna;RA;C553;CERVIA
Nord Est;Emilia-Romagna;RA;C963;CONSELICE
Nord Est;Emilia-Romagna;RA;D121;COTIGNOLA
Nord Est;Emilia-Romagna;RA;D458;FAENZA
Nord Est;Emilia-Romagna;RA;D829;FUSIGNANO
Nord Est;Emilia-Romagna;RA;E730;LUGO
Nord Est;Emilia-Romagna;RA;F029;MASSA LOMBARDA
Nord Est;Emilia-Romagna;RA;H199;RAVENNA
Nord Est;Emilia-Romagna;RA;H302;RIOLO TERME
Nord Est;Emilia-Romagna;RA;H642;RUSSI
Nord Est;Emilia-Romagna;RA;I196;SANT`AGATA SUL SANTERNO
Nord Est;Emilia-Romagna;RA;I787;SOLAROLO
Nord Est;Emilia-Romagna;RE;A162;ALBINEA
Nord Est;Emilia-Romagna;RE;A573;BAGNOLO IN PIANO
Nord Est;Emilia-Romagna;RE;A586;BAISO
Nord Est;Emilia-Romagna;RE;A850;BIBBIANO
Nord Est;Emilia-Romagna;RE;A988;BORETTO
Nord Est;Emilia-Romagna;RE;B156;BRESCELLO
Nord Est;Emilia-Romagna;RE;B328;CADELBOSCO DI SOPRA
Nord Est;Emilia-Romagna;RE;B499;CAMPAGNOLA EMILIA
Nord Est;Emilia-Romagna;RE;B502;CAMPEGINE
Nord Est;Emilia-Romagna;RE;B825;CARPINETI
Nord Est;Emilia-Romagna;RE;B893;CASALGRANDE
Nord Est;Emilia-Romagna;RE;B967;CASINA
Nord Est;Emilia-Romagna;RE;C141;CASTELLARANO
Nord Est;Emilia-Romagna;RE;C218;CASTELNOVO DI SOTTO
Nord Est;Emilia-Romagna;RE;C219;CASTELNOVO NEI MONTI
Nord Est;Emilia-Romagna;RE;C405;CAVRIAGO
Nord Est;Emilia-Romagna;RE;C669;CIANO D`ENZA
Nord Est;Emilia-Romagna;RE;D037;CORREGGIO
Nord Est;Emilia-Romagna;RE;D450;FABBRICO
Nord Est;Emilia-Romagna;RE;D934;GATTATICO
Nord Est;Emilia-Romagna;RE;E232;GUALTIERI
Nord Est;Emilia-Romagna;RE;E253;GUASTALLA
Nord Est;Emilia-Romagna;RE;E772;LUZZARA
Nord Est;Emilia-Romagna;RE;F463;MONTECCHIO EMILIA
Nord Est;Emilia-Romagna;RE;F960;NOVELLARA
Nord Est;Emilia-Romagna;RE;G947;POVIGLIO
Nord Est;Emilia-Romagna;RE;H122;QUATTRO CASTELLA
Nord Est;Emilia-Romagna;RE;H223;REGGIO NELL`EMILIA
Nord Est;Emilia-Romagna;RE;H225;REGGIOLO
Nord Est;Emilia-Romagna;RE;H298;RIO SALICETO
Nord Est;Emilia-Romagna;RE;H500;ROLO
Nord Est;Emilia-Romagna;RE;H628;RUBIERA
Nord Est;Emilia-Romagna;RE;I011;SAN MARTINO IN RIO
Nord Est;Emilia-Romagna;RE;I123;SAN POLO D`ENZA
Nord Est;Emilia-Romagna;RE;I342;SANT`ILARIO D`ENZA
Nord Est;Emilia-Romagna;RE;I496;SCANDIANO
Nord Est;Emilia-Romagna;RE;L184;TOANO
Nord Est;Emilia-Romagna;RE;L815;VETTO D ENZA
Nord Est;Emilia-Romagna;RE;L820;VEZZANO SUL CROSTOLO
Nord Est;Emilia-Romagna;RE;L831;VIANO
Nord Est;Emilia-Romagna;RE;L969;VILLA MINOZZO
Nord Est;Emilia-Romagna;RE;M364;VENTASSO
Nord Est;Emilia-Romagna;RN;A747;BELLARIA IGEA MARINA
Nord Est;Emilia-Romagna;RN;C357;CATTOLICA
Nord Est;Emilia-Romagna;RN;D004;CORIANO
Nord Est;Emilia-Romagna;RN;D961;GEMMANO
Nord Est;Emilia-Romagna;RN;F244;MISANO ADRIATICO
Nord Est;Emilia-Romagna;RN;F346;MONDAINO
Nord Est;Emilia-Romagna;RN;F502;MONTEFIORE CONCA
Nord Est;Emilia-Romagna;RN;F523;MONTEGRIDOLFO
Nord Est;Emilia-Romagna;RN;F715;MORCIANO DI ROMAGNA
Nord Est;Emilia-Romagna;RN;H274;RICCIONE
Nord Est;Emilia-Romagna;RN;H294;RIMINI
Nord Est;Emilia-Romagna;RN;H724;SALUDECIO
Nord Est;Emilia-Romagna;RN;H801;SAN CLEMENTE
Nord Est;Emilia-Romagna;RN;H921;SAN GIOVANNI IN MARIGNANO
Nord Est;Emilia-Romagna;RN;I304;SANTARCANGELO DI ROMAGNA
Nord Est;Emilia-Romagna;RN;L797;VERUCCHIO
Nord Est;Emilia-Romagna;RN;M324;POGGIO TORRIANA
Nord Est;Emilia-Romagna;RN;M368;MONTESCUDO-MONTE COLOMBO
Nord Est;Friuli- Venezia Giulia;PN;A283;ANDREIS
Nord Est;Friuli- Venezia Giulia;PN;A354;ARBA
Nord Est;Friuli- Venezia Giulia;PN;A516;AVIANO
Nord Est;Friuli- Venezia Giulia;PN;A530;AZZANO DECIMO
Nord Est;Friuli- Venezia Giulia;PN;A640;BARCIS
Nord Est;Friuli- Venezia Giulia;PN;B215;BRUGNERA
Nord Est;Friuli- Venezia Giulia;PN;B247;BUDOIA
Nord Est;Friuli- Venezia Giulia;PN;B598;CANEVA
Nord Est;Friuli- Venezia Giulia;PN;B940;CASARSA DELLA DELIZIA
Nord Est;Friuli- Venezia Giulia;PN;C217;CASTELNOVO DEL FRIULI
Nord Est;Friuli- Venezia Giulia;PN;C385;CAVASSO NUOVO
Nord Est;Friuli- Venezia Giulia;PN;C640;CHIONS
Nord Est;Friuli- Venezia Giulia;PN;C699;CIMOLAIS
Nord Est;Friuli- Venezia Giulia;PN;C790;CLAUT
Nord Est;Friuli- Venezia Giulia;PN;C791;CLAUZETTO
Nord Est;Friuli- Venezia Giulia;PN;C991;CORDENONS
Nord Est;Friuli- Venezia Giulia;PN;C993;CORDOVADO
Nord Est;Friuli- Venezia Giulia;PN;D426;ERTO E CASSO
Nord Est;Friuli- Venezia Giulia;PN;D487;FANNA
Nord Est;Friuli- Venezia Giulia;PN;D621;FIUME VENETO
Nord Est;Friuli- Venezia Giulia;PN;D670;FONTANAFREDDA
Nord Est;Friuli- Venezia Giulia;PN;D804;FRISANCO
Nord Est;Friuli- Venezia Giulia;PN;E889;MANIAGO
Nord Est;Friuli- Venezia Giulia;PN;F089;MEDUNO
Nord Est;Friuli- Venezia Giulia;PN;F596;MONTEREALE VALCELLINA
Nord Est;Friuli- Venezia Giulia;PN;F750;MORSANO AL TAGLIAMENTO
Nord Est;Friuli- Venezia Giulia;PN;G353;PASIANO DI PORDENONE
Nord Est;Friuli- Venezia Giulia;PN;G680;PINZANO AL TAGLIAMENTO
Nord Est;Friuli- Venezia Giulia;PN;G780;POLCENIGO
Nord Est;Friuli- Venezia Giulia;PN;G886;PORCIA
Nord Est;Friuli- Venezia Giulia;PN;G888;PORDENONE
Nord Est;Friuli- Venezia Giulia;PN;G994;PRATA DI PORDENONE
Nord Est;Friuli- Venezia Giulia;PN;H010;PRAVISDOMINI
Nord Est;Friuli- Venezia Giulia;PN;H609;ROVEREDO IN PIANO
Nord Est;Friuli- Venezia Giulia;PN;H657;SACILE
Nord Est;Friuli- Venezia Giulia;PN;H891;SAN GIORGIO DELLA RICHINVELDA
Nord Est;Friuli- Venezia Giulia;PN;H999;SAN MARTINO AL TAGLIAMENTO
Nord Est;Friuli- Venezia Giulia;PN;I136;SAN QUIRINO
Nord Est;Friuli- Venezia Giulia;PN;I403;SAN VITO AL TAGLIAMENTO
Nord Est;Friuli- Venezia Giulia;PN;I621;SEQUALS
Nord Est;Friuli- Venezia Giulia;PN;I686;SESTO AL REGHENA
Nord Est;Friuli- Venezia Giulia;PN;I904;SPILIMBERGO
Nord Est;Friuli- Venezia Giulia;PN;L324;TRAMONTI DI SOPRA
Nord Est;Friuli- Venezia Giulia;PN;L325;TRAMONTI DI SOTTO
Nord Est;Friuli- Venezia Giulia;PN;L347;TRAVESIO
Nord Est;Friuli- Venezia Giulia;PN;M085;VITO D`ASIO
Nord Est;Friuli- Venezia Giulia;PN;M096;VIVARO
Nord Est;Friuli- Venezia Giulia;PN;M190;ZOPPOLA
Nord Est;Friuli- Venezia Giulia;PN;M265;VAJONT
Nord Est;Friuli- Venezia Giulia;PN;M346;VALVASONE ARZENE
Nord Est;Friuli- Venezia Giulia;UD;A254;AMARO
Nord Est;Friuli- Venezia Giulia;UD;A267;AMPEZZO
Nord Est;Friuli- Venezia Giulia;UD;A447;ARTA TERME
Nord Est;Friuli- Venezia Giulia;UD;A448;ARTEGNA
Nord Est;Friuli- Venezia Giulia;UD;A491;ATTIMIS
Nord Est;Friuli- Venezia Giulia;UD;A553;BAGNARIA ARSA
Nord Est;Friuli- Venezia Giulia;UD;A700;BASILIANO
Nord Est;Friuli- Venezia Giulia;UD;A810;BERTIOLO
Nord Est;Friuli- Venezia Giulia;UD;A855;BICINICCO
Nord Est;Friuli- Venezia Giulia;UD;A983;BORDANO
Nord Est;Friuli- Venezia Giulia;UD;B259;BUJA
Nord Est;Friuli- Venezia Giulia;UD;B309;BUTTRIO
Nord Est;Friuli- Venezia Giulia;UD;B483;CAMINO AL TAGLIAMENTO
Nord Est;Friuli- Venezia Giulia;UD;B536;CAMPOFORMIDO
Nord Est;Friuli- Venezia Giulia;UD;B788;CARLINO
Nord Est;Friuli- Venezia Giulia;UD;B994;CASSACCO
Nord Est;Friuli- Venezia Giulia;UD;C327;CASTIONS DI STRADA
Nord Est;Friuli- Venezia Giulia;UD;C389;CAVAZZO CARNICO
Nord Est;Friuli- Venezia Giulia;UD;C494;CERCIVENTO
Nord Est;Friuli- Venezia Giulia;UD;C656;CHIUSAFORTE
Nord Est;Friuli- Venezia Giulia;UD;C758;CIVIDALE DEL FRIULI
Nord Est;Friuli- Venezia Giulia;UD;C817;CODROIPO
Nord Est;Friuli- Venezia Giulia;UD;C885;COLLOREDO MONTE ALBANO
Nord Est;Friuli- Venezia Giulia;UD;C918;COMEGLIANS
Nord Est;Friuli- Venezia Giulia;UD;D027;CORNO DI ROSAZZO
Nord Est;Friuli- Venezia Giulia;UD;D085;COSEANO
Nord Est;Friuli- Venezia Giulia;UD;D300;DIGNANO
Nord Est;Friuli- Venezia Giulia;UD;D316;DOGNA
Nord Est;Friuli- Venezia Giulia;UD;D366;DRENCHIA
Nord Est;Friuli- Venezia Giulia;UD;D408;ENEMONZO
Nord Est;Friuli- Venezia Giulia;UD;D455;FAEDIS
Nord Est;Friuli- Venezia Giulia;UD;D461;FAGAGNA
Nord Est;Friuli- Venezia Giulia;UD;D630;FLAIBANO
Nord Est;Friuli- Venezia Giulia;UD;D700;FORGARIA NEL FRIULI
Nord Est;Friuli- Venezia Giulia;UD;D718;FORNI AVOLTRI
Nord Est;Friuli- Venezia Giulia;UD;D719;FORNI DI SOPRA
Nord Est;Friuli- Venezia Giulia;UD;D720;FORNI DI SOTTO
Nord Est;Friuli- Venezia Giulia;UD;D962;GEMONA DEL FRIULI
Nord Est;Friuli- Venezia Giulia;UD;E083;GONARS
Nord Est;Friuli- Venezia Giulia;UD;E179;GRIMACCO
Nord Est;Friuli- Venezia Giulia;UD;E473;LATISANA
Nord Est;Friuli- Venezia Giulia;UD;E476;LAUCO
Nord Est;Friuli- Venezia Giulia;UD;E553;LESTIZZA
Nord Est;Friuli- Venezia Giulia;UD;E584;LIGNANO SABBIADORO
Nord Est;Friuli- Venezia Giulia;UD;E586;LIGOSULLO
Nord Est;Friuli- Venezia Giulia;UD;E760;LUSEVERA
Nord Est;Friuli- Venezia Giulia;UD;E820;MAGNANO IN RIVIERA
Nord Est;Friuli- Venezia Giulia;UD;E833;MAJANO
Nord Est;Friuli- Venezia Giulia;UD;E899;MANZANO
Nord Est;Friuli- Venezia Giulia;UD;E910;MARANO LAGUNARE
Nord Est;Friuli- Venezia Giulia;UD;E982;MARTIGNACCO
Nord Est;Friuli- Venezia Giulia;UD;F144;MERETO DI TOMBA
Nord Est;Friuli- Venezia Giulia;UD;F266;MOGGIO UDINESE
Nord Est;Friuli- Venezia Giulia;UD;F275;MOIMACCO
Nord Est;Friuli- Venezia Giulia;UD;F574;MONTENARS
Nord Est;Friuli- Venezia Giulia;UD;F756;MORTEGLIANO
Nord Est;Friuli- Venezia Giulia;UD;F760;MORUZZO
Nord Est;Friuli- Venezia Giulia;UD;F832;MUZZANA DEL TURGNANO
Nord Est;Friuli- Venezia Giulia;UD;F898;NIMIS
Nord Est;Friuli- Venezia Giulia;UD;G163;OSOPPO
Nord Est;Friuli- Venezia Giulia;UD;G198;OVARO
Nord Est;Friuli- Venezia Giulia;UD;G238;PAGNACCO
Nord Est;Friuli- Venezia Giulia;UD;G268;PALAZZOLO DELLO STELLA
Nord Est;Friuli- Venezia Giulia;UD;G284;PALMANOVA
Nord Est;Friuli- Venezia Giulia;UD;G300;PALUZZA
Nord Est;Friuli- Venezia Giulia;UD;G352;PASIAN DI PRATO
Nord Est;Friuli- Venezia Giulia;UD;G381;PAULARO
Nord Est;Friuli- Venezia Giulia;UD;G389;PAVIA DI UDINE
Nord Est;Friuli- Venezia Giulia;UD;G736;TAIPANA
Nord Est;Friuli- Venezia Giulia;UD;G743;POCENIA
Nord Est;Friuli- Venezia Giulia;UD;G831;PONTEBBA
Nord Est;Friuli- Venezia Giulia;UD;G891;PORPETTO
Nord Est;Friuli- Venezia Giulia;UD;G949;POVOLETTO
Nord Est;Friuli- Venezia Giulia;UD;G966;POZZUOLO DEL FRIULI
Nord Est;Friuli- Venezia Giulia;UD;G969;PRADAMANO
Nord Est;Friuli- Venezia Giulia;UD;H002;PRATO CARNICO
Nord Est;Friuli- Venezia Giulia;UD;H014;PRECENICCO
Nord Est;Friuli- Venezia Giulia;UD;H029;PREMARIACCO
Nord Est;Friuli- Venezia Giulia;UD;H038;PREONE
Nord Est;Friuli- Venezia Giulia;UD;H040;PREPOTTO
Nord Est;Friuli- Venezia Giulia;UD;H089;PULFERO
Nord Est;Friuli- Venezia Giulia;UD;H161;RAGOGNA
Nord Est;Friuli- Venezia Giulia;UD;H196;RAVASCLETTO
Nord Est;Friuli- Venezia Giulia;UD;H200;RAVEO
Nord Est;Friuli- Venezia Giulia;UD;H206;REANA DEL ROIALE
Nord Est;Friuli- Venezia Giulia;UD;H229;REMANZACCO
Nord Est;Friuli- Venezia Giulia;UD;H242;RESIA
Nord Est;Friuli- Venezia Giulia;UD;H244;RESIUTTA
Nord Est;Friuli- Venezia Giulia;UD;H289;RIGOLATO
Nord Est;Friuli- Venezia Giulia;UD;H347;RIVE D`ARCANO
Nord Est;Friuli- Venezia Giulia;UD;H533;RONCHIS
Nord Est;Friuli- Venezia Giulia;UD;H816;SAN DANIELE DEL FRIULI
Nord Est;Friuli- Venezia Giulia;UD;H895;SAN GIORGIO DI NOGARO
Nord Est;Friuli- Venezia Giulia;UD;H906;S GIOVANNI AL NATISONE
Nord Est;Friuli- Venezia Giulia;UD;H951;SAN LEONARDO
Nord Est;Friuli- Venezia Giulia;UD;I092;SAN PIETRO AL NATISONE
Nord Est;Friuli- Venezia Giulia;UD;I248;SANTA MARIA LA LONGA
Nord Est;Friuli- Venezia Giulia;UD;I405;SAN VITO DI FAGAGNA
Nord Est;Friuli- Venezia Giulia;UD;I464;SAURIS
Nord Est;Friuli- Venezia Giulia;UD;I478;SAVOGNA
Nord Est;Friuli- Venezia Giulia;UD;I562;SEDEGLIANO
Nord Est;Friuli- Venezia Giulia;UD;I777;SOCCHIEVE
Nord Est;Friuli- Venezia Giulia;UD;I974;STREGNA
Nord Est;Friuli- Venezia Giulia;UD;L018;SUTRIO
Nord Est;Friuli- Venezia Giulia;UD;L039;TALMASSONS
Nord Est;Friuli- Venezia Giulia;UD;L050;TARCENTO
Nord Est;Friuli- Venezia Giulia;UD;L065;TAVAGNACCO
Nord Est;Friuli- Venezia Giulia;UD;L195;TOLMEZZO
Nord Est;Friuli- Venezia Giulia;UD;L246;TORREANO
Nord Est;Friuli- Venezia Giulia;UD;L309;TORVISCOSA
Nord Est;Friuli- Venezia Giulia;UD;L335;TRASAGHIS
Nord Est;Friuli- Venezia Giulia;UD;L381;TREPPO CARNICO
Nord Est;Friuli- Venezia Giulia;UD;L382;TREPPO GRANDE
Nord Est;Friuli- Venezia Giulia;UD;L421;TRICESIMO
Nord Est;Friuli- Venezia Giulia;UD;L438;TRIVIGNANO UDINESE
Nord Est;Friuli- Venezia Giulia;UD;L483;UDINE
Nord Est;Friuli- Venezia Giulia;UD;L686;VARMO
Nord Est;Friuli- Venezia Giulia;UD;L743;VENZONE
Nord Est;Friuli- Venezia Giulia;UD;L801;VERZEGNIS
Nord Est;Friuli- Venezia Giulia;UD;L909;VILLA SANTINA
Nord Est;Friuli- Venezia Giulia;UD;M200;ZUGLIO
Nord Est;Friuli- Venezia Giulia;UD;M317;RIVIGNANO TEOR
Nord Est;Veneto;BL;A083;AGORDO
Nord Est;Veneto;BL;A121;ALANO DI PIAVE
Nord Est;Veneto;BL;A206;ALLEGHE
Nord Est;Veneto;BL;A443;ARSIE`
Nord Est;Veneto;BL;A501;AURONZO DI CADORE
Nord Est;Veneto;BL;A757;BELLUNO
Nord Est;Veneto;BL;A982;BORCA DI CADORE
Nord Est;Veneto;BL;B375;CALALZO DI CADORE
Nord Est;Veneto;BL;B574;CANALE D`AGORDO
Nord Est;Veneto;BL;B662;PONTE NELLE ALPI
Nord Est;Veneto;BL;C458;CENCENIGHE AGORDINO
Nord Est;Veneto;BL;C562;LENTIAI
Nord Est;Veneto;BL;C577;CESIOMAGGIORE
Nord Est;Veneto;BL;C630;CHIES D`ALPAGO
Nord Est;Veneto;BL;C672;CIBIANA DI CADORE
Nord Est;Veneto;BL;C919;SANTO STEFANO DI CADORE
Nord Est;Veneto;BL;C920;COMELICO SUPERIORE
Nord Est;Veneto;BL;D247;DANTA DI CADORE
Nord Est;Veneto;BL;D330;DOMEGGE DI CADORE
Nord Est;Veneto;BL;D470;FALCADE
Nord Est;Veneto;BL;D530;FELTRE
Nord Est;Veneto;BL;D686;FONZASO
Nord Est;Veneto;BL;E113;GOSALDO
Nord Est;Veneto;BL;E429;LAMON
Nord Est;Veneto;BL;E490;LA VALLE AGORDINA
Nord Est;Veneto;BL;E588;LIMANA
Nord Est;Veneto;BL;E687;LORENZAGO DI CADORE
Nord Est;Veneto;BL;E708;LOZZO DI CADORE
Nord Est;Veneto;BL;F094;MEL
Nord Est;Veneto;BL;G169;OSPITALE DI CADORE
Nord Est;Veneto;BL;G404;PEDAVENA
Nord Est;Veneto;BL;G442;PERAROLO DI CADORE
Nord Est;Veneto;BL;G642;PIEVE DI CADORE
Nord Est;Veneto;BL;H327;RIVAMONTE AGORDINO
Nord Est;Veneto;BL;H379;ROCCA PIETORE
Nord Est;Veneto;BL;H938;SAN GREGORIO NELLE ALPI
Nord Est;Veneto;BL;I063;SAN NICOLO` DI COMELICO
Nord Est;Veneto;BL;I088;SAN PIETRO DI CADORE
Nord Est;Veneto;BL;I206;SANTA GIUSTINA
Nord Est;Veneto;BL;I347;SAN TOMASO AGORDINO
Nord Est;Veneto;BL;I392;SAN VITO DI CADORE
Nord Est;Veneto;BL;I421;SAPPADA
Nord Est;Veneto;BL;I563;SEDICO
Nord Est;Veneto;BL;I592;SELVA DI CADORE
Nord Est;Veneto;BL;I626;SEREN DEL GRAPPA
Nord Est;Veneto;BL;I673;SOVRAMONTE
Nord Est;Veneto;BL;I866;SOSPIROLO
Nord Est;Veneto;BL;I876;SOVERZENE
Nord Est;Veneto;BL;L030;TAIBON AGORDINO
Nord Est;Veneto;BL;L040;TAMBRE
Nord Est;Veneto;BL;L422;TRICHIANA
Nord Est;Veneto;BL;L584;VALLADA AGORDINA
Nord Est;Veneto;BL;L590;VALLE DI CADORE
Nord Est;Veneto;BL;L890;VIGO DI CADORE
Nord Est;Veneto;BL;M108;VODO DI CADORE
Nord Est;Veneto;BL;M124;VOLTAGO AGORDINO
Nord Est;Veneto;BL;M189;ZOPPE` DI CADORE
Nord Est;Veneto;BL;M332;QUERO VAS
Nord Est;Veneto;BL;M342;LONGARONE
Nord Est;Veneto;BL;M374;VAL DI ZOLDO
Nord Est;Veneto;BL;M375;ALPAGO
Nord Est;Veneto;PD;A001;ABANO TERME
Nord Est;Veneto;PD;A075;AGNA
Nord Est;Veneto;PD;A161;ALBIGNASEGO
Nord Est;Veneto;PD;A296;ANGUILLARA VENETA
Nord Est;Veneto;PD;A434;ARQUA` PETRARCA
Nord Est;Veneto;PD;A438;ARRE
Nord Est;Veneto;PD;A458;ARZERGRANDE
Nord Est;Veneto;PD;A568;BAGNOLI DI SOPRA
Nord Est;Veneto;PD;A613;BAONE
Nord Est;Veneto;PD;A637;BARBONA
Nord Est;Veneto;PD;A714;BATTAGLIA TERME
Nord Est;Veneto;PD;A906;BOARA PISANI
Nord Est;Veneto;PD;B031;BORGORICCO
Nord Est;Veneto;PD;B106;BOVOLENTA
Nord Est;Veneto;PD;B213;BRUGINE
Nord Est;Veneto;PD;B345;CADONEGHE
Nord Est;Veneto;PD;B524;CAMPODARSEGO
Nord Est;Veneto;PD;B531;CAMPODORO
Nord Est;Veneto;PD;B563;CAMPOSAMPIERO
Nord Est;Veneto;PD;B564;CAMPO SAN MARTINO
Nord Est;Veneto;PD;B589;CANDIANA
Nord Est;Veneto;PD;B749;CARCERI
Nord Est;Veneto;PD;B795;CARMIGNANO DI BRENTA
Nord Est;Veneto;PD;B848;CARTURA
Nord Est;Veneto;PD;B877;CASALE DI SCODOSIA
Nord Est;Veneto;PD;B912;CASALSERUGO
Nord Est;Veneto;PD;C057;CASTELBALDO
Nord Est;Veneto;PD;C544;CERVARESE SANTA CROCE
Nord Est;Veneto;PD;C713;CINTO EUGANEO
Nord Est;Veneto;PD;C743;CITTADELLA
Nord Est;Veneto;PD;C812;CODEVIGO
Nord Est;Veneto;PD;C964;CONSELVE
Nord Est;Veneto;PD;D040;CORREZZOLA
Nord Est;Veneto;PD;D226;CURTAROLO
Nord Est;Veneto;PD;D442;ESTE
Nord Est;Veneto;PD;D679;FONTANIVA
Nord Est;Veneto;PD;D879;GALLIERA VENETA
Nord Est;Veneto;PD;D889;GALZIGNANO TERME
Nord Est;Veneto;PD;D956;GAZZO PADOVANO
Nord Est;Veneto;PD;E145;GRANTORTO
Nord Est;Veneto;PD;E146;GRANZE
Nord Est;Veneto;PD;E515;LEGNARO
Nord Est;Veneto;PD;E592;LIMENA
Nord Est;Veneto;PD;E684;LOREGGIA
Nord Est;Veneto;PD;E709;LOZZO ATESTINO
Nord Est;Veneto;PD;F011;MASERA` DI PADOVA
Nord Est;Veneto;PD;F013;MASI
Nord Est;Veneto;PD;F033;MASSANZAGO
Nord Est;Veneto;PD;F091;MEGLIADINO SAN FIDENZIO
Nord Est;Veneto;PD;F092;MEGLIADINO SAN VITALE
Nord Est;Veneto;PD;F148;MERLARA
Nord Est;Veneto;PD;F161;MESTRINO
Nord Est;Veneto;PD;F382;MONSELICE
Nord Est;Veneto;PD;F394;MONTAGNANA
Nord Est;Veneto;PD;F529;MONTEGROTTO TERME
Nord Est;Veneto;PD;F962;NOVENTA PADOVANA
Nord Est;Veneto;PD;G167;OSPEDALETTO EUGANEO
Nord Est;Veneto;PD;G224;PADOVA
Nord Est;Veneto;PD;G461;PERNUMIA
Nord Est;Veneto;PD;G534;PIACENZA D`ADIGE
Nord Est;Veneto;PD;G587;PIAZZOLA SUL BRENTA
Nord Est;Veneto;PD;G688;PIOMBINO DESE
Nord Est;Veneto;PD;G693;PIOVE DI SACCO
Nord Est;Veneto;PD;G802;POLVERARA
Nord Est;Veneto;PD;G823;PONSO
Nord Est;Veneto;PD;G850;PONTELONGO
Nord Est;Veneto;PD;G855;PONTE SAN NICOLO`
Nord Est;Veneto;PD;G963;POZZONOVO
Nord Est;Veneto;PD;H622;ROVOLON
Nord Est;Veneto;PD;H625;RUBANO
Nord Est;Veneto;PD;H655;SACCOLONGO
Nord Est;Veneto;PD;H705;SALETTO
Nord Est;Veneto;PD;H893;SAN GIORGIO D PERTICHE
Nord Est;Veneto;PD;H897;SAN GIORGIO IN BOSCO
Nord Est;Veneto;PD;I008;SAN MARTINO DI LUPARI
Nord Est;Veneto;PD;I107;SAN PIETRO IN GU
Nord Est;Veneto;PD;I120;SAN PIETRO VIMINARIO
Nord Est;Veneto;PD;I207;SANTA GIUSTINA IN COLLE
Nord Est;Veneto;PD;I226;S MARGHERITA D`ADIGE
Nord Est;Veneto;PD;I275;S ANGELO D PIOVE D SACC
Nord Est;Veneto;PD;I319;SANT`ELENA
Nord Est;Veneto;PD;I375;SANT`URBANO
Nord Est;Veneto;PD;I418;SAONARA
Nord Est;Veneto;PD;I595;SELVAZZANO DENTRO
Nord Est;Veneto;PD;I799;SOLESINO
Nord Est;Veneto;PD;I938;STANGHELLA
Nord Est;Veneto;PD;L100;TEOLO
Nord Est;Veneto;PD;L132;TERRASSA PADOVANA
Nord Est;Veneto;PD;L199;TOMBOLO
Nord Est;Veneto;PD;L270;TORREGLIA
Nord Est;Veneto;PD;L349;TREBASELEGHE
Nord Est;Veneto;PD;L414;TRIBANO
Nord Est;Veneto;PD;L497;URBANA
Nord Est;Veneto;PD;L710;VEGGIANO
Nord Est;Veneto;PD;L805;VESCOVANA
Nord Est;Veneto;PD;L878;VIGHIZZOLO D`ESTE
Nord Est;Veneto;PD;L892;VIGODARZERE
Nord Est;Veneto;PD;L900;VIGONZA
Nord Est;Veneto;PD;L934;VILLA DEL CONTE
Nord Est;Veneto;PD;L937;VILLA ESTENSE
Nord Est;Veneto;PD;L947;VILLAFRANCA PADOVANA
Nord Est;Veneto;PD;L979;VILLANOVA CAMPOSAMPIERO
Nord Est;Veneto;PD;M103;VO
Nord Est;Veneto;PD;M300;DUE CARRARE
Nord Est;Veneto;RO;A059;ADRIA
Nord Est;Veneto;RO;A400;ARIANO NEL POLESINE
Nord Est;Veneto;RO;A435;ARQUA` POLESINE
Nord Est;Veneto;RO;A539;BADIA POLESINE
Nord Est;Veneto;RO;A574;BAGNOLO DI PO
Nord Est;Veneto;RO;A795;BERGANTINO
Nord Est;Veneto;RO;B069;BOSARO
Nord Est;Veneto;RO;B432;CALTO
Nord Est;Veneto;RO;B578;CANARO
Nord Est;Veneto;RO;B582;CANDA
Nord Est;Veneto;RO;C122;CASTELGUGLIELMO
Nord Est;Veneto;RO;C207;CASTELMASSA
Nord Est;Veneto;RO;C215;CASTELNUOVO BARIANO
Nord Est;Veneto;RO;C461;CENESELLI
Nord Est;Veneto;RO;C500;CEREGNANO
Nord Est;Veneto;RO;C987;CORBOLA
Nord Est;Veneto;RO;D105;COSTA DI ROVIGO
Nord Est;Veneto;RO;D161;CRESPINO
Nord Est;Veneto;RO;D568;FICAROLO
Nord Est;Veneto;RO;D577;FIESSO UMBERTIANO
Nord Est;Veneto;RO;D776;FRASSINELLE POLESINE
Nord Est;Veneto;RO;D788;FRATTA POLESINE
Nord Est;Veneto;RO;D855;GAIBA
Nord Est;Veneto;RO;D942;GAVELLO
Nord Est;Veneto;RO;E008;GIACCIANO C BARUCHELLA
Nord Est;Veneto;RO;E240;GUARDA VENETA
Nord Est;Veneto;RO;E522;LENDINARA
Nord Est;Veneto;RO;E689;LOREO
Nord Est;Veneto;RO;E761;LUSIA
Nord Est;Veneto;RO;F095;MELARA
Nord Est;Veneto;RO;F994;OCCHIOBELLO
Nord Est;Veneto;RO;G323;PAPOZZE
Nord Est;Veneto;RO;G525;PETTORAZZA GRIMANI
Nord Est;Veneto;RO;G673;PINCARA
Nord Est;Veneto;RO;G782;POLESELLA
Nord Est;Veneto;RO;G836;PONTECCHIO POLESINE
Nord Est;Veneto;RO;G923;PORTO TOLLE
Nord Est;Veneto;RO;G926;PORTO VIRO
Nord Est;Veneto;RO;H573;ROSOLINA
Nord Est;Veneto;RO;H620;ROVIGO
Nord Est;Veneto;RO;H689;SALARA
Nord Est;Veneto;RO;H768;SAN BELLINO
Nord Est;Veneto;RO;H996;SAN MARTINO DI VENEZZE
Nord Est;Veneto;RO;I953;STIENTA
Nord Est;Veneto;RO;L026;TAGLIO DI PO
Nord Est;Veneto;RO;L359;TRECENTA
Nord Est;Veneto;RO;L939;VILLADOSE
Nord Est;Veneto;RO;L967;VILLAMARZANA
Nord Est;Veneto;RO;L985;VILLANOVA DEL GHEBBO
Nord Est;Veneto;RO;L988;VILLANOVA MARCHESANA
Nord Est;Veneto;TV;A237;ALTIVOLE
Nord Est;Veneto;TV;A360;ARCADE
Nord Est;Veneto;TV;A471;ASOLO
Nord Est;Veneto;TV;B061;BORSO DEL GRAPPA
Nord Est;Veneto;TV;B128;BREDA DI PIAVE
Nord Est;Veneto;TV;B349;CAERANO DI SAN MARCO
Nord Est;Veneto;TV;B678;CAPPELLA MAGGIORE
Nord Est;Veneto;TV;B744;CARBONERA
Nord Est;Veneto;TV;B879;CASALE SUL SILE
Nord Est;Veneto;TV;B965;CASIER
Nord Est;Veneto;TV;C073;CASTELCUCCO
Nord Est;Veneto;TV;C111;CASTELFRANCO VENETO
Nord Est;Veneto;TV;C190;CASTELLO DI GODEGO
Nord Est;Veneto;TV;C384;CAVASO DEL TOMBA
Nord Est;Veneto;TV;C580;CESSALTO
Nord Est;Veneto;TV;C614;CHIARANO
Nord Est;Veneto;TV;C670;CROCETTA DEL MONTELLO
Nord Est;Veneto;TV;C689;CIMADOLMO
Nord Est;Veneto;TV;C735;CISON DI VALMARINO
Nord Est;Veneto;TV;C815;CODOGNE`
Nord Est;Veneto;TV;C848;COLLE UMBERTO
Nord Est;Veneto;TV;C957;CONEGLIANO
Nord Est;Veneto;TV;C992;CORDIGNANO
Nord Est;Veneto;TV;D030;CORNUDA
Nord Est;Veneto;TV;D157;CRESPANO DEL GRAPPA
Nord Est;Veneto;TV;D505;FARRA DI SOLIGO
Nord Est;Veneto;TV;D654;FOLLINA
Nord Est;Veneto;TV;D674;FONTANELLE
Nord Est;Veneto;TV;D680;FONTE
Nord Est;Veneto;TV;D794;FREGONA
Nord Est;Veneto;TV;D854;GAIARINE
Nord Est;Veneto;TV;E021;GIAVERA DEL MONTELLO
Nord Est;Veneto;TV;E071;GODEGA DI SANT`URBANO
Nord Est;Veneto;TV;E092;GORGO AL MONTICANO
Nord Est;Veneto;TV;E373;ISTRANA
Nord Est;Veneto;TV;E692;LORIA
Nord Est;Veneto;TV;E893;MANSUE`
Nord Est;Veneto;TV;E940;MARENO DI PIAVE
Nord Est;Veneto;TV;F009;MASER
Nord Est;Veneto;TV;F012;MASERADA SUL PIAVE
Nord Est;Veneto;TV;F088;MEDUNA DI LIVENZA
Nord Est;Veneto;TV;F116;SILEA
Nord Est;Veneto;TV;F190;MIANE
Nord Est;Veneto;TV;F269;MOGLIANO VENETO
Nord Est;Veneto;TV;F332;MONASTIER DI TREVISO
Nord Est;Veneto;TV;F360;MONFUMO
Nord Est;Veneto;TV;F443;MONTEBELLUNA
Nord Est;Veneto;TV;F725;MORGANO
Nord Est;Veneto;TV;F729;MORIAGO DELLA BATTAGLIA
Nord Est;Veneto;TV;F770;MOTTA DI LIVENZA
Nord Est;Veneto;TV;F872;NERVESA DELLA BATTAGLIA
Nord Est;Veneto;TV;F999;ODERZO
Nord Est;Veneto;TV;G115;ORMELLE
Nord Est;Veneto;TV;G123;ORSAGO
Nord Est;Veneto;TV;G221;PADERNO DEL GRAPPA
Nord Est;Veneto;TV;G229;PAESE
Nord Est;Veneto;TV;G408;PEDEROBBA
Nord Est;Veneto;TV;G645;PIEVE DI SOLIGO
Nord Est;Veneto;TV;G846;PONTE DI PIAVE
Nord Est;Veneto;TV;G875;PONZANO VENETO
Nord Est;Veneto;TV;G909;PORTOBUFFOLE`
Nord Est;Veneto;TV;G933;POSSAGNO
Nord Est;Veneto;TV;G944;POVEGLIANO
Nord Est;Veneto;TV;H022;PREGANZIOL
Nord Est;Veneto;TV;H131;QUINTO DI TREVISO
Nord Est;Veneto;TV;H220;REFRONTOLO
Nord Est;Veneto;TV;H238;RESANA
Nord Est;Veneto;TV;H253;REVINE LAGO
Nord Est;Veneto;TV;H280;RIESE PIO X
Nord Est;Veneto;TV;H523;RONCADE
Nord Est;Veneto;TV;H706;SALGAREDA
Nord Est;Veneto;TV;H781;SAN BIAGIO DI CALLALTA
Nord Est;Veneto;TV;H843;SAN FIOR
Nord Est;Veneto;TV;I103;SAN PIETRO DI FELETTO
Nord Est;Veneto;TV;I124;SAN POLO DI PIAVE
Nord Est;Veneto;TV;I221;SANTA LUCIA DI PIAVE
Nord Est;Veneto;TV;I382;SAN VENDEMIANO
Nord Est;Veneto;TV;I417;S ZENONE DEGLI EZZELINI
Nord Est;Veneto;TV;I435;SARMEDE
Nord Est;Veneto;TV;I578;SEGUSINO
Nord Est;Veneto;TV;I635;SERNAGLIA D BATTAGLIA
Nord Est;Veneto;TV;I927;SPRESIANO
Nord Est;Veneto;TV;L014;SUSEGANA
Nord Est;Veneto;TV;L058;TARZO
Nord Est;Veneto;TV;L402;TREVIGNANO
Nord Est;Veneto;TV;L407;TREVISO
Nord Est;Veneto;TV;L565;VALDOBBIADENE
Nord Est;Veneto;TV;L700;VAZZOLA
Nord Est;Veneto;TV;L706;VEDELAGO
Nord Est;Veneto;TV;L856;VIDOR
Nord Est;Veneto;TV;M048;VILLORBA
Nord Est;Veneto;TV;M089;VITTORIO VENETO
Nord Est;Veneto;TV;M118;VOLPAGO DEL MONTELLO
Nord Est;Veneto;TV;M163;ZENSON DI PIAVE
Nord Est;Veneto;TV;M171;ZERO BRANCO
Nord Est;Veneto;VE;A302;ANNONE VENETO
Nord Est;Veneto;VE;B493;CAMPAGNA LUPIA
Nord Est;Veneto;VE;B546;CAMPOLONGO MAGGIORE
Nord Est;Veneto;VE;B554;CAMPONOGARA
Nord Est;Veneto;VE;B642;CAORLE
Nord Est;Veneto;VE;C383;CAVARZERE
Nord Est;Veneto;VE;C388;JESOLO
Nord Est;Veneto;VE;C422;CEGGIA
Nord Est;Veneto;VE;C638;CHIOGGIA
Nord Est;Veneto;VE;C714;CINTO CAOMAGGIORE
Nord Est;Veneto;VE;C938;CONA
Nord Est;Veneto;VE;C950;CONCORDIA SAGITTARIA
Nord Est;Veneto;VE;D325;DOLO
Nord Est;Veneto;VE;D415;ERACLEA
Nord Est;Veneto;VE;D578;FIESSO D`ARTICO
Nord Est;Veneto;VE;D740;FOSSALTA DI PIAVE
Nord Est;Veneto;VE;D741;FOSSALTA DI PORTOGRUARO
Nord Est;Veneto;VE;D748;FOSSO`
Nord Est;Veneto;VE;E215;GRUARO
Nord Est;Veneto;VE;E936;MARCON
Nord Est;Veneto;VE;E980;MARTELLAGO
Nord Est;Veneto;VE;F130;MEOLO
Nord Est;Veneto;VE;F229;MIRA
Nord Est;Veneto;VE;F241;MIRANO
Nord Est;Veneto;VE;F826;MUSILE DI PIAVE
Nord Est;Veneto;VE;F904;NOALE
Nord Est;Veneto;VE;F963;NOVENTA DI PIAVE
Nord Est;Veneto;VE;G565;PIANIGA
Nord Est;Veneto;VE;G914;PORTOGRUARO
Nord Est;Veneto;VE;G981;PRAMAGGIORE
Nord Est;Veneto;VE;H117;QUARTO D`ALTINO
Nord Est;Veneto;VE;H735;SALZANO
Nord Est;Veneto;VE;H823;SAN DONA` DI PIAVE
Nord Est;Veneto;VE;I040;S MICHELE TAGLIAMENTO
Nord Est;Veneto;VE;I242;SANTA MARIA DI SALA
Nord Est;Veneto;VE;I373;SANTO STINO DI LIVENZA
Nord Est;Veneto;VE;I551;SCORZE`
Nord Est;Veneto;VE;I908;SPINEA
Nord Est;Veneto;VE;I965;STRA
Nord Est;Veneto;VE;L085;TEGLIO VENETO
Nord Est;Veneto;VE;L267;TORRE DI MOSTO
Nord Est;Veneto;VE;L736;VENEZIA
Nord Est;Veneto;VE;L899;VIGONOVO
Nord Est;Veneto;VE;M308;CAVALLINO - TREPORTI
Nord Est;Veneto;VI;A093;AGUGLIARO
Nord Est;Veneto;VI;A154;ALBETTONE
Nord Est;Veneto;VI;A220;ALONTE
Nord Est;Veneto;VI;A231;ALTAVILLA VICENTINA
Nord Est;Veneto;VI;A236;ALTISSIMO
Nord Est;Veneto;VI;A377;ARCUGNANO
Nord Est;Veneto;VI;A444;ARSIERO
Nord Est;Veneto;VI;A459;ARZIGNANO
Nord Est;Veneto;VI;A465;ASIAGO
Nord Est;Veneto;VI;A467;ASIGLIANO VENETO
Nord Est;Veneto;VI;A627;BARBARANO VICENTINO
Nord Est;Veneto;VI;A703;BASSANO DEL GRAPPA
Nord Est;Veneto;VI;A954;BOLZANO VICENTINO
Nord Est;Veneto;VI;B132;BREGANZE
Nord Est;Veneto;VI;B143;BRENDOLA
Nord Est;Veneto;VI;B161;BRESSANVIDO
Nord Est;Veneto;VI;B196;BROGLIANO
Nord Est;Veneto;VI;B403;CALDOGNO
Nord Est;Veneto;VI;B433;CALTRANO
Nord Est;Veneto;VI;B441;CALVENE
Nord Est;Veneto;VI;B485;CAMISANO VICENTINO
Nord Est;Veneto;VI;B511;CAMPIGLIA DEI BERICI
Nord Est;Veneto;VI;B547;CAMPOLONGO SUL BRENTA
Nord Est;Veneto;VI;B835;CARRE`
Nord Est;Veneto;VI;B844;CARTIGLIANO
Nord Est;Veneto;VI;C037;CASSOLA
Nord Est;Veneto;VI;C056;CASTEGNERO
Nord Est;Veneto;VI;C119;CASTELGOMBERTO
Nord Est;Veneto;VI;C605;CHIAMPO
Nord Est;Veneto;VI;C650;CHIUPPANO
Nord Est;Veneto;VI;C734;CISMON DEL GRAPPA
Nord Est;Veneto;VI;C824;COGOLLO DEL CENGIO
Nord Est;Veneto;VI;C949;CONCO
Nord Est;Veneto;VI;D020;CORNEDO VICENTINO
Nord Est;Veneto;VI;D107;COSTABISSARA
Nord Est;Veneto;VI;D136;CREAZZO
Nord Est;Veneto;VI;D156;CRESPADORO
Nord Est;Veneto;VI;D379;DUEVILLE
Nord Est;Veneto;VI;D407;ENEGO
Nord Est;Veneto;VI;D496;FARA VICENTINO
Nord Est;Veneto;VI;D717;TONEZZA DEL CIMONE
Nord Est;Veneto;VI;D750;FOZA
Nord Est;Veneto;VI;D882;GALLIO
Nord Est;Veneto;VI;D897;GAMBELLARA
Nord Est;Veneto;VI;D902;GAMBUGLIANO
Nord Est;Veneto;VI;E138;GRANCONA
Nord Est;Veneto;VI;E184;GRISIGNANO DI ZOCCO
Nord Est;Veneto;VI;E226;GRUMOLO DELLE ABBADESSE
Nord Est;Veneto;VI;E354;ISOLA VICENTINA
Nord Est;Veneto;VI;E403;LAGHI
Nord Est;Veneto;VI;E465;LASTEBASSE
Nord Est;Veneto;VI;E671;LONGARE
Nord Est;Veneto;VI;E682;LONIGO
Nord Est;Veneto;VI;E731;LUGO DI VICENZA
Nord Est;Veneto;VI;E762;LUSIANA
Nord Est;Veneto;VI;E864;MALO
Nord Est;Veneto;VI;E912;MARANO VICENTINO
Nord Est;Veneto;VI;E970;MAROSTICA
Nord Est;Veneto;VI;F019;MASON VICENTINO
Nord Est;Veneto;VI;F306;MOLVENA
Nord Est;Veneto;VI;F442;MONTEBELLO VICENTINO
Nord Est;Veneto;VI;F464;MONTECCHIO MAGGIORE
Nord Est;Veneto;VI;F465;MONTECCHIO PRECALCINO
Nord Est;Veneto;VI;F486;MONTE DI MALO
Nord Est;Veneto;VI;F514;MONTEGALDA
Nord Est;Veneto;VI;F515;MONTEGALDELLA
Nord Est;Veneto;VI;F662;MONTEVIALE
Nord Est;Veneto;VI;F675;MONTICELLO CONTE OTTO
Nord Est;Veneto;VI;F696;MONTORSO VICENTINO
Nord Est;Veneto;VI;F768;MOSSANO
Nord Est;Veneto;VI;F810;SALCEDO
Nord Est;Veneto;VI;F829;MUSSOLENTE
Nord Est;Veneto;VI;F838;NANTO
Nord Est;Veneto;VI;F922;NOGAROLE VICENTINO
Nord Est;Veneto;VI;F957;NOVE
Nord Est;Veneto;VI;F964;NOVENTA VICENTINA
Nord Est;Veneto;VI;G095;ORGIANO
Nord Est;Veneto;VI;G560;PIANEZZE
Nord Est;Veneto;VI;G694;PIOVENE-ROCCHETTE
Nord Est;Veneto;VI;G776;POIANA MAGGIORE
Nord Est;Veneto;VI;G931;POSINA
Nord Est;Veneto;VI;G943;POVE DEL GRAPPA
Nord Est;Veneto;VI;G957;POZZOLEONE
Nord Est;Veneto;VI;H134;QUINTO VICENTINO
Nord Est;Veneto;VI;H214;RECOARO TERME
Nord Est;Veneto;VI;H361;ROANA
Nord Est;Veneto;VI;H512;ROMANO D`EZZELINO
Nord Est;Veneto;VI;H556;ROSA`
Nord Est;Veneto;VI;H580;ROSSANO VENETO
Nord Est;Veneto;VI;H594;ROTZO
Nord Est;Veneto;VI;H829;SANDRIGO
Nord Est;Veneto;VI;H863;SAN GERMANO DEI BERICI
Nord Est;Veneto;VI;I047;SAN NAZARIO
Nord Est;Veneto;VI;I117;SAN PIETRO MUSSOLINO
Nord Est;Veneto;VI;I353;SANTORSO
Nord Est;Veneto;VI;I401;SAN VITO DI LEGUZZANO
Nord Est;Veneto;VI;I425;SARCEDO
Nord Est;Veneto;VI;I430;SAREGO
Nord Est;Veneto;VI;I527;SCHIAVON
Nord Est;Veneto;VI;I531;SCHIO
Nord Est;Veneto;VI;I783;SOLAGNA
Nord Est;Veneto;VI;I867;SOSSANO
Nord Est;Veneto;VI;I879;SOVIZZO
Nord Est;Veneto;VI;L156;TEZZE SUL BRENTA
Nord Est;Veneto;VI;L157;THIENE
Nord Est;Veneto;VI;L248;TORREBELVICINO
Nord Est;Veneto;VI;L297;TORRI DI QUARTESOLO
Nord Est;Veneto;VI;L433;TRISSINO
Nord Est;Veneto;VI;L551;VALDAGNO
Nord Est;Veneto;VI;L554;VALDASTICO
Nord Est;Veneto;VI;L624;VALLI DEL PASUBIO
Nord Est;Veneto;VI;L650;VALSTAGNA
Nord Est;Veneto;VI;L723;VELO D`ASTICO
Nord Est;Veneto;VI;L840;VICENZA
Nord Est;Veneto;VI;L952;VILLAGA
Nord Est;Veneto;VI;M032;VILLAVERLA
Nord Est;Veneto;VI;M145;ZANE`
Nord Est;Veneto;VI;M170;ZERMEGHEDO
Nord Est;Veneto;VI;M194;ZOVENCEDO
Nord Est;Veneto;VI;M199;ZUGLIANO
Nord Est;Veneto;VR;A061;AFFI
Nord Est;Veneto;VR;A137;ALBAREDO D`ADIGE
Nord Est;Veneto;VR;A292;ANGIARI
Nord Est;Veneto;VR;A374;ARCOLE
Nord Est;Veneto;VR;A540;BADIA CALAVENA
Nord Est;Veneto;VR;A650;BARDOLINO
Nord Est;Veneto;VR;A737;BELFIORE
Nord Est;Veneto;VR;A837;BEVILACQUA
Nord Est;Veneto;VR;A964;BONAVIGO
Nord Est;Veneto;VR;B070;BOSCHI SANT`ANNA
Nord Est;Veneto;VR;B073;BOSCO CHIESANUOVA
Nord Est;Veneto;VR;B107;BOVOLONE
Nord Est;Veneto;VR;B152;BRENTINO BELLUNO
Nord Est;Veneto;VR;B154;BRENZONE
Nord Est;Veneto;VR;B296;BUSSOLENGO
Nord Est;Veneto;VR;B304;BUTTAPIETRA
Nord Est;Veneto;VR;B402;CALDIERO
Nord Est;Veneto;VR;B709;CAPRINO VERONESE
Nord Est;Veneto;VR;B886;CASALEONE
Nord Est;Veneto;VR;C041;CASTAGNARO
Nord Est;Veneto;VR;C078;CASTEL D`AZZANO
Nord Est;Veneto;VR;C225;CASTELNUOVO DI VERONA
Nord Est;Veneto;VR;C370;CAVAION VERONESE
Nord Est;Veneto;VR;C412;CAZZANO DI TRAMIGNA
Nord Est;Veneto;VR;C498;CEREA
Nord Est;Veneto;VR;C538;CERRO VERONESE
Nord Est;Veneto;VR;C890;COLOGNA VENETA
Nord Est;Veneto;VR;C897;COLOGNOLA AI COLLI
Nord Est;Veneto;VR;C943;CONCAMARISE
Nord Est;Veneto;VR;D118;COSTERMANO
Nord Est;Veneto;VR;D193;VERONELLA
Nord Est;Veneto;VR;D317;DOLCE`
Nord Est;Veneto;VR;D419;ERBE`
Nord Est;Veneto;VR;D420;ERBEZZO
Nord Est;Veneto;VR;D549;FERRARA DI MONTE BALDO
Nord Est;Veneto;VR;D818;FUMANE
Nord Est;Veneto;VR;D915;GARDA
Nord Est;Veneto;VR;D957;GAZZO VERONESE
Nord Est;Veneto;VR;E171;GREZZANA
Nord Est;Veneto;VR;E284;ILLASI
Nord Est;Veneto;VR;E349;ISOLA DELLA SCALA
Nord Est;Veneto;VR;E358;ISOLA RIZZA
Nord Est;Veneto;VR;E489;LAVAGNO
Nord Est;Veneto;VR;E502;LAZISE
Nord Est;Veneto;VR;E512;LEGNAGO
Nord Est;Veneto;VR;E848;MALCESINE
Nord Est;Veneto;VR;E911;MARANO DI VALPOLICELLA
Nord Est;Veneto;VR;F172;MEZZANE DI SOTTO
Nord Est;Veneto;VR;F218;MINERBE
Nord Est;Veneto;VR;F461;MONTECCHIA DI CROSARA
Nord Est;Veneto;VR;F508;MONTEFORTE D`ALPONE
Nord Est;Veneto;VR;F789;MOZZECANE
Nord Est;Veneto;VR;F861;NEGRAR
Nord Est;Veneto;VR;F918;NOGARA
Nord Est;Veneto;VR;F921;NOGAROLE ROCCA
Nord Est;Veneto;VR;G080;OPPEANO
Nord Est;Veneto;VR;G297;PALU`
Nord Est;Veneto;VR;G365;PASTRENGO
Nord Est;Veneto;VR;G481;PESCANTINA
Nord Est;Veneto;VR;G489;PESCHIERA DEL GARDA
Nord Est;Veneto;VR;G945;POVEGLIANO VERONESE
Nord Est;Veneto;VR;H048;PRESSANA
Nord Est;Veneto;VR;H356;RIVOLI VERONESE
Nord Est;Veneto;VR;H522;RONCA`
Nord Est;Veneto;VR;H540;RONCO ALL`ADIGE
Nord Est;Veneto;VR;H606;ROVERCHIARA
Nord Est;Veneto;VR;H608;ROVERE` VERONESE
Nord Est;Veneto;VR;H610;ROVEREDO DI GUA`
Nord Est;Veneto;VR;H712;SAN MAURO DI SALINE
Nord Est;Veneto;VR;H714;SALIZZOLE
Nord Est;Veneto;VR;H783;SAN BONIFACIO
Nord Est;Veneto;VR;H916;SAN GIOVANNI ILARIONE
Nord Est;Veneto;VR;H924;SAN GIOVANNI LUPATOTO
Nord Est;Veneto;VR;H944;SANGUINETTO
Nord Est;Veneto;VR;I003;S MARTINO BUON ALBERGO
Nord Est;Veneto;VR;I105;SAN PIETRO DI MORUBIO
Nord Est;Veneto;VR;I109;SAN PIETRO IN CARIANO
Nord Est;Veneto;VR;I259;S AMBROGIO VALPOLICELLA
Nord Est;Veneto;VR;I292;SANT`ANNA D`ALFAEDO
Nord Est;Veneto;VR;I414;SAN ZENO DI MONTAGNA
Nord Est;Veneto;VR;I594;SELVA DI PROGNO
Nord Est;Veneto;VR;I775;SOAVE
Nord Est;Veneto;VR;I821;SOMMACAMPAGNA
Nord Est;Veneto;VR;I826;SONA
Nord Est;Veneto;VR;I850;SORGA`
Nord Est;Veneto;VR;L136;TERRAZZO
Nord Est;Veneto;VR;L287;TORRI DEL BENACO
Nord Est;Veneto;VR;L364;TREGNAGO
Nord Est;Veneto;VR;L396;TREVENZUOLO
Nord Est;Veneto;VR;L567;VALEGGIO SUL MINCIO
Nord Est;Veneto;VR;L722;VELO VERONESE
Nord Est;Veneto;VR;L781;VERONA
Nord Est;Veneto;VR;L810;VESTENANOVA
Nord Est;Veneto;VR;L869;VIGASIO
Nord Est;Veneto;VR;L912;VILLA BARTOLOMEA
Nord Est;Veneto;VR;L949;VILLAFRANCA DI VERONA
Nord Est;Veneto;VR;M172;ZEVIO
Nord Est;Veneto;VR;M178;ZIMELLA
Nord Ovest;Liguria;GE;A388;ARENZANO
Nord Ovest;Liguria;GE;A506;AVEGNO
Nord Ovest;Liguria;GE;A658;BARGAGLI
Nord Ovest;Liguria;GE;A922;BOGLIASCO
Nord Ovest;Liguria;GE;B067;BORZONASCA
Nord Ovest;Liguria;GE;B282;BUSALLA
Nord Ovest;Liguria;GE;B490;CAMOGLI
Nord Ovest;Liguria;GE;B538;CAMPO LIGURE
Nord Ovest;Liguria;GE;B551;CAMPOMORONE
Nord Ovest;Liguria;GE;B726;CARASCO
Nord Ovest;Liguria;GE;B939;CASARZA LIGURE
Nord Ovest;Liguria;GE;B956;CASELLA
Nord Ovest;Liguria;GE;C302;CASTIGLIONE CHIAVARESE
Nord Ovest;Liguria;GE;C481;CERANESI
Nord Ovest;Liguria;GE;C621;CHIAVARI
Nord Ovest;Liguria;GE;C673;CICAGNA
Nord Ovest;Liguria;GE;C823;COGOLETO
Nord Ovest;Liguria;GE;C826;COGORNO
Nord Ovest;Liguria;GE;C995;COREGLIA LIGURE
Nord Ovest;Liguria;GE;D175;CROCEFIESCHI
Nord Ovest;Liguria;GE;D255;DAVAGNA
Nord Ovest;Liguria;GE;D509;FASCIA
Nord Ovest;Liguria;GE;D512;FAVALE DI MALVARO
Nord Ovest;Liguria;GE;D677;FONTANIGORDA
Nord Ovest;Liguria;GE;D969;GENOVA
Nord Ovest;Liguria;GE;E109;GORRETO
Nord Ovest;Liguria;GE;E341;ISOLA DEL CANTONE
Nord Ovest;Liguria;GE;E488;LAVAGNA
Nord Ovest;Liguria;GE;E519;LEIVI
Nord Ovest;Liguria;GE;E695;LORSICA
Nord Ovest;Liguria;GE;E737;LUMARZO
Nord Ovest;Liguria;GE;F020;MASONE
Nord Ovest;Liguria;GE;F098;MELE
Nord Ovest;Liguria;GE;F173;MEZZANEGO
Nord Ovest;Liguria;GE;F202;MIGNANEGO
Nord Ovest;Liguria;GE;F256;MOCONESI
Nord Ovest;Liguria;GE;F354;MONEGLIA
Nord Ovest;Liguria;GE;F445;MONTEBRUNO
Nord Ovest;Liguria;GE;F682;MONTOGGIO
Nord Ovest;Liguria;GE;F858;NE
Nord Ovest;Liguria;GE;F862;NEIRONE
Nord Ovest;Liguria;GE;G093;ORERO
Nord Ovest;Liguria;GE;G646;PIEVE LIGURE
Nord Ovest;Liguria;GE;G913;PORTOFINO
Nord Ovest;Liguria;GE;H073;PROPATA
Nord Ovest;Liguria;GE;H183;RAPALLO
Nord Ovest;Liguria;GE;H212;RECCO
Nord Ovest;Liguria;GE;H258;REZZOAGLIO
Nord Ovest;Liguria;GE;H536;RONCO SCRIVIA
Nord Ovest;Liguria;GE;H546;RONDANINA
Nord Ovest;Liguria;GE;H581;ROSSIGLIONE
Nord Ovest;Liguria;GE;H599;ROVEGNO
Nord Ovest;Liguria;GE;H802;SAN COLOMBANO CERTENOLI
Nord Ovest;Liguria;GE;I225;SANTA MARGHERITA LIGURE
Nord Ovest;Liguria;GE;I346;SANT`OLCESE
Nord Ovest;Liguria;GE;I368;SANTO STEFANO D`AVETO
Nord Ovest;Liguria;GE;I475;SAVIGNONE
Nord Ovest;Liguria;GE;I640;SERRA RICCO`
Nord Ovest;Liguria;GE;I693;SESTRI LEVANTE
Nord Ovest;Liguria;GE;I852;SORI
Nord Ovest;Liguria;GE;L167;TIGLIETO
Nord Ovest;Liguria;GE;L298;TORRIGLIA
Nord Ovest;Liguria;GE;L416;TRIBOGNA
Nord Ovest;Liguria;GE;L507;USCIO
Nord Ovest;Liguria;GE;L546;VALBREVENNA
Nord Ovest;Liguria;GE;M105;VOBBIA
Nord Ovest;Liguria;GE;M182;ZOAGLI
Nord Ovest;Liguria;IM;A111;AIROLE
Nord Ovest;Liguria;IM;A338;APRICALE
Nord Ovest;Liguria;IM;A344;AQUILA D`ARROSCIA
Nord Ovest;Liguria;IM;A418;ARMO
Nord Ovest;Liguria;IM;A499;AURIGO
Nord Ovest;Liguria;IM;A536;BADALUCCO
Nord Ovest;Liguria;IM;A581;BAIARDO
Nord Ovest;Liguria;IM;A984;BORDIGHERA
Nord Ovest;Liguria;IM;A993;BORGHETTO D`ARROSCIA
Nord Ovest;Liguria;IM;B020;BORGOMARO
Nord Ovest;Liguria;IM;B559;CAMPOROSSO
Nord Ovest;Liguria;IM;B734;CARAVONICA
Nord Ovest;Liguria;IM;B814;CARPASIO
Nord Ovest;Liguria;IM;C110;CASTEL VITTORIO
Nord Ovest;Liguria;IM;C143;CASTELLARO
Nord Ovest;Liguria;IM;C511;CERIANA
Nord Ovest;Liguria;IM;C559;CERVO
Nord Ovest;Liguria;IM;C578;CESIO
Nord Ovest;Liguria;IM;C657;CHIUSANICO
Nord Ovest;Liguria;IM;C660;CHIUSAVECCHIA
Nord Ovest;Liguria;IM;C718;CIPRESSA
Nord Ovest;Liguria;IM;C755;CIVEZZA
Nord Ovest;Liguria;IM;D087;COSIO D`ARROSCIA
Nord Ovest;Liguria;IM;D114;COSTARAINERA
Nord Ovest;Liguria;IM;D293;DIANO ARENTINO
Nord Ovest;Liguria;IM;D296;DIANO CASTELLO
Nord Ovest;Liguria;IM;D297;DIANO MARINA
Nord Ovest;Liguria;IM;D298;DIANO SAN PIETRO
Nord Ovest;Liguria;IM;D318;DOLCEACQUA
Nord Ovest;Liguria;IM;D319;DOLCEDO
Nord Ovest;Liguria;IM;E290;IMPERIA
Nord Ovest;Liguria;IM;E346;ISOLABONA
Nord Ovest;Liguria;IM;E719;LUCINASCO
Nord Ovest;Liguria;IM;F123;MENDATICA
Nord Ovest;Liguria;IM;F290;MOLINI DI TRIORA
Nord Ovest;Liguria;IM;F406;MONTALTO LIGURE
Nord Ovest;Liguria;IM;F528;MONTEGROSSO PIAN LATTE
Nord Ovest;Liguria;IM;G041;OLIVETTA SAN MICHELE
Nord Ovest;Liguria;IM;G164;OSPEDALETTI
Nord Ovest;Liguria;IM;G454;PERINALDO
Nord Ovest;Liguria;IM;G607;PIETRABRUNA
Nord Ovest;Liguria;IM;G632;PIEVE DI TECO
Nord Ovest;Liguria;IM;G660;PIGNA
Nord Ovest;Liguria;IM;G814;POMPEIANA
Nord Ovest;Liguria;IM;G840;PONTEDASSIO
Nord Ovest;Liguria;IM;G890;PORNASSIO
Nord Ovest;Liguria;IM;H027;PRELA`
Nord Ovest;Liguria;IM;H180;RANZO
Nord Ovest;Liguria;IM;H257;REZZO
Nord Ovest;Liguria;IM;H328;RIVA LIGURE
Nord Ovest;Liguria;IM;H460;ROCCHETTA NERVINA
Nord Ovest;Liguria;IM;H763;SAN BARTOLOMEO AL MARE
Nord Ovest;Liguria;IM;H780;SAN BIAGIO DELLA CIMA
Nord Ovest;Liguria;IM;H957;SAN LORENZO AL MARE
Nord Ovest;Liguria;IM;I138;SAN REMO
Nord Ovest;Liguria;IM;I365;SANTO STEFANO AL MARE
Nord Ovest;Liguria;IM;I556;SEBORGA
Nord Ovest;Liguria;IM;I796;SOLDANO
Nord Ovest;Liguria;IM;L024;TAGGIA
Nord Ovest;Liguria;IM;L146;TERZORIO
Nord Ovest;Liguria;IM;L430;TRIORA
Nord Ovest;Liguria;IM;L596;VALLEBONA
Nord Ovest;Liguria;IM;L599;VALLECROSIA
Nord Ovest;Liguria;IM;L693;VASIA
Nord Ovest;Liguria;IM;L741;VENTIMIGLIA
Nord Ovest;Liguria;IM;L809;VESSALICO
Nord Ovest;Liguria;IM;L943;VILLA FARALDI
Nord Ovest;Liguria;SP;A261;AMEGLIA
Nord Ovest;Liguria;SP;A373;ARCOLA
Nord Ovest;Liguria;SP;A836;BEVERINO
Nord Ovest;Liguria;SP;A932;BOLANO
Nord Ovest;Liguria;SP;A961;BONASSOLA
Nord Ovest;Liguria;SP;A992;BORGHETTO DI VARA
Nord Ovest;Liguria;SP;B214;BRUGNATO
Nord Ovest;Liguria;SP;B410;CALICE AL CORNOVIGLIO
Nord Ovest;Liguria;SP;B838;CARRO
Nord Ovest;Liguria;SP;B839;CARRODANO
Nord Ovest;Liguria;SP;C240;CASTELNUOVO MAGRA
Nord Ovest;Liguria;SP;D265;DEIVA MARINA
Nord Ovest;Liguria;SP;D655;FOLLO
Nord Ovest;Liguria;SP;D758;FRAMURA
Nord Ovest;Liguria;SP;E070;SESTA GODANO
Nord Ovest;Liguria;SP;E463;LA SPEZIA
Nord Ovest;Liguria;SP;E542;LERICI
Nord Ovest;Liguria;SP;E560;LEVANTO
Nord Ovest;Liguria;SP;E842;MAISSANA
Nord Ovest;Liguria;SP;F609;MONTEROSSO AL MARE
Nord Ovest;Liguria;SP;G143;ORTONOVO
Nord Ovest;Liguria;SP;G664;PIGNONE
Nord Ovest;Liguria;SP;G925;PORTOVENERE
Nord Ovest;Liguria;SP;H275;RICCO` D GOLFO D SPEZIA
Nord Ovest;Liguria;SP;H304;RIOMAGGIORE
Nord Ovest;Liguria;SP;H461;ROCCHETTA DI VARA
Nord Ovest;Liguria;SP;I363;SANTO STEFANO DI MAGRA
Nord Ovest;Liguria;SP;I449;SARZANA
Nord Ovest;Liguria;SP;L681;VARESE LIGURE
Nord Ovest;Liguria;SP;L774;VERNAZZA
Nord Ovest;Liguria;SP;L819;VEZZANO LIGURE
Nord Ovest;Liguria;SP;M177;ZIGNAGO
Nord Ovest;Liguria;SV;A122;ALASSIO
Nord Ovest;Liguria;SV;A145;ALBENGA
Nord Ovest;Liguria;SV;A165;ALBISSOLA MARINA
Nord Ovest;Liguria;SV;A166;ALBISOLA SUPERIORE
Nord Ovest;Liguria;SV;A226;ALTARE
Nord Ovest;Liguria;SV;A278;ANDORA
Nord Ovest;Liguria;SV;A422;ARNASCO
Nord Ovest;Liguria;SV;A593;BALESTRINO
Nord Ovest;Liguria;SV;A647;BARDINETO
Nord Ovest;Liguria;SV;A796;BERGEGGI
Nord Ovest;Liguria;SV;A931;BOISSANO
Nord Ovest;Liguria;SV;A999;BORGHETTO SANTO SPIRITO
Nord Ovest;Liguria;SV;B005;BORGIO-VEREZZI
Nord Ovest;Liguria;SV;B048;BORMIDA
Nord Ovest;Liguria;SV;B369;CAIRO MONTENOTTE
Nord Ovest;Liguria;SV;B409;CALICE LIGURE
Nord Ovest;Liguria;SV;B416;CALIZZANO
Nord Ovest;Liguria;SV;B748;CARCARE
Nord Ovest;Liguria;SV;B927;CASANOVA LERRONE
Nord Ovest;Liguria;SV;C063;CASTELBIANCO
Nord Ovest;Liguria;SV;C276;CASTELVECCHIO DI R B
Nord Ovest;Liguria;SV;C443;CELLE LIGURE
Nord Ovest;Liguria;SV;C463;CENGIO
Nord Ovest;Liguria;SV;C510;CERIALE
Nord Ovest;Liguria;SV;C729;CISANO SUL NEVA
Nord Ovest;Liguria;SV;D095;COSSERIA
Nord Ovest;Liguria;SV;D264;DEGO
Nord Ovest;Liguria;SV;D424;ERLI
Nord Ovest;Liguria;SV;D522;ORCO FEGLINO
Nord Ovest;Liguria;SV;D600;FINALE LIGURE
Nord Ovest;Liguria;SV;D927;GARLENDA
Nord Ovest;Liguria;SV;E064;GIUSTENICE
Nord Ovest;Liguria;SV;E066;GIUSVALLA
Nord Ovest;Liguria;SV;E414;LAIGUEGLIA
Nord Ovest;Liguria;SV;E632;LOANO
Nord Ovest;Liguria;SV;E816;MAGLIOLO
Nord Ovest;Liguria;SV;E860;MALLARE
Nord Ovest;Liguria;SV;F046;MASSIMINO
Nord Ovest;Liguria;SV;F213;MILLESIMO
Nord Ovest;Liguria;SV;F226;MIOGLIA
Nord Ovest;Liguria;SV;F813;MURIALDO
Nord Ovest;Liguria;SV;F847;NASINO
Nord Ovest;Liguria;SV;F926;NOLI
Nord Ovest;Liguria;SV;G076;ONZO
Nord Ovest;Liguria;SV;G144;ORTOVERO
Nord Ovest;Liguria;SV;G155;OSIGLIA
Nord Ovest;Liguria;SV;G281;PALLARE
Nord Ovest;Liguria;SV;G542;PIANA CRIXIA
Nord Ovest;Liguria;SV;G605;PIETRA LIGURE
Nord Ovest;Liguria;SV;G741;PLODIO
Nord Ovest;Liguria;SV;G866;PONTINVREA
Nord Ovest;Liguria;SV;H126;QUILIANO
Nord Ovest;Liguria;SV;H266;RIALTO
Nord Ovest;Liguria;SV;H452;ROCCAVIGNALE
Nord Ovest;Liguria;SV;I453;SASSELLO
Nord Ovest;Liguria;SV;I480;SAVONA
Nord Ovest;Liguria;SV;I926;SPOTORNO
Nord Ovest;Liguria;SV;I946;STELLA
Nord Ovest;Liguria;SV;I947;STELLANELLO
Nord Ovest;Liguria;SV;L152;TESTICO
Nord Ovest;Liguria;SV;L190;TOIRANO
Nord Ovest;Liguria;SV;L315;TOVO SAN GIACOMO
Nord Ovest;Liguria;SV;L499;URBE
Nord Ovest;Liguria;SV;L528;VADO LIGURE
Nord Ovest;Liguria;SV;L675;VARAZZE
Nord Ovest;Liguria;SV;L730;VENDONE
Nord Ovest;Liguria;SV;L823;VEZZI PORTIO
Nord Ovest;Liguria;SV;L975;VILLANOVA D`ALBENGA
Nord Ovest;Liguria;SV;M197;ZUCCARELLO
Nord Ovest;Lombardia;BG;A057;ADRARA SAN MARTINO
Nord Ovest;Lombardia;BG;A058;ADRARA SAN ROCCO
Nord Ovest;Lombardia;BG;A129;ALBANO SANT`ALESSANDRO
Nord Ovest;Lombardia;BG;A163;ALBINO
Nord Ovest;Lombardia;BG;A193;ALGUA
Nord Ovest;Lombardia;BG;A214;ALME`
Nord Ovest;Lombardia;BG;A215;VILLA D`ALME
Nord Ovest;Lombardia;BG;A216;ALMENNO SAN BARTOLOMEO
Nord Ovest;Lombardia;BG;A217;ALMENNO SAN SALVATORE
Nord Ovest;Lombardia;BG;A246;ALZANO LOMBARDO
Nord Ovest;Lombardia;BG;A259;AMBIVERE
Nord Ovest;Lombardia;BG;A304;ANTEGNATE
Nord Ovest;Lombardia;BG;A365;ARCENE
Nord Ovest;Lombardia;BG;A383;ARDESIO
Nord Ovest;Lombardia;BG;A440;ARZAGO D`ADDA
Nord Ovest;Lombardia;BG;A511;AVERARA
Nord Ovest;Lombardia;BG;A517;AVIATICO
Nord Ovest;Lombardia;BG;A528;AZZANO SAN PAOLO
Nord Ovest;Lombardia;BG;A533;AZZONE
Nord Ovest;Lombardia;BG;A557;BAGNATICA
Nord Ovest;Lombardia;BG;A631;BARBATA
Nord Ovest;Lombardia;BG;A664;BARIANO
Nord Ovest;Lombardia;BG;A684;BARZANA
Nord Ovest;Lombardia;BG;A732;BEDULITA
Nord Ovest;Lombardia;BG;A786;BERBENNO
Nord Ovest;Lombardia;BG;A794;BERGAMO
Nord Ovest;Lombardia;BG;A815;BERZO SAN FERMO
Nord Ovest;Lombardia;BG;A846;BIANZANO
Nord Ovest;Lombardia;BG;A903;BLELLO
Nord Ovest;Lombardia;BG;A937;BOLGARE
Nord Ovest;Lombardia;BG;A950;BOLTIERE
Nord Ovest;Lombardia;BG;A962;BONATE SOTTO
Nord Ovest;Lombardia;BG;A963;BONATE SOPRA
Nord Ovest;Lombardia;BG;B010;BORGO DI TERZO
Nord Ovest;Lombardia;BG;B083;BOSSICO
Nord Ovest;Lombardia;BG;B088;BOTTANUCO
Nord Ovest;Lombardia;BG;B112;BRACCA
Nord Ovest;Lombardia;BG;B123;BRANZI
Nord Ovest;Lombardia;BG;B137;BREMBATE
Nord Ovest;Lombardia;BG;B138;BREMBATE DI SOPRA
Nord Ovest;Lombardia;BG;B178;BRIGNANO GERA D`ADDA
Nord Ovest;Lombardia;BG;B217;BRUMANO
Nord Ovest;Lombardia;BG;B223;BRUSAPORTO
Nord Ovest;Lombardia;BG;B310;SAN PAOLO D`ARGON
Nord Ovest;Lombardia;BG;B393;CALCINATE
Nord Ovest;Lombardia;BG;B395;CALCIO
Nord Ovest;Lombardia;BG;B434;CALUSCO D`ADDA
Nord Ovest;Lombardia;BG;B442;CALVENZANO
Nord Ovest;Lombardia;BG;B471;CAMERATA CORNELLO
Nord Ovest;Lombardia;BG;B618;CANONICA D`ADDA
Nord Ovest;Lombardia;BG;B661;CAPIZZONE
Nord Ovest;Lombardia;BG;B703;CAPRIATE SAN GERVASIO
Nord Ovest;Lombardia;BG;B710;CAPRINO BERGAMASCO
Nord Ovest;Lombardia;BG;B731;CARAVAGGIO
Nord Ovest;Lombardia;BG;B801;CAROBBIO DEGLI ANGELI
Nord Ovest;Lombardia;BG;B803;CARONA
Nord Ovest;Lombardia;BG;B854;CARVICO
Nord Ovest;Lombardia;BG;B947;CASAZZA
Nord Ovest;Lombardia;BG;B971;CASIRATE D`ADDA
Nord Ovest;Lombardia;BG;B978;CASNIGO
Nord Ovest;Lombardia;BG;C007;CASSIGLIO
Nord Ovest;Lombardia;BG;C079;CASTELLI CALEPIO
Nord Ovest;Lombardia;BG;C255;CASTEL ROZZONE
Nord Ovest;Lombardia;BG;C324;CASTIONE D PRESOLANA
Nord Ovest;Lombardia;BG;C337;CASTRO
Nord Ovest;Lombardia;BG;C396;CAVERNAGO
Nord Ovest;Lombardia;BG;C410;CAZZANO SANT`ANDREA
Nord Ovest;Lombardia;BG;C456;CENATE SOPRA
Nord Ovest;Lombardia;BG;C457;CENATE SOTTO
Nord Ovest;Lombardia;BG;C459;CENE
Nord Ovest;Lombardia;BG;C506;CERETE
Nord Ovest;Lombardia;BG;C635;CHIGNOLO D`ISOLA
Nord Ovest;Lombardia;BG;C649;CHIUDUNO
Nord Ovest;Lombardia;BG;C728;CISANO BERGAMASCO
Nord Ovest;Lombardia;BG;C730;CISERANO
Nord Ovest;Lombardia;BG;C759;CIVIDATE AL PIANO
Nord Ovest;Lombardia;BG;C789;UBIALE CLANEZZO
Nord Ovest;Lombardia;BG;C800;CLUSONE
Nord Ovest;Lombardia;BG;C835;COLERE
Nord Ovest;Lombardia;BG;C894;COLOGNO AL SERIO
Nord Ovest;Lombardia;BG;C910;COLZATE
Nord Ovest;Lombardia;BG;C937;COMUN NUOVO
Nord Ovest;Lombardia;BG;D015;CORNA IMAGNA
Nord Ovest;Lombardia;BG;D016;CORNALBA
Nord Ovest;Lombardia;BG;D066;CORTENUOVA
Nord Ovest;Lombardia;BG;D103;COSTA VALLE IMAGNA
Nord Ovest;Lombardia;BG;D110;COSTA DI MEZZATE
Nord Ovest;Lombardia;BG;D111;COSTA DI SERINA
Nord Ovest;Lombardia;BG;D117;COSTA VOLPINO
Nord Ovest;Lombardia;BG;D126;COVO
Nord Ovest;Lombardia;BG;D139;CREDARO
Nord Ovest;Lombardia;BG;D221;CURNO
Nord Ovest;Lombardia;BG;D233;CUSIO
Nord Ovest;Lombardia;BG;D245;DALMINE
Nord Ovest;Lombardia;BG;D352;DOSSENA
Nord Ovest;Lombardia;BG;D406;ENDINEGAIANO
Nord Ovest;Lombardia;BG;D411;ENTRATICO
Nord Ovest;Lombardia;BG;D490;FARA GERA D`ADDA
Nord Ovest;Lombardia;BG;D491;FARA OLIVANA CON SOLA
Nord Ovest;Lombardia;BG;D588;FILAGO
Nord Ovest;Lombardia;BG;D604;FINO DEL MONTE
Nord Ovest;Lombardia;BG;D606;FIORANO AL SERIO
Nord Ovest;Lombardia;BG;D672;FONTANELLA
Nord Ovest;Lombardia;BG;D684;FONTENO
Nord Ovest;Lombardia;BG;D688;FOPPOLO
Nord Ovest;Lombardia;BG;D697;FORESTO SPARSO
Nord Ovest;Lombardia;BG;D727;FORNOVO SAN GIOVANNI
Nord Ovest;Lombardia;BG;D817;FUIPIANO VALLE IMAGNA
Nord Ovest;Lombardia;BG;D903;GANDELLINO
Nord Ovest;Lombardia;BG;D905;GANDINO
Nord Ovest;Lombardia;BG;D906;GANDOSSO
Nord Ovest;Lombardia;BG;D943;GAVERINA TERME
Nord Ovest;Lombardia;BG;D952;GAZZANIGA
Nord Ovest;Lombardia;BG;E006;GHISALBA
Nord Ovest;Lombardia;BG;E100;GORLAGO
Nord Ovest;Lombardia;BG;E103;GORLE
Nord Ovest;Lombardia;BG;E106;GORNO
Nord Ovest;Lombardia;BG;E148;GRASSOBBIO
Nord Ovest;Lombardia;BG;E189;GROMO
Nord Ovest;Lombardia;BG;E192;GRONE
Nord Ovest;Lombardia;BG;E219;GRUMELLO DEL MONTE
Nord Ovest;Lombardia;BG;E353;ISOLA DI FONDRA
Nord Ovest;Lombardia;BG;E370;ISSO
Nord Ovest;Lombardia;BG;E422;LALLIO
Nord Ovest;Lombardia;BG;E509;LEFFE
Nord Ovest;Lombardia;BG;E524;LENNA
Nord Ovest;Lombardia;BG;E562;LEVATE
Nord Ovest;Lombardia;BG;E640;LOCATELLO
Nord Ovest;Lombardia;BG;E704;LOVERE
Nord Ovest;Lombardia;BG;E751;LURANO
Nord Ovest;Lombardia;BG;E770;LUZZANA
Nord Ovest;Lombardia;BG;E794;MADONE
Nord Ovest;Lombardia;BG;E901;MAPELLO
Nord Ovest;Lombardia;BG;E987;MARTINENGO
Nord Ovest;Lombardia;BG;F085;MEDOLAGO
Nord Ovest;Lombardia;BG;F186;MEZZOLDO
Nord Ovest;Lombardia;BG;F243;MISANO DI GERA D`ADDA
Nord Ovest;Lombardia;BG;F276;MOIO DE` CALVI
Nord Ovest;Lombardia;BG;F328;MONASTEROLO D CASTELLO
Nord Ovest;Lombardia;BG;F547;MONTELLO
Nord Ovest;Lombardia;BG;F720;MORENGO
Nord Ovest;Lombardia;BG;F738;MORNICO AL SERIO
Nord Ovest;Lombardia;BG;F786;MOZZANICA
Nord Ovest;Lombardia;BG;F791;MOZZO
Nord Ovest;Lombardia;BG;F864;NEMBRO
Nord Ovest;Lombardia;BG;F941;PONTE NOSSA
Nord Ovest;Lombardia;BG;G049;OLMO AL BREMBO
Nord Ovest;Lombardia;BG;G050;OLTRE IL COLLE
Nord Ovest;Lombardia;BG;G054;OLTRESSENDA ALTA
Nord Ovest;Lombardia;BG;G068;ONETA
Nord Ovest;Lombardia;BG;G075;ONORE
Nord Ovest;Lombardia;BG;G108;ORIO AL SERIO
Nord Ovest;Lombardia;BG;G118;ORNICA
Nord Ovest;Lombardia;BG;G159;OSIO SOPRA
Nord Ovest;Lombardia;BG;G160;OSIO SOTTO
Nord Ovest;Lombardia;BG;G233;PAGAZZANO
Nord Ovest;Lombardia;BG;G249;PALADINA
Nord Ovest;Lombardia;BG;G259;PALAZZAGO
Nord Ovest;Lombardia;BG;G295;PALOSCO
Nord Ovest;Lombardia;BG;G346;PARRE
Nord Ovest;Lombardia;BG;G350;PARZANICA
Nord Ovest;Lombardia;BG;G412;PEDRENGO
Nord Ovest;Lombardia;BG;G418;PEIA
Nord Ovest;Lombardia;BG;G564;PIANICO
Nord Ovest;Lombardia;BG;G574;PIARIO
Nord Ovest;Lombardia;BG;G579;PIAZZA BREMBANA
Nord Ovest;Lombardia;BG;G583;PIAZZATORRE
Nord Ovest;Lombardia;BG;G588;PIAZZOLO
Nord Ovest;Lombardia;BG;G774;POGNANO
Nord Ovest;Lombardia;BG;G853;PONTERANICA
Nord Ovest;Lombardia;BG;G856;PONTE SAN PIETRO
Nord Ovest;Lombardia;BG;G864;PONTIDA
Nord Ovest;Lombardia;BG;G867;PONTIROLO NUOVO
Nord Ovest;Lombardia;BG;G968;PRADALUNGA
Nord Ovest;Lombardia;BG;H020;PREDORE
Nord Ovest;Lombardia;BG;H036;PREMOLO
Nord Ovest;Lombardia;BG;H046;PRESEZZO
Nord Ovest;Lombardia;BG;H091;PUMENENGO
Nord Ovest;Lombardia;BG;H176;RANICA
Nord Ovest;Lombardia;BG;H177;RANZANICO
Nord Ovest;Lombardia;BG;H331;RIVA DI SOLTO
Nord Ovest;Lombardia;BG;H492;ROGNO
Nord Ovest;Lombardia;BG;H509;ROMANO DI LOMBARDIA
Nord Ovest;Lombardia;BG;H535;RONCOBELLO
Nord Ovest;Lombardia;BG;H544;RONCOLA
Nord Ovest;Lombardia;BG;H584;ROTA D`IMAGNA
Nord Ovest;Lombardia;BG;H615;ROVETTA
Nord Ovest;Lombardia;BG;H910;SAN GIOVANNI BIANCO
Nord Ovest;Lombardia;BG;I079;SAN PELLEGRINO TERME
Nord Ovest;Lombardia;BG;I168;SANTA BRIGIDA
Nord Ovest;Lombardia;BG;I437;SARNICO
Nord Ovest;Lombardia;BG;I506;SCANZOROSCIATE
Nord Ovest;Lombardia;BG;I530;SCHILPARIO
Nord Ovest;Lombardia;BG;I567;SEDRINA
Nord Ovest;Lombardia;BG;I597;SELVINO
Nord Ovest;Lombardia;BG;I628;SERIATE
Nord Ovest;Lombardia;BG;I629;SERINA
Nord Ovest;Lombardia;BG;I812;SOLTO COLLINA
Nord Ovest;Lombardia;BG;I813;SOLZA
Nord Ovest;Lombardia;BG;I830;SONGAVAZZO
Nord Ovest;Lombardia;BG;I858;SORISOLE
Nord Ovest;Lombardia;BG;I869;SOTTO IL MONTE G XXIII
Nord Ovest;Lombardia;BG;I873;SOVERE
Nord Ovest;Lombardia;BG;I916;SPINONE AL LAGO
Nord Ovest;Lombardia;BG;I919;SPIRANO
Nord Ovest;Lombardia;BG;I951;STEZZANO
Nord Ovest;Lombardia;BG;I986;STROZZA
Nord Ovest;Lombardia;BG;I997;SUISIO
Nord Ovest;Lombardia;BG;L037;TALEGGIO
Nord Ovest;Lombardia;BG;L073;TAVERNOLA BERGAMASCA
Nord Ovest;Lombardia;BG;L087;TELGATE
Nord Ovest;Lombardia;BG;L118;TERNO D`ISOLA
Nord Ovest;Lombardia;BG;L251;TORRE BOLDONE
Nord Ovest;Lombardia;BG;L265;TORRE DE` ROVERI
Nord Ovest;Lombardia;BG;L276;TORRE PALLAVICINA
Nord Ovest;Lombardia;BG;L388;TRESCORE BALNEARIO
Nord Ovest;Lombardia;BG;L400;TREVIGLIO
Nord Ovest;Lombardia;BG;L404;TREVIOLO
Nord Ovest;Lombardia;BG;L502;URGNANO
Nord Ovest;Lombardia;BG;L544;VALBONDIONE
Nord Ovest;Lombardia;BG;L545;VALBREMBO
Nord Ovest;Lombardia;BG;L579;VALGOGLIO
Nord Ovest;Lombardia;BG;L623;VALLEVE
Nord Ovest;Lombardia;BG;L642;VALNEGRA
Nord Ovest;Lombardia;BG;L655;VALTORTA
Nord Ovest;Lombardia;BG;L707;VEDESETA
Nord Ovest;Lombardia;BG;L752;VERDELLINO
Nord Ovest;Lombardia;BG;L753;VERDELLO
Nord Ovest;Lombardia;BG;L795;VERTOVA
Nord Ovest;Lombardia;BG;L827;VIADANICA
Nord Ovest;Lombardia;BG;L865;VIGANO SAN MARTINO
Nord Ovest;Lombardia;BG;L894;VIGOLO
Nord Ovest;Lombardia;BG;L929;VILLA D`ADDA
Nord Ovest;Lombardia;BG;L936;VILLA DI SERIO
Nord Ovest;Lombardia;BG;L938;VILLA D`OGNA
Nord Ovest;Lombardia;BG;M045;VILLONGO
Nord Ovest;Lombardia;BG;M050;VILMINORE DI SCALVE
Nord Ovest;Lombardia;BG;M144;ZANDOBBIO
Nord Ovest;Lombardia;BG;M147;ZANICA
Nord Ovest;Lombardia;BG;M184;ZOGNO
Nord Ovest;Lombardia;BG;M333;SANT'OMOBONO TERME
Nord Ovest;Lombardia;BG;M334;VAL BREMBILLA
Nord Ovest;Lombardia;BS;A034;ACQUAFREDDA
Nord Ovest;Lombardia;BS;A060;ADRO
Nord Ovest;Lombardia;BS;A082;AGNOSINE
Nord Ovest;Lombardia;BS;A188;ALFIANELLO
Nord Ovest;Lombardia;BS;A288;ANFO
Nord Ovest;Lombardia;BS;A293;ANGOLO TERME
Nord Ovest;Lombardia;BS;A451;ARTOGNE
Nord Ovest;Lombardia;BS;A529;AZZANO MELLA
Nord Ovest;Lombardia;BS;A569;BAGNOLO MELLA
Nord Ovest;Lombardia;BS;A578;BAGOLINO
Nord Ovest;Lombardia;BS;A630;BARBARIGA
Nord Ovest;Lombardia;BS;A661;BARGHE
Nord Ovest;Lombardia;BS;A702;BASSANO BRESCIANO
Nord Ovest;Lombardia;BS;A729;BEDIZZOLE
Nord Ovest;Lombardia;BS;A799;BERLINGO
Nord Ovest;Lombardia;BS;A816;BERZO DEMO
Nord Ovest;Lombardia;BS;A817;BERZO INFERIORE
Nord Ovest;Lombardia;BS;A861;BIENNO
Nord Ovest;Lombardia;BS;A878;BIONE
Nord Ovest;Lombardia;BS;B035;BORGO SAN GIACOMO
Nord Ovest;Lombardia;BS;B040;BORGOSATOLLO
Nord Ovest;Lombardia;BS;B054;BORNO
Nord Ovest;Lombardia;BS;B091;BOTTICINO
Nord Ovest;Lombardia;BS;B100;BOVEGNO
Nord Ovest;Lombardia;BS;B102;BOVEZZO
Nord Ovest;Lombardia;BS;B120;BRANDICO
Nord Ovest;Lombardia;BS;B124;BRAONE
Nord Ovest;Lombardia;BS;B149;BRENO
Nord Ovest;Lombardia;BS;B157;BRESCIA
Nord Ovest;Lombardia;BS;B184;BRIONE
Nord Ovest;Lombardia;BS;B365;CAINO
Nord Ovest;Lombardia;BS;B394;CALCINATO
Nord Ovest;Lombardia;BS;B436;CALVAGESE DELLA RIVIERA
Nord Ovest;Lombardia;BS;B450;CALVISANO
Nord Ovest;Lombardia;BS;B664;CAPO DI PONTE
Nord Ovest;Lombardia;BS;B676;CAPOVALLE
Nord Ovest;Lombardia;BS;B698;CAPRIANO DEL COLLE
Nord Ovest;Lombardia;BS;B711;CAPRIOLO
Nord Ovest;Lombardia;BS;B817;CARPENEDOLO
Nord Ovest;Lombardia;BS;C055;CASTEGNATO
Nord Ovest;Lombardia;BS;C072;CASTELCOVATI
Nord Ovest;Lombardia;BS;C208;CASTEL MELLA
Nord Ovest;Lombardia;BS;C293;CASTENEDOLO
Nord Ovest;Lombardia;BS;C330;CASTO
Nord Ovest;Lombardia;BS;C332;CASTREZZATO
Nord Ovest;Lombardia;BS;C408;CAZZAGO SAN MARTINO
Nord Ovest;Lombardia;BS;C417;CEDEGOLO
Nord Ovest;Lombardia;BS;C439;CELLATICA
Nord Ovest;Lombardia;BS;C549;CERVENO
Nord Ovest;Lombardia;BS;C585;CETO
Nord Ovest;Lombardia;BS;C591;CEVO
Nord Ovest;Lombardia;BS;C618;CHIARI
Nord Ovest;Lombardia;BS;C685;CIGOLE
Nord Ovest;Lombardia;BS;C691;CIMBERGO
Nord Ovest;Lombardia;BS;C698;TAVERNOLE SUL MELLA
Nord Ovest;Lombardia;BS;C760;CIVIDATE CAMUNO
Nord Ovest;Lombardia;BS;C806;COCCAGLIO
Nord Ovest;Lombardia;BS;C850;COLLEBEATO
Nord Ovest;Lombardia;BS;C883;COLLIO
Nord Ovest;Lombardia;BS;C893;COLOGNE
Nord Ovest;Lombardia;BS;C925;COMEZZANO-CIZZAGO
Nord Ovest;Lombardia;BS;C948;CONCESIO
Nord Ovest;Lombardia;BS;D058;CORTE FRANCA
Nord Ovest;Lombardia;BS;D064;CORTENO GOLGI
Nord Ovest;Lombardia;BS;D082;CORZANO
Nord Ovest;Lombardia;BS;D251;DARFO BOARIO TERME
Nord Ovest;Lombardia;BS;D270;DELLO
Nord Ovest;Lombardia;BS;D284;DESENZANO DEL GARDA
Nord Ovest;Lombardia;BS;D391;EDOLO
Nord Ovest;Lombardia;BS;D421;ERBUSCO
Nord Ovest;Lombardia;BS;D434;ESINE
Nord Ovest;Lombardia;BS;D576;FIESSE
Nord Ovest;Lombardia;BS;D634;FLERO
Nord Ovest;Lombardia;BS;D891;GAMBARA
Nord Ovest;Lombardia;BS;D917;GARDONE RIVIERA
Nord Ovest;Lombardia;BS;D918;GARDONE VAL TROMPIA
Nord Ovest;Lombardia;BS;D924;GARGNANO
Nord Ovest;Lombardia;BS;D940;GAVARDO
Nord Ovest;Lombardia;BS;D999;GHEDI
Nord Ovest;Lombardia;BS;E010;GIANICO
Nord Ovest;Lombardia;BS;E116;GOTTOLENGO
Nord Ovest;Lombardia;BS;E271;GUSSAGO
Nord Ovest;Lombardia;BS;E280;IDRO
Nord Ovest;Lombardia;BS;E297;INCUDINE
Nord Ovest;Lombardia;BS;E325;IRMA
Nord Ovest;Lombardia;BS;E333;ISEO
Nord Ovest;Lombardia;BS;E364;ISORELLA
Nord Ovest;Lombardia;BS;E497;LAVENONE
Nord Ovest;Lombardia;BS;E526;LENO
Nord Ovest;Lombardia;BS;E596;LIMONE SUL GARDA
Nord Ovest;Lombardia;BS;E652;LODRINO
Nord Ovest;Lombardia;BS;E654;LOGRATO
Nord Ovest;Lombardia;BS;E673;LONGHENA
Nord Ovest;Lombardia;BS;E698;LOSINE
Nord Ovest;Lombardia;BS;E706;LOZIO
Nord Ovest;Lombardia;BS;E738;LUMEZZANE
Nord Ovest;Lombardia;BS;E787;MACLODIO
Nord Ovest;Lombardia;BS;E841;MAIRANO
Nord Ovest;Lombardia;BS;E851;MALEGNO
Nord Ovest;Lombardia;BS;E865;MALONNO
Nord Ovest;Lombardia;BS;E883;MANERBA DEL GARDA
Nord Ovest;Lombardia;BS;E884;MANERBIO
Nord Ovest;Lombardia;BS;E928;MARCHENO
Nord Ovest;Lombardia;BS;E961;MARMENTINO
Nord Ovest;Lombardia;BS;E967;MARONE
Nord Ovest;Lombardia;BS;F063;MAZZANO
Nord Ovest;Lombardia;BS;F216;MILZANO
Nord Ovest;Lombardia;BS;F373;MONIGA DEL GARDA
Nord Ovest;Lombardia;BS;F375;MONNO
Nord Ovest;Lombardia;BS;F471;MONTICHIARI
Nord Ovest;Lombardia;BS;F532;MONTE ISOLA
Nord Ovest;Lombardia;BS;F672;MONTICELLI BRUSATI
Nord Ovest;Lombardia;BS;F680;MONTIRONE
Nord Ovest;Lombardia;BS;F806;MURA
Nord Ovest;Lombardia;BS;F820;MUSCOLINE
Nord Ovest;Lombardia;BS;F851;NAVE
Nord Ovest;Lombardia;BS;F884;NIARDO
Nord Ovest;Lombardia;BS;F989;NUVOLENTO
Nord Ovest;Lombardia;BS;F990;NUVOLERA
Nord Ovest;Lombardia;BS;G001;ODOLO
Nord Ovest;Lombardia;BS;G006;OFFLAGA
Nord Ovest;Lombardia;BS;G061;OME
Nord Ovest;Lombardia;BS;G074;ONO SAN PIETRO
Nord Ovest;Lombardia;BS;G149;ORZINUOVI
Nord Ovest;Lombardia;BS;G150;ORZIVECCHI
Nord Ovest;Lombardia;BS;G170;OSPITALETTO
Nord Ovest;Lombardia;BS;G179;OSSIMO
Nord Ovest;Lombardia;BS;G213;PADENGHE SUL GARDA
Nord Ovest;Lombardia;BS;G217;PADERNO FRANCIACORTA
Nord Ovest;Lombardia;BS;G247;PAISCO LOVENO
Nord Ovest;Lombardia;BS;G248;PAITONE
Nord Ovest;Lombardia;BS;G264;PALAZZOLO SULL`OGLIO
Nord Ovest;Lombardia;BS;G327;PARATICO
Nord Ovest;Lombardia;BS;G354;PASPARDO
Nord Ovest;Lombardia;BS;G361;PASSIRANO
Nord Ovest;Lombardia;BS;G391;PAVONE DEL MELLA
Nord Ovest;Lombardia;BS;G407;SAN PAOLO
Nord Ovest;Lombardia;BS;G474;PERTICA ALTA
Nord Ovest;Lombardia;BS;G475;PERTICA BASSA
Nord Ovest;Lombardia;BS;G529;PEZZAZE
Nord Ovest;Lombardia;BS;G546;PIAN CAMUNO
Nord Ovest;Lombardia;BS;G549;PIANCOGNO
Nord Ovest;Lombardia;BS;G710;PISOGNE
Nord Ovest;Lombardia;BS;G779;POLAVENO
Nord Ovest;Lombardia;BS;G801;POLPENAZZE DEL GARDA
Nord Ovest;Lombardia;BS;G815;POMPIANO
Nord Ovest;Lombardia;BS;G818;PONCARALE
Nord Ovest;Lombardia;BS;G844;PONTE DI LEGNO
Nord Ovest;Lombardia;BS;G859;PONTEVICO
Nord Ovest;Lombardia;BS;G869;PONTOGLIO
Nord Ovest;Lombardia;BS;G959;POZZOLENGO
Nord Ovest;Lombardia;BS;G977;PRALBOINO
Nord Ovest;Lombardia;BS;H043;PRESEGLIE
Nord Ovest;Lombardia;BS;H055;PREVALLE
Nord Ovest;Lombardia;BS;H077;PROVAGLIO VAL SABBIA
Nord Ovest;Lombardia;BS;H078;PROVAGLIO D`ISEO
Nord Ovest;Lombardia;BS;H086;PUEGNAGO DEL GARDA
Nord Ovest;Lombardia;BS;H140;QUINZANO D`OGLIO
Nord Ovest;Lombardia;BS;H230;REMEDELLO
Nord Ovest;Lombardia;BS;H256;REZZATO
Nord Ovest;Lombardia;BS;H410;ROCCAFRANCA
Nord Ovest;Lombardia;BS;H477;RODENGO-SAIANO
Nord Ovest;Lombardia;BS;H484;ROE` VOLCIANO
Nord Ovest;Lombardia;BS;H525;RONCADELLE
Nord Ovest;Lombardia;BS;H598;ROVATO
Nord Ovest;Lombardia;BS;H630;RUDIANO
Nord Ovest;Lombardia;BS;H650;SABBIO CHIESE
Nord Ovest;Lombardia;BS;H699;SALE MARASINO
Nord Ovest;Lombardia;BS;H717;SALO`
Nord Ovest;Lombardia;BS;H838;SAN FELICE DEL BENACO
Nord Ovest;Lombardia;BS;H865;SAN GERVASIO BRESCIANO
Nord Ovest;Lombardia;BS;I412;SAN ZENO NAVIGLIO
Nord Ovest;Lombardia;BS;I433;SAREZZO
Nord Ovest;Lombardia;BS;I476;SAVIORE DELL`ADAMELLO
Nord Ovest;Lombardia;BS;I588;SELLERO
Nord Ovest;Lombardia;BS;I607;SENIGA
Nord Ovest;Lombardia;BS;I631;SERLE
Nord Ovest;Lombardia;BS;I633;SIRMIONE
Nord Ovest;Lombardia;BS;I782;SOIANO DEL LAGO
Nord Ovest;Lombardia;BS;I831;SONICO
Nord Ovest;Lombardia;BS;L002;SULZANO
Nord Ovest;Lombardia;BS;L094;TEMU`
Nord Ovest;Lombardia;BS;L169;TIGNALE
Nord Ovest;Lombardia;BS;L210;TORBOLE CASAGLIA
Nord Ovest;Lombardia;BS;L312;TOSCOLANO MADERNO
Nord Ovest;Lombardia;BS;L339;TRAVAGLIATO
Nord Ovest;Lombardia;BS;L372;TREMOSINE
Nord Ovest;Lombardia;BS;L380;TRENZANO
Nord Ovest;Lombardia;BS;L406;TREVISO BRESCIANO
Nord Ovest;Lombardia;BS;L494;URAGO D`OGLIO
Nord Ovest;Lombardia;BS;L626;VALLIO TERME
Nord Ovest;Lombardia;BS;L777;VEROLANUOVA
Nord Ovest;Lombardia;BS;L778;VEROLAVECCHIA
Nord Ovest;Lombardia;BS;L812;VESTONE
Nord Ovest;Lombardia;BS;L816;VEZZA D`OGLIO
Nord Ovest;Lombardia;BS;L919;VILLA CARCINA
Nord Ovest;Lombardia;BS;L923;VILLACHIARA
Nord Ovest;Lombardia;BS;L995;VILLANUOVA SUL CLISI
Nord Ovest;Lombardia;BS;M065;VIONE
Nord Ovest;Lombardia;BS;M070;VISANO
Nord Ovest;Lombardia;BS;M104;VOBARNO
Nord Ovest;Lombardia;BS;M188;ZONE
Nord Ovest;Lombardia;BS;M312;LONATO DEL GARDA
Nord Ovest;Lombardia;CO;A143;ALBAVILLA
Nord Ovest;Lombardia;CO;A153;ALBESE CON CASSANO
Nord Ovest;Lombardia;CO;A164;ALBIOLO
Nord Ovest;Lombardia;CO;A224;ALSERIO
Nord Ovest;Lombardia;CO;A249;ALZATE BRIANZA
Nord Ovest;Lombardia;CO;A319;ANZANO DEL PARCO
Nord Ovest;Lombardia;CO;A333;APPIANO GENTILE
Nord Ovest;Lombardia;CO;A391;ARGEGNO
Nord Ovest;Lombardia;CO;A430;AROSIO
Nord Ovest;Lombardia;CO;A476;ASSO
Nord Ovest;Lombardia;CO;A670;BARNI
Nord Ovest;Lombardia;CO;A778;BENE LARIO
Nord Ovest;Lombardia;CO;A791;BEREGAZZO CON FIGLIARO
Nord Ovest;Lombardia;CO;A870;BINAGO
Nord Ovest;Lombardia;CO;A898;BIZZARONE
Nord Ovest;Lombardia;CO;A904;BLESSAGNO
Nord Ovest;Lombardia;CO;A905;BLEVIO
Nord Ovest;Lombardia;CO;B134;BREGNANO
Nord Ovest;Lombardia;CO;B144;BRENNA
Nord Ovest;Lombardia;CO;B172;BRIENNO
Nord Ovest;Lombardia;CO;B218;BRUNATE
Nord Ovest;Lombardia;CO;B262;BULGAROGRASSO
Nord Ovest;Lombardia;CO;B313;CABIATE
Nord Ovest;Lombardia;CO;B346;CADORAGO
Nord Ovest;Lombardia;CO;B355;CAGLIO
Nord Ovest;Lombardia;CO;B359;CAGNO
Nord Ovest;Lombardia;CO;B513;CAMPIONE D`ITALIA
Nord Ovest;Lombardia;CO;B639;CANTU`
Nord Ovest;Lombardia;CO;B641;CANZO
Nord Ovest;Lombardia;CO;B653;CAPIAGO INTIMIANO
Nord Ovest;Lombardia;CO;B730;CARATE URIO
Nord Ovest;Lombardia;CO;B742;CARBONATE
Nord Ovest;Lombardia;CO;B778;CARIMATE
Nord Ovest;Lombardia;CO;B785;CARLAZZO
Nord Ovest;Lombardia;CO;B851;CARUGO
Nord Ovest;Lombardia;CO;B942;CASASCO D`INTELVI
Nord Ovest;Lombardia;CO;B974;CASLINO D`ERBA
Nord Ovest;Lombardia;CO;B977;CASNATE CON BERNATE
Nord Ovest;Lombardia;CO;C020;CASSINA RIZZARDI
Nord Ovest;Lombardia;CO;C206;CASTELMARTE
Nord Ovest;Lombardia;CO;C220;CASTELNUOVO BOZZENTE
Nord Ovest;Lombardia;CO;C299;CASTIGLIONE D`INTELVI
Nord Ovest;Lombardia;CO;C374;CAVALLASCA
Nord Ovest;Lombardia;CO;C381;CAVARGNA
Nord Ovest;Lombardia;CO;C482;CERANO D INTELVI
Nord Ovest;Lombardia;CO;C516;CERMENATE
Nord Ovest;Lombardia;CO;C520;CERNOBBIO
Nord Ovest;Lombardia;CO;C724;CIRIMIDO
Nord Ovest;Lombardia;CO;C787;CLAINO CON OSTENO
Nord Ovest;Lombardia;CO;C902;COLONNO
Nord Ovest;Lombardia;CO;C933;COMO
Nord Ovest;Lombardia;CO;C936;VALSOLDA
Nord Ovest;Lombardia;CO;D041;CORRIDO
Nord Ovest;Lombardia;CO;D147;CREMIA
Nord Ovest;Lombardia;CO;D196;CUCCIAGO
Nord Ovest;Lombardia;CO;D232;CUSINO
Nord Ovest;Lombardia;CO;D310;DIZZASCO
Nord Ovest;Lombardia;CO;D329;DOMASO
Nord Ovest;Lombardia;CO;D341;DONGO
Nord Ovest;Lombardia;CO;D355;DOSSO DEL LIRO
Nord Ovest;Lombardia;CO;D416;ERBA
Nord Ovest;Lombardia;CO;D445;EUPILIO
Nord Ovest;Lombardia;CO;D462;FAGGETO LARIO
Nord Ovest;Lombardia;CO;D482;FALOPPIO
Nord Ovest;Lombardia;CO;D531;FENEGRO`
Nord Ovest;Lombardia;CO;D579;FIGINO SERENZA
Nord Ovest;Lombardia;CO;D605;FINO MORNASCO
Nord Ovest;Lombardia;CO;D930;GARZENO
Nord Ovest;Lombardia;CO;D974;GERA LARIO
Nord Ovest;Lombardia;CO;E139;GRANDATE
Nord Ovest;Lombardia;CO;E141;GRANDOLA ED UNITI
Nord Ovest;Lombardia;CO;E172;GRIANTE
Nord Ovest;Lombardia;CO;E235;GUANZATE
Nord Ovest;Lombardia;CO;E309;INVERIGO
Nord Ovest;Lombardia;CO;E405;LAGLIO
Nord Ovest;Lombardia;CO;E416;LAINO
Nord Ovest;Lombardia;CO;E428;LAMBRUGO
Nord Ovest;Lombardia;CO;E444;LANZO D`INTELVI
Nord Ovest;Lombardia;CO;E462;LASNIGO
Nord Ovest;Lombardia;CO;E569;LEZZENO
Nord Ovest;Lombardia;CO;E593;LIMIDO COMASCO
Nord Ovest;Lombardia;CO;E607;LIPOMO
Nord Ovest;Lombardia;CO;E623;LIVO
Nord Ovest;Lombardia;CO;E638;LOCATE VARESINO
Nord Ovest;Lombardia;CO;E659;LOMAZZO
Nord Ovest;Lombardia;CO;E679;LONGONE AL SEGRINO
Nord Ovest;Lombardia;CO;E735;LUISAGO
Nord Ovest;Lombardia;CO;E749;LURAGO D`ERBA
Nord Ovest;Lombardia;CO;E750;LURAGO MARINONE
Nord Ovest;Lombardia;CO;E753;LURATE CACCIVIO
Nord Ovest;Lombardia;CO;E830;MAGREGLIO
Nord Ovest;Lombardia;CO;E951;MARIANO COMENSE
Nord Ovest;Lombardia;CO;F017;MASLIANICO
Nord Ovest;Lombardia;CO;F120;MENAGGIO
Nord Ovest;Lombardia;CO;F151;MERONE
Nord Ovest;Lombardia;CO;F305;MOLTRASIO
Nord Ovest;Lombardia;CO;F372;MONGUZZO
Nord Ovest;Lombardia;CO;F427;MONTANO LUCINO
Nord Ovest;Lombardia;CO;F564;MONTEMEZZO
Nord Ovest;Lombardia;CO;F688;MONTORFANO
Nord Ovest;Lombardia;CO;F788;MOZZATE
Nord Ovest;Lombardia;CO;F828;MUSSO
Nord Ovest;Lombardia;CO;F877;NESSO
Nord Ovest;Lombardia;CO;F958;NOVEDRATE
Nord Ovest;Lombardia;CO;G025;OLGIATE COMASCO
Nord Ovest;Lombardia;CO;G056;OLTRONA DI SAN MAMETTE
Nord Ovest;Lombardia;CO;G126;ORSENIGO
Nord Ovest;Lombardia;CO;G415;PEGLIO
Nord Ovest;Lombardia;CO;G427;PELLIO INTELVI
Nord Ovest;Lombardia;CO;G556;PIANELLO DEL LARIO
Nord Ovest;Lombardia;CO;G665;PIGRA
Nord Ovest;Lombardia;CO;G737;PLESIO
Nord Ovest;Lombardia;CO;G773;POGNANA LARIO
Nord Ovest;Lombardia;CO;G821;PONNA
Nord Ovest;Lombardia;CO;G847;PONTE LAMBRO
Nord Ovest;Lombardia;CO;G889;PORLEZZA
Nord Ovest;Lombardia;CO;H074;PROSERPIO
Nord Ovest;Lombardia;CO;H094;PUSIANO
Nord Ovest;Lombardia;CO;H171;RAMPONIO VERNA
Nord Ovest;Lombardia;CO;H255;REZZAGO
Nord Ovest;Lombardia;CO;H259;VAL REZZO
Nord Ovest;Lombardia;CO;H478;RODERO
Nord Ovest;Lombardia;CO;H521;RONAGO
Nord Ovest;Lombardia;CO;H601;ROVELLASCA
Nord Ovest;Lombardia;CO;H602;ROVELLO PORRO
Nord Ovest;Lombardia;CO;H679;SALA COMACINA
Nord Ovest;Lombardia;CO;H760;S BARTOLOMEO V CAVARGNA
Nord Ovest;Lombardia;CO;H830;SAN FEDELE INTELVI
Nord Ovest;Lombardia;CO;H840;S FERMO DELLA BATTAGLIA
Nord Ovest;Lombardia;CO;I051;S NAZZARO VAL CAVARGNA
Nord Ovest;Lombardia;CO;I162;SAN SIRO
Nord Ovest;Lombardia;CO;I529;SCHIGNANO
Nord Ovest;Lombardia;CO;I611;SENNA COMASCO
Nord Ovest;Lombardia;CO;I792;SOLBIATE
Nord Ovest;Lombardia;CO;I856;SORICO
Nord Ovest;Lombardia;CO;I860;SORMANO
Nord Ovest;Lombardia;CO;I943;STAZZONA
Nord Ovest;Lombardia;CO;L071;TAVERNERIO
Nord Ovest;Lombardia;CO;L228;TORNO
Nord Ovest;Lombardia;CO;L413;TREZZONE
Nord Ovest;Lombardia;CO;L470;TURATE
Nord Ovest;Lombardia;CO;L487;UGGIATE-TREVANO
Nord Ovest;Lombardia;CO;L547;VALBRONA
Nord Ovest;Lombardia;CO;L640;VALMOREA
Nord Ovest;Lombardia;CO;L715;VELESO
Nord Ovest;Lombardia;CO;L737;VENIANO
Nord Ovest;Lombardia;CO;L748;VERCANA
Nord Ovest;Lombardia;CO;L792;VERTEMATE CON MINOPRIO
Nord Ovest;Lombardia;CO;L956;VILLA GUARDIA
Nord Ovest;Lombardia;CO;M156;ZELBIO
Nord Ovest;Lombardia;CO;M315;GRAVEDONA ED UNITI
Nord Ovest;Lombardia;CO;M335;BELLAGIO
Nord Ovest;Lombardia;CO;M336;COLVERDE
Nord Ovest;Lombardia;CO;M341;TREMEZZINA
Nord Ovest;Lombardia;CR;A039;ACQUANEGRA CREMONESE
Nord Ovest;Lombardia;CR;A076;AGNADELLO
Nord Ovest;Lombardia;CR;A299;ANNICCO
Nord Ovest;Lombardia;CR;A526;AZZANELLO
Nord Ovest;Lombardia;CR;A570;BAGNOLO CREMASCO
Nord Ovest;Lombardia;CR;A972;BONEMERSE
Nord Ovest;Lombardia;CR;A986;BORDOLANO
Nord Ovest;Lombardia;CR;B129;CASTELVERDE
Nord Ovest;Lombardia;CR;B320;CA` D`ANDREA
Nord Ovest;Lombardia;CR;B439;CALVATONE
Nord Ovest;Lombardia;CR;B484;CAMISANO
Nord Ovest;Lombardia;CR;B498;CAMPAGNOLA CREMASCA
Nord Ovest;Lombardia;CR;B650;CAPERGNANICA
Nord Ovest;Lombardia;CR;B679;CAPPELLA CANTONE
Nord Ovest;Lombardia;CR;B680;CAPPELLA DE` PICENARDI
Nord Ovest;Lombardia;CR;B686;CAPRALBA
Nord Ovest;Lombardia;CR;B869;CASALBUTTANO ED UNITI
Nord Ovest;Lombardia;CR;B881;CASALE CREM VIDOLASCO
Nord Ovest;Lombardia;CR;B889;CASALETTO CEREDANO
Nord Ovest;Lombardia;CR;B890;CASALETTO DI SOPRA
Nord Ovest;Lombardia;CR;B891;CASALETTO VAPRIO
Nord Ovest;Lombardia;CR;B898;CASALMAGGIORE
Nord Ovest;Lombardia;CR;B900;CASALMORANO
Nord Ovest;Lombardia;CR;B914;POZZAGLIO ED UNITI
Nord Ovest;Lombardia;CR;C089;CASTELDIDONE
Nord Ovest;Lombardia;CR;C115;CASTEL GABBIANO
Nord Ovest;Lombardia;CR;C153;CASTELLEONE
Nord Ovest;Lombardia;CR;C290;CASTELVISCONTI
Nord Ovest;Lombardia;CR;C435;CELLA DATI
Nord Ovest;Lombardia;CR;C634;CHIEVE
Nord Ovest;Lombardia;CR;C678;CICOGNOLO
Nord Ovest;Lombardia;CR;C703;CINGIA DE` BOTTI
Nord Ovest;Lombardia;CR;D056;CORTE DE` CORTESI CON CIGNONE
Nord Ovest;Lombardia;CR;D057;CORTE DE` FRATI
Nord Ovest;Lombardia;CR;D141;CREDERA RUBBIANO
Nord Ovest;Lombardia;CR;D142;CREMA
Nord Ovest;Lombardia;CR;D150;CREMONA
Nord Ovest;Lombardia;CR;D151;CREMOSANO
Nord Ovest;Lombardia;CR;D186;CROTTA D`ADDA
Nord Ovest;Lombardia;CR;D203;CUMIGNANO SUL NAVIGLIO
Nord Ovest;Lombardia;CR;D278;DEROVERE
Nord Ovest;Lombardia;CR;D358;DOVERA
Nord Ovest;Lombardia;CR;D370;DRIZZONA
Nord Ovest;Lombardia;CR;D574;FIESCO
Nord Ovest;Lombardia;CR;D710;FORMIGARA
Nord Ovest;Lombardia;CR;D834;GABBIONETA BINANUOVA
Nord Ovest;Lombardia;CR;D841;GADESCO PIEVE DELMONA
Nord Ovest;Lombardia;CR;D966;GENIVOLTA
Nord Ovest;Lombardia;CR;D993;GERRE DE` CAPRIOLI
Nord Ovest;Lombardia;CR;E082;GOMBITO
Nord Ovest;Lombardia;CR;E193;GRONTARDO
Nord Ovest;Lombardia;CR;E217;GRUMELLO C ED UNITI
Nord Ovest;Lombardia;CR;E272;GUSSOLA
Nord Ovest;Lombardia;CR;E356;ISOLA DOVARESE
Nord Ovest;Lombardia;CR;E380;IZANO
Nord Ovest;Lombardia;CR;E793;MADIGNANO
Nord Ovest;Lombardia;CR;E843;MALAGNINO
Nord Ovest;Lombardia;CR;E983;MARTIGNANA DI PO
Nord Ovest;Lombardia;CR;F434;MONTE CREMASCO
Nord Ovest;Lombardia;CR;F681;MONTODINE
Nord Ovest;Lombardia;CR;F761;MOSCAZZANO
Nord Ovest;Lombardia;CR;F771;MOTTA BALUFFI
Nord Ovest;Lombardia;CR;G004;OFFANENGO
Nord Ovest;Lombardia;CR;G047;OLMENETA
Nord Ovest;Lombardia;CR;G185;OSTIANO
Nord Ovest;Lombardia;CR;G222;PADERNO PONCHIELLI
Nord Ovest;Lombardia;CR;G260;PALAZZO PIGNANO
Nord Ovest;Lombardia;CR;G306;PANDINO
Nord Ovest;Lombardia;CR;G469;PERSICO DOSIMO
Nord Ovest;Lombardia;CR;G483;PESCAROLO ED UNITI
Nord Ovest;Lombardia;CR;G504;PESSINA CREMONESE
Nord Ovest;Lombardia;CR;G536;PIADENA
Nord Ovest;Lombardia;CR;G558;PIANENGO
Nord Ovest;Lombardia;CR;G603;PIERANICA
Nord Ovest;Lombardia;CR;G647;PIEVE D`OLMI
Nord Ovest;Lombardia;CR;G651;PIEVE SAN GIACOMO
Nord Ovest;Lombardia;CR;G721;PIZZIGHETTONE
Nord Ovest;Lombardia;CR;H130;QUINTANO
Nord Ovest;Lombardia;CR;H276;RICENGO
Nord Ovest;Lombardia;CR;H314;RIPALTA ARPINA
Nord Ovest;Lombardia;CR;H315;RIPALTA CREMASCA
Nord Ovest;Lombardia;CR;H316;RIPALTA GUERINA
Nord Ovest;Lombardia;CR;H341;RIVAROLO DEL RE E UNITI
Nord Ovest;Lombardia;CR;H357;RIVOLTA D`ADDA
Nord Ovest;Lombardia;CR;H372;ROBECCO D`OGLIO
Nord Ovest;Lombardia;CR;H508;ROMANENGO
Nord Ovest;Lombardia;CR;H731;SALVIROLA
Nord Ovest;Lombardia;CR;H767;SAN BASSANO
Nord Ovest;Lombardia;CR;H815;SAN DANIELE PO
Nord Ovest;Lombardia;CR;H918;SAN GIOVANNI IN CROCE
Nord Ovest;Lombardia;CR;I007;SAN MARTINO DEL LAGO
Nord Ovest;Lombardia;CR;I497;SCANDOLARA RAVARA
Nord Ovest;Lombardia;CR;I498;SCANDOLARA RIPA D`OGLIO
Nord Ovest;Lombardia;CR;I627;SERGNANO
Nord Ovest;Lombardia;CR;I683;SESTO ED UNITI
Nord Ovest;Lombardia;CR;I790;SOLAROLO RAINERIO
Nord Ovest;Lombardia;CR;I827;SONCINO
Nord Ovest;Lombardia;CR;I849;SORESINA
Nord Ovest;Lombardia;CR;I865;SOSPIRO
Nord Ovest;Lombardia;CR;I906;SPINADESCO
Nord Ovest;Lombardia;CR;I909;SPINEDA
Nord Ovest;Lombardia;CR;I914;SPINO D`ADDA
Nord Ovest;Lombardia;CR;I935;STAGNO LOMBARDO
Nord Ovest;Lombardia;CR;L164;TICENGO
Nord Ovest;Lombardia;CR;L221;TORLINO VIMERCATI
Nord Ovest;Lombardia;CR;L225;TORNATA
Nord Ovest;Lombardia;CR;L258;TORRE DE PICENARDI
Nord Ovest;Lombardia;CR;L296;TORRICELLA DEL PIZZO
Nord Ovest;Lombardia;CR;L389;TRESCORE CREMASCO
Nord Ovest;Lombardia;CR;L426;TRIGOLO
Nord Ovest;Lombardia;CR;L535;VAIANO CREMASCO
Nord Ovest;Lombardia;CR;L539;VAILATE
Nord Ovest;Lombardia;CR;L806;VESCOVATO
Nord Ovest;Lombardia;CR;M116;VOLONGO
Nord Ovest;Lombardia;CR;M127;VOLTIDO
Nord Ovest;Lombardia;LC;A005;ABBADIA LARIANA
Nord Ovest;Lombardia;LC;A112;AIRUNO
Nord Ovest;Lombardia;LC;A301;ANNONE DI BRIANZA
Nord Ovest;Lombardia;LC;A594;BALLABIO
Nord Ovest;Lombardia;LC;A683;BARZAGO
Nord Ovest;Lombardia;LC;A686;BARZANO`
Nord Ovest;Lombardia;LC;A687;BARZIO
Nord Ovest;Lombardia;LC;A745;BELLANO
Nord Ovest;Lombardia;LC;B081;BOSISIO PARINI
Nord Ovest;Lombardia;LC;B194;BRIVIO
Nord Ovest;Lombardia;LC;B261;BULCIAGO
Nord Ovest;Lombardia;LC;B396;CALCO
Nord Ovest;Lombardia;LC;B423;CALOLZIOCORTE
Nord Ovest;Lombardia;LC;B763;CARENNO
Nord Ovest;Lombardia;LC;B937;CASARGO
Nord Ovest;Lombardia;LC;B943;CASATENOVO
Nord Ovest;Lombardia;LC;B996;CASSAGO BRIANZA
Nord Ovest;Lombardia;LC;C024;CASSINA VALSASSINA
Nord Ovest;Lombardia;LC;C187;CASTELLO DI BRIANZA
Nord Ovest;Lombardia;LC;C521;CERNUSCO LOMBARDONE
Nord Ovest;Lombardia;LC;C563;CESANA BRIANZA
Nord Ovest;Lombardia;LC;C752;CIVATE
Nord Ovest;Lombardia;LC;C839;COLICO
Nord Ovest;Lombardia;LC;C851;COLLE BRIANZA
Nord Ovest;Lombardia;LC;D065;CORTENOVA
Nord Ovest;Lombardia;LC;D112;COSTA MASNAGA
Nord Ovest;Lombardia;LC;D131;CRANDOLA VALSASSINA
Nord Ovest;Lombardia;LC;D143;CREMELLA
Nord Ovest;Lombardia;LC;D145;CREMENO
Nord Ovest;Lombardia;LC;D280;DERVIO
Nord Ovest;Lombardia;LC;D327;DOLZAGO
Nord Ovest;Lombardia;LC;D346;DORIO
Nord Ovest;Lombardia;LC;D398;ELLO
Nord Ovest;Lombardia;LC;D428;ERVE
Nord Ovest;Lombardia;LC;D436;ESINO LARIO
Nord Ovest;Lombardia;LC;D865;GALBIATE
Nord Ovest;Lombardia;LC;D913;GARBAGNATE MONASTERO
Nord Ovest;Lombardia;LC;D926;GARLATE
Nord Ovest;Lombardia;LC;E287;IMBERSAGO
Nord Ovest;Lombardia;LC;E305;INTROBIO
Nord Ovest;Lombardia;LC;E308;INTROZZO
Nord Ovest;Lombardia;LC;E507;LECCO
Nord Ovest;Lombardia;LC;E581;LIERNA
Nord Ovest;Lombardia;LC;E656;LOMAGNA
Nord Ovest;Lombardia;LC;E858;MALGRATE
Nord Ovest;Lombardia;LC;E879;MANDELLO DEL LARIO
Nord Ovest;Lombardia;LC;E947;MARGNO
Nord Ovest;Lombardia;LC;F133;MERATE
Nord Ovest;Lombardia;LC;F248;MISSAGLIA
Nord Ovest;Lombardia;LC;F265;MOGGIO
Nord Ovest;Lombardia;LC;F304;MOLTENO
Nord Ovest;Lombardia;LC;F561;MONTE MARENZO
Nord Ovest;Lombardia;LC;F657;MONTEVECCHIA
Nord Ovest;Lombardia;LC;F674;MONTICELLO BRIANZA
Nord Ovest;Lombardia;LC;F758;MORTERONE
Nord Ovest;Lombardia;LC;F887;NIBIONNO
Nord Ovest;Lombardia;LC;G009;OGGIONO
Nord Ovest;Lombardia;LC;G026;OLGIATE MOLGORA
Nord Ovest;Lombardia;LC;G030;OLGINATE
Nord Ovest;Lombardia;LC;G040;OLIVETO LARIO
Nord Ovest;Lombardia;LC;G161;OSNAGO
Nord Ovest;Lombardia;LC;G218;PADERNO D`ADDA
Nord Ovest;Lombardia;LC;G223;ROBBIATE
Nord Ovest;Lombardia;LC;G241;PAGNONA
Nord Ovest;Lombardia;LC;G336;PARLASCO
Nord Ovest;Lombardia;LC;G368;PASTURO
Nord Ovest;Lombardia;LC;G456;PERLEDO
Nord Ovest;Lombardia;LC;G485;PESCATE
Nord Ovest;Lombardia;LC;H028;PREMANA
Nord Ovest;Lombardia;LC;H063;PRIMALUNA
Nord Ovest;Lombardia;LC;H486;ROGENO
Nord Ovest;Lombardia;LC;I243;SANTA MARIA HOE`
Nord Ovest;Lombardia;LC;I759;SIRONE
Nord Ovest;Lombardia;LC;I761;SIRTORI
Nord Ovest;Lombardia;LC;I994;SUEGLIO
Nord Ovest;Lombardia;LC;I996;SUELLO
Nord Ovest;Lombardia;LC;L022;TACENO
Nord Ovest;Lombardia;LC;L257;TORRE DE` BUSI
Nord Ovest;Lombardia;LC;L368;TREMENICO
Nord Ovest;Lombardia;LC;L581;VALGREGHENTINO
Nord Ovest;Lombardia;LC;L634;VALMADRERA
Nord Ovest;Lombardia;LC;L680;VARENNA
Nord Ovest;Lombardia;LC;L731;VENDROGNO
Nord Ovest;Lombardia;LC;L751;VERCURAGO
Nord Ovest;Lombardia;LC;L813;VESTRENO
Nord Ovest;Lombardia;LC;L866;VIGANO`
Nord Ovest;Lombardia;LC;M337;VERDERIO
Nord Ovest;Lombardia;LC;M348;LA VALLETTA BRIANZA
Nord Ovest;Lombardia;LO;A004;ABBADIA CERRETO
Nord Ovest;Lombardia;LO;A811;BERTONICO
Nord Ovest;Lombardia;LO;A919;BOFFALORA D`ADDA
Nord Ovest;Lombardia;LO;A995;BORGHETTO LODIGIANO
Nord Ovest;Lombardia;LO;B017;BORGO SAN GIOVANNI
Nord Ovest;Lombardia;LO;B141;BREMBIO
Nord Ovest;Lombardia;LO;B456;CAMAIRAGO
Nord Ovest;Lombardia;LO;B887;CASALETTO LODIGIANO
Nord Ovest;Lombardia;LO;B899;CASALMAIOCCO
Nord Ovest;Lombardia;LO;B910;CASALPUSTERLENGO
Nord Ovest;Lombardia;LO;B958;CASELLE LURANI
Nord Ovest;Lombardia;LO;B961;CASELLE LANDI
Nord Ovest;Lombardia;LO;C228;CASTELNUOVO BOCCA ADDA
Nord Ovest;Lombardia;LO;C304;CASTIGLIONE D`ADDA
Nord Ovest;Lombardia;LO;C329;CASTIRAGA VIDARDO
Nord Ovest;Lombardia;LO;C362;CAVACURTA
Nord Ovest;Lombardia;LO;C394;CAVENAGO D`ADDA
Nord Ovest;Lombardia;LO;C555;CERVIGNANO D`ADDA
Nord Ovest;Lombardia;LO;C816;CODOGNO
Nord Ovest;Lombardia;LO;C917;COMAZZO
Nord Ovest;Lombardia;LO;D021;CORNEGLIANO LAUDENSE
Nord Ovest;Lombardia;LO;D028;CORNO GIOVINE
Nord Ovest;Lombardia;LO;D029;CORNOVECCHIO
Nord Ovest;Lombardia;LO;D068;CORTE PALASIO
Nord Ovest;Lombardia;LO;D159;CRESPIATICA
Nord Ovest;Lombardia;LO;D660;FOMBIO
Nord Ovest;Lombardia;LO;D868;GALGAGNANO
Nord Ovest;Lombardia;LO;E127;GRAFFIGNANA
Nord Ovest;Lombardia;LO;E238;GUARDAMIGLIO
Nord Ovest;Lombardia;LO;E627;LIVRAGA
Nord Ovest;Lombardia;LO;E648;LODI
Nord Ovest;Lombardia;LO;E651;LODI VECCHIO
Nord Ovest;Lombardia;LO;E777;MACCASTORNA
Nord Ovest;Lombardia;LO;E840;MAIRAGO
Nord Ovest;Lombardia;LO;E852;MALEO
Nord Ovest;Lombardia;LO;E994;MARUDO
Nord Ovest;Lombardia;LO;F028;MASSALENGO
Nord Ovest;Lombardia;LO;F102;MELETI
Nord Ovest;Lombardia;LO;F149;MERLINO
Nord Ovest;Lombardia;LO;F260;TAVAZZANO VILLAVESCO
Nord Ovest;Lombardia;LO;F423;MONTANASO LOMBARDO
Nord Ovest;Lombardia;LO;F801;MULAZZANO
Nord Ovest;Lombardia;LO;G096;PIEVE FISSIRAGA
Nord Ovest;Lombardia;LO;G107;ORIO LITTA
Nord Ovest;Lombardia;LO;G166;OSPEDALETTO LODIGIANO
Nord Ovest;Lombardia;LO;G171;OSSAGO LODIGIANO
Nord Ovest;Lombardia;LO;H701;SALERANO SUL LAMBRO
Nord Ovest;Lombardia;LO;H844;SAN FIORANO
Nord Ovest;Lombardia;LO;I012;SAN MARTINO IN STRADA
Nord Ovest;Lombardia;LO;I140;SAN ROCCO AL PORTO
Nord Ovest;Lombardia;LO;I274;SANT`ANGELO LODIGIANO
Nord Ovest;Lombardia;LO;I362;SANTO STEFANO LODIGIANO
Nord Ovest;Lombardia;LO;I561;SECUGNAGO
Nord Ovest;Lombardia;LO;I612;SENNA LODIGIANA
Nord Ovest;Lombardia;LO;I815;SOMAGLIA
Nord Ovest;Lombardia;LO;I848;SORDIO
Nord Ovest;Lombardia;LO;L125;TERRANOVA PASSERINI
Nord Ovest;Lombardia;LO;L469;TURANO LODIGIANO
Nord Ovest;Lombardia;LO;L572;VALERA FRATTA
Nord Ovest;Lombardia;LO;L977;VILLANOVA DEL SILLARO
Nord Ovest;Lombardia;LO;M158;ZELO BUON PERSICO
Nord Ovest;Lombardia;MI;A010;ABBIATEGRASSO
Nord Ovest;Lombardia;MI;A087;AGRATE BRIANZA
Nord Ovest;Lombardia;MI;A096;AICURZIO
Nord Ovest;Lombardia;MI;A127;ALBAIRATE
Nord Ovest;Lombardia;MI;A159;ALBIATE
Nord Ovest;Lombardia;MI;A375;ARCONATE
Nord Ovest;Lombardia;MI;A376;ARCORE
Nord Ovest;Lombardia;MI;A389;ARESE
Nord Ovest;Lombardia;MI;A413;ARLUNO
Nord Ovest;Lombardia;MI;A473;ASSAGO
Nord Ovest;Lombardia;MI;A618;BARANZATE
Nord Ovest;Lombardia;MI;A652;BAREGGIO
Nord Ovest;Lombardia;MI;A668;BARLASSINA
Nord Ovest;Lombardia;MI;A697;BASIANO
Nord Ovest;Lombardia;MI;A699;BASIGLIO
Nord Ovest;Lombardia;MI;A751;BELLINZAGO LOMBARDO
Nord Ovest;Lombardia;MI;A759;BELLUSCO
Nord Ovest;Lombardia;MI;A802;BERNAREGGIO
Nord Ovest;Lombardia;MI;A804;BERNATE TICINO
Nord Ovest;Lombardia;MI;A818;BESANA IN BRIANZA
Nord Ovest;Lombardia;MI;A820;BESATE
Nord Ovest;Lombardia;MI;A849;BIASSONO
Nord Ovest;Lombardia;MI;A872;BINASCO
Nord Ovest;Lombardia;MI;A920;BOFFALORA SOPRA TICINO
Nord Ovest;Lombardia;MI;A940;BOLLATE
Nord Ovest;Lombardia;MI;B105;BOVISIO MASCIAGO
Nord Ovest;Lombardia;MI;B162;BRESSO
Nord Ovest;Lombardia;MI;B187;BRIOSCO
Nord Ovest;Lombardia;MI;B212;BRUGHERIO
Nord Ovest;Lombardia;MI;B235;BUBBIANO
Nord Ovest;Lombardia;MI;B240;BUCCINASCO
Nord Ovest;Lombardia;MI;B272;BURAGO DI MOLGORA
Nord Ovest;Lombardia;MI;B286;BUSCATE
Nord Ovest;Lombardia;MI;B289;BUSNAGO
Nord Ovest;Lombardia;MI;B292;BUSSERO
Nord Ovest;Lombardia;MI;B301;BUSTO GAROLFO
Nord Ovest;Lombardia;MI;B448;CALVIGNASCO
Nord Ovest;Lombardia;MI;B461;CAMBIAGO
Nord Ovest;Lombardia;MI;B501;CAMPARADA
Nord Ovest;Lombardia;MI;B593;CANEGRATE
Nord Ovest;Lombardia;MI;B671;CAPONAGO
Nord Ovest;Lombardia;MI;B729;CARATE BRIANZA
Nord Ovest;Lombardia;MI;B798;CARNATE
Nord Ovest;Lombardia;MI;B820;CARPIANO
Nord Ovest;Lombardia;MI;B850;CARUGATE
Nord Ovest;Lombardia;MI;B938;CASARILE
Nord Ovest;Lombardia;MI;B989;CASOREZZO
Nord Ovest;Lombardia;MI;C003;CASSANO D`ADDA
Nord Ovest;Lombardia;MI;C013;PERO
Nord Ovest;Lombardia;MI;C014;CASSINA DE`PECCHI
Nord Ovest;Lombardia;MI;C033;CASSINETTA DI LUGAGNANO
Nord Ovest;Lombardia;MI;C052;CASTANO PRIMO
Nord Ovest;Lombardia;MI;C395;CAVENAGO DI BRIANZA
Nord Ovest;Lombardia;MI;C512;CERIANO LAGHETTO
Nord Ovest;Lombardia;MI;C523;CERNUSCO SUL NAVIGLIO
Nord Ovest;Lombardia;MI;C536;CERRO AL LAMBRO
Nord Ovest;Lombardia;MI;C537;CERRO MAGGIORE
Nord Ovest;Lombardia;MI;C565;CESANO BOSCONE
Nord Ovest;Lombardia;MI;C566;CESANO MADERNO
Nord Ovest;Lombardia;MI;C569;CESATE
Nord Ovest;Lombardia;MI;C707;CINISELLO BALSAMO
Nord Ovest;Lombardia;MI;C733;CISLIANO
Nord Ovest;Lombardia;MI;C820;COGLIATE
Nord Ovest;Lombardia;MI;C895;COLOGNO MONZESE
Nord Ovest;Lombardia;MI;C908;COLTURANO
Nord Ovest;Lombardia;MI;C952;CONCOREZZO
Nord Ovest;Lombardia;MI;C986;CORBETTA
Nord Ovest;Lombardia;MI;D013;CORMANO
Nord Ovest;Lombardia;MI;D018;CORNAREDO
Nord Ovest;Lombardia;MI;D019;CORNATE D`ADDA
Nord Ovest;Lombardia;MI;D033;MORIMONDO
Nord Ovest;Lombardia;MI;D038;CORREZZANA
Nord Ovest;Lombardia;MI;D045;CORSICO
Nord Ovest;Lombardia;MI;D198;CUGGIONO
Nord Ovest;Lombardia;MI;D229;CUSAGO
Nord Ovest;Lombardia;MI;D231;CUSANO MILANINO
Nord Ovest;Lombardia;MI;D244;DAIRAGO
Nord Ovest;Lombardia;MI;D286;DESIO
Nord Ovest;Lombardia;MI;D367;DRESANO
Nord Ovest;Lombardia;MI;D845;GAGGIANO
Nord Ovest;Lombardia;MI;D912;GARBAGNATE MILANESE
Nord Ovest;Lombardia;MI;D995;GESSATE
Nord Ovest;Lombardia;MI;E063;GIUSSANO
Nord Ovest;Lombardia;MI;E094;GORGONZOLA
Nord Ovest;Lombardia;MI;E170;GREZZAGO
Nord Ovest;Lombardia;MI;E258;GUDO VISCONTI
Nord Ovest;Lombardia;MI;E313;INVERUNO
Nord Ovest;Lombardia;MI;E317;INZAGO
Nord Ovest;Lombardia;MI;E395;LACCHIARELLA
Nord Ovest;Lombardia;MI;E415;LAINATE
Nord Ovest;Lombardia;MI;E504;LAZZATE
Nord Ovest;Lombardia;MI;E514;LEGNANO
Nord Ovest;Lombardia;MI;E530;LENTATE SUL SEVESO
Nord Ovest;Lombardia;MI;E550;LESMO
Nord Ovest;Lombardia;MI;E591;LIMBIATE
Nord Ovest;Lombardia;MI;E610;LISCATE
Nord Ovest;Lombardia;MI;E617;LISSONE
Nord Ovest;Lombardia;MI;E639;LOCATE DI TRIULZI
Nord Ovest;Lombardia;MI;E786;MACHERIO
Nord Ovest;Lombardia;MI;E801;MAGENTA
Nord Ovest;Lombardia;MI;E819;MAGNAGO
Nord Ovest;Lombardia;MI;E921;MARCALLO CON CASONE
Nord Ovest;Lombardia;MI;F003;MASATE
Nord Ovest;Lombardia;MI;F078;MEDA
Nord Ovest;Lombardia;MI;F084;MEDIGLIA
Nord Ovest;Lombardia;MI;F100;MELEGNANO
Nord Ovest;Lombardia;MI;F119;MELZO
Nord Ovest;Lombardia;MI;F155;MESERO
Nord Ovest;Lombardia;MI;F165;MEZZAGO
Nord Ovest;Lombardia;MI;F205;MILANO
Nord Ovest;Lombardia;MI;F247;MISINTO
Nord Ovest;Lombardia;MI;F704;MONZA
Nord Ovest;Lombardia;MI;F783;MOTTA VISCONTI
Nord Ovest;Lombardia;MI;F797;MUGGIO`
Nord Ovest;Lombardia;MI;F874;NERVIANO
Nord Ovest;Lombardia;MI;F939;NOSATE
Nord Ovest;Lombardia;MI;F944;NOVA MILANESE
Nord Ovest;Lombardia;MI;F955;NOVATE MILANESE
Nord Ovest;Lombardia;MI;F968;NOVIGLIO
Nord Ovest;Lombardia;MI;G078;OPERA
Nord Ovest;Lombardia;MI;G116;ORNAGO
Nord Ovest;Lombardia;MI;G181;OSSONA
Nord Ovest;Lombardia;MI;G206;OZZERO
Nord Ovest;Lombardia;MI;G220;PADERNO DUGNANO
Nord Ovest;Lombardia;MI;G316;PANTIGLIATE
Nord Ovest;Lombardia;MI;G324;PARABIAGO
Nord Ovest;Lombardia;MI;G385;PAULLO
Nord Ovest;Lombardia;MI;G488;PESCHIERA BORROMEO
Nord Ovest;Lombardia;MI;G502;PESSANO CON BORNAGO
Nord Ovest;Lombardia;MI;G634;PIEVE EMANUELE
Nord Ovest;Lombardia;MI;G686;PIOLTELLO
Nord Ovest;Lombardia;MI;G772;POGLIANO MILANESE
Nord Ovest;Lombardia;MI;G955;POZZO D`ADDA
Nord Ovest;Lombardia;MI;G965;POZZUOLO MARTESANA
Nord Ovest;Lombardia;MI;H026;PREGNANA MILANESE
Nord Ovest;Lombardia;MI;H233;RENATE
Nord Ovest;Lombardia;MI;H240;RESCALDINA
Nord Ovest;Lombardia;MI;H264;RHO
Nord Ovest;Lombardia;MI;H371;ROBECCHETTO CON INDUNO
Nord Ovest;Lombardia;MI;H373;ROBECCO SUL NAVIGLIO
Nord Ovest;Lombardia;MI;H470;RODANO
Nord Ovest;Lombardia;MI;H529;RONCELLO
Nord Ovest;Lombardia;MI;H537;RONCO BRIANTINO
Nord Ovest;Lombardia;MI;H560;ROSATE
Nord Ovest;Lombardia;MI;H623;ROZZANO
Nord Ovest;Lombardia;MI;H803;SAN COLOMBANO AL LAMBRO
Nord Ovest;Lombardia;MI;H827;SAN DONATO MILANESE
Nord Ovest;Lombardia;MI;H884;SAN GIORGIO SU LEGNANO
Nord Ovest;Lombardia;MI;H930;SAN GIULIANO MILANESE
Nord Ovest;Lombardia;MI;I361;SANTO STEFANO TICINO
Nord Ovest;Lombardia;MI;I409;SAN VITTORE OLONA
Nord Ovest;Lombardia;MI;I415;SAN ZENONE AL LAMBRO
Nord Ovest;Lombardia;MI;I566;SEDRIANO
Nord Ovest;Lombardia;MI;I577;SEGRATE
Nord Ovest;Lombardia;MI;I602;SENAGO
Nord Ovest;Lombardia;MI;I625;SEREGNO
Nord Ovest;Lombardia;MI;I690;SESTO SAN GIOVANNI
Nord Ovest;Lombardia;MI;I696;SETTALA
Nord Ovest;Lombardia;MI;I700;SETTIMO MILANESE
Nord Ovest;Lombardia;MI;I709;SEVESO
Nord Ovest;Lombardia;MI;I786;SOLARO
Nord Ovest;Lombardia;MI;I878;SOVICO
Nord Ovest;Lombardia;MI;I998;SULBIATE
Nord Ovest;Lombardia;MI;L408;TREZZANO ROSA
Nord Ovest;Lombardia;MI;L409;TREZZANO SUL NAVIGLIO
Nord Ovest;Lombardia;MI;L411;TREZZO SULL`ADDA
Nord Ovest;Lombardia;MI;L415;TRIBIANO
Nord Ovest;Lombardia;MI;L434;TRIUGGIO
Nord Ovest;Lombardia;MI;L454;TRUCCAZZANO
Nord Ovest;Lombardia;MI;L471;TURBIGO
Nord Ovest;Lombardia;MI;L511;USMATE VELATE
Nord Ovest;Lombardia;MI;L664;VANZAGHELLO
Nord Ovest;Lombardia;MI;L665;VANZAGO
Nord Ovest;Lombardia;MI;L667;VAPRIO D`ADDA
Nord Ovest;Lombardia;MI;L677;VAREDO
Nord Ovest;Lombardia;MI;L704;VEDANO AL LAMBRO
Nord Ovest;Lombardia;MI;L709;VEDUGGIO CON COLZANO
Nord Ovest;Lombardia;MI;L744;VERANO BRIANZA
Nord Ovest;Lombardia;MI;L768;VERMEZZO
Nord Ovest;Lombardia;MI;L773;VERNATE
Nord Ovest;Lombardia;MI;L883;VIGNATE
Nord Ovest;Lombardia;MI;L928;VILLA CORTESE
Nord Ovest;Lombardia;MI;M017;VILLASANTA
Nord Ovest;Lombardia;MI;M052;VIMERCATE
Nord Ovest;Lombardia;MI;M053;VIMODRONE
Nord Ovest;Lombardia;MI;M091;VITTUONE
Nord Ovest;Lombardia;MI;M102;VIZZOLO PREDABISSI
Nord Ovest;Lombardia;MI;M160;ZELO SURRIGONE
Nord Ovest;Lombardia;MI;M176;ZIBIDO SAN GIACOMO
Nord Ovest;Lombardia;MN;A038;ACQUANEGRA SUL CHIESE
Nord Ovest;Lombardia;MN;A470;ASOLA
Nord Ovest;Lombardia;MN;A575;BAGNOLO SAN VITO
Nord Ovest;Lombardia;MN;A866;BIGARELLO
Nord Ovest;Lombardia;MN;B012;MOTTEGGIANA
Nord Ovest;Lombardia;MN;B013;BORGOFRANCO SUL PO
Nord Ovest;Lombardia;MN;B110;BOZZOLO
Nord Ovest;Lombardia;MN;B612;CANNETO SULL`OGLIO
Nord Ovest;Lombardia;MN;B739;CARBONARA PO
Nord Ovest;Lombardia;MN;B901;CASALMORO
Nord Ovest;Lombardia;MN;B907;CASALOLDO
Nord Ovest;Lombardia;MN;B911;CASALROMANO
Nord Ovest;Lombardia;MN;C059;CASTELBELFORTE
Nord Ovest;Lombardia;MN;C076;CASTEL D`ARIO
Nord Ovest;Lombardia;MN;C118;CASTEL GOFFREDO
Nord Ovest;Lombardia;MN;C195;CASTELLUCCHIO
Nord Ovest;Lombardia;MN;C312;CASTIGLIONE D STIVIERE
Nord Ovest;Lombardia;MN;C406;CAVRIANA
Nord Ovest;Lombardia;MN;C502;CERESARA
Nord Ovest;Lombardia;MN;C930;COMMESSAGGIO
Nord Ovest;Lombardia;MN;D227;CURTATONE
Nord Ovest;Lombardia;MN;D351;DOSOLO
Nord Ovest;Lombardia;MN;D529;FELONICA
Nord Ovest;Lombardia;MN;D949;GAZOLDO DEGLI IPPOLITI
Nord Ovest;Lombardia;MN;D959;GAZZUOLO
Nord Ovest;Lombardia;MN;E078;GOITO
Nord Ovest;Lombardia;MN;E089;GONZAGA
Nord Ovest;Lombardia;MN;E261;GUIDIZZOLO
Nord Ovest;Lombardia;MN;E818;MAGNACAVALLO
Nord Ovest;Lombardia;MN;E897;MANTOVA
Nord Ovest;Lombardia;MN;E922;MARCARIA
Nord Ovest;Lombardia;MN;E949;MARIANA MANTOVANA
Nord Ovest;Lombardia;MN;E962;MARMIROLO
Nord Ovest;Lombardia;MN;F086;MEDOLE
Nord Ovest;Lombardia;MN;F267;MOGLIA
Nord Ovest;Lombardia;MN;F705;MONZAMBANO
Nord Ovest;Lombardia;MN;F804;VILLA POMA
Nord Ovest;Lombardia;MN;G186;OSTIGLIA
Nord Ovest;Lombardia;MN;G417;PEGOGNAGA
Nord Ovest;Lombardia;MN;G633;PIEVE DI CORIANO
Nord Ovest;Lombardia;MN;G717;PIUBEGA
Nord Ovest;Lombardia;MN;G753;POGGIO RUSCO
Nord Ovest;Lombardia;MN;G816;POMPONESCO
Nord Ovest;Lombardia;MN;G862;PONTI SUL MINCIO
Nord Ovest;Lombardia;MN;G917;PORTO MANTOVANO
Nord Ovest;Lombardia;MN;H129;QUINGENTOLE
Nord Ovest;Lombardia;MN;H143;QUISTELLO
Nord Ovest;Lombardia;MN;H218;REDONDESCO
Nord Ovest;Lombardia;MN;H248;REVERE
Nord Ovest;Lombardia;MN;H342;RIVAROLO MANTOVANO
Nord Ovest;Lombardia;MN;H481;RODIGO
Nord Ovest;Lombardia;MN;H541;RONCOFERRARO
Nord Ovest;Lombardia;MN;H604;ROVERBELLA
Nord Ovest;Lombardia;MN;H652;SABBIONETA
Nord Ovest;Lombardia;MN;H771;SAN BENEDETTO PO
Nord Ovest;Lombardia;MN;H870;SAN GIACOMO D SEGNATE
Nord Ovest;Lombardia;MN;H883;SAN GIORGIO DI MANTOVA
Nord Ovest;Lombardia;MN;H912;SAN GIOVANNI DEL DOSSO
Nord Ovest;Lombardia;MN;I005;SAN MARTINO DALL`ARGINE
Nord Ovest;Lombardia;MN;I532;SCHIVENOGLIA
Nord Ovest;Lombardia;MN;I632;SERMIDE E FELONICA
Nord Ovest;Lombardia;MN;I662;SERRAVALLE A PO
Nord Ovest;Lombardia;MN;I801;SOLFERINO
Nord Ovest;Lombardia;MN;L015;SUSTINENTE
Nord Ovest;Lombardia;MN;L020;SUZZARA
Nord Ovest;Lombardia;MN;L826;VIADANA
Nord Ovest;Lombardia;MN;M044;VILLIMPENTA
Nord Ovest;Lombardia;MN;M125;VOLTA MANTOVANA
Nord Ovest;Lombardia;MN;M340;BORGO VIRGILIO
Nord Ovest;Lombardia;PV;A118;ALAGNA
Nord Ovest;Lombardia;PV;A134;ALBAREDO ARNABOLDI
Nord Ovest;Lombardia;PV;A171;ALBONESE
Nord Ovest;Lombardia;PV;A175;ALBUZZANO
Nord Ovest;Lombardia;PV;A387;ARENA PO
Nord Ovest;Lombardia;PV;A538;BADIA PAVESE
Nord Ovest;Lombardia;PV;A550;BAGNARIA
Nord Ovest;Lombardia;PV;A634;BARBIANELLO
Nord Ovest;Lombardia;PV;A690;BASCAPE
Nord Ovest;Lombardia;PV;A712;BASTIDA PANCARANA
Nord Ovest;Lombardia;PV;A718;BATTUDA
Nord Ovest;Lombardia;PV;A741;BELGIOIOSO
Nord Ovest;Lombardia;PV;A792;BEREGUARDO
Nord Ovest;Lombardia;PV;A989;BORGARELLO
Nord Ovest;Lombardia;PV;B014;SUARDI
Nord Ovest;Lombardia;PV;B028;BORGO PRIOLO
Nord Ovest;Lombardia;PV;B030;BORGORATTO MORMOROLO
Nord Ovest;Lombardia;PV;B038;BORGO SAN SIRO
Nord Ovest;Lombardia;PV;B051;BORNASCO
Nord Ovest;Lombardia;PV;B082;BOSNASCO
Nord Ovest;Lombardia;PV;B117;BRALLO DI PREGOLA
Nord Ovest;Lombardia;PV;B142;BREME
Nord Ovest;Lombardia;PV;B159;BRESSANA BOTTARONE
Nord Ovest;Lombardia;PV;B201;BRONI
Nord Ovest;Lombardia;PV;B387;LUNGAVILLA
Nord Ovest;Lombardia;PV;B447;CALVIGNANO
Nord Ovest;Lombardia;PV;B567;CAMPOSPINOSO
Nord Ovest;Lombardia;PV;B587;CANDIA LOMELLINA
Nord Ovest;Lombardia;PV;B599;CANEVINO
Nord Ovest;Lombardia;PV;B613;CANNETO PAVESE
Nord Ovest;Lombardia;PV;B741;CARBONARA AL TICINO
Nord Ovest;Lombardia;PV;B824;CURA CARPIGNANO
Nord Ovest;Lombardia;PV;B929;CASANOVA LONATI
Nord Ovest;Lombardia;PV;B945;CASATISMA
Nord Ovest;Lombardia;PV;B954;CASEI GEROLA
Nord Ovest;Lombardia;PV;B988;CASORATE PRIMO
Nord Ovest;Lombardia;PV;C038;CASSOLNOVO
Nord Ovest;Lombardia;PV;C050;CASTANA
Nord Ovest;Lombardia;PV;C053;CASTEGGIO
Nord Ovest;Lombardia;PV;C157;CASTELLETTO BRANDUZZO
Nord Ovest;Lombardia;PV;C184;CASTELLO D`AGOGNA
Nord Ovest;Lombardia;PV;C213;CASTELNOVETTO
Nord Ovest;Lombardia;PV;C360;CAVA MANARA
Nord Ovest;Lombardia;PV;C414;CECIMA
Nord Ovest;Lombardia;PV;C484;CERANOVA
Nord Ovest;Lombardia;PV;C508;CERETTO LOMELLINA
Nord Ovest;Lombardia;PV;C509;CERGNAGO
Nord Ovest;Lombardia;PV;C541;CERTOSA DI PAVIA
Nord Ovest;Lombardia;PV;C551;CERVESINA
Nord Ovest;Lombardia;PV;C637;CHIGNOLO PO
Nord Ovest;Lombardia;PV;C684;CIGOGNOLA
Nord Ovest;Lombardia;PV;C686;CILAVEGNA
Nord Ovest;Lombardia;PV;C813;CODEVILLA
Nord Ovest;Lombardia;PV;C958;CONFIENZA
Nord Ovest;Lombardia;PV;C979;COPIANO
Nord Ovest;Lombardia;PV;C982;CORANA
Nord Ovest;Lombardia;PV;D081;CORVINO SAN QUIRICO
Nord Ovest;Lombardia;PV;D109;COSTA DEI NOBILI
Nord Ovest;Lombardia;PV;D127;COZZO
Nord Ovest;Lombardia;PV;D348;DORNO
Nord Ovest;Lombardia;PV;D552;FERRERA ERBOGNONE
Nord Ovest;Lombardia;PV;D594;FILIGHERA
Nord Ovest;Lombardia;PV;D732;FORTUNAGO
Nord Ovest;Lombardia;PV;D771;FRASCAROLO
Nord Ovest;Lombardia;PV;D873;GALLIAVOLA
Nord Ovest;Lombardia;PV;D892;GAMBARANA
Nord Ovest;Lombardia;PV;D901;GAMBOLO
Nord Ovest;Lombardia;PV;D925;GARLASCO
Nord Ovest;Lombardia;PV;D980;GERENZAGO
Nord Ovest;Lombardia;PV;E062;GIUSSAGO
Nord Ovest;Lombardia;PV;E072;GODIASCO
Nord Ovest;Lombardia;PV;E081;GOLFERENZO
Nord Ovest;Lombardia;PV;E152;GRAVELLONA
Nord Ovest;Lombardia;PV;E195;GROPELLO CAIROLI
Nord Ovest;Lombardia;PV;E265;SIZIANO
Nord Ovest;Lombardia;PV;E310;INVERNO E MONTELEONE
Nord Ovest;Lombardia;PV;E437;LANDRIANO
Nord Ovest;Lombardia;PV;E439;LANGOSCO
Nord Ovest;Lombardia;PV;E454;LARDIRAGO
Nord Ovest;Lombardia;PV;E600;LINAROLO
Nord Ovest;Lombardia;PV;E608;LIRIO
Nord Ovest;Lombardia;PV;E662;LOMELLO
Nord Ovest;Lombardia;PV;E804;MAGHERNO
Nord Ovest;Lombardia;PV;E934;MARCIGNAGO
Nord Ovest;Lombardia;PV;E999;MARZANO
Nord Ovest;Lombardia;PV;F080;MEDE
Nord Ovest;Lombardia;PV;F122;MENCONICO
Nord Ovest;Lombardia;PV;F170;MEZZANA BIGLI
Nord Ovest;Lombardia;PV;F171;MEZZANA RABATTONE
Nord Ovest;Lombardia;PV;F175;MEZZANINO
Nord Ovest;Lombardia;PV;F238;MIRADOLO TERME
Nord Ovest;Lombardia;PV;F417;MONTALTO PAVESE
Nord Ovest;Lombardia;PV;F440;MONTEBELLO BATTAGLIA
Nord Ovest;Lombardia;PV;F449;MONTECALVO VERSIGGIA
Nord Ovest;Lombardia;PV;F638;MONTESCANO
Nord Ovest;Lombardia;PV;F644;MONTESEGALE
Nord Ovest;Lombardia;PV;F670;MONTICELLI PAVESE
Nord Ovest;Lombardia;PV;F701;MONTU BECCARIA
Nord Ovest;Lombardia;PV;F739;MORNICO LOSANA
Nord Ovest;Lombardia;PV;F754;MORTARA
Nord Ovest;Lombardia;PV;F891;NICORVO
Nord Ovest;Lombardia;PV;G021;OLEVANO DI LOMELLINA
Nord Ovest;Lombardia;PV;G032;OLIVA GESSI
Nord Ovest;Lombardia;PV;G194;OTTOBIANO
Nord Ovest;Lombardia;PV;G275;PALESTRO
Nord Ovest;Lombardia;PV;G304;PANCARANA
Nord Ovest;Lombardia;PV;G342;PARONA
Nord Ovest;Lombardia;PV;G388;PAVIA
Nord Ovest;Lombardia;PV;G612;PIETRA DE GIORGI
Nord Ovest;Lombardia;PV;G635;PIEVE ALBIGNOLA
Nord Ovest;Lombardia;PV;G639;PIEVE DEL CAIRO
Nord Ovest;Lombardia;PV;G650;PIEVE PORTO MORONE
Nord Ovest;Lombardia;PV;G671;PINAROLO PO
Nord Ovest;Lombardia;PV;G720;PIZZALE
Nord Ovest;Lombardia;PV;G851;PONTE NIZZA
Nord Ovest;Lombardia;PV;G895;PORTALBERA
Nord Ovest;Lombardia;PV;H204;REA
Nord Ovest;Lombardia;PV;H216;REDAVALLE
Nord Ovest;Lombardia;PV;H246;RETORBIDO
Nord Ovest;Lombardia;PV;H336;RIVANAZZANO
Nord Ovest;Lombardia;PV;H369;ROBBIO
Nord Ovest;Lombardia;PV;H375;ROBECCO PAVESE
Nord Ovest;Lombardia;PV;H396;ROCCA DE GIORGI
Nord Ovest;Lombardia;PV;H450;ROCCA SUSELLA
Nord Ovest;Lombardia;PV;H491;ROGNANO
Nord Ovest;Lombardia;PV;H505;ROMAGNESE
Nord Ovest;Lombardia;PV;H527;RONCARO
Nord Ovest;Lombardia;PV;H559;ROSASCO
Nord Ovest;Lombardia;PV;H614;ROVESCALA
Nord Ovest;Lombardia;PV;H637;RUINO
Nord Ovest;Lombardia;PV;H799;SAN CIPRIANO PO
Nord Ovest;Lombardia;PV;H814;SAN DAMIANO AL COLLE
Nord Ovest;Lombardia;PV;H859;SAN GENESIO ED UNITI
Nord Ovest;Lombardia;PV;H885;SAN GIORGIO LOMELLINA
Nord Ovest;Lombardia;PV;I014;SAN MARTINO SICCOMARIO
Nord Ovest;Lombardia;PV;I048;SANNAZZARO DE` BURGONDI
Nord Ovest;Lombardia;PV;I175;S.CRISTINA E BISSONE
Nord Ovest;Lombardia;PV;I203;SANTA GIULETTA
Nord Ovest;Lombardia;PV;I213;S.ALESSIO CON VIALONE
Nord Ovest;Lombardia;PV;I230;S.MARGHERITA STAFFORA
Nord Ovest;Lombardia;PV;I236;TRAVACO SICCOMARIO
Nord Ovest;Lombardia;PV;I237;S.MARIA DELLA VERSA
Nord Ovest;Lombardia;PV;I276;SANT`ANGELO LOMELLINA
Nord Ovest;Lombardia;PV;I416;SAN ZENONE AL PO
Nord Ovest;Lombardia;PV;I447;SARTIRANA LOMELLINA
Nord Ovest;Lombardia;PV;I487;SCALDASOLE
Nord Ovest;Lombardia;PV;I599;SEMIANA
Nord Ovest;Lombardia;PV;I739;SILVANO PIETRA
Nord Ovest;Lombardia;PV;I825;SOMMO
Nord Ovest;Lombardia;PV;I894;SPESSA
Nord Ovest;Lombardia;PV;I968;STRADELLA
Nord Ovest;Lombardia;PV;L237;TORRAZZA COSTE
Nord Ovest;Lombardia;PV;L250;TORRE B CASTELLARO
Nord Ovest;Lombardia;PV;L256;TORRE D`ARESE
Nord Ovest;Lombardia;PV;L262;TORRE DEI NEGRI
Nord Ovest;Lombardia;PV;L269;TORRE D`ISOLA
Nord Ovest;Lombardia;PV;L285;TORREVECCHIA PIA
Nord Ovest;Lombardia;PV;L292;TORRICELLA VERZATE
Nord Ovest;Lombardia;PV;L440;TRIVOLZIO
Nord Ovest;Lombardia;PV;L449;TROMELLO
Nord Ovest;Lombardia;PV;L453;TROVO
Nord Ovest;Lombardia;PV;L562;VAL DI NIZZA
Nord Ovest;Lombardia;PV;L568;VALEGGIO
Nord Ovest;Lombardia;PV;L593;VALLE LOMELLINA
Nord Ovest;Lombardia;PV;L617;VALLE SALIMBENE
Nord Ovest;Lombardia;PV;L659;VALVERDE
Nord Ovest;Lombardia;PV;L690;VARZI
Nord Ovest;Lombardia;PV;L716;VELEZZO LOMELLINA
Nord Ovest;Lombardia;PV;L720;VELLEZZO BELLINI
Nord Ovest;Lombardia;PV;L784;VERRETTO
Nord Ovest;Lombardia;PV;L788;VERRUA PO
Nord Ovest;Lombardia;PV;L854;VIDIGULFO
Nord Ovest;Lombardia;PV;L872;VIGEVANO
Nord Ovest;Lombardia;PV;L917;VILLA BISCOSSI
Nord Ovest;Lombardia;PV;L983;VILLANOVA D`ARDENGHI
Nord Ovest;Lombardia;PV;L994;VILLANTERIO
Nord Ovest;Lombardia;PV;M079;VISTARINO
Nord Ovest;Lombardia;PV;M109;VOGHERA
Nord Ovest;Lombardia;PV;M119;VOLPARA
Nord Ovest;Lombardia;PV;M150;ZAVATTARELLO
Nord Ovest;Lombardia;PV;M152;ZECCONE
Nord Ovest;Lombardia;PV;M161;ZEME
Nord Ovest;Lombardia;PV;M162;ZENEVREDO
Nord Ovest;Lombardia;PV;M166;ZERBO
Nord Ovest;Lombardia;PV;M167;ZERBOLO
Nord Ovest;Lombardia;PV;M180;ZINASCO
Nord Ovest;Lombardia;PV;M338;CORNALE E BASTIDA
Nord Ovest;Lombardia;PV;M372;CORTEOLONA E GENZONE
Nord Ovest;Lombardia;SO;A135;ALBAREDO PER SAN MARCO
Nord Ovest;Lombardia;SO;A172;ALBOSAGGIA
Nord Ovest;Lombardia;SO;A273;ANDALO VALTELLINO
Nord Ovest;Lombardia;SO;A337;APRICA
Nord Ovest;Lombardia;SO;A382;ARDENNO
Nord Ovest;Lombardia;SO;A777;BEMA
Nord Ovest;Lombardia;SO;A787;BERBENNO DI VALTELLINA
Nord Ovest;Lombardia;SO;A848;BIANZONE
Nord Ovest;Lombardia;SO;B049;BORMIO
Nord Ovest;Lombardia;SO;B255;BUGLIO IN MONTE
Nord Ovest;Lombardia;SO;B366;CAIOLO
Nord Ovest;Lombardia;SO;B530;CAMPODOLCINO
Nord Ovest;Lombardia;SO;B993;CASPOGGIO
Nord Ovest;Lombardia;SO;C186;CASTELLO DELL'ACQUA
Nord Ovest;Lombardia;SO;C325;CASTIONE ANDEVENNO
Nord Ovest;Lombardia;SO;C418;CEDRASCO
Nord Ovest;Lombardia;SO;C493;CERCINO
Nord Ovest;Lombardia;SO;C623;CHIAVENNA
Nord Ovest;Lombardia;SO;C628;CHIESA IN VALMALENCO
Nord Ovest;Lombardia;SO;C651;CHIURO
Nord Ovest;Lombardia;SO;C709;CINO
Nord Ovest;Lombardia;SO;C785;CIVO
Nord Ovest;Lombardia;SO;C903;COLORINA
Nord Ovest;Lombardia;SO;D088;COSIO VALTELLINO
Nord Ovest;Lombardia;SO;D258;DAZIO
Nord Ovest;Lombardia;SO;D266;DELEBIO
Nord Ovest;Lombardia;SO;D377;DUBINO
Nord Ovest;Lombardia;SO;D456;FAEDO VALTELLINO
Nord Ovest;Lombardia;SO;D694;FORCOLA
Nord Ovest;Lombardia;SO;D830;FUSINE
Nord Ovest;Lombardia;SO;D990;GEROLA ALTA
Nord Ovest;Lombardia;SO;E090;GORDONA
Nord Ovest;Lombardia;SO;E200;GROSIO
Nord Ovest;Lombardia;SO;E201;GROSOTTO
Nord Ovest;Lombardia;SO;E342;MADESIMO
Nord Ovest;Lombardia;SO;E443;LANZADA
Nord Ovest;Lombardia;SO;E621;LIVIGNO
Nord Ovest;Lombardia;SO;E705;LOVERO VALTELLINO
Nord Ovest;Lombardia;SO;E896;MANTELLO
Nord Ovest;Lombardia;SO;F070;MAZZO DI VALTELLINA
Nord Ovest;Lombardia;SO;F115;MELLO
Nord Ovest;Lombardia;SO;F153;MESE
Nord Ovest;Lombardia;SO;F393;MONTAGNA IN VALTELLINA
Nord Ovest;Lombardia;SO;F712;MORBEGNO
Nord Ovest;Lombardia;SO;F956;NOVATE MEZZOLA
Nord Ovest;Lombardia;SO;G410;PEDESINA
Nord Ovest;Lombardia;SO;G431;POGGIRIDENTI
Nord Ovest;Lombardia;SO;G572;PIANTEDO
Nord Ovest;Lombardia;SO;G576;PIATEDA
Nord Ovest;Lombardia;SO;G718;PIURO
Nord Ovest;Lombardia;SO;G829;PONTE IN VALTELLINA
Nord Ovest;Lombardia;SO;G937;POSTALESIO
Nord Ovest;Lombardia;SO;G993;PRATA CAMPORTACCIO
Nord Ovest;Lombardia;SO;H192;RASURA
Nord Ovest;Lombardia;SO;H493;ROGOLO
Nord Ovest;Lombardia;SO;H752;SAMOLACO
Nord Ovest;Lombardia;SO;H868;SAN GIACOMO FILIPPO
Nord Ovest;Lombardia;SO;I636;SERNIO
Nord Ovest;Lombardia;SO;I828;SONDALO
Nord Ovest;Lombardia;SO;I829;SONDRIO
Nord Ovest;Lombardia;SO;I928;SPRIANA
Nord Ovest;Lombardia;SO;L035;TALAMONA
Nord Ovest;Lombardia;SO;L056;TARTANO
Nord Ovest;Lombardia;SO;L084;TEGLIO
Nord Ovest;Lombardia;SO;L175;TIRANO
Nord Ovest;Lombardia;SO;L244;TORRE DI SANTA MARIA
Nord Ovest;Lombardia;SO;L316;TOVO DI SANT'AGATA
Nord Ovest;Lombardia;SO;L330;TRAONA
Nord Ovest;Lombardia;SO;L392;TRESIVIO
Nord Ovest;Lombardia;SO;L557;VALDIDENTRO
Nord Ovest;Lombardia;SO;L563;VALDISOTTO
Nord Ovest;Lombardia;SO;L576;VALFURVA
Nord Ovest;Lombardia;SO;L638;VAL MASINO
Nord Ovest;Lombardia;SO;L749;VERCEIA
Nord Ovest;Lombardia;SO;L799;VERVIO
Nord Ovest;Lombardia;SO;L907;VILLA DI CHIAVENNA
Nord Ovest;Lombardia;SO;L908;VILLA DI TIRANO
Nord Ovest;Lombardia;VA;A085;AGRA
Nord Ovest;Lombardia;VA;A167;ALBIZZATE
Nord Ovest;Lombardia;VA;A290;ANGERA
Nord Ovest;Lombardia;VA;A371;ARCISATE
Nord Ovest;Lombardia;VA;A441;ARSAGO SEPRIO
Nord Ovest;Lombardia;VA;A531;AZZATE
Nord Ovest;Lombardia;VA;A532;AZZIO
Nord Ovest;Lombardia;VA;A619;BARASSO
Nord Ovest;Lombardia;VA;A645;BARDELLO
Nord Ovest;Lombardia;VA;A705;TRONZANO LAGO MAGGIORE
Nord Ovest;Lombardia;VA;A728;BEDERO VALCUVIA
Nord Ovest;Lombardia;VA;A819;BESANO
Nord Ovest;Lombardia;VA;A825;BESNATE
Nord Ovest;Lombardia;VA;A826;BESOZZO
Nord Ovest;Lombardia;VA;A845;BIANDRONNO
Nord Ovest;Lombardia;VA;A891;BISUSCHIO
Nord Ovest;Lombardia;VA;A918;BODIO LOMNAGO
Nord Ovest;Lombardia;VA;B126;BREBBIA
Nord Ovest;Lombardia;VA;B131;BREGANO
Nord Ovest;Lombardia;VA;B150;BRENTA
Nord Ovest;Lombardia;VA;B166;BREZZO DI BEDERO
Nord Ovest;Lombardia;VA;B182;BRINZIO
Nord Ovest;Lombardia;VA;B191;BRISSAGO-VALTRAVAGLIA
Nord Ovest;Lombardia;VA;B219;BRUNELLO
Nord Ovest;Lombardia;VA;B228;BRUSIMPIANO
Nord Ovest;Lombardia;VA;B258;BUGUGGIATE
Nord Ovest;Lombardia;VA;B300;BUSTO ARSIZIO
Nord Ovest;Lombardia;VA;B312;CASTELLO CABIAGLIO
Nord Ovest;Lombardia;VA;B326;CADEGLIANO-VICONAGO
Nord Ovest;Lombardia;VA;B347;CADREZZATE
Nord Ovest;Lombardia;VA;B368;CAIRATE
Nord Ovest;Lombardia;VA;B634;CANTELLO
Nord Ovest;Lombardia;VA;B732;CARAVATE
Nord Ovest;Lombardia;VA;B754;CARDANO AL CAMPO
Nord Ovest;Lombardia;VA;B796;CARNAGO
Nord Ovest;Lombardia;VA;B805;CARONNO PERTUSELLA
Nord Ovest;Lombardia;VA;B807;CARONNO VARESINO
Nord Ovest;Lombardia;VA;B875;CASALE LITTA
Nord Ovest;Lombardia;VA;B921;CASALZUIGNO
Nord Ovest;Lombardia;VA;B949;CASCIAGO
Nord Ovest;Lombardia;VA;B987;CASORATE SEMPIONE
Nord Ovest;Lombardia;VA;B999;CASSANO VALCUVIA
Nord Ovest;Lombardia;VA;C004;CASSANO MAGNAGO
Nord Ovest;Lombardia;VA;C139;CASTELLANZA
Nord Ovest;Lombardia;VA;C181;CASTELVECCANA
Nord Ovest;Lombardia;VA;C273;CASTELSEPRIO
Nord Ovest;Lombardia;VA;C300;CASTIGLIONE OLONA
Nord Ovest;Lombardia;VA;C343;CASTRONNO
Nord Ovest;Lombardia;VA;C382;CAVARIA CON PREMEZZO
Nord Ovest;Lombardia;VA;C409;CAZZAGO BRABBIA
Nord Ovest;Lombardia;VA;C732;CISLAGO
Nord Ovest;Lombardia;VA;C751;CITTIGLIO
Nord Ovest;Lombardia;VA;C796;CLIVIO
Nord Ovest;Lombardia;VA;C810;COCQUIO-TREVISAGO
Nord Ovest;Lombardia;VA;C911;COMABBIO
Nord Ovest;Lombardia;VA;C922;COMERIO
Nord Ovest;Lombardia;VA;D144;CREMENAGA
Nord Ovest;Lombardia;VA;D185;CROSIO DELLA VALLE
Nord Ovest;Lombardia;VA;D192;CUASSO AL MONTE
Nord Ovest;Lombardia;VA;D199;CUGLIATE-FABIASCO
Nord Ovest;Lombardia;VA;D204;CUNARDO
Nord Ovest;Lombardia;VA;D217;CURIGLIA C MONTEVIASCO
Nord Ovest;Lombardia;VA;D238;CUVEGLIO
Nord Ovest;Lombardia;VA;D239;CUVIO
Nord Ovest;Lombardia;VA;D256;DAVERIO
Nord Ovest;Lombardia;VA;D384;DUMENZA
Nord Ovest;Lombardia;VA;D385;DUNO
Nord Ovest;Lombardia;VA;D467;FAGNANO OLONA
Nord Ovest;Lombardia;VA;D543;FERNO
Nord Ovest;Lombardia;VA;D551;FERRERA DI VARESE
Nord Ovest;Lombardia;VA;D869;GALLARATE
Nord Ovest;Lombardia;VA;D871;GALLIATE LOMBARDO
Nord Ovest;Lombardia;VA;D946;GAVIRATE
Nord Ovest;Lombardia;VA;D951;GAZZADA SCHIANNO
Nord Ovest;Lombardia;VA;D963;GEMONIO
Nord Ovest;Lombardia;VA;D981;GERENZANO
Nord Ovest;Lombardia;VA;D987;GERMIGNAGA
Nord Ovest;Lombardia;VA;E079;GOLASECCA
Nord Ovest;Lombardia;VA;E101;GORLA MAGGIORE
Nord Ovest;Lombardia;VA;E102;GORLA MINORE
Nord Ovest;Lombardia;VA;E104;GORNATE-OLONA
Nord Ovest;Lombardia;VA;E144;GRANTOLA
Nord Ovest;Lombardia;VA;E292;INARZO
Nord Ovest;Lombardia;VA;E299;INDUNO OLONA
Nord Ovest;Lombardia;VA;E367;ISPRA
Nord Ovest;Lombardia;VA;E386;JERAGO CON ORAGO
Nord Ovest;Lombardia;VA;E494;LAVENA-PONTE TRESA
Nord Ovest;Lombardia;VA;E496;LAVENO-MOMBELLO
Nord Ovest;Lombardia;VA;E510;LEGGIUNO
Nord Ovest;Lombardia;VA;E529;OSMATE
Nord Ovest;Lombardia;VA;E665;LONATE CEPPINO
Nord Ovest;Lombardia;VA;E666;LONATE POZZOLO
Nord Ovest;Lombardia;VA;E707;LOZZA
Nord Ovest;Lombardia;VA;E734;LUINO
Nord Ovest;Lombardia;VA;E769;LUVINATE
Nord Ovest;Lombardia;VA;E856;MALGESSO
Nord Ovest;Lombardia;VA;E863;MALNATE
Nord Ovest;Lombardia;VA;E929;MARCHIROLO
Nord Ovest;Lombardia;VA;E965;MARNATE
Nord Ovest;Lombardia;VA;F002;MARZIO
Nord Ovest;Lombardia;VA;F007;MASCIAGO PRIMO
Nord Ovest;Lombardia;VA;F134;MERCALLO
Nord Ovest;Lombardia;VA;F154;MESENZANA
Nord Ovest;Lombardia;VA;F526;MONTEGRINO-VALTRAVAGLIA
Nord Ovest;Lombardia;VA;F703;MONVALLE
Nord Ovest;Lombardia;VA;F711;MORAZZONE
Nord Ovest;Lombardia;VA;F736;MORNAGO
Nord Ovest;Lombardia;VA;G008;OGGIONA CON S STEFANO
Nord Ovest;Lombardia;VA;G028;OLGIATE OLONA
Nord Ovest;Lombardia;VA;G103;ORIGGIO
Nord Ovest;Lombardia;VA;G105;ORINO
Nord Ovest;Lombardia;VA;G906;PORTO CERESIO
Nord Ovest;Lombardia;VA;G907;PORTO VALTRAVAGLIA
Nord Ovest;Lombardia;VA;H173;RANCIO VALCUVIA
Nord Ovest;Lombardia;VA;H174;RANCO
Nord Ovest;Lombardia;VA;H723;SALTRIO
Nord Ovest;Lombardia;VA;H736;SAMARATE
Nord Ovest;Lombardia;VA;H872;SANGIANO
Nord Ovest;Lombardia;VA;I441;SARONNO
Nord Ovest;Lombardia;VA;I688;SESTO CALENDE
Nord Ovest;Lombardia;VA;I793;SOLBIATE ARNO
Nord Ovest;Lombardia;VA;I794;SOLBIATE OLONA
Nord Ovest;Lombardia;VA;I819;SOMMA LOMBARDO
Nord Ovest;Lombardia;VA;L003;SUMIRAGO
Nord Ovest;Lombardia;VA;L032;TAINO
Nord Ovest;Lombardia;VA;L115;TERNATE
Nord Ovest;Lombardia;VA;L319;TRADATE
Nord Ovest;Lombardia;VA;L342;TRAVEDONA-MONATE
Nord Ovest;Lombardia;VA;L480;UBOLDO
Nord Ovest;Lombardia;VA;L577;VALGANNA
Nord Ovest;Lombardia;VA;L671;VARANO BORGHI
Nord Ovest;Lombardia;VA;L682;VARESE
Nord Ovest;Lombardia;VA;L703;VEDANO OLONA
Nord Ovest;Lombardia;VA;L733;VENEGONO INFERIORE
Nord Ovest;Lombardia;VA;L734;VENEGONO SUPERIORE
Nord Ovest;Lombardia;VA;L765;VERGIATE
Nord Ovest;Lombardia;VA;L876;VIGGIU`
Nord Ovest;Lombardia;VA;M101;VIZZOLA TICINO
Nord Ovest;Lombardia;VA;M339;MACCAGNO CON PINO E VEDDASCA
Nord Ovest;Piemonte;AL;A052;ACQUI TERME
Nord Ovest;Piemonte;AL;A146;ALBERA LIGURE
Nord Ovest;Piemonte;AL;A182;ALESSANDRIA
Nord Ovest;Piemonte;AL;A189;ALFIANO NATTA
Nord Ovest;Piemonte;AL;A197;ALICE BEL COLLE
Nord Ovest;Piemonte;AL;A211;ALLUVIONI CAMBIO`
Nord Ovest;Piemonte;AL;A227;ALTAVILLA MONFERRATO
Nord Ovest;Piemonte;AL;A245;ALZANO SCRIVIA
Nord Ovest;Piemonte;AL;A436;ARQUATA SCRIVIA
Nord Ovest;Piemonte;AL;A523;AVOLASCA
Nord Ovest;Piemonte;AL;A605;BALZOLA
Nord Ovest;Piemonte;AL;A689;BASALUZZO
Nord Ovest;Piemonte;AL;A708;BASSIGNANA
Nord Ovest;Piemonte;AL;A738;BELFORTE MONFERRATO
Nord Ovest;Piemonte;AL;A793;BERGAMASCO
Nord Ovest;Piemonte;AL;A813;BERZANO DI TORTONA
Nord Ovest;Piemonte;AL;A889;BISTAGNO
Nord Ovest;Piemonte;AL;A998;BORGHETTO DI BORBERA
Nord Ovest;Piemonte;AL;B029;BORGORATTO ALESSANDRINO
Nord Ovest;Piemonte;AL;B037;BORGO SAN MARTINO
Nord Ovest;Piemonte;AL;B071;BOSCO MARENGO
Nord Ovest;Piemonte;AL;B080;BOSIO
Nord Ovest;Piemonte;AL;B109;BOZZOLE
Nord Ovest;Piemonte;AL;B179;BRIGNANO-FRASCATA
Nord Ovest;Piemonte;AL;B311;CABELLA LIGURE
Nord Ovest;Piemonte;AL;B453;CAMAGNA MONFERRATO
Nord Ovest;Piemonte;AL;B482;CAMINO
Nord Ovest;Piemonte;AL;B629;CANTALUPO LIGURE
Nord Ovest;Piemonte;AL;B701;CAPRIATA D`ORBA
Nord Ovest;Piemonte;AL;B736;CARBONARA SCRIVIA
Nord Ovest;Piemonte;AL;B765;CARENTINO
Nord Ovest;Piemonte;AL;B769;CAREZZANO
Nord Ovest;Piemonte;AL;B818;CARPENETO
Nord Ovest;Piemonte;AL;B836;CARREGA LIGURE
Nord Ovest;Piemonte;AL;B840;CARROSIO
Nord Ovest;Piemonte;AL;B847;CARTOSIO
Nord Ovest;Piemonte;AL;B870;CASAL CERMELLI
Nord Ovest;Piemonte;AL;B882;CASALEGGIO BOIRO
Nord Ovest;Piemonte;AL;B885;CASALE MONFERRATO
Nord Ovest;Piemonte;AL;B902;CASALNOCETO
Nord Ovest;Piemonte;AL;B941;CASASCO
Nord Ovest;Piemonte;AL;C005;CASSANO SPINOLA
Nord Ovest;Piemonte;AL;C027;CASSINE
Nord Ovest;Piemonte;AL;C030;CASSINELLE
Nord Ovest;Piemonte;AL;C137;CASTELLANIA
Nord Ovest;Piemonte;AL;C142;CASTELLAR GUIDOBONO
Nord Ovest;Piemonte;AL;C148;CASTELLAZZO BORMIDA
Nord Ovest;Piemonte;AL;C156;CASTELLETTO D`ERRO
Nord Ovest;Piemonte;AL;C158;CASTELLETTO D`ORBA
Nord Ovest;Piemonte;AL;C160;CASTELLETTO MERLI
Nord Ovest;Piemonte;AL;C162;CASTELLETTO MONFERRATO
Nord Ovest;Piemonte;AL;C229;CASTELNUOVO BORMIDA
Nord Ovest;Piemonte;AL;C243;CASTELNUOVO SCRIVIA
Nord Ovest;Piemonte;AL;C274;CASTELSPINA
Nord Ovest;Piemonte;AL;C387;CAVATORE
Nord Ovest;Piemonte;AL;C432;CELLA MONTE
Nord Ovest;Piemonte;AL;C503;CERESETO
Nord Ovest;Piemonte;AL;C507;CERRETO GRUE
Nord Ovest;Piemonte;AL;C531;CERRINA
Nord Ovest;Piemonte;AL;C962;CONIOLO
Nord Ovest;Piemonte;AL;C977;CONZANO
Nord Ovest;Piemonte;AL;D102;COSTA VESCOVATO
Nord Ovest;Piemonte;AL;D149;CREMOLINO
Nord Ovest;Piemonte;AL;D194;CUCCARO MONFERRATO
Nord Ovest;Piemonte;AL;D272;DENICE
Nord Ovest;Piemonte;AL;D277;DERNICE
Nord Ovest;Piemonte;AL;D447;FABBRICA CURONE
Nord Ovest;Piemonte;AL;D528;FELIZZANO
Nord Ovest;Piemonte;AL;D559;FRACONALTO
Nord Ovest;Piemonte;AL;D759;FRANCAVILLA BISIO
Nord Ovest;Piemonte;AL;D770;FRASCARO
Nord Ovest;Piemonte;AL;D777;FRASSINELLO MONFERRATO
Nord Ovest;Piemonte;AL;D780;FRASSINETO PO
Nord Ovest;Piemonte;AL;D797;FRESONARA
Nord Ovest;Piemonte;AL;D813;FRUGAROLO
Nord Ovest;Piemonte;AL;D814;FUBINE
Nord Ovest;Piemonte;AL;D835;GABIANO
Nord Ovest;Piemonte;AL;D890;GAMALERO
Nord Ovest;Piemonte;AL;D910;GARBAGNA
Nord Ovest;Piemonte;AL;D941;GAVAZZANA
Nord Ovest;Piemonte;AL;D944;GAVI
Nord Ovest;Piemonte;AL;E015;GIAROLE
Nord Ovest;Piemonte;AL;E164;GREMIASCO
Nord Ovest;Piemonte;AL;E188;GROGNARDO
Nord Ovest;Piemonte;AL;E191;GRONDONA
Nord Ovest;Piemonte;AL;E255;GUAZZORA
Nord Ovest;Piemonte;AL;E360;ISOLA SANT`ANTONIO
Nord Ovest;Piemonte;AL;E543;LERMA
Nord Ovest;Piemonte;AL;E712;LU
Nord Ovest;Piemonte;AL;E870;MALVICINO
Nord Ovest;Piemonte;AL;F015;MASIO
Nord Ovest;Piemonte;AL;F096;MELAZZO
Nord Ovest;Piemonte;AL;F131;MERANA
Nord Ovest;Piemonte;AL;F232;MIRABELLO MONFERRATO
Nord Ovest;Piemonte;AL;F281;MOLARE
Nord Ovest;Piemonte;AL;F293;MOLINO DEI TORTI
Nord Ovest;Piemonte;AL;F313;MOMBELLO MONFERRATO
Nord Ovest;Piemonte;AL;F320;MOMPERONE
Nord Ovest;Piemonte;AL;F337;MONCESTINO
Nord Ovest;Piemonte;AL;F365;MONGIARDINO LIGURE
Nord Ovest;Piemonte;AL;F374;MONLEALE
Nord Ovest;Piemonte;AL;F387;MONTACUTO
Nord Ovest;Piemonte;AL;F403;MONTALDEO
Nord Ovest;Piemonte;AL;F404;MONTALDO BORMIDA
Nord Ovest;Piemonte;AL;F455;MONTECASTELLO
Nord Ovest;Piemonte;AL;F469;MONTECHIARO D`ACQUI
Nord Ovest;Piemonte;AL;F518;MONTEGIOCO
Nord Ovest;Piemonte;AL;F562;MONTEMARZINO
Nord Ovest;Piemonte;AL;F707;MORANO SUL PO
Nord Ovest;Piemonte;AL;F713;MORBELLO
Nord Ovest;Piemonte;AL;F737;MORNESE
Nord Ovest;Piemonte;AL;F751;MORSASCO
Nord Ovest;Piemonte;AL;F814;MURISENGO
Nord Ovest;Piemonte;AL;F965;NOVI LIGURE
Nord Ovest;Piemonte;AL;F995;OCCIMIANO
Nord Ovest;Piemonte;AL;F997;ODALENGO GRANDE
Nord Ovest;Piemonte;AL;F998;ODALENGO PICCOLO
Nord Ovest;Piemonte;AL;G042;OLIVOLA
Nord Ovest;Piemonte;AL;G124;ORSARA BORMIDA
Nord Ovest;Piemonte;AL;G193;OTTIGLIO
Nord Ovest;Piemonte;AL;G197;OVADA
Nord Ovest;Piemonte;AL;G199;OVIGLIO
Nord Ovest;Piemonte;AL;G204;OZZANO MONFERRATO
Nord Ovest;Piemonte;AL;G215;PADERNA
Nord Ovest;Piemonte;AL;G334;PARETO
Nord Ovest;Piemonte;AL;G338;PARODI LIGURE
Nord Ovest;Piemonte;AL;G367;PASTURANA
Nord Ovest;Piemonte;AL;G397;PECETTO DI VALENZA
Nord Ovest;Piemonte;AL;G619;PIETRA MARAZZI
Nord Ovest;Piemonte;AL;G695;PIOVERA
Nord Ovest;Piemonte;AL;G807;POMARO MONFERRATO
Nord Ovest;Piemonte;AL;G839;PONTECURONE
Nord Ovest;Piemonte;AL;G858;PONTESTURA
Nord Ovest;Piemonte;AL;G861;PONTI
Nord Ovest;Piemonte;AL;G872;PONZANO MONFERRATO
Nord Ovest;Piemonte;AL;G877;PONZONE
Nord Ovest;Piemonte;AL;G960;POZZOL GROPPO
Nord Ovest;Piemonte;AL;G961;POZZOLO FORMIGARO
Nord Ovest;Piemonte;AL;G987;PRASCO
Nord Ovest;Piemonte;AL;H021;PREDOSA
Nord Ovest;Piemonte;AL;H104;QUARGNENTO
Nord Ovest;Piemonte;AL;H121;QUATTORDIO
Nord Ovest;Piemonte;AL;H272;RICALDONE
Nord Ovest;Piemonte;AL;H334;RIVALTA BORMIDA
Nord Ovest;Piemonte;AL;H343;RIVARONE
Nord Ovest;Piemonte;AL;H406;ROCCAFORTE LIGURE
Nord Ovest;Piemonte;AL;H414;ROCCA GRIMALDA
Nord Ovest;Piemonte;AL;H465;ROCCHETTA LIGURE
Nord Ovest;Piemonte;AL;H569;ROSIGNANO MONFERRATO
Nord Ovest;Piemonte;AL;H677;SALA MONFERRATO
Nord Ovest;Piemonte;AL;H694;SALE
Nord Ovest;Piemonte;AL;H810;SAN CRISTOFORO
Nord Ovest;Piemonte;AL;H878;SAN GIORGIO MONFERRATO
Nord Ovest;Piemonte;AL;I144;S SALVATORE MONFERRATO
Nord Ovest;Piemonte;AL;I150;SAN SEBASTIANO CURONE
Nord Ovest;Piemonte;AL;I190;SANT`AGATA FOSSILI
Nord Ovest;Piemonte;AL;I429;SARDIGLIANO
Nord Ovest;Piemonte;AL;I432;SAREZZANO
Nord Ovest;Piemonte;AL;I645;SERRALUNGA DI CREA
Nord Ovest;Piemonte;AL;I657;SERRAVALLE SCRIVIA
Nord Ovest;Piemonte;AL;I711;SEZZADIO
Nord Ovest;Piemonte;AL;I738;SILVANO D`ORBA
Nord Ovest;Piemonte;AL;I798;SOLERO
Nord Ovest;Piemonte;AL;I808;SOLONGHELLO
Nord Ovest;Piemonte;AL;I901;SPIGNO MONFERRATO
Nord Ovest;Piemonte;AL;I911;SPINETO SCRIVIA
Nord Ovest;Piemonte;AL;I941;STAZZANO
Nord Ovest;Piemonte;AL;I977;STREVI
Nord Ovest;Piemonte;AL;L027;TAGLIOLO MONFERRATO
Nord Ovest;Piemonte;AL;L059;TASSAROLO
Nord Ovest;Piemonte;AL;L139;TERRUGGIA
Nord Ovest;Piemonte;AL;L143;TERZO
Nord Ovest;Piemonte;AL;L165;TICINETO
Nord Ovest;Piemonte;AL;L304;TORTONA
Nord Ovest;Piemonte;AL;L403;TREVILLE
Nord Ovest;Piemonte;AL;L432;TRISOBBIO
Nord Ovest;Piemonte;AL;L570;VALENZA
Nord Ovest;Piemonte;AL;L633;VALMACCA
Nord Ovest;Piemonte;AL;L881;VIGNALE MONFERRATO
Nord Ovest;Piemonte;AL;L887;VIGNOLE BORBERA
Nord Ovest;Piemonte;AL;L904;VIGUZZOLO
Nord Ovest;Piemonte;AL;L931;VILLADEATI
Nord Ovest;Piemonte;AL;L963;VILLALVERNIA
Nord Ovest;Piemonte;AL;L970;VILLAMIROGLIO
Nord Ovest;Piemonte;AL;L972;VILLANOVA MONFERRATO
Nord Ovest;Piemonte;AL;M009;VILLAROMAGNANO
Nord Ovest;Piemonte;AL;M077;VISONE
Nord Ovest;Piemonte;AL;M120;VOLPEDO
Nord Ovest;Piemonte;AL;M121;VOLPEGLINO
Nord Ovest;Piemonte;AL;M123;VOLTAGGIO
Nord Ovest;Piemonte;AT;A072;AGLIANO
Nord Ovest;Piemonte;AT;A173;ALBUGNANO
Nord Ovest;Piemonte;AT;A300;CASTELLO DI ANNONE
Nord Ovest;Piemonte;AT;A312;ANTIGNANO
Nord Ovest;Piemonte;AT;A352;ARAMENGO
Nord Ovest;Piemonte;AT;A479;ASTI
Nord Ovest;Piemonte;AT;A527;AZZANO
Nord Ovest;Piemonte;AT;A588;BALDICHIERI D`ASTI
Nord Ovest;Piemonte;AT;A770;BELVEGLIO
Nord Ovest;Piemonte;AT;A812;BERZANO DI SAN PIETRO
Nord Ovest;Piemonte;AT;B221;BRUNO
Nord Ovest;Piemonte;AT;B236;BUBBIO
Nord Ovest;Piemonte;AT;B306;BUTTIGLIERA D`ASTI
Nord Ovest;Piemonte;AT;B376;CALAMANDRANA
Nord Ovest;Piemonte;AT;B418;CALLIANO MONFERRATO
Nord Ovest;Piemonte;AT;B425;CALOSSO
Nord Ovest;Piemonte;AT;B469;CAMERANO CASASCO
Nord Ovest;Piemonte;AT;B594;CANELLI
Nord Ovest;Piemonte;AT;B633;CANTARANA
Nord Ovest;Piemonte;AT;B707;CAPRIGLIO
Nord Ovest;Piemonte;AT;B991;CASORZO
Nord Ovest;Piemonte;AT;C022;CASSINASCO
Nord Ovest;Piemonte;AT;C047;CASTAGNOLE MONFERRATO
Nord Ovest;Piemonte;AT;C049;CASTAGNOLE LANZE
Nord Ovest;Piemonte;AT;C064;CASTEL BOGLIONE
Nord Ovest;Piemonte;AT;C127;CASTELL ALFERO
Nord Ovest;Piemonte;AT;C154;CASTELLERO
Nord Ovest;Piemonte;AT;C161;CASTELLETTO MOLINA
Nord Ovest;Piemonte;AT;C226;CASTELNUOVO BELBO
Nord Ovest;Piemonte;AT;C230;CASTELNUOVO CALCEA
Nord Ovest;Piemonte;AT;C232;CASTELNUOVO DON BOSCO
Nord Ovest;Piemonte;AT;C253;CASTEL ROCCHERO
Nord Ovest;Piemonte;AT;C438;CELLARENGO
Nord Ovest;Piemonte;AT;C440;CELLE ENOMONDO
Nord Ovest;Piemonte;AT;C528;CERRETO D`ASTI
Nord Ovest;Piemonte;AT;C533;CERRO TANARO
Nord Ovest;Piemonte;AT;C583;CESSOLE
Nord Ovest;Piemonte;AT;C658;CHIUSANO D`ASTI
Nord Ovest;Piemonte;AT;C701;CINAGLIO
Nord Ovest;Piemonte;AT;C739;CISTERNA D`ASTI
Nord Ovest;Piemonte;AT;C804;COAZZOLO
Nord Ovest;Piemonte;AT;C807;COCCONATO
Nord Ovest;Piemonte;AT;D046;CORSIONE
Nord Ovest;Piemonte;AT;D050;CORTANDONE
Nord Ovest;Piemonte;AT;D051;CORTANZE
Nord Ovest;Piemonte;AT;D052;CORTAZZONE
Nord Ovest;Piemonte;AT;D072;CORTIGLIONE
Nord Ovest;Piemonte;AT;D101;COSSOMBRATO
Nord Ovest;Piemonte;AT;D119;COSTIGLIOLE D`ASTI
Nord Ovest;Piemonte;AT;D207;CUNICO
Nord Ovest;Piemonte;AT;D388;DUSINO SAN MICHELE
Nord Ovest;Piemonte;AT;D554;FERRERE
Nord Ovest;Piemonte;AT;D678;FONTANILE
Nord Ovest;Piemonte;AT;D802;FRINCO
Nord Ovest;Piemonte;AT;E134;GRANA
Nord Ovest;Piemonte;AT;E159;GRAZZANO BADOGLIO
Nord Ovest;Piemonte;AT;E295;INCISA SCAPACCINO
Nord Ovest;Piemonte;AT;E338;ISOLA D`ASTI
Nord Ovest;Piemonte;AT;E633;LOAZZOLO
Nord Ovest;Piemonte;AT;E917;MARANZANA
Nord Ovest;Piemonte;AT;E944;MARETTO
Nord Ovest;Piemonte;AT;F254;MOASCA
Nord Ovest;Piemonte;AT;F308;MOMBALDONE
Nord Ovest;Piemonte;AT;F311;MOMBARUZZO
Nord Ovest;Piemonte;AT;F316;MOMBERCELLI
Nord Ovest;Piemonte;AT;F323;MONALE
Nord Ovest;Piemonte;AT;F325;MONASTERO BORMIDA
Nord Ovest;Piemonte;AT;F336;MONCALVO
Nord Ovest;Piemonte;AT;F343;MONCUCCO TORINESE
Nord Ovest;Piemonte;AT;F361;MONGARDINO
Nord Ovest;Piemonte;AT;F386;MONTABONE
Nord Ovest;Piemonte;AT;F390;MONTAFIA
Nord Ovest;Piemonte;AT;F409;MONTALDO SCARAMPI
Nord Ovest;Piemonte;AT;F468;MONTECHIARO D`ASTI
Nord Ovest;Piemonte;AT;F527;MONTEGROSSO D`ASTI
Nord Ovest;Piemonte;AT;F556;MONTEMAGNO
Nord Ovest;Piemonte;AT;F709;MORANSENGO
Nord Ovest;Piemonte;AT;F902;NIZZA MONFERRATO
Nord Ovest;Piemonte;AT;G048;OLMO GENTILE
Nord Ovest;Piemonte;AT;G358;PASSERANO MARMORITO
Nord Ovest;Piemonte;AT;G430;PENANGO
Nord Ovest;Piemonte;AT;G593;PIEA
Nord Ovest;Piemonte;AT;G676;PINO D`ASTI
Nord Ovest;Piemonte;AT;G692;PIOVA MASSAIA
Nord Ovest;Piemonte;AT;G894;PORTACOMARO
Nord Ovest;Piemonte;AT;H102;QUARANTI
Nord Ovest;Piemonte;AT;H219;REFRANCORE
Nord Ovest;Piemonte;AT;H250;REVIGLIASCO D`ASTI
Nord Ovest;Piemonte;AT;H366;ROATTO
Nord Ovest;Piemonte;AT;H376;ROBELLA
Nord Ovest;Piemonte;AT;H392;ROCCA D`ARAZZO
Nord Ovest;Piemonte;AT;H451;ROCCAVERANO
Nord Ovest;Piemonte;AT;H466;ROCCHETTA PALAFEA
Nord Ovest;Piemonte;AT;H468;ROCCHETTA TANARO
Nord Ovest;Piemonte;AT;H811;SAN DAMIANO D`ASTI
Nord Ovest;Piemonte;AT;H899;SAN GIORGIO SCARAMPI
Nord Ovest;Piemonte;AT;H987;SAN MARTINO ALFIERI
Nord Ovest;Piemonte;AT;I017;SAN MARZANO OLIVETO
Nord Ovest;Piemonte;AT;I076;SAN PAOLO SOLBRITO
Nord Ovest;Piemonte;AT;I555;SCURZOLENGO
Nord Ovest;Piemonte;AT;I637;SEROLE
Nord Ovest;Piemonte;AT;I678;SESSAME
Nord Ovest;Piemonte;AT;I698;SETTIME
Nord Ovest;Piemonte;AT;I781;SOGLIO
Nord Ovest;Piemonte;AT;L168;TIGLIOLE D`ASTI
Nord Ovest;Piemonte;AT;L203;TONCO
Nord Ovest;Piemonte;AT;L204;TONENGO
Nord Ovest;Piemonte;AT;L531;VAGLIO SERRA
Nord Ovest;Piemonte;AT;L574;VALFENERA
Nord Ovest;Piemonte;AT;L807;VESIME
Nord Ovest;Piemonte;AT;L829;VIALE
Nord Ovest;Piemonte;AT;L834;VIARIGI
Nord Ovest;Piemonte;AT;L879;VIGLIANO D`ASTI
Nord Ovest;Piemonte;AT;L945;VILLAFRANCA D`ASTI
Nord Ovest;Piemonte;AT;L984;VILLANOVA D`ASTI
Nord Ovest;Piemonte;AT;M019;VILLA SAN SECONDO
Nord Ovest;Piemonte;AT;M058;VINCHIO
Nord Ovest;Piemonte;AT;M302;MONTIGLIO MONFERRATO
Nord Ovest;Piemonte;BI;A107;AILOCHE
Nord Ovest;Piemonte;BI;A280;ANDORNO MICCA
Nord Ovest;Piemonte;BI;A784;BENNA
Nord Ovest;Piemonte;BI;A859;BIELLA
Nord Ovest;Piemonte;BI;A876;BIOGLIO
Nord Ovest;Piemonte;BI;B058;BORRIANA
Nord Ovest;Piemonte;BI;B229;BRUSNENGO
Nord Ovest;Piemonte;BI;B417;CALLABIANA
Nord Ovest;Piemonte;BI;B457;CAMANDONA
Nord Ovest;Piemonte;BI;B465;CAMBURZANO
Nord Ovest;Piemonte;BI;B586;CANDELO
Nord Ovest;Piemonte;BI;B708;CAPRILE
Nord Ovest;Piemonte;BI;B933;CASAPINTA
Nord Ovest;Piemonte;BI;C155;CASTELLETTO CERVO
Nord Ovest;Piemonte;BI;C363;CAVAGLIA
Nord Ovest;Piemonte;BI;C526;CERRETO CASTELLO
Nord Ovest;Piemonte;BI;C532;CERRIONE
Nord Ovest;Piemonte;BI;C819;COGGIOLA
Nord Ovest;Piemonte;BI;D094;COSSATO
Nord Ovest;Piemonte;BI;D165;CREVACUORE
Nord Ovest;Piemonte;BI;D219;CURINO
Nord Ovest;Piemonte;BI;D339;DONATO
Nord Ovest;Piemonte;BI;D350;DORZANO
Nord Ovest;Piemonte;BI;D848;GAGLIANICO
Nord Ovest;Piemonte;BI;E024;GIFFLENGA
Nord Ovest;Piemonte;BI;E130;GRAGLIA
Nord Ovest;Piemonte;BI;E821;MAGNANO
Nord Ovest;Piemonte;BI;F037;MASSAZZA
Nord Ovest;Piemonte;BI;F042;MASSERANO
Nord Ovest;Piemonte;BI;F167;MEZZANA MORTIGLIENGO
Nord Ovest;Piemonte;BI;F189;MIAGLIANO
Nord Ovest;Piemonte;BI;F369;MONGRANDO
Nord Ovest;Piemonte;BI;F776;MOTTALCIATA
Nord Ovest;Piemonte;BI;F833;MUZZANO
Nord Ovest;Piemonte;BI;F878;NETRO
Nord Ovest;Piemonte;BI;F992;OCCHIEPPO INFERIORE
Nord Ovest;Piemonte;BI;F993;OCCHIEPPO SUPERIORE
Nord Ovest;Piemonte;BI;G521;PETTINENGO
Nord Ovest;Piemonte;BI;G577;PIATTO
Nord Ovest;Piemonte;BI;G594;PIEDICAVALLO
Nord Ovest;Piemonte;BI;G798;POLLONE
Nord Ovest;Piemonte;BI;G820;PONDERANO
Nord Ovest;Piemonte;BI;G927;PORTULA
Nord Ovest;Piemonte;BI;G974;PRAY
Nord Ovest;Piemonte;BI;G980;PRALUNGO
Nord Ovest;Piemonte;BI;H103;QUAREGNA
Nord Ovest;Piemonte;BI;H538;RONCO BIELLESE
Nord Ovest;Piemonte;BI;H553;ROPPOLO
Nord Ovest;Piemonte;BI;H561;ROSAZZA
Nord Ovest;Piemonte;BI;H662;SAGLIANO MICCA
Nord Ovest;Piemonte;BI;H681;SALA BIELLESE
Nord Ovest;Piemonte;BI;H726;SALUSSOLA
Nord Ovest;Piemonte;BI;H821;SANDIGLIANO
Nord Ovest;Piemonte;BI;I596;SELVE MARCONE
Nord Ovest;Piemonte;BI;I835;SOPRANA
Nord Ovest;Piemonte;BI;I847;SORDEVOLO
Nord Ovest;Piemonte;BI;I868;SOSTEGNO
Nord Ovest;Piemonte;BI;I980;STRONA
Nord Ovest;Piemonte;BI;L075;TAVIGLIANO
Nord Ovest;Piemonte;BI;L116;TERNENGO
Nord Ovest;Piemonte;BI;L193;TOLLEGNO
Nord Ovest;Piemonte;BI;L239;TORRAZZO
Nord Ovest;Piemonte;BI;L436;TRIVERO
Nord Ovest;Piemonte;BI;L556;VALDENGO
Nord Ovest;Piemonte;BI;L586;VALLANZENGO
Nord Ovest;Piemonte;BI;L606;VALLE MOSSO
Nord Ovest;Piemonte;BI;L620;VALLE SAN NICOLAO
Nord Ovest;Piemonte;BI;L712;VEGLIO
Nord Ovest;Piemonte;BI;L785;VERRONE
Nord Ovest;Piemonte;BI;L880;VIGLIANO BIELLESE
Nord Ovest;Piemonte;BI;L933;VILLA DEL BOSCO
Nord Ovest;Piemonte;BI;L978;VILLANOVA BIELLESE
Nord Ovest;Piemonte;BI;M098;VIVERONE
Nord Ovest;Piemonte;BI;M179;ZIMONE
Nord Ovest;Piemonte;BI;M196;ZUBIENA
Nord Ovest;Piemonte;BI;M201;ZUMAGLIA
Nord Ovest;Piemonte;BI;M304;MOSSO
Nord Ovest;Piemonte;BI;M371;LESSONA
Nord Ovest;Piemonte;BI;M373;CAMPIGLIA CERVO
Nord Ovest;Piemonte;CN;A016;ACCEGLIO
Nord Ovest;Piemonte;CN;A113;AISONE
Nord Ovest;Piemonte;CN;A124;ALBA
Nord Ovest;Piemonte;CN;A139;ALBARETTO DELLA TORRE
Nord Ovest;Piemonte;CN;A238;ALTO
Nord Ovest;Piemonte;CN;A394;ARGENTERA
Nord Ovest;Piemonte;CN;A396;ARGUELLO
Nord Ovest;Piemonte;CN;A555;BAGNASCO
Nord Ovest;Piemonte;CN;A571;BAGNOLO PIEMONTE
Nord Ovest;Piemonte;CN;A589;BALDISSERO D`ALBA
Nord Ovest;Piemonte;CN;A629;BARBARESCO
Nord Ovest;Piemonte;CN;A660;BARGE
Nord Ovest;Piemonte;CN;A671;BAROLO
Nord Ovest;Piemonte;CN;A709;BASTIA MONDOVI
Nord Ovest;Piemonte;CN;A716;BATTIFOLLO
Nord Ovest;Piemonte;CN;A735;BEINETTE
Nord Ovest;Piemonte;CN;A750;BELLINO
Nord Ovest;Piemonte;CN;A774;BELVEDERE LANGHE
Nord Ovest;Piemonte;CN;A779;BENE VAGIENNA
Nord Ovest;Piemonte;CN;A782;BENEVELLO
Nord Ovest;Piemonte;CN;A798;BERGOLO
Nord Ovest;Piemonte;CN;A805;BERNEZZO
Nord Ovest;Piemonte;CN;A979;BONVICINO
Nord Ovest;Piemonte;CN;B018;BORGOMALE
Nord Ovest;Piemonte;CN;B033;BORGO SAN DALMAZZO
Nord Ovest;Piemonte;CN;B079;BOSIA
Nord Ovest;Piemonte;CN;B084;BOSSOLASCO
Nord Ovest;Piemonte;CN;B101;BOVES
Nord Ovest;Piemonte;CN;B111;BRA
Nord Ovest;Piemonte;CN;B167;BRIAGLIA
Nord Ovest;Piemonte;CN;B175;BRIGA ALTA
Nord Ovest;Piemonte;CN;B200;BRONDELLO
Nord Ovest;Piemonte;CN;B204;BROSSASCO
Nord Ovest;Piemonte;CN;B285;BUSCA
Nord Ovest;Piemonte;CN;B467;CAMERANA
Nord Ovest;Piemonte;CN;B489;CAMO
Nord Ovest;Piemonte;CN;B573;CANALE
Nord Ovest;Piemonte;CN;B621;CANOSIO
Nord Ovest;Piemonte;CN;B692;CAPRAUNA
Nord Ovest;Piemonte;CN;B719;CARAGLIO
Nord Ovest;Piemonte;CN;B720;CARAMAGNA PIEMONTE
Nord Ovest;Piemonte;CN;B755;CARDE
Nord Ovest;Piemonte;CN;B841;CARRU
Nord Ovest;Piemonte;CN;B845;CARTIGNANO
Nord Ovest;Piemonte;CN;B894;CASALGRASSO
Nord Ovest;Piemonte;CN;C046;CASTAGNITO
Nord Ovest;Piemonte;CN;C081;CASTELDELFINO
Nord Ovest;Piemonte;CN;C140;CASTELLAR
Nord Ovest;Piemonte;CN;C165;CASTELLETTO STURA
Nord Ovest;Piemonte;CN;C167;CASTELLETTO UZZONE
Nord Ovest;Piemonte;CN;C173;CASTELLINALDO
Nord Ovest;Piemonte;CN;C176;CASTELLINO TANARO
Nord Ovest;Piemonte;CN;C205;CASTELMAGNO
Nord Ovest;Piemonte;CN;C214;CASTELNUOVO DI CEVA
Nord Ovest;Piemonte;CN;C314;CASTIGLIONE FALLETTO
Nord Ovest;Piemonte;CN;C317;CASTIGLIONE TINELLA
Nord Ovest;Piemonte;CN;C323;CASTINO
Nord Ovest;Piemonte;CN;C375;CAVALLERLEONE
Nord Ovest;Piemonte;CN;C376;CAVALLERMAGGIORE
Nord Ovest;Piemonte;CN;C441;CELLE DI MACRA
Nord Ovest;Piemonte;CN;C466;CENTALLO
Nord Ovest;Piemonte;CN;C504;CERESOLE ALBA
Nord Ovest;Piemonte;CN;C530;CERRETO DELLE LANGHE
Nord Ovest;Piemonte;CN;C547;CERVASCA
Nord Ovest;Piemonte;CN;C550;CERVERE
Nord Ovest;Piemonte;CN;C589;CEVA
Nord Ovest;Piemonte;CN;C599;CHERASCO
Nord Ovest;Piemonte;CN;C653;CHIUSA DI PESIO
Nord Ovest;Piemonte;CN;C681;CIGLIE
Nord Ovest;Piemonte;CN;C738;CISSONE
Nord Ovest;Piemonte;CN;C792;CLAVESANA
Nord Ovest;Piemonte;CN;D022;CORNELIANO D`ALBA
Nord Ovest;Piemonte;CN;D062;CORTEMILIA
Nord Ovest;Piemonte;CN;D093;COSSANO BELBO
Nord Ovest;Piemonte;CN;D120;COSTIGLIOLE SALUZZO
Nord Ovest;Piemonte;CN;D133;CRAVANZANA
Nord Ovest;Piemonte;CN;D172;CRISSOLO
Nord Ovest;Piemonte;CN;D205;CUNEO
Nord Ovest;Piemonte;CN;D271;DEMONTE
Nord Ovest;Piemonte;CN;D291;DIANO D`ALBA
Nord Ovest;Piemonte;CN;D314;DOGLIANI
Nord Ovest;Piemonte;CN;D372;DRONERO
Nord Ovest;Piemonte;CN;D401;ELVA
Nord Ovest;Piemonte;CN;D410;ENTRACQUE
Nord Ovest;Piemonte;CN;D412;ENVIE
Nord Ovest;Piemonte;CN;D499;FARIGLIANO
Nord Ovest;Piemonte;CN;D511;FAULE
Nord Ovest;Piemonte;CN;D523;FEISOGLIO
Nord Ovest;Piemonte;CN;D742;FOSSANO
Nord Ovest;Piemonte;CN;D751;FRABOSA SOPRANA
Nord Ovest;Piemonte;CN;D752;FRABOSA SOTTANA
Nord Ovest;Piemonte;CN;D782;FRASSINO
Nord Ovest;Piemonte;CN;D856;GAIOLA
Nord Ovest;Piemonte;CN;D894;GAMBASCA
Nord Ovest;Piemonte;CN;D920;GARESSIO
Nord Ovest;Piemonte;CN;D967;GENOLA
Nord Ovest;Piemonte;CN;E111;GORZEGNO
Nord Ovest;Piemonte;CN;E115;GOTTASECCA
Nord Ovest;Piemonte;CN;E118;GOVONE
Nord Ovest;Piemonte;CN;E182;GRINZANE CAVOUR
Nord Ovest;Piemonte;CN;E251;GUARENE
Nord Ovest;Piemonte;CN;E282;IGLIANO
Nord Ovest;Piemonte;CN;E327;ISASCA
Nord Ovest;Piemonte;CN;E406;LAGNASCO
Nord Ovest;Piemonte;CN;E430;LA MORRA
Nord Ovest;Piemonte;CN;E539;LEQUIO TANARO
Nord Ovest;Piemonte;CN;E540;LEQUIO BERRIA
Nord Ovest;Piemonte;CN;E546;LESEGNO
Nord Ovest;Piemonte;CN;E564;LEVICE
Nord Ovest;Piemonte;CN;E597;LIMONE PIEMONTE
Nord Ovest;Piemonte;CN;E615;LISIO
Nord Ovest;Piemonte;CN;E789;MACRA
Nord Ovest;Piemonte;CN;E808;MAGLIANO ALPI
Nord Ovest;Piemonte;CN;E809;MAGLIANO ALFIERI
Nord Ovest;Piemonte;CN;E887;MANGO
Nord Ovest;Piemonte;CN;E894;MANTA
Nord Ovest;Piemonte;CN;E939;MARENE
Nord Ovest;Piemonte;CN;E945;MARGARITA
Nord Ovest;Piemonte;CN;E963;MARMORA
Nord Ovest;Piemonte;CN;E973;MARSAGLIA
Nord Ovest;Piemonte;CN;E988;MARTINIANA PO
Nord Ovest;Piemonte;CN;F114;MELLE
Nord Ovest;Piemonte;CN;F279;MOIOLA
Nord Ovest;Piemonte;CN;F309;MOMBARCARO
Nord Ovest;Piemonte;CN;F312;MOMBASIGLIO
Nord Ovest;Piemonte;CN;F326;MONASTERO DI VASCO
Nord Ovest;Piemonte;CN;F329;MONASTEROLO CASOTTO
Nord Ovest;Piemonte;CN;F330;MONASTEROLO SAVIGLIANO
Nord Ovest;Piemonte;CN;F338;MONCHIERO
Nord Ovest;Piemonte;CN;F351;MONDOVI`
Nord Ovest;Piemonte;CN;F355;MONESIGLIO
Nord Ovest;Piemonte;CN;F358;MONFORTE D`ALBA
Nord Ovest;Piemonte;CN;F385;MONTA
Nord Ovest;Piemonte;CN;F405;MONTALDO DI MONDOVI
Nord Ovest;Piemonte;CN;F408;MONTALDO ROERO
Nord Ovest;Piemonte;CN;F424;MONTANERA
Nord Ovest;Piemonte;CN;F550;MONTELUPO ALBESE
Nord Ovest;Piemonte;CN;F558;MONTEMALE DI CUNEO
Nord Ovest;Piemonte;CN;F608;MONTEROSSO GRANA
Nord Ovest;Piemonte;CN;F654;MONTEU ROERO
Nord Ovest;Piemonte;CN;F666;MONTEZEMOLO
Nord Ovest;Piemonte;CN;F669;MONTICELLO D`ALBA
Nord Ovest;Piemonte;CN;F723;MORETTA
Nord Ovest;Piemonte;CN;F743;MOROZZO
Nord Ovest;Piemonte;CN;F809;MURAZZANO
Nord Ovest;Piemonte;CN;F811;MURELLO
Nord Ovest;Piemonte;CN;F846;NARZOLE
Nord Ovest;Piemonte;CN;F863;NEIVE
Nord Ovest;Piemonte;CN;F883;NEVIGLIE
Nord Ovest;Piemonte;CN;F894;NIELLA BELBO
Nord Ovest;Piemonte;CN;F895;NIELLA TANARO
Nord Ovest;Piemonte;CN;F961;NOVELLO
Nord Ovest;Piemonte;CN;F972;NUCETTO
Nord Ovest;Piemonte;CN;G066;ONCINO
Nord Ovest;Piemonte;CN;G114;ORMEA
Nord Ovest;Piemonte;CN;G183;OSTANA
Nord Ovest;Piemonte;CN;G228;PAESANA
Nord Ovest;Piemonte;CN;G240;PAGNO
Nord Ovest;Piemonte;CN;G302;PAMPARATO
Nord Ovest;Piemonte;CN;G339;PAROLDO
Nord Ovest;Piemonte;CN;G457;PERLETTO
Nord Ovest;Piemonte;CN;G458;PERLO
Nord Ovest;Piemonte;CN;G526;PEVERAGNO
Nord Ovest;Piemonte;CN;G532;PEZZOLO VALLE UZZONE
Nord Ovest;Piemonte;CN;G561;PIANFEI
Nord Ovest;Piemonte;CN;G575;PIASCO
Nord Ovest;Piemonte;CN;G625;PIETRAPORZIO
Nord Ovest;Piemonte;CN;G683;PIOBESI D`ALBA
Nord Ovest;Piemonte;CN;G697;PIOZZO
Nord Ovest;Piemonte;CN;G742;POCAPAGLIA
Nord Ovest;Piemonte;CN;G800;POLONGHERA
Nord Ovest;Piemonte;CN;G837;PONTECHIANALE
Nord Ovest;Piemonte;CN;G970;PRADLEVES
Nord Ovest;Piemonte;CN;H011;PRAZZO
Nord Ovest;Piemonte;CN;H059;PRIERO
Nord Ovest;Piemonte;CN;H068;PRIOCCA
Nord Ovest;Piemonte;CN;H069;PRIOLA
Nord Ovest;Piemonte;CN;H085;PRUNETTO
Nord Ovest;Piemonte;CN;H150;RACCONIGI
Nord Ovest;Piemonte;CN;H247;REVELLO
Nord Ovest;Piemonte;CN;H285;RIFREDDO
Nord Ovest;Piemonte;CN;H326;RITTANA
Nord Ovest;Piemonte;CN;H362;ROASCHIA
Nord Ovest;Piemonte;CN;H363;ROASCIO
Nord Ovest;Piemonte;CN;H377;ROBILANTE
Nord Ovest;Piemonte;CN;H378;ROBURENT
Nord Ovest;Piemonte;CN;H385;ROCCABRUNA
Nord Ovest;Piemonte;CN;H391;ROCCA CIGLIE
Nord Ovest;Piemonte;CN;H395;ROCCA DE BALDI
Nord Ovest;Piemonte;CN;H407;ROCCAFORTE MONDOVI
Nord Ovest;Piemonte;CN;H447;ROCCASPARVERA
Nord Ovest;Piemonte;CN;H453;ROCCAVIONE
Nord Ovest;Piemonte;CN;H462;ROCCHETTA BELBO
Nord Ovest;Piemonte;CN;H472;RODDI
Nord Ovest;Piemonte;CN;H473;RODDINO
Nord Ovest;Piemonte;CN;H474;RODELLO
Nord Ovest;Piemonte;CN;H578;ROSSANA
Nord Ovest;Piemonte;CN;H633;RUFFIA
Nord Ovest;Piemonte;CN;H695;SALE DELLE LANGHE
Nord Ovest;Piemonte;CN;H704;SALE SAN GIOVANNI
Nord Ovest;Piemonte;CN;H710;SALICETO
Nord Ovest;Piemonte;CN;H716;SALMOUR
Nord Ovest;Piemonte;CN;H727;SALUZZO
Nord Ovest;Piemonte;CN;H746;SAMBUCO
Nord Ovest;Piemonte;CN;H755;SAMPEYRE
Nord Ovest;Piemonte;CN;H770;SAN BENEDETTO BELBO
Nord Ovest;Piemonte;CN;H812;SAN DAMIANO MACRA
Nord Ovest;Piemonte;CN;H851;SANFRE
Nord Ovest;Piemonte;CN;H852;SANFRONT
Nord Ovest;Piemonte;CN;I037;SAN MICHELE MONDOVI`
Nord Ovest;Piemonte;CN;I210;SANT`ALBANO STURA
Nord Ovest;Piemonte;CN;I316;SANTA VITTORIA D`ALBA
Nord Ovest;Piemonte;CN;I367;SANTO STEFANO BELBO
Nord Ovest;Piemonte;CN;I372;SANTO STEFANO ROERO
Nord Ovest;Piemonte;CN;I470;SAVIGLIANO
Nord Ovest;Piemonte;CN;I484;SCAGNELLO
Nord Ovest;Piemonte;CN;I512;SCARNAFIGI
Nord Ovest;Piemonte;CN;I646;SERRALUNGA D`ALBA
Nord Ovest;Piemonte;CN;I659;SERRAVALLE LANGHE
Nord Ovest;Piemonte;CN;I750;SINIO
Nord Ovest;Piemonte;CN;I817;SOMANO
Nord Ovest;Piemonte;CN;I822;SOMMARIVA DEL BOSCO
Nord Ovest;Piemonte;CN;I823;SOMMARIVA PERNO
Nord Ovest;Piemonte;CN;I985;STROPPO
Nord Ovest;Piemonte;CN;L048;TARANTASCA
Nord Ovest;Piemonte;CN;L241;TORRE MONDOVI
Nord Ovest;Piemonte;CN;L252;TORRE BORMIDA
Nord Ovest;Piemonte;CN;L278;TORRE SAN GIORGIO
Nord Ovest;Piemonte;CN;L281;TORRESINA
Nord Ovest;Piemonte;CN;L367;TREISO
Nord Ovest;Piemonte;CN;L410;TREZZO TINELLA
Nord Ovest;Piemonte;CN;L427;TRINITA`
Nord Ovest;Piemonte;CN;L558;VALDIERI
Nord Ovest;Piemonte;CN;L580;VALGRANA
Nord Ovest;Piemonte;CN;L631;VALLORIATE
Nord Ovest;Piemonte;CN;L636;VALMALA
Nord Ovest;Piemonte;CN;L729;VENASCA
Nord Ovest;Piemonte;CN;L758;VERDUNO
Nord Ovest;Piemonte;CN;L771;VERNANTE
Nord Ovest;Piemonte;CN;L804;VERZUOLO
Nord Ovest;Piemonte;CN;L817;VEZZA D`ALBA
Nord Ovest;Piemonte;CN;L841;VICOFORTE
Nord Ovest;Piemonte;CN;L888;VIGNOLO
Nord Ovest;Piemonte;CN;L942;VILLAFALLETTO
Nord Ovest;Piemonte;CN;L974;VILLANOVA MONDOVI`
Nord Ovest;Piemonte;CN;L990;VILLANOVA SOLARO
Nord Ovest;Piemonte;CN;M015;VILLAR SAN COSTANZO
Nord Ovest;Piemonte;CN;M055;VINADIO
Nord Ovest;Piemonte;CN;M063;VIOLA
Nord Ovest;Piemonte;CN;M136;VOTTIGNASCO
Nord Ovest;Piemonte;NO;A088;AGRATE CONTURBIA
Nord Ovest;Piemonte;NO;A264;AMENO
Nord Ovest;Piemonte;NO;A414;ARMENO
Nord Ovest;Piemonte;NO;A429;ARONA
Nord Ovest;Piemonte;NO;A653;BARENGO
Nord Ovest;Piemonte;NO;A752;BELLINZAGO NOVARESE
Nord Ovest;Piemonte;NO;A844;BIANDRATE
Nord Ovest;Piemonte;NO;A911;BOCA
Nord Ovest;Piemonte;NO;A929;BOGOGNO
Nord Ovest;Piemonte;NO;A953;BOLZANO NOVARESE
Nord Ovest;Piemonte;NO;B016;BORGOLAVEZZARO
Nord Ovest;Piemonte;NO;B019;BORGOMANERO
Nord Ovest;Piemonte;NO;B043;BORGO TICINO
Nord Ovest;Piemonte;NO;B176;BRIGA NOVARESE
Nord Ovest;Piemonte;NO;B183;BRIONA
Nord Ovest;Piemonte;NO;B431;CALTIGNAGA
Nord Ovest;Piemonte;NO;B473;CAMERI
Nord Ovest;Piemonte;NO;B823;CARPIGNANO SESIA
Nord Ovest;Piemonte;NO;B864;CASALBELTRAME
Nord Ovest;Piemonte;NO;B883;CASALEGGIO NOVARA
Nord Ovest;Piemonte;NO;B897;CASALINO
Nord Ovest;Piemonte;NO;B920;CASALVOLONE
Nord Ovest;Piemonte;NO;C149;CASTELLAZZO NOVARESE
Nord Ovest;Piemonte;NO;C166;CASTELLETTO TICINO
Nord Ovest;Piemonte;NO;C364;CAVAGLIETTO
Nord Ovest;Piemonte;NO;C365;CAVAGLIO D`AGOGNA
Nord Ovest;Piemonte;NO;C378;CAVALLIRIO
Nord Ovest;Piemonte;NO;C483;CERANO
Nord Ovest;Piemonte;NO;C829;COLAZZA
Nord Ovest;Piemonte;NO;C926;COMIGNAGO
Nord Ovest;Piemonte;NO;D162;CRESSA
Nord Ovest;Piemonte;NO;D216;CUREGGIO
Nord Ovest;Piemonte;NO;D309;DIVIGNANO
Nord Ovest;Piemonte;NO;D347;DORMELLETTO
Nord Ovest;Piemonte;NO;D492;FARA NOVARESE
Nord Ovest;Piemonte;NO;D675;FONTANETO D`AGOGNA
Nord Ovest;Piemonte;NO;D872;GALLIATE
Nord Ovest;Piemonte;NO;D911;GARBAGNA NOVARESE
Nord Ovest;Piemonte;NO;D921;GARGALLO
Nord Ovest;Piemonte;NO;D937;GATTICO
Nord Ovest;Piemonte;NO;E001;GHEMME
Nord Ovest;Piemonte;NO;E120;GOZZANO
Nord Ovest;Piemonte;NO;E143;GRANOZZO CON MONTICELLO
Nord Ovest;Piemonte;NO;E177;GRIGNASCO
Nord Ovest;Piemonte;NO;E314;INVORIO
Nord Ovest;Piemonte;NO;E436;LANDIONA
Nord Ovest;Piemonte;NO;E544;LESA
Nord Ovest;Piemonte;NO;E803;MAGGIORA
Nord Ovest;Piemonte;NO;E880;MANDELLO VITTA
Nord Ovest;Piemonte;NO;E907;MARANO TICINO
Nord Ovest;Piemonte;NO;F047;MASSINO VISCONTI
Nord Ovest;Piemonte;NO;F093;MEINA
Nord Ovest;Piemonte;NO;F188;MEZZOMERICO
Nord Ovest;Piemonte;NO;F191;MIASINO
Nord Ovest;Piemonte;NO;F317;MOMO
Nord Ovest;Piemonte;NO;F859;NEBBIUNO
Nord Ovest;Piemonte;NO;F886;NIBBIOLA
Nord Ovest;Piemonte;NO;F952;NOVARA
Nord Ovest;Piemonte;NO;G019;OLEGGIO
Nord Ovest;Piemonte;NO;G020;OLEGGIO CASTELLO
Nord Ovest;Piemonte;NO;G134;ORTA SAN GIULIO
Nord Ovest;Piemonte;NO;G349;PARUZZARO
Nord Ovest;Piemonte;NO;G421;PELLA
Nord Ovest;Piemonte;NO;G520;PETTENASCO
Nord Ovest;Piemonte;NO;G703;PISANO
Nord Ovest;Piemonte;NO;G775;POGNO
Nord Ovest;Piemonte;NO;G809;POMBIA
Nord Ovest;Piemonte;NO;H001;PRATO SESIA
Nord Ovest;Piemonte;NO;H213;RECETTO
Nord Ovest;Piemonte;NO;H502;ROMAGNANO SESIA
Nord Ovest;Piemonte;NO;H518;ROMENTINO
Nord Ovest;Piemonte;NO;I025;SAN MAURIZIO D OPAGLIO
Nord Ovest;Piemonte;NO;I052;SAN NAZZARO SESIA
Nord Ovest;Piemonte;NO;I116;SAN PIETRO MOSEZZO
Nord Ovest;Piemonte;NO;I736;SILLAVENGO
Nord Ovest;Piemonte;NO;I767;SIZZANO
Nord Ovest;Piemonte;NO;I857;SORISO
Nord Ovest;Piemonte;NO;I880;SOZZAGO
Nord Ovest;Piemonte;NO;L007;SUNO
Nord Ovest;Piemonte;NO;L104;TERDOBBIATE
Nord Ovest;Piemonte;NO;L223;TORNACO
Nord Ovest;Piemonte;NO;L356;TRECATE
Nord Ovest;Piemonte;NO;L668;VAPRIO D`AGOGNA
Nord Ovest;Piemonte;NO;L670;VARALLO POMBIA
Nord Ovest;Piemonte;NO;L798;VERUNO
Nord Ovest;Piemonte;NO;L808;VESPOLATE
Nord Ovest;Piemonte;NO;L847;VICOLUNGO
Nord Ovest;Piemonte;NO;M062;VINZAGLIO
Nord Ovest;Piemonte;TO;A074;AGLIE`
Nord Ovest;Piemonte;TO;A109;AIRASCA
Nord Ovest;Piemonte;TO;A117;ALA DI STURA
Nord Ovest;Piemonte;TO;A157;ALBIANO D`IVREA
Nord Ovest;Piemonte;TO;A199;ALICE SUPERIORE
Nord Ovest;Piemonte;TO;A218;ALMESE
Nord Ovest;Piemonte;TO;A221;ALPETTE
Nord Ovest;Piemonte;TO;A222;ALPIGNANO
Nord Ovest;Piemonte;TO;A275;ANDEZENO
Nord Ovest;Piemonte;TO;A282;ANDRATE
Nord Ovest;Piemonte;TO;A295;ANGROGNA
Nord Ovest;Piemonte;TO;A405;ARIGNANO
Nord Ovest;Piemonte;TO;A518;AVIGLIANA
Nord Ovest;Piemonte;TO;A525;AZEGLIO
Nord Ovest;Piemonte;TO;A584;BAIRO
Nord Ovest;Piemonte;TO;A587;BALANGERO
Nord Ovest;Piemonte;TO;A590;BALDISSERO CANAVESE
Nord Ovest;Piemonte;TO;A591;BALDISSERO TORINESE
Nord Ovest;Piemonte;TO;A599;BALME
Nord Ovest;Piemonte;TO;A607;BANCHETTE
Nord Ovest;Piemonte;TO;A625;BARBANIA
Nord Ovest;Piemonte;TO;A651;BARDONECCHIA
Nord Ovest;Piemonte;TO;A673;BARONE CANAVESE
Nord Ovest;Piemonte;TO;A734;BEINASCO
Nord Ovest;Piemonte;TO;A853;BIBIANA
Nord Ovest;Piemonte;TO;A910;BOBBIO PELLICE
Nord Ovest;Piemonte;TO;A941;BOLLENGO
Nord Ovest;Piemonte;TO;A990;BORGARO TORINESE
Nord Ovest;Piemonte;TO;B003;BORGIALLO
Nord Ovest;Piemonte;TO;B015;BORGOFRANCO D`IVREA
Nord Ovest;Piemonte;TO;B021;BORGOMASINO
Nord Ovest;Piemonte;TO;B024;BORGONE SUSA
Nord Ovest;Piemonte;TO;B075;BOSCONERO
Nord Ovest;Piemonte;TO;B121;BRANDIZZO
Nord Ovest;Piemonte;TO;B171;BRICHERASIO
Nord Ovest;Piemonte;TO;B205;BROSSO
Nord Ovest;Piemonte;TO;B209;BROZOLO
Nord Ovest;Piemonte;TO;B216;BRUINO
Nord Ovest;Piemonte;TO;B225;BRUSASCO
Nord Ovest;Piemonte;TO;B232;BRUZOLO
Nord Ovest;Piemonte;TO;B278;BURIASCO
Nord Ovest;Piemonte;TO;B279;BUROLO
Nord Ovest;Piemonte;TO;B284;BUSANO
Nord Ovest;Piemonte;TO;B297;BUSSOLENO
Nord Ovest;Piemonte;TO;B305;BUTTIGLIERA ALTA
Nord Ovest;Piemonte;TO;B350;CAFASSE
Nord Ovest;Piemonte;TO;B435;CALUSO
Nord Ovest;Piemonte;TO;B462;CAMBIANO
Nord Ovest;Piemonte;TO;B510;VALPRATO SOANA
Nord Ovest;Piemonte;TO;B512;CAMPIGLIONE FENILE
Nord Ovest;Piemonte;TO;B588;CANDIA CANAVESE
Nord Ovest;Piemonte;TO;B592;CANDIOLO
Nord Ovest;Piemonte;TO;B605;CANISCHIO
Nord Ovest;Piemonte;TO;B628;CANTALUPA
Nord Ovest;Piemonte;TO;B637;CANTOIRA
Nord Ovest;Piemonte;TO;B705;CAPRIE
Nord Ovest;Piemonte;TO;B733;CARAVINO
Nord Ovest;Piemonte;TO;B762;CAREMA
Nord Ovest;Piemonte;TO;B777;CARIGNANO
Nord Ovest;Piemonte;TO;B791;CARMAGNOLA
Nord Ovest;Piemonte;TO;B867;CASALBORGONE
Nord Ovest;Piemonte;TO;B953;CASCINETTE D`IVREA
Nord Ovest;Piemonte;TO;B955;CASELETTE
Nord Ovest;Piemonte;TO;B960;CASELLE TORINESE
Nord Ovest;Piemonte;TO;C045;CASTAGNETO PO
Nord Ovest;Piemonte;TO;C048;CASTAGNOLE PIEMONTE
Nord Ovest;Piemonte;TO;C133;CASTELLAMONTE
Nord Ovest;Piemonte;TO;C241;CASTELNUOVO NIGRA
Nord Ovest;Piemonte;TO;C307;CASTIGLIONE TORINESE
Nord Ovest;Piemonte;TO;C369;CAVAGNOLO
Nord Ovest;Piemonte;TO;C404;CAVOUR
Nord Ovest;Piemonte;TO;C487;CERCENASCO
Nord Ovest;Piemonte;TO;C497;CERES
Nord Ovest;Piemonte;TO;C505;CERESOLE REALE
Nord Ovest;Piemonte;TO;C564;CESANA TORINESE
Nord Ovest;Piemonte;TO;C604;CHIALAMBERTO
Nord Ovest;Piemonte;TO;C610;CHIANOCCO
Nord Ovest;Piemonte;TO;C624;CHIAVERANO
Nord Ovest;Piemonte;TO;C627;CHIERI
Nord Ovest;Piemonte;TO;C629;CHIESANUOVA
Nord Ovest;Piemonte;TO;C639;CHIOMONTE
Nord Ovest;Piemonte;TO;C655;CHIUSA DI SAN MICHELE
Nord Ovest;Piemonte;TO;C665;CHIVASSO
Nord Ovest;Piemonte;TO;C679;CICONIO
Nord Ovest;Piemonte;TO;C711;CINTANO
Nord Ovest;Piemonte;TO;C715;CINZANO
Nord Ovest;Piemonte;TO;C722;CIRIE`
Nord Ovest;Piemonte;TO;C793;CLAVIERE
Nord Ovest;Piemonte;TO;C801;COASSOLO TORINESE
Nord Ovest;Piemonte;TO;C803;COAZZE
Nord Ovest;Piemonte;TO;C860;COLLEGNO
Nord Ovest;Piemonte;TO;C867;COLLERETTO CASTELNUOVO
Nord Ovest;Piemonte;TO;C868;COLLERETTO GIACOSA
Nord Ovest;Piemonte;TO;C955;CONDOVE
Nord Ovest;Piemonte;TO;D008;CORIO
Nord Ovest;Piemonte;TO;D092;COSSANO CANAVESE
Nord Ovest;Piemonte;TO;D197;CUCEGLIO
Nord Ovest;Piemonte;TO;D202;CUMIANA
Nord Ovest;Piemonte;TO;D208;CUORGNE`
Nord Ovest;Piemonte;TO;D373;DRUENTO
Nord Ovest;Piemonte;TO;D433;EXILLES
Nord Ovest;Piemonte;TO;D520;FAVRIA
Nord Ovest;Piemonte;TO;D524;FELETTO
Nord Ovest;Piemonte;TO;D532;FENESTRELLE
Nord Ovest;Piemonte;TO;D553;MONCENISIO
Nord Ovest;Piemonte;TO;D562;FIANO
Nord Ovest;Piemonte;TO;D608;FIORANO CANAVESE
Nord Ovest;Piemonte;TO;D646;FOGLIZZO
Nord Ovest;Piemonte;TO;D725;FORNO CANAVESE
Nord Ovest;Piemonte;TO;D781;FRASSINETTO
Nord Ovest;Piemonte;TO;D805;FRONT
Nord Ovest;Piemonte;TO;D812;FROSSASCO
Nord Ovest;Piemonte;TO;D931;GARZIGLIANA
Nord Ovest;Piemonte;TO;D933;GASSINO TORINESE
Nord Ovest;Piemonte;TO;D983;GERMAGNANO
Nord Ovest;Piemonte;TO;E009;GIAGLIONE
Nord Ovest;Piemonte;TO;E020;GIAVENO
Nord Ovest;Piemonte;TO;E067;GIVOLETTO
Nord Ovest;Piemonte;TO;E154;GRAVERE
Nord Ovest;Piemonte;TO;E199;GROSCAVALLO
Nord Ovest;Piemonte;TO;E203;GROSSO
Nord Ovest;Piemonte;TO;E216;GRUGLIASCO
Nord Ovest;Piemonte;TO;E301;INGRIA
Nord Ovest;Piemonte;TO;E311;INVERSO PINASCA
Nord Ovest;Piemonte;TO;E345;ISOLABELLA
Nord Ovest;Piemonte;TO;E368;ISSIGLIO
Nord Ovest;Piemonte;TO;E379;IVREA
Nord Ovest;Piemonte;TO;E394;LA CASSA
Nord Ovest;Piemonte;TO;E423;LA LOGGIA
Nord Ovest;Piemonte;TO;E445;LANZO TORINESE
Nord Ovest;Piemonte;TO;E484;LAURIANO
Nord Ovest;Piemonte;TO;E518;LEINI
Nord Ovest;Piemonte;TO;E520;LEMIE
Nord Ovest;Piemonte;TO;E551;LESSOLO
Nord Ovest;Piemonte;TO;E566;LEVONE
Nord Ovest;Piemonte;TO;E635;LOCANA
Nord Ovest;Piemonte;TO;E660;LOMBARDORE
Nord Ovest;Piemonte;TO;E661;LOMBRIASCO
Nord Ovest;Piemonte;TO;E683;LORANZE`
Nord Ovest;Piemonte;TO;E727;LUGNACCO
Nord Ovest;Piemonte;TO;E758;LUSERNA SAN GIOVANNI
Nord Ovest;Piemonte;TO;E759;LUSERNETTA
Nord Ovest;Piemonte;TO;E763;LUSIGLIE`
Nord Ovest;Piemonte;TO;E782;MACELLO
Nord Ovest;Piemonte;TO;E817;MAGLIONE
Nord Ovest;Piemonte;TO;E941;MARENTINO
Nord Ovest;Piemonte;TO;F041;MASSELLO
Nord Ovest;Piemonte;TO;F053;MATHI
Nord Ovest;Piemonte;TO;F058;MATTIE
Nord Ovest;Piemonte;TO;F067;MAZZE`
Nord Ovest;Piemonte;TO;F074;MEANA DI SUSA
Nord Ovest;Piemonte;TO;F140;MERCENASCO
Nord Ovest;Piemonte;TO;F164;MEUGLIANO
Nord Ovest;Piemonte;TO;F182;MEZZENILE
Nord Ovest;Piemonte;TO;F315;MOMBELLO DI TORINO
Nord Ovest;Piemonte;TO;F318;MONPANTERO
Nord Ovest;Piemonte;TO;F327;MONASTERO DI LANZO
Nord Ovest;Piemonte;TO;F335;MONCALIERI
Nord Ovest;Piemonte;TO;F407;MONTALDO TORINESE
Nord Ovest;Piemonte;TO;F411;MONTALENGHE
Nord Ovest;Piemonte;TO;F420;MONTALTO DORA
Nord Ovest;Piemonte;TO;F422;MONTANARO
Nord Ovest;Piemonte;TO;F651;MONTEU DA PO
Nord Ovest;Piemonte;TO;F733;MORIONDO TORINESE
Nord Ovest;Piemonte;TO;F889;NICHELINO
Nord Ovest;Piemonte;TO;F906;NOASCA
Nord Ovest;Piemonte;TO;F925;NOLE
Nord Ovest;Piemonte;TO;F927;NOMAGLIO
Nord Ovest;Piemonte;TO;F931;NONE
Nord Ovest;Piemonte;TO;F948;NOVALESA
Nord Ovest;Piemonte;TO;G010;OGLIANICO
Nord Ovest;Piemonte;TO;G087;ORBASSANO
Nord Ovest;Piemonte;TO;G109;ORIO CANAVESE
Nord Ovest;Piemonte;TO;G151;OSASCO
Nord Ovest;Piemonte;TO;G152;OSASIO
Nord Ovest;Piemonte;TO;G196;OULX
Nord Ovest;Piemonte;TO;G202;OZEGNA
Nord Ovest;Piemonte;TO;G262;PALAZZO CANAVESE
Nord Ovest;Piemonte;TO;G303;PANCALIERI
Nord Ovest;Piemonte;TO;G330;PARELLA
Nord Ovest;Piemonte;TO;G387;PAVAROLO
Nord Ovest;Piemonte;TO;G392;PAVONE CANAVESE
Nord Ovest;Piemonte;TO;G396;PECCO
Nord Ovest;Piemonte;TO;G398;PECETTO TORINESE
Nord Ovest;Piemonte;TO;G462;PEROSA CANAVESE
Nord Ovest;Piemonte;TO;G463;PEROSA ARGENTINA
Nord Ovest;Piemonte;TO;G465;PERRERO
Nord Ovest;Piemonte;TO;G477;PERTUSIO
Nord Ovest;Piemonte;TO;G505;PESSINETTO
Nord Ovest;Piemonte;TO;G559;PIANEZZA
Nord Ovest;Piemonte;TO;G672;PINASCA
Nord Ovest;Piemonte;TO;G674;PINEROLO
Nord Ovest;Piemonte;TO;G678;PINO TORINESE
Nord Ovest;Piemonte;TO;G684;PIOBESI TORINESE
Nord Ovest;Piemonte;TO;G691;PIOSSASCO
Nord Ovest;Piemonte;TO;G705;PISCINA
Nord Ovest;Piemonte;TO;G719;PIVERONE
Nord Ovest;Piemonte;TO;G777;POIRINO
Nord Ovest;Piemonte;TO;G805;POMARETTO
Nord Ovest;Piemonte;TO;G826;PONT CANAVESE
Nord Ovest;Piemonte;TO;G900;PORTE
Nord Ovest;Piemonte;TO;G973;PRAGELATO
Nord Ovest;Piemonte;TO;G978;PRALI
Nord Ovest;Piemonte;TO;G979;PRALORMO
Nord Ovest;Piemonte;TO;G982;PRAMOLLO
Nord Ovest;Piemonte;TO;G986;PRAROSTINO
Nord Ovest;Piemonte;TO;G988;PRASCORSANO
Nord Ovest;Piemonte;TO;G997;PRATIGLIONE
Nord Ovest;Piemonte;TO;H100;QUAGLIUZZO
Nord Ovest;Piemonte;TO;H120;QUASSOLO
Nord Ovest;Piemonte;TO;H127;QUINCINETTO
Nord Ovest;Piemonte;TO;H207;REANO
Nord Ovest;Piemonte;TO;H270;RIBORDONE
Nord Ovest;Piemonte;TO;H333;RIVALBA
Nord Ovest;Piemonte;TO;H335;RIVALTA DI TORINO
Nord Ovest;Piemonte;TO;H337;RIVA PRESSO CHIERI
Nord Ovest;Piemonte;TO;H338;RIVARA
Nord Ovest;Piemonte;TO;H340;RIVAROLO CANAVESE
Nord Ovest;Piemonte;TO;H344;RIVAROSSA
Nord Ovest;Piemonte;TO;H355;RIVOLI
Nord Ovest;Piemonte;TO;H367;ROBASSOMERO
Nord Ovest;Piemonte;TO;H386;ROCCA CANAVESE
Nord Ovest;Piemonte;TO;H498;ROLETTO
Nord Ovest;Piemonte;TO;H511;ROMANO CANAVESE
Nord Ovest;Piemonte;TO;H539;RONCO CANAVESE
Nord Ovest;Piemonte;TO;H547;RONDISSONE
Nord Ovest;Piemonte;TO;H554;RORA`
Nord Ovest;Piemonte;TO;H555;ROURE
Nord Ovest;Piemonte;TO;H583;ROSTA
Nord Ovest;Piemonte;TO;H627;RUBIANA
Nord Ovest;Piemonte;TO;H631;RUEGLIO
Nord Ovest;Piemonte;TO;H684;SALBERTRAND
Nord Ovest;Piemonte;TO;H691;SALASSA
Nord Ovest;Piemonte;TO;H702;SALERANO CANAVESE
Nord Ovest;Piemonte;TO;H734;SALZA DI PINEROLO
Nord Ovest;Piemonte;TO;H753;SAMONE
Nord Ovest;Piemonte;TO;H775;SAN BENIGNO CANAVESE
Nord Ovest;Piemonte;TO;H789;SAN CARLO CANAVESE
Nord Ovest;Piemonte;TO;H804;SAN COLOMBANO BELMONTE
Nord Ovest;Piemonte;TO;H820;SAN DIDERO
Nord Ovest;Piemonte;TO;H847;SAN FRANCESCO AL CAMPO
Nord Ovest;Piemonte;TO;H855;SANGANO
Nord Ovest;Piemonte;TO;H862;SAN GERMANO CHISONE
Nord Ovest;Piemonte;TO;H873;SAN GILLIO
Nord Ovest;Piemonte;TO;H890;SAN GIORGIO CANAVESE
Nord Ovest;Piemonte;TO;H900;SAN GIORIO DI SUSA
Nord Ovest;Piemonte;TO;H936;SAN GIUSTO CANAVESE
Nord Ovest;Piemonte;TO;H997;SAN MARTINO CANAVESE
Nord Ovest;Piemonte;TO;I024;SAN MAURIZIO CANAVESE
Nord Ovest;Piemonte;TO;I030;SAN MAURO TORINESE
Nord Ovest;Piemonte;TO;I090;SAN PIETRO VAL LEMINA
Nord Ovest;Piemonte;TO;I126;SAN PONSO
Nord Ovest;Piemonte;TO;I137;SAN RAFFAELE CIMENA
Nord Ovest;Piemonte;TO;I152;SAN SEBASTIANO DA PO
Nord Ovest;Piemonte;TO;I154;SAN SECONDO DI PINEROLO
Nord Ovest;Piemonte;TO;I258;SANT`AMBROGIO DI TORINO
Nord Ovest;Piemonte;TO;I296;SANT`ANTONINO DI SUSA
Nord Ovest;Piemonte;TO;I327;SANTENA
Nord Ovest;Piemonte;TO;I465;SAUZE DI CESANA
Nord Ovest;Piemonte;TO;I466;SAUZE D`OULX
Nord Ovest;Piemonte;TO;I490;SCALENGHE
Nord Ovest;Piemonte;TO;I511;SCARMAGNO
Nord Ovest;Piemonte;TO;I539;SCIOLZE
Nord Ovest;Piemonte;TO;I692;SESTRIERE
Nord Ovest;Piemonte;TO;I701;SETTIMO ROTTARO
Nord Ovest;Piemonte;TO;I702;SETTIMO VITTONE
Nord Ovest;Piemonte;TO;I703;SETTIMO TORINESE
Nord Ovest;Piemonte;TO;I886;SPARONE
Nord Ovest;Piemonte;TO;I969;STRAMBINELLO
Nord Ovest;Piemonte;TO;I970;STRAMBINO
Nord Ovest;Piemonte;TO;L013;SUSA
Nord Ovest;Piemonte;TO;L066;TAVAGNASCO
Nord Ovest;Piemonte;TO;L219;TORINO
Nord Ovest;Piemonte;TO;L238;TORRAZZA PIEMONTE
Nord Ovest;Piemonte;TO;L247;TORRE CANAVESE
Nord Ovest;Piemonte;TO;L277;TORRE PELLICE
Nord Ovest;Piemonte;TO;L327;TRANA
Nord Ovest;Piemonte;TO;L338;TRAUSELLA
Nord Ovest;Piemonte;TO;L340;TRAVES
Nord Ovest;Piemonte;TO;L345;TRAVERSELLA
Nord Ovest;Piemonte;TO;L445;TROFARELLO
Nord Ovest;Piemonte;TO;L515;USSEAUX
Nord Ovest;Piemonte;TO;L516;USSEGLIO
Nord Ovest;Piemonte;TO;L538;VAIE
Nord Ovest;Piemonte;TO;L548;VICO CANAVESE
Nord Ovest;Piemonte;TO;L555;VAL DELLA TORRE
Nord Ovest;Piemonte;TO;L578;VALGIOIE
Nord Ovest;Piemonte;TO;L629;VALLO TORINESE
Nord Ovest;Piemonte;TO;L644;VALPERGA
Nord Ovest;Piemonte;TO;L685;VARISELLA
Nord Ovest;Piemonte;TO;L698;VAUDA CANAVESE
Nord Ovest;Piemonte;TO;L726;VENAUS
Nord Ovest;Piemonte;TO;L727;VENARIA
Nord Ovest;Piemonte;TO;L779;VEROLENGO
Nord Ovest;Piemonte;TO;L787;VERRUA SAVOIA
Nord Ovest;Piemonte;TO;L811;VESTIGNE`
Nord Ovest;Piemonte;TO;L830;VIALFRE`
Nord Ovest;Piemonte;TO;L857;VIDRACCO
Nord Ovest;Piemonte;TO;L898;VIGONE
Nord Ovest;Piemonte;TO;L948;VILLAFRANCA PIEMONTE
Nord Ovest;Piemonte;TO;L982;VILLANOVA CANAVESE
Nord Ovest;Piemonte;TO;L999;VILLAR DORA
Nord Ovest;Piemonte;TO;M002;VILLARBASSE
Nord Ovest;Piemonte;TO;M004;VILLAREGGIA
Nord Ovest;Piemonte;TO;M007;VILLAR FOCCHIARDO
Nord Ovest;Piemonte;TO;M013;VILLAR PELLICE
Nord Ovest;Piemonte;TO;M014;VILLAR PEROSA
Nord Ovest;Piemonte;TO;M027;VILLASTELLONE
Nord Ovest;Piemonte;TO;M060;VINOVO
Nord Ovest;Piemonte;TO;M069;VIRLE PIEMONTE
Nord Ovest;Piemonte;TO;M071;VISCHE
Nord Ovest;Piemonte;TO;M080;VISTRORIO
Nord Ovest;Piemonte;TO;M094;VIU`
Nord Ovest;Piemonte;TO;M122;VOLPIANO
Nord Ovest;Piemonte;TO;M133;VOLVERA
Nord Ovest;Piemonte;VB;A317;ANTRONA SCHIERANCO
Nord Ovest;Piemonte;VB;A325;ANZOLA D OSSOLA
Nord Ovest;Piemonte;VB;A409;ARIZZANO
Nord Ovest;Piemonte;VB;A427;AROLA
Nord Ovest;Piemonte;VB;A497;AURANO
Nord Ovest;Piemonte;VB;A534;BACENO
Nord Ovest;Piemonte;VB;A610;BANNIO ANZINO
Nord Ovest;Piemonte;VB;A725;BAVENO
Nord Ovest;Piemonte;VB;A733;BEE
Nord Ovest;Piemonte;VB;A742;BELGIRATE
Nord Ovest;Piemonte;VB;A834;BEURA CARDEZZA
Nord Ovest;Piemonte;VB;A925;BOGNANCO
Nord Ovest;Piemonte;VB;B207;BROVELLO CARPUGNINO
Nord Ovest;Piemonte;VB;B380;CALASCA CASTIGLIONE
Nord Ovest;Piemonte;VB;B463;CAMBIASCA
Nord Ovest;Piemonte;VB;B610;CANNERO RIVIERA
Nord Ovest;Piemonte;VB;B615;CANNOBIO
Nord Ovest;Piemonte;VB;B694;CAPREZZO
Nord Ovest;Piemonte;VB;B876;CASALE CORTE CERRO
Nord Ovest;Piemonte;VB;C367;CAVAGLIO SPOCCIA
Nord Ovest;Piemonte;VB;C478;CEPPO MORELLI
Nord Ovest;Piemonte;VB;C567;CESARA
Nord Ovest;Piemonte;VB;D099;COSSOGNO
Nord Ovest;Piemonte;VB;D134;CRAVEGGIA
Nord Ovest;Piemonte;VB;D168;CREVOLADOSSOLA
Nord Ovest;Piemonte;VB;D177;CRODO
Nord Ovest;Piemonte;VB;D225;CURSOLO ORASSO
Nord Ovest;Piemonte;VB;D332;DOMODOSSOLA
Nord Ovest;Piemonte;VB;D374;DRUOGNO
Nord Ovest;Piemonte;VB;D481;FALMENTA
Nord Ovest;Piemonte;VB;D706;FORMAZZA
Nord Ovest;Piemonte;VB;D984;GERMAGNO
Nord Ovest;Piemonte;VB;E003;GHIFFA
Nord Ovest;Piemonte;VB;E028;GIGNESE
Nord Ovest;Piemonte;VB;E153;GRAVELLONA TOCE
Nord Ovest;Piemonte;VB;E269;GURRO
Nord Ovest;Piemonte;VB;E304;INTRAGNA
Nord Ovest;Piemonte;VB;E685;LOREGLIA
Nord Ovest;Piemonte;VB;E790;MACUGNAGA
Nord Ovest;Piemonte;VB;E795;MADONNA DEL SASSO
Nord Ovest;Piemonte;VB;E853;MALESCO
Nord Ovest;Piemonte;VB;F010;MASERA
Nord Ovest;Piemonte;VB;F048;MASSIOLA
Nord Ovest;Piemonte;VB;F146;MERGOZZO
Nord Ovest;Piemonte;VB;F192;MIAZZINA
Nord Ovest;Piemonte;VB;F483;MONTECRESTESE
Nord Ovest;Piemonte;VB;F639;MONTESCHENO
Nord Ovest;Piemonte;VB;F932;NONIO
Nord Ovest;Piemonte;VB;G007;OGGEBBIO
Nord Ovest;Piemonte;VB;G062;OMEGNA
Nord Ovest;Piemonte;VB;G117;ORNAVASSO
Nord Ovest;Piemonte;VB;G280;PALLANZENO
Nord Ovest;Piemonte;VB;G600;PIEDIMULERA
Nord Ovest;Piemonte;VB;G658;PIEVE VERGONTE
Nord Ovest;Piemonte;VB;H030;PREMENO
Nord Ovest;Piemonte;VB;H033;PREMIA
Nord Ovest;Piemonte;VB;H037;PREMOSELLO CHIOVENDA
Nord Ovest;Piemonte;VB;H106;QUARNA SOPRA
Nord Ovest;Piemonte;VB;H107;QUARNA SOTTO
Nord Ovest;Piemonte;VB;H203;RE
Nord Ovest;Piemonte;VB;H777;SAN BERNARDINO VERBANO
Nord Ovest;Piemonte;VB;I249;SANTA MARIA MAGGIORE
Nord Ovest;Piemonte;VB;I976;STRESA
Nord Ovest;Piemonte;VB;L187;TOCENO
Nord Ovest;Piemonte;VB;L333;TRAREGO VIGGIONA
Nord Ovest;Piemonte;VB;L336;TRASQUERA
Nord Ovest;Piemonte;VB;L450;TRONTANO
Nord Ovest;Piemonte;VB;L651;VALSTRONA
Nord Ovest;Piemonte;VB;L666;VANZONE SAN CARLO
Nord Ovest;Piemonte;VB;L691;VARZO
Nord Ovest;Piemonte;VB;L746;VERBANIA
Nord Ovest;Piemonte;VB;L889;VIGNONE
Nord Ovest;Piemonte;VB;L906;VILLADOSSOLA
Nord Ovest;Piemonte;VB;M042;VILLETTE
Nord Ovest;Piemonte;VB;M111;VOGOGNA
Nord Ovest;Piemonte;VB;M370;BORGOMEZZAVALLE
Nord Ovest;Piemonte;VC;A119;ALAGNA VALSESIA
Nord Ovest;Piemonte;VC;A130;ALBANO VERCELLESE
Nord Ovest;Piemonte;VC;A198;ALICE CASTELLO
Nord Ovest;Piemonte;VC;A358;ARBORIO
Nord Ovest;Piemonte;VC;A466;ASIGLIANO VERCELLESE
Nord Ovest;Piemonte;VC;A600;BALMUCCIA
Nord Ovest;Piemonte;VC;A601;BALOCCO
Nord Ovest;Piemonte;VC;A847;BIANZE
Nord Ovest;Piemonte;VC;A914;BOCCIOLETO
Nord Ovest;Piemonte;VC;B009;BORGO D`ALE
Nord Ovest;Piemonte;VC;B041;BORGOSESIA
Nord Ovest;Piemonte;VC;B046;BORGO VERCELLI
Nord Ovest;Piemonte;VC;B136;BREIA
Nord Ovest;Piemonte;VC;B280;BURONZO
Nord Ovest;Piemonte;VC;B505;CAMPERTOGNO
Nord Ovest;Piemonte;VC;B752;CARCOFORO
Nord Ovest;Piemonte;VC;B767;CARESANA
Nord Ovest;Piemonte;VC;B768;CARESANABLOT
Nord Ovest;Piemonte;VC;B782;CARISIO
Nord Ovest;Piemonte;VC;B928;CASANOVA ELVO
Nord Ovest;Piemonte;VC;B952;SAN GIACOMO VERCELLESE
Nord Ovest;Piemonte;VC;C450;CELLIO
Nord Ovest;Piemonte;VC;C548;CERVATTO
Nord Ovest;Piemonte;VC;C680;CIGLIANO
Nord Ovest;Piemonte;VC;C757;CIVIASCO
Nord Ovest;Piemonte;VC;C884;COLLOBIANO
Nord Ovest;Piemonte;VC;D113;COSTANZANA
Nord Ovest;Piemonte;VC;D132;CRAVAGLIANA
Nord Ovest;Piemonte;VC;D154;CRESCENTINO
Nord Ovest;Piemonte;VC;D187;CROVA
Nord Ovest;Piemonte;VC;D281;DESANA
Nord Ovest;Piemonte;VC;D641;FOBELLO
Nord Ovest;Piemonte;VC;D676;FONTANETTO PO
Nord Ovest;Piemonte;VC;D712;FORMIGLIANA
Nord Ovest;Piemonte;VC;D938;GATTINARA
Nord Ovest;Piemonte;VC;E007;GHISLARENGO
Nord Ovest;Piemonte;VC;E163;GREGGIO
Nord Ovest;Piemonte;VC;E237;GUARDABOSONE
Nord Ovest;Piemonte;VC;E433;LAMPORO
Nord Ovest;Piemonte;VC;E528;LENTA
Nord Ovest;Piemonte;VC;E583;LIGNANA
Nord Ovest;Piemonte;VC;E626;LIVORNO FERRARIS
Nord Ovest;Piemonte;VC;E711;LOZZOLO
Nord Ovest;Piemonte;VC;F297;MOLLIA
Nord Ovest;Piemonte;VC;F342;MONCRIVELLO
Nord Ovest;Piemonte;VC;F774;MOTTA DEI CONTI
Nord Ovest;Piemonte;VC;G016;OLCENENGO
Nord Ovest;Piemonte;VC;G018;OLDENICO
Nord Ovest;Piemonte;VC;G266;PALAZZOLO VERCELLESE
Nord Ovest;Piemonte;VC;G471;PERTENGO
Nord Ovest;Piemonte;VC;G528;PEZZANA
Nord Ovest;Piemonte;VC;G666;PILA
Nord Ovest;Piemonte;VC;G685;PIODE
Nord Ovest;Piemonte;VC;G940;POSTUA
Nord Ovest;Piemonte;VC;G985;PRAROLO
Nord Ovest;Piemonte;VC;H108;QUARONA
Nord Ovest;Piemonte;VC;H132;QUINTO VERCELLESE
Nord Ovest;Piemonte;VC;H188;RASSA
Nord Ovest;Piemonte;VC;H291;RIMA SAN GIUSEPPE
Nord Ovest;Piemonte;VC;H292;RIMASCO
Nord Ovest;Piemonte;VC;H293;RIMELLA
Nord Ovest;Piemonte;VC;H329;RIVA VALDOBBIA
Nord Ovest;Piemonte;VC;H346;RIVE
Nord Ovest;Piemonte;VC;H364;ROVASENDA
Nord Ovest;Piemonte;VC;H365;ROASIO
Nord Ovest;Piemonte;VC;H549;RONSECCO
Nord Ovest;Piemonte;VC;H577;ROSSA
Nord Ovest;Piemonte;VC;H648;SABBIA
Nord Ovest;Piemonte;VC;H690;SALASCO
Nord Ovest;Piemonte;VC;H707;SALI VERCELLESE
Nord Ovest;Piemonte;VC;H725;SALUGGIA
Nord Ovest;Piemonte;VC;H861;SAN GERMANO VERCELLESE
Nord Ovest;Piemonte;VC;I337;SANTHIA`
Nord Ovest;Piemonte;VC;I544;SCOPA
Nord Ovest;Piemonte;VC;I545;SCOPELLO
Nord Ovest;Piemonte;VC;I663;SERRAVALLE SESIA
Nord Ovest;Piemonte;VC;I984;STROPPIANA
Nord Ovest;Piemonte;VC;L420;TRICERRO
Nord Ovest;Piemonte;VC;L429;TRINO VERCELLESE
Nord Ovest;Piemonte;VC;L451;TRONZANO VERCELLESE
Nord Ovest;Piemonte;VC;L566;VALDUGGIA
Nord Ovest;Piemonte;VC;L669;VARALLO
Nord Ovest;Piemonte;VC;L750;VERCELLI
Nord Ovest;Piemonte;VC;M003;VILLARBOIT
Nord Ovest;Piemonte;VC;M028;VILLATA
Nord Ovest;Piemonte;VC;M106;VOCCA
Nord Ovest;Valle d'Aosta;AO;A094;AYAS
Nord Ovest;Valle d'Aosta;AO;A108;AYMAVILLES
Nord Ovest;Valle d'Aosta;AO;A205;ALLEIN
Nord Ovest;Valle d'Aosta;AO;A305;ANTEY SAINT ANDRE`
Nord Ovest;Valle d'Aosta;AO;A308;LA MAGDELEINE
Nord Ovest;Valle d'Aosta;AO;A326;AOSTA
Nord Ovest;Valle d'Aosta;AO;A424;ARNAD
Nord Ovest;Valle d'Aosta;AO;A452;ARVIER
Nord Ovest;Valle d'Aosta;AO;A521;AVISE
Nord Ovest;Valle d'Aosta;AO;A643;BARD
Nord Ovest;Valle d'Aosta;AO;A877;BIONAZ
Nord Ovest;Valle d'Aosta;AO;B192;BRISSOGNE
Nord Ovest;Valle d'Aosta;AO;B230;BRUSSON
Nord Ovest;Valle d'Aosta;AO;B491;CHAMOIS
Nord Ovest;Valle d'Aosta;AO;B540;CHAMPORCHER
Nord Ovest;Valle d'Aosta;AO;C282;VERRES
Nord Ovest;Valle d'Aosta;AO;C294;CHATILLON
Nord Ovest;Valle d'Aosta;AO;C593;CHALLAND SAINT ANSELME
Nord Ovest;Valle d'Aosta;AO;C594;CHALLAND SAINT VICTOR
Nord Ovest;Valle d'Aosta;AO;C595;CHAMBAVE
Nord Ovest;Valle d'Aosta;AO;C596;CHAMPDEPRAZ
Nord Ovest;Valle d'Aosta;AO;C598;CHARVENSOD
Nord Ovest;Valle d'Aosta;AO;C821;COGNE
Nord Ovest;Valle d'Aosta;AO;D012;COURMAYEUR
Nord Ovest;Valle d'Aosta;AO;D338;DONNAS
Nord Ovest;Valle d'Aosta;AO;D356;DOUES
Nord Ovest;Valle d'Aosta;AO;D402;EMARESE
Nord Ovest;Valle d'Aosta;AO;D444;ETROUBLES
Nord Ovest;Valle d'Aosta;AO;D537;FENIS
Nord Ovest;Valle d'Aosta;AO;D666;FONTAINEMORE
Nord Ovest;Valle d'Aosta;AO;D839;GABY
Nord Ovest;Valle d'Aosta;AO;E029;GIGNOD
Nord Ovest;Valle d'Aosta;AO;E165;GRESSAN
Nord Ovest;Valle d'Aosta;AO;E167;GRESSONEY LA TRINITE`
Nord Ovest;Valle d'Aosta;AO;E168;GRESSONEY SAINT JEAN
Nord Ovest;Valle d'Aosta;AO;E273;HONE
Nord Ovest;Valle d'Aosta;AO;E306;INTROD
Nord Ovest;Valle d'Aosta;AO;E369;ISSIME
Nord Ovest;Valle d'Aosta;AO;E371;ISSOGNE
Nord Ovest;Valle d'Aosta;AO;E391;JOVENCAN
Nord Ovest;Valle d'Aosta;AO;E458;LA SALLE
Nord Ovest;Valle d'Aosta;AO;E470;LA THUILE
Nord Ovest;Valle d'Aosta;AO;E587;LILLIANES
Nord Ovest;Valle d'Aosta;AO;F367;MONTJOVET
Nord Ovest;Valle d'Aosta;AO;F726;MORGEX
Nord Ovest;Valle d'Aosta;AO;F987;NUS
Nord Ovest;Valle d'Aosta;AO;G012;OYACE
Nord Ovest;Valle d'Aosta;AO;G045;OLLOMONT
Nord Ovest;Valle d'Aosta;AO;G459;PERLOZ
Nord Ovest;Valle d'Aosta;AO;G545;PONTBOSET
Nord Ovest;Valle d'Aosta;AO;G794;POLLEIN
Nord Ovest;Valle d'Aosta;AO;G854;PONT SAINT MARTIN
Nord Ovest;Valle d'Aosta;AO;G860;PONTEY
Nord Ovest;Valle d'Aosta;AO;H042;PRE` SAINT DIDIER
Nord Ovest;Valle d'Aosta;AO;H110;QUART
Nord Ovest;Valle d'Aosta;AO;H262;RHEMES NOTRE DAME
Nord Ovest;Valle d'Aosta;AO;H263;RHEMES SAINT GEORGES
Nord Ovest;Valle d'Aosta;AO;H497;ROISAN
Nord Ovest;Valle d'Aosta;AO;H669;SAINT CHRISTOPHE
Nord Ovest;Valle d'Aosta;AO;H670;SAINT DENIS
Nord Ovest;Valle d'Aosta;AO;H671;SAINT MARCEL
Nord Ovest;Valle d'Aosta;AO;H672;SAINT NICOLAS
Nord Ovest;Valle d'Aosta;AO;H673;SAINT OYEN
Nord Ovest;Valle d'Aosta;AO;H674;SAINT PIERRE
Nord Ovest;Valle d'Aosta;AO;H675;SAINT RHEMY
Nord Ovest;Valle d'Aosta;AO;H676;SAINT VINCENT
Nord Ovest;Valle d'Aosta;AO;I442;SARRE
Nord Ovest;Valle d'Aosta;AO;L217;TORGNON
Nord Ovest;Valle d'Aosta;AO;L582;VALGRISENCHE
Nord Ovest;Valle d'Aosta;AO;L643;VALPELLINE
Nord Ovest;Valle d'Aosta;AO;L647;VALSAVARENCHE
Nord Ovest;Valle d'Aosta;AO;L654;VALTOURNENCHE
Nord Ovest;Valle d'Aosta;AO;L783;VERRAYES
Nord Ovest;Valle d'Aosta;AO;L981;VILLENEUVE
Sud;Abruzzo ;AQ;A018;ACCIANO
Sud;Abruzzo ;AQ;A100;AIELLI
Sud;Abruzzo ;AQ;A187;ALFEDENA
Sud;Abruzzo ;AQ;A318;ANVERSA DEGLI ABRUZZI
Sud;Abruzzo ;AQ;A345;L`AQUILA
Sud;Abruzzo ;AQ;A481;ATELETA
Sud;Abruzzo ;AQ;A515;AVEZZANO
Sud;Abruzzo ;AQ;A603;BALSORANO
Sud;Abruzzo ;AQ;A656;BARETE
Sud;Abruzzo ;AQ;A667;BARISCIANO
Sud;Abruzzo ;AQ;A678;BARREA
Sud;Abruzzo ;AQ;A884;BISEGNA
Sud;Abruzzo ;AQ;B256;BUGNARA
Sud;Abruzzo ;AQ;B358;CAGNANO AMITERNO
Sud;Abruzzo ;AQ;B382;CALASCIO
Sud;Abruzzo ;AQ;B526;CAMPO DI GIOVE
Sud;Abruzzo ;AQ;B569;CAMPOTOSTO
Sud;Abruzzo ;AQ;B606;CANISTRO
Sud;Abruzzo ;AQ;B624;CANSANO
Sud;Abruzzo ;AQ;B651;CAPESTRANO
Sud;Abruzzo ;AQ;B656;CAPISTRELLO
Sud;Abruzzo ;AQ;B658;CAPITIGNANO
Sud;Abruzzo ;AQ;B672;CAPORCIANO
Sud;Abruzzo ;AQ;B677;CAPPADOCIA
Sud;Abruzzo ;AQ;B725;CARAPELLE CALVISIO
Sud;Abruzzo ;AQ;B842;CARSOLI
Sud;Abruzzo ;AQ;C083;CASTEL DEL MONTE
Sud;Abruzzo ;AQ;C090;CASTEL DI IERI
Sud;Abruzzo ;AQ;C096;CASTEL DI SANGRO
Sud;Abruzzo ;AQ;C126;CASTELLAFIUME
Sud;Abruzzo ;AQ;C278;CASTELVECCHIO CALVISIO
Sud;Abruzzo ;AQ;C279;CASTELVECCHIO SUBEQUO
Sud;Abruzzo ;AQ;C426;CELANO
Sud;Abruzzo ;AQ;C492;CERCHIO
Sud;Abruzzo ;AQ;C766;CIVITA D`ANTINO
Sud;Abruzzo ;AQ;C778;CIVITELLA ALFEDENA
Sud;Abruzzo ;AQ;C783;CIVITELLA ROVETO
Sud;Abruzzo ;AQ;C811;COCULLO
Sud;Abruzzo ;AQ;C844;COLLARMELE
Sud;Abruzzo ;AQ;C862;COLLELONGO
Sud;Abruzzo ;AQ;C866;COLLEPIETRO
Sud;Abruzzo ;AQ;C999;CORFINIO
Sud;Abruzzo ;AQ;D465;FAGNANO ALTO
Sud;Abruzzo ;AQ;D681;FONTECCHIO
Sud;Abruzzo ;AQ;D736;FOSSA
Sud;Abruzzo ;AQ;D850;GAGLIANO ATERNO
Sud;Abruzzo ;AQ;E040;GIOIA DEI MARSI
Sud;Abruzzo ;AQ;E096;GORIANO SICOLI
Sud;Abruzzo ;AQ;E307;INTRODACQUA
Sud;Abruzzo ;AQ;E505;LECCE NEI MARSI
Sud;Abruzzo ;AQ;E723;LUCO DEI MARSI
Sud;Abruzzo ;AQ;E724;LUCOLI
Sud;Abruzzo ;AQ;E811;MAGLIANO DE` MARSI
Sud;Abruzzo ;AQ;F022;MASSA D`ALBE
Sud;Abruzzo ;AQ;F595;MONTEREALE
Sud;Abruzzo ;AQ;F732;MORINO
Sud;Abruzzo ;AQ;F852;NAVELLI
Sud;Abruzzo ;AQ;F996;OCRE
Sud;Abruzzo ;AQ;G002;OFENA
Sud;Abruzzo ;AQ;G079;OPI
Sud;Abruzzo ;AQ;G102;ORICOLA
Sud;Abruzzo ;AQ;G142;ORTONA DEI MARSI
Sud;Abruzzo ;AQ;G145;ORTUCCHIO
Sud;Abruzzo ;AQ;G200;OVINDOLI
Sud;Abruzzo ;AQ;G210;PACENTRO
Sud;Abruzzo ;AQ;G449;PERETO
Sud;Abruzzo ;AQ;G484;PESCASSEROLI
Sud;Abruzzo ;AQ;G492;PESCINA
Sud;Abruzzo ;AQ;G493;PESCOCOSTANZO
Sud;Abruzzo ;AQ;G524;PETTORANO SUL GIZIO
Sud;Abruzzo ;AQ;G726;PIZZOLI
Sud;Abruzzo ;AQ;G766;POGGIO PICENZE
Sud;Abruzzo ;AQ;G992;PRATA D`ANSIDONIA
Sud;Abruzzo ;AQ;H007;PRATOLA PELIGNA
Sud;Abruzzo ;AQ;H056;PREZZA
Sud;Abruzzo ;AQ;H166;RAIANO
Sud;Abruzzo ;AQ;H353;RIVISONDOLI
Sud;Abruzzo ;AQ;H389;ROCCACASALE
Sud;Abruzzo ;AQ;H399;ROCCA DI BOTTE
Sud;Abruzzo ;AQ;H400;ROCCA DI CAMBIO
Sud;Abruzzo ;AQ;H402;ROCCA DI MEZZO
Sud;Abruzzo ;AQ;H429;ROCCA PIA
Sud;Abruzzo ;AQ;H434;ROCCARASO
Sud;Abruzzo ;AQ;H772;SAN BENEDETTO DEI MARSI
Sud;Abruzzo ;AQ;H773;SAN BENEDETTO IN PERILLIS
Sud;Abruzzo ;AQ;H819;S DEMETRIO NE` VESTINI
Sud;Abruzzo ;AQ;I121;SAN PIO DELLE CAMERE
Sud;Abruzzo ;AQ;I326;SANTE MARIE
Sud;Abruzzo ;AQ;I336;SANT`EUSANIO FORCONESE
Sud;Abruzzo ;AQ;I360;S STEFANO DI SESSANIO
Sud;Abruzzo ;AQ;I389;S VINCENZO VALLE ROVETO
Sud;Abruzzo ;AQ;I501;SCANNO
Sud;Abruzzo ;AQ;I543;SCONTRONE
Sud;Abruzzo ;AQ;I546;SCOPPITO
Sud;Abruzzo ;AQ;I553;SCURCOLA MARSICANA
Sud;Abruzzo ;AQ;I558;SECINARO
Sud;Abruzzo ;AQ;I804;SULMONA
Sud;Abruzzo ;AQ;L025;TAGLIACOZZO
Sud;Abruzzo ;AQ;L173;TIONE DEGLI ABRUZZI
Sud;Abruzzo ;AQ;L227;TORNIMPARTE
Sud;Abruzzo ;AQ;L334;TRASACCO
Sud;Abruzzo ;AQ;L958;VILLALAGO
Sud;Abruzzo ;AQ;M021;VILLA S LUCIA D ABRUZZI
Sud;Abruzzo ;AQ;M023;VILLA SANT`ANGELO
Sud;Abruzzo ;AQ;M031;VILLAVALLELONGA
Sud;Abruzzo ;AQ;M041;VILLETTA BARREA
Sud;Abruzzo ;AQ;M090;VITTORITO
Sud;Abruzzo ;AQ;M255;MOLINA ATERNO
Sud;Abruzzo ;CH;A235;ALTINO
Sud;Abruzzo ;CH;A367;ARCHI
Sud;Abruzzo ;CH;A398;ARI
Sud;Abruzzo ;CH;A402;ARIELLI
Sud;Abruzzo ;CH;A485;ATESSA
Sud;Abruzzo ;CH;A956;BOMBA
Sud;Abruzzo ;CH;B057;BORRELLO
Sud;Abruzzo ;CH;B238;BUCCHIANICO
Sud;Abruzzo ;CH;B268;MONTEBELLO SUL SANGRO
Sud;Abruzzo ;CH;B620;CANOSA SANNITA
Sud;Abruzzo ;CH;B826;CARPINETO SINELLO
Sud;Abruzzo ;CH;B853;CARUNCHIO
Sud;Abruzzo ;CH;B859;CASACANDITELLA
Sud;Abruzzo ;CH;B861;CASALANGUIDA
Sud;Abruzzo ;CH;B865;CASALBORDINO
Sud;Abruzzo ;CH;B896;CASALINCONTRADA
Sud;Abruzzo ;CH;B985;CASOLI
Sud;Abruzzo ;CH;C114;CASTEL FRENTANO
Sud;Abruzzo ;CH;C123;CASTELGUIDONE
Sud;Abruzzo ;CH;C298;CASTIGLIONE MESS MARINO
Sud;Abruzzo ;CH;C428;CELENZA SUL TRIGNO
Sud;Abruzzo ;CH;C632;CHIETI
Sud;Abruzzo ;CH;C768;CIVITALUPARELLA
Sud;Abruzzo ;CH;C776;CIVITELLA MESS RAIMONDO
Sud;Abruzzo ;CH;C855;COLLEDIMACINE
Sud;Abruzzo ;CH;C856;COLLEDIMEZZO
Sud;Abruzzo ;CH;D137;CRECCHIO
Sud;Abruzzo ;CH;D209;CUPELLO
Sud;Abruzzo ;CH;D315;DOGLIOLA
Sud;Abruzzo ;CH;D480;FALLO
Sud;Abruzzo ;CH;D494;FARA FILIORUM PETRI
Sud;Abruzzo ;CH;D495;FARA SAN MARTINO
Sud;Abruzzo ;CH;D592;FILETTO
Sud;Abruzzo ;CH;D690;SAN GIOVANNI TEATINO
Sud;Abruzzo ;CH;D738;FOSSACESIA
Sud;Abruzzo ;CH;D757;FRAINE
Sud;Abruzzo ;CH;D763;FRANCAVILLA AL MARE
Sud;Abruzzo ;CH;D796;FRESAGRANDINARIA
Sud;Abruzzo ;CH;D803;FRISA
Sud;Abruzzo ;CH;D823;FURCI
Sud;Abruzzo ;CH;D898;GAMBERALE
Sud;Abruzzo ;CH;D996;GESSOPALENA
Sud;Abruzzo ;CH;E052;GISSI
Sud;Abruzzo ;CH;E056;GIULIANO TEATINO
Sud;Abruzzo ;CH;E243;GUARDIAGRELE
Sud;Abruzzo ;CH;E266;GUILMI
Sud;Abruzzo ;CH;E372;VASTO
Sud;Abruzzo ;CH;E424;LAMA DEI PELIGNI
Sud;Abruzzo ;CH;E435;LANCIANO
Sud;Abruzzo ;CH;E531;LENTELLA
Sud;Abruzzo ;CH;E559;LETTOPALENA
Sud;Abruzzo ;CH;E611;LISCIA
Sud;Abruzzo ;CH;F196;MIGLIANICO
Sud;Abruzzo ;CH;F433;MONTAZZOLI
Sud;Abruzzo ;CH;F498;MONTEFERRANTE
Sud;Abruzzo ;CH;F535;MONTELAPIANO
Sud;Abruzzo ;CH;F578;MONTENERODOMO
Sud;Abruzzo ;CH;F582;MONTEODORISIO
Sud;Abruzzo ;CH;F785;MOZZAGROGNA
Sud;Abruzzo ;CH;G128;ORSOGNA
Sud;Abruzzo ;CH;G141;ORTONA
Sud;Abruzzo ;CH;G237;PAGLIETA
Sud;Abruzzo ;CH;G271;PALENA
Sud;Abruzzo ;CH;G290;PALMOLI
Sud;Abruzzo ;CH;G294;PALOMBARO
Sud;Abruzzo ;CH;G434;PENNADOMO
Sud;Abruzzo ;CH;G435;PENNAPIEDIMONTE
Sud;Abruzzo ;CH;G441;PERANO
Sud;Abruzzo ;CH;G613;PIETRAFERRAZZANA
Sud;Abruzzo ;CH;G724;PIZZOFERRATO
Sud;Abruzzo ;CH;G760;POGGIOFIORITO
Sud;Abruzzo ;CH;G799;POLLUTRI
Sud;Abruzzo ;CH;H052;PRETORO
Sud;Abruzzo ;CH;H098;QUADRI
Sud;Abruzzo ;CH;H184;RAPINO
Sud;Abruzzo ;CH;H320;RIPA TEATINA
Sud;Abruzzo ;CH;H424;ROCCAMONTEPIANO
Sud;Abruzzo ;CH;H439;ROCCA SAN GIOVANNI
Sud;Abruzzo ;CH;H442;ROCCASCALEGNA
Sud;Abruzzo ;CH;H448;ROCCASPINALVETI
Sud;Abruzzo ;CH;H495;ROIO DEL SANGRO
Sud;Abruzzo ;CH;H566;ROSELLO
Sud;Abruzzo ;CH;H784;SAN BUONO
Sud;Abruzzo ;CH;H923;SAN GIOVANNI LIPIONI
Sud;Abruzzo ;CH;H991;SAN MARTINO S MARRUCINA
Sud;Abruzzo ;CH;I148;SAN SALVO
Sud;Abruzzo ;CH;I244;SANTA MARIA IMBARO
Sud;Abruzzo ;CH;I335;SANT`EUSANIO DEL SANGRO
Sud;Abruzzo ;CH;I394;SAN VITO CHIETINO
Sud;Abruzzo ;CH;I520;SCERNI
Sud;Abruzzo ;CH;I526;SCHIAVI DI ABRUZZO
Sud;Abruzzo ;CH;L047;TARANTA PELIGNA
Sud;Abruzzo ;CH;L194;TOLLO
Sud;Abruzzo ;CH;L218;TORINO DI SANGRO
Sud;Abruzzo ;CH;L224;TORNARECCIO
Sud;Abruzzo ;CH;L253;TORREBRUNA
Sud;Abruzzo ;CH;L284;TORREVECCHIA TEATINA
Sud;Abruzzo ;CH;L291;TORRICELLA PELIGNA
Sud;Abruzzo ;CH;L363;TREGLIO
Sud;Abruzzo ;CH;L459;TUFILLO
Sud;Abruzzo ;CH;L526;VACRI
Sud;Abruzzo ;CH;L961;VILLALFONSINA
Sud;Abruzzo ;CH;L964;VILLAMAGNA
Sud;Abruzzo ;CH;M022;VILLA SANTA MARIA
Sud;Abruzzo ;PE;A008;ABBATEGGIO
Sud;Abruzzo ;PE;A120;ALANNO
Sud;Abruzzo ;PE;A945;BOLOGNANO
Sud;Abruzzo ;PE;B193;BRITTOLI
Sud;Abruzzo ;PE;B294;BUSSI SUL TIRINO
Sud;Abruzzo ;PE;B681;CAPPELLE SUL TAVO
Sud;Abruzzo ;PE;B722;CARAMANICO TERME
Sud;Abruzzo ;PE;B827;CARPINETO DELLA NORA
Sud;Abruzzo ;PE;C308;CASTIGLIONE A CASAURIA
Sud;Abruzzo ;PE;C354;CATIGNANO
Sud;Abruzzo ;PE;C474;CEPAGATTI
Sud;Abruzzo ;PE;C750;CITTA` SANT`ANGELO
Sud;Abruzzo ;PE;C771;CIVITAQUANA
Sud;Abruzzo ;PE;C779;CIVITELLA CASANOVA
Sud;Abruzzo ;PE;C853;COLLECORVINO
Sud;Abruzzo ;PE;D078;CORVARA
Sud;Abruzzo ;PE;D201;CUGNOLI
Sud;Abruzzo ;PE;D394;ELICE
Sud;Abruzzo ;PE;D501;FARINDOLA
Sud;Abruzzo ;PE;E558;LETTOMANOPPELLO
Sud;Abruzzo ;PE;E691;LORETO APRUTINO
Sud;Abruzzo ;PE;E892;MANOPPELLO
Sud;Abruzzo ;PE;F441;MONTEBELLO DI BERTONA
Sud;Abruzzo ;PE;F646;MONTESILVANO
Sud;Abruzzo ;PE;F765;MOSCUFO
Sud;Abruzzo ;PE;F908;NOCCIANO
Sud;Abruzzo ;PE;G438;PENNE
Sud;Abruzzo ;PE;G482;PESCARA
Sud;Abruzzo ;PE;G499;PESCOSANSONESCO
Sud;Abruzzo ;PE;G555;PIANELLA
Sud;Abruzzo ;PE;G589;PICCIANO
Sud;Abruzzo ;PE;G621;PIETRANICO
Sud;Abruzzo ;PE;G878;POPOLI
Sud;Abruzzo ;PE;H425;ROCCAMORICE
Sud;Abruzzo ;PE;H562;ROSCIANO
Sud;Abruzzo ;PE;H715;SALLE
Sud;Abruzzo ;PE;I332;SANT`EUFEMIA A MAIELLA
Sud;Abruzzo ;PE;I376;S VALENTINO ABRUZZO CIT
Sud;Abruzzo ;PE;I482;SCAFA
Sud;Abruzzo ;PE;I649;SERRAMONACESCA
Sud;Abruzzo ;PE;I922;SPOLTORE
Sud;Abruzzo ;PE;L186;TOCCO DA CASAURIA
Sud;Abruzzo ;PE;L263;TORRE DE` PASSERI
Sud;Abruzzo ;PE;L475;TURRIVALIGNANI
Sud;Abruzzo ;PE;L846;VICOLI
Sud;Abruzzo ;PE;L922;VILLA CELIERA
Sud;Abruzzo ;TE;A125;ALBA ADRIATICA
Sud;Abruzzo ;TE;A270;ANCARANO
Sud;Abruzzo ;TE;A445;ARSITA
Sud;Abruzzo ;TE;A488;ATRI
Sud;Abruzzo ;TE;A692;BASCIANO
Sud;Abruzzo ;TE;A746;BELLANTE
Sud;Abruzzo ;TE;A885;BISENTI
Sud;Abruzzo ;TE;B515;CAMPLI
Sud;Abruzzo ;TE;B640;CANZANO
Sud;Abruzzo ;TE;C040;CASTEL CASTAGNA
Sud;Abruzzo ;TE;C128;CASTELLALTO
Sud;Abruzzo ;TE;C169;CASTELLI
Sud;Abruzzo ;TE;C311;COLLEDARA
Sud;Abruzzo ;TE;C316;CASTIGLIONE M RAIMONDO
Sud;Abruzzo ;TE;C322;CASTILENTI
Sud;Abruzzo ;TE;C449;CELLINO ATTANASIO
Sud;Abruzzo ;TE;C517;CERMIGNANO
Sud;Abruzzo ;TE;C781;CIVITELLA DEL TRONTO
Sud;Abruzzo ;TE;C901;COLONNELLA
Sud;Abruzzo ;TE;C972;CONTROGUERRA
Sud;Abruzzo ;TE;D043;CORROPOLI
Sud;Abruzzo ;TE;D076;CORTINO
Sud;Abruzzo ;TE;D179;CROGNALETO
Sud;Abruzzo ;TE;D489;FANO ADRIANO
Sud;Abruzzo ;TE;E058;GIULIANOVA
Sud;Abruzzo ;TE;E343;ISOLA GRAN SASSO ITALIA
Sud;Abruzzo ;TE;E989;MARTINSICURO
Sud;Abruzzo ;TE;F500;MONTEFINO
Sud;Abruzzo ;TE;F585;ROSETO DEGLI ABRUZZI
Sud;Abruzzo ;TE;F690;MONTORIO AL VOMANO
Sud;Abruzzo ;TE;F747;MORRO D`ORO
Sud;Abruzzo ;TE;F764;MOSCIANO SANT`ANGELO
Sud;Abruzzo ;TE;F831;PINETO
Sud;Abruzzo ;TE;F870;NERETO
Sud;Abruzzo ;TE;F942;NOTARESCO
Sud;Abruzzo ;TE;G437;PENNA SANT`ANDREA
Sud;Abruzzo ;TE;G608;PIETRACAMELA
Sud;Abruzzo ;TE;H440;ROCCA SANTA MARIA
Sud;Abruzzo ;TE;I318;S EGIDIO ALLA VIBRATA
Sud;Abruzzo ;TE;I348;SANT`OMERO
Sud;Abruzzo ;TE;I741;SILVI
Sud;Abruzzo ;TE;L103;TERAMO
Sud;Abruzzo ;TE;L207;TORANO NUOVO
Sud;Abruzzo ;TE;L295;TORRICELLA SICURA
Sud;Abruzzo ;TE;L307;TORTORETO
Sud;Abruzzo ;TE;L314;TOSSICIA
Sud;Abruzzo ;TE;L597;VALLE CASTELLANA
Sud;Basilicata;MT;A017;ACCETTURA
Sud;Basilicata;MT;A196;ALIANO
Sud;Basilicata;MT;A801;BERNALDA
Sud;Basilicata;MT;A942;NOVA SIRI
Sud;Basilicata;MT;B391;CALCIANO
Sud;Basilicata;MT;C723;CIRIGLIANO
Sud;Basilicata;MT;C888;COLOBRARO
Sud;Basilicata;MT;D128;CRACO
Sud;Basilicata;MT;D513;VALSINNI
Sud;Basilicata;MT;D547;FERRANDINA
Sud;Basilicata;MT;D909;GARAGUSO
Sud;Basilicata;MT;E093;GORGOGLIONE
Sud;Basilicata;MT;E147;GRASSANO
Sud;Basilicata;MT;E213;GROTTOLE
Sud;Basilicata;MT;E326;IRSINA
Sud;Basilicata;MT;F052;MATERA
Sud;Basilicata;MT;F201;MIGLIONICO
Sud;Basilicata;MT;F399;MONTALBANO IONICO
Sud;Basilicata;MT;F637;MONTESCAGLIOSO
Sud;Basilicata;MT;G037;OLIVETO LUCANO
Sud;Basilicata;MT;G712;PISTICCI
Sud;Basilicata;MT;G786;POLICORO
Sud;Basilicata;MT;G806;POMARICO
Sud;Basilicata;MT;H591;ROTONDELLA
Sud;Basilicata;MT;H687;SALANDRA
Sud;Basilicata;MT;H888;SAN GIORGIO LUCANO
Sud;Basilicata;MT;I029;SAN MAURO FORTE
Sud;Basilicata;MT;I954;STIGLIANO
Sud;Basilicata;MT;L418;TRICARICO
Sud;Basilicata;MT;L477;TURSI
Sud;Basilicata;MT;M256;SCANZANO IONICO
Sud;Basilicata;PZ;A013;ABRIOLA
Sud;Basilicata;PZ;A020;ACERENZA
Sud;Basilicata;PZ;A131;ALBANO DI LUCANIA
Sud;Basilicata;PZ;A321;ANZI
Sud;Basilicata;PZ;A415;ARMENTO
Sud;Basilicata;PZ;A482;ATELLA
Sud;Basilicata;PZ;A519;AVIGLIANO
Sud;Basilicata;PZ;A604;BALVANO
Sud;Basilicata;PZ;A612;BANZI
Sud;Basilicata;PZ;A615;BARAGIANO
Sud;Basilicata;PZ;A666;BARILE
Sud;Basilicata;PZ;A743;BELLA
Sud;Basilicata;PZ;B173;BRIENZA
Sud;Basilicata;PZ;B181;BRINDISI MONTAGNA
Sud;Basilicata;PZ;B440;CALVELLO
Sud;Basilicata;PZ;B443;CALVERA
Sud;Basilicata;PZ;B549;CAMPOMAGGIORE
Sud;Basilicata;PZ;B580;CANCELLARA
Sud;Basilicata;PZ;B743;CARBONE
Sud;Basilicata;PZ;B906;SAN PAOLO ALBANESE
Sud;Basilicata;PZ;C120;CASTELGRANDE
Sud;Basilicata;PZ;C199;CASTELLUCCIO INFERIORE
Sud;Basilicata;PZ;C201;CASTELLUCCIO SUPERIORE
Sud;Basilicata;PZ;C209;CASTELMEZZANO
Sud;Basilicata;PZ;C271;CASTELSARACENO
Sud;Basilicata;PZ;C345;CASTRONUOVO SANT`ANDREA
Sud;Basilicata;PZ;C539;CERSOSIMO
Sud;Basilicata;PZ;C619;CHIAROMONTE
Sud;Basilicata;PZ;D010;CORLETO PERTICARA
Sud;Basilicata;PZ;D414;EPISCOPIA
Sud;Basilicata;PZ;D497;FARDELLA
Sud;Basilicata;PZ;D593;FILIANO
Sud;Basilicata;PZ;D696;FORENZA
Sud;Basilicata;PZ;D766;FRANCAVILLA IN SINNI
Sud;Basilicata;PZ;D876;GALLICCHIO
Sud;Basilicata;PZ;D971;GENZANO DI LUCANIA
Sud;Basilicata;PZ;E033;GINESTRA
Sud;Basilicata;PZ;E221;GRUMENTO NOVA
Sud;Basilicata;PZ;E246;GUARDIA PERTICARA
Sud;Basilicata;PZ;E409;LAGONEGRO
Sud;Basilicata;PZ;E474;LATRONICO
Sud;Basilicata;PZ;E482;LAURENZANA
Sud;Basilicata;PZ;E483;LAURIA
Sud;Basilicata;PZ;E493;LAVELLO
Sud;Basilicata;PZ;E919;MARATEA
Sud;Basilicata;PZ;E976;MARSICO NUOVO
Sud;Basilicata;PZ;E977;MARSICOVETERE
Sud;Basilicata;PZ;F006;MASCHITO
Sud;Basilicata;PZ;F104;MELFI
Sud;Basilicata;PZ;F249;MISSANELLO
Sud;Basilicata;PZ;F295;MOLITERNO
Sud;Basilicata;PZ;F568;MONTEMILONE
Sud;Basilicata;PZ;F573;MONTEMURRO
Sud;Basilicata;PZ;F817;MURO LUCANO
Sud;Basilicata;PZ;F866;NEMOLI
Sud;Basilicata;PZ;F917;NOEPOLI
Sud;Basilicata;PZ;G081;OPPIDO LUCANO
Sud;Basilicata;PZ;G261;PALAZZO SAN GERVASIO
Sud;Basilicata;PZ;G496;PESCOPAGANO
Sud;Basilicata;PZ;G590;PICERNO
Sud;Basilicata;PZ;G614;SATRIANO DI LUCANIA
Sud;Basilicata;PZ;G616;PIETRAGALLA
Sud;Basilicata;PZ;G623;PIETRAPERTOSA
Sud;Basilicata;PZ;G663;PIGNOLA
Sud;Basilicata;PZ;G942;POTENZA
Sud;Basilicata;PZ;H186;RAPOLLA
Sud;Basilicata;PZ;H187;RAPONE
Sud;Basilicata;PZ;H307;RIONERO IN VULTURE
Sud;Basilicata;PZ;H312;RIPACANDIDA
Sud;Basilicata;PZ;H348;RIVELLO
Sud;Basilicata;PZ;H426;ROCCANOVA
Sud;Basilicata;PZ;H590;ROTONDA
Sud;Basilicata;PZ;H641;RUOTI
Sud;Basilicata;PZ;H646;RUVO DEL MONTE
Sud;Basilicata;PZ;H730;SAVOIA DI LUCANIA
Sud;Basilicata;PZ;H795;SAN CHIRICO NUOVO
Sud;Basilicata;PZ;H796;SAN CHIRICO RAPARO
Sud;Basilicata;PZ;H808;SAN COSTANTINO ALBANESE
Sud;Basilicata;PZ;H831;SAN FELE
Sud;Basilicata;PZ;H994;SAN MARTINO D`AGRI
Sud;Basilicata;PZ;I157;SAN SEVERINO LUCANO
Sud;Basilicata;PZ;I288;SANT`ANGELO LE FRATTE
Sud;Basilicata;PZ;I305;SANT`ARCANGELO
Sud;Basilicata;PZ;I426;SARCONI
Sud;Basilicata;PZ;I457;SASSO DI CASTALDA
Sud;Basilicata;PZ;I610;SENISE
Sud;Basilicata;PZ;I917;SPINOSO
Sud;Basilicata;PZ;L082;TEANA
Sud;Basilicata;PZ;L126;TERRANOVA DI POLLINO
Sud;Basilicata;PZ;L181;TITO
Sud;Basilicata;PZ;L197;TOLVE
Sud;Basilicata;PZ;L326;TRAMUTOLA
Sud;Basilicata;PZ;L357;TRECCHINA
Sud;Basilicata;PZ;L439;TRIVIGNO
Sud;Basilicata;PZ;L532;VAGLIO BASILICATA
Sud;Basilicata;PZ;L738;VENOSA
Sud;Basilicata;PZ;L859;VIETRI DI POTENZA
Sud;Basilicata;PZ;L873;VIGGIANELLO
Sud;Basilicata;PZ;L874;VIGGIANO
Sud;Basilicata;PZ;M269;PATERNO
Sud;Calabria;CS;A033;ACQUAFORMOSA
Sud;Calabria;CS;A041;ACQUAPPESA
Sud;Calabria;CS;A053;ACRI
Sud;Calabria;CS;A102;AIELLO CALABRO
Sud;Calabria;CS;A105;AIETA
Sud;Calabria;CS;A160;ALBIDONA
Sud;Calabria;CS;A183;ALESSANDRIA D CARRETTO
Sud;Calabria;CS;A234;ALTILIA
Sud;Calabria;CS;A240;ALTOMONTE
Sud;Calabria;CS;A253;AMANTEA
Sud;Calabria;CS;A263;AMENDOLARA
Sud;Calabria;CS;A340;APRIGLIANO
Sud;Calabria;CS;A762;BELMONTE CALABRO
Sud;Calabria;CS;A768;BELSITO
Sud;Calabria;CS;A773;BELVEDERE MARITTIMO
Sud;Calabria;CS;A842;BIANCHI
Sud;Calabria;CS;A887;BISIGNANO
Sud;Calabria;CS;A912;BOCCHIGLIERO
Sud;Calabria;CS;A973;BONIFATI
Sud;Calabria;CS;B270;BUONVICINO
Sud;Calabria;CS;B424;CALOPEZZATI
Sud;Calabria;CS;B426;CALOVETO
Sud;Calabria;CS;B500;CAMPANA
Sud;Calabria;CS;B607;CANNA
Sud;Calabria;CS;B774;CARIATI
Sud;Calabria;CS;B802;CAROLEI
Sud;Calabria;CS;B813;CARPANZANO
Sud;Calabria;CS;B903;VILLAPIANA
Sud;Calabria;CS;B983;CASOLE BRUZIO
Sud;Calabria;CS;C002;CASSANO ALLO IONIO
Sud;Calabria;CS;C108;CASTROLIBERO
Sud;Calabria;CS;C301;CASTIGLIONE COSENTINO
Sud;Calabria;CS;C348;CASTROREGIO
Sud;Calabria;CS;C349;CASTROVILLARI
Sud;Calabria;CS;C430;CELICO
Sud;Calabria;CS;C437;CELLARA
Sud;Calabria;CS;C489;CERCHIARA DI CALABRIA
Sud;Calabria;CS;C515;CERISANO
Sud;Calabria;CS;C554;CERVICATI
Sud;Calabria;CS;C560;CERZETO
Sud;Calabria;CS;C588;CETRARO
Sud;Calabria;CS;C763;CIVITA
Sud;Calabria;CS;C795;CLETO
Sud;Calabria;CS;C905;COLOSIMI
Sud;Calabria;CS;D005;CORIGLIANO CALABRO
Sud;Calabria;CS;D086;COSENZA
Sud;Calabria;CS;D180;CROPALATI
Sud;Calabria;CS;D184;CROSIA
Sud;Calabria;CS;D289;DIAMANTE
Sud;Calabria;CS;D290;SCIGLIANO
Sud;Calabria;CS;D304;DIPIGNANO
Sud;Calabria;CS;D328;DOMANICO
Sud;Calabria;CS;D464;FAGNANO CASTELLO
Sud;Calabria;CS;D473;FALCONARA ALBANESE
Sud;Calabria;CS;D582;FIGLINE VEGLIATURO
Sud;Calabria;CS;D614;FIRMO
Sud;Calabria;CS;D624;FIUMEFREDDO BRUZIO
Sud;Calabria;CS;D764;FRANCAVILLA MARITTIMA
Sud;Calabria;CS;D774;FRASCINETO
Sud;Calabria;CS;D828;FUSCALDO
Sud;Calabria;CS;E180;GRIMALDI
Sud;Calabria;CS;E185;GRISOLIA
Sud;Calabria;CS;E242;GUARDIA PIEMONTESE
Sud;Calabria;CS;E407;LAGO
Sud;Calabria;CS;E417;LAINO BORGO
Sud;Calabria;CS;E419;LAINO CASTELLO
Sud;Calabria;CS;E450;LAPPANO
Sud;Calabria;CS;E475;LATTARICO
Sud;Calabria;CS;E677;LONGOBARDI
Sud;Calabria;CS;E678;LONGOBUCCO
Sud;Calabria;CS;E745;LUNGRO
Sud;Calabria;CS;E773;LUZZI
Sud;Calabria;CS;E835;MAIERA`
Sud;Calabria;CS;E859;MALITO
Sud;Calabria;CS;E872;MALVITO
Sud;Calabria;CS;E878;MANDATORICCIO
Sud;Calabria;CS;E888;MANGONE
Sud;Calabria;CS;E914;MARANO MARCHESATO
Sud;Calabria;CS;E915;MARANO PRINCIPATO
Sud;Calabria;CS;F001;MARZI
Sud;Calabria;CS;F125;MENDICINO
Sud;Calabria;CS;F370;MONGRASSANO
Sud;Calabria;CS;F416;MONTALTO UFFUGO
Sud;Calabria;CS;F519;MONTEGIORDANO
Sud;Calabria;CS;F708;MORANO CALABRO
Sud;Calabria;CS;F735;MORMANNO
Sud;Calabria;CS;F775;MOTTAFOLLONE
Sud;Calabria;CS;F907;NOCARA
Sud;Calabria;CS;G110;ORIOLO
Sud;Calabria;CS;G129;ORSOMARSO
Sud;Calabria;CS;G298;PALUDI
Sud;Calabria;CS;G307;PANETTIERI
Sud;Calabria;CS;G317;PAOLA
Sud;Calabria;CS;G320;PAPASIDERO
Sud;Calabria;CS;G331;PARENTI
Sud;Calabria;CS;G372;PATERNO CALABRO
Sud;Calabria;CS;G400;PEDACE
Sud;Calabria;CS;G411;PEDIVIGLIANO
Sud;Calabria;CS;G553;PIANE CRATI
Sud;Calabria;CS;G615;PIETRAFITTA
Sud;Calabria;CS;G622;PIETRAPAOLA
Sud;Calabria;CS;G733;PLATACI
Sud;Calabria;CS;G975;PRAIA A MARE
Sud;Calabria;CS;H235;RENDE
Sud;Calabria;CS;H416;ROCCA IMPERIALE
Sud;Calabria;CS;H488;ROGGIANO GRAVINA
Sud;Calabria;CS;H490;ROGLIANO
Sud;Calabria;CS;H565;ROSE
Sud;Calabria;CS;H572;ROSETO CAPO SPULICO
Sud;Calabria;CS;H579;ROSSANO
Sud;Calabria;CS;H585;ROTA GRECA
Sud;Calabria;CS;H621;ROVITO
Sud;Calabria;CS;H765;SAN BASILE
Sud;Calabria;CS;H774;SAN BENEDETTO ULLANO
Sud;Calabria;CS;H806;SAN COSMO ALBANESE
Sud;Calabria;CS;H818;SAN DEMETRIO CORONE
Sud;Calabria;CS;H825;SAN DONATO DI NINEA
Sud;Calabria;CS;H841;SAN FILI
Sud;Calabria;CS;H877;SANGINETO
Sud;Calabria;CS;H881;SAN GIORGIO ALBANESE
Sud;Calabria;CS;H919;SAN GIOVANNI IN FIORE
Sud;Calabria;CS;H961;SAN LORENZO BELLIZZI
Sud;Calabria;CS;H962;SAN LORENZO DEL VALLO
Sud;Calabria;CS;H971;SAN LUCIDO
Sud;Calabria;CS;H981;SAN MARCO ARGENTANO
Sud;Calabria;CS;H992;SAN MARTINO DI FINITA
Sud;Calabria;CS;I060;SAN NICOLA ARCELLA
Sud;Calabria;CS;I108;SAN PIETRO IN AMANTEA
Sud;Calabria;CS;I114;SAN PIETRO IN GUARANO
Sud;Calabria;CS;I165;SAN SOSTI
Sud;Calabria;CS;I171;SANTA CATERINA ALBANESE
Sud;Calabria;CS;I183;SANTA DOMENICA TALAO
Sud;Calabria;CS;I192;SANT`AGATA DI ESARO
Sud;Calabria;CS;I309;SANTA SOFIA D`EPIRO
Sud;Calabria;CS;I359;S STEFANO DI ROGLIANO
Sud;Calabria;CS;I388;SAN VINCENZO LA COSTA
Sud;Calabria;CS;I423;SARACENA
Sud;Calabria;CS;I485;SCALA COELI
Sud;Calabria;CS;I489;SCALEA
Sud;Calabria;CS;I642;SERRA D`AIELLO
Sud;Calabria;CS;I650;SERRA PEDACE
Sud;Calabria;CS;I895;SPEZZANO ALBANESE
Sud;Calabria;CS;I896;SPEZZANO DELLA SILA
Sud;Calabria;CS;I898;SPEZZANO PICCOLO
Sud;Calabria;CS;L055;TARSIA
Sud;Calabria;CS;L124;TERRANOVA DA SIBARI
Sud;Calabria;CS;L134;TERRAVECCHIA
Sud;Calabria;CS;L206;TORANO CASTELLO
Sud;Calabria;CS;L305;TORTORA
Sud;Calabria;CS;L353;TREBISACCE
Sud;Calabria;CS;L375;TRENTA
Sud;Calabria;CS;L524;VACCARIZZO ALBANESE
Sud;Calabria;CS;L747;VERBICARO
Sud;Calabria;CS;M202;ZUMPANO
Sud;Calabria;CZ;A155;ALBI
Sud;Calabria;CZ;A255;AMARONI
Sud;Calabria;CZ;A257;AMATO
Sud;Calabria;CZ;A272;ANDALI
Sud;Calabria;CZ;A397;ARGUSTO
Sud;Calabria;CZ;A542;BADOLATO
Sud;Calabria;CZ;A736;BELCASTRO
Sud;Calabria;CZ;B002;BORGIA
Sud;Calabria;CZ;B085;BOTRICELLO
Sud;Calabria;CZ;B717;CARAFFA DI CATANZARO
Sud;Calabria;CZ;B758;CARDINALE
Sud;Calabria;CZ;B790;CARLOPOLI
Sud;Calabria;CZ;C352;CATANZARO
Sud;Calabria;CZ;C453;CENADI
Sud;Calabria;CZ;C472;CENTRACHE
Sud;Calabria;CZ;C542;CERVA
Sud;Calabria;CZ;C616;CHIARAVALLE CENTRALE
Sud;Calabria;CZ;C674;CICALA
Sud;Calabria;CZ;C960;CONFLENTI
Sud;Calabria;CZ;D049;CORTALE
Sud;Calabria;CZ;D181;CROPANI
Sud;Calabria;CZ;D218;CURINGA
Sud;Calabria;CZ;D257;DAVOLI
Sud;Calabria;CZ;D261;DECOLLATURA
Sud;Calabria;CZ;D476;FALERNA
Sud;Calabria;CZ;D544;FEROLETO ANTICO
Sud;Calabria;CZ;D546;PIANOPOLI
Sud;Calabria;CZ;D744;FOSSATO SERRALTA
Sud;Calabria;CZ;D852;GAGLIATO
Sud;Calabria;CZ;D932;GASPERINA
Sud;Calabria;CZ;E031;GIMIGLIANO
Sud;Calabria;CZ;E050;GIRIFALCO
Sud;Calabria;CZ;E068;GIZZERIA
Sud;Calabria;CZ;E239;GUARDAVALLE
Sud;Calabria;CZ;E274;JACURSO
Sud;Calabria;CZ;E328;ISCA SULLO IONIO
Sud;Calabria;CZ;E806;MAGISANO
Sud;Calabria;CZ;E834;MAIDA
Sud;Calabria;CZ;E923;MARCEDUSA
Sud;Calabria;CZ;E925;MARCELLINARA
Sud;Calabria;CZ;E991;MARTIRANO LOMBARDO
Sud;Calabria;CZ;F200;MIGLIERINA
Sud;Calabria;CZ;F432;MONTAURO
Sud;Calabria;CZ;F586;MONTEPAONE
Sud;Calabria;CZ;F780;MOTTA SANTA LUCIA
Sud;Calabria;CZ;F910;NOCERA TERINESE
Sud;Calabria;CZ;G034;OLIVADI
Sud;Calabria;CZ;G272;PALERMITI
Sud;Calabria;CZ;G439;PENTONE
Sud;Calabria;CZ;G517;PETRIZZI
Sud;Calabria;CZ;G518;PETRONA`
Sud;Calabria;CZ;G734;PLATANIA
Sud;Calabria;CZ;H846;SAN FLORO
Sud;Calabria;CZ;H976;SAN MANGO D`AQUINO
Sud;Calabria;CZ;I093;SAN PIETRO A MAIDA
Sud;Calabria;CZ;I095;SAN PIETRO APOSTOLO
Sud;Calabria;CZ;I164;SAN SOSTENE
Sud;Calabria;CZ;I170;S CATERINA DELLO IONIO
Sud;Calabria;CZ;I266;S ANDREA APOSTOLO IONIO
Sud;Calabria;CZ;I322;VALLEFIORITA
Sud;Calabria;CZ;I393;SAN VITO SULLO IONIO
Sud;Calabria;CZ;I463;SATRIANO
Sud;Calabria;CZ;I589;SELLIA
Sud;Calabria;CZ;I590;SELLIA MARINA
Sud;Calabria;CZ;I655;SERRASTRETTA
Sud;Calabria;CZ;I671;SERSALE
Sud;Calabria;CZ;I704;SETTINGIANO
Sud;Calabria;CZ;I745;SIMERI CRICHI
Sud;Calabria;CZ;I844;SORBO SAN BASILE
Sud;Calabria;CZ;I872;SOVERATO
Sud;Calabria;CZ;I874;SOVERIA MANNELLI
Sud;Calabria;CZ;I875;SOVERIA SIMERI
Sud;Calabria;CZ;I929;SQUILLACE
Sud;Calabria;CZ;I937;STALETTI
Sud;Calabria;CZ;L070;TAVERNA
Sud;Calabria;CZ;L177;TIRIOLO
Sud;Calabria;CZ;L240;TORRE DI RUGGIERO
Sud;Calabria;CZ;M140;ZAGARISE
Sud;Calabria;CZ;M208;LAMEZIA TERME
Sud;Calabria;KR;A772;BELVEDERE DI SPINELLO
Sud;Calabria;KR;B319;CACCURI
Sud;Calabria;KR;B771;CARFIZZI
Sud;Calabria;KR;B857;CASABONA
Sud;Calabria;KR;B968;CASTELSILANO
Sud;Calabria;KR;C725;CIRO`
Sud;Calabria;KR;C726;CIRO` MARINA
Sud;Calabria;KR;D122;CROTONE
Sud;Calabria;KR;D123;COTRONEI
Sud;Calabria;KR;D189;CRUCOLI
Sud;Calabria;KR;D236;CUTRO
Sud;Calabria;KR;E339;ISOLA DI CAPO RIZZUTO
Sud;Calabria;KR;F108;MELISSA
Sud;Calabria;KR;F157;MESORACA
Sud;Calabria;KR;G278;PALLAGORIO
Sud;Calabria;KR;G508;PETILIA POLICASTRO
Sud;Calabria;KR;H383;ROCCABERNARDA
Sud;Calabria;KR;H403;ROCCA DI NETO
Sud;Calabria;KR;I026;SAN MAURO MARCHESATO
Sud;Calabria;KR;I057;SAN NICOLA DELL`ALTO
Sud;Calabria;KR;I308;SANTA SEVERINA
Sud;Calabria;KR;I468;SAVELLI
Sud;Calabria;KR;I494;SCANDALE
Sud;Calabria;KR;I982;STRONGOLI
Sud;Calabria;KR;L492;UMBRIATICO
Sud;Calabria;KR;L802;VERZINO
Sud;Calabria;RC;A065;AFRICO
Sud;Calabria;RC;A077;AGNANA CALABRA
Sud;Calabria;RC;A303;ANOIA
Sud;Calabria;RC;A314;ANTONIMINA
Sud;Calabria;RC;A385;ARDORE
Sud;Calabria;RC;A544;BAGALADI
Sud;Calabria;RC;A552;BAGNARA CALABRA
Sud;Calabria;RC;A780;BENESTARE
Sud;Calabria;RC;A843;BIANCO
Sud;Calabria;RC;A897;BIVONGI
Sud;Calabria;RC;B097;BOVA
Sud;Calabria;RC;B098;BOVALINO
Sud;Calabria;RC;B099;BOVA MARINA
Sud;Calabria;RC;B118;BRANCALEONE
Sud;Calabria;RC;B234;BRUZZANO ZEFFIRIO
Sud;Calabria;RC;B379;CALANNA
Sud;Calabria;RC;B481;CAMINI
Sud;Calabria;RC;B516;CAMPO CALABRO
Sud;Calabria;RC;B591;CANDIDONI
Sud;Calabria;RC;B617;CANOLO
Sud;Calabria;RC;B718;CARAFFA DEL BIANCO
Sud;Calabria;RC;B756;CARDETO
Sud;Calabria;RC;B766;CARERI
Sud;Calabria;RC;B966;CASIGNANA
Sud;Calabria;RC;C285;CAULONIA
Sud;Calabria;RC;C695;CIMINA`
Sud;Calabria;RC;C710;CINQUEFRONDI
Sud;Calabria;RC;C747;CITTANOVA
Sud;Calabria;RC;C954;CONDOFURI
Sud;Calabria;RC;D089;COSOLETO
Sud;Calabria;RC;D268;DELIANUOVA
Sud;Calabria;RC;D545;FEROLETO DELLA CHIESA
Sud;Calabria;RC;D557;FERRUZZANO
Sud;Calabria;RC;D619;FIUMARA
Sud;Calabria;RC;D746;MONTEBELLO IONICO
Sud;Calabria;RC;D864;GALATRO
Sud;Calabria;RC;D975;GERACE
Sud;Calabria;RC;D976;LOCRI
Sud;Calabria;RC;E025;GIFFONE
Sud;Calabria;RC;E041;GIOIA TAURO
Sud;Calabria;RC;E044;GIOIOSA IONICA
Sud;Calabria;RC;E212;GROTTERIA
Sud;Calabria;RC;E402;LAGANADI
Sud;Calabria;RC;E479;LAUREANA DI BORRELLO
Sud;Calabria;RC;E873;MAMMOLA
Sud;Calabria;RC;E956;MARINA D GIOIOSA IONICA
Sud;Calabria;RC;E968;MAROPATI
Sud;Calabria;RC;E993;MARTONE
Sud;Calabria;RC;F105;MELICUCCA`
Sud;Calabria;RC;F106;MELICUCCO
Sud;Calabria;RC;F112;MELITO DI PORTO SALVO
Sud;Calabria;RC;F301;MOLOCHIO
Sud;Calabria;RC;F324;MONASTERACE
Sud;Calabria;RC;F779;MOTTA SAN GIOVANNI
Sud;Calabria;RC;G082;OPPIDO MAMERTINA
Sud;Calabria;RC;G277;PALIZZI
Sud;Calabria;RC;G288;PALMI
Sud;Calabria;RC;G394;PAZZANO
Sud;Calabria;RC;G729;PLACANICA
Sud;Calabria;RC;G735;PLATI`
Sud;Calabria;RC;G791;POLISTENA
Sud;Calabria;RC;G905;PORTIGLIOLA
Sud;Calabria;RC;H013;SAMO
Sud;Calabria;RC;H224;REGGIO DI CALABRIA
Sud;Calabria;RC;H265;RIACE
Sud;Calabria;RC;H359;RIZZICONI
Sud;Calabria;RC;H408;ROCCAFORTE DEL GRECO
Sud;Calabria;RC;H456;ROCCELLA IONICA
Sud;Calabria;RC;H489;ROGHUDI
Sud;Calabria;RC;H558;ROSARNO
Sud;Calabria;RC;H889;SAN GIORGIO MORGETO
Sud;Calabria;RC;H903;SAN GIOVANNI DI GERACE
Sud;Calabria;RC;H959;SAN LORENZO
Sud;Calabria;RC;H970;SAN LUCA
Sud;Calabria;RC;I102;SAN PIETRO DI CARIDA`
Sud;Calabria;RC;I132;SAN PROCOPIO
Sud;Calabria;RC;I139;SAN ROBERTO
Sud;Calabria;RC;I176;S CRISTINA D`ASPROMONTE
Sud;Calabria;RC;I198;SANT`AGATA DEL BIANCO
Sud;Calabria;RC;I214;S ALESSIO IN ASPROMONTE
Sud;Calabria;RC;I333;S EUFEMIA D`ASPROMONTE
Sud;Calabria;RC;I341;SANT`ILARIO DELLO IONIO
Sud;Calabria;RC;I371;S STEFANO IN ASPROMONTE
Sud;Calabria;RC;I536;SCIDO
Sud;Calabria;RC;I537;SCILLA
Sud;Calabria;RC;I600;SEMINARA
Sud;Calabria;RC;I656;SERRATA
Sud;Calabria;RC;I725;SIDERNO
Sud;Calabria;RC;I753;SINOPOLI
Sud;Calabria;RC;I936;STAITI
Sud;Calabria;RC;I955;STIGNANO
Sud;Calabria;RC;I956;STILO
Sud;Calabria;RC;L063;TAURIANOVA
Sud;Calabria;RC;L127;TERRANOVA SAPPO MINULIO
Sud;Calabria;RC;L673;VARAPODIO
Sud;Calabria;RC;M018;VILLA SAN GIOVANNI
Sud;Calabria;RC;M277;SAN FERDINANDO
Sud;Calabria;VV;A043;ACQUARO
Sud;Calabria;VV;A386;ARENA
Sud;Calabria;VV;B169;BRIATICO
Sud;Calabria;VV;B197;BROGNATURO
Sud;Calabria;VV;B655;CAPISTRANO
Sud;Calabria;VV;C581;CESSANITI
Sud;Calabria;VV;D253;DASA'
Sud;Calabria;VV;D303;DINAMI
Sud;Calabria;VV;D364;DRAPIA
Sud;Calabria;VV;D453;FABRIZIA
Sud;Calabria;VV;D587;FILADELFIA
Sud;Calabria;VV;D589;FILANDARI
Sud;Calabria;VV;D596;FILOGASO
Sud;Calabria;VV;D762;FRANCAVILLA ANGITOLA
Sud;Calabria;VV;D767;FRANCICA
Sud;Calabria;VV;D988;GEROCARNE
Sud;Calabria;VV;E321;IONADI
Sud;Calabria;VV;E389;JOPPOLO
Sud;Calabria;VV;E590;LIMBADI
Sud;Calabria;VV;E836;MAIERATO
Sud;Calabria;VV;F207;MILETO
Sud;Calabria;VV;F364;MONGIANA
Sud;Calabria;VV;F537;VIBO VALENTIA
Sud;Calabria;VV;F607;MONTEROSSO CALABRO
Sud;Calabria;VV;F843;NARDODIPACE
Sud;Calabria;VV;F893;NICOTERA
Sud;Calabria;VV;G335;PARGHELIA
Sud;Calabria;VV;G722;PIZZO
Sud;Calabria;VV;G728;PIZZONI
Sud;Calabria;VV;G785;POLIA
Sud;Calabria;VV;H271;RICADI
Sud;Calabria;VV;H516;ROMBIOLO
Sud;Calabria;VV;H785;SAN CALOGERO
Sud;Calabria;VV;H807;SAN COSTANTINO CALABRO
Sud;Calabria;VV;H941;SAN GREGORIO D'IPPONA
Sud;Calabria;VV;I058;SAN NICOLA DA CRISSA
Sud;Calabria;VV;I350;SANT'ONOFRIO
Sud;Calabria;VV;I639;SERRA SAN BRUNO
Sud;Calabria;VV;I744;SIMBARIO
Sud;Calabria;VV;I853;SORIANELLO
Sud;Calabria;VV;I854;SORIANO CALABRO
Sud;Calabria;VV;I884;SPADOLA
Sud;Calabria;VV;I905;SPILINGA
Sud;Calabria;VV;I945;STEFANACONI
Sud;Calabria;VV;L452;TROPEA
Sud;Calabria;VV;L607;VALLELONGA
Sud;Calabria;VV;L699;VAZZANO
Sud;Calabria;VV;M138;ZACCANOPOLI
Sud;Calabria;VV;M143;ZAMBRONE
Sud;Calabria;VV;M204;ZUNGRI
Sud;Campania;AV;A101;AIELLO DEL SABATO
Sud;Campania;AV;A228;ALTAVILLA IRPINA
Sud;Campania;AV;A284;ANDRETTA
Sud;Campania;AV;A347;AQUILONIA
Sud;Campania;AV;A399;ARIANO IRPINO
Sud;Campania;AV;A489;ATRIPALDA
Sud;Campania;AV;A508;AVELLA
Sud;Campania;AV;A509;AVELLINO
Sud;Campania;AV;A566;BAGNOLI IRPINO
Sud;Campania;AV;A580;BAIANO
Sud;Campania;AV;A881;BISACCIA
Sud;Campania;AV;A975;BONITO
Sud;Campania;AV;B367;CAIRANO
Sud;Campania;AV;B374;CALABRITTO
Sud;Campania;AV;B415;CALITRI
Sud;Campania;AV;B590;CANDIDA
Sud;Campania;AV;B674;CAPOSELE
Sud;Campania;AV;B706;CAPRIGLIA IRPINA
Sud;Campania;AV;B776;CARIFE
Sud;Campania;AV;B866;CASALBORE
Sud;Campania;AV;B997;CASSANO IRPINO
Sud;Campania;AV;C058;CASTEL BARONIA
Sud;Campania;AV;C105;CASTELFRANCI
Sud;Campania;AV;C283;CASTELVETERE SUL CALORE
Sud;Campania;AV;C557;CERVINARA
Sud;Campania;AV;C576;CESINALI
Sud;Campania;AV;C606;CHIANCHE
Sud;Campania;AV;C659;CHIUSANO DI S DOMENICO
Sud;Campania;AV;C971;CONTRADA
Sud;Campania;AV;C976;CONZA DELLA CAMPANIA
Sud;Campania;AV;D331;DOMICELLA
Sud;Campania;AV;D638;FLUMERI
Sud;Campania;AV;D671;FONTANAROSA
Sud;Campania;AV;D701;FORINO
Sud;Campania;AV;D798;FRIGENTO
Sud;Campania;AV;D998;GESUALDO
Sud;Campania;AV;E161;GRECI
Sud;Campania;AV;E206;GROTTAMINARDA
Sud;Campania;AV;E214;GROTTOLELLA
Sud;Campania;AV;E245;GUARDIA LOMBARDI
Sud;Campania;AV;E397;LACEDONIA
Sud;Campania;AV;E448;LAPIO
Sud;Campania;AV;E487;LAURO
Sud;Campania;AV;E605;LIONI
Sud;Campania;AV;E746;LUOGOSANO
Sud;Campania;AV;E891;MANOCALZATI
Sud;Campania;AV;E997;MARZANO DI NOLA
Sud;Campania;AV;F110;MELITO IRPINO
Sud;Campania;AV;F141;MERCOGLIANO
Sud;Campania;AV;F230;MIRABELLA ECLANO
Sud;Campania;AV;F397;MONTAGUTO
Sud;Campania;AV;F448;MONTECALVO IRPINO
Sud;Campania;AV;F491;MONTEFALCIONE
Sud;Campania;AV;F506;MONTEFORTE IRPINO
Sud;Campania;AV;F511;MONTEFREDANE
Sud;Campania;AV;F512;MONTEFUSCO
Sud;Campania;AV;F546;MONTELLA
Sud;Campania;AV;F559;MONTEMARANO
Sud;Campania;AV;F566;MONTEMILETTO
Sud;Campania;AV;F660;MONTEVERDE
Sud;Campania;AV;F744;MORRA DE SANCTIS
Sud;Campania;AV;F762;MOSCHIANO
Sud;Campania;AV;F798;MUGNANO DEL CARDINALE
Sud;Campania;AV;F988;NUSCO
Sud;Campania;AV;G165;OSPEDALETTO D`ALPINOLO
Sud;Campania;AV;G242;PAGO DEL VALLO DI LAURO
Sud;Campania;AV;G340;PAROLISE
Sud;Campania;AV;G370;PATERNOPOLI
Sud;Campania;AV;G519;PETRURO IRPINO
Sud;Campania;AV;G611;PIETRADEFUSI
Sud;Campania;AV;G629;PIETRASTORNINA
Sud;Campania;AV;G990;PRATA PRINCIPATO ULTRA
Sud;Campania;AV;H006;PRATOLA SERRA
Sud;Campania;AV;H097;QUADRELLE
Sud;Campania;AV;H128;QUINDICI
Sud;Campania;AV;H382;ROCCABASCERANA
Sud;Campania;AV;H438;ROCCA SAN FELICE
Sud;Campania;AV;H592;ROTONDI
Sud;Campania;AV;H733;SALZA IRPINA
Sud;Campania;AV;H975;SAN MANGO SUL CALORE
Sud;Campania;AV;I016;S MARTINO VALLE CAUDINA
Sud;Campania;AV;I034;SAN MICHELE DI SERINO
Sud;Campania;AV;I061;SAN NICOLA BARONIA
Sud;Campania;AV;I129;SAN POTITO ULTRA
Sud;Campania;AV;I163;SAN SOSSIO BARONIA
Sud;Campania;AV;I219;SANTA LUCIA DI SERINO
Sud;Campania;AV;I264;SANT`ANDREA DI CONZA
Sud;Campania;AV;I279;SANT`ANGELO ALL`ESCA
Sud;Campania;AV;I280;SANT`ANGELO A SCALA
Sud;Campania;AV;I281;S ANGELO DEI LOMBARDI
Sud;Campania;AV;I301;SANTA PAOLINA
Sud;Campania;AV;I357;SANTO STEFANO DEL SOLE
Sud;Campania;AV;I471;SAVIGNANO IRPINO
Sud;Campania;AV;I493;SCAMPITELLA
Sud;Campania;AV;I606;SENERCHIA
Sud;Campania;AV;I630;SERINO
Sud;Campania;AV;I756;SIRIGNANO
Sud;Campania;AV;I805;SOLOFRA
Sud;Campania;AV;I843;SORBO SERPICO
Sud;Campania;AV;I893;SPERONE
Sud;Campania;AV;I990;STURNO
Sud;Campania;AV;L004;SUMMONTE
Sud;Campania;AV;L061;TAURANO
Sud;Campania;AV;L062;TAURASI
Sud;Campania;AV;L102;TEORA
Sud;Campania;AV;L214;TORELLA DE` LOMBARDI
Sud;Campania;AV;L272;TORRE LE NOCELLE
Sud;Campania;AV;L301;TORRIONI
Sud;Campania;AV;L399;TREVICO
Sud;Campania;AV;L461;TUFO
Sud;Campania;AV;L589;VALLATA
Sud;Campania;AV;L616;VALLESACCARDA
Sud;Campania;AV;L739;VENTICANO
Sud;Campania;AV;L965;VILLAMAINA
Sud;Campania;AV;L973;VILLANOVA DEL BATTISTA
Sud;Campania;AV;M130;VOLTURARA IRPINA
Sud;Campania;AV;M203;ZUNGOLI
Sud;Campania;AV;M330;MONTORO
Sud;Campania;BN;A110;AIROLA
Sud;Campania;BN;A265;AMOROSI
Sud;Campania;BN;A328;APICE
Sud;Campania;BN;A330;APOLLOSA
Sud;Campania;BN;A431;ARPAIA
Sud;Campania;BN;A432;ARPAISE
Sud;Campania;BN;A696;BASELICE
Sud;Campania;BN;A783;BENEVENTO
Sud;Campania;BN;A970;BONEA
Sud;Campania;BN;B239;BUCCIANO
Sud;Campania;BN;B267;BUONALBERGO
Sud;Campania;BN;B444;CALVI
Sud;Campania;BN;B541;CAMPOLATTARO
Sud;Campania;BN;B542;CAMPOLI D MONTE TABURNO
Sud;Campania;BN;B873;CASALDUNI
Sud;Campania;BN;C106;CASTELFRANCO IN MISCANO
Sud;Campania;BN;C245;CASTELPAGANO
Sud;Campania;BN;C250;CASTELPOTO
Sud;Campania;BN;C280;CASTELVENERE
Sud;Campania;BN;C284;CASTELVETERE V FORTORE
Sud;Campania;BN;C359;CAUTANO
Sud;Campania;BN;C476;CEPPALONI
Sud;Campania;BN;C525;CERRETO SANNITA
Sud;Campania;BN;C719;CIRCELLO
Sud;Campania;BN;C846;COLLE SANNITA
Sud;Campania;BN;D230;CUSANO MUTRI
Sud;Campania;BN;D380;DUGENTA
Sud;Campania;BN;D386;DURAZZANO
Sud;Campania;BN;D469;FAICCHIO
Sud;Campania;BN;D644;FOGLIANISE
Sud;Campania;BN;D650;FOIANO DI VAL FORTORE
Sud;Campania;BN;D693;FORCHIA
Sud;Campania;BN;D755;FRAGNETO L`ABATE
Sud;Campania;BN;D756;FRAGNETO MONFORTE
Sud;Campania;BN;D784;FRASSO TELESINO
Sud;Campania;BN;E034;GINESTRA D SCHIAVONI
Sud;Campania;BN;E249;GUARDIA SANFRAMONDI
Sud;Campania;BN;E589;LIMATOLA
Sud;Campania;BN;F113;MELIZZANO
Sud;Campania;BN;F274;MOIANO
Sud;Campania;BN;F287;MOLINARA
Sud;Campania;BN;F494;MONTEFALCONE V FORTORE
Sud;Campania;BN;F557;SANT`ARCANGELO TRIMONTE
Sud;Campania;BN;F636;MONTESARCHIO
Sud;Campania;BN;F717;MORCONE
Sud;Campania;BN;G227;PADULI
Sud;Campania;BN;G243;PAGO VEIANO
Sud;Campania;BN;G311;PANNARANO
Sud;Campania;BN;G318;PAOLISI
Sud;Campania;BN;G386;PAUPISI
Sud;Campania;BN;G494;PESCO SANNITA
Sud;Campania;BN;G626;PIETRAROIA
Sud;Campania;BN;G631;PIETRELCINA
Sud;Campania;BN;G827;PONTE
Sud;Campania;BN;G848;PONTELANDOLFO
Sud;Campania;BN;H087;PUGLIANELLO
Sud;Campania;BN;H227;REINO
Sud;Campania;BN;H764;SAN BARTOLOMEO IN GALDO
Sud;Campania;BN;H894;SAN GIORGIO DEL SANNIO
Sud;Campania;BN;H898;SAN GIORGIO LA MOLARA
Sud;Campania;BN;H953;SAN LEUCIO DEL SANNIO
Sud;Campania;BN;H955;SAN LORENZELLO
Sud;Campania;BN;H967;SAN LORENZO MAGGIORE
Sud;Campania;BN;H973;SAN LUPO
Sud;Campania;BN;H984;SAN MARCO DEI CAVOTI
Sud;Campania;BN;I002;SAN MARTINO SANNITA
Sud;Campania;BN;I049;SAN NAZZARO
Sud;Campania;BN;I062;SAN NICOLA MANFREDI
Sud;Campania;BN;I145;SAN SALVATORE TELESINO
Sud;Campania;BN;I179;SANTA CROCE DEL SANNIO
Sud;Campania;BN;I197;SANT`AGATA DE` GOTI
Sud;Campania;BN;I277;SANT`ANGELO A CUPOLO
Sud;Campania;BN;I455;SASSINORO
Sud;Campania;BN;I809;SOLOPACA
Sud;Campania;BN;L086;TELESE TERME
Sud;Campania;BN;L185;TOCCO CAUDIO
Sud;Campania;BN;L254;TORRECUSO
Sud;Campania;BN;M093;VITULANO
Sud;Campania;CE;A106;AILANO
Sud;Campania;CE;A200;ALIFE
Sud;Campania;CE;A243;ALVIGNANO
Sud;Campania;CE;A403;ARIENZO
Sud;Campania;CE;A512;AVERSA
Sud;Campania;CE;A579;BAIA E LATINA
Sud;Campania;CE;A755;BELLONA
Sud;Campania;CE;B361;CAIANELLO
Sud;Campania;CE;B362;CAIAZZO
Sud;Campania;CE;B445;CALVI RISORTA
Sud;Campania;CE;B477;CAMIGLIANO
Sud;Campania;CE;B494;CASTEL CAMPAGNANO
Sud;Campania;CE;B581;CANCELLO ED ARNONE
Sud;Campania;CE;B667;CAPODRISE
Sud;Campania;CE;B704;CAPRIATI A VOLTURNO
Sud;Campania;CE;B715;CAPUA
Sud;Campania;CE;B779;CARINARO
Sud;Campania;CE;B781;CARINOLA
Sud;Campania;CE;B860;CASAGIOVE
Sud;Campania;CE;B872;CASAL DI PRINCIPE
Sud;Campania;CE;B916;CASALUCE
Sud;Campania;CE;B935;CASAPULLA
Sud;Campania;CE;B963;CASERTA
Sud;Campania;CE;C097;CASTEL DI SASSO
Sud;Campania;CE;C178;CASTELLO DEL MATESE
Sud;Campania;CE;C211;CASTEL MORRONE
Sud;Campania;CE;C291;CASTEL VOLTURNO
Sud;Campania;CE;C558;CERVINO
Sud;Campania;CE;C561;CESA
Sud;Campania;CE;C716;CIORLANO
Sud;Campania;CE;C939;CONCA DELLA CAMPANIA
Sud;Campania;CE;D228;CURTI
Sud;Campania;CE;D361;DRAGONI
Sud;Campania;CE;D683;FONTEGRECA
Sud;Campania;CE;D709;FORMICOLA
Sud;Campania;CE;D769;FRANCOLISE
Sud;Campania;CE;D799;FRIGNANO
Sud;Campania;CE;D801;VILLA DI BRIANO
Sud;Campania;CE;D884;GALLO
Sud;Campania;CE;D886;GALLUCCIO
Sud;Campania;CE;E011;GIANO VETUSTO
Sud;Campania;CE;E039;GIOIA SANNITICA
Sud;Campania;CE;E158;GRAZZANISE
Sud;Campania;CE;E173;GRICIGNANO DI AVERSA
Sud;Campania;CE;E554;LETINO
Sud;Campania;CE;E570;LIBERI
Sud;Campania;CE;E754;LUSCIANO
Sud;Campania;CE;E784;MACERATA CAMPANIA
Sud;Campania;CE;E791;MADDALONI
Sud;Campania;CE;E932;MARCIANISE
Sud;Campania;CE;E998;MARZANO APPIO
Sud;Campania;CE;F043;SAN MARCO EVANGELISTA
Sud;Campania;CE;F203;MIGNANO MONTE LUNGO
Sud;Campania;CE;F352;MONDRAGONE
Sud;Campania;CE;G130;ORTA DI ATELLA
Sud;Campania;CE;G333;PARETE
Sud;Campania;CE;G364;PASTORANO
Sud;Campania;CE;G541;PIANA DI MONTE VERNA
Sud;Campania;CE;G596;PIEDIMONTE MATESE
Sud;Campania;CE;G620;PIETRAMELARA
Sud;Campania;CE;G630;PIETRAVAIRANO
Sud;Campania;CE;G661;PIGNATARO MAGGIORE
Sud;Campania;CE;G849;PONTELATONE
Sud;Campania;CE;G903;PORTICO DI CASERTA
Sud;Campania;CE;G991;PRATA SANNITA
Sud;Campania;CE;G995;PRATELLA
Sud;Campania;CE;H045;PRESENZANO
Sud;Campania;CE;H165;RUVIANO
Sud;Campania;CE;H202;RAVISCANINA
Sud;Campania;CE;H210;RECALE
Sud;Campania;CE;H268;RIARDO
Sud;Campania;CE;H398;ROCCA D`EVANDRO
Sud;Campania;CE;H423;ROCCAMONFINA
Sud;Campania;CE;H436;ROCCAROMANA
Sud;Campania;CE;H459;ROCCHETTA E CROCE
Sud;Campania;CE;H798;SAN CIPRIANO D`AVERSA
Sud;Campania;CE;H834;SAN FELICE A CANCELLO
Sud;Campania;CE;H939;SAN GREGORIO MATESE
Sud;Campania;CE;H978;SAN MARCELLINO
Sud;Campania;CE;I056;SAN NICOLA LA STRADA
Sud;Campania;CE;I113;SAN PIETRO INFINE
Sud;Campania;CE;I130;SAN POTITO SANNITICO
Sud;Campania;CE;I131;SAN PRISCO
Sud;Campania;CE;I233;SANTA MARIA A VICO
Sud;Campania;CE;I234;S MARIA CAPUA VETERE
Sud;Campania;CE;I247;SANTA MARIA LA FOSSA
Sud;Campania;CE;I261;SAN TAMMARO
Sud;Campania;CE;I273;SANT`ANGELO D`ALIFE
Sud;Campania;CE;I306;SANT`ARPINO
Sud;Campania;CE;I676;SESSA AURUNCA
Sud;Campania;CE;I885;SPARANISE
Sud;Campania;CE;I993;SUCCIVO
Sud;Campania;CE;L083;TEANO
Sud;Campania;CE;L155;TEVEROLA
Sud;Campania;CE;L205;TORA E PICCILLI
Sud;Campania;CE;L379;TRENTOLA DUCENTA
Sud;Campania;CE;L540;VAIRANO PATENORA
Sud;Campania;CE;L591;VALLE DI MADDALONI
Sud;Campania;CE;L594;VALLE AGRICOLA
Sud;Campania;CE;L844;VILLA LITERNO
Sud;Campania;CE;M092;VITULAZIO
Sud;Campania;CE;M260;CASAPESENNA
Sud;Campania;NA;A024;ACERRA
Sud;Campania;NA;A064;AFRAGOLA
Sud;Campania;NA;A068;AGEROLA
Sud;Campania;NA;A268;ANACAPRI
Sud;Campania;NA;A455;ARZANO
Sud;Campania;NA;A535;BACOLI
Sud;Campania;NA;A617;BARANO D`ISCHIA
Sud;Campania;NA;B076;BOSCOREALE
Sud;Campania;NA;B077;BOSCOTRECASE
Sud;Campania;NA;B227;BRUSCIANO
Sud;Campania;NA;B371;CAIVANO
Sud;Campania;NA;B452;CALVIZZANO
Sud;Campania;NA;B565;CAMPOSANO
Sud;Campania;NA;B696;CAPRI
Sud;Campania;NA;B740;CARBONARA DI NOLA
Sud;Campania;NA;B759;CARDITO
Sud;Campania;NA;B905;CASALNUOVO DI NAPOLI
Sud;Campania;NA;B922;CASAMARCIANO
Sud;Campania;NA;B924;CASAMICCIOLA TERME
Sud;Campania;NA;B925;CASANDRINO
Sud;Campania;NA;B946;CASAVATORE
Sud;Campania;NA;B980;CASOLA DI NAPOLI
Sud;Campania;NA;B990;CASORIA
Sud;Campania;NA;C129;CASTELLAMMARE DI STABIA
Sud;Campania;NA;C188;CASTELLO DI CISTERNA
Sud;Campania;NA;C495;CERCOLA
Sud;Campania;NA;C675;CICCIANO
Sud;Campania;NA;C697;CIMITILE
Sud;Campania;NA;C929;COMIZIANO
Sud;Campania;NA;D170;CRISPANO
Sud;Campania;NA;D702;FORIO
Sud;Campania;NA;D789;FRATTAMAGGIORE
Sud;Campania;NA;D790;FRATTAMINORE
Sud;Campania;NA;E054;GIUGLIANO IN CAMPANIA
Sud;Campania;NA;E131;GRAGNANO
Sud;Campania;NA;E224;GRUMO NEVANO
Sud;Campania;NA;E329;ISCHIA
Sud;Campania;NA;E396;LACCO AMENO
Sud;Campania;NA;E557;LETTERE
Sud;Campania;NA;E620;LIVERI
Sud;Campania;NA;E906;MARANO DI NAPOLI
Sud;Campania;NA;E954;MARIGLIANELLA
Sud;Campania;NA;E955;MARIGLIANO
Sud;Campania;NA;F030;MASSA LUBRENSE
Sud;Campania;NA;F111;MELITO DI NAPOLI
Sud;Campania;NA;F162;META
Sud;Campania;NA;F488;MONTE DI PROCIDA
Sud;Campania;NA;F799;MUGNANO DI NAPOLI
Sud;Campania;NA;F839;NAPOLI
Sud;Campania;NA;F924;NOLA
Sud;Campania;NA;G190;OTTAVIANO
Sud;Campania;NA;G283;PALMA CAMPANIA
Sud;Campania;NA;G309;VILLARICCA
Sud;Campania;NA;G568;PIANO DI SORRENTO
Sud;Campania;NA;G670;PIMONTE
Sud;Campania;NA;G762;POGGIOMARINO
Sud;Campania;NA;G795;POLLENA TROCCHIA
Sud;Campania;NA;G812;POMIGLIANO D`ARCO
Sud;Campania;NA;G813;POMPEI
Sud;Campania;NA;G902;PORTICI
Sud;Campania;NA;G964;POZZUOLI
Sud;Campania;NA;H072;PROCIDA
Sud;Campania;NA;H101;QUALIANO
Sud;Campania;NA;H114;QUARTO
Sud;Campania;NA;H243;ERCOLANO
Sud;Campania;NA;H433;ROCCARAINOLA
Sud;Campania;NA;H860;SAN GENNARO VESUVIANO
Sud;Campania;NA;H892;SAN GIORGIO A CREMANO
Sud;Campania;NA;H931;SAN GIUSEPPE VESUVIANO
Sud;Campania;NA;I073;SAN PAOLO BEL SITO
Sud;Campania;NA;I151;S SEBASTIANO AL VESUVIO
Sud;Campania;NA;I208;SANT`AGNELLO
Sud;Campania;NA;I262;SANT`ANASTASIA
Sud;Campania;NA;I293;SANT`ANTIMO
Sud;Campania;NA;I300;SANT`ANTONIO ABATE
Sud;Campania;NA;I391;SAN VITALIANO
Sud;Campania;NA;I469;SAVIANO
Sud;Campania;NA;I540;SCISCIANO
Sud;Campania;NA;I652;SERRARA FONTANA
Sud;Campania;NA;I820;SOMMA VESUVIANA
Sud;Campania;NA;I862;SORRENTO
Sud;Campania;NA;I978;STRIANO
Sud;Campania;NA;L142;TERZIGNO
Sud;Campania;NA;L245;TORRE ANNUNZIATA
Sud;Campania;NA;L259;TORRE DEL GRECO
Sud;Campania;NA;L460;TUFINO
Sud;Campania;NA;L845;VICO EQUENSE
Sud;Campania;NA;M072;VISCIANO
Sud;Campania;NA;M115;VOLLA
Sud;Campania;NA;M273;S. MARIA LA CARITA`
Sud;Campania;NA;M280;TRECASE
Sud;Campania;NA;M289;MASSA DI SOMMA
Sud;Campania;SA;A023;ACERNO
Sud;Campania;SA;A091;AGROPOLI
Sud;Campania;SA;A128;ALBANELLA
Sud;Campania;SA;A186;ALFANO
Sud;Campania;SA;A230;ALTAVILLA SILENTINA
Sud;Campania;SA;A251;AMALFI
Sud;Campania;SA;A294;ANGRI
Sud;Campania;SA;A343;AQUARA
Sud;Campania;SA;A460;ASCEA
Sud;Campania;SA;A484;ATENA LUCANA
Sud;Campania;SA;A487;ATRANI
Sud;Campania;SA;A495;AULETTA
Sud;Campania;SA;A674;BARONISSI
Sud;Campania;SA;A717;BATTIPAGLIA
Sud;Campania;SA;A756;BELLOSGUARDO
Sud;Campania;SA;B115;BRACIGLIANO
Sud;Campania;SA;B242;BUCCINO
Sud;Campania;SA;B266;BUONABITACOLO
Sud;Campania;SA;B351;CAGGIANO
Sud;Campania;SA;B437;CALVANICO
Sud;Campania;SA;B476;CAMEROTA
Sud;Campania;SA;B492;CAMPAGNA
Sud;Campania;SA;B555;CAMPORA
Sud;Campania;SA;B608;CANNALONGA
Sud;Campania;SA;B644;CAPACCIO
Sud;Campania;SA;B868;CASALBUONO
Sud;Campania;SA;B888;CASALETTO SPARTANO
Sud;Campania;SA;B895;CASAL VELINO
Sud;Campania;SA;B959;CASELLE IN PITTARI
Sud;Campania;SA;C069;CASTELCIVITA
Sud;Campania;SA;C125;CASTELLABATE
Sud;Campania;SA;C231;CASTELNUOVO CILENTO
Sud;Campania;SA;C235;CASTELNUOVO DI CONZA
Sud;Campania;SA;C259;CASTEL SAN GIORGIO
Sud;Campania;SA;C262;CASTEL SAN LORENZO
Sud;Campania;SA;C306;CASTIGLIONE D GENOVESI
Sud;Campania;SA;C361;CAVA DE` TIRRENI
Sud;Campania;SA;C444;CELLE DI BULGHERIA
Sud;Campania;SA;C470;CENTOLA
Sud;Campania;SA;C485;CERASO
Sud;Campania;SA;C584;CETARA
Sud;Campania;SA;C676;CICERALE
Sud;Campania;SA;C879;COLLIANO
Sud;Campania;SA;C940;CONCA DEI MARINI
Sud;Campania;SA;C973;CONTRONE
Sud;Campania;SA;C974;CONTURSI TERME
Sud;Campania;SA;C984;CORBARA
Sud;Campania;SA;D011;CORLETO MONFORTE
Sud;Campania;SA;D195;CUCCARO VETERE
Sud;Campania;SA;D292;TEGGIANO
Sud;Campania;SA;D390;EBOLI
Sud;Campania;SA;D527;FELITTO
Sud;Campania;SA;D615;FISCIANO
Sud;Campania;SA;D826;FURORE
Sud;Campania;SA;D832;FUTANI
Sud;Campania;SA;E026;GIFFONI SEI CASALI
Sud;Campania;SA;E027;GIFFONI VALLE PIANA
Sud;Campania;SA;E037;GIOI
Sud;Campania;SA;E060;GIUNGANO
Sud;Campania;SA;E365;ISPANI
Sud;Campania;SA;E480;LAUREANA CILENTO
Sud;Campania;SA;E485;LAURINO
Sud;Campania;SA;E486;LAURITO
Sud;Campania;SA;E498;LAVIANO
Sud;Campania;SA;E767;LUSTRA
Sud;Campania;SA;E814;MAGLIANO VETERE
Sud;Campania;SA;E839;MAIORI
Sud;Campania;SA;F138;MERCATO SAN SEVERINO
Sud;Campania;SA;F223;MINORI
Sud;Campania;SA;F278;MOIO DELLA CIVITELLA
Sud;Campania;SA;F426;MONTANO ANTILIA
Sud;Campania;SA;F479;MONTECORICE
Sud;Campania;SA;F480;MONTECORVINO PUGLIANO
Sud;Campania;SA;F481;MONTECORVINO ROVELLA
Sud;Campania;SA;F507;MONTEFORTE CILENTO
Sud;Campania;SA;F618;MONTE SAN GIACOMO
Sud;Campania;SA;F625;MONTESANO S MARCELLANA
Sud;Campania;SA;F731;MORIGERATI
Sud;Campania;SA;F912;NOCERA INFERIORE
Sud;Campania;SA;F913;NOCERA SUPERIORE
Sud;Campania;SA;F967;NOVI VELIA
Sud;Campania;SA;G011;OGLIASTRO CILENTO
Sud;Campania;SA;G023;OLEVANO SUL TUSCIANO
Sud;Campania;SA;G039;OLIVETO CITRA
Sud;Campania;SA;G063;OMIGNANO
Sud;Campania;SA;G121;ORRIA
Sud;Campania;SA;G192;OTTATI
Sud;Campania;SA;G226;PADULA
Sud;Campania;SA;G230;PAGANI
Sud;Campania;SA;G292;PALOMONTE
Sud;Campania;SA;G426;PELLEZZANO
Sud;Campania;SA;G447;PERDIFUMO
Sud;Campania;SA;G455;PERITO
Sud;Campania;SA;G476;PERTOSA
Sud;Campania;SA;G509;PETINA
Sud;Campania;SA;G538;PIAGGINE
Sud;Campania;SA;G540;VALLE DELL`ANGELO
Sud;Campania;SA;G707;PISCIOTTA
Sud;Campania;SA;G793;POLLA
Sud;Campania;SA;G796;POLLICA
Sud;Campania;SA;G834;PONTECAGNANO FAIANO
Sud;Campania;SA;G887;STELLA CILENTO
Sud;Campania;SA;G932;POSITANO
Sud;Campania;SA;G939;POSTIGLIONE
Sud;Campania;SA;G976;PRAIANO
Sud;Campania;SA;H062;PRIGNANO CILENTO
Sud;Campania;SA;H198;RAVELLO
Sud;Campania;SA;H277;RICIGLIANO
Sud;Campania;SA;H394;ROCCADASPIDE
Sud;Campania;SA;H412;ROCCAGLORIOSA
Sud;Campania;SA;H431;ROCCAPIEMONTE
Sud;Campania;SA;H485;ROFRANO
Sud;Campania;SA;H503;ROMAGNANO AL MONTE
Sud;Campania;SA;H564;ROSCIGNO
Sud;Campania;SA;H644;RUTINO
Sud;Campania;SA;H654;SACCO
Sud;Campania;SA;H683;SALA CONSILINA
Sud;Campania;SA;H686;SALENTO
Sud;Campania;SA;H703;SALERNO
Sud;Campania;SA;H732;SALVITELLE
Sud;Campania;SA;H800;SAN CIPRIANO PICENTINO
Sud;Campania;SA;H907;SAN GIOVANNI A PIRO
Sud;Campania;SA;H943;SAN GREGORIO MAGNO
Sud;Campania;SA;H977;SAN MANGO PIEMONTE
Sud;Campania;SA;I019;SAN MARZANO SUL SARNO
Sud;Campania;SA;I031;SAN MAURO CILENTO
Sud;Campania;SA;I032;SAN MAURO LA BRUCA
Sud;Campania;SA;I089;SAN PIETRO AL TANAGRO
Sud;Campania;SA;I143;SAN RUFO
Sud;Campania;SA;I253;SANTA MARINA
Sud;Campania;SA;I260;SANTOMENNA
Sud;Campania;SA;I278;SANT`ANGELO A FASANELLA
Sud;Campania;SA;I307;SANT`ARSENIO
Sud;Campania;SA;I317;S EGIDIO D MONTE ALBINO
Sud;Campania;SA;I377;SAN VALENTINO TORIO
Sud;Campania;SA;I410;SANZA
Sud;Campania;SA;I422;SAPRI
Sud;Campania;SA;I438;SARNO
Sud;Campania;SA;I451;SASSANO
Sud;Campania;SA;I483;SCAFATI
Sud;Campania;SA;I486;SCALA
Sud;Campania;SA;I648;SERRAMEZZANA
Sud;Campania;SA;I666;SERRE
Sud;Campania;SA;I677;SESSA CILENTO
Sud;Campania;SA;I720;SIANO
Sud;Campania;SA;I960;STIO
Sud;Campania;SA;L212;TORCHIARA
Sud;Campania;SA;L233;TORRACA
Sud;Campania;SA;L274;TORRE ORSAIA
Sud;Campania;SA;L306;TORTORELLA
Sud;Campania;SA;L323;TRAMONTI
Sud;Campania;SA;L377;TRENTINARA
Sud;Campania;SA;L628;VALLO DELLA LUCANIA
Sud;Campania;SA;L656;VALVA
Sud;Campania;SA;L835;VIBONATI
Sud;Campania;SA;L860;VIETRI SUL MARE
Sud;Campania;SA;M253;SICIGNANO DEGLI ALBURNI
Sud;Campania;SA;M294;BELLIZZI
Sud;Molise;CB;A050;ACQUAVIVA COLLECROCE
Sud;Molise;CB;A616;BARANELLO
Sud;Molise;CB;A930;BOIANO
Sud;Molise;CB;A971;BONEFRO
Sud;Molise;CB;B295;BUSSO
Sud;Molise;CB;B519;CAMPOBASSO
Sud;Molise;CB;B522;CAMPOCHIARO
Sud;Molise;CB;B528;CAMPODIPIETRA
Sud;Molise;CB;B544;CAMPOLIETO
Sud;Molise;CB;B550;CAMPOMARINO
Sud;Molise;CB;B858;CASACALENDA
Sud;Molise;CB;B871;CASALCIPRANO
Sud;Molise;CB;C066;CASTELBOTTACCIO
Sud;Molise;CB;C175;CASTELLINO DEL BIFERNO
Sud;Molise;CB;C197;CASTELMAURO
Sud;Molise;CB;C346;CASTROPIGNANO
Sud;Molise;CB;C486;CERCEMAGGIORE
Sud;Molise;CB;C488;CERCEPICCOLA
Sud;Molise;CB;C764;CIVITA CAMPOMARANO
Sud;Molise;CB;C772;DURONIA
Sud;Molise;CB;C854;COLLE D`ANCHISE
Sud;Molise;CB;C875;COLLETORTO
Sud;Molise;CB;D550;FERRAZZANO
Sud;Molise;CB;D737;FOSSALTO
Sud;Molise;CB;D896;GAMBATESA
Sud;Molise;CB;E030;GILDONE
Sud;Molise;CB;E244;GUARDIALFIERA
Sud;Molise;CB;E248;GUARDIAREGIA
Sud;Molise;CB;E259;GUGLIONESI
Sud;Molise;CB;E381;JELSI
Sud;Molise;CB;E456;LARINO
Sud;Molise;CB;E599;LIMOSANO
Sud;Molise;CB;E722;LUCITO
Sud;Molise;CB;E748;LUPARA
Sud;Molise;CB;E780;MACCHIA VALFORTORE
Sud;Molise;CB;E799;MAFALDA
Sud;Molise;CB;F055;MATRICE
Sud;Molise;CB;F233;MIRABELLO SANNITICO
Sud;Molise;CB;F294;MOLISE
Sud;Molise;CB;F322;MONACILIONI
Sud;Molise;CB;F391;MONTAGANO
Sud;Molise;CB;F475;MONTECILFONE
Sud;Molise;CB;F495;MONTEFALCONE NEL SANNIO
Sud;Molise;CB;F548;MONTELONGO
Sud;Molise;CB;F569;MONTEMITRO
Sud;Molise;CB;F576;MONTENERO DI BISACCIA
Sud;Molise;CB;F689;MONTORIO NEI FRENTANI
Sud;Molise;CB;F748;MORRONE DEL SANNIO
Sud;Molise;CB;G086;ORATINO
Sud;Molise;CB;G257;PALATA
Sud;Molise;CB;G506;PETACCIATO
Sud;Molise;CB;G512;PETRELLA TIFERNINA
Sud;Molise;CB;G609;PIETRACATELLA
Sud;Molise;CB;G610;PIETRACUPA
Sud;Molise;CB;G910;PORTOCANNONE
Sud;Molise;CB;H083;PROVVIDENTI
Sud;Molise;CB;H273;RICCIA
Sud;Molise;CB;H311;RIPABOTTONI
Sud;Molise;CB;H313;RIPALIMOSANI
Sud;Molise;CB;H454;ROCCAVIVARA
Sud;Molise;CB;H589;ROTELLO
Sud;Molise;CB;H693;SALCITO
Sud;Molise;CB;H782;SAN BIASE
Sud;Molise;CB;H833;SAN FELICE DEL MOLISE
Sud;Molise;CB;H867;SAN GIACOMO SCHIAVONI
Sud;Molise;CB;H920;SAN GIOVANNI IN GALDO
Sud;Molise;CB;H928;SAN GIULIANO DEL SANNIO
Sud;Molise;CB;H929;SAN GIULIANO DI PUGLIA
Sud;Molise;CB;H990;SAN MARTINO IN PENSILIS
Sud;Molise;CB;I023;SAN MASSIMO
Sud;Molise;CB;I122;SAN POLO MATESE
Sud;Molise;CB;I181;SANTA CROCE DI MAGLIANO
Sud;Molise;CB;I289;SANT`ANGELO LIMOSANO
Sud;Molise;CB;I320;SANT`ELIA A PIANISI
Sud;Molise;CB;I618;SEPINO
Sud;Molise;CB;I910;SPINETE
Sud;Molise;CB;L069;TAVENNA
Sud;Molise;CB;L113;TERMOLI
Sud;Molise;CB;L215;TORELLA DEL SANNIO
Sud;Molise;CB;L230;TORO
Sud;Molise;CB;L435;TRIVENTO
Sud;Molise;CB;L458;TUFARA
Sud;Molise;CB;L505;URURI
Sud;Molise;CB;M057;VINCHIATURO
Sud;Molise;IS;A051;ACQUAVIVA D`ISERNIA
Sud;Molise;IS;A080;AGNONE
Sud;Molise;IS;A567;BAGNOLI DEL TRIGNO
Sud;Molise;IS;A761;BELMONTE DEL SANNIO
Sud;Molise;IS;B317;POGGIO SANNITA
Sud;Molise;IS;B466;SANT`ELENA SANNITA
Sud;Molise;IS;B630;CANTALUPO NEL SANNIO
Sud;Molise;IS;B682;CAPRACOTTA
Sud;Molise;IS;B810;CAROVILLI
Sud;Molise;IS;B830;CARPINONE
Sud;Molise;IS;C082;CASTEL DEL GIUDICE
Sud;Molise;IS;C200;CASTELVERRINO
Sud;Molise;IS;C246;CASTELPETROSO
Sud;Molise;IS;C247;CASTELPIZZUTO
Sud;Molise;IS;C270;CASTEL SAN VINCENZO
Sud;Molise;IS;C534;CERRO AL VOLTURNO
Sud;Molise;IS;C620;CHIAUCI
Sud;Molise;IS;C769;CIVITANOVA DEL SANNIO
Sud;Molise;IS;C878;COLLI A VOLTURNO
Sud;Molise;IS;C941;CONCA CASALE
Sud;Molise;IS;D595;FILIGNANO
Sud;Molise;IS;D703;FORLI DEL SANNIO
Sud;Molise;IS;D715;FORNELLI
Sud;Molise;IS;D811;FROSOLONE
Sud;Molise;IS;E335;ISERNIA
Sud;Molise;IS;E669;LONGANO
Sud;Molise;IS;E778;MACCHIA D`ISERNIA
Sud;Molise;IS;E779;MACCHIAGODENA
Sud;Molise;IS;F239;MIRANDA
Sud;Molise;IS;F429;MONTAQUILA
Sud;Molise;IS;F580;MONTENERO VALCOCCHIARA
Sud;Molise;IS;F601;MONTERODUNI
Sud;Molise;IS;G486;PESCHE
Sud;Molise;IS;G495;PESCOLANCIANO
Sud;Molise;IS;G497;PESCOPENNATARO
Sud;Molise;IS;G523;PETTORANELLO DEL MOLISE
Sud;Molise;IS;G606;PIETRABBONDANTE
Sud;Molise;IS;G727;PIZZONE
Sud;Molise;IS;G954;POZZILLI
Sud;Molise;IS;H308;RIONERO SANNITICO
Sud;Molise;IS;H420;ROCCAMANDOLFI
Sud;Molise;IS;H445;ROCCASICURA
Sud;Molise;IS;H458;ROCCHETTA A VOLTURNO
Sud;Molise;IS;I096;SAN PIETRO AVELLANA
Sud;Molise;IS;I189;SANT`AGAPITO
Sud;Molise;IS;I238;SANTA MARIA DEL MOLISE
Sud;Molise;IS;I282;SANT`ANGELO DEL PESCO
Sud;Molise;IS;I507;SCAPOLI
Sud;Molise;IS;I679;SESSANO DEL MOLISE
Sud;Molise;IS;I682;SESTO CAMPANO
Sud;Molise;IS;L696;VASTOGIRARDI
Sud;Molise;IS;L725;VENAFRO
Sud;Puglia;BA;A048;ACQUAVIVA DELLE FONTI
Sud;Puglia;BA;A055;ADELFIA
Sud;Puglia;BA;A149;ALBEROBELLO
Sud;Puglia;BA;A225;ALTAMURA
Sud;Puglia;BA;A285;ANDRIA
Sud;Puglia;BA;A662;BARI
Sud;Puglia;BA;A669;BARLETTA
Sud;Puglia;BA;A874;BINETTO
Sud;Puglia;BA;A883;BISCEGLIE
Sud;Puglia;BA;A892;BITETTO
Sud;Puglia;BA;A893;BITONTO
Sud;Puglia;BA;A894;BITRITTO
Sud;Puglia;BA;B619;CANOSA DI PUGLIA
Sud;Puglia;BA;B716;CAPURSO
Sud;Puglia;BA;B923;CASAMASSIMA
Sud;Puglia;BA;B998;CASSANO DELLE MURGE
Sud;Puglia;BA;C134;CASTELLANA GROTTE
Sud;Puglia;BA;C436;CELLAMARE
Sud;Puglia;BA;C975;CONVERSANO
Sud;Puglia;BA;C983;CORATO
Sud;Puglia;BA;E038;GIOIA DEL COLLE
Sud;Puglia;BA;E047;GIOVINAZZO
Sud;Puglia;BA;E155;GRAVINA IN PUGLIA
Sud;Puglia;BA;E223;GRUMO APPULA
Sud;Puglia;BA;E645;LOCOROTONDO
Sud;Puglia;BA;F220;MINERVINO MURGE
Sud;Puglia;BA;F262;MODUGNO
Sud;Puglia;BA;F280;MOLA DI BARI
Sud;Puglia;BA;F284;MOLFETTA
Sud;Puglia;BA;F376;MONOPOLI
Sud;Puglia;BA;F915;NOCI
Sud;Puglia;BA;F923;NOICATTARO
Sud;Puglia;BA;G291;PALO DEL COLLE
Sud;Puglia;BA;G769;POGGIORSINI
Sud;Puglia;BA;G787;POLIGNANO A MARE
Sud;Puglia;BA;H096;PUTIGNANO
Sud;Puglia;BA;H643;RUTIGLIANO
Sud;Puglia;BA;H645;RUVO DI PUGLIA
Sud;Puglia;BA;H749;SAMMICHELE DI BARI
Sud;Puglia;BA;I053;SANNICANDRO DI BARI
Sud;Puglia;BA;I330;SANTERAMO IN COLLE
Sud;Puglia;BA;I907;SPINAZZOLA
Sud;Puglia;BA;L109;TERLIZZI
Sud;Puglia;BA;L220;TORITTO
Sud;Puglia;BA;L328;TRANI
Sud;Puglia;BA;L425;TRIGGIANO
Sud;Puglia;BA;L472;TURI
Sud;Puglia;BA;L571;VALENZANO
Sud;Puglia;BR;B180;BRINDISI
Sud;Puglia;BR;B809;CAROVIGNO
Sud;Puglia;BR;C424;CEGLIE MESSAPICA
Sud;Puglia;BR;C448;CELLINO SAN MARCO
Sud;Puglia;BR;C741;CISTERNINO
Sud;Puglia;BR;D422;ERCHIE
Sud;Puglia;BR;D508;FASANO
Sud;Puglia;BR;D761;FRANCAVILLA FONTANA
Sud;Puglia;BR;E471;LATIANO
Sud;Puglia;BR;F152;MESAGNE
Sud;Puglia;BR;G098;ORIA
Sud;Puglia;BR;G187;OSTUNI
Sud;Puglia;BR;H822;SAN DONACI
Sud;Puglia;BR;I045;SAN MICHELE SALENTINO
Sud;Puglia;BR;I066;SAN PANCRAZIO SALENTINO
Sud;Puglia;BR;I119;SAN PIETRO VERNOTICO
Sud;Puglia;BR;I396;SAN VITO DEI NORMANNI
Sud;Puglia;BR;L213;TORCHIAROLO
Sud;Puglia;BR;L280;TORRE SANTA SUSANNA
Sud;Puglia;BR;L920;VILLA CASTELLI
Sud;Puglia;FG;A015;ACCADIA
Sud;Puglia;FG;A150;ALBERONA
Sud;Puglia;FG;A320;ANZANO DI PUGLIA
Sud;Puglia;FG;A339;APRICENA
Sud;Puglia;FG;A463;ASCOLI SATRIANO
Sud;Puglia;FG;A854;BICCARI
Sud;Puglia;FG;B104;BOVINO
Sud;Puglia;FG;B357;CAGNANO VARANO
Sud;Puglia;FG;B584;CANDELA
Sud;Puglia;FG;B724;CARAPELLE
Sud;Puglia;FG;B784;CARLANTINO
Sud;Puglia;FG;B829;CARPINO
Sud;Puglia;FG;B904;CASALNUOVO MONTEROTARO
Sud;Puglia;FG;B915;TRINITAPOLI
Sud;Puglia;FG;B917;CASALVECCHIO DI PUGLIA
Sud;Puglia;FG;C198;CASTELLUCCIO DEI SAURI
Sud;Puglia;FG;C202;CASTELLUCCIO V MAGGIORE
Sud;Puglia;FG;C222;CASTELNUOVO DI DAUNIA
Sud;Puglia;FG;C429;CELENZA VALFORTORE
Sud;Puglia;FG;C442;CELLE SAN VITO
Sud;Puglia;FG;C514;CERIGNOLA
Sud;Puglia;FG;C633;CHIEUTI
Sud;Puglia;FG;D269;DELICETO
Sud;Puglia;FG;D459;FAETO
Sud;Puglia;FG;D643;FOGGIA
Sud;Puglia;FG;E332;ISCHITELLA
Sud;Puglia;FG;E363;ISOLE TREMITI
Sud;Puglia;FG;E549;LESINA
Sud;Puglia;FG;E716;LUCERA
Sud;Puglia;FG;E885;MANFREDONIA
Sud;Puglia;FG;E946;MARGHERITA DI SAVOIA
Sud;Puglia;FG;F059;MATTINATA
Sud;Puglia;FG;F538;MONTELEONE DI PUGLIA
Sud;Puglia;FG;F631;MONTE SANT ANGELO
Sud;Puglia;FG;F777;MOTTA MONTECORVINO
Sud;Puglia;FG;G125;ORSARA DI PUGLIA
Sud;Puglia;FG;G131;ORTA NOVA
Sud;Puglia;FG;G312;PANNI
Sud;Puglia;FG;G487;PESCHICI
Sud;Puglia;FG;G604;PIETRAMONTECORVINO
Sud;Puglia;FG;G761;POGGIO IMPERIALE
Sud;Puglia;FG;H287;RIGNANO GARGANICO
Sud;Puglia;FG;H467;ROCCHETTA SANT`ANTONIO
Sud;Puglia;FG;H480;RODI GARGANICO
Sud;Puglia;FG;H568;ROSETO VALFORTORE
Sud;Puglia;FG;H839;SAN FERDINANDO DI PUGLIA
Sud;Puglia;FG;H926;SAN GIOVANNI ROTONDO
Sud;Puglia;FG;H985;SAN MARCO IN LAMIS
Sud;Puglia;FG;H986;SAN MARCO LA CATOLA
Sud;Puglia;FG;I054;SANNICANDRO GARGANICO
Sud;Puglia;FG;I072;SAN PAOLO DI CIVITATE
Sud;Puglia;FG;I158;SAN SEVERO
Sud;Puglia;FG;I193;SANT`AGATA DI PUGLIA
Sud;Puglia;FG;I641;SERRACAPRIOLA
Sud;Puglia;FG;I962;STORNARA
Sud;Puglia;FG;I963;STORNARELLA
Sud;Puglia;FG;L273;TORREMAGGIORE
Sud;Puglia;FG;L447;TROIA
Sud;Puglia;FG;L842;VICO DEL GARGANO
Sud;Puglia;FG;L858;VIESTE
Sud;Puglia;FG;M131;VOLTURARA APPULA
Sud;Puglia;FG;M132;VOLTURINO
Sud;Puglia;FG;M266;ORDONA
Sud;Puglia;LE;A042;ACQUARICA DEL CAPO
Sud;Puglia;LE;A184;ALESSANO
Sud;Puglia;LE;A185;ALEZIO
Sud;Puglia;LE;A208;ALLISTE
Sud;Puglia;LE;A281;ANDRANO
Sud;Puglia;LE;A350;ARADEO
Sud;Puglia;LE;A425;ARNESANO
Sud;Puglia;LE;A572;BAGNOLO DEL SALENTO
Sud;Puglia;LE;B086;BOTRUGNO
Sud;Puglia;LE;B413;CALIMERA
Sud;Puglia;LE;B506;CAMPI SALENTINA
Sud;Puglia;LE;B616;CANNOLE
Sud;Puglia;LE;B690;CAPRARICA DI LECCE
Sud;Puglia;LE;B792;CARMIANO
Sud;Puglia;LE;B822;CARPIGNANO SALENTINO
Sud;Puglia;LE;B936;CASARANO
Sud;Puglia;LE;C334;CASTRI DI LECCE
Sud;Puglia;LE;C335;CASTRIGNANO DE' GRECI
Sud;Puglia;LE;C336;CASTRIGNANO DEL CAPO
Sud;Puglia;LE;C377;CAVALLINO
Sud;Puglia;LE;C865;COLLEPASSO
Sud;Puglia;LE;C978;COPERTINO
Sud;Puglia;LE;D006;CORIGLIANO D'OTRANTO
Sud;Puglia;LE;D044;CORSANO
Sud;Puglia;LE;D223;CURSI
Sud;Puglia;LE;D237;CUTROFIANO
Sud;Puglia;LE;D305;DISO
Sud;Puglia;LE;D851;GAGLIANO DEL CAPO
Sud;Puglia;LE;D862;GALATINA
Sud;Puglia;LE;D863;GALATONE
Sud;Puglia;LE;D883;GALLIPOLI
Sud;Puglia;LE;E053;GIUGGIANELLO
Sud;Puglia;LE;E061;GIURDIGNANO
Sud;Puglia;LE;E227;GUAGNANO
Sud;Puglia;LE;E506;LECCE
Sud;Puglia;LE;E538;LEQUILE
Sud;Puglia;LE;E563;LEVERANO
Sud;Puglia;LE;E629;LIZZANELLO
Sud;Puglia;LE;E815;MAGLIE
Sud;Puglia;LE;E979;MARTANO
Sud;Puglia;LE;E984;MARTIGNANO
Sud;Puglia;LE;F054;MATINO
Sud;Puglia;LE;F101;MELENDUGNO
Sud;Puglia;LE;F109;MELISSANO
Sud;Puglia;LE;F117;MELPIGNANO
Sud;Puglia;LE;F194;MIGGIANO
Sud;Puglia;LE;F221;MINERVINO DI LECCE
Sud;Puglia;LE;F604;MONTERONI DI LECCE
Sud;Puglia;LE;F623;MONTESANO SALENTINO
Sud;Puglia;LE;F716;MORCIANO DI LEUCA
Sud;Puglia;LE;F816;MURO LECCESE
Sud;Puglia;LE;F842;NARDO'
Sud;Puglia;LE;F881;NEVIANO
Sud;Puglia;LE;F916;NOCIGLIA
Sud;Puglia;LE;F970;NOVOLI
Sud;Puglia;LE;G136;ORTELLE
Sud;Puglia;LE;G188;OTRANTO
Sud;Puglia;LE;G285;PALMARIGGI
Sud;Puglia;LE;G325;PARABITA
Sud;Puglia;LE;G378;PATU'
Sud;Puglia;LE;G751;POGGIARDO
Sud;Puglia;LE;H047;PRESICCE
Sud;Puglia;LE;H147;RACALE
Sud;Puglia;LE;H632;RUFFANO
Sud;Puglia;LE;H708;SALICE SALENTINO
Sud;Puglia;LE;H729;SALVE
Sud;Puglia;LE;H757;SANARICA
Sud;Puglia;LE;H793;SAN CESARIO DI LECCE
Sud;Puglia;LE;H826;SAN DONATO DI LECCE
Sud;Puglia;LE;I059;SANNICOLA
Sud;Puglia;LE;I115;SAN PIETRO IN LAMA
Sud;Puglia;LE;I172;SANTA CESAREA TERME
Sud;Puglia;LE;I549;SCORRANO
Sud;Puglia;LE;I559;SECLI'
Sud;Puglia;LE;I780;SOGLIANO CAVOUR
Sud;Puglia;LE;I800;SOLETO
Sud;Puglia;LE;I887;SPECCHIA
Sud;Puglia;LE;I923;SPONGANO
Sud;Puglia;LE;I930;SQUINZANO
Sud;Puglia;LE;I950;STERNATIA
Sud;Puglia;LE;L008;SUPERSANO
Sud;Puglia;LE;L010;SURANO
Sud;Puglia;LE;L011;SURBO
Sud;Puglia;LE;L064;TAURISANO
Sud;Puglia;LE;L074;TAVIANO
Sud;Puglia;LE;L166;TIGGIANO
Sud;Puglia;LE;L383;TREPUZZI
Sud;Puglia;LE;L419;TRICASE
Sud;Puglia;LE;L462;TUGLIE
Sud;Puglia;LE;L484;UGENTO
Sud;Puglia;LE;L485;UGGIANO LA CHIESA
Sud;Puglia;LE;L711;VEGLIE
Sud;Puglia;LE;L776;VERNOLE
Sud;Puglia;LE;M187;ZOLLINO
Sud;Puglia;LE;M261;CASTRO
Sud;Puglia;LE;M263;PORTO CESAREO
Sud;Puglia;LE;M264;SAN CASSIANO
Sud;Puglia;TA;A514;AVETRANA
Sud;Puglia;TA;B808;CAROSINO
Sud;Puglia;TA;C136;CASTELLANETA
Sud;Puglia;TA;D171;CRISPIANO
Sud;Puglia;TA;D463;FAGGIANO
Sud;Puglia;TA;D754;FRAGAGNANO
Sud;Puglia;TA;E036;GINOSA
Sud;Puglia;TA;E205;GROTTAGLIE
Sud;Puglia;TA;E469;LATERZA
Sud;Puglia;TA;E537;LEPORANO
Sud;Puglia;TA;E630;LIZZANO
Sud;Puglia;TA;E882;MANDURIA
Sud;Puglia;TA;E986;MARTINA FRANCA
Sud;Puglia;TA;E995;MARUGGIO
Sud;Puglia;TA;F027;MASSAFRA
Sud;Puglia;TA;F531;MONTEIASI
Sud;Puglia;TA;F563;MONTEMESOLA
Sud;Puglia;TA;F587;MONTEPARANO
Sud;Puglia;TA;F784;MOTTOLA
Sud;Puglia;TA;G251;PALAGIANELLO
Sud;Puglia;TA;G252;PALAGIANO
Sud;Puglia;TA;H090;PULSANO
Sud;Puglia;TA;H409;ROCCAFORZATA
Sud;Puglia;TA;H882;SAN GIORGIO IONICO
Sud;Puglia;TA;I018;S MARZANO DI S GIUSEPPE
Sud;Puglia;TA;I467;SAVA
Sud;Puglia;TA;L049;TARANTO
Sud;Puglia;TA;L294;TORRICELLA
Sud;Puglia;TA;M298;STATTE
